Symbol,Time,Open,High,Low,Latest,Change,%Change,Volume
ATAI,2021-06-21,20.8,21.88,19.77,19.89,0.44,+2.26%,2153300
ATAI,2021-06-22,20.0212,20.0212,18.0206,18.82,-1.07,-5.38%,984900
ATAI,2021-06-23,18.82,19.3,18.27,18.38,-0.44,-2.34%,545000
ATAI,2021-06-24,18.43,18.6001,17.5001,18,-0.38,-2.07%,422600
ATAI,2021-06-25,17.69,17.9499,16.86,16.94,-1.06,-5.89%,745100
ATAI,2021-06-28,17.36,18.34,17.195,18.33,1.39,+8.21%,698900
ATAI,2021-06-29,18.65,18.98,17.82,17.94,-0.39,-2.13%,607700
ATAI,2021-06-30,17.9,18.7,17.9,18.5,0.56,+3.12%,247600
ATAI,2021-07-01,18.51,18.85,17.1301,17.81,-0.69,-3.73%,387100
ATAI,2021-07-02,18.09,18.3689,17.67,18.03,0.22,+1.24%,293800
ATAI,2021-07-06,18.88,18.88,17.7,17.86,-0.17,-0.94%,237800
ATAI,2021-07-07,17.85,18.37,17.4,17.5,-0.36,-2.02%,230300
ATAI,2021-07-08,17.28,20.44,17.08,19.48,1.98,+11.31%,820200
ATAI,2021-07-09,19.45,19.73,18.58,18.58,-0.9,-4.62%,446200
ATAI,2021-07-12,18.89,19.34,18.61,19,0.42,+2.26%,206500
ATAI,2021-07-13,19.45,20.45,18,18.77,-0.23,-1.21%,1299300
ATAI,2021-07-14,18.92,19.3,17.62,17.81,-0.96,-5.11%,508900
ATAI,2021-07-15,17.76,18.39,17.54,18.09,0.28,+1.57%,367600
ATAI,2021-07-16,18.09,18.39,17.37,17.38,-0.71,-3.92%,228800
ATAI,2021-07-19,17.38,17.38,16.71,17.01,-0.37,-2.13%,336700
ATAI,2021-07-20,17.09,17.65,16.9,17.59,0.58,+3.41%,159800
ATAI,2021-07-21,17.46,17.5,16.9,16.99,-0.6,-3.41%,283800
ATAI,2021-07-22,17.09,17.5299,16.9,17.26,0.27,+1.59%,142700
ATAI,2021-07-23,17.19,17.42,17.01,17.38,0.12,+0.70%,84400
ATAI,2021-07-26,17.8437,17.8437,16.03,16.25,-1.13,-6.50%,570900
ATAI,2021-07-27,17,17,15.88,16.29,0.04,+0.25%,418800
ATAI,2021-07-28,16.3,16.63,15.92,16.23,-0.06,-0.37%,273200
ATAI,2021-07-29,16.06,16.3299,15.9,16.06,-0.17,-1.05%,257300
ATAI,2021-07-30,16.12,16.12,14.42,15.5,-0.56,-3.49%,605900
ATAI,2021-08-02,15.8,16.04,15.26,15.64,0.14,+0.90%,344300
ATAI,2021-08-03,15.84,15.84,14.95,14.97,-0.67,-4.28%,162700
ATAI,2021-08-04,14.83,15.04,14.37,14.62,-0.35,-2.34%,256500
ATAI,2021-08-05,14.56,14.7842,13.89,14.7,0.08,+0.55%,377700
ATAI,2021-08-06,15.06,15.3899,14.135,14.38,-0.32,-2.18%,373300
ATAI,2021-08-09,14.27,14.4,13.72,14.3,-0.08,-0.56%,279600
ATAI,2021-08-10,14.56,14.83,14.2,14.55,0.25,+1.75%,197100
ATAI,2021-08-11,14.81,15.0632,13.82,13.95,-0.6,-4.12%,315800
ATAI,2021-08-12,14.24,14.24,13.54,14.1,0.15,+1.08%,338200
ATAI,2021-08-13,14.01,14.4862,13.54,13.62,-0.48,-3.40%,355300
ATAI,2021-08-16,13.13,15.5,13.13,14.75,1.13,+8.30%,1212300
ATAI,2021-08-17,14.88,15.9199,14.32,15.39,0.64,+4.34%,425900
ATAI,2021-08-18,15.31,15.94,15.31,15.7,0.31,+2.01%,250900
ATAI,2021-08-19,15.51,15.7,14.5,14.57,-1.13,-7.20%,139800
ATAI,2021-08-20,14.78,14.92,14.51,14.84,0.27,+1.85%,149200
ATAI,2021-08-23,15.45,16.65,15.25,16.06,1.22,+8.22%,688900
ATAI,2021-08-24,16.53,16.58,16.16,16.19,0.13,+0.81%,240800
ATAI,2021-08-25,16.4,16.6,16.151,16.48,0.29,+1.79%,156700
ATAI,2021-08-26,16.5,16.85,16.14,16.4,-0.08,-0.49%,136600
ATAI,2021-08-27,16.26,16.87,16.23,16.6,0.2,+1.22%,155100
ATAI,2021-08-30,16.93,17,15.8682,15.93,-0.67,-4.04%,195900
ATAI,2021-08-31,16.11,16.45,15.72,16.38,0.45,+2.82%,138300
ATAI,2021-09-01,17.17,17.5,16.51,16.83,0.45,+2.75%,238600
ATAI,2021-09-02,17,17.48,16.7,17.25,0.42,+2.50%,296400
ATAI,2021-09-03,17.47,17.47,16.96,17.16,-0.09,-0.52%,190500
ATAI,2021-09-07,17.39,17.87,16.84,17.84,0.68,+3.96%,381100
ATAI,2021-09-08,17.71,17.9,16.85,17.82,-0.02,-0.11%,291800
ATAI,2021-09-09,17.81,17.84,16.85,16.97,-0.85,-4.77%,203200
ATAI,2021-09-10,17.15,17.15,16.14,16.46,-0.51,-3.01%,289700
ATAI,2021-09-13,16.69,16.82,15.5,15.63,-0.83,-5.04%,213600
ATAI,2021-09-14,15.43,15.94,15.22,15.61,-0.02,-0.13%,248700
ATAI,2021-09-15,15.5,15.92,15.1229,15.19,-0.42,-2.69%,282800
ATAI,2021-09-16,15.21,15.56,14.85,15.23,0.04,+0.26%,250200
ATAI,2021-09-17,15.96,16.51,15.5,16.42,1.19,+7.81%,557200
ATAI,2021-09-20,15.76,16.16,15.3801,15.65,-0.77,-4.69%,365200
ATAI,2021-09-21,15.75,16.18,15.5,16.05,0.4,+2.56%,233400
ATAI,2021-09-22,16,16.43,15.91,16.35,0.3,+1.87%,277600
ATAI,2021-09-23,16.52,16.59,16.07,16.28,-0.07,-0.43%,264100
ATAI,2021-09-24,16.08,16.33,15.81,16,-0.28,-1.72%,235600
ATAI,2021-09-27,15.9,16.15,15.36,15.68,-0.32,-2.00%,230500
ATAI,2021-09-28,15.49,15.645,15.1704,15.53,-0.15,-0.96%,250900
ATAI,2021-09-29,15.5,15.65,14.7,14.79,-0.74,-4.76%,266600
ATAI,2021-09-30,14.7,14.82,14.31,14.79,0,0.00%,147800
ATAI,2021-10-01,14.68,14.68,13.77,13.86,-0.93,-6.29%,481700
ATAI,2021-10-04,13.9,13.985,13.02,13.28,-0.58,-4.18%,296200
ATAI,2021-10-05,13.19,13.57,12.85,13.49,0.21,+1.58%,440200
ATAI,2021-10-06,13.48,13.52,12.95,13,-0.49,-3.63%,179800
ATAI,2021-10-07,13.01,13.31,12.85,13.17,0.17,+1.31%,247100
ATAI,2021-10-08,13.19,13.35,12.3501,12.55,-0.62,-4.71%,361100
ATAI,2021-10-11,12.6,12.88,12.36,12.58,0.03,+0.24%,220400
ATAI,2021-10-12,12.69,12.95,12.39,12.43,-0.15,-1.19%,141600
ATAI,2021-10-13,12.59,12.84,12.12,12.76,0.33,+2.65%,176900
ATAI,2021-10-14,13.12,13.26,12.76,12.97,0.21,+1.65%,144100
ATAI,2021-10-15,13.18,13.5,13,13.5,0.53,+4.09%,174500
ATAI,2021-10-18,13.99,14.16,13.34,13.99,0.49,+3.63%,622300
ATAI,2021-10-19,14.39,14.68,13.7567,14.66,0.67,+4.79%,347600
ATAI,2021-10-20,14.54,14.85,14.18,14.64,-0.02,-0.14%,164500
ATAI,2021-10-21,14.7,15.29,14.68,15.17,0.53,+3.62%,255500
ATAI,2021-10-22,15,15.31,14.02,15.25,0.08,+0.53%,356300
ATAI,2021-10-25,15.34,15.3847,13.7,14.12,-1.13,-7.41%,554500
ATAI,2021-10-26,14.43,14.76,13.495,13.74,-0.38,-2.69%,542600
ATAI,2021-10-27,13.77,14.455,13.5,14.32,0.58,+4.22%,294400
ATAI,2021-10-28,14.22,14.405,14,14.18,-0.14,-0.98%,228200
ATAI,2021-10-29,14.12,14.9907,14.07,14.59,0.41,+2.89%,293600
ATAI,2021-11-01,14.62,15.72,14.5,15.52,0.93,+6.37%,853400
ATAI,2021-11-02,16.21,17.11,15.06,17,1.48,+9.54%,769600
ATAI,2021-11-03,17.44,17.81,16.55,17.25,0.25,+1.47%,1072100
ATAI,2021-11-04,17.21,17.81,17.06,17.8,0.55,+3.19%,419400
ATAI,2021-11-05,17.64,17.75,16.7254,17.18,-0.62,-3.48%,424800
ATAI,2021-11-08,17.23,17.655,16.64,16.7,-0.48,-2.79%,364600
ATAI,2021-11-09,16.23,16.365,13.8,15.37,-1.33,-7.96%,1550500
ATAI,2021-11-10,15.48,16.1,14.6922,14.85,-0.52,-3.38%,381700
ATAI,2021-11-11,14.96,15.3,14.02,14.57,-0.28,-1.89%,413800
ATAI,2021-11-12,14.5,15.03,14.36,14.92,0.35,+2.40%,427700
ATAI,2021-11-15,14.75,15.115,12.38,12.85,-2.07,-13.87%,1552600
ATAI,2021-11-16,13,13.32,12.25,12.28,-0.57,-4.44%,703100
ATAI,2021-11-17,12.35,12.4304,12.01,12.2,-0.08,-0.65%,814900
ATAI,2021-11-18,12.2,12.32,10.94,11.26,-0.94,-7.70%,970600
ATAI,2021-11-19,11.4,11.91,11.2,11.65,0.39,+3.46%,393200
ATAI,2021-11-22,11.87,12.27,10.87,11.17,-0.48,-4.12%,719200
ATAI,2021-11-23,11.26,11.4,10.6,10.85,-0.32,-2.86%,1852300
ATAI,2021-11-24,10.91,11.43,10.45,11.31,0.46,+4.24%,792200
ATAI,2021-11-26,11.38,11.54,10.87,11.19,-0.12,-1.06%,338700
ATAI,2021-11-29,11.25,11.4,10.69,10.99,-0.2,-1.79%,576900
ATAI,2021-11-30,11.18,11.27,10.47,10.98,-0.01,-0.09%,484100
ATAI,2021-12-01,11.02,11.34,10.8,10.92,-0.06,-0.55%,254000
ATAI,2021-12-02,10.76,11.92,10.76,11.14,0.22,+2.01%,473100
ATAI,2021-12-03,11.14,11.32,10.29,10.58,-0.56,-5.03%,585900
ATAI,2021-12-06,10.63,10.9,10.25,10.58,0,0.00%,410100
ATAI,2021-12-07,10.6,11.33,10.6,11.18,0.6,+5.67%,444700
ATAI,2021-12-08,11.08,11.47,10.79,11.38,0.2,+1.79%,268300
ATAI,2021-12-09,11.49,11.8196,10.73,10.8,-0.58,-5.10%,306700
ATAI,2021-12-10,10.7,11.2,10.7,10.83,0.03,+0.28%,333000
ATAI,2021-12-13,11.03,11.455,10.65,11.02,0.19,+1.75%,296100
ATAI,2021-12-14,10.69,11.02,10,10.02,-1.,-9.07%,662400
ATAI,2021-12-15,10.1,10.125,6.6,6.82,-3.2,-31.94%,7789200
ATAI,2021-12-16,7.5,8.04,7.1,7.58,0.76,+11.14%,3855900
ATAI,2021-12-17,7.5,8.25,7.13,7.99,0.41,+5.41%,3616800
ATAI,2021-12-20,7.97,8.59,7.94,8.03,0.04,+0.50%,1267200
ATAI,2021-12-21,8.02,8.55,7.71,8.34,0.31,+3.86%,1224800
ATAI,2021-12-22,8.29,8.45,7.81,7.83,-0.51,-6.12%,950300
ATAI,2021-12-23,7.83,7.85,7.27,7.72,-0.11,-1.40%,1665900
ATAI,2021-12-27,7.38,8.15,7.38,7.99,0.27,+3.50%,1201200
ATAI,2021-12-28,7.8,7.96,7.29,7.33,-0.66,-8.26%,773300
ATAI,2021-12-29,7.33,7.58,7.23,7.49,0.16,+2.18%,685900
ATAI,2021-12-30,7.63,7.8,7.33,7.35,-0.14,-1.87%,969600
ATAI,2021-12-31,7.26,7.66,7.26,7.63,0.28,+3.81%,1230300
ATAI,2022-01-03,7.7,7.98,7.365,7.66,0.03,+0.39%,706700
ATAI,2022-01-04,7.71,7.715,7.125,7.23,-0.43,-5.61%,1129800
ATAI,2022-01-05,7.1338,7.23,6.3501,6.44,-0.79,-10.93%,1005800
ATAI,2022-01-06,6.57,6.69,6.02,6.6,0.16,+2.48%,1593800
ATAI,2022-01-07,6.5651,6.8999,6.39,6.42,-0.18,-2.73%,1336400
ATAI,2022-01-10,6.39,6.43,5.9,6.38,-0.04,-0.62%,1280600
ATAI,2022-01-11,6.84,7.02,6.4601,6.74,0.36,+5.64%,851900
ATAI,2022-01-12,6.96,6.98,6.47,6.66,-0.08,-1.19%,1453100
ATAI,2022-01-13,6.61,6.65,6.11,6.22,-0.44,-6.61%,866700
ATAI,2022-01-14,6.03,6.17,5.76,5.96,-0.26,-4.18%,1009900
ATAI,2022-01-18,5.81,5.87,5.29,5.39,-0.57,-9.56%,1976400
ATAI,2022-01-19,5.45,5.93,5.45,5.58,0.19,+3.53%,1075000
ATAI,2022-01-20,5.58,5.8883,5.41,5.55,-0.03,-0.54%,1539200
ATAI,2022-01-21,5.5,5.55,5.2,5.26,-0.29,-5.23%,697400
ATAI,2022-01-24,5.03,5.15,4.66,5.14,-0.12,-2.28%,1204000
ATAI,2022-01-25,5.03,5.15,4.79,5.06,-0.08,-1.56%,1232000
ATAI,2022-01-26,5.22,5.4,4.85,4.88,-0.18,-3.56%,1034700
ATAI,2022-01-27,4.96,5.0699,4.635,4.66,-0.22,-4.51%,655200
ATAI,2022-01-28,4.75,5,4.62,4.94,0.28,+6.01%,993500
ATAI,2022-01-31,4.912,5.36,4.91,5.33,0.39,+7.89%,750200
ATAI,2022-02-01,5.5,5.51,5.21,5.48,0.15,+2.81%,776000
ATAI,2022-02-02,5.58,5.67,5.25,5.32,-0.16,-2.92%,738300
ATAI,2022-02-03,5.07,5.32,4.99,5.05,-0.27,-5.08%,806100
ATAI,2022-02-04,5.06,5.15,4.9,5.13,0.08,+1.58%,789000
ATAI,2022-02-07,5.18,5.3,5.08,5.22,0.09,+1.75%,288600
ATAI,2022-02-08,5.42,5.42,4.99,5.04,-0.18,-3.45%,655700
ATAI,2022-02-09,5.15,5.86,5.08,5.76,0.72,+14.29%,1611000
ATAI,2022-02-10,5.99,6.14,5.67,5.75,-0.01,-0.17%,2079700
ATAI,2022-02-11,5.74,5.97,5.52,5.54,-0.21,-3.65%,878500
ATAI,2022-02-14,5.56,5.8,5.52,5.61,0.07,+1.26%,807400
ATAI,2022-02-15,5.94,6.07,5.5,5.9,0.29,+5.17%,1070700
ATAI,2022-02-16,5.78,6.32,5.71,6.24,0.34,+5.76%,981700
ATAI,2022-02-17,6.06,6.18,5.58,5.71,-0.53,-8.49%,1794600
ATAI,2022-02-18,5.88,5.95,5.71,5.79,0.08,+1.40%,997400
ATAI,2022-02-22,5.7,5.89,5.42,5.48,-0.31,-5.35%,1125300
ATAI,2022-02-23,5.66,5.66,5.2,5.22,-0.26,-4.74%,805800
ATAI,2022-02-24,4.93,5.45,4.81,5.42,0.2,+3.83%,643900
ATAI,2022-02-25,5.44,5.56,5.365,5.53,0.11,+2.03%,548400
ATAI,2022-02-28,5.49,5.8,5.4,5.74,0.21,+3.80%,770500
ATAI,2022-03-01,5.7,5.99,5.66,5.8,0.06,+1.05%,491100
ATAI,2022-03-02,5.8,5.8,5.43,5.65,-0.15,-2.59%,439500
ATAI,2022-03-03,5.77,5.81,5.45,5.56,-0.09,-1.59%,750000
ATAI,2022-03-04,5.45,5.5,5.0805,5.12,-0.44,-7.91%,589800
ATAI,2022-03-07,5.06,5.19,4.92,4.97,-0.15,-2.93%,548000
ATAI,2022-03-08,4.97,5.26,4.83,5.04,0.07,+1.41%,658000
ATAI,2022-03-09,5.15,5.57,5.1,5.56,0.52,+10.32%,640300
ATAI,2022-03-10,5.46,5.53,5.2,5.36,-0.2,-3.60%,852000
ATAI,2022-03-11,5.4,5.4,5.17,5.22,-0.14,-2.61%,498800
ATAI,2022-03-14,5.22,5.23,4.97,5.07,-0.15,-2.87%,750000
ATAI,2022-03-15,5.01,5.1,4.81,4.94,-0.13,-2.56%,677300
ATAI,2022-03-16,5.01,5.28,4.97,5.2,0.26,+5.26%,1174500
ATAI,2022-03-17,5.22,5.58,5.03,5.53,0.33,+6.35%,731600
ATAI,2022-03-18,5.42,5.798,5.42,5.65,0.12,+2.17%,952200
ATAI,2022-03-21,5.74,5.74,5.06,5.28,-0.37,-6.55%,1170100
ATAI,2022-03-22,5.3,5.58,5.2501,5.55,0.27,+5.11%,812400
ATAI,2022-03-23,5.43,5.49,5.15,5.16,-0.39,-7.03%,1006100
ATAI,2022-03-24,5.2,5.25,4.96,5.14,-0.02,-0.39%,828800
ATAI,2022-03-25,5.2,5.2,4.95,5.07,-0.07,-1.36%,696600
ATAI,2022-03-28,5.14,5.19,4.82,4.97,-0.1,-1.97%,782900
ATAI,2022-03-29,5.02,5.44,5.01,5.42,0.45,+9.05%,1095100
ATAI,2022-03-30,5.21,5.6,5.09,5.34,-0.08,-1.48%,1278700
ATAI,2022-03-31,5.3,5.34,5.025,5.09,-0.25,-4.68%,778000
ATAI,2022-04-01,5.08,5.34,5.05,5.32,0.23,+4.52%,801300
ATAI,2022-04-04,5.33,5.4,5.16,5.31,-0.01,-0.19%,1758600
ATAI,2022-04-05,5.27,5.42,4.97,5.065,-0.245,-4.61%,1313200
ATAI,2022-04-06,4.96,5.05,4.835,4.92,-0.145,-2.86%,836400
ATAI,2022-04-07,4.95,4.95,4.62,4.87,-0.05,-1.02%,700100
ATAI,2022-04-08,4.89,5.02,4.695,4.95,0.08,+1.64%,754400
ATAI,2022-04-11,4.92,4.96,4.7701,4.81,-0.14,-2.83%,678600
ATAI,2022-04-12,4.85,4.99,4.84,4.92,0.11,+2.29%,607600
ATAI,2022-04-13,5.11,5.31,5.06,5.19,0.27,+5.49%,1110900
ATAI,2022-04-14,5.22,5.44,5.13,5.32,0.13,+2.50%,491000
ATAI,2022-04-18,5.34,5.41,5.06,5.11,-0.21,-3.95%,466800
ATAI,2022-04-19,5.16,5.29,5,5.19,0.08,+1.57%,1022600
ATAI,2022-04-20,5.22,5.22,5.01,5.09,-0.1,-1.93%,720600
ATAI,2022-04-21,5.18,5.2,4.87,4.88,-0.21,-4.13%,830800
ATAI,2022-04-22,4.88,4.9,4.76,4.78,-0.1,-2.05%,656800
ATAI,2022-04-25,4.72,5,4.7111,4.97,0.19,+3.97%,790100
ATAI,2022-04-26,4.96,5,4.58,4.6,-0.37,-7.44%,631300
ATAI,2022-04-27,4.64,4.77,4.5301,4.6,0,0.00%,345300
ATAI,2022-04-28,4.6,4.64,4.22,4.42,-0.18,-3.91%,623900
ATAI,2022-04-29,4.43,4.66,4.28,4.29,-0.13,-2.94%,495100
ATAI,2022-05-02,4.3,4.6,4.19,4.58,0.29,+6.76%,1175600
ATAI,2022-05-03,4.76,4.8,4.29,4.4,-0.18,-3.93%,1087400
ATAI,2022-05-04,4.43,4.44,4.12,4.38,-0.02,-0.45%,873200
ATAI,2022-05-05,4.35,4.35,3.975,4.01,-0.37,-8.45%,1089800
ATAI,2022-05-06,4,4.0499,3.67,3.86,-0.15,-3.74%,599200
ATAI,2022-05-09,3.78,3.78,3.33,3.34,-0.52,-13.47%,1024200
ATAI,2022-05-10,3.49,3.6,3.3101,3.39,0.05,+1.50%,1545700
ATAI,2022-05-11,3.38,3.4,3.05,3.13,-0.26,-7.67%,1489300
ATAI,2022-05-12,3.06,3.35,3.05,3.25,0.12,+3.83%,1692000
ATAI,2022-05-13,3.33,3.73,3.33,3.64,0.39,+12.00%,1027200
ATAI,2022-05-16,3.7,4.13,3.55,4.04,0.4,+10.99%,965200
ATAI,2022-05-17,4.15,4.22,3.98,4.12,0.08,+1.98%,616200
ATAI,2022-05-18,4.08,4.19,3.86,3.92,-0.2,-4.85%,686200
ATAI,2022-05-19,3.9,4.145,3.9,3.97,0.05,+1.28%,474200
ATAI,2022-05-20,4,4.09,3.835,4,0.03,+0.76%,648500
ATAI,2022-05-23,4.03,4.08,3.835,3.87,-0.13,-3.25%,328500
ATAI,2022-05-24,3.82,3.84,3.6701,3.77,-0.1,-2.58%,482200
ATAI,2022-05-25,3.72,3.89,3.68,3.84,0.07,+1.86%,935300
ATAI,2022-05-26,3.83,4.05,3.825,3.9,0.06,+1.56%,503300
ATAI,2022-05-27,3.93,4.09,3.93,4.07,0.17,+4.36%,873200
ATAI,2022-05-31,4.1,4.46,3.86,3.98,-0.09,-2.21%,3143400
ATAI,2022-06-01,3.98,3.98,3.625,3.65,-0.33,-8.29%,711500
ATAI,2022-06-02,3.64,3.8,3.57,3.74,0.09,+2.47%,684200
ATAI,2022-06-03,3.73,3.75,3.57,3.69,-0.05,-1.34%,713900
ATAI,2022-06-06,3.76,3.79,3.32,3.4,-0.29,-7.86%,837500
ATAI,2022-06-07,3.41,3.7,3.4,3.7,0.3,+8.82%,634300
ATAI,2022-06-08,3.64,3.84,3.62,3.64,-0.06,-1.62%,432700
ATAI,2022-06-09,3.62,3.62,3.33,3.37,-0.27,-7.42%,851100
ATAI,2022-06-10,3.31,3.3668,3.16,3.29,-0.08,-2.37%,695100
ATAI,2022-06-13,3.12,3.14,2.97,3.03,-0.26,-7.90%,856000
ATAI,2022-06-14,3.02,3.25,2.95,3.23,0.2,+6.60%,801200
ATAI,2022-06-15,3.31,3.4,3.23,3.31,0.08,+2.48%,1014200
ATAI,2022-06-16,3.22,3.27,3.04,3.11,-0.2,-6.04%,1009400
ATAI,2022-06-17,3.12,3.35,3.12,3.25,0.14,+4.50%,813900
ATAI,2022-06-21,3.36,3.47,3.31,3.36,0.11,+3.38%,634700
ATAI,2022-06-22,3.28,3.6,3.28,3.5,0.14,+4.17%,994200
ATAI,2022-06-23,3.55,3.66,3.455,3.65,0.15,+4.29%,346100
ATAI,2022-06-24,3.69,3.805,3.57,3.79,0.14,+3.84%,689000
ATAI,2022-06-27,3.81,3.81,3.6,3.66,-0.13,-3.43%,526000
ATAI,2022-06-28,3.67,3.72,3.54,3.62,-0.04,-1.09%,444400
ATAI,2022-06-29,3.59,3.71,3.5,3.68,0.06,+1.66%,429200
ATAI,2022-06-30,3.61,3.68,3.5,3.64,-0.04,-1.09%,431200
ATAI,2022-07-01,3.64,3.71,3.6,3.65,0.01,+0.27%,360600
ATAI,2022-07-05,3.61,3.71,3.5,3.68,0.03,+0.82%,785400
ATAI,2022-07-06,3.7,4.08,3.65,3.98,0.3,+8.15%,1301800
ATAI,2022-07-07,4,4.29,3.9,4.27,0.29,+7.29%,1221500
ATAI,2022-07-08,4.23,4.38,4.1,4.31,0.04,+0.94%,664200
ATAI,2022-07-11,4.27,4.29,4.138,4.22,-0.09,-2.09%,825300
ATAI,2022-07-12,4.23,4.23,3.98,4.18,-0.04,-0.95%,1069300
ATAI,2022-07-13,4.11,4.33,4.06,4.19,0.01,+0.24%,740300
ATAI,2022-07-14,4.18,4.26,4.07,4.15,-0.04,-0.95%,638900
ATAI,2022-07-15,4.21,4.28,4.06,4.25,0.1,+2.41%,803000
ATAI,2022-07-18,4.33,4.35,4.145,4.2,-0.05,-1.18%,1007200
ATAI,2022-07-19,4.3,4.51,4.2,4.41,0.21,+5.00%,916800
ATAI,2022-07-20,4.4,4.41,4.26,4.35,-0.06,-1.36%,1261100
ATAI,2022-07-21,4.4,4.4,4.02,4.03,-0.32,-7.36%,819900
ATAI,2022-07-22,4,4.03,3.89,3.89,-0.14,-3.47%,1112900
ATAI,2022-07-25,3.97,3.98,3.68,3.78,-0.11,-2.83%,797100
ATAI,2022-07-26,3.75,3.79,3.56,3.7,-0.08,-2.12%,840100
ATAI,2022-07-27,3.74,3.91,3.71,3.89,0.19,+5.14%,736900
ATAI,2022-07-28,3.94,3.975,3.79,3.92,0.03,+0.77%,933200
ATAI,2022-07-29,3.92,4.0899,3.82,3.86,-0.06,-1.53%,912200
ATAI,2022-08-01,3.86,3.86,3.52,3.55,-0.31,-8.03%,852500
ATAI,2022-08-02,3.51,3.82,3.51,3.82,0.27,+7.61%,696900
ATAI,2022-08-03,3.93,4.09,3.8597,4,0.18,+4.71%,501300
ATAI,2022-08-04,4.06,4.115,4.02,4.11,0.11,+2.75%,498200
ATAI,2022-08-05,4.12,4.38,3.99,4.38,0.27,+6.57%,1815400
ATAI,2022-08-08,4.5,4.86,4.39,4.43,0.05,+1.14%,1753000
ATAI,2022-08-09,4.41,4.65,4.32,4.41,-0.02,-0.45%,676200
ATAI,2022-08-10,4.56,4.78,4.46,4.68,0.27,+6.12%,623500
ATAI,2022-08-11,4.68,4.75,4.38,4.43,-0.25,-5.34%,613400
ATAI,2022-08-12,4.45,4.68,4.43,4.58,0.15,+3.39%,420500
ATAI,2022-08-15,4.63,4.8,4.47,4.68,0.1,+2.18%,747700
ATAI,2022-08-16,4.76,4.8,4.5,4.77,0.09,+1.92%,727400
ATAI,2022-08-17,4.7,4.96,4.51,4.53,-0.24,-5.03%,650200
ATAI,2022-08-18,4.5,4.78,4.42,4.76,0.23,+5.08%,1066700
ATAI,2022-08-19,4.69,4.8407,4.47,4.52,-0.24,-5.04%,870700
ATAI,2022-08-22,4.41,4.465,4.22,4.32,-0.2,-4.42%,961700
ATAI,2022-08-23,4.32,4.51,4.25,4.42,0.1,+2.31%,690200
ATAI,2022-08-24,4.43,4.67,4.37,4.66,0.24,+5.43%,787000
ATAI,2022-08-25,4.7,4.91,4.63,4.87,0.21,+4.51%,777500
ATAI,2022-08-26,4.88,4.96,4.63,4.68,-0.19,-3.90%,673400
ATAI,2022-08-29,4.54,4.79,4.51,4.62,-0.06,-1.28%,633400
ATAI,2022-08-30,4.65,4.72,4.1999,4.28,-0.34,-7.36%,884600
ATAI,2022-08-31,4.29,4.54,4.28,4.5,0.22,+5.14%,710800
ATAI,2022-09-01,4.46,4.4887,4.33,4.39,-0.11,-2.44%,957400
ATAI,2022-09-02,4.4,4.44,4.28,4.36,-0.03,-0.68%,572500
ATAI,2022-09-06,4.43,4.45,4.16,4.21,-0.15,-3.44%,1422900
ATAI,2022-09-07,4.2,4.35,4.12,4.29,0.08,+1.90%,462100
ATAI,2022-09-08,4.28,4.395,4.205,4.29,0,0.00%,444400
ATAI,2022-09-09,4.34,4.401,4.26,4.35,0.06,+1.40%,323700
ATAI,2022-09-12,4.38,4.52,4.21,4.29,-0.06,-1.38%,535000
ATAI,2022-09-13,4.25,4.25,3.94,3.98,-0.31,-7.23%,898700
ATAI,2022-09-14,3.96,4.03,3.87,4,0.02,+0.50%,450200
ATAI,2022-09-15,4,4.17,3.96,4.14,0.14,+3.50%,287200
ATAI,2022-09-16,4.04,4.08,3.785,3.86,-0.28,-6.76%,706100
ATAI,2022-09-19,3.81,3.9,3.66,3.7,-0.16,-4.15%,583300
ATAI,2022-09-20,3.66,3.7,3.53,3.67,-0.03,-0.81%,600300
ATAI,2022-09-21,3.7,3.7,3.38,3.44,-0.23,-6.27%,1016700
ATAI,2022-09-22,3.39,3.5,3.26,3.33,-0.11,-3.20%,661600
ATAI,2022-09-23,3.34,3.38,3.15,3.22,-0.11,-3.30%,796400
ATAI,2022-09-26,3.19,3.3697,3.14,3.14,-0.08,-2.48%,547000
ATAI,2022-09-27,3.19,3.44,3.19,3.39,0.25,+7.96%,707600
ATAI,2022-09-28,3.45,3.55,3.36,3.4,0.01,+0.29%,581200
ATAI,2022-09-29,3.36,3.36,3.17,3.25,-0.15,-4.41%,532300
ATAI,2022-09-30,3.14,3.42,3.14,3.31,0.06,+1.85%,525700
ATAI,2022-10-03,3.37,3.37,3.215,3.32,0.01,+0.30%,405900
ATAI,2022-10-04,3.44,3.63,3.395,3.46,0.14,+4.22%,700700
ATAI,2022-10-05,3.35,3.46,3.14,3.38,-0.08,-2.31%,645600
ATAI,2022-10-06,3.4,3.44,3.3,3.41,0.03,+0.89%,279700
ATAI,2022-10-07,3.38,3.405,3.29,3.37,-0.04,-1.17%,435500
ATAI,2022-10-10,3.38,3.3985,3.26,3.33,-0.04,-1.19%,419400
ATAI,2022-10-11,3.32,3.39,3.25,3.33,0,0.00%,360000
ATAI,2022-10-12,3.41,3.415,3.2,3.3,-0.03,-0.90%,381400
ATAI,2022-10-13,3.24,3.33,3.04,3.2,-0.1,-3.03%,785800
ATAI,2022-10-14,3.22,3.33,3,3.01,-0.19,-5.94%,531100
ATAI,2022-10-17,3.04,3.11,2.905,2.94,-0.07,-2.33%,917700
ATAI,2022-10-18,2.99,3.0258,2.73,2.83,-0.11,-3.74%,1449200
ATAI,2022-10-19,2.82,2.82,2.6,2.63,-0.2,-7.07%,899700
ATAI,2022-10-20,2.68,2.86,2.64,2.83,0.2,+7.60%,773800
ATAI,2022-10-21,2.79,2.87,2.72,2.86,0.03,+1.06%,497300
ATAI,2022-10-24,2.9,2.92,2.74,2.89,0.03,+1.05%,560200
ATAI,2022-10-25,3,3.0886,2.93,3.02,0.13,+4.50%,583200
ATAI,2022-10-26,3.05,3.13,2.9588,2.985,-0.035,-1.16%,536100
ATAI,2022-10-27,3,3.16,2.94,2.99,0.005,+0.17%,616600
ATAI,2022-10-28,3.03,3.0479,2.9528,3,0.01,+0.33%,296400
ATAI,2022-10-31,3.05,3.08,2.92,2.95,-0.05,-1.67%,881900
ATAI,2022-11-01,3.15,3.65,3.06,3.38,0.43,+14.58%,2972300
ATAI,2022-11-02,3.3,3.43,3.085,3.14,-0.24,-7.10%,919800
ATAI,2022-11-03,3.09,3.09,2.9415,2.98,-0.16,-5.10%,668600
ATAI,2022-11-04,3.03,3.09,2.95,3.01,0.03,+1.01%,684000
ATAI,2022-11-07,3,3,2.89,2.9,-0.11,-3.65%,541100
ATAI,2022-11-08,2.9,2.91,2.77,2.8,-0.1,-3.45%,816300
ATAI,2022-11-09,2.79,2.805,2.7135,2.72,-0.08,-2.86%,538900
ATAI,2022-11-10,2.9,3.045,2.74,2.93,0.21,+7.72%,1470100
ATAI,2022-11-11,2.94,2.94,2.71,2.75,-0.18,-6.14%,2160300
ATAI,2022-11-14,2.75,3,2.73,2.85,0.1,+3.64%,1503000
ATAI,2022-11-15,2.9,2.935,2.69,2.88,0.03,+1.05%,1839600
ATAI,2022-11-16,2.83,3,2.82,2.87,-0.01,-0.35%,899900
ATAI,2022-11-17,2.87,2.93,2.7401,2.8,-0.07,-2.44%,1009300
ATAI,2022-11-18,2.83,3.2,2.75,3.07,0.27,+9.64%,2751100
ATAI,2022-11-21,3.23,3.27,2.87,2.87,-0.2,-6.51%,2175600
ATAI,2022-11-22,2.91,2.97,2.79,2.92,0.05,+1.74%,1093700
ATAI,2022-11-23,3,3.28,2.96,3.17,0.25,+8.56%,1577600
ATAI,2022-11-25,3.17,3.17,3,3.09,-0.08,-2.52%,343400
ATAI,2022-11-28,3.09,3.16,2.95,3.01,-0.08,-2.59%,833000
ATAI,2022-11-29,3,3.3,2.96,3.16,0.15,+4.98%,1218200
ATAI,2022-11-30,3.16,3.545,3.16,3.53,0.37,+11.71%,2472700
ATAI,2022-12-01,3.53,3.59,3.28,3.34,-0.19,-5.38%,874200
ATAI,2022-12-02,3.3,3.5699,3.2415,3.55,0.21,+6.29%,815000
ATAI,2022-12-05,3.59,3.65,3.4295,3.48,-0.07,-1.97%,730000
ATAI,2022-12-06,3.56,3.56,3.1101,3.16,-0.32,-9.20%,1126200
ATAI,2022-12-07,3.09,3.225,3.0118,3.18,0.02,+0.63%,644800
ATAI,2022-12-08,3.22,3.335,3.133,3.29,0.11,+3.46%,883500
ATAI,2022-12-09,3.27,3.33,3.12,3.2,-0.09,-2.74%,740600
ATAI,2022-12-12,3.2,3.22,3,3.08,-0.12,-3.75%,1358200
ATAI,2022-12-13,3.17,3.17,2.99,3.1,0.02,+0.65%,1145600
ATAI,2022-12-14,3.1,3.12,2.99,3.1,0,0.00%,941600
ATAI,2022-12-15,3.05,3.1,2.98,3.06,-0.04,-1.29%,793500
ATAI,2022-12-16,3.06,3.12,3.03,3.09,0.03,+0.98%,1859200
ATAI,2022-12-19,3.1,3.1055,2.82,2.95,-0.14,-4.53%,1314600
ATAI,2022-12-20,2.89,3.02,2.87,2.98,0.03,+1.02%,543300
ATAI,2022-12-21,3,3.16,2.955,3.16,0.18,+6.04%,718900
ATAI,2022-12-22,3.14,3.14,2.97,3.04,-0.12,-3.80%,789800
ATAI,2022-12-23,2.96,2.96,2.61,2.67,-0.37,-12.17%,2233400
ATAI,2022-12-27,2.64,2.64,2.36,2.39,-0.28,-10.49%,2403800
ATAI,2022-12-28,2.45,2.568,2.34,2.38,-0.01,-0.42%,999600
ATAI,2022-12-29,2.38,2.62,2.36,2.57,0.19,+7.98%,825700
ATAI,2022-12-30,2.52,2.66,2.52,2.66,0.09,+3.50%,968700
ATAI,2023-01-03,2.71,2.75,2.58,2.65,-0.01,-0.38%,731700
ATAI,2023-01-04,2.66,2.755,2.52,2.7,0.05,+1.89%,842000
ATAI,2023-01-05,2.7,2.715,2.56,2.63,-0.07,-2.59%,505600
ATAI,2023-01-06,1.5,2,1.45,1.82,-0.81,-30.80%,7928200
ATAI,2023-01-09,1.85,1.86,1.625,1.65,-0.17,-9.34%,3388400
ATAI,2023-01-10,1.71,1.805,1.63,1.75,0.1,+6.06%,3961800
ATAI,2023-01-11,1.8,1.8,1.65,1.72,-0.03,-1.71%,1642100
ATAI,2023-01-12,1.75,1.86,1.68,1.83,0.11,+6.40%,3699500
ATAI,2023-01-13,1.8,1.81,1.73,1.8,-0.03,-1.64%,1692200
ATAI,2023-01-17,1.9,1.98,1.755,1.94,0.14,+7.78%,2409400
ATAI,2023-01-18,1.97,2.03,1.88,2.01,0.07,+3.61%,2208300
ATAI,2023-01-19,1.97,2.035,1.9,1.95,-0.06,-2.99%,1048400
ATAI,2023-01-20,1.95,1.96,1.88,1.9,-0.05,-2.56%,1225700
ATAI,2023-01-23,1.93,1.96,1.85,1.89,-0.01,-0.53%,2284000
ATAI,2023-01-24,1.89,1.955,1.88,1.91,0.02,+1.06%,1560600
ATAI,2023-01-25,1.93,1.93,1.83,1.87,-0.04,-2.09%,1030300
ATAI,2023-01-26,1.89,1.9,1.8,1.82,-0.05,-2.67%,839100
ATAI,2023-01-27,1.81,1.84,1.77,1.79,-0.03,-1.65%,1213700
ATAI,2023-01-30,1.82,1.87,1.72,1.74,-0.05,-2.79%,1158100
ATAI,2023-01-31,1.73,1.79,1.7146,1.78,0.04,+2.30%,778800
ATAI,2023-02-01,1.77,1.87,1.7333,1.84,0.06,+3.37%,1098800
ATAI,2023-02-02,1.87,2,1.86,1.96,0.12,+6.52%,1938300
ATAI,2023-02-03,1.98,1.98,1.82,1.87,-0.09,-4.59%,1549600
ATAI,2023-02-06,1.88,2.04,1.87,1.93,0.06,+3.21%,2300600
ATAI,2023-02-07,1.95,1.95,1.81,1.88,-0.05,-2.59%,1220600
ATAI,2023-02-08,1.89,1.905,1.79,1.81,-0.07,-3.72%,1151900
ATAI,2023-02-09,1.84,1.895,1.74,1.76,-0.05,-2.76%,1364200
ATAI,2023-02-10,1.8,1.8,1.72,1.75,-0.01,-0.57%,967400
ATAI,2023-02-13,1.78,1.805,1.7103,1.79,0.04,+2.29%,798700
ATAI,2023-02-14,1.79,1.82,1.74,1.79,0,0.00%,710800
ATAI,2023-02-15,1.77,1.81,1.74,1.8,0.01,+0.56%,710100
ATAI,2023-02-16,1.8,1.84,1.75,1.81,0.01,+0.56%,400400
ATAI,2023-02-17,1.81,1.915,1.8,1.89,0.08,+4.42%,664700
ATAI,2023-02-21,1.9,1.9,1.73,1.73,-0.16,-8.47%,754500
ATAI,2023-02-22,1.77,1.77,1.68,1.74,0.01,+0.58%,900100
ATAI,2023-02-23,1.78,1.78,1.65,1.7,-0.04,-2.30%,774200
ATAI,2023-02-24,1.71,1.71,1.6,1.62,-0.08,-4.71%,789200
ATAI,2023-02-27,1.63,1.7,1.63,1.66,0.04,+2.47%,829500
ATAI,2023-02-28,1.67,1.695,1.58,1.68,0.02,+1.20%,1227300
ATAI,2023-03-01,1.69,1.69,1.56,1.61,-0.07,-4.17%,1216100
ATAI,2023-03-02,1.58,1.605,1.54,1.55,-0.06,-3.73%,879100
ATAI,2023-03-03,1.55,1.59,1.51,1.56,0.01,+0.65%,1092500
ATAI,2023-03-06,1.57,1.67,1.53,1.56,0,0.00%,920500
ATAI,2023-03-07,1.56,1.56,1.45,1.51,-0.05,-3.21%,1096300
ATAI,2023-03-08,1.52,1.525,1.43,1.48,-0.03,-1.99%,615300
ATAI,2023-03-09,1.48,1.49,1.325,1.375,-0.105,-7.09%,1545100
ATAI,2023-03-10,1.37,1.3827,1.305,1.33,-0.045,-3.27%,1062310
ATAI,2023-03-13,1.32,1.32,1.22,1.25,-0.08,-6.02%,1702900
ATAI,2023-03-14,1.26,1.3,1.15,1.18,-0.07,-5.60%,1524800
ATAI,2023-03-15,1.18,1.245,1.14,1.23,0.05,+4.24%,949500
ATAI,2023-03-16,1.21,1.25,1.1615,1.25,0.02,+1.63%,768100
ATAI,2023-03-17,1.24,1.25,1.15,1.22,-0.03,-2.40%,868900
ATAI,2023-03-20,1.22,1.245,1.16,1.19,-0.03,-2.46%,962300
ATAI,2023-03-21,1.23,1.28,1.1795,1.23,0.04,+3.36%,673200
ATAI,2023-03-22,1.26,1.26,1.17,1.17,-0.06,-4.88%,698300
ATAI,2023-03-23,1.2,1.25,1.18,1.19,0.02,+1.71%,662400
ATAI,2023-03-24,1.2,1.26,1.18,1.25,0.06,+5.04%,960200
ATAI,2023-03-27,1.29,1.3999,1.268,1.37,0.12,+9.60%,1269700
ATAI,2023-03-28,1.4,1.41,1.3,1.33,-0.04,-2.92%,1791700
ATAI,2023-03-29,1.4,1.62,1.38,1.59,0.26,+19.55%,3141200
ATAI,2023-03-30,1.65,1.7,1.55,1.6,0.01,+0.63%,2747000
ATAI,2023-03-31,1.73,1.88,1.7,1.81,0.21,+13.13%,4340100
ATAI,2023-04-03,1.9,1.93,1.775,1.9,0.09,+4.97%,2424100
ATAI,2023-04-04,1.95,1.95,1.68,1.76,-0.14,-7.37%,1692400
ATAI,2023-04-05,1.76,1.7898,1.66,1.68,-0.08,-4.55%,706800
ATAI,2023-04-06,1.7,1.78,1.6401,1.78,0.1,+5.95%,1147200
ATAI,2023-04-10,1.77,1.77,1.65,1.69,-0.09,-5.06%,946800
ATAI,2023-04-11,1.76,1.8407,1.735,1.78,0.09,+5.33%,1389300
ATAI,2023-04-12,1.89,1.9101,1.77,1.82,0.04,+2.25%,1387500
ATAI,2023-04-13,1.82,2.05,1.8002,2,0.18,+9.89%,1848700
ATAI,2023-04-14,2.01,2.07,1.855,1.88,-0.12,-6.00%,1447600
ATAI,2023-04-17,1.88,1.995,1.87,1.95,0.07,+3.72%,845400
ATAI,2023-04-18,1.99,2.0499,1.842,2.01,0.06,+3.08%,1633400
ATAI,2023-04-19,2.04,2.08,1.86,2.05,0.04,+1.99%,2064600
ATAI,2023-04-20,2.05,2.2474,2.0311,2.19,0.14,+6.83%,2600600
ATAI,2023-04-21,2.25,2.25,2.14,2.17,-0.02,-0.91%,1684600
ATAI,2023-04-24,2.13,2.165,1.94,1.97,-0.2,-9.22%,1451600
ATAI,2023-04-25,1.95,1.9599,1.85,1.86,-0.11,-5.58%,759600
ATAI,2023-04-26,1.86,1.925,1.765,1.87,0.01,+0.54%,976500
ATAI,2023-04-27,1.88,1.9,1.8,1.87,0,0.00%,865600
ATAI,2023-04-28,1.87,1.985,1.84,1.91,0.04,+2.14%,729300
ATAI,2023-05-01,1.9,1.99,1.87,1.98,0.07,+3.66%,471300
ATAI,2023-05-02,1.96,2.01,1.87,1.89,-0.09,-4.55%,859000
ATAI,2023-05-03,1.92,1.955,1.865,1.9,0.01,+0.53%,545800
ATAI,2023-05-04,1.9,1.98,1.89,1.95,0.05,+2.63%,573200
ATAI,2023-05-05,1.98,2.04,1.95,2.01,0.06,+3.08%,570900
ATAI,2023-05-08,2,2.02,1.96,2.01,0,0.00%,669700
ATAI,2023-05-09,2,2.0799,1.93,1.96,-0.05,-2.49%,698100
ATAI,2023-05-10,1.98,2.02,1.95,2,0.04,+2.04%,658400
ATAI,2023-05-11,2,2.02,1.93,1.96,-0.04,-2.00%,599700
ATAI,2023-05-12,1.98,1.9997,1.895,1.9,-0.06,-3.06%,438800
ATAI,2023-05-15,1.89,2.075,1.89,2,0.1,+5.26%,927100
ATAI,2023-05-16,2,2,1.91,1.94,-0.06,-3.00%,535900
ATAI,2023-05-17,1.96,1.96,1.9,1.9,-0.04,-2.06%,545400
ATAI,2023-05-18,1.9,1.92,1.825,1.86,-0.04,-2.11%,814500
ATAI,2023-05-19,1.87,1.975,1.87,1.88,0.02,+1.08%,573700
ATAI,2023-05-22,1.9,1.96,1.89,1.96,0.08,+4.26%,503900
ATAI,2023-05-23,1.96,2.06,1.86,1.88,-0.08,-4.08%,1449700
ATAI,2023-05-24,1.9,1.9,1.78,1.81,-0.07,-3.72%,895500
ATAI,2023-05-25,1.81,1.83,1.74,1.77,-0.04,-2.21%,596100
ATAI,2023-05-26,1.79,1.82,1.72,1.77,0,0.00%,554300
ATAI,2023-05-30,1.8,1.88,1.76,1.79,0.02,+1.13%,487500
ATAI,2023-05-31,1.78,1.835,1.74,1.79,0,0.00%,964600
ATAI,2023-06-01,1.79,1.79,1.7101,1.72,-0.07,-3.91%,495600
ATAI,2023-06-02,1.73,1.795,1.69,1.76,0.04,+2.33%,478700
ATAI,2023-06-05,1.83,1.8473,1.75,1.82,0.06,+3.41%,433100
ATAI,2023-06-06,1.83,1.9,1.7901,1.9,0.08,+4.40%,517500
ATAI,2023-06-07,1.88,1.9,1.83,1.87,-0.03,-1.58%,589000
ATAI,2023-06-08,1.87,1.87,1.775,1.79,-0.08,-4.28%,562200
ATAI,2023-06-09,1.78,1.8292,1.74,1.75,-0.04,-2.23%,374000
ATAI,2023-06-12,1.75,1.83,1.74,1.77,0.02,+1.14%,577300
ATAI,2023-06-13,1.77,1.87,1.77,1.82,0.05,+2.82%,652200
ATAI,2023-06-14,1.8,1.84,1.74,1.78,-0.04,-2.20%,536200
ATAI,2023-06-15,1.76,1.8,1.735,1.79,0.01,+0.56%,672400
ATAI,2023-06-16,1.77,1.84,1.725,1.83,0.04,+2.23%,2226900
ATAI,2023-06-20,1.83,1.83,1.77,1.81,-0.02,-1.09%,541700
ATAI,2023-06-21,1.8,1.82,1.63,1.63,-0.18,-9.94%,2345400
ATAI,2023-06-22,1.65,1.655,1.52,1.55,-0.08,-4.91%,2746300
ATAI,2023-06-23,1.56,1.56,1.46,1.55,0,0.00%,1950800
ATAI,2023-06-26,1.56,1.56,1.44,1.44,-0.11,-7.10%,899300
ATAI,2023-06-27,1.45,1.53,1.44,1.52,0.08,+5.56%,744000
ATAI,2023-06-28,1.55,1.64,1.4909,1.64,0.12,+7.89%,1284100
ATAI,2023-06-29,1.66,1.66,1.56,1.63,-0.01,-0.61%,865400
ATAI,2023-06-30,1.66,1.75,1.65,1.72,0.09,+5.52%,1094800
ATAI,2023-07-03,1.75,1.9,1.73,1.89,0.17,+9.88%,775800
ATAI,2023-07-05,1.91,1.95,1.83,1.91,0.02,+1.06%,1534200
ATAI,2023-07-06,1.94,1.9599,1.86,1.9,-0.01,-0.52%,1301400
ATAI,2023-07-07,1.89,2.05,1.8816,2.04,0.14,+7.37%,1269800
ATAI,2023-07-10,2.04,2.3,2.03,2.24,0.2,+9.80%,2365700
ATAI,2023-07-11,2.26,2.3785,2.09,2.14,-0.1,-4.46%,5505800
ATAI,2023-07-12,2.23,2.23,1.94,1.96,-0.18,-8.41%,2494000
ATAI,2023-07-13,1.98,2.09,1.93,2.04,0.08,+4.08%,1084300
ATAI,2023-07-14,2.03,2.07,1.98,2.02,-0.02,-0.98%,730300
ATAI,2023-07-17,2.03,2.21,2,2.21,0.19,+9.41%,1279400
ATAI,2023-07-18,2.21,2.39,2.2009,2.28,0.07,+3.17%,1652800
ATAI,2023-07-19,2.29,2.32,2.13,2.16,-0.12,-5.26%,1078500
ATAI,2023-07-20,2.22,2.22,2.0597,2.07,-0.09,-4.17%,868700
ATAI,2023-07-21,2.09,2.13,1.8906,2.09,0.02,+0.97%,1022000
ATAI,2023-07-24,2.13,2.2415,2.07,2.07,-0.02,-0.96%,897200
ATAI,2023-07-25,2.04,2.06,1.9601,2,-0.07,-3.38%,661900
ATAI,2023-07-26,2,2.08,2,2.06,0.06,+3.00%,448600
ATAI,2023-07-27,2.08,2.125,2.03,2.04,-0.02,-0.97%,933500
ATAI,2023-07-28,2.06,2.1099,2.02,2.06,0.02,+0.98%,569300
ATAI,2023-07-31,2.06,2.11,2.02,2.09,0.03,+1.46%,497000
ATAI,2023-08-01,2.08,2.089,2.0012,2.05,-0.04,-1.91%,510300
ATAI,2023-08-02,2.01,2.019,1.96,1.99,-0.06,-2.93%,463400
ATAI,2023-08-03,1.96,1.99,1.92,1.93,-0.06,-3.02%,517100
ATAI,2023-08-04,1.94,1.9605,1.88,1.89,-0.04,-2.07%,635000
ATAI,2023-08-07,1.88,1.88,1.73,1.75,-0.14,-7.41%,1022000
ATAI,2023-08-08,1.77,1.79,1.64,1.75,0,0.00%,1319500
ATAI,2023-08-09,1.75,1.79,1.7,1.76,0.01,+0.57%,640100
ATAI,2023-08-10,1.75,1.805,1.7,1.71,-0.05,-2.84%,593700
ATAI,2023-08-11,1.72,1.73,1.68,1.68,-0.03,-1.75%,359800
ATAI,2023-08-14,1.74,1.75,1.62,1.66,-0.02,-1.19%,545900
ATAI,2023-08-15,1.63,1.66,1.6,1.61,-0.05,-3.01%,473600
ATAI,2023-08-16,1.6,1.6851,1.57,1.67,0.06,+3.73%,1041600
ATAI,2023-08-17,1.69,1.69,1.59,1.59,-0.08,-4.79%,361700
ATAI,2023-08-18,1.56,1.61,1.54,1.58,-0.01,-0.63%,626500
ATAI,2023-08-21,1.58,1.64,1.55,1.63,0.05,+3.16%,445700
ATAI,2023-08-22,1.64,1.67,1.6,1.63,0,0.00%,482000
ATAI,2023-08-23,1.63,1.665,1.59,1.6,-0.03,-1.84%,347300
ATAI,2023-08-24,1.59,1.6,1.52,1.56,-0.04,-2.50%,672200
ATAI,2023-08-25,1.56,1.575,1.525,1.54,-0.02,-1.28%,371900
ATAI,2023-08-28,1.55,1.595,1.55,1.58,0.04,+2.60%,270200
ATAI,2023-08-29,1.59,1.61,1.5401,1.56,-0.02,-1.27%,630900
ATAI,2023-08-30,1.53,1.56,1.52,1.54,-0.02,-1.28%,410800
ATAI,2023-08-31,1.53,1.58,1.52,1.53,-0.01,-0.65%,709600
ATAI,2023-09-01,1.53,1.57,1.51,1.54,0.01,+0.65%,606400
ATAI,2023-09-05,1.55,1.55,1.475,1.48,-0.06,-3.90%,667700
ATAI,2023-09-06,1.48,1.5,1.42,1.44,-0.04,-2.70%,598500
ATAI,2023-09-07,1.44,1.4699,1.41,1.45,0.01,+0.69%,530100
ATAI,2023-09-08,1.46,1.46,1.41,1.43,-0.02,-1.38%,424200
ATAI,2023-09-11,1.45,1.54,1.41,1.49,0.06,+4.20%,571800
ATAI,2023-09-12,1.49,1.49,1.44,1.44,-0.05,-3.36%,369000
ATAI,2023-09-13,1.47,1.47,1.41,1.41,-0.03,-2.08%,362100
ATAI,2023-09-14,1.43,1.45,1.4,1.45,0.04,+2.84%,344900
ATAI,2023-09-15,1.47,1.485,1.43,1.45,0,0.00%,639000
ATAI,2023-09-18,1.46,1.46,1.38,1.41,-0.04,-2.76%,512800
ATAI,2023-09-19,1.42,1.43,1.36,1.41,0,0.00%,425500
ATAI,2023-09-20,1.36,1.4,1.34,1.36,-0.05,-3.55%,476400
ATAI,2023-09-21,1.35,1.36,1.28,1.31,-0.05,-3.68%,692800
ATAI,2023-09-22,1.32,1.35,1.28,1.31,0,0.00%,380500
ATAI,2023-09-25,1.31,1.325,1.27,1.28,-0.03,-2.29%,426600
ATAI,2023-09-26,1.26,1.34,1.26,1.27,-0.01,-0.78%,367100
ATAI,2023-09-27,1.3,1.34,1.28,1.34,0.07,+5.51%,371900
ATAI,2023-09-28,1.34,1.34,1.29,1.3,-0.04,-2.99%,295600
ATAI,2023-09-29,1.3,1.32,1.28,1.29,-0.01,-0.77%,230700
ATAI,2023-10-02,1.29,1.31,1.23,1.24,-0.05,-3.88%,573400
ATAI,2023-10-03,1.32,1.39,1.22,1.39,0.15,+12.10%,961700
ATAI,2023-10-04,1.43,1.43,1.29,1.31,-0.08,-5.76%,542200
ATAI,2023-10-05,1.3,1.56,1.26,1.52,0.21,+16.03%,1225200
ATAI,2023-10-06,1.52,1.52,1.38,1.39,-0.13,-8.55%,802800
ATAI,2023-10-09,1.35,1.4,1.33,1.36,-0.03,-2.16%,446900
ATAI,2023-10-10,1.34,1.44,1.34,1.37,0.01,+0.74%,414900
ATAI,2023-10-11,1.38,1.41,1.33,1.33,-0.04,-2.92%,326000
ATAI,2023-10-12,1.37,1.37,1.25,1.25,-0.08,-6.02%,528200
ATAI,2023-10-13,1.27,1.29,1.23,1.28,0.03,+2.40%,510900
ATAI,2023-10-16,1.27,1.34,1.25,1.31,0.03,+2.34%,445000
ATAI,2023-10-17,1.27,1.36,1.26,1.32,0.01,+0.76%,239300
ATAI,2023-10-18,1.32,1.37,1.32,1.36,0.04,+3.03%,466300
ATAI,2023-10-19,1.32,1.34,1.22,1.29,-0.07,-5.15%,562100
ATAI,2023-10-20,1.26,1.31,1.26,1.3,0.01,+0.78%,320400
ATAI,2023-10-23,1.28,1.284,1.23,1.23,-0.07,-5.38%,542000
ATAI,2023-10-24,1.24,1.29,1.23,1.23,0,0.00%,318900
ATAI,2023-10-25,1.22,1.24,1.17,1.19,-0.04,-3.25%,622500
ATAI,2023-10-26,1.22,1.23,1.14,1.14,-0.05,-4.20%,507300
ATAI,2023-10-27,1.14,1.15,1.05,1.06,-0.08,-7.02%,855300
ATAI,2023-10-30,1.06,1.22,1.06,1.19,0.13,+12.26%,503800
ATAI,2023-10-31,1.2,1.26,1.2,1.23,0.04,+3.36%,616100
ATAI,2023-11-01,1.25,1.2599,1.17,1.19,-0.04,-3.25%,334300
ATAI,2023-11-02,1.19,1.27,1.19,1.24,0.05,+4.20%,365000
ATAI,2023-11-03,1.2,1.35,1.2,1.32,0.08,+6.45%,584300
ATAI,2023-11-06,1.32,1.3418,1.26,1.32,0,0.00%,396200
ATAI,2023-11-07,1.31,1.33,1.3,1.3,-0.02,-1.52%,236300
ATAI,2023-11-08,1.3,1.31,1.2,1.21,-0.09,-6.92%,445300
ATAI,2023-11-09,1.25,1.258,1.14,1.18,-0.03,-2.48%,669200
ATAI,2023-11-10,1.2,1.23,1.13,1.17,-0.01,-0.85%,395100
ATAI,2023-11-13,1.14,1.17,1.1,1.15,-0.02,-1.71%,545500
ATAI,2023-11-14,1.2,1.26,1.19,1.255,0.105,+9.13%,535100
ATAI,2023-11-15,1.28,1.29,1.19,1.2,-0.055,-4.38%,631000
ATAI,2023-11-16,1.18,1.2,1.1,1.11,-0.09,-7.50%,682900
ATAI,2023-11-17,1.1,1.15,1.07,1.11,0,0.00%,1045400
ATAI,2023-11-20,1.1,1.155,1.09,1.12,0.01,+0.90%,914100
ATAI,2023-11-21,1.1,1.12,1.07,1.07,-0.05,-4.46%,808400
ATAI,2023-11-22,1.07,1.12,1.07,1.09,0.02,+1.87%,681900
ATAI,2023-11-24,1.12,1.12,1.08,1.1,0.01,+0.92%,275600
ATAI,2023-11-27,1.08,1.11,1.07,1.08,-0.02,-1.82%,556100
ATAI,2023-11-28,1.1,1.15,1.06,1.14,0.06,+5.56%,881800
ATAI,2023-11-29,1.15,1.15,1.06,1.12,-0.02,-1.75%,1360000
ATAI,2023-11-30,1.1,1.129,1.04,1.04,-0.08,-7.14%,3305200
ATAI,2023-12-01,1.08,1.15,1.025,1.12,0.08,+7.69%,1070500
ATAI,2023-12-04,1.14,1.19,1.13,1.14,0.02,+1.79%,1161800
ATAI,2023-12-05,1.15,1.16,1.1,1.12,-0.02,-1.75%,711000
ATAI,2023-12-06,1.13,1.17,1.115,1.15,0.03,+2.68%,669900
ATAI,2023-12-07,1.17,1.17,1.11,1.17,0.02,+1.74%,937800
ATAI,2023-12-08,1.17,1.22,1.16,1.21,0.04,+3.42%,882600
ATAI,2023-12-11,1.23,1.23,1.09,1.15,-0.06,-4.96%,1370500
ATAI,2023-12-12,1.15,1.17,1.1,1.12,-0.03,-2.61%,555000
ATAI,2023-12-13,1.12,1.22,1.11,1.21,0.09,+8.04%,793700
ATAI,2023-12-14,1.21,1.33,1.18,1.28,0.07,+5.79%,1859400
ATAI,2023-12-15,1.28,1.31,1.2,1.26,-0.02,-1.56%,1862200
ATAI,2023-12-18,1.31,1.43,1.26,1.36,0.1,+7.94%,1599900
ATAI,2023-12-19,1.36,1.42,1.35,1.41,0.05,+3.68%,914000
ATAI,2023-12-20,1.42,1.42,1.3,1.32,-0.09,-6.38%,643700
ATAI,2023-12-21,1.33,1.3499,1.28,1.3,-0.02,-1.52%,650100
ATAI,2023-12-22,1.3,1.42,1.3,1.4,0.1,+7.69%,945100
ATAI,2023-12-26,1.4,1.43,1.34,1.35,-0.05,-3.57%,649100
ATAI,2023-12-27,1.36,1.55,1.36,1.55,0.2,+14.81%,1636000
ATAI,2023-12-28,1.56,1.58,1.48,1.49,-0.06,-3.87%,994000
ATAI,2023-12-29,1.48,1.48,1.36,1.41,-0.08,-5.37%,979800
ATAI,2024-01-02,1.42,1.69,1.395,1.69,0.28,+19.86%,3089300
ATAI,2024-01-03,1.75,1.75,1.46,1.5,-0.19,-11.24%,2792200
ATAI,2024-01-04,1.6,1.775,1.51,1.72,0.22,+14.67%,2861200
ATAI,2024-01-05,1.72,1.7301,1.59,1.64,-0.08,-4.65%,1697800
ATAI,2024-01-08,1.68,2.04,1.6096,2.02,0.38,+23.17%,4098600
ATAI,2024-01-09,2.06,2.23,2.02,2.19,0.17,+8.42%,4754300
ATAI,2024-01-10,2.2,2.2,1.97,2.065,-0.125,-5.71%,2356700
ATAI,2024-01-11,2.06,2.06,1.89,2,-0.065,-3.15%,1701600
ATAI,2024-01-12,1.99,2.21,1.935,1.96,-0.04,-2.00%,2258900
ATAI,2024-01-16,1.98,1.99,1.83,1.86,-0.1,-5.10%,1106800
ATAI,2024-01-17,1.82,1.86,1.75,1.8,-0.06,-3.23%,1358700
ATAI,2024-01-18,1.8,1.81,1.71,1.77,-0.03,-1.67%,1095500
ATAI,2024-01-19,1.8,1.8,1.64,1.7,-0.07,-3.95%,1260100
ATAI,2024-01-22,1.68,1.8384,1.65,1.82,0.12,+7.06%,1231100
ATAI,2024-01-23,1.81,1.8696,1.775,1.83,0.01,+0.55%,658700
ATAI,2024-01-24,1.87,1.9246,1.73,1.74,-0.09,-4.92%,1157100
ATAI,2024-01-25,1.76,1.83,1.72,1.74,0,0.00%,883600
ATAI,2024-01-26,1.74,1.7799,1.68,1.72,-0.02,-1.15%,1241200
ATAI,2024-01-29,1.72,1.97,1.67,1.96,0.24,+13.95%,1931600
ATAI,2024-01-30,1.96,1.96,1.83,1.85,-0.11,-5.61%,1152500
ATAI,2024-01-31,1.8,1.8999,1.76,1.78,-0.07,-3.78%,1255100
ATAI,2024-02-01,1.8,1.85,1.76,1.81,0.03,+1.69%,662500
ATAI,2024-02-02,1.78,1.82,1.715,1.77,-0.04,-2.21%,1301900
ATAI,2024-02-05,1.73,1.7799,1.7003,1.74,-0.03,-1.69%,633800
ATAI,2024-02-06,1.73,1.81,1.725,1.79,0.05,+2.87%,674000
ATAI,2024-02-07,1.79,1.8,1.665,1.7,-0.09,-5.03%,1096800
ATAI,2024-02-08,1.71,1.76,1.67,1.75,0.05,+2.94%,837900
ATAI,2024-02-09,1.78,1.78,1.68,1.73,-0.02,-1.14%,673600
ATAI,2024-02-12,1.76,1.93,1.72,1.88,0.15,+8.67%,1513200
ATAI,2024-02-13,1.78,1.84,1.73,1.74,-0.14,-7.45%,1026400
ATAI,2024-02-14,1.76,1.79,1.72,1.77,0.03,+1.72%,851500
ATAI,2024-02-15,1.78,1.83,1.73,1.8,0.03,+1.69%,707700
ATAI,2024-02-16,1.79,1.88,1.775,1.84,0.04,+2.22%,1156700
ATAI,2024-02-20,1.85,2.05,1.84,2.01,0.17,+9.24%,2838700
ATAI,2024-02-21,2.02,2.02,1.87,1.88,-0.13,-6.47%,1068900
ATAI,2024-02-22,1.88,1.93,1.815,1.83,-0.05,-2.66%,999400
ATAI,2024-02-23,1.84,1.885,1.82,1.83,0,0.00%,635000
ATAI,2024-02-26,1.81,1.95,1.81,1.9,0.07,+3.83%,608600
ATAI,2024-02-27,1.92,2.02,1.91,2,0.1,+5.26%,1030900
ATAI,2024-02-28,2,2.0799,1.94,1.96,-0.04,-2.00%,1463300
ATAI,2024-02-29,2,2.04,1.9106,1.94,-0.02,-1.02%,892700
ATAI,2024-03-01,1.94,2.185,1.92,2.13,0.19,+9.79%,1725200
ATAI,2024-03-04,2.19,2.19,2.07,2.09,-0.04,-1.88%,1317700
ATAI,2024-03-05,2.12,2.12,2.01,2.01,-0.08,-3.83%,741300
ATAI,2024-03-06,2.09,2.09,1.9,1.99,-0.02,-1.00%,1071000
ATAI,2024-03-07,2.09,2.3,2,2.19,0.2,+10.05%,5525900
ATAI,2024-03-08,2.23,2.315,2.085,2.1,-0.09,-4.11%,2034450
ATAI,2024-03-11,2.18,2.2,2,2.02,-0.08,-3.81%,1224800
ATAI,2024-03-12,2.05,2.05,1.84,1.91,-0.11,-5.45%,1833600
ATAI,2024-03-13,1.9,1.975,1.82,1.84,-0.07,-3.66%,1920100
ATAI,2024-03-14,1.87,1.87,1.64,1.68,-0.16,-8.70%,2998900
ATAI,2024-03-15,1.7,1.8,1.7,1.77,0.09,+5.36%,941100
ATAI,2024-03-18,1.79,1.79,1.61,1.67,-0.1,-5.65%,1592900
ATAI,2024-03-19,1.7,1.73,1.64,1.67,0,0.00%,881000
ATAI,2024-03-20,1.67,1.7,1.58,1.7,0.03,+1.80%,1615200
ATAI,2024-03-21,1.72,1.72,1.62,1.67,-0.03,-1.76%,1086800
ATAI,2024-03-22,1.65,1.6698,1.6,1.63,-0.04,-2.40%,898000
ATAI,2024-03-25,1.62,1.715,1.6101,1.66,0.03,+1.84%,1175900
ATAI,2024-03-26,1.7,1.76,1.67,1.73,0.07,+4.22%,883600
ATAI,2024-03-27,1.8,1.83,1.68,1.79,0.06,+3.47%,1342100
ATAI,2024-03-28,1.8,2.04,1.8,1.97,0.18,+10.06%,2959300
ATAI,2024-04-01,1.97,1.97,1.76,1.86,-0.11,-5.58%,2066700
ATAI,2024-04-02,1.82,1.88,1.77,1.87,0.01,+0.54%,928400
ATAI,2024-04-03,1.95,2.48,1.83,2.39,0.52,+27.81%,9942100
ATAI,2024-04-04,2.44,2.85,2.38,2.51,0.12,+5.02%,8157100
ATAI,2024-04-05,2.45,2.5492,2.32,2.45,-0.06,-2.39%,2525300
ATAI,2024-04-08,2.49,2.64,2.39,2.6,0.15,+6.12%,2394700
ATAI,2024-04-09,2.48,2.585,2.38,2.39,-0.21,-8.08%,1639400
ATAI,2024-04-10,2.3,2.5,2.26,2.43,0.04,+1.67%,1555700
ATAI,2024-04-11,2.45,2.5,2.37,2.47,0.04,+1.65%,1056000
ATAI,2024-04-12,2.44,2.55,2.22,2.3,-0.17,-6.88%,1631000
ATAI,2024-04-15,2.28,2.37,2.07,2.07,-0.23,-10.00%,1753400
ATAI,2024-04-16,2.07,2.205,2.0401,2.15,0.08,+3.86%,1211600
ATAI,2024-04-17,2.18,2.2,1.98,1.98,-0.17,-7.91%,1473300
ATAI,2024-04-18,2.05,2.05,1.91,1.91,-0.07,-3.54%,1016700
ATAI,2024-04-19,1.92,1.98,1.84,1.85,-0.06,-3.14%,1004800
ATAI,2024-04-22,1.88,1.9,1.8,1.87,0.02,+1.08%,1049200
ATAI,2024-04-23,1.87,2.07,1.87,1.97,0.1,+5.35%,1200300
ATAI,2024-04-24,1.96,1.96,1.845,1.87,-0.1,-5.08%,842700
ATAI,2024-04-25,1.87,1.92,1.81,1.84,-0.03,-1.60%,822200
ATAI,2024-04-26,1.85,1.9425,1.825,1.93,0.09,+4.89%,875400
ATAI,2024-04-29,1.89,2.05,1.88,1.97,0.04,+2.07%,1150000
ATAI,2024-04-30,1.95,2.05,1.9,1.98,0.01,+0.51%,935000
ATAI,2024-05-01,1.94,2.1,1.94,2.05,0.07,+3.54%,981000
ATAI,2024-05-02,2.09,2.18,2.055,2.13,0.08,+3.90%,857400
ATAI,2024-05-03,2.16,2.285,2.02,2.05,-0.08,-3.76%,1176800
ATAI,2024-05-06,2.1,2.16,2.07,2.12,0.07,+3.41%,478300
ATAI,2024-05-07,2.1,2.1402,2.01,2.05,-0.07,-3.30%,731700
ATAI,2024-05-08,2.05,2.0892,2,2.01,-0.04,-1.95%,345600
ATAI,2024-05-09,2,2.065,1.975,2.05,0.04,+1.99%,333300
ATAI,2024-05-10,2.09,2.1,1.89,1.89,-0.16,-7.80%,666600
ATAI,2024-05-13,1.93,2.02,1.91,1.94,0.05,+2.65%,427200
ATAI,2024-05-14,1.93,2,1.9,1.91,-0.03,-1.55%,398700
ATAI,2024-05-15,2,2.1,1.85,2.05,0.14,+7.33%,1659100
ATAI,2024-05-16,2.06,2.06,1.86,1.86,-0.19,-9.27%,1491600
ATAI,2024-05-17,1.87,1.89,1.71,1.71,-0.15,-8.06%,2357100
ATAI,2024-05-20,1.85,1.85,1.69,1.73,0.02,+1.17%,955500
ATAI,2024-05-21,1.74,1.7711,1.665,1.68,-0.05,-2.89%,960400
ATAI,2024-05-22,1.72,1.74,1.66,1.67,-0.01,-0.60%,869800
ATAI,2024-05-23,1.68,1.69,1.5722,1.63,-0.04,-2.40%,1098800
ATAI,2024-05-24,1.65,1.65,1.59,1.61,-0.02,-1.23%,565700
ATAI,2024-05-28,1.68,1.69,1.62,1.66,0.05,+3.11%,692200
ATAI,2024-05-29,1.69,1.695,1.58,1.63,-0.03,-1.81%,740300
ATAI,2024-05-30,1.63,1.72,1.6,1.68,0.05,+3.07%,864400
ATAI,2024-05-31,1.67,1.6806,1.52,1.57,-0.11,-6.55%,1259100
ATAI,2024-06-03,1.59,1.65,1.56,1.61,0.04,+2.55%,887300
ATAI,2024-06-04,1.62,1.62,1.53,1.54,-0.07,-4.35%,867600
ATAI,2024-06-05,1.31,1.5,1.3,1.41,-0.13,-8.44%,2870200
ATAI,2024-06-06,1.42,1.49,1.4,1.48,0.07,+4.96%,578700
ATAI,2024-06-07,1.47,1.485,1.36,1.39,-0.09,-6.08%,924300
ATAI,2024-06-10,1.4,1.435,1.3605,1.4,0.01,+0.72%,670500
ATAI,2024-06-11,1.37,1.39,1.31,1.32,-0.08,-5.71%,772300
ATAI,2024-06-12,1.37,1.4,1.31,1.32,0,0.00%,1012100
ATAI,2024-06-13,1.33,1.38,1.33,1.34,0.02,+1.52%,678300
ATAI,2024-06-14,1.35,1.38,1.33,1.37,0.03,+2.24%,489500
ATAI,2024-06-17,1.35,1.3787,1.32,1.34,-0.03,-2.19%,599600
ATAI,2024-06-18,1.33,1.35,1.26,1.27,-0.07,-5.22%,1099300
ATAI,2024-06-20,1.3,1.37,1.25,1.33,0.06,+4.72%,1518200
ATAI,2024-06-21,1.37,1.44,1.3,1.34,0.01,+0.75%,1248800
ATAI,2024-06-24,1.36,1.53,1.36,1.4,0.06,+4.48%,1803700
ATAI,2024-06-25,1.4,1.42,1.33,1.35,-0.05,-3.57%,745600
ATAI,2024-06-26,1.35,1.36,1.28,1.3,-0.05,-3.70%,719000
ATAI,2024-06-27,1.32,1.34,1.27,1.32,0.02,+1.54%,570200
ATAI,2024-06-28,1.4,1.4,1.3,1.33,0.01,+0.76%,1033800
ATAI,2024-07-01,1.34,1.3584,1.3,1.35,0.02,+1.50%,486100
ATAI,2024-07-02,1.35,1.4,1.29,1.3,-0.05,-3.70%,540400
ATAI,2024-07-03,1.31,1.325,1.28,1.28,-0.02,-1.54%,349800
ATAI,2024-07-05,1.3,1.31,1.26,1.27,-0.01,-0.78%,526600
ATAI,2024-07-08,1.3,1.33,1.25,1.27,0,0.00%,716200
ATAI,2024-07-09,1.26,1.34,1.25,1.32,0.05,+3.94%,580500
ATAI,2024-07-10,1.34,1.36,1.29,1.32,0,0.00%,471300
ATAI,2024-07-11,1.35,1.48,1.3419,1.46,0.14,+10.61%,1055400
ATAI,2024-07-12,1.46,1.54,1.44,1.54,0.08,+5.48%,1127600
ATAI,2024-07-15,1.54,1.62,1.53,1.61,0.07,+4.55%,862400
ATAI,2024-07-16,1.66,1.67,1.57,1.64,0.03,+1.86%,1425800
ATAI,2024-07-17,1.62,1.67,1.54,1.6,-0.04,-2.44%,918800
ATAI,2024-07-18,1.63,1.63,1.45,1.48,-0.12,-7.50%,742900
ATAI,2024-07-19,1.49,1.53,1.47,1.48,0,0.00%,285700
ATAI,2024-07-22,1.49,1.53,1.46,1.49,0.01,+0.68%,321000
ATAI,2024-07-23,1.5,1.6,1.49,1.57,0.08,+5.37%,458900
ATAI,2024-07-24,1.6,1.6,1.49,1.51,-0.06,-3.82%,354100
ATAI,2024-07-25,1.5,1.6,1.49,1.58,0.07,+4.64%,460800
ATAI,2024-07-26,1.6,1.64,1.58,1.59,0.01,+0.63%,427600
ATAI,2024-07-29,1.62,1.7,1.5418,1.58,-0.01,-0.63%,810300
ATAI,2024-07-30,1.59,1.605,1.5,1.52,-0.06,-3.80%,469600
ATAI,2024-07-31,1.52,1.615,1.4801,1.55,0.03,+1.97%,489300
ATAI,2024-08-01,1.53,1.55,1.41,1.42,-0.13,-8.39%,789400
ATAI,2024-08-02,1.4,1.46,1.35,1.39,-0.03,-2.11%,681900
ATAI,2024-08-05,1.3,1.38,1.25,1.35,-0.04,-2.88%,842100
ATAI,2024-08-06,1.42,1.428,1.36,1.37,0.02,+1.48%,308700
ATAI,2024-08-07,1.38,1.39,1.27,1.3,-0.07,-5.11%,824600
ATAI,2024-08-08,1.3,1.325,1.28,1.31,0.01,+0.77%,614900
ATAI,2024-08-09,1.32,1.3299,1.26,1.27,-0.04,-3.05%,746600
ATAI,2024-08-12,1.27,1.3,1.2,1.24,-0.03,-2.36%,996200
ATAI,2024-08-13,1.22,1.25,1.215,1.22,-0.02,-1.61%,728400
ATAI,2024-08-14,1.22,1.24,1.15,1.17,-0.05,-4.10%,949000
ATAI,2024-08-15,1.19,1.25,1.18,1.25,0.08,+6.84%,1164400
ATAI,2024-08-16,1.27,1.285,1.2,1.22,-0.03,-2.40%,814900
ATAI,2024-08-19,1.24,1.33,1.235,1.31,0.09,+7.38%,1065500
ATAI,2024-08-20,1.32,1.39,1.28,1.31,0,0.00%,638400
ATAI,2024-08-21,1.33,1.35,1.3,1.33,0.02,+1.53%,448400
ATAI,2024-08-22,1.38,1.4,1.27,1.29,-0.04,-3.01%,640400
ATAI,2024-08-23,1.29,1.336,1.27,1.31,0.02,+1.55%,394900
ATAI,2024-08-26,1.31,1.33,1.28,1.31,0,0.00%,399600
ATAI,2024-08-27,1.31,1.31,1.25,1.28,-0.03,-2.29%,367300
ATAI,2024-08-28,1.28,1.28,1.23,1.26,-0.02,-1.56%,738500
ATAI,2024-08-29,1.26,1.3,1.25,1.3,0.04,+3.17%,417800
ATAI,2024-08-30,1.29,1.33,1.29,1.3,0,0.00%,394900
ATAI,2024-09-03,1.32,1.32,1.19,1.22,-0.08,-6.15%,577200
ATAI,2024-09-04,1.22,1.24,1.19,1.22,0,0.00%,376200
ATAI,2024-09-05,1.22,1.25,1.2,1.22,0,0.00%,289800
ATAI,2024-09-06,1.23,1.235,1.18,1.19,-0.03,-2.46%,457700
ATAI,2024-09-09,1.22,1.3,1.22,1.24,0.05,+4.20%,621300
ATAI,2024-09-10,1.24,1.26,1.175,1.25,0.01,+0.81%,485700
ATAI,2024-09-11,1.23,1.25,1.2,1.25,0,0.00%,329900
ATAI,2024-09-12,1.26,1.26,1.21,1.23,-0.02,-1.60%,336600
ATAI,2024-09-13,1.24,1.33,1.23,1.3,0.07,+5.69%,577000
ATAI,2024-09-16,1.31,1.33,1.24,1.26,-0.04,-3.08%,368200
ATAI,2024-09-17,1.27,1.31,1.27,1.28,0.02,+1.59%,298000
ATAI,2024-09-18,1.27,1.2867,1.23,1.24,-0.04,-3.13%,426000
ATAI,2024-09-19,1.24,1.2995,1.24,1.26,0.02,+1.61%,485700
ATAI,2024-09-20,1.26,1.2697,1.2,1.22,-0.04,-3.17%,477600
ATAI,2024-09-23,1.23,1.2387,1.2,1.2,-0.02,-1.64%,367000
ATAI,2024-09-24,1.2,1.22,1.18,1.18,-0.02,-1.67%,415500
ATAI,2024-09-25,1.18,1.2,1.17,1.18,0,0.00%,511000
ATAI,2024-09-26,1.19,1.2,1.16,1.19,0.01,+0.85%,470200
ATAI,2024-09-27,1.2,1.2,1.17,1.17,-0.02,-1.68%,639400
ATAI,2024-09-30,1.17,1.2298,1.15,1.16,-0.01,-0.85%,572200
ATAI,2024-10-01,1.16,1.1682,1.1,1.12,-0.04,-3.45%,584900
ATAI,2024-10-02,1.12,1.16,1.09,1.09,-0.03,-2.68%,751500
ATAI,2024-10-03,1.1,1.1092,1.05,1.06,-0.03,-2.75%,859900
ATAI,2024-10-04,1.06,1.17,1.06,1.16,0.1,+9.43%,828800
ATAI,2024-10-07,1.16,1.2,1.1,1.12,-0.04,-3.45%,361700
ATAI,2024-10-08,1.12,1.14,1.1,1.13,0.01,+0.89%,305600
ATAI,2024-10-09,1.13,1.13,1.08,1.09,-0.04,-3.54%,471600
ATAI,2024-10-10,1.09,1.1,1.05,1.08,-0.01,-0.92%,585900
ATAI,2024-10-11,1.05,1.11,1.03,1.1,0.02,+1.85%,480700
ATAI,2024-10-14,1.1,1.15,1.09,1.1,0,0.00%,674300
ATAI,2024-10-15,1.09,1.13,1.08,1.09,-0.01,-0.91%,506200
ATAI,2024-10-16,1.09,1.22,1.09,1.21,0.12,+11.01%,1161100
ATAI,2024-10-17,1.2,1.21,1.15,1.2,-0.01,-0.83%,609000
ATAI,2024-10-18,1.2,1.36,1.19,1.28,0.08,+6.67%,1455400
ATAI,2024-10-21,1.28,1.31,1.18,1.2,-0.08,-6.25%,832700
ATAI,2024-10-22,1.2,1.3,1.1997,1.28,0.08,+6.67%,900200
ATAI,2024-10-23,1.28,1.28,1.2,1.21,-0.07,-5.47%,408200
ATAI,2024-10-24,1.21,1.24,1.09,1.14,-0.07,-5.79%,799700
ATAI,2024-10-25,1.14,1.21,1.11,1.14,0,0.00%,509200
ATAI,2024-10-28,1.17,1.22,1.14,1.22,0.08,+7.02%,727100
ATAI,2024-10-29,1.23,1.24,1.12,1.14,-0.08,-6.56%,801600
ATAI,2024-10-30,1.15,1.1757,1.1,1.12,-0.02,-1.75%,558800
ATAI,2024-10-31,1.08,1.1,1.04,1.06,-0.06,-5.36%,1142600
ATAI,2024-11-01,1.06,1.12,1.06,1.08,0.02,+1.89%,328800
ATAI,2024-11-04,1.08,1.13,1.075,1.08,0,0.00%,607800
ATAI,2024-11-05,1.1,1.12,1.05,1.08,0,0.00%,537100
ATAI,2024-11-06,1.13,1.21,1.1,1.18,0.1,+9.26%,1809300
ATAI,2024-11-07,1.22,1.51,1.215,1.35,0.17,+14.41%,4663000
ATAI,2024-11-08,1.37,1.48,1.28,1.41,0.06,+4.44%,2861600
ATAI,2024-11-11,1.45,1.6,1.39,1.58,0.17,+12.06%,2882100
ATAI,2024-11-12,1.6,1.651,1.39,1.46,-0.12,-7.59%,2997600
ATAI,2024-11-13,1.5,1.55,1.35,1.35,-0.11,-7.53%,2464900
ATAI,2024-11-14,1.39,1.41,1.25,1.37,0.02,+1.48%,1860800
ATAI,2024-11-15,1.5,1.65,1.43,1.61,0.24,+17.52%,6165900
ATAI,2024-11-18,1.65,1.95,1.54,1.67,0.06,+3.73%,7252800
ATAI,2024-11-19,1.66,1.835,1.53,1.73,0.06,+3.59%,2736100
ATAI,2024-11-20,1.75,1.788,1.54,1.59,-0.14,-8.09%,2353100
ATAI,2024-11-21,1.59,1.6,1.51,1.52,-0.07,-4.40%,1265800
ATAI,2024-11-22,1.52,1.71,1.42,1.61,0.09,+5.92%,2115300
ATAI,2024-11-25,1.66,1.75,1.63,1.68,0.07,+4.35%,1519918
ATAI,2024-11-26,1.7,1.7599,1.67,1.69,0.01,+0.60%,1128342
ATAI,2024-11-27,1.67,1.7599,1.67,1.73,0.04,+2.37%,1153700
ATAI,2024-11-29,1.75,1.78,1.72,1.78,0.05,+2.89%,658900
ATAI,2024-12-02,1.76,1.809,1.675,1.69,-0.09,-5.06%,1139900
ATAI,2024-12-03,1.67,1.7,1.6,1.63,-0.06,-3.55%,1106900
ATAI,2024-12-04,1.65,1.685,1.53,1.6,-0.03,-1.84%,1176600
ATAI,2024-12-05,1.6,1.61,1.47,1.49,-0.11,-6.88%,1611500
ATAI,2024-12-06,1.48,1.59,1.48,1.56,0.07,+4.70%,1132300
ATAI,2024-12-09,1.56,1.69,1.55,1.59,0.03,+1.92%,1299600
ATAI,2024-12-10,1.59,1.6,1.5,1.53,-0.06,-3.77%,893000
ATAI,2024-12-11,1.5,1.54,1.435,1.48,-0.05,-3.27%,1158800
ATAI,2024-12-12,1.48,1.53,1.36,1.39,-0.09,-6.08%,1413300
ATAI,2024-12-13,1.39,1.42,1.34,1.36,-0.03,-2.16%,919200
ATAI,2024-12-16,1.37,1.41,1.32,1.33,-0.03,-2.21%,1050800
ATAI,2024-12-17,1.34,1.36,1.28,1.32,-0.01,-0.75%,1160100
ATAI,2024-12-18,1.33,1.335,1.15,1.18,-0.14,-10.61%,1589400
ATAI,2024-12-19,1.2,1.25,1.17,1.19,0.01,+0.85%,1183400
ATAI,2024-12-20,1.19,1.26,1.15,1.19,0,0.00%,2462300
ATAI,2024-12-23,1.19,1.2399,1.16,1.2,0.01,+0.84%,1129000
ATAI,2024-12-24,1.2,1.25,1.185,1.23,0.03,+2.50%,758200
ATAI,2024-12-26,1.23,1.26,1.2,1.25,0.02,+1.63%,1223700
ATAI,2024-12-27,1.26,1.35,1.24,1.28,0.03,+2.40%,1212600
ATAI,2024-12-30,1.28,1.38,1.21,1.35,0.07,+5.47%,1790800
ATAI,2024-12-31,1.37,1.37,1.27,1.33,-0.02,-1.48%,1568600
ATAI,2025-01-02,1.37,1.625,1.37,1.6,0.27,+20.30%,4611200
ATAI,2025-01-03,1.65,1.77,1.59,1.77,0.17,+10.63%,3036700
ATAI,2025-01-06,1.85,1.909,1.7547,1.78,0.01,+0.56%,3521200
ATAI,2025-01-07,1.81,1.91,1.7,1.75,-0.03,-1.69%,2591300
ATAI,2025-01-08,1.75,1.82,1.61,1.62,-0.13,-7.43%,2128800
ATAI,2025-01-10,1.58,1.5988,1.4401,1.5,-0.12,-7.41%,2485600
ATAI,2025-01-13,1.51,1.52,1.375,1.42,-0.08,-5.33%,1276000
ATAI,2025-01-14,1.43,1.43,1.3,1.33,-0.09,-6.34%,1297500
ATAI,2025-01-15,1.4,1.5,1.39,1.44,0.11,+8.27%,1460800
ATAI,2025-01-16,1.46,1.48,1.36,1.39,-0.05,-3.47%,711700
ATAI,2025-01-17,1.39,1.4892,1.3863,1.46,0.07,+5.04%,961500
ATAI,2025-01-21,1.47,1.53,1.42,1.5,0.04,+2.74%,1087600
ATAI,2025-01-22,1.5,1.53,1.4601,1.52,0.02,+1.33%,818700
ATAI,2025-01-23,1.52,1.52,1.43,1.51,-0.01,-0.66%,624200
ATAI,2025-01-24,1.51,1.635,1.48,1.58,0.07,+4.64%,1445500
ATAI,2025-01-27,1.56,1.56,1.42,1.45,-0.13,-8.23%,1211300
ATAI,2025-01-28,1.48,1.5,1.37,1.48,0.03,+2.07%,1557400
ATAI,2025-01-29,1.45,1.58,1.4408,1.5,0.02,+1.35%,1732400
ATAI,2025-01-30,1.53,1.63,1.495,1.6,0.1,+6.67%,1361200
ATAI,2025-01-31,1.61,1.65,1.51,1.55,-0.05,-3.13%,1098300
ATAI,2025-02-03,1.48,1.92,1.4513,1.85,0.3,+19.35%,6768500
ATAI,2025-02-04,1.86,2.32,1.78,2.25,0.4,+21.62%,12754700
ATAI,2025-02-05,2.25,2.485,2.12,2.45,0.2,+8.89%,7707900
ATAI,2025-02-06,2.44,2.47,2.03,2.12,-0.33,-13.47%,5293100
ATAI,2025-02-07,2.13,2.255,2.05,2.18,0.06,+2.83%,2652500
ATAI,2025-02-10,2.28,2.5428,2.09,2.22,0.04,+1.83%,5370800
ATAI,2025-02-11,2.2,2.44,2.14,2.23,0.01,+0.45%,3985600
ATAI,2025-02-12,2.2,2.565,2.115,2.55,0.32,+14.35%,6173000
ATAI,2025-02-13,2.28,2.35,2.01,2.27,-0.28,-10.98%,11007500
ATAI,2025-02-14,2.29,2.48,2.26,2.3,0.03,+1.32%,6604300
ATAI,2025-02-18,2.3,2.4,1.94,2.07,-0.23,-10.00%,6675800
ATAI,2025-02-19,2.05,2.09,1.95,2.09,0.02,+0.97%,5196900
ATAI,2025-02-20,2.15,2.1587,1.965,2.04,-0.05,-2.39%,4760300
ATAI,2025-02-21,2.1,2.15,1.97,1.99,-0.05,-2.45%,3695300
ATAI,2025-02-24,2,2.018,1.77,1.82,-0.17,-8.54%,3944200
ATAI,2025-02-25,1.81,1.82,1.67,1.72,-0.1,-5.49%,1924600
ATAI,2025-02-26,1.73,1.845,1.71,1.73,0.01,+0.58%,2040900
ATAI,2025-02-27,1.75,1.87,1.64,1.65,-0.08,-4.62%,1844400
ATAI,2025-02-28,1.64,1.7461,1.57,1.72,0.07,+4.24%,1897600
ATAI,2025-03-03,1.73,1.73,1.49,1.5,-0.22,-12.79%,2774500
ATAI,2025-03-04,1.5,1.6264,1.435,1.555,0.055,+3.67%,2845300
ATAI,2025-03-05,1.6,1.62,1.54,1.61,0.055,+3.54%,1787900
ATAI,2025-03-06,1.58,1.618,1.54,1.57,-0.04,-2.48%,1398300
ATAI,2025-03-07,1.58,1.585,1.47,1.51,-0.06,-3.82%,1592900
ATAI,2025-03-10,1.5,1.54,1.385,1.41,-0.1,-6.62%,2283000
ATAI,2025-03-11,1.4,1.43,1.315,1.42,0.01,+0.71%,2421500
ATAI,2025-03-12,1.48,1.4957,1.415,1.45,0.03,+2.11%,1603700
ATAI,2025-03-13,1.45,1.465,1.37,1.39,-0.06,-4.14%,899700
ATAI,2025-03-14,1.42,1.52,1.415,1.48,0.09,+6.47%,1443800
ATAI,2025-03-17,1.45,1.485,1.39,1.46,-0.02,-1.35%,994700
ATAI,2025-03-18,1.42,1.44,1.35,1.35,-0.11,-7.53%,1510900
ATAI,2025-03-19,1.36,1.41,1.34,1.39,0.04,+2.96%,1213000
ATAI,2025-03-20,1.38,1.48,1.33,1.37,-0.02,-1.44%,2666200
ATAI,2025-03-21,1.37,1.455,1.3301,1.45,0.08,+5.84%,1413800
ATAI,2025-03-24,1.48,1.57,1.4647,1.57,0.12,+8.28%,2244400
ATAI,2025-03-25,1.66,1.66,1.505,1.57,0,0.00%,1998500
ATAI,2025-03-26,1.54,1.57,1.42,1.47,-0.1,-6.37%,2130500
ATAI,2025-03-27,1.45,1.58,1.45,1.57,0.1,+6.80%,1891100
ATAI,2025-03-28,1.55,1.57,1.46,1.47,-0.1,-6.37%,1195000
ATAI,2025-03-31,1.41,1.445,1.36,1.36,-0.11,-7.48%,1227000
ATAI,2025-04-01,1.36,1.375,1.22,1.24,-0.12,-8.82%,2933800
ATAI,2025-04-02,1.27,1.48,1.27,1.48,0.24,+19.35%,2615100
ATAI,2025-04-03,1.37,1.41,1.31,1.315,-0.165,-11.15%,1753200
ATAI,2025-04-04,1.3,1.35,1.25,1.31,-0.005,-0.38%,1550700
ATAI,2025-04-07,1.2,1.32,1.16,1.27,-0.04,-3.05%,1933000
ATAI,2025-04-08,1.36,1.38,1.19,1.21,-0.06,-4.72%,1757600
ATAI,2025-04-09,1.18,1.33,1.15,1.3,0.09,+7.44%,2786500
ATAI,2025-04-10,1.26,1.26,1.17,1.21,-0.09,-6.92%,2227500
ATAI,2025-04-11,1.21,1.3,1.1927,1.29,0.08,+6.61%,972000
ATAI,2025-04-14,1.34,1.4,1.28,1.38,0.09,+6.98%,1337100
ATAI,2025-04-15,1.38,1.435,1.34,1.39,0.01,+0.72%,1328600
ATAI,2025-04-16,1.37,1.43,1.34,1.42,0.03,+2.16%,896700
ATAI,2025-04-17,1.44,1.51,1.42,1.47,0.05,+3.52%,1657900
ATAI,2025-04-21,1.45,1.48,1.41,1.42,-0.05,-3.40%,617900
ATAI,2025-04-22,1.44,1.5,1.42,1.47,0.05,+3.52%,1868500
ATAI,2025-04-23,1.49,1.56,1.43,1.52,0.05,+3.40%,2255400
ATAI,2025-04-24,1.5,1.5577,1.48,1.53,0.01,+0.66%,1091400
ATAI,2025-04-25,1.48,1.54,1.41,1.46,-0.07,-4.58%,2230300
ATAI,2025-04-28,1.46,1.48,1.43,1.46,0,0.00%,713300
ATAI,2025-04-29,1.46,1.49,1.39,1.41,-0.05,-3.42%,1220100
ATAI,2025-04-30,1.39,1.55,1.39,1.5,0.09,+6.38%,1917000
ATAI,2025-05-01,1.49,1.53,1.455,1.47,-0.03,-2.00%,926900
ATAI,2025-05-02,1.5,1.54,1.49,1.5,0.03,+2.04%,1564700
ATAI,2025-05-05,1.47,1.5,1.445,1.47,-0.03,-2.00%,703600
ATAI,2025-05-06,1.44,1.47,1.3631,1.38,-0.09,-6.12%,1065100
ATAI,2025-05-07,1.38,1.42,1.37,1.39,0.01,+0.72%,1125200
ATAI,2025-05-08,1.43,1.4376,1.29,1.4,0.01,+0.72%,1391700
ATAI,2025-05-09,1.41,1.45,1.38,1.39,-0.01,-0.71%,1076500
ATAI,2025-05-12,1.45,1.485,1.42,1.44,0.05,+3.60%,1262400
ATAI,2025-05-13,1.46,1.46,1.375,1.41,-0.03,-2.08%,1073400
ATAI,2025-05-14,1.42,1.455,1.38,1.43,0.02,+1.42%,1175500
ATAI,2025-05-15,1.43,1.63,1.395,1.63,0.2,+13.99%,2452200
ATAI,2025-05-16,1.63,1.76,1.63,1.65,0.02,+1.23%,2753200
ATAI,2025-05-19,1.67,1.85,1.66,1.84,0.19,+11.52%,3094200
ATAI,2025-05-20,1.83,2.13,1.66,2.05,0.21,+11.41%,7225100
ATAI,2025-05-21,1.98,2.0793,1.885,1.91,-0.14,-6.83%,4310700
ATAI,2025-05-22,1.91,2.08,1.885,2.02,0.11,+5.76%,2245600
ATAI,2025-05-23,1.98,2.06,1.91,2.06,0.04,+1.98%,1733700
ATAI,2025-05-27,2.1,2.265,2.0801,2.21,0.15,+7.28%,3439500
ATAI,2025-05-28,2.21,2.375,2.15,2.31,0.1,+4.52%,2948700
ATAI,2025-05-29,2.34,2.3799,2.22,2.32,0.01,+0.43%,1800100
ATAI,2025-05-30,2.26,2.3299,2.18,2.31,-0.01,-0.43%,1666900
ATAI,2025-06-02,2.51,2.64,2.2402,2.49,0.18,+7.79%,6471900
ATAI,2025-06-03,2.49,2.5299,2.32,2.35,-0.14,-5.62%,2559500
ATAI,2025-06-04,2.35,2.56,2.34,2.47,0.12,+5.11%,3987600
ATAI,2025-06-05,2.5,2.5,2.34,2.48,0.01,+0.40%,2022000
ATAI,2025-06-06,2.55,2.55,2.37,2.41,-0.07,-2.82%,4650800
ATAI,2025-06-09,2.47,2.475,2.19,2.28,-0.13,-5.39%,3205500
ATAI,2025-06-10,2.3,2.4,2.23,2.25,-0.03,-1.32%,1996900
ATAI,2025-06-11,2.26,2.3,2.2,2.23,-0.02,-0.89%,1486600
ATAI,2025-06-12,2.22,2.25,2.16,2.18,-0.05,-2.24%,1239500
ATAI,2025-06-13,2.13,2.18,2.06,2.11,-0.07,-3.21%,2276800
ATAI,2025-06-16,2.18,2.25,2.12,2.24,0.13,+6.16%,2109500
ATAI,2025-06-17,2.19,2.26,2.15,2.22,-0.02,-0.89%,2001200
ATAI,2025-06-18,2.23,2.49,2.23,2.33,0.11,+4.95%,3087100
ATAI,2025-06-20,2.38,2.51,2.2,2.48,0.15,+6.44%,3943100
ATAI,2025-06-23,2.33,2.38,2,2.02,-0.46,-18.55%,4709200
ATAI,2025-06-24,2.09,2.1899,2,2.11,0.09,+4.46%,3079400
ATAI,2025-06-25,2.12,2.2,2.04,2.2,0.09,+4.27%,2065400
ATAI,2025-06-26,2.2,2.25,2.1747,2.25,0.05,+2.27%,1077100
ATAI,2025-06-27,2.27,2.29,2.15,2.2,-0.05,-2.22%,965600
ATAI,2025-06-30,2.22,2.265,2.16,2.19,-0.01,-0.45%,1338600
ATAI,2025-07-01,2.64,2.895,2.36,2.71,0.52,+23.74%,51484500
ATAI,2025-07-02,2.96,2.96,2.66,2.75,0.04,+1.48%,11747200
ATAI,2025-07-03,2.79,2.8,2.62,2.77,0.02,+0.73%,4119000
ATAI,2025-07-07,2.9,2.985,2.67,2.75,-0.02,-0.72%,8033400
ATAI,2025-07-08,2.78,2.81,2.61,2.63,-0.12,-4.36%,4359300
ATAI,2025-07-09,2.69,2.755,2.6,2.66,0.03,+1.14%,4069400
ATAI,2025-07-10,2.66,2.76,2.53,2.73,0.07,+2.63%,3929700
ATAI,2025-07-11,2.71,2.785,2.59,2.62,-0.11,-4.03%,2893100
ATAI,2025-07-14,2.69,2.75,2.61,2.72,0.1,+3.82%,2930300
ATAI,2025-07-15,2.74,2.75,2.58,2.65,-0.07,-2.57%,2722800
ATAI,2025-07-16,2.65,2.71,2.59,2.7,0.05,+1.89%,2263700
ATAI,2025-07-17,2.71,2.79,2.67,2.79,0.09,+3.33%,4236700
ATAI,2025-07-18,2.82,3.35,2.81,3.23,0.44,+15.77%,14985600
ATAI,2025-07-21,3.6,3.6,3.31,3.53,0.3,+9.29%,11820900
ATAI,2025-07-22,3.56,3.565,3.37,3.53,0,0.00%,5609800
ATAI,2025-07-23,3.58,3.91,3.32,3.88,0.35,+9.92%,11813400
ATAI,2025-07-24,4,4,3.7,3.74,-0.14,-3.61%,7398000
ATAI,2025-07-25,3.7,3.72,3.48,3.57,-0.17,-4.55%,7532900
ATAI,2025-07-28,3.13,3.37,3.06,3.33,-0.24,-6.72%,9923600
ATAI,2025-07-29,3.57,3.7,3.27,3.31,-0.02,-0.60%,6444000
ATAI,2025-07-30,3.39,3.55,3.3,3.47,0.16,+4.83%,5649700
ATAI,2025-07-31,3.7,4.29,3.655,4.1,0.63,+18.16%,15927300
ATAI,2025-08-01,4,4.275,3.82,4.17,0.07,+1.71%,7680100
ATAI,2025-08-04,4.26,4.4,4.01,4.26,0.09,+2.16%,7348800
ATAI,2025-08-05,4.26,4.26,4.041,4.14,-0.12,-2.82%,4557200
ATAI,2025-08-06,4.08,4.19,3.78,4.19,0.05,+1.21%,6807300
ATAI,2025-08-07,4.2,4.25,4.05,4.15,-0.04,-0.95%,4373500
ATAI,2025-08-08,4.2,4.2012,4.04,4.13,-0.02,-0.48%,3580800
ATAI,2025-08-11,4.13,4.3,3.871,3.96,-0.17,-4.12%,5063300
ATAI,2025-08-12,3.93,4.19,3.88,4.13,0.17,+4.29%,5325500
ATAI,2025-08-13,4.16,4.27,4.04,4.05,-0.08,-1.94%,4394200
ATAI,2025-08-14,3.98,4.04,3.785,4.01,-0.04,-0.99%,4522700
ATAI,2025-08-15,3.95,3.9521,3.6,3.88,-0.13,-3.24%,6687200
ATAI,2025-08-18,3.83,4.225,3.76,4.05,0.17,+4.38%,5065000
ATAI,2025-08-19,4.2,4.2137,3.86,3.97,-0.08,-1.98%,4252800
ATAI,2025-08-20,3.96,4.05,3.86,3.97,0,0.00%,2821800
ATAI,2025-08-21,3.92,4.5288,3.9114,4.39,0.42,+10.58%,6966100
ATAI,2025-08-22,4.48,4.74,4.36,4.57,0.18,+4.10%,8918400
ATAI,2025-08-25,4.745,5.34,4.6201,4.74,0.17,+3.72%,16536800
ATAI,2025-08-26,4.78,5.01,4.51,4.83,0.09,+1.90%,8125500
ATAI,2025-08-27,4.8,4.835,4.565,4.57,-0.26,-5.38%,3849800
ATAI,2025-08-28,4.6,4.91,4.5733,4.65,0.08,+1.75%,3042600
ATAI,2025-08-29,4.65,4.73,4.4,4.58,-0.07,-1.51%,3091000
ATAI,2025-09-02,4.45,4.76,4.42,4.59,0.01,+0.22%,3269100
ATAI,2025-09-03,4.55,4.83,4.4233,4.52,-0.07,-1.53%,3837000
ATAI,2025-09-04,4.5,4.6,4.225,4.56,0.04,+0.88%,4248000
ATAI,2025-09-05,4.6,4.65,4.415,4.57,0.01,+0.22%,3173600
ATAI,2025-09-08,4.53,4.5954,4.44,4.52,-0.05,-1.09%,2183800
ATAI,2025-09-09,4.57,4.89,4.4542,4.89,0.37,+8.19%,5055100
ATAI,2025-09-10,4.91,4.99,4.63,4.72,-0.17,-3.48%,4800800
ATAI,2025-09-11,4.71,4.72,4.5,4.6,-0.12,-2.54%,3165900
ATAI,2025-09-12,4.6,4.75,4.56,4.63,0.03,+0.65%,3356900
ATAI,2025-09-15,4.67,4.72,4.495,4.65,0.02,+0.43%,2714300
ATAI,2025-09-16,4.65,4.66,4.54,4.65,0,0.00%,2025800
ATAI,2025-09-17,4.64,4.78,4.5813,4.61,-0.04,-0.86%,2944500
ATAI,2025-09-18,4.7,5.06,4.68,4.72,0.11,+2.39%,5638500
ATAI,2025-09-19,4.77,5.05,4.77,4.95,0.23,+4.87%,5342800
ATAI,2025-09-22,4.98,4.98,4.7801,4.88,-0.07,-1.41%,3167800
ATAI,2025-09-23,5.11,5.76,5,5.61,0.73,+14.96%,22096900
ATAI,2025-09-24,5.86,5.965,5.36,5.49,-0.12,-2.14%,18823800
ATAI,2025-09-25,5.2,5.31,5.02,5.17,-0.32,-5.83%,5652500
ATAI,2025-09-26,5.22,5.41,5.13,5.27,0.1,+1.93%,3188700
ATAI,2025-09-29,5.37,5.478,5.28,5.45,0.18,+3.42%,3996500
ATAI,2025-09-30,5.25,5.335,4.85,5.29,-0.16,-2.94%,7451100
ATAI,2025-10-01,5.28,5.435,5.13,5.2,-0.09,-1.70%,4355300
ATAI,2025-10-02,5.22,5.235,4.9922,5.14,-0.06,-1.15%,4746000
ATAI,2025-10-03,5.17,5.52,5.0434,5.23,0.09,+1.75%,4737900
ATAI,2025-10-06,5.3,5.525,5.1601,5.47,0.24,+4.59%,4551800
ATAI,2025-10-07,5.52,5.69,5.38,5.54,0.07,+1.28%,4243300
ATAI,2025-10-08,5.57,5.6132,5.38,5.58,0.04,+0.72%,3910200
ATAI,2025-10-09,5.65,5.8299,5.3616,5.45,-0.13,-2.33%,4616900
ATAI,2025-10-10,5.45,5.4821,5.09,5.1,-0.35,-6.42%,4610100
ATAI,2025-10-13,5.21,5.43,5.06,5.4,0.3,+5.88%,5253700
ATAI,2025-10-14,5.35,6.2399,5.34,6,0.6,+11.11%,9789700
ATAI,2025-10-15,6.12,6.3,5.835,5.96,-0.04,-0.67%,6306200
ATAI,2025-10-16,6,6.09,5.475,5.48,-0.48,-8.05%,6642300
ATAI,2025-10-17,5.53,6.5452,5.38,6.45,0.97,+17.70%,31255300
ATAI,2025-10-20,6.7,6.75,6.28,6.42,-0.03,-0.47%,10318700
ATAI,2025-10-21,6.56,6.56,5.86,5.87,-0.55,-8.57%,7885900
ATAI,2025-10-22,5.95,6.09,5.5,5.64,-0.23,-3.92%,6125300
ATAI,2025-10-23,5.63,5.7,5.5,5.55,-0.09,-1.60%,4061100
ATAI,2025-10-24,5.85,5.94,5.72,5.77,0.22,+3.96%,4596700
ATAI,2025-10-27,5.88,6.23,5.86,6.22,0.45,+7.80%,8602500
ATAI,2025-10-28,6.16,6.16,5.83,5.96,-0.26,-4.18%,4750100
ATAI,2025-10-29,5.89,6.005,5.725,5.86,-0.1,-1.68%,4290500
ATAI,2025-10-30,5.78,5.87,5.71,5.78,-0.08,-1.37%,4567500
ATAI,2025-10-31,5.76,5.915,5.66,5.84,0.06,+1.04%,4493200
ATAI,2025-11-03,5.85,5.86,5.28,5.35,-0.49,-8.39%,6972600
ATAI,2025-11-04,5.2,5.56,5.17,5.28,-0.07,-1.31%,3351100
ATAI,2025-11-05,5.16,5.22,4.45,4.48,-0.8,-15.15%,10351500
ATAI,2025-11-06,4.31,4.5,4.14,4.34,-0.14,-3.13%,7845300
ATAI,2025-11-07,4.18,4.41,4.15,4.36,0.02,+0.46%,3933300
ATAI,2025-11-10,4.55,4.645,4.26,4.35,-0.01,-0.23%,5088000
ATAI,2025-11-11,4.31,4.56,4.24,4.43,0.08,+1.84%,3774200
ATAI,2025-11-12,4.31,4.46,4.22,4.33,-0.1,-2.26%,3830100
ATAI,2025-11-13,4.27,4.3211,4.01,4.13,-0.2,-4.62%,4587700
ATAI,2025-11-14,4.01,4.1582,3.96,4,-0.13,-3.15%,6028100
ATAI,2025-11-17,4,4.045,3.85,3.96,-0.04,-1.00%,4397400
ATAI,2025-11-18,3.88,4,3.72,3.93,-0.03,-0.76%,4881700
ATAI,2025-11-19,3.91,3.97,3.75,3.82,-0.11,-2.80%,3362500
ATAI,2025-11-20,3.88,4.08,3.6321,3.66,-0.16,-4.19%,6717300
ATAI,2025-11-21,3.65,3.835,3.64,3.8,0.14,+3.83%,3863000
ATAI,2025-11-24,3.84,3.885,3.73,3.84,0.04,+1.05%,6145900
ATAI,2025-11-25,3.86,3.86,3.6,3.76,-0.08,-2.08%,2914500
ATAI,2025-11-26,3.77,3.8,3.69,3.75,-0.01,-0.27%,2338000
ATAI,2025-11-28,3.81,3.95,3.78,3.89,0.14,+3.73%,2276800
ATAI,2025-12-01,3.82,3.865,3.71,3.84,-0.05,-1.29%,2948500
ATAI,2025-12-02,3.86,3.985,3.84,3.87,0.03,+0.78%,3625500
ATAI,2025-12-03,3.86,4.08,3.84,4.06,0.19,+4.91%,3182100
ATAI,2025-12-04,4.07,4.54,4.06,4.4,0.34,+8.37%,5569700
ATAI,2025-12-05,4.41,4.455,4.22,4.32,-0.08,-1.82%,2849300
ATAI,2025-12-08,4.36,4.47,4.29,4.45,0.13,+3.01%,2235600
ATAI,2025-12-09,4.44,4.54,4.37,4.39,-0.06,-1.35%,1918200
ATAI,2025-12-10,4.39,4.45,4.3,4.33,-0.06,-1.37%,2027500
ATAI,2025-12-11,4.35,4.45,4.25,4.42,0.09,+2.08%,1854700
ATAI,2025-12-12,4.45,4.63,4.255,4.29,-0.13,-2.94%,4116100
ATAI,2025-12-15,4.3,4.32,4.1,4.14,-0.15,-3.50%,1820400
ATAI,2025-12-16,4.1,4.25,4.08,4.23,0.09,+2.17%,1346800
ATAI,2025-12-17,4.24,4.3336,4.05,4.06,-0.17,-4.02%,1441800
ATAI,2025-12-18,4.09,4.2106,3.88,3.91,-0.15,-3.69%,2423900
ATAI,2025-12-19,3.94,4.015,3.91,3.96,0.05,+1.28%,9991700
ATAI,2025-12-22,4.01,4.31,3.97,4.3,0.34,+8.59%,4542800
ATAI,2025-12-23,4.42,4.72,4.25,4.33,0.03,+0.70%,6667100
ATAI,2025-12-24,4.34,4.36,4.11,4.19,-0.14,-3.23%,1960900
ATAI,2025-12-26,4.2,4.2,4.02,4.07,-0.12,-2.86%,3031700
ATAI,2025-12-29,4,4.1,3.96,4,-0.07,-1.72%,2576500
ATAI,2025-12-30,3.99,4.03,3.9,3.98,-0.02,-0.50%,3301000
ATAI,2025-12-31,3.98,4.105,3.93,4.09,0.11,+2.76%,3946700
ATAI,2026-01-02,4.19,4.19,3.78,3.87,-0.22,-5.38%,5761700
ATAI,2026-01-05,3.82,3.93,3.64,3.87,0,0.00%,4190200
ATAI,2026-01-06,3.9,4.015,3.795,4,0.13,+3.36%,3113100
ATAI,2026-01-07,4,4.14,3.92,4,0,0.00%,3647100
ATAI,2026-01-08,3.99,4.09,3.9,3.97,-0.03,-0.75%,3367100
ATAI,2026-01-09,3.97,3.98,3.68,3.75,-0.22,-5.54%,4902700
ATAI,2026-01-12,3.74,3.81,3.64,3.76,0.01,+0.27%,7060400
ATAI,2026-01-13,3.75,3.82,3.6,3.67,-0.09,-2.39%,3856000
ATAI,2026-01-14,3.67,3.8453,3.65,3.72,0.05,+1.36%,4246200
ATAI,2026-01-15,3.73,3.78,3.65,3.71,-0.01,-0.27%,4214300
ATAI,2026-01-16,3.72,3.74,3.61,3.64,-0.07,-1.89%,2116900
ATAI,2026-01-20,3.55,3.905,3.5,3.85,0.21,+5.77%,5789800
ATAI,2026-01-21,3.86,3.92,3.77,3.9,0.05,+1.30%,3412700
ATAI,2026-01-22,3.93,4.075,3.91,3.97,0.07,+1.79%,2973400
ATAI,2026-01-23,3.95,4.1699,3.895,4.15,0.18,+4.53%,5058300
ATAI,2026-01-26,4.08,4.1,3.83,3.9,-0.25,-6.02%,4659600
ATAI,2026-01-27,3.95,3.97,3.89,3.9,0,0.00%,1913600
ATAI,2026-01-28,3.9,3.97,3.8245,3.87,-0.03,-0.77%,4070900
ATAI,2026-01-29,3.87,3.9963,3.785,3.84,-0.03,-0.78%,3392700
ATAI,2026-01-30,3.83,3.93,3.7,3.76,-0.08,-2.08%,2136100
ATAI,2026-02-02,3.74,3.95,3.7201,3.84,0.08,+2.13%,3108500
ATAI,2026-02-03,3.88,3.98,3.7401,3.87,0.03,+0.78%,3697800
ATAI,2026-02-04,3.85,3.87,3.535,3.61,-0.26,-6.72%,4157900
ATAI,2026-02-05,3.55,3.6,3.32,3.41,-0.2,-5.54%,5838900
ATAI,2026-02-06,3.44,3.8,3.44,3.77,0.36,+10.56%,4549700
ATAI,2026-02-09,3.77,3.94,3.685,3.935,0.165,+4.38%,2668200
ATAI,2026-02-10,3.9,4.01,3.81,3.85,-0.085,-2.16%,4278500
ATAI,2026-02-11,3.87,3.99,3.745,3.97,0.12,+3.12%,2680100
ATAI,2026-02-12,3.93,3.935,3.58,3.58,-0.39,-9.82%,4010000
ATAI,2026-02-13,3.61,3.75,3.5,3.57,-0.01,-0.28%,2279500
ATAI,2026-02-17,3.68,3.88,3.65,3.8,0.23,+6.44%,4235600
ATAI,2026-02-18,3.8,4.16,3.7869,3.95,0.15,+3.95%,4765900
ATAI,2026-02-19,3.95,3.95,3.555,3.82,-0.13,-3.29%,4521200
ATAI,2026-02-20,3.83,4.03,3.82,3.88,0.06,+1.57%,3310500
ATAI,2026-02-23,3.81,3.98,3.752,3.97,0.09,+2.32%,3097300
ATAI,2026-02-24,4,4.37,3.94,4.37,0.4,+10.08%,6947200
ATAI,2026-02-25,4.36,4.4,4.17,4.34,-0.03,-0.69%,4039600
ATAI,2026-02-26,3.9,4,3.53,3.73,-0.61,-14.06%,9565000
ATAI,2026-02-27,3.71,3.71,3.465,3.63,-0.1,-2.68%,6270200
ATAI,2026-03-02,3.5,3.79,3.47,3.68,0.05,+1.38%,4195900
ATAI,2026-03-03,3.7,3.75,3.6,3.69,0.01,+0.27%,6246500
ATAI,2026-03-04,3.73,3.76,3.595,3.69,0,0.00%,3555200
ATAI,2026-03-05,3.61,3.6399,3.45,3.54,-0.15,-4.07%,5074900
ATAI,2026-03-06,3.45,3.575,3.3678,3.39,-0.15,-4.24%,7378326
ATAI,2026-03-09,3.4,3.91,3.38,3.89,0.5,+14.75%,9159500
ATAI,2026-03-10,3.84,4.25,3.83,4.14,0.25,+6.43%,10012000
ATAI,2026-03-11,4.09,4.15,3.92,4.06,-0.08,-1.93%,4509400
ATAI,2026-03-12,4.01,4.08,3.81,3.82,-0.24,-5.91%,3534300
ATAI,2026-03-13,3.75,3.9,3.65,3.69,-0.13,-3.40%,4198300
ATAI,2026-03-16,3.735,3.855,3.6401,3.65,-0.04,-1.08%,3409900
ATAI,2026-03-17,3.69,3.7283,3.58,3.65,0,0.00%,3531300
ATAI,2026-03-18,3.65,3.695,3.55,3.56,-0.09,-2.47%,5209300
ATAI,2026-03-19,3.5,3.645,3.45,3.57,0.01,+0.28%,4967800
ATAI,2026-03-20,3.55,3.6399,3.385,3.49,-0.08,-2.24%,17832400
ATAI,2026-03-23,3.49,3.57,3.37,3.39,-0.1,-2.87%,5307500
ATAI,2026-03-24,3.37,3.4,3.265,3.38,-0.01,-0.29%,5128600
ATAI,2026-03-25,3.37,3.65,3.37,3.54,0.16,+4.73%,3235100
ATAI,2026-03-26,3.5,3.63,3.48,3.54,0,0.00%,2647000
ATAI,2026-03-27,3.62,3.66,3.315,3.35,-0.19,-5.37%,3254100
ATAI,2026-03-30,3.38,3.479,3.3534,3.4,0.05,+1.49%,2956900
ATAI,2026-03-31,3.455,3.61,3.45,3.54,0.14,+4.12%,3022200
ATAI,2026-04-01,3.57,3.71,3.54,3.7,0.16,+4.52%,2494600
ATAI,2026-04-02,3.58,3.8,3.54,3.79,0.09,+2.43%,3055000
ATAI,2026-04-06,3.81,3.97,3.77,3.85,0.06,+1.58%,3365400
ATAI,2026-04-07,3.83,3.85,3.67,3.79,-0.06,-1.56%,2556000
ATAI,2026-04-08,3.88,3.95,3.72,3.76,-0.03,-0.79%,5094400
ATAI,2026-04-09,3.76,3.78,3.65,3.7,-0.06,-1.60%,2061700
ATAI,2026-04-10,3.7,3.72,3.64,3.64,-0.06,-1.62%,2295600
ATAI,2026-04-13,3.6,3.79,3.565,3.79,0.15,+4.12%,2340900
ATAI,2026-04-14,3.82,3.99,3.79,3.85,0.06,+1.58%,3544300
ATAI,2026-04-15,3.87,4,3.86,4,0.15,+3.90%,3334600
ATAI,2026-04-16,4,4.46,3.88,4.09,0.09,+2.25%,16706300
ATAI,2026-04-17,4.19,4.3,4,4.03,-0.06,-1.47%,5768500
ATAI,2026-04-20,5.03,5.51,4.8,4.9,0.87,+21.59%,47137900
ATAI,2026-04-21,4.99,5.185,4.6533,4.87,-0.03,-0.61%,14766300
ATAI,2026-04-22,4.96,5,4.63,4.71,-0.16,-3.29%,6636000
ATAI,2026-04-23,4.8,4.89,4.6,4.77,0.06,+1.27%,8475400
ATAI,2026-04-24,4.85,4.88,4.52,4.63,-0.14,-2.94%,5977400
ATAT,2022-11-11,15.5,17.05,12,12.88,8.25,+178.19%,1841100
ATAT,2022-11-14,14.68,14.95,12.6,13.35,0.47,+3.65%,1490300
ATAT,2022-11-15,14.4,15.27,13.74,14.11,0.76,+5.69%,1678000
ATAT,2022-11-16,13.61,13.9,11.0166,11.39,-2.72,-19.28%,468800
ATAT,2022-11-17,12.01,15.7,11.8,14.92,3.53,+30.99%,1942900
ATAT,2022-11-18,15.01,15.36,12.6,13.13,-1.79,-12.00%,1038100
ATAT,2022-11-21,12.6,13.16,12.2,12.44,-0.69,-5.26%,298800
ATAT,2022-11-22,12,12.26,11.2386,11.35,-1.09,-8.76%,423100
ATAT,2022-11-23,12,12.1,11.15,11.47,0.12,+1.06%,293400
ATAT,2022-11-25,11.6,11.88,11.19,11.64,0.17,+1.48%,124300
ATAT,2022-11-28,12.22,12.8,12.02,12.4,0.76,+6.53%,607700
ATAT,2022-11-29,13.5,13.79,12.02,12.75,0.35,+2.82%,1110600
ATAT,2022-11-30,13.98,15.8,13.2,15.23,2.48,+19.45%,1493000
ATAT,2022-12-01,14.79,16.12,14.65,15.83,0.6,+3.94%,960700
ATAT,2022-12-02,15.22,18.88,14.85,17.69,1.86,+11.75%,2141700
ATAT,2022-12-05,18.6,18.61,15.1,15.37,-2.32,-13.11%,1154100
ATAT,2022-12-06,15.62,16,14.381,15.88,0.51,+3.32%,580700
ATAT,2022-12-07,15.2,15.38,14.33,14.89,-0.99,-6.23%,381700
ATAT,2022-12-08,16,17.2,15.79,16.6,1.71,+11.48%,1029200
ATAT,2022-12-09,16.37,16.58,16.21,16.54,-0.06,-0.36%,141900
ATAT,2022-12-12,15.4,16.59,15.35,16.59,0.05,+0.30%,336000
ATAT,2022-12-13,16.89,17.755,16.6,17.4,0.81,+4.88%,365800
ATAT,2022-12-14,17.28,17.49,16.4964,16.78,-0.62,-3.56%,299500
ATAT,2022-12-15,16.83,17.3,16.09,16.51,-0.27,-1.61%,261400
ATAT,2022-12-16,16.68,16.89,16,16.68,0.17,+1.03%,187400
ATAT,2022-12-19,15.9,16.66,15.69,16.64,-0.04,-0.24%,283700
ATAT,2022-12-20,16.21,17.5,16.02,17.44,0.8,+4.81%,317600
ATAT,2022-12-21,17.45,18.8,17.2278,18.72,1.28,+7.34%,354100
ATAT,2022-12-22,18.4,18.67,17.7,18.11,-0.61,-3.26%,203700
ATAT,2022-12-23,18.41,18.8095,18.1,18.5,0.39,+2.15%,117500
ATAT,2022-12-27,18.73,18.91,17.51,17.85,-0.65,-3.51%,559800
ATAT,2022-12-28,18.16,18.4,16.36,16.55,-1.3,-7.28%,705400
ATAT,2022-12-29,16.5,18.195,16.49,18.01,1.46,+8.82%,386000
ATAT,2022-12-30,17.35,18.15,17.35,18.02,0.01,+0.06%,292200
ATAT,2023-01-03,18.11,19.57,17.8,19.33,1.31,+7.27%,482000
ATAT,2023-01-04,19.89,20,19,19.34,0.01,+0.05%,449300
ATAT,2023-01-05,19.04,19.7,18.58,19.35,0.01,+0.05%,411300
ATAT,2023-01-06,18.75,19.3,18.34,18.36,-0.99,-5.12%,204700
ATAT,2023-01-09,19.42,20.5,18.91,20.45,2.09,+11.38%,680200
ATAT,2023-01-10,20.29,21.445,20.05,21.11,0.66,+3.23%,240700
ATAT,2023-01-11,21.37,22.37,20.2349,22.02,0.91,+4.31%,180600
ATAT,2023-01-12,22,22.17,20.23,20.35,-1.67,-7.58%,173700
ATAT,2023-01-13,20.37,25.5,20.37,25.4,5.05,+24.82%,580800
ATAT,2023-01-17,24.5,24.5,22.04,22.21,-3.19,-12.56%,436000
ATAT,2023-01-18,22.3,23.5,21.7,21.87,-0.34,-1.53%,447300
ATAT,2023-01-19,21.74,25.34,21.74,25.28,3.41,+15.59%,298400
ATAT,2023-01-20,25.3,27.35,24.51,27.09,1.81,+7.16%,274200
ATAT,2023-01-23,27.43,27.43,25.81,26.55,-0.54,-1.99%,133900
ATAT,2023-01-24,26.64,29.4,26.01,29.08,2.53,+9.53%,167000
ATAT,2023-01-25,28.28,29.124,26.81,27.13,-1.95,-6.71%,276200
ATAT,2023-01-26,27.35,28.42,23.8,24.66,-2.47,-9.10%,763400
ATAT,2023-01-27,25.3,26.22,24.9,25,0.34,+1.38%,326500
ATAT,2023-01-30,24.5,28.69,23.5,27.87,2.87,+11.48%,742100
ATAT,2023-01-31,26.82,27.2,26.02,26.9,-0.97,-3.48%,206300
ATAT,2023-02-01,26.89,27.07,25.12,25.6,-1.3,-4.83%,146700
ATAT,2023-02-02,25.61,26.69,24.8,26.63,1.03,+4.02%,250000
ATAT,2023-02-03,25.01,26.36,25.01,25.03,-1.6,-6.01%,92400
ATAT,2023-02-06,24.83,25.4,22.79,23.14,-1.89,-7.55%,324800
ATAT,2023-02-07,24.42,25.69,24.28,25.64,2.5,+10.80%,279300
ATAT,2023-02-08,25.91,26.11,24.06,26.08,0.44,+1.72%,150300
ATAT,2023-02-09,26.51,28.18,25.355,26.09,0.01,+0.04%,297000
ATAT,2023-02-10,25,25.8744,25,25.28,-0.81,-3.10%,68200
ATAT,2023-02-13,25.68,27.7733,25.68,27.21,1.93,+7.63%,170600
ATAT,2023-02-14,26.69,27.2299,25.34,26.64,-0.57,-2.09%,89300
ATAT,2023-02-15,26.19,26.348,25.25,25.71,-0.93,-3.49%,58200
ATAT,2023-02-16,25.57,25.95,24.5,24.88,-0.83,-3.23%,110600
ATAT,2023-02-17,24.77,24.9592,23.28,23.8,-1.08,-4.34%,131900
ATAT,2023-02-21,23.75,25.19,23.75,24.81,1.01,+4.24%,96300
ATAT,2023-02-22,24.81,25.4,23.07,23.21,-1.6,-6.45%,143700
ATAT,2023-02-23,23.65,26.88,23.65,26.45,3.24,+13.96%,348500
ATAT,2023-02-24,25.6,25.6,23.7,24.07,-2.38,-9.00%,247300
ATAT,2023-02-27,24.6,24.8799,24.28,24.5,0.43,+1.79%,62100
ATAT,2023-02-28,24.6,27.4399,24.6,26.43,1.93,+7.88%,263600
ATAT,2023-03-01,27.13,27.499,26.46,27.21,0.78,+2.95%,104000
ATAT,2023-03-02,27,27.31,25.84,26.08,-1.13,-4.15%,71300
ATAT,2023-03-03,26.29,26.9,25.15,26.26,0.18,+0.69%,88200
ATAT,2023-03-06,26.45,27.2457,25.6,27.03,0.77,+2.93%,84200
ATAT,2023-03-07,26.85,27,24.82,26.75,-0.28,-1.04%,179600
ATAT,2023-03-08,26.37,26.4,24.47,25.1,-1.65,-6.17%,140700
ATAT,2023-03-09,24.56,24.92,22.99,24.01,-1.09,-4.34%,253900
ATAT,2023-03-10,23.94,24.36,23,23.49,-0.52,-2.17%,92600
ATAT,2023-03-13,23.49,26.228,23.15,24.76,1.27,+5.41%,104400
ATAT,2023-03-14,24.8,24.8,23.2,23.47,-1.29,-5.21%,69600
ATAT,2023-03-15,23.6,23.6,20.204,22.4,-1.07,-4.56%,471700
ATAT,2023-03-16,22.6,24.31,21.09,24.08,1.68,+7.50%,149100
ATAT,2023-03-17,24.49,25.2,23.37,24.02,-0.06,-0.25%,155700
ATAT,2023-03-20,23.6,24.57,23.1,23.86,-0.16,-0.67%,62300
ATAT,2023-03-21,24.18,24.18,21.5,23.19,-0.67,-2.81%,202400
ATAT,2023-03-22,23.3,23.3,22.23,22.7,-0.49,-2.11%,86900
ATAT,2023-03-23,23,24.29,22.97,23.87,1.17,+5.15%,102500
ATAT,2023-03-24,23.19,23.99,22.7517,23.28,-0.59,-2.47%,47000
ATAT,2023-03-27,23.17,25.58,23.1427,24.43,1.15,+4.94%,185300
ATAT,2023-03-28,24.83,24.93,23.81,24.6,0.17,+0.70%,77800
ATAT,2023-03-29,24.9,25.14,23.635,24.63,0.03,+0.12%,125000
ATAT,2023-03-30,25.12,25.12,23.3,23.6,-1.03,-4.18%,249000
ATAT,2023-03-31,23.93,27,23.7987,26.21,2.61,+11.06%,468300
ATAT,2023-04-03,26,27.5,25.24,26.63,0.42,+1.60%,280500
ATAT,2023-04-04,26.515,26.515,24.46,24.7,-1.93,-7.25%,198600
ATAT,2023-04-05,24.8,24.96,23.8,24.18,-0.52,-2.11%,70000
ATAT,2023-04-06,24.58,26.2,24.24,26.2,2.02,+8.35%,111800
ATAT,2023-04-10,26.05,26.98,25.05,26.83,0.63,+2.40%,72200
ATAT,2023-04-11,26.8,27.1,25.8,26.02,-0.81,-3.02%,46400
ATAT,2023-04-12,25.76,26.16,24.165,24.7,-1.32,-5.07%,262600
ATAT,2023-04-13,25.06,25.4,22.33,22.58,-2.12,-8.58%,295400
ATAT,2023-04-14,23.2,23.275,22.58,22.83,0.25,+1.11%,151500
ATAT,2023-04-17,23.12,24.44,22.74,23.48,0.65,+2.85%,121200
ATAT,2023-04-18,23.61,23.67,22.975,23.16,-0.32,-1.36%,67700
ATAT,2023-04-19,22.83,24.96,22.8,24.74,1.58,+6.82%,124300
ATAT,2023-04-20,24.51,25.18,24.02,24.15,-0.59,-2.38%,100000
ATAT,2023-04-21,24.41,24.41,22.69,23.02,-1.13,-4.68%,172800
ATAT,2023-04-24,23.02,23.31,21.34,21.59,-1.43,-6.21%,207900
ATAT,2023-04-25,21.21,21.32,20.1,20.33,-1.26,-5.84%,258200
ATAT,2023-04-26,21.68,22.49,21,21.57,1.24,+6.10%,342600
ATAT,2023-04-27,21.3,21.77,20.5,21.43,-0.14,-0.65%,473100
ATAT,2023-04-28,21.55,21.775,21.2191,21.44,0.01,+0.05%,66700
ATAT,2023-05-01,21.55,21.68,21.0401,21.5,0.06,+0.28%,103700
ATAT,2023-05-02,21.47,21.47,20.21,20.21,-1.29,-6.00%,80300
ATAT,2023-05-03,20.23,20.64,19.5323,20.38,0.17,+0.84%,127700
ATAT,2023-05-04,20.01,21.07,20,20.14,-0.24,-1.18%,102300
ATAT,2023-05-05,20.11,20.26,19.51,19.72,-0.42,-2.09%,105700
ATAT,2023-05-08,19.84,19.96,19.09,19.72,0,0.00%,168800
ATAT,2023-05-09,19.3,19.63,18.43,18.49,-1.23,-6.24%,353400
ATAT,2023-05-10,18.41,18.74,17.3,17.3,-1.19,-6.44%,290600
ATAT,2023-05-11,17.3,18.14,16.86,17.82,0.52,+3.01%,336000
ATAT,2023-05-12,18,18.32,17.54,17.78,-0.04,-0.22%,65500
ATAT,2023-05-15,18.1,19.48,17.75,19.27,1.49,+8.38%,149300
ATAT,2023-05-16,19.27,19.68,18.86,19.63,0.36,+1.87%,106300
ATAT,2023-05-17,19.14,19.72,18.91,19.33,-0.3,-1.53%,111200
ATAT,2023-05-18,19.17,19.94,17.52,18.2,-1.13,-5.85%,274500
ATAT,2023-05-19,18.59,18.98,17.81,18.7,0.5,+2.75%,225900
ATAT,2023-05-22,19.01,19.08,17.775,17.85,-0.85,-4.55%,358100
ATAT,2023-05-23,17.56,18.48,16.865,17.54,-0.31,-1.74%,409300
ATAT,2023-05-24,17.18,17.83,16.22,17.74,0.2,+1.14%,335600
ATAT,2023-05-25,17.27,17.64,16.96,16.96,-0.78,-4.40%,97500
ATAT,2023-05-26,17.22,18.15,17.2,18,1.04,+6.13%,591200
ATAT,2023-05-30,18.27,18.27,16.95,16.96,-1.04,-5.78%,210000
ATAT,2023-05-31,17.08,17.43,16.16,16.16,-0.8,-4.72%,326900
ATAT,2023-06-01,16.48,18.08,16.41,17.8,1.64,+10.15%,236600
ATAT,2023-06-02,18.24,18.5,17.86,17.88,0.08,+0.45%,159800
ATAT,2023-06-05,17.97,18,16.89,17.02,-0.86,-4.81%,98900
ATAT,2023-06-06,16.17,16.87,14.8,15.76,-1.26,-7.40%,905200
ATAT,2023-06-07,16.1,16.6,15.3,15.67,-0.09,-0.57%,1088900
ATAT,2023-06-08,15.25,15.7,15.02,15.44,-0.23,-1.47%,3252300
ATAT,2023-06-09,15.5,16.295,15.42,15.76,0.32,+2.07%,921000
ATAT,2023-06-12,15.78,16.43,15.78,16.04,0.28,+1.78%,678100
ATAT,2023-06-13,16.32,17.76,16.055,16.88,0.84,+5.24%,1009100
ATAT,2023-06-14,16.91,17.85,16.83,17.47,0.59,+3.50%,452700
ATAT,2023-06-15,17.65,18.4,17.47,18.08,0.61,+3.49%,1028100
ATAT,2023-06-16,18.13,18.755,16.83,17.26,-0.82,-4.54%,924700
ATAT,2023-06-20,17.02,17.02,16.08,16.11,-1.15,-6.66%,636600
ATAT,2023-06-21,15.99,16.64,15.99,16.32,0.21,+1.30%,145800
ATAT,2023-06-22,15.99,16.35,15.61,15.9,-0.42,-2.57%,177900
ATAT,2023-06-23,15.73,15.99,15.5,15.73,-0.17,-1.07%,184100
ATAT,2023-06-26,15.81,16.47,15.78,15.8,0.07,+0.45%,318600
ATAT,2023-06-27,16.1,16.68,16,16.56,0.76,+4.81%,297100
ATAT,2023-06-28,16.58,16.69,15.89,16.18,-0.38,-2.29%,220200
ATAT,2023-06-29,16.1,16.27,15.75,16.22,0.04,+0.25%,251900
ATAT,2023-06-30,16.43,16.43,16.05,16.24,0.02,+0.12%,474000
ATAT,2023-07-03,16.68,18.28,16.68,18.12,1.88,+11.58%,502600
ATAT,2023-07-05,17.95,18.45,17.06,17.33,-0.79,-4.36%,453700
ATAT,2023-07-06,17.03,17.41,16.85,17.26,-0.07,-0.40%,284800
ATAT,2023-07-07,17.42,17.7574,17.1,17.36,0.1,+0.58%,216400
ATAT,2023-07-10,17.4,18.28,17.4,18.05,0.69,+3.97%,289200
ATAT,2023-07-11,18.18,18.29,17.95,18.19,0.14,+0.78%,355000
ATAT,2023-07-12,18.71,19.26,18.7,18.93,0.74,+4.07%,417500
ATAT,2023-07-13,19.3,20.24,19.2,19.67,0.74,+3.91%,733200
ATAT,2023-07-14,19.5,19.81,19.15,19.31,-0.36,-1.83%,322000
ATAT,2023-07-17,19.19,19.53,19.0432,19.49,0.18,+0.93%,286200
ATAT,2023-07-18,19.38,19.71,18.8,19.02,-0.47,-2.41%,283400
ATAT,2023-07-19,19.14,19.6,19.11,19.46,0.44,+2.31%,126900
ATAT,2023-07-20,19.21,19.37,18.8148,18.97,-0.49,-2.52%,245300
ATAT,2023-07-21,19.1,19.235,18.56,18.61,-0.36,-1.90%,159200
ATAT,2023-07-24,18.55,19.5,18.14,19.24,0.63,+3.39%,245200
ATAT,2023-07-25,19.7,20.1,19.1,19.43,0.19,+0.99%,320900
ATAT,2023-07-26,19.31,19.84,19.31,19.57,0.14,+0.72%,312600
ATAT,2023-07-27,19.92,19.97,19.06,19.09,-0.48,-2.45%,243000
ATAT,2023-07-28,20.1,21,19.11,20.54,1.45,+7.60%,968800
ATAT,2023-07-31,21,21.21,20.03,20.26,-0.28,-1.36%,502500
ATAT,2023-08-01,20.01,20.42,19.81,20.07,-0.19,-0.94%,291500
ATAT,2023-08-02,19.68,20.29,19.54,20.06,-0.01,-0.05%,401800
ATAT,2023-08-03,20.29,21.41,20.28,21,0.94,+4.69%,998600
ATAT,2023-08-04,21.2,21.2,20.5,21.04,0.04,+0.19%,497600
ATAT,2023-08-07,21.04,21.04,20.51,21,-0.04,-0.19%,401800
ATAT,2023-08-08,20.77,21.03,20.4,21.03,0.03,+0.14%,290500
ATAT,2023-08-09,21.03,21.21,20.33,21.16,0.13,+0.62%,668800
ATAT,2023-08-10,21.21,21.45,20.87,21.26,0.1,+0.47%,806200
ATAT,2023-08-11,20.76,21.005,20.71,20.94,-0.32,-1.51%,209700
ATAT,2023-08-14,20.7,20.92,19.975,20.86,-0.08,-0.38%,251600
ATAT,2023-08-15,20.86,21,20.6401,20.91,0.05,+0.24%,275000
ATAT,2023-08-16,20.5,20.95,19.98,20.76,-0.15,-0.72%,441900
ATAT,2023-08-17,21.89,23,20.67,22,1.24,+5.97%,1430700
ATAT,2023-08-18,21,21.14,19.71,20.15,-1.85,-8.41%,1174700
ATAT,2023-08-21,20.16,20.7699,19.85,20.31,0.16,+0.79%,622200
ATAT,2023-08-22,20.81,20.89,20.36,20.5,0.19,+0.94%,593100
ATAT,2023-08-23,20.62,20.85,20.36,20.7,0.2,+0.98%,482300
ATAT,2023-08-24,21.02,21.02,20.41,20.43,-0.27,-1.30%,1019700
ATAT,2023-08-25,20.79,20.79,19.32,19.35,-1.08,-5.29%,616000
ATAT,2023-08-28,19.47,19.68,19.325,19.48,0.13,+0.67%,435600
ATAT,2023-08-29,19.68,20.1,19.6,19.78,0.3,+1.54%,1058000
ATAT,2023-08-30,20.19,20.88,19.46,19.5,-0.28,-1.42%,793100
ATAT,2023-08-31,19.5,19.6,18.82,19.42,-0.08,-0.41%,530700
ATAT,2023-09-01,19.77,19.8968,19.27,19.62,0.2,+1.03%,599900
ATAT,2023-09-05,19.23,19.25,18.9,19.17,-0.45,-2.29%,453000
ATAT,2023-09-06,19.18,19.52,19.17,19.46,0.29,+1.51%,358200
ATAT,2023-09-07,19.16,19.16,17.95,18.24,-1.22,-6.27%,453000
ATAT,2023-09-08,18.28,18.63,18.28,18.46,0.22,+1.21%,237700
ATAT,2023-09-11,18.72,19.32,18.51,19.11,0.65,+3.52%,352500
ATAT,2023-09-12,18.94,19.83,18.94,19.55,0.44,+2.30%,711100
ATAT,2023-09-13,19.54,19.58,19.24,19.28,-0.27,-1.38%,297400
ATAT,2023-09-14,19.41,19.57,19.35,19.44,0.16,+0.83%,244300
ATAT,2023-09-15,19.5,19.575,19.35,19.5,0.06,+0.31%,260600
ATAT,2023-09-18,19.8,19.8,19.21,19.54,0.04,+0.21%,307400
ATAT,2023-09-19,19.53,19.53,18.91,19.35,-0.19,-0.97%,220900
ATAT,2023-09-20,19.33,19.49,19.01,19.23,-0.12,-0.62%,238100
ATAT,2023-09-21,18.9,19.06,18.19,18.19,-1.04,-5.41%,173500
ATAT,2023-09-22,18.89,18.99,18.55,18.6,0.41,+2.25%,229300
ATAT,2023-09-25,18.36,18.58,18.01,18.39,-0.21,-1.13%,1349000
ATAT,2023-09-26,18.46,18.98,18.07,18.68,0.29,+1.58%,422400
ATAT,2023-09-27,18.75,18.75,18.14,18.46,-0.22,-1.18%,158700
ATAT,2023-09-28,18.27,18.8,18.26,18.75,0.29,+1.57%,1046200
ATAT,2023-09-29,19.15,19.25,18.78,18.85,0.1,+0.53%,333000
ATAT,2023-10-02,18.9,19.25,18.51,18.6,-0.25,-1.33%,650700
ATAT,2023-10-03,18.29,18.57,18.22,18.24,-0.36,-1.94%,100000
ATAT,2023-10-04,18.24,18.57,18.1,18.16,-0.08,-0.44%,143400
ATAT,2023-10-05,18.16,18.18,17.66,17.73,-0.43,-2.37%,203200
ATAT,2023-10-06,17.7,18.24,17.65,17.8,0.07,+0.39%,589800
ATAT,2023-10-09,17.65,17.65,16.34,17.14,-0.66,-3.71%,580200
ATAT,2023-10-10,17.38,18.19,17.36,18.04,0.9,+5.25%,314200
ATAT,2023-10-11,18.15,18.465,17.88,18.16,0.12,+0.67%,465900
ATAT,2023-10-12,18.27,18.27,17.63,17.87,-0.29,-1.60%,169000
ATAT,2023-10-13,17.9,18.14,17.72,18.11,0.24,+1.34%,230200
ATAT,2023-10-16,18.1,18.99,17.8201,18.71,0.6,+3.31%,426900
ATAT,2023-10-17,18.5,19.29,18.5,19.07,0.36,+1.92%,206000
ATAT,2023-10-18,18.81,19.225,18.75,18.8,-0.27,-1.42%,129400
ATAT,2023-10-19,18.51,18.56,17.93,18.3,-0.5,-2.66%,149600
ATAT,2023-10-20,18.24,18.48,17.78,18.18,-0.12,-0.66%,209000
ATAT,2023-10-23,17.99,18.95,17.79,18.84,0.66,+3.63%,246400
ATAT,2023-10-24,18.72,19.5,18.72,19.02,0.18,+0.96%,491200
ATAT,2023-10-25,18.99,18.99,17.86,17.98,-1.04,-5.47%,129300
ATAT,2023-10-26,17.91,18.15,17.81,17.93,-0.05,-0.28%,93700
ATAT,2023-10-27,18.23,18.5,17.995,18.47,0.54,+3.01%,438800
ATAT,2023-10-30,18.76,19.5,18.59,19.4,0.93,+5.04%,544700
ATAT,2023-10-31,19.27,19.5,18.93,19.06,-0.34,-1.75%,218700
ATAT,2023-11-01,18.97,19.5,18.7001,19.43,0.37,+1.94%,191800
ATAT,2023-11-02,19.5,19.5,18.84,19,-0.43,-2.21%,133900
ATAT,2023-11-03,19.25,19.58,19.2,19.45,0.45,+2.37%,244900
ATAT,2023-11-06,19.6,19.6,18.65,18.8,-0.65,-3.34%,202100
ATAT,2023-11-07,18.65,18.92,18.35,18.71,-0.09,-0.48%,128600
ATAT,2023-11-08,18.75,19.45,18.75,19.2,0.49,+2.62%,164400
ATAT,2023-11-09,19.1,19.1,18.23,18.25,-0.95,-4.95%,169800
ATAT,2023-11-10,18.16,18.88,18.11,18.64,0.39,+2.14%,147800
ATAT,2023-11-13,18.66,19.6,18.66,19.43,0.79,+4.24%,265400
ATAT,2023-11-14,19.5,19.6,18.9,18.99,-0.44,-2.26%,468400
ATAT,2023-11-15,19.17,19.7,19.17,19.61,0.62,+3.26%,758800
ATAT,2023-11-16,19.04,19.3,18.31,19.12,-0.49,-2.50%,844600
ATAT,2023-11-17,19.35,19.68,18.54,18.63,-0.49,-2.56%,419500
ATAT,2023-11-20,19.09,19.505,18.72,19.14,0.51,+2.74%,422100
ATAT,2023-11-21,18.91,18.985,18.39,18.54,-0.6,-3.13%,513500
ATAT,2023-11-22,18.58,18.99,18.58,18.76,0.22,+1.19%,416200
ATAT,2023-11-24,18.77,19.07,18.47,18.96,0.2,+1.07%,367500
ATAT,2023-11-27,18.99,18.99,18.57,18.6,-0.36,-1.90%,363500
ATAT,2023-11-28,18.63,19.07,18.4,18.85,0.25,+1.34%,391800
ATAT,2023-11-29,18.47,18.56,17.715,17.88,-0.97,-5.15%,480700
ATAT,2023-11-30,17.88,18.035,17.69,17.81,-0.07,-0.39%,392200
ATAT,2023-12-01,17.8,18.04,17.79,18,0.19,+1.07%,314600
ATAT,2023-12-04,18.01,18.01,16.72,16.87,-1.13,-6.28%,235300
ATAT,2023-12-05,15.81,16.55,15.06,15.89,-0.98,-5.81%,1474500
ATAT,2023-12-06,16.76,16.78,16,16.23,0.34,+2.14%,3135500
ATAT,2023-12-07,16.4,16.625,16.26,16.52,0.29,+1.79%,1637500
ATAT,2023-12-08,16.4,17.02,16.4,16.81,0.29,+1.76%,442900
ATAT,2023-12-11,16.88,17.04,16.46,16.7,-0.11,-0.65%,1406600
ATAT,2023-12-12,16.58,17.12,16.5,16.71,0.01,+0.06%,708500
ATAT,2023-12-13,16.56,17.1,16.5,17.06,0.35,+2.09%,519500
ATAT,2023-12-14,17.15,17.43,16.925,16.98,-0.08,-0.47%,690600
ATAT,2023-12-15,17.09,17.27,16.77,17.11,0.13,+0.77%,501100
ATAT,2023-12-18,17.17,17.37,17.05,17.11,0,0.00%,411100
ATAT,2023-12-19,17.29,17.385,17.19,17.36,0.25,+1.46%,360300
ATAT,2023-12-20,17.32,17.5,16.93,16.94,-0.42,-2.42%,385300
ATAT,2023-12-21,17.29,17.39,16.785,17.32,0.38,+2.24%,339100
ATAT,2023-12-22,17.19,17.31,16.67,17.14,-0.18,-1.04%,470900
ATAT,2023-12-26,17.19,17.47,17.01,17.09,-0.05,-0.29%,579600
ATAT,2023-12-27,17.02,17.13,16.75,17,-0.09,-0.53%,657600
ATAT,2023-12-28,17.11,17.49,17.06,17.12,0.12,+0.71%,622800
ATAT,2023-12-29,17.18,17.74,17.18,17.36,0.24,+1.40%,318500
ATAT,2024-01-02,17.25,17.33,16.69,16.82,-0.54,-3.11%,331000
ATAT,2024-01-03,16.67,17.1,16.62,16.94,0.12,+0.71%,435300
ATAT,2024-01-04,16.96,17.02,16.25,16.9,-0.04,-0.24%,967400
ATAT,2024-01-05,16.79,16.97,16.56,16.88,-0.02,-0.12%,524800
ATAT,2024-01-08,16.55,17.1,16.31,16.9,0.02,+0.12%,514300
ATAT,2024-01-09,16.51,17.03,16.5,16.99,0.09,+0.53%,750400
ATAT,2024-01-10,16.99,17.33,16.94,16.97,-0.02,-0.12%,322500
ATAT,2024-01-11,16.98,17.195,16.955,17.07,0.1,+0.59%,229100
ATAT,2024-01-12,17.08,17.84,17.08,17.84,0.77,+4.51%,308200
ATAT,2024-01-16,17.73,18.23,17.5,17.52,-0.32,-1.79%,577400
ATAT,2024-01-17,16.97,17.64,16.53,17.48,-0.04,-0.23%,614600
ATAT,2024-01-18,17.55,18.21,17.55,18.05,0.57,+3.26%,547700
ATAT,2024-01-19,18,18.38,17.72,18.02,-0.03,-0.17%,291500
ATAT,2024-01-22,17.71,17.79,16.7,17.08,-0.94,-5.22%,678900
ATAT,2024-01-23,17.55,18.14,17.495,17.99,0.91,+5.33%,577000
ATAT,2024-01-24,18.25,18.46,17.97,18.09,0.1,+0.56%,420200
ATAT,2024-01-25,18.36,18.47,17.94,17.99,-0.1,-0.55%,194600
ATAT,2024-01-26,17.92,18.05,17.74,17.98,-0.01,-0.06%,188200
ATAT,2024-01-29,18,18.04,17.27,17.75,-0.23,-1.28%,235300
ATAT,2024-01-30,17.56,17.69,17.11,17.19,-0.56,-3.15%,231000
ATAT,2024-01-31,17.11,17.555,16.89,17.31,0.12,+0.70%,249200
ATAT,2024-02-01,17.5,18,17.44,18,0.69,+3.99%,173800
ATAT,2024-02-02,17.93,17.93,17.57,17.84,-0.16,-0.89%,432200
ATAT,2024-02-05,17.99,18,17.66,17.81,-0.03,-0.17%,346700
ATAT,2024-02-06,18.34,18.46,18.03,18.21,0.4,+2.25%,426600
ATAT,2024-02-07,17.95,18.11,17.68,18.06,-0.15,-0.82%,198700
ATAT,2024-02-08,18.01,18.185,17.895,18.04,-0.02,-0.11%,105900
ATAT,2024-02-09,18.02,18.03,17.665,18,-0.04,-0.22%,264600
ATAT,2024-02-12,18,18.3,17.93,18.01,0.01,+0.06%,143500
ATAT,2024-02-13,17.86,18.1,17.69,17.88,-0.13,-0.72%,326800
ATAT,2024-02-14,18,18.29,17.98,18.28,0.4,+2.24%,182200
ATAT,2024-02-15,18.26,18.47,18.19,18.34,0.06,+0.33%,309400
ATAT,2024-02-16,18.89,19.69,18.72,19.28,0.94,+5.13%,1909400
ATAT,2024-02-20,19.26,19.26,18.31,18.57,-0.71,-3.68%,937000
ATAT,2024-02-21,18.85,19.35,18.8,18.98,0.41,+2.21%,664700
ATAT,2024-02-22,19.11,19.5,19.07,19.4,0.42,+2.21%,948000
ATAT,2024-02-23,19.59,19.8,19.48,19.58,0.18,+0.93%,1255500
ATAT,2024-02-26,19.6,19.7,19.18,19.55,-0.03,-0.15%,722800
ATAT,2024-02-27,19.39,19.7,19.29,19.5,-0.05,-0.26%,370500
ATAT,2024-02-28,19.21,19.5,19.17,19.43,-0.07,-0.36%,254100
ATAT,2024-02-29,19.51,19.56,19.18,19.38,-0.05,-0.26%,544600
ATAT,2024-03-01,19.45,19.55,19.34,19.49,0.11,+0.57%,456400
ATAT,2024-03-04,19.49,19.49,19.04,19.17,-0.32,-1.64%,384600
ATAT,2024-03-05,18.89,19.0393,18,18.94,-0.23,-1.20%,331200
ATAT,2024-03-06,19.2,19.5,18.8,18.88,-0.06,-0.32%,406400
ATAT,2024-03-07,18.78,19.03,18.09,18.22,-0.66,-3.50%,370800
ATAT,2024-03-08,18.23,18.5,18.01,18.16,-0.06,-0.33%,263310
ATAT,2024-03-11,18.4,19,18.3,18.71,0.55,+3.03%,223000
ATAT,2024-03-12,19.01,19.467,19,19.3,0.59,+3.15%,357100
ATAT,2024-03-13,19.41,19.8,19.245,19.79,0.49,+2.54%,665700
ATAT,2024-03-14,19.8,19.8,19.355,19.43,-0.36,-1.82%,1107900
ATAT,2024-03-15,19.4,19.5,19.17,19.4,-0.03,-0.15%,2588600
ATAT,2024-03-18,19.39,19.68,19.38,19.68,0.28,+1.44%,578100
ATAT,2024-03-19,19.43,19.63,19.21,19.31,-0.37,-1.88%,225700
ATAT,2024-03-20,19.48,19.73,19.31,19.45,0.14,+0.73%,723900
ATAT,2024-03-21,19.4,19.4,18.71,19.09,-0.36,-1.85%,1025500
ATAT,2024-03-22,18.96,19.08,18.77,19,-0.09,-0.47%,558200
ATAT,2024-03-25,19.17,19.34,19,19.27,0.27,+1.42%,360400
ATAT,2024-03-26,19.4,19.5,19.1,19.18,-0.09,-0.47%,421400
ATAT,2024-03-27,19.12,19.28,18.91,19,-0.18,-0.94%,623300
ATAT,2024-03-28,19.2,19.4,17.56,17.94,-1.06,-5.58%,1600300
ATAT,2024-04-01,18.09,18.65,17.79,18.57,0.63,+3.51%,1256000
ATAT,2024-04-02,18.66,19.02,18.57,18.98,0.41,+2.21%,638500
ATAT,2024-04-03,18.9,19,18.75,18.98,0,0.00%,299500
ATAT,2024-04-04,18.86,18.915,18.08,18.21,-0.77,-4.06%,312300
ATAT,2024-04-05,18.46,18.59,18.17,18.37,0.16,+0.88%,142400
ATAT,2024-04-08,18.5,18.8,18.32,18.43,0.06,+0.33%,682200
ATAT,2024-04-09,18.5,18.615,18.3083,18.58,0.15,+0.81%,793000
ATAT,2024-04-10,18.6,18.65,18,18.11,-0.47,-2.53%,996500
ATAT,2024-04-11,18.19,18.42,18,18.24,0.13,+0.72%,681500
ATAT,2024-04-12,18.08,18.08,17.66,17.75,-0.49,-2.69%,1334100
ATAT,2024-04-15,17.86,18.09,17.22,17.4,-0.35,-1.97%,547300
ATAT,2024-04-16,17.32,17.36,16.78,17.28,-0.12,-0.69%,1388700
ATAT,2024-04-17,17.36,17.36,16.83,17.02,-0.26,-1.50%,1120900
ATAT,2024-04-18,17.15,17.72,17.14,17.39,0.37,+2.17%,687800
ATAT,2024-04-19,17.18,17.4927,17.16,17.24,-0.15,-0.86%,541000
ATAT,2024-04-22,17.42,17.77,17.4,17.5,0.26,+1.51%,328500
ATAT,2024-04-23,17.74,18.04,17.74,17.76,0.26,+1.49%,828900
ATAT,2024-04-24,18.02,18.53,18,18.43,0.67,+3.77%,1251200
ATAT,2024-04-25,18.4,18.65,18,18.41,-0.02,-0.11%,2438200
ATAT,2024-04-26,18.55,18.86,18.55,18.66,0.25,+1.36%,770900
ATAT,2024-04-29,18.69,18.69,17.88,18,-0.66,-3.54%,448600
ATAT,2024-04-30,17.9,18.06,17.69,17.83,-0.17,-0.94%,809000
ATAT,2024-05-01,17.81,17.92,17.705,17.86,0.03,+0.17%,825100
ATAT,2024-05-02,18.39,18.96,18.12,18.75,0.89,+4.98%,1129600
ATAT,2024-05-03,18.85,19.38,18.56,19.25,0.5,+2.67%,711400
ATAT,2024-05-06,19.42,19.49,18.83,19,-0.25,-1.30%,742000
ATAT,2024-05-07,18.65,18.8,18.4,18.78,-0.22,-1.16%,933800
ATAT,2024-05-08,18.58,18.79,18.19,18.3,-0.48,-2.56%,779400
ATAT,2024-05-09,18.6,18.78,18.35,18.41,0.11,+0.60%,532800
ATAT,2024-05-10,18.59,18.84,17.87,17.99,-0.42,-2.28%,826200
ATAT,2024-05-13,18.06,18.37,17.95,18.19,0.2,+1.11%,592100
ATAT,2024-05-14,18.21,18.235,17.92,18.11,-0.08,-0.44%,564700
ATAT,2024-05-15,18.21,18.39,18.01,18.26,0.15,+0.83%,366800
ATAT,2024-05-16,18.4,18.76,18.15,18.53,0.27,+1.48%,501900
ATAT,2024-05-17,18.65,18.8,18.22,18.58,0.05,+0.27%,463400
ATAT,2024-05-20,18.6,18.86,18.17,18.28,-0.3,-1.61%,500100
ATAT,2024-05-21,18.15,18.15,17.61,17.68,-0.6,-3.28%,765400
ATAT,2024-05-22,17.63,17.88,17.45,17.56,-0.12,-0.68%,986500
ATAT,2024-05-23,17.61,17.84,17.07,17.51,-0.05,-0.28%,1685700
ATAT,2024-05-24,17.5,17.62,17.11,17.59,0.08,+0.46%,717400
ATAT,2024-05-28,17.6,17.97,17.5,17.86,0.27,+1.53%,885300
ATAT,2024-05-29,17.72,17.86,17.62,17.8,-0.06,-0.34%,598400
ATAT,2024-05-30,17.73,17.835,17.49,17.62,-0.18,-1.01%,1091800
ATAT,2024-05-31,17.32,17.89,17.27,17.81,0.19,+1.08%,948600
ATAT,2024-06-03,17.95,18.13,17.79,17.97,0.16,+0.90%,964200
ATAT,2024-06-04,17.93,17.99,17.78,17.94,-0.03,-0.17%,537600
ATAT,2024-06-05,17.88,18.05,17.77,17.93,-0.01,-0.06%,1076900
ATAT,2024-06-06,17.7,18.25,17.7,18.14,0.21,+1.17%,509400
ATAT,2024-06-07,18.04,18.25,17.82,17.82,-0.32,-1.76%,425300
ATAT,2024-06-10,17.83,18.02,17.8,17.88,0.06,+0.34%,326600
ATAT,2024-06-11,17,17.34,16.86,17.13,-0.75,-4.19%,2096800
ATAT,2024-06-12,17.2,17.69,17.09,17.41,0.28,+1.63%,4467800
ATAT,2024-06-13,17.51,18.02,17.41,17.75,0.34,+1.95%,2809500
ATAT,2024-06-14,17.7,17.7,17.04,17.08,-0.67,-3.77%,1924100
ATAT,2024-06-17,17.21,18.34,17.15,18.31,1.23,+7.20%,2883500
ATAT,2024-06-18,18.13,18.27,17.91,18,-0.31,-1.69%,498800
ATAT,2024-06-20,18,18.45,17.925,18.41,0.41,+2.28%,2037800
ATAT,2024-06-21,18.46,18.7,18.13,18.67,0.26,+1.41%,1869200
ATAT,2024-06-24,18.66,18.74,18.12,18.23,-0.44,-2.36%,820800
ATAT,2024-06-25,18.22,18.29,17.87,18.01,-0.22,-1.21%,934800
ATAT,2024-06-26,17.93,18.15,17.66,18.07,0.06,+0.33%,335400
ATAT,2024-06-27,18.05,18.12,17.71,18.02,-0.05,-0.28%,355200
ATAT,2024-06-28,17.93,18.445,17.93,18.35,0.33,+1.83%,881300
ATAT,2024-07-01,18.65,19.05,18.42,18.67,0.32,+1.74%,904100
ATAT,2024-07-02,18.83,18.95,18.59,18.82,0.15,+0.80%,576000
ATAT,2024-07-03,18.82,19.01,18.8,18.82,0,0.00%,525900
ATAT,2024-07-05,18.66,18.73,18.41,18.64,-0.18,-0.96%,559300
ATAT,2024-07-08,18.72,18.99,18.38,18.82,0.18,+0.97%,902700
ATAT,2024-07-09,18.76,18.97,18.67,18.89,0.07,+0.37%,1512000
ATAT,2024-07-10,18.87,18.98,18.75,18.89,0,0.00%,2654100
ATAT,2024-07-11,18.99,19.21,18.84,18.95,0.06,+0.32%,2060600
ATAT,2024-07-12,19,19.1,18.85,18.98,0.03,+0.16%,955300
ATAT,2024-07-15,18.98,18.98,17.842,18.09,-0.89,-4.69%,1185200
ATAT,2024-07-16,17.98,18.25,17.52,17.73,-0.36,-1.99%,1030100
ATAT,2024-07-17,17.65,17.995,17.58,17.76,0.03,+0.17%,645000
ATAT,2024-07-18,17.77,17.95,17.35,17.44,-0.32,-1.80%,834900
ATAT,2024-07-19,17.34,17.535,16.9,16.93,-0.51,-2.92%,914000
ATAT,2024-07-22,17.1,17.53,16.965,17.42,0.49,+2.89%,891200
ATAT,2024-07-23,17.18,17.21,17.01,17.09,-0.33,-1.89%,571800
ATAT,2024-07-24,17.1,17.268,16.73,16.8,-0.29,-1.70%,683500
ATAT,2024-07-25,16.83,17.04,16.61,16.61,-0.19,-1.13%,570900
ATAT,2024-07-26,16.56,16.93,16.56,16.8,0.19,+1.14%,409500
ATAT,2024-07-29,16.8,17.2,16.65,16.76,-0.04,-0.24%,668500
ATAT,2024-07-30,16.73,16.83,16.3002,16.49,-0.27,-1.61%,1221000
ATAT,2024-07-31,17,17,16.68,16.74,0.25,+1.52%,806700
ATAT,2024-08-01,16.6,16.6,15.63,15.72,-1.02,-6.09%,914300
ATAT,2024-08-02,15.72,16.09,15.53,15.84,0.12,+0.76%,608400
ATAT,2024-08-05,15.27,16.21,15.22,16.16,0.32,+2.02%,1076300
ATAT,2024-08-06,16.04,16.86,16.04,16.68,0.52,+3.22%,588400
ATAT,2024-08-07,16.83,16.96,16.08,16.17,-0.51,-3.06%,272600
ATAT,2024-08-08,16.23,16.78,16.112,16.77,0.6,+3.71%,674000
ATAT,2024-08-09,16.61,16.95,16.53,16.69,-0.08,-0.48%,203600
ATAT,2024-08-12,16.69,17.105,16.62,17.03,0.34,+2.04%,459100
ATAT,2024-08-13,17.21,17.54,17.175,17.5,0.47,+2.76%,1350800
ATAT,2024-08-14,17.5,17.56,16.79,17.08,-0.42,-2.40%,386100
ATAT,2024-08-15,17.2,17.34,16.965,17.17,0.09,+0.53%,580500
ATAT,2024-08-16,17.17,17.36,17.08,17.27,0.1,+0.58%,1041100
ATAT,2024-08-19,17.4,17.86,17.365,17.8,0.53,+3.07%,584800
ATAT,2024-08-20,17.72,17.72,17.16,17.34,-0.46,-2.58%,985700
ATAT,2024-08-21,17.37,17.68,17.37,17.57,0.23,+1.33%,889500
ATAT,2024-08-22,17.57,17.81,17.39,17.41,-0.16,-0.91%,437600
ATAT,2024-08-23,17.48,17.59,17.4032,17.52,0.11,+0.63%,313500
ATAT,2024-08-26,17.25,17.48,16.79,16.84,-0.68,-3.88%,1001300
ATAT,2024-08-27,17,17.175,16.84,17.07,0.23,+1.37%,253500
ATAT,2024-08-28,16.87,16.985,16.17,16.52,-0.55,-3.22%,1045500
ATAT,2024-08-29,17.4,18.87,17.4,18.72,2.2,+13.32%,2049200
ATAT,2024-08-30,18.81,19.2,18.37,19.02,0.3,+1.60%,2486500
ATAT,2024-09-03,19,19.1,18.825,18.95,-0.07,-0.37%,1574900
ATAT,2024-09-04,18.98,19.2,18.89,19.04,0.09,+0.47%,1056900
ATAT,2024-09-05,19.06,19.5,18.8103,19.36,0.32,+1.68%,1635100
ATAT,2024-09-06,19.49,19.77,19.32,19.45,0.09,+0.46%,3256400
ATAT,2024-09-09,19.39,19.6,18.95,19,-0.45,-2.31%,1217900
ATAT,2024-09-10,19.11,19.5,19.105,19.49,0.49,+2.58%,1708100
ATAT,2024-09-11,19.56,20.27,19.5331,20.05,0.56,+2.87%,1927200
ATAT,2024-09-12,20,20.31,19.83,20.29,0.24,+1.20%,908500
ATAT,2024-09-13,20.35,20.35,19.5426,19.65,-0.64,-3.15%,544400
ATAT,2024-09-16,19.91,20.24,19.7,20.19,0.54,+2.75%,729200
ATAT,2024-09-17,19.99,20.46,19.85,20.4,0.21,+1.04%,647100
ATAT,2024-09-18,20.4,20.47,20.04,20.35,-0.05,-0.25%,764700
ATAT,2024-09-19,20.8,21.35,20.535,21.25,0.9,+4.42%,2222900
ATAT,2024-09-20,21.22,21.5,20.995,21.22,-0.03,-0.14%,1030500
ATAT,2024-09-23,21.4,21.44,21,21.31,0.09,+0.42%,2570700
ATAT,2024-09-24,22.72,22.72,21.8,22.37,1.06,+4.97%,1687800
ATAT,2024-09-25,21.96,22.54,21.94,22.54,0.17,+0.76%,726100
ATAT,2024-09-26,24.8,26.16,24.485,25.34,2.8,+12.42%,3744800
ATAT,2024-09-27,25.52,26.09,25.11,25.38,0.04,+0.16%,2405300
ATAT,2024-09-30,26.88,26.9,25.61,25.94,0.56,+2.21%,2435400
ATAT,2024-10-01,25.86,26.13,25.35,26.04,0.1,+0.39%,2668800
ATAT,2024-10-02,26.76,27.65,26.645,27.65,1.61,+6.18%,2821500
ATAT,2024-10-03,26.57,27.57,26.52,27.29,-0.36,-1.30%,1325800
ATAT,2024-10-04,27.8,27.9878,27.47,27.89,0.6,+2.20%,1085400
ATAT,2024-10-07,28.49,29.15,28.1075,29.08,1.19,+4.27%,2057000
ATAT,2024-10-08,26.28,28.02,25.572,27.99,-1.09,-3.75%,1986400
ATAT,2024-10-09,26.85,27.91,26.295,27.86,-0.13,-0.46%,1094700
ATAT,2024-10-10,27.77,28.08,27.595,27.83,-0.03,-0.11%,1004000
ATAT,2024-10-11,27.23,28.065,26.79,27.43,-0.4,-1.44%,854500
ATAT,2024-10-14,27.09,28.07,27.02,27.95,0.52,+1.90%,1245400
ATAT,2024-10-15,27.3,27.3,26.29,26.97,-0.98,-3.51%,1395500
ATAT,2024-10-16,27.05,27.72,26.925,26.94,-0.03,-0.11%,798300
ATAT,2024-10-17,26.48,26.93,25.94,26.03,-0.91,-3.38%,734900
ATAT,2024-10-18,27.33,27.7,26.7212,26.93,0.9,+3.46%,871700
ATAT,2024-10-21,26.8,27.25,26.67,26.92,-0.01,-0.04%,581900
ATAT,2024-10-22,27.02,28.42,26.87,26.96,0.04,+0.15%,1882100
ATAT,2024-10-23,27,27.07,26.24,26.46,-0.5,-1.85%,1095800
ATAT,2024-10-24,26.5,26.55,26.06,26.17,-0.29,-1.10%,665100
ATAT,2024-10-25,26.24,26.36,25.68,25.97,-0.2,-0.76%,799100
ATAT,2024-10-28,26.79,27.6799,26.24,27.36,1.39,+5.35%,1018800
ATAT,2024-10-29,27.8,27.81,27.27,27.5,0.14,+0.51%,538200
ATAT,2024-10-30,27.12,27.435,26.125,26.47,-1.03,-3.75%,963400
ATAT,2024-10-31,26.47,26.62,25.81,26.2,-0.27,-1.02%,748000
ATAT,2024-11-01,26.26,26.53,25.8,26.07,-0.13,-0.50%,648100
ATAT,2024-11-04,26.1,27.48,26.1,26.29,0.22,+0.84%,716900
ATAT,2024-11-05,26.8,27.19,26.22,26.68,0.39,+1.48%,554600
ATAT,2024-11-06,26.16,26.55,24.69,26.4,-0.28,-1.05%,1125200
ATAT,2024-11-07,27.56,27.8799,26.66,26.7,0.3,+1.14%,1341000
ATAT,2024-11-08,25.95,26.67,25.82,26.55,-0.15,-0.56%,872300
ATAT,2024-11-11,26.96,27.18,26.47,26.79,0.24,+0.90%,557900
ATAT,2024-11-12,26.23,27.68,26.05,27.22,0.43,+1.61%,1624400
ATAT,2024-11-13,27.22,27.3,25.97,26.65,-0.57,-2.09%,2017000
ATAT,2024-11-14,26.73,26.7809,26.06,26.11,-0.54,-2.03%,1221700
ATAT,2024-11-15,26.08,26.42,25.58,26,-0.11,-0.42%,983100
ATAT,2024-11-18,26.35,27.24,26.26,27.09,1.09,+4.19%,1818800
ATAT,2024-11-19,27.7,27.9,24.8101,25.55,-1.54,-5.68%,1669700
ATAT,2024-11-20,26.27,26.89,25.1891,25.82,0.27,+1.06%,1185200
ATAT,2024-11-21,25.99,25.99,25.03,25.35,-0.47,-1.82%,1103000
ATAT,2024-11-22,24.75,25.52,24.074,25.27,-0.08,-0.32%,1393500
ATAT,2024-11-25,24.68,25.95,24.65,25.92,0.65,+2.57%,1761257
ATAT,2024-11-26,26.08,26.125,24.84,25,-0.92,-3.55%,981368
ATAT,2024-11-27,25.3,25.77,24.78,24.83,-0.17,-0.68%,2527700
ATAT,2024-11-29,24.83,25.63,24.49,25.15,0.32,+1.29%,1461400
ATAT,2024-12-02,25.19,25.65,25.02,25.21,0.06,+0.24%,1333900
ATAT,2024-12-03,25.4,26.68,25.36,25.96,0.75,+2.98%,2450300
ATAT,2024-12-04,26.21,26.59,25.68,26.55,0.59,+2.27%,1280300
ATAT,2024-12-05,26.98,27.05,26.11,26.29,-0.26,-0.98%,1589200
ATAT,2024-12-06,26.43,27.2499,26.25,26.49,0.2,+0.76%,655300
ATAT,2024-12-09,28.19,29.9,27.315,29.45,2.96,+11.17%,3829700
ATAT,2024-12-10,28.63,28.72,26.75,27.32,-2.13,-7.23%,2239800
ATAT,2024-12-11,27.77,27.91,26.77,27.78,0.46,+1.68%,2058900
ATAT,2024-12-12,27.9,28.85,27.41,27.985,0.205,+0.74%,1339000
ATAT,2024-12-13,28,28,26.84,27.01,-0.975,-3.48%,1743200
ATAT,2024-12-16,26.94,27.67,26.5,26.97,-0.04,-0.15%,678700
ATAT,2024-12-17,26.95,28.66,26.95,28.21,1.24,+4.60%,1454500
ATAT,2024-12-18,28.11,28.78,27.24,27.31,-0.9,-3.19%,911300
ATAT,2024-12-19,27.45,27.92,27.17,27.32,0.01,+0.04%,1178200
ATAT,2024-12-20,27.32,28.14,27.08,27.99,0.67,+2.45%,837900
ATAT,2024-12-23,28.41,28.59,27.6,28.09,0.1,+0.36%,1205900
ATAT,2024-12-24,28.28,29.79,28,29.09,1,+3.56%,1301400
ATAT,2024-12-26,29.2,29.65,28.66,28.77,-0.32,-1.10%,687900
ATAT,2024-12-27,28.55,28.67,26.87,27,-1.77,-6.15%,1208800
ATAT,2024-12-30,26.55,26.65,25.68,26.56,-0.44,-1.63%,874800
ATAT,2024-12-31,26.71,27,26.5153,26.89,0.33,+1.24%,1086100
ATAT,2025-01-02,26.59,27.38,26.5,27.02,0.13,+0.48%,747900
ATAT,2025-01-03,27.5,27.76,26.53,26.55,-0.47,-1.74%,701100
ATAT,2025-01-06,26.88,26.93,25.35,25.53,-1.02,-3.84%,1257000
ATAT,2025-01-07,25.11,25.39,24.83,25.2,-0.33,-1.29%,1385600
ATAT,2025-01-08,25.2,26.03,25.035,25.83,0.63,+2.50%,1119200
ATAT,2025-01-10,25.59,25.71,25,25.26,-0.57,-2.21%,565000
ATAT,2025-01-13,25.15,25.36,24.86,24.99,-0.27,-1.07%,384000
ATAT,2025-01-14,25.32,26.04,25,25.2,0.21,+0.84%,789300
ATAT,2025-01-15,25.24,25.9,25.19,25.35,0.15,+0.60%,496300
ATAT,2025-01-16,25.5,25.54,24.92,25.33,-0.02,-0.08%,578000
ATAT,2025-01-17,25.51,26.385,25.33,25.85,0.52,+2.05%,685500
ATAT,2025-01-21,26.35,26.94,25.61,26.44,0.59,+2.28%,687000
ATAT,2025-01-22,26.65,26.65,25.81,26.22,-0.22,-0.83%,471600
ATAT,2025-01-23,26,26.42,25.85,26.15,-0.07,-0.27%,613600
ATAT,2025-01-24,26.25,27.58,25.92,27.31,1.16,+4.44%,1148900
ATAT,2025-01-27,26.99,27.63,26.805,27.09,-0.22,-0.81%,859900
ATAT,2025-01-28,26.97,27.58,26.55,27.49,0.4,+1.48%,662400
ATAT,2025-01-29,27.85,28.2122,27.02,27.31,-0.18,-0.65%,471400
ATAT,2025-01-30,27.49,28.82,27.49,28.2,0.89,+3.26%,902000
ATAT,2025-01-31,28.2,28.4,27.035,27.41,-0.79,-2.80%,898100
ATAT,2025-02-03,26.96,27.52,26.005,27.11,-0.3,-1.09%,601200
ATAT,2025-02-04,27.42,28.3,27.23,27.6,0.49,+1.81%,708500
ATAT,2025-02-05,27.08,27.28,25.72,26.16,-1.44,-5.22%,1434500
ATAT,2025-02-06,26.76,27.13,26.36,26.9,0.74,+2.83%,693600
ATAT,2025-02-07,27.27,28.55,27.19,27.47,0.57,+2.12%,799800
ATAT,2025-02-10,28.11,28.1923,27.19,27.9,0.43,+1.57%,629900
ATAT,2025-02-11,27.62,29.74,27.06,29,1.1,+3.94%,1288600
ATAT,2025-02-12,29.4,30.856,28.64,29.26,0.26,+0.90%,1899900
ATAT,2025-02-13,29.36,29.79,28.85,29.57,0.31,+1.06%,1392600
ATAT,2025-02-14,30.99,31.23,30.04,30.8,1.23,+4.16%,2006200
ATAT,2025-02-18,32.2,32.76,31.61,31.96,1.16,+3.77%,3154400
ATAT,2025-02-19,32.42,32.42,31.01,32.17,0.21,+0.66%,1551500
ATAT,2025-02-20,32.8,33.315,31.36,31.92,-0.25,-0.78%,1699000
ATAT,2025-02-21,32.3,32.3,31.01,31.26,-0.66,-2.07%,1530700
ATAT,2025-02-24,30.75,30.8,28.71,29.75,-1.51,-4.83%,2595500
ATAT,2025-02-25,29.8,30.17,28.81,29.42,-0.33,-1.11%,1400100
ATAT,2025-02-26,30.64,31.575,30.48,30.63,1.21,+4.11%,1152300
ATAT,2025-02-27,30.34,30.83,29.29,29.66,-0.97,-3.17%,1097400
ATAT,2025-02-28,28.72,31.025,28.7,30.71,1.05,+3.54%,1876500
ATAT,2025-03-03,30.96,31,28.95,29.2,-1.51,-4.92%,1183000
ATAT,2025-03-04,29.39,29.78,28.8,29.4,0.2,+0.68%,981300
ATAT,2025-03-05,29.92,31.3,29.92,30.99,1.59,+5.41%,1695800
ATAT,2025-03-06,31.73,32.31,30.4201,30.59,-0.4,-1.29%,1385300
ATAT,2025-03-07,31,31,29.53,30.11,-0.48,-1.57%,753941
ATAT,2025-03-10,29.8,29.82,28.23,28.79,-1.32,-4.38%,1162400
ATAT,2025-03-11,29.08,30.46,28.83,30.36,1.57,+5.45%,1505100
ATAT,2025-03-12,30.17,30.49,29.86,30.3,-0.06,-0.20%,973900
ATAT,2025-03-13,29.69,29.95,29.16,29.62,-0.68,-2.24%,971500
ATAT,2025-03-14,30.56,31.58,30.46,31.25,1.63,+5.50%,967500
ATAT,2025-03-17,31.3,31.75,30.84,31.29,0.04,+0.13%,1362500
ATAT,2025-03-18,31.65,31.69,30.3,30.92,-0.37,-1.18%,954600
ATAT,2025-03-19,31,31.04,30.26,30.91,-0.01,-0.03%,534100
ATAT,2025-03-20,29.59,30.7819,29.3,30.21,-0.7,-2.26%,733400
ATAT,2025-03-21,29.75,30.45,28.82,30.27,0.06,+0.20%,846200
ATAT,2025-03-24,30.6,30.95,30.12,30.24,-0.03,-0.10%,1100800
ATAT,2025-03-25,29,30,26.67,28.96,-1.28,-4.23%,1999300
ATAT,2025-03-26,29.47,29.65,28.335,28.57,-0.39,-1.35%,1201600
ATAT,2025-03-27,28.6,29.9,28.21,29.11,0.54,+1.89%,1012500
ATAT,2025-03-28,29.1,29.39,28.1,28.45,-0.66,-2.27%,1098000
ATAT,2025-03-31,27.78,28.7,27.05,28.35,-0.1,-0.35%,1067700
ATAT,2025-04-01,28.75,28.93,28.31,28.61,0.26,+0.92%,615200
ATAT,2025-04-02,28.62,29.61,28.47,29.41,0.8,+2.80%,677200
ATAT,2025-04-03,28,28.67,27.66,28.54,-0.87,-2.96%,788600
ATAT,2025-04-04,27,27.5,25.4,26.15,-2.39,-8.37%,1477200
ATAT,2025-04-07,24.73,27.08,24.33,25.68,-0.47,-1.80%,1577200
ATAT,2025-04-08,26.3,26.3,23.51,24.02,-1.66,-6.46%,1836800
ATAT,2025-04-09,23.74,24.67,22.56,23,-1.02,-4.25%,4448600
ATAT,2025-04-10,23.76,24.15,22.36,23.07,0.07,+0.30%,2635700
ATAT,2025-04-11,22.57,23.49,21.5,22.21,-0.86,-3.73%,4603400
ATAT,2025-04-14,22.85,24.76,22.78,23.84,1.63,+7.34%,2992700
ATAT,2025-04-15,23.96,24.5,23.38,23.4,-0.44,-1.85%,2248800
ATAT,2025-04-16,23.86,24.99,23.8575,23.93,0.53,+2.26%,2719000
ATAT,2025-04-17,24.57,25.41,23.59,23.94,0.01,+0.04%,2862300
ATAT,2025-04-21,23.82,23.82,22.425,23.27,-0.67,-2.80%,1421300
ATAT,2025-04-22,23.55,24.47,23.44,23.82,0.55,+2.36%,1014400
ATAT,2025-04-23,24.59,25.16,24.12,24.34,0.52,+2.18%,1010300
ATAT,2025-04-24,24.4,24.42,23.19,23.77,-0.57,-2.34%,809400
ATAT,2025-04-25,23.53,24.05,23.375,23.92,0.15,+0.63%,536500
ATAT,2025-04-28,23.85,24.57,23.48,23.63,-0.29,-1.21%,1336800
ATAT,2025-04-29,23.86,24.34,23.63,24.18,0.55,+2.33%,1773700
ATAT,2025-04-30,24.36,24.5,23.99,24.44,0.26,+1.08%,859500
ATAT,2025-05-01,24.7,24.99,24.2134,24.7,0.26,+1.06%,708900
ATAT,2025-05-02,25.24,25.48,24.38,24.56,-0.14,-0.57%,1028500
ATAT,2025-05-05,24.29,25.35,24.29,25.07,0.51,+2.08%,1474100
ATAT,2025-05-06,25.05,25.72,25.02,25.57,0.5,+1.99%,1222700
ATAT,2025-05-07,25.04,26.88,25.04,26.59,1.02,+3.99%,1540800
ATAT,2025-05-08,27.16,28.49,26.86,28.41,1.82,+6.84%,1856100
ATAT,2025-05-09,28.35,29.56,28.295,28.46,0.05,+0.18%,1492300
ATAT,2025-05-12,29.58,30.08,29.415,29.67,1.21,+4.25%,1127900
ATAT,2025-05-13,29.5,29.89,29.21,29.62,-0.05,-0.17%,510400
ATAT,2025-05-14,29.47,29.6,28.9,29.2,-0.42,-1.42%,1303300
ATAT,2025-05-15,29.1,29.879,28.965,29.83,0.63,+2.16%,1151800
ATAT,2025-05-16,29.69,30.19,29.56,29.63,-0.2,-0.67%,1163600
ATAT,2025-05-19,29.44,30.73,29.02,30.64,1.01,+3.41%,1351200
ATAT,2025-05-20,30.5,30.99,30.14,30.82,0.18,+0.59%,908300
ATAT,2025-05-21,30.35,30.59,29.895,30.18,-0.64,-2.08%,1412200
ATAT,2025-05-22,30.49,34.2302,30.1,32.86,2.68,+8.88%,4328400
ATAT,2025-05-23,32.1,32.7994,31.82,32.47,-0.39,-1.19%,1573300
ATAT,2025-05-27,32.5,32.5576,30.7002,31.02,-1.45,-4.47%,1510000
ATAT,2025-05-28,31.19,31.81,31.01,31.4,0.38,+1.23%,2792600
ATAT,2025-05-29,31.77,32.16,31.44,31.89,0.49,+1.56%,1407100
ATAT,2025-05-30,31.18,31.585,30.2,31.31,-0.58,-1.82%,2319300
ATAT,2025-06-02,30.9,31.11,30.5,30.83,-0.48,-1.53%,803400
ATAT,2025-06-03,31.21,31.32,30.6,30.9,0.07,+0.23%,1283000
ATAT,2025-06-04,31.18,31.98,30.42,31.43,0.53,+1.72%,1448400
ATAT,2025-06-05,31.5,31.63,31.045,31.26,-0.17,-0.54%,705900
ATAT,2025-06-06,31.3,31.56,30.5,31.03,-0.23,-0.74%,943500
ATAT,2025-06-09,31.31,31.89,30.78,31.46,0.43,+1.39%,1412000
ATAT,2025-06-10,31.35,31.38,30.46,30.78,-0.68,-2.16%,670400
ATAT,2025-06-11,31.14,31.92,30.79,30.96,0.18,+0.58%,913900
ATAT,2025-06-12,31.35,33.4,31.08,32.45,1.49,+4.81%,2450000
ATAT,2025-06-13,32.1,33.05,32.01,32.3,-0.15,-0.46%,1150200
ATAT,2025-06-16,32.55,32.8,31.56,31.64,-0.66,-2.04%,942300
ATAT,2025-06-17,31.42,32.31,30.62,30.95,-0.69,-2.18%,1088000
ATAT,2025-06-18,30.74,31.42,30.47,30.75,-0.2,-0.65%,831800
ATAT,2025-06-20,30.8,31.13,29.81,30.67,-0.08,-0.26%,2563000
ATAT,2025-06-23,30.61,31.32,30.5,31.11,0.44,+1.43%,690900
ATAT,2025-06-24,32.15,33,31.89,32.4,1.29,+4.15%,1849500
ATAT,2025-06-25,32.33,33.08,31.7,32.08,-0.32,-0.99%,979600
ATAT,2025-06-26,32.33,32.57,31.52,32.43,0.35,+1.09%,949100
ATAT,2025-06-27,32.51,32.8,31.88,32.75,0.32,+0.99%,664000
ATAT,2025-06-30,32.75,33.07,31.93,32.51,-0.24,-0.73%,1446400
ATAT,2025-07-01,32.48,32.96,32.06,32.71,0.2,+0.62%,688200
ATAT,2025-07-02,32.7,34,32.7,33,0.29,+0.89%,2499400
ATAT,2025-07-03,33.15,34.05,32.57,33.79,0.79,+2.39%,1276700
ATAT,2025-07-07,33.94,35.8,33.43,35.54,1.75,+5.18%,3180900
ATAT,2025-07-08,35.85,35.9399,35.1,35.25,-0.29,-0.82%,2934400
ATAT,2025-07-09,35.48,36.24,35.0526,36.21,0.96,+2.72%,1131400
ATAT,2025-07-10,36.6,37.46,35.54,36.03,-0.18,-0.50%,2901800
ATAT,2025-07-11,35.795,35.98,35.1701,35.46,-0.57,-1.58%,1533700
ATAT,2025-07-14,35.3,35.82,34.7,35.51,0.05,+0.14%,1123000
ATAT,2025-07-15,35.5,36.02,35.485,35.93,0.42,+1.18%,792800
ATAT,2025-07-16,35.915,35.915,35.1,35.53,-0.4,-1.11%,1302100
ATAT,2025-07-17,35.5,36.6,35.16,36.09,0.56,+1.58%,1615000
ATAT,2025-07-18,36.56,36.86,35.84,35.93,-0.16,-0.44%,531000
ATAT,2025-07-21,36.37,37.24,35.87,36.5,0.57,+1.59%,1619000
ATAT,2025-07-22,36.4,36.5,35.26,36.26,-0.24,-0.66%,998800
ATAT,2025-07-23,36.65,37,36.24,36.26,0,0.00%,1050700
ATAT,2025-07-24,36.4,37.2399,35.4,35.68,-0.58,-1.60%,1239000
ATAT,2025-07-25,35.34,35.89,34.35,35.69,0.01,+0.03%,1086600
ATAT,2025-07-28,35.39,35.58,34.5124,35.5,-0.19,-0.53%,908900
ATAT,2025-07-29,35.59,35.7,34.7,34.88,-0.62,-1.75%,544500
ATAT,2025-07-30,34.52,35.08,34.11,34.43,-0.45,-1.29%,921700
ATAT,2025-07-31,34.1,34.18,33.5,33.82,-0.61,-1.77%,1608300
ATAT,2025-08-01,33.5,33.85,32.97,33.46,-0.36,-1.06%,1142900
ATAT,2025-08-04,33.79,34.7,33.645,34.63,1.17,+3.50%,988300
ATAT,2025-08-05,35,35.22,33.125,33.18,-1.45,-4.19%,1509300
ATAT,2025-08-06,33.5,34.765,33.295,33.72,0.54,+1.63%,1469700
ATAT,2025-08-07,33.86,35.05,33.74,34.94,1.22,+3.62%,1264600
ATAT,2025-08-08,35.06,35.6899,34.615,35.37,0.43,+1.23%,821000
ATAT,2025-08-11,35.4,35.525,34.36,34.96,-0.41,-1.16%,591100
ATAT,2025-08-12,35.23,35.68,34.82,35.38,0.42,+1.20%,804800
ATAT,2025-08-13,35.7,36.37,34.97,35.28,-0.1,-0.28%,1074300
ATAT,2025-08-14,35,35.525,34.365,34.48,-0.8,-2.27%,651600
ATAT,2025-08-15,34.52,35.2199,34.4,34.88,0.4,+1.16%,516100
ATAT,2025-08-18,35.03,35.3,34.69,34.87,-0.01,-0.03%,641300
ATAT,2025-08-19,34.89,35.1,34.47,34.56,-0.31,-0.89%,775800
ATAT,2025-08-20,34.65,34.99,33.89,33.96,-0.6,-1.74%,1098300
ATAT,2025-08-21,34,34.88,33.905,34.49,0.53,+1.56%,1821400
ATAT,2025-08-22,34.92,36.06,34.71,35.73,1.24,+3.60%,1302500
ATAT,2025-08-25,35.97,36.29,34.875,35.1,-0.63,-1.76%,1679900
ATAT,2025-08-26,36.7,38.7,35.7,37.15,2.05,+5.84%,3414900
ATAT,2025-08-27,36.81,37.88,36.63,37.28,0.13,+0.35%,1486600
ATAT,2025-08-28,37.43,39.37,36.85,39,1.72,+4.61%,3055200
ATAT,2025-08-29,39.47,39.84,38.77,38.92,-0.08,-0.21%,2174300
ATAT,2025-09-02,38.93,39.655,38.1,38.63,-0.29,-0.75%,1353500
ATAT,2025-09-03,38.51,39.23,38.51,39.04,0.41,+1.06%,1184300
ATAT,2025-09-04,38.56,39.23,38.49,38.9,-0.14,-0.36%,1161300
ATAT,2025-09-05,39.64,39.64,38.735,39.04,0.14,+0.36%,1579900
ATAT,2025-09-08,39.53,40.255,39.04,40.03,0.99,+2.54%,1724200
ATAT,2025-09-09,40,40.3696,39.47,39.98,-0.05,-0.12%,1671800
ATAT,2025-09-10,39.6,39.86,38.93,39.19,-0.79,-1.98%,1047400
ATAT,2025-09-11,39.07,40.24,39.07,39.99,0.8,+2.04%,1128700
ATAT,2025-09-12,39.59,39.99,39.3202,39.67,-0.32,-0.80%,686200
ATAT,2025-09-15,39.78,40.178,39.64,39.75,0.08,+0.20%,703700
ATAT,2025-09-16,39.94,40.39,39.35,39.5,-0.25,-0.63%,684900
ATAT,2025-09-17,39.62,40.39,39.52,39.83,0.33,+0.84%,1574600
ATAT,2025-09-18,39.7,39.94,39.25,39.47,-0.36,-0.90%,838600
ATAT,2025-09-19,39.91,40.386,39.25,40.08,0.61,+1.55%,1086900
ATAT,2025-09-22,39.5,40.37,39.3,39.68,-0.4,-1.00%,735300
ATAT,2025-09-23,39.64,39.76,37.35,37.74,-1.94,-4.89%,1415800
ATAT,2025-09-24,38.44,39.7,38.255,39.45,1.71,+4.53%,1445100
ATAT,2025-09-25,39.26,39.37,38.0173,38.2,-1.25,-3.17%,1067200
ATAT,2025-09-26,38.12,38.5,37.53,37.76,-0.44,-1.15%,802600
ATAT,2025-09-29,38.59,38.91,37.65,37.74,-0.02,-0.05%,1172100
ATAT,2025-09-30,38.04,38.25,37.28,37.59,-0.15,-0.40%,992500
ATAT,2025-10-01,37.64,37.89,36.4,36.46,-1.13,-3.01%,1257800
ATAT,2025-10-02,36.47,36.84,36.11,36.63,0.17,+0.47%,1063100
ATAT,2025-10-03,36.4,36.455,35.61,36.04,-0.59,-1.61%,883000
ATAT,2025-10-06,35.96,36.59,35.6051,36.18,0.14,+0.39%,1019000
ATAT,2025-10-07,36.18,36.3,35.27,35.59,-0.59,-1.63%,1001100
ATAT,2025-10-08,35.66,36.3,34.55,35.49,-0.1,-0.28%,1495800
ATAT,2025-10-09,35.7,36.51,35.4,35.75,0.26,+0.73%,1202200
ATAT,2025-10-10,35.79,36.81,34.49,34.87,-0.88,-2.46%,1807100
ATAT,2025-10-13,35.43,36.28,35.33,35.34,0.47,+1.35%,995900
ATAT,2025-10-14,34.91,35.48,34.47,35.39,0.05,+0.14%,680800
ATAT,2025-10-15,36.99,37.28,36.015,36.56,1.17,+3.31%,1735400
ATAT,2025-10-16,36.57,37.37,36.52,37.27,0.71,+1.94%,1109600
ATAT,2025-10-17,36.8,37.89,36.5,37.31,0.04,+0.11%,1271300
ATAT,2025-10-20,37.51,38.08,36.79,37.81,0.5,+1.34%,1123900
ATAT,2025-10-21,37.94,38.24,37.31,38.2,0.39,+1.03%,931100
ATAT,2025-10-22,38.1,38.7,38.06,38.6,0.4,+1.05%,807200
ATAT,2025-10-23,39.38,39.89,38.78,39.36,0.76,+1.97%,2695200
ATAT,2025-10-24,39.5,39.99,39.22,39.8,0.44,+1.12%,1744700
ATAT,2025-10-27,40.195,40.5757,38.92,38.96,-0.84,-2.11%,1301700
ATAT,2025-10-28,38.4,38.47,37.1,37.79,-1.17,-3.00%,1268200
ATAT,2025-10-29,38.07,38.29,36.63,37.38,-0.41,-1.08%,2689500
ATAT,2025-10-30,37.1,38.23,36.87,38.06,0.68,+1.82%,804200
ATAT,2025-10-31,38.01,39.29,37.4401,38.96,0.9,+2.36%,1010300
ATAT,2025-11-03,39.06,41.43,39.02,41.23,2.27,+5.83%,2129400
ATAT,2025-11-04,40.57,41,39.35,39.66,-1.57,-3.81%,1832800
ATAT,2025-11-05,39.81,40.5,39.1,40.3,0.64,+1.61%,731900
ATAT,2025-11-06,40.69,40.69,38.4,38.89,-1.41,-3.50%,1420700
ATAT,2025-11-07,38.69,39.27,37.78,39.25,0.36,+0.93%,944600
ATAT,2025-11-10,40.34,41.88,40.26,40.91,1.66,+4.23%,1460200
ATAT,2025-11-11,40.93,41.05,40.12,40.39,-0.52,-1.27%,708900
ATAT,2025-11-12,41,42.34,40.45,40.485,0.095,+0.24%,1152300
ATAT,2025-11-13,40.74,40.82,39.94,40.31,-0.175,-0.43%,978400
ATAT,2025-11-14,39.5,39.9,38.74,39.25,-1.06,-2.63%,1119200
ATAT,2025-11-17,39.07,39.44,38.76,39.08,-0.17,-0.43%,684300
ATAT,2025-11-18,38.99,39,36.97,37.9,-1.18,-3.02%,1397600
ATAT,2025-11-19,38.24,38.24,36.89,37.28,-0.62,-1.64%,897500
ATAT,2025-11-20,37.39,37.72,35.29,35.37,-1.91,-5.12%,1300600
ATAT,2025-11-21,35.28,37.36,35.21,37.09,1.72,+4.86%,1891800
ATAT,2025-11-24,37.36,38.105,37.31,37.83,0.74,+2.00%,1768300
ATAT,2025-11-25,38.5,38.63,36.58,37.16,-0.67,-1.77%,1719400
ATAT,2025-11-26,37.36,37.938,36.54,37.76,0.6,+1.61%,1118700
ATAT,2025-11-28,38.08,38.625,38.08,38.37,0.61,+1.62%,907700
ATAT,2025-12-01,38.07,40.64,38.065,40.43,2.06,+5.37%,1937100
ATAT,2025-12-02,40.17,42.8,39.9,42.69,2.26,+5.59%,3256400
ATAT,2025-12-03,42.49,42.92,41.42,42.9,0.21,+0.49%,2754500
ATAT,2025-12-04,43,43.1725,41.71,42.73,-0.17,-0.40%,1633700
ATAT,2025-12-05,42.52,43.05,42.11,42.89,0.16,+0.37%,1118500
ATAT,2025-12-08,42.79,42.79,41.13,41.91,-0.98,-2.28%,1468700
ATAT,2025-12-09,41.2,41.63,40.6,41.38,-0.53,-1.26%,1404400
ATAT,2025-12-10,41.11,41.39,40.81,41.26,-0.12,-0.29%,1056100
ATAT,2025-12-11,41.26,42.02,40.8,41.7,0.44,+1.07%,1004000
ATAT,2025-12-12,42.06,43.17,41.85,42.76,1.06,+2.54%,1380900
ATAT,2025-12-15,42.67,43.05,41.73,42.44,-0.32,-0.75%,645800
ATAT,2025-12-16,41.94,42.82,40.71,41.02,-1.42,-3.35%,1506000
ATAT,2025-12-17,41.27,41.72,40.4,40.54,-0.48,-1.17%,914800
ATAT,2025-12-18,40.92,41.735,40.61,40.74,0.2,+0.49%,558800
ATAT,2025-12-19,40.81,42.07,40.63,41.8,1.06,+2.60%,1316700
ATAT,2025-12-22,41.8,42.62,41.16,42.54,0.74,+1.77%,727200
ATAT,2025-12-23,42.44,42.99,42.36,42.67,0.13,+0.31%,719200
ATAT,2025-12-24,42.67,42.68,41.73,42.22,-0.45,-1.05%,440200
ATAT,2025-12-26,42.14,42.64,41.5,41.74,-0.48,-1.14%,771200
ATAT,2025-12-29,41.52,41.76,39.84,40.06,-1.68,-4.02%,1157400
ATAT,2025-12-30,40.08,40.5,39.5,39.53,-0.53,-1.32%,754200
ATAT,2025-12-31,39.53,39.65,39.02,39.4,-0.13,-0.33%,1130700
ATAT,2026-01-02,40.29,41.285,39.8,39.87,0.47,+1.19%,690800
ATAT,2026-01-05,39.95,40.79,39.77,40.125,0.255,+0.64%,581900
ATAT,2026-01-06,40.46,42.44,40.41,42.38,2.255,+5.62%,1475900
ATAT,2026-01-07,42.42,42.785,40.25,41.1,-1.28,-3.02%,1481500
ATAT,2026-01-08,40.94,42.687,40.63,41.96,0.86,+2.09%,742900
ATAT,2026-01-09,41.58,42.3,39.59,39.64,-2.32,-5.53%,1737700
ATAT,2026-01-12,39.8,40.23,38.95,40,0.36,+0.91%,686100
ATAT,2026-01-13,39.85,39.99,37.99,38.58,-1.42,-3.55%,1064400
ATAT,2026-01-14,38.11,38.44,36.78,37.59,-0.99,-2.57%,1144600
ATAT,2026-01-15,37.66,38.49,36.9,36.95,-0.64,-1.70%,964300
ATAT,2026-01-16,36.9,37.3,36.54,36.89,-0.06,-0.16%,667600
ATAT,2026-01-20,36.48,36.9999,36.03,36.21,-0.68,-1.84%,1727100
ATAT,2026-01-21,36.5,37.98,36.42,37.77,1.56,+4.31%,1939100
ATAT,2026-01-22,38,39.065,37.73,37.8,0.03,+0.08%,1118800
ATAT,2026-01-23,37.58,37.965,37,37.48,-0.32,-0.85%,841800
ATAT,2026-01-26,37.3,38.445,37.14,38.23,0.75,+2.00%,1239100
ATAT,2026-01-27,38.55,38.55,36.31,37.18,-1.05,-2.75%,1514800
ATAT,2026-01-28,37.26,37.355,35.6,35.7,-1.48,-3.98%,1678600
ATAT,2026-01-29,36,37.79,35.99,36.94,1.24,+3.47%,1287400
ATAT,2026-01-30,36.88,36.9699,35.7,35.74,-1.2,-3.25%,897400
ATAT,2026-02-02,35.7,37.05,35.3311,36.45,0.71,+1.99%,907400
ATAT,2026-02-03,36.37,36.72,35.5,36.08,-0.37,-1.02%,627400
ATAT,2026-02-04,36.14,36.4,34.59,34.88,-1.2,-3.33%,995800
ATAT,2026-02-05,35.28,37.07,35.11,36.67,1.79,+5.13%,1349900
ATAT,2026-02-06,36.83,37.98,36.6,37.22,0.55,+1.50%,1030200
ATAT,2026-02-09,37.6,39.68,37.5,39.34,2.12,+5.70%,2128500
ATAT,2026-02-10,39.7,40.07,39.551,39.84,0.5,+1.27%,2079100
ATAT,2026-02-11,40.08,40.245,38.4,39.23,-0.61,-1.53%,1965600
ATAT,2026-02-12,39.14,39.98,39.01,39.69,0.46,+1.17%,1061600
ATAT,2026-02-13,39.31,39.5,38.6,39.17,-0.52,-1.31%,863900
ATAT,2026-02-17,39.18,39.7,38.82,39.41,0.24,+0.61%,578800
ATAT,2026-02-18,39.42,39.68,38.22,38.62,-0.79,-2.00%,604600
ATAT,2026-02-19,38.44,38.98,37.52,38.6,-0.02,-0.05%,806900
ATAT,2026-02-20,38.05,38.96,37.96,38.96,0.36,+0.93%,334200
ATAT,2026-02-23,39.7,40.5,39.065,39.25,0.29,+0.74%,1648600
ATAT,2026-02-24,39.25,40.03,38.9025,39.9,0.65,+1.66%,1145800
ATAT,2026-02-25,40.26,41.2,40.19,40.93,1.03,+2.58%,929800
ATAT,2026-02-26,40.85,41.34,39.81,40.47,-0.46,-1.12%,786100
ATAT,2026-02-27,40.13,40.49,39.19,39.27,-1.2,-2.97%,709700
ATAT,2026-03-02,38.06,38.83,37.64,38.76,-0.51,-1.30%,863700
ATAT,2026-03-03,37.56,37.725,36,36.46,-2.3,-5.93%,1482900
ATAT,2026-03-04,37.33,37.8,36,36.5,0.04,+0.11%,990300
ATAT,2026-03-05,35.92,37.44,35.57,37.26,0.76,+2.08%,1364400
ATAT,2026-03-06,36.78,37.35,36.11,36.46,-0.8,-2.15%,603401
ATAT,2026-03-09,35.64,36.23,34.56,36.21,-0.25,-0.69%,1108200
ATAT,2026-03-10,36.36,37.3,36.215,36.44,0.23,+0.64%,1118400
ATAT,2026-03-11,36.44,37.01,35.6,36.31,-0.13,-0.36%,799700
ATAT,2026-03-12,36.08,36.58,34.51,34.64,-1.67,-4.60%,1243700
ATAT,2026-03-13,35,35.63,34.84,35.24,0.6,+1.73%,860500
ATAT,2026-03-16,35.59,36.28,34.81,34.94,-0.3,-0.85%,1116800
ATAT,2026-03-17,35.33,38.1,34.97,37.03,2.09,+5.98%,2497800
ATAT,2026-03-18,37.51,38.81,36.43,36.48,-0.55,-1.49%,2451600
ATAT,2026-03-19,35.76,38.055,35.62,37.98,1.5,+4.11%,2184300
ATAT,2026-03-20,37.73,38.36,36.74,36.88,-1.1,-2.90%,1652600
ATAT,2026-03-23,37.95,38.27,35.81,35.94,-0.94,-2.55%,1371900
ATAT,2026-03-24,36,36.18,34.5,35.65,-0.29,-0.81%,1239100
ATAT,2026-03-25,36.01,37.91,35.495,35.96,0.31,+0.87%,1471300
ATAT,2026-03-26,35.5,36.23,35.28,36.04,0.08,+0.22%,1276200
ATAT,2026-03-27,35.85,36.46,34.772,34.92,-1.12,-3.11%,980200
ATAT,2026-03-30,34.92,35.5,34.75,35.14,0.22,+0.63%,842800
ATAT,2026-03-31,35.96,37,35.64,36.81,1.67,+4.75%,956800
ATAT,2026-04-01,37.04,37.5,36.67,36.94,0.13,+0.35%,1032000
ATAT,2026-04-02,36.55,36.97,35.64,36.48,-0.46,-1.25%,1006200
ATAT,2026-04-06,36.33,36.81,35.725,35.93,-0.55,-1.51%,430300
ATAT,2026-04-07,35.93,35.97,35,35.54,-0.39,-1.09%,454100
ATAT,2026-04-08,37.2,38.39,37.065,37.54,2,+5.63%,3158700
ATAT,2026-04-09,37.35,37.445,35.93,36.57,-0.97,-2.58%,915300
ATAT,2026-04-10,36.83,37.1,36.015,36.13,-0.44,-1.20%,773800
ATAT,2026-04-13,35.68,37.04,35.61,36.99,0.86,+2.38%,924800
ATAT,2026-04-14,37.43,37.97,37.125,37.37,0.38,+1.03%,839300
ATAT,2026-04-15,37.35,37.44,36.84,37.01,-0.36,-0.96%,728400
ATAT,2026-04-16,37.37,38.75,37.36,38.36,1.35,+3.65%,2159000
ATAT,2026-04-17,39.3,39.5,37.683,37.78,-0.58,-1.51%,1287500
ATAT,2026-04-20,37.65,38.18,37.14,37.25,-0.53,-1.40%,1146200
ATAT,2026-04-21,37.27,38.5,37.21,38.46,1.21,+3.25%,1805300
ATAT,2026-04-22,40.13,40.49,39.55,40.41,1.95,+5.07%,2350900
ATAT,2026-04-23,40.3,41.25,39.44,39.66,-0.75,-1.86%,1572500
ATAT,2026-04-24,39.7,40.34,38.84,39.02,-0.64,-1.61%,923300
ATCX,2018-11-05,24,24,24,24,-15.02,-38.49%,166
ATCX,2018-11-06,24,24,24,24,0,0.00%,166
ATCX,2018-11-08,27,27,27,27,3,+12.50%,41
ATCX,2019-02-01,18,18,18,18,-9.,-33.33%,41
ATCX,2019-02-28,18,18,18,18,0,0.00%,8
ATCX,2019-03-08,18,18,18,18,0,0.00%,8
ATCX,2019-05-03,12,12,12,12,-6.,-33.33%,83
ATCX,2019-05-10,12,12,12,12,0,0.00%,8
ATCX,2019-06-11,10.8,10.8,10.8,10.8,-1.2,-10.00%,25
ATCX,2019-06-14,10.8,10.8,10.8,10.8,0,0.00%,16
ATCX,2019-06-17,10.8,10.8,10.8,10.8,0,0.00%,50
ATCX,2019-06-19,10.8,10.8,10.8,10.8,0,0.00%,16
ATCX,2019-06-24,10.8,10.8,10.8,10.8,0,0.00%,16
ATCX,2019-06-26,10.8,10.8,10.8,10.8,0,0.00%,25
ATCX,2019-07-01,10.8,10.8,10.8,10.8,0,0.00%,83
ATCX,2019-07-02,10.8,10.8,10.8,10.8,0,0.00%,25
ATCX,2019-07-03,10.8,10.8,10.8,10.8,0,0.00%,8
ATCX,2019-07-08,10.8,10.8,10.8,10.8,0,0.00%,25
ATCX,2019-07-09,10.8,10.8,10.8,10.8,0,0.00%,75
ATCX,2019-07-10,10.8,10.8,10.8,10.8,0,0.00%,25
ATCX,2019-07-19,10.8,10.8,10.8,10.8,0,0.00%,116
ATCX,2019-07-29,10.8,10.8,10.8,10.8,0,0.00%,83
ATCX,2019-07-30,10.8,10.8,10.7988,10.8,0,0.00%,1258
ATCX,2019-07-31,10.8,24,10.8,24,13.2,+122.22%,475
ATCX,2019-08-01,22.92,24,22.92,24,0,0.00%,100
ATCX,2019-08-02,24,24,21,21,-3.,-12.50%,50
ATCX,2019-08-05,21,21,21,21,0,0.00%,41
ATCX,2019-08-06,16.2,16.2,16.2,16.2,-4.8,-22.86%,8
ATCX,2019-08-14,21,21,21,21,4.8,+29.63%,100
ATCX,2019-09-23,14.4,14.4,12,12,-9.,-42.86%,258
ATCX,2019-09-25,15,15,15,15,3,+25.00%,16
ATCX,2019-09-26,13.2,13.2,13.2,13.2,-1.8,-12.00%,41
ATCX,2019-09-27,13.2,13.8,9.48,9.48,-3.72,-28.18%,616
ATCX,2019-09-30,12.6,12.6,12.6,12.6,3.12,+32.91%,16
ATCX,2019-10-24,9.6,15,9.6,15,2.4,+19.05%,91
ATCX,2019-10-30,12.12,12.12,7.2,7.2,-7.8,-52.00%,66
ATCX,2019-10-31,12.12,12.12,12.12,12.12,4.92,+68.33%,16
ATCX,2019-11-11,12,12.6,12,12.6,0.48,+3.96%,41
ATCX,2019-11-12,12,12.6,9,10.8,-1.8,-14.29%,491
ATCX,2019-11-13,10.2,10.2,10.2,10.2,-0.6,-5.56%,250
ATCX,2019-11-14,9.6,9.6,4.26,6.6,-3.6,-35.29%,1441
ATCX,2019-11-20,10.08,10.08,10.08,10.08,3.48,+52.73%,8
ATCX,2019-11-22,4.2864,9.6,4.2864,9.6,-0.48,-4.76%,491
ATCX,2019-11-25,4.8,4.8,4.8,4.8,-4.8,-50.00%,216
ATCX,2019-11-26,10.56,10.56,10.56,10.56,5.76,+120.00%,8
ATCX,2019-11-27,6.6,6.6,6.6,6.6,-3.96,-37.50%,8
ATCX,2019-12-02,5.1,10.2,5.1,6.6,0,0.00%,183
ATCX,2019-12-04,6.6,6.6,6.6,6.6,0,0.00%,41
ATCX,2019-12-05,3.6,3.6,3,3.0012,-3.5988,-54.53%,791
ATCX,2019-12-06,4.8,4.8,4.8,4.8,1.7988,+59.94%,33
ATCX,2019-12-10,4.386,4.386,4.386,4.386,-0.414,-8.63%,8
ATCX,2019-12-12,5.4,5.4,5.4,5.4,1.014,+23.12%,16
ATCX,2019-12-20,9,9,9,9,3.6,+66.67%,8
ATCX,2019-12-30,14.88,14.88,14.88,14.88,5.88,+65.33%,8
ATCX,2019-12-31,9,9,7.8,7.8,-7.08,-47.58%,50
ATCX,2020-01-02,4.2,4.2,4.2,4.2,-3.6,-46.15%,8
ATCX,2020-01-03,4.2,4.2,4.2,4.2,0,0.00%,8
ATCX,2020-01-08,8.4,8.4,7.2,7.2,3,+71.43%,58
ATCX,2020-01-14,7.8,7.8,3.6,7.2,0,0.00%,550
ATCX,2020-01-29,10.8,10.8,10.8,10.8,3.6,+50.00%,8
ATCX,2020-01-30,9.6,9.6,9.6,9.6,-1.2,-11.11%,16
ATCX,2020-02-06,5.16,8.16,5.16,8.16,-1.44,-15.00%,41
ATCX,2020-02-10,5.28,5.28,5.28,5.28,-2.88,-35.29%,16
ATCX,2020-02-11,4.8,4.8,4.8,4.8,-0.48,-9.09%,8
ATCX,2020-02-12,4.2,4.2,4.2,4.2,-0.6,-12.50%,683
ATCX,2020-02-18,7.2,7.2,4.2,6,1.8,+42.86%,866
ATCX,2020-02-19,4.8,4.92,4.2,4.2,-1.8,-30.00%,558
ATCX,2020-02-20,7.2,7.2,7.2,7.2,3,+71.43%,25
ATCX,2020-02-24,6.6,7.2,6.6,6.6,-0.6,-8.33%,116
ATCX,2020-02-26,6.6,7.2,6.6,7.2,0.6,+9.09%,841
ATCX,2020-03-03,7.08,7.632,7.08,7.632,0.432,+6.00%,1175
ATCX,2020-03-04,7.68,7.8864,6.12,7.8864,0.2544,+3.33%,325
ATCX,2020-03-05,10.08,10.08,10.08,10.08,2.1936,+27.81%,8
ATCX,2020-03-06,11.64,11.64,11.64,11.64,1.56,+15.48%,8
ATCX,2020-03-16,10.8,11.64,10.8,11.64,0,0.00%,283
ATCX,2020-04-03,2.4024,11.4,2.4024,11.4,-0.24,-2.06%,91
ATCX,2020-04-16,11.58,11.64,11.58,11.64,0.24,+2.11%,16
ATCX,2020-04-17,11.52,11.52,8.4,11.52,-0.12,-1.03%,66
ATCX,2020-04-27,2.4,11.52,2.4,11.52,0,0.00%,66
ATCX,2020-05-08,6.6,11.16,3.006,11.16,-0.36,-3.13%,58
ATCX,2020-05-13,10.68,10.68,10.68,10.68,-0.48,-4.30%,41
ATCX,2020-05-14,10.56,10.56,10.56,10.56,-0.12,-1.12%,8
ATCX,2020-06-04,9.24,9.24,9,9,-1.56,-14.77%,166
ATCX,2020-06-08,3.006,9.24,3.006,9.24,0.24,+2.67%,16
ATCX,2020-06-11,9,9,9,9,-0.24,-2.60%,16
ATCX,2020-06-18,9,9,9,9,0,0.00%,8
ATCX,2020-07-07,9.24,9.24,9.24,9.24,0.24,+2.67%,33
ATCX,2020-07-08,9.24,9.24,9.24,9.24,0,0.00%,8
ATCX,2020-07-09,7.8,9.24,6,9.24,0,0.00%,58
ATCX,2020-07-10,7.2,9.24,6,9.24,0,0.00%,383
ATCX,2020-07-15,9.24,9.24,9.24,9.24,0,0.00%,16
ATCX,2020-07-16,9.24,9.24,9.24,9.24,0,0.00%,25
ATCX,2020-07-17,9.24,9.24,9.24,9.24,0,0.00%,16
ATCX,2020-07-20,9.24,9.24,9.24,9.24,0,0.00%,16
ATCX,2020-07-21,9.24,9.24,9.24,9.24,0,0.00%,33
ATCX,2020-07-24,7.2,9.24,7.2,9.24,0,0.00%,41
ATCX,2020-07-27,10.26,10.26,10.26,10.26,1.02,+11.04%,41
ATCX,2020-07-28,9.24,10.26,9.24,10.26,0,0.00%,116
ATCX,2020-07-29,10.26,10.26,10.26,10.26,0,0.00%,25
ATCX,2020-07-30,10.26,10.26,10.26,10.26,0,0.00%,8
ATCX,2020-07-31,10.26,12,10.26,12,1.74,+16.96%,41
ATCX,2020-08-03,10.26,10.26,10.26,10.26,-1.74,-14.50%,8
ATCX,2020-08-10,12.72,12.72,12.72,12.72,2.46,+23.98%,8
ATCX,2020-08-11,12,18,9,18,5.28,+41.51%,100
ATCX,2020-08-13,8.4,12.12,8.4,12.12,-5.88,-32.67%,100
ATCX,2020-08-17,12.24,12.24,9.36,9.36,-2.76,-22.77%,158
ATCX,2020-08-18,12.72,12.72,12.72,12.72,3.36,+35.90%,8
ATCX,2020-08-21,7.8,12.6,6.6,12.6,-0.12,-0.94%,883
ATCX,2020-08-25,6,12.6,6,12.6,0,0.00%,25
ATCX,2020-08-31,7.2,12.6,7.2,12.6,0,0.00%,91
ATCX,2020-09-03,7.8,12.6,7.8,12.6,0,0.00%,91
ATCX,2020-09-08,12,12,12,12,-0.6,-4.76%,158
ATCX,2020-09-15,7.8,12,7.8,12,0,0.00%,100
ATCX,2020-09-16,8.4,12,8.4,12,0,0.00%,250
ATCX,2020-09-17,8.64,10.8,8.64,10.8,-1.2,-10.00%,100
ATCX,2020-09-18,7.8,12,7.8,12,1.2,+11.11%,125
ATCX,2020-09-21,9.6,10.2,8.64,10.2,-1.8,-15.00%,125
ATCX,2020-09-23,9.588,12,9.588,12,1.8,+17.65%,500
ATCX,2020-10-01,8.52,9.72,8.52,8.5212,-3.4788,-28.99%,783
ATCX,2020-10-02,8.5212,8.5212,8.52,8.52,-0.0012,-0.01%,150
ATCX,2020-10-05,8.52,8.52,8.4,8.4,-0.12,-1.41%,166
ATCX,2020-10-07,12.72,12.72,10.44,11.76,3.36,+40.00%,33
ATCX,2020-10-12,11.9988,11.9988,8.4,8.4,-3.36,-28.57%,316
ATCX,2020-10-14,11.88,11.88,11.88,11.88,3.48,+41.43%,16
ATCX,2020-10-16,8.4,11.88,7.2,11.88,0,0.00%,316
ATCX,2020-11-04,10.8,10.8,10.8,10.8,-1.08,-9.09%,8
ATCX,2020-11-05,11.64,11.64,10.8,10.8,0,0.00%,116
ATCX,2020-11-16,10.8,10.8,10.8,10.8,0,0.00%,83
ATCX,2020-11-18,7.2,10.8,7.2,10.8,0,0.00%,91
ATCX,2020-11-24,7.4412,7.4412,6.36,6.6,-4.2,-38.89%,1141
ATCX,2020-11-25,6.36,6.36,6.36,6.36,-0.24,-3.64%,416
ATCX,2020-11-30,9,15,8.4,8.4,2.04,+32.08%,1275
ATCX,2020-12-01,7.44,7.44,7.2,7.2,-1.2,-14.29%,450
ATCX,2020-12-02,11.3988,11.3988,8.22,8.4,1.2,+16.67%,800
ATCX,2020-12-03,8.4,8.4,8.4,8.4,0,0.00%,83
ATCX,2020-12-04,8.4,9,7.8,7.8,-0.6,-7.14%,1041
ATCX,2020-12-07,9,9,9,9,1.2,+15.38%,208
ATCX,2020-12-08,10.2,10.2,10.2,10.2,1.2,+13.33%,8
ATCX,2020-12-09,11.4,11.4,11.4,11.4,1.2,+11.76%,16
ATCX,2020-12-14,9.6,9.6,9.6,9.6,-1.8,-15.79%,8
ATCX,2020-12-15,8.4,8.4,8.4,8.4,-1.2,-12.50%,83
ATCX,2020-12-16,11.16,11.16,11.16,11.16,2.76,+32.86%,8
ATCX,2020-12-17,11.16,11.16,11.16,11.16,0,0.00%,41
ATCX,2020-12-21,11.04,11.16,11.04,11.16,0,0.00%,83
ATCX,2020-12-23,11.16,11.16,9,9,-2.16,-19.35%,341
ATCX,2020-12-29,7.44,11.4,6.6,11.4,2.4,+26.67%,183
ATCX,2020-12-30,9,9,9,9,-2.4,-21.05%,125
ATCX,2020-12-31,9.6,11.4,9.5988,11.4,2.4,+26.67%,675
ATCX,2021-01-04,11.4,11.4,11.4,11.4,0,0.00%,50
ATCX,2021-01-06,10.92,10.92,10.92,10.92,-0.48,-4.21%,41
ATCX,2021-01-07,7.44,11.16,7.44,11.16,0.24,+2.20%,575
ATCX,2021-01-11,11.4,11.4,7.44,8.4,-2.76,-24.73%,650
ATCX,2021-01-12,10.2,10.2,10.2,10.2,1.8,+21.43%,8
ATCX,2021-01-15,9,10.2,9,10.2,0,0.00%,108
ATCX,2021-01-20,11.4,11.4,7.8,11.4,1.2,+11.76%,591
ATCX,2021-01-22,11.4,11.52,11.4,11.52,0.12,+1.05%,16
ATCX,2021-01-25,12,13.08,9.6,13.08,1.56,+13.54%,758
ATCX,2021-01-26,14.4,18,13.44,16.32,3.24,+24.77%,1566
ATCX,2021-01-27,15,16.32,12,12,-4.32,-26.47%,675
ATCX,2021-01-28,12,12,11.1,12,0,0.00%,133
ATCX,2021-01-29,15,15.6,15,15.6,3.6,+30.00%,233
ATCX,2021-02-01,7.776,16.2,7.776,10.2,-5.4,-34.62%,1833
ATCX,2021-02-02,10.2,15.6,10.2,13.92,3.72,+36.47%,775
ATCX,2021-02-04,14.4,27,14.4,18,4.08,+29.31%,2641
ATCX,2021-02-05,14.4,23.16,12,23.16,5.16,+28.67%,991
ATCX,2021-02-08,23.4,23.4,18,18,-5.16,-22.28%,658
ATCX,2021-02-09,21,22.44,21,21,3,+16.67%,358
ATCX,2021-02-10,22.92,22.92,18.12,19.2,-1.8,-8.57%,383
ATCX,2021-02-11,21,21,20.88,20.88,1.68,+8.75%,250
ATCX,2021-02-12,20.88,21,18.24,21,0.12,+0.57%,358
ATCX,2021-02-16,15.12,20.82,12,18.48,-2.52,-12.00%,1000
ATCX,2021-02-17,18.6,19.2,18.6,19.2,0.72,+3.90%,1941
ATCX,2021-02-18,18,22.08,16.8,22.08,2.88,+15.00%,333
ATCX,2021-02-19,23.4,25.2,12,20.4,-1.68,-7.61%,1308
ATCX,2021-02-22,23.28,23.28,16.8,16.92,-3.48,-17.06%,766
ATCX,2021-02-23,14.4,18.84,12,18,1.08,+6.38%,583
ATCX,2021-02-24,18,18.6,18,18.24,0.24,+1.33%,266
ATCX,2021-02-25,18.24,18.24,18.24,18.24,0,0.00%,8
ATCX,2021-02-26,20.04,20.04,16.8,17.4,-0.84,-4.61%,741
ATCX,2021-03-01,13.8,17.4,13.8,17.4,0,0.00%,241
ATCX,2021-03-02,17.4,17.4,16.2,16.44,-0.96,-5.52%,183
ATCX,2021-03-03,16.44,16.44,16.188,16.2,-0.24,-1.46%,183
ATCX,2021-03-04,16.2,16.2,16.2,16.2,0,0.00%,183
ATCX,2021-03-05,12.72,16.2,12.72,14.16,-2.04,-12.59%,408
ATCX,2021-03-08,13.2,13.8,12,12.6,-1.56,-11.02%,1025
ATCX,2021-03-09,12.6,21,12.24,12.48,-0.12,-0.95%,641
ATCX,2021-03-10,19.08,19.08,13.2,16.32,3.84,+30.77%,233
ATCX,2021-03-11,16.92,17.28,16.56,16.56,0.24,+1.47%,133
ATCX,2021-03-12,16.56,16.56,13.2,16.56,0,0.00%,75
ATCX,2021-03-16,17.16,18.48,17.16,18.48,1.92,+11.59%,208
ATCX,2021-03-17,18.48,18.48,17.28,17.28,-1.2,-6.49%,58
ATCX,2021-03-19,17.64,17.64,17.64,17.64,0.36,+2.08%,8
ATCX,2021-03-22,21,24,17.28,22.2,4.56,+25.85%,3083
ATCX,2021-03-23,22.2,22.2,22.2,22.2,0,0.00%,166
ATCX,2021-03-24,15.12,15.12,15.12,15.12,-7.08,-31.89%,141
ATCX,2021-03-25,19.8,19.8,15.96,15.96,0.84,+5.56%,41
ATCX,2021-03-26,19.56,19.56,15.24,15.24,-0.72,-4.51%,125
ATCX,2021-03-29,15.24,19.2,15.24,16.8,1.56,+10.24%,141
ATCX,2021-03-30,15,15,15,15,-1.8,-10.71%,58
ATCX,2021-04-01,18.6,18.6,15,15.6,0.6,+4.00%,125
ATCX,2021-04-05,16.2,16.8,15.6,16.8,1.2,+7.69%,1033
ATCX,2021-04-09,12.12,18.96,12.12,18.96,2.16,+12.86%,641
ATCX,2021-04-12,21,21.6,18,18,-0.96,-5.06%,408
ATCX,2021-04-13,16.8,16.8,15.63,16.8,-1.2,-6.67%,258
ATCX,2021-04-14,20.4,20.4,15,15,-1.8,-10.71%,141
ATCX,2021-04-16,15,15,15,15,0,0.00%,58
ATCX,2021-04-20,18,18,12.72,16.8,1.8,+12.00%,50
ATCX,2021-04-21,15.36,15.36,15.36,15.36,-1.44,-8.57%,50
ATCX,2021-04-22,12.72,14.4,6.0012,14.4,-0.96,-6.25%,1716
ATCX,2021-04-26,14.4,15,14.4,14.4,0,0.00%,116
ATCX,2021-04-27,13.2,13.32,9.12,9.6,-4.8,-33.33%,1233
ATCX,2021-04-28,9.6012,10.2,8.4,10.08,0.48,+5.00%,3325
ATCX,2021-04-29,8.4012,10.08,8.4012,9.84,-0.24,-2.38%,275
ATCX,2021-04-30,9,9.84,9,9.84,0,0.00%,91
ATCX,2021-05-04,10.08,10.08,9.24,9.24,-0.6,-6.10%,316
ATCX,2021-05-05,13.8,13.8,5.9988,6.6,-2.64,-28.57%,3325
ATCX,2021-05-06,7.2,7.2,6,6.12,-0.48,-7.27%,4891
ATCX,2021-05-07,9.3,9.3,6.6,6.72,0.6,+9.80%,1175
ATCX,2021-05-10,6.6,8.16,3.72,8.16,1.44,+21.43%,3475
ATCX,2021-05-11,6.24,8.4,6.24,8.4,0.24,+2.94%,1000
ATCX,2021-05-12,7.2,7.2,7.2,7.2,-1.2,-14.29%,58
ATCX,2021-05-13,9,9,9,9,1.8,+25.00%,8
ATCX,2021-05-14,8.88,8.88,8.88,8.88,-0.12,-1.33%,241
ATCX,2021-05-17,8.88,8.88,8.88,8.88,0,0.00%,33
ATCX,2021-05-21,6.6012,8.88,6.6012,8.88,0,0.00%,25
ATCX,2021-05-25,8.52,8.52,8.16,8.16,-0.72,-8.11%,75
ATCX,2021-05-26,8.76,8.76,8.76,8.76,0.6,+7.35%,8
ATCX,2021-05-27,6.72,8.8788,6.6,8.8788,0.1188,+1.36%,225
ATCX,2021-06-02,10.35,10.35,6.9492,8.88,0.0012,+0.01%,108
ATCX,2021-06-03,8.88,8.88,7.44,8.8788,-0.0012,-0.01%,300
ATCX,2021-06-04,7.32,8.76,7.32,8.76,-0.1188,-1.34%,16
ATCX,2021-06-08,9.768,9.768,9,9,0.24,+2.74%,91
ATCX,2021-06-09,8.94,8.94,8.94,8.94,-0.06,-0.67%,16
ATCX,2021-06-15,8.97,8.97,8.97,8.97,0.03,+0.34%,50
ATCX,2021-06-17,7.812,8.94,7.812,7.812,-1.158,-12.91%,83
ATCX,2021-06-22,7.812,7.812,7.812,7.812,0,0.00%,83
ATCX,2021-06-24,8.94,8.94,8.94,8.94,1.128,+14.44%,33
ATCX,2021-07-07,8.94,8.94,8.94,8.94,0,0.00%,8
ATCX,2021-07-08,7.44,8.928,7.44,8.928,-0.012,-0.13%,258
ATCX,2021-07-13,7.44,8.88,7.44,8.88,-0.048,-0.54%,100
ATCX,2021-07-14,7.44,8.88,7.44,8.88,0,0.00%,200
ATCX,2021-07-19,8.94,8.94,8.82,8.82,-0.06,-0.68%,275
ATCX,2021-07-21,8.94,11.52,8.94,11.28,2.46,+27.89%,1350
ATCX,2021-07-22,11.28,14.52,11.28,14.52,3.24,+28.72%,266
ATCX,2021-07-26,9,9,9,9,-5.52,-38.02%,16
ATCX,2021-07-27,14.28,14.28,13.68,13.68,4.68,+52.00%,58
ATCX,2021-07-30,14.28,14.28,9,9,-4.68,-34.21%,25
ATCX,2021-08-02,14.28,14.28,14.28,14.28,5.28,+58.67%,8
ATCX,2021-08-03,14.16,14.16,14.16,14.16,-0.12,-0.84%,8
ATCX,2021-08-04,11.4,13.8,9,13.8,-0.36,-2.54%,41
ATCX,2021-08-10,13.32,13.92,12,12,-1.8,-13.04%,183
ATCX,2021-08-13,12,12,12,12,0,0.00%,16
ATCX,2021-08-18,12.6,12.6,12,12,0,0.00%,33
ATCX,2021-08-20,10.68,10.68,10.68,10.68,-1.32,-11.00%,25
ATCX,2021-08-24,11.7,11.7,10.68,10.68,0,0.00%,108
ATCX,2021-08-25,12.72,12.72,12,12,1.32,+12.36%,125
ATCX,2021-08-27,10.2,13.8,10.2,10.8,-1.2,-10.00%,50
ATCX,2021-08-30,10.8012,10.8012,10.8012,10.8012,0.0012,+0.01%,216
ATCX,2021-08-31,15.6,15.6,12.36,13.2,2.3988,+22.21%,100
ATCX,2021-09-02,12,12,12,12,-1.2,-9.09%,16
ATCX,2021-09-07,10.8,10.8,10.8,10.8,-1.2,-10.00%,16
ATCX,2021-09-08,10.8,10.8,10.8,10.8,0,0.00%,20
ATCX,2021-09-13,10.8,10.8,10.8,10.8,0,0.00%,25
ATCX,2021-09-15,15.96,15.96,10.8,10.8,0,0.00%,16
ATCX,2021-09-17,13.8,13.8,12.72,12.72,1.92,+17.78%,41
ATCX,2021-09-21,12.72,12.72,12.72,12.72,0,0.00%,43
ATCX,2021-09-30,7.1196,12.6,7.1196,12.6,-0.12,-0.94%,108
ATCX,2021-10-01,6.9996,6.9996,6.9996,6.9996,-5.6004,-44.45%,8
ATCX,2021-10-04,12.6,12.6,10.56,10.56,3.5604,+50.87%,75
ATCX,2021-10-05,10.68,10.68,10.68,10.68,0.12,+1.14%,341
ATCX,2021-10-06,12.36,12.36,12.36,12.36,1.68,+15.73%,8
ATCX,2021-10-07,12.36,12.36,12.36,12.36,0,0.00%,8
ATCX,2021-10-08,11.8788,11.8788,11.8788,11.8788,-0.4812,-3.89%,19
ATCX,2021-10-12,9,9,9,9,-2.8788,-24.23%,9
ATCX,2021-10-14,7.2912,11.9988,7.2912,11.9988,2.9988,+33.32%,141
ATCX,2021-10-15,9,9,9,9,-2.9988,-24.99%,41
ATCX,2021-10-21,12.72,12.72,12.72,12.72,3.72,+41.33%,8
ATCX,2021-10-28,11.8788,11.8788,11.8788,11.8788,-0.8412,-6.61%,13
ATCX,2021-11-02,5.9052,5.9052,5.9052,5.9052,-5.9736,-50.29%,8
ATCX,2021-11-03,11.8776,11.8776,11.8776,11.8776,5.9724,+101.14%,8
ATCX,2021-11-04,6.0012,6.0012,6.0012,6.0012,-5.8764,-49.47%,8
ATCX,2021-11-05,11.76,11.76,11.76,11.76,5.7588,+95.96%,8
ATCX,2021-11-09,11.8776,11.8776,11.6388,11.6388,-0.1212,-1.03%,100
ATCX,2021-11-11,11.52,11.52,11.52,11.52,-0.1188,-1.02%,16
ATCX,2021-11-12,11.64,11.64,11.6388,11.64,0.12,+1.04%,83
ATCX,2021-11-15,11.4,12.72,10.2,12.72,1.08,+9.28%,683
ATCX,2021-11-16,18,18,10.2,13.2,0.48,+3.77%,275
ATCX,2021-11-17,12.12,12.12,12.12,12.12,-1.08,-8.18%,25
ATCX,2021-11-18,12,13.08,6.8424,12,-0.12,-0.99%,133
ATCX,2021-11-19,7.08,13.8,7.08,12.9,0.9,+7.50%,75
ATCX,2021-11-22,14.4,15,13.2,13.8,0.9,+6.98%,577
ATCX,2021-11-23,12.6,12.6,12.6,12.6,-1.2,-8.70%,16
ATCX,2021-11-26,12.6,12.6,12.6,12.6,0,0.00%,16
ATCX,2021-12-06,13.2,13.2,12.6,12.6,0,0.00%,158
ATCX,2021-12-07,10.8,10.8,10.8,10.8,-1.8,-14.29%,139
ATCX,2021-12-13,11.4,11.4,11.4,11.4,0.6,+5.56%,8
ATCX,2021-12-14,6.96,11.4,6.96,11.4,0,0.00%,16
ATCX,2021-12-16,12.12,12.12,12.12,12.12,0.72,+6.32%,16
ATCX,2021-12-21,11.4,11.4,11.4,11.4,-0.72,-5.94%,16
ATCX,2021-12-29,11.4,11.4,6.846,6.846,-4.554,-39.95%,158
ATCX,2021-12-31,12.12,12.12,12.12,12.12,5.274,+77.04%,12
ATCX,2022-01-12,12.12,12.12,9,9,-3.12,-25.74%,100
ATCX,2022-01-14,12.12,12.12,12.12,12.12,3.12,+34.67%,8
ATCX,2022-01-19,12,12,6.846,12,-0.12,-0.99%,100
ATCX,2022-01-20,12,12,12,12,0,0.00%,8
ATCX,2022-01-21,10.2,12,10.2,12,0,0.00%,16
ATCX,2022-01-26,12,12,12,12,0,0.00%,8
ATCX,2022-01-27,12,12,12,12,0,0.00%,10
ATCX,2022-01-31,12,12,12,12,0,0.00%,8
ATCX,2022-02-02,12,12,12,12,0,0.00%,26
ATCX,2022-02-04,12,12,12,12,0,0.00%,25
ATCX,2022-02-08,12,12,12,12,0,0.00%,26
ATCX,2022-02-14,12.12,12.12,12.12,12.12,0.12,+1.00%,25
ATCX,2022-02-15,14.4,14.4,12,12,-0.12,-0.99%,66
ATCX,2022-02-17,7.8,7.8,7.8,7.8,-4.2,-35.00%,58
ATCX,2022-02-23,14.4,14.4,14.4,14.4,6.6,+84.62%,10
ATCX,2022-03-08,12,12,9,9,-5.4,-37.50%,91
ATCX,2022-03-09,12.6,12.6,9.6,9.6,0.6,+6.67%,16
ATCX,2022-03-11,12.6,12.6,12.6,12.6,3,+31.25%,9
ATCX,2022-03-14,14.4,14.4,14.04,14.04,1.44,+11.43%,175
ATCX,2022-03-16,8.5308,11.874,7.8,11.874,-2.166,-15.43%,41
ATCX,2022-03-18,8.64,8.64,8.64,8.64,-3.234,-27.24%,8
ATCX,2022-03-22,11.7,11.7,11.7,11.7,3.06,+35.42%,17
ATCX,2022-03-25,7.8468,7.8468,7.0212,7.0212,-4.6788,-39.99%,33
ATCX,2022-03-28,11.874,12,11.874,12,4.9788,+70.91%,83
ATCX,2022-03-29,9.12,9.12,9,9.12,-2.88,-24.00%,41
ATCX,2022-03-30,7.68,7.68,7.68,7.68,-1.44,-15.79%,41
ATCX,2022-03-31,12.6,12.6,12.6,12.6,4.92,+64.06%,9
ATCX,2022-04-06,12.6,12.6,11.1,11.1,-1.5,-11.90%,9
ATCX,2022-04-20,9.6,9.6,9.6,9.6,-1.5,-13.51%,103
ATCX,2022-04-28,12,12,12,12,2.4,+25.00%,91
ATCX,2022-05-04,13.2,13.2,13.2,13.2,1.2,+10.00%,15
ATCX,2022-05-05,12,12,11.4,11.4,-1.8,-13.64%,58
ATCX,2022-05-16,12,12,12,12,0.6,+5.26%,33
ATCX,2022-05-20,9.6,9.6,9.6,9.6,-2.4,-20.00%,33
ATCX,2022-06-10,9.6,9.6,9.48,9.48,-0.12,-1.25%,158
ATCX,2022-06-13,10.2,10.2,10.2,10.2,0.72,+7.59%,50
ATCX,2022-06-14,12,12,12,12,1.8,+17.65%,50
ATCX,2022-07-06,10.8,10.8,9.6,10.8,-1.2,-10.00%,26
ATCX,2022-08-17,10.8,10.8,10.8,10.8,0,0.00%,16
ATCX,2022-08-18,9.48,10.8,9.48,10.8,0,0.00%,91
ATCX,2022-08-22,10.8,10.8,10.8,10.8,0,0.00%,16
ATCX,2022-08-23,8.4,8.4,8.4,8.4,-2.4,-22.22%,183
ATCX,2022-08-29,12,14.4,12,14.4,6,+71.43%,183
ATCX,2022-08-31,13.8,13.8,13.2,13.2,-1.2,-8.33%,108
ATCX,2022-09-02,14.28,14.28,14.28,14.28,1.08,+8.18%,8
ATCX,2022-09-08,6.912,6.912,6.912,6.912,-7.368,-51.60%,16
ATCX,2022-09-09,13.68,13.68,13.68,13.68,6.768,+97.92%,16
ATCX,2022-09-12,13.68,13.68,12,12,-1.68,-12.28%,175
ATCX,2022-09-14,14.4,14.4,14.4,14.4,2.4,+20.00%,75
ATCX,2022-09-16,14.28,14.28,14.28,14.28,-0.12,-0.83%,40
ATCX,2022-09-28,9,9,9,9,-5.28,-36.97%,8
ATCX,2022-09-30,13.8,13.8,9,9,0,0.00%,91
ATCX,2022-10-04,12,14.4,11.7468,14.4,5.4,+60.00%,741
ATCX,2022-10-06,14.4,14.4,11.88,14.4,0,0.00%,425
ATCX,2022-10-10,14.4,14.4,14.4,14.4,0,0.00%,425
ATCX,2022-10-21,15,15,15,15,0.6,+4.17%,8
ATCX,2022-10-24,9.6,14.4,9.6,14.4,-0.6,-4.00%,175
ATCX,2022-10-26,14.28,14.28,12,14.28,-0.12,-0.83%,519
ATCX,2022-10-31,14.4,14.4,14.4,14.4,0.12,+0.84%,16
ATCX,2022-11-01,14.4,14.4,14.4,14.4,0,0.00%,96
ATCX,2022-11-03,14.4,14.4,14.4,14.4,0,0.00%,8
ATCX,2022-11-04,12.6,13.8,12,13.8,-0.6,-4.17%,179
ATCX,2022-11-08,13.8,14.4,7.08,13.8,0,0.00%,75
ATCX,2022-11-09,13.08,13.08,13.08,13.08,-0.72,-5.22%,58
ATCX,2022-11-10,13.8,13.8,13.56,13.56,0.48,+3.67%,16
ATCX,2022-11-11,13.68,13.68,13.2,13.2,-0.36,-2.65%,16
ATCX,2022-11-14,12,12,12,12,-1.2,-9.09%,108
ATCX,2022-11-15,13.2,13.2,13.2,13.2,1.2,+10.00%,50
ATCX,2022-11-16,13.2,13.2,13.2,13.2,0,0.00%,16
ATCX,2022-11-17,13.2,13.2,13.2,13.2,0,0.00%,8
ATCX,2022-11-18,9.66,12.6,9.0036,9.0036,-4.1964,-31.79%,58
ATCX,2022-11-21,11.9988,12.6,11.9988,12.6,3.5964,+39.94%,29
ATCX,2022-11-22,13.8,13.8,13.56,13.56,0.96,+7.62%,58
ATCX,2022-11-28,13.2,13.2,8.16,13.2,-0.36,-2.65%,225
ATCX,2022-11-29,13.2,13.2,8.16,13.08,-0.12,-0.91%,175
ATCX,2022-11-30,12,12,12,12,-1.08,-8.26%,25
ATCX,2022-12-05,8.1612,13.08,8.1612,13.08,1.08,+9.00%,16
ATCX,2022-12-08,8.16,10.2,8.16,10.2,-2.88,-22.02%,336
ATCX,2022-12-13,6.9612,6.9612,6.9612,6.9612,-3.2388,-31.75%,17
ATCX,2022-12-14,7.5108,11.754,7.3212,11.754,4.7928,+68.85%,641
ATCX,2022-12-15,7.56,11.754,7.56,11.754,0,0.00%,33
ATCX,2022-12-16,11.754,11.754,11.754,11.754,0,0.00%,8
ATCX,2022-12-27,12,12,12,12,0.246,+2.09%,166
ATCX,2022-12-28,13.56,14.4,13.56,14.4,2.4,+20.00%,1266
ATCX,2022-12-29,14.4,14.4,14.4,14.4,0,0.00%,41
ATCX,2022-12-30,14.4,14.4,14.4,14.4,0,0.00%,41
ATCX,2023-01-03,14.4,14.4,14.4,14.4,0,0.00%,41
ATCX,2023-01-04,13.8,13.8,13.8,13.8,-0.6,-4.17%,41
ATCX,2023-01-06,14.4,14.4,14.4,14.4,0.6,+4.35%,8
ATCX,2023-01-09,14.4,14.4,14.4,14.4,0,0.00%,150
ATCX,2023-01-11,12,13.2,12,13.2,-1.2,-8.33%,17
ATCX,2023-01-12,14.4,14.4,14.4,14.4,1.2,+9.09%,83
ATCX,2023-01-13,13.2,13.2,13.2,13.2,-1.2,-8.33%,78
ATCX,2023-01-19,13.2,13.2,13.2,13.2,0,0.00%,16
ATCX,2023-01-20,12.36,12.36,12.36,12.36,-0.84,-6.36%,50
ATCX,2023-01-23,7.59,15,7.59,15,2.64,+21.36%,66
ATCX,2023-01-25,11.3508,15,11.3508,15,0,0.00%,416
ATCX,2023-01-30,11.52,14.88,11.52,14.88,-0.12,-0.80%,425
ATCX,2023-02-01,16.2,16.2,14.4,14.4,-0.48,-3.23%,383
ATCX,2023-02-02,13.77,13.77,13.77,13.77,-0.63,-4.38%,250
ATCX,2023-02-07,10.2,12,8.1,12,-1.77,-12.85%,191
ATCX,2023-02-14,12,12,12,12,0,0.00%,85
ATCX,2023-02-15,10.8,10.8,10.8,10.8,-1.2,-10.00%,8
ATCX,2023-02-22,10.8,15.6,10.8,15.6,4.8,+44.44%,316
ATCX,2023-02-23,15.5988,15.5988,15.5988,15.5988,-0.0012,-0.01%,41
ATCX,2023-02-24,10.32,10.32,10.2,10.32,-5.2788,-33.84%,41
ATCX,2023-02-28,15,15,12,12,1.68,+16.28%,16
ATCX,2023-03-01,13.2,13.8,13.2,13.8,1.8,+15.00%,166
ATCX,2023-03-02,12.54,12.54,11.4,11.4,-2.4,-17.39%,108
ATCX,2023-03-03,13.68,13.68,13.68,13.68,2.28,+20.00%,34
ATCX,2023-03-07,15,15,15,15,1.32,+9.65%,16
ATCX,2023-03-10,14.64,14.64,14.64,14.64,-0.36,-2.40%,100
ATCX,2023-03-13,9.6012,9.6012,9.6012,9.6012,-5.0388,-34.42%,41
ATCX,2023-03-14,13.2,13.98,13.2,13.98,4.3788,+45.61%,66
ATCX,2023-03-16,15.6,15.6,15.6,15.6,1.62,+11.59%,45
ATCX,2023-03-22,13.8,15.6,13.8,15.6,0,0.00%,375
ATCX,2023-03-23,15.6,15.6,14.4,14.4,-1.2,-7.69%,216
ATCX,2023-03-28,17.88,17.88,17.88,17.88,3.48,+24.17%,13
ATCX,2023-04-12,14.4,17.88,14.4,17.88,0,0.00%,42
ATCX,2023-04-20,17.88,24.96,17.88,24.96,7.08,+39.60%,233
ATCX,2023-04-21,24,36,16.2,36,11.04,+44.23%,350
ATCX,2023-04-24,35.88,45,35.88,37.572,1.572,+4.37%,425
ATCX,2023-04-25,37.2,37.2,30,30,-7.572,-20.15%,100
ATCX,2023-04-26,28.5,28.5,19.2,24,-6.,-20.00%,408
ATCX,2023-04-27,21.3,23.4,21,23.4,-0.6,-2.50%,175
ATCX,2023-04-28,23.4,23.4,22.8,23.4,0,0.00%,333
ATCX,2023-05-01,25.2,25.2,9.6012,18,-5.4,-23.08%,916
ATCX,2023-05-02,18,20.4,10.32,16.2,-1.8,-10.00%,1941
ATCX,2023-05-03,18.3,19.5,13.938,16.8,0.6,+3.70%,2025
ATCX,2023-05-04,18,18,17.688,17.688,0.888,+5.29%,1066
ATCX,2023-05-05,12.72,16.2,12,15,-2.688,-15.20%,2616
ATCX,2023-05-08,16.68,16.68,13.2,13.2,-1.8,-12.00%,1166
ATCX,2023-05-09,15,15,13.2,13.2,0,0.00%,2858
ATCX,2023-05-11,13.2,15,11.88,15,1.8,+13.64%,2716
ATCX,2023-05-12,14.256,14.256,12,12,-3.,-20.00%,1725
ATCX,2023-05-15,12,12,12,12,0,0.00%,466
ATCX,2023-05-16,12,13.2,12,13.2,1.2,+10.00%,1495
ATCX,2023-05-17,13.56,13.56,11.832,12,-1.2,-9.09%,1625
ATCX,2023-05-18,14.76,14.76,14.76,14.76,2.76,+23.00%,18
ATCX,2023-05-19,12.9144,12.9144,12,12,-2.76,-18.70%,1875
ATCX,2023-05-23,12,12,12,12,0,0.00%,83
ATCX,2023-05-25,11.1,12.6,10.2,10.2,-1.8,-15.00%,3683
ATCX,2023-05-26,12.7944,12.7944,12.6,12.6,2.4,+23.53%,358
ATCX,2023-05-30,11.4,12.6,11.4,11.4,-1.2,-9.52%,1333
ATCX,2023-06-01,13.92,13.92,11.094,11.094,-0.306,-2.68%,451
ATCX,2023-06-06,9.96,11.88,9.96,10.92,-0.174,-1.57%,83
ATCX,2023-06-07,12,12,12,12,1.08,+9.89%,1250
ATCX,2023-06-13,13.2,13.2,10.674,13.2,1.2,+10.00%,3491
ATCX,2023-06-14,12.6432,13.8,12,13.8,0.6,+4.55%,225
ATCX,2023-06-16,13.38,15.12,13.38,14.52,0.72,+5.22%,158
ATCX,2023-06-20,12,13.56,11.4,11.52,-3.,-20.66%,1758
ATCX,2023-06-23,12,12,12,12,0.48,+4.17%,16
ATCX,2023-06-27,11.82,12,11.82,12,0,0.00%,58
ATCX,2023-06-28,11.88,11.88,11.88,11.88,-0.12,-1.00%,1291
ATCX,2023-06-29,13.2,13.2,12,12,0.12,+1.01%,291
ATCX,2023-07-05,11.58,11.58,11.58,11.58,-0.42,-3.50%,8
ATCX,2023-07-06,11.64,11.64,11.64,11.64,0.06,+0.52%,216
ATCX,2023-07-10,12,12,12,12,0.36,+3.09%,50
ATCX,2023-07-11,11.82,11.82,11.82,11.82,-0.18,-1.50%,125
ATCX,2023-07-12,11.82,11.82,11.82,11.82,0,0.00%,1333
ATCX,2023-07-13,11.64,12,11.64,12,0.18,+1.52%,225
ATCX,2023-07-17,12.12,12.3,12,12,0,0.00%,1575
ATCX,2023-07-18,12,12,12,12,0,0.00%,50
ATCX,2023-07-19,12,12,12,12,0,0.00%,433
ATCX,2023-07-25,9.72,12,9.72,12,0,0.00%,50
ATCX,2023-07-26,12,12,11.46,11.46,-0.54,-4.50%,416
ATCX,2023-07-27,11.28,11.28,10.8,10.8,-0.66,-5.76%,100
ATCX,2023-08-02,10.8,10.8,9.96,9.96,-0.84,-7.78%,1075
ATCX,2023-08-03,10.44,10.44,10.44,10.44,0.48,+4.82%,83
ATCX,2023-08-04,10.8,11.46,10.8,10.92,0.48,+4.60%,916
ATCX,2023-08-07,11.04,11.04,11.04,11.04,0.12,+1.10%,408
ATCX,2023-08-09,10.68,10.68,10.68,10.68,-0.36,-3.26%,16
ATCX,2023-08-10,10.2,10.2,10.2,10.2,-0.48,-4.49%,216
ATCX,2023-08-11,10.92,10.92,10.92,10.92,0.72,+7.06%,112
ATCX,2023-08-15,11.1,11.1,11.1,11.1,0.18,+1.65%,50
ATCX,2023-08-29,10.2,10.8,10.2,10.8,-0.3,-2.70%,550
ATCX,2023-08-30,10.8,11.52,10.8,10.8,0,0.00%,916
ATCX,2023-08-31,11.16,11.64,10.92,11.64,0.84,+7.78%,1133
ATCX,2023-09-01,10.2,11.16,10.2,11.16,-0.48,-4.12%,826
ATCX,2023-09-06,11.16,11.16,11.16,11.16,0,0.00%,233
ATCX,2023-09-08,11.16,11.88,11.16,11.52,0.36,+3.23%,2925
ATCX,2023-09-13,12,12,10.86,10.86,-0.66,-5.73%,433
ATCX,2023-09-19,11.1,11.1,10.44,10.8,-0.06,-0.55%,466
ATCX,2023-09-20,10.2,10.56,10.2,10.56,-0.24,-2.22%,2491
ATCX,2023-09-21,11.28,11.28,11.28,11.28,0.72,+6.82%,41
ATCX,2023-09-22,11.52,11.52,11.52,11.52,0.24,+2.13%,450
ATCX,2023-09-25,11.76,11.76,11.76,11.76,0.24,+2.08%,421
ATCX,2023-09-28,10.44,11.4,10.2,11.4,-0.36,-3.06%,466
ATCX,2023-10-03,10.32,10.32,10.32,10.32,-1.08,-9.47%,127
ATCX,2023-10-09,11.16,11.16,11.16,11.16,0.84,+8.14%,16
ATCX,2023-10-10,11.76,11.76,11.76,11.76,0.6,+5.38%,8
ATCX,2023-10-12,10.776,10.776,10.08,10.08,-1.68,-14.29%,3800
ATCX,2023-10-13,9.72,9.72,8.64,9.48,-0.6,-5.95%,2341
ATCX,2023-10-16,9.6,9.6,9.36,9.48,0,0.00%,2058
ATCX,2023-10-23,9.12,10.08,9.12,10.08,0.6,+6.33%,100
ATCX,2023-10-24,9.12,9.12,8.88,8.88,-1.2,-11.90%,2083
ATCX,2023-10-25,8.88,8.88,8.88,8.88,0,0.00%,83
ATCX,2023-10-26,9,9,9,9,0.12,+1.35%,183
ATCX,2023-10-31,10.08,10.08,8.4,9.6,0.6,+6.67%,2166
ATCX,2023-11-02,9.72,9.72,9.36,9.36,-0.24,-2.50%,170
ATCX,2023-11-10,9,9,9,9,-0.36,-3.85%,83
ATCX,2023-11-13,8.64,8.64,8.64,8.64,-0.36,-4.00%,166
ATCX,2023-11-14,9.12,9.12,9,9,0.36,+4.17%,1250
ATCX,2023-11-20,7.8,7.8,7.8,7.8,-1.2,-13.33%,166
ATCX,2023-11-22,9,9,7.8,7.8,0,0.00%,333
ATCX,2023-12-04,8.4,8.4,8.4,8.4,0.6,+7.69%,50
ATCX,2023-12-05,8.4,8.4,8.28,8.28,-0.12,-1.43%,100
ATCX,2023-12-06,7.8,8.28,7.8,8.16,-0.12,-1.45%,525
ATCX,2023-12-08,8.04,8.4,8.04,8.4,0.24,+2.94%,258
ATCX,2023-12-15,7.02,7.02,7.02,7.02,-1.38,-16.43%,8
ATCX,2023-12-18,9.6,9.6,8.4,9.6,2.58,+36.75%,341
ATCX,2023-12-20,10.8,10.8,10.8,10.8,1.2,+12.50%,23
ATCX,2024-01-11,8.04,8.04,7.8,7.8,-3.,-27.78%,166
ATCX,2024-01-12,10.2,10.2,7.8,7.8,0,0.00%,16
ATCX,2024-01-16,8.52,8.52,8.52,8.52,0.72,+9.23%,8
ATCX,2024-01-17,9,9,9,9,0.48,+5.63%,266
ATCX,2024-01-19,8.52,8.52,8.52,8.52,-0.48,-5.33%,8
ATCX,2024-01-22,9.6,9.6,9.6,9.6,1.08,+12.68%,8
ATCX,2024-01-29,7.8,8.88,7.8,8.88,-0.72,-7.50%,506
ATCX,2024-01-31,9,9,9,9,0.12,+1.35%,166
ATCX,2024-02-01,8.88,8.88,8.88,8.88,-0.12,-1.33%,416
ATCX,2024-02-06,9,9,9,9,0.12,+1.35%,166
ATCX,2024-02-08,8.4,10.8,8.4,10.8,1.8,+20.00%,41
ATCX,2024-02-13,9.18,9.18,9.18,9.18,-1.62,-15.00%,158
ATCX,2024-02-14,8.76,9.48,8.76,9.48,0.3,+3.27%,308
ATCX,2024-02-20,7.8,9.36,7.32,7.32,-2.16,-22.78%,166
ATCX,2024-02-21,8.52,8.52,8.52,8.52,1.2,+16.39%,8
ATCX,2024-02-23,9.6,9.6,9.6,9.6,1.08,+12.68%,16
ATCX,2024-02-26,8.52,8.52,8.52,8.52,-1.08,-11.25%,204
ATCX,2024-02-27,8.4,9.36,7.776,9.36,0.84,+9.86%,341
ATCX,2024-02-28,8.16,8.16,8.16,8.16,-1.2,-12.82%,8
ATCX,2024-02-29,9.6,9.6,9.6,9.6,1.44,+17.65%,8
ATCX,2024-03-04,7.68,8.88,7.68,8.88,-0.72,-7.50%,50
ATCX,2024-03-05,9.48,9.48,9,9.48,0.6,+6.76%,333
ATCX,2024-03-06,8.736,8.736,8.736,8.736,-0.744,-7.85%,333
ATCX,2024-03-12,7.68,7.68,7.68,7.68,-1.056,-12.09%,83
ATCX,2024-03-13,7.3452,7.824,7.3452,7.7412,0.0612,+0.80%,316
ATCX,2024-03-14,7.44,7.44,7.44,7.44,-0.3012,-3.89%,83
ATCX,2024-03-15,8.4,8.4,8.4,8.4,0.96,+12.90%,575
ATCX,2024-03-22,9.5988,9.5988,9.5988,9.5988,1.1988,+14.27%,8
ATCX,2024-03-25,8.184,9.4788,8.184,9.4788,-0.12,-1.25%,33
ATCX,2024-04-16,8.952,9.5988,8.952,9.5988,0.12,+1.27%,33
ATCX,2024-04-23,9.06,9.06,8.4,8.4,-1.1988,-12.49%,1250
ATCX,2024-04-24,8.52,9.5988,8.52,9.5988,1.1988,+14.27%,16
ATCX,2024-04-26,10.7364,10.7364,10.7364,10.7364,1.1376,+11.85%,21
ATCX,2024-05-14,7.3212,8.304,6.6,8.304,-2.4324,-22.66%,425
ATCX,2024-05-17,9,9,9,9,0.696,+8.38%,175
ATCX,2024-05-21,9,9.6,9,9.6,0.6,+6.67%,175
ATCX,2024-05-22,9.6,10.74,7.4652,8.2476,-1.3524,-14.09%,1516
ATCX,2024-05-23,7.3452,9.048,7.3452,9.048,0.8004,+9.70%,833
ATCX,2024-05-28,7.3452,12,7.3452,7.8,-1.248,-13.79%,33
ATCX,2024-05-29,12,12,12,12,4.2,+53.85%,8
ATCX,2024-06-03,9.5292,9.5292,9.5292,9.5292,-2.4708,-20.59%,33
ATCX,2024-06-05,12,12,12,12,2.4708,+25.93%,15
ATCX,2024-06-11,7.8,7.92,7.8,7.92,-4.08,-34.00%,833
ATCX,2024-06-12,9.9,9.9,8.04,9.9,1.98,+25.00%,33
ATCX,2024-06-17,10.8,10.8,10.8,10.8,0.9,+9.09%,29
ATCX,2024-06-18,11.7,11.7,10.8,10.8,0,0.00%,183
ATCX,2024-06-21,9,9,9,9,-1.8,-16.67%,125
ATCX,2024-06-24,8.04,12,8.04,12,3,+33.33%,44
ATCX,2024-06-28,12.24,12.24,12.24,12.24,0.24,+2.00%,25
ATCX,2024-07-02,13.2,13.2,13.2,13.2,0.96,+7.84%,25
ATCX,2024-07-08,12,12,8.0412,12,-1.2,-9.09%,25
ATCX,2024-07-17,8.0412,8.0412,8.0412,8.0412,-3.9588,-32.99%,25
ATCX,2024-07-18,11.88,11.88,11.88,11.88,3.8388,+47.74%,8
ATCX,2024-07-30,12,12,12,12,0.12,+1.01%,8
ATCX,2024-08-01,10.8,10.8,10.8,10.8,-1.2,-10.00%,35
ATCX,2024-08-09,9.6,9.6,9.6,9.6,-1.2,-11.11%,225
ATCX,2024-08-15,9.6,11.76,9.6,11.76,2.16,+22.50%,166
ATCX,2024-08-19,11.3028,11.3028,11.3028,11.3028,-0.4572,-3.89%,8
ATCX,2024-08-21,9.6,10.2,9.6,10.2,-1.1028,-9.76%,25
ATCX,2024-08-23,10.8,10.8,10.8,10.8,0.6,+5.88%,83
ATCX,2024-08-27,10.2,10.2,9.6,9.6,-1.2,-11.11%,241
ATCX,2024-08-28,9.48,9.48,9.48,9.48,-0.12,-1.25%,250
ATCX,2024-09-04,8.7612,8.7612,8.7612,8.7612,-0.7188,-7.58%,50
ATCX,2024-09-05,9,9,9,9,0.2388,+2.73%,500
ATCX,2024-09-09,8.7612,9,8.7612,9,0,0.00%,50
ATCX,2024-09-16,9.24,9.24,9.24,9.24,0.24,+2.67%,291
ATCX,2024-09-25,8.82,8.82,7.074,7.2,-2.04,-22.08%,2191
ATCX,2024-09-26,7.2,7.2,7.2,7.2,0,0.00%,625
ATCX,2024-09-27,7.2,7.2,7.2,7.2,0,0.00%,25
ATCX,2024-09-30,6.84,6.84,5.4012,6.36,-0.84,-11.67%,2275
ATCX,2024-10-01,6.36,6.36,6.36,6.36,0,0.00%,83
ATCX,2024-10-10,9.0888,9.0888,6.36,8.64,2.28,+35.85%,199
ATCX,2024-10-18,6.3732,7.2,6.3732,7.2,-1.44,-16.67%,1641
ATCX,2024-10-22,6.3732,6.3732,6.3732,6.3732,-0.8268,-11.48%,12
ATCX,2024-10-23,6.3732,6.3732,5.922,6,-0.3732,-5.86%,883
ATCX,2024-11-01,5.88,5.88,5.88,5.88,-0.12,-2.00%,166
ATCX,2024-11-04,7.6704,7.6704,7.6704,7.6704,1.7904,+30.45%,41
ATCX,2024-11-08,5.88,5.88,5.88,5.88,-1.7904,-23.34%,83
ATCX,2024-11-11,7.3428,7.3428,7.3428,7.3428,1.4628,+24.88%,10
ATCX,2024-11-21,8.3988,8.3988,8.3988,8.3988,1.056,+14.38%,25
ATCX,2024-11-22,7.8,8.3988,7.8,8.3988,0,0.00%,16
ATCX,2024-11-25,7.32,7.32,7.32,7.32,-1.0788,-12.84%,10
ATCX,2024-11-26,7.32,7.32,7.32,7.32,0,0.00%,83
ATCX,2024-11-27,6.96,8.8188,6.96,8.8188,1.4988,+20.48%,16
ATCX,2024-12-03,8.8188,8.8188,8.8188,8.8188,0,0.00%,91
ATCX,2024-12-26,8.8188,8.8188,7.8,7.8,-1.0188,-11.55%,16
ATCX,2024-12-30,7.8,7.8,7.8,7.8,0,0.00%,858
ATCX,2024-12-31,8.208,8.208,7.8,7.8,0,0.00%,25
ATCX,2025-01-02,8.4,8.4,8.4,8.4,0.6,+7.69%,241
ATCX,2025-01-03,8.82,8.82,8.82,8.82,0.42,+5.00%,83
ATCX,2025-01-06,11.7384,11.7384,9,9,0.18,+2.04%,375
ATCX,2025-01-08,9,11.8668,9,11.8668,2.8668,+31.85%,141
ATCX,2025-02-06,11.862,11.862,11.862,11.862,-0.0048,-0.04%,10
ATCX,2025-03-05,11.862,11.862,11.862,11.862,0,0.00%,8
ATCX,2025-03-07,11.862,11.862,7.8,11.862,0,0.00%,16
ATCX,2025-03-17,9.6,9.6,8.7,8.7,-3.162,-26.66%,250
ATCX,2025-03-18,11.6364,11.6364,9.6,9.6,0.9,+10.34%,416
ATCX,2025-03-21,7.8,7.8,7.8,7.8,-1.8,-18.75%,33
ATCX,2025-03-24,9.6,9.6,9.6,9.6,1.8,+23.08%,8
ATCX,2025-03-31,7.8,7.8,4.8012,4.8012,-4.7988,-49.99%,250
ATCX,2025-04-01,6.84,9,6.84,8.9976,4.1964,+87.40%,441
ATCX,2025-04-07,6.36,6.36,6.36,6.36,-2.6376,-29.31%,50
ATCX,2025-04-08,8.9976,8.9976,8.9976,8.9976,2.6376,+41.47%,8
ATCX,2025-04-17,6.36,8.9976,6.36,8.9976,0,0.00%,16
ATCX,2025-04-25,8.9976,8.9976,8.9976,8.9976,0,0.00%,19
ATCX,2025-06-04,8.9952,9.7836,8.9952,9.7836,0.786,+8.74%,16
ATCX,2025-06-09,10.2,10.2,10.2,10.2,0.4164,+4.26%,8
ATCX,2025-06-20,8.484,9.9,8.484,8.484,-1.716,-16.82%,25
ATCX,2025-06-24,13.44,13.44,6.36,6.36,-2.124,-25.04%,50
ATCX,2025-06-25,12.6,12.6,7.2,7.2,0.84,+13.21%,25
ATCX,2025-06-26,6.12,6.12,6.12,6.12,-1.08,-15.00%,8
ATCX,2025-06-27,12.96,12.96,12.96,12.96,6.84,+111.76%,8
ATCX,2025-07-01,12.96,15,6.12,6.12,-6.84,-52.78%,1258
ATCX,2025-07-02,9.2412,9.2412,8.4,9.2412,3.1212,+51.00%,25
ATCX,2025-07-07,10.296,10.8,9.36,9.36,0.1188,+1.29%,25
ATCX,2025-07-09,9.48,9.48,9.48,9.48,0.12,+1.28%,16
ATCX,2025-07-10,9.48,12.63,9.48,12.63,3.15,+33.23%,3175
ATCX,2025-07-11,14.4,17.58,6.24,8.4,-4.23,-33.49%,11191
ATCX,2025-07-14,8.4,11.64,7.1148,9,0.6,+7.14%,1879
ATCX,2025-07-15,7.1148,9.36,7.1148,9.36,0.36,+4.00%,358
ATCX,2025-07-16,7.2,7.2,7.2,7.2,-2.16,-23.08%,41
ATCX,2025-07-17,9.12,10.44,8.28,10.1592,2.9592,+41.10%,1916
ATCX,2025-07-18,10.8,10.8,8.4,8.4,-1.7592,-17.32%,550
ATCX,2025-07-21,9.36,9.36,8.16,8.16,-0.24,-2.86%,833
ATCX,2025-07-22,9.414,10.0188,8.4,8.4,0.24,+2.94%,758
ATCX,2025-07-23,9.6,9.6,8.43,8.43,0.03,+0.36%,129
ATCX,2025-07-24,11.4,11.4,9.48,9.48,1.05,+12.46%,208
ATCX,2025-07-25,9.6,11.4,8.4,10.2,0.72,+7.59%,1008
ATCX,2025-07-28,10.08,10.08,8.4,8.4,-1.8,-17.65%,158
ATCX,2025-07-29,8.16,11.4,7.98,8.22,-0.18,-2.14%,858
ATCX,2025-07-30,11.04,11.04,10.2,10.2,1.98,+24.09%,266
ATCX,2025-07-31,11.04,11.04,8.04,9.3,-0.9,-8.82%,300
ATCX,2025-08-01,8.1612,10.8,8.1612,10.68,1.38,+14.84%,91
ATCX,2025-08-04,9.72,11.04,8.0412,8.46,-2.22,-20.79%,441
ATCX,2025-08-05,8.8812,8.8812,8.8812,8.8812,0.4212,+4.98%,8
ATCX,2025-08-06,9.48,9.48,8.1612,8.268,-0.6132,-6.90%,400
ATCX,2025-08-07,9.24,9.24,8.28,9.24,0.972,+11.76%,158
ATCX,2025-08-08,9.24,9.24,8.28,8.28,-0.96,-10.39%,150
ATCX,2025-08-11,8.04,8.16,7.1172,8.16,-0.12,-1.45%,444
ATCX,2025-08-12,8.22,8.22,8.22,8.22,0.06,+0.74%,166
ATCX,2025-08-13,8.016,8.016,8.016,8.016,-0.204,-2.48%,16
ATCX,2025-08-14,9.2388,9.2388,8.04,8.04,0.024,+0.30%,241
ATCX,2025-08-15,7.32,9.0348,7.2,8.2668,0.2268,+2.82%,308
ATCX,2025-08-18,7.776,8.16,7.2,8.16,-0.1068,-1.29%,833
ATCX,2025-08-19,9.7188,10.8,8.88,9,0.84,+10.29%,9433
ATCX,2025-08-20,9.84,9.84,9.5856,9.744,0.744,+8.27%,5525
ATCX,2025-08-21,9.6,10.7952,8.64,8.64,-1.104,-11.33%,554
ATCX,2025-08-22,8.28,9.048,8.16,9,0.36,+4.17%,766
ATCX,2025-08-25,9,9.6,8.04,8.04,-0.96,-10.67%,783
ATCX,2025-08-26,9.36,10.2,9,9.6,1.56,+19.40%,4416
ATCX,2025-08-27,10.08,10.08,8.4,9.192,-0.408,-4.25%,558
ATCX,2025-08-28,8.4,10.2,8.4,9.24,0.048,+0.52%,2372
ATCX,2025-08-29,9,9.6,9,9.6,0.36,+3.90%,2608
ATCX,2025-09-02,9.6,10.2,7.44,8.958,-0.642,-6.69%,5183
ATCX,2025-09-03,7.98,9.6,7.44,9.6,0.642,+7.17%,3708
ATCX,2025-09-04,8.76,9.6,8.4,8.52,-1.08,-11.25%,2033
ATCX,2025-09-05,7.632,8.4,7.56,7.56,-0.96,-11.27%,3787
ATCX,2025-09-08,7.8,8.88,7.8,8.88,1.32,+17.46%,108
ATCX,2025-09-09,8.88,8.88,7.3212,8.52,-0.36,-4.05%,91
ATCX,2025-09-10,8.754,10.2,7.32,9.6,1.08,+12.68%,3441
ATCX,2025-09-11,9.6,12,9.6,11.88,2.28,+23.75%,5941
ATCX,2025-09-12,11.88,17.64,10.8,17.16,5.28,+44.44%,16533
ATCX,2025-09-15,19.2,31.8,18.6,24.6,7.44,+43.36%,23583
ATCX,2025-09-16,28.2,29.442,14.52,17.4,-7.2,-29.27%,39416
ATCX,2025-09-17,16.8,17.52,12.84,14.04,-3.36,-19.31%,14916
ATCX,2025-09-18,14.4,16.08,12.72,15.6,1.56,+11.11%,10191
ATCX,2025-09-19,16.08,17.76,15,15.36,-0.24,-1.54%,4108
ATCX,2025-09-22,17.76,17.76,15.12,15.12,-0.24,-1.56%,4883
ATCX,2025-09-23,15,18.72,14.88,16.8,1.68,+11.11%,6266
ATCX,2025-09-24,15.6,24.12,15.6,22.284,5.484,+32.64%,17900
ATCX,2025-09-25,22.68,23.7,18.24,19.26,-3.024,-13.57%,10858
ATCX,2025-09-26,19.32,21.48,18.72,21.12,1.86,+9.66%,3283
ATCX,2025-09-29,23.88,23.88,19.2,20.88,-0.24,-1.14%,9550
ATCX,2025-09-30,20.64,20.64,18.6,18.84,-2.04,-9.77%,2550
ATCX,2025-10-01,18.72,25.8,16.8,24.12,5.28,+28.03%,21591
ATCX,2025-10-02,27.24,29.28,25.2,29.04,4.92,+20.40%,15758
ATCX,2025-10-03,29.16,34.56,27.8412,33.12,4.08,+14.05%,14391
ATCX,2025-10-06,33.6,43.2,33.6,43.2,10.08,+30.43%,23325
ATCX,2025-10-07,43.2,47.16,33.6,38.292,-4.908,-11.36%,17541
ATCX,2025-10-08,36.72,42.12,36.72,39.696,1.404,+3.67%,3950
ATCX,2025-10-09,40.2,42,27,30,-9.696,-24.43%,9341
ATCX,2025-10-10,30,30.12,25.92,27.96,-2.04,-6.80%,5591
ATCX,2025-10-13,28.2,30,19.44,23.4,-4.56,-16.31%,19533
ATCX,2025-10-14,23.88,27,21.12,27,3.6,+15.38%,11275
ATCX,2025-10-15,27.12,29.28,25.3212,25.92,-1.08,-4.00%,3641
ATCX,2025-10-16,26.04,27,24.6,25.32,-0.6,-2.31%,4041
ATCX,2025-10-17,25.32,26.04,24,25.92,0.6,+2.37%,1583
ATCX,2025-10-20,26.04,26.4,21.6,22.896,-3.024,-11.67%,3641
ATCX,2025-10-21,21.72,24.9,20.856,22.8,-0.096,-0.42%,4291
ATCX,2025-10-22,19.2,22.8,19.2,20.76,-2.04,-8.95%,2941
ATCX,2025-10-23,21.36,21.36,19.44,20.334,-0.426,-2.05%,3100
ATCX,2025-10-24,19.8,21.24,19.2,20.82,0.486,+2.39%,3233
ATCX,2025-10-27,21,22.8,19.32,21.24,0.42,+2.02%,4116
ATCX,2025-10-28,21,28.8,19.2,27,5.76,+27.12%,9125
ATCX,2025-10-29,27.6,36,27,35.04,8.04,+29.78%,24825
ATCX,2025-10-30,36,39,34.98,39,3.96,+11.30%,13175
ATCX,2025-10-31,37.92,39.6,28.32,31.02,-7.98,-20.46%,8258
ATCX,2025-11-03,27,30.96,18.84,22.56,-8.46,-27.27%,16108
ATCX,2025-11-04,20.4,22.44,18,18,-4.56,-20.21%,4725
ATCX,2025-11-05,19.68,22.2,18.1212,20.76,2.76,+15.33%,1191
ATCX,2025-11-06,22.2,23.04,19.08,20.64,-0.12,-0.58%,1966
ATCX,2025-11-07,18.6,20.28,14.28,16.968,-3.672,-17.79%,6516
ATCX,2025-11-10,21,26.52,18,21.894,4.926,+29.03%,8341
ATCX,2025-11-11,20.28,22.44,18,18.84,-3.054,-13.95%,2300
ATCX,2025-11-12,18.6,21.6,18,18.48,-0.36,-1.91%,4975
ATCX,2025-11-13,18,20.28,16.08,16.32,-2.16,-11.69%,4058
ATCX,2025-11-14,16.2,16.32,12.72,15,-1.32,-8.09%,4675
ATCX,2025-11-17,15.024,15.6,12.6,13.752,-1.248,-8.32%,2650
ATCX,2025-11-18,13.32,15.72,13.32,15.24,1.488,+10.82%,1616
ATCX,2025-11-19,15.72,18.6,15.6,16.92,1.68,+11.02%,2425
ATCX,2025-11-20,19.8,19.8,13.8,16.8,-0.12,-0.71%,2208
ATCX,2025-11-21,15.6,19.2,13.8,16.8,0,0.00%,2441
ATCX,2025-11-24,18.6,18.6,13.86,16.44,-0.36,-2.14%,1500
ATCX,2025-11-25,15.36,17.88,13.92,16.8,0.36,+2.19%,1708
ATCX,2025-11-26,14.4012,18,14.4012,17.88,1.08,+6.43%,1050
ATCX,2025-11-28,18,18,13.9212,17.004,-0.876,-4.90%,191
ATCX,2025-12-01,17.16,17.55,14.04,15,-2.004,-11.79%,2266
ATCX,2025-12-02,15.36,16.2,15.12,16.2,1.2,+8.00%,800
ATCX,2025-12-03,14.4,16.2,14.4,15.2412,-0.9588,-5.92%,516
ATCX,2025-12-04,11.1,25,11.1,15,-0.2412,-1.58%,1700
ATCX,2025-12-05,15.05,16.0625,15,15.825,0.825,+5.50%,3400
ATCX,2025-12-08,17.24,17.24,15.75,15.75,-0.075,-0.47%,7300
ATCX,2025-12-09,16.108,20.95,14.5,15.7,-0.05,-0.32%,26100
ATCX,2025-12-10,15,15,11.51,11.51,-4.19,-26.69%,7600
ATCX,2025-12-11,12.25,14.8217,12.25,13.6,2.09,+18.16%,5014
ATCX,2025-12-12,14.25,14.99,12.5,12.5,-1.1,-8.09%,2079
ATCX,2025-12-15,10.6,11.99,10.55,11,-1.5,-12.00%,3400
ATCX,2025-12-16,11,11,10.5,10.9,-0.1,-0.91%,2185
ATCX,2025-12-17,12.5,15,10.5,13.2,2.3,+21.10%,3513
ATCX,2025-12-18,10.51,13.95,9,10.5,-2.7,-20.45%,2100
ATCX,2025-12-19,15,15,10.74,13,2.5,+23.81%,4509
ATCX,2025-12-22,14,14,11.27,13.6,0.6,+4.62%,3800
ATCX,2025-12-23,13.314,15,12.41,14.68,1.08,+7.94%,2076
ATCX,2025-12-24,14.68,15,13.01,13.01,-1.67,-11.38%,3000
ATCX,2025-12-26,12.01,12.01,10.74,10.74,-2.27,-17.45%,3900
ATCX,2025-12-29,10.77,10.91,10.76,10.76,0.02,+0.19%,3079
ATCX,2025-12-30,11.8736,12,11.02,12,1.24,+11.52%,2320
ATCX,2025-12-31,11.07,11.8884,10,10.5,-1.5,-12.50%,6500
ATCX,2026-01-02,12,13.4999,11,12.35,1.85,+17.62%,6200
ATCX,2026-01-05,11.7075,11.7075,11.35,11.5,-0.85,-6.88%,1600
ATCX,2026-01-06,12.2,12.2,11.156,11.156,-0.344,-2.99%,2800
ATCX,2026-01-07,11.145,12,10.79,12,0.844,+7.57%,2800
ATCX,2026-01-08,12,15,10.3,15,3,+25.00%,5100
ATCX,2026-01-09,10,10.7492,8.21,8.8,-6.2,-41.33%,183000
ATCX,2026-01-12,9.75,10.275,8.805,8.83,0.03,+0.34%,198200
ATCX,2026-01-13,9.36,9.4999,8.51,8.53,-0.3,-3.40%,161000
ATCX,2026-01-14,9.28,9.28,7.4,7.96,-0.57,-6.68%,126700
ATCX,2026-01-15,8.19,8.345,8,8,0.04,+0.50%,52300
ATCX,2026-01-16,8,8.8954,8,8.5,0.5,+6.25%,48900
ATCX,2026-01-20,8.6,9.6863,8.33,9.64,1.14,+13.41%,152900
ATCX,2026-01-21,9.8,10.25,8.15,9.175,-0.465,-4.82%,460800
ATCX,2026-01-22,10.02,10.48,9.18,9.74,0.565,+6.16%,323300
ATCX,2026-01-23,10,13.53,9.87,12.36,2.62,+26.90%,314400
ATCX,2026-01-26,13.9,14.01,9.18,9.4,-2.96,-23.95%,460600
ATCX,2026-01-27,9.8,10.9824,9.6,10.275,0.875,+9.31%,202100
ATCX,2026-01-28,10.67,10.67,9,9.68,-0.595,-5.79%,189200
ATCX,2026-01-29,9.73,9.9334,7.79,7.8,-1.88,-19.42%,219500
ATCX,2026-01-30,9.09,9.09,7.05,7.1,-0.7,-8.97%,282100
ATCX,2026-02-02,7.02,7.39,6.37,6.73,-0.37,-5.21%,120800
ATCX,2026-02-03,6.76,8.6999,6.76,8.68,1.95,+28.97%,137100
ATCX,2026-02-04,8.82,8.82,7.5008,7.61,-1.07,-12.33%,87200
ATCX,2026-02-05,7.29,7.95,6.5,6.9,-0.71,-9.33%,112800
ATCX,2026-02-06,6.9,7.36,6.11,6.16,-0.74,-10.72%,68100
ATCX,2026-02-09,6.18,6.9,6.18,6.76,0.6,+9.74%,85100
ATCX,2026-02-10,6.42,7.3899,6.25,7,0.24,+3.55%,64900
ATCX,2026-02-11,7.14,7.2257,6.35,6.4,-0.6,-8.57%,101900
ATCX,2026-02-12,6.31,6.94,6.3,6.4,0,0.00%,76000
ATCX,2026-02-13,6.35,6.8287,6.3,6.48,0.08,+1.25%,43600
ATCX,2026-02-17,6.35,6.436,5.695,6.02,-0.46,-7.10%,69500
ATCX,2026-02-18,6.01,6.29,5.32,6.29,0.27,+4.49%,61100
ATCX,2026-02-19,6.02,6.31,6,6,-0.29,-4.61%,36900
ATCX,2026-02-20,6.15,6.31,6.01,6.11,0.11,+1.83%,31300
ATCX,2026-02-23,6.3,7.1399,6.2001,6.56,0.45,+7.36%,125000
ATCX,2026-02-24,6.48,6.7,6.15,6.15,-0.41,-6.25%,64700
ATCX,2026-02-25,6.34,7,6.16,6.59,0.44,+7.15%,70300
ATCX,2026-02-26,6.7,7.7,6.68,7.59,1,+15.17%,69000
ATCX,2026-02-27,7.82,7.8476,6.2,6.31,-1.28,-16.86%,120800
ATCX,2026-03-02,6.31,7.2497,6.28,7.03,0.72,+11.41%,68100
ATCX,2026-03-03,7.36,7.5627,6.8139,7.06,0.03,+0.43%,117600
ATCX,2026-03-04,7.02,7.21,6.36,6.36,-0.7,-9.92%,43900
ATCX,2026-03-05,6.51,7.061,6,6.21,-0.15,-2.36%,44800
ATCX,2026-03-06,6.35,6.6744,6,6.01,-0.2,-3.22%,49500
ATCX,2026-03-09,6.04,6.8748,6,6.53,0.52,+8.65%,49300
ATCX,2026-03-10,6.74,7.37,6.7066,7.23,0.7,+10.72%,65400
ATCX,2026-03-11,7.14,7.3132,6.71,6.71,-0.52,-7.19%,20500
ATCX,2026-03-12,6.67,6.83,6.1,6.46,-0.25,-3.73%,32100
ATCX,2026-03-13,6.45,6.75,6.22,6.22,-0.24,-3.72%,32700
ATCX,2026-03-16,6.3,6.66,5.88,5.91,-0.31,-4.98%,57200
ATCX,2026-03-17,5.94,6.35,5.91,6.01,0.1,+1.69%,31800
ATCX,2026-03-18,6.04,6.095,5.5904,5.66,-0.35,-5.82%,25700
ATCX,2026-03-19,5.5,5.75,5.1,5.2,-0.46,-8.13%,41000
ATCX,2026-03-20,5.2,5.34,4.65,4.88,-0.32,-6.15%,33500
ATCX,2026-03-23,4.88,5.25,4.88,5,0.12,+2.46%,31500
ATCX,2026-03-24,4.88,5.3,4.86,5.16,0.16,+3.20%,27000
ATCX,2026-03-25,5.31,5.44,5.2587,5.3,0.14,+2.71%,11100
ATCX,2026-03-26,5.21,5.31,5.0401,5.1,-0.2,-3.77%,6100
ATCX,2026-03-27,5.03,5.25,4.77,4.77,-0.33,-6.47%,9400
ATCX,2026-03-30,4.8,5.01,4.39,4.46,-0.31,-6.50%,30100
ATCX,2026-03-31,4.56,5.79,4.5,5.56,1.1,+24.66%,64200
ATCX,2026-04-01,5.64,6.16,5.5,5.73,0.17,+3.06%,53800
ATCX,2026-04-02,5.55,5.89,5.185,5.69,-0.04,-0.70%,18200
ATCX,2026-04-06,5.93,6.46,5.31,6.26,0.57,+10.02%,54000
ATCX,2026-04-07,6.33,6.39,5.7,5.83,-0.43,-6.87%,24600
ATCX,2026-04-08,6.38,6.3999,5.75,5.8,-0.03,-0.51%,39100
ATCX,2026-04-09,5.91,6.2,5.05,5.07,-0.73,-12.59%,64100
ATCX,2026-04-10,5.12,5.58,5.0753,5.23,0.16,+3.16%,25400
ATCX,2026-04-13,5.28,5.55,5.07,5.22,-0.01,-0.19%,36400
ATCX,2026-04-14,5.26,5.49,5.1,5.33,0.11,+2.11%,39600
ATCX,2026-04-15,5.31,5.4441,4.92,4.96,-0.37,-6.94%,56600
ATCX,2026-04-16,5.25,5.4,4.7062,5.06,0.1,+2.02%,65800
ATCX,2026-04-17,5.21,5.45,5.0601,5.27,0.21,+4.15%,68400
ATCX,2026-04-20,5.28,5.53,5.2601,5.53,0.26,+4.93%,30700
ATCX,2026-04-21,5.46,5.62,5.1,5.17,-0.36,-6.51%,55000
ATCX,2026-04-22,5.25,5.46,5.16,5.17,0,0.00%,42700
ATCX,2026-04-23,5,5.29,5,5.17,0,0.00%,34000
ATCX,2026-04-24,5.21,5.27,5,5.01,-0.16,-3.09%,27500
ATEC,2014-12-31,16.56,17.04,16.2,16.92,11.91,+237.72%,21341
ATEC,2015-01-02,16.56,17.28,16.44,16.8,-0.12,-0.71%,6866
ATEC,2015-01-05,16.56,17.28,16.56,16.8,0,0.00%,13308
ATEC,2015-01-06,16.56,17.16,16.44,16.8,0,0.00%,11241
ATEC,2015-01-07,15.96,16.68,15.84,16.44,-0.36,-2.14%,9441
ATEC,2015-01-08,16.56,16.92,16.56,16.8,0.36,+2.19%,7466
ATEC,2015-01-09,16.68,16.8,16.56,16.8,0,0.00%,1983
ATEC,2015-01-12,16.8,16.8,16.44,16.44,-0.36,-2.14%,4175
ATEC,2015-01-13,16.56,16.92,16.56,16.8,0.36,+2.19%,4675
ATEC,2015-01-14,16.8,16.92,16.32,16.8,0,0.00%,4958
ATEC,2015-01-15,16.56,16.8,16.44,16.56,-0.24,-1.43%,4850
ATEC,2015-01-16,16.32,16.92,16.32,16.8,0.24,+1.45%,3483
ATEC,2015-01-20,16.68,16.68,15.96,16.08,-0.72,-4.29%,4766
ATEC,2015-01-21,16.08,16.44,15.96,16.08,0,0.00%,1191
ATEC,2015-01-22,16.68,16.68,15.96,16.2,0.12,+0.75%,3358
ATEC,2015-01-23,16.08,16.68,16.08,16.44,0.24,+1.48%,3458
ATEC,2015-01-26,16.32,16.32,15.36,16.2,-0.24,-1.46%,6275
ATEC,2015-01-27,15.6,16.2,15.36,15.84,-0.36,-2.22%,4350
ATEC,2015-01-28,15.84,15.84,15.36,15.6,-0.24,-1.52%,6358
ATEC,2015-01-29,15.48,15.84,15.36,15.72,0.12,+0.77%,3241
ATEC,2015-01-30,15.48,15.84,15.36,15.36,-0.36,-2.29%,3366
ATEC,2015-02-02,15.48,15.72,15.36,15.72,0.36,+2.34%,8000
ATEC,2015-02-03,15.84,15.96,15.72,15.96,0.24,+1.53%,4116
ATEC,2015-02-04,15.84,16.68,15.48,16.2,0.24,+1.50%,5566
ATEC,2015-02-05,16.32,16.44,15.72,16.2,0,0.00%,6891
ATEC,2015-02-06,15.96,16.08,15.84,16.08,-0.12,-0.74%,4550
ATEC,2015-02-09,15.84,16.08,15.72,15.84,-0.24,-1.49%,2125
ATEC,2015-02-10,15.72,16.08,15.72,16.08,0.24,+1.52%,3175
ATEC,2015-02-11,15.84,16.08,15.84,15.84,-0.24,-1.49%,1433
ATEC,2015-02-12,15.84,16.08,15.72,16.08,0.24,+1.52%,3283
ATEC,2015-02-13,15.84,16.2,15.72,16.08,0,0.00%,5408
ATEC,2015-02-17,15.96,16.32,15.72,16.2,0.12,+0.75%,17608
ATEC,2015-02-18,16.32,16.56,15.96,16.2,0,0.00%,2333
ATEC,2015-02-19,16.44,16.44,15.72,16.2,0,0.00%,1925
ATEC,2015-02-20,16.32,16.32,15.72,16.2,0,0.00%,13116
ATEC,2015-02-23,16.44,16.44,15.96,16.2,0,0.00%,4475
ATEC,2015-02-24,16.2,16.32,16.2,16.2,0,0.00%,2958
ATEC,2015-02-25,16.2,16.32,16.08,16.2,0,0.00%,8533
ATEC,2015-02-26,16.44,18,16.2,16.2,0,0.00%,20150
ATEC,2015-02-27,17.88,18,16.8,17.4,1.2,+7.41%,23108
ATEC,2015-03-02,17.04,18.48,17.04,18,0.6,+3.45%,27375
ATEC,2015-03-03,17.88,18.36,17.64,18.24,0.24,+1.33%,15241
ATEC,2015-03-04,18,18.24,17.88,18,-0.24,-1.32%,7950
ATEC,2015-03-05,18,18.48,18,18,0,0.00%,4583
ATEC,2015-03-06,18.12,18.36,17.52,18.36,0.36,+2.00%,4508
ATEC,2015-03-09,18.36,18.36,17.88,18,-0.36,-1.96%,6575
ATEC,2015-03-10,17.64,18.12,17.64,18,0,0.00%,6258
ATEC,2015-03-11,17.88,18.24,17.88,18,0,0.00%,6700
ATEC,2015-03-12,18.24,18.24,17.52,17.64,-0.36,-2.00%,40425
ATEC,2015-03-13,17.28,17.88,17.28,17.64,0,0.00%,7775
ATEC,2015-03-16,17.64,18.36,16.32,17.52,-0.12,-0.68%,10683
ATEC,2015-03-17,17.4,17.4,16.56,17.28,-0.24,-1.37%,3550
ATEC,2015-03-18,17.04,17.16,16.56,16.68,-0.6,-3.47%,1383
ATEC,2015-03-19,16.8,17.04,16.68,17.04,0.36,+2.16%,1666
ATEC,2015-03-20,16.56,16.68,16.2,16.2,-0.84,-4.93%,9525
ATEC,2015-03-23,15.6,16.8,15.36,16.32,0.12,+0.74%,10808
ATEC,2015-03-24,16.44,17.04,16.44,16.92,0.6,+3.68%,2691
ATEC,2015-03-25,16.92,17.88,16.8,17.28,0.36,+2.13%,9491
ATEC,2015-03-26,17.16,17.4,16.56,16.8,-0.48,-2.78%,17391
ATEC,2015-03-27,16.8,17.28,16.8,16.8,0,0.00%,1566
ATEC,2015-03-30,16.56,17.04,16.56,16.92,0.12,+0.71%,1600
ATEC,2015-03-31,16.92,17.52,16.68,17.4,0.48,+2.84%,5300
ATEC,2015-04-01,17.04,17.28,16.56,17.04,-0.36,-2.07%,5175
ATEC,2015-04-02,17.4,17.4,16.44,16.92,-0.12,-0.70%,9316
ATEC,2015-04-06,17.04,17.16,16.2,16.8,-0.12,-0.71%,11625
ATEC,2015-04-07,16.8,17.16,16.56,17.16,0.36,+2.14%,10766
ATEC,2015-04-08,16.8,16.92,16.8,16.8,-0.36,-2.10%,4091
ATEC,2015-04-09,16.8,17.16,16.8,17.04,0.24,+1.43%,3391
ATEC,2015-04-10,17.16,17.16,16.8,17.16,0.12,+0.70%,408
ATEC,2015-04-13,17.04,17.16,16.44,17.16,0,0.00%,4841
ATEC,2015-04-14,16.92,17.04,16.68,16.68,-0.48,-2.80%,1433
ATEC,2015-04-15,16.8,17.04,16.44,16.8,0.12,+0.72%,11575
ATEC,2015-04-16,16.92,17.16,16.92,16.92,0.12,+0.71%,9275
ATEC,2015-04-17,16.92,17.64,16.8,17.16,0.24,+1.42%,6658
ATEC,2015-04-20,17.16,17.16,16.92,17.04,-0.12,-0.70%,3158
ATEC,2015-04-21,16.92,17.16,16.8,16.8,-0.24,-1.41%,2383
ATEC,2015-04-22,16.92,17.16,16.92,16.92,0.12,+0.71%,1083
ATEC,2015-04-23,17.16,17.16,16.8,16.8,-0.12,-0.71%,991
ATEC,2015-04-24,16.8,17.16,16.8,16.92,0.12,+0.71%,1450
ATEC,2015-04-27,17.28,17.28,16.68,16.92,0,0.00%,15333
ATEC,2015-04-28,16.92,17.16,16.8,16.8,-0.12,-0.71%,4250
ATEC,2015-04-29,16.8,17.16,16.8,16.8,0,0.00%,3550
ATEC,2015-04-30,16.92,17.16,16.8,17.04,0.24,+1.43%,6950
ATEC,2015-05-01,16.68,17.4,16.32,17.04,0,0.00%,22825
ATEC,2015-05-04,17.4,17.4,15.96,16.08,-0.96,-5.63%,31400
ATEC,2015-05-05,16.2,16.2,15.48,15.72,-0.36,-2.24%,8650
ATEC,2015-05-06,15.36,16.2,15.36,15.72,0,0.00%,4475
ATEC,2015-05-07,16.2,16.2,15.6,15.72,0,0.00%,3641
ATEC,2015-05-08,15.48,16.2,15.48,16.2,0.48,+3.05%,3875
ATEC,2015-05-11,16.2,16.2,15.84,16.2,0,0.00%,8466
ATEC,2015-05-12,16.08,16.44,15.36,15.96,-0.24,-1.48%,23400
ATEC,2015-05-13,15.48,16.2,15.48,15.72,-0.24,-1.50%,7683
ATEC,2015-05-14,15.6,16.2,15.6,15.72,0,0.00%,1575
ATEC,2015-05-15,15.48,16.44,15.48,16.44,0.72,+4.58%,4450
ATEC,2015-05-18,16.44,16.44,15.96,16.2,-0.24,-1.46%,4216
ATEC,2015-05-19,16.2,16.68,16.2,16.44,0.24,+1.48%,4783
ATEC,2015-05-20,16.68,17.28,16.2,17.28,0.84,+5.11%,2358
ATEC,2015-05-21,16.8,17.04,16.2,16.2,-1.08,-6.25%,7341
ATEC,2015-05-22,16.2,16.44,16.2,16.32,0.12,+0.74%,5158
ATEC,2015-05-26,16.56,16.56,16.2,16.2,-0.12,-0.74%,1975
ATEC,2015-05-27,16.2,16.8,16.2,16.32,0.12,+0.74%,14683
ATEC,2015-05-28,16.2,16.68,16.2,16.32,0,0.00%,1875
ATEC,2015-05-29,16.2,16.8,16.2,16.2,-0.12,-0.74%,2266
ATEC,2015-06-01,16.32,16.68,16.2,16.32,0.12,+0.74%,3033
ATEC,2015-06-02,16.32,16.8,16.2,16.44,0.12,+0.74%,3758
ATEC,2015-06-03,16.44,16.56,16.2,16.44,0,0.00%,1316
ATEC,2015-06-04,16.32,16.68,16.2,16.56,0.12,+0.73%,3291
ATEC,2015-06-05,16.56,16.8,16.56,16.8,0.24,+1.45%,3725
ATEC,2015-06-08,16.8,17.4,16.68,16.92,0.12,+0.71%,7458
ATEC,2015-06-09,16.8,17.4,16.8,17.4,0.48,+2.84%,5575
ATEC,2015-06-10,17.4,17.76,17.28,17.52,0.12,+0.69%,13166
ATEC,2015-06-11,17.52,17.76,17.4,17.4,-0.12,-0.68%,11175
ATEC,2015-06-12,17.4,17.76,17.28,17.4,0,0.00%,2983
ATEC,2015-06-15,17.28,17.64,17.28,17.4,0,0.00%,7258
ATEC,2015-06-16,17.64,17.64,17.28,17.4,0,0.00%,12691
ATEC,2015-06-17,17.4,17.52,16.68,17.04,-0.36,-2.07%,23041
ATEC,2015-06-18,17.28,17.4,16.92,17.04,0,0.00%,2391
ATEC,2015-06-19,16.44,17.04,15.72,15.72,-1.32,-7.75%,46525
ATEC,2015-06-22,16.56,17.04,16.32,16.92,1.2,+7.63%,7750
ATEC,2015-06-23,16.8,17.16,16.56,16.56,-0.36,-2.13%,1216
ATEC,2015-06-24,16.2,16.68,16.2,16.56,0,0.00%,4691
ATEC,2015-06-25,16.56,16.8,16.2,16.2,-0.36,-2.17%,2950
ATEC,2015-06-26,15.72,16.56,15.72,16.44,0.24,+1.48%,6816
ATEC,2015-06-29,16.44,16.8,16.2,16.56,0.12,+0.73%,6550
ATEC,2015-06-30,16.44,16.92,15.96,16.56,0,0.00%,3408
ATEC,2015-07-01,16.56,16.8,16.56,16.56,0,0.00%,4366
ATEC,2015-07-02,16.56,16.92,16.32,16.68,0.12,+0.72%,2650
ATEC,2015-07-06,16.56,16.56,15.96,16.32,-0.36,-2.16%,3483
ATEC,2015-07-07,16.44,16.44,15.96,16.44,0.12,+0.74%,3758
ATEC,2015-07-08,16.2,16.8,16.08,16.2,-0.24,-1.46%,8150
ATEC,2015-07-09,16.2,16.44,16.2,16.44,0.24,+1.48%,1233
ATEC,2015-07-10,16.2,16.8,16.2,16.8,0.36,+2.19%,3016
ATEC,2015-07-13,16.32,16.8,16.2,16.44,-0.36,-2.14%,10091
ATEC,2015-07-14,16.32,16.68,16.32,16.68,0.24,+1.46%,2258
ATEC,2015-07-15,16.32,16.68,16.32,16.68,0,0.00%,5183
ATEC,2015-07-16,16.44,16.68,16.32,16.32,-0.36,-2.16%,1875
ATEC,2015-07-17,16.2,17.04,16.2,16.92,0.6,+3.68%,4383
ATEC,2015-07-20,17.16,17.16,16.2,16.32,-0.6,-3.55%,4375
ATEC,2015-07-21,16.32,16.68,16.2,16.44,0.12,+0.74%,1816
ATEC,2015-07-22,16.44,16.56,16.32,16.32,-0.12,-0.73%,3116
ATEC,2015-07-23,16.32,16.56,16.2,16.32,0,0.00%,2683
ATEC,2015-07-24,16.32,16.56,15.96,16.32,0,0.00%,16300
ATEC,2015-07-27,16.32,16.44,16.2,16.44,0.12,+0.74%,2850
ATEC,2015-07-28,16.44,16.56,16.2,16.32,-0.12,-0.73%,1808
ATEC,2015-07-29,16.32,16.44,16.32,16.32,0,0.00%,1675
ATEC,2015-07-30,16.56,16.68,16.32,16.32,0,0.00%,566
ATEC,2015-07-31,16.32,16.8,16.32,16.32,0,0.00%,283
ATEC,2015-08-03,16.8,16.8,16.2,16.32,0,0.00%,4033
ATEC,2015-08-04,16.32,16.68,16.2,16.32,0,0.00%,2150
ATEC,2015-08-05,15.24,15.36,8.64,9.36,-6.96,-42.65%,134241
ATEC,2015-08-06,10.2,10.32,6,6.24,-3.12,-33.33%,178591
ATEC,2015-08-07,6.84,8.88,6.48,7.92,1.68,+26.92%,96908
ATEC,2015-08-10,8.4,9,7.32,8.4,0.48,+6.06%,29816
ATEC,2015-08-11,8.76,8.88,8.04,8.16,-0.24,-2.86%,14300
ATEC,2015-08-12,8.16,8.76,8.16,8.16,0,0.00%,9825
ATEC,2015-08-13,8.64,8.64,8.16,8.28,0.12,+1.47%,11900
ATEC,2015-08-14,8.64,8.64,8.04,8.28,0,0.00%,26600
ATEC,2015-08-17,8.28,8.52,7.8,7.92,-0.36,-4.35%,7683
ATEC,2015-08-18,8.16,8.16,7.08,7.2,-0.72,-9.09%,18558
ATEC,2015-08-19,7.2,7.68,7.2,7.32,0.12,+1.67%,1991
ATEC,2015-08-20,7.08,7.2,6.84,6.84,-0.48,-6.56%,6558
ATEC,2015-08-21,6.96,7.44,6.72,6.96,0.12,+1.75%,4816
ATEC,2015-08-24,7.2,8.4,6.6,6.84,-0.12,-1.72%,14716
ATEC,2015-08-25,7.08,7.32,6.6,6.6,-0.24,-3.51%,11416
ATEC,2015-08-26,6.84,7.32,6.6,6.96,0.36,+5.45%,12391
ATEC,2015-08-27,7.2,7.2,6.6,6.84,-0.12,-1.72%,4841
ATEC,2015-08-28,7.2,7.2,6.48,6.48,-0.36,-5.26%,8725
ATEC,2015-08-31,6.6,7.08,6.6,6.84,0.36,+5.56%,7333
ATEC,2015-09-01,6.84,7.2,6.84,6.96,0.12,+1.75%,6300
ATEC,2015-09-02,7.2,7.2,6.84,6.84,-0.12,-1.72%,2316
ATEC,2015-09-03,7.2,7.2,6.84,7.08,0.24,+3.51%,6475
ATEC,2015-09-04,6.84,7.08,6.84,6.96,-0.12,-1.69%,14391
ATEC,2015-09-08,6.96,6.96,6.24,6.24,-0.72,-10.34%,25750
ATEC,2015-09-09,6.36,6.6,6.24,6.24,0,0.00%,11200
ATEC,2015-09-10,6.24,6.48,5.52,5.52,-0.72,-11.54%,33316
ATEC,2015-09-11,5.52,5.52,4.8,4.8,-0.72,-13.04%,19716
ATEC,2015-09-14,5.04,5.4,4.56,5.16,0.36,+7.50%,37916
ATEC,2015-09-15,5.16,5.4,4.92,5.16,0,0.00%,7000
ATEC,2015-09-16,5.28,6.24,5.28,5.88,0.72,+13.95%,35108
ATEC,2015-09-17,6.36,6.36,5.52,5.88,0,0.00%,27441
ATEC,2015-09-18,5.88,6.24,5.52,6,0.12,+2.04%,17133
ATEC,2015-09-21,6,6.24,4.92,5.04,-0.96,-16.00%,12166
ATEC,2015-09-22,5.16,5.76,4.8,4.92,-0.12,-2.38%,24675
ATEC,2015-09-23,5.28,5.28,4.44,4.44,-0.48,-9.76%,13675
ATEC,2015-09-24,5.04,5.04,3.96,4.08,-0.36,-8.11%,32566
ATEC,2015-09-25,4.44,4.56,4.2,4.2,0.12,+2.94%,10108
ATEC,2015-09-28,4.32,4.32,3.96,4.08,-0.12,-2.86%,26425
ATEC,2015-09-29,3.96,4.44,3.84,3.84,-0.24,-5.88%,21933
ATEC,2015-09-30,4.08,4.2,3.96,3.96,0.12,+3.13%,20275
ATEC,2015-10-01,3.96,4.08,3.6,3.84,-0.12,-3.03%,9358
ATEC,2015-10-02,3.96,4.08,3.72,3.72,-0.12,-3.13%,12291
ATEC,2015-10-05,4.44,4.44,3.84,3.84,0.12,+3.23%,11550
ATEC,2015-10-06,3.84,4.32,3.72,4.08,0.24,+6.25%,12133
ATEC,2015-10-07,4.08,4.44,3.72,4.08,0,0.00%,10000
ATEC,2015-10-08,4.2,4.32,3.84,4.32,0.24,+5.88%,25650
ATEC,2015-10-09,4.32,4.32,4.08,4.08,-0.24,-5.56%,11475
ATEC,2015-10-12,4.32,4.32,3.72,3.72,-0.36,-8.82%,15758
ATEC,2015-10-13,4.2,4.2,3.96,3.96,0.24,+6.45%,11691
ATEC,2015-10-14,4.2,5.4,4.08,4.44,0.48,+12.12%,129258
ATEC,2015-10-15,4.56,4.92,3.72,4.2,-0.24,-5.41%,34758
ATEC,2015-10-16,4.44,4.56,4.2,4.44,0.24,+5.71%,33850
ATEC,2015-10-19,4.8,4.92,4.2,4.32,-0.12,-2.70%,58266
ATEC,2015-10-20,4.8,4.8,3.96,3.96,-0.36,-8.33%,36108
ATEC,2015-10-21,3.96,4.8,3.84,3.84,-0.12,-3.03%,46791
ATEC,2015-10-22,3.96,4.2,3.84,3.96,0.12,+3.13%,27291
ATEC,2015-10-23,3.96,4.2,3.72,3.84,-0.12,-3.03%,38900
ATEC,2015-10-26,3.96,4.08,3.84,3.84,0,0.00%,27341
ATEC,2015-10-27,3.72,3.96,3.72,3.72,-0.12,-3.13%,21691
ATEC,2015-10-28,3.84,3.96,3.6,3.72,0,0.00%,22608
ATEC,2015-10-29,3.84,4.2,3.72,4.08,0.36,+9.68%,25991
ATEC,2015-10-30,4.2,4.32,4.08,4.2,0.12,+2.94%,21641
ATEC,2015-11-02,4.56,4.68,3.84,3.96,-0.24,-5.71%,20941
ATEC,2015-11-03,3.96,4.56,3.84,4.08,0.12,+3.03%,23641
ATEC,2015-11-04,4.2,4.8,3.84,4.2,0.12,+2.94%,31991
ATEC,2015-11-05,4.44,4.68,3.84,3.96,-0.24,-5.71%,15983
ATEC,2015-11-06,4.08,4.2,3.84,3.84,-0.12,-3.03%,33866
ATEC,2015-11-09,3.96,4.2,3.84,4.08,0.24,+6.25%,13500
ATEC,2015-11-10,4.08,4.2,3.72,3.84,-0.24,-5.88%,39950
ATEC,2015-11-11,3.84,3.96,2.64,3.24,-0.6,-15.63%,18666
ATEC,2015-11-12,3.36,3.72,3.24,3.36,0.12,+3.70%,10858
ATEC,2015-11-13,3.48,3.48,2.64,2.64,-0.72,-21.43%,32083
ATEC,2015-11-16,2.88,2.88,2.52,2.64,0,0.00%,39266
ATEC,2015-11-17,3,3,2.52,2.52,-0.12,-4.55%,43291
ATEC,2015-11-18,2.64,3,2.64,2.64,0.12,+4.76%,27533
ATEC,2015-11-19,2.76,3,2.64,2.76,0.12,+4.55%,24141
ATEC,2015-11-20,2.76,3,2.64,2.76,0,0.00%,16916
ATEC,2015-11-23,2.64,3,2.64,2.76,0,0.00%,19208
ATEC,2015-11-24,2.76,2.88,2.52,2.76,0,0.00%,65266
ATEC,2015-11-25,2.88,2.88,2.52,2.64,-0.12,-4.35%,16266
ATEC,2015-11-27,2.64,3,2.64,2.88,0.24,+9.09%,18775
ATEC,2015-11-30,3,3.36,2.64,2.76,-0.12,-4.17%,22541
ATEC,2015-12-01,2.88,3.24,2.64,2.88,0.12,+4.35%,31933
ATEC,2015-12-02,3,3,2.64,2.88,0,0.00%,31900
ATEC,2015-12-03,2.76,2.88,2.64,2.76,-0.12,-4.17%,22791
ATEC,2015-12-04,2.76,2.88,2.64,2.76,0,0.00%,11025
ATEC,2015-12-07,2.76,2.88,2.76,2.76,0,0.00%,26050
ATEC,2015-12-08,2.88,3,2.64,3,0.24,+8.70%,19950
ATEC,2015-12-09,2.76,3.12,2.76,2.88,-0.12,-4.00%,19950
ATEC,2015-12-10,3,3.12,2.76,2.88,0,0.00%,64933
ATEC,2015-12-11,3,3,2.76,2.76,-0.12,-4.17%,33933
ATEC,2015-12-14,2.76,2.88,2.28,2.28,-0.48,-17.39%,133633
ATEC,2015-12-15,2.28,2.76,2.16,2.4,0.12,+5.26%,39458
ATEC,2015-12-16,2.4,2.64,2.4,2.4,0,0.00%,31024
ATEC,2015-12-17,2.4,2.76,2.4,2.52,0.12,+5.00%,38391
ATEC,2015-12-18,2.28,2.64,2.28,2.64,0.12,+4.76%,58891
ATEC,2015-12-21,2.4,2.64,2.4,2.4,-0.24,-9.09%,36150
ATEC,2015-12-22,2.4,2.4,2.4,2.4,0,0.00%,30183
ATEC,2015-12-23,2.28,2.64,2.28,2.52,0.12,+5.00%,47325
ATEC,2015-12-24,3.12,4.56,2.88,3.96,1.44,+57.14%,69350
ATEC,2015-12-28,4.44,4.44,3.6,3.84,-0.12,-3.03%,49875
ATEC,2015-12-29,3.72,4.2,3.6,3.72,-0.12,-3.13%,20425
ATEC,2015-12-30,3.6,3.84,3.12,3.6,-0.12,-3.23%,27358
ATEC,2015-12-31,3.6,3.72,3.24,3.6,0,0.00%,10750
ATEC,2016-01-04,3.36,3.84,3.24,3.6,0,0.00%,16866
ATEC,2016-01-05,3.72,3.84,3.36,3.6,0,0.00%,37716
ATEC,2016-01-06,3.72,4.2,3.6,3.72,0.12,+3.33%,29666
ATEC,2016-01-07,3.72,4.08,3.72,3.84,0.12,+3.23%,13750
ATEC,2016-01-08,3.96,4.2,3.36,3.72,-0.12,-3.13%,35075
ATEC,2016-01-11,3.84,3.84,2.88,3.12,-0.6,-16.13%,23708
ATEC,2016-01-12,3.12,3.6,3,3.12,0,0.00%,9408
ATEC,2016-01-13,3.24,3.6,3.24,3.6,0.48,+15.38%,10708
ATEC,2016-01-14,3.6,3.6,3.36,3.48,-0.12,-3.33%,14091
ATEC,2016-01-15,3.48,3.6,3.36,3.48,0,0.00%,3758
ATEC,2016-01-19,3.48,3.72,3.48,3.6,0.12,+3.45%,3300
ATEC,2016-01-20,3.48,3.6,3.36,3.48,-0.12,-3.33%,8608
ATEC,2016-01-21,3.48,3.6,3.36,3.6,0.12,+3.45%,6266
ATEC,2016-01-22,3.48,3.6,3.48,3.48,-0.12,-3.33%,13616
ATEC,2016-01-25,3.48,4.68,3.48,4.44,0.96,+27.59%,61316
ATEC,2016-01-26,4.68,6.96,4.68,5.4,0.96,+21.62%,128925
ATEC,2016-01-27,5.16,5.88,4.92,5.28,-0.12,-2.22%,20041
ATEC,2016-01-28,5.28,5.52,4.2,4.44,-0.84,-15.91%,17141
ATEC,2016-01-29,4.68,5.52,4.68,5.04,0.6,+13.51%,9100
ATEC,2016-02-01,5.4,5.64,4.92,5.04,0,0.00%,8000
ATEC,2016-02-02,4.92,5.4,4.68,4.68,-0.36,-7.14%,9875
ATEC,2016-02-03,4.92,5.04,4.44,5.04,0.36,+7.69%,2133
ATEC,2016-02-04,4.8,5.04,4.68,4.68,-0.36,-7.14%,5041
ATEC,2016-02-05,4.8,5.04,4.68,4.8,0.12,+2.56%,2683
ATEC,2016-02-08,4.8,5.04,4.56,4.56,-0.24,-5.00%,4916
ATEC,2016-02-09,4.2,4.2,1.8,3.12,-1.44,-31.58%,274483
ATEC,2016-02-10,3,3,2.28,2.28,-0.84,-26.92%,60075
ATEC,2016-02-11,2.4,2.64,2.4,2.52,0.24,+10.53%,23016
ATEC,2016-02-12,2.64,2.64,2.28,2.4,-0.12,-4.76%,24200
ATEC,2016-02-16,2.52,2.64,2.28,2.4,0,0.00%,26591
ATEC,2016-02-17,2.52,2.52,2.28,2.4,0,0.00%,26516
ATEC,2016-02-18,2.28,2.4,2.28,2.4,0,0.00%,11600
ATEC,2016-02-19,2.4,2.52,2.28,2.28,-0.12,-5.00%,43816
ATEC,2016-02-22,2.52,2.52,2.28,2.28,0,0.00%,12791
ATEC,2016-02-23,2.4,2.4,2.4,2.4,0.12,+5.26%,16233
ATEC,2016-02-24,2.4,2.4,2.28,2.28,-0.12,-5.00%,17733
ATEC,2016-02-25,2.28,2.4,2.28,2.4,0.12,+5.26%,7891
ATEC,2016-02-26,2.4,2.4,2.4,2.4,0,0.00%,9683
ATEC,2016-02-29,2.4,2.4,2.28,2.28,-0.12,-5.00%,14141
ATEC,2016-03-01,2.4,2.4,2.16,2.28,0,0.00%,40958
ATEC,2016-03-02,2.28,2.52,2.28,2.52,0.24,+10.53%,11650
ATEC,2016-03-03,2.52,3.12,2.52,3,0.48,+19.05%,28141
ATEC,2016-03-04,3.12,3.6,2.52,3.36,0.36,+12.00%,22633
ATEC,2016-03-07,3.48,3.6,3.36,3.48,0.12,+3.57%,7991
ATEC,2016-03-08,3.6,3.6,3.12,3.12,-0.36,-10.34%,13058
ATEC,2016-03-09,3.24,3.48,3.12,3.36,0.24,+7.69%,7650
ATEC,2016-03-10,3.36,3.36,3,3,-0.36,-10.71%,4841
ATEC,2016-03-11,3,3.48,2.52,3.48,0.48,+16.00%,11100
ATEC,2016-03-14,3.48,3.6,3.24,3.48,0,0.00%,13741
ATEC,2016-03-15,3.24,3.36,2.88,3.12,-0.36,-10.34%,9916
ATEC,2016-03-16,3.12,3.36,2.88,3,-0.12,-3.85%,13366
ATEC,2016-03-17,3.36,3.36,3,3.24,0.24,+8.00%,6416
ATEC,2016-03-18,3,3.36,2.76,2.76,-0.48,-14.81%,11600
ATEC,2016-03-21,3,3,2.76,2.88,0.12,+4.35%,6533
ATEC,2016-03-22,2.88,2.88,2.76,2.88,0,0.00%,7608
ATEC,2016-03-23,2.88,2.88,2.76,2.76,-0.12,-4.17%,9825
ATEC,2016-03-24,2.76,2.76,2.52,2.76,0,0.00%,6391
ATEC,2016-03-28,2.76,3.24,2.4,3,0.24,+8.70%,21241
ATEC,2016-03-29,3.12,3.36,3,3,0,0.00%,23600
ATEC,2016-03-30,3.12,3.24,2.88,3,0,0.00%,8566
ATEC,2016-03-31,3.12,3.24,2.76,2.88,-0.12,-4.00%,9125
ATEC,2016-04-01,3,3,2.52,2.76,-0.12,-4.17%,12050
ATEC,2016-04-04,2.88,3,2.76,2.76,0,0.00%,4716
ATEC,2016-04-05,2.76,2.88,2.76,2.88,0.12,+4.35%,6516
ATEC,2016-04-06,3,3,2.64,2.76,-0.12,-4.17%,5341
ATEC,2016-04-07,2.76,2.88,2.76,2.88,0.12,+4.35%,5341
ATEC,2016-04-08,2.88,2.88,2.64,2.76,-0.12,-4.17%,3891
ATEC,2016-04-11,2.76,2.76,2.4,2.76,0,0.00%,14791
ATEC,2016-04-12,2.76,2.88,2.52,2.76,0,0.00%,17941
ATEC,2016-04-13,2.64,2.88,2.64,2.64,-0.12,-4.35%,4308
ATEC,2016-04-14,2.76,2.88,2.64,2.88,0.24,+9.09%,9683
ATEC,2016-04-15,2.88,3,2.76,2.88,0,0.00%,14225
ATEC,2016-04-18,3,3,2.88,2.88,0,0.00%,8541
ATEC,2016-04-19,2.88,3,2.88,3,0.12,+4.17%,5316
ATEC,2016-04-20,2.88,3,2.88,3,0,0.00%,6858
ATEC,2016-04-21,3,3.12,3,3,0,0.00%,6625
ATEC,2016-04-22,3,3.12,2.88,2.88,-0.12,-4.00%,4583
ATEC,2016-04-25,3,3,2.76,2.88,0,0.00%,11591
ATEC,2016-04-26,3,3,2.76,3,0.12,+4.17%,3491
ATEC,2016-04-27,3,3,2.64,2.88,-0.12,-4.00%,7408
ATEC,2016-04-28,2.88,3,2.64,2.88,0,0.00%,3758
ATEC,2016-04-29,2.88,3,2.64,2.64,-0.24,-8.33%,9791
ATEC,2016-05-02,2.76,3,2.64,2.64,0,0.00%,19250
ATEC,2016-05-03,2.76,3,2.64,2.76,0.12,+4.55%,12150
ATEC,2016-05-04,2.76,2.88,2.4,2.52,-0.24,-8.70%,13450
ATEC,2016-05-05,2.88,2.88,2.52,2.64,0.12,+4.76%,12233
ATEC,2016-05-06,2.52,2.64,2.28,2.52,-0.12,-4.55%,52916
ATEC,2016-05-09,2.52,2.52,2.16,2.4,-0.12,-4.76%,39875
ATEC,2016-05-10,2.28,2.52,2.28,2.4,0,0.00%,14725
ATEC,2016-05-11,2.52,2.64,2.16,2.4,0,0.00%,25066
ATEC,2016-05-12,2.4,2.52,2.28,2.28,-0.12,-5.00%,9208
ATEC,2016-05-13,2.4,2.4,2.28,2.28,0,0.00%,37583
ATEC,2016-05-16,2.4,2.4,2.28,2.28,0,0.00%,9041
ATEC,2016-05-17,2.28,2.28,2.16,2.28,0,0.00%,9933
ATEC,2016-05-18,2.28,2.28,2.16,2.28,0,0.00%,4666
ATEC,2016-05-19,2.28,2.28,2.28,2.28,0,0.00%,4616
ATEC,2016-05-20,2.28,2.28,2.28,2.28,0,0.00%,6808
ATEC,2016-05-23,2.28,2.4,2.28,2.4,0.12,+5.26%,44091
ATEC,2016-05-24,2.4,2.4,2.28,2.28,-0.12,-5.00%,16700
ATEC,2016-05-25,2.28,2.52,2.28,2.4,0.12,+5.26%,13141
ATEC,2016-05-26,2.52,2.52,2.4,2.4,0,0.00%,2475
ATEC,2016-05-27,2.52,2.52,2.28,2.28,-0.12,-5.00%,2900
ATEC,2016-05-31,2.52,2.52,2.28,2.52,0.24,+10.53%,4966
ATEC,2016-06-01,2.52,2.64,2.28,2.4,-0.12,-4.76%,12566
ATEC,2016-06-02,2.52,2.52,2.4,2.4,0,0.00%,12175
ATEC,2016-06-03,2.4,2.52,2.4,2.52,0.12,+5.00%,6866
ATEC,2016-06-06,2.52,2.64,2.52,2.64,0.12,+4.76%,11916
ATEC,2016-06-07,2.88,2.88,2.52,2.64,0,0.00%,10625
ATEC,2016-06-08,2.76,2.76,2.52,2.76,0.12,+4.55%,13158
ATEC,2016-06-09,2.76,2.76,2.64,2.76,0,0.00%,6133
ATEC,2016-06-10,2.88,2.88,2.64,2.88,0.12,+4.35%,7083
ATEC,2016-06-13,2.88,3,2.64,2.88,0,0.00%,22858
ATEC,2016-06-14,3,3,2.64,3,0.12,+4.17%,7233
ATEC,2016-06-15,3,3,2.64,3,0,0.00%,5625
ATEC,2016-06-16,3,3,2.76,2.88,-0.12,-4.00%,14733
ATEC,2016-06-17,3,3,2.76,2.76,-0.12,-4.17%,9691
ATEC,2016-06-20,3,3,2.76,3,0.24,+8.70%,10100
ATEC,2016-06-21,3,3.24,2.88,3,0,0.00%,8650
ATEC,2016-06-22,3.12,4.44,3,3.12,0.12,+4.00%,187350
ATEC,2016-06-23,3.6,4.2,3.24,3.36,0.24,+7.69%,67691
ATEC,2016-06-24,3.36,3.84,3.24,3.36,0,0.00%,44825
ATEC,2016-06-27,3.36,3.72,3.36,3.6,0.24,+7.14%,32000
ATEC,2016-06-28,3.6,4.08,3.48,3.84,0.24,+6.67%,31875
ATEC,2016-06-29,4.08,4.2,3.96,4.2,0.36,+9.38%,40816
ATEC,2016-06-30,4.32,4.56,3.84,4.2,0,0.00%,41550
ATEC,2016-07-01,4.44,5.04,4.32,5.04,0.84,+20.00%,56525
ATEC,2016-07-05,5.28,5.28,3.96,4.56,-0.48,-9.52%,26433
ATEC,2016-07-06,4.8,4.8,4.44,4.68,0.12,+2.63%,9950
ATEC,2016-07-07,4.68,4.68,4.2,4.44,-0.24,-5.13%,13983
ATEC,2016-07-08,4.44,4.68,4.2,4.32,-0.12,-2.70%,17316
ATEC,2016-07-11,4.44,4.44,4.2,4.44,0.12,+2.78%,5858
ATEC,2016-07-12,4.2,4.44,4.2,4.32,-0.12,-2.70%,16658
ATEC,2016-07-13,4.56,4.56,4.44,4.44,0.12,+2.78%,15008
ATEC,2016-07-14,4.56,4.56,4.2,4.44,0,0.00%,14466
ATEC,2016-07-15,4.32,4.56,4.2,4.32,-0.12,-2.70%,5866
ATEC,2016-07-18,4.44,4.44,4.08,4.44,0.12,+2.78%,4891
ATEC,2016-07-19,4.44,4.44,4.2,4.44,0,0.00%,10775
ATEC,2016-07-20,4.44,4.56,3.96,4.44,0,0.00%,34191
ATEC,2016-07-21,4.44,4.44,4.08,4.32,-0.12,-2.70%,4525
ATEC,2016-07-22,4.32,4.68,4.08,4.68,0.36,+8.33%,10375
ATEC,2016-07-25,4.8,4.8,4.32,4.44,-0.24,-5.13%,10916
ATEC,2016-07-26,4.56,4.56,4.2,4.44,0,0.00%,32841
ATEC,2016-07-27,5.4,5.4,4.2,4.32,-0.12,-2.70%,117241
ATEC,2016-07-28,4.2,4.8,4.2,4.56,0.24,+5.56%,34616
ATEC,2016-07-29,4.56,5.04,4.2,4.92,0.36,+7.89%,47933
ATEC,2016-08-01,4.92,4.92,4.56,4.8,-0.12,-2.44%,24016
ATEC,2016-08-02,4.8,4.92,4.68,4.68,-0.12,-2.50%,24516
ATEC,2016-08-03,4.8,4.92,4.32,4.8,0.12,+2.56%,24783
ATEC,2016-08-04,4.92,4.92,4.56,4.92,0.12,+2.50%,9300
ATEC,2016-08-05,4.68,4.92,4.68,4.92,0,0.00%,17025
ATEC,2016-08-08,4.8,4.92,4.68,4.8,-0.12,-2.44%,2600
ATEC,2016-08-09,4.56,4.8,4.56,4.8,0,0.00%,4791
ATEC,2016-08-10,4.68,4.8,4.2,4.2,-0.6,-12.50%,11566
ATEC,2016-08-11,4.2,4.68,4.08,4.2,0,0.00%,17058
ATEC,2016-08-12,4.32,4.44,4.2,4.32,0.12,+2.86%,6166
ATEC,2016-08-15,4.32,4.32,3.36,3.48,-0.84,-19.44%,81183
ATEC,2016-08-16,3.36,3.84,3.24,3.48,0,0.00%,40341
ATEC,2016-08-17,3.84,3.84,3.48,3.72,0.24,+6.90%,10041
ATEC,2016-08-18,3.72,3.84,3.48,3.72,0,0.00%,20533
ATEC,2016-08-19,3.72,3.72,2.64,3.72,0,0.00%,26250
ATEC,2016-08-22,3.84,4.2,3.72,4.08,0.36,+9.68%,20241
ATEC,2016-08-23,4.08,4.08,3.48,3.72,-0.36,-8.82%,13891
ATEC,2016-08-24,3.84,3.96,3.36,3.6,-0.12,-3.23%,19600
ATEC,2016-08-25,3.8,3.8,3.04,3.6,0,0.00%,72400
ATEC,2016-08-26,3.53,3.71,3.36,3.69,0.09,+2.50%,183000
ATEC,2016-08-29,3.64,3.94,3.57,3.83,0.14,+3.79%,133600
ATEC,2016-08-30,3.86,4.46,3.76,3.94,0.11,+2.87%,505800
ATEC,2016-08-31,3.97,4.05,3.9,4,0.06,+1.52%,48800
ATEC,2016-09-01,4,4.25,3.91,4.13,0.13,+3.25%,126800
ATEC,2016-09-02,4.99,4.99,4.17,4.49,0.36,+8.72%,1006400
ATEC,2016-09-06,4.45,4.45,3.94,4,-0.49,-10.91%,391400
ATEC,2016-09-07,4.03,4.28,3.99,4.18,0.18,+4.50%,108600
ATEC,2016-09-08,4.15,4.27,4.05,4.18,0,0.00%,49300
ATEC,2016-09-09,4.14,4.27,4.14,4.26,0.08,+1.91%,53300
ATEC,2016-09-12,4.21,4.57,4.11,4.5,0.24,+5.63%,135500
ATEC,2016-09-13,4.46,4.85,4.26,4.77,0.27,+6.00%,462300
ATEC,2016-09-14,4.8,5.51,4.61,5.02,0.25,+5.24%,525200
ATEC,2016-09-15,5.02,5.27,4.88,5.26,0.24,+4.78%,177500
ATEC,2016-09-16,5.21,6.34,5.21,6.32,1.06,+20.15%,535100
ATEC,2016-09-19,6.54,7.44,6.1,6.27,-0.05,-0.79%,620300
ATEC,2016-09-20,6.22,6.53,6.15,6.33,0.06,+0.96%,150600
ATEC,2016-09-21,6.3,7.18,6.28,7.12,0.79,+12.48%,266000
ATEC,2016-09-22,7.38,8.34,7.22,8.25,1.13,+15.87%,275600
ATEC,2016-09-23,8.26,9.43,8.26,8.63,0.38,+4.61%,338400
ATEC,2016-09-26,8.44,9.01,8.12,8.21,-0.42,-4.87%,202800
ATEC,2016-09-27,8.13,8.58,7.72,8.43,0.22,+2.68%,104500
ATEC,2016-09-28,8.63,9.02,8.46,8.98,0.55,+6.52%,221500
ATEC,2016-09-29,9,9.4,8.73,9.33,0.35,+3.90%,105200
ATEC,2016-09-30,9.18,9.65,9.05,9.4,0.07,+0.75%,88000
ATEC,2016-10-03,9.25,9.27,7.92,8.22,-1.18,-12.55%,201500
ATEC,2016-10-04,8.15,8.4,7.12,7.37,-0.85,-10.34%,152000
ATEC,2016-10-05,7.22,7.43,7.02,7.33,-0.04,-0.54%,82200
ATEC,2016-10-06,6.9,6.95,6.15,6.62,-0.71,-9.69%,170700
ATEC,2016-10-07,6.45,7.58,6.16,7.27,0.65,+9.82%,166500
ATEC,2016-10-10,7.24,7.25,6.71,6.72,-0.55,-7.57%,112900
ATEC,2016-10-11,6.64,6.96,6.31,6.83,0.11,+1.64%,52400
ATEC,2016-10-12,6.77,7.36,6.36,7.02,0.19,+2.78%,64500
ATEC,2016-10-13,6.91,7.09,6.63,6.67,-0.35,-4.99%,30400
ATEC,2016-10-14,6.77,6.77,6.38,6.58,-0.09,-1.35%,132000
ATEC,2016-10-17,6.59,6.8,6.28,6.51,-0.07,-1.06%,165100
ATEC,2016-10-18,6.54,6.82,6.38,6.69,0.18,+2.76%,64900
ATEC,2016-10-19,6.82,6.98,6.26,6.42,-0.27,-4.04%,71500
ATEC,2016-10-20,6.38,6.6,5.78,5.98,-0.44,-6.85%,170800
ATEC,2016-10-21,5.95,6.37,5.9,6.21,0.23,+3.85%,35700
ATEC,2016-10-24,6.18,6.37,6.01,6.18,-0.03,-0.48%,45800
ATEC,2016-10-25,6.19,6.27,5.83,5.9,-0.28,-4.53%,83100
ATEC,2016-10-26,5.82,6.3,5.56,6.29,0.39,+6.61%,100700
ATEC,2016-10-27,6.3,6.78,6.3,6.55,0.26,+4.13%,48400
ATEC,2016-10-28,6.62,6.62,6.16,6.28,-0.27,-4.12%,44200
ATEC,2016-10-31,6.23,6.31,5.92,6.23,-0.05,-0.80%,48800
ATEC,2016-11-01,6.25,6.4,5.83,5.97,-0.26,-4.17%,52800
ATEC,2016-11-02,5.92,6.29,5.82,5.99,0.02,+0.34%,55800
ATEC,2016-11-03,6,6.15,5.62,6.07,0.08,+1.34%,67700
ATEC,2016-11-04,6.04,6.19,5.86,5.98,-0.09,-1.48%,33800
ATEC,2016-11-07,5.97,6.4,5.91,5.97,-0.01,-0.17%,39100
ATEC,2016-11-08,6.08,6.08,5.62,5.62,-0.35,-5.86%,35700
ATEC,2016-11-09,5.58,5.58,5.31,5.41,-0.21,-3.74%,31000
ATEC,2016-11-10,5.32,5.34,4.52,4.73,-0.68,-12.57%,65600
ATEC,2016-11-11,4.58,5.29,4.15,4.7,-0.03,-0.63%,123600
ATEC,2016-11-14,4.6,5.33,4.59,5.17,0.47,+10.00%,147100
ATEC,2016-11-15,5.14,5.35,4.97,5.19,0.02,+0.39%,16000
ATEC,2016-11-16,5.57,5.57,5.01,5.1,-0.09,-1.73%,54300
ATEC,2016-11-17,5.04,5.27,5.04,5.23,0.13,+2.55%,21100
ATEC,2016-11-18,5.15,5.28,5.02,5.24,0.01,+0.19%,27800
ATEC,2016-11-21,5.2,5.61,5.14,5.34,0.1,+1.91%,93300
ATEC,2016-11-22,5.32,5.32,5.06,5.14,-0.2,-3.75%,20900
ATEC,2016-11-23,5.01,5.53,4.91,5.36,0.22,+4.28%,165900
ATEC,2016-11-25,5.4,5.68,5.25,5.56,0.2,+3.73%,182600
ATEC,2016-11-28,5.5,5.81,5.35,5.67,0.11,+1.98%,102200
ATEC,2016-11-29,5.53,5.69,5.28,5.34,-0.33,-5.82%,69300
ATEC,2016-11-30,5.31,5.41,5.05,5.23,-0.11,-2.06%,144700
ATEC,2016-12-01,5.19,5.26,5.01,5.09,-0.14,-2.68%,52300
ATEC,2016-12-02,5.1,5.12,5.03,5.09,0,0.00%,28700
ATEC,2016-12-05,5.32,5.33,5,5.08,-0.01,-0.20%,139500
ATEC,2016-12-06,5.06,5.26,4.9,4.92,-0.16,-3.15%,51800
ATEC,2016-12-07,4.85,5.15,4.85,4.85,-0.07,-1.42%,75200
ATEC,2016-12-08,4.83,4.98,4.8,4.88,0.03,+0.62%,49700
ATEC,2016-12-09,4.85,4.99,4.81,4.9,0.02,+0.41%,11900
ATEC,2016-12-12,4.54,4.82,4.35,4.43,-0.47,-9.59%,96300
ATEC,2016-12-13,4.42,4.56,4.2,4.3,-0.13,-2.93%,31500
ATEC,2016-12-14,4.26,4.29,3.97,4.09,-0.21,-4.88%,60900
ATEC,2016-12-15,4.03,4.43,3.93,4.11,0.02,+0.49%,70900
ATEC,2016-12-16,4.11,4.45,3.82,4.02,-0.09,-2.19%,76000
ATEC,2016-12-19,4.02,4.15,3.92,4,-0.02,-0.50%,52400
ATEC,2016-12-20,4.08,4.08,3.73,3.81,-0.19,-4.75%,43600
ATEC,2016-12-21,3.8,3.89,3.29,3.58,-0.23,-6.04%,98500
ATEC,2016-12-22,3.52,3.85,3.4,3.49,-0.09,-2.51%,130800
ATEC,2016-12-23,3.5,3.5,3.26,3.41,-0.08,-2.29%,61900
ATEC,2016-12-27,3.44,3.45,3.12,3.37,-0.04,-1.17%,98200
ATEC,2016-12-28,3.32,3.72,3.15,3.53,0.16,+4.75%,156100
ATEC,2016-12-29,3.38,3.64,3.28,3.4,-0.13,-3.68%,116500
ATEC,2016-12-30,3.4,3.5,3.21,3.21,-0.19,-5.59%,76100
ATEC,2017-01-03,3.2,3.53,3.2,3.22,0.01,+0.31%,33200
ATEC,2017-01-04,3.25,3.47,3.08,3.31,0.09,+2.80%,71700
ATEC,2017-01-05,3.33,3.72,3.3,3.52,0.21,+6.34%,162700
ATEC,2017-01-06,3.69,3.73,3.38,3.54,0.02,+0.57%,106500
ATEC,2017-01-09,3.57,3.91,3.5,3.53,-0.01,-0.28%,80100
ATEC,2017-01-10,3.57,3.7,3.52,3.54,0.01,+0.28%,24900
ATEC,2017-01-11,3.55,3.65,3.55,3.59,0.05,+1.41%,19900
ATEC,2017-01-12,3.6,3.6,3.45,3.5,-0.09,-2.51%,13600
ATEC,2017-01-13,3.51,3.67,3.41,3.55,0.05,+1.43%,52700
ATEC,2017-01-17,3.63,3.7,3.51,3.56,0.01,+0.28%,59900
ATEC,2017-01-18,3.64,3.64,3.46,3.51,-0.05,-1.40%,26600
ATEC,2017-01-19,3.56,3.56,3.35,3.4,-0.11,-3.13%,25900
ATEC,2017-01-20,3.36,3.55,3.36,3.41,0.01,+0.29%,46600
ATEC,2017-01-23,3.52,3.52,3.22,3.24,-0.17,-4.99%,55800
ATEC,2017-01-24,3.26,3.33,3.18,3.22,-0.02,-0.62%,28400
ATEC,2017-01-25,3.21,3.36,3.18,3.27,0.05,+1.55%,13600
ATEC,2017-01-26,3.27,3.37,3.07,3.24,-0.03,-0.92%,31800
ATEC,2017-01-27,3.33,3.42,3.06,3.14,-0.1,-3.09%,26000
ATEC,2017-01-30,3.14,3.15,2.63,2.98,-0.16,-5.10%,75600
ATEC,2017-01-31,3.01,3.01,2.8,2.88,-0.1,-3.36%,72500
ATEC,2017-02-01,2.9,3.09,2.9,2.96,0.08,+2.78%,10900
ATEC,2017-02-02,2.9,3.29,2.9,3.04,0.08,+2.70%,17100
ATEC,2017-02-03,3.02,3.1,2.82,3,-0.04,-1.32%,38100
ATEC,2017-02-06,3.02,3.02,2.88,2.88,-0.12,-4.00%,7800
ATEC,2017-02-07,2.9,2.96,2.9,2.92,0.04,+1.39%,13100
ATEC,2017-02-08,2.92,2.99,2.83,2.99,0.07,+2.40%,26100
ATEC,2017-02-09,2.94,3.18,2.81,2.95,-0.04,-1.34%,93000
ATEC,2017-02-10,2.95,3.05,2.82,2.92,-0.03,-1.02%,5200
ATEC,2017-02-13,2.9,3.06,2.9,2.98,0.06,+2.05%,31600
ATEC,2017-02-14,3.09,3.09,2.89,2.93,-0.05,-1.68%,21900
ATEC,2017-02-15,2.95,3.15,2.9,2.98,0.05,+1.71%,37000
ATEC,2017-02-16,2.94,2.98,2.88,2.89,-0.09,-3.02%,12000
ATEC,2017-02-17,2.91,2.94,2.62,2.91,0.02,+0.69%,22900
ATEC,2017-02-21,3.09,3.1,2.93,3.09,0.18,+6.19%,28200
ATEC,2017-02-22,3.11,3.25,3.06,3.12,0.03,+0.97%,39600
ATEC,2017-02-23,3.19,3.34,2.81,3.27,0.15,+4.81%,55200
ATEC,2017-02-24,3.44,3.65,3.25,3.55,0.28,+8.56%,97600
ATEC,2017-02-27,3.6,3.74,3.24,3.57,0.02,+0.56%,117100
ATEC,2017-02-28,3.6,3.68,3.27,3.37,-0.2,-5.60%,62600
ATEC,2017-03-01,3.32,3.73,3.25,3.54,0.17,+5.04%,68700
ATEC,2017-03-02,3.55,4.14,3.39,3.9,0.36,+10.17%,102500
ATEC,2017-03-03,3.93,5.8,3.93,4.58,0.68,+17.44%,1000000
ATEC,2017-03-06,4.55,4.55,3.75,4.1,-0.48,-10.48%,190500
ATEC,2017-03-07,4.04,4.35,3.81,4.02,-0.08,-1.95%,87300
ATEC,2017-03-08,4.03,4.11,3.61,3.65,-0.37,-9.20%,83800
ATEC,2017-03-09,3.61,3.76,3.4,3.57,-0.08,-2.19%,24000
ATEC,2017-03-10,3.57,3.7,3.31,3.54,-0.03,-0.84%,12000
ATEC,2017-03-13,3.54,3.86,3.44,3.61,0.07,+1.98%,33500
ATEC,2017-03-14,3.62,4.2,3.62,3.93,0.32,+8.86%,8700
ATEC,2017-03-15,3.92,3.92,3.71,3.81,-0.12,-3.05%,25400
ATEC,2017-03-16,3.75,3.75,3.2,3.3,-0.51,-13.39%,165100
ATEC,2017-03-17,3.29,3.32,3.15,3.17,-0.13,-3.94%,128600
ATEC,2017-03-20,3.14,3.14,2.83,2.87,-0.3,-9.46%,173000
ATEC,2017-03-21,2.91,3.01,2.7,2.8,-0.07,-2.44%,66500
ATEC,2017-03-22,2.77,2.95,2.65,2.68,-0.12,-4.29%,146600
ATEC,2017-03-23,2.44,2.5,1.96,2.07,-0.61,-22.76%,426200
ATEC,2017-03-24,2.09,2.21,2.01,2.19,0.12,+5.80%,96300
ATEC,2017-03-27,2.18,2.18,2.02,2.08,-0.11,-5.02%,39700
ATEC,2017-03-28,2.1,2.15,2.06,2.13,0.05,+2.40%,52800
ATEC,2017-03-29,2.1,2.4,2.1,2.4,0.27,+12.68%,161300
ATEC,2017-03-30,2.4,2.64,2.25,2.41,0.01,+0.42%,692600
ATEC,2017-03-31,2.41,2.41,2.26,2.33,-0.08,-3.32%,136700
ATEC,2017-04-03,2.32,2.44,2.3,2.36,0.03,+1.29%,172200
ATEC,2017-04-04,2.34,2.42,2.1,2.1,-0.26,-11.02%,90600
ATEC,2017-04-05,2.11,2.28,2.11,2.17,0.07,+3.33%,154900
ATEC,2017-04-06,2.15,2.21,2.13,2.19,0.02,+0.92%,68000
ATEC,2017-04-07,2.24,2.4,2.1,2.12,-0.07,-3.20%,179800
ATEC,2017-04-10,2.15,2.19,2.15,2.16,0.04,+1.89%,79200
ATEC,2017-04-11,2.15,2.21,2.13,2.19,0.03,+1.39%,88900
ATEC,2017-04-12,2.16,2.49,2.12,2.21,0.02,+0.91%,200500
ATEC,2017-04-13,2.19,2.19,2.04,2.13,-0.08,-3.62%,185200
ATEC,2017-04-17,2.15,2.19,2.04,2.08,-0.05,-2.35%,423900
ATEC,2017-04-18,2.03,2.11,1.93,2.02,-0.06,-2.88%,128500
ATEC,2017-04-19,1.97,2.04,1.96,1.99,-0.03,-1.49%,121100
ATEC,2017-04-20,2.01,2.06,1.98,2,0.01,+0.50%,154500
ATEC,2017-04-21,1.97,2.02,1.95,2,0,0.00%,92900
ATEC,2017-04-24,2,2.02,1.96,1.96,-0.04,-2.00%,27400
ATEC,2017-04-25,1.99,2.06,1.98,1.98,0.02,+1.02%,81300
ATEC,2017-04-26,1.98,2.06,1.95,2.03,0.05,+2.53%,46300
ATEC,2017-04-27,2.1,2.17,2.01,2.13,0.1,+4.93%,73900
ATEC,2017-04-28,2.11,2.11,1.99,2.03,-0.1,-4.69%,32300
ATEC,2017-05-01,2.06,2.08,1.99,2.07,0.04,+1.97%,25000
ATEC,2017-05-02,2.05,2.07,2.04,2.05,-0.02,-0.97%,49000
ATEC,2017-05-03,2.1,2.16,2.1,2.15,0.1,+4.88%,46200
ATEC,2017-05-04,2.12,2.14,2.04,2.07,-0.08,-3.72%,35600
ATEC,2017-05-05,2.08,2.1,2.03,2.09,0.02,+0.97%,29700
ATEC,2017-05-08,2.08,2.11,2.07,2.1,0.01,+0.48%,4300
ATEC,2017-05-09,2.13,2.13,2.03,2.09,-0.01,-0.48%,17700
ATEC,2017-05-10,2.12,2.13,2.01,2.08,-0.01,-0.48%,15700
ATEC,2017-05-11,2.08,2.1,1.95,1.95,-0.13,-6.25%,47500
ATEC,2017-05-12,1.97,2.2,1.97,2.12,0.17,+8.72%,483600
ATEC,2017-05-15,2.15,2.18,2.07,2.16,0.04,+1.89%,75500
ATEC,2017-05-16,2.19,2.22,2.05,2.08,-0.08,-3.70%,30900
ATEC,2017-05-17,2.14,2.14,1.96,2.05,-0.03,-1.44%,25500
ATEC,2017-05-18,2.02,2.11,1.95,2,-0.05,-2.44%,26500
ATEC,2017-05-19,2.03,2.19,1.96,2.07,0.07,+3.50%,64000
ATEC,2017-05-22,2.11,2.25,2.01,2.09,0.02,+0.97%,52600
ATEC,2017-05-23,2.05,2.09,1.99,2.01,-0.08,-3.83%,96800
ATEC,2017-05-24,2.01,2.03,1.98,2,-0.01,-0.50%,25300
ATEC,2017-05-25,2.01,2.09,1.96,2.03,0.03,+1.50%,28700
ATEC,2017-05-26,2,2,1.89,1.99,-0.04,-1.97%,46600
ATEC,2017-05-30,1.99,2,1.89,1.97,-0.02,-1.01%,41200
ATEC,2017-05-31,1.95,1.97,1.77,1.95,-0.02,-1.02%,94900
ATEC,2017-06-01,1.95,2,1.92,1.98,0.03,+1.54%,24100
ATEC,2017-06-02,1.89,2.08,1.89,2.07,0.09,+4.55%,27700
ATEC,2017-06-05,2.01,2.04,1.99,2.01,-0.06,-2.90%,5400
ATEC,2017-06-06,1.96,2.06,1.95,2.03,0.02,+1.00%,20800
ATEC,2017-06-07,2.03,2.05,1.94,2,-0.03,-1.48%,17700
ATEC,2017-06-08,1.97,2.06,1.93,1.97,-0.03,-1.50%,12600
ATEC,2017-06-09,1.98,2.01,1.96,1.98,0.01,+0.51%,2300
ATEC,2017-06-12,1.99,2,1.96,1.98,0,0.00%,16200
ATEC,2017-06-13,1.96,2,1.92,1.97,-0.01,-0.51%,3800
ATEC,2017-06-14,2,2,1.95,1.96,-0.01,-0.51%,8200
ATEC,2017-06-15,1.95,1.97,1.91,1.93,-0.03,-1.53%,7600
ATEC,2017-06-16,1.91,1.93,1.81,1.81,-0.12,-6.22%,41900
ATEC,2017-06-19,1.87,1.92,1.83,1.87,0.06,+3.31%,12600
ATEC,2017-06-20,1.87,1.9,1.81,1.81,-0.06,-3.21%,12900
ATEC,2017-06-21,1.85,1.87,1.82,1.86,0.05,+2.76%,5600
ATEC,2017-06-22,1.89,1.89,1.83,1.86,0,0.00%,4800
ATEC,2017-06-23,1.85,1.88,1.83,1.88,0.02,+1.08%,15100
ATEC,2017-06-26,1.86,1.87,1.8,1.85,-0.03,-1.60%,15800
ATEC,2017-06-27,1.81,1.84,1.79,1.79,-0.06,-3.24%,11000
ATEC,2017-06-28,1.84,1.88,1.82,1.83,0.04,+2.23%,15800
ATEC,2017-06-29,1.85,1.87,1.83,1.86,0.03,+1.64%,13600
ATEC,2017-06-30,1.89,1.89,1.8,1.85,-0.01,-0.54%,34900
ATEC,2017-07-03,1.87,1.89,1.86,1.86,0.01,+0.54%,5000
ATEC,2017-07-05,1.86,1.86,1.77,1.78,-0.08,-4.30%,23800
ATEC,2017-07-06,1.77,1.81,1.77,1.8,0.02,+1.12%,23200
ATEC,2017-07-07,1.81,1.88,1.79,1.87,0.07,+3.89%,41500
ATEC,2017-07-10,1.86,1.94,1.8,1.81,-0.06,-3.21%,47300
ATEC,2017-07-11,1.877,1.895,1.72,1.73,-0.08,-4.42%,125700
ATEC,2017-07-12,1.77,1.77,1.6,1.73,0,0.00%,84500
ATEC,2017-07-13,1.7,1.76,1.64,1.66,-0.07,-4.05%,78900
ATEC,2017-07-14,1.65,1.77,1.62,1.69,0.03,+1.81%,40700
ATEC,2017-07-17,1.66,1.7,1.65,1.65,-0.04,-2.37%,18300
ATEC,2017-07-18,1.67,1.67,1.66,1.67,0.02,+1.21%,6700
ATEC,2017-07-19,1.67,1.7,1.67,1.69,0.02,+1.20%,11800
ATEC,2017-07-20,1.7,1.84,1.7,1.79,0.1,+5.92%,50800
ATEC,2017-07-21,1.78,1.78,1.72,1.725,-0.065,-3.63%,10500
ATEC,2017-07-24,1.76,1.76,1.69,1.71,-0.015,-0.87%,10100
ATEC,2017-07-25,1.74,1.8,1.72,1.72,0.01,+0.58%,13700
ATEC,2017-07-26,1.72,1.78,1.67,1.68,-0.04,-2.33%,20700
ATEC,2017-07-27,1.67,1.73,1.64,1.66,-0.02,-1.19%,7700
ATEC,2017-07-28,1.61,1.73,1.58,1.67,0.01,+0.60%,57900
ATEC,2017-07-31,1.6,1.73,1.59,1.63,-0.04,-2.40%,24000
ATEC,2017-08-01,1.63,1.75,1.6,1.7,0.07,+4.29%,24000
ATEC,2017-08-02,1.7,1.7,1.66,1.66,-0.04,-2.35%,6500
ATEC,2017-08-03,1.7,1.73,1.66,1.72,0.06,+3.61%,13600
ATEC,2017-08-04,1.71,1.72,1.62,1.71,-0.01,-0.58%,8000
ATEC,2017-08-07,1.73,1.73,1.68,1.73,0.02,+1.17%,12400
ATEC,2017-08-08,1.73,1.79,1.61,1.73,0,0.00%,18000
ATEC,2017-08-09,1.68,1.73,1.58,1.64,-0.09,-5.20%,9500
ATEC,2017-08-10,1.69,1.73,1.62,1.64,0,0.00%,34600
ATEC,2017-08-11,1.72,1.73,1.6,1.68,0.04,+2.44%,22200
ATEC,2017-08-14,1.72,1.8,1.63,1.69,0.01,+0.60%,45500
ATEC,2017-08-15,1.7,1.79,1.67,1.68,-0.01,-0.59%,30700
ATEC,2017-08-16,1.75,1.75,1.64,1.735,0.055,+3.27%,20600
ATEC,2017-08-17,1.8,1.84,1.76,1.84,0.105,+6.05%,133000
ATEC,2017-08-18,1.86,1.935,1.838,1.92,0.08,+4.35%,43100
ATEC,2017-08-21,1.98,1.98,1.9,1.94,0.02,+1.04%,247200
ATEC,2017-08-22,1.94,1.97,1.8,1.92,-0.02,-1.03%,74500
ATEC,2017-08-23,1.92,1.97,1.91,1.94,0.02,+1.04%,43500
ATEC,2017-08-24,1.93,1.96,1.93,1.95,0.01,+0.52%,15900
ATEC,2017-08-25,1.97,2.01,1.94,1.94,-0.01,-0.51%,40700
ATEC,2017-08-28,1.94,2.02,1.9,1.98,0.04,+2.06%,50000
ATEC,2017-08-29,1.96,2.01,1.91,1.99,0.01,+0.51%,75300
ATEC,2017-08-30,2.02,2.12,1.98,2.06,0.07,+3.52%,100500
ATEC,2017-08-31,2.07,2.13,2,2.02,-0.04,-1.94%,58200
ATEC,2017-09-01,2,2.19,2,2.16,0.14,+6.93%,83800
ATEC,2017-09-05,2.16,2.3,2.15,2.28,0.12,+5.56%,100800
ATEC,2017-09-06,2.32,2.35,2.2,2.27,-0.01,-0.44%,62300
ATEC,2017-09-07,2.29,2.36,2.22,2.29,0.02,+0.88%,120900
ATEC,2017-09-08,2.29,2.32,2.22,2.3,0.01,+0.44%,54200
ATEC,2017-09-11,2.3,2.377,2.26,2.305,0.005,+0.22%,113400
ATEC,2017-09-12,2.3,2.35,2.29,2.31,0.005,+0.22%,236400
ATEC,2017-09-13,2.32,2.45,2.27,2.41,0.1,+4.33%,615700
ATEC,2017-09-14,2.43,2.44,2.28,2.39,-0.02,-0.83%,814600
ATEC,2017-09-15,2.38,2.44,2.3,2.3,-0.09,-3.77%,154500
ATEC,2017-09-18,2.27,2.305,2.216,2.22,-0.08,-3.48%,69400
ATEC,2017-09-19,2.21,2.23,1.96,2.1,-0.12,-5.41%,153200
ATEC,2017-09-20,2.1,2.2,2.1,2.13,0.03,+1.43%,11900
ATEC,2017-09-21,2.09,2.2,2.09,2.13,0,0.00%,20600
ATEC,2017-09-22,2.15,2.2,2.12,2.19,0.06,+2.82%,33500
ATEC,2017-09-25,2.2,2.32,2.2,2.24,0.05,+2.28%,90900
ATEC,2017-09-26,2.24,2.28,2.2,2.2,-0.04,-1.79%,50100
ATEC,2017-09-27,2.265,2.29,2.234,2.25,0.05,+2.27%,26600
ATEC,2017-09-28,2.24,2.29,2.225,2.25,0,0.00%,17900
ATEC,2017-09-29,2.26,2.29,2.21,2.26,0.01,+0.44%,6400
ATEC,2017-10-02,2.28,3.37,2.25,3.22,0.96,+42.48%,1443400
ATEC,2017-10-03,3.07,3.25,2.85,3.07,-0.15,-4.66%,493500
ATEC,2017-10-04,3.1,3.1,2.85,2.95,-0.12,-3.91%,214800
ATEC,2017-10-05,3,3.08,2.84,3.03,0.08,+2.71%,190400
ATEC,2017-10-06,3.05,3.14,3.005,3.14,0.11,+3.63%,108400
ATEC,2017-10-09,3.28,3.78,3.22,3.73,0.59,+18.79%,587600
ATEC,2017-10-10,3.73,3.89,3.7,3.84,0.11,+2.95%,340800
ATEC,2017-10-11,3.6,3.82,3.46,3.71,-0.13,-3.39%,317500
ATEC,2017-10-12,3.95,3.99,3.46,3.75,0.04,+1.08%,218100
ATEC,2017-10-13,3.74,3.75,3.54,3.61,-0.14,-3.73%,138100
ATEC,2017-10-16,3.75,3.84,3.62,3.71,0.1,+2.77%,86500
ATEC,2017-10-17,3.77,3.8,3.67,3.77,0.06,+1.62%,141100
ATEC,2017-10-18,3.78,4.27,3.76,4.13,0.36,+9.55%,413700
ATEC,2017-10-19,4.15,4.27,4.08,4.12,-0.01,-0.24%,187600
ATEC,2017-10-20,4.18,4.2,4.12,4.15,0.03,+0.73%,97000
ATEC,2017-10-23,4.21,4.24,4.03,4.1,-0.05,-1.20%,182900
ATEC,2017-10-24,4.15,4.15,3.63,3.89,-0.21,-5.12%,439300
ATEC,2017-10-25,3.97,4.05,3.67,4,0.11,+2.83%,176300
ATEC,2017-10-26,4,4.11,3.75,3.96,-0.04,-1.00%,131600
ATEC,2017-10-27,3.92,4.03,3.84,3.87,-0.09,-2.27%,184900
ATEC,2017-10-30,3.98,3.98,3.52,3.66,-0.21,-5.43%,112300
ATEC,2017-10-31,3.63,3.82,3.5,3.59,-0.07,-1.91%,102700
ATEC,2017-11-01,3.63,3.72,3.5,3.57,-0.02,-0.56%,37500
ATEC,2017-11-02,3.54,3.71,3.54,3.65,0.08,+2.24%,35700
ATEC,2017-11-03,3.7,3.9,3.7,3.79,0.14,+3.84%,77200
ATEC,2017-11-06,3.84,3.84,3.67,3.71,-0.08,-2.11%,11400
ATEC,2017-11-07,3.74,3.74,3.55,3.63,-0.08,-2.16%,24900
ATEC,2017-11-08,3.6,3.68,3.56,3.61,-0.02,-0.55%,31100
ATEC,2017-11-09,3.6,3.67,3.43,3.59,-0.02,-0.55%,84600
ATEC,2017-11-10,3.59,3.71,3.5,3.58,-0.01,-0.28%,49300
ATEC,2017-11-13,3.6,3.71,3.53,3.6,0.02,+0.56%,46500
ATEC,2017-11-14,3.58,3.6,3.53,3.585,-0.015,-0.42%,50700
ATEC,2017-11-15,3.6,3.6,3.5,3.54,-0.045,-1.26%,71500
ATEC,2017-11-16,3.52,3.53,3.4,3.41,-0.13,-3.67%,64500
ATEC,2017-11-17,3.39,3.42,3.26,3.36,-0.05,-1.47%,84500
ATEC,2017-11-20,3.33,3.39,3.21,3.24,-0.12,-3.57%,186500
ATEC,2017-11-21,3.29,3.3,2.98,2.99,-0.25,-7.72%,238200
ATEC,2017-11-22,3,3.1,2.96,2.96,-0.03,-1.00%,140900
ATEC,2017-11-24,3,3,2.86,2.97,0.01,+0.34%,38500
ATEC,2017-11-27,2.96,3,2.88,2.9,-0.07,-2.36%,34100
ATEC,2017-11-28,2.87,2.87,2.43,2.59,-0.31,-10.69%,220000
ATEC,2017-11-29,2.63,2.69,2.56,2.56,-0.03,-1.16%,157000
ATEC,2017-11-30,2.63,2.69,2.56,2.62,0.06,+2.34%,132400
ATEC,2017-12-01,2.74,2.77,2.57,2.65,0.03,+1.15%,78400
ATEC,2017-12-04,2.7,2.79,2.575,2.6,-0.05,-1.89%,109400
ATEC,2017-12-05,2.65,2.65,2.56,2.59,-0.01,-0.38%,37600
ATEC,2017-12-06,2.56,2.69,2.49,2.58,-0.01,-0.39%,174300
ATEC,2017-12-07,2.55,2.71,2.5,2.53,-0.05,-1.94%,103000
ATEC,2017-12-08,2.65,2.65,2.5,2.51,-0.02,-0.79%,55300
ATEC,2017-12-11,2.49,2.75,2.46,2.49,-0.02,-0.80%,104600
ATEC,2017-12-12,2.46,2.59,2.45,2.48,-0.01,-0.40%,176000
ATEC,2017-12-13,2.47,2.7,2.42,2.47,-0.01,-0.40%,664200
ATEC,2017-12-14,2.49,2.55,2.35,2.37,-0.1,-4.05%,179500
ATEC,2017-12-15,2.38,2.53,2.31,2.46,0.09,+3.80%,107500
ATEC,2017-12-18,2.48,2.65,2.44,2.51,0.05,+2.03%,75400
ATEC,2017-12-19,2.53,2.68,2.515,2.54,0.03,+1.20%,109300
ATEC,2017-12-20,2.6,2.65,2.56,2.56,0.02,+0.79%,112800
ATEC,2017-12-21,2.58,2.64,2.52,2.61,0.05,+1.95%,62200
ATEC,2017-12-22,2.59,2.78,2.55,2.62,0.01,+0.38%,151800
ATEC,2017-12-26,2.64,2.69,2.56,2.62,0,0.00%,28200
ATEC,2017-12-27,2.67,2.8,2.65,2.68,0.06,+2.29%,96600
ATEC,2017-12-28,2.66,2.75,2.58,2.61,-0.07,-2.61%,101800
ATEC,2017-12-29,2.66,2.71,2.55,2.66,0.05,+1.92%,110600
ATEC,2018-01-02,2.71,2.77,2.62,2.67,0.01,+0.38%,50500
ATEC,2018-01-03,2.65,2.75,2.65,2.72,0.05,+1.87%,52700
ATEC,2018-01-04,2.72,2.93,2.66,2.77,0.05,+1.84%,107100
ATEC,2018-01-05,2.9,3.3,2.8,3,0.23,+8.30%,359300
ATEC,2018-01-08,3.05,3.47,3.02,3.41,0.41,+13.67%,468700
ATEC,2018-01-09,3.45,3.58,3.1,3.3,-0.11,-3.23%,263500
ATEC,2018-01-10,3.3,3.3,3.12,3.2,-0.1,-3.03%,63300
ATEC,2018-01-11,3.22,3.33,3.2,3.23,0.03,+0.94%,47200
ATEC,2018-01-12,3.22,3.23,3.01,3.12,-0.11,-3.41%,113600
ATEC,2018-01-16,3.16,3.29,3.14,3.22,0.1,+3.21%,169700
ATEC,2018-01-17,3.2,3.59,3.16,3.53,0.31,+9.63%,189700
ATEC,2018-01-18,3.5,3.6,3.31,3.43,-0.1,-2.83%,198300
ATEC,2018-01-19,3.46,3.52,3.21,3.35,-0.08,-2.33%,91400
ATEC,2018-01-22,3.3,3.51,3.3,3.45,0.1,+2.99%,101700
ATEC,2018-01-23,3.42,3.42,3.25,3.36,-0.09,-2.61%,47000
ATEC,2018-01-24,3.37,3.43,3.25,3.33,-0.03,-0.89%,26400
ATEC,2018-01-25,3.29,3.45,3.29,3.45,0.12,+3.60%,40700
ATEC,2018-01-26,3.45,3.5,3.3,3.44,-0.01,-0.29%,61300
ATEC,2018-01-29,3.42,3.54,3.37,3.37,-0.07,-2.03%,34300
ATEC,2018-01-30,3.39,3.42,3.3,3.3,-0.07,-2.08%,34000
ATEC,2018-01-31,3.31,3.36,3.15,3.2,-0.1,-3.03%,96800
ATEC,2018-02-01,3.2,3.3,3.2,3.24,0.04,+1.25%,39000
ATEC,2018-02-02,3.24,3.3,3.125,3.15,-0.09,-2.78%,44500
ATEC,2018-02-05,3.21,3.365,3.101,3.11,-0.04,-1.27%,42300
ATEC,2018-02-06,3.01,3.3,3.01,3.26,0.15,+4.82%,71500
ATEC,2018-02-07,3.27,3.35,3.24,3.24,-0.02,-0.61%,69700
ATEC,2018-02-08,3.3,3.46,3.24,3.24,0,0.00%,73800
ATEC,2018-02-09,3.3,3.44,3.24,3.25,0.01,+0.31%,75500
ATEC,2018-02-12,3.38,3.43,3.24,3.25,0,0.00%,56900
ATEC,2018-02-13,3.25,3.4,3.25,3.28,0.03,+0.92%,81300
ATEC,2018-02-14,3.28,3.32,3.12,3.22,-0.06,-1.83%,80400
ATEC,2018-02-15,3.27,3.27,3.06,3.22,0,0.00%,114400
ATEC,2018-02-16,3.22,3.44,3.08,3.25,0.03,+0.93%,129700
ATEC,2018-02-20,3.15,3.4,3.14,3.27,0.02,+0.62%,87900
ATEC,2018-02-21,3.4,3.45,3.33,3.42,0.15,+4.59%,64500
ATEC,2018-02-22,3.45,3.45,3.25,3.27,-0.15,-4.39%,40100
ATEC,2018-02-23,3.33,3.33,3.25,3.29,0.02,+0.61%,43200
ATEC,2018-02-26,3.34,3.42,3.32,3.34,0.05,+1.52%,55500
ATEC,2018-02-27,3.38,3.4,3.24,3.29,-0.05,-1.50%,17800
ATEC,2018-02-28,3.34,3.34,3.19,3.19,-0.1,-3.04%,18100
ATEC,2018-03-01,3.18,3.25,3.1,3.21,0.02,+0.63%,37800
ATEC,2018-03-02,3.17,3.25,3.17,3.22,0.01,+0.31%,72000
ATEC,2018-03-05,3.21,3.29,3.21,3.22,0,0.00%,72000
ATEC,2018-03-06,3.25,3.33,3.2,3.29,0.07,+2.17%,28800
ATEC,2018-03-07,3.29,3.5,3.28,3.4,0.11,+3.34%,104400
ATEC,2018-03-08,3.4,3.6,3.1,3.48,0.08,+2.35%,218800
ATEC,2018-03-09,3.5,3.58,3.18,3.43,-0.05,-1.44%,180100
ATEC,2018-03-12,3.45,3.45,3.24,3.3,-0.13,-3.79%,121800
ATEC,2018-03-13,3.34,3.4,3.14,3.14,-0.16,-4.85%,86100
ATEC,2018-03-14,3.14,3.21,3.05,3.17,0.03,+0.96%,82800
ATEC,2018-03-15,3.17,3.28,3.08,3.22,0.05,+1.58%,47100
ATEC,2018-03-16,3.2,3.26,3.14,3.26,0.04,+1.24%,63100
ATEC,2018-03-19,3.28,3.38,3.21,3.28,0.02,+0.61%,138700
ATEC,2018-03-20,3.29,3.41,3.29,3.36,0.08,+2.44%,76600
ATEC,2018-03-21,3.4,3.5,3.34,3.4,0.04,+1.19%,136700
ATEC,2018-03-22,3.29,3.38,3.26,3.35,-0.05,-1.47%,43600
ATEC,2018-03-23,3.3,3.4,3.3,3.3,-0.05,-1.49%,37600
ATEC,2018-03-26,3.3,3.32,3.15,3.15,-0.15,-4.55%,60500
ATEC,2018-03-27,3.15,3.25,3.15,3.17,0.02,+0.63%,55600
ATEC,2018-03-28,3.15,3.2,3.04,3.04,-0.13,-4.10%,71900
ATEC,2018-03-29,3.11,3.21,3.02,3.21,0.17,+5.59%,68200
ATEC,2018-04-02,3.6,3.6,3.09,3.3,0.09,+2.80%,59000
ATEC,2018-04-03,3.24,3.37,3.15,3.25,-0.05,-1.52%,23900
ATEC,2018-04-04,3.29,3.3,3.13,3.3,0.05,+1.54%,19400
ATEC,2018-04-05,3.3,3.31,3.2,3.25,-0.05,-1.52%,36100
ATEC,2018-04-06,3.26,3.405,3.209,3.35,0.1,+3.08%,18400
ATEC,2018-04-09,3.33,3.44,3.21,3.37,0.02,+0.60%,32400
ATEC,2018-04-10,3.43,3.43,3.31,3.39,0.02,+0.59%,20300
ATEC,2018-04-11,3.43,3.5,3.405,3.47,0.08,+2.36%,38800
ATEC,2018-04-12,3.5,3.5,3.45,3.5,0.03,+0.86%,159900
ATEC,2018-04-13,3.5,3.58,3.5,3.55,0.05,+1.43%,93200
ATEC,2018-04-16,3.55,3.59,3.52,3.58,0.03,+0.85%,88800
ATEC,2018-04-17,3.58,3.58,3.5,3.51,-0.07,-1.96%,42900
ATEC,2018-04-18,3.46,3.6,3.46,3.58,0.07,+1.99%,57000
ATEC,2018-04-19,3.59,3.8,3.58,3.7,0.12,+3.35%,167300
ATEC,2018-04-20,3.61,3.93,3.61,3.86,0.16,+4.32%,232100
ATEC,2018-04-23,3.9,4.21,3.9,4.02,0.16,+4.15%,250800
ATEC,2018-04-24,4.04,4.21,3.96,4.03,0.01,+0.25%,92000
ATEC,2018-04-25,4.05,4.19,3.95,4.07,0.04,+0.99%,359000
ATEC,2018-04-26,4.1,4.1,4.05,4.06,-0.01,-0.25%,91700
ATEC,2018-04-27,4.08,4.08,3.78,3.82,-0.24,-5.91%,118700
ATEC,2018-04-30,3.8,3.9,3.8,3.84,0.02,+0.52%,22600
ATEC,2018-05-01,3.84,3.9,3.71,3.72,-0.12,-3.13%,20300
ATEC,2018-05-02,3.71,4.01,3.71,3.88,0.16,+4.30%,116600
ATEC,2018-05-03,3.9,3.92,3.73,3.8,-0.08,-2.06%,120900
ATEC,2018-05-04,3.82,3.91,3.75,3.75,-0.05,-1.32%,31100
ATEC,2018-05-07,3.81,3.91,3.61,3.64,-0.11,-2.93%,66700
ATEC,2018-05-08,3.61,3.61,3.55,3.56,-0.08,-2.20%,23400
ATEC,2018-05-09,3.57,3.65,3.48,3.5,-0.06,-1.69%,67100
ATEC,2018-05-10,3.55,3.7,3.5,3.69,0.19,+5.43%,96400
ATEC,2018-05-11,3.7,3.7,3.4,3.43,-0.26,-7.05%,145300
ATEC,2018-05-14,3.5,3.5,3.27,3.4,-0.03,-0.87%,64300
ATEC,2018-05-15,3.38,3.47,3.29,3.47,0.07,+2.06%,52500
ATEC,2018-05-16,3.45,3.84,3.45,3.66,0.19,+5.48%,174900
ATEC,2018-05-17,3.68,3.69,3.63,3.67,0.01,+0.27%,125900
ATEC,2018-05-18,3.63,3.86,3.63,3.73,0.06,+1.63%,97000
ATEC,2018-05-21,3.75,3.99,3.75,3.99,0.26,+6.97%,111800
ATEC,2018-05-22,3.99,4.08,3.85,3.9,-0.09,-2.26%,133500
ATEC,2018-05-23,3.9,3.99,3.88,3.92,0.02,+0.51%,41700
ATEC,2018-05-24,3.91,3.99,3.79,3.91,-0.01,-0.26%,37000
ATEC,2018-05-25,3.95,3.97,3.89,3.93,0.02,+0.51%,33700
ATEC,2018-05-29,3.93,3.99,3.86,3.86,-0.07,-1.78%,24600
ATEC,2018-05-30,3.9,4,3.77,3.78,-0.08,-2.07%,60000
ATEC,2018-05-31,3.76,3.9,3.76,3.83,0.05,+1.32%,25000
ATEC,2018-06-01,3.83,4.01,3.83,3.98,0.15,+3.92%,126800
ATEC,2018-06-04,4,4,3.9,3.9,-0.08,-2.01%,39700
ATEC,2018-06-05,3.92,3.955,3.825,3.87,-0.03,-0.77%,49400
ATEC,2018-06-06,3.86,3.94,3.81,3.89,0.02,+0.52%,16600
ATEC,2018-06-07,3.91,3.91,3.8,3.82,-0.07,-1.80%,26100
ATEC,2018-06-08,3.8,3.8,3.41,3.46,-0.36,-9.42%,387000
ATEC,2018-06-11,3.48,3.55,3.4,3.41,-0.05,-1.45%,100600
ATEC,2018-06-12,3.41,3.41,3.35,3.38,-0.03,-0.88%,89400
ATEC,2018-06-13,3.4,3.57,3.39,3.44,0.06,+1.78%,206800
ATEC,2018-06-14,3.6,3.62,3.47,3.55,0.11,+3.20%,94400
ATEC,2018-06-15,3.54,3.57,3.38,3.42,-0.13,-3.66%,68900
ATEC,2018-06-18,3.43,3.45,3,3.01,-0.41,-11.99%,345800
ATEC,2018-06-19,3,3.01,2.86,2.94,-0.07,-2.33%,216800
ATEC,2018-06-20,2.96,3.01,2.74,2.83,-0.11,-3.74%,255100
ATEC,2018-06-21,2.9,2.99,2.84,2.89,0.06,+2.12%,135800
ATEC,2018-06-22,2.91,3,2.83,2.95,0.06,+2.08%,204900
ATEC,2018-06-25,2.93,2.93,2.66,2.82,-0.13,-4.41%,242800
ATEC,2018-06-26,2.84,3.08,2.79,2.95,0.13,+4.61%,211900
ATEC,2018-06-27,2.94,2.97,2.79,2.84,-0.11,-3.73%,128400
ATEC,2018-06-28,2.88,3.02,2.87,2.95,0.11,+3.87%,147500
ATEC,2018-06-29,2.97,3.13,2.9,2.98,0.03,+1.02%,102800
ATEC,2018-07-02,2.99,3,2.83,2.86,-0.12,-4.03%,81100
ATEC,2018-07-03,2.88,2.91,2.75,2.77,-0.09,-3.15%,180700
ATEC,2018-07-05,2.77,2.87,2.72,2.85,0.08,+2.89%,73700
ATEC,2018-07-06,2.82,2.84,2.72,2.84,-0.01,-0.35%,76500
ATEC,2018-07-09,2.85,3.06,2.78,2.83,-0.01,-0.35%,101200
ATEC,2018-07-10,2.84,2.9,2.78,2.81,-0.02,-0.71%,62500
ATEC,2018-07-11,2.83,2.91,2.72,2.81,0,0.00%,98100
ATEC,2018-07-12,2.84,2.89,2.8,2.87,0.06,+2.14%,50000
ATEC,2018-07-13,2.91,2.91,2.77,2.79,-0.08,-2.79%,57300
ATEC,2018-07-16,2.84,2.92,2.8,2.84,0.05,+1.79%,81300
ATEC,2018-07-17,2.79,2.805,2.55,2.69,-0.15,-5.28%,388400
ATEC,2018-07-18,2.71,2.85,2.65,2.73,0.04,+1.49%,90400
ATEC,2018-07-19,2.75,2.93,2.75,2.83,0.1,+3.66%,92400
ATEC,2018-07-20,2.9,2.96,2.8,2.89,0.06,+2.12%,66200
ATEC,2018-07-23,2.89,2.89,2.8,2.8,-0.09,-3.11%,42300
ATEC,2018-07-24,2.8,2.88,2.8,2.8,0,0.00%,87500
ATEC,2018-07-25,2.81,2.81,2.66,2.8,0,0.00%,48400
ATEC,2018-07-26,2.8,2.85,2.71,2.78,-0.02,-0.71%,40800
ATEC,2018-07-27,2.8,2.82,2.75,2.79,0.01,+0.36%,133900
ATEC,2018-07-30,2.8,2.81,2.6,2.69,-0.1,-3.58%,148500
ATEC,2018-07-31,2.67,2.74,2.67,2.7,0.01,+0.37%,45800
ATEC,2018-08-01,2.71,2.81,2.66,2.74,0.04,+1.48%,235600
ATEC,2018-08-02,2.74,2.85,2.74,2.74,0,0.00%,190200
ATEC,2018-08-03,2.74,2.98,2.58,2.87,0.13,+4.74%,318300
ATEC,2018-08-06,2.87,3.03,2.87,3,0.13,+4.53%,136900
ATEC,2018-08-07,3.01,3.16,2.99,3.15,0.15,+5.00%,241300
ATEC,2018-08-08,3.16,3.2,3.1,3.11,-0.04,-1.27%,109700
ATEC,2018-08-09,3.09,3.13,3.04,3.11,0,0.00%,10800
ATEC,2018-08-10,3.12,3.3,3.1,3.24,0.13,+4.18%,201700
ATEC,2018-08-13,3.2,3.29,3.15,3.25,0.01,+0.31%,74100
ATEC,2018-08-14,3.29,3.32,3.22,3.25,0,0.00%,121100
ATEC,2018-08-15,3.21,3.32,3.2,3.31,0.06,+1.85%,125000
ATEC,2018-08-16,3.27,3.36,3.23,3.33,0.02,+0.60%,49000
ATEC,2018-08-17,3.3,3.61,3.3,3.56,0.23,+6.91%,311500
ATEC,2018-08-20,3.55,3.7,3.36,3.56,0,0.00%,231700
ATEC,2018-08-21,3.51,3.9,3.51,3.77,0.21,+5.90%,263300
ATEC,2018-08-22,3.8,3.92,3.8,3.85,0.08,+2.12%,205100
ATEC,2018-08-23,3.85,3.95,3.72,3.89,0.04,+1.04%,146000
ATEC,2018-08-24,3.94,3.95,3.73,3.75,-0.14,-3.60%,138900
ATEC,2018-08-27,3.77,3.8,3.5,3.59,-0.16,-4.27%,406700
ATEC,2018-08-28,3.6,3.64,3.32,3.49,-0.1,-2.79%,172500
ATEC,2018-08-29,3.47,3.71,3.44,3.63,0.14,+4.01%,284600
ATEC,2018-08-30,3.65,3.72,3.52,3.6,-0.03,-0.83%,114000
ATEC,2018-08-31,3.6,3.68,3.47,3.51,-0.09,-2.50%,136200
ATEC,2018-09-04,3.47,3.475,3.38,3.41,-0.1,-2.85%,165100
ATEC,2018-09-05,3.4,3.47,3.14,3.26,-0.15,-4.40%,120400
ATEC,2018-09-06,3.3,3.35,3.2,3.3,0.04,+1.23%,296800
ATEC,2018-09-07,3.29,3.32,3.2,3.21,-0.09,-2.73%,65100
ATEC,2018-09-10,3.22,3.27,3.15,3.17,-0.04,-1.25%,58300
ATEC,2018-09-11,3.18,3.31,3.07,3.21,0.04,+1.26%,243300
ATEC,2018-09-12,3.21,3.44,3.2,3.26,0.05,+1.56%,58700
ATEC,2018-09-13,3.3,3.48,3.29,3.44,0.18,+5.52%,131400
ATEC,2018-09-14,3.43,3.48,3.3,3.31,-0.13,-3.78%,117200
ATEC,2018-09-17,3.32,3.4,3.26,3.34,0.03,+0.91%,102500
ATEC,2018-09-18,3.35,3.41,3.29,3.29,-0.05,-1.50%,82900
ATEC,2018-09-19,3.3,3.4,3.3,3.3,0.01,+0.30%,103000
ATEC,2018-09-20,3.31,3.38,3.2,3.21,-0.09,-2.73%,170600
ATEC,2018-09-21,3.22,3.29,3.13,3.26,0.05,+1.56%,346100
ATEC,2018-09-24,3.22,3.35,3.2,3.26,0,0.00%,166800
ATEC,2018-09-25,3.29,3.4,3.21,3.27,0.01,+0.31%,149400
ATEC,2018-09-26,3.32,3.42,3.27,3.29,0.02,+0.61%,133300
ATEC,2018-09-27,3.3,3.44,3.3,3.39,0.1,+3.04%,73900
ATEC,2018-09-28,3.39,3.48,3.35,3.37,-0.02,-0.59%,66100
ATEC,2018-10-01,3.35,3.35,3.1,3.11,-0.26,-7.72%,225700
ATEC,2018-10-02,3.15,3.3,3.01,3.04,-0.07,-2.25%,107900
ATEC,2018-10-03,3.03,3.2,2.97,3.07,0.03,+0.99%,119100
ATEC,2018-10-04,3.07,3.11,3,3.04,-0.03,-0.98%,43400
ATEC,2018-10-05,3.09,3.19,3,3.05,0.01,+0.33%,31500
ATEC,2018-10-08,3.08,3.08,2.91,3,-0.05,-1.64%,64900
ATEC,2018-10-09,2.97,3.27,2.97,3,0,0.00%,45600
ATEC,2018-10-10,3.01,3.09,2.95,2.95,-0.05,-1.67%,49500
ATEC,2018-10-11,2.95,2.98,2.8,2.95,0,0.00%,184800
ATEC,2018-10-12,2.98,3.06,2.96,3.05,0.1,+3.39%,32100
ATEC,2018-10-15,3.08,3.14,2.9,3.07,0.02,+0.66%,76300
ATEC,2018-10-16,3.1,3.33,3.03,3.21,0.14,+4.56%,160600
ATEC,2018-10-17,3.29,3.37,3.18,3.28,0.07,+2.18%,108000
ATEC,2018-10-18,3.29,3.38,3.12,3.18,-0.1,-3.05%,56500
ATEC,2018-10-19,3.18,3.25,3,3.13,-0.05,-1.57%,41000
ATEC,2018-10-22,3.25,3.305,3,3.21,0.08,+2.56%,161900
ATEC,2018-10-23,3.17,3.22,3.02,3.07,-0.14,-4.36%,58100
ATEC,2018-10-24,3.08,3.15,2.98,3.08,0.01,+0.33%,53300
ATEC,2018-10-25,3.08,3.08,2.95,2.95,-0.13,-4.22%,47700
ATEC,2018-10-26,2.95,3,2.945,2.98,0.03,+1.02%,49900
ATEC,2018-10-29,3.01,3.05,2.965,3.01,0.03,+1.01%,67600
ATEC,2018-10-30,3,3,2.95,2.99,-0.02,-0.66%,41000
ATEC,2018-10-31,3.02,3.03,3,3,0.01,+0.33%,15900
ATEC,2018-11-01,3.05,3.2,3.05,3.09,0.09,+3.00%,45500
ATEC,2018-11-02,3.08,3.25,3.08,3.17,0.08,+2.59%,141700
ATEC,2018-11-05,3.2,3.33,3.02,3.04,-0.13,-4.10%,92100
ATEC,2018-11-06,3.05,3.12,3.05,3.05,0.01,+0.33%,23500
ATEC,2018-11-07,3.02,3.29,3.01,3.03,-0.02,-0.66%,194600
ATEC,2018-11-08,3.05,3.34,3.05,3.19,0.16,+5.28%,91500
ATEC,2018-11-09,2.75,3.19,2.7,2.98,-0.21,-6.58%,157100
ATEC,2018-11-12,3.16,3.16,2.935,2.99,0.01,+0.34%,49300
ATEC,2018-11-13,3,3.135,2.75,2.86,-0.13,-4.35%,118200
ATEC,2018-11-14,2.86,3.15,2.86,2.95,0.09,+3.15%,135600
ATEC,2018-11-15,2.95,2.97,2.87,2.92,-0.03,-1.02%,33100
ATEC,2018-11-16,2.93,2.93,2.815,2.84,-0.08,-2.74%,55800
ATEC,2018-11-19,2.9,2.92,2.62,2.77,-0.07,-2.46%,106200
ATEC,2018-11-20,2.87,2.87,2.63,2.81,0.04,+1.44%,63800
ATEC,2018-11-21,2.82,2.88,2.81,2.83,0.02,+0.71%,38300
ATEC,2018-11-23,2.79,2.81,2.71,2.8,-0.03,-1.06%,1500
ATEC,2018-11-26,2.8,2.82,2.75,2.76,-0.04,-1.43%,16300
ATEC,2018-11-27,2.75,2.764,2.65,2.665,-0.095,-3.44%,96200
ATEC,2018-11-28,2.7,2.75,2.56,2.62,-0.045,-1.69%,68900
ATEC,2018-11-29,2.67,2.7,2.58,2.7,0.08,+3.05%,39300
ATEC,2018-11-30,2.71,2.76,2.64,2.71,0.01,+0.37%,32700
ATEC,2018-12-03,2.76,2.86,2.56,2.63,-0.08,-2.95%,180300
ATEC,2018-12-04,2.67,2.75,2.62,2.69,0.06,+2.28%,50100
ATEC,2018-12-06,2.62,2.7,2.58,2.62,-0.07,-2.60%,106700
ATEC,2018-12-07,2.64,2.7,2.56,2.62,0,0.00%,160200
ATEC,2018-12-10,2.55,2.63,2.41,2.42,-0.2,-7.63%,197600
ATEC,2018-12-11,2.42,2.53,2.4,2.46,0.04,+1.65%,50100
ATEC,2018-12-12,2.46,2.6,2.46,2.55,0.09,+3.66%,47600
ATEC,2018-12-13,2.55,2.63,2.48,2.63,0.08,+3.14%,35900
ATEC,2018-12-14,2.6,2.62,2.5,2.51,-0.12,-4.56%,44200
ATEC,2018-12-17,2.52,2.602,2.4,2.455,-0.055,-2.19%,100000
ATEC,2018-12-18,2.41,2.49,2.38,2.38,-0.075,-3.05%,136100
ATEC,2018-12-19,2.37,2.53,2.37,2.39,0.01,+0.42%,82700
ATEC,2018-12-20,2.4,2.43,2.15,2.28,-0.11,-4.60%,111600
ATEC,2018-12-21,2.4,2.41,2.16,2.21,-0.07,-3.07%,148400
ATEC,2018-12-24,2.2,2.28,2.12,2.17,-0.04,-1.81%,25800
ATEC,2018-12-26,2.2,2.52,2.02,2.42,0.25,+11.52%,196700
ATEC,2018-12-27,2.4,2.4,2.2,2.25,-0.17,-7.02%,135900
ATEC,2018-12-28,2.24,2.35,2.22,2.25,0,0.00%,37800
ATEC,2018-12-31,2.405,2.489,2.18,2.29,0.04,+1.78%,98000
ATEC,2019-01-02,2.26,2.28,2.15,2.23,-0.06,-2.62%,32100
ATEC,2019-01-03,2.22,2.26,2.16,2.16,-0.07,-3.14%,7700
ATEC,2019-01-04,2.17,2.36,2.17,2.2,0.04,+1.85%,82400
ATEC,2019-01-07,2.2,2.2,2.01,2.03,-0.17,-7.73%,164100
ATEC,2019-01-08,2.03,2.14,2.01,2.05,0.02,+0.99%,106200
ATEC,2019-01-09,2.08,2.15,2.02,2.05,0,0.00%,84300
ATEC,2019-01-10,2.04,2.085,1.97,1.98,-0.07,-3.41%,198100
ATEC,2019-01-11,1.98,2.1,1.95,1.95,-0.03,-1.52%,116300
ATEC,2019-01-14,1.96,2.03,1.77,1.85,-0.1,-5.13%,326600
ATEC,2019-01-15,1.89,1.925,1.8,1.84,-0.01,-0.54%,198900
ATEC,2019-01-16,1.85,1.9,1.78,1.82,-0.02,-1.09%,221700
ATEC,2019-01-17,1.84,1.88,1.75,1.78,-0.04,-2.20%,127900
ATEC,2019-01-18,1.81,1.81,1.7,1.72,-0.06,-3.37%,109400
ATEC,2019-01-22,1.75,1.775,1.615,1.65,-0.07,-4.07%,204000
ATEC,2019-01-23,1.66,1.71,1.51,1.59,-0.06,-3.64%,207500
ATEC,2019-01-24,1.6,1.68,1.58,1.6,0.01,+0.63%,364600
ATEC,2019-01-25,1.69,1.7,1.59,1.61,0.01,+0.63%,120800
ATEC,2019-01-28,1.67,1.67,1.58,1.62,0.01,+0.62%,299000
ATEC,2019-01-29,1.63,1.64,1.58,1.585,-0.035,-2.16%,75500
ATEC,2019-01-30,1.58,1.61,1.5,1.53,-0.055,-3.47%,253700
ATEC,2019-01-31,1.53,1.58,1.2,1.3,-0.23,-15.03%,4604600
ATEC,2019-02-01,1.33,1.38,1.28,1.3,0,0.00%,926800
ATEC,2019-02-04,1.33,1.36,1.3,1.33,0.03,+2.31%,363700
ATEC,2019-02-05,1.35,1.37,1.29,1.31,-0.02,-1.50%,421900
ATEC,2019-02-06,1.32,1.32,1.26,1.28,-0.03,-2.29%,140100
ATEC,2019-02-07,1.28,1.28,1.19,1.19,-0.09,-7.03%,767900
ATEC,2019-02-08,1.2,1.27,1.18,1.2,0.01,+0.84%,681600
ATEC,2019-02-11,1.28,1.45,1.23,1.39,0.19,+15.83%,874000
ATEC,2019-02-12,1.48,1.63,1.4,1.58,0.19,+13.67%,1296800
ATEC,2019-02-13,1.62,1.62,1.45,1.51,-0.07,-4.43%,420800
ATEC,2019-02-14,1.52,1.52,1.38,1.42,-0.09,-5.96%,192200
ATEC,2019-02-15,1.42,1.44,1.4,1.4,-0.02,-1.41%,117500
ATEC,2019-02-19,1.41,1.43,1.38,1.4,0,0.00%,257600
ATEC,2019-02-20,1.42,1.42,1.37,1.4,0,0.00%,289400
ATEC,2019-02-21,1.45,1.46,1.41,1.42,0.02,+1.43%,199600
ATEC,2019-02-22,1.43,1.46,1.4,1.46,0.04,+2.82%,198700
ATEC,2019-02-25,1.89,2,1.51,1.59,0.13,+8.90%,5865700
ATEC,2019-02-26,1.6,1.64,1.45,1.62,0.03,+1.89%,903400
ATEC,2019-02-27,1.65,1.66,1.54,1.6,-0.02,-1.23%,285400
ATEC,2019-02-28,1.6,1.6,1.54,1.59,-0.01,-0.63%,156000
ATEC,2019-03-01,1.6,1.68,1.56,1.61,0.02,+1.26%,293300
ATEC,2019-03-04,1.65,2.11,1.64,2.02,0.41,+25.47%,1460200
ATEC,2019-03-05,1.97,2.15,1.9217,2.12,0.1,+4.95%,670600
ATEC,2019-03-06,2.15,2.32,2.05,2.17,0.05,+2.36%,718300
ATEC,2019-03-07,2.17,2.448,2.07,2.33,0.16,+7.37%,808500
ATEC,2019-03-08,2.26,2.515,2.18,2.49,0.16,+6.87%,812600
ATEC,2019-03-11,2.48,2.71,2.4,2.6,0.11,+4.42%,517500
ATEC,2019-03-12,2.6,2.6009,2.3,2.53,-0.07,-2.69%,541700
ATEC,2019-03-13,2.62,2.75,2.62,2.7,0.17,+6.72%,497300
ATEC,2019-03-14,2.73,2.91,2.65,2.9,0.2,+7.41%,309900
ATEC,2019-03-15,2.9,2.93,2.74,2.92,0.02,+0.69%,260800
ATEC,2019-03-18,2.9,2.9338,2.72,2.75,-0.17,-5.82%,205900
ATEC,2019-03-19,2.79,2.85,2.735,2.74,-0.01,-0.36%,189300
ATEC,2019-03-20,2.74,2.78,2.65,2.78,0.04,+1.46%,143600
ATEC,2019-03-21,2.76,2.81,2.7,2.7,-0.08,-2.88%,116800
ATEC,2019-03-22,2.7,2.7,2.52,2.64,-0.06,-2.22%,339900
ATEC,2019-03-25,2.64,2.71,2.51,2.67,0.03,+1.14%,233600
ATEC,2019-03-26,2.67,2.8,2.61,2.75,0.08,+3.00%,197200
ATEC,2019-03-27,2.75,2.8,2.71,2.76,0.01,+0.36%,150900
ATEC,2019-03-28,2.74,2.75,2.5672,2.58,-0.18,-6.52%,115900
ATEC,2019-03-29,2.6,2.74,2.53,2.65,0.07,+2.71%,160400
ATEC,2019-04-01,2.69,2.77,2.6,2.7,0.05,+1.89%,117600
ATEC,2019-04-02,2.7,2.74,2.61,2.74,0.04,+1.48%,368200
ATEC,2019-04-03,2.75,2.89,2.63,2.73,-0.01,-0.36%,215200
ATEC,2019-04-04,2.67,2.87,2.67,2.7,-0.03,-1.10%,170800
ATEC,2019-04-05,2.71,2.8442,2.6,2.65,-0.05,-1.85%,105500
ATEC,2019-04-08,2.67,2.72,2.57,2.63,-0.02,-0.75%,125500
ATEC,2019-04-09,2.65,2.76,2.51,2.6,-0.03,-1.14%,112100
ATEC,2019-04-10,2.62,2.71,2.53,2.67,0.07,+2.69%,80500
ATEC,2019-04-11,2.67,2.85,2.62,2.72,0.05,+1.87%,105600
ATEC,2019-04-12,2.7,2.82,2.65,2.65,-0.07,-2.57%,138700
ATEC,2019-04-15,2.69,2.74,2.62,2.72,0.07,+2.64%,142700
ATEC,2019-04-16,2.67,2.76,2.66,2.72,0,0.00%,152900
ATEC,2019-04-17,2.72,2.72,2.67,2.68,-0.04,-1.47%,69300
ATEC,2019-04-18,2.69,2.7266,2.67,2.7,0.02,+0.75%,44100
ATEC,2019-04-22,2.71,2.81,2.67,2.8,0.1,+3.70%,71500
ATEC,2019-04-23,2.76,2.85,2.72,2.81,0.01,+0.36%,124500
ATEC,2019-04-24,2.82,3,2.77,2.92,0.11,+3.91%,188000
ATEC,2019-04-25,2.92,3.05,2.8,2.99,0.07,+2.40%,180100
ATEC,2019-04-26,3,3.19,2.92,3.15,0.16,+5.35%,267700
ATEC,2019-04-29,3.15,3.65,3.07,3.65,0.5,+15.87%,479200
ATEC,2019-04-30,3.75,4.25,3.63,4.25,0.6,+16.44%,1661800
ATEC,2019-05-01,4.17,4.17,3.81,3.94,-0.31,-7.29%,732100
ATEC,2019-05-02,3.98,4,3.42,3.565,-0.375,-9.52%,432100
ATEC,2019-05-03,3.57,3.84,3.52,3.76,0.195,+5.47%,165300
ATEC,2019-05-06,3.74,3.76,3.54,3.62,-0.14,-3.72%,202900
ATEC,2019-05-07,3.65,3.84,3.525,3.73,0.11,+3.04%,202700
ATEC,2019-05-08,3.77,3.95,3.67,3.87,0.14,+3.75%,273800
ATEC,2019-05-09,3.9,3.96,3.64,3.79,-0.08,-2.07%,324700
ATEC,2019-05-10,3.85,4.14,3.6582,4.08,0.29,+7.65%,644900
ATEC,2019-05-13,4,4.15,3.77,4.12,0.04,+0.98%,456600
ATEC,2019-05-14,4.15,4.49,3.96,4.48,0.36,+8.74%,1037900
ATEC,2019-05-15,4.45,4.7927,4.37,4.69,0.21,+4.69%,760400
ATEC,2019-05-16,4.75,4.77,4.25,4.44,-0.25,-5.33%,671800
ATEC,2019-05-17,4.45,4.5,4.09,4.15,-0.29,-6.53%,406000
ATEC,2019-05-20,4.15,4.38,4.1082,4.22,0.07,+1.69%,256900
ATEC,2019-05-21,4.21,4.24,4.06,4.09,-0.13,-3.08%,114600
ATEC,2019-05-22,3.99,4.07,3.83,3.88,-0.21,-5.13%,327300
ATEC,2019-05-23,3.81,3.929,3.6,3.9,0.02,+0.52%,314200
ATEC,2019-05-24,3.92,4.15,3.92,4.07,0.17,+4.36%,154200
ATEC,2019-05-28,4.08,4.11,3.93,3.94,-0.13,-3.19%,64300
ATEC,2019-05-29,3.94,4.07,3.82,3.87,-0.07,-1.78%,95400
ATEC,2019-05-30,3.9,3.98,3.88,3.95,0.08,+2.07%,154800
ATEC,2019-05-31,3.91,3.98,3.81,3.94,-0.01,-0.25%,111900
ATEC,2019-06-03,3.95,4.03,3.7,3.72,-0.22,-5.58%,107900
ATEC,2019-06-04,3.72,3.99,3.72,3.93,0.21,+5.65%,117500
ATEC,2019-06-05,3.98,4.2,3.93,4.1,0.17,+4.33%,169500
ATEC,2019-06-06,4.09,4.39,4.0577,4.07,-0.03,-0.73%,217600
ATEC,2019-06-07,4.1,4.29,4.08,4.21,0.14,+3.44%,226000
ATEC,2019-06-10,4.23,4.71,4.18,4.58,0.37,+8.79%,336500
ATEC,2019-06-11,4.59,4.6143,4.32,4.46,-0.12,-2.62%,191500
ATEC,2019-06-12,4.47,4.64,4.46,4.57,0.11,+2.47%,189700
ATEC,2019-06-13,4.58,4.85,4.495,4.77,0.2,+4.38%,481400
ATEC,2019-06-14,4.8,4.8053,4.501,4.72,-0.05,-1.05%,228600
ATEC,2019-06-17,4.74,4.76,4.52,4.58,-0.14,-2.97%,218000
ATEC,2019-06-18,4.6,4.6,4.36,4.39,-0.19,-4.15%,276600
ATEC,2019-06-19,4.42,4.48,4.39,4.39,0,0.00%,97800
ATEC,2019-06-20,4.44,4.49,4.15,4.38,-0.01,-0.23%,189100
ATEC,2019-06-21,4.4,4.43,4.21,4.37,-0.01,-0.23%,103700
ATEC,2019-06-24,4.36,4.38,4.22,4.22,-0.15,-3.43%,128600
ATEC,2019-06-25,4.22,4.38,4.04,4.07,-0.15,-3.55%,292900
ATEC,2019-06-26,4.6,4.6,4.1,4.29,0.22,+5.41%,162300
ATEC,2019-06-27,4.3,4.36,4.21,4.33,0.04,+0.93%,360100
ATEC,2019-06-28,4.38,4.65,4.33,4.54,0.21,+4.85%,3255200
ATEC,2019-07-01,4.68,4.84,4.53,4.655,0.115,+2.53%,656100
ATEC,2019-07-02,4.65,4.68,4.54,4.65,-0.005,-0.11%,201000
ATEC,2019-07-03,4.71,4.71,4.61,4.67,0.02,+0.43%,75900
ATEC,2019-07-05,4.67,4.79,4.21,4.27,-0.4,-8.57%,357600
ATEC,2019-07-08,4.31,4.58,4.27,4.41,0.14,+3.28%,377700
ATEC,2019-07-09,4.42,4.62,4.4,4.59,0.18,+4.08%,245300
ATEC,2019-07-10,4.64,4.64,4.48,4.55,-0.04,-0.87%,258100
ATEC,2019-07-11,4.58,4.58,4.4,4.45,-0.1,-2.20%,123200
ATEC,2019-07-12,4.48,4.5,4.31,4.35,-0.1,-2.25%,180200
ATEC,2019-07-15,4.42,4.52,4.36,4.44,0.09,+2.07%,151600
ATEC,2019-07-16,4.46,4.46,4.06,4.29,-0.15,-3.38%,443600
ATEC,2019-07-17,4.56,4.72,4.3,4.69,0.4,+9.32%,422500
ATEC,2019-07-18,4.7,4.95,4.61,4.64,-0.05,-1.07%,356400
ATEC,2019-07-19,4.61,4.67,4.46,4.49,-0.15,-3.23%,278600
ATEC,2019-07-22,4.57,4.63,4.4,4.6,0.11,+2.45%,211300
ATEC,2019-07-23,4.65,4.6871,4.52,4.61,0.01,+0.22%,145900
ATEC,2019-07-24,4.63,4.72,4.43,4.6,-0.01,-0.22%,258900
ATEC,2019-07-25,4.75,5.24,4.51,5.04,0.44,+9.57%,1408100
ATEC,2019-07-26,5.12,5.46,5.12,5.17,0.13,+2.58%,700600
ATEC,2019-07-29,5.24,5.2889,4.8801,5,-0.17,-3.29%,402500
ATEC,2019-07-30,4.94,5.2,4.82,5.06,0.06,+1.20%,503000
ATEC,2019-07-31,4.81,5.05,4.62,4.7,-0.36,-7.11%,3105700
ATEC,2019-08-01,4.74,4.93,4.7,4.77,0.07,+1.49%,451900
ATEC,2019-08-02,4.84,4.89,4.66,4.8,0.03,+0.63%,284600
ATEC,2019-08-05,4.99,5.3,4.75,5.18,0.38,+7.92%,944300
ATEC,2019-08-06,5.34,5.47,5.09,5.2,0.02,+0.39%,705400
ATEC,2019-08-07,5.17,5.5,5.12,5.43,0.23,+4.42%,835000
ATEC,2019-08-08,5.46,5.96,5.45,5.8,0.37,+6.81%,994900
ATEC,2019-08-09,5.76,6,5.66,5.87,0.07,+1.21%,1850400
ATEC,2019-08-12,5.87,6.25,5.73,6.22,0.35,+5.96%,822900
ATEC,2019-08-13,6.21,6.35,5.91,6.16,-0.06,-0.96%,809200
ATEC,2019-08-14,6.19,6.19,5.9,5.92,-0.24,-3.90%,464900
ATEC,2019-08-15,5.93,6.02,5.4,5.73,-0.19,-3.21%,514500
ATEC,2019-08-16,5.73,6.11,5.73,6.01,0.28,+4.89%,467900
ATEC,2019-08-19,6.06,6.29,6.02,6.2,0.19,+3.16%,433300
ATEC,2019-08-20,6.2,6.22,6.01,6.13,-0.07,-1.13%,422500
ATEC,2019-08-21,6.16,6.2,5.89,5.99,-0.14,-2.28%,296000
ATEC,2019-08-22,5.99,6.02,5.82,5.9,-0.09,-1.50%,263700
ATEC,2019-08-23,5.9,6,5.79,5.82,-0.08,-1.36%,499000
ATEC,2019-08-26,5.81,5.86,5.38,5.4,-0.42,-7.22%,662000
ATEC,2019-08-27,5.51,5.69,5.16,5.27,-0.13,-2.41%,648500
ATEC,2019-08-28,5.41,5.629,5.31,5.36,0.09,+1.71%,864800
ATEC,2019-08-29,5.4,5.4,5.15,5.2,-0.16,-2.99%,319800
ATEC,2019-08-30,5.3,5.3,5.1,5.23,0.03,+0.58%,260600
ATEC,2019-09-03,5.16,5.27,4.9,5.02,-0.21,-4.02%,333500
ATEC,2019-09-04,5.08,5.16,5,5.05,0.03,+0.60%,238900
ATEC,2019-09-05,5.09,5.34,5.0314,5.29,0.24,+4.75%,241100
ATEC,2019-09-06,5.29,5.34,5.17,5.2,-0.09,-1.70%,110500
ATEC,2019-09-09,5.2,5.28,5.07,5.12,-0.08,-1.54%,223400
ATEC,2019-09-10,5.1,5.28,5.03,5.15,0.03,+0.59%,362100
ATEC,2019-09-11,5.15,5.3296,5.09,5.16,0.01,+0.19%,250800
ATEC,2019-09-12,5.17,5.37,5.15,5.33,0.17,+3.29%,218500
ATEC,2019-09-13,5.36,5.67,5.36,5.6,0.27,+5.07%,376400
ATEC,2019-09-16,5.58,5.83,5.48,5.67,0.07,+1.25%,331400
ATEC,2019-09-17,5.69,5.81,5.47,5.52,-0.15,-2.65%,186300
ATEC,2019-09-18,5.53,5.84,5.48,5.71,0.19,+3.44%,385700
ATEC,2019-09-19,5.73,5.95,5.7,5.88,0.17,+2.98%,448300
ATEC,2019-09-20,5.86,5.97,5.61,5.66,-0.22,-3.74%,1451500
ATEC,2019-09-23,5.65,5.78,5.48,5.7,0.04,+0.71%,510600
ATEC,2019-09-24,5.71,5.81,5.35,5.49,-0.21,-3.68%,392100
ATEC,2019-09-25,5.52,5.52,5.24,5.31,-0.18,-3.28%,285400
ATEC,2019-09-26,5.3,5.32,5.08,5.15,-0.16,-3.01%,233800
ATEC,2019-09-27,5.27,5.27,5,5.13,-0.02,-0.39%,220800
ATEC,2019-09-30,5.13,5.2,5,5.02,-0.11,-2.14%,403800
ATEC,2019-10-01,5.03,5.12,4.83,4.89,-0.13,-2.59%,361300
ATEC,2019-10-02,4.88,4.88,4.76,4.865,-0.025,-0.51%,249100
ATEC,2019-10-03,4.86,4.98,4.78,4.98,0.115,+2.36%,239400
ATEC,2019-10-04,4.99,5.22,4.83,4.96,-0.02,-0.40%,184800
ATEC,2019-10-07,4.96,4.9693,4.75,4.79,-0.17,-3.43%,223000
ATEC,2019-10-08,4.81,4.81,4.63,4.77,-0.02,-0.42%,339100
ATEC,2019-10-09,4.8,4.89,4.58,4.82,0.05,+1.05%,363200
ATEC,2019-10-10,4.73,5.03,4.73,4.975,0.155,+3.22%,261500
ATEC,2019-10-11,5,5.22,4.96,5.05,0.075,+1.51%,290700
ATEC,2019-10-14,5.06,5.21,5.01,5.18,0.13,+2.57%,314200
ATEC,2019-10-15,5.17,5.45,5.1,5.26,0.08,+1.54%,225800
ATEC,2019-10-16,5.23,5.49,5.17,5.37,0.11,+2.09%,164700
ATEC,2019-10-17,5.38,5.53,5.35,5.48,0.11,+2.05%,156700
ATEC,2019-10-18,5.52,5.6,5.28,5.38,-0.1,-1.82%,272500
ATEC,2019-10-21,5.44,5.6,5.4,5.49,0.11,+2.04%,210900
ATEC,2019-10-22,5.44,5.765,5.44,5.7,0.21,+3.83%,362400
ATEC,2019-10-23,5.7,6,5.65,5.89,0.19,+3.33%,654700
ATEC,2019-10-24,5.89,5.9669,5.67,5.77,-0.12,-2.04%,156500
ATEC,2019-10-25,5.74,5.89,5.71,5.76,-0.01,-0.17%,250200
ATEC,2019-10-28,5.75,5.92,5.75,5.8,0.04,+0.69%,373700
ATEC,2019-10-29,5.84,5.99,5.76,5.97,0.17,+2.93%,354600
ATEC,2019-10-30,6.02,6.475,5.9588,6.19,0.22,+3.69%,644000
ATEC,2019-10-31,6.24,6.95,6.09,6.88,0.69,+11.15%,1409800
ATEC,2019-11-01,6.8,7.06,6.59,6.71,-0.17,-2.47%,598800
ATEC,2019-11-04,6.83,7.14,6.73,6.93,0.22,+3.28%,970900
ATEC,2019-11-05,7.02,7.24,6.817,7.05,0.12,+1.73%,524300
ATEC,2019-11-06,7,7.17,6.8,6.84,-0.21,-2.98%,394100
ATEC,2019-11-07,6.87,7.06,6.8,6.87,0.03,+0.44%,420000
ATEC,2019-11-08,6.87,6.98,6.71,6.74,-0.13,-1.89%,359400
ATEC,2019-11-11,6.58,6.73,6.44,6.55,-0.19,-2.82%,331300
ATEC,2019-11-12,6.56,6.88,6.56,6.86,0.31,+4.73%,307400
ATEC,2019-11-13,7.05,7.05,6.76,6.97,0.11,+1.60%,204600
ATEC,2019-11-14,6.75,7.06,6.75,6.92,-0.05,-0.72%,267200
ATEC,2019-11-15,6.97,7.22,6.9,7.18,0.26,+3.76%,353500
ATEC,2019-11-18,7.2,7.46,7.09,7.37,0.19,+2.65%,439800
ATEC,2019-11-19,7.37,7.68,7.26,7.28,-0.09,-1.22%,449700
ATEC,2019-11-20,7.26,7.55,7.2,7.53,0.25,+3.43%,473200
ATEC,2019-11-21,7.53,7.58,7.13,7.17,-0.36,-4.78%,263100
ATEC,2019-11-22,7.21,7.33,7.1616,7.28,0.11,+1.53%,232300
ATEC,2019-11-25,7.31,7.49,7.07,7.1,-0.18,-2.47%,377800
ATEC,2019-11-26,7.07,7.14,6.68,7.08,-0.02,-0.28%,254500
ATEC,2019-11-27,7.1,7.24,6.93,7.23,0.15,+2.12%,184400
ATEC,2019-11-29,7.08,7.1571,6.95,7.05,-0.18,-2.49%,123800
ATEC,2019-12-02,7,7.04,6.81,6.85,-0.2,-2.84%,298200
ATEC,2019-12-03,6.77,7.04,6.74,6.88,0.03,+0.44%,585000
ATEC,2019-12-04,6.91,6.96,6.81,6.89,0.01,+0.15%,226300
ATEC,2019-12-05,6.9,6.98,6.83,6.875,-0.015,-0.22%,213700
ATEC,2019-12-06,6.89,6.93,6.68,6.72,-0.155,-2.25%,248000
ATEC,2019-12-09,6.73,6.79,6.56,6.6,-0.12,-1.79%,272200
ATEC,2019-12-10,6.6,6.71,6.45,6.57,-0.03,-0.45%,305300
ATEC,2019-12-11,6.58,6.601,6.46,6.51,-0.06,-0.91%,220300
ATEC,2019-12-12,6.48,6.6,6.37,6.56,0.05,+0.77%,309400
ATEC,2019-12-13,6.56,6.6154,6.5,6.57,0.01,+0.15%,136900
ATEC,2019-12-16,6.57,6.98,6.528,6.91,0.34,+5.18%,251100
ATEC,2019-12-17,7.06,7.71,7.06,7.65,0.74,+10.71%,687000
ATEC,2019-12-18,7.69,7.7499,7.24,7.45,-0.2,-2.61%,407600
ATEC,2019-12-19,7.54,7.6,7.095,7.21,-0.24,-3.22%,275000
ATEC,2019-12-20,7.21,7.25,6.96,7.02,-0.19,-2.64%,275400
ATEC,2019-12-23,7.02,7.14,6.91,7.05,0.03,+0.43%,141500
ATEC,2019-12-24,7.18,7.24,6.96,7.11,0.06,+0.85%,136100
ATEC,2019-12-26,7.13,7.35,7.11,7.27,0.16,+2.25%,163000
ATEC,2019-12-27,7.35,7.35,7.05,7.09,-0.18,-2.48%,210300
ATEC,2019-12-30,7.09,7.22,6.95,7.05,-0.04,-0.56%,548100
ATEC,2019-12-31,7.02,7.15,6.82,7.095,0.045,+0.64%,808100
ATEC,2020-01-02,7.13,7.17,6.73,6.97,-0.125,-1.76%,462100
ATEC,2020-01-03,6.9,6.97,6.74,6.82,-0.15,-2.15%,223500
ATEC,2020-01-06,6.76,7,6.63,6.85,0.03,+0.44%,167200
ATEC,2020-01-07,6.82,6.96,6.685,6.76,-0.09,-1.31%,173400
ATEC,2020-01-08,6.75,6.89,6.65,6.74,-0.02,-0.30%,195800
ATEC,2020-01-09,6.84,6.84,6.57,6.65,-0.09,-1.34%,232800
ATEC,2020-01-10,6.68,6.7176,6.47,6.47,-0.18,-2.71%,221600
ATEC,2020-01-13,6.85,7.59,6.74,7.355,0.885,+13.68%,806000
ATEC,2020-01-14,7.39,7.54,7.13,7.43,0.075,+1.02%,730100
ATEC,2020-01-15,7.46,7.93,7.08,7.29,-0.14,-1.88%,1069600
ATEC,2020-01-16,7.35,7.58,7.25,7.47,0.18,+2.47%,1156800
ATEC,2020-01-17,7.5,7.57,7.36,7.43,-0.04,-0.54%,353500
ATEC,2020-01-21,7.37,7.48,6.76,6.84,-0.59,-7.94%,428100
ATEC,2020-01-22,6.91,7.93,6.72,6.74,-0.1,-1.46%,672500
ATEC,2020-01-23,6.79,7.07,6.65,6.74,0,0.00%,470700
ATEC,2020-01-24,6.77,6.86,6.28,6.36,-0.38,-5.64%,674000
ATEC,2020-01-27,6.3,6.35,6.09,6.25,-0.11,-1.73%,844900
ATEC,2020-01-28,6.3,6.56,6.3,6.44,0.19,+3.04%,371200
ATEC,2020-01-29,6.45,6.83,6.21,6.8,0.36,+5.59%,608300
ATEC,2020-01-30,6.71,7.12,6.7,6.97,0.17,+2.50%,419900
ATEC,2020-01-31,6.93,7.15,6.69,6.96,-0.01,-0.14%,314000
ATEC,2020-02-03,6.99,7.1599,6.87,6.91,-0.05,-0.72%,323700
ATEC,2020-02-04,7,7.08,6.9,6.98,0.07,+1.01%,267400
ATEC,2020-02-05,7.02,7.02,6.6,6.62,-0.36,-5.16%,285600
ATEC,2020-02-06,6.65,6.79,6.5,6.73,0.11,+1.66%,288100
ATEC,2020-02-07,6.7,6.86,6.6,6.68,-0.05,-0.74%,379900
ATEC,2020-02-10,6.7,6.75,6.63,6.66,-0.02,-0.30%,315900
ATEC,2020-02-11,6.66,6.66,6.51,6.58,-0.08,-1.20%,282100
ATEC,2020-02-12,6.6,6.6113,6.45,6.49,-0.09,-1.37%,185400
ATEC,2020-02-13,6.48,6.54,6.38,6.4,-0.09,-1.39%,316200
ATEC,2020-02-14,6.4,6.97,6.34,6.89,0.49,+7.66%,388500
ATEC,2020-02-18,6.82,6.9767,6.68,6.73,-0.16,-2.32%,169400
ATEC,2020-02-19,6.73,6.93,6.7263,6.8,0.07,+1.04%,239300
ATEC,2020-02-20,6.8,6.825,6.51,6.675,-0.125,-1.84%,290300
ATEC,2020-02-21,6.66,6.68,6.51,6.64,-0.035,-0.52%,153900
ATEC,2020-02-24,6.49,6.6122,6.43,6.56,-0.08,-1.20%,180300
ATEC,2020-02-25,6.58,6.6495,6.2,6.22,-0.34,-5.18%,382800
ATEC,2020-02-26,6.22,6.35,6.02,6.1,-0.12,-1.93%,262000
ATEC,2020-02-27,6,6.36,5.58,6.26,0.16,+2.62%,836900
ATEC,2020-02-28,5.15,6.14,4.35,5.85,-0.41,-6.55%,947200
ATEC,2020-03-02,6.01,6.77,6.01,6.4,0.55,+9.40%,1024300
ATEC,2020-03-03,6.37,6.5799,5.8,5.84,-0.56,-8.75%,671200
ATEC,2020-03-04,6.02,6.1699,5.84,6.06,0.22,+3.77%,396600
ATEC,2020-03-05,5.96,6.35,5.855,5.92,-0.14,-2.31%,575800
ATEC,2020-03-06,5.8,5.88,5.36,5.55,-0.37,-6.25%,869400
ATEC,2020-03-09,5.1,5.2,4.74,4.91,-0.64,-11.53%,1014500
ATEC,2020-03-10,5.21,5.25,4.75,4.8,-0.11,-2.24%,888300
ATEC,2020-03-11,4.72,4.82,4.305,4.41,-0.39,-8.13%,860400
ATEC,2020-03-12,3.75,3.9601,3.44,3.51,-0.9,-20.41%,1715200
ATEC,2020-03-13,3.84,3.978,3.74,3.88,0.37,+10.54%,1177800
ATEC,2020-03-16,3.51,3.74,3.2,3.32,-0.56,-14.43%,1431800
ATEC,2020-03-17,3.46,3.5,2.89,3.05,-0.27,-8.13%,1545900
ATEC,2020-03-18,2.82,2.94,2.3,2.31,-0.74,-24.26%,1289100
ATEC,2020-03-19,2.34,2.72,2.31,2.44,0.13,+5.63%,1167700
ATEC,2020-03-20,2.51,2.75,2.32,2.35,-0.09,-3.69%,1128400
ATEC,2020-03-23,2.38,2.48,2.19,2.26,-0.09,-3.83%,917100
ATEC,2020-03-24,2.55,3,2.52,2.72,0.46,+20.35%,1262800
ATEC,2020-03-25,2.87,3.245,2.71,3.05,0.33,+12.13%,1502000
ATEC,2020-03-26,3.16,3.72,3.08,3.7,0.65,+21.31%,1289100
ATEC,2020-03-27,3.65,3.78,3.3,3.78,0.08,+2.16%,1405200
ATEC,2020-03-30,3.64,3.73,3.5,3.6,-0.18,-4.76%,503600
ATEC,2020-03-31,3.57,3.69,3.32,3.45,-0.15,-4.17%,743000
ATEC,2020-04-01,3.23,3.4,3.02,3.05,-0.4,-11.59%,447200
ATEC,2020-04-02,3.1,3.34,3.1,3.22,0.17,+5.57%,476100
ATEC,2020-04-03,3.2,3.28,3.08,3.2,-0.02,-0.62%,481000
ATEC,2020-04-06,3.4,3.62,3.3,3.58,0.38,+11.88%,524100
ATEC,2020-04-07,3.74,3.74,3.4,3.57,-0.01,-0.28%,718600
ATEC,2020-04-08,3.64,4.105,3.57,4.04,0.47,+13.17%,829600
ATEC,2020-04-09,4.18,4.18,3.78,3.94,-0.1,-2.48%,656700
ATEC,2020-04-13,3.98,4.0099,3.6,3.93,-0.01,-0.25%,488900
ATEC,2020-04-14,4.05,4.32,4.03,4.09,0.16,+4.07%,651800
ATEC,2020-04-15,3.83,4.0182,3.76,3.8,-0.29,-7.09%,557300
ATEC,2020-04-16,3.8,3.86,3.53,3.58,-0.22,-5.79%,663800
ATEC,2020-04-17,3.81,3.8228,3.54,3.625,0.045,+1.26%,569800
ATEC,2020-04-20,3.55,3.66,3.46,3.54,-0.085,-2.34%,608800
ATEC,2020-04-21,3.45,3.61,3.38,3.53,-0.01,-0.28%,463300
ATEC,2020-04-22,3.59,3.84,3.5,3.76,0.23,+6.52%,561800
ATEC,2020-04-23,3.79,3.93,3.76,3.79,0.03,+0.80%,341300
ATEC,2020-04-24,3.81,3.845,3.66,3.83,0.04,+1.06%,344900
ATEC,2020-04-27,3.87,4.2,3.8,3.94,0.11,+2.87%,767600
ATEC,2020-04-28,4.11,4.69,4.03,4.54,0.6,+15.23%,989900
ATEC,2020-04-29,4.68,4.98,4.43,4.91,0.37,+8.15%,676200
ATEC,2020-04-30,4.85,4.93,4.485,4.53,-0.38,-7.74%,1046500
ATEC,2020-05-01,4.35,4.555,4.24,4.45,-0.08,-1.77%,490500
ATEC,2020-05-04,4.41,4.49,4.29,4.39,-0.06,-1.35%,179300
ATEC,2020-05-05,4.52,4.61,4.38,4.43,0.04,+0.91%,223700
ATEC,2020-05-06,4.39,4.5265,4.3,4.3,-0.13,-2.93%,213900
ATEC,2020-05-07,4.4,4.67,4.33,4.66,0.36,+8.37%,283800
ATEC,2020-05-08,4.63,4.98,4.63,4.88,0.22,+4.72%,329500
ATEC,2020-05-11,4.77,4.84,4.39,4.58,-0.3,-6.15%,365500
ATEC,2020-05-12,4.64,4.85,4.3299,4.49,-0.09,-1.97%,699100
ATEC,2020-05-13,4.5,4.5,4.05,4.06,-0.43,-9.58%,612100
ATEC,2020-05-14,4.01,4.13,3.76,4.03,-0.03,-0.74%,640800
ATEC,2020-05-15,4.03,4.24,3.986,4.2,0.17,+4.22%,218500
ATEC,2020-05-18,4.36,4.565,4.31,4.56,0.36,+8.57%,459200
ATEC,2020-05-19,4.54,4.54,4.2,4.2,-0.36,-7.89%,491300
ATEC,2020-05-20,4.34,4.51,4.28,4.39,0.19,+4.52%,227900
ATEC,2020-05-21,4.39,4.5,4.24,4.47,0.08,+1.82%,127100
ATEC,2020-05-22,4.48,4.58,4.36,4.56,0.09,+2.01%,150000
ATEC,2020-05-26,4.76,4.9,4.55,4.6,0.04,+0.88%,415000
ATEC,2020-05-27,4.65,4.72,4.33,4.68,0.08,+1.74%,209100
ATEC,2020-05-28,4.72,4.73,4.39,4.4,-0.28,-5.98%,178800
ATEC,2020-05-29,4.37,4.57,4.32,4.45,0.05,+1.14%,247200
ATEC,2020-06-01,4.46,4.67,4.36,4.57,0.12,+2.70%,268400
ATEC,2020-06-02,4.62,4.83,4.565,4.65,0.08,+1.75%,250700
ATEC,2020-06-03,4.75,4.98,4.645,4.94,0.29,+6.24%,320400
ATEC,2020-06-04,5.08,5.72,5,5.47,0.53,+10.73%,638100
ATEC,2020-06-05,5.65,5.74,5.08,5.59,0.12,+2.19%,823500
ATEC,2020-06-08,5.67,5.67,5.3,5.41,-0.18,-3.22%,357400
ATEC,2020-06-09,5.31,5.43,5.21,5.33,-0.08,-1.48%,171700
ATEC,2020-06-10,5.33,5.3449,5.04,5.16,-0.17,-3.19%,347400
ATEC,2020-06-11,4.92,5.09,4.68,4.72,-0.44,-8.53%,602600
ATEC,2020-06-12,4.96,5.23,4.8,4.96,0.24,+5.08%,377400
ATEC,2020-06-15,4.92,5.25,4.79,5.23,0.27,+5.44%,292400
ATEC,2020-06-16,5.33,5.42,4.99,5.02,-0.21,-4.02%,349000
ATEC,2020-06-17,5.05,5.1557,4.74,4.88,-0.14,-2.79%,374700
ATEC,2020-06-18,5.24,5.24,4.78,4.78,-0.1,-2.05%,308100
ATEC,2020-06-19,4.9,5.27,4.89,5.15,0.37,+7.74%,513300
ATEC,2020-06-22,5.14,5.24,5.01,5.16,0.01,+0.19%,324300
ATEC,2020-06-23,5.25,5.28,5.1,5.18,0.02,+0.39%,318500
ATEC,2020-06-24,5.07,5.13,4.85,4.87,-0.31,-5.98%,375100
ATEC,2020-06-25,4.85,5,4.55,4.6,-0.27,-5.54%,647500
ATEC,2020-06-26,4.6,4.68,4.38,4.4,-0.2,-4.35%,1247500
ATEC,2020-06-29,4.46,4.82,4.4472,4.65,0.25,+5.68%,310000
ATEC,2020-06-30,4.62,4.78,4.58,4.7,0.05,+1.08%,306100
ATEC,2020-07-01,4.68,4.82,4.52,4.695,-0.005,-0.11%,923500
ATEC,2020-07-02,4.8,5.05,4.7,4.96,0.265,+5.64%,318900
ATEC,2020-07-06,4.99,5.04,4.68,4.68,-0.28,-5.65%,276600
ATEC,2020-07-07,4.68,4.76,4.54,4.545,-0.135,-2.88%,207300
ATEC,2020-07-08,4.55,4.64,4.42,4.48,-0.065,-1.43%,319400
ATEC,2020-07-09,4.5,4.59,4.37,4.43,-0.05,-1.12%,258200
ATEC,2020-07-10,4.42,4.6,4.31,4.45,0.02,+0.45%,192800
ATEC,2020-07-13,4.5,4.61,4.39,4.5,0.05,+1.12%,228000
ATEC,2020-07-14,4.56,4.8701,4.52,4.86,0.36,+8.00%,465700
ATEC,2020-07-15,5.02,5.26,4.92,5.11,0.25,+5.14%,591900
ATEC,2020-07-16,5.06,5.06,4.84,4.93,-0.18,-3.52%,234400
ATEC,2020-07-17,4.93,5.14,4.91,5.12,0.19,+3.85%,186500
ATEC,2020-07-20,5.1,5.13,4.965,5.06,-0.06,-1.17%,191300
ATEC,2020-07-21,5.11,5.2,5.011,5.17,0.11,+2.17%,285300
ATEC,2020-07-22,5.14,5.21,4.93,4.93,-0.24,-4.64%,177600
ATEC,2020-07-23,4.94,5.08,4.87,5.05,0.12,+2.43%,266800
ATEC,2020-07-24,4.95,5.17,4.84,5.1,0.05,+0.99%,197700
ATEC,2020-07-27,5.15,5.15,4.9973,5.12,0.02,+0.39%,612400
ATEC,2020-07-28,5.15,5.2,4.88,4.88,-0.24,-4.69%,187100
ATEC,2020-07-29,4.88,5.11,4.88,5.08,0.2,+4.10%,191900
ATEC,2020-07-30,4.99,5.16,4.91,5.14,0.06,+1.18%,156100
ATEC,2020-07-31,5.08,5.1299,4.87,4.97,-0.17,-3.31%,258900
ATEC,2020-08-03,4.99,5.35,4.99,5.04,0.07,+1.41%,461900
ATEC,2020-08-04,5.04,5.2328,4.96,5.16,0.12,+2.38%,195900
ATEC,2020-08-05,5.2,5.56,5.1823,5.55,0.39,+7.56%,374900
ATEC,2020-08-06,5.51,6.26,5.51,6.11,0.56,+10.09%,680000
ATEC,2020-08-07,6.05,6.94,5.82,6.76,0.65,+10.64%,1333600
ATEC,2020-08-10,6.68,6.8366,6.16,6.43,-0.33,-4.88%,579200
ATEC,2020-08-11,6.42,6.42,5.83,5.86,-0.57,-8.86%,538700
ATEC,2020-08-12,5.93,6.09,5.83,5.89,0.03,+0.51%,300300
ATEC,2020-08-13,5.85,6.08,5.79,6.03,0.14,+2.38%,240200
ATEC,2020-08-14,5.95,6.05,5.81,5.89,-0.14,-2.32%,137600
ATEC,2020-08-17,5.9,6.02,5.7663,5.78,-0.11,-1.87%,260200
ATEC,2020-08-18,5.8,5.88,5.72,5.76,-0.02,-0.35%,107600
ATEC,2020-08-19,5.75,5.97,5.51,5.87,0.11,+1.91%,264000
ATEC,2020-08-20,5.82,6.01,5.78,5.83,-0.04,-0.68%,197800
ATEC,2020-08-21,5.78,5.79,5.575,5.65,-0.18,-3.09%,159100
ATEC,2020-08-24,5.73,5.8,5.45,5.77,0.12,+2.12%,249600
ATEC,2020-08-25,5.79,5.79,5.4899,5.66,-0.11,-1.91%,473900
ATEC,2020-08-26,5.7,5.82,5.58,5.82,0.16,+2.83%,180600
ATEC,2020-08-27,5.79,5.86,5.67,5.84,0.02,+0.34%,96500
ATEC,2020-08-28,5.92,6.03,5.77,5.99,0.15,+2.57%,241200
ATEC,2020-08-31,5.98,6.07,5.87,5.99,0,0.00%,342300
ATEC,2020-09-01,5.98,6.59,5.85,6.5,0.51,+8.51%,477200
ATEC,2020-09-02,6.49,6.52,5.98,6.09,-0.41,-6.31%,527300
ATEC,2020-09-03,6.29,6.49,5.81,5.825,-0.265,-4.35%,351100
ATEC,2020-09-04,5.76,5.88,5.52,5.715,-0.11,-1.89%,335800
ATEC,2020-09-08,5.622,5.7659,5.5951,5.71,-0.005,-0.09%,143800
ATEC,2020-09-09,5.76,6.06,5.685,6.04,0.33,+5.78%,225700
ATEC,2020-09-10,6.1,6.228,5.96,6.135,0.095,+1.57%,235300
ATEC,2020-09-11,6.14,6.21,5.87,6,-0.135,-2.20%,153900
ATEC,2020-09-14,6.05,6.31,6.05,6.28,0.28,+4.67%,197300
ATEC,2020-09-15,6.31,6.37,5.93,6.08,-0.2,-3.18%,244200
ATEC,2020-09-16,6.14,6.25,5.99,6.1,0.02,+0.33%,230200
ATEC,2020-09-17,6.02,6.095,5.905,5.99,-0.11,-1.80%,181500
ATEC,2020-09-18,6.08,6.29,5.9718,6.17,0.18,+3.01%,686500
ATEC,2020-09-21,6,6.06,5.88,6,-0.17,-2.76%,297100
ATEC,2020-09-22,6.03,6.15,5.89,6.15,0.15,+2.50%,381300
ATEC,2020-09-23,6.13,6.31,5.98,6.19,0.04,+0.65%,359200
ATEC,2020-09-24,6.16,6.6,6.09,6.55,0.36,+5.82%,808300
ATEC,2020-09-25,6.5,6.9774,6.5,6.94,0.39,+5.95%,1017800
ATEC,2020-09-28,6.83,7.28,6.8,6.94,0,0.00%,980400
ATEC,2020-09-29,6.95,7.24,6.75,6.87,-0.07,-1.01%,586200
ATEC,2020-09-30,6.88,7.05,6.51,6.64,-0.23,-3.35%,501400
ATEC,2020-10-01,6.76,6.98,6.26,6.37,-0.27,-4.07%,438000
ATEC,2020-10-02,6.2,6.59,6.11,6.51,0.14,+2.20%,308200
ATEC,2020-10-05,6.53,6.81,6.53,6.7,0.19,+2.92%,288000
ATEC,2020-10-06,6.77,6.96,6.72,6.75,0.05,+0.75%,412100
ATEC,2020-10-07,6.85,6.97,6.76,6.88,0.13,+1.93%,826300
ATEC,2020-10-08,8.06,9.55,8.05,9.42,2.54,+36.92%,11222200
ATEC,2020-10-09,9.2,10.1,9.17,9.68,0.26,+2.76%,3540900
ATEC,2020-10-12,9.62,9.77,9.22,9.75,0.07,+0.72%,1383800
ATEC,2020-10-13,9.58,10.59,9.51,10.25,0.5,+5.13%,1782900
ATEC,2020-10-14,10.38,11.38,9.84,9.97,-0.28,-2.73%,7345600
ATEC,2020-10-15,9.96,10.85,9.96,10.28,0.31,+3.11%,2947400
ATEC,2020-10-16,10.26,10.359,9.855,10.105,-0.175,-1.70%,1868300
ATEC,2020-10-19,10.16,10.79,9.69,9.88,-0.225,-2.23%,1717500
ATEC,2020-10-20,10.33,10.5917,9.99,10,0.12,+1.21%,2246400
ATEC,2020-10-21,9.98,10.2594,9.49,9.75,-0.25,-2.50%,995800
ATEC,2020-10-22,9.86,10.15,8.8,9.35,-0.4,-4.10%,1672400
ATEC,2020-10-23,9.5,9.7,9.17,9.54,0.19,+2.03%,661100
ATEC,2020-10-26,9.43,9.43,8.77,8.89,-0.65,-6.81%,1224100
ATEC,2020-10-27,9.02,9.02,8.37,8.67,-0.22,-2.47%,1148600
ATEC,2020-10-28,8.28,8.72,8.27,8.46,-0.21,-2.42%,850700
ATEC,2020-10-29,8.46,9.12,8.34,8.97,0.51,+6.03%,628300
ATEC,2020-10-30,8.87,9.11,8.38,8.54,-0.43,-4.79%,773600
ATEC,2020-11-02,8.69,8.69,8.32,8.49,-0.05,-0.59%,344800
ATEC,2020-11-03,8.63,9.44,8.61,9.34,0.85,+10.01%,720000
ATEC,2020-11-04,9.29,9.7,9,9.29,-0.05,-0.54%,778500
ATEC,2020-11-05,9.41,9.71,9.19,9.38,0.09,+0.97%,789900
ATEC,2020-11-06,9.85,10.47,9.4248,10.16,0.78,+8.32%,1855200
ATEC,2020-11-09,10.63,11,9.63,9.82,-0.34,-3.35%,1519500
ATEC,2020-11-10,9.83,9.95,9.5,9.73,-0.09,-0.92%,719400
ATEC,2020-11-11,9.74,9.91,9.26,9.63,-0.1,-1.03%,881700
ATEC,2020-11-12,9.53,10.08,9.53,9.91,0.28,+2.91%,424800
ATEC,2020-11-13,10.03,10.31,9.84,10.27,0.36,+3.63%,489900
ATEC,2020-11-16,10.4,10.5,9.8757,9.97,-0.3,-2.92%,400800
ATEC,2020-11-17,9.95,10.48,9.69,10.22,0.25,+2.51%,613700
ATEC,2020-11-18,10.22,10.78,10.07,10.57,0.35,+3.42%,1151100
ATEC,2020-11-19,10.61,10.82,10.03,10.31,-0.26,-2.46%,754100
ATEC,2020-11-20,10.23,10.99,10.23,10.8,0.49,+4.75%,763600
ATEC,2020-11-23,10.94,10.97,10.43,10.55,-0.25,-2.31%,861200
ATEC,2020-11-24,10.69,10.88,10.37,10.57,0.02,+0.19%,1237300
ATEC,2020-11-25,10.57,11.5099,10.47,10.95,0.38,+3.60%,2145600
ATEC,2020-11-27,11.1,11.28,9.3,10.6,-0.35,-3.20%,1650700
ATEC,2020-11-30,10.57,10.645,9.77,10.5,-0.1,-0.94%,1370100
ATEC,2020-12-01,10.68,10.71,10.2,10.23,-0.27,-2.57%,575700
ATEC,2020-12-02,10.23,10.5,10.05,10.46,0.23,+2.25%,702700
ATEC,2020-12-03,10.44,11.04,10.325,10.935,0.475,+4.54%,775200
ATEC,2020-12-04,10.96,11.4,10.6,11.34,0.405,+3.70%,926000
ATEC,2020-12-07,11.59,11.97,11.41,11.89,0.55,+4.85%,1190200
ATEC,2020-12-08,11.97,12.29,11.6,12.12,0.23,+1.93%,1335800
ATEC,2020-12-09,12.14,12.3,11.36,11.62,-0.5,-4.13%,860100
ATEC,2020-12-10,11.52,12.1,11.33,12.05,0.43,+3.70%,568700
ATEC,2020-12-11,12.04,12.3,11.36,11.59,-0.46,-3.82%,678400
ATEC,2020-12-14,11.61,12.22,11.58,11.68,0.09,+0.78%,625800
ATEC,2020-12-15,11.85,12.7,11.69,12.34,0.66,+5.65%,1113900
ATEC,2020-12-16,12.43,12.59,11.96,12.52,0.18,+1.46%,912800
ATEC,2020-12-17,12.67,13.98,12.58,13.48,0.96,+7.67%,1556800
ATEC,2020-12-18,13.79,14.39,13.69,13.91,0.43,+3.19%,4985600
ATEC,2020-12-21,13.77,14.211,13.155,13.72,-0.19,-1.37%,1073500
ATEC,2020-12-22,13.75,14.73,13.75,14.48,0.76,+5.54%,822300
ATEC,2020-12-23,14.5,14.6672,13.9797,14.105,-0.375,-2.59%,788800
ATEC,2020-12-24,14.13,14.4224,13.91,14.1,-0.005,-0.04%,289900
ATEC,2020-12-28,14.39,14.965,14.22,14.34,0.24,+1.70%,633100
ATEC,2020-12-29,14.36,14.47,13.75,14.18,-0.16,-1.12%,528400
ATEC,2020-12-30,14.16,14.76,14.16,14.47,0.29,+2.05%,656000
ATEC,2020-12-31,14.55,14.9,14.4,14.52,0.05,+0.35%,955900
ATEC,2021-01-04,14.3,14.75,13.27,14.04,-0.48,-3.31%,1210700
ATEC,2021-01-05,13.94,14.29,13.91,14.1,0.06,+0.43%,583200
ATEC,2021-01-06,14.05,14.45,13.75,13.9,-0.2,-1.42%,591000
ATEC,2021-01-07,13.9,14.26,13.33,13.355,-0.545,-3.92%,697500
ATEC,2021-01-08,13.42,13.65,12.96,13.375,0.02,+0.15%,694800
ATEC,2021-01-11,13.11,13.6,12.98,13.13,-0.245,-1.83%,355300
ATEC,2021-01-12,13.1,13.96,13,13.725,0.595,+4.53%,943600
ATEC,2021-01-13,13.8,14.04,13.6,13.99,0.265,+1.93%,856400
ATEC,2021-01-14,14,14.72,13.74,14.63,0.64,+4.57%,1005800
ATEC,2021-01-15,14.21,14.69,13.92,14.25,-0.38,-2.60%,695300
ATEC,2021-01-19,14.44,14.846,14.21,14.34,0.09,+0.63%,903200
ATEC,2021-01-20,14.5,14.87,14.28,14.87,0.53,+3.70%,541600
ATEC,2021-01-21,14.87,14.87,14.43,14.56,-0.31,-2.08%,460500
ATEC,2021-01-22,14.4,14.84,14.25,14.81,0.25,+1.72%,452000
ATEC,2021-01-25,14.86,15.1,14.1,14.92,0.11,+0.74%,996500
ATEC,2021-01-26,15,15.1,14.43,14.6,-0.32,-2.14%,581900
ATEC,2021-01-27,14.23,14.726,14.104,14.15,-0.45,-3.08%,631700
ATEC,2021-01-28,14.3,15.26,14.225,14.89,0.74,+5.23%,706200
ATEC,2021-01-29,15.14,15.15,14.5,14.88,-0.01,-0.07%,690200
ATEC,2021-02-01,15.12,15.2,14.61,15.1,0.22,+1.48%,316000
ATEC,2021-02-02,15.2,15.8711,15.0001,15.6,0.5,+3.31%,828700
ATEC,2021-02-03,15.8,16,14.9,14.9,-0.7,-4.49%,469900
ATEC,2021-02-04,14.95,15.67,14.56,15.21,0.31,+2.08%,490800
ATEC,2021-02-05,15.47,16.005,15.42,15.97,0.76,+5.00%,490800
ATEC,2021-02-08,16.08,16.25,15.5,15.73,-0.24,-1.50%,441200
ATEC,2021-02-09,15.81,15.9,15.085,15.81,0.08,+0.51%,398000
ATEC,2021-02-10,15.99,16.07,15.45,16.01,0.2,+1.27%,502200
ATEC,2021-02-11,16,16.36,15.6901,16.205,0.195,+1.22%,436700
ATEC,2021-02-12,16.16,16.62,15.92,16.41,0.205,+1.27%,268700
ATEC,2021-02-16,16.46,16.75,16.1,16.67,0.26,+1.58%,333100
ATEC,2021-02-17,16.56,16.73,16.06,16.43,-0.24,-1.44%,437300
ATEC,2021-02-18,16.26,16.65,15.76,16.52,0.09,+0.55%,397500
ATEC,2021-02-19,16.54,17,16.21,16.48,-0.04,-0.24%,480400
ATEC,2021-02-22,16.28,17.2,16.2,16.59,0.11,+0.67%,487100
ATEC,2021-02-23,16.4,16.51,15.275,16.09,-0.5,-3.01%,671100
ATEC,2021-02-24,16.23,16.92,16.195,16.46,0.37,+2.30%,503300
ATEC,2021-02-25,16.43,16.47,15.7,15.83,-0.63,-3.83%,469700
ATEC,2021-02-26,15.8,16.29,15.42,16.05,0.22,+1.39%,732600
ATEC,2021-03-01,16.96,16.99,16.2,16.54,0.49,+3.05%,635200
ATEC,2021-03-02,16.58,17.07,16.5,16.81,0.27,+1.63%,442200
ATEC,2021-03-03,17.189,17.189,16.36,16.5,-0.31,-1.84%,537900
ATEC,2021-03-04,17.07,17.42,15.18,15.92,-0.58,-3.52%,1298800
ATEC,2021-03-05,15.51,16.29,13.5,15.24,-0.68,-4.27%,2199700
ATEC,2021-03-08,15.56,16.34,15.4,15.92,0.68,+4.46%,696900
ATEC,2021-03-09,16.12,17.35,16.1,16.62,0.7,+4.40%,914600
ATEC,2021-03-10,16.99,17.19,16.185,16.59,-0.03,-0.18%,538700
ATEC,2021-03-11,16.72,17.07,16.54,16.99,0.4,+2.41%,635100
ATEC,2021-03-12,16.87,16.97,16.42,16.76,-0.23,-1.35%,479500
ATEC,2021-03-15,16.97,17.94,16.7107,17.1,0.34,+2.03%,1253800
ATEC,2021-03-16,17.54,17.72,16.79,17.36,0.26,+1.52%,725400
ATEC,2021-03-17,17.25,18.37,16.85,18.17,0.81,+4.67%,719300
ATEC,2021-03-18,18.19,18.63,17.6,17.735,-0.435,-2.39%,765600
ATEC,2021-03-19,17.9,18.43,17.18,18.29,0.555,+3.13%,1452500
ATEC,2021-03-22,19.02,19.3,18.11,18.78,0.49,+2.68%,1291100
ATEC,2021-03-23,18.81,19.36,17.66,17.93,-0.85,-4.53%,1059800
ATEC,2021-03-24,18.32,18.32,16.67,16.68,-1.25,-6.97%,1225400
ATEC,2021-03-25,16.5,17.15,15.78,17.05,0.37,+2.22%,1196800
ATEC,2021-03-26,17.13,17.2716,15.87,16.33,-0.72,-4.22%,828200
ATEC,2021-03-29,16.19,16.19,15.06,15.1,-1.23,-7.53%,915600
ATEC,2021-03-30,15.05,15.43,14.58,15.31,0.21,+1.39%,580200
ATEC,2021-03-31,15.32,15.92,15.01,15.79,0.48,+3.14%,868000
ATEC,2021-04-01,15.7,16.087,15.54,15.59,-0.2,-1.27%,351000
ATEC,2021-04-05,15.88,15.9,15.17,15.34,-0.25,-1.60%,484100
ATEC,2021-04-06,15.41,16.68,15.27,16.03,0.69,+4.50%,789900
ATEC,2021-04-07,15.94,16.12,15.41,15.6,-0.43,-2.68%,414700
ATEC,2021-04-08,16.13,17.43,15.89,17.38,1.78,+11.41%,1422500
ATEC,2021-04-09,17.53,18,17.1101,17.6,0.22,+1.27%,470000
ATEC,2021-04-12,17.49,17.49,16.95,17.1,-0.5,-2.84%,346700
ATEC,2021-04-13,17.05,17.315,16.65,17.13,0.03,+0.18%,633200
ATEC,2021-04-14,17.09,17.47,16.95,17.22,0.09,+0.53%,346900
ATEC,2021-04-15,17.43,17.49,16.99,17.23,0.01,+0.06%,194500
ATEC,2021-04-16,17.34,17.34,16.41,16.77,-0.46,-2.67%,323300
ATEC,2021-04-19,16.55,16.5743,15.95,16.23,-0.54,-3.22%,360900
ATEC,2021-04-20,16.14,16.23,15.509,15.92,-0.31,-1.91%,344800
ATEC,2021-04-21,15.85,16.49,15.67,16.4,0.48,+3.02%,363400
ATEC,2021-04-22,16.43,16.66,16.14,16.3,-0.1,-0.61%,332600
ATEC,2021-04-23,16.49,16.95,16.23,16.71,0.41,+2.52%,297700
ATEC,2021-04-26,16.71,16.84,16.325,16.61,-0.1,-0.60%,406300
ATEC,2021-04-27,16.68,16.6882,16.12,16.4,-0.21,-1.26%,299100
ATEC,2021-04-28,16.26,16.37,15.84,16.325,-0.075,-0.46%,534300
ATEC,2021-04-29,16.37,16.6099,15.94,16.22,-0.105,-0.64%,248800
ATEC,2021-04-30,16,16.24,15.88,15.99,-0.23,-1.42%,562200
ATEC,2021-05-03,16.02,16.15,15.71,15.92,-0.07,-0.44%,409700
ATEC,2021-05-04,15.82,15.82,15.09,15.5,-0.42,-2.64%,405600
ATEC,2021-05-05,15.55,15.682,15.27,15.42,-0.08,-0.52%,584900
ATEC,2021-05-06,15.42,15.63,14.91,15.28,-0.14,-0.91%,962900
ATEC,2021-05-07,15,15.59,14.25,15.11,-0.17,-1.11%,928900
ATEC,2021-05-10,15.25,15.29,13.96,14.02,-1.09,-7.21%,1026200
ATEC,2021-05-11,13.55,14.35,13.33,14.02,0,0.00%,629800
ATEC,2021-05-12,14,14.02,13.57,13.75,-0.27,-1.93%,559500
ATEC,2021-05-13,14.23,15.2,14.15,14.81,1.06,+7.71%,741700
ATEC,2021-05-14,14.81,15.1,14.74,14.81,0,0.00%,254000
ATEC,2021-05-17,14.71,15.06,14.6,14.86,0.05,+0.34%,262100
ATEC,2021-05-18,14.84,15.45,14.84,15,0.14,+0.94%,387900
ATEC,2021-05-19,14.805,15.05,14.5412,14.94,-0.06,-0.40%,391600
ATEC,2021-05-20,14.97,15.15,14.81,15.13,0.19,+1.27%,419900
ATEC,2021-05-21,15.29,15.3,15,15.16,0.03,+0.20%,410500
ATEC,2021-05-24,15.18,15.58,15.18,15.25,0.09,+0.59%,278800
ATEC,2021-05-25,15.39,15.5,15.04,15.04,-0.21,-1.38%,288200
ATEC,2021-05-26,15.08,15.388,14.781,14.91,-0.13,-0.86%,281100
ATEC,2021-05-27,14.93,15.23,14.47,14.54,-0.37,-2.48%,858500
ATEC,2021-05-28,14.53,14.9793,14.33,14.5,-0.04,-0.28%,851800
ATEC,2021-06-01,14.51,14.82,14.4,14.53,0.03,+0.21%,509600
ATEC,2021-06-02,14.51,14.57,13.99,14.16,-0.37,-2.55%,433200
ATEC,2021-06-03,14.0001,14.185,13.96,14.02,-0.14,-0.99%,422500
ATEC,2021-06-04,14.04,14.19,14,14.14,0.12,+0.86%,339600
ATEC,2021-06-07,14.18,14.485,14,14.16,0.02,+0.14%,525900
ATEC,2021-06-08,14.19,14.38,13.92,14.18,0.02,+0.14%,507300
ATEC,2021-06-09,14.2,14.47,14.2,14.37,0.19,+1.34%,306200
ATEC,2021-06-10,14.39,14.3909,13.97,14.16,-0.21,-1.46%,366500
ATEC,2021-06-11,14.16,14.43,14,14.36,0.2,+1.41%,251400
ATEC,2021-06-14,14.31,14.71,14.31,14.67,0.31,+2.16%,366500
ATEC,2021-06-15,14.75,15.14,14.67,15.12,0.45,+3.07%,298500
ATEC,2021-06-16,14.9,15.09,14.53,14.88,-0.24,-1.59%,400400
ATEC,2021-06-17,14.76,15.33,14.76,15.28,0.4,+2.69%,353500
ATEC,2021-06-18,15.14,15.23,14.6686,14.83,-0.45,-2.95%,796900
ATEC,2021-06-21,14.8,16.11,14.74,15.99,1.16,+7.82%,585800
ATEC,2021-06-22,15.87,15.87,15.21,15.51,-0.48,-3.00%,409800
ATEC,2021-06-23,15.56,16.07,15.25,15.94,0.43,+2.77%,385200
ATEC,2021-06-24,16.03,16.22,15.6,15.67,-0.27,-1.69%,328700
ATEC,2021-06-25,15.63,16.07,15.45,15.79,0.12,+0.77%,1816700
ATEC,2021-06-28,15.76,15.88,15.19,15.45,-0.34,-2.15%,283500
ATEC,2021-06-29,15.53,15.74,15.17,15.2,-0.25,-1.62%,279500
ATEC,2021-06-30,15.1,15.455,14.83,15.32,0.12,+0.79%,874300
ATEC,2021-07-01,15.41,15.45,15.1,15.22,-0.1,-0.65%,277600
ATEC,2021-07-02,15.33,15.34,14.8,15.06,-0.16,-1.05%,306300
ATEC,2021-07-06,15.06,15.13,14.92,15.05,-0.01,-0.07%,252300
ATEC,2021-07-07,15.01,15.23,14.345,14.51,-0.54,-3.59%,331300
ATEC,2021-07-08,14.21,14.44,14,14.08,-0.43,-2.96%,499500
ATEC,2021-07-09,14.12,14.31,13.95,14.15,0.07,+0.50%,407600
ATEC,2021-07-12,16.11,16.47,15.47,15.79,1.64,+11.59%,1674300
ATEC,2021-07-13,15.74,15.7799,15.04,15.08,-0.71,-4.50%,627100
ATEC,2021-07-14,14.98,15.0181,13.92,14.19,-0.89,-5.90%,1116400
ATEC,2021-07-15,14,14.21,13.75,14.04,-0.15,-1.06%,639200
ATEC,2021-07-16,13.935,14.43,13.935,14.14,0.1,+0.71%,528300
ATEC,2021-07-19,13.77,14.24,13.38,13.45,-0.69,-4.88%,627900
ATEC,2021-07-20,13.48,14.2736,13.41,14.06,0.61,+4.54%,476700
ATEC,2021-07-21,14.06,14.53,13.93,14.52,0.46,+3.27%,296600
ATEC,2021-07-22,14.49,14.51,14.165,14.29,-0.23,-1.58%,270100
ATEC,2021-07-23,14.37,14.37,13.9216,14.11,-0.18,-1.26%,224000
ATEC,2021-07-26,14.07,14.19,13.82,14.11,0,0.00%,296400
ATEC,2021-07-27,14.02,14.51,13.875,14.49,0.38,+2.69%,329600
ATEC,2021-07-28,14.59,14.81,14.31,14.61,0.12,+0.83%,281900
ATEC,2021-07-29,14.67,14.98,14.32,14.65,0.04,+0.27%,297500
ATEC,2021-07-30,14.59,14.94,14.52,14.74,0.09,+0.61%,272000
ATEC,2021-08-02,14.75,15.25,14.44,14.88,0.14,+0.95%,467200
ATEC,2021-08-03,14.84,15.01,13.81,14.27,-0.61,-4.10%,786400
ATEC,2021-08-04,14.76,15.34,14.48,15.23,0.96,+6.73%,1084700
ATEC,2021-08-05,13.93,14.55,13.595,13.84,-1.39,-9.13%,2816200
ATEC,2021-08-06,13.86,14.18,13.5,14.01,0.17,+1.23%,6147700
ATEC,2021-08-09,14.08,14.8964,13.94,14.6,0.59,+4.21%,1416100
ATEC,2021-08-10,14.5,14.66,13.68,13.74,-0.86,-5.89%,2248000
ATEC,2021-08-11,13.73,13.85,12.5,12.54,-1.2,-8.73%,1865800
ATEC,2021-08-12,12.75,13.23,12.66,13.1,0.56,+4.47%,1455100
ATEC,2021-08-13,13.04,13.17,12.86,12.92,-0.18,-1.37%,425800
ATEC,2021-08-16,12.9,12.92,12.28,12.81,-0.11,-0.85%,721100
ATEC,2021-08-17,12.69,12.82,12.25,12.69,-0.12,-0.94%,680700
ATEC,2021-08-18,12.78,12.97,12.32,12.36,-0.33,-2.60%,1158200
ATEC,2021-08-19,12.19,12.36,11.75,11.83,-0.53,-4.29%,885700
ATEC,2021-08-20,11.76,12.4,11.61,12.35,0.52,+4.40%,834100
ATEC,2021-08-23,12.35,12.88,12.23,12.87,0.52,+4.21%,964400
ATEC,2021-08-24,12.87,13.18,12.67,13.08,0.21,+1.63%,720500
ATEC,2021-08-25,13.41,13.83,13.05,13.43,0.35,+2.68%,1779900
ATEC,2021-08-26,13.39,13.52,12.76,12.76,-0.67,-4.99%,915300
ATEC,2021-08-27,12.72,13.325,12.55,13.1,0.34,+2.66%,997400
ATEC,2021-08-30,13.21,13.795,13.18,13.47,0.37,+2.82%,693800
ATEC,2021-08-31,13.39,14.61,13.39,14.48,1.01,+7.50%,1146200
ATEC,2021-09-01,14.14,15.1,13.79,14.86,0.38,+2.62%,1671000
ATEC,2021-09-02,14.88,15.31,14.745,14.85,-0.01,-0.07%,704600
ATEC,2021-09-03,14.95,15.315,14.75,15.11,0.26,+1.75%,1317900
ATEC,2021-09-07,15.03,15.2482,14.57,14.69,-0.42,-2.78%,792500
ATEC,2021-09-08,14.58,14.6701,14.11,14.48,-0.21,-1.43%,679900
ATEC,2021-09-09,14.44,14.69,14.25,14.45,-0.03,-0.21%,1411700
ATEC,2021-09-10,14.54,14.54,13.85,14.05,-0.4,-2.77%,971100
ATEC,2021-09-13,14.09,14.11,13.545,14.04,-0.01,-0.07%,1466400
ATEC,2021-09-14,14.06,14.21,13.715,13.95,-0.09,-0.64%,1064500
ATEC,2021-09-15,13.92,14.21,13.72,14.1,0.15,+1.08%,798500
ATEC,2021-09-16,14.06,14.215,13.8,14.12,0.02,+0.14%,633100
ATEC,2021-09-17,14.19,14.459,14.13,14.3,0.18,+1.27%,1182900
ATEC,2021-09-20,13.83,14.12,13.615,13.87,-0.43,-3.01%,921400
ATEC,2021-09-21,13.97,14.26,13.88,14.04,0.17,+1.23%,589300
ATEC,2021-09-22,14.07,14.52,13.965,14.36,0.32,+2.28%,1129700
ATEC,2021-09-23,14.43,14.54,13.9,14.14,-0.22,-1.53%,950600
ATEC,2021-09-24,13.97,14.085,13.68,13.74,-0.4,-2.83%,712900
ATEC,2021-09-27,13.73,13.73,13.29,13.67,-0.07,-0.51%,966700
ATEC,2021-09-28,13.35,13.42,12.46,12.5,-1.17,-8.56%,1885600
ATEC,2021-09-29,12.54,13.11,12.14,12.37,-0.13,-1.04%,1274400
ATEC,2021-09-30,12.73,12.93,12.06,12.19,-0.18,-1.46%,952400
ATEC,2021-10-01,12.25,12.64,11.98,12.59,0.4,+3.28%,984200
ATEC,2021-10-04,12.49,12.57,11.78,11.87,-0.72,-5.72%,1088800
ATEC,2021-10-05,11.87,12.14,11.67,12.02,0.15,+1.26%,804500
ATEC,2021-10-06,11.8,12.29,11.73,12.25,0.23,+1.91%,1235600
ATEC,2021-10-07,12.27,12.505,12.06,12.36,0.11,+0.90%,882800
ATEC,2021-10-08,12.37,12.37,11.86,11.93,-0.43,-3.48%,822800
ATEC,2021-10-11,11.87,12.08,11.74,11.92,-0.01,-0.08%,626900
ATEC,2021-10-12,11.93,12.265,11.93,12.18,0.26,+2.18%,691100
ATEC,2021-10-13,12.11,12.28,11.98,12.2,0.02,+0.16%,828300
ATEC,2021-10-14,12.33,12.52,12.1,12.17,-0.03,-0.25%,427100
ATEC,2021-10-15,12.33,12.5,12.005,12.19,0.02,+0.16%,956500
ATEC,2021-10-18,12.06,12.06,11.73,11.9,-0.29,-2.38%,717000
ATEC,2021-10-19,12.01,12.49,11.78,12.35,0.45,+3.78%,487400
ATEC,2021-10-20,12.42,12.425,12.07,12.26,-0.09,-0.73%,432300
ATEC,2021-10-21,12.32,12.32,11.95,12.09,-0.17,-1.39%,412700
ATEC,2021-10-22,11.86,12.185,11.81,12.16,0.07,+0.58%,683800
ATEC,2021-10-25,12,12.024,11.72,11.8,-0.36,-2.96%,961800
ATEC,2021-10-26,11.83,12,11.75,11.79,-0.01,-0.08%,366900
ATEC,2021-10-27,11.72,11.84,11.62,11.76,-0.03,-0.25%,423400
ATEC,2021-10-28,11.87,12.08,11.775,11.79,0.03,+0.26%,761200
ATEC,2021-10-29,11.89,11.89,11.51,11.73,-0.06,-0.51%,717800
ATEC,2021-11-01,11.7,12.46,11.64,12.25,0.52,+4.43%,719300
ATEC,2021-11-02,12.17,12.53,11.95,12.53,0.28,+2.29%,671800
ATEC,2021-11-03,12.58,13.31,12.41,13.23,0.7,+5.59%,906200
ATEC,2021-11-04,13.37,13.535,12.41,12.69,-0.54,-4.08%,1079400
ATEC,2021-11-05,13.45,14,12.55,12.94,0.25,+1.97%,1346200
ATEC,2021-11-08,12.94,13.1,12.41,12.42,-0.52,-4.02%,804700
ATEC,2021-11-09,12.41,12.57,12.09,12.15,-0.27,-2.17%,618400
ATEC,2021-11-10,11.99,11.995,11.41,11.46,-0.69,-5.68%,1944400
ATEC,2021-11-11,11.42,11.9,11.255,11.68,0.22,+1.92%,1502100
ATEC,2021-11-12,11.73,11.8,11.495,11.6,-0.08,-0.68%,350300
ATEC,2021-11-15,11.62,11.7,11.09,11.6,0,0.00%,1006000
ATEC,2021-11-16,12.11,12.328,11.97,12.29,0.69,+5.95%,1036700
ATEC,2021-11-17,12.16,12.27,12,12.18,-0.11,-0.90%,519100
ATEC,2021-11-18,12.16,12.23,11.31,11.35,-0.83,-6.81%,996000
ATEC,2021-11-19,11.2,11.53,11.15,11.27,-0.08,-0.70%,509400
ATEC,2021-11-22,11.28,11.41,11.11,11.22,-0.05,-0.44%,571400
ATEC,2021-11-23,11.26,11.26,10.7101,11.06,-0.16,-1.43%,1377600
ATEC,2021-11-24,10.93,11.39,10.73,11.26,0.2,+1.81%,3757000
ATEC,2021-11-26,11.05,11.38,10.51,10.57,-0.69,-6.13%,1348900
ATEC,2021-11-29,11.7,11.95,10.52,10.82,0.25,+2.37%,2250200
ATEC,2021-11-30,10.71,11.15,10.59,11.1,0.28,+2.59%,1000200
ATEC,2021-12-01,11.3,11.39,10.7,10.7,-0.4,-3.60%,1145900
ATEC,2021-12-02,10.65,11.08,10.31,11.05,0.35,+3.27%,1302000
ATEC,2021-12-03,10.95,10.99,10.47,10.75,-0.3,-2.71%,1448000
ATEC,2021-12-06,10.79,11.42,10.58,11.41,0.66,+6.14%,1011400
ATEC,2021-12-07,11.57,12.1,11.4,11.84,0.43,+3.77%,794400
ATEC,2021-12-08,11.82,12.34,11.61,12.19,0.35,+2.96%,781800
ATEC,2021-12-09,12,12.275,11.611,11.71,-0.48,-3.94%,874000
ATEC,2021-12-10,11.74,11.845,11.58,11.66,-0.05,-0.43%,544800
ATEC,2021-12-13,11.59,11.8599,11.34,11.56,-0.1,-0.86%,664800
ATEC,2021-12-14,11.45,11.49,11.2,11.26,-0.3,-2.60%,661300
ATEC,2021-12-15,11.25,11.29,10.735,11.2,-0.06,-0.53%,657800
ATEC,2021-12-16,11.28,11.67,10.73,10.9,-0.3,-2.68%,753200
ATEC,2021-12-17,10.99,11.55,10.78,11.49,0.59,+5.41%,1345700
ATEC,2021-12-20,11.1,11.32,10.95,11.24,-0.25,-2.18%,1225700
ATEC,2021-12-21,11.46,11.98,11.37,11.78,0.54,+4.80%,790000
ATEC,2021-12-22,11.72,12.3,11.555,12.1,0.32,+2.72%,1191300
ATEC,2021-12-23,12.11,12.515,12.05,12.38,0.28,+2.31%,638900
ATEC,2021-12-27,12.37,12.62,12.17,12.48,0.1,+0.81%,1780900
ATEC,2021-12-28,12.46,12.53,11.9,11.92,-0.56,-4.49%,2192400
ATEC,2021-12-29,11.87,12.03,11.71,11.97,0.05,+0.42%,1493400
ATEC,2021-12-30,11.92,12.07,11.6,11.62,-0.35,-2.92%,745500
ATEC,2021-12-31,11.6,11.76,11.395,11.43,-0.19,-1.64%,569500
ATEC,2022-01-03,11.52,11.9,11.4,11.82,0.39,+3.41%,737100
ATEC,2022-01-04,11.87,12.15,11.759,12.1,0.28,+2.37%,1381600
ATEC,2022-01-05,12.05,12.33,11.59,11.65,-0.45,-3.72%,972600
ATEC,2022-01-06,11.64,11.87,11.27,11.72,0.07,+0.60%,557500
ATEC,2022-01-07,11.64,11.98,11.29,11.3,-0.42,-3.58%,600900
ATEC,2022-01-10,12.11,13.37,12.01,12.75,1.45,+12.83%,2024700
ATEC,2022-01-11,12.69,13.175,12.48,12.85,0.1,+0.78%,939100
ATEC,2022-01-12,12.84,12.84,12.22,12.27,-0.58,-4.51%,1013800
ATEC,2022-01-13,12.27,12.49,12.04,12.14,-0.13,-1.06%,373900
ATEC,2022-01-14,11.98,12.23,11.81,12.21,0.07,+0.58%,481900
ATEC,2022-01-18,12.13,12.31,11.86,11.86,-0.35,-2.87%,852000
ATEC,2022-01-19,11.85,11.89,11.175,11.25,-0.61,-5.14%,644800
ATEC,2022-01-20,11.34,11.53,10.56,10.61,-0.64,-5.69%,1043200
ATEC,2022-01-21,10.42,10.65,10.18,10.24,-0.37,-3.49%,970400
ATEC,2022-01-24,10.02,10.61,9.64,10.59,0.35,+3.42%,1050000
ATEC,2022-01-25,10.4,10.65,9.8,10.03,-0.56,-5.29%,749300
ATEC,2022-01-26,10.13,10.35,9.89,9.97,-0.06,-0.60%,759800
ATEC,2022-01-27,10.19,10.2,9.345,9.45,-0.52,-5.22%,633200
ATEC,2022-01-28,9.42,9.64,9.07,9.63,0.18,+1.90%,636100
ATEC,2022-01-31,9.63,10.34,9.6,10.34,0.71,+7.37%,589800
ATEC,2022-02-01,10.43,10.5,10.11,10.33,-0.01,-0.10%,351100
ATEC,2022-02-02,10.34,10.36,9.99,10.1,-0.23,-2.23%,367000
ATEC,2022-02-03,9.98,10.08,9.71,9.76,-0.34,-3.37%,359500
ATEC,2022-02-04,9.68,10.045,9.49,9.96,0.2,+2.05%,533700
ATEC,2022-02-07,9.94,10.2,9.8,9.91,-0.05,-0.50%,441500
ATEC,2022-02-08,9.88,10.66,9.86,10.57,0.66,+6.66%,641300
ATEC,2022-02-09,10.65,11,10.58,10.59,0.02,+0.19%,465500
ATEC,2022-02-10,10.34,10.75,10.3,10.43,-0.16,-1.51%,477300
ATEC,2022-02-11,10.43,10.59,10.04,10.19,-0.24,-2.30%,346000
ATEC,2022-02-14,10.3,10.7343,10.08,10.13,-0.06,-0.59%,376500
ATEC,2022-02-15,10.29,10.8,10.29,10.64,0.51,+5.03%,529000
ATEC,2022-02-16,10.55,10.89,10.33,10.76,0.12,+1.13%,493100
ATEC,2022-02-17,10.62,10.67,10.13,10.2,-0.56,-5.20%,344800
ATEC,2022-02-18,10.13,10.27,9.775,9.8,-0.4,-3.92%,451400
ATEC,2022-02-22,9.67,9.845,9.52,9.59,-0.21,-2.14%,596500
ATEC,2022-02-23,9.72,9.99,9.51,9.53,-0.06,-0.63%,342200
ATEC,2022-02-24,9.17,10.35,9.06,10.33,0.8,+8.39%,570600
ATEC,2022-02-25,10.38,10.78,10.17,10.77,0.44,+4.26%,513000
ATEC,2022-02-28,10.59,11.09,10.51,11.02,0.25,+2.32%,584300
ATEC,2022-03-01,10.91,11.1793,10.83,11.07,0.05,+0.45%,474400
ATEC,2022-03-02,11,11.585,10.79,11.36,0.29,+2.62%,1020100
ATEC,2022-03-03,11.38,11.75,11.09,11.31,-0.05,-0.44%,519400
ATEC,2022-03-04,11.19,11.41,10.94,11.39,0.08,+0.71%,447800
ATEC,2022-03-07,11.44,11.62,11.13,11.3,-0.09,-0.79%,606800
ATEC,2022-03-08,11.32,11.7,11.195,11.27,-0.03,-0.27%,625200
ATEC,2022-03-09,11.5,11.65,10.97,11.28,0.01,+0.09%,613700
ATEC,2022-03-10,11.08,11.08,10.61,10.9,-0.38,-3.37%,469700
ATEC,2022-03-11,11.07,11.177,10.57,10.61,-0.29,-2.66%,351800
ATEC,2022-03-14,10.59,10.67,9.68,9.71,-0.9,-8.48%,528900
ATEC,2022-03-15,9.76,10.13,9.65,10.13,0.42,+4.33%,564500
ATEC,2022-03-16,10.36,10.625,10.11,10.58,0.45,+4.44%,382000
ATEC,2022-03-17,10.47,10.96,10.38,10.94,0.36,+3.40%,372500
ATEC,2022-03-18,10.91,11.28,10.91,11.18,0.24,+2.19%,601000
ATEC,2022-03-21,11.18,11.225,10.59,10.79,-0.39,-3.49%,230000
ATEC,2022-03-22,10.77,11.03,10.69,10.82,0.03,+0.28%,280800
ATEC,2022-03-23,10.74,10.74,10.43,10.45,-0.37,-3.42%,308100
ATEC,2022-03-24,10.45,10.77,10.29,10.76,0.31,+2.97%,238000
ATEC,2022-03-25,10.74,10.85,10.42,10.53,-0.23,-2.14%,256700
ATEC,2022-03-28,10.49,10.635,10.3,10.63,0.1,+0.95%,418500
ATEC,2022-03-29,10.73,11.525,10.65,11.1,0.47,+4.42%,657400
ATEC,2022-03-30,11.07,11.73,11.07,11.46,0.36,+3.24%,616300
ATEC,2022-03-31,11.42,11.84,11.38,11.5,0.04,+0.35%,462100
ATEC,2022-04-01,11.49,12.95,11.49,12.89,1.39,+12.09%,2039900
ATEC,2022-04-04,12.77,13.65,12.36,12.83,-0.06,-0.47%,4070800
ATEC,2022-04-05,12.9,13.27,12.47,12.66,-0.17,-1.33%,667100
ATEC,2022-04-06,12.49,12.96,12.12,12.85,0.19,+1.50%,940600
ATEC,2022-04-07,12.85,12.99,12.32,12.51,-0.34,-2.65%,502700
ATEC,2022-04-08,12.45,12.7,12.285,12.42,-0.09,-0.72%,312300
ATEC,2022-04-11,12.26,12.54,12,12.13,-0.29,-2.33%,359600
ATEC,2022-04-12,12.15,12.49,11.96,12.06,-0.07,-0.58%,323200
ATEC,2022-04-13,12.22,12.51,11.98,12.34,0.28,+2.32%,330500
ATEC,2022-04-14,12.31,12.44,12.08,12.11,-0.23,-1.86%,414000
ATEC,2022-04-18,12.09,12.1,11.75,12.08,-0.03,-0.25%,780400
ATEC,2022-04-19,12.13,12.89,12.01,12.72,0.64,+5.30%,642500
ATEC,2022-04-20,12.88,13.18,12.57,13.08,0.36,+2.83%,795900
ATEC,2022-04-21,13.21,13.5,12.74,12.78,-0.3,-2.29%,458600
ATEC,2022-04-22,12.6,12.635,12.1,12.14,-0.64,-5.01%,678100
ATEC,2022-04-25,12.04,12.29,11.84,12.28,0.14,+1.15%,769100
ATEC,2022-04-26,12.12,12.34,11.73,11.77,-0.51,-4.15%,650600
ATEC,2022-04-27,11.77,11.88,11.34,11.39,-0.38,-3.23%,486500
ATEC,2022-04-28,11.54,11.57,10.93,11.4,0.01,+0.09%,389000
ATEC,2022-04-29,11.32,11.41,10.79,10.85,-0.55,-4.82%,631100
ATEC,2022-05-02,10.79,11.2,10.68,11.01,0.16,+1.47%,926400
ATEC,2022-05-03,11.01,11.24,10.96,11.09,0.08,+0.73%,549600
ATEC,2022-05-04,11.17,11.31,10.47,11.21,0.12,+1.08%,637600
ATEC,2022-05-05,11.01,11.43,10.42,10.79,-0.42,-3.75%,933000
ATEC,2022-05-06,12.18,12.3,9.25,9.41,-1.38,-12.79%,1530600
ATEC,2022-05-09,9.14,9.245,7.93,8.15,-1.26,-13.39%,1474800
ATEC,2022-05-10,8.32,8.81,7.93,8.1,-0.05,-0.61%,950900
ATEC,2022-05-11,8.07,8.23,7.32,7.43,-0.67,-8.27%,1080900
ATEC,2022-05-12,7.4,7.65,7.28,7.62,0.19,+2.56%,677900
ATEC,2022-05-13,7.85,8.58,7.7982,8.14,0.52,+6.82%,616500
ATEC,2022-05-16,8.09,8.43,7.952,8.03,-0.11,-1.35%,651500
ATEC,2022-05-17,8.26,8.5,8.19,8.5,0.47,+5.85%,748000
ATEC,2022-05-18,8.43,8.69,8.18,8.25,-0.25,-2.94%,850400
ATEC,2022-05-19,8.15,8.42,8.01,8.21,-0.04,-0.48%,630100
ATEC,2022-05-20,8.38,8.57,7.57,7.76,-0.45,-5.48%,1311200
ATEC,2022-05-23,7.76,7.82,7.46,7.65,-0.11,-1.42%,773500
ATEC,2022-05-24,7.58,7.828,7.13,7.24,-0.41,-5.36%,842800
ATEC,2022-05-25,7.17,7.49,6.98,7.41,0.17,+2.35%,690700
ATEC,2022-05-26,7.45,8.11,7.36,7.86,0.45,+6.07%,1225700
ATEC,2022-05-27,7.93,8.275,7.83,8.13,0.27,+3.44%,545900
ATEC,2022-05-31,8.02,8.11,7.48,7.68,-0.45,-5.54%,1153200
ATEC,2022-06-01,7.7,7.79,6.92,7.07,-0.61,-7.94%,1695100
ATEC,2022-06-02,6.99,7.56,6.99,7.55,0.48,+6.79%,724700
ATEC,2022-06-03,7.46,7.62,7.34,7.4,-0.15,-1.99%,423500
ATEC,2022-06-06,7.52,7.6399,7.2,7.31,-0.09,-1.22%,612400
ATEC,2022-06-07,7.22,7.455,7.14,7.34,0.03,+0.41%,600200
ATEC,2022-06-08,7.28,7.51,7.06,7.5,0.16,+2.18%,1994700
ATEC,2022-06-09,7.45,7.51,7.1,7.2,-0.3,-4.00%,897200
ATEC,2022-06-10,7.03,7.46,6.995,7.39,0.19,+2.64%,770200
ATEC,2022-06-13,7.22,7.53,7.13,7.33,-0.06,-0.81%,771500
ATEC,2022-06-14,7.33,7.4,6.83,6.92,-0.41,-5.59%,1094600
ATEC,2022-06-15,6.99,7.1,6.6096,6.79,-0.13,-1.88%,1018700
ATEC,2022-06-16,6.68,6.69,6.19,6.39,-0.4,-5.89%,1006500
ATEC,2022-06-17,6.48,6.9,6.46,6.53,0.14,+2.19%,1397700
ATEC,2022-06-21,6.53,6.72,6.32,6.36,-0.17,-2.60%,598300
ATEC,2022-06-22,6.27,6.64,6.1632,6.47,0.11,+1.73%,476800
ATEC,2022-06-23,6.49,6.67,6.395,6.64,0.17,+2.63%,436100
ATEC,2022-06-24,6.7,7.07,6.64,7,0.36,+5.42%,1128200
ATEC,2022-06-27,6.96,7.245,6.75,7.07,0.07,+1.00%,429800
ATEC,2022-06-28,7.14,7.25,6.805,6.81,-0.26,-3.68%,350600
ATEC,2022-06-29,6.77,6.81,6.4401,6.76,-0.05,-0.73%,565600
ATEC,2022-06-30,6.69,6.74,6.49,6.54,-0.22,-3.25%,376800
ATEC,2022-07-01,6.51,6.705,6.43,6.68,0.14,+2.14%,366900
ATEC,2022-07-05,6.53,6.93,6.46,6.92,0.24,+3.59%,409300
ATEC,2022-07-06,6.96,7.03,6.77,6.86,-0.06,-0.87%,540300
ATEC,2022-07-07,6.92,7.03,6.79,7.02,0.16,+2.33%,458200
ATEC,2022-07-08,6.96,7.1599,6.96,7.05,0.03,+0.43%,462500
ATEC,2022-07-11,6.98,7.09,6.79,6.82,-0.23,-3.26%,722100
ATEC,2022-07-12,6.78,6.94,6.73,6.84,0.02,+0.29%,340500
ATEC,2022-07-13,6.67,6.91,6.66,6.77,-0.07,-1.02%,456100
ATEC,2022-07-14,5.8,6.59,5.73,6.57,-0.2,-2.95%,1572300
ATEC,2022-07-15,6.7,6.71,6.305,6.67,0.1,+1.52%,833800
ATEC,2022-07-18,6.68,7.105,6.67,6.69,0.02,+0.30%,822900
ATEC,2022-07-19,6.77,6.97,6.68,6.91,0.22,+3.29%,475000
ATEC,2022-07-20,6.94,7.36,6.94,7.14,0.23,+3.33%,580300
ATEC,2022-07-21,7.1,7.38,7.04,7.38,0.24,+3.36%,432600
ATEC,2022-07-22,7.55,7.76,7.07,7.23,-0.15,-2.03%,459200
ATEC,2022-07-25,7.22,7.41,7.1,7.2,-0.03,-0.41%,445800
ATEC,2022-07-26,7.18,7.63,7.145,7.55,0.35,+4.86%,524400
ATEC,2022-07-27,7.65,7.835,7.55,7.78,0.23,+3.05%,415500
ATEC,2022-07-28,7.82,7.844,7.42,7.64,-0.14,-1.80%,287700
ATEC,2022-07-29,7.62,7.62,7.43,7.54,-0.1,-1.31%,213700
ATEC,2022-08-01,7.51,7.62,7.34,7.43,-0.11,-1.46%,492700
ATEC,2022-08-02,7.38,7.85,7.11,7.78,0.35,+4.71%,483700
ATEC,2022-08-03,7.89,8.255,7.78,8.2,0.42,+5.40%,680000
ATEC,2022-08-04,8.27,8.33,7.96,8.21,0.01,+0.12%,1463300
ATEC,2022-08-05,8.03,8.68,7.76,8.18,-0.03,-0.37%,814300
ATEC,2022-08-08,8.46,8.46,7.83,7.99,-0.19,-2.32%,745700
ATEC,2022-08-09,7.92,8.01,7.8,7.89,-0.1,-1.25%,439000
ATEC,2022-08-10,8.07,8.1,7.88,7.91,0.02,+0.25%,1406100
ATEC,2022-08-11,7.97,8.975,7.97,8.91,1,+12.64%,1042900
ATEC,2022-08-12,9.08,9.665,9.04,9.62,0.71,+7.97%,706600
ATEC,2022-08-15,9.58,9.81,9.46,9.74,0.12,+1.25%,607800
ATEC,2022-08-16,9.7,9.7,9.28,9.44,-0.3,-3.08%,396600
ATEC,2022-08-17,9.28,9.32,8.86,8.93,-0.51,-5.40%,476900
ATEC,2022-08-18,8.66,8.85,8.56,8.75,-0.18,-2.02%,445000
ATEC,2022-08-19,8.605,8.605,8.215,8.36,-0.39,-4.46%,512300
ATEC,2022-08-22,8.19,8.23,7.58,7.61,-0.75,-8.97%,428700
ATEC,2022-08-23,7.58,7.87,7.39,7.75,0.14,+1.84%,894900
ATEC,2022-08-24,7.77,8.26,7.77,8.11,0.36,+4.65%,475300
ATEC,2022-08-25,8.11,8.24,8.02,8.24,0.13,+1.60%,287600
ATEC,2022-08-26,8.24,8.24,7.65,7.83,-0.41,-4.98%,711300
ATEC,2022-08-29,7.7,7.935,7.6,7.78,-0.05,-0.64%,436900
ATEC,2022-08-30,7.79,7.95,7.63,7.73,-0.05,-0.64%,310200
ATEC,2022-08-31,7.81,7.89,7.59,7.59,-0.14,-1.81%,246200
ATEC,2022-09-01,7.5,7.66,7.1709,7.6,0.01,+0.13%,415400
ATEC,2022-09-02,7.66,7.66,7.29,7.31,-0.29,-3.82%,672400
ATEC,2022-09-06,7.26,7.36,7.115,7.24,-0.07,-0.96%,449500
ATEC,2022-09-07,7.19,7.72,7.175,7.7,0.46,+6.35%,992200
ATEC,2022-09-08,7.65,8.04,7.54,7.97,0.27,+3.51%,415900
ATEC,2022-09-09,7.99,8.36,7.9,8.34,0.37,+4.64%,435300
ATEC,2022-09-12,8.58,9.29,8.5,9.19,0.85,+10.19%,1073700
ATEC,2022-09-13,8.84,9.29,8.73,8.86,-0.33,-3.59%,587000
ATEC,2022-09-14,8.83,8.92,8.64,8.9,0.04,+0.45%,347600
ATEC,2022-09-15,8.86,9.25,8.74,8.85,-0.05,-0.56%,305500
ATEC,2022-09-16,8.67,8.76,8.47,8.54,-0.31,-3.50%,1057800
ATEC,2022-09-19,8.47,8.64,8.2204,8.6,0.06,+0.70%,371200
ATEC,2022-09-20,8.53,8.845,8.39,8.81,0.21,+2.44%,329600
ATEC,2022-09-21,8.98,9.05,8.52,8.53,-0.28,-3.18%,446500
ATEC,2022-09-22,8.67,8.67,7.99,8.18,-0.35,-4.10%,583100
ATEC,2022-09-23,8.16,8.24,7.76,8.05,-0.13,-1.59%,544400
ATEC,2022-09-26,7.87,8.24,7.87,8.1,0.05,+0.62%,329900
ATEC,2022-09-27,8.23,8.39,8,8.1,0,0.00%,467500
ATEC,2022-09-28,7.68,8.745,7.68,8.67,0.57,+7.04%,2450300
ATEC,2022-09-29,8.53,8.94,8.37,8.71,0.04,+0.46%,847300
ATEC,2022-09-30,8.53,9.18,8.53,8.74,0.03,+0.34%,1241100
ATEC,2022-10-03,8.77,9.16,8.58,9.14,0.4,+4.58%,782000
ATEC,2022-10-04,9.31,10.77,9.24,9.63,0.49,+5.36%,1218700
ATEC,2022-10-05,9.41,9.67,9.33,9.61,-0.02,-0.21%,501200
ATEC,2022-10-06,9.57,9.98,9.49,9.92,0.31,+3.23%,568700
ATEC,2022-10-07,9.93,9.94,8.88,8.97,-0.95,-9.58%,738900
ATEC,2022-10-10,9.66,10.043,9.28,9.47,0.5,+5.57%,1591800
ATEC,2022-10-11,9.53,9.84,9,9.72,0.25,+2.64%,737900
ATEC,2022-10-12,9.98,10.14,9.58,9.9,0.18,+1.85%,1526300
ATEC,2022-10-13,9.63,10.1,9.57,9.79,-0.11,-1.11%,1476300
ATEC,2022-10-14,9.95,9.99,9.04,9.06,-0.73,-7.46%,574200
ATEC,2022-10-17,9.29,9.8,9.29,9.44,0.38,+4.19%,933900
ATEC,2022-10-18,9.78,9.97,9.59,9.68,0.24,+2.54%,664200
ATEC,2022-10-19,9.59,9.755,9.47,9.56,-0.12,-1.24%,736800
ATEC,2022-10-20,9.56,9.96,9.55,9.89,0.33,+3.45%,673800
ATEC,2022-10-21,9.95,10.34,9.79,10.18,0.29,+2.93%,621400
ATEC,2022-10-24,10.25,10.28,9.93,10.15,-0.03,-0.29%,633400
ATEC,2022-10-25,10.15,10.41,10.14,10.33,0.18,+1.77%,659600
ATEC,2022-10-26,10.42,10.9,10.32,10.5,0.17,+1.65%,764900
ATEC,2022-10-27,10.5,10.53,10.03,10.05,-0.45,-4.29%,455400
ATEC,2022-10-28,10.03,10.34,9.97,10.25,0.2,+1.99%,525900
ATEC,2022-10-31,10.17,10.43,10.03,10.24,-0.01,-0.10%,416700
ATEC,2022-11-01,10.24,10.37,10.01,10.21,-0.03,-0.29%,474000
ATEC,2022-11-02,10.18,10.29,9.35,9.38,-0.83,-8.13%,773800
ATEC,2022-11-03,9.32,9.32,8.83,9.15,-0.23,-2.45%,806700
ATEC,2022-11-04,9.48,10.33,9.18,9.24,0.09,+0.98%,1075800
ATEC,2022-11-07,9.25,9.86,9.11,9.82,0.58,+6.28%,1163900
ATEC,2022-11-08,9.88,9.98,9.13,9.25,-0.57,-5.80%,472700
ATEC,2022-11-09,9.17,9.31,8.885,8.91,-0.34,-3.68%,596000
ATEC,2022-11-10,9.41,9.795,9.19,9.76,0.85,+9.54%,537100
ATEC,2022-11-11,9.78,10.46,9.7631,10.39,0.63,+6.45%,799200
ATEC,2022-11-14,10.33,10.525,10.18,10.32,-0.07,-0.67%,727900
ATEC,2022-11-15,10.47,10.6466,10.29,10.48,0.16,+1.55%,526900
ATEC,2022-11-16,10.41,10.5,10.26,10.37,-0.11,-1.05%,426600
ATEC,2022-11-17,10.18,10.36,9.89,9.97,-0.4,-3.86%,449400
ATEC,2022-11-18,10.27,10.27,9.98,10.11,0.14,+1.40%,670400
ATEC,2022-11-21,10.06,10.24,9.45,9.5,-0.61,-6.03%,641500
ATEC,2022-11-22,9.52,9.805,9.29,9.48,-0.02,-0.21%,1978700
ATEC,2022-11-23,9.51,9.8,9.44,9.59,0.11,+1.16%,714800
ATEC,2022-11-25,9.5,9.81,9.45,9.75,0.16,+1.67%,232200
ATEC,2022-11-28,9.68,9.77,9.465,9.5,-0.25,-2.56%,504000
ATEC,2022-11-29,9.51,9.8,9.505,9.77,0.27,+2.84%,580500
ATEC,2022-11-30,9.84,10.33,9.84,10.26,0.49,+5.02%,2118800
ATEC,2022-12-01,10.28,10.92,10.26,10.74,0.48,+4.68%,2437600
ATEC,2022-12-02,10.5,10.72,10.25,10.27,-0.47,-4.38%,693800
ATEC,2022-12-05,10.15,10.18,9.67,9.75,-0.52,-5.06%,805100
ATEC,2022-12-06,9.72,9.83,9.28,9.45,-0.3,-3.08%,562800
ATEC,2022-12-07,9.43,9.65,9.4,9.48,0.03,+0.32%,604800
ATEC,2022-12-08,9.52,9.8165,9.4,9.65,0.17,+1.79%,651100
ATEC,2022-12-09,9.61,9.888,9.435,9.55,-0.1,-1.04%,550400
ATEC,2022-12-12,9.51,10.36,9.51,10.32,0.77,+8.06%,919500
ATEC,2022-12-13,10.58,10.88,10.32,10.44,0.12,+1.16%,1176500
ATEC,2022-12-14,10.44,10.95,10.37,10.5,0.06,+0.57%,1385400
ATEC,2022-12-15,10.27,10.86,10.13,10.83,0.33,+3.14%,790800
ATEC,2022-12-16,10.58,10.97,10.18,10.71,-0.12,-1.11%,1283000
ATEC,2022-12-19,10.65,10.79,10.39,10.48,-0.23,-2.15%,529600
ATEC,2022-12-20,10.41,10.935,10.2748,10.39,-0.09,-0.86%,1173200
ATEC,2022-12-21,10.5,11.35,10.48,11.21,0.82,+7.89%,954400
ATEC,2022-12-22,11.1,11.74,10.895,11.7,0.49,+4.37%,918900
ATEC,2022-12-23,11.7,11.76,11.29,11.71,0.01,+0.09%,655700
ATEC,2022-12-27,11.72,11.82,11.27,11.35,-0.36,-3.07%,450900
ATEC,2022-12-28,11.47,11.61,11.13,11.29,-0.06,-0.53%,493300
ATEC,2022-12-29,11.42,12.23,11.33,12.06,0.77,+6.82%,639100
ATEC,2022-12-30,11.89,12.38,11.0005,12.35,0.29,+2.40%,738300
ATEC,2023-01-03,12.49,12.63,11.53,11.83,-0.52,-4.21%,670500
ATEC,2023-01-04,11.96,12.28,11.83,12.01,0.18,+1.52%,1376600
ATEC,2023-01-05,12.02,12.31,11.82,12.03,0.02,+0.17%,1244200
ATEC,2023-01-06,12.58,13.13,12.12,12.58,0.55,+4.57%,2248900
ATEC,2023-01-09,12.6,12.6,11.47,11.94,-0.64,-5.09%,2189600
ATEC,2023-01-10,11.96,12.61,11.8714,11.95,0.01,+0.08%,1434800
ATEC,2023-01-11,11.95,12.52,11.8,12.04,0.09,+0.75%,888500
ATEC,2023-01-12,12.44,12.72,11.88,12.69,0.65,+5.40%,760500
ATEC,2023-01-13,12.55,13.26,12.53,13.13,0.44,+3.47%,652000
ATEC,2023-01-17,13.11,13.31,12.89,12.97,-0.16,-1.22%,731900
ATEC,2023-01-18,13.04,13.545,12.96,13.49,0.52,+4.01%,861200
ATEC,2023-01-19,13.37,13.58,13.07,13.445,-0.045,-0.33%,987010
ATEC,2023-01-20,13.7,13.75,12.91,13.45,0.005,+0.04%,1341800
ATEC,2023-01-23,13.45,13.53,12.98,13.15,-0.3,-2.23%,887400
ATEC,2023-01-24,13.15,13.395,12.89,12.97,-0.18,-1.37%,439000
ATEC,2023-01-25,12.83,12.98,12.63,12.83,-0.14,-1.08%,432500
ATEC,2023-01-26,13,13.21,12.705,12.76,-0.07,-0.55%,356527
ATEC,2023-01-27,12.66,13.01,12.5399,12.94,0.18,+1.41%,1702300
ATEC,2023-01-30,12.79,13.08,12.35,12.74,-0.2,-1.55%,635600
ATEC,2023-01-31,12.81,13.04,12.66,13.02,0.28,+2.20%,607900
ATEC,2023-02-01,13.13,13.42,12.91,13.25,0.23,+1.77%,426600
ATEC,2023-02-02,13.38,13.79,13.025,13.28,0.03,+0.23%,1398200
ATEC,2023-02-03,13.11,13.6475,12.93,13.48,0.2,+1.51%,578800
ATEC,2023-02-06,13.48,13.48,12.99,13.04,-0.44,-3.26%,502200
ATEC,2023-02-07,12.98,13.27,12.77,13.24,0.2,+1.53%,496100
ATEC,2023-02-08,13.17,13.3832,12.91,12.91,-0.33,-2.49%,601800
ATEC,2023-02-09,13.76,14.28,13.6,14,1.09,+8.44%,2333600
ATEC,2023-02-10,13.84,14.12,13.39,13.79,-0.21,-1.50%,631800
ATEC,2023-02-13,13.79,13.87,13.4781,13.68,-0.11,-0.80%,656600
ATEC,2023-02-14,13.56,14.166,13.49,14,0.32,+2.34%,671500
ATEC,2023-02-15,13.84,14.74,13.65,14.72,0.72,+5.14%,977400
ATEC,2023-02-16,14.48,14.86,14.32,14.49,-0.23,-1.56%,859000
ATEC,2023-02-17,14.53,14.54,14.08,14.3,-0.19,-1.31%,550300
ATEC,2023-02-21,14.08,14.3,13.68,14.15,-0.15,-1.05%,1443300
ATEC,2023-02-22,14.16,14.5,13.98,14.34,0.19,+1.34%,695600
ATEC,2023-02-23,14.37,14.8,14.23,14.59,0.25,+1.74%,840700
ATEC,2023-02-24,14.34,14.89,14.22,14.8,0.21,+1.44%,643200
ATEC,2023-02-27,14.93,14.99,14.47,14.85,0.05,+0.34%,1173400
ATEC,2023-02-28,14.88,15.03,14.51,14.81,-0.04,-0.27%,1054200
ATEC,2023-03-01,14.86,16.15,14.535,15.09,0.28,+1.89%,2617100
ATEC,2023-03-02,14.92,15.72,14.2255,15.54,0.45,+2.98%,1761900
ATEC,2023-03-03,15.55,16.22,15.44,16.02,0.48,+3.09%,1213700
ATEC,2023-03-06,16.09,16.09,15.54,15.66,-0.36,-2.25%,845900
ATEC,2023-03-07,15.52,16.2,15.45,15.94,0.28,+1.79%,835100
ATEC,2023-03-08,16,16.34,15.9,15.9,-0.04,-0.25%,1484300
ATEC,2023-03-09,16.07,16.2918,15.5,15.72,-0.18,-1.13%,976700
ATEC,2023-03-10,15.7,15.7,14.04,14.3,-1.42,-9.03%,1851700
ATEC,2023-03-13,14.06,15.35,14,15.07,0.77,+5.38%,1203800
ATEC,2023-03-14,15.27,15.615,14.99,15.33,0.26,+1.73%,1181100
ATEC,2023-03-15,15.06,15.18,14.71,15.1,-0.23,-1.50%,817900
ATEC,2023-03-16,15.05,15.63,14.97,15.46,0.36,+2.38%,660200
ATEC,2023-03-17,15.33,15.72,15.21,15.3,-0.16,-1.03%,1243100
ATEC,2023-03-20,15.25,15.68,15.25,15.31,0.01,+0.07%,1078800
ATEC,2023-03-21,15.59,16.14,15.51,16,0.69,+4.51%,1222400
ATEC,2023-03-22,16,16.08,15.35,15.39,-0.61,-3.81%,710200
ATEC,2023-03-23,15.52,15.66,15.375,15.54,0.15,+0.97%,677000
ATEC,2023-03-24,15.5,15.875,15.34,15.82,0.28,+1.80%,467600
ATEC,2023-03-27,15.95,16.154,15.8,15.92,0.1,+0.63%,799700
ATEC,2023-03-28,15.83,16.15,15.53,15.54,-0.38,-2.39%,613800
ATEC,2023-03-29,15.77,15.79,15.26,15.44,-0.1,-0.64%,1034000
ATEC,2023-03-30,15.62,15.85,15.51,15.79,0.35,+2.27%,418600
ATEC,2023-03-31,15.9,16.19,15.48,15.6,-0.19,-1.20%,1324900
ATEC,2023-04-03,15.68,15.92,15.52,15.8,0.2,+1.28%,605300
ATEC,2023-04-04,15.86,15.985,15.56,15.93,0.13,+0.82%,445900
ATEC,2023-04-05,15.81,15.9,15.165,15.41,-0.52,-3.26%,590000
ATEC,2023-04-06,15.42,15.94,15.36,15.81,0.4,+2.60%,554600
ATEC,2023-04-10,15.73,15.94,15.61,15.94,0.13,+0.82%,1011800
ATEC,2023-04-11,15.99,16.52,15.97,16.2,0.26,+1.63%,880900
ATEC,2023-04-12,16.32,16.39,15.43,15.45,-0.75,-4.63%,711000
ATEC,2023-04-13,15.53,15.91,15.48,15.83,0.38,+2.46%,352400
ATEC,2023-04-14,15.85,15.95,15.49,15.6,-0.23,-1.45%,630600
ATEC,2023-04-17,15.71,15.93,15.49,15.67,0.07,+0.45%,1246500
ATEC,2023-04-18,15.73,15.89,15.5,15.69,0.02,+0.13%,607700
ATEC,2023-04-19,15.62,16.39,15.58,16.38,0.69,+4.40%,709100
ATEC,2023-04-20,16.37,17.13,15.93,16.37,-0.01,-0.06%,3894800
ATEC,2023-04-21,16.36,16.54,15.83,16.15,-0.22,-1.34%,1404500
ATEC,2023-04-24,16.08,16.14,15.28,15.49,-0.66,-4.09%,1240200
ATEC,2023-04-25,15.43,15.58,14.645,14.95,-0.54,-3.49%,1434100
ATEC,2023-04-26,15.03,15.03,14.7101,14.88,-0.07,-0.47%,559000
ATEC,2023-04-27,14.92,15,14.59,14.67,-0.21,-1.41%,637700
ATEC,2023-04-28,14.57,14.85,14.42,14.44,-0.23,-1.57%,674900
ATEC,2023-05-01,14.35,14.83,14.33,14.74,0.3,+2.08%,1098000
ATEC,2023-05-02,14.71,14.78,14.34,14.45,-0.29,-1.97%,861300
ATEC,2023-05-03,14.38,15.06,14.34,14.7,0.25,+1.73%,1097900
ATEC,2023-05-04,14.67,14.76,14.175,14.66,-0.04,-0.27%,1214100
ATEC,2023-05-05,15.25,15.7202,14.75,15.16,0.5,+3.41%,2561900
ATEC,2023-05-08,14.93,15.01,14.44,14.85,-0.31,-2.04%,1075100
ATEC,2023-05-09,14.73,15.34,14.58,15.26,0.41,+2.76%,1574800
ATEC,2023-05-10,15.42,15.89,15.19,15.605,0.345,+2.26%,1569300
ATEC,2023-05-11,15.52,15.57,14.92,15.05,-0.555,-3.56%,1357300
ATEC,2023-05-12,15.2,15.68,14.92,15.59,0.54,+3.59%,1101200
ATEC,2023-05-15,15.59,15.59,14.83,14.83,-0.76,-4.87%,1208100
ATEC,2023-05-16,14.75,15.34,14.635,15.19,0.36,+2.43%,1011200
ATEC,2023-05-17,15.27,15.37,14.855,15.26,0.07,+0.46%,1151900
ATEC,2023-05-18,15.26,15.62,15.1375,15.33,0.07,+0.46%,1052100
ATEC,2023-05-19,15.56,15.89,15.11,15.165,-0.165,-1.08%,661500
ATEC,2023-05-22,15.17,15.71,15.17,15.6,0.435,+2.87%,706400
ATEC,2023-05-23,15.6,16.06,14.795,14.97,-0.63,-4.04%,1511500
ATEC,2023-05-24,14.96,15.07,14.49,15.02,0.05,+0.33%,1149900
ATEC,2023-05-25,15.11,15.319,14.605,14.74,-0.28,-1.86%,563300
ATEC,2023-05-26,14.73,14.91,14.175,14.32,-0.42,-2.85%,1024500
ATEC,2023-05-30,14.18,14.995,14.1,14.84,0.52,+3.63%,730900
ATEC,2023-05-31,14.84,15.34,14.76,15.16,0.32,+2.16%,939000
ATEC,2023-06-01,15.16,15.43,14.97,15.32,0.16,+1.06%,725300
ATEC,2023-06-02,15.51,15.52,15.02,15.36,0.04,+0.26%,711000
ATEC,2023-06-05,15.27,15.555,15.2435,15.39,0.03,+0.20%,453800
ATEC,2023-06-06,15.32,15.7,15.14,15.34,-0.05,-0.32%,1323900
ATEC,2023-06-07,15.35,15.6,15.16,15.25,-0.09,-0.59%,768900
ATEC,2023-06-08,15.23,15.55,14.99,15.3,0.05,+0.33%,884800
ATEC,2023-06-09,15.3,15.57,15.05,15.12,-0.18,-1.18%,864800
ATEC,2023-06-12,15.21,15.82,14.94,15.34,0.22,+1.46%,1389000
ATEC,2023-06-13,15.32,15.94,15.32,15.69,0.35,+2.28%,1103900
ATEC,2023-06-14,15.94,16.549,15.88,16.32,0.63,+4.02%,1738600
ATEC,2023-06-15,16.23,16.53,15.9,16.13,-0.19,-1.16%,1207600
ATEC,2023-06-16,16.3,16.33,15.3,15.35,-0.78,-4.84%,1719000
ATEC,2023-06-20,15.23,15.608,14.99,15.55,0.2,+1.30%,1256600
ATEC,2023-06-21,15.53,15.71,15.17,15.5,-0.05,-0.32%,886100
ATEC,2023-06-22,15.5,16.25,15.5,16.04,0.54,+3.48%,1116600
ATEC,2023-06-23,15.9,16.67,15.9,16.25,0.21,+1.31%,2963300
ATEC,2023-06-26,16.6,17.92,16.4,17.68,1.43,+8.80%,3327100
ATEC,2023-06-27,18.27,18.33,17.22,17.8,0.12,+0.68%,2053400
ATEC,2023-06-28,17.84,18.59,17.72,18.03,0.23,+1.29%,3268900
ATEC,2023-06-29,18.03,18.4958,17.67,17.71,-0.32,-1.77%,1280400
ATEC,2023-06-30,17.85,18.49,17.85,17.98,0.27,+1.52%,1681200
ATEC,2023-07-03,17.88,18,17.51,17.59,-0.39,-2.17%,556300
ATEC,2023-07-05,17.51,18,17.44,17.51,-0.08,-0.45%,993600
ATEC,2023-07-06,17.28,17.4,16.91,17.2,-0.31,-1.77%,1129100
ATEC,2023-07-07,17.22,17.39,17.02,17.19,-0.01,-0.06%,627400
ATEC,2023-07-10,17.36,18.26,17.27,18.04,0.85,+4.94%,1963200
ATEC,2023-07-11,18.1,18.24,17.76,18.2,0.16,+0.89%,914100
ATEC,2023-07-12,18.23,18.73,17.961,18.62,0.42,+2.31%,1327500
ATEC,2023-07-13,18.7,18.96,18.255,18.8,0.18,+0.97%,2539200
ATEC,2023-07-14,18.75,18.9357,18.09,18.46,-0.34,-1.81%,1157000
ATEC,2023-07-17,18.45,19.14,18.365,18.72,0.26,+1.41%,1356200
ATEC,2023-07-18,18.65,18.75,18.24,18.62,-0.1,-0.53%,1658300
ATEC,2023-07-19,18.65,18.8199,17.88,17.95,-0.67,-3.60%,1029600
ATEC,2023-07-20,17.91,17.95,17.6692,17.77,-0.18,-1.00%,658100
ATEC,2023-07-21,17.9,18.19,17.75,17.9,0.13,+0.73%,842000
ATEC,2023-07-24,17.9,18.015,17.23,17.385,-0.515,-2.88%,797600
ATEC,2023-07-25,17.23,17.64,17.2,17.23,-0.155,-0.89%,1041300
ATEC,2023-07-26,17.16,17.3938,17.01,17.31,0.08,+0.46%,582300
ATEC,2023-07-27,17.49,17.6,17.12,17.17,-0.14,-0.81%,548700
ATEC,2023-07-28,17.28,17.85,17.28,17.49,0.32,+1.86%,653200
ATEC,2023-07-31,17.54,17.77,17.33,17.67,0.18,+1.03%,1015300
ATEC,2023-08-01,16.64,18.085,16.47,17.79,0.12,+0.68%,1472500
ATEC,2023-08-02,17.54,17.62,17.01,17.14,-0.65,-3.65%,1571000
ATEC,2023-08-03,17.01,17.18,16.645,16.88,-0.26,-1.52%,2008300
ATEC,2023-08-04,16.99,18.32,15.6,15.93,-0.95,-5.63%,2980800
ATEC,2023-08-07,15.99,16.63,15.935,16.14,0.21,+1.32%,1240000
ATEC,2023-08-08,16,16.1099,15.33,15.35,-0.79,-4.89%,1268700
ATEC,2023-08-09,15.22,15.56,14.945,15.02,-0.33,-2.15%,1103800
ATEC,2023-08-10,15.08,15.2,14.9,14.95,-0.07,-0.47%,1364500
ATEC,2023-08-11,15.05,15.245,14.67,14.9,-0.05,-0.33%,1643900
ATEC,2023-08-14,14.82,14.95,14.62,14.93,0.03,+0.20%,834500
ATEC,2023-08-15,14.92,15,14.64,14.88,-0.05,-0.33%,544700
ATEC,2023-08-16,14.88,14.88,14.365,14.39,-0.49,-3.29%,1348400
ATEC,2023-08-17,14.41,14.5,13.79,13.81,-0.58,-4.03%,1216000
ATEC,2023-08-18,13.69,14.515,13.641,14.41,0.6,+4.34%,1639000
ATEC,2023-08-21,14.43,14.665,14.36,14.41,0,0.00%,667300
ATEC,2023-08-22,14.48,14.95,14.33,14.89,0.48,+3.33%,1198100
ATEC,2023-08-23,15.01,15.175,14.83,15.05,0.16,+1.07%,784500
ATEC,2023-08-24,15.1,15.14,14.62,14.66,-0.39,-2.59%,763600
ATEC,2023-08-25,14.65,14.86,14.44,14.7,0.04,+0.27%,745000
ATEC,2023-08-28,14.81,15.2672,14.76,15.21,0.51,+3.47%,783800
ATEC,2023-08-29,15.2,15.89,15.065,15.61,0.4,+2.63%,1028900
ATEC,2023-08-30,15.64,16.35,15.64,16.17,0.56,+3.59%,1117400
ATEC,2023-08-31,16.27,16.475,16.07,16.35,0.18,+1.11%,1021300
ATEC,2023-09-01,16.5,16.62,16.05,16.25,-0.1,-0.61%,745000
ATEC,2023-09-05,16.13,16.25,15.51,15.65,-0.6,-3.69%,645900
ATEC,2023-09-06,15.65,15.9779,15.65,15.79,0.14,+0.89%,567700
ATEC,2023-09-07,15.72,15.72,14.908,15.25,-0.54,-3.42%,1004600
ATEC,2023-09-08,15.18,15.495,14.115,14.2,-1.05,-6.89%,1214200
ATEC,2023-09-11,14.31,14.84,14.14,14.78,0.58,+4.08%,913600
ATEC,2023-09-12,14.61,14.82,13.79,13.93,-0.85,-5.75%,1263200
ATEC,2023-09-13,13.99,14.48,13.92,13.95,0.02,+0.14%,676200
ATEC,2023-09-14,13.9,14.12,13.8,14.04,0.09,+0.65%,653300
ATEC,2023-09-15,14.04,14.12,13.43,13.46,-0.58,-4.13%,2279800
ATEC,2023-09-18,13.45,13.78,13.33,13.51,0.05,+0.37%,1123800
ATEC,2023-09-19,13.46,13.62,13.28,13.38,-0.13,-0.96%,700300
ATEC,2023-09-20,13.48,13.595,13.165,13.18,-0.2,-1.49%,816400
ATEC,2023-09-21,13,13.04,12.08,12.42,-0.76,-5.77%,2577800
ATEC,2023-09-22,12.47,12.8,12.375,12.77,0.35,+2.82%,1291900
ATEC,2023-09-25,12.73,12.8,12.24,12.4,-0.37,-2.90%,908800
ATEC,2023-09-26,12.35,12.6,12.31,12.53,0.13,+1.05%,1058600
ATEC,2023-09-27,12.55,13.02,12.48,12.98,0.45,+3.59%,1211900
ATEC,2023-09-28,12.99,13.37,12.95,13.05,0.07,+0.54%,1309900
ATEC,2023-09-29,13.23,13.265,12.87,12.97,-0.08,-0.61%,1215400
ATEC,2023-10-02,12.97,12.97,12.435,12.58,-0.39,-3.01%,626000
ATEC,2023-10-03,12.45,12.56,11.63,11.83,-0.75,-5.96%,1415200
ATEC,2023-10-04,11.85,11.872,11.095,11.25,-0.58,-4.90%,2419700
ATEC,2023-10-05,11.3,11.45,10.525,11.15,-0.1,-0.89%,1940400
ATEC,2023-10-06,11.1,11.35,10.95,11.31,0.16,+1.43%,1235400
ATEC,2023-10-09,11.24,11.345,11.015,11.29,-0.02,-0.18%,918600
ATEC,2023-10-10,11.29,12.06,11.27,11.87,0.58,+5.14%,1497300
ATEC,2023-10-11,11.86,12.01,11.41,11.5,-0.37,-3.12%,1227900
ATEC,2023-10-12,11.5,11.5,10.82,11.01,-0.49,-4.26%,1466000
ATEC,2023-10-13,11.02,11.235,10.7203,11.21,0.2,+1.82%,2341500
ATEC,2023-10-16,12.17,12.17,10.31,11.53,0.32,+2.85%,2713200
ATEC,2023-10-17,11.33,12.22,11.22,11.82,0.29,+2.52%,1939500
ATEC,2023-10-18,11.74,12.22,11.57,11.81,-0.01,-0.08%,1258800
ATEC,2023-10-19,11.81,12.11,11.65,11.85,0.04,+0.34%,1418400
ATEC,2023-10-20,12.12,12.5,11.86,12.25,0.4,+3.38%,2278300
ATEC,2023-10-23,12.2,13.11,12.14,12.89,0.64,+5.22%,2345800
ATEC,2023-10-24,13.02,13.11,12.63,12.82,-0.07,-0.54%,899700
ATEC,2023-10-25,10.5,10.56,10.02,10.1,-2.72,-21.22%,13519900
ATEC,2023-10-26,10.08,10.2,9.63,9.84,-0.26,-2.57%,3382200
ATEC,2023-10-27,10.09,10.15,9.44,9.55,-0.29,-2.95%,3449100
ATEC,2023-10-30,9.58,9.58,8.66,8.89,-0.66,-6.91%,6016100
ATEC,2023-10-31,8.97,9.46,8.96,9.18,0.29,+3.26%,2832900
ATEC,2023-11-01,9.14,9.52,8.98,9.48,0.3,+3.27%,2682800
ATEC,2023-11-02,9.57,9.965,9.47,9.83,0.35,+3.69%,3028100
ATEC,2023-11-03,9.95,10.57,9.95,10.36,0.53,+5.39%,2626400
ATEC,2023-11-06,10.36,10.46,10.22,10.31,-0.05,-0.48%,1619800
ATEC,2023-11-07,11,11.39,10.66,10.85,0.54,+5.24%,4444700
ATEC,2023-11-08,10.83,10.93,10.24,10.57,-0.28,-2.58%,1802900
ATEC,2023-11-09,10.64,10.7,10.01,10.12,-0.45,-4.26%,1824300
ATEC,2023-11-10,10.22,10.23,9.89,10.2,0.08,+0.79%,1231100
ATEC,2023-11-13,10.19,10.51,9.94,9.94,-0.26,-2.55%,2434100
ATEC,2023-11-14,10.36,10.64,10.155,10.63,0.69,+6.94%,3194000
ATEC,2023-11-15,10.62,11.28,10.62,11.2,0.57,+5.36%,2795000
ATEC,2023-11-16,11.21,11.4,10.99,11.38,0.18,+1.61%,2648400
ATEC,2023-11-17,11.48,11.65,10.91,11,-0.38,-3.34%,2755300
ATEC,2023-11-20,11.05,11.51,11.015,11.37,0.37,+3.36%,1929300
ATEC,2023-11-21,11.34,11.49,10.965,11.46,0.09,+0.79%,2091600
ATEC,2023-11-22,11.64,11.96,11.55,11.78,0.32,+2.79%,1552600
ATEC,2023-11-24,11.72,11.98,11.72,11.87,0.09,+0.76%,452200
ATEC,2023-11-27,11.83,12,11.81,11.95,0.08,+0.67%,1063600
ATEC,2023-11-28,11.88,11.97,11.46,11.71,-0.24,-2.01%,1401700
ATEC,2023-11-29,11.83,12.23,11.76,11.94,0.23,+1.96%,1372800
ATEC,2023-11-30,12,12.155,11.78,11.87,-0.07,-0.59%,1650700
ATEC,2023-12-01,11.8,12.625,11.69,12.58,0.71,+5.98%,1755500
ATEC,2023-12-04,12.51,12.85,12.49,12.75,0.17,+1.35%,1473700
ATEC,2023-12-05,12.64,12.95,12.45,12.81,0.06,+0.47%,2396700
ATEC,2023-12-06,12.93,13.005,12.47,12.52,-0.29,-2.26%,1476800
ATEC,2023-12-07,12.51,12.66,12.3416,12.57,0.05,+0.40%,1516900
ATEC,2023-12-08,12.46,12.87,12.445,12.71,0.14,+1.11%,1345300
ATEC,2023-12-11,12.74,12.77,12.49,12.66,-0.05,-0.39%,1234500
ATEC,2023-12-12,12.64,12.69,12.4,12.61,-0.05,-0.39%,1172600
ATEC,2023-12-13,12.6,13.47,12.55,13.4,0.79,+6.26%,1789700
ATEC,2023-12-14,13.6,14.38,13.455,13.91,0.51,+3.81%,4142200
ATEC,2023-12-15,13.98,14.01,13.33,13.43,-0.48,-3.45%,4356800
ATEC,2023-12-18,13.36,13.835,13.22,13.55,0.12,+0.89%,1417800
ATEC,2023-12-19,13.94,14.5,13.49,14.46,0.91,+6.72%,3451800
ATEC,2023-12-20,14.41,14.865,14.29,14.5,0.04,+0.28%,2437000
ATEC,2023-12-21,14.75,15.04,14.65,15.03,0.53,+3.66%,1587900
ATEC,2023-12-22,15.14,15.235,14.83,15.09,0.06,+0.40%,1260000
ATEC,2023-12-26,15.14,15.39,14.9701,15.34,0.25,+1.66%,1296100
ATEC,2023-12-27,15.35,15.42,15.11,15.31,-0.03,-0.20%,2079000
ATEC,2023-12-28,15.27,15.48,15.12,15.36,0.05,+0.33%,1120700
ATEC,2023-12-29,15.26,15.465,15.07,15.11,-0.25,-1.63%,1273600
ATEC,2024-01-02,14.82,15.05,14.57,14.85,-0.26,-1.72%,1300500
ATEC,2024-01-03,14.65,14.65,13.99,14.11,-0.74,-4.98%,1610200
ATEC,2024-01-04,14.1,14.375,13.98,14.09,-0.02,-0.14%,1074000
ATEC,2024-01-05,13.92,14.1,13.62,13.74,-0.35,-2.48%,1891400
ATEC,2024-01-08,14.12,15.155,14.07,14.99,1.25,+9.10%,2218200
ATEC,2024-01-09,14.72,15.125,14.6,14.77,-0.22,-1.47%,1115200
ATEC,2024-01-10,14.78,15,14.52,14.97,0.2,+1.35%,1176500
ATEC,2024-01-11,14.93,15.11,14.785,14.95,-0.02,-0.13%,1114500
ATEC,2024-01-12,15.1,15.45,14.84,14.94,-0.01,-0.07%,1596800
ATEC,2024-01-16,14.77,15.2166,14.57,15.05,0.11,+0.74%,2307600
ATEC,2024-01-17,14.79,15.16,14.68,15.11,0.06,+0.40%,1256600
ATEC,2024-01-18,15.28,15.3975,15.01,15.28,0.17,+1.13%,952000
ATEC,2024-01-19,15.35,15.52,15.115,15.44,0.16,+1.05%,1430400
ATEC,2024-01-22,15.7,16.175,15.695,15.91,0.47,+3.04%,1539100
ATEC,2024-01-23,16.08,16.08,15.575,16,0.09,+0.57%,1010200
ATEC,2024-01-24,16.28,16.35,15.88,15.9,-0.1,-0.63%,1092900
ATEC,2024-01-25,16.19,16.34,16.01,16.13,0.23,+1.45%,1543000
ATEC,2024-01-26,16.24,16.315,15.9995,16.25,0.12,+0.74%,983000
ATEC,2024-01-29,16.3,16.715,16.15,16.67,0.42,+2.58%,939900
ATEC,2024-01-30,16.68,16.81,16.17,16.34,-0.33,-1.98%,1204700
ATEC,2024-01-31,16.33,16.74,16.07,16.09,-0.25,-1.53%,1583300
ATEC,2024-02-01,16.24,16.835,16.2,16.68,0.59,+3.67%,1028400
ATEC,2024-02-02,16.48,16.795,16.28,16.62,-0.06,-0.36%,985600
ATEC,2024-02-05,16.41,16.635,16.34,16.35,-0.27,-1.62%,917800
ATEC,2024-02-06,16.38,16.675,16.25,16.6,0.25,+1.53%,650900
ATEC,2024-02-07,16.68,16.7399,16.3,16.3,-0.3,-1.81%,1311900
ATEC,2024-02-08,16.35,16.66,16.14,16.65,0.35,+2.15%,1165300
ATEC,2024-02-09,17,17.339,16.73,16.78,0.13,+0.78%,2093700
ATEC,2024-02-12,16.73,16.84,16.295,16.38,-0.4,-2.38%,1563400
ATEC,2024-02-13,15.65,16.25,15.28,15.97,-0.41,-2.50%,1238200
ATEC,2024-02-14,16.16,16.23,15.6,15.79,-0.18,-1.13%,1754100
ATEC,2024-02-15,15.96,16.2,15.57,15.64,-0.15,-0.95%,1727900
ATEC,2024-02-16,15.46,15.98,15.19,15.52,-0.12,-0.77%,1952700
ATEC,2024-02-20,15.22,15.43,14.97,15.4,-0.12,-0.77%,1208500
ATEC,2024-02-21,15.24,15.47,15.13,15.37,-0.03,-0.19%,1729900
ATEC,2024-02-22,15.4,15.505,15.25,15.39,0.02,+0.13%,1135700
ATEC,2024-02-23,15.16,15.69,14.875,15.27,-0.12,-0.78%,1542700
ATEC,2024-02-26,15.12,15.18,14.93,15.09,-0.18,-1.18%,1621700
ATEC,2024-02-27,15.14,15.41,14.93,15.34,0.25,+1.66%,2009100
ATEC,2024-02-28,14.46,15.01,13.5,13.98,-1.36,-8.87%,4295300
ATEC,2024-02-29,14.21,14.22,13.23,13.43,-0.55,-3.93%,2580300
ATEC,2024-03-01,13.46,13.64,13.103,13.42,-0.01,-0.07%,2181200
ATEC,2024-03-04,13.6,13.64,13.23,13.49,0.07,+0.52%,2036300
ATEC,2024-03-05,13.4,13.535,13.09,13.18,-0.31,-2.30%,1570700
ATEC,2024-03-06,12.79,13.295,12.79,13.02,-0.16,-1.21%,2014500
ATEC,2024-03-07,13.15,13.23,12.705,12.89,-0.13,-1.00%,1649900
ATEC,2024-03-08,12.98,13.18,12.715,12.8,-0.09,-0.70%,1518862
ATEC,2024-03-11,12.98,13.16,12.83,13.16,0.36,+2.81%,2087900
ATEC,2024-03-12,13.15,13.42,13.04,13.33,0.17,+1.29%,1725600
ATEC,2024-03-13,13.45,13.865,13.3914,13.79,0.46,+3.45%,1849900
ATEC,2024-03-14,13.83,13.87,13.24,13.35,-0.44,-3.19%,1579300
ATEC,2024-03-15,13.24,13.44,13.025,13.09,-0.26,-1.95%,2274800
ATEC,2024-03-18,13.12,13.815,12.845,13.51,0.42,+3.21%,2602000
ATEC,2024-03-19,13.49,14.27,13.235,14.15,0.64,+4.74%,1932900
ATEC,2024-03-20,14.65,14.88,13.625,13.78,-0.37,-2.61%,2102000
ATEC,2024-03-21,13.94,14.2,13.71,13.73,-0.05,-0.36%,1589400
ATEC,2024-03-22,13.69,13.69,12.895,13.22,-0.51,-3.71%,2001300
ATEC,2024-03-25,13.36,13.66,13.31,13.61,0.39,+2.95%,1606600
ATEC,2024-03-26,13.77,13.77,13.23,13.41,-0.2,-1.47%,1150700
ATEC,2024-03-27,13.61,14,13.44,13.8,0.39,+2.91%,5904300
ATEC,2024-03-28,13.88,14.18,13.74,13.79,-0.01,-0.07%,1603200
ATEC,2024-04-01,13.71,14,13.45,13.96,0.17,+1.23%,1793400
ATEC,2024-04-02,13.68,13.68,13.005,13.49,-0.47,-3.37%,2697600
ATEC,2024-04-03,13.5,13.75,13.37,13.5,0.01,+0.07%,1613500
ATEC,2024-04-04,13.63,13.74,13.31,13.39,-0.11,-0.81%,1514300
ATEC,2024-04-05,13.39,13.82,13.315,13.8,0.41,+3.06%,1141400
ATEC,2024-04-08,13.88,14.155,13.69,14,0.2,+1.45%,1072300
ATEC,2024-04-09,14.07,14.54,14.07,14.26,0.26,+1.86%,1567000
ATEC,2024-04-10,13.86,14.18,13.7,14.13,-0.13,-0.91%,972400
ATEC,2024-04-11,14.28,14.28,13.78,13.78,-0.35,-2.48%,908800
ATEC,2024-04-12,13.61,13.72,13.02,13.3,-0.48,-3.48%,1359000
ATEC,2024-04-15,13.44,13.495,13.07,13.1,-0.2,-1.50%,1065900
ATEC,2024-04-16,13.04,13.2,12.845,13.19,0.09,+0.69%,957500
ATEC,2024-04-17,13.34,13.34,12.51,12.51,-0.68,-5.16%,1135700
ATEC,2024-04-18,12.54,12.625,12.29,12.34,-0.17,-1.36%,2314800
ATEC,2024-04-19,12.27,12.79,12.27,12.54,0.2,+1.62%,1331300
ATEC,2024-04-22,12.5,12.81,12.31,12.79,0.25,+1.99%,1659600
ATEC,2024-04-23,12.81,13.02,12.59,12.93,0.14,+1.09%,1347700
ATEC,2024-04-24,12.88,13.08,12.545,12.74,-0.19,-1.47%,1273000
ATEC,2024-04-25,12.51,12.62,12.115,12.24,-0.5,-3.92%,1341100
ATEC,2024-04-26,12.27,12.68,12.24,12.44,0.2,+1.63%,1260600
ATEC,2024-04-29,12.5,12.7,12.32,12.59,0.15,+1.21%,1516500
ATEC,2024-04-30,12.58,12.93,12.47,12.62,0.03,+0.24%,1132400
ATEC,2024-05-01,12.68,13.41,12.535,12.97,0.35,+2.77%,1157000
ATEC,2024-05-02,13.18,13.265,12.79,13.21,0.24,+1.85%,1281900
ATEC,2024-05-03,13.56,13.73,13.255,13.65,0.44,+3.33%,1081600
ATEC,2024-05-06,13.68,13.79,13.035,13.28,-0.37,-2.71%,1085800
ATEC,2024-05-07,13.25,13.63,13.14,13.58,0.3,+2.26%,1630400
ATEC,2024-05-08,11.64,12.12,10.59,10.6,-2.98,-21.94%,9065000
ATEC,2024-05-09,10.6,11.8293,10.405,11.34,0.74,+6.98%,4209100
ATEC,2024-05-10,11.38,11.59,11.095,11.52,0.18,+1.59%,1936800
ATEC,2024-05-13,11.55,11.88,11.14,11.14,-0.38,-3.30%,1770700
ATEC,2024-05-14,11.17,11.46,10.71,10.87,-0.27,-2.42%,1785300
ATEC,2024-05-15,11.02,11.51,10.84,11.47,0.6,+5.52%,2037000
ATEC,2024-05-16,11.46,11.72,11.335,11.43,-0.04,-0.35%,1655200
ATEC,2024-05-17,11.48,11.495,10.83,11.05,-0.38,-3.32%,1364000
ATEC,2024-05-20,11.05,11.18,10.85,11.03,-0.02,-0.18%,1543600
ATEC,2024-05-21,11,11.1643,10.61,10.68,-0.35,-3.17%,1059800
ATEC,2024-05-22,10.7,10.89,10.62,10.76,0.08,+0.75%,807800
ATEC,2024-05-23,10.71,10.71,10.05,10.1,-0.66,-6.13%,1107800
ATEC,2024-05-24,10.12,10.2255,9.985,10.12,0.02,+0.20%,1329800
ATEC,2024-05-28,10.21,10.39,10.165,10.28,0.16,+1.58%,874000
ATEC,2024-05-29,10.16,10.3,10.11,10.23,-0.05,-0.49%,1571400
ATEC,2024-05-30,10.28,10.72,10.12,10.13,-0.1,-0.98%,941900
ATEC,2024-05-31,10.19,10.27,9.66,9.71,-0.42,-4.15%,1665400
ATEC,2024-06-03,9.84,9.84,9.375,9.5,-0.21,-2.16%,2206500
ATEC,2024-06-04,9.5,9.655,9.26,9.49,-0.01,-0.11%,1585900
ATEC,2024-06-05,9.5,9.95,9.25,9.94,0.45,+4.74%,1241700
ATEC,2024-06-06,9.9,10.39,9.86,10.255,0.315,+3.17%,1594900
ATEC,2024-06-07,10.12,10.365,10.0046,10.29,0.035,+0.34%,1574000
ATEC,2024-06-10,10.2,10.64,10.145,10.25,-0.04,-0.39%,1416000
ATEC,2024-06-11,10.19,10.49,9.9,10.35,0.1,+0.98%,1465400
ATEC,2024-06-12,10.57,11.22,10.55,10.78,0.43,+4.15%,1298200
ATEC,2024-06-13,10.75,10.925,10.55,10.72,-0.06,-0.56%,882300
ATEC,2024-06-14,10.64,10.745,10.51,10.66,-0.06,-0.56%,763200
ATEC,2024-06-17,10.57,10.665,10.38,10.48,-0.18,-1.69%,1066800
ATEC,2024-06-18,10.46,10.815,10.31,10.38,-0.1,-0.95%,1375700
ATEC,2024-06-20,10.36,10.64,10.24,10.25,-0.13,-1.25%,1230600
ATEC,2024-06-21,10.31,10.41,10.06,10.09,-0.16,-1.56%,2080600
ATEC,2024-06-24,10.1,10.25,9.775,9.93,-0.16,-1.59%,1139300
ATEC,2024-06-25,9.91,10.14,9.85,10.13,0.2,+2.01%,1081300
ATEC,2024-06-26,10.11,10.46,9.945,10.41,0.28,+2.76%,1214600
ATEC,2024-06-27,10.38,10.58,10.08,10.39,-0.02,-0.19%,1021000
ATEC,2024-06-28,10.49,10.63,10.295,10.45,0.06,+0.58%,5099100
ATEC,2024-07-01,10.45,10.47,9.88,9.98,-0.47,-4.50%,1457000
ATEC,2024-07-02,9.94,10.06,9.835,9.9,-0.08,-0.80%,1159500
ATEC,2024-07-03,9.96,10.14,9.855,9.98,0.08,+0.81%,458900
ATEC,2024-07-05,9.95,10.29,9.84,10.29,0.31,+3.11%,596400
ATEC,2024-07-08,10.84,10.84,10.475,10.73,0.44,+4.28%,1665200
ATEC,2024-07-09,10.75,10.9,10.65,10.84,0.11,+1.03%,868900
ATEC,2024-07-10,10.85,10.89,10.525,10.77,-0.07,-0.65%,1037900
ATEC,2024-07-11,10.92,11.28,10.73,10.96,0.19,+1.76%,1781300
ATEC,2024-07-12,11,11.315,10.988,11.25,0.29,+2.65%,1568400
ATEC,2024-07-15,11.31,11.53,11.22,11.42,0.17,+1.51%,1373300
ATEC,2024-07-16,11.52,11.88,11.44,11.87,0.45,+3.94%,1256600
ATEC,2024-07-17,11.63,11.97,11.63,11.74,-0.13,-1.10%,1163100
ATEC,2024-07-18,11.75,11.92,10.94,11.06,-0.68,-5.79%,1327300
ATEC,2024-07-19,11.11,11.195,10.76,11.09,0.03,+0.27%,761900
ATEC,2024-07-22,11.22,11.41,10.75,10.9,-0.19,-1.71%,1355300
ATEC,2024-07-23,10.88,11.16,10.78,11.02,0.12,+1.10%,950300
ATEC,2024-07-24,10.92,11.38,10.84,10.91,-0.11,-1.00%,1258700
ATEC,2024-07-25,10.81,11.295,10.75,10.87,-0.04,-0.37%,1458700
ATEC,2024-07-26,11.03,11.03,10.605,10.91,0.04,+0.37%,1239300
ATEC,2024-07-29,10.94,11.0199,9.715,10,-0.91,-8.34%,2942400
ATEC,2024-07-30,10,10.13,9.73,9.88,-0.12,-1.20%,1881400
ATEC,2024-07-31,9.9,10.29,9.54,10.1,0.22,+2.23%,3034000
ATEC,2024-08-01,7.9,8.1,6.51,6.64,-3.46,-34.26%,15646700
ATEC,2024-08-02,6.55,6.775,6.24,6.3,-0.34,-5.12%,5596300
ATEC,2024-08-05,5.98,6.57,5.74,6.55,0.25,+3.97%,6495500
ATEC,2024-08-06,6.55,6.725,6.305,6.49,-0.06,-0.92%,3422100
ATEC,2024-08-07,6.5,6.67,5.98,6.1,-0.39,-6.01%,3633800
ATEC,2024-08-08,6.1,6.33,6.1,6.33,0.23,+3.77%,4528700
ATEC,2024-08-09,6.38,6.42,6.14,6.31,-0.02,-0.32%,1552200
ATEC,2024-08-12,6.31,6.43,6.08,6.22,-0.09,-1.43%,1267400
ATEC,2024-08-13,6.28,6.295,6,6.03,-0.19,-3.05%,2343800
ATEC,2024-08-14,6.05,6.185,5.93,6.16,0.13,+2.16%,1469200
ATEC,2024-08-15,6.24,6.75,6.22,6.32,0.16,+2.60%,2253100
ATEC,2024-08-16,6.3,6.3871,6.075,6.17,-0.15,-2.37%,1517700
ATEC,2024-08-19,6.2,6.28,6,6.05,-0.12,-1.94%,2160800
ATEC,2024-08-20,6.05,6.11,5.875,5.89,-0.16,-2.64%,1722600
ATEC,2024-08-21,5.92,6.01,5.645,5.68,-0.21,-3.57%,2979800
ATEC,2024-08-22,5.86,6,5.57,5.69,0.01,+0.18%,2960000
ATEC,2024-08-23,5.75,6.04,5.71,5.74,0.05,+0.88%,2798000
ATEC,2024-08-26,5.79,6.0099,5.68,5.94,0.2,+3.48%,4331600
ATEC,2024-08-27,6.04,6.6199,6.035,6.32,0.38,+6.40%,4898700
ATEC,2024-08-28,6.28,6.43,6.13,6.25,-0.07,-1.11%,1687500
ATEC,2024-08-29,6.28,7.24,6.265,6.85,0.6,+9.60%,3421900
ATEC,2024-08-30,6.88,7.01,6.71,6.9,0.05,+0.73%,2092400
ATEC,2024-09-03,6.86,6.995,6.73,6.8,-0.1,-1.45%,1869800
ATEC,2024-09-04,6.8,6.8993,6.5601,6.75,-0.05,-0.74%,1826300
ATEC,2024-09-05,6.77,6.95,6.63,6.65,-0.1,-1.48%,1482200
ATEC,2024-09-06,6.65,6.735,5.82,6.415,-0.235,-3.53%,2398400
ATEC,2024-09-09,6.63,6.67,5.62,5.65,-0.765,-11.93%,2722400
ATEC,2024-09-10,5.65,5.71,5.31,5.565,-0.085,-1.50%,2519300
ATEC,2024-09-11,5.56,5.56,5.28,5.45,-0.115,-2.07%,1795000
ATEC,2024-09-12,5.46,5.58,5.36,5.48,0.03,+0.55%,1687100
ATEC,2024-09-13,5.53,5.76,5.505,5.59,0.11,+2.01%,1454900
ATEC,2024-09-16,5.61,6.04,5.5203,5.91,0.32,+5.72%,1421400
ATEC,2024-09-17,5.97,6.28,5.93,5.95,0.04,+0.68%,1624500
ATEC,2024-09-18,5.95,6.63,5.91,6.15,0.2,+3.36%,2327000
ATEC,2024-09-19,6.36,6.43,6.145,6.21,0.06,+0.98%,1811600
ATEC,2024-09-20,6.14,6.255,5.97,6.03,-0.18,-2.90%,2314100
ATEC,2024-09-23,6.03,6.04,5.45,5.56,-0.47,-7.79%,1781400
ATEC,2024-09-24,5.57,5.685,5.445,5.59,0.03,+0.54%,1147100
ATEC,2024-09-25,5.59,5.6837,5.42,5.55,-0.04,-0.72%,1327700
ATEC,2024-09-26,5.6,5.86,5.37,5.49,-0.06,-1.08%,2424800
ATEC,2024-09-27,5.57,5.9,5.51,5.56,0.07,+1.28%,1531100
ATEC,2024-09-30,5.54,5.71,5.48,5.56,0,0.00%,1541900
ATEC,2024-10-01,5.54,5.65,5.18,5.27,-0.29,-5.22%,1860900
ATEC,2024-10-02,5.22,5.37,5.075,5.25,-0.02,-0.38%,1613500
ATEC,2024-10-03,5.21,5.255,4.97,5.22,-0.03,-0.57%,1934200
ATEC,2024-10-04,5.36,5.545,5.28,5.49,0.27,+5.17%,1665200
ATEC,2024-10-07,5.48,5.695,5.42,5.49,0,0.00%,1632500
ATEC,2024-10-08,5.49,5.555,5.33,5.38,-0.11,-2.00%,1330800
ATEC,2024-10-09,5.38,5.4497,5.27,5.31,-0.07,-1.30%,758200
ATEC,2024-10-10,5.24,5.28,4.88,4.98,-0.33,-6.21%,3130500
ATEC,2024-10-11,5,5.2,4.96,5.15,0.17,+3.41%,2962000
ATEC,2024-10-14,5.17,5.345,4.97,5.32,0.17,+3.30%,3694900
ATEC,2024-10-15,5.33,5.455,5.22,5.3,-0.02,-0.38%,1702400
ATEC,2024-10-16,5.35,5.77,5.345,5.75,0.45,+8.49%,3141500
ATEC,2024-10-17,5.79,5.9,5.55,5.71,-0.04,-0.70%,1790600
ATEC,2024-10-18,5.71,5.87,5.65,5.67,-0.04,-0.70%,1041800
ATEC,2024-10-21,5.64,5.685,5.34,5.36,-0.31,-5.47%,1149200
ATEC,2024-10-22,5.32,5.39,5.2,5.38,0.02,+0.37%,1019800
ATEC,2024-10-23,5.35,5.36,5.08,5.13,-0.25,-4.65%,1339400
ATEC,2024-10-24,5.23,5.36,5.14,5.23,0.1,+1.95%,1198400
ATEC,2024-10-25,5.25,5.47,5.195,5.25,0.02,+0.38%,1323900
ATEC,2024-10-28,5.31,5.52,5.185,5.27,0.02,+0.38%,2159200
ATEC,2024-10-29,5.22,5.49,5.2,5.42,0.15,+2.85%,2148500
ATEC,2024-10-30,5.39,5.79,5.355,5.62,0.2,+3.69%,3294100
ATEC,2024-10-31,6.97,8.42,6.97,7.85,2.23,+39.68%,16686300
ATEC,2024-11-01,7.82,8.26,7.8,8.11,0.26,+3.31%,3990300
ATEC,2024-11-04,8.1,8.6,8.055,8.36,0.25,+3.08%,3855800
ATEC,2024-11-05,8.26,8.605,7.87,8.58,0.22,+2.63%,2252000
ATEC,2024-11-06,8.8,9.01,8.7,8.87,0.29,+3.38%,1908300
ATEC,2024-11-07,8.86,9.515,8.675,9.41,0.54,+6.09%,2635800
ATEC,2024-11-08,9.45,9.67,9.22,9.4,-0.01,-0.11%,2859000
ATEC,2024-11-11,9.49,9.86,9.48,9.7,0.3,+3.19%,2157200
ATEC,2024-11-12,9.6,9.86,9.26,9.28,-0.42,-4.33%,1910700
ATEC,2024-11-13,9.25,9.35,9.08,9.13,-0.15,-1.62%,2260700
ATEC,2024-11-14,9.1,9.2,8.73,8.73,-0.4,-4.38%,1686700
ATEC,2024-11-15,8.61,8.73,8.195,8.23,-0.5,-5.73%,2174600
ATEC,2024-11-18,8.2,8.71,8.18,8.52,0.29,+3.52%,1607500
ATEC,2024-11-19,8.52,9.6,8.45,9.57,1.05,+12.32%,1835500
ATEC,2024-11-20,9.595,10.115,9.54,9.93,0.36,+3.76%,2332800
ATEC,2024-11-21,9.93,10.275,9.8136,10.21,0.28,+2.82%,1639100
ATEC,2024-11-22,10.4,10.4,9.97,10.06,-0.15,-1.47%,1122100
ATEC,2024-11-25,10.16,10.16,9.32,9.62,-0.44,-4.37%,2034288
ATEC,2024-11-26,9.67,9.785,9.48,9.61,-0.01,-0.10%,1012168
ATEC,2024-11-27,9.71,10.47,9.7,10.37,0.76,+7.91%,1598500
ATEC,2024-11-29,10.44,10.58,10.24,10.48,0.11,+1.06%,636500
ATEC,2024-12-02,10.63,10.63,10.145,10.21,-0.27,-2.58%,1433800
ATEC,2024-12-03,10.03,10.19,9.81,10,-0.21,-2.06%,1730300
ATEC,2024-12-04,9.98,10.42,9.9,10.05,0.05,+0.50%,1599200
ATEC,2024-12-05,10,10.025,9.57,9.59,-0.46,-4.58%,2039100
ATEC,2024-12-06,9.63,9.88,9.48,9.625,0.035,+0.36%,1196100
ATEC,2024-12-09,9.75,9.81,9.27,9.61,-0.015,-0.16%,1066600
ATEC,2024-12-10,9.71,9.87,9.48,9.65,0.04,+0.42%,1661300
ATEC,2024-12-11,9.75,9.85,9.48,9.69,0.04,+0.41%,1687400
ATEC,2024-12-12,9.76,9.84,9.465,9.7,0.01,+0.10%,844900
ATEC,2024-12-13,9.71,9.725,9.37,9.62,-0.08,-0.82%,771100
ATEC,2024-12-16,9.6,9.6,9.25,9.47,-0.15,-1.56%,1400500
ATEC,2024-12-17,9.38,9.58,9.26,9.52,0.05,+0.53%,1109400
ATEC,2024-12-18,9.59,9.76,8.695,8.82,-0.7,-7.35%,1641300
ATEC,2024-12-19,8.9,9.16,8.835,8.85,0.03,+0.34%,1769800
ATEC,2024-12-20,8.73,9.42,8.7,9.35,0.5,+5.65%,2057500
ATEC,2024-12-23,9.37,9.47,9.1,9.12,-0.23,-2.46%,923500
ATEC,2024-12-24,9.19,9.41,9,9.23,0.11,+1.21%,499800
ATEC,2024-12-26,9.16,9.415,9.025,9.33,0.1,+1.08%,1062500
ATEC,2024-12-27,9.28,9.425,8.995,9.19,-0.14,-1.50%,737100
ATEC,2024-12-30,9.08,9.24,8.95,9.08,-0.11,-1.20%,783000
ATEC,2024-12-31,9.17,9.26,9.03,9.18,0.1,+1.10%,697800
ATEC,2025-01-02,9.23,9.53,8.86,9.06,-0.12,-1.31%,939200
ATEC,2025-01-03,8.92,9.455,8.82,9.37,0.31,+3.42%,822300
ATEC,2025-01-06,9.35,9.575,9.2401,9.37,0,0.00%,974100
ATEC,2025-01-07,9.48,9.65,9.31,9.35,-0.02,-0.21%,1576000
ATEC,2025-01-08,9.29,9.82,9.09,9.66,0.31,+3.32%,3372800
ATEC,2025-01-10,9.53,10,9.32,9.97,0.31,+3.21%,1284600
ATEC,2025-01-13,10.4,11.44,10.01,10.88,0.91,+9.13%,5132700
ATEC,2025-01-14,11.04,11.18,10.81,11.12,0.24,+2.21%,2321700
ATEC,2025-01-15,11.31,11.5061,10.9208,11.35,0.23,+2.07%,2028400
ATEC,2025-01-16,11.3,11.41,10.94,11.29,-0.06,-0.53%,1462400
ATEC,2025-01-17,11.35,11.62,11.16,11.57,0.28,+2.48%,1090400
ATEC,2025-01-21,11.73,12.025,11.56,11.61,0.04,+0.35%,2062600
ATEC,2025-01-22,11.57,11.68,11.32,11.38,-0.23,-1.98%,1596800
ATEC,2025-01-23,11.38,11.705,11.29,11.67,0.29,+2.55%,1276700
ATEC,2025-01-24,11.65,11.65,10.995,11.01,-0.66,-5.66%,1741400
ATEC,2025-01-27,11.01,11.56,11,11.13,0.12,+1.09%,2449600
ATEC,2025-01-28,11.2,11.525,10.99,11.45,0.32,+2.88%,1422900
ATEC,2025-01-29,11.54,12.22,11.43,12.06,0.61,+5.33%,2714200
ATEC,2025-01-30,12.05,12.155,11.505,11.75,-0.31,-2.57%,1755500
ATEC,2025-01-31,11.9,12.01,11.6,11.79,0.04,+0.34%,1492400
ATEC,2025-02-03,11.51,11.61,11.26,11.46,-0.33,-2.80%,1371100
ATEC,2025-02-04,11.35,12.24,11.35,12.14,0.68,+5.93%,1708900
ATEC,2025-02-05,12.16,12.1956,11.8,11.95,-0.19,-1.57%,1334900
ATEC,2025-02-06,11.87,11.87,11.3,11.42,-0.53,-4.44%,1491000
ATEC,2025-02-07,11.4,11.46,11.145,11.36,-0.06,-0.53%,998200
ATEC,2025-02-10,11.3,11.3,10.44,10.85,-0.51,-4.49%,1965300
ATEC,2025-02-11,10.78,11.135,10.775,10.95,0.1,+0.92%,1018100
ATEC,2025-02-12,10.83,10.975,10.65,10.68,-0.27,-2.47%,970800
ATEC,2025-02-13,10.79,10.94,10.67,10.88,0.2,+1.87%,660600
ATEC,2025-02-14,10.97,11.17,10.74,10.74,-0.14,-1.29%,753800
ATEC,2025-02-18,10.73,10.98,10.66,10.96,0.22,+2.05%,859500
ATEC,2025-02-19,10.95,10.95,10.7,10.86,-0.1,-0.91%,1109900
ATEC,2025-02-20,10.79,10.85,10.59,10.66,-0.2,-1.84%,785500
ATEC,2025-02-21,10.72,10.86,10.52,10.61,-0.05,-0.47%,1142100
ATEC,2025-02-24,10.64,10.95,10.46,10.76,0.15,+1.41%,2424300
ATEC,2025-02-25,10.73,10.8,10.13,10.56,-0.2,-1.86%,2083700
ATEC,2025-02-26,10.72,11.08,10.48,11.06,0.5,+4.73%,2456600
ATEC,2025-02-27,10.5,12.63,10.5,12.12,1.06,+9.58%,5559500
ATEC,2025-02-28,11.88,12.535,11.63,12.53,0.41,+3.38%,3473300
ATEC,2025-03-03,12.54,12.79,12.1,12.27,-0.26,-2.08%,1811000
ATEC,2025-03-04,10.64,11.97,10.13,11.73,-0.54,-4.40%,4979500
ATEC,2025-03-05,11.62,11.7299,11.145,11.44,-0.29,-2.47%,12808100
ATEC,2025-03-06,10.66,11.18,10.47,10.8,-0.64,-5.59%,2631307
ATEC,2025-03-07,10.8,11,10.07,10.46,-0.34,-3.15%,1784010
ATEC,2025-03-10,10.35,10.41,9.43,9.67,-0.79,-7.55%,3116400
ATEC,2025-03-11,9.77,10.08,9.49,9.95,0.28,+2.90%,1865700
ATEC,2025-03-12,10.05,10.05,9.46,9.56,-0.39,-3.92%,2570300
ATEC,2025-03-13,9.54,9.6,9.09,9.27,-0.29,-3.03%,1705900
ATEC,2025-03-14,9.39,9.61,9.25,9.29,0.02,+0.22%,2022400
ATEC,2025-03-17,9.27,9.86,9.27,9.75,0.46,+4.95%,1793200
ATEC,2025-03-18,9.67,9.67,9.325,9.34,-0.41,-4.21%,1271600
ATEC,2025-03-19,9.34,9.775,9.3,9.54,0.2,+2.14%,2161900
ATEC,2025-03-20,9.37,10.24,9.37,10.2,0.66,+6.92%,1713400
ATEC,2025-03-21,10.08,10.19,9.81,9.93,-0.27,-2.65%,1751200
ATEC,2025-03-24,10.09,10.7,9.96,10.49,0.56,+5.64%,1825200
ATEC,2025-03-25,10.35,10.57,10.17,10.32,-0.17,-1.62%,1206200
ATEC,2025-03-26,10.35,10.4,10.04,10.25,-0.07,-0.68%,1040800
ATEC,2025-03-27,10.24,10.38,10,10.05,-0.2,-1.95%,804800
ATEC,2025-03-28,10.02,10.2,9.9,10.19,0.14,+1.39%,1099300
ATEC,2025-03-31,9.97,10.33,9.76,10.14,-0.05,-0.49%,2142200
ATEC,2025-04-01,10.09,10.23,9.67,10.08,-0.06,-0.59%,3064600
ATEC,2025-04-02,10.24,10.54,9.79,10.45,0.37,+3.67%,2843800
ATEC,2025-04-03,9.97,10.39,9.88,10.21,-0.24,-2.30%,4075300
ATEC,2025-04-04,9.87,10.275,9.61,10.23,0.02,+0.20%,3480900
ATEC,2025-04-07,9.94,10.73,9.55,10.01,-0.22,-2.15%,4803400
ATEC,2025-04-08,10.24,10.41,9.27,9.43,-0.58,-5.79%,2780100
ATEC,2025-04-09,9.18,10.23,8.81,10.05,0.62,+6.57%,2609400
ATEC,2025-04-10,9.97,9.97,9.38,9.53,-0.52,-5.17%,1609500
ATEC,2025-04-11,9.55,9.82,9.25,9.75,0.22,+2.31%,1409200
ATEC,2025-04-14,10.01,10.3,9.875,10.18,0.43,+4.41%,1437100
ATEC,2025-04-15,10.12,10.31,9.8,9.91,-0.27,-2.65%,1962200
ATEC,2025-04-16,9.94,10.255,9.89,10.23,0.32,+3.23%,1847300
ATEC,2025-04-17,10.2,10.57,10.06,10.56,0.33,+3.23%,2292600
ATEC,2025-04-21,10.44,10.66,10.15,10.64,0.08,+0.76%,1842900
ATEC,2025-04-22,10.78,10.87,10.57,10.83,0.19,+1.79%,2165200
ATEC,2025-04-23,11.1,11.55,11.01,11.21,0.38,+3.51%,2173000
ATEC,2025-04-24,11.21,11.55,11.18,11.4,0.19,+1.69%,1502000
ATEC,2025-04-25,11.23,11.575,11.23,11.51,0.11,+0.96%,1056300
ATEC,2025-04-28,11.51,11.58,11.1,11.13,-0.38,-3.30%,1658500
ATEC,2025-04-29,11.01,11.465,11.01,11.21,0.08,+0.72%,1246200
ATEC,2025-04-30,11.1,11.11,10.825,10.98,-0.23,-2.05%,1372600
ATEC,2025-05-01,11,11.29,10.735,11.06,0.08,+0.73%,2958100
ATEC,2025-05-02,11.5,12.26,11.13,12,0.94,+8.50%,4701100
ATEC,2025-05-05,11.89,12.265,11.51,11.98,-0.02,-0.17%,2361200
ATEC,2025-05-06,11.74,12.24,11.615,12.17,0.19,+1.59%,2216900
ATEC,2025-05-07,12.17,12.485,11.94,12.45,0.28,+2.30%,2216800
ATEC,2025-05-08,12.13,12.82,12.13,12.74,0.29,+2.33%,2260500
ATEC,2025-05-09,12.64,12.64,12.035,12.21,-0.53,-4.16%,1888200
ATEC,2025-05-12,12.75,12.75,12.43,12.67,0.46,+3.77%,1556300
ATEC,2025-05-13,12.73,12.85,12.53,12.72,0.05,+0.39%,985800
ATEC,2025-05-14,12.72,12.81,12.5501,12.74,0.02,+0.16%,988300
ATEC,2025-05-15,12.7,13.025,12.6704,12.74,0,0.00%,1257900
ATEC,2025-05-16,12.72,12.995,12.7,12.96,0.22,+1.73%,1727200
ATEC,2025-05-19,12.77,13.065,12.65,13.03,0.07,+0.54%,1277600
ATEC,2025-05-20,13.02,13.135,12.735,12.97,-0.06,-0.46%,1560900
ATEC,2025-05-21,12.86,12.965,12.575,12.66,-0.31,-2.39%,1652000
ATEC,2025-05-22,12.6,12.63,12.43,12.48,-0.18,-1.42%,898800
ATEC,2025-05-23,12.16,12.53,12.11,12.45,-0.03,-0.24%,1300700
ATEC,2025-05-27,12.66,12.68,12.265,12.32,-0.13,-1.04%,1711700
ATEC,2025-05-28,12.29,12.52,12.23,12.44,0.12,+0.97%,1618700
ATEC,2025-05-29,12.54,12.56,12.29,12.46,0.02,+0.16%,1418100
ATEC,2025-05-30,12.4,12.485,11.99,12.43,-0.03,-0.24%,1784000
ATEC,2025-06-02,12.42,12.48,12.07,12.3,-0.13,-1.05%,1620500
ATEC,2025-06-03,12.32,12.745,12.22,12.66,0.36,+2.93%,1142300
ATEC,2025-06-04,12.71,12.71,12.185,12.28,-0.38,-3.00%,1712900
ATEC,2025-06-05,12.25,12.57,12.145,12.44,0.16,+1.30%,1345400
ATEC,2025-06-06,12.42,12.73,12.38,12.73,0.29,+2.33%,1224000
ATEC,2025-06-09,12.74,12.97,11.502,11.92,-0.81,-6.36%,3438000
ATEC,2025-06-10,11.92,12.245,11.88,12.21,0.29,+2.43%,1501700
ATEC,2025-06-11,12.25,12.3,11.67,11.73,-0.48,-3.93%,1973200
ATEC,2025-06-12,11.69,11.7421,11.325,11.37,-0.36,-3.07%,1179300
ATEC,2025-06-13,11.17,11.2095,10.9,11.06,-0.31,-2.73%,1994400
ATEC,2025-06-16,11.23,11.23,10.89,11.02,-0.04,-0.36%,1530100
ATEC,2025-06-17,10.9,11.19,10.81,10.85,-0.17,-1.54%,1289700
ATEC,2025-06-18,10.85,11.055,10.66,10.89,0.04,+0.37%,1085600
ATEC,2025-06-20,10.97,11.045,10.8,10.94,0.05,+0.46%,2080800
ATEC,2025-06-23,10.93,10.95,10.29,10.86,-0.08,-0.73%,2143400
ATEC,2025-06-24,11,11.39,10.83,11.35,0.49,+4.51%,1672900
ATEC,2025-06-25,11.32,11.43,11.09,11.24,-0.11,-0.97%,1248100
ATEC,2025-06-26,11.24,11.31,10.82,10.9,-0.34,-3.02%,1656900
ATEC,2025-06-27,10.91,11.15,10.76,11.08,0.18,+1.65%,3303100
ATEC,2025-06-30,11.04,11.125,10.735,11.1,0.02,+0.18%,1784900
ATEC,2025-07-01,11.1,11.395,10.875,10.93,-0.17,-1.53%,1706600
ATEC,2025-07-02,10.92,11.16,10.78,10.96,0.03,+0.27%,1341000
ATEC,2025-07-03,10.99,11.12,10.7,10.99,0.03,+0.27%,777400
ATEC,2025-07-07,10.93,11.005,10.715,10.93,-0.06,-0.55%,1374000
ATEC,2025-07-08,10.95,11.61,10.875,11.6,0.67,+6.13%,2331300
ATEC,2025-07-09,11.71,11.7108,11.22,11.49,-0.11,-0.95%,1639000
ATEC,2025-07-10,11.42,12.01,11.26,11.58,0.09,+0.78%,1647400
ATEC,2025-07-11,11.56,11.56,10.91,10.99,-0.59,-5.09%,1612200
ATEC,2025-07-14,11,11.17,10.84,10.91,-0.08,-0.73%,730900
ATEC,2025-07-15,10.91,10.97,10.69,10.71,-0.2,-1.83%,989400
ATEC,2025-07-16,10.77,10.9241,10.465,10.63,-0.08,-0.75%,1702300
ATEC,2025-07-17,10.57,10.81,10.52,10.63,0,0.00%,1349100
ATEC,2025-07-18,10.74,10.74,10.44,10.49,-0.14,-1.32%,1183900
ATEC,2025-07-21,10.6,10.705,10.22,10.305,-0.185,-1.76%,1358200
ATEC,2025-07-22,10.25,10.865,10.235,10.74,0.435,+4.22%,1607200
ATEC,2025-07-23,10.87,10.96,10.725,10.83,0.09,+0.84%,1015900
ATEC,2025-07-24,10.8,10.825,10.58,10.71,-0.12,-1.11%,1361800
ATEC,2025-07-25,10.75,10.85,10.64,10.82,0.11,+1.03%,857900
ATEC,2025-07-28,10.9,11.245,10.76,11.19,0.37,+3.42%,1871400
ATEC,2025-07-29,11.31,11.31,10.86,10.88,-0.31,-2.77%,1387800
ATEC,2025-07-30,10.96,11.09,10.62,10.73,-0.15,-1.38%,1196800
ATEC,2025-07-31,10.66,10.845,10.11,10.58,-0.15,-1.40%,3497300
ATEC,2025-08-01,11.975,13.89,11.66,13.77,3.19,+30.15%,13007800
ATEC,2025-08-04,13.98,14.9,13.81,14.87,1.1,+7.99%,7318500
ATEC,2025-08-05,14.95,15.34,14.53,15.34,0.47,+3.16%,5878900
ATEC,2025-08-06,15.31,15.445,14.9308,15.2,-0.14,-0.91%,4365100
ATEC,2025-08-07,15.39,15.46,14.74,14.9,-0.3,-1.97%,4027100
ATEC,2025-08-08,14.98,15.32,14.91,14.97,0.07,+0.47%,1745500
ATEC,2025-08-11,14.98,15.4391,14.745,15.32,0.35,+2.34%,2244800
ATEC,2025-08-12,15.49,15.84,15.39,15.72,0.4,+2.61%,2607500
ATEC,2025-08-13,15.87,16.015,15.43,15.8,0.08,+0.51%,2391700
ATEC,2025-08-14,15.6,15.67,15.4,15.57,-0.23,-1.46%,1666000
ATEC,2025-08-15,15.67,15.89,15.5,15.7,0.13,+0.83%,1804500
ATEC,2025-08-18,15.75,15.91,15.6568,15.86,0.16,+1.02%,1602300
ATEC,2025-08-19,15.91,15.98,15.715,15.8,-0.06,-0.38%,1878000
ATEC,2025-08-20,15.78,15.925,15.715,15.89,0.09,+0.57%,1575100
ATEC,2025-08-21,15.85,16.0697,15.78,15.93,0.04,+0.25%,1884100
ATEC,2025-08-22,16.13,16.465,15.8437,16.135,0.205,+1.29%,2490700
ATEC,2025-08-25,15.64,16.03,15.55,15.84,-0.295,-1.83%,1536900
ATEC,2025-08-26,15.9,16.155,15.77,16.05,0.21,+1.33%,1954700
ATEC,2025-08-27,16,16.32,15.87,16.18,0.13,+0.81%,1739900
ATEC,2025-08-28,16.16,16.16,15.1,16.03,-0.15,-0.93%,3599100
ATEC,2025-08-29,16.14,16.14,15.77,15.9,-0.13,-0.81%,1651200
ATEC,2025-09-02,15.535,15.98,15.535,15.68,-0.22,-1.38%,2801400
ATEC,2025-09-03,15.53,15.925,15.52,15.9,0.22,+1.40%,2084500
ATEC,2025-09-04,15.9,16.7,15.8,16.55,0.65,+4.09%,3213100
ATEC,2025-09-05,16.56,16.65,16.315,16.4,-0.15,-0.91%,1427100
ATEC,2025-09-08,16.59,16.59,16.2,16.34,-0.06,-0.37%,1342800
ATEC,2025-09-09,16.34,16.3757,15.77,15.8,-0.54,-3.30%,2583600
ATEC,2025-09-10,15.75,15.89,15.21,15.35,-0.45,-2.85%,2030200
ATEC,2025-09-11,15.39,15.69,15.26,15.63,0.28,+1.82%,2416400
ATEC,2025-09-12,15.46,15.52,15.13,15.26,-0.37,-2.37%,1736700
ATEC,2025-09-15,15.32,15.44,15.03,15.05,-0.21,-1.38%,1232100
ATEC,2025-09-16,15,15.17,14.74,15.03,-0.02,-0.13%,1324200
ATEC,2025-09-17,15.04,15.13,14.65,14.7,-0.33,-2.20%,1789500
ATEC,2025-09-18,14.7,15.25,14.68,15.22,0.52,+3.54%,1611600
ATEC,2025-09-19,15.39,15.565,15.17,15.54,0.32,+2.10%,2658900
ATEC,2025-09-22,15.5,15.69,15.285,15.6,0.06,+0.39%,1373000
ATEC,2025-09-23,15.6,15.65,15.35,15.49,-0.11,-0.71%,1036200
ATEC,2025-09-24,15.58,15.67,15.15,15.21,-0.28,-1.81%,1268300
ATEC,2025-09-25,15.14,15.48,14.93,15.39,0.18,+1.18%,1299000
ATEC,2025-09-26,15.47,15.5,14.95,15.02,-0.37,-2.40%,1339200
ATEC,2025-09-29,15.01,15.105,14.65,14.75,-0.27,-1.80%,1241600
ATEC,2025-09-30,14.7,14.795,14.4,14.54,-0.21,-1.42%,3026600
ATEC,2025-10-01,14.39,14.39,13.73,13.97,-0.57,-3.92%,2594400
ATEC,2025-10-02,13.97,14.33,13.57,13.76,-0.21,-1.50%,1986600
ATEC,2025-10-03,13.76,14.07,13.735,13.96,0.2,+1.45%,1475100
ATEC,2025-10-06,14,14.06,13.535,13.6,-0.36,-2.58%,1877500
ATEC,2025-10-07,13.62,13.98,13.365,13.45,-0.15,-1.10%,1809900
ATEC,2025-10-08,13.45,14.045,13.3069,14.02,0.57,+4.24%,2316000
ATEC,2025-10-09,14,14.05,13.71,13.76,-0.26,-1.85%,1482700
ATEC,2025-10-10,13.77,13.865,13.13,13.14,-0.62,-4.51%,1522200
ATEC,2025-10-13,13.16,13.52,13.14,13.24,0.1,+0.76%,1796900
ATEC,2025-10-14,13.21,13.98,13.19,13.81,0.57,+4.31%,2115700
ATEC,2025-10-15,13.77,14.34,13.545,13.99,0.18,+1.30%,2399300
ATEC,2025-10-16,14.13,14.5,13.92,14.26,0.27,+1.93%,2450800
ATEC,2025-10-17,14.26,14.99,14.045,14.89,0.63,+4.42%,2411000
ATEC,2025-10-20,14.98,15.52,14.82,15.5,0.61,+4.10%,1953900
ATEC,2025-10-21,15.57,15.84,15.2,15.5,0,0.00%,2529200
ATEC,2025-10-22,15.59,15.91,15.38,15.67,0.17,+1.10%,2095700
ATEC,2025-10-23,15.66,15.93,15.45,15.89,0.22,+1.40%,1228700
ATEC,2025-10-24,16.2,16.28,16.01,16.11,0.22,+1.38%,1830500
ATEC,2025-10-27,16.12,16.745,16.02,16.58,0.47,+2.92%,2305000
ATEC,2025-10-28,16.72,17.105,16.62,16.65,0.07,+0.42%,2434800
ATEC,2025-10-29,16.59,17.145,16.46,16.49,-0.16,-0.96%,2235100
ATEC,2025-10-30,16.5,16.725,16.21,16.33,-0.16,-0.97%,4115500
ATEC,2025-10-31,20.025,20.15,18.69,18.99,2.66,+16.29%,11584900
ATEC,2025-11-03,18.84,19.47,17.88,19.29,0.3,+1.58%,4551000
ATEC,2025-11-04,19.01,19.57,19.01,19.42,0.13,+0.67%,2473800
ATEC,2025-11-05,19.44,19.98,19.43,19.72,0.3,+1.54%,2888100
ATEC,2025-11-06,19.635,20,19.07,19.51,-0.21,-1.06%,2643500
ATEC,2025-11-07,19.62,20.165,19.49,19.8,0.29,+1.49%,2364400
ATEC,2025-11-10,19.75,20.65,19.63,20.24,0.44,+2.22%,2604700
ATEC,2025-11-11,20.41,21.0399,20.396,20.72,0.48,+2.37%,2304400
ATEC,2025-11-12,20.75,21.16,20.67,20.75,0.03,+0.14%,3683600
ATEC,2025-11-13,20.75,20.82,20,20.2,-0.55,-2.65%,2140900
ATEC,2025-11-14,19.87,20.06,19.51,19.74,-0.46,-2.28%,2603500
ATEC,2025-11-17,19.52,19.94,19.4175,19.87,0.13,+0.66%,1680800
ATEC,2025-11-18,19.82,20.2,19.41,19.93,0.06,+0.30%,2009400
ATEC,2025-11-19,19.9,20.2,19.6,19.62,-0.31,-1.56%,1610300
ATEC,2025-11-20,19.97,20,19.43,19.61,-0.01,-0.05%,1267500
ATEC,2025-11-21,19.53,20.74,19.09,20.31,0.7,+3.57%,2307000
ATEC,2025-11-24,20.35,20.8,20.31,20.63,0.32,+1.58%,2199100
ATEC,2025-11-25,20.74,22,20.64,21.83,1.2,+5.82%,2887000
ATEC,2025-11-26,21.96,22.66,21.68,22.59,0.76,+3.48%,2478600
ATEC,2025-11-28,22.58,22.6,22.3,22.55,-0.04,-0.18%,769300
ATEC,2025-12-01,22.38,22.44,21.815,21.96,-0.59,-2.62%,1852900
ATEC,2025-12-02,21.99,22.055,21.14,21.17,-0.79,-3.60%,2915800
ATEC,2025-12-03,21.11,21.46,20.87,21.23,0.06,+0.28%,2097800
ATEC,2025-12-04,21.29,21.57,21.14,21.28,0.05,+0.24%,1282300
ATEC,2025-12-05,21.47,21.65,21.28,21.45,0.17,+0.80%,1848500
ATEC,2025-12-08,21.35,21.42,20.96,20.96,-0.49,-2.28%,2285800
ATEC,2025-12-09,21,21.13,20.62,20.67,-0.29,-1.38%,1429200
ATEC,2025-12-10,20.72,21.01,20.54,20.9,0.23,+1.11%,4026100
ATEC,2025-12-11,21.2,21.42,19.77,19.91,-0.99,-4.74%,2576100
ATEC,2025-12-12,19.98,20.44,19.93,19.96,0.05,+0.25%,1836400
ATEC,2025-12-15,19.86,20.11,19.51,19.71,-0.25,-1.25%,2675400
ATEC,2025-12-16,19.89,19.985,19.33,19.76,0.05,+0.25%,2529500
ATEC,2025-12-17,19.66,20.07,19.47,19.57,-0.19,-0.96%,1551100
ATEC,2025-12-18,19.8,20.205,19.66,19.87,0.3,+1.53%,1203100
ATEC,2025-12-19,19.87,20.34,19.775,20.01,0.14,+0.70%,2093600
ATEC,2025-12-22,20,20.95,19.69,20.7,0.69,+3.45%,3791200
ATEC,2025-12-23,20.5,21.03,20.48,21,0.3,+1.45%,2258100
ATEC,2025-12-24,20.93,20.935,20.55,20.77,-0.23,-1.10%,956300
ATEC,2025-12-26,20.83,21.04,20.72,20.965,0.195,+0.94%,1026900
ATEC,2025-12-29,21,21.2,20.9,20.98,0.015,+0.07%,1149100
ATEC,2025-12-30,20.94,21.16,20.84,20.86,-0.12,-0.57%,1189400
ATEC,2025-12-31,20.92,21.3,20.89,21.04,0.18,+0.86%,1498700
ATEC,2026-01-02,21,21.2,20.29,20.76,-0.28,-1.33%,1658000
ATEC,2026-01-05,20.53,21.37,20.48,21.2,0.44,+2.12%,1685300
ATEC,2026-01-06,21.07,21.86,21.07,21.79,0.59,+2.78%,2402800
ATEC,2026-01-07,22.02,22.2191,21.73,21.97,0.18,+0.83%,1415500
ATEC,2026-01-08,22.25,23.29,22.125,22.68,0.71,+3.23%,4248800
ATEC,2026-01-09,22.65,22.89,21.9938,22.65,-0.03,-0.13%,2453500
ATEC,2026-01-12,21.47,21.56,17.425,17.59,-5.06,-22.34%,13648100
ATEC,2026-01-13,17.6,17.84,16.15,16.45,-1.14,-6.48%,8671300
ATEC,2026-01-14,16.42,16.53,15.42,15.95,-0.5,-3.04%,4561600
ATEC,2026-01-15,16.15,17.5,16,17.46,1.51,+9.47%,7942800
ATEC,2026-01-16,17.4,17.97,17.385,17.74,0.28,+1.60%,3729000
ATEC,2026-01-20,17.25,17.48,16.85,17.15,-0.59,-3.33%,3329400
ATEC,2026-01-21,17.11,17.35,16.5701,17.03,-0.12,-0.70%,3376000
ATEC,2026-01-22,16.91,17.115,15.78,15.8,-1.23,-7.22%,4530500
ATEC,2026-01-23,15.8,16.225,15.55,15.62,-0.18,-1.14%,2184100
ATEC,2026-01-26,15.58,16.1,15.58,15.68,0.06,+0.38%,2319100
ATEC,2026-01-27,15.43,15.54,14.93,15.26,-0.42,-2.68%,2811900
ATEC,2026-01-28,15.27,15.545,14.97,15.26,0,0.00%,2073400
ATEC,2026-01-29,15.26,15.26,14.35,14.85,-0.41,-2.69%,4159600
ATEC,2026-01-30,15,15.22,14.54,14.83,-0.02,-0.13%,3355800
ATEC,2026-02-02,14.54,14.98,14.43,14.49,-0.34,-2.29%,3492100
ATEC,2026-02-03,14.46,14.91,14.3,14.67,0.18,+1.24%,3273700
ATEC,2026-02-04,14.62,14.62,13.72,14.06,-0.61,-4.16%,2847200
ATEC,2026-02-05,14.06,14.21,13.43,13.5,-0.56,-3.98%,3270700
ATEC,2026-02-06,13.5,14.05,13.35,13.82,0.32,+2.37%,2253800
ATEC,2026-02-09,13.84,13.84,13.33,13.51,-0.31,-2.24%,2437200
ATEC,2026-02-10,13.62,14.65,13.54,13.9,0.39,+2.89%,3353400
ATEC,2026-02-11,13.8,14.31,13.28,13.47,-0.43,-3.09%,2673700
ATEC,2026-02-12,13.55,13.73,13.01,13.1,-0.37,-2.75%,2497100
ATEC,2026-02-13,13.22,13.56,13.22,13.36,0.26,+1.98%,1832600
ATEC,2026-02-17,13.36,13.8196,13.26,13.5,0.14,+1.05%,1464800
ATEC,2026-02-18,13.77,13.91,13.505,13.54,0.04,+0.30%,2982200
ATEC,2026-02-19,13.53,13.73,13.24,13.48,-0.06,-0.44%,1454500
ATEC,2026-02-20,13.63,13.63,12.8,13.01,-0.47,-3.49%,2575000
ATEC,2026-02-23,12.91,13.355,12.77,13.16,0.15,+1.15%,2478400
ATEC,2026-02-24,13.18,13.98,13,13.93,0.77,+5.85%,6119900
ATEC,2026-02-25,13.26,14.23,13.13,14.04,0.11,+0.79%,6024900
ATEC,2026-02-26,14.21,14.445,13.565,14.01,-0.03,-0.21%,1988600
ATEC,2026-02-27,13.8,13.895,13.495,13.62,-0.39,-2.78%,2121600
ATEC,2026-03-02,13.3,13.67,13.14,13.47,-0.15,-1.10%,1974700
ATEC,2026-03-03,13.25,13.27,12.7,13.02,-0.45,-3.34%,1607700
ATEC,2026-03-04,12.84,13.21,12.74,13,-0.02,-0.15%,1985800
ATEC,2026-03-05,12.86,12.89,12.24,12.57,-0.43,-3.31%,2731000
ATEC,2026-03-06,12.26,12.39,12.04,12.23,-0.34,-2.70%,1851300
ATEC,2026-03-09,11.99,12.885,11.92,12.87,0.64,+5.23%,4573200
ATEC,2026-03-10,12.87,12.87,12.3,12.51,-0.36,-2.80%,2228400
ATEC,2026-03-11,12.5,12.93,12.12,12.66,0.15,+1.20%,3504800
ATEC,2026-03-12,12.41,12.58,12.25,12.5,-0.16,-1.26%,2228200
ATEC,2026-03-13,12.56,12.705,12.2,12.28,-0.22,-1.76%,3172100
ATEC,2026-03-16,12.34,12.63,12.19,12.6,0.32,+2.61%,1664500
ATEC,2026-03-17,12.63,13.065,12.63,13.05,0.45,+3.57%,2390200
ATEC,2026-03-18,13,13.08,12.51,12.56,-0.49,-3.75%,2617300
ATEC,2026-03-19,12.35,12.78,12.35,12.72,0.16,+1.27%,1838200
ATEC,2026-03-20,12.838,12.838,12.28,12.37,-0.35,-2.75%,2395400
ATEC,2026-03-23,12.73,12.77,12.13,12.15,-0.22,-1.78%,2265400
ATEC,2026-03-24,12.11,12.21,11.64,11.75,-0.4,-3.29%,2038700
ATEC,2026-03-25,11.8,12,11.45,11.49,-0.26,-2.21%,1593900
ATEC,2026-03-26,11.56,11.835,11.46,11.52,0.03,+0.26%,2174200
ATEC,2026-03-27,11.46,11.52,10.87,10.93,-0.59,-5.12%,1950600
ATEC,2026-03-30,10.93,11.345,10.8,11,0.07,+0.64%,2278800
ATEC,2026-03-31,11.16,11.215,10.78,10.88,-0.12,-1.09%,2912300
ATEC,2026-04-01,11.03,11.51,10.74,11.26,0.38,+3.49%,4070000
ATEC,2026-04-02,10.97,11.37,10.61,10.83,-0.43,-3.82%,2108300
ATEC,2026-04-06,10.79,11.26,10.66,10.97,0.14,+1.29%,1282700
ATEC,2026-04-07,10.91,11.3,10.8,11.03,0.06,+0.55%,1707800
ATEC,2026-04-08,11.68,11.78,11.42,11.66,0.63,+5.71%,2355800
ATEC,2026-04-09,11.48,11.7724,11.01,11.07,-0.59,-5.06%,2369900
ATEC,2026-04-10,11.06,11.22,10.875,10.9,-0.17,-1.54%,1627100
ATEC,2026-04-13,10.79,11.3,10.79,11.25,0.35,+3.21%,2614500
ATEC,2026-04-14,11.35,11.715,11.35,11.52,0.27,+2.40%,2039300
ATEC,2026-04-15,11.61,11.78,11.31,11.42,-0.1,-0.87%,1726900
ATEC,2026-04-16,11.44,11.6014,10.81,10.82,-0.6,-5.25%,1923900
ATEC,2026-04-17,11.17,11.43,10.975,11.1,0.28,+2.59%,2560500
ATEC,2026-04-20,11.04,11.57,10.94,11.55,0.45,+4.05%,2451900
ATEC,2026-04-21,11.55,11.6,10.375,10.48,-1.07,-9.26%,2996600
ATEC,2026-04-22,10.53,10.825,10.505,10.62,0.14,+1.34%,2113200
ATEC,2026-04-23,10.6,10.72,10.05,10.21,-0.41,-3.86%,1989300
ATEC,2026-04-24,10.21,10.955,10.145,10.9,0.69,+6.76%,4389500
ATER,2019-06-12,120,128.88,114.36,120,109.1,"+1,000.92%",83133
ATER,2019-06-13,119.88,121.8,109.2,110.04,-9.96,-8.30%,18666
ATER,2019-06-14,109.8,110.64,96,102,-8.04,-7.31%,11875
ATER,2019-06-17,101.52,102,83.64,84.6,-17.4,-17.06%,30208
ATER,2019-06-18,85.08,89.28,83.88,85.8,1.2,+1.42%,4383
ATER,2019-06-19,85.68,86.16,78,78,-7.8,-9.09%,9625
ATER,2019-06-20,78.72,82.8,73.32,74.64,-3.36,-4.31%,9016
ATER,2019-06-21,74.4,79.44,74.4,75.72,1.08,+1.45%,3583
ATER,2019-06-24,76.2,81.72,76.2,80.4,4.68,+6.18%,1825
ATER,2019-06-25,81,84.84,81,84.84,4.44,+5.52%,1700
ATER,2019-06-26,85.44,91.32,85.44,91.32,6.48,+7.64%,5325
ATER,2019-06-27,91.8,95.88,91.32,95.76,4.44,+4.86%,2966
ATER,2019-06-28,94.92,96.84,86.88,96.84,1.08,+1.13%,2283
ATER,2019-07-01,97.92,97.92,88.2,94.08,-2.76,-2.85%,1991
ATER,2019-07-02,91.08,93.24,85.56,88.2,-5.88,-6.25%,3083
ATER,2019-07-03,87.72,90.24,87.72,87.72,-0.48,-0.54%,216
ATER,2019-07-05,86.88,92.04,86.4,91.68,3.96,+4.51%,1425
ATER,2019-07-08,94.32,94.32,85.2,85.92,-5.76,-6.28%,1700
ATER,2019-07-09,87,90,87,90,4.08,+4.75%,2925
ATER,2019-07-10,90,91.56,87,89.28,-0.72,-0.80%,1833
ATER,2019-07-11,93,93,84.84,87,-2.28,-2.55%,1900
ATER,2019-07-12,87,89.52,84.84,87.36,0.36,+0.41%,1575
ATER,2019-07-15,89.88,89.88,84.96,87.36,0,0.00%,1050
ATER,2019-07-16,86.52,90.48,85.2,90,2.64,+3.02%,2283
ATER,2019-07-17,89.52,90.12,87.12,88.2,-1.8,-2.00%,2633
ATER,2019-07-18,89.52,90,86.52,88.92,0.72,+0.82%,1025
ATER,2019-07-19,88.2,90,86.64,90,1.08,+1.21%,541
ATER,2019-07-22,90.6,93.36,88.2,89.88,-0.12,-0.13%,2200
ATER,2019-07-23,90,91.68,84.84,90,0.12,+0.13%,1241
ATER,2019-07-24,87.6,89.28,85.32,86.88,-3.12,-3.47%,2825
ATER,2019-07-25,87.6,87.84,81.12,84.6,-2.28,-2.62%,2900
ATER,2019-07-26,83.88,87.24,83.4,87.24,2.64,+3.12%,950
ATER,2019-07-29,89.28,93,82.08,85.56,-1.68,-1.93%,700
ATER,2019-07-30,91.08,91.08,81,83.52,-2.04,-2.38%,2516
ATER,2019-07-31,79.56,87.24,78,84.24,0.72,+0.86%,2300
ATER,2019-08-01,85.8,87.48,75.96,76.92,-7.32,-8.69%,3941
ATER,2019-08-02,86.88,86.88,72.12,74.88,-2.04,-2.65%,6333
ATER,2019-08-05,74.04,78.12,69.6,75.6,0.72,+0.96%,5033
ATER,2019-08-06,79.2,80.88,75.6,79.8,4.2,+5.56%,633
ATER,2019-08-07,77.16,79.08,74.64,74.76,-5.04,-6.32%,625
ATER,2019-08-08,77.04,79.2,77.04,78,3.24,+4.33%,1933
ATER,2019-08-09,78,81.84,78,81.84,3.84,+4.92%,875
ATER,2019-08-12,82.44,87,82.08,87,5.16,+6.30%,2441
ATER,2019-08-13,86.88,88.2,82.8,87.6,0.6,+0.69%,3258
ATER,2019-08-14,87,87,82.8,83.16,-4.44,-5.07%,1141
ATER,2019-08-15,84.12,87.96,84,87.48,4.32,+5.19%,566
ATER,2019-08-16,85.08,87.48,82.8,84.84,-2.64,-3.02%,658
ATER,2019-08-19,83.04,87.36,79.32,85.2,0.36,+0.42%,1908
ATER,2019-08-20,83.4,86.88,80.4,80.52,-4.68,-5.49%,1200
ATER,2019-08-21,82.8,89.76,82.8,88.8,8.28,+10.28%,2758
ATER,2019-08-22,88.56,96,84,95.88,7.08,+7.97%,6425
ATER,2019-08-23,96,101.64,93,101.16,5.28,+5.51%,3983
ATER,2019-08-26,102.6,102.6,98.04,100.92,-0.24,-0.24%,5850
ATER,2019-08-27,98.4,102.72,98.4,101.28,0.36,+0.36%,5891
ATER,2019-08-28,99.36,105.6,98.88,105.36,4.08,+4.03%,2666
ATER,2019-08-29,105.36,110.88,103.56,110.88,5.52,+5.24%,3966
ATER,2019-08-30,107.16,108,101.64,106.32,-4.56,-4.11%,3391
ATER,2019-09-03,102.24,104.88,98.4,98.4,-7.92,-7.45%,2308
ATER,2019-09-04,100.8,102.36,96.12,97.08,-1.32,-1.34%,841
ATER,2019-09-05,96.96,113.4,96.72,113.16,16.08,+16.56%,16941
ATER,2019-09-06,110.64,111.36,106.8,108.24,-4.92,-4.35%,458
ATER,2019-09-09,108.24,108.6,97.44,99.24,-9.,-8.31%,2141
ATER,2019-09-10,101.64,106.44,94.44,95.64,-3.6,-3.63%,1700
ATER,2019-09-11,95.76,101.04,94.32,95.52,-0.12,-0.13%,21041
ATER,2019-09-12,96.96,99.6,89.88,89.88,-5.64,-5.90%,2858
ATER,2019-09-13,90.72,97.92,89.16,95.52,5.64,+6.28%,983
ATER,2019-09-16,98.28,98.28,90,95.88,0.36,+0.38%,2091
ATER,2019-09-17,93.24,98.28,90.36,94.08,-1.8,-1.88%,2725
ATER,2019-09-18,91.92,97.08,90.12,90.12,-3.96,-4.21%,5225
ATER,2019-09-19,92.16,92.88,86.04,86.04,-4.08,-4.53%,5608
ATER,2019-09-20,86.76,92.16,85.2,86.76,0.72,+0.84%,14600
ATER,2019-09-23,87.6,93.6,86.76,88.44,1.68,+1.94%,2958
ATER,2019-09-24,89.16,90.12,85.2,87.24,-1.2,-1.36%,2600
ATER,2019-09-25,87.36,88.8,85.2,85.92,-1.32,-1.51%,558
ATER,2019-09-26,85.56,94.56,85.56,93,7.08,+8.24%,2925
ATER,2019-09-27,88.32,93,88.32,92.28,-0.72,-0.77%,516
ATER,2019-09-30,92.28,93.84,88.08,93.84,1.56,+1.69%,816
ATER,2019-10-01,93.24,93.24,87.24,89.4,-4.44,-4.73%,150
ATER,2019-10-02,87.24,90,85.2,85.2,-4.2,-4.70%,291
ATER,2019-10-03,84.72,90.6,84.6,84.6,-0.6,-0.70%,508
ATER,2019-10-04,84.72,87.36,84.72,85.08,0.48,+0.57%,1033
ATER,2019-10-07,84.6,85.68,81,81,-4.08,-4.80%,1408
ATER,2019-10-08,82.56,84.12,79.8,80.04,-0.96,-1.19%,725
ATER,2019-10-09,80.76,80.76,79.8,79.8,-0.24,-0.30%,258
ATER,2019-10-10,79.92,84.48,79.32,82.32,2.52,+3.16%,1783
ATER,2019-10-11,81,85.08,79.32,81.6,-0.72,-0.87%,3616
ATER,2019-10-14,81.84,85.32,79.32,80.16,-1.44,-1.76%,2116
ATER,2019-10-15,81.72,85.8,80.16,80.4,0.24,+0.30%,1216
ATER,2019-10-16,83.16,88.56,82.92,84,3.6,+4.48%,1600
ATER,2019-10-17,85.8,85.8,80.88,84.72,0.72,+0.86%,866
ATER,2019-10-18,82.44,84,82.32,83.52,-1.2,-1.42%,208
ATER,2019-10-21,85.8,85.8,82.32,82.32,-1.2,-1.44%,1550
ATER,2019-10-22,83.04,84,81.48,81.6,-0.72,-0.87%,333
ATER,2019-10-23,84,84,81.6,81.6,0,0.00%,41
ATER,2019-10-24,81.84,83.4,75.84,80.76,-0.84,-1.03%,2591
ATER,2019-10-25,79.56,82.68,76.8,78,-2.76,-3.42%,458
ATER,2019-10-28,78.84,82.44,76.2,80.76,2.76,+3.54%,1450
ATER,2019-10-29,79.32,79.44,76.32,76.56,-4.2,-5.20%,841
ATER,2019-10-30,76.08,77.16,72.36,72.6,-3.96,-5.17%,2066
ATER,2019-10-31,73.2,73.32,68.52,70.2,-2.4,-3.31%,1183
ATER,2019-11-01,70.92,73.32,68.4,72.36,2.16,+3.08%,1758
ATER,2019-11-04,74.4,78.84,73.32,77.88,5.52,+7.63%,591
ATER,2019-11-05,77.76,83.4,76.2,78.24,0.36,+0.46%,2391
ATER,2019-11-06,83.28,83.28,76.44,79.08,0.84,+1.07%,3658
ATER,2019-11-07,77.4,80.76,76.68,78.6,-0.48,-0.61%,1825
ATER,2019-11-08,78.6,78.6,73.8,77.04,-1.56,-1.98%,1141
ATER,2019-11-11,75.6,77.88,73.8,77.88,0.84,+1.09%,183
ATER,2019-11-12,76.68,77.76,74.4,76.56,-1.32,-1.69%,716
ATER,2019-11-13,73.2,74.64,71.4,71.4,-5.16,-6.74%,1175
ATER,2019-11-14,74.28,74.28,71.16,73.68,2.28,+3.19%,1241
ATER,2019-11-15,75.48,75.48,68.76,72,-1.68,-2.28%,833
ATER,2019-11-18,69.24,71.4,62.16,62.76,-9.24,-12.83%,3150
ATER,2019-11-19,65.04,66.96,61.44,64.2,1.44,+2.29%,1816
ATER,2019-11-20,66.12,70.68,63.48,68.04,3.84,+5.98%,933
ATER,2019-11-21,69.72,69.72,62.28,67.8,-0.24,-0.35%,608
ATER,2019-11-22,66.6,66.6,62.64,66.6,-1.2,-1.77%,991
ATER,2019-11-25,67.08,67.08,64.2,66,-0.6,-0.90%,575
ATER,2019-11-26,65.4,67.08,64.92,65.16,-0.84,-1.27%,658
ATER,2019-11-27,64.8,65.4,63,65.4,0.24,+0.37%,2150
ATER,2019-11-29,65.4,74.88,65.4,72,6.6,+10.09%,433
ATER,2019-12-02,74.4,74.4,68.52,70.2,-1.8,-2.50%,2241
ATER,2019-12-03,69.84,69.84,66.6,66.96,-3.24,-4.62%,166
ATER,2019-12-04,68.88,69.48,66.84,66.84,-0.12,-0.18%,1366
ATER,2019-12-05,67.2,67.2,63.72,65.16,-1.68,-2.51%,916
ATER,2019-12-06,64.92,66.96,61.92,66,0.84,+1.29%,4725
ATER,2019-12-09,65.88,69.6,61.44,61.44,-4.56,-6.91%,666
ATER,2019-12-10,60.6,60.6,53.04,53.16,-8.28,-13.48%,5691
ATER,2019-12-11,53.52,57.6,53.52,55.44,2.28,+4.29%,2375
ATER,2019-12-12,57,57,54,54.36,-1.08,-1.95%,4941
ATER,2019-12-13,55.44,55.92,51.48,53.04,-1.32,-2.43%,2075
ATER,2019-12-16,53.04,56.88,53.04,55.08,2.04,+3.85%,1400
ATER,2019-12-17,55.2,59.76,51.84,53.52,-1.56,-2.83%,3291
ATER,2019-12-18,53.52,57,51.84,52.08,-1.44,-2.69%,1016
ATER,2019-12-19,51.6,55.08,50.4,51.6,-0.48,-0.92%,1891
ATER,2019-12-20,54.12,59.52,51.84,57.84,6.24,+12.09%,4075
ATER,2019-12-23,57.84,63.12,57.84,60,2.16,+3.73%,3983
ATER,2019-12-24,59.4,61.56,59.4,60.84,0.84,+1.40%,441
ATER,2019-12-26,60.6,73.44,60.6,64.8,3.96,+6.51%,4516
ATER,2019-12-27,65.04,74.88,64.8,73.8,9,+13.89%,3191
ATER,2019-12-30,76.56,78,70.8,75.48,1.68,+2.28%,5050
ATER,2019-12-31,68.4,75.12,68.4,70.68,-4.8,-6.36%,2366
ATER,2020-01-02,70.68,73.44,66.6,66.72,-3.96,-5.60%,1433
ATER,2020-01-03,66.12,70.32,65.52,67.8,1.08,+1.62%,1191
ATER,2020-01-06,65.52,66.36,59.88,66.12,-1.68,-2.48%,800
ATER,2020-01-07,65.88,70.56,65.52,68.76,2.64,+3.99%,1525
ATER,2020-01-08,68.76,68.76,64.08,67.32,-1.44,-2.09%,2333
ATER,2020-01-09,67.2,70.8,66.36,69.48,2.16,+3.21%,950
ATER,2020-01-10,68.16,68.64,68.16,68.64,-0.84,-1.21%,41
ATER,2020-01-13,66.96,68.88,64.2,66,-2.64,-3.85%,2150
ATER,2020-01-14,66.12,70.08,66.12,70.08,4.08,+6.18%,1066
ATER,2020-01-15,69.48,69.48,61.92,67.2,-2.88,-4.11%,2283
ATER,2020-01-16,70.8,70.8,68.16,68.52,1.32,+1.96%,2241
ATER,2020-01-17,68.52,68.52,64.56,67.08,-1.44,-2.10%,1941
ATER,2020-01-21,67.2,69.84,66.6,68.52,1.44,+2.15%,866
ATER,2020-01-22,66.96,68.52,66.6,66.6,-1.92,-2.80%,2450
ATER,2020-01-23,66,66.36,64.92,64.92,-1.68,-2.52%,708
ATER,2020-01-24,64.56,66.36,64.56,66.36,1.44,+2.22%,383
ATER,2020-01-27,64.8,65.88,63.6,63.72,-2.64,-3.98%,600
ATER,2020-01-28,63.6,66.6,62.4,65.16,1.44,+2.26%,658
ATER,2020-01-29,64.32,64.32,62.52,63.36,-1.8,-2.76%,1166
ATER,2020-01-30,62.52,63.96,59.76,60.84,-2.52,-3.98%,925
ATER,2020-01-31,61.8,61.8,54,55.2,-5.64,-9.27%,2525
ATER,2020-02-03,55.92,56.88,54.6,54.6,-0.6,-1.09%,1433
ATER,2020-02-04,54.12,54.12,48,50.52,-4.08,-7.47%,2550
ATER,2020-02-05,52.68,53.28,50.16,51.6,1.08,+2.14%,1075
ATER,2020-02-06,52.32,52.8,49.2,50.28,-1.32,-2.56%,750
ATER,2020-02-07,49.92,52.56,49.8,52.44,2.16,+4.30%,341
ATER,2020-02-10,52.44,52.92,51.72,52.92,0.48,+0.92%,125
ATER,2020-02-11,52.44,52.44,49.8,50.04,-2.88,-5.44%,50
ATER,2020-02-12,51.96,51.96,49.2,49.2,-0.84,-1.68%,366
ATER,2020-02-13,49.2,49.2,45.6,46.68,-2.52,-5.12%,1208
ATER,2020-02-14,44.04,48.96,44.04,48.36,1.68,+3.60%,5725
ATER,2020-02-18,48.36,48.36,46.2,47.88,-0.48,-0.99%,900
ATER,2020-02-19,46.44,52.8,44.52,51.36,3.48,+7.27%,1041
ATER,2020-02-20,48.6,48.6,45,48.24,-3.12,-6.07%,266
ATER,2020-02-21,46.44,50.88,46.44,48.6,0.36,+0.75%,5041
ATER,2020-02-24,46.2,48.48,46.2,48,-0.6,-1.23%,250
ATER,2020-02-25,48,48,44.4,46.8,-1.2,-2.50%,1683
ATER,2020-02-26,45.84,48,43.92,45.96,-0.84,-1.79%,900
ATER,2020-02-27,46.08,46.56,44.04,45,-0.96,-2.09%,558
ATER,2020-02-28,44.4,47.76,39.96,45,0,0.00%,1566
ATER,2020-03-02,47.76,47.76,40.44,43.32,-1.68,-3.73%,1800
ATER,2020-03-03,42.12,43.56,38.04,42.6,-0.72,-1.66%,833
ATER,2020-03-04,44.76,46.32,44.4,45.72,3.12,+7.32%,3408
ATER,2020-03-05,47.16,48.6,45,48,2.28,+4.99%,1016
ATER,2020-03-06,44.4,45.72,41.88,44.16,-3.84,-8.00%,2450
ATER,2020-03-09,38.04,41.64,36.24,41.4,-2.76,-6.25%,2133
ATER,2020-03-10,39.96,45.6,38.52,44.64,3.24,+7.83%,950
ATER,2020-03-11,42,42.24,37.44,41.28,-3.36,-7.53%,1058
ATER,2020-03-12,37.2,37.56,31.2,33.96,-7.32,-17.73%,1533
ATER,2020-03-13,40.32,41.76,36.24,36.6,2.64,+7.77%,400
ATER,2020-03-16,34.44,36.84,33.6,36.84,0.24,+0.66%,225
ATER,2020-03-17,33.96,33.96,25.92,31.92,-4.92,-13.36%,5100
ATER,2020-03-18,31.2,32.88,25.68,32.64,0.72,+2.26%,1058
ATER,2020-03-19,21.84,30.72,21.6,25.8,-6.84,-20.96%,3341
ATER,2020-03-20,24,24.6,21.6,21.6,-4.2,-16.28%,11041
ATER,2020-03-23,24.24,24.24,17.04,21.6,0,0.00%,766
ATER,2020-03-24,23.76,23.76,19.68,20.4,-1.2,-5.56%,3750
ATER,2020-03-25,26.04,30.96,22.08,22.08,1.68,+8.24%,2016
ATER,2020-03-26,26.52,27.24,23.16,23.16,1.08,+4.89%,13700
ATER,2020-03-27,28.8,33.48,21.6,23.16,0,0.00%,1425
ATER,2020-03-30,24,24,20.76,21.36,-1.8,-7.77%,2116
ATER,2020-03-31,21.6,22.68,20.16,20.28,-1.08,-5.06%,8750
ATER,2020-04-01,19.8,20.28,19.2,19.32,-0.96,-4.73%,241
ATER,2020-04-02,21.12,24.6,20.4,20.4,1.08,+5.59%,566
ATER,2020-04-03,21.6,24.36,21.24,23.88,3.48,+17.06%,1541
ATER,2020-04-06,24.6,24.6,21.36,21.36,-2.52,-10.55%,2466
ATER,2020-04-07,25.44,25.44,19.44,20.28,-1.08,-5.06%,2708
ATER,2020-04-08,20.64,22.2,20.4,21.12,0.84,+4.14%,750
ATER,2020-04-09,25.8,27.6,22.2,25.68,4.56,+21.59%,12483
ATER,2020-04-13,30,38.76,21.24,24.12,-1.56,-6.07%,29491
ATER,2020-04-14,29.16,29.76,25.32,28.32,4.2,+17.41%,12200
ATER,2020-04-15,30.6,30.6,27,28.8,0.48,+1.69%,5025
ATER,2020-04-16,29.76,32.4,25.8,28.2,-0.6,-2.08%,6725
ATER,2020-04-17,30,31.2,25.8,30,1.8,+6.38%,2791
ATER,2020-04-20,30.72,32.28,29.04,30.96,0.96,+3.20%,6108
ATER,2020-04-21,30.6,31.32,30.36,30.48,-0.48,-1.55%,675
ATER,2020-04-22,30,30,26.4,29.28,-1.2,-3.94%,1925
ATER,2020-04-23,28.56,28.56,26.4,27.72,-1.56,-5.33%,2975
ATER,2020-04-24,27.12,28.56,26.4,27,-0.72,-2.60%,2350
ATER,2020-04-27,26.76,27.96,23.76,24.24,-2.76,-10.22%,8666
ATER,2020-04-28,26.64,27,26.16,26.76,2.52,+10.40%,3483
ATER,2020-04-29,26.04,40.8,26.04,40.8,14.04,+52.47%,41483
ATER,2020-04-30,47.4,59.4,42,51,10.2,+25.00%,161416
ATER,2020-05-01,45.12,54,42,54,3,+5.88%,34091
ATER,2020-05-04,51.72,51.96,45,48,-6.,-11.11%,19691
ATER,2020-05-05,51.12,52.56,46.68,46.8,-1.2,-2.50%,11900
ATER,2020-05-06,48.6,51,46.8,48,1.2,+2.56%,15758
ATER,2020-05-07,50.16,51.48,48.12,50.16,2.16,+4.50%,11641
ATER,2020-05-08,48.24,51.48,48.24,48.6,-1.56,-3.11%,13766
ATER,2020-05-11,47.16,52.8,47.16,51.6,3,+6.17%,16783
ATER,2020-05-12,57.36,57.36,49.44,50.76,-0.84,-1.63%,18841
ATER,2020-05-13,49.56,49.8,46.32,48.84,-1.92,-3.78%,11308
ATER,2020-05-14,47.04,49.2,42.7476,46.08,-2.76,-5.65%,8158
ATER,2020-05-15,46.68,50.4,45.6,49.92,3.84,+8.33%,9700
ATER,2020-05-18,54,54.48,51.12,51.12,1.2,+2.40%,9800
ATER,2020-05-19,51.84,54.6,48.84,52.44,1.32,+2.58%,9091
ATER,2020-05-20,52.8,54,50.28,51.6,-0.84,-1.60%,3791
ATER,2020-05-21,51.96,53.88,51.12,52.92,1.32,+2.56%,4225
ATER,2020-05-22,52.8,53.16,50.4,52.08,-0.84,-1.59%,3483
ATER,2020-05-26,54,59.88,52.2,58.8,6.72,+12.90%,14050
ATER,2020-05-27,59.04,65.4,57,65.28,6.48,+11.02%,7733
ATER,2020-05-28,66,71.4,66,66.48,1.2,+1.84%,9583
ATER,2020-05-29,65.88,66.12,58.74,61.8,-4.68,-7.04%,4658
ATER,2020-06-01,61.32,65.16,58.2,59.4,-2.4,-3.88%,10016
ATER,2020-06-02,60.24,60.96,57.84,59.28,-0.12,-0.20%,3583
ATER,2020-06-03,58.68,60,55.8,57,-2.28,-3.85%,9025
ATER,2020-06-04,70.8,70.8,58.8,62.4,5.4,+9.47%,16325
ATER,2020-06-05,65.28,66.6,62.76,62.76,0.36,+0.58%,21441
ATER,2020-06-08,64.2,73.0788,63.6,63.84,1.08,+1.72%,27641
ATER,2020-06-09,65.64,68.46,61.8,63.72,-0.12,-0.19%,13066
ATER,2020-06-10,67.8,70.56,60.6,64.56,0.84,+1.32%,21650
ATER,2020-06-11,60,61.68,54,59.04,-5.52,-8.55%,15533
ATER,2020-06-12,60.12,62.148,59.412,59.76,0.72,+1.22%,4475
ATER,2020-06-15,57.84,64.2,57.84,61.08,1.32,+2.21%,6175
ATER,2020-06-16,64.08,65.16,62.28,62.52,1.44,+2.36%,9158
ATER,2020-06-17,62.64,65.28,62.64,65.28,2.76,+4.41%,1925
ATER,2020-06-18,65.52,69.96,65.4,67.44,2.16,+3.31%,4325
ATER,2020-06-19,68.4,69,66.24,68.4,0.96,+1.42%,3475
ATER,2020-06-22,68.28,69.06,65.5236,69,0.6,+0.88%,4383
ATER,2020-06-23,69,69.8016,68.1576,69.36,0.36,+0.52%,3091
ATER,2020-06-24,69.24,69.24,63.3612,67.32,-2.04,-2.94%,2458
ATER,2020-06-25,66.84,68.34,63.96,67.56,0.24,+0.36%,3791
ATER,2020-06-26,66.96,69.36,64.32,69,1.44,+2.13%,4958
ATER,2020-06-29,68.28,68.64,64.9212,65.28,-3.72,-5.39%,4975
ATER,2020-06-30,65.76,67.8,63.84,65.88,0.6,+0.92%,1416
ATER,2020-07-01,64.8,67.2,64.26,67.2,1.32,+2.00%,1600
ATER,2020-07-02,67.2,67.8,64.32,66.48,-0.72,-1.07%,2241
ATER,2020-07-06,66.48,66.48,61.8,66,-0.48,-0.72%,4425
ATER,2020-07-07,65.52,65.88,63.6,63.6,-2.4,-3.64%,3575
ATER,2020-07-08,65.16,65.7396,61.2,63.96,0.36,+0.57%,3808
ATER,2020-07-09,63,64.92,60.96,64.92,0.96,+1.50%,2433
ATER,2020-07-10,61.68,64.8,61.68,64.2,-0.72,-1.11%,1550
ATER,2020-07-13,62.52,63,57,58.8,-5.4,-8.41%,6383
ATER,2020-07-14,57.84,62.4,57.84,61.8,3,+5.10%,2150
ATER,2020-07-15,63.7932,64.62,61.2,64.2,2.4,+3.88%,2716
ATER,2020-07-16,62.9856,64.8,62.4708,63,-1.2,-1.87%,758
ATER,2020-07-17,62.28,74.9988,62.28,70.86,7.86,+12.48%,10725
ATER,2020-07-20,71.88,74.88,68.7396,70.62,-0.24,-0.34%,2391
ATER,2020-07-21,69.12,75.36,68.4012,74.52,3.9,+5.52%,9575
ATER,2020-07-22,77.28,83.1,75.72,82.8,8.28,+11.11%,14158
ATER,2020-07-23,83.4,87.528,82.9908,85.2,2.4,+2.90%,12366
ATER,2020-07-24,85.6056,97.68,85.6056,91.08,5.88,+6.90%,11475
ATER,2020-07-27,93.48,93.6,89.76,91.2,0.12,+0.13%,4366
ATER,2020-07-28,91.56,94.44,90.12,94.44,3.24,+3.55%,4566
ATER,2020-07-29,96,104.3964,95.88,99.72,5.28,+5.59%,14325
ATER,2020-07-30,96,103.68,90.84,100.68,0.96,+0.96%,14400
ATER,2020-07-31,104.28,104.28,73.8,93.6,-7.08,-7.03%,25816
ATER,2020-08-03,92.4,92.4,80.64,90.84,-2.76,-2.95%,12691
ATER,2020-08-04,90.84,96,90.84,92.64,1.8,+1.98%,6325
ATER,2020-08-05,92.52,95.88,92.16,92.4,-0.24,-0.26%,4858
ATER,2020-08-06,94.68,95.28,82.8,85.32,-7.08,-7.66%,7366
ATER,2020-08-07,86.52,95.868,86.52,92.88,7.56,+8.86%,5825
ATER,2020-08-10,92.04,96.24,91.32,94.8,1.92,+2.07%,4916
ATER,2020-08-11,94.32,94.32,82.44,83.28,-11.52,-12.15%,13000
ATER,2020-08-12,89.4,94.1844,84.12,88.08,4.8,+5.76%,37633
ATER,2020-08-13,89.52,93,88.8,93,4.92,+5.59%,8133
ATER,2020-08-14,94.08,105.5688,92.652,101.28,8.28,+8.90%,30766
ATER,2020-08-17,103.08,107.8788,94.68,103.44,2.16,+2.13%,23433
ATER,2020-08-18,104.52,110.2644,104.28,109.08,5.64,+5.45%,16991
ATER,2020-08-19,110.88,112.68,109.2,111.48,2.4,+2.20%,6933
ATER,2020-08-20,113.16,116.16,111.72,116.16,4.68,+4.20%,20108
ATER,2020-08-21,116.16,116.16,97.92,105.36,-10.8,-9.30%,31850
ATER,2020-08-24,87,95.88,85.08,95.4,-9.96,-9.45%,109466
ATER,2020-08-25,94.8,96.9228,90,91.56,-3.84,-4.03%,20208
ATER,2020-08-26,91.8,99,87.6,97.2,5.64,+6.16%,28816
ATER,2020-08-27,99.6,104.4,95.46,101.4,4.2,+4.32%,50958
ATER,2020-08-28,103.44,105,101.52,104.28,2.88,+2.84%,8133
ATER,2020-08-31,104.4,105.54,92.4,96.96,-7.32,-7.02%,18625
ATER,2020-09-01,97.92,98.28,90.24,90.6,-6.36,-6.56%,25633
ATER,2020-09-02,95.88,95.88,85.2,92.28,1.68,+1.85%,18483
ATER,2020-09-03,91.44,92.16,76.572,81.24,-11.04,-11.96%,20983
ATER,2020-09-04,81.72,83.8788,75,80.64,-0.6,-0.74%,21941
ATER,2020-09-08,81.6,87.96,80.76,83.52,2.88,+3.57%,12275
ATER,2020-09-09,84,90,82.56,89.28,5.76,+6.90%,9841
ATER,2020-09-10,89.28,98.4,88.92,92.16,2.88,+3.23%,47025
ATER,2020-09-11,93.72,96,88.02,92.28,0.12,+0.13%,10716
ATER,2020-09-14,94.8,95.76,89.4,94.2,1.92,+2.08%,13408
ATER,2020-09-15,95.4,97.2,93.6132,94.44,0.24,+0.25%,8841
ATER,2020-09-16,96.6,96.6,93.84,94.8,0.36,+0.38%,4941
ATER,2020-09-17,93.72,95.28,92.52,95.28,0.48,+0.51%,4516
ATER,2020-09-18,91.68,99,91.68,94.68,-0.6,-0.63%,21533
ATER,2020-09-21,91.44,97.08,89.4,92.76,-1.92,-2.03%,11166
ATER,2020-09-22,92.4,99.12,91.68,99,6.24,+6.73%,7850
ATER,2020-09-23,98.28,99.12,91.32,92.64,-6.36,-6.42%,11433
ATER,2020-09-24,93.96,95.88,90.72,93.36,0.72,+0.78%,6150
ATER,2020-09-25,92.76,97.8,92.64,92.76,-0.6,-0.64%,4591
ATER,2020-09-28,93.48,98.88,93.42,96.96,4.2,+4.53%,6116
ATER,2020-09-29,96.72,102.72,93.72,101.64,4.68,+4.83%,11533
ATER,2020-09-30,102,105,95.16,99,-2.64,-2.60%,14100
ATER,2020-10-01,99,101.28,96.24,99.96,0.96,+0.97%,2191
ATER,2020-10-02,96.6,101.3928,95.52,97.8,-2.16,-2.16%,4783
ATER,2020-10-05,99.36,102.24,99.12,101.16,3.36,+3.44%,6483
ATER,2020-10-06,102.12,102.12,96.6,98.28,-2.88,-2.85%,10675
ATER,2020-10-07,99.36,105,99.36,104.88,6.6,+6.72%,14083
ATER,2020-10-08,106.2,111.6,104.34,107.16,2.28,+2.17%,36675
ATER,2020-10-09,112.0356,112.0356,102.12,106.68,-0.48,-0.45%,11625
ATER,2020-10-12,107.52,109.08,102.24,104.52,-2.16,-2.02%,10091
ATER,2020-10-13,102.96,111.36,102.0024,111,6.48,+6.20%,7966
ATER,2020-10-14,112.68,114,106.2,108.36,-2.64,-2.38%,5533
ATER,2020-10-15,109.08,111.1284,102,103.44,-4.92,-4.54%,8333
ATER,2020-10-16,104.28,108.48,103.2,105.24,1.8,+1.74%,7816
ATER,2020-10-19,107.88,112.56,105.48,108.36,3.12,+2.96%,7125
ATER,2020-10-20,110.04,110.04,103.68,107.28,-1.08,-1.00%,6525
ATER,2020-10-21,105.72,108,105,106.08,-1.2,-1.12%,3508
ATER,2020-10-22,105.72,107.82,102.96,103.32,-2.76,-2.60%,4458
ATER,2020-10-23,104.3916,105.2136,97.3212,98.88,-4.44,-4.30%,5583
ATER,2020-10-26,99.72,99.72,93.6,98.04,-0.84,-0.85%,5733
ATER,2020-10-27,97.44,98.64,96.12,96.6,-1.44,-1.47%,3475
ATER,2020-10-28,96,100.44,91.9548,97.2,0.6,+0.62%,8325
ATER,2020-10-29,96.24,101.1,96.24,97.92,0.72,+0.74%,3366
ATER,2020-10-30,98.16,98.16,93.72,96.48,-1.44,-1.47%,5200
ATER,2020-11-02,96.48,102.6,95.76,100.56,4.08,+4.23%,4825
ATER,2020-11-03,102,103.8,100.68,101.28,0.72,+0.72%,6375
ATER,2020-11-04,102.48,106.56,100.44,104.28,3,+2.96%,7141
ATER,2020-11-05,104.4,110.04,104.4,109.2,4.92,+4.72%,7791
ATER,2020-11-06,109.08,112.68,107.28,109.8,0.6,+0.55%,8750
ATER,2020-11-09,113.88,113.88,100.32,101.52,-8.28,-7.54%,15383
ATER,2020-11-10,106.2,106.8,91.56,99.6,-1.92,-1.89%,31983
ATER,2020-11-11,100.92,102.72,93.6,96.12,-3.48,-3.49%,19916
ATER,2020-11-12,96,97.02,87,90.84,-5.28,-5.49%,25025
ATER,2020-11-13,91.2,94.8,89.6748,93,2.16,+2.38%,23358
ATER,2020-11-16,93.24,94.17,85.44,87.84,-5.16,-5.55%,28808
ATER,2020-11-17,86.64,89.5116,82.41,84.36,-3.48,-3.96%,17833
ATER,2020-11-18,84.84,88.1124,83.16,85.44,1.08,+1.28%,10291
ATER,2020-11-19,84.84,88.26,82.68,85.2,-0.24,-0.28%,31424
ATER,2020-11-20,86.16,91.2,86.16,87.84,2.64,+3.10%,8233
ATER,2020-11-23,88.2,90.7584,85.08,85.2,-2.64,-3.01%,10758
ATER,2020-11-24,85.68,88.68,83.4,85.56,0.36,+0.42%,15975
ATER,2020-11-25,86.52,89.28,85.56,89.04,3.48,+4.07%,5633
ATER,2020-11-27,89.4,92.52,86.64,88.8,-0.24,-0.27%,14083
ATER,2020-11-30,87.84,90.72,80.88,84.72,-4.08,-4.59%,16808
ATER,2020-12-01,86.04,86.04,81,82.68,-2.04,-2.41%,17216
ATER,2020-12-02,87,98.3976,84.6,97.44,14.76,+17.85%,56766
ATER,2020-12-03,99,109.2,99,106.56,9.12,+9.36%,39016
ATER,2020-12-04,107.88,117.24,106.68,116.28,9.72,+9.12%,46250
ATER,2020-12-07,117.24,119.88,111.84,115.08,-1.2,-1.03%,38475
ATER,2020-12-08,115.08,120,112.3392,117.96,2.88,+2.50%,21041
ATER,2020-12-09,118.2,130.56,117.96,124.56,6.6,+5.60%,37333
ATER,2020-12-10,124.56,126.12,112.2,120,-4.56,-3.66%,25666
ATER,2020-12-11,117.6,119.76,108.36,115.32,-4.68,-3.90%,12691
ATER,2020-12-14,119.16,125.16,115.8,116.04,0.72,+0.62%,23258
ATER,2020-12-15,118.08,124.2,116.04,119.64,3.6,+3.10%,19500
ATER,2020-12-16,119.76,123.6,117.6,120.84,1.2,+1.00%,13591
ATER,2020-12-17,124.56,152.28,123.12,146.64,25.8,+21.35%,80191
ATER,2020-12-18,154.8,158.9064,133.8,146.4,-0.24,-0.16%,77891
ATER,2020-12-21,146.04,170.76,140.76,170.16,23.76,+16.23%,82216
ATER,2020-12-22,184.8,203.04,176.76,194.64,24.48,+14.39%,117458
ATER,2020-12-23,204.12,214.8,182.4324,197.64,3,+1.54%,106075
ATER,2020-12-24,202.2,208.2,185.04,200.28,2.64,+1.34%,62708
ATER,2020-12-28,213,228.96,202.2,218.28,18,+8.99%,148600
ATER,2020-12-29,218.76,218.76,198.12,202.32,-15.96,-7.31%,73266
ATER,2020-12-30,204.24,215.76,188.04,208.68,6.36,+3.14%,45608
ATER,2020-12-31,208.2,209.88,198.12,206.52,-2.16,-1.04%,44733
ATER,2021-01-04,208.32,217.8,196.56,206.4,-0.12,-0.06%,92316
ATER,2021-01-05,203.64,226.8,196.9848,215.76,9.36,+4.53%,80450
ATER,2021-01-06,210.84,238.68,210.4128,229.44,13.68,+6.34%,105433
ATER,2021-01-07,237.72,249,237.24,240.96,11.52,+5.02%,85750
ATER,2021-01-08,236.76,253.764,236.4,251.04,10.08,+4.18%,73050
ATER,2021-01-11,253.56,269.4,241.92,250.8,-0.24,-0.10%,66733
ATER,2021-01-12,251.52,259.1784,240.12,258.72,7.92,+3.16%,42616
ATER,2021-01-13,253.32,258.3672,241.8,243.96,-14.76,-5.71%,46983
ATER,2021-01-14,247.2,259.08,229.2,259.08,15.12,+6.20%,74233
ATER,2021-01-15,259.56,273.6,231.6,270.6,11.52,+4.45%,109850
ATER,2021-01-19,273,285.48,244.8,265.2,-5.4,-2.00%,73983
ATER,2021-01-20,265.2,301.56,264,290.28,25.08,+9.46%,98325
ATER,2021-01-21,304.44,311.28,277.2,293.88,3.6,+1.24%,83516
ATER,2021-01-22,287.88,315.6,284.28,312.24,18.36,+6.25%,80708
ATER,2021-01-25,323.88,333.6,290.64,299.76,-12.48,-4.00%,86666
ATER,2021-01-26,300.96,307.92,283.32,296.28,-3.48,-1.16%,59641
ATER,2021-01-27,283.08,302.9748,267.12,277.44,-18.84,-6.36%,63800
ATER,2021-01-28,276,292.8852,271.56,286.56,9.12,+3.29%,48358
ATER,2021-01-29,278.28,299.88,271.92,276.24,-10.32,-3.60%,75766
ATER,2021-02-01,288,288,267.6,271.2,-5.04,-1.82%,46183
ATER,2021-02-02,299.52,345,285.24,341.16,69.96,+25.80%,113758
ATER,2021-02-03,348,401.4,348,384,42.84,+12.56%,100825
ATER,2021-02-04,396,406.68,345.78,400.8,16.8,+4.38%,100708
ATER,2021-02-05,408,422.76,382.8,402.48,1.68,+0.42%,64991
ATER,2021-02-08,434.04,504,427.8,484.92,82.44,+20.48%,102333
ATER,2021-02-09,509.04,519.24,474.48,504,19.08,+3.93%,80116
ATER,2021-02-10,507.24,524.64,451.2,497.28,-6.72,-1.33%,92841
ATER,2021-02-11,520.08,525.96,475.68,516.36,19.08,+3.84%,60083
ATER,2021-02-12,505.2,518.5164,475.56,516.7201,0.3601,+0.07%,75633
ATER,2021-02-16,523.2,574.2,510.12,570.36,53.6399,+10.38%,93658
ATER,2021-02-17,563.88,587.88,532.0248,571.92,1.56,+0.27%,98775
ATER,2021-02-18,550.8001,553.2,504,543.7201,-28.1999,-4.93%,103050
ATER,2021-02-19,558,560.28,511.92,521.4,-22.3201,-4.11%,61750
ATER,2021-02-22,499.2,585,496.8,557.1601,35.7601,+6.86%,80675
ATER,2021-02-23,514.1256,542.5188,435.7201,540.36,-16.8001,-3.02%,112191
ATER,2021-02-24,535.8001,586.68,513.12,543,2.64,+0.49%,60200
ATER,2021-02-25,543.24,561.48,480.12,492.84,-50.16,-9.24%,68725
ATER,2021-02-26,492.12,510.7188,461.04,478.56,-14.28,-2.90%,76408
ATER,2021-03-01,492.12,542.64,480.12,527.4,48.84,+10.21%,80750
ATER,2021-03-02,539.88,573.6,522.18,527.88,0.48,+0.09%,45083
ATER,2021-03-03,533.76,539.6664,486,488.28,-39.6,-7.50%,50225
ATER,2021-03-04,474.7201,489.6,372.24,383.52,-104.76,-21.45%,186533
ATER,2021-03-05,429.6,443.868,330.48,406.2,22.68,+5.91%,229749
ATER,2021-03-08,430.2,445.56,391.32,434.76,28.56,+7.03%,108458
ATER,2021-03-09,443.04,465.84,384.12,437.76,3,+0.69%,152733
ATER,2021-03-10,456,477.24,376.8,389.04,-48.72,-11.13%,164983
ATER,2021-03-11,415.2,429.24,374.64,411.84,22.8,+5.86%,153100
ATER,2021-03-12,397.92,416.28,388.9908,407.52,-4.32,-1.05%,60500
ATER,2021-03-15,393.24,407.508,354.942,380.64,-26.88,-6.60%,183258
ATER,2021-03-16,381,385.752,342,363.12,-17.52,-4.60%,126966
ATER,2021-03-17,353.52,409.5589,348.012,397.92,34.8,+9.58%,87600
ATER,2021-03-18,385.08,436.32,378,394.2,-3.72,-0.93%,94733
ATER,2021-03-19,384.12,436.4388,372.294,425.4,31.2,+7.91%,74083
ATER,2021-03-22,434.64,465.6,433.56,444.12,18.72,+4.40%,81800
ATER,2021-03-23,432.12,459.36,414.12,416.4,-27.72,-6.24%,72475
ATER,2021-03-24,423.24,432,363.96,364.68,-51.72,-12.42%,77516
ATER,2021-03-25,338.04,373.758,336.12,365.28,0.6,+0.16%,72608
ATER,2021-03-26,368.64,373.56,331.2,348.36,-16.92,-4.63%,74325
ATER,2021-03-29,350.88,363.1188,322.8,329.76,-18.6,-5.34%,59433
ATER,2021-03-30,318,336,315,336,6.24,+1.89%,71933
ATER,2021-03-31,347.04,369,342.72,354,18,+5.36%,76258
ATER,2021-04-01,372.24,392.4,360.84,381.84,27.84,+7.86%,51708
ATER,2021-04-05,406.44,407.64,346.08,360.36,-21.48,-5.63%,97325
ATER,2021-04-06,360,378.96,351.6,365.88,5.52,+1.53%,62391
ATER,2021-04-07,365.4,366.84,341.04,346.2,-19.68,-5.38%,35258
ATER,2021-04-08,355.68,384,343.08,374.4,28.2,+8.15%,67858
ATER,2021-04-09,369,374.52,355.44,368.52,-5.88,-1.57%,32291
ATER,2021-04-12,364.68,367.68,335.4,336.72,-31.8,-8.63%,55841
ATER,2021-04-13,341.88,344.52,318.84,329.28,-7.44,-2.21%,56533
ATER,2021-04-14,332.76,336,304.08,317.76,-11.52,-3.50%,115683
ATER,2021-04-15,318.48,324,279.8412,288.96,-28.8,-9.06%,120141
ATER,2021-04-16,291,299.04,270.72,283.2,-5.76,-1.99%,92941
ATER,2021-04-19,279.72,284.28,261.6,267.6,-15.6,-5.51%,71766
ATER,2021-04-20,264.48,271.5,240,247.44,-20.16,-7.53%,92950
ATER,2021-04-21,244.2,276.438,235.6812,270.72,23.28,+9.41%,151875
ATER,2021-04-22,288,305.4,271.44,276.72,6,+2.22%,126141
ATER,2021-04-23,286.32,299.64,276.24,285.24,8.52,+3.08%,63133
ATER,2021-04-26,288,308.4,285.48,307.2,21.96,+7.70%,60808
ATER,2021-04-27,309.24,314.1852,284.4,290.88,-16.32,-5.31%,53258
ATER,2021-04-28,286.44,296.64,279.12,294.72,3.84,+1.32%,30583
ATER,2021-04-29,300,304.32,281.52,284.4,-10.32,-3.50%,56908
ATER,2021-04-30,286.56,286.578,255.72,260.4,-24.,-8.44%,33925
ATER,2021-05-03,265.32,266.28,242.04,247.92,-12.48,-4.79%,67950
ATER,2021-05-04,228.6,235.92,199.44,211.44,-36.48,-14.71%,259633
ATER,2021-05-05,218.4,218.4312,182.52,188.64,-22.8,-10.78%,176950
ATER,2021-05-06,187.44,194.76,171.24,192.84,4.2,+2.23%,166400
ATER,2021-05-07,187.2,207.84,179.52,183.36,-9.48,-4.92%,108733
ATER,2021-05-10,178.44,178.8,161.64,165.12,-18.24,-9.95%,114066
ATER,2021-05-11,144.84,178.7592,141.72,171.36,6.24,+3.78%,95883
ATER,2021-05-12,168.6,175.44,161.64,165.24,-6.12,-3.57%,70725
ATER,2021-05-13,164.4,168.48,142.32,149.28,-15.96,-9.66%,89766
ATER,2021-05-14,148.8,163.56,146.706,154.2,4.92,+3.30%,59283
ATER,2021-05-17,168,171,156.84,164.28,10.08,+6.54%,74891
ATER,2021-05-18,174.96,208.44,170.4,194.4,30.12,+18.33%,196158
ATER,2021-05-19,182.4,188.28,171.84,186.36,-8.04,-4.14%,101116
ATER,2021-05-20,183.6,208.92,183.6,205.44,19.08,+10.24%,102558
ATER,2021-05-21,212.76,213.96,192.72,204.48,-0.96,-0.47%,86516
ATER,2021-05-24,203.52,207,183,196.8,-7.68,-3.76%,84116
ATER,2021-05-25,203.76,217.1256,200.04,208.68,11.88,+6.04%,53550
ATER,2021-05-26,209.04,224.88,208.8,218.76,10.08,+4.83%,48225
ATER,2021-05-27,219.84,227.88,213,227.4,8.64,+3.95%,42625
ATER,2021-05-28,227.04,231,214.3212,215.4,-12.,-5.28%,38266
ATER,2021-06-01,216,223.44,205.8,217.2,1.8,+0.84%,43066
ATER,2021-06-02,215.76,219.6,207.24,217.56,0.36,+0.17%,40441
ATER,2021-06-03,211.8,214.8,199.8,200.52,-17.04,-7.83%,51916
ATER,2021-06-04,206.16,214.2,201.12,209.64,9.12,+4.55%,35675
ATER,2021-06-07,210.36,243.36,210,237.24,27.6,+13.17%,69391
ATER,2021-06-08,244.32,252.84,218.52,237.84,0.6,+0.25%,76150
ATER,2021-06-09,242.4,247.2,223.2,224.4,-13.44,-5.65%,59800
ATER,2021-06-10,216,217.44,187.2,188.4,-36.,-16.04%,165850
ATER,2021-06-11,185.4,192.84,183.6,189.72,1.32,+0.70%,68375
ATER,2021-06-14,192.6,198.6,185.4,189.12,-0.6,-0.32%,67125
ATER,2021-06-15,187.44,187.44,176.5332,183.6,-5.52,-2.92%,49575
ATER,2021-06-16,183.6,191.28,178.2,186,2.4,+1.31%,50275
ATER,2021-06-17,186,191.28,182.64,185.64,-0.36,-0.19%,34633
ATER,2021-06-18,183.6,189,178.44,180.84,-4.8,-2.59%,45283
ATER,2021-06-21,186.48,188.28,179.4012,188.04,7.2,+3.98%,37100
ATER,2021-06-22,189,192.12,186.36,192.12,4.08,+2.17%,48875
ATER,2021-06-23,192.6,197.88,191.4,194.04,1.92,+1.00%,31191
ATER,2021-06-24,197.4,197.4,177.72,182.76,-11.28,-5.81%,86050
ATER,2021-06-25,182.88,198,182.4,195.6,12.84,+7.03%,262975
ATER,2021-06-28,195.48,195.6,184.8,187.2,-8.4,-4.29%,71608
ATER,2021-06-29,187.56,189.48,177.84,179.64,-7.56,-4.04%,51650
ATER,2021-06-30,179.52,181.668,172.44,175.56,-4.08,-2.27%,55141
ATER,2021-07-01,175.56,183.36,174.84,179.88,4.32,+2.46%,45533
ATER,2021-07-02,177.72,178.7364,161.4012,164.88,-15.,-8.34%,90366
ATER,2021-07-06,165.84,184.56,165.6012,177.36,12.48,+7.57%,63141
ATER,2021-07-07,177.6,180.72,159.84,161.52,-15.84,-8.93%,76841
ATER,2021-07-08,154.44,166.44,151.44,156.84,-4.68,-2.90%,81550
ATER,2021-07-09,160.8,166.32,157.8,163.2,6.36,+4.06%,27591
ATER,2021-07-12,163.2,163.2,153,154.92,-8.28,-5.07%,40191
ATER,2021-07-13,152.4,160.44,148.44,151.68,-3.24,-2.09%,48725
ATER,2021-07-14,152.04,155.76,142.44,145.08,-6.6,-4.35%,56333
ATER,2021-07-15,144,146.76,137.16,139.2,-5.88,-4.05%,57133
ATER,2021-07-16,143.04,143.4,125.94,126.48,-12.72,-9.14%,65316
ATER,2021-07-19,120.48,130.2,117.84,123.84,-2.64,-2.09%,78425
ATER,2021-07-20,126.12,130.2,120.12,129.24,5.4,+4.36%,70883
ATER,2021-07-21,131.76,136.8,130.2,131.04,1.8,+1.39%,34100
ATER,2021-07-22,132,134.4684,121.8,124.56,-6.48,-4.95%,35133
ATER,2021-07-23,125.64,127.44,115.08,116.52,-8.04,-6.45%,54066
ATER,2021-07-26,117.24,128.64,114.96,117.72,1.2,+1.03%,54675
ATER,2021-07-27,115.92,117.6,105.36,113.64,-4.08,-3.47%,61991
ATER,2021-07-28,116.64,125.28,113.76,117,3.36,+2.96%,62041
ATER,2021-07-29,117.84,119.4456,110.4,110.76,-6.24,-5.33%,46591
ATER,2021-07-30,107.76,113.64,106.8,108.36,-2.4,-2.17%,29150
ATER,2021-08-02,111.24,115.32,109.92,110.28,1.92,+1.77%,35075
ATER,2021-08-03,109.44,109.8,103.2,109.08,-1.2,-1.09%,47366
ATER,2021-08-04,108,109.32,98.4,100.08,-9.,-8.25%,79591
ATER,2021-08-05,99.48,106.2,98.64,103.2,3.12,+3.12%,50316
ATER,2021-08-06,106.2,106.92,98.16,98.76,-4.44,-4.30%,60508
ATER,2021-08-09,62.04,66.84,57.72,65.88,-32.88,-33.29%,830916
ATER,2021-08-10,62.04,62.64,54.6,58.32,-7.56,-11.48%,526583
ATER,2021-08-11,57.84,57.9876,47.64,48.48,-9.84,-16.87%,505425
ATER,2021-08-12,48.48,55.62,48,53.28,4.8,+9.90%,294916
ATER,2021-08-13,51.72,52.6212,48.12,48.48,-4.8,-9.01%,210641
ATER,2021-08-16,48.72,49.08,43.32,43.92,-4.56,-9.41%,169266
ATER,2021-08-17,44.16,45.72,40.92,43.56,-0.36,-0.82%,162183
ATER,2021-08-18,44.04,44.3856,41.4,41.88,-1.68,-3.86%,111233
ATER,2021-08-19,41.64,43.2,39.96,42.36,0.48,+1.15%,117466
ATER,2021-08-20,41.52,42.48,37.32,37.38,-4.98,-11.76%,309683
ATER,2021-08-23,38.52,40.44,36.48,38.64,1.26,+3.37%,187941
ATER,2021-08-24,39.6,47.4,39.1212,44.88,6.24,+16.15%,480675
ATER,2021-08-25,45.84,53.028,44.052,48.36,3.48,+7.75%,422950
ATER,2021-08-26,50.4,56.4,47.52,49.56,1.2,+2.48%,413016
ATER,2021-08-27,49.56,80.64,48.6,72.96,23.4,+47.22%,3340600
ATER,2021-08-30,106.56,108,77.76,79.44,6.48,+8.88%,4346741
ATER,2021-08-31,76.92,77.28,63.84,71.52,-7.92,-9.97%,1270566
ATER,2021-09-01,69.96,96,67.68,88.8,17.28,+24.16%,3876042
ATER,2021-09-02,87.12,92.28,75.96,77.88,-10.92,-12.30%,1358191
ATER,2021-09-03,76.44,81.12,73.08,80.4,2.52,+3.24%,630025
ATER,2021-09-07,82.8,95.88,80.76,85.44,5.04,+6.27%,1434666
ATER,2021-09-08,85.92,125.64,85.44,110.52,25.08,+29.35%,7455516
ATER,2021-09-09,107.52,134.76,102.96,122.16,11.64,+10.53%,6236092
ATER,2021-09-10,125.76,159,123,141.6,19.44,+15.91%,6551141
ATER,2021-09-13,171.6,229.2,170.28,215.76,74.16,+52.37%,20186008
ATER,2021-09-14,200.04,200.16,128.436,131.52,-84.24,-39.04%,8737992
ATER,2021-09-15,120.36,140.64,112.08,135,3.48,+2.65%,4550066
ATER,2021-09-16,129.36,131.76,116.64,119.52,-15.48,-11.47%,1278825
ATER,2021-09-17,114.36,143.64,109.68,132.72,13.2,+11.04%,2940800
ATER,2021-09-20,128.76,161.9988,126.24,140.76,8.04,+6.06%,5932633
ATER,2021-09-21,146.76,168.72,146.64,156,15.24,+10.83%,4982750
ATER,2021-09-22,176.16,203.16,168.12,200.64,44.64,+28.62%,8124658
ATER,2021-09-23,171.24,176.52,134.4,144,-56.64,-28.23%,6926533
ATER,2021-09-24,145.2,162,135,155.52,11.52,+8.00%,4719958
ATER,2021-09-27,160.92,167.64,144,149.4,-6.12,-3.94%,3181591
ATER,2021-09-28,145.2,151.7988,135.72,136.44,-12.96,-8.67%,1615000
ATER,2021-09-29,133.2,137.64,116.04,119.52,-16.92,-12.40%,1499275
ATER,2021-09-30,120.48,141.36,109.32,129.96,10.44,+8.73%,3119233
ATER,2021-10-01,134.4276,138.3588,124.2,125.88,-4.08,-3.14%,1719908
ATER,2021-10-04,122.64,125.28,113.04,114.24,-11.64,-9.25%,1029825
ATER,2021-10-05,116.04,124.4388,114.36,117,2.76,+2.42%,910600
ATER,2021-10-06,112.44,116.76,99.6,101.28,-15.72,-13.44%,1190475
ATER,2021-10-07,103.68,108.72,96.48,99.72,-1.56,-1.54%,809216
ATER,2021-10-08,99.84,103.8,91.9212,93,-6.72,-6.74%,770958
ATER,2021-10-11,93.48,106.2,92.052,99.72,6.72,+7.23%,1240200
ATER,2021-10-12,99.12,104.4,94.2,96.96,-2.76,-2.77%,524475
ATER,2021-10-13,97.44,102.8388,93.6,100.68,3.72,+3.84%,732725
ATER,2021-10-14,100.68,108,96.72,97.56,-3.12,-3.10%,987608
ATER,2021-10-15,99.6,104.76,96.72,97.68,0.12,+0.12%,909041
ATER,2021-10-18,97.2,102.36,96.96,98.28,0.6,+0.61%,501883
ATER,2021-10-19,98.4,115.92,97.32,109.2,10.92,+11.11%,2519358
ATER,2021-10-20,109.2,119.88,108.36,112.2,3,+2.75%,1221500
ATER,2021-10-21,112.56,121.92,102.36,104.4,-7.8,-6.95%,1203700
ATER,2021-10-22,99.6,100.2,86.88,89.88,-14.52,-13.91%,902008
ATER,2021-10-25,87.24,91.8228,84.36,85.68,-4.2,-4.67%,496574
ATER,2021-10-26,84.12,85.5744,79.32,80.04,-5.64,-6.58%,572566
ATER,2021-10-27,79.8,83.4,75.48,77.16,-2.88,-3.60%,415283
ATER,2021-10-28,77.4,83.16,76.2,82.2,5.04,+6.53%,436616
ATER,2021-10-29,80.76,81.48,76.32,76.68,-5.52,-6.72%,370583
ATER,2021-11-01,76.8,81.456,75.36,76.2,-0.48,-0.63%,386316
ATER,2021-11-02,75.7608,75.9876,70.08,71.76,-4.44,-5.83%,523100
ATER,2021-11-03,73.8,79.8,71.64,75.48,3.72,+5.18%,535891
ATER,2021-11-04,76.2,77.28,70.8,72.84,-2.64,-3.50%,345300
ATER,2021-11-05,72.24,73.8,70.56,71.52,-1.32,-1.81%,276566
ATER,2021-11-08,71.76,75.9552,70.92,74.76,3.24,+4.53%,932375
ATER,2021-11-09,97.2,99.72,80.88,84.12,9.36,+12.52%,2664658
ATER,2021-11-10,79.2,82.56,73.2,74.64,-9.48,-11.27%,553408
ATER,2021-11-11,75.6,77.64,73.8,76.08,1.44,+1.93%,263291
ATER,2021-11-12,75.48,78.72,74.532,78.24,2.16,+2.84%,276625
ATER,2021-11-15,79.2,83.64,76.68,77.28,-0.96,-1.23%,374766
ATER,2021-11-16,76.08,76.8,72,73.08,-4.2,-5.43%,324225
ATER,2021-11-17,72.24,73.8,65.76,69,-4.08,-5.58%,504383
ATER,2021-11-18,69.12,69.5988,63.84,67.44,-1.56,-2.26%,228191
ATER,2021-11-19,66.84,69.48,65.52,67.2,-0.24,-0.36%,207316
ATER,2021-11-22,67.2,67.614,60.48,64.44,-2.76,-4.11%,277483
ATER,2021-11-23,63.12,64.56,57.36,59.88,-4.56,-7.08%,294100
ATER,2021-11-24,59.16,75.36,57.36,64.92,5.04,+8.42%,1052100
ATER,2021-11-26,60.6,66.72,60.24,65.76,0.84,+1.29%,232683
ATER,2021-11-29,66.6,66.6,59.76,62.28,-3.48,-5.29%,221908
ATER,2021-11-30,60.84,62.4,55.8,58.56,-3.72,-5.97%,277691
ATER,2021-12-01,59.64,60.6,51.36,52.32,-6.24,-10.66%,316700
ATER,2021-12-02,51.48,55.62,50.4,54.84,2.52,+4.82%,216975
ATER,2021-12-03,53.76,55.2,48,49.08,-5.76,-10.50%,283241
ATER,2021-12-06,48.72,58.32,47.04,55.08,6,+12.22%,438041
ATER,2021-12-07,56.52,69.36,55.5168,65.64,10.56,+19.17%,737125
ATER,2021-12-08,68.16,68.88,61.344,66.6,0.96,+1.46%,482366
ATER,2021-12-09,64.8,69.6,60.36,61.68,-4.92,-7.39%,272066
ATER,2021-12-10,61.08,63.48,57,57.48,-4.2,-6.81%,221583
ATER,2021-12-13,57.24,62.16,54.6,56.16,-1.32,-2.30%,273816
ATER,2021-12-14,55.44,57.12,53.4696,54.84,-1.32,-2.35%,194833
ATER,2021-12-15,54.36,56.52,49.56,55.8,0.96,+1.75%,305341
ATER,2021-12-16,57.36,57.414,51.924,52.8,-3.,-5.38%,205900
ATER,2021-12-17,51.48,55.56,50.28,54.24,1.44,+2.73%,270000
ATER,2021-12-20,51.84,53.52,48.96,50.16,-4.08,-7.52%,231783
ATER,2021-12-21,50.64,53.88,49.8,52.44,2.28,+4.55%,200916
ATER,2021-12-22,52.08,52.08,48.84,51.24,-1.2,-2.29%,197166
ATER,2021-12-23,51.72,56.88,49.8,54.36,3.12,+6.09%,295908
ATER,2021-12-27,53.04,53.76,49.8,50.52,-3.84,-7.06%,241574
ATER,2021-12-28,50.4,53.4,48,48.24,-2.28,-4.51%,262875
ATER,2021-12-29,48.48,48.96,44.64,45.72,-2.52,-5.22%,408016
ATER,2021-12-30,46.8,53.04,46.1676,50.88,5.16,+11.29%,388366
ATER,2021-12-31,51.2568,52.56,49.02,49.32,-1.56,-3.07%,269375
ATER,2022-01-03,50.04,51.57,48,50.52,1.2,+2.43%,172633
ATER,2022-01-04,50.2344,51.7176,48.5412,49.8,-0.72,-1.43%,164791
ATER,2022-01-05,49.8,49.86,45.6,45.96,-3.84,-7.71%,215216
ATER,2022-01-06,46.56,46.6152,41.52,42.72,-3.24,-7.05%,301200
ATER,2022-01-07,43.68,50.88,42.9276,46.2,3.48,+8.15%,803133
ATER,2022-01-10,44.76,45.276,43.08,45,-1.2,-2.60%,208433
ATER,2022-01-11,44.4,46.68,43.56,45.72,0.72,+1.60%,158391
ATER,2022-01-12,46.2,46.2204,43.5,43.92,-1.8,-3.94%,157225
ATER,2022-01-13,44.52,48.6984,44.22,46.08,2.16,+4.92%,335383
ATER,2022-01-14,44.4,45.54,40.8,43.8,-2.28,-4.95%,343291
ATER,2022-01-18,42.12,45.24,41.16,42.24,-1.56,-3.56%,236675
ATER,2022-01-19,42.24,43.08,39.72,39.84,-2.4,-5.68%,309000
ATER,2022-01-20,40.2,42,37.92,38.4,-1.44,-3.61%,333225
ATER,2022-01-21,38.4,38.616,34.32,34.56,-3.84,-10.00%,509449
ATER,2022-01-24,32.88,34.32,29.4,34.2,-0.36,-1.04%,346525
ATER,2022-01-25,33.24,37.62,32.76,36.48,2.28,+6.67%,247550
ATER,2022-01-26,37.56,37.92,32.94,33.84,-2.64,-7.24%,257033
ATER,2022-01-27,34.08,34.44,31.2,31.32,-2.52,-7.45%,136125
ATER,2022-01-28,31.32,33.48,30.24,33.36,2.04,+6.51%,172500
ATER,2022-01-31,33.36,40.2,33,38.88,5.52,+16.55%,327291
ATER,2022-02-01,38.88,42.24,37.56,41.64,2.76,+7.10%,263825
ATER,2022-02-02,42.84,42.84,39.12,40.44,-1.2,-2.88%,174616
ATER,2022-02-03,38.64,40.32,37.56,38.04,-2.4,-5.93%,128866
ATER,2022-02-04,38.64,39.2412,37.32,39.12,1.08,+2.84%,116991
ATER,2022-02-07,39.24,42.12,39.1008,40.08,0.96,+2.45%,110441
ATER,2022-02-08,40.08,40.8,38.52,40.56,0.48,+1.20%,84908
ATER,2022-02-09,41.4,45,40.08,44.52,3.96,+9.76%,177458
ATER,2022-02-10,43.68,46.92,42,42.12,-2.4,-5.39%,173108
ATER,2022-02-11,42.48,44.3988,40.92,41.64,-0.48,-1.14%,137966
ATER,2022-02-14,40.14,43.68,39.72,40.8,-0.84,-2.02%,112825
ATER,2022-02-15,42,43.32,41.34,42.6,1.8,+4.41%,128716
ATER,2022-02-16,42.48,46.92,41.67,45.84,3.24,+7.61%,200675
ATER,2022-02-17,45.6,46.68,41.34,42,-3.84,-8.38%,137433
ATER,2022-02-18,41.64,42.36,38.88,39.84,-2.16,-5.14%,151391
ATER,2022-02-22,38.28,38.76,35.76,36.96,-2.88,-7.23%,151116
ATER,2022-02-23,38.4,38.4,34.2,34.92,-2.04,-5.52%,152816
ATER,2022-02-24,31.8,36.96,31.32,36.72,1.8,+5.15%,227966
ATER,2022-02-25,36.84,38.04,34.68,36.84,0.12,+0.33%,157633
ATER,2022-02-28,36.36,37.1832,35.04,35.88,-0.96,-2.61%,153900
ATER,2022-03-01,36,36.66,34.56,34.92,-0.96,-2.68%,107533
ATER,2022-03-02,34.8,34.8,31.68,32.4,-2.52,-7.22%,242641
ATER,2022-03-03,32.76,33.12,29.4,29.88,-2.52,-7.78%,195400
ATER,2022-03-04,30,30.8328,26.64,26.76,-3.12,-10.44%,266000
ATER,2022-03-07,27.48,30.36,26.16,29.4,2.64,+9.87%,346191
ATER,2022-03-08,28.8,29.28,26.76,28.92,-0.48,-1.63%,290175
ATER,2022-03-09,28.44,34.08,27.72,32.28,3.36,+11.62%,364550
ATER,2022-03-10,31.2,32.9988,29.658,30.72,-1.56,-4.83%,219050
ATER,2022-03-11,30.84,30.9576,27.48,28.08,-2.64,-8.59%,169666
ATER,2022-03-14,28.32,28.44,25.2,25.68,-2.4,-8.55%,158508
ATER,2022-03-15,25.92,27.66,25.8,27,1.32,+5.14%,139091
ATER,2022-03-16,28.32,28.68,26.4,28.2,1.2,+4.44%,253908
ATER,2022-03-17,27.84,28.2,26.52,27.84,-0.36,-1.28%,271066
ATER,2022-03-18,27.72,31.4388,27.48,29.64,1.8,+6.47%,386658
ATER,2022-03-21,30.24,30.84,28.56,28.68,-0.96,-3.24%,249650
ATER,2022-03-22,29.16,33.36,28.68,31.44,2.76,+9.62%,476833
ATER,2022-03-23,30.96,34.86,30.36,32.04,0.6,+1.91%,399100
ATER,2022-03-24,33,33,30.4884,31.44,-0.6,-1.87%,279066
ATER,2022-03-25,31.2,31.2,28.56,29.04,-2.4,-7.63%,224516
ATER,2022-03-28,28.8,32.28,27.48,30.72,1.68,+5.79%,415666
ATER,2022-03-29,30.96,33.24,29.04,32.88,2.16,+7.03%,452883
ATER,2022-03-30,32.76,32.76,30,30,-2.88,-8.76%,247241
ATER,2022-03-31,31.08,31.56,28.74,29.16,-0.84,-2.80%,232241
ATER,2022-04-01,29.64,29.76,27.6,27.96,-1.2,-4.12%,266425
ATER,2022-04-04,30.24,47.16,29.4,41.04,13.08,+46.78%,12118308
ATER,2022-04-05,45.84,50.76,40.2,43.8,2.76,+6.73%,6519266
ATER,2022-04-06,41.76,42.96,37.44,40.92,-2.88,-6.58%,1314991
ATER,2022-04-07,43.08,46.68,39.6,46.2,5.28,+12.90%,1608450
ATER,2022-04-08,55.2,59.16,50.04,56.04,9.84,+21.30%,7188733
ATER,2022-04-11,51.72,55.1856,47.04,48.48,-7.56,-13.49%,1651425
ATER,2022-04-12,50.4,60.36,47.04,60,11.52,+23.76%,3939550
ATER,2022-04-13,60,79.6812,57.24,67.8,7.8,+13.00%,13462917
ATER,2022-04-14,65.28,78.6,62.76,66.36,-1.44,-2.12%,8276866
ATER,2022-04-18,64.32,79.2,61.92,78.6,12.24,+18.44%,7108550
ATER,2022-04-19,81.12,87.12,66.24,70.2,-8.4,-10.69%,8152559
ATER,2022-04-20,69.72,69.96,54.24,55.8,-14.4,-20.51%,3456050
ATER,2022-04-21,51.96,61.56,51.24,56.28,0.48,+0.86%,3239708
ATER,2022-04-22,54.72,58.32,49.56,52.68,-3.6,-6.40%,1369033
ATER,2022-04-25,51.84,62.4,48.6,61.32,8.64,+16.40%,1866275
ATER,2022-04-26,65.76,69.36,58.32,63.72,2.4,+3.91%,4534908
ATER,2022-04-27,61.92,65.4,57,63.48,-0.24,-0.38%,1751558
ATER,2022-04-28,61.44,63.24,59.4,60.6,-2.88,-4.54%,1035366
ATER,2022-04-29,59.52,64.38,59.04,61.56,0.96,+1.58%,1703325
ATER,2022-05-02,62.04,68.5188,61.8,67.56,6,+9.75%,2631175
ATER,2022-05-03,66,68.4,63.72,64.8,-2.76,-4.09%,1529408
ATER,2022-05-04,65.472,65.52,59.46,63.48,-1.32,-2.04%,894075
ATER,2022-05-05,62.28,62.64,57.72,59.16,-4.32,-6.81%,657758
ATER,2022-05-06,54.6,57.6,50.88,51.84,-7.32,-12.37%,686958
ATER,2022-05-09,51.6,52.68,47.16,47.88,-3.96,-7.64%,890058
ATER,2022-05-10,39,45.24,38.28,42.72,-5.16,-10.78%,905841
ATER,2022-05-11,42,44.16,31.2,34.2,-8.52,-19.94%,945258
ATER,2022-05-12,31.8,39.5904,30.24,35.52,1.32,+3.86%,951875
ATER,2022-05-13,37.92,40.2,36.24,37.44,1.92,+5.41%,539850
ATER,2022-05-16,37.08,42.54,35.9988,41.76,4.32,+11.54%,658658
ATER,2022-05-17,42.24,47.22,41.16,43.68,1.92,+4.60%,877133
ATER,2022-05-18,42.84,44.88,40.08,41.52,-2.16,-4.95%,489141
ATER,2022-05-19,40.2,42.6,39.36,40.2,-1.32,-3.18%,351825
ATER,2022-05-20,41.04,41.04,35.88,37.56,-2.64,-6.57%,452183
ATER,2022-05-23,36.96,38.04,35.1,37.8,0.24,+0.64%,333433
ATER,2022-05-24,36.84,37.2,33.96,35.88,-1.92,-5.08%,323000
ATER,2022-05-25,35.88,39.12,35.58,38.4,2.52,+7.02%,353433
ATER,2022-05-26,38.04,40.68,37.2,39.36,0.96,+2.50%,397741
ATER,2022-05-27,40.44,42.2196,39.4908,40.2,0.84,+2.13%,340200
ATER,2022-05-31,39,40.56,37.5,38.76,-1.44,-3.58%,294675
ATER,2022-06-01,38.76,39.84,36.36,36.48,-2.28,-5.88%,274608
ATER,2022-06-02,36,38.88,35.1672,37.56,1.08,+2.96%,252199
ATER,2022-06-03,37.32,38.04,36.12,36.72,-0.84,-2.24%,168050
ATER,2022-06-06,36.72,36.96,34.8,35.76,-0.96,-2.61%,245458
ATER,2022-06-07,35.64,36.42,34.62,36.12,0.36,+1.01%,211983
ATER,2022-06-08,35.64,41.52,35.28,37.92,1.8,+4.98%,658750
ATER,2022-06-09,37.8,37.92,34.56,34.8,-3.12,-8.23%,343766
ATER,2022-06-10,33.72,34.56,31.8,32.52,-2.28,-6.55%,324491
ATER,2022-06-13,30.12,31.2,28.8,30,-2.52,-7.75%,342158
ATER,2022-06-14,31.2,33.96,29.28,30.72,0.72,+2.40%,333600
ATER,2022-06-15,30.48,31.62,29.4,30.96,0.24,+0.78%,310933
ATER,2022-06-16,29.64,30.36,28.32,28.92,-2.04,-6.59%,265158
ATER,2022-06-17,28.32,32.16,28.32,31.2,2.28,+7.88%,316150
ATER,2022-06-21,31.2,33.48,31.02,31.08,-0.12,-0.38%,228900
ATER,2022-06-22,30.36,33.24,30.162,32.28,1.2,+3.86%,260575
ATER,2022-06-23,31.56,33.36,31.44,33.36,1.08,+3.35%,175583
ATER,2022-06-24,33.72,34.02,30.84,31.08,-2.28,-6.83%,620858
ATER,2022-06-27,30.96,31.8,29.46,29.88,-1.2,-3.86%,203091
ATER,2022-06-28,30.12,30.48,27.72,28.08,-1.8,-6.02%,255208
ATER,2022-06-29,27.96,28.08,26.04,26.4,-1.68,-5.98%,218158
ATER,2022-06-30,26.76,26.76,25.2,25.92,-0.48,-1.82%,214258
ATER,2022-07-01,25.56,26.88,25.56,26.16,0.24,+0.93%,134950
ATER,2022-07-05,26.28,30.72,26.04,30.48,4.32,+16.51%,432883
ATER,2022-07-06,30.6,30.6,27.96,28.8,-1.68,-5.51%,189775
ATER,2022-07-07,28.8,30.48,28.44,30.12,1.32,+4.58%,186600
ATER,2022-07-08,29.4,31.44,29.16,30.48,0.36,+1.20%,208783
ATER,2022-07-11,30.12,30.36,27.84,27.96,-2.52,-8.27%,136975
ATER,2022-07-12,27.96,30.36,27.6,29.76,1.8,+6.44%,156500
ATER,2022-07-13,28.8,30.96,28.68,30.36,0.6,+2.02%,99141
ATER,2022-07-14,29.64,30.36,29.28,30,-0.36,-1.19%,90166
ATER,2022-07-15,30.36,30.6,28.68,29.88,-0.12,-0.40%,99208
ATER,2022-07-18,29.88,31.08,29.4,29.52,-0.36,-1.20%,159016
ATER,2022-07-19,29.64,31.2,29.64,30.36,0.84,+2.85%,133883
ATER,2022-07-20,30.24,32.64,30.24,32.4,2.04,+6.72%,166283
ATER,2022-07-21,32.4,32.4,30.8544,31.8,-0.6,-1.85%,126125
ATER,2022-07-22,31.68,31.92,29.04,29.04,-2.76,-8.68%,91208
ATER,2022-07-25,29.28,29.52,27.6,28.44,-0.6,-2.07%,98658
ATER,2022-07-26,27.72,27.84,26.64,27.36,-1.08,-3.80%,99433
ATER,2022-07-27,27.96,28.6788,27.24,28.08,0.72,+2.63%,102741
ATER,2022-07-28,27.84,29.16,27.72,28.08,0,0.00%,106733
ATER,2022-07-29,28.2,28.6884,27.12,27.36,-0.72,-2.56%,109358
ATER,2022-08-01,27,28.32,26.4,28.2,0.84,+3.07%,98725
ATER,2022-08-02,27.6,29.0388,27.36,28.92,0.72,+2.55%,134050
ATER,2022-08-03,29.04,30.24,28.32,30,1.08,+3.73%,132175
ATER,2022-08-04,30.12,35.4,29.88,32.76,2.76,+9.20%,484991
ATER,2022-08-05,32.04,33.96,30.96,33,0.24,+0.73%,215308
ATER,2022-08-08,33,37.2,32.88,35.76,2.76,+8.36%,429125
ATER,2022-08-09,31.08,31.8096,29.52,30.72,-5.04,-14.09%,227908
ATER,2022-08-10,31.32,35.88,31.2,35.04,4.32,+14.06%,303733
ATER,2022-08-11,34.8,37.08,34.38,34.92,-0.12,-0.34%,177508
ATER,2022-08-12,36,37.2,35.064,36,1.08,+3.09%,187791
ATER,2022-08-15,35.28,38.88,35.04,38.52,2.52,+7.00%,182266
ATER,2022-08-16,38.4,42.9588,36.6012,39.84,1.32,+3.43%,476441
ATER,2022-08-17,39.12,39.48,37.2,37.92,-1.92,-4.82%,164525
ATER,2022-08-18,36.84,36.84,33.72,33.84,-4.08,-10.76%,170700
ATER,2022-08-19,33.36,33.36,31.8,31.92,-1.92,-5.67%,132325
ATER,2022-08-22,31.08,31.44,29.52,29.88,-2.04,-6.39%,97683
ATER,2022-08-23,30.12,30.348,28.8,29.52,-0.36,-1.20%,105500
ATER,2022-08-24,29.52,31.08,29.16,29.4,-0.12,-0.41%,135991
ATER,2022-08-25,30,30.7188,29.28,29.88,0.48,+1.63%,77466
ATER,2022-08-26,29.64,29.88,27.84,28.56,-1.32,-4.42%,112066
ATER,2022-08-29,27.96,29.19,27.6,27.72,-0.84,-2.94%,90183
ATER,2022-08-30,28.2,28.44,27,27.36,-0.36,-1.30%,85966
ATER,2022-08-31,27.72,28.5,27.24,27.36,0,0.00%,80850
ATER,2022-09-01,27.36,27.6,26.52,27.6,0.24,+0.88%,98950
ATER,2022-09-02,28.08,28.08,26.64,27.24,-0.36,-1.30%,67891
ATER,2022-09-06,27.6,27.6,26.7,26.88,-0.36,-1.32%,78908
ATER,2022-09-07,26.88,28.08,26.64,28.08,1.2,+4.46%,99800
ATER,2022-09-08,27.48,28.44,27.24,28.2,0.12,+0.43%,84125
ATER,2022-09-09,29.04,30.12,29.04,29.88,1.68,+5.96%,99708
ATER,2022-09-12,33.12,33.24,31.2,31.44,1.56,+5.22%,368700
ATER,2022-09-13,29.4,30.48,28.2012,28.68,-2.76,-8.78%,153066
ATER,2022-09-14,28.2,29.52,27.84,29.4,0.72,+2.51%,95491
ATER,2022-09-15,28.8,30.96,28.8,28.92,-0.48,-1.63%,85950
ATER,2022-09-16,27.84,28.4412,26.76,26.88,-2.04,-7.05%,165641
ATER,2022-09-19,26.64,27.12,24.96,25.08,-1.8,-6.70%,209791
ATER,2022-09-20,25.08,25.8,24,24,-1.08,-4.31%,152100
ATER,2022-09-21,24.48,25.68,23.4,24.36,0.36,+1.50%,134266
ATER,2022-09-22,24.24,24.36,22.56,23.04,-1.32,-5.42%,132583
ATER,2022-09-23,22.8,22.86,22.08,22.68,-0.36,-1.56%,88600
ATER,2022-09-26,22.56,23.88,22.44,22.68,0,0.00%,68450
ATER,2022-09-27,23.4,23.4,22.32,22.68,0,0.00%,89958
ATER,2022-09-28,22.68,23.64,22.56,23.04,0.36,+1.59%,85983
ATER,2022-09-29,23.64,25.86,22.56,23.64,0.6,+2.60%,257833
ATER,2022-09-30,20.52,20.88,14.2908,14.88,-8.76,-37.06%,1281791
ATER,2022-10-03,15.36,15.96,13.68,13.8,-1.08,-7.26%,600825
ATER,2022-10-04,14.28,15,13.8,14.16,0.36,+2.61%,457716
ATER,2022-10-05,13.92,14.28,13.44,13.8,-0.36,-2.54%,353591
ATER,2022-10-06,13.8,14.04,11.9724,12.12,-1.68,-12.17%,610733
ATER,2022-10-07,12.12,13.32,11.5824,12.96,0.84,+6.93%,478366
ATER,2022-10-10,12.96,13.08,12.24,12.36,-0.6,-4.63%,98675
ATER,2022-10-11,11.88,13.44,11.88,12.72,0.36,+2.91%,141708
ATER,2022-10-12,12.84,12.96,12.3528,12.84,0.12,+0.94%,60800
ATER,2022-10-13,12.36,13.38,12,12.96,0.12,+0.93%,117841
ATER,2022-10-14,12.96,13.32,12.72,12.72,-0.24,-1.85%,81033
ATER,2022-10-17,13.08,13.44,12.8412,13.08,0.36,+2.83%,97175
ATER,2022-10-18,13.2,15,13.2,14.16,1.08,+8.26%,301616
ATER,2022-10-19,13.56,14.04,12.72,13.08,-1.08,-7.63%,118666
ATER,2022-10-20,12.84,13.44,12.36,12.66,-0.42,-3.21%,86308
ATER,2022-10-21,12.84,13.2,12.48,12.96,0.3,+2.37%,110025
ATER,2022-10-24,12.84,13.08,12.24,12.96,0,0.00%,92341
ATER,2022-10-25,12.96,13.8,12.84,13.08,0.12,+0.93%,162416
ATER,2022-10-26,13.08,14.4,12.96,13.8,0.72,+5.50%,167666
ATER,2022-10-27,12.72,13.68,12.72,13.08,-0.72,-5.22%,68233
ATER,2022-10-28,12.72,13.2,12.48,13.2,0.12,+0.92%,79766
ATER,2022-10-31,13.08,13.44,12.96,13.2,0,0.00%,67425
ATER,2022-11-01,13.32,13.8,12.84,12.84,-0.36,-2.73%,66691
ATER,2022-11-02,12.48,13.02,12.36,12.36,-0.48,-3.74%,129866
ATER,2022-11-03,12.24,13.08,12.24,12.72,0.36,+2.91%,74183
ATER,2022-11-04,12.96,12.96,12,12.36,-0.36,-2.83%,97733
ATER,2022-11-07,12.24,13.68,12.0396,13.08,0.72,+5.83%,148750
ATER,2022-11-08,12.96,14.04,12.36,12.72,-0.36,-2.75%,145391
ATER,2022-11-09,12.12,12.72,11.8812,12.12,-0.6,-4.72%,120650
ATER,2022-11-10,12.6,13.2,12.48,12.96,0.84,+6.93%,135550
ATER,2022-11-11,13.44,14.16,13.08,13.68,0.72,+5.56%,164866
ATER,2022-11-14,13.8,14.64,13.08,14.52,0.84,+6.14%,173700
ATER,2022-11-15,14.76,15.36,14.16,14.64,0.12,+0.83%,171875
ATER,2022-11-16,14.04,14.64,14.04,14.52,-0.12,-0.82%,62116
ATER,2022-11-17,14.4,14.4,13.44,13.56,-0.96,-6.61%,74058
ATER,2022-11-18,13.8,14.52,13.458,13.92,0.36,+2.65%,93816
ATER,2022-11-21,13.44,13.68,12.6,12.84,-1.08,-7.76%,103058
ATER,2022-11-22,13.32,13.56,12.6,12.6,-0.24,-1.87%,83850
ATER,2022-11-23,12.84,13.2,12.6,13.08,0.48,+3.81%,67366
ATER,2022-11-25,13.08,13.32,12.8412,12.96,-0.12,-0.92%,27700
ATER,2022-11-28,12.72,13.08,12.36,12.72,-0.24,-1.85%,79316
ATER,2022-11-29,12.48,12.84,12.24,12.24,-0.48,-3.77%,58775
ATER,2022-11-30,12.24,13.08,12.24,12.96,0.72,+5.88%,104750
ATER,2022-12-01,12.72,13.68,12.72,13.2,0.24,+1.85%,97008
ATER,2022-12-02,13.2,14.4,13.08,14.4,1.2,+9.09%,164091
ATER,2022-12-05,14.28,14.28,13.2,13.2,-1.2,-8.33%,101933
ATER,2022-12-06,13.2,13.44,12.6,12.84,-0.36,-2.73%,68450
ATER,2022-12-07,12.72,13.32,12.6,12.6,-0.24,-1.87%,56108
ATER,2022-12-08,12.72,13.08,12.12,12.48,-0.12,-0.95%,90841
ATER,2022-12-09,12.48,12.72,12.12,12.12,-0.36,-2.88%,51850
ATER,2022-12-12,12.24,12.6,12.12,12.48,0.36,+2.97%,38333
ATER,2022-12-13,12.84,13.2,12.24,12.36,-0.12,-0.96%,61191
ATER,2022-12-14,12.24,12.6,12.18,12.24,-0.12,-0.97%,71433
ATER,2022-12-15,12.12,12.36,12,12,-0.24,-1.96%,78833
ATER,2022-12-16,11.76,12.12,10.7184,11.5212,-0.4788,-3.99%,183316
ATER,2022-12-19,11.52,11.5248,10.32,10.4388,-1.0824,-9.39%,96808
ATER,2022-12-20,10.4892,11.04,10.4892,10.596,0.1572,+1.51%,61666
ATER,2022-12-21,10.56,11.1588,10.1448,10.2108,-0.3852,-3.64%,89600
ATER,2022-12-22,9.96,10.23,9.0144,9.6576,-0.5532,-5.42%,128533
ATER,2022-12-23,9.72,9.84,9.48,9.5436,-0.114,-1.18%,31733
ATER,2022-12-27,9.36,9.6,8.6904,8.718,-0.8256,-8.65%,83666
ATER,2022-12-28,8.76,9.2388,8.064,8.6832,-0.0348,-0.40%,89758
ATER,2022-12-29,8.76,9.6,8.3436,9.582,0.8988,+10.35%,85108
ATER,2022-12-30,9.474,9.5988,9,9.2436,-0.3384,-3.53%,47383
ATER,2023-01-03,9.48,9.84,8.5212,8.7444,-0.4992,-5.40%,56950
ATER,2023-01-04,9,9.84,8.6988,9.6516,0.9072,+10.37%,60200
ATER,2023-01-05,9.6,9.756,9.24,9.5004,-0.1512,-1.57%,41533
ATER,2023-01-06,9.36,9.6,9.06,9.318,-0.1824,-1.92%,38225
ATER,2023-01-09,9.5988,10.32,9.2664,9.6204,0.3024,+3.25%,48225
ATER,2023-01-10,9.612,10.6344,9.612,10.5948,0.9744,+10.13%,57875
ATER,2023-01-11,10.8,11.28,10.44,10.7184,0.1236,+1.17%,50800
ATER,2023-01-12,10.9608,11.9388,10.5612,11.64,0.9216,+8.60%,93450
ATER,2023-01-13,11.52,12.24,11.4,11.6196,-0.0204,-0.18%,76508
ATER,2023-01-17,12.48,19.32,12.474,15.96,4.3404,+37.35%,2512875
ATER,2023-01-18,16.32,17.04,14.52,14.88,-1.08,-6.77%,487541
ATER,2023-01-19,14.64,16.2,13.2,15.84,0.96,+6.45%,290816
ATER,2023-01-20,16.08,17.2788,15.24,16.2,0.36,+2.27%,341741
ATER,2023-01-23,16.44,17.4,15.96,17.16,0.96,+5.93%,264500
ATER,2023-01-24,17.16,17.16,15.72,16.2,-0.96,-5.59%,136116
ATER,2023-01-25,15.84,16.08,15.12,15.72,-0.48,-2.96%,80575
ATER,2023-01-26,15.96,16.68,15.1572,15.48,-0.24,-1.53%,84041
ATER,2023-01-27,15,17.28,15,16.32,0.84,+5.43%,393108
ATER,2023-01-30,19.44,19.8,16.8,17.4,1.08,+6.62%,1205141
ATER,2023-01-31,17.4,18.96,17.28,18.36,0.96,+5.52%,368766
ATER,2023-02-01,18,18.6,16.92,18.24,-0.12,-0.65%,246608
ATER,2023-02-02,18.84,20.1924,17.76,18.72,0.48,+2.63%,317225
ATER,2023-02-03,18.24,19.56,18,18.12,-0.6,-3.21%,226041
ATER,2023-02-06,18.36,19.08,17.22,17.4,-0.72,-3.97%,247600
ATER,2023-02-07,17.88,18,16.08,16.8,-0.6,-3.45%,209300
ATER,2023-02-08,16.56,17.1,15.36,15.72,-1.08,-6.43%,107866
ATER,2023-02-09,16.8,16.8,14.52,14.76,-0.96,-6.11%,123591
ATER,2023-02-10,14.4,15.24,14.16,14.88,0.12,+0.81%,131591
ATER,2023-02-13,14.88,15.96,14.52,15.36,0.48,+3.23%,111208
ATER,2023-02-14,15.24,15.78,14.76,15.6,0.24,+1.56%,75541
ATER,2023-02-15,15.48,16.6788,15.48,16.44,0.84,+5.38%,73591
ATER,2023-02-16,16.08,16.74,15.36,15.48,-0.96,-5.84%,94441
ATER,2023-02-17,15,15.36,14.4,14.76,-0.72,-4.65%,123483
ATER,2023-02-21,14.76,15.24,14.04,14.52,-0.24,-1.63%,124450
ATER,2023-02-22,15,15.36,14.52,14.64,0.12,+0.83%,73491
ATER,2023-02-23,14.4,15.12,14.04,14.52,-0.12,-0.82%,83516
ATER,2023-02-24,14.4,14.4,13.68,13.92,-0.6,-4.13%,66416
ATER,2023-02-27,14.04,14.34,13.56,13.8,-0.12,-0.86%,63191
ATER,2023-02-28,13.8,14.64,13.8,14.4,0.6,+4.35%,55491
ATER,2023-03-01,14.04,14.4,13.56,13.68,-0.72,-5.00%,67733
ATER,2023-03-02,13.68,14.52,13.38,13.92,0.24,+1.75%,69291
ATER,2023-03-03,13.92,14.3868,13.44,13.92,0,0.00%,86116
ATER,2023-03-06,14.28,14.28,13.44,13.56,-0.36,-2.59%,47941
ATER,2023-03-07,13.44,14.04,13.32,13.44,-0.12,-0.88%,49233
ATER,2023-03-08,13.68,13.8,12.6,13.08,-0.36,-2.68%,86333
ATER,2023-03-09,13.2,13.56,12.24,12.48,-0.6,-4.59%,86625
ATER,2023-03-10,12.36,12.6,11.1216,11.214,-1.266,-10.14%,137210
ATER,2023-03-13,10.68,11.736,9.8412,11.4876,0.2736,+2.44%,95725
ATER,2023-03-14,11.52,12.24,11.3424,11.5692,0.0816,+0.71%,62150
ATER,2023-03-15,11.16,11.5176,10.68,11.0604,-0.5088,-4.40%,53050
ATER,2023-03-16,10.8,11.28,10.6812,10.92,-0.1404,-1.27%,47841
ATER,2023-03-17,10.92,11.1408,10.41,10.5432,-0.3768,-3.45%,111125
ATER,2023-03-20,10.56,11.1588,10.2,10.3128,-0.2304,-2.19%,47708
ATER,2023-03-21,10.8,10.8,10.2,10.7028,0.39,+3.78%,51933
ATER,2023-03-22,10.6812,10.92,10.0848,10.14,-0.5628,-5.26%,44258
ATER,2023-03-23,10.08,10.3884,9.33,9.6624,-0.4776,-4.71%,87166
ATER,2023-03-24,9.6,10.08,9.48,9.9096,0.2472,+2.56%,48225
ATER,2023-03-27,9.84,10.1616,9.48,9.594,-0.3156,-3.18%,38766
ATER,2023-03-28,9.48,9.804,9.24,9.3216,-0.2724,-2.84%,45141
ATER,2023-03-29,9.36,9.954,9.1476,9.8256,0.504,+5.41%,46750
ATER,2023-03-30,9.72,10.0296,9.636,9.8352,0.0096,+0.10%,27491
ATER,2023-03-31,9.6828,10.662,9.612,10.3212,0.486,+4.94%,49258
ATER,2023-04-03,10.8,10.8,10.2,10.62,0.2988,+2.90%,39316
ATER,2023-04-04,10.44,10.68,10.2072,10.4772,-0.1428,-1.34%,42875
ATER,2023-04-05,10.68,10.74,9.4812,9.6108,-0.8664,-8.27%,70858
ATER,2023-04-06,9.84,10.0752,9.6,9.6264,0.0156,+0.16%,36591
ATER,2023-04-10,9.276,10.0368,9.24,9.5712,-0.0552,-0.57%,59375
ATER,2023-04-11,9.7692,10.1988,9.504,9.972,0.4008,+4.19%,50233
ATER,2023-04-12,10.08,10.4184,9.48,9.5844,-0.3876,-3.89%,58675
ATER,2023-04-13,9.57,10.32,9.57,10.0836,0.4992,+5.21%,46633
ATER,2023-04-14,9.972,11.4,9.84,9.846,-0.2376,-2.36%,121066
ATER,2023-04-17,9.7848,10.5,9.6,10.158,0.312,+3.17%,90733
ATER,2023-04-18,10.08,10.3968,9.84,10.1892,0.0312,+0.31%,29558
ATER,2023-04-19,10.242,10.44,9.7344,9.918,-0.2712,-2.66%,30583
ATER,2023-04-20,9.84,9.9696,9.48,9.5556,-0.3624,-3.65%,36408
ATER,2023-04-21,9.6,9.9552,9.156,9.2256,-0.33,-3.45%,56633
ATER,2023-04-24,9.36,9.36,8.52,8.8092,-0.4164,-4.51%,82500
ATER,2023-04-25,8.9052,9,8.64,8.916,0.1068,+1.21%,66400
ATER,2023-04-26,8.88,9.36,8.88,9.0408,0.1248,+1.40%,39041
ATER,2023-04-27,8.88,9.6,8.8188,9.3588,0.318,+3.52%,40183
ATER,2023-04-28,9.1668,9.6,9.114,9.4944,0.1356,+1.45%,40500
ATER,2023-05-01,9.48,9.5292,8.7972,8.8068,-0.6876,-7.24%,27091
ATER,2023-05-02,8.76,8.994,8.226,8.6148,-0.192,-2.18%,81550
ATER,2023-05-03,8.5104,8.88,8.4012,8.5356,-0.0792,-0.92%,66900
ATER,2023-05-04,8.43,8.682,8.16,8.454,-0.0816,-0.96%,76208
ATER,2023-05-05,8.5944,9,8.4012,8.8404,0.3864,+4.57%,29575
ATER,2023-05-08,8.832,9.36,8.832,9.1056,0.2652,+3.00%,44075
ATER,2023-05-09,8.946,9.36,8.166,9.36,0.2544,+2.79%,94608
ATER,2023-05-10,9.42,10.56,8.9148,9.0012,-0.3588,-3.83%,102741
ATER,2023-05-11,8.9076,9.06,8.04,8.208,-0.7932,-8.81%,152608
ATER,2023-05-12,8.64,8.6952,7.176,7.188,-1.02,-12.43%,196658
ATER,2023-05-15,7.4412,7.56,6.8148,7.332,0.144,+2.00%,127766
ATER,2023-05-16,7.08,7.3068,6.5424,6.6648,-0.6672,-9.10%,142041
ATER,2023-05-17,6.84,6.84,5.4,6.7488,0.084,+1.26%,165675
ATER,2023-05-18,6.84,7.8,6.72,7.6764,0.9276,+13.74%,164683
ATER,2023-05-19,7.56,7.794,6.6,6.7236,-0.9528,-12.41%,124783
ATER,2023-05-22,6.36,7.2,6.2412,7.1808,0.4572,+6.80%,174116
ATER,2023-05-23,7.1736,7.68,7.0416,7.2672,0.0864,+1.20%,76100
ATER,2023-05-24,7.32,7.32,6.4812,6.9588,-0.3084,-4.24%,100733
ATER,2023-05-25,7.08,7.1508,6.7392,6.7404,-0.2184,-3.14%,34958
ATER,2023-05-26,6.72,7.2,6.72,7.158,0.4176,+6.20%,69675
ATER,2023-05-30,7.08,7.32,6.6,6.8604,-0.2976,-4.16%,72108
ATER,2023-05-31,6.8604,7.248,6.8604,7.0092,0.1488,+2.17%,61533
ATER,2023-06-01,6.96,7.44,6.684,7.1208,0.1116,+1.59%,46100
ATER,2023-06-02,6.72,7.56,6.6456,7.3872,0.2664,+3.74%,71366
ATER,2023-06-05,7.3596,7.3596,6.8568,6.9732,-0.414,-5.60%,63483
ATER,2023-06-06,7.08,7.3836,6.72,6.96,-0.0132,-0.19%,75875
ATER,2023-06-07,6.96,7.212,6.78,6.9132,-0.0468,-0.67%,76125
ATER,2023-06-08,6.9828,7.08,6.684,6.9324,0.0192,+0.28%,35525
ATER,2023-06-09,6.96,7.032,6,6.5052,-0.4272,-6.16%,103766
ATER,2023-06-12,6.48,6.7188,6.36,6.6012,0.096,+1.48%,45075
ATER,2023-06-13,6,6.7188,6,6.564,-0.0372,-0.56%,94308
ATER,2023-06-14,6.6624,6.72,6.36,6.5016,-0.0624,-0.95%,54083
ATER,2023-06-15,6.24,6.54,6.1812,6.5004,-0.0012,-0.02%,68408
ATER,2023-06-16,6.6,6.6792,5.6472,5.7792,-0.7212,-11.09%,277833
ATER,2023-06-20,5.88,6,5.7444,5.8248,0.0456,+0.79%,85766
ATER,2023-06-21,5.8284,5.8836,5.424,5.64,-0.1848,-3.17%,96800
ATER,2023-06-22,5.64,5.6964,5.4,5.5032,-0.1368,-2.43%,54008
ATER,2023-06-23,5.52,5.6964,5.316,5.316,-0.1872,-3.40%,566033
ATER,2023-06-26,5.4,5.43,4.2,4.35,-0.966,-18.17%,187808
ATER,2023-06-27,4.6092,5.088,4.56,4.8876,0.5376,+12.36%,166566
ATER,2023-06-28,5.0856,5.4,4.9404,5.0388,0.1512,+3.09%,129225
ATER,2023-06-29,4.92,5.34,4.92,5.04,0.0012,+0.02%,69250
ATER,2023-06-30,5.2644,5.7492,5.0904,5.52,0.48,+9.52%,127341
ATER,2023-07-03,5.784,6.2268,5.52,6.0432,0.5232,+9.48%,84116
ATER,2023-07-05,6,6.2316,5.76,5.97,-0.0732,-1.21%,91525
ATER,2023-07-06,5.892,6.18,5.46,5.52,-0.45,-7.54%,84658
ATER,2023-07-07,5.484,6.72,5.484,6.7176,1.1976,+21.70%,178283
ATER,2023-07-10,6.42,7.7616,6.42,7.44,0.7224,+10.75%,160033
ATER,2023-07-11,7.812,8.88,7.44,8.46,1.02,+13.71%,213608
ATER,2023-07-12,8.856,8.856,7.92,8.2176,-0.2424,-2.87%,104566
ATER,2023-07-13,8.58,8.748,7.4664,7.6044,-0.6132,-7.46%,103883
ATER,2023-07-14,7.44,7.9368,6.8484,6.972,-0.6324,-8.32%,103966
ATER,2023-07-17,6.96,7.8,6.6,7.68,0.708,+10.15%,56558
ATER,2023-07-18,7.56,8.154,7.476,7.512,-0.168,-2.19%,51058
ATER,2023-07-19,7.56,8.0676,7.5528,7.6848,0.1728,+2.30%,50458
ATER,2023-07-20,7.824,7.824,7.074,7.1676,-0.5172,-6.73%,37183
ATER,2023-07-21,7.536,7.6188,6.7188,7.2384,0.0708,+0.99%,68966
ATER,2023-07-24,7.14,7.6668,6.9984,7.56,0.3216,+4.44%,58675
ATER,2023-07-25,7.5012,8.0388,7.5012,7.692,0.132,+1.75%,57375
ATER,2023-07-26,7.692,8.0112,7.2,7.608,-0.084,-1.09%,44633
ATER,2023-07-27,7.38,7.6656,5.76,5.8092,-1.7988,-23.64%,428500
ATER,2023-07-28,5.856,5.856,5.1864,5.736,-0.0732,-1.26%,160775
ATER,2023-07-31,5.64,6.6,5.64,5.8944,0.1584,+2.76%,118633
ATER,2023-08-01,6,6.1176,5.6676,5.9256,0.0312,+0.53%,97975
ATER,2023-08-02,5.748,5.9256,5.52,5.64,-0.2856,-4.82%,83350
ATER,2023-08-03,5.5692,5.7588,5.4,5.4348,-0.2052,-3.64%,61783
ATER,2023-08-04,5.4,5.5188,5.0664,5.172,-0.2628,-4.84%,80608
ATER,2023-08-07,5.2824,5.2824,4.68,4.8,-0.372,-7.19%,170950
ATER,2023-08-08,4.68,4.9188,4.572,4.68,-0.12,-2.50%,156891
ATER,2023-08-09,4.68,4.7148,3.966,4.32,-0.36,-7.69%,233066
ATER,2023-08-10,4.296,4.32,4.02,4.056,-0.264,-6.11%,103666
ATER,2023-08-11,4.044,5.28,3.96,5.2512,1.1952,+29.47%,353325
ATER,2023-08-14,5.04,5.2512,4.632,4.68,-0.5712,-10.88%,82366
ATER,2023-08-15,4.7424,5.19,4.344,4.656,-0.024,-0.51%,64300
ATER,2023-08-16,4.68,4.7988,4.212,4.3884,-0.2676,-5.75%,68416
ATER,2023-08-17,4.4364,4.5588,4.32,4.5252,0.1368,+3.12%,45766
ATER,2023-08-18,4.4208,4.68,4.3332,4.56,0.0348,+0.77%,44708
ATER,2023-08-21,4.668,4.6788,4.092,4.284,-0.276,-6.05%,61091
ATER,2023-08-22,4.2816,4.4388,4.122,4.32,0.036,+0.84%,48850
ATER,2023-08-23,4.404,4.41,4.0812,4.3008,-0.0192,-0.44%,49558
ATER,2023-08-24,4.5,4.5,4.0944,4.182,-0.1188,-2.76%,36575
ATER,2023-08-25,4.2,4.3284,4.08,4.128,-0.054,-1.29%,78341
ATER,2023-08-28,4.2,4.308,3.9936,4.116,-0.012,-0.29%,61533
ATER,2023-08-29,4.02,4.2,4.02,4.2,0.084,+2.04%,52025
ATER,2023-08-30,4.248,4.92,4.128,4.6644,0.4644,+11.06%,146175
ATER,2023-08-31,4.6164,4.7988,4.212,4.2732,-0.3912,-8.39%,47158
ATER,2023-09-01,4.2,4.44,4.2,4.29,0.0168,+0.39%,38516
ATER,2023-09-05,4.2,4.3728,4.14,4.2672,-0.0228,-0.53%,34850
ATER,2023-09-06,4.308,4.4244,4.14,4.176,-0.0912,-2.14%,39050
ATER,2023-09-07,4.17,4.1904,4.1052,4.1628,-0.0132,-0.32%,19966
ATER,2023-09-08,4.08,4.2,3.984,4.0224,-0.1404,-3.37%,42266
ATER,2023-09-11,4.0704,4.1988,3.972,4.1148,0.0924,+2.30%,21891
ATER,2023-09-12,4.08,4.3164,4.0344,4.056,-0.0588,-1.43%,24925
ATER,2023-09-13,4.08,4.1784,3.984,3.984,-0.072,-1.78%,24883
ATER,2023-09-14,3.996,4.116,3.96,4.0776,0.0936,+2.35%,23325
ATER,2023-09-15,3.9996,4.0788,3.96,3.9936,-0.084,-2.06%,37100
ATER,2023-09-18,3.96,3.9936,3.72,3.8328,-0.1608,-4.03%,78775
ATER,2023-09-19,3.84,3.84,3.6,3.78,-0.0528,-1.38%,42833
ATER,2023-09-20,3.7572,4.068,3.7572,3.8496,0.0696,+1.84%,22858
ATER,2023-09-21,3.8532,3.9528,3.6624,3.7272,-0.1224,-3.18%,22608
ATER,2023-09-22,3.636,3.816,3.636,3.66,-0.0672,-1.80%,15908
ATER,2023-09-25,3.7284,3.78,3.624,3.72,0.06,+1.64%,17441
ATER,2023-09-26,3.6252,3.9,3.6252,3.72,0,0.00%,13708
ATER,2023-09-27,3.72,3.8388,3.6852,3.828,0.108,+2.90%,17433
ATER,2023-09-28,3.888,3.888,3.7212,3.732,-0.096,-2.51%,15166
ATER,2023-09-29,3.72,4.08,3.72,3.924,0.192,+5.14%,73525
ATER,2023-10-02,3.84,4.0668,3.72,3.78,-0.144,-3.67%,28583
ATER,2023-10-03,3.7824,3.96,3.6012,3.624,-0.156,-4.13%,27666
ATER,2023-10-04,3.612,3.804,3.588,3.7128,0.0888,+2.45%,42925
ATER,2023-10-05,3.756,3.84,3.636,3.7092,-0.0036,-0.10%,23708
ATER,2023-10-06,3.7704,3.9468,3.6612,3.7476,0.0384,+1.04%,29624
ATER,2023-10-09,3.84,3.84,3.66,3.7164,-0.0312,-0.83%,17158
ATER,2023-10-10,3.7008,4.0152,3.7008,3.9192,0.2028,+5.46%,27050
ATER,2023-10-11,3.8868,4.5636,3.8868,4.464,0.5448,+13.90%,112266
ATER,2023-10-12,4.68,4.68,3.8892,3.948,-0.516,-11.56%,65675
ATER,2023-10-13,3.84,4.1244,3.6252,3.6312,-0.3168,-8.02%,40058
ATER,2023-10-16,3.72,3.7956,3.6312,3.684,0.0528,+1.45%,31641
ATER,2023-10-17,3.72,3.8532,3.72,3.7392,0.0552,+1.50%,21166
ATER,2023-10-18,3.6696,3.7968,3.648,3.6984,-0.0408,-1.09%,35100
ATER,2023-10-19,3.6972,3.7596,3.6084,3.642,-0.0564,-1.52%,32116
ATER,2023-10-20,3.6984,3.96,3.612,3.744,0.102,+2.80%,46508
ATER,2023-10-23,3.7272,3.8388,3.4812,3.4824,-0.2616,-6.99%,46833
ATER,2023-10-24,3.72,3.72,3.36,3.4452,-0.0372,-1.07%,28075
ATER,2023-10-25,3.48,3.48,3.264,3.2676,-0.1776,-5.15%,29524
ATER,2023-10-26,3.4632,3.4656,3.1752,3.216,-0.0516,-1.58%,35608
ATER,2023-10-27,3.24,3.3,3.1224,3.2388,0.0228,+0.71%,26441
ATER,2023-10-30,3.3708,3.3708,3.174,3.3108,0.072,+2.22%,16775
ATER,2023-10-31,3.2424,3.4416,3.2424,3.3012,-0.0096,-0.29%,16216
ATER,2023-11-01,3.1476,3.36,3.1476,3.2196,-0.0816,-2.47%,21308
ATER,2023-11-02,3.2208,3.4404,3.2136,3.402,0.1824,+5.67%,33191
ATER,2023-11-03,3.3828,4.0128,3.3828,3.8508,0.4488,+13.19%,103708
ATER,2023-11-06,3.678,4.2,3.678,4.032,0.1812,+4.71%,36333
ATER,2023-11-07,4.0524,4.08,3.6408,3.9,-0.132,-3.27%,42183
ATER,2023-11-08,4.08,4.08,3.6,3.72,-0.18,-4.62%,42358
ATER,2023-11-09,3.84,4.044,3.6852,3.846,0.126,+3.39%,42308
ATER,2023-11-10,3.912,4.02,3.84,3.8616,0.0156,+0.41%,24208
ATER,2023-11-13,3.72,3.96,3.6,3.84,-0.0216,-0.56%,43200
ATER,2023-11-14,3.9048,4.7988,3.84,4.2012,0.3612,+9.41%,132491
ATER,2023-11-15,4.3992,4.644,3.9,4.0152,-0.186,-4.43%,54466
ATER,2023-11-16,3.888,4.512,3.888,4.452,0.4368,+10.88%,28016
ATER,2023-11-17,4.44,4.5096,4.2012,4.2288,-0.2232,-5.01%,24608
ATER,2023-11-20,4.2,4.4388,4.2,4.3428,0.114,+2.70%,19116
ATER,2023-11-21,4.32,4.38,3.876,4.14,-0.2028,-4.67%,44858
ATER,2023-11-22,4.056,4.2528,3.96,4.1208,-0.0192,-0.46%,14450
ATER,2023-11-24,4.1208,4.17,3.9888,4.08,-0.0408,-0.99%,8150
ATER,2023-11-27,4.08,4.1376,4.0116,4.02,-0.06,-1.47%,18633
ATER,2023-11-28,3.84,4.08,3.84,3.9612,-0.0588,-1.46%,13683
ATER,2023-11-29,4.0332,4.1496,3.7812,3.7812,-0.18,-4.54%,69825
ATER,2023-11-30,3.8412,3.876,3.72,3.7632,-0.018,-0.48%,27508
ATER,2023-12-01,3.72,4.068,3.72,4.0452,0.282,+7.49%,31458
ATER,2023-12-04,3.84,4.0452,3.792,3.8424,-0.2028,-5.01%,34400
ATER,2023-12-05,3.9276,3.96,3.7212,3.7476,-0.0948,-2.47%,27500
ATER,2023-12-06,3.72,3.8844,3.72,3.7236,-0.024,-0.64%,29424
ATER,2023-12-07,3.84,3.9372,3.72,3.7836,0.06,+1.61%,27366
ATER,2023-12-08,3.828,3.9432,3.66,3.768,-0.0156,-0.41%,32216
ATER,2023-12-11,3.72,3.936,3.6252,3.7668,-0.0012,-0.03%,31700
ATER,2023-12-12,3.5988,3.7188,3.4812,3.5472,-0.2196,-5.83%,34625
ATER,2023-12-13,3.48,3.6,3.432,3.4788,-0.0684,-1.93%,47591
ATER,2023-12-14,3.6,3.84,3.4788,3.7848,0.306,+8.80%,90408
ATER,2023-12-15,3.6,4.1976,3.6,4.0056,0.2208,+5.83%,72941
ATER,2023-12-18,3.84,4.1328,3.84,3.996,-0.0096,-0.24%,30858
ATER,2023-12-19,3.84,4.2,3.84,4.1964,0.2004,+5.02%,31241
ATER,2023-12-20,4.2,4.44,4.14,4.416,0.2196,+5.23%,54508
ATER,2023-12-21,4.5156,4.5156,4.2348,4.32,-0.096,-2.17%,29033
ATER,2023-12-22,4.188,4.56,4.188,4.5228,0.2028,+4.69%,35208
ATER,2023-12-26,4.3992,4.776,4.3992,4.476,-0.0468,-1.03%,62816
ATER,2023-12-27,4.428,4.512,4.386,4.44,-0.036,-0.80%,37825
ATER,2023-12-28,4.44,4.44,4.104,4.1616,-0.2784,-6.27%,48316
ATER,2023-12-29,4.08,4.314,4.08,4.182,0.0204,+0.49%,28883
ATER,2024-01-02,4.2912,4.2912,4.08,4.1844,0.0024,+0.06%,21466
ATER,2024-01-03,4.08,4.44,3.888,4.0056,-0.1788,-4.27%,34291
ATER,2024-01-04,3.96,4.08,3.888,3.9264,-0.0792,-1.98%,21483
ATER,2024-01-05,3.9,3.9612,3.78,3.8172,-0.1092,-2.78%,21366
ATER,2024-01-08,3.702,3.8964,3.702,3.804,-0.0132,-0.35%,24608
ATER,2024-01-09,3.7116,3.96,3.702,3.8292,0.0252,+0.66%,31458
ATER,2024-01-10,3.912,3.912,3.72,3.72,-0.1092,-2.85%,15583
ATER,2024-01-11,3.72,3.8136,3.4272,3.4812,-0.2388,-6.42%,50866
ATER,2024-01-12,3.4812,3.7188,3.4812,3.54,0.0588,+1.69%,29241
ATER,2024-01-16,3.5532,3.798,3.426,3.4752,-0.0648,-1.83%,27083
ATER,2024-01-17,3.4608,3.84,3.42,3.5088,0.0336,+0.97%,25466
ATER,2024-01-18,3.6,3.7188,3.4188,3.4548,-0.054,-1.54%,23808
ATER,2024-01-19,3.48,3.6,3.42,3.564,0.1092,+3.16%,15758
ATER,2024-01-22,3.42,3.7692,3.42,3.6144,0.0504,+1.41%,34233
ATER,2024-01-23,3.6,3.732,3.5796,3.6888,0.0744,+2.06%,19991
ATER,2024-01-24,3.636,3.7908,3.6012,3.7584,0.0696,+1.89%,17841
ATER,2024-01-25,3.66,3.72,3.54,3.54,-0.2184,-5.81%,18600
ATER,2024-01-26,3.504,3.66,3.48,3.6156,0.0756,+2.14%,12966
ATER,2024-01-29,3.6,3.6684,3.492,3.6024,-0.0132,-0.37%,25258
ATER,2024-01-30,3.516,3.72,3.516,3.7176,0.1152,+3.20%,22658
ATER,2024-01-31,3.6,3.7164,3.48,3.564,-0.1536,-4.13%,11191
ATER,2024-02-01,3.4872,3.72,3.4872,3.7188,0.1548,+4.34%,42241
ATER,2024-02-02,3.6,4.2936,3.5412,4.2,0.4812,+12.94%,147575
ATER,2024-02-05,4.2,4.356,3.8772,4.128,-0.072,-1.71%,48275
ATER,2024-02-06,4.08,4.2,3.9984,4.0968,-0.0312,-0.76%,24941
ATER,2024-02-07,3.9828,4.3032,3.9828,4.152,0.0552,+1.35%,15391
ATER,2024-02-08,3.9,4.392,3.9,4.368,0.216,+5.20%,27450
ATER,2024-02-09,4.3224,5.46,4.3224,5.1852,0.8172,+18.71%,215808
ATER,2024-02-12,5.16,5.748,4.6812,4.968,-0.2172,-4.19%,151375
ATER,2024-02-13,4.848,5.16,4.68,4.68,-0.288,-5.80%,34258
ATER,2024-02-14,4.68,5.34,4.68,5.136,0.456,+9.74%,49550
ATER,2024-02-15,5.64,5.8788,5.4,5.6664,0.5304,+10.33%,114266
ATER,2024-02-16,5.76,5.76,5.1,5.3472,-0.3192,-5.63%,89300
ATER,2024-02-20,5.3964,5.4,5.1,5.106,-0.2412,-4.51%,23975
ATER,2024-02-21,5.04,5.4,4.2012,4.92,-0.186,-3.64%,82516
ATER,2024-02-22,4.8936,5.04,4.44,4.4508,-0.4692,-9.54%,48575
ATER,2024-02-23,4.3176,4.6656,4.3176,4.5,0.0492,+1.11%,31866
ATER,2024-02-26,4.4172,4.6656,4.32,4.548,0.048,+1.07%,27624
ATER,2024-02-27,4.56,5.04,4.56,4.8024,0.2544,+5.59%,35683
ATER,2024-02-28,5.04,5.16,4.56,4.68,-0.1224,-2.55%,56875
ATER,2024-02-29,4.68,5.88,4.68,5.4612,0.7812,+16.69%,213408
ATER,2024-03-01,5.7,5.82,5.52,5.706,0.2448,+4.48%,43116
ATER,2024-03-04,5.76,5.8644,5.16,5.232,-0.474,-8.31%,62533
ATER,2024-03-05,5.28,5.706,5.1612,5.268,0.036,+0.69%,48350
ATER,2024-03-06,5.2692,5.7,5.0424,5.64,0.372,+7.06%,40900
ATER,2024-03-07,5.52,6.0588,5.52,5.766,0.126,+2.23%,95183
ATER,2024-03-08,5.7552,6.5448,5.7552,5.9964,0.2304,+4.00%,92321
ATER,2024-03-11,6.4236,6.4236,5.892,5.898,-0.0984,-1.64%,51175
ATER,2024-03-12,6,6.0168,5.2788,5.6664,-0.2316,-3.93%,92833
ATER,2024-03-13,5.2692,5.4,3.84,4.632,-1.0344,-18.25%,181241
ATER,2024-03-14,4.56,4.5612,3.888,4.0512,-0.5808,-12.54%,88200
ATER,2024-03-15,3.96,4.3188,3.852,4.2492,0.198,+4.89%,65141
ATER,2024-03-18,4.32,4.68,4.08,4.4724,0.2232,+5.25%,39041
ATER,2024-03-19,4.32,4.32,3.96,3.9672,-0.5052,-11.30%,69658
ATER,2024-03-20,3.8784,3.96,2.772,3.4548,-0.5124,-12.92%,355233
ATER,2024-03-21,3.4548,3.6,3.2412,3.2592,-0.1956,-5.66%,105416
ATER,2024-03-22,3,3.9499,2.55,3.33,0.0708,+2.17%,545200
ATER,2024-03-25,3.28,3.48,3.01,3.1,-0.23,-6.91%,230300
ATER,2024-03-26,3.08,3.2,2.84,2.88,-0.22,-7.10%,97400
ATER,2024-03-27,2.89,2.9955,2.8,2.84,-0.04,-1.39%,87500
ATER,2024-03-28,2.81,2.934,2.6507,2.76,-0.08,-2.82%,126600
ATER,2024-04-01,2.85,2.87,2.48,2.51,-0.25,-9.06%,140700
ATER,2024-04-02,2.47,2.4716,2.3958,2.45,-0.06,-2.39%,69600
ATER,2024-04-03,2.42,2.47,1.9401,2.26,-0.19,-7.76%,227700
ATER,2024-04-04,2.28,2.73,2.28,2.47,0.21,+9.29%,255200
ATER,2024-04-05,2.36,2.68,2.36,2.54,0.07,+2.83%,148500
ATER,2024-04-08,2.6,2.84,2.51,2.74,0.2,+7.87%,152300
ATER,2024-04-09,2.78,3.948,2.6,3.05,0.31,+11.31%,1092000
ATER,2024-04-10,2.88,2.96,2.49,2.58,-0.47,-15.41%,355500
ATER,2024-04-11,2.64,2.68,2.53,2.57,-0.01,-0.39%,45900
ATER,2024-04-12,2.5,2.5118,2.3128,2.38,-0.19,-7.39%,84300
ATER,2024-04-15,2.34,2.4,2.22,2.22,-0.16,-6.72%,61500
ATER,2024-04-16,2.2,2.34,2.0099,2.2,-0.02,-0.90%,86700
ATER,2024-04-17,2.25,2.2906,1.99,2.11,-0.09,-4.09%,61500
ATER,2024-04-18,2.11,2.2199,2.08,2.12,0.01,+0.47%,89000
ATER,2024-04-19,2.09,2.25,1.9,2.05,-0.07,-3.30%,208400
ATER,2024-04-22,2.13,2.2,2.0401,2.13,0.08,+3.90%,46500
ATER,2024-04-23,2.16,2.35,2.1,2.2,0.07,+3.29%,46400
ATER,2024-04-24,2.22,2.3425,2.14,2.27,0.07,+3.18%,132100
ATER,2024-04-25,2.22,2.35,2.15,2.29,0.02,+0.88%,105300
ATER,2024-04-26,2.29,2.45,2.245,2.31,0.02,+0.87%,122100
ATER,2024-04-29,2.33,2.54,2.26,2.35,0.04,+1.73%,159700
ATER,2024-04-30,2.36,2.4026,2.25,2.27,-0.08,-3.40%,92800
ATER,2024-05-01,2.28,2.4,2.27,2.375,0.105,+4.63%,62600
ATER,2024-05-02,2.42,2.4899,2.35,2.41,0.035,+1.47%,137100
ATER,2024-05-03,2.45,2.46,2.33,2.38,-0.03,-1.24%,73600
ATER,2024-05-06,2.4,2.54,2.25,2.45,0.07,+2.94%,65900
ATER,2024-05-07,2.52,2.7,2.43,2.54,0.09,+3.67%,103700
ATER,2024-05-08,2.62,2.97,2.58,2.78,0.24,+9.45%,183800
ATER,2024-05-09,2.69,3.12,2.69,2.89,0.11,+3.96%,166800
ATER,2024-05-10,2.86,3.079,2.79,2.79,-0.1,-3.46%,159500
ATER,2024-05-13,2.8,3.1,2.8,3.09,0.3,+10.75%,184100
ATER,2024-05-14,3.11,3.365,2.85,2.9,-0.19,-6.15%,209300
ATER,2024-05-15,2.94,3.18,2.912,3.12,0.22,+7.59%,123500
ATER,2024-05-16,3.09,3.17,2.95,3,-0.12,-3.85%,160300
ATER,2024-05-17,3,3.09,2.89,3,0,0.00%,69800
ATER,2024-05-20,2.85,3,2.78,2.81,-0.19,-6.33%,172500
ATER,2024-05-21,2.78,2.8725,2.53,2.65,-0.16,-5.69%,144300
ATER,2024-05-22,2.65,2.78,2.61,2.71,0.06,+2.26%,61400
ATER,2024-05-23,2.72,2.77,2.5397,2.65,-0.06,-2.21%,50900
ATER,2024-05-24,2.67,2.73,2.585,2.64,-0.01,-0.38%,73600
ATER,2024-05-28,2.63,2.76,2.54,2.59,-0.05,-1.89%,78200
ATER,2024-05-29,2.61,2.621,2.43,2.53,-0.06,-2.32%,81500
ATER,2024-05-30,2.5,2.675,2.4643,2.59,0.06,+2.37%,52500
ATER,2024-05-31,2.62,2.7,2.5871,2.63,0.04,+1.54%,18100
ATER,2024-06-03,2.66,2.74,2.5914,2.73,0.1,+3.80%,68200
ATER,2024-06-04,2.68,2.71,2.56,2.69,-0.04,-1.47%,44900
ATER,2024-06-05,2.69,2.73,2.6,2.67,-0.02,-0.74%,39900
ATER,2024-06-06,2.66,2.7,2.59,2.65,-0.02,-0.75%,37200
ATER,2024-06-07,2.65,2.65,2.5,2.54,-0.11,-4.15%,74300
ATER,2024-06-10,2.53,2.54,2.41,2.47,-0.07,-2.76%,37400
ATER,2024-06-11,2.45,2.525,2.4,2.4,-0.07,-2.83%,18600
ATER,2024-06-12,2.41,2.5299,2.37,2.37,-0.03,-1.25%,41700
ATER,2024-06-13,2.39,2.44,2.2,2.28,-0.09,-3.80%,48000
ATER,2024-06-14,2.28,2.4199,2.15,2.24,-0.04,-1.75%,47800
ATER,2024-06-17,2.23,2.28,2.1,2.15,-0.09,-4.02%,40200
ATER,2024-06-18,2.16,2.16,1.99,2,-0.15,-6.98%,106800
ATER,2024-06-20,2.04,2.264,2.005,2.07,0.07,+3.50%,69900
ATER,2024-06-21,2.07,2.23,2.05,2.08,0.01,+0.48%,81300
ATER,2024-06-24,2.09,2.2225,2.09,2.12,0.04,+1.92%,40600
ATER,2024-06-25,2.12,2.2188,2.1101,2.13,0.01,+0.47%,23300
ATER,2024-06-26,2.13,2.225,2.09,2.09,-0.04,-1.88%,388900
ATER,2024-06-27,2.22,2.83,2.215,2.625,0.535,+25.60%,3031700
ATER,2024-06-28,2.55,2.82,2.44,2.81,0.185,+7.05%,320700
ATER,2024-07-01,2.81,2.8399,2.41,2.54,-0.27,-9.61%,143400
ATER,2024-07-02,2.45,2.83,2.45,2.76,0.22,+8.66%,117000
ATER,2024-07-03,2.71,2.7538,2.67,2.745,-0.015,-0.54%,34300
ATER,2024-07-05,2.73,2.75,2.618,2.67,-0.075,-2.73%,54800
ATER,2024-07-08,2.69,2.7,2.5,2.54,-0.13,-4.87%,68800
ATER,2024-07-09,2.58,2.65,2.54,2.61,0.07,+2.76%,29000
ATER,2024-07-10,2.61,2.68,2.56,2.58,-0.03,-1.15%,28600
ATER,2024-07-11,2.59,2.73,2.59,2.67,0.09,+3.49%,75300
ATER,2024-07-12,2.74,2.94,2.67,2.76,0.09,+3.37%,135000
ATER,2024-07-15,2.82,2.86,2.7,2.8,0.04,+1.45%,43900
ATER,2024-07-16,2.8,3.3265,2.79,3.19,0.39,+13.93%,249900
ATER,2024-07-17,3.17,3.305,2.97,3.12,-0.07,-2.19%,99700
ATER,2024-07-18,3.12,3.15,2.88,2.88,-0.24,-7.69%,58300
ATER,2024-07-19,2.86,2.972,2.86,2.92,0.04,+1.39%,14900
ATER,2024-07-22,2.91,3.16,2.9006,3.13,0.21,+7.19%,34900
ATER,2024-07-23,3.19,3.24,2.93,3.06,-0.07,-2.24%,88000
ATER,2024-07-24,3.04,3.15,2.92,2.99,-0.07,-2.29%,76400
ATER,2024-07-25,3.05,3.065,2.88,2.89,-0.1,-3.34%,30800
ATER,2024-07-26,2.91,3.02,2.91,2.97,0.08,+2.77%,15600
ATER,2024-07-29,2.93,3.06,2.85,2.91,-0.06,-2.02%,22800
ATER,2024-07-30,2.92,2.99,2.85,2.95,0.04,+1.37%,50500
ATER,2024-07-31,2.96,3.06,2.96,2.99,0.04,+1.36%,14600
ATER,2024-08-01,2.97,2.9855,2.77,2.88,-0.11,-3.68%,41200
ATER,2024-08-02,2.8,2.89,2.74,2.77,-0.11,-3.82%,37200
ATER,2024-08-05,2.66,2.8,2.554,2.7,-0.07,-2.53%,45200
ATER,2024-08-06,2.71,2.863,2.6363,2.75,0.05,+1.85%,30900
ATER,2024-08-07,2.85,2.9276,2.8,2.8,0.05,+1.82%,16700
ATER,2024-08-08,2.93,3.11,2.81,3.05,0.25,+8.93%,94900
ATER,2024-08-09,3.06,3.4999,3.06,3.45,0.4,+13.11%,121900
ATER,2024-08-12,3.41,3.41,2.9,2.99,-0.46,-13.33%,107200
ATER,2024-08-13,3.06,3.27,3.0201,3.11,0.12,+4.01%,32200
ATER,2024-08-14,3.11,3.2499,3,3,-0.11,-3.54%,31000
ATER,2024-08-15,3.1,3.2,3,3.05,0.05,+1.67%,148900
ATER,2024-08-16,3.02,3.107,2.6901,2.775,-0.275,-9.02%,151000
ATER,2024-08-19,2.88,2.88,2.7401,2.8,0.025,+0.90%,109900
ATER,2024-08-20,2.8,2.85,2.62,2.85,0.05,+1.79%,93100
ATER,2024-08-21,2.7073,3.01,2.7073,2.97,0.12,+4.21%,52200
ATER,2024-08-22,2.9,3.03,2.8647,2.94,-0.03,-1.01%,97400
ATER,2024-08-23,2.94,3.2,2.94,3.03,0.09,+3.06%,110100
ATER,2024-08-26,3.04,3.18,3,3.12,0.09,+2.97%,40400
ATER,2024-08-27,3.12,3.18,2.9,3.04,-0.08,-2.56%,43800
ATER,2024-08-28,3,3.07,2.86,2.87,-0.17,-5.59%,58000
ATER,2024-08-29,2.95,3.04,2.9148,2.96,0.09,+3.14%,39100
ATER,2024-08-30,2.96,3.04,2.96,2.99,0.03,+1.01%,23700
ATER,2024-09-03,2.99,3.19,2.9228,3.11,0.12,+4.01%,50700
ATER,2024-09-04,3.05,3.23,2.9,3.2,0.09,+2.89%,31100
ATER,2024-09-05,3.22,3.29,3.15,3.16,-0.04,-1.25%,31000
ATER,2024-09-06,3.23,3.5354,3.18,3.5,0.34,+10.76%,135900
ATER,2024-09-09,3.5,3.8399,3.4125,3.55,0.05,+1.43%,112500
ATER,2024-09-10,3.55,3.62,3.41,3.5,-0.05,-1.41%,25900
ATER,2024-09-11,3.43,3.5,3.0701,3.27,-0.23,-6.57%,74200
ATER,2024-09-12,3.26,3.44,3.2,3.365,0.095,+2.91%,24900
ATER,2024-09-13,3.04,3.3,3.04,3.25,-0.115,-3.42%,88600
ATER,2024-09-16,3.2,3.25,3.08,3.17,-0.08,-2.46%,67900
ATER,2024-09-17,3.16,3.3165,3.16,3.18,0.01,+0.32%,28500
ATER,2024-09-18,3.17,3.308,3.17,3.21,0.03,+0.94%,25100
ATER,2024-09-19,3.22,3.46,3.22,3.24,0.03,+0.93%,43000
ATER,2024-09-20,3.26,3.3485,3.25,3.29,0.05,+1.54%,62200
ATER,2024-09-23,3.29,3.34,3.08,3.08,-0.21,-6.38%,30600
ATER,2024-09-24,3.08,3.19,2.89,3.05,-0.03,-0.97%,95800
ATER,2024-09-25,3.05,3.1034,2.92,2.96,-0.09,-2.95%,76200
ATER,2024-09-26,3.02,3.0475,2.87,2.925,-0.035,-1.18%,50500
ATER,2024-09-27,2.93,2.96,2.86,2.91,-0.015,-0.51%,61700
ATER,2024-09-30,2.92,2.97,2.65,2.88,-0.03,-1.03%,60400
ATER,2024-10-01,2.93,2.93,2.735,2.79,-0.09,-3.13%,55100
ATER,2024-10-02,2.76,2.8158,2.64,2.72,-0.07,-2.51%,35500
ATER,2024-10-03,2.72,2.82,2.6368,2.77,0.05,+1.84%,28400
ATER,2024-10-04,2.71,2.88,2.71,2.82,0.05,+1.81%,34700
ATER,2024-10-07,2.8,2.8744,2.735,2.76,-0.06,-2.13%,27300
ATER,2024-10-08,2.81,2.85,2.7516,2.84,0.08,+2.90%,11500
ATER,2024-10-09,2.82,2.96,2.82,2.87,0.03,+1.06%,24300
ATER,2024-10-10,2.98,2.9805,2.8,2.8,-0.07,-2.44%,42300
ATER,2024-10-11,2.84,2.8901,2.82,2.875,0.075,+2.68%,9900
ATER,2024-10-14,2.88,3.14,2.8675,3.06,0.185,+6.43%,39100
ATER,2024-10-15,3.05,3.1499,2.98,2.99,-0.07,-2.29%,29800
ATER,2024-10-16,3.05,3.05,2.95,3,0.01,+0.33%,22300
ATER,2024-10-17,3,3.01,2.9,2.96,-0.04,-1.33%,34800
ATER,2024-10-18,2.96,3.0016,2.84,2.91,-0.05,-1.69%,25600
ATER,2024-10-21,2.9,2.95,2.876,2.92,0.01,+0.34%,21500
ATER,2024-10-22,2.9,2.95,2.9,2.95,0.03,+1.03%,9500
ATER,2024-10-23,2.87,2.91,2.78,2.78,-0.17,-5.76%,44800
ATER,2024-10-24,2.78,2.89,2.7,2.715,-0.065,-2.34%,38500
ATER,2024-10-25,2.71,2.84,2.67,2.68,-0.035,-1.29%,49700
ATER,2024-10-28,2.68,2.82,2.68,2.69,0.01,+0.37%,60100
ATER,2024-10-29,2.71,2.786,2.71,2.74,0.05,+1.86%,24700
ATER,2024-10-30,2.71,2.82,2.71,2.79,0.05,+1.82%,36900
ATER,2024-10-31,2.84,2.84,2.69,2.69,-0.1,-3.58%,24100
ATER,2024-11-01,2.7,2.97,2.68,2.83,0.14,+5.20%,60000
ATER,2024-11-04,2.7,3.0699,2.7,2.93,0.1,+3.53%,73000
ATER,2024-11-05,2.94,3.07,2.94,2.94,0.01,+0.34%,26100
ATER,2024-11-06,2.91,3.0606,2.9,2.98,0.04,+1.36%,54600
ATER,2024-11-07,3,3.08,2.965,2.97,-0.01,-0.34%,26300
ATER,2024-11-08,2.92,3.02,2.9,3,0.03,+1.01%,45700
ATER,2024-11-11,3.04,3.09,2.854,2.95,-0.05,-1.67%,123200
ATER,2024-11-12,2.86,3.1,2.86,2.88,-0.07,-2.37%,44500
ATER,2024-11-13,2.93,2.95,2.81,2.82,-0.06,-2.08%,76800
ATER,2024-11-14,2.83,2.88,2.7,2.76,-0.06,-2.13%,59200
ATER,2024-11-15,2.75,2.83,2.533,2.535,-0.225,-8.15%,47500
ATER,2024-11-18,2.53,2.58,2.36,2.39,-0.145,-5.72%,90700
ATER,2024-11-19,2.41,2.4993,2.38,2.4,0.01,+0.42%,39800
ATER,2024-11-20,2.44,2.48,2.33,2.39,-0.01,-0.42%,52700
ATER,2024-11-21,2.37,2.77,2.22,2.4,0.01,+0.42%,331400
ATER,2024-11-22,2.46,2.6695,2.4408,2.58,0.18,+7.50%,91000
ATER,2024-11-25,2.66,2.79,2.62,2.62,0.04,+1.55%,50882
ATER,2024-11-26,2.69,2.77,2.51,2.57,-0.05,-1.91%,115205
ATER,2024-11-27,2.57,2.75,2.5503,2.7,0.13,+5.06%,38900
ATER,2024-11-29,2.71,2.75,2.65,2.73,0.03,+1.11%,26900
ATER,2024-12-02,2.67,2.8,2.65,2.76,0.03,+1.10%,38500
ATER,2024-12-03,2.75,2.8952,2.7,2.75,-0.01,-0.36%,40400
ATER,2024-12-04,2.75,2.825,2.59,2.6,-0.15,-5.45%,97500
ATER,2024-12-05,2.59,2.71,2.47,2.56,-0.04,-1.54%,62600
ATER,2024-12-06,2.61,2.6799,2.52,2.54,-0.02,-0.78%,42800
ATER,2024-12-09,2.5,2.58,2.43,2.56,0.02,+0.79%,96200
ATER,2024-12-10,2.56,2.601,2.3607,2.45,-0.11,-4.30%,42600
ATER,2024-12-11,2.43,2.465,2.33,2.36,-0.09,-3.67%,70500
ATER,2024-12-12,2.39,2.44,2.36,2.37,0.01,+0.42%,37100
ATER,2024-12-13,2.33,2.4,2.26,2.35,-0.02,-0.84%,55800
ATER,2024-12-16,2.36,2.36,2.2497,2.28,-0.07,-2.98%,53400
ATER,2024-12-17,2.27,2.2792,2.18,2.19,-0.09,-3.95%,68800
ATER,2024-12-18,2.19,2.39,2.18,2.18,-0.01,-0.46%,60900
ATER,2024-12-19,2.17,2.26,2.15,2.18,0,0.00%,29400
ATER,2024-12-20,2.17,2.2582,2.14,2.24,0.06,+2.75%,48400
ATER,2024-12-23,2.2,2.24,2.11,2.195,-0.045,-2.01%,94100
ATER,2024-12-24,2.19,2.32,2.19,2.32,0.125,+5.69%,20100
ATER,2024-12-26,2.29,2.34,2.25,2.27,-0.05,-2.16%,46700
ATER,2024-12-27,2.25,2.39,2.19,2.37,0.1,+4.41%,57100
ATER,2024-12-30,2.4,2.67,2.4,2.55,0.18,+7.59%,139200
ATER,2024-12-31,2.53,2.59,2.36,2.4,-0.15,-5.88%,112700
ATER,2025-01-02,2.44,2.59,2.4282,2.51,0.11,+4.58%,46600
ATER,2025-01-03,2.45,2.62,2.45,2.58,0.07,+2.79%,37500
ATER,2025-01-06,2.56,2.7,2.5179,2.54,-0.04,-1.55%,50700
ATER,2025-01-07,2.54,2.62,2.46,2.47,-0.07,-2.76%,29500
ATER,2025-01-08,2.43,2.5,2.4,2.4,-0.07,-2.83%,28300
ATER,2025-01-10,2.4,2.4,2.3091,2.38,-0.02,-0.83%,29800
ATER,2025-01-13,2.31,2.32,2.25,2.32,-0.06,-2.52%,17400
ATER,2025-01-14,2.33,2.38,2.26,2.31,-0.01,-0.43%,22000
ATER,2025-01-15,2.37,2.4,2.3,2.34,0.03,+1.30%,19500
ATER,2025-01-16,2.33,2.34,2.18,2.24,-0.1,-4.27%,55700
ATER,2025-01-17,2.2859,2.3538,2.2473,2.32,0.08,+3.57%,14600
ATER,2025-01-21,2.31,2.32,2.2,2.23,-0.09,-3.88%,35700
ATER,2025-01-22,2.2,2.29,2.18,2.2,-0.03,-1.35%,36300
ATER,2025-01-23,2.19,2.27,2.18,2.22,0.02,+0.91%,24500
ATER,2025-01-24,2.26,2.29,2.2126,2.25,0.03,+1.35%,20200
ATER,2025-01-27,2.24,2.2787,2.1151,2.19,-0.06,-2.67%,51400
ATER,2025-01-28,2.16,2.277,2.12,2.19,0,0.00%,49200
ATER,2025-01-29,2.15,2.22,2.12,2.22,0.03,+1.37%,19500
ATER,2025-01-30,2.19,2.26,2.1475,2.23,0.01,+0.45%,22100
ATER,2025-01-31,2.2,2.28,2.155,2.25,0.02,+0.90%,23700
ATER,2025-02-03,2.14,2.1993,1.86,1.895,-0.355,-15.78%,314100
ATER,2025-02-04,2,2.5,1.97,2.27,0.375,+19.79%,601200
ATER,2025-02-05,2.23,2.3499,2.1601,2.2,-0.07,-3.08%,55900
ATER,2025-02-06,2.27,2.27,2.17,2.2,0,0.00%,54800
ATER,2025-02-07,2.17,2.2,2.14,2.16,-0.04,-1.82%,40200
ATER,2025-02-10,2.14,2.2392,2.14,2.19,0.03,+1.39%,20900
ATER,2025-02-11,2.17,2.19,2.11,2.13,-0.06,-2.74%,18200
ATER,2025-02-12,2.1,2.26,2.1,2.19,0.06,+2.82%,41200
ATER,2025-02-13,2.28,2.28,2.17,2.24,0.05,+2.28%,29500
ATER,2025-02-14,2.25,2.4,2.25,2.31,0.07,+3.13%,61300
ATER,2025-02-18,2.3,2.34,2.2,2.2,-0.11,-4.76%,44500
ATER,2025-02-19,2.2687,2.2687,2.12,2.12,-0.08,-3.64%,18000
ATER,2025-02-20,2.31,2.31,2.06,2.125,0.005,+0.24%,82400
ATER,2025-02-21,2.18,2.18,2.03,2.06,-0.065,-3.06%,47300
ATER,2025-02-24,2.11,2.11,2.023,2.055,-0.005,-0.24%,29700
ATER,2025-02-25,2.05,2.07,2,2.015,-0.04,-1.95%,52700
ATER,2025-02-26,2.025,2.1,2,2.08,0.065,+3.23%,29000
ATER,2025-02-27,2.11,2.22,2.1,2.16,0.08,+3.85%,40300
ATER,2025-02-28,2.13,2.13,2.0326,2.06,-0.1,-4.63%,42700
ATER,2025-03-03,2.1,2.16,2.01,2.01,-0.05,-2.43%,37600
ATER,2025-03-04,2,2.1,1.95,2.08,0.07,+3.48%,32400
ATER,2025-03-05,2.06,2.08,2.03,2.04,-0.04,-1.92%,33700
ATER,2025-03-06,2.05,2.4,2.03,2.26,0.22,+10.78%,215100
ATER,2025-03-07,2.27,2.31,2.1001,2.15,-0.11,-4.87%,106300
ATER,2025-03-10,2.27,2.27,2.06,2.06,-0.09,-4.19%,51100
ATER,2025-03-11,2.05,2.12,2.02,2.11,0.05,+2.43%,22500
ATER,2025-03-12,2.11,2.2,2.06,2.19,0.08,+3.79%,80600
ATER,2025-03-13,2.18,2.2,2.05,2.12,-0.07,-3.20%,69400
ATER,2025-03-14,2.07,2.15,2.07,2.14,0.02,+0.94%,26900
ATER,2025-03-17,2.12,2.367,2.1196,2.1852,0.0452,+2.11%,90200
ATER,2025-03-18,2.23,2.25,2.08,2.11,-0.0752,-3.44%,1546100
ATER,2025-03-19,2.38,3.5,2.36,2.7,0.59,+27.96%,50974600
ATER,2025-03-20,2.53,2.6431,2.27,2.35,-0.35,-12.96%,885200
ATER,2025-03-21,2.36,2.456,2.06,2.12,-0.23,-9.79%,497400
ATER,2025-03-24,2.15,2.4999,2.15,2.43,0.31,+14.62%,395100
ATER,2025-03-25,2.4,2.56,2.288,2.4,-0.03,-1.23%,189000
ATER,2025-03-26,2.25,2.46,2.231,2.27,-0.13,-5.42%,184700
ATER,2025-03-27,2.22,2.45,2.2129,2.44,0.17,+7.49%,85700
ATER,2025-03-28,2.38,2.44,2.27,2.3,-0.14,-5.74%,134900
ATER,2025-03-31,2.23,2.29,2.1,2.1,-0.2,-8.70%,185800
ATER,2025-04-01,2.1,2.2085,2.09,2.14,0.04,+1.90%,57200
ATER,2025-04-02,2.1,2.25,2.1,2.14,0,0.00%,47100
ATER,2025-04-03,2.02,2.07,1.91,1.96,-0.18,-8.41%,170900
ATER,2025-04-04,1.95,1.97,1.75,1.82,-0.14,-7.14%,159800
ATER,2025-04-07,1.74,1.82,1.7,1.76,-0.06,-3.30%,127300
ATER,2025-04-08,1.82,1.83,1.5654,1.6,-0.16,-9.09%,119800
ATER,2025-04-09,1.56,1.78,1.56,1.77,0.17,+10.63%,91300
ATER,2025-04-10,1.71,1.79,1.65,1.72,-0.05,-2.82%,79200
ATER,2025-04-11,1.73,1.78,1.655,1.78,0.06,+3.49%,72700
ATER,2025-04-14,1.78,1.78,1.67,1.76,-0.02,-1.12%,189300
ATER,2025-04-15,1.75,1.79,1.72,1.74,-0.02,-1.14%,38000
ATER,2025-04-16,1.71,1.79,1.63,1.7,-0.04,-2.30%,86500
ATER,2025-04-17,1.68,1.72,1.6,1.695,-0.005,-0.29%,179100
ATER,2025-04-21,1.68,1.7,1.585,1.64,-0.055,-3.24%,126700
ATER,2025-04-22,1.65,1.72,1.6037,1.72,0.08,+4.88%,66400
ATER,2025-04-23,1.72,1.82,1.7,1.74,0.02,+1.16%,94800
ATER,2025-04-24,1.75,1.92,1.74,1.9,0.16,+9.20%,61100
ATER,2025-04-25,1.92,1.97,1.8596,1.92,0.02,+1.05%,62900
ATER,2025-04-28,1.92,2,1.885,1.93,0.01,+0.52%,45700
ATER,2025-04-29,1.91,2.0814,1.8786,1.98,0.05,+2.59%,54600
ATER,2025-04-30,1.9,2,1.86,1.97,-0.01,-0.51%,20300
ATER,2025-05-01,1.93,2,1.91,1.95,-0.02,-1.02%,41000
ATER,2025-05-02,1.99,2.01,1.96,1.99,0.04,+2.05%,19400
ATER,2025-05-05,1.97,2.14,1.97,2,0.01,+0.50%,91900
ATER,2025-05-06,1.94,2.02,1.85,1.88,-0.12,-6.00%,73000
ATER,2025-05-07,1.89,1.9306,1.85,1.88,0,0.00%,30300
ATER,2025-05-08,1.88,2.01,1.88,2,0.12,+6.38%,46900
ATER,2025-05-09,2,2.07,1.99,2.06,0.06,+3.00%,51000
ATER,2025-05-12,2.14,2.19,2.0899,2.18,0.12,+5.83%,47900
ATER,2025-05-13,2.18,2.18,2.06,2.0913,-0.0887,-4.07%,37100
ATER,2025-05-14,2.07,2.135,2.0459,2.11,0.0187,+0.89%,94200
ATER,2025-05-15,1.84,1.98,1.57,1.765,-0.345,-16.35%,305700
ATER,2025-05-16,1.75,2.1,1.68,1.76,-0.005,-0.28%,497600
ATER,2025-05-19,1.72,1.78,1.64,1.69,-0.07,-3.98%,119300
ATER,2025-05-20,1.68,1.72,1.63,1.66,-0.03,-1.78%,93300
ATER,2025-05-21,1.65,1.69,1.585,1.63,-0.03,-1.81%,136400
ATER,2025-05-22,1.58,1.85,1.58,1.65,0.02,+1.23%,274800
ATER,2025-05-23,1.61,1.67,1.6,1.62,-0.03,-1.82%,80400
ATER,2025-05-27,1.61,1.65,1.59,1.63,0.01,+0.62%,126700
ATER,2025-05-28,1.62,1.65,1.6,1.62,-0.01,-0.61%,56400
ATER,2025-05-29,1.63,1.6696,1.58,1.59,-0.03,-1.85%,104100
ATER,2025-05-30,1.63,1.75,1.52,1.53,-0.06,-3.77%,366200
ATER,2025-06-02,1.48,1.6618,1.43,1.46,-0.07,-4.58%,224000
ATER,2025-06-03,1.48,1.5,1.41,1.46,0,0.00%,81700
ATER,2025-06-04,1.42,1.54,1.36,1.4,-0.06,-4.11%,417100
ATER,2025-06-05,1.38,1.42,1.36,1.38,-0.02,-1.43%,113300
ATER,2025-06-06,1.38,1.46,1.37,1.43,0.05,+3.62%,109200
ATER,2025-06-09,1.4,1.45,1.4,1.43,0,0.00%,63300
ATER,2025-06-10,1.44,1.4495,1.38,1.41,-0.02,-1.40%,88200
ATER,2025-06-11,1.41,1.46,1.38,1.39,-0.02,-1.42%,169100
ATER,2025-06-12,1.32,1.38,1.28,1.28,-0.11,-7.91%,225200
ATER,2025-06-13,1.23,1.29,1.22,1.24,-0.04,-3.13%,146000
ATER,2025-06-16,1.23,1.37,1.23,1.33,0.09,+7.26%,156000
ATER,2025-06-17,1.29,1.49,1.27,1.29,-0.04,-3.01%,300700
ATER,2025-06-18,1.27,1.44,1.27,1.38,0.09,+6.98%,346100
ATER,2025-06-20,1.42,1.5159,1.37,1.38,0,0.00%,327700
ATER,2025-06-23,1.36,1.44,1.34,1.4,0.02,+1.45%,269900
ATER,2025-06-24,1.4,1.6598,1.4,1.64,0.24,+17.14%,491300
ATER,2025-06-25,1.64,1.71,1.58,1.6,-0.04,-2.44%,559000
ATER,2025-06-26,1.58,1.72,1.57,1.66,0.06,+3.75%,415000
ATER,2025-06-27,1.68,1.6899,1.56,1.62,-0.04,-2.41%,163800
ATER,2025-06-30,1.66,1.71,1.6,1.66,0.04,+2.47%,212400
ATER,2025-07-01,1.66,1.8,1.62,1.66,0,0.00%,492700
ATER,2025-07-02,1.67,1.7,1.565,1.59,-0.07,-4.22%,159300
ATER,2025-07-03,1.61,1.6477,1.53,1.55,-0.04,-2.52%,105400
ATER,2025-07-07,1.55,1.57,1.47,1.48,-0.07,-4.52%,181400
ATER,2025-07-08,1.5,1.54,1.46,1.51,0.03,+2.03%,152800
ATER,2025-07-09,1.52,1.55,1.4812,1.55,0.04,+2.65%,254800
ATER,2025-07-10,1.54,1.56,1.46,1.48,-0.07,-4.52%,151200
ATER,2025-07-11,1.48,1.51,1.43,1.45,-0.03,-2.03%,147600
ATER,2025-07-14,1.43,1.4596,1.37,1.39,-0.06,-4.14%,95900
ATER,2025-07-15,1.38,1.38,1.34,1.34,-0.05,-3.60%,119800
ATER,2025-07-16,1.35,1.3898,1.34,1.37,0.03,+2.24%,57500
ATER,2025-07-17,1.37,1.39,1.32,1.35,-0.02,-1.46%,126000
ATER,2025-07-18,1.37,1.41,1.34,1.37,0.02,+1.48%,64400
ATER,2025-07-21,1.37,1.39,1.34,1.365,-0.005,-0.36%,101700
ATER,2025-07-22,1.36,1.38,1.331,1.37,0.005,+0.37%,58200
ATER,2025-07-23,1.39,1.4,1.38,1.39,0.02,+1.46%,89800
ATER,2025-07-24,1.36,1.4,1.36,1.36,-0.03,-2.16%,57900
ATER,2025-07-25,1.37,1.39,1.35,1.36,0,0.00%,31400
ATER,2025-07-28,1.36,1.36,1.33,1.335,-0.025,-1.84%,57200
ATER,2025-07-29,1.33,1.335,1.25,1.26,-0.075,-5.62%,76400
ATER,2025-07-30,1.26,1.27,1.225,1.23,-0.03,-2.38%,59500
ATER,2025-07-31,1.25,1.25,1.21,1.215,-0.015,-1.22%,85300
ATER,2025-08-01,1.23,1.2399,1.16,1.17,-0.045,-3.70%,116200
ATER,2025-08-04,1.2,1.2102,1.1701,1.2,0.03,+2.56%,36800
ATER,2025-08-05,1.2,1.211,1.17,1.18,-0.02,-1.67%,29900
ATER,2025-08-06,1.18,1.2,1.17,1.17,-0.01,-0.85%,19600
ATER,2025-08-07,1.18,1.2,1.15,1.17,0,0.00%,37100
ATER,2025-08-08,1.16,1.21,1.1501,1.19,0.02,+1.71%,84400
ATER,2025-08-11,1.21,1.28,1.2098,1.26,0.07,+5.88%,55800
ATER,2025-08-12,1.25,1.31,1.25,1.3,0.04,+3.17%,40900
ATER,2025-08-13,1.27,1.32,1.25,1.3,0,0.00%,140000
ATER,2025-08-14,1.2,1.21,0.9,0.96,-0.34,-26.15%,721100
ATER,2025-08-15,0.99,1.04,0.95,0.9505,-0.0095,-0.99%,194200
ATER,2025-08-18,0.97,1.07,0.95,1.04,0.0895,+9.42%,202100
ATER,2025-08-19,1.04,1.05,0.9851,0.9851,-0.0549,-5.28%,241700
ATER,2025-08-20,0.96,1.05,0.9501,0.9914,0.0063,+0.64%,152600
ATER,2025-08-21,0.98,1.03,0.9701,1.02,0.0286,+2.88%,54500
ATER,2025-08-22,0.9917,1.06,0.9917,1.04,0.02,+1.96%,98100
ATER,2025-08-25,1.04,1.0599,1.01,1.03,-0.01,-0.96%,38900
ATER,2025-08-26,1.04,1.04,1,1.02,-0.01,-0.97%,70000
ATER,2025-08-27,1,1.0299,1,1.01,-0.01,-0.98%,30800
ATER,2025-08-28,1.01,1.0199,1,1.01,0,0.00%,39900
ATER,2025-08-29,1,1.0191,0.96,0.9668,-0.0432,-4.28%,78900
ATER,2025-09-02,0.96,0.9823,0.95,0.9758,0.009,+0.93%,52900
ATER,2025-09-03,0.94,0.9781,0.94,0.9575,-0.0183,-1.88%,43900
ATER,2025-09-04,0.9517,0.9756,0.9438,0.9522,-0.0053,-0.55%,25000
ATER,2025-09-05,0.94,0.986,0.9308,0.9773,0.0251,+2.64%,70000
ATER,2025-09-08,0.97,0.9799,0.9521,0.9677,-0.0096,-0.98%,78800
ATER,2025-09-09,0.9562,0.9793,0.95,0.9501,-0.0176,-1.82%,102400
ATER,2025-09-10,0.9301,0.9855,0.92,0.9514,0.0013,+0.14%,95900
ATER,2025-09-11,0.96,0.9889,0.9502,0.9649,0.0135,+1.42%,85300
ATER,2025-09-12,0.9437,0.98,0.9437,0.9749,0.01,+1.04%,87800
ATER,2025-09-15,0.98,0.9846,0.946,0.9781,0.0032,+0.33%,171600
ATER,2025-09-16,0.97,0.9887,0.9501,0.98,0.0019,+0.19%,81500
ATER,2025-09-17,0.96,1,0.9503,0.974,-0.006,-0.61%,90900
ATER,2025-09-18,0.9818,1.01,0.967,1,0.026,+2.67%,114000
ATER,2025-09-19,1.02,1.02,0.99,0.9951,-0.0049,-0.49%,87400
ATER,2025-09-22,0.99,1,0.965,0.9922,-0.0029,-0.29%,103800
ATER,2025-09-23,1.03,1.05,0.99,1.04,0.0478,+4.82%,162300
ATER,2025-09-24,1.05,1.05,0.99,1.04,0,0.00%,108000
ATER,2025-09-25,1.02,1.06,0.9837,1.05,0.01,+0.96%,141100
ATER,2025-09-26,1.02,1.05,1.01,1.02,-0.03,-2.86%,135600
ATER,2025-09-29,1.02,1.06,1.014,1.02,0,0.00%,99200
ATER,2025-09-30,1.03,1.06,1.03,1.05,0.03,+2.94%,152000
ATER,2025-10-01,1.04,1.06,1.0201,1.03,-0.02,-1.90%,185300
ATER,2025-10-02,1.04,1.1796,1.02,1.14,0.11,+10.68%,205400
ATER,2025-10-03,1.15,1.21,1.145,1.18,0.04,+3.51%,92700
ATER,2025-10-06,1.2,1.2276,1.1244,1.15,-0.03,-2.54%,131000
ATER,2025-10-07,1.16,1.1643,1.1,1.13,-0.02,-1.74%,106800
ATER,2025-10-08,1.13,1.2,1.1108,1.155,0.025,+2.21%,65600
ATER,2025-10-09,1.17,1.24,1.17,1.21,0.055,+4.76%,97700
ATER,2025-10-10,1.21,1.26,1.04,1.05,-0.16,-13.22%,369600
ATER,2025-10-13,1.08,1.1,1.05,1.05,0,0.00%,62000
ATER,2025-10-14,1.07,1.1239,1.04,1.06,0.01,+0.95%,95300
ATER,2025-10-15,1.06,1.09,1.0522,1.07,0.01,+0.94%,69500
ATER,2025-10-16,1.07,1.08,1.02,1.02,-0.05,-4.67%,75700
ATER,2025-10-17,1.02,1.04,0.9874,1.02,0,0.00%,69700
ATER,2025-10-20,1.02,1.04,1,1.015,-0.005,-0.49%,46300
ATER,2025-10-21,1.01,1.03,0.99,1.02,0.005,+0.49%,77900
ATER,2025-10-22,1.01,1.02,0.9753,0.9801,-0.0399,-3.91%,124400
ATER,2025-10-23,0.97,1.03,0.9501,1.03,0.0499,+5.09%,61800
ATER,2025-10-24,1.03,1.03,1.0037,1.01,-0.02,-1.94%,31300
ATER,2025-10-27,1,1.0399,0.98,0.9901,-0.0199,-1.97%,63900
ATER,2025-10-28,0.99,1,0.9701,0.985,-0.0051,-0.52%,42500
ATER,2025-10-29,0.98,1.02,0.9612,0.9612,-0.0238,-2.42%,57900
ATER,2025-10-30,0.9612,0.9898,0.95,0.962,0.0008,+0.08%,25600
ATER,2025-10-31,0.9578,0.9914,0.952,0.9593,-0.0027,-0.28%,42200
ATER,2025-11-03,0.962,0.9651,0.9201,0.9396,-0.0197,-2.05%,37100
ATER,2025-11-04,0.92,0.938,0.9,0.9,-0.0396,-4.21%,83600
ATER,2025-11-05,0.91,0.91,0.8413,0.8472,-0.0528,-5.87%,103200
ATER,2025-11-06,0.86,0.86,0.8203,0.8377,-0.0095,-1.12%,80000
ATER,2025-11-07,0.85,0.87,0.812,0.8215,-0.0162,-1.93%,64300
ATER,2025-11-10,0.8253,0.93,0.8215,0.8648,0.0433,+5.27%,17400
ATER,2025-11-11,0.86,0.87,0.8452,0.8573,-0.0075,-0.87%,18200
ATER,2025-11-12,0.8668,0.9,0.831,0.8544,-0.0029,-0.34%,52400
ATER,2025-11-13,0.8414,0.8815,0.8101,0.8277,-0.0267,-3.13%,179000
ATER,2025-11-14,0.8302,0.85,0.81,0.8378,0.0101,+1.22%,32700
ATER,2025-11-17,0.83,0.9,0.777,0.777,-0.0608,-7.26%,76000
ATER,2025-11-18,0.789,0.8072,0.7137,0.7138,-0.0632,-8.13%,99800
ATER,2025-11-19,0.71,0.78,0.7003,0.734,0.0202,+2.83%,131900
ATER,2025-11-20,0.76,0.7787,0.69,0.699,-0.035,-4.77%,83800
ATER,2025-11-21,0.692,0.7099,0.6507,0.6719,-0.0271,-3.88%,70300
ATER,2025-11-24,0.691,0.694,0.65,0.677,0.0051,+0.76%,116600
ATER,2025-11-25,0.68,0.72,0.68,0.717,0.04,+5.91%,61500
ATER,2025-11-26,0.726,0.726,0.7,0.7021,-0.0149,-2.08%,84400
ATER,2025-11-28,0.73,0.75,0.7099,0.7485,0.0464,+6.61%,58000
ATER,2025-12-01,0.74,0.76,0.74,0.76,0.0115,+1.54%,49700
ATER,2025-12-02,0.751,0.7699,0.75,0.757,-0.003,-0.39%,14600
ATER,2025-12-03,0.7829,0.7866,0.75,0.7866,0.0296,+3.91%,39200
ATER,2025-12-04,0.78,0.8,0.7549,0.8,0.0134,+1.70%,110000
ATER,2025-12-05,0.789,0.8,0.7801,0.795,-0.005,-0.63%,18300
ATER,2025-12-08,0.8,0.975,0.7933,0.92,0.125,+15.72%,710500
ATER,2025-12-09,1.04,1.05,0.8606,0.975,0.055,+5.98%,962000
ATER,2025-12-10,0.9501,0.9652,0.88,0.9125,-0.0625,-6.41%,169900
ATER,2025-12-11,0.89,0.94,0.8502,0.8925,-0.02,-2.19%,165900
ATER,2025-12-12,0.6773,0.8676,0.6773,0.7701,-0.1224,-13.71%,378600
ATER,2025-12-15,0.7494,0.8,0.7006,0.7228,-0.0473,-6.14%,285800
ATER,2025-12-16,0.74,0.7498,0.7003,0.7028,-0.02,-2.77%,75200
ATER,2025-12-17,0.7033,0.7302,0.6913,0.6931,-0.0097,-1.38%,38300
ATER,2025-12-18,0.7,0.722,0.68,0.6949,0.0018,+0.26%,84700
ATER,2025-12-19,0.71,0.7189,0.66,0.6882,-0.0067,-0.96%,141800
ATER,2025-12-22,0.6882,0.71,0.6701,0.706,0.0178,+2.59%,77000
ATER,2025-12-23,0.71,0.7144,0.6762,0.69,-0.016,-2.27%,63300
ATER,2025-12-24,0.68,0.6992,0.6644,0.6953,0.0053,+0.77%,60700
ATER,2025-12-26,0.6947,0.7,0.6751,0.7,0.0047,+0.68%,43100
ATER,2025-12-29,0.68,0.6852,0.655,0.6615,-0.0385,-5.50%,99800
ATER,2025-12-30,0.66,0.6799,0.6575,0.67,0.0085,+1.28%,83200
ATER,2025-12-31,0.66,0.709,0.6401,0.6955,0.0255,+3.81%,118300
ATER,2026-01-02,0.71,0.7173,0.6726,0.7173,0.0218,+3.13%,80700
ATER,2026-01-05,0.692,0.8211,0.6905,0.78,0.0627,+8.74%,618800
ATER,2026-01-06,0.7781,0.81,0.761,0.7908,0.0108,+1.38%,132800
ATER,2026-01-07,0.8436,0.913,0.8182,0.91,0.1192,+15.07%,265900
ATER,2026-01-08,0.92,0.9356,0.8109,0.83,-0.08,-8.79%,235100
ATER,2026-01-09,0.8003,0.8834,0.8003,0.822,-0.008,-0.96%,64800
ATER,2026-01-12,0.853,0.853,0.8,0.814,-0.008,-0.97%,87100
ATER,2026-01-13,0.803,0.8323,0.7315,0.7656,-0.0484,-5.95%,129800
ATER,2026-01-14,0.76,0.7934,0.742,0.7571,-0.0085,-1.11%,33800
ATER,2026-01-15,0.78,0.82,0.7607,0.7728,0.0157,+2.07%,69100
ATER,2026-01-16,0.788,0.8066,0.76,0.7717,-0.0011,-0.14%,56900
ATER,2026-01-20,0.77,0.7946,0.7502,0.7568,-0.0149,-1.93%,52200
ATER,2026-01-21,0.78,0.8984,0.7602,0.8,0.0432,+5.71%,507700
ATER,2026-01-22,0.8,0.8327,0.7519,0.7622,-0.0378,-4.73%,116900
ATER,2026-01-23,0.78,0.8,0.7501,0.7537,-0.0085,-1.12%,34800
ATER,2026-01-26,0.76,0.7963,0.76,0.7676,0.0139,+1.84%,54700
ATER,2026-01-27,0.779,0.78,0.7,0.7242,-0.0434,-5.65%,98100
ATER,2026-01-28,0.662,0.7625,0.662,0.7024,-0.0218,-3.01%,98700
ATER,2026-01-29,0.7,0.71,0.686,0.7001,-0.0023,-0.33%,51400
ATER,2026-01-30,0.7,0.7213,0.68,0.6926,-0.0075,-1.07%,67600
ATER,2026-02-02,0.6799,0.71,0.6799,0.6999,0.0073,+1.05%,33400
ATER,2026-02-03,0.67,0.6998,0.641,0.6504,-0.0495,-7.07%,112600
ATER,2026-02-04,0.6422,0.6757,0.6422,0.6683,0.0179,+2.75%,57700
ATER,2026-02-05,0.6749,0.6802,0.6154,0.62,-0.0483,-7.23%,67200
ATER,2026-02-06,0.626,0.6643,0.626,0.6512,0.0312,+5.03%,56600
ATER,2026-02-09,0.66,0.6816,0.6248,0.65,-0.0012,-0.18%,51400
ATER,2026-02-10,0.67,0.739,0.6502,0.7,0.05,+7.69%,182200
ATER,2026-02-11,0.696,0.7281,0.6631,0.688,-0.012,-1.71%,57800
ATER,2026-02-12,0.68,0.7106,0.6361,0.6451,-0.0429,-6.24%,43200
ATER,2026-02-13,0.648,0.6879,0.637,0.637,-0.0081,-1.26%,33900
ATER,2026-02-17,0.6265,0.65,0.573,0.5782,-0.0588,-9.23%,153900
ATER,2026-02-18,0.59,0.5905,0.515,0.571,-0.0072,-1.25%,130300
ATER,2026-02-19,0.5708,0.5798,0.5501,0.5652,-0.0058,-1.02%,34500
ATER,2026-02-20,0.57,0.5896,0.5531,0.575,0.0098,+1.73%,64900
ATER,2026-02-23,0.561,0.5749,0.537,0.5624,-0.0126,-2.19%,46300
ATER,2026-02-24,0.56,0.599,0.55,0.565,0.0026,+0.46%,81500
ATER,2026-02-25,0.558,0.599,0.558,0.5805,0.0155,+2.74%,69700
ATER,2026-02-26,0.571,0.61,0.5701,0.599,0.0185,+3.19%,33000
ATER,2026-02-27,0.57,0.6189,0.56,0.5692,-0.0298,-4.97%,79300
ATER,2026-03-02,0.56,0.6064,0.56,0.57,0.0008,+0.14%,77300
ATER,2026-03-03,0.55,0.59,0.55,0.5514,-0.0186,-3.26%,76000
ATER,2026-03-04,0.55,0.58,0.55,0.561,0.0096,+1.74%,15000
ATER,2026-03-05,0.561,0.6004,0.561,0.5711,0.0101,+1.80%,84100
ATER,2026-03-06,0.586,0.5989,0.57,0.5751,0.004,+0.70%,22442
ATER,2026-03-09,0.6,0.6,0.5463,0.554,-0.0211,-3.67%,86900
ATER,2026-03-10,0.58,0.58,0.541,0.543,-0.011,-1.99%,46500
ATER,2026-03-11,0.5392,0.596,0.5392,0.5747,0.0317,+5.84%,25100
ATER,2026-03-12,0.55,0.6,0.5401,0.58,0.0053,+0.92%,51400
ATER,2026-03-13,0.58,0.5996,0.546,0.581,0.001,+0.17%,49800
ATER,2026-03-16,0.59,0.6296,0.556,0.6065,0.0255,+4.39%,69500
ATER,2026-03-17,0.597,0.63,0.58,0.6152,0.0087,+1.43%,34100
ATER,2026-03-18,0.6285,0.63,0.6,0.6023,-0.0129,-2.10%,30500
ATER,2026-03-19,0.582,0.6216,0.5508,0.59,-0.0123,-2.04%,25200
ATER,2026-03-20,0.574,0.614,0.5633,0.6,0.01,+1.69%,112300
ATER,2026-03-23,0.62,0.62,0.5781,0.5812,-0.0188,-3.13%,27300
ATER,2026-03-24,0.6,0.61,0.5698,0.5698,-0.0114,-1.96%,18600
ATER,2026-03-25,0.585,0.599,0.5799,0.597,0.0272,+4.77%,20600
ATER,2026-03-26,0.5615,0.6199,0.5615,0.604,0.007,+1.17%,30700
ATER,2026-03-27,0.607,0.6099,0.5605,0.5605,-0.0435,-7.20%,37300
ATER,2026-03-30,0.56,0.582,0.548,0.5658,0.0053,+0.95%,20700
ATER,2026-03-31,0.5667,0.599,0.55,0.573,0.0072,+1.27%,35700
ATER,2026-04-01,0.5983,0.605,0.5521,0.6027,0.0297,+5.18%,75400
ATER,2026-04-02,0.56,0.61,0.56,0.603,0.0003,+0.05%,29800
ATER,2026-04-06,0.583,0.6452,0.5751,0.6425,0.0395,+6.55%,24800
ATER,2026-04-07,0.659,0.669,0.61,0.669,0.0265,+4.12%,50600
ATER,2026-04-08,0.715,0.72,0.6801,0.72,0.051,+7.62%,53600
ATER,2026-04-09,0.691,0.72,0.69,0.718,-0.002,-0.28%,28400
ATER,2026-04-10,0.73,0.73,0.6609,0.674,-0.044,-6.13%,86300
ATER,2026-04-13,0.6605,0.6886,0.65,0.68,0.006,+0.89%,25800
ATER,2026-04-14,0.664,0.7017,0.664,0.692,0.012,+1.76%,44100
ATER,2026-04-15,0.6999,0.7096,0.663,0.6845,-0.0075,-1.08%,25800
ATER,2026-04-16,0.7001,0.71,0.6807,0.71,0.0255,+3.73%,49700
ATER,2026-04-17,0.71,0.72,0.7,0.7113,0.0013,+0.18%,50100
ATER,2026-04-20,0.71,0.725,0.7091,0.725,0.0137,+1.93%,36700
ATER,2026-04-21,0.73,0.73,0.6839,0.7098,-0.0152,-2.10%,36700
ATER,2026-04-22,0.692,0.7198,0.6901,0.718,0.0082,+1.16%,32400
ATER,2026-04-23,0.7151,0.7151,0.6911,0.709,-0.009,-1.25%,23800
ATER,2026-04-24,0.6912,0.7006,0.6182,0.657,-0.052,-7.33%,74700
ATEX,2015-02-03,39,40,39,40,39.343,"+5,988.28%",24700
ATEX,2015-02-04,44.95,50,41,41,1,+2.50%,700
ATEX,2015-02-05,42,42,42,42,1,+2.44%,400
ATEX,2015-02-06,48,48,43,43,1,+2.38%,900
ATEX,2015-02-09,45,45,41.5,43.97,0.97,+2.26%,151400
ATEX,2015-02-10,46.95,46.95,46,46,2.03,+4.62%,500
ATEX,2015-02-11,46.49,47,45.46,46.95,0.95,+2.07%,1900
ATEX,2015-02-12,46.95,46.95,43.48,43.91,-3.04,-6.47%,150400
ATEX,2015-02-13,43.7,46,43.7,46,2.09,+4.76%,2400
ATEX,2015-02-17,45.92,56,45.92,54,8,+17.39%,6200
ATEX,2015-02-18,54,56,52.94,55,1,+1.85%,31000
ATEX,2015-02-19,54,54,50.08,52.67,-2.33,-4.24%,37400
ATEX,2015-02-20,54,55,53.8,55,2.33,+4.42%,7200
ATEX,2015-02-23,54.74,55,54,54,-1.,-1.82%,1100
ATEX,2015-02-24,55,55,53.5,53.79,-0.21,-0.39%,29000
ATEX,2015-02-25,53.41,53.79,51.78,52.64,-1.15,-2.14%,10800
ATEX,2015-02-26,56,56,53.96,54.5,1.86,+3.53%,900
ATEX,2015-02-27,54.37,54.37,53.08,54,-0.5,-0.92%,6500
ATEX,2015-03-02,52.5,53.5,50.91,50.99,-3.01,-5.57%,12000
ATEX,2015-03-03,50.05,50.85,49.61,50.27,-0.72,-1.41%,15800
ATEX,2015-03-04,50.5,51.38,49.5,50,-0.27,-0.54%,18300
ATEX,2015-03-05,53,53,47.7,48.37,-1.63,-3.26%,2200
ATEX,2015-03-06,48.5,50,46.45,50,1.63,+3.37%,4700
ATEX,2015-03-09,48.75,50,48.75,50,0,0.00%,19900
ATEX,2015-03-10,50,50,46.39,46.93,-3.07,-6.14%,13100
ATEX,2015-03-11,50,50,48,48.49,1.56,+3.32%,10800
ATEX,2015-03-12,49.46,49.48,48.37,49,0.51,+1.05%,9400
ATEX,2015-03-13,49,49,46.5,47,-2.,-4.08%,18100
ATEX,2015-03-16,46.95,47,45.02,45.47,-1.53,-3.26%,20500
ATEX,2015-03-17,45.98,46.96,44.52,45,-0.47,-1.03%,421600
ATEX,2015-03-18,48.84,48.84,44.26,44.99,-0.01,-0.02%,27800
ATEX,2015-03-19,46.77,47,39.06,45,0.01,+0.02%,172000
ATEX,2015-03-20,45.21,48.9,45.01,48.29,3.29,+7.31%,234900
ATEX,2015-03-23,50,50,46.35,49.9,1.61,+3.33%,5000
ATEX,2015-03-24,47.94,50,47.94,50,0.1,+0.20%,9800
ATEX,2015-03-25,49.91,50,49.64,49.69,-0.31,-0.62%,5500
ATEX,2015-03-26,49,49,47,48.25,-1.44,-2.90%,2800
ATEX,2015-03-27,45.48,48.34,45.48,48.34,0.09,+0.19%,5100
ATEX,2015-03-30,48.03,49.99,47.75,49.99,1.65,+3.41%,8600
ATEX,2015-03-31,49,50,47.97,50,0.01,+0.02%,9100
ATEX,2015-04-01,48.85,49.99,48.64,49.99,-0.01,-0.02%,1300
ATEX,2015-04-02,49.8,49.8,49.5,49.5,-0.49,-0.98%,600
ATEX,2015-04-06,49.75,49.99,47.7,49.99,0.49,+0.99%,5200
ATEX,2015-04-07,49.93,50,49.41,50,0.01,+0.02%,6400
ATEX,2015-04-08,49.05,50,49.05,49.99,-0.01,-0.02%,2200
ATEX,2015-04-09,50,50,49.92,50,0.01,+0.02%,8500
ATEX,2015-04-10,50,50,49.91,50,0,0.00%,3000
ATEX,2015-04-13,49.8,50,48.78,48.81,-1.19,-2.38%,11200
ATEX,2015-04-14,48.9,49,48.14,48.99,0.18,+0.37%,7900
ATEX,2015-04-15,48.66,49.99,48.66,49.99,1,+2.04%,7500
ATEX,2015-04-16,49.12,50.75,49,50,0.01,+0.02%,16500
ATEX,2015-04-17,49.98,49.98,48.8,49.5,-0.5,-1.00%,18900
ATEX,2015-04-20,49.89,49.93,49.3,49.8,0.3,+0.61%,20300
ATEX,2015-04-21,49.8,51.8,49.59,50.27,0.47,+0.94%,17800
ATEX,2015-04-22,49.9,50.27,49.76,50.06,-0.21,-0.42%,9600
ATEX,2015-04-23,50.15,50.98,49.27,50.68,0.62,+1.24%,10600
ATEX,2015-04-24,49.97,56,48.81,52.96,2.28,+4.50%,6600
ATEX,2015-04-27,50.9,50.97,50.23,50.23,-2.73,-5.15%,16800
ATEX,2015-04-28,49.4,49.86,49,49.41,-0.82,-1.63%,5600
ATEX,2015-04-29,49.41,49.49,48.81,49.2,-0.21,-0.43%,4000
ATEX,2015-04-30,48.81,49.5,48.81,49.44,0.24,+0.49%,7400
ATEX,2015-05-01,49.5,49.5,49.16,49.16,-0.28,-0.57%,2600
ATEX,2015-05-04,49,49.5,48.95,49.5,0.34,+0.69%,98300
ATEX,2015-05-05,49.5,51.2,49.12,50,0.5,+1.01%,21400
ATEX,2015-05-06,50.22,50.22,48.82,50,0,0.00%,12100
ATEX,2015-05-07,49.7,50,49.35,49.35,-0.65,-1.30%,27300
ATEX,2015-05-08,49.9,49.9,48.01,48.39,-0.96,-1.95%,17600
ATEX,2015-05-11,48,48,43.12,43.88,-4.51,-9.32%,65600
ATEX,2015-05-12,42.57,43.01,41.26,41.45,-2.43,-5.54%,105500
ATEX,2015-05-13,41.5,44.27,40.92,44.11,2.66,+6.42%,404200
ATEX,2015-05-14,42.66,44.68,42.66,44.51,0.4,+0.91%,64400
ATEX,2015-05-15,43.1,45.49,43.05,44.98,0.47,+1.06%,58100
ATEX,2015-05-18,45.01,45.57,44.17,45.26,0.28,+0.62%,37100
ATEX,2015-05-19,45.5,45.5,44.9,45.5,0.24,+0.53%,32400
ATEX,2015-05-20,45.52,49.99,45.39,48.78,3.28,+7.21%,117800
ATEX,2015-05-21,48.79,49.74,48.01,48.5,-0.28,-0.57%,56600
ATEX,2015-05-22,48.5,48.99,47.6,47.6,-0.9,-1.86%,48000
ATEX,2015-05-26,48.26,48.26,47.15,47.6,0,0.00%,32800
ATEX,2015-05-27,48,48,46.76,46.83,-0.77,-1.62%,64500
ATEX,2015-05-28,46.59,47.52,46.59,46.92,0.09,+0.19%,37800
ATEX,2015-05-29,46.66,47.5,46.66,47.34,0.42,+0.90%,52900
ATEX,2015-06-01,46.98,48.02,46.98,47.57,0.23,+0.49%,40400
ATEX,2015-06-02,47.64,47.64,46.88,47.29,-0.28,-0.59%,41200
ATEX,2015-06-03,47.25,47.62,46.82,47.1,-0.19,-0.40%,34600
ATEX,2015-06-04,47.36,47.81,47.01,47.11,0.01,+0.02%,26800
ATEX,2015-06-05,46.86,47.56,46.73,47.49,0.38,+0.81%,21500
ATEX,2015-06-08,47.21,47.51,46.41,47.3,-0.19,-0.40%,26400
ATEX,2015-06-09,47,47.42,46.16,46.36,-0.94,-1.99%,30200
ATEX,2015-06-10,47,47.01,43,45.03,-1.33,-2.87%,83400
ATEX,2015-06-11,45.35,45.35,44.01,44.1,-0.93,-2.07%,36500
ATEX,2015-06-12,44.71,45,43.95,44.25,0.15,+0.34%,48100
ATEX,2015-06-15,43.85,44.96,43.68,44.42,0.17,+0.38%,52300
ATEX,2015-06-16,44.36,44.98,43.42,44.25,-0.17,-0.38%,55300
ATEX,2015-06-17,44.75,45.99,43.87,44.97,0.72,+1.63%,92200
ATEX,2015-06-18,45.25,45.27,43.67,45.24,0.27,+0.60%,77400
ATEX,2015-06-19,44.85,45.63,43.63,43.85,-1.39,-3.07%,164800
ATEX,2015-06-22,44.4,44.56,42.47,43.03,-0.82,-1.87%,100300
ATEX,2015-06-23,43.73,44.6,41.92,42.5,-0.53,-1.23%,113000
ATEX,2015-06-24,43.92,43.95,40.84,42.52,0.02,+0.05%,99100
ATEX,2015-06-25,42.26,43.69,41.79,43.41,0.89,+2.09%,102500
ATEX,2015-06-26,43.99,44.71,41.5,42.84,-0.57,-1.31%,1839800
ATEX,2015-06-29,41.29,43.81,41.05,43.43,0.59,+1.38%,104800
ATEX,2015-06-30,43.92,44,41.39,42.13,-1.3,-2.99%,57200
ATEX,2015-07-01,43.16,43.16,39.72,40.3,-1.83,-4.34%,87300
ATEX,2015-07-02,40.65,41.32,38.53,38.8,-1.5,-3.72%,101100
ATEX,2015-07-06,38.11,39.56,36.33,37.8,-1.,-2.58%,87800
ATEX,2015-07-07,37.16,38.2,36.02,36.3,-1.5,-3.97%,96900
ATEX,2015-07-08,36.14,39.61,35.94,38.44,2.14,+5.90%,142900
ATEX,2015-07-09,38.58,38.85,35.8,36.94,-1.5,-3.90%,75900
ATEX,2015-07-10,37.31,38.21,35.64,37.42,0.48,+1.30%,60300
ATEX,2015-07-13,37.96,38.27,35.95,36.79,-0.63,-1.68%,65100
ATEX,2015-07-14,36.55,38.5,35.9,37.13,0.34,+0.92%,77200
ATEX,2015-07-15,37.19,37.2,35.56,36.24,-0.89,-2.40%,111000
ATEX,2015-07-16,36.3,37.44,35.95,36.21,-0.03,-0.08%,79500
ATEX,2015-07-17,36.11,38,35.81,36.93,0.72,+1.99%,67300
ATEX,2015-07-20,36.96,38.91,36.96,38.27,1.34,+3.63%,124600
ATEX,2015-07-21,38,38.4,35.22,36.22,-2.05,-5.36%,103700
ATEX,2015-07-22,36.09,37.2,34.09,35.02,-1.2,-3.31%,115000
ATEX,2015-07-23,35.21,36.31,33.5,34.1,-0.92,-2.63%,68500
ATEX,2015-07-24,34.07,34.15,32.02,34.13,0.03,+0.09%,107200
ATEX,2015-07-27,33.68,33.99,31.3,31.67,-2.46,-7.21%,107700
ATEX,2015-07-28,31.71,34.43,29.9,30.42,-1.25,-3.95%,120600
ATEX,2015-07-29,30.51,32.49,28.97,30.1,-0.32,-1.05%,162200
ATEX,2015-07-30,29.87,32.84,29.19,30.04,-0.06,-0.20%,78400
ATEX,2015-07-31,29.96,30.1,28.77,29.24,-0.8,-2.66%,145300
ATEX,2015-08-03,29.07,30,26.85,28.8,-0.44,-1.50%,95900
ATEX,2015-08-04,28.65,29.25,28.5,28.75,-0.05,-0.17%,57800
ATEX,2015-08-05,28.56,29.16,27.38,28.37,-0.38,-1.32%,118700
ATEX,2015-08-06,28.23,28.75,27.55,28.05,-0.32,-1.13%,91500
ATEX,2015-08-07,27.7,28.5,26.3,28,-0.05,-0.18%,147600
ATEX,2015-08-10,27.88,27.9,25.07,26.32,-1.68,-6.00%,148500
ATEX,2015-08-11,26.26,27.61,26.01,26.59,0.27,+1.03%,49700
ATEX,2015-08-12,26.6,30.09,26.4,30.08,3.49,+13.13%,251700
ATEX,2015-08-13,29.79,33.48,29.19,31.98,1.9,+6.32%,296200
ATEX,2015-08-14,32.44,34.85,30.7,34.13,2.15,+6.72%,265800
ATEX,2015-08-17,33.98,35.14,33.28,34.07,-0.06,-0.18%,195400
ATEX,2015-08-18,34.74,34.75,32.86,33.27,-0.8,-2.35%,395900
ATEX,2015-08-19,33.41,33.41,31.9,32.25,-1.02,-3.07%,98700
ATEX,2015-08-20,31.99,32.6,31.76,31.77,-0.48,-1.49%,98200
ATEX,2015-08-21,31.28,33.2,31.28,31.51,-0.26,-0.82%,64900
ATEX,2015-08-24,32.3,32.3,30.25,30.69,-0.82,-2.60%,39300
ATEX,2015-08-25,31.93,31.93,29.82,30.9,0.21,+0.68%,89700
ATEX,2015-08-26,31.96,35,31.23,31.65,0.75,+2.43%,70300
ATEX,2015-08-27,32,33.5,30.74,31.73,0.08,+0.25%,77200
ATEX,2015-08-28,31.39,33.12,31.24,31.61,-0.12,-0.38%,31000
ATEX,2015-08-31,31.34,32.6,31.12,31.97,0.36,+1.14%,53800
ATEX,2015-09-01,31.53,33.15,31.45,32.09,0.12,+0.38%,83600
ATEX,2015-09-02,32.34,32.61,32.04,32.35,0.26,+0.81%,29100
ATEX,2015-09-03,32.2,32.67,31.46,31.75,-0.6,-1.85%,33200
ATEX,2015-09-04,31.44,32.99,31.18,32.5,0.75,+2.36%,56400
ATEX,2015-09-08,33.1,34.67,32.56,34,1.5,+4.62%,72900
ATEX,2015-09-09,34.1,35,33.28,33.79,-0.21,-0.62%,110000
ATEX,2015-09-10,33.95,35.15,32.42,32.71,-1.08,-3.20%,62800
ATEX,2015-09-11,32.63,33.57,31.45,32.13,-0.58,-1.77%,54600
ATEX,2015-09-14,32.45,33.02,31.7,31.88,-0.25,-0.78%,69000
ATEX,2015-09-15,32.92,33.18,31.89,32.89,1.01,+3.17%,39400
ATEX,2015-09-16,32.52,33.62,32.12,32.49,-0.4,-1.22%,13200
ATEX,2015-09-17,32.69,33.68,31.79,32,-0.49,-1.51%,78400
ATEX,2015-09-18,31.37,33.85,31.37,32.89,0.89,+2.78%,122800
ATEX,2015-09-21,32.77,33.96,32,32.9,0.01,+0.03%,32400
ATEX,2015-09-22,32.74,32.74,31.42,32.02,-0.88,-2.67%,54900
ATEX,2015-09-23,32.12,32.61,31.72,32.22,0.2,+0.62%,99100
ATEX,2015-09-24,32.16,34.06,31.53,32.06,-0.16,-0.50%,43800
ATEX,2015-09-25,32.43,32.43,31.2,31.43,-0.63,-1.97%,145700
ATEX,2015-09-28,31.49,31.83,30.33,30.61,-0.82,-2.61%,50600
ATEX,2015-09-29,30.94,30.94,28.9,29.55,-1.06,-3.46%,54300
ATEX,2015-09-30,29.77,30.33,28.64,29.9,0.35,+1.18%,82700
ATEX,2015-10-01,29.82,31.03,28.53,29.04,-0.86,-2.88%,46500
ATEX,2015-10-02,28.96,29.15,28.02,28.94,-0.1,-0.34%,64800
ATEX,2015-10-05,28.72,30.29,28.72,30.08,1.14,+3.94%,44400
ATEX,2015-10-06,29.5,30.41,29.47,29.94,-0.14,-0.47%,29700
ATEX,2015-10-07,29.99,30.55,29.92,30.5,0.56,+1.87%,51200
ATEX,2015-10-08,30.59,30.85,29.61,30.69,0.19,+0.62%,40300
ATEX,2015-10-09,30.81,31.42,29.7,31.18,0.49,+1.60%,22600
ATEX,2015-10-12,31.05,31.11,29.92,31.02,-0.16,-0.51%,20100
ATEX,2015-10-13,31.03,31.83,30.14,30.28,-0.74,-2.39%,55200
ATEX,2015-10-14,30.47,30.7,29.1,29.47,-0.81,-2.68%,28600
ATEX,2015-10-15,29.57,30.29,28.65,29.5,0.03,+0.10%,66600
ATEX,2015-10-16,29.44,29.8,28.8,29.15,-0.35,-1.19%,51800
ATEX,2015-10-19,29.66,29.66,28.3,28.72,-0.43,-1.48%,39000
ATEX,2015-10-20,28.66,28.98,28.43,28.93,0.21,+0.73%,23200
ATEX,2015-10-21,29.03,29.24,28.04,28.05,-0.88,-3.04%,26200
ATEX,2015-10-22,28.07,29.08,28.02,28.53,0.48,+1.71%,42000
ATEX,2015-10-23,29,29,27.81,28.02,-0.51,-1.79%,92900
ATEX,2015-10-26,28.06,28.11,26.2,27.52,-0.5,-1.78%,63200
ATEX,2015-10-27,27.44,27.44,25.71,26.54,-0.98,-3.56%,124700
ATEX,2015-10-28,26.64,29.8,26.64,29.25,2.71,+10.21%,65200
ATEX,2015-10-29,28.96,28.96,27.7,28.41,-0.84,-2.87%,43200
ATEX,2015-10-30,28.28,28.28,26.64,28.02,-0.39,-1.37%,49900
ATEX,2015-11-02,28.01,29.68,27.52,28.54,0.52,+1.86%,47000
ATEX,2015-11-03,28.34,28.69,27.95,28.52,-0.02,-0.07%,42300
ATEX,2015-11-04,28.59,28.74,27.79,28.49,-0.03,-0.11%,45900
ATEX,2015-11-05,28.55,28.67,27.99,28.51,0.02,+0.07%,23600
ATEX,2015-11-06,28.32,29,27.52,28.15,-0.36,-1.26%,28600
ATEX,2015-11-09,28.27,28.28,27.51,28.19,0.04,+0.14%,19000
ATEX,2015-11-10,27.97,28.12,27.51,27.9,-0.29,-1.03%,24700
ATEX,2015-11-11,27.85,27.9,25.01,27.08,-0.82,-2.94%,23500
ATEX,2015-11-12,26.77,26.77,25.59,25.83,-1.25,-4.62%,53600
ATEX,2015-11-13,25.67,25.83,24.18,24.28,-1.55,-6.00%,53900
ATEX,2015-11-16,24.3,25.3,23.35,24.4,0.12,+0.49%,48900
ATEX,2015-11-17,24.55,24.55,22.86,22.96,-1.44,-5.90%,64100
ATEX,2015-11-18,23.8,23.87,22.9,23.15,0.19,+0.83%,44600
ATEX,2015-11-19,23.28,24.02,22.27,23.1,-0.05,-0.22%,47900
ATEX,2015-11-20,23.34,23.43,22.84,23.09,-0.01,-0.04%,68100
ATEX,2015-11-23,23.02,24.9,23.02,23.63,0.54,+2.34%,84100
ATEX,2015-11-24,23.42,23.99,23.35,23.6,-0.03,-0.13%,53700
ATEX,2015-11-25,25.08,25.96,23.77,25.03,1.43,+6.06%,50700
ATEX,2015-11-27,24.92,26.31,24.69,25.63,0.6,+2.40%,51800
ATEX,2015-11-30,25.5,26.5,24.33,26.45,0.82,+3.20%,279400
ATEX,2015-12-01,26.31,26.52,25.46,26.27,-0.18,-0.68%,56700
ATEX,2015-12-02,26.26,27.4,25.9,26.36,0.09,+0.34%,60400
ATEX,2015-12-03,26.72,26.91,25.35,25.75,-0.61,-2.31%,66100
ATEX,2015-12-04,25.66,26,24.48,24.99,-0.76,-2.95%,77500
ATEX,2015-12-07,24.89,24.9,23.34,24.43,-0.56,-2.24%,99500
ATEX,2015-12-08,24.53,25.02,23.99,24.97,0.54,+2.21%,107800
ATEX,2015-12-09,24.9,25.2,23.24,24.94,-0.03,-0.12%,145900
ATEX,2015-12-10,24.87,27.06,23.99,27.02,2.08,+8.34%,277700
ATEX,2015-12-11,26.47,27.65,25.79,26.28,-0.74,-2.74%,51700
ATEX,2015-12-14,24.8,26.4,24.7,25.31,-0.97,-3.69%,71400
ATEX,2015-12-15,25.69,26.35,25.44,26.26,0.95,+3.75%,34500
ATEX,2015-12-16,26.51,27.73,25.36,27.69,1.43,+5.45%,39300
ATEX,2015-12-17,27.66,28.4,27.34,27.53,-0.16,-0.58%,99900
ATEX,2015-12-18,27.57,28.17,26.61,27.52,-0.01,-0.04%,143300
ATEX,2015-12-21,27.46,28.74,27.22,27.47,-0.05,-0.18%,104400
ATEX,2015-12-22,27.44,27.5,26.74,27.09,-0.38,-1.38%,70800
ATEX,2015-12-23,27.34,28.51,27,28.51,1.42,+5.24%,41900
ATEX,2015-12-24,28.51,30.76,28.51,29.77,1.26,+4.42%,51500
ATEX,2015-12-28,30,31.29,28.38,28.68,-1.09,-3.66%,43500
ATEX,2015-12-29,28.83,31.28,28.06,28.94,0.26,+0.91%,42900
ATEX,2015-12-30,28.94,31.59,28.21,28.67,-0.27,-0.93%,68100
ATEX,2015-12-31,28.63,29.56,27.32,27.5,-1.17,-4.08%,51300
ATEX,2016-01-04,26.96,27.02,25.43,26.71,-0.79,-2.87%,79000
ATEX,2016-01-05,26.92,27.1,26.38,26.74,0.03,+0.11%,39600
ATEX,2016-01-06,26.27,27.48,26.19,26.92,0.18,+0.67%,51100
ATEX,2016-01-07,26.33,27.39,25.59,26.06,-0.86,-3.19%,52300
ATEX,2016-01-08,26.01,26.68,25.55,25.86,-0.2,-0.77%,62100
ATEX,2016-01-11,25.9,25.9,25.09,25.64,-0.22,-0.85%,82200
ATEX,2016-01-12,25.77,26.5,25.31,25.99,0.35,+1.37%,79600
ATEX,2016-01-13,26.17,26.56,25.51,25.81,-0.18,-0.69%,63100
ATEX,2016-01-14,26.14,26.23,25.47,25.92,0.11,+0.43%,61300
ATEX,2016-01-15,25.42,26.08,24.99,25.63,-0.29,-1.12%,92000
ATEX,2016-01-19,25.91,26.3,24.38,25.26,-0.37,-1.44%,121400
ATEX,2016-01-20,24.85,25.79,24.74,25.34,0.08,+0.32%,143200
ATEX,2016-01-21,25.21,26.44,25.04,25.29,-0.05,-0.20%,38100
ATEX,2016-01-22,25.71,26.02,24.67,25.34,0.05,+0.20%,36000
ATEX,2016-01-25,25.05,25.95,24.33,25,-0.34,-1.34%,91600
ATEX,2016-01-26,25.24,25.24,24.26,24.58,-0.42,-1.68%,33900
ATEX,2016-01-27,24.98,25.38,23.58,23.79,-0.79,-3.21%,63900
ATEX,2016-01-28,23.12,24.64,23.12,23.7,-0.09,-0.38%,31900
ATEX,2016-01-29,23.74,24.82,23.49,24.07,0.37,+1.56%,57200
ATEX,2016-02-01,23.95,24.62,22.61,22.86,-1.21,-5.03%,76300
ATEX,2016-02-02,22.69,22.96,21.58,22.22,-0.64,-2.80%,75000
ATEX,2016-02-03,22.25,22.51,21.11,22.19,-0.03,-0.14%,19900
ATEX,2016-02-04,21.99,23.01,21.99,22.81,0.62,+2.79%,21100
ATEX,2016-02-05,22.57,23.31,22.33,22.45,-0.36,-1.58%,42800
ATEX,2016-02-08,21.78,22.72,21.01,22.35,-0.1,-0.45%,27100
ATEX,2016-02-09,21.96,22.77,21.89,22.27,-0.08,-0.36%,50800
ATEX,2016-02-10,22.3,22.76,21.57,21.66,-0.61,-2.74%,28000
ATEX,2016-02-11,21.29,24.86,21.29,24.4,2.74,+12.65%,60600
ATEX,2016-02-12,24.73,25.02,23.84,24.3,-0.1,-0.41%,31500
ATEX,2016-02-16,24.72,24.72,23.41,23.95,-0.35,-1.44%,45000
ATEX,2016-02-17,23.86,25.15,22.1,23.93,-0.02,-0.08%,77400
ATEX,2016-02-18,24.05,24.42,23.67,23.99,0.06,+0.25%,45800
ATEX,2016-02-19,24.01,24.39,23.35,23.97,-0.02,-0.08%,89700
ATEX,2016-02-22,24.01,26.19,24.01,24.85,0.88,+3.67%,41600
ATEX,2016-02-23,24.95,25.91,24.27,24.45,-0.4,-1.61%,39300
ATEX,2016-02-24,24.39,24.81,23.45,24.51,0.06,+0.25%,25800
ATEX,2016-02-25,24.42,25.2,24.08,24.86,0.35,+1.43%,30800
ATEX,2016-02-26,24.77,26.33,24.36,25.75,0.89,+3.58%,31300
ATEX,2016-02-29,25.79,28.92,25.68,28.4,2.65,+10.29%,211000
ATEX,2016-03-01,28.19,28.65,27.05,27.84,-0.56,-1.97%,79400
ATEX,2016-03-02,28.01,28.3,27.87,28.17,0.33,+1.19%,48400
ATEX,2016-03-03,28.49,28.68,27.95,28.31,0.14,+0.50%,36500
ATEX,2016-03-04,28.46,28.89,27.48,27.69,-0.62,-2.19%,28600
ATEX,2016-03-07,27.42,28.89,26.64,28.5,0.81,+2.93%,100500
ATEX,2016-03-08,28.26,29.05,27.4,27.98,-0.52,-1.82%,56400
ATEX,2016-03-09,28.23,28.91,26.81,27.87,-0.11,-0.39%,25200
ATEX,2016-03-10,27.96,28.7,27.34,27.64,-0.23,-0.83%,54300
ATEX,2016-03-11,27.89,29.05,27.25,28.97,1.33,+4.81%,42200
ATEX,2016-03-14,28.57,29.23,28.5,28.97,0,0.00%,50600
ATEX,2016-03-15,29.1,29.93,28.81,28.84,-0.13,-0.45%,26800
ATEX,2016-03-16,28.92,29.32,28.35,29.28,0.44,+1.53%,45100
ATEX,2016-03-17,28.88,30.43,28.8,30.01,0.73,+2.49%,48000
ATEX,2016-03-18,30.38,31.77,28.89,30.69,0.68,+2.27%,99900
ATEX,2016-03-21,30.85,31.6,29.6,29.85,-0.84,-2.74%,24500
ATEX,2016-03-22,29.67,30.22,29.22,29.67,-0.18,-0.60%,34100
ATEX,2016-03-23,29.77,30.87,29.33,30.17,0.5,+1.69%,66200
ATEX,2016-03-24,29.99,30.2,29.41,29.88,-0.29,-0.96%,38600
ATEX,2016-03-28,29.8,30.57,29.26,30.51,0.63,+2.11%,30000
ATEX,2016-03-29,30.64,33.37,29.7,33.35,2.84,+9.31%,42400
ATEX,2016-03-30,33.5,34.22,33.5,33.74,0.39,+1.17%,146100
ATEX,2016-03-31,34,34.66,33.8,34.34,0.6,+1.78%,45100
ATEX,2016-04-01,34.37,36.56,33.5,35.73,1.39,+4.05%,59100
ATEX,2016-04-04,35.8,37.28,35.49,36.58,0.85,+2.38%,102400
ATEX,2016-04-05,36.44,37.29,35.84,36.29,-0.29,-0.79%,81900
ATEX,2016-04-06,36.43,36.84,35.6,36.77,0.48,+1.32%,27400
ATEX,2016-04-07,36.77,37.03,35.98,36.89,0.12,+0.33%,47700
ATEX,2016-04-08,37.35,38.45,36.84,38.38,1.49,+4.04%,27300
ATEX,2016-04-11,38.38,39.36,38,38.88,0.5,+1.30%,56000
ATEX,2016-04-12,38.74,39.2,37.07,37.37,-1.51,-3.88%,61800
ATEX,2016-04-13,37.71,37.85,36.63,37.66,0.29,+0.78%,43100
ATEX,2016-04-14,37.58,38.27,36.92,38.14,0.48,+1.27%,18900
ATEX,2016-04-15,37.95,38.4,37.5,38.12,-0.02,-0.05%,52600
ATEX,2016-04-18,37.85,40.61,37.32,39.93,1.81,+4.75%,83800
ATEX,2016-04-19,40.23,40.97,39.49,39.86,-0.07,-0.18%,107000
ATEX,2016-04-20,39.95,40.15,39.41,39.73,-0.13,-0.33%,50600
ATEX,2016-04-21,40,40.03,39.55,39.85,0.12,+0.30%,61100
ATEX,2016-04-22,40.12,40.42,39.89,40.21,0.36,+0.90%,75100
ATEX,2016-04-25,40.33,41.04,39.66,40.91,0.7,+1.74%,49500
ATEX,2016-04-26,41,41.77,40.74,40.99,0.08,+0.20%,83700
ATEX,2016-04-27,41.06,41.06,39.75,40.57,-0.42,-1.02%,59500
ATEX,2016-04-28,40.67,41.28,40.27,40.47,-0.1,-0.25%,31000
ATEX,2016-04-29,40.58,40.73,39.44,40.38,-0.09,-0.22%,74400
ATEX,2016-05-02,40.69,41.33,40,41.19,0.81,+2.01%,53700
ATEX,2016-05-03,41.21,43.04,39.92,40.01,-1.18,-2.86%,41900
ATEX,2016-05-04,40.05,40.69,38,38.9,-1.11,-2.77%,43200
ATEX,2016-05-05,39.3,39.3,38.04,38.4,-0.5,-1.29%,22700
ATEX,2016-05-06,38.8,39.25,38.2,38.83,0.43,+1.12%,18200
ATEX,2016-05-09,38.7,40.95,38.02,38.41,-0.42,-1.08%,24300
ATEX,2016-05-10,38.3,39.7,38.09,38.1,-0.31,-0.81%,48700
ATEX,2016-05-11,38.01,38.57,36.42,36.77,-1.33,-3.49%,28800
ATEX,2016-05-12,37.4,37.4,35.19,35.66,-1.11,-3.02%,26100
ATEX,2016-05-13,35.67,35.88,34.65,35.2,-0.46,-1.29%,47100
ATEX,2016-05-16,35.33,36.8,35,35.25,0.05,+0.14%,29500
ATEX,2016-05-17,35.01,35.24,32.65,33.23,-2.02,-5.73%,82200
ATEX,2016-05-18,33.23,33.58,32.54,32.78,-0.45,-1.35%,37800
ATEX,2016-05-19,33.55,33.55,31.5,32.03,-0.75,-2.29%,32300
ATEX,2016-05-20,32.24,33.6,32.24,32.96,0.93,+2.90%,28300
ATEX,2016-05-23,34.07,34.07,32.49,33.66,0.7,+2.12%,102100
ATEX,2016-05-24,32.82,34.24,32.74,33.49,-0.17,-0.51%,49600
ATEX,2016-05-25,33.9,34.13,32.99,33.4,-0.09,-0.27%,29700
ATEX,2016-05-26,33.45,33.87,30.74,31.5,-1.9,-5.69%,82000
ATEX,2016-05-27,31.5,31.5,26.65,27,-4.5,-14.29%,247300
ATEX,2016-05-31,27.24,27.24,24.01,24.13,-2.87,-10.63%,320100
ATEX,2016-06-01,23.96,24.42,22.36,23.89,-0.24,-0.99%,1510800
ATEX,2016-06-02,23.91,24.2,22.61,23.45,-0.44,-1.84%,86200
ATEX,2016-06-03,23.16,24.16,20.99,21.72,-1.73,-7.38%,103500
ATEX,2016-06-06,22,22.95,21.43,22.69,0.97,+4.47%,85400
ATEX,2016-06-07,22.72,22.93,22.01,22.5,-0.19,-0.84%,73400
ATEX,2016-06-08,22.33,22.66,21.85,22.3,-0.2,-0.89%,49100
ATEX,2016-06-09,22.12,22.7,21.03,21.08,-1.22,-5.47%,39500
ATEX,2016-06-10,21.08,21.99,20.72,20.92,-0.16,-0.76%,80100
ATEX,2016-06-13,20.79,21.06,19.15,19.27,-1.65,-7.89%,179600
ATEX,2016-06-14,19.18,21,18.6,19.25,-0.02,-0.10%,286800
ATEX,2016-06-15,19.29,19.83,19.01,19.63,0.38,+1.97%,110800
ATEX,2016-06-16,19.71,21.48,19.71,20.95,1.32,+6.72%,132700
ATEX,2016-06-17,21.05,22.31,21.05,21.15,0.2,+0.95%,221700
ATEX,2016-06-20,22,22.28,20.7,21.96,0.81,+3.83%,115700
ATEX,2016-06-21,22.06,22.33,21.6,22.17,0.21,+0.96%,109500
ATEX,2016-06-22,22.4,22.42,21.47,22.2,0.03,+0.14%,87000
ATEX,2016-06-23,22.49,22.49,21.73,22.1,-0.1,-0.45%,61900
ATEX,2016-06-24,21.42,21.88,20.38,21.59,-0.51,-2.31%,521600
ATEX,2016-06-27,21.51,21.81,19.64,20.04,-1.55,-7.18%,166600
ATEX,2016-06-28,20.21,20.29,19.27,19.8,-0.24,-1.20%,66100
ATEX,2016-06-29,19.89,21.32,19.52,21.23,1.43,+7.22%,64400
ATEX,2016-06-30,21.44,21.49,20.71,21.39,0.16,+0.75%,94700
ATEX,2016-07-01,21.51,22.06,20.51,21.81,0.42,+1.96%,52400
ATEX,2016-07-05,21.62,22.47,20.98,21.3,-0.51,-2.34%,51300
ATEX,2016-07-06,21.42,22.22,20.43,21.99,0.69,+3.24%,66700
ATEX,2016-07-07,19.98,22.44,19.98,22.41,0.42,+1.91%,70500
ATEX,2016-07-08,22.52,23.75,22.52,23.67,1.26,+5.62%,55000
ATEX,2016-07-11,23.82,24.41,23.37,23.97,0.3,+1.27%,74800
ATEX,2016-07-12,24.21,24.83,23.92,24.12,0.15,+0.63%,54000
ATEX,2016-07-13,24.37,24.39,23.63,23.86,-0.26,-1.08%,49400
ATEX,2016-07-14,24.15,24.15,23.03,23.2,-0.66,-2.77%,42900
ATEX,2016-07-15,23.42,23.8,22.82,22.97,-0.23,-0.99%,67400
ATEX,2016-07-18,23.04,24.05,22.82,23.49,0.52,+2.26%,40900
ATEX,2016-07-19,23.41,23.47,22.57,22.96,-0.53,-2.26%,28400
ATEX,2016-07-20,23.15,23.5,22.86,23,0.04,+0.17%,46600
ATEX,2016-07-21,22.87,23.15,22.32,22.45,-0.55,-2.39%,87200
ATEX,2016-07-22,22.41,22.67,22.04,22.26,-0.19,-0.85%,33100
ATEX,2016-07-25,22.27,22.31,21.48,21.85,-0.41,-1.84%,61200
ATEX,2016-07-26,21.49,22.05,21.49,22.04,0.19,+0.87%,25200
ATEX,2016-07-27,21.65,22.74,21.65,22.49,0.45,+2.04%,49300
ATEX,2016-07-28,22.38,22.96,21.9,22.1,-0.39,-1.73%,22300
ATEX,2016-07-29,22.01,22.01,21.03,21.5,-0.6,-2.71%,71900
ATEX,2016-08-01,21.4,21.4,20.33,21.06,-0.44,-2.05%,40500
ATEX,2016-08-02,21.07,21.25,19.8,20.08,-0.98,-4.65%,46000
ATEX,2016-08-03,20.15,20.72,19.91,20.65,0.57,+2.84%,17300
ATEX,2016-08-04,20.68,21.65,20.6,21.47,0.82,+3.97%,21900
ATEX,2016-08-05,21.53,22.29,21.4,22.12,0.65,+3.03%,46200
ATEX,2016-08-08,22.1,22.1,21.56,21.7,-0.42,-1.90%,15400
ATEX,2016-08-09,21.51,22.11,21.51,21.98,0.28,+1.29%,35700
ATEX,2016-08-10,20.3,21.59,19.28,20.92,-1.06,-4.82%,61100
ATEX,2016-08-11,20.79,21.72,19.88,21.43,0.51,+2.44%,16300
ATEX,2016-08-12,21.34,21.43,20.02,20.22,-1.21,-5.65%,41600
ATEX,2016-08-15,19.92,20.54,19.92,20.07,-0.15,-0.74%,34500
ATEX,2016-08-16,20.04,20.58,19.89,20.39,0.32,+1.59%,39700
ATEX,2016-08-17,20.37,21.42,20,21.32,0.93,+4.56%,23400
ATEX,2016-08-18,21.22,21.23,20.34,21.2,-0.12,-0.56%,25100
ATEX,2016-08-19,21.24,22.05,20.75,21.85,0.65,+3.07%,33600
ATEX,2016-08-22,21.69,23.08,21.53,22.95,1.1,+5.03%,55600
ATEX,2016-08-23,23.1,23.49,22.34,23.44,0.49,+2.14%,73800
ATEX,2016-08-24,23.5,23.58,23.02,23.37,-0.07,-0.30%,61200
ATEX,2016-08-25,23.46,23.8,22.44,23.66,0.29,+1.24%,41900
ATEX,2016-08-26,23.5,24.66,23.4,24.28,0.62,+2.62%,115500
ATEX,2016-08-29,24.28,24.85,24.21,24.54,0.26,+1.07%,117400
ATEX,2016-08-30,24.38,25.65,24.38,25.47,0.93,+3.79%,163200
ATEX,2016-08-31,25.35,25.97,24.75,25.59,0.12,+0.47%,198600
ATEX,2016-09-01,25.38,25.38,23.5,24.03,-1.56,-6.10%,68100
ATEX,2016-09-02,24.06,24.3,23.66,24.2,0.17,+0.71%,23000
ATEX,2016-09-06,24.2,24.2,22.56,22.71,-1.49,-6.16%,33600
ATEX,2016-09-07,23,23.86,21.61,22.03,-0.68,-2.99%,72900
ATEX,2016-09-08,21.77,22.09,21.58,21.84,-0.19,-0.86%,29700
ATEX,2016-09-09,21.92,21.92,20.7,20.75,-1.09,-4.99%,54500
ATEX,2016-09-12,20.92,21.49,20.92,21.35,0.6,+2.89%,47300
ATEX,2016-09-13,21,21.32,20.37,20.66,-0.69,-3.23%,43400
ATEX,2016-09-14,20.5,21.15,20.3,20.82,0.16,+0.77%,37200
ATEX,2016-09-15,20.8,21.42,20.52,20.92,0.1,+0.48%,28000
ATEX,2016-09-16,21.03,21.48,20.63,21.32,0.4,+1.91%,113500
ATEX,2016-09-19,21.27,21.94,21.27,21.7,0.38,+1.78%,34200
ATEX,2016-09-20,21.96,22.03,21.6,21.75,0.05,+0.23%,31700
ATEX,2016-09-21,21.82,22.9,21.66,22.03,0.28,+1.29%,35500
ATEX,2016-09-22,21.94,22.35,21.92,22.03,0,0.00%,30500
ATEX,2016-09-23,21.75,22.7,21.74,22.26,0.23,+1.04%,28600
ATEX,2016-09-26,21.08,22.79,21.08,22.55,0.29,+1.30%,35700
ATEX,2016-09-27,22.69,25.43,22.58,24.76,2.21,+9.80%,131600
ATEX,2016-09-28,24.86,25,23.09,23.51,-1.25,-5.05%,40300
ATEX,2016-09-29,23.59,23.59,21.74,22.72,-0.79,-3.36%,24000
ATEX,2016-09-30,22.91,23.67,22.73,22.9,0.18,+0.79%,48700
ATEX,2016-10-03,22.64,24.44,22.53,24.03,1.13,+4.93%,77300
ATEX,2016-10-04,24.07,24.1,23.6,24.06,0.03,+0.12%,28800
ATEX,2016-10-05,24.01,24.47,22.83,23.81,-0.25,-1.04%,32600
ATEX,2016-10-06,24.05,24.09,23.22,23.99,0.18,+0.76%,25800
ATEX,2016-10-07,23.89,24.36,23.57,23.71,-0.28,-1.17%,26900
ATEX,2016-10-10,23.92,24.94,23.39,24.89,1.18,+4.98%,43100
ATEX,2016-10-11,24.6,26.13,24.33,25.76,0.87,+3.50%,59900
ATEX,2016-10-12,25.99,27.45,25.31,27.27,1.51,+5.86%,64600
ATEX,2016-10-13,27.52,27.52,25.11,25.23,-2.04,-7.48%,44300
ATEX,2016-10-14,25.52,26.58,24.79,24.83,-0.4,-1.59%,27200
ATEX,2016-10-17,25.55,26.1,23.8,24.95,0.12,+0.48%,26100
ATEX,2016-10-18,25.45,26.55,24.95,25.8,0.85,+3.41%,42600
ATEX,2016-10-19,25.45,26.2,25.45,25.75,-0.05,-0.19%,25400
ATEX,2016-10-20,26,26,25.05,25.8,0.05,+0.19%,27200
ATEX,2016-10-21,25.4,25.6,24.58,25,-0.8,-3.10%,16000
ATEX,2016-10-24,25.45,25.73,25.05,25.45,0.45,+1.80%,36700
ATEX,2016-10-25,25.35,25.35,24.3,24.3,-1.15,-4.52%,23600
ATEX,2016-10-26,25,25.1,23.95,24.8,0.5,+2.06%,42100
ATEX,2016-10-27,24.85,25.1,23.9,23.95,-0.85,-3.43%,15600
ATEX,2016-10-28,23.85,24.25,23.8,24.1,0.15,+0.63%,18800
ATEX,2016-10-31,23.95,23.95,23.15,23.6,-0.5,-2.07%,19700
ATEX,2016-11-01,23.5,25.52,23.1,23.2,-0.4,-1.69%,39200
ATEX,2016-11-02,23.35,23.4,22.1,23,-0.2,-0.86%,47400
ATEX,2016-11-03,23.7,23.9,22.25,22.8,-0.2,-0.87%,39800
ATEX,2016-11-04,22.05,22.4,21.65,21.9,-0.9,-3.95%,46500
ATEX,2016-11-07,22.6,22.6,21.5,22.25,0.35,+1.60%,105900
ATEX,2016-11-08,22.25,23.4,21.7,23.2,0.95,+4.27%,44500
ATEX,2016-11-09,22.55,23,21.6,22.9,-0.3,-1.29%,54500
ATEX,2016-11-10,23.05,23.48,21.75,22.5,-0.4,-1.75%,61200
ATEX,2016-11-11,22.65,24.35,22.65,24.15,1.65,+7.33%,78700
ATEX,2016-11-14,24.4,24.8,24.15,24.5,0.35,+1.45%,56600
ATEX,2016-11-15,24.7,24.7,23.7,24.4,-0.1,-0.41%,22900
ATEX,2016-11-16,24.42,24.9,22.65,24.5,0.1,+0.41%,31400
ATEX,2016-11-17,24.7,25.1,24.25,24.8,0.3,+1.22%,32500
ATEX,2016-11-18,24.85,25.05,24.35,25,0.2,+0.81%,37200
ATEX,2016-11-21,24.95,25.7,24.7,25.35,0.35,+1.40%,29600
ATEX,2016-11-22,25.25,25.52,24.65,25.1,-0.25,-0.99%,22100
ATEX,2016-11-23,24.75,25.2,24.35,24.55,-0.55,-2.19%,29500
ATEX,2016-11-25,24.75,25.35,24.75,25.15,0.6,+2.44%,9500
ATEX,2016-11-28,24.95,25.2,24.55,24.9,-0.25,-0.99%,18700
ATEX,2016-11-29,24.85,25.1,24.4,24.5,-0.4,-1.61%,20300
ATEX,2016-11-30,24.6,25.05,23.55,23.6,-0.9,-3.67%,39300
ATEX,2016-12-01,23.5,23.95,22.1,22.35,-1.25,-5.30%,30200
ATEX,2016-12-02,22.4,23.25,22.4,23.1,0.75,+3.36%,13700
ATEX,2016-12-05,23.5,23.98,23.05,23.25,0.15,+0.65%,27700
ATEX,2016-12-06,23.35,23.5,23.1,23.2,-0.05,-0.22%,30200
ATEX,2016-12-07,23.35,23.5,23.05,23.2,0,0.00%,33400
ATEX,2016-12-08,23.27,24,23,23.9,0.7,+3.02%,38200
ATEX,2016-12-09,23.95,24.92,23.95,24.2,0.3,+1.26%,30300
ATEX,2016-12-12,23.79,24.75,23.55,23.95,-0.25,-1.03%,30100
ATEX,2016-12-13,23.84,24.95,23.84,24.65,0.7,+2.92%,26200
ATEX,2016-12-14,24.5,24.63,23.75,24,-0.65,-2.64%,31000
ATEX,2016-12-15,24.15,24.6,23.95,24.15,0.15,+0.63%,54700
ATEX,2016-12-16,24.2,24.2,23.9,24,-0.15,-0.62%,58400
ATEX,2016-12-19,24.1,24.8,23.85,24.2,0.2,+0.83%,40200
ATEX,2016-12-20,24.45,24.55,23.75,24.05,-0.15,-0.62%,46200
ATEX,2016-12-21,24,24.45,23.35,23.45,-0.6,-2.49%,18600
ATEX,2016-12-22,23.25,23.6,22.6,22.75,-0.7,-2.99%,11600
ATEX,2016-12-23,22.8,23.45,22.7,23.45,0.7,+3.08%,14700
ATEX,2016-12-27,23.9,25,23.73,24.55,1.1,+4.69%,21200
ATEX,2016-12-28,24.9,24.9,23.95,24.1,-0.45,-1.83%,19200
ATEX,2016-12-29,24.1,24.1,23.5,23.7,-0.4,-1.66%,9300
ATEX,2016-12-30,23.7,23.7,22,22.55,-1.15,-4.85%,14400
ATEX,2017-01-03,23,25.55,22.6,25.3,2.75,+12.20%,65200
ATEX,2017-01-04,25.2,25.7,24.7,25.6,0.3,+1.19%,31500
ATEX,2017-01-05,26.1,26.1,25.14,25.75,0.15,+0.59%,18100
ATEX,2017-01-06,25.85,26.1,25.69,26,0.25,+0.97%,17900
ATEX,2017-01-09,25.8,25.83,24.85,24.85,-1.15,-4.42%,9100
ATEX,2017-01-10,25.2,25.2,24.45,25,0.15,+0.60%,25500
ATEX,2017-01-11,24.63,25.25,24.2,24.9,-0.1,-0.40%,9400
ATEX,2017-01-12,24.7,24.95,24.17,24.65,-0.25,-1.00%,9900
ATEX,2017-01-13,24.85,24.85,24.1,24.3,-0.35,-1.42%,18700
ATEX,2017-01-17,24.6,25.2,24.33,24.75,0.45,+1.85%,31000
ATEX,2017-01-18,25,25,23.2,24.5,-0.25,-1.01%,14500
ATEX,2017-01-19,25.05,25.05,24.25,24.25,-0.25,-1.02%,13900
ATEX,2017-01-20,24.4,25.05,24,24.1,-0.15,-0.62%,18700
ATEX,2017-01-23,24.25,24.75,22.7,22.8,-1.3,-5.39%,37400
ATEX,2017-01-24,22.9,23.5,22.7,23.35,0.55,+2.41%,25300
ATEX,2017-01-25,24.2,24.35,23.34,23.65,0.3,+1.28%,17000
ATEX,2017-01-26,23.45,23.92,22.4,22.7,-0.95,-4.02%,17300
ATEX,2017-01-27,22.65,22.65,21.85,22.05,-0.65,-2.86%,22200
ATEX,2017-01-30,22,22,21.5,21.9,-0.15,-0.68%,22500
ATEX,2017-01-31,21.9,21.9,20.9,21.3,-0.6,-2.74%,34600
ATEX,2017-02-01,22.05,22.2,20.4,20.5,-0.8,-3.76%,32600
ATEX,2017-02-02,20.1,20.8,20.1,20.4,-0.1,-0.49%,24300
ATEX,2017-02-03,20.55,21.55,20.25,21.25,0.85,+4.17%,21900
ATEX,2017-02-06,21.25,21.77,19.8,20.2,-1.05,-4.94%,34800
ATEX,2017-02-07,20.9,21.15,19.6,19.7,-0.5,-2.48%,45500
ATEX,2017-02-08,19.1,21.75,18.7,20.95,1.25,+6.35%,44300
ATEX,2017-02-09,21,21.35,19.8,19.8,-1.15,-5.49%,23400
ATEX,2017-02-10,19.9,21.25,19.9,20.15,0.35,+1.77%,29700
ATEX,2017-02-13,20.2,20.4,20.05,20.15,0,0.00%,14300
ATEX,2017-02-14,20.6,21.05,20.55,20.85,0.7,+3.47%,20300
ATEX,2017-02-15,20.7,21.1,20.7,20.95,0.1,+0.48%,8200
ATEX,2017-02-16,21,21.75,21,21.3,0.35,+1.67%,15000
ATEX,2017-02-17,21.6,22.75,21.35,22.65,1.35,+6.34%,31700
ATEX,2017-02-21,22.65,23.1,22.4,23.05,0.4,+1.77%,13200
ATEX,2017-02-22,23.45,24.08,23.3,23.45,0.4,+1.74%,34900
ATEX,2017-02-23,23.75,24.55,23.25,24.45,1,+4.26%,55900
ATEX,2017-02-24,24.5,27.4,24.5,26.85,2.4,+9.82%,85900
ATEX,2017-02-27,26.65,27.5,26.01,27.15,0.3,+1.12%,93400
ATEX,2017-02-28,27.05,27.15,24.65,25.75,-1.4,-5.16%,218000
ATEX,2017-03-01,26,26,23.7,23.8,-1.95,-7.57%,33100
ATEX,2017-03-02,23.85,24.9,22.5,22.65,-1.15,-4.83%,22400
ATEX,2017-03-03,22.7,22.7,21.55,21.8,-0.85,-3.75%,42400
ATEX,2017-03-06,21.6,22.3,20.55,21.05,-0.75,-3.44%,35400
ATEX,2017-03-07,21.1,21.4,21,21,-0.05,-0.24%,22100
ATEX,2017-03-08,21.15,21.23,20.55,20.95,-0.05,-0.24%,23300
ATEX,2017-03-09,21.15,21.8,21.1,21.45,0.5,+2.39%,14200
ATEX,2017-03-10,21.55,22.4,21.1,21.15,-0.3,-1.40%,30300
ATEX,2017-03-13,21.15,22.3,21.15,22.1,0.95,+4.49%,13700
ATEX,2017-03-14,21.95,22,21,21,-1.1,-4.98%,18000
ATEX,2017-03-15,21.65,21.8,21,21.6,0.6,+2.86%,17300
ATEX,2017-03-16,21.8,22.9,21.7,22.4,0.8,+3.70%,20100
ATEX,2017-03-17,22.4,23.85,22.4,23.75,1.35,+6.03%,44700
ATEX,2017-03-20,23.55,24.05,22.2,22.5,-1.25,-5.26%,30700
ATEX,2017-03-21,22.75,22.75,21.5,21.7,-0.8,-3.56%,14900
ATEX,2017-03-22,21.5,21.65,20,20.85,-0.85,-3.92%,46200
ATEX,2017-03-23,20.8,21.4,20.8,20.95,0.1,+0.48%,28100
ATEX,2017-03-24,21.2,21.25,20.75,21.05,0.1,+0.48%,15900
ATEX,2017-03-27,21.05,21.45,20.65,21.25,0.2,+0.95%,30300
ATEX,2017-03-28,21.15,21.6,21.15,21.35,0.1,+0.47%,19500
ATEX,2017-03-29,21.05,22.15,20.75,21.75,0.4,+1.87%,47300
ATEX,2017-03-30,21.92,23.1,21.6,22.6,0.85,+3.91%,37500
ATEX,2017-03-31,22.5,22.5,21.75,21.85,-0.75,-3.32%,27500
ATEX,2017-04-03,21.8,22.6,21.15,21.5,-0.35,-1.60%,39200
ATEX,2017-04-04,21.5,21.55,21.2,21.4,-0.1,-0.47%,18300
ATEX,2017-04-05,21.4,21.65,20.35,20.45,-0.95,-4.44%,31500
ATEX,2017-04-06,20.45,20.83,20.23,20.55,0.1,+0.49%,19200
ATEX,2017-04-07,20.85,21.75,20.4,21.25,0.7,+3.41%,33200
ATEX,2017-04-10,21.5,22.72,21.5,22.05,0.8,+3.76%,29000
ATEX,2017-04-11,21.95,22.25,21.7,22.1,0.05,+0.23%,19000
ATEX,2017-04-12,22.05,22.65,22.02,22.2,0.1,+0.45%,8300
ATEX,2017-04-13,22,22.8,21.85,21.9,-0.3,-1.35%,8100
ATEX,2017-04-17,22.15,22.65,21.95,22.6,0.7,+3.20%,19100
ATEX,2017-04-18,22.67,22.9,22.15,22.8,0.2,+0.88%,9200
ATEX,2017-04-19,22.9,24,22.9,23.65,0.85,+3.73%,26300
ATEX,2017-04-20,23.7,24.05,23.5,23.65,0,0.00%,15600
ATEX,2017-04-21,23.7,23.85,23.2,23.6,-0.05,-0.21%,13500
ATEX,2017-04-24,24.05,24.7,23.75,24.2,0.6,+2.54%,20800
ATEX,2017-04-25,24.45,24.7,23.64,24.25,0.05,+0.21%,15600
ATEX,2017-04-26,24.35,25.7,24.1,25.3,1.05,+4.33%,37700
ATEX,2017-04-27,25.45,25.75,25.08,25.6,0.3,+1.19%,14800
ATEX,2017-04-28,25.2,25.85,25.2,25.65,0.05,+0.20%,16700
ATEX,2017-05-01,25.35,25.87,23.65,24.1,-1.55,-6.04%,20000
ATEX,2017-05-02,24.2,24.5,23.55,24.35,0.25,+1.04%,17500
ATEX,2017-05-03,24.1,25.2,24.05,24.7,0.35,+1.44%,20700
ATEX,2017-05-04,24.7,24.7,21.95,23.2,-1.5,-6.07%,31400
ATEX,2017-05-05,23.25,23.45,23.05,23.2,0,0.00%,12300
ATEX,2017-05-08,23.2,23.35,23,23.05,-0.15,-0.65%,11200
ATEX,2017-05-09,22.95,23.1,21.7,22.7,-0.35,-1.52%,26400
ATEX,2017-05-10,22.6,22.85,22,22.35,-0.35,-1.54%,15700
ATEX,2017-05-11,22.3,22.33,21.55,21.95,-0.4,-1.79%,11300
ATEX,2017-05-12,21.8,23.1,21.7,23,1.05,+4.78%,12600
ATEX,2017-05-15,23.25,23.5,22.5,22.7,-0.3,-1.30%,17100
ATEX,2017-05-16,22.53,23,22.4,22.6,-0.1,-0.44%,8700
ATEX,2017-05-17,22.25,22.58,21.7,21.85,-0.75,-3.32%,21500
ATEX,2017-05-18,21.65,22.15,21.4,21.85,0,0.00%,23900
ATEX,2017-05-19,21.65,22.77,21.4,21.65,-0.2,-0.92%,29500
ATEX,2017-05-22,23.41,23.41,22.1,22.75,1.1,+5.08%,11900
ATEX,2017-05-23,22.6,24.92,22.35,23.85,1.1,+4.84%,37900
ATEX,2017-05-24,23.7,24.85,22.55,22.75,-1.1,-4.61%,15400
ATEX,2017-05-25,22.95,23.05,22.75,22.8,0.05,+0.22%,4100
ATEX,2017-05-26,22.9,23.05,22,22.65,-0.15,-0.66%,14500
ATEX,2017-05-30,22.6,23.85,22.6,23.55,0.9,+3.97%,14300
ATEX,2017-05-31,23.8,24,22.9,23.9,0.35,+1.49%,20200
ATEX,2017-06-01,23.9,24,22.25,23.75,-0.15,-0.63%,24800
ATEX,2017-06-02,24.05,25.45,23.9,24.75,1,+4.21%,34400
ATEX,2017-06-05,24.85,25.35,23.55,24.45,-0.3,-1.21%,16700
ATEX,2017-06-06,24.05,24.75,24.05,24.35,-0.1,-0.41%,17500
ATEX,2017-06-07,24.5,24.75,22.6,24.5,0.15,+0.62%,42500
ATEX,2017-06-08,24.55,24.85,24.4,24.65,0.15,+0.61%,40800
ATEX,2017-06-09,23.17,25.05,23.17,24.95,0.3,+1.22%,29700
ATEX,2017-06-12,25.1,25.1,23.8,24.7,-0.25,-1.00%,29200
ATEX,2017-06-13,24.7,24.8,23.05,23.3,-1.4,-5.67%,21200
ATEX,2017-06-14,23.46,23.46,22.8,23.15,-0.15,-0.64%,23700
ATEX,2017-06-15,22.5,23.3,22.3,22.4,-0.75,-3.24%,21800
ATEX,2017-06-16,22,23.45,22,23.3,0.9,+4.02%,32200
ATEX,2017-06-19,23.6,24.1,22.95,23.9,0.6,+2.58%,19200
ATEX,2017-06-20,23.85,24.15,23.55,23.9,0,0.00%,13200
ATEX,2017-06-21,23.25,23.7,23.2,23.35,-0.55,-2.30%,18300
ATEX,2017-06-22,23.4,23.4,22.85,22.95,-0.4,-1.71%,8600
ATEX,2017-06-23,23,23.95,22.9,23.55,0.6,+2.61%,85000
ATEX,2017-06-26,24.4,24.4,23.05,23.8,0.25,+1.06%,13600
ATEX,2017-06-27,23.95,24.8,23.3,23.3,-0.5,-2.10%,29400
ATEX,2017-06-28,24.1,24.1,23.35,23.95,0.65,+2.79%,15900
ATEX,2017-06-29,24,24,23.15,23.45,-0.5,-2.09%,11900
ATEX,2017-06-30,23.95,24.1,23.15,23.3,-0.15,-0.64%,9600
ATEX,2017-07-03,24.95,24.95,24.1,24.35,1.05,+4.51%,8700
ATEX,2017-07-05,24.15,24.15,23.25,23.35,-1.,-4.11%,6800
ATEX,2017-07-06,23.35,23.35,22.65,22.95,-0.4,-1.71%,18800
ATEX,2017-07-07,22.75,23.95,22.75,23.4,0.45,+1.96%,11400
ATEX,2017-07-10,23.3,23.85,22.8,23.05,-0.35,-1.50%,19100
ATEX,2017-07-11,22.6,23.2,22.6,22.9,-0.15,-0.65%,24900
ATEX,2017-07-12,23.15,23.9,23.15,23.85,0.95,+4.15%,10700
ATEX,2017-07-13,23.75,24.5,23.75,24.4,0.55,+2.31%,13200
ATEX,2017-07-14,24.2,24.7,23.8,24.4,0,0.00%,22100
ATEX,2017-07-17,24.3,24.8,23.625,24.75,0.35,+1.43%,19600
ATEX,2017-07-18,24.35,25,24.3,24.35,-0.4,-1.62%,20200
ATEX,2017-07-19,24.75,25.05,24.175,24.5,0.15,+0.62%,11000
ATEX,2017-07-20,24.45,24.945,24.2,24.5,0,0.00%,5700
ATEX,2017-07-21,24.75,24.9,23.85,24.15,-0.35,-1.43%,35800
ATEX,2017-07-24,24.25,25,24.25,24.75,0.6,+2.48%,19600
ATEX,2017-07-25,25.1,25.35,24.75,24.95,0.2,+0.81%,22900
ATEX,2017-07-26,24.95,25.3,24.05,24.2,-0.75,-3.01%,9500
ATEX,2017-07-27,24.35,24.4,23.6,23.75,-0.45,-1.86%,11100
ATEX,2017-07-28,23.8,24.825,23.8,24.65,0.9,+3.79%,8400
ATEX,2017-07-31,24.5,24.95,24.5,24.7,0.05,+0.20%,7900
ATEX,2017-08-01,24.85,24.85,24,24.1,-0.6,-2.43%,11000
ATEX,2017-08-02,23.7,24.15,23.5,24.05,-0.05,-0.21%,12800
ATEX,2017-08-03,24.45,25.4,24.45,24.9,0.85,+3.53%,22400
ATEX,2017-08-04,25.05,26.15,24.75,26,1.1,+4.42%,40700
ATEX,2017-08-07,26.6,28.9,26.6,27.75,1.75,+6.73%,82800
ATEX,2017-08-08,28,29.15,27.18,28.8,1.05,+3.78%,47400
ATEX,2017-08-09,28.05,29.5,28.05,29.4,0.6,+2.08%,20400
ATEX,2017-08-10,29.3,30.35,29.05,29.2,-0.2,-0.68%,34800
ATEX,2017-08-11,29.4,29.5,27.9,27.9,-1.3,-4.45%,23200
ATEX,2017-08-14,27.95,29.145,27.95,28.35,0.45,+1.61%,20800
ATEX,2017-08-15,28.2,29.35,28.15,29,0.65,+2.29%,25200
ATEX,2017-08-16,29.15,29.7,28.65,28.8,-0.2,-0.69%,13500
ATEX,2017-08-17,28.6,29.65,27.9,28.1,-0.7,-2.43%,14500
ATEX,2017-08-18,27.95,28.9,27.65,28.3,0.2,+0.71%,23500
ATEX,2017-08-21,28.15,28.15,26.82,27.15,-1.15,-4.06%,11500
ATEX,2017-08-22,27.45,27.45,27,27.35,0.2,+0.74%,8600
ATEX,2017-08-23,27.05,28.05,27.05,27.4,0.05,+0.18%,18700
ATEX,2017-08-24,27.38,28.15,27.3,27.55,0.15,+0.55%,15700
ATEX,2017-08-25,27.75,28.8,27.75,28.7,1.15,+4.17%,9000
ATEX,2017-08-28,28.4,28.7,27.75,28.7,0,0.00%,5800
ATEX,2017-08-29,27.3,28.55,27.3,28.5,-0.2,-0.70%,7600
ATEX,2017-08-30,27.8,29.2,27.8,28.4,-0.1,-0.35%,9200
ATEX,2017-08-31,28.7,29.5,28.7,29.25,0.85,+2.99%,34900
ATEX,2017-09-01,29.05,30.25,28.6,30.25,1,+3.42%,12200
ATEX,2017-09-05,30.25,31.25,29.975,31.05,0.8,+2.64%,37700
ATEX,2017-09-06,31.4,32.15,30.9,31.35,0.3,+0.97%,17400
ATEX,2017-09-07,31.35,31.7,28.15,28.75,-2.6,-8.29%,28200
ATEX,2017-09-08,28.5,29,28.35,28.55,-0.2,-0.70%,9600
ATEX,2017-09-11,28.05,29.675,27.925,28.65,0.1,+0.35%,30500
ATEX,2017-09-12,28.45,29.7,28.45,29.45,0.8,+2.79%,32300
ATEX,2017-09-13,28.8,29.75,28.7,29.1,-0.35,-1.19%,35300
ATEX,2017-09-14,29.575,29.85,28.625,28.95,-0.15,-0.52%,20800
ATEX,2017-09-15,29.05,29.35,28.35,29.15,0.2,+0.69%,99600
ATEX,2017-09-18,28.8,31.5,28.8,29.8,0.65,+2.23%,53900
ATEX,2017-09-19,30.65,31.65,30.325,30.95,1.15,+3.86%,45700
ATEX,2017-09-20,31.2,31.25,30.8,31.1,0.15,+0.48%,26500
ATEX,2017-09-21,30.95,31.1,30.65,31.05,-0.05,-0.16%,15700
ATEX,2017-09-22,31.1,31.3,31,31.25,0.2,+0.64%,28700
ATEX,2017-09-25,31.3,31.5,31.02,31.2,-0.05,-0.16%,28700
ATEX,2017-09-26,31.35,31.35,30.8,30.9,-0.3,-0.96%,23100
ATEX,2017-09-27,31.1,32.4,30.7,31.65,0.75,+2.43%,59400
ATEX,2017-09-28,31.3,31.75,30.95,31.45,-0.2,-0.63%,20100
ATEX,2017-09-29,31.25,31.25,29.45,29.8,-1.65,-5.25%,35000
ATEX,2017-10-02,29.9,30.5,29.25,29.65,-0.15,-0.50%,27700
ATEX,2017-10-03,29.75,32.05,29.75,31.9,2.25,+7.59%,33300
ATEX,2017-10-04,31.7,31.95,31.65,31.75,-0.15,-0.47%,37800
ATEX,2017-10-05,32,33.5,31.8,32.95,1.2,+3.78%,54300
ATEX,2017-10-06,33,33.5,32.75,33.45,0.5,+1.52%,12500
ATEX,2017-10-09,33.05,33.7,32.1,32.5,-0.95,-2.84%,22100
ATEX,2017-10-10,32.65,33.75,32.65,33.15,0.65,+2.00%,24300
ATEX,2017-10-11,33.25,33.25,32.425,33.15,0,0.00%,17800
ATEX,2017-10-12,33.35,33.35,32.25,32.45,-0.7,-2.11%,29100
ATEX,2017-10-13,32.55,32.9,30.25,32.35,-0.1,-0.31%,7200
ATEX,2017-10-16,32.3,32.5,31.85,32.1,-0.25,-0.77%,19200
ATEX,2017-10-17,31.6,31.6,30.2,30.85,-1.25,-3.89%,31700
ATEX,2017-10-18,31.3,32.25,31.15,31.7,0.85,+2.76%,12900
ATEX,2017-10-19,31.85,31.9,30.7,31.45,-0.25,-0.79%,9500
ATEX,2017-10-20,31.9,31.9,31,31.2,-0.25,-0.79%,13600
ATEX,2017-10-23,31.85,31.85,30.6,30.65,-0.55,-1.76%,17000
ATEX,2017-10-24,32,32,30.35,31,0.35,+1.14%,13100
ATEX,2017-10-25,32.5,32.5,30.35,30.85,-0.15,-0.48%,10500
ATEX,2017-10-26,31.35,31.65,30.55,30.8,-0.05,-0.16%,9900
ATEX,2017-10-27,30.55,32,30.5,31.85,1.05,+3.41%,18200
ATEX,2017-10-30,32,32,30.4,31.05,-0.8,-2.51%,17100
ATEX,2017-10-31,31.15,31.15,28.25,28.55,-2.5,-8.05%,32700
ATEX,2017-11-01,28.75,28.9,28.2,28.85,0.3,+1.05%,50100
ATEX,2017-11-02,29,29.45,28.15,29.3,0.45,+1.56%,26800
ATEX,2017-11-03,29.15,29.75,29.05,29.3,0,0.00%,29600
ATEX,2017-11-06,29.25,30.25,29.25,30.15,0.85,+2.90%,23200
ATEX,2017-11-07,30.2,30.3,29.6,30.1,-0.05,-0.17%,20200
ATEX,2017-11-08,30.5,30.55,29.625,29.95,-0.15,-0.50%,15700
ATEX,2017-11-09,29.7,30.1,29.3,30.05,0.1,+0.33%,22700
ATEX,2017-11-10,30,30.1,29.25,29.45,-0.6,-2.00%,9700
ATEX,2017-11-13,29.05,29.6,28.85,29.05,-0.4,-1.36%,16400
ATEX,2017-11-14,28.8,31.4,28.45,31.15,2.1,+7.23%,41000
ATEX,2017-11-15,31.8,32.4,31.4,32.35,1.2,+3.85%,24400
ATEX,2017-11-16,32.5,34.7,32.5,34.45,2.1,+6.49%,42100
ATEX,2017-11-17,34.05,35.5,33.2,34.65,0.2,+0.58%,31200
ATEX,2017-11-20,34,35.15,33.64,34.2,-0.45,-1.30%,27800
ATEX,2017-11-21,34.2,35,33.55,33.9,-0.3,-0.88%,24700
ATEX,2017-11-22,33.75,34.75,33.6,34.5,0.6,+1.77%,31000
ATEX,2017-11-24,34.6,35.8,34.55,35.8,1.3,+3.77%,7200
ATEX,2017-11-27,35.8,36,33.95,34.1,-1.7,-4.75%,26600
ATEX,2017-11-28,34.15,34.15,32.6,33.3,-0.8,-2.35%,31200
ATEX,2017-11-29,32.8,33.75,31.85,32.1,-1.2,-3.60%,35200
ATEX,2017-11-30,31.9,33.4,31.35,32.65,0.55,+1.71%,178400
ATEX,2017-12-01,32.65,34.4,32.5,33.7,1.05,+3.22%,20000
ATEX,2017-12-04,32.8,33.6,32.35,32.35,-1.35,-4.01%,17800
ATEX,2017-12-05,32.03,33.85,31.8,32.85,0.5,+1.55%,51300
ATEX,2017-12-06,32.75,32.9,31.55,31.55,-1.3,-3.96%,105400
ATEX,2017-12-07,32.3,32.35,31.05,31.8,0.25,+0.79%,141700
ATEX,2017-12-08,32.05,33.55,31.5,32.9,1.1,+3.46%,20400
ATEX,2017-12-11,33.25,33.65,33.05,33.35,0.45,+1.37%,24600
ATEX,2017-12-12,33.65,34.6,33.4,34.4,1.05,+3.15%,14400
ATEX,2017-12-13,33.9,35.6,33.9,35.25,0.85,+2.47%,21700
ATEX,2017-12-14,34.75,34.75,31.95,34.4,-0.85,-2.41%,34100
ATEX,2017-12-15,34.1,35.4,33.85,34.75,0.35,+1.02%,59600
ATEX,2017-12-18,35.325,35.325,33.8,34.15,-0.6,-1.73%,24100
ATEX,2017-12-19,34,34,32.95,33,-1.15,-3.37%,12100
ATEX,2017-12-20,33.15,33.8,32.3,32.55,-0.45,-1.36%,7800
ATEX,2017-12-21,32.85,33.7,32.6,33.1,0.55,+1.69%,14600
ATEX,2017-12-22,32.65,32.9,32.25,32.25,-0.85,-2.57%,6900
ATEX,2017-12-26,33.15,33.2,32.25,33,0.75,+2.33%,9900
ATEX,2017-12-27,33.1,33.35,32.775,32.9,-0.1,-0.30%,10600
ATEX,2017-12-28,32.95,32.95,32.25,32.4,-0.5,-1.52%,11100
ATEX,2017-12-29,32.5,32.8,32,32.1,-0.3,-0.93%,13800
ATEX,2018-01-02,33.13,33.65,31.75,32.75,0.65,+2.02%,18300
ATEX,2018-01-03,32.9,32.9,31.6,31.9,-0.85,-2.60%,14800
ATEX,2018-01-04,32.3,32.9,32.25,32.9,1,+3.13%,9800
ATEX,2018-01-05,32.75,33.05,32.115,32.4,-0.5,-1.52%,10500
ATEX,2018-01-08,32.5,33.85,32.5,33.55,1.15,+3.55%,8100
ATEX,2018-01-09,33.7,33.7,32.825,33.15,-0.4,-1.19%,14300
ATEX,2018-01-10,33.05,33.15,31.85,32.1,-1.05,-3.17%,19700
ATEX,2018-01-11,32.775,33.55,32.775,33.5,1.4,+4.36%,4600
ATEX,2018-01-12,32.95,33.95,32.95,33.85,0.35,+1.04%,6600
ATEX,2018-01-16,34,34.5,32.8,33.2,-0.65,-1.92%,12900
ATEX,2018-01-17,33.45,33.7,32.45,32.8,-0.4,-1.20%,10500
ATEX,2018-01-18,33,34.9,33,34.55,1.75,+5.34%,19600
ATEX,2018-01-19,34.1,36.4,32.05,35.65,1.1,+3.18%,24200
ATEX,2018-01-22,35.65,36.15,34.85,34.95,-0.7,-1.96%,21100
ATEX,2018-01-23,34.75,34.95,34.14,34.3,-0.65,-1.86%,4900
ATEX,2018-01-24,35.325,35.325,34.8,35,0.7,+2.04%,8300
ATEX,2018-01-25,35,35.65,34.34,35.65,0.65,+1.86%,8700
ATEX,2018-01-26,35.8,36.3,35.125,35.85,0.2,+0.56%,10500
ATEX,2018-01-29,35.35,35.9,33.85,33.95,-1.9,-5.30%,18700
ATEX,2018-01-30,33.9,34.35,33.35,33.9,-0.05,-0.15%,10800
ATEX,2018-01-31,33.7,34.7,33.25,34.4,0.5,+1.47%,13700
ATEX,2018-02-01,34.55,35.85,34.4,35.65,1.25,+3.63%,8700
ATEX,2018-02-02,35.25,36.1,33.35,33.4,-2.25,-6.31%,20100
ATEX,2018-02-05,33.2,33.8,31.9,32.45,-0.95,-2.84%,15500
ATEX,2018-02-06,33.4,33.9,32.05,32.5,0.05,+0.15%,24400
ATEX,2018-02-07,32.55,33.45,32.55,33,0.5,+1.54%,9200
ATEX,2018-02-08,33,33.05,31.45,31.45,-1.55,-4.70%,17600
ATEX,2018-02-09,31.85,31.85,29.1,30.35,-1.1,-3.50%,17900
ATEX,2018-02-12,30.4,31.2,29.97,30.95,0.6,+1.98%,17800
ATEX,2018-02-13,30.6,32.05,30.6,31.4,0.45,+1.45%,8500
ATEX,2018-02-14,30.95,31.95,30.95,31.5,0.1,+0.32%,10900
ATEX,2018-02-15,32.1,32.9,31.65,32.6,1.1,+3.49%,14100
ATEX,2018-02-16,32.25,33.7,32,32.7,0.1,+0.31%,5600
ATEX,2018-02-20,32.35,32.75,31.75,32,-0.7,-2.14%,10600
ATEX,2018-02-21,32,33.05,31.58,32.4,0.4,+1.25%,6200
ATEX,2018-02-22,31.95,32.7,31.1,32.15,-0.25,-0.77%,15100
ATEX,2018-02-23,32.85,33.3,32.6,32.75,0.6,+1.87%,3300
ATEX,2018-02-26,32.75,33.425,32.15,32.9,0.15,+0.46%,8000
ATEX,2018-02-27,32.8,32.9,31.95,32.3,-0.6,-1.82%,6100
ATEX,2018-02-28,32.6,33.4,31.5,32.2,-0.1,-0.31%,11000
ATEX,2018-03-01,31.85,32.75,31.5,32.1,-0.1,-0.31%,11500
ATEX,2018-03-02,31.95,32.95,31.95,32.75,0.65,+2.02%,8800
ATEX,2018-03-05,32.55,34.5,32.4,33.25,0.5,+1.53%,21800
ATEX,2018-03-06,33.55,33.65,31.65,32.8,-0.45,-1.35%,18600
ATEX,2018-03-07,32.15,33.75,32.15,33.25,0.45,+1.37%,16400
ATEX,2018-03-08,32.85,36,32.85,35.85,2.6,+7.82%,57900
ATEX,2018-03-09,36,39.75,35.2,38.75,2.9,+8.09%,26800
ATEX,2018-03-12,38.75,39,36.15,38.6,-0.15,-0.39%,20100
ATEX,2018-03-13,37.85,38.3,36.85,37.55,-1.05,-2.72%,17800
ATEX,2018-03-14,37.8,37.8,35.7,36.2,-1.35,-3.60%,15800
ATEX,2018-03-15,36.2,36.95,36,36.8,0.6,+1.66%,15400
ATEX,2018-03-16,36.75,38.9,36.2,38.55,1.75,+4.76%,45800
ATEX,2018-03-19,38.4,38.4,36.2,36.4,-2.15,-5.58%,17900
ATEX,2018-03-20,36.6,36.6,33.05,33.35,-3.05,-8.38%,24200
ATEX,2018-03-21,33.4,34.9,31.95,32.2,-1.15,-3.45%,18300
ATEX,2018-03-22,31.8,35.35,31.8,34,1.8,+5.59%,26800
ATEX,2018-03-23,34.1,34.25,31.5,31.6,-2.4,-7.06%,32000
ATEX,2018-03-26,32.2,33.1,31.35,31.9,0.3,+0.95%,26400
ATEX,2018-03-27,32.7,32.9,30.3,30.7,-1.2,-3.76%,21600
ATEX,2018-03-28,30.7,31.2,29.55,30,-0.7,-2.28%,23800
ATEX,2018-03-29,30.15,30.75,29.55,29.85,-0.15,-0.50%,29400
ATEX,2018-04-02,29.75,30.7,29.75,30.2,0.35,+1.17%,20000
ATEX,2018-04-03,30.75,31.45,29.55,30.15,-0.05,-0.17%,28400
ATEX,2018-04-04,29.7,30.3,28,30,-0.15,-0.50%,17500
ATEX,2018-04-05,30,32.3,30,31.5,1.5,+5.00%,14000
ATEX,2018-04-06,31.35,31.35,29.8,30.05,-1.45,-4.60%,10900
ATEX,2018-04-09,30.35,31.25,29.75,30.05,0,0.00%,11600
ATEX,2018-04-10,30.3,31.25,29.65,30.05,0,0.00%,14600
ATEX,2018-04-11,29.75,30.45,29.6,30,-0.05,-0.17%,9300
ATEX,2018-04-12,31.45,31.525,29.75,29.95,-0.05,-0.17%,17600
ATEX,2018-04-13,30.3,30.3,29,30.1,0.15,+0.50%,28700
ATEX,2018-04-16,30.45,31.15,29.65,30.3,0.2,+0.66%,81800
ATEX,2018-04-17,30.3,31.45,29.9,31.4,1.1,+3.63%,26200
ATEX,2018-04-18,31.45,33.1,31.15,31.7,0.3,+0.96%,105100
ATEX,2018-04-19,31.5,32.5,30.85,31.2,-0.5,-1.58%,36800
ATEX,2018-04-20,30.95,32.05,30.95,31.5,0.3,+0.96%,51900
ATEX,2018-04-23,31.55,31.7,30.3,31.05,-0.45,-1.43%,35400
ATEX,2018-04-24,31.15,32.95,29.4,29.75,-1.3,-4.19%,43400
ATEX,2018-04-25,30,30.95,29.45,30.65,0.9,+3.03%,20300
ATEX,2018-04-26,31.25,31.25,29.25,29.6,-1.05,-3.43%,15700
ATEX,2018-04-27,29.65,30,29,29.35,-0.25,-0.84%,11100
ATEX,2018-04-30,29.4,31.27,29.05,29.1,-0.25,-0.85%,21100
ATEX,2018-05-01,29.05,29.05,28.14,28.65,-0.45,-1.55%,17400
ATEX,2018-05-02,28.3,28.75,28.15,28.55,-0.1,-0.35%,23000
ATEX,2018-05-03,28.4,28.95,27.5,27.9,-0.65,-2.28%,19500
ATEX,2018-05-04,27.75,29.15,27.5,27.75,-0.15,-0.54%,12800
ATEX,2018-05-07,27.8,28.65,27.6,27.85,0.1,+0.36%,10700
ATEX,2018-05-08,27.7,28.1,27.4,28.05,0.2,+0.72%,22500
ATEX,2018-05-09,28.1,28.25,27.6,28.05,0,0.00%,17000
ATEX,2018-05-10,28.05,28.85,28,28.65,0.6,+2.14%,21100
ATEX,2018-05-11,28.65,29.4,28.6,28.75,0.1,+0.35%,12300
ATEX,2018-05-14,28.75,29.05,28.05,28.2,-0.55,-1.91%,14700
ATEX,2018-05-15,28.1,28.5,27,27,-1.2,-4.26%,20200
ATEX,2018-05-16,27.15,29.1,26.9,27.3,0.3,+1.11%,44600
ATEX,2018-05-17,27.3,28,27,27.75,0.45,+1.65%,13400
ATEX,2018-05-18,27.9,28.35,27.2,27.35,-0.4,-1.44%,30900
ATEX,2018-05-21,27.45,28.15,27.05,27.95,0.6,+2.19%,17500
ATEX,2018-05-22,27.9,28.4,27.3,27.75,-0.2,-0.72%,26400
ATEX,2018-05-23,27.75,27.8,26.525,26.9,-0.85,-3.06%,42000
ATEX,2018-05-24,26.9,26.9,25,25.1,-1.8,-6.69%,80200
ATEX,2018-05-25,25.1,25.65,23.8,23.9,-1.2,-4.78%,184900
ATEX,2018-05-29,23.7,24.2,23.1,23.35,-0.55,-2.30%,113800
ATEX,2018-05-30,23.35,27,23.35,26.7,3.35,+14.35%,110700
ATEX,2018-05-31,26.65,26.65,25,25.35,-1.35,-5.06%,107500
ATEX,2018-06-01,25.45,27.2,25.125,26.6,1.25,+4.93%,31300
ATEX,2018-06-04,26.7,27,25.6,25.8,-0.8,-3.01%,26700
ATEX,2018-06-05,25.8,25.95,24.35,24.7,-1.1,-4.26%,83100
ATEX,2018-06-06,24.15,25.05,22.5,24.7,0,0.00%,151700
ATEX,2018-06-07,24.65,25.45,24.25,25.2,0.5,+2.02%,27100
ATEX,2018-06-08,25.25,25.25,24.5,24.8,-0.4,-1.59%,28700
ATEX,2018-06-11,24.85,26.35,24.75,26.2,1.4,+5.65%,28400
ATEX,2018-06-12,26.15,26.15,24.35,24.9,-1.3,-4.96%,48400
ATEX,2018-06-13,24.85,25.3,23.55,25.1,0.2,+0.80%,55700
ATEX,2018-06-14,25.15,27.7,25.1,27.65,2.55,+10.16%,90300
ATEX,2018-06-15,27.6,29.485,27.5,28.95,1.3,+4.70%,79300
ATEX,2018-06-18,28.6,28.6,27.5,27.65,-1.3,-4.49%,42900
ATEX,2018-06-19,27.35,29.05,27,27.75,0.1,+0.36%,59600
ATEX,2018-06-20,27.75,27.75,26.35,26.7,-1.05,-3.78%,79300
ATEX,2018-06-21,26.7,26.7,25.7,26.25,-0.45,-1.69%,29600
ATEX,2018-06-22,26.3,26.9,25.95,26.1,-0.15,-0.57%,59300
ATEX,2018-06-25,26.05,26.395,25.35,26.15,0.05,+0.19%,30800
ATEX,2018-06-26,26.1,26.65,25.5,26.55,0.4,+1.53%,27100
ATEX,2018-06-27,26.5,26.5,24.225,24.4,-2.15,-8.10%,63900
ATEX,2018-06-28,24.25,25.3,24.25,25.15,0.75,+3.07%,14300
ATEX,2018-06-29,25.2,25.6,24.8,24.95,-0.2,-0.80%,26700
ATEX,2018-07-02,24.75,25,24.25,24.45,-0.5,-2.00%,31300
ATEX,2018-07-03,24.6,25.05,24.35,25.05,0.6,+2.45%,16800
ATEX,2018-07-05,24.8,25.4,24.25,25.25,0.2,+0.80%,34700
ATEX,2018-07-06,25.3,25.7,25.1,25.4,0.15,+0.59%,20500
ATEX,2018-07-09,25.55,26.3,25.5,26.25,0.85,+3.35%,21100
ATEX,2018-07-10,26.35,26.35,25.7,25.9,-0.35,-1.33%,18500
ATEX,2018-07-11,25.75,26.3,25.325,26.05,0.15,+0.58%,35000
ATEX,2018-07-12,26.25,26.95,26.05,26.85,0.8,+3.07%,24700
ATEX,2018-07-13,26.85,26.85,26.2,26.35,-0.5,-1.86%,12800
ATEX,2018-07-16,26.35,26.45,25.9,26.4,0.05,+0.19%,11400
ATEX,2018-07-17,26.35,26.4,25.7,25.9,-0.5,-1.89%,11500
ATEX,2018-07-18,25.9,25.9,24.55,25.75,-0.15,-0.58%,65800
ATEX,2018-07-19,25.4,25.95,24.85,25.8,0.05,+0.19%,30300
ATEX,2018-07-20,25.6,27.15,25.6,26.55,0.75,+2.91%,27800
ATEX,2018-07-23,26.55,26.6,25.15,25.8,-0.75,-2.82%,79600
ATEX,2018-07-24,25.85,27.25,25.75,26.9,1.1,+4.26%,43200
ATEX,2018-07-25,26.9,26.9,24.55,25.45,-1.45,-5.39%,75300
ATEX,2018-07-26,25.5,28.05,25.5,27.9,2.45,+9.63%,38200
ATEX,2018-07-27,27.95,29.15,27.4,29,1.1,+3.94%,92400
ATEX,2018-07-30,29.05,31.07,29.05,30.65,1.65,+5.69%,59700
ATEX,2018-07-31,30.85,31.8,29.55,29.9,-0.75,-2.45%,53500
ATEX,2018-08-01,29.9,30.4,28.4,29.4,-0.5,-1.67%,81800
ATEX,2018-08-02,29.35,30.28,29.1,29.5,0.1,+0.34%,30600
ATEX,2018-08-03,29.5,29.65,29.2,29.45,-0.05,-0.17%,62000
ATEX,2018-08-06,29.45,29.9,29.05,29.8,0.35,+1.19%,49400
ATEX,2018-08-07,29.85,29.9,29.4,29.5,-0.3,-1.01%,27700
ATEX,2018-08-08,29.45,29.45,27.85,28.95,-0.55,-1.86%,103900
ATEX,2018-08-09,28.9,30.8,28.875,30.45,1.5,+5.18%,33600
ATEX,2018-08-10,25.95,32.7,25.95,32.3,1.85,+6.08%,45000
ATEX,2018-08-13,32.3,32.4,30.6,31.25,-1.05,-3.25%,52400
ATEX,2018-08-14,31.25,32.1,31.15,31.85,0.6,+1.92%,24300
ATEX,2018-08-15,31.65,31.65,30.6,31.2,-0.65,-2.04%,95300
ATEX,2018-08-16,31.15,32.25,31.15,31.65,0.45,+1.44%,41100
ATEX,2018-08-17,31.6,33.45,31.55,33.4,1.75,+5.53%,31900
ATEX,2018-08-20,33.5,33.5,29.9,30.2,-3.2,-9.58%,78500
ATEX,2018-08-21,30.45,30.9,30.1,30.25,0.05,+0.17%,32600
ATEX,2018-08-22,30.3,30.3,29.15,30.15,-0.1,-0.33%,63100
ATEX,2018-08-23,30.05,30.4,29.8,30,-0.15,-0.50%,19600
ATEX,2018-08-24,30.1,30.2,29.15,30.1,0.1,+0.33%,21500
ATEX,2018-08-27,30.1,30.25,29.5,29.75,-0.35,-1.16%,21400
ATEX,2018-08-28,29.8,29.8,29.05,29.2,-0.55,-1.85%,9400
ATEX,2018-08-29,29.25,30.15,29.175,29.9,0.7,+2.40%,21000
ATEX,2018-08-30,29.9,29.9,29.1,29.35,-0.55,-1.84%,15500
ATEX,2018-08-31,29.3,30.1,29,30.05,0.7,+2.39%,30000
ATEX,2018-09-04,30.1,30.775,28.9,30.05,0,0.00%,27500
ATEX,2018-09-05,30.1,30.1,29.15,29.45,-0.6,-2.00%,16100
ATEX,2018-09-06,28.9,29.9,28.9,29.3,-0.15,-0.51%,16700
ATEX,2018-09-07,29.25,29.95,28.8,29.55,0.25,+0.85%,17900
ATEX,2018-09-10,29.6,29.6,27.65,28.5,-1.05,-3.55%,54600
ATEX,2018-09-11,28.75,28.8,27.8,28.45,-0.05,-0.18%,18500
ATEX,2018-09-12,28.55,30.65,28.55,30,1.55,+5.45%,60900
ATEX,2018-09-13,30,30.5,28.95,30.3,0.3,+1.00%,27300
ATEX,2018-09-14,30.25,31.725,29.55,30.8,0.5,+1.65%,40600
ATEX,2018-09-17,31.25,31.9,30.35,30.95,0.15,+0.49%,33000
ATEX,2018-09-18,30.9,31.45,29.65,29.9,-1.05,-3.39%,31400
ATEX,2018-09-19,29.8,30.6,29.6,30.35,0.45,+1.51%,13500
ATEX,2018-09-20,30.4,32.19,30.2,31.55,1.2,+3.95%,33000
ATEX,2018-09-21,31.55,31.65,30.25,31.55,0,0.00%,47200
ATEX,2018-09-24,31.45,31.85,30.25,31.45,-0.1,-0.32%,27400
ATEX,2018-09-25,30.55,33.415,30.075,33.1,1.65,+5.25%,52600
ATEX,2018-09-26,33.1,34.7,33.1,33.9,0.8,+2.42%,41100
ATEX,2018-09-27,33.85,35.95,32.615,34.85,0.95,+2.80%,37800
ATEX,2018-09-28,34.8,35.48,31.23,33.9,-0.95,-2.73%,19400
ATEX,2018-10-01,34.02,34.43,32.51,34.28,0.38,+1.12%,21900
ATEX,2018-10-02,34.13,35.84,33.6,35.29,1.01,+2.95%,53900
ATEX,2018-10-03,35.36,36.16,35.065,36.02,0.73,+2.07%,32700
ATEX,2018-10-04,35.87,37.46,35.09,36.71,0.69,+1.92%,41200
ATEX,2018-10-05,36.78,37.6,35.405,36.31,-0.4,-1.09%,23200
ATEX,2018-10-08,36.28,36.35,35.29,36.12,-0.19,-0.52%,19000
ATEX,2018-10-09,36.01,38.67,36.01,37.15,1.03,+2.85%,58200
ATEX,2018-10-10,37.08,37.8,36.02,36.69,-0.46,-1.24%,18900
ATEX,2018-10-11,36.86,37.85,35.45,36.35,-0.34,-0.93%,34500
ATEX,2018-10-12,37,37.495,35.065,36.31,-0.04,-0.11%,33700
ATEX,2018-10-15,38.7,40.72,37.21,39.83,3.52,+9.69%,146900
ATEX,2018-10-16,40.02,43.92,39.08,43.04,3.21,+8.06%,227800
ATEX,2018-10-17,43.01,43.845,41.99,43.55,0.51,+1.18%,76000
ATEX,2018-10-18,43.52,43.54,38.37,40.17,-3.38,-7.76%,72600
ATEX,2018-10-19,40.31,42.65,40.31,40.97,0.8,+1.99%,31100
ATEX,2018-10-22,41.05,42.965,40.9,42.13,1.16,+2.83%,187200
ATEX,2018-10-23,41.37,43.17,41,42.76,0.63,+1.50%,57700
ATEX,2018-10-24,42.77,42.85,39.35,39.79,-2.97,-6.95%,82300
ATEX,2018-10-25,40.13,40.13,36.7,38.68,-1.11,-2.79%,40800
ATEX,2018-10-26,38.17,39.04,34.21,37.73,-0.95,-2.46%,48700
ATEX,2018-10-29,38.04,39.47,37.85,38.12,0.39,+1.03%,35000
ATEX,2018-10-30,38.13,39.41,36.96,38.54,0.42,+1.10%,32200
ATEX,2018-10-31,39.05,40.95,38.05,40.5,1.96,+5.09%,47600
ATEX,2018-11-01,40.75,41.45,39.95,41.39,0.89,+2.20%,79600
ATEX,2018-11-02,41.89,42.42,41.14,41.86,0.47,+1.14%,39900
ATEX,2018-11-05,41.96,43.79,41.68,43.3,1.44,+3.44%,42800
ATEX,2018-11-06,43.18,43.9,41.74,42.92,-0.38,-0.88%,34000
ATEX,2018-11-07,42.75,43.52,41.58,43.48,0.56,+1.30%,52000
ATEX,2018-11-08,41.14,45,41.14,43.56,0.08,+0.18%,79300
ATEX,2018-11-09,43.16,43.44,40.43,42,-1.56,-3.58%,44500
ATEX,2018-11-12,41.9,42.1,39.53,40.33,-1.67,-3.98%,62600
ATEX,2018-11-13,40.38,41.35,39.32,40.1,-0.23,-0.57%,33500
ATEX,2018-11-14,40.4,40.69,38.37,39.01,-1.09,-2.72%,48600
ATEX,2018-11-15,38.82,40.19,38.43,39.78,0.77,+1.97%,35100
ATEX,2018-11-16,39.78,40.5,39.47,39.91,0.13,+0.33%,52100
ATEX,2018-11-19,39.9,40.27,39.22,39.93,0.02,+0.05%,46800
ATEX,2018-11-20,39.3,41.68,39.3,40.15,0.22,+0.55%,62400
ATEX,2018-11-21,40.29,42.49,39.8,40.92,0.77,+1.92%,40200
ATEX,2018-11-23,40.8,40.98,38.84,39.78,-1.14,-2.79%,22100
ATEX,2018-11-26,40.06,41.135,39.68,41,1.22,+3.07%,44200
ATEX,2018-11-27,40.62,42.68,40.62,42.46,1.46,+3.56%,110900
ATEX,2018-11-28,42.58,46.355,41.905,45.77,3.31,+7.80%,159700
ATEX,2018-11-29,46.41,46.56,44.39,45.21,-0.56,-1.22%,111800
ATEX,2018-11-30,45.95,47.865,42,43.44,-1.77,-3.92%,350800
ATEX,2018-12-03,43.51,45.98,39.68,40,-3.44,-7.92%,88500
ATEX,2018-12-04,39.58,41.15,38.4,39.39,-0.61,-1.53%,134700
ATEX,2018-12-06,38.3,39.63,36.53,37.82,-1.57,-3.99%,107100
ATEX,2018-12-07,38.13,40,37.28,38.5,0.68,+1.80%,120000
ATEX,2018-12-10,38.5,39.61,35.54,37.92,-0.58,-1.51%,116600
ATEX,2018-12-11,38.32,39.34,37.67,38.19,0.27,+0.71%,25700
ATEX,2018-12-12,38.74,39.84,38.17,39.21,1.02,+2.67%,35500
ATEX,2018-12-13,39.22,39.65,37.7,39.05,-0.16,-0.41%,51000
ATEX,2018-12-14,38.86,39.2,37.48,37.94,-1.11,-2.84%,42700
ATEX,2018-12-17,37.59,38.8,36.38,36.67,-1.27,-3.35%,94900
ATEX,2018-12-18,36.68,37.74,35.46,35.86,-0.81,-2.21%,46400
ATEX,2018-12-19,35.87,37.2,35.12,35.26,-0.6,-1.67%,47600
ATEX,2018-12-20,35.06,35.16,32.25,33.01,-2.25,-6.38%,137400
ATEX,2018-12-21,32.92,33.62,30.73,32.05,-0.96,-2.91%,122800
ATEX,2018-12-24,31.61,32.05,30.64,31.26,-0.79,-2.46%,30100
ATEX,2018-12-26,31.7,35.05,31.27,34.99,3.73,+11.93%,50800
ATEX,2018-12-27,35.37,37.91,34.56,37.06,2.07,+5.92%,64400
ATEX,2018-12-28,37.16,37.55,35.915,36.71,-0.35,-0.94%,34900
ATEX,2018-12-31,37.34,38.05,35.495,37.39,0.68,+1.85%,36600
ATEX,2019-01-02,36.94,38.15,35.42,38.12,0.73,+1.95%,32000
ATEX,2019-01-03,38.11,38.51,37.18,37.47,-0.65,-1.71%,27200
ATEX,2019-01-04,38,39.5,37.32,39.44,1.97,+5.26%,28000
ATEX,2019-01-07,39.63,40.615,38.78,39.64,0.2,+0.51%,40600
ATEX,2019-01-08,40.32,40.32,38.825,40,0.36,+0.91%,42300
ATEX,2019-01-09,40,40.24,39.015,40,0,0.00%,23500
ATEX,2019-01-10,39.76,40.15,39.26,39.9,-0.1,-0.25%,34300
ATEX,2019-01-11,39.89,40.325,39.06,39.7,-0.2,-0.50%,22300
ATEX,2019-01-14,39.31,39.57,38.29,38.83,-0.87,-2.19%,19300
ATEX,2019-01-15,38.84,38.93,37.65,38.65,-0.18,-0.46%,20700
ATEX,2019-01-16,38.64,39.29,37.77,39.25,0.6,+1.55%,23400
ATEX,2019-01-17,38.64,39.23,37.7,38.73,-0.52,-1.32%,25800
ATEX,2019-01-18,38.93,40.13,38.93,39.73,1,+2.58%,21500
ATEX,2019-01-22,39.52,39.52,38.31,38.83,-0.9,-2.27%,19400
ATEX,2019-01-23,39.06,39.06,37.19,38.37,-0.46,-1.18%,16500
ATEX,2019-01-24,38.1,39.33,37.5,38.75,0.38,+0.99%,32900
ATEX,2019-01-25,39.47,39.79,38.75,39.65,0.9,+2.32%,21000
ATEX,2019-01-28,39.17,39.69,38.51,39.49,-0.16,-0.40%,38200
ATEX,2019-01-29,39.49,39.55,38.17,38.46,-1.03,-2.61%,11600
ATEX,2019-01-30,38.9,38.98,37.96,38.88,0.42,+1.09%,25300
ATEX,2019-01-31,38.84,40.35,38.56,40.34,1.46,+3.76%,24000
ATEX,2019-02-01,40.34,40.92,39.53,40.22,-0.12,-0.30%,13500
ATEX,2019-02-04,40.26,40.26,35.57,39.99,-0.23,-0.57%,19100
ATEX,2019-02-05,40.14,42,39.32,41.86,1.87,+4.68%,35700
ATEX,2019-02-06,41.65,41.92,40.21,40.95,-0.91,-2.17%,36000
ATEX,2019-02-07,40.57,42.095,40,40.61,-0.34,-0.83%,24600
ATEX,2019-02-08,40.05,42.44,39.73,40.35,-0.26,-0.64%,30200
ATEX,2019-02-11,40.61,42.45,40.61,41.8,1.45,+3.59%,13900
ATEX,2019-02-12,42.21,42.83,41.66,42.14,0.34,+0.81%,40700
ATEX,2019-02-13,42.14,43.17,41.13,41.72,-0.42,-1.00%,32900
ATEX,2019-02-14,41.47,43.63,41.28,42.08,0.36,+0.86%,28100
ATEX,2019-02-15,42.41,43.67,42,43.27,1.19,+2.83%,32900
ATEX,2019-02-19,43.52,45.25,42.36,43.63,0.36,+0.83%,125100
ATEX,2019-02-20,43.61,43.865,41.19,41.49,-2.14,-4.90%,66700
ATEX,2019-02-21,42.35,42.35,38.6,42.03,0.54,+1.30%,79900
ATEX,2019-02-22,46.8,48.39,44.3,45.5,3.47,+8.26%,248400
ATEX,2019-02-25,45,45.99,42.5,42.67,-2.83,-6.22%,153300
ATEX,2019-02-26,42.67,42.67,39.19,39.65,-3.02,-7.08%,133200
ATEX,2019-02-27,39.66,40.55,38.53,39.95,0.3,+0.76%,91400
ATEX,2019-02-28,39.89,40.13,38.11,39.28,-0.67,-1.68%,223800
ATEX,2019-03-01,39.51,39.76,38.52,38.82,-0.46,-1.17%,32000
ATEX,2019-03-04,39.06,39.15,37.59,38.42,-0.4,-1.03%,34600
ATEX,2019-03-05,38.24,38.99,37.77,38.7,0.28,+0.73%,169100
ATEX,2019-03-06,39,39.23,36.9,38.16,-0.54,-1.40%,40100
ATEX,2019-03-07,38.16,38.53,36.701,37.68,-0.48,-1.26%,182400
ATEX,2019-03-08,37.48,37.669,36.886,37.02,-0.66,-1.75%,43400
ATEX,2019-03-11,37.03,38.06,36.5716,37.81,0.79,+2.13%,67700
ATEX,2019-03-12,37.77,38.32,37,37.73,-0.08,-0.21%,174800
ATEX,2019-03-13,37.71,42,37.1,40.12,2.39,+6.33%,263800
ATEX,2019-03-14,40.14,40.14,38.99,39.15,-0.97,-2.42%,56600
ATEX,2019-03-15,39.49,39.56,36.66,38.76,-0.39,-1.00%,168400
ATEX,2019-03-18,38.78,39.8975,38.32,39.63,0.87,+2.24%,50900
ATEX,2019-03-19,39.7,40.5,38.99,39.25,-0.38,-0.96%,42700
ATEX,2019-03-20,38.96,39.51,38.35,39.02,-0.23,-0.59%,146900
ATEX,2019-03-21,38.79,39.6,38,38.26,-0.76,-1.95%,48000
ATEX,2019-03-22,37.88,37.88,34.98,35.34,-2.92,-7.63%,116600
ATEX,2019-03-25,35.34,35.4345,33.605,34.38,-0.96,-2.72%,110200
ATEX,2019-03-26,34.41,35.3,34.25,35.18,0.8,+2.33%,65500
ATEX,2019-03-27,35.21,35.3,33.65,33.94,-1.24,-3.52%,74900
ATEX,2019-03-28,33.94,34.2688,33.53,33.68,-0.26,-0.77%,35900
ATEX,2019-03-29,33.82,35.56,33.151,35.16,1.48,+4.39%,107800
ATEX,2019-04-01,35.53,37.08,34.8803,36.56,1.4,+3.98%,63400
ATEX,2019-04-02,36.36,36.97,34.55,35.42,-1.14,-3.12%,60500
ATEX,2019-04-03,35.83,36.64,34.1086,35.02,-0.4,-1.13%,32600
ATEX,2019-04-04,35.03,35.355,34.36,34.85,-0.17,-0.49%,32000
ATEX,2019-04-05,34.48,36.36,34.48,34.97,0.12,+0.34%,28700
ATEX,2019-04-08,35,36.3321,34.2,34.71,-0.26,-0.74%,32900
ATEX,2019-04-09,34.9,34.9,33.92,33.98,-0.73,-2.10%,39400
ATEX,2019-04-10,34.29,35.1,33.14,34.85,0.87,+2.56%,44600
ATEX,2019-04-11,34.95,35.45,33.87,34.67,-0.18,-0.52%,32100
ATEX,2019-04-12,34.97,37.02,34.7,36.06,1.39,+4.01%,56800
ATEX,2019-04-15,35.89,36.115,35.5,35.71,-0.35,-0.97%,33700
ATEX,2019-04-16,35.84,36.52,35.5,36.17,0.46,+1.29%,20000
ATEX,2019-04-17,36.34,37.03,35.9,36.8,0.63,+1.74%,52000
ATEX,2019-04-18,36.66,37.31,36.6,37.01,0.21,+0.57%,54600
ATEX,2019-04-22,36.89,37.8299,36.89,37.61,0.6,+1.62%,40000
ATEX,2019-04-23,37.89,39.66,37.69,38.88,1.27,+3.38%,62200
ATEX,2019-04-24,38.87,38.9,38.33,38.66,-0.22,-0.57%,27400
ATEX,2019-04-25,38.47,38.47,37.855,38.25,-0.41,-1.06%,32200
ATEX,2019-04-26,37.99,38.97,37.78,38.72,0.47,+1.23%,28400
ATEX,2019-04-29,38.59,39.18,38.41,39.09,0.37,+0.96%,22500
ATEX,2019-04-30,39.05,40.18,38.13,39.8,0.71,+1.82%,48700
ATEX,2019-05-01,39.69,40.72,39.55,39.76,-0.04,-0.10%,32900
ATEX,2019-05-02,39.53,40.335,39.05,39.53,-0.23,-0.58%,35200
ATEX,2019-05-03,39.9,41.4495,39.9,40.52,0.99,+2.50%,61000
ATEX,2019-05-06,39.56,40.5152,39.48,39.85,-0.67,-1.65%,23900
ATEX,2019-05-07,39.37,40.3,39.15,39.68,-0.17,-0.43%,64200
ATEX,2019-05-08,39.69,40.7,39.45,40.59,0.91,+2.29%,44800
ATEX,2019-05-09,40.07,40.865,39.4,40,-0.59,-1.45%,54600
ATEX,2019-05-10,39.81,40.78,39.66,39.95,-0.05,-0.13%,54600
ATEX,2019-05-13,39.24,40.375,39.0575,39.9,-0.05,-0.13%,50500
ATEX,2019-05-14,40.13,41,40.13,40.45,0.55,+1.38%,34800
ATEX,2019-05-15,40.08,41,40.05,40.89,0.44,+1.09%,39900
ATEX,2019-05-16,40.98,41.9,40.8053,41.52,0.63,+1.54%,36700
ATEX,2019-05-17,41.18,41.91,41,41.26,-0.26,-0.63%,36200
ATEX,2019-05-20,40.93,41.975,40.64,41.5,0.24,+0.58%,26000
ATEX,2019-05-21,41.54,43.8972,41.54,43.02,1.52,+3.66%,107700
ATEX,2019-05-22,42.91,43.31,41.395,43.16,0.14,+0.33%,77300
ATEX,2019-05-23,42.79,44.31,42.79,44.2,1.04,+2.41%,160700
ATEX,2019-05-24,44.99,50.99,44.99,49.7,5.5,+12.44%,370500
ATEX,2019-05-28,50,51.33,49.16,49.35,-0.35,-0.70%,424500
ATEX,2019-05-29,49.01,50.75,48.23,49.76,0.41,+0.83%,201800
ATEX,2019-05-30,49.51,50.155,47.865,48,-1.76,-3.54%,236900
ATEX,2019-05-31,47.13,49.61,46.89,48.75,0.75,+1.56%,206700
ATEX,2019-06-03,48.75,49.14,47.27,48,-0.75,-1.54%,127800
ATEX,2019-06-04,48.57,48.57,47.78,47.99,-0.01,-0.02%,123400
ATEX,2019-06-05,48.02,48.48,47.555,47.89,-0.1,-0.21%,100000
ATEX,2019-06-06,48.23,49.65,48.12,48.79,0.9,+1.88%,92000
ATEX,2019-06-07,49.01,49.11,48.375,49.06,0.27,+0.55%,84900
ATEX,2019-06-10,49.06,49.75,48.765,48.98,-0.08,-0.16%,65200
ATEX,2019-06-11,49.3,49.3,48.33,48.7,-0.28,-0.57%,80700
ATEX,2019-06-12,48.65,49.44,48.37,48.99,0.29,+0.60%,92400
ATEX,2019-06-13,49,49.11,47.52,47.99,-1.,-2.04%,124400
ATEX,2019-06-14,48.06,48.55,47.21,47.33,-0.66,-1.38%,82400
ATEX,2019-06-17,48.15,48.96,47.3,47.76,0.43,+0.91%,43700
ATEX,2019-06-18,47.81,48.347,46.255,46.39,-1.37,-2.87%,64200
ATEX,2019-06-19,45.98,47.12,45.55,46.66,0.27,+0.58%,50200
ATEX,2019-06-20,46.92,47.17,46.3,46.86,0.2,+0.43%,36000
ATEX,2019-06-21,46.68,47.285,46.3,46.92,0.06,+0.13%,56000
ATEX,2019-06-24,47.03,47.1,46.22,47.06,0.14,+0.30%,49100
ATEX,2019-06-25,46.59,47.26,46.385,46.68,-0.38,-0.81%,65000
ATEX,2019-06-26,46.91,47.95,46.4,47.58,0.9,+1.93%,50400
ATEX,2019-06-27,47.51,48.735,46.4,46.94,-0.64,-1.35%,73500
ATEX,2019-06-28,47.15,47.77,46.4,47,0.06,+0.13%,406700
ATEX,2019-07-01,47.54,48.88,46.42,47.5,0.5,+1.06%,123800
ATEX,2019-07-02,47.81,48.155,46.59,47.34,-0.16,-0.34%,43100
ATEX,2019-07-03,47.43,48.38,47.18,47.73,0.39,+0.82%,25400
ATEX,2019-07-05,47.48,48.71,46.7928,47.98,0.25,+0.52%,60500
ATEX,2019-07-08,47.82,48.48,47.1,47.8,-0.18,-0.38%,40000
ATEX,2019-07-09,47.68,48.05,47.08,47.2,-0.6,-1.26%,97000
ATEX,2019-07-10,47.66,48.39,46.81,47,-0.2,-0.42%,70300
ATEX,2019-07-11,46.75,47.13,46.37,46.73,-0.27,-0.57%,34400
ATEX,2019-07-12,46.78,47.5,46.59,47.36,0.63,+1.35%,23400
ATEX,2019-07-15,47.4,48.635,46.505,46.81,-0.55,-1.16%,22800
ATEX,2019-07-16,45.4,48.58,44.51,47.08,0.27,+0.58%,190600
ATEX,2019-07-17,45.63,46,43.75,44.25,-2.83,-6.01%,922200
ATEX,2019-07-18,43.65,44.85,43.65,44.55,0.3,+0.68%,405000
ATEX,2019-07-19,44.52,45.18,43.23,43.36,-1.19,-2.67%,180700
ATEX,2019-07-22,43.38,43.78,42.41,42.97,-0.39,-0.90%,196800
ATEX,2019-07-23,43.19,45.75,41.7678,45.23,2.26,+5.26%,150000
ATEX,2019-07-24,44.98,45.33,44.3425,45.29,0.06,+0.13%,200400
ATEX,2019-07-25,45.35,45.72,44.625,45.2,-0.09,-0.20%,117400
ATEX,2019-07-26,45.54,46.17,44.67,45.17,-0.03,-0.07%,240400
ATEX,2019-07-29,45.11,45.71,44.6,44.96,-0.21,-0.46%,79100
ATEX,2019-07-30,44.96,45.93,44.17,44.44,-0.52,-1.16%,125100
ATEX,2019-07-31,44.31,45.36,44.31,44.49,0.05,+0.11%,152400
ATEX,2019-08-01,44.52,45.05,43.47,44.21,-0.28,-0.63%,172500
ATEX,2019-08-02,43.71,44.2,43.06,43.78,-0.43,-0.97%,163300
ATEX,2019-08-05,42.93,43.725,41.97,43.4,-0.38,-0.87%,141900
ATEX,2019-08-06,43.34,44.41,42.6,42.99,-0.41,-0.94%,111500
ATEX,2019-08-07,42.46,45.63,42.28,44.22,1.23,+2.86%,98400
ATEX,2019-08-08,44.53,45.1,43.79,45.04,0.82,+1.85%,151200
ATEX,2019-08-09,46.51,46.51,43.01,43.25,-1.79,-3.97%,100400
ATEX,2019-08-12,42.98,42.98,40.62,40.99,-2.26,-5.23%,87500
ATEX,2019-08-13,40.9,41.52,39.9,39.97,-1.02,-2.49%,60700
ATEX,2019-08-14,39.36,39.52,36.53,37.5,-2.47,-6.18%,419800
ATEX,2019-08-15,37.82,43.09,37.68,42.82,5.32,+14.19%,275900
ATEX,2019-08-16,43,43.02,41.1,41.39,-1.43,-3.34%,90800
ATEX,2019-08-19,41.87,42.39,40.36,41.99,0.6,+1.45%,81800
ATEX,2019-08-20,41.9,43.275,40.94,43.04,1.05,+2.50%,145700
ATEX,2019-08-21,43.09,43.29,42.26,42.91,-0.13,-0.30%,73500
ATEX,2019-08-22,43.25,43.39,41.95,42.41,-0.5,-1.17%,75500
ATEX,2019-08-23,42.15,42.48,40.96,41.94,-0.47,-1.11%,151400
ATEX,2019-08-26,42.24,43.01,41.36,42.94,1,+2.38%,110000
ATEX,2019-08-27,43.09,44.05,42.89,43.68,0.74,+1.72%,135700
ATEX,2019-08-28,43.55,43.62,41.5,41.64,-2.04,-4.67%,85600
ATEX,2019-08-29,41.88,41.88,40.08,40.42,-1.22,-2.93%,57300
ATEX,2019-08-30,40.42,40.66,38.08,38.75,-1.67,-4.13%,114500
ATEX,2019-09-03,38.76,39.01,37.675,38.47,-0.28,-0.72%,123400
ATEX,2019-09-04,38.6,39.05,36.37,36.57,-1.9,-4.94%,135900
ATEX,2019-09-05,37.55,38.07,36.5,37.68,1.11,+3.04%,116000
ATEX,2019-09-06,37.72,37.99,37.07,37.5,-0.18,-0.48%,59500
ATEX,2019-09-09,37.4,38.265,37.1,37.51,0.01,+0.03%,94500
ATEX,2019-09-10,37.37,38.18,36.61,37.68,0.17,+0.45%,101200
ATEX,2019-09-11,37.7,40.81,37.2,40.52,2.84,+7.54%,193800
ATEX,2019-09-12,40.5,40.74,39.42,39.8,-0.72,-1.78%,118500
ATEX,2019-09-13,39.96,39.96,39.23,39.62,-0.18,-0.45%,83100
ATEX,2019-09-16,39.36,39.905,39.195,39.59,-0.03,-0.08%,81200
ATEX,2019-09-17,39.42,40.07,38.995,39.99,0.4,+1.01%,40900
ATEX,2019-09-18,39.96,40.19,39.21,39.8,-0.19,-0.48%,70100
ATEX,2019-09-19,39.84,39.91,39.31,39.57,-0.23,-0.58%,41000
ATEX,2019-09-20,39.5,39.63,37.79,37.89,-1.68,-4.25%,260400
ATEX,2019-09-23,38.03,38.57,37.22,37.26,-0.63,-1.66%,76300
ATEX,2019-09-24,37.27,37.44,35.27,35.6,-1.66,-4.46%,131100
ATEX,2019-09-25,35.45,35.93,34.9,35.86,0.26,+0.73%,65600
ATEX,2019-09-26,35.57,35.79,35.03,35.17,-0.69,-1.92%,87700
ATEX,2019-09-27,35.24,36.64,34.9,35.67,0.5,+1.42%,113500
ATEX,2019-09-30,35.77,37.125,35.26,36.2,0.53,+1.49%,138500
ATEX,2019-10-01,36.59,39.39,36.36,38.2,2,+5.52%,177800
ATEX,2019-10-02,38.01,39.595,37.36,38.67,0.47,+1.23%,133000
ATEX,2019-10-03,38.6,38.97,37.695,38.29,-0.38,-0.98%,98300
ATEX,2019-10-04,38.21,40.18,38.21,40.09,1.8,+4.70%,116900
ATEX,2019-10-07,40,40.02,36.95,37.82,-2.27,-5.66%,114900
ATEX,2019-10-08,37.98,37.98,36.64,36.93,-0.89,-2.35%,61400
ATEX,2019-10-09,37.1,37.65,36.54,37.49,0.56,+1.52%,63800
ATEX,2019-10-10,37.39,38.855,37.39,38.57,1.08,+2.88%,85200
ATEX,2019-10-11,39.01,41.3,38.53,41,2.43,+6.30%,216200
ATEX,2019-10-14,40.75,40.75,37.07,37.71,-3.29,-8.02%,162300
ATEX,2019-10-15,37.5,39.32,37.03,39,1.29,+3.42%,108300
ATEX,2019-10-16,38.68,39.1665,37.87,38.56,-0.44,-1.13%,59700
ATEX,2019-10-17,38.71,39.52,38.32,39.01,0.45,+1.17%,74100
ATEX,2019-10-18,39,39.63,38.02,39.55,0.54,+1.38%,90600
ATEX,2019-10-21,39.77,40.49,38.91,39.88,0.33,+0.83%,59700
ATEX,2019-10-22,39.83,40.17,38.9,39.32,-0.56,-1.40%,47500
ATEX,2019-10-23,39.09,39.72,38.69,39.06,-0.26,-0.66%,38900
ATEX,2019-10-24,39.06,40.15,38.01,38.48,-0.58,-1.48%,49800
ATEX,2019-10-25,38.49,39.72,38.3,39.5,1.02,+2.65%,63100
ATEX,2019-10-28,39.59,40.95,38.76,39.04,-0.46,-1.16%,85700
ATEX,2019-10-29,39.01,39.48,38.29,39.36,0.32,+0.82%,44300
ATEX,2019-10-30,39.31,40.5,38.94,39.81,0.45,+1.14%,55000
ATEX,2019-10-31,39.86,40.8,39.21,40.56,0.75,+1.88%,65600
ATEX,2019-11-01,40.8,41.8,40.68,41.25,0.69,+1.70%,106600
ATEX,2019-11-04,41.53,42,41.01,41.63,0.38,+0.92%,91700
ATEX,2019-11-05,41.61,42.78,41.28,42.73,1.1,+2.64%,95200
ATEX,2019-11-06,42.7,43.4,42.02,43.25,0.52,+1.22%,125500
ATEX,2019-11-07,43.4,45.69,42.8,45.45,2.2,+5.09%,281300
ATEX,2019-11-08,45.67,46.53,43.45,44.66,-0.79,-1.74%,83300
ATEX,2019-11-11,44.36,44.59,43.01,43.91,-0.75,-1.68%,115700
ATEX,2019-11-12,43.55,44.1,42.63,43.03,-0.88,-2.00%,91400
ATEX,2019-11-13,43,43.06,39.83,41.57,-1.46,-3.39%,133400
ATEX,2019-11-14,41.23,41.68,40.32,41.02,-0.55,-1.32%,93900
ATEX,2019-11-15,41.41,41.8,40.06,40.79,-0.23,-0.56%,96100
ATEX,2019-11-18,40.68,41.16,39.21,40.8,0.01,+0.02%,128800
ATEX,2019-11-19,40.82,40.82,39.28,40.09,-0.71,-1.74%,97500
ATEX,2019-11-20,39.89,40.35,39.08,40.11,0.02,+0.05%,109900
ATEX,2019-11-21,39.93,40.3,39.38,40.26,0.15,+0.37%,66100
ATEX,2019-11-22,40.34,41.31,39.79,40.96,0.7,+1.74%,97500
ATEX,2019-11-25,41.2,41.64,40.6,41.11,0.15,+0.37%,78800
ATEX,2019-11-26,41.06,41.97,40.66,40.94,-0.17,-0.41%,54700
ATEX,2019-11-27,41.25,42.12,41.08,41.97,1.03,+2.52%,60300
ATEX,2019-11-29,41.89,42.52,41.67,42.47,0.5,+1.19%,36900
ATEX,2019-12-02,42.58,42.58,40.87,41.87,-0.6,-1.41%,83900
ATEX,2019-12-03,41.29,42.77,41.17,42.77,0.9,+2.15%,71100
ATEX,2019-12-04,43.03,43.03,41.62,42.05,-0.72,-1.68%,85900
ATEX,2019-12-05,42.07,42.528,41.685,42.1,0.05,+0.12%,57200
ATEX,2019-12-06,42.4,42.97,42,42.84,0.74,+1.76%,58100
ATEX,2019-12-09,42.67,43.06,41.61,42.2,-0.64,-1.49%,109500
ATEX,2019-12-10,41.94,42.47,40.9,41.05,-1.15,-2.73%,112300
ATEX,2019-12-11,41.18,41.555,40.67,41.1,0.05,+0.12%,82600
ATEX,2019-12-12,41.08,41.5,40.35,40.55,-0.55,-1.34%,76900
ATEX,2019-12-13,40.49,40.89,39.99,40.19,-0.36,-0.89%,88300
ATEX,2019-12-16,40.42,40.65,39.92,40.31,0.12,+0.30%,81600
ATEX,2019-12-17,40.27,40.51,39.75,40.31,0,0.00%,86700
ATEX,2019-12-18,40.43,40.74,39.51,39.66,-0.65,-1.61%,88800
ATEX,2019-12-19,39.79,40.95,39.37,40.48,0.82,+2.07%,70100
ATEX,2019-12-20,40.34,42.9,39.88,42.4,1.92,+4.74%,247900
ATEX,2019-12-23,42.38,42.88,41.46,42.1,-0.3,-0.71%,80600
ATEX,2019-12-24,42.01,42.415,41.84,42.24,0.14,+0.33%,25000
ATEX,2019-12-26,42.27,43.03,41.46,43.03,0.79,+1.87%,88700
ATEX,2019-12-27,43.09,43.405,41.92,42.15,-0.88,-2.05%,41100
ATEX,2019-12-30,42.22,42.22,41.135,41.8,-0.35,-0.83%,47900
ATEX,2019-12-31,41.76,43.545,41.41,43.21,1.41,+3.37%,84000
ATEX,2020-01-02,43.51,43.8,42.41,42.76,-0.45,-1.04%,65500
ATEX,2020-01-03,42.27,43.73,42.27,43.41,0.65,+1.52%,48500
ATEX,2020-01-06,43.24,44.31,42.89,43.91,0.5,+1.15%,90200
ATEX,2020-01-07,43.84,45.94,43.67,45.76,1.85,+4.21%,158800
ATEX,2020-01-08,45.4,46.2,44.65,45.96,0.2,+0.44%,138000
ATEX,2020-01-09,46.1,46.4,45.635,45.9,-0.06,-0.13%,68700
ATEX,2020-01-10,46.04,47.2,45.67,46.68,0.78,+1.70%,116900
ATEX,2020-01-13,46.69,47.2,46.31,46.97,0.29,+0.62%,72400
ATEX,2020-01-14,46.87,48,46.78,47.57,0.6,+1.28%,105600
ATEX,2020-01-15,47.61,48.4,47.04,48.23,0.66,+1.39%,81600
ATEX,2020-01-16,48.23,49,47.98,48.86,0.63,+1.31%,102000
ATEX,2020-01-17,49,49,47.85,48.07,-0.79,-1.62%,110500
ATEX,2020-01-21,47.98,49.2,47.76,48.38,0.31,+0.64%,79600
ATEX,2020-01-22,48.59,49.2,48.27,48.51,0.13,+0.27%,134600
ATEX,2020-01-23,48.5,48.83,47.2,47.7,-0.81,-1.67%,72800
ATEX,2020-01-24,47.69,47.9393,47.03,47.6,-0.1,-0.21%,244700
ATEX,2020-01-27,46.62,48,46.35,47.8,0.2,+0.42%,99800
ATEX,2020-01-28,47.94,48.42,47.8,47.99,0.19,+0.40%,97800
ATEX,2020-01-29,48.17,48.17,46.11,46.47,-1.52,-3.17%,404800
ATEX,2020-01-30,46.16,46.5,44.25,45.59,-0.88,-1.89%,203400
ATEX,2020-01-31,45.46,47.39,45,46.46,0.87,+1.91%,113400
ATEX,2020-02-03,46.25,48.34,46.25,47.49,1.03,+2.22%,61600
ATEX,2020-02-04,47.81,48.78,46.85,47.9,0.41,+0.86%,81600
ATEX,2020-02-05,48.6,48.84,47.06,48.59,0.69,+1.44%,181300
ATEX,2020-02-06,48.94,49.13,47.42,48.06,-0.53,-1.09%,142000
ATEX,2020-02-07,47.96,48.53,46.99,47.37,-0.69,-1.44%,67700
ATEX,2020-02-10,47.32,48.33,46.7729,47.42,0.05,+0.11%,69200
ATEX,2020-02-11,47.64,48.98,47.16,47.78,0.36,+0.76%,52500
ATEX,2020-02-12,47.99,48.275,47.14,47.91,0.13,+0.27%,110100
ATEX,2020-02-13,47.9,48.06,46.73,47.51,-0.4,-0.83%,50800
ATEX,2020-02-14,47.33,48.36,47.11,47.33,-0.18,-0.38%,40400
ATEX,2020-02-18,47.29,48.67,47.29,48.05,0.72,+1.52%,54400
ATEX,2020-02-19,48.14,48.77,47.45,48.04,-0.01,-0.02%,78600
ATEX,2020-02-20,48.44,49.69,47.84,49.37,1.33,+2.77%,207400
ATEX,2020-02-21,49.51,49.67,48.3,49.43,0.06,+0.12%,237300
ATEX,2020-02-24,48.13,48.8,46.84,48.36,-1.07,-2.16%,96800
ATEX,2020-02-25,48.41,48.8,46.73,47.04,-1.32,-2.73%,119900
ATEX,2020-02-26,47.13,48.43,46,46.59,-0.45,-0.96%,61200
ATEX,2020-02-27,45.85,47.61,45.09,47.26,0.67,+1.44%,189300
ATEX,2020-02-28,46.16,47.68,44.6,46.85,-0.41,-0.87%,150600
ATEX,2020-03-02,47.38,49,46.19,48.23,1.38,+2.95%,106700
ATEX,2020-03-03,48.27,49.585,47.3,48,-0.23,-0.48%,86100
ATEX,2020-03-04,48.74,49.49,47.94,48.1,0.1,+0.21%,115200
ATEX,2020-03-05,47.64,48.61,46.57,47.74,-0.36,-0.75%,107500
ATEX,2020-03-06,47.28,47.99,45.66,47.58,-0.16,-0.34%,114200
ATEX,2020-03-09,45.42,47.4,45.07,46.56,-1.02,-2.14%,161500
ATEX,2020-03-10,47.48,48.77,44.84,48.51,1.95,+4.19%,188600
ATEX,2020-03-11,47.68,47.92,43.05,45.05,-3.46,-7.13%,172400
ATEX,2020-03-12,42.26,44.585,36.74,37.97,-7.08,-15.72%,194000
ATEX,2020-03-13,40,41.7076,35.89,40.08,2.11,+5.56%,266000
ATEX,2020-03-16,36.73,36.96,29.38,32.22,-7.86,-19.61%,184500
ATEX,2020-03-17,32.2,37.22,32.2,36.27,4.05,+12.57%,142800
ATEX,2020-03-18,35.55,35.8635,30.72,33.6,-2.67,-7.36%,138000
ATEX,2020-03-19,33.6,40.47,32.315,38.95,5.35,+15.92%,122700
ATEX,2020-03-20,38.98,41.07,34.07,34.07,-4.88,-12.53%,206600
ATEX,2020-03-23,34.46,35.9736,31.82,33.92,-0.15,-0.44%,75300
ATEX,2020-03-24,35.95,39.22,35.3,38.98,5.06,+14.92%,97400
ATEX,2020-03-25,38.57,40.64,37,38.34,-0.64,-1.64%,84900
ATEX,2020-03-26,38.81,45.47,34.93,42.74,4.4,+11.48%,153600
ATEX,2020-03-27,40.81,41.555,38.48,40.16,-2.58,-6.04%,142800
ATEX,2020-03-30,40.76,44.22,39.615,43.62,3.46,+8.62%,71100
ATEX,2020-03-31,43.39,46.5,43.39,45.67,2.05,+4.70%,147200
ATEX,2020-04-01,43.41,44.84,41.66,43.06,-2.61,-5.71%,107000
ATEX,2020-04-02,42.56,45.61,41.79,44.81,1.75,+4.06%,249500
ATEX,2020-04-03,44.25,44.25,38.56,39.66,-5.15,-11.49%,125300
ATEX,2020-04-06,41.12,41.71,39.8,41.57,1.91,+4.82%,142900
ATEX,2020-04-07,42.1,43.43,40.7,41,-0.57,-1.37%,134800
ATEX,2020-04-08,44.69,47.04,43.78,46.07,5.07,+12.37%,226500
ATEX,2020-04-09,48,48.935,45.27,46.45,0.38,+0.82%,61200
ATEX,2020-04-13,46.34,46.9,45.02,46,-0.45,-0.97%,37100
ATEX,2020-04-14,47.15,47.55,45.325,45.96,-0.04,-0.09%,34100
ATEX,2020-04-15,44.31,47.59,44.23,47.38,1.42,+3.09%,80900
ATEX,2020-04-16,47.74,48.07,45.69,46.75,-0.63,-1.33%,140300
ATEX,2020-04-17,48.41,49.518,47.44,48.79,2.04,+4.36%,105000
ATEX,2020-04-20,47.67,49.69,47.67,49,0.21,+0.43%,48300
ATEX,2020-04-21,47.91,55.5,46.1,53.85,4.85,+9.90%,353600
ATEX,2020-04-22,55.34,56.7,51.95,53.18,-0.67,-1.24%,385600
ATEX,2020-04-23,53.18,54.8622,52.87,53.45,0.27,+0.51%,590400
ATEX,2020-04-24,54.1,54.18,53.16,53.3,-0.15,-0.28%,244100
ATEX,2020-04-27,53.5,54.215,53.32,53.59,0.29,+0.54%,107100
ATEX,2020-04-28,54.55,54.55,52.36,53.48,-0.11,-0.21%,159300
ATEX,2020-04-29,55.41,55.41,53.14,53.49,0.01,+0.02%,98200
ATEX,2020-04-30,53,53.9,52.415,52.5,-0.99,-1.85%,195600
ATEX,2020-05-01,51.57,52.25,50.81,51.5,-1.,-1.90%,106200
ATEX,2020-05-04,51.45,51.84,50.08,50.75,-0.75,-1.46%,128100
ATEX,2020-05-05,52.02,52.02,50.59,50.94,0.19,+0.37%,82900
ATEX,2020-05-06,51.13,51.52,48.53,48.9,-2.04,-4.00%,112400
ATEX,2020-05-07,49.94,50.075,49.12,50,1.1,+2.25%,95800
ATEX,2020-05-08,50.84,51.19,49.59,50,0,0.00%,448000
ATEX,2020-05-11,49.72,50.9,48.96,50.69,0.69,+1.38%,174700
ATEX,2020-05-12,51,51.21,50.095,50.22,-0.47,-0.93%,149400
ATEX,2020-05-13,50.5,56.91,50.07,55.76,5.54,+11.03%,1016800
ATEX,2020-05-14,55.46,55.79,53.37,55.46,-0.3,-0.54%,224300
ATEX,2020-05-15,55.14,56.04,54.39,54.8,-0.66,-1.19%,124100
ATEX,2020-05-18,56,56.5,54.81,55.74,0.94,+1.72%,239500
ATEX,2020-05-19,55.71,57,55.62,55.66,-0.08,-0.14%,249800
ATEX,2020-05-20,56.23,57.75,56.04,57,1.34,+2.41%,235300
ATEX,2020-05-21,56.87,57.44,56.15,56.15,-0.85,-1.49%,89000
ATEX,2020-05-22,56.79,56.79,55.125,55.55,-0.6,-1.07%,119300
ATEX,2020-05-26,56,56.43,54.03,54.64,-0.91,-1.64%,164600
ATEX,2020-05-27,55.25,55.25,53,53.9,-0.74,-1.35%,185700
ATEX,2020-05-28,54.22,54.59,53.5,53.59,-0.31,-0.58%,126000
ATEX,2020-05-29,53.59,53.77,52.635,53.6,0.01,+0.02%,189300
ATEX,2020-06-01,53.73,54,52.6,52.62,-0.98,-1.83%,149400
ATEX,2020-06-02,52.9,53.6865,52.04,52.92,0.3,+0.57%,155600
ATEX,2020-06-03,53.26,55.25,53.26,54.49,1.57,+2.97%,294400
ATEX,2020-06-04,53.94,55,53.27,54.75,0.26,+0.48%,158900
ATEX,2020-06-05,56.07,57.7,54.74,56.13,1.38,+2.52%,513300
ATEX,2020-06-08,56.78,56.78,54.33,54.75,-1.38,-2.46%,110700
ATEX,2020-06-09,54.205,55.15,53.5001,53.96,-0.79,-1.44%,119400
ATEX,2020-06-10,54.13,54.49,53.07,53.69,-0.27,-0.50%,80800
ATEX,2020-06-11,53.025,54.675,51.75,51.87,-1.82,-3.39%,101600
ATEX,2020-06-12,53.04,53.427,51.92,52.44,0.57,+1.10%,183300
ATEX,2020-06-15,51.6,53.19,50.64,52.68,0.24,+0.46%,85700
ATEX,2020-06-16,52.6,54.225,52.375,53.16,0.48,+0.91%,85200
ATEX,2020-06-17,53.48,53.6,51.3,52.38,-0.78,-1.47%,94600
ATEX,2020-06-18,52.49,53.925,52.37,53.06,0.68,+1.30%,72200
ATEX,2020-06-19,53.41,54.25,52.89,53.26,0.2,+0.38%,172600
ATEX,2020-06-22,53.22,53.43,51.67,52.16,-1.1,-2.07%,122700
ATEX,2020-06-23,52.25,52.25,51.49,51.72,-0.44,-0.84%,91000
ATEX,2020-06-24,51.37,51.605,48.89,49.92,-1.8,-3.48%,110200
ATEX,2020-06-25,49.84,49.97,47.92,49.76,-0.16,-0.32%,99900
ATEX,2020-06-26,49.67,49.67,45.08,45.21,-4.55,-9.14%,483000
ATEX,2020-06-29,47.01,47.01,44.29,44.45,-0.76,-1.68%,186100
ATEX,2020-06-30,44.24,45.72,43.64,45.34,0.89,+2.00%,277700
ATEX,2020-07-01,45.33,45.73,44.07,45.33,-0.01,-0.02%,113600
ATEX,2020-07-02,45.66,45.82,43.51,43.73,-1.6,-3.53%,111400
ATEX,2020-07-06,44.47,44.52,42.5,42.76,-0.97,-2.22%,111800
ATEX,2020-07-07,42.54,42.855,40.3,41.88,-0.88,-2.06%,175700
ATEX,2020-07-08,41.96,43.2,41.47,42.58,0.7,+1.67%,122200
ATEX,2020-07-09,42.71,42.71,41.4,41.79,-0.79,-1.86%,130400
ATEX,2020-07-10,41.78,43.31,41.52,43.23,1.44,+3.45%,70100
ATEX,2020-07-13,43.43,43.51,42.08,42.32,-0.91,-2.11%,92200
ATEX,2020-07-14,42.34,42.81,41.805,42.58,0.26,+0.61%,78900
ATEX,2020-07-15,43.05,43.58,42.58,43.01,0.43,+1.01%,123100
ATEX,2020-07-16,43,44.51,42.87,44.03,1.02,+2.37%,88700
ATEX,2020-07-17,43.93,44.88,43.17,43.59,-0.44,-1.00%,59600
ATEX,2020-07-20,43.58,44.1,42.95,43.07,-0.52,-1.19%,58900
ATEX,2020-07-21,43.61,43.85,42,42.79,-0.28,-0.65%,161000
ATEX,2020-07-22,42.55,42.55,41.5,41.89,-0.9,-2.10%,75100
ATEX,2020-07-23,41.76,42.5225,41.7,42.17,0.28,+0.67%,49000
ATEX,2020-07-24,41.92,42.645,41.68,42.15,-0.02,-0.05%,59900
ATEX,2020-07-27,42.11,42.75,41.96,42.71,0.56,+1.33%,82700
ATEX,2020-07-28,42.5,42.8,42.42,42.6,-0.11,-0.26%,60200
ATEX,2020-07-29,42.88,43.84,42.56,42.66,0.06,+0.14%,78800
ATEX,2020-07-30,42.39,43.81,42.39,43.15,0.49,+1.15%,76600
ATEX,2020-07-31,43.2,43.69,42.64,43.58,0.43,+1.00%,88200
ATEX,2020-08-03,43.61,44.79,43.402,44.64,1.06,+2.43%,84100
ATEX,2020-08-04,44.65,45.14,44.07,44.6,-0.04,-0.09%,59400
ATEX,2020-08-05,44.75,45.29,43.74,43.95,-0.65,-1.46%,93500
ATEX,2020-08-06,43.78,44.66,43.25,44.6,0.65,+1.48%,76100
ATEX,2020-08-07,44.42,46.8,44.15,45.35,0.75,+1.68%,109200
ATEX,2020-08-10,45.46,46,45.02,45.53,0.18,+0.40%,59000
ATEX,2020-08-11,45.89,45.89,44.31,44.37,-1.16,-2.55%,103200
ATEX,2020-08-12,44.33,45.24,43.93,44.12,-0.25,-0.56%,88100
ATEX,2020-08-13,43.94,45,43.7,44.64,0.52,+1.18%,71000
ATEX,2020-08-14,44.6,45.5,43.85,44.72,0.08,+0.18%,69200
ATEX,2020-08-17,44.88,45.14,44.27,44.77,0.05,+0.11%,63700
ATEX,2020-08-18,45.11,45.55,44.4,45.44,0.67,+1.50%,72900
ATEX,2020-08-19,45.44,47.15,45.4,46.41,0.97,+2.13%,70200
ATEX,2020-08-20,45.94,46.97,45.26,46.23,-0.18,-0.39%,139700
ATEX,2020-08-21,45.91,46.275,44.88,45.44,-0.79,-1.71%,77300
ATEX,2020-08-24,45.81,45.81,44.88,45.25,-0.19,-0.42%,87900
ATEX,2020-08-25,44.8,45.18,44.38,44.98,-0.27,-0.60%,98000
ATEX,2020-08-26,45,45.15,44.52,44.77,-0.21,-0.47%,58100
ATEX,2020-08-27,44.94,44.94,44.05,44.28,-0.49,-1.09%,63100
ATEX,2020-08-28,44.54,44.54,43.57,44.09,-0.19,-0.43%,79900
ATEX,2020-08-31,43.86,43.94,43.51,43.74,-0.35,-0.79%,54400
ATEX,2020-09-01,43.38,43.525,42.77,43.15,-0.59,-1.35%,77000
ATEX,2020-09-02,42.85,43.6,42.77,43.44,0.29,+0.67%,83000
ATEX,2020-09-03,43.32,43.36,41.81,42.3,-1.14,-2.62%,90600
ATEX,2020-09-04,42.63,42.68,41.7,41.77,-0.53,-1.25%,85700
ATEX,2020-09-08,41.22,41.22,39.78,40.27,-1.5,-3.59%,97000
ATEX,2020-09-09,40.51,40.7,39.98,40.53,0.26,+0.65%,72400
ATEX,2020-09-10,40.48,41.08,39.95,40.33,-0.2,-0.49%,93400
ATEX,2020-09-11,40.44,41.11,39.82,40.2,-0.13,-0.32%,88600
ATEX,2020-09-14,40.4,43.75,40.4,43.5,3.3,+8.21%,140300
ATEX,2020-09-15,43.64,45.18,42.95,45.13,1.63,+3.75%,152400
ATEX,2020-09-16,45.27,46.585,44.37,46.33,1.2,+2.66%,255100
ATEX,2020-09-17,44.28,44.28,38.37,40.51,-5.82,-12.56%,427800
ATEX,2020-09-18,40.95,40.95,37.86,39.22,-1.29,-3.18%,591600
ATEX,2020-09-21,38.58,38.92,35.79,37,-2.22,-5.66%,210800
ATEX,2020-09-22,37.17,37.377,34.7345,36.35,-0.65,-1.76%,175100
ATEX,2020-09-23,36.4,36.47,35.05,35.13,-1.22,-3.36%,159200
ATEX,2020-09-24,35.08,35.16,34.16,34.26,-0.87,-2.48%,156400
ATEX,2020-09-25,34.07,34.7275,33.71,34.28,0.02,+0.06%,159200
ATEX,2020-09-28,34.72,35.12,33.38,33.95,-0.33,-0.96%,149800
ATEX,2020-09-29,33.82,33.98,32.675,33.56,-0.39,-1.15%,97600
ATEX,2020-09-30,33.53,33.6423,32.44,32.71,-0.85,-2.53%,117100
ATEX,2020-10-01,32.65,34.72,32.535,34.62,1.91,+5.84%,184500
ATEX,2020-10-02,34,34.85,33.25,34,-0.62,-1.79%,86600
ATEX,2020-10-05,34.29,35,33.91,34.75,0.75,+2.21%,55000
ATEX,2020-10-06,34.025,35.325,34.025,34.5,-0.25,-0.72%,82500
ATEX,2020-10-07,34.67,34.83,34.295,34.5,0,0.00%,80800
ATEX,2020-10-08,34.85,35.17,34.31,34.98,0.48,+1.39%,60300
ATEX,2020-10-09,35.3,35.535,34.495,34.75,-0.23,-0.66%,40600
ATEX,2020-10-12,34.7,35,34.38,34.84,0.09,+0.26%,45400
ATEX,2020-10-13,34.51,34.88,34.33,34.51,-0.33,-0.95%,50700
ATEX,2020-10-14,34.64,34.67,34.35,34.5,-0.01,-0.03%,40900
ATEX,2020-10-15,34.33,36.72,33.93,36.4,1.9,+5.51%,169000
ATEX,2020-10-16,36.3,36.71,35.31,35.75,-0.65,-1.79%,85200
ATEX,2020-10-19,36.12,36.84,35.59,35.67,-0.08,-0.22%,67700
ATEX,2020-10-20,35.86,36.3,33.3,33.84,-1.83,-5.13%,103800
ATEX,2020-10-21,33.95,34.17,33.19,33.63,-0.21,-0.62%,121300
ATEX,2020-10-22,34,35.09,32.98,34.4,0.77,+2.29%,453200
ATEX,2020-10-23,34.62,35.11,33.5,34.23,-0.17,-0.49%,80100
ATEX,2020-10-26,33.47,34.41,32.72,33.68,-0.55,-1.61%,130500
ATEX,2020-10-27,33.7,34.49,32.79,33.23,-0.45,-1.34%,134500
ATEX,2020-10-28,32.69,33.055,32.14,32.2,-1.03,-3.10%,72700
ATEX,2020-10-29,32.06,32.08,31.61,31.85,-0.35,-1.09%,66800
ATEX,2020-10-30,31.8,32.275,31.0001,31.92,0.07,+0.22%,101600
ATEX,2020-11-02,32.42,32.42,31.3,31.7,-0.22,-0.69%,46100
ATEX,2020-11-03,31.505,32.535,31.505,32.12,0.42,+1.32%,50400
ATEX,2020-11-04,31.84,32.92,30.96,32.5,0.38,+1.18%,66000
ATEX,2020-11-05,32.49,33.08,32.48,32.99,0.49,+1.51%,79600
ATEX,2020-11-06,33,33.235,31.93,32.25,-0.74,-2.24%,76600
ATEX,2020-11-09,33.78,34.74,32.29,32.3,0.05,+0.16%,86800
ATEX,2020-11-10,32.59,33.49,32.12,33.2,0.9,+2.79%,83000
ATEX,2020-11-11,33.34,33.35,32.12,32.33,-0.87,-2.62%,76300
ATEX,2020-11-12,32.1,32.915,32.01,32.6,0.27,+0.84%,81400
ATEX,2020-11-13,32.59,33,32.2,32.68,0.08,+0.25%,92200
ATEX,2020-11-16,33.48,33.48,32.13,32.39,-0.29,-0.89%,66200
ATEX,2020-11-17,31.56,33.36,31.56,32.79,0.4,+1.23%,117500
ATEX,2020-11-18,28.88,31,27.265,27.51,-5.28,-16.10%,519300
ATEX,2020-11-19,27.58,29.93,27.43,28.7,1.19,+4.33%,250700
ATEX,2020-11-20,28.84,30.25,28.335,29.13,0.43,+1.50%,169800
ATEX,2020-11-23,29.19,29.51,28.25,28.56,-0.57,-1.96%,133600
ATEX,2020-11-24,28.66,29,28.52,28.9,0.34,+1.19%,94800
ATEX,2020-11-25,29.09,29.88,28.885,29.08,0.18,+0.62%,94700
ATEX,2020-11-27,29.18,29.62,28.6,29.01,-0.07,-0.24%,51100
ATEX,2020-11-30,28.83,30.06,28.83,29.93,0.92,+3.17%,159000
ATEX,2020-12-01,29.93,30.75,29.63,30.32,0.39,+1.30%,78200
ATEX,2020-12-02,29.96,30.44,29.96,30.35,0.03,+0.10%,55200
ATEX,2020-12-03,30.36,30.7,30.08,30.41,0.06,+0.20%,42200
ATEX,2020-12-04,29.965,31.15,29.965,31.04,0.63,+2.07%,106900
ATEX,2020-12-07,30.3,31.01,30.03,30.77,-0.27,-0.87%,96400
ATEX,2020-12-08,30.69,30.79,29.52,29.71,-1.06,-3.44%,140700
ATEX,2020-12-09,29.92,30.51,29.615,30.03,0.32,+1.08%,63000
ATEX,2020-12-10,29.34,30.03,29.28,29.58,-0.45,-1.50%,50400
ATEX,2020-12-11,29.4,29.89,29.24,29.66,0.08,+0.27%,58800
ATEX,2020-12-14,29.95,30.25,28.67,28.82,-0.84,-2.83%,77500
ATEX,2020-12-15,28.88,29.93,28.85,29.88,1.06,+3.68%,61500
ATEX,2020-12-16,29.75,29.8173,28.82,29.55,-0.33,-1.10%,105000
ATEX,2020-12-17,29.48,29.75,28.66,29.18,-0.37,-1.25%,91700
ATEX,2020-12-18,29.41,30.225,29.19,29.47,0.29,+0.99%,166100
ATEX,2020-12-21,34,49.99,33.25,43.94,14.47,+49.10%,3077900
ATEX,2020-12-22,42.84,45.0399,40.02,40.36,-3.58,-8.15%,481200
ATEX,2020-12-23,40.4,41.76,39.41,41.09,0.73,+1.81%,267400
ATEX,2020-12-24,40.43,41.39,38.51,39.59,-1.5,-3.65%,98000
ATEX,2020-12-28,39.59,40.24,37.35,37.99,-1.6,-4.04%,135600
ATEX,2020-12-29,38.27,40.99,36.8101,39.05,1.06,+2.79%,184100
ATEX,2020-12-30,38.99,39.775,36.51,37.35,-1.7,-4.35%,113300
ATEX,2020-12-31,37.55,37.87,35.61,37.6,0.25,+0.67%,60000
ATEX,2021-01-04,36.81,38.03,36.285,36.79,-0.81,-2.15%,148300
ATEX,2021-01-05,36.73,37.34,34.29,35.22,-1.57,-4.27%,255900
ATEX,2021-01-06,35.47,36.05,33.2,34.17,-1.05,-2.98%,262300
ATEX,2021-01-07,34.13,34.32,32.1,32.9,-1.27,-3.72%,599500
ATEX,2021-01-08,33.15,35.8,32.85,35.06,2.16,+6.57%,378700
ATEX,2021-01-11,34.84,36.5,34.68,36.44,1.38,+3.94%,211400
ATEX,2021-01-12,36.21,37.355,36.05,36.66,0.22,+0.60%,232800
ATEX,2021-01-13,37.66,39.25,36.51,37.52,0.86,+2.35%,312000
ATEX,2021-01-14,37.57,38.1672,36.56,37.98,0.46,+1.23%,164400
ATEX,2021-01-15,37.77,38.39,36.68,38.06,0.08,+0.21%,106200
ATEX,2021-01-19,38.35,40.285,37.33,39.57,1.51,+3.97%,186100
ATEX,2021-01-20,39.27,40.97,38.59,40.27,0.7,+1.77%,258800
ATEX,2021-01-21,38.81,40.63,38.81,39.92,-0.35,-0.87%,123300
ATEX,2021-01-22,40.01,40.96,39.4,40.34,0.42,+1.05%,143900
ATEX,2021-01-25,40.36,41.42,39.65,40.71,0.37,+0.92%,268600
ATEX,2021-01-26,40.59,41.2,40.13,40.99,0.28,+0.69%,116500
ATEX,2021-01-27,39.725,42.64,37.7511,37.81,-3.18,-7.76%,384100
ATEX,2021-01-28,38.42,39.08,37.42,38.25,0.44,+1.16%,165500
ATEX,2021-01-29,37.95,38.2,36.01,36.28,-1.97,-5.15%,143200
ATEX,2021-02-01,38.7,38.7,35.48,36.16,-0.12,-0.33%,304700
ATEX,2021-02-02,36.6,36.6,35.4,35.61,-0.55,-1.52%,244300
ATEX,2021-02-03,36.68,36.68,34.95,35.34,-0.27,-0.76%,169200
ATEX,2021-02-04,35.53,36.58,34.84,36.02,0.68,+1.92%,304700
ATEX,2021-02-05,36.02,37.28,34.845,37.05,1.03,+2.86%,222700
ATEX,2021-02-08,37.31,38.17,36.4,36.94,-0.11,-0.30%,129800
ATEX,2021-02-09,36.58,37.25,34.91,37,0.06,+0.16%,265500
ATEX,2021-02-10,37.44,38.8899,36.18,36.85,-0.15,-0.41%,399200
ATEX,2021-02-11,36.67,37.39,35.94,37.22,0.37,+1.00%,224200
ATEX,2021-02-12,37.06,39.5,37.06,38.32,1.1,+2.96%,130400
ATEX,2021-02-16,40.01,41.5,39.27,40.55,2.23,+5.82%,486000
ATEX,2021-02-17,42,47.24,41.7,46.24,5.69,+14.03%,1027400
ATEX,2021-02-18,45.81,46.5,44,44.91,-1.33,-2.88%,296300
ATEX,2021-02-19,45.04,45.83,43.69,43.92,-0.99,-2.20%,236100
ATEX,2021-02-22,45.03,45.04,42.26,43.03,-0.89,-2.03%,229700
ATEX,2021-02-23,43.05,43.67,42.16,42.44,-0.59,-1.37%,181500
ATEX,2021-02-24,42.52,43.51,42.33,43.3,0.86,+2.03%,119900
ATEX,2021-02-25,43.63,44.07,42.42,42.91,-0.39,-0.90%,135100
ATEX,2021-02-26,43.44,43.72,42.08,42.23,-0.68,-1.58%,157400
ATEX,2021-03-01,43.14,45.49,43.14,44.47,2.24,+5.30%,179900
ATEX,2021-03-02,44.9,45.09,43.28,43.44,-1.03,-2.32%,354300
ATEX,2021-03-03,43.44,45.12,43.21,44.25,0.81,+1.86%,253000
ATEX,2021-03-04,44.02,44.41,41.6,42.09,-2.16,-4.88%,260400
ATEX,2021-03-05,42.69,43.31,39.49,43.01,0.92,+2.19%,221700
ATEX,2021-03-08,42.88,45.2,42.69,43.87,0.86,+2.00%,220900
ATEX,2021-03-09,44.88,45.19,43.45,43.93,0.06,+0.14%,188600
ATEX,2021-03-10,44.11,45,43.85,44.5,0.57,+1.30%,110900
ATEX,2021-03-11,45.4,45.4,44.12,44.84,0.34,+0.76%,226900
ATEX,2021-03-12,44.9,45.8,44.59,45.1,0.26,+0.58%,246700
ATEX,2021-03-15,45.68,47.2,45.05,46.64,1.54,+3.41%,412600
ATEX,2021-03-16,46.31,48.7748,45.87,47.6,0.96,+2.06%,306400
ATEX,2021-03-17,47.09,48.11,46.15,46.67,-0.93,-1.95%,121200
ATEX,2021-03-18,46.02,48.11,45.79,46.84,0.17,+0.36%,111700
ATEX,2021-03-19,46.51,47.43,45.57,46.38,-0.46,-0.98%,164700
ATEX,2021-03-22,46.1,48.34,45.5,46.87,0.49,+1.06%,231200
ATEX,2021-03-23,46.42,46.94,45.23,45.28,-1.59,-3.39%,95600
ATEX,2021-03-24,45.42,46.625,44.3201,44.49,-0.79,-1.74%,115400
ATEX,2021-03-25,44.05,45.22,43.4,45.15,0.66,+1.48%,225600
ATEX,2021-03-26,45.52,46.78,44.67,46.62,1.47,+3.26%,69300
ATEX,2021-03-29,46.37,47.585,44.13,44.76,-1.86,-3.99%,127400
ATEX,2021-03-30,44.65,45.61,44.395,45.19,0.43,+0.96%,67600
ATEX,2021-03-31,45.01,47.33,45.01,47.16,1.97,+4.36%,87200
ATEX,2021-04-01,46.52,48.31,46.52,46.92,-0.24,-0.51%,133200
ATEX,2021-04-05,47.49,48.02,46.83,48.02,1.1,+2.34%,54700
ATEX,2021-04-06,46.88,53.29,44.79,48.09,0.07,+0.15%,425100
ATEX,2021-04-07,47.37,47.81,46.2742,46.85,-1.24,-2.58%,169600
ATEX,2021-04-08,47.08,47.71,46.6,46.99,0.14,+0.30%,122800
ATEX,2021-04-09,46.99,47.33,46,46.24,-0.75,-1.60%,174200
ATEX,2021-04-12,46.13,46.5,45.16,46.39,0.15,+0.32%,167200
ATEX,2021-04-13,45.395,47.02,45.395,46.64,0.25,+0.54%,61400
ATEX,2021-04-14,46.69,47.67,46.08,46.4,-0.24,-0.51%,105700
ATEX,2021-04-15,46.5,47.49,46.47,47.46,1.06,+2.28%,76200
ATEX,2021-04-16,47.33,47.99,46.25,46.89,-0.57,-1.20%,87400
ATEX,2021-04-19,46.57,47.35,46.28,46.79,-0.1,-0.21%,80500
ATEX,2021-04-20,46.35,47.74,45.925,46.76,-0.03,-0.06%,127100
ATEX,2021-04-21,47.17,47.58,46.35,47.48,0.72,+1.54%,88700
ATEX,2021-04-22,47.75,48.47,46.4,46.79,-0.69,-1.45%,194300
ATEX,2021-04-23,46.8,47.5,45.65,46.29,-0.5,-1.07%,79000
ATEX,2021-04-26,46.5,47.05,46.09,46.09,-0.2,-0.43%,75000
ATEX,2021-04-27,46.62,46.9,45.11,45.95,-0.14,-0.30%,240000
ATEX,2021-04-28,46,46.6625,45.89,46,0.05,+0.11%,79900
ATEX,2021-04-29,46.25,46.68,45.85,46.52,0.52,+1.13%,118800
ATEX,2021-04-30,46.56,47.49,45.5,47.32,0.8,+1.72%,89700
ATEX,2021-05-03,47.47,49.46,47.47,48.34,1.02,+2.16%,90300
ATEX,2021-05-04,47.99,48.99,47.13,47.18,-1.16,-2.40%,71800
ATEX,2021-05-05,47.22,47.87,46.51,47.83,0.65,+1.38%,64800
ATEX,2021-05-06,47.74,48.04,46.905,47.56,-0.27,-0.56%,48500
ATEX,2021-05-07,47.34,49.64,47.18,48.39,0.83,+1.75%,124900
ATEX,2021-05-10,48.29,49.74,47.69,48.09,-0.3,-0.62%,83200
ATEX,2021-05-11,46.63,48.48,46.63,47.46,-0.63,-1.31%,64800
ATEX,2021-05-12,47.19,47.65,45.87,46.11,-1.35,-2.84%,75300
ATEX,2021-05-13,46,47.63,45.85,47.23,1.12,+2.43%,54800
ATEX,2021-05-14,47.3,48.25,46.67,47.96,0.73,+1.55%,53800
ATEX,2021-05-17,48.79,48.86,47.05,47.08,-0.88,-1.83%,77700
ATEX,2021-05-18,47.16,49.12,46.7,48,0.92,+1.95%,119300
ATEX,2021-05-19,47.43,48.92,47.11,48.41,0.41,+0.85%,70700
ATEX,2021-05-20,47.97,49.7,47.97,48.95,0.54,+1.12%,94700
ATEX,2021-05-21,49.41,49.41,47.95,48.91,-0.04,-0.08%,60400
ATEX,2021-05-24,48.65,48.855,47.51,48.36,-0.55,-1.12%,64500
ATEX,2021-05-25,48.28,48.28,47.25,47.67,-0.69,-1.43%,81900
ATEX,2021-05-26,47.8,49.27,47.26,48,0.33,+0.69%,109600
ATEX,2021-05-27,48.32,50.16,48.25,49.67,1.67,+3.48%,179500
ATEX,2021-05-28,49.74,50.0191,48.81,49.46,-0.21,-0.42%,36800
ATEX,2021-06-01,49.92,50.485,48.86,49.71,0.25,+0.51%,68800
ATEX,2021-06-02,49.9,50.295,49.2,49.72,0.01,+0.02%,64100
ATEX,2021-06-03,49.54,50.36,49.01,49.98,0.26,+0.52%,83900
ATEX,2021-06-04,50,50.3,49.75,50.11,0.13,+0.26%,51000
ATEX,2021-06-07,50.1,50.74,49.88,50.02,-0.09,-0.18%,118300
ATEX,2021-06-08,50.48,50.835,49.85,50.6,0.58,+1.16%,159600
ATEX,2021-06-09,50.67,51.9,49.97,50.36,-0.24,-0.47%,152300
ATEX,2021-06-10,50.35,51,50.14,50.3,-0.06,-0.12%,96500
ATEX,2021-06-11,50.59,50.88,49.85,50.09,-0.21,-0.42%,96300
ATEX,2021-06-14,49.91,50.4,49.625,50.05,-0.04,-0.08%,150000
ATEX,2021-06-15,50.5,50.5,49.87,50.16,0.11,+0.22%,141900
ATEX,2021-06-16,48.79,50.99,48.13,49.98,-0.18,-0.36%,205900
ATEX,2021-06-17,50.9,58.99,50.21,58.65,8.67,+17.35%,844900
ATEX,2021-06-18,58.19,60.01,56.92,59.71,1.06,+1.81%,334400
ATEX,2021-06-21,59.7,62.46,58.37,61.39,1.68,+2.81%,308200
ATEX,2021-06-22,61.7,63.37,60.86,62.79,1.4,+2.28%,174300
ATEX,2021-06-23,63.69,64.9,63.19,63.51,0.72,+1.15%,172000
ATEX,2021-06-24,63.64,64.955,62.62,63.18,-0.33,-0.52%,161900
ATEX,2021-06-25,63.26,63.5,61.91,61.96,-1.22,-1.93%,494400
ATEX,2021-06-28,61.94,61.94,59.14,60.67,-1.29,-2.08%,105500
ATEX,2021-06-29,61,61.55,59.72,59.97,-0.7,-1.15%,80300
ATEX,2021-06-30,60.1,60.29,59.61,59.99,0.02,+0.03%,103100
ATEX,2021-07-01,59.74,60.27,59.28,60,0.01,+0.02%,93500
ATEX,2021-07-02,60.34,60.42,58.8065,59.45,-0.55,-0.92%,55200
ATEX,2021-07-06,60.17,60.17,57.94,58.41,-1.04,-1.75%,99500
ATEX,2021-07-07,58.16,58.78,56.89,58.23,-0.18,-0.31%,72000
ATEX,2021-07-08,57.66,60.05,57.5,59.38,1.15,+1.97%,81100
ATEX,2021-07-09,58.81,59.5,58.45,59.29,-0.09,-0.15%,66900
ATEX,2021-07-12,59.36,60.17,58,59.55,0.26,+0.44%,61000
ATEX,2021-07-13,60.185,60.185,58.66,59.8,0.25,+0.42%,64700
ATEX,2021-07-14,59.85,60.42,57.15,57.57,-2.23,-3.73%,90300
ATEX,2021-07-15,57.38,58.53,56.61,58.4,0.83,+1.44%,59600
ATEX,2021-07-16,58.85,59.46,57.82,58.38,-0.02,-0.03%,64500
ATEX,2021-07-19,58.38,60.31,57.32,60.11,1.73,+2.96%,165900
ATEX,2021-07-20,60,60.97,59.46,59.92,-0.19,-0.32%,91500
ATEX,2021-07-21,60.25,60.61,59.47,59.84,-0.08,-0.13%,78100
ATEX,2021-07-22,60.19,60.41,59.39,59.63,-0.21,-0.35%,63300
ATEX,2021-07-23,60.08,60.19,58.5,59.89,0.26,+0.44%,80200
ATEX,2021-07-26,59.92,61.03,59.92,60.13,0.24,+0.40%,105700
ATEX,2021-07-27,60.325,60.325,57.66,58.45,-1.68,-2.79%,115700
ATEX,2021-07-28,58.28,59.18,57.105,57.73,-0.72,-1.23%,85300
ATEX,2021-07-29,57.72,59.99,57.72,59.03,1.3,+2.25%,101700
ATEX,2021-07-30,58.66,59.45,57.32,58.32,-0.71,-1.20%,82500
ATEX,2021-08-02,58.52,59.39,57.895,58.69,0.37,+0.63%,56600
ATEX,2021-08-03,61.095,61.095,57.24,57.56,-1.13,-1.93%,70400
ATEX,2021-08-04,57.7,58.22,57.01,57.42,-0.14,-0.24%,40500
ATEX,2021-08-05,59.63,59.63,57.32,58.77,1.35,+2.35%,42900
ATEX,2021-08-06,58.84,60.71,58.39,60,1.23,+2.09%,58700
ATEX,2021-08-09,60.13,61.75,59.76,60.21,0.21,+0.35%,86200
ATEX,2021-08-10,60.13,61.035,59.6113,60.98,0.77,+1.28%,42100
ATEX,2021-08-11,60.79,63.34,60.65,60.99,0.01,+0.02%,80000
ATEX,2021-08-12,60.58,61.09,53.94,57.54,-3.45,-5.66%,206600
ATEX,2021-08-13,57.39,57.39,55.505,56.56,-0.98,-1.70%,83200
ATEX,2021-08-16,56.06,56.93,55.14,56.49,-0.07,-0.12%,54000
ATEX,2021-08-17,56.21,58.48,56.21,57.95,1.46,+2.58%,71800
ATEX,2021-08-18,57.58,57.92,55.17,55.31,-2.64,-4.56%,70900
ATEX,2021-08-19,55.65,56.17,54.505,55.84,0.53,+0.96%,72100
ATEX,2021-08-20,55.66,58.24,55.18,56.9,1.06,+1.90%,61400
ATEX,2021-08-23,57.14,57.98,55.5534,57,0.1,+0.18%,42400
ATEX,2021-08-24,56.88,57.305,55.54,57.03,0.03,+0.05%,73200
ATEX,2021-08-25,56.98,57.74,56.7,57.05,0.02,+0.04%,32500
ATEX,2021-08-26,56.97,57.95,56.365,56.58,-0.47,-0.82%,55800
ATEX,2021-08-27,56.82,58.22,56.57,57.41,0.83,+1.47%,59000
ATEX,2021-08-30,57.65,57.65,55.75,56.98,-0.43,-0.75%,59700
ATEX,2021-08-31,56.9,59.17,56.9,59.02,2.04,+3.58%,71800
ATEX,2021-09-01,59.97,59.97,58.31,58.99,-0.03,-0.05%,60100
ATEX,2021-09-02,59.37,60.69,58.7,60.6,1.61,+2.73%,39700
ATEX,2021-09-03,60.67,61.9,59.6,59.89,-0.71,-1.17%,56600
ATEX,2021-09-07,59.71,61.7,59.71,60.92,1.03,+1.72%,102700
ATEX,2021-09-08,60.58,62.07,60.235,61.81,0.89,+1.46%,90100
ATEX,2021-09-09,61.87,62.25,60.63,60.76,-1.05,-1.70%,48600
ATEX,2021-09-10,60.9,61.59,59.924,60.62,-0.14,-0.23%,56000
ATEX,2021-09-13,60.72,61.25,57.935,58.3,-2.32,-3.83%,58400
ATEX,2021-09-14,58.22,59,57.35,57.55,-0.75,-1.29%,64600
ATEX,2021-09-15,57.46,57.51,55.01,56.41,-1.14,-1.98%,123100
ATEX,2021-09-16,56.21,58,54.43,57.55,1.14,+2.02%,127600
ATEX,2021-09-17,57.26,58.35,54.95,55.25,-2.3,-4.00%,344900
ATEX,2021-09-20,56.05,58.09,54.395,57.34,2.09,+3.78%,139400
ATEX,2021-09-21,57.34,58.25,56.21,57.09,-0.25,-0.44%,90200
ATEX,2021-09-22,58,58,57.05,57.37,0.28,+0.49%,58300
ATEX,2021-09-23,57.42,59.56,57.42,58.86,1.49,+2.60%,56100
ATEX,2021-09-24,58.68,60.5,58.3133,60,1.14,+1.94%,66100
ATEX,2021-09-27,59.62,60.3,59.06,59.68,-0.32,-0.53%,72600
ATEX,2021-09-28,59.44,59.69,58,59.32,-0.36,-0.60%,69700
ATEX,2021-09-29,59.57,60,57.89,59.74,0.42,+0.71%,50100
ATEX,2021-09-30,61.5,63.5,60.15,60.7,0.96,+1.61%,155800
ATEX,2021-10-01,60.74,63.79,59.97,62.84,2.14,+3.53%,83100
ATEX,2021-10-04,62.72,63.71,62.24,62.66,-0.18,-0.29%,86500
ATEX,2021-10-05,62.63,63,61.82,62.95,0.29,+0.46%,130900
ATEX,2021-10-06,62.56,63.42,61.91,61.99,-0.96,-1.53%,66700
ATEX,2021-10-07,62,63,61.525,62.04,0.05,+0.08%,70800
ATEX,2021-10-08,62.1,62.1,59.6,59.83,-2.21,-3.56%,44900
ATEX,2021-10-11,59.7,60.54,59.2065,59.84,0.01,+0.02%,33200
ATEX,2021-10-12,59.82,60.8,59.695,60.49,0.65,+1.09%,37000
ATEX,2021-10-13,60.61,60.88,59.84,60.71,0.22,+0.36%,42700
ATEX,2021-10-14,60.95,61.73,60.5,60.68,-0.03,-0.05%,33500
ATEX,2021-10-15,61.47,61.47,59.64,59.91,-0.77,-1.27%,46100
ATEX,2021-10-18,59.94,60.48,59.23,60.05,0.14,+0.23%,43700
ATEX,2021-10-19,59.94,61.04,59.23,60.8,0.75,+1.25%,30300
ATEX,2021-10-20,60.82,61.95,60.82,61.67,0.87,+1.43%,26200
ATEX,2021-10-21,61.68,62.63,59.76,60.21,-1.46,-2.37%,34600
ATEX,2021-10-22,59.17,60.73,58.3,60.5,0.29,+0.48%,48400
ATEX,2021-10-25,60.77,61.64,59.32,61.32,0.82,+1.36%,49300
ATEX,2021-10-26,61.45,61.76,60.66,61.11,-0.21,-0.34%,44800
ATEX,2021-10-27,61.19,61.57,60.93,60.94,-0.17,-0.28%,22100
ATEX,2021-10-28,61.33,62.7,61.025,62.58,1.64,+2.69%,34300
ATEX,2021-10-29,62.4,64.25,62.4,64.1,1.52,+2.43%,47400
ATEX,2021-11-01,64.31,65.68,63.62,64.35,0.25,+0.39%,87400
ATEX,2021-11-02,64.37,65.47,64.08,64.87,0.52,+0.81%,50800
ATEX,2021-11-03,63.97,65.23,63.97,64.69,-0.18,-0.28%,49100
ATEX,2021-11-04,65.12,66.55,61.99,62.61,-2.08,-3.22%,91000
ATEX,2021-11-05,62.17,65.16,61.82,62.36,-0.25,-0.40%,75800
ATEX,2021-11-08,62.42,63.71,61.83,62.79,0.43,+0.69%,54100
ATEX,2021-11-09,62.76,63.7742,61.97,63.27,0.48,+0.76%,36900
ATEX,2021-11-10,62.8,64,61.955,63.15,-0.12,-0.19%,55200
ATEX,2021-11-11,63.06,63.26,61.5,61.79,-1.36,-2.15%,48200
ATEX,2021-11-12,62,62.43,60.2,61.25,-0.54,-0.87%,45700
ATEX,2021-11-15,61.8,61.8,60.56,61.45,0.2,+0.33%,30700
ATEX,2021-11-16,61.22,61.79,60.69,61.14,-0.31,-0.50%,52600
ATEX,2021-11-17,61,63.72,60.81,62.93,1.79,+2.93%,135112
ATEX,2021-11-18,63.12,64.64,62.62,63.36,0.43,+0.68%,58600
ATEX,2021-11-19,63.75,64.505,63.15,63.99,0.63,+0.99%,52100
ATEX,2021-11-22,64.48,64.88,61.38,61.97,-2.02,-3.16%,69200
ATEX,2021-11-23,61.54,61.935,60.5,61.64,-0.33,-0.53%,57800
ATEX,2021-11-24,61.06,62.25,60,61.51,-0.13,-0.21%,816900
ATEX,2021-11-26,60.85,61.05,59.06,60.07,-1.44,-2.34%,51900
ATEX,2021-11-29,60.49,61.245,59.1,60.23,0.16,+0.27%,75400
ATEX,2021-11-30,60.22,60.7,59.54,60.16,-0.07,-0.12%,102800
ATEX,2021-12-01,61.06,61.06,59.7,59.92,-0.24,-0.40%,92200
ATEX,2021-12-02,59.6,59.97,58.39,59.51,-0.41,-0.68%,85700
ATEX,2021-12-03,59.58,60.23,58.49,59.86,0.35,+0.59%,41800
ATEX,2021-12-06,59.89,59.89,57.6417,59.09,-0.77,-1.29%,50400
ATEX,2021-12-07,59.75,60.16,58.85,59.85,0.76,+1.29%,53500
ATEX,2021-12-08,59.95,60.395,58.6805,60.17,0.32,+0.53%,78100
ATEX,2021-12-09,59.82,60.1,58.15,58.97,-1.2,-1.99%,90400
ATEX,2021-12-10,60.275,60.275,57.225,57.58,-1.39,-2.36%,59000
ATEX,2021-12-13,57.22,57.24,55.395,57.05,-0.53,-0.92%,152400
ATEX,2021-12-14,56.93,57.96,55.88,56.84,-0.21,-0.37%,32200
ATEX,2021-12-15,56.74,57.68,53.37,56.36,-0.48,-0.84%,201200
ATEX,2021-12-16,56.58,58.26,55.58,56.2,-0.16,-0.28%,127700
ATEX,2021-12-17,56.09,57.36,55.43,56.54,0.34,+0.60%,119800
ATEX,2021-12-20,55.93,56.24,54.32,56.14,-0.4,-0.71%,70900
ATEX,2021-12-21,56.29,58.25,56.29,57.83,1.69,+3.01%,73700
ATEX,2021-12-22,57.91,60.41,57.91,60.35,2.52,+4.36%,82500
ATEX,2021-12-23,60.32,60.555,59.675,60.11,-0.24,-0.40%,48300
ATEX,2021-12-27,59.8,60.49,59.4234,59.87,-0.24,-0.40%,41800
ATEX,2021-12-28,59.78,60.22,59.09,59.41,-0.46,-0.77%,86200
ATEX,2021-12-29,59.19,59.6,57.3492,58.65,-0.76,-1.28%,42300
ATEX,2021-12-30,58.4,59.35,58.21,59.12,0.47,+0.80%,36700
ATEX,2021-12-31,58.61,59.06,58.27,58.76,-0.36,-0.61%,54900
ATEX,2022-01-03,58.97,59.92,58.125,59.57,0.81,+1.38%,44200
ATEX,2022-01-04,59.31,60.11,58.51,58.92,-0.65,-1.09%,34500
ATEX,2022-01-05,58.64,59.41,56.84,56.93,-1.99,-3.38%,51100
ATEX,2022-01-06,57.21,57.38,55.83,56.64,-0.29,-0.51%,50900
ATEX,2022-01-07,56.62,57.29,55.39,55.54,-1.1,-1.94%,36100
ATEX,2022-01-10,55.18,55.77,54.14,55.52,-0.02,-0.04%,51900
ATEX,2022-01-11,55.64,56.12,54.87,55.17,-0.35,-0.63%,71300
ATEX,2022-01-12,55.47,57.125,53.935,54.5,-0.67,-1.21%,68700
ATEX,2022-01-13,54.43,54.78,53.53,54.01,-0.49,-0.90%,101100
ATEX,2022-01-14,53.48,54.005,51.6821,51.95,-2.06,-3.81%,74400
ATEX,2022-01-18,51.44,51.72,49.8,50.9,-1.05,-2.02%,109000
ATEX,2022-01-19,51.07,53,50.48,51.18,0.28,+0.55%,92000
ATEX,2022-01-20,51.17,52.38,50.55,50.68,-0.5,-0.98%,45000
ATEX,2022-01-21,50.21,51.26,50.21,50.55,-0.13,-0.26%,78300
ATEX,2022-01-24,50.19,50.96,49.5,50.37,-0.18,-0.36%,114600
ATEX,2022-01-25,50.27,50.78,48.88,50.68,0.31,+0.62%,68900
ATEX,2022-01-26,50.8,51.26,48.62,50.3,-0.38,-0.75%,167600
ATEX,2022-01-27,49.9,51,48.79,49.14,-1.16,-2.31%,81900
ATEX,2022-01-28,49.25,49.74,47.8,49.16,0.02,+0.04%,145300
ATEX,2022-01-31,49.24,51.59,48.83,51.26,2.1,+4.27%,98600
ATEX,2022-02-01,51.64,51.64,50.435,50.77,-0.49,-0.96%,67400
ATEX,2022-02-02,50.74,50.74,48.7,48.8,-1.97,-3.88%,111100
ATEX,2022-02-03,48.57,50.26,47.4622,49.87,1.07,+2.19%,59000
ATEX,2022-02-04,51.67,55,50.1011,53.65,3.78,+7.58%,240000
ATEX,2022-02-07,53.41,54.9,52.34,54.8,1.15,+2.14%,83700
ATEX,2022-02-08,54.51,56.71,54.22,56.62,1.82,+3.32%,68400
ATEX,2022-02-09,56.7,57.41,54.94,55.37,-1.25,-2.21%,75400
ATEX,2022-02-10,54.56,54.98,51.93,54.4,-0.97,-1.75%,60200
ATEX,2022-02-11,54.12,55.26,53.44,54.8,0.4,+0.74%,39100
ATEX,2022-02-14,54.84,55.1475,54.29,54.5,-0.3,-0.55%,95600
ATEX,2022-02-15,54.89,56,54.42,55.6,1.1,+2.02%,43500
ATEX,2022-02-16,55.16,55.57,54.43,55.22,-0.38,-0.68%,64100
ATEX,2022-02-17,54.81,55.57,53.79,53.93,-1.29,-2.34%,60000
ATEX,2022-02-18,53.52,54.29,53.015,53.24,-0.69,-1.28%,68000
ATEX,2022-02-22,53.27,53.97,51.69,52.56,-0.68,-1.28%,73700
ATEX,2022-02-23,53.09,53.26,50.59,50.99,-1.57,-2.99%,49500
ATEX,2022-02-24,50.02,53.18,50.02,53.1,2.11,+4.14%,59200
ATEX,2022-02-25,53.43,54.72,52.9,54.05,0.95,+1.79%,53200
ATEX,2022-02-28,53.86,54.29,52.475,53.28,-0.77,-1.42%,96500
ATEX,2022-03-01,53.32,54.5,52.86,54.09,0.81,+1.52%,55700
ATEX,2022-03-02,54.49,56.73,53.14,56.21,2.12,+3.92%,147800
ATEX,2022-03-03,56.16,58.204,55.68,56.23,0.02,+0.04%,75300
ATEX,2022-03-04,55.65,57.85,55.65,56.5,0.27,+0.48%,74000
ATEX,2022-03-07,56.27,57.39,55.635,55.64,-0.86,-1.52%,94400
ATEX,2022-03-08,56.24,56.915,55.27,56.39,0.75,+1.35%,118500
ATEX,2022-03-09,56.79,57.1,56.16,56.7,0.31,+0.55%,98200
ATEX,2022-03-10,56.26,58.21,55.92,57.61,0.91,+1.60%,102400
ATEX,2022-03-11,58.14,58.6,57.24,57.38,-0.23,-0.40%,38800
ATEX,2022-03-14,57.6,57.6,54.6,55.53,-1.85,-3.22%,75100
ATEX,2022-03-15,55.5,56.62,54.76,55.96,0.43,+0.77%,79200
ATEX,2022-03-16,56.21,57.06,55.58,56.93,0.97,+1.73%,34000
ATEX,2022-03-17,56.81,57.82,56.81,57.6,0.67,+1.18%,42100
ATEX,2022-03-18,57.37,57.92,56.6,57.46,-0.14,-0.24%,65800
ATEX,2022-03-21,57.13,58.0501,57.1,57.61,0.15,+0.26%,44600
ATEX,2022-03-22,57.49,58.45,57.46,57.97,0.36,+0.62%,61400
ATEX,2022-03-23,57.54,59.39,57.09,59.07,1.1,+1.90%,123200
ATEX,2022-03-24,59.1,59.935,57.72,57.85,-1.22,-2.07%,53700
ATEX,2022-03-25,57.81,58.46,57.335,57.69,-0.16,-0.28%,53100
ATEX,2022-03-28,57.8,58.21,57.34,57.6,-0.09,-0.16%,44800
ATEX,2022-03-29,57.6,59.28,57.225,58.69,1.09,+1.89%,69400
ATEX,2022-03-30,58.87,59.725,58.05,58.63,-0.06,-0.10%,67900
ATEX,2022-03-31,58.2,59.44,57.515,57.9,-0.73,-1.25%,93900
ATEX,2022-04-01,57.98,58.79,57.515,58.44,0.54,+0.93%,50200
ATEX,2022-04-04,58.5,58.5,57.3,58.29,-0.15,-0.26%,76400
ATEX,2022-04-05,58.31,59.33,58.1,58.48,0.19,+0.33%,84400
ATEX,2022-04-06,58.49,59.56,57.54,59.12,0.64,+1.09%,87100
ATEX,2022-04-07,60.07,60.07,57.68,58.01,-1.11,-1.88%,85000
ATEX,2022-04-08,58.02,58.05,55.65,56.13,-1.88,-3.24%,102900
ATEX,2022-04-11,56.2,56.36,55.36,55.38,-0.75,-1.34%,28300
ATEX,2022-04-12,55.72,56.67,55.08,55.83,0.45,+0.81%,39700
ATEX,2022-04-13,56.76,57.63,56.03,56.94,1.11,+1.99%,35500
ATEX,2022-04-14,57.13,57.13,56.15,56.65,-0.29,-0.51%,31200
ATEX,2022-04-18,56.54,56.82,55.17,55.57,-1.08,-1.91%,36500
ATEX,2022-04-19,56.2,57.29,55.85,56.6,1.03,+1.85%,35300
ATEX,2022-04-20,56.89,57.956,56.67,57.29,0.69,+1.22%,29900
ATEX,2022-04-21,57.81,57.81,55.26,55.26,-2.03,-3.54%,61300
ATEX,2022-04-22,55.3,55.3,53.8,54.61,-0.65,-1.18%,52400
ATEX,2022-04-25,54.16,54.8,53.47,54.25,-0.36,-0.66%,97200
ATEX,2022-04-26,54.05,54.32,52.52,53,-1.25,-2.30%,96000
ATEX,2022-04-27,52.97,54.12,52.97,53.79,0.79,+1.49%,69600
ATEX,2022-04-28,54.22,54.69,53.42,54.19,0.4,+0.74%,48900
ATEX,2022-04-29,54.16,54.4,51.33,51.84,-2.35,-4.34%,86400
ATEX,2022-05-02,51.95,53.01,51.72,52.33,0.49,+0.95%,115500
ATEX,2022-05-03,52.29,52.57,51.8,52.37,0.04,+0.08%,77900
ATEX,2022-05-04,52.2,52.81,51.46,52.41,0.04,+0.08%,79900
ATEX,2022-05-05,52.19,52.24,50.97,51.92,-0.49,-0.93%,86000
ATEX,2022-05-06,51.88,52.5,51.05,51.77,-0.15,-0.29%,98700
ATEX,2022-05-09,51.2,51.53,49.13,49.26,-2.51,-4.85%,93800
ATEX,2022-05-10,49.84,51.365,48.495,49.08,-0.18,-0.37%,153600
ATEX,2022-05-11,49.03,50.22,48.48,48.9,-0.18,-0.37%,51100
ATEX,2022-05-12,48.97,49.71,48.24,48.78,-0.12,-0.25%,41800
ATEX,2022-05-13,48.79,49.8299,48.59,49.48,0.7,+1.44%,77300
ATEX,2022-05-16,49.43,50.96,49,49.55,0.07,+0.14%,42400
ATEX,2022-05-17,50.29,50.73,48.57,49.39,-0.16,-0.32%,82700
ATEX,2022-05-18,49.33,49.33,47.01,47.28,-2.11,-4.27%,76200
ATEX,2022-05-19,46.93,47.5,45.825,47.08,-0.2,-0.42%,205100
ATEX,2022-05-20,47.3,49,45.415,47.5,0.42,+0.89%,137800
ATEX,2022-05-23,47.2,47.44,43.22,45,-2.5,-5.26%,133700
ATEX,2022-05-24,44.68,44.68,41.16,42.43,-2.57,-5.71%,130100
ATEX,2022-05-25,42.15,42.89,42.06,42.34,-0.09,-0.21%,64400
ATEX,2022-05-26,42.67,42.9,41.5,41.99,-0.35,-0.83%,63900
ATEX,2022-05-27,42.33,43.38,41.48,42.47,0.48,+1.14%,60000
ATEX,2022-05-31,42.26,42.98,41.64,42.79,0.32,+0.75%,110300
ATEX,2022-06-01,42.77,43.49,42.39,42.88,0.09,+0.21%,78800
ATEX,2022-06-02,42.78,44.985,42.67,44.7,1.82,+4.24%,64100
ATEX,2022-06-03,44.35,44.97,43.22,43.56,-1.14,-2.55%,62200
ATEX,2022-06-06,43.86,45.47,43.35,45.05,1.49,+3.42%,73700
ATEX,2022-06-07,44.88,46.3,44.87,46.24,1.19,+2.64%,94100
ATEX,2022-06-08,46.24,46.59,44.7,44.78,-1.46,-3.16%,49000
ATEX,2022-06-09,44.49,45.16,42.86,43.02,-1.76,-3.93%,69200
ATEX,2022-06-10,42.76,42.76,41.5601,41.88,-1.14,-2.65%,40700
ATEX,2022-06-13,40.97,42.3,39.88,41.48,-0.4,-0.96%,111900
ATEX,2022-06-14,41.66,42.31,39.73,40.03,-1.45,-3.50%,71000
ATEX,2022-06-15,40.25,40.595,38.74,40.11,0.08,+0.20%,139200
ATEX,2022-06-16,40.22,40.4699,37.7,38.68,-1.43,-3.57%,117800
ATEX,2022-06-17,39.11,41.69,39.11,41.29,2.61,+6.75%,106700
ATEX,2022-06-21,41.87,42.11,39.4,41.73,0.44,+1.07%,67500
ATEX,2022-06-22,41.35,43.2,40.61,42.97,1.24,+2.97%,68500
ATEX,2022-06-23,42.91,44.01,42.91,43.39,0.42,+0.98%,40800
ATEX,2022-06-24,43.67,43.67,40.95,41.15,-2.24,-5.16%,263400
ATEX,2022-06-27,41.41,41.79,40.37,41.63,0.48,+1.17%,56700
ATEX,2022-06-28,41.69,42.61,40.76,40.76,-0.87,-2.09%,49100
ATEX,2022-06-29,40.61,41.08,39.68,41.04,0.28,+0.69%,46200
ATEX,2022-06-30,40.63,41.668,39.8,41.07,0.03,+0.07%,50307
ATEX,2022-07-01,40.76,41.85,40.36,40.95,-0.12,-0.29%,47600
ATEX,2022-07-05,40.74,40.93,39.44,40.79,-0.16,-0.39%,61800
ATEX,2022-07-06,40.98,41.69,39.78,40.32,-0.47,-1.15%,41000
ATEX,2022-07-07,40.51,41.18,40.2,40.82,0.5,+1.24%,42200
ATEX,2022-07-08,40.31,40.8,39.93,40.12,-0.7,-1.71%,49900
ATEX,2022-07-11,40.12,40.69,38.65,38.92,-1.2,-2.99%,42400
ATEX,2022-07-12,39.07,40.18,38.75,40.06,1.14,+2.93%,56200
ATEX,2022-07-13,39.79,40.8,39.61,40.21,0.15,+0.37%,37400
ATEX,2022-07-14,39.58,40.215,39.24,39.88,-0.33,-0.82%,44700
ATEX,2022-07-15,40.21,40.945,39.62,40.65,0.77,+1.93%,48100
ATEX,2022-07-18,40.74,41.12,40.5,40.76,0.11,+0.27%,34800
ATEX,2022-07-19,40.91,42.24,40.91,41.52,0.76,+1.86%,85400
ATEX,2022-07-20,41.74,42.105,40.68,40.88,-0.64,-1.54%,43700
ATEX,2022-07-21,40.54,41.555,40.05,41.27,0.39,+0.95%,94200
ATEX,2022-07-22,41.51,41.51,39.75,40.63,-0.64,-1.55%,55800
ATEX,2022-07-25,40.79,41.58,40.62,41.07,0.44,+1.08%,39200
ATEX,2022-07-26,40.77,41.04,40.29,40.95,-0.12,-0.29%,47900
ATEX,2022-07-27,41.23,42.35,41,42.26,1.31,+3.20%,90300
ATEX,2022-07-28,42.44,43.27,42.05,43.27,1.01,+2.39%,70500
ATEX,2022-07-29,43.4,44.695,43.18,44.49,1.22,+2.82%,83900
ATEX,2022-08-01,44.54,45.345,43.37,44.96,0.47,+1.06%,62300
ATEX,2022-08-02,44.97,45.2,43.87,44.47,-0.49,-1.09%,51500
ATEX,2022-08-03,44.46,45.17,44.36,45,0.53,+1.19%,46500
ATEX,2022-08-04,45.06,45.2,44.39,44.81,-0.19,-0.42%,51400
ATEX,2022-08-05,44.37,46.4675,44.17,45.54,0.73,+1.63%,117600
ATEX,2022-08-08,45.48,46.985,44.38,45.4,-0.14,-0.31%,94700
ATEX,2022-08-09,44.13,47.02,43.52,46.3,0.9,+1.98%,85301
ATEX,2022-08-10,46.39,48.4,46.39,47.3,1,+2.16%,88000
ATEX,2022-08-11,47.22,48.475,46.87,48.13,0.83,+1.75%,65500
ATEX,2022-08-12,48.09,49.61,47.7,48.67,0.54,+1.12%,48200
ATEX,2022-08-15,48.42,49.3,47.99,48.69,0.02,+0.04%,64600
ATEX,2022-08-16,48.6,48.92,47.33,47.47,-1.22,-2.51%,34100
ATEX,2022-08-17,46.95,47.5,45.79,46.49,-0.98,-2.06%,54600
ATEX,2022-08-18,46.28,46.48,45.0056,45.56,-0.93,-2.00%,45612
ATEX,2022-08-19,45.06,45.29,43.72,43.94,-1.62,-3.56%,74500
ATEX,2022-08-22,43.84,45.84,43.71,45.74,1.8,+4.10%,157000
ATEX,2022-08-23,45.51,46.56,43.9,44.2,-1.54,-3.37%,173600
ATEX,2022-08-24,44,45.46,43.95,44.55,0.35,+0.79%,81900
ATEX,2022-08-25,44.58,45.205,43.92,44.95,0.4,+0.90%,120400
ATEX,2022-08-26,44.86,45.425,43.985,44.28,-0.67,-1.49%,83800
ATEX,2022-08-29,43.79,44.69,43.26,43.37,-0.91,-2.06%,82700
ATEX,2022-08-30,43.24,43.88,42.78,42.97,-0.4,-0.92%,92979
ATEX,2022-08-31,42.79,44.26,42.45,42.45,-0.52,-1.21%,85900
ATEX,2022-09-01,42,42.4975,41.39,41.85,-0.6,-1.41%,133900
ATEX,2022-09-02,42.28,42.32,41.1,41.25,-0.6,-1.43%,114000
ATEX,2022-09-06,41.09,43.125,40.39,40.46,-0.79,-1.92%,105200
ATEX,2022-09-07,40.26,40.755,40.1,40.53,0.07,+0.17%,84800
ATEX,2022-09-08,40.07,40.9,39.49,40.4,-0.13,-0.32%,100900
ATEX,2022-09-09,40.41,40.78,40.09,40.19,-0.21,-0.52%,100300
ATEX,2022-09-12,40.21,40.73,39.16,39.76,-0.43,-1.07%,143200
ATEX,2022-09-13,38.99,39.01,37.355,37.45,-2.31,-5.81%,146900
ATEX,2022-09-14,37.25,37.51,35.575,36.55,-0.9,-2.40%,183700
ATEX,2022-09-15,36.46,37.515,35.61,36.92,0.37,+1.01%,176100
ATEX,2022-09-16,36.57,37.07,36.08,36.4,-0.52,-1.41%,809000
ATEX,2022-09-19,35.92,36.3,34.93,35.45,-0.95,-2.61%,164100
ATEX,2022-09-20,34.95,37.69,34.95,36.73,1.28,+3.61%,159700
ATEX,2022-09-21,36.45,37.75,36.45,36.64,-0.09,-0.25%,86800
ATEX,2022-09-22,36.34,37.1,35.81,36.66,0.02,+0.05%,104700
ATEX,2022-09-23,36.56,36.565,35.8,36.27,-0.39,-1.06%,61600
ATEX,2022-09-26,35.97,36.79,35.11,35.45,-0.82,-2.26%,92600
ATEX,2022-09-27,35.52,35.72,34.9,35.61,0.16,+0.45%,98400
ATEX,2022-09-28,35.95,36.39,35.58,36.12,0.51,+1.43%,72500
ATEX,2022-09-29,35.93,35.93,35.01,35.15,-0.97,-2.69%,69200
ATEX,2022-09-30,35.27,37.13,34.81,35.72,0.57,+1.62%,133400
ATEX,2022-10-03,36.04,37.1,35.71,36.62,0.9,+2.52%,84800
ATEX,2022-10-04,36.92,37.58,36.92,37.06,0.44,+1.20%,122400
ATEX,2022-10-05,36.95,37.015,35.28,35.37,-1.69,-4.56%,96100
ATEX,2022-10-06,35.08,35.56,34.19,34.72,-0.65,-1.84%,117700
ATEX,2022-10-07,34.61,35.17,33.63,34.36,-0.36,-1.04%,132400
ATEX,2022-10-10,34.58,35.37,34.38,35.02,0.66,+1.92%,109300
ATEX,2022-10-11,34.92,36.61,33.87,34.14,-0.88,-2.51%,116900
ATEX,2022-10-12,33.98,33.98,32.75,32.78,-1.36,-3.98%,167300
ATEX,2022-10-13,32.05,33.32,31.875,33.2,0.42,+1.28%,174800
ATEX,2022-10-14,33.21,33.6,32.03,32.27,-0.93,-2.80%,94100
ATEX,2022-10-17,32.61,33.215,32.61,32.74,0.47,+1.46%,104300
ATEX,2022-10-18,33.28,34.51,32.08,32.51,-0.23,-0.70%,102100
ATEX,2022-10-19,32.17,32.34,31.52,31.84,-0.67,-2.06%,60600
ATEX,2022-10-20,31.64,32.41,31.52,31.63,-0.21,-0.66%,56000
ATEX,2022-10-21,31.43,31.43,30.36,30.56,-1.07,-3.38%,74100
ATEX,2022-10-24,30.87,30.87,29.735,30.28,-0.28,-0.92%,82800
ATEX,2022-10-25,30.27,31.2,30.22,30.96,0.68,+2.25%,70700
ATEX,2022-10-26,31.21,32.83,31.02,32.82,1.86,+6.01%,75700
ATEX,2022-10-27,33.17,33.32,32.47,33.01,0.19,+0.58%,95300
ATEX,2022-10-28,33.11,34.855,33.11,34.46,1.45,+4.39%,122000
ATEX,2022-10-31,37.17,40.26,36.102,38.35,3.89,+11.29%,390500
ATEX,2022-11-01,38.99,38.99,37.46,38.08,-0.27,-0.70%,173600
ATEX,2022-11-02,38,40.93,37.89,39.88,1.8,+4.73%,250300
ATEX,2022-11-03,39.72,39.74,37.705,38.25,-1.63,-4.09%,103800
ATEX,2022-11-04,38.66,38.75,37.7,38.08,-0.17,-0.44%,68005
ATEX,2022-11-07,37.85,38.3042,36.79,36.89,-1.19,-3.13%,149200
ATEX,2022-11-08,37.15,37.58,36.28,36.96,0.07,+0.19%,132100
ATEX,2022-11-09,36.51,37,35.22,35.33,-1.63,-4.41%,99900
ATEX,2022-11-10,35.95,38.12,35.95,37.62,2.29,+6.48%,157900
ATEX,2022-11-11,38.21,38.93,35.79,37.97,0.35,+0.93%,96800
ATEX,2022-11-14,38.3,40.11,35.475,35.92,-2.05,-5.40%,190100
ATEX,2022-11-15,36.25,37.06,35.56,36.98,1.06,+2.95%,111000
ATEX,2022-11-16,37.06,37.09,35.955,36.6,-0.38,-1.03%,91500
ATEX,2022-11-17,35.96,36.75,35.5,36.23,-0.37,-1.01%,108500
ATEX,2022-11-18,36.83,36.865,35.76,35.95,-0.28,-0.77%,61100
ATEX,2022-11-21,36.11,36.74,35.78,36.65,0.7,+1.95%,88300
ATEX,2022-11-22,36.88,36.88,35.86,36.67,0.02,+0.05%,68900
ATEX,2022-11-23,36.51,36.95,36,36.73,0.06,+0.16%,51800
ATEX,2022-11-25,36.82,37.1996,35.96,36.2,-0.53,-1.44%,35300
ATEX,2022-11-28,36.06,36.61,34.65,34.82,-1.38,-3.81%,59200
ATEX,2022-11-29,34.46,35.27,33.85,34.07,-0.75,-2.15%,87700
ATEX,2022-11-30,33.84,34.85,32.66,34,-0.07,-0.21%,169600
ATEX,2022-12-01,34.34,34.68,32.73,32.84,-1.16,-3.41%,49500
ATEX,2022-12-02,32.58,33.33,32.23,33.18,0.34,+1.04%,86000
ATEX,2022-12-05,33.25,34.785,31.55,31.78,-1.4,-4.22%,96300
ATEX,2022-12-06,31.84,32.39,31.17,32.39,0.61,+1.92%,80800
ATEX,2022-12-07,32.29,32.56,30.67,32.44,0.05,+0.15%,113800
ATEX,2022-12-08,32.6,33.22,31.98,32.17,-0.27,-0.83%,92700
ATEX,2022-12-09,32.13,33.77,32.01,33.69,1.52,+4.72%,174600
ATEX,2022-12-12,33.72,34.3,31.625,32.75,-0.94,-2.79%,145900
ATEX,2022-12-13,33.51,34.74,32.7,33.13,0.38,+1.16%,204300
ATEX,2022-12-14,32.88,34.28,32.88,33.11,-0.02,-0.06%,131100
ATEX,2022-12-15,32.53,33.35,32,32.21,-0.9,-2.72%,134400
ATEX,2022-12-16,32.06,33.23,31.36,31.63,-0.58,-1.80%,166300
ATEX,2022-12-19,31.38,32.4,30.03,30.89,-0.74,-2.34%,127400
ATEX,2022-12-20,30.72,31.895,30.46,30.53,-0.36,-1.17%,60600
ATEX,2022-12-21,30.8,31.38,30.43,30.5,-0.03,-0.10%,170600
ATEX,2022-12-22,30.39,31.67,29.29,30.17,-0.33,-1.08%,113400
ATEX,2022-12-23,30.24,31.05,29.62,30.87,0.7,+2.32%,69300
ATEX,2022-12-27,31,31.6625,30.29,30.57,-0.3,-0.97%,51100
ATEX,2022-12-28,30.59,31.12,30.275,30.75,0.18,+0.59%,61200
ATEX,2022-12-29,30.98,32.66,30.9,32.22,1.47,+4.78%,71800
ATEX,2022-12-30,32,32.35,31.564,32.17,-0.05,-0.16%,58100
ATEX,2023-01-03,32.42,34.06,32.41,33.78,1.61,+5.00%,99600
ATEX,2023-01-04,34.12,34.43,33,33.49,-0.29,-0.86%,48300
ATEX,2023-01-05,33.59,33.59,32.63,33.02,-0.47,-1.40%,36500
ATEX,2023-01-06,33.44,34.565,32.93,34.34,1.32,+4.00%,48700
ATEX,2023-01-09,34.6,34.8,33.47,33.53,-0.81,-2.36%,49500
ATEX,2023-01-10,33.55,34.85,33.23,34.8,1.27,+3.79%,46400
ATEX,2023-01-11,34.81,36.19,34.6,35.47,0.67,+1.93%,46200
ATEX,2023-01-12,35.87,37.315,35.41,37,1.53,+4.31%,68700
ATEX,2023-01-13,36.85,37.08,36.46,36.56,-0.44,-1.19%,35105
ATEX,2023-01-17,36.62,36.71,35.85,36.37,-0.19,-0.52%,54900
ATEX,2023-01-18,36.37,36.83,34.47,34.86,-1.51,-4.15%,119200
ATEX,2023-01-19,34.73,36.735,34.18,36.25,1.39,+3.99%,116500
ATEX,2023-01-20,36.65,36.91,35.5923,36.58,0.33,+0.91%,70500
ATEX,2023-01-23,36.47,37.64,35.9,37.17,0.59,+1.61%,56600
ATEX,2023-01-24,37.21,37.67,36.65,36.9,-0.27,-0.73%,36200
ATEX,2023-01-25,36.79,37.5,36,36.88,-0.02,-0.05%,58101
ATEX,2023-01-26,37,37.01,35.87,36.91,0.03,+0.08%,53400
ATEX,2023-01-27,36.77,38.2,36.08,36.25,-0.66,-1.79%,132500
ATEX,2023-01-30,35.96,37.175,34.52,34.62,-1.63,-4.50%,105800
ATEX,2023-01-31,34.7,36.195,34.12,36.07,1.45,+4.19%,151300
ATEX,2023-02-01,35.81,37.05,35.43,36.64,0.57,+1.58%,65100
ATEX,2023-02-02,36.89,37.9243,36.3426,37.4,0.76,+2.07%,136500
ATEX,2023-02-03,37.19,39.16,36.5,36.94,-0.46,-1.23%,96700
ATEX,2023-02-06,36.94,37,35.78,36.76,-0.18,-0.49%,94300
ATEX,2023-02-07,36.72,36.72,35.29,36.46,-0.3,-0.82%,105500
ATEX,2023-02-08,36.4,36.51,35.86,36.22,-0.24,-0.66%,88700
ATEX,2023-02-09,36.16,36.51,34.58,34.92,-1.3,-3.59%,115600
ATEX,2023-02-10,35.32,35.44,33.77,34.29,-0.63,-1.80%,99000
ATEX,2023-02-13,34.11,35.56,34.11,35.36,1.07,+3.12%,76000
ATEX,2023-02-14,35.11,35.53,33.92,34.11,-1.25,-3.54%,107300
ATEX,2023-02-15,33.87,33.915,32.61,32.73,-1.38,-4.05%,119800
ATEX,2023-02-16,32.25,32.7,30.5,30.76,-1.97,-6.02%,139000
ATEX,2023-02-17,31.01,31.99,30.89,31.48,0.72,+2.34%,95200
ATEX,2023-02-21,31.25,31.3499,29.965,30.34,-1.14,-3.62%,232000
ATEX,2023-02-22,30.63,31.06,30.13,30.17,-0.17,-0.56%,194200
ATEX,2023-02-23,30.43,30.68,28.22,28.76,-1.41,-4.67%,232000
ATEX,2023-02-24,28.61,29.61,28.39,29.33,0.57,+1.98%,317300
ATEX,2023-02-27,29.58,30.47,29.05,29.05,-0.28,-0.95%,134400
ATEX,2023-02-28,29.14,30.95,29.095,30.2,1.15,+3.96%,215600
ATEX,2023-03-01,30.2,30.84,29.85,30.11,-0.09,-0.30%,156300
ATEX,2023-03-02,29.82,30.57,29.8,29.99,-0.12,-0.40%,176000
ATEX,2023-03-03,30.01,30.97,30.01,30.48,0.49,+1.63%,168700
ATEX,2023-03-06,30.38,30.49,29.51,29.75,-0.73,-2.40%,87200
ATEX,2023-03-07,29.69,30.11,29.305,29.58,-0.17,-0.57%,64000
ATEX,2023-03-08,29.56,30.34,29.18,29.26,-0.32,-1.08%,151600
ATEX,2023-03-09,29.34,30.245,28.99,29.15,-0.11,-0.38%,148900
ATEX,2023-03-10,29.1,29.91,28.76,29.31,0.16,+0.55%,155800
ATEX,2023-03-13,29.11,30.65,29.08,30.39,1.08,+3.68%,247200
ATEX,2023-03-14,31.05,31.85,29.865,31.73,1.34,+4.41%,137100
ATEX,2023-03-15,31.3,32.25,30.26,31.24,-0.49,-1.54%,160800
ATEX,2023-03-16,30.83,31.64,30.6,30.7,-0.54,-1.73%,187200
ATEX,2023-03-17,30.41,30.9,29.81,29.92,-0.78,-2.54%,280800
ATEX,2023-03-20,30.2,30.51,29.76,30.12,0.2,+0.67%,201800
ATEX,2023-03-21,30.4,30.78,29.97,30.08,-0.04,-0.13%,107500
ATEX,2023-03-22,30.08,30.38,28.94,28.97,-1.11,-3.69%,165600
ATEX,2023-03-23,29.1,29.52,28.3,28.36,-0.61,-2.11%,220500
ATEX,2023-03-24,28.12,28.55,27.59,28.14,-0.22,-0.78%,146800
ATEX,2023-03-27,28.28,29.56,28.18,28.75,0.61,+2.17%,185800
ATEX,2023-03-28,28.74,30.48,28.69,29.87,1.12,+3.90%,182600
ATEX,2023-03-29,30.04,30.64,29.68,29.7,-0.17,-0.57%,174500
ATEX,2023-03-30,29.87,30.48,29.57,30.09,0.39,+1.31%,117300
ATEX,2023-03-31,30.33,33.09,30.33,33.04,2.95,+9.80%,641100
ATEX,2023-04-03,33,33.68,32.28,32.45,-0.59,-1.79%,107800
ATEX,2023-04-04,32.57,33.47,32.1,33.46,1.01,+3.11%,93700
ATEX,2023-04-05,33.42,34.21,33.25,33.66,0.2,+0.60%,191300
ATEX,2023-04-06,33.82,34.16,33.32,34.09,0.43,+1.28%,102300
ATEX,2023-04-10,33.95,34.155,33.0935,33.54,-0.55,-1.61%,197100
ATEX,2023-04-11,33.21,33.96,32.88,33.26,-0.28,-0.83%,154900
ATEX,2023-04-12,33.39,33.43,32.79,32.83,-0.43,-1.29%,77900
ATEX,2023-04-13,32.9,33.455,32.29,32.62,-0.21,-0.64%,55500
ATEX,2023-04-14,32.61,32.8,31.805,31.91,-0.71,-2.18%,54100
ATEX,2023-04-17,32.08,32.14,31.445,31.93,0.02,+0.06%,86100
ATEX,2023-04-18,32.01,32.01,30.94,31.02,-0.91,-2.85%,59000
ATEX,2023-04-19,31.03,31.73,31.03,31.31,0.29,+0.93%,65700
ATEX,2023-04-20,31.15,31.29,30.715,31.21,-0.1,-0.32%,60100
ATEX,2023-04-21,31.15,31.63,31.13,31.59,0.38,+1.22%,64600
ATEX,2023-04-24,32.07,34.06,32.07,33.63,2.04,+6.46%,126300
ATEX,2023-04-25,33.57,34.3537,31.78,32.42,-1.21,-3.60%,89700
ATEX,2023-04-26,32.12,33.05,31.7,32,-0.42,-1.30%,102200
ATEX,2023-04-27,32.43,32.4489,31.875,32.09,0.09,+0.28%,125900
ATEX,2023-04-28,31.99,32.62,31.33,31.58,-0.51,-1.59%,128500
ATEX,2023-05-01,31.48,33.22,31.45,32.15,0.57,+1.80%,145700
ATEX,2023-05-02,32.1,32.13,31.04,31.21,-0.94,-2.92%,113300
ATEX,2023-05-03,31.4,32.08,31.02,31.25,0.04,+0.13%,141000
ATEX,2023-05-04,31.15,31.5725,30.51,30.58,-0.67,-2.14%,84300
ATEX,2023-05-05,30.93,32.03,30.7,31.03,0.45,+1.47%,239100
ATEX,2023-05-08,31.16,31.92,30.42,31.69,0.66,+2.13%,275900
ATEX,2023-05-09,31.5,32.71,30.9492,32.16,0.47,+1.48%,134400
ATEX,2023-05-10,32.65,32.995,32.21,32.25,0.09,+0.28%,179900
ATEX,2023-05-11,32.12,32.15,31.06,31.26,-0.99,-3.07%,149400
ATEX,2023-05-12,31.19,31.65,30.7,30.91,-0.35,-1.12%,130300
ATEX,2023-05-15,31.14,31.155,30.73,30.85,-0.06,-0.19%,95800
ATEX,2023-05-16,30.85,31.08,30.33,30.55,-0.3,-0.97%,121000
ATEX,2023-05-17,30.68,31.07,30.06,30.35,-0.2,-0.65%,216900
ATEX,2023-05-18,30.15,31.315,29.66,31.11,0.76,+2.50%,277300
ATEX,2023-05-19,31.5,33.39,31.42,32.06,0.95,+3.05%,344800
ATEX,2023-05-22,32.14,33.46,31.7,32.86,0.8,+2.50%,295000
ATEX,2023-05-23,32.67,33.23,32.44,32.59,-0.27,-0.82%,159800
ATEX,2023-05-24,32.46,32.71,31.67,32.61,0.02,+0.06%,149100
ATEX,2023-05-25,32.46,32.72,32,32.4,-0.21,-0.64%,107200
ATEX,2023-05-26,32.28,33.12,32.22,32.31,-0.09,-0.28%,75800
ATEX,2023-05-30,32.31,33.475,32.28,32.7,0.39,+1.21%,115600
ATEX,2023-05-31,32.77,33.1499,32.41,32.65,-0.05,-0.15%,149600
ATEX,2023-06-01,32.65,32.74,32.12,32.35,-0.3,-0.92%,71100
ATEX,2023-06-02,32.39,32.86,31.92,32.6,0.25,+0.77%,184700
ATEX,2023-06-05,32.7,33.655,32.45,32.97,0.37,+1.13%,85800
ATEX,2023-06-06,32.62,33.61,32.47,33.27,0.3,+0.91%,145700
ATEX,2023-06-07,33.55,34.2,33.445,34.02,0.75,+2.25%,168300
ATEX,2023-06-08,33.97,34.21,32.4899,33.61,-0.41,-1.21%,105300
ATEX,2023-06-09,33.65,34.09,33.34,33.34,-0.27,-0.80%,84400
ATEX,2023-06-12,33.39,33.48,33.04,33.22,-0.12,-0.36%,162500
ATEX,2023-06-13,33.14,33.75,32.8709,32.95,-0.27,-0.81%,185900
ATEX,2023-06-14,36.09,36.09,33.79,34.95,2,+6.07%,312500
ATEX,2023-06-15,34.95,36.97,34.78,35.92,0.97,+2.78%,227900
ATEX,2023-06-16,36.07,36.08,33.87,34.08,-1.84,-5.12%,159500
ATEX,2023-06-20,33.82,34.02,32.51,32.75,-1.33,-3.90%,115000
ATEX,2023-06-21,32.56,32.56,31.86,31.91,-0.84,-2.56%,97800
ATEX,2023-06-22,31.79,32.39,31.27,32.19,0.28,+0.88%,109500
ATEX,2023-06-23,31.85,32.47,31.14,31.67,-0.52,-1.62%,552200
ATEX,2023-06-26,31.46,31.91,31.16,31.59,-0.08,-0.25%,105600
ATEX,2023-06-27,31.79,32.17,31.48,31.48,-0.11,-0.35%,102200
ATEX,2023-06-28,31.48,31.48,30.45,31.26,-0.22,-0.70%,436400
ATEX,2023-06-29,31.33,32.21,31.33,31.72,0.46,+1.47%,96700
ATEX,2023-06-30,31.93,32.26,31.63,31.69,-0.03,-0.09%,106500
ATEX,2023-07-03,31.71,32.085,31.58,31.74,0.05,+0.16%,30400
ATEX,2023-07-05,31.8,32.2,31.305,31.51,-0.23,-0.72%,133200
ATEX,2023-07-06,31.27,31.27,30.06,30.36,-1.15,-3.65%,131600
ATEX,2023-07-07,30.35,30.61,30.15,30.2,-0.16,-0.53%,103500
ATEX,2023-07-10,30.12,30.9,30,30.23,0.03,+0.10%,110200
ATEX,2023-07-11,30.35,31.015,29.5,30.98,0.75,+2.48%,439500
ATEX,2023-07-12,31.43,31.8,30.84,30.89,-0.09,-0.29%,112500
ATEX,2023-07-13,30.92,31.47,30.77,30.88,-0.01,-0.03%,97800
ATEX,2023-07-14,30.79,31.25,30.26,30.29,-0.59,-1.91%,143400
ATEX,2023-07-17,30.31,30.44,29.06,29.3,-0.99,-3.27%,165200
ATEX,2023-07-18,29.17,29.7,28.63,28.72,-0.58,-1.98%,122500
ATEX,2023-07-19,28.9,29.35,28.79,28.98,0.26,+0.91%,124000
ATEX,2023-07-20,29,29.37,28.65,28.74,-0.24,-0.83%,72600
ATEX,2023-07-21,28.8,29.305,28.51,28.65,-0.09,-0.31%,68900
ATEX,2023-07-24,28.7,29.78,28.7,29.19,0.54,+1.88%,162500
ATEX,2023-07-25,29.06,29.77,29.06,29.18,-0.01,-0.03%,142600
ATEX,2023-07-26,29.24,29.71,28.93,29.04,-0.14,-0.48%,117200
ATEX,2023-07-27,29.07,29.41,28.09,28.09,-0.95,-3.27%,209500
ATEX,2023-07-28,28.2,29.41,28.18,28.18,0.09,+0.32%,205700
ATEX,2023-07-31,28.16,28.7,27.9,28.07,-0.11,-0.39%,244400
ATEX,2023-08-01,27.95,28.52,27.21,28.29,0.22,+0.78%,407100
ATEX,2023-08-02,27.2,30.85,27.2,30.15,1.86,+6.57%,393900
ATEX,2023-08-03,29.8,30.22,28.65,29.06,-1.09,-3.62%,197500
ATEX,2023-08-04,28.95,30.52,28.95,29.55,0.49,+1.69%,271100
ATEX,2023-08-07,29.61,30.58,29.585,30.47,0.92,+3.11%,246200
ATEX,2023-08-08,30.38,30.81,30.15,30.32,-0.15,-0.49%,239700
ATEX,2023-08-09,30.46,32.1,30.44,31.75,1.43,+4.72%,327900
ATEX,2023-08-10,31.94,33.55,31.94,33.52,1.77,+5.57%,356200
ATEX,2023-08-11,33.56,33.95,33.46,33.79,0.27,+0.81%,183100
ATEX,2023-08-14,33.66,34.345,33.31,33.91,0.12,+0.36%,150200
ATEX,2023-08-15,33.94,34.47,33.441,33.55,-0.36,-1.06%,141800
ATEX,2023-08-16,33.55,34.07,33.24,33.29,-0.26,-0.77%,139400
ATEX,2023-08-17,33.56,33.79,33.02,33.26,-0.03,-0.09%,180400
ATEX,2023-08-18,32.93,33.5,32.75,32.83,-0.43,-1.29%,213300
ATEX,2023-08-21,32.9,33.29,31.95,32.1,-0.73,-2.22%,419800
ATEX,2023-08-22,32.1,33.025,31.865,32.6,0.5,+1.56%,345300
ATEX,2023-08-23,32.6,33.85,32.6,33.48,0.88,+2.70%,216800
ATEX,2023-08-24,33.39,33.8,32.96,33,-0.48,-1.43%,205000
ATEX,2023-08-25,32.95,33.53,32.87,33.27,0.27,+0.82%,276800
ATEX,2023-08-28,33.33,33.54,32.495,32.64,-0.63,-1.89%,103800
ATEX,2023-08-29,32.72,32.93,32.32,32.88,0.24,+0.74%,107100
ATEX,2023-08-30,33.06,33.5,32.57,33.47,0.59,+1.79%,96000
ATEX,2023-08-31,33.64,33.82,32.99,33.09,-0.38,-1.14%,101700
ATEX,2023-09-01,33.13,33.3599,32.61,32.89,-0.2,-0.60%,95300
ATEX,2023-09-05,32.75,33.19,32.58,32.9,0.01,+0.03%,138000
ATEX,2023-09-06,32.82,33.79,32.67,32.87,-0.03,-0.09%,209400
ATEX,2023-09-07,32.91,33.21,32.23,32.28,-0.59,-1.79%,183200
ATEX,2023-09-08,32.72,33.07,32.13,32.54,0.26,+0.81%,237800
ATEX,2023-09-11,32.99,33.36,32.72,32.82,0.28,+0.86%,224000
ATEX,2023-09-12,32.94,33.4,32.36,32.59,-0.23,-0.70%,277900
ATEX,2023-09-13,32.69,33.9,32.25,33.84,1.25,+3.84%,284700
ATEX,2023-09-14,34,34.54,33.2276,34.11,0.27,+0.80%,185200
ATEX,2023-09-15,33.96,34.3,32.91,33.13,-0.98,-2.87%,872400
ATEX,2023-09-18,33.14,33.72,32.82,32.93,-0.2,-0.60%,142100
ATEX,2023-09-19,33.2,33.32,32.12,32.13,-0.8,-2.43%,246800
ATEX,2023-09-20,32.13,32.52,31.15,31.17,-0.96,-2.99%,303000
ATEX,2023-09-21,30.8,31.09,29.68,29.68,-1.49,-4.78%,394000
ATEX,2023-09-22,30.82,33.8,30.82,33.32,3.64,+12.26%,589400
ATEX,2023-09-25,33.14,33.31,32.55,32.92,-0.4,-1.20%,310600
ATEX,2023-09-26,32.73,33.11,31.865,31.94,-0.98,-2.98%,342000
ATEX,2023-09-27,32.06,32.46,31.61,31.69,-0.25,-0.78%,295800
ATEX,2023-09-28,31.74,32.09,30.99,31.42,-0.27,-0.85%,299000
ATEX,2023-09-29,31.72,32.03,31.15,31.38,-0.04,-0.13%,172300
ATEX,2023-10-02,31.4,31.7,30.5,30.75,-0.63,-2.01%,174400
ATEX,2023-10-03,30.5,31.09,30.5,30.63,-0.12,-0.39%,167800
ATEX,2023-10-04,30.78,31.44,30.78,31.21,0.58,+1.89%,221600
ATEX,2023-10-05,31.21,31.59,30.825,31.39,0.18,+0.58%,111200
ATEX,2023-10-06,31.14,31.77,30.98,31.29,-0.1,-0.32%,127200
ATEX,2023-10-09,31.17,31.65,31.015,31.43,0.14,+0.45%,171900
ATEX,2023-10-10,31.77,32.19,31.49,31.71,0.28,+0.89%,107600
ATEX,2023-10-11,31.75,32.13,31.37,31.4,-0.31,-0.98%,172600
ATEX,2023-10-12,31.29,32.23,30.84,31.49,0.09,+0.29%,225900
ATEX,2023-10-13,31.49,31.58,31.08,31.56,0.07,+0.22%,148000
ATEX,2023-10-16,31.7,32.38,31.62,32.29,0.73,+2.31%,136900
ATEX,2023-10-17,32.25,32.96,31.67,32.53,0.24,+0.74%,169600
ATEX,2023-10-18,32.55,32.65,31.79,31.9,-0.63,-1.94%,197500
ATEX,2023-10-19,31.93,32.1,31.42,31.44,-0.46,-1.44%,160400
ATEX,2023-10-20,31.49,31.68,30.94,30.95,-0.49,-1.56%,202500
ATEX,2023-10-23,30.83,31.14,30.21,30.21,-0.74,-2.39%,241900
ATEX,2023-10-24,30.5,31.39,30.49,30.49,0.28,+0.93%,143800
ATEX,2023-10-25,30.26,30.58,30.02,30.15,-0.34,-1.12%,117300
ATEX,2023-10-26,30.26,30.54,29.72,30.3,0.15,+0.50%,193800
ATEX,2023-10-27,30.18,30.18,29.28,29.36,-0.94,-3.10%,142900
ATEX,2023-10-30,29.6,30.36,29.255,29.73,0.37,+1.26%,292000
ATEX,2023-10-31,29.87,30.8,29.87,30.49,0.76,+2.56%,129100
ATEX,2023-11-01,30.6,30.6,29.78,30.09,-0.4,-1.31%,125200
ATEX,2023-11-02,30.46,31,30.41,30.55,0.46,+1.53%,122400
ATEX,2023-11-03,30.97,31.78,30.97,31.45,0.9,+2.95%,173400
ATEX,2023-11-06,31.67,31.6916,30.81,30.95,-0.5,-1.59%,277400
ATEX,2023-11-07,30.76,31.22,30.4,30.6,-0.35,-1.13%,91400
ATEX,2023-11-08,30.75,30.78,30,30.1,-0.5,-1.63%,154200
ATEX,2023-11-09,30.34,31.77,29.59,29.65,-0.45,-1.50%,109800
ATEX,2023-11-10,29.56,30.1943,29.355,30.01,0.36,+1.21%,175600
ATEX,2023-11-13,30.04,30.04,28.7,28.74,-1.27,-4.23%,169800
ATEX,2023-11-14,29.5,31.91,29.5,31.4,2.66,+9.26%,262500
ATEX,2023-11-15,31.8,32.67,31.6,32.08,0.68,+2.17%,223400
ATEX,2023-11-16,32.09,32.42,31.43,31.72,-0.36,-1.12%,160300
ATEX,2023-11-17,31.81,32.32,31.61,32.29,0.57,+1.80%,153800
ATEX,2023-11-20,32.42,32.735,31.98,32.21,-0.08,-0.25%,184700
ATEX,2023-11-21,32.18,32.28,31.31,31.33,-0.88,-2.73%,176100
ATEX,2023-11-22,31.51,31.85,30.89,31.15,-0.18,-0.57%,71600
ATEX,2023-11-24,31.28,31.73,31.18,31.68,0.53,+1.70%,28100
ATEX,2023-11-27,32.89,33.39,31.55,31.94,0.26,+0.82%,119200
ATEX,2023-11-28,31.83,31.99,31.06,31.12,-0.82,-2.57%,59600
ATEX,2023-11-29,31.27,32.4,31.22,31.85,0.73,+2.35%,175800
ATEX,2023-11-30,31.85,33.09,31.84,32.7,0.85,+2.67%,186600
ATEX,2023-12-01,32.6,34.5,32.5,34.4,1.7,+5.20%,230700
ATEX,2023-12-04,35.72,36.83,35.48,35.6,1.2,+3.49%,196000
ATEX,2023-12-05,35.54,35.75,35.14,35.48,-0.12,-0.34%,91000
ATEX,2023-12-06,35.57,36.04,35.455,36,0.52,+1.47%,164500
ATEX,2023-12-07,35.92,36.2,35.6537,36,0,0.00%,94000
ATEX,2023-12-08,36.08,36.31,35.79,36.29,0.29,+0.81%,292300
ATEX,2023-12-11,36.29,36.29,35.47,35.98,-0.31,-0.85%,89700
ATEX,2023-12-12,35.91,36.23,35.32,35.43,-0.55,-1.53%,82200
ATEX,2023-12-13,35.35,35.81,34.7,35.51,0.08,+0.23%,136900
ATEX,2023-12-14,36.04,36.47,34.99,35.62,0.11,+0.31%,144800
ATEX,2023-12-15,35.87,35.94,34.61,34.69,-0.93,-2.61%,174200
ATEX,2023-12-18,34.72,34.95,34.05,34.2,-0.49,-1.41%,86400
ATEX,2023-12-19,34.49,34.715,34.09,34.53,0.33,+0.96%,123700
ATEX,2023-12-20,34.5,35.29,33.84,33.89,-0.64,-1.85%,118000
ATEX,2023-12-21,34.14,34.38,33.35,34.13,0.24,+0.71%,65300
ATEX,2023-12-22,34.18,34.7,33.8321,34.12,-0.01,-0.03%,100500
ATEX,2023-12-26,34.3,34.35,33.71,33.78,-0.34,-1.00%,76900
ATEX,2023-12-27,33.73,33.9,33.155,33.38,-0.4,-1.18%,54000
ATEX,2023-12-28,33.19,33.79,33.07,33.41,0.03,+0.09%,69300
ATEX,2023-12-29,33.35,33.75,33.22,33.32,-0.09,-0.27%,81100
ATEX,2024-01-02,33.29,34.665,33.29,33.62,0.3,+0.90%,97700
ATEX,2024-01-03,33.37,33.53,32.61,33.09,-0.53,-1.58%,95500
ATEX,2024-01-04,33.22,33.9,32.5,32.95,-0.14,-0.42%,100100
ATEX,2024-01-05,32.66,33.45,32.09,32.26,-0.69,-2.09%,88400
ATEX,2024-01-08,32.32,32.4,31.85,32.37,0.11,+0.34%,52600
ATEX,2024-01-09,31.97,31.97,31.465,31.69,-0.68,-2.10%,59900
ATEX,2024-01-10,31.69,31.945,31.29,31.75,0.06,+0.19%,54200
ATEX,2024-01-11,31.56,31.56,30.68,30.72,-1.03,-3.24%,84100
ATEX,2024-01-12,31.13,31.465,30,30.19,-0.53,-1.73%,80100
ATEX,2024-01-16,30,30.24,29.56,29.94,-0.25,-0.83%,96600
ATEX,2024-01-17,29.49,30.34,29.49,29.7,-0.24,-0.80%,68600
ATEX,2024-01-18,29.84,29.84,29.215,29.71,0.01,+0.03%,76900
ATEX,2024-01-19,29.85,29.85,29.12,29.62,-0.09,-0.30%,119300
ATEX,2024-01-22,29.75,30.54,29.75,30.2,0.58,+1.96%,82900
ATEX,2024-01-23,30.45,30.805,29.92,29.97,-0.23,-0.76%,90000
ATEX,2024-01-24,30.1,30.32,29.25,29.26,-0.71,-2.37%,112000
ATEX,2024-01-25,29.62,30.2,29.26,30.03,0.77,+2.63%,91200
ATEX,2024-01-26,30.18,30.45,29.755,29.95,-0.08,-0.27%,55400
ATEX,2024-01-29,29.86,30.86,29.64,30.6,0.65,+2.17%,118700
ATEX,2024-01-30,30.6,30.92,30.055,30.19,-0.41,-1.34%,67500
ATEX,2024-01-31,30.19,30.98,29.81,29.82,-0.37,-1.23%,85900
ATEX,2024-02-01,29.78,31.17,29.61,30.72,0.9,+3.02%,187900
ATEX,2024-02-02,30.55,31.48,30.46,31.21,0.49,+1.60%,128300
ATEX,2024-02-05,30.85,31.16,30.13,30.13,-1.08,-3.46%,162500
ATEX,2024-02-06,30.18,31.74,30.18,31.19,1.06,+3.52%,186700
ATEX,2024-02-07,31.57,31.58,30.67,30.76,-0.43,-1.38%,143200
ATEX,2024-02-08,30.65,32.49,30.65,31.85,1.09,+3.54%,270200
ATEX,2024-02-09,32.11,32.68,31.43,31.89,0.04,+0.13%,144000
ATEX,2024-02-12,31.9,33.41,31.9,32.34,0.45,+1.41%,186800
ATEX,2024-02-13,31.21,31.65,30.51,30.67,-1.67,-5.16%,182400
ATEX,2024-02-14,31.08,31.78,30.445,31.01,0.34,+1.11%,226600
ATEX,2024-02-15,33.49,37.84,33.2,37.76,6.75,+21.77%,426100
ATEX,2024-02-16,37.5,40.01,37.5,38.66,0.9,+2.38%,330300
ATEX,2024-02-20,38.26,40.2,38.26,39.85,1.19,+3.08%,269400
ATEX,2024-02-21,39.92,40.45,38.79,38.99,-0.86,-2.16%,123300
ATEX,2024-02-22,38.9,39.05,38.0245,38.51,-0.48,-1.23%,92900
ATEX,2024-02-23,38.51,38.9899,38.07,38.25,-0.26,-0.68%,93000
ATEX,2024-02-26,37.79,38.3,37.6,38.26,0.01,+0.03%,69700
ATEX,2024-02-27,38.35,38.91,38.01,38.8,0.54,+1.41%,108700
ATEX,2024-02-28,38.46,38.68,37.395,37.42,-1.38,-3.56%,66400
ATEX,2024-02-29,38,40.38,37.6,39.7,2.28,+6.09%,196900
ATEX,2024-03-01,39.54,40.27,39.19,39.49,-0.21,-0.53%,152000
ATEX,2024-03-04,39.33,39.5,38.15,38.85,-0.64,-1.62%,105800
ATEX,2024-03-05,38.89,38.89,37.35,37.49,-1.36,-3.50%,76600
ATEX,2024-03-06,37.54,37.78,36.77,36.84,-0.65,-1.73%,57900
ATEX,2024-03-07,36.94,37.52,36.02,36.07,-0.77,-2.09%,75900
ATEX,2024-03-08,36.31,36.475,35.56,36,-0.07,-0.19%,121500
ATEX,2024-03-11,35.82,36.83,35.8,36.23,0.23,+0.64%,195400
ATEX,2024-03-12,36.11,36.12,35.13,35.28,-0.95,-2.62%,92000
ATEX,2024-03-13,35.03,35.45,34.34,34.52,-0.76,-2.15%,71700
ATEX,2024-03-14,34.37,34.59,34.03,34.59,0.07,+0.20%,71600
ATEX,2024-03-15,34.28,35.005,34.21,34.59,0,0.00%,107900
ATEX,2024-03-18,34.72,34.72,33.84,34.03,-0.56,-1.62%,114100
ATEX,2024-03-19,33.58,34.535,33.58,34.33,0.3,+0.88%,68500
ATEX,2024-03-20,34.33,35.28,33.89,34.98,0.65,+1.89%,65900
ATEX,2024-03-21,34.99,35.19,34.37,34.37,-0.61,-1.74%,71500
ATEX,2024-03-22,34.5,34.64,33.69,33.76,-0.61,-1.77%,90000
ATEX,2024-03-25,33.88,33.88,33.07,33.5,-0.26,-0.77%,46800
ATEX,2024-03-26,33.82,33.84,33,33.01,-0.49,-1.46%,58700
ATEX,2024-03-27,33.01,33.67,33.01,33.56,0.55,+1.67%,47700
ATEX,2024-03-28,33.5,33.81,33.4,33.61,0.05,+0.15%,105900
ATEX,2024-04-01,33.63,34.71,32.88,32.96,-0.65,-1.93%,53400
ATEX,2024-04-02,32.47,33.33,32.47,32.81,-0.15,-0.46%,81400
ATEX,2024-04-03,32.76,33.01,32.35,32.56,-0.25,-0.76%,70600
ATEX,2024-04-04,33,33.665,32.55,32.55,-0.01,-0.03%,62200
ATEX,2024-04-05,32.74,33.08,32.4,33.08,0.53,+1.63%,42800
ATEX,2024-04-08,33.16,33.43,32.84,32.92,-0.16,-0.48%,40800
ATEX,2024-04-09,32.76,33.305,32.74,33.12,0.2,+0.61%,104700
ATEX,2024-04-10,32.36,32.72,32.075,32.55,-0.57,-1.72%,92000
ATEX,2024-04-11,32.55,33.66,32.5,33.18,0.63,+1.94%,62900
ATEX,2024-04-12,32.97,33.19,32.02,32.13,-1.05,-3.16%,93000
ATEX,2024-04-15,32.41,32.92,31.805,32.27,0.14,+0.44%,68800
ATEX,2024-04-16,32.39,32.61,31.99,32.07,-0.2,-0.62%,79400
ATEX,2024-04-17,32.14,33.21,31.53,31.62,-0.45,-1.40%,130400
ATEX,2024-04-18,31.64,32.24,31.3,31.31,-0.31,-0.98%,96000
ATEX,2024-04-19,31.12,32.42,31.12,31.72,0.41,+1.31%,105400
ATEX,2024-04-22,31.83,32.33,31.42,31.79,0.07,+0.22%,119700
ATEX,2024-04-23,31.79,32.58,31.49,31.61,-0.18,-0.57%,83000
ATEX,2024-04-24,31.57,32.86,31.39,32.16,0.55,+1.74%,152500
ATEX,2024-04-25,31.94,32.58,31.68,31.89,-0.27,-0.84%,127800
ATEX,2024-04-26,31.9,32.5,31.67,32.21,0.32,+1.00%,75300
ATEX,2024-04-29,32.2,32.99,32.01,32.24,0.03,+0.09%,127000
ATEX,2024-04-30,31.92,32.64,31.47,31.52,-0.72,-2.23%,221100
ATEX,2024-05-01,31.77,32.67,31.43,32,0.48,+1.52%,133900
ATEX,2024-05-02,32.12,32.28,31.645,32.17,0.17,+0.53%,176700
ATEX,2024-05-03,32.52,32.71,31.955,31.98,-0.19,-0.59%,98300
ATEX,2024-05-06,32.11,32.28,31.32,31.53,-0.45,-1.41%,93600
ATEX,2024-05-07,31.65,31.93,31.46,31.86,0.33,+1.05%,67800
ATEX,2024-05-08,31.7,32.32,31.25,31.6,-0.26,-0.82%,67400
ATEX,2024-05-09,31.79,31.83,31.2,31.75,0.15,+0.47%,98100
ATEX,2024-05-10,31.84,31.93,31.405,31.8,0.05,+0.16%,46500
ATEX,2024-05-13,31.98,32.9,31.98,32.34,0.54,+1.70%,105800
ATEX,2024-05-14,32.78,33.06,32.125,32.15,-0.19,-0.59%,133500
ATEX,2024-05-15,32.57,33.24,32.525,32.72,0.57,+1.77%,112800
ATEX,2024-05-16,32.65,33.26,32.595,33.01,0.29,+0.89%,78400
ATEX,2024-05-17,33.18,33.54,32.92,33.52,0.51,+1.54%,70800
ATEX,2024-05-20,33.35,33.56,32.63,33,-0.52,-1.55%,139500
ATEX,2024-05-21,32.89,33.19,32.665,32.8,-0.2,-0.61%,90500
ATEX,2024-05-22,32.5,33.23,32.43,33.19,0.39,+1.19%,119200
ATEX,2024-05-23,33.23,33.51,32.4901,32.62,-0.57,-1.72%,75100
ATEX,2024-05-24,32.6,32.84,32.195,32.37,-0.25,-0.77%,77900
ATEX,2024-05-28,32.54,32.92,32.28,32.87,0.5,+1.54%,96900
ATEX,2024-05-29,32.47,33.3,32.34,33.12,0.25,+0.76%,102200
ATEX,2024-05-30,33.38,34.16,33.335,33.49,0.37,+1.12%,87600
ATEX,2024-05-31,33.47,34.14,33.47,33.65,0.16,+0.48%,166600
ATEX,2024-06-03,33.66,33.93,33.005,33.49,-0.16,-0.48%,84200
ATEX,2024-06-04,33.47,33.59,33.01,33.39,-0.1,-0.30%,71200
ATEX,2024-06-05,33.6,33.73,33.06,33.46,0.07,+0.21%,76400
ATEX,2024-06-06,33.32,33.72,33.23,33.24,-0.22,-0.66%,58300
ATEX,2024-06-07,32.88,33.35,32.25,32.36,-0.88,-2.65%,154400
ATEX,2024-06-10,32,32.49,31.55,32.17,-0.19,-0.59%,112800
ATEX,2024-06-11,31.92,32.27,31.51,31.78,-0.39,-1.21%,123700
ATEX,2024-06-12,32.63,32.9,31.55,31.65,-0.13,-0.41%,100300
ATEX,2024-06-13,31.94,32.02,31.125,31.5,-0.15,-0.47%,110500
ATEX,2024-06-14,31.18,31.52,30.56,31.17,-0.33,-1.05%,170500
ATEX,2024-06-17,31.01,31.65,30.75,30.77,-0.4,-1.28%,212500
ATEX,2024-06-18,30.65,31.16,30.02,30.06,-0.71,-2.31%,212500
ATEX,2024-06-20,30,30.72,29.82,30.3,0.24,+0.80%,156600
ATEX,2024-06-21,30.02,30.6,29.32,29.5,-0.8,-2.64%,221100
ATEX,2024-06-24,29.56,30.21,29.3,30,0.5,+1.69%,192500
ATEX,2024-06-25,30.1,31.416,30.05,31.25,1.25,+4.17%,216500
ATEX,2024-06-26,31.11,31.75,30.7,31.02,-0.23,-0.74%,179700
ATEX,2024-06-27,34,37.6,33.61,36.29,5.27,+16.99%,638300
ATEX,2024-06-28,36.62,40.3,36.35,39.59,3.3,+9.09%,779500
ATEX,2024-07-01,39.69,40.2,38.94,39.285,-0.305,-0.77%,326200
ATEX,2024-07-02,39.5,39.57,38.67,39.18,-0.105,-0.27%,122600
ATEX,2024-07-03,38.98,39.61,38.76,38.86,-0.32,-0.82%,59700
ATEX,2024-07-05,38.61,39.18,37.89,38.55,-0.31,-0.80%,97900
ATEX,2024-07-08,38.91,39.98,38.91,39.98,1.43,+3.71%,207700
ATEX,2024-07-09,40.12,41.17,39.84,40.42,0.44,+1.10%,208000
ATEX,2024-07-10,40.74,40.79,39.94,40.69,0.27,+0.67%,282500
ATEX,2024-07-11,41.11,42.41,41.11,41.51,0.82,+2.02%,134500
ATEX,2024-07-12,41.96,41.96,40.81,40.87,-0.64,-1.54%,187700
ATEX,2024-07-15,41.02,42.02,40.7192,41.65,0.78,+1.91%,141500
ATEX,2024-07-16,42.06,42.41,41.15,42.18,0.53,+1.27%,192800
ATEX,2024-07-17,42.01,42.36,41.32,41.61,-0.57,-1.35%,130500
ATEX,2024-07-18,41.32,42.18,40.69,40.69,-0.92,-2.21%,103300
ATEX,2024-07-19,40.9,40.9,39.74,39.8,-0.89,-2.19%,56900
ATEX,2024-07-22,39.7,39.98,39.21,39.66,-0.14,-0.35%,67300
ATEX,2024-07-23,39.42,40.36,39.42,40.03,0.37,+0.93%,69300
ATEX,2024-07-24,39.96,40.587,39.3,39.31,-0.72,-1.80%,71000
ATEX,2024-07-25,39.44,40.75,39.44,39.88,0.57,+1.45%,96700
ATEX,2024-07-26,40.41,41.12,39.88,40.27,0.39,+0.98%,56500
ATEX,2024-07-29,40.49,40.49,39.32,40.11,-0.16,-0.40%,76600
ATEX,2024-07-30,39.98,40.72,39.98,40.53,0.42,+1.05%,48400
ATEX,2024-07-31,40.82,41.73,40.09,40.26,-0.27,-0.67%,92900
ATEX,2024-08-01,40.38,40.575,38.87,39.36,-0.9,-2.24%,86000
ATEX,2024-08-02,38.37,39.05,38.14,38.41,-0.95,-2.41%,86800
ATEX,2024-08-05,37.39,37.59,36.5001,37.11,-1.3,-3.38%,124600
ATEX,2024-08-06,37.01,39.07,36.55,37.9,0.79,+2.13%,177100
ATEX,2024-08-07,41.17,41.17,37.025,37.03,-0.87,-2.30%,189400
ATEX,2024-08-08,37.14,39.83,36.84,38.68,1.65,+4.46%,211800
ATEX,2024-08-09,38.41,39.4,37.91,38.16,-0.52,-1.34%,158400
ATEX,2024-08-12,38.25,38.37,37.21,37.38,-0.78,-2.04%,189800
ATEX,2024-08-13,37.8,39.14,37.69,37.85,0.47,+1.26%,192000
ATEX,2024-08-14,37.79,38.27,37.505,38,0.15,+0.40%,232600
ATEX,2024-08-15,38.7,39.775,38.52,38.63,0.63,+1.66%,282900
ATEX,2024-08-16,38.59,39.38,38.27,38.44,-0.19,-0.49%,267100
ATEX,2024-08-19,38.19,39.36,38.06,38.85,0.41,+1.07%,471800
ATEX,2024-08-20,38.96,38.99,37.59,37.77,-1.08,-2.78%,389800
ATEX,2024-08-21,37.81,38.11,36.755,37.51,-0.26,-0.69%,125700
ATEX,2024-08-22,37.41,38.04,37.24,37.54,0.03,+0.08%,248000
ATEX,2024-08-23,37.63,38.78,37.63,38.09,0.55,+1.47%,569600
ATEX,2024-08-26,38.28,38.28,35.81,35.87,-2.22,-5.83%,146300
ATEX,2024-08-27,35.81,35.81,34.805,35.05,-0.82,-2.29%,138100
ATEX,2024-08-28,34.5048,35.51,34.5048,34.96,-0.09,-0.26%,140700
ATEX,2024-08-29,35.32,35.66,34.99,35.19,0.23,+0.66%,118100
ATEX,2024-08-30,35.16,35.69,33.815,35.47,0.28,+0.80%,194400
ATEX,2024-09-03,35.21,36.11,35.15,35.82,0.35,+0.99%,210400
ATEX,2024-09-04,35.84,36.62,35.84,36.26,0.44,+1.23%,249000
ATEX,2024-09-05,36.51,37.475,36.2456,36.44,0.18,+0.50%,207700
ATEX,2024-09-06,36.38,36.7,35.71,36.3,-0.14,-0.38%,343800
ATEX,2024-09-09,36.25,37.39,36.25,36.62,0.32,+0.88%,417000
ATEX,2024-09-10,36.78,37.58,36.5,37.53,0.91,+2.48%,546900
ATEX,2024-09-11,37.56,37.9,36.89,37.47,-0.06,-0.16%,403800
ATEX,2024-09-12,37.47,39.35,37.2,38.71,1.24,+3.31%,500600
ATEX,2024-09-13,38.73,39.38,38.27,38.65,-0.06,-0.15%,534800
ATEX,2024-09-16,38.65,39.07,37.44,38.96,0.31,+0.80%,403600
ATEX,2024-09-17,39.18,40.15,38.87,39.08,0.12,+0.31%,475200
ATEX,2024-09-18,39.31,40.21,38.87,38.87,-0.21,-0.54%,298000
ATEX,2024-09-19,39.53,40.11,39.26,39.55,0.68,+1.75%,345600
ATEX,2024-09-20,39.4,40.28,39.23,39.34,-0.21,-0.53%,849800
ATEX,2024-09-23,39.57,40.22,37.7,38.07,-1.27,-3.23%,203800
ATEX,2024-09-24,38.07,39.22,37.97,38.11,0.04,+0.11%,91300
ATEX,2024-09-25,38.25,38.75,38,38.32,0.21,+0.55%,153200
ATEX,2024-09-26,38.76,39,38.25,38.25,-0.07,-0.18%,109100
ATEX,2024-09-27,38.59,38.899,38.21,38.28,0.03,+0.08%,115900
ATEX,2024-09-30,38.27,38.53,37.16,37.66,-0.62,-1.62%,216700
ATEX,2024-10-01,37.44,37.56,36.805,37.08,-0.58,-1.54%,174900
ATEX,2024-10-02,37.08,37.27,36.465,36.76,-0.32,-0.86%,79700
ATEX,2024-10-03,36.49,36.77,36.08,36.31,-0.45,-1.22%,82300
ATEX,2024-10-04,36.72,36.81,35.64,35.66,-0.65,-1.79%,87300
ATEX,2024-10-07,35.44,35.89,34.74,34.97,-0.69,-1.93%,238800
ATEX,2024-10-08,35.1,35.53,34.95,35.38,0.41,+1.17%,129100
ATEX,2024-10-09,35,35.18,33.25,33.28,-2.1,-5.94%,459200
ATEX,2024-10-10,33.25,33.455,31.91,32.02,-1.26,-3.79%,205800
ATEX,2024-10-11,32.12,32.12,30.7,31.5,-0.52,-1.62%,280100
ATEX,2024-10-14,31.54,32.81,31.15,32.6,1.1,+3.49%,203600
ATEX,2024-10-15,32.54,33.0299,32.54,32.78,0.18,+0.55%,109400
ATEX,2024-10-16,33.08,33.29,32.55,32.95,0.17,+0.52%,101900
ATEX,2024-10-17,33,33.65,32.76,33.4,0.45,+1.37%,112700
ATEX,2024-10-18,33.61,34.18,33.22,33.39,-0.01,-0.03%,112500
ATEX,2024-10-21,33.22,33.22,32.26,32.56,-0.83,-2.49%,110800
ATEX,2024-10-22,32.26,32.73,31.185,31.23,-1.33,-4.08%,92500
ATEX,2024-10-23,31.12,33.69,30.95,33.54,2.31,+7.40%,185400
ATEX,2024-10-24,33.88,33.88,32.91,33.06,-0.48,-1.43%,95600
ATEX,2024-10-25,33.15,33.185,32.6004,32.89,-0.17,-0.51%,68400
ATEX,2024-10-28,33.17,33.38,32.81,32.97,0.08,+0.24%,75600
ATEX,2024-10-29,32.69,33.14,32.425,32.71,-0.26,-0.79%,84000
ATEX,2024-10-30,32.66,33.3315,32.66,33.02,0.31,+0.95%,58700
ATEX,2024-10-31,32.82,33.09,32.405,32.48,-0.54,-1.64%,87800
ATEX,2024-11-01,32.83,32.945,32.5,32.92,0.44,+1.35%,127400
ATEX,2024-11-04,32.73,33.9357,32.69,33.26,0.34,+1.03%,80800
ATEX,2024-11-05,33.33,34.22,33.33,33.98,0.72,+2.16%,105500
ATEX,2024-11-06,35.17,35.51,34.47,34.97,0.99,+2.91%,126100
ATEX,2024-11-07,34.72,35.07,34.26,34.28,-0.69,-1.97%,89500
ATEX,2024-11-08,34.1,34.96,33.47,34.57,0.29,+0.85%,117100
ATEX,2024-11-11,34.85,35.12,34.315,34.57,0,0.00%,82600
ATEX,2024-11-12,34.28,34.51,33.4,33.78,-0.79,-2.29%,90300
ATEX,2024-11-13,33.9,34.01,33.24,33.62,-0.16,-0.47%,82000
ATEX,2024-11-14,32.28,33.55,31.005,31.93,-1.69,-5.03%,233200
ATEX,2024-11-15,32.27,34.51,32.16,33.61,1.68,+5.26%,167900
ATEX,2024-11-18,33.59,33.819,32.85,33.07,-0.54,-1.61%,141100
ATEX,2024-11-19,32.73,33.475,32.57,33.19,0.12,+0.36%,139700
ATEX,2024-11-20,33.29,33.33,32.545,33.08,-0.11,-0.33%,86400
ATEX,2024-11-21,33.03,33.54,32.82,33.23,0.15,+0.45%,117700
ATEX,2024-11-22,33.44,34.78,33.44,33.72,0.49,+1.47%,107800
ATEX,2024-11-25,34.24,34.5965,32.78,32.8,-0.92,-2.73%,249021
ATEX,2024-11-26,32.61,33.23,32.26,32.96,0.16,+0.49%,313768
ATEX,2024-11-27,32.97,34.91,32.67,34.81,1.85,+5.61%,140500
ATEX,2024-11-29,34.71,35.15,34.55,34.7,-0.11,-0.32%,73300
ATEX,2024-12-02,34.82,34.89,33.89,33.98,-0.72,-2.07%,92500
ATEX,2024-12-03,33.93,34.03,33.5,33.98,0,0.00%,114000
ATEX,2024-12-04,33.95,34.73,33.84,33.98,0,0.00%,70700
ATEX,2024-12-05,34,34.46,33.7155,34.26,0.28,+0.82%,112700
ATEX,2024-12-06,34.54,34.54,32.97,33.77,-0.49,-1.43%,85000
ATEX,2024-12-09,33.97,34.4,33.55,34.05,0.28,+0.83%,140400
ATEX,2024-12-10,34.32,34.44,33.585,33.76,-0.29,-0.85%,82100
ATEX,2024-12-11,33.96,34.36,32.84,34.16,0.4,+1.18%,98100
ATEX,2024-12-12,34.28,34.49,33.72,33.9,-0.26,-0.76%,53400
ATEX,2024-12-13,34,34.34,32.95,33.51,-0.39,-1.15%,60100
ATEX,2024-12-16,33.38,33.5924,33.1601,33.57,0.06,+0.18%,125000
ATEX,2024-12-17,33.51,33.51,31.9,31.9,-1.67,-4.97%,90800
ATEX,2024-12-18,31.72,32.0425,29.64,30.05,-1.85,-5.80%,134300
ATEX,2024-12-19,30.44,30.67,29.75,30.47,0.42,+1.40%,155500
ATEX,2024-12-20,30.32,31.6,30.32,31.37,0.9,+2.95%,166000
ATEX,2024-12-23,31.36,31.73,30.46,31.13,-0.24,-0.77%,85600
ATEX,2024-12-24,31.84,31.84,30.78,31.16,0.03,+0.10%,24600
ATEX,2024-12-26,31.25,31.4242,30.96,31.25,0.09,+0.29%,56600
ATEX,2024-12-27,31.23,31.44,30.28,30.74,-0.51,-1.63%,70300
ATEX,2024-12-30,30.55,30.6,30.0101,30.51,-0.23,-0.75%,48800
ATEX,2024-12-31,29.58,31.39,29.58,30.67,0.16,+0.52%,52200
ATEX,2025-01-02,31.04,31.3495,29.9,30.05,-0.62,-2.02%,79400
ATEX,2025-01-03,30.1,30.505,29.66,30.27,0.22,+0.73%,61700
ATEX,2025-01-06,30.3,30.715,29.66,29.66,-0.61,-2.02%,63400
ATEX,2025-01-07,29.69,30.2968,28.825,29.33,-0.33,-1.11%,106700
ATEX,2025-01-08,29.25,29.79,28.8,29.74,0.41,+1.40%,81500
ATEX,2025-01-10,29.45,29.45,28.38,28.8,-0.94,-3.16%,117000
ATEX,2025-01-13,28.6,29.4272,27.82,27.93,-0.87,-3.02%,163600
ATEX,2025-01-14,28.04,28.44,27.38,27.94,0.01,+0.04%,106100
ATEX,2025-01-15,28.4,29.3,27.72,27.73,-0.21,-0.75%,77300
ATEX,2025-01-16,28.13,28.13,27.37,27.83,0.1,+0.36%,117300
ATEX,2025-01-17,28.03,32.74,27.5,30.99,3.16,+11.35%,910800
ATEX,2025-01-21,31.39,31.485,30.3765,30.83,-0.16,-0.52%,148400
ATEX,2025-01-22,30.69,30.69,29.79,29.84,-0.99,-3.21%,120600
ATEX,2025-01-23,29.76,30.31,28.985,29.52,-0.32,-1.07%,95900
ATEX,2025-01-24,29.55,29.83,28.9,29.81,0.29,+0.98%,84200
ATEX,2025-01-27,29.76,30.425,29.02,29.27,-0.54,-1.81%,83600
ATEX,2025-01-28,29.17,30.02,29.04,29.45,0.18,+0.61%,112500
ATEX,2025-01-29,29.45,29.9,28.98,29.23,-0.22,-0.75%,66600
ATEX,2025-01-30,29.37,29.37,28.75,29.01,-0.22,-0.75%,59000
ATEX,2025-01-31,29.05,29.685,28.475,28.57,-0.44,-1.52%,79300
ATEX,2025-02-03,28.16,29.9899,27.7177,28.83,0.26,+0.91%,127300
ATEX,2025-02-04,29,29,28.03,28.32,-0.51,-1.77%,89500
ATEX,2025-02-05,28.55,29.48,28.1,28.62,0.3,+1.06%,93800
ATEX,2025-02-06,28.56,28.78,28.24,28.6,-0.02,-0.07%,46100
ATEX,2025-02-07,28.55,29.15,28.06,28.55,-0.05,-0.17%,53500
ATEX,2025-02-10,28.75,29.31,28.22,28.52,-0.03,-0.11%,57600
ATEX,2025-02-11,35.5,39.72,35.25,36.16,7.64,+26.79%,861800
ATEX,2025-02-12,36,39.4999,35.84,35.91,-0.25,-0.69%,673500
ATEX,2025-02-13,36.9,40.92,36.86,40.52,4.61,+12.84%,356600
ATEX,2025-02-14,40.49,42.4,39.52,41.66,1.14,+2.81%,174200
ATEX,2025-02-18,41.89,42.7,41,41.34,-0.32,-0.77%,179900
ATEX,2025-02-19,41.32,42.37,41.08,41.99,0.65,+1.57%,171900
ATEX,2025-02-20,41.68,42.91,40.31,40.39,-1.6,-3.81%,453600
ATEX,2025-02-21,40.37,40.37,38.66,39.05,-1.34,-3.32%,303200
ATEX,2025-02-24,39.44,39.52,38.57,38.6,-0.45,-1.15%,197700
ATEX,2025-02-25,38.78,38.805,37,37.47,-1.13,-2.93%,415400
ATEX,2025-02-26,37.54,39.26,37.4,38.96,1.49,+3.98%,137600
ATEX,2025-02-27,39,39.1288,38.103,38.37,-0.59,-1.51%,134300
ATEX,2025-02-28,38.33,39.1,38.33,39,0.63,+1.64%,129300
ATEX,2025-03-03,38.99,39.0807,38.06,38.11,-0.89,-2.28%,95700
ATEX,2025-03-04,37.85,38.87,37.36,37.83,-0.28,-0.73%,173100
ATEX,2025-03-05,37.76,39.3712,37.49,38.94,1.11,+2.93%,289500
ATEX,2025-03-06,38.38,39.12,38.04,38.86,-0.08,-0.21%,103400
ATEX,2025-03-07,38.77,39.62,38.36,39.25,0.39,+1.00%,169024
ATEX,2025-03-10,39,39.23,36.81,38.02,-1.23,-3.13%,320200
ATEX,2025-03-11,37.81,38,37.25,37.65,-0.37,-0.97%,114600
ATEX,2025-03-12,37.84,38.95,36.5,37.35,-0.3,-0.80%,258700
ATEX,2025-03-13,37.48,37.835,37.17,37.35,0,0.00%,122000
ATEX,2025-03-14,37.4,38.07,36.8778,37.97,0.62,+1.66%,193100
ATEX,2025-03-17,37.84,39.59,37.84,39.46,1.49,+3.92%,212600
ATEX,2025-03-18,39.54,39.54,38.43,38.98,-0.48,-1.22%,110600
ATEX,2025-03-19,38.97,39.345,38.6,38.63,-0.35,-0.90%,82600
ATEX,2025-03-20,38.4,38.75,38.05,38.2,-0.43,-1.11%,110600
ATEX,2025-03-21,37.75,38.175,37.02,37.8,-0.4,-1.05%,268100
ATEX,2025-03-24,38.19,39.52,37.8,38.14,0.34,+0.90%,104000
ATEX,2025-03-25,38.11,38.855,37.195,37.37,-0.77,-2.02%,116700
ATEX,2025-03-26,37.37,37.74,37.14,37.37,0,0.00%,88800
ATEX,2025-03-27,37.3,37.58,37,37.51,0.14,+0.37%,216100
ATEX,2025-03-28,37.72,37.72,35.63,35.76,-1.75,-4.67%,147600
ATEX,2025-03-31,35.86,37.94,35.76,36.6,0.84,+2.35%,304100
ATEX,2025-04-01,36.71,37.25,36.12,36.65,0.05,+0.14%,151200
ATEX,2025-04-02,36.14,36.88,36.14,36.62,-0.03,-0.08%,174300
ATEX,2025-04-03,35.35,35.99,34.75,35.6,-1.02,-2.79%,170400
ATEX,2025-04-04,34.58,36.2,33.01,33.76,-1.84,-5.17%,213100
ATEX,2025-04-07,32.22,34.1999,30.02,32.76,-1.,-2.96%,183100
ATEX,2025-04-08,33.49,33.8761,31.44,31.97,-0.79,-2.41%,173900
ATEX,2025-04-09,31.45,33.7,30.55,32.99,1.02,+3.19%,181100
ATEX,2025-04-10,32.69,33.395,31.945,32.76,-0.23,-0.70%,136000
ATEX,2025-04-11,32.8,33.23,32.11,32.63,-0.13,-0.40%,114300
ATEX,2025-04-14,33.01,35.46,32.31,32.71,0.08,+0.25%,81700
ATEX,2025-04-15,32.54,33.95,32.41,32.55,-0.16,-0.49%,124000
ATEX,2025-04-16,32.42,32.95,32.12,32.31,-0.24,-0.74%,67600
ATEX,2025-04-17,32.35,32.91,32.28,32.58,0.27,+0.84%,85900
ATEX,2025-04-21,32.14,32.455,30.02,30.085,-2.495,-7.66%,114100
ATEX,2025-04-22,30.39,30.65,29.53,29.71,-0.375,-1.25%,172000
ATEX,2025-04-23,30.34,31.235,29.74,29.8,0.09,+0.30%,86800
ATEX,2025-04-24,30,30.45,29.88,30.12,0.32,+1.07%,150000
ATEX,2025-04-25,29.83,29.83,28.86,29.15,-0.97,-3.22%,98600
ATEX,2025-04-28,29.15,29.665,28.75,29.58,0.43,+1.48%,188300
ATEX,2025-04-29,29.43,29.5616,29.05,29.2,-0.38,-1.28%,104900
ATEX,2025-04-30,29.12,29.915,28.5,29.85,0.65,+2.23%,173800
ATEX,2025-05-01,29.78,30.18,29.395,29.96,0.11,+0.37%,84500
ATEX,2025-05-02,30.19,30.52,29.78,29.84,-0.12,-0.40%,92300
ATEX,2025-05-05,29.66,31.61,29.18,29.48,-0.36,-1.21%,91700
ATEX,2025-05-06,29.14,29.49,28.97,29.27,-0.21,-0.71%,75300
ATEX,2025-05-07,29.47,29.515,28.45,28.64,-0.63,-2.15%,76100
ATEX,2025-05-08,28.75,28.77,27.31,28.52,-0.12,-0.42%,192700
ATEX,2025-05-09,28.65,29.2534,28.5,28.82,0.3,+1.05%,65200
ATEX,2025-05-12,29.42,29.61,28.77,29.01,0.19,+0.66%,81400
ATEX,2025-05-13,29.24,29.82,27.72,28.39,-0.62,-2.14%,218900
ATEX,2025-05-14,28.25,29.05,27.875,28.06,-0.33,-1.16%,89500
ATEX,2025-05-15,28.11,28.94,28,28.81,0.75,+2.67%,78400
ATEX,2025-05-16,28.85,29.0299,28.21,28.415,-0.395,-1.37%,119000
ATEX,2025-05-19,28.13,28.71,27.88,28.23,-0.185,-0.65%,106800
ATEX,2025-05-20,28.27,29.14,27.9,28.76,0.53,+1.88%,102600
ATEX,2025-05-21,28.67,28.87,27.6,27.99,-0.77,-2.68%,123200
ATEX,2025-05-22,28.02,28.6101,27.955,27.97,-0.02,-0.07%,90000
ATEX,2025-05-23,27.77,28.46,27.02,27.1,-0.87,-3.11%,96700
ATEX,2025-05-27,27.39,28.17,27.2,27.69,0.59,+2.18%,116100
ATEX,2025-05-28,27.78,27.83,27.2,27.26,-0.43,-1.55%,80600
ATEX,2025-05-29,27.4,27.74,26.6501,26.95,-0.31,-1.14%,189300
ATEX,2025-05-30,26.84,27.68,26.5,26.59,-0.36,-1.34%,112200
ATEX,2025-06-02,26.57,26.57,25.32,25.82,-0.77,-2.90%,395700
ATEX,2025-06-03,25.9,26.99,25.9,26.68,0.86,+3.33%,117600
ATEX,2025-06-04,26.8,27.14,26.63,26.99,0.31,+1.16%,83000
ATEX,2025-06-05,26.98,27.76,26.93,27.355,0.365,+1.35%,75700
ATEX,2025-06-06,27.45,27.96,27.45,27.84,0.485,+1.77%,72500
ATEX,2025-06-09,28.04,28.6293,27.81,27.83,-0.01,-0.04%,105100
ATEX,2025-06-10,27.99,28.62,27.89,28.38,0.55,+1.98%,103500
ATEX,2025-06-11,28.54,28.58,27.21,27.25,-1.13,-3.98%,82400
ATEX,2025-06-12,27.18,27.52,26.86,27.32,0.07,+0.26%,90000
ATEX,2025-06-13,27.15,27.565,26.63,26.95,-0.37,-1.35%,100700
ATEX,2025-06-16,27.65,28.25,27.2,27.97,1.02,+3.78%,118600
ATEX,2025-06-17,27.72,28.34,27.45,28.15,0.18,+0.64%,149900
ATEX,2025-06-18,28.25,28.69,27.31,27.45,-0.7,-2.49%,188200
ATEX,2025-06-20,27.45,28.065,27.33,27.605,0.155,+0.56%,125500
ATEX,2025-06-23,27.53,28.69,27.53,28.34,0.735,+2.66%,125700
ATEX,2025-06-24,28.51,29.14,28.08,28.78,0.44,+1.55%,308700
ATEX,2025-06-25,29.45,29.59,25.8801,26.79,-1.99,-6.91%,445900
ATEX,2025-06-26,26.79,26.79,25.26,26.34,-0.45,-1.68%,340000
ATEX,2025-06-27,26.59,26.78,25.34,25.68,-0.66,-2.51%,661900
ATEX,2025-06-30,25.79,25.86,25.17,25.65,-0.03,-0.12%,228100
ATEX,2025-07-01,25.53,25.72,24.33,24.97,-0.68,-2.65%,293400
ATEX,2025-07-02,25,25.69,24.84,25.08,0.11,+0.44%,199500
ATEX,2025-07-03,25.12,25.54,24.915,25.23,0.15,+0.60%,113900
ATEX,2025-07-07,25,25.015,23.96,24.46,-0.77,-3.05%,280600
ATEX,2025-07-08,24.46,24.72,24,24.68,0.22,+0.90%,186100
ATEX,2025-07-09,24.8,24.8125,24.2,24.48,-0.2,-0.81%,143100
ATEX,2025-07-10,24.62,24.69,23.93,24.13,-0.35,-1.43%,144100
ATEX,2025-07-11,24.09,24.38,23.73,23.955,-0.175,-0.73%,117300
ATEX,2025-07-14,24,24.08,23.4,23.5,-0.455,-1.90%,168300
ATEX,2025-07-15,23.68,24.05,23.1,23.58,0.08,+0.34%,170000
ATEX,2025-07-16,23.76,23.805,22.8,23.11,-0.47,-1.99%,227300
ATEX,2025-07-17,23.11,23.53,22.665,22.78,-0.33,-1.43%,199300
ATEX,2025-07-18,22.89,23.335,22.5,22.84,0.06,+0.26%,200800
ATEX,2025-07-21,23,23.095,22.21,22.56,-0.28,-1.23%,174800
ATEX,2025-07-22,22.48,22.9544,22.01,22.04,-0.52,-2.30%,159100
ATEX,2025-07-23,22.06,22.47,21.6894,22.37,0.33,+1.50%,182000
ATEX,2025-07-24,22.17,22.235,21.45,21.47,-0.9,-4.02%,204400
ATEX,2025-07-25,21.39,21.79,21.05,21.2,-0.27,-1.26%,177200
ATEX,2025-07-28,21.24,21.9993,20.61,21.83,0.63,+2.97%,246700
ATEX,2025-07-29,21.85,22.18,21.44,21.62,-0.21,-0.96%,165300
ATEX,2025-07-30,21.58,22.28,21.2576,21.78,0.16,+0.74%,125000
ATEX,2025-07-31,21.67,22.35,21.535,22.21,0.43,+1.97%,172700
ATEX,2025-08-01,22.39,22.39,21.43,21.86,-0.35,-1.58%,190500
ATEX,2025-08-04,21.88,22.22,21.83,22.16,0.3,+1.37%,112900
ATEX,2025-08-05,22.24,22.26,21.725,21.89,-0.27,-1.22%,128100
ATEX,2025-08-06,21.95,22.04,21.7505,21.85,-0.04,-0.18%,116800
ATEX,2025-08-07,21.83,21.96,20.8706,21.28,-0.57,-2.61%,267900
ATEX,2025-08-08,21.22,21.9,20.815,21.13,-0.15,-0.70%,159900
ATEX,2025-08-11,21.23,21.6,20.635,20.96,-0.17,-0.80%,130900
ATEX,2025-08-12,21.59,22.46,21.27,22.4,1.44,+6.87%,259000
ATEX,2025-08-13,22.67,23.2,20.71,21.41,-0.99,-4.42%,426800
ATEX,2025-08-14,21.01,21.95,20.75,21.69,0.28,+1.31%,196500
ATEX,2025-08-15,21.76,22.44,21.37,22.34,0.65,+3.00%,281300
ATEX,2025-08-18,22.31,22.525,21.92,22.23,-0.11,-0.49%,162300
ATEX,2025-08-19,22.35,22.7,21.93,22.01,-0.22,-0.99%,220000
ATEX,2025-08-20,21.92,22.285,21.19,21.23,-0.78,-3.54%,175900
ATEX,2025-08-21,20.98,22.15,20.895,22.04,0.81,+3.82%,214400
ATEX,2025-08-22,22.17,22.82,22.01,22.45,0.41,+1.86%,213000
ATEX,2025-08-25,22.38,22.67,22.13,22.37,-0.08,-0.36%,161500
ATEX,2025-08-26,22.55,24.351,22.55,22.76,0.39,+1.74%,599500
ATEX,2025-08-27,22.76,23.805,22.6,23.64,0.88,+3.87%,210500
ATEX,2025-08-28,23.55,23.745,22.9125,23.32,-0.32,-1.35%,254000
ATEX,2025-08-29,23.37,23.935,22.92,23.74,0.42,+1.80%,225700
ATEX,2025-09-02,23.6,23.9399,22.64,22.67,-1.07,-4.51%,240100
ATEX,2025-09-03,22.51,22.7,22.1825,22.47,-0.2,-0.88%,166000
ATEX,2025-09-04,22.43,22.8,22.11,22.27,-0.2,-0.89%,150000
ATEX,2025-09-05,22.35,22.995,21.86,21.97,-0.3,-1.35%,167200
ATEX,2025-09-08,22.17,22.23,21.8018,22.05,0.08,+0.36%,149100
ATEX,2025-09-09,22.25,22.25,21.62,21.69,-0.36,-1.63%,132900
ATEX,2025-09-10,21.55,21.715,20.91,21.19,-0.5,-2.31%,254200
ATEX,2025-09-11,21.21,21.86,21.21,21.59,0.4,+1.89%,179300
ATEX,2025-09-12,21.51,21.715,20.9801,21.07,-0.52,-2.41%,127200
ATEX,2025-09-15,21.2,21.615,21.03,21.49,0.42,+1.99%,154000
ATEX,2025-09-16,21.49,21.55,21.06,21.16,-0.33,-1.54%,126000
ATEX,2025-09-17,21.11,21.93,21.11,21.33,0.17,+0.80%,154800
ATEX,2025-09-18,21.1,21.615,21.1,21.45,0.12,+0.56%,233400
ATEX,2025-09-19,22.42,23.265,21.83,22.25,0.8,+3.73%,620300
ATEX,2025-09-22,22.14,23.35,21.7872,23.17,0.92,+4.13%,370700
ATEX,2025-09-23,23.14,23.94,22.66,22.74,-0.43,-1.86%,256400
ATEX,2025-09-24,22.8,23.04,22.4925,22.72,-0.02,-0.09%,201700
ATEX,2025-09-25,22.55,22.55,22.03,22.14,-0.58,-2.55%,125900
ATEX,2025-09-26,22.15,22.37,21.55,21.63,-0.51,-2.30%,172300
ATEX,2025-09-29,21.8,22.2872,21.61,21.92,0.29,+1.34%,347700
ATEX,2025-09-30,21.92,21.96,21.1,21.47,-0.45,-2.05%,302700
ATEX,2025-10-01,21.34,21.7,21.3,21.65,0.18,+0.84%,195400
ATEX,2025-10-02,21.75,22.5,21.65,22.48,0.83,+3.83%,293000
ATEX,2025-10-03,22.45,23.37,22.45,22.55,0.07,+0.31%,284200
ATEX,2025-10-06,22.55,23.05,22.24,22.29,-0.26,-1.15%,234800
ATEX,2025-10-07,22.21,22.505,21.5,21.53,-0.76,-3.41%,195500
ATEX,2025-10-08,21.66,22.09,21.66,22.03,0.5,+2.32%,117500
ATEX,2025-10-09,21.98,22.49,21.75,22.37,0.34,+1.54%,137100
ATEX,2025-10-10,22.28,22.435,20.98,20.98,-1.39,-6.21%,210500
ATEX,2025-10-13,21.16,21.43,20.325,20.9,-0.08,-0.38%,240300
ATEX,2025-10-14,20.64,21.66,20.57,21.33,0.43,+2.06%,167700
ATEX,2025-10-15,21.54,21.82,21.0888,21.295,-0.035,-0.16%,151000
ATEX,2025-10-16,21.31,21.31,20.71,20.78,-0.515,-2.42%,107900
ATEX,2025-10-17,20.52,20.6,20.185,20.38,-0.4,-1.92%,156200
ATEX,2025-10-20,20.5,20.98,20.48,20.75,0.37,+1.82%,139700
ATEX,2025-10-21,20.75,20.92,20.15,20.35,-0.4,-1.93%,196700
ATEX,2025-10-22,20.4,20.4,19.38,19.48,-0.87,-4.28%,172200
ATEX,2025-10-23,19.5,19.7275,19.26,19.39,-0.09,-0.46%,247500
ATEX,2025-10-24,19.52,19.92,19.395,19.65,0.26,+1.34%,150100
ATEX,2025-10-27,19.75,20.39,19.6,20.38,0.73,+3.72%,194200
ATEX,2025-10-28,20.36,20.43,19.282,19.69,-0.69,-3.39%,161600
ATEX,2025-10-29,19.7,19.74,19.1,19.4,-0.29,-1.47%,160500
ATEX,2025-10-30,19.25,19.8,19.0857,19.58,0.18,+0.93%,142300
ATEX,2025-10-31,19.56,20.31,19.34,20.22,0.64,+3.27%,147800
ATEX,2025-11-03,20.16,20.17,19.435,19.67,-0.55,-2.72%,132200
ATEX,2025-11-04,19.37,19.67,18.82,19.19,-0.48,-2.44%,169400
ATEX,2025-11-05,19.21,19.45,18.57,18.81,-0.38,-1.98%,184500
ATEX,2025-11-06,18.73,18.73,17.81,17.99,-0.82,-4.36%,353600
ATEX,2025-11-07,17.93,18.395,17.58,18.03,0.04,+0.22%,252500
ATEX,2025-11-10,18.26,18.55,18.105,18.14,0.11,+0.61%,136400
ATEX,2025-11-11,18.18,18.22,17.82,18,-0.14,-0.77%,112500
ATEX,2025-11-12,18.1,18.495,17.9,18.35,0.35,+1.94%,242700
ATEX,2025-11-13,19.94,21.3745,18.9301,20.86,2.51,+13.68%,599300
ATEX,2025-11-14,20.6,22.85,20.6,22.67,1.81,+8.68%,502100
ATEX,2025-11-17,22.67,22.67,21.11,21.19,-1.48,-6.53%,280500
ATEX,2025-11-18,21.16,21.79,20.8,21.69,0.5,+2.36%,285500
ATEX,2025-11-19,21.58,21.935,20.75,20.89,-0.8,-3.69%,201400
ATEX,2025-11-20,20.95,21.4191,20.04,20.06,-0.83,-3.97%,212100
ATEX,2025-11-21,20.06,20.36,19.47,20.35,0.29,+1.45%,229800
ATEX,2025-11-24,20.51,20.69,19.98,20.14,-0.21,-1.03%,198100
ATEX,2025-11-25,20.01,21.01,20.01,20.5,0.36,+1.79%,392700
ATEX,2025-11-26,20.55,21,20.15,20.49,-0.01,-0.05%,175200
ATEX,2025-11-28,20.5,20.75,20.28,20.56,0.07,+0.34%,79900
ATEX,2025-12-01,20.49,20.49,19.82,19.87,-0.69,-3.36%,204900
ATEX,2025-12-02,19.97,20.2899,19.55,20.07,0.2,+1.01%,207700
ATEX,2025-12-03,19.98,20.77,19.6789,20.1,0.03,+0.15%,213200
ATEX,2025-12-04,20.18,20.41,19.88,20.3,0.2,+1.00%,99000
ATEX,2025-12-05,20.25,20.66,20.12,20.44,0.14,+0.69%,107800
ATEX,2025-12-08,20.5,20.51,20.17,20.46,0.02,+0.10%,74200
ATEX,2025-12-09,20.41,21.705,20.24,21.58,1.12,+5.47%,228100
ATEX,2025-12-10,21.47,21.8876,21.26,21.61,0.03,+0.14%,274400
ATEX,2025-12-11,21.81,22.935,21.5201,22.39,0.78,+3.61%,427300
ATEX,2025-12-12,22.32,23.2876,22.31,23,0.61,+2.72%,317900
ATEX,2025-12-15,23,23.178,21.57,21.59,-1.41,-6.13%,291300
ATEX,2025-12-16,21.45,21.585,21.085,21.29,-0.3,-1.39%,278700
ATEX,2025-12-17,21.3,21.96,21.2,21.34,0.05,+0.23%,184400
ATEX,2025-12-18,21.47,22.08,21.28,21.63,0.29,+1.36%,180100
ATEX,2025-12-19,21.85,22.49,21.85,22.1,0.47,+2.17%,248700
ATEX,2025-12-22,22.13,22.69,22.06,22.53,0.43,+1.95%,261200
ATEX,2025-12-23,22.3,22.55,21.64,22.49,-0.04,-0.18%,322100
ATEX,2025-12-24,22.48,22.48,22.115,22.33,-0.16,-0.71%,63300
ATEX,2025-12-26,22.41,22.525,21.64,21.98,-0.35,-1.57%,207800
ATEX,2025-12-29,21.78,22.1911,21.59,21.72,-0.26,-1.18%,151900
ATEX,2025-12-30,21.72,21.915,21.25,21.38,-0.34,-1.57%,155300
ATEX,2025-12-31,21.2,22.11,21.08,21.83,0.45,+2.10%,214400
ATEX,2026-01-02,21.79,23.1,21.47,22.23,0.4,+1.83%,515300
ATEX,2026-01-05,22.22,23.03,21.93,22.63,0.4,+1.80%,265700
ATEX,2026-01-06,22.7,23,22.2275,22.82,0.19,+0.84%,217400
ATEX,2026-01-07,22.62,22.85,21.99,21.99,-0.83,-3.64%,157600
ATEX,2026-01-08,22.09,22.8325,21.91,22.42,0.43,+1.96%,135200
ATEX,2026-01-09,22.34,22.5,22.16,22.38,-0.04,-0.18%,91600
ATEX,2026-01-12,22.41,23.38,22,23.27,0.89,+3.98%,173800
ATEX,2026-01-13,23.25,23.39,22.96,23.34,0.07,+0.30%,115000
ATEX,2026-01-14,23.2,24.3,23.15,24.05,0.71,+3.04%,171000
ATEX,2026-01-15,24.05,24.61,23.61,24.52,0.47,+1.95%,221900
ATEX,2026-01-16,24.58,25.5225,24.36,25.29,0.77,+3.14%,300900
ATEX,2026-01-20,25.02,25.93,25,25.15,-0.14,-0.55%,343100
ATEX,2026-01-21,25.15,25.25,22.8,23.95,-1.2,-4.77%,256800
ATEX,2026-01-22,24.23,24.56,23.88,24.26,0.31,+1.29%,172800
ATEX,2026-01-23,24.19,24.19,23.46,23.81,-0.45,-1.85%,102700
ATEX,2026-01-26,23.67,24.35,23.2001,23.5,-0.31,-1.30%,181800
ATEX,2026-01-27,23.5,27.78,23.03,25.93,2.43,+10.34%,1105100
ATEX,2026-01-28,27.2,30.27,26.96,27.91,1.98,+7.64%,955200
ATEX,2026-01-29,27.94,27.94,26.4,26.6,-1.31,-4.69%,334700
ATEX,2026-01-30,26.34,26.979,26.005,26.265,-0.335,-1.26%,328000
ATEX,2026-02-02,26.28,28.03,26,27.45,1.185,+4.51%,705400
ATEX,2026-02-03,27.5,27.97,25.83,26.55,-0.9,-3.28%,379500
ATEX,2026-02-04,26.67,27.56,26.08,27.16,0.61,+2.30%,521700
ATEX,2026-02-05,26.82,26.94,25.49,25.98,-1.18,-4.34%,373000
ATEX,2026-02-06,26.48,29.16,26.36,28.39,2.41,+9.28%,580800
ATEX,2026-02-09,28.36,28.96,27.52,28.7,0.31,+1.09%,294400
ATEX,2026-02-10,28.6,29.92,27.56,28.82,0.12,+0.42%,362200
ATEX,2026-02-11,28.95,29.73,28.01,29.7,0.88,+3.05%,457600
ATEX,2026-02-12,27.35,30.95,27,29.27,-0.43,-1.45%,538400
ATEX,2026-02-13,29.68,32.055,29.55,31.89,2.62,+8.95%,690700
ATEX,2026-02-17,31.68,34.87,31.57,33.82,1.93,+6.05%,672200
ATEX,2026-02-18,33.38,34.82,31.51,32.88,-0.94,-2.78%,775600
ATEX,2026-02-19,33.73,36.74,33.44,34.44,1.56,+4.74%,1458000
ATEX,2026-02-20,34.755,37.41,34.355,35.92,1.48,+4.30%,703800
ATEX,2026-02-23,35.38,37.0999,35.14,36.31,0.39,+1.09%,330900
ATEX,2026-02-24,36.38,38.29,35.9561,38.02,1.71,+4.71%,603300
ATEX,2026-02-25,38.07,38.075,36.305,36.45,-1.57,-4.13%,396100
ATEX,2026-02-26,36.19,36.735,35.8282,36.21,-0.24,-0.66%,295400
ATEX,2026-02-27,35.61,36.93,35.11,36.91,0.7,+1.93%,313100
ATEX,2026-03-02,36.54,37.5,36.32,37.2,0.29,+0.79%,303300
ATEX,2026-03-03,36.25,38.32,35.2946,36.55,-0.65,-1.75%,316000
ATEX,2026-03-04,36.94,38.73,36.94,37.83,1.28,+3.50%,335100
ATEX,2026-03-05,36.93,39.145,36.91,39,1.17,+3.09%,296800
ATEX,2026-03-06,38.23,40.335,38.09,39.6,0.6,+1.54%,455400
ATEX,2026-03-09,39.4,39.6,38.1,38.62,-0.98,-2.47%,268250
ATEX,2026-03-10,38.43,39.83,38.0365,39.41,0.79,+2.05%,264000
ATEX,2026-03-11,39.32,39.8,38.17,38.77,-0.64,-1.62%,191900
ATEX,2026-03-12,38.28,39.13,37.61,38.11,-0.66,-1.70%,267200
ATEX,2026-03-13,38.21,39.0399,36.66,37.02,-1.09,-2.86%,333700
ATEX,2026-03-16,37.07,37.37,36.37,36.4,-0.62,-1.67%,215700
ATEX,2026-03-17,36.42,37.98,36.42,37.765,1.365,+3.75%,174400
ATEX,2026-03-18,38.37,40.67,37.25,38.11,0.345,+0.91%,361500
ATEX,2026-03-19,37.54,40.4,37.36,39.97,1.86,+4.88%,334100
ATEX,2026-03-20,39.83,40.8599,38.745,39.34,-0.63,-1.58%,313200
ATEX,2026-03-23,39.56,40.75,37.68,38.62,-0.72,-1.83%,433900
ATEX,2026-03-24,38.52,40.15,37.11,38.52,-0.1,-0.26%,282100
ATEX,2026-03-25,39.04,40.94,39.04,40.57,2.05,+5.32%,263900
ATEX,2026-03-26,39.98,41,38.7,38.78,-1.79,-4.41%,235800
ATEX,2026-03-27,38.78,39.13,37.49,38.24,-0.54,-1.39%,184003
ATEX,2026-03-30,38.5,38.92,36.05,36.49,-1.75,-4.58%,374600
ATEX,2026-03-31,37.28,38.83,37.125,38.19,1.7,+4.66%,176700
ATEX,2026-04-01,39.49,40,38.84,39.11,0.92,+2.41%,253600
ATEX,2026-04-02,38.57,40.5,38.46,40.39,1.28,+3.27%,227200
ATEX,2026-04-06,39.95,41.4,39.75,40.37,-0.02,-0.05%,237406
ATEX,2026-04-07,40,41.23,39.4,41.15,0.78,+1.93%,180811
ATEX,2026-04-08,42.19,42.93,41.29,41.49,0.34,+0.83%,381700
ATEX,2026-04-09,41.72,43.4454,37.43,37.56,-3.93,-9.47%,548300
ATEX,2026-04-10,37.69,37.7,34.755,35.89,-1.67,-4.45%,407300
ATEX,2026-04-13,35.47,37.43,35.07,35.95,0.06,+0.17%,307400
ATEX,2026-04-14,36.45,38.1,36.1,37.93,1.98,+5.51%,353600
ATEX,2026-04-15,38.24,39.05,37.67,37.67,-0.26,-0.69%,247500
ATEX,2026-04-16,37.72,40.555,37.58,40.36,2.69,+7.14%,344200
ATEX,2026-04-17,40.66,43.1699,40.66,42.19,1.83,+4.53%,508800
ATEX,2026-04-20,41.905,43.18,41.5,42.6,0.41,+0.97%,351800
ATEX,2026-04-21,44.05,44.82,43.085,44.14,1.54,+3.62%,345400
ATEX,2026-04-22,44.79,46.4,44.3,44.75,0.61,+1.38%,441600
ATEX,2026-04-23,45.09,45.75,43.55,44.2,-0.55,-1.23%,340000
ATEX,2026-04-24,43.81,45.35,42.485,45.17,0.97,+2.19%,272900
ATGL,2023-10-31,4,7.27,3.8487,4.4,-40.77,-90.26%,4642000
ATGL,2023-11-01,3.81,5.1798,3.73,4.2423,-0.1577,-3.58%,917300
ATGL,2023-11-02,4.34,5.48,4.34,5,0.7577,+17.86%,410700
ATGL,2023-11-03,5.04,7.6369,5.04,5.89,0.89,+17.80%,1714800
ATGL,2023-11-06,5.89,7.5,5.86,7,1.11,+18.85%,656500
ATGL,2023-11-07,6.74,6.985,6.3,6.73,-0.27,-3.86%,291500
ATGL,2023-11-08,6.68,7.49,6.65,6.9,0.17,+2.53%,335900
ATGL,2023-11-09,6.75,7.0557,5.6001,5.87,-1.03,-14.93%,470800
ATGL,2023-11-10,5.8,6.7,5.8,6.52,0.65,+11.07%,162800
ATGL,2023-11-13,6.46,8.33,6.46,8.05,1.53,+23.47%,300400
ATGL,2023-11-14,8.38,9.8,8.11,9.39,1.34,+16.65%,270700
ATGL,2023-11-15,9.53,13.1,9.11,12.63,3.24,+34.50%,483500
ATGL,2023-11-16,12.99,31.57,12.83,29.83,17.2,+136.18%,2722700
ATGL,2023-11-17,22.67,26.05,21.27,24.74,-5.09,-17.06%,842000
ATGL,2023-11-20,24.7,31.39,23.65,28.19,3.45,+13.95%,612600
ATGL,2023-11-21,28.06,30.75,15.15,20.49,-7.7,-27.31%,528100
ATGL,2023-11-22,20.49,20.49,13.3608,13.8,-6.69,-32.65%,234500
ATGL,2023-11-24,13.01,15.125,12,13.6606,-0.1394,-1.01%,127400
ATGL,2023-11-27,14.35,16.2664,12.5309,15.4,1.7394,+12.73%,142200
ATGL,2023-11-28,16.26,19.49,15.75,15.94,0.54,+3.51%,283000
ATGL,2023-11-29,17.03,18.5,16.2,17.47,1.53,+9.60%,77500
ATGL,2023-11-30,18.4,18.4,15.77,15.84,-1.63,-9.33%,88600
ATGL,2023-12-01,15.55,16.98,14.09,14.2,-1.64,-10.35%,27300
ATGL,2023-12-04,15.66,17.8,14.2,15.84,1.64,+11.55%,54900
ATGL,2023-12-05,16.47,16.7248,13.6,15.03,-0.81,-5.11%,52400
ATGL,2023-12-06,15.15,16.33,14.75,15.08,0.05,+0.33%,27500
ATGL,2023-12-07,15.8959,15.8959,14.22,15.13,0.05,+0.33%,22700
ATGL,2023-12-08,14.76,15.2,13.55,14.3,-0.83,-5.49%,18000
ATGL,2023-12-11,14.55,14.85,13.91,14.23,-0.07,-0.49%,13100
ATGL,2023-12-12,13.53,13.8551,12.65,12.86,-1.37,-9.63%,17800
ATGL,2023-12-13,12.43,12.6,11,11.97,-0.89,-6.92%,34800
ATGL,2023-12-14,11.72,11.78,10.3201,10.89,-1.08,-9.02%,34800
ATGL,2023-12-15,10.63,11,10.015,10.54,-0.35,-3.21%,32700
ATGL,2023-12-18,10.04,10.14,8.32,9.5,-1.04,-9.87%,65700
ATGL,2023-12-19,9.02,10.9399,9.02,10.16,0.66,+6.95%,58600
ATGL,2023-12-20,12.2,12.48,10.6,10.63,0.47,+4.63%,63900
ATGL,2023-12-21,11.68,13,11.0101,12.24,1.61,+15.15%,84100
ATGL,2023-12-22,12.03,15.3446,11.905,13.6,1.36,+11.11%,71600
ATGL,2023-12-26,17.5,19.8,15.12,15.31,1.71,+12.57%,182100
ATGL,2023-12-27,16.52,17,14.16,14.55,-0.76,-4.96%,88700
ATGL,2023-12-28,14.15,14.57,12.3,12.3,-2.25,-15.46%,31600
ATGL,2023-12-29,12.33,13.88,12.01,12.7,0.4,+3.25%,28300
ATGL,2024-01-02,13,13.43,11.5,11.85,-0.85,-6.69%,56500
ATGL,2024-01-03,12.74,12.97,10.56,11.15,-0.7,-5.91%,53800
ATGL,2024-01-04,10.73,11.7399,10.2,10.9,-0.25,-2.24%,31500
ATGL,2024-01-05,10.2433,15.84,10.2433,13.37,2.47,+22.66%,193800
ATGL,2024-01-08,13.21,15,12.69,14.58,1.21,+9.05%,35500
ATGL,2024-01-09,14.73,15.5,13.29,13.58,-1.,-6.86%,33800
ATGL,2024-01-10,13.3,13.9999,12.4001,12.97,-0.61,-4.49%,28200
ATGL,2024-01-11,12.51,13.7798,12.5,12.83,-0.14,-1.08%,8100
ATGL,2024-01-12,12.83,13.7,12.83,12.98,0.15,+1.17%,6100
ATGL,2024-01-16,12.71,14.09,11.5079,11.91,-1.07,-8.24%,39100
ATGL,2024-01-17,11.48,14.68,11.48,13.64,1.73,+14.53%,86600
ATGL,2024-01-18,13.32,14.82,12.9,14.82,1.18,+8.65%,12300
ATGL,2024-01-19,14.82,14.82,13.7001,13.87,-0.95,-6.41%,11500
ATGL,2024-01-22,14.83,14.83,14.23,14.23,0.36,+2.60%,6500
ATGL,2024-01-23,14.2,16.5,14.2,14.25,0.02,+0.14%,46000
ATGL,2024-01-24,14.23,14.8,12.6,12.64,-1.61,-11.30%,16700
ATGL,2024-01-25,12.74,15.4,12.74,13.2,0.56,+4.43%,7500
ATGL,2024-01-26,13.74,14,12.6,12.94,-0.26,-1.97%,12300
ATGL,2024-01-29,13.2,13.75,12.9,12.9,-0.04,-0.31%,14300
ATGL,2024-01-30,12.43,13.66,12.355,12.5999,-0.3001,-2.33%,10600
ATGL,2024-01-31,12.18,13.1099,11.58,12.1094,-0.4905,-3.89%,11300
ATGL,2024-02-01,12.78,13,11.76,12.97,0.8606,+7.11%,22100
ATGL,2024-02-02,12.97,12.97,11.76,12.72,-0.25,-1.93%,13300
ATGL,2024-02-05,11.97,12.4,11.92,12.11,-0.61,-4.80%,5900
ATGL,2024-02-06,12.5,12.72,11.9,11.96,-0.15,-1.24%,9500
ATGL,2024-02-07,12.38,12.45,11.62,11.71,-0.25,-2.09%,7100
ATGL,2024-02-08,11.87,13,11.61,11.88,0.17,+1.45%,7100
ATGL,2024-02-09,12.31,12.31,10.3,10.8,-1.08,-9.09%,20100
ATGL,2024-02-12,10.53,11.5,10.33,11.015,0.215,+1.99%,23100
ATGL,2024-02-13,10.31,11,9.41,10.39,-0.625,-5.67%,20000
ATGL,2024-02-14,10.67,10.9999,10.05,10.56,0.17,+1.64%,4000
ATGL,2024-02-15,10.52,10.6466,9.6,9.88,-0.68,-6.44%,52700
ATGL,2024-02-16,10.54,10.5999,8.121,9.32,-0.56,-5.67%,17200
ATGL,2024-02-20,9.01,9.92,8.26,8.45,-0.87,-9.33%,10600
ATGL,2024-02-21,8.23,8.525,5.57,5.71,-2.74,-32.43%,75200
ATGL,2024-02-22,6.2,6.88,6.02,6.05,0.34,+5.95%,14700
ATGL,2024-02-23,6.43,6.4899,6,6.24,0.19,+3.14%,19800
ATGL,2024-02-26,6.1,6.37,5.6,5.645,-0.595,-9.54%,27500
ATGL,2024-02-27,5.92,5.96,5.08,5.57,-0.075,-1.33%,9000
ATGL,2024-02-28,5.4,5.54,5.12,5.12,-0.45,-8.08%,11200
ATGL,2024-02-29,5.05,5.11,4.6001,4.6801,-0.4399,-8.59%,14200
ATGL,2024-03-01,5.19,5.3795,4.3,4.51,-0.1701,-3.63%,28200
ATGL,2024-03-04,4.95,4.95,4.42,4.47,-0.04,-0.89%,10000
ATGL,2024-03-05,4.39,4.6,4.12,4.12,-0.35,-7.83%,8700
ATGL,2024-03-06,4.01,4.41,4.01,4.33,0.21,+5.10%,9700
ATGL,2024-03-07,4.22,4.4185,4.11,4.2,-0.13,-3.00%,11000
ATGL,2024-03-08,4.1999,4.1999,4.03,4.1,-0.1,-2.38%,5800
ATGL,2024-03-11,4.2215,4.224,3.9,3.9,-0.2,-4.88%,13600
ATGL,2024-03-12,4.04,4.44,3.805,4.2,0.3,+7.69%,17100
ATGL,2024-03-13,4.31,4.6,4.0301,4.15,-0.05,-1.19%,19200
ATGL,2024-03-14,4.29,4.2951,3.9,4,-0.15,-3.61%,12700
ATGL,2024-03-15,4.03,4.25,3.6751,3.8101,-0.1899,-4.75%,5900
ATGL,2024-03-18,3.8,3.895,3.59,3.59,-0.2201,-5.78%,6500
ATGL,2024-03-19,3.59,3.7359,3.33,3.7359,0.1459,+4.06%,9300
ATGL,2024-03-20,3.39,3.8,3.38,3.67,-0.0659,-1.76%,12200
ATGL,2024-03-21,3.7,3.76,3.48,3.51,-0.16,-4.36%,15700
ATGL,2024-03-22,3.47,3.7499,3.36,3.39,-0.12,-3.42%,8800
ATGL,2024-03-25,3.47,3.69,3.04,3.31,-0.08,-2.36%,14600
ATGL,2024-03-26,3,3.33,3,3.15,-0.16,-4.83%,8700
ATGL,2024-03-27,3.3,3.3,2.89,2.89,-0.26,-8.25%,7600
ATGL,2024-03-28,2.9,3.4027,2.67,2.99,0.1,+3.46%,20100
ATGL,2024-04-01,3.39,3.47,2.8,2.86,-0.13,-4.35%,17600
ATGL,2024-04-02,3.04,3.3671,2.9266,3.0756,0.2156,+7.54%,16800
ATGL,2024-04-03,3.13,3.2,2.91,3.01,-0.0656,-2.13%,10300
ATGL,2024-04-04,2.89,2.99,2.86,2.89,-0.12,-3.99%,6100
ATGL,2024-04-05,3.11,3.2175,2.86,2.86,-0.03,-1.04%,11600
ATGL,2024-04-08,2.72,2.8206,2.7,2.7,-0.16,-5.59%,7800
ATGL,2024-04-09,2.72,2.84,2.385,2.71,0.01,+0.37%,13300
ATGL,2024-04-10,2.75,2.75,2.53,2.53,-0.18,-6.64%,4100
ATGL,2024-04-11,2.5647,2.5735,2.26,2.26,-0.27,-10.67%,5800
ATGL,2024-04-12,2.41,2.53,2.3401,2.36,0.1,+4.42%,13800
ATGL,2024-04-15,2.46,2.484,2.05,2.33,-0.03,-1.27%,6000
ATGL,2024-04-16,2.2,2.47,2.02,2.38,0.05,+2.15%,18300
ATGL,2024-04-17,2.23,2.38,2.0475,2.23,-0.15,-6.30%,6100
ATGL,2024-04-18,2.2,2.3,2.16,2.16,-0.07,-3.14%,2800
ATGL,2024-04-19,2.09,2.15,1.7,1.9555,-0.2045,-9.47%,5400
ATGL,2024-04-22,1.96,3.44,1.96,2.86,0.9045,+46.25%,185000
ATGL,2024-04-23,3.3,4.09,2.56,2.68,-0.18,-6.29%,300600
ATGL,2024-04-24,2.77,2.81,2.1993,2.6,-0.08,-2.99%,24100
ATGL,2024-04-25,2.41,2.8,2.3906,2.8,0.2,+7.69%,9200
ATGL,2024-04-26,2.63,3,2.63,2.82,0.02,+0.71%,11000
ATGL,2024-04-29,2.73,3.79,2.42,3.06,0.24,+8.51%,94000
ATGL,2024-04-30,3.1299,3.454,2.62,3.14,0.08,+2.61%,25100
ATGL,2024-05-01,3.29,3.29,3,3,-0.14,-4.46%,22000
ATGL,2024-05-02,3.16,3.19,2.8401,3.16,0.16,+5.33%,3000
ATGL,2024-05-03,3.24,3.46,2.9801,3.26,0.1,+3.16%,13100
ATGL,2024-05-06,3.33,3.5,3.2,3.45,0.19,+5.83%,11100
ATGL,2024-05-07,3.52,5.7171,3.35,4.19,0.74,+21.45%,474200
ATGL,2024-05-08,3.87,4.35,3.77,4.13,-0.06,-1.43%,42400
ATGL,2024-05-09,4.16,4.53,3.76,4.37,0.24,+5.81%,11900
ATGL,2024-05-10,4.39,4.91,4.37,4.84,0.47,+10.76%,31200
ATGL,2024-05-13,4.86,4.9,4.1821,4.295,-0.545,-11.26%,27100
ATGL,2024-05-14,3.88,4.2688,3.531,3.74,-0.555,-12.92%,21200
ATGL,2024-05-15,3.76,4.34,3.56,3.95,0.21,+5.61%,16900
ATGL,2024-05-16,3.8501,4.3402,3.8501,4.32,0.37,+9.37%,16600
ATGL,2024-05-17,4.035,4.289,3.78,3.91,-0.41,-9.49%,6500
ATGL,2024-05-20,4.1,4.1,3.73,3.73,-0.18,-4.60%,1800
ATGL,2024-05-21,3.75,4.1053,3.75,3.94,0.21,+5.63%,9400
ATGL,2024-05-22,3.96,4.1,3.85,3.8601,-0.0799,-2.03%,6800
ATGL,2024-05-23,3.905,4.5,3.504,3.58,-0.2801,-7.26%,46000
ATGL,2024-05-24,3.5,4.2,3.5,3.84,0.26,+7.26%,21700
ATGL,2024-05-28,3.6725,3.945,3.6725,3.75,-0.09,-2.34%,5300
ATGL,2024-05-29,3.93,3.93,3.75,3.82,0.07,+1.87%,3700
ATGL,2024-05-30,3.83,4,3.77,3.92,0.1,+2.62%,1600
ATGL,2024-05-31,3.99,3.995,3.82,3.973,0.053,+1.35%,4000
ATGL,2024-06-03,3.97,3.99,3.78,3.99,0.017,+0.43%,2400
ATGL,2024-06-04,3.88,4.2897,2.85,2.85,-1.14,-28.57%,103300
ATGL,2024-06-05,3,3.53,2.6,3.07,0.22,+7.72%,48400
ATGL,2024-06-06,3.17,3.18,2.87,3.12,0.05,+1.63%,10700
ATGL,2024-06-07,3.14,3.14,2.96,3.0738,-0.0462,-1.48%,1300
ATGL,2024-06-10,3.04,3.04,2.71,2.9809,-0.0929,-3.02%,7900
ATGL,2024-06-11,2.98,2.98,2.75,2.89,-0.0909,-3.05%,5900
ATGL,2024-06-12,2.981,2.981,2.89,2.97,0.08,+2.77%,2700
ATGL,2024-06-13,2.92,2.9899,2.92,2.9533,-0.0167,-0.56%,1000
ATGL,2024-06-14,2.8844,2.8844,2.85,2.87,-0.0833,-2.82%,1000
ATGL,2024-06-17,2.79,2.96,2.79,2.96,0.09,+3.14%,300
ATGL,2024-06-18,3,3,2.72,2.97,0.01,+0.34%,3300
ATGL,2024-06-20,2.95,2.9565,2.72,2.86,-0.11,-3.70%,6400
ATGL,2024-06-21,2.96,2.9601,2.72,2.7616,-0.0984,-3.44%,2900
ATGL,2024-06-24,2.98,2.98,2.76,2.76,-0.0016,-0.06%,700
ATGL,2024-06-25,2.81,2.81,2.81,2.81,0.05,+1.81%,900
ATGL,2024-06-27,2.79,2.8,2.79,2.8,-0.01,-0.36%,600
ATGL,2024-06-28,2.77,2.77,2.77,2.77,-0.03,-1.07%,500
ATGL,2024-07-01,2.69,2.7,2.43,2.53,-0.24,-8.66%,6000
ATGL,2024-07-02,2.62,2.64,2.41,2.64,0.11,+4.35%,2900
ATGL,2024-07-03,2.64,2.64,2.64,2.64,0,0.00%,1900
ATGL,2024-07-05,2.545,2.87,2.41,2.705,0.065,+2.46%,3000
ATGL,2024-07-08,2.6,2.8,2.6,2.8,0.095,+3.51%,1500
ATGL,2024-07-09,2.6,2.715,2.52,2.715,-0.085,-3.04%,800
ATGL,2024-07-10,2.55,2.97,2.55,2.61,-0.105,-3.87%,4500
ATGL,2024-07-12,2.8777,2.97,2.8777,2.97,0.36,+13.79%,3600
ATGL,2024-07-15,2.98,2.98,2.7391,2.84,-0.13,-4.38%,2400
ATGL,2024-07-16,3.16,4.57,2.97,4.18,1.34,+47.18%,923800
ATGL,2024-07-17,4.2,4.375,3.8501,4.35,0.17,+4.07%,60400
ATGL,2024-07-18,4.09,4.44,3.95,4.08,-0.27,-6.21%,16400
ATGL,2024-07-19,4.29,4.83,3.52,3.7,-0.38,-9.31%,53100
ATGL,2024-07-22,3.8,4.1384,3.22,3.65,-0.05,-1.35%,25300
ATGL,2024-07-23,3.97,3.99,3.57,3.69,0.04,+1.10%,2500
ATGL,2024-07-24,3.21,3.55,3.21,3.49,-0.2,-5.42%,2800
ATGL,2024-07-25,3.39,3.74,3.39,3.54,0.05,+1.43%,9400
ATGL,2024-07-26,3.94,3.94,3.47,3.48,-0.06,-1.69%,7400
ATGL,2024-07-29,3.64,3.64,3.38,3.45,-0.03,-0.86%,4700
ATGL,2024-07-30,3.27,3.51,3.27,3.51,0.06,+1.74%,2400
ATGL,2024-07-31,3.49,3.49,3.0932,3.17,-0.34,-9.69%,3300
ATGL,2024-08-01,3.06,3.28,3.06,3.12,-0.05,-1.58%,1400
ATGL,2024-08-02,3.12,3.31,3.12,3.31,0.19,+6.09%,3300
ATGL,2024-08-05,3.3,3.3,3.3,3.3,-0.01,-0.30%,200
ATGL,2024-08-06,3.31,3.31,3.01,3.14,-0.16,-4.85%,2200
ATGL,2024-08-07,3.33,3.41,3.2499,3.2499,0.1099,+3.50%,2400
ATGL,2024-08-08,3.3138,3.3138,3.012,3.0323,-0.2176,-6.70%,6400
ATGL,2024-08-09,3.05,3.05,3.02,3.02,-0.0123,-0.41%,500
ATGL,2024-08-12,3.03,3.15,3.03,3.15,0.13,+4.30%,500
ATGL,2024-08-13,2.96,2.99,2.96,2.99,-0.16,-5.08%,1100
ATGL,2024-08-14,2.9,2.945,2.9,2.9,-0.09,-3.01%,1500
ATGL,2024-08-15,2.9,2.96,2.9,2.91,0.01,+0.34%,1500
ATGL,2024-08-16,2.91,3.04,2.5,2.93,0.02,+0.69%,2300
ATGL,2024-08-19,2.83,2.9,2.6,2.68,-0.25,-8.53%,1100
ATGL,2024-08-20,2.69,3.13,2.19,2.46,-0.22,-8.21%,10400
ATGL,2024-08-21,2.732,2.732,2.18,2.395,-0.065,-2.64%,12200
ATGL,2024-08-22,2.4,2.54,2.12,2.18,-0.215,-8.98%,13700
ATGL,2024-08-23,2.25,2.35,2.05,2.11,-0.07,-3.21%,7500
ATGL,2024-08-26,2.26,2.4195,2,2.2401,0.1301,+6.17%,14000
ATGL,2024-08-27,2.31,2.345,1.99,2.29,0.0499,+2.23%,15500
ATGL,2024-08-28,2.35,2.35,1.89,1.97,-0.32,-13.97%,9100
ATGL,2024-08-29,2.1,2.13,1.95,2.1091,0.1391,+7.06%,7200
ATGL,2024-08-30,2.12,2.12,2.12,2.12,0.0109,+0.52%,900
ATGL,2024-09-03,2.22,2.22,1.95,2.055,-0.065,-3.07%,19800
ATGL,2024-09-04,1.97,2.057,1.86,1.96,-0.095,-4.62%,22900
ATGL,2024-09-05,1.81,2.1366,1.62,1.7799,-0.1801,-9.19%,33400
ATGL,2024-09-06,1.73,1.96,1.6,1.65,-0.1299,-7.30%,43500
ATGL,2024-09-09,1.61,1.6756,1.5,1.51,-0.14,-8.48%,47700
ATGL,2024-09-10,1.41,1.53,1.36,1.42,-0.09,-5.96%,44600
ATGL,2024-09-11,1.38,1.39,1.3,1.39,-0.03,-2.11%,36500
ATGL,2024-09-12,1.2535,1.37,1.2535,1.28,-0.11,-7.91%,35300
ATGL,2024-09-13,1.2184,1.387,1.18,1.22,-0.06,-4.69%,16400
ATGL,2024-09-16,1.27,1.59,1.15,1.38,0.16,+13.11%,89400
ATGL,2024-09-17,1.43,1.475,1.35,1.36,-0.02,-1.45%,30700
ATGL,2024-09-18,1.3,1.41,1.23,1.26,-0.1,-7.35%,268500
ATGL,2024-09-19,1.26,1.33,1.22,1.27,0.01,+0.79%,69800
ATGL,2024-09-20,1.25,1.58,1.24,1.51,0.24,+18.90%,117000
ATGL,2024-09-23,1.52,1.57,1.45,1.47,-0.04,-2.65%,33600
ATGL,2024-09-24,1.41,1.53,1.4,1.4427,-0.0273,-1.86%,85900
ATGL,2024-09-25,1.5,2.5199,1.42,2.15,0.7073,+49.03%,3419900
ATGL,2024-09-26,2.41,3.83,2.3501,3.68,1.53,+71.16%,14331900
ATGL,2024-09-27,3.71,4.55,3.26,4.46,0.78,+21.20%,5103500
ATGL,2024-09-30,4.45,8.08,4.4401,6.78,2.32,+52.02%,7044800
ATGL,2024-10-01,6,6.0879,4.7,5.95,-0.83,-12.24%,799700
ATGL,2024-10-02,5.59,6.781,5.12,5.57,-0.38,-6.39%,421000
ATGL,2024-10-03,5.06,5.37,4.44,5.29,-0.28,-5.03%,187700
ATGL,2024-10-04,5.28,7.2,5.28,7.2,1.91,+36.11%,350400
ATGL,2024-10-07,7.19,8.06,6.52,7.14,-0.06,-0.83%,270400
ATGL,2024-10-08,6.24,7.35,6.05,6.71,-0.43,-6.02%,113300
ATGL,2024-10-09,6.32,6.7454,6.1,6.72,0.01,+0.15%,47800
ATGL,2024-10-10,6.59,6.67,5.53,6.19,-0.53,-7.89%,74300
ATGL,2024-10-11,6.31,6.31,5.7321,5.88,-0.31,-5.01%,40800
ATGL,2024-10-14,5.98,6.5,5.95,6.25,0.37,+6.29%,60000
ATGL,2024-10-15,6.24,6.45,5.68,5.9,-0.35,-5.60%,185000
ATGL,2024-10-16,5.79,6,5.57,5.76,-0.14,-2.37%,163700
ATGL,2024-10-17,5.84,6.0753,5.58,5.81,0.05,+0.87%,116900
ATGL,2024-10-18,5.75,6.95,5.62,6.7,0.89,+15.32%,99500
ATGL,2024-10-21,6.64,6.97,5.97,6.37,-0.33,-4.93%,159100
ATGL,2024-10-22,5.98,6.8,5.98,6.28,-0.09,-1.41%,40200
ATGL,2024-10-23,6.27,6.69,6.21,6.33,0.05,+0.80%,17900
ATGL,2024-10-24,6.55,12.28,6.32,9.65,3.32,+52.45%,1393900
ATGL,2024-10-25,8.95,10.88,8.15,10.44,0.79,+8.19%,299500
ATGL,2024-10-28,10.61,13.8,10.11,10.77,0.33,+3.16%,216500
ATGL,2024-10-29,10.87,11.88,9.05,9.6,-1.17,-10.86%,107100
ATGL,2024-10-30,9.6,10,8.95,9.5,-0.1,-1.04%,83100
ATGL,2024-10-31,8.81,9.6163,8.71,8.81,-0.69,-7.26%,71800
ATGL,2024-11-01,8.85,10.4898,8.5,9.43,0.62,+7.04%,131500
ATGL,2024-11-04,9.09,12.2,7.91,8.79,-0.64,-6.79%,535400
ATGL,2024-11-05,8.79,9.7351,7.58,8.51,-0.28,-3.19%,77000
ATGL,2024-11-06,8.44,10.48,8.44,10.29,1.78,+20.92%,104500
ATGL,2024-11-07,9.39,10.29,9.39,9.7,-0.59,-5.73%,129400
ATGL,2024-11-08,9.62,9.85,9.28,9.57,-0.13,-1.34%,124000
ATGL,2024-11-11,9.4,10.36,9.3,10.06,0.49,+5.12%,103200
ATGL,2024-11-12,10.32,10.32,8.64,9.33,-0.73,-7.26%,105600
ATGL,2024-11-13,9.15,9.68,8.9511,9.03,-0.3,-3.22%,12000
ATGL,2024-11-14,9.08,9.27,8.71,9.21,0.18,+1.99%,29600
ATGL,2024-11-15,9.15,9.9947,8.79,9.71,0.5,+5.43%,40400
ATGL,2024-11-18,9.5,13.4748,9.5,13.4,3.69,+38.00%,124000
ATGL,2024-11-19,12.39,14.3,11.78,12.51,-0.89,-6.64%,326000
ATGL,2024-11-20,12.7,13.4499,11.175,11.71,-0.8,-6.39%,46100
ATGL,2024-11-21,11.47,13.1,11.47,12.16,0.45,+3.84%,19100
ATGL,2024-11-22,13.09,14.38,12.3555,14.2,2.04,+16.78%,93900
ATGL,2024-11-25,14.1,17.47,13.72,17.325,3.125,+22.01%,127025
ATGL,2024-11-26,17.71,17.79,13.1001,14.46,-2.865,-16.54%,85117
ATGL,2024-11-27,14.8,16.45,13.95,14.905,0.445,+3.08%,63000
ATGL,2024-11-29,14.93,16.3,14.93,15.84,0.935,+6.27%,36100
ATGL,2024-12-02,15.5,15.635,13.09,13.7,-2.14,-13.51%,51000
ATGL,2024-12-03,14,14.6901,12.32,12.66,-1.04,-7.59%,28300
ATGL,2024-12-04,13.62,13.6218,12.5017,13.3,0.64,+5.06%,81100
ATGL,2024-12-05,13.23,14.06,12.92,13.19,-0.11,-0.83%,17300
ATGL,2024-12-06,12.99,13.82,12.9875,13.04,-0.15,-1.14%,22500
ATGL,2024-12-09,12.94,13.81,10.66,11.25,-1.79,-13.73%,89000
ATGL,2024-12-10,10.4,12,10.4,11.25,0,0.00%,65900
ATGL,2024-12-11,10.8,11.99,10.8,11.12,-0.13,-1.16%,64400
ATGL,2024-12-12,11.17,13.8,11.17,13.71,2.59,+23.29%,88200
ATGL,2024-12-13,14.82,19.6,13.71,15.62,1.91,+13.93%,122500
ATGL,2024-12-16,15.61,17.96,15.33,16.07,0.45,+2.88%,50700
ATGL,2024-12-17,16.05,16.78,14.5,15.86,-0.21,-1.31%,42000
ATGL,2024-12-18,16.99,16.99,14.95,15.3,-0.56,-3.53%,29900
ATGL,2024-12-19,15.1,16.4114,13.26,14.72,-0.58,-3.79%,53200
ATGL,2024-12-20,14.67,15.065,13.51,14.05,-0.67,-4.55%,11600
ATGL,2024-12-23,14.5,15.1,13.01,14.2,0.15,+1.07%,14500
ATGL,2024-12-24,13.62,13.9581,12.4,12.4,-1.8,-12.68%,10500
ATGL,2024-12-26,12.49,16.1632,12.4598,15.95,3.55,+28.63%,118600
ATGL,2024-12-27,16.41,16.795,13.2,13.52,-2.43,-15.24%,34400
ATGL,2024-12-30,13.67,15.16,13.25,15.07,1.55,+11.46%,22000
ATGL,2024-12-31,13.4445,15.5267,13.4445,14.14,-0.93,-6.17%,6700
ATGL,2025-01-02,14.5,16.25,14.1,16.25,2.11,+14.92%,27200
ATGL,2025-01-03,16.5,16.9,15.4632,15.5301,-0.7199,-4.43%,12900
ATGL,2025-01-06,15.1,15.85,14.561,15.44,-0.0901,-0.58%,22400
ATGL,2025-01-07,15.755,15.755,15.17,15.2,-0.24,-1.55%,4600
ATGL,2025-01-08,15.67,17.6,15.2,16.7,1.5,+9.87%,28600
ATGL,2025-01-10,17,17.845,17,17.14,0.44,+2.63%,10600
ATGL,2025-01-13,17.06,17.06,14.56,14.56,-2.58,-15.05%,37100
ATGL,2025-01-14,14.94,16.712,14.8,15.0925,0.5325,+3.66%,28900
ATGL,2025-01-15,15.2,16.295,15.2,15.8,0.7075,+4.69%,11800
ATGL,2025-01-16,15.07,16.35,15.07,16.35,0.55,+3.48%,20700
ATGL,2025-01-17,16.26,17.67,16.26,16.75,0.4,+2.45%,10400
ATGL,2025-01-21,17.34,17.5789,16.2,16.2,-0.55,-3.28%,11900
ATGL,2025-01-22,16.08,16.08,14.5,15.3,-0.9,-5.56%,6400
ATGL,2025-01-23,15.3,17.2,14.9883,17.04,1.74,+11.37%,16000
ATGL,2025-01-24,16.5,16.505,16.16,16.16,-0.88,-5.16%,1500
ATGL,2025-01-27,15.54,17.09,15.54,15.7625,-0.3975,-2.46%,19000
ATGL,2025-01-28,15.8,16.1,15.01,15.29,-0.4725,-3.00%,10200
ATGL,2025-01-29,15.5,15.5,14.26,14.68,-0.61,-3.99%,6300
ATGL,2025-01-30,14.845,15.99,14.7223,14.7223,0.0423,+0.29%,3800
ATGL,2025-01-31,15,15.95,15,15.9,1.1777,+8.00%,20400
ATGL,2025-02-03,14.77,15.91,14.77,14.8,-1.1,-6.92%,16200
ATGL,2025-02-04,15.8,15.8,14.6101,15.7235,0.9235,+6.24%,2400
ATGL,2025-02-05,14.93,15.92,14.93,15.92,0.1965,+1.25%,6500
ATGL,2025-02-06,16.82,17.3895,16.4365,16.955,1.035,+6.50%,19900
ATGL,2025-02-07,16.6,16.95,16.25,16.81,-0.145,-0.86%,11800
ATGL,2025-02-10,16.02,17.5,15.94,17.5,0.69,+4.10%,6800
ATGL,2025-02-11,16.75,26.6,16.67,25.56,8.06,+46.06%,41600
ATGL,2025-02-12,25.92,25.92,22.05,24.35,-1.21,-4.73%,22000
ATGL,2025-02-13,23.88,24.27,21.67,23.91,-0.44,-1.81%,6500
ATGL,2025-02-14,25.5,27.61,24.89,26.57,2.66,+11.13%,20800
ATGL,2025-02-18,26.57,33,25.1689,30.5,3.93,+14.79%,38500
ATGL,2025-02-19,32.99,57.32,32.95,39.305,8.805,+28.87%,288100
ATGL,2025-02-20,40,49.88,38.04,47,7.695,+19.58%,90300
ATGL,2025-02-21,42.04,44.6648,40,41.001,-5.999,-12.76%,38800
ATGL,2025-02-24,38.5,39.092,34.74,34.74,-6.261,-15.27%,22900
ATGL,2025-02-25,34.99,36.67,25.92,28.03,-6.71,-19.31%,49200
ATGL,2025-02-26,28.8,35.38,28.8,31.01,2.98,+10.63%,23500
ATGL,2025-02-27,33.09,35.7,28.01,32.69,1.68,+5.42%,33900
ATGL,2025-02-28,31.54,32.4,29.61,31.29,-1.4,-4.28%,34200
ATGL,2025-03-03,32.99,33.475,27.05,27.25,-4.04,-12.91%,47900
ATGL,2025-03-04,26.03,28,23.49,24.5,-2.75,-10.09%,19700
ATGL,2025-03-05,24.01,30,24.01,25.9,1.4,+5.71%,43600
ATGL,2025-03-06,25.8,26.5,18,18.1,-7.8,-30.12%,40000
ATGL,2025-03-07,18.27,26.22,18,22.5,4.4,+24.31%,29231
ATGL,2025-03-10,22.1,23.41,20,22.28,-0.22,-0.98%,21100
ATGL,2025-03-11,23,26.44,22,23.81,1.53,+6.87%,38600
ATGL,2025-03-12,24.88,25.5,22.99,24.8,0.99,+4.16%,17800
ATGL,2025-03-13,25.41,25.54,22.8,24,-0.8,-3.23%,16500
ATGL,2025-03-14,23.8919,25.5,23.8919,24.9015,0.9015,+3.76%,3600
ATGL,2025-03-17,26.55,30,26.54,29.41,4.5085,+18.11%,17800
ATGL,2025-03-18,29.56,43.5373,29.56,32.62,3.21,+10.91%,64400
ATGL,2025-03-19,34.78,35.8,31.23,33.9,1.28,+3.92%,21400
ATGL,2025-03-20,31.23,35.59,29.75,30,-3.9,-11.50%,27500
ATGL,2025-03-21,32,32,29,29.9,-0.1,-0.33%,9000
ATGL,2025-03-24,30.49,33.8,30.2,32.55,2.65,+8.86%,22700
ATGL,2025-03-25,32.4,35.64,30,31.85,-0.7,-2.15%,25100
ATGL,2025-03-26,32.6,33,28.8,29.1,-2.75,-8.63%,33300
ATGL,2025-03-27,30.4999,30.4999,27.8,28.6001,-0.4999,-1.72%,9700
ATGL,2025-03-28,28.545,28.545,25.24,25.24,-3.3601,-11.75%,8100
ATGL,2025-03-31,24.36,27.38,23.38,27.01,1.77,+7.01%,18300
ATGL,2025-04-01,26.71,28.57,26,27.71,0.7,+2.59%,14200
ATGL,2025-04-02,28.41,32.7,27.72,30.48,2.77,+10.00%,13300
ATGL,2025-04-03,30.08,34.11,29.945,33.343,2.863,+9.39%,8300
ATGL,2025-04-04,34,34,30.8,31.9,-1.443,-4.33%,9500
ATGL,2025-04-07,31,33.25,27,31.02,-0.88,-2.76%,7100
ATGL,2025-04-08,31.5,33.51,31.49,31.85,0.83,+2.68%,4800
ATGL,2025-04-09,34.99,34.99,30.6,32.01,0.16,+0.50%,15500
ATGL,2025-04-10,33.34,33.49,32.9,33.2743,1.2643,+3.95%,3200
ATGL,2025-04-11,32.4,34.5,32.4,33.01,-0.2643,-0.79%,5100
ATGL,2025-04-14,31.72,32.13,30.13,31.17,-1.84,-5.57%,7100
ATGL,2025-04-15,30.86,30.86,29.01,29.5,-1.67,-5.36%,4700
ATGL,2025-04-16,30.3,30.3,29.89,29.89,0.39,+1.32%,7200
ATGL,2025-04-17,28.4,28.5,28.4,28.42,-1.47,-4.92%,5700
ATGL,2025-04-21,28.08,28.385,26.0381,26.0381,-2.3819,-8.38%,15300
ATGL,2025-04-22,27.95,27.95,26.28,26.28,0.2419,+0.93%,15100
ATGL,2025-04-23,27.9,28.28,27,27.53,1.25,+4.76%,14700
ATGL,2025-04-24,28.09,31.2,28.08,28.8,1.27,+4.61%,6200
ATGL,2025-04-25,29.42,29.425,26.52,26.52,-2.28,-7.92%,7100
ATGL,2025-04-28,26.19,28.5,26.19,28.5,1.98,+7.47%,4400
ATGL,2025-04-30,27.1301,27.1301,26.01,26.01,-2.49,-8.74%,7600
ATGL,2025-05-01,26.5,26.61,26.01,26.01,0,0.00%,13200
ATGL,2025-05-02,26.5,26.775,26.06,26.19,0.18,+0.69%,2800
ATGL,2025-05-05,25.57,25.57,25.57,25.57,-0.62,-2.37%,900
ATGL,2025-05-06,26.15,26.19,26.14,26.19,0.62,+2.42%,3200
ATGL,2025-05-07,26.12,26.12,25.51,25.51,-0.68,-2.60%,5300
ATGL,2025-05-08,25.23,26.63,25,26.63,1.12,+4.39%,17400
ATGL,2025-05-09,25,25,23.6,24.3,-2.33,-8.75%,6900
ATGL,2025-05-12,26.01,26.01,23.2,23.36,-0.94,-3.87%,59200
ATGL,2025-05-13,23.5,26,22.02,24.52,1.16,+4.97%,20900
ATGL,2025-05-14,24.74,25.5,23,24.5777,0.0577,+0.24%,10800
ATGL,2025-05-15,25,26.33,25,25.99,1.4123,+5.75%,10100
ATGL,2025-05-16,27.48,27.48,25.73,25.95,-0.04,-0.15%,7300
ATGL,2025-05-19,24.88,27.04,24.875,26.5,0.55,+2.12%,6700
ATGL,2025-05-20,26,28.5,26,27.9138,1.4138,+5.34%,7100
ATGL,2025-05-21,27.9,27.9,26,26.39,-1.5238,-5.46%,6000
ATGL,2025-05-22,26.1,26.36,26,26.31,-0.08,-0.30%,5700
ATGL,2025-05-23,27.09,28,26.78,26.78,0.47,+1.79%,4900
ATGL,2025-05-27,26.52,27.4,26,27.4,0.62,+2.32%,3500
ATGL,2025-05-28,26.58,26.75,26.58,26.75,-0.65,-2.37%,1500
ATGL,2025-05-29,26,26.8,26,26.8,0.05,+0.19%,3500
ATGL,2025-05-30,25.8,27.773,25.8,26.3,-0.5,-1.87%,2700
ATGL,2025-06-02,26.77,26.98,26.7,26.9,0.6,+2.28%,4100
ATGL,2025-06-03,27.05,27.05,26.94,26.94,0.04,+0.15%,7300
ATGL,2025-06-04,26.35,26.76,24.7,26.76,-0.18,-0.67%,5200
ATGL,2025-06-05,26.4999,26.4999,25.9568,25.9568,-0.8032,-3.00%,2400
ATGL,2025-06-06,26,26,24.72,24.72,-1.2368,-4.76%,4800
ATGL,2025-06-09,24.75,25.405,24.75,25.405,0.685,+2.77%,1300
ATGL,2025-06-11,25.22,25.22,25.22,25.22,-0.185,-0.73%,2200
ATGL,2025-06-12,25.85,25.85,25.85,25.85,0.63,+2.50%,4800
ATGL,2025-06-16,24.875,25.75,24.875,25.75,-0.1,-0.39%,3400
ATGL,2025-06-17,25.0001,25.2089,25.0001,25.2089,-0.5411,-2.10%,1900
ATGL,2025-06-18,25,25,25,25,-0.2089,-0.83%,1800
ATGL,2025-06-20,24.56,24.7499,24,24,-1.,-4.00%,1300
ATGL,2025-06-23,24,25.1,24,25.1,1.1,+4.58%,1600
ATGL,2025-06-24,24.04,24.04,23.99,23.99,-1.11,-4.42%,3600
ATGL,2025-06-25,21.14,21.14,20.98,21,-2.99,-12.46%,4500
ATGL,2025-06-26,20.21,21.01,20.21,20.81,-0.19,-0.90%,2600
ATGL,2025-06-27,20.2,21,20.2,21,0.19,+0.91%,5800
ATGL,2025-06-30,20.15,20.15,20.15,20.15,-0.85,-4.05%,2300
ATGL,2025-07-01,20.6,20.6,20.6,20.6,0.45,+2.23%,2700
ATGL,2025-07-02,21,21.4,20.1848,20.49,-0.11,-0.53%,5000
ATGL,2025-07-03,22.22,22.22,22.22,22.22,1.73,+8.44%,3700
ATGL,2025-07-07,20.6,21.9,20.6,21.9,-0.32,-1.44%,4700
ATGL,2025-07-08,22.25,22.25,20.6364,20.69,-1.21,-5.53%,3800
ATGL,2025-07-09,20.39,22.16,20.39,22.16,1.47,+7.10%,5800
ATGL,2025-07-10,22.39,23.9,22.39,23.9,1.74,+7.85%,6800
ATGL,2025-07-14,23.2,23.2,21.99,22,-1.9,-7.95%,4600
ATGL,2025-07-15,21.5311,23.9,21.5311,23.5311,1.5311,+6.96%,1600
ATGL,2025-07-16,21.88,22.5,21.51,22.5,-1.0311,-4.38%,4900
ATGL,2025-07-17,22.02,22.6842,22.02,22.6842,0.1842,+0.82%,4600
ATGL,2025-07-21,22,22.48,21.97,21.97,-0.7142,-3.15%,2400
ATGL,2025-07-22,21.8,21.8,21.8,21.8,-0.17,-0.77%,4400
ATGL,2025-07-23,21.7,21.7,21.7,21.7,-0.1,-0.46%,3900
ATGL,2025-07-25,21.9,21.9,20.1,20.53,-1.17,-5.39%,3900
ATGL,2025-08-05,20,20,20,20,-0.53,-2.58%,2200
ATGL,2025-08-06,20,20,20,20,0,0.00%,300
ATGL,2025-08-07,18.01,18.38,15,17.95,-2.05,-10.25%,4300
ATGL,2025-08-08,18.34,18.365,18.34,18.365,0.415,+2.31%,1200
ATGL,2025-08-12,18.17,18.17,18.17,18.17,-0.195,-1.06%,800
ATGL,2025-08-14,16.9567,18.6,16.9567,18.4,0.23,+1.27%,2800
ATGL,2025-08-15,19.35,19.35,19.35,19.35,0.95,+5.16%,1200
ATGL,2025-08-18,18.2,19.06,18.2,19.06,-0.29,-1.50%,1500
ATGL,2025-08-19,20.9,21.99,19.54,21.625,2.565,+13.46%,4100
ATGL,2025-08-20,23.01,39.15,23.01,32.76,11.135,+51.49%,151100
ATGL,2025-08-21,32.13,32.13,25.4001,27.99,-4.77,-14.56%,18400
ATGL,2025-08-22,27.73,29,24.05,25.75,-2.24,-8.00%,7400
ATGL,2025-08-25,25.6,35,25.6,27.37,1.62,+6.29%,10400
ATGL,2025-08-26,29.1,32.8,28.25,28.25,0.88,+3.22%,9600
ATGL,2025-08-27,31.9,36.5,29.01,30.08,1.83,+6.48%,18100
ATGL,2025-08-28,28.73,29.62,28.73,29.6,-0.48,-1.60%,3900
ATGL,2025-08-29,28.31,30.7,28,30.7,1.1,+3.72%,9600
ATGL,2025-09-02,31.5,32,29.02,32,1.3,+4.23%,13200
ATGL,2025-09-03,34.75,35.75,30.66,32.3953,0.3953,+1.24%,10500
ATGL,2025-09-04,34.24,34.24,32.33,33,0.6047,+1.87%,9000
ATGL,2025-09-05,31.01,31.01,31.01,31.01,-1.99,-6.03%,1200
ATGL,2025-09-08,31.49,34,31.01,31.01,0,0.00%,5100
ATGL,2025-09-09,32,32,29,30.68,-0.33,-1.06%,10000
ATGL,2025-09-10,29.76,33.88,28,33.88,3.2,+10.43%,4100
ATGL,2025-09-11,31.55,31.55,29,29.35,-4.53,-13.37%,7500
ATGL,2025-09-12,33,33.925,31.39,33.925,4.575,+15.59%,4300
ATGL,2025-09-15,31.65,31.65,31.65,31.65,-2.275,-6.71%,4800
ATGL,2025-09-16,30.49,30.49,30.49,30.49,-1.16,-3.67%,2000
ATGL,2025-09-17,30.1567,30.1567,30.1567,30.1567,-0.3333,-1.09%,1000
ATGL,2025-09-18,29.2,31.2831,29.2,31.2831,1.1264,+3.74%,4200
ATGL,2025-09-19,31.17,31.17,29.2,29.2,-2.0831,-6.66%,3800
ATGL,2025-09-22,27,27.77,27,27.77,-1.43,-4.90%,3300
ATGL,2025-09-23,28.79,28.79,28.79,28.79,1.02,+3.67%,700
ATGL,2025-09-24,27.03,27.03,27.03,27.03,-1.76,-6.11%,2500
ATGL,2025-09-25,27.95,27.95,27.95,27.95,0.92,+3.40%,2400
ATGL,2025-09-29,25.2,27,22,23.17,-4.78,-17.10%,4400
ATGL,2025-09-30,25.44,25.44,23.8,23.8,0.63,+2.72%,1700
ATGL,2025-10-01,24.72,24.72,24.72,24.72,0.92,+3.87%,700
ATGL,2025-10-03,23.17,23.17,23.17,23.17,-1.55,-6.27%,1000
ATGL,2025-10-06,25.35,25.35,22.5,22.5,-0.67,-2.89%,1300
ATGL,2025-10-09,22.01,24.21,22.01,23.8017,1.3017,+5.79%,1900
ATGL,2025-10-10,22.2,22.2,20,20.02,-3.7817,-15.89%,2400
ATGL,2025-10-13,19.75,20.9999,19.65,20.1,0.08,+0.40%,3200
ATGL,2025-10-14,19.46,20.25,19.46,20.2271,0.1271,+0.63%,2100
ATGL,2025-10-15,20.5,22.4,20.5,22.4,2.1729,+10.74%,2100
ATGL,2025-10-16,22.4,22.4,20,21.7,-0.7,-3.13%,3900
ATGL,2025-10-17,22.25,22.25,21.173,21.58,-0.12,-0.55%,1100
ATGL,2025-10-20,21.04,21.51,21,21.05,-0.53,-2.46%,1900
ATGL,2025-10-21,20.61,21.25,20.4,21.25,0.2,+0.95%,700
ATGL,2025-10-22,20.5,21.01,20.14,20.77,-0.48,-2.26%,1800
ATGL,2025-10-23,20.99,21.5,20.83,21.5,0.73,+3.51%,2600
ATGL,2025-10-24,21.09,21.09,21.09,21.09,-0.41,-1.91%,400
ATGL,2025-10-27,21.68,21.68,20.72,21.53,0.44,+2.09%,1000
ATGL,2025-10-28,21.1,21.1,20.03,20.03,-1.5,-6.97%,2200
ATGL,2025-10-29,19.108,19.108,18.79,18.79,-1.24,-6.19%,1600
ATGL,2025-10-30,19.3,19.3,18.1116,18.1116,-0.6784,-3.61%,1300
ATGL,2025-10-31,18.82,19,18.82,19,0.8884,+4.91%,600
ATGL,2025-11-03,18.01,18.01,18,18,-1.,-5.26%,700
ATGL,2025-11-04,17.61,17.61,15.8,17.5,-0.5,-2.78%,1100
ATGL,2025-11-05,16.75,16.75,16.75,16.75,-0.75,-4.29%,800
ATGL,2025-11-10,15.9,15.9,15.9,15.9,-0.85,-5.07%,400
ATGL,2025-11-11,15.98,15.98,15.79,15.79,-0.11,-0.69%,700
ATGL,2025-11-12,14.6,14.6,14.6,14.6,-1.19,-7.54%,400
ATGL,2025-11-13,14,14.01,14,14,-0.6,-4.11%,800
ATGL,2025-11-14,14,14,9.01,9.01,-4.99,-35.64%,8100
ATGL,2025-11-17,11.82,31.67,10.51,21.61,12.6,+139.84%,865600
ATGL,2025-11-18,15.81,23.5,14.68,20,-1.61,-7.45%,119900
ATGL,2025-11-19,18.51,18.98,17.3,17.66,-2.34,-11.70%,24700
ATGL,2025-11-20,19.93,24.9,19.93,21,3.34,+18.91%,31000
ATGL,2025-11-21,20.94,21.09,19,20.2,-0.8,-3.81%,11300
ATGL,2025-11-24,20.47,22.87,19.01,21.885,1.685,+8.34%,9600
ATGL,2025-11-25,22.34,24.5,21.11,22.15,0.265,+1.21%,6900
ATGL,2025-11-26,22.9039,24.8934,22.4,24.8934,2.7434,+12.39%,5700
ATGL,2025-12-01,22.94,25,21.01,24.05,-0.8434,-3.39%,12500
ATGL,2025-12-02,23.97,25.99,23.57,25.99,1.94,+8.07%,31700
ATGL,2025-12-03,24.23,29.89,24.23,26.8,0.81,+3.12%,20500
ATGL,2025-12-04,25.9,28.2,24.04,26.25,-0.55,-2.05%,65700
ATGL,2025-12-05,26.07,26.08,25.9901,26.068,-0.182,-0.69%,3700
ATGL,2025-12-08,24.81,26.2,24.01,24.2,-1.868,-7.17%,16100
ATGL,2025-12-09,24.2,25.4,24.2,25.4,1.2,+4.96%,14800
ATGL,2025-12-10,25.002,25.29,22.985,22.985,-2.415,-9.51%,12600
ATGL,2025-12-11,24,24.2,22.5,23.41,0.425,+1.85%,13300
ATGL,2025-12-12,23.58,24.7,21.22,23.7,0.29,+1.24%,10200
ATGL,2025-12-15,23.1,24,23.1,23.99,0.29,+1.22%,4400
ATGL,2025-12-16,25.03,26.07,22.3,25.85,1.86,+7.75%,8600
ATGL,2025-12-17,24.59,27.9,24.27,27,1.15,+4.45%,17100
ATGL,2025-12-18,26.42,27,25.2834,25.5,-1.5,-5.56%,26200
ATGL,2025-12-19,24.8,25.35,22.42,23.16,-2.34,-9.18%,6000
ATGL,2025-12-22,23.5,23.5,23.4,23.4,0.24,+1.04%,1600
ATGL,2025-12-23,22.91,24.08,21.0101,21.1075,-2.2925,-9.80%,3500
ATGL,2025-12-24,22,22,22,22,0.8925,+4.23%,3200
ATGL,2025-12-26,21.05,21.05,21.04,21.04,-0.96,-4.36%,4900
ATGL,2025-12-29,20.01,21.185,19.81,21.185,0.145,+0.69%,5600
ATGL,2025-12-30,19.92,20.93,19.92,20.93,-0.255,-1.20%,1200
ATGL,2026-01-02,20.5,20.5,20.5,20.5,-0.43,-2.05%,400
ATGL,2026-01-05,20.0001,20.0001,18.5,18.77,-1.73,-8.44%,2400
ATGL,2026-01-06,20.81,20.829,20.81,20.829,2.059,+10.97%,1000
ATGL,2026-01-09,20.83,50,20.83,30.61,9.781,+46.96%,624700
ATGL,2026-01-12,27.2,35.81,27.2,28,-2.61,-8.53%,43600
ATGL,2026-01-13,27.35,27.39,24.9,27.1,-0.9,-3.21%,12200
ATGL,2026-01-14,25.945,25.945,24,24.23,-2.87,-10.59%,8800
ATGL,2026-01-15,23.51,24.9,21.65,23,-1.23,-5.08%,12300
ATGL,2026-01-16,24.7,25.4,21.5,21.55,-1.45,-6.30%,12800
ATGL,2026-01-20,21.54,21.54,18.3,20.42,-1.13,-5.24%,20800
ATGL,2026-01-21,21.55,21.55,20.15,20.85,0.43,+2.11%,6000
ATGL,2026-01-22,20.44,22.1,19.51,20.2,-0.65,-3.12%,3100
ATGL,2026-01-23,20,20.0395,18.6219,18.6219,-1.5781,-7.81%,3800
ATGL,2026-01-26,18.82,25.9999,18.82,23.4,4.7781,+25.66%,33500
ATGL,2026-01-27,24.4,24.4,24,24.1,0.7,+2.99%,29900
ATGL,2026-01-28,24.83,24.83,23.11,23.2,-0.9,-3.73%,8400
ATGL,2026-01-29,22.79,23.99,21.9,21.9,-1.3,-5.60%,9900
ATGL,2026-01-30,20.8,20.8,20.8,20.8,-1.1,-5.02%,6700
ATGL,2026-02-02,21,21.45,20.54,20.54,-0.26,-1.25%,4000
ATGL,2026-02-03,20.56,20.57,20.56,20.57,0.03,+0.15%,2000
ATGL,2026-02-04,20.64,21.3,20.61,21.2,0.63,+3.06%,15400
ATGL,2026-02-05,21.1,21.1,19.5,20,-1.2,-5.66%,7900
ATGL,2026-02-06,19.98,20.03,17.6001,19.49,-0.51,-2.55%,14900
ATGL,2026-02-09,20.1,20.1,19,19.47,-0.02,-0.10%,7600
ATGL,2026-02-10,19.4,19.51,19.4,19.5,0.03,+0.15%,4100
ATGL,2026-02-11,18.905,18.905,18.905,18.905,-0.595,-3.05%,1400
ATGL,2026-02-12,19,19.01,17.81,17.81,-1.095,-5.79%,4300
ATGL,2026-02-13,19.15,19.7,17.4,17.4,-0.41,-2.30%,4000
ATGL,2026-02-17,18.5,18.5,16.91,16.91,-0.49,-2.82%,7900
ATGL,2026-02-18,16.82,17.2,16.38,16.38,-0.53,-3.13%,2900
ATGL,2026-02-19,18.2,20.58,17.51,18.3,1.92,+11.72%,12700
ATGL,2026-02-20,20.4,20.4,19,19.48,1.18,+6.45%,2500
ATGL,2026-02-23,18.5,19.7275,16.64,17.07,-2.41,-12.37%,7700
ATGL,2026-02-24,17.2,17.2,15.7,16.59,-0.48,-2.81%,4900
ATGL,2026-02-25,17.5,19.47,16.25,16.8,0.21,+1.27%,8300
ATGL,2026-02-26,16.56,16.56,16.3747,16.3747,-0.4253,-2.53%,1400
ATGL,2026-02-27,16.38,17.49,16.38,17.03,0.6553,+4.00%,2500
ATGL,2026-03-02,16.5,17.9152,16.12,16.55,-0.48,-2.82%,3700
ATGL,2026-03-03,16.64,17.75,16.55,17.2,0.65,+3.93%,3300
ATGL,2026-03-04,17.38,17.38,16.5,16.7,-0.5,-2.91%,3000
ATGL,2026-03-05,16.84,16.94,16.84,16.94,0.24,+1.44%,1400
ATGL,2026-03-06,16.8,17.39,16.8,17.3,0.36,+2.13%,1600
ATGL,2026-03-09,16.9,16.9,16.52,16.52,-0.78,-4.51%,1300
ATGL,2026-03-10,16.1,16.6,16.1,16.6,0.08,+0.48%,3200
ATGL,2026-03-12,16,16,16,16,-0.6,-3.61%,1200
ATGL,2026-03-13,16.88,19.92,16.6,16.6,0.6,+3.75%,15800
ATGL,2026-03-16,15,19.5,15,19.49,2.89,+17.41%,4600
ATGL,2026-03-18,15.48,18.9,15.48,18.8,-0.69,-3.54%,1100
ATGL,2026-03-19,17.81,17.88,17.75,17.8,-1.,-5.32%,2200
ATGL,2026-03-20,17.3,17.3,17.3,17.3,-0.5,-2.81%,800
ATGL,2026-03-23,17.1,17.1,17.1,17.1,-0.2,-1.16%,1500
ATGL,2026-03-24,17.6,17.6,17.54,17.54,0.44,+2.57%,900
ATGL,2026-03-25,17,17.0102,17,17.01,-0.53,-3.02%,1000
ATGL,2026-03-26,16.6,16.6,16.6,16.6,-0.41,-2.41%,200
ATGL,2026-03-27,16.5,16.5,15.7908,15.7908,-0.8092,-4.87%,1200
ATGL,2026-03-30,15.6,15.65,15,15,-0.7908,-5.01%,1500
ATGL,2026-03-31,15,15.14,14.05,14.97,-0.03,-0.20%,1800
ATGL,2026-04-06,14.81,16,14.81,16,1.03,+6.88%,1400
ATGL,2026-04-16,14,14,14,14,-2.,-12.50%,1100
ATGL,2026-04-20,14.11,14.11,14.1,14.1,0.1,+0.71%,600
ATGL,2026-04-21,13.65,14.2,13.65,14.15,0.05,+0.35%,2700
ATGL,2026-04-22,12.73,14.01,12.73,14.01,-0.14,-0.99%,800
ATGL,2026-04-23,14.71,14.71,14.51,14.51,0.5,+3.57%,900
ATGL,2026-04-24,14.51,14.51,13.51,14.1,-0.41,-2.83%,2000
ATHE,2014-12-31,104.4,104.4,97.2,98.4,84.3,+597.87%,8098
ATHE,2015-01-02,99.6,102,98.4,100.2,1.8,+1.83%,1181
ATHE,2015-01-05,100.8,100.8,95.4,96,-4.2,-4.19%,3095
ATHE,2015-01-06,96,98.4,91.8,93.6,-2.4,-2.50%,2803
ATHE,2015-01-07,93.6,96,92.4,93,-0.6,-0.64%,1845
ATHE,2015-01-08,93.6,98.4,93,96,3,+3.23%,3073
ATHE,2015-01-09,97.2,97.2,91.8,94.8,-1.2,-1.25%,2403
ATHE,2015-01-12,94.2,94.2,90.6,91.8,-3.,-3.16%,2761
ATHE,2015-01-13,93,94.2,87,91.8,0,0.00%,7400
ATHE,2015-01-14,93,94.8,90,91.2,-0.6,-0.65%,1853
ATHE,2015-01-15,94.8,94.8,88.8,89.4,-1.8,-1.97%,1711
ATHE,2015-01-16,90,93,88.8,90,0.6,+0.67%,1365
ATHE,2015-01-20,90.6,91.2,87.6,87.6,-2.4,-2.67%,2145
ATHE,2015-01-21,88.8,89.4,84,84.6,-3.,-3.42%,7211
ATHE,2015-01-22,85.2,87.6,84.6,85.2,0.6,+0.71%,1671
ATHE,2015-01-23,85.8,87,82.2,84,-1.2,-1.41%,4413
ATHE,2015-01-26,84.6,85.2,81.6,85.2,1.2,+1.43%,2406
ATHE,2015-01-27,82.2,87,81.6,82.8,-2.4,-2.82%,3688
ATHE,2015-01-28,85.8,91.8,84.6,88.8,6,+7.25%,4001
ATHE,2015-01-29,90,93,85.2,90.6,1.8,+2.03%,5531
ATHE,2015-01-30,91.2,96,88.2,92.4,1.8,+1.99%,4178
ATHE,2015-02-02,93,94.2,87.6,90,-2.4,-2.60%,2220
ATHE,2015-02-03,92.4,99,90.6,98.4,8.4,+9.33%,6521
ATHE,2015-02-04,97.2,102,97.2,99.6,1.2,+1.22%,3580
ATHE,2015-02-05,100.8,100.8,94.2,94.2,-5.4,-5.42%,6420
ATHE,2015-02-06,94.8,96.6,93,95.4,1.2,+1.27%,1748
ATHE,2015-02-09,96,100.2,96,98.4,3,+3.14%,1686
ATHE,2015-02-10,97.8,99.6,96.6,98.4,0,0.00%,911
ATHE,2015-02-11,97.8,102.6,97.8,99.6,1.2,+1.22%,1165
ATHE,2015-02-12,102,102,97.8,98.4,-1.2,-1.20%,3436
ATHE,2015-02-13,84,84,64.2,65.4,-33.,-33.54%,91340
ATHE,2015-02-17,72,72.6,66.6,66.6,1.2,+1.83%,22985
ATHE,2015-02-18,68.4,68.4,64.8,65.4,-1.2,-1.80%,11163
ATHE,2015-02-19,66,67.8,65.4,67.8,2.4,+3.67%,7560
ATHE,2015-02-20,68.4,68.4,65.4,66.6,-1.2,-1.77%,4001
ATHE,2015-02-23,65.4,68.4,65.4,66.6,0,0.00%,4956
ATHE,2015-02-24,66,66.6,64.8,66.6,0,0.00%,4335
ATHE,2015-02-25,68.4,68.4,64.8,66.6,0,0.00%,4463
ATHE,2015-02-26,66,75,65.4,70.2,3.6,+5.41%,33140
ATHE,2015-02-27,72.6,72.6,66.6,66.6,-3.6,-5.13%,12228
ATHE,2015-03-02,66.6,69.6,66.6,67.8,1.2,+1.80%,4201
ATHE,2015-03-03,69,70.2,67.2,67.8,0,0.00%,3038
ATHE,2015-03-04,66.6,69,66.6,67.8,0,0.00%,3396
ATHE,2015-03-05,70.2,70.2,66.6,69.6,1.8,+2.65%,4536
ATHE,2015-03-06,69.6,69.6,66,67.2,-2.4,-3.45%,5858
ATHE,2015-03-09,68.4,70.2,66,67.8,0.6,+0.89%,11340
ATHE,2015-03-10,68.4,74.4,67.2,69,1.2,+1.77%,18683
ATHE,2015-03-11,69.6,76.2,69,75,6,+8.70%,36385
ATHE,2015-03-12,75.6,78.6,69.6,69.6,-5.4,-7.20%,23300
ATHE,2015-03-13,70.2,72,69,69.6,0,0.00%,4026
ATHE,2015-03-16,69.6,71.4,67.8,70.2,0.6,+0.86%,6373
ATHE,2015-03-17,69.6,70.2,67.8,68.4,-1.8,-2.56%,5351
ATHE,2015-03-18,67.8,69.6,67.2,68.4,0,0.00%,4063
ATHE,2015-03-19,67.8,75.6,67.8,73.8,5.4,+7.89%,28048
ATHE,2015-03-20,73.8,73.8,68.4,69,-4.8,-6.50%,18041
ATHE,2015-03-23,68.4,70.2,67.8,69,0,0.00%,4150
ATHE,2015-03-24,69,70.2,68.4,68.4,-0.6,-0.87%,4255
ATHE,2015-03-25,68.4,69,67.2,67.8,-0.6,-0.88%,4966
ATHE,2015-03-26,67.2,68.4,66.6,67.2,-0.6,-0.88%,3536
ATHE,2015-03-27,67.8,69,66.6,69,1.8,+2.68%,2170
ATHE,2015-03-30,69,70.8,66.6,68.4,-0.6,-0.87%,13821
ATHE,2015-03-31,67.8,68.4,66.6,67.2,-1.2,-1.75%,2310
ATHE,2015-04-01,66.6,68.4,64.8,67.2,0,0.00%,7645
ATHE,2015-04-02,67.2,68.4,66,67.8,0.6,+0.89%,2271
ATHE,2015-04-06,68.4,69,66.6,66.6,-1.2,-1.77%,3115
ATHE,2015-04-07,68.4,69,66.6,69,2.4,+3.60%,2763
ATHE,2015-04-08,69,69.6,67.2,68.4,-0.6,-0.87%,4216
ATHE,2015-04-09,69,71.4,67.8,68.4,0,0.00%,5223
ATHE,2015-04-10,69,72,69,70.2,1.8,+2.63%,9566
ATHE,2015-04-13,70.8,72,69,69.6,-0.6,-0.85%,4640
ATHE,2015-04-14,69,70.2,67.8,68.4,-1.2,-1.72%,4425
ATHE,2015-04-15,69,69.6,67.2,68.4,0,0.00%,2913
ATHE,2015-04-16,68.4,70.2,67.2,67.2,-1.2,-1.75%,2660
ATHE,2015-04-17,67.8,69.6,67.8,67.8,0.6,+0.89%,2518
ATHE,2015-04-20,70.2,70.2,67.2,69,1.2,+1.77%,2700
ATHE,2015-04-21,67.8,69,67.2,68.4,-0.6,-0.87%,3556
ATHE,2015-04-22,67.8,69,67.2,67.2,-1.2,-1.75%,3341
ATHE,2015-04-23,67.2,69,66,67.2,0,0.00%,4705
ATHE,2015-04-24,67.2,69.6,66.6,67.8,0.6,+0.89%,6998
ATHE,2015-04-27,68.4,69,67.2,68.4,0.6,+0.88%,5698
ATHE,2015-04-28,69,78,69,74.4,6,+8.77%,51190
ATHE,2015-04-29,75.6,75.6,70.8,72,-2.4,-3.23%,7496
ATHE,2015-04-30,72.6,73.2,69.6,70.2,-1.8,-2.50%,5673
ATHE,2015-05-01,69.6,72,69.6,71.4,1.2,+1.71%,3025
ATHE,2015-05-04,70.8,72,69,72,0.6,+0.84%,4831
ATHE,2015-05-05,71.4,76.2,70.8,71.4,-0.6,-0.83%,6586
ATHE,2015-05-06,74.4,75,71.4,72.6,1.2,+1.68%,3263
ATHE,2015-05-07,72,73.8,71.4,72,-0.6,-0.83%,2811
ATHE,2015-05-08,72,72.6,69.6,70.8,-1.2,-1.67%,2501
ATHE,2015-05-11,72,73.2,72,73.2,2.4,+3.39%,2221
ATHE,2015-05-12,72,73.2,70.2,72,-1.2,-1.64%,3285
ATHE,2015-05-13,70.8,73.8,70.8,72,0,0.00%,2420
ATHE,2015-05-14,72.6,73.2,71.4,72.6,0.6,+0.83%,1728
ATHE,2015-05-15,72.6,73.8,72,73.8,1.2,+1.65%,2871
ATHE,2015-05-18,75,81,73.8,78,4.2,+5.69%,23141
ATHE,2015-05-19,78.6,79.8,75,75.6,-2.4,-3.08%,6625
ATHE,2015-05-20,76.8,87,73.2,86.4,10.8,+14.29%,32018
ATHE,2015-05-21,101.4,111,78.6,82.8,-3.6,-4.17%,128266
ATHE,2015-05-22,81.6,85.2,78,79.8,-3.,-3.62%,14301
ATHE,2015-05-26,80.4,80.4,76.2,76.8,-3.,-3.76%,15163
ATHE,2015-05-27,77.4,78,74.4,76.8,0,0.00%,10683
ATHE,2015-05-28,76.2,88.2,75.6,84,7.2,+9.38%,33741
ATHE,2015-05-29,82.8,86.4,80.4,82.2,-1.8,-2.14%,8370
ATHE,2015-06-01,96.6,97.2,86.4,87.6,5.4,+6.57%,26455
ATHE,2015-06-02,88.2,88.2,83.4,84.6,-3.,-3.42%,12860
ATHE,2015-06-03,83.4,87,83.4,84,-0.6,-0.71%,3261
ATHE,2015-06-04,84.6,85.2,81.6,81.6,-2.4,-2.86%,5015
ATHE,2015-06-05,81,84.6,81,82.8,1.2,+1.47%,3633
ATHE,2015-06-08,84.6,85.2,82.2,84,1.2,+1.45%,3383
ATHE,2015-06-09,84,84,81.6,83.4,-0.6,-0.71%,1515
ATHE,2015-06-10,83.4,84,81.6,83.4,0,0.00%,1866
ATHE,2015-06-11,83.4,91.2,82.8,88.8,5.4,+6.47%,20218
ATHE,2015-06-12,87,88.2,83.4,84,-4.8,-5.41%,9983
ATHE,2015-06-15,84,85.2,79.2,81.6,-2.4,-2.86%,5110
ATHE,2015-06-16,81.6,84.6,81.6,81.6,0,0.00%,2010
ATHE,2015-06-17,82.2,83.4,81.6,82.2,0.6,+0.74%,2326
ATHE,2015-06-18,81.6,82.8,79.8,81.6,-0.6,-0.73%,2606
ATHE,2015-06-19,82.8,82.8,79.8,80.4,-1.2,-1.47%,2791
ATHE,2015-06-22,80.4,81.6,79.8,79.8,-0.6,-0.75%,1386
ATHE,2015-06-23,79.2,81,79.2,79.2,-0.6,-0.75%,2410
ATHE,2015-06-24,79.8,80.4,78.6,78.6,-0.6,-0.76%,1421
ATHE,2015-06-25,78.6,78.6,73.8,73.8,-4.8,-6.11%,7301
ATHE,2015-06-26,75,76.2,70.8,70.8,-3.,-4.07%,4158
ATHE,2015-06-29,69,70.2,68.4,69,-1.8,-2.54%,4955
ATHE,2015-06-30,74.4,74.4,69.6,70.2,1.2,+1.74%,2723
ATHE,2015-07-01,74.4,74.4,67.8,67.8,-2.4,-3.42%,4603
ATHE,2015-07-02,69,70.8,67.8,69,1.2,+1.77%,1906
ATHE,2015-07-06,67.8,70.2,67.2,69,0,0.00%,1608
ATHE,2015-07-07,68.4,69.6,67.8,68.4,-0.6,-0.87%,1000
ATHE,2015-07-08,68.4,72.6,67.8,69.6,1.2,+1.75%,4566
ATHE,2015-07-09,71.4,72.6,69.6,69.6,0,0.00%,1456
ATHE,2015-07-10,70.2,72,69.6,69.6,0,0.00%,1210
ATHE,2015-07-13,70.8,72.6,70.8,71.4,1.8,+2.59%,2546
ATHE,2015-07-14,70.8,73.2,70.8,70.8,-0.6,-0.84%,950
ATHE,2015-07-15,70.8,74.4,70.8,72.6,1.8,+2.54%,2123
ATHE,2015-07-16,75,75,72,72,-0.6,-0.83%,1788
ATHE,2015-07-17,72.6,76.8,72.6,75.6,3.6,+5.00%,11746
ATHE,2015-07-20,75.6,76.2,71.4,71.4,-4.2,-5.56%,3678
ATHE,2015-07-21,72,73.2,70.8,70.8,-0.6,-0.84%,1981
ATHE,2015-07-22,70.8,72.6,68.4,70.2,-0.6,-0.85%,3733
ATHE,2015-07-23,70.8,73.8,70.8,72,1.8,+2.56%,1503
ATHE,2015-07-24,69.6,71.4,69.6,69.6,-2.4,-3.33%,1508
ATHE,2015-07-27,69,70.8,67.8,69,-0.6,-0.86%,2583
ATHE,2015-07-28,69,70.8,69,69.6,0.6,+0.87%,1550
ATHE,2015-07-29,70.2,71.4,69.6,69.6,0,0.00%,1791
ATHE,2015-07-30,70.2,73.8,69.6,71.4,1.8,+2.59%,3025
ATHE,2015-07-31,70.2,72,69.6,70.8,-0.6,-0.84%,2830
ATHE,2015-08-03,70.2,71.4,70.2,70.2,-0.6,-0.85%,2061
ATHE,2015-08-04,70.2,71.4,70.2,70.2,0,0.00%,1231
ATHE,2015-08-05,70.2,71.4,70.2,70.2,0,0.00%,1703
ATHE,2015-08-06,70.2,71.4,70.2,70.2,0,0.00%,2045
ATHE,2015-08-07,70.8,71.4,67.8,69,-1.2,-1.71%,4176
ATHE,2015-08-10,69,70.8,67.8,69,0,0.00%,3180
ATHE,2015-08-11,68.4,70.8,68.4,69,0,0.00%,1711
ATHE,2015-08-12,68.4,69,66,66.6,-2.4,-3.48%,3815
ATHE,2015-08-13,67.2,68.4,67.2,68.4,1.8,+2.70%,3553
ATHE,2015-08-14,67.8,68.4,67.2,67.2,-1.2,-1.75%,1743
ATHE,2015-08-17,67.2,68.4,64.8,67.2,0,0.00%,2931
ATHE,2015-08-18,67.2,68.4,65.4,67.2,0,0.00%,1021
ATHE,2015-08-19,66,66.6,64.8,66,-1.2,-1.79%,1101
ATHE,2015-08-20,66.6,66.6,64.8,64.8,-1.2,-1.82%,2308
ATHE,2015-08-21,64.8,65.4,58.2,60,-4.8,-7.41%,5691
ATHE,2015-08-24,58.8,60,42,58.2,-1.8,-3.00%,5588
ATHE,2015-08-25,60,60,54,54,-4.2,-7.22%,3301
ATHE,2015-08-26,54.6,59.4,52.8,55.8,1.8,+3.33%,1516
ATHE,2015-08-27,55.8,58.8,51.6,53.4,-2.4,-4.30%,4218
ATHE,2015-08-28,53.4,56.4,52.2,55.8,2.4,+4.49%,1015
ATHE,2015-08-31,55.2,58.2,54,56.4,0.6,+1.08%,2475
ATHE,2015-09-01,54,56.4,53.4,54,-2.4,-4.26%,1240
ATHE,2015-09-02,53.4,54.6,52.2,54,0,0.00%,1855
ATHE,2015-09-03,54,54,48,52.2,-1.8,-3.33%,1620
ATHE,2015-09-04,52.8,52.8,50.4,52.2,0,0.00%,2520
ATHE,2015-09-08,50.4,54,49.8,52.8,0.6,+1.15%,1620
ATHE,2015-09-09,54,54.6,52.2,54,1.2,+2.27%,1688
ATHE,2015-09-10,50.4,52.2,49.2,51.6,-2.4,-4.44%,2745
ATHE,2015-09-11,51.6,54,51.6,53.4,1.8,+3.49%,1940
ATHE,2015-09-14,51.6,59.4,51.6,57,3.6,+6.74%,2288
ATHE,2015-09-15,58.8,58.8,55.2,57,0,0.00%,2448
ATHE,2015-09-16,56.4,57,53.4,55.8,-1.2,-2.11%,1111
ATHE,2015-09-17,55.8,60,55.8,58.8,3,+5.38%,3980
ATHE,2015-09-18,59.4,64.8,58.8,58.8,0,0.00%,7426
ATHE,2015-09-21,57,63.6,54.6,57.6,-1.2,-2.04%,1160
ATHE,2015-09-22,60,60,56.4,57,-0.6,-1.04%,985
ATHE,2015-09-23,59.4,59.4,57.6,58.2,1.2,+2.11%,188
ATHE,2015-09-24,58.8,58.8,56.4,58.8,0.6,+1.03%,686
ATHE,2015-09-25,57.6,59.4,52.8,53.4,-5.4,-9.18%,5216
ATHE,2015-09-28,51,55.8,51,54,0.6,+1.12%,1928
ATHE,2015-09-29,52.2,56.4,52.2,54,0,0.00%,4695
ATHE,2015-09-30,54.6,54.6,51,54,0,0.00%,1943
ATHE,2015-10-01,55.2,55.2,51.6,54.6,0.6,+1.11%,426
ATHE,2015-10-02,55.2,55.2,52.8,52.8,-1.8,-3.30%,1091
ATHE,2015-10-05,55.2,55.2,54,55.2,2.4,+4.55%,2628
ATHE,2015-10-06,55.2,55.2,52.8,53.4,-1.8,-3.26%,1298
ATHE,2015-10-07,52.8,55.2,52.2,53.4,0,0.00%,901
ATHE,2015-10-08,54,54,51.6,53.4,0,0.00%,761
ATHE,2015-10-09,54,54.6,51,52.8,-0.6,-1.12%,2493
ATHE,2015-10-12,54,54.6,50.4,53.4,0.6,+1.14%,1323
ATHE,2015-10-13,53.4,54,51,51,-2.4,-4.49%,1940
ATHE,2015-10-14,51,52.2,48,51.6,0.6,+1.18%,4075
ATHE,2015-10-15,52.2,54,49.8,51.6,0,0.00%,1016
ATHE,2015-10-16,49.8,56.4,49.8,55.2,3.6,+6.98%,3200
ATHE,2015-10-19,55.2,55.2,52.2,54.6,-0.6,-1.09%,2955
ATHE,2015-10-20,54,55.8,52.8,52.8,-1.8,-3.30%,941
ATHE,2015-10-21,52.8,55.2,52.2,53.4,0.6,+1.14%,1091
ATHE,2015-10-22,52.8,53.4,49.8,52.2,-1.2,-2.25%,1015
ATHE,2015-10-23,52.8,55.2,52.2,54,1.8,+3.45%,1155
ATHE,2015-10-26,53.4,55.2,51.6,51.6,-2.4,-4.44%,1128
ATHE,2015-10-27,49.8,54.6,49.8,52.8,1.2,+2.33%,1571
ATHE,2015-10-28,51.6,53.4,49.8,52.2,-0.6,-1.14%,1000
ATHE,2015-10-29,52.2,52.8,48,51.6,-0.6,-1.15%,1616
ATHE,2015-10-30,51.6,51.6,48.6,51.6,0,0.00%,2746
ATHE,2015-11-02,49.2,51.6,48.6,50.4,-1.2,-2.33%,2641
ATHE,2015-11-03,49.8,52.8,49.2,51.6,1.2,+2.38%,1550
ATHE,2015-11-04,49.8,52.8,49.8,51,-0.6,-1.16%,1240
ATHE,2015-11-05,49.2,52.8,49.2,51,0,0.00%,1693
ATHE,2015-11-06,51,52.2,48,51,0,0.00%,2720
ATHE,2015-11-09,51,51,47.4,49.8,-1.2,-2.35%,1686
ATHE,2015-11-10,48,51,48,50.4,0.6,+1.20%,896
ATHE,2015-11-11,50.4,52.2,49.8,49.8,-0.6,-1.19%,1983
ATHE,2015-11-12,50.4,51.6,48,49.8,0,0.00%,1103
ATHE,2015-11-13,49.2,49.8,43.8,48.6,-1.2,-2.41%,3965
ATHE,2015-11-16,48.6,48.6,45,46.8,-1.8,-3.70%,760
ATHE,2015-11-17,46.8,49.8,46.8,48.6,1.8,+3.85%,2355
ATHE,2015-11-18,49.2,60.6,49.2,57,8.4,+17.28%,14945
ATHE,2015-11-19,57,58.2,54,56.4,-0.6,-1.05%,2046
ATHE,2015-11-20,55.8,60,55.2,58.2,1.8,+3.19%,3141
ATHE,2015-11-23,60,64.2,55.8,61.2,3,+5.15%,10761
ATHE,2015-11-24,60,61.8,56.4,60.6,-0.6,-0.98%,4625
ATHE,2015-11-25,61.2,61.8,58.2,60.6,0,0.00%,1946
ATHE,2015-11-27,61.2,61.2,58.8,60.6,0,0.00%,1020
ATHE,2015-11-30,60.6,61.2,58.8,58.8,-1.8,-2.97%,1265
ATHE,2015-12-01,57.6,60,56.4,56.4,-2.4,-4.08%,1845
ATHE,2015-12-02,57.6,57.6,54,54.6,-1.8,-3.19%,1895
ATHE,2015-12-03,51.6,54.6,50.4,51.6,-3.,-5.49%,2950
ATHE,2015-12-04,50.4,52.2,48,49.2,-2.4,-4.65%,2653
ATHE,2015-12-07,48.6,49.2,46.8,48,-1.2,-2.44%,2510
ATHE,2015-12-08,47.4,47.4,45.6,46.2,-1.8,-3.75%,3883
ATHE,2015-12-09,45.6,48,45,46.2,0,0.00%,1255
ATHE,2015-12-10,45.6,46.8,43.8,44.4,-1.8,-3.90%,1605
ATHE,2015-12-11,45,46.2,43.8,45,0.6,+1.35%,2806
ATHE,2015-12-14,43.8,45,40.8,43.8,-1.2,-2.67%,2851
ATHE,2015-12-15,42,44.4,41.4,43.2,-0.6,-1.37%,1278
ATHE,2015-12-16,43.2,44.4,42,42.6,-0.6,-1.39%,2561
ATHE,2015-12-17,42.6,44.4,42,42.6,0,0.00%,2036
ATHE,2015-12-18,43.2,45,42,43.8,1.2,+2.82%,2216
ATHE,2015-12-21,43.2,45,43.2,43.8,0,0.00%,1798
ATHE,2015-12-22,43.8,48,43.8,46.8,3,+6.85%,4346
ATHE,2015-12-23,45,48,45,47.4,0.6,+1.28%,3261
ATHE,2015-12-24,46.8,48,46.8,47.4,0,0.00%,528
ATHE,2015-12-28,45.6,48,42.6,43.2,-4.2,-8.86%,2365
ATHE,2015-12-29,42.6,45.6,42.6,45.6,2.4,+5.56%,3840
ATHE,2015-12-30,44.4,46.2,42.6,43.8,-1.8,-3.95%,2015
ATHE,2015-12-31,42.6,44.4,42,43.2,-0.6,-1.37%,3596
ATHE,2016-01-04,43.2,45,39,42.6,-0.6,-1.39%,1881
ATHE,2016-01-05,42,43.2,40.8,42,-0.6,-1.41%,865
ATHE,2016-01-06,41.4,42,36.6,39.6,-2.4,-5.71%,6501
ATHE,2016-01-07,37.2,43.8,37.2,39,-0.6,-1.52%,2520
ATHE,2016-01-08,39,43.2,39,39.6,0.6,+1.54%,1605
ATHE,2016-01-11,42,42,38.4,40.2,0.6,+1.52%,1781
ATHE,2016-01-12,39.6,41.4,37.8,39,-1.2,-2.99%,626
ATHE,2016-01-13,39,39,32.4,35.4,-3.6,-9.23%,4360
ATHE,2016-01-14,35.4,35.4,30,32.4,-3.,-8.47%,5761
ATHE,2016-01-15,34.2,34.2,30,31.2,-1.2,-3.70%,3560
ATHE,2016-01-19,31.2,32.4,27,30,-1.2,-3.85%,2451
ATHE,2016-01-20,30,30.6,27,28.8,-1.2,-4.00%,2895
ATHE,2016-01-21,30,30.6,28.2,29.4,0.6,+2.08%,890
ATHE,2016-01-22,29.4,33.6,29.4,31.2,1.8,+6.12%,1301
ATHE,2016-01-25,30.6,33,30,32.4,1.2,+3.85%,666
ATHE,2016-01-26,31.2,34.2,31.2,31.8,-0.6,-1.85%,845
ATHE,2016-01-27,31.2,34.2,31.2,31.8,0,0.00%,635
ATHE,2016-01-28,31.8,33.6,29.4,33.6,1.8,+5.66%,803
ATHE,2016-01-29,31.8,33.6,31.8,31.8,-1.8,-5.36%,1091
ATHE,2016-02-01,33,33,30,31.8,0,0.00%,558
ATHE,2016-02-02,31.2,33,31.2,31.8,0,0.00%,183
ATHE,2016-02-03,31.8,33,30.6,32.4,0.6,+1.89%,1958
ATHE,2016-02-04,33,33,31.8,32.4,0,0.00%,433
ATHE,2016-02-05,31.8,32.4,30.6,30.6,-1.8,-5.56%,388
ATHE,2016-02-08,33,33,28.8,30,-0.6,-1.96%,1426
ATHE,2016-02-09,28.8,31.2,28.2,28.8,-1.2,-4.00%,1581
ATHE,2016-02-10,28.2,30,28.2,28.8,0,0.00%,1018
ATHE,2016-02-11,29.4,31.8,28.2,30.6,1.8,+6.25%,1755
ATHE,2016-02-12,31.2,31.8,28.8,30,-0.6,-1.96%,738
ATHE,2016-02-16,31.2,31.2,29.4,30.6,0.6,+2.00%,741
ATHE,2016-02-17,30,33.6,30,30,-0.6,-1.96%,1151
ATHE,2016-02-18,33.6,33.6,31.8,33,3,+10.00%,1823
ATHE,2016-02-19,33.6,36,33.6,35.4,2.4,+7.27%,2520
ATHE,2016-02-22,35.4,38.4,34.2,37.2,1.8,+5.08%,1090
ATHE,2016-02-23,37.8,39,36,37.2,0,0.00%,1285
ATHE,2016-02-24,36,37.8,35.4,36,-1.2,-3.23%,720
ATHE,2016-02-25,36.6,37.2,34.2,36.6,0.6,+1.67%,506
ATHE,2016-02-26,39,39,35.4,36,-0.6,-1.64%,536
ATHE,2016-02-29,36,36,33.6,36,0,0.00%,1530
ATHE,2016-03-01,36,36.6,35.4,36,0,0.00%,350
ATHE,2016-03-02,36.6,36.6,36,36,0,0.00%,631
ATHE,2016-03-03,34.8,37.8,34.8,36,0,0.00%,1553
ATHE,2016-03-04,37.8,37.8,35.4,37.2,1.2,+3.33%,891
ATHE,2016-03-07,37.2,39,36.6,38.4,1.2,+3.23%,1238
ATHE,2016-03-08,38.4,39,37.8,37.8,-0.6,-1.56%,893
ATHE,2016-03-09,37.8,37.8,31.8,34.2,-3.6,-9.52%,5655
ATHE,2016-03-10,30.6,33.6,29.4,31.2,-3.,-8.77%,4128
ATHE,2016-03-11,30.6,32.4,30.6,31.8,0.6,+1.92%,886
ATHE,2016-03-14,32.4,32.4,31.8,32.4,0.6,+1.89%,711
ATHE,2016-03-15,31.2,32.4,31.2,31.2,-1.2,-3.70%,441
ATHE,2016-03-16,30.6,32.4,30,30,-1.2,-3.85%,470
ATHE,2016-03-17,31.2,31.2,30.6,30.6,0.6,+2.00%,651
ATHE,2016-03-18,31.8,31.8,31.2,31.8,1.2,+3.92%,700
ATHE,2016-03-21,33,33,30.6,31.8,0,0.00%,1165
ATHE,2016-03-22,32.4,34.2,32.4,33,1.2,+3.77%,2045
ATHE,2016-03-23,33,35.4,33,33.6,0.6,+1.82%,1680
ATHE,2016-03-24,34,34,30.1,30.5,-3.1,-9.23%,5840
ATHE,2016-03-28,30.4,30.5,29,29.9,-0.6,-1.97%,5230
ATHE,2016-03-29,30,30.5,28,28.4,-1.5,-5.02%,3280
ATHE,2016-03-30,30.4,30.4,28,29.4,1,+3.52%,1730
ATHE,2016-03-31,29,30,27.8,28.4,-1.,-3.40%,3220
ATHE,2016-04-01,27.9,28.6,27.9,28.3,-0.1,-0.35%,1440
ATHE,2016-04-04,28.3,28.9,27.9,28.6,0.3,+1.06%,1230
ATHE,2016-04-05,28.7,28.8,28,28.7,0.1,+0.35%,1600
ATHE,2016-04-06,29,31.7,28.7,31.6,2.9,+10.10%,6310
ATHE,2016-04-07,31.6,32,28.8,31.4,-0.2,-0.63%,2650
ATHE,2016-04-08,31.7,31.8,31.1,31.4,0,0.00%,1150
ATHE,2016-04-11,31.6,34.3,31.6,33.7,2.3,+7.32%,5090
ATHE,2016-04-12,33.3,34.1,31.6,34.1,0.4,+1.19%,2100
ATHE,2016-04-13,33.7,34.2,33.2,34.2,0.1,+0.29%,1860
ATHE,2016-04-14,34.2,34.3,34.2,34.3,0.1,+0.29%,1440
ATHE,2016-04-15,34.4,36.9,34.4,36,1.7,+4.96%,10690
ATHE,2016-04-18,35.8,37.3,35.6,36.3,0.3,+0.83%,3020
ATHE,2016-04-19,37,37.3,35.5,35.5,-0.8,-2.20%,1220
ATHE,2016-04-20,36.7,36.8,36.2,36.5,1,+2.82%,2170
ATHE,2016-04-21,37.2,37.2,36,37.2,0.7,+1.92%,1150
ATHE,2016-04-22,37.3,38.6,36.7,38.4,1.2,+3.23%,1970
ATHE,2016-04-25,38.6,39.3,38.5,39,0.6,+1.56%,2270
ATHE,2016-04-26,39,40.4,38.8,40.1,1.1,+2.82%,2560
ATHE,2016-04-27,39.7,40.4,39.7,39.8,-0.3,-0.75%,1550
ATHE,2016-04-28,39.5,40.6,39.5,39.9,0.1,+0.25%,1200
ATHE,2016-04-29,39.5,40,36.7,36.7,-3.2,-8.02%,2790
ATHE,2016-05-02,38.2,39.9,38,38.5,1.8,+4.90%,880
ATHE,2016-05-03,38.1,38.5,37,37.6,-0.9,-2.34%,940
ATHE,2016-05-04,37.5,38,37.1,37.2,-0.4,-1.06%,620
ATHE,2016-05-05,37.7,39.5,36.6,36.7,-0.5,-1.34%,830
ATHE,2016-05-06,36.8,37.6,36.7,37.3,0.6,+1.63%,400
ATHE,2016-05-09,37,37,36,36.5,-0.8,-2.14%,2470
ATHE,2016-05-10,36.8,36.8,36.4,36.4,-0.1,-0.27%,500
ATHE,2016-05-11,37.2,37.2,36.2,36.3,-0.1,-0.27%,450
ATHE,2016-05-12,36.1,36.9,36.1,36.4,0.1,+0.28%,420
ATHE,2016-05-13,36.5,36.7,36.5,36.6,0.2,+0.55%,530
ATHE,2016-05-16,36.6,36.8,36.5,36.7,0.1,+0.27%,430
ATHE,2016-05-17,36.9,37.5,36.5,36.5,-0.2,-0.54%,290
ATHE,2016-05-18,36.1,37,36.1,36.5,0,0.00%,850
ATHE,2016-05-19,36.8,36.8,36.1,36.5,0,0.00%,1300
ATHE,2016-05-20,36.4,37,36.4,36.8,0.3,+0.82%,340
ATHE,2016-05-23,37,37.6,36.5,36.7,-0.1,-0.27%,1710
ATHE,2016-05-24,36.4,37.2,36.4,36.4,-0.3,-0.82%,1900
ATHE,2016-05-25,36.5,37.2,36.5,37,0.6,+1.65%,700
ATHE,2016-05-26,36.8,37.3,36.8,36.9,-0.1,-0.27%,630
ATHE,2016-05-27,37,38.2,37,37.9,1,+2.71%,1270
ATHE,2016-05-31,38,38.5,37.7,37.9,0,0.00%,1530
ATHE,2016-06-01,37.8,38,37.6,37.6,-0.3,-0.79%,510
ATHE,2016-06-02,38,38,37.2,38,0.4,+1.06%,270
ATHE,2016-06-03,37.8,38,37.3,38,0,0.00%,1340
ATHE,2016-06-06,37.6,37.7,36.5,37.5,-0.5,-1.32%,2440
ATHE,2016-06-07,37.8,39,37,38.4,0.9,+2.40%,10570
ATHE,2016-06-08,38.6,39.5,38.3,39.2,0.8,+2.08%,5830
ATHE,2016-06-09,39,40.9,39,40,0.8,+2.04%,6580
ATHE,2016-06-10,40,51.4,40,48.6,8.6,+21.50%,77930
ATHE,2016-06-13,46.8,47.1,43.4,44,-4.6,-9.47%,6230
ATHE,2016-06-14,47.9,47.9,42.8,43.7,-0.3,-0.68%,1850
ATHE,2016-06-15,43.5,45.8,43.1,44,0.3,+0.69%,3270
ATHE,2016-06-16,43.3,44.4,42.9,43.8,-0.2,-0.45%,1700
ATHE,2016-06-17,43.5,44,43.5,43.8,0,0.00%,1080
ATHE,2016-06-20,44.3,44.8,43.3,43.4,-0.4,-0.91%,2920
ATHE,2016-06-21,45,45,43,43.5,0.1,+0.23%,1000
ATHE,2016-06-22,43.9,51.2,43.8,46.5,3,+6.90%,43920
ATHE,2016-06-23,47.4,48.8,46.1,47.7,1.2,+2.58%,4760
ATHE,2016-06-24,46.9,47.5,44.9,46.8,-0.9,-1.89%,5430
ATHE,2016-06-27,47.2,48.1,45.7,46.4,-0.4,-0.85%,3180
ATHE,2016-06-28,46.5,48,46.5,47.8,1.4,+3.02%,930
ATHE,2016-06-29,47.8,47.8,47.1,47.5,-0.3,-0.63%,1740
ATHE,2016-06-30,47.4,47.5,46.7,47.4,-0.1,-0.21%,1600
ATHE,2016-07-01,47,49.5,47,49.1,1.7,+3.59%,5950
ATHE,2016-07-05,49.6,50.4,48.6,49.1,0,0.00%,2480
ATHE,2016-07-06,48.5,48.5,47.5,47.6,-1.5,-3.05%,1580
ATHE,2016-07-07,47.7,48,47.6,47.8,0.2,+0.42%,620
ATHE,2016-07-08,48.9,48.9,48,48.4,0.6,+1.26%,870
ATHE,2016-07-11,48.3,48.3,47.8,47.8,-0.6,-1.24%,1150
ATHE,2016-07-12,48.9,48.9,48,48.3,0.5,+1.05%,890
ATHE,2016-07-13,48.4,48.4,48,48.2,-0.1,-0.21%,450
ATHE,2016-07-14,47.8,48,47.2,48,-0.2,-0.41%,1640
ATHE,2016-07-15,47,47.8,46.6,47.2,-0.8,-1.67%,2000
ATHE,2016-07-18,45.9,47.2,43.9,46.3,-0.9,-1.91%,1710
ATHE,2016-07-19,46.3,46.3,45.1,45.2,-1.1,-2.38%,1910
ATHE,2016-07-20,43.9,45.7,43.9,45.2,0,0.00%,730
ATHE,2016-07-21,44.8,44.8,43.5,43.5,-1.7,-3.76%,2780
ATHE,2016-07-22,45.2,45.2,43.2,43.9,0.4,+0.92%,810
ATHE,2016-07-25,43.5,44.2,42.5,43.8,-0.1,-0.23%,4790
ATHE,2016-07-26,43.8,45.5,42.5,44.1,0.3,+0.68%,8900
ATHE,2016-07-27,44,46.1,44,44.7,0.6,+1.36%,7760
ATHE,2016-07-28,45,45,44.8,45,0.3,+0.67%,420
ATHE,2016-07-29,45.2,46.4,45.2,46,1,+2.22%,1370
ATHE,2016-08-01,46.4,46.6,45.1,46.4,0.4,+0.87%,3170
ATHE,2016-08-02,46.6,46.6,43,44.4,-2.,-4.31%,2290
ATHE,2016-08-03,44.6,45,43.7,44.6,0.2,+0.45%,1770
ATHE,2016-08-04,44.5,45.1,44,44.9,0.3,+0.67%,890
ATHE,2016-08-05,44.2,44.7,44,44.6,-0.3,-0.67%,1020
ATHE,2016-08-08,45.1,66.9,44.6,58,13.4,+30.04%,395390
ATHE,2016-08-09,55,59.9,53.8,59.8,1.8,+3.10%,49180
ATHE,2016-08-10,59.6,59.6,52.6,53.8,-6.,-10.03%,13210
ATHE,2016-08-11,54.1,57.5,52.8,57.3,3.5,+6.51%,13170
ATHE,2016-08-12,57.3,57.9,56,57,-0.3,-0.52%,3230
ATHE,2016-08-15,56.6,58.4,56,56.6,-0.4,-0.70%,4330
ATHE,2016-08-16,56.3,56.3,53.7,55.3,-1.3,-2.30%,3180
ATHE,2016-08-17,55.3,57,53.6,54.5,-0.8,-1.45%,2040
ATHE,2016-08-18,54.3,55.4,54,54.7,0.2,+0.37%,1560
ATHE,2016-08-19,56.4,57.2,54.6,55.9,1.2,+2.19%,2370
ATHE,2016-08-22,56.4,56.4,55,55.2,-0.7,-1.25%,2580
ATHE,2016-08-23,55.6,55.8,55.1,55.2,0,0.00%,960
ATHE,2016-08-24,54.8,57.1,54.1,54.1,-1.1,-1.99%,3700
ATHE,2016-08-25,53.8,54.9,53.2,53.8,-0.3,-0.55%,1690
ATHE,2016-08-26,54.1,55,53.2,53.5,-0.3,-0.56%,2350
ATHE,2016-08-29,53,54.6,52.7,53.6,0.1,+0.19%,2500
ATHE,2016-08-30,53.3,54,53,53.7,0.1,+0.19%,1190
ATHE,2016-08-31,53.5,53.5,51.6,52.6,-1.1,-2.05%,2130
ATHE,2016-09-01,52.2,52.3,48.8,49.2,-3.4,-6.46%,5350
ATHE,2016-09-02,52.5,52.5,48.5,49,-0.2,-0.41%,1960
ATHE,2016-09-06,49.5,49.7,47.4,47.7,-1.3,-2.65%,4330
ATHE,2016-09-07,47.7,48.6,47,47.6,-0.1,-0.21%,1010
ATHE,2016-09-08,47.8,47.8,46.1,47.6,0,0.00%,1280
ATHE,2016-09-09,47,53.9,46.5,51.6,4,+8.40%,26910
ATHE,2016-09-12,51.1,53.3,49.5,52.9,1.3,+2.52%,9960
ATHE,2016-09-13,51.8,52.1,51,52.1,-0.8,-1.51%,2000
ATHE,2016-09-14,50.5,52.4,50.5,51.7,-0.4,-0.77%,2240
ATHE,2016-09-15,52.8,52.8,50.7,51.4,-0.3,-0.58%,2950
ATHE,2016-09-16,51,51.4,49.5,50.5,-0.9,-1.75%,2170
ATHE,2016-09-19,50.4,50.4,48.4,50,-0.5,-0.99%,3930
ATHE,2016-09-20,50.3,50.6,50.1,50.1,0.1,+0.20%,1310
ATHE,2016-09-21,49.9,51.1,49.9,50.8,0.7,+1.40%,2180
ATHE,2016-09-22,51.4,51.4,49.5,50.7,-0.1,-0.20%,4300
ATHE,2016-09-23,50.5,51.1,49.8,50.2,-0.5,-0.99%,2210
ATHE,2016-09-26,50.2,50.9,49,49.8,-0.4,-0.80%,2510
ATHE,2016-09-27,49.4,50,46.2,49.2,-0.6,-1.20%,3430
ATHE,2016-09-28,48.9,48.9,47.7,47.9,-1.3,-2.64%,2670
ATHE,2016-09-29,48.1,49.8,43.8,45.2,-2.7,-5.64%,4840
ATHE,2016-09-30,45.8,49.4,45.2,45.2,0,0.00%,2910
ATHE,2016-10-03,45.8,45.8,44.5,44.5,-0.7,-1.55%,2520
ATHE,2016-10-04,47.5,47.5,43,43.7,-0.8,-1.80%,3470
ATHE,2016-10-05,43.8,43.8,42,43.2,-0.5,-1.14%,2610
ATHE,2016-10-06,42.9,42.9,41.5,41.5,-1.7,-3.94%,1730
ATHE,2016-10-07,40.5,42.3,33.7,33.7,-7.8,-18.80%,9770
ATHE,2016-10-10,33,33.4,28.8,32.2,-1.5,-4.45%,15660
ATHE,2016-10-11,31.6,33,30.5,32.5,0.3,+0.93%,2770
ATHE,2016-10-12,32.5,33,30.6,32,-0.5,-1.54%,3260
ATHE,2016-10-13,33,33,30.9,32.3,0.3,+0.94%,2320
ATHE,2016-10-14,31.9,32.2,31.4,31.8,-0.5,-1.55%,830
ATHE,2016-10-17,31.4,32.4,31.4,32.3,0.5,+1.57%,1010
ATHE,2016-10-18,32.1,34.5,32,32.1,-0.2,-0.62%,11290
ATHE,2016-10-19,35,35,30.5,30.6,-1.5,-4.67%,4420
ATHE,2016-10-20,30.8,31.1,30.1,30.4,-0.2,-0.65%,2290
ATHE,2016-10-21,30.7,31.8,30.4,31.1,0.7,+2.30%,2800
ATHE,2016-10-24,31.6,31.6,30.3,30.4,-0.7,-2.25%,1480
ATHE,2016-10-25,30.8,30.9,30,30.5,0.1,+0.33%,2790
ATHE,2016-10-26,30.6,30.6,29.5,30,-0.5,-1.64%,6890
ATHE,2016-10-27,30.3,31,29.5,30.2,0.2,+0.67%,5430
ATHE,2016-10-28,30.8,30.8,29.2,30.3,0.1,+0.33%,2810
ATHE,2016-10-31,29.6,30.9,29.4,29.5,-0.8,-2.64%,6900
ATHE,2016-11-01,28.8,30.8,27.1,28,-1.5,-5.08%,8230
ATHE,2016-11-02,28,28.3,27.8,28,0,0.00%,2050
ATHE,2016-11-03,27.7,27.7,20.8,23.6,-4.4,-15.71%,8560
ATHE,2016-11-04,24,25,23.1,23.3,-0.3,-1.27%,4260
ATHE,2016-11-07,23.8,24.9,23.8,24.7,1.4,+6.01%,2170
ATHE,2016-11-08,24.2,25,24,24.7,0,0.00%,1180
ATHE,2016-11-09,24.5,24.8,23.8,24.8,0.1,+0.40%,2010
ATHE,2016-11-10,24.6,25,24.3,24.9,0.1,+0.40%,3270
ATHE,2016-11-11,24,25.2,24,24.6,-0.3,-1.20%,3750
ATHE,2016-11-14,24.8,25.4,24.2,25.3,0.7,+2.85%,3430
ATHE,2016-11-15,25.1,27,25.1,26.2,0.9,+3.56%,5930
ATHE,2016-11-16,26.7,29.3,26.7,29.2,3,+11.45%,4510
ATHE,2016-11-17,29.4,29.4,25,27.1,-2.1,-7.19%,11420
ATHE,2016-11-18,26.1,27.3,26.1,27.2,0.1,+0.37%,680
ATHE,2016-11-21,26.8,27.4,26,26.2,-1.,-3.68%,2180
ATHE,2016-11-22,26.1,26.2,25.3,25.6,-0.6,-2.29%,980
ATHE,2016-11-23,26.4,29.4,25,26.2,0.6,+2.34%,23400
ATHE,2016-11-25,26,26.5,25.7,25.9,-0.3,-1.15%,1670
ATHE,2016-11-28,25.5,27.4,24.5,24.9,-1.,-3.86%,2770
ATHE,2016-11-29,27.8,27.8,24.6,25.6,0.7,+2.81%,1230
ATHE,2016-11-30,25.2,25.9,24.5,24.7,-0.9,-3.52%,2930
ATHE,2016-12-01,24.8,24.8,24.2,24.4,-0.3,-1.21%,2030
ATHE,2016-12-02,24.2,24.8,24.1,24.2,-0.2,-0.82%,2890
ATHE,2016-12-05,24.1,25,23.1,23.2,-1.,-4.13%,2230
ATHE,2016-12-06,23,24.4,23,23.3,0.1,+0.43%,1670
ATHE,2016-12-07,23.2,23.5,23,23,-0.3,-1.29%,740
ATHE,2016-12-08,22.8,22.9,21.6,22.1,-0.9,-3.91%,6140
ATHE,2016-12-09,22,23.1,22,22.4,0.3,+1.36%,2630
ATHE,2016-12-12,22.1,22.3,21.9,22.1,-0.3,-1.34%,3000
ATHE,2016-12-13,21.8,22.2,21.8,21.9,-0.2,-0.90%,1230
ATHE,2016-12-14,22,22,20.8,20.8,-1.1,-5.02%,4920
ATHE,2016-12-15,20.7,21.5,20.4,20.9,0.1,+0.48%,3150
ATHE,2016-12-16,20.6,21.6,19.2,20.9,0,0.00%,2830
ATHE,2016-12-19,21,21.2,20,20.2,-0.7,-3.35%,2130
ATHE,2016-12-20,20.2,20.3,19.8,19.8,-0.4,-1.98%,5010
ATHE,2016-12-21,19.6,20.7,19.6,19.8,0,0.00%,3760
ATHE,2016-12-22,19.8,20,19.5,19.7,-0.1,-0.51%,3420
ATHE,2016-12-23,18.4,19.3,15.2,18.7,-1.,-5.08%,19000
ATHE,2016-12-27,18.4,18.5,17.8,18.2,-0.5,-2.67%,4990
ATHE,2016-12-28,18,18.7,18,18.5,0.3,+1.65%,1320
ATHE,2016-12-29,18.6,19,17.8,18.3,-0.2,-1.08%,2700
ATHE,2016-12-30,18.1,18.5,16.2,16.3,-2.,-10.93%,18160
ATHE,2017-01-03,16.5,18,16.5,17.5,1.2,+7.36%,2940
ATHE,2017-01-04,17.9,19.5,17.9,19.3,1.8,+10.29%,5390
ATHE,2017-01-05,19.5,29.8,19.4,25.4,6.1,+31.61%,175060
ATHE,2017-01-06,25.8,26,22.3,24.2,-1.2,-4.72%,22240
ATHE,2017-01-09,24,25.5,23.3,23.9,-0.3,-1.24%,4870
ATHE,2017-01-10,23.7,25.9,23.2,25.1,1.2,+5.02%,9140
ATHE,2017-01-11,25.2,25.8,24.2,24.2,-0.9,-3.59%,4130
ATHE,2017-01-12,24.7,24.7,24,24.2,0,0.00%,1440
ATHE,2017-01-13,24.4,28.6,23.4,26.1,1.9,+7.85%,15860
ATHE,2017-01-17,26.2,26.3,24.5,25.9,-0.2,-0.77%,2800
ATHE,2017-01-18,24.1,25.8,24.1,25.5,-0.4,-1.54%,2520
ATHE,2017-01-19,25.9,25.9,25.2,25.9,0.4,+1.57%,970
ATHE,2017-01-20,25.7,25.7,24.3,25,-0.9,-3.47%,1600
ATHE,2017-01-23,25.4,26.3,24.2,25.1,0.1,+0.40%,5050
ATHE,2017-01-24,24.8,25.5,24.6,25.4,0.3,+1.20%,2430
ATHE,2017-01-25,25.4,27.1,25.4,26.3,0.9,+3.54%,3460
ATHE,2017-01-26,26.5,26.8,26,26,-0.3,-1.14%,1150
ATHE,2017-01-27,26.5,27,24.1,26.1,0.1,+0.38%,2180
ATHE,2017-01-30,26.5,26.5,25,25.4,-0.7,-2.68%,1600
ATHE,2017-01-31,25.2,25.9,25.1,25.1,-0.3,-1.18%,1250
ATHE,2017-02-01,25,25.3,24.3,24.9,-0.2,-0.80%,670
ATHE,2017-02-02,24.7,25,24.1,24.1,-0.8,-3.21%,1140
ATHE,2017-02-03,24.6,24.9,24.2,24.9,0.8,+3.32%,1270
ATHE,2017-02-06,25,25.7,24.6,25.2,0.3,+1.20%,950
ATHE,2017-02-07,24.9,25.7,21,22.9,-2.3,-9.13%,12040
ATHE,2017-02-08,22.1,24.2,21.6,21.9,-1.,-4.37%,4150
ATHE,2017-02-09,21.9,22.7,21.8,22.2,0.3,+1.37%,1980
ATHE,2017-02-10,22.3,22.7,22.3,22.7,0.5,+2.25%,1120
ATHE,2017-02-13,23.6,23.6,22.8,22.8,0.1,+0.44%,1600
ATHE,2017-02-14,22.5,23.4,22.4,22.7,-0.1,-0.44%,440
ATHE,2017-02-15,23.1,23.1,22.7,22.9,0.2,+0.88%,1460
ATHE,2017-02-16,23,23.2,23,23.1,0.2,+0.87%,610
ATHE,2017-02-17,22.7,23.1,22.7,23.1,0,0.00%,350
ATHE,2017-02-21,23,23.2,22.5,22.8,-0.3,-1.30%,1320
ATHE,2017-02-22,23,23.2,22.4,22.4,-0.4,-1.75%,1330
ATHE,2017-02-23,22.1,22.9,21.6,21.9,-0.5,-2.23%,3080
ATHE,2017-02-24,21.6,22.7,21.5,21.7,-0.2,-0.91%,470
ATHE,2017-02-27,21.9,22.4,21.5,22,0.3,+1.38%,1030
ATHE,2017-02-28,22,22.5,21.7,21.9,-0.1,-0.45%,910
ATHE,2017-03-01,22,22,21.4,21.4,-0.5,-2.28%,1250
ATHE,2017-03-02,21.2,21.8,21,21.6,0.2,+0.93%,1430
ATHE,2017-03-03,20.7,21.4,20.7,21.2,-0.4,-1.85%,1130
ATHE,2017-03-06,20.9,21.8,20.4,21.2,0,0.00%,520
ATHE,2017-03-07,20.7,21,20.6,20.7,-0.5,-2.36%,2280
ATHE,2017-03-08,20.6,21.7,20.6,21.3,0.6,+2.90%,3000
ATHE,2017-03-09,21.1,22,21.1,22,0.7,+3.29%,2160
ATHE,2017-03-10,22.1,22.9,22.1,22.5,0.5,+2.27%,1960
ATHE,2017-03-13,22.8,23.8,22.4,23.6,1.1,+4.89%,4500
ATHE,2017-03-14,23.8,23.8,23.1,23.2,-0.4,-1.69%,1680
ATHE,2017-03-15,23.1,23.8,22.7,23.4,0.2,+0.86%,2270
ATHE,2017-03-16,23.1,23.6,22.1,22.7,-0.7,-2.99%,1010
ATHE,2017-03-17,21.9,23,21.7,22.7,0,0.00%,1060
ATHE,2017-03-20,22.8,23.1,21.6,22.5,-0.2,-0.88%,1290
ATHE,2017-03-21,22.2,23.2,21.8,21.9,-0.6,-2.67%,1720
ATHE,2017-03-22,22.1,22.4,21,22.4,0.5,+2.28%,1770
ATHE,2017-03-23,22.6,22.9,21.2,22.4,0,0.00%,2330
ATHE,2017-03-24,22,22.8,21.7,22.7,0.3,+1.34%,1030
ATHE,2017-03-27,22.6,23,22.2,22.9,0.2,+0.88%,680
ATHE,2017-03-28,23.2,25.4,22.7,24.9,2,+8.73%,5680
ATHE,2017-03-29,25.2,25.2,24,24.8,-0.1,-0.40%,2630
ATHE,2017-03-30,29.5,45.8,27.5,34,9.2,+37.10%,1195320
ATHE,2017-03-31,32.5,33.1,29.2,31.3,-2.7,-7.94%,71810
ATHE,2017-04-03,31.1,41,31,35.4,4.1,+13.10%,238410
ATHE,2017-04-04,34.9,34.9,31.5,32,-3.4,-9.60%,29350
ATHE,2017-04-05,31.9,33.1,30.4,31,-1.,-3.13%,13450
ATHE,2017-04-06,31.1,32.4,28,29.5,-1.5,-4.84%,9240
ATHE,2017-04-07,28.5,30,28,29.9,0.4,+1.36%,7660
ATHE,2017-04-10,30,31.1,29.8,30.3,0.4,+1.34%,7980
ATHE,2017-04-11,30.5,30.8,28.2,29.1,-1.2,-3.96%,8760
ATHE,2017-04-12,27.3,30.6,26.7,28.6,-0.5,-1.72%,5730
ATHE,2017-04-13,28.1,30.5,27.9,28.1,-0.5,-1.75%,3090
ATHE,2017-04-17,27.9,28.7,27.9,28.3,0.2,+0.71%,3270
ATHE,2017-04-18,27.8,29.7,27.7,28.8,0.5,+1.77%,1780
ATHE,2017-04-19,28.5,29.6,28.2,28.8,0,0.00%,1260
ATHE,2017-04-20,29,29,28,28.3,-0.5,-1.74%,1120
ATHE,2017-04-21,28.4,29.5,27.5,29.3,1,+3.53%,6520
ATHE,2017-04-24,29.6,29.7,27.7,28.4,-0.9,-3.07%,5670
ATHE,2017-04-25,28,29.3,28,28.9,0.5,+1.76%,5220
ATHE,2017-04-26,28.5,28.9,28.5,28.9,0,0.00%,1660
ATHE,2017-04-27,28.9,30.2,28.7,30.2,1.3,+4.50%,16360
ATHE,2017-04-28,35.6,36.8,30.4,31.8,1.6,+5.30%,370520
ATHE,2017-05-01,31,31.5,27.5,28.2,-3.6,-11.32%,23540
ATHE,2017-05-02,28,28,25.8,26.4,-1.8,-6.38%,9950
ATHE,2017-05-03,26.3,26.3,23.9,24.5,-1.9,-7.20%,10440
ATHE,2017-05-04,25.2,26.8,23.9,24.5,0,0.00%,6160
ATHE,2017-05-05,24.9,24.9,23.5,24.6,0.1,+0.41%,5840
ATHE,2017-05-08,24.5,24.5,23.3,23.9,-0.7,-2.85%,6040
ATHE,2017-05-09,23.9,25,23.1,23.8,-0.1,-0.42%,3770
ATHE,2017-05-10,23.5,24.5,23.5,23.9,0.1,+0.42%,3600
ATHE,2017-05-11,23.6,23.8,22.7,22.9,-1.,-4.18%,6470
ATHE,2017-05-12,22.6,22.9,21.9,22.2,-0.7,-3.06%,3130
ATHE,2017-05-15,23.7,24,22.6,23.7,1.5,+6.76%,5430
ATHE,2017-05-16,24.3,24.4,22.6,22.8,-0.9,-3.80%,6450
ATHE,2017-05-17,22.8,23.7,22.5,22.6,-0.2,-0.88%,2530
ATHE,2017-05-18,22.2,23.2,22,22.5,-0.1,-0.44%,1960
ATHE,2017-05-19,24,24,21.9,22.4,-0.1,-0.44%,2420
ATHE,2017-05-22,22.7,23.6,22.3,22.9,0.5,+2.23%,770
ATHE,2017-05-23,23.2,23.2,22.5,22.6,-0.3,-1.31%,550
ATHE,2017-05-24,22.2,22.9,22.1,22.5,-0.1,-0.44%,3650
ATHE,2017-05-25,22.6,22.7,21,21.3,-1.2,-5.33%,3280
ATHE,2017-05-26,21.3,21.4,21.1,21.1,-0.2,-0.94%,1400
ATHE,2017-05-30,21.1,21.5,21.1,21.4,0.3,+1.42%,1390
ATHE,2017-05-31,22,22,21,21,-0.4,-1.87%,600
ATHE,2017-06-01,21.2,21.3,20.6,21.2,0.2,+0.95%,1090
ATHE,2017-06-02,21,21.5,20.9,21.5,0.3,+1.42%,970
ATHE,2017-06-05,22,22.2,20.7,21.2,-0.3,-1.40%,3230
ATHE,2017-06-06,21.3,21.8,20.6,21.7,0.5,+2.36%,2330
ATHE,2017-06-07,21.6,22.2,21.5,21.5,-0.2,-0.92%,800
ATHE,2017-06-08,21.5,21.9,21.3,21.3,-0.2,-0.93%,1000
ATHE,2017-06-09,21.5,21.8,21.3,21.6,0.3,+1.41%,2120
ATHE,2017-06-12,21.7,21.9,20.5,20.5,-1.1,-5.09%,1800
ATHE,2017-06-13,20.4,21.2,20.4,20.8,0.3,+1.46%,1560
ATHE,2017-06-14,20.9,21.3,20.6,21.1,0.3,+1.44%,1070
ATHE,2017-06-15,20.7,21.1,20.5,20.9,-0.2,-0.95%,650
ATHE,2017-06-16,20.6,21.2,20.6,21.1,0.2,+0.96%,1170
ATHE,2017-06-19,20.9,21.9,20.9,21.6,0.5,+2.37%,2210
ATHE,2017-06-20,21.3,24.9,21.3,23.8,2.2,+10.19%,24390
ATHE,2017-06-21,23.7,24.5,23.3,24.4,0.6,+2.52%,6000
ATHE,2017-06-22,23.6,25,23,24,-0.4,-1.64%,16860
ATHE,2017-06-23,24.1,24.1,22.5,23.4,-0.6,-2.50%,4750
ATHE,2017-06-26,23.5,23.9,22.5,23.3,-0.1,-0.43%,3860
ATHE,2017-06-27,23.3,23.8,22.2,23.6,0.3,+1.29%,8540
ATHE,2017-06-28,23.2,25,23,25,1.4,+5.93%,9060
ATHE,2017-06-29,25,25.5,23,23.2,-1.8,-7.20%,3780
ATHE,2017-06-30,23.1,24.1,22.6,22.9,-0.3,-1.29%,2120
ATHE,2017-07-03,23.2,31.3,23.2,28.9,6,+26.20%,237829
ATHE,2017-07-05,31,32.4,27.7,29.7,0.8,+2.77%,117420
ATHE,2017-07-06,29.7,29.8,28.2,29.2,-0.5,-1.68%,16880
ATHE,2017-07-07,28.4,29.6,25.6,25.6,-3.6,-12.33%,10350
ATHE,2017-07-10,26.8,27.5,26,27,1.4,+5.47%,6660
ATHE,2017-07-11,27.5,29.5,26.6,27.2,0.2,+0.74%,3620
ATHE,2017-07-12,27.1,28.3,27,27.3,0.1,+0.37%,1930
ATHE,2017-07-13,27.3,27.8,27.2,27.3,0,0.00%,2380
ATHE,2017-07-14,27.9,28.1,27.7,27.9,0.6,+2.20%,1870
ATHE,2017-07-17,28,28,26.4,26.4,-1.5,-5.38%,3370
ATHE,2017-07-18,29.3,29.35,27.5,28.5,2.1,+7.95%,12050
ATHE,2017-07-19,28.7,28.7,27.1,27.5,-1.,-3.51%,3710
ATHE,2017-07-20,27.7,28.3,27.3,27.9,0.4,+1.45%,840
ATHE,2017-07-21,27.4,29,27.3,27.4,-0.5,-1.79%,1960
ATHE,2017-07-24,27.4,28.7,27.4,28.1,0.7,+2.55%,2360
ATHE,2017-07-25,28.7,28.9,28.1,28.6,0.5,+1.78%,2860
ATHE,2017-07-26,28.9,28.9,28,28.7,0.1,+0.35%,2410
ATHE,2017-07-27,28.4,28.8,27.3,27.35,-1.35,-4.70%,1760
ATHE,2017-07-28,27.5,28.3,27.2,27.5,0.15,+0.55%,1650
ATHE,2017-07-31,27.9,28.3,27.8,28,0.5,+1.82%,930
ATHE,2017-08-01,27.7,28.6,27.6,28,0,0.00%,2320
ATHE,2017-08-02,27.8,28,26.7,27,-1.,-3.57%,5200
ATHE,2017-08-03,26.4,28.4,26.4,27.1,0.1,+0.37%,2440
ATHE,2017-08-04,26.8,27.2,26.6,27,-0.1,-0.37%,1060
ATHE,2017-08-07,27.3,28.5,26.9,27,0,0.00%,2210
ATHE,2017-08-08,27,28.05,26.5,27.6,0.6,+2.22%,1670
ATHE,2017-08-09,27.1,27.4,26.4,26.9,-0.7,-2.54%,1540
ATHE,2017-08-10,26.8,27.29,25.15,27,0.1,+0.37%,2920
ATHE,2017-08-11,27,27,25.1,25.7,-1.3,-4.81%,4570
ATHE,2017-08-14,25.7,27,25.5,26.5,0.8,+3.11%,1900
ATHE,2017-08-15,26.9,27,23.1,24.1,-2.4,-9.06%,7720
ATHE,2017-08-16,25.1,25.7,23.4,24.6,0.5,+2.07%,2620
ATHE,2017-08-17,24.6,25.3,24,24.9,0.3,+1.22%,700
ATHE,2017-08-18,24.1,25.6,23.6,25.6,0.7,+2.81%,1940
ATHE,2017-08-21,26.5,26.5,23.7,26,0.4,+1.56%,5570
ATHE,2017-08-22,25.6,26.5,23.9,26.1,0.1,+0.38%,4680
ATHE,2017-08-23,26.2,26.4,24.7,26.3,0.2,+0.77%,1210
ATHE,2017-08-24,25.7,26.9,25.4,26.5,0.2,+0.76%,1830
ATHE,2017-08-25,26.2,27,25,25,-1.5,-5.66%,580
ATHE,2017-08-28,25.4,26.6,25,25.7,0.7,+2.80%,1480
ATHE,2017-08-29,24.5,26.8,24.5,26.4,0.7,+2.72%,3240
ATHE,2017-08-30,26.6,27,25.3,26.9,0.5,+1.89%,900
ATHE,2017-08-31,27,27.35,26.7,26.7,-0.2,-0.74%,930
ATHE,2017-09-01,27.6,27.6,26.7,27.6,0.9,+3.37%,2610
ATHE,2017-09-05,27.6,28,26.3,27.5,-0.1,-0.36%,2750
ATHE,2017-09-06,27.8,28,24.1,25.5,-2.,-7.27%,3910
ATHE,2017-09-07,25.5,26.7,25.5,26.3,0.8,+3.14%,840
ATHE,2017-09-08,27.3,27.4,25,26.1,-0.2,-0.76%,3210
ATHE,2017-09-11,25.9,27.1,25.9,26.5,0.4,+1.53%,1730
ATHE,2017-09-12,26.8,28.1,26.5,27.5,1,+3.77%,3080
ATHE,2017-09-13,27.8,28.1,26.1,28,0.5,+1.82%,4130
ATHE,2017-09-14,27.3,28.25,26.86,27.4,-0.6,-2.14%,1390
ATHE,2017-09-15,27.2,28.25,27.17,27.47,0.07,+0.26%,1740
ATHE,2017-09-18,28.8,29.5,27.6,29,1.53,+5.57%,2040
ATHE,2017-09-19,29.5,29.5,27.6,27.6,-1.4,-4.83%,2170
ATHE,2017-09-20,27.5,29,27.5,28.5,0.9,+3.26%,2220
ATHE,2017-09-21,28.6,29,27.7,28.4,-0.1,-0.35%,840
ATHE,2017-09-22,28.5,28.7,25.9,28.2,-0.2,-0.70%,1310
ATHE,2017-09-25,27.7,28.9,27.3,28.1,-0.1,-0.35%,1490
ATHE,2017-09-26,27.7,28.6,27.5,28.3,0.2,+0.71%,1120
ATHE,2017-09-27,28.3,28.3,26.5,28.3,0,0.00%,2190
ATHE,2017-09-28,28.2,28.2,26.8,26.9,-1.4,-4.95%,1000
ATHE,2017-09-29,27.2,28.3,26.9,28,1.1,+4.09%,1350
ATHE,2017-10-02,27.7,28,26.7,27.1,-0.9,-3.21%,1250
ATHE,2017-10-03,26.7,27.7,26.7,27.5,0.4,+1.48%,2680
ATHE,2017-10-04,27.2,27.8,26.5,27.1,-0.4,-1.45%,2020
ATHE,2017-10-05,27.5,27.5,26.1,27.4,0.3,+1.11%,820
ATHE,2017-10-06,26.8,27,25.6,26.7,-0.7,-2.55%,2070
ATHE,2017-10-09,26.4,27.2,26.4,26.6,-0.1,-0.37%,510
ATHE,2017-10-10,26.3,27.5,26.2,26.2,-0.4,-1.50%,1060
ATHE,2017-10-11,26.2,27.2,25.2,26.8,0.6,+2.29%,1490
ATHE,2017-10-12,27.2,27.3,26.6,27.2,0.4,+1.49%,860
ATHE,2017-10-13,27,27,26.1,26.3,-0.9,-3.31%,760
ATHE,2017-10-16,26.2,27.2,25.2,26.1,-0.2,-0.76%,2150
ATHE,2017-10-17,26.1,26.7,25.6,26.7,0.6,+2.30%,1240
ATHE,2017-10-18,26.4,26.7,25.6,26.1,-0.6,-2.25%,1550
ATHE,2017-10-19,25.6,36,25.5,32.5,6.4,+24.52%,106160
ATHE,2017-10-20,32.5,35.55,31.1,34.4,1.9,+5.85%,55560
ATHE,2017-10-23,35.3,37.9,33.7,35,0.6,+1.74%,18380
ATHE,2017-10-24,35.5,35.5,32.5,33.3,-1.7,-4.86%,10870
ATHE,2017-10-25,33.6,33.6,30,30,-3.3,-9.91%,13160
ATHE,2017-10-26,32,32.2,30,31.5,1.5,+5.00%,3260
ATHE,2017-10-27,31.4,33,31.3,32.3,0.8,+2.54%,3660
ATHE,2017-10-30,33.4,33.4,30.3,31.4,-0.9,-2.79%,2960
ATHE,2017-10-31,31.5,31.6,30.2,30.6,-0.8,-2.55%,4180
ATHE,2017-11-01,31,31.9,30.1,31.5,0.9,+2.94%,6110
ATHE,2017-11-02,31.6,34.7,31.5,32.6,1.1,+3.49%,7790
ATHE,2017-11-03,33.1,33.8,32.8,33.5,0.9,+2.76%,3780
ATHE,2017-11-06,33.9,34.5,33.5,34.4,0.9,+2.69%,2390
ATHE,2017-11-07,34.5,34.5,32.5,32.7,-1.7,-4.94%,4080
ATHE,2017-11-08,32.9,32.9,31.8,32.3,-0.4,-1.22%,2080
ATHE,2017-11-09,31.9,33,31.8,32,-0.3,-0.93%,2570
ATHE,2017-11-10,32.9,33.3,32.3,32.4,0.4,+1.25%,3010
ATHE,2017-11-13,32.9,32.9,31.7,32,-0.4,-1.23%,1990
ATHE,2017-11-14,32.3,32.6,31.9,32.1,0.1,+0.31%,1680
ATHE,2017-11-15,31.8,33.5,31.8,32.5,0.4,+1.25%,1220
ATHE,2017-11-16,33.4,37.2,31.35,34.5,2,+6.15%,28050
ATHE,2017-11-17,34.5,35,32.9,33.9,-0.6,-1.74%,5660
ATHE,2017-11-20,34.5,35.9,34.2,34.6,0.7,+2.06%,2570
ATHE,2017-11-21,34.6,34.6,33.9,34.2,-0.4,-1.16%,1200
ATHE,2017-11-22,33.8,34.2,31.6,31.9,-2.3,-6.73%,2730
ATHE,2017-11-24,32.9,33,32.1,32.4,0.5,+1.57%,1070
ATHE,2017-11-27,32.2,32.9,31.45,32.74,0.34,+1.05%,4350
ATHE,2017-11-28,33,34.5,31.25,32.3,-0.44,-1.34%,5900
ATHE,2017-11-29,32,33.1,31.1,31.3,-1.,-3.10%,3070
ATHE,2017-11-30,31.1,33.5,31.1,32.7,1.4,+4.47%,2030
ATHE,2017-12-01,32.3,33.2,31.4,31.8,-0.9,-2.75%,2270
ATHE,2017-12-04,32.1,32.6,31,31.5,-0.3,-0.94%,2020
ATHE,2017-12-05,31.8,31.8,31.2,31.6,0.1,+0.32%,1950
ATHE,2017-12-06,31.2,31.6,30.8,31.1,-0.5,-1.58%,1810
ATHE,2017-12-07,30.9,31.2,30.1,30.8,-0.3,-0.96%,3080
ATHE,2017-12-08,31.6,34.9,31.6,33.5,2.7,+8.77%,9930
ATHE,2017-12-11,34.4,34.4,32.9,33.9,0.4,+1.19%,3160
ATHE,2017-12-12,33.5,34.3,31.2,31.7,-2.2,-6.49%,2810
ATHE,2017-12-13,31.5,33.1,31.5,31.9,0.2,+0.63%,1520
ATHE,2017-12-14,32.4,32.7,31.5,31.9,0,0.00%,1610
ATHE,2017-12-15,32.3,33.8,32.1,33,1.1,+3.45%,3910
ATHE,2017-12-18,32.7,37.9,32.3,36,3,+9.09%,24100
ATHE,2017-12-19,34.4,36,34.4,35.3,-0.7,-1.94%,5130
ATHE,2017-12-20,35.6,35.7,31.2,32.3,-3.,-8.50%,10870
ATHE,2017-12-21,32.3,33,31.5,32.2,-0.1,-0.31%,3160
ATHE,2017-12-22,32.3,33.1,31.5,32.5,0.3,+0.93%,1560
ATHE,2017-12-26,31.9,32.8,31.6,32,-0.5,-1.54%,1460
ATHE,2017-12-27,31.9,32.5,31.9,32.4,0.4,+1.25%,700
ATHE,2017-12-28,32,32.4,31.5,31.6,-0.8,-2.47%,2650
ATHE,2017-12-29,31.5,32,31.1,31.2,-0.4,-1.27%,4170
ATHE,2018-01-02,31.2,32.5,31.2,32.5,1.3,+4.17%,890
ATHE,2018-01-03,32,32.5,31.9,32.2,-0.3,-0.92%,940
ATHE,2018-01-04,31.8,32,31.4,31.7,-0.5,-1.55%,1520
ATHE,2018-01-05,31.5,32.8,31.5,32.5,0.8,+2.52%,2030
ATHE,2018-01-08,32.5,32.5,30.5,31.2,-1.3,-4.00%,4320
ATHE,2018-01-09,30.4,30.6,28.6,28.9,-2.3,-7.37%,10240
ATHE,2018-01-10,28.2,29.8,28.2,28.7,-0.2,-0.69%,3940
ATHE,2018-01-11,28.7,30.9,28.6,30.2,1.5,+5.23%,7650
ATHE,2018-01-12,30.6,30.6,29.4,29.8,-0.4,-1.32%,2020
ATHE,2018-01-16,29.6,31,28.6,28.8,-1.,-3.36%,2890
ATHE,2018-01-17,28.6,30,28.6,28.9,0.1,+0.35%,6750
ATHE,2018-01-18,29.6,29.6,28.2,28.6,-0.3,-1.04%,1990
ATHE,2018-01-19,29.3,29.3,27.9,28.9,0.3,+1.05%,4270
ATHE,2018-01-22,29.2,30.3,28.5,28.9,0,0.00%,13080
ATHE,2018-01-23,29.4,29.4,27.7,27.8,-1.1,-3.81%,7240
ATHE,2018-01-24,28.8,28.8,26.9,27.7,-0.1,-0.36%,6420
ATHE,2018-01-25,27.2,29,27,28.5,0.8,+2.89%,16370
ATHE,2018-01-26,28.5,28.5,27.6,27.8,-0.7,-2.46%,2950
ATHE,2018-01-29,27.3,28.1,27.2,27.7,-0.1,-0.36%,3650
ATHE,2018-01-30,27.5,27.7,26.5,27.2,-0.5,-1.81%,2680
ATHE,2018-01-31,27,27,25.8,26,-1.2,-4.41%,2720
ATHE,2018-02-01,26.5,27,26,26.1,0.1,+0.38%,910
ATHE,2018-02-02,26,26.8,26,26.7,0.6,+2.30%,3270
ATHE,2018-02-05,26,26.8,25,25.5,-1.2,-4.49%,4000
ATHE,2018-02-06,25,25.7,24,24.9,-0.6,-2.35%,3440
ATHE,2018-02-07,25,27.4,24.6,26.7,1.8,+7.23%,2460
ATHE,2018-02-08,27.2,27.2,25.15,25.5,-1.2,-4.49%,1450
ATHE,2018-02-09,26.2,27.5,25.1,25.3,-0.2,-0.78%,1460
ATHE,2018-02-12,26,27.04,25.65,27,1.7,+6.72%,860
ATHE,2018-02-13,27.4,27.4,26.6,27.3,0.3,+1.11%,800
ATHE,2018-02-14,27.7,28,27.3,27.5,0.2,+0.73%,1620
ATHE,2018-02-15,29,30,27,28.9,1.4,+5.09%,3440
ATHE,2018-02-16,29,30.05,28.5,28.79,-0.11,-0.38%,1450
ATHE,2018-02-20,28.9,28.9,28,28.1,-0.69,-2.40%,780
ATHE,2018-02-21,28,28.3,26.7,28,-0.1,-0.36%,420
ATHE,2018-02-22,27,27.7,26.9,27.5,-0.5,-1.79%,730
ATHE,2018-02-23,27.2,27.95,26.8,26.85,-0.65,-2.36%,1100
ATHE,2018-02-26,27.3,27.8,26.7,27.8,0.95,+3.54%,640
ATHE,2018-02-27,27.6,27.6,25.9,26.3,-1.5,-5.40%,940
ATHE,2018-02-28,26.9,26.9,25.9,26.7,0.4,+1.52%,710
ATHE,2018-03-01,25.5,26.55,25.5,26.5,-0.2,-0.75%,820
ATHE,2018-03-02,26,26.9,25.8,26.9,0.4,+1.51%,430
ATHE,2018-03-05,26.9,26.9,25.85,26.3,-0.6,-2.23%,600
ATHE,2018-03-06,26.2,26.7,26.1,26.4,0.1,+0.38%,510
ATHE,2018-03-07,25.6,26.4,25.6,25.7,-0.7,-2.65%,1350
ATHE,2018-03-08,25.7,25.8,25,25.8,0.1,+0.39%,1420
ATHE,2018-03-09,25.8,26.25,25.5,25.8,0,0.00%,1230
ATHE,2018-03-12,25.8,26.7,25.8,26.4,0.6,+2.33%,860
ATHE,2018-03-13,26.5,26.6,26.1,26.5,0.1,+0.38%,490
ATHE,2018-03-14,26.4,27.2,25.8,25.8,-0.7,-2.64%,1890
ATHE,2018-03-15,26.1,26.8,25.6,25.8,0,0.00%,990
ATHE,2018-03-16,27.1,27.1,25.7,26.5,0.7,+2.71%,3110
ATHE,2018-03-19,26.1,26.3,21.5,21.6,-4.9,-18.49%,6910
ATHE,2018-03-20,24.4,24.7,23.1,23.1,1.5,+6.94%,3780
ATHE,2018-03-21,22,23.4,22,22.5,-0.6,-2.60%,3710
ATHE,2018-03-22,22.5,23.8,21.6,22.3,-0.2,-0.89%,6730
ATHE,2018-03-23,20,21.6,19,19.5,-2.8,-12.56%,9650
ATHE,2018-03-26,20.8,21.2,20.1,21.1,1.6,+8.21%,3390
ATHE,2018-03-27,21.4,21.4,20.1,20.5,-0.6,-2.84%,2990
ATHE,2018-03-28,20.8,20.8,19.5,20.4,-0.1,-0.49%,4210
ATHE,2018-03-29,20.4,21.8,20.1,21.3,0.9,+4.41%,3630
ATHE,2018-04-02,20.9,21.7,20.6,20.6,-0.7,-3.29%,2520
ATHE,2018-04-03,20.7,21,19.5,20.6,0,0.00%,2040
ATHE,2018-04-04,20.2,21,20.2,20.2,-0.4,-1.94%,430
ATHE,2018-04-05,20.2,20.2,20,20,-0.2,-0.99%,2000
ATHE,2018-04-06,19.7,20.6,19.7,19.9,-0.1,-0.50%,4100
ATHE,2018-04-09,19.7,20.2,19.7,20,0.1,+0.50%,1330
ATHE,2018-04-10,20.2,20.2,19.8,19.8,-0.2,-1.00%,930
ATHE,2018-04-11,19.8,19.8,19.6,19.7,-0.1,-0.51%,850
ATHE,2018-04-12,19.7,20,19.2,19.3,-0.4,-2.03%,2390
ATHE,2018-04-13,19.3,19.9,19,19.9,0.6,+3.11%,7000
ATHE,2018-04-16,19.9,19.9,19,19.1,-0.8,-4.02%,3430
ATHE,2018-04-17,19.1,19.6,18,18.8,-0.3,-1.57%,4210
ATHE,2018-04-18,18.7,18.7,17.5,18,-0.8,-4.26%,4910
ATHE,2018-04-19,18.5,20.9,17.8,20.7,2.7,+15.00%,10490
ATHE,2018-04-20,20.4,21.5,19.9,20.8,0.1,+0.48%,2200
ATHE,2018-04-23,20.8,20.8,18.9,19.6,-1.2,-5.77%,2600
ATHE,2018-04-24,19.9,20.9,19.3,19.9,0.3,+1.53%,1160
ATHE,2018-04-25,19.3,19.7,19.3,19.6,-0.3,-1.51%,280
ATHE,2018-04-26,19.8,20,19.5,20,0.4,+2.04%,800
ATHE,2018-04-27,20.1,20.1,19.2,20,0,0.00%,280
ATHE,2018-04-30,19.6,19.6,19.1,19.3,-0.7,-3.50%,1160
ATHE,2018-05-01,19.1,19.2,19,19,-0.3,-1.55%,940
ATHE,2018-05-02,19.1,19.3,19.1,19.3,0.3,+1.58%,850
ATHE,2018-05-03,19.1,19.4,19,19,-0.3,-1.55%,1040
ATHE,2018-05-04,18.9,20,18.9,19.7,0.7,+3.68%,2040
ATHE,2018-05-07,20.1,20.4,19.8,20.3,0.6,+3.05%,1040
ATHE,2018-05-08,20.3,20.3,19.8,20.1,-0.2,-0.99%,350
ATHE,2018-05-09,20,20,19.55,20,-0.1,-0.50%,870
ATHE,2018-05-10,19.6,20,19.6,19.9,-0.1,-0.50%,1090
ATHE,2018-05-11,19.6,19.8,19.5,19.5,-0.4,-2.01%,230
ATHE,2018-05-14,19.4,20.3,19.4,19.6,0.1,+0.51%,1050
ATHE,2018-05-15,19.5,19.5,19.2,19.3,-0.3,-1.53%,480
ATHE,2018-05-16,19.1,20,19.1,19.1,-0.2,-1.04%,430
ATHE,2018-05-17,19.2,20.1,19.2,19.8,0.7,+3.66%,450
ATHE,2018-05-18,19.5,20,19.5,19.9,0.1,+0.51%,490
ATHE,2018-05-21,19.7,19.8,19.5,19.6,-0.3,-1.51%,410
ATHE,2018-05-22,19.5,19.6,19.5,19.6,0,0.00%,520
ATHE,2018-05-23,19.7,22.2,19.6,22.2,2.6,+13.27%,8310
ATHE,2018-05-24,22,24.3,19.95,21.3,-0.9,-4.05%,16220
ATHE,2018-05-25,22,22.3,20.4,21.4,0.1,+0.47%,3490
ATHE,2018-05-29,21.8,21.8,21,21.2,-0.2,-0.93%,1630
ATHE,2018-05-30,20.9,21.8,20.9,20.9,-0.3,-1.42%,1450
ATHE,2018-05-31,21.5,21.5,20.5,20.7,-0.2,-0.96%,520
ATHE,2018-06-01,20.5,20.9,20.5,20.7,0,0.00%,780
ATHE,2018-06-04,20.99,21.15,20.7,20.9,0.2,+0.97%,860
ATHE,2018-06-05,21,21,20.7,20.9,0,0.00%,740
ATHE,2018-06-06,20.7,22.9,20.7,21.3,0.4,+1.91%,6820
ATHE,2018-06-07,21,22.4,20.9,20.9,-0.4,-1.88%,1460
ATHE,2018-06-08,20.9,20.9,19.1,19.55,-1.35,-6.46%,13020
ATHE,2018-06-11,19.6,19.6,18.9,19.5,-0.05,-0.26%,1520
ATHE,2018-06-12,19.7,19.8,19.1,19.3,-0.2,-1.03%,930
ATHE,2018-06-13,19.3,19.8,19.3,19.4,0.1,+0.52%,620
ATHE,2018-06-14,20,21.5,19.85,20,0.6,+3.09%,10900
ATHE,2018-06-15,20,20.1,19.4,19.4,-0.6,-3.00%,1390
ATHE,2018-06-18,19.6,20.2,19.6,19.8,0.4,+2.06%,200
ATHE,2018-06-19,20,20.2,19.1,19.3,-0.5,-2.53%,1690
ATHE,2018-06-20,19.1,20,19,19,-0.3,-1.55%,2530
ATHE,2018-06-21,19.1,19.6,18.9,18.9,-0.1,-0.53%,1910
ATHE,2018-06-22,19.4,19.6,19,19.6,0.7,+3.70%,630
ATHE,2018-06-25,19,19.3,18.6,18.8,-0.8,-4.08%,1790
ATHE,2018-06-26,18.8,19.7,18.8,19.7,0.9,+4.79%,1390
ATHE,2018-06-27,19.8,19.9,19,19.2,-0.5,-2.54%,350
ATHE,2018-06-28,19.05,19.05,18.37,18.5,-0.7,-3.65%,640
ATHE,2018-06-29,18.7,19.05,18.7,18.89,0.39,+2.11%,200
ATHE,2018-07-02,18.3,19,18.3,19,0.11,+0.58%,1070
ATHE,2018-07-03,18.9,19.4,18.6,18.7,-0.3,-1.58%,370
ATHE,2018-07-05,19,26,19,23.5,4.8,+25.67%,192920
ATHE,2018-07-06,23.2,29.1,23.2,25.9,2.4,+10.21%,148390
ATHE,2018-07-09,26.2,26.35,23.3,23.6,-2.3,-8.88%,22460
ATHE,2018-07-10,22.3,23.8,22.2,23,-0.6,-2.54%,11290
ATHE,2018-07-11,22.8,23.1,22,22.3,-0.7,-3.04%,1860
ATHE,2018-07-12,22.3,23.3,21.6,21.8,-0.5,-2.24%,5320
ATHE,2018-07-13,21.6,23.2,21.4,22.6,0.8,+3.67%,2150
ATHE,2018-07-16,22.6,23.4,22,22.1,-0.5,-2.21%,4950
ATHE,2018-07-17,22.6,23.2,22,22,-0.1,-0.45%,470
ATHE,2018-07-18,22.9,22.9,22,22.3,0.3,+1.36%,770
ATHE,2018-07-19,22.4,22.5,21.8,22.4,0.1,+0.45%,540
ATHE,2018-07-20,22.6,22.6,21.5,22.15,-0.25,-1.12%,690
ATHE,2018-07-23,22.3,23,21.8,23,0.85,+3.84%,140
ATHE,2018-07-24,23,23,22,22,-1.,-4.35%,520
ATHE,2018-07-25,21.6,21.9,21.5,21.6,-0.4,-1.82%,420
ATHE,2018-07-26,21.05,21.81,21.01,21.81,0.21,+0.97%,480
ATHE,2018-07-27,21,21.2,20.8,20.8,-1.01,-4.63%,1690
ATHE,2018-07-30,21.2,21.9,20.6,21.1,0.3,+1.44%,1160
ATHE,2018-07-31,21.2,21.2,20.2,20.2,-0.9,-4.27%,1310
ATHE,2018-08-01,20.4,21.2,20.4,20.7,0.5,+2.48%,670
ATHE,2018-08-02,20.7,20.8,19.5,20,-0.7,-3.38%,3750
ATHE,2018-08-03,20.2,20.2,19.5,19.5,-0.5,-2.50%,1860
ATHE,2018-08-06,19.5,20.2,19.5,20,0.5,+2.56%,1050
ATHE,2018-08-07,19.8,19.8,19.2,19.7,-0.3,-1.50%,880
ATHE,2018-08-08,19.5,20.8,19.5,19.7,0,0.00%,1340
ATHE,2018-08-09,19.9,20.8,19.9,20.8,1.1,+5.58%,1850
ATHE,2018-08-10,21,22,19.9,21.7,0.9,+4.33%,1030
ATHE,2018-08-13,20.64,20.85,20.04,20.85,-0.85,-3.92%,700
ATHE,2018-08-14,20.6,20.6,19.9,20.4,-0.45,-2.16%,1190
ATHE,2018-08-15,20.1,21.1,19.7,20.8,0.4,+1.96%,1140
ATHE,2018-08-16,20.1,21,19.9,20.5,-0.3,-1.44%,710
ATHE,2018-08-17,20.1,20.5,20.1,20.4,-0.1,-0.49%,120
ATHE,2018-08-20,20.3,20.85,19.64,19.9,-0.5,-2.45%,1700
ATHE,2018-08-21,20.1,21,19.7,19.7,-0.2,-1.01%,460
ATHE,2018-08-22,19.6,21,19.6,20.8,1.1,+5.58%,2290
ATHE,2018-08-23,20.77,21,20.5,20.65,-0.15,-0.72%,810
ATHE,2018-08-24,20.75,21,20.5,20.84,0.19,+0.92%,880
ATHE,2018-08-27,20.9,20.9,20.5,20.6,-0.24,-1.15%,890
ATHE,2018-08-28,20.7,20.7,20.4,20.7,0.1,+0.49%,480
ATHE,2018-08-29,20.5,20.7,20.2,20.6,-0.1,-0.48%,840
ATHE,2018-08-30,20.7,20.8,20.3,20.7,0.1,+0.49%,1710
ATHE,2018-08-31,20.4,20.75,19.71,20.75,0.05,+0.24%,1510
ATHE,2018-09-04,20.2,20.8,20,20.7,-0.05,-0.24%,480
ATHE,2018-09-05,20.4,20.6,19.9,20.3,-0.4,-1.93%,590
ATHE,2018-09-06,20.3,20.4,20.2,20.3,0,0.00%,1150
ATHE,2018-09-07,20.25,20.25,20,20.11,-0.19,-0.94%,530
ATHE,2018-09-10,20,20.1,19.2,19.5,-0.61,-3.03%,2390
ATHE,2018-09-11,19.5,19.6,19.3,19.6,0.1,+0.51%,1130
ATHE,2018-09-12,19.2,19.9,19.2,19.5,-0.1,-0.51%,760
ATHE,2018-09-13,19.2,19.2,18.5,18.5,-1.,-5.13%,2850
ATHE,2018-09-14,18.6,19.8,18.6,19.6,1.1,+5.95%,1480
ATHE,2018-09-17,19.5,19.8,19,19.8,0.2,+1.02%,370
ATHE,2018-09-18,19.1,19.9,19,19.2,-0.6,-3.03%,780
ATHE,2018-09-19,19.5,19.9,18.8,19.9,0.7,+3.65%,730
ATHE,2018-09-20,19,19.9,19,19.9,0,0.00%,30
ATHE,2018-09-21,19.5,21.2,19.1,21.2,1.3,+6.53%,12920
ATHE,2018-09-24,21.7,21.7,19.7,20,-1.2,-5.66%,6340
ATHE,2018-09-25,20,20.3,19.5,19.7,-0.3,-1.50%,2140
ATHE,2018-09-26,19.6,20.1,19.5,20,0.3,+1.52%,1350
ATHE,2018-09-27,20,20.5,20,20.4,0.4,+2.00%,1310
ATHE,2018-09-28,20.9,20.9,19.7,20.1,-0.3,-1.47%,530
ATHE,2018-10-01,19.4,19.8,19.4,19.5,-0.6,-2.99%,1850
ATHE,2018-10-02,19.5,19.8,19.5,19.8,0.3,+1.54%,220
ATHE,2018-10-03,19.5,22.5,18.7,22.35,2.55,+12.88%,14520
ATHE,2018-10-04,22.4,22.9,20.7,22.1,-0.25,-1.12%,2660
ATHE,2018-10-05,21.6,24.8,21.5,21.8,-0.3,-1.36%,6340
ATHE,2018-10-08,23.1,23.1,20.6,21,-0.8,-3.67%,2400
ATHE,2018-10-09,21,21.5,20.43,20.75,-0.25,-1.19%,1130
ATHE,2018-10-10,20.5,20.9,19.7,19.9,-0.85,-4.10%,3190
ATHE,2018-10-11,19.9,21,19.1,19.8,-0.1,-0.50%,5010
ATHE,2018-10-12,20,20,19.2,19.4,-0.4,-2.02%,1050
ATHE,2018-10-15,19.4,19.4,19.1,19.2,-0.2,-1.03%,870
ATHE,2018-10-16,19.5,20,19.4,20,0.8,+4.17%,390
ATHE,2018-10-17,20,20,19.1,19.8,-0.2,-1.00%,390
ATHE,2018-10-18,19.8,22.9,19.3,21,1.2,+6.06%,23130
ATHE,2018-10-19,21.3,21.8,19.5,19.8,-1.2,-5.71%,2250
ATHE,2018-10-22,19.7,20.4,19.1,19.5,-0.3,-1.52%,1560
ATHE,2018-10-23,19.2,20.8,19.2,20,0.5,+2.56%,1360
ATHE,2018-10-24,20.1,21.2,19.2,19.4,-0.6,-3.00%,770
ATHE,2018-10-25,19.6,19.9,18.7,18.8,-0.6,-3.09%,2430
ATHE,2018-10-26,19,19.9,18.7,19.7,0.9,+4.79%,2090
ATHE,2018-10-29,19.3,19.3,18,18,-1.7,-8.63%,4240
ATHE,2018-10-30,18.1,18.8,18,18.5,0.5,+2.78%,1590
ATHE,2018-10-31,18.5,21.4,18,18.6,0.1,+0.54%,16780
ATHE,2018-11-01,18.73,19.5,18.49,18.85,0.25,+1.34%,960
ATHE,2018-11-02,18.5,21,18,19.3,0.45,+2.39%,3610
ATHE,2018-11-05,18.7,19.5,17.5,18.1,-1.2,-6.22%,4100
ATHE,2018-11-06,18.8,18.8,17.5,17.8,-0.3,-1.66%,2700
ATHE,2018-11-07,17.9,18.7,17.7,17.7,-0.1,-0.56%,970
ATHE,2018-11-08,18.9,18.9,16,18.5,0.8,+4.52%,7130
ATHE,2018-11-09,18,18,17.2,17.2,-1.3,-7.03%,320
ATHE,2018-11-12,17.9,18.2,16.9,17.3,0.1,+0.58%,420
ATHE,2018-11-13,17,18.1,16.5,16.5,-0.8,-4.62%,770
ATHE,2018-11-14,17.3,17.5,16.2,17.5,1,+6.06%,890
ATHE,2018-11-15,17.2,17.4,15.6,16.7,-0.8,-4.57%,2360
ATHE,2018-11-16,16.1,17.5,16,16.4,-0.3,-1.80%,1250
ATHE,2018-11-19,16.75,17.57,15.85,16.9,0.5,+3.05%,140
ATHE,2018-11-20,16.8,18,16.15,16.6,-0.3,-1.78%,760
ATHE,2018-11-21,17,18,15.7,16.6,0,0.00%,3180
ATHE,2018-11-23,15.9,17.8,15.9,17.8,1.2,+7.23%,700
ATHE,2018-11-26,17.7,17.7,16.1,16.1,-1.7,-9.55%,1510
ATHE,2018-11-27,16.2,16.6,15.9,16.1,0,0.00%,2900
ATHE,2018-11-28,16,17.2,16,17.2,1.1,+6.83%,700
ATHE,2018-11-29,16.8,17.2,16.2,16.2,-1.,-5.81%,220
ATHE,2018-11-30,17.1,17.2,16.3,16.65,0.45,+2.78%,620
ATHE,2018-12-03,16.4,17,16.3,16.5,-0.15,-0.90%,240
ATHE,2018-12-04,16.3,17.5,15.5,15.8,-0.7,-4.24%,18790
ATHE,2018-12-06,15.6,16.1,15.1,15.6,-0.2,-1.27%,2140
ATHE,2018-12-07,15.5,15.6,15.1,15.4,-0.2,-1.28%,3830
ATHE,2018-12-10,15.3,15.5,15.1,15.1,-0.3,-1.95%,1420
ATHE,2018-12-11,15.2,15.2,13.8,14,-1.1,-7.28%,2440
ATHE,2018-12-12,14,14.9,13.8,14.6,0.6,+4.29%,1370
ATHE,2018-12-13,13.9,15.6,13.3,13.3,-1.3,-8.90%,5120
ATHE,2018-12-14,13,15.15,13,14,0.7,+5.26%,910
ATHE,2018-12-17,14,14.9,14,14,0,0.00%,710
ATHE,2018-12-18,14.1,14.4,12.9,13.3,-0.7,-5.00%,910
ATHE,2018-12-19,12.8,14.4,12.7,12.7,-0.6,-4.51%,2910
ATHE,2018-12-20,12.16,13.5,10.85,12.1,-0.6,-4.72%,2440
ATHE,2018-12-21,11.5,12.2,11.1,11.3,-0.8,-6.61%,2190
ATHE,2018-12-28,12,13.9,11.3,11.6,0.3,+2.65%,10720
ATHE,2018-12-31,12,12.9,12,12.8,1.2,+10.34%,3390
ATHE,2019-01-02,23,24.4,17.8,19.2,6.4,+50.00%,1021049
ATHE,2019-01-03,18,18.4,15.8,17.5,-1.7,-8.85%,71380
ATHE,2019-01-04,18,18,16.1,17.2,-0.3,-1.71%,21880
ATHE,2019-01-07,17.1,17.5,16.5,16.9,-0.3,-1.74%,8150
ATHE,2019-01-08,16.9,18,16.1,17.6,0.7,+4.14%,8590
ATHE,2019-01-09,17.5,17.5,16.6,16.6,-1.,-5.68%,4800
ATHE,2019-01-10,17.6,17.6,16.6,17,0.4,+2.41%,4750
ATHE,2019-01-11,16.7,17.3,16.1,16.6,-0.4,-2.35%,2650
ATHE,2019-01-14,16.4,16.4,15.6,15.8,-0.8,-4.82%,5820
ATHE,2019-01-15,16,16.6,15,16.1,0.3,+1.90%,6110
ATHE,2019-01-16,16,16.4,15,15.8,-0.3,-1.86%,2730
ATHE,2019-01-17,15.6,15.9,15.6,15.7,-0.1,-0.63%,400
ATHE,2019-01-18,16.2,17,15.9,16.8,1.1,+7.01%,1810
ATHE,2019-01-22,16.3,16.8,15.6,16,-0.8,-4.76%,1750
ATHE,2019-01-23,15.6,16.4,14.8,15.1,-0.9,-5.63%,3280
ATHE,2019-01-24,15.7,15.7,14.63,14.85,-0.25,-1.66%,1040
ATHE,2019-01-25,15.2,15.4,14.6,15.4,0.55,+3.70%,980
ATHE,2019-01-28,15,15,14.6,15,-0.4,-2.60%,740
ATHE,2019-01-29,14.7,17.5,14.1,14.2,-0.8,-5.33%,56110
ATHE,2019-01-30,14.4,14.5,13.9,14.2,0,0.00%,8970
ATHE,2019-01-31,16.6,17.8,15.2,16,1.8,+12.68%,85800
ATHE,2019-02-01,15.9,16.8,14.2,15.6,-0.4,-2.50%,18780
ATHE,2019-02-04,16.2,17,14.7,16.5,0.9,+5.77%,5050
ATHE,2019-02-05,16.5,16.6,16.1,16.4,-0.1,-0.61%,2970
ATHE,2019-02-06,16.5,16.5,15.5,15.75,-0.65,-3.96%,3800
ATHE,2019-02-07,16.3,16.3,15.8,15.9,0.15,+0.95%,1080
ATHE,2019-02-08,16.2,16.5,15.8,16.1,0.2,+1.26%,1680
ATHE,2019-02-11,16.3,16.3,15.84,16.15,0.05,+0.31%,320
ATHE,2019-02-12,16.2,16.2,15,15.3,-0.85,-5.26%,1190
ATHE,2019-02-13,15.5,16.4,15.5,16.1,0.8,+5.23%,2340
ATHE,2019-02-14,15.9,16.1,15.6,15.6,-0.5,-3.11%,440
ATHE,2019-02-15,16.1,16.5,15.9,16.15,0.55,+3.53%,4570
ATHE,2019-02-19,16.2,16.6,16.2,16.6,0.45,+2.79%,690
ATHE,2019-02-20,17.1,17.1,16.3,16.5,-0.1,-0.60%,1780
ATHE,2019-02-21,16.3,16.5,16.1,16.2,-0.3,-1.82%,800
ATHE,2019-02-22,16.1,16.9,16.1,16.9,0.7,+4.32%,700
ATHE,2019-02-25,16.9,16.9,16.2,16.5,-0.4,-2.37%,2060
ATHE,2019-02-26,16.75,16.81,16.57,16.8,0.3,+1.82%,380
ATHE,2019-02-27,16.6,17,16.6,16.9,0.1,+0.60%,800
ATHE,2019-02-28,16.8,16.8,16,16.1,-0.8,-4.73%,380
ATHE,2019-03-01,16.6,17.5,16.2,16.3,0.2,+1.24%,4610
ATHE,2019-03-04,16.4,16.9,16.3,16.8,0.5,+3.07%,530
ATHE,2019-03-05,16.5,17.1,16.4,16.9,0.1,+0.60%,430
ATHE,2019-03-06,17,18.58,16.7,17.4,0.5,+2.96%,11490
ATHE,2019-03-07,17,19.5,17,17.5,0.1,+0.57%,22620
ATHE,2019-03-08,17.6,19.199,16.7,19,1.5,+8.57%,9190
ATHE,2019-03-11,19.4,19.4,18.161,18.9,-0.1,-0.53%,3270
ATHE,2019-03-12,19,19,18,18.75,-0.15,-0.79%,2740
ATHE,2019-03-13,18.5,19.19,18,18,-0.75,-4.00%,2770
ATHE,2019-03-14,18.3,19,17.5,18.4,0.4,+2.22%,3940
ATHE,2019-03-15,18.6,27.2,18.5,19.4,1,+5.43%,138150
ATHE,2019-03-18,19.4,20.2,17.3,19.627,0.227,+1.17%,17800
ATHE,2019-03-19,19.5,19.754,18.301,18.6,-1.027,-5.23%,8790
ATHE,2019-03-20,18.5,18.6,17.2,17.4,-1.2,-6.45%,7140
ATHE,2019-03-21,17.5,20.9,17.3,20.4,3,+17.24%,27480
ATHE,2019-03-22,20.4,23.9,19.9,21,0.6,+2.94%,16390
ATHE,2019-03-25,20.8,20.899,19.51,19.9,-1.1,-5.24%,2520
ATHE,2019-03-26,19.7,20.9,19.301,19.7,-0.2,-1.01%,2490
ATHE,2019-03-27,19.7,20.3,18.701,19.095,-0.605,-3.07%,2540
ATHE,2019-03-28,18.7,20.023,18.5,18.6,-0.495,-2.59%,4820
ATHE,2019-03-29,18.703,19.9,18.601,18.8,0.2,+1.08%,4500
ATHE,2019-04-01,19,19.899,19,19.62,0.82,+4.36%,2080
ATHE,2019-04-02,19.341,20.4,19.341,20.4,0.78,+3.98%,2940
ATHE,2019-04-03,20.4,20.4,19.397,19.6,-0.8,-3.92%,1940
ATHE,2019-04-04,20,20,19.3,20,0.4,+2.04%,3180
ATHE,2019-04-05,20.2,20.9,19.6,20.6,0.6,+3.00%,6350
ATHE,2019-04-08,20.3,20.597,19.3,20.597,-0.003,-0.01%,1520
ATHE,2019-04-09,19.234,21.5,19.196,20.595,-0.002,-0.01%,900
ATHE,2019-04-10,21,21,17.46,18.838,-1.757,-8.53%,3740
ATHE,2019-04-11,19,19,17.7,17.7,-1.138,-6.04%,1730
ATHE,2019-04-12,17.9,18.596,17.546,18.008,0.308,+1.74%,1450
ATHE,2019-04-15,18,18.5,17.6,18.5,0.492,+2.73%,2510
ATHE,2019-04-16,18.3,19.4,17.89,18.3,-0.2,-1.08%,6640
ATHE,2019-04-17,18.1,18.9,17.8,17.9,-0.4,-2.19%,1250
ATHE,2019-04-18,18.6,18.6,18.1,18.4,0.5,+2.79%,1670
ATHE,2019-04-22,18,18.3,17.688,17.688,-0.712,-3.87%,690
ATHE,2019-04-23,17.7,18.1,17.6,18.1,0.412,+2.33%,1180
ATHE,2019-04-24,17.8,18.699,17.601,18.4,0.3,+1.66%,920
ATHE,2019-04-25,18,18,17.2,17.2,-1.2,-6.52%,1660
ATHE,2019-04-26,17,17.158,13,13,-4.2,-24.42%,5660
ATHE,2019-04-29,15.7,25.5,15.7,17.4,4.4,+33.85%,150690
ATHE,2019-04-30,17.7,18.5,15.5,17.2,-0.2,-1.15%,14290
ATHE,2019-05-01,17.1,18.629,15.8,17,-0.2,-1.16%,17170
ATHE,2019-05-02,16.432,18.399,15.5,16.2,-0.8,-4.71%,11100
ATHE,2019-05-03,16.8,18.908,16.509,18.6,2.4,+14.81%,12450
ATHE,2019-05-06,18.7,19.209,16,17.6,-1.,-5.38%,20580
ATHE,2019-05-07,17.6,17.7,16.3,16.6,-1.,-5.68%,4340
ATHE,2019-05-08,16.4,17.2,16.3,16.7,0.1,+0.60%,2580
ATHE,2019-05-09,16.4,17,16.4,16.4,-0.3,-1.80%,1250
ATHE,2019-05-10,16.4,17.2,16.4,16.9,0.5,+3.05%,1680
ATHE,2019-05-13,16.4,17.7,16.145,16.3,-0.6,-3.55%,6350
ATHE,2019-05-14,16.6,17.5,16.1,16.6,0.3,+1.84%,3510
ATHE,2019-05-15,16.4,17.1,15.8,15.9,-0.7,-4.22%,3150
ATHE,2019-05-16,16,16.368,15.9,16.3,0.4,+2.52%,760
ATHE,2019-05-17,16.01,16.01,15.6,15.6,-0.7,-4.29%,1320
ATHE,2019-05-20,15.4,16.3,14.2,16,0.4,+2.56%,5310
ATHE,2019-05-21,15.3,15.4,14.673,14.7,-1.3,-8.13%,2180
ATHE,2019-05-22,14.6,15,14.201,15,0.3,+2.04%,420
ATHE,2019-05-23,14.208,14.8,14.147,14.4,-0.6,-4.00%,290
ATHE,2019-05-24,14.5,14.5,13.848,14,-0.4,-2.78%,1760
ATHE,2019-05-28,13.9,14,12.8,13,-1.,-7.14%,5820
ATHE,2019-05-29,12.9,13.5,12.9,13.325,0.325,+2.50%,2220
ATHE,2019-05-30,13.297,13.344,13.1,13.2,-0.125,-0.94%,1490
ATHE,2019-05-31,13.2,13.7,12.6,13.1,-0.1,-0.76%,800
ATHE,2019-06-03,13.6,13.7,13.5,13.7,0.6,+4.58%,1280
ATHE,2019-06-04,13.619,14.1,13.619,13.9,0.2,+1.46%,860
ATHE,2019-06-05,13.8,14,13.1,13.532,-0.368,-2.65%,2230
ATHE,2019-06-06,13.5,13.899,13.5,13.7,0.168,+1.24%,240
ATHE,2019-06-07,13.2,13.7,13.166,13.668,-0.032,-0.23%,1050
ATHE,2019-06-10,13.4,14.3,13.3,14,0.332,+2.43%,1640
ATHE,2019-06-11,13.266,15,13.266,15,1,+7.14%,3380
ATHE,2019-06-12,14.7,15,14.6,14.9,-0.1,-0.67%,640
ATHE,2019-06-13,14.6,15,14.2,14.2,-0.7,-4.70%,890
ATHE,2019-06-14,14.2,14.271,13.467,13.7,-0.5,-3.52%,540
ATHE,2019-06-17,14.1,14.1,13.5,13.7,0,0.00%,190
ATHE,2019-06-18,13.5,13.999,13.5,13.6,-0.1,-0.73%,1310
ATHE,2019-06-19,13.7,14.04,13.7,13.8,0.2,+1.47%,970
ATHE,2019-06-20,14,14,13.2,13.2,-0.6,-4.35%,3640
ATHE,2019-06-21,13.3,13.738,13.25,13.738,0.538,+4.08%,550
ATHE,2019-06-24,13.3,13.7,13.21,13.4,-0.338,-2.46%,340
ATHE,2019-06-25,13.3,13.3,12.7,12.8,-0.6,-4.48%,1160
ATHE,2019-06-26,12.538,13.2,12.538,13,0.2,+1.56%,120
ATHE,2019-06-27,12.7,13,12.6,13,0,0.00%,820
ATHE,2019-06-28,12.9,13.5,12.6,13.1,0.1,+0.77%,1010
ATHE,2019-07-01,13,13.9,12.5,12.8,-0.3,-2.29%,3170
ATHE,2019-07-02,12.9,13.2,12.2,12.8,0,0.00%,1210
ATHE,2019-07-03,12.7,12.837,12.2,12.2,-0.6,-4.69%,650
ATHE,2019-07-05,12.2,13.1,12.2,12.99,0.79,+6.48%,1280
ATHE,2019-07-08,13,13,11.5,11.5,-1.49,-11.47%,3440
ATHE,2019-07-09,12.142,12.8,11.936,12.27,0.77,+6.70%,470
ATHE,2019-07-10,12.8,12.9,11.8,12.7,0.43,+3.50%,2060
ATHE,2019-07-11,12.4,12.8,11.878,11.9,-0.8,-6.30%,340
ATHE,2019-07-12,12,12.7,12,12.5,0.6,+5.04%,350
ATHE,2019-07-15,12.06,12.6,12.06,12.06,-0.44,-3.52%,680
ATHE,2019-07-16,12.173,12.5,12.173,12.2,0.14,+1.16%,140
ATHE,2019-07-17,12.4,12.5,11.8,11.859,-0.341,-2.80%,800
ATHE,2019-07-18,11.9,12,11.11,11.2,-0.659,-5.56%,1010
ATHE,2019-07-19,11.6,12.4,11.4,11.4,0.2,+1.79%,730
ATHE,2019-07-22,11.4,11.4,11.1,11.1,-0.3,-2.63%,1610
ATHE,2019-07-23,11.1,11.4,11,11.1,0,0.00%,5210
ATHE,2019-07-24,11.153,11.2,11.153,11.189,0.089,+0.80%,320
ATHE,2019-07-25,11.499,11.5,10.81,10.81,-0.379,-3.39%,50
ATHE,2019-07-26,10.8,12.141,10.8,11.156,0.346,+3.20%,2490
ATHE,2019-07-29,13,14.9,10,10.799,-0.357,-3.20%,93210
ATHE,2019-07-30,10.7,10.7,10,10.5,-0.299,-2.77%,8700
ATHE,2019-07-31,10.9,10.9,10,10.1,-0.4,-3.81%,2700
ATHE,2019-08-01,10,10.1,9.2,9.8,-0.3,-2.97%,6840
ATHE,2019-08-02,10.2,10.2,9.2,9.5,-0.3,-3.06%,1670
ATHE,2019-08-05,9.5,10.1,9.5,9.5,0,0.00%,960
ATHE,2019-08-06,9.6,10,9.5,9.5,0,0.00%,2750
ATHE,2019-08-07,9.1,10,9.1,9.58,0.08,+0.84%,1300
ATHE,2019-08-08,9.243,10,9.243,9.7,0.12,+1.25%,2560
ATHE,2019-08-09,9.7,9.8,9.3,9.475,-0.225,-2.32%,2110
ATHE,2019-08-12,9.7,9.92,9.5,9.92,0.445,+4.70%,2390
ATHE,2019-08-13,9.41,9.95,9.41,9.657,-0.263,-2.65%,1330
ATHE,2019-08-14,10.1,12,9.911,11,1.343,+13.91%,6720
ATHE,2019-08-15,11,11.5,10.6,11,0,0.00%,3590
ATHE,2019-08-16,10.566,11,10.566,11,0,0.00%,440
ATHE,2019-08-19,11.1,11.6,10.901,11.5,0.5,+4.55%,2750
ATHE,2019-08-20,11.1,12.1,11,11.899,0.399,+3.47%,2160
ATHE,2019-08-21,11.7,11.8,11.2,11.2,-0.699,-5.87%,1690
ATHE,2019-08-22,11.29,11.5,11.201,11.4,0.2,+1.79%,370
ATHE,2019-08-23,11.5,11.6,10.899,10.9,-0.5,-4.39%,740
ATHE,2019-08-26,10.522,11.8,10.522,11.8,0.9,+8.26%,620
ATHE,2019-08-27,11.1,11.1,10.689,10.847,-0.953,-8.08%,950
ATHE,2019-08-28,10.6,11.3,10.5,11.3,0.453,+4.18%,500
ATHE,2019-08-29,10.501,10.501,10.501,10.501,-0.799,-7.07%,30
ATHE,2019-08-30,10.501,11.2,10.501,11.2,0.699,+6.66%,290
ATHE,2019-09-03,10.653,10.751,10.6,10.6,-0.6,-5.36%,500
ATHE,2019-09-04,10.558,10.6,9.656,10.001,-0.599,-5.65%,2440
ATHE,2019-09-05,10.4,10.5,10.2,10.4,0.399,+3.99%,260
ATHE,2019-09-06,10.1,10.5,9.972,10.201,-0.199,-1.91%,120
ATHE,2019-09-09,10.1,10.7,10.1,10.648,0.447,+4.38%,370
ATHE,2019-09-10,10.218,10.8,10.218,10.352,-0.296,-2.78%,160
ATHE,2019-09-11,10.5,11.4,10.3,10.703,0.351,+3.39%,4120
ATHE,2019-09-12,10.4,11.3,10.2,10.2,-0.503,-4.70%,1850
ATHE,2019-09-13,10.2,10.899,10.2,10.899,0.699,+6.85%,510
ATHE,2019-09-16,10.8,10.9,10.6,10.7,-0.199,-1.83%,630
ATHE,2019-09-17,10.9,11.551,10.9,11.3,0.6,+5.61%,2190
ATHE,2019-09-18,11.5,11.5,11.2,11.2,-0.1,-0.88%,440
ATHE,2019-09-19,11.5,11.548,11.5,11.548,0.348,+3.11%,910
ATHE,2019-09-20,11.6,12,11.2,11.606,0.058,+0.50%,950
ATHE,2019-09-23,11.249,11.249,11.249,11.249,-0.357,-3.08%,30
ATHE,2019-09-24,11.328,11.9,11.328,11.65,0.401,+3.56%,350
ATHE,2019-09-25,12,12,11.7,12,0.35,+3.00%,1080
ATHE,2019-09-26,12,12,11.669,12,0,0.00%,1220
ATHE,2019-09-27,11.9,11.9,11.729,11.9,-0.1,-0.83%,180
ATHE,2019-09-30,11.7,11.749,11.023,11.399,-0.501,-4.21%,1180
ATHE,2019-10-01,11.008,11.156,11.001,11.156,-0.243,-2.13%,360
ATHE,2019-10-02,11,11.4,10.4,10.654,-0.502,-4.50%,2190
ATHE,2019-10-03,10.7,10.8,10.6,10.7,0.046,+0.43%,490
ATHE,2019-10-04,10.55,10.7,10.55,10.7,0,0.00%,20
ATHE,2019-10-07,10.9,11.2,10.4,10.5,-0.2,-1.87%,430
ATHE,2019-10-08,10.5,10.75,10.5,10.75,0.25,+2.38%,130
ATHE,2019-10-09,10.5,10.5,10.5,10.5,-0.25,-2.33%,30
ATHE,2019-10-10,10.401,10.6,10.401,10.5,0,0.00%,450
ATHE,2019-10-11,10.5,10.8,10.5,10.7,0.2,+1.90%,310
ATHE,2019-10-14,10.5,11.5,10.5,11,0.3,+2.80%,270
ATHE,2019-10-15,10.7,11.9,10.7,11.9,0.9,+8.18%,2070
ATHE,2019-10-16,11.5,11.9,11.146,11.5,-0.4,-3.36%,390
ATHE,2019-10-17,11.9,12,10.911,11.5,0,0.00%,380
ATHE,2019-10-18,11,12,10.9,11.214,-0.286,-2.49%,1220
ATHE,2019-10-21,11.2,11.2,10.9,10.9,-0.314,-2.80%,240
ATHE,2019-10-22,10.9,11.404,10.9,11.3,0.4,+3.67%,970
ATHE,2019-10-23,11.9,11.9,11.5,11.67,0.37,+3.27%,210
ATHE,2019-10-24,11.7,11.7,11,11.4,-0.27,-2.31%,700
ATHE,2019-10-25,12.1,12.1,11.182,11.588,0.188,+1.65%,200
ATHE,2019-10-28,12,12,11.494,11.494,-0.094,-0.81%,810
ATHE,2019-10-29,11.2,11.9,11.2,11.9,0.406,+3.53%,720
ATHE,2019-10-30,11.638,12,11.638,11.8,-0.1,-0.84%,1500
ATHE,2019-10-31,11.9,11.9,11.2,11.6,-0.2,-1.69%,1110
ATHE,2019-11-01,11.5,11.5,11.2,11.5,-0.1,-0.86%,2140
ATHE,2019-11-04,11.2,11.2,10.6,11.1,-0.4,-3.48%,2830
ATHE,2019-11-05,10.8,11.1,10.701,11,-0.1,-0.90%,1490
ATHE,2019-11-06,10.5,11.3,10.5,10.6,-0.4,-3.64%,1890
ATHE,2019-11-07,10.933,10.981,10.5,10.5,-0.1,-0.94%,1890
ATHE,2019-11-08,10.5,11.131,10.1,10.35,-0.15,-1.43%,1690
ATHE,2019-11-11,10.1,10.8,10.1,10.8,0.45,+4.35%,160
ATHE,2019-11-12,10.1,10.8,10.1,10.452,-0.348,-3.22%,370
ATHE,2019-11-13,10.2,10.8,10.1,10.2,-0.252,-2.41%,280
ATHE,2019-11-14,10.7,10.7,10.257,10.6,0.4,+3.92%,460
ATHE,2019-11-15,10.2,10.25,8.5,10.25,-0.35,-3.30%,5290
ATHE,2019-11-18,10.1,10.5,10.1,10.3,0.05,+0.49%,2890
ATHE,2019-11-19,9.991,10.3,9.8,10.15,-0.15,-1.46%,3890
ATHE,2019-11-20,10.2,10.5,9.6,10,-0.15,-1.48%,2140
ATHE,2019-11-21,10,10,9.6,9.996,-0.004,-0.04%,630
ATHE,2019-11-22,10,10,9.385,9.856,-0.14,-1.40%,1160
ATHE,2019-11-25,9.9,9.9,9,9.45,-0.406,-4.12%,1720
ATHE,2019-11-26,9.8,9.8,9.7,9.8,0.35,+3.70%,2000
ATHE,2019-11-27,9.62,9.62,9.4,9.599,-0.201,-2.05%,3290
ATHE,2019-11-29,9.4,9.8,9.2,9.2,-0.399,-4.16%,680
ATHE,2019-12-02,9.2,9.5,9.2,9.319,0.119,+1.29%,330
ATHE,2019-12-03,9.3,9.4,9,9,-0.319,-3.42%,2760
ATHE,2019-12-04,8.8,9,8.744,8.783,-0.217,-2.41%,2500
ATHE,2019-12-05,8.6,8.8,8.6,8.8,0.017,+0.19%,200
ATHE,2019-12-06,8.5,9.4,8.5,9.062,0.262,+2.98%,4470
ATHE,2019-12-09,9.3,9.301,8.5,8.899,-0.163,-1.80%,2670
ATHE,2019-12-10,8.9,8.9,8.5,8.7,-0.199,-2.24%,380
ATHE,2019-12-11,8.735,8.781,8.5,8.5,-0.2,-2.30%,1570
ATHE,2019-12-12,8.5,8.5,8.1,8.2,-0.3,-3.53%,3320
ATHE,2019-12-13,8.2,8.2,8,8.039,-0.161,-1.96%,1080
ATHE,2019-12-16,8.2,8.2,8.1,8.2,0.161,+2.00%,1430
ATHE,2019-12-17,8.2,8.4,7.9,7.9,-0.3,-3.66%,1290
ATHE,2019-12-18,7.8,8.2,7.779,7.9,0,0.00%,1820
ATHE,2019-12-19,7.779,11.5,7.779,10.447,2.547,+32.24%,20750
ATHE,2019-12-20,10.8,10.8,9.5,9.616,-0.831,-7.95%,2420
ATHE,2019-12-23,9.3,10.1,9,9,-0.616,-6.41%,2020
ATHE,2019-12-24,8.9,9,8,8.198,-0.802,-8.91%,3000
ATHE,2019-12-26,8.3,8.3,8.2,8.2,0.002,+0.02%,2360
ATHE,2019-12-27,8.2,8.9,8.2,8.4,0.2,+2.44%,2060
ATHE,2019-12-30,8.4,8.9,7.801,8.1,-0.3,-3.57%,6380
ATHE,2019-12-31,7.9,8.253,7.8,7.8,-0.3,-3.70%,6190
ATHE,2020-01-02,8.2,8.2,7.3,7.7,-0.1,-1.28%,3770
ATHE,2020-01-03,7.7,8.2,7.4,7.724,0.024,+0.31%,5410
ATHE,2020-01-06,8,8.4,7.978,8.352,0.628,+8.13%,2980
ATHE,2020-01-07,8.5,8.5,7.7,8.067,-0.285,-3.41%,1050
ATHE,2020-01-08,8.075,8.315,7.964,8.174,0.107,+1.33%,1910
ATHE,2020-01-09,8.297,8.3,7.805,8.2,0.026,+0.32%,2450
ATHE,2020-01-10,8.1,8.3,7.7,7.8,-0.4,-4.88%,4840
ATHE,2020-01-13,8,8.3,6.7,7.051,-0.749,-9.60%,14870
ATHE,2020-01-14,7.9,8,7.5,7.751,0.7,+9.93%,3850
ATHE,2020-01-15,8,9.4,7.8,8,0.249,+3.21%,68050
ATHE,2020-01-16,8,8,7.107,7.414,-0.586,-7.33%,23720
ATHE,2020-01-17,7.25,7.8,7.25,7.6,0.186,+2.51%,2930
ATHE,2020-01-21,7.7,7.9,7.501,7.72,0.12,+1.58%,2700
ATHE,2020-01-22,7.611,7.9,7.6,7.85,0.13,+1.68%,2240
ATHE,2020-01-23,7.9,8.04,7.6,7.6,-0.25,-3.18%,4570
ATHE,2020-01-24,8,8.001,7.702,7.8,0.2,+2.63%,5660
ATHE,2020-01-27,7.71,8.2,7.71,8.1,0.3,+3.85%,2840
ATHE,2020-01-28,8.2,8.499,8,8.015,-0.085,-1.05%,2180
ATHE,2020-01-29,8.1,8.3,7.739,7.887,-0.128,-1.60%,810
ATHE,2020-01-30,7.9,8.125,7.622,7.739,-0.148,-1.88%,2000
ATHE,2020-01-31,7.8,8.5,7.745,7.9,0.161,+2.08%,1000
ATHE,2020-02-03,8.2,8.2,7.58,8.1,0.2,+2.53%,1270
ATHE,2020-02-04,7.9,8.063,7.471,7.501,-0.599,-7.40%,1000
ATHE,2020-02-05,7.7,7.9,7.7,7.9,0.399,+5.32%,990
ATHE,2020-02-06,7.9,7.9,7.337,7.7,-0.2,-2.53%,800
ATHE,2020-02-07,7.4,7.4,6.6,7.007,-0.693,-9.00%,5470
ATHE,2020-02-10,9,9,7.538,8.05,1.043,+14.89%,9270
ATHE,2020-02-11,7.8,8.05,7.1,7.535,-0.515,-6.40%,6800
ATHE,2020-02-12,7.7,7.763,7.011,7.113,-0.422,-5.60%,3500
ATHE,2020-02-13,7.5,7.5,7,7.3,0.187,+2.63%,3360
ATHE,2020-02-14,7.1,7.5,6.62,7,-0.3,-4.11%,3750
ATHE,2020-02-18,7.1,7.1,6.6,6.834,-0.166,-2.37%,900
ATHE,2020-02-19,6.867,7.1,6.602,7.1,0.266,+3.89%,1090
ATHE,2020-02-20,7.1,7.7,7.1,7.7,0.6,+8.45%,1890
ATHE,2020-02-21,7.7,7.9,7.2,7.299,-0.401,-5.21%,1860
ATHE,2020-02-24,6.702,7.588,6.628,7.299,0,0.00%,2910
ATHE,2020-02-25,7.1,7.3,6.6,6.62,-0.679,-9.30%,3150
ATHE,2020-02-26,6.6,6.999,6.6,6.997,0.377,+5.69%,1940
ATHE,2020-02-27,6.8,7.098,5.6,6.012,-0.985,-14.08%,6150
ATHE,2020-02-28,5.77,6,5.65,6,-0.012,-0.20%,2290
ATHE,2020-03-02,6,6,5.723,5.8,-0.2,-3.33%,1730
ATHE,2020-03-03,5.6,6,5.6,6,0.2,+3.45%,490
ATHE,2020-03-04,7,7.1,5.5,6,0,0.00%,6030
ATHE,2020-03-05,6,6,5.5,5.98,-0.02,-0.33%,550
ATHE,2020-03-06,6,6.1,5.628,6.03,0.05,+0.84%,1710
ATHE,2020-03-09,6.1,6.1,5.6,5.752,-0.278,-4.61%,4100
ATHE,2020-03-10,6.1,6.1,5.628,5.65,-0.102,-1.77%,600
ATHE,2020-03-11,6,11.2,5.601,9,3.35,+59.29%,75870
ATHE,2020-03-12,7.2,8.288,5.5,6.149,-2.851,-31.68%,8460
ATHE,2020-03-13,5.5,6.04,5,5.327,-0.822,-13.37%,18710
ATHE,2020-03-16,3.5,5.7,3.5,5.075,-0.252,-4.73%,6690
ATHE,2020-03-17,5.7,6,3.55,4.401,-0.674,-13.28%,12190
ATHE,2020-03-18,4,4.6,3.3,3.592,-0.809,-18.38%,4320
ATHE,2020-03-19,3.3,4.2,3.3,3.765,0.173,+4.82%,3450
ATHE,2020-03-20,4.3,4.3,2.8,3.6,-0.165,-4.38%,3870
ATHE,2020-03-23,2.81,10.4,2.81,7.2,3.6,+100.00%,229780
ATHE,2020-03-24,6.6,6.6,5.223,5.7,-1.5,-20.83%,42790
ATHE,2020-03-25,5.01,5.529,4.775,5.529,-0.171,-3.00%,8710
ATHE,2020-03-26,5.309,7.5,5.309,6.3,0.771,+13.94%,14710
ATHE,2020-03-27,7,7,5.9,6.149,-0.151,-2.40%,3460
ATHE,2020-03-30,6,6.098,5.95,5.95,-0.199,-3.24%,3530
ATHE,2020-03-31,5.9,6.5,5.5,6,0.05,+0.84%,1170
ATHE,2020-04-01,6.3,6.3,5.93,6.2,0.2,+3.33%,1010
ATHE,2020-04-02,6.3,7.1,5.174,7.1,0.9,+14.52%,2840
ATHE,2020-04-03,7,7,6.3,6.395,-0.705,-9.93%,1390
ATHE,2020-04-06,6.35,6.994,6.1,6.406,0.011,+0.17%,740
ATHE,2020-04-07,6.466,6.78,6,6.105,-0.301,-4.70%,1340
ATHE,2020-04-08,5.9,6.5,5.9,6.2,0.095,+1.56%,1100
ATHE,2020-04-09,6,6.5,5.809,6.3,0.1,+1.61%,1250
ATHE,2020-04-13,6.2,6.45,6.2,6.42,0.12,+1.90%,880
ATHE,2020-04-14,6.4,6.7,6,6.249,-0.171,-2.66%,3910
ATHE,2020-04-15,6.2,6.376,6.09,6.376,0.127,+2.03%,2990
ATHE,2020-04-16,6.6,6.6,6.1,6.101,-0.275,-4.31%,4450
ATHE,2020-04-17,6.201,6.595,6.101,6.3,0.199,+3.26%,750
ATHE,2020-04-20,6.2,6.7,6.2,6.5,0.2,+3.17%,2000
ATHE,2020-04-21,6.3,6.7,6.1,6.5,0,0.00%,1060
ATHE,2020-04-22,6.6,12.6,6.6,7.5,1,+15.38%,153300
ATHE,2020-04-23,7.1,7.39,6.3,6.701,-0.799,-10.65%,6760
ATHE,2020-04-24,6.6,7.16,6.5,6.9,0.199,+2.97%,4080
ATHE,2020-04-27,7,7.2,6.5,7.1,0.2,+2.90%,1520
ATHE,2020-04-28,7.1,7.15,6.7,7,-0.1,-1.41%,2190
ATHE,2020-04-29,7,7.2,6.6,7.2,0.2,+2.86%,1860
ATHE,2020-04-30,7.2,7.2,6.5,6.983,-0.217,-3.01%,2240
ATHE,2020-05-01,6.801,6.9,6.6,6.71,-0.273,-3.91%,1280
ATHE,2020-05-04,6.7,6.7,6.5,6.6,-0.11,-1.64%,500
ATHE,2020-05-05,6.3,6.9,6.3,6.6,0,0.00%,700
ATHE,2020-05-06,6.55,6.616,6.3,6.3,-0.3,-4.55%,1390
ATHE,2020-05-07,6.332,6.72,6.3,6.399,0.099,+1.57%,1020
ATHE,2020-05-08,6.401,6.613,6.3,6.4,0.001,+0.02%,1090
ATHE,2020-05-11,6.3,6.652,6.3,6.5,0.1,+1.56%,830
ATHE,2020-05-12,6.7,6.701,6.2,6.3,-0.2,-3.08%,1620
ATHE,2020-05-13,6.2,6.45,6.1,6.1,-0.2,-3.17%,1880
ATHE,2020-05-14,6.1,6.25,5.552,5.605,-0.495,-8.11%,1990
ATHE,2020-05-15,5.899,5.9,5.7,5.899,0.294,+5.25%,1300
ATHE,2020-05-18,6.199,6.199,5.7,6.1,0.201,+3.41%,1420
ATHE,2020-05-19,6.099,6.4,5.907,6.2,0.1,+1.64%,570
ATHE,2020-05-20,6.4,7,6,6.5,0.3,+4.84%,3590
ATHE,2020-05-21,10.1,13,6.3,6.5,0,0.00%,1552120
ATHE,2020-05-22,6.1,6.11,5.5,5.988,-0.512,-7.88%,112950
ATHE,2020-05-26,6.5,6.5,6,6.224,0.236,+3.94%,30990
ATHE,2020-05-27,6.19,6.19,5.8,5.939,-0.285,-4.58%,18760
ATHE,2020-05-28,6,6.2,5.85,6.03,0.091,+1.53%,18140
ATHE,2020-05-29,5.85,6.089,5.65,5.8,-0.23,-3.81%,14230
ATHE,2020-06-01,5.7,5.998,5.7,5.998,0.198,+3.41%,15090
ATHE,2020-06-02,5.9,5.948,5.751,5.8,-0.198,-3.30%,12560
ATHE,2020-06-03,5.7,5.799,5.5,5.701,-0.099,-1.71%,12610
ATHE,2020-06-04,5.71,6,5.556,5.797,0.096,+1.68%,18450
ATHE,2020-06-05,6,6,5.77,5.8,0.003,+0.05%,13820
ATHE,2020-06-08,6,6,5.604,5.956,0.156,+2.69%,17450
ATHE,2020-06-09,6,7,5.856,6.25,0.294,+4.94%,70340
ATHE,2020-06-10,6.72,6.8,6,6.36,0.11,+1.76%,17020
ATHE,2020-06-11,6.3,6.3,5.7,6.1,-0.26,-4.09%,13130
ATHE,2020-06-12,6.008,6.092,5.7,5.74,-0.36,-5.90%,6580
ATHE,2020-06-15,5.9,6,5.6,5.801,0.061,+1.06%,8140
ATHE,2020-06-16,5.8,6.1,5.8,5.934,0.133,+2.29%,10500
ATHE,2020-06-17,6.1,6.3,6.01,6.251,0.317,+5.34%,7660
ATHE,2020-06-18,6.5,6.5,6.062,6.296,0.045,+0.72%,10710
ATHE,2020-06-19,6.211,6.4,6.07,6.161,-0.135,-2.14%,7520
ATHE,2020-06-22,6.101,6.2,5.959,5.99,-0.171,-2.78%,6490
ATHE,2020-06-23,6.007,6.007,5.701,6,0.01,+0.17%,8620
ATHE,2020-06-24,5.852,6,5.753,5.883,-0.117,-1.95%,7350
ATHE,2020-06-25,5.9,5.9,5.5,5.85,-0.033,-0.56%,11170
ATHE,2020-06-26,5.7,5.979,5.62,5.749,-0.101,-1.73%,9040
ATHE,2020-06-29,5.667,6,5.667,5.85,0.101,+1.76%,10770
ATHE,2020-06-30,14.7,16.3,11.3,11.9,6.05,+103.42%,4708970
ATHE,2020-07-01,14.9,23.5,13.6,18.7,6.8,+57.14%,4623980
ATHE,2020-07-02,16,16,14,16,-2.7,-14.44%,438430
ATHE,2020-07-06,15,16.2,14.3,15.6,-0.4,-2.50%,121960
ATHE,2020-07-07,15.5,15.7,14.5,14.95,-0.65,-4.17%,41680
ATHE,2020-07-08,14.5,14.8,13.45,14.8,-0.15,-1.00%,61480
ATHE,2020-07-09,14.3,14.499,13.8,14.3,-0.5,-3.38%,31720
ATHE,2020-07-10,13.9,14.3,13.6,13.9,-0.4,-2.80%,19410
ATHE,2020-07-13,13.8,14.5,13.8,14.3,0.4,+2.88%,25680
ATHE,2020-07-14,14.3,17.3,14.1,16.6,2.3,+16.08%,45630
ATHE,2020-07-15,17.5,17.5,15.6,15.7,-0.9,-5.42%,64310
ATHE,2020-07-16,15.7,16.075,14.5,14.6,-1.1,-7.01%,16380
ATHE,2020-07-17,14.3,16,14.166,15.1,0.5,+3.42%,13690
ATHE,2020-07-20,15.6,15.9,14.6,14.9,-0.2,-1.32%,11100
ATHE,2020-07-21,14.75,15,14.433,14.5,-0.4,-2.68%,21060
ATHE,2020-07-22,14.6,15.1,14.2,14.5,0,0.00%,7090
ATHE,2020-07-23,14.5,14.9,14.4,14.5,0,0.00%,5940
ATHE,2020-07-24,14.3,14.5,14.2,14.5,0,0.00%,5110
ATHE,2020-07-27,14.8,14.8,14.2,14.4,-0.1,-0.69%,13200
ATHE,2020-07-28,14.2,14.771,14.175,14.6,0.2,+1.39%,4410
ATHE,2020-07-29,14.6,15.2,14.6,15.2,0.6,+4.11%,8110
ATHE,2020-07-30,14.9,15.3,14.8,15.3,0.1,+0.66%,7410
ATHE,2020-07-31,15.1,15.3,14.3,14.6,-0.7,-4.58%,7380
ATHE,2020-08-03,14.3,14.6,13.5,13.5,-1.1,-7.53%,16170
ATHE,2020-08-04,38,51.5,31.8,34.3,20.8,+154.07%,11011660
ATHE,2020-08-05,30,31.4,28.1,29.1,-5.2,-15.16%,274410
ATHE,2020-08-06,28,28,23.9,24,-5.1,-17.53%,115810
ATHE,2020-08-07,22.4,29.6,22.1,25.4,1.4,+5.83%,296130
ATHE,2020-08-10,25.5,27.3,25.5,27.1,1.7,+6.69%,40160
ATHE,2020-08-11,26.4,29.4,25.2,26.7,-0.4,-1.48%,124280
ATHE,2020-08-12,26,26.9,25.3,25.9,-0.8,-3.00%,25890
ATHE,2020-08-13,26.7,26.7,25,26.3,0.4,+1.54%,16850
ATHE,2020-08-14,26,26.15,25.073,25.8,-0.5,-1.90%,16480
ATHE,2020-08-17,25.8,26,23.5,24.4,-1.4,-5.43%,22480
ATHE,2020-08-18,24.4,24.9,23.7,24.9,0.5,+2.05%,10870
ATHE,2020-08-19,24.5,25.011,24,24.7,-0.2,-0.80%,13590
ATHE,2020-08-20,24.8,25.4,24.2,25.4,0.7,+2.83%,15220
ATHE,2020-08-21,26.1,26.12,24.1,24.9,-0.5,-1.97%,8960
ATHE,2020-08-24,24.4,25,24.1,24.7,-0.2,-0.80%,15300
ATHE,2020-08-25,25.2,25.2,24.25,24.9,0.2,+0.81%,21810
ATHE,2020-08-26,24.6,25.7,24.3,25.2,0.3,+1.20%,17130
ATHE,2020-08-27,25.2,25.7,24.2,25,-0.2,-0.79%,22290
ATHE,2020-08-28,24.1,24.81,23.1,23.3,-1.7,-6.80%,16950
ATHE,2020-08-31,24.5,24.5,22.801,23.5,0.2,+0.86%,18510
ATHE,2020-09-01,23.4,23.4,20.6,21,-2.5,-10.64%,39350
ATHE,2020-09-02,21,22,21,22,1,+4.76%,14370
ATHE,2020-09-03,21.5,21.5,20.1,20.6,-1.4,-6.36%,10530
ATHE,2020-09-04,20.5,20.6,18.3,19.5,-1.1,-5.34%,17230
ATHE,2020-09-08,21.3,22,20.123,21.4,1.9,+9.74%,14320
ATHE,2020-09-09,20.7,21.3,20,20.2,-1.2,-5.61%,8050
ATHE,2020-09-10,20.4,21,20.3,20.8,0.6,+2.97%,4780
ATHE,2020-09-11,20.4,20.999,20.2,20.3,-0.5,-2.40%,7090
ATHE,2020-09-14,20,21.394,20,20.7,0.4,+1.97%,4660
ATHE,2020-09-15,20.9,21.263,20.5,20.7,0,0.00%,2270
ATHE,2020-09-16,20.8,20.8,20.3,20.3,-0.4,-1.93%,3960
ATHE,2020-09-17,20.7,24.9,20.2,24,3.7,+18.23%,101150
ATHE,2020-09-18,23.8,23.8,22.6,22.85,-1.15,-4.79%,11750
ATHE,2020-09-21,24,24,22.5,23.1,0.25,+1.09%,7170
ATHE,2020-09-22,22.8,23.6,22.2,22.9,-0.2,-0.87%,9560
ATHE,2020-09-23,22.2,22.35,20.501,20.7,-2.2,-9.61%,8480
ATHE,2020-09-24,20.3,20.6,18.7,18.899,-1.801,-8.70%,13160
ATHE,2020-09-25,18.5,20.3,18.5,20.3,1.401,+7.41%,4210
ATHE,2020-09-28,20.3,21.2,20.3,20.7,0.4,+1.97%,1890
ATHE,2020-09-29,20.9,21.1,20.45,21.1,0.4,+1.93%,1710
ATHE,2020-09-30,21.4,21.4,19.9,20.2,-0.9,-4.27%,2910
ATHE,2020-10-01,20.3,20.5,19.9,20.4,0.2,+0.99%,1600
ATHE,2020-10-02,19.7,20.5,19.6,20.2,-0.2,-0.98%,3080
ATHE,2020-10-05,20.1,20.5,19.8,20.5,0.3,+1.49%,2990
ATHE,2020-10-06,20.9,21.049,20.2,20.648,0.148,+0.72%,2730
ATHE,2020-10-07,20.5,20.999,20.311,20.8,0.152,+0.74%,2710
ATHE,2020-10-08,20.7,21.104,20,20.2,-0.6,-2.88%,3460
ATHE,2020-10-09,20.4,20.82,20.3,20.3,0.1,+0.50%,2350
ATHE,2020-10-16,18,19.1,18,18.399,-1.901,-9.36%,10140
ATHE,2020-10-19,22.2,22.242,19.401,19.8,1.401,+7.61%,13930
ATHE,2020-10-20,19.5,21.302,18.904,19.1,-0.7,-3.54%,12170
ATHE,2020-10-21,19,19.35,17.5,18.261,-0.839,-4.39%,11790
ATHE,2020-10-22,18.2,18.2,15.9,15.9,-2.361,-12.93%,17190
ATHE,2020-10-23,18.7,18.7,15.127,16.3,0.4,+2.52%,22080
ATHE,2020-10-26,17.4,17.4,15.3,15.7,-0.6,-3.68%,6140
ATHE,2020-10-27,15.4,15.969,15.3,15.6,-0.1,-0.64%,13460
ATHE,2020-10-28,15.5,15.5,13.8,14.5,-1.1,-7.05%,13960
ATHE,2020-10-29,14.2,14.35,13.4,13.8,-0.7,-4.83%,12870
ATHE,2020-10-30,14.2,14.2,12.3,12.4,-1.4,-10.14%,17450
ATHE,2020-11-02,11.6,12.1,11.1,11.8,-0.6,-4.84%,12470
ATHE,2020-11-03,11.6,12.7,11.45,12.4,0.6,+5.08%,4250
ATHE,2020-11-04,12.7,13,12,12.5,0.1,+0.81%,7560
ATHE,2020-11-05,12.2,12.8,12.2,12.2,-0.3,-2.40%,4390
ATHE,2020-11-06,12.4,12.5,11.9,12.4,0.2,+1.64%,2090
ATHE,2020-11-09,12.5,12.6,12,12,-0.4,-3.23%,2680
ATHE,2020-11-10,11.9,12.199,11.3,11.9,-0.1,-0.83%,10070
ATHE,2020-11-11,11.6,11.9,11.5,11.9,0,0.00%,8800
ATHE,2020-11-12,11.9,12.4,11.6,11.6,-0.3,-2.52%,3450
ATHE,2020-11-13,11,11.7,10.9,11.5,-0.1,-0.86%,21760
ATHE,2020-11-16,29.1,35.8,24.4,28.3,16.8,+146.09%,11522670
ATHE,2020-11-17,22.8,24.2,20.815,22.3,-6.,-21.20%,466590
ATHE,2020-11-18,19.4,20,17.5,18.2,-4.1,-18.39%,220940
ATHE,2020-11-19,17.6,17.7,17,17.7,-0.5,-2.75%,153780
ATHE,2020-11-20,16.8,16.8,15.6,16,-1.7,-9.60%,101690
ATHE,2020-11-23,16.5,17.1,16.1,16.4,0.4,+2.50%,96490
ATHE,2020-11-24,15.7,16.4,14.9,15.7,-0.7,-4.27%,109139
ATHE,2020-11-25,15.3,16,15.156,15.5,-0.2,-1.27%,56580
ATHE,2020-11-27,15.5,15.85,15.3,15.5,0,0.00%,19650
ATHE,2020-11-30,15.6,15.6,14.8,15.2,-0.3,-1.94%,51990
ATHE,2020-12-01,14.6,14.699,13.7,14,-1.2,-7.89%,64889
ATHE,2020-12-02,13.8,14.9,13.623,14.4,0.4,+2.86%,35810
ATHE,2020-12-03,14.5,16.2,14.217,14.8,0.4,+2.78%,67000
ATHE,2020-12-04,14.5,15.3,14.4,14.8,0,0.00%,27610
ATHE,2020-12-07,15,15.5,14.1,14.2,-0.6,-4.05%,37830
ATHE,2020-12-08,14.5,14.9,14.2,14.9,0.7,+4.93%,34990
ATHE,2020-12-09,14.8,15.3,14.2,14.25,-0.65,-4.36%,40230
ATHE,2020-12-10,14.6,15.2,14.31,15.2,0.95,+6.67%,35900
ATHE,2020-12-11,15.3,15.5,14.8,15.2,0,0.00%,24660
ATHE,2020-12-14,14.8,15.3,14.6,15,-0.2,-1.32%,22080
ATHE,2020-12-15,14.8,15.1,14.4,15,0,0.00%,26470
ATHE,2020-12-16,15,15,14.4,14.8,-0.2,-1.33%,18420
ATHE,2020-12-17,14.6,14.6,14.2,14.3,-0.5,-3.38%,23850
ATHE,2020-12-18,14,14.4,14,14.2,-0.1,-0.70%,20680
ATHE,2020-12-21,14.9,15.3,14.2,14.9,0.7,+4.93%,95060
ATHE,2020-12-22,15.3,16.85,14.85,15.8,0.9,+6.04%,92800
ATHE,2020-12-23,15.8,15.9,14.9,15.1,-0.7,-4.43%,33190
ATHE,2020-12-24,14.9,14.939,14.5,14.5,-0.6,-3.97%,13060
ATHE,2020-12-28,14.6,14.839,14.1,14.3,-0.2,-1.38%,32930
ATHE,2020-12-29,14.1,14.301,13.8,14.15,-0.15,-1.05%,27250
ATHE,2020-12-30,14.1,14.2,13.9,14,-0.15,-1.06%,19250
ATHE,2020-12-31,13.7,14,13.15,13.4,-0.6,-4.29%,39200
ATHE,2021-01-04,13.5,14,13.3,14,0.6,+4.48%,16240
ATHE,2021-01-05,13.8,15,13.8,14.8,0.8,+5.71%,41290
ATHE,2021-01-06,14.8,14.8,14.1,14.25,-0.55,-3.72%,26090
ATHE,2021-01-07,14.4,14.9,14.3,14.9,0.65,+4.56%,10240
ATHE,2021-01-08,15.2,15.4,14.6,15.2,0.3,+2.01%,22140
ATHE,2021-01-11,15.2,15.356,14.7,15.3,0.1,+0.66%,16690
ATHE,2021-01-12,15.2,16.4,15.2,15.9,0.6,+3.92%,112000
ATHE,2021-01-13,16.2,16.299,15.4,15.9,0,0.00%,21380
ATHE,2021-01-14,16.6,18.9,16.2,17.6,1.7,+10.69%,164320
ATHE,2021-01-15,16.6,17.1,16,16,-1.6,-9.09%,37450
ATHE,2021-01-19,16.7,16.9,16.262,16.6,0.6,+3.75%,36120
ATHE,2021-01-20,16.6,17.6,16.2,17.2,0.6,+3.61%,32000
ATHE,2021-01-21,17.2,17.5,16.606,17.2,0,0.00%,25790
ATHE,2021-01-22,17.3,19.55,17.21,19,1.8,+10.47%,109280
ATHE,2021-01-25,18.6,19.3,17.9,18.5,-0.5,-2.63%,44140
ATHE,2021-01-26,18.5,19.3,18.1,18.3,-0.2,-1.08%,25050
ATHE,2021-01-27,16.9,20.2,16.4,17.9,-0.4,-2.19%,124840
ATHE,2021-01-28,17,17.5,16.5,16.9,-1.,-5.59%,32450
ATHE,2021-01-29,16.6,17.2,16.5,16.5,-0.4,-2.37%,31010
ATHE,2021-02-01,16.9,17.4,16.6,17.2,0.7,+4.24%,21920
ATHE,2021-02-02,17,23,16.5,17.5,0.3,+1.74%,252949
ATHE,2021-02-03,17.5,18.7,17.1,18.3,0.8,+4.57%,165090
ATHE,2021-02-04,19.9,21,18.785,19.6,1.3,+7.10%,165940
ATHE,2021-02-05,19.4,19.4,18.6,19.1,-0.5,-2.55%,53590
ATHE,2021-02-08,19.7,20.4,18.801,19.8,0.7,+3.66%,482509
ATHE,2021-02-09,23.8,24.8,21.1,21.8,2,+10.10%,643050
ATHE,2021-02-10,21.8,22.8,19.5,20.6,-1.2,-5.50%,177810
ATHE,2021-02-11,22.3,23,19.8,20.6,0,0.00%,171260
ATHE,2021-02-12,20.5,20.6,19.85,20.2,-0.4,-1.94%,66270
ATHE,2021-02-16,20.9,22.9,20.111,21.8,1.6,+7.92%,123840
ATHE,2021-02-17,21,21.3,20,20.7,-1.1,-5.05%,62969
ATHE,2021-02-18,19.6,20.1,18.6,19.1,-1.6,-7.73%,61940
ATHE,2021-02-19,19.6,19.601,19,19.1,0,0.00%,35370
ATHE,2021-02-22,18.8,19.352,17.7,17.7,-1.4,-7.33%,38970
ATHE,2021-02-23,16.9,17.5,15.7,16.8,-0.9,-5.08%,68410
ATHE,2021-02-24,17.2,18.4,17,17.8,1,+5.95%,33530
ATHE,2021-02-25,18.5,19,16.6,16.9,-0.9,-5.06%,34350
ATHE,2021-02-26,16.3,17.1,15.7,16,-0.9,-5.33%,42160
ATHE,2021-03-01,16.6,17.1,16,16.9,0.9,+5.63%,24550
ATHE,2021-03-02,16.5,17.296,16,16.4,-0.5,-2.96%,13780
ATHE,2021-03-03,16.4,17.1,16.1,16.5,0.1,+0.61%,24890
ATHE,2021-03-04,16,16.3,14.2,14.2,-2.3,-13.94%,51730
ATHE,2021-03-05,15,15,12.701,13.7,-0.5,-3.52%,41070
ATHE,2021-03-08,14.2,14.7,13.5,14,0.3,+2.19%,11960
ATHE,2021-03-09,14.5,16.8,14.3,16.1,2.1,+15.00%,95580
ATHE,2021-03-10,16.097,16.271,15.5,15.6,-0.5,-3.11%,15680
ATHE,2021-03-11,16.4,16.799,15.8,16.5,0.9,+5.77%,25500
ATHE,2021-03-12,16.7,18,16.4,17.2,0.7,+4.24%,68620
ATHE,2021-03-15,17.6,17.6,16.34,16.6,-0.6,-3.49%,47720
ATHE,2021-03-16,16.7,17.3,15.3,15.6,-1.,-6.02%,122579
ATHE,2021-03-17,15.3,16.3,14.71,16.1,0.5,+3.21%,28150
ATHE,2021-03-18,16.5,16.5,15.3,15.6,-0.5,-3.11%,19610
ATHE,2021-03-19,15.9,16.4,15.5,16.2,0.6,+3.85%,9200
ATHE,2021-03-22,16.5,16.5,15.894,16.2,0,0.00%,13920
ATHE,2021-03-23,15.9,16,15.3,15.3,-0.9,-5.56%,15820
ATHE,2021-03-24,15.8,15.8,14.8,14.9,-0.4,-2.61%,14310
ATHE,2021-03-25,14.6,15.2,14.1,14.7,-0.2,-1.34%,17650
ATHE,2021-03-26,15.2,15.3,14.1,14.6,-0.1,-0.68%,26470
ATHE,2021-03-29,14.2,14.8,13.8,13.9,-0.7,-4.79%,10350
ATHE,2021-03-30,13.9,14.4,13.7,14.2,0.3,+2.16%,9390
ATHE,2021-03-31,13.9,14.8,13.9,14.4,0.2,+1.41%,7490
ATHE,2021-04-01,14.8,15.3,14.6,15,0.6,+4.17%,18680
ATHE,2021-04-05,15.1,15.2,14.5,14.5,-0.5,-3.33%,9890
ATHE,2021-04-06,14.3,14.6,14.2,14.2,-0.3,-2.07%,8810
ATHE,2021-04-07,14,14.5,13.7,13.7,-0.5,-3.52%,9540
ATHE,2021-04-08,14.2,14.4,13.7,14.1,0.4,+2.92%,8920
ATHE,2021-04-09,14.1,14.1,13.6,13.9,-0.2,-1.42%,6530
ATHE,2021-04-12,13.6,13.9,12.5,12.8,-1.1,-7.91%,33440
ATHE,2021-04-13,12.5,12.9,12.2,12.6,-0.2,-1.56%,22490
ATHE,2021-04-14,12.9,13.6,12.9,13.2,0.6,+4.76%,15260
ATHE,2021-04-15,13.2,13.224,12.2,12.7,-0.5,-3.79%,24550
ATHE,2021-04-16,12.6,12.899,12.15,12.8,0.1,+0.79%,19140
ATHE,2021-04-19,12.5,12.895,12.2,12.8,0,0.00%,14640
ATHE,2021-04-20,12.8,12.8,12.3,12.5,-0.3,-2.34%,9790
ATHE,2021-04-21,14.6,15.2,13.5,14.4,1.9,+15.20%,7726289
ATHE,2021-04-22,13.9,14.7,13.3,14.7,0.3,+2.08%,372630
ATHE,2021-04-23,14.3,16.2,14.01,15.9,1.2,+8.16%,167480
ATHE,2021-04-26,15.5,16.4,15.2,16.2,0.3,+1.89%,72740
ATHE,2021-04-27,16.2,16.7,15.2,15.8,-0.4,-2.47%,51830
ATHE,2021-04-28,15.3,15.7,14.8,15.1,-0.7,-4.43%,49680
ATHE,2021-04-29,15,15.6,14.8,14.9,-0.2,-1.32%,41980
ATHE,2021-04-30,14.9,15.1,14.2,14.5,-0.4,-2.68%,19160
ATHE,2021-05-03,14.5,14.7,13.7,14,-0.5,-3.45%,29510
ATHE,2021-05-04,13.8,13.87,13.05,13.7,-0.3,-2.14%,21770
ATHE,2021-05-05,13.7,13.7,12.8,13,-0.7,-5.11%,20640
ATHE,2021-05-06,12.9,12.98,12.4,12.6,-0.4,-3.08%,17800
ATHE,2021-05-07,12.7,13.2,12.625,13.1,0.5,+3.97%,14270
ATHE,2021-05-10,12.9,13.044,12.4,12.6,-0.5,-3.82%,12220
ATHE,2021-05-11,12.4,13,12.2,12.5,-0.1,-0.79%,16890
ATHE,2021-05-12,12.5,12.8,11.8,12.1,-0.4,-3.20%,29700
ATHE,2021-05-13,12.4,12.6,11.2,11.4,-0.7,-5.79%,21540
ATHE,2021-05-14,11.3,13.2,11.3,12.4,1,+8.77%,22910
ATHE,2021-05-17,12,12.8,11.6,12.3,-0.1,-0.81%,15010
ATHE,2021-05-18,12.5,13.001,12.42,12.8,0.5,+4.07%,9990
ATHE,2021-05-19,12.4,12.5,11.3,12.5,-0.3,-2.34%,8460
ATHE,2021-05-20,12.3,12.9,12.2,12.8,0.3,+2.40%,10550
ATHE,2021-05-21,12.9,13.3,12.4,12.8,0,0.00%,11220
ATHE,2021-05-24,13,13.2,12.5,12.9,0.1,+0.78%,16850
ATHE,2021-05-25,12.9,12.9,12.5,12.6,-0.3,-2.33%,3660
ATHE,2021-05-26,12.8,12.9,12.4,12.8,0.2,+1.59%,7930
ATHE,2021-05-27,12.7,13.6,12.7,13.5,0.7,+5.47%,17440
ATHE,2021-05-28,13.8,13.86,13,13.4,-0.1,-0.74%,17510
ATHE,2021-06-01,13,14.3,13,13.6,0.2,+1.49%,14560
ATHE,2021-06-02,13.8,14.3,13.7,14.2,0.6,+4.41%,15600
ATHE,2021-06-03,13.7,14.1,13.5,13.5,-0.7,-4.93%,7680
ATHE,2021-06-04,13.8,14,13.6,13.6,0.1,+0.74%,4110
ATHE,2021-06-07,13.5,15.4,13.5,15,1.4,+10.29%,79420
ATHE,2021-06-08,14.8,14.9,14.23,14.4,-0.6,-4.00%,13160
ATHE,2021-06-09,14.3,14.7,14.1,14.1,-0.3,-2.08%,17090
ATHE,2021-06-10,14.2,14.4,14.1,14.3,0.2,+1.42%,14880
ATHE,2021-06-11,14.1,14.5,13.8,14,-0.3,-2.10%,14970
ATHE,2021-06-14,13.9,14.3,13.8,13.8,-0.2,-1.43%,12880
ATHE,2021-06-15,13.8,14.044,13.6,13.7,-0.1,-0.72%,7410
ATHE,2021-06-16,13.8,14.399,13.7,14,0.3,+2.19%,8280
ATHE,2021-06-17,13.8,14.5,13.7,14,0,0.00%,12680
ATHE,2021-06-18,13.9,14,13.5,13.6,-0.4,-2.86%,7740
ATHE,2021-06-21,13.5,13.501,12.6,12.8,-0.8,-5.88%,14990
ATHE,2021-06-22,12.7,13,12.6,13,0.2,+1.56%,8690
ATHE,2021-06-23,14,14.1,12.758,13.1,0.1,+0.77%,22940
ATHE,2021-06-24,13.4,13.8,13.2,13.7,0.6,+4.58%,32940
ATHE,2021-06-25,13.5,14.1,13.4,13.601,-0.099,-0.72%,20470
ATHE,2021-06-28,13.6,13.8,13.201,13.7,0.099,+0.73%,19440
ATHE,2021-06-29,13.5,13.5,13.2,13.2,-0.5,-3.65%,10440
ATHE,2021-06-30,13.4,13.449,12.8,13,-0.2,-1.52%,16570
ATHE,2021-07-01,20.6,27.5,18.6,21.4,8.4,+64.62%,25398700
ATHE,2021-07-02,18.4,18.9,15.9,17.5,-3.9,-18.22%,2272170
ATHE,2021-07-06,15.9,17.1,15.15,16.6,-0.9,-5.14%,583660
ATHE,2021-07-07,17.2,17.2,14.4,15.8,-0.8,-4.82%,458059
ATHE,2021-07-08,16.8,21.3,16.1,20.2,4.4,+27.85%,1656200
ATHE,2021-07-09,18.3,18.5,16.5,16.8,-3.4,-16.83%,522130
ATHE,2021-07-12,16.5,16.8,15.4,15.5,-1.3,-7.74%,230869
ATHE,2021-07-13,15.944,15.944,14.2,14.2,-1.3,-8.39%,232980
ATHE,2021-07-14,14.2,14.4,13.8,13.9,-0.3,-2.11%,154630
ATHE,2021-07-15,15.2,15.8,13.7,15,1.1,+7.91%,2180920
ATHE,2021-07-16,14.3,15,13.6,14.1,-0.9,-6.00%,300760
ATHE,2021-07-19,13.5,13.9,13,13.5,-0.6,-4.26%,197160
ATHE,2021-07-20,13.4,14.5,12.6,14,0.5,+3.70%,198670
ATHE,2021-07-21,14,14.2,13.4,14.2,0.2,+1.43%,99470
ATHE,2021-07-22,13.8,14.3,13.7,13.8,-0.4,-2.82%,66360
ATHE,2021-07-23,14,14,13.1,13.4,-0.4,-2.90%,101730
ATHE,2021-07-26,13.4,13.55,13.2,13.2,-0.2,-1.49%,51040
ATHE,2021-07-27,13.3,13.4,12.6,13.1,-0.1,-0.76%,74660
ATHE,2021-07-28,13,13.3,12.7,13,-0.1,-0.76%,79070
ATHE,2021-07-29,13,13.7,13,13.5,0.5,+3.85%,74430
ATHE,2021-07-30,13.6,13.615,12.9,12.9,-0.6,-4.44%,62529
ATHE,2021-08-02,13,13.4,12.9,13.3,0.4,+3.10%,20940
ATHE,2021-08-03,13.3,13.65,13,13.65,0.35,+2.63%,30670
ATHE,2021-08-04,16.8,18.2,14.4,15.6,1.95,+14.29%,6152880
ATHE,2021-08-05,14.3,14.4,13.7,13.8,-1.8,-11.54%,295780
ATHE,2021-08-06,13.9,14.6,13.6,14.2,0.4,+2.90%,121660
ATHE,2021-08-09,14.1,14.499,13.9,14,-0.2,-1.41%,65890
ATHE,2021-08-10,14,14.15,13.3,13.8,-0.2,-1.43%,114120
ATHE,2021-08-11,13.6,13.9,13.1,13.4,-0.4,-2.90%,101210
ATHE,2021-08-12,13.4,14,13,13.8,0.4,+2.99%,51100
ATHE,2021-08-13,13.6,14,13.3,13.5,-0.3,-2.17%,53300
ATHE,2021-08-16,13.5,13.7,13,13.3,-0.2,-1.48%,56950
ATHE,2021-08-17,13.1,13.3,13,13,-0.3,-2.26%,37480
ATHE,2021-08-18,13,13.3,13,13.1,0.1,+0.77%,37430
ATHE,2021-08-19,12.9,13.1,12.7,12.8,-0.3,-2.29%,50890
ATHE,2021-08-20,13.1,13.5,12.9,13.3,0.5,+3.91%,50710
ATHE,2021-08-23,13.3,13.699,13.3,13.6,0.3,+2.26%,38430
ATHE,2021-08-24,13.6,13.9,13.4,13.4,-0.2,-1.47%,45890
ATHE,2021-08-25,13.5,14,13.3,13.7,0.3,+2.24%,30230
ATHE,2021-08-26,13.6,13.999,13.5,13.5,-0.2,-1.46%,24220
ATHE,2021-08-27,13.5,13.9,13.5,13.9,0.4,+2.96%,28360
ATHE,2021-08-30,13.7,13.9,13.3,13.4,-0.5,-3.60%,37570
ATHE,2021-08-31,13.6,13.799,13.3,13.6,0.2,+1.49%,21660
ATHE,2021-09-01,13.2,13.8,13.2,13.6,0,0.00%,17380
ATHE,2021-09-02,13.5,13.9,13.5,13.7,0.1,+0.74%,22300
ATHE,2021-09-03,13.6,14,13.6,13.8,0.1,+0.73%,35420
ATHE,2021-09-07,13.5,13.9,13.5,13.5,-0.3,-2.17%,20040
ATHE,2021-09-08,13.4,13.5,12.9,13.5,0,0.00%,48650
ATHE,2021-09-09,13.4,13.6,13.127,13.6,0.1,+0.74%,14340
ATHE,2021-09-10,13.4,13.5,13.1,13.2,-0.4,-2.94%,23950
ATHE,2021-09-13,13,13.3,13,13.2,0,0.00%,22980
ATHE,2021-09-14,13.1,13.3,12.6,12.6,-0.6,-4.55%,64320
ATHE,2021-09-15,12.7,13,12.6,12.9,0.3,+2.38%,30580
ATHE,2021-09-16,12.9,13.2,12.6,13.1,0.2,+1.55%,28880
ATHE,2021-09-17,13,13.152,12.7,13,-0.1,-0.76%,19810
ATHE,2021-09-20,12.6,13.9,12.6,12.7,-0.3,-2.31%,185850
ATHE,2021-09-21,12.6,13,12.6,12.9,0.2,+1.57%,22590
ATHE,2021-09-22,13,13,12.4,12.8,-0.1,-0.78%,49750
ATHE,2021-09-23,12.7,13.1,12.7,13,0.2,+1.56%,12760
ATHE,2021-09-24,12.8,13.1,12.8,12.8,-0.2,-1.54%,11360
ATHE,2021-09-27,12.9,13.25,12.7,13.1,0.3,+2.34%,34940
ATHE,2021-09-28,12.9,13,12.7,12.8,-0.3,-2.29%,13980
ATHE,2021-09-29,12.7,12.91,12.6,12.6,-0.2,-1.56%,18530
ATHE,2021-09-30,12.6,12.889,12.515,12.7,0.1,+0.79%,22310
ATHE,2021-10-01,12.6,13.4,12.3,13.2,0.5,+3.94%,79400
ATHE,2021-10-04,12.9,12.9,12.6,12.7,-0.5,-3.79%,12450
ATHE,2021-10-05,12.6,13.3,12.6,13,0.3,+2.36%,41230
ATHE,2021-10-06,12.9,13,12.7,12.7,-0.3,-2.31%,10510
ATHE,2021-10-07,12.8,13,12.7,12.7,0,0.00%,11330
ATHE,2021-10-08,12.7,12.8,12.7,12.7,0,0.00%,10420
ATHE,2021-10-11,12.7,12.9,12.7,12.9,0.2,+1.57%,11720
ATHE,2021-10-12,12.7,13.2,12.7,13,0.1,+0.78%,21280
ATHE,2021-10-13,13,13.3,13,13.3,0.3,+2.31%,11030
ATHE,2021-10-14,13.3,13.334,13,13,-0.3,-2.26%,15120
ATHE,2021-10-15,13.2,13.2,12.9,13.1,0.1,+0.77%,8830
ATHE,2021-10-18,12.9,13.4,12.8,13.1,0,0.00%,18370
ATHE,2021-10-19,13.3,13.4,13.1,13.4,0.3,+2.29%,15410
ATHE,2021-10-20,13.3,13.5,13.1,13.1,-0.3,-2.24%,19200
ATHE,2021-10-21,12.9,13.299,12.8,12.8,-0.3,-2.29%,17570
ATHE,2021-10-22,12.9,13.1,12.3,12.5,-0.3,-2.34%,55470
ATHE,2021-10-25,12.8,12.8,12.5,12.7,0.2,+1.60%,24510
ATHE,2021-10-26,13.4,13.8,12.4,13,0.3,+2.36%,808180
ATHE,2021-10-27,12.6,12.7,11.85,12.3,-0.7,-5.38%,156460
ATHE,2021-10-28,12,12.4,12,12.2,-0.1,-0.81%,39980
ATHE,2021-10-29,12.2,12.3,12.1,12.2,0,0.00%,29180
ATHE,2021-11-01,12.3,12.4,12,12.3,0.1,+0.82%,38210
ATHE,2021-11-02,12.2,12.7,12,12.5,0.2,+1.63%,85560
ATHE,2021-11-03,12.1,12.5,12.092,12.4,-0.1,-0.80%,26130
ATHE,2021-11-04,12.6,13.3,12.1,12.6,0.2,+1.61%,200150
ATHE,2021-11-05,12.3,12.8,12.1,12.1,-0.5,-3.97%,33290
ATHE,2021-11-08,12.1,12.2,11.8,12,-0.1,-0.83%,36850
ATHE,2021-11-09,12,12.05,11.5,11.9,-0.1,-0.83%,27650
ATHE,2021-11-10,11.7,11.802,11.5,11.5,-0.4,-3.36%,24210
ATHE,2021-11-11,11.5,11.7,11.4,11.6,0.1,+0.87%,21240
ATHE,2021-11-12,11.6,11.799,11.299,11.4,-0.2,-1.72%,40570
ATHE,2021-11-15,11.4,11.784,11.4,11.644,0.244,+2.14%,17380
ATHE,2021-11-16,11.5,11.6,11,11.25,-0.394,-3.38%,42020
ATHE,2021-11-17,11.5,11.5,11,11.1,-0.15,-1.33%,29540
ATHE,2021-11-18,11.1,11.3,10.2,10.2,-0.9,-8.11%,70390
ATHE,2021-11-19,10.4,10.9,10.4,10.8,0.6,+5.88%,20790
ATHE,2021-11-22,10.8,11,10,10.2,-0.6,-5.56%,57720
ATHE,2021-11-23,10.2,10.6,10.2,10.5,0.3,+2.94%,13720
ATHE,2021-11-24,10.4,10.6,10.3,10.4,-0.1,-0.95%,11310
ATHE,2021-11-26,10.2,10.4,10.162,10.4,0,0.00%,4410
ATHE,2021-11-29,10.2,10.4,10.1,10.2,-0.2,-1.92%,24250
ATHE,2021-11-30,10,10.3,8.502,9.7,-0.5,-4.90%,56110
ATHE,2021-12-01,9.7,10.1,9.521,9.789,0.089,+0.92%,15720
ATHE,2021-12-02,9.9,9.9,9.2,9.3,-0.489,-5.00%,23550
ATHE,2021-12-03,9.171,9.198,8.5,8.646,-0.654,-7.03%,30490
ATHE,2021-12-06,8.3,8.5,8.104,8.25,-0.396,-4.58%,19640
ATHE,2021-12-07,8.3,9,8.3,8.9,0.65,+7.88%,13780
ATHE,2021-12-08,9,9.5,8.88,9.099,0.199,+2.24%,14700
ATHE,2021-12-09,9.1,9.376,9,9.003,-0.096,-1.06%,1860
ATHE,2021-12-10,8.8,9.173,8.6,9.15,0.147,+1.63%,13550
ATHE,2021-12-13,8.9,9.6,8.695,8.894,-0.256,-2.80%,15560
ATHE,2021-12-14,8.915,9.2,8.8,8.952,0.058,+0.65%,35910
ATHE,2021-12-15,8.453,8.82,8.3,8.62,-0.332,-3.71%,22540
ATHE,2021-12-16,8.6,9.3,8.6,9,0.38,+4.41%,11530
ATHE,2021-12-17,8.7,9,8.5,8.82,-0.18,-2.00%,12970
ATHE,2021-12-20,8.4,8.75,8.25,8.443,-0.377,-4.27%,11010
ATHE,2021-12-21,8.6,8.78,8.6,8.78,0.337,+3.99%,8430
ATHE,2021-12-22,8.352,8.8,8.2,8.333,-0.447,-5.09%,17080
ATHE,2021-12-23,8.334,8.48,8.056,8.202,-0.131,-1.57%,22420
ATHE,2021-12-27,8.2,8.26,7.6,7.93,-0.272,-3.32%,24550
ATHE,2021-12-28,7.9,8,7.52,7.8,-0.13,-1.64%,17160
ATHE,2021-12-29,7.8,8,6.8,7.245,-0.555,-7.12%,68110
ATHE,2021-12-30,7.4,7.928,7.4,7.678,0.433,+5.98%,35160
ATHE,2021-12-31,7.606,7.86,7.005,7.2,-0.478,-6.23%,35630
ATHE,2022-01-03,7.206,7.651,7.2,7.651,0.451,+6.26%,13790
ATHE,2022-01-04,7.6,9,7.6,8.001,0.35,+4.57%,125120
ATHE,2022-01-05,8.133,8.58,7.9,8.293,0.292,+3.65%,284110
ATHE,2022-01-06,10.5,12.3,10.4,11.1,2.807,+33.85%,11860550
ATHE,2022-01-07,9.858,10.3,8.569,10.1,-1.,-9.01%,949860
ATHE,2022-01-10,8.835,9.44,8.835,9.399,-0.701,-6.94%,206720
ATHE,2022-01-11,9.1,9.429,8.9,9.001,-0.398,-4.23%,74090
ATHE,2022-01-12,8.8,8.8,8.03,8.35,-0.651,-7.23%,104590
ATHE,2022-01-13,8.1,8.383,8.007,8.15,-0.2,-2.40%,54180
ATHE,2022-01-14,8,8.275,7.9,8.118,-0.032,-0.39%,38840
ATHE,2022-01-18,8.1,8.2,7.802,7.83,-0.288,-3.55%,31910
ATHE,2022-01-19,7.888,8.2,7.8,8.13,0.3,+3.83%,35180
ATHE,2022-01-20,7.9,8.3,7.805,8.159,0.029,+0.36%,25110
ATHE,2022-01-21,7.9,7.951,7.31,7.638,-0.521,-6.39%,50800
ATHE,2022-01-24,7.5,7.967,7.311,7.614,-0.024,-0.31%,35310
ATHE,2022-01-25,7.596,8.2,7.596,8.156,0.542,+7.12%,19620
ATHE,2022-01-26,8.3,8.3,7.801,7.953,-0.203,-2.49%,21210
ATHE,2022-01-27,8,8,7.466,7.702,-0.251,-3.16%,10550
ATHE,2022-01-28,8.502,8.6,7.8,8.391,0.689,+8.95%,38320
ATHE,2022-01-31,8.5,9.403,8.2,9.403,1.012,+12.06%,22760
ATHE,2022-02-01,9.4,9.5,9.023,9.5,0.097,+1.03%,15200
ATHE,2022-02-02,9.5,9.5,9.05,9.101,-0.399,-4.20%,3340
ATHE,2022-02-03,9.1,9.1,8.21,8.696,-0.405,-4.45%,6980
ATHE,2022-02-04,9.4,9.4,8.701,9.09,0.394,+4.53%,6600
ATHE,2022-02-07,8.8,10.5,8.75,9.803,0.713,+7.84%,98250
ATHE,2022-02-08,9.9,10,9.122,9.6,-0.203,-2.07%,54009
ATHE,2022-02-09,9.419,9.8,9.351,9.7,0.1,+1.04%,25780
ATHE,2022-02-10,9.45,9.807,9.3,9.6,-0.1,-1.03%,12610
ATHE,2022-02-11,9.4,9.9,9.301,9.38,-0.22,-2.29%,23160
ATHE,2022-02-14,9.3,9.349,8.6,8.835,-0.545,-5.81%,12580
ATHE,2022-02-15,8.9,9.4,8.625,9.14,0.305,+3.45%,9560
ATHE,2022-02-16,8.82,9.16,8.8,9.054,-0.086,-0.94%,3830
ATHE,2022-02-17,8.973,9.06,8.705,8.848,-0.206,-2.28%,4390
ATHE,2022-02-18,8.6,9.1,8.436,8.495,-0.353,-3.99%,7240
ATHE,2022-02-22,8.102,8.739,8.025,8.025,-0.47,-5.53%,13640
ATHE,2022-02-23,8.061,8.239,7.85,8.013,-0.012,-0.15%,14580
ATHE,2022-02-24,7.6,8.25,7.352,8.1,0.087,+1.09%,18360
ATHE,2022-02-25,8.088,8.4,7.9,8.178,0.078,+0.96%,15370
ATHE,2022-02-28,8.08,8.801,8,8.5,0.322,+3.94%,14090
ATHE,2022-03-01,8.78,8.78,8.105,8.55,0.05,+0.59%,1560
ATHE,2022-03-02,8.4,8.6,8.072,8.205,-0.345,-4.04%,5980
ATHE,2022-03-03,8.003,8.3,7.834,8,-0.205,-2.50%,10710
ATHE,2022-03-04,7.7,8.109,7.256,7.32,-0.68,-8.50%,18390
ATHE,2022-03-07,7.32,7.719,7.3,7.331,0.011,+0.15%,22590
ATHE,2022-03-08,7.252,7.48,6.9,7.298,-0.033,-0.45%,27650
ATHE,2022-03-09,7.1,7.579,7.1,7.5,0.202,+2.77%,17690
ATHE,2022-03-10,7.5,7.797,7.25,7.5,0,0.00%,5330
ATHE,2022-03-11,7.2,7.5,7.1,7.2,-0.3,-4.00%,10570
ATHE,2022-03-14,7.2,7.3,7.008,7.22,0.02,+0.28%,8880
ATHE,2022-03-15,7.177,7.479,6.873,7.125,-0.095,-1.32%,11700
ATHE,2022-03-16,7,7.38,6.993,7,-0.125,-1.75%,16740
ATHE,2022-03-17,7,7.47,7,7.38,0.38,+5.43%,6520
ATHE,2022-03-18,7.49,7.7,7.23,7.45,0.07,+0.95%,19120
ATHE,2022-03-21,7.5,7.7,7.491,7.647,0.197,+2.64%,6890
ATHE,2022-03-22,7.4,7.996,7.4,7.753,0.106,+1.39%,10110
ATHE,2022-03-23,7.502,8,7.5,7.83,0.077,+0.99%,9980
ATHE,2022-03-24,7.8,8.345,7.6,7.926,0.096,+1.23%,13770
ATHE,2022-03-25,8,8.06,7.685,7.685,-0.241,-3.04%,4850
ATHE,2022-03-28,7.5,8.08,7.5,7.9,0.215,+2.80%,2380
ATHE,2022-03-29,7.81,8.4,7.65,8.1,0.2,+2.53%,15270
ATHE,2022-03-30,8,8.2,8,8.002,-0.098,-1.21%,7080
ATHE,2022-03-31,8,8.3,8,8.29,0.288,+3.60%,2490
ATHE,2022-04-01,8.2,8.499,8.2,8.499,0.209,+2.52%,5780
ATHE,2022-04-04,8.4,8.7,8.3,8.6,0.101,+1.19%,5560
ATHE,2022-04-05,8.4,8.729,8,8.4,-0.2,-2.33%,9520
ATHE,2022-04-06,8.042,8.73,8.041,8.1,-0.3,-3.57%,4050
ATHE,2022-04-07,8.5,8.73,7.91,8.06,-0.04,-0.49%,6320
ATHE,2022-04-08,7.96,8.28,7.96,8.001,-0.059,-0.73%,4800
ATHE,2022-04-11,8.1,8.3,7.96,8.128,0.127,+1.59%,1560
ATHE,2022-04-12,8.128,8.332,7.96,8.001,-0.127,-1.56%,5030
ATHE,2022-04-13,7.838,8.348,7.71,8.097,0.096,+1.20%,6230
ATHE,2022-04-14,7.9,8.08,7.623,7.8,-0.297,-3.67%,2940
ATHE,2022-04-18,7.5,7.97,7.473,7.8,0,0.00%,3340
ATHE,2022-04-19,7.7,8.28,7.7,8.019,0.219,+2.81%,2910
ATHE,2022-04-20,8.2,8.248,8,8.21,0.191,+2.38%,4010
ATHE,2022-04-21,8.143,8.229,7.725,8.01,-0.2,-2.44%,5530
ATHE,2022-04-22,7.801,7.9,7.4,7.65,-0.36,-4.49%,7160
ATHE,2022-04-25,7.624,7.88,7.35,7.68,0.03,+0.39%,3830
ATHE,2022-04-26,7.675,7.675,7.5,7.549,-0.131,-1.71%,2080
ATHE,2022-04-27,7.602,7.8,7.1,7.45,-0.099,-1.31%,146900
ATHE,2022-04-28,7.101,7.249,7.086,7.2,-0.25,-3.36%,13100
ATHE,2022-04-29,7,7.9,6.791,7.371,0.171,+2.38%,7500
ATHE,2022-05-02,7.5,7.515,7,7.103,-0.268,-3.64%,3280
ATHE,2022-05-03,7.1,7.4,7.1,7.31,0.207,+2.91%,4760
ATHE,2022-05-04,7.399,7.399,6.947,7.303,-0.007,-0.10%,5440
ATHE,2022-05-05,7.1,7.429,7.056,7.298,-0.005,-0.07%,8830
ATHE,2022-05-06,7.3,7.8,7,7.25,-0.048,-0.66%,7520
ATHE,2022-05-09,7.14,7.4,6.9,6.995,-0.255,-3.52%,9840
ATHE,2022-05-10,7,7.05,6.8,6.95,-0.045,-0.64%,9350
ATHE,2022-05-11,6.8,6.914,6.5,6.6,-0.35,-5.04%,10680
ATHE,2022-05-12,5.801,6.6,5.801,6.366,-0.234,-3.55%,13620
ATHE,2022-05-13,6.1,6.7,6.033,6.626,0.26,+4.08%,10380
ATHE,2022-05-16,6.4,6.7,6.001,6.5,-0.126,-1.90%,3130
ATHE,2022-05-17,6.7,6.9,6.567,6.8,0.3,+4.62%,1200
ATHE,2022-05-18,6.625,7,6.55,6.726,-0.074,-1.09%,6100
ATHE,2022-05-19,6.55,8.5,6.55,6.87,0.144,+2.14%,16100
ATHE,2022-05-20,6.7,6.875,6.298,6.422,-0.448,-6.52%,6510
ATHE,2022-05-23,7.5,7.5,6.401,6.75,0.328,+5.11%,2190
ATHE,2022-05-24,6.772,7.1,6.376,6.5,-0.25,-3.70%,4070
ATHE,2022-05-25,6.98,6.98,6.52,6.52,0.02,+0.31%,590
ATHE,2022-05-26,6.79,7,6.6,6.697,0.177,+2.71%,610
ATHE,2022-05-27,6.705,6.79,6.65,6.767,0.07,+1.05%,2200
ATHE,2022-05-31,6.7,6.8,6.1,6.7,-0.067,-0.99%,4110
ATHE,2022-06-01,6.6,7.17,6.276,6.9,0.2,+2.99%,1900
ATHE,2022-06-02,6.7,7.499,6.7,7.225,0.325,+4.71%,8410
ATHE,2022-06-03,7.2,7.5,7.05,7.05,-0.175,-2.42%,2290
ATHE,2022-06-06,7.05,7.614,6.6,7.4,0.35,+4.96%,6500
ATHE,2022-06-07,7.118,7.3,6.63,7.05,-0.35,-4.73%,3240
ATHE,2022-06-08,7.05,7.2,6.62,6.817,-0.233,-3.30%,2610
ATHE,2022-06-09,6.6,7.165,6.6,6.9,0.083,+1.22%,6040
ATHE,2022-06-10,6.9,7,6.463,6.823,-0.077,-1.12%,1670
ATHE,2022-06-13,6.6,6.7,6.1,6.4,-0.423,-6.20%,3500
ATHE,2022-06-14,6.4,7.9,6.158,6.305,-0.095,-1.48%,38840
ATHE,2022-06-15,6.1,6.499,6.1,6.202,-0.103,-1.63%,2440
ATHE,2022-06-16,7.167,7.202,6.15,6.3,0.098,+1.58%,3990
ATHE,2022-06-17,6.299,6.42,6,6,-0.3,-4.76%,4140
ATHE,2022-06-21,6,6.66,6,6.103,0.103,+1.72%,620
ATHE,2022-06-22,6.2,6.65,6.05,6.074,-0.029,-0.48%,9180
ATHE,2022-06-23,6.1,6.7,6.1,6.392,0.318,+5.24%,16300
ATHE,2022-06-24,6.392,6.392,5.979,6.297,-0.095,-1.49%,10600
ATHE,2022-06-27,6,6.9,6,6.549,0.252,+4.00%,15730
ATHE,2022-06-28,6.3,6.8,6.3,6.5,-0.049,-0.75%,6570
ATHE,2022-06-29,6.3,6.8,6.3,6.406,-0.094,-1.45%,1520
ATHE,2022-06-30,6.341,6.532,6.101,6.112,-0.294,-4.59%,2950
ATHE,2022-07-01,6.2,6.6,6.176,6.28,0.168,+2.75%,1190
ATHE,2022-07-05,6,6.273,5.9,6.239,-0.041,-0.65%,1240
ATHE,2022-07-06,6.104,6.814,5.9,6.216,-0.023,-0.37%,7380
ATHE,2022-07-07,6.321,6.9,6.321,6.514,0.298,+4.79%,15040
ATHE,2022-07-08,6.65,6.7,6.3,6.426,-0.088,-1.35%,2660
ATHE,2022-07-11,6.198,6.524,6.1,6.104,-0.322,-5.01%,4390
ATHE,2022-07-12,6.3,6.7,6.104,6.302,0.198,+3.24%,18320
ATHE,2022-07-13,6.5,6.6,6.201,6.6,0.298,+4.73%,5200
ATHE,2022-07-14,6.2,6.5,6.151,6.5,-0.1,-1.52%,4060
ATHE,2022-07-15,6.3,6.5,6.175,6.3,-0.2,-3.08%,6220
ATHE,2022-07-18,6.3,6.5,6.151,6.2,-0.1,-1.59%,11250
ATHE,2022-07-19,6.1,6.6,6.1,6.2,0,0.00%,5340
ATHE,2022-07-20,6.3,6.3,5.908,5.927,-0.273,-4.40%,7180
ATHE,2022-07-21,5.8,6.2,5.8,6.184,0.257,+4.34%,7280
ATHE,2022-07-22,5.901,6.348,5.901,6.186,0.002,+0.03%,5600
ATHE,2022-07-25,6.2,6.203,5.901,6.041,-0.145,-2.34%,9680
ATHE,2022-07-26,5.934,6.1,5.85,6,-0.041,-0.68%,21380
ATHE,2022-07-27,6.1,6.234,5.9,6,0,0.00%,12710
ATHE,2022-07-28,6.1,6.345,5.8,6.041,0.041,+0.68%,12880
ATHE,2022-07-29,5.991,6.298,5.6,6.03,-0.011,-0.18%,15160
ATHE,2022-08-01,5.607,6.199,5.607,5.949,-0.081,-1.34%,15820
ATHE,2022-08-02,5.9,6.207,5.7,5.986,0.037,+0.62%,6130
ATHE,2022-08-03,6.3,6.5,6.15,6.4,0.414,+6.92%,13320
ATHE,2022-08-04,6.3,6.7,6.3,6.7,0.3,+4.69%,6050
ATHE,2022-08-05,6.7,6.7,6.2,6.299,-0.401,-5.99%,5550
ATHE,2022-08-08,6.3,6.6,6.299,6.4,0.101,+1.60%,3400
ATHE,2022-08-09,6.2,6.48,6.101,6.238,-0.162,-2.53%,4940
ATHE,2022-08-10,6.465,6.465,5.835,6.029,-0.209,-3.35%,22100
ATHE,2022-08-11,6.25,6.349,6,6.106,0.077,+1.28%,4130
ATHE,2022-08-12,6.3,6.3,5.801,6.025,-0.081,-1.33%,6270
ATHE,2022-08-15,5.959,6.3,5.8,6.202,0.177,+2.94%,10780
ATHE,2022-08-16,6.203,6.3,6.203,6.271,0.069,+1.11%,4770
ATHE,2022-08-17,6.202,6.45,6.202,6.266,-0.005,-0.08%,6330
ATHE,2022-08-18,6.464,6.464,6.229,6.3,0.034,+0.54%,4160
ATHE,2022-08-19,6.3,6.3,5.9,6.008,-0.292,-4.63%,3770
ATHE,2022-08-22,6.021,6.2,5.9,5.905,-0.103,-1.71%,4880
ATHE,2022-08-23,5.92,6.2,5.9,5.999,0.094,+1.59%,11730
ATHE,2022-08-24,5.9,6.151,5.9,6.04,0.041,+0.68%,14330
ATHE,2022-08-25,6.2,6.7,5.601,5.96,-0.08,-1.32%,51350
ATHE,2022-08-26,6,6.299,5.937,6,0.04,+0.67%,5950
ATHE,2022-08-29,6.08,6.08,5.6,5.852,-0.148,-2.47%,14920
ATHE,2022-08-30,6,6,5.6,5.915,0.063,+1.08%,10960
ATHE,2022-08-31,5.915,5.999,5.6,5.601,-0.314,-5.31%,9770
ATHE,2022-09-01,5.6,5.8,5.401,5.575,-0.026,-0.46%,5300
ATHE,2022-09-02,5.55,6,5.45,5.794,0.219,+3.93%,7330
ATHE,2022-09-06,6,6,5.501,5.502,-0.292,-5.04%,2530
ATHE,2022-09-07,5.5,6,5.5,5.782,0.28,+5.09%,5960
ATHE,2022-09-08,5.939,5.939,5.705,5.789,0.007,+0.12%,890
ATHE,2022-09-09,5.845,5.945,5.5,5.7,-0.089,-1.54%,2130
ATHE,2022-09-12,5.6,5.8,5.6,5.8,0.1,+1.75%,5070
ATHE,2022-09-13,5.722,5.863,5.722,5.807,0.007,+0.12%,4920
ATHE,2022-09-14,5.657,5.866,5.634,5.8,-0.007,-0.12%,2300
ATHE,2022-09-15,5.8,5.865,5.55,5.798,-0.002,-0.03%,1850
ATHE,2022-09-16,5.7,5.8,5.602,5.8,0.002,+0.03%,1900
ATHE,2022-09-19,5.5,5.699,5.5,5.6,-0.2,-3.45%,4720
ATHE,2022-09-20,6.093,6.2,4.031,5,-0.6,-10.71%,169340
ATHE,2022-09-21,4.701,5,4.01,4.374,-0.626,-12.52%,37150
ATHE,2022-09-22,4.374,4.894,4.374,4.894,0.52,+11.89%,13520
ATHE,2022-09-23,4.8,4.8,4.4,4.405,-0.489,-9.99%,10180
ATHE,2022-09-26,4.2,4.5,4.124,4.351,-0.054,-1.23%,10580
ATHE,2022-09-27,4.4,4.65,4.226,4.522,0.171,+3.93%,6900
ATHE,2022-09-28,4.586,4.659,4.5,4.5,-0.022,-0.49%,5620
ATHE,2022-09-29,4.568,4.8,4.5,4.771,0.271,+6.02%,6390
ATHE,2022-09-30,4.69,4.699,4.341,4.401,-0.37,-7.76%,3890
ATHE,2022-10-03,4.41,4.8,4.41,4.787,0.386,+8.77%,4690
ATHE,2022-10-04,4.55,5,4.55,4.851,0.064,+1.34%,4950
ATHE,2022-10-05,4.567,5,4.567,4.902,0.051,+1.05%,7650
ATHE,2022-10-06,4.8,5.1,4.501,4.923,0.021,+0.43%,5020
ATHE,2022-10-07,4.891,5,4.613,4.7,-0.223,-4.53%,2670
ATHE,2022-10-10,4.179,4.485,4.078,4.375,-0.325,-6.91%,7600
ATHE,2022-10-11,4.2,4.38,4.199,4.2,-0.175,-4.00%,6130
ATHE,2022-10-12,4.26,4.59,4.101,4.508,0.308,+7.33%,2050
ATHE,2022-10-13,4.323,4.6,4.269,4.597,0.089,+1.97%,5280
ATHE,2022-10-14,4.571,4.7,4.5,4.599,0.002,+0.04%,4010
ATHE,2022-10-17,4.582,4.664,4.483,4.501,-0.098,-2.13%,3010
ATHE,2022-10-18,4.3,4.5,4.2,4.405,-0.096,-2.13%,7650
ATHE,2022-10-19,4.402,4.47,4.3,4.4,-0.005,-0.11%,3600
ATHE,2022-10-20,4.4,4.467,4.2,4.3,-0.1,-2.27%,7660
ATHE,2022-10-21,4.37,4.553,4.251,4.426,0.126,+2.93%,1670
ATHE,2022-10-24,4.2,4.4,4.2,4.242,-0.184,-4.16%,7690
ATHE,2022-10-25,3.9,4.35,3.9,4.331,0.089,+2.10%,7750
ATHE,2022-10-26,4.402,4.499,4.107,4.208,-0.123,-2.84%,4010
ATHE,2022-10-27,4.21,4.358,4.05,4.178,-0.03,-0.71%,7250
ATHE,2022-10-28,4.2,4.207,3.924,4.025,-0.153,-3.66%,12770
ATHE,2022-10-31,4.025,4.099,3.925,3.929,-0.096,-2.39%,9570
ATHE,2022-11-01,3.945,4.25,3.9,3.905,-0.024,-0.61%,3830
ATHE,2022-11-02,4,4,3.5,3.504,-0.401,-10.27%,17660
ATHE,2022-11-03,3.641,3.656,3.5,3.601,0.097,+2.77%,12740
ATHE,2022-11-04,3.548,3.791,3.548,3.6,-0.001,-0.03%,2870
ATHE,2022-11-07,3.7,3.74,3.55,3.74,0.14,+3.89%,1590
ATHE,2022-11-08,3.714,3.8,3.714,3.751,0.011,+0.29%,3500
ATHE,2022-11-09,3.7,3.79,3.7,3.702,-0.049,-1.31%,1360
ATHE,2022-11-10,3.702,3.77,3.5,3.652,-0.05,-1.35%,20780
ATHE,2022-11-11,3.61,3.9,3.6,3.898,0.246,+6.74%,7110
ATHE,2022-11-14,3.922,4,3.902,3.998,0.1,+2.57%,1210
ATHE,2022-11-15,3.819,4,3.819,4,0.002,+0.05%,2840
ATHE,2022-11-16,4,4.07,3.801,3.992,-0.008,-0.20%,4810
ATHE,2022-11-17,3.975,4.08,3.7,3.7,-0.292,-7.31%,6470
ATHE,2022-11-18,4.05,4.05,3.6,3.622,-0.078,-2.11%,14200
ATHE,2022-11-21,3.6,3.7,3.502,3.55,-0.072,-1.99%,580
ATHE,2022-11-22,3.6,3.999,3.6,3.651,0.101,+2.85%,3990
ATHE,2022-11-23,3.9,3.9,3.6,3.688,0.037,+1.01%,9680
ATHE,2022-11-25,3.7,3.7,3.602,3.602,-0.086,-2.33%,490
ATHE,2022-11-28,3.662,3.8,3.602,3.652,0.05,+1.39%,2440
ATHE,2022-11-29,3.6,3.676,3.5,3.535,-0.117,-3.20%,5670
ATHE,2022-11-30,3.6,3.745,3.6,3.624,0.089,+2.52%,4240
ATHE,2022-12-01,3.6,3.9,3.6,3.743,0.119,+3.28%,6000
ATHE,2022-12-02,3.635,3.799,3.635,3.639,-0.104,-2.78%,2850
ATHE,2022-12-05,3.635,3.7,3.509,3.585,-0.054,-1.48%,3020
ATHE,2022-12-06,3.5,3.58,3.45,3.462,-0.123,-3.43%,12140
ATHE,2022-12-07,3.45,3.707,3.45,3.5,0.038,+1.10%,1610
ATHE,2022-12-08,3.699,3.699,3.4,3.403,-0.097,-2.77%,9850
ATHE,2022-12-09,3.527,3.8,3.403,3.453,0.05,+1.47%,2030
ATHE,2022-12-12,3.5,3.672,3.375,3.375,-0.078,-2.26%,3130
ATHE,2022-12-13,3.4,3.4,3.202,3.21,-0.165,-4.89%,11130
ATHE,2022-12-14,3.3,3.399,3.2,3.25,0.04,+1.25%,3720
ATHE,2022-12-15,3.3,3.3,3.2,3.201,-0.049,-1.51%,2460
ATHE,2022-12-16,3.2,3.4,3.1,3.157,-0.044,-1.37%,5620
ATHE,2022-12-19,3.1,3.25,3.1,3.1,-0.057,-1.81%,1330
ATHE,2022-12-20,3.399,3.399,3.1,3.1,0,0.00%,1610
ATHE,2022-12-21,3.1,3.15,3.051,3.116,0.016,+0.52%,5170
ATHE,2022-12-22,3.1,3.2,3.054,3.1,-0.016,-0.51%,6390
ATHE,2022-12-23,3.1,3.148,3,3.037,-0.063,-2.03%,4420
ATHE,2022-12-27,3.1,3.199,2.901,3.079,0.042,+1.38%,5400
ATHE,2022-12-28,2.974,3.079,2.9,2.951,-0.128,-4.16%,3730
ATHE,2022-12-29,3,3.5,2.97,3.45,0.499,+16.91%,109699
ATHE,2022-12-30,3.463,3.582,3.1,3.482,0.032,+0.93%,43940
ATHE,2023-01-03,3.5,3.8,3.401,3.648,0.166,+4.77%,33090
ATHE,2023-01-04,3.7,3.799,3.4,3.624,-0.024,-0.66%,35110
ATHE,2023-01-05,3.6,3.799,3.5,3.682,0.058,+1.60%,12580
ATHE,2023-01-06,3.5,3.696,3.4,3.499,-0.183,-4.97%,22930
ATHE,2023-01-09,3.55,3.6287,3.205,3.45,-0.049,-1.40%,59000
ATHE,2023-01-10,3.55,3.95,3.55,3.76,0.31,+8.99%,47600
ATHE,2023-01-11,3.96,4.23,3.81,3.96,0.2,+5.32%,40000
ATHE,2023-01-12,3.96,4.1738,3.9501,4.05,0.09,+2.27%,15900
ATHE,2023-01-13,4,4.31,3.98,4.15,0.1,+2.47%,18800
ATHE,2023-01-17,4.39,4.44,4.22,4.29,0.14,+3.37%,16100
ATHE,2023-01-18,4.41,4.4325,4.07,4.07,-0.22,-5.13%,24500
ATHE,2023-01-19,4.08,4.1593,4.06,4.09,0.02,+0.49%,4400
ATHE,2023-01-20,4.07,4.17,3.9225,3.95,-0.14,-3.42%,27500
ATHE,2023-01-23,3.97,3.99,3.88,3.98,0.03,+0.76%,7700
ATHE,2023-01-24,3.96,4,3.855,3.88,-0.1,-2.51%,8700
ATHE,2023-01-25,3.8,4.015,3.8,3.9,0.02,+0.52%,10400
ATHE,2023-01-26,3.87,3.89,3.745,3.81,-0.09,-2.31%,11700
ATHE,2023-01-27,3.88,3.97,3.8,3.91,0.1,+2.62%,25900
ATHE,2023-01-30,4.05,4.45,4.01,4.15,0.24,+6.14%,178700
ATHE,2023-01-31,4.09,4.1776,3.9001,3.91,-0.24,-5.78%,37000
ATHE,2023-02-01,3.97,4.04,3.86,3.87,-0.04,-1.02%,5700
ATHE,2023-02-02,3.88,4,3.8676,3.94,0.07,+1.81%,14400
ATHE,2023-02-03,3.94,3.99,3.9101,3.95,0.01,+0.25%,8800
ATHE,2023-02-06,3.94,3.95,3.65,3.95,0,0.00%,85700
ATHE,2023-02-07,3.94,3.95,3.81,3.81,-0.14,-3.54%,14700
ATHE,2023-02-08,3.87,3.9,3.7708,3.82,0.01,+0.26%,5400
ATHE,2023-02-09,3.82,3.82,3.43,3.51,-0.31,-8.12%,30100
ATHE,2023-02-10,3.69,3.8,3.53,3.7,0.19,+5.41%,18900
ATHE,2023-02-13,3.5106,3.6,3.414,3.6,-0.1,-2.70%,4600
ATHE,2023-02-14,3.53,3.64,3.35,3.35,-0.25,-6.94%,10200
ATHE,2023-02-15,3.48,3.5272,3.01,3.01,-0.34,-10.15%,65400
ATHE,2023-02-16,3.15,3.27,3.14,3.24,0.23,+7.64%,10500
ATHE,2023-02-17,3.29,3.4152,3.05,3.25,0.01,+0.31%,19500
ATHE,2023-02-21,3.35,3.36,3.16,3.29,0.04,+1.23%,4000
ATHE,2023-02-22,3.34,3.34,3.1501,3.17,-0.12,-3.65%,5700
ATHE,2023-02-23,3.13,3.32,3.13,3.22,0.05,+1.58%,11500
ATHE,2023-02-24,3.16,3.18,3.15,3.17,-0.05,-1.55%,2900
ATHE,2023-02-27,3.15,3.28,3.01,3.265,0.095,+3.00%,9400
ATHE,2023-02-28,3.29,3.3,3.1111,3.21,-0.055,-1.68%,4600
ATHE,2023-03-01,3.18,3.34,3.18,3.3,0.09,+2.80%,10100
ATHE,2023-03-02,3.01,3.3102,3.01,3.16,-0.14,-4.24%,6800
ATHE,2023-03-03,3.11,3.29,3.0501,3.11,-0.05,-1.58%,4000
ATHE,2023-03-06,3.13,3.25,3.0501,3.185,0.075,+2.41%,4900
ATHE,2023-03-07,3.23,3.36,3.2,3.25,0.065,+2.04%,4200
ATHE,2023-03-08,3.3308,3.3499,3.15,3.3,0.05,+1.54%,8600
ATHE,2023-03-09,3.24,3.33,3.15,3.21,-0.09,-2.73%,3200
ATHE,2023-03-10,3.36,3.36,3.0709,3.28,0.07,+2.18%,4700
ATHE,2023-03-13,3.13,3.22,3.0201,3.22,-0.06,-1.83%,8900
ATHE,2023-03-14,3.22,3.3,2.86,2.99,-0.23,-7.14%,468700
ATHE,2023-03-15,2.81,2.86,2.61,2.61,-0.38,-12.71%,48300
ATHE,2023-03-16,2.8,2.94,2.6101,2.785,0.175,+6.70%,43100
ATHE,2023-03-17,2.89,2.9676,2.68,2.73,-0.055,-1.97%,13200
ATHE,2023-03-20,2.74,3.13,2.7,2.73,0,0.00%,43300
ATHE,2023-03-21,2.68,2.7734,2.66,2.7,-0.03,-1.10%,5500
ATHE,2023-03-22,2.97,2.9799,2.7,2.7075,0.0075,+0.28%,1500
ATHE,2023-03-23,2.8,2.86,2.53,2.53,-0.1775,-6.56%,36300
ATHE,2023-03-24,2.87,2.87,2.67,2.67,0.14,+5.53%,2000
ATHE,2023-03-27,2.745,2.745,2.745,2.745,0.075,+2.81%,1201
ATHE,2023-03-28,2.79,3,2.68,2.75,0.005,+0.18%,155900
ATHE,2023-03-29,2.8,2.845,2.63,2.723,-0.027,-0.98%,11000
ATHE,2023-03-30,2.56,2.84,2.55,2.68,-0.043,-1.58%,15600
ATHE,2023-03-31,2.5963,2.8,2.56,2.7764,0.0964,+3.60%,2100
ATHE,2023-04-03,2.68,2.8,2.68,2.75,-0.0264,-0.95%,3900
ATHE,2023-04-04,2.7025,2.8,2.6713,2.8,0.05,+1.82%,2100
ATHE,2023-04-05,2.75,2.87,2.66,2.82,0.02,+0.71%,2900
ATHE,2023-04-06,2.76,2.82,2.64,2.81,-0.01,-0.35%,4300
ATHE,2023-04-10,2.73,2.85,2.73,2.82,0.01,+0.36%,10000
ATHE,2023-04-11,2.86,2.9399,2.83,2.87,0.05,+1.77%,3600
ATHE,2023-04-12,2.84,3,2.66,2.67,-0.2,-6.97%,8700
ATHE,2023-04-13,2.67,2.94,2.67,2.94,0.27,+10.11%,5600
ATHE,2023-04-14,2.86,2.98,2.75,2.88,-0.06,-2.04%,5800
ATHE,2023-04-17,2.94,2.9499,2.79,2.89,0.01,+0.35%,5700
ATHE,2023-04-18,2.83,2.91,2.7,2.91,0.02,+0.69%,4300
ATHE,2023-04-20,2.7101,2.99,2.7101,2.85,-0.06,-2.06%,3600
ATHE,2023-04-21,2.925,3,2.9106,2.9106,0.0606,+2.13%,2300
ATHE,2023-04-24,2.68,2.97,2.68,2.835,-0.0756,-2.60%,1500
ATHE,2023-04-25,2.8342,2.8342,2.8342,2.8342,-0.0008,-0.03%,400
ATHE,2023-04-26,2.83,2.84,2.75,2.8,-0.0342,-1.21%,3700
ATHE,2023-04-27,2.75,2.85,2.75,2.76,-0.04,-1.43%,2800
ATHE,2023-04-28,2.79,2.7999,2.52,2.7999,0.0399,+1.45%,13400
ATHE,2023-05-01,2.78,2.78,2.65,2.78,-0.0199,-0.71%,5300
ATHE,2023-05-02,2.79,2.79,2.7,2.7,-0.08,-2.88%,1600
ATHE,2023-05-03,2.7101,2.72,2.625,2.72,0.02,+0.74%,3600
ATHE,2023-05-04,2.72,3.23,2.72,3.135,0.415,+15.26%,23200
ATHE,2023-05-05,3.0559,3.095,3.0085,3.04,-0.095,-3.03%,3500
ATHE,2023-05-08,3,3.15,2.89,2.9056,-0.1344,-4.42%,4300
ATHE,2023-05-09,2.91,2.95,2.9,2.9,-0.0056,-0.19%,2200
ATHE,2023-05-10,2.91,2.91,2.83,2.8602,-0.0398,-1.37%,2900
ATHE,2023-05-11,2.88,2.883,2.875,2.875,0.0148,+0.52%,500
ATHE,2023-05-12,2.82,3.005,2.77,2.77,-0.105,-3.65%,6500
ATHE,2023-05-15,2.76,3.0615,2.76,2.9,0.13,+4.69%,11500
ATHE,2023-05-16,2.83,2.99,2.5898,2.91,0.01,+0.34%,6100
ATHE,2023-05-17,2.79,2.91,2.79,2.9,-0.01,-0.34%,2400
ATHE,2023-05-18,2.9,2.9001,2.9,2.9001,0.0001,0.00%,1800
ATHE,2023-05-22,2.77,2.91,2.73,2.73,-0.1701,-5.87%,1500
ATHE,2023-05-23,2.8245,2.8245,2.8,2.8241,0.0941,+3.45%,1100
ATHE,2023-05-24,2.73,2.75,2.7,2.7,-0.1241,-4.39%,2500
ATHE,2023-05-25,2.76,2.77,2.7,2.7,0,0.00%,3000
ATHE,2023-05-26,2.66,2.77,2.6,2.61,-0.09,-3.33%,9200
ATHE,2023-05-30,2.81,2.92,2.7128,2.78,0.17,+6.51%,13100
ATHE,2023-05-31,2.82,2.91,2.82,2.91,0.13,+4.68%,3900
ATHE,2023-06-01,2.785,2.92,2.6738,2.72,-0.19,-6.53%,6900
ATHE,2023-06-02,2.67,2.93,2.67,2.845,0.125,+4.60%,3800
ATHE,2023-06-05,2.91,2.91,2.76,2.9,0.055,+1.93%,4200
ATHE,2023-06-06,2.81,2.95,2.81,2.81,-0.09,-3.10%,5900
ATHE,2023-06-07,2.79,2.88,2.79,2.88,0.07,+2.49%,1900
ATHE,2023-06-08,2.94,2.94,2.89,2.89,0.01,+0.35%,900
ATHE,2023-06-09,2.875,2.875,2.875,2.875,-0.015,-0.52%,300
ATHE,2023-06-12,2.81,2.98,2.81,2.94,0.065,+2.26%,2600
ATHE,2023-06-13,2.82,2.86,2.82,2.86,-0.08,-2.72%,900
ATHE,2023-06-14,2.87,2.95,2.87,2.9,0.04,+1.40%,1400
ATHE,2023-06-15,2.88,2.895,2.82,2.895,-0.005,-0.17%,8800
ATHE,2023-06-16,2.8,2.9,2.8,2.9,0.005,+0.17%,9700
ATHE,2023-06-20,2.8872,2.9,2.8001,2.9,0,0.00%,5700
ATHE,2023-06-21,2.91,2.91,2.86,2.86,-0.04,-1.38%,1100
ATHE,2023-06-22,2.86,2.92,2.8481,2.85,-0.01,-0.35%,2800
ATHE,2023-06-23,2.8,2.85,2.8,2.825,-0.025,-0.88%,4200
ATHE,2023-06-26,2.79,2.79,2.73,2.765,-0.06,-2.12%,1800
ATHE,2023-06-27,2.75,2.7781,2.75,2.7781,0.0131,+0.47%,3600
ATHE,2023-06-28,2.79,2.83,2.79,2.82,0.0419,+1.51%,1200
ATHE,2023-06-29,2.79,2.79,2.72,2.72,-0.1,-3.55%,4600
ATHE,2023-06-30,2.74,2.8929,2.74,2.7922,0.0722,+2.65%,1000
ATHE,2023-07-03,2.75,2.79,2.6801,2.6801,-0.1121,-4.01%,900
ATHE,2023-07-05,2.74,2.8728,2.7375,2.77,0.0899,+3.35%,7500
ATHE,2023-07-06,2.74,2.85,2.74,2.85,0.08,+2.89%,1200
ATHE,2023-07-07,2.78,2.8,2.74,2.78,-0.07,-2.46%,2500
ATHE,2023-07-10,2.74,2.8499,2.74,2.77,-0.01,-0.36%,3500
ATHE,2023-07-11,2.84,2.84,2.81,2.81,0.04,+1.44%,1300
ATHE,2023-07-12,2.7287,2.8399,2.7287,2.82,0.01,+0.36%,1200
ATHE,2023-07-13,2.84,2.84,2.76,2.76,-0.06,-2.13%,3300
ATHE,2023-07-14,2.75,2.8473,2.75,2.8299,0.0699,+2.53%,4500
ATHE,2023-07-17,2.8,2.85,2.79,2.85,0.0201,+0.71%,3000
ATHE,2023-07-18,2.86,2.98,2.77,2.93,0.08,+2.81%,43200
ATHE,2023-07-19,2.93,2.93,2.8153,2.89,-0.04,-1.37%,5600
ATHE,2023-07-20,2.88,2.88,2.7901,2.87,-0.02,-0.69%,8900
ATHE,2023-07-21,2.87,2.93,2.85,2.93,0.06,+2.09%,1800
ATHE,2023-07-24,2.8711,2.8711,2.77,2.8,-0.13,-4.44%,4000
ATHE,2023-07-25,2.78,2.84,2.77,2.77,-0.03,-1.07%,3200
ATHE,2023-07-26,2.85,3.0153,2.85,2.9497,0.1797,+6.49%,9400
ATHE,2023-07-27,2.85,2.85,2.75,2.84,-0.1097,-3.72%,6100
ATHE,2023-07-28,2.93,2.99,2.76,2.93,0.09,+3.17%,9200
ATHE,2023-07-31,2.79,2.9548,2.79,2.9,-0.03,-1.02%,3300
ATHE,2023-08-01,2.9,3,2.7901,2.89,-0.01,-0.34%,5500
ATHE,2023-08-02,2.92,2.92,2.865,2.91,0.02,+0.69%,700
ATHE,2023-08-03,3,3,2.8001,2.85,-0.06,-2.06%,5200
ATHE,2023-08-04,2.79,2.95,2.79,2.94,0.09,+3.16%,5200
ATHE,2023-08-07,2.8,2.89,2.8,2.87,-0.07,-2.38%,2400
ATHE,2023-08-08,2.82,2.9399,2.79,2.9399,0.0699,+2.44%,3100
ATHE,2023-08-09,2.88,2.88,2.79,2.79,-0.1499,-5.10%,1700
ATHE,2023-08-10,2.8,2.89,2.77,2.77,-0.02,-0.72%,1300
ATHE,2023-08-11,2.86,2.86,2.86,2.86,0.09,+3.25%,500
ATHE,2023-08-14,2.76,2.9,2.76,2.86,0,0.00%,1500
ATHE,2023-08-15,2.87,2.87,2.8,2.8,-0.06,-2.10%,2600
ATHE,2023-08-16,2.725,2.84,2.725,2.75,-0.05,-1.79%,6500
ATHE,2023-08-17,2.83,2.9,2.71,2.72,-0.03,-1.09%,4200
ATHE,2023-08-18,2.72,2.775,2.7,2.7327,0.0127,+0.47%,13700
ATHE,2023-08-21,2.7,2.735,2.7,2.7,-0.0327,-1.20%,1400
ATHE,2023-08-22,2.7001,2.8062,2.64,2.8,0.1,+3.70%,4700
ATHE,2023-08-23,2.86,2.86,2.8,2.8001,0.0001,0.00%,14700
ATHE,2023-08-24,2.7,2.7,2.7,2.7,-0.1001,-3.57%,900
ATHE,2023-08-25,2.6747,2.85,2.6701,2.6701,-0.0299,-1.11%,2000
ATHE,2023-08-28,2.78,2.8599,2.75,2.75,0.0799,+2.99%,5400
ATHE,2023-08-29,2.63,2.722,2.63,2.72,-0.03,-1.09%,4800
ATHE,2023-08-30,2.69,2.75,2.69,2.75,0.03,+1.10%,2300
ATHE,2023-08-31,2.75,2.75,2.7,2.72,-0.03,-1.09%,2900
ATHE,2023-09-01,2.79,2.83,2.71,2.765,0.045,+1.65%,3000
ATHE,2023-09-05,2.74,2.85,2.74,2.85,0.085,+3.07%,400
ATHE,2023-09-06,2.78,2.8513,2.7,2.8513,0.0013,+0.05%,500
ATHE,2023-09-07,2.71,2.87,2.7,2.745,-0.1063,-3.73%,1700
ATHE,2023-09-08,2.75,2.8434,2.68,2.775,0.03,+1.09%,1100
ATHE,2023-09-11,2.7675,2.7675,2.7675,2.7675,-0.0075,-0.27%,400
ATHE,2023-09-12,2.69,2.69,2.68,2.69,-0.0775,-2.80%,2000
ATHE,2023-09-13,2.68,2.76,2.68,2.76,0.07,+2.60%,900
ATHE,2023-09-14,2.7,2.715,2.6977,2.715,-0.045,-1.63%,800
ATHE,2023-09-15,2.62,2.6801,2.6,2.6,-0.115,-4.24%,1500
ATHE,2023-09-18,2.63,2.63,2.57,2.6001,0.0001,0.00%,2100
ATHE,2023-09-19,2.62,2.62,2.56,2.56,-0.0401,-1.54%,2000
ATHE,2023-09-20,2.675,2.675,2.675,2.675,0.115,+4.49%,300
ATHE,2023-09-21,2.7,2.7,2.58,2.625,-0.05,-1.87%,600
ATHE,2023-09-22,2.65,2.65,2.65,2.65,0.025,+0.95%,300
ATHE,2023-09-25,2.6396,2.645,2.25,2.63,-0.02,-0.75%,7300
ATHE,2023-09-27,2.45,2.5104,2.45,2.5104,-0.1196,-4.55%,1000
ATHE,2023-09-28,2.5047,2.5047,2.3796,2.45,-0.0604,-2.41%,7800
ATHE,2023-09-29,2.45,2.49,2.45,2.48,0.03,+1.22%,1300
ATHE,2023-10-02,2.276,2.59,2.276,2.57,0.09,+3.63%,3700
ATHE,2023-10-03,2.3714,2.49,2.3714,2.38,-0.19,-7.39%,1100
ATHE,2023-10-05,2.37,2.6605,2.345,2.6605,0.2805,+11.79%,4100
ATHE,2023-10-06,2.64,2.64,2.42,2.5699,-0.0906,-3.41%,900
ATHE,2023-10-09,2.45,2.58,2.45,2.54,-0.0299,-1.16%,600
ATHE,2023-10-10,2.45,2.5,2.45,2.5,-0.04,-1.57%,900
ATHE,2023-10-11,2.53,2.6724,2.42,2.42,-0.08,-3.20%,8200
ATHE,2023-10-12,2.49,2.49,2.4201,2.4201,0.0001,0.00%,1500
ATHE,2023-10-13,2.48,2.48,2.43,2.43,0.0099,+0.41%,1200
ATHE,2023-10-16,2.26,2.39,2.1012,2.29,-0.14,-5.76%,7600
ATHE,2023-10-17,2.75,2.75,2.535,2.58,0.29,+12.66%,10400
ATHE,2023-10-18,2.42,2.42,2.38,2.38,-0.2,-7.75%,600
ATHE,2023-10-19,2.38,2.42,2.38,2.42,0.04,+1.68%,900
ATHE,2023-10-23,2.4001,2.7,2.4001,2.7,0.28,+11.57%,500
ATHE,2023-10-24,2.55,2.55,2.55,2.55,-0.15,-5.56%,100
ATHE,2023-10-25,2.51,2.51,2.385,2.49,-0.06,-2.35%,2400
ATHE,2023-10-26,2.2805,2.2805,2.2805,2.2805,-0.2095,-8.41%,600
ATHE,2023-10-27,2.5554,2.5554,2.48,2.48,0.1995,+8.75%,800
ATHE,2023-10-30,2.28,2.3318,2.28,2.3318,-0.1482,-5.98%,700
ATHE,2023-11-02,2.4926,2.4926,2.25,2.25,-0.0818,-3.51%,1500
ATHE,2023-11-03,2.32,2.4199,2.18,2.4,0.15,+6.67%,10000
ATHE,2023-11-06,2.29,2.29,2.2101,2.25,-0.15,-6.25%,2000
ATHE,2023-11-07,2.2001,2.4999,2.2001,2.35,0.1,+4.44%,1900
ATHE,2023-11-08,2.49,2.7,2.4184,2.65,0.3,+12.77%,6800
ATHE,2023-11-09,2.36,2.54,2.36,2.4101,-0.2399,-9.05%,1900
ATHE,2023-11-10,2.3927,2.3927,2.3927,2.3927,-0.0174,-0.72%,600
ATHE,2023-11-14,2.43,2.63,2.43,2.63,0.2373,+9.92%,400
ATHE,2023-11-15,2.45,2.45,2.449,2.449,-0.181,-6.88%,900
ATHE,2023-11-16,2.4,2.4134,2.35,2.35,-0.099,-4.04%,3300
ATHE,2023-11-17,2.39,2.39,2.38,2.38,0.03,+1.28%,600
ATHE,2023-11-22,1.87,2,1.55,1.66,-0.72,-30.25%,150700
ATHE,2023-11-24,1.84,1.85,1.6901,1.85,0.19,+11.45%,20200
ATHE,2023-11-27,1.72,1.73,1.62,1.73,-0.12,-6.49%,42600
ATHE,2023-11-28,1.71,1.8,1.695,1.725,-0.005,-0.29%,13000
ATHE,2023-11-29,1.68,1.8,1.58,1.8,0.075,+4.35%,10400
ATHE,2023-11-30,1.56,1.81,1.56,1.81,0.01,+0.56%,39000
ATHE,2023-12-01,1.7,1.73,1.645,1.66,-0.15,-8.29%,24400
ATHE,2023-12-04,4.25,5.41,3.55,4.2,2.54,+153.01%,34645000
ATHE,2023-12-05,3.4,3.81,3.2,3.24,-0.96,-22.86%,1182800
ATHE,2023-12-06,3.02,3.05,2.66,2.95,-0.29,-8.95%,510400
ATHE,2023-12-07,3.02,3.02,2.8,2.8,-0.15,-5.08%,145800
ATHE,2023-12-08,2.75,2.84,2.61,2.63,-0.17,-6.07%,73200
ATHE,2023-12-11,2.55,2.68,2.31,2.31,-0.32,-12.17%,161600
ATHE,2023-12-12,2.3,2.49,2.23,2.41,0.1,+4.33%,126100
ATHE,2023-12-13,2.5,2.8,2.5,2.68,0.27,+11.20%,246200
ATHE,2023-12-14,2.82,3.25,2.8,3.05,0.37,+13.81%,239200
ATHE,2023-12-15,2.99,3.0899,2.9401,3.03,-0.02,-0.66%,76400
ATHE,2023-12-18,3.19,3.19,2.85,2.9,-0.13,-4.29%,94000
ATHE,2023-12-19,2.86,2.9602,2.53,2.69,-0.21,-7.24%,66100
ATHE,2023-12-20,2.79,2.79,2.6301,2.6601,-0.0299,-1.11%,19000
ATHE,2023-12-21,2.63,2.7588,2.51,2.6,-0.0601,-2.26%,37200
ATHE,2023-12-22,2.55,2.72,2.39,2.67,0.07,+2.69%,31500
ATHE,2023-12-26,2.62,2.67,2.47,2.54,-0.13,-4.87%,42600
ATHE,2023-12-27,2.53,2.66,2.43,2.57,0.03,+1.18%,123400
ATHE,2023-12-28,2.58,2.58,2.41,2.47,-0.1,-3.89%,21400
ATHE,2023-12-29,2.49,2.568,2.4352,2.49,0.02,+0.81%,16600
ATHE,2024-01-02,2.58,2.59,2.4,2.48,-0.01,-0.40%,33900
ATHE,2024-01-03,2.58,2.58,2.4101,2.48,0,0.00%,40200
ATHE,2024-01-04,2.42,2.48,2.25,2.36,-0.12,-4.84%,83300
ATHE,2024-01-05,2.25,2.25,2.0701,2.14,-0.22,-9.32%,114300
ATHE,2024-01-08,1.99,2.165,1.9,2.02,-0.12,-5.61%,119400
ATHE,2024-01-09,2.06,2.06,1.94,1.96,-0.06,-2.97%,59700
ATHE,2024-01-10,1.87,1.9965,1.87,1.9,-0.06,-3.06%,18500
ATHE,2024-01-11,1.8401,1.98,1.8401,1.89,-0.01,-0.53%,8500
ATHE,2024-01-12,1.9,2.0799,1.85,1.9,0.01,+0.53%,88600
ATHE,2024-01-16,1.9,2.0991,1.8,1.87,-0.03,-1.58%,67500
ATHE,2024-01-17,1.88,2.1374,1.83,1.89,0.02,+1.07%,38400
ATHE,2024-01-18,1.85,1.9843,1.85,1.879,-0.011,-0.58%,24400
ATHE,2024-01-19,1.86,1.94,1.85,1.86,-0.019,-1.01%,21400
ATHE,2024-01-22,1.88,1.94,1.8439,1.85,-0.01,-0.54%,33100
ATHE,2024-01-23,1.93,1.9423,1.8401,1.92,0.07,+3.78%,21600
ATHE,2024-01-24,1.84,1.92,1.84,1.89,-0.03,-1.56%,27000
ATHE,2024-01-25,1.9079,2.036,1.8501,2.0097,0.1197,+6.33%,27100
ATHE,2024-01-26,1.95,2.01,1.91,1.99,-0.0197,-0.98%,24500
ATHE,2024-01-29,1.99,2.2,1.961,2.1,0.11,+5.53%,87100
ATHE,2024-01-30,2.12,2.2999,2.07,2.27,0.17,+8.10%,81000
ATHE,2024-01-31,2.31,2.355,2.0201,2.11,-0.16,-7.05%,43200
ATHE,2024-02-01,2.24,2.24,2.0881,2.13,0.02,+0.95%,33500
ATHE,2024-02-02,2.13,2.13,2,2.08,-0.05,-2.35%,34800
ATHE,2024-02-05,2.02,2.105,2.0001,2.05,-0.03,-1.44%,36800
ATHE,2024-02-06,2.08,2.08,1.8801,1.95,-0.1,-4.88%,219300
ATHE,2024-02-07,1.93,1.93,1.8408,1.93,-0.02,-1.03%,31700
ATHE,2024-02-08,1.95,1.99,1.89,1.97,0.04,+2.07%,7600
ATHE,2024-02-09,1.98,2,1.9,2,0.03,+1.52%,17800
ATHE,2024-02-12,1.96,2.1121,1.91,2.0381,0.0381,+1.91%,41900
ATHE,2024-02-13,1.96,2.08,1.96,2.04,0.0019,+0.09%,32100
ATHE,2024-02-14,1.99,2.08,1.85,1.98,-0.06,-2.94%,35000
ATHE,2024-02-15,1.89,2.03,1.8894,2.01,0.03,+1.52%,6400
ATHE,2024-02-16,1.88,2.145,1.88,2.04,0.03,+1.49%,26200
ATHE,2024-02-20,2,2.08,1.945,2.03,-0.01,-0.49%,39600
ATHE,2024-02-21,1.99,2.06,1.96,2.04,0.01,+0.49%,30800
ATHE,2024-02-23,1.8,1.9,1.55,1.71,-0.33,-16.18%,130700
ATHE,2024-02-26,1.8,1.84,1.7,1.84,0.13,+7.60%,13300
ATHE,2024-02-27,1.85,1.9971,1.8,1.9,0.06,+3.26%,56100
ATHE,2024-02-28,1.9,1.95,1.8201,1.905,0.005,+0.26%,30400
ATHE,2024-02-29,1.91,1.91,1.81,1.87,-0.035,-1.84%,31900
ATHE,2024-03-01,1.83,1.83,1.73,1.73,-0.14,-7.49%,36800
ATHE,2024-03-04,1.77,1.775,1.6601,1.73,0,0.00%,7000
ATHE,2024-03-05,1.99,1.99,1.7,1.75,0.02,+1.16%,39200
ATHE,2024-03-06,1.74,1.79,1.68,1.71,-0.04,-2.29%,21800
ATHE,2024-03-07,1.68,1.73,1.61,1.66,-0.05,-2.92%,38800
ATHE,2024-03-08,1.76,1.852,1.6701,1.705,0.045,+2.71%,18200
ATHE,2024-03-11,1.69,1.785,1.66,1.71,0.005,+0.29%,40500
ATHE,2024-03-12,1.7,1.73,1.64,1.66,-0.05,-2.92%,25000
ATHE,2024-03-13,1.755,1.9,1.675,1.87,0.21,+12.65%,68800
ATHE,2024-03-14,1.9,1.9,1.8,1.8,-0.07,-3.74%,32500
ATHE,2024-03-15,1.82,1.88,1.76,1.76,-0.04,-2.22%,27600
ATHE,2024-03-18,1.87,1.87,1.79,1.8,0.04,+2.27%,11300
ATHE,2024-03-19,1.79,1.8,1.66,1.67,-0.13,-7.22%,31500
ATHE,2024-03-20,1.645,1.78,1.645,1.71,0.04,+2.40%,20900
ATHE,2024-03-21,1.71,1.82,1.7085,1.77,0.06,+3.51%,33400
ATHE,2024-03-22,1.74,1.88,1.69,1.77,0,0.00%,7500
ATHE,2024-03-25,1.74,1.7599,1.7001,1.71,-0.06,-3.39%,19900
ATHE,2024-03-26,1.75,1.8395,1.71,1.8,0.09,+5.26%,23600
ATHE,2024-03-27,1.77,2.02,1.77,2.02,0.22,+12.22%,102000
ATHE,2024-03-28,2.02,2.12,1.96,2.07,0.05,+2.48%,68700
ATHE,2024-04-01,2.05,2.05,1.9,1.95,-0.12,-5.80%,13800
ATHE,2024-04-02,1.92,1.9402,1.81,1.83,-0.12,-6.15%,58700
ATHE,2024-04-03,1.84,1.8863,1.8,1.84,0.01,+0.55%,17200
ATHE,2024-04-04,1.84,1.85,1.8,1.835,-0.005,-0.27%,17500
ATHE,2024-04-05,1.87,1.88,1.845,1.88,0.045,+2.45%,6300
ATHE,2024-04-08,1.91,1.91,1.85,1.88,0,0.00%,9200
ATHE,2024-04-09,1.86,1.91,1.86,1.91,0.03,+1.60%,12200
ATHE,2024-04-10,1.93,2.358,1.88,2.19,0.28,+14.66%,699000
ATHE,2024-04-11,2.24,2.6699,1.94,2.63,0.44,+20.09%,540100
ATHE,2024-04-12,2.83,3.19,2.56,2.94,0.31,+11.79%,861600
ATHE,2024-04-15,2.69,2.69,2.23,2.45,-0.49,-16.67%,445500
ATHE,2024-04-16,2.45,2.68,1.96,2.05,-0.4,-16.33%,370000
ATHE,2024-04-17,2.05,2.2,1.91,2.01,-0.04,-1.95%,125200
ATHE,2024-04-18,1.97,2.16,1.97,2.14,0.13,+6.47%,26600
ATHE,2024-04-19,2.08,2.18,2.0101,2.04,-0.1,-4.67%,54200
ATHE,2024-04-22,2,2.18,2,2.13,0.09,+4.41%,43700
ATHE,2024-04-23,2.1,2.1999,2.035,2.13,0,0.00%,33200
ATHE,2024-04-24,2.1406,2.5,2.1406,2.33,0.2,+9.39%,173900
ATHE,2024-04-25,2.3,2.4689,2.26,2.26,-0.07,-3.00%,24700
ATHE,2024-04-26,2.26,2.7499,2.26,2.51,0.25,+11.06%,87800
ATHE,2024-04-29,2.48,2.5399,2,2.195,-0.315,-12.55%,170800
ATHE,2024-04-30,2.15,2.16,2.0202,2.095,-0.1,-4.56%,69300
ATHE,2024-05-01,2.06,2.279,2.0552,2.2,0.105,+5.01%,52900
ATHE,2024-05-02,2.15,2.24,2.04,2.14,-0.06,-2.73%,41200
ATHE,2024-05-03,2.08,2.15,2.05,2.05,-0.09,-4.21%,14600
ATHE,2024-05-06,2.11,2.2,2.01,2.01,-0.04,-1.95%,25700
ATHE,2024-05-07,2.07,2.11,2.01,2.1,0.09,+4.48%,46000
ATHE,2024-05-08,2.1,2.23,2.04,2.04,-0.06,-2.86%,24800
ATHE,2024-05-09,2.1,2.1,1.9,2,-0.04,-1.96%,44600
ATHE,2024-05-10,1.94,2.04,1.94,2.01,0.01,+0.50%,15200
ATHE,2024-05-13,1.98,2.11,1.968,2.07,0.06,+2.99%,7100
ATHE,2024-05-14,2.01,2.12,1.98,2.1001,0.0301,+1.45%,46200
ATHE,2024-05-15,2.0124,2.15,2.0124,2.04,-0.0601,-2.86%,6300
ATHE,2024-05-16,2.04,2.125,1.97,2.02,-0.02,-0.98%,24700
ATHE,2024-05-17,1.99,2.0292,1.93,2,-0.02,-0.99%,15200
ATHE,2024-05-20,1.97,2.0054,1.85,1.96,-0.04,-2.00%,34000
ATHE,2024-05-21,1.95,2.018,1.95,1.9612,0.0012,+0.06%,3800
ATHE,2024-05-22,2,2.02,1.95,1.99,0.0288,+1.47%,11000
ATHE,2024-05-23,1.9947,1.9947,1.91,1.9397,-0.0503,-2.53%,5100
ATHE,2024-05-24,1.98,2.03,1.9478,2,0.0603,+3.11%,17600
ATHE,2024-05-28,2.02,2.02,1.93,1.95,-0.05,-2.50%,9700
ATHE,2024-05-29,2.0199,2.0199,1.895,1.97,0.02,+1.03%,11500
ATHE,2024-05-30,1.9,1.9699,1.86,1.8801,-0.0899,-4.56%,7600
ATHE,2024-05-31,1.85,1.88,1.85,1.87,-0.0101,-0.54%,6000
ATHE,2024-06-03,1.85,2.03,1.85,1.95,0.08,+4.28%,24400
ATHE,2024-06-04,1.9,1.94,1.86,1.91,-0.04,-2.05%,25100
ATHE,2024-06-05,1.85,1.91,1.83,1.85,-0.06,-3.14%,13300
ATHE,2024-06-06,1.8992,1.8992,1.83,1.855,0.005,+0.27%,10000
ATHE,2024-06-07,1.86,1.9155,1.85,1.8501,-0.0049,-0.26%,10800
ATHE,2024-06-10,1.89,1.96,1.86,1.96,0.1099,+5.94%,8800
ATHE,2024-06-11,1.9,1.95,1.86,1.91,-0.05,-2.55%,8200
ATHE,2024-06-12,1.86,1.94,1.8,1.94,0.03,+1.57%,10700
ATHE,2024-06-13,1.87,1.92,1.82,1.89,-0.05,-2.58%,13600
ATHE,2024-06-14,1.9195,1.9399,1.84,1.86,-0.03,-1.59%,7800
ATHE,2024-06-17,1.83,1.92,1.83,1.83,-0.03,-1.61%,33700
ATHE,2024-06-18,1.84,1.88,1.84,1.87,0.04,+2.19%,10600
ATHE,2024-06-20,1.92,1.92,1.76,1.77,-0.1,-5.35%,36900
ATHE,2024-06-21,1.77,1.79,1.7501,1.77,0,0.00%,13400
ATHE,2024-06-24,1.76,1.82,1.75,1.8,0.03,+1.69%,16000
ATHE,2024-06-25,1.78,1.8075,1.76,1.795,-0.005,-0.28%,7300
ATHE,2024-06-26,1.79,1.8,1.76,1.7815,-0.0135,-0.75%,3100
ATHE,2024-06-27,1.76,1.79,1.75,1.78,-0.0015,-0.08%,4500
ATHE,2024-06-28,1.76,1.8399,1.76,1.81,0.03,+1.69%,11000
ATHE,2024-07-01,1.83,1.83,1.79,1.8,-0.01,-0.55%,8400
ATHE,2024-07-02,1.82,1.82,1.77,1.81,0.01,+0.56%,4700
ATHE,2024-07-03,1.7899,1.83,1.7701,1.815,0.005,+0.28%,8400
ATHE,2024-07-05,1.83,1.84,1.8,1.8274,0.0124,+0.68%,5100
ATHE,2024-07-08,1.78,1.8199,1.75,1.791,-0.0364,-1.99%,6800
ATHE,2024-07-09,1.84,1.93,1.8399,1.86,0.069,+3.85%,7800
ATHE,2024-07-10,1.89,1.95,1.89,1.9497,0.0897,+4.82%,9000
ATHE,2024-07-11,1.95,2.12,1.945,2.04,0.0903,+4.63%,28900
ATHE,2024-07-12,2.04,2.04,1.944,2.0077,-0.0323,-1.58%,12900
ATHE,2024-07-17,2.21,2.39,2.06,2.135,0.1273,+6.34%,940300
ATHE,2024-07-18,1.91,2.07,1.87,1.9,-0.235,-11.01%,134000
ATHE,2024-07-19,1.87,1.95,1.7501,1.799,-0.101,-5.32%,56900
ATHE,2024-07-22,1.86,1.86,1.68,1.71,-0.089,-4.95%,95000
ATHE,2024-07-23,1.71,1.71,1.62,1.63,-0.08,-4.68%,26500
ATHE,2024-07-24,1.63,1.66,1.59,1.595,-0.035,-2.15%,51600
ATHE,2024-07-25,1.63,1.64,1.6,1.6,0.005,+0.31%,9000
ATHE,2024-07-26,1.61,1.61,1.57,1.61,0.01,+0.63%,6500
ATHE,2024-07-29,1.61,1.75,1.61,1.68,0.07,+4.35%,47700
ATHE,2024-07-30,1.72,1.72,1.57,1.64,-0.04,-2.38%,6600
ATHE,2024-07-31,1.6,1.6485,1.58,1.5999,-0.0401,-2.45%,14900
ATHE,2024-08-01,1.61,1.61,1.45,1.51,-0.0899,-5.62%,37600
ATHE,2024-08-02,1.47,1.5,1.375,1.4,-0.11,-7.28%,71800
ATHE,2024-08-05,1.29,1.29,1.01,1.2,-0.2,-14.29%,58900
ATHE,2024-08-06,1.26,1.28,1.25,1.25,0.05,+4.17%,17200
ATHE,2024-08-07,1.33,1.3438,1.26,1.3,0.05,+4.00%,14500
ATHE,2024-08-08,1.32,1.32,1.19,1.29,-0.01,-0.77%,10300
ATHE,2024-08-09,1.311,1.311,1.25,1.25,-0.04,-3.10%,3600
ATHE,2024-08-12,1.27,1.2775,1.25,1.25,0,0.00%,9800
ATHE,2024-08-13,1.24,1.2849,1.24,1.24,-0.01,-0.80%,2000
ATHE,2024-08-14,1.246,1.38,1.246,1.36,0.12,+9.68%,19400
ATHE,2024-08-15,1.37,1.42,1.2893,1.38,0.02,+1.47%,8600
ATHE,2024-08-16,1.38,1.41,1.36,1.39,0.01,+0.72%,5300
ATHE,2024-08-19,1.44,1.47,1.44,1.46,0.07,+5.04%,6000
ATHE,2024-08-20,1.47,1.48,1.31,1.36,-0.1,-6.85%,14500
ATHE,2024-08-21,1.3,1.35,1.28,1.35,-0.01,-0.74%,5900
ATHE,2024-08-22,1.31,1.35,1.29,1.32,-0.03,-2.22%,7500
ATHE,2024-08-23,1.3313,1.34,1.2945,1.3,-0.02,-1.52%,1900
ATHE,2024-08-26,1.36,1.36,1.2801,1.36,0.06,+4.62%,11400
ATHE,2024-08-27,1.36,1.5923,1.345,1.55,0.19,+13.97%,56900
ATHE,2024-08-28,1.54,1.5594,1.3801,1.41,-0.14,-9.03%,20300
ATHE,2024-08-29,1.46,1.52,1.41,1.51,0.1,+7.09%,3700
ATHE,2024-08-30,1.5,1.5,1.4563,1.49,-0.02,-1.32%,1500
ATHE,2024-09-03,1.49,1.49,1.38,1.38,-0.11,-7.38%,20700
ATHE,2024-09-04,1.38,1.3904,1.3502,1.39,0.01,+0.72%,1700
ATHE,2024-09-05,1.3,1.354,1.25,1.26,-0.13,-9.35%,20700
ATHE,2024-09-06,1.23,1.34,1.23,1.24,-0.02,-1.59%,3000
ATHE,2024-09-09,1.26,1.33,1.25,1.3023,0.0623,+5.02%,4400
ATHE,2024-09-10,1.28,1.28,1.2573,1.26,-0.0423,-3.25%,4300
ATHE,2024-09-11,1.29,1.33,1.28,1.31,0.05,+3.97%,6500
ATHE,2024-09-12,1.335,1.335,1.25,1.26,-0.05,-3.82%,4000
ATHE,2024-09-13,1.26,1.3,1.26,1.26,0,0.00%,4900
ATHE,2024-09-16,1.26,1.338,1.231,1.3,0.04,+3.17%,10200
ATHE,2024-09-17,1.28,1.3,1.2731,1.285,-0.015,-1.15%,4100
ATHE,2024-09-18,1.3,1.3,1.19,1.2,-0.085,-6.61%,21500
ATHE,2024-09-19,1.2732,1.2836,1.2071,1.21,0.01,+0.83%,3600
ATHE,2024-09-20,1.205,1.23,1.124,1.23,0.02,+1.65%,37000
ATHE,2024-09-23,1.23,1.3,1.23,1.24,0.01,+0.81%,19300
ATHE,2024-09-24,1.24,1.2801,1.2101,1.255,0.015,+1.21%,25200
ATHE,2024-09-25,1.28,1.3,1.2379,1.2379,-0.0171,-1.36%,2600
ATHE,2024-09-26,1.29,1.3,1.24,1.24,0.0021,+0.17%,4800
ATHE,2024-09-27,1.29,1.37,1.29,1.325,0.085,+6.85%,24200
ATHE,2024-09-30,1.345,1.35,1.3,1.3125,-0.0125,-0.94%,7000
ATHE,2024-10-01,1.34,1.39,1.31,1.375,0.0625,+4.76%,6600
ATHE,2024-10-02,1.43,1.4444,1.3101,1.43,0.055,+4.00%,23600
ATHE,2024-10-03,1.38,1.45,1.33,1.45,0.02,+1.40%,16600
ATHE,2024-10-04,1.41,1.4315,1.4,1.4,-0.05,-3.45%,9500
ATHE,2024-10-07,1.37,1.38,1.1961,1.3,-0.1,-7.14%,10100
ATHE,2024-10-08,1.35,1.35,1.28,1.33,0.03,+2.31%,5400
ATHE,2024-10-09,1.32,1.36,1.28,1.31,-0.02,-1.50%,19600
ATHE,2024-10-10,1.25,1.3024,1.23,1.28,-0.03,-2.29%,2900
ATHE,2024-10-11,1.3,1.3187,1.23,1.285,0.005,+0.39%,23900
ATHE,2024-10-14,1.28,1.2945,1.25,1.25,-0.035,-2.72%,6100
ATHE,2024-10-15,1.26,1.26,1.23,1.2597,0.0097,+0.78%,8900
ATHE,2024-10-16,1.26,1.26,1.22,1.25,-0.0097,-0.77%,6200
ATHE,2024-10-17,1.25,1.2761,1.2,1.2,-0.05,-4.00%,9100
ATHE,2024-10-18,1.24,1.26,1.225,1.26,0.06,+5.00%,10800
ATHE,2024-10-21,1.245,1.2599,1.2,1.22,-0.04,-3.17%,17000
ATHE,2024-10-22,1.2175,1.23,1.195,1.2,-0.02,-1.64%,12200
ATHE,2024-10-23,1.19,1.2,1.1403,1.1699,-0.0301,-2.51%,20000
ATHE,2024-10-24,1.19,1.19,1.1403,1.172,0.0021,+0.18%,8500
ATHE,2024-10-25,1.1824,1.199,1.16,1.16,-0.012,-1.02%,4900
ATHE,2024-10-28,1.17,1.1896,1.14,1.15,-0.01,-0.86%,6000
ATHE,2024-10-29,1.2499,1.2499,1.1513,1.1552,0.0052,+0.45%,3700
ATHE,2024-10-30,1.16,1.1758,1.12,1.1758,0.0206,+1.78%,22600
ATHE,2024-10-31,1.17,1.17,1.1,1.15,-0.0258,-2.19%,7200
ATHE,2024-11-01,1.15,1.179,1.1101,1.17,0.02,+1.74%,13100
ATHE,2024-11-04,1.17,1.17,1.14,1.1401,-0.0299,-2.56%,2700
ATHE,2024-11-05,1.18,1.19,1.17,1.1844,0.0443,+3.89%,6200
ATHE,2024-11-06,1.24,1.24,1.187,1.2196,0.0352,+2.97%,35700
ATHE,2024-11-07,1.18,1.19,1.14,1.18,-0.0396,-3.25%,33500
ATHE,2024-11-08,1.225,1.225,1.14,1.16,-0.02,-1.69%,12500
ATHE,2024-11-11,1.16,1.19,1.14,1.19,0.03,+2.59%,7100
ATHE,2024-11-12,1.14,1.18,1.14,1.16,-0.03,-2.52%,8800
ATHE,2024-11-13,1.2733,1.2733,1.16,1.18,0.02,+1.72%,13200
ATHE,2024-11-14,1.29,1.29,1.15,1.17,-0.01,-0.85%,9700
ATHE,2024-11-15,1.24,1.24,1.1,1.105,-0.065,-5.56%,13100
ATHE,2024-11-18,1.09,1.115,1.08,1.095,-0.01,-0.90%,10600
ATHE,2024-11-19,1.09,1.13,1.09,1.12,0.025,+2.28%,3400
ATHE,2024-11-20,1.1,1.11,1.05,1.05,-0.07,-6.25%,16600
ATHE,2024-11-21,1.09,1.1,1.07,1.07,0.02,+1.90%,9500
ATHE,2024-11-22,1.09,1.105,1.001,1.07,0,0.00%,38200
ATHE,2024-11-25,1.1,1.1528,1.05,1.0501,-0.0199,-1.86%,16431
ATHE,2024-11-26,1.1,1.1,1.06,1.06,0.0099,+0.94%,6092
ATHE,2024-11-27,1.08,1.09,1.06,1.09,0.03,+2.83%,5700
ATHE,2024-11-29,1.16,1.5,1.16,1.41,0.32,+29.36%,854200
ATHE,2024-12-02,1.41,1.65,1.41,1.52,0.11,+7.80%,219300
ATHE,2024-12-03,1.54,1.64,1.46,1.6,0.08,+5.26%,56100
ATHE,2024-12-04,1.65,2.2,1.62,1.8798,0.2798,+17.49%,345200
ATHE,2024-12-05,1.99,2.19,1.904,1.94,0.0602,+3.20%,192900
ATHE,2024-12-06,2.07,2.19,2,2.15,0.21,+10.82%,103800
ATHE,2024-12-09,2.19,2.5,2.19,2.48,0.33,+15.35%,207000
ATHE,2024-12-10,2.4,2.4,2.12,2.32,-0.16,-6.45%,90900
ATHE,2024-12-11,2.21,2.3323,2.19,2.27,-0.05,-2.16%,57900
ATHE,2024-12-12,2.35,2.35,2.18,2.22,-0.05,-2.20%,38100
ATHE,2024-12-13,2.33,2.4,2.21,2.4,0.18,+8.11%,44000
ATHE,2024-12-16,2.4,2.45,2.25,2.31,-0.09,-3.75%,30800
ATHE,2024-12-17,2.25,2.2833,2.1257,2.27,-0.04,-1.73%,38900
ATHE,2024-12-18,2.25,2.26,2.04,2.16,-0.11,-4.85%,37500
ATHE,2024-12-19,2.1,2.15,2.05,2.1,-0.06,-2.78%,13000
ATHE,2024-12-20,2.06,2.2524,2.05,2.2,0.1,+4.76%,26500
ATHE,2024-12-23,2.21,2.47,2.2017,2.4,0.2,+9.09%,62100
ATHE,2024-12-24,2.4,2.595,2.4,2.45,0.05,+2.08%,37400
ATHE,2024-12-26,2.46,3.16,2.46,3.149,0.699,+28.53%,121800
ATHE,2024-12-27,3.05,3.3697,2.8901,3.14,-0.009,-0.29%,116800
ATHE,2024-12-30,3.1,3.88,3.01,3.5,0.36,+11.46%,199100
ATHE,2024-12-31,3.4,3.45,3.02,3.31,-0.19,-5.43%,72300
ATHE,2025-01-02,3.35,3.75,3.28,3.73,0.42,+12.69%,68400
ATHE,2025-01-03,3.76,4.708,3.74,4.26,0.53,+14.21%,224300
ATHE,2025-01-06,4.4,4.4,3.87,3.99,-0.27,-6.34%,195800
ATHE,2025-01-07,3.95,4.1226,3.51,3.72,-0.27,-6.77%,97300
ATHE,2025-01-08,3.72,3.74,2.93,3.34,-0.38,-10.22%,153200
ATHE,2025-01-10,3.35,3.6615,3.2684,3.34,0,0.00%,35000
ATHE,2025-01-13,3.4,3.5248,3.15,3.45,0.11,+3.29%,17300
ATHE,2025-01-14,3.47,3.5082,3.2,3.31,-0.14,-4.06%,47700
ATHE,2025-01-15,3.34,3.4099,3.21,3.313,0.003,+0.09%,18400
ATHE,2025-01-16,3.34,3.4162,3.1999,3.36,0.047,+1.42%,23100
ATHE,2025-01-17,3.37,3.445,3.32,3.42,0.06,+1.79%,18500
ATHE,2025-01-21,3.52,3.6,3.325,3.49,0.07,+2.05%,13200
ATHE,2025-01-22,3.51,3.51,3.21,3.28,-0.21,-6.02%,24600
ATHE,2025-01-23,3.28,3.34,3.02,3.34,0.06,+1.83%,13400
ATHE,2025-01-24,3.38,3.38,2.9201,2.94,-0.4,-11.98%,70200
ATHE,2025-01-27,3.14,3.14,2.76,2.91,-0.03,-1.02%,29400
ATHE,2025-01-30,5.75,5.87,4.07,4.57,1.66,+57.04%,23091700
ATHE,2025-01-31,4.55,5.06,4.0901,4.8,0.23,+5.03%,805400
ATHE,2025-02-03,4.61,5.14,4.52,4.99,0.19,+3.96%,448200
ATHE,2025-02-04,5.1,5.1,4.51,4.51,-0.48,-9.62%,135100
ATHE,2025-02-05,4.51,4.51,4.14,4.25,-0.26,-5.76%,193400
ATHE,2025-02-10,4.45,4.72,4.252,4.62,0.37,+8.71%,199900
ATHE,2025-02-11,4.49,4.5,4.3,4.34,-0.28,-6.06%,49900
ATHE,2025-02-12,4.31,4.31,4.06,4.2,-0.14,-3.23%,52800
ATHE,2025-02-13,4.02,4.52,4.02,4.42,0.22,+5.24%,58500
ATHE,2025-02-14,4.38,4.5,4.28,4.42,0,0.00%,58800
ATHE,2025-02-18,4.42,4.42,4.1,4.11,-0.31,-7.01%,24700
ATHE,2025-02-19,4.08,4.1535,3.9,3.99,-0.12,-2.92%,49500
ATHE,2025-02-20,4.46,4.46,3.96,4.19,0.2,+5.01%,52000
ATHE,2025-02-21,4.13,4.22,3.9834,4.08,-0.11,-2.63%,22700
ATHE,2025-02-24,4.17,4.45,4.17,4.35,0.27,+6.62%,76700
ATHE,2025-02-25,4.18,4.3292,3.98,4.11,-0.24,-5.52%,71300
ATHE,2025-02-26,4.25,4.27,4.06,4.14,0.03,+0.73%,24600
ATHE,2025-02-27,4.04,4.1398,3.83,3.87,-0.27,-6.52%,33800
ATHE,2025-02-28,3.85,4.035,3.5825,3.78,-0.09,-2.33%,25700
ATHE,2025-03-03,3.82,3.935,3.53,3.64,-0.14,-3.70%,48300
ATHE,2025-03-04,3.57,3.72,3.5,3.56,-0.08,-2.20%,24100
ATHE,2025-03-05,3.62,3.74,3.51,3.64,0.08,+2.25%,21100
ATHE,2025-03-06,3.6,3.75,3.53,3.5699,-0.0701,-1.93%,24400
ATHE,2025-03-07,3.52,3.73,3.52,3.72,0.1501,+4.20%,23500
ATHE,2025-03-10,3.67,3.715,3.56,3.633,-0.087,-2.34%,14500
ATHE,2025-03-11,3.599,3.82,3.599,3.76,0.127,+3.50%,21200
ATHE,2025-03-12,3.71,3.92,3.63,3.83,0.07,+1.86%,25800
ATHE,2025-03-13,3.86,3.97,3.7,3.78,-0.05,-1.31%,28600
ATHE,2025-03-14,3.8,4.01,3.8,3.94,0.16,+4.23%,19900
ATHE,2025-03-17,3.95,4.055,3.86,4.03,0.09,+2.28%,9200
ATHE,2025-03-18,3.89,3.975,3.66,3.83,-0.2,-4.96%,8800
ATHE,2025-03-19,3.73,3.98,3.72,3.97,0.14,+3.66%,7700
ATHE,2025-03-20,3.79,3.95,3.79,3.92,-0.05,-1.26%,5100
ATHE,2025-03-21,3.96,3.98,3.69,3.77,-0.15,-3.83%,32700
ATHE,2025-03-24,3.75,3.805,3.52,3.543,-0.227,-6.02%,40000
ATHE,2025-03-25,3.7194,3.7194,3.52,3.5201,-0.0229,-0.65%,4300
ATHE,2025-03-26,3.63,3.63,3.54,3.56,0.0399,+1.13%,4900
ATHE,2025-03-27,3.56,3.56,3.45,3.5001,-0.0599,-1.68%,10800
ATHE,2025-03-28,3.46,3.58,3.41,3.44,-0.0601,-1.72%,12300
ATHE,2025-03-31,3.44,3.4917,3.4001,3.45,0.01,+0.29%,8800
ATHE,2025-04-01,3.38,3.38,3.1392,3.18,-0.27,-7.83%,35000
ATHE,2025-04-02,3.2,3.2,3.03,3.1,-0.08,-2.52%,9800
ATHE,2025-04-03,3.05,3.05,2.87,2.9328,-0.1672,-5.39%,24200
ATHE,2025-04-04,2.93,3.02,2.575,2.9,-0.0328,-1.12%,53300
ATHE,2025-04-07,2.75,2.7999,2.57,2.76,-0.14,-4.83%,32400
ATHE,2025-04-08,2.68,2.685,2.535,2.535,-0.225,-8.15%,36400
ATHE,2025-04-09,2.8318,2.9,2.5209,2.755,0.22,+8.68%,24100
ATHE,2025-04-10,2.9077,2.99,2.76,2.8563,0.1013,+3.68%,20000
ATHE,2025-04-11,2.96,3.135,2.8811,3.135,0.2787,+9.76%,13500
ATHE,2025-04-14,3.21,3.21,3.09,3.2099,0.0749,+2.39%,9600
ATHE,2025-04-15,3.11,3.3,3.11,3.3,0.0901,+2.81%,6100
ATHE,2025-04-16,3.205,3.41,3.1,3.4,0.1,+3.03%,9600
ATHE,2025-04-17,3.43,3.5,3.3101,3.5,0.1,+2.94%,9000
ATHE,2025-04-21,3.49,3.4901,3.3401,3.4534,-0.0466,-1.33%,14200
ATHE,2025-04-22,3.41,3.5,3.3187,3.47,0.0166,+0.48%,10300
ATHE,2025-04-23,3.48,3.56,3.44,3.51,0.04,+1.15%,12200
ATHE,2025-04-24,3.41,3.54,3.41,3.54,0.03,+0.85%,2700
ATHE,2025-04-25,3.42,3.55,3.42,3.4806,-0.0594,-1.68%,8000
ATHE,2025-04-28,3.56,3.56,3.3,3.48,-0.0006,-0.02%,10800
ATHE,2025-04-29,3.3771,3.5,3.3744,3.47,-0.01,-0.29%,15100
ATHE,2025-04-30,3.37,3.48,3.37,3.46,-0.01,-0.29%,5500
ATHE,2025-05-01,3.36,3.45,3.3114,3.45,-0.01,-0.29%,12500
ATHE,2025-05-02,3.38,3.44,3.33,3.44,-0.01,-0.29%,1300
ATHE,2025-05-05,3.7,5,3.55,4.35,0.91,+26.45%,1001000
ATHE,2025-05-06,4.22,4.22,3.94,4.15,-0.2,-4.60%,175900
ATHE,2025-05-07,3.94,4.1616,3.7,3.95,-0.2,-4.82%,65900
ATHE,2025-05-08,4.09,4.39,4.0094,4.23,0.28,+7.09%,62500
ATHE,2025-05-09,4.28,5.02,4.28,4.8,0.57,+13.48%,152500
ATHE,2025-05-12,4.85,4.85,4.35,4.39,-0.41,-8.54%,41200
ATHE,2025-05-13,4.35,4.39,4.15,4.15,-0.24,-5.47%,27800
ATHE,2025-05-14,4.2,4.3,4.0448,4.1,-0.05,-1.20%,32100
ATHE,2025-05-15,3.9,3.9,3.71,3.79,-0.31,-7.56%,33700
ATHE,2025-05-16,3.89,4.05,3.7793,3.99,0.2,+5.28%,28400
ATHE,2025-05-19,4.1,4.1,3.81,4.0532,0.0632,+1.58%,55900
ATHE,2025-05-20,3.94,4.261,3.94,4.2,0.1468,+3.62%,28700
ATHE,2025-05-21,4.25,4.25,3.92,4.01,-0.19,-4.52%,5200
ATHE,2025-05-22,4.11,4.24,4.02,4.2299,0.2199,+5.48%,15800
ATHE,2025-05-23,4.1,4.25,4.1,4.25,0.0201,+0.48%,8000
ATHE,2025-05-27,4.22,4.4499,4.19,4.28,0.03,+0.71%,28800
ATHE,2025-05-28,4.41,4.45,4.25,4.35,0.07,+1.64%,24100
ATHE,2025-05-29,4.44,4.69,4.38,4.64,0.29,+6.67%,14700
ATHE,2025-05-30,4.6,4.6,4.423,4.5,-0.14,-3.02%,14500
ATHE,2025-06-02,4.47,4.62,4.4485,4.5994,0.0994,+2.21%,6400
ATHE,2025-06-03,4.52,4.7499,4.52,4.5807,-0.0187,-0.41%,5100
ATHE,2025-06-04,4.7,4.79,4.51,4.75,0.1693,+3.70%,35300
ATHE,2025-06-05,4.75,4.85,4.5926,4.8111,0.0611,+1.29%,16900
ATHE,2025-06-06,4.68,4.81,4.68,4.73,-0.0811,-1.69%,18200
ATHE,2025-06-09,4.74,4.841,4.7264,4.8393,0.1093,+2.31%,8900
ATHE,2025-06-10,4.73,4.7517,4.48,4.63,-0.2093,-4.33%,33400
ATHE,2025-06-11,4.54,4.7385,4.54,4.6697,0.0397,+0.86%,4900
ATHE,2025-06-12,4.59,4.85,4.54,4.59,-0.0797,-1.71%,9900
ATHE,2025-06-13,4.5,4.625,4.3,4.4,-0.19,-4.14%,22700
ATHE,2025-06-16,4.34,4.49,4.32,4.415,0.015,+0.34%,15100
ATHE,2025-06-17,4.35,4.5,4.33,4.33,-0.085,-1.93%,4000
ATHE,2025-06-18,4.3,4.46,4.3,4.34,0.01,+0.23%,11100
ATHE,2025-06-20,4.35,4.37,4.2,4.2,-0.14,-3.23%,19800
ATHE,2025-06-23,4.54,4.54,4.33,4.37,0.17,+4.05%,30400
ATHE,2025-06-24,4.41,4.6293,4.35,4.425,0.055,+1.26%,12600
ATHE,2025-06-25,4.35,4.35,3.81,3.8449,-0.5801,-13.11%,137300
ATHE,2025-06-26,4.03,4.15,3.81,3.92,0.0751,+1.95%,90200
ATHE,2025-06-27,3.8721,4.11,3.87,3.9334,0.0134,+0.34%,66700
ATHE,2025-06-30,3.95,4.23,3.95,4.0884,0.155,+3.94%,9900
ATHE,2025-07-01,4.1686,4.1686,3.9,4.0098,-0.0786,-1.92%,21800
ATHE,2025-07-02,4.01,4.2541,3.91,4.0432,0.0334,+0.83%,9500
ATHE,2025-07-03,3.88,4.15,3.88,4.15,0.1068,+2.64%,11200
ATHE,2025-07-07,3.88,4.0303,3.77,3.87,-0.28,-6.75%,17500
ATHE,2025-07-08,3.88,4.2,3.86,4.11,0.24,+6.20%,20700
ATHE,2025-07-09,3.93,4,3.85,3.91,-0.2,-4.87%,21100
ATHE,2025-07-10,3.8639,3.99,3.8639,3.89,-0.02,-0.51%,36300
ATHE,2025-07-11,4.52,5.51,4.5,4.59,0.7,+17.99%,659300
ATHE,2025-07-14,4.66,4.7,4.41,4.625,0.035,+0.76%,70000
ATHE,2025-07-15,4.44,4.715,4.43,4.465,-0.16,-3.46%,39500
ATHE,2025-07-16,4.33,4.765,4.33,4.64,0.175,+3.92%,41000
ATHE,2025-07-17,4.65,4.809,4.55,4.61,-0.03,-0.65%,36600
ATHE,2025-07-18,5.23,5.5,4.88,5,0.39,+8.46%,302900
ATHE,2025-07-21,5.02,5.0628,4.8305,4.9,-0.1,-2.00%,64100
ATHE,2025-07-22,4.95,5.17,4.95,5.16,0.26,+5.31%,16700
ATHE,2025-07-23,5.43,5.43,4.852,4.993,-0.167,-3.24%,220600
ATHE,2025-07-24,5.65,5.83,5.31,5.68,0.687,+13.76%,124500
ATHE,2025-07-25,5.87,7,5.85,6.55,0.87,+15.32%,258100
ATHE,2025-07-28,6.03,6.03,4.9791,5.58,-0.97,-14.81%,1895400
ATHE,2025-07-29,5.41,5.5201,5.13,5.34,-0.24,-4.30%,159500
ATHE,2025-07-30,5.28,5.36,5.12,5.17,-0.17,-3.18%,57800
ATHE,2025-07-31,5.23,5.3499,5,5.06,-0.11,-2.13%,76100
ATHE,2025-08-01,5.05,5.15,4.87,5.01,-0.05,-0.99%,45900
ATHE,2025-08-04,5.12,5.339,5.09,5.21,0.2,+3.99%,24900
ATHE,2025-08-05,5.44,5.44,5.2102,5.4,0.19,+3.65%,38800
ATHE,2025-08-06,5.42,5.42,5.1,5.15,-0.25,-4.63%,27200
ATHE,2025-08-07,5.43,5.43,5.1024,5.31,0.16,+3.11%,17800
ATHE,2025-08-08,5.17,5.56,5.17,5.4,0.09,+1.69%,37000
ATHE,2025-08-11,5.42,5.55,5.26,5.32,-0.08,-1.48%,18600
ATHE,2025-08-12,5.26,5.51,5.1471,5.3,-0.02,-0.38%,39800
ATHE,2025-08-13,5.2984,5.3349,5.13,5.14,-0.16,-3.02%,18700
ATHE,2025-08-14,5.13,5.2356,5.08,5.23,0.09,+1.75%,10200
ATHE,2025-08-15,5.1506,5.25,5.1506,5.25,0.02,+0.38%,4800
ATHE,2025-08-18,5.39,5.39,5.16,5.22,-0.03,-0.57%,6100
ATHE,2025-08-19,5.16,5.2746,4.95,4.95,-0.27,-5.17%,15900
ATHE,2025-08-20,4.93,5.14,4.895,5.03,0.08,+1.62%,19100
ATHE,2025-08-21,5.06,5.11,4.898,5.1,0.07,+1.39%,8000
ATHE,2025-08-22,5.05,5.13,4.95,5.02,-0.08,-1.57%,13700
ATHE,2025-08-25,5.02,5.1488,5.02,5.1,0.08,+1.59%,9000
ATHE,2025-08-26,4.95,5.09,4.95,5.03,-0.07,-1.37%,2800
ATHE,2025-08-27,5,5.04,4.97,5,-0.03,-0.60%,3600
ATHE,2025-08-28,5,5.0637,4.9827,5.022,0.022,+0.44%,5500
ATHE,2025-08-29,5.19,5.19,4.94,4.94,-0.082,-1.63%,13900
ATHE,2025-09-02,5.59,5.59,5,5.16,0.22,+4.45%,32700
ATHE,2025-09-03,5.14,5.16,5,5.07,-0.09,-1.74%,10500
ATHE,2025-09-08,4.98,5.27,4.9201,5.17,0.1,+1.97%,26000
ATHE,2025-09-09,5,5.27,4.92,5.018,-0.152,-2.94%,9800
ATHE,2025-09-10,4.9,5.12,4.9,5.072,0.054,+1.08%,5200
ATHE,2025-09-11,5.04,5.12,4.9001,4.938,-0.134,-2.64%,4300
ATHE,2025-09-12,5.02,5.02,4.835,4.88,-0.058,-1.17%,17700
ATHE,2025-09-15,5,5,4.58,4.638,-0.242,-4.96%,38900
ATHE,2025-09-16,4.52,4.55,4.34,4.45,-0.188,-4.05%,41800
ATHE,2025-09-17,4.31,4.568,4.31,4.47,0.02,+0.45%,15200
ATHE,2025-09-18,4.44,4.49,4.36,4.38,-0.09,-2.01%,17000
ATHE,2025-09-19,4.24,4.48,4.24,4.48,0.1,+2.28%,10500
ATHE,2025-09-22,4.49,4.49,4.4196,4.428,-0.052,-1.16%,5000
ATHE,2025-09-23,4.42,4.5,4.42,4.46,0.032,+0.72%,2800
ATHE,2025-09-24,4.474,4.4913,4.38,4.39,-0.07,-1.57%,6000
ATHE,2025-09-25,4.21,4.21,4.01,4.058,-0.332,-7.56%,34700
ATHE,2025-09-26,4.09,4.1,3.888,3.95,-0.108,-2.66%,19100
ATHE,2025-09-29,4.06,4.06,3.8526,3.94,-0.01,-0.25%,17500
ATHE,2025-09-30,3.88,4.09,3.7504,3.76,-0.18,-4.57%,39600
ATHE,2025-10-01,3.92,4.01,3.87,3.95,0.19,+5.05%,13300
ATHE,2025-10-02,3.97,4.19,3.93,4.19,0.24,+6.08%,18700
ATHE,2025-10-03,4.22,4.27,4.0905,4.25,0.06,+1.43%,10300
ATHE,2025-10-06,4.38,4.6,4.0603,4.33,0.08,+1.88%,33500
ATHE,2025-10-07,4.404,4.404,4.2,4.275,-0.055,-1.27%,5000
ATHE,2025-10-08,4.165,4.49,4.12,4.31,0.035,+0.82%,11300
ATHE,2025-10-09,4.48,4.66,4.16,4.5,0.19,+4.41%,4256400
ATHE,2025-10-10,4.35,4.45,4.16,4.29,-0.21,-4.67%,103600
ATHE,2025-10-13,4.25,4.88,4.15,4.66,0.37,+8.62%,128200
ATHE,2025-10-14,4.49,4.8,4.45,4.73,0.07,+1.50%,54400
ATHE,2025-10-15,4.82,5.17,4.79,5.01,0.28,+5.92%,74900
ATHE,2025-10-16,4.923,5.17,4.8,4.83,-0.18,-3.59%,31300
ATHE,2025-10-17,4.83,5.14,4.62,4.89,0.06,+1.24%,55200
ATHE,2025-10-20,4.89,5.04,4.76,4.88,-0.01,-0.20%,20100
ATHE,2025-10-21,4.94,4.94,4.6,4.76,-0.12,-2.46%,24300
ATHE,2025-10-22,4.71,4.71,4.45,4.46,-0.3,-6.30%,31800
ATHE,2025-10-23,4.51,4.61,4.47,4.6,0.14,+3.14%,26100
ATHE,2025-10-24,4.54,4.689,4.51,4.54,-0.06,-1.30%,14800
ATHE,2025-10-27,4.52,4.65,4.507,4.507,-0.033,-0.73%,3400
ATHE,2025-10-28,4.53,4.83,4.53,4.76,0.253,+5.61%,9500
ATHE,2025-10-29,4.8545,4.8545,4.61,4.7,-0.06,-1.26%,8300
ATHE,2025-10-30,4.61,4.619,4.52,4.6,-0.1,-2.13%,40800
ATHE,2025-10-31,4.22,4.34,4.06,4.21,-0.39,-8.48%,63000
ATHE,2025-11-03,4.13,4.13,4.01,4.03,-0.18,-4.28%,29400
ATHE,2025-11-04,3.95,4.02,3.73,3.73,-0.3,-7.44%,31100
ATHE,2025-11-05,3.65,3.9,3.5,3.9,0.17,+4.56%,15600
ATHE,2025-11-06,3.88,3.88,3.5,3.5,-0.4,-10.26%,22100
ATHE,2025-11-07,3.57,3.57,3.4035,3.46,-0.04,-1.14%,11200
ATHE,2025-11-10,3.67,3.7899,3.49,3.746,0.286,+8.27%,19800
ATHE,2025-11-11,3.82,3.82,3.66,3.67,-0.076,-2.03%,2900
ATHE,2025-11-12,3.68,3.7899,3.68,3.7899,0.1199,+3.27%,800
ATHE,2025-11-13,3.77,3.77,3.56,3.69,-0.0999,-2.64%,7700
ATHE,2025-11-14,3.7526,3.8896,3.75,3.84,0.15,+4.07%,15400
ATHE,2025-11-17,3.79,3.8596,3.67,3.7942,-0.0458,-1.19%,5200
ATHE,2025-11-18,3.55,3.6955,3.5212,3.6,-0.1942,-5.12%,18500
ATHE,2025-11-19,3.6511,3.78,3.595,3.63,0.03,+0.83%,7300
ATHE,2025-11-20,3.51,3.7499,3.47,3.52,-0.11,-3.03%,9400
ATHE,2025-11-21,3.49,3.61,3.4887,3.51,-0.01,-0.28%,1900
ATHE,2025-11-24,3.53,3.61,3.52,3.55,0.04,+1.14%,4000
ATHE,2025-11-25,3.66,3.66,3.47,3.509,-0.041,-1.15%,12500
ATHE,2025-11-26,3.48,3.78,3.48,3.78,0.271,+7.72%,24800
ATHE,2025-11-28,3.78,3.78,3.565,3.6,-0.18,-4.76%,5900
ATHE,2025-12-01,3.58,3.58,3.25,3.27,-0.33,-9.17%,29200
ATHE,2025-12-02,3.25,3.46,3.25,3.34,0.07,+2.14%,20000
ATHE,2025-12-03,3.635,3.635,3.47,3.484,0.144,+4.31%,21400
ATHE,2025-12-04,3.445,3.465,3.31,3.43,-0.054,-1.55%,5500
ATHE,2025-12-05,3.4827,3.4827,3.3612,3.42,-0.01,-0.29%,8700
ATHE,2025-12-08,3.34,3.3841,3.21,3.29,-0.13,-3.80%,31800
ATHE,2025-12-09,3.27,3.365,3.27,3.36,0.07,+2.13%,18900
ATHE,2025-12-10,3.3401,3.35,3.325,3.35,-0.01,-0.30%,9800
ATHE,2025-12-11,3.39,3.45,3.3,3.42,0.07,+2.09%,4100
ATHE,2025-12-12,3.38,3.3958,3.2701,3.29,-0.13,-3.80%,17100
ATHE,2025-12-15,3.2,3.2895,2.9101,3.01,-0.28,-8.51%,17200
ATHE,2025-12-16,3.07,3.31,3.02,3.07,0.06,+1.99%,40000
ATHE,2025-12-17,3.03,3.14,2.92,2.92,-0.15,-4.89%,10600
ATHE,2025-12-18,2.94,3.1016,2.66,3.03,0.11,+3.77%,13900
ATHE,2025-12-19,3.04,3.12,3.03,3.09,0.06,+1.98%,5900
ATHE,2025-12-22,3.13,3.25,3.07,3.15,0.06,+1.94%,15900
ATHE,2025-12-23,3.13,3.13,3.0128,3.09,-0.06,-1.90%,7700
ATHE,2025-12-24,3.1216,3.31,3.05,3.095,0.005,+0.16%,12100
ATHE,2025-12-26,3.05,3.29,2.9001,3.17,0.075,+2.42%,14100
ATHE,2025-12-29,3.13,3.33,2.95,3.02,-0.15,-4.73%,17300
ATHE,2025-12-30,3,3.24,2.97,3.06,0.04,+1.32%,44700
ATHE,2025-12-31,3.05,3.24,3.04,3.08,0.02,+0.65%,27500
ATHE,2026-01-02,3.19,3.3199,3.16,3.16,0.08,+2.60%,3000
ATHE,2026-01-05,3.2,3.25,3.16,3.25,0.09,+2.85%,6400
ATHE,2026-01-06,3.28,3.28,3.21,3.21,-0.04,-1.23%,1900
ATHE,2026-01-07,3.22,3.3,3.13,3.21,0,0.00%,6400
ATHE,2026-01-08,3.27,3.42,3.12,3.33,0.12,+3.74%,11900
ATHE,2026-01-09,3.4,3.5244,3.36,3.52,0.19,+5.71%,16400
ATHE,2026-01-12,3.56,3.59,3.45,3.52,0,0.00%,8200
ATHE,2026-01-13,3.4867,3.4867,3.4,3.4,-0.12,-3.41%,6600
ATHE,2026-01-14,3.4512,3.55,3.3222,3.3222,-0.0778,-2.29%,5900
ATHE,2026-01-15,3.39,3.39,3.31,3.31,-0.0122,-0.37%,5200
ATHE,2026-01-16,3.3,3.46,3.3,3.45,0.14,+4.23%,13200
ATHE,2026-01-20,3.3,3.37,3.3,3.3,-0.15,-4.35%,7200
ATHE,2026-01-21,3.05,3.29,3.05,3.25,-0.05,-1.52%,15000
ATHE,2026-01-22,3.26,3.32,3.26,3.27,0.02,+0.62%,7000
ATHE,2026-01-23,3.31,3.6,3.27,3.55,0.28,+8.56%,25500
ATHE,2026-01-26,3.55,3.84,3.49,3.57,0.02,+0.56%,59700
ATHE,2026-01-27,3.52,3.62,3.23,3.51,-0.06,-1.68%,38700
ATHE,2026-01-28,3.49,3.51,3.32,3.38,-0.13,-3.70%,5800
ATHE,2026-01-29,3.35,3.35,3.23,3.26,-0.12,-3.55%,11700
ATHE,2026-01-30,3.16,3.2486,3.07,3.17,-0.09,-2.76%,14500
ATHE,2026-02-02,3.03,3.18,3.03,3.11,-0.06,-1.89%,6700
ATHE,2026-02-03,3.2,3.2247,3.0208,3.0208,-0.0892,-2.87%,3000
ATHE,2026-02-04,3.24,3.24,3.07,3.135,0.1142,+3.78%,10300
ATHE,2026-02-05,3.2,3.3199,3.19,3.19,0.055,+1.75%,28800
ATHE,2026-02-06,3.19,3.53,3.19,3.53,0.34,+10.66%,29000
ATHE,2026-02-09,3.455,3.57,3.4027,3.57,0.04,+1.13%,11900
ATHE,2026-02-10,3.48,3.57,3.48,3.48,-0.09,-2.52%,4600
ATHE,2026-02-11,3.52,3.55,3.43,3.53,0.05,+1.44%,7000
ATHE,2026-02-12,3.62,3.62,3.5,3.5093,-0.0207,-0.59%,1700
ATHE,2026-02-13,3.4001,3.49,3.4001,3.4855,-0.0238,-0.68%,9400
ATHE,2026-02-17,3.53,3.56,3.4161,3.47,-0.0155,-0.44%,10500
ATHE,2026-02-18,3.5,3.51,3.32,3.41,-0.06,-1.73%,6400
ATHE,2026-02-19,3.42,3.46,3.27,3.3682,-0.0418,-1.23%,3400
ATHE,2026-02-20,3.32,3.44,3.2701,3.3,-0.0682,-2.02%,3400
ATHE,2026-02-23,3.29,3.394,3.29,3.3,0,0.00%,7000
ATHE,2026-02-24,3.3,3.3261,3.29,3.3261,0.0261,+0.79%,1500
ATHE,2026-02-25,3.33,3.45,3.309,3.43,0.1039,+3.12%,4500
ATHE,2026-02-26,3.4,3.61,3.4,3.531,0.101,+2.94%,34000
ATHE,2026-02-27,3.54,3.5817,3.3201,3.441,-0.09,-2.55%,16800
ATHE,2026-03-02,3.32,3.46,3.32,3.4499,0.0089,+0.26%,13200
ATHE,2026-03-03,3.3001,3.5456,3.3001,3.4,-0.0499,-1.45%,3400
ATHE,2026-03-04,3.5,3.845,3.4,3.4,0,0.00%,27000
ATHE,2026-03-05,3.38,3.61,3.38,3.522,0.122,+3.59%,12000
ATHE,2026-03-06,3.57,3.65,3.41,3.43,-0.092,-2.61%,17300
ATHE,2026-03-09,3.35,3.6,3.35,3.55,0.12,+3.50%,6000
ATHE,2026-03-10,3.58,3.63,3.4772,3.62,0.07,+1.97%,9900
ATHE,2026-03-11,3.61,3.6899,3.57,3.57,-0.05,-1.38%,16300
ATHE,2026-03-12,3.52,3.61,3.47,3.55,-0.02,-0.56%,2300
ATHE,2026-03-13,3.47,3.6,3.468,3.6,0.05,+1.41%,2200
ATHE,2026-03-16,3.61,3.66,3.555,3.61,0.01,+0.28%,9400
ATHE,2026-03-17,3.5,3.5,3.325,3.3401,-0.2699,-7.48%,17600
ATHE,2026-03-18,3.38,3.52,3.38,3.4999,0.1598,+4.78%,3500
ATHE,2026-03-19,3.31,3.45,3.31,3.45,-0.0499,-1.43%,1400
ATHE,2026-03-20,3.49,3.49,3.275,3.29,-0.16,-4.64%,10500
ATHE,2026-03-23,3.27,3.48,3.27,3.3,0.01,+0.30%,1500
ATHE,2026-03-24,3.34,3.4,3.33,3.33,0.03,+0.91%,6000
ATHE,2026-03-25,3.35,3.4101,3.35,3.41,0.08,+2.40%,3100
ATHE,2026-03-26,3.38,3.39,3.16,3.16,-0.25,-7.33%,9300
ATHE,2026-03-27,3.09,3.2678,3.09,3.16,0,0.00%,4700
ATHE,2026-03-30,3.3,3.7244,3.29,3.57,0.41,+12.97%,94700
ATHE,2026-03-31,3.41,3.57,3.41,3.48,-0.09,-2.52%,4400
ATHE,2026-04-01,3.5648,3.67,3.5,3.6362,0.1562,+4.49%,4400
ATHE,2026-04-02,3.51,3.61,3.4914,3.5553,-0.0809,-2.22%,2800
ATHE,2026-04-06,3.62,3.62,3.5144,3.6031,0.0478,+1.34%,3200
ATHE,2026-04-07,3.77,3.821,3.65,3.76,0.1569,+4.35%,27700
ATHE,2026-04-08,3.81,3.9,3.81,3.8991,0.1391,+3.70%,13100
ATHE,2026-04-09,3.82,3.8977,3.8,3.845,-0.0541,-1.39%,11800
ATHE,2026-04-10,3.84,3.84,3.53,3.715,-0.13,-3.38%,5900
ATHE,2026-04-13,3.75,3.75,3.5,3.66,-0.055,-1.48%,9100
ATHE,2026-04-14,3.59,3.725,3.59,3.62,-0.04,-1.09%,7800
ATHE,2026-04-15,3.68,3.8197,3.63,3.73,0.11,+3.04%,8100
ATHE,2026-04-16,3.652,3.9799,3.652,3.97,0.24,+6.43%,10200
ATHE,2026-04-17,3.965,4.55,3.965,4.47,0.5,+12.59%,56800
ATHE,2026-04-20,4.5,5.25,4.5,5.15,0.68,+15.21%,120100
ATHE,2026-04-21,5.15,5.15,4.6758,4.855,-0.295,-5.73%,25900
ATHE,2026-04-22,4.74,4.84,4.5,4.54,-0.315,-6.49%,23700
ATHE,2026-04-23,4.32,4.44,4.17,4.37,-0.17,-3.74%,15100
ATHE,2026-04-24,4.305,4.6999,4.3,4.41,0.04,+0.92%,8300
ATHR,2025-04-10,5.25,10,4.73,5.75,1.34,+30.39%,4617000
ATHR,2025-04-11,4.63,7.03,4.63,5.5,-0.25,-4.35%,592600
ATHR,2025-04-14,5.02,5.65,5,5.6,0.1,+1.82%,359500
ATHR,2025-04-15,5.5,5.55,5,5.11,-0.49,-8.75%,141100
ATHR,2025-04-16,5.17,5.6195,5,5.15,0.04,+0.78%,106900
ATHR,2025-04-17,5.26,5.3,4.91,5.26,0.11,+2.14%,101600
ATHR,2025-04-21,5.14,5.14,4.85,5.04,-0.22,-4.18%,71800
ATHR,2025-04-22,4.93,5.09,4.9011,5.07,0.03,+0.60%,29800
ATHR,2025-04-23,5.2,6.4229,5.12,6.245,1.175,+23.18%,137500
ATHR,2025-04-24,6.3,6.39,5.7,5.7,-0.545,-8.73%,63200
ATHR,2025-04-25,5.63,5.96,5.62,5.85,0.15,+2.63%,15600
ATHR,2025-04-28,5.88,6.4319,5.849,6.2,0.35,+5.98%,66400
ATHR,2025-04-29,6.39,7.17,5.95,6.9,0.7,+11.29%,107700
ATHR,2025-04-30,6.62,7.68,6.55,7.68,0.78,+11.30%,60700
ATHR,2025-05-01,7.79,8.44,7.7,7.9017,0.2217,+2.89%,43400
ATHR,2025-05-02,7.96,9.6997,7.96,9.65,1.7483,+22.13%,143800
ATHR,2025-05-05,9.48,11.86,9.0001,11.08,1.43,+14.82%,137600
ATHR,2025-05-06,10.88,11.84,9.2,10.27,-0.81,-7.31%,151400
ATHR,2025-05-07,10.35,10.9678,9.82,9.935,-0.335,-3.26%,26600
ATHR,2025-05-08,10.16,10.49,9.615,9.73,-0.205,-2.06%,18900
ATHR,2025-05-09,9.51,10.981,9.1827,10.65,0.92,+9.46%,57300
ATHR,2025-05-12,10.53,11.5,10.2242,10.47,-0.18,-1.69%,36500
ATHR,2025-05-13,10.48,10.48,8.2,8.88,-1.59,-15.19%,171500
ATHR,2025-05-14,8.89,10.36,8.85,10.08,1.2,+13.51%,25500
ATHR,2025-05-15,10.08,10.42,9.505,10.28,0.2,+1.98%,47000
ATHR,2025-05-16,10.4,10.68,10.195,10.57,0.29,+2.82%,42300
ATHR,2025-05-19,10.2905,11.3988,10,11.15,0.58,+5.49%,38300
ATHR,2025-05-20,11.26,13.0692,11.2,12.4,1.25,+11.21%,71000
ATHR,2025-05-21,12.8,17.2401,12.8,16.16,3.76,+30.32%,277700
ATHR,2025-05-22,17,19.6876,16.37,17.39,1.23,+7.61%,169800
ATHR,2025-05-23,17.1,17.4845,13.39,16.11,-1.28,-7.36%,153200
ATHR,2025-05-27,17,17,14.56,16.56,0.45,+2.79%,58700
ATHR,2025-05-28,15.53,16.9,15.53,16.8,0.24,+1.45%,14900
ATHR,2025-05-29,16.46,16.6,15.98,16.22,-0.58,-3.45%,24700
ATHR,2025-05-30,16,16.4,14.8,16.38,0.16,+0.99%,36500
ATHR,2025-06-02,16.36,17.05,16.01,16.04,-0.34,-2.08%,35400
ATHR,2025-06-03,16.31,16.6,16.1128,16.14,0.1,+0.62%,12600
ATHR,2025-06-04,16.18,16.5,15.5209,15.75,-0.39,-2.42%,16900
ATHR,2025-06-05,15.75,15.9489,15.03,15.46,-0.29,-1.84%,23700
ATHR,2025-06-06,15.6,15.6781,13.792,14.71,-0.75,-4.85%,47000
ATHR,2025-06-09,15.5,15.6,14.8,14.9,0.19,+1.29%,22400
ATHR,2025-06-10,14.8,15.88,14.53,15.09,0.19,+1.28%,26400
ATHR,2025-06-11,15.06,15.86,13.96,14.3,-0.79,-5.24%,60800
ATHR,2025-06-12,14.9,15,13.31,13.32,-0.98,-6.85%,41200
ATHR,2025-06-13,13.48,15.9,13.48,15.42,2.1,+15.77%,29100
ATHR,2025-06-16,15.66,16.4125,14.64,15.1,-0.32,-2.08%,31200
ATHR,2025-06-17,14.76,15.61,13.2273,13.58,-1.52,-10.07%,35500
ATHR,2025-06-18,13.5,14.5,12.6,12.6,-0.98,-7.22%,49500
ATHR,2025-06-20,12.65,13.16,11,11.19,-1.41,-11.19%,168800
ATHR,2025-06-23,11.4,13.32,11.4,13.14,1.95,+17.43%,52200
ATHR,2025-06-24,12.99,14.4999,12.5219,14.06,0.92,+7.00%,45200
ATHR,2025-06-25,14.88,14.9,13.96,14,-0.06,-0.43%,16200
ATHR,2025-06-26,14,14,12.9275,13.67,-0.33,-2.36%,19300
ATHR,2025-06-27,13.55,14.45,13.2352,14.45,0.78,+5.71%,17400
ATHR,2025-06-30,13.98,13.98,13.26,13.645,-0.805,-5.57%,11400
ATHR,2025-07-01,13.5,13.645,13,13.295,-0.35,-2.57%,11600
ATHR,2025-07-02,13,13.73,12.9,13.73,0.435,+3.27%,5300
ATHR,2025-07-03,13.06,13.65,12.4,12.4,-1.33,-9.69%,18600
ATHR,2025-07-07,13.32,13.5,12.32,12.5,0.1,+0.81%,12500
ATHR,2025-07-08,13,13.35,12.17,12.68,0.18,+1.44%,17000
ATHR,2025-07-09,13,13,12.14,12.14,-0.54,-4.26%,5200
ATHR,2025-07-10,12.245,13.44,12.245,13.44,1.3,+10.71%,14700
ATHR,2025-07-11,12.93,14.6093,12.93,13.29,-0.15,-1.12%,50100
ATHR,2025-07-14,13.5,13.55,12.0123,12.4,-0.89,-6.70%,35100
ATHR,2025-07-15,12.4,12.99,12,12.04,-0.36,-2.90%,16000
ATHR,2025-07-16,12.7,12.7,12.1,12.28,0.24,+1.99%,12800
ATHR,2025-07-17,12.4,13.26,12.2,13.26,0.98,+7.98%,15200
ATHR,2025-07-18,13.86,14.1842,13.025,13.06,-0.2,-1.51%,24400
ATHR,2025-07-21,12.35,12.6,8.85,10.21,-2.85,-21.82%,233000
ATHR,2025-07-22,9.6,10.2,8.27,8.31,-1.9,-18.61%,143700
ATHR,2025-07-23,8.49,8.49,6.2401,6.32,-1.99,-23.95%,389400
ATHR,2025-07-24,7.29,10.15,7.0015,8.9,2.58,+40.82%,1701400
ATHR,2025-07-25,8.46,10.3542,8.46,9.09,0.19,+2.13%,223400
ATHR,2025-07-28,8.99,9.6427,8.18,8.85,-0.24,-2.64%,81800
ATHR,2025-07-29,8.8,9.09,7.92,8.9,0.05,+0.56%,68800
ATHR,2025-07-30,8.54,9.25,8.45,8.84,-0.06,-0.67%,16900
ATHR,2025-07-31,8.88,10.12,8.5201,9.45,0.61,+6.90%,85900
ATHR,2025-08-01,9.5,9.81,8.41,9.2,-0.25,-2.65%,77100
ATHR,2025-08-04,8.91,9.5476,8.88,9.01,-0.19,-2.07%,25400
ATHR,2025-08-05,8.9,9.7,8.81,9.225,0.215,+2.39%,29100
ATHR,2025-08-06,9.29,9.3982,8.73,9.13,-0.095,-1.03%,37700
ATHR,2025-08-07,8.66,9.25,8.66,9.01,-0.12,-1.31%,33600
ATHR,2025-08-08,9.37,9.37,8.43,8.5,-0.51,-5.66%,51700
ATHR,2025-08-11,8.52,8.75,7.6,8.45,-0.05,-0.59%,82300
ATHR,2025-08-12,7.98,9.03,7.972,8.82,0.37,+4.38%,46000
ATHR,2025-08-13,8.61,8.9563,8.26,8.74,-0.08,-0.91%,30000
ATHR,2025-08-14,8.56,9,8.2,8.95,0.21,+2.40%,19600
ATHR,2025-08-15,8.5,9.2,8.2,9.15,0.2,+2.23%,19800
ATHR,2025-08-18,9.2,9.9,9.2,9.8,0.65,+7.10%,61700
ATHR,2025-08-19,9.4,9.93,8.98,9.34,-0.46,-4.69%,28300
ATHR,2025-08-20,9.37,9.42,8.76,9.35,0.01,+0.11%,26100
ATHR,2025-08-21,9.15,9.38,8.71,8.71,-0.64,-6.84%,16800
ATHR,2025-08-22,9.23,10.6,8.15,8.15,-0.56,-6.43%,211600
ATHR,2025-08-25,8.06,8.06,6.85,6.88,-1.27,-15.58%,241200
ATHR,2025-08-26,7.35,7.43,6.84,7.22,0.34,+4.94%,117800
ATHR,2025-08-27,7.33,7.47,6.45,7.07,-0.15,-2.08%,145400
ATHR,2025-08-28,7.01,7.0691,6.7,6.73,-0.34,-4.81%,15300
ATHR,2025-08-29,6.81,7.0703,6.7,6.8,0.07,+1.04%,10000
ATHR,2025-09-02,6.7,7.12,6.632,7.02,0.22,+3.24%,21600
ATHR,2025-09-03,6.85,6.85,6.405,6.69,-0.33,-4.70%,21400
ATHR,2025-09-04,6.34,6.4546,6.13,6.235,-0.455,-6.80%,31200
ATHR,2025-09-05,6.01,6.35,5.59,5.72,-0.515,-8.26%,30700
ATHR,2025-09-08,5.57,5.8619,4.51,4.75,-0.97,-16.96%,134700
ATHR,2025-09-09,4.72,5.8,4.69,5.42,0.67,+14.11%,67600
ATHR,2025-09-10,5.48,5.68,4.68,5.12,-0.3,-5.54%,43800
ATHR,2025-09-11,5.12,5.81,5.12,5.425,0.305,+5.96%,24000
ATHR,2025-09-12,5.28,5.75,5.18,5.215,-0.21,-3.87%,13300
ATHR,2025-09-15,5.24,5.5,5.08,5.12,-0.095,-1.82%,27600
ATHR,2025-09-16,5.01,5.61,5.01,5.39,0.27,+5.27%,22400
ATHR,2025-09-17,5.56,5.56,5.11,5.11,-0.28,-5.19%,15900
ATHR,2025-09-18,5.07,5.375,5.07,5.09,-0.02,-0.39%,13500
ATHR,2025-09-19,5.01,5.2999,5,5.14,0.05,+0.98%,12300
ATHR,2025-09-22,5.08,5.43,4.98,5.25,0.11,+2.14%,29000
ATHR,2025-09-23,5.33,5.4,5,5,-0.25,-4.76%,7500
ATHR,2025-09-24,4.94,5.2564,4.8,4.9141,-0.0859,-1.72%,20100
ATHR,2025-09-25,5.1957,5.1957,4.68,4.76,-0.1541,-3.14%,17200
ATHR,2025-09-26,4.98,5.1,4.5932,4.9608,0.2008,+4.22%,59100
ATHR,2025-09-29,5.19,5.715,4.86,5.18,0.2192,+4.42%,92800
ATHR,2025-09-30,5.38,6.34,5.32,6.02,0.84,+16.22%,178900
ATHR,2025-10-01,5.89,6.2,5.65,5.965,-0.055,-0.91%,39500
ATHR,2025-10-02,5.96,6.14,5.3801,5.6714,-0.2936,-4.92%,32700
ATHR,2025-10-03,5.51,5.7399,5.51,5.6,-0.0714,-1.26%,12100
ATHR,2025-10-06,5.53,5.74,5.135,5.42,-0.18,-3.21%,20900
ATHR,2025-10-07,5.21,5.7,5.21,5.4,-0.02,-0.37%,22100
ATHR,2025-10-08,5.66,5.6641,5.3219,5.3219,-0.0781,-1.45%,5100
ATHR,2025-10-09,5.47,5.59,5.25,5.54,0.2181,+4.10%,22100
ATHR,2025-10-10,5.54,5.7999,5.3234,5.78,0.24,+4.33%,20900
ATHR,2025-10-13,5.8,6,5.44,5.88,0.1,+1.73%,18800
ATHR,2025-10-14,5.69,5.89,5.5201,5.89,0.01,+0.17%,13700
ATHR,2025-10-15,5.73,5.8878,5.7057,5.78,-0.11,-1.87%,14700
ATHR,2025-10-16,5.7981,5.99,5.75,5.925,0.145,+2.51%,28000
ATHR,2025-10-17,5.76,5.98,5.679,5.98,0.055,+0.93%,9700
ATHR,2025-10-20,6,6.0799,5.685,5.74,-0.24,-4.01%,14000
ATHR,2025-10-21,5.8,6.09,5.605,6,0.26,+4.53%,30000
ATHR,2025-10-22,5.52,6.1,5.52,6.08,0.08,+1.33%,17300
ATHR,2025-10-23,5.75,6.12,5.7101,6.12,0.04,+0.66%,5900
ATHR,2025-10-24,6.1,6.2,6,6.2,0.08,+1.31%,8600
ATHR,2025-10-27,5.81,6.26,5.81,5.84,-0.36,-5.81%,10100
ATHR,2025-10-28,5.91,5.98,5.8004,5.95,0.11,+1.88%,3700
ATHR,2025-10-29,5.82,5.96,5.5613,5.7995,-0.1505,-2.53%,5700
ATHR,2025-10-30,6.16,6.245,5.78,5.98,0.1805,+3.11%,21400
ATHR,2025-10-31,5.83,6.25,5.83,6.19,0.21,+3.51%,10700
ATHR,2025-11-03,5.98,6.12,5.92,6.12,-0.07,-1.13%,5000
ATHR,2025-11-04,5.6043,5.915,5.6043,5.915,-0.205,-3.35%,4300
ATHR,2025-11-05,5.83,5.88,5.68,5.88,-0.035,-0.59%,4700
ATHR,2025-11-06,5.5565,5.99,5.5565,5.99,0.11,+1.87%,9300
ATHR,2025-11-07,5.71,5.9008,5.7,5.75,-0.24,-4.01%,4400
ATHR,2025-11-10,5.66,5.9099,5.58,5.86,0.11,+1.91%,5200
ATHR,2025-11-11,5.81,5.9161,5.53,5.79,-0.07,-1.19%,6600
ATHR,2025-11-12,5.6173,5.9,5.5001,5.9,0.11,+1.90%,2600
ATHR,2025-11-13,5.84,6.4,5.5,5.86,-0.04,-0.68%,48500
ATHR,2025-11-14,5.85,6.24,5.55,6.155,0.295,+5.03%,21200
ATHR,2025-11-17,6.065,6.13,6.065,6.13,-0.025,-0.41%,1800
ATHR,2025-11-18,6,6.12,5.85,6.12,-0.01,-0.16%,2400
ATHR,2025-11-19,5.92,6.1,5.605,6.1,-0.02,-0.33%,9000
ATHR,2025-11-20,5.6374,6.14,5.6374,6.11,0.01,+0.16%,8600
ATHR,2025-11-21,5.68,5.95,5.5,5.56,-0.55,-9.00%,11900
ATHR,2025-11-24,5.9,6.3,5.52,5.9,0.34,+6.12%,24800
ATHR,2025-11-25,5.99,6.1,5.7446,6.1,0.2,+3.39%,25400
ATHR,2025-11-26,5.87,5.87,5.87,5.87,-0.23,-3.77%,1500
ATHR,2025-11-28,6.05,6.06,6.05,6.06,0.19,+3.24%,1200
ATHR,2025-12-01,5.8,5.99,5.8,5.99,-0.07,-1.16%,4700
ATHR,2025-12-02,6,6,5.982,6,0.01,+0.17%,5400
ATHR,2025-12-03,5.5501,6.5,5.5501,6.5,0.5,+8.33%,7400
ATHR,2025-12-04,6.35,6.49,5.8631,6.2,-0.3,-4.62%,14800
ATHR,2025-12-05,6.01,6.5,5.86,6.46,0.26,+4.19%,10800
ATHR,2025-12-08,6.01,6.46,5.71,5.8,-0.66,-10.22%,18300
ATHR,2025-12-09,5.95,6,5.855,5.855,0.055,+0.95%,4900
ATHR,2025-12-10,5.85,6.36,5.7,5.86,0.005,+0.09%,13600
ATHR,2025-12-11,6.1969,6.5,6.085,6.45,0.59,+10.07%,4900
ATHR,2025-12-12,6.33,6.5,6.0983,6.48,0.03,+0.47%,10000
ATHR,2025-12-15,6.86,6.86,5.82,6.03,-0.45,-6.94%,7700
ATHR,2025-12-16,5.8401,6.1699,5.8401,6.01,-0.02,-0.33%,4400
ATHR,2025-12-17,6.07,6.3,5.95,6,-0.01,-0.17%,21700
ATHR,2025-12-18,6.15,6.15,5.87,5.87,-0.13,-2.17%,6300
ATHR,2025-12-19,5.8,6.49,5.74,6.12,0.25,+4.26%,14500
ATHR,2025-12-22,6.3,6.42,5.92,5.97,-0.15,-2.45%,4000
ATHR,2025-12-23,6.07,6.3799,6.07,6.12,0.15,+2.51%,4300
ATHR,2025-12-24,6.05,6.075,6.05,6.075,-0.045,-0.74%,1400
ATHR,2025-12-26,6.05,6.07,5.64,5.84,-0.235,-3.87%,24400
ATHR,2025-12-29,5.99,6.38,5.85,6.3,0.46,+7.88%,15100
ATHR,2025-12-30,6.13,6.28,5.99,6.26,-0.04,-0.63%,6200
ATHR,2025-12-31,6.3,6.3,5.91,6.2,-0.06,-0.96%,12900
ATHR,2026-01-02,5.95,6.23,5.75,6.18,-0.02,-0.32%,10100
ATHR,2026-01-05,6.09,6.1,5.92,5.92,-0.26,-4.21%,4900
ATHR,2026-01-06,5.75,5.94,5.75,5.845,-0.075,-1.27%,5000
ATHR,2026-01-07,5.89,6.12,5.6854,6.12,0.275,+4.70%,14900
ATHR,2026-01-08,5.99,6.23,5.99,6.18,0.06,+0.98%,8000
ATHR,2026-01-09,5.97,6.18,5.65,6.15,-0.03,-0.49%,16100
ATHR,2026-01-12,5.85,6.1,5.6001,6.04,-0.11,-1.79%,13000
ATHR,2026-01-13,5.85,6.09,5.85,6.03,-0.01,-0.17%,7200
ATHR,2026-01-14,5.7,6.0598,5.68,5.85,-0.18,-2.99%,7800
ATHR,2026-01-15,5.82,5.995,5.5,5.74,-0.11,-1.88%,18100
ATHR,2026-01-16,5.6,5.96,5.5,5.59,-0.15,-2.61%,14800
ATHR,2026-01-20,5.54,5.76,5.5,5.74,0.15,+2.68%,9200
ATHR,2026-01-21,5.54,5.6179,5.46,5.54,-0.2,-3.48%,4300
ATHR,2026-01-22,5.53,5.6,5.35,5.6,0.06,+1.08%,2600
ATHR,2026-01-23,5.55,5.71,5.41,5.44,-0.16,-2.86%,17300
ATHR,2026-01-26,5.5,5.51,5.36,5.51,0.07,+1.29%,2800
ATHR,2026-01-27,5.75,5.75,5.19,5.57,0.06,+1.09%,6900
ATHR,2026-01-28,5.38,5.54,5.38,5.54,-0.03,-0.54%,2200
ATHR,2026-01-29,5.516,5.516,5.3435,5.35,-0.19,-3.43%,8400
ATHR,2026-01-30,5.52,6.2,5.155,6.03,0.68,+12.71%,54900
ATHR,2026-02-02,5.64,6.4999,5.51,6.27,0.24,+3.98%,19200
ATHR,2026-02-03,6.05,6.05,5.365,5.48,-0.79,-12.60%,19400
ATHR,2026-02-04,5.41,5.598,5.25,5.45,-0.03,-0.55%,10900
ATHR,2026-02-05,5.5,5.51,5.05,5.16,-0.29,-5.32%,11000
ATHR,2026-02-06,5.2,5.73,5.2,5.34,0.18,+3.49%,8400
ATHR,2026-02-09,5.52,5.66,5.37,5.63,0.29,+5.43%,4300
ATHR,2026-02-10,5.67,5.67,5.0148,5.53,-0.1,-1.78%,15400
ATHR,2026-02-11,5.21,5.2701,5.04,5.19,-0.34,-6.15%,20700
ATHR,2026-02-12,5.1,5.255,4.54,4.64,-0.55,-10.60%,19400
ATHR,2026-02-13,5,5.05,4.62,4.88,0.24,+5.17%,10600
ATHR,2026-02-17,4.5,5.0522,4.5,4.93,0.05,+1.02%,11100
ATHR,2026-02-18,4.81,4.9701,4.48,4.59,-0.34,-6.90%,12600
ATHR,2026-02-19,4.54,4.91,3.94,4.07,-0.52,-11.33%,21200
ATHR,2026-02-20,4.25,4.54,3.94,4.11,0.04,+0.98%,7900
ATHR,2026-02-23,4.1051,4.1051,3.44,3.66,-0.45,-10.95%,30100
ATHR,2026-02-24,3.54,3.6875,3.1,3.11,-0.55,-15.03%,30000
ATHR,2026-02-25,3.17,3.46,3.02,3.33,0.22,+7.07%,18600
ATHR,2026-02-26,3.5,3.765,3.249,3.38,0.05,+1.50%,36900
ATHR,2026-02-27,3.5,3.7,3.34,3.58,0.2,+5.92%,26600
ATHR,2026-03-02,3.5,3.735,3.3,3.46,-0.12,-3.35%,15100
ATHR,2026-03-03,3.4,3.65,3.37,3.37,-0.09,-2.60%,12900
ATHR,2026-03-04,3.51,3.85,3.35,3.503,0.133,+3.95%,29000
ATHR,2026-03-05,3.79,4.01,3.53,3.55,0.047,+1.34%,17000
ATHR,2026-03-06,3.5451,3.64,3.2021,3.36,-0.19,-5.35%,9800
ATHR,2026-03-09,3.48,3.83,3.09,3.32,-0.04,-1.19%,9800
ATHR,2026-03-10,3.1577,3.33,3.1577,3.24,-0.08,-2.41%,6400
ATHR,2026-03-11,3.3,3.3,3.2088,3.225,-0.015,-0.46%,3100
ATHR,2026-03-12,3.27,3.28,3.13,3.28,0.055,+1.71%,1400
ATHR,2026-03-13,3.27,3.27,3.145,3.145,-0.135,-4.12%,2900
ATHR,2026-03-16,3.24,3.4,3.1,3.2,0.055,+1.75%,7700
ATHR,2026-03-17,3.3,3.36,3.13,3.13,-0.07,-2.19%,4700
ATHR,2026-03-18,3.13,3.25,3.01,3.13,0,0.00%,3400
ATHR,2026-03-19,3.22,3.22,2.4933,2.7,-0.43,-13.74%,27600
ATHR,2026-03-20,2.62,2.63,2.34,2.34,-0.36,-13.33%,28100
ATHR,2026-03-23,2.32,2.81,2.2,2.56,0.22,+9.40%,9800
ATHR,2026-03-24,2.8,3.16,2.29,2.84,0.28,+10.94%,39600
ATHR,2026-03-25,3.15,3.3,2.51,2.95,0.11,+3.87%,35900
ATHR,2026-03-26,3.27,3.27,2.72,2.74,-0.21,-7.12%,10200
ATHR,2026-03-27,2.5,2.68,2.31,2.53,-0.21,-7.66%,15300
ATHR,2026-03-30,2.64,2.64,2.2,2.21,-0.32,-12.65%,8800
ATHR,2026-03-31,2.38,2.6,2.22,2.35,0.14,+6.33%,23800
ATHR,2026-04-01,2.3,2.65,2.14,2.19,-0.16,-6.81%,23700
ATHR,2026-04-02,2.27,2.33,1.87,2.01,-0.18,-8.22%,24700
ATHR,2026-04-06,2.05,2.3499,2.05,2.135,0.125,+6.22%,9400
ATHR,2026-04-07,2.14,2.14,2.01,2.045,-0.09,-4.22%,4000
ATHR,2026-04-08,2.14,2.18,2.14,2.16,0.115,+5.62%,5800
ATHR,2026-04-09,2.15,2.15,2.135,2.135,-0.025,-1.16%,6600
ATHR,2026-04-10,2.38,2.38,2.02,2.02,-0.115,-5.39%,5400
ATHR,2026-04-13,2.15,2.279,2.07,2.279,0.259,+12.82%,23200
ATHR,2026-04-14,2.23,2.5,2.16,2.48,0.201,+8.82%,15700
ATHR,2026-04-15,2.5,3.38,2.5,3.2,0.72,+29.03%,34200
ATHR,2026-04-16,3.14,3.29,3.0001,3.2311,0.0311,+0.97%,12300
ATHR,2026-04-17,3.1501,3.2,3,3.1999,-0.0312,-0.97%,13600
ATHR,2026-04-20,3.15,3.2999,3.15,3.29,0.0901,+2.82%,1800
ATHR,2026-04-21,3.27,3.31,3.2664,3.3,0.01,+0.30%,6400
ATHR,2026-04-22,3.02,4.55,3.02,3.5,0.2,+6.06%,72200
ATHR,2026-04-23,3.51,4.34,3.51,4.02,0.52,+14.86%,25900
ATHR,2026-04-24,3.73,4.0126,3.73,4,-0.02,-0.50%,3500
ATIF,2019-05-03,5,5.1,4.275,4.95,0.95,+23.75%,86200
ATIF,2019-05-06,5,5,3.89,4.7,-0.25,-5.05%,19500
ATIF,2019-05-07,4.545,4.545,4.4,4.4,-0.3,-6.38%,9100
ATIF,2019-05-08,4.37,4.53,4.15,4.53,0.13,+2.95%,2500
ATIF,2019-05-09,4.5475,4.5499,4.0954,4.5,-0.03,-0.66%,7900
ATIF,2019-05-10,4.5,4.54,4.17,4.46,-0.04,-0.89%,3100
ATIF,2019-05-13,4.55,4.55,4.3775,4.38,-0.08,-1.79%,5100
ATIF,2019-05-14,4.36,4.39,4.25,4.3,-0.08,-1.83%,3000
ATIF,2019-05-15,4.13,4.27,3.9,4.27,-0.03,-0.70%,1600
ATIF,2019-05-16,4.44,4.44,4.3,4.3274,0.0574,+1.34%,2600
ATIF,2019-05-17,4.44,4.44,4.2,4.4,0.0726,+1.68%,4400
ATIF,2019-05-20,4.4,4.4,3.9297,4.3,-0.1,-2.27%,6200
ATIF,2019-05-21,4.2,4.2999,4,4,-0.3,-6.98%,2700
ATIF,2019-05-22,4.0766,4.2695,3.75,4.08,0.08,+2.00%,11400
ATIF,2019-05-23,4.05,4.05,3.65,3.97,-0.11,-2.70%,3000
ATIF,2019-05-24,3.72,4,3.72,4,0.03,+0.76%,4000
ATIF,2019-05-28,3.78,3.9999,3.4271,3.982,-0.018,-0.45%,4800
ATIF,2019-05-29,4.06,4.06,3.52,3.8999,-0.0821,-2.06%,5500
ATIF,2019-05-30,3.61,4.24,3.61,4.23,0.3301,+8.46%,5300
ATIF,2019-05-31,4.0817,4.0817,3.661,3.99,-0.24,-5.67%,4400
ATIF,2019-06-03,4,4,3.6,3.8,-0.19,-4.76%,16800
ATIF,2019-06-04,3.9,3.9,3.5,3.6,-0.2,-5.26%,16100
ATIF,2019-06-05,3.6,3.77,3.59,3.65,0.05,+1.39%,17000
ATIF,2019-06-06,3.7,3.9997,3.64,3.895,0.245,+6.71%,18600
ATIF,2019-06-07,3.51,3.9824,3.45,3.71,-0.185,-4.75%,15200
ATIF,2019-06-10,3.7,3.8,3.41,3.7029,-0.0071,-0.19%,16800
ATIF,2019-06-11,3.63,3.74,3.26,3.38,-0.3229,-8.72%,20600
ATIF,2019-06-12,3.39,3.72,3.35,3.48,0.1,+2.96%,20100
ATIF,2019-06-13,3.7,3.7,3.26,3.46,-0.02,-0.57%,20800
ATIF,2019-06-14,3.458,3.6077,3.41,3.5,0.04,+1.16%,17900
ATIF,2019-06-17,3.41,3.49,3.3,3.31,-0.19,-5.43%,17400
ATIF,2019-06-18,3.35,3.4832,3.3,3.4832,0.1732,+5.23%,22300
ATIF,2019-06-19,3.349,3.6752,3.33,3.51,0.0268,+0.77%,35600
ATIF,2019-06-20,3.34,3.5,3.22,3.3958,-0.1142,-3.25%,21700
ATIF,2019-06-21,3.39,3.39,3.35,3.37,-0.0258,-0.76%,23100
ATIF,2019-06-24,3.38,3.56,3.34,3.49,0.12,+3.56%,47100
ATIF,2019-06-25,3.39,3.5,3.1635,3.42,-0.07,-2.01%,56300
ATIF,2019-06-26,3.3199,3.48,3.21,3.4497,0.0297,+0.87%,41400
ATIF,2019-06-27,3.36,3.4645,3.31,3.35,-0.0997,-2.89%,37500
ATIF,2019-06-28,3.3199,3.46,3.285,3.3634,0.0134,+0.40%,58100
ATIF,2019-07-01,3.21,3.4797,3.2,3.25,-0.1134,-3.37%,43400
ATIF,2019-07-02,3.26,3.46,3.0985,3.18,-0.07,-2.15%,49100
ATIF,2019-07-03,3.17,3.35,3,3.1,-0.08,-2.52%,30400
ATIF,2019-07-05,2.48,3.3997,2.48,2.93,-0.17,-5.48%,28300
ATIF,2019-07-08,2.9,3.46,2.76,3.06,0.13,+4.44%,40900
ATIF,2019-07-09,3.18,3.3001,2.784,3.0819,0.0219,+0.72%,38800
ATIF,2019-07-10,3,3.3897,2.85,3.1,0.0181,+0.59%,40200
ATIF,2019-07-11,3.49,4.79,2.965,3.13,0.03,+0.97%,385600
ATIF,2019-07-12,3.1,3.31,2.8,3.02,-0.11,-3.51%,38900
ATIF,2019-07-15,3.05,3.3297,2.75,2.98,-0.04,-1.32%,51800
ATIF,2019-07-16,3.13,3.33,2.9003,3.0501,0.0701,+2.35%,63000
ATIF,2019-07-17,3.13,3.29,3,3,-0.0501,-1.64%,23400
ATIF,2019-07-18,2.9145,3.2655,2.9,3.06,0.06,+2.00%,44400
ATIF,2019-07-19,3.25,3.37,3.01,3.13,0.07,+2.29%,61600
ATIF,2019-07-22,3.05,3.35,2.9603,3.21,0.08,+2.56%,57000
ATIF,2019-07-23,3.5,3.8,3.0303,3.3,0.09,+2.80%,31100
ATIF,2019-07-24,3.4,3.7,3.0503,3.12,-0.18,-5.45%,36700
ATIF,2019-07-25,3.13,3.4066,3.06,3.395,0.275,+8.81%,31400
ATIF,2019-07-26,3.52,3.52,3.1356,3.302,-0.093,-2.74%,52700
ATIF,2019-07-29,3.2,3.57,3.09,3.3,-0.002,-0.06%,72500
ATIF,2019-07-30,3.32,3.57,3.15,3.4637,0.1637,+4.96%,53200
ATIF,2019-07-31,3.38,3.4,3.22,3.29,-0.1737,-5.01%,32700
ATIF,2019-08-01,3.35,3.48,3.0003,3.0203,-0.2697,-8.20%,75000
ATIF,2019-08-02,2.9949,3.2797,2.81,3.2,0.1797,+5.95%,35500
ATIF,2019-08-05,2.95,3.4397,2.95,3.15,-0.05,-1.56%,50200
ATIF,2019-08-06,3.12,3.25,3.0003,3.16,0.01,+0.32%,42800
ATIF,2019-08-07,3.25,3.2722,3.1,3.1901,0.0301,+0.95%,45800
ATIF,2019-08-08,3.25,3.3428,3.12,3.12,-0.0701,-2.20%,36800
ATIF,2019-08-09,3.0431,3.3597,3.0431,3.15,0.03,+0.96%,36300
ATIF,2019-08-12,3.25,3.3827,3.105,3.2,0.05,+1.59%,81800
ATIF,2019-08-13,3.23,3.3197,3.1203,3.2,0,0.00%,97500
ATIF,2019-08-14,3.28,3.47,3.0003,3.16,-0.04,-1.25%,92200
ATIF,2019-08-15,3.2,3.41,3.1,3.1701,0.0101,+0.32%,66800
ATIF,2019-08-16,3.15,3.2,3.06,3.2,0.0299,+0.94%,85200
ATIF,2019-08-19,3.14,3.3,2.9,3.15,-0.05,-1.56%,74600
ATIF,2019-08-20,3.19,3.4497,3.0268,3.22,0.07,+2.22%,83900
ATIF,2019-08-21,3.1,3.4697,3.05,3.12,-0.1,-3.11%,95700
ATIF,2019-08-22,3.12,3.37,3.085,3.2,0.08,+2.56%,151500
ATIF,2019-08-23,3.2,3.39,3.1,3.22,0.02,+0.63%,134400
ATIF,2019-08-26,3.19,3.1997,3.07,3.12,-0.1,-3.11%,53600
ATIF,2019-08-27,3.21,3.2297,3.09,3.1,-0.02,-0.64%,27500
ATIF,2019-08-28,3.22,3.22,3,3.02,-0.08,-2.58%,21000
ATIF,2019-08-29,3.1,3.22,3,3,-0.02,-0.66%,14700
ATIF,2019-08-30,3.04,3.12,2.9824,3,0,0.00%,12800
ATIF,2019-09-03,3,3,3,3,0,0.00%,200
ATIF,2019-09-05,2.9949,3.15,2.9949,3.12,0.12,+4.00%,22900
ATIF,2019-09-06,3.07,3.0997,2.75,2.94,-0.18,-5.77%,18000
ATIF,2019-09-09,3.01,3.01,2.9,2.95,0.01,+0.34%,18500
ATIF,2019-09-10,3.03,3.1997,2.98,2.99,0.04,+1.36%,15400
ATIF,2019-09-11,2.91,3,2.91,2.96,-0.03,-1.00%,14600
ATIF,2019-09-12,2.9,3.2,2.9,2.97,0.01,+0.34%,22200
ATIF,2019-09-13,2.85,3.1897,2.8,3.06,0.09,+3.03%,37000
ATIF,2019-09-16,2.88,2.89,2.82,2.86,-0.2,-6.54%,24700
ATIF,2019-09-17,2.83,3.1897,2.753,2.91,0.05,+1.75%,36800
ATIF,2019-09-18,3.1,3.2,2.86,2.98,0.07,+2.41%,46600
ATIF,2019-09-19,2.99,3.19,2.8803,3.01,0.03,+1.01%,51500
ATIF,2019-09-20,2.97,3.2,2.888,2.98,-0.03,-1.00%,51700
ATIF,2019-09-23,2.92,3.1597,2.8714,2.98,0,0.00%,60700
ATIF,2019-09-24,2.95,3.2,2.8003,2.9,-0.08,-2.68%,84900
ATIF,2019-09-25,2.98,3.05,2.8524,2.9,0,0.00%,38700
ATIF,2019-09-26,2.99,3.03,2.78,2.9,0,0.00%,61300
ATIF,2019-09-27,2.86,3.2,2.77,2.77,-0.13,-4.48%,29600
ATIF,2019-09-30,2.71,3.0397,2.6475,2.89,0.12,+4.33%,82400
ATIF,2019-10-01,2.96,2.9997,2.73,2.81,-0.08,-2.77%,81700
ATIF,2019-10-02,2.9101,2.9897,2.6985,2.84,0.03,+1.07%,85200
ATIF,2019-10-03,2.88,3,2.67,2.72,-0.12,-4.23%,64300
ATIF,2019-10-04,2.78,2.98,2.66,2.71,-0.01,-0.37%,26400
ATIF,2019-10-07,2.68,2.79,2.6796,2.75,0.04,+1.48%,40000
ATIF,2019-10-08,2.76,2.98,2.7,2.74,-0.01,-0.36%,54700
ATIF,2019-10-09,2.79,2.9797,2.6952,2.77,0.03,+1.09%,53300
ATIF,2019-10-10,2.8,2.8708,2.68,2.71,-0.06,-2.17%,88300
ATIF,2019-10-11,2.7,2.9697,2.67,2.77,0.06,+2.21%,62000
ATIF,2019-10-14,2.82,2.82,2.68,2.72,-0.05,-1.81%,33200
ATIF,2019-10-15,2.7173,2.9297,2.6989,2.84,0.12,+4.41%,78800
ATIF,2019-10-16,2.85,2.92,2.71,2.8,-0.04,-1.41%,63400
ATIF,2019-10-17,2.82,2.8734,2.719,2.76,-0.04,-1.43%,47600
ATIF,2019-10-18,2.74,2.8611,2.74,2.79,0.03,+1.09%,49300
ATIF,2019-10-21,2.72,2.79,2.7,2.76,-0.03,-1.08%,52000
ATIF,2019-10-22,2.73,3.0142,2.73,2.81,0.05,+1.81%,39900
ATIF,2019-10-23,2.85,2.8501,2.7201,2.74,-0.07,-2.49%,55900
ATIF,2019-10-24,2.81,2.85,2.74,2.78,0.04,+1.46%,41800
ATIF,2019-10-25,2.77,2.86,2.73,2.76,-0.02,-0.72%,30700
ATIF,2019-10-28,2.97,2.97,2.71,2.74,-0.02,-0.72%,49100
ATIF,2019-10-29,2.73,2.78,2.7003,2.76,0.02,+0.73%,41600
ATIF,2019-10-30,2.78,2.8908,2.77,2.81,0.05,+1.81%,37800
ATIF,2019-10-31,2.82,2.86,2.755,2.76,-0.05,-1.78%,38000
ATIF,2019-11-01,2.8,2.8474,2.72,2.74,-0.02,-0.72%,53800
ATIF,2019-11-04,2.73,2.8363,2.7199,2.83,0.09,+3.28%,53700
ATIF,2019-11-05,2.8,2.8997,2.77,2.79,-0.04,-1.41%,46200
ATIF,2019-11-06,2.8,2.81,2.68,2.75,-0.04,-1.43%,71200
ATIF,2019-11-07,2.74,2.9,2.719,2.79,0.04,+1.45%,64000
ATIF,2019-11-08,2.8,2.83,2.73,2.73,-0.06,-2.15%,35800
ATIF,2019-11-11,2.72,2.8,2.69,2.77,0.04,+1.47%,39500
ATIF,2019-11-12,2.74,2.75,2.71,2.73,-0.04,-1.44%,37000
ATIF,2019-11-13,2.71,2.86,2.71,2.8,0.07,+2.56%,77300
ATIF,2019-11-14,2.8,2.85,2.74,2.75,-0.05,-1.79%,48900
ATIF,2019-11-15,2.73,2.84,2.71,2.78,0.03,+1.09%,61200
ATIF,2019-11-18,2.75,3.14,2.72,2.73,-0.05,-1.80%,41500
ATIF,2019-11-19,2.73,2.8497,2.64,2.77,0.04,+1.47%,37200
ATIF,2019-11-20,2.82,2.83,2.78,2.8,0.03,+1.08%,67200
ATIF,2019-11-21,2.74,2.7997,2.73,2.7652,-0.0348,-1.24%,28100
ATIF,2019-11-22,2.79,2.82,2.7201,2.73,-0.0352,-1.27%,28200
ATIF,2019-11-25,2.79,2.79,2.72,2.73,0,0.00%,41800
ATIF,2019-11-26,2.72,2.83,2.72,2.76,0.03,+1.10%,51800
ATIF,2019-11-27,2.8,2.89,2.775,2.775,0.015,+0.54%,46000
ATIF,2019-11-29,2.8,2.84,2.685,2.72,-0.055,-1.98%,35200
ATIF,2019-12-02,2.72,2.75,2.7,2.75,0.03,+1.10%,41000
ATIF,2019-12-03,2.71,3.085,2.71,2.8,0.05,+1.82%,73400
ATIF,2019-12-04,2.8,2.86,2.76,2.7701,-0.0299,-1.07%,29900
ATIF,2019-12-05,2.74,2.755,2.685,2.73,-0.0401,-1.45%,46000
ATIF,2019-12-06,2.7,2.7776,2.7,2.72,-0.01,-0.37%,46200
ATIF,2019-12-09,2.74,2.75,2.59,2.6,-0.12,-4.41%,32400
ATIF,2019-12-10,2.52,2.59,2.52,2.54,-0.06,-2.31%,36500
ATIF,2019-12-11,2.53,2.545,2.2,2.4642,-0.0758,-2.98%,31600
ATIF,2019-12-12,2.41,2.52,2.3,2.33,-0.1342,-5.45%,31400
ATIF,2019-12-13,2.6902,2.6902,2.21,2.35,0.02,+0.86%,24100
ATIF,2019-12-16,2.35,2.39,2.22,2.35,0,0.00%,36200
ATIF,2019-12-17,2.34,2.365,2.25,2.2613,-0.0887,-3.77%,13600
ATIF,2019-12-18,2.28,2.2803,2.18,2.18,-0.0813,-3.60%,4100
ATIF,2019-12-19,2.11,2.2724,2.0101,2.17,-0.01,-0.46%,26300
ATIF,2019-12-20,2.19,2.2,1.94,2.1,-0.07,-3.23%,42800
ATIF,2019-12-23,1.92,2.1,1.91,1.93,-0.17,-8.10%,13100
ATIF,2019-12-24,2.22,2.22,1.98,2.1897,0.2597,+13.46%,7500
ATIF,2019-12-26,2.09,2.2399,1.9157,1.9899,-0.1998,-9.12%,29000
ATIF,2019-12-27,2,2.05,1.88,2.05,0.0601,+3.02%,23600
ATIF,2019-12-30,2.05,2.12,1.9,2.12,0.07,+3.41%,14000
ATIF,2019-12-31,2.11,2.12,1.9201,1.95,-0.17,-8.02%,34000
ATIF,2020-01-02,2.01,2.01,1.78,1.93,-0.02,-1.03%,31700
ATIF,2020-01-03,1.88,1.9892,1.78,1.899,-0.031,-1.61%,58400
ATIF,2020-01-06,1.82,1.95,1.7999,1.85,-0.049,-2.58%,49200
ATIF,2020-01-07,1.83,1.9697,1.79,1.9397,0.0897,+4.85%,85400
ATIF,2020-01-08,1.94,1.97,1.85,1.85,-0.0897,-4.62%,49800
ATIF,2020-01-09,1.82,1.84,1.75,1.82,-0.03,-1.62%,49000
ATIF,2020-01-10,1.83,1.83,1.65,1.78,-0.04,-2.20%,67000
ATIF,2020-01-13,1.85,2.1232,1.82,2.0196,0.2396,+13.46%,183700
ATIF,2020-01-14,2.03,2.0313,1.82,1.875,-0.1446,-7.16%,104000
ATIF,2020-01-15,1.82,1.95,1.71,1.82,-0.055,-2.93%,59100
ATIF,2020-01-16,1.82,1.92,1.78,1.85,0.03,+1.65%,51200
ATIF,2020-01-17,1.84,1.9,1.7934,1.83,-0.02,-1.08%,80900
ATIF,2020-01-21,1.82,1.95,1.68,1.8301,0.0001,+0.01%,97900
ATIF,2020-01-22,1.81,1.94,1.7796,1.92,0.0899,+4.91%,61800
ATIF,2020-01-23,1.9,1.9782,1.8,1.85,-0.07,-3.65%,63600
ATIF,2020-01-24,1.81,1.941,1.8073,1.89,0.04,+2.16%,29200
ATIF,2020-01-27,1.83,1.91,1.83,1.89,0,0.00%,17900
ATIF,2020-01-28,1.91,1.9204,1.85,1.9,0.01,+0.53%,12200
ATIF,2020-01-29,2.4,3.75,2.03,2.31,0.41,+21.58%,2435000
ATIF,2020-01-30,2.06,2.25,1.92,2.16,-0.15,-6.49%,155600
ATIF,2020-01-31,1.98,2.05,1.82,1.8601,-0.2999,-13.88%,42200
ATIF,2020-02-03,1.9,1.9,1.71,1.82,-0.0401,-2.16%,24300
ATIF,2020-02-04,1.74,1.815,1.74,1.78,-0.04,-2.20%,17300
ATIF,2020-02-05,1.8,1.8,1.72,1.76,-0.02,-1.12%,27100
ATIF,2020-02-06,1.78,1.89,1.75,1.77,0.01,+0.57%,30900
ATIF,2020-02-07,1.77,1.85,1.68,1.7201,-0.0499,-2.82%,12100
ATIF,2020-02-10,1.71,1.78,1.6962,1.73,0.0099,+0.58%,4700
ATIF,2020-02-11,1.73,1.75,1.68,1.75,0.02,+1.16%,5700
ATIF,2020-02-12,1.5862,1.7696,1.5,1.52,-0.23,-13.14%,14200
ATIF,2020-02-13,1.56,1.62,1.56,1.6,0.08,+5.26%,13400
ATIF,2020-02-14,1.6,1.8221,1.6,1.78,0.18,+11.25%,45700
ATIF,2020-02-18,1.8,2.2,1.8,1.92,0.14,+7.87%,55700
ATIF,2020-02-19,2.0999,2.0999,1.66,1.82,-0.1,-5.21%,29600
ATIF,2020-02-20,1.7071,1.965,1.7,1.88,0.06,+3.30%,108800
ATIF,2020-02-21,1.92,2.03,1.86,1.87,-0.01,-0.53%,48400
ATIF,2020-02-24,1.85,2.05,1.74,1.82,-0.05,-2.67%,65300
ATIF,2020-02-25,1.83,1.9899,1.7,1.88,0.06,+3.30%,97700
ATIF,2020-02-26,1.89,2,1.78,1.83,-0.05,-2.66%,91700
ATIF,2020-02-27,1.78,1.98,1.75,1.89,0.06,+3.28%,86300
ATIF,2020-02-28,1.95,3.1597,1.78,2.3,0.41,+21.69%,886200
ATIF,2020-03-02,1.87,2.25,1.86,1.97,-0.33,-14.35%,203600
ATIF,2020-03-03,1.88,2.28,1.82,2.1,0.13,+6.60%,185100
ATIF,2020-03-04,2.01,2.27,1.88,2.17,0.07,+3.33%,172900
ATIF,2020-03-05,2.25,2.25,1.9,2.1599,-0.0101,-0.47%,141500
ATIF,2020-03-06,2.17,2.19,1.95,2.05,-0.1099,-5.09%,92900
ATIF,2020-03-09,1.62,1.851,1.62,1.84,-0.21,-10.24%,50500
ATIF,2020-03-10,1.81,2.08,1.8,1.95,0.11,+5.98%,138300
ATIF,2020-03-11,1.895,1.965,1.77,1.9101,-0.0399,-2.05%,115200
ATIF,2020-03-12,1.8,1.99,1.77,1.88,-0.0301,-1.58%,92500
ATIF,2020-03-13,1.82,1.97,1.6001,1.9301,0.0501,+2.66%,99500
ATIF,2020-03-16,1.6905,1.91,1.6905,1.88,-0.0501,-2.60%,56900
ATIF,2020-03-17,1.85,2.04,1.725,1.8703,-0.0097,-0.52%,75900
ATIF,2020-03-18,1.73,2.03,1.7,1.71,-0.1603,-8.57%,24900
ATIF,2020-03-19,1.68,1.945,1.655,1.83,0.12,+7.02%,92400
ATIF,2020-03-20,1.95,2.0005,1.67,1.82,-0.01,-0.55%,107600
ATIF,2020-03-23,1.8,1.93,1.7009,1.7706,-0.0494,-2.71%,22000
ATIF,2020-03-24,1.74,1.8111,1.7,1.7,-0.0706,-3.99%,33700
ATIF,2020-03-25,1.71,1.9,1.67,1.67,-0.03,-1.76%,21700
ATIF,2020-03-26,1.67,1.77,1.63,1.68,0.01,+0.60%,35500
ATIF,2020-03-27,1.65,1.79,1.65,1.7,0.02,+1.19%,11200
ATIF,2020-03-30,1.7,1.7283,1.56,1.69,-0.01,-0.59%,39500
ATIF,2020-03-31,1.73,1.88,1.69,1.73,0.04,+2.37%,30900
ATIF,2020-04-01,1.75,1.9099,1.6,1.78,0.05,+2.89%,80000
ATIF,2020-04-02,1.73,1.8707,1.65,1.69,-0.09,-5.06%,68700
ATIF,2020-04-03,1.7316,1.7316,1.62,1.62,-0.07,-4.14%,26800
ATIF,2020-04-06,1.77,1.77,1.65,1.7,0.08,+4.94%,6800
ATIF,2020-04-07,1.73,1.7408,1.68,1.72,0.02,+1.18%,8900
ATIF,2020-04-08,1.78,2.2,1.57,1.67,-0.05,-2.91%,139500
ATIF,2020-04-09,1.7,1.73,1.485,1.55,-0.12,-7.19%,28700
ATIF,2020-04-13,1.66,1.66,1.4497,1.52,-0.03,-1.94%,20100
ATIF,2020-04-14,1.53,1.56,1.43,1.5356,0.0156,+1.03%,50100
ATIF,2020-04-15,1.42,1.55,1.42,1.5101,-0.0255,-1.66%,49700
ATIF,2020-04-16,1.56,2.37,1.38,1.91,0.3999,+26.48%,828200
ATIF,2020-04-17,2.26,2.6,2,2.26,0.35,+18.32%,319700
ATIF,2020-04-20,1.98,2.25,1.87,1.91,-0.35,-15.49%,192300
ATIF,2020-04-21,1.9,1.9001,1.6501,1.74,-0.17,-8.90%,55800
ATIF,2020-04-22,3.6,3.65,2.02,2.12,0.38,+21.84%,4399800
ATIF,2020-04-23,1.99,2.015,1.77,1.95,-0.17,-8.02%,270400
ATIF,2020-04-24,1.92,1.98,1.83,1.88,-0.07,-3.59%,68700
ATIF,2020-04-27,1.95,1.97,1.83,1.88,0,0.00%,90900
ATIF,2020-04-28,2.03,2.1,1.88,1.95,0.07,+3.72%,268900
ATIF,2020-04-29,1.95,1.95,1.82,1.88,-0.07,-3.59%,105400
ATIF,2020-04-30,1.83,1.88,1.73,1.76,-0.12,-6.38%,77600
ATIF,2020-05-01,1.85,1.85,1.7,1.77,0.01,+0.57%,136200
ATIF,2020-05-04,1.68,1.7988,1.55,1.72,-0.05,-2.82%,239300
ATIF,2020-05-05,1.67,1.7073,1.569,1.67,-0.05,-2.91%,47600
ATIF,2020-05-06,1.59,1.78,1.56,1.69,0.02,+1.20%,275800
ATIF,2020-05-07,1.62,1.7501,1.6101,1.71,0.02,+1.18%,135900
ATIF,2020-05-08,1.65,1.73,1.64,1.73,0.02,+1.17%,40200
ATIF,2020-05-11,1.65,1.84,1.65,1.8,0.07,+4.05%,131000
ATIF,2020-05-12,1.75,1.86,1.67,1.75,-0.05,-2.78%,55400
ATIF,2020-05-13,1.88,1.88,1.62,1.69,-0.06,-3.43%,44100
ATIF,2020-05-14,1.66,1.7,1.6,1.7,0.01,+0.59%,19100
ATIF,2020-05-15,1.63,1.8,1.63,1.72,0.02,+1.18%,50800
ATIF,2020-05-18,1.68,1.7873,1.6701,1.72,0,0.00%,13800
ATIF,2020-05-19,1.7,1.92,1.7,1.92,0.2,+11.63%,441700
ATIF,2020-05-20,1.95,2.1,1.95,2.05,0.13,+6.77%,165200
ATIF,2020-05-21,1.99,2.0599,1.76,1.79,-0.26,-12.68%,103400
ATIF,2020-05-22,1.75,1.93,1.75,1.88,0.09,+5.03%,46800
ATIF,2020-05-26,1.92,1.95,1.74,1.74,-0.14,-7.45%,47000
ATIF,2020-05-27,1.77,1.82,1.75,1.7621,0.0221,+1.27%,41500
ATIF,2020-05-28,1.77,1.86,1.76,1.7754,0.0133,+0.75%,16900
ATIF,2020-05-29,1.77,1.8,1.74,1.76,-0.0154,-0.87%,27300
ATIF,2020-06-01,1.95,1.95,1.78,1.9,0.14,+7.95%,308700
ATIF,2020-06-02,1.9,1.95,1.8464,1.93,0.03,+1.58%,60600
ATIF,2020-06-03,1.91,1.95,1.8201,1.87,-0.06,-3.11%,60300
ATIF,2020-06-04,1.9,1.94,1.88,1.92,0.05,+2.67%,108200
ATIF,2020-06-05,1.95,1.98,1.83,1.93,0.01,+0.52%,118100
ATIF,2020-06-08,2.14,2.23,1.96,2,0.07,+3.63%,812600
ATIF,2020-06-09,2,2.04,1.95,2.03,0.03,+1.50%,155700
ATIF,2020-06-10,2.01,2.35,1.98,2.135,0.105,+5.17%,515200
ATIF,2020-06-11,2.6,2.75,1.95,1.98,-0.155,-7.26%,854300
ATIF,2020-06-12,1.92,2.6,1.8,2.17,0.19,+9.60%,1139900
ATIF,2020-06-15,2.08,2.08,1.9088,1.93,-0.24,-11.06%,219700
ATIF,2020-06-16,1.95,2,1.85,1.89,-0.04,-2.07%,219400
ATIF,2020-06-17,1.94,2.17,1.88,1.9899,0.0999,+5.29%,1185200
ATIF,2020-06-18,2.03,2.2,1.93,2.06,0.0701,+3.52%,1375100
ATIF,2020-06-19,2.06,2.25,2.01,2.08,0.02,+0.97%,1223200
ATIF,2020-06-22,2.09,2.13,1.96,2.05,-0.03,-1.44%,340100
ATIF,2020-06-23,2.23,2.23,1.86,2,-0.05,-2.44%,2532400
ATIF,2020-06-24,1.91,1.98,1.86,1.96,-0.04,-2.00%,722600
ATIF,2020-06-25,1.91,1.95,1.88,1.91,-0.05,-2.55%,214700
ATIF,2020-06-26,1.88,2.13,1.77,1.9,-0.01,-0.52%,1473400
ATIF,2020-06-29,1.87,1.9,1.82,1.84,-0.06,-3.16%,191500
ATIF,2020-06-30,1.81,1.9499,1.76,1.89,0.05,+2.72%,887800
ATIF,2020-07-01,1.87,1.93,1.82,1.89,0,0.00%,175800
ATIF,2020-07-02,1.93,1.94,1.85,1.915,0.025,+1.32%,254000
ATIF,2020-07-06,1.92,1.98,1.88,1.96,0.045,+2.35%,279200
ATIF,2020-07-07,1.93,1.96,1.86,1.9,-0.06,-3.06%,116300
ATIF,2020-07-08,1.9,1.96,1.86,1.87,-0.03,-1.58%,237600
ATIF,2020-07-09,1.87,1.89,1.83,1.85,-0.02,-1.07%,219400
ATIF,2020-07-10,1.86,1.97,1.85,1.89,0.04,+2.16%,235800
ATIF,2020-07-13,1.88,1.89,1.82,1.82,-0.07,-3.70%,120200
ATIF,2020-07-14,1.81,1.82,1.6838,1.76,-0.06,-3.30%,129500
ATIF,2020-07-15,1.99,2.05,1.8,1.87,0.11,+6.25%,1623400
ATIF,2020-07-16,1.83,2.03,1.75,1.88,0.01,+0.53%,1091800
ATIF,2020-07-17,1.86,1.9,1.85,1.88,0,0.00%,153900
ATIF,2020-07-20,1.85,1.96,1.81,1.87,-0.01,-0.53%,599500
ATIF,2020-07-21,1.85,1.91,1.83,1.84,-0.03,-1.60%,204500
ATIF,2020-07-22,1.86,1.87,1.8,1.87,0.03,+1.63%,93700
ATIF,2020-07-23,1.84,1.98,1.76,1.79,-0.08,-4.28%,659800
ATIF,2020-07-24,1.79,1.8,1.75,1.78,-0.01,-0.56%,65700
ATIF,2020-07-27,1.76,1.7899,1.65,1.66,-0.12,-6.74%,261700
ATIF,2020-07-28,1.74,1.761,1.66,1.6864,0.0264,+1.59%,156800
ATIF,2020-07-29,1.69,1.7227,1.69,1.69,0.0036,+0.21%,71200
ATIF,2020-07-30,1.69,1.75,1.6641,1.68,-0.01,-0.59%,135400
ATIF,2020-07-31,1.71,1.71,1.63,1.65,-0.03,-1.79%,75200
ATIF,2020-08-03,1.82,1.83,1.56,1.63,-0.02,-1.21%,1510100
ATIF,2020-08-04,1.65,1.67,1.56,1.64,0.01,+0.61%,454700
ATIF,2020-08-05,1.56,1.65,1.56,1.63,-0.01,-0.61%,294000
ATIF,2020-08-06,1.61,1.6582,1.56,1.63,0,0.00%,277400
ATIF,2020-08-07,1.63,1.64,1.58,1.59,-0.04,-2.45%,153900
ATIF,2020-08-10,1.59,1.61,1.57,1.58,-0.01,-0.63%,131700
ATIF,2020-08-11,1.58,1.63,1.57,1.6,0.02,+1.27%,104700
ATIF,2020-08-12,1.59,1.59,1.55,1.55,-0.05,-3.13%,95300
ATIF,2020-08-13,1.58,1.5998,1.48,1.56,0.01,+0.65%,212100
ATIF,2020-08-14,1.57,1.6142,1.56,1.58,0.02,+1.28%,117400
ATIF,2020-08-17,1.55,1.59,1.53,1.57,-0.01,-0.63%,78100
ATIF,2020-08-18,1.55,1.5624,1.5,1.51,-0.06,-3.82%,123700
ATIF,2020-08-19,1.52,1.5201,1.45,1.49,-0.02,-1.32%,76600
ATIF,2020-08-20,1.48,1.48,1.33,1.37,-0.12,-8.05%,223300
ATIF,2020-08-21,1.3,1.4,1.275,1.3,-0.07,-5.11%,179400
ATIF,2020-08-24,1.4,2.04,1.1,1.24,-0.06,-4.62%,15478400
ATIF,2020-08-25,1.05,1.18,1.01,1.13,-0.11,-8.87%,1503700
ATIF,2020-08-26,1.1,1.27,1.05,1.19,0.06,+5.31%,1027900
ATIF,2020-08-27,1.19,1.23,1.11,1.18,-0.01,-0.84%,516400
ATIF,2020-08-28,1.17,1.1753,1.06,1.15,-0.03,-2.54%,311300
ATIF,2020-08-31,1.11,1.18,1.1,1.11,-0.04,-3.48%,286800
ATIF,2020-09-01,1.12,1.12,1.04,1.07,-0.04,-3.60%,234900
ATIF,2020-09-02,1.07,1.09,1,1.05,-0.02,-1.87%,178800
ATIF,2020-09-03,1.04,1.14,1.03,1.13,0.08,+7.62%,276100
ATIF,2020-09-04,1.14,1.16,1.06,1.1,-0.03,-2.65%,220900
ATIF,2020-09-08,1.05,1.17,1.01,1.1457,0.0457,+4.15%,290700
ATIF,2020-09-09,1.1,1.15,1.1,1.11,-0.0357,-3.12%,72300
ATIF,2020-09-10,1.08,1.14,1.08,1.12,0.01,+0.90%,100700
ATIF,2020-09-11,1.11,1.18,1.1,1.1156,-0.0044,-0.39%,59400
ATIF,2020-09-14,1.13,1.16,1.05,1.11,-0.0056,-0.50%,230300
ATIF,2020-09-15,1.08,1.14,1.0778,1.13,0.02,+1.80%,143400
ATIF,2020-09-16,1.11,1.1285,1.075,1.09,-0.04,-3.54%,89900
ATIF,2020-09-17,1.12,1.16,1.03,1.06,-0.03,-2.75%,1573500
ATIF,2020-09-18,1.05,1.09,1.04,1.07,0.01,+0.94%,248600
ATIF,2020-09-21,1.07,1.11,1.03,1.08,0.01,+0.93%,186300
ATIF,2020-09-22,1.04,1.1,1.01,1.04,-0.04,-3.70%,164400
ATIF,2020-09-23,1.04,1.15,1.03,1.12,0.08,+7.69%,758800
ATIF,2020-09-24,1.11,1.2,1.04,1.1,-0.02,-1.79%,357700
ATIF,2020-09-25,1.09,1.14,1.06,1.11,0.01,+0.91%,144100
ATIF,2020-09-28,1.14,1.15,1.09,1.14,0.03,+2.70%,101300
ATIF,2020-09-29,1.15,1.28,1.12,1.2,0.06,+5.26%,492300
ATIF,2020-09-30,1.2,1.23,1.16,1.17,-0.03,-2.50%,170800
ATIF,2020-10-01,1.18,1.2261,1.14,1.21,0.04,+3.42%,63300
ATIF,2020-10-02,1.16,1.21,1.125,1.21,0,0.00%,122200
ATIF,2020-10-05,1.18,1.24,1.18,1.21,0,0.00%,53800
ATIF,2020-10-06,1.12,1.18,1.11,1.17,-0.04,-3.31%,388000
ATIF,2020-10-07,1.14,1.18,1.14,1.15,-0.02,-1.71%,66700
ATIF,2020-10-08,1.16,1.25,1.15,1.18,0.03,+2.61%,258600
ATIF,2020-10-09,1.18,1.2,1.17,1.19,0.01,+0.85%,59300
ATIF,2020-10-12,1.13,1.2338,1.13,1.22,0.03,+2.52%,208800
ATIF,2020-10-13,1.19,1.3,1.16,1.27,0.05,+4.10%,505300
ATIF,2020-10-14,1.27,1.32,1.2282,1.31,0.04,+3.15%,594400
ATIF,2020-10-15,1.4,1.54,1.21,1.35,0.04,+3.05%,6765800
ATIF,2020-10-16,1.37,1.43,1.249,1.41,0.06,+4.44%,1032600
ATIF,2020-10-19,1.34,1.43,1.28,1.41,0,0.00%,883400
ATIF,2020-10-20,1.52,1.52,1.26,1.39,-0.02,-1.42%,7948100
ATIF,2020-10-21,1.3,1.38,1.22,1.27,-0.12,-8.63%,1518000
ATIF,2020-10-22,1.3,1.3066,1.18,1.29,0.02,+1.57%,1752600
ATIF,2020-10-23,1.23,1.2565,1.2,1.22,-0.07,-5.43%,326300
ATIF,2020-10-26,1.22,1.24,1.15,1.19,-0.03,-2.46%,431100
ATIF,2020-10-27,1.18,1.27,1.12,1.21,0.02,+1.68%,481600
ATIF,2020-10-28,1.16,1.3,1.14,1.23,0.02,+1.65%,609000
ATIF,2020-10-29,1.21,1.6,1.2,1.34,0.11,+8.94%,1529500
ATIF,2020-10-30,1.29,1.395,1.26,1.33,-0.01,-0.75%,826800
ATIF,2020-11-02,1.32,1.35,1.27,1.31,-0.02,-1.50%,360700
ATIF,2020-11-03,0.82,0.85,0.7601,0.7633,-0.5467,-41.73%,3917400
ATIF,2020-11-04,0.785,0.785,0.69,0.7,-0.0633,-8.29%,1722500
ATIF,2020-11-05,0.7,0.7038,0.66,0.7,0,0.00%,855700
ATIF,2020-11-06,0.68,0.69,0.66,0.67,-0.03,-4.29%,1301300
ATIF,2020-11-09,0.6611,0.71,0.6611,0.6826,0.0126,+1.88%,1426900
ATIF,2020-11-10,0.665,0.69,0.665,0.689,0.0064,+0.94%,500700
ATIF,2020-11-11,0.68,0.6989,0.68,0.6848,-0.0042,-0.61%,414600
ATIF,2020-11-12,0.695,0.73,0.67,0.699,0.0142,+2.07%,2307000
ATIF,2020-11-13,0.684,0.6944,0.675,0.6841,-0.0149,-2.13%,976000
ATIF,2020-11-16,0.6901,0.74,0.69,0.7049,0.0208,+3.04%,1085100
ATIF,2020-11-17,0.7,0.7167,0.6702,0.6844,-0.0205,-2.91%,687400
ATIF,2020-11-18,0.78,0.8444,0.704,0.72,0.0356,+5.20%,8326600
ATIF,2020-11-19,0.7201,0.7289,0.6904,0.7068,-0.0132,-1.83%,1211500
ATIF,2020-11-20,0.7,0.755,0.6858,0.74,0.0332,+4.70%,2061400
ATIF,2020-11-23,0.735,0.79,0.715,0.78,0.04,+5.41%,1966900
ATIF,2020-11-24,0.8211,0.825,0.76,0.7825,0.0025,+0.32%,1715300
ATIF,2020-11-25,0.785,0.8,0.75,0.795,0.0125,+1.60%,871000
ATIF,2020-11-27,0.798,0.8,0.7702,0.8,0.005,+0.63%,466500
ATIF,2020-11-30,0.7784,0.792,0.762,0.7639,-0.0361,-4.51%,791900
ATIF,2020-12-01,0.75,0.7565,0.71,0.741,-0.0229,-3.00%,515800
ATIF,2020-12-02,0.75,0.7648,0.7252,0.7558,0.0148,+2.00%,367300
ATIF,2020-12-03,0.76,0.762,0.732,0.7399,-0.0159,-2.10%,329100
ATIF,2020-12-04,0.741,0.7881,0.74,0.7532,0.0133,+1.80%,449600
ATIF,2020-12-07,0.7639,0.7639,0.73,0.7474,-0.0058,-0.77%,279600
ATIF,2020-12-08,0.751,0.751,0.721,0.7342,-0.0132,-1.77%,334300
ATIF,2020-12-09,0.73,0.7369,0.682,0.715,-0.0192,-2.62%,465800
ATIF,2020-12-10,0.73,0.7301,0.7,0.7145,-0.0005,-0.07%,453800
ATIF,2020-12-11,0.7384,0.7384,0.6951,0.7107,-0.0038,-0.53%,343800
ATIF,2020-12-14,0.72,0.735,0.6973,0.711,0.0003,+0.04%,307000
ATIF,2020-12-15,0.712,0.718,0.6501,0.718,0.007,+0.98%,432000
ATIF,2020-12-16,0.7173,0.72,0.692,0.717,-0.001,-0.14%,167200
ATIF,2020-12-17,0.714,0.7399,0.7001,0.7296,0.0126,+1.76%,499200
ATIF,2020-12-18,0.707,0.73,0.7021,0.7205,-0.0091,-1.25%,293100
ATIF,2020-12-21,0.705,0.713,0.6901,0.707,-0.0135,-1.87%,225400
ATIF,2020-12-22,0.6999,0.721,0.6998,0.7012,-0.0058,-0.82%,416500
ATIF,2020-12-23,0.705,0.7087,0.668,0.68,-0.0212,-3.02%,1747700
ATIF,2020-12-24,0.68,0.7028,0.6681,0.7,0.02,+2.94%,628600
ATIF,2020-12-28,0.83,2.17,0.7523,1.06,0.36,+51.43%,206387104
ATIF,2020-12-29,1.02,1.16,0.9226,1.04,-0.02,-1.89%,13298300
ATIF,2020-12-30,0.9929,1.04,0.921,0.927,-0.113,-10.87%,3584100
ATIF,2020-12-31,0.9,1.17,0.85,0.93,0.003,+0.32%,23241300
ATIF,2021-01-04,0.92,0.9794,0.83,0.8675,-0.0625,-6.72%,3779000
ATIF,2021-01-05,0.83,0.8724,0.82,0.8581,-0.0094,-1.08%,1715300
ATIF,2021-01-06,1.05,1.14,0.9,0.95,0.0919,+10.71%,8485000
ATIF,2021-01-07,0.99,0.99,0.9121,0.9378,-0.0122,-1.28%,1335400
ATIF,2021-01-08,0.95,0.95,0.903,0.9176,-0.0202,-2.15%,1070600
ATIF,2021-01-11,0.9109,0.9399,0.9001,0.9178,0.0002,+0.02%,863300
ATIF,2021-01-12,0.92,1.47,0.91,1.06,0.1422,+15.49%,27098000
ATIF,2021-01-13,1.08,1.18,1.03,1.14,0.08,+7.55%,6901900
ATIF,2021-01-14,1.08,1.11,1.02,1.05,-0.09,-7.89%,2655400
ATIF,2021-01-15,1.04,1.08,0.97,1.04,-0.01,-0.95%,1725200
ATIF,2021-01-19,1.03,1.04,0.991,1.02,-0.02,-1.92%,1979000
ATIF,2021-01-20,1.02,1.13,1.01,1.08,0.06,+5.88%,2943900
ATIF,2021-01-21,1.1,1.3,1.05,1.19,0.11,+10.19%,10167600
ATIF,2021-01-22,1.2,1.25,1.1,1.13,-0.06,-5.04%,2912000
ATIF,2021-01-25,1.14,1.19,1.08,1.16,0.03,+2.65%,2238900
ATIF,2021-01-26,1.18,1.26,1.13,1.25,0.09,+7.76%,2367000
ATIF,2021-01-27,1.11,1.18,1.05,1.07,-0.18,-14.40%,2768800
ATIF,2021-01-28,1.25,1.25,1.09,1.11,0.04,+3.74%,4165300
ATIF,2021-01-29,1.12,1.18,1.05,1.08,-0.03,-2.70%,2959400
ATIF,2021-02-01,1.1,1.101,1.06,1.07,-0.01,-0.93%,953100
ATIF,2021-02-02,1.09,1.09,1.06,1.07,0,0.00%,1087800
ATIF,2021-02-03,1.08,1.14,1.08,1.11,0.04,+3.74%,1348000
ATIF,2021-02-04,1.14,1.15,1.1,1.12,0.01,+0.90%,2100100
ATIF,2021-02-05,1.23,1.39,1.13,1.14,0.02,+1.79%,6584500
ATIF,2021-02-08,1.14,1.22,1.14,1.2,0.06,+5.26%,1812800
ATIF,2021-02-09,1.21,1.3,1.18,1.24,0.04,+3.33%,4431800
ATIF,2021-02-10,1.34,1.3675,1.16,1.32,0.08,+6.45%,6672200
ATIF,2021-02-11,1.34,1.35,1.2,1.27,-0.05,-3.79%,3758000
ATIF,2021-02-12,1.24,1.43,1.24,1.34,0.07,+5.51%,4748300
ATIF,2021-02-16,1.35,1.58,1.35,1.52,0.18,+13.43%,6555700
ATIF,2021-02-17,1.43,1.48,1.3,1.47,-0.05,-3.29%,3783700
ATIF,2021-02-18,1.4,1.54,1.35,1.51,0.04,+2.72%,6802600
ATIF,2021-02-19,1.55,1.67,1.5,1.55,0.04,+2.65%,5077200
ATIF,2021-02-22,1.95,2.34,1.68,1.74,0.19,+12.26%,65171100
ATIF,2021-02-23,1.52,1.59,1.42,1.45,-0.29,-16.67%,5751600
ATIF,2021-02-24,1.51,1.68,1.48,1.62,0.17,+11.72%,2303500
ATIF,2021-02-25,1.53,1.56,1.36,1.4,-0.22,-13.58%,3935500
ATIF,2021-02-26,1.37,1.49,1.28,1.46,0.06,+4.29%,4958300
ATIF,2021-03-01,1.5,1.5199,1.39,1.43,-0.03,-2.05%,4708600
ATIF,2021-03-02,1.41,1.4297,1.31,1.35,-0.08,-5.59%,2761400
ATIF,2021-03-03,1.35,1.36,1.22,1.24,-0.11,-8.15%,3815300
ATIF,2021-03-04,1.2,1.22,1.05,1.06,-0.18,-14.52%,3001300
ATIF,2021-03-05,1.07,1.09,1.01,1.09,0.03,+2.83%,2064600
ATIF,2021-03-08,1.1,1.16,1.09,1.16,0.07,+6.42%,1325900
ATIF,2021-03-09,1.28,1.28,1.15,1.25,0.09,+7.76%,4234800
ATIF,2021-03-10,1.24,1.34,1.15,1.3,0.05,+4.00%,5145900
ATIF,2021-03-11,1.34,1.35,1.26,1.27,-0.03,-2.31%,2220200
ATIF,2021-03-12,1.23,1.28,1.2097,1.28,0.01,+0.79%,943900
ATIF,2021-03-15,1.27,1.29,1.25,1.27,-0.01,-0.78%,944900
ATIF,2021-03-16,1.29,1.4,1.29,1.34,0.07,+5.51%,2949000
ATIF,2021-03-17,1.39,1.4,1.3,1.38,0.04,+2.99%,4411400
ATIF,2021-03-18,1.36,1.66,1.32,1.52,0.14,+10.14%,10340500
ATIF,2021-03-19,1.47,1.69,1.41,1.59,0.07,+4.61%,6384500
ATIF,2021-03-22,1.55,1.75,1.52,1.7,0.11,+6.92%,4448700
ATIF,2021-03-23,1.66,1.6795,1.44,1.44,-0.26,-15.29%,2401300
ATIF,2021-03-24,1.42,1.54,1.35,1.36,-0.08,-5.56%,3399500
ATIF,2021-03-25,1.28,1.38,1.2404,1.32,-0.04,-2.94%,2122700
ATIF,2021-03-26,1.3,1.45,1.29,1.34,0.02,+1.52%,1235000
ATIF,2021-03-29,1.33,1.35,1.3,1.3,-0.04,-2.99%,533700
ATIF,2021-03-30,1.27,1.4,1.19,1.38,0.08,+6.15%,1881900
ATIF,2021-03-31,1.37,1.42,1.35,1.37,-0.01,-0.72%,718100
ATIF,2021-04-01,1.41,1.47,1.3594,1.38,0.01,+0.73%,3327300
ATIF,2021-04-05,1.42,1.51,1.34,1.38,0,0.00%,2208400
ATIF,2021-04-06,1.36,1.45,1.36,1.45,0.07,+5.07%,781300
ATIF,2021-04-07,1.43,1.46,1.39,1.4,-0.05,-3.45%,538700
ATIF,2021-04-08,1.39,1.42,1.33,1.37,-0.03,-2.14%,842600
ATIF,2021-04-09,1.37,1.37,1.33,1.34,-0.03,-2.19%,447900
ATIF,2021-04-12,1.35,1.35,1.18,1.2,-0.14,-10.45%,1384600
ATIF,2021-04-13,1.18,1.22,1.17,1.21,0.01,+0.83%,393800
ATIF,2021-04-14,1.2,1.227,1.12,1.13,-0.08,-6.61%,952300
ATIF,2021-04-15,1.13,1.15,1.06,1.08,-0.05,-4.42%,615100
ATIF,2021-04-16,1.07,1.17,1.04,1.15,0.07,+6.48%,479700
ATIF,2021-04-19,1.11,1.15,1.06,1.08,-0.07,-6.09%,444200
ATIF,2021-04-20,1.07,1.09,1.05,1.06,-0.02,-1.85%,189400
ATIF,2021-04-21,1.04,1.16,1.035,1.15,0.09,+8.49%,492100
ATIF,2021-04-22,1.14,1.17,1.08,1.11,-0.04,-3.48%,933000
ATIF,2021-04-23,1.12,1.13,1.08,1.1,-0.01,-0.90%,256200
ATIF,2021-04-26,1.11,1.14,1.07,1.13,0.03,+2.73%,491100
ATIF,2021-04-27,1.13,1.15,1.1,1.14,0.01,+0.88%,473600
ATIF,2021-04-28,1.09,1.19,1.09,1.16,0.02,+1.75%,575800
ATIF,2021-04-29,1.13,1.1414,1.09,1.11,-0.05,-4.31%,289700
ATIF,2021-04-30,1.11,1.13,1.09,1.11,0,0.00%,284600
ATIF,2021-05-03,1.12,1.138,1.03,1.05,-0.06,-5.41%,544600
ATIF,2021-05-04,1.01,1.04,1.01,1.04,-0.01,-0.95%,450700
ATIF,2021-05-05,1.04,1.05,1.02,1.02,-0.02,-1.92%,228200
ATIF,2021-05-06,1.02,1.03,0.91,0.9168,-0.1032,-10.12%,621700
ATIF,2021-05-07,0.9002,0.95,0.9002,0.95,0.0332,+3.62%,247900
ATIF,2021-05-10,0.99,1,0.935,0.96,0.01,+1.05%,157200
ATIF,2021-05-11,0.89,0.98,0.89,0.9663,0.0063,+0.66%,136000
ATIF,2021-05-12,0.99,1.02,0.95,1.01,0.0437,+4.52%,327600
ATIF,2021-05-13,0.9721,1,0.9,0.9095,-0.1005,-9.95%,532400
ATIF,2021-05-14,0.92,0.94,0.9107,0.9231,0.0136,+1.50%,128400
ATIF,2021-05-17,0.9231,0.96,0.92,0.939,0.0159,+1.72%,222400
ATIF,2021-05-18,0.95,0.968,0.931,0.964,0.025,+2.66%,150100
ATIF,2021-05-19,0.94,0.968,0.91,0.96,-0.004,-0.41%,188300
ATIF,2021-05-20,0.9528,0.96,0.9321,0.9497,-0.0103,-1.07%,32900
ATIF,2021-05-21,0.9402,0.99,0.9302,0.968,0.0183,+1.93%,371500
ATIF,2021-05-24,0.968,0.9761,0.9231,0.95,-0.018,-1.86%,87500
ATIF,2021-05-25,0.94,1.03,0.9305,1.01,0.06,+6.32%,430500
ATIF,2021-05-26,1.02,1.03,0.98,0.991,-0.019,-1.88%,129600
ATIF,2021-05-27,0.99,1.05,0.9751,1,0.009,+0.91%,396500
ATIF,2021-05-28,0.98,1.02,0.9751,0.99,-0.01,-1.00%,133400
ATIF,2021-06-01,0.99,1.01,0.9795,1.01,0.02,+2.02%,110900
ATIF,2021-06-02,1.01,1.07,1,1.05,0.04,+3.96%,259300
ATIF,2021-06-03,1.05,1.05,1.01,1.04,-0.01,-0.95%,230200
ATIF,2021-06-04,1.03,1.06,1.02,1.05,0.01,+0.96%,142400
ATIF,2021-06-07,1.04,1.045,1.02,1.02,-0.03,-2.86%,168500
ATIF,2021-06-08,1.02,1.05,1,1.02,0,0.00%,152400
ATIF,2021-06-09,1.03,1.0487,1,1.02,0,0.00%,115400
ATIF,2021-06-10,1.02,1.08,1.0101,1.04,0.02,+1.96%,322200
ATIF,2021-06-11,1.04,1.06,0.9422,0.9952,-0.0448,-4.31%,699300
ATIF,2021-06-14,0.9952,1,0.97,0.9827,-0.0125,-1.26%,143400
ATIF,2021-06-15,0.97,0.998,0.94,0.9499,-0.0328,-3.34%,112800
ATIF,2021-06-16,0.95,0.96,0.9244,0.9499,0,0.00%,87000
ATIF,2021-06-17,0.95,0.99,0.93,0.9599,0.01,+1.05%,146300
ATIF,2021-06-18,0.95,0.96,0.9201,0.9356,-0.0243,-2.53%,95000
ATIF,2021-06-21,0.94,0.94,0.8223,0.879,-0.0566,-6.05%,311100
ATIF,2021-06-22,0.8785,0.89,0.83,0.839,-0.04,-4.55%,277900
ATIF,2021-06-23,0.84,0.8781,0.84,0.8781,0.0391,+4.66%,180200
ATIF,2021-06-24,0.895,0.9399,0.89,0.9089,0.0308,+3.51%,344700
ATIF,2021-06-25,0.9,0.95,0.8873,0.903,-0.0059,-0.65%,437500
ATIF,2021-06-28,0.89,0.9179,0.8811,0.8929,-0.0101,-1.12%,90100
ATIF,2021-06-29,0.8832,0.918,0.8629,0.8879,-0.005,-0.56%,163100
ATIF,2021-06-30,0.89,0.918,0.857,0.9,0.0121,+1.36%,740000
ATIF,2021-07-01,0.91,0.91,0.89,0.8977,-0.0023,-0.26%,173600
ATIF,2021-07-02,0.9099,0.9099,0.861,0.8803,-0.0174,-1.94%,157200
ATIF,2021-07-06,0.86,0.88,0.84,0.8469,-0.0334,-3.79%,148500
ATIF,2021-07-07,0.8445,0.8799,0.804,0.8181,-0.0288,-3.40%,158000
ATIF,2021-07-08,0.8,0.8286,0.78,0.819,0.0009,+0.11%,196700
ATIF,2021-07-09,0.82,0.839,0.81,0.8333,0.0143,+1.75%,37400
ATIF,2021-07-12,0.84,0.92,0.8061,0.8962,0.0629,+7.55%,576400
ATIF,2021-07-13,0.87,0.8899,0.8312,0.85,-0.0462,-5.16%,165600
ATIF,2021-07-14,0.8102,0.8299,0.81,0.815,-0.035,-4.12%,92100
ATIF,2021-07-15,0.82,0.82,0.78,0.7901,-0.0249,-3.06%,145800
ATIF,2021-07-16,0.7915,0.801,0.7915,0.799,0.0089,+1.13%,66100
ATIF,2021-07-19,0.778,0.7799,0.75,0.7794,-0.0196,-2.45%,50900
ATIF,2021-07-20,0.773,0.8343,0.7657,0.7983,0.0189,+2.42%,85700
ATIF,2021-07-21,0.8021,0.8484,0.8021,0.8363,0.038,+4.76%,83800
ATIF,2021-07-22,0.8252,0.83,0.8,0.8173,-0.019,-2.27%,106600
ATIF,2021-07-23,0.79,0.8295,0.7339,0.7948,-0.0225,-2.75%,339200
ATIF,2021-07-26,0.83,0.8496,0.7606,0.7898,-0.005,-0.63%,208600
ATIF,2021-07-27,0.79,0.83,0.76,0.76,-0.0298,-3.77%,138400
ATIF,2021-07-28,0.76,0.77,0.7522,0.7698,0.0098,+1.29%,107600
ATIF,2021-07-29,0.759,0.78,0.7522,0.7589,-0.0109,-1.42%,116500
ATIF,2021-07-30,0.75,0.77,0.75,0.7678,0.0089,+1.17%,133300
ATIF,2021-08-02,0.78,0.795,0.7533,0.7787,0.0109,+1.42%,66900
ATIF,2021-08-03,0.7832,0.7951,0.75,0.77,-0.0087,-1.12%,210800
ATIF,2021-08-04,0.78,0.8689,0.7701,0.84,0.07,+9.09%,912800
ATIF,2021-08-05,0.8231,0.8768,0.81,0.838,-0.002,-0.24%,2447600
ATIF,2021-08-06,0.828,0.8723,0.775,0.8398,0.0018,+0.21%,754800
ATIF,2021-08-09,0.8441,0.86,0.8022,0.8399,0.0001,+0.01%,540100
ATIF,2021-08-10,0.8399,0.85,0.8101,0.85,0.0101,+1.20%,1007700
ATIF,2021-08-11,0.85,0.85,0.8015,0.85,0,0.00%,363000
ATIF,2021-08-12,0.833,0.8399,0.802,0.8368,-0.0132,-1.55%,447700
ATIF,2021-08-13,0.83,0.8391,0.78,0.7979,-0.0389,-4.65%,513300
ATIF,2021-08-16,0.78,0.8199,0.7225,0.7399,-0.058,-7.27%,327100
ATIF,2021-08-17,0.72,0.7449,0.6861,0.6915,-0.0484,-6.54%,126200
ATIF,2021-08-18,0.7148,0.72,0.681,0.688,-0.0035,-0.51%,105800
ATIF,2021-08-19,0.5762,0.588,0.421,0.4501,-0.2379,-34.58%,2584100
ATIF,2021-08-20,0.4275,0.53,0.4275,0.5098,0.0597,+13.26%,1134100
ATIF,2021-08-23,0.49,0.51,0.4556,0.5006,-0.0092,-1.80%,421200
ATIF,2021-08-24,0.5,0.5137,0.4576,0.4884,-0.0122,-2.44%,345600
ATIF,2021-08-25,0.51,0.5154,0.4903,0.5067,0.0183,+3.75%,262500
ATIF,2021-08-26,0.51,0.5771,0.5079,0.571,0.0643,+12.69%,891000
ATIF,2021-08-27,0.5242,0.5699,0.5242,0.5504,-0.0206,-3.61%,327400
ATIF,2021-08-30,3,5.65,2.9,3.38,2.8296,+514.10%,29065800
ATIF,2021-08-31,3.1617,3.7456,2.86,3.43,0.05,+1.48%,2438100
ATIF,2021-09-01,3.44,3.77,3.35,3.73,0.3,+8.75%,918400
ATIF,2021-09-02,3.67,4.04,3.45,3.76,0.03,+0.80%,1016800
ATIF,2021-09-03,3.83,3.98,3.76,3.93,0.17,+4.52%,596200
ATIF,2021-09-07,4,5,3.95,4.51,0.58,+14.76%,3631800
ATIF,2021-09-08,4.66,4.7203,4.15,4.49,-0.02,-0.44%,1429900
ATIF,2021-09-09,4.5,4.6499,4.3,4.62,0.13,+2.90%,454500
ATIF,2021-09-10,4.62,4.83,4.2,4.58,-0.04,-0.87%,628100
ATIF,2021-09-13,4.47,4.73,4.35,4.36,-0.22,-4.80%,332900
ATIF,2021-09-14,4.33,4.3601,3.5,3.61,-0.75,-17.20%,611900
ATIF,2021-09-15,3.56,3.96,3.41,3.84,0.23,+6.37%,330600
ATIF,2021-09-16,3.83,3.98,3.7,3.78,-0.06,-1.56%,76200
ATIF,2021-09-17,3.78,3.92,3.7189,3.81,0.03,+0.79%,104700
ATIF,2021-09-20,3.76,4.27,3.55,4,0.19,+4.99%,486200
ATIF,2021-09-21,4,4.15,3.42,3.485,-0.515,-12.88%,198600
ATIF,2021-09-22,3.49,3.6699,3.481,3.56,0.075,+2.15%,53300
ATIF,2021-09-23,3.58,3.86,3.5,3.76,0.2,+5.62%,122400
ATIF,2021-09-24,3.71,4,3.55,3.88,0.12,+3.19%,114700
ATIF,2021-09-27,3.82,4.0854,3.77,3.93,0.05,+1.29%,54000
ATIF,2021-09-28,3.85,4.08,3.85,4,0.07,+1.78%,35700
ATIF,2021-09-29,3.95,4.0399,3.95,3.95,-0.05,-1.25%,27500
ATIF,2021-09-30,3.95,4.58,3.95,4.5,0.55,+13.92%,245100
ATIF,2021-10-01,4.43,4.47,4.15,4.18,-0.32,-7.11%,115100
ATIF,2021-10-04,4.23,4.43,4.1,4.28,0.1,+2.39%,67300
ATIF,2021-10-05,4.1,4.37,4.1,4.2,-0.08,-1.87%,91100
ATIF,2021-10-06,4.25,4.7,4.15,4.67,0.47,+11.19%,204400
ATIF,2021-10-07,4.7,4.7,4.1,4.22,-0.45,-9.64%,189000
ATIF,2021-10-08,4.29,4.51,4.15,4.15,-0.07,-1.66%,120700
ATIF,2021-10-11,4.15,4.28,4.15,4.17,0.02,+0.48%,27000
ATIF,2021-10-12,4.14,4.45,4.11,4.29,0.12,+2.88%,97600
ATIF,2021-10-13,4.28,4.5,4.23,4.31,0.02,+0.47%,201700
ATIF,2021-10-14,4.26,4.4,4.23,4.26,-0.05,-1.16%,101500
ATIF,2021-10-15,4.26,4.54,4.25,4.31,0.05,+1.17%,123200
ATIF,2021-10-18,4.31,4.3754,4.1,4.1,-0.21,-4.87%,121100
ATIF,2021-10-19,4.2,4.21,4.01,4.08,-0.02,-0.49%,87400
ATIF,2021-10-20,4.14,4.49,4.08,4.13,0.05,+1.23%,71900
ATIF,2021-10-21,4.65,4.65,4.13,4.24,0.11,+2.66%,55900
ATIF,2021-10-22,4.22,4.3,4.01,4.28,0.04,+0.94%,93100
ATIF,2021-10-25,4.17,4.4279,4.11,4.28,0,0.00%,97000
ATIF,2021-10-26,4.21,4.23,3.96,4.05,-0.23,-5.37%,99600
ATIF,2021-10-27,4.07,4.08,3.9,4,-0.05,-1.23%,46300
ATIF,2021-10-28,3.84,4.05,3.8219,3.96,-0.04,-1.00%,17600
ATIF,2021-10-29,3.91,4.1,3.91,4.04,0.08,+2.02%,22900
ATIF,2021-11-01,4.02,4.07,3.9745,4.01,-0.03,-0.74%,13500
ATIF,2021-11-02,3.97,4.1,3.97,4.06,0.05,+1.25%,20300
ATIF,2021-11-03,4.05,4.1,3.9201,4.07,0.01,+0.25%,34700
ATIF,2021-11-04,3.93,4.1,3.93,3.93,-0.14,-3.44%,35600
ATIF,2021-11-05,3.93,4.06,3.93,4,0.07,+1.78%,6800
ATIF,2021-11-08,3.93,4,3.85,3.95,-0.05,-1.25%,25000
ATIF,2021-11-09,3.88,3.97,3.85,3.93,-0.02,-0.51%,25200
ATIF,2021-11-10,3.87,3.95,3.8,3.84,-0.09,-2.29%,23200
ATIF,2021-11-11,3.8,3.94,3.76,3.94,0.1,+2.60%,24400
ATIF,2021-11-12,3.87,3.98,3.8601,3.95,0.01,+0.25%,9500
ATIF,2021-11-15,3.87,4.02,3.87,4,0.05,+1.27%,30600
ATIF,2021-11-16,3.81,4,3.8,3.81,-0.19,-4.75%,12400
ATIF,2021-11-17,3.81,3.98,3.8,3.82,0.01,+0.26%,53400
ATIF,2021-11-18,3.98,3.98,3.8,3.8,-0.02,-0.52%,8500
ATIF,2021-11-19,3.78,3.79,3.61,3.77,-0.03,-0.79%,28200
ATIF,2021-11-22,3.62,3.86,3.6,3.62,-0.15,-3.98%,18300
ATIF,2021-11-23,3.61,3.8,3.5,3.8,0.18,+4.97%,39700
ATIF,2021-11-24,3.78,3.87,3.59,3.85,0.05,+1.32%,12100
ATIF,2021-11-26,3.56,3.8,3.45,3.57,-0.28,-7.27%,49600
ATIF,2021-11-29,3.57,3.69,3.47,3.47,-0.1,-2.80%,60600
ATIF,2021-11-30,3.47,3.5,3.12,3.2161,-0.2539,-7.32%,41700
ATIF,2021-12-01,3.17,3.275,3.09,3.1501,-0.066,-2.05%,4800
ATIF,2021-12-02,3.163,3.57,3.163,3.33,0.1799,+5.71%,24300
ATIF,2021-12-03,3.19,3.3364,3.15,3.15,-0.18,-5.41%,11400
ATIF,2021-12-06,3.11,3.2,3,3.12,-0.03,-0.95%,6200
ATIF,2021-12-07,3.01,3.38,3,3.38,0.26,+8.33%,25100
ATIF,2021-12-08,3.02,3.28,3,3.28,-0.1,-2.96%,3600
ATIF,2021-12-09,3.14,3.35,3.14,3.18,-0.1,-3.05%,2500
ATIF,2021-12-10,3.35,3.5,3.188,3.3,0.12,+3.77%,21600
ATIF,2021-12-13,3.2,3.21,3.1501,3.179,-0.121,-3.67%,5600
ATIF,2021-12-15,3.24,3.29,3.03,3.19,0.011,+0.35%,7600
ATIF,2021-12-16,3.1,3.32,3.03,3.21,0.02,+0.63%,5600
ATIF,2021-12-17,3.23,3.28,3,3.26,0.05,+1.56%,25400
ATIF,2021-12-20,3.16,3.17,3,3.065,-0.195,-5.98%,11100
ATIF,2021-12-21,3.125,3.125,3,3,-0.065,-2.12%,5500
ATIF,2021-12-22,3,3.15,3,3.12,0.12,+4.00%,17100
ATIF,2021-12-23,3.0501,3.17,3,3.1434,0.0234,+0.75%,15400
ATIF,2021-12-27,3.13,3.29,3.01,3.25,0.1066,+3.39%,26200
ATIF,2021-12-28,3.13,3.19,3,3.0901,-0.1599,-4.92%,19300
ATIF,2021-12-29,3.1,3.3,3.03,3.25,0.1599,+5.17%,46300
ATIF,2021-12-30,3.0945,3.68,3.0801,3.64,0.39,+12.00%,48701
ATIF,2021-12-31,3.38,3.5702,3.08,3.22,-0.42,-11.54%,23700
ATIF,2022-01-03,3.32,3.36,3.03,3.36,0.14,+4.35%,15400
ATIF,2022-01-04,3.75,3.99,3.411,3.62,0.26,+7.74%,42600
ATIF,2022-01-05,3.51,3.62,3.41,3.62,0,0.00%,24500
ATIF,2022-01-06,3.41,3.9,3.41,3.9,0.28,+7.73%,96000
ATIF,2022-01-07,3.88,4.01,3.685,3.9535,0.0535,+1.37%,43900
ATIF,2022-01-10,3.99,4.1601,3.99,4.11,0.1565,+3.96%,22600
ATIF,2022-01-11,4.06,4.61,4,4.59,0.48,+11.68%,61400
ATIF,2022-01-12,4.59,4.59,4.27,4.4527,-0.1373,-2.99%,99600
ATIF,2022-01-13,4.3768,4.3768,4.045,4.07,-0.3827,-8.59%,23700
ATIF,2022-01-14,4.23,4.23,3.9,4.0831,0.0131,+0.32%,5000
ATIF,2022-01-18,4.08,4.4439,3.9601,4.38,0.2969,+7.27%,16200
ATIF,2022-01-19,4.4,4.4,4.06,4.34,-0.04,-0.91%,5800
ATIF,2022-01-20,3.81,4.23,3.81,4.155,-0.185,-4.26%,15500
ATIF,2022-01-21,4.06,4.3,3.985,4.2601,0.1051,+2.53%,17300
ATIF,2022-01-24,4.2,4.2,3.95,4.01,-0.2501,-5.87%,40700
ATIF,2022-01-25,3.92,4.05,3.91,3.91,-0.1,-2.49%,14400
ATIF,2022-01-26,3.94,4.07,3.94,4.01,0.1,+2.56%,28300
ATIF,2022-01-27,3.98,4,3.91,3.91,-0.1,-2.49%,9400
ATIF,2022-01-28,3.88,4.03,3.88,3.96,0.05,+1.28%,27000
ATIF,2022-01-31,4,4.14,3.945,3.97,0.01,+0.25%,6900
ATIF,2022-02-01,4.3603,4.3603,3.95,3.95,-0.02,-0.50%,28300
ATIF,2022-02-02,4.05,4.06,3.95,3.95,0,0.00%,15100
ATIF,2022-02-03,4.05,4.1,3.95,4.07,0.12,+3.04%,20200
ATIF,2022-02-04,4.02,4.2,3.82,3.95,-0.12,-2.95%,44000
ATIF,2022-02-07,3.8001,4.0891,3.69,4,0.05,+1.27%,33300
ATIF,2022-02-08,3.9,3.99,3.9,3.99,-0.01,-0.25%,2200
ATIF,2022-02-09,3.97,3.97,3.9,3.9,-0.09,-2.26%,3200
ATIF,2022-02-10,3.9,3.99,3.885,3.99,0.09,+2.31%,4400
ATIF,2022-02-11,3.94,3.97,3.84,3.84,-0.15,-3.76%,6700
ATIF,2022-02-14,3.8,3.8,3.67,3.77,-0.07,-1.82%,4700
ATIF,2022-02-15,3.74,3.79,3.74,3.79,0.02,+0.53%,3600
ATIF,2022-02-16,3.6,4.18,3.6,4.14,0.35,+9.23%,36700
ATIF,2022-02-17,3.93,4,3.76,3.8,-0.34,-8.21%,3700
ATIF,2022-02-18,3.89,3.99,3.89,3.95,0.15,+3.95%,4000
ATIF,2022-02-22,3.84,3.93,3.65,3.68,-0.27,-6.84%,6700
ATIF,2022-02-23,3.75,4.2,3.38,3.38,-0.3,-8.15%,114200
ATIF,2022-02-24,3.6,3.95,3.19,3.84,0.46,+13.61%,67700
ATIF,2022-02-25,3.88,4.02,3.6,3.95,0.11,+2.86%,38600
ATIF,2022-02-28,3.94,3.94,3.82,3.94,-0.01,-0.25%,10500
ATIF,2022-03-01,3.78,3.95,3.71,3.88,-0.06,-1.52%,18000
ATIF,2022-03-02,3.82,3.98,3.6601,3.88,0,0.00%,3500
ATIF,2022-03-03,3.87,3.9,3.78,3.9,0.02,+0.52%,4100
ATIF,2022-03-04,3.8991,3.9,3.8991,3.9,0,0.00%,1500
ATIF,2022-03-07,3.81,3.8979,3.8,3.85,-0.05,-1.28%,4500
ATIF,2022-03-08,3.83,3.85,3.71,3.71,-0.14,-3.64%,8700
ATIF,2022-03-09,3.74,3.7577,3.3706,3.6,-0.11,-2.96%,4900
ATIF,2022-03-10,3.54,3.8477,3.38,3.54,-0.06,-1.67%,4900
ATIF,2022-03-11,3.67,3.85,3.67,3.81,0.27,+7.63%,1500
ATIF,2022-03-14,3.78,3.78,3.6101,3.63,-0.18,-4.72%,1500
ATIF,2022-03-15,3.53,3.7199,3.4587,3.7197,0.0897,+2.47%,6100
ATIF,2022-03-16,3.8,4,3.64,3.93,0.2103,+5.65%,6600
ATIF,2022-03-17,3.4648,4,3.4648,3.98,0.05,+1.27%,6000
ATIF,2022-03-18,3.91,3.95,3.63,3.7803,-0.1997,-5.02%,4500
ATIF,2022-03-21,3.6501,3.6501,3.6501,3.6501,-0.1302,-3.44%,1100
ATIF,2022-03-22,3.65,4,3.65,3.6778,0.0277,+0.76%,7300
ATIF,2022-03-23,3.79,3.9,3.69,3.7,0.0222,+0.60%,1700
ATIF,2022-03-24,3.72,3.9999,3.72,3.85,0.15,+4.05%,11800
ATIF,2022-03-25,4,4.03,3.77,3.77,-0.08,-2.08%,8100
ATIF,2022-03-28,3.88,3.94,3.77,3.77,0,0.00%,4600
ATIF,2022-03-29,3.75,3.75,3.6614,3.7,-0.07,-1.86%,4500
ATIF,2022-03-30,3.69,3.98,3.69,3.7481,0.0481,+1.30%,4500
ATIF,2022-03-31,3.7,3.7,3.656,3.675,-0.0731,-1.95%,1900
ATIF,2022-04-01,3.7,3.75,3.65,3.65,-0.025,-0.68%,13300
ATIF,2022-04-04,3.75,3.75,3.64,3.64,-0.01,-0.27%,1600
ATIF,2022-04-05,3.74,3.74,3.4,3.45,-0.19,-5.22%,5200
ATIF,2022-04-06,3.46,3.46,3.46,3.46,0.01,+0.29%,500
ATIF,2022-04-07,3.46,3.5272,3.46,3.5272,0.0672,+1.94%,800
ATIF,2022-04-08,3.52,3.52,3.38,3.42,-0.1072,-3.04%,2302
ATIF,2022-04-11,3.39,3.7164,3.39,3.54,0.12,+3.51%,4700
ATIF,2022-04-12,3.4364,3.75,3.4001,3.72,0.18,+5.08%,1400
ATIF,2022-04-13,3.58,3.58,3.42,3.42,-0.3,-8.06%,1700
ATIF,2022-04-14,3.44,3.63,3.41,3.42,0,0.00%,1300
ATIF,2022-04-18,3.43,3.4305,3.42,3.42,0,0.00%,400
ATIF,2022-04-19,3.42,3.515,3.4127,3.42,0,0.00%,1600
ATIF,2022-04-20,3.6035,3.6035,3.35,3.455,0.035,+1.02%,3000
ATIF,2022-04-21,3.48,3.56,3.48,3.56,0.105,+3.04%,400
ATIF,2022-04-22,3.25,3.57,3.25,3.57,0.01,+0.28%,600
ATIF,2022-04-25,3.4639,3.5,3.45,3.4792,-0.0908,-2.54%,1400
ATIF,2022-04-26,3.38,3.38,2.82,2.82,-0.6592,-18.95%,19602
ATIF,2022-04-27,2.82,2.82,2.82,2.82,0,0.00%,200
ATIF,2022-04-28,2.9,2.9,2.65,2.65,-0.17,-6.03%,1000
ATIF,2022-04-29,2.645,2.65,2.6142,2.62,-0.03,-1.13%,1700
ATIF,2022-05-02,2.58,2.8,2.58,2.62,0,0.00%,1300
ATIF,2022-05-03,2.6,2.62,2.3,2.6,-0.02,-0.76%,3600
ATIF,2022-05-04,2.93,3.19,2.43,2.785,0.185,+7.12%,11800
ATIF,2022-05-05,2.63,2.8,2.5,2.8,0.015,+0.54%,1400
ATIF,2022-05-06,2.56,2.795,2.56,2.795,-0.005,-0.18%,900
ATIF,2022-05-09,2.45,2.8,2.45,2.8,0.005,+0.18%,2300
ATIF,2022-05-10,2.6,2.79,2.32,2.41,-0.39,-13.93%,2900
ATIF,2022-05-11,2.46,2.5831,2.27,2.3,-0.11,-4.56%,3000
ATIF,2022-05-12,2.31,2.5,2.31,2.5,0.2,+8.70%,700
ATIF,2022-05-13,2.415,2.6235,2.3,2.5446,0.0446,+1.78%,3100
ATIF,2022-05-16,2.46,2.5619,2.29,2.5619,0.0173,+0.68%,1303
ATIF,2022-05-17,2.32,2.4815,2.28,2.4,-0.1619,-6.32%,2000
ATIF,2022-05-18,2.44,2.44,2.2964,2.2964,-0.1036,-4.32%,500
ATIF,2022-05-19,2.27,2.27,2.27,2.27,-0.0264,-1.15%,500
ATIF,2022-05-20,2.3,2.3,2.3,2.3,0.03,+1.32%,800
ATIF,2022-05-25,2.3,2.3525,2.3,2.3525,0.0525,+2.28%,4100
ATIF,2022-05-26,2.34,2.35,2.25,2.25,-0.1025,-4.36%,3400
ATIF,2022-05-27,2.25,2.299,2.23,2.23,-0.02,-0.89%,1200
ATIF,2022-05-31,2.34,2.34,2.29,2.34,0.11,+4.93%,2400
ATIF,2022-06-01,2.33,2.33,2.2035,2.22,-0.12,-5.13%,1200
ATIF,2022-06-02,2.28,2.6,2.28,2.6,0.38,+17.12%,2501
ATIF,2022-06-03,2.22,2.22,2.22,2.22,-0.38,-14.62%,300
ATIF,2022-06-06,2.28,2.99,2.28,2.57,0.35,+15.77%,18600
ATIF,2022-06-07,2.68,2.68,2.32,2.52,-0.05,-1.95%,5100
ATIF,2022-06-08,2.36,2.4373,2.33,2.4373,-0.0827,-3.28%,1700
ATIF,2022-06-09,2.3,2.4527,2.23,2.4527,0.0154,+0.63%,1900
ATIF,2022-06-10,2.24,2.2795,2.24,2.2795,-0.1732,-7.06%,500
ATIF,2022-06-13,2.28,2.4801,2.28,2.4664,0.1869,+8.20%,1600
ATIF,2022-06-14,2.35,2.5,1.87,2,-0.4664,-18.91%,17800
ATIF,2022-06-15,2.02,2.12,1.95,1.95,-0.05,-2.50%,9100
ATIF,2022-06-16,2.05,2.08,1.95,2.08,0.13,+6.67%,3800
ATIF,2022-06-17,2.15,2.15,2.1,2.1,0.02,+0.96%,2200
ATIF,2022-06-21,1.98,2.19,1.95,2.19,0.09,+4.29%,5600
ATIF,2022-06-22,2.06,2.13,1.98,2,-0.19,-8.68%,56900
ATIF,2022-06-23,2.26,2.5,1.93,2.1,0.1,+5.00%,145400
ATIF,2022-06-24,2.1601,2.1601,1.9801,2.02,-0.08,-3.81%,10500
ATIF,2022-06-27,1.9522,2.13,1.9522,2.0711,0.0511,+2.53%,1400
ATIF,2022-06-28,1.93,2.01,1.92,1.9201,-0.151,-7.29%,3200
ATIF,2022-06-29,1.9325,1.9325,1.9,1.9,-0.0201,-1.05%,3200
ATIF,2022-06-30,1.9,1.9,1.9,1.9,0,0.00%,200
ATIF,2022-07-01,1.91,2.0183,1.9,1.97,0.07,+3.68%,1500
ATIF,2022-07-05,1.94,2.02,1.94,2.02,0.05,+2.54%,200
ATIF,2022-07-06,1.98,2.02,1.98,2.02,0,0.00%,3100
ATIF,2022-07-07,1.99,2.01,1.99,2.01,-0.01,-0.50%,600
ATIF,2022-07-08,1.98,2.01,1.98,2.01,0,0.00%,1200
ATIF,2022-07-11,2.01,2.02,2.01,2.01,0,0.00%,1600
ATIF,2022-07-12,2,2,1.89,1.89,-0.12,-5.97%,4000
ATIF,2022-07-13,1.89,1.89,1.89,1.89,0,0.00%,600
ATIF,2022-07-14,1.87,1.87,1.85,1.865,-0.025,-1.32%,1800
ATIF,2022-07-15,1.93,1.93,1.93,1.93,0.065,+3.49%,300
ATIF,2022-07-18,1.9001,1.9001,1.9001,1.9001,-0.0299,-1.55%,400
ATIF,2022-07-19,1.98,1.997,1.8,1.881,-0.0191,-1.01%,7200
ATIF,2022-07-20,1.8601,1.8601,1.8601,1.8601,-0.0209,-1.11%,700
ATIF,2022-07-21,1.8901,1.8901,1.82,1.8222,-0.0379,-2.04%,2200
ATIF,2022-07-22,1.78,1.825,1.76,1.78,-0.0422,-2.32%,2100
ATIF,2022-07-25,1.79,1.8735,1.79,1.79,0.01,+0.56%,1200
ATIF,2022-07-26,1.76,1.76,1.75,1.75,-0.04,-2.23%,500
ATIF,2022-07-28,1.77,1.828,1.77,1.828,0.078,+4.46%,3100
ATIF,2022-07-29,1.77,1.895,1.77,1.895,0.067,+3.67%,1000
ATIF,2022-08-01,1.84,1.9559,1.76,1.76,-0.135,-7.12%,2400
ATIF,2022-08-02,1.77,2.34,1.65,2.1295,0.3695,+20.99%,53300
ATIF,2022-08-03,2.1,2.1,1.8301,1.93,-0.1995,-9.37%,8000
ATIF,2022-08-04,1.945,2.05,1.8466,1.8601,-0.0699,-3.62%,6200
ATIF,2022-08-05,2.0099,2.75,1.9,2.3831,0.523,+28.12%,297000
ATIF,2022-08-08,2.16,2.17,1.91,1.95,-0.4331,-18.17%,50500
ATIF,2022-08-09,2.14,2.14,1.9,1.9,-0.05,-2.56%,9800
ATIF,2022-08-10,1.91,2,1.9,1.91,0.01,+0.53%,13700
ATIF,2022-08-11,2.05,2.05,1.95,1.96,0.05,+2.62%,20300
ATIF,2022-08-12,2.02,2.02,1.91,1.97,0.01,+0.51%,10700
ATIF,2022-08-15,1.94,2,1.88,1.91,-0.06,-3.05%,9500
ATIF,2022-08-16,1.92,2.07,1.92,1.98,0.07,+3.66%,6500
ATIF,2022-08-17,1.98,2.1,1.921,2.0303,0.0503,+2.54%,11400
ATIF,2022-08-18,2.12,2.17,1.9,2.07,0.0397,+1.96%,60600
ATIF,2022-08-19,1.87,2.04,1.86,2.01,-0.06,-2.90%,19700
ATIF,2022-08-22,1.92,1.92,1.82,1.845,-0.165,-8.21%,5300
ATIF,2022-08-23,1.83,1.95,1.79,1.865,0.02,+1.08%,12600
ATIF,2022-08-24,1.88,1.88,1.86,1.87,0.005,+0.27%,1400
ATIF,2022-08-25,1.76,1.84,1.75,1.84,-0.03,-1.60%,6100
ATIF,2022-08-26,1.83,1.83,1.76,1.76,-0.08,-4.35%,1200
ATIF,2022-08-29,1.82,1.82,1.71,1.71,-0.05,-2.84%,3000
ATIF,2022-08-30,1.71,1.97,1.7078,1.795,0.085,+4.97%,19500
ATIF,2022-08-31,1.79,1.79,1.71,1.71,-0.085,-4.74%,8800
ATIF,2022-09-01,1.73,1.89,1.7201,1.8473,0.1373,+8.03%,8800
ATIF,2022-09-02,1.94,2.09,1.77,1.7727,-0.0746,-4.04%,36300
ATIF,2022-09-06,1.73,1.78,1.73,1.76,-0.0127,-0.72%,2400
ATIF,2022-09-07,1.75,1.75,1.63,1.72,-0.04,-2.27%,5800
ATIF,2022-09-08,1.79,1.79,1.72,1.72,0,0.00%,700
ATIF,2022-09-09,1.66,1.74,1.66,1.74,0.02,+1.16%,2500
ATIF,2022-09-12,1.68,1.68,1.66,1.66,-0.08,-4.60%,5100
ATIF,2022-09-13,1.68,1.68,1.47,1.62,-0.04,-2.41%,18900
ATIF,2022-09-14,1.55,1.7199,1.5427,1.7199,0.0999,+6.17%,701
ATIF,2022-09-15,2.08,2.0809,1.86,1.99,0.2701,+15.70%,56700
ATIF,2022-09-16,1.9372,2.01,1.8349,1.9807,-0.0093,-0.47%,1600
ATIF,2022-09-19,1.91,1.91,1.8301,1.8301,-0.1506,-7.60%,6000
ATIF,2022-09-20,1.84,1.848,1.65,1.69,-0.1401,-7.66%,4700
ATIF,2022-09-21,1.7001,1.7001,1.7,1.7,0.01,+0.59%,1000
ATIF,2022-09-22,1.67,1.69,1.67,1.67,-0.03,-1.76%,1200
ATIF,2022-09-23,1.65,1.65,1.58,1.58,-0.09,-5.39%,1000
ATIF,2022-09-26,1.57,1.57,1.52,1.57,-0.01,-0.63%,1100
ATIF,2022-09-27,1.61,1.62,1.57,1.62,0.05,+3.18%,1700
ATIF,2022-09-29,1.5201,1.5201,1.5201,1.5201,-0.0999,-6.17%,300
ATIF,2022-09-30,1.58,1.58,1.58,1.58,0.0599,+3.94%,200
ATIF,2022-10-03,1.61,1.8,1.5901,1.8,0.22,+13.92%,1300
ATIF,2022-10-04,1.621,1.621,1.621,1.621,-0.179,-9.94%,400
ATIF,2022-10-05,1.73,1.74,1.62,1.63,0.009,+0.56%,1600
ATIF,2022-10-06,1.68,1.68,1.67,1.68,0.05,+3.07%,700
ATIF,2022-10-07,1.61,1.75,1.4502,1.71,0.03,+1.79%,10000
ATIF,2022-10-10,1.6,1.648,1.6,1.648,-0.062,-3.63%,1000
ATIF,2022-10-11,1.61,1.61,1.55,1.55,-0.098,-5.95%,1800
ATIF,2022-10-12,1.4658,1.4658,1.4601,1.4601,-0.0899,-5.80%,1400
ATIF,2022-10-13,1.3,1.45,1.25,1.36,-0.1001,-6.86%,7400
ATIF,2022-10-14,1.3,1.3,1.3,1.3,-0.06,-4.41%,200
ATIF,2022-10-17,1.438,1.438,1.25,1.25,-0.05,-3.85%,1900
ATIF,2022-10-18,1.2682,1.2682,1.25,1.25,0,0.00%,900
ATIF,2022-10-19,1.2501,1.365,1.2501,1.365,0.115,+9.20%,600
ATIF,2022-10-20,1.3,1.47,1.3,1.47,0.105,+7.69%,600
ATIF,2022-10-21,1.32,1.32,1.32,1.32,-0.15,-10.20%,200
ATIF,2022-10-24,1.3538,1.41,1.3501,1.37,0.05,+3.79%,2400
ATIF,2022-10-25,1.35,1.35,1.26,1.34,-0.03,-2.19%,3100
ATIF,2022-10-26,1.25,1.46,1.25,1.39,0.05,+3.73%,21700
ATIF,2022-10-27,1.39,1.39,1.23,1.2999,-0.0901,-6.48%,3200
ATIF,2022-10-28,1.31,1.39,1.3,1.3,0.0001,+0.01%,2100
ATIF,2022-10-31,1.4023,1.4023,1.3165,1.3801,0.0801,+6.16%,2300
ATIF,2022-11-01,1.3242,1.335,1.3242,1.335,-0.0451,-3.27%,1200
ATIF,2022-11-02,1.35,1.47,1.3191,1.405,0.07,+5.24%,4900
ATIF,2022-11-03,1.34,1.4799,1.3108,1.3108,-0.0942,-6.70%,1200
ATIF,2022-11-04,1.3626,1.48,1.3626,1.47,0.1592,+12.15%,3800
ATIF,2022-11-07,1.41,1.48,1.25,1.48,0.01,+0.68%,10600
ATIF,2022-11-08,1.335,1.335,1.32,1.32,-0.16,-10.81%,500
ATIF,2022-11-09,1.32,1.39,1.3,1.31,-0.01,-0.76%,13100
ATIF,2022-11-10,1.36,1.4412,1.36,1.4412,0.1312,+10.02%,300
ATIF,2022-11-11,1.37,1.46,1.305,1.32,-0.1212,-8.41%,3100
ATIF,2022-11-14,1.38,1.4599,1.37,1.4599,0.1399,+10.60%,1300
ATIF,2022-11-15,1.4,1.44,1.4,1.44,-0.0199,-1.36%,1000
ATIF,2022-11-16,1.44,1.44,1.43,1.43,-0.01,-0.69%,2900
ATIF,2022-11-17,1.3325,1.48,1.3325,1.48,0.05,+3.50%,19500
ATIF,2022-11-18,1.52,1.52,1.42,1.45,-0.03,-2.03%,6700
ATIF,2022-11-22,1.41,1.41,1.33,1.38,-0.07,-4.83%,1400
ATIF,2022-11-23,1.3,1.39,1.3,1.39,0.01,+0.72%,400
ATIF,2022-11-25,1.4,1.48,1.4,1.48,0.09,+6.47%,3000
ATIF,2022-11-28,1.4,1.41,1.4,1.4,-0.08,-5.41%,700
ATIF,2022-11-29,1.33,1.49,1.33,1.49,0.09,+6.43%,1600
ATIF,2022-11-30,1.48,1.49,1.4,1.49,0,0.00%,3600
ATIF,2022-12-01,1.4473,1.4473,1.4473,1.4473,-0.0427,-2.87%,300
ATIF,2022-12-02,1.35,1.45,1.35,1.45,0.0027,+0.19%,500
ATIF,2022-12-05,1.3701,1.4325,1.3701,1.4325,-0.0175,-1.21%,600
ATIF,2022-12-06,1.35,1.4,1.34,1.4,-0.0325,-2.27%,14300
ATIF,2022-12-07,1.4,1.4,1.3262,1.3262,-0.0738,-5.27%,1200
ATIF,2022-12-08,1.4426,1.4426,1.42,1.42,0.0938,+7.07%,1800
ATIF,2022-12-09,1.3802,1.42,1.3802,1.42,0,0.00%,2300
ATIF,2022-12-12,1.42,1.5,1.42,1.48,0.06,+4.23%,16700
ATIF,2022-12-13,1.49,1.5599,1.49,1.55,0.07,+4.73%,13600
ATIF,2022-12-14,1.45,1.62,1.45,1.62,0.07,+4.52%,11800
ATIF,2022-12-15,1.6,1.7,1.58,1.68,0.06,+3.70%,20300
ATIF,2022-12-16,1.59,1.72,1.59,1.72,0.04,+2.38%,21200
ATIF,2022-12-19,1.4772,1.84,1.4264,1.84,0.12,+6.98%,21700
ATIF,2022-12-20,1.84,2.025,1.73,2,0.16,+8.70%,21900
ATIF,2022-12-21,2,2.15,1.57,2.1,0.1,+5.00%,61200
ATIF,2022-12-22,2.0506,2.19,1.98,2.1475,0.0475,+2.26%,14700
ATIF,2022-12-23,1.99,2.32,1.99,2.27,0.1225,+5.70%,20200
ATIF,2022-12-27,2.28,2.289,1.76,2.21,-0.06,-2.64%,12800
ATIF,2022-12-28,2.24,2.3,2.06,2.2461,0.0361,+1.63%,19200
ATIF,2022-12-29,2.22,2.34,2.1,2.34,0.0939,+4.18%,22100
ATIF,2022-12-30,2.14,2.3,2.14,2.24,-0.1,-4.27%,9700
ATIF,2023-01-03,2.23,2.36,2.01,2.36,0.12,+5.36%,28900
ATIF,2023-01-04,2.37,2.5,2.21,2.5,0.14,+5.93%,18300
ATIF,2023-01-05,2.67,2.68,2.3806,2.6,0.1,+4.00%,19000
ATIF,2023-01-06,2.79,2.87,2.6577,2.7312,0.1312,+5.05%,7600
ATIF,2023-01-09,2.68,2.6999,2.52,2.56,-0.1712,-6.27%,5300
ATIF,2023-01-10,2.56,2.7,2.56,2.68,0.12,+4.69%,6000
ATIF,2023-01-11,2.33,2.7,2.33,2.69,0.01,+0.37%,5100
ATIF,2023-01-12,2.685,2.7,2.4609,2.7,0.01,+0.37%,28400
ATIF,2023-01-13,2.66,2.6727,2.46,2.6727,-0.0273,-1.01%,8200
ATIF,2023-01-17,2.52,2.7,2.52,2.68,0.0073,+0.27%,10600
ATIF,2023-01-18,2.66,2.66,2.48,2.6399,-0.0401,-1.50%,3100
ATIF,2023-01-19,2.51,2.51,2.32,2.51,-0.1299,-4.92%,9200
ATIF,2023-01-20,2.4,2.68,2.4,2.6368,0.1268,+5.05%,11700
ATIF,2023-01-23,2.7,2.7,2.32,2.595,-0.0418,-1.59%,9700
ATIF,2023-01-24,2.5684,2.59,2.5668,2.5757,-0.0193,-0.74%,7400
ATIF,2023-01-25,2.33,2.55,2.11,2.55,-0.0257,-1.00%,3100
ATIF,2023-01-26,2.54,2.54,2.26,2.49,-0.06,-2.35%,5700
ATIF,2023-01-27,2.33,2.56,2.33,2.56,0.07,+2.81%,3900
ATIF,2023-01-30,2.5027,2.51,2.5,2.5087,-0.0513,-2.00%,1500
ATIF,2023-01-31,2.5001,2.56,2.4979,2.56,0.0513,+2.04%,5500
ATIF,2023-02-01,2.56,2.56,2.53,2.55,-0.01,-0.39%,3400
ATIF,2023-02-02,2.56,2.62,2.52,2.62,0.07,+2.75%,8600
ATIF,2023-02-03,2.6211,2.68,2.6211,2.68,0.06,+2.29%,2900
ATIF,2023-02-06,2.68,2.68,2.62,2.6201,-0.0599,-2.24%,2300
ATIF,2023-02-07,2.595,2.65,2.595,2.65,0.0299,+1.14%,2700
ATIF,2023-02-08,2.17,2.61,2.167,2.5,-0.15,-5.66%,7500
ATIF,2023-02-09,2.1801,2.57,2.1801,2.57,0.07,+2.80%,600
ATIF,2023-02-10,2.44,2.6099,2.44,2.5867,0.0167,+0.65%,800
ATIF,2023-02-13,2.405,2.6001,2.2254,2.51,-0.0767,-2.97%,5900
ATIF,2023-02-15,2.22,2.5562,2.22,2.5562,0.0462,+1.84%,1000
ATIF,2023-02-16,2.48,2.6,2.33,2.6,0.0438,+1.71%,2911
ATIF,2023-02-17,2.37,2.5364,2.31,2.5364,-0.0636,-2.45%,2000
ATIF,2023-02-21,2.35,2.5,2.27,2.5,-0.0364,-1.44%,1400
ATIF,2023-02-22,2.2273,2.48,2.2273,2.47,-0.03,-1.20%,1200
ATIF,2023-02-23,2.35,2.4999,2.3,2.4999,0.0299,+1.21%,1400
ATIF,2023-02-24,2.39,2.4899,2.305,2.4899,-0.01,-0.40%,1000
ATIF,2023-02-27,2.4,2.4,2.23,2.37,-0.1199,-4.82%,1800
ATIF,2023-02-28,2.3,2.38,2.24,2.38,0.01,+0.42%,1100
ATIF,2023-03-01,2.25,2.3999,2.1304,2.3999,0.0199,+0.84%,1400
ATIF,2023-03-02,2.14,2.4999,2.14,2.22,-0.1799,-7.50%,2100
ATIF,2023-03-03,2.25,2.25,2.25,2.25,0.03,+1.35%,200
ATIF,2023-03-08,2.36,2.4999,2.36,2.4999,0.2499,+11.11%,400
ATIF,2023-03-09,2.21,2.48,2.21,2.48,-0.0199,-0.80%,600
ATIF,2023-03-10,2.2567,2.4048,2.04,2.11,-0.37,-14.92%,5000
ATIF,2023-03-13,2.2,2.2,2,2.2,0.09,+4.27%,2500
ATIF,2023-03-14,2.0001,2.2,2.0001,2.02,-0.18,-8.18%,500
ATIF,2023-03-15,2.06,2.4,2.06,2.4,0.38,+18.81%,4500
ATIF,2023-03-16,2.22,2.23,1.93,2.2,-0.2,-8.33%,3800
ATIF,2023-03-20,1.85,2.17,1.81,2.17,-0.03,-1.36%,3400
ATIF,2023-03-21,1.83,2.03,1.79,2.03,-0.14,-6.45%,5300
ATIF,2023-03-22,1.89,2.2455,1.84,2.2455,0.2155,+10.62%,1950
ATIF,2023-03-23,1.87,2.02,1.7501,2.02,-0.2255,-10.04%,9800
ATIF,2023-03-24,1.9,2.08,1.9,2.08,0.06,+2.97%,1800
ATIF,2023-03-28,2.06,2.06,2.06,2.06,-0.02,-0.96%,400
ATIF,2023-03-29,1.91,2.01,1.91,2.01,-0.05,-2.43%,1800
ATIF,2023-03-30,1.8962,1.9999,1.79,1.79,-0.22,-10.95%,4000
ATIF,2023-03-31,1.72,2.15,1.72,2.15,0.36,+20.11%,1900
ATIF,2023-04-03,1.95,2.0352,1.79,2.0352,-0.1148,-5.34%,2300
ATIF,2023-04-04,1.85,1.97,1.85,1.97,-0.0652,-3.20%,700
ATIF,2023-04-05,2.0999,2.0999,2.0999,2.0999,0.1299,+6.59%,300
ATIF,2023-04-06,2.01,2.0702,1.985,2.04,-0.0599,-2.85%,2300
ATIF,2023-04-10,1.81,1.81,1.8,1.8,-0.24,-11.76%,700
ATIF,2023-04-11,1.8,2.0703,1.8,2.0703,0.2703,+15.02%,5300
ATIF,2023-04-12,2.07,2.07,1.83,2.0397,-0.0306,-1.48%,16600
ATIF,2023-04-13,1.95,2.04,1.81,2,-0.0397,-1.95%,2600
ATIF,2023-04-14,1.89,1.89,1.89,1.89,-0.11,-5.50%,1200
ATIF,2023-04-17,1.84,1.9645,1.84,1.9645,0.0745,+3.94%,1200
ATIF,2023-04-18,1.87,1.95,1.81,1.9,-0.0645,-3.28%,1300
ATIF,2023-04-19,1.8,1.8699,1.75,1.81,-0.09,-4.74%,2200
ATIF,2023-04-20,1.896,1.896,1.6001,1.8899,0.0799,+4.41%,2600
ATIF,2023-04-21,1.6412,1.88,1.6412,1.79,-0.0999,-5.29%,3000
ATIF,2023-04-24,1.66,1.82,1.64,1.82,0.03,+1.68%,1100
ATIF,2023-04-25,1.66,1.8592,1.31,1.6458,-0.1742,-9.57%,27000
ATIF,2023-04-26,1.55,1.5865,1.35,1.5865,-0.0593,-3.60%,4200
ATIF,2023-04-27,1.5699,1.5699,1.51,1.5699,-0.0166,-1.05%,1000
ATIF,2023-04-28,1.63,1.7399,1.6239,1.64,0.0701,+4.47%,2600
ATIF,2023-05-01,1.6899,1.6899,1.6899,1.6899,0.0499,+3.04%,800
ATIF,2023-05-02,1.69,1.7266,1.68,1.68,-0.0099,-0.59%,2200
ATIF,2023-05-03,1.65,1.81,1.65,1.75,0.07,+4.17%,4300
ATIF,2023-05-04,1.6516,1.6516,1.6516,1.6516,-0.0984,-5.62%,100
ATIF,2023-05-05,1.6813,1.6813,1.6813,1.6813,0.0297,+1.80%,100
ATIF,2023-05-08,1.76,1.79,1.76,1.79,0.1087,+6.47%,600
ATIF,2023-05-09,1.81,1.81,1.7,1.77,-0.02,-1.12%,2300
ATIF,2023-05-10,1.71,1.825,1.71,1.825,0.055,+3.11%,700
ATIF,2023-05-11,1.8,1.82,1.8,1.82,-0.005,-0.27%,1900
ATIF,2023-05-12,1.7,1.73,1.65,1.73,-0.09,-4.95%,3500
ATIF,2023-05-15,1.6502,1.6645,1.6502,1.6645,-0.0655,-3.79%,1000
ATIF,2023-05-16,1.67,1.9586,1.67,1.9586,0.2941,+17.67%,500
ATIF,2023-05-17,1.8999,1.8999,1.7041,1.7095,-0.2491,-12.72%,1100
ATIF,2023-05-18,1.71,1.71,1.71,1.71,0.0005,+0.03%,400
ATIF,2023-05-19,1.79,1.79,1.53,1.53,-0.18,-10.53%,2000
ATIF,2023-05-22,1.54,1.7657,1.54,1.7481,0.2181,+14.25%,2200
ATIF,2023-05-23,1.65,1.65,1.6399,1.6399,-0.1082,-6.19%,500
ATIF,2023-05-24,1.4798,1.76,1.4798,1.76,0.1201,+7.32%,1300
ATIF,2023-05-25,1.52,1.71,1.51,1.7,-0.06,-3.41%,6400
ATIF,2023-05-26,1.51,1.6999,1.51,1.6999,-0.0001,-0.01%,2000
ATIF,2023-05-30,1.63,1.63,1.606,1.606,-0.0939,-5.52%,600
ATIF,2023-05-31,1.65,1.65,1.65,1.65,0.044,+2.74%,200
ATIF,2023-06-01,1.6,1.63,1.6,1.62,-0.03,-1.82%,700
ATIF,2023-06-02,1.7,1.7,1.62,1.62,0,0.00%,2500
ATIF,2023-06-05,1.61,1.6445,1.61,1.6445,0.0245,+1.51%,1600
ATIF,2023-06-06,1.65,1.65,1.65,1.65,0.0055,+0.33%,600
ATIF,2023-06-07,1.61,1.84,1.61,1.63,-0.02,-1.21%,54700
ATIF,2023-06-08,1.73,1.8,1.6706,1.6834,0.0534,+3.28%,3400
ATIF,2023-06-09,1.695,1.695,1.64,1.6895,0.0061,+0.36%,700
ATIF,2023-06-12,1.67,1.67,1.65,1.65,-0.0395,-2.34%,1000
ATIF,2023-06-13,1.6299,1.7538,1.625,1.625,-0.025,-1.52%,7900
ATIF,2023-06-14,1.61,1.61,1.5,1.52,-0.105,-6.46%,3600
ATIF,2023-06-15,1.6,1.65,1.6,1.65,0.13,+8.55%,1500
ATIF,2023-06-16,1.66,1.8,1.66,1.66,0.01,+0.61%,1500
ATIF,2023-06-20,1.62,1.6608,1.51,1.52,-0.14,-8.43%,2200
ATIF,2023-06-21,1.52,1.52,1.52,1.52,0,0.00%,100
ATIF,2023-06-22,1.6,1.6023,1.6,1.6,0.08,+5.26%,2700
ATIF,2023-06-23,1.52,1.58,1.5,1.5,-0.1,-6.25%,1800
ATIF,2023-06-26,1.5501,1.5501,1.55,1.55,0.05,+3.33%,700
ATIF,2023-06-27,1.5501,1.5505,1.55,1.55,0,0.00%,1800
ATIF,2023-06-28,1.59,1.6,1.58,1.59,0.04,+2.58%,3100
ATIF,2023-06-30,1.52,1.52,1.47,1.47,-0.12,-7.55%,2700
ATIF,2023-07-05,1.6,1.6377,1.6,1.6377,0.1677,+11.41%,4000
ATIF,2023-07-06,1.5454,1.6279,1.505,1.62,-0.0177,-1.08%,3200
ATIF,2023-07-07,1.55,1.58,1.55,1.55,-0.07,-4.32%,1300
ATIF,2023-07-11,1.5002,1.5005,1.5002,1.5005,-0.0495,-3.19%,600
ATIF,2023-07-12,1.5001,1.55,1.5001,1.55,0.0495,+3.30%,2200
ATIF,2023-07-13,1.52,1.52,1.52,1.52,-0.03,-1.94%,200
ATIF,2023-07-14,1.63,1.63,1.5,1.57,0.05,+3.29%,1600
ATIF,2023-07-17,1.44,1.59,1.44,1.5081,-0.0619,-3.94%,2900
ATIF,2023-07-18,1.5,1.55,1.5,1.5,-0.0081,-0.54%,1300
ATIF,2023-07-19,1.55,1.575,1.55,1.55,0.05,+3.33%,2400
ATIF,2023-07-20,1.55,1.55,1.55,1.55,0,0.00%,400
ATIF,2023-07-21,1.6,1.6,1.5,1.6,0.05,+3.23%,1800
ATIF,2023-07-24,1.5153,1.55,1.5001,1.5001,-0.0999,-6.24%,400
ATIF,2023-07-25,1.5127,1.5127,1.5087,1.5087,0.0086,+0.57%,900
ATIF,2023-07-26,1.55,1.55,1.55,1.55,0.0413,+2.74%,300
ATIF,2023-07-31,1.55,1.55,1.55,1.55,0,0.00%,200
ATIF,2023-08-01,1.44,1.44,1.44,1.44,-0.11,-7.10%,600
ATIF,2023-08-02,1.5,1.52,1.5,1.52,0.08,+5.56%,300
ATIF,2023-08-03,1.52,1.52,1.51,1.51,-0.01,-0.66%,2000
ATIF,2023-08-08,1.59,1.62,1.575,1.6,0.09,+5.96%,2600
ATIF,2023-08-10,1.5144,1.5144,1.5144,1.5144,-0.0856,-5.35%,500
ATIF,2023-08-14,1.52,1.52,1.52,1.52,0.0056,+0.37%,100
ATIF,2023-08-15,1.51,1.5418,1.51,1.5418,0.0218,+1.43%,1300
ATIF,2023-08-16,1.5001,1.5001,1.5001,1.5001,-0.0417,-2.70%,700
ATIF,2023-08-17,1.5,1.5,1.5,1.5,-0.0001,-0.01%,400
ATIF,2023-08-18,1.55,1.55,1.5001,1.5001,0.0001,+0.01%,2200
ATIF,2023-08-21,1.44,1.5,1.44,1.5,-0.0001,-0.01%,400
ATIF,2023-08-22,1.3635,1.3635,1.3635,1.3635,-0.1365,-9.10%,200
ATIF,2023-08-24,1.67,1.67,1.41,1.41,0.0465,+3.41%,2800
ATIF,2023-08-25,1.45,1.45,1.45,1.45,0.04,+2.84%,400
ATIF,2023-08-28,1.32,1.51,1.28,1.51,0.06,+4.14%,3300
ATIF,2023-08-29,1.36,1.36,1.31,1.31,-0.2,-13.25%,400
ATIF,2023-08-30,1.3701,1.3701,1.3701,1.3701,0.0601,+4.59%,200
ATIF,2023-08-31,1.46,1.46,1.38,1.39,0.0199,+1.45%,2100
ATIF,2023-09-01,1.3,1.3,1.29,1.3,-0.09,-6.47%,600
ATIF,2023-09-05,1.2999,1.3,1.29,1.2905,-0.0095,-0.73%,1300
ATIF,2023-09-06,1.2801,1.2801,1.2801,1.2801,-0.0104,-0.81%,614
ATIF,2023-09-07,1.56,2,1.32,1.5501,0.27,+21.09%,1046900
ATIF,2023-09-08,1.51,1.525,1.355,1.5,-0.0501,-3.23%,46300
ATIF,2023-09-11,1.38,1.44,1.33,1.36,-0.14,-9.33%,24800
ATIF,2023-09-12,1.36,1.49,1.33,1.49,0.13,+9.56%,6700
ATIF,2023-09-13,1.39,1.39,1.39,1.39,-0.1,-6.71%,400
ATIF,2023-09-14,1.33,1.435,1.33,1.4,0.01,+0.72%,6100
ATIF,2023-09-15,1.33,1.38,1.3,1.3,-0.1,-7.14%,3200
ATIF,2023-09-18,1.3,1.4,1.3,1.35,0.05,+3.85%,4900
ATIF,2023-09-19,1.34,1.352,1.2865,1.35,0,0.00%,2600
ATIF,2023-09-20,1.36,1.36,1.28,1.29,-0.06,-4.44%,4900
ATIF,2023-09-21,1.36,1.4533,1.25,1.31,0.02,+1.55%,5700
ATIF,2023-09-22,1.32,1.3422,1.32,1.3382,0.0282,+2.15%,500
ATIF,2023-09-25,1.31,1.335,1.31,1.335,-0.0032,-0.24%,600
ATIF,2023-09-26,1.26,1.34,1.2581,1.3,-0.035,-2.62%,3900
ATIF,2023-09-27,1.25,1.32,1.25,1.32,0.02,+1.54%,2200
ATIF,2023-09-28,1.3136,1.3136,1.3136,1.3136,-0.0064,-0.48%,600
ATIF,2023-09-29,1.25,1.25,1.225,1.225,-0.0886,-6.74%,2200
ATIF,2023-10-02,1.21,1.21,1.17,1.2,-0.025,-2.04%,1900
ATIF,2023-10-03,1.16,1.25,1.16,1.24,0.04,+3.33%,2200
ATIF,2023-10-04,1.24,1.24,1.1201,1.23,-0.01,-0.81%,1600
ATIF,2023-10-06,1.1852,1.1852,1.1852,1.1852,-0.0448,-3.64%,100
ATIF,2023-10-09,1.18,1.18,1.0501,1.0501,-0.1351,-11.40%,1800
ATIF,2023-10-10,1.039,1.24,1.035,1.0904,0.0403,+3.84%,6200
ATIF,2023-10-11,1.02,1.13,1.02,1.13,0.0396,+3.63%,7600
ATIF,2023-10-12,1.25,1.32,1.11,1.17,0.04,+3.54%,8200
ATIF,2023-10-13,1.2101,1.34,1.12,1.34,0.17,+14.53%,5500
ATIF,2023-10-16,1.24,1.35,1.24,1.25,-0.09,-6.72%,2800
ATIF,2023-10-17,1.3102,1.32,1.3102,1.3102,0.0602,+4.82%,2100
ATIF,2023-10-18,1.26,1.33,1.18,1.26,-0.0502,-3.83%,3100
ATIF,2023-10-19,1.19,1.21,1.17,1.21,-0.05,-3.97%,1800
ATIF,2023-10-20,1.21,1.21,1.17,1.17,-0.04,-3.31%,1400
ATIF,2023-10-23,1.36,1.45,1.2595,1.345,0.175,+14.96%,3300
ATIF,2023-10-24,1.2,1.22,1.14,1.14,-0.205,-15.24%,5000
ATIF,2023-10-25,1.19,1.19,1.19,1.19,0.05,+4.39%,500
ATIF,2023-10-26,1.22,1.285,1.22,1.285,0.095,+7.98%,1800
ATIF,2023-10-27,1.1101,1.1101,1.1101,1.1101,-0.1749,-13.61%,200
ATIF,2023-11-01,1.12,1.12,1.11,1.11,-0.0001,-0.01%,1000
ATIF,2023-11-02,1.11,1.16,1.11,1.16,0.05,+4.50%,700
ATIF,2023-11-03,1.0986,1.1024,1.0986,1.1024,-0.0576,-4.97%,1100
ATIF,2023-11-06,0.9741,1.1444,0.9741,1.1444,0.042,+3.81%,2800
ATIF,2023-11-07,1.0401,1.0401,1.0401,1.0401,-0.1043,-9.11%,400
ATIF,2023-11-08,1,1,1,1,-0.0401,-3.86%,400
ATIF,2023-11-09,1,1,1,1,0,0.00%,400
ATIF,2023-11-10,0.77,1.01,0.77,1.01,0.01,+1.00%,2500
ATIF,2023-11-14,1,1,1,1,-0.01,-0.99%,900
ATIF,2023-11-15,0.9999,1,0.9999,1,0,0.00%,1200
ATIF,2023-11-16,1,1.01,1,1,0,0.00%,3800
ATIF,2023-11-17,0.97,1.18,0.97,1.03,0.03,+3.00%,4900
ATIF,2023-11-20,1.19,1.19,1.02,1.04,0.01,+0.97%,2600
ATIF,2023-11-21,0.93,0.95,0.93,0.9304,-0.1096,-10.54%,1700
ATIF,2023-11-24,1.19,1.2,1.02,1.12,0.1896,+20.38%,15500
ATIF,2023-11-27,1.14,1.14,1.0503,1.0503,-0.0697,-6.22%,2400
ATIF,2023-11-28,1.19,1.19,0.96,1.01,-0.0403,-3.84%,1100
ATIF,2023-11-30,1.17,1.17,1.07,1.1699,0.1599,+15.83%,2500
ATIF,2023-12-01,0.8701,1.15,0.8701,1.1032,-0.0667,-5.70%,9600
ATIF,2023-12-04,1.02,1.1,1.02,1.1,-0.0032,-0.29%,1300
ATIF,2023-12-05,1.1,1.1,1.1,1.1,0,0.00%,1600
ATIF,2023-12-06,0.93,1.1,0.93,1.1,0,0.00%,1200
ATIF,2023-12-07,0.884,1.04,0.884,1.04,-0.06,-5.45%,2900
ATIF,2023-12-08,1.02,1.1,0.9501,1.1,0.06,+5.77%,1400
ATIF,2023-12-11,1.02,1.02,0.94,0.94,-0.16,-14.55%,2300
ATIF,2023-12-12,0.92,0.9441,0.92,0.9441,0.0041,+0.44%,300
ATIF,2023-12-13,0.9913,1,0.9913,0.9913,0.0472,+5.00%,1300
ATIF,2023-12-14,0.8501,0.9078,0.8501,0.9078,-0.0835,-8.42%,1000
ATIF,2023-12-15,0.8937,0.8937,0.8937,0.8937,-0.0141,-1.55%,300
ATIF,2023-12-18,0.85,0.9,0.85,0.85,-0.0437,-4.89%,3100
ATIF,2023-12-19,0.8501,0.8501,0.8501,0.8501,0.0001,+0.01%,100
ATIF,2023-12-20,0.886,0.9015,0.886,0.9015,0.0514,+6.05%,500
ATIF,2023-12-21,0.86,1.05,0.85,1.05,0.1485,+16.47%,3200
ATIF,2023-12-22,0.65,0.9251,0.65,0.8811,-0.1689,-16.09%,5600
ATIF,2023-12-26,0.8525,0.9,0.8525,0.88,-0.0011,-0.12%,4100
ATIF,2023-12-27,0.924,0.924,0.7354,0.8999,0.0199,+2.26%,72300
ATIF,2023-12-28,0.801,1.04,0.801,1.04,0.1401,+15.57%,69600
ATIF,2023-12-29,1.04,1.0499,0.97,1.045,0.005,+0.48%,11900
ATIF,2024-01-02,1.1,1.1,0.96,1.0396,-0.0054,-0.52%,7100
ATIF,2024-01-03,1.04,1.0684,1.0135,1.0684,0.0288,+2.77%,9600
ATIF,2024-01-04,1.28,1.38,1.211,1.23,0.1616,+15.13%,266700
ATIF,2024-01-05,1.15,1.16,1.05,1.05,-0.18,-14.63%,25300
ATIF,2024-01-08,1.13,1.2,1.05,1.2,0.15,+14.29%,19100
ATIF,2024-01-09,1.2,1.2,1.2,1.2,0,0.00%,200
ATIF,2024-01-10,1.11,1.19,1.11,1.19,-0.01,-0.83%,15000
ATIF,2024-01-11,0.77,1.2,0.77,1.2,0.01,+0.84%,25900
ATIF,2024-01-12,1.18,1.18,1.05,1.0612,-0.1388,-11.57%,4200
ATIF,2024-01-16,1,1.171,0.96,1.0038,-0.0574,-5.41%,25800
ATIF,2024-01-17,0.95,1,0.94,1,-0.0038,-0.38%,9700
ATIF,2024-01-18,1.01,1.1,0.9899,1.1,0.1,+10.00%,6400
ATIF,2024-01-19,1.18,1.18,1.1046,1.11,0.01,+0.91%,1000
ATIF,2024-01-22,1.11,1.11,1,1,-0.11,-9.91%,2800
ATIF,2024-01-23,1,1,0.91,0.9899,-0.0101,-1.01%,4800
ATIF,2024-01-24,0.8516,0.945,0.8516,0.91,-0.0799,-8.07%,7700
ATIF,2024-01-25,0.891,0.91,0.8551,0.91,0,0.00%,5700
ATIF,2024-01-29,0.8515,0.9789,0.8515,0.9102,0.0002,+0.02%,1100
ATIF,2024-01-30,0.894,0.97,0.86,0.862,-0.0482,-5.30%,3200
ATIF,2024-02-01,0.8859,0.8859,0.876,0.876,0.014,+1.62%,900
ATIF,2024-02-02,0.88,0.8885,0.88,0.8885,0.0125,+1.43%,900
ATIF,2024-02-05,0.8885,0.8885,0.86,0.88,-0.0085,-0.96%,1100
ATIF,2024-02-06,0.86,0.8799,0.81,0.811,-0.069,-7.84%,3200
ATIF,2024-02-07,0.811,0.8595,0.811,0.8595,0.0485,+5.98%,1600
ATIF,2024-02-08,0.85,0.86,0.8116,0.812,-0.0475,-5.53%,4200
ATIF,2024-02-09,0.81,0.82,0.6831,0.7777,-0.0343,-4.22%,416000
ATIF,2024-02-12,0.7,0.771,0.7,0.76,-0.0177,-2.28%,10700
ATIF,2024-02-13,0.7296,0.806,0.702,0.8022,0.0422,+5.55%,15200
ATIF,2024-02-14,0.8018,0.83,0.728,0.83,0.0278,+3.47%,4000
ATIF,2024-02-15,0.87,1.29,0.83,1.14,0.31,+37.35%,99100
ATIF,2024-02-16,1.17,1.18,1.07,1.16,0.02,+1.75%,9100
ATIF,2024-02-20,1.1,1.14,0.9501,1.13,-0.03,-2.59%,25200
ATIF,2024-02-21,0.89,1.11,0.88,1.08,-0.05,-4.42%,5400
ATIF,2024-02-22,1.03,1.03,0.965,0.965,-0.115,-10.65%,1200
ATIF,2024-02-23,0.9375,0.9375,0.9375,0.9375,-0.0275,-2.85%,700
ATIF,2024-02-26,0.95,0.95,0.91,0.93,-0.0075,-0.80%,2400
ATIF,2024-02-27,0.86,0.94,0.8,0.86,-0.07,-7.53%,8700
ATIF,2024-02-28,0.887,0.887,0.85,0.85,-0.01,-1.16%,600
ATIF,2024-02-29,0.85,0.989,0.85,0.88,0.03,+3.53%,8700
ATIF,2024-03-01,0.858,0.9795,0.851,0.92,0.04,+4.55%,2600
ATIF,2024-03-04,0.8,0.8879,0.8,0.82,-0.1,-10.87%,2100
ATIF,2024-03-05,0.8168,0.82,0.8168,0.82,0,0.00%,1700
ATIF,2024-03-06,0.8301,0.96,0.8301,0.92,0.1,+12.20%,1200
ATIF,2024-03-07,0.8152,0.96,0.8152,0.85,-0.07,-7.61%,1300
ATIF,2024-03-08,0.8152,0.8152,0.8152,0.8152,-0.0348,-4.09%,500
ATIF,2024-03-11,0.85,1.0238,0.85,1.0238,0.2086,+25.59%,7500
ATIF,2024-03-12,0.88,0.955,0.88,0.9111,-0.1127,-11.01%,6600
ATIF,2024-03-13,0.91,1.0137,0.91,0.99,0.0789,+8.66%,6800
ATIF,2024-03-14,0.99,1.02,0.97,0.97,-0.02,-2.02%,13500
ATIF,2024-03-15,1.12,1.12,1.045,1.05,0.08,+8.25%,1700
ATIF,2024-03-18,1.06,1.0899,1.0052,1.04,-0.01,-0.95%,1000
ATIF,2024-03-19,1.002,1.04,1.002,1.03,-0.01,-0.96%,400
ATIF,2024-03-20,1.02,1.02,1.02,1.02,-0.01,-0.97%,300
ATIF,2024-03-21,1,1.04,1,1.04,0.02,+1.96%,1400
ATIF,2024-03-22,1.09,1.09,1.09,1.09,0.05,+4.81%,400
ATIF,2024-03-25,0.9901,1.04,0.9901,0.9903,-0.0997,-9.15%,900
ATIF,2024-03-26,1,1.09,0.98,1.09,0.0997,+10.07%,5200
ATIF,2024-03-27,0.98,1,0.98,1,-0.09,-8.26%,2600
ATIF,2024-03-28,1.01,1.01,0.98,0.98,-0.02,-2.00%,600
ATIF,2024-04-01,0.97,0.98,0.97,0.98,0,0.00%,400
ATIF,2024-04-02,0.99,1.1041,0.96,0.96,-0.02,-2.04%,22800
ATIF,2024-04-03,0.97,1.03,0.97,1.03,0.07,+7.29%,1200
ATIF,2024-04-04,0.98,0.98,0.98,0.98,-0.05,-4.85%,200
ATIF,2024-04-05,0.97,0.97,0.96,0.96,-0.02,-2.04%,600
ATIF,2024-04-08,0.96,0.9601,0.95,0.96,0,0.00%,3600
ATIF,2024-04-10,0.96,0.96,0.96,0.96,0,0.00%,500
ATIF,2024-04-11,0.98,0.98,0.98,0.98,0.02,+2.08%,500
ATIF,2024-04-12,1.04,1.04,1.04,1.04,0.06,+6.12%,100
ATIF,2024-04-15,0.98,0.9801,0.9798,0.9798,-0.0602,-5.79%,2700
ATIF,2024-04-16,0.97,0.99,0.97,0.97,-0.0098,-1.00%,2800
ATIF,2024-04-17,0.97,0.99,0.97,0.98,0.01,+1.03%,900
ATIF,2024-04-18,0.97,0.98,0.97,0.98,0,0.00%,300
ATIF,2024-04-19,1,1,0.94,0.99,0.01,+1.02%,7200
ATIF,2024-04-22,0.999,0.999,0.95,0.9737,-0.0163,-1.65%,1300
ATIF,2024-04-23,1,1,0.9401,0.9401,-0.0336,-3.45%,800
ATIF,2024-04-24,0.94,0.94,0.93,0.93,-0.0101,-1.07%,2400
ATIF,2024-04-25,0.952,0.952,0.93,0.93,0,0.00%,2100
ATIF,2024-04-26,0.92,0.9396,0.92,0.9396,0.0096,+1.03%,4200
ATIF,2024-04-29,0.9159,0.9159,0.91,0.91,-0.0296,-3.15%,600
ATIF,2024-04-30,0.91,0.91,0.9,0.9033,-0.0067,-0.74%,3000
ATIF,2024-05-01,0.99,0.99,0.95,0.95,0.0467,+5.17%,1300
ATIF,2024-05-02,0.9001,0.99,0.9,0.926,-0.024,-2.53%,1900
ATIF,2024-05-03,0.9833,0.9833,0.9833,0.9833,0.0573,+6.19%,400
ATIF,2024-05-06,0.9,0.9,0.9,0.9,-0.0833,-8.47%,600
ATIF,2024-05-07,0.94,0.94,0.9,0.9001,0.0001,+0.01%,3500
ATIF,2024-05-09,0.92,0.92,0.92,0.92,0.0199,+2.21%,1900
ATIF,2024-05-10,0.95,1,0.89,0.89,-0.03,-3.26%,4300
ATIF,2024-05-13,0.9,0.9872,0.89,0.9872,0.0972,+10.92%,3200
ATIF,2024-05-15,0.89,0.89,0.89,0.89,-0.0972,-9.85%,100
ATIF,2024-05-17,0.9833,0.9833,0.8905,0.946,0.056,+6.29%,1100
ATIF,2024-05-20,0.89,0.946,0.89,0.946,0,0.00%,4700
ATIF,2024-05-21,1,1,1,1,0.054,+5.71%,200
ATIF,2024-05-22,0.98,1,0.9785,1,0,0.00%,400
ATIF,2024-05-23,0.89,0.9,0.89,0.89,-0.11,-11.00%,10700
ATIF,2024-05-24,0.8898,0.99,0.8898,0.99,0.1,+11.24%,1100
ATIF,2024-05-28,0.89,0.97,0.88,0.97,-0.02,-2.02%,2100
ATIF,2024-05-29,0.9,0.9,0.88,0.8875,-0.0825,-8.51%,4300
ATIF,2024-05-30,0.88,0.9499,0.88,0.88,-0.0075,-0.85%,3000
ATIF,2024-05-31,0.924,0.95,0.915,0.95,0.07,+7.95%,500
ATIF,2024-06-03,0.88,0.915,0.88,0.915,-0.035,-3.68%,500
ATIF,2024-06-05,0.95,0.95,0.95,0.95,0.035,+3.83%,300
ATIF,2024-06-06,0.95,0.95,0.95,0.95,0,0.00%,300
ATIF,2024-06-07,0.88,0.88,0.88,0.88,-0.07,-7.37%,200
ATIF,2024-06-10,0.8803,0.915,0.84,0.85,-0.03,-3.41%,17200
ATIF,2024-06-11,0.85,0.91,0.8,0.91,0.06,+7.06%,7700
ATIF,2024-06-12,0.8999,0.9,0.8003,0.855,-0.055,-6.04%,6100
ATIF,2024-06-13,0.8001,0.8005,0.67,0.71,-0.145,-16.96%,45400
ATIF,2024-06-14,0.71,0.7602,0.69,0.7602,0.0502,+7.07%,3000
ATIF,2024-06-17,0.76,0.77,0.73,0.73,-0.0302,-3.97%,1300
ATIF,2024-06-18,0.7025,0.73,0.675,0.73,0,0.00%,2000
ATIF,2024-06-20,0.674,0.91,0.674,0.82,0.09,+12.33%,20300
ATIF,2024-06-21,0.82,0.82,0.82,0.82,0,0.00%,400
ATIF,2024-06-24,0.72,1,0.67,1,0.18,+21.95%,15300
ATIF,2024-06-25,0.911,1.02,0.842,0.91,-0.09,-9.00%,47500
ATIF,2024-06-26,0.8601,0.8601,0.8499,0.85,-0.06,-6.59%,800
ATIF,2024-06-27,0.78,0.9031,0.7769,0.9031,0.0531,+6.25%,900
ATIF,2024-06-28,0.7935,0.879,0.79,0.869,-0.0341,-3.78%,700
ATIF,2024-07-01,0.8526,0.8526,0.77,0.83,-0.039,-4.49%,7200
ATIF,2024-07-02,0.78,0.852,0.77,0.852,0.022,+2.65%,3900
ATIF,2024-07-03,0.8339,0.8339,0.802,0.8339,-0.0181,-2.12%,900
ATIF,2024-07-05,0.77,0.818,0.77,0.818,-0.0159,-1.91%,500
ATIF,2024-07-09,0.94,0.95,0.8299,0.8299,0.0119,+1.45%,1300
ATIF,2024-07-10,0.9102,0.9285,0.7665,0.8375,0.0076,+0.92%,2900
ATIF,2024-07-11,0.96,0.96,0.88,0.88,0.0425,+5.07%,600
ATIF,2024-07-12,0.94,0.94,0.94,0.94,0.06,+6.82%,500
ATIF,2024-07-15,0.85,0.96,0.85,0.8924,-0.0476,-5.06%,1800
ATIF,2024-07-17,0.88,0.96,0.85,0.85,-0.0424,-4.75%,500
ATIF,2024-07-18,0.845,0.845,0.845,0.845,-0.005,-0.59%,1900
ATIF,2024-07-19,0.9,1.05,0.9,0.9666,0.1216,+14.39%,4400
ATIF,2024-07-22,0.8353,0.8603,0.8353,0.8603,-0.1063,-11.00%,700
ATIF,2024-07-23,0.845,0.882,0.84,0.84,-0.0203,-2.36%,5800
ATIF,2024-07-24,0.84,0.8481,0.84,0.8481,0.0081,+0.96%,600
ATIF,2024-07-25,0.9353,0.98,0.82,0.839,-0.0091,-1.07%,2900
ATIF,2024-07-26,0.83,0.83,0.7503,0.7878,-0.0512,-6.10%,2500
ATIF,2024-07-29,0.79,0.8499,0.79,0.8499,0.0621,+7.88%,700
ATIF,2024-07-30,0.8168,0.8168,0.75,0.75,-0.0999,-11.75%,1700
ATIF,2024-07-31,0.722,0.7782,0.722,0.7782,0.0282,+3.76%,700
ATIF,2024-08-02,0.7782,0.7782,0.7782,0.7782,0,0.00%,200
ATIF,2024-08-05,0.7212,0.739,0.6808,0.6808,-0.0974,-12.52%,4500
ATIF,2024-08-06,0.6719,0.6719,0.6719,0.6719,-0.0089,-1.31%,900
ATIF,2024-08-08,0.69,0.7596,0.69,0.7193,0.0474,+7.05%,1100
ATIF,2024-08-12,0.7175,0.7175,0.7175,0.7175,-0.0018,-0.25%,1000
ATIF,2024-08-13,0.7174,0.7174,0.7174,0.7174,-0.0001,-0.01%,1900
ATIF,2024-08-15,0.7175,0.7175,0.7174,0.7174,0,0.00%,200
ATIF,2024-08-16,0.741,0.741,0.741,0.741,0.0236,+3.29%,100
ATIF,2024-08-19,0.7174,0.7174,0.7174,0.7174,-0.0236,-3.18%,300
ATIF,2024-08-20,0.7175,0.82,0.7175,0.82,0.1026,+14.30%,300
ATIF,2024-08-21,0.7175,0.83,0.7175,0.83,0.01,+1.22%,300
ATIF,2024-08-22,0.84,0.84,0.84,0.84,0.01,+1.20%,200
ATIF,2024-08-26,0.7175,0.8399,0.6111,0.7413,-0.0987,-11.75%,16400
ATIF,2024-08-27,0.7413,0.7413,0.7413,0.7413,0,0.00%,400
ATIF,2024-08-28,0.8298,0.8298,0.7023,0.8199,0.0786,+10.60%,1000
ATIF,2024-08-29,0.7016,0.76,0.701,0.701,-0.1189,-14.50%,5600
ATIF,2024-08-30,0.5832,0.744,0.5832,0.68,-0.021,-3.00%,8200
ATIF,2024-09-03,0.6189,0.6389,0.6189,0.6389,-0.0411,-6.04%,500
ATIF,2024-09-04,0.69,0.87,0.6431,0.835,0.1961,+30.69%,41300
ATIF,2024-09-05,0.711,0.83,0.711,0.829,-0.006,-0.72%,5400
ATIF,2024-09-06,0.82,0.82,0.8,0.8,-0.029,-3.50%,2000
ATIF,2024-09-09,0.8,0.94,0.7499,0.92,0.12,+15.00%,35800
ATIF,2024-09-10,0.88,1.065,0.8188,1.065,0.145,+15.76%,17800
ATIF,2024-09-11,1.05,1.06,1.04,1.06,-0.005,-0.47%,4600
ATIF,2024-09-12,1.06,1.06,1.0512,1.0512,-0.0088,-0.83%,900
ATIF,2024-09-13,1.08,1.12,1.06,1.08,0.0288,+2.74%,5300
ATIF,2024-09-16,1.085,1.085,1.05,1.0501,-0.0299,-2.77%,1500
ATIF,2024-09-17,1,1.1,1,1.0185,-0.0316,-3.01%,4200
ATIF,2024-09-18,0.9008,1.11,0.9008,1.05,0.0315,+3.09%,6100
ATIF,2024-09-19,1.06,1.06,1.05,1.0507,0.0007,+0.07%,2800
ATIF,2024-09-20,1.1,1.1,0.98,1.05,-0.0007,-0.07%,7200
ATIF,2024-09-23,1.02,1.1016,0.96,1.09,0.04,+3.81%,7900
ATIF,2024-09-24,1.01,1.12,1.01,1.11,0.02,+1.83%,1300
ATIF,2024-09-25,1.11,1.3,1.05,1.05,-0.06,-5.41%,22700
ATIF,2024-09-26,1.22,1.24,0.99,1.06,0.01,+0.95%,2700
ATIF,2024-09-27,1.2,1.2,0.996,0.996,-0.064,-6.04%,4400
ATIF,2024-09-30,0.8099,1.03,0.8099,1.02,0.024,+2.41%,7200
ATIF,2024-10-01,0.941,1.0061,0.86,0.9078,-0.1122,-11.00%,15900
ATIF,2024-10-02,0.9178,0.9178,0.7338,0.77,-0.1378,-15.18%,9000
ATIF,2024-10-03,0.811,1.12,0.81,0.9346,0.1646,+21.38%,10900
ATIF,2024-10-04,1.02,1.02,0.9015,0.9394,0.0048,+0.51%,7300
ATIF,2024-10-07,0.9394,0.9394,0.8001,0.8618,-0.0776,-8.26%,1800
ATIF,2024-10-08,0.82,0.82,0.82,0.82,-0.0418,-4.85%,200
ATIF,2024-10-09,0.8101,0.8101,0.8101,0.8101,-0.0099,-1.21%,300
ATIF,2024-10-10,0.78,0.78,0.78,0.78,-0.0301,-3.72%,200
ATIF,2024-10-11,0.8,1.5,0.7638,1.22,0.44,+56.41%,3856400
ATIF,2024-10-14,1.23,1.28,0.9646,1,-0.22,-18.03%,211000
ATIF,2024-10-15,1.01,1.15,0.8,0.865,-0.135,-13.50%,98900
ATIF,2024-10-16,0.93,0.9999,0.85,0.9001,0.0351,+4.06%,22200
ATIF,2024-10-17,0.8513,0.8945,0.8513,0.8944,-0.0057,-0.63%,8400
ATIF,2024-10-18,0.88,0.9205,0.85,0.85,-0.0444,-4.96%,10100
ATIF,2024-10-21,0.885,0.938,0.85,0.8552,0.0052,+0.61%,4300
ATIF,2024-10-22,0.943,0.951,0.8995,0.902,0.0468,+5.47%,17800
ATIF,2024-10-23,0.9452,0.9726,0.8172,0.87,-0.032,-3.55%,20200
ATIF,2024-10-24,0.91,0.944,0.81,0.861,-0.009,-1.03%,14200
ATIF,2024-10-25,0.9379,0.938,0.8106,0.8641,0.0031,+0.36%,6300
ATIF,2024-10-28,0.95,0.95,0.8,0.85,-0.0141,-1.63%,16300
ATIF,2024-10-29,0.872,0.8995,0.831,0.831,-0.019,-2.24%,3300
ATIF,2024-10-30,0.845,0.8719,0.8,0.8719,0.0409,+4.92%,2400
ATIF,2024-10-31,0.87,0.87,0.87,0.87,-0.0019,-0.22%,1600
ATIF,2024-11-01,0.9499,0.9499,0.8724,0.8724,0.0024,+0.28%,2700
ATIF,2024-11-04,0.8,0.84,0.8,0.81,-0.0624,-7.15%,3300
ATIF,2024-11-05,0.83,0.93,0.81,0.93,0.12,+14.81%,4900
ATIF,2024-11-06,0.8277,0.828,0.8,0.8,-0.13,-13.98%,6400
ATIF,2024-11-07,0.7887,0.9,0.7887,0.882,0.082,+10.25%,4300
ATIF,2024-11-08,0.8297,0.86,0.8297,0.86,-0.022,-2.49%,1900
ATIF,2024-11-11,0.82,1.23,0.67,0.7001,-0.1599,-18.59%,263300
ATIF,2024-11-12,0.75,0.86,0.65,0.671,-0.0291,-4.16%,49300
ATIF,2024-11-13,0.67,0.74,0.67,0.7,0.029,+4.32%,10100
ATIF,2024-11-14,0.6812,0.7979,0.6208,0.68,-0.02,-2.86%,5300
ATIF,2024-11-15,0.65,0.695,0.65,0.6501,-0.0299,-4.40%,6000
ATIF,2024-11-18,0.6212,0.6539,0.6212,0.63,-0.0201,-3.09%,2200
ATIF,2024-11-19,0.6499,0.65,0.6225,0.6225,-0.0075,-1.19%,8000
ATIF,2024-11-20,0.65,0.6528,0.6208,0.6528,0.0303,+4.87%,6100
ATIF,2024-11-21,0.6597,0.66,0.6533,0.6533,0.0005,+0.08%,1600
ATIF,2024-11-22,0.651,0.685,0.6375,0.6375,-0.0158,-2.42%,3000
ATIF,2024-11-25,0.6989,0.7,0.62,0.6755,0.038,+5.96%,12463
ATIF,2024-11-26,0.62,0.665,0.62,0.62,-0.0555,-8.22%,5450
ATIF,2024-11-27,0.62,0.62,0.62,0.62,0,0.00%,400
ATIF,2024-11-29,0.63,0.6651,0.6201,0.65,0.03,+4.84%,4600
ATIF,2024-12-02,0.69,0.75,0.67,0.72,0.07,+10.77%,10400
ATIF,2024-12-03,0.63,0.72,0.61,0.65,-0.07,-9.72%,12100
ATIF,2024-12-04,0.61,0.71,0.61,0.7099,0.0599,+9.22%,1900
ATIF,2024-12-05,0.6401,0.72,0.6318,0.7,-0.0099,-1.39%,3400
ATIF,2024-12-06,0.71,0.71,0.68,0.68,-0.02,-2.86%,1400
ATIF,2024-12-09,0.71,0.71,0.68,0.68,0,0.00%,900
ATIF,2024-12-10,0.71,0.72,0.68,0.68,0,0.00%,2000
ATIF,2024-12-11,0.71,0.77,0.7099,0.74,0.06,+8.82%,16800
ATIF,2024-12-12,0.73,0.74,0.7,0.7,-0.04,-5.41%,4100
ATIF,2024-12-13,0.77,1.25,0.71,0.8,0.1,+14.29%,6808400
ATIF,2024-12-16,0.7618,0.7838,0.6907,0.6907,-0.1093,-13.66%,308200
ATIF,2024-12-17,0.64,0.674,0.5985,0.6401,-0.0506,-7.33%,110400
"Downloaded from Barchart.com as of 04-25-2026 07:50am CDT"
