Symbol,Time,Open,High,Low,Latest,Change,%Change,Volume
EME,2015-01-02,44.59,44.81,43.16,43.85,-0.64,-1.44%,271500
EME,2015-01-05,43.45,43.45,42.3,42.52,-1.33,-3.03%,287600
EME,2015-01-06,42.75,42.86,41.72,42.06,-0.46,-1.08%,256900
EME,2015-01-07,42.45,42.84,41.91,42.04,-0.02,-0.05%,252800
EME,2015-01-08,42.43,42.95,42.41,42.7,0.66,+1.57%,265900
EME,2015-01-09,42.67,42.7,41.65,41.68,-1.02,-2.39%,201400
EME,2015-01-12,41.63,41.71,40.65,41.01,-0.67,-1.61%,343800
EME,2015-01-13,41.47,42.4,40.61,41.3,0.29,+0.71%,341300
EME,2015-01-14,40.67,41.16,40.45,40.85,-0.45,-1.09%,196800
EME,2015-01-15,41.06,41.15,40.07,40.17,-0.68,-1.66%,352800
EME,2015-01-16,39.94,41.24,39.94,41.23,1.06,+2.64%,287600
EME,2015-01-20,41.21,41.56,39.89,39.96,-1.27,-3.08%,431000
EME,2015-01-21,39.83,40.5,39.83,40.3,0.34,+0.85%,350800
EME,2015-01-22,40.68,41.57,40.09,41.43,1.13,+2.80%,287600
EME,2015-01-23,41.32,41.89,40.92,41.68,0.25,+0.60%,261700
EME,2015-01-26,41.65,42.07,40.97,41.85,0.17,+0.41%,169000
EME,2015-01-27,41.22,42.03,40.93,41.7,-0.15,-0.36%,187300
EME,2015-01-28,41.76,41.93,40.38,40.56,-1.14,-2.73%,218600
EME,2015-01-29,40.74,42.04,40.55,41.94,1.38,+3.40%,361500
EME,2015-01-30,41.14,41.55,40.25,40.36,-1.58,-3.77%,370300
EME,2015-02-02,40.4,41.39,40.09,41.34,0.98,+2.43%,279200
EME,2015-02-03,41.9,42.44,41.7,42.35,1.01,+2.44%,255500
EME,2015-02-04,41.98,42.32,41.76,42.01,-0.34,-0.80%,195400
EME,2015-02-05,42.44,43.68,42.27,43.51,1.5,+3.57%,282100
EME,2015-02-06,43.54,44.27,43.43,43.7,0.19,+0.44%,215500
EME,2015-02-09,43.69,44.01,43.02,43.16,-0.54,-1.24%,214400
EME,2015-02-10,43.56,43.56,42.53,42.98,-0.18,-0.42%,182800
EME,2015-02-11,42.83,43.17,42.39,42.65,-0.33,-0.77%,212800
EME,2015-02-12,43.13,43.49,42.73,43.09,0.44,+1.03%,161100
EME,2015-02-13,43.23,43.73,42.97,43.7,0.61,+1.42%,224200
EME,2015-02-17,43.61,44,43.24,43.96,0.26,+0.59%,216700
EME,2015-02-18,43.72,44.45,43.65,44.21,0.25,+0.57%,214400
EME,2015-02-19,43.83,44.32,43.71,44.21,0,0.00%,242500
EME,2015-02-20,44.07,44.35,43.77,44.26,0.05,+0.11%,163100
EME,2015-02-23,43.95,44.06,43.28,44.04,-0.22,-0.50%,158100
EME,2015-02-24,44.22,44.79,44.01,44.3,0.26,+0.59%,213200
EME,2015-02-25,44.37,44.51,43.8,44.2,-0.1,-0.23%,175000
EME,2015-02-26,42.96,44.15,41.77,43.52,-0.68,-1.54%,481300
EME,2015-02-27,43.22,44.32,43.12,44.03,0.51,+1.17%,296700
EME,2015-03-02,44.07,44.99,43.88,44.58,0.55,+1.25%,239600
EME,2015-03-03,44.3,44.74,44.23,44.49,-0.09,-0.20%,294900
EME,2015-03-04,44.24,44.49,43.95,44.21,-0.28,-0.63%,333200
EME,2015-03-05,44.29,44.58,43.64,43.91,-0.3,-0.68%,370200
EME,2015-03-06,43.52,44.41,43.52,44.29,0.38,+0.87%,365200
EME,2015-03-09,44.51,44.94,44.39,44.74,0.45,+1.02%,256300
EME,2015-03-10,44.23,44.25,43.49,43.69,-1.05,-2.35%,319600
EME,2015-03-11,43.84,44.43,43.67,44.1,0.41,+0.94%,270000
EME,2015-03-12,44.52,45.17,44.4,45.1,1,+2.27%,381700
EME,2015-03-13,45.05,45.18,43.93,44.63,-0.47,-1.04%,246900
EME,2015-03-16,44.69,44.92,44.19,44.2,-0.43,-0.96%,313200
EME,2015-03-17,43.91,45.18,43.59,44.92,0.72,+1.63%,490500
EME,2015-03-18,44.72,45.38,44.49,45.25,0.33,+0.73%,444000
EME,2015-03-19,45.01,45.47,44.77,45.18,-0.07,-0.15%,496500
EME,2015-03-20,45.53,46.85,45.32,46.65,1.47,+3.25%,1028900
EME,2015-03-23,46.75,46.85,45.99,46.76,0.11,+0.24%,498100
EME,2015-03-24,46.74,46.81,46.06,46.59,-0.17,-0.36%,390500
EME,2015-03-25,46.54,46.67,45.84,45.88,-0.71,-1.52%,277500
EME,2015-03-26,45.85,46.4,45.35,46.06,0.18,+0.39%,325400
EME,2015-03-27,46,46.1,45.21,45.64,-0.42,-0.91%,479600
EME,2015-03-30,46.09,47.2,46.08,46.9,1.26,+2.76%,752300
EME,2015-03-31,46.71,46.96,46.24,46.47,-0.43,-0.92%,1035400
EME,2015-04-01,46.59,46.8,46.15,46.46,-0.01,-0.02%,460500
EME,2015-04-02,46.48,47.39,46.48,46.63,0.17,+0.37%,238900
EME,2015-04-06,46.29,46.76,46.26,46.47,-0.16,-0.34%,519200
EME,2015-04-07,46.34,46.66,46.17,46.46,-0.01,-0.02%,324900
EME,2015-04-08,46.69,47.17,46.5,46.8,0.34,+0.73%,366100
EME,2015-04-09,46.86,47.01,45.79,46.14,-0.66,-1.41%,319200
EME,2015-04-10,46.19,46.54,46.19,46.36,0.22,+0.48%,226800
EME,2015-04-13,46.53,46.64,46.26,46.28,-0.08,-0.17%,258200
EME,2015-04-14,46.37,46.64,46,46.42,0.14,+0.30%,317300
EME,2015-04-15,46.75,47.74,46.5,47.53,1.11,+2.39%,401600
EME,2015-04-16,47.5,47.5,46.87,46.87,-0.66,-1.39%,334000
EME,2015-04-17,46.52,46.66,45.94,46.08,-0.79,-1.69%,222000
EME,2015-04-20,46.26,46.97,46.26,46.5,0.42,+0.91%,459700
EME,2015-04-21,46.85,46.97,46.32,46.39,-0.11,-0.24%,285800
EME,2015-04-22,46.47,46.48,45.89,46.28,-0.11,-0.24%,205000
EME,2015-04-23,46.22,46.72,46,46.58,0.3,+0.65%,165900
EME,2015-04-24,46.76,46.82,46.27,46.46,-0.12,-0.26%,131500
EME,2015-04-27,46.91,47.2,46.37,46.69,0.23,+0.50%,275900
EME,2015-04-28,46.81,47.3,46.27,46.95,0.26,+0.56%,441600
EME,2015-04-29,46.78,47.2,46.29,46.38,-0.57,-1.21%,247700
EME,2015-04-30,45.25,46.37,43.74,44.63,-1.75,-3.77%,671000
EME,2015-05-01,44.6,45.47,44.48,45.34,0.71,+1.59%,400400
EME,2015-05-04,45.1,45.74,44.92,45.51,0.17,+0.37%,492000
EME,2015-05-05,45.42,46.05,45.42,45.61,0.1,+0.22%,457100
EME,2015-05-06,45.81,45.92,45.42,45.91,0.3,+0.66%,327400
EME,2015-05-07,45.87,45.87,45.43,45.57,-0.34,-0.74%,393900
EME,2015-05-08,45.96,46.05,45.4,45.52,-0.05,-0.11%,258800
EME,2015-05-11,45.41,45.86,45.21,45.68,0.16,+0.35%,176100
EME,2015-05-12,45.34,45.53,44.67,45.18,-0.5,-1.09%,195400
EME,2015-05-13,45.37,45.62,44.99,45.6,0.42,+0.93%,164000
EME,2015-05-14,45.96,46.37,45.73,46.28,0.68,+1.49%,129800
EME,2015-05-15,46.23,46.45,45.67,45.83,-0.45,-0.97%,161700
EME,2015-05-18,45.72,46.28,45.47,46.16,0.33,+0.72%,167500
EME,2015-05-19,46.04,46.37,45.44,45.96,-0.2,-0.43%,200000
EME,2015-05-20,46.11,46.54,45.67,46.39,0.43,+0.94%,209400
EME,2015-05-21,46.42,46.63,46.08,46.4,0.01,+0.02%,122700
EME,2015-05-22,46.19,46.39,45.41,45.49,-0.91,-1.96%,120500
EME,2015-05-26,45.13,45.36,44.61,45.01,-0.48,-1.06%,181700
EME,2015-05-27,44.96,45.7,44.56,45.66,0.65,+1.44%,218900
EME,2015-05-28,45.51,45.52,44.75,45.37,-0.29,-0.64%,159400
EME,2015-05-29,45.21,45.83,44.82,45.37,0,0.00%,258200
EME,2015-06-01,45.67,46.14,45.14,45.81,0.44,+0.97%,175600
EME,2015-06-02,45.87,46.55,45.48,46.18,0.37,+0.81%,240900
EME,2015-06-03,46.43,47.12,46.01,47.03,0.85,+1.84%,250000
EME,2015-06-04,46.63,46.93,46.29,46.49,-0.54,-1.15%,212700
EME,2015-06-05,46.37,47.1,45.88,47.03,0.54,+1.16%,191400
EME,2015-06-08,46.93,47.1,46.63,46.83,-0.2,-0.43%,192700
EME,2015-06-09,46.98,47.18,46.71,47.02,0.19,+0.41%,240600
EME,2015-06-10,47.44,48.05,47.19,48,0.98,+2.08%,228000
EME,2015-06-11,47.87,48.06,47.61,48,0,0.00%,137900
EME,2015-06-12,47.86,47.86,47.3,47.66,-0.34,-0.71%,178000
EME,2015-06-15,47.1,47.22,46.77,47.01,-0.65,-1.36%,296900
EME,2015-06-16,46.9,47.76,46.8,47.59,0.58,+1.23%,261000
EME,2015-06-17,47.77,47.81,47.14,47.54,-0.05,-0.11%,309700
EME,2015-06-18,47.59,47.97,47.3,47.81,0.27,+0.57%,253700
EME,2015-06-19,47.92,48.51,47.77,48.33,0.52,+1.09%,459100
EME,2015-06-22,48.69,48.84,48.18,48.54,0.21,+0.43%,224000
EME,2015-06-23,48.54,48.65,47.9,48.63,0.09,+0.19%,257800
EME,2015-06-24,48.63,48.7,47.88,48.06,-0.57,-1.17%,217800
EME,2015-06-25,48.21,48.38,47.65,48.24,0.18,+0.37%,217700
EME,2015-06-26,48.42,48.77,47.87,48.61,0.37,+0.77%,666000
EME,2015-06-29,48.11,48.8,47.23,47.29,-1.32,-2.72%,286900
EME,2015-06-30,47.7,47.98,47.22,47.77,0.48,+1.02%,325100
EME,2015-07-01,48.18,48.49,47.69,48.19,0.42,+0.88%,263200
EME,2015-07-02,48.36,48.56,47.43,47.7,-0.49,-1.02%,147200
EME,2015-07-06,47.07,47.89,47.07,47.74,0.04,+0.08%,247800
EME,2015-07-07,47.67,48.01,47.17,47.92,0.18,+0.38%,457800
EME,2015-07-08,47.41,48.16,47.35,47.84,-0.08,-0.17%,502400
EME,2015-07-09,48.62,48.62,47.32,47.73,-0.11,-0.23%,312400
EME,2015-07-10,48.04,48.55,47.79,48.48,0.75,+1.57%,290800
EME,2015-07-13,48.66,48.89,48.11,48.21,-0.27,-0.56%,270300
EME,2015-07-14,48.13,48.61,47.64,48.57,0.36,+0.75%,263000
EME,2015-07-15,48.44,48.73,47.73,48.31,-0.26,-0.54%,283200
EME,2015-07-16,48.3,48.86,48.18,48.35,0.04,+0.08%,183300
EME,2015-07-17,48.32,48.32,47.93,48.02,-0.33,-0.68%,204700
EME,2015-07-20,48.09,48.09,47.39,47.79,-0.23,-0.48%,201300
EME,2015-07-21,47.66,48.1,47.31,47.39,-0.4,-0.84%,193700
EME,2015-07-22,47.14,47.79,47.14,47.63,0.24,+0.51%,303600
EME,2015-07-23,47.75,47.83,46.65,46.71,-0.92,-1.93%,245200
EME,2015-07-24,46.59,46.72,45.78,45.89,-0.82,-1.76%,223500
EME,2015-07-27,45.46,45.89,45.44,45.56,-0.33,-0.72%,126300
EME,2015-07-28,45.72,46.06,45.26,45.77,0.21,+0.46%,414300
EME,2015-07-29,45.83,46.78,45.74,46.56,0.79,+1.73%,235200
EME,2015-07-30,46.37,48,45.89,47.41,0.85,+1.83%,330400
EME,2015-07-31,47.55,47.87,47.02,47.83,0.42,+0.89%,341500
EME,2015-08-03,47.91,48.14,46.92,47.54,-0.29,-0.61%,305000
EME,2015-08-04,47.62,48.14,47.59,47.89,0.35,+0.74%,297100
EME,2015-08-05,48.06,48.69,47.77,47.94,0.05,+0.10%,292700
EME,2015-08-06,48.03,48.64,47.61,48.1,0.16,+0.33%,232300
EME,2015-08-07,47.79,47.99,47.27,47.56,-0.54,-1.12%,272600
EME,2015-08-10,47.91,48.43,47.86,48.42,0.86,+1.81%,336100
EME,2015-08-11,47.84,48.1,47.6,47.85,-0.57,-1.18%,180300
EME,2015-08-12,47.45,47.85,47.22,47.75,-0.1,-0.21%,243000
EME,2015-08-13,47.85,47.96,47.41,47.64,-0.11,-0.23%,225500
EME,2015-08-14,47.62,47.95,47.45,47.91,0.27,+0.57%,209300
EME,2015-08-17,47.62,48.22,47.35,48.21,0.3,+0.63%,226700
EME,2015-08-18,48.11,48.58,47.75,48.31,0.1,+0.21%,231600
EME,2015-08-19,48.1,48.35,47.73,47.91,-0.4,-0.83%,151900
EME,2015-08-20,47.67,48.17,47.12,47.15,-0.76,-1.59%,180900
EME,2015-08-21,45.41,47.24,45.41,46.64,-0.51,-1.08%,370900
EME,2015-08-24,44.31,47.64,44.31,45.76,-0.88,-1.89%,605000
EME,2015-08-25,46.81,47.36,44.66,44.69,-1.07,-2.34%,424300
EME,2015-08-26,45.44,45.45,44.1,44.81,0.12,+0.27%,391400
EME,2015-08-27,45.04,45.53,44.38,45.18,0.37,+0.83%,525100
EME,2015-08-28,45.04,46.05,45.03,45.6,0.42,+0.93%,417500
EME,2015-08-31,45.38,46.22,45.29,46.09,0.49,+1.07%,195200
EME,2015-09-01,45.16,45.92,44.76,44.92,-1.17,-2.54%,344500
EME,2015-09-02,45,45.1,44.53,44.9,-0.02,-0.04%,480200
EME,2015-09-03,45.09,45.63,44.92,45.29,0.39,+0.87%,218200
EME,2015-09-04,44.7,45.16,44.49,44.65,-0.64,-1.41%,117700
EME,2015-09-08,45.37,45.64,45.03,45.61,0.96,+2.15%,331200
EME,2015-09-09,45.98,46.1,45.17,45.24,-0.37,-0.81%,156500
EME,2015-09-10,45.19,45.49,44.77,45.46,0.22,+0.49%,158100
EME,2015-09-11,45.12,45.7,44.76,45.51,0.05,+0.11%,197800
EME,2015-09-14,45.45,45.87,45.23,45.45,-0.06,-0.13%,134200
EME,2015-09-15,45.77,46.42,45.3,46.38,0.93,+2.05%,266600
EME,2015-09-16,46.47,46.85,45.52,46.58,0.2,+0.43%,226900
EME,2015-09-17,46.5,47.14,46.3,46.43,-0.15,-0.32%,276500
EME,2015-09-18,45.92,46.38,45.65,45.77,-0.66,-1.42%,647800
EME,2015-09-21,46.16,46.6,45.78,45.94,0.17,+0.37%,175400
EME,2015-09-22,45.44,45.62,44.99,45.23,-0.71,-1.55%,455600
EME,2015-09-23,45.4,45.7,44.49,44.95,-0.28,-0.62%,350500
EME,2015-09-24,44.68,45.04,44.26,44.86,-0.09,-0.20%,343000
EME,2015-09-25,45.16,45.54,44.71,45.2,0.34,+0.76%,388200
EME,2015-09-28,44.9,45.34,44.76,44.95,-0.25,-0.55%,390400
EME,2015-09-29,44.88,44.88,43.42,44.09,-0.86,-1.91%,591700
EME,2015-09-30,44.53,44.53,43.63,44.25,0.16,+0.36%,607300
EME,2015-10-01,44.37,44.67,43.71,44.05,-0.2,-0.45%,468800
EME,2015-10-02,43.63,44.14,42.85,44.13,0.08,+0.18%,473100
EME,2015-10-05,44.39,45.36,44.39,45.24,1.11,+2.52%,343300
EME,2015-10-06,45.27,46,45.14,45.46,0.22,+0.49%,395400
EME,2015-10-07,45.84,46.01,45.18,45.76,0.3,+0.66%,288200
EME,2015-10-08,45.75,46.37,45.7,46.3,0.54,+1.18%,401000
EME,2015-10-09,46.43,47.21,46.43,47.1,0.8,+1.73%,338300
EME,2015-10-12,47.15,47.2,46.73,47.18,0.08,+0.17%,298700
EME,2015-10-13,46.94,47.3,46.24,46.38,-0.8,-1.70%,252100
EME,2015-10-14,46.39,46.79,45.97,45.98,-0.4,-0.86%,321700
EME,2015-10-15,46,46.03,45.24,45.85,-0.13,-0.28%,362700
EME,2015-10-16,45.85,46.13,44.88,45.2,-0.65,-1.42%,331300
EME,2015-10-19,44.85,45.96,44.85,45.28,0.08,+0.18%,203200
EME,2015-10-20,45.16,45.94,45.01,45.22,-0.06,-0.13%,467800
EME,2015-10-21,45.33,45.35,44.06,44.14,-1.08,-2.39%,372500
EME,2015-10-22,44.4,45.84,44.04,45.68,1.54,+3.49%,366200
EME,2015-10-23,45.96,46.17,45.33,45.97,0.29,+0.63%,218000
EME,2015-10-26,45.92,46.31,45.6,46.11,0.14,+0.30%,229100
EME,2015-10-27,45.83,45.96,45.26,45.48,-0.63,-1.37%,318000
EME,2015-10-28,45.71,47.64,45.71,47.53,2.05,+4.51%,459600
EME,2015-10-29,47.19,48.17,46.35,47.67,0.14,+0.29%,429000
EME,2015-10-30,47.64,48.99,47.64,48.28,0.61,+1.28%,520100
EME,2015-11-02,48.26,49.38,47.94,49.17,0.89,+1.84%,486500
EME,2015-11-03,49.22,49.98,49.09,49.66,0.49,+1.00%,610300
EME,2015-11-04,49.66,49.95,49.28,49.36,-0.3,-0.60%,237200
EME,2015-11-05,49.34,49.56,48.82,49.32,-0.04,-0.08%,305900
EME,2015-11-06,49,49.44,48.4,49.35,0.03,+0.06%,287300
EME,2015-11-09,49.36,49.7,48.68,48.73,-0.62,-1.26%,235800
EME,2015-11-10,48.58,49.3,48.49,48.99,0.26,+0.53%,385100
EME,2015-11-11,49.18,49.7,48.97,49.38,0.39,+0.80%,395100
EME,2015-11-12,48.95,49.24,48.07,48.16,-1.22,-2.47%,208800
EME,2015-11-13,47.85,48.81,47.85,48.32,0.16,+0.33%,151900
EME,2015-11-16,48.27,48.87,48,48.55,0.23,+0.48%,256100
EME,2015-11-17,48.57,48.8,47.85,47.97,-0.58,-1.19%,321100
EME,2015-11-18,48.29,49.14,48.02,49.09,1.12,+2.33%,265500
EME,2015-11-19,49,49.25,48.63,48.77,-0.32,-0.65%,573400
EME,2015-11-20,49.04,49.77,49.04,49.38,0.61,+1.25%,340900
EME,2015-11-23,49.16,49.72,49.16,49.6,0.22,+0.45%,207800
EME,2015-11-24,49.5,50,49.22,49.88,0.28,+0.56%,254500
EME,2015-11-25,49.81,50.27,49.81,50.05,0.17,+0.34%,206000
EME,2015-11-27,49.97,50.86,49.94,50.61,0.56,+1.12%,189800
EME,2015-11-30,50.63,50.9,50.36,50.4,-0.21,-0.41%,486600
EME,2015-12-01,50.55,51.72,50.28,51.68,1.28,+2.54%,365900
EME,2015-12-02,51.65,52.37,51.47,51.52,-0.16,-0.31%,319800
EME,2015-12-03,51.8,52.02,50.98,51.05,-0.47,-0.91%,267300
EME,2015-12-04,51.02,51.87,49.77,51.57,0.52,+1.02%,261800
EME,2015-12-07,51.32,51.67,50.96,50.99,-0.58,-1.12%,342400
EME,2015-12-08,50.34,50.92,49.95,50.2,-0.79,-1.55%,246200
EME,2015-12-09,50.13,50.94,49.16,49.23,-0.97,-1.93%,306600
EME,2015-12-10,49.21,49.45,48.89,48.91,-0.32,-0.65%,345800
EME,2015-12-11,48.01,48.64,47.69,47.85,-1.06,-2.17%,392500
EME,2015-12-14,48.07,48.43,47.54,47.9,0.05,+0.10%,308000
EME,2015-12-15,48.33,48.84,48.24,48.71,0.81,+1.69%,335700
EME,2015-12-16,48.93,49.34,48.08,48.88,0.17,+0.35%,390800
EME,2015-12-17,48.94,48.94,47.55,47.56,-1.32,-2.70%,362500
EME,2015-12-18,47.32,47.74,46.88,46.92,-0.64,-1.35%,583700
EME,2015-12-21,47.31,47.52,46.74,46.95,0.03,+0.06%,297300
EME,2015-12-22,47.07,47.65,46.96,47.42,0.47,+1.00%,235600
EME,2015-12-23,47.77,48.23,47.27,48.16,0.74,+1.56%,311200
EME,2015-12-24,48.05,48.35,47.92,47.97,-0.19,-0.39%,146500
EME,2015-12-28,47.72,48.07,47.49,48.07,0.1,+0.21%,258400
EME,2015-12-29,48.36,48.65,48.14,48.6,0.53,+1.10%,211200
EME,2015-12-30,48.38,48.96,48.33,48.37,-0.23,-0.47%,198900
EME,2015-12-31,48.14,48.6,47.96,48.04,-0.33,-0.68%,261000
EME,2016-01-04,47.28,47.57,46.06,46.25,-1.79,-3.73%,318300
EME,2016-01-05,46.5,46.77,45.9,46.25,0,0.00%,334000
EME,2016-01-06,45.49,46.65,45.49,46.6,0.35,+0.76%,340600
EME,2016-01-07,45.7,45.93,44.82,45.04,-1.56,-3.35%,299700
EME,2016-01-08,45.29,45.38,44.06,44.24,-0.8,-1.78%,286100
EME,2016-01-11,44.5,44.84,43.99,44.33,0.09,+0.20%,265600
EME,2016-01-12,44.9,45.05,44.18,44.92,0.59,+1.33%,432000
EME,2016-01-13,45.17,45.2,42.74,43.18,-1.74,-3.87%,318100
EME,2016-01-14,43.27,44.04,42.88,43.57,0.39,+0.90%,255400
EME,2016-01-15,42.65,43.72,42.28,43.66,0.09,+0.21%,462400
EME,2016-01-19,44.24,44.26,42.2,42.54,-1.12,-2.57%,327000
EME,2016-01-20,42.14,42.88,40.98,42.47,-0.07,-0.16%,366000
EME,2016-01-21,42.52,43.28,42.04,42.71,0.24,+0.57%,575400
EME,2016-01-22,43.49,44.49,43.37,44.41,1.7,+3.98%,491000
EME,2016-01-25,43.96,44.59,43.01,43.14,-1.27,-2.86%,401200
EME,2016-01-26,43.48,44.31,43.34,44.28,1.14,+2.64%,221600
EME,2016-01-27,44.21,44.83,43.96,44.09,-0.19,-0.43%,318700
EME,2016-01-28,44.76,45.02,44.03,44.39,0.3,+0.68%,291600
EME,2016-01-29,44.67,45.74,44.52,45.7,1.31,+2.95%,565400
EME,2016-02-01,45.21,45.65,44.86,45.48,-0.22,-0.48%,227800
EME,2016-02-02,44.88,45.16,43.85,44.01,-1.47,-3.23%,365900
EME,2016-02-03,44.44,44.67,43.64,44.54,0.53,+1.20%,299700
EME,2016-02-04,44.45,44.83,43.87,44.44,-0.1,-0.22%,293200
EME,2016-02-05,44.2,44.54,43.4,43.48,-0.96,-2.16%,295000
EME,2016-02-08,42.86,42.94,41.82,42.8,-0.68,-1.56%,298800
EME,2016-02-09,42.35,43.52,42.33,43.13,0.33,+0.77%,268600
EME,2016-02-10,43.39,44.14,43.39,43.49,0.36,+0.83%,291300
EME,2016-02-11,42.75,43.55,42.59,43.25,-0.24,-0.55%,318000
EME,2016-02-12,43.63,44.58,43.63,44.32,1.07,+2.47%,249500
EME,2016-02-16,44.83,45.18,44.31,44.9,0.58,+1.31%,261600
EME,2016-02-17,45.25,46.03,45.22,45.55,0.65,+1.45%,352800
EME,2016-02-18,45.6,45.7,45.07,45.2,-0.35,-0.77%,248400
EME,2016-02-19,44.93,45.92,44.32,45.86,0.66,+1.46%,198000
EME,2016-02-22,46.08,46.69,46,46.35,0.49,+1.07%,235400
EME,2016-02-23,46.08,46.6,45.7,45.74,-0.61,-1.32%,294100
EME,2016-02-24,45.25,46.49,45.18,46.49,0.75,+1.64%,408400
EME,2016-02-25,48.18,48.45,45.73,46.02,-0.47,-1.01%,362600
EME,2016-02-26,45.07,46.32,44.16,45.16,-0.86,-1.87%,543000
EME,2016-02-29,45.21,46.4,44.68,45.87,0.71,+1.57%,468100
EME,2016-03-01,46.29,47.15,46.09,46.87,1,+2.18%,290100
EME,2016-03-02,46.78,47.54,46.57,47.44,0.57,+1.22%,294400
EME,2016-03-03,47.38,48.23,47.05,48.19,0.75,+1.58%,345100
EME,2016-03-04,48.19,48.19,46.94,47.34,-0.85,-1.76%,278900
EME,2016-03-07,47.29,48.23,47.09,48.23,0.89,+1.88%,253600
EME,2016-03-08,47.86,47.86,46.79,46.86,-1.37,-2.84%,207900
EME,2016-03-09,47.16,47.23,46.65,46.76,-0.1,-0.21%,214400
EME,2016-03-10,46.92,47.42,45.71,46.25,-0.51,-1.09%,260000
EME,2016-03-11,46.6,47.09,46.4,47.02,0.77,+1.66%,223300
EME,2016-03-14,46.81,47.08,46.21,46.89,-0.13,-0.28%,154600
EME,2016-03-15,46.57,46.57,45.8,45.85,-1.04,-2.22%,165800
EME,2016-03-16,45.83,46.53,45.83,46.37,0.52,+1.13%,488200
EME,2016-03-17,46.38,47.97,45.55,47.76,1.39,+3.00%,322900
EME,2016-03-18,48.05,48.19,47.59,48.02,0.26,+0.54%,685900
EME,2016-03-21,48.03,48.2,47.33,47.67,-0.35,-0.73%,205000
EME,2016-03-22,47.57,48.21,47.53,48.02,0.35,+0.73%,235400
EME,2016-03-23,47.77,48.13,47.54,47.61,-0.41,-0.85%,348100
EME,2016-03-24,47.42,47.89,47.31,47.88,0.27,+0.57%,161000
EME,2016-03-28,48,48.24,47.69,47.9,0.02,+0.04%,229100
EME,2016-03-29,47.7,49,47.7,48.95,1.05,+2.19%,198800
EME,2016-03-30,49,49.05,48.46,48.65,-0.3,-0.61%,181700
EME,2016-03-31,48.62,48.75,48.46,48.6,-0.05,-0.10%,249200
EME,2016-04-01,48.1,48.78,47.82,48.64,0.04,+0.08%,269400
EME,2016-04-04,48.59,48.59,47.7,47.77,-0.87,-1.79%,304300
EME,2016-04-05,47.5,47.95,47.21,47.31,-0.46,-0.96%,226600
EME,2016-04-06,47.42,47.67,46.88,47.58,0.27,+0.57%,192800
EME,2016-04-07,47.18,47.34,46.81,47.06,-0.52,-1.09%,365900
EME,2016-04-08,47.61,48.08,47.45,47.69,0.63,+1.34%,190800
EME,2016-04-11,47.66,48.11,47.04,47.25,-0.44,-0.92%,263800
EME,2016-04-12,47.33,48.2,47.33,47.91,0.66,+1.40%,139300
EME,2016-04-13,48.32,49.13,47.88,49.11,1.2,+2.50%,281500
EME,2016-04-14,49.15,49.15,48.4,48.5,-0.61,-1.24%,162500
EME,2016-04-15,48.28,48.81,48.21,48.46,-0.04,-0.08%,207900
EME,2016-04-18,48.11,48.93,48.11,48.59,0.13,+0.27%,326300
EME,2016-04-19,48.8,49.02,48.09,48.33,-0.26,-0.54%,344800
EME,2016-04-20,48.47,49.67,48.27,49.15,0.82,+1.70%,322600
EME,2016-04-21,49.06,49.42,48.71,48.79,-0.36,-0.73%,160600
EME,2016-04-22,48.84,49.39,48.76,49.11,0.32,+0.66%,265800
EME,2016-04-25,48.86,48.86,47.82,47.98,-1.13,-2.30%,275500
EME,2016-04-26,48.19,48.5,47.82,48.4,0.42,+0.88%,316000
EME,2016-04-27,48.53,48.83,48.07,48.37,-0.03,-0.06%,343000
EME,2016-04-28,48.21,49.88,47.65,48.21,-0.16,-0.33%,557200
EME,2016-04-29,48.51,49.09,48.22,48.48,0.27,+0.56%,324000
EME,2016-05-02,48.49,48.86,47.77,48.14,-0.34,-0.70%,291400
EME,2016-05-03,47.76,47.96,47.06,47.22,-0.92,-1.91%,278400
EME,2016-05-04,47.07,47.38,46.63,46.73,-0.49,-1.04%,297600
EME,2016-05-05,47.04,47.62,47.03,47.28,0.55,+1.18%,266000
EME,2016-05-06,46.94,47.57,46.81,47.57,0.29,+0.61%,206200
EME,2016-05-09,47.56,47.96,47.21,47.37,-0.2,-0.42%,173200
EME,2016-05-10,47.6,47.99,47.45,47.99,0.62,+1.31%,207800
EME,2016-05-11,47.89,48.02,47.54,47.62,-0.37,-0.77%,189700
EME,2016-05-12,47.71,48.06,47.46,47.6,-0.02,-0.04%,153300
EME,2016-05-13,47.42,47.72,46.4,46.72,-0.88,-1.85%,169600
EME,2016-05-16,47,47.35,46.77,47.11,0.39,+0.83%,156400
EME,2016-05-17,46.97,47.15,45.54,45.85,-1.26,-2.67%,477300
EME,2016-05-18,45.77,45.99,45.23,45.66,-0.19,-0.41%,228000
EME,2016-05-19,45.28,45.45,44.27,44.97,-0.69,-1.51%,267900
EME,2016-05-20,45.24,46.02,45.24,45.77,0.8,+1.78%,227600
EME,2016-05-23,45.73,46.02,45.45,45.75,-0.02,-0.04%,211700
EME,2016-05-24,46,46.8,46,46.73,0.98,+2.14%,201500
EME,2016-05-25,47.02,47.36,46.85,47.1,0.37,+0.79%,155200
EME,2016-05-26,47.21,47.57,47.13,47.39,0.29,+0.62%,149300
EME,2016-05-27,47.38,47.72,47.3,47.55,0.16,+0.34%,142700
EME,2016-05-31,47.62,47.95,47.33,47.55,0,0.00%,311900
EME,2016-06-01,47.19,47.53,46.98,47.53,-0.02,-0.04%,339200
EME,2016-06-02,47.55,47.78,47.26,47.75,0.22,+0.46%,251000
EME,2016-06-03,47.7,47.83,47.07,47.6,-0.15,-0.31%,187600
EME,2016-06-06,47.64,48.2,47.64,48.12,0.52,+1.09%,168600
EME,2016-06-07,48.18,48.35,47.85,48.26,0.14,+0.29%,123200
EME,2016-06-08,48.36,48.88,48.18,48.65,0.39,+0.81%,144300
EME,2016-06-09,48.27,48.84,48.13,48.76,0.11,+0.23%,216400
EME,2016-06-10,48.22,48.48,47.92,48.12,-0.64,-1.31%,159000
EME,2016-06-13,47.85,48.23,47.22,47.25,-0.87,-1.81%,157600
EME,2016-06-14,47.06,47.48,46.75,47.23,-0.02,-0.04%,123600
EME,2016-06-15,47.37,47.37,46.8,46.85,-0.38,-0.80%,172700
EME,2016-06-16,46.46,47.09,45.47,47.04,0.19,+0.41%,141400
EME,2016-06-17,47.17,47.25,46.64,46.85,-0.19,-0.40%,449600
EME,2016-06-20,47.46,47.51,47.09,47.1,0.25,+0.53%,216300
EME,2016-06-21,48.01,48.76,47.22,48.45,1.35,+2.87%,422000
EME,2016-06-22,48.48,48.89,48.29,48.3,-0.15,-0.31%,256800
EME,2016-06-23,48.93,49.42,48.78,49.36,1.06,+2.19%,182100
EME,2016-06-24,47.7,48.31,47.14,47.63,-1.73,-3.50%,772100
EME,2016-06-27,47.02,47.06,45.86,46.22,-1.41,-2.96%,321000
EME,2016-06-28,46.8,47.03,46.48,46.81,0.59,+1.28%,266800
EME,2016-06-29,47.36,48.33,47.02,48.27,1.46,+3.12%,384400
EME,2016-06-30,48.27,49.69,48.12,49.26,0.99,+2.05%,9647500
EME,2016-07-01,49.35,49.88,48.61,48.64,-0.62,-1.26%,724000
EME,2016-07-05,48.26,48.58,47.69,48.45,-0.19,-0.39%,359200
EME,2016-07-06,48.08,48.84,47.89,48.64,0.19,+0.39%,312900
EME,2016-07-07,48.88,49.81,48.79,49.7,1.06,+2.18%,432100
EME,2016-07-08,50.21,51.41,50.21,50.93,1.23,+2.47%,434200
EME,2016-07-11,50.98,51.47,50.84,51.14,0.21,+0.41%,310000
EME,2016-07-12,51.68,51.99,51.25,51.64,0.5,+0.98%,340600
EME,2016-07-13,51.88,51.98,51.45,51.59,-0.05,-0.10%,241100
EME,2016-07-14,51.87,52.18,51.61,52,0.41,+0.79%,328800
EME,2016-07-15,52.48,52.49,51.74,51.87,-0.13,-0.25%,205700
EME,2016-07-18,51.86,52.07,51.47,51.69,-0.18,-0.35%,204300
EME,2016-07-19,50.86,51.14,50.08,51.09,-0.6,-1.16%,297800
EME,2016-07-20,51.09,51.39,50.67,51.35,0.26,+0.51%,378400
EME,2016-07-21,51.26,51.76,50.69,50.94,-0.41,-0.80%,319200
EME,2016-07-22,50.8,51.24,50.34,51.19,0.25,+0.49%,255800
EME,2016-07-25,51.13,51.49,51.09,51.33,0.14,+0.27%,296500
EME,2016-07-26,51.34,52.14,51.13,52.08,0.75,+1.46%,403000
EME,2016-07-27,52.05,52.6,52.05,52.54,0.46,+0.88%,379600
EME,2016-07-28,53.16,56.43,53.16,55.96,3.42,+6.51%,1225500
EME,2016-07-29,56.22,56.87,55.59,55.7,-0.26,-0.46%,765900
EME,2016-08-01,55.64,55.84,55.14,55.47,-0.23,-0.41%,362300
EME,2016-08-02,55.57,55.78,55.1,55.5,0.03,+0.05%,579500
EME,2016-08-03,55.39,55.95,55.17,55.87,0.37,+0.67%,372700
EME,2016-08-04,55.86,55.86,55.13,55.32,-0.55,-0.98%,256300
EME,2016-08-05,55.54,56.9,55.5,56.55,1.23,+2.22%,331900
EME,2016-08-08,56.44,56.76,55.99,56.44,-0.11,-0.19%,264100
EME,2016-08-09,56.5,57.04,56.22,56.64,0.2,+0.35%,173300
EME,2016-08-10,56.67,56.67,56.1,56.47,-0.17,-0.30%,223600
EME,2016-08-11,56.67,56.77,56.35,56.39,-0.08,-0.14%,232300
EME,2016-08-12,56.44,56.81,56.19,56.78,0.39,+0.69%,276800
EME,2016-08-15,56.77,57.39,56.31,57.28,0.5,+0.88%,181000
EME,2016-08-16,57.24,57.55,56.9,57.07,-0.21,-0.37%,342900
EME,2016-08-17,57.05,57.05,56.26,56.41,-0.66,-1.16%,299800
EME,2016-08-18,56.41,56.93,56.28,56.89,0.48,+0.85%,185300
EME,2016-08-19,56.8,56.83,56.29,56.67,-0.22,-0.39%,207200
EME,2016-08-22,56.52,57.25,56.23,57.14,0.47,+0.83%,332600
EME,2016-08-23,57.48,57.61,57.22,57.44,0.3,+0.53%,420400
EME,2016-08-24,57.44,57.63,57.02,57.17,-0.27,-0.47%,366400
EME,2016-08-25,57,57.45,56.96,57.44,0.27,+0.47%,478500
EME,2016-08-26,57.68,58.06,56.73,57.01,-0.43,-0.75%,345400
EME,2016-08-29,57.23,57.56,57,57.37,0.36,+0.63%,296100
EME,2016-08-30,57.25,57.5,57.16,57.46,0.09,+0.16%,233400
EME,2016-08-31,57.29,57.38,56.53,57.26,-0.2,-0.35%,378000
EME,2016-09-01,57.31,57.59,56.35,57.46,0.2,+0.35%,292200
EME,2016-09-02,57.9,58.02,57.46,57.95,0.49,+0.85%,222800
EME,2016-09-06,58.29,58.48,57.35,57.67,-0.28,-0.48%,266300
EME,2016-09-07,57.59,58.12,57.29,58.1,0.43,+0.75%,342900
EME,2016-09-08,58.32,58.5,57.82,57.96,-0.14,-0.24%,301300
EME,2016-09-09,57.4,57.67,55.73,55.75,-2.21,-3.81%,272000
EME,2016-09-12,55.5,56.45,55.25,56.17,0.42,+0.75%,224300
EME,2016-09-13,55.75,56.01,55.19,55.38,-0.79,-1.41%,279600
EME,2016-09-14,55.36,55.59,54.89,54.92,-0.46,-0.83%,266800
EME,2016-09-15,55.07,56.23,55.01,56.23,1.31,+2.39%,296500
EME,2016-09-16,56.31,56.48,55.82,56.25,0.02,+0.04%,500100
EME,2016-09-19,56.7,57.18,56.29,56.62,0.37,+0.66%,467500
EME,2016-09-20,57.02,57.21,56.55,56.81,0.19,+0.34%,330400
EME,2016-09-21,57.24,57.81,56.76,57.74,0.93,+1.64%,201700
EME,2016-09-22,58.13,58.78,58.01,58.71,0.97,+1.68%,272100
EME,2016-09-23,58.6,58.84,57.57,57.64,-1.07,-1.82%,217500
EME,2016-09-26,57.38,57.92,57.07,57.3,-0.34,-0.59%,158200
EME,2016-09-27,57.26,58.56,57.01,58.43,1.13,+1.97%,395900
EME,2016-09-28,58.54,59.3,58.23,59.25,0.82,+1.40%,309300
EME,2016-09-29,59.06,59.76,58.75,59.31,0.06,+0.10%,407400
EME,2016-09-30,59.61,60.33,59.17,59.62,0.31,+0.52%,447700
EME,2016-10-03,59.47,59.91,58.8,59.66,0.04,+0.07%,481000
EME,2016-10-04,59.89,60.55,59.01,59.26,-0.4,-0.67%,362300
EME,2016-10-05,59.68,60.56,59.33,60.36,1.1,+1.86%,851200
EME,2016-10-06,60.11,60.33,59.29,59.9,-0.46,-0.76%,366600
EME,2016-10-07,59.89,59.91,58.56,59,-0.9,-1.50%,456200
EME,2016-10-10,59.31,59.94,59.01,59.22,0.22,+0.37%,589500
EME,2016-10-11,58.98,59.38,56.58,57.38,-1.84,-3.11%,816600
EME,2016-10-12,57.31,58.03,57.28,57.92,0.54,+0.94%,495000
EME,2016-10-13,57.27,58.05,56.87,57.82,-0.1,-0.17%,320800
EME,2016-10-14,58.21,58.34,57.25,57.28,-0.54,-0.93%,380900
EME,2016-10-17,57.31,57.54,56.9,56.98,-0.3,-0.52%,404200
EME,2016-10-18,57.75,57.86,57.16,57.21,0.23,+0.40%,342200
EME,2016-10-19,57.47,57.47,56.76,56.9,-0.31,-0.54%,246700
EME,2016-10-20,56.53,56.74,56.02,56.04,-0.86,-1.51%,301200
EME,2016-10-21,55.51,56.34,55.1,56.12,0.08,+0.14%,240200
EME,2016-10-24,56.93,57.34,56.33,56.4,0.28,+0.50%,229700
EME,2016-10-25,56.3,56.49,55.9,56.21,-0.19,-0.34%,257500
EME,2016-10-26,55.81,56.29,55.49,56.26,0.05,+0.09%,279100
EME,2016-10-27,58.01,60.47,58.01,59.75,3.49,+6.20%,1391100
EME,2016-10-28,60.12,61.16,60.12,60.58,0.83,+1.39%,807500
EME,2016-10-31,60.57,60.73,60.09,60.46,-0.12,-0.20%,698400
EME,2016-11-01,60.71,60.78,59.2,59.52,-0.94,-1.55%,531000
EME,2016-11-02,59.48,60.17,59.48,59.6,0.08,+0.13%,395300
EME,2016-11-03,59.82,60.81,59.53,60.28,0.68,+1.14%,419100
EME,2016-11-04,60.27,60.6,59.61,59.93,-0.35,-0.58%,454400
EME,2016-11-07,61.14,61.35,60.75,61.09,1.16,+1.94%,499600
EME,2016-11-08,61.06,61.71,60.6,61.22,0.13,+0.21%,364700
EME,2016-11-09,61.87,65.99,61.29,65.08,3.86,+6.31%,783200
EME,2016-11-10,66,66.73,65.28,66.09,1.01,+1.55%,771100
EME,2016-11-11,66.05,67.75,65.92,67.34,1.25,+1.89%,633400
EME,2016-11-14,68.13,70.12,67.67,70.06,2.72,+4.04%,503100
EME,2016-11-15,70.25,70.48,68.96,70.24,0.18,+0.26%,591600
EME,2016-11-16,69.9,70.59,69.63,70.45,0.21,+0.30%,407400
EME,2016-11-17,70.82,71.23,70.22,70.48,0.03,+0.04%,470200
EME,2016-11-18,70.64,70.65,69.72,69.87,-0.61,-0.87%,553200
EME,2016-11-21,70.38,70.68,69.15,69.72,-0.15,-0.21%,565900
EME,2016-11-22,69.72,70.56,69.47,70.48,0.76,+1.09%,551100
EME,2016-11-23,70.5,71.6,70.5,71.56,1.08,+1.53%,570000
EME,2016-11-25,71.75,72.02,71.38,71.8,0.24,+0.34%,129200
EME,2016-11-28,71.72,72.14,70.27,70.61,-1.19,-1.66%,744900
EME,2016-11-29,70.68,71.61,70.58,71.02,0.41,+0.58%,590500
EME,2016-11-30,71.47,71.69,69.36,69.37,-1.65,-2.32%,451600
EME,2016-12-01,69.97,70.27,68.49,69.09,-0.28,-0.40%,432300
EME,2016-12-02,68.94,69.43,68.14,68.67,-0.42,-0.61%,545600
EME,2016-12-05,69.38,69.81,68.85,69.74,1.07,+1.56%,505500
EME,2016-12-06,69.71,70.55,69.64,70.28,0.54,+0.77%,471100
EME,2016-12-07,70.42,72.65,70.42,72.44,2.16,+3.07%,565000
EME,2016-12-08,70.87,73.31,70.52,73.04,0.6,+0.83%,640600
EME,2016-12-09,73.17,73.18,72.17,72.75,-0.29,-0.40%,437100
EME,2016-12-12,72.49,73.44,72.24,72.39,-0.36,-0.49%,500300
EME,2016-12-13,73.04,73.04,71.9,72.74,0.35,+0.48%,556500
EME,2016-12-14,72.67,72.88,71.18,71.32,-1.42,-1.95%,555800
EME,2016-12-15,71.48,72.96,70.76,72.53,1.21,+1.70%,567000
EME,2016-12-16,72.77,73.01,71.66,71.75,-0.78,-1.08%,900900
EME,2016-12-19,71.72,72.31,70.56,71.58,-0.17,-0.24%,410000
EME,2016-12-20,71.8,73.02,71.6,73.01,1.43,+2.00%,433700
EME,2016-12-21,72.68,72.82,72.14,72.14,-0.87,-1.19%,310800
EME,2016-12-22,72.45,73.07,71.9,72,-0.14,-0.19%,207100
EME,2016-12-23,71.95,72.25,71.61,71.84,-0.16,-0.22%,145100
EME,2016-12-27,72.07,72.47,71.57,72.21,0.37,+0.52%,132700
EME,2016-12-28,72.36,72.5,70.52,70.78,-1.43,-1.98%,279400
EME,2016-12-29,70.94,71.48,70.63,70.97,0.19,+0.27%,164700
EME,2016-12-30,71.22,71.45,70.56,70.76,-0.21,-0.30%,202400
EME,2017-01-03,71.53,72,70.35,70.84,0.08,+0.11%,231200
EME,2017-01-04,71.42,72.71,71.42,72.45,1.61,+2.27%,320100
EME,2017-01-05,72.31,72.88,71.05,71.39,-1.06,-1.46%,284200
EME,2017-01-06,71.55,71.8,69.92,69.95,-1.44,-2.02%,368400
EME,2017-01-09,69.65,69.86,67.35,67.37,-2.58,-3.69%,509700
EME,2017-01-10,67.68,68.44,67.49,68.05,0.68,+1.01%,494600
EME,2017-01-11,68.25,68.37,67.62,68,-0.05,-0.07%,437500
EME,2017-01-12,67.96,68.23,66.63,68.19,0.19,+0.28%,454300
EME,2017-01-13,68.2,69.2,68.2,68.96,0.77,+1.13%,300500
EME,2017-01-17,68.47,68.55,67.02,67.1,-1.86,-2.70%,240700
EME,2017-01-18,67.18,67.58,67,67.43,0.33,+0.49%,223000
EME,2017-01-19,67.73,68.46,67.24,67.72,0.29,+0.43%,360200
EME,2017-01-20,67.72,68.51,67.72,68.14,0.42,+0.62%,227100
EME,2017-01-23,68.11,68.61,66.58,67.42,-0.72,-1.06%,366700
EME,2017-01-24,67.79,69.83,67.79,69.61,2.19,+3.25%,270100
EME,2017-01-25,70.46,71.33,69.92,70.88,1.27,+1.82%,306500
EME,2017-01-26,70.97,71.18,70.09,70.72,-0.16,-0.23%,313300
EME,2017-01-27,70.85,71.05,70.17,70.87,0.15,+0.21%,239200
EME,2017-01-30,70.15,70.41,69,70.23,-0.64,-0.90%,263100
EME,2017-01-31,70.01,70.42,68.83,69.69,-0.54,-0.77%,265600
EME,2017-02-01,70.25,70.69,69.26,69.71,0.02,+0.03%,382600
EME,2017-02-02,69.58,69.79,68.2,68.75,-0.96,-1.38%,365400
EME,2017-02-03,69.57,70.98,69.09,70.18,1.43,+2.08%,247900
EME,2017-02-06,69.85,70.18,68.84,69.25,-0.93,-1.33%,264800
EME,2017-02-07,69.67,69.82,68.19,68.91,-0.34,-0.49%,270100
EME,2017-02-08,68.84,68.84,67.56,67.65,-1.26,-1.83%,274500
EME,2017-02-09,67.7,68.84,67.34,68.73,1.08,+1.60%,261600
EME,2017-02-10,69.17,69.34,68.41,69.16,0.43,+0.63%,256600
EME,2017-02-13,69.63,70.16,69.01,69.21,0.05,+0.07%,185700
EME,2017-02-14,69.1,69.98,68.4,69.9,0.69,+1.00%,261200
EME,2017-02-15,69.74,70.73,69.74,70.15,0.25,+0.36%,557100
EME,2017-02-16,70.1,70.3,68.86,70.24,0.09,+0.13%,228800
EME,2017-02-17,70.07,70.24,68.83,69.48,-0.76,-1.08%,283200
EME,2017-02-21,69.41,70.22,68.92,69.12,-0.36,-0.52%,948800
EME,2017-02-22,68.8,69.27,68.28,68.49,-0.63,-0.91%,787400
EME,2017-02-23,65.56,66.74,60.67,61.63,-6.86,-10.02%,1585600
EME,2017-02-24,61.54,63.56,61.54,61.94,0.31,+0.50%,996600
EME,2017-02-27,61.93,64.15,61.78,63.95,2.01,+3.25%,735200
EME,2017-02-28,64.14,64.31,61.46,61.48,-2.47,-3.86%,791400
EME,2017-03-01,62.66,64.29,62.44,63.67,2.19,+3.56%,644900
EME,2017-03-02,64.12,64.23,63.3,63.87,0.2,+0.31%,736800
EME,2017-03-03,63.94,64.21,63.3,63.76,-0.11,-0.17%,464800
EME,2017-03-06,63.2,63.44,62.52,63.31,-0.45,-0.71%,384600
EME,2017-03-07,63.21,63.77,62.93,63.42,0.11,+0.17%,495200
EME,2017-03-08,63.89,64.38,63.2,63.33,-0.09,-0.14%,560000
EME,2017-03-09,63.16,63.42,61.84,62.27,-1.06,-1.67%,552800
EME,2017-03-10,63.02,63.62,62.58,63.6,1.33,+2.14%,669300
EME,2017-03-13,63.16,64.01,62.79,63.07,-0.53,-0.83%,552300
EME,2017-03-14,62.53,62.81,61.15,62.19,-0.88,-1.40%,551900
EME,2017-03-15,62.53,64.27,62.37,63.92,1.73,+2.78%,467600
EME,2017-03-16,64.16,64.33,63.71,64.16,0.24,+0.38%,639900
EME,2017-03-17,64.19,64.52,63.09,63.59,-0.57,-0.89%,649900
EME,2017-03-20,63.58,63.8,62.32,62.37,-1.22,-1.92%,704800
EME,2017-03-21,62.87,62.87,60.48,60.52,-1.85,-2.97%,471400
EME,2017-03-22,60.34,61.31,60.27,60.92,0.4,+0.66%,467800
EME,2017-03-23,60.91,61.74,60.62,61.17,0.25,+0.41%,233800
EME,2017-03-24,61.38,61.82,60.9,61.15,-0.02,-0.03%,266500
EME,2017-03-27,59.94,61.63,59.76,61.36,0.21,+0.34%,317500
EME,2017-03-28,61.15,62.05,61.13,61.65,0.29,+0.47%,345500
EME,2017-03-29,61.53,62.17,61.3,61.96,0.31,+0.50%,367900
EME,2017-03-30,61.95,63.15,61.95,63.06,1.1,+1.78%,311700
EME,2017-03-31,62.95,63.59,62.81,62.95,-0.11,-0.17%,341900
EME,2017-04-03,63.02,63.67,62.06,62.66,-0.29,-0.46%,353100
EME,2017-04-04,62.47,62.83,61.99,62.21,-0.45,-0.72%,306300
EME,2017-04-05,62.72,63.51,61.88,61.99,-0.22,-0.35%,252600
EME,2017-04-06,62.02,62.96,62.02,62.5,0.51,+0.82%,234700
EME,2017-04-07,62.12,63.68,62.08,62.88,0.38,+0.61%,272700
EME,2017-04-10,62.78,63.59,62.44,62.64,-0.24,-0.38%,244400
EME,2017-04-11,62.31,63.79,62.15,63.78,1.14,+1.82%,279100
EME,2017-04-12,63.38,63.38,61.08,61.17,-2.61,-4.09%,441900
EME,2017-04-13,61.04,61.69,60.31,60.39,-0.78,-1.28%,292700
EME,2017-04-17,60.57,61.69,60.3,61.66,1.27,+2.10%,267100
EME,2017-04-18,61.14,61.76,60.98,61.37,-0.29,-0.47%,279800
EME,2017-04-19,61.83,62.37,61.65,62.01,0.64,+1.04%,340400
EME,2017-04-20,62.43,63.45,61.94,63.23,1.22,+1.97%,245500
EME,2017-04-21,63.12,63.12,62.15,62.55,-0.68,-1.08%,335000
EME,2017-04-24,63.61,64.24,63.17,63.82,1.27,+2.03%,281200
EME,2017-04-25,64.41,65.17,63.85,64.54,0.72,+1.13%,243600
EME,2017-04-26,64.56,65.75,64.25,65.26,0.72,+1.12%,413900
EME,2017-04-27,65.99,69.14,65.77,67.37,2.11,+3.23%,729500
EME,2017-04-28,67.8,67.8,65.26,65.74,-1.63,-2.42%,545600
EME,2017-05-01,66.03,66.62,65.19,66.4,0.66,+1.00%,304800
EME,2017-05-02,66.27,66.7,65.72,66.6,0.2,+0.30%,220600
EME,2017-05-03,66.03,66.46,65.59,66.05,-0.55,-0.83%,220600
EME,2017-05-04,66.2,66.62,65.56,66.37,0.32,+0.48%,191000
EME,2017-05-05,66.6,66.6,65.56,66.24,-0.13,-0.20%,209600
EME,2017-05-08,66.02,66.28,65.32,65.8,-0.44,-0.66%,165500
EME,2017-05-09,65.85,66.27,65.5,65.77,-0.03,-0.05%,211800
EME,2017-05-10,65.61,65.68,64.96,65.35,-0.42,-0.64%,198000
EME,2017-05-11,65.09,65.35,63.8,64.95,-0.4,-0.61%,223400
EME,2017-05-12,64.5,64.78,63.98,64.51,-0.44,-0.68%,210700
EME,2017-05-15,64.88,65.41,64.64,64.74,0.23,+0.36%,185000
EME,2017-05-16,64.78,65.31,63.84,64.42,-0.32,-0.49%,192700
EME,2017-05-17,62.96,63.43,62.43,62.93,-1.49,-2.31%,299700
EME,2017-05-18,62.53,63.17,62.38,62.46,-0.47,-0.75%,189300
EME,2017-05-19,62.8,64.11,62.66,63.32,0.86,+1.38%,240900
EME,2017-05-22,63.48,63.49,62.44,63.05,-0.27,-0.43%,456000
EME,2017-05-23,63.65,64.33,63.15,64.08,1.03,+1.63%,359900
EME,2017-05-24,64.1,64.45,63.54,64.02,-0.06,-0.09%,223800
EME,2017-05-25,64.32,64.55,63.85,64.05,0.03,+0.05%,200800
EME,2017-05-26,63.8,64.07,63.17,63.57,-0.48,-0.75%,188900
EME,2017-05-30,63.24,63.71,62.9,62.95,-0.62,-0.98%,180100
EME,2017-05-31,63.05,63.07,61.97,63.02,0.07,+0.11%,447500
EME,2017-06-01,63.39,64.54,62.9,64.51,1.49,+2.36%,377000
EME,2017-06-02,64.5,66.34,64.48,65.27,0.76,+1.18%,367800
EME,2017-06-05,65.23,65.23,63.93,64.56,-0.71,-1.09%,277100
EME,2017-06-06,63.93,64.41,63.44,63.97,-0.59,-0.91%,215900
EME,2017-06-07,63.97,64.6,63.77,63.93,-0.04,-0.06%,207600
EME,2017-06-08,63.99,65.2,63.99,64.85,0.92,+1.44%,329300
EME,2017-06-09,65.07,67.12,65.07,66.75,1.9,+2.93%,321100
EME,2017-06-12,66.81,67.16,65.46,65.69,-1.06,-1.59%,314300
EME,2017-06-13,65.99,66.61,65.32,66,0.31,+0.47%,326500
EME,2017-06-14,66.13,66.2,64.81,65.68,-0.32,-0.48%,342200
EME,2017-06-15,64.64,65.65,64.52,65.31,-0.37,-0.56%,277900
EME,2017-06-16,65.31,65.67,64.93,65.34,0.03,+0.05%,642700
EME,2017-06-19,65.62,66.45,65.52,65.95,0.61,+0.93%,615300
EME,2017-06-20,65.61,65.81,64.24,64.77,-1.18,-1.79%,307400
EME,2017-06-21,64.99,65.57,64.12,64.23,-0.54,-0.83%,387900
EME,2017-06-22,64.27,64.85,63.78,64.63,0.4,+0.62%,251900
EME,2017-06-23,64.71,65.71,64.22,65.62,0.99,+1.53%,1151700
EME,2017-06-26,65.83,66.69,65.32,65.66,0.04,+0.06%,260100
EME,2017-06-27,65.61,66.18,64.96,65.56,-0.1,-0.15%,181800
EME,2017-06-28,66.32,66.73,65.82,65.94,0.38,+0.58%,340600
EME,2017-06-29,66.11,66.11,64.4,65.26,-0.68,-1.03%,337600
EME,2017-06-30,65.48,65.86,65.05,65.38,0.12,+0.18%,358400
EME,2017-07-03,65.72,66.66,65.455,66.38,1,+1.53%,121900
EME,2017-07-05,66.2,67.03,65.86,66.9,0.52,+0.78%,250300
EME,2017-07-06,66.36,67.28,66.36,66.69,-0.21,-0.31%,406100
EME,2017-07-07,66.86,67.08,66.25,66.95,0.26,+0.39%,194200
EME,2017-07-10,66.5,67.14,65.52,65.53,-1.42,-2.12%,334400
EME,2017-07-11,65.63,65.88,64.92,65.23,-0.3,-0.46%,315100
EME,2017-07-12,65.86,66.465,65.37,65.4,0.17,+0.26%,186800
EME,2017-07-13,65.4,65.4,64.65,65.14,-0.26,-0.40%,242300
EME,2017-07-14,65.14,65.475,64.97,65.03,-0.11,-0.17%,162000
EME,2017-07-17,64.96,65.51,64.69,65.41,0.38,+0.58%,180500
EME,2017-07-18,65.24,65.31,64.17,64.77,-0.64,-0.98%,212900
EME,2017-07-19,65,65.97,65,65.97,1.2,+1.85%,224600
EME,2017-07-20,65.97,65.975,64.88,65.42,-0.55,-0.83%,135700
EME,2017-07-21,65.93,66,64.63,64.87,-0.55,-0.84%,270700
EME,2017-07-24,64.76,64.76,63.87,64.02,-0.85,-1.31%,482700
EME,2017-07-25,64.54,64.94,64.31,64.65,0.63,+0.98%,541900
EME,2017-07-26,64.67,64.805,63.485,63.69,-0.96,-1.48%,337200
EME,2017-07-27,66.5,69.49,65.95,68.71,5.02,+7.88%,800600
EME,2017-07-28,68.32,69.17,67.08,67.43,-1.28,-1.86%,607700
EME,2017-07-31,67.59,67.9,67.03,67.5,0.07,+0.10%,481200
EME,2017-08-01,67.81,68.5,67.39,68.36,0.86,+1.27%,377400
EME,2017-08-02,68.45,68.96,67.25,67.47,-0.89,-1.30%,548700
EME,2017-08-03,67.47,67.47,66.54,67.05,-0.42,-0.62%,498700
EME,2017-08-04,67.26,67.41,66.5,66.71,-0.34,-0.51%,447200
EME,2017-08-07,66.82,67.64,66.54,67.52,0.81,+1.21%,244700
EME,2017-08-08,67.47,69.2,67.41,67.98,0.46,+0.68%,252000
EME,2017-08-09,67.59,67.81,66.95,67.45,-0.53,-0.78%,196900
EME,2017-08-10,66.96,67.14,65.17,65.21,-2.24,-3.32%,297900
EME,2017-08-11,64.84,65.58,64.79,65.15,-0.06,-0.09%,406100
EME,2017-08-14,65.63,66.63,65.63,66.37,1.22,+1.87%,196300
EME,2017-08-15,66.85,67.11,65.36,65.37,-1.,-1.51%,326900
EME,2017-08-16,65.76,65.83,64.64,64.66,-0.71,-1.09%,386400
EME,2017-08-17,64.52,65.13,63.91,63.91,-0.75,-1.16%,418000
EME,2017-08-18,63.37,63.78,62.64,62.65,-1.26,-1.97%,398100
EME,2017-08-21,62.65,63.29,62.15,62.68,0.03,+0.05%,240500
EME,2017-08-22,62.67,63.04,62.53,62.8,0.12,+0.19%,250700
EME,2017-08-23,62.31,63.28,62.31,62.99,0.19,+0.30%,199200
EME,2017-08-24,63.31,63.35,62.435,62.45,-0.54,-0.86%,166200
EME,2017-08-25,62.92,63.66,62.71,63.31,0.86,+1.38%,193300
EME,2017-08-28,63.57,64.61,63.25,63.82,0.51,+0.81%,466100
EME,2017-08-29,63.35,64.35,63.24,64.17,0.35,+0.55%,547500
EME,2017-08-30,64.02,65.05,63.74,64.87,0.7,+1.09%,240100
EME,2017-08-31,65.14,66.12,65.14,66.04,1.17,+1.80%,216300
EME,2017-09-01,66.27,66.365,65.88,66.19,0.15,+0.23%,174300
EME,2017-09-05,66.19,66.63,65.34,65.63,-0.56,-0.85%,446500
EME,2017-09-06,66,66,64.86,65.57,-0.06,-0.09%,275200
EME,2017-09-07,65.77,65.81,64.815,65.58,0.01,+0.02%,180100
EME,2017-09-08,65.53,66.45,65.13,66.45,0.87,+1.33%,230100
EME,2017-09-11,67,67.31,66.5,66.62,0.17,+0.26%,162700
EME,2017-09-12,66.98,67.99,66.98,67.85,1.23,+1.85%,166700
EME,2017-09-13,67.69,68.51,67.51,68.38,0.53,+0.78%,291800
EME,2017-09-14,68.32,68.6,67.56,67.81,-0.57,-0.83%,346300
EME,2017-09-15,67.48,68.27,66.88,68,0.19,+0.28%,650500
EME,2017-09-18,68.09,68.925,68.015,68.54,0.54,+0.79%,151100
EME,2017-09-19,68.64,69,68.04,68.11,-0.43,-0.63%,289200
EME,2017-09-20,68.3,69.11,68.065,68.63,0.52,+0.76%,281700
EME,2017-09-21,68.69,68.93,68.38,68.55,-0.08,-0.12%,219700
EME,2017-09-22,68.54,68.91,68.365,68.7,0.15,+0.22%,240600
EME,2017-09-25,68.26,69.01,68.13,68.73,0.03,+0.04%,303100
EME,2017-09-26,68.91,69.37,68.41,69.11,0.38,+0.55%,373100
EME,2017-09-27,69.38,69.56,68.39,69.27,0.16,+0.23%,442500
EME,2017-09-28,69.14,70.26,68.82,69.71,0.44,+0.64%,302500
EME,2017-09-29,69.65,70.08,69.25,69.38,-0.33,-0.47%,298700
EME,2017-10-02,69.41,70.42,69.19,70.41,1.03,+1.48%,323800
EME,2017-10-03,70.57,70.84,69.73,70.11,-0.3,-0.43%,325100
EME,2017-10-04,70.03,70.51,69.12,69.95,-0.16,-0.23%,390600
EME,2017-10-05,70.27,70.49,69.93,70.35,0.4,+0.57%,223700
EME,2017-10-06,69.96,70.5,69.96,70.45,0.1,+0.14%,140000
EME,2017-10-09,70.4,70.79,69.62,69.87,-0.58,-0.82%,124500
EME,2017-10-10,70.41,70.41,69.53,69.86,-0.01,-0.01%,226000
EME,2017-10-11,69.86,69.86,69.35,69.73,-0.13,-0.19%,277500
EME,2017-10-12,69.79,69.895,69.5,69.65,-0.08,-0.11%,289900
EME,2017-10-13,70.05,70.33,69.58,70.19,0.54,+0.78%,255000
EME,2017-10-16,70.42,70.85,69.96,70.4,0.21,+0.30%,325000
EME,2017-10-17,70.31,70.31,68.83,69.07,-1.33,-1.89%,196300
EME,2017-10-18,69.44,70.07,69.16,69.89,0.82,+1.19%,225500
EME,2017-10-19,69.48,69.77,69.07,69.45,-0.44,-0.63%,270100
EME,2017-10-20,69.77,70.08,69.37,69.92,0.47,+0.68%,179900
EME,2017-10-23,69.83,70.02,69.45,69.55,-0.37,-0.53%,138300
EME,2017-10-24,69.78,70.05,69.65,69.8,0.25,+0.36%,158300
EME,2017-10-25,69.53,70.38,68.77,70.26,0.46,+0.66%,308500
EME,2017-10-26,73.9,77.1,73.7,76.68,6.42,+9.14%,1189000
EME,2017-10-27,77.43,80.64,76.84,79.38,2.7,+3.52%,839000
EME,2017-10-30,79.17,79.99,78.18,79.34,-0.04,-0.05%,719400
EME,2017-10-31,79.92,80.88,79.335,80.51,1.17,+1.47%,446200
EME,2017-11-01,81.42,81.6,80.36,80.52,0.01,+0.01%,434900
EME,2017-11-02,80.61,81.61,80.09,81.16,0.64,+0.79%,367500
EME,2017-11-03,81.16,81.73,81.145,81.25,0.09,+0.11%,258400
EME,2017-11-06,81.44,81.77,80.84,81.49,0.24,+0.30%,265200
EME,2017-11-07,81.5,81.68,80.94,81.54,0.05,+0.06%,264100
EME,2017-11-08,80.99,81.535,80.4,81.21,-0.33,-0.40%,451500
EME,2017-11-09,80.26,80.515,78.575,79.26,-1.95,-2.40%,433900
EME,2017-11-10,78.9,79.73,78.75,79.04,-0.22,-0.28%,484100
EME,2017-11-13,78.48,79.04,78.09,78.9,-0.14,-0.18%,245500
EME,2017-11-14,78.44,78.64,77.8,78.04,-0.86,-1.09%,283200
EME,2017-11-15,77.36,77.85,76.36,76.86,-1.18,-1.51%,542400
EME,2017-11-16,76.96,78.25,76.96,78.11,1.25,+1.63%,395500
EME,2017-11-17,77.67,79.05,77.67,78.75,0.64,+0.82%,257500
EME,2017-11-20,78.75,79.93,78.31,79.67,0.92,+1.17%,247900
EME,2017-11-21,79.87,80.72,79.41,79.85,0.18,+0.23%,323400
EME,2017-11-22,79.94,80.39,79.11,79.11,-0.74,-0.93%,318100
EME,2017-11-24,79.5,79.5,78.86,79.07,-0.04,-0.05%,163500
EME,2017-11-27,78.91,79.46,77.99,78.14,-0.93,-1.18%,442000
EME,2017-11-28,78.14,79.97,78.07,79.82,1.68,+2.15%,679900
EME,2017-11-29,79.95,81.2,79.9,80.89,1.07,+1.34%,467400
EME,2017-11-30,81.24,81.38,80.49,80.77,-0.12,-0.15%,480200
EME,2017-12-01,80.84,81.39,77.76,80.56,-0.21,-0.26%,251000
EME,2017-12-04,81.15,81.88,80.41,80.55,-0.01,-0.01%,499400
EME,2017-12-05,80.58,80.91,80.04,80.37,-0.18,-0.22%,332800
EME,2017-12-06,80.18,80.78,80.01,80.24,-0.13,-0.16%,217100
EME,2017-12-07,80.19,80.89,79.87,80.47,0.23,+0.29%,516300
EME,2017-12-08,80.67,81.3,79.73,81.12,0.65,+0.81%,226500
EME,2017-12-11,81.3,81.31,80.55,81.08,-0.04,-0.05%,464100
EME,2017-12-12,81.27,81.475,80.68,81.09,0.01,+0.01%,466200
EME,2017-12-13,81.26,81.49,80.7,81.07,-0.02,-0.02%,291500
EME,2017-12-14,81.1,81.1,79.32,79.63,-1.44,-1.78%,310000
EME,2017-12-15,80.02,82.03,79.965,81.09,1.46,+1.83%,828100
EME,2017-12-18,81.65,82.67,81.55,82.6,1.51,+1.86%,268400
EME,2017-12-19,82.57,82.94,82.17,82.17,-0.43,-0.52%,229900
EME,2017-12-20,82.74,83.11,82.2,82.97,0.8,+0.97%,277800
EME,2017-12-21,83.52,84.105,83.095,83.64,0.67,+0.81%,282400
EME,2017-12-22,83.91,84.01,82.44,82.53,-1.11,-1.33%,133300
EME,2017-12-26,82.42,83.21,82.42,82.96,0.43,+0.52%,149300
EME,2017-12-27,83.01,83.51,82.7,83.01,0.05,+0.06%,125600
EME,2017-12-28,83.31,83.42,82.36,82.46,-0.55,-0.66%,139600
EME,2017-12-29,82.63,83,81.72,81.75,-0.71,-0.86%,175400
EME,2018-01-02,82.05,82.83,81.5,81.96,0.21,+0.26%,236600
EME,2018-01-03,82.19,83.995,81.99,83.96,2,+2.44%,984400
EME,2018-01-04,84.29,84.73,82.82,82.98,-0.98,-1.17%,269800
EME,2018-01-05,83.37,83.49,82.015,82.73,-0.25,-0.30%,193300
EME,2018-01-08,82.52,83.16,81.87,82.8,0.07,+0.08%,153400
EME,2018-01-09,82.91,83.21,82.39,82.42,-0.38,-0.46%,201000
EME,2018-01-10,82.26,82.41,81.65,81.83,-0.59,-0.72%,357700
EME,2018-01-11,82.2,83.32,81.98,83.31,1.48,+1.81%,654100
EME,2018-01-12,83.32,85.08,83.32,84.14,0.83,+1.00%,176700
EME,2018-01-16,84.77,84.77,82.47,82.54,-1.6,-1.90%,309700
EME,2018-01-17,82.86,82.93,82.13,82.69,0.15,+0.18%,403400
EME,2018-01-18,82.73,83.32,82.28,82.48,-0.21,-0.25%,270800
EME,2018-01-19,82.26,83.62,82.26,83.6,1.12,+1.36%,627600
EME,2018-01-22,83.4,83.4,82.22,82.64,-0.96,-1.15%,303200
EME,2018-01-23,82.99,82.99,82.04,82.32,-0.32,-0.39%,217500
EME,2018-01-24,82.9,83.47,82.22,82.57,0.25,+0.30%,205100
EME,2018-01-25,82.87,82.87,81.6,82.27,-0.3,-0.36%,172400
EME,2018-01-26,82.59,82.87,81.74,82.55,0.28,+0.34%,316500
EME,2018-01-29,82.5,83.13,82.13,82.35,-0.2,-0.24%,214400
EME,2018-01-30,81.42,81.77,80.55,81.25,-1.1,-1.34%,220800
EME,2018-01-31,81.95,82.84,81.15,81.28,0.03,+0.04%,307400
EME,2018-02-01,80.97,82,80.38,81.27,-0.01,-0.01%,366000
EME,2018-02-02,80.87,81.06,79.4,79.75,-1.52,-1.87%,277900
EME,2018-02-05,79.16,79.53,75.73,75.76,-3.99,-5.00%,473600
EME,2018-02-06,74.37,77.89,73.26,76.7,0.94,+1.24%,510800
EME,2018-02-07,76.34,77.77,76.31,76.9,0.2,+0.26%,348600
EME,2018-02-08,77.19,77.28,75.21,75.23,-1.67,-2.17%,495500
EME,2018-02-09,75.85,76.54,73.67,75.91,0.68,+0.90%,444900
EME,2018-02-12,76.15,76.46,74.91,75.23,-0.68,-0.90%,510900
EME,2018-02-13,75.09,75.8,74.74,75.44,0.21,+0.28%,210400
EME,2018-02-14,74.77,76.55,74.75,76.32,0.88,+1.17%,205200
EME,2018-02-15,77.09,77.09,75.56,76.5,0.18,+0.24%,253900
EME,2018-02-16,76.37,77.35,75.97,76.64,0.14,+0.18%,167300
EME,2018-02-20,76.38,77.55,75.81,76.43,-0.21,-0.27%,255500
EME,2018-02-21,76.65,77.23,75.4,75.42,-1.01,-1.32%,461100
EME,2018-02-22,75.46,77.46,74.99,76.19,0.77,+1.02%,343800
EME,2018-02-23,76.21,77.27,75.06,76.45,0.26,+0.34%,442600
EME,2018-02-26,76.73,77.57,75.91,77.45,1,+1.31%,324200
EME,2018-02-27,77.43,78.61,76.95,77.05,-0.4,-0.52%,491100
EME,2018-02-28,77.41,77.845,76.3,76.31,-0.74,-0.96%,318900
EME,2018-03-01,76.19,77.04,75.04,76.03,-0.28,-0.37%,407600
EME,2018-03-02,75.38,76.86,74.82,76.66,0.63,+0.83%,264700
EME,2018-03-05,76.16,76.795,75.33,76.05,-0.61,-0.80%,335800
EME,2018-03-06,76.13,76.24,75.04,76.06,0.01,+0.01%,559100
EME,2018-03-07,75.61,78.22,75.61,77.99,1.93,+2.54%,328400
EME,2018-03-08,78.36,78.5,77.39,78.11,0.12,+0.15%,216600
EME,2018-03-09,78.64,80.26,78.17,80.1,1.99,+2.55%,238900
EME,2018-03-12,80.24,80.48,79.09,79.54,-0.56,-0.70%,433200
EME,2018-03-13,79.89,80.95,79.35,80.38,0.84,+1.06%,467200
EME,2018-03-14,80.99,81.18,80.04,80.5,0.12,+0.15%,271800
EME,2018-03-15,80.64,80.92,79.69,80.4,-0.1,-0.12%,292100
EME,2018-03-16,80.43,81.23,79.87,80.98,0.58,+0.72%,713500
EME,2018-03-19,80.79,80.87,78.61,80.12,-0.86,-1.06%,344700
EME,2018-03-20,80.17,80.6,79.34,79.8,-0.32,-0.40%,156700
EME,2018-03-21,79.77,80.76,79.4,80.09,0.29,+0.36%,163100
EME,2018-03-22,79.33,80.07,78.07,78.08,-2.01,-2.51%,411300
EME,2018-03-23,78.21,78.52,75.34,75.38,-2.7,-3.46%,347700
EME,2018-03-26,76.69,77.48,75.65,77.3,1.92,+2.55%,289000
EME,2018-03-27,77.6,77.6,75.17,75.59,-1.71,-2.21%,300700
EME,2018-03-28,75.66,76.59,75.32,75.98,0.39,+0.52%,267100
EME,2018-03-29,76.5,78.69,76.5,77.93,1.95,+2.57%,361400
EME,2018-04-02,77.79,77.79,74.97,75.78,-2.15,-2.76%,281100
EME,2018-04-03,76.16,78.07,75.81,77.68,1.9,+2.51%,338800
EME,2018-04-04,76.53,78.12,76.49,77.99,0.31,+0.40%,383300
EME,2018-04-05,78.22,78.83,77.43,78.41,0.42,+0.54%,754700
EME,2018-04-06,77.79,78.68,76.01,76.84,-1.57,-2.00%,424800
EME,2018-04-09,77.39,78.29,76.51,76.61,-0.23,-0.30%,293000
EME,2018-04-10,77.72,78.65,76.82,78.33,1.72,+2.25%,583700
EME,2018-04-11,77.8,78.18,77.03,77.19,-1.14,-1.46%,262000
EME,2018-04-12,77.35,79.44,77.12,79.33,2.14,+2.77%,593400
EME,2018-04-13,79.5,79.74,78.46,78.78,-0.55,-0.69%,377200
EME,2018-04-16,79.34,80.38,79.13,79.89,1.11,+1.41%,183400
EME,2018-04-17,80.52,80.94,80.21,80.77,0.88,+1.10%,163200
EME,2018-04-18,80.82,81.7,80.43,81.35,0.58,+0.72%,525600
EME,2018-04-19,81.33,81.33,80.235,80.6,-0.75,-0.92%,248900
EME,2018-04-20,80.55,81.04,80.02,80.5,-0.1,-0.12%,361200
EME,2018-04-23,80.44,81.03,80.2,80.57,0.07,+0.09%,213000
EME,2018-04-24,80.59,82.04,79.89,80.26,-0.31,-0.38%,613900
EME,2018-04-25,80.24,81.75,79.79,80.86,0.6,+0.75%,397200
EME,2018-04-26,81.22,81.41,74.89,75.07,-5.79,-7.16%,561900
EME,2018-04-27,74.49,75.16,72.4,74.6,-0.47,-0.63%,871700
EME,2018-04-30,74.82,75.32,73.59,73.59,-1.01,-1.35%,739300
EME,2018-05-01,73.66,74.545,72.26,74.39,0.8,+1.09%,466200
EME,2018-05-02,74.39,75.48,74.065,75.2,0.81,+1.09%,537400
EME,2018-05-03,75.1,75.5,73.32,74.95,-0.25,-0.33%,365300
EME,2018-05-04,74.43,75.81,74.09,75.28,0.33,+0.44%,219500
EME,2018-05-07,75.38,76.58,75.38,76.21,0.93,+1.24%,250100
EME,2018-05-08,76.8,78.28,76.8,78.21,2,+2.62%,281300
EME,2018-05-09,78.23,78.41,76.465,76.65,-1.56,-1.99%,309600
EME,2018-05-10,76.92,76.92,76.33,76.7,0.05,+0.07%,289500
EME,2018-05-11,76.99,77.23,76.55,76.71,0.01,+0.01%,152500
EME,2018-05-14,76.74,76.98,75.435,75.51,-1.2,-1.56%,271000
EME,2018-05-15,75.24,75.77,74.88,75.47,-0.04,-0.05%,551200
EME,2018-05-16,75.61,77.03,75.61,76.19,0.72,+0.95%,645100
EME,2018-05-17,76.31,77.315,76.21,77,0.81,+1.06%,816400
EME,2018-05-18,77.23,77.63,76.46,76.53,-0.47,-0.61%,388800
EME,2018-05-21,77.04,77.72,76.74,77.59,1.06,+1.39%,232500
EME,2018-05-22,77.4,77.905,77,77.01,-0.58,-0.75%,173600
EME,2018-05-23,76.69,77.14,75.95,76.48,-0.53,-0.69%,160200
EME,2018-05-24,76.3,76.54,75.57,76.31,-0.17,-0.22%,204900
EME,2018-05-25,76.5,76.79,76.18,76.51,0.2,+0.26%,327200
EME,2018-05-29,75.96,77,75.8,76.28,-0.23,-0.30%,261900
EME,2018-05-30,76.76,78.58,76.26,78.18,1.9,+2.49%,363700
EME,2018-05-31,78.14,78.35,75.92,75.93,-2.25,-2.88%,262400
EME,2018-06-01,76.55,77.38,76.4,76.8,0.87,+1.15%,189600
EME,2018-06-04,77.05,77.8,76.73,77.36,0.56,+0.73%,611400
EME,2018-06-05,77.41,78.48,77.27,78.43,1.07,+1.38%,196400
EME,2018-06-06,78.61,79.97,78.255,79.88,1.45,+1.85%,277000
EME,2018-06-07,79.9,79.95,78.25,78.83,-1.05,-1.31%,378600
EME,2018-06-08,78.9,79.07,78.2,78.92,0.09,+0.11%,321000
EME,2018-06-11,78.98,79.47,78.44,78.62,-0.3,-0.38%,187700
EME,2018-06-12,78.55,78.86,77.81,78.15,-0.47,-0.60%,180300
EME,2018-06-13,78.21,78.62,77.22,77.58,-0.57,-0.73%,151600
EME,2018-06-14,77.9,77.9,77.005,77.67,0.09,+0.12%,172700
EME,2018-06-15,77.35,77.81,76.76,77.7,0.03,+0.04%,462400
EME,2018-06-18,77.12,78.26,77.07,77.98,0.28,+0.36%,234300
EME,2018-06-19,77.24,78.5,76.97,78.45,0.47,+0.60%,313800
EME,2018-06-20,78.61,79.925,77.92,79.82,1.37,+1.75%,243100
EME,2018-06-21,79.73,79.73,77.82,78.15,-1.67,-2.09%,182500
EME,2018-06-22,78.79,78.93,77.67,78.03,-0.12,-0.15%,405000
EME,2018-06-25,77.67,77.92,76.43,77.17,-0.86,-1.10%,326200
EME,2018-06-26,77.5,78.41,77.15,77.96,0.79,+1.02%,217300
EME,2018-06-27,78.09,78.35,76.61,76.61,-1.35,-1.73%,188500
EME,2018-06-28,76.69,76.69,75.54,76.41,-0.2,-0.26%,170600
EME,2018-06-29,76.81,77.45,76.14,76.18,-0.23,-0.30%,218400
EME,2018-07-02,75.4,76.32,75.2,76.04,-0.14,-0.18%,287100
EME,2018-07-03,76.31,76.68,76.1,76.23,0.19,+0.25%,94000
EME,2018-07-05,76.54,77.09,75.575,77.07,0.84,+1.10%,121500
EME,2018-07-06,77.25,78.07,76.89,77.69,0.62,+0.80%,185500
EME,2018-07-09,78.19,78.94,78.02,78.75,1.06,+1.36%,162300
EME,2018-07-10,78.85,79.05,77.83,78.27,-0.48,-0.61%,203400
EME,2018-07-11,77.29,78.11,77.01,77.11,-1.16,-1.48%,182800
EME,2018-07-12,77.69,77.69,76.03,76.63,-0.48,-0.62%,271000
EME,2018-07-13,76.66,77.55,76.04,77.35,0.72,+0.94%,132200
EME,2018-07-16,77.39,77.39,75.54,76,-1.35,-1.75%,354900
EME,2018-07-17,75.76,77.42,75.76,76.3,0.3,+0.39%,209900
EME,2018-07-18,76.11,77.31,75.95,77.25,0.95,+1.25%,189500
EME,2018-07-19,76.83,78.38,76.71,77.99,0.74,+0.96%,212600
EME,2018-07-20,78,78.45,77.45,77.75,-0.24,-0.31%,222500
EME,2018-07-23,77.55,77.71,76.82,77.01,-0.74,-0.95%,115300
EME,2018-07-24,77.6,77.7,75.74,76.28,-0.73,-0.95%,337600
EME,2018-07-25,76.2,77.36,75.37,77.22,0.94,+1.23%,271200
EME,2018-07-26,77.75,79.27,74.6,75.05,-2.17,-2.81%,597500
EME,2018-07-27,75.46,77.445,75.4,76.29,1.24,+1.65%,291700
EME,2018-07-30,76.59,77.47,76.04,76.06,-0.23,-0.30%,417300
EME,2018-07-31,76.18,77.23,75.295,76.95,0.89,+1.17%,410900
EME,2018-08-01,76.59,76.69,75.61,76.22,-0.73,-0.95%,326500
EME,2018-08-02,75.51,76.88,75.19,76.74,0.52,+0.68%,420300
EME,2018-08-03,76.6,77.2,76,76.09,-0.65,-0.85%,212900
EME,2018-08-06,76.32,77.79,76.28,77.67,1.58,+2.08%,355100
EME,2018-08-07,78.05,78.3,77.4,78.05,0.38,+0.49%,211000
EME,2018-08-08,77.89,78.32,77.31,78.12,0.07,+0.09%,282200
EME,2018-08-09,78.12,78.26,77.28,77.44,-0.68,-0.87%,139900
EME,2018-08-10,76.81,77.26,76.35,76.76,-0.68,-0.88%,177000
EME,2018-08-13,76.71,76.925,75.89,75.96,-0.8,-1.04%,182300
EME,2018-08-14,76.16,76.83,76.15,76.41,0.45,+0.59%,201500
EME,2018-08-15,76.01,76.77,76.01,76.55,0.14,+0.18%,180800
EME,2018-08-16,76.83,77.34,76.54,76.95,0.4,+0.52%,130100
EME,2018-08-17,76.78,78.27,76.72,77.94,0.99,+1.29%,202800
EME,2018-08-20,78.08,78.9,77.85,78.75,0.81,+1.04%,221800
EME,2018-08-21,79.05,81.15,79.05,80.67,1.92,+2.44%,329700
EME,2018-08-22,80.63,80.99,80.065,80.67,0,0.00%,201800
EME,2018-08-23,80.72,81.37,80.625,80.83,0.16,+0.20%,281000
EME,2018-08-24,81.11,81.24,79.82,80.2,-0.63,-0.78%,230900
EME,2018-08-27,80.64,80.81,79.93,80,-0.2,-0.25%,220900
EME,2018-08-28,80.13,80.44,79.63,79.84,-0.16,-0.20%,186400
EME,2018-08-29,79.89,80.29,79.55,80.25,0.41,+0.51%,249100
EME,2018-08-30,80.05,80.37,79.54,80.19,-0.06,-0.07%,181900
EME,2018-08-31,79.8,80.38,79.54,80.1,-0.09,-0.11%,159300
EME,2018-09-04,79.92,79.92,77.43,77.53,-2.57,-3.21%,282900
EME,2018-09-05,77.46,77.74,76.94,77.61,0.08,+0.10%,214600
EME,2018-09-06,77.75,78.19,77.18,77.45,-0.16,-0.21%,126200
EME,2018-09-07,77.23,77.28,75.97,76.51,-0.94,-1.21%,188900
EME,2018-09-10,76.77,77.2,76.66,76.81,0.3,+0.39%,110700
EME,2018-09-11,76.51,77.12,76.105,76.47,-0.34,-0.44%,166100
EME,2018-09-12,76.49,76.69,75.99,76.53,0.06,+0.08%,157500
EME,2018-09-13,76.7,77.18,76.24,76.6,0.07,+0.09%,160300
EME,2018-09-14,76.62,77.59,76.4,77.12,0.52,+0.68%,209600
EME,2018-09-17,77.05,77.2,76.27,76.56,-0.56,-0.73%,183400
EME,2018-09-18,76.56,76.56,75,75.17,-1.39,-1.82%,473500
EME,2018-09-19,75.09,76.09,74.5,74.6,-0.57,-0.76%,337200
EME,2018-09-20,74.88,75.7,73.86,74.64,0.04,+0.05%,529400
EME,2018-09-21,74.5,75.54,74.5,75.01,0.37,+0.50%,745800
EME,2018-09-24,74.78,75.36,74.78,75.05,0.04,+0.05%,397700
EME,2018-09-25,75.04,75.08,74.34,74.35,-0.7,-0.93%,238200
EME,2018-09-26,74.44,74.68,73.83,73.88,-0.47,-0.63%,511700
EME,2018-09-27,73.99,74.53,73.73,74.31,0.43,+0.58%,293600
EME,2018-09-28,74.07,75.4,74.07,75.11,0.8,+1.08%,332900
EME,2018-10-01,75.44,75.76,74.2,74.49,-0.62,-0.83%,383100
EME,2018-10-02,74.45,75.01,74.18,74.38,-0.11,-0.15%,636200
EME,2018-10-03,74.52,75.51,74.03,74.9,0.52,+0.70%,248500
EME,2018-10-04,74.55,74.96,73.33,74,-0.9,-1.20%,335900
EME,2018-10-05,74.13,74.13,72.37,72.91,-1.09,-1.47%,268500
EME,2018-10-08,72.81,73.12,72.16,73.03,0.12,+0.16%,226300
EME,2018-10-09,72.8,73.13,72.37,72.82,-0.21,-0.29%,323800
EME,2018-10-10,72.67,73.06,71.1,71.31,-1.51,-2.07%,596700
EME,2018-10-11,70.59,71.76,70,70.13,-1.18,-1.65%,486500
EME,2018-10-12,71.02,71.02,68.05,68.94,-1.19,-1.70%,385000
EME,2018-10-15,68.6,69.78,68.6,69.12,0.18,+0.26%,362000
EME,2018-10-16,69.29,70.49,68.8,70.45,1.33,+1.92%,475100
EME,2018-10-17,70.23,70.44,68.935,69.5,-0.95,-1.35%,334500
EME,2018-10-18,69.17,69.4,68.04,68.3,-1.2,-1.73%,319000
EME,2018-10-19,68.28,68.98,67.91,68,-0.3,-0.44%,370000
EME,2018-10-22,68.36,68.94,68.01,68.55,0.55,+0.81%,313900
EME,2018-10-23,67.54,68.24,67.02,67.4,-1.15,-1.68%,512800
EME,2018-10-24,67.29,68.1,63.81,63.9,-3.5,-5.19%,567900
EME,2018-10-25,65.31,69.55,65.31,68.21,4.31,+6.74%,1151600
EME,2018-10-26,68.66,71.68,67.69,70.13,1.92,+2.81%,646400
EME,2018-10-29,70.95,71.03,68.07,68.71,-1.42,-2.02%,977100
EME,2018-10-30,68.69,71.85,68.52,71.58,2.87,+4.18%,533000
EME,2018-10-31,72.77,72.77,70.91,70.98,-0.6,-0.84%,994700
EME,2018-11-01,71.03,72.315,71.03,71.99,1.01,+1.42%,489100
EME,2018-11-02,72.55,73.52,72.04,72.89,0.9,+1.25%,488100
EME,2018-11-05,72.91,73.41,72.01,73.03,0.14,+0.19%,318800
EME,2018-11-06,72.75,74.61,72.75,74.38,1.35,+1.85%,657500
EME,2018-11-07,74.84,76.18,74.1,75.92,1.54,+2.07%,346100
EME,2018-11-08,75.93,76.06,75.18,75.43,-0.49,-0.65%,257500
EME,2018-11-09,75.1,75.55,73.42,74.21,-1.22,-1.62%,478300
EME,2018-11-12,74.23,74.77,73.4,73.69,-0.52,-0.70%,407400
EME,2018-11-13,73.87,75.22,73.22,73.29,-0.4,-0.54%,369500
EME,2018-11-14,73.94,74.35,73.345,73.67,0.38,+0.52%,341300
EME,2018-11-15,73.1,74.59,72.25,74.26,0.59,+0.80%,225500
EME,2018-11-16,73.68,74.3,73.2,74.07,-0.19,-0.26%,282600
EME,2018-11-19,73.87,74.2,72.28,72.68,-1.39,-1.88%,213100
EME,2018-11-20,72.14,72.67,71.14,71.64,-1.04,-1.43%,478900
EME,2018-11-21,71.94,73.04,71.85,72.14,0.5,+0.70%,147300
EME,2018-11-23,71.31,72.47,71.31,71.53,-0.61,-0.85%,138300
EME,2018-11-26,72.3,72.84,71.96,72.67,1.14,+1.59%,301400
EME,2018-11-27,72.56,72.73,71.89,72.13,-0.54,-0.74%,333600
EME,2018-11-28,72.31,74.12,71.37,74.04,1.91,+2.65%,314300
EME,2018-11-29,73.75,74.17,72.325,72.39,-1.65,-2.23%,177000
EME,2018-11-30,72.38,73.01,71.96,72.86,0.47,+0.65%,327100
EME,2018-12-03,73.88,74.1,71.67,72.52,-0.34,-0.47%,396800
EME,2018-12-04,72.51,72.51,68.83,68.94,-3.58,-4.94%,363600
EME,2018-12-06,67.87,68.94,66.8,68.86,-0.08,-0.12%,532000
EME,2018-12-07,68.79,69.09,66.05,66.46,-2.4,-3.49%,258300
EME,2018-12-10,66.41,66.41,64.99,65.16,-1.3,-1.96%,307400
EME,2018-12-11,66.1,66.14,64.455,64.79,-0.37,-0.57%,386200
EME,2018-12-12,65.91,66.91,65.45,65.81,1.02,+1.57%,375700
EME,2018-12-13,66.14,66.38,64.78,64.81,-1.,-1.52%,283200
EME,2018-12-14,63.88,65,63.24,63.51,-1.3,-2.01%,486000
EME,2018-12-17,63.5,64.41,62.8,63,-0.51,-0.80%,497800
EME,2018-12-18,63.67,64.18,62.47,62.49,-0.51,-0.81%,389900
EME,2018-12-19,62.4,63.33,61.18,61.41,-1.08,-1.73%,442200
EME,2018-12-20,61.33,62.15,59.87,60.35,-1.06,-1.73%,567500
EME,2018-12-21,60.33,61.09,57.91,58.12,-2.23,-3.70%,1098700
EME,2018-12-24,57.91,59.035,57.4,57.53,-0.59,-1.02%,285300
EME,2018-12-26,57.69,60.16,57.29,60.09,2.56,+4.45%,500400
EME,2018-12-27,59.1,59.89,57.93,59.83,-0.26,-0.43%,307300
EME,2018-12-28,59.8,60.04,58.45,59.03,-0.8,-1.34%,337000
EME,2018-12-31,59.22,59.92,58.62,59.69,0.66,+1.12%,266600
EME,2019-01-02,58.74,59.66,58.16,59.36,-0.33,-0.55%,541300
EME,2019-01-03,59.2,59.33,58.05,58.09,-1.27,-2.14%,262700
EME,2019-01-04,59.15,60.68,58.86,60.27,2.18,+3.75%,285000
EME,2019-01-07,60.48,62.07,59.95,61.4,1.13,+1.87%,333100
EME,2019-01-08,61.85,62.55,61.32,62.35,0.95,+1.55%,209800
EME,2019-01-09,62.69,63.16,62.1,62.97,0.62,+0.99%,183100
EME,2019-01-10,62.7,63.7,62.58,63.53,0.56,+0.89%,206000
EME,2019-01-11,63.21,64.25,63.04,64.03,0.5,+0.79%,237400
EME,2019-01-14,63.53,64.64,63.19,63.71,-0.32,-0.50%,299700
EME,2019-01-15,63.85,64.04,62.96,63.53,-0.18,-0.28%,365700
EME,2019-01-16,63.51,64.23,63.43,63.47,-0.06,-0.09%,265500
EME,2019-01-17,63.17,64.45,63.17,64.04,0.57,+0.90%,386800
EME,2019-01-18,64.6,65.37,64.04,64.9,0.86,+1.34%,449700
EME,2019-01-22,64.25,64.77,63.21,63.95,-0.95,-1.46%,473900
EME,2019-01-23,64.49,65.105,63.11,63.38,-0.57,-0.89%,337700
EME,2019-01-24,63.27,64.415,63.13,63.93,0.55,+0.87%,230500
EME,2019-01-25,64.68,65.14,64.37,64.41,0.48,+0.75%,196500
EME,2019-01-28,63.78,64.25,62.87,63.9,-0.51,-0.79%,382700
EME,2019-01-29,64.44,64.91,63.9,64.61,0.71,+1.11%,636500
EME,2019-01-30,64.91,65.37,63.53,65.09,0.48,+0.74%,400700
EME,2019-01-31,65.03,65.74,64.74,65.23,0.14,+0.22%,661100
EME,2019-02-01,65.18,65.85,64.43,64.77,-0.46,-0.71%,295900
EME,2019-02-04,64.73,65.36,64.35,65.18,0.41,+0.63%,356700
EME,2019-02-05,65.38,66.13,65.38,66.09,0.91,+1.40%,288400
EME,2019-02-06,66.01,66.85,65.78,66.3,0.21,+0.32%,275500
EME,2019-02-07,65.93,66.13,64.75,64.97,-1.33,-2.01%,231300
EME,2019-02-08,64.62,65.01,63.975,64.79,-0.18,-0.28%,199000
EME,2019-02-11,64.95,65.41,64.24,65.34,0.55,+0.85%,269500
EME,2019-02-12,65.76,66.89,65.76,66.45,1.11,+1.70%,199000
EME,2019-02-13,66.38,67.34,66.37,67,0.55,+0.83%,272300
EME,2019-02-14,66.52,67.69,66.52,67.29,0.29,+0.43%,329700
EME,2019-02-15,67.53,68.29,67.53,68.04,0.75,+1.11%,231700
EME,2019-02-19,67.92,68.56,67.7,68.11,0.07,+0.10%,223600
EME,2019-02-20,68.24,69.12,68.23,68.87,0.76,+1.12%,445500
EME,2019-02-21,68.87,70.71,67.62,70.59,1.72,+2.50%,470600
EME,2019-02-22,71.2,72.595,71.2,71.99,1.4,+1.98%,623500
EME,2019-02-25,72.47,72.79,71.745,72.1,0.11,+0.15%,458300
EME,2019-02-26,72.19,72.45,70.95,70.99,-1.11,-1.54%,465900
EME,2019-02-27,70.77,71.69,70.13,71.56,0.57,+0.80%,307800
EME,2019-02-28,71.51,72.59,71.16,72.13,0.57,+0.80%,476100
EME,2019-03-01,72.7,73.02,71.93,72.51,0.38,+0.53%,245800
EME,2019-03-04,72.59,73.14,71.3,71.49,-1.02,-1.41%,306900
EME,2019-03-05,71.63,71.95,71.02,71.35,-0.14,-0.20%,417100
EME,2019-03-06,71.51,71.675,70.6,70.78,-0.57,-0.80%,331200
EME,2019-03-07,70.89,70.89,69.95,70.22,-0.56,-0.79%,255000
EME,2019-03-08,69.79,70.71,69.5,70.41,0.19,+0.27%,221900
EME,2019-03-11,69.27,71.94,68.87,71.9,1.49,+2.12%,545200
EME,2019-03-12,71.95,72.13,71.34,71.55,-0.35,-0.49%,292200
EME,2019-03-13,71.93,72.54,71.51,72.14,0.59,+0.82%,509100
EME,2019-03-14,72.17,72.6,71.65,72.17,0.03,+0.04%,342500
EME,2019-03-15,72.74,73.72,72.51,73.47,1.3,+1.80%,1044600
EME,2019-03-18,73.48,74.01,73.25,73.7,0.23,+0.31%,346700
EME,2019-03-19,74.15,74.29,73.41,73.6,-0.1,-0.14%,396300
EME,2019-03-20,73.43,74.57,72.805,73.51,-0.09,-0.12%,384400
EME,2019-03-21,73.25,74.6,73.25,73.58,0.07,+0.10%,356400
EME,2019-03-22,73.14,74.11,73.03,73.16,-0.42,-0.57%,704600
EME,2019-03-25,73.19,73.49,72.57,72.86,-0.3,-0.41%,378500
EME,2019-03-26,72.73,73.585,72.035,72.55,-0.31,-0.43%,716300
EME,2019-03-27,72.65,73.21,71.88,72.38,-0.17,-0.23%,591300
EME,2019-03-28,72.58,73.34,72.27,73.25,0.87,+1.20%,385700
EME,2019-03-29,73.84,74.05,72.91,73.08,-0.17,-0.23%,353200
EME,2019-04-01,73.7,75.02,73.46,74.91,1.83,+2.50%,252600
EME,2019-04-02,75.04,75.04,73.71,74.25,-0.66,-0.88%,261200
EME,2019-04-03,74.7,75.29,74.37,74.46,0.21,+0.28%,202200
EME,2019-04-04,74.53,75.28,74.53,74.96,0.5,+0.67%,220000
EME,2019-04-05,75.15,75.72,74.83,75.45,0.49,+0.65%,185500
EME,2019-04-08,75.2,75.45,74.88,75.07,-0.38,-0.50%,338000
EME,2019-04-09,74.58,74.7432,73.79,73.93,-1.14,-1.52%,204700
EME,2019-04-10,74,74.62,73.615,74.34,0.41,+0.55%,369500
EME,2019-04-11,74.56,76.12,74.3,76.08,1.74,+2.34%,372400
EME,2019-04-12,76.4,76.98,76.13,76.61,0.53,+0.70%,285300
EME,2019-04-15,76.69,76.98,76.32,76.77,0.16,+0.21%,258700
EME,2019-04-16,77.04,77.37,76.74,76.8,0.03,+0.04%,276500
EME,2019-04-17,77.13,77.13,76.07,76.97,0.17,+0.22%,468200
EME,2019-04-18,76.72,79.84,76.215,79.56,2.59,+3.36%,1152900
EME,2019-04-22,80,81.03,78.52,79.88,0.32,+0.40%,1448300
EME,2019-04-23,80.06,80.68,78.87,79.8,-0.08,-0.10%,1433800
EME,2019-04-24,79.81,81.62,79.53,80.65,0.85,+1.07%,845600
EME,2019-04-25,80.37,81.06,79.3605,80.7,0.05,+0.06%,581600
EME,2019-04-26,81.05,81.05,79.77,79.84,-0.86,-1.07%,550000
EME,2019-04-29,80.01,80.45,79.13,80.12,0.28,+0.35%,447500
EME,2019-04-30,81.15,84.61,79.99,84.14,4.02,+5.02%,632600
EME,2019-05-01,84.58,84.75,81.92,81.94,-2.2,-2.61%,318100
EME,2019-05-02,81.87,82.63,80.93,82.41,0.47,+0.57%,297500
EME,2019-05-03,82.96,83.3102,82.44,82.83,0.42,+0.51%,223200
EME,2019-05-06,81.61,83.75,81.08,83.5,0.67,+0.81%,235800
EME,2019-05-07,82.69,83.45,81.49,82.15,-1.35,-1.62%,178600
EME,2019-05-08,82.19,82.965,81.54,81.73,-0.42,-0.51%,208800
EME,2019-05-09,81.21,82.68,80.75,82.17,0.44,+0.54%,190000
EME,2019-05-10,82.08,82.94,81,82.58,0.41,+0.50%,223900
EME,2019-05-13,81.03,81.49,79.98,80.32,-2.26,-2.74%,301400
EME,2019-05-14,80.32,82.15,79.94,81.7,1.38,+1.72%,266800
EME,2019-05-15,81.12,82.47,81.06,81.76,0.06,+0.07%,384100
EME,2019-05-16,81.84,83.04,81.82,82.29,0.53,+0.65%,315600
EME,2019-05-17,81.57,82.82,81.1,81.13,-1.16,-1.41%,237800
EME,2019-05-20,80.6,81.7,80.58,81.61,0.48,+0.59%,175000
EME,2019-05-21,82.21,83.71,82.21,83.34,1.73,+2.12%,515200
EME,2019-05-22,83.07,83.31,81.7,81.84,-1.5,-1.80%,302800
EME,2019-05-23,81.09,81.09,80.05,80.68,-1.16,-1.42%,398300
EME,2019-05-24,81.25,82.31,81.23,82.13,1.45,+1.80%,275100
EME,2019-05-28,82.48,82.96,81.33,81.52,-0.61,-0.74%,202600
EME,2019-05-29,81.05,81.5,80.66,81.23,-0.29,-0.36%,293900
EME,2019-05-30,81.48,82.61,80.67,81.39,0.16,+0.20%,537300
EME,2019-05-31,80.56,80.675,79.94,80.56,-0.83,-1.02%,358000
EME,2019-06-03,80.71,81.98,80.2694,80.95,0.39,+0.48%,272200
EME,2019-06-04,81.75,83.76,81.62,83.65,2.7,+3.34%,235900
EME,2019-06-05,83.96,84.115,82.35,83.85,0.2,+0.24%,231000
EME,2019-06-06,83.74,84.27,83.17,83.88,0.03,+0.04%,199100
EME,2019-06-07,84.5,85.305,84.17,84.23,0.35,+0.42%,173000
EME,2019-06-10,84.66,84.885,83.28,83.98,-0.25,-0.30%,215600
EME,2019-06-11,84.59,84.72,82.3,83,-0.98,-1.17%,399900
EME,2019-06-12,82.72,83.76,82.06,82.84,-0.16,-0.19%,285700
EME,2019-06-13,83.24,84.68,83.17,84.65,1.81,+2.18%,208500
EME,2019-06-14,84.57,85.32,83.55,83.61,-1.04,-1.23%,214200
EME,2019-06-17,83.61,84.2,83.35,83.66,0.05,+0.06%,176900
EME,2019-06-18,84.34,85.05,83.81,83.84,0.18,+0.22%,225400
EME,2019-06-19,83.96,84.48,83.17,84.13,0.29,+0.35%,181200
EME,2019-06-20,84.98,85.4,84.22,84.85,0.72,+0.86%,256800
EME,2019-06-21,84.36,84.4341,83.21,83.76,-1.09,-1.28%,360800
EME,2019-06-24,84.03,84.98,83.585,83.78,0.02,+0.02%,245800
EME,2019-06-25,83.82,84.38,83.11,84.04,0.26,+0.31%,308600
EME,2019-06-26,84.55,85.03,83.78,84.79,0.75,+0.89%,254400
EME,2019-06-27,85.12,86.18,85.03,86.18,1.39,+1.64%,298600
EME,2019-06-28,86.54,88.27,86.54,88.1,1.92,+2.23%,574100
EME,2019-07-01,88.5,88.5,87.37,87.85,-0.25,-0.28%,337600
EME,2019-07-02,88.11,88.68,87.59,88.61,0.76,+0.87%,326600
EME,2019-07-03,88.8,88.91,88.09,88.9,0.29,+0.33%,114500
EME,2019-07-05,88.62,89.28,87.6,89.2,0.3,+0.34%,225700
EME,2019-07-08,88.92,89.545,88.64,89.14,-0.06,-0.07%,365500
EME,2019-07-09,88.48,88.97,87.46,88.21,-0.93,-1.04%,237300
EME,2019-07-10,88.82,88.98,86.66,86.86,-1.35,-1.53%,317500
EME,2019-07-11,86.98,87.56,86.05,86.85,-0.01,-0.01%,312200
EME,2019-07-12,87.32,88.1,86.86,87.23,0.38,+0.44%,299800
EME,2019-07-15,87.5,87.76,87.155,87.74,0.51,+0.58%,185400
EME,2019-07-16,87.79,88.47,87.31,87.88,0.14,+0.16%,269900
EME,2019-07-17,87.15,87.355,84.48,84.71,-3.17,-3.61%,384400
EME,2019-07-18,84.64,85.3,84.48,84.99,0.28,+0.33%,186400
EME,2019-07-19,84.93,85.54,83.26,83.4,-1.59,-1.87%,353500
EME,2019-07-22,83.46,84.38,82.54,82.79,-0.61,-0.73%,560200
EME,2019-07-23,83.22,83.89,82.84,83.45,0.66,+0.80%,247000
EME,2019-07-24,83.17,84.97,82.93,84.7,1.25,+1.50%,292400
EME,2019-07-25,84.79,85.14,83.9,84.07,-0.63,-0.74%,199100
EME,2019-07-26,84.18,84.77,83.59,84.12,0.05,+0.06%,282100
EME,2019-07-29,84.09,84.63,83.81,84.23,0.11,+0.13%,275500
EME,2019-07-30,87.1,87.1,83.26,84.96,0.73,+0.87%,492600
EME,2019-07-31,84.99,85.67,83.56,84.39,-0.57,-0.67%,486900
EME,2019-08-01,84.72,85.42,82.31,83.44,-0.95,-1.13%,359200
EME,2019-08-02,83,83.01,81.38,82.28,-1.16,-1.39%,387100
EME,2019-08-05,80.76,81.124,79.59,80.65,-1.63,-1.98%,351700
EME,2019-08-06,80.72,82.09,80.72,81.29,0.64,+0.79%,305700
EME,2019-08-07,80.31,81.74,80.25,81.59,0.3,+0.37%,293100
EME,2019-08-08,82.3,85.12,82.3,85.01,3.42,+4.19%,498800
EME,2019-08-09,84.81,84.81,82.67,83.1,-1.91,-2.25%,362100
EME,2019-08-12,82.55,83.57,82.04,82.89,-0.21,-0.25%,290800
EME,2019-08-13,82.65,83.94,82.37,83.35,0.46,+0.55%,281500
EME,2019-08-14,82.08,82.87,81.2,81.37,-1.98,-2.38%,276600
EME,2019-08-15,81.8,81.99,80.59,80.87,-0.5,-0.61%,261300
EME,2019-08-16,81.27,82.28,80.2599,81.85,0.98,+1.21%,881400
EME,2019-08-19,82.91,83.45,82.58,82.71,0.86,+1.05%,245200
EME,2019-08-20,82.58,83.28,82,82.31,-0.4,-0.48%,284400
EME,2019-08-21,83.15,83.54,82.64,83.11,0.8,+0.97%,236100
EME,2019-08-22,83.28,83.86,82.69,83.09,-0.02,-0.02%,233700
EME,2019-08-23,82.88,83.65,80.49,80.78,-2.31,-2.78%,348400
EME,2019-08-26,81.53,81.91,80.73,81.75,0.97,+1.20%,291800
EME,2019-08-27,82.36,82.83,80.74,80.84,-0.91,-1.11%,239700
EME,2019-08-28,80.61,82.87,80.12,82.57,1.73,+2.14%,291700
EME,2019-08-29,83.18,85.83,83.18,85.57,3,+3.63%,437700
EME,2019-08-30,86.25,87.79,86.18,87.44,1.87,+2.19%,592000
EME,2019-09-03,86.98,87.505,86.34,86.79,-0.65,-0.74%,499700
EME,2019-09-04,87.62,88.42,86.87,86.91,0.12,+0.14%,394600
EME,2019-09-05,87.86,88.516,87.2,87.6,0.69,+0.79%,391200
EME,2019-09-06,87.8,88.3,86.82,86.93,-0.67,-0.76%,429800
EME,2019-09-09,87.32,87.96,86.15,87.93,1,+1.15%,385100
EME,2019-09-10,87.88,88.185,86.45,87.6,-0.33,-0.38%,468700
EME,2019-09-11,88.12,88.12,87.075,87.81,0.21,+0.24%,600400
EME,2019-09-12,88,88.91,86.52,86.65,-1.16,-1.32%,490900
EME,2019-09-13,87.44,88.13,86.33,86.95,0.3,+0.35%,368500
EME,2019-09-16,86.43,87.345,86.27,86.8,-0.15,-0.17%,321200
EME,2019-09-17,86.34,87.12,86.09,86.69,-0.11,-0.13%,354000
EME,2019-09-18,86.09,86.73,85.36,86.02,-0.67,-0.77%,358000
EME,2019-09-19,86.3,87.255,85.81,86.66,0.64,+0.74%,222100
EME,2019-09-20,86.71,87.05,85.45,85.71,-0.95,-1.10%,704800
EME,2019-09-23,85.1,86.44,85.1,85.73,0.02,+0.02%,321500
EME,2019-09-24,85.8,86.2,85.2,85.49,-0.24,-0.28%,345000
EME,2019-09-25,85.42,87.44,85.42,87.17,1.68,+1.97%,301400
EME,2019-09-26,87.09,87.31,86.2525,86.49,-0.68,-0.78%,241900
EME,2019-09-27,87.02,87.02,84.7,84.86,-1.63,-1.88%,265800
EME,2019-09-30,84.85,86.58,84.7875,86.12,1.26,+1.48%,336300
EME,2019-10-01,86.66,87.3,84.92,85.32,-0.8,-0.93%,257900
EME,2019-10-02,84.77,84.77,82.7,82.96,-2.36,-2.77%,270000
EME,2019-10-03,82.6,83.09,81.65,83.08,0.12,+0.14%,228800
EME,2019-10-04,83.31,84.32,82.935,84.27,1.19,+1.43%,157300
EME,2019-10-07,84.06,84.3,83.26,83.68,-0.59,-0.70%,194800
EME,2019-10-08,82.76,83.4,82.05,82.63,-1.05,-1.25%,158500
EME,2019-10-09,83.45,83.52,82.2,83.18,0.55,+0.67%,169300
EME,2019-10-10,83.53,84.27,83.135,83.86,0.68,+0.82%,182000
EME,2019-10-11,85.18,86.85,85.18,85.87,2.01,+2.40%,187000
EME,2019-10-14,85.53,86.25,85.53,85.97,0.1,+0.12%,157900
EME,2019-10-15,86.06,87.01,85.64,86.62,0.65,+0.76%,242500
EME,2019-10-16,86.14,87.28,86.02,87.1,0.48,+0.55%,220300
EME,2019-10-17,87.74,88.78,87.135,88.41,1.31,+1.50%,317700
EME,2019-10-18,87.92,90.07,87.61,89.49,1.08,+1.22%,318300
EME,2019-10-21,90.33,91.53,90.22,90.52,1.03,+1.15%,325900
EME,2019-10-22,90.3,91,88.65,88.82,-1.7,-1.88%,354300
EME,2019-10-23,88.8,89.04,88.07,88.48,-0.34,-0.38%,229300
EME,2019-10-24,88.64,88.86,87.48,88.58,0.1,+0.11%,154600
EME,2019-10-25,88.25,89.06,87.97,88.82,0.24,+0.27%,179700
EME,2019-10-28,89,90.2545,88.7,89.73,0.91,+1.02%,330600
EME,2019-10-29,86.36,93,85.2318,90.55,0.82,+0.91%,634300
EME,2019-10-30,90.85,93.54,89.93,93.05,2.5,+2.76%,476700
EME,2019-10-31,92.46,92.61,87.54,87.71,-5.34,-5.74%,506200
EME,2019-11-01,88.41,90.6543,88.165,90.55,2.84,+3.24%,404100
EME,2019-11-04,91.21,91.4499,90.01,91.19,0.64,+0.71%,321600
EME,2019-11-05,91.72,93.16,91.72,92.83,1.64,+1.80%,226600
EME,2019-11-06,92.3,92.43,91.5,91.6,-1.23,-1.33%,307100
EME,2019-11-07,92,92.455,90.87,91.51,-0.09,-0.10%,222500
EME,2019-11-08,90.93,91.11,89.03,89.4,-2.11,-2.31%,246500
EME,2019-11-11,88.56,89.39,87.54,89.05,-0.35,-0.39%,213000
EME,2019-11-12,89.07,90.33,88.26,89.94,0.89,+1.00%,327300
EME,2019-11-13,89.26,89.9894,88.72,89.41,-0.53,-0.59%,237200
EME,2019-11-14,89.01,90.995,89.01,90.61,1.2,+1.34%,245000
EME,2019-11-15,91,91.43,90.14,90.51,-0.1,-0.11%,305600
EME,2019-11-18,89.94,90.2,88.49,89.34,-1.17,-1.29%,298300
EME,2019-11-19,89.93,90.91,89.4801,89.96,0.62,+0.69%,345600
EME,2019-11-20,89.41,90.027,88.0515,88.77,-1.19,-1.32%,239000
EME,2019-11-21,89.19,89.27,86.89,87.3,-1.47,-1.66%,198700
EME,2019-11-22,87.97,88.06,87.29,87.86,0.56,+0.64%,153100
EME,2019-11-25,88.19,89.76,87.91,89.19,1.33,+1.51%,252000
EME,2019-11-26,89.15,90.44,89.06,90.37,1.18,+1.32%,202400
EME,2019-11-27,90.53,90.72,89.96,90.33,-0.04,-0.04%,112000
EME,2019-11-29,90.04,90.16,88.86,88.93,-1.4,-1.55%,59200
EME,2019-12-02,89.2,89.35,87.18,87.4,-1.53,-1.72%,221500
EME,2019-12-03,86.59,86.59,85.52,86.2,-1.2,-1.37%,238000
EME,2019-12-04,86.95,87.65,86.56,86.84,0.64,+0.74%,234900
EME,2019-12-05,87.28,87.9,86.33,86.48,-0.36,-0.41%,266900
EME,2019-12-06,87.5,88.21,87.2,87.28,0.8,+0.93%,185800
EME,2019-12-09,86.83,87.47,86.61,86.8,-0.48,-0.55%,141700
EME,2019-12-10,86.7,86.795,85.9,86.44,-0.36,-0.41%,198100
EME,2019-12-11,86.72,88.96,86.23,88.01,1.57,+1.82%,413900
EME,2019-12-12,88.24,89.34,87.33,88.32,0.31,+0.35%,312400
EME,2019-12-13,88.43,88.68,87.435,87.76,-0.56,-0.63%,236300
EME,2019-12-16,88.35,88.77,87.82,87.84,0.08,+0.09%,300400
EME,2019-12-17,88.22,88.78,87.51,88.59,0.75,+0.85%,194100
EME,2019-12-18,88.98,88.98,87.18,87.45,-1.14,-1.29%,277100
EME,2019-12-19,87.44,87.85,86.76,87.37,-0.08,-0.09%,186800
EME,2019-12-20,87.78,89,87.78,88.83,1.46,+1.67%,783300
EME,2019-12-23,88.9,89.07,88.0044,88.39,-0.44,-0.50%,123600
EME,2019-12-24,88.52,88.52,87.77,87.86,-0.53,-0.60%,49100
EME,2019-12-26,87.98,88.24,87.25,87.55,-0.31,-0.35%,215600
EME,2019-12-27,87.77,88,86.94,87.1,-0.45,-0.51%,111800
EME,2019-12-30,87.03,87.35,86.38,86.84,-0.26,-0.30%,158700
EME,2019-12-31,86.68,87.15,86.18,86.3,-0.54,-0.62%,197200
EME,2020-01-02,87.16,87.16,85.62,86.55,0.25,+0.29%,185300
EME,2020-01-03,85.29,86.98,85.01,86.65,0.1,+0.12%,180900
EME,2020-01-06,85.84,86.18,85.31,85.95,-0.7,-0.81%,267700
EME,2020-01-07,85.64,85.88,84.5,85.25,-0.7,-0.81%,199800
EME,2020-01-08,85.07,85.725,84.71,84.79,-0.46,-0.54%,214700
EME,2020-01-09,85.16,86.79,84.91,86.5,1.71,+2.02%,214800
EME,2020-01-10,86.38,87.12,85.5283,86,-0.5,-0.58%,224900
EME,2020-01-13,86,86.62,85.9107,86.52,0.52,+0.60%,138000
EME,2020-01-14,86.25,86.68,85.53,85.75,-0.77,-0.89%,190200
EME,2020-01-15,85.54,86.9,85.4,85.99,0.24,+0.28%,211300
EME,2020-01-16,86.54,87.58,86.32,86.56,0.57,+0.66%,373400
EME,2020-01-17,86.85,87.7,86.05,87.16,0.6,+0.69%,337300
EME,2020-01-21,86.89,87.01,86.25,86.58,-0.58,-0.67%,534800
EME,2020-01-22,86.77,87.4,86.54,86.76,0.18,+0.21%,202800
EME,2020-01-23,86.42,87.06,85.13,86.65,-0.11,-0.13%,256300
EME,2020-01-24,86.61,87.08,85.64,86.22,-0.43,-0.50%,310300
EME,2020-01-27,84.52,86.15,84.5,85.35,-0.87,-1.01%,276200
EME,2020-01-28,85.92,86.502,85.28,85.91,0.56,+0.66%,271800
EME,2020-01-29,86.12,86.38,84.52,84.59,-1.32,-1.54%,316600
EME,2020-01-30,83.97,85.47,83.19,85.37,0.78,+0.92%,178800
EME,2020-01-31,84.71,85.095,81.88,82.17,-3.2,-3.75%,298800
EME,2020-02-03,82.72,84.17,82.433,82.73,0.56,+0.68%,345700
EME,2020-02-04,83.93,84.13,82.62,83.11,0.38,+0.46%,171600
EME,2020-02-05,84.24,85.6,83.905,85.54,2.43,+2.92%,356100
EME,2020-02-06,86.2,86.245,84.84,85.83,0.29,+0.34%,207500
EME,2020-02-07,85.52,85.52,84.28,84.45,-1.38,-1.61%,204800
EME,2020-02-10,84.4,86.72,84.0181,86.47,2.02,+2.39%,262700
EME,2020-02-11,87.17,88.15,86.28,86.54,0.07,+0.08%,241400
EME,2020-02-12,87.25,88,86.24,87.5,0.96,+1.11%,395100
EME,2020-02-13,87,87.97,86.68,87.71,0.21,+0.24%,262600
EME,2020-02-14,87.96,87.96,86.915,87.46,-0.25,-0.29%,174200
EME,2020-02-18,87.04,87.5,86.12,86.42,-1.04,-1.19%,260400
EME,2020-02-19,86.91,89.02,86.815,88.43,2.01,+2.33%,273500
EME,2020-02-20,87.93,89.43,87.36,89.3,0.87,+0.98%,434600
EME,2020-02-21,89.11,90.4222,88.79,89.71,0.41,+0.46%,500400
EME,2020-02-24,87.36,90.84,84.22,84.33,-5.38,-6.00%,426600
EME,2020-02-25,84.75,84.75,80.48,80.52,-3.81,-4.52%,323200
EME,2020-02-26,81.27,81.71,79.12,79.12,-1.4,-1.74%,492000
EME,2020-02-27,72.48,80.7,71.75,78.39,-0.73,-0.92%,810900
EME,2020-02-28,75.3,77.83,73.93,76.92,-1.47,-1.88%,792300
EME,2020-03-02,77.11,79.67,75.5818,79.56,2.64,+3.43%,527200
EME,2020-03-03,80.46,81.75,77.43,77.91,-1.65,-2.07%,520800
EME,2020-03-04,79.06,81.55,78.54,80.59,2.68,+3.44%,472300
EME,2020-03-05,78.31,79.71,77.27,77.83,-2.76,-3.42%,332600
EME,2020-03-06,75.32,77.35,75.03,76.95,-0.88,-1.13%,444800
EME,2020-03-09,70.18,72.85,69.325,69.86,-7.09,-9.21%,521900
EME,2020-03-10,71.37,71.99,66.085,69.01,-0.85,-1.22%,968200
EME,2020-03-11,66.86,68.49,66.04,67.26,-1.75,-2.54%,609400
EME,2020-03-12,62.44,63.1,54.83,54.94,-12.32,-18.32%,919500
EME,2020-03-13,57.91,62.855,55.54,62.85,7.91,+14.40%,797400
EME,2020-03-16,60.85,60.85,52.17,52.57,-10.28,-16.36%,649500
EME,2020-03-17,53.77,53.77,45.15,48.34,-4.23,-8.05%,1304100
EME,2020-03-18,44.71,55.85,41.85,48.78,0.44,+0.91%,1124900
EME,2020-03-19,48.5,51.88,47.4801,50.88,2.1,+4.31%,891600
EME,2020-03-20,50.64,52.6848,49.47,49.62,-1.26,-2.48%,1183700
EME,2020-03-23,49.55,51.6,48.555,51.12,1.5,+3.02%,750600
EME,2020-03-24,53.12,54.42,50.555,52.92,1.8,+3.52%,604700
EME,2020-03-25,52.83,56.77,52.72,54.48,1.56,+2.95%,486000
EME,2020-03-26,55.05,62.16,55.05,61.78,7.3,+13.40%,390500
EME,2020-03-27,59.74,60.8669,57.765,57.86,-3.92,-6.35%,672200
EME,2020-03-30,57.88,59.61,56.44,59.14,1.28,+2.21%,618800
EME,2020-03-31,58.99,62.26,58.95,61.32,2.18,+3.69%,502000
EME,2020-04-01,58.67,59.69,55.745,56.6,-4.72,-7.70%,529700
EME,2020-04-02,56.5,59.94,56.45,58.7,2.1,+3.71%,309900
EME,2020-04-03,58.19,58.9,54.68,56.07,-2.63,-4.48%,457900
EME,2020-04-06,58.4,61.0668,58.14,59.02,2.95,+5.26%,700200
EME,2020-04-07,61.74,63.055,59.23,59.92,0.9,+1.52%,501600
EME,2020-04-08,60.98,61.625,59.46,60.34,0.42,+0.70%,516500
EME,2020-04-09,61.7,63.93,60.51,63.35,3.01,+4.99%,378600
EME,2020-04-13,62.92,63.02,60.1,60.89,-2.46,-3.88%,266400
EME,2020-04-14,62.33,63.21,60.93,62.11,1.22,+2.00%,234300
EME,2020-04-15,59.64,60.471,58.51,58.92,-3.19,-5.14%,341800
EME,2020-04-16,59.07,59.8,58.04,59.1,0.18,+0.31%,590700
EME,2020-04-17,60.78,63.46,60.165,63.31,4.21,+7.12%,266800
EME,2020-04-20,61.68,62.52,60.98,61.07,-2.24,-3.54%,321500
EME,2020-04-21,59.22,62.03,58.896,61.08,0.01,+0.02%,683500
EME,2020-04-22,61.15,62.8599,61.15,61.4,0.32,+0.52%,530100
EME,2020-04-23,61.91,64.17,61.91,62.6,1.2,+1.95%,268100
EME,2020-04-24,62.85,63.981,61.69,62.98,0.38,+0.61%,218600
EME,2020-04-27,63,64.535,63,63.63,0.65,+1.03%,470100
EME,2020-04-28,65.7,67.89,65.25,67.23,3.6,+5.66%,329900
EME,2020-04-29,69.54,71.91,68,69.84,2.61,+3.88%,452800
EME,2020-04-30,67.23,68.25,63.43,63.53,-6.31,-9.03%,742000
EME,2020-05-01,61.35,61.99,57.82,59.63,-3.9,-6.14%,657400
EME,2020-05-04,58.39,60.04,57.895,59.48,-0.15,-0.25%,487600
EME,2020-05-05,60.59,61.65,59.9,60.05,0.57,+0.96%,422300
EME,2020-05-06,60.09,60.31,58.1,58.16,-1.89,-3.15%,301900
EME,2020-05-07,59.19,60.37,58.79,60.04,1.88,+3.23%,230200
EME,2020-05-08,61.43,62.69,60.89,62.53,2.49,+4.15%,240900
EME,2020-05-11,61.62,61.62,59.29,59.34,-3.19,-5.10%,559100
EME,2020-05-12,59.6,59.61,56.245,56.39,-2.95,-4.97%,545900
EME,2020-05-13,55.76,56.05,54.66,55.92,-0.47,-0.83%,668300
EME,2020-05-14,54.55,56.475,52.945,56.41,0.49,+0.88%,505200
EME,2020-05-15,56.13,57.45,55.2303,57,0.59,+1.05%,1025900
EME,2020-05-18,59.55,62.59,59.55,61.96,4.96,+8.70%,641600
EME,2020-05-19,61.63,62.46,61.51,61.55,-0.41,-0.66%,363700
EME,2020-05-20,62.93,64.405,61.62,61.96,0.41,+0.67%,517500
EME,2020-05-21,61.96,64.24,61.96,63.67,1.71,+2.76%,453500
EME,2020-05-22,63.6,63.83,61.56,62.06,-1.61,-2.53%,341500
EME,2020-05-26,64.89,65.59,64.25,65.23,3.17,+5.11%,404300
EME,2020-05-27,66.89,69.33,66.66,68.84,3.61,+5.53%,345900
EME,2020-05-28,69.73,69.79,64.91,65.34,-3.5,-5.08%,479900
EME,2020-05-29,64.01,64.75,63.195,63.55,-1.79,-2.74%,426100
EME,2020-06-01,64.03,65.57,63.51,64.8,1.25,+1.97%,301800
EME,2020-06-02,65.69,66.65,65.24,65.83,1.03,+1.59%,255600
EME,2020-06-03,67.38,68.91,66.755,68.11,2.28,+3.46%,317000
EME,2020-06-04,67.48,68.7,66.9536,68.37,0.26,+0.38%,302100
EME,2020-06-05,71.4,73,70.31,70.62,2.25,+3.29%,514500
EME,2020-06-08,72.09,73.07,71.56,71.75,1.13,+1.60%,422600
EME,2020-06-09,69.78,71.15,69.18,70.06,-1.69,-2.36%,405700
EME,2020-06-10,69.54,70.09,68.15,68.54,-1.52,-2.17%,423800
EME,2020-06-11,65.12,65.64,62.88,62.9,-5.64,-8.23%,546400
EME,2020-06-12,65.57,65.58,61.04,62.79,-0.11,-0.17%,419600
EME,2020-06-15,60.54,63.925,60.32,63.15,0.36,+0.57%,388400
EME,2020-06-16,66.29,67.15,64.77,65.18,2.03,+3.21%,318600
EME,2020-06-17,65.36,65.67,62.75,62.98,-2.2,-3.38%,299700
EME,2020-06-18,62.22,63.18,61.88,62.47,-0.51,-0.81%,318400
EME,2020-06-19,63.22,63.66,61.62,62.01,-0.46,-0.74%,759900
EME,2020-06-22,61.82,63.82,60.54,63.58,1.57,+2.53%,460600
EME,2020-06-23,64.48,64.48,62.34,63.67,0.09,+0.14%,391500
EME,2020-06-24,62.7,63.14,60.75,61.11,-2.56,-4.02%,367300
EME,2020-06-25,60.56,63.01,60.28,62.98,1.87,+3.06%,479000
EME,2020-06-26,62.26,64.46,61.04,63.63,0.65,+1.03%,1424900
EME,2020-06-29,64.75,65.34,63.69,65.27,1.64,+2.58%,331200
EME,2020-06-30,64.83,66.5,64.77,66.14,0.87,+1.33%,298200
EME,2020-07-01,66.11,66.38,64.36,64.68,-1.46,-2.21%,303700
EME,2020-07-02,66.3,66.86,64.65,64.84,0.16,+0.25%,244000
EME,2020-07-06,66.18,66.38,64.64,65.33,0.49,+0.76%,290100
EME,2020-07-07,64.47,64.72,62.64,62.68,-2.65,-4.06%,251300
EME,2020-07-08,62.37,62.93,60.52,61.26,-1.42,-2.27%,282800
EME,2020-07-09,60.97,61.03,58.72,59.26,-2.,-3.26%,378700
EME,2020-07-10,59.6,60.7719,59.22,60.45,1.19,+2.01%,227800
EME,2020-07-13,61.23,62.32,59.87,60.82,0.37,+0.61%,216000
EME,2020-07-14,60.5,62.19,60.27,62.09,1.27,+2.09%,245900
EME,2020-07-15,63.94,65.47,63.44,64.51,2.42,+3.90%,317600
EME,2020-07-16,64.1,64.97,63.6,64.05,-0.46,-0.71%,231700
EME,2020-07-17,63.99,65.12,63.83,63.86,-0.19,-0.30%,194200
EME,2020-07-20,63.3,63.8,62.16,62.46,-1.4,-2.19%,181200
EME,2020-07-21,63.35,64.18,62.97,63.19,0.73,+1.17%,481600
EME,2020-07-22,62.62,63.66,62.45,63.53,0.34,+0.54%,239200
EME,2020-07-23,63.22,65.08,63.22,64.22,0.69,+1.09%,333200
EME,2020-07-24,64.22,64.74,63.4,63.53,-0.69,-1.07%,290500
EME,2020-07-27,63.19,64.69,62.65,64.49,0.96,+1.51%,229300
EME,2020-07-28,64.25,65.78,64.25,64.73,0.24,+0.37%,396100
EME,2020-07-29,65.3,70.88,65.285,70.58,5.85,+9.04%,634300
EME,2020-07-30,69.13,69.675,68.2,69.2,-1.38,-1.96%,470800
EME,2020-07-31,68.44,68.805,67.57,68.5,-0.7,-1.01%,560800
EME,2020-08-03,70.97,72.12,69.58,71.13,2.63,+3.84%,581500
EME,2020-08-04,71.41,73.26,70.725,72.76,1.63,+2.29%,487100
EME,2020-08-05,73.83,74.13,72.495,73.6,0.84,+1.15%,434100
EME,2020-08-06,73.68,74.26,72.485,72.77,-0.83,-1.13%,295500
EME,2020-08-07,72.32,74.65,72.3,74.61,1.84,+2.53%,371100
EME,2020-08-10,75.23,77.42,74.89,76.52,1.91,+2.56%,334100
EME,2020-08-11,77.76,78.35,76.245,76.65,0.13,+0.17%,287800
EME,2020-08-12,77.51,78.25,76.67,77.06,0.41,+0.53%,265700
EME,2020-08-13,76.36,76.965,75.685,76.34,-0.72,-0.93%,209200
EME,2020-08-14,75.58,76.45,75.44,75.69,-0.65,-0.85%,248900
EME,2020-08-17,75.95,76.41,75.63,75.92,0.23,+0.30%,298200
EME,2020-08-18,75.71,75.96,75.22,75.35,-0.57,-0.75%,339100
EME,2020-08-19,75.53,75.89,74.51,75.29,-0.06,-0.08%,209000
EME,2020-08-20,74.17,75.41,74.01,74.18,-1.11,-1.47%,326400
EME,2020-08-21,73.62,74.1364,73.26,73.57,-0.61,-0.82%,258000
EME,2020-08-24,74.32,74.875,73.55,74.57,1,+1.36%,281700
EME,2020-08-25,75.19,75.19,73.81,74.13,-0.44,-0.59%,257400
EME,2020-08-26,73.9,74.37,73.33,73.74,-0.39,-0.53%,191300
EME,2020-08-27,74.37,75.55,73.92,75,1.26,+1.71%,258400
EME,2020-08-28,75.6,76.01,75.05,75.95,0.95,+1.27%,251900
EME,2020-08-31,75.2,76.25,74.95,75.01,-0.94,-1.24%,306500
EME,2020-09-01,74.47,76.05,73.41,75.93,0.92,+1.23%,362500
EME,2020-09-02,75.96,76.83,75.65,76.65,0.72,+0.95%,279300
EME,2020-09-03,76.99,76.99,72.65,73.07,-3.58,-4.67%,433200
EME,2020-09-04,74.54,74.555,72.21,72.5,-0.57,-0.78%,329100
EME,2020-09-08,71.67,72.24,70.64,70.81,-1.69,-2.33%,272600
EME,2020-09-09,71.33,72.18,70.37,70.91,0.1,+0.14%,270600
EME,2020-09-10,71.18,71.255,68.99,69.41,-1.5,-2.12%,307100
EME,2020-09-11,69.59,69.59,68.17,68.53,-0.88,-1.27%,247300
EME,2020-09-14,69.11,70.13,68.47,69.91,1.38,+2.01%,248600
EME,2020-09-15,70.36,70.68,69.55,69.63,-0.28,-0.40%,164000
EME,2020-09-16,69.89,70.77,69.71,70,0.37,+0.53%,352200
EME,2020-09-17,69.17,71.25,68.62,70.62,0.62,+0.89%,298400
EME,2020-09-18,70.9,71.05,68.03,68.88,-1.74,-2.46%,843900
EME,2020-09-21,67.33,67.33,64.42,65.28,-3.6,-5.23%,305200
EME,2020-09-22,65.58,66.345,64.3,66.25,0.97,+1.49%,348200
EME,2020-09-23,66.25,69.445,65.92,66.41,0.16,+0.24%,408200
EME,2020-09-24,66.76,67.26,65.545,66.79,0.38,+0.57%,225300
EME,2020-09-25,66.06,66.74,65.83,66.45,-0.34,-0.51%,168400
EME,2020-09-28,67.49,68.64,67.245,68.27,1.82,+2.74%,237000
EME,2020-09-29,68.05,68.22,66.48,67.49,-0.78,-1.14%,214900
EME,2020-09-30,67.77,68.96,67.61,67.71,0.22,+0.33%,309700
EME,2020-10-01,67.87,68.33,67,68.11,0.4,+0.59%,251200
EME,2020-10-02,67.05,69.643,67.05,69.14,1.03,+1.51%,157000
EME,2020-10-05,70.16,71.26,69.895,70.79,1.65,+2.39%,394200
EME,2020-10-06,71.65,73.2825,70.53,70.86,0.07,+0.10%,266800
EME,2020-10-07,71.62,72.77,70.78,70.99,0.13,+0.18%,304700
EME,2020-10-08,71.71,72.25,70.785,71.64,0.65,+0.92%,231200
EME,2020-10-09,72.53,72.53,70.64,71.55,-0.09,-0.13%,184200
EME,2020-10-12,71.71,74.02,71.71,73.61,2.06,+2.88%,170800
EME,2020-10-13,72.62,73.2,71.91,71.99,-1.62,-2.20%,165300
EME,2020-10-14,72.3,72.79,71.24,71.28,-0.71,-0.99%,106900
EME,2020-10-15,70.02,71.77,69.8,71.53,0.25,+0.35%,185500
EME,2020-10-16,71.42,72.21,71.13,71.29,-0.24,-0.34%,159600
EME,2020-10-19,71.86,72.9,70.55,71.06,-0.23,-0.32%,213800
EME,2020-10-20,71.8,72.36,71.2,71.5,0.44,+0.62%,270300
EME,2020-10-21,71.44,72,70.87,70.95,-0.55,-0.77%,235400
EME,2020-10-22,71.17,71.25,69.73,70.47,-0.48,-0.68%,270700
EME,2020-10-23,71.26,71.27,70.18,70.67,0.2,+0.28%,196000
EME,2020-10-26,69.69,70.14,68.85,69.1,-1.57,-2.22%,226300
EME,2020-10-27,68.7,68.95,66.29,66.55,-2.55,-3.69%,329300
EME,2020-10-28,64.92,65.145,63.69,63.97,-2.58,-3.88%,441100
EME,2020-10-29,64.41,67.91,64.41,66.32,2.35,+3.67%,431900
EME,2020-10-30,66.19,68.26,66.19,68.19,1.87,+2.82%,304000
EME,2020-11-02,69.13,70.83,69.085,70.77,2.58,+3.78%,288100
EME,2020-11-03,72.08,72.85,71.54,72.27,1.5,+2.12%,458700
EME,2020-11-04,70.78,72.74,67.94,71.4,-0.87,-1.20%,481600
EME,2020-11-05,71.46,74.24,71.46,73.82,2.42,+3.39%,403500
EME,2020-11-06,74,74.4,73.06,73.29,-0.53,-0.72%,380300
EME,2020-11-09,78.86,80.24,76.83,77.64,4.35,+5.94%,419000
EME,2020-11-10,78.95,81.66,78.73,81.54,3.9,+5.02%,438300
EME,2020-11-11,82,82,77.65,80.37,-1.17,-1.43%,307500
EME,2020-11-12,79.22,79.585,77.71,79.17,-1.2,-1.49%,353900
EME,2020-11-13,79.97,81.6,79.87,81.15,1.98,+2.50%,240700
EME,2020-11-16,83.27,84.96,82.27,84.9,3.75,+4.62%,319500
EME,2020-11-17,84.19,85.55,83.63,85.29,0.39,+0.46%,447400
EME,2020-11-18,85.94,86.045,84.38,85,-0.29,-0.34%,337300
EME,2020-11-19,84.73,87.06,84.24,86.44,1.44,+1.69%,395900
EME,2020-11-20,85.35,85.81,84.355,85.77,-0.67,-0.78%,298000
EME,2020-11-23,86.59,87.95,86.54,86.98,1.21,+1.41%,335700
EME,2020-11-24,88,89.072,87.17,88.37,1.39,+1.60%,291300
EME,2020-11-25,88.25,88.36,87.09,88.01,-0.36,-0.41%,285000
EME,2020-11-27,88.05,88.31,87.52,88.05,0.04,+0.05%,83000
EME,2020-11-30,87.9,88.29,85.8,86.18,-1.87,-2.12%,618400
EME,2020-12-01,87.37,88.3,86.1,87.33,1.15,+1.33%,285300
EME,2020-12-02,87.3,87.7,85.95,86,-1.33,-1.52%,238300
EME,2020-12-03,85.86,86.33,85.2,85.61,-0.39,-0.45%,285500
EME,2020-12-04,86.37,88.46,85.94,88.22,2.61,+3.05%,201300
EME,2020-12-07,88.2,88.2,86.73,87.63,-0.59,-0.67%,231500
EME,2020-12-08,87,88.85,86.76,88.75,1.12,+1.28%,239300
EME,2020-12-09,89.7,90.59,89.41,90.37,1.62,+1.83%,325800
EME,2020-12-10,89.58,89.94,88.77,89.69,-0.68,-0.75%,227000
EME,2020-12-11,89.11,90.14,89.11,90,0.31,+0.35%,280200
EME,2020-12-14,91,91,88.55,88.79,-1.21,-1.34%,377600
EME,2020-12-15,89.5,89.51,88.32,89.47,0.68,+0.77%,308100
EME,2020-12-16,89.82,90.64,89.05,90.29,0.82,+0.92%,254600
EME,2020-12-17,90.32,90.53,89.46,90.3,0.01,+0.01%,345300
EME,2020-12-18,90.66,90.9,89.66,89.73,-0.57,-0.63%,1127100
EME,2020-12-21,88.04,89.77,87.47,89.48,-0.25,-0.28%,232500
EME,2020-12-22,89.81,90.43,88.73,90.04,0.56,+0.63%,271500
EME,2020-12-23,90.86,92.4925,90.345,91.86,1.82,+2.02%,224600
EME,2020-12-24,92.41,92.41,91.52,92.22,0.36,+0.39%,50500
EME,2020-12-28,92.98,93.65,91.99,92.06,-0.16,-0.17%,164100
EME,2020-12-29,92.16,92.16,90.55,91.03,-1.03,-1.12%,181500
EME,2020-12-30,91.85,92.78,91.31,92.01,0.98,+1.08%,170600
EME,2020-12-31,92.18,92.18,91.46,91.46,-0.55,-0.60%,197800
EME,2021-01-04,92.17,92.4,88.26,89.24,-2.22,-2.43%,253800
EME,2021-01-05,89.24,92.045,89.195,91.41,2.17,+2.43%,293800
EME,2021-01-06,93.38,100.03,93.07,99.28,7.87,+8.61%,432700
EME,2021-01-07,99.56,101.33,98.55,101.12,1.84,+1.85%,195100
EME,2021-01-08,101.3,101.33,97.82,99.04,-2.08,-2.06%,199700
EME,2021-01-11,97.52,98.6,97.29,98,-1.04,-1.05%,163700
EME,2021-01-12,98.88,99.35,98.05,99.21,1.21,+1.23%,241900
EME,2021-01-13,98.67,99.35,97.83,98.26,-0.95,-0.96%,181500
EME,2021-01-14,99.06,99.84,98.09,99.18,0.92,+0.94%,126800
EME,2021-01-15,97.58,98.995,96.23,98.1,-1.08,-1.09%,183100
EME,2021-01-19,98.91,99.59,97.62,98.13,0.03,+0.03%,252000
EME,2021-01-20,98.36,99.48,97.95,98.9,0.77,+0.78%,201500
EME,2021-01-21,98.02,99.05,94.84,94.85,-4.05,-4.10%,310100
EME,2021-01-22,94.07,97.35,94.07,97.27,2.42,+2.55%,271000
EME,2021-01-25,96.56,96.95,92.88,94.11,-3.16,-3.25%,372500
EME,2021-01-26,94.79,95,93.38,93.89,-0.22,-0.23%,198400
EME,2021-01-27,91.77,91.96,87.77,88.61,-5.28,-5.62%,270500
EME,2021-01-28,90.1,91.88,89.35,91.14,2.53,+2.86%,250200
EME,2021-01-29,90.48,90.885,87.88,88.3,-2.84,-3.12%,252400
EME,2021-02-01,89.65,91.16,87.36,90.8,2.5,+2.83%,270400
EME,2021-02-02,92.26,92.45,90.45,92.2,1.4,+1.54%,108400
EME,2021-02-03,91.77,92.35,90.45,92.16,-0.04,-0.04%,143400
EME,2021-02-04,92.23,93.43,91.74,93.27,1.11,+1.20%,189700
EME,2021-02-05,94.7,94.87,93.79,94.14,0.87,+0.93%,156000
EME,2021-02-08,94.74,96.3,94.49,95.79,1.65,+1.75%,195000
EME,2021-02-09,96.2,96.2,94.36,95.16,-0.63,-0.66%,147600
EME,2021-02-10,95.96,96.315,94.26,95.52,0.36,+0.38%,177400
EME,2021-02-11,95.92,96.01,92.94,94.59,-0.93,-0.97%,223800
EME,2021-02-12,93.87,94.43,93.1,93.45,-1.14,-1.21%,161300
EME,2021-02-16,93.67,94.25,93.08,93.66,0.21,+0.22%,217500
EME,2021-02-17,92.47,93.57,91.84,92.08,-1.58,-1.69%,172200
EME,2021-02-18,91.82,91.82,89.635,90.42,-1.66,-1.80%,246000
EME,2021-02-19,90.93,92.46,90.61,92.26,1.84,+2.03%,228600
EME,2021-02-22,91.64,94.11,90.51,93.44,1.18,+1.28%,226600
EME,2021-02-23,93.37,95.72,92.67,95.09,1.65,+1.77%,211500
EME,2021-02-24,95.6,98.81,94.57,98.72,3.63,+3.82%,242900
EME,2021-02-25,100,104,97.9801,100,1.28,+1.30%,582700
EME,2021-02-26,100,100.57,97.11,97.37,-2.63,-2.63%,415300
EME,2021-03-01,99.77,102.29,98.61,101.58,4.21,+4.32%,396000
EME,2021-03-02,101.43,101.43,98.88,100.04,-1.54,-1.52%,320300
EME,2021-03-03,100.79,104.42,100.79,101.75,1.71,+1.71%,244500
EME,2021-03-04,101.2,102.23,99.64,100.28,-1.47,-1.44%,315400
EME,2021-03-05,101.74,105.15,100.68,104.48,4.2,+4.19%,320800
EME,2021-03-08,105.65,108.63,104.69,107.06,2.58,+2.47%,213500
EME,2021-03-09,108.16,108.71,106.4,107.33,0.27,+0.25%,237400
EME,2021-03-10,107.225,112.31,107.225,111.84,4.51,+4.20%,400200
EME,2021-03-11,112.34,113.46,110.8169,112.49,0.65,+0.58%,296600
EME,2021-03-12,113.26,115.59,112.81,115.3,2.81,+2.50%,263900
EME,2021-03-15,114.69,114.74,112.1132,113.93,-1.37,-1.19%,226900
EME,2021-03-16,112.89,113.61,110.71,112.47,-1.46,-1.28%,174300
EME,2021-03-17,112.87,113.71,110.44,113.61,1.14,+1.01%,242400
EME,2021-03-18,113.67,114.42,112.81,113.13,-0.48,-0.42%,346300
EME,2021-03-19,112.77,113.7,110.45,112.86,-0.27,-0.24%,803500
EME,2021-03-22,113.5,113.5,109.05,109.79,-3.07,-2.72%,198100
EME,2021-03-23,108.46,109.46,104.64,105.04,-4.75,-4.33%,333800
EME,2021-03-24,106.71,108.69,105.99,106.28,1.24,+1.18%,295300
EME,2021-03-25,105.58,110.275,104.85,109.6,3.32,+3.12%,245900
EME,2021-03-26,111.01,112.4,109.87,112.13,2.53,+2.31%,201900
EME,2021-03-29,111.67,113.81,109.1801,110.25,-1.88,-1.68%,220500
EME,2021-03-30,110.87,113.33,110.2,112.9,2.65,+2.40%,197000
EME,2021-03-31,113.56,114.56,111.5,112.16,-0.74,-0.66%,278000
EME,2021-04-01,112.79,113.7,111.95,113.66,1.5,+1.34%,215700
EME,2021-04-05,115.24,115.8781,113.615,114.25,0.59,+0.52%,212800
EME,2021-04-06,114.39,115.78,114,114.61,0.36,+0.32%,298200
EME,2021-04-07,114.42,115.135,113.35,114.25,-0.36,-0.31%,230700
EME,2021-04-08,114.13,115.62,112.65,115.43,1.18,+1.03%,226700
EME,2021-04-09,115.56,117.48,115,117,1.57,+1.36%,256800
EME,2021-04-12,117.91,118.93,117.48,118.53,1.53,+1.31%,221600
EME,2021-04-13,118.11,118.265,116.1,117.3,-1.23,-1.04%,216900
EME,2021-04-14,117.45,119.39,117.45,118.31,1.01,+0.86%,203700
EME,2021-04-15,118.89,118.89,117.41,118.75,0.44,+0.37%,185700
EME,2021-04-16,119.48,120.97,119.23,119.93,1.18,+0.99%,253800
EME,2021-04-19,120.03,120.03,118.64,119.7,-0.23,-0.19%,297000
EME,2021-04-20,119.45,120.1,116.87,118.03,-1.67,-1.40%,217500
EME,2021-04-21,117.93,120.07,117.93,119.3,1.27,+1.08%,251000
EME,2021-04-22,120,120.59,118.37,118.89,-0.41,-0.34%,288800
EME,2021-04-23,119.24,121.88,118.71,120.96,2.07,+1.74%,246800
EME,2021-04-26,121.77,122.4,120.65,120.75,-0.21,-0.17%,198700
EME,2021-04-27,121.65,121.93,120.19,120.67,-0.08,-0.07%,170800
EME,2021-04-28,120.42,121.28,119.42,120.57,-0.1,-0.08%,185400
EME,2021-04-29,121.48,122.045,119.22,121.61,1.04,+0.86%,221800
EME,2021-04-30,120.57,121.93,118.55,119.8,-1.81,-1.49%,571300
EME,2021-05-03,120.84,122.19,120.1,120.52,0.72,+0.60%,596800
EME,2021-05-04,120.12,121.04,119.39,120.71,0.19,+0.16%,578500
EME,2021-05-05,121.45,122.51,119.48,122.35,1.64,+1.36%,385100
EME,2021-05-06,123.32,124.53,122.29,124.1,1.75,+1.43%,232100
EME,2021-05-07,123.31,125.81,122.04,125.31,1.21,+0.98%,174300
EME,2021-05-10,125.59,127.33,124.26,124.36,-0.95,-0.76%,204900
EME,2021-05-11,122.53,124.84,122.05,124.17,-0.19,-0.15%,235800
EME,2021-05-12,123.77,124.95,119.34,119.52,-4.65,-3.74%,267000
EME,2021-05-13,119.21,124.12,118.64,123.18,3.66,+3.06%,308800
EME,2021-05-14,123.9,124.86,122.12,124.78,1.6,+1.30%,211900
EME,2021-05-17,123.5,125.33,122.74,125.2,0.42,+0.34%,147100
EME,2021-05-18,125.1,125.59,121.78,121.89,-3.31,-2.64%,177000
EME,2021-05-19,120.09,121.67,119.04,121.44,-0.45,-0.37%,244200
EME,2021-05-20,121.48,122.19,120.35,121.79,0.35,+0.29%,201500
EME,2021-05-21,123.3,123.89,121.67,121.95,0.16,+0.13%,178300
EME,2021-05-24,122.46,123.725,121.74,122.92,0.97,+0.80%,134400
EME,2021-05-25,122.76,123.705,121.25,121.3,-1.62,-1.32%,176800
EME,2021-05-26,121.47,123.54,121.39,123.34,2.04,+1.68%,187100
EME,2021-05-27,124.97,125.615,123.45,125.3,1.96,+1.59%,254300
EME,2021-05-28,125.9,126.33,124.51,126.11,0.81,+0.65%,253600
EME,2021-06-01,127,128.22,126.31,127.75,1.64,+1.30%,266300
EME,2021-06-02,128.13,128.13,125.45,126.05,-1.7,-1.33%,382500
EME,2021-06-03,125.4,126.04,123.18,125.74,-0.31,-0.25%,189900
EME,2021-06-04,126.39,127.81,125.425,127.38,1.64,+1.30%,387000
EME,2021-06-07,127.37,128.29,125.79,128.2,0.82,+0.64%,368600
EME,2021-06-08,128.5,129.45,126.64,129.07,0.87,+0.68%,370200
EME,2021-06-09,128.94,129.27,127.67,127.75,-1.32,-1.02%,254100
EME,2021-06-10,128.39,128.78,124.53,124.69,-3.06,-2.40%,201800
EME,2021-06-11,125.56,126.82,125,126.72,2.03,+1.63%,222900
EME,2021-06-14,126.68,126.68,124.29,124.79,-1.93,-1.52%,253600
EME,2021-06-15,125.1,126.71,124.31,126.22,1.43,+1.15%,224200
EME,2021-06-16,125.86,126.96,124.21,125.71,-0.51,-0.40%,229600
EME,2021-06-17,125.93,125.93,121.26,122.55,-3.16,-2.51%,270800
EME,2021-06-18,121.39,121.56,118.28,118.41,-4.14,-3.38%,646400
EME,2021-06-21,119.54,122.6,119.4,122.13,3.72,+3.14%,203200
EME,2021-06-22,121.87,122.44,119.79,122.29,0.16,+0.13%,193700
EME,2021-06-23,122.21,122.785,121.095,121.89,-0.4,-0.33%,242600
EME,2021-06-24,125.06,126.15,123.49,125.51,3.62,+2.97%,304800
EME,2021-06-25,125.93,127.14,123.57,123.63,-1.88,-1.50%,934200
EME,2021-06-28,123.37,123.66,121.41,122.52,-1.11,-0.90%,300800
EME,2021-06-29,122.75,124.2,121.72,121.79,-0.73,-0.60%,216800
EME,2021-06-30,121.46,123.55,121.085,123.19,1.4,+1.15%,231600
EME,2021-07-01,124.25,124.47,123.11,123.33,0.14,+0.11%,232900
EME,2021-07-02,123.6,123.6,121.8126,122.13,-1.2,-0.97%,128600
EME,2021-07-06,122.38,122.4,117.94,120.23,-1.9,-1.56%,186100
EME,2021-07-07,119.72,121.54,119.72,121.43,1.2,+1.00%,152300
EME,2021-07-08,118.77,121.35,117.1801,119.53,-1.9,-1.56%,132400
EME,2021-07-09,121.8,123.02,121.265,122.56,3.03,+2.53%,121600
EME,2021-07-12,121.28,123.75,121.2152,123.45,0.89,+0.73%,153800
EME,2021-07-13,122.69,123.49,121.645,122.06,-1.39,-1.13%,142900
EME,2021-07-14,122.97,123.49,121.53,122.04,-0.02,-0.02%,175700
EME,2021-07-15,121.05,123.2,120.68,121.91,-0.13,-0.11%,155500
EME,2021-07-16,122.88,122.93,119.29,119.57,-2.34,-1.92%,173400
EME,2021-07-19,116.95,118.26,115.45,116.69,-2.88,-2.41%,215400
EME,2021-07-20,116.6,122.28,116.6,121.28,4.59,+3.93%,319400
EME,2021-07-21,122.92,124.69,121.215,121.69,0.41,+0.34%,194200
EME,2021-07-22,121.46,121.46,118.24,118.64,-3.05,-2.51%,336300
EME,2021-07-23,120,121.47,118.91,121.44,2.8,+2.36%,268100
EME,2021-07-26,122.34,123.2,121,121.46,0.02,+0.02%,237000
EME,2021-07-27,120.36,122.61,120.15,121.72,0.26,+0.21%,242600
EME,2021-07-28,122.36,124.61,120.71,123.2,1.48,+1.22%,226300
EME,2021-07-29,123.01,123.93,118.44,122.95,-0.25,-0.20%,272600
EME,2021-07-30,123.7,124.57,121.6,121.81,-1.14,-0.93%,299700
EME,2021-08-02,122.46,125.24,118.33,118.47,-3.34,-2.74%,217000
EME,2021-08-03,118.92,120.965,116.78,120.73,2.26,+1.91%,215500
EME,2021-08-04,119.43,120.59,118.86,119.54,-1.19,-0.99%,213300
EME,2021-08-05,120.44,121.52,120.11,120.55,1.01,+0.84%,167200
EME,2021-08-06,122.26,123,120.765,121.33,0.78,+0.65%,295100
EME,2021-08-09,121,121,119.05,119.22,-2.11,-1.74%,147000
EME,2021-08-10,119.18,120.9488,118.25,120.59,1.37,+1.15%,197800
EME,2021-08-11,121.56,122.02,120.03,122.02,1.43,+1.19%,296500
EME,2021-08-12,122.62,123.55,120.46,120.58,-1.44,-1.18%,181400
EME,2021-08-13,121.02,121.525,119.5,119.84,-0.74,-0.61%,123800
EME,2021-08-16,118.89,120.0275,117.61,119.2,-0.64,-0.53%,123500
EME,2021-08-17,117.78,118.23,116.585,117.97,-1.23,-1.03%,217400
EME,2021-08-18,117.43,119.7,116.565,118.52,0.55,+0.47%,210600
EME,2021-08-19,117.13,119.29,117.13,119.04,0.52,+0.44%,278300
EME,2021-08-20,119.34,120.22,118.85,119.9,0.86,+0.72%,212900
EME,2021-08-23,121.03,121.17,119.19,119.59,-0.31,-0.26%,223300
EME,2021-08-24,119.5,121.304,119.49,120.88,1.29,+1.08%,139100
EME,2021-08-25,121.44,122.98,121.05,122.42,1.54,+1.27%,170000
EME,2021-08-26,123.05,123.05,120.25,120.58,-1.84,-1.50%,167900
EME,2021-08-27,120.82,124.77,119.81,124.1,3.52,+2.92%,218100
EME,2021-08-30,124.76,124.83,122.48,123.01,-1.09,-0.88%,187100
EME,2021-08-31,123.63,124.33,120.995,121.5,-1.51,-1.23%,294500
EME,2021-09-01,121.36,121.445,119.42,120.48,-1.02,-0.84%,168700
EME,2021-09-02,121.46,122.52,120.18,122.32,1.84,+1.53%,207800
EME,2021-09-03,121.75,122.35,120.05,122.06,-0.26,-0.21%,165400
EME,2021-09-07,121.79,121.83,118.47,118.61,-3.45,-2.83%,207700
EME,2021-09-08,118.06,119.71,117.31,119.67,1.06,+0.89%,232200
EME,2021-09-09,118.89,119.22,117.96,118.08,-1.59,-1.33%,207100
EME,2021-09-10,118.67,118.67,116.84,116.9,-1.18,-1.00%,216500
EME,2021-09-13,117.44,118.61,117.06,118.29,1.39,+1.19%,227800
EME,2021-09-14,118.86,118.86,115.69,116.03,-2.26,-1.91%,296700
EME,2021-09-15,115.97,118.755,115.97,118.04,2.01,+1.73%,294200
EME,2021-09-16,118.3,118.56,116.55,116.95,-1.09,-0.92%,224500
EME,2021-09-17,116.98,117.8,114.26,115.47,-1.48,-1.27%,948400
EME,2021-09-20,112.89,114.32,111.17,113.62,-1.85,-1.60%,234500
EME,2021-09-21,114.35,114.94,110.95,111.7,-1.92,-1.69%,221700
EME,2021-09-22,112.56,115.3,112.02,113.12,1.42,+1.27%,194300
EME,2021-09-23,113.81,118.56,113.41,118.43,5.31,+4.69%,386000
EME,2021-09-24,118.01,119.25,117.96,118.44,0.01,+0.01%,213600
EME,2021-09-27,118.82,121.38,118.82,120.57,2.13,+1.80%,209200
EME,2021-09-28,120.63,120.705,117.67,117.84,-2.73,-2.26%,189500
EME,2021-09-29,118.47,119.75,117.04,118.41,0.57,+0.48%,229800
EME,2021-09-30,119.49,119.49,115.37,115.38,-3.03,-2.56%,146600
EME,2021-10-01,116.43,118.68,115.19,118.12,2.74,+2.37%,391100
EME,2021-10-04,118.02,120.06,117.25,119.76,1.64,+1.39%,246500
EME,2021-10-05,120.19,120.49,118.401,119.07,-0.69,-0.58%,146200
EME,2021-10-06,117.56,118.39,114.93,118.22,-0.85,-0.71%,176700
EME,2021-10-07,118.98,120.9,118.61,119.01,0.79,+0.67%,232000
EME,2021-10-08,118.71,119.78,118.01,118.21,-0.8,-0.67%,126200
EME,2021-10-11,117.89,118.8,116.61,116.64,-1.57,-1.33%,142900
EME,2021-10-12,116.62,117.28,115.175,115.56,-1.08,-0.93%,185000
EME,2021-10-13,115.3,116.35,114.41,116.17,0.61,+0.53%,182700
EME,2021-10-14,117.51,119.06,116.98,118.64,2.47,+2.13%,160800
EME,2021-10-15,120.78,120.78,116.15,116.23,-2.41,-2.03%,283200
EME,2021-10-18,115.42,118.29,115.27,117.79,1.56,+1.34%,242300
EME,2021-10-19,118.43,118.66,116.59,117.69,-0.1,-0.08%,123200
EME,2021-10-20,117.83,119.75,117.27,119.16,1.47,+1.25%,114900
EME,2021-10-21,119.21,120.71,119.005,120.67,1.51,+1.27%,164600
EME,2021-10-22,121.21,122.96,121,121.13,0.46,+0.38%,181000
EME,2021-10-25,121.03,122.04,120.25,121.37,0.24,+0.20%,148300
EME,2021-10-26,121.48,121.88,120.1,120.13,-1.24,-1.02%,193400
EME,2021-10-27,119.54,120.09,116.33,116.52,-3.61,-3.01%,189700
EME,2021-10-28,121.55,125.455,120.82,124.45,7.93,+6.81%,341000
EME,2021-10-29,124.54,126.7,121.43,121.49,-2.96,-2.38%,258100
EME,2021-11-01,122.31,123.575,122.3,123.13,1.64,+1.35%,334400
EME,2021-11-02,123.75,124.245,121.95,122.72,-0.41,-0.33%,165400
EME,2021-11-03,121.81,123.66,119.955,123.07,0.35,+0.29%,235200
EME,2021-11-04,123.97,126.83,123.45,126.83,3.76,+3.06%,222700
EME,2021-11-05,128.84,132.91,127.985,132.25,5.42,+4.27%,345700
EME,2021-11-08,134.85,135.98,129.825,130.19,-2.06,-1.56%,246800
EME,2021-11-09,130.55,131.76,130.01,131.52,1.33,+1.02%,181200
EME,2021-11-10,131.55,132,129.71,130.6,-0.92,-0.70%,137400
EME,2021-11-11,130.44,130.74,129.51,129.96,-0.64,-0.49%,117900
EME,2021-11-12,130.75,130.75,129.45,130.08,0.12,+0.09%,85600
EME,2021-11-15,131.3,131.3,127.8175,129.05,-1.03,-0.79%,139400
EME,2021-11-16,128.81,131.42,128.09,129.92,0.87,+0.67%,152500
EME,2021-11-17,130.11,130.11,126.72,128.56,-1.36,-1.05%,157900
EME,2021-11-18,128.61,128.98,127.175,128.66,0.1,+0.08%,189000
EME,2021-11-19,128,130.08,127.62,129.43,0.77,+0.60%,146800
EME,2021-11-22,130.23,132.725,129.29,130.64,1.21,+0.93%,177400
EME,2021-11-23,130.62,131.32,129.41,131.08,0.44,+0.34%,155900
EME,2021-11-24,130.65,131.34,128.27,128.62,-2.46,-1.88%,177211
EME,2021-11-26,123.97,124.65,120.95,122.62,-6.,-4.66%,238000
EME,2021-11-29,124.74,124.74,121.51,121.96,-0.66,-0.54%,227300
EME,2021-11-30,120.68,121.61,118.215,119.34,-2.62,-2.15%,445100
EME,2021-12-01,121.84,122.72,119.43,119.51,0.17,+0.14%,340400
EME,2021-12-02,120.39,124.96,120.39,124.3,4.79,+4.01%,184800
EME,2021-12-03,124.28,124.28,121.68,123.82,-0.48,-0.39%,173400
EME,2021-12-06,125,127.05,124.86,125.18,1.36,+1.10%,250700
EME,2021-12-07,126.63,128.14,125.94,126.75,1.57,+1.25%,217700
EME,2021-12-08,126.7,129.05,126.27,128.91,2.16,+1.70%,191600
EME,2021-12-09,127.89,128.2,126.14,126.18,-2.73,-2.12%,177100
EME,2021-12-10,127.1,127.1,124.94,126.09,-0.09,-0.07%,145500
EME,2021-12-13,125.21,126.14,123.82,124.96,-1.13,-0.90%,214800
EME,2021-12-14,124.95,125.39,121.9575,122.86,-2.1,-1.68%,252800
EME,2021-12-15,123.22,123.9399,121.105,123.54,0.68,+0.55%,284500
EME,2021-12-16,125.18,125.475,122.97,123.57,0.03,+0.02%,362100
EME,2021-12-17,122.62,124.085,120.08,121.5,-2.07,-1.68%,548400
EME,2021-12-20,120.05,120.05,116.3,118.31,-3.19,-2.63%,245300
EME,2021-12-21,119.28,122.74,119.07,122.52,4.21,+3.56%,191700
EME,2021-12-22,123,124.72,122.2775,124.46,1.94,+1.58%,168100
EME,2021-12-23,125.32,126.5,125.02,125.55,1.09,+0.88%,133600
EME,2021-12-27,125.37,128.11,124.565,128.1,2.55,+2.03%,131700
EME,2021-12-28,127.56,128.84,127.55,127.66,-0.44,-0.34%,124500
EME,2021-12-29,128.11,128.99,127.54,128.09,0.43,+0.34%,120200
EME,2021-12-30,128.7,129.35,127.22,127.42,-0.67,-0.52%,125600
EME,2021-12-31,127.45,128.39,126.581,127.39,-0.03,-0.02%,136100
EME,2022-01-03,127.7,128.84,125.01,127.36,-0.03,-0.02%,295900
EME,2022-01-04,128.23,130.5225,126.73,130.01,2.65,+2.08%,309000
EME,2022-01-05,129.94,131.84,126.86,127.1,-2.91,-2.24%,199300
EME,2022-01-06,127.37,128.55,126.54,127.86,0.76,+0.60%,220300
EME,2022-01-07,127.48,127.8,124.757,125.57,-2.29,-1.79%,201600
EME,2022-01-10,124.53,124.9951,122.3,123.84,-1.73,-1.38%,169900
EME,2022-01-11,124.49,124.76,121.77,124.66,0.82,+0.66%,148500
EME,2022-01-12,124.93,125.74,122.49,123.1,-1.56,-1.25%,296100
EME,2022-01-13,124.14,126.15,124.14,124.85,1.75,+1.42%,253200
EME,2022-01-14,123.26,124.98,122.33,124.65,-0.2,-0.16%,161100
EME,2022-01-18,123.32,124.05,120.52,120.63,-4.02,-3.23%,322400
EME,2022-01-19,120.5,121.85,119.1,119.24,-1.39,-1.15%,430300
EME,2022-01-20,120.06,122.426,117.86,117.98,-1.26,-1.06%,291800
EME,2022-01-21,117.75,120.345,116.84,116.98,-1.,-0.85%,363800
EME,2022-01-24,115.18,121.49,114.65,121.08,4.1,+3.50%,376900
EME,2022-01-25,119.24,120.39,114.73,116.94,-4.14,-3.42%,366200
EME,2022-01-26,118.46,120.3,115.24,116.35,-0.59,-0.50%,305500
EME,2022-01-27,117.55,119.3637,115.62,115.8,-0.55,-0.47%,315200
EME,2022-01-28,116.09,117.89,113.35,117.88,2.08,+1.80%,303500
EME,2022-01-31,116.42,119.27,116.42,119.21,1.33,+1.13%,344200
EME,2022-02-01,119.25,119.99,116.98,117.82,-1.39,-1.17%,231900
EME,2022-02-02,117.18,117.95,116.61,117.08,-0.74,-0.63%,200000
EME,2022-02-03,116.09,117.76,115.53,115.64,-1.44,-1.23%,195400
EME,2022-02-04,115.42,117.14,114.72,116.31,0.67,+0.58%,282300
EME,2022-02-07,116.23,116.88,114.89,114.98,-1.33,-1.14%,253100
EME,2022-02-08,115.3,116.92,115.3,116.4,1.42,+1.23%,257400
EME,2022-02-09,117.67,118.62,117.025,117.21,0.81,+0.70%,231300
EME,2022-02-10,114.99,118.23,114.87,115.36,-1.85,-1.58%,234900
EME,2022-02-11,115.92,116.51,114.31,115.14,-0.22,-0.19%,230900
EME,2022-02-14,115.38,116.3225,114.39,115.33,0.19,+0.17%,227800
EME,2022-02-15,116.77,118.16,116.25,117.88,2.55,+2.21%,163500
EME,2022-02-16,117.39,118.29,116.505,117.47,-0.41,-0.35%,197700
EME,2022-02-17,116.21,116.4407,114.86,114.93,-2.54,-2.16%,253200
EME,2022-02-18,114.75,116.6,114.75,115.52,0.59,+0.51%,237000
EME,2022-02-22,115.2,116.155,114.3,114.61,-0.91,-0.79%,362900
EME,2022-02-23,115.81,116.97,114.5201,114.75,0.14,+0.12%,434000
EME,2022-02-24,112,112.62,107.79,112.06,-2.69,-2.34%,509900
EME,2022-02-25,114.49,117.83,112.73,116.95,4.89,+4.36%,383800
EME,2022-02-28,115.15,116.83,114.88,115.54,-1.41,-1.21%,369400
EME,2022-03-01,115.25,116.42,110.56,111.24,-4.3,-3.72%,355900
EME,2022-03-02,112.53,117.28,112,116.22,4.98,+4.48%,323900
EME,2022-03-03,116.45,117.2,114.16,114.7,-1.52,-1.31%,328000
EME,2022-03-04,113,116.21,112.36,114.91,0.21,+0.18%,336600
EME,2022-03-07,115.12,115.875,112.17,112.21,-2.7,-2.35%,441900
EME,2022-03-08,112.22,115.18,111.24,112.37,0.16,+0.14%,352600
EME,2022-03-09,114.65,117.3,114.535,116.29,3.92,+3.49%,343900
EME,2022-03-10,114.16,117.37,114.16,117.29,1,+0.86%,297700
EME,2022-03-11,118.25,118.79,116.65,116.68,-0.61,-0.52%,259600
EME,2022-03-14,117.81,117.81,114.945,115.67,-1.01,-0.87%,193800
EME,2022-03-15,116.64,117.77,116.475,117.62,1.95,+1.69%,243800
EME,2022-03-16,117.64,119.28,116.47,118.3,0.68,+0.58%,344400
EME,2022-03-17,117.28,119.03,117.16,117.7,-0.6,-0.51%,245900
EME,2022-03-18,118.04,120,116.46,119.62,1.92,+1.63%,590000
EME,2022-03-21,119.25,120.87,117.71,118.95,-0.67,-0.56%,185803
EME,2022-03-22,119.25,120,116.67,117.51,-1.44,-1.21%,282300
EME,2022-03-23,116.82,116.82,113.61,113.65,-3.86,-3.28%,192700
EME,2022-03-24,114.07,114.64,112.8625,114.63,0.98,+0.86%,252405
EME,2022-03-25,115.6,116.86,114.8799,115.52,0.89,+0.78%,204600
EME,2022-03-28,114.96,115.54,113.25,114.1,-1.42,-1.23%,108001
EME,2022-03-29,115.58,116.68,115.03,115.55,1.45,+1.27%,372800
EME,2022-03-30,115.35,116.29,114.16,114.7,-0.85,-0.74%,249900
EME,2022-03-31,114.29,115.22,112.37,112.63,-2.07,-1.80%,228604
EME,2022-04-01,113.01,113.96,112.18,113.86,1.23,+1.09%,208700
EME,2022-04-04,113.47,113.79,110.825,111.66,-2.2,-1.93%,519400
EME,2022-04-05,111.14,113,110.56,111.85,0.19,+0.17%,493100
EME,2022-04-06,110.97,113.72,110.635,113,1.15,+1.03%,509600
EME,2022-04-07,113.22,115.32,112.51,114.5,1.5,+1.33%,474200
EME,2022-04-08,114.56,116.675,113.28,113.38,-1.12,-0.98%,454800
EME,2022-04-11,113.25,115.04,112.67,112.88,-0.5,-0.44%,413100
EME,2022-04-12,113.75,116.415,113.75,114.07,1.19,+1.05%,499610
EME,2022-04-13,113.87,117.0825,113.87,116.54,2.47,+2.17%,403700
EME,2022-04-14,116.87,118.66,116.4,116.85,0.31,+0.27%,438500
EME,2022-04-18,116.44,118.09,115.92,116.59,-0.26,-0.22%,368600
EME,2022-04-19,116.35,118.0399,115.835,116.09,-0.5,-0.43%,329400
EME,2022-04-20,117.37,119.32,117.09,118.18,2.09,+1.80%,625400
EME,2022-04-21,119.32,120,115.93,116.51,-1.67,-1.41%,288400
EME,2022-04-22,115.86,116.35,113.8,113.85,-2.66,-2.28%,340501
EME,2022-04-25,113.16,114.505,111.29,114.04,0.19,+0.17%,400600
EME,2022-04-26,113.13,114.18,111.47,111.82,-2.22,-1.95%,503200
EME,2022-04-27,112.06,112.8,110.65,111.95,0.13,+0.12%,374700
EME,2022-04-28,113.19,114.51,105.09,105.39,-6.56,-5.86%,567000
EME,2022-04-29,104.91,108.39,104.7524,106.48,1.09,+1.03%,534100
EME,2022-05-02,105.98,107.975,104.23,105.71,-0.77,-0.72%,599000
EME,2022-05-03,105.68,107.92,105.68,106.71,1,+0.95%,429100
EME,2022-05-04,106.27,109.835,105.9,109.66,2.95,+2.76%,416800
EME,2022-05-05,108.37,108.86,105.77,106.45,-3.21,-2.93%,467400
EME,2022-05-06,105.88,107.84,105,106.03,-0.42,-0.39%,471500
EME,2022-05-09,104.87,105.91,103.06,103.52,-2.51,-2.37%,492600
EME,2022-05-10,104.24,104.24,100.99,102.52,-1.,-0.97%,389000
EME,2022-05-11,102.44,103.58,100.49,101.17,-1.35,-1.32%,374100
EME,2022-05-12,100.5,102.55,99.72,101.37,0.2,+0.20%,400800
EME,2022-05-13,102.06,103.46,101.5,102.31,0.94,+0.93%,354700
EME,2022-05-16,103.84,103.84,101.18,102.03,-0.28,-0.27%,307000
EME,2022-05-17,102.98,104.07,102.48,103.86,1.83,+1.79%,325200
EME,2022-05-18,103.4,105.62,101.98,102.24,-1.62,-1.56%,279700
EME,2022-05-19,101.35,103.36,100.87,102.18,-0.06,-0.06%,355400
EME,2022-05-20,102.95,103.07,100.71,102.52,0.34,+0.33%,389000
EME,2022-05-23,103.26,103.7104,102.03,102.46,-0.06,-0.06%,234000
EME,2022-05-24,102.4,103.27,101.22,102.95,0.49,+0.48%,288000
EME,2022-05-25,103.03,104.84,102.22,104.46,1.51,+1.47%,332500
EME,2022-05-26,105.64,106.63,104.785,105.93,1.47,+1.41%,312300
EME,2022-05-27,106.4,107.74,105.99,107.7,1.77,+1.67%,174000
EME,2022-05-31,106.75,107.51,105.54,105.63,-2.07,-1.92%,308700
EME,2022-06-01,105.81,105.88,102.46,104.58,-1.05,-0.99%,256100
EME,2022-06-02,105.38,107.75,104.44,107.63,3.05,+2.92%,239800
EME,2022-06-03,107.02,107.16,106.14,106.93,-0.7,-0.65%,184500
EME,2022-06-06,107.83,108.66,106.61,108.64,1.71,+1.60%,279800
EME,2022-06-07,107.69,109.24,107.555,109.18,0.54,+0.50%,176400
EME,2022-06-08,108.76,108.92,106.99,107.52,-1.66,-1.52%,172100
EME,2022-06-09,106.63,107.975,106.63,106.73,-0.79,-0.73%,181600
EME,2022-06-10,105.05,105.81,104.03,104.64,-2.09,-1.96%,290400
EME,2022-06-13,102.13,102.6,100.82,101.15,-3.49,-3.34%,345300
EME,2022-06-14,100.94,101.89,99.34,100.57,-0.58,-0.57%,354600
EME,2022-06-15,101.49,104.22,100.87,102.88,2.31,+2.30%,520500
EME,2022-06-16,100.92,100.92,95.845,96.4,-6.48,-6.30%,639600
EME,2022-06-17,97.18,98.92,96.2,96.26,-0.14,-0.15%,1025000
EME,2022-06-21,97.68,100.21,95.64,99.49,3.23,+3.36%,453100
EME,2022-06-22,98.18,99.77,98.18,99.35,-0.14,-0.14%,449102
EME,2022-06-23,99.07,100.34,98.71,100.11,0.76,+0.76%,315700
EME,2022-06-24,100.68,105.66,100.68,105.63,5.52,+5.51%,2272000
EME,2022-06-27,106.63,107.09,103.66,105.56,-0.07,-0.07%,290900
EME,2022-06-28,106.61,107.01,103.54,103.67,-1.89,-1.79%,221400
EME,2022-06-29,103.79,103.79,100.51,101.96,-1.71,-1.65%,211300
EME,2022-06-30,100.54,103.46,100.11,102.96,1,+0.98%,234040
EME,2022-07-01,102.44,104.34,101,103.02,0.06,+0.06%,193800
EME,2022-07-05,101.02,103.26,99.32,103.05,0.03,+0.03%,362500
EME,2022-07-06,102.59,103.26,100.27,101.88,-1.17,-1.14%,186600
EME,2022-07-07,103.14,104.4,102.66,103.65,1.77,+1.74%,211500
EME,2022-07-08,103.65,103.65,102.045,102.66,-0.99,-0.96%,138600
EME,2022-07-11,102.47,102.96,101.6,102.06,-0.6,-0.58%,132900
EME,2022-07-12,101.64,103.74,100.49,101.02,-1.04,-1.02%,372503
EME,2022-07-13,100.06,101.27,99.74,100.52,-0.5,-0.49%,222201
EME,2022-07-14,99,100.77,98.48,100.52,0,0.00%,189600
EME,2022-07-15,101.92,102.56,100.36,102.17,1.65,+1.64%,150200
EME,2022-07-18,102.61,103.23,101.11,101.48,-0.69,-0.68%,218000
EME,2022-07-19,102.45,104.98,101.86,104.8,3.32,+3.27%,176405
EME,2022-07-20,104.99,106,104.11,105.58,0.78,+0.74%,167600
EME,2022-07-21,104.43,106.85,104.22,106.81,1.23,+1.16%,251100
EME,2022-07-22,107.01,107.41,105.27,106.51,-0.3,-0.28%,214900
EME,2022-07-25,106.48,107.18,105.4125,106.3,-0.21,-0.20%,200000
EME,2022-07-26,106.02,107.22,105.86,106.28,-0.02,-0.02%,244100
EME,2022-07-27,106.12,109.27,106.12,108.91,2.63,+2.47%,285300
EME,2022-07-28,111.94,115.075,111.5,114.71,5.8,+5.33%,361301
EME,2022-07-29,114.84,116.61,114.24,116.37,1.66,+1.45%,319500
EME,2022-08-01,115.88,117.71,115.475,117.05,0.68,+0.58%,606802
EME,2022-08-02,116.8,117.26,114.59,115.35,-1.7,-1.45%,280600
EME,2022-08-03,116.44,116.44,113.94,116.05,0.7,+0.61%,231700
EME,2022-08-04,116.44,116.47,114.41,114.43,-1.62,-1.40%,195100
EME,2022-08-05,113.29,114.65,112.915,114.4,-0.03,-0.03%,185100
EME,2022-08-08,115,115.76,114.07,114.84,0.44,+0.38%,156900
EME,2022-08-09,115.63,115.96,114.3,115.05,0.21,+0.18%,268100
EME,2022-08-10,118.02,118.18,116.64,117.43,2.38,+2.07%,270100
EME,2022-08-11,118.48,119.27,117.79,118.29,0.86,+0.73%,168000
EME,2022-08-12,119.02,121.35,118.39,121.25,2.96,+2.50%,188900
EME,2022-08-15,120.7,121.625,119.82,121.39,0.14,+0.12%,227500
EME,2022-08-16,120.45,122.995,120.45,122.4,1.01,+0.83%,331400
EME,2022-08-17,121,122.9,120.5101,122.2,-0.2,-0.16%,248500
EME,2022-08-18,122.5,124.2527,122.195,123.72,1.52,+1.24%,308800
EME,2022-08-19,123.22,123.33,121.43,121.6,-2.12,-1.71%,315100
EME,2022-08-22,120.16,121.01,119.75,119.91,-1.69,-1.39%,313300
EME,2022-08-23,119.91,121.75,119.91,119.93,0.02,+0.02%,328000
EME,2022-08-24,120.35,122.18,120.09,121.76,1.83,+1.53%,247500
EME,2022-08-25,121.96,124.129,121.96,124.01,2.25,+1.85%,270200
EME,2022-08-26,123.99,124.27,120.48,120.72,-3.29,-2.65%,252501
EME,2022-08-29,119.87,121.74,119.05,120.7,-0.02,-0.02%,199800
EME,2022-08-30,120.63,120.63,118.29,118.59,-2.11,-1.75%,318500
EME,2022-08-31,118.53,119.71,118.3,118.92,0.33,+0.28%,291700
EME,2022-09-01,118.24,118.2696,116.5814,117.24,-1.68,-1.41%,455700
EME,2022-09-02,118.65,119.91,116.22,116.37,-0.87,-0.74%,317800
EME,2022-09-06,116.73,116.73,114.91,115.99,-0.38,-0.33%,358700
EME,2022-09-07,116.28,118.71,115.75,118.45,2.46,+2.12%,350300
EME,2022-09-08,117.62,120.42,116.89,120.41,1.96,+1.65%,340400
EME,2022-09-09,121.47,122.47,120.63,122.07,1.66,+1.38%,201200
EME,2022-09-12,122.62,123.22,121.745,122.43,0.36,+0.29%,196100
EME,2022-09-13,119.55,120.47,117.22,117.8,-4.63,-3.78%,243800
EME,2022-09-14,117.48,118.96,116.85,118.53,0.73,+0.62%,366900
EME,2022-09-15,117.45,119.6,116.9,118.63,0.1,+0.08%,350900
EME,2022-09-16,117.53,118.38,117.03,118.05,-0.58,-0.49%,1106100
EME,2022-09-19,117.21,119.81,117.21,119.67,1.62,+1.37%,248700
EME,2022-09-20,118.59,119.41,117.63,118.97,-0.7,-0.58%,172200
EME,2022-09-21,120.78,121.99,118.54,118.77,-0.2,-0.17%,265000
EME,2022-09-22,119.03,119.19,117.42,117.64,-1.13,-0.95%,327610
EME,2022-09-23,116.44,116.535,114.1,115.16,-2.48,-2.11%,350100
EME,2022-09-26,115.01,117.02,114.39,114.9,-0.26,-0.23%,335800
EME,2022-09-27,115.98,116.16,112.85,113.85,-1.05,-0.91%,301800
EME,2022-09-28,114.82,118.07,114.2601,117.34,3.49,+3.07%,239800
EME,2022-09-29,116.09,117.28,114.13,115.96,-1.38,-1.18%,246800
EME,2022-09-30,116.27,118.3,115.3,115.48,-0.48,-0.41%,303900
EME,2022-10-03,117.41,119.15,115.84,118.62,3.14,+2.72%,216300
EME,2022-10-04,120.14,122.715,120.14,122.26,3.64,+3.07%,233400
EME,2022-10-05,120.78,122.205,120.74,121.46,-0.8,-0.65%,265000
EME,2022-10-06,120.72,122.17,120.33,121.79,0.33,+0.27%,161300
EME,2022-10-07,121.19,121.19,119.22,120.28,-1.51,-1.24%,177800
EME,2022-10-10,121.18,122.6604,120.55,121.94,1.66,+1.38%,205600
EME,2022-10-11,121.46,123.81,121.19,122.97,1.03,+0.84%,285001
EME,2022-10-12,123.02,123.19,121.36,121.4,-1.57,-1.28%,246300
EME,2022-10-13,119.42,124.46,119.12,123.7,2.3,+1.89%,282102
EME,2022-10-14,124.42,124.46,121.44,121.95,-1.75,-1.41%,194700
EME,2022-10-17,123.88,127.58,123.6,127.43,5.48,+4.49%,321609
EME,2022-10-18,130,131.57,126.28,127.98,0.55,+0.43%,386800
EME,2022-10-19,127.37,128.37,126.3244,127.84,-0.14,-0.11%,336200
EME,2022-10-20,127.86,128.5,124.25,124.82,-3.02,-2.36%,171700
EME,2022-10-21,125.22,127.71,123.79,126.68,1.86,+1.49%,325800
EME,2022-10-24,127.49,129.17,126.54,128.09,1.41,+1.11%,288300
EME,2022-10-25,128.23,130.989,128.23,130.11,2.02,+1.58%,245600
EME,2022-10-26,130.72,131.92,128.86,129.12,-0.99,-0.76%,507300
EME,2022-10-27,134.03,137.31,131.73,134.44,5.32,+4.12%,587900
EME,2022-10-28,135.59,142.08,135.55,140.03,5.59,+4.16%,682700
EME,2022-10-31,139.24,141.87,138.65,141.1,1.07,+0.76%,559700
EME,2022-11-01,141.58,144.626,141.08,144.34,3.24,+2.30%,373300
EME,2022-11-02,142.65,144.65,140.15,140.34,-4.,-2.77%,454200
EME,2022-11-03,139.28,143.79,138.53,142.34,2,+1.43%,277200
EME,2022-11-04,145.08,145.9,142.115,144.35,2.01,+1.41%,333100
EME,2022-11-07,145.74,146.02,143.625,145.7,1.35,+0.94%,359100
EME,2022-11-08,146.33,148.3,144.54,145.9,0.2,+0.14%,320400
EME,2022-11-09,143.98,146.99,143.98,146.49,0.59,+0.40%,398100
EME,2022-11-10,150,152.12,148.54,152.06,5.57,+3.80%,511600
EME,2022-11-11,151.72,153.42,150.27,150.79,-1.27,-0.84%,478000
EME,2022-11-14,150.7,153.58,149.36,149.52,-1.27,-0.84%,470400
EME,2022-11-15,150.43,153.4224,149.57,152.83,3.31,+2.21%,439900
EME,2022-11-16,153,155.285,152.56,154.38,1.55,+1.01%,508100
EME,2022-11-17,152.65,153.79,151.195,152.84,-1.54,-1.00%,404800
EME,2022-11-18,154.65,155.54,151.92,155.33,2.49,+1.63%,695401
EME,2022-11-21,154.4,155.97,154.03,154.76,-0.57,-0.37%,318400
EME,2022-11-22,155.6,156.67,151.865,154.79,0.03,+0.02%,364700
EME,2022-11-23,153.95,155.75,153.32,153.59,-1.2,-0.78%,214101
EME,2022-11-25,154.28,155.95,154.28,155.4,1.81,+1.18%,118901
EME,2022-11-28,154.51,155.58,152.06,152.81,-2.59,-1.67%,224200
EME,2022-11-29,152.52,153.92,151.78,152.12,-0.69,-0.45%,209500
EME,2022-11-30,151.91,154.92,149.74,154.9,2.78,+1.83%,348600
EME,2022-12-01,155.55,156.15,153.56,154.01,-0.89,-0.57%,149700
EME,2022-12-02,152.76,155.23,152.125,153.89,-0.12,-0.08%,207200
EME,2022-12-05,152.04,152.04,147.15,149.11,-4.78,-3.11%,376000
EME,2022-12-06,149.72,150.489,147.29,148.98,-0.13,-0.09%,298200
EME,2022-12-07,148.58,150.64,148.13,149.33,0.35,+0.23%,194100
EME,2022-12-08,150.52,151.53,149.21,150.83,1.5,+1.00%,160300
EME,2022-12-09,150.46,150.55,148.52,148.56,-2.27,-1.51%,194700
EME,2022-12-12,148.68,149.68,147.95,149.43,0.87,+0.59%,231900
EME,2022-12-13,153.24,153.24,149.2999,150.22,0.79,+0.53%,306600
EME,2022-12-14,151.11,151.31,146.43,147.56,-2.66,-1.77%,432905
EME,2022-12-15,146.79,147.33,144.15,145.73,-1.83,-1.24%,462800
EME,2022-12-16,144,148.22,143.68,148.17,2.44,+1.67%,2007700
EME,2022-12-19,148.19,148.81,146.12,146.9,-1.27,-0.86%,267502
EME,2022-12-20,146.5,148.3,146.475,146.63,-0.27,-0.18%,339900
EME,2022-12-21,147.49,150.63,146.9,149.34,2.71,+1.85%,307100
EME,2022-12-22,148.15,149.57,146.31,149.08,-0.26,-0.17%,311000
EME,2022-12-23,148.91,150.47,148.68,149.85,0.77,+0.52%,130800
EME,2022-12-27,149.8,151.4,149.27,150.08,0.23,+0.15%,132500
EME,2022-12-28,150.19,150.75,147.57,147.6,-2.48,-1.65%,132700
EME,2022-12-29,148.67,150,148.31,149.12,1.52,+1.03%,161500
EME,2022-12-30,148.84,148.93,147.34,148.11,-1.01,-0.68%,157600
EME,2023-01-03,148.86,149.32,146.39,148.31,0.2,+0.14%,188200
EME,2023-01-04,149.13,149.75,144.54,145.44,-2.87,-1.94%,375700
EME,2023-01-05,144.5,145.58,141.89,142.4,-3.04,-2.09%,261200
EME,2023-01-06,144.42,147.715,143.52,147.64,5.24,+3.68%,221900
EME,2023-01-09,147.81,149.31,144.44,145.04,-2.6,-1.76%,290000
EME,2023-01-10,144.44,147.33,143.71,147.05,2.01,+1.39%,244200
EME,2023-01-11,147.78,149.69,147.65,147.79,0.74,+0.50%,177001
EME,2023-01-12,147.95,151.91,147.45,151.85,4.06,+2.75%,229601
EME,2023-01-13,151.82,152.98,150.74,152.69,0.84,+0.55%,175400
EME,2023-01-17,150.35,152.59,148.33,148.4,-4.29,-2.81%,278600
EME,2023-01-18,148.26,150.81,146.85,147.23,-1.17,-0.79%,197600
EME,2023-01-19,146.46,146.83,143.28,144.03,-3.2,-2.17%,130100
EME,2023-01-20,144.98,145.33,142.63,145.32,1.29,+0.90%,191600
EME,2023-01-23,145.18,145.685,143.9,144.38,-0.94,-0.65%,202200
EME,2023-01-24,144.1,147.75,143.32,146.55,2.17,+1.50%,213200
EME,2023-01-25,145.48,147.245,144.69,146.22,-0.33,-0.23%,152800
EME,2023-01-26,147.47,147.885,145.27,146.35,0.13,+0.09%,136900
EME,2023-01-27,145.59,147.19,145.59,146.58,0.23,+0.16%,153500
EME,2023-01-30,146.24,148.56,145.09,145.45,-1.13,-0.77%,176100
EME,2023-01-31,145.93,148.52,145.93,148.25,2.8,+1.93%,331900
EME,2023-02-01,148.02,150.77,147.15,149.08,0.83,+0.56%,247500
EME,2023-02-02,149.46,149.9,147.34,149.58,0.5,+0.34%,188900
EME,2023-02-03,149.1,150.67,148.42,148.64,-0.94,-0.63%,263700
EME,2023-02-06,148,148.98,145.98,147.41,-1.23,-0.83%,284700
EME,2023-02-07,146.49,148.29,144.635,148.13,0.72,+0.49%,301100
EME,2023-02-08,147.08,148.49,146.93,147.61,-0.52,-0.35%,212800
EME,2023-02-09,148.5,149.32,145.12,145.15,-2.46,-1.67%,428700
EME,2023-02-10,145.16,145.92,143.85,145.87,0.72,+0.50%,207100
EME,2023-02-13,146.18,148.13,145.79,147.26,1.39,+0.95%,161000
EME,2023-02-14,146.91,148.445,145.85,147.01,-0.25,-0.17%,154700
EME,2023-02-15,145.56,148.98,145.47,148.64,1.63,+1.11%,264000
EME,2023-02-16,146.85,150.74,146.85,148.76,0.12,+0.08%,294400
EME,2023-02-17,149.33,152.225,149.2001,151.19,2.43,+1.63%,268400
EME,2023-02-21,149.76,149.83,145.77,146.48,-4.71,-3.12%,203100
EME,2023-02-22,147.14,148.07,146.22,146.54,0.06,+0.04%,239200
EME,2023-02-23,155.4,165.82,153.47,162.12,15.58,+10.63%,743200
EME,2023-02-24,165.94,169.885,161,165.52,3.4,+2.10%,576900
EME,2023-02-27,166.12,166.94,164.755,166.04,0.52,+0.31%,472500
EME,2023-02-28,166.16,168.9,166.16,167.22,1.18,+0.71%,555300
EME,2023-03-01,167.47,168.38,166,166.99,-0.23,-0.14%,347700
EME,2023-03-02,166.29,167.975,165.78,166.86,-0.13,-0.08%,283500
EME,2023-03-03,167.8,169.465,165.36,168.95,2.09,+1.25%,209200
EME,2023-03-06,168.38,168.8,165.59,166.49,-2.46,-1.46%,367000
EME,2023-03-07,167.2,168.36,165.63,165.81,-0.68,-0.41%,346800
EME,2023-03-08,166.22,168.02,164.72,167.97,2.16,+1.30%,320900
EME,2023-03-09,168.69,168.83,164.8,164.89,-3.08,-1.83%,216700
EME,2023-03-10,164.07,164.07,157.12,158.49,-6.4,-3.88%,417200
EME,2023-03-13,155.76,158.745,154.77,155.68,-2.81,-1.77%,272700
EME,2023-03-14,159.13,160.13,157.45,158.39,2.71,+1.74%,363300
EME,2023-03-15,154.95,155.95,152.75,155.91,-2.48,-1.57%,460500
EME,2023-03-16,154.26,160.64,153.95,160.54,4.63,+2.97%,453000
EME,2023-03-17,160.07,161.095,157.17,160.4,-0.14,-0.09%,898100
EME,2023-03-20,161.49,163.68,160.91,161.65,1.25,+0.78%,337600
EME,2023-03-21,163.87,165.44,161.205,162.02,0.37,+0.23%,314700
EME,2023-03-22,160.9,163.15,159.29,159.91,-2.11,-1.30%,374700
EME,2023-03-23,159.79,160.55,156.02,157.64,-2.27,-1.42%,327100
EME,2023-03-24,155.89,157.66,153.56,156.7,-0.94,-0.60%,339500
EME,2023-03-27,158.02,159.96,155.78,159.17,2.47,+1.58%,435100
EME,2023-03-28,158.8,159.91,157.94,159.52,0.35,+0.22%,185000
EME,2023-03-29,160.53,161.22,159.17,160.56,1.04,+0.65%,205600
EME,2023-03-30,160.96,162.28,159.35,160.94,0.38,+0.24%,239601
EME,2023-03-31,161.67,162.84,160.73,162.59,1.65,+1.03%,302800
EME,2023-04-03,162.82,164.94,162.78,164.52,1.93,+1.19%,776300
EME,2023-04-04,164.99,164.99,158.09,158.7,-5.82,-3.54%,288700
EME,2023-04-05,157.65,158.1,151.61,154.24,-4.46,-2.81%,444900
EME,2023-04-06,154.14,154.29,151.52,152.82,-1.42,-0.92%,245000
EME,2023-04-10,152.16,157.27,152.16,156.73,3.91,+2.56%,620300
EME,2023-04-11,157.41,158.37,154.63,154.92,-1.81,-1.15%,256700
EME,2023-04-12,155.96,156.3,154.23,154.77,-0.15,-0.10%,287400
EME,2023-04-13,154.77,156.4,154,155.99,1.22,+0.79%,179400
EME,2023-04-14,155.16,157.31,154.95,155.91,-0.08,-0.05%,192500
EME,2023-04-17,156.26,157.21,155.345,157.18,1.27,+0.81%,174300
EME,2023-04-18,157.73,159.5,155.4,156.69,-0.49,-0.31%,193600
EME,2023-04-19,156.39,157.155,155.14,155.94,-0.75,-0.48%,292900
EME,2023-04-20,155.35,159.22,155.35,158.93,2.99,+1.92%,403700
EME,2023-04-21,158.98,159.6199,157.015,157.78,-1.15,-0.72%,480000
EME,2023-04-24,158.13,160.545,158.13,159.73,1.95,+1.24%,467200
EME,2023-04-25,157.95,160.63,157.95,160,0.27,+0.17%,690100
EME,2023-04-26,158.37,159.26,155.465,157.86,-2.14,-1.34%,928600
EME,2023-04-27,162.09,171.58,161.8,171.44,13.58,+8.60%,630800
EME,2023-04-28,171.22,174.05,169.51,171,-0.44,-0.26%,623500
EME,2023-05-01,170.85,171.99,167.04,167.62,-3.38,-1.98%,414700
EME,2023-05-02,167.34,167.34,164.83,166.74,-0.88,-0.52%,335300
EME,2023-05-03,167.65,168.865,165.568,165.96,-0.78,-0.47%,318600
EME,2023-05-04,165.02,166.51,164.3,165.27,-0.69,-0.42%,271500
EME,2023-05-05,167.03,168.775,166.69,167.88,2.61,+1.58%,232100
EME,2023-05-08,168.35,168.765,165.74,166.47,-1.41,-0.84%,237700
EME,2023-05-09,166.46,166.89,165.11,166.36,-0.11,-0.07%,210700
EME,2023-05-10,167.18,168.25,164.94,166.31,-0.05,-0.03%,332901
EME,2023-05-11,164.93,166.27,164.71,165.04,-1.27,-0.76%,237200
EME,2023-05-12,165.32,167.03,164.7,165.1,0.06,+0.04%,267300
EME,2023-05-15,165.35,166.57,164.5513,165.6,0.5,+0.30%,171000
EME,2023-05-16,165,165.25,162.49,164.28,-1.32,-0.80%,335500
EME,2023-05-17,165.03,166.18,164.93,165.46,1.18,+0.72%,240000
EME,2023-05-18,164.93,166.9,164.557,166.71,1.25,+0.76%,323000
EME,2023-05-19,167.84,167.8425,164.76,164.95,-1.76,-1.06%,372200
EME,2023-05-22,165.2,166.39,163.24,164.91,-0.04,-0.02%,245300
EME,2023-05-23,163.52,165.07,162.675,163.1,-1.81,-1.10%,413100
EME,2023-05-24,163.77,164.9,161.49,161.68,-1.42,-0.87%,539700
EME,2023-05-25,162.22,167.88,161.945,167.48,5.8,+3.59%,386500
EME,2023-05-26,167.91,171.6475,167.91,170.86,3.38,+2.02%,373700
EME,2023-05-30,171.67,173.78,170.345,171.02,0.16,+0.09%,276700
EME,2023-05-31,170.16,172.25,163.4,164.84,-6.18,-3.61%,619200
EME,2023-06-01,164.85,165.94,163.44,165.46,0.62,+0.38%,363200
EME,2023-06-02,166.58,173.2,166.33,173.19,7.73,+4.67%,499201
EME,2023-06-05,172.19,172.31,168,170.32,-2.87,-1.66%,201850
EME,2023-06-06,170.49,175.25,170.105,174.65,4.33,+2.54%,388700
EME,2023-06-07,175,176.8,174.5,176.72,2.07,+1.19%,310700
EME,2023-06-08,175.93,176.8999,174.68,176.52,-0.2,-0.11%,273415
EME,2023-06-09,175.2,175.545,172.83,174.59,-1.93,-1.09%,258300
EME,2023-06-12,174.66,176.245,172.795,174.71,0.12,+0.07%,379800
EME,2023-06-13,174.65,178.46,174.65,177.14,2.43,+1.39%,486400
EME,2023-06-14,176.57,177.08,173.77,175.77,-1.37,-0.77%,339800
EME,2023-06-15,175.36,176.98,173.2008,176.83,1.06,+0.60%,366800
EME,2023-06-16,178.61,178.91,175.1066,175.73,-1.1,-0.62%,530100
EME,2023-06-20,175,175.01,173.24,174.74,-0.99,-0.56%,341300
EME,2023-06-21,174.48,178.02,174.11,177.92,3.18,+1.82%,448400
EME,2023-06-22,177.84,179.26,176.405,177.36,-0.56,-0.31%,577400
EME,2023-06-23,176.02,177.93,174.01,175.55,-1.81,-1.02%,5885600
EME,2023-06-26,176.8,178.99,176.26,177.56,2.01,+1.14%,450300
EME,2023-06-27,178,180.23,177.96,179.88,2.32,+1.31%,314800
EME,2023-06-28,180.41,180.85,178.84,179.36,-0.52,-0.29%,567200
EME,2023-06-29,179.25,183.94,178.52,183.44,4.08,+2.27%,368900
EME,2023-06-30,184.19,185.655,182.335,184.78,1.34,+0.73%,383200
EME,2023-07-03,184.35,184.76,182.94,184.27,-0.51,-0.28%,114401
EME,2023-07-05,182.95,184.11,181.65,182.65,-1.62,-0.88%,238700
EME,2023-07-06,181.68,183.41,180.63,183.12,0.47,+0.26%,429400
EME,2023-07-07,182.56,185.1,182.56,184.35,1.23,+0.67%,583500
EME,2023-07-10,184.34,187.495,184.34,186.18,1.83,+0.99%,291700
EME,2023-07-11,186.2,187.6571,184.79,186.26,0.08,+0.04%,274500
EME,2023-07-12,187.76,188.46,186.49,187.56,1.3,+0.70%,218000
EME,2023-07-13,187.81,188.41,186.725,187.64,0.08,+0.04%,192100
EME,2023-07-14,187.92,188,186,187.68,0.04,+0.02%,252300
EME,2023-07-17,187.99,189.67,187.05,189.08,1.4,+0.75%,213700
EME,2023-07-18,189.08,192.625,189.08,190.95,1.87,+0.99%,231100
EME,2023-07-19,192.31,192.38,187.8039,191.23,0.28,+0.15%,275800
EME,2023-07-20,191.78,191.78,189.04,190.68,-0.55,-0.29%,250200
EME,2023-07-21,191.88,191.9,190.0175,190.35,-0.33,-0.17%,300000
EME,2023-07-24,191.31,192.13,189.105,190.47,0.12,+0.06%,296401
EME,2023-07-25,190.13,191.46,189.55,189.81,-0.66,-0.35%,302500
EME,2023-07-26,189.07,190.8,187.53,189.2,-0.61,-0.32%,450300
EME,2023-07-27,195,200.6,193.04,200.56,11.36,+6.00%,796800
EME,2023-07-28,202.21,212.71,201.85,211.82,11.26,+5.61%,857200
EME,2023-07-31,212.7,215.93,212.59,215.04,3.22,+1.52%,550312
EME,2023-08-01,214.57,218.03,213.815,214.38,-0.66,-0.31%,545400
EME,2023-08-02,213.6,216.655,213.3,216.18,1.8,+0.84%,367900
EME,2023-08-03,215.58,217.47,213.72,215.24,-0.94,-0.43%,436100
EME,2023-08-04,216.41,217.6753,212.89,216.88,1.64,+0.76%,381714
EME,2023-08-07,217.36,221.73,217.215,220.78,3.9,+1.80%,360300
EME,2023-08-08,219.84,222.27,217.71,221.18,0.4,+0.18%,314400
EME,2023-08-09,220.41,220.535,216.44,217,-4.18,-1.89%,385400
EME,2023-08-10,218.1,220.35,216.865,219.89,2.89,+1.33%,299701
EME,2023-08-11,219.7,222.81,219.05,220.97,1.08,+0.49%,276000
EME,2023-08-14,220.97,223.49,220.2374,223.41,2.44,+1.10%,263403
EME,2023-08-15,222.81,222.81,219.485,220.83,-2.58,-1.15%,225800
EME,2023-08-16,221.15,222.315,216.34,216.93,-3.9,-1.77%,302700
EME,2023-08-17,216.76,217.5,210.71,211.97,-4.96,-2.29%,431100
EME,2023-08-18,210.97,215.13,209.72,214.19,2.22,+1.05%,403802
EME,2023-08-21,214.82,216.22,211.21,215.18,0.99,+0.46%,367600
EME,2023-08-22,214.99,217.26,214,217.11,1.93,+0.90%,197900
EME,2023-08-23,217.91,220.24,216.435,219.12,2.01,+0.93%,178000
EME,2023-08-24,219.5,220.7399,217.41,217.94,-1.18,-0.54%,158100
EME,2023-08-25,218.88,220.2699,215.22,220.13,2.19,+1.00%,340401
EME,2023-08-28,221.24,224.645,221.24,222.52,2.39,+1.09%,313900
EME,2023-08-29,221.24,224.83,220.31,224.72,2.2,+0.99%,157200
EME,2023-08-30,225.32,226.52,224.13,224.39,-0.33,-0.15%,180900
EME,2023-08-31,224.91,226.36,223.5,224.25,-0.14,-0.06%,350100
EME,2023-09-01,225.12,227.495,224.79,226,1.75,+0.78%,251300
EME,2023-09-05,224.88,224.88,215.28,220.58,-5.42,-2.40%,428003
EME,2023-09-06,220.9,223.1,220.51,222.98,2.4,+1.09%,227700
EME,2023-09-07,222.06,223.5288,220.0532,222.59,-0.39,-0.17%,257710
EME,2023-09-08,223.06,224.59,221.9,222.76,0.17,+0.08%,284400
EME,2023-09-11,223.23,226.17,221.775,222.45,-0.31,-0.14%,240802
EME,2023-09-12,222.28,223.8348,219.48,219.94,-2.51,-1.13%,215700
EME,2023-09-13,219.43,220.09,215.22,215.93,-4.01,-1.82%,359000
EME,2023-09-14,217.06,218.27,216.08,218.21,2.28,+1.06%,333000
EME,2023-09-15,217.01,217.01,210.79,212.86,-5.35,-2.45%,1006000
EME,2023-09-18,213.23,216.71,212.22,215.71,2.85,+1.34%,224900
EME,2023-09-19,215.51,216.78,214.37,216.45,0.74,+0.34%,186300
EME,2023-09-20,217.37,218.99,214.88,214.96,-1.49,-0.69%,158100
EME,2023-09-21,213.48,213.48,208.72,208.91,-6.05,-2.81%,232900
EME,2023-09-22,208.9,211.42,208.5178,210.03,1.12,+0.54%,214200
EME,2023-09-25,209.91,212.24,209.56,211.11,1.08,+0.51%,130600
EME,2023-09-26,210.52,211.735,207.625,208.22,-2.89,-1.37%,172700
EME,2023-09-27,209.79,212.46,209.23,212.27,4.05,+1.95%,143600
EME,2023-09-28,212.23,215.0575,212.075,212.71,0.44,+0.21%,179400
EME,2023-09-29,214.42,215.07,209.44,210.39,-2.32,-1.09%,206900
EME,2023-10-02,209.61,210.9241,205.2131,206.96,-3.43,-1.63%,213800
EME,2023-10-03,205.31,207,202.76,203.82,-3.14,-1.52%,213500
EME,2023-10-04,204,206.235,202.67,205.37,1.55,+0.76%,216700
EME,2023-10-05,205,207.18,203.76,204.4,-0.97,-0.47%,198700
EME,2023-10-06,203.41,208.395,203.01,206.72,2.32,+1.14%,398100
EME,2023-10-09,205.59,208.77,205.3,208.05,1.33,+0.64%,142000
EME,2023-10-10,208.31,210.07,207.16,207.2,-0.85,-0.41%,299800
EME,2023-10-11,207.29,210.01,207.29,209.98,2.78,+1.34%,166100
EME,2023-10-12,210.03,210.03,205.035,206.67,-3.31,-1.58%,182900
EME,2023-10-13,206.7,207.44,201.53,202.02,-4.65,-2.25%,182400
EME,2023-10-16,203.76,205.95,201.83,202.59,0.57,+0.28%,163500
EME,2023-10-17,201.88,207.62,200.3563,206.38,3.79,+1.87%,589200
EME,2023-10-18,204.33,204.33,196.35,196.45,-9.93,-4.81%,380000
EME,2023-10-19,196.02,198.49,194,195.59,-0.86,-0.44%,344400
EME,2023-10-20,196.34,196.4288,192.12,192.53,-3.06,-1.56%,274600
EME,2023-10-23,192.59,194.94,191.87,192.5,-0.03,-0.02%,241800
EME,2023-10-24,194.9,195.78,192.305,192.82,0.32,+0.17%,200700
EME,2023-10-25,192.57,194.52,191.5,191.6,-1.22,-0.63%,319500
EME,2023-10-26,206.74,209.74,202.015,206.04,14.44,+7.54%,719300
EME,2023-10-27,207.12,207.625,201.96,205.32,-0.72,-0.35%,382200
EME,2023-10-30,207.24,209.8516,203.57,204.96,-0.36,-0.18%,302200
EME,2023-10-31,204.7,207.86,204.7,206.65,1.69,+0.82%,252600
EME,2023-11-01,206.37,207.77,204.11,206.69,0.04,+0.02%,323300
EME,2023-11-02,209.66,212.0599,207.35,207.39,0.7,+0.34%,281500
EME,2023-11-03,209.45,213.285,207.425,210.22,2.83,+1.36%,301600
EME,2023-11-06,209.96,211.52,208.12,210.79,0.57,+0.27%,271800
EME,2023-11-07,210,210,206.37,208.59,-2.2,-1.04%,287500
EME,2023-11-08,209.77,211.65,207.31,207.58,-1.01,-0.48%,227000
EME,2023-11-09,208.98,210.1893,207.36,209.09,1.51,+0.73%,182700
EME,2023-11-10,210.37,211.2,208.56,210.68,1.59,+0.76%,272700
EME,2023-11-13,210.03,212.14,210,211.5,0.82,+0.39%,167000
EME,2023-11-14,214.29,218.81,214.29,217.59,6.09,+2.88%,194900
EME,2023-11-15,217.47,218.72,212.865,214.76,-2.83,-1.30%,446200
EME,2023-11-16,214.98,216.61,209.61,209.71,-5.05,-2.35%,357400
EME,2023-11-17,210.15,215.375,209.785,214.67,4.96,+2.37%,277900
EME,2023-11-20,214.3,214.3,212.49,213.64,-1.03,-0.48%,191700
EME,2023-11-21,213.18,216.15,213.15,213.86,0.22,+0.10%,297300
EME,2023-11-22,214.77,216.49,213.715,216.26,2.4,+1.12%,154000
EME,2023-11-24,215.86,216.81,215.62,216.5,0.24,+0.11%,44300
EME,2023-11-27,216.47,220.93,215.92,219.34,2.84,+1.31%,362500
EME,2023-11-28,218.4,219.93,211.245,211.64,-7.7,-3.51%,329000
EME,2023-11-29,213.04,214.225,210.76,211.41,-0.23,-0.11%,270500
EME,2023-11-30,211.63,213.63,211.4956,212.52,1.11,+0.53%,241100
EME,2023-12-01,212.15,215.31,211.09,214.32,1.8,+0.85%,197200
EME,2023-12-04,214.3,217.24,211.7601,216.79,2.47,+1.15%,273700
EME,2023-12-05,216.21,216.21,211.55,211.77,-5.02,-2.32%,354800
EME,2023-12-06,212.98,214.695,210.53,211.89,0.12,+0.06%,257300
EME,2023-12-07,211.5,213.89,210.34,212.44,0.55,+0.26%,235300
EME,2023-12-08,212.49,215.23,212.01,214.73,2.29,+1.08%,197400
EME,2023-12-11,215.21,216.54,214.98,216.17,1.44,+0.67%,154900
EME,2023-12-12,216.66,219.28,215.2901,216.73,0.56,+0.26%,212600
EME,2023-12-13,216.49,217.69,214.82,217.45,0.72,+0.33%,386900
EME,2023-12-14,219.95,221.84,217.7339,218.62,1.17,+0.54%,337500
EME,2023-12-15,218.43,220.66,216.1,216.64,-1.98,-0.91%,868400
EME,2023-12-18,215.25,217.92,214.85,216.77,0.13,+0.06%,260300
EME,2023-12-19,218.99,221.03,217.02,218.2,1.43,+0.66%,543100
EME,2023-12-20,218.2,218.77,214.94,214.97,-3.23,-1.48%,258500
EME,2023-12-21,216.03,216.7659,211.58,214.02,-0.95,-0.44%,321700
EME,2023-12-22,215.25,217.255,213.27,216.01,1.99,+0.93%,386000
EME,2023-12-26,215.7,217.87,215.145,216.51,0.5,+0.23%,133100
EME,2023-12-27,217.05,218.8,215.01,216.2,-0.31,-0.14%,176700
EME,2023-12-28,215.72,216.93,215.46,216.22,0.02,+0.01%,185500
EME,2023-12-29,215.89,217.68,215.4,215.43,-0.79,-0.37%,221100
EME,2024-01-02,213.68,215.22,210.99,212.78,-2.65,-1.23%,226800
EME,2024-01-03,211.58,212.03,209.3068,210.52,-2.26,-1.06%,284600
EME,2024-01-04,210.68,212.12,210.68,211.13,0.61,+0.29%,572700
EME,2024-01-05,211.14,212.79,211.105,212.45,1.32,+0.63%,526800
EME,2024-01-08,213.17,214.31,210.38,213.83,1.38,+0.65%,232100
EME,2024-01-09,212.46,215.4029,211.095,214.22,0.39,+0.18%,243500
EME,2024-01-10,214.04,218.66,214.04,218.57,4.35,+2.03%,296300
EME,2024-01-11,218.45,221.45,217.5801,221.2,2.63,+1.20%,235000
EME,2024-01-12,222.63,222.74,218.935,218.98,-2.22,-1.00%,216400
EME,2024-01-16,217.26,220.35,217.08,220.28,1.3,+0.59%,162300
EME,2024-01-17,218.76,220.2999,217.8516,218.99,-1.29,-0.59%,158800
EME,2024-01-18,220.32,227.8415,220.15,223.26,4.27,+1.95%,282800
EME,2024-01-19,224.55,225.22,217.22,218.88,-4.38,-1.96%,244400
EME,2024-01-22,219.94,224.3675,218.42,223.89,5.01,+2.29%,218400
EME,2024-01-23,224.58,225,219.88,221.51,-2.38,-1.06%,183700
EME,2024-01-24,223.17,223.43,219.07,220.11,-1.4,-0.63%,321600
EME,2024-01-25,222.46,223.48,220.445,220.48,0.37,+0.17%,386000
EME,2024-01-26,220.94,224.51,220.53,224.21,3.73,+1.69%,302600
EME,2024-01-29,223.54,228.9,220.62,224.63,0.42,+0.19%,392100
EME,2024-01-30,226.51,231.02,226.51,230.75,6.12,+2.72%,338800
EME,2024-01-31,230.96,233.03,226.99,228.11,-2.64,-1.14%,415400
EME,2024-02-01,229.26,233.73,228.3,233.72,5.61,+2.46%,280000
EME,2024-02-02,232.71,237.21,231.34,235.21,1.49,+0.64%,406400
EME,2024-02-05,233.45,234.94,229.75,233.48,-1.73,-0.74%,262000
EME,2024-02-06,233.63,236.96,232.92,236.94,3.46,+1.48%,223800
EME,2024-02-07,238.38,240.94,237.6383,238.99,2.05,+0.87%,300700
EME,2024-02-08,239.26,242.03,239.26,242,3.01,+1.26%,250600
EME,2024-02-09,241.73,245.465,241.025,245.15,3.15,+1.30%,214300
EME,2024-02-12,245.3,246.13,243.51,243.52,-1.63,-0.66%,212100
EME,2024-02-13,239.19,245.18,238.94,242.75,-0.77,-0.32%,441400
EME,2024-02-14,245.04,248.785,243.985,248.47,5.72,+2.36%,325700
EME,2024-02-15,250,252.95,247.24,252.34,3.87,+1.56%,259200
EME,2024-02-16,252.61,255.71,252.2233,252.92,0.58,+0.23%,256300
EME,2024-02-20,250.2,252.23,248.31,251.16,-1.76,-0.70%,382200
EME,2024-02-21,250.74,252.77,248.61,252.12,0.96,+0.38%,319800
EME,2024-02-22,254.62,259.28,254.085,259.2,7.08,+2.81%,302100
EME,2024-02-23,260.64,270.39,260.6292,269.72,10.52,+4.06%,894200
EME,2024-02-26,269.35,276.26,269.06,274.88,5.16,+1.91%,1131600
EME,2024-02-27,275,278.39,272.29,277.47,2.59,+0.94%,1125900
EME,2024-02-28,290.92,307.99,289.51,305.45,27.98,+10.08%,1055000
EME,2024-02-29,308,318.2,305.89,313.52,8.07,+2.64%,964200
EME,2024-03-01,315.79,321.16,314.775,319.99,6.47,+2.06%,631800
EME,2024-03-04,321.71,329.14,321.71,323.77,3.78,+1.18%,535800
EME,2024-03-05,323.34,329.21,322.46,324.66,0.89,+0.27%,596300
EME,2024-03-06,325.67,330.26,324.29,325.73,1.07,+0.33%,611000
EME,2024-03-07,326.35,328.005,322.325,325.84,0.11,+0.03%,799600
EME,2024-03-08,327.89,330.88,323.8601,325.01,-0.83,-0.25%,423900
EME,2024-03-11,323.43,323.5,313.485,316.41,-8.6,-2.65%,584300
EME,2024-03-12,317.07,323.69,314.745,323.23,6.82,+2.16%,499300
EME,2024-03-13,322.65,326.495,322.4225,323.86,0.63,+0.19%,445900
EME,2024-03-14,324.29,327.47,320.94,326.72,2.86,+0.88%,425300
EME,2024-03-15,324.92,330.105,324.92,328.5,1.78,+0.54%,1105000
EME,2024-03-18,330.46,336.535,329.49,330.84,2.34,+0.71%,329400
EME,2024-03-19,330,334.82,328.02,334.69,3.85,+1.16%,343600
EME,2024-03-20,334.82,336.46,332.595,334.12,-0.57,-0.17%,362800
EME,2024-03-21,336.24,347.47,336.12,345.89,11.77,+3.52%,408200
EME,2024-03-22,346.95,349.74,345.21,347.98,2.09,+0.60%,302100
EME,2024-03-25,347.11,348.46,344.02,347.12,-0.86,-0.25%,275900
EME,2024-03-26,347.87,353.05,347.55,351.18,4.06,+1.17%,359300
EME,2024-03-27,353.3,354.73,350.15,351.59,0.41,+0.12%,310200
EME,2024-03-28,351.96,353,348.69,350.2,-1.39,-0.40%,324700
EME,2024-04-01,350.02,355.507,348,354.87,4.67,+1.33%,304000
EME,2024-04-02,352,358.99,351.3101,358.24,3.37,+0.95%,324000
EME,2024-04-03,357.65,365.87,357.03,362.41,4.17,+1.16%,486300
EME,2024-04-04,364.23,369.53,356.94,357.13,-5.28,-1.46%,387500
EME,2024-04-05,358.25,367.79,358.25,365.02,7.89,+2.21%,375600
EME,2024-04-08,364.97,365.66,360.92,361.11,-3.91,-1.07%,443200
EME,2024-04-09,362.07,364.6684,344.47,351.9,-9.21,-2.55%,397300
EME,2024-04-10,347.17,355.29,345.1481,350.06,-1.84,-0.52%,512400
EME,2024-04-11,351.33,354.8199,347.63,352.4,2.34,+0.67%,370200
EME,2024-04-12,352,354.99,350.41,351.88,-0.52,-0.15%,373900
EME,2024-04-15,356.8,358,347.2,347.27,-4.61,-1.31%,352800
EME,2024-04-16,346.76,347.59,343.37,345.25,-2.02,-0.58%,409300
EME,2024-04-17,346.28,346.28,334.43,339.2,-6.05,-1.75%,483300
EME,2024-04-18,341.34,342.7699,334.75,336.06,-3.14,-0.93%,383500
EME,2024-04-19,336.35,337.86,327.38,328.63,-7.43,-2.21%,686600
EME,2024-04-22,330.3,334.9917,328.7775,332.59,3.96,+1.21%,449800
EME,2024-04-23,335.09,341.3225,334.16,338.08,5.49,+1.65%,399600
EME,2024-04-24,341.62,346.62,335.77,338.89,0.81,+0.24%,525500
EME,2024-04-25,359.37,361.28,347.93,349.35,10.46,+3.09%,826100
EME,2024-04-26,345.59,355.265,345.48,354.02,4.67,+1.34%,609300
EME,2024-04-29,354.01,365.25,352.8901,363.65,9.63,+2.72%,715700
EME,2024-04-30,362.84,366.575,356.495,357.17,-6.48,-1.78%,494700
EME,2024-05-01,359.75,362.06,353.93,355.24,-1.93,-0.54%,393000
EME,2024-05-02,356.48,357.31,348.645,356.29,1.05,+0.30%,398500
EME,2024-05-03,360,365.11,359.735,363.77,7.48,+2.10%,330900
EME,2024-05-06,367.52,376.7,367.52,371.97,8.2,+2.25%,437500
EME,2024-05-07,371.5,377.8,369.995,375.39,3.42,+0.92%,474700
EME,2024-05-08,375,380,372.4298,379.43,4.04,+1.08%,357800
EME,2024-05-09,379.79,383.98,378.642,382.28,2.85,+0.75%,286100
EME,2024-05-10,384.61,385.37,379.238,380.28,-2.,-0.52%,287100
EME,2024-05-13,380.77,382.005,371.6301,373.56,-6.72,-1.77%,297400
EME,2024-05-14,373.56,375.2,366.24,374.26,0.7,+0.19%,309700
EME,2024-05-15,377.1,385.9,377.1,385.6,11.34,+3.03%,389800
EME,2024-05-16,385.25,385.77,375.2022,375.59,-10.01,-2.60%,325000
EME,2024-05-17,378.21,380.15,375.63,378.37,2.78,+0.74%,258000
EME,2024-05-20,379.22,386.49,379.22,383.83,5.46,+1.44%,267000
EME,2024-05-21,382.52,388.72,381.06,388.24,4.41,+1.15%,466700
EME,2024-05-22,388.9,392.61,384.59,388.5,0.26,+0.07%,444500
EME,2024-05-23,393.25,396.8746,388.4005,390.1,1.6,+0.41%,541700
EME,2024-05-24,390.3,400.57,390.3,398.69,8.59,+2.20%,376400
EME,2024-05-28,400.54,401.98,392.51,393.68,-5.01,-1.26%,506900
EME,2024-05-29,391.9,397.21,390.1,393.9,0.22,+0.06%,443100
EME,2024-05-30,394.36,399.61,394.13,395.59,1.69,+0.43%,403300
EME,2024-05-31,395.59,400.97,379.571,388.66,-6.93,-1.75%,4335600
EME,2024-06-03,391,391.635,366.36,373.1,-15.56,-4.00%,1102200
EME,2024-06-04,371.17,372.51,360.3023,368.89,-4.21,-1.13%,794500
EME,2024-06-05,370.43,380.2,368.89,378.14,9.25,+2.51%,530600
EME,2024-06-06,377.37,377.67,370.97,374.25,-3.89,-1.03%,469800
EME,2024-06-07,378.66,383.4,375.69,376,1.75,+0.47%,335400
EME,2024-06-10,373.62,380.35,373.62,379.03,3.03,+0.81%,379400
EME,2024-06-11,379.03,381.4429,373.79,374.9,-4.13,-1.09%,415300
EME,2024-06-12,380,387.56,380,382.6,7.7,+2.05%,371600
EME,2024-06-13,382.41,390.16,379.31,390.14,7.54,+1.97%,345300
EME,2024-06-14,386.02,386.5299,375.0001,377.2,-12.94,-3.32%,336800
EME,2024-06-17,377.2,386.68,376.31,383.03,5.83,+1.55%,399800
EME,2024-06-18,382.54,388,377.085,385.68,2.65,+0.69%,352600
EME,2024-06-20,385.68,391.6199,382.03,385.91,0.23,+0.06%,488600
EME,2024-06-21,382.96,383.115,364.275,381.27,-4.64,-1.20%,889300
EME,2024-06-24,381,382.33,372.23,380.78,-0.49,-0.13%,496000
EME,2024-06-25,381.07,381.7199,371.36,378.53,-2.25,-0.59%,381000
EME,2024-06-26,376.23,379.76,365.11,368.52,-10.01,-2.64%,625500
EME,2024-06-27,369.5,371.515,367,370.38,1.86,+0.50%,475500
EME,2024-06-28,370,375.36,362.08,365.08,-5.3,-1.43%,898800
EME,2024-07-01,367.93,370.785,357.915,359.66,-5.42,-1.48%,469900
EME,2024-07-02,358.41,361.14,355,356.86,-2.8,-0.78%,652000
EME,2024-07-03,357.91,371.28,355.5,371.09,14.23,+3.99%,381400
EME,2024-07-05,370.34,372.97,359.82,362.54,-8.55,-2.30%,290200
EME,2024-07-08,366.28,369.38,362.76,363.84,1.3,+0.36%,300900
EME,2024-07-09,363.84,368.06,363.38,363.56,-0.28,-0.08%,462400
EME,2024-07-10,365.85,373.08,365.59,372.76,9.2,+2.53%,337400
EME,2024-07-11,374.08,378.0899,370.4798,375.46,2.7,+0.72%,253300
EME,2024-07-12,377.93,382.25,371.48,376.45,0.99,+0.26%,294400
EME,2024-07-15,377.57,384.21,376.14,380.39,3.94,+1.05%,343400
EME,2024-07-16,383.42,391.31,380.1445,390.88,10.49,+2.76%,360600
EME,2024-07-17,386,386,361.211,361.24,-29.64,-7.58%,431800
EME,2024-07-18,364.85,374.48,356.53,364.83,3.59,+0.99%,460400
EME,2024-07-19,365.18,366.97,360.725,363.61,-1.22,-0.33%,379400
EME,2024-07-22,366.74,375.96,364.5,375.74,12.13,+3.34%,284600
EME,2024-07-23,374.28,383.275,371.4,379.21,3.47,+0.92%,388800
EME,2024-07-24,374.23,376.01,355.51,356.73,-22.48,-5.93%,636800
EME,2024-07-25,388.61,396.84,345.785,346.6,-10.13,-2.84%,1435600
EME,2024-07-26,359.42,368.08,351.905,364.05,17.45,+5.03%,1229600
EME,2024-07-29,365.34,374.84,362.46,362.87,-1.18,-0.32%,409400
EME,2024-07-30,364.83,370.2,355.22,358.47,-4.4,-1.21%,449900
EME,2024-07-31,370.85,380.715,369.43,375.44,16.97,+4.73%,474700
EME,2024-08-01,375.58,384.975,360.85,366.12,-9.32,-2.48%,487400
EME,2024-08-02,355.89,359.745,341.46,349.7,-16.42,-4.48%,583300
EME,2024-08-05,329.14,348.04,319.49,340.22,-9.48,-2.71%,654000
EME,2024-08-06,343.51,355.64,341.59,350.43,10.21,+3.00%,426600
EME,2024-08-07,359.32,360.82,343.08,347.88,-2.55,-0.73%,396500
EME,2024-08-08,353.99,357.39,345.81,357.02,9.14,+2.63%,326300
EME,2024-08-09,357.02,360.87,353.525,355.77,-1.25,-0.35%,259100
EME,2024-08-12,356.81,360.17,352.0945,355.8,0.03,+0.01%,208000
EME,2024-08-13,359.42,362.96,354.51,361.46,5.66,+1.59%,297600
EME,2024-08-14,364.44,367.46,361.42,365.35,3.89,+1.08%,293300
EME,2024-08-15,371.56,374.77,368.13,372.19,6.84,+1.87%,188100
EME,2024-08-16,372.19,372.31,363.15,366.59,-5.6,-1.50%,220400
EME,2024-08-19,366.59,368.68,361.26,368.54,1.95,+0.53%,279200
EME,2024-08-20,368,371.64,361.51,367.3,-1.24,-0.34%,299300
EME,2024-08-21,366.25,373.33,360.13,373.13,5.83,+1.59%,243700
EME,2024-08-22,373.01,378.27,371.98,372.76,-0.37,-0.10%,290900
EME,2024-08-23,374.8,383.15,374.74,382.3,9.54,+2.56%,236700
EME,2024-08-26,382.71,385.17,375.05,377.61,-4.69,-1.23%,212400
EME,2024-08-27,375,383.16,373.265,380.87,3.26,+0.86%,281900
EME,2024-08-28,380,383.02,376.92,379.75,-1.12,-0.29%,231000
EME,2024-08-29,382.41,392.31,381.5,385.17,5.42,+1.43%,287100
EME,2024-08-30,386.89,393.35,386.59,393.06,7.89,+2.05%,552400
EME,2024-09-03,389.92,389.92,357.2601,358.63,-34.43,-8.76%,524000
EME,2024-09-04,356.31,361.1,351.91,356.46,-2.17,-0.61%,350300
EME,2024-09-05,354.1,355.76,350.07,353.47,-2.99,-0.84%,383200
EME,2024-09-06,354.39,360.5599,350.53,352.88,-0.59,-0.17%,384800
EME,2024-09-09,355.75,366.27,355.635,364.1,11.22,+3.18%,376000
EME,2024-09-10,365.27,371.94,363.61,371.26,7.16,+1.97%,362900
EME,2024-09-11,372.69,385.07,364.5,385.07,13.81,+3.72%,338400
EME,2024-09-12,385.27,393.765,382.52,388.49,3.42,+0.89%,408800
EME,2024-09-13,392.78,400.49,392.45,396.42,7.93,+2.04%,248700
EME,2024-09-16,396.86,403.69,394.51,402.69,6.27,+1.58%,199100
EME,2024-09-17,406.19,410.67,404.22,409.2,6.51,+1.62%,349900
EME,2024-09-18,411.84,417.7799,406.235,408.75,-0.45,-0.11%,383900
EME,2024-09-19,420.67,432.88,412.43,430.05,21.3,+5.21%,460800
EME,2024-09-20,430.45,437.095,428,435.6,5.55,+1.29%,721800
EME,2024-09-23,437.61,441.89,434.98,435.11,-0.49,-0.11%,392600
EME,2024-09-24,434.99,437.6134,427.0181,433.56,-1.55,-0.36%,362800
EME,2024-09-25,435.5,442.1499,433.5,435.47,1.91,+0.44%,524700
EME,2024-09-26,440.44,443.96,428.63,429.3,-6.17,-1.42%,512600
EME,2024-09-27,428.7,430.77,423.61,427.09,-2.21,-0.51%,363900
EME,2024-09-30,425.63,430.98,421.88,430.53,3.44,+0.81%,278100
EME,2024-10-01,428.5,429.83,420.2,428.28,-2.25,-0.52%,274200
EME,2024-10-02,425,433.55,423.66,429.89,1.61,+0.38%,226400
EME,2024-10-03,429.89,431.355,426.04,430.95,1.06,+0.25%,308700
EME,2024-10-04,437.85,440.75,430.79,435,4.05,+0.94%,291600
EME,2024-10-07,433.35,444.98,433.23,440.36,5.36,+1.23%,352300
EME,2024-10-08,443.55,445.655,439.175,439.74,-0.62,-0.14%,351200
EME,2024-10-09,439.04,448.1,439.04,446.94,7.2,+1.64%,266200
EME,2024-10-10,443,443.5,436.1901,442.09,-4.85,-1.09%,182100
EME,2024-10-11,441.8,450.55,441.8,450.45,8.36,+1.89%,151100
EME,2024-10-14,452.39,454.84,449.32,452.6,2.15,+0.48%,142000
EME,2024-10-15,452.94,454.3979,441.6,444.91,-7.69,-1.70%,245700
EME,2024-10-16,447.21,452.44,444.375,447.28,2.37,+0.53%,246800
EME,2024-10-17,452.25,455.515,448.82,453.75,6.47,+1.45%,266400
EME,2024-10-18,453.8,453.86,444.4343,453.74,-0.01,0.00%,261800
EME,2024-10-21,453,456.16,449.27,455.1,1.36,+0.30%,217300
EME,2024-10-22,450,454.11,445.03,447.94,-7.16,-1.57%,221500
EME,2024-10-23,445.35,449.68,442.07,445.62,-2.32,-0.52%,172600
EME,2024-10-24,445.96,447.5,441.6,446.11,0.49,+0.11%,265300
EME,2024-10-25,443.91,443.91,422.16,428.58,-17.53,-3.93%,502900
EME,2024-10-28,432.12,434.2299,429.46,431.56,2.98,+0.70%,359400
EME,2024-10-29,430,436.95,427.82,436.79,5.23,+1.21%,355000
EME,2024-10-30,431.99,438.56,431.2942,431.77,-5.02,-1.15%,369900
EME,2024-10-31,439.12,456.76,436.51,446.07,14.3,+3.31%,548200
EME,2024-11-01,457.56,461.8699,451.515,453.21,7.14,+1.60%,523300
EME,2024-11-04,450.7,468.59,450.6739,461.5,8.29,+1.83%,394000
EME,2024-11-05,462.13,476.5,462.13,475.78,14.28,+3.09%,357400
EME,2024-11-06,492.45,504.53,486.8826,501.88,26.1,+5.49%,616500
EME,2024-11-07,503,509.46,501.601,504.35,2.47,+0.49%,796800
EME,2024-11-08,507.87,519.0999,506.0005,514.15,9.8,+1.94%,593400
EME,2024-11-11,521.78,525.3065,516.3401,520.44,6.29,+1.22%,634900
EME,2024-11-12,521.61,524.5,510.8892,514.08,-6.36,-1.22%,472000
EME,2024-11-13,515,517,498.605,500.36,-13.72,-2.67%,454900
EME,2024-11-14,500.38,502.4999,492.795,498.11,-2.25,-0.45%,556800
EME,2024-11-15,499.31,504.64,495.7636,498.86,0.75,+0.15%,436700
EME,2024-11-18,501.36,505.81,497.25,500.85,1.99,+0.40%,402200
EME,2024-11-19,497.25,514.2399,495.4201,514,13.15,+2.63%,448900
EME,2024-11-20,517,520.95,508.76,515.82,1.82,+0.35%,437200
EME,2024-11-21,520,532.3799,518.5,526.95,11.13,+2.16%,398200
EME,2024-11-22,522.82,528.41,497.88,504.92,-22.03,-4.18%,661300
EME,2024-11-25,507.91,513.15,503.04,510.99,6.07,+1.20%,651345
EME,2024-11-26,511.48,522.7375,508.745,514.78,3.79,+0.74%,451861
EME,2024-11-27,520,522.49,505.27,507.95,-6.83,-1.33%,391200
EME,2024-11-29,514.07,519.7201,509.97,510.12,2.17,+0.43%,177400
EME,2024-12-02,511.95,517.74,505.07,505.09,-5.03,-0.99%,319000
EME,2024-12-03,507.24,510.7599,501.045,509.59,4.5,+0.89%,340800
EME,2024-12-04,511.04,514.87,507.38,514.71,5.12,+1.00%,336600
EME,2024-12-05,514,518.1,508.24,513.52,-1.19,-0.23%,323200
EME,2024-12-06,513.75,513.75,504.35,509.03,-4.49,-0.87%,313300
EME,2024-12-09,505.88,509.03,468.55,478.59,-30.44,-5.98%,556700
EME,2024-12-10,482.59,485.31,473.6506,474.31,-4.28,-0.89%,349300
EME,2024-12-11,482.34,483,476.7401,480.96,6.65,+1.40%,319200
EME,2024-12-12,481.99,484.54,476.825,480.25,-0.71,-0.15%,250000
EME,2024-12-13,479.74,484.63,476.59,479.28,-0.97,-0.20%,266100
EME,2024-12-16,478.74,487.265,477,484.55,5.27,+1.10%,343800
EME,2024-12-17,477.53,481.78,470.54,476.9,-7.65,-1.58%,440300
EME,2024-12-18,479.9,484.905,464.245,464.42,-12.48,-2.62%,556000
EME,2024-12-19,470.18,477.21,461.655,464.3,-0.12,-0.03%,371400
EME,2024-12-20,458.61,470.95,454.74,465.82,1.52,+0.33%,867600
EME,2024-12-23,464.31,465,457.4501,463.26,-2.56,-0.55%,192000
EME,2024-12-24,464.34,465.485,461.21,463.49,0.23,+0.05%,134800
EME,2024-12-26,463,466.77,460.2601,466.58,3.09,+0.67%,145100
EME,2024-12-27,462.6,464.125,454.52,459.38,-7.2,-1.54%,177500
EME,2024-12-30,456.28,460.59,450,457.25,-2.13,-0.46%,291800
EME,2024-12-31,457.5,459.465,452.75,453.9,-3.35,-0.73%,349700
EME,2025-01-02,455.99,463.88,453.29,457.63,3.73,+0.82%,308500
EME,2025-01-03,459.52,474.08,459.52,473.65,16.02,+3.50%,390100
EME,2025-01-06,476.82,486.48,475,479.13,5.48,+1.16%,479400
EME,2025-01-07,479.97,480.85,456.35,470.18,-8.95,-1.87%,429800
EME,2025-01-08,469.38,475.98,462.08,475.86,5.68,+1.21%,360700
EME,2025-01-10,471.5,471.72,463.3933,467.04,-8.82,-1.85%,351500
EME,2025-01-13,460.01,469.845,457.0781,467.78,0.74,+0.16%,312300
EME,2025-01-14,473.8,494.405,471.98,492.91,25.13,+5.37%,407400
EME,2025-01-15,502.29,509.57,498.315,502.02,9.11,+1.85%,444400
EME,2025-01-16,507.07,516.53,504.89,510.99,8.97,+1.79%,313500
EME,2025-01-17,514.49,514.49,502.7,506.47,-4.52,-0.88%,375400
EME,2025-01-21,516.17,527.51,510.57,527.16,20.69,+4.09%,412000
EME,2025-01-22,535.25,545.295,532.3795,535.99,8.83,+1.68%,383100
EME,2025-01-23,530.42,533.535,523.5,531.8,-4.19,-0.78%,365000
EME,2025-01-24,534.07,534.39,523.47,531.65,-0.15,-0.03%,285700
EME,2025-01-27,487.11,487.115,428.93,430,-101.65,-19.12%,1611200
EME,2025-01-28,441.32,444.63,430.14,438.27,8.27,+1.92%,1087000
EME,2025-01-29,440.73,450.52,435,439.41,1.14,+0.26%,506500
EME,2025-01-30,444.96,454.98,440.84,448.69,9.28,+2.11%,589800
EME,2025-01-31,453.67,458.32,441.89,448.06,-0.63,-0.14%,701400
EME,2025-02-03,436.94,453.2899,432.12,448.4,0.34,+0.08%,635400
EME,2025-02-04,450.28,452.32,442.55,445,-3.4,-0.76%,386900
EME,2025-02-05,450.35,463.64,448.09,456.65,11.65,+2.62%,358000
EME,2025-02-06,460,467.7,457.785,467.17,10.52,+2.30%,422000
EME,2025-02-07,470.93,471.7796,460.15,461.75,-5.42,-1.16%,331800
EME,2025-02-10,463.37,469.29,461.0001,466.51,4.76,+1.03%,345700
EME,2025-02-11,461.65,463.76,443.02,446.24,-20.27,-4.35%,373100
EME,2025-02-12,433.74,438.71,431.01,433.49,-12.75,-2.86%,604000
EME,2025-02-13,437.58,439.34,421.4301,427.55,-5.94,-1.37%,519300
EME,2025-02-14,428.92,428.92,422.2378,426.29,-1.26,-0.29%,303300
EME,2025-02-18,427.9,435.9699,427.745,433.91,7.62,+1.79%,466300
EME,2025-02-19,431.03,436.085,430.52,434.85,0.94,+0.22%,340600
EME,2025-02-20,435.58,436.11,418.86,424.64,-10.21,-2.35%,432200
EME,2025-02-21,432.91,432.91,402.71,404.35,-20.29,-4.78%,702700
EME,2025-02-24,403.3,406.44,388.29,391.43,-12.92,-3.20%,841000
EME,2025-02-25,390.46,400.47,385.52,398.03,6.6,+1.69%,827800
EME,2025-02-26,419.98,433.63,415.1257,420.88,22.85,+5.74%,881400
EME,2025-02-27,418.62,424.14,401.84,402.71,-18.17,-4.32%,576900
EME,2025-02-28,400.07,409.01,396.015,408.91,6.2,+1.54%,676900
EME,2025-03-03,411.1,411.1,394.01,395.73,-13.18,-3.22%,560300
EME,2025-03-04,385,398.38,376.29,388.08,-7.65,-1.93%,662200
EME,2025-03-05,389.14,396.2,384.8,392.6,4.52,+1.16%,522700
EME,2025-03-06,380.22,387.37,370.2093,374.87,-17.73,-4.52%,689200
EME,2025-03-07,375.85,382.62,363.8,375.35,0.48,+0.13%,583648
EME,2025-03-10,364.84,369.99,355.525,361.16,-14.19,-3.78%,640100
EME,2025-03-11,362.19,379.99,360.0001,372.6,11.44,+3.17%,620300
EME,2025-03-12,385.5,390,377.61,382.39,9.79,+2.63%,530100
EME,2025-03-13,380.25,382.515,369.72,372.92,-9.47,-2.48%,335800
EME,2025-03-14,380.82,390.3003,379.3,388.51,15.59,+4.18%,330400
EME,2025-03-17,385.83,398.65,384.33,395.09,6.58,+1.69%,391200
EME,2025-03-18,388.84,392.56,383.115,386.54,-8.55,-2.16%,359600
EME,2025-03-19,388.67,401.88,386.12,398.54,12,+3.10%,412200
EME,2025-03-20,390.72,406.545,390.72,399.52,0.98,+0.25%,559600
EME,2025-03-21,393.85,395.89,390.44,395.14,-4.38,-1.10%,1255900
EME,2025-03-24,405,415.52,404.44,412.85,17.71,+4.48%,560900
EME,2025-03-25,411.73,416.8,407.135,412.28,-0.57,-0.14%,359400
EME,2025-03-26,411.76,411.86,391.13,392.25,-20.03,-4.86%,296500
EME,2025-03-27,388.67,389.93,377.38,379.33,-12.92,-3.29%,637100
EME,2025-03-28,379.72,380.29,366.72,370.87,-8.46,-2.23%,400300
EME,2025-03-31,361.18,369.7,352.1,369.63,-1.24,-0.33%,775900
EME,2025-04-01,368.52,377.09,365.96,375.5,5.87,+1.59%,408200
EME,2025-04-02,364.7,385.0464,362.7999,384.95,9.45,+2.52%,399900
EME,2025-04-03,362.15,367.65,352.18,354.54,-30.41,-7.90%,491200
EME,2025-04-04,340,347.76,320.885,342.02,-12.52,-3.53%,1172000
EME,2025-04-07,325.8,361.99,324.8,350.48,8.46,+2.47%,1144100
EME,2025-04-08,369.15,375.55,347.68,354.26,3.78,+1.08%,819200
EME,2025-04-09,350.72,396.67,349.78,391,36.74,+10.37%,931500
EME,2025-04-10,376.01,386.23,365.86,375.2,-15.8,-4.04%,643600
EME,2025-04-11,375.28,385.2696,366.98,383.73,8.53,+2.27%,455200
EME,2025-04-14,392.85,393,378.9901,385.79,2.06,+0.54%,388400
EME,2025-04-15,386.48,395.68,386.005,390.1,4.31,+1.12%,395700
EME,2025-04-16,382.85,389.31,375,382.4,-7.7,-1.97%,498300
EME,2025-04-17,382.08,383.95,374.115,378.81,-3.59,-0.94%,359200
EME,2025-04-21,374.07,375.71,356.97,362.71,-16.1,-4.25%,400600
EME,2025-04-22,370.73,376.34,365.87,373.2,10.49,+2.89%,370600
EME,2025-04-23,392.7,397.51,382.1293,384.13,10.93,+2.93%,404700
EME,2025-04-24,383.25,402.7,382.31,400.62,16.49,+4.29%,331800
EME,2025-04-25,405.24,414.645,404.4289,410.24,9.62,+2.40%,524500
EME,2025-04-28,410.86,417.3175,404.1,410.26,0.02,0.00%,689200
EME,2025-04-29,408.88,414.84,406.56,413.02,2.76,+0.67%,501100
EME,2025-04-30,385,400.8,374.64,400.7,-12.32,-2.98%,1128400
EME,2025-05-01,411.47,418.95,407.475,412.52,11.82,+2.95%,606900
EME,2025-05-02,416.66,433.83,415.72,430.19,17.67,+4.28%,678600
EME,2025-05-05,426.28,439.64,426.28,435.99,5.8,+1.35%,551400
EME,2025-05-06,431.63,437.29,429.733,433.07,-2.92,-0.67%,411800
EME,2025-05-07,434.08,437.46,427.895,434.15,1.08,+0.25%,430300
EME,2025-05-08,440.33,448.44,435.02,440.24,6.09,+1.40%,312300
EME,2025-05-09,441.38,444.02,436.615,439.43,-0.81,-0.18%,219800
EME,2025-05-12,458.49,465,451.77,457.31,17.88,+4.07%,441800
EME,2025-05-13,457.6,474.295,457.0561,472.38,15.07,+3.30%,750100
EME,2025-05-14,475.83,478.745,465.905,466.57,-5.81,-1.23%,599500
EME,2025-05-15,463.69,469.43,461,464.29,-2.28,-0.49%,489800
EME,2025-05-16,465.96,472.325,463,470.43,6.14,+1.32%,424000
EME,2025-05-19,461.02,470.89,460.12,469.99,-0.44,-0.09%,298800
EME,2025-05-20,472.63,478.16,471.4,472.52,2.53,+0.54%,564700
EME,2025-05-21,467.44,475.74,463.26,463.77,-8.75,-1.85%,355100
EME,2025-05-22,460,462.2,451.99,458.31,-5.46,-1.18%,455700
EME,2025-05-23,452.92,465.275,450.68,463.32,5.01,+1.09%,397600
EME,2025-05-27,469.6,476.02,466.95,475.59,12.27,+2.65%,340400
EME,2025-05-28,476.84,476.84,468.06,469.14,-6.45,-1.36%,280800
EME,2025-05-29,472.32,476.9999,464.8,468.26,-0.88,-0.19%,343800
EME,2025-05-30,467.45,472.03,464.16,471.86,3.6,+0.77%,807300
EME,2025-06-02,468.33,470.13,457.3,469.55,-2.31,-0.49%,330800
EME,2025-06-03,472.19,486.57,468.83,483.78,14.23,+3.03%,435300
EME,2025-06-04,482.58,490,480.47,482.64,-1.14,-0.24%,340400
EME,2025-06-05,483.82,488.795,480,484.06,1.42,+0.29%,350900
EME,2025-06-06,490,491.7347,484.055,488.82,4.76,+0.98%,336300
EME,2025-06-09,484.21,486.75,471.855,473.79,-15.03,-3.07%,488900
EME,2025-06-10,474.42,474.43,455.1401,465.93,-7.86,-1.66%,404800
EME,2025-06-11,468.42,472.38,464.21,471.89,5.96,+1.28%,329900
EME,2025-06-12,467.57,476.12,466.49,474.93,3.04,+0.64%,380700
EME,2025-06-13,474.11,481.46,470.02,477.92,2.99,+0.63%,401000
EME,2025-06-16,483,489.68,480.0201,485.81,7.89,+1.65%,376600
EME,2025-06-17,483.19,486.92,479.4,481.39,-4.42,-0.91%,571400
EME,2025-06-18,481.38,493.39,481.14,485.21,3.82,+0.79%,541400
EME,2025-06-20,487.72,489.32,478.1601,485.03,-0.18,-0.04%,1452500
EME,2025-06-23,485.28,496.23,483.5742,494.6,9.57,+1.97%,389400
EME,2025-06-24,499.11,503.37,493.47,500.65,6.05,+1.22%,359600
EME,2025-06-25,504.34,505.66,499.307,502.57,1.92,+0.38%,266700
EME,2025-06-26,506.39,512.72,504.58,510.99,8.42,+1.68%,340300
EME,2025-06-27,519.18,532.49,517.645,530.62,19.63,+3.84%,681200
EME,2025-06-30,529.67,538.3,523.5,534.89,4.27,+0.80%,421500
EME,2025-07-01,531.46,535.855,516.91,530.88,-4.01,-0.75%,635600
EME,2025-07-02,529.74,541.8,529.04,541.8,10.92,+2.06%,389100
EME,2025-07-03,537.47,550.18,533.08,547.22,5.42,+1.00%,302400
EME,2025-07-07,548.34,553.9732,545.1,551.14,3.92,+0.72%,481100
EME,2025-07-08,552.59,552.59,532.2508,541.34,-9.8,-1.78%,416900
EME,2025-07-09,546.48,548.09,539.4401,546.28,4.94,+0.91%,389100
EME,2025-07-10,546,550.86,537.105,547.59,1.31,+0.24%,383200
EME,2025-07-11,547.63,556.61,542.0012,554.22,6.63,+1.21%,215500
EME,2025-07-14,553.6,560.01,552,556.86,2.64,+0.48%,283900
EME,2025-07-15,562.28,562.77,546.9101,549.76,-7.1,-1.28%,341500
EME,2025-07-16,551.71,555.58,546.44,553.3,3.54,+0.64%,258500
EME,2025-07-17,554.1,562.03,554.1,559.25,5.95,+1.08%,287800
EME,2025-07-18,562.05,570,560.08,565.56,6.31,+1.13%,415000
EME,2025-07-21,564.83,566.3215,558.7,560.44,-5.12,-0.91%,263600
EME,2025-07-22,559.64,561.885,540,558.98,-1.46,-0.26%,315000
EME,2025-07-23,564.86,574.015,563.2001,573.66,14.68,+2.63%,231800
EME,2025-07-24,576.69,580.4757,569.04,578.8,5.14,+0.90%,253900
EME,2025-07-25,607.01,636.38,605.9,635.06,56.26,+9.72%,658200
EME,2025-07-28,635.06,641.955,626.65,631.66,-3.4,-0.54%,578700
EME,2025-07-29,636.53,637.22,628.335,636.23,4.57,+0.72%,417900
EME,2025-07-30,634.52,642.555,632.69,639.33,3.1,+0.49%,560800
EME,2025-07-31,667.64,667.64,616.04,627.49,-11.84,-1.85%,731400
EME,2025-08-01,608.77,632.3,595.62,624.67,-2.82,-0.45%,508800
EME,2025-08-04,631.4,634.84,621.02,629.22,4.55,+0.73%,340100
EME,2025-08-05,635.62,635.62,613.775,625,-4.22,-0.67%,404700
EME,2025-08-06,622.79,625.71,615.8,622.27,-2.73,-0.44%,299300
EME,2025-08-07,620.67,624.9408,613.4901,617.51,-4.76,-0.76%,220000
EME,2025-08-08,620.11,620.45,610,618.22,0.71,+0.11%,321400
EME,2025-08-11,619.06,624,611.2901,614.69,-3.53,-0.57%,299100
EME,2025-08-12,618.41,633.78,615.3436,632.57,17.88,+2.91%,347400
EME,2025-08-13,636.25,640.38,602.89,616.71,-15.86,-2.51%,364000
EME,2025-08-14,604.38,618.14,604.38,609.75,-6.96,-1.13%,239200
EME,2025-08-15,609.75,613.37,596.86,605.62,-4.13,-0.68%,233100
EME,2025-08-18,604.6,613.35,604.46,612.92,7.3,+1.21%,261900
EME,2025-08-19,611.87,611.87,604.89,607.1,-5.82,-0.95%,229500
EME,2025-08-20,600,607.44,589.3,605.13,-1.97,-0.32%,302600
EME,2025-08-21,605,611.67,601.79,610.85,5.72,+0.95%,225000
EME,2025-08-22,613.63,625.26,609.66,610.24,-0.61,-0.10%,222900
EME,2025-08-25,610.24,620.065,605.72,609.16,-1.08,-0.18%,279300
EME,2025-08-26,610,619.79,608.46,618.84,9.68,+1.59%,422900
EME,2025-08-27,615.6,628.3337,615.6,624,5.16,+0.83%,372700
EME,2025-08-28,624,634.27,624,633.25,9.25,+1.48%,322900
EME,2025-08-29,633.25,633.25,611.64,620,-13.25,-2.09%,353300
EME,2025-09-02,605.86,621.565,596.17,620.41,0.41,+0.07%,298600
EME,2025-09-03,623.17,627.969,620.22,627.28,6.87,+1.11%,303300
EME,2025-09-04,631.39,642.075,626.5,640.57,13.29,+2.12%,330200
EME,2025-09-05,640.59,640.59,612.5,625.4,-15.17,-2.37%,429800
EME,2025-09-08,630.56,637.55,619.615,621.58,-3.82,-0.61%,577500
EME,2025-09-09,631.6,631.6,618.385,623.03,1.45,+0.23%,560900
EME,2025-09-10,631.72,641.8499,628.0001,634.4,11.37,+1.82%,767700
EME,2025-09-11,642,648.1899,634.91,640,5.6,+0.88%,666600
EME,2025-09-12,637.69,640.555,628.59,629.08,-10.92,-1.71%,455500
EME,2025-09-15,628,630.344,616.15,628.75,-0.33,-0.05%,523600
EME,2025-09-16,624.14,627.615,613.5501,618.99,-9.76,-1.55%,431200
EME,2025-09-17,621.61,626.095,611.2437,616.72,-2.27,-0.37%,381600
EME,2025-09-18,618.39,639.11,616.52,628.92,12.2,+1.98%,706200
EME,2025-09-19,627.37,634.72,613.8125,632.02,3.1,+0.49%,10505200
EME,2025-09-22,625.11,655.92,622.5901,655.83,23.81,+3.77%,837700
EME,2025-09-23,660,660.4279,641.715,644.7,-11.13,-1.70%,546500
EME,2025-09-24,651.9,653.09,625.505,626.57,-18.13,-2.81%,462900
EME,2025-09-25,615.4,628,608.995,625,-1.57,-0.25%,357400
EME,2025-09-26,629.58,645.95,626.515,640.57,15.57,+2.49%,396400
EME,2025-09-29,644,650.91,636.1601,640.63,0.06,+0.01%,410300
EME,2025-09-30,640.63,651.18,640.175,649.54,8.91,+1.39%,301000
EME,2025-10-01,644.47,657.88,640.98,654.92,5.38,+0.83%,407900
EME,2025-10-02,653.03,664.165,649.66,660.28,5.36,+0.82%,342500
EME,2025-10-03,663,663.2522,649.94,654.41,-5.87,-0.89%,321600
EME,2025-10-06,657.64,679.02,657.5,670,15.59,+2.38%,592400
EME,2025-10-07,680.77,685.8199,663.3,673.08,3.08,+0.46%,485300
EME,2025-10-08,676.87,695.4,672.954,695.03,21.95,+3.26%,417600
EME,2025-10-09,695,697.5,678.68,680.83,-14.2,-2.04%,415000
EME,2025-10-10,687.98,697.91,663.66,663.74,-17.09,-2.51%,423600
EME,2025-10-13,674.84,686.9099,672.5,677.02,13.28,+2.00%,241700
EME,2025-10-14,668,681.02,661.01,674.14,-2.88,-0.43%,452000
EME,2025-10-15,686.07,692.57,680,690.64,16.5,+2.45%,662900
EME,2025-10-16,692.79,695.91,683.05,687.22,-3.42,-0.50%,416500
EME,2025-10-17,682.92,692.11,675.3507,689.01,1.79,+0.26%,524700
EME,2025-10-20,700,704.09,693.355,700.18,11.17,+1.62%,289500
EME,2025-10-21,698.44,701.24,680.5,689.95,-10.23,-1.46%,384500
EME,2025-10-22,695.03,700.29,646.55,662.93,-27.02,-3.92%,569200
EME,2025-10-23,666,698.1,665.66,696.28,33.35,+5.03%,470700
EME,2025-10-24,730,752.52,729.8901,748.24,51.96,+7.46%,690100
EME,2025-10-27,749.87,755.57,741.5,754.85,6.61,+0.88%,477600
EME,2025-10-28,755.09,758.72,747.01,751.44,-3.41,-0.45%,399100
EME,2025-10-29,755.79,778.635,755.79,777,25.56,+3.40%,684600
EME,2025-10-30,665,715.825,632.0575,648,-129.,-16.60%,1422700
EME,2025-10-31,657.49,682.12,657.49,675.78,27.78,+4.29%,962900
EME,2025-11-03,673.02,681.835,670.076,673.52,-2.26,-0.33%,428100
EME,2025-11-04,661.01,664.5,646.21,654.5,-19.02,-2.82%,449700
EME,2025-11-05,657.31,679.3,657.31,675.42,20.92,+3.20%,314600
EME,2025-11-06,669.74,672.71,653.17,653.75,-21.67,-3.21%,337500
EME,2025-11-07,645.14,655.63,636.11,649.34,-4.41,-0.67%,578100
EME,2025-11-10,664.52,665.9999,646,656.33,6.99,+1.08%,290500
EME,2025-11-11,650.65,655.445,639.71,640.85,-15.48,-2.36%,299100
EME,2025-11-12,645.66,655.97,640.85,643.38,2.53,+0.39%,329100
EME,2025-11-13,641.61,644.115,615.52,618.96,-24.42,-3.80%,497400
EME,2025-11-14,603.28,630.43,601,619.86,0.9,+0.15%,489000
EME,2025-11-17,620.64,626.88,606.6598,611.4,-8.46,-1.36%,382300
EME,2025-11-18,602.61,624.07,602.61,614.59,3.19,+0.52%,381900
EME,2025-11-19,618.18,625.14,603.58,605.84,-8.75,-1.42%,673100
EME,2025-11-20,623.53,626.6,577.88,583.08,-22.76,-3.76%,666700
EME,2025-11-21,584.17,585.295,564.92,581.58,-1.5,-0.26%,545700
EME,2025-11-24,590.07,614,585.12,602.84,21.26,+3.66%,582600
EME,2025-11-25,600.28,608.84,587.54,605.61,2.77,+0.46%,310100
EME,2025-11-26,609.45,617.99,609.45,610.72,5.11,+0.84%,237500
EME,2025-11-28,616.92,619.395,613.02,615.07,4.35,+0.71%,145900
EME,2025-12-01,605.59,610.865,601,607.78,-7.29,-1.19%,273800
EME,2025-12-02,611.76,618.1499,602.51,606.37,-1.41,-0.23%,341200
EME,2025-12-03,604.75,612.74,590.99,612,5.63,+0.93%,355100
EME,2025-12-04,608.99,638.95,607,635.36,23.36,+3.82%,508500
EME,2025-12-05,633.26,637.81,622.64,623.62,-11.74,-1.85%,387700
EME,2025-12-08,626.8,645.3186,621.77,629.22,5.6,+0.90%,475600
EME,2025-12-09,625.78,636.31,622.54,623.74,-5.48,-0.87%,408600
EME,2025-12-10,623.83,633.77,611.145,627.02,3.28,+0.53%,330400
EME,2025-12-11,623.58,642.2,618.33,639.58,12.56,+2.00%,306700
EME,2025-12-12,641.35,641.77,604.98,623.65,-15.93,-2.49%,534600
EME,2025-12-15,624.11,632.318,618.4836,624.09,0.44,+0.07%,280500
EME,2025-12-16,625,630.91,620.465,624.56,0.47,+0.08%,311900
EME,2025-12-17,621.16,625.34,591.25,596.47,-28.09,-4.50%,591100
EME,2025-12-18,607.84,617.6,602.3,612.86,16.39,+2.75%,477200
EME,2025-12-19,613.8,623.65,608.85,611.41,-1.45,-0.24%,891200
EME,2025-12-22,619.21,627.96,613.85,621.84,10.43,+1.71%,263300
EME,2025-12-23,619.15,627.72,618.59,625.69,3.85,+0.62%,197800
EME,2025-12-24,622.84,626.63,618.405,626.07,0.38,+0.06%,97500
EME,2025-12-26,628.38,629.03,624.22,627.09,1.02,+0.16%,151300
EME,2025-12-29,623.28,629.82,621.5001,623.26,-3.83,-0.61%,251900
EME,2025-12-30,622.96,623.53,616.66,617.3,-5.96,-0.96%,199900
EME,2025-12-31,618.33,620,610,611.79,-5.51,-0.89%,265500
EME,2026-01-02,616.48,640.9999,614.95,638.65,26.86,+4.39%,286100
EME,2026-01-05,644.71,662.65,644.56,653.57,14.92,+2.34%,473000
EME,2026-01-06,651.74,661.2,626.05,655.94,2.37,+0.36%,395500
EME,2026-01-07,655.39,657.46,646.945,650.97,-4.97,-0.76%,484500
EME,2026-01-08,651,651.27,618.09,628.27,-22.7,-3.49%,424200
EME,2026-01-09,631.22,651.9999,630.9,646.27,18,+2.87%,319500
EME,2026-01-12,647.3,664.455,645.595,660.65,14.38,+2.23%,412200
EME,2026-01-13,662.36,671.0598,662.36,670.55,9.9,+1.50%,327300
EME,2026-01-14,667.2,667.445,640.65,660.73,-9.82,-1.46%,320600
EME,2026-01-15,672.74,689.8,669.755,682.13,21.4,+3.24%,454900
EME,2026-01-16,689.25,708.36,689.085,698.69,16.56,+2.43%,485500
EME,2026-01-20,684.7,696.74,680,687.76,-10.93,-1.56%,303700
EME,2026-01-21,693.97,711.05,687.8,708.71,20.95,+3.05%,272200
EME,2026-01-22,720.5,724.74,690,702.89,-5.82,-0.82%,290200
EME,2026-01-23,702.01,703.75,688.62,694.21,-8.68,-1.23%,248000
EME,2026-01-26,697.81,709,694.24,706.87,12.66,+1.82%,247300
EME,2026-01-27,711.2,719.3,704.305,716.28,9.41,+1.33%,227000
EME,2026-01-28,719.16,735.585,713.95,727.35,11.07,+1.55%,287000
EME,2026-01-29,737.87,747.78,718,730.4,3.05,+0.42%,347900
EME,2026-01-30,720.57,731.13,712.46,720.73,-9.67,-1.32%,306700
EME,2026-02-02,714.65,731.71,714.65,731.67,10.94,+1.52%,252100
EME,2026-02-03,740,747.5399,726.24,744.53,12.86,+1.76%,354800
EME,2026-02-04,737.84,744.855,687.33,708.62,-35.91,-4.82%,554200
EME,2026-02-05,704.97,726.86,696.74,717.68,9.06,+1.28%,324100
EME,2026-02-06,735.18,766.41,734.91,764.35,46.67,+6.50%,371400
EME,2026-02-09,761.43,787.9,761.43,776.24,11.89,+1.56%,404300
EME,2026-02-10,779.33,792.8399,768.7,779.09,2.85,+0.37%,349800
EME,2026-02-11,800,816.595,785.18,808.51,29.42,+3.78%,441000
EME,2026-02-12,815,835,781.5001,782.93,-25.58,-3.16%,527500
EME,2026-02-13,784.68,809.05,777.52,800.82,17.89,+2.29%,309500
EME,2026-02-17,798,806.39,788.06,797.5,-3.32,-0.41%,364000
EME,2026-02-18,797.5,806.37,780.64,783.06,-14.44,-1.81%,415600
EME,2026-02-19,784.2,806.24,778.61,803.55,20.49,+2.62%,308900
EME,2026-02-20,803.87,821.9,799.19,812.79,9.24,+1.15%,368200
EME,2026-02-23,805.55,815.7869,797.1,806.66,-6.13,-0.75%,308600
EME,2026-02-24,796.16,815,790.64,806.8,0.14,+0.02%,385400
EME,2026-02-25,815.85,815.85,798.93,801.8,-5.,-0.62%,477100
EME,2026-02-26,780,780,713.9763,746.18,-55.62,-6.94%,881300
EME,2026-02-27,745,747.62,712.91,724.62,-21.56,-2.89%,642100
EME,2026-03-02,719.28,749.975,714.7082,735.78,11.16,+1.54%,411900
EME,2026-03-03,720.62,742.06,710.6643,736.3,0.52,+0.07%,513000
EME,2026-03-04,745.02,750.85,735,740.87,4.57,+0.62%,368300
EME,2026-03-05,730.51,736.82,704.12,719.01,-21.86,-2.95%,579500
EME,2026-03-06,706.47,715.15,700,705.79,-13.22,-1.84%,397209
EME,2026-03-09,695.28,719.19,685.5,719.18,13.39,+1.90%,391300
EME,2026-03-10,724.91,735.19,719.7101,723.38,4.2,+0.58%,262100
EME,2026-03-11,722.52,727.06,712.09,720.18,-3.2,-0.44%,355500
EME,2026-03-12,711.42,718.92,701.83,710.53,-9.65,-1.34%,276800
EME,2026-03-13,719.3,727.65,707.65,709.91,-0.62,-0.09%,288000
EME,2026-03-16,722.63,732.69,720.97,726.55,16.64,+2.34%,302000
EME,2026-03-17,730.19,736.01,714.69,728.55,2,+0.28%,196000
EME,2026-03-18,733,747.97,731.8,737.66,9.11,+1.25%,395100
EME,2026-03-19,726.32,757.24,723.49,751.33,13.67,+1.85%,489900
EME,2026-03-20,750.05,755.4144,718.2,724.93,-26.4,-3.51%,919200
EME,2026-03-23,734.38,761.58,734.38,744.66,19.73,+2.72%,329500
EME,2026-03-24,746.49,768.27,736.44,761.27,16.61,+2.23%,422100
EME,2026-03-25,765.38,775.86,761.52,764.76,3.49,+0.46%,270400
EME,2026-03-26,756,761.99,720.68,726.31,-38.45,-5.03%,334500
EME,2026-03-27,725.87,747.53,721.18,732.89,6.58,+0.91%,251300
EME,2026-03-30,738.76,747.43,695.545,701.1,-31.79,-4.34%,367000
EME,2026-03-31,711.72,743.68,711.72,738.31,37.21,+5.31%,412200
EME,2026-04-01,747.86,769.97,746.11,759.55,21.24,+2.88%,252900
EME,2026-04-02,738.63,773.4,737.8985,756.3,-3.25,-0.43%,241800
EME,2026-04-06,756.64,760.17,742,757.54,1.24,+0.16%,172700
EME,2026-04-07,754.96,766.9,747.62,750.42,-7.12,-0.94%,544200
EME,2026-04-08,781.72,794.9152,776.9101,789.19,38.77,+5.17%,385200
EME,2026-04-09,791.18,808.89,791.18,800.4,11.21,+1.42%,344700
EME,2026-04-10,799,809.93,790.08,802.43,2.03,+0.25%,195900
EME,2026-04-13,799.94,815.92,799.38,812.21,9.78,+1.22%,270900
EME,2026-04-14,820.18,823.875,808.7195,814.18,1.97,+0.24%,324300
EME,2026-04-15,809.54,814.425,793.21,803.64,-10.54,-1.29%,282900
EME,2026-04-16,802.7,807.78,788.76,792.25,-11.39,-1.42%,280700
EME,2026-04-17,800.71,816.945,797.7132,806.05,13.8,+1.74%,477100
EME,2026-04-20,807.81,833.245,807.15,831.11,25.06,+3.11%,294000
EME,2026-04-21,835.01,842.5,829.16,838.01,6.9,+0.83%,373300
EME,2026-04-22,850.1,860.48,838.5,860,21.99,+2.62%,378100
EME,2026-04-23,867.68,881.96,861.3,873.11,13.11,+1.52%,368000
EME,2026-04-24,875.95,881.84,855.36,869.9,-3.21,-0.37%,374900
EMIS,2014-12-31,0.215,0.28,0.215,0.28,-869.62,-99.97%,53000
EMIS,2015-01-02,0.28,0.28,0.28,0.28,0,0.00%,2500
EMIS,2015-01-05,0.2759,0.3149,0.22,0.28,0,0.00%,19700
EMIS,2015-01-06,0.29,0.302,0.29,0.302,0.022,+7.86%,2600
EMIS,2015-01-07,0.31,0.33,0.31,0.32,0.018,+5.96%,28500
EMIS,2015-01-08,0.32,0.32,0.2901,0.2901,-0.0299,-9.34%,1700
EMIS,2015-01-09,0.32,0.32,0.2562,0.3,0.0099,+3.41%,28800
EMIS,2015-01-12,0.3,0.33,0.3,0.33,0.03,+10.00%,16700
EMIS,2015-01-13,0.35,0.38,0.3101,0.38,0.05,+15.15%,102500
EMIS,2015-01-14,0.365,0.38,0.35,0.36,-0.02,-5.26%,18000
EMIS,2015-01-15,0.365,0.365,0.3101,0.34,-0.02,-5.56%,18000
EMIS,2015-01-16,0.32,0.32,0.3001,0.3001,-0.0399,-11.74%,5600
EMIS,2015-01-20,0.34,0.36,0.3005,0.36,0.0599,+19.96%,8800
EMIS,2015-01-21,0.3201,0.36,0.3006,0.3006,-0.0594,-16.50%,9300
EMIS,2015-01-22,0.3006,0.36,0.3006,0.345,0.0444,+14.77%,9900
EMIS,2015-01-23,0.31,0.3202,0.31,0.3202,-0.0248,-7.19%,5800
EMIS,2015-01-26,0.326,0.37,0.3241,0.36,0.0398,+12.43%,49900
EMIS,2015-01-27,0.358,0.4,0.3501,0.397,0.037,+10.28%,197200
EMIS,2015-01-28,0.4,0.4,0.38,0.38,-0.017,-4.28%,31200
EMIS,2015-01-29,0.38,0.38,0.327,0.37,-0.01,-2.63%,20100
EMIS,2015-01-30,0.37,0.4,0.37,0.38,0.01,+2.70%,39100
EMIS,2015-02-02,0.38,0.396,0.38,0.38,0,0.00%,13900
EMIS,2015-02-03,0.3825,0.385,0.3825,0.385,0.005,+1.32%,4300
EMIS,2015-02-04,0.375,0.375,0.375,0.375,-0.01,-2.60%,12000
EMIS,2015-02-05,0.4,0.4,0.37,0.395,0.02,+5.33%,35800
EMIS,2015-02-06,0.39,0.39,0.3401,0.3401,-0.0549,-13.90%,70800
EMIS,2015-02-09,0.386,0.39,0.386,0.39,0.0499,+14.67%,17000
EMIS,2015-02-10,0.38,0.39,0.3551,0.38,-0.01,-2.56%,42200
EMIS,2015-02-11,0.38,0.4,0.3552,0.39,0.01,+2.63%,140000
EMIS,2015-02-12,0.4,0.4,0.39,0.395,0.005,+1.28%,50900
EMIS,2015-02-13,0.39,0.39,0.39,0.39,-0.005,-1.27%,10400
EMIS,2015-02-17,0.39,0.43,0.39,0.43,0.04,+10.26%,218900
EMIS,2015-02-18,0.43,0.44,0.429,0.429,-0.001,-0.23%,75900
EMIS,2015-02-19,0.385,0.4001,0.385,0.4,-0.029,-6.76%,31600
EMIS,2015-02-20,0.506,0.72,0.5,0.6148,0.2148,+53.70%,814500
EMIS,2015-02-23,0.621,0.65,0.493,0.493,-0.1218,-19.81%,422300
EMIS,2015-02-24,0.5399,0.556,0.52,0.555,0.062,+12.58%,122900
EMIS,2015-02-25,0.556,0.624,0.54,0.62,0.065,+11.71%,209500
EMIS,2015-02-26,0.6179,0.6179,0.54,0.56,-0.06,-9.68%,225000
EMIS,2015-02-27,0.5809,0.5989,0.51,0.56,0,0.00%,86000
EMIS,2015-03-02,0.57,0.604,0.56,0.585,0.025,+4.46%,43300
EMIS,2015-03-03,0.595,0.61,0.58,0.58,-0.005,-0.85%,81500
EMIS,2015-03-04,0.5899,0.611,0.5889,0.611,0.031,+5.34%,33900
EMIS,2015-03-05,0.59,0.62,0.55,0.6,-0.011,-1.80%,129000
EMIS,2015-03-06,0.6,0.624,0.5999,0.624,0.024,+4.00%,108000
EMIS,2015-03-09,0.624,0.7,0.6198,0.7,0.076,+12.18%,211300
EMIS,2015-03-10,0.7,0.848,0.69,0.8,0.1,+14.29%,435800
EMIS,2015-03-11,0.799,0.848,0.789,0.8275,0.0275,+3.44%,264700
EMIS,2015-03-12,0.839,0.84,0.788,0.7999,-0.0276,-3.34%,165700
EMIS,2015-03-13,0.788,0.7999,0.712,0.761,-0.0389,-4.86%,69100
EMIS,2015-03-16,0.77,0.78,0.75,0.75,-0.011,-1.45%,25100
EMIS,2015-03-17,0.74,0.744,0.681,0.72,-0.03,-4.00%,92900
EMIS,2015-03-18,0.6921,0.72,0.58,0.622,-0.098,-13.61%,169200
EMIS,2015-03-19,0.65,0.8,0.6421,0.71,0.088,+14.15%,431900
EMIS,2015-03-20,0.7199,0.75,0.6705,0.75,0.04,+5.63%,54900
EMIS,2015-03-23,0.775,0.815,0.75,0.76,0.01,+1.33%,175600
EMIS,2015-03-24,0.77,0.81,0.74,0.774,0.014,+1.84%,190400
EMIS,2015-03-25,0.78,0.78,0.69,0.69,-0.084,-10.85%,138000
EMIS,2015-03-26,0.707,0.729,0.67,0.712,0.022,+3.19%,81800
EMIS,2015-03-27,0.71,0.735,0.71,0.735,0.023,+3.23%,44300
EMIS,2015-03-30,0.734,0.76,0.72,0.72,-0.015,-2.04%,193100
EMIS,2015-03-31,0.74,0.74,0.62,0.66,-0.06,-8.33%,144500
EMIS,2015-04-01,0.655,0.69,0.64,0.69,0.03,+4.55%,65300
EMIS,2015-04-02,0.65,0.679,0.58,0.605,-0.085,-12.32%,279900
EMIS,2015-04-06,0.61,0.6101,0.45,0.475,-0.13,-21.49%,365600
EMIS,2015-04-07,0.4905,0.53,0.4905,0.53,0.055,+11.58%,103200
EMIS,2015-04-08,0.535,0.6,0.502,0.6,0.07,+13.21%,124100
EMIS,2015-04-09,0.58,0.598,0.571,0.59,-0.01,-1.67%,80800
EMIS,2015-04-10,0.595,0.66,0.59,0.66,0.07,+11.86%,196700
EMIS,2015-04-13,0.6698,0.67,0.6,0.64,-0.02,-3.03%,134500
EMIS,2015-04-14,0.6401,0.66,0.61,0.615,-0.025,-3.91%,51400
EMIS,2015-04-15,0.615,0.615,0.6,0.6,-0.015,-2.44%,20700
EMIS,2015-04-16,0.5712,0.5999,0.5499,0.57,-0.03,-5.00%,71500
EMIS,2015-04-17,0.55,0.56,0.5212,0.56,-0.01,-1.75%,33900
EMIS,2015-04-20,0.55,0.55,0.5395,0.54,-0.02,-3.57%,16000
EMIS,2015-04-21,0.5399,0.54,0.521,0.54,0,0.00%,37000
EMIS,2015-04-22,0.51,0.531,0.4851,0.51,-0.03,-5.56%,205500
EMIS,2015-04-23,0.502,0.5098,0.48,0.48,-0.03,-5.88%,103600
EMIS,2015-04-24,0.48,0.49,0.4583,0.48,0,0.00%,29300
EMIS,2015-04-27,0.5,0.58,0.491,0.51,0.03,+6.25%,310500
EMIS,2015-04-28,0.53,0.57,0.492,0.52,0.01,+1.96%,30200
EMIS,2015-04-29,0.4922,0.5489,0.475,0.5269,0.0069,+1.33%,82000
EMIS,2015-04-30,0.5011,0.5149,0.476,0.5119,-0.015,-2.85%,23200
EMIS,2015-05-01,0.472,0.5079,0.472,0.5079,-0.004,-0.78%,1300
EMIS,2015-05-04,0.5079,0.5079,0.4709,0.48,-0.0279,-5.49%,85500
EMIS,2015-05-05,0.485,0.4925,0.4709,0.49,0.01,+2.08%,47800
EMIS,2015-05-06,0.49,0.51,0.471,0.48,-0.01,-2.04%,116700
EMIS,2015-05-07,0.471,0.54,0.471,0.54,0.06,+12.50%,21400
EMIS,2015-05-08,0.5,0.54,0.462,0.462,-0.078,-14.44%,184500
EMIS,2015-05-11,0.48,0.5,0.48,0.5,0.038,+8.23%,76100
EMIS,2015-05-12,0.512,0.52,0.5,0.5,0,0.00%,25100
EMIS,2015-05-13,0.52,0.5625,0.5195,0.5399,0.0399,+7.98%,73000
EMIS,2015-05-14,0.58,0.58,0.45,0.4979,-0.042,-7.78%,49800
EMIS,2015-05-15,0.5,0.5439,0.4501,0.4898,-0.0081,-1.63%,18300
EMIS,2015-05-18,0.51,0.53,0.5,0.525,0.0352,+7.19%,50600
EMIS,2015-05-19,0.5,0.54,0.5,0.528,0.003,+0.57%,68600
EMIS,2015-05-20,0.5011,0.5099,0.485,0.5022,-0.0258,-4.89%,34500
EMIS,2015-05-21,0.49,0.5,0.47,0.491,-0.0112,-2.23%,54500
EMIS,2015-05-22,0.48,0.48,0.45,0.48,-0.011,-2.24%,116800
EMIS,2015-05-26,0.462,0.48,0.45,0.45,-0.03,-6.25%,101200
EMIS,2015-05-27,0.455,0.455,0.43,0.45,0,0.00%,39200
EMIS,2015-05-28,0.43,0.45,0.411,0.43,-0.02,-4.44%,57700
EMIS,2015-05-29,0.415,0.499,0.35,0.4,-0.03,-6.98%,82400
EMIS,2015-06-01,0.4,0.44,0.4,0.44,0.04,+10.00%,22100
EMIS,2015-06-02,0.44,0.44,0.4002,0.41,-0.03,-6.82%,42600
EMIS,2015-06-03,0.41,0.41,0.4,0.408,-0.002,-0.49%,55400
EMIS,2015-06-04,0.41,0.42,0.41,0.42,0.012,+2.94%,52600
EMIS,2015-06-05,0.42,0.46,0.4001,0.41,-0.01,-2.38%,74500
EMIS,2015-06-08,0.505,0.505,0.405,0.43,0.02,+4.88%,4100
EMIS,2015-06-09,0.43,0.43,0.372,0.405,-0.025,-5.81%,23800
EMIS,2015-06-10,0.41,0.4165,0.405,0.415,0.01,+2.47%,29400
EMIS,2015-06-11,0.42,0.42,0.415,0.415,0,0.00%,10100
EMIS,2015-06-15,0.4,0.4,0.4,0.4,-0.015,-3.61%,500
EMIS,2015-06-16,0.4,0.43,0.4,0.41,0.01,+2.50%,102400
EMIS,2015-06-17,0.43,0.43,0.425,0.43,0.02,+4.88%,32200
EMIS,2015-06-18,0.425,0.43,0.4204,0.43,0,0.00%,6000
EMIS,2015-06-19,0.43,0.505,0.43,0.505,0.075,+17.44%,66300
EMIS,2015-06-22,0.5,0.605,0.5,0.55,0.045,+8.91%,177100
EMIS,2015-06-23,0.57,0.58,0.5201,0.5257,-0.0243,-4.42%,24300
EMIS,2015-06-24,0.53,0.53,0.45,0.5,-0.0257,-4.89%,9400
EMIS,2015-06-25,0.54,0.57,0.533,0.533,0.033,+6.60%,9500
EMIS,2015-06-26,0.51,0.9,0.51,0.61,0.077,+14.45%,261300
EMIS,2015-06-29,0.65,0.65,0.56,0.6,-0.01,-1.64%,115800
EMIS,2015-06-30,0.6142,0.64,0.61,0.621,0.021,+3.50%,37900
EMIS,2015-07-01,0.64,0.65,0.62,0.62,-0.001,-0.16%,58300
EMIS,2015-07-02,0.659,0.67,0.625,0.66,0.04,+6.45%,19600
EMIS,2015-07-06,0.66,0.69,0.62,0.68,0.02,+3.03%,128300
EMIS,2015-07-07,0.635,0.71,0.635,0.7,0.02,+2.94%,109800
EMIS,2015-07-08,0.685,0.71,0.65,0.7,0,0.00%,175300
EMIS,2015-07-09,0.7,0.701,0.635,0.67,-0.03,-4.29%,79100
EMIS,2015-07-10,0.71,0.71,0.64,0.66,-0.01,-1.49%,64200
EMIS,2015-07-13,0.71,0.71,0.66,0.6998,0.0398,+6.03%,129200
EMIS,2015-07-14,0.695,0.738,0.69,0.7,0.0002,+0.03%,144200
EMIS,2015-07-15,0.715,0.74,0.71,0.738,0.038,+5.43%,36000
EMIS,2015-07-16,0.738,0.738,0.7,0.738,0,0.00%,56800
EMIS,2015-07-17,0.74,0.74,0.6821,0.73,-0.008,-1.08%,67300
EMIS,2015-07-20,0.74,0.75,0.7,0.74,0.01,+1.37%,61400
EMIS,2015-07-21,0.74,0.74,0.68,0.68,-0.06,-8.11%,108400
EMIS,2015-07-22,0.704,0.704,0.671,0.68,0,0.00%,48400
EMIS,2015-07-23,0.719,0.73,0.5901,0.64,-0.04,-5.88%,73600
EMIS,2015-07-24,0.6001,0.65,0.6001,0.65,0.01,+1.56%,26000
EMIS,2015-07-27,0.64,0.65,0.61,0.65,0,0.00%,39800
EMIS,2015-07-28,0.65,0.6505,0.64,0.64,-0.01,-1.54%,5200
EMIS,2015-07-29,0.65,0.71,0.65,0.71,0.07,+10.94%,17200
EMIS,2015-07-30,0.73,0.76,0.7,0.74,0.03,+4.23%,64500
EMIS,2015-07-31,0.74,0.76,0.7,0.75,0.01,+1.35%,40600
EMIS,2015-08-03,0.74,0.76,0.6401,0.73,-0.02,-2.67%,95200
EMIS,2015-08-04,0.73,0.76,0.71,0.71,-0.02,-2.74%,17900
EMIS,2015-08-05,0.7001,0.77,0.7001,0.76,0.05,+7.04%,92400
EMIS,2015-08-06,0.73,0.78,0.69,0.729,-0.031,-4.08%,126500
EMIS,2015-08-07,0.6901,0.78,0.6901,0.75,0.021,+2.88%,89500
EMIS,2015-08-10,0.74,0.74,0.58,0.58,-0.17,-22.67%,295700
EMIS,2015-08-11,0.581,0.61,0.55,0.61,0.03,+5.17%,61100
EMIS,2015-08-12,0.545,0.6,0.42,0.59,-0.02,-3.28%,287400
EMIS,2015-08-13,0.54,0.612,0.54,0.59,0,0.00%,56400
EMIS,2015-08-14,0.612,0.78,0.612,0.69,0.1,+16.95%,104600
EMIS,2015-08-17,0.6,0.68,0.6,0.65,-0.04,-5.80%,58400
EMIS,2015-08-18,0.78,0.78,0.695,0.7,0.05,+7.69%,91600
EMIS,2015-08-19,0.7,0.71,0.695,0.695,-0.005,-0.71%,26600
EMIS,2015-08-20,0.695,0.6955,0.695,0.6955,0.0005,+0.07%,16700
EMIS,2015-08-21,0.6995,0.74,0.6,0.62,-0.0755,-10.86%,86700
EMIS,2015-08-24,0.6149,0.6149,0.56,0.61,-0.01,-1.61%,81300
EMIS,2015-08-25,0.61,0.71,0.61,0.63,0.02,+3.28%,14800
EMIS,2015-08-26,0.64,0.76,0.62,0.67,0.04,+6.35%,349700
EMIS,2015-08-27,0.72,0.75,0.625,0.64,-0.03,-4.48%,221500
EMIS,2015-08-28,0.68,0.68,0.601,0.65,0.01,+1.56%,43800
EMIS,2015-08-31,0.6,0.65,0.57,0.57,-0.08,-12.31%,42400
EMIS,2015-09-01,0.62,0.66,0.51,0.5499,-0.0201,-3.53%,61700
EMIS,2015-09-02,0.6,0.645,0.5501,0.59,0.0401,+7.29%,99700
EMIS,2015-09-03,0.6449,0.6449,0.6449,0.6449,0.0549,+9.31%,7700
EMIS,2015-09-04,0.6001,0.64,0.5,0.532,-0.1129,-17.51%,63000
EMIS,2015-09-08,0.54,0.56,0.54,0.56,0.028,+5.26%,8700
EMIS,2015-09-09,0.58,0.65,0.58,0.64,0.08,+14.29%,69100
EMIS,2015-09-10,0.63,0.63,0.601,0.61,-0.03,-4.69%,11500
EMIS,2015-09-11,0.61,0.61,0.601,0.601,-0.009,-1.48%,16500
EMIS,2015-09-14,0.601,0.6015,0.601,0.601,0,0.00%,4000
EMIS,2015-09-15,0.601,0.625,0.601,0.601,0,0.00%,6600
EMIS,2015-09-16,0.62,0.62,0.6,0.6,-0.001,-0.17%,16900
EMIS,2015-09-17,0.57,0.6,0.57,0.58,-0.02,-3.33%,18000
EMIS,2015-09-18,0.58,0.58,0.58,0.58,0,0.00%,3000
EMIS,2015-09-21,0.6,0.63,0.5743,0.5743,-0.0057,-0.98%,6500
EMIS,2015-09-23,0.62,0.62,0.575,0.575,0.0007,+0.12%,18400
EMIS,2015-09-24,0.5701,0.6,0.56,0.6,0.025,+4.35%,18900
EMIS,2015-09-25,0.5501,0.56,0.5501,0.56,-0.04,-6.67%,6700
EMIS,2015-09-28,0.56,0.56,0.5101,0.5599,-0.0001,-0.02%,10000
EMIS,2015-09-29,0.5599,0.5599,0.51,0.55,-0.0099,-1.77%,35000
EMIS,2015-09-30,0.55,0.56,0.5121,0.5595,0.0095,+1.73%,36500
EMIS,2015-10-01,0.5595,0.5595,0.52,0.52,-0.0395,-7.06%,23400
EMIS,2015-10-02,0.525,0.5251,0.525,0.525,0.005,+0.96%,17000
EMIS,2015-10-05,0.5224,0.5595,0.5111,0.52,-0.005,-0.95%,13500
EMIS,2015-10-06,0.5595,0.5595,0.511,0.525,0.005,+0.96%,18100
EMIS,2015-10-07,0.525,0.6,0.525,0.5303,0.0053,+1.01%,7300
EMIS,2015-10-08,0.565,0.589,0.53,0.589,0.0587,+11.07%,18100
EMIS,2015-10-09,0.599,0.6,0.57,0.57,-0.019,-3.23%,18300
EMIS,2015-10-12,0.57,0.585,0.5,0.52,-0.05,-8.77%,27600
EMIS,2015-10-13,0.52,0.525,0.51,0.515,-0.005,-0.96%,6500
EMIS,2015-10-14,0.55,0.55,0.5151,0.535,0.02,+3.88%,6700
EMIS,2015-10-15,0.6099,0.7,0.565,0.585,0.05,+9.35%,335900
EMIS,2015-10-16,0.5999,0.62,0.57,0.62,0.035,+5.98%,175300
EMIS,2015-10-19,0.62,0.65,0.62,0.649,0.029,+4.68%,79800
EMIS,2015-10-20,0.649,0.689,0.6201,0.689,0.04,+6.16%,104900
EMIS,2015-10-21,0.68,0.689,0.675,0.684,-0.005,-0.73%,90200
EMIS,2015-10-22,0.689,0.689,0.6209,0.68,-0.004,-0.58%,63900
EMIS,2015-10-23,0.63,0.68,0.62,0.65,-0.03,-4.41%,4800
EMIS,2015-10-26,0.62,0.65,0.62,0.65,0,0.00%,1000
EMIS,2015-10-27,0.625,0.625,0.601,0.625,-0.025,-3.85%,33700
EMIS,2015-10-28,0.65,0.65,0.61,0.62,-0.005,-0.80%,39200
EMIS,2015-10-29,0.61,0.61,0.595,0.6,-0.02,-3.23%,39700
EMIS,2015-10-30,0.57,0.61,0.57,0.605,0.005,+0.83%,44300
EMIS,2015-11-02,0.59,0.59,0.59,0.59,-0.015,-2.48%,100
EMIS,2015-11-03,0.64,0.68,0.64,0.66,0.07,+11.86%,107500
EMIS,2015-11-04,0.665,0.71,0.6002,0.645,-0.015,-2.27%,210000
EMIS,2015-11-05,0.645,0.65,0.645,0.65,0.005,+0.78%,59000
EMIS,2015-11-06,0.645,0.645,0.64,0.64,-0.01,-1.54%,26200
EMIS,2015-11-09,0.65,0.69,0.65,0.65,0.01,+1.56%,59300
EMIS,2015-11-10,0.675,0.71,0.675,0.7,0.05,+7.69%,63400
EMIS,2015-11-11,0.705,0.71,0.675,0.71,0.01,+1.43%,94200
EMIS,2015-11-12,0.71,0.71,0.68,0.68,-0.03,-4.23%,20500
EMIS,2015-11-13,0.68,0.72,0.68,0.7,0.02,+2.94%,41600
EMIS,2015-11-16,0.675,0.72,0.65,0.65,-0.05,-7.14%,54100
EMIS,2015-11-17,0.67,0.67,0.65,0.66,0.01,+1.54%,20900
EMIS,2015-11-18,0.6998,0.6998,0.65,0.68,0.02,+3.03%,17400
EMIS,2015-11-19,0.6999,0.7,0.66,0.67,-0.01,-1.47%,41400
EMIS,2015-11-20,0.66,0.68,0.62,0.64,-0.03,-4.48%,27000
EMIS,2015-11-23,0.6799,0.6799,0.62,0.64,0,0.00%,15100
EMIS,2015-11-24,0.65,0.6798,0.65,0.67,0.03,+4.69%,9300
EMIS,2015-11-25,0.68,0.7,0.67,0.675,0.005,+0.75%,26700
EMIS,2015-11-27,0.7,0.72,0.6501,0.701,0.026,+3.85%,85100
EMIS,2015-11-30,0.71,0.7499,0.7,0.702,0.001,+0.14%,204800
EMIS,2015-12-01,0.72,0.72,0.702,0.702,0,0.00%,32400
EMIS,2015-12-02,0.702,0.7139,0.68,0.7139,0.0119,+1.70%,41900
EMIS,2015-12-03,0.72,0.7399,0.714,0.725,0.0111,+1.55%,40900
EMIS,2015-12-04,0.7225,0.7225,0.7,0.7,-0.025,-3.45%,48900
EMIS,2015-12-07,0.7225,0.7225,0.7,0.7,0,0.00%,39900
EMIS,2015-12-08,0.675,0.6971,0.67,0.69,-0.01,-1.43%,90500
EMIS,2015-12-09,0.69,0.69,0.675,0.6765,-0.0135,-1.96%,27900
EMIS,2015-12-10,0.65,0.69,0.65,0.67,-0.0065,-0.96%,23600
EMIS,2015-12-11,0.7,0.7,0.66,0.6775,0.0075,+1.12%,61000
EMIS,2015-12-14,0.6825,0.75,0.665,0.67,-0.0075,-1.11%,87000
EMIS,2015-12-15,0.67,0.73,0.665,0.73,0.06,+8.96%,23300
EMIS,2015-12-16,0.6653,0.745,0.6653,0.73,0,0.00%,822100
EMIS,2015-12-17,0.73,0.74,0.725,0.73,0,0.00%,24000
EMIS,2015-12-18,0.725,0.75,0.7,0.74,0.01,+1.37%,91300
EMIS,2015-12-21,0.75,0.75,0.6709,0.671,-0.069,-9.32%,75700
EMIS,2015-12-22,0.689,0.69,0.6702,0.6702,-0.0008,-0.12%,47100
EMIS,2015-12-23,0.672,0.7,0.672,0.68,0.0098,+1.46%,45000
EMIS,2015-12-24,0.6622,0.685,0.6622,0.682,0.002,+0.29%,25300
EMIS,2015-12-28,0.671,0.682,0.6622,0.6666,-0.0154,-2.26%,14500
EMIS,2015-12-29,0.6666,0.6666,0.66,0.66,-0.0066,-0.99%,19000
EMIS,2015-12-30,0.65,0.71,0.65,0.71,0.05,+7.58%,21500
EMIS,2015-12-31,0.71,0.71,0.675,0.675,-0.035,-4.93%,42800
EMIS,2016-01-04,0.671,0.6715,0.65,0.66,-0.015,-2.22%,15100
EMIS,2016-01-05,0.6615,0.675,0.64,0.64,-0.02,-3.03%,14800
EMIS,2016-01-06,0.64,0.64,0.64,0.64,0,0.00%,7100
EMIS,2016-01-07,0.66,0.66,0.64,0.64,0,0.00%,29000
EMIS,2016-01-08,0.64,0.67,0.64,0.64,0,0.00%,16700
EMIS,2016-01-11,0.655,0.655,0.6,0.6,-0.04,-6.25%,50200
EMIS,2016-01-12,0.6,0.625,0.6,0.625,0.025,+4.17%,10100
EMIS,2016-01-13,0.625,0.6698,0.5751,0.5751,-0.0499,-7.98%,22400
EMIS,2016-01-14,0.6101,0.65,0.6101,0.64,0.0649,+11.28%,74000
EMIS,2016-01-15,0.62,0.6205,0.6,0.605,-0.035,-5.47%,9900
EMIS,2016-01-19,0.605,0.605,0.5751,0.5751,-0.0299,-4.94%,22500
EMIS,2016-01-20,0.58,0.6,0.575,0.58,0.0049,+0.85%,37500
EMIS,2016-01-21,0.6,0.6,0.585,0.585,0.005,+0.86%,9000
EMIS,2016-01-22,0.585,0.6399,0.58,0.6345,0.0495,+8.46%,23500
EMIS,2016-01-25,0.635,0.6999,0.625,0.625,-0.0095,-1.50%,11700
EMIS,2016-01-26,0.66,0.6605,0.6,0.635,0.01,+1.60%,60300
EMIS,2016-01-27,0.64,0.65,0.63,0.64,0.005,+0.79%,7200
EMIS,2016-01-28,0.65,0.65,0.5601,0.595,-0.045,-7.03%,8600
EMIS,2016-01-29,0.6,0.6399,0.6,0.635,0.04,+6.72%,10600
EMIS,2016-02-01,0.639,0.639,0.5951,0.6299,-0.0051,-0.80%,15300
EMIS,2016-02-02,0.6269,0.6284,0.57,0.58,-0.0499,-7.92%,26500
EMIS,2016-02-03,0.602,0.6025,0.602,0.6025,0.0225,+3.88%,1000
EMIS,2016-02-04,0.6025,0.6025,0.6025,0.6025,0,0.00%,700
EMIS,2016-02-05,0.6,0.6,0.58,0.58,-0.0225,-3.73%,19400
EMIS,2016-02-08,0.5912,0.6,0.575,0.575,-0.005,-0.86%,35500
EMIS,2016-02-09,0.575,0.58,0.56,0.57,-0.005,-0.87%,36700
EMIS,2016-02-10,0.58,0.58,0.565,0.565,-0.005,-0.88%,14700
EMIS,2016-02-11,0.595,0.595,0.56,0.56,-0.005,-0.88%,29200
EMIS,2016-02-12,0.56,0.57,0.55,0.55,-0.01,-1.79%,44200
EMIS,2016-02-16,0.55,0.55,0.52,0.52,-0.03,-5.45%,21100
EMIS,2016-02-17,0.545,0.545,0.5,0.5,-0.02,-3.85%,40000
EMIS,2016-02-18,0.5,0.525,0.48,0.48,-0.02,-4.00%,58200
EMIS,2016-02-19,0.49,0.49,0.4785,0.48,0,0.00%,48200
EMIS,2016-02-22,0.48,0.5,0.46,0.47,-0.01,-2.08%,15400
EMIS,2016-02-23,0.5,0.545,0.47,0.545,0.075,+15.96%,23500
EMIS,2016-02-24,0.4901,0.4901,0.49,0.4901,-0.0549,-10.07%,3700
EMIS,2016-02-25,0.49,0.49,0.49,0.49,-0.0001,-0.02%,3000
EMIS,2016-02-26,0.5,0.55,0.5,0.539,0.049,+10.00%,10000
EMIS,2016-02-29,0.52,0.52,0.4701,0.51,-0.029,-5.38%,22100
EMIS,2016-03-01,0.51,0.55,0.51,0.5401,0.0301,+5.90%,18900
EMIS,2016-03-02,0.5479,0.56,0.5479,0.56,0.0199,+3.68%,13800
EMIS,2016-03-03,0.5545,0.555,0.55,0.55,-0.01,-1.79%,16000
EMIS,2016-03-04,0.55,0.59,0.55,0.56,0.01,+1.82%,22300
EMIS,2016-03-07,0.58,0.64,0.56,0.6,0.04,+7.14%,25600
EMIS,2016-03-08,0.57,0.5999,0.52,0.5302,-0.0698,-11.63%,8400
EMIS,2016-03-09,0.57,0.62,0.57,0.61,0.0798,+15.05%,31100
EMIS,2016-03-10,0.6,0.6,0.5511,0.552,-0.058,-9.51%,8200
EMIS,2016-03-11,0.555,0.5699,0.555,0.565,0.013,+2.36%,5000
EMIS,2016-03-14,0.565,0.64,0.565,0.635,0.07,+12.39%,36600
EMIS,2016-03-15,0.64,0.64,0.63,0.63,-0.005,-0.79%,12800
EMIS,2016-03-16,0.58,0.624,0.58,0.624,-0.006,-0.95%,17700
EMIS,2016-03-17,0.61,0.64,0.61,0.64,0.016,+2.56%,87000
EMIS,2016-03-18,0.63,0.64,0.63,0.64,0,0.00%,4000
EMIS,2016-03-21,0.64,0.64,0.6275,0.635,-0.005,-0.78%,8800
EMIS,2016-03-22,0.6002,0.63,0.6002,0.63,-0.005,-0.79%,98500
EMIS,2016-03-23,0.63,0.635,0.62,0.63,0,0.00%,17300
EMIS,2016-03-24,0.63,0.635,0.63,0.63,0,0.00%,40300
EMIS,2016-03-28,0.61,0.62,0.58,0.58,-0.05,-7.94%,38000
EMIS,2016-03-29,0.585,0.59,0.5119,0.57,-0.01,-1.72%,35700
EMIS,2016-03-30,0.57,0.57,0.56,0.56,-0.01,-1.75%,5000
EMIS,2016-03-31,0.635,0.65,0.5498,0.65,0.09,+16.07%,118400
EMIS,2016-04-01,0.65,0.7,0.62,0.68,0.03,+4.62%,383300
EMIS,2016-04-04,0.69,0.69,0.67,0.67,-0.01,-1.47%,21500
EMIS,2016-04-05,0.67,0.67,0.65,0.67,0,0.00%,9500
EMIS,2016-04-06,0.65,0.67,0.65,0.67,0,0.00%,14000
EMIS,2016-04-07,0.65,0.67,0.6485,0.66,-0.01,-1.49%,23100
EMIS,2016-04-08,0.65,0.66,0.6454,0.65,-0.01,-1.52%,41000
EMIS,2016-04-11,0.63,0.6548,0.6,0.6548,0.0048,+0.74%,46900
EMIS,2016-04-12,0.6523,0.6548,0.63,0.65,-0.0048,-0.73%,28600
EMIS,2016-04-13,0.655,0.665,0.65,0.665,0.015,+2.31%,44800
EMIS,2016-04-14,0.665,0.665,0.66,0.66,-0.005,-0.75%,29000
EMIS,2016-04-15,0.6644,0.68,0.65,0.68,0.02,+3.03%,121400
EMIS,2016-04-18,0.676,0.68,0.66,0.67,-0.01,-1.47%,61900
EMIS,2016-04-19,0.6601,0.68,0.66,0.6685,-0.0015,-0.22%,33500
EMIS,2016-04-20,0.675,0.6845,0.59,0.61,-0.0585,-8.75%,126000
EMIS,2016-04-21,0.65,0.655,0.61,0.6536,0.0436,+7.15%,43200
EMIS,2016-04-22,0.67,0.67,0.6499,0.655,0.0014,+0.21%,12800
EMIS,2016-04-25,0.635,0.655,0.63,0.63,-0.025,-3.82%,15100
EMIS,2016-04-26,0.632,0.655,0.63,0.635,0.005,+0.79%,28000
EMIS,2016-04-27,0.6466,0.6466,0.635,0.645,0.01,+1.57%,12900
EMIS,2016-04-28,0.645,0.67,0.643,0.67,0.025,+3.88%,42900
EMIS,2016-04-29,0.67,0.67,0.66,0.66,-0.01,-1.49%,19600
EMIS,2016-05-02,0.66,0.67,0.64,0.6573,-0.0027,-0.41%,41500
EMIS,2016-05-03,0.665,0.665,0.6201,0.64,-0.0173,-2.63%,12000
EMIS,2016-05-04,0.63,0.65,0.63,0.65,0.01,+1.56%,11300
EMIS,2016-05-05,0.65,0.66,0.6201,0.66,0.01,+1.54%,27000
EMIS,2016-05-06,0.6423,0.6423,0.59,0.59,-0.07,-10.61%,28800
EMIS,2016-05-09,0.625,0.625,0.6,0.625,0.035,+5.93%,23100
EMIS,2016-05-10,0.6249,0.6249,0.6,0.6,-0.025,-4.00%,14200
EMIS,2016-05-11,0.57,0.63,0.56,0.63,0.03,+5.00%,21700
EMIS,2016-05-12,0.63,0.63,0.59,0.59,-0.04,-6.35%,6700
EMIS,2016-05-13,0.6,0.6,0.5801,0.5935,0.0035,+0.59%,8900
EMIS,2016-05-16,0.5786,0.65,0.505,0.6354,0.0419,+7.06%,103200
EMIS,2016-05-17,0.625,0.629,0.6077,0.61,-0.0254,-4.00%,38300
EMIS,2016-05-18,0.6,0.62,0.58,0.62,0.01,+1.64%,10600
EMIS,2016-05-19,0.6,0.63,0.6,0.62,0,0.00%,23800
EMIS,2016-05-20,0.62,0.64,0.6,0.62,0,0.00%,125500
EMIS,2016-05-23,0.63,0.7079,0.63,0.7,0.08,+12.90%,325900
EMIS,2016-05-24,0.6851,0.72,0.665,0.72,0.02,+2.86%,94500
EMIS,2016-05-25,0.72,0.815,0.72,0.779,0.059,+8.19%,262800
EMIS,2016-05-26,0.779,0.788,0.75,0.78,0.001,+0.13%,57100
EMIS,2016-05-27,0.78,0.79,0.71,0.75,-0.03,-3.85%,104300
EMIS,2016-05-31,0.76,0.79,0.76,0.76,0.01,+1.33%,20100
EMIS,2016-06-01,0.76,0.87,0.74,0.8654,0.1054,+13.87%,229400
EMIS,2016-06-02,0.88,0.905,0.83,0.8713,0.0059,+0.68%,155300
EMIS,2016-06-03,0.88,0.88,0.85,0.87,-0.0013,-0.15%,75700
EMIS,2016-06-06,0.86,0.86,0.81,0.85,-0.02,-2.30%,186300
EMIS,2016-06-07,0.85,0.85,0.84,0.85,0,0.00%,114800
EMIS,2016-06-08,0.85,0.89,0.76,0.76,-0.09,-10.59%,317900
EMIS,2016-06-09,0.76,0.81,0.645,0.645,-0.115,-15.13%,355300
EMIS,2016-06-10,0.69,0.72,0.645,0.72,0.075,+11.63%,35700
EMIS,2016-06-13,0.72,0.72,0.655,0.655,-0.065,-9.03%,26800
EMIS,2016-06-14,0.6999,0.76,0.65,0.74,0.085,+12.98%,168500
EMIS,2016-06-15,0.74,0.74,0.74,0.74,0,0.00%,1000
EMIS,2016-06-16,0.74,0.74,0.72,0.73,-0.01,-1.35%,10900
EMIS,2016-06-17,0.73,0.795,0.71,0.785,0.055,+7.53%,79200
EMIS,2016-06-20,0.76,0.78,0.71,0.74,-0.045,-5.73%,57900
EMIS,2016-06-21,0.74,0.78,0.725,0.78,0.04,+5.41%,31600
EMIS,2016-06-23,0.76,0.76,0.6989,0.71,-0.07,-8.97%,20300
EMIS,2016-06-24,0.6501,0.7199,0.65,0.7199,0.0099,+1.39%,45700
EMIS,2016-06-27,0.72,0.72,0.5924,0.705,-0.0149,-2.07%,215500
EMIS,2016-06-28,0.7025,0.7025,0.67,0.68,-0.025,-3.55%,7800
EMIS,2016-06-29,0.67,0.7,0.66,0.7,0.02,+2.94%,34700
EMIS,2016-06-30,0.7,0.7,0.68,0.68,-0.02,-2.86%,900
EMIS,2016-07-01,0.69,0.74,0.68,0.735,0.055,+8.09%,16500
EMIS,2016-07-05,0.695,0.75,0.685,0.75,0.015,+2.04%,35000
EMIS,2016-07-06,0.75,0.75,0.72,0.75,0,0.00%,17000
EMIS,2016-07-07,0.78,0.78,0.65,0.74,-0.01,-1.33%,39600
EMIS,2016-07-08,0.74,0.76,0.72,0.76,0.02,+2.70%,18700
EMIS,2016-07-11,0.76,0.8,0.72,0.796,0.036,+4.74%,72200
EMIS,2016-07-12,0.796,0.796,0.64,0.74,-0.056,-7.04%,256900
EMIS,2016-07-13,0.69,0.69,0.655,0.685,-0.055,-7.43%,5400
EMIS,2016-07-14,0.7,0.7154,0.7,0.7,0.015,+2.19%,9500
EMIS,2016-07-15,0.7,0.73,0.7,0.7,0,0.00%,6300
EMIS,2016-07-18,0.7,0.7,0.7,0.7,0,0.00%,1500
EMIS,2016-07-19,0.69,0.72,0.69,0.72,0.02,+2.86%,6700
EMIS,2016-07-20,0.7,0.71,0.7,0.7,-0.02,-2.78%,18600
EMIS,2016-07-21,0.7,0.7,0.655,0.655,-0.045,-6.43%,16800
EMIS,2016-07-22,0.7,0.71,0.68,0.71,0.055,+8.40%,17000
EMIS,2016-07-25,0.71,0.71,0.66,0.66,-0.05,-7.04%,39700
EMIS,2016-07-26,0.72,0.73,0.7185,0.72,0.06,+9.09%,13400
EMIS,2016-07-27,0.7154,0.72,0.7154,0.72,0,0.00%,200
EMIS,2016-07-28,0.7,0.7,0.63,0.65,-0.07,-9.72%,62000
EMIS,2016-07-29,0.68,0.71,0.67,0.67,0.02,+3.08%,11700
EMIS,2016-08-01,0.66,0.7,0.6501,0.6599,-0.0101,-1.51%,13900
EMIS,2016-08-02,0.65,0.675,0.65,0.655,-0.0049,-0.74%,14700
EMIS,2016-08-03,0.6568,0.69,0.655,0.69,0.035,+5.34%,3200
EMIS,2016-08-04,0.69,0.7,0.655,0.7,0.01,+1.45%,27900
EMIS,2016-08-05,0.71,0.71,0.71,0.71,0.01,+1.43%,2000
EMIS,2016-08-08,0.68,0.7,0.68,0.7,-0.01,-1.41%,2500
EMIS,2016-08-09,0.69,0.74,0.68,0.72,0.02,+2.86%,27500
EMIS,2016-08-10,0.72,0.72,0.7,0.72,0,0.00%,2300
EMIS,2016-08-11,0.7154,0.72,0.65,0.66,-0.06,-8.33%,39600
EMIS,2016-08-12,0.66,0.66,0.6001,0.65,-0.01,-1.52%,53500
EMIS,2016-08-15,0.66,0.66,0.5954,0.6375,-0.0125,-1.92%,101400
EMIS,2016-08-16,0.67,0.69,0.66,0.66,0.0225,+3.53%,14800
EMIS,2016-08-18,0.7,0.7,0.65,0.69,0.03,+4.55%,15600
EMIS,2016-08-19,0.69,0.7,0.68,0.69,0,0.00%,12600
EMIS,2016-08-22,0.7,0.72,0.655,0.68,-0.01,-1.45%,25500
EMIS,2016-08-23,0.7,0.75,0.68,0.7,0.02,+2.94%,31300
EMIS,2016-08-24,0.685,0.74,0.685,0.695,-0.005,-0.71%,36400
EMIS,2016-08-25,0.695,0.705,0.69,0.705,0.01,+1.44%,6000
EMIS,2016-08-26,0.69,0.69,0.68,0.69,-0.015,-2.13%,7000
EMIS,2016-08-29,0.68,0.715,0.67,0.68,-0.01,-1.45%,15700
EMIS,2016-08-30,0.6501,0.72,0.6501,0.72,0.04,+5.88%,29700
EMIS,2016-08-31,0.66,0.715,0.65,0.715,-0.005,-0.69%,18000
EMIS,2016-09-01,0.64,0.7,0.63,0.664,-0.051,-7.13%,43600
EMIS,2016-09-02,0.66,0.66,0.6,0.655,-0.009,-1.36%,32800
EMIS,2016-09-06,0.64,0.68,0.62,0.68,0.025,+3.82%,19000
EMIS,2016-09-07,0.64,0.665,0.64,0.665,-0.015,-2.21%,14300
EMIS,2016-09-08,0.675,0.675,0.6101,0.66,-0.005,-0.75%,18600
EMIS,2016-09-09,0.6725,0.6864,0.67,0.673,0.013,+1.97%,18000
EMIS,2016-09-12,0.7099,0.7099,0.673,0.705,0.032,+4.75%,11500
EMIS,2016-09-13,0.685,0.685,0.685,0.685,-0.02,-2.84%,1000
EMIS,2016-09-14,0.685,0.74,0.685,0.73,0.045,+6.57%,26700
EMIS,2016-09-15,0.7,0.73,0.7,0.7102,-0.0198,-2.71%,13000
EMIS,2016-09-16,0.705,0.74,0.7,0.7,-0.0102,-1.44%,42500
EMIS,2016-09-19,0.71,0.75,0.7,0.71,0.01,+1.43%,42800
EMIS,2016-09-20,0.71,0.73,0.7,0.727,0.017,+2.39%,26100
EMIS,2016-09-21,0.7,0.722,0.68,0.69,-0.037,-5.09%,11600
EMIS,2016-09-22,0.68,0.745,0.68,0.745,0.055,+7.97%,35900
EMIS,2016-09-23,0.72,0.75,0.695,0.695,-0.05,-6.71%,10800
EMIS,2016-09-26,0.7,0.7001,0.7,0.7,0.005,+0.72%,16500
EMIS,2016-09-27,0.7,0.72,0.7,0.7,0,0.00%,2700
EMIS,2016-09-28,0.7,0.7,0.6846,0.7,0,0.00%,27900
EMIS,2016-09-29,0.69,0.73,0.69,0.71,0.01,+1.43%,15500
EMIS,2016-09-30,0.69,0.73,0.69,0.7,-0.01,-1.41%,24800
EMIS,2016-10-03,0.7,0.71,0.6909,0.6909,-0.0091,-1.30%,11700
EMIS,2016-10-04,0.6909,0.7,0.6909,0.7,0.0091,+1.32%,700
EMIS,2016-10-05,0.7,0.7,0.6901,0.6901,-0.0099,-1.41%,4700
EMIS,2016-10-06,0.6901,0.7,0.6752,0.7,0.0099,+1.43%,41100
EMIS,2016-10-07,0.6751,0.72,0.675,0.715,0.015,+2.14%,7400
EMIS,2016-10-10,0.7035,0.705,0.675,0.705,-0.01,-1.40%,16800
EMIS,2016-10-11,0.705,0.705,0.6775,0.6775,-0.0275,-3.90%,1400
EMIS,2016-10-12,0.675,0.68,0.675,0.68,0.0025,+0.37%,4000
EMIS,2016-10-13,0.695,0.695,0.661,0.661,-0.019,-2.79%,4600
EMIS,2016-10-14,0.66,0.68,0.651,0.68,0.019,+2.87%,58900
EMIS,2016-10-17,0.67,0.6825,0.66,0.6825,0.0025,+0.37%,23600
EMIS,2016-10-18,0.66,0.685,0.651,0.67,-0.0125,-1.83%,42800
EMIS,2016-10-19,0.651,0.67,0.651,0.67,0,0.00%,85600
EMIS,2016-10-20,0.66,0.6677,0.66,0.66,-0.01,-1.49%,19400
EMIS,2016-10-21,0.66,0.68,0.66,0.66,0,0.00%,13500
EMIS,2016-10-25,0.66,0.68,0.66,0.66,0,0.00%,1600
EMIS,2016-10-26,0.66,0.67,0.66,0.67,0.01,+1.52%,2000
EMIS,2016-10-27,0.67,0.6986,0.67,0.6986,0.0286,+4.27%,7000
EMIS,2016-10-28,0.66,0.6986,0.64,0.65,-0.0486,-6.96%,33800
EMIS,2016-10-31,0.648,0.6986,0.64,0.6986,0.0486,+7.48%,19200
EMIS,2016-11-01,0.6986,0.71,0.69,0.7,0.0014,+0.20%,37100
EMIS,2016-11-02,0.7,0.715,0.7,0.7,0,0.00%,81300
EMIS,2016-11-03,0.703,0.705,0.66,0.665,-0.035,-5.00%,117700
EMIS,2016-11-04,0.6601,0.67,0.6601,0.67,0.005,+0.75%,1200
EMIS,2016-11-07,0.6776,0.703,0.67,0.67,0,0.00%,9100
EMIS,2016-11-08,0.67,0.703,0.66,0.665,-0.005,-0.75%,21600
EMIS,2016-11-09,0.665,0.665,0.665,0.665,0,0.00%,2000
EMIS,2016-11-10,0.67,0.7,0.67,0.67,0.005,+0.75%,8800
EMIS,2016-11-11,0.66,0.71,0.66,0.695,0.025,+3.73%,17600
EMIS,2016-11-14,0.69,0.71,0.69,0.695,0,0.00%,23300
EMIS,2016-11-15,0.69,0.71,0.68,0.68,-0.015,-2.16%,56300
EMIS,2016-11-16,0.685,0.6869,0.68,0.68,0,0.00%,25000
EMIS,2016-11-17,0.68,0.695,0.68,0.695,0.015,+2.21%,11600
EMIS,2016-11-18,0.6825,0.695,0.6825,0.6912,-0.0038,-0.55%,10300
EMIS,2016-11-21,0.6938,0.695,0.6938,0.695,0.0038,+0.55%,7500
EMIS,2016-11-22,0.695,0.7,0.69,0.69,-0.005,-0.72%,90700
EMIS,2016-11-23,0.6925,0.695,0.69,0.69,0,0.00%,6400
EMIS,2016-11-25,0.69,0.69,0.69,0.69,0,0.00%,3700
EMIS,2016-11-28,0.69,0.69,0.69,0.69,0,0.00%,12600
EMIS,2016-11-29,0.695,0.695,0.67,0.6898,-0.0002,-0.03%,54800
EMIS,2016-11-30,0.67,0.695,0.67,0.695,0.0052,+0.75%,39700
EMIS,2016-12-01,0.695,0.695,0.63,0.64,-0.055,-7.91%,26100
EMIS,2016-12-02,0.63,0.65,0.61,0.62,-0.02,-3.13%,32500
EMIS,2016-12-05,0.6,0.65,0.6,0.64,0.02,+3.23%,15600
EMIS,2016-12-06,0.6,0.65,0.5849,0.6051,-0.0349,-5.45%,29800
EMIS,2016-12-07,0.62,0.65,0.62,0.65,0.0449,+7.42%,5100
EMIS,2016-12-08,0.6269,0.65,0.6142,0.6142,-0.0358,-5.51%,28200
EMIS,2016-12-09,0.64,0.66,0.62,0.62,0.0058,+0.94%,30700
EMIS,2016-12-12,0.6199,0.6234,0.58,0.62,0,0.00%,27200
EMIS,2016-12-13,0.635,0.635,0.62,0.6349,0.0149,+2.40%,14000
EMIS,2016-12-14,0.635,0.65,0.635,0.64,0.0051,+0.80%,20900
EMIS,2016-12-15,0.64,0.6497,0.61,0.61,-0.03,-4.69%,23300
EMIS,2016-12-16,0.6115,0.62,0.6,0.6,-0.01,-1.64%,3500
EMIS,2016-12-19,0.6,0.61,0.575,0.575,-0.025,-4.17%,28900
EMIS,2016-12-20,0.6,0.61,0.59,0.61,0.035,+6.09%,9100
EMIS,2016-12-21,0.6,0.61,0.6,0.61,0,0.00%,7200
EMIS,2016-12-22,0.608,0.62,0.575,0.6,-0.01,-1.64%,22500
EMIS,2016-12-23,0.5999,0.62,0.575,0.59,-0.01,-1.67%,40000
EMIS,2016-12-27,0.6,0.61,0.6,0.605,0.015,+2.54%,25200
EMIS,2016-12-28,0.61,0.62,0.6,0.61,0.005,+0.83%,41400
EMIS,2016-12-29,0.6005,0.6005,0.591,0.591,-0.019,-3.11%,42700
EMIS,2016-12-30,0.5955,0.6,0.575,0.6,0.009,+1.52%,69900
EMIS,2017-01-03,0.58,0.6,0.58,0.59,-0.01,-1.67%,27800
EMIS,2017-01-04,0.58,0.59,0.55,0.5899,-0.0001,-0.02%,45200
EMIS,2017-01-05,0.5897,0.6,0.57,0.6,0.0101,+1.71%,49600
EMIS,2017-01-06,0.57,0.584,0.52,0.579,-0.021,-3.50%,128000
EMIS,2017-01-09,0.579,0.585,0.555,0.5608,-0.0182,-3.14%,45400
EMIS,2017-01-10,0.57,0.57,0.555,0.555,-0.0058,-1.03%,4700
EMIS,2017-01-11,0.556,0.565,0.54,0.56,0.005,+0.90%,32000
EMIS,2017-01-12,0.54,0.565,0.51,0.52,-0.04,-7.14%,62100
EMIS,2017-01-13,0.525,0.5472,0.45,0.501,-0.019,-3.65%,66300
EMIS,2017-01-17,0.501,0.54,0.48,0.5,-0.001,-0.20%,27000
EMIS,2017-01-18,0.5374,0.5374,0.4827,0.535,0.035,+7.00%,3600
EMIS,2017-01-19,0.5374,0.54,0.5,0.5285,-0.0065,-1.21%,15100
EMIS,2017-01-20,0.5,0.5253,0.5,0.5039,-0.0246,-4.65%,11600
EMIS,2017-01-24,0.48,0.5196,0.46,0.46,-0.0439,-8.71%,48000
EMIS,2017-01-25,0.46,0.52,0.46,0.52,0.06,+13.04%,44600
EMIS,2017-01-26,0.5175,0.53,0.4,0.451,-0.069,-13.27%,109600
EMIS,2017-01-27,0.46,0.48,0.46,0.48,0.029,+6.43%,12000
EMIS,2017-01-30,0.48,0.48,0.433,0.4754,-0.0046,-0.96%,14000
EMIS,2017-01-31,0.47,0.5199,0.47,0.5199,0.0445,+9.36%,38200
EMIS,2017-02-01,0.52,0.52,0.515,0.52,0.0001,+0.02%,123000
EMIS,2017-02-02,0.504,0.52,0.4541,0.52,0,0.00%,39100
EMIS,2017-02-03,0.52,0.52,0.5194,0.5194,-0.0006,-0.12%,4300
EMIS,2017-02-07,0.52,0.52,0.484,0.52,0.0006,+0.12%,8700
EMIS,2017-02-08,0.52,0.53,0.465,0.53,0.01,+1.92%,6600
EMIS,2017-02-09,0.53,0.53,0.52,0.53,0,0.00%,29800
EMIS,2017-02-10,0.495,0.53,0.46,0.5299,-0.0001,-0.02%,25700
EMIS,2017-02-13,0.4995,0.5199,0.4894,0.5199,-0.01,-1.89%,1500
EMIS,2017-02-14,0.4864,0.53,0.4861,0.53,0.0101,+1.94%,6600
EMIS,2017-02-15,0.518,0.529,0.446,0.5245,-0.0055,-1.04%,47800
EMIS,2017-02-16,0.4701,0.525,0.4701,0.51,-0.0145,-2.76%,3800
EMIS,2017-02-17,0.5249,0.5249,0.4701,0.5,-0.01,-1.96%,12100
EMIS,2017-02-21,0.4584,0.51,0.445,0.51,0.01,+2.00%,62500
EMIS,2017-02-22,0.49,0.5,0.47,0.4999,-0.0101,-1.98%,44900
EMIS,2017-02-23,0.497,0.51,0.4621,0.4716,-0.0283,-5.66%,48200
EMIS,2017-02-24,0.4701,0.5099,0.4701,0.5099,0.0383,+8.12%,13000
EMIS,2017-02-27,0.51,0.51,0.4712,0.51,0.0001,+0.02%,14700
EMIS,2017-02-28,0.51,0.51,0.478,0.48,-0.03,-5.88%,6900
EMIS,2017-03-01,0.48,0.492,0.475,0.4801,0.0001,+0.02%,22300
EMIS,2017-03-02,0.505,0.505,0.476,0.48,-0.0001,-0.02%,23800
EMIS,2017-03-03,0.48,0.51,0.476,0.51,0.03,+6.25%,50200
EMIS,2017-03-06,0.51,0.51,0.4801,0.51,0,0.00%,6200
EMIS,2017-03-07,0.51,0.51,0.4991,0.51,0,0.00%,33900
EMIS,2017-03-08,0.481,0.505,0.476,0.476,-0.034,-6.67%,4500
EMIS,2017-03-09,0.476,0.505,0.44,0.46,-0.016,-3.36%,99300
EMIS,2017-03-10,0.48,0.49,0.4475,0.45,-0.01,-2.17%,39200
EMIS,2017-03-13,0.48,0.5,0.48,0.5,0.05,+11.11%,18200
EMIS,2017-03-14,0.49,0.5,0.49,0.491,-0.009,-1.80%,44800
EMIS,2017-03-15,0.5,0.5,0.476,0.49,-0.001,-0.20%,1500
EMIS,2017-03-16,0.5,0.5,0.48,0.49,0,0.00%,18300
EMIS,2017-03-17,0.5,0.5,0.48,0.5,0.01,+2.04%,14400
EMIS,2017-03-20,0.48,0.5,0.48,0.4999,-0.0001,-0.02%,103900
EMIS,2017-03-21,0.5,0.5,0.48,0.5,0.0001,+0.02%,26200
EMIS,2017-03-22,0.5,0.5,0.48,0.5,0,0.00%,14500
EMIS,2017-03-23,0.48,0.48,0.46,0.46,-0.04,-8.00%,57700
EMIS,2017-03-24,0.5,0.5,0.48,0.5,0.04,+8.70%,28600
EMIS,2017-03-27,0.5,0.5,0.5,0.5,0,0.00%,200
EMIS,2017-03-28,0.48,0.495,0.46,0.495,-0.005,-1.00%,30000
EMIS,2017-03-29,0.495,0.5,0.46,0.46,-0.035,-7.07%,155200
EMIS,2017-03-30,0.46,0.49,0.46,0.48,0.02,+4.35%,10700
EMIS,2017-03-31,0.49,0.49,0.472,0.472,-0.008,-1.67%,14600
EMIS,2017-04-03,0.48,0.485,0.4502,0.47,-0.002,-0.42%,17400
EMIS,2017-04-04,0.46,0.48,0.46,0.47,0,0.00%,21100
EMIS,2017-04-05,0.45,0.47,0.45,0.47,0,0.00%,79300
EMIS,2017-04-06,0.45,0.48,0.45,0.4625,-0.0075,-1.60%,11600
EMIS,2017-04-07,0.465,0.465,0.4251,0.4599,-0.0026,-0.56%,13700
EMIS,2017-04-10,0.42,0.4899,0.42,0.48,0.0201,+4.37%,80300
EMIS,2017-04-11,0.4899,0.49,0.436,0.4795,-0.0005,-0.10%,29200
EMIS,2017-04-12,0.4403,0.4898,0.4403,0.4898,0.0103,+2.15%,41600
EMIS,2017-04-13,0.465,0.485,0.46,0.4848,-0.005,-1.02%,7100
EMIS,2017-04-17,0.45,0.485,0.45,0.48,-0.0048,-0.99%,33000
EMIS,2017-04-18,0.48,0.49,0.465,0.48,0,0.00%,60500
EMIS,2017-04-19,0.48,0.48,0.48,0.48,0,0.00%,1300
EMIS,2017-04-20,0.46,0.48,0.45,0.48,0,0.00%,9000
EMIS,2017-04-21,0.48,0.48,0.45,0.47,-0.01,-2.08%,4100
EMIS,2017-04-24,0.423,0.47,0.3753,0.44,-0.03,-6.38%,88700
EMIS,2017-04-25,0.4495,0.45,0.435,0.45,0.01,+2.27%,17300
EMIS,2017-04-26,0.4594,0.4594,0.4,0.45,0,0.00%,6600
EMIS,2017-04-27,0.4076,0.45,0.4076,0.4253,-0.0247,-5.49%,12300
EMIS,2017-04-28,0.414,0.44,0.4102,0.44,0.0147,+3.46%,9100
EMIS,2017-05-01,0.4101,0.45,0.41,0.45,0.01,+2.27%,35100
EMIS,2017-05-02,0.4301,0.45,0.4301,0.45,0,0.00%,4700
EMIS,2017-05-03,0.4101,0.4498,0.41,0.4269,-0.0231,-5.13%,2700
EMIS,2017-05-04,0.45,0.45,0.41,0.45,0.0231,+5.41%,10500
EMIS,2017-05-05,0.4125,0.45,0.4,0.45,0,0.00%,45600
EMIS,2017-05-08,0.406,0.43,0.406,0.427,-0.023,-5.11%,19400
EMIS,2017-05-09,0.4,0.45,0.4,0.4495,0.0225,+5.27%,16500
EMIS,2017-05-10,0.4206,0.45,0.4053,0.4053,-0.0442,-9.83%,10400
EMIS,2017-05-11,0.45,0.45,0.4051,0.45,0.0447,+11.03%,5200
EMIS,2017-05-12,0.4427,0.49,0.393,0.4798,0.0298,+6.62%,125800
EMIS,2017-05-15,0.47,0.48,0.4305,0.4696,-0.0102,-2.13%,13200
EMIS,2017-05-16,0.4301,0.4401,0.43,0.4401,-0.0295,-6.28%,16000
EMIS,2017-05-17,0.4171,0.465,0.4171,0.46,0.0199,+4.52%,17200
EMIS,2017-05-18,0.4601,0.47,0.4371,0.47,0.01,+2.17%,4400
EMIS,2017-05-19,0.47,0.47,0.411,0.4695,-0.0005,-0.11%,15200
EMIS,2017-05-23,0.46,0.46,0.4252,0.45,-0.0195,-4.15%,16500
EMIS,2017-05-24,0.45,0.45,0.4251,0.4251,-0.0249,-5.53%,2600
EMIS,2017-05-25,0.42,0.4695,0.42,0.4695,0.0444,+10.44%,8000
EMIS,2017-05-26,0.42,0.47,0.42,0.45,-0.0195,-4.15%,33400
EMIS,2017-05-30,0.45,0.47,0.4,0.46,0.01,+2.22%,47900
EMIS,2017-05-31,0.4693,0.4693,0.4272,0.452,-0.008,-1.74%,3500
EMIS,2017-06-01,0.452,0.452,0.43,0.452,0,0.00%,4300
EMIS,2017-06-02,0.452,0.452,0.4321,0.4321,-0.0199,-4.40%,6900
EMIS,2017-06-05,0.43,0.452,0.43,0.4436,0.0115,+2.66%,30000
EMIS,2017-06-06,0.452,0.46,0.452,0.46,0.0164,+3.70%,14500
EMIS,2017-06-07,0.465,0.465,0.4091,0.46,0,0.00%,9300
EMIS,2017-06-08,0.42,0.42,0.42,0.42,-0.04,-8.70%,1400
EMIS,2017-06-09,0.46,0.46,0.46,0.46,0.04,+9.52%,600
EMIS,2017-06-12,0.46,0.46,0.46,0.46,0,0.00%,7300
EMIS,2017-06-13,0.465,0.465,0.4,0.46,0,0.00%,2700
EMIS,2017-06-14,0.4006,0.42,0.4006,0.42,-0.04,-8.70%,24600
EMIS,2017-06-15,0.46,0.46,0.4001,0.46,0.04,+9.52%,4600
EMIS,2017-06-16,0.41,0.41,0.41,0.41,-0.05,-10.87%,500
EMIS,2017-06-19,0.4101,0.4595,0.41,0.4595,0.0495,+12.07%,4100
EMIS,2017-06-20,0.45,0.45,0.41,0.41,-0.0495,-10.77%,7000
EMIS,2017-06-21,0.46,0.46,0.41,0.46,0.05,+12.20%,2300
EMIS,2017-06-22,0.46,0.46,0.43,0.4597,-0.0003,-0.07%,4400
EMIS,2017-06-23,0.4152,0.45,0.4122,0.45,-0.0097,-2.11%,11500
EMIS,2017-06-26,0.4152,0.465,0.4152,0.465,0.015,+3.33%,13400
EMIS,2017-06-27,0.4549,0.4549,0.4549,0.4549,-0.0101,-2.17%,4000
EMIS,2017-06-28,0.434,0.4549,0.42,0.4549,0,0.00%,2800
EMIS,2017-06-30,0.43,0.44,0.43,0.44,-0.0149,-3.28%,7000
EMIS,2017-07-03,0.4153,0.4416,0.4153,0.4416,0.0016,+0.36%,5000
EMIS,2017-07-05,0.42,0.4499,0.42,0.4499,0.0083,+1.88%,1100
EMIS,2017-07-06,0.443,0.4499,0.443,0.4499,0,0.00%,400
EMIS,2017-07-07,0.42,0.4499,0.42,0.42,-0.0299,-6.65%,14800
EMIS,2017-07-10,0.42,0.43,0.42,0.43,0.01,+2.38%,3900
EMIS,2017-07-11,0.43,0.45,0.42,0.42,-0.01,-2.33%,275100
EMIS,2017-07-12,0.4,0.45,0.4,0.445,0.025,+5.95%,65000
EMIS,2017-07-13,0.4202,0.454,0.4202,0.454,0.009,+2.02%,12200
EMIS,2017-07-14,0.43,0.43,0.43,0.43,-0.024,-5.29%,1000
EMIS,2017-07-17,0.454,0.454,0.45,0.45,0.02,+4.65%,108100
EMIS,2017-07-18,0.45,0.45,0.43,0.44,-0.01,-2.22%,21400
EMIS,2017-07-19,0.455,0.455,0.4454,0.45,0.01,+2.27%,4300
EMIS,2017-07-20,0.402,0.4495,0.402,0.4495,-0.0005,-0.11%,4600
EMIS,2017-07-21,0.45,0.45,0.4495,0.4495,0,0.00%,22300
EMIS,2017-07-24,0.401,0.42,0.401,0.42,-0.0295,-6.56%,12000
EMIS,2017-07-25,0.4012,0.4475,0.4012,0.4475,0.0275,+6.55%,18200
EMIS,2017-07-26,0.45,0.45,0.44,0.44,-0.0075,-1.68%,7500
EMIS,2017-07-27,0.43,0.43,0.4,0.43,-0.01,-2.27%,29200
EMIS,2017-07-28,0.43,0.43,0.4001,0.43,0,0.00%,2800
EMIS,2017-07-31,0.4,0.42,0.39,0.4,-0.03,-6.98%,27400
EMIS,2017-08-01,0.41,0.41,0.398,0.41,0.01,+2.50%,5600
EMIS,2017-08-02,0.41,0.41,0.39,0.41,0,0.00%,4100
EMIS,2017-08-03,0.39,0.41,0.39,0.405,-0.005,-1.22%,4700
EMIS,2017-08-04,0.39,0.403,0.3485,0.402,-0.003,-0.74%,14400
EMIS,2017-08-07,0.35,0.38,0.35,0.38,-0.022,-5.47%,50700
EMIS,2017-08-08,0.38,0.38,0.3493,0.35,-0.03,-7.89%,27000
EMIS,2017-08-09,0.3485,0.3798,0.3485,0.3798,0.0298,+8.51%,30800
EMIS,2017-08-10,0.3674,0.38,0.35,0.35,-0.0298,-7.85%,18000
EMIS,2017-08-11,0.38,0.38,0.3,0.33,-0.02,-5.71%,52300
EMIS,2017-08-14,0.26,0.2999,0.2,0.2199,-0.1101,-33.36%,289600
EMIS,2017-08-15,0.18,0.3,0.15,0.2,-0.0199,-9.05%,133100
EMIS,2017-08-16,0.2,0.245,0.2,0.2425,0.0425,+21.25%,40000
EMIS,2017-08-17,0.2425,0.3,0.225,0.3,0.0575,+23.71%,232700
EMIS,2017-08-18,0.31,0.32,0.3,0.3025,0.0025,+0.83%,83500
EMIS,2017-08-21,0.3025,0.37,0.302,0.3297,0.0272,+8.99%,105500
EMIS,2017-08-22,0.33,0.37,0.3201,0.369,0.0393,+11.92%,84600
EMIS,2017-08-23,0.41,0.41,0.35,0.36,-0.009,-2.44%,66400
EMIS,2017-08-24,0.36,0.4,0.36,0.3803,0.0203,+5.64%,84700
EMIS,2017-08-25,0.3825,0.39,0.38,0.38,-0.0003,-0.08%,44300
EMIS,2017-08-28,0.38,0.38,0.302,0.36,-0.02,-5.26%,9400
EMIS,2017-08-29,0.3431,0.3549,0.34,0.34,-0.02,-5.56%,10100
EMIS,2017-08-30,0.34,0.41,0.34,0.3988,0.0588,+17.29%,46300
EMIS,2017-08-31,0.415,0.45,0.361,0.44,0.0412,+10.33%,101000
EMIS,2017-09-01,0.425,0.44,0.4001,0.4001,-0.0399,-9.07%,68500
EMIS,2017-09-05,0.4399,0.4399,0.4003,0.4399,0.0398,+9.95%,6100
EMIS,2017-09-06,0.4,0.43,0.4,0.4,-0.0399,-9.07%,11700
EMIS,2017-09-07,0.4001,0.43,0.4,0.43,0.03,+7.50%,4700
EMIS,2017-09-08,0.43,0.43,0.43,0.43,0,0.00%,200
EMIS,2017-09-11,0.41,0.43,0.4,0.41,-0.02,-4.65%,4300
EMIS,2017-09-12,0.4297,0.4297,0.3994,0.4249,0.0149,+3.63%,29000
EMIS,2017-09-13,0.351,0.43,0.351,0.43,0.0051,+1.20%,600
EMIS,2017-09-14,0.3801,0.43,0.3801,0.43,0,0.00%,500
EMIS,2017-09-15,0.41,0.43,0.38,0.41,-0.02,-4.65%,6300
EMIS,2017-09-18,0.41,0.41,0.3803,0.405,-0.005,-1.22%,500
EMIS,2017-09-19,0.38,0.4,0.38,0.38,-0.025,-6.17%,7100
EMIS,2017-09-20,0.4,0.4,0.3501,0.3501,-0.0299,-7.87%,38100
EMIS,2017-09-21,0.35,0.35,0.34,0.35,-0.0001,-0.03%,32900
EMIS,2017-09-22,0.4099,0.4099,0.34,0.34,-0.01,-2.86%,24500
EMIS,2017-09-25,0.4097,0.4099,0.34,0.349,0.009,+2.65%,10000
EMIS,2017-09-26,0.346,0.35,0.34,0.34,-0.009,-2.58%,11900
EMIS,2017-09-27,0.31,0.35,0.31,0.35,0.01,+2.94%,7800
EMIS,2017-09-28,0.3497,0.42,0.3497,0.3993,0.0493,+14.09%,12200
EMIS,2017-09-29,0.331,0.3598,0.331,0.3401,-0.0592,-14.83%,10400
EMIS,2017-10-02,0.3402,0.4,0.3301,0.37,0.0299,+8.79%,8400
EMIS,2017-10-03,0.3356,0.34,0.3,0.338,-0.032,-8.65%,40800
EMIS,2017-10-04,0.3222,0.3222,0.2901,0.32,-0.018,-5.33%,53200
EMIS,2017-10-05,0.2952,0.33,0.2952,0.32,0,0.00%,4300
EMIS,2017-10-06,0.33,0.33,0.3299,0.33,0.01,+3.13%,15500
EMIS,2017-10-09,0.3201,0.3201,0.32,0.32,-0.01,-3.03%,2800
EMIS,2017-10-10,0.3281,0.3505,0.3101,0.3505,0.0305,+9.53%,2200
EMIS,2017-10-11,0.3145,0.3201,0.3145,0.32,-0.0305,-8.70%,11700
EMIS,2017-10-12,0.33,0.3425,0.3101,0.33,0.01,+3.13%,18900
EMIS,2017-10-13,0.3103,0.38,0.3101,0.38,0.05,+15.15%,24600
EMIS,2017-10-16,0.38,0.38,0.3569,0.38,0,0.00%,5500
EMIS,2017-10-17,0.385,0.395,0.3501,0.37,-0.01,-2.63%,28700
EMIS,2017-10-18,0.37,0.41,0.3601,0.4,0.03,+8.11%,182700
EMIS,2017-10-19,0.4,0.43,0.4,0.4,0,0.00%,144300
EMIS,2017-10-20,0.39,0.4,0.39,0.4,0,0.00%,3200
EMIS,2017-10-23,0.39,0.39,0.375,0.375,-0.025,-6.25%,4900
EMIS,2017-10-24,0.375,0.39,0.3651,0.3651,-0.0099,-2.64%,7100
EMIS,2017-10-25,0.383,0.3846,0.365,0.3846,0.0195,+5.34%,2100
EMIS,2017-10-26,0.3681,0.3949,0.3501,0.3949,0.0103,+2.68%,1500
EMIS,2017-10-27,0.415,0.415,0.3501,0.3699,-0.025,-6.33%,16900
EMIS,2017-10-30,0.41,0.41,0.378,0.4,0.0301,+8.14%,11400
EMIS,2017-10-31,0.35,0.41,0.35,0.4,0,0.00%,6300
EMIS,2017-11-01,0.36,0.41,0.36,0.4,0,0.00%,39300
EMIS,2017-11-02,0.36,0.4,0.36,0.3708,-0.0292,-7.30%,8300
EMIS,2017-11-03,0.4,0.4,0.366,0.366,-0.0048,-1.29%,15200
EMIS,2017-11-06,0.4,0.4,0.36,0.3959,0.0299,+8.17%,8600
EMIS,2017-11-07,0.3752,0.38,0.3451,0.38,-0.0159,-4.02%,40900
EMIS,2017-11-08,0.375,0.38,0.375,0.38,0,0.00%,7000
EMIS,2017-11-09,0.365,0.37,0.365,0.37,-0.01,-2.63%,10300
EMIS,2017-11-10,0.3602,0.368,0.36,0.36,-0.01,-2.70%,3000
EMIS,2017-11-13,0.375,0.395,0.365,0.395,0.035,+9.72%,6100
EMIS,2017-11-14,0.39,0.39,0.3453,0.39,-0.005,-1.27%,7300
EMIS,2017-11-15,0.39,0.39,0.39,0.39,0,0.00%,1200
EMIS,2017-11-16,0.365,0.365,0.331,0.365,-0.025,-6.41%,37400
EMIS,2017-11-17,0.385,0.385,0.3406,0.3501,-0.0149,-4.08%,27400
EMIS,2017-11-20,0.385,0.395,0.3651,0.395,0.0449,+12.82%,18300
EMIS,2017-11-21,0.38,0.39,0.37,0.385,-0.01,-2.53%,41600
EMIS,2017-11-22,0.375,0.39,0.375,0.385,0,0.00%,6100
EMIS,2017-11-24,0.375,0.39,0.375,0.39,0.005,+1.30%,28900
EMIS,2017-11-27,0.375,0.399,0.3671,0.395,0.005,+1.28%,183100
EMIS,2017-11-28,0.3405,0.4,0.3405,0.391,-0.004,-1.01%,157700
EMIS,2017-11-29,0.4,0.4,0.3405,0.395,0.004,+1.02%,30200
EMIS,2017-11-30,0.395,0.399,0.3625,0.375,-0.02,-5.06%,155600
EMIS,2017-12-01,0.351,0.3979,0.3331,0.395,0.02,+5.33%,58500
EMIS,2017-12-04,0.395,0.395,0.3774,0.38,-0.015,-3.80%,39900
EMIS,2017-12-05,0.3601,0.395,0.36,0.3798,-0.0002,-0.05%,67700
EMIS,2017-12-06,0.395,0.395,0.3601,0.38,0.0002,+0.05%,36900
EMIS,2017-12-07,0.38,0.39,0.305,0.37,-0.01,-2.63%,161400
EMIS,2017-12-08,0.3503,0.3636,0.3326,0.35,-0.02,-5.41%,52500
EMIS,2017-12-11,0.35,0.35,0.3301,0.34,-0.01,-2.86%,45600
EMIS,2017-12-12,0.36,0.36,0.315,0.3399,-0.0001,-0.03%,54200
EMIS,2017-12-13,0.3185,0.35,0.315,0.33,-0.0099,-2.91%,28400
EMIS,2017-12-14,0.36,0.36,0.33,0.3599,0.0299,+9.06%,8700
EMIS,2017-12-15,0.3698,0.3698,0.33,0.35,-0.0099,-2.75%,3900
EMIS,2017-12-18,0.35,0.35,0.33,0.33,-0.02,-5.71%,14900
EMIS,2017-12-19,0.33,0.3438,0.33,0.33,0,0.00%,12100
EMIS,2017-12-20,0.345,0.3499,0.33,0.3499,0.0199,+6.03%,14600
EMIS,2017-12-21,0.33,0.33,0.33,0.33,-0.0199,-5.69%,1600
EMIS,2017-12-22,0.338,0.35,0.33,0.3381,0.0081,+2.45%,82200
EMIS,2017-12-26,0.3301,0.3498,0.292,0.31,-0.0281,-8.31%,57200
EMIS,2017-12-27,0.3,0.33,0.285,0.33,0.02,+6.45%,134100
EMIS,2017-12-28,0.3105,0.318,0.2851,0.2999,-0.0301,-9.12%,22200
EMIS,2017-12-29,0.2867,0.3259,0.2867,0.2901,-0.0098,-3.27%,16200
EMIS,2018-01-02,0.3,0.35,0.3,0.35,0.0599,+20.65%,37900
EMIS,2018-01-03,0.35,0.35,0.3477,0.35,0,0.00%,15000
EMIS,2018-01-04,0.346,0.35,0.325,0.325,-0.025,-7.14%,22400
EMIS,2018-01-05,0.33,0.35,0.33,0.345,0.02,+6.15%,37400
EMIS,2018-01-08,0.35,0.36,0.33,0.33,-0.015,-4.35%,37900
EMIS,2018-01-09,0.355,0.38,0.3454,0.3454,0.0154,+4.67%,184000
EMIS,2018-01-10,0.3657,0.395,0.3352,0.36,0.0146,+4.23%,214000
EMIS,2018-01-11,0.348,0.35,0.348,0.35,-0.01,-2.78%,35700
EMIS,2018-01-12,0.35,0.35,0.3427,0.35,0,0.00%,122300
EMIS,2018-01-16,0.36,0.38,0.34,0.37,0.02,+5.71%,134500
EMIS,2018-01-17,0.35,0.38,0.323,0.34,-0.03,-8.11%,99600
EMIS,2018-01-18,0.34,0.3492,0.32,0.3492,0.0092,+2.71%,30800
EMIS,2018-01-19,0.33,0.3498,0.33,0.3498,0.0006,+0.17%,2400
EMIS,2018-01-22,0.3499,0.3499,0.3431,0.3431,-0.0067,-1.92%,9200
EMIS,2018-01-23,0.34,0.34,0.3201,0.34,-0.0031,-0.90%,4200
EMIS,2018-01-24,0.33,0.34,0.33,0.34,0,0.00%,8800
EMIS,2018-01-25,0.33,0.335,0.33,0.33,-0.01,-2.94%,1500
EMIS,2018-01-26,0.33,0.34,0.32,0.34,0.01,+3.03%,40600
EMIS,2018-01-29,0.35,0.35,0.332,0.34,0,0.00%,18300
EMIS,2018-01-30,0.32,0.325,0.32,0.325,-0.015,-4.41%,8700
EMIS,2018-01-31,0.3431,0.355,0.32,0.3423,0.0173,+5.32%,55500
EMIS,2018-02-01,0.34,0.34,0.32,0.32,-0.0223,-6.51%,30700
EMIS,2018-02-02,0.32,0.3397,0.32,0.3397,0.0197,+6.16%,31300
EMIS,2018-02-05,0.302,0.3342,0.302,0.3105,-0.0292,-8.60%,28600
EMIS,2018-02-06,0.35,0.35,0.311,0.35,0.0395,+12.72%,23500
EMIS,2018-02-07,0.355,0.355,0.3255,0.34,-0.01,-2.86%,78200
EMIS,2018-02-08,0.3257,0.3311,0.31,0.31,-0.03,-8.82%,26400
EMIS,2018-02-09,0.3254,0.3254,0.289,0.3199,0.0099,+3.19%,95800
EMIS,2018-02-12,0.32,0.32,0.247,0.2748,-0.0451,-14.10%,150200
EMIS,2018-02-13,0.25,0.306,0.25,0.305,0.0302,+10.99%,89500
EMIS,2018-02-14,0.3,0.32,0.3,0.32,0.015,+4.92%,4300
EMIS,2018-02-15,0.3013,0.35,0.3,0.35,0.03,+9.38%,180900
EMIS,2018-02-16,0.3426,0.3426,0.335,0.335,-0.015,-4.29%,25500
EMIS,2018-02-20,0.335,0.35,0.32,0.35,0.015,+4.48%,72300
EMIS,2018-02-21,0.3434,0.35,0.3102,0.345,-0.005,-1.43%,106700
EMIS,2018-02-22,0.3576,0.48,0.3451,0.4,0.055,+15.94%,899000
EMIS,2018-02-23,0.41,0.41,0.35,0.359,-0.041,-10.25%,228700
EMIS,2018-02-26,0.395,0.4,0.37,0.39,0.031,+8.64%,93500
EMIS,2018-02-27,0.4,0.4,0.3768,0.4,0.01,+2.56%,141500
EMIS,2018-02-28,0.4,0.4,0.3888,0.4,0,0.00%,39600
EMIS,2018-03-01,0.4,0.42,0.3834,0.4,0,0.00%,70100
EMIS,2018-03-02,0.4,0.4,0.3901,0.4,0,0.00%,104200
EMIS,2018-03-05,0.4,0.4,0.39,0.4,0,0.00%,11700
EMIS,2018-03-06,0.395,0.4,0.39,0.39,-0.01,-2.50%,81400
EMIS,2018-03-07,0.39,0.395,0.373,0.39,0,0.00%,23100
EMIS,2018-03-08,0.39,0.39,0.378,0.38,-0.01,-2.56%,29400
EMIS,2018-03-09,0.395,0.395,0.375,0.38,0,0.00%,21400
EMIS,2018-03-12,0.39,0.39,0.38,0.38,0,0.00%,8100
EMIS,2018-03-13,0.38,0.38,0.3301,0.3624,-0.0176,-4.63%,36700
EMIS,2018-03-14,0.3699,0.3699,0.3522,0.3522,-0.0102,-2.81%,6800
EMIS,2018-03-15,0.3402,0.36,0.3402,0.3417,-0.0105,-2.98%,5400
EMIS,2018-03-16,0.345,0.38,0.345,0.36,0.0183,+5.36%,16900
EMIS,2018-03-19,0.37,0.38,0.36,0.38,0.02,+5.56%,24900
EMIS,2018-03-20,0.38,0.3849,0.352,0.3849,0.0049,+1.29%,12000
EMIS,2018-03-21,0.385,0.385,0.3713,0.3722,-0.0127,-3.30%,14400
EMIS,2018-03-22,0.372,0.385,0.372,0.373,0.0008,+0.21%,10200
EMIS,2018-03-23,0.379,0.38,0.35,0.35,-0.023,-6.17%,21900
EMIS,2018-03-26,0.3701,0.3849,0.354,0.3849,0.0349,+9.97%,15400
EMIS,2018-03-27,0.385,0.385,0.385,0.385,0.0001,+0.03%,1000
EMIS,2018-03-28,0.395,0.395,0.36,0.36,-0.025,-6.49%,13100
EMIS,2018-03-29,0.395,0.395,0.3899,0.3899,0.0299,+8.31%,400
EMIS,2018-04-02,0.395,0.395,0.36,0.3699,-0.02,-5.13%,9700
EMIS,2018-04-03,0.36,0.3899,0.36,0.3899,0.02,+5.41%,19900
EMIS,2018-04-04,0.37,0.39,0.37,0.39,0.0001,+0.03%,15800
EMIS,2018-04-05,0.39,0.39,0.382,0.39,0,0.00%,31800
EMIS,2018-04-06,0.3913,0.404,0.36,0.404,0.014,+3.59%,57100
EMIS,2018-04-09,0.405,0.405,0.38,0.4,-0.004,-0.99%,44900
EMIS,2018-04-10,0.4,0.4,0.388,0.388,-0.012,-3.00%,7500
EMIS,2018-04-11,0.395,0.395,0.345,0.3451,-0.0429,-11.06%,30800
EMIS,2018-04-12,0.3799,0.38,0.37,0.38,0.0349,+10.11%,37100
EMIS,2018-04-13,0.395,0.4,0.39,0.4,0.02,+5.26%,44400
EMIS,2018-04-16,0.4,0.4,0.3611,0.3611,-0.0389,-9.73%,7700
EMIS,2018-04-17,0.4,0.4,0.37,0.4,0.0389,+10.77%,38200
EMIS,2018-04-18,0.3784,0.4,0.347,0.4,0,0.00%,14200
EMIS,2018-04-19,0.4,0.4,0.4,0.4,0,0.00%,10300
EMIS,2018-04-20,0.4,0.5,0.399,0.5,0.1,+25.00%,187700
EMIS,2018-04-23,0.735,0.735,0.595,0.65,0.15,+30.00%,373700
EMIS,2018-04-24,0.525,0.65,0.524,0.625,-0.025,-3.85%,177200
EMIS,2018-04-25,0.7,0.7,0.615,0.615,-0.01,-1.60%,36800
EMIS,2018-04-26,0.68,0.689,0.57,0.64,0.025,+4.07%,325300
EMIS,2018-04-27,0.68,0.68,0.67,0.67,0.03,+4.69%,44700
EMIS,2018-04-30,0.68,0.685,0.63,0.645,-0.025,-3.73%,18200
EMIS,2018-05-01,0.65,0.65,0.645,0.65,0.005,+0.78%,8300
EMIS,2018-05-02,0.6625,0.67,0.64,0.65,0,0.00%,19700
EMIS,2018-05-03,0.68,0.725,0.63,0.67,0.02,+3.08%,63500
EMIS,2018-05-04,0.84,0.84,0.7,0.745,0.075,+11.19%,233100
EMIS,2018-05-07,0.745,1.11,0.73,0.95,0.205,+27.52%,463300
EMIS,2018-05-08,0.95,1.05,0.938,0.97,0.02,+2.11%,190500
EMIS,2018-05-09,1.04,1.2,0.97,1,0.03,+3.09%,467300
EMIS,2018-05-10,1,1.17,1,1.08,0.08,+8.00%,170600
EMIS,2018-05-11,1.1,1.6,1.1,1.35,0.27,+25.00%,771300
EMIS,2018-05-14,1.455,1.98,1.45,1.97,0.62,+45.93%,1147600
EMIS,2018-05-15,2.1,2.14,1.48,1.6,-0.37,-18.78%,1596400
EMIS,2018-05-16,1.51,1.95,1.51,1.8,0.2,+12.50%,597500
EMIS,2018-05-17,1.85,2.07,1.72,2.06,0.26,+14.44%,441500
EMIS,2018-05-18,2.07,2.23,2.01,2.21,0.15,+7.28%,442300
EMIS,2018-05-21,2.215,2.55,2.2,2.46,0.25,+11.31%,818100
EMIS,2018-05-22,2.34,2.4,2.24,2.39,-0.07,-2.85%,316000
EMIS,2018-05-23,2.365,2.41,1.87,1.95,-0.44,-18.41%,509400
EMIS,2018-05-24,1.96,2.16,1.95,2.1,0.15,+7.69%,181500
EMIS,2018-05-25,2.08,2.4,2.08,2.25,0.15,+7.14%,118400
EMIS,2018-05-29,2.225,2.37,2.2,2.3,0.05,+2.22%,216800
EMIS,2018-05-30,2.39,2.57,2.35,2.48,0.18,+7.83%,309000
EMIS,2018-05-31,2.54,2.83,2.5,2.83,0.35,+14.11%,262500
EMIS,2018-06-01,2.7299,3,2.72,2.94,0.11,+3.89%,284500
EMIS,2018-06-04,2.935,3.09,2.68,3,0.06,+2.04%,471900
EMIS,2018-06-05,3.05,3.06,2.79,2.8,-0.2,-6.67%,140100
EMIS,2018-06-06,2.82,2.92,2.08,2.26,-0.54,-19.29%,466400
EMIS,2018-06-07,2.44,2.64,2.35,2.6,0.34,+15.04%,186700
EMIS,2018-06-08,2.635,2.68,2.5,2.6,0,0.00%,102100
EMIS,2018-06-11,2.5,2.82,2.5,2.77,0.17,+6.54%,45000
EMIS,2018-06-12,2.77,2.9,2.61,2.69,-0.08,-2.89%,87100
EMIS,2018-06-13,2.68,2.73,2.62,2.62,-0.07,-2.60%,22900
EMIS,2018-06-14,2.625,2.625,2.35,2.55,-0.07,-2.67%,68600
EMIS,2018-06-15,2.49,2.49,2.11,2.36,-0.19,-7.45%,181000
EMIS,2018-06-18,2.33,2.365,2.05,2.17,-0.19,-8.05%,312300
EMIS,2018-06-19,2.17,2.25,2.15,2.25,0.08,+3.69%,116500
EMIS,2018-06-20,2.25,2.25,2.18,2.22,-0.03,-1.33%,37000
EMIS,2018-06-21,2.26,2.6,2.26,2.53,0.31,+13.96%,213900
EMIS,2018-06-22,2.54,2.58,2.5,2.57,0.04,+1.58%,115700
EMIS,2018-06-25,2.48,2.49,2.32,2.37,-0.2,-7.78%,371600
EMIS,2018-06-26,2.36,2.36,2.25,2.31,-0.06,-2.53%,99400
EMIS,2018-06-27,2.285,2.32,2.08,2.18,-0.13,-5.63%,354700
EMIS,2018-06-28,2.28,2.3,2.26,2.29,0.11,+5.05%,81000
EMIS,2018-06-29,2.28,2.45,2.25,2.4,0.11,+4.80%,109800
EMIS,2018-07-02,2.5,2.55,2.45,2.5,0.1,+4.17%,94400
EMIS,2018-07-03,2.4,2.5,2.4,2.49,-0.01,-0.40%,57500
EMIS,2018-07-05,2.45,2.49,2.4,2.48,-0.01,-0.40%,45000
EMIS,2018-07-06,2.445,2.48,2.26,2.46,-0.02,-0.81%,28800
EMIS,2018-07-09,2.45,2.49,2.36,2.44,-0.02,-0.81%,38900
EMIS,2018-07-10,2.45,2.45,2.4,2.4,-0.04,-1.64%,91400
EMIS,2018-07-11,2.4,2.48,2.4,2.44,0.04,+1.67%,133800
EMIS,2018-07-12,2.46,2.46,2.38,2.4,-0.04,-1.64%,29800
EMIS,2018-07-13,2.39,2.42,2.39,2.42,0.02,+0.83%,40000
EMIS,2018-07-16,2.425,2.44,2.35,2.4,-0.02,-0.83%,46100
EMIS,2018-07-17,2.41,2.41,2.325,2.4,0,0.00%,32200
EMIS,2018-07-18,2.41,2.41,2.33,2.4,0,0.00%,16300
EMIS,2018-07-19,2.38,2.4,2.3238,2.4,0,0.00%,36500
EMIS,2018-07-20,2.21,2.39,2.2,2.39,-0.01,-0.42%,73300
EMIS,2018-07-23,2.4,2.4,2.3,2.39,0,0.00%,48000
EMIS,2018-07-24,2.36,2.41,2.15,2.41,0.02,+0.84%,49800
EMIS,2018-07-25,2.39,2.39,2.35,2.39,-0.02,-0.83%,12600
EMIS,2018-07-26,2.39,2.39,2.284,2.39,0,0.00%,31000
EMIS,2018-07-27,2.4,2.4,2.27,2.4,0.01,+0.42%,71900
EMIS,2018-07-30,2.42,2.42,2.28,2.41,0.01,+0.42%,98200
EMIS,2018-07-31,2.4,2.42,2.398,2.4,-0.01,-0.41%,32200
EMIS,2018-08-01,2.4,2.4,2.35,2.39,-0.01,-0.42%,25800
EMIS,2018-08-02,2.4,2.41,2.35,2.41,0.02,+0.84%,71500
EMIS,2018-08-03,2.41,2.42,2.4,2.4,-0.01,-0.41%,22500
EMIS,2018-08-06,2.42,2.448,2.406,2.42,0.02,+0.83%,17500
EMIS,2018-08-07,2.43,2.43,2.34,2.4,-0.02,-0.83%,62500
EMIS,2018-08-08,2.35,2.43,2.35,2.43,0.03,+1.25%,87900
EMIS,2018-08-09,2.43,2.47,2.41,2.45,0.02,+0.82%,71100
EMIS,2018-08-10,2.44,2.45,2.36,2.4,-0.05,-2.04%,22300
EMIS,2018-08-13,2.36,2.398,2.29,2.398,-0.002,-0.08%,19500
EMIS,2018-08-14,2.36,2.36,2.24,2.24,-0.158,-6.59%,29900
EMIS,2018-08-15,2.23,2.29,2.21,2.29,0.05,+2.23%,29400
EMIS,2018-08-16,2.29,2.344,2.2,2.32,0.03,+1.31%,23300
EMIS,2018-08-17,2.3235,2.38,2.32,2.38,0.06,+2.59%,5200
EMIS,2018-08-20,2.34,2.41,2.34,2.401,0.021,+0.88%,36600
EMIS,2018-08-21,2.32,2.41,2.32,2.4,-0.001,-0.04%,42100
EMIS,2018-08-22,2.4,2.42,2.3,2.39,-0.01,-0.42%,69700
EMIS,2018-08-23,2.21,2.386,2.18,2.3,-0.09,-3.77%,122000
EMIS,2018-08-24,2.285,2.33,2.27,2.33,0.03,+1.30%,78900
EMIS,2018-08-27,2.34,2.34,2.26,2.34,0.01,+0.43%,23100
EMIS,2018-08-28,2.3,2.34,2.3,2.33,-0.01,-0.43%,7200
EMIS,2018-08-29,2.31,2.38,2.31,2.367,0.037,+1.59%,32900
EMIS,2018-08-30,2.36,2.36,2.34,2.3401,-0.0269,-1.14%,12800
EMIS,2018-08-31,2.34,2.36,2.34,2.35,0.0099,+0.42%,12500
EMIS,2018-09-04,2.34,2.36,2.34,2.35,0,0.00%,98300
EMIS,2018-09-05,2.3,2.35,2.3,2.33,-0.02,-0.85%,24900
EMIS,2018-09-06,2.35,2.35,2.31,2.348,0.018,+0.77%,14400
EMIS,2018-09-07,2.33,2.3705,2.3,2.37,0.022,+0.94%,39000
EMIS,2018-09-10,2.39,2.39,2.36,2.38,0.01,+0.42%,13200
EMIS,2018-09-11,2.37,2.39,2.37,2.39,0.01,+0.42%,25100
EMIS,2018-09-12,2.38,2.43,2.38,2.4,0.01,+0.42%,50200
EMIS,2018-09-13,2.385,2.41,2.38,2.39,-0.01,-0.42%,37800
EMIS,2018-09-14,2.4,2.41,2.35,2.39,0,0.00%,73100
EMIS,2018-09-17,2.38,2.38,2.35,2.35,-0.04,-1.67%,6700
EMIS,2018-09-18,2.3,2.42,2.3,2.37,0.02,+0.85%,9400
EMIS,2018-09-19,2.3,2.344,2.3,2.31,-0.06,-2.53%,48000
EMIS,2018-09-20,2.31,2.405,2.3,2.4,0.09,+3.90%,38000
EMIS,2018-09-21,2.4,2.44,2.396,2.4,0,0.00%,33600
EMIS,2018-09-24,2.4,2.41,2.35,2.41,0.01,+0.42%,23300
EMIS,2018-09-25,2.41,2.41,2.35,2.36,-0.05,-2.07%,39100
EMIS,2018-09-26,2.34,2.344,2.29,2.34,-0.02,-0.85%,47200
EMIS,2018-09-27,2.33,2.38,2.31,2.32,-0.02,-0.85%,21800
EMIS,2018-09-28,2.32,2.35,2.3199,2.35,0.03,+1.29%,20700
EMIS,2018-10-01,2.33,2.37,2.33,2.35,0,0.00%,23000
EMIS,2018-10-02,2.37,2.38,2.3,2.38,0.03,+1.28%,18600
EMIS,2018-10-03,2.39,2.39,2.28,2.31,-0.07,-2.94%,29900
EMIS,2018-10-04,2.31,2.38,2,2.12,-0.19,-8.23%,511900
EMIS,2018-10-05,2.1,2.119,1.99,2.09,-0.03,-1.42%,193600
EMIS,2018-10-08,2.09,2.15,1.72,2.1,0.01,+0.48%,166400
EMIS,2018-10-09,2.1,2.1,2,2.1,0,0.00%,41000
EMIS,2018-10-10,2.1,2.1,2.01,2.1,0,0.00%,73200
EMIS,2018-10-11,2.13,2.15,2.1,2.14,0.04,+1.90%,38200
EMIS,2018-10-12,2.14,2.3,2.13,2.3,0.16,+7.48%,28900
EMIS,2018-10-15,2.35,2.35,2.05,2.17,-0.13,-5.65%,53700
EMIS,2018-10-16,2.17,2.17,2.084,2.09,-0.08,-3.69%,22700
EMIS,2018-10-17,2.08,2.14,2.05,2.08,-0.01,-0.48%,24800
EMIS,2018-10-18,2.08,2.14,2.05,2.05,-0.03,-1.44%,8100
EMIS,2018-10-19,2.1,2.1,2.05,2.09,0.04,+1.95%,8600
EMIS,2018-10-22,2.05,2.09,2.05,2.06,-0.03,-1.44%,15000
EMIS,2018-10-23,2.05,2.07,2,2.07,0.01,+0.49%,8900
EMIS,2018-10-24,2.025,2.05,1.9,2.04,-0.03,-1.45%,32200
EMIS,2018-10-25,2,2.07,2,2.01,-0.03,-1.47%,24500
EMIS,2018-10-26,2.05,2.05,2.01,2.05,0.04,+1.99%,4000
EMIS,2018-10-29,1.85,2.04,1.85,2.02,-0.03,-1.46%,21400
EMIS,2018-10-30,2,2.04,2,2,-0.02,-0.99%,13600
EMIS,2018-10-31,2,2.05,2,2.05,0.05,+2.50%,6400
EMIS,2018-11-01,1.95,2.05,1.95,2,-0.05,-2.44%,14800
EMIS,2018-11-02,2.025,2.035,2,2.02,0.02,+1.00%,13800
EMIS,2018-11-05,2.03,2.03,2.03,2.03,0.01,+0.50%,1100
EMIS,2018-11-06,2.02,2.06,2,2.01,-0.02,-0.99%,11600
EMIS,2018-11-07,2.01,2.03,2.01,2.03,0.02,+1.00%,7100
EMIS,2018-11-08,2.045,2.045,1.93,1.9795,-0.0505,-2.49%,45500
EMIS,2018-11-09,1.95,2.03,1.95,2.03,0.0505,+2.55%,9400
EMIS,2018-11-12,2.01,2.02,1.95,2.02,-0.01,-0.49%,14800
EMIS,2018-11-13,1.9899,2.05,1.9515,2.05,0.03,+1.49%,19500
EMIS,2018-11-14,2,2.18,2,2.09,0.04,+1.95%,55400
EMIS,2018-11-15,2.05,2.0799,2.05,2.0799,-0.0101,-0.48%,12300
EMIS,2018-11-16,2.07,2.1665,2.05,2.1665,0.0866,+4.16%,25800
EMIS,2018-11-19,2.1,2.121,2.1,2.12,-0.0465,-2.15%,5000
EMIS,2018-11-20,2.14,2.14,2.05,2.05,-0.07,-3.30%,21000
EMIS,2018-11-21,2.14,2.14,2.01,2.01,-0.04,-1.95%,25100
EMIS,2018-11-23,2.05,2.1,2.05,2.1,0.09,+4.48%,28300
EMIS,2018-11-26,2.18,2.38,2.15,2.35,0.25,+11.90%,69300
EMIS,2018-11-27,2.3,2.57,2.18,2.56,0.21,+8.94%,106300
EMIS,2018-11-28,2.55,2.55,2.45,2.5,-0.06,-2.34%,35300
EMIS,2018-11-29,2.45,2.49,2.29,2.35,-0.15,-6.00%,59600
EMIS,2018-11-30,2.37,2.4,2.13,2.22,-0.13,-5.53%,94400
EMIS,2018-12-03,2.22,2.38,2.22,2.3,0.08,+3.60%,8600
EMIS,2018-12-04,2.39,2.4,2.25,2.36,0.06,+2.61%,16600
EMIS,2018-12-06,2.3,2.4,2.25,2.39,0.03,+1.27%,20400
EMIS,2018-12-07,2.4,2.49,2.32,2.43,0.04,+1.67%,48500
EMIS,2018-12-10,2.35,2.49,2.35,2.41,-0.02,-0.82%,26400
EMIS,2018-12-11,2.41,2.455,2.41,2.455,0.045,+1.87%,5500
EMIS,2018-12-12,2.48,2.48,2.27,2.42,-0.035,-1.43%,27000
EMIS,2018-12-13,2.42,2.5,2.42,2.49,0.07,+2.89%,30300
EMIS,2018-12-14,2.454,2.454,2.3,2.3,-0.19,-7.63%,77500
EMIS,2018-12-17,2.35,2.45,2.2835,2.352,0.052,+2.26%,6300
EMIS,2018-12-18,2.39,2.39,2.31,2.35,-0.002,-0.09%,7000
EMIS,2018-12-19,2.24,2.39,2.21,2.306,-0.044,-1.87%,27000
EMIS,2018-12-20,2.26,2.33,2.25,2.25,-0.056,-2.43%,27600
EMIS,2018-12-21,2.265,2.29,2.12,2.26,0.01,+0.44%,26800
EMIS,2018-12-24,2.272,2.272,2.26,2.26,0,0.00%,23700
EMIS,2018-12-26,2.26,2.281,2.25,2.25,-0.01,-0.44%,9600
EMIS,2018-12-27,2.25,2.27,2.15,2.23,-0.02,-0.89%,48800
EMIS,2018-12-28,2.15,2.224,2.14,2.15,-0.08,-3.59%,58300
EMIS,2018-12-31,2.15,2.16,2.14,2.15,0,0.00%,31800
EMIS,2019-01-02,2.12,2.15,2.04,2.08,-0.07,-3.26%,37000
EMIS,2019-01-03,2.075,2.075,1.937,2.05,-0.03,-1.44%,43700
EMIS,2019-01-04,2.05,2.25,1.996,2.25,0.2,+9.76%,79600
EMIS,2019-01-07,2.32,2.39,2.185,2.33,0.08,+3.56%,47800
EMIS,2019-01-08,2.35,2.4015,2.35,2.385,0.055,+2.36%,23300
EMIS,2019-01-09,2.35,2.42,2.35,2.35,-0.035,-1.47%,21300
EMIS,2019-01-10,2.37,2.37,2.37,2.37,0.02,+0.85%,3600
EMIS,2019-01-11,2.16,2.43,2.16,2.39,0.02,+0.84%,16100
EMIS,2019-01-14,2.385,2.44,2.23,2.3995,0.0095,+0.40%,25600
EMIS,2019-01-15,2.18,2.3975,2.18,2.39,-0.0095,-0.40%,22200
EMIS,2019-01-16,2.35,2.4,2.35,2.39,0,0.00%,11000
EMIS,2019-01-17,2.4,2.4,2.36,2.36,-0.03,-1.26%,17800
EMIS,2019-01-18,2.36,2.37,2.35,2.363,0.003,+0.13%,26600
EMIS,2019-01-22,2.36,2.44,2.36,2.43,0.067,+2.84%,15400
EMIS,2019-01-23,2.44,2.44,2.37,2.418,-0.012,-0.49%,5500
EMIS,2019-01-24,2.38,2.5,2.38,2.4,-0.018,-0.74%,12600
EMIS,2019-01-25,2.4,2.4,2.38,2.38,-0.02,-0.83%,6800
EMIS,2019-01-28,2.5,2.5,2.35,2.48,0.1,+4.20%,11100
EMIS,2019-01-29,2.49,2.49,2.49,2.49,0.01,+0.40%,300
EMIS,2019-01-30,2.49,2.49,2.44,2.48,-0.01,-0.40%,11400
EMIS,2019-01-31,2.48,2.5,2.44,2.44,-0.04,-1.61%,12800
EMIS,2019-02-01,2.25,2.5,2.05,2.42,-0.02,-0.82%,69200
EMIS,2019-02-04,2.42,2.55,2.26,2.38,-0.04,-1.65%,95200
EMIS,2019-02-05,2.38,2.45,2.38,2.438,0.058,+2.44%,8200
EMIS,2019-02-06,2.44,2.44,2.3,2.4,-0.038,-1.56%,12200
EMIS,2019-02-07,2.373,2.65,2.33,2.49,0.09,+3.75%,48600
EMIS,2019-02-08,2.45,2.73,2.35,2.7,0.21,+8.43%,128000
EMIS,2019-02-11,2.82,3.19,2.57,3.05,0.35,+12.96%,325800
EMIS,2019-02-12,3.05,3.51,3.05,3.47,0.42,+13.77%,262500
EMIS,2019-02-13,3.415,3.75,3.415,3.58,0.11,+3.17%,117200
EMIS,2019-02-14,3.7,4,3.65,3.93,0.35,+9.78%,219300
EMIS,2019-02-15,4,4,3.41,3.89,-0.04,-1.02%,93600
EMIS,2019-02-19,3.675,4.23,3.65,4.23,0.34,+8.74%,132100
EMIS,2019-02-20,4.225,4.72,4.15,4.37,0.14,+3.31%,298400
EMIS,2019-02-21,4.37,4.75,4.37,4.66,0.29,+6.64%,161600
EMIS,2019-02-22,4.66,4.82,4.3,4.41,-0.25,-5.36%,208400
EMIS,2019-02-25,4.4,4.66,4.39,4.55,0.14,+3.17%,99300
EMIS,2019-02-26,4.55,4.55,4.21,4.21,-0.34,-7.47%,160400
EMIS,2019-02-27,4.25,4.45,4.235,4.42,0.21,+4.99%,177400
EMIS,2019-02-28,4.42,4.6,4.345,4.6,0.18,+4.07%,106000
EMIS,2019-03-01,4.6,4.6,4.5,4.57,-0.03,-0.65%,44300
EMIS,2019-03-04,4.59,4.59,4.3201,4.4,-0.17,-3.72%,31100
EMIS,2019-03-05,4.385,4.55,4.385,4.55,0.15,+3.41%,36800
EMIS,2019-03-06,4.49,4.55,4.49,4.54,-0.01,-0.22%,52600
EMIS,2019-03-07,4.53,4.54,4.46,4.53,-0.01,-0.22%,8000
EMIS,2019-03-08,4.525,4.6,4.51,4.54,0.01,+0.22%,24400
EMIS,2019-03-11,4.58,4.65,4.55,4.595,0.055,+1.21%,29300
EMIS,2019-03-12,4.6,4.6,4.43,4.55,-0.045,-0.98%,183500
EMIS,2019-03-13,4.57,5.25,4.56,5.25,0.7,+15.38%,345000
EMIS,2019-03-14,5.285,7.2,5.28,6.745,1.495,+28.48%,598100
EMIS,2019-03-15,6.96,8.17,6.85,7.9,1.155,+17.12%,1160900
EMIS,2019-03-18,8.2,8.36,6.53,6.77,-1.13,-14.30%,785800
EMIS,2019-03-19,6.745,7.5,6.66,6.89,0.12,+1.77%,324200
EMIS,2019-03-20,7.05,7.05,6.55,6.94,0.05,+0.73%,189300
EMIS,2019-03-21,7,7.0465,6.6,6.95,0.01,+0.14%,116300
EMIS,2019-03-22,7,7,5.52,5.8,-1.15,-16.55%,398500
EMIS,2019-03-25,5.99,6.25,5.6,5.81,0.01,+0.17%,258100
EMIS,2019-03-26,5.75,6.43,5.75,6.43,0.62,+10.67%,164100
EMIS,2019-03-27,6.39,6.39,6.13,6.31,-0.12,-1.87%,125300
EMIS,2019-03-28,6.26,6.3,5.95,6.1,-0.21,-3.33%,98900
EMIS,2019-03-29,6.3,6.32,6,6.1,0,0.00%,53600
EMIS,2019-04-01,6.33,6.33,6.11,6.2,0.1,+1.64%,81800
EMIS,2019-04-02,5.955,6.22,5.95,6.135,-0.065,-1.05%,39800
EMIS,2019-04-03,6.16,6.34,6.05,6.25,0.115,+1.87%,87700
EMIS,2019-04-04,6.32,6.32,6.1,6.26,0.01,+0.16%,85600
EMIS,2019-04-05,6.25,6.28,6.22,6.26,0,0.00%,18900
EMIS,2019-04-08,6.3,6.5,6.25,6.3,0.04,+0.64%,59100
EMIS,2019-04-09,6.315,6.37,6.26,6.33,0.03,+0.48%,123600
EMIS,2019-04-10,6.3,6.5,6.3,6.38,0.05,+0.79%,99500
EMIS,2019-04-11,6.395,6.63,6.39,6.45,0.07,+1.10%,36900
EMIS,2019-04-12,6.705,6.705,6.42,6.45,0,0.00%,45900
EMIS,2019-04-15,6.5,6.5,6.41,6.45,0,0.00%,32700
EMIS,2019-04-16,6.45,6.5,6.3,6.5,0.05,+0.78%,61000
EMIS,2019-04-17,6.67,6.67,6.3,6.32,-0.18,-2.77%,31000
EMIS,2019-04-18,6.6,6.6,6.32,6.45,0.13,+2.06%,18400
EMIS,2019-04-22,6.45,6.45,6.3,6.44,-0.01,-0.16%,34400
EMIS,2019-04-23,6.35,6.4,6.1,6.4,-0.04,-0.62%,53600
EMIS,2019-04-24,6.36,6.4,6.1,6.4,0,0.00%,43700
EMIS,2019-04-25,6.31,6.4,6.25,6.355,-0.045,-0.70%,19200
EMIS,2019-04-26,6.35,6.68,6.27,6.68,0.325,+5.11%,43500
EMIS,2019-04-29,6.68,6.93,6.3,6.91,0.23,+3.44%,81100
EMIS,2019-04-30,6.95,7.6,6.85,7.6,0.69,+9.99%,124600
EMIS,2019-05-01,7.7,8.2,7.5,8.18,0.58,+7.63%,230500
EMIS,2019-05-02,8.28,8.38,7.78,8.2,0.02,+0.24%,175200
EMIS,2019-05-03,8.11,8.365,8.08,8.35,0.15,+1.83%,84600
EMIS,2019-05-06,8.34,8.4,8.1,8.4,0.05,+0.60%,89400
EMIS,2019-05-07,8.39,8.4,8.1,8.39,-0.01,-0.12%,63500
EMIS,2019-05-08,8.336,8.39,8.05,8.35,-0.04,-0.48%,32600
EMIS,2019-05-09,8.35,8.39,8.186,8.2,-0.15,-1.80%,15400
EMIS,2019-05-10,8.175,8.2,7.76,7.95,-0.25,-3.05%,64000
EMIS,2019-05-13,8.09,8.09,7.65,7.7425,-0.2075,-2.61%,86700
EMIS,2019-05-14,7.75,7.95,7.7,7.7,-0.0425,-0.55%,45800
EMIS,2019-05-15,7.8,7.99,7.65,7.85,0.15,+1.95%,36200
EMIS,2019-05-16,7.8,7.93,7.8,7.92,0.07,+0.89%,9100
EMIS,2019-05-17,7.92,8.15,7.88,7.98,0.06,+0.76%,28000
EMIS,2019-05-20,8.25,8.25,7.9,8,0.02,+0.25%,28900
EMIS,2019-05-21,8.25,8.25,8,8,0,0.00%,36700
EMIS,2019-05-22,8,8.1,8,8.1,0.1,+1.25%,41600
EMIS,2019-05-23,8.08,8.11,8,8.1025,0.0025,+0.03%,47400
EMIS,2019-05-24,8.1,8.2,8.1,8.16,0.0575,+0.71%,44400
EMIS,2019-05-28,8.2,8.2,8,8.2,0.04,+0.49%,49400
EMIS,2019-05-29,8.3,8.3,8.1975,8.25,0.05,+0.61%,40200
EMIS,2019-05-30,8.36,8.36,8.22,8.36,0.11,+1.33%,48400
EMIS,2019-05-31,8.4,8.4,8.26,8.4,0.04,+0.48%,66700
EMIS,2019-06-03,8.54,8.8,8.3,8.75,0.35,+4.17%,68100
EMIS,2019-06-04,8.83,9.085,8.75,9.03,0.28,+3.20%,112400
EMIS,2019-06-05,9.07,9.4,9.01,9.4,0.37,+4.10%,140900
EMIS,2019-06-06,9.4,10.17,9.4,10.05,0.65,+6.91%,389200
EMIS,2019-06-07,10.02,10.15,9.15,9.97,-0.08,-0.80%,290200
EMIS,2019-06-10,10.04,10.49,10,10.45,0.48,+4.81%,144000
EMIS,2019-06-11,10.46,10.6,10,10.25,-0.2,-1.91%,73900
EMIS,2019-06-12,10.29,10.45,10.17,10.39,0.14,+1.37%,68000
EMIS,2019-06-13,10.44,10.44,10,10.1,-0.29,-2.79%,49700
EMIS,2019-06-14,10.13,10.2,9.08,9.95,-0.15,-1.49%,57200
EMIS,2019-06-17,9.99,9.99,8.2,8.7001,-1.2499,-12.56%,186900
EMIS,2019-06-18,8.625,8.95,8.54,8.9,0.1999,+2.30%,113800
EMIS,2019-06-19,8.95,9.6,8.875,9.59,0.69,+7.75%,41300
EMIS,2019-06-20,9.62,10.29,9.38,10.1,0.51,+5.32%,101400
EMIS,2019-06-21,10.075,10.49,9.8001,10.07,-0.03,-0.30%,50200
EMIS,2019-06-24,10.06,10.2,9.68,10.08,0.01,+0.10%,19800
EMIS,2019-06-25,10.43,10.43,9.8,9.85,-0.23,-2.28%,71300
EMIS,2019-06-26,9.85,10.05,9.7,9.72,-0.13,-1.32%,34800
EMIS,2019-06-27,9.9,10,9.8,9.96,0.24,+2.47%,19700
EMIS,2019-06-28,10.04,10.04,9.86,10,0.04,+0.40%,45000
EMIS,2019-07-01,10.04,10.39,9.81,10,0,0.00%,35500
EMIS,2019-07-02,10.05,10.05,9.81,9.95,-0.05,-0.50%,12000
EMIS,2019-07-03,9.81,9.9,9.55,9.78,-0.17,-1.71%,16800
EMIS,2019-07-05,9.82,9.95,9.5,9.87,0.09,+0.92%,42100
EMIS,2019-07-08,9.64,9.85,9.64,9.8,-0.07,-0.71%,39600
EMIS,2019-07-09,10,10,9.5,9.8,0,0.00%,10000
EMIS,2019-07-10,9.8,9.8,9.51,9.61,-0.19,-1.94%,11900
EMIS,2019-07-11,9.55,9.64,9.1,9.47,-0.14,-1.46%,139900
EMIS,2019-07-12,9.45,9.5,9.3,9.45,-0.02,-0.21%,21700
EMIS,2019-07-15,9.35,9.99,9.35,9.45,0,0.00%,24000
EMIS,2019-07-16,9.36,9.8,9.31,9.42,-0.03,-0.32%,33600
EMIS,2019-07-17,9.455,9.5,9.3,9.38,-0.04,-0.42%,20300
EMIS,2019-07-18,9.37,9.45,9.37,9.4,0.02,+0.21%,25500
EMIS,2019-07-19,9.4,9.42,9.26,9.35,-0.05,-0.53%,17300
EMIS,2019-07-22,9.42,9.42,9,9.35,0,0.00%,64500
EMIS,2019-07-23,9.21,9.3,9.2,9.3,-0.05,-0.53%,18100
EMIS,2019-07-24,9.25,9.3,9.02,9.1,-0.2,-2.15%,48600
EMIS,2019-07-25,9.1,9.42,9.04,9.2,0.1,+1.10%,25600
EMIS,2019-07-26,9.22,9.48,9.2,9.35,0.15,+1.63%,29400
EMIS,2019-07-29,9.4,9.72,9.36,9.6,0.25,+2.67%,55500
EMIS,2019-07-30,9.65,9.75,9.62,9.69,0.09,+0.94%,38200
EMIS,2019-07-31,9.7,9.7,9.55,9.55,-0.14,-1.44%,17600
EMIS,2019-08-01,9.55,9.85,9.5,9.56,0.01,+0.10%,33500
EMIS,2019-08-02,9.85,9.85,9.4,9.59,0.03,+0.31%,12400
EMIS,2019-08-05,9.67,10,9.32,9.4,-0.19,-1.98%,36900
EMIS,2019-08-06,9.875,9.875,9.46,9.7,0.3,+3.19%,16800
EMIS,2019-08-07,9.69,9.8,9.31,9.8,0.1,+1.03%,69100
EMIS,2019-08-08,9.79,9.83,9.75,9.83,0.03,+0.31%,22200
EMIS,2019-08-09,9.835,9.835,9.8,9.8,-0.03,-0.31%,10300
EMIS,2019-08-12,9.8,9.9,9.75,9.87,0.07,+0.71%,62100
EMIS,2019-08-13,9.85,9.99,9.85,9.95,0.08,+0.81%,20300
EMIS,2019-08-14,9.9,9.95,9.76,9.92,-0.03,-0.30%,147700
EMIS,2019-08-15,9.9,10.25,9.9,10.115,0.195,+1.97%,89300
EMIS,2019-08-16,10.13,10.37,9.9,10.35,0.235,+2.32%,74300
EMIS,2019-08-19,10.365,10.49,10.26,10.26,-0.09,-0.87%,68400
EMIS,2019-08-20,10.15,10.33,10.15,10.25,-0.01,-0.10%,28200
EMIS,2019-08-21,10.35,10.35,10.25,10.25,0,0.00%,22400
EMIS,2019-08-22,10.35,10.37,10.25,10.25,0,0.00%,14700
EMIS,2019-08-23,10.48,10.48,10.25,10.35,0.1,+0.98%,17300
EMIS,2019-08-26,10.25,10.26,10,10.11,-0.24,-2.32%,65100
EMIS,2019-08-27,10.1,10.1052,10,10.01,-0.1,-0.99%,96900
EMIS,2019-08-28,10.05,10.05,9.74,9.8592,-0.1508,-1.51%,49900
EMIS,2019-08-29,9.83,10.14,9.83,10.1,0.2408,+2.44%,63900
EMIS,2019-08-30,10,10.1,9.9,10,-0.1,-0.99%,35300
EMIS,2019-09-03,10,10,9.8,9.95,-0.05,-0.50%,7000
EMIS,2019-09-04,10,10,9.85,9.89,-0.06,-0.60%,11100
EMIS,2019-09-05,9.955,10.0001,9.81,9.86,-0.03,-0.30%,37200
EMIS,2019-09-06,9.8,9.9,9.8,9.85,-0.01,-0.10%,10200
EMIS,2019-09-09,9.885,10.13,9.88,9.99,0.14,+1.42%,62900
EMIS,2019-09-10,10.1,10.2868,9.31,9.85,-0.14,-1.40%,54900
EMIS,2019-09-11,9.9,9.92,9.5,9.6592,-0.1908,-1.94%,19400
EMIS,2019-09-12,9.62,9.95,9.4,9.53,-0.1292,-1.34%,113300
EMIS,2019-09-13,9.67,9.67,9.2,9.4,-0.13,-1.36%,68500
EMIS,2019-09-16,9.89,9.89,9.26,9.4325,0.0325,+0.35%,29900
EMIS,2019-09-17,9.45,9.98,9.25,9.4499,0.0174,+0.18%,31600
EMIS,2019-09-18,9.525,9.525,9.4,9.49,0.0401,+0.42%,29600
EMIS,2019-09-19,9.49,9.7,9.41,9.7,0.21,+2.21%,90900
EMIS,2019-09-20,9.61,11.23,9.58,10.25,0.55,+5.67%,794000
EMIS,2019-09-23,10.25,11,8.34,8.4501,-1.7999,-17.56%,362000
EMIS,2019-09-24,8.55,8.55,6.86,7.95,-0.5001,-5.92%,1082000
EMIS,2019-09-25,7.97,9,7.88,8.85,0.9,+11.32%,223300
EMIS,2019-09-26,9,9.35,8.71,9.15,0.3,+3.39%,226900
EMIS,2019-09-27,9.225,9.225,9,9.1,-0.05,-0.55%,66500
EMIS,2019-09-30,9.195,9.25,9.1,9.2,0.1,+1.10%,74600
EMIS,2019-10-01,9.13,9.35,9.13,9.18,-0.02,-0.22%,38000
EMIS,2019-10-02,9.25,9.25,8.96,9.1,-0.08,-0.87%,91600
EMIS,2019-10-03,9.05,9.1,9,9.0525,-0.0475,-0.52%,38400
EMIS,2019-10-04,9.05,9.08,8.99,9,-0.0525,-0.58%,20700
EMIS,2019-10-07,9,9.03,8.9,9,0,0.00%,50600
EMIS,2019-10-08,8.9,9,8.7501,9,0,0.00%,54700
EMIS,2019-10-09,8.9,8.935,8.9,8.9,-0.1,-1.11%,6300
EMIS,2019-10-10,8.97,8.98,8.7001,8.9,0,0.00%,27100
EMIS,2019-10-11,8.75,8.89,8.75,8.865,-0.035,-0.39%,22400
EMIS,2019-10-14,8.85,8.98,8.7845,8.8,-0.065,-0.73%,19200
EMIS,2019-10-15,8.82,8.82,7.6,8.33,-0.47,-5.34%,116100
EMIS,2019-10-16,8.2,8.22,7.73,7.94,-0.39,-4.68%,193700
EMIS,2019-10-17,7.66,8.25,7.65,8.16,0.22,+2.77%,101400
EMIS,2019-10-18,8.1,8.14,7.81,7.86,-0.3,-3.68%,24600
EMIS,2019-10-21,7.85,7.95,7.8,7.86,0,0.00%,26800
EMIS,2019-10-22,7.52,7.7,6.94,7.24,-0.62,-7.89%,299800
EMIS,2019-10-23,7.17,7.19,5.55,6.4,-0.84,-11.60%,535700
EMIS,2019-10-24,6.38,6.38,5.75,6.2,-0.2,-3.13%,99000
EMIS,2019-10-25,6.15,6.8,5.95,6.58,0.38,+6.13%,126700
EMIS,2019-10-28,6.9,7.3999,6.65,7.31,0.73,+11.09%,66700
EMIS,2019-10-29,7.28,7.75,7.28,7.55,0.24,+3.28%,59100
EMIS,2019-10-30,7.72,7.72,7.01,7.4,-0.15,-1.99%,39300
EMIS,2019-10-31,7.35,7.6,7.35,7.45,0.05,+0.68%,7500
EMIS,2019-11-01,7.45,7.65,7.36,7.36,-0.09,-1.21%,23800
EMIS,2019-11-04,7.18,7.58,7.16,7.26,-0.1,-1.36%,25100
EMIS,2019-11-05,7.12,7.3,6.63,6.66,-0.6,-8.26%,136100
EMIS,2019-11-06,6.66,6.745,6.41,6.41,-0.25,-3.75%,77200
EMIS,2019-11-07,6.45,7.4,6.45,7.25,0.84,+13.10%,40300
EMIS,2019-11-08,7.26,7.72,7.25,7.46,0.21,+2.90%,84100
EMIS,2019-11-11,7.6,7.6,7.27,7.28,-0.18,-2.41%,9700
EMIS,2019-11-12,7.3,7.31,6.95,7.1,-0.18,-2.47%,41400
EMIS,2019-11-13,7.23,7.23,6.95,6.995,-0.105,-1.48%,26500
EMIS,2019-11-14,6.95,7.05,6.79,6.9,-0.095,-1.36%,42300
EMIS,2019-11-15,6.87,6.95,6.7,6.71,-0.19,-2.75%,32100
EMIS,2019-11-18,6.57,6.75,6.31,6.415,-0.295,-4.40%,63300
EMIS,2019-11-19,6.388,6.4,6.06,6.11,-0.305,-4.75%,69900
EMIS,2019-11-20,6.3,6.4,5.66,5.78,-0.33,-5.40%,110000
EMIS,2019-11-21,5.74,5.74,4.75,4.84,-0.94,-16.26%,618400
EMIS,2019-11-22,4.85,5.05,3.88,5.02,0.18,+3.72%,515300
EMIS,2019-11-25,4.71,5.24,4.71,4.97,-0.05,-1.00%,128800
EMIS,2019-11-26,4.96,4.96,4.51,4.72,-0.25,-5.03%,40300
EMIS,2019-11-27,4.645,4.645,4.25,4.445,-0.275,-5.83%,69600
EMIS,2019-11-29,4.44,5.05,4.25,4.99,0.545,+12.26%,32200
EMIS,2019-12-02,4.98,5,4.6,4.99,0,0.00%,35600
EMIS,2019-12-03,4.9,5.45,4.62,5.2,0.21,+4.21%,108400
EMIS,2019-12-04,5.2,5.35,5.02,5.2199,0.0199,+0.38%,27700
EMIS,2019-12-05,5.23,5.52,5.23,5.38,0.1601,+3.07%,22400
EMIS,2019-12-06,5.26,6.35,5.19,5.7,0.32,+5.95%,84700
EMIS,2019-12-09,5.6,5.893,5.575,5.67,-0.03,-0.53%,43000
EMIS,2019-12-10,5.785,5.95,5.67,5.76,0.09,+1.59%,20500
EMIS,2019-12-11,5.76,5.94,5.76,5.94,0.18,+3.13%,11000
EMIS,2019-12-12,5.95,5.95,5.75,5.94,0,0.00%,17000
EMIS,2019-12-13,5.865,6.01,5.7,5.75,-0.19,-3.20%,38200
EMIS,2019-12-16,5.74,5.74,5.25,5.28,-0.47,-8.17%,47000
EMIS,2019-12-17,5.3256,5.41,5.02,5.33,0.05,+0.95%,173200
EMIS,2019-12-18,5.35,5.4,5.07,5.2,-0.13,-2.44%,87900
EMIS,2019-12-19,5.2,5.55,5.2,5.48,0.28,+5.38%,64500
EMIS,2019-12-20,5.42,5.6,5.3,5.45,-0.03,-0.55%,129500
EMIS,2019-12-23,5.36,5.69,5.05,5.59,0.14,+2.57%,41100
EMIS,2019-12-24,5.6,5.85,5.6,5.7,0.11,+1.97%,50500
EMIS,2019-12-26,5.7,6.2,5.7,6.2,0.5,+8.77%,27000
EMIS,2019-12-27,6,7.05,6,6.89,0.69,+11.13%,88600
EMIS,2019-12-30,6.95,7.6,6.95,7.56,0.67,+9.72%,85800
EMIS,2019-12-31,7.6,7.6,7.5,7.5,-0.06,-0.79%,108900
EMIS,2020-01-02,7.5,7.5,6.5335,6.9,-0.6,-8.00%,91900
EMIS,2020-01-03,6.75,7.5,6.65,7.4,0.5,+7.25%,38100
EMIS,2020-01-06,7.4,7.43,7,7.1899,-0.2101,-2.84%,18300
EMIS,2020-01-07,7.091,7.1,6.81,7,-0.1899,-2.64%,39300
EMIS,2020-01-08,7,7,6.75,6.87,-0.13,-1.86%,16000
EMIS,2020-01-09,6.775,6.9,6.63,6.9,0.03,+0.44%,15300
EMIS,2020-01-10,6.8948,7.1205,6.8948,7.07,0.17,+2.46%,13900
EMIS,2020-01-13,7.07,7.15,6.95,7.15,0.08,+1.13%,22900
EMIS,2020-01-14,7.17,7.24,7.17,7.19,0.04,+0.56%,30200
EMIS,2020-01-15,7.24,7.5,7.24,7.37,0.18,+2.50%,257200
EMIS,2020-01-16,7.364,7.6,7.3,7.565,0.195,+2.65%,75000
EMIS,2020-01-17,7.72,8.24,7.6,7.9,0.335,+4.43%,195100
EMIS,2020-01-21,7.72,8.32,7.72,8.17,0.27,+3.42%,43900
EMIS,2020-01-22,8.295,8.34,8.1,8.34,0.17,+2.08%,60200
EMIS,2020-01-23,8.1,8.29,8.1,8.29,-0.05,-0.60%,39700
EMIS,2020-01-24,8.2,8.71,8.2,8.7,0.41,+4.95%,99900
EMIS,2020-01-27,8.63,8.78,8.62,8.78,0.08,+0.92%,73300
EMIS,2020-01-28,8.89,9.075,8.75,8.99,0.21,+2.39%,99900
EMIS,2020-01-29,8.97,9.08,8.56,9,0.01,+0.11%,40000
EMIS,2020-01-30,9.08,9.09,8.98,9,0,0.00%,35600
EMIS,2020-01-31,9.015,9.03,8.85,9.0135,0.0135,+0.15%,87500
EMIS,2020-02-03,8.95,9.12,8.7,9.03,0.0165,+0.18%,21700
EMIS,2020-02-04,8.95,9,8.5,8.75,-0.28,-3.10%,32100
EMIS,2020-02-05,8.75,9.15,8.75,9,0.25,+2.86%,91100
EMIS,2020-02-06,8.75,9.16,8.75,8.95,-0.05,-0.56%,40400
EMIS,2020-02-07,8.85,9.05,8.5,9.05,0.1,+1.12%,40200
EMIS,2020-02-10,8.875,8.875,8.21,8.63,-0.42,-4.64%,43000
EMIS,2020-02-11,8.5,8.63,7.5,7.78,-0.85,-9.85%,103500
EMIS,2020-02-12,8,8.2,7.7,7.9,0.12,+1.54%,53400
EMIS,2020-02-13,7.72,7.9,7.72,7.9,0,0.00%,12900
EMIS,2020-02-14,8,8.18,7.8,7.91,0.01,+0.13%,19600
EMIS,2020-02-18,7.8,7.89,7.8,7.85,-0.06,-0.76%,22000
EMIS,2020-02-19,7.95,7.99,7.52,7.8,-0.05,-0.64%,58800
EMIS,2020-02-20,7.84,7.9,7.79,7.9,0.1,+1.28%,33300
EMIS,2020-02-21,7.8675,7.9,7.63,7.8,-0.1,-1.27%,27500
EMIS,2020-02-24,7.55,7.6,7.2,7.33,-0.47,-6.03%,67100
EMIS,2020-02-25,7.33,7.35,6.9,7.05,-0.28,-3.82%,57000
EMIS,2020-02-26,6.98,7.1,6.73,6.95,-0.1,-1.42%,57600
EMIS,2020-02-27,6.83,6.83,6.5,6.6,-0.35,-5.04%,74500
EMIS,2020-02-28,5.85,6.4499,5.85,6.14,-0.46,-6.97%,150000
EMIS,2020-03-02,6.433,6.65,6.2,6.3,0.16,+2.61%,60400
EMIS,2020-03-03,6.4,6.55,6,6.3,0,0.00%,40400
EMIS,2020-03-04,6.22,7.05,6.22,7.05,0.75,+11.90%,17900
EMIS,2020-03-05,7.05,7.35,6.8,7.05,0,0.00%,19900
EMIS,2020-03-06,7.05,7.06,6.9,6.95,-0.1,-1.42%,19000
EMIS,2020-03-09,6.5,6.625,6.3,6.35,-0.6,-8.63%,67500
EMIS,2020-03-10,6.35,7.05,6.35,6.62,0.27,+4.25%,27300
EMIS,2020-03-11,6.5,6.65,6.4,6.45,-0.17,-2.57%,41100
EMIS,2020-03-12,6.29,6.3,5.5,5.7,-0.75,-11.63%,185200
EMIS,2020-03-13,5.98,6.12,5.53,5.9,0.2,+3.51%,46800
EMIS,2020-03-16,5.8,5.85,4.51,5.3,-0.6,-10.17%,95600
EMIS,2020-03-17,5.3,5.52,4.65,5,-0.3,-5.66%,123400
EMIS,2020-03-18,5.007,5.2,4.06,4.54,-0.46,-9.20%,207700
EMIS,2020-03-19,4.475,4.95,4.25,4.6,0.06,+1.32%,140800
EMIS,2020-03-20,4.75,4.9,4.65,4.75,0.15,+3.26%,92100
EMIS,2020-03-23,4.53,4.59,4.375,4.5,-0.25,-5.26%,98000
EMIS,2020-03-24,4.46,5.09,4.46,4.9,0.4,+8.89%,63700
EMIS,2020-03-25,4.92,5.5,4.91,5.24,0.34,+6.94%,231700
EMIS,2020-03-26,5.25,5.44,5.22,5.35,0.11,+2.10%,36300
EMIS,2020-03-27,5.35,5.8075,5.23,5.7,0.35,+6.54%,37400
EMIS,2020-03-30,5.4975,5.8225,5.45,5.65,-0.05,-0.88%,72800
EMIS,2020-03-31,5.65,5.65,5.5,5.55,-0.1,-1.77%,13000
EMIS,2020-04-01,5.18,5.325,4.78,5.05,-0.5,-9.01%,48700
EMIS,2020-04-02,5.05,5.22,5.05,5.2199,0.1699,+3.36%,6900
EMIS,2020-04-03,5.194,5.29,4.88,5.1,-0.1199,-2.30%,38500
EMIS,2020-04-06,5.01,5.69,5,5.5,0.4,+7.84%,121900
EMIS,2020-04-07,5.69,6.525,5.69,6.25,0.75,+13.64%,125000
EMIS,2020-04-08,6.25,6.75,6.25,6.565,0.315,+5.04%,145200
EMIS,2020-04-09,6.68,6.68,6.5,6.52,-0.045,-0.69%,50100
EMIS,2020-04-13,6.52,6.52,5.51,6.065,-0.455,-6.98%,86200
EMIS,2020-04-14,6.08,6.25,6.01,6.25,0.185,+3.05%,25200
EMIS,2020-04-15,6.25,6.25,6.03,6.15,-0.1,-1.60%,22300
EMIS,2020-04-16,6.23,6.23,6.1,6.105,-0.045,-0.73%,35100
EMIS,2020-04-17,6.1,6.115,6,6.02,-0.085,-1.39%,14200
EMIS,2020-04-20,6,6.05,5.75,5.86,-0.16,-2.66%,36100
EMIS,2020-04-21,5.75,5.75,5.56,5.6625,-0.1975,-3.37%,23800
EMIS,2020-04-22,5.7,5.75,5.6001,5.74,0.0775,+1.37%,11600
EMIS,2020-04-23,5.74,5.94,5.695,5.94,0.2,+3.48%,19500
EMIS,2020-04-24,5.85,5.895,5.62,5.75,-0.19,-3.20%,29600
EMIS,2020-04-27,5.75,5.9,5.55,5.85,0.1,+1.74%,9000
EMIS,2020-04-28,5.84,5.84,5.7301,5.76,-0.09,-1.54%,9500
EMIS,2020-04-29,5.7525,5.85,5.5,5.76,0,0.00%,28300
EMIS,2020-04-30,5.6,5.675,5.55,5.62,-0.14,-2.43%,20100
EMIS,2020-05-01,5.63,5.85,5.59,5.71,0.09,+1.60%,9300
EMIS,2020-05-04,5.7,5.725,5.6,5.63,-0.08,-1.40%,6500
EMIS,2020-05-05,5.7,5.71,5.65,5.65,0.02,+0.36%,4900
EMIS,2020-05-06,5.66,5.7,5.36,5.66,0.01,+0.18%,14700
EMIS,2020-05-07,5.57,5.69,5.5001,5.69,0.03,+0.53%,10000
EMIS,2020-05-08,5.67,5.7,5.35,5.65,-0.04,-0.70%,21200
EMIS,2020-05-11,5.6,5.69,5.25,5.69,0.04,+0.71%,7600
EMIS,2020-05-12,5.63,5.642,5.44,5.55,-0.14,-2.46%,18900
EMIS,2020-05-13,5.5,5.98,5.5,5.93,0.38,+6.85%,30600
EMIS,2020-05-14,5.825,5.96,5.82,5.96,0.03,+0.51%,2700
EMIS,2020-05-15,5.82,5.95,5.7675,5.79,-0.17,-2.85%,13700
EMIS,2020-05-18,5.62,5.7,5.5,5.7,-0.09,-1.55%,16500
EMIS,2020-05-19,5.6,5.69,5.5,5.69,-0.01,-0.18%,15900
EMIS,2020-05-20,5.51,5.65,5.45,5.65,-0.04,-0.70%,14500
EMIS,2020-05-21,5.54,5.6,5.42,5.6,-0.05,-0.88%,6800
EMIS,2020-05-22,5.35,5.68,5,5.65,0.05,+0.89%,23600
EMIS,2020-05-26,5.68,5.88,5.68,5.83,0.18,+3.19%,28300
EMIS,2020-05-27,5.75,5.75,5.28,5.5,-0.33,-5.66%,14700
EMIS,2020-05-28,5.53,5.79,5.51,5.79,0.29,+5.27%,16800
EMIS,2020-05-29,5.783,5.805,5.75,5.8,0.01,+0.17%,21200
EMIS,2020-06-01,5.75,5.8,5.46,5.7,-0.1,-1.72%,18000
EMIS,2020-06-02,5.66,5.85,5.66,5.85,0.15,+2.63%,7100
EMIS,2020-06-03,5.8,5.85,5.59,5.75,-0.1,-1.71%,21400
EMIS,2020-06-04,5.66,5.79,5.58,5.75,0,0.00%,28200
EMIS,2020-06-05,5.7,5.7665,5.58,5.62,-0.13,-2.26%,62800
EMIS,2020-06-08,5.6,5.76,5.59,5.59,-0.03,-0.53%,21600
EMIS,2020-06-09,5.57,5.75,5.55,5.7,0.11,+1.97%,5500
EMIS,2020-06-10,5.715,5.9325,5.63,5.7,0,0.00%,20900
EMIS,2020-06-11,5.5,5.6935,5.5,5.54,-0.16,-2.81%,9400
EMIS,2020-06-12,5.51,5.65,5.51,5.65,0.11,+1.99%,10600
EMIS,2020-06-15,5.68,5.68,5.55,5.56,-0.09,-1.59%,3900
EMIS,2020-06-16,5.64,5.72,5.5,5.64,0.08,+1.44%,29600
EMIS,2020-06-17,5.6,5.6,5.4,5.5,-0.14,-2.48%,18600
EMIS,2020-06-18,5.5,5.74,5.5,5.5825,0.0825,+1.50%,32500
EMIS,2020-06-19,5.635,5.67,5.55,5.5501,-0.0324,-0.58%,12900
EMIS,2020-06-22,5.27,5.59,5.27,5.56,0.0099,+0.18%,9500
EMIS,2020-06-23,5.34,5.7,5.34,5.6,0.04,+0.72%,13300
EMIS,2020-06-24,5.6,5.7,5.6,5.61,0.01,+0.18%,23100
EMIS,2020-06-25,5.7,5.7,5.62,5.62,0.01,+0.18%,21600
EMIS,2020-06-26,5.63,5.7,5.035,5.5,-0.12,-2.14%,49900
EMIS,2020-06-29,5.51,5.613,5.27,5.55,0.05,+0.91%,22000
EMIS,2020-06-30,5.35,5.6,5.35,5.57,0.02,+0.36%,6000
EMIS,2020-07-01,5.56,5.65,5.48,5.528,-0.042,-0.75%,16800
EMIS,2020-07-02,5.49,5.6635,5.49,5.58,0.052,+0.94%,12600
EMIS,2020-07-06,5.56,5.72,5.56,5.72,0.14,+2.51%,12600
EMIS,2020-07-07,5.63,5.75,5.6,5.74,0.02,+0.35%,12200
EMIS,2020-07-08,5.6825,5.7,5.65,5.7,-0.04,-0.70%,2600
EMIS,2020-07-09,5.65,5.71,5.65,5.68,-0.02,-0.35%,7100
EMIS,2020-07-10,5.59,5.75,5.57,5.75,0.07,+1.23%,4100
EMIS,2020-07-13,5.6,5.75,5.6,5.75,0,0.00%,6800
EMIS,2020-07-14,5.795,5.795,5.66,5.66,-0.09,-1.57%,16500
EMIS,2020-07-15,5.62,5.8,5.57,5.63,-0.03,-0.53%,23000
EMIS,2020-07-16,5.617,5.75,5.617,5.75,0.12,+2.13%,15200
EMIS,2020-07-17,5.65,5.77,5.65,5.66,-0.09,-1.57%,12700
EMIS,2020-07-20,5.68,5.79,5.66,5.79,0.13,+2.30%,2100
EMIS,2020-07-21,5.655,6.09,5.655,6.05,0.26,+4.49%,65100
EMIS,2020-07-22,6.05,6.12,5.96,6.119,0.069,+1.14%,15600
EMIS,2020-07-23,6.1,6.3,5.69,6.12,0.001,+0.02%,18600
EMIS,2020-07-24,6.05,6.13,5.97,6.1,-0.02,-0.33%,16000
EMIS,2020-07-27,6.1,6.25,6.1,6.25,0.15,+2.46%,7600
EMIS,2020-07-28,6.32,6.66,6.32,6.58,0.33,+5.28%,64700
EMIS,2020-07-29,6.6,6.74,6.4,6.48,-0.1,-1.52%,91100
EMIS,2020-07-30,6.68,6.68,6.4,6.512,0.032,+0.49%,33000
EMIS,2020-07-31,6.51,6.67,6.19,6.51,-0.002,-0.03%,32600
EMIS,2020-08-03,6.49,6.65,5.8,6.62,0.11,+1.69%,29000
EMIS,2020-08-04,6.68,6.82,6.6,6.75,0.13,+1.96%,39200
EMIS,2020-08-05,6.735,6.875,6.55,6.72,-0.03,-0.44%,37300
EMIS,2020-08-06,6.6,6.9,6.58,6.86,0.14,+2.08%,16700
EMIS,2020-08-07,6.86,7.5,6.86,7.5,0.64,+9.33%,63100
EMIS,2020-08-10,7.535,7.6,6.91,7.065,-0.435,-5.80%,40200
EMIS,2020-08-11,7,7.445,7,7.39,0.325,+4.60%,9600
EMIS,2020-08-12,7.39,7.8,7.372,7.52,0.13,+1.76%,18900
EMIS,2020-08-13,7.44,7.7,7.25,7.56,0.04,+0.53%,43200
EMIS,2020-08-14,7.75,7.75,7.55,7.68,0.12,+1.59%,25200
EMIS,2020-08-17,7.69,7.715,7.4,7.525,-0.155,-2.02%,20100
EMIS,2020-08-18,7.55,7.55,6.9,7.47,-0.055,-0.73%,10700
EMIS,2020-08-19,7.3,7.3,6.95,7.2,-0.27,-3.61%,35400
EMIS,2020-08-20,7.2,7.2,6.95,7.1,-0.1,-1.39%,7600
EMIS,2020-08-21,7.05,7.0825,7.025,7.0825,-0.0175,-0.25%,6600
EMIS,2020-08-24,7,7.05,6.54,6.8,-0.2825,-3.99%,21500
EMIS,2020-08-25,6.75,7,6.52,6.99,0.19,+2.79%,11900
EMIS,2020-08-26,6.82,7,6.76,6.99,0,0.00%,9000
EMIS,2020-08-27,7,7.05,6.58,6.72,-0.27,-3.86%,32500
EMIS,2020-08-28,6.74,6.99,6.74,6.99,0.27,+4.02%,37000
EMIS,2020-08-31,6.99,7.0325,6.61,6.78,-0.21,-3.00%,54600
EMIS,2020-09-01,6.7,7.0565,6.7,7.0565,0.2765,+4.08%,16500
EMIS,2020-09-02,7.05,7.05,6.9,6.9,-0.1565,-2.22%,7600
EMIS,2020-09-03,6.9,7.075,6.9,7.05,0.15,+2.17%,25900
EMIS,2020-09-04,7.06,7.1725,7.06,7.153,0.103,+1.46%,28900
EMIS,2020-09-08,7.1899,7.49,7.16,7.4,0.247,+3.45%,10600
EMIS,2020-09-09,7.3,7.44,7.3,7.41,0.01,+0.14%,18000
EMIS,2020-09-10,7.44,7.5,7.4,7.45,0.04,+0.54%,30600
EMIS,2020-09-11,7.487,7.7,7.45,7.68,0.23,+3.09%,38100
EMIS,2020-09-14,7.67,8.4,7.67,8.28,0.6,+7.81%,76000
EMIS,2020-09-15,8.3,8.3,8,8.07,-0.21,-2.54%,31100
EMIS,2020-09-16,8.09,8.3,8,8.2,0.13,+1.61%,23100
EMIS,2020-09-17,8,8.15,7.5,7.85,-0.35,-4.27%,79700
EMIS,2020-09-18,7.75,7.85,7.5,7.75,-0.1,-1.27%,9600
EMIS,2020-09-21,7.8,8.085,7.62,8.014,0.264,+3.41%,16700
EMIS,2020-09-22,8,8.07,7.88,8.05,0.036,+0.45%,27100
EMIS,2020-09-23,7.95,8.04,7.9,8.01,-0.04,-0.50%,27400
EMIS,2020-09-24,7.95,8,7.47,7.925,-0.085,-1.06%,25100
EMIS,2020-09-25,8,8.15,7.8625,8.1375,0.2125,+2.68%,23200
EMIS,2020-09-28,8.15,8.25,8.12,8.13,-0.0075,-0.09%,12700
EMIS,2020-09-29,8.1,8.25,8.1,8.15,0.02,+0.25%,5700
EMIS,2020-09-30,8.1,8.4,8.1,8.4,0.25,+3.07%,32000
EMIS,2020-10-01,8.4,8.4,8,8.32,-0.08,-0.95%,33200
EMIS,2020-10-02,7.89,8.34,7.89,8.28,-0.04,-0.48%,10800
EMIS,2020-10-05,8.3,8.36,8.3,8.35,0.07,+0.85%,34700
EMIS,2020-10-06,7.84,8.2,7.84,8.05,-0.3,-3.59%,24500
EMIS,2020-10-07,8.05,8.2,7.92,8.2,0.15,+1.86%,7200
EMIS,2020-10-08,8.04,8.19,8.04,8.17,-0.03,-0.37%,58500
EMIS,2020-10-09,8.1865,8.33,8.1865,8.19,0.02,+0.24%,8700
EMIS,2020-10-12,8.18,8.3,8.13,8.27,0.08,+0.98%,15500
EMIS,2020-10-13,8.2,8.2,7.52,7.99,-0.28,-3.39%,53600
EMIS,2020-10-14,7.95,7.95,7.62,7.7,-0.29,-3.63%,32100
EMIS,2020-10-15,7.735,7.99,7.6,7.89,0.19,+2.47%,14500
EMIS,2020-10-16,7.805,7.9,7.75,7.8,-0.09,-1.14%,11000
EMIS,2020-10-19,7.79,7.79,7.35,7.6,-0.2,-2.56%,37200
EMIS,2020-10-20,7.5,7.6,7.26,7.43,-0.17,-2.24%,7700
EMIS,2020-10-21,7.5,7.5,7.3,7.5,0.07,+0.94%,6800
EMIS,2020-10-22,7.34,7.38,7.26,7.38,-0.12,-1.60%,24400
EMIS,2020-10-23,7.22,7.3,7.15,7.24,-0.14,-1.90%,6900
EMIS,2020-10-26,7.23,7.23,6.9,7,-0.24,-3.31%,15900
EMIS,2020-10-27,7,7.2,6.905,7.2,0.2,+2.86%,11600
EMIS,2020-10-28,6.96,7.26,6.83,7.12,-0.08,-1.11%,7700
EMIS,2020-10-29,7.15,7.15,6.8,7.06,-0.06,-0.84%,21100
EMIS,2020-10-30,6.8,7.07,6.8,7,-0.06,-0.85%,4100
EMIS,2020-11-02,6.8,6.9,6.52,6.78,-0.22,-3.14%,63500
EMIS,2020-11-03,6.8,6.8,6.5,6.68,-0.1,-1.47%,27700
EMIS,2020-11-04,6.74,6.88,6.5,6.55,-0.13,-1.95%,15300
EMIS,2020-11-05,6.63,7,6.63,6.88,0.33,+5.04%,4000
EMIS,2020-11-06,7.9,7.92,7.5,7.58,0.7,+10.17%,705400
EMIS,2020-11-09,7.54,7.6,7.52,7.54,-0.04,-0.53%,328300
EMIS,2020-11-10,7.53,7.55,7.48,7.5,-0.04,-0.53%,96400
EMIS,2020-11-11,7.48,7.6,7.42,7.52,0.02,+0.27%,164600
EMIS,2020-11-12,7.54,7.65,7.5,7.62,0.1,+1.33%,504300
EMIS,2020-11-13,7.62,7.69,7.61,7.63,0.01,+0.13%,1665900
EMIS,2020-11-16,7.63,7.65,7.62,7.64,0.01,+0.13%,187100
EMIS,2020-11-17,7.65,7.7,7.62,7.64,0,0.00%,336700
EMIS,2020-11-18,7.63,7.685,7.63,7.64,0,0.00%,135900
EMIS,2020-11-19,7.64,7.68,7.63,7.6335,-0.0065,-0.09%,37100
EMIS,2020-11-20,7.63,7.7,7.63,7.64,0.0065,+0.09%,1125600
EMIS,2020-11-23,7.64,7.7,7.63,7.65,0.01,+0.13%,400200
EMIS,2020-11-24,7.64,7.69,7.64,7.65,0,0.00%,300300
EMIS,2020-11-25,7.65,7.74,7.65,7.74,0.09,+1.18%,389000
EMIS,2020-11-27,7.7,7.76,7.69,7.76,0.02,+0.26%,211500
EMIS,2020-11-30,7.77,7.8,7.7615,7.78,0.02,+0.26%,415800
EMIS,2020-12-01,7.78,7.8,7.77,7.8,0.02,+0.26%,1535900
EMIS,2020-12-02,7.78,7.8,7.77,7.78,-0.02,-0.26%,441100
EMIS,2020-12-03,7.8,7.8,7.78,7.78,0,0.00%,308900
EMIS,2020-12-04,7.78,7.815,7.78,7.8,0.02,+0.26%,225100
EMIS,2020-12-07,7.8,7.815,7.79,7.8,0,0.00%,279300
EMIS,2020-12-08,7.8,7.82,7.8,7.81,0.01,+0.13%,184500
EMIS,2025-10-22,9.91,9.95,9.9,9.95,2.14,+27.40%,83500
EMIS,2025-10-23,9.9,9.94,9.9,9.94,-0.01,-0.10%,841500
EMIS,2025-10-24,9.94,9.94,9.9,9.9,-0.04,-0.40%,7200
EMIS,2025-10-27,9.93,9.93,9.91,9.91,0.01,+0.10%,69300
EMIS,2025-10-28,9.92,9.93,9.92,9.925,0.015,+0.15%,177500
EMIS,2025-10-29,9.93,9.94,9.9235,9.94,0.015,+0.15%,55800
EMIS,2025-10-30,9.93,9.945,9.92,9.935,-0.005,-0.05%,141800
EMIS,2025-10-31,9.94,9.945,9.935,9.94,0.005,+0.05%,211300
EMIS,2025-11-03,9.93,9.94,9.93,9.93,-0.01,-0.10%,3900
EMIS,2025-11-04,9.94,9.95,9.93,9.94,0.01,+0.10%,710500
EMIS,2025-11-05,9.945,9.945,9.94,9.94,0,0.00%,252200
EMIS,2025-11-06,9.94,9.96,9.94,9.95,0.01,+0.10%,10000
EMIS,2025-11-19,9.9339,9.9339,9.9339,9.9339,-0.0161,-0.16%,1000
EMIS,2025-11-20,9.93,9.935,9.92,9.92,-0.0139,-0.14%,100100
EMIS,2025-11-25,9.92,9.96,9.92,9.96,0.04,+0.40%,800
EMIS,2025-11-28,9.96,9.96,9.96,9.96,0,0.00%,100
EMIS,2025-12-01,9.96,9.96,9.94,9.94,-0.02,-0.20%,33800
EMIS,2025-12-02,9.95,9.95,9.95,9.95,0.01,+0.10%,100
EMIS,2025-12-03,9.96,9.99,9.94,9.99,0.04,+0.40%,35800
EMIS,2025-12-04,10,10,9.965,9.9664,-0.0236,-0.24%,10400
EMIS,2025-12-05,9.9308,10.02,9.9308,10.02,0.0536,+0.54%,200
EMIS,2025-12-08,10.02,10.02,10.02,10.02,0,0.00%,100
EMIS,2025-12-09,10.02,10.02,10.02,10.02,0,0.00%,200
EMIS,2025-12-10,10.02,10.02,10.02,10.02,0,0.00%,100
EMIS,2025-12-11,10.02,10.02,10.02,10.02,0,0.00%,100
EMIS,2025-12-12,10.02,10.02,10.015,10.015,-0.005,-0.05%,3200
EMIS,2025-12-15,10.01,10.0134,10.01,10.0134,-0.0016,-0.02%,1000
EMIS,2025-12-16,10.01,10.01,10.01,10.01,-0.0034,-0.03%,100
EMIS,2025-12-17,10.01,10.01,10.01,10.01,0,0.00%,500000
EMIS,2025-12-18,10.01,10.01,10.01,10.01,0,0.00%,18000
EMIS,2025-12-22,10,10,10,10,-0.01,-0.10%,2600
EMIS,2025-12-30,9.95,9.95,9.95,9.95,-0.05,-0.50%,100
EMIS,2026-01-06,10.01,10.01,10.01,10.01,0.06,+0.60%,100
EMIS,2026-01-09,9.96,9.96,9.95,9.96,-0.05,-0.50%,5000
EMIS,2026-01-15,10.01,10.03,10.01,10.03,0.07,+0.70%,193600
EMIS,2026-01-20,10.09,10.09,10.0392,10.05,0.02,+0.20%,18600
EMIS,2026-01-21,10.09,10.09,10.09,10.09,0.04,+0.40%,1300
EMIS,2026-01-22,10.08,10.08,9.99,10.06,-0.03,-0.30%,21300
EMIS,2026-01-26,10,10,10,10,-0.06,-0.60%,6000
EMIS,2026-01-27,10.06,10.06,10.06,10.06,0.06,+0.60%,100
EMIS,2026-01-28,10.08,10.08,10.06,10.06,0,0.00%,11000
EMIS,2026-01-29,10.06,10.06,10.05,10.05,-0.01,-0.10%,16700
EMIS,2026-01-30,10.06,10.06,10.06,10.06,0.01,+0.10%,3600
EMIS,2026-02-02,10.07,10.07,10.055,10.06,0,0.00%,49600
EMIS,2026-02-05,10.09,10.09,10.0534,10.06,0,0.00%,8900
EMIS,2026-02-06,10.06,10.06,10.06,10.06,0,0.00%,3300
EMIS,2026-02-09,10.08,10.08,10.031,10.0425,-0.0175,-0.17%,4200
EMIS,2026-02-10,10.06,10.06,10.06,10.06,0.0175,+0.17%,200
EMIS,2026-02-11,10.06,10.06,10.06,10.06,0,0.00%,1500
EMIS,2026-02-12,10.05,10.05,10.05,10.05,-0.01,-0.10%,100
EMIS,2026-02-13,10.03,10.03,10.03,10.03,-0.02,-0.20%,6100
EMIS,2026-02-17,10.02,10.03,10.01,10.02,-0.01,-0.10%,12300
EMIS,2026-02-18,10.02,10.02,10.02,10.02,0,0.00%,18000
EMIS,2026-02-19,10.02,10.02,10.02,10.02,0,0.00%,51100
EMIS,2026-02-25,10.03,10.05,10.02,10.05,0.03,+0.30%,6500
EMIS,2026-02-27,10.05,10.05,10.05,10.05,0,0.00%,1000
EMIS,2026-03-11,10.05,10.05,10.05,10.05,0,0.00%,9700
EMIS,2026-03-16,10.08,10.08,10.08,10.08,0.03,+0.30%,200
EMIS,2026-03-17,10.04,10.04,10.01,10.02,-0.06,-0.60%,35200
EMIS,2026-03-19,10.02,10.02,10.02,10.02,0,0.00%,100
EMIS,2026-03-20,10.01,10.03,10.01,10.03,0.01,+0.10%,11100
EMIS,2026-03-27,10.03,10.031,10.03,10.03,0,0.00%,5600
EMIS,2026-03-30,10.035,10.035,10.035,10.035,0.005,+0.05%,200
EMIS,2026-03-31,10.05,10.05,10.05,10.05,0.015,+0.15%,4500
EMIS,2026-04-02,10.05,10.05,10.05,10.05,0,0.00%,400
EMIS,2026-04-16,10.08,10.08,10.08,10.08,0.03,+0.30%,28700
EMIS,2026-04-17,10.08,10.08,10.08,10.08,0,0.00%,5000
EMIS,2026-04-20,10.08,10.09,10.08,10.09,0.01,+0.10%,21300
EMIS,2026-04-22,10.09,10.1,10.09,10.095,0.005,+0.05%,40900
EML,2014-12-31,17.2,17.38,17.01,17.07,6.975,+69.09%,3200
EML,2015-01-02,17.3,18.49,16.71,18.49,1.42,+8.32%,20200
EML,2015-01-05,18.15,18.15,17.53,18,-0.49,-2.65%,24000
EML,2015-01-06,17.87,18,17.6,17.99,-0.01,-0.06%,5800
EML,2015-01-07,17.61,18.01,17.6,17.63,-0.36,-2.00%,6900
EML,2015-01-08,17.63,18.04,17.6,18.01,0.38,+2.16%,6100
EML,2015-01-09,17.75,19.95,17.61,18.78,0.77,+4.28%,119900
EML,2015-01-12,19.24,19.24,18.54,18.54,-0.24,-1.28%,55600
EML,2015-01-13,18.56,18.75,18.07,18.09,-0.45,-2.43%,12200
EML,2015-01-14,17.76,18.52,16.75,17.08,-1.01,-5.58%,53400
EML,2015-01-15,17.08,18.1,17.08,17.94,0.86,+5.04%,29700
EML,2015-01-16,18.37,18.48,17.91,18.26,0.32,+1.78%,3600
EML,2015-01-20,18.26,19.18,18,19.16,0.9,+4.93%,26200
EML,2015-01-21,19.2,19.2,18.61,19.14,-0.02,-0.10%,41400
EML,2015-01-22,19.11,19.18,18.11,18.97,-0.17,-0.89%,18800
EML,2015-01-23,19.01,19.01,18.5,18.62,-0.35,-1.85%,13000
EML,2015-01-26,18.62,19.2,18.62,18.67,0.05,+0.27%,9700
EML,2015-01-27,18.85,19.19,18.78,18.83,0.16,+0.86%,8000
EML,2015-01-28,18.68,18.93,18.62,18.79,-0.04,-0.21%,5200
EML,2015-01-29,18.75,19.03,18.63,18.66,-0.13,-0.69%,3400
EML,2015-01-30,18.65,19.14,18.65,18.92,0.26,+1.39%,46000
EML,2015-02-02,18.92,19,18.72,18.73,-0.19,-1.00%,10100
EML,2015-02-03,18.72,18.9,18.72,18.9,0.17,+0.91%,6200
EML,2015-02-04,18.73,18.9,18.72,18.75,-0.15,-0.79%,3700
EML,2015-02-05,18.85,18.9,18.73,18.78,0.03,+0.16%,5700
EML,2015-02-06,18.77,19.23,18.72,18.92,0.14,+0.75%,15600
EML,2015-02-09,19.23,19.95,19.01,19.64,0.72,+3.81%,88900
EML,2015-02-10,19.72,19.94,19.52,19.75,0.11,+0.56%,12000
EML,2015-02-11,19.93,20.67,19.63,20.41,0.66,+3.34%,48900
EML,2015-02-12,20.41,20.57,19.74,20.19,-0.22,-1.08%,41500
EML,2015-02-13,20.41,20.41,20.05,20.17,-0.02,-0.10%,9800
EML,2015-02-17,19.97,20.02,19.61,19.73,-0.44,-2.18%,30100
EML,2015-02-18,19.62,20.38,19.62,20.18,0.45,+2.28%,17000
EML,2015-02-19,19.8,20.19,18.47,18.77,-1.41,-6.99%,109000
EML,2015-02-20,18.8,19.2,18.53,19.02,0.25,+1.33%,12800
EML,2015-02-23,20.11,20.11,19.27,19.45,0.43,+2.26%,19100
EML,2015-02-24,19.45,19.97,19.45,19.82,0.37,+1.90%,4200
EML,2015-02-25,19.95,19.97,19.45,19.85,0.03,+0.15%,5800
EML,2015-02-26,19.71,20.06,19.51,19.77,-0.08,-0.40%,10100
EML,2015-02-27,19.64,19.96,19.55,19.65,-0.12,-0.61%,5900
EML,2015-03-02,19.64,19.7,19.5,19.52,-0.13,-0.66%,7000
EML,2015-03-03,19.5,19.64,19.24,19.51,-0.01,-0.05%,6900
EML,2015-03-04,19.56,19.85,18.98,19.72,0.21,+1.08%,385500
EML,2015-03-05,19.78,19.88,19.5,19.54,-0.18,-0.91%,22600
EML,2015-03-06,19.91,19.92,19.57,19.9,0.36,+1.84%,8100
EML,2015-03-09,19.76,19.85,19.65,19.72,-0.18,-0.90%,3300
EML,2015-03-10,19.79,19.83,19.54,19.79,0.07,+0.35%,7200
EML,2015-03-11,19.72,20.19,19.72,20.17,0.38,+1.92%,6500
EML,2015-03-12,20.2,20.29,19.93,20.21,0.04,+0.20%,17000
EML,2015-03-13,19.97,20.07,19.81,19.84,-0.37,-1.83%,2900
EML,2015-03-16,19.79,20.09,19.79,20.01,0.17,+0.86%,8500
EML,2015-03-17,19.75,20.01,19.7,19.9,-0.11,-0.55%,105700
EML,2015-03-18,19.73,20,19.73,19.79,-0.11,-0.55%,8800
EML,2015-03-19,19.9,20.01,19.74,19.99,0.2,+1.01%,27000
EML,2015-03-20,19.9,19.99,19.74,19.88,-0.11,-0.55%,23500
EML,2015-03-23,19.7,20.53,19.65,20.24,0.36,+1.81%,27400
EML,2015-03-24,19.92,20.51,19.71,19.74,-0.5,-2.47%,13800
EML,2015-03-25,19.89,19.91,19.46,19.59,-0.15,-0.76%,23200
EML,2015-03-26,19.5,19.75,19.39,19.74,0.15,+0.77%,9700
EML,2015-03-27,19.76,19.76,19.43,19.66,-0.08,-0.41%,5900
EML,2015-03-30,19.62,19.76,19.62,19.72,0.06,+0.31%,2400
EML,2015-03-31,19.72,20.5,19.68,20.06,0.34,+1.72%,17400
EML,2015-04-01,20.22,20.47,20.08,20.32,0.26,+1.30%,5600
EML,2015-04-02,20.35,20.66,20.35,20.57,0.25,+1.23%,3200
EML,2015-04-06,20.29,20.66,19.86,20.25,-0.32,-1.56%,28400
EML,2015-04-07,20.18,20.64,20.05,20.36,0.11,+0.54%,22600
EML,2015-04-08,20.09,20.37,19.69,19.85,-0.51,-2.50%,44100
EML,2015-04-09,19.99,20.26,19.78,19.88,0.03,+0.15%,11400
EML,2015-04-10,19.98,20.33,19.7,20.04,0.16,+0.80%,27000
EML,2015-04-13,20.14,20.18,19.96,19.96,-0.08,-0.40%,4000
EML,2015-04-14,20.05,20.05,19.77,19.82,-0.14,-0.70%,16200
EML,2015-04-15,19.99,20.24,19.76,19.79,-0.03,-0.15%,18700
EML,2015-04-16,19.75,19.98,19.75,19.87,0.08,+0.40%,23600
EML,2015-04-17,19.68,19.95,19.55,19.64,-0.23,-1.16%,36300
EML,2015-04-20,19.64,20.11,19.56,20.08,0.44,+2.24%,41700
EML,2015-04-21,19.84,20.13,19.6,19.6,-0.48,-2.39%,24800
EML,2015-04-22,19.6,20.03,19.48,19.78,0.18,+0.92%,10100
EML,2015-04-23,19.88,20.02,19.48,19.85,0.07,+0.35%,7700
EML,2015-04-24,19.64,19.95,19.4,19.45,-0.4,-2.02%,13000
EML,2015-04-27,19.19,19.43,19.19,19.35,-0.1,-0.51%,7300
EML,2015-04-28,19.44,19.74,19.27,19.51,0.16,+0.83%,26600
EML,2015-04-29,19.16,20.04,19.16,20,0.49,+2.51%,22300
EML,2015-04-30,19.38,20.04,19.35,19.96,-0.04,-0.20%,19200
EML,2015-05-01,19.77,19.97,19.48,19.64,-0.32,-1.60%,10100
EML,2015-05-04,19.49,19.9,19.49,19.61,-0.03,-0.15%,8100
EML,2015-05-05,19.56,19.73,19.51,19.66,0.05,+0.25%,12400
EML,2015-05-06,19.73,19.75,19.4,19.4,-0.26,-1.32%,16300
EML,2015-05-07,19.71,19.72,19.37,19.37,-0.03,-0.15%,6900
EML,2015-05-08,19.49,19.64,19.35,19.48,0.11,+0.57%,5200
EML,2015-05-11,19.38,19.71,19.36,19.68,0.2,+1.03%,8400
EML,2015-05-12,19.67,19.83,19.43,19.43,-0.25,-1.27%,9700
EML,2015-05-13,19.55,19.75,19.55,19.55,0.12,+0.62%,2900
EML,2015-05-14,19.79,19.82,19.55,19.66,0.11,+0.56%,5400
EML,2015-05-15,19.83,19.83,19.23,19.47,-0.19,-0.97%,8000
EML,2015-05-18,19.3,19.46,19.21,19.31,-0.16,-0.82%,10000
EML,2015-05-19,19.23,19.32,19.15,19.15,-0.16,-0.83%,5800
EML,2015-05-20,19.2,19.32,18.94,19,-0.15,-0.78%,13900
EML,2015-05-21,19.13,19.32,19.13,19.3,0.3,+1.58%,2900
EML,2015-05-22,19.28,19.29,18.91,19.24,-0.06,-0.31%,12200
EML,2015-05-26,19.24,19.75,18.9,18.9,-0.34,-1.77%,19900
EML,2015-05-27,18.9,19.79,18.9,19.22,0.32,+1.69%,47900
EML,2015-05-28,19.19,19.6,19.19,19.31,0.09,+0.47%,10200
EML,2015-05-29,19.24,19.64,19.15,19.35,0.04,+0.21%,27200
EML,2015-06-01,19.47,19.7,19.38,19.5,0.15,+0.78%,15500
EML,2015-06-02,19.56,19.79,19.52,19.55,0.05,+0.26%,5600
EML,2015-06-03,19.57,19.88,19.49,19.71,0.16,+0.82%,7100
EML,2015-06-04,19.43,19.75,19.22,19.59,-0.12,-0.61%,24000
EML,2015-06-05,19.65,19.65,19.44,19.53,-0.06,-0.31%,2700
EML,2015-06-08,19.67,19.83,19.35,19.38,-0.15,-0.77%,10000
EML,2015-06-09,19.35,19.54,19.1,19.53,0.15,+0.77%,18000
EML,2015-06-10,19.34,19.52,19.17,19.37,-0.16,-0.82%,19900
EML,2015-06-11,19.39,19.43,19.12,19.24,-0.13,-0.67%,23500
EML,2015-06-12,19.26,19.4,19.24,19.26,0.02,+0.10%,8300
EML,2015-06-15,19.26,19.39,18.9,19.28,0.02,+0.10%,6100
EML,2015-06-16,19.05,19.16,18.95,19.16,-0.12,-0.62%,11800
EML,2015-06-17,19.34,20.47,18.97,19.2,0.04,+0.21%,102200
EML,2015-06-18,19.37,19.73,19.08,19.14,-0.06,-0.31%,3600
EML,2015-06-19,19.13,19.56,18.92,18.92,-0.22,-1.15%,20600
EML,2015-06-22,19.04,20.28,19.04,19.9,0.98,+5.18%,2200
EML,2015-06-23,19.75,19.75,19.03,19.06,-0.84,-4.22%,3700
EML,2015-06-24,19.01,19.81,18.69,19.05,-0.01,-0.05%,94900
EML,2015-06-25,18.92,18.97,18.81,18.81,-0.24,-1.26%,3500
EML,2015-06-26,18.92,18.92,18.78,18.8,-0.01,-0.05%,22000
EML,2015-06-29,18.75,18.75,18.1,18.49,-0.31,-1.65%,21400
EML,2015-06-30,18.5,19,18.5,18.52,0.03,+0.16%,10100
EML,2015-07-01,18.65,18.8,18.56,18.79,0.27,+1.46%,11000
EML,2015-07-02,18.57,18.75,18.43,18.43,-0.36,-1.92%,2000
EML,2015-07-06,18.61,18.63,18.54,18.63,0.2,+1.09%,900
EML,2015-07-07,18.74,18.74,18.38,18.48,-0.15,-0.81%,1500
EML,2015-07-08,18.47,18.47,18.14,18.16,-0.32,-1.73%,2800
EML,2015-07-09,18.33,18.46,18.15,18.2,0.04,+0.22%,2800
EML,2015-07-10,18.5,18.5,18.15,18.21,0.01,+0.05%,4900
EML,2015-07-13,18.19,18.19,18.17,18.17,-0.04,-0.22%,600
EML,2015-07-14,18.5,18.5,18.3,18.35,0.18,+0.99%,1300
EML,2015-07-15,18.42,18.48,18.19,18.19,-0.16,-0.87%,600
EML,2015-07-16,18.28,18.28,18.16,18.26,0.07,+0.38%,1100
EML,2015-07-17,18.48,18.48,18.22,18.22,-0.04,-0.22%,1600
EML,2015-07-20,18.36,18.36,18.22,18.33,0.11,+0.60%,1500
EML,2015-07-21,18.23,18.31,18.15,18.2,-0.13,-0.71%,3100
EML,2015-07-22,18.15,18.18,18.08,18.08,-0.12,-0.66%,16400
EML,2015-07-23,18.11,18.26,18.11,18.18,0.1,+0.55%,2600
EML,2015-07-24,18.06,18.2,17.96,17.96,-0.22,-1.21%,6400
EML,2015-07-27,17.96,18.24,17.86,17.91,-0.05,-0.28%,2500
EML,2015-07-28,17.98,18.2,17.71,17.72,-0.19,-1.06%,1100
EML,2015-07-29,17.78,17.99,17.7,17.87,0.15,+0.85%,16300
EML,2015-07-30,17.82,17.9,17.61,17.61,-0.26,-1.45%,2600
EML,2015-07-31,17.6,17.61,17.32,17.38,-0.23,-1.31%,3100
EML,2015-08-03,17.43,17.43,16.98,16.99,-0.39,-2.24%,55800
EML,2015-08-04,16.64,17.69,16.64,16.83,-0.16,-0.94%,64100
EML,2015-08-05,17.49,17.61,17.06,17.06,0.23,+1.37%,1200
EML,2015-08-06,17.17,17.18,17,17.03,-0.03,-0.18%,4300
EML,2015-08-07,17.02,17.09,17,17.03,0,0.00%,9200
EML,2015-08-10,17.08,17.23,17.01,17.01,-0.02,-0.12%,5300
EML,2015-08-11,17,17.1,16.89,16.89,-0.12,-0.71%,6600
EML,2015-08-12,16.79,16.92,16.26,16.71,-0.18,-1.07%,14500
EML,2015-08-13,16.88,17.26,16.88,17.17,0.46,+2.75%,3600
EML,2015-08-14,17.17,17.3,17.17,17.29,0.12,+0.70%,3700
EML,2015-08-17,17.22,17.26,17.13,17.26,-0.03,-0.17%,3600
EML,2015-08-18,17.2,17.25,17.05,17.06,-0.2,-1.16%,4500
EML,2015-08-19,17.05,17.08,16.96,16.98,-0.08,-0.47%,3300
EML,2015-08-20,16.99,17.04,16.75,16.82,-0.16,-0.94%,58000
EML,2015-08-21,16.75,16.95,16.65,16.81,-0.01,-0.06%,6400
EML,2015-08-24,16.91,18.73,16.25,16.47,-0.34,-2.02%,34300
EML,2015-08-25,16.73,16.8,16.17,16.24,-0.23,-1.40%,10700
EML,2015-08-26,16.52,17.04,16.27,16.74,0.5,+3.08%,5500
EML,2015-08-27,16.49,16.9,16.49,16.57,-0.17,-1.02%,3700
EML,2015-08-28,16.32,16.89,16.32,16.47,-0.1,-0.60%,10400
EML,2015-08-31,16.44,16.49,16.4,16.46,-0.01,-0.06%,3200
EML,2015-09-01,16.45,16.45,16.12,16.22,-0.24,-1.46%,41700
EML,2015-09-02,16.25,16.3,16.09,16.24,0.02,+0.12%,6800
EML,2015-09-03,17.47,17.47,16,16.58,0.34,+2.09%,17300
EML,2015-09-04,16.27,16.56,16,16.15,-0.43,-2.59%,2600
EML,2015-09-08,16.2,16.2,15.91,15.98,-0.17,-1.05%,3000
EML,2015-09-09,15.93,16,15.93,16,0.02,+0.13%,1100
EML,2015-09-10,17.3,17.3,15.75,15.83,-0.17,-1.06%,7000
EML,2015-09-11,15.88,16.6,15.79,16.07,0.24,+1.52%,1000
EML,2015-09-14,16.19,16.56,16.19,16.45,0.38,+2.36%,1400
EML,2015-09-15,16.88,16.9,16.21,16.21,-0.24,-1.46%,6000
EML,2015-09-16,17.11,17.13,16.02,16.19,-0.02,-0.12%,2100
EML,2015-09-17,16.43,16.43,15.75,16.09,-0.1,-0.62%,5600
EML,2015-09-18,15.9,16.29,15.88,16.28,0.19,+1.18%,19700
EML,2015-09-21,16.8,16.87,16.26,16.35,0.07,+0.43%,8400
EML,2015-09-22,16.07,16.32,16.01,16.01,-0.34,-2.08%,3400
EML,2015-09-23,16.39,16.39,15.84,16.08,0.07,+0.44%,1300
EML,2015-09-24,16.1,16.11,15.92,15.92,-0.16,-1.00%,1600
EML,2015-09-25,16.44,16.44,16.08,16.2,0.28,+1.76%,1200
EML,2015-09-28,16.14,16.32,16.02,16.04,-0.16,-0.99%,7300
EML,2015-09-29,16.95,16.95,15.91,16,-0.04,-0.25%,6400
EML,2015-09-30,16.03,16.37,15.99,16,0,0.00%,2700
EML,2015-10-01,16.13,16.89,16.02,16.12,0.12,+0.75%,1500
EML,2015-10-02,16.01,16.31,15.91,15.97,-0.15,-0.93%,14700
EML,2015-10-05,16.1,16.1,15.96,15.98,0.01,+0.06%,4100
EML,2015-10-06,16.04,16.04,15.92,16,0.02,+0.13%,5200
EML,2015-10-07,16.28,16.46,16.04,16.05,0.05,+0.31%,7500
EML,2015-10-08,16.04,16.09,16.03,16.04,-0.01,-0.06%,7400
EML,2015-10-09,16.03,16.66,16,16.01,-0.03,-0.19%,23500
EML,2015-10-12,16.16,16.3,15.99,15.99,-0.02,-0.12%,11000
EML,2015-10-13,15.88,16.55,15.88,16.55,0.56,+3.50%,800
EML,2015-10-14,16.34,16.47,16.01,16.14,-0.41,-2.48%,4900
EML,2015-10-15,16.09,16.42,15.88,16.02,-0.12,-0.74%,9900
EML,2015-10-16,15.92,16,15.91,15.91,-0.11,-0.69%,2500
EML,2015-10-19,15.91,16.09,15.89,16.03,0.12,+0.75%,3000
EML,2015-10-20,15.92,15.94,15.84,15.84,-0.19,-1.19%,4700
EML,2015-10-21,15.91,16,15.85,15.98,0.14,+0.88%,4500
EML,2015-10-22,15.9,15.94,15.83,15.88,-0.1,-0.63%,7600
EML,2015-10-23,15.9,16.47,15.82,16.04,0.16,+1.01%,32500
EML,2015-10-26,16.04,16.19,15.96,16.08,0.04,+0.25%,11600
EML,2015-10-27,16,16.18,16,16.04,-0.04,-0.25%,900
EML,2015-10-28,16.09,16.35,16,16.24,0.2,+1.25%,36400
EML,2015-10-29,16.31,16.47,16.27,16.44,0.2,+1.23%,9500
EML,2015-10-30,16.5,16.96,16.5,16.77,0.33,+2.01%,14400
EML,2015-11-02,16.89,16.99,16.78,16.99,0.22,+1.31%,6200
EML,2015-11-03,16.79,16.9,16.67,16.67,-0.32,-1.88%,5100
EML,2015-11-04,16.78,17.26,16.78,17.17,0.5,+3.00%,10700
EML,2015-11-05,17.17,17.46,16.78,17.44,0.27,+1.57%,8500
EML,2015-11-06,17.42,17.85,17.31,17.74,0.3,+1.72%,29800
EML,2015-11-09,17.53,17.89,17.5,17.89,0.15,+0.85%,4600
EML,2015-11-10,17.74,17.82,17.58,17.64,-0.25,-1.40%,2200
EML,2015-11-11,17.51,17.82,17.51,17.54,-0.1,-0.57%,2700
EML,2015-11-12,17.6,18.29,17.6,18.11,0.57,+3.25%,15500
EML,2015-11-13,18.75,19.27,18.05,18.1,-0.01,-0.06%,7000
EML,2015-11-16,18.16,18.25,18,18.18,0.08,+0.44%,5000
EML,2015-11-17,18.25,18.25,18.11,18.17,-0.01,-0.06%,2000
EML,2015-11-18,18.04,18.24,18.04,18.09,-0.08,-0.44%,2100
EML,2015-11-19,18.2,18.25,18.1,18.25,0.16,+0.88%,7700
EML,2015-11-20,18.25,18.25,17.59,18.03,-0.22,-1.21%,4300
EML,2015-11-23,18.04,18.19,17.51,17.55,-0.48,-2.66%,5000
EML,2015-11-24,17.55,17.55,17.55,17.55,0,0.00%,500
EML,2015-11-25,17.72,17.95,16.7,17.75,0.2,+1.14%,7600
EML,2015-11-27,17.92,17.96,17.73,17.73,-0.02,-0.11%,1700
EML,2015-11-30,17.52,17.83,17.3,17.83,0.1,+0.56%,1000
EML,2015-12-01,17.91,17.99,17.14,17.69,-0.14,-0.79%,38000
EML,2015-12-02,17.7,17.89,17.48,17.85,0.16,+0.90%,2400
EML,2015-12-03,17.82,17.82,17.82,17.82,-0.03,-0.17%,200
EML,2015-12-04,17.63,18.12,17.47,18.11,0.29,+1.63%,6300
EML,2015-12-07,17.99,17.99,17.71,17.74,-0.37,-2.04%,6500
EML,2015-12-08,17.7,17.85,17.64,17.64,-0.1,-0.56%,1800
EML,2015-12-09,17.58,17.58,17.58,17.58,-0.06,-0.34%,700
EML,2015-12-10,17.59,17.59,17.01,17.06,-0.52,-2.96%,4700
EML,2015-12-11,16.75,17.19,16.75,16.99,-0.07,-0.41%,9300
EML,2015-12-14,17.08,17.08,16.7,16.96,-0.03,-0.18%,4400
EML,2015-12-15,18.1,18.1,16.91,17.25,0.29,+1.71%,7600
EML,2015-12-16,17,17.5,17,17.45,0.2,+1.16%,5100
EML,2015-12-17,17.5,18.24,17.4,18.24,0.79,+4.53%,5600
EML,2015-12-18,17.93,18.25,17.02,17.4,-0.84,-4.61%,18000
EML,2015-12-21,17.68,17.97,17.1,17.63,0.23,+1.32%,4700
EML,2015-12-22,17.87,17.95,17.57,17.68,0.05,+0.28%,5300
EML,2015-12-23,17.91,17.93,17.83,17.89,0.21,+1.19%,1000
EML,2015-12-24,18,18.15,18,18.15,0.26,+1.45%,6300
EML,2015-12-28,18.03,18.25,17.33,18.07,-0.08,-0.44%,11100
EML,2015-12-29,18.25,18.37,17.8,18.28,0.21,+1.16%,10000
EML,2015-12-30,18.45,18.65,18.29,18.39,0.11,+0.60%,8600
EML,2015-12-31,18.42,18.8,17.72,18.8,0.41,+2.23%,11000
EML,2016-01-04,18.75,19.04,18.48,18.98,0.18,+0.96%,12900
EML,2016-01-05,18.8,18.94,18.52,18.75,-0.23,-1.21%,9800
EML,2016-01-06,18.79,18.79,18.31,18.56,-0.19,-1.01%,11100
EML,2016-01-07,18.19,18.69,18,18.15,-0.41,-2.21%,11400
EML,2016-01-08,18.23,18.38,17.9,18.24,0.09,+0.50%,6800
EML,2016-01-11,18.02,18.02,17.34,17.77,-0.47,-2.58%,30100
EML,2016-01-12,17.82,17.87,17.04,17.14,-0.63,-3.55%,21400
EML,2016-01-13,17.31,17.5,17.16,17.27,0.13,+0.76%,14300
EML,2016-01-14,17.3,17.53,17.15,17.52,0.25,+1.45%,6300
EML,2016-01-15,17.33,17.41,16.24,16.81,-0.71,-4.05%,33800
EML,2016-01-19,17.14,17.23,16.57,16.92,0.11,+0.65%,24200
EML,2016-01-20,16.3,16.9,16.27,16.89,-0.03,-0.18%,10400
EML,2016-01-21,16.59,16.65,16.11,16.38,-0.51,-3.02%,43700
EML,2016-01-22,16.77,16.77,15.89,16.33,-0.05,-0.31%,18700
EML,2016-01-25,16.35,16.43,15.83,15.83,-0.5,-3.06%,21100
EML,2016-01-26,15.85,16.01,15.82,15.84,0.01,+0.06%,8200
EML,2016-01-27,15.94,15.99,15.56,15.79,-0.05,-0.32%,38200
EML,2016-01-28,15.69,16.01,15.69,15.95,0.16,+1.01%,4500
EML,2016-01-29,16.16,17.19,16.1,16.61,0.66,+4.14%,9300
EML,2016-02-01,16.9,16.9,16.08,16.15,-0.46,-2.77%,24000
EML,2016-02-02,15.94,16.37,15.85,16,-0.15,-0.93%,9400
EML,2016-02-03,16,16.56,15.9,15.98,-0.02,-0.13%,10100
EML,2016-02-04,16.08,16.47,15.91,15.98,0,0.00%,23100
EML,2016-02-05,15.98,16.17,15.77,15.93,-0.05,-0.31%,3000
EML,2016-02-08,15.88,16.39,15.18,15.4,-0.53,-3.33%,29600
EML,2016-02-09,15.34,16.17,15.1,15.46,0.06,+0.39%,19500
EML,2016-02-10,15.88,16.34,15.37,15.48,0.02,+0.13%,7500
EML,2016-02-11,15.62,15.74,15.01,15.15,-0.33,-2.13%,11300
EML,2016-02-12,15.21,15.68,15.21,15.25,0.1,+0.66%,4200
EML,2016-02-16,15.35,15.69,15.19,15.24,-0.01,-0.07%,9800
EML,2016-02-17,15.39,15.99,15.31,15.99,0.75,+4.92%,13900
EML,2016-02-18,15.92,16.04,15.81,16.02,0.03,+0.19%,16600
EML,2016-02-19,16,16.3,15.93,15.93,-0.09,-0.56%,6800
EML,2016-02-22,15.99,16.18,15.81,15.97,0.04,+0.25%,18000
EML,2016-02-23,16.04,16.2,15.87,15.88,-0.09,-0.56%,18600
EML,2016-02-24,15.81,16.21,15.75,15.89,0.01,+0.06%,14300
EML,2016-02-25,16.08,16.08,15.79,15.95,0.06,+0.38%,1600
EML,2016-02-26,15.82,16.4,15.77,16.01,0.06,+0.38%,4900
EML,2016-02-29,16.02,16.16,15.82,15.84,-0.17,-1.06%,4800
EML,2016-03-01,15.99,16.4,15.83,16.38,0.54,+3.41%,9900
EML,2016-03-02,16.44,16.68,16.43,16.68,0.3,+1.83%,4600
EML,2016-03-03,16.73,17.13,16.26,16.26,-0.42,-2.52%,20100
EML,2016-03-04,16.26,16.67,15.81,15.91,-0.35,-2.15%,45300
EML,2016-03-07,15.92,16.63,15.92,16.34,0.43,+2.70%,13200
EML,2016-03-08,16.38,16.58,16.01,16.06,-0.28,-1.71%,7800
EML,2016-03-09,16.29,16.7,15.92,16.2,0.14,+0.87%,10200
EML,2016-03-10,16.2,16.67,15.99,16.09,-0.11,-0.68%,5000
EML,2016-03-11,16.3,16.35,15.99,16,-0.09,-0.56%,5100
EML,2016-03-14,15.97,16.09,15.92,15.99,-0.01,-0.06%,14200
EML,2016-03-15,16.06,16.26,15.93,16,0.01,+0.06%,12700
EML,2016-03-16,15.99,16.13,15.99,16,0,0.00%,2300
EML,2016-03-17,16.04,16.04,15.99,16,0,0.00%,1000
EML,2016-03-18,16.07,16.33,16.06,16.3,0.3,+1.88%,5300
EML,2016-03-21,16.19,16.19,16.06,16.06,-0.24,-1.47%,2000
EML,2016-03-22,16.36,16.36,16.06,16.24,0.18,+1.12%,3300
EML,2016-03-23,16.08,16.2,16.01,16.1,-0.14,-0.86%,6100
EML,2016-03-24,16.16,16.16,16.09,16.09,-0.01,-0.06%,900
EML,2016-03-28,16.02,16.02,16.02,16.02,-0.07,-0.44%,200
EML,2016-03-29,16.14,16.14,16.01,16.01,-0.01,-0.06%,1200
EML,2016-03-30,16,16.48,16,16.44,0.43,+2.69%,7500
EML,2016-03-31,16.19,16.48,16.19,16.42,-0.02,-0.12%,8500
EML,2016-04-01,16.25,16.46,16.24,16.36,-0.06,-0.37%,4900
EML,2016-04-04,16.49,16.49,16.27,16.34,-0.02,-0.12%,5700
EML,2016-04-05,16.15,16.18,16.1,16.13,-0.21,-1.29%,8300
EML,2016-04-06,16.12,16.15,16.01,16.09,-0.04,-0.25%,26900
EML,2016-04-07,16,16.18,16,16,-0.09,-0.56%,1400
EML,2016-04-08,16.1,16.33,16,16.17,0.17,+1.06%,8100
EML,2016-04-11,16.11,16.17,16.11,16.17,0,0.00%,3400
EML,2016-04-12,16.07,16.12,16.03,16.09,-0.08,-0.49%,3300
EML,2016-04-13,16.2,16.32,16.2,16.32,0.23,+1.43%,10400
EML,2016-04-14,16.33,16.69,16.3,16.69,0.37,+2.27%,11800
EML,2016-04-15,16.61,17,16.49,16.83,0.14,+0.84%,10100
EML,2016-04-18,16.55,17.09,16.55,16.84,0.01,+0.06%,3200
EML,2016-04-19,17,17.21,16.43,16.79,-0.05,-0.30%,32200
EML,2016-04-20,16.7,17.04,16.46,16.55,-0.24,-1.43%,30800
EML,2016-04-21,16.7,16.75,16.19,16.39,-0.16,-0.97%,39200
EML,2016-04-22,16.3,16.75,16.3,16.58,0.19,+1.16%,4100
EML,2016-04-25,16.59,16.69,16.46,16.46,-0.12,-0.72%,4700
EML,2016-04-26,16.73,16.73,16.17,16.64,0.18,+1.09%,14000
EML,2016-04-27,16.6,16.6,16.3,16.3,-0.34,-2.04%,5100
EML,2016-04-28,16.32,16.55,16.3,16.5,0.2,+1.23%,2900
EML,2016-04-29,16.5,16.75,16.45,16.74,0.24,+1.45%,3500
EML,2016-05-02,16.36,16.55,16.32,16.5,-0.24,-1.43%,5900
EML,2016-05-03,16.75,16.75,16.32,16.4,-0.1,-0.61%,5000
EML,2016-05-04,16.92,16.95,16.25,16.55,0.15,+0.91%,9400
EML,2016-05-05,16.44,16.44,16.2,16.24,-0.31,-1.87%,9700
EML,2016-05-06,16.23,16.58,16.23,16.35,0.11,+0.68%,2300
EML,2016-05-09,16.87,16.91,16.31,16.33,-0.02,-0.12%,15300
EML,2016-05-10,16.41,16.73,16.07,16.35,0.02,+0.12%,29200
EML,2016-05-11,16.39,16.9,16.04,16.33,-0.02,-0.12%,8400
EML,2016-05-12,16.56,16.56,16.17,16.21,-0.12,-0.73%,6600
EML,2016-05-13,16.18,16.41,16.03,16.24,0.03,+0.19%,17500
EML,2016-05-16,16.07,16.52,16.07,16.3,0.06,+0.37%,16400
EML,2016-05-17,16.31,16.44,16.13,16.13,-0.17,-1.04%,2700
EML,2016-05-18,16.16,16.27,15.99,16.15,0.02,+0.12%,60700
EML,2016-05-19,16.15,16.27,16,16.16,0.01,+0.06%,8100
EML,2016-05-20,16.01,16.42,16,16.12,-0.04,-0.25%,20100
EML,2016-05-23,16.15,16.7,16,16.35,0.23,+1.43%,36000
EML,2016-05-24,16.38,16.38,16.15,16.35,0,0.00%,9800
EML,2016-05-25,16.22,16.22,16.08,16.16,-0.19,-1.16%,4600
EML,2016-05-26,16.28,16.36,16.12,16.25,0.09,+0.56%,18900
EML,2016-05-27,16.16,16.25,16.16,16.25,0,0.00%,1700
EML,2016-05-31,16.38,16.71,16.38,16.42,0.17,+1.05%,8200
EML,2016-06-01,16.4,16.48,16.32,16.32,-0.1,-0.61%,14500
EML,2016-06-02,16.34,16.5,16.27,16.3,-0.02,-0.12%,9400
EML,2016-06-03,16.4,16.4,16.18,16.31,0.01,+0.06%,3300
EML,2016-06-06,16.42,16.45,16.22,16.38,0.07,+0.43%,17700
EML,2016-06-07,16.3,16.58,16.23,16.51,0.13,+0.79%,7100
EML,2016-06-08,16.4,16.42,16.22,16.34,-0.17,-1.03%,5900
EML,2016-06-09,16.55,16.59,16.38,16.52,0.18,+1.10%,1200
EML,2016-06-10,16.31,16.31,16.27,16.27,-0.25,-1.51%,600
EML,2016-06-13,16.25,16.25,16.2,16.23,-0.04,-0.25%,1200
EML,2016-06-14,16.22,16.43,16.09,16.3,0.07,+0.43%,16400
EML,2016-06-15,16.28,16.28,16.2,16.2,-0.1,-0.61%,2100
EML,2016-06-16,16.23,16.23,16.11,16.2,0,0.00%,7000
EML,2016-06-17,16.12,16.16,16,16.06,-0.14,-0.86%,22600
EML,2016-06-20,16.13,16.25,16.13,16.2,0.14,+0.87%,3400
EML,2016-06-21,16.28,16.48,16.19,16.19,-0.01,-0.06%,6300
EML,2016-06-22,16.21,16.24,16.08,16.08,-0.11,-0.68%,21000
EML,2016-06-23,15.93,16.33,15.93,16.17,0.09,+0.56%,1500
EML,2016-06-24,16.02,16.16,15.91,16,-0.17,-1.05%,2600
EML,2016-06-27,16,16.26,15.74,15.97,-0.03,-0.19%,4500
EML,2016-06-28,16.08,16.35,16.04,16.13,0.16,+1.00%,15400
EML,2016-06-29,16.15,16.81,16.11,16.77,0.64,+3.97%,11200
EML,2016-06-30,16.74,16.82,16.55,16.58,-0.19,-1.13%,5500
EML,2016-07-01,16.77,17.11,16.64,16.89,0.31,+1.87%,10800
EML,2016-07-05,16.8,17.03,16.39,17.03,0.14,+0.83%,3500
EML,2016-07-06,16.98,16.98,16.56,16.71,-0.32,-1.88%,3600
EML,2016-07-07,16.82,17.06,16.82,16.84,0.13,+0.78%,3800
EML,2016-07-08,17.2,17.2,16.81,16.81,-0.03,-0.18%,4400
EML,2016-07-11,16.9,17.19,16.9,17.03,0.22,+1.31%,2900
EML,2016-07-12,17.1,17.1,17.05,17.05,0.02,+0.12%,1300
EML,2016-07-13,17.13,17.13,16.86,17,-0.05,-0.29%,4500
EML,2016-07-14,16.98,17.17,16.98,17,0,0.00%,2400
EML,2016-07-15,16.83,17.15,16.8,16.97,-0.03,-0.18%,1600
EML,2016-07-18,17.17,17.2,17.15,17.15,0.18,+1.06%,1100
EML,2016-07-19,17.12,17.12,16.92,17.03,-0.12,-0.70%,8700
EML,2016-07-20,16.93,17.19,16.93,17.19,0.16,+0.94%,400
EML,2016-07-21,17.2,17.2,17.2,17.2,0.01,+0.06%,200
EML,2016-07-22,17.19,17.25,17,17.2,0,0.00%,7800
EML,2016-07-25,17.08,17.19,16.99,17.19,-0.01,-0.06%,2700
EML,2016-07-26,16.76,17.19,16.76,17.02,-0.17,-0.99%,700
EML,2016-07-27,17.07,17.17,17.07,17.15,0.13,+0.76%,1200
EML,2016-07-29,17.25,17.85,17.08,17.73,0.58,+3.38%,18900
EML,2016-08-01,17.67,18.9,17.59,17.99,0.26,+1.47%,12900
EML,2016-08-02,18.02,18.6,18.02,18.27,0.28,+1.56%,2600
EML,2016-08-03,18.01,18.45,18.01,18.27,0,0.00%,1500
EML,2016-08-04,18.44,18.5,18.07,18.21,-0.06,-0.33%,16800
EML,2016-08-05,18.38,18.4,18.1,18.39,0.18,+0.99%,1400
EML,2016-08-08,18.35,18.48,18.18,18.45,0.06,+0.33%,3200
EML,2016-08-09,18.4,18.47,18.36,18.47,0.02,+0.11%,2900
EML,2016-08-10,18.48,19.03,18.48,18.79,0.32,+1.73%,23200
EML,2016-08-11,18.77,19,18.5,18.99,0.2,+1.06%,15400
EML,2016-08-12,18.56,18.91,18.53,18.91,-0.08,-0.42%,1800
EML,2016-08-15,18.85,18.85,18.85,18.85,-0.06,-0.32%,600
EML,2016-08-16,18.48,18.87,18.48,18.87,0.02,+0.11%,1200
EML,2016-08-17,18.82,19,18.82,18.98,0.11,+0.58%,4600
EML,2016-08-18,18.93,19,18.9,19,0.02,+0.11%,1100
EML,2016-08-19,18.81,18.95,18.79,18.85,-0.15,-0.79%,15400
EML,2016-08-23,18.96,19,18.81,18.81,-0.04,-0.21%,2800
EML,2016-08-24,19,19,18.92,18.92,0.11,+0.58%,3200
EML,2016-08-25,18.94,19.25,18.93,18.94,0.02,+0.11%,10300
EML,2016-08-26,18.94,19.26,18.94,19.1,0.16,+0.84%,3600
EML,2016-08-29,19.15,19.47,18.93,19.25,0.15,+0.79%,15400
EML,2016-08-30,19.25,19.84,19.25,19.61,0.36,+1.87%,5300
EML,2016-08-31,19.29,19.49,18.92,19.2,-0.41,-2.09%,11800
EML,2016-09-01,19.2,19.74,19.2,19.5,0.3,+1.56%,3400
EML,2016-09-02,19.47,19.49,19.42,19.49,-0.01,-0.05%,1100
EML,2016-09-06,19.49,19.69,19.49,19.61,0.12,+0.62%,2100
EML,2016-09-07,19.62,19.74,19.6,19.63,0.02,+0.10%,8000
EML,2016-09-08,19.7,19.74,19.7,19.73,0.1,+0.51%,600
EML,2016-09-09,19.69,19.69,19.57,19.66,-0.07,-0.35%,2300
EML,2016-09-12,19.56,19.75,19.56,19.63,-0.03,-0.15%,2200
EML,2016-09-13,19.6,19.7,19.51,19.59,-0.04,-0.20%,7400
EML,2016-09-14,19.52,19.69,19.52,19.68,0.09,+0.46%,1800
EML,2016-09-15,19.63,19.63,19.5,19.53,-0.15,-0.76%,9300
EML,2016-09-16,19.52,19.65,19.5,19.5,-0.03,-0.15%,5000
EML,2016-09-19,19.5,19.7,19.42,19.59,0.09,+0.46%,9400
EML,2016-09-20,19.5,19.5,19.25,19.25,-0.34,-1.74%,16000
EML,2016-09-21,19.35,19.5,19.25,19.49,0.24,+1.25%,8100
EML,2016-09-22,19.36,19.49,19.32,19.34,-0.15,-0.77%,2700
EML,2016-09-23,19.39,19.39,19.28,19.3,-0.04,-0.21%,1000
EML,2016-09-26,19.3,19.3,19.3,19.3,0,0.00%,100
EML,2016-09-27,19.24,19.32,18.78,19.01,-0.29,-1.50%,11200
EML,2016-09-28,19.25,19.45,19.2,19.31,0.3,+1.58%,20600
EML,2016-09-29,19.49,19.88,19.49,19.88,0.57,+2.95%,9300
EML,2016-09-30,19.86,20.12,19.78,20.01,0.13,+0.65%,10700
EML,2016-10-03,19.97,20.03,19.96,20.03,0.02,+0.10%,1500
EML,2016-10-04,20.22,20.22,19.69,19.77,-0.26,-1.30%,2300
EML,2016-10-05,19.94,19.98,19.87,19.87,0.1,+0.51%,500
EML,2016-10-06,19.73,19.73,19.73,19.73,-0.14,-0.70%,100
EML,2016-10-07,19.91,19.91,19.88,19.88,0.15,+0.76%,300
EML,2016-10-10,19.98,19.98,19.88,19.88,0,0.00%,2700
EML,2016-10-11,19.74,19.9,19.7,19.7,-0.18,-0.91%,2900
EML,2016-10-12,19.75,20,19.75,19.9,0.2,+1.02%,900
EML,2016-10-13,19.73,19.92,19.54,19.54,-0.36,-1.81%,1600
EML,2016-10-14,19.62,19.62,19.54,19.54,0,0.00%,1800
EML,2016-10-17,19.38,19.45,19.3,19.45,-0.09,-0.46%,800
EML,2016-10-18,19.7,19.7,19.25,19.25,-0.2,-1.03%,3200
EML,2016-10-19,19.28,19.38,19.25,19.3,0.05,+0.26%,3000
EML,2016-10-20,19.55,19.55,19.22,19.22,-0.08,-0.41%,800
EML,2016-10-21,19.55,19.55,19.25,19.52,0.3,+1.56%,3900
EML,2016-10-24,19.54,19.54,19.25,19.25,-0.27,-1.38%,1200
EML,2016-10-25,19.26,19.5,19,19.5,0.25,+1.30%,6500
EML,2016-10-26,19.3,19.35,19.25,19.25,-0.25,-1.28%,2100
EML,2016-10-27,19.49,19.5,19.25,19.25,0,0.00%,1700
EML,2016-10-28,19.9,19.9,19.25,19.85,0.6,+3.12%,10900
EML,2016-10-31,19.15,19.9,19.1,19.4,-0.45,-2.27%,3300
EML,2016-11-01,19.35,19.45,19.25,19.25,-0.15,-0.77%,3100
EML,2016-11-02,19.55,19.55,19.35,19.35,0.1,+0.52%,500
EML,2016-11-03,19.25,19.32,19.25,19.32,-0.03,-0.16%,900
EML,2016-11-04,19.47,19.47,18.9,18.9,-0.42,-2.17%,5800
EML,2016-11-07,19.2,19.25,18.9,19.24,0.34,+1.80%,14600
EML,2016-11-08,19.25,19.45,19.25,19.45,0.21,+1.09%,400
EML,2016-11-09,19.78,20.05,19.75,19.95,0.5,+2.57%,17000
EML,2016-11-10,20,20.1,19.95,19.99,0.04,+0.20%,4000
EML,2016-11-11,20.25,20.3,20,20,0.01,+0.05%,1900
EML,2016-11-14,20,20,19.95,19.95,-0.05,-0.25%,2300
EML,2016-11-15,19.93,20.05,19.9,19.95,0,0.00%,5100
EML,2016-11-16,20.95,20.95,19.95,20,0.05,+0.25%,600
EML,2016-11-17,20.11,20.25,19.25,19.5,-0.5,-2.50%,6500
EML,2016-11-18,19.5,19.7,19.25,19.4,-0.1,-0.51%,11100
EML,2016-11-21,19.25,19.5,19.25,19.3,-0.1,-0.52%,4100
EML,2016-11-22,19.45,19.9,19.2,19.85,0.55,+2.85%,8800
EML,2016-11-23,19.88,21.1,19.82,20.75,0.9,+4.53%,17500
EML,2016-11-25,21,21.35,20.28,21,0.25,+1.20%,7000
EML,2016-11-28,21.5,21.5,21,21.5,0.5,+2.38%,4100
EML,2016-11-29,20.65,20.9,20.05,20.9,-0.6,-2.79%,1600
EML,2016-11-30,20.9,21.45,20.75,21.45,0.55,+2.63%,10200
EML,2016-12-01,21.46,21.46,20.5,20.5,-0.95,-4.43%,6300
EML,2016-12-02,20.65,21.15,20.65,21.05,0.55,+2.68%,2500
EML,2016-12-05,21.1,21.1,21,21,-0.05,-0.24%,3000
EML,2016-12-06,20.3,21,20.24,20.75,-0.25,-1.19%,5300
EML,2016-12-07,20.75,21.1,20.35,20.45,-0.3,-1.45%,10500
EML,2016-12-08,20.5,21.1,19.65,20.9,0.45,+2.20%,4400
EML,2016-12-09,21.15,21.15,20.3,20.5,-0.4,-1.91%,4600
EML,2016-12-12,20.25,20.45,20,20,-0.5,-2.44%,22300
EML,2016-12-13,20.4,20.4,20.05,20.35,0.35,+1.75%,2200
EML,2016-12-14,20.35,20.7,20.1,20.1,-0.25,-1.23%,16000
EML,2016-12-15,20.3,20.7,19.9,20.7,0.6,+2.99%,8600
EML,2016-12-16,20.65,20.7,20.45,20.7,0,0.00%,8800
EML,2016-12-19,20.55,20.7,20.5,20.65,-0.05,-0.24%,3000
EML,2016-12-20,20.55,20.6,20.35,20.6,-0.05,-0.24%,1000
EML,2016-12-21,20.25,20.85,20.19,20.2,-0.4,-1.94%,5700
EML,2016-12-22,20.35,20.75,20.33,20.7,0.5,+2.48%,3600
EML,2016-12-23,20.75,20.8,19.8,20.25,-0.45,-2.17%,8300
EML,2016-12-27,20.13,20.35,20.13,20.35,0.1,+0.49%,3800
EML,2016-12-28,20.4,20.93,20.05,20.5,0.15,+0.74%,6400
EML,2016-12-29,20.5,21.2,20.5,21.2,0.7,+3.41%,1300
EML,2016-12-30,21.08,21.08,20,20.9,-0.3,-1.42%,2600
EML,2017-01-03,20.75,21.5,20.03,20.15,-0.75,-3.59%,1300
EML,2017-01-04,21.1,21.5,20.55,20.75,0.6,+2.98%,4500
EML,2017-01-05,21.5,21.5,20.35,20.38,-0.37,-1.78%,7900
EML,2017-01-06,20.95,21.25,20.39,21.25,0.87,+4.27%,1700
EML,2017-01-09,21.07,21.07,20.9,20.9,-0.35,-1.65%,300
EML,2017-01-10,20.4,20.75,20.33,20.75,-0.15,-0.72%,2900
EML,2017-01-11,20.8,21.13,20.78,20.78,0.03,+0.14%,2100
EML,2017-01-12,20.8,21.15,20.8,20.85,0.07,+0.34%,500
EML,2017-01-13,20.5,20.5,20.4,20.5,-0.35,-1.68%,1400
EML,2017-01-17,20.4,20.55,20.25,20.4,-0.1,-0.49%,1900
EML,2017-01-18,20.45,20.45,20.45,20.45,0.05,+0.25%,300
EML,2017-01-19,20.65,20.65,20.55,20.55,0.1,+0.49%,1200
EML,2017-01-20,20.82,20.82,20.7,20.78,0.23,+1.12%,2600
EML,2017-01-23,21,21,20.75,20.75,-0.03,-0.14%,500
EML,2017-01-24,20.75,20.75,19.7,20.5,-0.25,-1.20%,9300
EML,2017-01-25,20.5,20.5,20.21,20.35,-0.15,-0.73%,700
EML,2017-01-26,20.7,20.7,20.65,20.65,0.3,+1.47%,600
EML,2017-01-27,20.25,20.4,19.55,20.25,-0.4,-1.94%,1600
EML,2017-01-30,20.3,20.5,20,20.05,-0.2,-0.99%,4800
EML,2017-01-31,19.95,20.05,19.55,19.8,-0.25,-1.25%,16700
EML,2017-02-01,20,20.1,19.65,19.7,-0.1,-0.51%,16900
EML,2017-02-02,19.5,19.95,19.5,19.7,0,0.00%,2300
EML,2017-02-03,19.7,20.15,19.53,19.65,-0.05,-0.25%,3000
EML,2017-02-06,19.7,20.5,19.6,19.6,-0.05,-0.25%,2600
EML,2017-02-07,19.68,19.71,19.37,19.45,-0.15,-0.77%,16400
EML,2017-02-08,20.3,20.45,19.1,19.1,-0.35,-1.80%,6300
EML,2017-02-09,19.45,20.2,19,19.5,0.4,+2.09%,19800
EML,2017-02-10,19.5,19.95,19.4,19.4,-0.1,-0.51%,1800
EML,2017-02-13,19.5,20.3,19.3,19.44,0.04,+0.21%,16700
EML,2017-02-14,19.35,19.5,19.35,19.35,-0.09,-0.46%,3300
EML,2017-02-15,19.3,19.5,19.2,19.4,0.05,+0.26%,23100
EML,2017-02-16,19.5,19.95,19.4,19.4,0,0.00%,2600
EML,2017-02-17,19.6,19.8,19.5,19.5,0.1,+0.52%,2600
EML,2017-02-21,19.55,19.7,19.5,19.55,0.05,+0.26%,9900
EML,2017-02-22,19.6,19.6,19.4,19.49,-0.06,-0.31%,7600
EML,2017-02-23,19.5,19.65,19.48,19.5,0.01,+0.05%,15300
EML,2017-02-24,19.45,19.7,19.45,19.5,0,0.00%,11400
EML,2017-02-27,19.15,19.55,19.15,19.5,0,0.00%,3700
EML,2017-02-28,19.5,19.55,19.35,19.35,-0.15,-0.77%,5800
EML,2017-03-01,19.5,19.5,18.85,19.35,0,0.00%,27900
EML,2017-03-02,19.35,19.92,19.08,19.1,-0.25,-1.29%,23300
EML,2017-03-03,19.25,19.41,19,19.15,0.05,+0.26%,13200
EML,2017-03-06,19.25,19.45,19.06,19.4,0.25,+1.31%,9600
EML,2017-03-07,19.2,20.25,19.2,19.7,0.3,+1.55%,30400
EML,2017-03-08,19.55,20.73,18.96,19.85,0.15,+0.76%,16200
EML,2017-03-09,19.7,19.7,19.17,19.3,-0.55,-2.77%,7500
EML,2017-03-10,19.55,19.6,19.25,19.35,0.05,+0.26%,3200
EML,2017-03-13,19.33,19.4,19.3,19.35,0,0.00%,1100
EML,2017-03-14,19.6,19.61,19.25,19.25,-0.1,-0.52%,1300
EML,2017-03-15,20,20,19.45,19.45,0.2,+1.04%,4900
EML,2017-03-16,19.45,19.85,19.25,19.8,0.35,+1.80%,4700
EML,2017-03-17,19.8,20,19.6,19.8,0,0.00%,4500
EML,2017-03-20,19.75,19.9,19.75,19.9,0.1,+0.51%,1400
EML,2017-03-21,19.9,20,19.75,19.8,-0.1,-0.50%,3100
EML,2017-03-22,19.9,19.9,19.8,19.83,0.03,+0.15%,1700
EML,2017-03-23,19.9,20.2,19.85,20.2,0.37,+1.87%,4200
EML,2017-03-24,20.15,20.42,20,20.2,0,0.00%,1500
EML,2017-03-27,19.95,20,19.95,20,-0.2,-0.99%,700
EML,2017-03-28,20.25,20.55,20.05,20.5,0.5,+2.50%,4900
EML,2017-03-29,20.65,21.5,20.1,20.95,0.45,+2.20%,45200
EML,2017-03-30,21,21.35,20.25,20.65,-0.3,-1.43%,70500
EML,2017-03-31,21,21.45,20.58,21.45,0.8,+3.87%,8300
EML,2017-04-03,21.55,21.6,21.06,21.2,-0.25,-1.17%,5000
EML,2017-04-04,21.3,22.45,21.3,22.4,1.2,+5.66%,32000
EML,2017-04-05,22.55,23.65,22.55,23.3,0.9,+4.02%,58700
EML,2017-04-06,23.6,23.7,22.25,23.7,0.4,+1.72%,21800
EML,2017-04-07,22.2,23.95,22.2,23.8,0.1,+0.42%,8400
EML,2017-04-10,23.8,26,23.8,25.4,1.6,+6.72%,45100
EML,2017-04-11,25.85,26,25.09,25.95,0.55,+2.17%,13400
EML,2017-04-12,25.9,25.9,25.2,25.7,-0.25,-0.96%,9100
EML,2017-04-13,25.6,25.6,24.8,25,-0.7,-2.72%,14900
EML,2017-04-17,25.15,25.9,25,25.7,0.7,+2.80%,32700
EML,2017-04-18,25.55,25.95,25.35,25.9,0.2,+0.78%,29100
EML,2017-04-19,25.9,25.95,25.28,25.4,-0.5,-1.93%,11100
EML,2017-04-20,25.45,25.95,24.85,25.95,0.55,+2.17%,20900
EML,2017-04-21,25.6,26.3,25.18,26.1,0.15,+0.58%,35400
EML,2017-04-24,26.25,27.55,26.07,27.3,1.2,+4.60%,44400
EML,2017-04-25,27.5,28,26.35,26.7,-0.6,-2.20%,33700
EML,2017-04-26,27.1,27.25,26.15,26.8,0.1,+0.37%,16800
EML,2017-04-27,26.9,27.2,25.55,27.1,0.3,+1.12%,14700
EML,2017-04-28,27.15,27.75,26.25,27.65,0.55,+2.03%,34200
EML,2017-05-01,27.35,27.5,25.95,27,-0.65,-2.35%,10800
EML,2017-05-02,26.93,27.45,26.88,27.35,0.35,+1.30%,11300
EML,2017-05-03,26.5,27,26.37,26.6,-0.75,-2.74%,22200
EML,2017-05-04,26.6,27.3,25.8,27,0.4,+1.50%,22400
EML,2017-05-05,26.95,27.35,26.74,27,0,0.00%,11400
EML,2017-05-08,26.75,27.8,26.5,27.7,0.7,+2.59%,21600
EML,2017-05-09,27.7,28.15,27.7,27.95,0.25,+0.90%,12400
EML,2017-05-10,27.9,28.2,27.2,27.6,-0.35,-1.25%,14900
EML,2017-05-11,27.4,27.75,27,27.3,-0.3,-1.09%,33500
EML,2017-05-12,27.05,27.6,27.05,27.25,-0.05,-0.18%,38500
EML,2017-05-15,27.75,28.5,27.4,28.3,1.05,+3.85%,23900
EML,2017-05-16,28.3,28.45,28.05,28.45,0.15,+0.53%,10500
EML,2017-05-17,28.35,28.45,27.9,28.25,-0.2,-0.70%,13900
EML,2017-05-18,27.95,28.75,27.95,28.5,0.25,+0.88%,22900
EML,2017-05-19,28.54,29.15,28.5,28.95,0.45,+1.58%,144200
EML,2017-05-22,29.3,29.3,28.25,28.5,-0.45,-1.55%,20000
EML,2017-05-23,28.75,29.3,27.65,29.15,0.65,+2.28%,12900
EML,2017-05-24,29.25,31,27.67,30.65,1.5,+5.15%,69000
EML,2017-05-25,30.75,31.1,30.6,30.75,0.1,+0.33%,30600
EML,2017-05-26,30.55,30.7,29.4,30,-0.75,-2.44%,12000
EML,2017-05-30,29.55,30.35,28.5,29.75,-0.25,-0.83%,49300
EML,2017-05-31,29.75,30.95,29.15,30.45,0.7,+2.35%,60700
EML,2017-06-01,30.5,30.8,30.28,30.45,0,0.00%,14100
EML,2017-06-02,30.45,31.05,30.45,31.05,0.6,+1.97%,21000
EML,2017-06-05,30.85,31.45,30.65,31.35,0.3,+0.97%,22100
EML,2017-06-06,31.3,31.35,30.4,30.8,-0.55,-1.75%,19400
EML,2017-06-07,30.6,31.3,30.1,30.7,-0.1,-0.32%,16300
EML,2017-06-08,30.65,31.35,30.65,31.3,0.6,+1.95%,14400
EML,2017-06-09,31.5,31.5,30.85,31.25,-0.05,-0.16%,9800
EML,2017-06-12,31.05,31.3,30.9,31.15,-0.1,-0.32%,13800
EML,2017-06-13,31,31.4,30.23,31.15,0,0.00%,12100
EML,2017-06-14,31.15,31.15,30.2,30.55,-0.6,-1.93%,15800
EML,2017-06-15,30.45,30.7,29.35,30.3,-0.25,-0.82%,20100
EML,2017-06-16,29.65,30.5,29.48,30.5,0.2,+0.66%,14100
EML,2017-06-19,30.5,30.95,29.3,29.4,-1.1,-3.61%,29000
EML,2017-06-20,29.45,29.9,28.25,29.5,0.1,+0.34%,62600
EML,2017-06-21,29.6,30.87,28.7,29.1,-0.4,-1.36%,19700
EML,2017-06-22,29.9,29.9,28.38,29.3,0.2,+0.69%,23000
EML,2017-06-23,29.6,30.1,29,29.9,0.6,+2.05%,602200
EML,2017-06-26,30.2,31.5,30.15,30.8,0.9,+3.01%,55200
EML,2017-06-27,31.05,31.05,30.35,30.6,-0.2,-0.65%,9300
EML,2017-06-28,30.85,30.85,30.25,30.75,0.15,+0.49%,19900
EML,2017-06-29,30.5,30.5,28.95,29.75,-1.,-3.25%,23600
EML,2017-06-30,29.35,30.6,29.3,30.05,0.3,+1.01%,14300
EML,2017-07-03,29.95,30.9,29.2,30.75,0.7,+2.33%,13000
EML,2017-07-05,30.8,31.15,29.25,30,-0.75,-2.44%,27100
EML,2017-07-06,29.7,31.15,29.6,30,0,0.00%,28200
EML,2017-07-07,30.05,31,29.6,30.45,0.45,+1.50%,24900
EML,2017-07-10,30.3,30.55,29.7,30.15,-0.3,-0.99%,18600
EML,2017-07-11,30.5,30.5,29.6,30.2,0.05,+0.17%,32100
EML,2017-07-12,30.45,31.05,30.4,30.9,0.7,+2.32%,21300
EML,2017-07-13,31.05,31.05,30.1,30.65,-0.25,-0.81%,9100
EML,2017-07-14,30.75,30.75,29.8,30.35,-0.3,-0.98%,19800
EML,2017-07-17,30.2,30.45,30.025,30.25,-0.1,-0.33%,8700
EML,2017-07-18,30.25,30.25,29.41,29.7,-0.55,-1.82%,12700
EML,2017-07-19,29.85,30.9,29.85,30.9,1.2,+4.04%,11200
EML,2017-07-20,30.95,31,29.9,30.3,-0.6,-1.94%,16800
EML,2017-07-21,30.35,30.5,29.9,29.9,-0.4,-1.32%,9200
EML,2017-07-24,29.85,29.9,29.2,29.45,-0.45,-1.51%,9500
EML,2017-07-25,29.7,30.2,29.35,30.05,0.6,+2.04%,17000
EML,2017-07-26,29.75,30.6,29.6,29.85,-0.2,-0.67%,8500
EML,2017-07-27,29.51,30.15,29.3,29.65,-0.2,-0.67%,9300
EML,2017-07-28,30.1,30.1,29.15,29.45,-0.2,-0.67%,6200
EML,2017-07-31,29.3,29.65,29.1,29.1,-0.35,-1.19%,7700
EML,2017-08-01,29.8,29.9,29.45,29.7,0.6,+2.06%,15700
EML,2017-08-02,29.5,29.55,28.5,28.7,-1.,-3.37%,13000
EML,2017-08-03,28.7,29.4,27.8,28.45,-0.25,-0.87%,37000
EML,2017-08-04,28.96,30.35,28.1,28.9,0.45,+1.58%,28200
EML,2017-08-07,29.41,29.41,27.6,28.1,-0.8,-2.77%,30900
EML,2017-08-08,27.91,28.55,27.9,28.2,0.1,+0.36%,36000
EML,2017-08-09,27.89,28.2,27.6,27.75,-0.45,-1.60%,7400
EML,2017-08-10,27.45,27.7,26.55,27.05,-0.7,-2.52%,20900
EML,2017-08-11,27.1,27.3,26.54,26.75,-0.3,-1.11%,22900
EML,2017-08-14,26.95,27.35,26.3,27.25,0.5,+1.87%,20300
EML,2017-08-15,27.4,27.59,26.6,26.7,-0.55,-2.02%,9600
EML,2017-08-16,26.55,27.2,26.5,26.65,-0.05,-0.19%,10200
EML,2017-08-17,26.55,26.95,25.95,26.1,-0.55,-2.06%,19600
EML,2017-08-18,25.9,26.4,25.8,25.9,-0.2,-0.77%,17900
EML,2017-08-21,25.9,26.1,25.6,25.7,-0.2,-0.77%,14200
EML,2017-08-22,25.85,25.85,25.05,25.15,-0.55,-2.14%,17700
EML,2017-08-23,25.02,25.35,24.65,25.1,-0.05,-0.20%,18000
EML,2017-08-24,25.25,25.25,25,25.1,0,0.00%,3500
EML,2017-08-25,25.1,25.35,24.75,25,-0.1,-0.40%,5800
EML,2017-08-28,24.95,24.95,24.5,24.7,-0.3,-1.20%,15800
EML,2017-08-29,24.65,26,24.35,25.3,0.6,+2.43%,27900
EML,2017-08-30,25.27,26,25.27,25.75,0.45,+1.78%,20100
EML,2017-08-31,25.8,26.3,25.55,26.15,0.4,+1.55%,15600
EML,2017-09-01,25.95,26.2,25.85,26.2,0.05,+0.19%,14800
EML,2017-09-05,26.3,26.365,25.6,25.8,-0.4,-1.53%,16400
EML,2017-09-06,25.85,26.3,25.65,26.05,0.25,+0.97%,8400
EML,2017-09-07,26.3,26.3,25.6,25.9,-0.15,-0.58%,9000
EML,2017-09-08,25.9,26.04,25.65,25.85,-0.05,-0.19%,6300
EML,2017-09-11,26,26.4,26,26.4,0.55,+2.13%,11500
EML,2017-09-12,26.4,26.45,26.2,26.35,-0.05,-0.19%,7600
EML,2017-09-13,26.05,26.45,26.05,26.25,-0.1,-0.38%,8100
EML,2017-09-14,26.25,26.3,25.9,26.2,-0.05,-0.19%,8200
EML,2017-09-15,26.3,26.925,26.25,26.3,0.1,+0.38%,35900
EML,2017-09-18,26.4,27,26.4,26.8,0.5,+1.90%,21200
EML,2017-09-19,27.2,27.7,26.5,26.5,-0.3,-1.12%,12100
EML,2017-09-20,26.75,26.95,26.75,26.8,0.3,+1.13%,6900
EML,2017-09-21,26.95,26.95,26.75,26.85,0.05,+0.19%,3600
EML,2017-09-22,26.7,27.5,26.7,27.2,0.35,+1.30%,8000
EML,2017-09-25,27.1,27.35,27.1,27.15,-0.05,-0.18%,7400
EML,2017-09-26,27.1,28.4,27.1,27.5,0.35,+1.29%,10800
EML,2017-09-27,27.6,28.5,27.54,28.5,1,+3.64%,28800
EML,2017-09-28,28.05,28.76,28.05,28.5,0,0.00%,15600
EML,2017-09-29,28.7,28.975,28.1,28.7,0.2,+0.70%,27300
EML,2017-10-02,28.9,29.85,28.89,29.8,1.1,+3.83%,21300
EML,2017-10-03,28.9,29.95,28.9,29.7,-0.1,-0.34%,9000
EML,2017-10-04,29.85,30.45,29.3,29.35,-0.35,-1.18%,23800
EML,2017-10-05,29.3,29.8,29.2,29.7,0.35,+1.19%,11100
EML,2017-10-06,29.45,29.75,29.35,29.6,-0.1,-0.34%,4900
EML,2017-10-09,30.3,30.3,29.6,29.6,0,0.00%,7500
EML,2017-10-10,29.7,30.2,29.7,30.15,0.55,+1.86%,12600
EML,2017-10-11,29.9,30.55,29.9,30.35,0.2,+0.66%,23300
EML,2017-10-12,30.3,30.5,29.7,29.9,-0.45,-1.48%,6300
EML,2017-10-13,30.7,30.7,29.65,30.4,0.5,+1.67%,7100
EML,2017-10-16,30.06,30.6,30.06,30.6,0.2,+0.66%,7400
EML,2017-10-17,30.6,30.6,29.8,29.95,-0.65,-2.12%,4300
EML,2017-10-18,30.05,30.125,29.841,29.9,-0.05,-0.17%,3100
EML,2017-10-19,29.75,30,29.15,29.7,-0.2,-0.67%,5800
EML,2017-10-20,30.05,30.2,29.64,30.1,0.4,+1.35%,6600
EML,2017-10-23,29.9,30.3,29.9,30.1,0,0.00%,2200
EML,2017-10-24,30.4,30.85,30.25,30.4,0.3,+1.00%,11200
EML,2017-10-25,30.1,30.55,30.1,30.2,-0.2,-0.66%,3900
EML,2017-10-26,30.1,30.2,29.45,29.7,-0.5,-1.66%,4600
EML,2017-10-27,29.45,29.85,29.35,29.85,0.15,+0.51%,10900
EML,2017-10-30,30,30,29,29,-0.85,-2.85%,3900
EML,2017-10-31,29.2,29.6,28.85,28.9,-0.1,-0.34%,17300
EML,2017-11-01,29.3,29.475,28.85,28.85,-0.05,-0.17%,4600
EML,2017-11-02,29.3,30.6,29.3,30,1.15,+3.99%,9900
EML,2017-11-03,29.75,30,29.4,29.6,-0.4,-1.33%,5200
EML,2017-11-06,29.7,30.15,29.6,29.9,0.3,+1.01%,11400
EML,2017-11-07,28.9,29.23,26.8,26.8,-3.1,-10.37%,15000
EML,2017-11-08,27,27.4,25.1,25.45,-1.35,-5.04%,27900
EML,2017-11-09,25.75,28.3,25.55,26.05,0.6,+2.36%,33300
EML,2017-11-10,25.9,26.57,25.55,26.15,0.1,+0.38%,14400
EML,2017-11-13,26.1,26.9,25.75,26.2,0.05,+0.19%,18100
EML,2017-11-14,26.4,26.9,26.2,26.45,0.25,+0.95%,10900
EML,2017-11-15,26.4,26.85,26.03,26.1,-0.35,-1.32%,10900
EML,2017-11-16,26.3,27.25,26.05,26.75,0.65,+2.49%,4600
EML,2017-11-17,26.55,27.35,26.5,26.8,0.05,+0.19%,6200
EML,2017-11-20,26.9,27.4,26.9,27.35,0.55,+2.05%,5700
EML,2017-11-21,27.55,27.9,27.445,27.9,0.55,+2.01%,6100
EML,2017-11-22,28,28,27.5,27.7,-0.2,-0.72%,4900
EML,2017-11-24,27.85,27.85,27.2,27.7,0,0.00%,2400
EML,2017-11-27,27.55,28.4,27.45,28.4,0.7,+2.53%,3900
EML,2017-11-28,28.3,28.55,28.05,28.5,0.1,+0.35%,5600
EML,2017-11-29,28.3,29.3,28.26,28.8,0.3,+1.05%,15700
EML,2017-11-30,28.5,29.35,28.25,28.8,0,0.00%,14900
EML,2017-12-01,28.85,28.85,27.7,28.25,-0.55,-1.91%,8300
EML,2017-12-04,28.75,28.9,28.25,28.25,0,0.00%,20000
EML,2017-12-05,28.15,28.25,27.45,27.85,-0.4,-1.42%,9600
EML,2017-12-06,27.75,27.95,27.75,27.9,0.05,+0.18%,2900
EML,2017-12-07,27.6,28.45,27.25,27.6,-0.3,-1.08%,4100
EML,2017-12-08,27.05,27.05,26,26.35,-1.25,-4.53%,5300
EML,2017-12-11,26.42,26.45,26.2,26.35,0,0.00%,3600
EML,2017-12-12,26.45,27.375,26.45,26.5,0.15,+0.57%,6500
EML,2017-12-13,27,27.9,26.75,27.85,1.35,+5.09%,6000
EML,2017-12-14,27.75,27.75,26.95,26.95,-0.9,-3.23%,5300
EML,2017-12-15,26.95,28.3,26.95,27.95,1,+3.71%,32500
EML,2017-12-18,28.05,28.75,27.9,28.3,0.35,+1.25%,7900
EML,2017-12-19,27.55,27.75,27.425,27.55,-0.75,-2.65%,4500
EML,2017-12-20,27.33,27.85,27.05,27.35,-0.2,-0.73%,11300
EML,2017-12-21,27.7,27.85,26.95,27.45,0.1,+0.37%,10200
EML,2017-12-22,27.7,27.95,26.7,26.8,-0.65,-2.37%,33200
EML,2017-12-26,26.9,27.25,26.3,26.7,-0.1,-0.37%,37400
EML,2017-12-27,26.85,27.15,26.55,26.95,0.25,+0.94%,3200
EML,2017-12-28,26.47,26.72,26.4,26.5,-0.45,-1.67%,5400
EML,2017-12-29,26.75,26.75,26.15,26.15,-0.35,-1.32%,6700
EML,2018-01-02,26.25,26.45,25.96,26.4,0.25,+0.96%,11000
EML,2018-01-03,26.3,27.1,26.3,27.1,0.7,+2.65%,14300
EML,2018-01-04,27.15,27.15,26.5,26.6,-0.5,-1.85%,9900
EML,2018-01-05,26.85,27,26.4,26.65,0.05,+0.19%,5900
EML,2018-01-08,26.6,27.05,26.6,27.05,0.4,+1.50%,4000
EML,2018-01-09,26.9,28.65,26.9,27.1,0.05,+0.18%,13200
EML,2018-01-10,27.595,27.595,26.5,26.75,-0.35,-1.29%,3500
EML,2018-01-11,26.65,26.9,26.65,26.9,0.15,+0.56%,2200
EML,2018-01-12,26.81,27.85,26.75,27.8,0.9,+3.35%,10400
EML,2018-01-16,27.5,28.5,26.95,27.2,-0.6,-2.16%,5500
EML,2018-01-17,27.3,27.9,27.2,27.35,0.15,+0.55%,4800
EML,2018-01-18,27.15,27.15,26.66,26.7,-0.65,-2.38%,6400
EML,2018-01-19,26.65,28.05,26.65,27.95,1.25,+4.68%,5000
EML,2018-01-22,27.35,27.8,27.1,27.75,-0.2,-0.72%,6100
EML,2018-01-23,27.2,27.85,27.2,27.85,0.1,+0.36%,3700
EML,2018-01-24,27.85,28.1,26.8,26.8,-1.05,-3.77%,5500
EML,2018-01-25,27.05,27.05,26.6,26.6,-0.2,-0.75%,3800
EML,2018-01-26,26.85,27.35,26.6,27,0.4,+1.50%,3200
EML,2018-01-29,26.9,26.9,26.25,26.55,-0.45,-1.67%,11400
EML,2018-01-30,26.3,26.95,26.3,26.7,0.15,+0.56%,11400
EML,2018-01-31,26.7,26.85,26.6,26.75,0.05,+0.19%,6500
EML,2018-02-01,26.77,26.85,26.5,26.65,-0.1,-0.37%,3200
EML,2018-02-02,26.5,26.668,26.05,26.125,-0.525,-1.97%,4300
EML,2018-02-05,25.95,25.95,24.5,24.6,-1.525,-5.84%,14300
EML,2018-02-06,24,25.85,24,24.4,-0.2,-0.81%,18600
EML,2018-02-07,24.55,24.9,24.55,24.9,0.5,+2.05%,4900
EML,2018-02-08,25.45,25.55,24.5,24.5,-0.4,-1.61%,9800
EML,2018-02-09,24.9,25.35,24.5,24.6,0.1,+0.41%,9600
EML,2018-02-12,25.12,25.12,24.55,24.9,0.3,+1.22%,2400
EML,2018-02-13,24.65,25.3,24.6,25.3,0.4,+1.61%,19900
EML,2018-02-14,25,26.05,25,25,-0.3,-1.19%,21900
EML,2018-02-15,25.2,26.125,25.2,25.7,0.7,+2.80%,58100
EML,2018-02-16,25.5,25.75,25.3,25.35,-0.35,-1.36%,5100
EML,2018-02-20,25.9,25.9,25.35,25.45,0.1,+0.39%,3300
EML,2018-02-21,25.7,25.8,25.35,25.35,-0.1,-0.39%,1100
EML,2018-02-22,25.7,26.2,25.25,25.65,0.3,+1.18%,30100
EML,2018-02-23,25.7,26.4,25.7,26,0.35,+1.36%,34000
EML,2018-02-26,25.95,27.4,25.8,27.25,1.25,+4.81%,12400
EML,2018-02-27,27.05,27.25,26.65,26.75,-0.5,-1.83%,3700
EML,2018-02-28,26.45,26.475,25.15,25.5,-1.25,-4.67%,46400
EML,2018-03-01,25.7,26.5,25.35,25.95,0.45,+1.76%,34700
EML,2018-03-02,26.4,27.55,25.65,26.35,0.4,+1.54%,12900
EML,2018-03-05,26.65,26.9,26.45,26.9,0.55,+2.09%,13400
EML,2018-03-06,26.8,26.8,26.15,26.55,-0.35,-1.30%,6200
EML,2018-03-07,26.95,26.95,26.5,26.6,0.05,+0.19%,7700
EML,2018-03-08,26.6,27,26.3,26.9,0.3,+1.13%,4000
EML,2018-03-09,28.15,28.15,26.9,27.55,0.65,+2.42%,50700
EML,2018-03-12,27.55,27.7,27.2,27.35,-0.2,-0.73%,37100
EML,2018-03-13,27.5,28.3,27.5,28.15,0.8,+2.93%,12400
EML,2018-03-14,28.75,29.5,28.35,28.75,0.6,+2.13%,68400
EML,2018-03-15,28.75,29.275,28.35,29.1,0.35,+1.22%,50100
EML,2018-03-16,29.25,29.92,29.2,29.7,0.6,+2.06%,29300
EML,2018-03-19,29.55,30.2,29.3,30.05,0.35,+1.18%,10200
EML,2018-03-20,30.2,30.5,29.95,30,-0.05,-0.17%,5600
EML,2018-03-21,29.95,30.5,29.4,30.5,0.5,+1.67%,8800
EML,2018-03-22,30.1,30.83,30.1,30.2,-0.3,-0.98%,9200
EML,2018-03-23,30.25,30.7,28.25,28.3,-1.9,-6.29%,15500
EML,2018-03-26,28.95,29.65,28.4,29.55,1.25,+4.42%,44000
EML,2018-03-27,29.2,30.15,28.3,28.95,-0.6,-2.03%,52200
EML,2018-03-28,29.15,29.15,28.67,28.8,-0.15,-0.52%,10500
EML,2018-03-29,29.9,29.9,28.25,28.5,-0.3,-1.04%,5000
EML,2018-04-02,28.5,29.4,28.2,28.4,-0.1,-0.35%,8400
EML,2018-04-03,28.8,29.1,28.05,28.05,-0.35,-1.23%,11700
EML,2018-04-04,28,29.425,27.501,29.2,1.15,+4.10%,8200
EML,2018-04-05,29.15,29.7,28.3,28.8,-0.4,-1.37%,41100
EML,2018-04-06,28.65,29.55,27.85,29.1,0.3,+1.04%,53300
EML,2018-04-09,29.15,30.25,28,28.45,-0.65,-2.23%,28800
EML,2018-04-10,28.55,28.75,28.1,28.6,0.15,+0.53%,4300
EML,2018-04-11,28.55,28.9,28.4,28.7,0.1,+0.35%,12900
EML,2018-04-12,28.3,28.45,28.05,28.05,-0.65,-2.26%,1900
EML,2018-04-13,28,28.4,27.65,27.95,-0.1,-0.36%,7200
EML,2018-04-16,28,28,27.6,27.6,-0.35,-1.25%,3400
EML,2018-04-17,28.2,28.9,27.9,28.55,0.95,+3.44%,17200
EML,2018-04-18,28.55,28.6,28.35,28.6,0.05,+0.18%,1900
EML,2018-04-19,28.5,28.95,28.5,28.85,0.25,+0.87%,3000
EML,2018-04-20,28.65,28.65,28,28.1,-0.75,-2.60%,7000
EML,2018-04-23,28.05,28.65,28.05,28.1,0,0.00%,2000
EML,2018-04-24,28.5,29.3,28.5,28.85,0.75,+2.67%,27300
EML,2018-04-25,28.6,29.4,28.2,28.35,-0.5,-1.73%,30900
EML,2018-04-26,28.55,28.8,28.3,28.8,0.45,+1.59%,3400
EML,2018-04-27,29.89,29.89,28.7,28.8,0,0.00%,4600
EML,2018-04-30,28.5,29.25,28.15,28.4,-0.4,-1.39%,31000
EML,2018-05-01,28.5,28.55,27.7,28.2,-0.2,-0.70%,28900
EML,2018-05-02,28,29.6,27.9,29.2,1,+3.55%,13100
EML,2018-05-03,29.45,29.45,28.65,29.25,0.05,+0.17%,4500
EML,2018-05-04,29.25,30,28.825,29.7,0.45,+1.54%,13300
EML,2018-05-07,28.53,29.85,28.53,29.65,-0.05,-0.17%,19100
EML,2018-05-08,29.7,30.3,29.35,30.3,0.65,+2.19%,3000
EML,2018-05-09,30.1,30.1,29.5,29.75,-0.55,-1.82%,3700
EML,2018-05-10,29.45,29.6,28.8,29.1,-0.65,-2.18%,29900
EML,2018-05-11,29.05,30.4,29.05,30.4,1.3,+4.47%,22400
EML,2018-05-14,29.9,30.29,29.9,30.15,-0.25,-0.82%,5000
EML,2018-05-15,30.05,30.1,29.7,29.8,-0.35,-1.16%,3000
EML,2018-05-16,30.2,30.2,29.6,29.8,0,0.00%,5800
EML,2018-05-17,29.45,30.35,29.45,30.15,0.35,+1.17%,11600
EML,2018-05-18,30.4,31,30.1,30.65,0.5,+1.66%,23000
EML,2018-05-21,30.35,30.85,30.35,30.85,0.2,+0.65%,2700
EML,2018-05-22,30.35,30.55,30.15,30.3,-0.55,-1.78%,2300
EML,2018-05-23,30.7,30.7,30.5,30.6,0.3,+0.99%,3100
EML,2018-05-24,30.39,30.75,30.39,30.65,0.05,+0.16%,2300
EML,2018-05-25,30.75,30.75,30.35,30.65,0,0.00%,1500
EML,2018-05-29,30.75,30.75,30.55,30.6,-0.05,-0.16%,2500
EML,2018-05-30,30.75,31,30.5,30.7,0.1,+0.33%,5100
EML,2018-05-31,30.7,30.85,30.5,30.55,-0.15,-0.49%,3900
EML,2018-06-01,30.55,30.8,30.15,30.75,0.2,+0.65%,3900
EML,2018-06-04,30.5,30.75,30.3,30.5,-0.25,-0.81%,4700
EML,2018-06-05,29.4,30.4,29.4,29.9,-0.6,-1.97%,8300
EML,2018-06-06,29.2,30.7,29.1,30.55,0.65,+2.17%,6500
EML,2018-06-07,30.05,30.55,30.05,30.45,-0.1,-0.33%,1700
EML,2018-06-08,29.95,30.15,29.7,29.7,-0.75,-2.46%,2900
EML,2018-06-11,29.6,30.2,29.5,29.75,0.05,+0.17%,3300
EML,2018-06-12,29.86,30.35,29.86,30.35,0.6,+2.02%,3300
EML,2018-06-13,30,30.25,29,30,-0.35,-1.15%,4600
EML,2018-06-14,30.61,30.61,29.65,29.85,-0.15,-0.50%,2400
EML,2018-06-15,29.7,31,29.5,30.7,0.85,+2.85%,12000
EML,2018-06-18,30.2,30.65,30.1,30.6,-0.1,-0.33%,7500
EML,2018-06-19,30.15,30.4,29.85,30,-0.6,-1.96%,5700
EML,2018-06-20,30.59,30.59,30.15,30.4,0.4,+1.33%,6000
EML,2018-06-21,30.05,30.45,29.85,30.2,-0.2,-0.66%,3600
EML,2018-06-22,30.05,30.05,29,29.05,-1.15,-3.81%,36100
EML,2018-06-25,29.15,29.15,28.11,28.25,-0.8,-2.75%,26400
EML,2018-06-26,28.3,28.99,28.19,28.6,0.35,+1.24%,27600
EML,2018-06-27,28.6,29.05,28.4,28.6,0,0.00%,3500
EML,2018-06-28,28.65,28.75,28.45,28.55,-0.05,-0.17%,3800
EML,2018-06-29,28.35,28.375,28,28.05,-0.5,-1.75%,13200
EML,2018-07-02,28,29.9,28,29.55,1.5,+5.35%,30000
EML,2018-07-03,29.8,30.25,29.35,29.7,0.15,+0.51%,4400
EML,2018-07-05,30.2,30.2,29.65,29.8,0.1,+0.34%,6700
EML,2018-07-06,29.5,30.45,29.35,30.3,0.5,+1.68%,6100
EML,2018-07-09,30.35,30.75,30.15,30.15,-0.15,-0.50%,4500
EML,2018-07-10,30.6,30.6,29.2,29.2,-0.95,-3.15%,4300
EML,2018-07-11,29.2,29.25,29.05,29.1,-0.1,-0.34%,2500
EML,2018-07-12,29.2,29.4,28.85,29.05,-0.05,-0.17%,3400
EML,2018-07-13,29.1,29.15,28.25,28.25,-0.8,-2.75%,4000
EML,2018-07-16,28.8,29.4,28.74,29.15,0.9,+3.19%,2600
EML,2018-07-17,29.05,29.6,29.05,29.4,0.25,+0.86%,4000
EML,2018-07-18,29.5,29.66,28.6,28.75,-0.65,-2.21%,4800
EML,2018-07-19,28.85,29.15,28.35,28.45,-0.3,-1.04%,9400
EML,2018-07-20,28.35,29.25,28.35,28.95,0.5,+1.76%,6500
EML,2018-07-23,28.65,29.05,28.35,28.4,-0.55,-1.90%,10500
EML,2018-07-24,28.45,29.25,28.45,28.9,0.5,+1.76%,4300
EML,2018-07-25,29.15,29.4,28.75,29.35,0.45,+1.56%,3000
EML,2018-07-26,29.75,29.85,29.1,29.45,0.1,+0.34%,5700
EML,2018-07-27,29.8,29.8,29,29,-0.45,-1.53%,4800
EML,2018-07-30,29.45,29.45,28.7,28.75,-0.25,-0.86%,2800
EML,2018-07-31,29.1,30.075,29.1,29.5,0.75,+2.61%,8100
EML,2018-08-01,29.55,29.6,28.6,28.9,-0.6,-2.03%,6200
EML,2018-08-02,29,29.95,28.55,28.55,-0.35,-1.21%,12800
EML,2018-08-03,28.85,28.9,27.6,27.85,-0.7,-2.45%,5400
EML,2018-08-06,27.89,28.54,26.95,27.55,-0.3,-1.08%,28400
EML,2018-08-07,28,29.17,26.55,27.2,-0.35,-1.27%,28400
EML,2018-08-08,27.18,27.2,26.6,26.9,-0.3,-1.10%,8000
EML,2018-08-09,26.58,28.35,26.58,28.05,1.15,+4.28%,36000
EML,2018-08-10,27.45,27.96,25.25,26.3,-1.75,-6.24%,69600
EML,2018-08-13,26.3,27.8,25.95,27.5,1.2,+4.56%,12700
EML,2018-08-14,27,27.95,26.55,27.25,-0.25,-0.91%,43700
EML,2018-08-15,27.2,27.2,25.8,26.1,-1.15,-4.22%,26200
EML,2018-08-16,26.3,27.8,26.22,27.3,1.2,+4.60%,45300
EML,2018-08-17,27.15,28.7,27.15,28.3,1,+3.66%,36500
EML,2018-08-20,28.75,29,28.05,28.9,0.6,+2.12%,30000
EML,2018-08-21,29.3,30.105,28.85,29.5,0.6,+2.08%,11400
EML,2018-08-22,29.75,29.75,28.7,29.55,0.05,+0.17%,8600
EML,2018-08-23,29.18,29.65,29.05,29.5,-0.05,-0.17%,5000
EML,2018-08-24,29.35,30.4,29.1,30.1,0.6,+2.03%,40900
EML,2018-08-27,30.4,30.5,29.2,29.2,-0.9,-2.99%,10200
EML,2018-08-28,29.45,29.5,28.6,29.05,-0.15,-0.51%,10000
EML,2018-08-29,29.2,29.55,28.4,28.8,-0.25,-0.86%,4700
EML,2018-08-30,28.48,29.43,28.45,29.25,0.45,+1.56%,9000
EML,2018-08-31,29.25,29.5,29.25,29.5,0.25,+0.85%,2100
EML,2018-09-04,29.45,29.45,29.1,29.3,-0.2,-0.68%,6600
EML,2018-09-05,29.3,29.3,29,29.2,-0.1,-0.34%,2500
EML,2018-09-06,29.3,29.7,29,29.3,0.1,+0.34%,9700
EML,2018-09-07,29.304,29.304,28.725,29,-0.3,-1.02%,3700
EML,2018-09-10,29.25,29.25,28.2,28.6,-0.4,-1.38%,5900
EML,2018-09-11,28.4,29.5,28.11,28.75,0.15,+0.52%,5300
EML,2018-09-12,28.35,29.35,28.24,28.6,-0.15,-0.52%,14400
EML,2018-09-13,28.5,28.75,28.25,28.25,-0.35,-1.22%,2500
EML,2018-09-14,28.2,29.2,28.2,28.4,0.15,+0.53%,6300
EML,2018-09-17,28.3,29.3,28.3,28.9,0.5,+1.76%,6400
EML,2018-09-18,28.95,29.85,28.95,29.1,0.2,+0.69%,5400
EML,2018-09-19,29.25,29.4,29.1,29.1,0,0.00%,4800
EML,2018-09-20,29.15,30.025,29.1,29.2,0.1,+0.34%,4800
EML,2018-09-21,29.2,30.075,28.538,29.1,-0.1,-0.34%,23700
EML,2018-09-24,28.65,29.7,28.6,28.6,-0.5,-1.72%,3400
EML,2018-09-25,28.6,30.95,28.2,28.3,-0.3,-1.05%,14200
EML,2018-09-26,28.61,28.95,28.25,28.4,0.1,+0.35%,6000
EML,2018-09-27,28.3,28.6,28.25,28.4,0,0.00%,1500
EML,2018-09-28,29.5,29.5,28.2,28.4,0,0.00%,9900
EML,2018-10-01,28.6,29.02,28.15,28.22,-0.18,-0.63%,11800
EML,2018-10-02,28.44,28.9,27.05,27.91,-0.31,-1.10%,26500
EML,2018-10-03,28.19,28.6,27.44,28.58,0.67,+2.40%,6600
EML,2018-10-04,28.25,29.22,28.24,28.54,-0.04,-0.14%,8000
EML,2018-10-05,28.07,28.38,28.04,28.13,-0.41,-1.44%,1900
EML,2018-10-08,28.11,28.49,28.01,28.22,0.09,+0.32%,8800
EML,2018-10-09,28.48,28.69,28.01,28.5,0.28,+0.99%,6900
EML,2018-10-10,28.163,28.165,27.6,27.75,-0.75,-2.63%,7300
EML,2018-10-11,27,27,26.02,26.36,-1.39,-5.01%,8700
EML,2018-10-12,26.84,28.35,26.15,27.3,0.94,+3.57%,21000
EML,2018-10-15,27.3,27.79,26.3,26.65,-0.65,-2.38%,19900
EML,2018-10-16,26.65,26.74,26.1,26.42,-0.23,-0.86%,22800
EML,2018-10-17,26.5,26.5,26.02,26.02,-0.4,-1.51%,21600
EML,2018-10-18,26,26.24,25,25.17,-0.85,-3.27%,12900
EML,2018-10-19,25.01,25.95,25.01,25.1,-0.07,-0.28%,11000
EML,2018-10-22,25.43,25.9,25.3,25.56,0.46,+1.83%,18800
EML,2018-10-23,25.07,26.59,25.07,25.72,0.16,+0.63%,10900
EML,2018-10-24,25.72,26.04,25.5,25.67,-0.05,-0.19%,15200
EML,2018-10-25,25.84,27.61,25.63,27.49,1.82,+7.09%,19800
EML,2018-10-26,27.23,27.84,26.23,27.5,0.01,+0.04%,24300
EML,2018-10-29,27.85,27.89,27.56,27.84,0.34,+1.24%,4100
EML,2018-10-30,27.67,28.28,27.55,28.13,0.29,+1.04%,6500
EML,2018-10-31,27.79,28.43,27.69,28.3,0.17,+0.60%,7500
EML,2018-11-01,28.05,28.39,27.91,28.01,-0.29,-1.02%,2300
EML,2018-11-02,28,30.5,28,28.5,0.49,+1.75%,16700
EML,2018-11-05,28.5,30.7,28.5,29.46,0.96,+3.37%,5900
EML,2018-11-06,29.7,29.9,28.75,28.77,-0.69,-2.34%,5400
EML,2018-11-07,29.4,29.4,28.76,28.83,0.06,+0.21%,5500
EML,2018-11-08,29.23,29.545,28.6,28.73,-0.1,-0.35%,4700
EML,2018-11-09,29,29.09,28.26,28.26,-0.47,-1.64%,5600
EML,2018-11-12,28.5,28.5,27.68,27.69,-0.57,-2.02%,4200
EML,2018-11-13,27.55,28.83,27.55,27.95,0.26,+0.94%,10000
EML,2018-11-14,27.93,28.47,27.59,28.38,0.43,+1.54%,5800
EML,2018-11-15,28.19,29.34,28.1,29.29,0.91,+3.21%,5900
EML,2018-11-16,29.02,29.47,28.86,29.17,-0.12,-0.41%,4900
EML,2018-11-19,29.53,29.53,28.05,28.05,-1.12,-3.84%,8700
EML,2018-11-20,28.11,28.2,27.15,27.15,-0.9,-3.21%,13000
EML,2018-11-21,27.41,27.89,27,27.2,0.05,+0.18%,7700
EML,2018-11-23,27.7,28.65,27,27.03,-0.17,-0.63%,2900
EML,2018-11-26,27.62,28.15,27,27.09,0.06,+0.22%,5500
EML,2018-11-27,26.23,27.25,26.23,27.11,0.02,+0.07%,3600
EML,2018-11-28,27.9,28.18,27.06,27.71,0.6,+2.21%,6300
EML,2018-11-29,27.56,27.6,27.05,27.3,-0.41,-1.48%,3700
EML,2018-11-30,27.37,27.89,27.3,27.3,0,0.00%,5800
EML,2018-12-03,27.76,28.68,26.9,27.46,0.16,+0.59%,4500
EML,2018-12-04,27.55,27.55,27,27,-0.46,-1.68%,6600
EML,2018-12-06,26.9,27.38,26.5,27.21,0.21,+0.78%,8100
EML,2018-12-07,27.39,27.39,25.64,26.41,-0.8,-2.94%,12100
EML,2018-12-10,26.315,26.65,26.14,26.65,0.24,+0.91%,5200
EML,2018-12-11,26.03,26.88,26.03,26.14,-0.51,-1.91%,18300
EML,2018-12-12,26.18,26.35,25.52,26,-0.14,-0.54%,10400
EML,2018-12-13,26.1,26.1,25.65,25.81,-0.19,-0.73%,3700
EML,2018-12-14,25.71,25.85,23.24,23.24,-2.57,-9.96%,24100
EML,2018-12-17,23.64,25.32,23.64,23.9,0.66,+2.84%,37800
EML,2018-12-18,24.01,24.99,23.72,24.27,0.37,+1.55%,18100
EML,2018-12-19,24.07,25.67,23.82,24.33,0.06,+0.25%,14400
EML,2018-12-20,24.66,25.24,23.1,23.46,-0.87,-3.58%,18200
EML,2018-12-21,23.21,24.27,23.1,23.11,-0.35,-1.49%,31700
EML,2018-12-24,23.89,23.89,21.67,23.7,0.59,+2.55%,9800
EML,2018-12-26,23.64,24.37,22.3,23.48,-0.22,-0.93%,18900
EML,2018-12-27,23.47,24.54,22.68,23.4,-0.08,-0.34%,14700
EML,2018-12-28,22.84,26,22.84,24.34,0.94,+4.02%,9200
EML,2018-12-31,24.96,25.23,24.01,24.18,-0.16,-0.66%,10400
EML,2019-01-02,24.07,25.63,23.54,25.63,1.45,+6.00%,10300
EML,2019-01-03,25.4,25.4,24.14,24.68,-0.95,-3.71%,7800
EML,2019-01-04,25.66,25.66,24.78,25.34,0.66,+2.67%,17600
EML,2019-01-07,25.64,27.24,25.62,27.24,1.9,+7.50%,10200
EML,2019-01-08,27.5,27.75,26.56,27.5,0.26,+0.95%,10500
EML,2019-01-09,27.6,27.65,26.56,26.79,-0.71,-2.58%,16000
EML,2019-01-10,26.28,27,26.14,26.4,-0.39,-1.46%,12000
EML,2019-01-11,26.4,26.595,25.86,25.86,-0.54,-2.05%,1600
EML,2019-01-14,25.66,26.19,25.32,25.36,-0.5,-1.93%,8700
EML,2019-01-15,25.31,26,24.35,24.95,-0.41,-1.62%,15400
EML,2019-01-16,25.536,26.591,25.125,25.44,0.49,+1.96%,14600
EML,2019-01-17,25.56,25.585,24.85,24.85,-0.59,-2.32%,2900
EML,2019-01-18,24.95,27.08,24.95,25.7,0.85,+3.42%,27900
EML,2019-01-22,26.55,26.74,25.65,25.9,0.2,+0.78%,16200
EML,2019-01-23,26.19,26.87,25.295,26.49,0.59,+2.28%,11000
EML,2019-01-24,26.49,27.7,25.835,27.05,0.56,+2.11%,23800
EML,2019-01-25,27.64,29.12,27.16,27.69,0.64,+2.37%,5700
EML,2019-01-28,27.65,27.65,27.26,27.26,-0.43,-1.55%,2000
EML,2019-01-29,27.32,27.32,27.05,27.05,-0.21,-0.77%,1500
EML,2019-01-30,27.49,27.72,27.05,27.72,0.67,+2.48%,6000
EML,2019-01-31,27.49,27.49,27.18,27.18,-0.54,-1.95%,3100
EML,2019-02-01,27.5,27.5,27.26,27.26,0.08,+0.29%,1500
EML,2019-02-04,27.5,27.5,27.11,27.11,-0.15,-0.55%,1600
EML,2019-02-05,27.267,27.28,27.115,27.28,0.17,+0.63%,1400
EML,2019-02-06,26.95,27.32,26.95,27.32,0.04,+0.15%,6500
EML,2019-02-07,26.955,26.955,25.05,25.05,-2.27,-8.31%,6900
EML,2019-02-08,25.1,26.24,25.07,25.25,0.2,+0.80%,10200
EML,2019-02-11,26.52,26.52,25.91,26.11,0.86,+3.41%,2200
EML,2019-02-12,26.85,27.48,26.78,27.45,1.34,+5.13%,10700
EML,2019-02-13,27.5,27.57,27.5,27.57,0.12,+0.44%,1200
EML,2019-02-14,27.21,27.5,26.85,26.85,-0.72,-2.61%,3100
EML,2019-02-15,27.19,27.6,26.83,26.83,-0.02,-0.07%,7400
EML,2019-02-19,26.8,27.47,26.8,27.47,0.64,+2.39%,2300
EML,2019-02-20,27.39,27.39,26.53,26.56,-0.91,-3.31%,4600
EML,2019-02-21,26.79,26.79,26.5,26.5,-0.06,-0.23%,1500
EML,2019-02-22,26.8,27,26.11,26.97,0.47,+1.77%,5400
EML,2019-02-25,26.81,26.96,26.13,26.3,-0.67,-2.48%,3100
EML,2019-02-26,26.3,26.97,26.3,26.62,0.32,+1.22%,3600
EML,2019-02-27,28.12,29.13,28.12,28.77,2.15,+8.08%,8100
EML,2019-02-28,28.54,29.49,28.54,29.1,0.33,+1.15%,6800
EML,2019-03-01,29.32,29.67,29.2,29.23,0.13,+0.45%,6300
EML,2019-03-04,29.49,29.55,29.24,29.24,0.01,+0.03%,1300
EML,2019-03-05,29.21,29.7191,29.198,29.43,0.19,+0.65%,2200
EML,2019-03-06,29.26,29.99,29.1,29.1,-0.33,-1.12%,2200
EML,2019-03-07,28.62,29.1516,28.43,28.51,-0.59,-2.03%,3400
EML,2019-03-08,28.5,29.1,28.5,28.76,0.25,+0.88%,5100
EML,2019-03-11,28.76,28.81,27.65,28,-0.76,-2.64%,16100
EML,2019-03-12,28.56,28.56,26.36,27.21,-0.79,-2.82%,15100
EML,2019-03-13,27.42,27.8378,27.23,27.23,0.02,+0.07%,5100
EML,2019-03-14,27.42,27.73,27.11,27.71,0.48,+1.76%,5700
EML,2019-03-15,27.79,29.16,27.79,29.16,1.45,+5.23%,21300
EML,2019-03-18,29,29.26,27.855,28.5,-0.66,-2.26%,2100
EML,2019-03-19,28.4,28.9,28.4,28.85,0.35,+1.23%,2400
EML,2019-03-20,28.76,29.438,27.6,28.49,-0.36,-1.25%,5200
EML,2019-03-21,28.43,28.43,27.52,28.4,-0.09,-0.32%,10000
EML,2019-03-22,28.46,29.0367,27.5,27.55,-0.85,-2.99%,23200
EML,2019-03-25,27.77,28.823,27.64,27.89,0.34,+1.23%,4600
EML,2019-03-26,28.05,28.65,27.692,28.22,0.33,+1.18%,8700
EML,2019-03-27,28.23,28.23,26.95,27.5,-0.72,-2.55%,7600
EML,2019-03-28,27.73,28.1648,27.2527,28.06,0.56,+2.04%,3700
EML,2019-03-29,28.22,28.48,27.52,27.52,-0.54,-1.92%,9100
EML,2019-04-01,28.04,28.5899,28.04,28.5,0.98,+3.56%,3900
EML,2019-04-02,28.71,28.81,27.83,28.74,0.24,+0.84%,5500
EML,2019-04-03,28.76,29.0499,28.16,28.78,0.04,+0.14%,3100
EML,2019-04-04,28.85,28.85,28.1177,28.58,-0.2,-0.69%,33900
EML,2019-04-05,28.7,28.8,28.3804,28.57,-0.01,-0.03%,6400
EML,2019-04-08,28.63,28.89,28.2627,28.8,0.23,+0.81%,17000
EML,2019-04-09,28.8,28.88,28.71,28.72,-0.08,-0.28%,2000
EML,2019-04-10,28.43,28.675,28.04,28.04,-0.68,-2.37%,18000
EML,2019-04-11,28.05,28.28,27.12,27.7,-0.34,-1.21%,7500
EML,2019-04-12,28.9138,28.9138,26.91,27.38,-0.32,-1.16%,15100
EML,2019-04-15,27.63,28.225,27.47,27.61,0.23,+0.84%,4600
EML,2019-04-16,27.315,28.16,27.315,28.03,0.42,+1.52%,2900
EML,2019-04-17,28.3,28.39,28.1362,28.29,0.26,+0.93%,3000
EML,2019-04-18,28.29,29.04,28.29,29.04,0.75,+2.65%,4200
EML,2019-04-22,28.6,28.957,28.6,28.79,-0.25,-0.86%,4000
EML,2019-04-23,28.7932,29.05,28.7932,29.05,0.26,+0.90%,3900
EML,2019-04-24,29.05,29.05,28.78,28.81,-0.24,-0.83%,3800
EML,2019-04-25,28.8,28.8,28.35,28.35,-0.46,-1.60%,4800
EML,2019-04-26,28.42,28.55,28.29,28.55,0.2,+0.71%,3200
EML,2019-04-29,28.3,28.685,28.1497,28.42,-0.13,-0.46%,4300
EML,2019-04-30,28.66,28.66,28.43,28.66,0.24,+0.84%,5000
EML,2019-05-01,28.31,28.31,26.13,26.15,-2.51,-8.76%,12900
EML,2019-05-02,26.485,27.2715,26.17,26.17,0.02,+0.08%,5700
EML,2019-05-03,26.9623,27.4867,26.1386,27.48,1.31,+5.01%,25900
EML,2019-05-06,27.2,27.2,26.4342,26.45,-1.03,-3.75%,9100
EML,2019-05-07,26.41,26.889,26.3224,26.7,0.25,+0.95%,7800
EML,2019-05-08,26.7531,26.9636,26.3548,26.42,-0.28,-1.05%,11200
EML,2019-05-09,26.365,26.8452,25.916,26.06,-0.36,-1.36%,7100
EML,2019-05-10,26.39,26.88,26.0253,26.88,0.82,+3.15%,7900
EML,2019-05-13,26.35,26.5,24.783,26.29,-0.59,-2.19%,7800
EML,2019-05-14,26.1,26.58,25.39,25.58,-0.71,-2.70%,6700
EML,2019-05-15,25.55,26.46,24.804,26.46,0.88,+3.44%,16300
EML,2019-05-16,26.36,26.36,25.91,26.04,-0.42,-1.59%,4400
EML,2019-05-17,25.92,26.2752,25.62,26.1,0.06,+0.23%,2200
EML,2019-05-20,26.03,26.28,25.4901,26.28,0.18,+0.69%,6200
EML,2019-05-21,26.36,26.36,26.05,26.05,-0.23,-0.88%,1700
EML,2019-05-22,26,26,25.06,25.47,-0.58,-2.23%,9900
EML,2019-05-23,25.26,25.6653,24.61,24.61,-0.86,-3.38%,7600
EML,2019-05-24,25.15,25.55,25.125,25.55,0.94,+3.82%,3900
EML,2019-05-28,25.5,25.5,25.5,25.5,-0.05,-0.20%,1400
EML,2019-05-29,25.4,25.525,24.62,24.78,-0.72,-2.82%,4600
EML,2019-05-30,24.85,25.09,24.85,25.09,0.31,+1.25%,1100
EML,2019-05-31,24.7,25.3299,24.31,24.32,-0.77,-3.07%,10300
EML,2019-06-03,24.15,24.88,23.7722,24.63,0.31,+1.27%,4500
EML,2019-06-04,24.75,24.99,24.1506,24.85,0.22,+0.89%,6400
EML,2019-06-05,24.81,25.65,24.7,25.16,0.31,+1.25%,11200
EML,2019-06-06,25.13,27.39,25.13,26.85,1.69,+6.72%,29900
EML,2019-06-07,27,27.5,26.9843,27.01,0.16,+0.60%,11900
EML,2019-06-10,26.93,27.7,26.45,26.99,-0.02,-0.07%,6900
EML,2019-06-11,26.36,26.81,26.32,26.5,-0.49,-1.82%,2700
EML,2019-06-12,23.67,26.91,23.67,25.825,-0.675,-2.55%,5200
EML,2019-06-13,26.09,26.37,26.09,26.1,0.275,+1.06%,1400
EML,2019-06-14,26.05,26.4,25.6,26.3,0.2,+0.77%,6000
EML,2019-06-17,26.05,26.05,25.675,25.9,-0.4,-1.52%,2400
EML,2019-06-18,25.68,26,25.68,26,0.1,+0.39%,1000
EML,2019-06-19,25.9,25.9206,25.52,25.52,-0.48,-1.85%,2000
EML,2019-06-20,25.67,26.29,25.508,25.77,0.25,+0.98%,2300
EML,2019-06-21,25.53,26.11,25.53,26.11,0.34,+1.32%,9700
EML,2019-06-24,25.77,26.1845,25.5,25.53,-0.58,-2.22%,4600
EML,2019-06-25,25.6,25.615,25.5,25.58,0.05,+0.20%,2700
EML,2019-06-26,26.1,26.87,26.1,26.11,0.53,+2.07%,1200
EML,2019-06-27,25.765,27.2,25.765,27.15,1.04,+3.98%,4800
EML,2019-06-28,27.25,28.02,26.9,28.02,0.87,+3.20%,27000
EML,2019-07-01,28.05,28.05,27.4206,27.93,-0.09,-0.32%,3800
EML,2019-07-02,28.02,28.28,26.19,26.49,-1.44,-5.16%,11800
EML,2019-07-03,26.79,26.79,26.36,26.6,0.11,+0.42%,1700
EML,2019-07-05,27,27.68,27,27.68,1.08,+4.06%,1800
EML,2019-07-08,27.7,27.8,27.7,27.8,0.12,+0.43%,700
EML,2019-07-09,27.68,28.014,27.15,27.15,-0.65,-2.34%,5000
EML,2019-07-10,27.4,28.3999,27.14,27.68,0.53,+1.95%,2600
EML,2019-07-11,27.88,28.1,27.52,27.99,0.31,+1.12%,2000
EML,2019-07-12,28,28,27.06,27.25,-0.74,-2.64%,7800
EML,2019-07-15,26.8637,27.1,26.8637,27.1,-0.15,-0.55%,900
EML,2019-07-16,27.1,27.1535,27,27,-0.1,-0.37%,5400
EML,2019-07-17,27.42,27.42,26.7,26.7,-0.3,-1.11%,1500
EML,2019-07-18,26.759,27.2,26.759,27.2,0.5,+1.87%,1200
EML,2019-07-19,26.9,27.29,26.9,27,-0.2,-0.74%,2700
EML,2019-07-22,27.385,27.385,26.28,27.24,0.24,+0.89%,1200
EML,2019-07-23,27,27,25.2,26.02,-1.22,-4.48%,4600
EML,2019-07-24,26.3,26.31,26.3,26.31,0.29,+1.11%,1700
EML,2019-07-25,26.31,26.31,25.6355,25.66,-0.65,-2.47%,4600
EML,2019-07-26,25.94,26.89,25.94,26.27,0.61,+2.38%,4000
EML,2019-07-29,26.69,26.69,25.8001,25.93,-0.34,-1.29%,5600
EML,2019-07-30,25.65,26.3,25.4825,26.05,0.12,+0.46%,17900
EML,2019-07-31,26.49,26.49,25.26,25.26,-0.79,-3.03%,10600
EML,2019-08-01,25.29,25.29,24.02,24.25,-1.01,-4.00%,4600
EML,2019-08-02,23.7052,24.1425,23.0301,23.44,-0.81,-3.34%,6200
EML,2019-08-05,22.8238,22.995,21.7,21.71,-1.73,-7.38%,15700
EML,2019-08-06,22.03,22.63,22.03,22.05,0.34,+1.57%,5300
EML,2019-08-07,22.09,23.22,21.92,22.87,0.82,+3.72%,9700
EML,2019-08-08,23.38,24.28,22.65,23.23,0.36,+1.57%,6800
EML,2019-08-09,23.67,24.4736,23.65,23.71,0.48,+2.07%,8500
EML,2019-08-12,23.71,23.8924,23.5,23.51,-0.2,-0.84%,2800
EML,2019-08-13,24.28,24.28,24.28,24.28,0.77,+3.28%,800
EML,2019-08-14,23.02,23.33,22.75,23,-1.28,-5.27%,5000
EML,2019-08-15,23.15,23.15,22.8,22.8,-0.2,-0.87%,3500
EML,2019-08-16,23.03,23.03,21.0239,22.77,-0.03,-0.13%,6300
EML,2019-08-19,23,23.4,23,23.4,0.63,+2.77%,2200
EML,2019-08-20,22.3323,22.9715,22.32,22.65,-0.75,-3.21%,3900
EML,2019-08-21,22.22,22.55,22.15,22.45,-0.2,-0.88%,3200
EML,2019-08-22,22.45,22.98,22.31,22.31,-0.14,-0.62%,5200
EML,2019-08-23,22.3,22.3,20.7,21.32,-0.99,-4.44%,11800
EML,2019-08-26,21.71,25.7454,21.5,22.36,1.04,+4.88%,8300
EML,2019-08-27,22.31,22.45,20.95,21.5,-0.86,-3.85%,12800
EML,2019-08-28,21.21,21.99,21.1472,21.99,0.49,+2.28%,4300
EML,2019-08-29,22.13,23.08,22.13,22.99,1,+4.55%,3900
EML,2019-08-30,23.1,23.1,21.6561,22.06,-0.93,-4.05%,8400
EML,2019-09-03,21.5,23,21.5,22.55,0.49,+2.22%,11900
EML,2019-09-04,23.19,23.85,22.8619,23.85,1.3,+5.76%,7000
EML,2019-09-05,24.5,24.98,24.5,24.54,0.69,+2.89%,13700
EML,2019-09-06,24.79,25.25,24.1,24.16,-0.38,-1.55%,10000
EML,2019-09-09,23.98,25.41,23.53,25.37,1.21,+5.01%,13200
EML,2019-09-10,25.39,26.9918,25.39,25.72,0.35,+1.38%,9700
EML,2019-09-11,26.82,26.82,25.9,26.32,0.6,+2.33%,7700
EML,2019-09-12,26.25,26.78,25.85,26.78,0.46,+1.75%,10700
EML,2019-09-13,26.75,27,26.07,26.78,0,0.00%,9200
EML,2019-09-16,26.83,26.92,26.07,26.27,-0.51,-1.90%,5900
EML,2019-09-17,26.29,27,25.83,26.8,0.53,+2.02%,11900
EML,2019-09-18,26.51,27.29,26.03,26.77,-0.03,-0.11%,12700
EML,2019-09-19,26.5,26.72,24.97,25.01,-1.76,-6.57%,12000
EML,2019-09-20,25.02,25.8,24.36,25.8,0.79,+3.16%,20700
EML,2019-09-23,25.26,26.66,25.26,25.8,0,0.00%,11000
EML,2019-09-24,25.77,26.4,25.42,25.42,-0.38,-1.47%,6600
EML,2019-09-25,25.54,25.9,25.45,25.45,0.03,+0.12%,3300
EML,2019-09-26,25.43,25.73,25.25,25.25,-0.2,-0.79%,3200
EML,2019-09-27,24.52,24.99,24.4,24.4,-0.85,-3.37%,6000
EML,2019-09-30,25,25,24.109,24.82,0.42,+1.72%,4100
EML,2019-10-01,24.99,25.29,24.51,24.6,-0.22,-0.89%,5900
EML,2019-10-02,24.56,24.56,23.71,23.71,-0.89,-3.62%,2600
EML,2019-10-03,24.43,24.43,23.27,23.58,-0.13,-0.55%,1600
EML,2019-10-04,23.88,24.505,23.71,23.95,0.37,+1.57%,8600
EML,2019-10-07,24.02,25,23.7051,24.15,0.2,+0.84%,13400
EML,2019-10-08,23.82,24.57,23.6232,24.5,0.35,+1.45%,6600
EML,2019-10-09,24.6,25.4,24.1,25.2,0.7,+2.86%,10000
EML,2019-10-10,25.3,26.2,25.0751,25.84,0.64,+2.54%,12900
EML,2019-10-11,25.34,26.4,25.04,25.6,-0.24,-0.93%,7900
EML,2019-10-14,25.955,25.99,24.821,25.88,0.28,+1.09%,8700
EML,2019-10-15,25.97,27.15,25.6071,27.15,1.27,+4.91%,11200
EML,2019-10-16,27.04,27.43,25.52,27.39,0.24,+0.88%,6400
EML,2019-10-17,27.3,27.87,27.1635,27.87,0.48,+1.75%,3700
EML,2019-10-18,27.64,28.27,27.64,28.12,0.25,+0.90%,5400
EML,2019-10-21,28.17,29.45,27.853,29.45,1.33,+4.73%,14800
EML,2019-10-22,28.5192,29.17,28.5192,29.17,-0.28,-0.95%,2100
EML,2019-10-23,29,29.265,29,29.08,-0.09,-0.31%,4500
EML,2019-10-24,29.15,29.15,28.2,28.45,-0.63,-2.17%,12800
EML,2019-10-25,27.1201,28.58,27.1201,27.62,-0.83,-2.92%,16300
EML,2019-10-28,27.67,28.435,27.0552,28.02,0.4,+1.45%,9400
EML,2019-10-29,27.1,27.99,26.85,27.58,-0.44,-1.57%,11900
EML,2019-10-30,27.36,27.85,26.89,27.85,0.27,+0.98%,8400
EML,2019-10-31,27.51,28.9595,25.73,27.59,-0.26,-0.93%,11900
EML,2019-11-01,27.66,29.06,27.66,28.9,1.31,+4.75%,11300
EML,2019-11-04,28.87,29.36,28.3,28.66,-0.24,-0.83%,9800
EML,2019-11-05,28.25,29.16,27.865,29.16,0.5,+1.74%,10000
EML,2019-11-06,28.6,29.3,27.91,27.91,-1.25,-4.29%,7900
EML,2019-11-07,27.98,28.4,27.515,28.19,0.28,+1.00%,6900
EML,2019-11-08,28.3,28.85,27.37,28.7,0.51,+1.81%,9700
EML,2019-11-11,28.42,28.57,26.9885,28.57,-0.13,-0.45%,4500
EML,2019-11-12,28.65,29.01,28.1,28.74,0.17,+0.60%,7300
EML,2019-11-13,28.28,29.1,27.71,28.37,-0.37,-1.29%,6700
EML,2019-11-14,28.3,28.5293,27.54,28.13,-0.24,-0.85%,6600
EML,2019-11-15,28.3,29.03,27.65,28.4,0.27,+0.96%,8700
EML,2019-11-18,28.4,29.085,27.95,29,0.6,+2.11%,9700
EML,2019-11-19,29.1,29.3972,28.55,28.64,-0.36,-1.24%,8500
EML,2019-11-20,28.67,28.88,28.02,28.2,-0.44,-1.54%,11000
EML,2019-11-21,28.4,28.4,27.39,27.41,-0.79,-2.80%,2700
EML,2019-11-22,27.54,27.61,26.64,26.95,-0.46,-1.68%,6800
EML,2019-11-25,26.67,27.55,26.67,27.55,0.6,+2.23%,2600
EML,2019-11-26,27.8167,28.2214,27.6677,27.84,0.29,+1.05%,6400
EML,2019-11-27,27.69,27.78,27.69,27.78,-0.06,-0.22%,1200
EML,2019-11-29,27.48,27.48,27.48,27.48,-0.3,-1.08%,500
EML,2019-12-02,27.37,27.88,26.77,27.01,-0.47,-1.71%,3400
EML,2019-12-03,26.89,27.11,26.85,27.11,0.1,+0.37%,1300
EML,2019-12-04,26.8,28.1679,26.8,27.81,0.7,+2.58%,6900
EML,2019-12-05,27.97,28.32,27.5288,28.32,0.51,+1.83%,5300
EML,2019-12-06,28.7,28.89,28.505,28.51,0.19,+0.67%,4800
EML,2019-12-09,28.49,28.9427,28.3545,28.53,0.02,+0.07%,5600
EML,2019-12-10,27.67,29.29,27.67,29.29,0.76,+2.66%,5300
EML,2019-12-11,29.05,29.4,28.5234,29.39,0.1,+0.34%,8500
EML,2019-12-12,29.2,29.6,27.97,29.45,0.06,+0.20%,38800
EML,2019-12-13,29.45,29.79,28.896,29.79,0.34,+1.15%,10200
EML,2019-12-16,29.79,30.41,29.75,30.17,0.38,+1.28%,6900
EML,2019-12-17,30.1,30.39,29.6696,30.05,-0.12,-0.40%,5400
EML,2019-12-18,29.46,30.32,29.0128,29.91,-0.14,-0.47%,7400
EML,2019-12-19,29.4266,30.3,29.4266,30.3,0.39,+1.30%,3700
EML,2019-12-20,30.29,30.32,29.17,30.32,0.02,+0.07%,27600
EML,2019-12-23,29.84,30.03,29.16,29.21,-1.11,-3.66%,7900
EML,2019-12-24,29.4172,29.4172,29.19,29.22,0.01,+0.03%,1000
EML,2019-12-26,29.5,29.69,29.04,29.66,0.44,+1.51%,3300
EML,2019-12-27,29.46,30.08,29.34,29.97,0.31,+1.05%,7700
EML,2019-12-30,29.61,31.89,29.1647,30.91,0.94,+3.14%,35200
EML,2019-12-31,30.91,31.965,30.52,30.53,-0.38,-1.23%,16700
EML,2020-01-02,30.88,30.88,29.66,29.89,-0.64,-2.10%,4900
EML,2020-01-03,29.64,29.87,29.3,29.3,-0.59,-1.97%,2100
EML,2020-01-06,29.17,29.45,28.5529,29.29,-0.01,-0.03%,5500
EML,2020-01-07,29.42,29.48,28.88,29.29,0,0.00%,4800
EML,2020-01-08,29.16,29.78,28.84,29.7,0.41,+1.40%,5800
EML,2020-01-09,29.63,30.362,29.047,29.86,0.16,+0.54%,13100
EML,2020-01-10,29.8118,29.92,29.254,29.64,-0.22,-0.74%,8000
EML,2020-01-13,29.47,29.94,29.1935,29.6,-0.04,-0.13%,14800
EML,2020-01-14,29.46,30.2504,29.46,29.8,0.2,+0.68%,8200
EML,2020-01-15,29.87,30.55,29.5345,30.55,0.75,+2.52%,4700
EML,2020-01-16,30.91,31.87,30.74,31.25,0.7,+2.29%,6100
EML,2020-01-17,31.49,31.49,31,31,-0.25,-0.80%,6900
EML,2020-01-21,30.89,30.98,29.3616,30.5,-0.5,-1.61%,21200
EML,2020-01-22,30.15,31.088,29.84,30.1,-0.4,-1.31%,8500
EML,2020-01-23,29.75,29.75,29.22,29.26,-0.84,-2.79%,8000
EML,2020-01-24,29.36,29.936,28.93,29.31,0.05,+0.17%,9200
EML,2020-01-27,28.82,28.82,27.527,27.91,-1.4,-4.78%,49000
EML,2020-01-28,28.0987,28.71,28.015,28.71,0.8,+2.87%,7100
EML,2020-01-29,28.4918,28.85,28.285,28.75,0.04,+0.14%,6800
EML,2020-01-30,28.57,29.145,28.05,28.7,-0.05,-0.17%,16300
EML,2020-01-31,28.49,29.085,27.7,27.7,-1.,-3.48%,11600
EML,2020-02-03,28.14,28.315,27.83,27.83,0.13,+0.47%,4700
EML,2020-02-04,28.3,28.42,27.747,28.01,0.18,+0.65%,5900
EML,2020-02-05,28.42,29.25,28.2703,28.73,0.72,+2.57%,9900
EML,2020-02-06,28.56,29.2607,28.19,28.19,-0.54,-1.88%,13800
EML,2020-02-07,28.14,28.47,28.14,28.3,0.11,+0.39%,4700
EML,2020-02-10,28.3,28.53,27.5942,28.2,-0.1,-0.35%,4900
EML,2020-02-11,27.9877,28.66,27.9877,28.25,0.05,+0.18%,6500
EML,2020-02-12,27.88,28.9,27.88,28.78,0.53,+1.88%,8500
EML,2020-02-13,28.2757,28.855,28.14,28.66,-0.12,-0.42%,6600
EML,2020-02-14,28.48,28.89,28.22,28.22,-0.44,-1.54%,6700
EML,2020-02-18,28.25,28.52,27.92,28.09,-0.13,-0.46%,5400
EML,2020-02-19,28.1,28.25,28.09,28.09,0,0.00%,2400
EML,2020-02-20,27.8,28.09,27.52,27.64,-0.45,-1.60%,2700
EML,2020-02-21,27.72,28.04,27.635,27.75,0.11,+0.40%,5300
EML,2020-02-24,27.02,27.5,27.02,27.28,-0.47,-1.69%,6700
EML,2020-02-25,27.35,28.5637,24.71,24.71,-2.57,-9.42%,5800
EML,2020-02-26,25.49,26.24,24.4,26.1,1.39,+5.63%,13600
EML,2020-02-27,25.44,26.0219,24.2485,25.2,-0.9,-3.45%,13600
EML,2020-02-28,24.7245,25.69,24.7245,25.47,0.27,+1.07%,8700
EML,2020-03-02,25.64,26.1421,24.3447,25.48,0.01,+0.04%,9000
EML,2020-03-03,25.7,26.5,24.131,24.43,-1.05,-4.12%,12400
EML,2020-03-04,24.97,25.88,24.52,25.35,0.92,+3.77%,14600
EML,2020-03-05,24.84,24.9,24.5,24.88,-0.47,-1.85%,4000
EML,2020-03-06,20.4,26.975,20.4,26,1.12,+4.50%,8100
EML,2020-03-09,25,25.9,22.88,23.23,-2.77,-10.65%,14900
EML,2020-03-10,23.66,27.33,21.015,26.93,3.7,+15.93%,22800
EML,2020-03-11,25.85,25.8656,23.27,25.26,-1.67,-6.20%,12600
EML,2020-03-12,23.95,23.9895,21.31,21.45,-3.81,-15.08%,10800
EML,2020-03-13,21.62,26.4,21.62,25.57,4.12,+19.21%,9200
EML,2020-03-16,23.55,24.95,20.21,21.06,-4.51,-17.64%,19400
EML,2020-03-17,21.45,23.16,21.45,23,1.94,+9.21%,17400
EML,2020-03-18,20.54,22.885,20.54,21.01,-1.99,-8.65%,6000
EML,2020-03-19,20.52,21.91,18.75,21.08,0.07,+0.33%,26700
EML,2020-03-20,20.4,20.5,19,19.1,-1.98,-9.39%,14300
EML,2020-03-23,19.21,19.5556,17.2,18.65,-0.45,-2.36%,11800
EML,2020-03-24,20.5,21.52,19.242,21.52,2.87,+15.39%,13000
EML,2020-03-25,22,22.984,20.95,21.98,0.46,+2.14%,10000
EML,2020-03-26,21.6,23,20.88,23,1.02,+4.64%,19200
EML,2020-03-27,21.04,21.12,20.02,20.21,-2.79,-12.13%,4600
EML,2020-03-30,18.41,20.7,18.41,20.47,0.26,+1.29%,12900
EML,2020-03-31,19.53,19.66,18.32,19.5,-0.97,-4.74%,10500
EML,2020-04-01,18.2,19.537,17.63,17.63,-1.87,-9.59%,30000
EML,2020-04-02,17.43,18.0942,17.4,18.09,0.46,+2.61%,13800
EML,2020-04-03,18.4809,18.4809,16.75,16.75,-1.34,-7.41%,30900
EML,2020-04-06,18.1,18.77,17.03,18.77,2.02,+12.06%,10800
EML,2020-04-07,19.92,19.97,17.72,18.02,-0.75,-4.00%,8900
EML,2020-04-08,17.68,18.28,17.11,17.65,-0.37,-2.05%,30500
EML,2020-04-09,17.75,19.88,17.73,19.88,2.23,+12.63%,20500
EML,2020-04-13,19.8,20.309,18.65,19.83,-0.05,-0.25%,8400
EML,2020-04-14,20.38,20.58,20.0768,20.09,0.26,+1.31%,7700
EML,2020-04-15,20,20.3953,18.49,18.71,-1.38,-6.87%,8500
EML,2020-04-16,18.91,19.675,17.11,17.75,-0.96,-5.13%,19000
EML,2020-04-17,18.04,19.95,18.04,18.8,1.05,+5.92%,16800
EML,2020-04-20,18.78,19.71,18.15,18.18,-0.62,-3.30%,8800
EML,2020-04-21,17.31,18.25,17.31,17.66,-0.52,-2.86%,3500
EML,2020-04-22,18,19.38,18,19.23,1.57,+8.89%,4000
EML,2020-04-23,19.4,19.4,18,18.72,-0.51,-2.65%,5500
EML,2020-04-24,18.7933,19.38,18.7933,19.38,0.66,+3.53%,2200
EML,2020-04-27,19.5,19.5899,18.95,19.14,-0.24,-1.24%,11200
EML,2020-04-28,19.81,20.5648,19.44,19.44,0.3,+1.57%,9200
EML,2020-04-29,20.43,21,20.15,20.2,0.76,+3.91%,12700
EML,2020-04-30,19.67,19.67,18,18,-2.2,-10.89%,11200
EML,2020-05-01,17.76,18.84,17.76,18.84,0.84,+4.67%,10600
EML,2020-05-04,19.24,19.24,18.26,18.31,-0.53,-2.81%,6600
EML,2020-05-05,18.7678,18.7678,18.01,18.08,-0.23,-1.26%,22300
EML,2020-05-06,18.2,18.2,17.31,17.5,-0.58,-3.21%,24700
EML,2020-05-07,18,18.0978,17.2,17.74,0.24,+1.37%,20600
EML,2020-05-08,17.94,18.485,17.53,17.75,0.01,+0.06%,13900
EML,2020-05-11,17.75,17.9035,17.05,17.05,-0.7,-3.94%,18300
EML,2020-05-12,17.49,17.62,16.53,16.53,-0.52,-3.05%,17200
EML,2020-05-13,16.52,16.52,15.5,15.93,-0.6,-3.63%,14200
EML,2020-05-14,15.32,16.1,15.28,16.1,0.17,+1.07%,6600
EML,2020-05-15,16.11,16.61,16.03,16.61,0.51,+3.17%,8600
EML,2020-05-18,17.66,18.1,17.5601,18.02,1.41,+8.49%,11900
EML,2020-05-19,17.79,18.1,17,17.09,-0.93,-5.16%,5700
EML,2020-05-20,17.15,19,17.15,18.53,1.44,+8.43%,15900
EML,2020-05-21,18.505,18.733,17.76,18.19,-0.34,-1.83%,10900
EML,2020-05-22,18.44,18.45,17.97,18.4,0.21,+1.15%,3200
EML,2020-05-26,18.96,19.4,17.06,18.92,0.52,+2.83%,5200
EML,2020-05-27,19.45,20,18.92,19.71,0.79,+4.18%,10600
EML,2020-05-28,20.2,20.2,19.1,19.1,-0.61,-3.09%,5500
EML,2020-05-29,19.15,19.5,18.6377,18.71,-0.39,-2.04%,3400
EML,2020-06-01,18.86,19.91,18.1,18.1,-0.61,-3.26%,9900
EML,2020-06-02,18.47,18.53,18.1,18.13,0.03,+0.17%,7800
EML,2020-06-03,18.72,19.5,18.535,18.85,0.72,+3.97%,11500
EML,2020-06-04,18.88,19.4743,18.88,19.38,0.53,+2.81%,12300
EML,2020-06-05,20.18,21,19.65,20.03,0.65,+3.35%,19800
EML,2020-06-08,20.59,20.59,19.97,20.13,0.1,+0.50%,19500
EML,2020-06-09,19.72,20.3,19.315,20.24,0.11,+0.55%,11400
EML,2020-06-10,20.4,20.41,19.06,19.1,-1.14,-5.63%,15200
EML,2020-06-11,18.2,18.53,17.06,17.06,-2.04,-10.68%,15300
EML,2020-06-12,18.03,18.371,18,18.03,0.97,+5.69%,10700
EML,2020-06-15,17.62,18.29,17.62,18.29,0.26,+1.44%,11300
EML,2020-06-16,19.17,19.4,18.86,19.09,0.8,+4.37%,5700
EML,2020-06-17,19.26,19.32,17.37,17.37,-1.72,-9.01%,4500
EML,2020-06-18,17.49,18.111,17.45,17.66,0.29,+1.67%,6900
EML,2020-06-19,17.92,18.1,17.32,17.45,-0.21,-1.19%,20400
EML,2020-06-22,17.4,17.91,17.4,17.62,0.17,+0.97%,7000
EML,2020-06-23,18,18,17.26,17.26,-0.36,-2.04%,9900
EML,2020-06-24,17.25,17.45,16.644,16.82,-0.44,-2.55%,20900
EML,2020-06-25,16.69,18.06,16.64,18.06,1.24,+7.37%,9200
EML,2020-06-26,17.54,18.55,17.3468,17.8,-0.26,-1.44%,26900
EML,2020-06-29,18.12,19.93,18.12,18.76,0.96,+5.39%,13600
EML,2020-06-30,18.52,18.52,17.6,17.87,-0.89,-4.74%,13200
EML,2020-07-01,18.07,18.58,17.66,18.19,0.32,+1.79%,8900
EML,2020-07-02,18.19,18.61,17.95,18.2,0.01,+0.05%,16800
EML,2020-07-06,18.72,18.72,18.2445,18.25,0.05,+0.27%,5500
EML,2020-07-07,18.25,18.46,16.81,16.82,-1.43,-7.84%,16000
EML,2020-07-08,18.025,18.025,16.82,16.91,0.09,+0.54%,12900
EML,2020-07-09,16.95,16.95,16.1627,16.64,-0.27,-1.60%,15000
EML,2020-07-10,16.19,17.79,16.19,17.79,1.15,+6.91%,4600
EML,2020-07-13,17.86,17.86,16.7,16.82,-0.97,-5.45%,12900
EML,2020-07-14,16.63,17.097,16.2,16.76,-0.06,-0.36%,11000
EML,2020-07-15,17.18,18.68,16.986,17.77,1.01,+6.03%,22300
EML,2020-07-16,17.58,17.58,16.94,16.99,-0.78,-4.39%,16700
EML,2020-07-17,17.03,17.98,16.04,16.18,-0.81,-4.77%,14800
EML,2020-07-20,16.99,17.46,16.65,17.46,1.28,+7.91%,7900
EML,2020-07-21,17.5,17.99,17.5,17.99,0.53,+3.04%,8500
EML,2020-07-22,17.95,17.95,17.02,17.24,-0.75,-4.17%,7200
EML,2020-07-23,17.06,17.5,16.75,17,-0.24,-1.39%,5900
EML,2020-07-24,16.89,16.89,15.78,16.04,-0.96,-5.65%,53700
EML,2020-07-27,16.12,16.9,15.75,16.9,0.86,+5.36%,11700
EML,2020-07-28,16.72,16.86,16.221,16.76,-0.14,-0.83%,8500
EML,2020-07-29,16.78,17.5,16.7,17.02,0.26,+1.55%,7500
EML,2020-07-30,17.12,17.12,16.48,16.48,-0.54,-3.17%,4900
EML,2020-07-31,17.48,17.48,16.15,16.31,-0.17,-1.03%,13500
EML,2020-08-03,16.31,16.9,16.31,16.8,0.49,+3.00%,8200
EML,2020-08-04,16.73,17.45,16.73,17.38,0.58,+3.45%,7500
EML,2020-08-05,17.46,17.7,17.31,17.7,0.32,+1.84%,5200
EML,2020-08-06,17.52,18.22,17.27,18.2,0.5,+2.82%,11000
EML,2020-08-07,18.28,19.495,18.18,19.4,1.2,+6.59%,22900
EML,2020-08-10,19.46,20,19.46,19.87,0.47,+2.42%,10200
EML,2020-08-11,20,20,19.455,19.61,-0.26,-1.31%,12300
EML,2020-08-12,19.65,20.15,19.65,20.15,0.54,+2.75%,11200
EML,2020-08-13,19.95,19.95,19.54,19.75,-0.4,-1.99%,7900
EML,2020-08-14,19.82,20,19.6,20,0.25,+1.27%,5800
EML,2020-08-17,19.8562,20.17,19.8562,19.99,-0.01,-0.05%,4400
EML,2020-08-18,20.09,20.09,19.26,19.26,-0.73,-3.65%,4100
EML,2020-08-19,19.65,19.99,18.3,19.81,0.55,+2.86%,14000
EML,2020-08-20,19.6,20.31,19.6,20.08,0.27,+1.36%,10900
EML,2020-08-21,20.16,21.15,20.12,20.88,0.8,+3.98%,25100
EML,2020-08-24,21.25,21.34,20.92,21,0.12,+0.57%,12300
EML,2020-08-25,21.3,21.78,20.42,20.95,-0.05,-0.24%,14800
EML,2020-08-26,20.93,21.21,20.7,21.03,0.08,+0.38%,9300
EML,2020-08-27,21.0993,21.48,21.0993,21.48,0.45,+2.14%,4800
EML,2020-08-28,21.41,22.35,21.2,22.35,0.87,+4.05%,14100
EML,2020-08-31,22.5,22.5,21.9,21.9,-0.45,-2.01%,7700
EML,2020-09-01,22,23.69,22,22.58,0.68,+3.11%,9400
EML,2020-09-02,22.51,22.74,22,22.26,-0.32,-1.42%,9500
EML,2020-09-03,22.26,22.435,21.135,21.66,-0.6,-2.70%,11700
EML,2020-09-04,21.79,21.8,21.2,21.8,0.14,+0.65%,7300
EML,2020-09-08,21.08,21.74,21,21,-0.8,-3.67%,10700
EML,2020-09-09,21.49,21.855,20.98,21.24,0.24,+1.14%,11700
EML,2020-09-10,21.24,22.04,20.3,20.58,-0.66,-3.11%,6100
EML,2020-09-11,20.87,21.5684,20.5,21.35,0.77,+3.74%,6300
EML,2020-09-14,21.38,21.96,20.5538,21.6,0.25,+1.17%,6200
EML,2020-09-15,21.71,22.5,21.71,22.33,0.73,+3.38%,6300
EML,2020-09-16,22.31,22.83,21.61,21.61,-0.72,-3.22%,7300
EML,2020-09-17,21.84,22.25,21.84,21.99,0.38,+1.76%,1600
EML,2020-09-18,22.35,22.35,20.62,20.71,-1.28,-5.82%,23200
EML,2020-09-21,20.52,20.52,19.834,20.5,-0.21,-1.01%,11700
EML,2020-09-22,20.8,20.89,20.5,20.89,0.39,+1.90%,8000
EML,2020-09-23,20.7,21,20.685,20.77,-0.12,-0.57%,9800
EML,2020-09-24,20.67,20.67,20.2,20.2,-0.57,-2.74%,2100
EML,2020-09-25,20.452,20.452,19.4956,19.51,-0.69,-3.42%,5100
EML,2020-09-28,19.78,19.99,19.5801,19.6,0.09,+0.46%,3600
EML,2020-09-29,20,20,19.51,19.87,0.27,+1.38%,3100
EML,2020-09-30,19.95,19.95,19.52,19.52,-0.35,-1.76%,1500
EML,2020-10-01,19.34,19.67,19.26,19.36,-0.16,-0.82%,8800
EML,2020-10-02,19.44,20.79,19.44,19.86,0.5,+2.58%,4100
EML,2020-10-05,20.3,21.1,20.3,21.1,1.24,+6.24%,4500
EML,2020-10-06,21.12,21.2,20.8875,21.17,0.07,+0.33%,4600
EML,2020-10-07,22.085,22.085,21.135,21.85,0.68,+3.21%,4000
EML,2020-10-08,21.89,21.89,21.42,21.42,-0.43,-1.97%,2900
EML,2020-10-09,21.67,21.95,21.56,21.56,0.14,+0.65%,1900
EML,2020-10-12,21.43,22.135,21.09,21.67,0.11,+0.51%,8100
EML,2020-10-13,21.58,21.58,21.21,21.21,-0.46,-2.12%,1400
EML,2020-10-14,21.55,21.65,21.16,21.16,-0.05,-0.24%,2000
EML,2020-10-15,21.3,21.9965,21.3,21.95,0.79,+3.73%,3100
EML,2020-10-16,21.73,23.54,21.73,22.14,0.19,+0.87%,8700
EML,2020-10-19,22.2001,22.203,21.2,21.2,-0.94,-4.25%,6800
EML,2020-10-20,21.5,21.795,21.32,21.795,0.595,+2.81%,1600
EML,2020-10-21,21.78,22.24,21.5,22.24,0.445,+2.04%,4200
EML,2020-10-22,22,22.96,22,22.35,0.11,+0.49%,8100
EML,2020-10-23,22.6,22.945,22.13,22.13,-0.22,-0.98%,6100
EML,2020-10-26,22,22.27,21.75,21.85,-0.28,-1.27%,3000
EML,2020-10-27,21.55,21.585,21.35,21.35,-0.5,-2.29%,4000
EML,2020-10-28,21.18,21.42,20.25,20.91,-0.44,-2.06%,4400
EML,2020-10-29,20.91,22.21,20.37,21.78,0.87,+4.16%,8100
EML,2020-10-30,21.36,21.72,20.47,20.47,-1.31,-6.01%,6300
EML,2020-11-02,21.24,21.25,20.69,21.25,0.78,+3.81%,7100
EML,2020-11-03,21.43,22.5,21.35,22.48,1.23,+5.79%,7000
EML,2020-11-04,22,22.24,21.585,21.83,-0.65,-2.89%,3300
EML,2020-11-05,22.19,22.81,21.71,21.99,0.16,+0.73%,6400
EML,2020-11-06,22,22.5,21.53,21.61,-0.38,-1.73%,8600
EML,2020-11-09,23,24.6,22.26,22.59,0.98,+4.53%,22200
EML,2020-11-10,23.07,24.2,22.85,23.6,1.01,+4.47%,9800
EML,2020-11-11,23.11,23.11,22.1,22.21,-1.39,-5.89%,7900
EML,2020-11-12,22.11,22.11,21,21.01,-1.2,-5.40%,11100
EML,2020-11-13,21.36,21.75,21.36,21.75,0.74,+3.52%,2800
EML,2020-11-16,22.165,22.9437,22.05,22.69,0.94,+4.32%,9700
EML,2020-11-17,22.58,23.11,22.25,22.25,-0.44,-1.94%,12000
EML,2020-11-18,22.67,22.7119,22.25,22.25,0,0.00%,6200
EML,2020-11-19,22.51,22.68,21.755,22.68,0.43,+1.93%,10400
EML,2020-11-20,22.23,22.35,21.54,21.54,-1.14,-5.03%,13200
EML,2020-11-23,22.09,22.68,21.6,22.28,0.74,+3.44%,11500
EML,2020-11-24,22.62,22.8827,21.76,22.55,0.27,+1.21%,19000
EML,2020-11-25,22.5,22.6,22.35,22.47,-0.08,-0.35%,8300
EML,2020-11-27,22.39,22.56,22.26,22.5,0.03,+0.13%,4500
EML,2020-11-30,22.4,22.874,22.1,22.1,-0.4,-1.78%,13700
EML,2020-12-01,22.51,22.51,21.26,21.26,-0.84,-3.80%,18500
EML,2020-12-02,21.11,22.0669,21.11,21.25,-0.01,-0.05%,13000
EML,2020-12-03,21.38,21.63,21.1943,21.39,0.14,+0.66%,15300
EML,2020-12-04,21.68,22.75,21.68,22.32,0.93,+4.35%,14900
EML,2020-12-07,22.45,24.29,21.86,23.03,0.71,+3.18%,24900
EML,2020-12-08,23.32,23.42,22.309,23.3,0.27,+1.17%,13100
EML,2020-12-09,23.22,23.75,22.805,23.04,-0.26,-1.12%,19900
EML,2020-12-10,22.67,23.36,22.67,23.11,0.07,+0.30%,7700
EML,2020-12-11,23.07,23.98,23.07,23.95,0.84,+3.63%,7300
EML,2020-12-14,23.99,24.9999,23.99,24.48,0.53,+2.21%,12100
EML,2020-12-15,24.78,25.9138,24.78,25.19,0.71,+2.90%,14300
EML,2020-12-16,25.15,25.71,24.93,25.07,-0.12,-0.48%,12700
EML,2020-12-17,25.12,25.5,25.04,25.47,0.4,+1.60%,7200
EML,2020-12-18,25.7,25.9,25,25.16,-0.31,-1.22%,43000
EML,2020-12-21,25,25.44,24.695,24.87,-0.29,-1.15%,11600
EML,2020-12-22,24.385,24.7365,24.155,24.35,-0.52,-2.09%,7300
EML,2020-12-23,24.59,24.83,24.4701,24.79,0.44,+1.81%,4600
EML,2020-12-24,24.55,24.7126,24.55,24.55,-0.24,-0.97%,1300
EML,2020-12-28,24.56,24.985,24.55,24.55,0,0.00%,5700
EML,2020-12-29,24.8,24.8,24.1,24.73,0.18,+0.73%,8400
EML,2020-12-30,24.5996,25,24.5996,25,0.27,+1.09%,4500
EML,2020-12-31,25.1,25.52,23.83,24.1,-0.9,-3.60%,30500
EML,2021-01-04,24.1,24.1,22.23,22.91,-1.19,-4.94%,12700
EML,2021-01-05,22.8,23.7,22.8,23.34,0.43,+1.88%,12400
EML,2021-01-06,23.97,24.69,23.255,24.15,0.81,+3.47%,14700
EML,2021-01-07,24.18,24.58,23.63,24,-0.15,-0.62%,17600
EML,2021-01-08,24.11,24.365,23.1,23.87,-0.13,-0.54%,21800
EML,2021-01-11,23.62,23.87,23.1251,23.61,-0.26,-1.09%,9800
EML,2021-01-12,23.51,24.24,23.34,24.01,0.4,+1.69%,13000
EML,2021-01-13,24.03,26.3254,24.03,24.97,0.96,+4.00%,21000
EML,2021-01-14,25.61,26.1131,24.97,25.63,0.66,+2.64%,11500
EML,2021-01-15,25.35,25.62,25,25.05,-0.58,-2.26%,7300
EML,2021-01-19,25.08,25.64,24.91,24.91,-0.14,-0.56%,11100
EML,2021-01-20,25.01,25.6,24.775,25.02,0.11,+0.44%,12300
EML,2021-01-21,24.99,25.6544,24.525,24.55,-0.47,-1.88%,22000
EML,2021-01-22,24.07,25.5,24.03,25.5,0.95,+3.87%,18300
EML,2021-01-25,25.13,25.13,24.2601,24.6,-0.9,-3.53%,14900
EML,2021-01-26,24.71,25.06,24.03,24.03,-0.57,-2.32%,9100
EML,2021-01-27,24.03,24.23,23.06,23.52,-0.51,-2.12%,19100
EML,2021-01-28,23.68,24.085,23.61,23.61,0.09,+0.38%,7500
EML,2021-01-29,23.55,23.72,22.74,23.54,-0.07,-0.30%,11200
EML,2021-02-01,23.19,23.905,22.7297,23.6,0.06,+0.25%,21200
EML,2021-02-02,24.52,24.8859,23.95,23.95,0.35,+1.48%,9400
EML,2021-02-03,24,24.5,23.96,24.28,0.33,+1.38%,9100
EML,2021-02-04,24.53,25.44,24.36,25.25,0.97,+4.00%,14100
EML,2021-02-05,25.28,25.28,24.38,24.43,-0.82,-3.25%,12000
EML,2021-02-08,24.75,26.98,24.75,26.96,2.53,+10.36%,45000
EML,2021-02-09,26.95,26.95,26.43,26.43,-0.53,-1.97%,6300
EML,2021-02-10,26.75,27.5999,26.5101,27.33,0.9,+3.41%,18200
EML,2021-02-11,27.24,27.77,26.76,27,-0.33,-1.21%,9000
EML,2021-02-12,26.93,27.12,26.19,26.3,-0.7,-2.59%,8200
EML,2021-02-16,26.23,26.67,25.91,25.91,-0.39,-1.48%,6600
EML,2021-02-17,26.5852,26.5852,25.5,25.79,-0.12,-0.46%,7800
EML,2021-02-18,25.55,25.9786,25.5,25.6,-0.19,-0.74%,11300
EML,2021-02-19,25.6,26,25.6,25.9,0.3,+1.17%,7000
EML,2021-02-22,26.0879,26.0879,25.52,25.52,-0.38,-1.47%,6400
EML,2021-02-23,25.6,25.64,25.465,25.54,0.02,+0.08%,7900
EML,2021-02-24,25.25,26.23,25.25,25.95,0.41,+1.61%,5900
EML,2021-02-25,26.04,26.39,25.57,25.92,-0.03,-0.12%,10400
EML,2021-02-26,25.99,26.03,25.5,25.5,-0.42,-1.62%,4500
EML,2021-03-01,25.6,26.19,24.5,26.19,0.69,+2.71%,14200
EML,2021-03-02,26,26.2,25.315,25.75,-0.44,-1.68%,19000
EML,2021-03-03,26.05,26.24,25.56,26,0.25,+0.97%,15900
EML,2021-03-04,26.2,26.79,25.6,26.62,0.62,+2.38%,26500
EML,2021-03-05,27,27,26.35,26.98,0.36,+1.35%,15900
EML,2021-03-08,26.96,26.97,26.11,26.42,-0.56,-2.08%,7100
EML,2021-03-09,26.54,27,25.9057,26.92,0.5,+1.89%,10400
EML,2021-03-10,26.95,27.1,26.41,27.1,0.18,+0.67%,28300
EML,2021-03-11,27.701,27.701,26.58,26.92,-0.18,-0.66%,7900
EML,2021-03-12,26.95,27.05,26.425,26.75,-0.17,-0.63%,11100
EML,2021-03-15,26.56,26.56,26.13,26.49,-0.26,-0.97%,11100
EML,2021-03-16,27.8,27.97,26.38,27.7,1.21,+4.57%,26200
EML,2021-03-17,26.8,27.805,26.7527,27.36,-0.34,-1.23%,14300
EML,2021-03-18,27.13,27.67,26.85,27.49,0.13,+0.48%,21200
EML,2021-03-19,27.68,27.68,26.8,27.42,-0.07,-0.25%,39200
EML,2021-03-22,26.85,26.905,26.02,26.02,-1.4,-5.11%,11500
EML,2021-03-23,26,26.745,25.4,25.46,-0.56,-2.15%,20300
EML,2021-03-24,25.87,26.19,24.5,24.55,-0.91,-3.57%,25500
EML,2021-03-25,24.65,24.9555,24.05,24.75,0.2,+0.81%,16000
EML,2021-03-26,24.91,26.44,24.88,26.31,1.56,+6.30%,38000
EML,2021-03-29,26.31,27.3,26.31,26.75,0.44,+1.67%,18500
EML,2021-03-30,26.45,27.31,26.3,26.76,0.01,+0.04%,25000
EML,2021-03-31,27.03,27.0995,26.34,26.8,0.04,+0.15%,76700
EML,2021-04-01,26.69,26.88,26.15,26.59,-0.21,-0.78%,19400
EML,2021-04-05,26.75,27.36,26.75,27,0.41,+1.54%,12300
EML,2021-04-06,27.3,27.51,26.78,26.94,-0.06,-0.22%,8000
EML,2021-04-07,26.99,27.045,26.6,26.88,-0.06,-0.22%,19000
EML,2021-04-08,26.6,27.7599,26.6,26.78,-0.1,-0.37%,3400
EML,2021-04-09,26.6,27.5032,25.42,25.76,-1.02,-3.81%,15800
EML,2021-04-12,26.205,26.38,25.975,26.07,0.31,+1.20%,19000
EML,2021-04-13,26.16,27.0593,25.64,26.04,-0.03,-0.12%,9800
EML,2021-04-14,25.74,26.9,25.5602,26.34,0.3,+1.15%,34800
EML,2021-04-15,26.35,26.625,26.16,26.17,-0.17,-0.65%,11300
EML,2021-04-16,26.36,26.645,25.48,25.57,-0.6,-2.29%,17500
EML,2021-04-19,25.4,25.42,24.5,24.6,-0.97,-3.79%,15200
EML,2021-04-20,24.44,25.22,23.95,25.22,0.62,+2.52%,25300
EML,2021-04-21,24.9,25.29,24.805,25.04,-0.18,-0.71%,13600
EML,2021-04-22,25.24,25.25,24.67,24.67,-0.37,-1.48%,13600
EML,2021-04-23,24.8,25.1705,24.685,24.9,0.23,+0.93%,12600
EML,2021-04-26,25.17,25.25,24.68,24.77,-0.13,-0.52%,18400
EML,2021-04-27,24.9,25.21,24.75,24.8,0.03,+0.12%,21400
EML,2021-04-28,25.99,28.65,25.99,28.12,3.32,+13.39%,49300
EML,2021-04-29,28.79,30.11,28.05,29.98,1.86,+6.61%,44500
EML,2021-04-30,29.3,30.8881,27.975,28.27,-1.71,-5.70%,31000
EML,2021-05-03,28.32,29.11,28,28.89,0.62,+2.19%,33900
EML,2021-05-04,28.79,29.48,28.66,29.13,0.24,+0.83%,24200
EML,2021-05-05,29.45,29.45,28.63,28.81,-0.32,-1.10%,19700
EML,2021-05-06,28.5,28.7262,27.84,28.44,-0.37,-1.28%,17500
EML,2021-05-07,28.99,30.675,28.64,30.14,1.7,+5.98%,38300
EML,2021-05-10,30.19,31.5,30.19,31.21,1.07,+3.55%,24400
EML,2021-05-11,30.5075,31.84,30.5075,31.53,0.32,+1.03%,13800
EML,2021-05-12,31.62,31.92,30.5,30.74,-0.79,-2.51%,8800
EML,2021-05-13,31.01,31.915,30.64,31.13,0.39,+1.27%,21900
EML,2021-05-14,31.49,31.99,31.06,31.25,0.12,+0.39%,10500
EML,2021-05-17,31.3,31.575,30.8262,31.46,0.21,+0.67%,13000
EML,2021-05-18,31.27,31.75,31.05,31.52,0.06,+0.19%,13100
EML,2021-05-19,31.47,31.52,30.81,31.12,-0.4,-1.27%,16600
EML,2021-05-20,31.145,32,31.145,31.99,0.87,+2.80%,21200
EML,2021-05-21,32.19,32.62,31.445,32.45,0.46,+1.44%,11400
EML,2021-05-24,32.35,33,31.865,32,-0.45,-1.39%,9800
EML,2021-05-25,32.26,32.26,31.17,31.57,-0.43,-1.34%,13500
EML,2021-05-26,31.6,32,31.5,31.85,0.28,+0.89%,11900
EML,2021-05-27,31.65,32.41,31.65,32.41,0.56,+1.76%,16300
EML,2021-05-28,32.12,32.17,31.84,31.88,-0.53,-1.64%,9400
EML,2021-06-01,32.33,32.71,32.01,32.64,0.76,+2.38%,10500
EML,2021-06-02,32.88,32.945,32.32,32.62,-0.02,-0.06%,14900
EML,2021-06-03,32.59,33.59,31.75,33.59,0.97,+2.97%,18900
EML,2021-06-04,33.45,33.5,32.4,32.51,-1.08,-3.22%,22700
EML,2021-06-07,32.81,33.75,32.53,32.59,0.08,+0.25%,27800
EML,2021-06-08,32.82,32.97,32.63,32.97,0.38,+1.17%,16100
EML,2021-06-09,32.63,33.9554,32.63,33.46,0.49,+1.49%,15800
EML,2021-06-10,33.24,33.445,32.735,33.02,-0.44,-1.32%,14600
EML,2021-06-11,33.29,33.39,32.88,33.28,0.26,+0.79%,11900
EML,2021-06-14,33.28,33.28,32.72,33,-0.28,-0.84%,39300
EML,2021-06-15,33.2,33.39,32.8,33.39,0.39,+1.18%,18200
EML,2021-06-16,33.1,33.305,32.74,32.75,-0.64,-1.92%,26200
EML,2021-06-17,33,33.18,32.69,32.69,-0.06,-0.18%,26600
EML,2021-06-18,32.28,33.135,30.88,31.24,-1.45,-4.44%,39200
EML,2021-06-21,31.67,32.33,31.15,31.81,0.57,+1.82%,30400
EML,2021-06-22,31.86,32.19,31.32,31.72,-0.09,-0.28%,32800
EML,2021-06-23,31.08,31.565,30.81,31.18,-0.54,-1.70%,32800
EML,2021-06-24,31.2,31.35,30.34,31.25,0.07,+0.22%,47100
EML,2021-06-25,31.18,32.48,30.69,31.33,0.08,+0.26%,695300
EML,2021-06-28,31.5,32.67,31.495,32.14,0.81,+2.59%,30000
EML,2021-06-29,32.15,32.51,30.24,30.6,-1.54,-4.79%,30200
EML,2021-06-30,30.6,31.17,29.77,30.33,-0.27,-0.88%,41000
EML,2021-07-01,30.58,31.46,30.58,31.14,0.81,+2.67%,44200
EML,2021-07-02,31.14,31.72,30.115,30.78,-0.36,-1.16%,39900
EML,2021-07-06,30.99,31.24,30.8,30.84,0.06,+0.19%,28200
EML,2021-07-07,30.85,31.16,29.99,30.63,-0.21,-0.68%,13400
EML,2021-07-08,30.13,30.595,29.765,30.19,-0.44,-1.44%,14500
EML,2021-07-09,30.4,30.47,30.05,30.47,0.28,+0.93%,3500
EML,2021-07-12,30.2,30.47,29.63,29.95,-0.52,-1.71%,9000
EML,2021-07-13,29.99,30.05,29.01,29.05,-0.9,-3.01%,10100
EML,2021-07-14,29.11,29.3,28.71,29.07,0.02,+0.07%,8600
EML,2021-07-15,28.96,29.58,28.95,29.56,0.49,+1.69%,14000
EML,2021-07-16,29.45,29.62,29.21,29.21,-0.35,-1.18%,5700
EML,2021-07-19,29.16,29.57,28.8,28.96,-0.25,-0.86%,14900
EML,2021-07-20,30.42,30.6,29.9,29.96,1,+3.45%,20000
EML,2021-07-21,30.27,30.5,29.9036,30.09,0.13,+0.43%,12400
EML,2021-07-22,30.03,30.4,29.06,29.41,-0.68,-2.26%,5100
EML,2021-07-23,29.45,29.54,29.135,29.43,0.02,+0.07%,5200
EML,2021-07-26,29.25,29.35,28.87,29.03,-0.4,-1.36%,9000
EML,2021-07-27,28.8,30.49,28.8,29.99,0.96,+3.31%,17800
EML,2021-07-28,29.7,29.71,29.2845,29.54,-0.45,-1.50%,2600
EML,2021-07-29,29.45,30.11,29.22,29.48,-0.06,-0.20%,8600
EML,2021-07-30,29.17,30.16,29.17,29.36,-0.12,-0.41%,7400
EML,2021-08-02,29.26,30.0834,29.1301,29.71,0.35,+1.19%,16600
EML,2021-08-03,29.6,30.84,29.33,30.14,0.43,+1.45%,26000
EML,2021-08-04,30.16,30.73,29.5,30.37,0.23,+0.76%,18500
EML,2021-08-05,30.27,30.71,29.27,30.45,0.08,+0.26%,18600
EML,2021-08-06,30.59,31.66,30.042,30.5,0.05,+0.16%,14400
EML,2021-08-09,30.24,30.545,29.95,30.41,-0.09,-0.30%,10100
EML,2021-08-10,30.27,30.85,30.22,30.22,-0.19,-0.62%,6300
EML,2021-08-11,30.51,30.79,30.05,30.79,0.57,+1.89%,8800
EML,2021-08-12,30.68,32.47,29.95,31.48,0.69,+2.24%,11100
EML,2021-08-13,31.76,31.76,26.88,27.25,-4.23,-13.44%,68100
EML,2021-08-16,27.1,28,26.5,27.9,0.65,+2.39%,10600
EML,2021-08-17,27.55,27.98,26.99,27.5994,-0.3006,-1.08%,17200
EML,2021-08-18,27.65,27.8,27.5,27.77,0.1706,+0.62%,8600
EML,2021-08-19,26.09,27.41,26.01,26.74,-1.03,-3.71%,16400
EML,2021-08-20,26.67,26.91,25.9501,26.8,0.06,+0.22%,5600
EML,2021-08-23,27,27,26.425,26.7,-0.1,-0.37%,10900
EML,2021-08-24,26.71,27.45,26.67,27.37,0.67,+2.51%,14300
EML,2021-08-25,27.45,28.24,27.45,27.98,0.61,+2.23%,10500
EML,2021-08-26,27.9,27.99,27.01,27.42,-0.56,-2.00%,18500
EML,2021-08-27,27.775,28.0375,26.87,27.06,-0.36,-1.31%,16800
EML,2021-08-30,27.19,27.56,27.09,27.19,0.13,+0.48%,9200
EML,2021-08-31,26.9311,27.31,26.9311,27.21,0.02,+0.07%,3300
EML,2021-09-01,27.43,27.43,26.675,27.01,-0.2,-0.74%,1100
EML,2021-09-02,26.985,27.21,26.5577,26.93,-0.08,-0.30%,6500
EML,2021-09-03,26.95,26.95,26.095,26.19,-0.74,-2.75%,8500
EML,2021-09-07,26.46,27.14,26.0001,27.1,0.91,+3.47%,27400
EML,2021-09-08,26.6,26.79,26.38,26.73,-0.37,-1.37%,4000
EML,2021-09-09,26.8,27.07,26.0001,26.39,-0.34,-1.27%,17000
EML,2021-09-10,26.4,26.4,25.79,25.98,-0.41,-1.55%,2500
EML,2021-09-13,26,26,25.17,25.52,-0.46,-1.77%,10200
EML,2021-09-14,25.37,25.4499,24.61,24.66,-0.86,-3.37%,10400
EML,2021-09-15,25.06,25.06,24.46,24.98,0.32,+1.30%,6600
EML,2021-09-16,25.12,25.5681,24.5,24.55,-0.43,-1.72%,8400
EML,2021-09-17,24.37,24.53,24.19,24.5,-0.05,-0.20%,7700
EML,2021-09-20,23.5101,24.47,23.5101,23.84,-0.66,-2.69%,13300
EML,2021-09-21,24,24.52,24,24.3,0.46,+1.93%,3200
EML,2021-09-22,24.11,24.5302,24.11,24.43,0.13,+0.53%,6200
EML,2021-09-23,24.5,24.62,24.2,24.4778,0.0478,+0.20%,8800
EML,2021-09-24,24.5,24.5,24,24.2545,-0.2233,-0.91%,10700
EML,2021-09-27,24.51,25.6435,24.33,25,0.7455,+3.07%,5900
EML,2021-09-28,24.89,25.13,24.5001,24.95,-0.05,-0.20%,5400
EML,2021-09-29,24.9269,24.96,24.9269,24.96,0.01,+0.04%,900
EML,2021-09-30,25.1795,25.1795,25,25.16,0.2,+0.80%,2400
EML,2021-10-01,25,25.14,25,25.14,-0.02,-0.08%,9100
EML,2021-10-04,25.01,25.11,25,25.11,-0.03,-0.12%,2000
EML,2021-10-05,25.1,25.21,25.1,25.21,0.1,+0.40%,1000
EML,2021-10-06,24.56,24.56,24.3,24.335,-0.875,-3.47%,2900
EML,2021-10-07,24.67,24.9581,24.17,24.74,0.405,+1.66%,5600
EML,2021-10-08,24.18,24.89,24.18,24.89,0.15,+0.61%,3700
EML,2021-10-11,24.63,25.1622,24.38,24.5,-0.39,-1.57%,2200
EML,2021-10-12,24.63,24.7,24.5222,24.6,0.1,+0.41%,1400
EML,2021-10-13,24.5,24.65,24.4,24.4,-0.2,-0.81%,1900
EML,2021-10-14,24.5,24.8,24.47,24.47,0.07,+0.29%,9000
EML,2021-10-15,24.75,24.84,24.75,24.8,0.33,+1.35%,9700
EML,2021-10-18,24.9,24.9,24.5231,24.62,-0.18,-0.73%,1800
EML,2021-10-19,24.61,24.99,24.61,24.99,0.37,+1.50%,1400
EML,2021-10-20,24.77,24.99,24.65,24.73,-0.26,-1.04%,1700
EML,2021-10-21,24.65,24.95,24.44,24.44,-0.29,-1.17%,11500
EML,2021-10-22,24.65,24.695,24.35,24.57,0.13,+0.53%,12100
EML,2021-10-25,24.5,24.53,24.35,24.43,-0.14,-0.57%,13600
EML,2021-10-26,24.44,24.49,24.35,24.49,0.06,+0.25%,4300
EML,2021-10-27,24.4,24.4,23.54,23.95,-0.54,-2.20%,15400
EML,2021-10-28,24.2,24.47,23.95,23.95,0,0.00%,13300
EML,2021-10-29,23.93,24.03,23.93,24.03,0.08,+0.33%,1900
EML,2021-11-01,23.97,24.49,23.97,24.13,0.1,+0.42%,1500
EML,2021-11-02,24.25,24.38,24,24.24,0.11,+0.46%,2400
EML,2021-11-03,24.05,24.5,24.01,24.4,0.16,+0.66%,15600
EML,2021-11-04,24.3,24.69,24.25,24.69,0.29,+1.19%,5100
EML,2021-11-05,24.55,24.7,23.75,24.25,-0.44,-1.78%,23000
EML,2021-11-08,24.39,24.64,24,24.56,0.31,+1.28%,2900
EML,2021-11-09,24.56,24.56,24.25,24.39,-0.17,-0.69%,2700
EML,2021-11-10,24.12,24.64,24.12,24.375,-0.015,-0.06%,11900
EML,2021-11-11,24.98,26.48,24.2206,25.84,1.465,+6.01%,28100
EML,2021-11-12,26.52,26.52,25.12,25.61,-0.23,-0.89%,5000
EML,2021-11-15,26.0196,26.46,25.775,26.34,0.73,+2.85%,3600
EML,2021-11-16,26.34,26.34,25.17,25.25,-1.09,-4.14%,4800
EML,2021-11-17,24.89,25.5,24.72,24.72,-0.53,-2.10%,4000
EML,2021-11-18,24.95,25.39,24.31,24.57,-0.15,-0.61%,13400
EML,2021-11-19,24.2526,25,24.2275,24.5,-0.07,-0.28%,3200
EML,2021-11-22,24.44,24.5642,24.0223,24.43,-0.07,-0.29%,5100
EML,2021-11-23,24.9,24.9,24.0044,24.6,0.17,+0.70%,12900
EML,2021-11-24,24.7,25.3899,24.55,25.19,0.59,+2.40%,13500
EML,2021-11-26,24.62,24.8999,23.3556,24.86,-0.33,-1.31%,11400
EML,2021-11-29,24.8,26.52,23.8254,24.92,0.06,+0.24%,28400
EML,2021-11-30,24.47,26.05,24.29,25.105,0.185,+0.74%,22700
EML,2021-12-01,25.85,25.85,24.76,24.9,-0.205,-0.82%,10600
EML,2021-12-02,24.64,25.36,24.4,24.4,-0.5,-2.01%,16500
EML,2021-12-03,24.43,25.07,24.11,24.97,0.57,+2.34%,15300
EML,2021-12-06,24.99,25.66,24.3001,25.05,0.08,+0.32%,7300
EML,2021-12-07,24.4115,25.73,24.4115,25.39,0.34,+1.36%,2100
EML,2021-12-08,25.5,26.8273,25.37,26.2894,0.8994,+3.54%,20000
EML,2021-12-09,25.66,26.29,25.58,25.58,-0.7094,-2.70%,2000
EML,2021-12-10,25.93,26.42,25.5,26.32,0.74,+2.89%,8800
EML,2021-12-13,26.12,26.45,25.33,25.72,-0.6,-2.28%,35700
EML,2021-12-14,24.19,25.74,24.19,25.3,-0.42,-1.63%,11700
EML,2021-12-15,25.54,26.14,25.05,25.38,0.08,+0.32%,6000
EML,2021-12-16,24.78,25.925,24.78,25.2,-0.18,-0.71%,16600
EML,2021-12-17,25.15,25.59,24.59,24.87,-0.33,-1.31%,10100
EML,2021-12-20,24.96,25.74,24.9,25.38,0.51,+2.05%,1800
EML,2021-12-21,25.1,25.5719,24.95,25.2,-0.18,-0.71%,12000
EML,2021-12-22,25.57,26.015,25,25.23,0.03,+0.12%,5800
EML,2021-12-23,25,25.468,24.66,24.75,-0.48,-1.90%,13800
EML,2021-12-27,24.6,25.205,24.6,24.9,0.15,+0.61%,4200
EML,2021-12-28,24.85,25.2644,24.6551,24.8,-0.1,-0.40%,3400
EML,2021-12-29,24.7,24.75,24.65,24.75,-0.05,-0.20%,1600
EML,2021-12-30,24.75,25.29,24.65,25.18,0.43,+1.74%,7900
EML,2021-12-31,24.85,25.07,24.85,25.07,-0.11,-0.44%,800
EML,2022-01-03,25.645,25.645,24.99,25.57,0.5,+1.99%,10400
EML,2022-01-04,25.85,26.325,25.4245,25.87,0.3,+1.17%,11300
EML,2022-01-05,25.63,26.31,25.3702,25.77,-0.1,-0.39%,15900
EML,2022-01-06,25.95,26,25.8,25.8,0.03,+0.12%,3100
EML,2022-01-07,25.8,26.89,25.8,26.87,1.07,+4.15%,5400
EML,2022-01-10,26.82,27.9,26.61,27.9,1.03,+3.83%,11900
EML,2022-01-11,26.4579,28.3185,26.4579,27.54,-0.36,-1.29%,15400
EML,2022-01-12,27.9899,27.9899,27.5,27.7,0.16,+0.58%,1400
EML,2022-01-13,27.51,27.62,27,27.62,-0.08,-0.29%,7500
EML,2022-01-14,26.8703,27.6,26.8703,27.27,-0.35,-1.27%,2600
EML,2022-01-18,26.55,27.24,26.191,26.55,-0.72,-2.64%,9800
EML,2022-01-19,26.8075,26.8075,26.25,26.27,-0.28,-1.05%,1100
EML,2022-01-20,26,26.25,24.99,25.33,-0.94,-3.58%,4600
EML,2022-01-21,24.85,25,24.2,24.25,-1.08,-4.26%,1200
EML,2022-01-24,23.69,24.25,23.12,24.25,0,0.00%,5800
EML,2022-01-25,23.585,24.06,23.585,23.89,-0.36,-1.48%,5300
EML,2022-01-26,24.24,24.51,24.01,24.06,0.17,+0.71%,5000
EML,2022-01-27,24.12,24.5321,23.28,23.31,-0.75,-3.12%,4600
EML,2022-01-28,23.36,23.955,23.31,23.79,0.48,+2.06%,8000
EML,2022-01-31,23.62,23.93,23.22,23.93,0.14,+0.59%,600
EML,2022-02-01,24.46,24.89,24.4,24.53,0.6,+2.51%,6600
EML,2022-02-02,25.05,25.09,24.8199,25.09,0.56,+2.28%,2700
EML,2022-02-03,24.61,25,24.61,24.65,-0.44,-1.75%,1500
EML,2022-02-04,25,25.01,25,25,0.35,+1.42%,900
EML,2022-02-07,24.42,24.87,24.42,24.87,-0.13,-0.52%,600
EML,2022-02-08,25.1968,25.4,25.1968,25.4,0.53,+2.13%,3800
EML,2022-02-09,24.82,25.4,24.7,25.05,-0.35,-1.38%,17000
EML,2022-02-10,24.71,25.378,24.71,25.215,0.165,+0.66%,12100
EML,2022-02-11,25.02,25.02,25.02,25.02,-0.195,-0.77%,300
EML,2022-02-14,24.99,25.15,24.99,25.15,0.13,+0.52%,1100
EML,2022-02-15,25.52,25.52,24.5486,24.99,-0.16,-0.64%,14200
EML,2022-02-16,24.895,25.185,24.895,25,0.01,+0.04%,2300
EML,2022-02-17,24.9311,25.303,24.34,24.5,-0.5,-2.00%,53900
EML,2022-02-18,24.69,25.1479,23.6,23.8,-0.7,-2.86%,75400
EML,2022-02-22,24,24.0646,23.33,23.955,0.155,+0.65%,12100
EML,2022-02-23,23.83,24.0399,23.415,23.8,-0.155,-0.65%,10500
EML,2022-02-24,24,24,23.52,23.63,-0.17,-0.71%,6700
EML,2022-02-25,23.8,24.745,23.65,24.01,0.38,+1.61%,15200
EML,2022-02-28,24.28,24.32,23.3009,23.97,-0.04,-0.17%,22300
EML,2022-03-01,24.14,24.31,23.6,24.17,0.2,+0.83%,16800
EML,2022-03-02,24.74,25.08,23.5401,24.62,0.45,+1.86%,13400
EML,2022-03-03,24.7,25.39,24.32,25.19,0.57,+2.32%,16000
EML,2022-03-04,25.23,25.29,24.37,24.55,-0.64,-2.54%,8100
EML,2022-03-07,24.7,25.04,23.99,23.99,-0.56,-2.28%,18500
EML,2022-03-08,24.24,24.31,24,24,0.01,+0.04%,5200
EML,2022-03-09,24.82,24.82,24.02,24.05,0.05,+0.21%,4500
EML,2022-03-10,23.24,24.07,23.12,24.07,0.02,+0.08%,11900
EML,2022-03-14,25.075,25.075,23.68,23.68,-0.39,-1.62%,5400
EML,2022-03-15,23.66,24.7,23.6,23.82,0.14,+0.59%,16200
EML,2022-03-16,25.115,25.115,23.7,23.86,0.04,+0.17%,6300
EML,2022-03-17,24.5755,24.5755,24.25,24.25,0.39,+1.63%,7800
EML,2022-03-18,23.99,24.338,23.5,23.89,-0.36,-1.48%,6400
EML,2022-03-21,24.165,24.99,23.3184,23.89,0,0.00%,20200
EML,2022-03-22,23.8,23.8,23.65,23.8,-0.09,-0.38%,600
EML,2022-03-23,23.6439,23.9,23.4517,23.4517,-0.3483,-1.46%,15400
EML,2022-03-24,23.5,23.91,23.35,23.5,0.0483,+0.21%,15400
EML,2022-03-25,23.68,24.245,23.21,23.55,0.05,+0.21%,17900
EML,2022-03-28,23.3718,23.9295,23.05,23.16,-0.39,-1.66%,12900
EML,2022-03-29,23.16,23.75,23.16,23.23,0.07,+0.30%,6000
EML,2022-03-30,23.13,23.42,23.05,23.42,0.19,+0.82%,13800
EML,2022-03-31,23.33,23.425,23.08,23.29,-0.13,-0.56%,9500
EML,2022-04-01,23.26,23.36,23.25,23.25,-0.04,-0.17%,5500
EML,2022-04-04,23.1574,23.6857,23.1574,23.32,0.07,+0.30%,13000
EML,2022-04-05,23.5,23.5,23.3,23.3,-0.02,-0.09%,5500
EML,2022-04-06,23.21,23.585,23.11,23.21,-0.09,-0.39%,5200
EML,2022-04-07,24.2306,24.2306,23.4,23.46,0.25,+1.08%,7400
EML,2022-04-08,23.45,23.9051,23.45,23.6,0.14,+0.60%,2600
EML,2022-04-11,23.385,23.385,23.11,23.2,-0.4,-1.69%,4700
EML,2022-04-12,23.5269,23.5327,23.37,23.37,0.17,+0.73%,2100
EML,2022-04-13,23.3,23.385,23.29,23.29,-0.08,-0.34%,1000
EML,2022-04-14,23.319,23.319,23.319,23.319,0.029,+0.12%,700
EML,2022-04-18,23.2,23.28,23.2,23.2,-0.119,-0.51%,1200
EML,2022-04-19,23.21,23.45,23.1,23.3,0.1,+0.43%,22200
EML,2022-04-20,23.2,23.44,23.2,23.44,0.14,+0.60%,1300
EML,2022-04-21,23.41,23.49,23.4,23.49,0.05,+0.21%,1900
EML,2022-04-22,23.48,23.5,23.45,23.5,0.01,+0.04%,1300
EML,2022-04-25,23.4758,23.9571,23.43,23.45,-0.05,-0.21%,3200
EML,2022-04-26,23.5,23.5,23.29,23.29,-0.16,-0.68%,3200
EML,2022-04-27,23.06,23.52,23.06,23.06,-0.23,-0.99%,6300
EML,2022-04-28,23.26,23.26,23.05,23.08,0.02,+0.09%,4400
EML,2022-04-29,23.04,23.1264,23.03,23.1,0.02,+0.09%,15800
EML,2022-05-02,23.04,23.14,23.01,23.02,-0.08,-0.35%,5600
EML,2022-05-03,23.01,23.045,22.95,22.96,-0.06,-0.26%,4400
EML,2022-05-04,23.11,23.26,23.11,23.26,0.3,+1.31%,800
EML,2022-05-05,22.68,22.95,22.5027,22.56,-0.7,-3.01%,4200
EML,2022-05-09,23.37,23.3707,22.2,22.2492,-0.3108,-1.38%,8500
EML,2022-05-10,22.16,22.16,20.5,20.79,-1.4592,-6.56%,17400
EML,2022-05-11,21.375,21.625,20.7,20.8,0.01,+0.05%,8100
EML,2022-05-12,21.84,21.9,20,20.05,-0.75,-3.61%,18300
EML,2022-05-13,20.3,20.3,20,20.02,-0.03,-0.15%,15200
EML,2022-05-16,20.2,20.5,19.9,19.9,-0.12,-0.60%,10900
EML,2022-05-17,20.25,20.7,20.145,20.5,0.6,+3.02%,9400
EML,2022-05-18,20.1968,20.735,20.1968,20.21,-0.29,-1.41%,2400
EML,2022-05-19,21.02,21.81,20.6,21.09,0.88,+4.35%,3300
EML,2022-05-20,21.01,21.01,20.3251,20.65,-0.44,-2.09%,3900
EML,2022-05-23,21.2,21.64,20.82,21.64,0.99,+4.79%,1300
EML,2022-05-24,21.52,21.52,20.855,21,-0.64,-2.96%,3600
EML,2022-05-25,20.88,20.88,20.51,20.52,-0.48,-2.29%,2900
EML,2022-05-26,20.68,21.03,20.48,20.99,0.47,+2.29%,8400
EML,2022-05-27,20.99,21.71,20.77,21.56,0.57,+2.72%,11000
EML,2022-05-31,21.41,21.58,20.86,21.58,0.02,+0.09%,1600
EML,2022-06-01,20.83,21.25,20.8,21,-0.58,-2.69%,8700
EML,2022-06-02,20.86,21.1,20.77,21,0,0.00%,5900
EML,2022-06-03,21.16,21.39,20.8,20.8,-0.2,-0.95%,15300
EML,2022-06-06,20.99,21.27,20.96,21.2,0.4,+1.92%,5000
EML,2022-06-07,21.0915,21.37,21.0915,21.2,0,0.00%,6900
EML,2022-06-08,21.01,21.0299,19.9601,20.99,-0.21,-0.99%,11000
EML,2022-06-09,21.3,21.3988,21.06,21.06,0.07,+0.33%,1200
EML,2022-06-10,21.19,21.2537,21.19,21.19,0.13,+0.62%,500
EML,2022-06-13,21.2,21.2,19.9821,20.44,-0.75,-3.54%,7100
EML,2022-06-14,21.3,21.3,20.4,20.4,-0.04,-0.20%,4100
EML,2022-06-15,20.4,20.69,19.98,20.15,-0.25,-1.23%,5100
EML,2022-06-16,19.795,20.265,19.74,19.88,-0.27,-1.34%,5200
EML,2022-06-17,20.05,20.07,19.7,20.05,0.17,+0.86%,9400
EML,2022-06-21,20.32,20.32,19.56,19.72,-0.33,-1.65%,12000
EML,2022-06-22,19.6,19.69,19.15,19.32,-0.4,-2.03%,2700
EML,2022-06-23,19.31,19.36,19.2,19.21,-0.11,-0.57%,1800
EML,2022-06-24,19.32,19.46,19.05,19.05,-0.16,-0.83%,11300
EML,2022-06-27,19,19.81,19,19.6502,0.6002,+3.15%,6100
EML,2022-06-28,19.72,20.49,19.72,19.72,0.0698,+0.36%,8100
EML,2022-06-29,19.75,19.75,19.75,19.75,0.03,+0.15%,200
EML,2022-06-30,20.01,20.68,20,20.34,0.59,+2.99%,3100
EML,2022-07-01,20.28,20.39,20.25,20.39,0.05,+0.25%,800
EML,2022-07-05,20.27,20.75,19.8162,20.41,0.02,+0.10%,8900
EML,2022-07-06,20.26,21.45,20.26,21.15,0.74,+3.63%,11000
EML,2022-07-07,21.19,21.4,21.1,21.3,0.15,+0.71%,1500
EML,2022-07-08,21.1,21.33,20.95,21.32,0.02,+0.09%,3100
EML,2022-07-11,20.72,20.92,20.72,20.92,-0.4,-1.88%,900
EML,2022-07-12,21.1,21.2421,20.4601,20.9,-0.02,-0.10%,12200
EML,2022-07-13,20.4885,21.17,20.4601,21.17,0.27,+1.29%,5200
EML,2022-07-14,20.91,21.2003,20.635,21.18,0.01,+0.05%,5800
EML,2022-07-15,21.2,21.3199,20.6404,20.925,-0.255,-1.20%,12600
EML,2022-07-18,21,21.6,20.6427,21.035,0.11,+0.53%,20000
EML,2022-07-19,20.9101,21.6456,20.9101,21.38,0.345,+1.64%,7400
EML,2022-07-20,21.15,21.3,20.93,21.03,-0.35,-1.64%,4000
EML,2022-07-21,21.2,23.1564,21.2,22.37,1.34,+6.37%,13300
EML,2022-07-22,22.19,23.7365,22.185,22.79,0.42,+1.88%,11400
EML,2022-07-25,22.42,22.42,21.66,21.66,-1.13,-4.96%,6800
EML,2022-07-26,21.6,21.66,20.73,20.87,-0.79,-3.65%,8200
EML,2022-07-27,21.05,21.5066,20.5,20.69,-0.18,-0.86%,16300
EML,2022-07-28,20.11,20.68,20.11,20.27,-0.42,-2.03%,1400
EML,2022-07-29,20.9,20.9,20.4,20.41,0.14,+0.69%,5200
EML,2022-08-01,20.6,21.1,20.6,21.04,0.63,+3.09%,8300
EML,2022-08-02,21.2,22.365,21.2,21.7257,0.6857,+3.26%,15500
EML,2022-08-03,21.16,21.72,20.8701,21.03,-0.6957,-3.20%,8100
EML,2022-08-04,21.11,21.8142,21,21.36,0.33,+1.57%,6500
EML,2022-08-05,21.27,21.49,21.1,21.15,-0.21,-0.98%,4500
EML,2022-08-08,21.15,21.15,21.15,21.15,0,0.00%,4500
EML,2022-08-09,21.465,21.89,21.2,21.745,0.595,+2.81%,52300
EML,2022-08-10,22,22.88,21.55,21.62,-0.125,-0.57%,16000
EML,2022-08-11,21.66,22.06,21.15,21.7,0.08,+0.37%,43700
EML,2022-08-12,21.8,22.49,21.7,22.49,0.79,+3.64%,10500
EML,2022-08-15,22.1,22.4893,22.1,22.43,-0.06,-0.27%,3000
EML,2022-08-16,22.63,22.63,22.6,22.61,0.18,+0.80%,1500
EML,2022-08-17,22.33,22.33,22,22.11,-0.5,-2.21%,3200
EML,2022-08-18,22.05,22.2599,21.47,21.75,-0.36,-1.63%,11800
EML,2022-08-19,21.65,21.65,20.84,20.84,-0.91,-4.18%,8200
EML,2022-08-22,20.65,21.685,20.23,20.3,-0.54,-2.59%,22700
EML,2022-08-23,20.34,20.7,20.29,20.29,-0.01,-0.05%,2600
EML,2022-08-24,20.33,20.69,20.1,20.5,0.21,+1.03%,7300
EML,2022-08-25,20.4,20.4708,20.33,20.4708,-0.0292,-0.14%,1600
EML,2022-08-26,20.41,20.425,20,20.1348,-0.336,-1.64%,9000
EML,2022-08-29,20.06,20.2899,19.95,19.95,-0.1848,-0.92%,9700
EML,2022-08-30,19.96,20.25,19.95,19.95,0,0.00%,2700
EML,2022-08-31,19.81,20.03,19.8,20.03,0.08,+0.40%,1100
EML,2022-09-01,19.95,19.95,19.36,19.41,-0.62,-3.10%,8300
EML,2022-09-02,19.9899,19.9899,19.18,19.39,-0.02,-0.10%,6000
EML,2022-09-06,19.47,20.0699,19.13,19.17,-0.22,-1.13%,8100
EML,2022-09-07,19.1,19.3694,19.03,19.13,-0.04,-0.21%,4000
EML,2022-09-08,19.03,19.05,19.03,19.05,-0.08,-0.42%,1800
EML,2022-09-09,19.339,19.67,19.339,19.65,0.6,+3.15%,3000
EML,2022-09-12,19.47,19.51,19.4,19.46,-0.19,-0.97%,4100
EML,2022-09-13,19.28,19.4,19.01,19.01,-0.45,-2.31%,2200
EML,2022-09-14,18.81,19.2,18.76,18.76,-0.25,-1.32%,4400
EML,2022-09-15,18.9,19.1612,18.75,19,0.24,+1.28%,1900
EML,2022-09-16,18.67,19.1299,18.63,18.8,-0.2,-1.05%,22900
EML,2022-09-19,18.54,18.93,18.23,18.66,-0.14,-0.74%,12500
EML,2022-09-20,18.5,18.6,18.4,18.6,-0.06,-0.32%,1900
EML,2022-09-21,18.45,18.45,18.15,18.15,-0.45,-2.42%,2600
EML,2022-09-22,18.3,18.3,18.01,18.2,0.05,+0.28%,2800
EML,2022-09-23,17.86,18,17.25,17.5,-0.7,-3.85%,10400
EML,2022-09-26,17.75,17.76,17.35,17.37,-0.13,-0.74%,9100
EML,2022-09-27,17.4,17.4,17.35,17.35,-0.02,-0.12%,2700
EML,2022-09-28,17.35,17.4,17.35,17.4,0.05,+0.29%,1600
EML,2022-09-29,17.35,17.4,17.35,17.4,0,0.00%,1800
EML,2022-09-30,17.4,17.47,17.35,17.35,-0.05,-0.29%,3700
EML,2022-10-03,17.35,17.35,17.1,17.3405,-0.0095,-0.05%,5200
EML,2022-10-04,17.63,18.735,17.36,18.15,0.8095,+4.67%,25500
EML,2022-10-05,18.09,20.01,18.0106,19.1,0.95,+5.23%,40800
EML,2022-10-06,19.01,19.08,18.07,18.58,-0.52,-2.72%,5300
EML,2022-10-07,18.5,18.9,17.9,18.36,-0.22,-1.18%,24100
EML,2022-10-10,18.8,18.9,18.46,18.52,0.16,+0.87%,8700
EML,2022-10-11,18.36,18.97,17.52,17.76,-0.76,-4.10%,14400
EML,2022-10-12,18,18,17.6,17.6,-0.16,-0.90%,1200
EML,2022-10-13,17.37,18,17.37,17.9,0.3,+1.70%,3500
EML,2022-10-14,17.77,17.77,17.77,17.77,-0.13,-0.73%,600
EML,2022-10-17,19.62,19.62,17.86,18.34,0.57,+3.21%,7400
EML,2022-10-18,19.1,19.25,18.57,19.03,0.69,+3.76%,6600
EML,2022-10-19,19.05,19.76,19.0037,19.46,0.43,+2.26%,9700
EML,2022-10-20,19.69,21.3212,19.69,20.17,0.71,+3.65%,4800
EML,2022-10-21,19.93,21.01,19.72,20.92,0.75,+3.72%,13300
EML,2022-10-24,20.5,21.01,20.5,20.9377,0.0177,+0.08%,4900
EML,2022-10-25,20.53,20.99,19.29,20.8,-0.1377,-0.66%,5100
EML,2022-10-26,20.6,21.3,18.9518,20.77,-0.03,-0.14%,11200
EML,2022-10-27,20.1,20.94,20.1,20.94,0.17,+0.82%,5700
EML,2022-10-28,20.77,21.45,20.77,21.43,0.49,+2.34%,6600
EML,2022-10-31,21,22.4,20.91,20.91,-0.52,-2.43%,19000
EML,2022-11-01,21.1,21.51,20.8,21.51,0.6,+2.87%,5000
EML,2022-11-02,20.28,21.41,20.28,20.8,-0.71,-3.30%,7800
EML,2022-11-03,20.54,21.3,20.48,21.19,0.39,+1.88%,5300
EML,2022-11-04,21.35,21.8,20.53,20.53,-0.66,-3.11%,2500
EML,2022-11-07,20.92,21.3,20.603,21.1,0.57,+2.78%,4900
EML,2022-11-08,22.45,22.48,21.14,22.05,0.95,+4.50%,4600
EML,2022-11-09,21.4,22.4384,21.4,21.84,-0.21,-0.95%,11700
EML,2022-11-10,21.83,22.7,21.76,22.64,0.8,+3.66%,6300
EML,2022-11-11,22.54,22.54,22.36,22.36,-0.28,-1.24%,2000
EML,2022-11-14,21.57,22.13,21.57,22.035,-0.325,-1.45%,900
EML,2022-11-15,19.85,22.4,19.85,22.2,0.165,+0.75%,10900
EML,2022-11-16,22.2,22.3,21.74,22.24,0.04,+0.18%,5300
EML,2022-11-17,21.84,21.96,21.84,21.96,-0.28,-1.26%,1280
EML,2022-11-18,21.077,22.4,21.077,22.4,0.44,+2.00%,1700
EML,2022-11-21,22.05,22.89,21.83,22.85,0.45,+2.01%,8100
EML,2022-11-22,22.51,22.51,22.0645,22.4,-0.45,-1.97%,1300
EML,2022-11-23,22.1,23,21.85,22.5,0.1,+0.45%,3500
EML,2022-11-25,22.5,22.5,22.5,22.5,0,0.00%,1100
EML,2022-11-28,22.09,22.37,22.09,22.37,-0.13,-0.58%,1500
EML,2022-11-29,22.29,22.49,22.2,22.4,0.03,+0.13%,4300
EML,2022-11-30,21.63,23,21.4,23,0.6,+2.68%,6200
EML,2022-12-01,23,23,22.03,23,0,0.00%,9800
EML,2022-12-02,22.93,22.93,22.93,22.93,-0.07,-0.30%,1800
EML,2022-12-05,22.5,22.71,22.14,22.71,-0.22,-0.96%,1800
EML,2022-12-06,21.56,22.73,21.56,22.73,0.02,+0.09%,2000
EML,2022-12-07,22.2,22.2,22.2,22.2,-0.53,-2.33%,1000
EML,2022-12-08,21.83,22.12,21.625,22.12,-0.08,-0.36%,1200
EML,2022-12-09,21.77,22,21.67,22,-0.12,-0.54%,2000
EML,2022-12-12,21.76,21.76,21.5925,21.6,-0.4,-1.82%,2200
EML,2022-12-13,21.71,21.74,21.25,21.25,-0.35,-1.62%,12500
EML,2022-12-14,21.23,21.25,20.61,20.93,-0.32,-1.51%,3900
EML,2022-12-15,21.08,21.4,20.3401,20.86,-0.07,-0.33%,7700
EML,2022-12-16,20.8,21.25,20.16,20.16,-0.7,-3.36%,7800
EML,2022-12-19,20.55,21.1499,20.11,20.65,0.49,+2.43%,2500
EML,2022-12-20,20.65,20.77,20.4,20.4,-0.25,-1.21%,4500
EML,2022-12-21,20.48,21.42,20.25,20.42,0.02,+0.10%,12000
EML,2022-12-22,20.01,20.7,20,20.34,-0.08,-0.39%,3500
EML,2022-12-23,20.12,20.4,20.12,20.3,-0.04,-0.20%,3100
EML,2022-12-27,20.35,21.125,20.18,20.28,-0.02,-0.10%,4300
EML,2022-12-28,19.66,20.46,19.66,19.74,-0.54,-2.66%,2100
EML,2022-12-29,20.12,20.12,19.78,19.78,0.04,+0.20%,1300
EML,2022-12-30,19.77,19.77,19.25,19.28,-0.5,-2.53%,3600
EML,2023-01-03,19.78,21.75,19.78,19.81,0.53,+2.75%,2000
EML,2023-01-04,19.6101,19.95,19.6101,19.76,-0.05,-0.25%,1200
EML,2023-01-05,19.93,20.07,19.3752,19.48,-0.28,-1.42%,18600
EML,2023-01-06,19.65,20,19.25,19.63,0.15,+0.77%,68400
EML,2023-01-09,19.8,21.39,19.8,21.39,1.76,+8.97%,38300
EML,2023-01-10,21.09,22.882,21.09,22.86,1.47,+6.87%,23900
EML,2023-01-11,22.86,23.27,22.605,23.27,0.41,+1.79%,3900
EML,2023-01-12,23.0267,24.35,23.0267,23.37,0.1,+0.43%,16400
EML,2023-01-13,23.44,23.85,21.83,23.2,-0.17,-0.73%,19100
EML,2023-01-17,23.15,23.56,23.15,23.3,0.1,+0.43%,5600
EML,2023-01-18,22.75,23.01,21.8,22.19,-1.11,-4.76%,10500
EML,2023-01-19,22.22,22.25,21.95,22.1,-0.09,-0.41%,8400
EML,2023-01-20,22.09,22.72,22.09,22.37,0.27,+1.22%,10600
EML,2023-01-23,22.67,22.75,21.42,21.75,-0.62,-2.77%,13900
EML,2023-01-24,21.75,21.88,21.75,21.88,0.13,+0.60%,2300
EML,2023-01-25,21.12,21.95,21.12,21.95,0.07,+0.32%,1500
EML,2023-01-26,22,22.2,21.72,21.96,0.01,+0.05%,3100
EML,2023-01-27,22.25,22.25,21.81,21.81,-0.15,-0.68%,1300
EML,2023-01-30,21.72,21.72,21.62,21.62,-0.19,-0.87%,2900
EML,2023-01-31,21.9,22,21.56,21.7,0.08,+0.37%,4600
EML,2023-02-01,21.95,22.43,21.4101,21.99,0.29,+1.34%,13700
EML,2023-02-02,21.86,22.2,21.7236,21.9,-0.09,-0.41%,5200
EML,2023-02-03,21.54,22.25,21.525,21.905,0.005,+0.02%,8200
EML,2023-02-06,21.95,22.14,21.71,21.71,-0.195,-0.89%,8500
EML,2023-02-07,21.89,22.35,21.89,22.35,0.64,+2.95%,2800
EML,2023-02-08,21.88,21.94,20.2983,21.94,-0.41,-1.83%,4000
EML,2023-02-09,21.75,21.8,21.4001,21.69,-0.25,-1.14%,5500
EML,2023-02-10,21.67,21.95,21.57,21.89,0.2,+0.92%,2100
EML,2023-02-13,21.95,21.95,21.95,21.95,0.06,+0.27%,700
EML,2023-02-14,21.5,21.7492,21.5,21.6,-0.35,-1.59%,3100
EML,2023-02-15,21.68,21.84,21.23,21.23,-0.37,-1.71%,4900
EML,2023-02-16,21.15,21.5,21.05,21.5,0.27,+1.27%,8400
EML,2023-02-17,21.42,21.62,21.18,21.29,-0.21,-0.98%,6400
EML,2023-02-21,20.8,21,20.8,20.985,-0.305,-1.43%,2200
EML,2023-02-22,20.9,21.22,20.8,20.8,-0.185,-0.88%,1500
EML,2023-02-23,21.02,21.1,20.95,20.95,0.15,+0.72%,3300
EML,2023-02-24,21.045,21.045,20.7975,21,0.05,+0.24%,1100
EML,2023-02-27,21.26,21.33,20.86,20.86,-0.14,-0.67%,1100
EML,2023-02-28,20.88,21.0782,20.8,20.8,-0.06,-0.29%,2400
EML,2023-03-01,21.05,21.2,20.805,21,0.2,+0.96%,6900
EML,2023-03-02,21.1725,21.19,21.0393,21.1,0.1,+0.48%,1900
EML,2023-03-03,21.02,21.18,21.02,21.18,0.08,+0.38%,3600
EML,2023-03-06,21.078,21.078,21.05,21.05,-0.13,-0.61%,900
EML,2023-03-07,21.24,21.24,21.1,21.1,0.05,+0.24%,700
EML,2023-03-08,20.98,21.82,20.98,21.82,0.72,+3.41%,5400
EML,2023-03-09,21.42,21.43,21.02,21.26,-0.56,-2.57%,5800
EML,2023-03-10,21.21,21.32,21.18,21.18,-0.08,-0.38%,2200
EML,2023-03-13,21.25,21.8199,21.25,21.5,0.32,+1.51%,5400
EML,2023-03-14,21.02,21.5,21.02,21.02,-0.48,-2.23%,5400
EML,2023-03-15,20,20.36,15.6501,15.855,-5.165,-24.57%,109600
EML,2023-03-16,15.85,17.25,15.3,16.6,0.745,+4.70%,52800
EML,2023-03-17,16.8,16.9999,16.8,16.86,0.26,+1.57%,11800
EML,2023-03-20,16.96,17.49,16.86,17.49,0.63,+3.74%,11000
EML,2023-03-21,17.5999,18.53,17.5999,18.47,0.98,+5.60%,12400
EML,2023-03-22,18.3,19.21,17.9312,18.47,0,0.00%,15000
EML,2023-03-23,18.62,19.38,18.62,19.05,0.58,+3.14%,15000
EML,2023-03-24,18.6,19.8,18.59,19.8,0.75,+3.94%,13800
EML,2023-03-27,19.87,20.06,19.87,19.9,0.1,+0.51%,3000
EML,2023-03-28,19.5,19.61,19.42,19.61,-0.29,-1.46%,1400
EML,2023-03-29,19.7,19.7,19.32,19.32,-0.29,-1.48%,2400
EML,2023-03-30,19.4,19.4,18.896,19.1,-0.22,-1.14%,3500
EML,2023-03-31,18.9,19.48,18.9,19.48,0.38,+1.99%,1700
EML,2023-04-03,19.38,19.38,18.57,19.14,-0.34,-1.75%,2800
EML,2023-04-04,18.8001,19.17,18.8001,19.17,0.03,+0.16%,700
EML,2023-04-05,19.1,19.14,19,19,-0.17,-0.89%,2200
EML,2023-04-06,18.67,19.2,18.66,19.1,0.1,+0.53%,3800
EML,2023-04-10,19.33,19.79,18.895,19.6,0.5,+2.62%,11200
EML,2023-04-11,19.55,19.685,19.3,19.37,-0.23,-1.17%,6700
EML,2023-04-12,19.64,19.64,18.89,19.18,-0.19,-0.98%,3000
EML,2023-04-13,19.01,19.18,19.01,19.18,0,0.00%,900
EML,2023-04-14,19.1,19.1,18.95,18.95,-0.23,-1.20%,1800
EML,2023-04-17,18.93,19.275,17.8,17.8,-1.15,-6.07%,8500
EML,2023-04-18,18,18,16.82,17,-0.8,-4.49%,4400
EML,2023-04-19,17,17.685,17,17.56,0.56,+3.29%,6200
EML,2023-04-20,17.3491,17.75,17.2601,17.5,-0.06,-0.34%,3400
EML,2023-04-21,19,19,17.61,17.88,0.38,+2.17%,2200
EML,2023-04-24,17.75,17.75,17.5,17.5,-0.38,-2.13%,3800
EML,2023-04-25,17.28,17.28,16.9,16.91,-0.59,-3.37%,20700
EML,2023-04-26,17.22,17.35,17.08,17.35,0.44,+2.60%,4000
EML,2023-04-27,17.3,17.67,17.3,17.35,0,0.00%,1000
EML,2023-04-28,17.66,17.66,17.66,17.66,0.31,+1.79%,700
EML,2023-05-01,17.98,17.98,17.5,17.65,-0.01,-0.06%,7900
EML,2023-05-02,17.19,17.535,16.9601,16.97,-0.68,-3.85%,9800
EML,2023-05-03,17.04,17.22,16.82,16.82,-0.15,-0.88%,5200
EML,2023-05-04,16.9,16.9,16.61,16.8,-0.02,-0.12%,4800
EML,2023-05-05,16.8501,17.56,16.8501,17.1,0.3,+1.79%,2500
EML,2023-05-08,17,17,16.655,16.75,-0.35,-2.05%,3000
EML,2023-05-09,16.75,16.9999,16.7,16.7,-0.05,-0.30%,3700
EML,2023-05-10,16.21,16.8999,16.21,16.71,0.01,+0.06%,2200
EML,2023-05-11,16.86,16.86,16.8,16.8,0.09,+0.54%,500
EML,2023-05-12,16.4,16.932,16.4,16.52,-0.28,-1.67%,4200
EML,2023-05-15,16.73,16.91,16.73,16.75,0.23,+1.39%,1100
EML,2023-05-17,16.97,17.17,16.57,16.83,0.08,+0.48%,13100
EML,2023-05-18,16.89,16.9,16.73,16.78,-0.05,-0.30%,2400
EML,2023-05-19,17,17.25,16.66,16.66,-0.12,-0.72%,2200
EML,2023-05-22,16.96,17.55,16.96,17.41,0.75,+4.50%,5900
EML,2023-05-23,17.97,17.97,17.2548,17.41,0,0.00%,3700
EML,2023-05-24,17.16,17.35,16.86,16.92,-0.49,-2.81%,12000
EML,2023-05-25,16.75,16.75,16.6,16.65,-0.27,-1.60%,4700
EML,2023-05-26,16.6,16.93,16.51,16.51,-0.14,-0.84%,22500
EML,2023-05-30,16.56,16.65,16.5,16.55,0.04,+0.24%,12400
EML,2023-05-31,16.4,16.6084,16.25,16.29,-0.26,-1.57%,10900
EML,2023-06-01,16.21,16.5,16.21,16.32,0.03,+0.18%,5400
EML,2023-06-02,16.24,16.45,16.184,16.35,0.03,+0.18%,9300
EML,2023-06-05,16.35,16.5,16.2,16.49,0.14,+0.86%,3000
EML,2023-06-06,16.3,16.5,16.3,16.49,0,0.00%,19000
EML,2023-06-07,16.3365,17.32,16.3344,16.82,0.33,+2.00%,25900
EML,2023-06-08,17.08,17.09,16.84,17.09,0.27,+1.61%,1900
EML,2023-06-09,16.97,17.4,16.96,17.15,0.06,+0.35%,3400
EML,2023-06-12,17.02,17.02,17.02,17.02,-0.13,-0.76%,300
EML,2023-06-13,17.45,17.65,17.45,17.54,0.52,+3.06%,2500
EML,2023-06-14,17.82,18.5,17.82,18.25,0.71,+4.05%,4000
EML,2023-06-15,18.37,19.1934,18.24,19,0.75,+4.11%,5200
EML,2023-06-16,19,19.67,18.15,19.67,0.67,+3.53%,16600
EML,2023-06-20,19.58,19.58,18.38,18.38,-1.29,-6.56%,5200
EML,2023-06-21,17.8855,18.5945,17.8855,18.4995,0.1195,+0.65%,8300
EML,2023-06-22,18.15,18.3799,18.15,18.3799,-0.1196,-0.65%,1900
EML,2023-06-23,18.8,18.8,17.9,17.9,-0.4799,-2.61%,7000
EML,2023-06-26,18,18,17.61,17.64,-0.26,-1.45%,2000
EML,2023-06-27,17.95,18.3,17.7,18.19,0.55,+3.12%,12300
EML,2023-06-28,17.89,18.27,17.84,18.27,0.08,+0.44%,5600
EML,2023-06-29,18.28,18.28,17.945,17.99,-0.28,-1.53%,1700
EML,2023-06-30,17.81,18.09,17.53,18.09,0.1,+0.56%,4400
EML,2023-07-03,17.71,17.72,17.27,17.72,-0.37,-2.05%,7000
EML,2023-07-05,17.66,18.01,17.66,18.01,0.29,+1.64%,3300
EML,2023-07-06,18,18.08,18,18.08,0.07,+0.39%,4600
EML,2023-07-07,18.01,18.21,18,18.01,-0.07,-0.39%,4900
EML,2023-07-10,18.04,18.05,17.89,18.05,0.04,+0.22%,1200
EML,2023-07-11,18.3,18.3,17.92,18.01,-0.04,-0.22%,2000
EML,2023-07-12,18.11,18.4,17.95,18.3,0.29,+1.61%,2200
EML,2023-07-13,18.12,18.445,18.1,18.2,-0.1,-0.55%,7600
EML,2023-07-14,18.46,18.46,17.9,17.9,-0.3,-1.65%,5200
EML,2023-07-17,18.0047,18.235,18,18,0.1,+0.56%,2700
EML,2023-07-18,18.2238,18.23,18.2146,18.23,0.23,+1.28%,1300
EML,2023-07-19,18.23,18.5924,18.225,18.225,-0.005,-0.03%,2100
EML,2023-07-20,18.44,18.86,18.38,18.86,0.635,+3.48%,3300
EML,2023-07-21,19.185,19.185,18.5,18.5,-0.36,-1.91%,5300
EML,2023-07-24,18.7,18.72,18.025,18.31,-0.19,-1.03%,4300
EML,2023-07-25,18.67,18.955,18.19,18.19,-0.12,-0.66%,4117
EML,2023-07-26,18.56,18.56,18.04,18.35,0.16,+0.88%,3900
EML,2023-07-27,18.01,18.22,18.01,18.22,-0.13,-0.71%,900
EML,2023-07-28,18.22,18.32,18.0977,18.32,0.1,+0.55%,4400
EML,2023-07-31,18.18,18.55,18.18,18.43,0.11,+0.60%,1500
EML,2023-08-01,18.3,18.4,18.21,18.22,-0.21,-1.14%,1800
EML,2023-08-02,18.1801,18.48,18.1801,18.48,0.26,+1.43%,900
EML,2023-08-03,18.35,19.1,18.315,18.77,0.29,+1.57%,10600
EML,2023-08-04,19.01,19.01,18.49,18.49,-0.28,-1.49%,1300
EML,2023-08-07,18.65,18.8,18.41,18.41,-0.08,-0.43%,1600
EML,2023-08-08,18.48,18.48,18.48,18.48,0.07,+0.38%,600
EML,2023-08-09,18.79,19.41,18.375,19.41,0.93,+5.03%,4900
EML,2023-08-10,18.85,18.87,18.85,18.87,-0.54,-2.78%,1200
EML,2023-08-11,18.45,19.19,18.45,19.19,0.32,+1.70%,2600
EML,2023-08-14,18.99,19.42,18.62,18.62,-0.57,-2.97%,4400
EML,2023-08-15,18.73,19.245,18.28,18.28,-0.34,-1.83%,14000
EML,2023-08-16,18.0746,18.54,18.0746,18.48,0.2,+1.09%,800
EML,2023-08-17,18.26,18.26,18.09,18.09,-0.39,-2.11%,1100
EML,2023-08-18,17.98,18.04,17.85,17.99,-0.1,-0.55%,6400
EML,2023-08-21,18.05,18.05,17.8,17.8,-0.19,-1.06%,2300
EML,2023-08-22,17.82,19.6,17.82,17.86,0.06,+0.34%,5900
EML,2023-08-23,17.95,18.14,17.91,18.14,0.28,+1.57%,700
EML,2023-08-24,17.85,17.98,17.85,17.98,-0.16,-0.88%,3400
EML,2023-08-25,18.01,18.02,17.99,18.02,0.04,+0.22%,1000
EML,2023-08-28,18.12,18.25,18,18.21,0.19,+1.05%,2400
EML,2023-08-29,18.02,18.19,18.02,18.025,-0.185,-1.02%,9200
EML,2023-08-30,17.92,18.13,17.86,17.89,-0.135,-0.75%,14800
EML,2023-08-31,18.1,18.3,17.85,18.09,0.2,+1.12%,11800
EML,2023-09-01,18.29,18.57,18.25,18.25,0.16,+0.88%,8200
EML,2023-09-05,18.32,18.5,18.2,18.2,-0.05,-0.27%,9700
EML,2023-09-06,18.26,18.43,18.01,18.05,-0.15,-0.82%,8600
EML,2023-09-07,18.3,18.525,18.13,18.4,0.35,+1.94%,4500
EML,2023-09-08,18.95,19.18,18.36,18.55,0.15,+0.82%,24400
EML,2023-09-11,18.6,18.95,18.26,18.26,-0.29,-1.56%,17800
EML,2023-09-12,18.5,18.73,18.21,18.34,0.08,+0.44%,10400
EML,2023-09-13,18.59,18.65,18.1,18.22,-0.12,-0.65%,12000
EML,2023-09-14,18.77,18.77,18.31,18.77,0.55,+3.02%,11400
EML,2023-09-15,18.64,18.81,18.58,18.58,-0.19,-1.01%,5500
EML,2023-09-18,18.67,18.94,18.53,18.8,0.22,+1.18%,6000
EML,2023-09-19,18.74,18.74,18.45,18.5,-0.3,-1.60%,5700
EML,2023-09-20,18.53,18.8029,18.41,18.41,-0.09,-0.49%,4600
EML,2023-09-21,18.615,18.615,18.25,18.3,-0.11,-0.60%,3800
EML,2023-09-22,18.56,18.56,18.26,18.289,-0.011,-0.06%,2500
EML,2023-09-25,18.0501,18.7322,18.0501,18.15,-0.139,-0.76%,3800
EML,2023-09-26,18.25,18.25,17.95,18.02,-0.13,-0.72%,6000
EML,2023-09-27,18.46,18.46,18.14,18.14,0.12,+0.67%,600
EML,2023-09-28,18.01,18.13,17.96,18,-0.14,-0.77%,3400
EML,2023-09-29,18.2,18.27,17.9,18.15,0.15,+0.83%,2400
EML,2023-10-02,18,18.01,17.78,17.98,-0.17,-0.94%,12500
EML,2023-10-03,18.1,18.18,17.85,18,0.02,+0.11%,11800
EML,2023-10-04,17.87,18,17.7,17.83,-0.17,-0.94%,7200
EML,2023-10-05,18.05,18.05,17.68,17.68,-0.15,-0.84%,8600
EML,2023-10-06,18.3036,18.3036,17.56,17.85,0.17,+0.96%,8900
EML,2023-10-09,17.85,18.23,17.56,17.71,-0.14,-0.78%,5100
EML,2023-10-10,17.94,18.05,17.56,17.75,0.04,+0.23%,6400
EML,2023-10-11,17.95,17.96,17.61,17.9,0.15,+0.85%,5200
EML,2023-10-12,17.855,17.855,17.56,17.81,-0.09,-0.50%,2800
EML,2023-10-13,17.51,17.53,17.51,17.51,-0.3,-1.68%,3000
EML,2023-10-16,17.61,17.8373,17.35,17.35,-0.16,-0.91%,15600
EML,2023-10-17,17.33,17.6,17.16,17.23,-0.12,-0.69%,13800
EML,2023-10-18,17.25,17.6035,17.13,17.17,-0.06,-0.35%,8000
EML,2023-10-19,17.25,17.25,16.44,16.95,-0.22,-1.28%,8100
EML,2023-10-20,17.19,17.19,16.52,16.52,-0.43,-2.54%,7500
EML,2023-10-23,16.5101,17.145,16.5101,16.75,0.23,+1.39%,1300
EML,2023-10-24,16.87,17.4199,16.38,16.46,-0.29,-1.73%,7800
EML,2023-10-25,16.49,16.57,16.49,16.525,0.065,+0.39%,1700
EML,2023-10-26,16.56,16.88,16.56,16.58,0.055,+0.33%,2000
EML,2023-10-27,16.36,16.36,16.1,16.13,-0.45,-2.71%,7500
EML,2023-10-30,16.365,16.4895,16.365,16.4895,0.3595,+2.23%,1600
EML,2023-10-31,16.5,17.26,16.15,16.26,-0.2295,-1.39%,3000
EML,2023-11-01,16.24,16.65,16.11,16.255,-0.005,-0.03%,8800
EML,2023-11-02,16.4726,17.44,16.4726,17.44,1.185,+7.29%,3700
EML,2023-11-03,17.5,18.36,17.5,17.71,0.27,+1.55%,7300
EML,2023-11-06,17.55,17.63,17.55,17.63,-0.08,-0.45%,2000
EML,2023-11-07,17.87,17.87,17.6,17.6,-0.03,-0.17%,2200
EML,2023-11-08,17.5,18.59,17.5,17.83,0.23,+1.31%,10600
EML,2023-11-09,18.26,18.3,17.96,18.25,0.42,+2.36%,11000
EML,2023-11-10,18.5,18.79,17.9,18.29,0.04,+0.22%,12900
EML,2023-11-13,18.21,18.73,18.21,18.73,0.44,+2.41%,6000
EML,2023-11-14,18.65,19.1,18.65,19,0.27,+1.44%,10400
EML,2023-11-15,19.17,19.17,18.77,18.84,-0.16,-0.84%,4700
EML,2023-11-16,18.55,18.795,17.815,18.33,-0.51,-2.71%,10400
EML,2023-11-17,18.45,19.11,18.16,18.2,-0.13,-0.71%,44500
EML,2023-11-20,18.4,18.9999,18.1901,18.88,0.68,+3.74%,3500
EML,2023-11-21,18.67,18.805,18.35,18.35,-0.53,-2.81%,4900
EML,2023-11-22,18.6,18.99,18.5,18.66,0.31,+1.69%,14100
EML,2023-11-24,19.4335,19.4335,18.72,18.72,0.06,+0.32%,1600
EML,2023-11-27,18.6,18.835,18.25,18.52,-0.2,-1.07%,19600
EML,2023-11-28,18.36,18.702,18.3,18.48,-0.04,-0.22%,3400
EML,2023-11-29,18.35,18.48,18.25,18.34,-0.14,-0.76%,12000
EML,2023-11-30,18.04,18.5469,18.01,18.15,-0.19,-1.04%,13300
EML,2023-12-01,18.01,18.19,18.01,18.19,0.04,+0.22%,8700
EML,2023-12-04,18.03,18.17,18.01,18.07,-0.12,-0.66%,5100
EML,2023-12-05,18.02,18.7262,18.001,18.2,0.13,+0.72%,9700
EML,2023-12-06,18.49,19.24,18.26,18.44,0.24,+1.32%,18400
EML,2023-12-07,18.56,18.88,18.48,18.88,0.44,+2.39%,2700
EML,2023-12-08,18.66,19.29,18.61,18.9,0.02,+0.11%,16300
EML,2023-12-11,19.02,19.36,18.95,19.34,0.44,+2.33%,2400
EML,2023-12-12,19.35,20.793,19.35,20.31,0.97,+5.02%,6500
EML,2023-12-13,20.47,26.04,20.46,26.04,5.73,+28.21%,62700
EML,2023-12-14,23.9,23.9,22.1556,22.94,-3.1,-11.90%,15000
EML,2023-12-15,22.98,22.98,21.6114,22.8,-0.14,-0.61%,10100
EML,2023-12-18,22.02,22.1,21.05,21.06,-1.74,-7.63%,8100
EML,2023-12-19,21,22.12,21,21.74,0.68,+3.23%,9200
EML,2023-12-20,21.2,21.53,20.66,20.97,-0.77,-3.54%,14600
EML,2023-12-21,20.96,20.96,20.79,20.95,-0.02,-0.10%,3800
EML,2023-12-22,20.75,21.41,20.75,21.41,0.46,+2.20%,12900
EML,2023-12-26,21.53,22.45,21.53,22.25,0.84,+3.92%,5000
EML,2023-12-27,22.19,22.755,21.6,22.1,-0.15,-0.67%,12600
EML,2023-12-28,22.02,22.15,21.9,22.05,-0.05,-0.23%,7700
EML,2023-12-29,22,22,21.5,22,-0.05,-0.23%,3000
EML,2024-01-02,20.5,21.76,20.5,21.76,-0.24,-1.09%,800
EML,2024-01-03,21.76,22.48,21.2,22.48,0.72,+3.31%,9900
EML,2024-01-04,22.44,23.03,22.4,23.03,0.55,+2.45%,3100
EML,2024-01-05,22.69,22.9,22.2,22.2,-0.83,-3.60%,9300
EML,2024-01-08,22.02,22.8,21.525,22.62,0.42,+1.89%,7500
EML,2024-01-09,22.48,22.85,22.2,22.6,-0.02,-0.09%,3300
EML,2024-01-10,22.61,22.75,22.5,22.55,-0.05,-0.22%,9100
EML,2024-01-11,22.25,23.415,22.08,23.4,0.85,+3.77%,7100
EML,2024-01-12,23.63,24.5,23.4,24.5,1.1,+4.70%,6500
EML,2024-01-16,24.47,24.99,23.7,24.85,0.35,+1.43%,8400
EML,2024-01-17,24.97,24.97,24.24,24.35,-0.5,-2.01%,6900
EML,2024-01-19,24.45,24.82,24.31,24.66,0.31,+1.27%,5700
EML,2024-01-22,24.44,25,23.1971,24.825,0.165,+0.67%,4300
EML,2024-01-23,24.66,25.11,24.2554,24.4,-0.425,-1.71%,9300
EML,2024-01-24,24.8,25.08,24.62,24.85,0.45,+1.84%,5000
EML,2024-01-25,24.95,25.245,24.9,25.23,0.38,+1.53%,4700
EML,2024-01-26,24.65,25,24.65,25,-0.23,-0.91%,4200
EML,2024-01-29,24.1901,25.07,24.1901,24.92,-0.08,-0.32%,3900
EML,2024-01-30,24.52,24.55,24.29,24.51,-0.41,-1.65%,4900
EML,2024-01-31,24.3007,24.59,24.0762,24.59,0.08,+0.33%,5100
EML,2024-02-01,24.085,24.35,24,24.152,-0.438,-1.78%,7300
EML,2024-02-02,24.27,24.97,23.82,24.05,-0.102,-0.42%,9700
EML,2024-02-05,24.15,24.38,24,24.18,0.13,+0.54%,5800
EML,2024-02-06,24.26,24.355,24,24.33,0.15,+0.62%,3400
EML,2024-02-07,23.8,24.3,23.8,24.3,-0.03,-0.12%,700
EML,2024-02-08,24.04,24.3,24,24.3,0,0.00%,2700
EML,2024-02-09,24.39,24.4,24.37,24.39,0.09,+0.37%,3500
EML,2024-02-12,23.175,24.01,23.175,24.01,-0.38,-1.56%,2900
EML,2024-02-13,23.7,23.7,23.7,23.7,-0.31,-1.29%,1100
EML,2024-02-14,24.15,24.4,24.15,24.2,0.5,+2.11%,2700
EML,2024-02-15,23.89,25,23.89,24.86,0.66,+2.73%,4500
EML,2024-02-16,24.56,24.7789,24.56,24.66,-0.2,-0.80%,2600
EML,2024-02-20,23.545,24.98,22.6287,24.16,-0.5,-2.03%,11200
EML,2024-02-21,24.06,24.6956,24.06,24.38,0.22,+0.91%,5200
EML,2024-02-22,24.24,24.6,24.24,24.6,0.22,+0.90%,3400
EML,2024-02-23,24.56,24.56,24.56,24.56,-0.04,-0.16%,1400
EML,2024-02-26,24.15,24.5,24.006,24.5,-0.06,-0.24%,2900
EML,2024-02-27,24.47,24.47,24.23,24.23,-0.27,-1.10%,1100
EML,2024-02-28,24.05,24.75,24.05,24.41,0.18,+0.74%,4100
EML,2024-02-29,24.5,24.99,24.02,24.95,0.54,+2.21%,3600
EML,2024-03-01,24.6,24.6,24.24,24.29,-0.66,-2.65%,1400
EML,2024-03-04,24.05,24.47,24.05,24.12,-0.17,-0.70%,1500
EML,2024-03-05,24.36,25.25,23.255,25.155,1.035,+4.29%,9000
EML,2024-03-06,24.105,25.153,22.9601,23.68,-1.475,-5.86%,12700
EML,2024-03-07,23.65,24.355,23.65,24.18,0.5,+2.11%,6600
EML,2024-03-08,24.14,24.28,24,24.28,0.1,+0.41%,2300
EML,2024-03-11,24.45,24.49,24,24.22,-0.06,-0.25%,1900
EML,2024-03-12,23.69,25.17,23.69,25.05,0.83,+3.43%,7500
EML,2024-03-13,24.65,25.8,23.24,25.57,0.52,+2.08%,11600
EML,2024-03-14,25.7,26.3,25.44,26.04,0.47,+1.84%,16800
EML,2024-03-15,26.45,28.52,26.45,28.52,2.48,+9.52%,24200
EML,2024-03-18,28.6,30.51,28.05,28.05,-0.47,-1.65%,21800
EML,2024-03-19,28,28.99,28,28.54,0.49,+1.75%,13400
EML,2024-03-20,28.55,30.5,28.2,30.5,1.96,+6.87%,25800
EML,2024-03-21,30.19,31.12,29.85,31.12,0.62,+2.03%,16100
EML,2024-03-22,31,31.09,29.84,31.09,-0.03,-0.10%,18500
EML,2024-03-25,31.09,33.68,30.605,32.35,1.26,+4.05%,36900
EML,2024-03-26,32.74,33.55,31.97,33.47,1.12,+3.46%,15200
EML,2024-03-27,33.55,35.78,31.3,34.2,0.73,+2.18%,30500
EML,2024-03-28,34.09,34.1,32.916,34.09,-0.11,-0.32%,12700
EML,2024-04-01,34.1,34.25,31.6,32.93,-1.16,-3.40%,32900
EML,2024-04-02,33,34.2,31.92,32.68,-0.25,-0.76%,23100
EML,2024-04-03,32.54,32.86,31.245,31.86,-0.82,-2.51%,26100
EML,2024-04-04,32,32,31,31.5,-0.36,-1.13%,21400
EML,2024-04-05,31.36,32.16,30.72,32.16,0.66,+2.10%,21500
EML,2024-04-08,32.45,33.45,32.05,33.09,0.93,+2.89%,77200
EML,2024-04-09,33.45,33.67,31.85,31.99,-1.1,-3.32%,37500
EML,2024-04-10,31.78,32.73,30.76,32.73,0.74,+2.31%,33700
EML,2024-04-11,32.85,33.465,32.1,32.68,-0.05,-0.15%,35500
EML,2024-04-12,32.34,32.625,31.47,32.17,-0.51,-1.56%,14100
EML,2024-04-15,32.2,32.37,31.11,31.93,-0.24,-0.75%,31400
EML,2024-04-16,32.13,32.64,31.03,31.34,-0.59,-1.85%,33100
EML,2024-04-17,31.2,31.235,28.785,29.38,-1.96,-6.25%,27800
EML,2024-04-18,29.36,29.9,29.08,29.39,0.01,+0.03%,23200
EML,2024-04-19,29.47,29.93,28.4898,29.6,0.21,+0.71%,26400
EML,2024-04-22,30.04,31.34,29.75,31.07,1.47,+4.97%,37400
EML,2024-04-23,31.46,32.19,30.79,32.01,0.94,+3.03%,51100
EML,2024-04-24,32,32.175,31.7,32,-0.01,-0.03%,19000
EML,2024-04-25,32.04,32.12,31.7,32.12,0.12,+0.38%,13300
EML,2024-04-26,32.025,32.55,30.8034,32.31,0.19,+0.59%,14600
EML,2024-04-29,31.98,32.01,31.38,31.52,-0.79,-2.45%,17200
EML,2024-04-30,31.41,31.915,31.26,31.79,0.27,+0.86%,26300
EML,2024-05-01,31.86,32.45,31.84,31.98,0.19,+0.60%,14500
EML,2024-05-02,32.43,32.43,30.78,30.96,-1.02,-3.19%,14800
EML,2024-05-03,31.41,32.45,30.59,31.09,0.13,+0.42%,18700
EML,2024-05-06,30.84,31.71,30.84,31.53,0.44,+1.42%,60400
EML,2024-05-07,31.98,31.98,28.011,28.06,-3.47,-11.01%,39000
EML,2024-05-08,28.06,29.295,27.89,29.17,1.11,+3.96%,38800
EML,2024-05-09,29.35,29.67,28.4201,29.15,-0.02,-0.07%,20400
EML,2024-05-10,29.15,29.6375,28.64,28.93,-0.22,-0.75%,13200
EML,2024-05-13,28.64,28.72,28.1,28.25,-0.68,-2.35%,17800
EML,2024-05-14,28.11,28.22,27.955,28.16,-0.09,-0.32%,9600
EML,2024-05-15,29.185,29.185,27.83,28.69,0.53,+1.88%,22900
EML,2024-05-16,28.75,29.1,28.75,28.99,0.3,+1.05%,14100
EML,2024-05-17,28.66,30.12,28.66,29.63,0.64,+2.21%,14300
EML,2024-05-20,29.65,29.65,27.61,27.84,-1.79,-6.04%,30900
EML,2024-05-21,28.03,28.56,27.765,28.49,0.65,+2.33%,11900
EML,2024-05-22,28.28,29.4,28.28,29.06,0.57,+2.00%,18000
EML,2024-05-23,29.39,29.39,28.04,28.31,-0.75,-2.58%,11300
EML,2024-05-24,28.76,28.76,27.765,28.24,-0.07,-0.25%,13100
EML,2024-05-28,27.96,28.41,27.2,27.48,-0.76,-2.69%,28000
EML,2024-05-29,28,28.81,27.52,28.79,1.31,+4.77%,15100
EML,2024-05-30,28.145,28.315,27.55,27.85,-0.94,-3.27%,11200
EML,2024-05-31,27.83,28.125,26.98,27.08,-0.77,-2.76%,7800
EML,2024-06-03,27.36,29.2396,27.135,27.99,0.91,+3.36%,21800
EML,2024-06-04,27.58,28.42,27.4,27.92,-0.07,-0.25%,14000
EML,2024-06-05,28.25,28.25,27.71,27.77,-0.15,-0.54%,29900
EML,2024-06-06,27.76,28.2699,27.5701,28.24,0.47,+1.69%,24600
EML,2024-06-07,28.06,28.215,27.74,27.74,-0.5,-1.77%,14700
EML,2024-06-10,27.57,28.11,27.375,27.85,0.11,+0.40%,14700
EML,2024-06-11,27.54,27.88,27.235,27.64,-0.21,-0.75%,21300
EML,2024-06-12,27.8,28.09,26.91,27,-0.64,-2.32%,14500
EML,2024-06-13,27.44,27.44,26.63,26.73,-0.27,-1.00%,10800
EML,2024-06-14,26.52,26.63,26.36,26.49,-0.24,-0.90%,12300
EML,2024-06-17,26.21,26.43,25.39,25.41,-1.08,-4.08%,16200
EML,2024-06-18,25.31,25.31,23.86,24.09,-1.32,-5.19%,48000
EML,2024-06-20,24.24,25.92,24.24,25.57,1.48,+6.14%,28600
EML,2024-06-21,25.3,25.86,24.39,25.85,0.28,+1.10%,47600
EML,2024-06-24,25.55,25.65,24.26,24.26,-1.59,-6.15%,22600
EML,2024-06-25,24.24,25.0576,23.6,23.63,-0.63,-2.60%,28400
EML,2024-06-26,23.55,24.86,23.15,24.86,1.23,+5.21%,59100
EML,2024-06-27,24.95,26.28,24.53,24.87,0.01,+0.04%,47600
EML,2024-06-28,24.81,26.87,24.81,25.47,0.6,+2.41%,679000
EML,2024-07-01,25.31,27.02,24.95,26.66,1.19,+4.67%,50300
EML,2024-07-02,26.36,28.08,26.36,26.6,-0.06,-0.23%,38800
EML,2024-07-03,26.925,27.515,26.51,26.95,0.35,+1.32%,18300
EML,2024-07-05,26.79,27.635,25.66,25.71,-1.24,-4.60%,50100
EML,2024-07-08,26.04,26.66,25.17,26.66,0.95,+3.70%,38200
EML,2024-07-09,26.25,26.89,26.04,26.04,-0.62,-2.33%,13700
EML,2024-07-10,26.06,26.35,25.1085,26.2,0.16,+0.61%,10400
EML,2024-07-11,26.51,28.06,26.1,27.61,1.41,+5.38%,20700
EML,2024-07-12,27.46,29.26,27.46,28.98,1.37,+4.96%,15800
EML,2024-07-15,28.99,29.19,28.35,28.67,-0.31,-1.07%,23300
EML,2024-07-16,29.05,30.75,28.75,30.5,1.83,+6.38%,26400
EML,2024-07-17,29.65,30.3,29.54,29.85,-0.65,-2.13%,18100
EML,2024-07-18,29.79,30.495,28.86,28.86,-0.99,-3.32%,18200
EML,2024-07-19,28.96,29.025,27.38,27.45,-1.41,-4.89%,9200
EML,2024-07-22,27.32,29.1,26.88,29.1,1.65,+6.01%,12600
EML,2024-07-23,28.85,30,28.85,29.94,0.84,+2.89%,22100
EML,2024-07-24,29.11,30.73,28.7,29.2,-0.74,-2.47%,37500
EML,2024-07-25,29.42,29.8,28.83,28.83,-0.37,-1.27%,25400
EML,2024-07-26,29.38,29.64,28.41,29.64,0.81,+2.81%,15400
EML,2024-07-29,29.53,29.53,28.04,28.05,-1.59,-5.36%,12200
EML,2024-07-30,28,28.25,27.54,28.23,0.18,+0.64%,17200
EML,2024-07-31,28.3,29.56,27.85,29.44,1.21,+4.29%,9400
EML,2024-08-01,29.63,29.63,27.79,28.77,-0.67,-2.28%,30500
EML,2024-08-02,28,28.42,27.38,27.67,-1.1,-3.82%,20600
EML,2024-08-05,26.62,26.85,26.23,26.63,-1.04,-3.76%,14100
EML,2024-08-06,26.51,27.9,26.36,27.6,0.97,+3.64%,14900
EML,2024-08-07,29,29,26.84,27.13,-0.47,-1.70%,40700
EML,2024-08-08,27.65,27.97,27.13,27.5,0.37,+1.36%,16000
EML,2024-08-09,27.4,27.79,26.78,27.43,-0.07,-0.25%,35700
EML,2024-08-12,27.98,31,27.98,28.85,1.42,+5.18%,77400
EML,2024-08-13,29.56,29.56,28.87,29.27,0.42,+1.46%,46700
EML,2024-08-14,29.14,29.2999,28.6,28.81,-0.46,-1.57%,12600
EML,2024-08-15,29.25,29.356,28.56,28.79,-0.02,-0.07%,37300
EML,2024-08-16,28.58,29.33,28.1101,29.33,0.54,+1.88%,47300
EML,2024-08-19,29.92,30.67,29.92,30.28,0.95,+3.24%,15300
EML,2024-08-20,30.49,30.49,28.92,29.05,-1.23,-4.06%,24200
EML,2024-08-21,29.05,29.8,28.7749,29.8,0.75,+2.58%,29600
EML,2024-08-22,29.79,30.25,29.2,29.55,-0.25,-0.84%,50300
EML,2024-08-23,29.24,31.21,29.24,31.09,1.54,+5.21%,100200
EML,2024-08-26,31.22,31.22,30,30.37,-0.72,-2.32%,36000
EML,2024-08-27,29.88,30.7,29.6,30.15,-0.22,-0.72%,26500
EML,2024-08-28,29.94,30.24,29.59,30.24,0.09,+0.30%,38000
EML,2024-08-29,30.16,30.2,29.83,29.95,-0.29,-0.96%,27200
EML,2024-08-30,30.12,30.12,29.27,30.11,0.16,+0.53%,17200
EML,2024-09-03,29.96,29.96,29.16,29.83,-0.28,-0.93%,28900
EML,2024-09-04,29.6,30.02,29.52,30.02,0.19,+0.64%,33200
EML,2024-09-05,29.98,31.35,29.8872,30.1,0.08,+0.27%,20000
EML,2024-09-06,29.8,30.76,29.3,29.76,-0.34,-1.13%,33100
EML,2024-09-09,30,30.26,29.56,29.57,-0.19,-0.64%,25600
EML,2024-09-10,29.46,29.6,28.72,29.56,-0.01,-0.03%,14600
EML,2024-09-11,29.44,29.52,28.68,29.4,-0.16,-0.54%,12600
EML,2024-09-12,29.7,30.62,29.6101,30.61,1.21,+4.12%,24200
EML,2024-09-13,30.68,31.63,30.6,31.46,0.85,+2.78%,16200
EML,2024-09-16,31.19,31.99,31.015,31.53,0.07,+0.22%,13200
EML,2024-09-17,30.5,31.885,30.36,30.36,-1.17,-3.71%,38600
EML,2024-09-18,30.09,31.17,29.725,31,0.64,+2.11%,75700
EML,2024-09-19,31.66,32.7,31.25,31.79,0.79,+2.55%,47100
EML,2024-09-20,31.25,32.18,30.885,31.9,0.11,+0.35%,89100
EML,2024-09-23,31.9,31.96,31.07,31.36,-0.54,-1.69%,33900
EML,2024-09-24,31.25,32.31,30.69,32.01,0.65,+2.07%,63600
EML,2024-09-25,32.15,33.53,32.01,32.6,0.59,+1.84%,49200
EML,2024-09-26,32.98,33.54,32.32,32.81,0.21,+0.64%,30700
EML,2024-09-27,33.3,33.655,32.66,32.78,-0.03,-0.09%,39400
EML,2024-09-30,32.33,32.7,31.58,32.45,-0.33,-1.01%,23000
EML,2024-10-01,32.19,32.6,31.5,32.25,-0.2,-0.62%,30400
EML,2024-10-02,32.05,33,32.05,32.43,0.18,+0.56%,20800
EML,2024-10-03,32.12,32.68,31.46,31.49,-0.94,-2.90%,16900
EML,2024-10-04,31.96,32.05,31.25,31.72,0.23,+0.73%,17500
EML,2024-10-07,31.68,31.68,30.26,30.72,-1.,-3.15%,28000
EML,2024-10-08,30.45,31.55,30.45,31.4,0.68,+2.21%,13600
EML,2024-10-09,31.78,32.1,31.59,32.04,0.64,+2.04%,6000
EML,2024-10-10,31.61,32.365,31.49,32.14,0.1,+0.31%,22300
EML,2024-10-11,32.38,32.95,32.38,32.74,0.6,+1.87%,9200
EML,2024-10-14,32.65,32.65,31.955,32.3,-0.44,-1.34%,14000
EML,2024-10-15,32.34,32.74,31.91,31.91,-0.39,-1.21%,21000
EML,2024-10-16,32.35,32.8,31.96,32.8,0.89,+2.79%,21900
EML,2024-10-17,32.93,34.36,32.915,34.36,1.56,+4.76%,28200
EML,2024-10-18,34.36,34.36,33.41,33.41,-0.95,-2.76%,10200
EML,2024-10-21,33.24,33.4,32.84,32.84,-0.57,-1.71%,14200
EML,2024-10-22,32.57,33.35,32.39,32.88,0.04,+0.12%,28500
EML,2024-10-23,32.31,32.41,31.92,32.35,-0.53,-1.61%,11200
EML,2024-10-24,32.75,32.75,32.2,32.26,-0.09,-0.28%,14700
EML,2024-10-25,32.39,32.39,30.98,31.15,-1.11,-3.44%,12700
EML,2024-10-28,31.5,32,31.235,32,0.85,+2.73%,13800
EML,2024-10-29,31.94,31.94,31.04,31.64,-0.36,-1.13%,11000
EML,2024-10-30,31.8,31.81,31.21,31.37,-0.27,-0.85%,16300
EML,2024-10-31,31.1101,32.58,30.975,31.14,-0.23,-0.73%,11900
EML,2024-11-01,31.1,31.77,30.42,30.82,-0.32,-1.03%,8700
EML,2024-11-04,30.69,31.085,30.04,30.49,-0.33,-1.07%,15000
EML,2024-11-05,30.53,31.52,30.53,31.52,1.03,+3.38%,15200
EML,2024-11-06,34,35.03,30.21,30.61,-0.91,-2.89%,52100
EML,2024-11-07,30.61,31.42,28.86,28.94,-1.67,-5.46%,29100
EML,2024-11-08,29.04,29.72,28.23,29.31,0.37,+1.28%,17900
EML,2024-11-11,29.25,29.28,27.06,27.25,-2.06,-7.03%,29400
EML,2024-11-12,27.24,27.24,26.58,26.76,-0.49,-1.80%,19900
EML,2024-11-13,26.55,27.434,26.55,27.06,0.3,+1.12%,9600
EML,2024-11-14,27.44,28.72,27.2,28.26,1.2,+4.43%,11300
EML,2024-11-15,28.5,28.5,27.5,27.5,-0.76,-2.69%,9500
EML,2024-11-18,27.67,27.98,26.99,27.5,0,0.00%,21100
EML,2024-11-19,26.746,27.78,26.746,27.35,-0.15,-0.55%,14800
EML,2024-11-20,27,28.44,26.92,28.21,0.86,+3.14%,11900
EML,2024-11-21,28.82,28.83,28.11,28.19,-0.02,-0.07%,13200
EML,2024-11-22,28,28.944,28,28.54,0.35,+1.24%,11000
EML,2024-11-25,28.8,29.19,28.11,28.12,-0.42,-1.47%,15969
EML,2024-11-26,27.97,28.85,27.97,28.43,0.31,+1.10%,12996
EML,2024-11-27,28.54,28.64,28.27,28.51,0.08,+0.28%,8600
EML,2024-11-29,28.52,29.065,28.47,28.72,0.21,+0.74%,8200
EML,2024-12-02,28.2796,30,28.2796,29.73,1.01,+3.52%,24300
EML,2024-12-03,30,30.2,29.3207,29.62,-0.11,-0.37%,23600
EML,2024-12-04,29.835,29.835,28.8094,29.24,-0.38,-1.28%,12600
EML,2024-12-05,29.23,29.255,28.765,29.2,-0.04,-0.14%,10100
EML,2024-12-06,29.04,30.16,29,29.92,0.72,+2.47%,14200
EML,2024-12-09,29.92,29.92,29.37,29.4,-0.52,-1.74%,13600
EML,2024-12-10,29.28,31.665,29.28,30.37,0.97,+3.30%,30200
EML,2024-12-11,30.05,30.4,28.92,28.97,-1.4,-4.61%,29000
EML,2024-12-12,28.75,28.98,28.6,28.93,-0.04,-0.14%,4600
EML,2024-12-13,28.4,29.05,28.21,28.99,0.06,+0.21%,10300
EML,2024-12-16,28.71,29.5537,28.65,28.72,-0.27,-0.93%,16400
EML,2024-12-17,28.74,30.45,28.74,30.24,1.52,+5.29%,23700
EML,2024-12-18,30.31,30.72,29.14,29.14,-1.1,-3.64%,26800
EML,2024-12-19,29.5,30.03,27.99,27.99,-1.15,-3.95%,17000
EML,2024-12-20,27.55,27.7702,27.55,27.59,-0.4,-1.43%,19200
EML,2024-12-23,27.15,27.15,26.34,27.04,-0.55,-1.99%,9800
EML,2024-12-24,26.75,27.41,26.75,27.41,0.37,+1.37%,2600
EML,2024-12-26,27.68,27.78,26.88,27.04,-0.37,-1.35%,7700
EML,2024-12-27,27.0037,27.0037,26.46,26.57,-0.47,-1.74%,8600
EML,2024-12-30,26.75,26.76,26.26,26.35,-0.22,-0.83%,8500
EML,2024-12-31,26.2644,27.08,26.0501,26.54,0.19,+0.72%,7300
EML,2025-01-02,26.43,26.86,26.43,26.62,0.08,+0.30%,5600
EML,2025-01-03,26.895,26.895,26.78,26.79,0.17,+0.64%,3800
EML,2025-01-06,26.54,26.8,26.05,26.06,-0.73,-2.72%,11200
EML,2025-01-07,26.17,26.3399,25.98,26,-0.06,-0.23%,10000
EML,2025-01-08,25.68,26.09,25.66,25.77,-0.23,-0.88%,11500
EML,2025-01-10,25.46,25.94,25.46,25.52,-0.25,-0.97%,14800
EML,2025-01-13,25.31,26.57,25.31,26.57,1.05,+4.11%,7800
EML,2025-01-14,26.5,27.5899,26.1711,26.66,0.09,+0.34%,9500
EML,2025-01-15,27.21,27.88,26.893,27.88,1.22,+4.58%,6100
EML,2025-01-16,27.48,29.39,27.37,28.3,0.42,+1.51%,24900
EML,2025-01-17,28.5,28.6,27.62,27.7,-0.6,-2.12%,10800
EML,2025-01-21,27.77,28.49,27.77,28.15,0.45,+1.62%,12400
EML,2025-01-22,28.49,28.49,27.62,27.62,-0.53,-1.88%,10300
EML,2025-01-23,27.39,28.55,27.39,28.31,0.69,+2.50%,14000
EML,2025-01-24,28.6,28.6,27.29,27.29,-1.02,-3.60%,9600
EML,2025-01-27,28.05,28.5566,27.7,27.7,0.41,+1.50%,14400
EML,2025-01-28,27.62,28.45,27.62,27.78,0.08,+0.29%,10000
EML,2025-01-29,27.73,28.2,27.5,28.2,0.42,+1.51%,5800
EML,2025-01-30,27.82,28.07,27.74,27.74,-0.46,-1.63%,3400
EML,2025-01-31,27.54,27.54,27,27.02,-0.72,-2.60%,7100
EML,2025-02-03,26.45,27.05,26.45,26.59,-0.43,-1.59%,4300
EML,2025-02-04,26.22,27.46,26.22,26.83,0.24,+0.90%,9000
EML,2025-02-05,26.72,27.69,26.72,27.25,0.42,+1.57%,7300
EML,2025-02-06,27.39,27.39,26.41,27.3,0.05,+0.18%,5200
EML,2025-02-07,26.98,26.98,26.23,26.31,-0.99,-3.63%,5500
EML,2025-02-10,26.19,26.33,26.105,26.23,-0.08,-0.30%,6500
EML,2025-02-11,26.07,26.9213,26.07,26.4,0.17,+0.65%,9100
EML,2025-02-12,26.07,27.764,25.82,26.87,0.47,+1.78%,9500
EML,2025-02-13,27.19,28.665,27.1274,28.58,1.71,+6.36%,16200
EML,2025-02-14,28.05,28.72,28.05,28.06,-0.52,-1.82%,3500
EML,2025-02-18,28.01,29.55,28.01,28.96,0.9,+3.21%,9600
EML,2025-02-19,28.88,28.96,28.79,28.96,0,0.00%,3200
EML,2025-02-20,28.75,29.32,28.69,29.08,0.12,+0.41%,3300
EML,2025-02-21,29.23,29.23,28.19,28.19,-0.89,-3.06%,7900
EML,2025-02-24,28.08,28.62,27.73,27.73,-0.46,-1.63%,9600
EML,2025-02-25,28.01,28.2735,27.53,27.53,-0.2,-0.72%,13600
EML,2025-02-26,27.0845,28.265,27.08,27.71,0.18,+0.65%,8900
EML,2025-02-27,27.6,28.065,27.6,27.83,0.12,+0.43%,4800
EML,2025-02-28,28,28.1,27.888,28.1,0.27,+0.97%,4800
EML,2025-03-03,28.23,28.75,27.17,27.17,-0.93,-3.31%,7400
EML,2025-03-04,27.57,27.57,26.25,26.25,-0.92,-3.39%,10100
EML,2025-03-05,26.98,28.26,26.66,27.99,1.74,+6.63%,10700
EML,2025-03-06,26.77,27.39,26.77,27.14,-0.85,-3.04%,2900
EML,2025-03-07,27.43,28.15,27.37,28.15,1.01,+3.72%,4710
EML,2025-03-10,28.07,28.15,27.67,27.68,-0.47,-1.67%,7700
EML,2025-03-11,28.04,28.04,27.25,27.5,-0.18,-0.65%,7000
EML,2025-03-12,27.2,27.2,26,27.05,-0.45,-1.64%,19200
EML,2025-03-13,26.18,26.84,25.8,26.84,-0.21,-0.78%,5500
EML,2025-03-14,27.15,27.15,26.62,26.62,-0.22,-0.82%,6400
EML,2025-03-17,26.55,26.9,26.55,26.9,0.28,+1.05%,5900
EML,2025-03-18,26.5,26.82,26.2401,26.68,-0.22,-0.82%,5500
EML,2025-03-19,26.35,26.74,26.35,26.74,0.06,+0.22%,3500
EML,2025-03-20,26.2,26.64,26.2,26.64,-0.1,-0.37%,2200
EML,2025-03-21,26.25,26.49,26.25,26.47,-0.17,-0.64%,19800
EML,2025-03-24,26.46,26.46,25.66,25.77,-0.7,-2.64%,4300
EML,2025-03-25,25.79,25.79,25.26,25.26,-0.51,-1.98%,6600
EML,2025-03-26,25.72,25.8,25.72,25.8,0.54,+2.14%,2800
EML,2025-03-27,26,26.73,26,26.73,0.93,+3.60%,6200
EML,2025-03-28,26.54,26.68,26.05,26.05,-0.68,-2.54%,2700
EML,2025-03-31,25.33,25.55,25.32,25.32,-0.73,-2.80%,7100
EML,2025-04-01,25.44,25.515,24.93,24.93,-0.39,-1.54%,3900
EML,2025-04-02,24.71,25.71,24.71,25.65,0.72,+2.89%,6600
EML,2025-04-03,25.3633,25.3633,24.02,24.2,-1.45,-5.65%,7400
EML,2025-04-04,24.43,24.43,23.16,23.7,-0.5,-2.07%,8800
EML,2025-04-07,23.72,23.99,23.51,23.51,-0.19,-0.80%,6200
EML,2025-04-08,23.65,23.65,22.74,22.74,-0.77,-3.28%,8000
EML,2025-04-09,21.01,24.15,21.01,23.59,0.85,+3.74%,36200
EML,2025-04-10,22.5,24,22.34,22.7,-0.89,-3.77%,11500
EML,2025-04-11,23.285,23.285,22.35,22.65,-0.05,-0.22%,10700
EML,2025-04-14,22.56,22.67,22.03,22.09,-0.56,-2.47%,11700
EML,2025-04-15,22.03,22.06,21.21,21.36,-0.73,-3.30%,12300
EML,2025-04-16,21.62,21.62,19.51,19.51,-1.85,-8.66%,23800
EML,2025-04-17,19.5,19.875,19.12,19.63,0.12,+0.62%,42700
EML,2025-04-21,19.75,20.145,19.61,19.62,-0.01,-0.05%,12200
EML,2025-04-22,20.18,20.18,19.56,19.7,0.08,+0.41%,12900
EML,2025-04-23,20.09,20.09,19.15,19.29,-0.41,-2.08%,21500
EML,2025-04-24,19.5155,19.845,19.51,19.77,0.48,+2.49%,11400
EML,2025-04-25,19.9,19.975,19.605,19.61,-0.16,-0.81%,15900
EML,2025-04-28,19.81,19.81,19.06,19.12,-0.49,-2.50%,16800
EML,2025-04-29,19.6789,19.68,19.45,19.615,0.495,+2.59%,5200
EML,2025-04-30,19.59,21,19.58,20.99,1.375,+7.01%,10800
EML,2025-05-01,20.59,21.37,20,21.23,0.24,+1.14%,12000
EML,2025-05-02,21.01,21.02,20.46,20.67,-0.56,-2.64%,5200
EML,2025-05-05,20.88,21.53,20.56,20.7,0.03,+0.15%,12800
EML,2025-05-06,21.3672,23.49,21.3672,22.94,2.24,+10.82%,15100
EML,2025-05-07,23.51,23.605,22.655,23.45,0.51,+2.22%,9900
EML,2025-05-08,23.39,23.39,22.5,22.62,-0.83,-3.54%,5100
EML,2025-05-09,22.34,22.66,22.15,22.66,0.04,+0.18%,6700
EML,2025-05-12,23.23,24.25,23.07,23.35,0.69,+3.05%,13800
EML,2025-05-13,23.4,24.15,23.35,23.8,0.45,+1.93%,12300
EML,2025-05-14,23.95,23.95,23.54,23.74,-0.06,-0.25%,8500
EML,2025-05-15,23.57,24.0814,23.57,24,0.26,+1.10%,7800
EML,2025-05-16,24,24.1509,22.99,23.59,-0.41,-1.71%,11700
EML,2025-05-19,23.09,24.2499,23.09,23.79,0.2,+0.85%,4300
EML,2025-05-20,23.5,23.5,23.25,23.26,-0.53,-2.23%,4700
EML,2025-05-21,23,24.24,23,23.15,-0.11,-0.47%,8800
EML,2025-05-22,23.17,23.8259,23.17,23.22,0.07,+0.30%,10500
EML,2025-05-23,23.07,23.1235,22.24,22.64,-0.58,-2.50%,5200
EML,2025-05-27,23.23,23.7,22.64,23.24,0.6,+2.65%,16100
EML,2025-05-28,22.68,23.03,22.6,22.6,-0.64,-2.75%,8700
EML,2025-05-29,22.96,23.105,22.96,23,0.4,+1.77%,8100
EML,2025-05-30,22.95,23,22.37,22.37,-0.63,-2.74%,8500
EML,2025-06-02,22.12,22.46,21.9,22.01,-0.36,-1.61%,10600
EML,2025-06-03,22.04,22.78,22.01,22.78,0.77,+3.50%,6900
EML,2025-06-04,22.6175,22.82,22.6175,22.78,0,0.00%,5200
EML,2025-06-05,22.65,22.65,22.03,22.2,-0.58,-2.55%,9400
EML,2025-06-06,22.56,23.63,22.4899,23.58,1.38,+6.22%,6200
EML,2025-06-09,22.63,23.1,22.63,22.83,-0.75,-3.18%,9000
EML,2025-06-10,23.13,23.47,23.12,23.44,0.61,+2.67%,5900
EML,2025-06-11,23.37,23.66,23.35,23.6,0.16,+0.68%,12000
EML,2025-06-12,23.55,23.76,23.4,23.64,0.04,+0.17%,5900
EML,2025-06-13,23.42,23.42,23.25,23.36,-0.28,-1.18%,6100
EML,2025-06-16,23.58,23.77,23.53,23.53,0.17,+0.73%,5000
EML,2025-06-17,22.2775,23.5,22.2775,23.04,-0.49,-2.08%,6000
EML,2025-06-18,22.98,23.42,22.975,23.42,0.38,+1.65%,4600
EML,2025-06-20,23.57,23.63,23.11,23.11,-0.31,-1.32%,16300
EML,2025-06-23,23.1,23.33,23,23.14,0.03,+0.13%,8300
EML,2025-06-24,23.1,23.38,23,23.15,0.01,+0.04%,7000
EML,2025-06-25,23.3855,23.3855,22.72,22.72,-0.43,-1.86%,3700
EML,2025-06-26,23.045,23.215,23,23,0.28,+1.23%,5600
EML,2025-06-27,23.11,23.51,23.05,23.36,0.36,+1.57%,98300
EML,2025-06-30,23.39,23.79,22.8,22.82,-0.54,-2.31%,11600
EML,2025-07-01,22.03,23.495,21.782,23.05,0.23,+1.01%,10700
EML,2025-07-02,23.36,23.83,23.36,23.52,0.47,+2.04%,8200
EML,2025-07-03,23.48,23.7,23.42,23.7,0.18,+0.77%,6400
EML,2025-07-07,23.57,23.775,23.53,23.6,-0.1,-0.42%,8700
EML,2025-07-08,23.65,24.695,23.65,24,0.4,+1.69%,10200
EML,2025-07-09,24.11,24.4,24.11,24.4,0.4,+1.67%,4300
EML,2025-07-10,24.28,24.51,24.04,24.49,0.09,+0.37%,6200
EML,2025-07-11,24.49,24.5747,24.21,24.24,-0.25,-1.02%,7300
EML,2025-07-14,24.05,24.38,23.55,24.04,-0.2,-0.83%,9500
EML,2025-07-15,23.71,23.81,23.28,23.44,-0.6,-2.50%,7200
EML,2025-07-16,23.26,23.72,23.05,23.3,-0.14,-0.60%,11600
EML,2025-07-17,23.38,23.55,23,23.11,-0.19,-0.82%,19400
EML,2025-07-18,23.23,23.35,22.75,22.75,-0.36,-1.56%,18400
EML,2025-07-21,23,23.02,22.55,22.57,-0.18,-0.79%,12800
EML,2025-07-22,22.73,23.41,22.73,23.37,0.8,+3.54%,8900
EML,2025-07-23,23.35,23.66,23.33,23.66,0.29,+1.24%,3900
EML,2025-07-24,23.67,23.795,23.21,23.21,-0.45,-1.90%,3400
EML,2025-07-25,23.37,23.6499,23.25,23.25,0.04,+0.17%,2400
EML,2025-07-28,23.3,23.6999,23.3,23.51,0.26,+1.12%,5900
EML,2025-07-29,23.5,23.54,23.4,23.5,-0.01,-0.04%,5700
EML,2025-07-30,23.5,23.5,22.27,22.77,-0.73,-3.11%,7800
EML,2025-07-31,22.5745,23.07,22.5745,23.05,0.28,+1.23%,7000
EML,2025-08-01,22.69,22.69,22.03,22.03,-1.02,-4.43%,8000
EML,2025-08-04,22.01,22.5,22.01,22.33,0.3,+1.36%,4700
EML,2025-08-05,22.42,22.51,22.3,22.51,0.18,+0.81%,6200
EML,2025-08-06,22.3,23.15,22.29,22.29,-0.22,-0.98%,5200
EML,2025-08-07,22.3,22.3,22.3,22.3,0.01,+0.04%,2100
EML,2025-08-08,22.54,22.54,22.54,22.54,0.24,+1.08%,1600
EML,2025-08-11,22.21,22.85,22.21,22.64,0.1,+0.44%,5500
EML,2025-08-12,22.51,23.81,22.51,23.81,1.17,+5.17%,7600
EML,2025-08-13,23.9,24.28,23.9,24.09,0.28,+1.18%,6700
EML,2025-08-14,24.12,24.13,22.86,23.31,-0.78,-3.24%,14400
EML,2025-08-15,23.31,23.495,21.5,21.52,-1.79,-7.68%,60500
EML,2025-08-18,21.85,23.385,21.85,22.59,1.07,+4.97%,18700
EML,2025-08-19,23,23,22.14,22.14,-0.45,-1.99%,12500
EML,2025-08-20,22.8,23.5784,22.51,23.35,1.21,+5.47%,11900
EML,2025-08-21,23.35,23.365,22.27,22.27,-1.08,-4.63%,7300
EML,2025-08-22,22.56,24.43,22.56,24.29,2.02,+9.07%,21300
EML,2025-08-25,24.5,24.5,23.61,23.61,-0.68,-2.80%,9200
EML,2025-08-26,23.68,24.2587,23.54,23.64,0.03,+0.13%,7600
EML,2025-08-27,23.9,24.3797,23.89,24.05,0.41,+1.73%,6600
EML,2025-08-28,24.5,24.5,23.51,23.57,-0.48,-2.00%,5400
EML,2025-08-29,23.6962,24.1499,23.69,23.76,0.19,+0.81%,10600
EML,2025-09-02,23.48,24.5,23.48,24.02,0.26,+1.09%,8500
EML,2025-09-03,24.02,24.02,23.11,23.11,-0.91,-3.79%,10900
EML,2025-09-04,23.9,24.16,23.64,24.09,0.98,+4.24%,6800
EML,2025-09-05,23.8,24.2,23.5388,23.96,-0.13,-0.54%,5400
EML,2025-09-08,23.77,24.5,23.7011,24.07,0.11,+0.46%,4600
EML,2025-09-09,23.82,24.56,23.5,24.25,0.18,+0.75%,33600
EML,2025-09-10,24.64,24.64,24.09,24.14,-0.11,-0.45%,4400
EML,2025-09-11,24.65,25.25,24.495,25.25,1.11,+4.60%,13100
EML,2025-09-12,25.25,25.46,25.1,25.39,0.14,+0.55%,4400
EML,2025-09-15,25.43,25.45,24.98,24.98,-0.41,-1.61%,25900
EML,2025-09-16,24.97,25.55,24.8885,25.38,0.4,+1.60%,6100
EML,2025-09-17,25.55,25.72,25.28,25.28,-0.1,-0.39%,10900
EML,2025-09-18,25.28,26.77,25,26.77,1.49,+5.89%,10400
EML,2025-09-19,26.54,26.54,25.31,25.46,-1.31,-4.89%,28300
EML,2025-09-22,25.56,26.13,25.0962,25.16,-0.3,-1.18%,11300
EML,2025-09-23,26.015,26.0715,24.57,24.63,-0.53,-2.11%,11500
EML,2025-09-24,25.41,25.465,24.8,24.8,0.17,+0.69%,3900
EML,2025-09-25,24.57,24.8,24.37,24.37,-0.43,-1.73%,5300
EML,2025-09-26,24.093,24.705,24.093,24.58,0.21,+0.86%,7500
EML,2025-09-29,24.12,24.2354,24,24.05,-0.53,-2.16%,23700
EML,2025-09-30,23.97,25.5,23.46,23.46,-0.59,-2.45%,5000
EML,2025-10-01,23.5,23.79,23.12,23.12,-0.34,-1.45%,9300
EML,2025-10-02,23.2501,23.371,22.55,22.55,-0.57,-2.47%,6900
EML,2025-10-03,22.741,23.2435,22.55,22.83,0.28,+1.24%,5600
EML,2025-10-06,23.06,23.06,22.21,22.29,-0.54,-2.37%,8200
EML,2025-10-07,23.025,23.025,22.21,22.21,-0.08,-0.36%,9700
EML,2025-10-08,22.1,22.655,22.07,22.2,-0.01,-0.05%,10400
EML,2025-10-09,22.38,22.505,22,22.37,0.17,+0.77%,11400
EML,2025-10-10,22,22.15,21.26,21.26,-1.11,-4.96%,14900
EML,2025-10-13,21.58,22.78,21.58,21.64,0.38,+1.79%,13200
EML,2025-10-14,21.75,22.58,21.75,22.01,0.37,+1.71%,7500
EML,2025-10-15,21.81,22.165,21.81,21.85,-0.16,-0.73%,4500
EML,2025-10-16,21.84,21.84,21.46,21.46,-0.39,-1.78%,6000
EML,2025-10-17,21.32,21.9,21.3,21.31,-0.15,-0.70%,6900
EML,2025-10-20,21.36,22.17,21.35,21.42,0.11,+0.52%,10200
EML,2025-10-21,21.41,22.25,21.41,21.88,0.46,+2.15%,8900
EML,2025-10-22,21.25,21.64,21.25,21.41,-0.47,-2.15%,9700
EML,2025-10-23,21.6,21.6,21.17,21.17,-0.24,-1.12%,4300
EML,2025-10-24,21.36,22.2258,21.0843,21.18,0.01,+0.05%,7000
EML,2025-10-27,21.3,21.8081,21.3,21.37,0.19,+0.90%,7500
EML,2025-10-28,21.2,21.33,21.2,21.2,-0.17,-0.80%,5700
EML,2025-10-29,21.24,21.56,21.21,21.27,0.07,+0.33%,8000
EML,2025-10-30,21.33,21.62,21.1,21.36,0.09,+0.42%,34000
EML,2025-10-31,21.16,21.5,21.05,21.35,-0.01,-0.05%,6500
EML,2025-11-03,21.25,21.77,21.21,21.27,-0.08,-0.37%,3900
EML,2025-11-04,21.02,21.58,21.02,21.09,-0.18,-0.85%,9700
EML,2025-11-05,21.01,21.01,20.4901,20.68,-0.41,-1.94%,8300
EML,2025-11-06,20.21,20.395,19.97,19.97,-0.71,-3.43%,8500
EML,2025-11-07,19.65,19.83,19.65,19.65,-0.32,-1.60%,14500
EML,2025-11-10,19.79,19.91,19.66,19.66,0.01,+0.05%,3900
EML,2025-11-11,19.59,20,19.06,19.07,-0.59,-3.00%,17200
EML,2025-11-12,19.15,19.725,19.15,19.72,0.65,+3.41%,13200
EML,2025-11-13,19.46,19.865,19.46,19.78,0.06,+0.30%,7300
EML,2025-11-14,19.6,19.6,19.4,19.49,-0.29,-1.47%,7000
EML,2025-11-17,19.5,19.61,19.17,19.17,-0.32,-1.64%,15200
EML,2025-11-18,19.17,19.25,18.55,18.55,-0.62,-3.23%,9500
EML,2025-11-19,18.935,19.0298,18.49,18.8,0.25,+1.35%,17800
EML,2025-11-20,19.11,19.4362,19.1,19.28,0.48,+2.55%,8900
EML,2025-11-21,19.28,20.29,19.28,20.14,0.86,+4.46%,12400
EML,2025-11-24,19.67,19.74,19.17,19.17,-0.97,-4.82%,4700
EML,2025-11-25,19.1,20.0099,19.1,19.77,0.6,+3.13%,7200
EML,2025-11-26,19.57,20.11,19.57,19.69,-0.08,-0.40%,9800
EML,2025-11-28,19.48,19.5124,19.255,19.5,-0.19,-0.96%,4100
EML,2025-12-01,19.17,19.585,18.745,18.87,-0.63,-3.23%,6700
EML,2025-12-02,19.04,19.38,18.86,18.86,-0.01,-0.05%,6300
EML,2025-12-03,18.82,19.74,18.82,19.74,0.88,+4.67%,17300
EML,2025-12-04,19.83,19.83,19.26,19.26,-0.48,-2.43%,5200
EML,2025-12-05,19.26,19.35,18.91,18.91,-0.35,-1.82%,5300
EML,2025-12-08,18.91,20.3,18.91,19.86,0.95,+5.02%,28500
EML,2025-12-09,19.8,19.95,19.55,19.74,-0.12,-0.60%,5300
EML,2025-12-10,19.83,20.24,19.77,19.95,0.21,+1.06%,13800
EML,2025-12-11,20.21,20.86,20.21,20.54,0.59,+2.96%,8800
EML,2025-12-12,20.51,20.51,19.7274,20.15,-0.39,-1.90%,15200
EML,2025-12-15,20.43,20.43,19.54,19.55,-0.6,-2.98%,11800
EML,2025-12-16,19.7,19.79,19.4,19.63,0.08,+0.41%,31500
EML,2025-12-17,19.66,19.99,19.2801,19.65,0.02,+0.10%,9400
EML,2025-12-18,19.9,20.0552,19.77,19.77,0.12,+0.61%,11200
EML,2025-12-19,19.76,20.23,19.76,20.18,0.41,+2.07%,27500
EML,2025-12-22,20,20.22,19.6,19.6,-0.58,-2.87%,10700
EML,2025-12-23,19.58,19.68,18.96,18.96,-0.64,-3.27%,19300
EML,2025-12-24,19.13,19.49,19.1,19.17,0.21,+1.11%,66400
EML,2025-12-26,19.26,20.7,19.25,20.46,1.29,+6.73%,17300
EML,2025-12-29,20.49,20.645,19.835,19.9,-0.56,-2.74%,11800
EML,2025-12-30,19.81,19.81,19.11,19.14,-0.76,-3.82%,9000
EML,2025-12-31,19.09,19.69,18.976,19.69,0.55,+2.87%,14700
EML,2026-01-02,21,21,19.325,19.63,-0.06,-0.30%,12300
EML,2026-01-05,19.71,19.75,19.13,19.13,-0.5,-2.55%,8900
EML,2026-01-06,19.13,19.13,18.61,18.67,-0.46,-2.40%,19100
EML,2026-01-07,18.52,18.545,18.16,18.23,-0.44,-2.36%,19500
EML,2026-01-08,18.11,19.0599,18.11,18.3,0.07,+0.38%,30400
EML,2026-01-09,18.31,18.925,18.1586,18.18,-0.12,-0.66%,12300
EML,2026-01-12,18.22,18.3,18.16,18.2,0.02,+0.11%,5400
EML,2026-01-13,18.17,18.224,18.01,18.02,-0.18,-0.99%,10600
EML,2026-01-14,18.12,18.6,18.12,18.32,0.3,+1.66%,10500
EML,2026-01-15,18.37,18.7025,18.34,18.55,0.23,+1.26%,12600
EML,2026-01-16,18.62,19.035,18.31,18.36,-0.19,-1.02%,10700
EML,2026-01-20,18.28,18.2865,18.02,18.02,-0.34,-1.85%,9500
EML,2026-01-21,18.07,18.205,18.02,18.175,0.155,+0.86%,8000
EML,2026-01-22,18.35,19.025,18.35,18.4,0.225,+1.24%,8700
EML,2026-01-23,18.51,18.51,18.01,18.05,-0.35,-1.90%,13600
EML,2026-01-26,18.16,19.0499,18.12,18.16,0.11,+0.61%,9300
EML,2026-01-27,18.25,18.3112,18,18,-0.16,-0.88%,15000
EML,2026-01-28,18.12,18.12,17.61,17.79,-0.21,-1.17%,22800
EML,2026-01-29,17.97,18.05,17.7,18.05,0.26,+1.46%,9800
EML,2026-01-30,17.93,18.8,17.785,18.7,0.65,+3.60%,16900
EML,2026-02-02,18.71,18.96,18.6543,18.96,0.26,+1.39%,8700
EML,2026-02-03,18.825,18.825,18.15,18.27,-0.69,-3.64%,10300
EML,2026-02-04,18.685,18.685,18.34,18.42,0.15,+0.82%,9600
EML,2026-02-05,18.44,18.61,17.78,18.32,-0.1,-0.54%,25000
EML,2026-02-06,18.6,19.95,18.405,19.47,1.15,+6.28%,39500
EML,2026-02-09,19.26,19.26,18.1918,18.84,-0.63,-3.24%,16300
EML,2026-02-10,18.97,19.38,18.97,19.15,0.31,+1.65%,12300
EML,2026-02-11,19.38,19.38,18.66,18.77,-0.38,-1.98%,8800
EML,2026-02-12,18.76,18.89,18.665,18.74,-0.03,-0.16%,7600
EML,2026-02-13,18.72,18.785,18.61,18.61,-0.13,-0.69%,6500
EML,2026-02-17,18.53,18.99,18.52,18.52,-0.09,-0.48%,11100
EML,2026-02-18,18.5,18.635,18.4,18.45,-0.07,-0.38%,15800
EML,2026-02-19,18.97,19.075,18.44,18.61,0.16,+0.87%,9900
EML,2026-02-20,18.5,18.71,18.45,18.605,-0.005,-0.03%,11700
EML,2026-02-23,18.66,18.715,18.05,18.05,-0.555,-2.98%,24900
EML,2026-02-24,18.01,18.5,18.01,18.36,0.31,+1.72%,19300
EML,2026-02-25,18.31,18.8799,18.1671,18.83,0.47,+2.56%,8300
EML,2026-02-26,18.88,19.13,18.59,18.7,-0.13,-0.69%,16100
EML,2026-02-27,18.6,18.64,18.5,18.57,-0.13,-0.70%,15600
EML,2026-03-02,18.28,18.835,18.28,18.66,0.09,+0.48%,14700
EML,2026-03-03,18.3,18.8,18.25,18.62,-0.04,-0.21%,18400
EML,2026-03-04,18.47,18.64,18.47,18.58,-0.04,-0.21%,13800
EML,2026-03-05,18.41,18.51,17.76,17.94,-0.64,-3.44%,23200
EML,2026-03-06,17.66,18.62,17.66,18.54,0.6,+3.34%,30700
EML,2026-03-09,18.5,19.125,18.3725,19.05,0.51,+2.75%,19200
EML,2026-03-10,18.83,19.55,18.83,19.15,0.1,+0.52%,26700
EML,2026-03-11,20.84,21.36,19.75,20.16,1.01,+5.27%,48900
EML,2026-03-12,20.08,20.775,20,20.58,0.42,+2.08%,20400
EML,2026-03-13,20.75,21.15,20.27,20.93,0.35,+1.70%,31100
EML,2026-03-16,21.09,21.09,20.5,20.53,-0.4,-1.91%,25700
EML,2026-03-17,20.58,20.61,20.12,20.13,-0.4,-1.95%,16100
EML,2026-03-18,20.02,20.15,20,20.14,0.01,+0.05%,17100
EML,2026-03-19,20.05,20.36,20,20.35,0.21,+1.04%,14400
EML,2026-03-20,20.35,20.4999,20.18,20.33,-0.02,-0.10%,22900
EML,2026-03-23,20.5,21.2,20.2496,21.16,0.83,+4.08%,18500
EML,2026-03-24,21.21,21.45,20.32,20.64,-0.52,-2.46%,22100
EML,2026-03-25,20.3201,20.535,19.8,19.82,-0.82,-3.97%,13800
EML,2026-03-26,19.83,20.095,19.2,19.84,0.02,+0.10%,24600
EML,2026-03-27,19.84,20,19.35,19.76,-0.08,-0.40%,10100
EML,2026-03-30,20.07,20.07,19.75,20.06,0.3,+1.52%,8000
EML,2026-03-31,20.38,20.38,19.7601,20.24,0.18,+0.90%,14200
EML,2026-04-01,20.36,20.635,20.25,20.4,0.16,+0.79%,14100
EML,2026-04-02,20.4,20.82,20.19,20.67,0.27,+1.32%,15200
EML,2026-04-06,20.84,20.95,20.75,20.86,0.19,+0.92%,8100
EML,2026-04-07,20.86,21,20.67,20.8,-0.06,-0.29%,10200
EML,2026-04-08,21.22,21.335,20.7,21.19,0.39,+1.88%,12900
EML,2026-04-09,21.13,21.705,21.13,21.7,0.51,+2.41%,8700
EML,2026-04-10,21.5,21.805,21.5,21.73,0.03,+0.14%,11500
EML,2026-04-13,21.7,22.44,21.28,22.28,0.55,+2.53%,14700
EML,2026-04-14,22.28,22.4399,21.725,21.82,-0.46,-2.06%,9000
EML,2026-04-15,21.85,22.69,21.7205,22.34,0.52,+2.38%,22200
EML,2026-04-16,22.16,22.325,21.612,21.99,-0.35,-1.57%,17800
EML,2026-04-17,22.27,22.73,21.88,22.43,0.44,+2.00%,8900
EML,2026-04-20,22.5,22.5,22,22.02,-0.41,-1.83%,11500
EML,2026-04-21,22.01,22.09,21.67,21.84,-0.18,-0.82%,7400
EML,2026-04-22,21.97,22.6216,21.7702,21.85,0.01,+0.05%,13400
EML,2026-04-23,22.06,22.45,21.88,22,0.15,+0.69%,6800
EML,2026-04-24,22,22.155,21.86,22.025,0.025,+0.11%,21200
EMPD,2021-10-06,12974400,22320000,10252800,15638400,15638377.975,"+71,002,851.19%",4
EMPD,2021-10-07,15767999,18403056,11563200,12528000,-3110400.,-19.89%,1
EMPD,2021-10-08,13190400,17136000,12830400,13147200,619200,+4.94%,1
EMPD,2021-10-11,14457600,15364801,13161600,13363200,216000,+1.64%,1
EMPD,2021-10-12,12960000,13320000,12211199,12528000,-835200.,-6.25%,0
EMPD,2021-10-13,12225600,12427200,9950400,11260800,-1267200.,-10.11%,0
EMPD,2021-10-14,11088000,11491200,10108800,11016000,-244800.,-2.17%,0
EMPD,2021-10-15,10944000,12499200,10843200,11923200,907200,+8.24%,0
EMPD,2021-10-18,12427200,14356799,11376000,13320000,1396800,+11.71%,0
EMPD,2021-10-19,13420800,13953457,12240000,13190400,-129600.,-0.97%,0
EMPD,2021-10-20,13348801,13651199,12312000,12513599,-676801.,-5.13%,0
EMPD,2021-10-21,12715200,12931199,11880000,12715200,201601,+1.61%,0
EMPD,2021-10-22,12657600,13535999,12052800,13392000,676800,+5.32%,0
EMPD,2021-10-25,13737600,16934400,13420800,15998399,2606399,+19.46%,0
EMPD,2021-10-26,15912000,17035200,14731198,16459199,460800,+2.88%,0
EMPD,2021-10-27,16416000,23904000,15969599,18878400,2419201,+14.70%,1
EMPD,2021-10-28,19440000,21425184,16992000,18072000,-806400.,-4.27%,0
EMPD,2021-10-29,17496000,19123200,15998399,17913600,-158400.,-0.88%,0
EMPD,2021-11-01,18504000,18619200,17712000,18360000,446400,+2.49%,0
EMPD,2021-11-02,18102240,18309600,17107200,17452800,-907200.,-4.94%,0
EMPD,2021-11-03,17712000,17825472,16574400,17208000,-244800.,-1.40%,0
EMPD,2021-11-04,17539200,21427200,17539200,21427200,4219200,+24.52%,0
EMPD,2021-11-05,21456000,23760000,20448000,23616000,2188800,+10.22%,0
EMPD,2021-11-08,23616000,24824738,20966400,21729600,-1886400.,-7.99%,0
EMPD,2021-11-09,22449600,23328002,20592144,21499200,-230400.,-1.06%,0
EMPD,2021-11-10,21787200,21801600,19454400,20174400,-1324800.,-6.16%,0
EMPD,2021-11-11,20318400,21023856,19008000,19900800,-273600.,-1.36%,0
EMPD,2021-11-12,19728000,20116800,15955200,16920000,-2980800.,-14.98%,0
EMPD,2021-11-15,17654400,20102400,17640000,19699200,2779200,+16.43%,0
EMPD,2021-11-16,20304000,21844800,20304000,21312000,1612800,+8.19%,0
EMPD,2021-11-17,23040000,23846400,19900800,21110400,-201600.,-0.95%,0
EMPD,2021-11-18,20707200,25862398,20304000,23731200,2620800,+12.41%,0
EMPD,2021-11-19,24465600,25056000,21412800,23328002,-403198.,-1.70%,0
EMPD,2021-11-22,24321600,25171200,23054400,23659200,331198,+1.42%,0
EMPD,2021-11-23,23428800,24379054,21096144,21600000,-2059200.,-8.70%,0
EMPD,2021-11-24,21772800,22291056,21254400,22060800,460800,+2.13%,0
EMPD,2021-11-26,21096000,22968000,20419200,22680000,619200,+2.81%,0
EMPD,2021-11-29,23328002,23673600,21960000,23083200,403200,+1.78%,0
EMPD,2021-11-30,22694400,23040000,20332800,22608000,-475200.,-2.06%,0
EMPD,2021-12-01,22752000,23040000,20448000,20851200,-1756800.,-7.77%,0
EMPD,2021-12-02,21139200,21333600,18576000,20952000,100800,+0.48%,0
EMPD,2021-12-03,20520000,20828448,18662400,19094400,-1857600.,-8.87%,0
EMPD,2021-12-06,20160000,20160000,17107200,17582400,-1512000.,-7.92%,0
EMPD,2021-12-07,17668800,18178128,16603200,17164800,-417600.,-2.38%,0
EMPD,2021-12-08,17452800,17841600,16199999,17222400,57600,+0.34%,0
EMPD,2021-12-09,17020800,17354448,15264001,15393599,-1828801.,-10.62%,0
EMPD,2021-12-10,15696000,16588802,15480000,16444799,1051200,+6.83%,0
EMPD,2021-12-13,16272001,17265600,13392000,13593599,-2851200.,-17.34%,0
EMPD,2021-12-14,13392000,13968001,13147344,13780800,187201,+1.38%,0
EMPD,2021-12-15,13564800,14756112,11592000,14615999,835199,+6.06%,0
EMPD,2021-12-16,14673599,14673599,12024001,12585600,-2030399.,-13.89%,0
EMPD,2021-12-17,12225600,12412800,11462400,11462400,-1123200.,-8.92%,0
EMPD,2021-12-20,11462400,11779056,10310400,10987200,-475200.,-4.15%,0
EMPD,2021-12-21,10771200,13190400,10597680,13075200,2088000,+19.00%,0
EMPD,2021-12-22,12988801,13118400,12384001,12772800,-302400.,-2.31%,0
EMPD,2021-12-23,12441600,12591361,11952000,12297600,-475200.,-3.72%,0
EMPD,2021-12-27,12268801,13910399,12254400,13420800,1123200,+9.13%,0
EMPD,2021-12-28,13521600,13627440,12686401,13118400,-302400.,-2.25%,0
EMPD,2021-12-29,12916800,13939199,12756960,13852800,734400,+5.60%,0
EMPD,2021-12-30,14040000,15811199,13608000,15523199,1670399,+12.06%,0
EMPD,2021-12-31,15552001,15796801,15033600,15552001,28802,+0.19%,0
EMPD,2022-01-03,15566401,15840000,15076799,15840000,287999,+1.85%,0
EMPD,2022-01-04,15840000,16747201,15494400,15854400,14400,+0.09%,0
EMPD,2022-01-05,15912000,15912000,14169601,14760000,-1094400.,-6.90%,0
EMPD,2022-01-06,14342400,15148800,13795200,14889601,129601,+0.88%,0
EMPD,2022-01-07,14702400,14817599,13752001,13752001,-1137600.,-7.64%,0
EMPD,2022-01-10,13392000,14175504,12398400,13737600,-14401.,-0.10%,0
EMPD,2022-01-11,13204800,14760000,13183200,14328000,590400,+4.30%,0
EMPD,2022-01-12,14644801,14803200,13968001,14299200,-28800.,-0.20%,0
EMPD,2022-01-13,14198401,15091199,13795200,14184001,-115199.,-0.81%,0
EMPD,2022-01-14,13968001,14399999,12398400,12974400,-1209601.,-8.53%,0
EMPD,2022-01-18,12657600,12960000,11592000,11880000,-1094400.,-8.44%,0
EMPD,2022-01-19,12067200,12470400,10713600,10886400,-993600.,-8.36%,0
EMPD,2022-01-20,11203200,11995200,10224000,10382400,-504000.,-4.63%,0
EMPD,2022-01-21,10540800,11232576,9835200,10396800,14400,+0.14%,0
EMPD,2022-01-24,10008000,10281600,9115200,9921600,-475200.,-4.57%,0
EMPD,2022-01-25,9720000,9921600,9295200,9820800,-100800.,-1.02%,0
EMPD,2022-01-26,9057600,9172800,6840000,7329600.5,-2491199.5,-25.37%,0
EMPD,2022-01-27,7243200,7243200,5385600,5443200,-1886400.5,-25.74%,0
EMPD,2022-01-28,6206400,6364800,3945599.8,4291200,-1152000.,-21.16%,1
EMPD,2022-01-31,4233600,4320000,4176000.2,4276800,-14400.,-0.34%,0
EMPD,2022-02-01,4320000,4406400,4046400,4276800,0,0.00%,0
EMPD,2022-02-02,4291200,4291200,3902400,3974400,-302400.,-7.07%,0
EMPD,2022-02-03,4032000,4391424,3787200,3888000.2,-86399.8,-2.17%,0
EMPD,2022-02-04,3916800,3916800,3643200,3902400,14399.8,+0.37%,0
EMPD,2022-02-07,3960000,3960000,3182400,3254400,-648000.,-16.61%,0
EMPD,2022-02-08,3196800,3340800,2980800,3139200,-115200.,-3.54%,0
EMPD,2022-02-09,3153600,3312000,3110400,3312000,172800,+5.50%,0
EMPD,2022-02-10,3326400,3653712.2,3196800,3254400,-57600.,-1.74%,0
EMPD,2022-02-11,3254400,3439727.8,2836800,2851200,-403200.,-12.39%,0
EMPD,2022-02-14,2836800,2865600,2678400,2808000,-43200.,-1.52%,0
EMPD,2022-02-15,3023999.8,4161600.2,2880000,3715199.8,907199.8,+32.31%,2
EMPD,2022-02-16,3743999.5,3931200,3312000,3499200,-215999.8,-5.81%,0
EMPD,2022-02-17,3528000,3945599.8,3441600,3801600.5,302400.5,+8.64%,0
EMPD,2022-02-18,3787200,3916800,3513744.2,3787200,-14400.5,-0.38%,0
EMPD,2022-02-22,3599999.8,3801600.5,3168000,3182400,-604800.,-15.97%,0
EMPD,2022-02-23,3312000,3361968.2,3009600,3009600,-172800.,-5.43%,0
EMPD,2022-02-24,2908800,2931408,2649600,2880000,-129600.,-4.31%,0
EMPD,2022-02-25,2995200,2995200,2808000,2880000,0,0.00%,0
EMPD,2022-02-28,2894400,2995200,2692800,2692800,-187200.,-6.50%,0
EMPD,2022-03-01,2808000,2851200,2592000,2750400,57600,+2.14%,0
EMPD,2022-03-02,2692800,2779200,2592000,2649600,-100800.,-3.66%,0
EMPD,2022-03-03,2764800,2808000,2562336,2707200,57600,+2.17%,0
EMPD,2022-03-04,2779200,2779200,2476800,2563200,-144000.,-5.32%,0
EMPD,2022-03-07,2505600,2966400,2476800,2923200,360000,+14.04%,0
EMPD,2022-03-08,2995200,3168000,2764800,3023999.8,100799.8,+3.45%,0
EMPD,2022-03-09,3096000.2,3592799.8,3096000.2,3499200,475200.2,+15.71%,0
EMPD,2022-03-10,3369600,4017600,3369600,4003200.2,504000.2,+14.40%,0
EMPD,2022-03-11,3988800,4075200,3484799.8,3614400,-388800.2,-9.71%,0
EMPD,2022-03-14,3614400,4032000,3528000,3614400,0,0.00%,0
EMPD,2022-03-15,3571200,3859200,3470400,3672000,57600,+1.59%,0
EMPD,2022-03-16,3686400,4046400,3686400,3960000,288000,+7.84%,0
EMPD,2022-03-17,4017600,4248000,3960000,4147200.5,187200.5,+4.73%,0
EMPD,2022-03-18,4161600.2,4464000,3844800,3859200,-288000.5,-6.94%,0
EMPD,2022-03-21,4204800,4305600,3891023.8,4262400,403200,+10.45%,0
EMPD,2022-03-22,4348800,4464000,4060799.8,4176000.2,-86399.8,-2.03%,0
EMPD,2022-03-23,4176000.2,4176000.2,3628800,3787200,-388800.2,-9.31%,0
EMPD,2022-03-24,3888000.2,3902400,2995200,3110400,-676800.,-17.87%,0
EMPD,2022-03-25,3124800,3124800,2921040,3009600,-100800.,-3.24%,0
EMPD,2022-03-28,3009600,3077712,2563200,2923200,-86400.,-2.87%,0
EMPD,2022-03-29,2923200,2980800,2779200,2865600,-57600.,-1.97%,0
EMPD,2022-03-30,2880000,3096000.2,2793600,2880000,14400,+0.50%,0
EMPD,2022-03-31,2937600,3023999.8,2736000,2750400,-129600.,-4.50%,0
EMPD,2022-04-01,2966400,2966400,2678400,2750400,0,0.00%,0
EMPD,2022-04-04,2808000,2851200,2692800,2793600,43200,+1.57%,0
EMPD,2022-04-05,2793600,2793600,2548800,2592000,-201600.,-7.22%,0
EMPD,2022-04-06,2606400,2606400,2462400,2520000,-72000.,-2.78%,0
EMPD,2022-04-07,2548800,2592000,2289600,2318400,-201600.,-8.00%,0
EMPD,2022-04-08,2318400,2448000,2253600,2304000,-14400.,-0.62%,0
EMPD,2022-04-11,2332800,2462400,2044800,2088000.1,-215999.9,-9.37%,0
EMPD,2022-04-12,2044800,2188800,1987200,1987200,-100800.1,-4.83%,0
EMPD,2022-04-13,2016000,2116800,1958400,2116800,129600,+6.52%,0
EMPD,2022-04-14,2217600,2217600,1900800.2,1958400,-158400.,-7.48%,0
EMPD,2022-04-18,1958400,2232000,1857599.9,2160000,201600,+10.29%,0
EMPD,2022-04-19,2116800,2217600,2073600.2,2160000,0,0.00%,0
EMPD,2022-04-20,2145600,2145600,2016000,2116800,-43200.,-2.00%,0
EMPD,2022-04-21,2217600,2286720,1944000.1,2016000,-100800.,-4.76%,0
EMPD,2022-04-22,2059199.9,2145600,1944000.1,2030399.9,14399.9,+0.71%,0
EMPD,2022-04-25,1958400,2088000.1,1919663.9,2088000.1,57600.2,+2.84%,0
EMPD,2022-04-26,2073600.2,2145600,2016000,2059199.9,-28800.2,-1.38%,0
EMPD,2022-04-27,2145600,2145600,2059199.9,2088000.1,28800.2,+1.40%,0
EMPD,2022-04-28,2145600,2145600,2059199.9,2116800,28799.9,+1.38%,0
EMPD,2022-04-29,2088000.1,2260800,2073600.2,2217600,100800,+4.76%,0
EMPD,2022-05-02,2332800,2361600,2188800,2275200,57600,+2.60%,0
EMPD,2022-05-03,2275200,2275200,2160000,2275200,0,0.00%,0
EMPD,2022-05-04,2304000,2304000,2059199.9,2275200,0,0.00%,0
EMPD,2022-05-05,2217600,2260800,2016000,2160000,-115200.,-5.06%,0
EMPD,2022-05-06,2131200,2174400,2066399.9,2131200,-28800.,-1.33%,0
EMPD,2022-05-09,2088000.1,2088000.1,1886399.9,1929600,-201600.,-9.46%,0
EMPD,2022-05-10,1944000.1,1987200,1728000.2,1742399.9,-187200.1,-9.70%,0
EMPD,2022-05-11,1756800,1843200,1612800,1627200,-115199.9,-6.61%,0
EMPD,2022-05-12,1483200,1641600,1368144,1483200,-144000.,-8.85%,0
EMPD,2022-05-13,2088000.1,2088000.1,1684800,1799999.9,316799.9,+21.36%,0
EMPD,2022-05-16,1641600,1799999.9,1598400,1684800,-115199.9,-6.40%,0
EMPD,2022-05-17,1699199.9,1713600.1,1584000,1699199.9,14399.9,+0.85%,0
EMPD,2022-05-18,1713600.1,1713600.1,1584000,1584000,-115199.9,-6.78%,0
EMPD,2022-05-19,1656000,1814400,1584000,1756800,172800,+10.91%,0
EMPD,2022-05-20,1900800.2,1900800.2,1584000,1699199.9,-57600.1,-3.28%,0
EMPD,2022-05-23,1742399.9,1799855.9,1728000.2,1785600,86400.1,+5.08%,0
EMPD,2022-05-24,1828800.1,1828800.1,1668384,1713600.1,-71999.9,-4.03%,0
EMPD,2022-05-25,1756800,1785600,1684800,1785600,71999.9,+4.20%,0
EMPD,2022-05-26,1728000.2,1857599.9,1713600.1,1728000.2,-57599.8,-3.23%,0
EMPD,2022-05-27,1728000.2,1915199.9,1526399.9,1857599.9,129599.7,+7.50%,0
EMPD,2022-05-31,1944000.1,1972799.9,1820880.1,1958400,100800.1,+5.43%,0
EMPD,2022-06-01,1972799.9,1987200,1814400,1843200,-115200.,-5.88%,0
EMPD,2022-06-02,1843200,1915199.9,1843200,1915199.9,71999.9,+3.91%,0
EMPD,2022-06-03,1900800.2,1915199.9,1728000.2,1756800,-158399.9,-8.27%,0
EMPD,2022-06-06,1843200,2059199.9,1843200,1886399.9,129599.9,+7.38%,0
EMPD,2022-06-07,1972799.9,2088000.1,1886399.9,2016000,129600.1,+6.87%,0
EMPD,2022-06-08,2016000,2088000.1,1944000.1,2030399.9,14399.9,+0.71%,0
EMPD,2022-06-09,2030399.9,2030399.9,1871999.8,1915199.9,-115200.,-5.67%,0
EMPD,2022-06-10,1900800.2,1927296,1742399.9,1771200.1,-143999.8,-7.52%,0
EMPD,2022-06-13,1756800,1900800.2,1713600.1,1785600,14399.9,+0.81%,0
EMPD,2022-06-14,1756800,1843055.9,1670400,1684800,-100800.,-5.65%,0
EMPD,2022-06-15,1756800,1785456,1641600,1684800,0,0.00%,0
EMPD,2022-06-16,1641600,1742399.9,1627200,1670400,-14400.,-0.85%,0
EMPD,2022-06-17,1656000,1785600,1641600,1656000,-14400.,-0.86%,0
EMPD,2022-06-21,1684800,1771200.1,1684800,1713600.1,57600.1,+3.48%,0
EMPD,2022-06-22,1656000,1742399.9,1656000,1656000,-57600.1,-3.36%,0
EMPD,2022-06-23,1713600.1,1713600.1,1656000,1684800,28800,+1.74%,0
EMPD,2022-06-24,1713600.1,1886399.9,1684800,1886399.9,201599.9,+11.97%,0
EMPD,2022-06-27,1886399.9,1944000.1,1756800,1814400,-71999.9,-3.82%,0
EMPD,2022-06-28,1728000.2,1857599.9,1728000.2,1828800.1,14400.1,+0.79%,0
EMPD,2022-06-29,1828800.1,2102400,1799999.9,2088000.1,259200,+14.17%,0
EMPD,2022-06-30,2116800,2764800,2088000.1,2649600,561599.9,+26.90%,0
EMPD,2022-07-01,2808000,2808000,2376000,2448000,-201600.,-7.61%,0
EMPD,2022-07-05,2347200,2404512,1944000.1,1958400,-489600.,-20.00%,0
EMPD,2022-07-06,1972799.9,2145456,1960128.1,2030399.9,71999.9,+3.68%,0
EMPD,2022-07-07,2174400,2217600,2030399.9,2217600,187200.1,+9.22%,0
EMPD,2022-07-08,2188800,2318400,2088000.1,2304000,86400,+3.90%,0
EMPD,2022-07-11,2318400,3700800,2246400,3225600,921600,+40.00%,38
EMPD,2022-07-12,3009600,3182400,2606400,2635200,-590400.,-18.30%,2
EMPD,2022-07-13,2520000,2713536,2390400,2476800,-158400.,-6.01%,0
EMPD,2022-07-14,2433600,2520000,2304000,2361600,-115200.,-4.65%,0
EMPD,2022-07-15,2419200,2448000,2116800,2203200,-158400.,-6.71%,0
EMPD,2022-07-18,2203200,2433600,2188944,2260800,57600,+2.61%,0
EMPD,2022-07-19,2304000,2318400,2145600,2160000,-100800.,-4.46%,0
EMPD,2022-07-20,2160000,2260800,2088000.1,2217600,57600,+2.67%,0
EMPD,2022-07-21,2217600,2390400,2116800,2376000,158400,+7.14%,0
EMPD,2022-07-22,2361600,2376000,2174400,2289600,-86400.,-3.64%,0
EMPD,2022-07-25,2232000,2347200,2152800,2260800,-28800.,-1.26%,0
EMPD,2022-07-26,2289600,2290752,2188800,2232000,-28800.,-1.27%,0
EMPD,2022-07-27,2260800,2347200,2167200,2332800,100800,+4.52%,0
EMPD,2022-07-28,2347200,2563200,2246400,2520000,187200,+8.02%,0
EMPD,2022-07-29,2620800,2620800,2361600,2419200,-100800.,-4.00%,0
EMPD,2022-08-01,2404800,2519856,2347200,2476800,57600,+2.38%,0
EMPD,2022-08-02,2376000,2592000,2361600,2563200,86400,+3.49%,0
EMPD,2022-08-03,2592000,2692800,2448000,2635200,72000,+2.81%,0
EMPD,2022-08-04,2692800,2692800,2520000,2635200,0,0.00%,0
EMPD,2022-08-05,2692800,2707200,2462400,2692800,57600,+2.19%,0
EMPD,2022-08-08,2707200,2779200,2649600,2678400,-14400.,-0.53%,0
EMPD,2022-08-09,2678400,2692800,2520000,2592000,-86400.,-3.23%,0
EMPD,2022-08-10,2606400,2908800,2577600,2808000,216000,+8.33%,0
EMPD,2022-08-11,2865600,2966400,2692800,2793600,-14400.,-0.51%,0
EMPD,2022-08-12,3225600,3801600.5,2851200,3038399.8,244799.8,+8.76%,8
EMPD,2022-08-15,3081600.2,3081600.2,2822400,2894400,-143999.8,-4.74%,0
EMPD,2022-08-16,2966400,2980800,2620800,2937600,43200,+1.49%,0
EMPD,2022-08-17,2880000,2945952,2750400,2822400,-115200.,-3.92%,0
EMPD,2022-08-18,2793600,2808144,2620800,2649600,-172800.,-6.12%,0
EMPD,2022-08-19,4377600,4809600,3369600,3484799.8,835199.8,+31.52%,79
EMPD,2022-08-22,3067200.2,3076416,2707200,2836800,-647999.8,-18.60%,3
EMPD,2022-08-23,2851200,3268944.2,2808000,3182400,345600,+12.18%,1
EMPD,2022-08-24,3240000,3643200,3211200,3513600,331200,+10.41%,1
EMPD,2022-08-25,3657600.2,4219200,3528000,4075200,561600,+15.98%,2
EMPD,2022-08-26,3902400,4046256.2,3398399.8,3844800,-230400.,-5.65%,1
EMPD,2022-08-29,3729600,3931200,3556800,3801600.5,-43199.5,-1.12%,0
EMPD,2022-08-30,3787200,4536000,3686400,4262400,460799.5,+12.12%,2
EMPD,2022-08-31,4190400,4883616,4118399.8,4377600,115200,+2.70%,1
EMPD,2022-09-01,4392000,4968000,3961584,4204800,-172800.,-3.95%,2
EMPD,2022-09-02,4176000.2,4320000,3758400,3888000.2,-316799.8,-7.53%,0
EMPD,2022-09-06,4003200.2,4003200.2,3556800,3599999.8,-288000.4,-7.41%,0
EMPD,2022-09-07,3599999.8,4088016,3168000,3988800,388800.2,+10.80%,0
EMPD,2022-09-08,4075200,4435200,3931632,4075200,86400,+2.17%,0
EMPD,2022-09-09,4176000.2,4262400,3916800,3988800,-86400.,-2.12%,0
EMPD,2022-09-12,4032000,4032000,3844800,3859200,-129600.,-3.25%,0
EMPD,2022-09-13,3816000.2,3930336,3614400,3873600,14400,+0.37%,0
EMPD,2022-09-14,3686400,3830399.8,3546287.8,3599999.8,-273600.2,-7.06%,0
EMPD,2022-09-15,3528000,3715199.8,3456000.5,3628800,28800.2,+0.80%,0
EMPD,2022-09-16,3456000.5,3715199.8,3456000.5,3686400,57600,+1.59%,0
EMPD,2022-09-19,3672000,3741984,3542400.2,3657600.2,-28799.8,-0.78%,0
EMPD,2022-09-20,3599999.8,3657600.2,3456000.5,3643200,-14400.2,-0.39%,0
EMPD,2022-09-21,3700800,3700800,3499200,3556800,-86400.,-2.37%,0
EMPD,2022-09-22,3571200,3571200,3342960,3412799.8,-144000.2,-4.05%,0
EMPD,2022-09-23,3383999.8,3441600,3240000,3383999.8,-28800.,-0.84%,0
EMPD,2022-09-26,3456000.5,3686400,2908800,2952000,-431999.8,-12.77%,0
EMPD,2022-09-27,2995200,3052799.8,2707200,2736000,-216000.,-7.32%,0
EMPD,2022-09-28,2851200,2995056,2750400,2894400,158400,+5.79%,0
EMPD,2022-09-29,2894400,2966400,2664000,2736000,-158400.,-5.47%,0
EMPD,2022-09-30,2721600,2880000,2721600,2836800,100800,+3.68%,0
EMPD,2022-10-03,2822400,2937600,2736000,2865600,28800,+1.02%,0
EMPD,2022-10-04,2822400,3052799.8,2822400,3009600,144000,+5.03%,0
EMPD,2022-10-05,3023999.8,3038399.8,2721600,2937600,-72000.,-2.39%,0
EMPD,2022-10-06,2937600,2959200,2750400,2865600,-72000.,-2.45%,0
EMPD,2022-10-07,2836800,2880000,2721600,2836800,-28800.,-1.01%,0
EMPD,2022-10-10,2865600,2865600,2721600,2772000,-64800.,-2.28%,0
EMPD,2022-10-11,2721600,2786400,2570400,2606400,-165600.,-5.97%,0
EMPD,2022-10-12,2678400,2678400,2304000,2419200,-187200.,-7.18%,0
EMPD,2022-10-13,2419200,2476800,2232000,2390400,-28800.,-1.19%,0
EMPD,2022-10-14,2476800,2476800,2289600,2318400,-72000.,-3.01%,0
EMPD,2022-10-17,2318400,2476800,2318400,2433600,115200,+4.97%,0
EMPD,2022-10-18,2448000,2520000,2376000,2404800,-28800.,-1.18%,0
EMPD,2022-10-19,2390400,2433600,2376000,2390400,-14400.,-0.60%,0
EMPD,2022-10-20,2390400,2517120,2376000,2433600,43200,+1.81%,0
EMPD,2022-10-21,2433600,2433744,2318400,2347200,-86400.,-3.55%,0
EMPD,2022-10-24,2419200,2462400,2232000,2304000,-43200.,-1.84%,0
EMPD,2022-10-25,2260800,2429568,2260800,2376000,72000,+3.13%,0
EMPD,2022-10-26,2361600,2404800,2282400,2318400,-57600.,-2.42%,0
EMPD,2022-10-27,2318400,2404656,2232000,2260800,-57600.,-2.48%,0
EMPD,2022-10-28,2289600,2311200,2088000.1,2188800,-72000.,-3.18%,0
EMPD,2022-10-31,2160000,2212416,2088000.1,2116800,-72000.,-3.29%,0
EMPD,2022-11-01,2145600,2160000,2030399.9,2030399.9,-86400.1,-4.08%,0
EMPD,2022-11-02,2102400,2102400,1850400,1900800.2,-129599.7,-6.38%,0
EMPD,2022-11-03,1944000.1,2016000,1886256.1,1972799.9,71999.7,+3.79%,0
EMPD,2022-11-04,2001600.1,2073600.2,1920384.2,2016000,43200.1,+2.19%,0
EMPD,2022-11-07,2044800,2185920,2016000,2088000.1,72000.1,+3.57%,0
EMPD,2022-11-08,2145600,2145600,1980000,2030399.9,-57600.2,-2.76%,0
EMPD,2022-11-09,2030399.9,2030399.9,1756800,1828800.1,-201599.8,-9.93%,0
EMPD,2022-11-10,2001600.1,2001600.1,1843200,1886399.9,57599.8,+3.15%,0
EMPD,2022-11-11,1929600,1972799.9,1814400,1929600,43200.1,+2.29%,0
EMPD,2022-11-14,1886399.9,1929600,1871999.8,1900800.2,-28799.8,-1.49%,0
EMPD,2022-11-15,1972799.9,1987200,1857599.9,1929600,28799.8,+1.52%,0
EMPD,2022-11-16,1929600,1929600,1785600,1843200,-86400.,-4.48%,0
EMPD,2022-11-17,1828800.1,1828800.1,1684800,1728000.2,-115199.8,-6.25%,0
EMPD,2022-11-18,1728000.2,1756800,1641600,1656000,-72000.2,-4.17%,0
EMPD,2022-11-21,1684800,1684800,1555200,1598400,-57600.,-3.48%,0
EMPD,2022-11-22,1569600,1584000,1526399.9,1540800.1,-57599.9,-3.60%,0
EMPD,2022-11-23,1555200,1569456,1511999.9,1540800.1,0,0.00%,0
EMPD,2022-11-25,1598400,1598400,1540800.1,1569600,28799.9,+1.87%,0
EMPD,2022-11-28,1670400,1799999.9,1598831.9,1799999.9,230399.9,+14.68%,0
EMPD,2022-11-29,1799999.9,1799999.9,1670400,1728000.2,-71999.7,-4.00%,0
EMPD,2022-11-30,1728000.2,1728000.2,1627200,1713600.1,-14400.1,-0.83%,0
EMPD,2022-12-01,1699199.9,1742399.9,1656000,1713600.1,0,0.00%,0
EMPD,2022-12-02,1670400,1728000.2,1670400,1728000.2,14400.1,+0.84%,0
EMPD,2022-12-05,1699199.9,1713600.1,1526399.9,1591200,-136800.2,-7.92%,0
EMPD,2022-12-06,1598400,1612800,1555200,1569600,-21600.,-1.36%,0
EMPD,2022-12-07,1555200,1670400,1540800.1,1584000,14400,+0.92%,0
EMPD,2022-12-08,1612800,1656000,1555200,1612800,28800,+1.82%,0
EMPD,2022-12-09,1598400,1627056,1569600,1612800,0,0.00%,0
EMPD,2022-12-12,1569600,1584000,1540800.1,1555200,-57600.,-3.57%,0
EMPD,2022-12-13,1540800.1,1627200,1526399.9,1598400,43200,+2.78%,0
EMPD,2022-12-14,1569600,1641600,1555200,1584000,-14400.,-0.90%,0
EMPD,2022-12-15,1584000,1684800,1555200,1656000,72000,+4.55%,0
EMPD,2022-12-16,1656000,1684800,1598400,1612800,-43200.,-2.61%,0
EMPD,2022-12-19,1598400,1612656,1468800,1483200,-129600.,-8.04%,0
EMPD,2022-12-20,1425600,1476000,1425600,1440000,-43200.,-2.91%,0
EMPD,2022-12-21,1440000,1526399.9,1425600,1440000,0,0.00%,0
EMPD,2022-12-22,1440000,1526399.9,1340784,1425600,-14400.,-1.00%,0
EMPD,2022-12-23,1440000,1440000,1310400,1339200,-86400.,-6.06%,0
EMPD,2022-12-27,1353600,1468800,1346400,1461600,122400,+9.14%,0
EMPD,2022-12-28,1440000,1497168,1440000,1454400,-7200.,-0.49%,0
EMPD,2022-12-29,1425600,1483200,1425600,1440000,-14400.,-0.99%,0
EMPD,2022-12-30,1425600,1511999.9,1410768,1454544,14544,+1.01%,0
EMPD,2023-01-03,1511999.9,1511999.9,1425600,1468800,14256,+0.98%,0
EMPD,2023-01-04,1497600,1627200,1458576,1612800,144000,+9.80%,0
EMPD,2023-01-05,1612800,1627200,1584000,1627200,14400,+0.89%,0
EMPD,2023-01-06,1598400,1742399.9,1569600,1742399.9,115199.9,+7.08%,0
EMPD,2023-01-09,1728000.2,1843200,1717200,1785600,43200.1,+2.48%,0
EMPD,2023-01-10,1785600,1857455.9,1713600.1,1742399.9,-43200.1,-2.42%,0
EMPD,2023-01-11,1728000.2,1944000.1,1677600,1886399.9,144000,+8.26%,0
EMPD,2023-01-12,2088000.1,2160000,1987200,2059199.9,172800,+9.16%,0
EMPD,2023-01-13,2088000.1,2111184,2030399.9,2102400,43200.1,+2.10%,0
EMPD,2023-01-17,2044800,2448000,1944000.1,2044800,-57600.,-2.74%,0
EMPD,2023-01-18,2030399.9,2059199.9,1944000.1,1972799.9,-72000.1,-3.52%,0
EMPD,2023-01-19,1987200,2001600.1,1871999.8,1886399.9,-86400.,-4.38%,0
EMPD,2023-01-20,1886399.9,2016000,1886399.9,2001600.1,115200.2,+6.11%,0
EMPD,2023-01-23,2044800,2102400,1915199.9,2102400,100799.9,+5.04%,0
EMPD,2023-01-24,2131200,2210976,2030399.9,2088000.1,-14399.9,-0.68%,0
EMPD,2023-01-25,2145600,2203200,2030399.9,2160000,71999.9,+3.45%,0
EMPD,2023-01-26,2174400,2246400,2141856,2232000,72000,+3.33%,0
EMPD,2023-01-27,2246400,2419200,2203200,2404800,172800,+7.74%,0
EMPD,2023-01-30,2376000,2563200,2318400,2448000,43200,+1.80%,0
EMPD,2023-01-31,2520000,2577600,2448000,2577600,129600,+5.29%,0
EMPD,2023-02-01,2577600,2808000,2539728,2764800,187200,+7.26%,0
EMPD,2023-02-02,2880000,2880000,2520000,2548800,-216000.,-7.81%,0
EMPD,2023-02-03,2520000,2575296,2433600,2462400,-86400.,-3.39%,0
EMPD,2023-02-06,2462400,2491200,2318400,2404800,-57600.,-2.34%,0
EMPD,2023-02-07,2404800,2476800,2174400,2361600,-43200.,-1.80%,0
EMPD,2023-02-08,2318400,2419200,2291760,2318400,-43200.,-1.83%,0
EMPD,2023-02-09,2304000,2438208,2289600,2390400,72000,+3.11%,0
EMPD,2023-02-10,2433600,2448000,2306304,2347200,-43200.,-1.81%,0
EMPD,2023-02-13,2433600,2433600,2224800,2232000,-115200.,-4.91%,0
EMPD,2023-02-14,2232000,2383200,2174400,2347056,115056,+5.15%,0
EMPD,2023-02-15,2304000,2376000,2230272,2361600,14544,+0.62%,0
EMPD,2023-02-16,2289600,2347200,2232000,2275200,-86400.,-3.66%,0
EMPD,2023-02-17,2304000,2373696,2275200,2347200,72000,+3.16%,0
EMPD,2023-02-21,2275200,2347200,2232000,2246400,-100800.,-4.29%,0
EMPD,2023-02-22,2260800,2325600,2246400,2304000,57600,+2.56%,0
EMPD,2023-02-23,2304000,2376000,2262096,2289600,-14400.,-0.63%,0
EMPD,2023-02-24,2260800,2347200,2203344,2232000,-57600.,-2.52%,0
EMPD,2023-02-27,2232000,2347200,2203200,2275200,43200,+1.94%,0
EMPD,2023-02-28,2188800,2448000,2188800,2433600,158400,+6.96%,0
EMPD,2023-03-01,2520000,2520000,2318400,2347200,-86400.,-3.55%,0
EMPD,2023-03-02,2347200,2404800,2260800,2376000,28800,+1.23%,0
EMPD,2023-03-03,2448000,2505600,2404800,2491200,115200,+4.85%,0
EMPD,2023-03-06,2419200,2505600,2419200,2448000,-43200.,-1.73%,0
EMPD,2023-03-07,2390400,2497104,2361600,2419200,-28800.,-1.18%,0
EMPD,2023-03-08,2419200,2453472,2376000,2390400,-28800.,-1.19%,0
EMPD,2023-03-09,2404800,2419200,2347200,2347200,-43200.,-1.81%,0
EMPD,2023-03-10,2347200,2347200,2089440,2203200,-144000.,-6.13%,0
EMPD,2023-03-13,2203200,2203200,2016000,2073600.2,-129599.8,-5.88%,0
EMPD,2023-03-14,2044800,2289168,2044800,2174400,100799.8,+4.86%,0
EMPD,2023-03-15,2160000,2275200,2088000.1,2174400,0,0.00%,0
EMPD,2023-03-16,2160000,2230560,1900800.2,2001600.1,-172799.9,-7.95%,0
EMPD,2023-03-17,2246400,2246400,2016000,2073600.2,72000.1,+3.60%,0
EMPD,2023-03-20,2030399.9,2044800,1915199.9,1929600,-144000.2,-6.94%,0
EMPD,2023-03-21,1972799.9,2039615.9,1889136,1972799.9,43199.9,+2.24%,0
EMPD,2023-03-22,2001600.1,2044800,1929600,1958400,-14399.9,-0.73%,0
EMPD,2023-03-23,2001600.1,2016000,1915344.1,1983023.9,24623.9,+1.26%,0
EMPD,2023-03-24,2016000,2016000,1958400,1987200,4176.1000000001,+0.21%,0
EMPD,2023-03-27,1972799.9,2088000.1,1958400,2088000.1,100800.1,+5.07%,0
EMPD,2023-03-28,2102400,2160000,2016000,2073600.2,-14399.9,-0.69%,0
EMPD,2023-03-29,2160000,2160000,2016000,2059199.9,-14400.3,-0.69%,0
EMPD,2023-03-30,2131200,2160000,2044800,2088000.1,28800.2,+1.40%,0
EMPD,2023-03-31,2131200,2160000,2016000,2160000,71999.9,+3.45%,0
EMPD,2023-04-03,2160000,2160000,2032559.9,2044800,-115200.,-5.33%,0
EMPD,2023-04-04,2088000.1,2131200,2030399.9,2044800,0,0.00%,0
EMPD,2023-04-05,2088000.1,2088000.1,1958400,2044800,0,0.00%,0
EMPD,2023-04-06,2016000,2102400,1958400,2001600.1,-43199.9,-2.11%,0
EMPD,2023-04-10,1958400,2073600.2,1958400,2016000,14399.9,+0.72%,0
EMPD,2023-04-11,2016000,2088000.1,1958544,2030399.9,14399.9,+0.71%,0
EMPD,2023-04-12,2131200,2419200,2016000,2174400,144000.1,+7.09%,0
EMPD,2023-04-13,2131200,2232000,2030544.1,2160000,-14400.,-0.66%,0
EMPD,2023-04-14,2131200,2160000,2088000.1,2138400,-21600.,-1.00%,0
EMPD,2023-04-17,2160000,2160000,2102400,2131200,-7200.,-0.34%,0
EMPD,2023-04-18,2131200,2160000,2131200,2160000,28800,+1.35%,0
EMPD,2023-04-19,2131200,2131200,2059199.9,2102400,-57600.,-2.67%,0
EMPD,2023-04-20,2102400,2160000,2044800,2059199.9,-43200.1,-2.05%,0
EMPD,2023-04-21,2059199.9,2059199.9,1915199.9,1958400,-100799.9,-4.90%,0
EMPD,2023-04-24,1915199.9,1958400,1915199.9,1929600,-28800.,-1.47%,0
EMPD,2023-04-25,1886399.9,1915199.9,1713600.1,1814400,-115200.,-5.97%,0
EMPD,2023-04-26,1799999.9,1895040,1762271.9,1857599.9,43199.9,+2.38%,0
EMPD,2023-04-27,1872144,1915055.9,1805759.9,1877328.1,19728.2,+1.06%,0
EMPD,2023-04-28,1871999.8,1915055.9,1828800.1,1843200,-34128.1,-1.82%,0
EMPD,2023-05-01,1886399.9,1958400,1785600,1785600,-57600.,-3.13%,0
EMPD,2023-05-02,1814400,1886112,1785600,1828800.1,43200.1,+2.42%,0
EMPD,2023-05-03,1799999.9,1838304,1656000,1670400,-158400.1,-8.66%,0
EMPD,2023-05-04,1670400,1799999.9,1670400,1799999.9,129599.9,+7.76%,0
EMPD,2023-05-05,1799999.9,1832400.1,1728000.2,1742399.9,-57600.,-3.20%,0
EMPD,2023-05-08,1799999.9,1868400,1756800,1811519.9,69120,+3.97%,0
EMPD,2023-05-09,1728000.2,1814400,1699199.9,1728000.2,-83519.7,-4.61%,0
EMPD,2023-05-10,1799999.9,1799999.9,1728000.2,1742399.9,14399.7,+0.83%,0
EMPD,2023-05-11,1785600,1785600,1699199.9,1713600.1,-28799.8,-1.65%,0
EMPD,2023-05-12,1713600.1,1756800,1699199.9,1699199.9,-14400.2,-0.84%,0
EMPD,2023-05-15,1756800,1756800,1699199.9,1713600.1,14400.2,+0.85%,0
EMPD,2023-05-16,1670400,1713600.1,1670400,1671984,-41616.1,-2.43%,0
EMPD,2023-05-17,1656000,1693152,1454400,1584000,-87984.,-5.26%,0
EMPD,2023-05-18,1656000,1656000,1562400,1578672,-5328.,-0.34%,0
EMPD,2023-05-19,1569600,1569600,1511999.9,1569600,-9072.,-0.57%,0
EMPD,2023-05-22,1036800.1,1062720,1008000,1048464,-521136.,-33.20%,1
EMPD,2023-05-23,1022400,1036656,865439.94,971280,-77184.,-7.36%,0
EMPD,2023-05-24,935999.9,1022400,935999.9,1013760,42480,+4.37%,0
EMPD,2023-05-25,1008000,1065600,964800,1044000.06,30240.06,+2.98%,0
EMPD,2023-05-26,1051200,1065600,993600,1013039.94,-30960.12,-2.97%,0
EMPD,2023-05-30,1013039.94,1036656,979200,1015056.06,2016.1200000001,+0.20%,0
EMPD,2023-05-31,1008000,1008144,964800,993887.94,-21168.12,-2.09%,0
EMPD,2023-06-01,1018080.06,1036800.1,964800,990000,-3887.9399999999,-0.39%,0
EMPD,2023-06-02,1022400,1036800.1,993600,1034064,44064,+4.45%,0
EMPD,2023-06-05,1036800.1,1051056,1008720,1036800.1,2736.1,+0.26%,0
EMPD,2023-06-06,1036800.1,1108800,1002672,1059408,22607.9,+2.18%,0
EMPD,2023-06-07,1080000,1080000,1059408,1065600,6192,+0.58%,0
EMPD,2023-06-08,1094400,1108800,1017792,1036080,-29520.,-2.77%,0
EMPD,2023-06-09,1022400,1036944,977183.94,993600,-42480.,-4.10%,0
EMPD,2023-06-12,993600,1008000,979632,993600,0,0.00%,0
EMPD,2023-06-13,1008000,1008000,979200,982511.94,-11088.06,-1.12%,0
EMPD,2023-06-14,1008000,1008000,979200,993456,10944.06,+1.11%,0
EMPD,2023-06-15,1021536.06,1022111.94,983088,997776,4320,+0.43%,0
EMPD,2023-06-16,993600,1051056,980352,988848,-8928.,-0.89%,0
EMPD,2023-06-20,979200,1022400,921600,950256,-38592.,-3.90%,0
EMPD,2023-06-21,950400.1,960048,891936.06,891936.06,-58319.94,-6.14%,0
EMPD,2023-06-22,874943.9,896256,835920,864000.1,-27935.96,-3.13%,0
EMPD,2023-06-23,864000.1,899999.94,864000.1,884160.1,20160,+2.33%,0
EMPD,2023-06-26,878400,935424.1,864000.1,892368,8207.9,+0.93%,0
EMPD,2023-06-27,864000.1,914256,864000.1,870624.06,-21743.94,-2.44%,0
EMPD,2023-06-28,886896,886896,752976,820512,-50112.06,-5.76%,0
EMPD,2023-06-29,804960,812016,648000,767664,-52848.,-6.44%,0
EMPD,2023-06-30,806400,864000.1,758880,820368,52704,+6.87%,0
EMPD,2023-07-03,835200,973152.06,820800,973152.06,152784.06,+18.62%,0
EMPD,2023-07-05,979200,1022400,933120,974160.06,1008,+0.10%,0
EMPD,2023-07-06,993600,993600,878688.06,921456,-52704.06,-5.41%,0
EMPD,2023-07-07,950687.94,965088.06,930240.1,952992.06,31536.06,+3.42%,0
EMPD,2023-07-10,979200,979200,921600,950400.1,-2591.9600000001,-0.27%,0
EMPD,2023-07-11,964800,1051200,935999.9,1019520,69119.9,+7.27%,0
EMPD,2023-07-12,1049760,1051200,964800,986399.94,-33120.06,-3.25%,0
EMPD,2023-07-13,1008000,1022400,964944,986687.9,287.9600000001,+0.03%,0
EMPD,2023-07-14,979200,993312.06,950400.1,967248,-19439.9,-1.97%,0
EMPD,2023-07-17,1022400,1022400,935999.9,941183.9,-26064.1,-2.69%,0
EMPD,2023-07-18,936720,974592,935999.9,974592,33408.1,+3.55%,0
EMPD,2023-07-19,964800,993600,902879.94,907200,-67392.,-6.91%,0
EMPD,2023-07-20,920592,960480.06,849599.94,872064,-35136.,-3.87%,0
EMPD,2023-07-21,892800,892800,828000,849599.94,-22464.06,-2.58%,0
EMPD,2023-07-24,895824,895824,820944,835200,-14399.94,-1.69%,0
EMPD,2023-07-25,835200,849312,823680.06,825120,-10080.,-1.21%,0
EMPD,2023-07-26,825120,827855.94,770400.06,806400,-18720.,-2.27%,0
EMPD,2023-07-27,810864,810864,770400.06,810864,4464,+0.55%,0
EMPD,2023-07-28,810864,902160,792144.06,864575.9,53711.9,+6.62%,0
EMPD,2023-07-31,839807.94,921312.06,838368,892800,28224.1,+3.26%,0
EMPD,2023-08-01,920160.06,921600,849744,889919.9,-2880.1,-0.32%,0
EMPD,2023-08-02,863280,907200,835920,862416,-27503.9,-3.09%,0
EMPD,2023-08-03,824832,852480,770400.06,793440,-68976.,-8.00%,0
EMPD,2023-08-04,771120,850896,771120,777744,-15696.,-1.98%,0
EMPD,2023-08-07,819360,878400,806400,806400,28656,+3.68%,0
EMPD,2023-08-08,825839.94,835200,770400.06,792000,-14400.,-1.79%,0
EMPD,2023-08-09,806400,806400,750240.06,755999.94,-36000.06,-4.55%,0
EMPD,2023-08-10,763199.94,801360,735839.94,775296,19296.06,+2.55%,0
EMPD,2023-08-11,720000,763199.94,691200,719712,-55584.,-7.17%,0
EMPD,2023-08-14,691200,720000,605088,662688,-57024.,-7.92%,0
EMPD,2023-08-15,720000,734255.94,648144,676800,14112,+2.13%,0
EMPD,2023-08-16,648720,684432,637200,639216,-37584.,-5.55%,0
EMPD,2023-08-17,648000,676800,633600,648000,8784,+1.37%,0
EMPD,2023-08-18,662400,720000,604800,648000,0,0.00%,0
EMPD,2023-08-21,720000,734400,695520,696960,48960,+7.56%,0
EMPD,2023-08-22,699840,727200,648000,655488,-41472.,-5.95%,0
EMPD,2023-08-23,648000,712800,648000,685584,30096,+4.59%,0
EMPD,2023-08-24,714240,714240,661680,688464,2880,+0.42%,0
EMPD,2023-08-25,663840,718992,663840,690624,2160,+0.31%,0
EMPD,2023-08-28,682560,697824,634752,690624,0,0.00%,0
EMPD,2023-08-29,691200,691200,648000,673344,-17280.,-2.50%,0
EMPD,2023-08-30,691200,691200,676800,691200,17856,+2.65%,0
EMPD,2023-08-31,691200,698400,664704,684144,-7056.,-1.02%,0
EMPD,2023-09-01,698400,698400,664416,676800,-7344.,-1.07%,0
EMPD,2023-09-05,691200,717840,676800,678528,1728,+0.26%,0
EMPD,2023-09-06,669600,705456,662400,682560,4032,+0.59%,0
EMPD,2023-09-07,705312,763199.94,662400,759024.06,76464.06,+11.20%,0
EMPD,2023-09-08,763199.94,770256,720000,721008,-38016.06,-5.01%,0
EMPD,2023-09-11,770400.06,861120,734400,846432.06,125424.06,+17.40%,0
EMPD,2023-09-12,847007.94,856800.06,835200,840672,-5760.0600000001,-0.68%,0
EMPD,2023-09-13,865439.94,865439.94,835200,835200,-5472.,-0.65%,0
EMPD,2023-09-14,849599.94,934272,836784,921600,86400,+10.34%,0
EMPD,2023-09-15,612000,763199.94,612000,720000,-201600.,-21.88%,0
EMPD,2023-09-18,734400,734400,633744,663840,-56160.,-7.80%,0
EMPD,2023-09-19,619200,648000,619200,648000,-15840.,-2.39%,0
EMPD,2023-09-20,648000,671760,576000,579312,-68688.,-10.60%,0
EMPD,2023-09-21,604800,612432,561600,575568,-3744.,-0.65%,0
EMPD,2023-09-22,590400,604512,561600,588960,13392,+2.33%,0
EMPD,2023-09-25,597888,612000,561600,561600,-27360.,-4.65%,0
EMPD,2023-09-26,604800,604800,547488,551808,-9792.,-1.74%,0
EMPD,2023-09-27,632160,632160,561744,590544,38736,+7.02%,0
EMPD,2023-09-28,619200,629280,576000,604800,14256,+2.41%,0
EMPD,2023-09-29,635760,734400,609264,727200,122400,+20.24%,0
EMPD,2023-10-02,705600,720000,576000,621072,-106128.,-14.59%,0
EMPD,2023-10-03,602496,623520,518400.06,550224,-70848.,-11.41%,0
EMPD,2023-10-04,547200,547200,475487.94,496943.97,-53280.03,-9.68%,0
EMPD,2023-10-05,547200,547200,487872.06,487872.06,-9071.91,-1.83%,0
EMPD,2023-10-06,512207.97,525456,479951.97,501120,13247.94,+2.72%,0
EMPD,2023-10-09,518400.06,576000,489600,532800,31680,+6.32%,0
EMPD,2023-10-10,518400.06,705600,489600,577440,44640,+8.38%,0
EMPD,2023-10-11,578880,684000,576144,604656,27216,+4.71%,0
EMPD,2023-10-12,630288,630288,563040,563040,-41616.,-6.88%,0
EMPD,2023-10-13,541728,630288,504000,547488,-15552.,-2.76%,0
EMPD,2023-10-16,532800,696960,515491.2,587520,40032,+7.31%,0
EMPD,2023-10-17,610559.94,610559.94,339840,374400,-213120.,-36.27%,1
EMPD,2023-10-18,374400,426240,374400,394560,20160,+5.38%,0
EMPD,2023-10-19,397440,417600,380160,394560,0,0.00%,0
EMPD,2023-10-20,408960,415728,388800,397440,2880,+0.73%,0
EMPD,2023-10-23,400320,400320,319680,342720.03,-54719.97,-13.77%,0
EMPD,2023-10-24,334080,342720.03,331200,331200,-11520.03,-3.36%,0
EMPD,2023-10-25,334080,365760,319680,326880,-4320.,-1.30%,0
EMPD,2023-10-26,339840,350064,319680,336960,10080,+3.08%,0
EMPD,2023-10-27,365760,383040,325468.8,339840,2880,+0.85%,1
EMPD,2023-10-30,334080,342748.78,316800,322560,-17280.,-5.08%,0
EMPD,2023-10-31,311040,331200,311040,325440,2880,+0.89%,0
EMPD,2023-11-01,334080,368640,319680,328320,2880,+0.88%,0
EMPD,2023-11-02,345600,346924.78,299520,311040,-17280.,-5.26%,0
EMPD,2023-11-03,322560,322560,293760,308160,-2880.,-0.93%,0
EMPD,2023-11-06,296640,302400,240192,264960,-43200.,-14.02%,0
EMPD,2023-11-07,270720,274176,264960,266112,1152,+0.43%,0
EMPD,2023-11-08,259200,259200,216000,241920,-24192.,-9.09%,0
EMPD,2023-11-09,241920,241920,208425.6,224639.97,-17280.03,-7.14%,0
EMPD,2023-11-10,217900.8,256607.97,210585.6,223776,-863.97,-0.38%,0
EMPD,2023-11-13,224639.97,230400,207360.02,215712,-8064.,-3.60%,0
EMPD,2023-11-14,207360.02,228614.4,201600,227520,11808,+5.47%,0
EMPD,2023-11-15,213120,213148.81,184348.8,187200,-40320.,-17.72%,0
EMPD,2023-11-16,80640,83808,58320,66412.8,-120787.2,-64.52%,33
EMPD,2023-11-17,67104,69120,57945.6,63129.6,-3283.2,-4.94%,5
EMPD,2023-11-20,65491.2,66700.8,57600,58550.4,-4579.2,-7.25%,5
EMPD,2023-11-21,59040,59817.6,51264,52444.8,-6105.6,-10.43%,6
EMPD,2023-11-22,50371.2,50400,46080,47491.203,-4953.597,-9.45%,6
EMPD,2023-11-24,46080,47520,44668.8,47088,-403.203,-0.85%,2
EMPD,2023-11-27,47030.4,57571.2,47030.4,53683.2,6595.2,+14.01%,18
EMPD,2023-11-28,51840.004,51840.004,40320,45360,-8323.2,-15.50%,17
EMPD,2023-11-29,44064,45504.004,39196.797,42624,-2736.,-6.03%,8
EMPD,2023-11-30,40320,42768,39484.8,39484.8,-3139.2,-7.36%,5
EMPD,2023-12-01,43200,51264,41356.8,42739.2,3254.4,+8.24%,53
EMPD,2023-12-04,41760,42336,34560,37612.8,-5126.4,-11.99%,33
EMPD,2023-12-05,37440,42336,36576,37728,115.2,+0.31%,29
EMPD,2023-12-06,37151.996,38016,34992,36316.8,-1411.2,-3.74%,15
EMPD,2023-12-07,36000,37468.8,34560,35424,-892.8,-2.46%,12
EMPD,2023-12-08,36259.2,36259.2,29520,30960,-4464.,-12.60%,22
EMPD,2023-12-11,27936,27936,22752.002,25372.8,-5587.2,-18.05%,30
EMPD,2023-12-12,23616,26496,21513.6,24192,-1180.8,-4.65%,22
EMPD,2023-12-13,23472,25920.002,22896,25344,1152,+4.76%,10
EMPD,2023-12-14,25632,27792,25632,27072,1728,+6.82%,19
EMPD,2023-12-15,26640,27216,25920.002,26640,-432.,-1.60%,7
EMPD,2023-12-18,26496,27360,23040,24768,-1872.,-7.03%,10
EMPD,2023-12-19,24192,24192,21398.4,21859.201,-2908.799,-11.74%,15
EMPD,2023-12-20,21916.799,23040,19065.602,20937.6,-921.601,-4.22%,22
EMPD,2023-12-21,21312,25574.4,20217.602,23040,2102.4,+10.04%,38
EMPD,2023-12-22,22464,31017.6,21628.799,28512,5472,+23.75%,128
EMPD,2023-12-26,61632,63532.8,37756.8,40320,11808,+41.41%,570
EMPD,2023-12-27,34214.4,36720,30268.8,34848,-5472.,-13.57%,62
EMPD,2023-12-28,34531.2,34761.6,29088.004,29376,-5472.,-15.70%,29
EMPD,2023-12-29,30096,30931.2,27072,28540.8,-835.2,-2.84%,19
EMPD,2024-01-02,28396.8,28396.8,24998.4,27936,-604.8,-2.12%,23
EMPD,2024-01-03,28224,28224,25920.002,28108.8,172.8,+0.62%,14
EMPD,2024-01-04,30816,35136,28137.6,29952,1843.2,+6.56%,80
EMPD,2024-01-05,28800,30182.4,24796.799,28800,-1152.,-3.85%,24
EMPD,2024-01-08,28972.8,29520,27158.4,28857.6,57.6,+0.20%,14
EMPD,2024-01-09,28310.4,28310.4,23040,26208,-2649.6,-9.18%,14
EMPD,2024-01-10,25862.4,29635.2,24307.2,25632,-576.,-2.20%,27
EMPD,2024-01-11,25516.8,28742.4,24220.8,28512,2880,+11.24%,96
EMPD,2024-01-12,39052.8,50400,29750.4,29836.8,1324.8,+4.65%,471
EMPD,2024-01-16,30614.4,35395.2,25948.799,30240,403.2,+1.35%,72
EMPD,2024-01-17,30240,33120,27648,30067.2,-172.8,-0.57%,39
EMPD,2024-01-18,30988.8,31680,28886.4,30297.6,230.4,+0.77%,22
EMPD,2024-01-19,31247.996,31247.996,26812.799,29520,-777.6,-2.57%,21
EMPD,2024-01-22,29952,31680,27964.8,30729.6,1209.6,+4.10%,19
EMPD,2024-01-23,31680,33580.8,30009.6,32745.6,2016,+6.56%,22
EMPD,2024-01-24,32486.4,37151.996,32486.4,33984,1238.4,+3.78%,26
EMPD,2024-01-25,37728,47116.8,34992,39744,5760,+16.95%,98
EMPD,2024-01-26,40320,40320,34617.6,35020.8,-4723.2,-11.88%,28
EMPD,2024-01-29,37440,44438.402,37065.6,40320,5299.2,+15.13%,36
EMPD,2024-01-30,42336,42336,36576,38102.402,-2217.598,-5.50%,20
EMPD,2024-01-31,39398.402,39456,34560,38793.6,691.198,+1.81%,40
EMPD,2024-02-01,30240,30240,27648,28771.2,-10022.4,-25.84%,41
EMPD,2024-02-02,25920.002,28800,25200,25660.8,-3110.4,-10.81%,27
EMPD,2024-02-05,28160,30976,16640,20608,-5052.8,-19.69%,207
EMPD,2024-02-06,20096,22336,20096,21952,1344,+6.52%,221
EMPD,2024-02-07,21952,22016,16704,17664,-4288.,-19.53%,218
EMPD,2024-02-08,16064,16895.36,14208.64,16000,-1664.,-9.42%,99
EMPD,2024-02-09,15488,21056,10112,11968,-4032.,-25.20%,774
EMPD,2024-02-12,11584,13888,9984,11840,-128.,-1.07%,461
EMPD,2024-02-13,11072,11520,10240,10752,-1088.,-9.19%,251
EMPD,2024-02-14,11136,12864,8153.6,8320,-2432.,-22.62%,851
EMPD,2024-02-15,7551.999,7616.001,6272,7072,-1248.,-15.00%,422
EMPD,2024-02-16,7360,8192,6592,7744,672,+9.50%,574
EMPD,2024-02-20,7936,8000,6528,7424,-320.,-4.13%,370
EMPD,2024-02-21,6912.001,7168,6656,6848.001,-575.999,-7.76%,152
EMPD,2024-02-22,6719.999,6783.999,6528,6783.999,-64.002,-0.93%,89
EMPD,2024-02-23,6719.999,6912.001,5347.2,5664.64,-1119.359,-16.50%,363
EMPD,2024-02-26,5696,5888,5198.08,5312,-352.64,-6.23%,164
EMPD,2024-02-27,5311.3604,6656,5184,5584,272,+5.12%,795
EMPD,2024-02-28,5568,9216,5312,7744,2160,+38.68%,3338
EMPD,2024-02-29,11712,15232.002,6976,8512,768,+9.92%,18261
EMPD,2024-03-01,8192,8192,5850.88,6272,-2240.,-26.32%,2310
EMPD,2024-03-04,6400,8064,6016,6783.999,511.999,+8.16%,1561
EMPD,2024-03-05,6144,7551.999,6144,6400,-383.999,-5.66%,739
EMPD,2024-03-06,6400,6400,5542.4,5568.64,-831.36,-12.99%,664
EMPD,2024-03-07,5625.6,6848.001,5497.6,5989.76,421.12,+7.56%,698
EMPD,2024-03-08,6016,6250.88,5696.64,5939.1997,-50.5603,-0.84%,337
EMPD,2024-03-11,5696,5971.2,5638.4,5774.08,-165.1197,-2.78%,215
EMPD,2024-03-12,5733.12,5760,5184.64,5310.72,-463.36,-8.02%,339
EMPD,2024-03-13,5312,5433.5996,4928,4992,-318.72,-6.00%,281
EMPD,2024-03-14,4928,5248,3616,4300.8,-691.2,-13.85%,421
EMPD,2024-03-15,4224,4928,3920.64,4545.2803,244.4803,+5.68%,479
EMPD,2024-03-18,4780.8,4800,4375.68,4496,-49.2803,-1.08%,156
EMPD,2024-03-19,4416,4448,3968,4246.4,-249.6,-5.55%,185
EMPD,2024-03-20,4352,4800,3671.04,4576,329.6,+7.76%,267
EMPD,2024-03-21,4792.32,4792.32,4416,4672.6396,96.6396,+2.11%,118
EMPD,2024-03-22,4422.4,4576,4275.1997,4375.68,-296.9596,-6.36%,154
EMPD,2024-03-25,4419.2,4472.96,4224.6396,4352,-23.68,-0.54%,118
EMPD,2024-03-26,4288,4364.16,3919.36,4108.8003,-243.1997,-5.59%,161
EMPD,2024-03-27,4096,4416,4032.64,4352.64,243.8397,+5.93%,168
EMPD,2024-03-28,4352,4723.84,4162.56,4352,-0.64,-0.01%,176
EMPD,2024-04-01,4209.92,4261.76,3825.92,3910.4,-441.6,-10.15%,207
EMPD,2024-04-02,3839.36,3839.36,2691.84,2801.28,-1109.12,-28.36%,582
EMPD,2024-04-03,2730.88,2879.36,1937.28,2240,-561.28,-20.04%,1068
EMPD,2024-04-04,2472.32,3072,2368,2496.6401,256.6401,+11.46%,1751
EMPD,2024-04-05,2512,2559.3599,2054.4001,2087.04,-409.6001,-16.41%,586
EMPD,2024-04-08,2048,2051.84,1744,1883.5198,-203.5202,-9.75%,485
EMPD,2024-04-09,1911.68,2156.8,1856,2080,196.4802,+10.43%,857
EMPD,2024-04-10,1920.0002,1971.2,1863.04,1903.36,-176.64,-8.49%,308
EMPD,2024-04-11,1856,1861.12,1664,1773.44,-129.92,-6.83%,426
EMPD,2024-04-12,1746.56,1760,1608.3201,1741.44,-32.,-1.80%,332
EMPD,2024-04-15,1792,1820.8,1644.8,1703.68,-37.76,-2.17%,184
EMPD,2024-04-16,1709.44,1726.72,1560.32,1612.8,-90.88,-5.33%,262
EMPD,2024-04-17,1600,1616,1483.52,1511.68,-101.12,-6.27%,222
EMPD,2024-04-18,1504,1509.76,1356.1599,1449.6,-62.08,-4.11%,159
EMPD,2024-04-19,1447.04,1472,1395.2,1458.5599,8.9599,+0.62%,152
EMPD,2024-04-22,1472,1511.04,1408,1491.84,33.2801,+2.28%,167
EMPD,2024-04-23,1542.4,2231.68,1542.4,1885.44,393.6,+26.38%,2465
EMPD,2024-04-24,1856,1948.8,1475.2,1650.56,-234.88,-12.46%,723
EMPD,2024-04-25,1666.5599,1706.88,1408,1683.2,32.64,+1.98%,379
EMPD,2024-04-26,1664,1682.56,1552.64,1617.28,-65.92,-3.92%,180
EMPD,2024-04-29,1625.6001,1679.9998,1571.2,1668.48,51.2,+3.17%,153
EMPD,2024-04-30,1682.56,1728.0002,1619.8401,1649.92,-18.56,-1.11%,125
EMPD,2024-05-01,1693.44,1693.44,1568,1616,-33.92,-2.06%,90
EMPD,2024-05-02,1600,1600,1488.64,1510.4,-105.6,-6.53%,136
EMPD,2024-05-03,1536,1600,1459.2,1514.24,3.84,+0.25%,113
EMPD,2024-05-06,1561.6,1564.7999,1464.32,1518.72,4.48,+0.30%,88
EMPD,2024-05-07,1532.8,2101.76,1482.24,1887.36,368.64,+24.27%,1492
EMPD,2024-05-08,1600,1811.2,1600,1766.4,-120.96,-6.41%,297
EMPD,2024-05-09,1728.0002,2015.3602,1719.68,1939.2,172.8,+9.78%,304
EMPD,2024-05-10,2026.24,2400,2026.24,2275.84,336.64,+17.36%,608
EMPD,2024-05-13,2245.76,2641.28,2225.28,2453.12,177.28,+7.79%,443
EMPD,2024-05-14,2503.04,2538.88,1984,2009.6,-443.52,-18.08%,302
EMPD,2024-05-15,2112,2239.36,2060.8,2146.5598,136.9598,+6.82%,222
EMPD,2024-05-16,2112,2148.48,1790.72,1811.2,-335.3598,-15.62%,257
EMPD,2024-05-17,2176,2208,1536,1848.32,37.12,+2.05%,698
EMPD,2024-05-20,1664,1715.2,1510.4,1510.4,-337.92,-18.28%,698
EMPD,2024-05-21,1536,1536,1216,1363.84,-146.56,-9.70%,722
EMPD,2024-05-22,1402.24,1454.08,1344,1408,44.16,+3.24%,408
EMPD,2024-05-23,1381.12,1394.5599,1281.28,1320.3201,-87.6799,-6.23%,254
EMPD,2024-05-24,1363.2,1363.2,1216,1256.96,-63.3601,-4.80%,392
EMPD,2024-05-28,1320.9601,1516.8,1290.88,1363.2,106.24,+8.45%,1076
EMPD,2024-05-29,1382.4,1382.4,1232,1277.44,-85.76,-6.29%,645
EMPD,2024-05-30,1261.44,1269.12,1164.7999,1198.72,-78.72,-6.16%,533
EMPD,2024-05-31,1240.3201,1240.3201,1098.24,1132.8,-65.92,-5.50%,516
EMPD,2024-06-03,1105.92,1126.4,1030.4,1068.7999,-64.0001,-5.65%,411
EMPD,2024-06-04,1080.96,1104,1033.6001,1068.1599,-0.64,-0.06%,225
EMPD,2024-06-05,789.76,888.96,778.24,854.4,-213.7599,-20.01%,1708
EMPD,2024-06-06,909.4401,943.9999,815.36,896,41.6,+4.87%,1051
EMPD,2024-06-07,680.32,703.36,583.264,660.48,-235.52,-26.29%,3837
EMPD,2024-06-10,616.32,628.8576,516.48,518.4,-142.08,-21.51%,1614
EMPD,2024-06-11,483.2,502.4,455.04,458.24,-60.16,-11.60%,1381
EMPD,2024-06-12,464.64,484.48,428.8192,440.32,-17.92,-3.91%,1051
EMPD,2024-06-13,439.68,442.88,374.4064,379.7312,-60.5888,-13.76%,2471
EMPD,2024-06-14,410.88,462.72,278.176,302.72,-77.0112,-20.28%,16520
EMPD,2024-06-17,265.6,293.76,233.6,234.88,-67.84,-22.41%,4326
EMPD,2024-06-18,239.36,387.2,230.4,261.76,26.88,+11.44%,27407
EMPD,2024-06-20,250.24,278.4,231.04,252.16,-9.6,-3.67%,3375
EMPD,2024-06-21,245.76,249.6,215.04,233.6,-18.56,-7.36%,2920
EMPD,2024-06-24,223.36,263.04,220.8,248.32,14.72,+6.30%,6257
EMPD,2024-06-25,367.36,810.88,353.9456,355.84,107.52,+43.30%,445256
EMPD,2024-06-26,518.4,614.4,366.08,422.4,66.56,+18.71%,156240
EMPD,2024-06-27,396.16,403.2,308.3584,325.76,-96.64,-22.88%,23404
EMPD,2024-06-28,305.92,316.16,255.36,273.92,-51.84,-15.91%,10346
EMPD,2024-07-01,273.92,425.6,273.92,298.24,24.32,+8.88%,161848
EMPD,2024-07-02,381.44,405.12,295.04,323.2,24.96,+8.37%,132257
EMPD,2024-07-03,312.96,328.32,277.12,288.64,-34.56,-10.69%,10018
EMPD,2024-07-05,291.84,304.64,277.12,282.88,-5.76,-2.00%,7390
EMPD,2024-07-08,291.2,302.72,236.16,243.2,-39.68,-14.03%,12020
EMPD,2024-07-09,250.24,279.04,224.64,248.96,5.76,+2.37%,11476
EMPD,2024-07-10,243.2,249.6,224.64,233.6,-15.36,-6.17%,41090
EMPD,2024-07-11,389.888,448,214.4,239.36,5.76,+2.47%,454701
EMPD,2024-07-12,238.08,264.32,214.4,236.16,-3.2,-1.34%,34648
EMPD,2024-07-15,231.68,234.24,198.4,211.2,-24.96,-10.57%,24445
EMPD,2024-07-16,208,232.96,204.16,208.64,-2.56,-1.21%,17906
EMPD,2024-07-17,206.72,207.36,194.56,196.48,-12.16,-5.83%,10885
EMPD,2024-07-18,197.12,218.88,180.48,201.6,5.12,+2.61%,25156
EMPD,2024-07-19,201.6,203.8208,186.9056,192,-9.6,-4.76%,9570
EMPD,2024-07-22,209.28,217.6,189.76,197.12,5.12,+2.67%,14878
EMPD,2024-07-23,195.2,204.16,183.04,199.04,1.92,+0.97%,8850
EMPD,2024-07-24,191.36,191.36,160.64,167.68,-31.36,-15.76%,13240
EMPD,2024-07-25,161.92,180.48,161.92,170.24,2.56,+1.53%,7528
EMPD,2024-07-26,167.04,171.52,162.56,164.48,-5.76,-3.38%,4007
EMPD,2024-07-29,162.56,163.84,151.04,153.6,-10.88,-6.61%,5375
EMPD,2024-07-30,147.2,149.12,128,140.16,-13.44,-8.75%,7254
EMPD,2024-07-31,137.6,147.84,137.28,143.36,3.2,+2.28%,4648
EMPD,2024-08-01,142.08,144,125.44,130.56,-12.8,-8.93%,5557
EMPD,2024-08-02,127.36,128,123.52,126.72,-3.84,-2.94%,3032
EMPD,2024-08-05,112,120.4736,112,114.56,-12.16,-9.60%,3865
EMPD,2024-08-06,121.6,135.04,112.64,120.32,5.76,+5.03%,6232
EMPD,2024-08-07,123.52,123.5264,108.8,109.44,-10.88,-9.04%,5262
EMPD,2024-08-08,115.2,117.9776,104.32,110.08,0.64,+0.58%,3812
EMPD,2024-08-09,108.16,110.08,104.32,107.52,-2.56,-2.33%,2185
EMPD,2024-08-12,107.52,116.8896,103.04,114.56,7.04,+6.55%,3709
EMPD,2024-08-13,116.48,116.48,107.2,108.16,-6.4,-5.59%,2610
EMPD,2024-08-14,107.52,109.44,100.48,101.12,-7.04,-6.51%,3195
EMPD,2024-08-15,101.76,102.72,92.8,94.72,-6.4,-6.33%,4004
EMPD,2024-08-16,95.36,112,90.24,112,17.28,+18.24%,11810
EMPD,2024-08-19,108.8,110.08,100.48,104.32,-7.68,-6.86%,3867
EMPD,2024-08-20,103.04,107.52,97.9008,99.84,-4.48,-4.29%,4700
EMPD,2024-08-21,99.84,101.12,94.08,98.56,-1.28,-1.28%,3043
EMPD,2024-08-22,97.92,131.84,94.08,103.04,4.48,+4.55%,61406
EMPD,2024-08-23,107.52,110.8608,99.2,103.68,0.64,+0.62%,8478
EMPD,2024-08-26,103.68,110.72,97.3312,107.52,3.84,+3.70%,6600
EMPD,2024-08-27,104.96,107.52,100.48,102.4,-5.12,-4.76%,2801
EMPD,2024-08-28,102.4,102.4,94.72,97.92,-4.48,-4.38%,4817
EMPD,2024-08-29,96.64,99.1936,92.8,94.08,-3.84,-3.92%,3343
EMPD,2024-08-30,92.8,94.72,90.24,93.44,-0.64,-0.68%,2362
EMPD,2024-09-03,96.64,96.64,89.6,91.52,-1.92,-2.05%,3495
EMPD,2024-09-04,90.24,92.8,83.2,88.32,-3.2,-3.50%,5787
EMPD,2024-09-05,87.04,90.88,83.2,90.24,1.92,+2.17%,2620
EMPD,2024-09-06,88.32,88.96,80.64,82.56,-7.68,-8.51%,4384
EMPD,2024-09-09,84.48,87.04,79.36,83.84,1.28,+1.55%,2448
EMPD,2024-09-10,83.84,85.12,80.64,83.2,-0.64,-0.76%,1945
EMPD,2024-09-11,81.92,83.2256,80.32,81.92,-1.28,-1.54%,2120
EMPD,2024-09-12,83.84,88.9536,79.36,80.64,-1.28,-1.56%,5918
EMPD,2024-09-13,80.64,83.8016,79.36,81.28,0.64,+0.79%,2503
EMPD,2024-09-16,79.36,81.92,73.6,74.88,-6.4,-7.87%,10004
EMPD,2024-09-17,76.8,80,71.04,77.44,2.56,+3.42%,13806
EMPD,2024-09-18,75.52,75.52,71.68,73.6,-3.84,-4.96%,5385
EMPD,2024-09-19,73.6,84.48,71.68,81.28,7.68,+10.43%,9654
EMPD,2024-09-20,78.72,78.72,72.96,75.2,-6.08,-7.48%,3826
EMPD,2024-09-23,76.8,77.44,72.32,76.8,1.6,+2.13%,5726
EMPD,2024-09-24,76.8,83.7952,74.24,80.64,3.84,+5.00%,5418
EMPD,2024-09-25,81.92,81.92,76.8,76.8,-3.84,-4.76%,2475
EMPD,2024-09-26,76.8,78.72,74.56,75.52,-1.28,-1.67%,2431
EMPD,2024-09-27,75.52,78.08,73.6,73.92,-1.6,-2.12%,3073
EMPD,2024-09-30,73.6,73.6,65.92,66.56,-7.36,-9.96%,4359
EMPD,2024-10-01,66.56,66.56,55.5008,56.6016,-9.9584,-14.96%,8476
EMPD,2024-10-02,58.8864,59.9552,55.1488,55.2512,-1.3504,-2.39%,3421
EMPD,2024-10-03,55.2512,58.7712,55.2512,56.768,1.5168,+2.75%,2082
EMPD,2024-10-04,57.6,58.4448,55.8272,56.3904,-0.3776,-0.67%,1700
EMPD,2024-10-07,55.04,56.96,50.56,50.6944,-5.696,-10.10%,4551
EMPD,2024-10-08,52.416,52.416,48.64,48.7872,-1.9072,-3.76%,3125
EMPD,2024-10-09,49.92,50.048,46.5792,49.4464,0.6592,+1.35%,4037
EMPD,2024-10-10,48.4288,52.9792,48,52.416,2.9696,+6.01%,3448
EMPD,2024-10-11,52.48,52.8576,48.1792,51.136,-1.28,-2.44%,3223
EMPD,2024-10-14,51.84,52.48,49.9136,51.84,0.704,+1.38%,1237
EMPD,2024-10-15,51.84,57.472,49.4656,56.3136,4.4736,+8.63%,4478
EMPD,2024-10-16,56.1792,65.28,55.0464,62.848,6.5344,+11.60%,8935
EMPD,2024-10-17,62.72,65.92,62.72,64.64,1.792,+2.85%,3182
EMPD,2024-10-18,63.296,63.296,59.52,59.5328,-5.1072,-7.90%,3267
EMPD,2024-10-21,58.88,58.9888,53.472,55.8912,-3.6416,-6.12%,2837
EMPD,2024-10-22,56.288,56.7808,54.816,55.8656,-0.0256,-0.05%,1270
EMPD,2024-10-23,56.064,56.064,53.76,54.784,-1.0816,-1.94%,995
EMPD,2024-10-24,56.0832,56.32,52.6208,53.92,-0.864,-1.58%,1657
EMPD,2024-10-25,54.4,55.5456,52.48,53.4528,-0.4672,-0.87%,1320
EMPD,2024-10-28,54.4,56.3072,52.4864,56.064,2.6112,+4.89%,1421
EMPD,2024-10-29,55.68,55.968,53.7664,53.9776,-2.0864,-3.72%,510
EMPD,2024-10-30,56.0256,56.0256,50.7584,52.8192,-1.1584,-2.15%,1551
EMPD,2024-10-31,51.232,53.6384,49.92,51.168,-1.6512,-3.13%,1354
EMPD,2024-11-01,51.2,51.616,49.2928,49.8944,-1.2736,-2.49%,1350
EMPD,2024-11-04,50.56,51.84,48.64,50.0288,0.1344,+0.27%,1637
EMPD,2024-11-05,49.2928,50.304,49.28,49.4336,-0.5952,-1.19%,792
EMPD,2024-11-06,52.48,52.48,49.4272,51.1808,1.7472,+3.53%,1006
EMPD,2024-11-07,50.112,50.56,44.8,44.8064,-6.3744,-12.45%,15525
EMPD,2024-11-08,44.8,49.0688,44.8,48.2816,3.4752,+7.76%,17634
EMPD,2024-11-11,44.24,57.2,41.0168,54.72,6.4384,+13.34%,16125
EMPD,2024-11-12,51.12,56.04,48.1608,54.24,-0.48,-0.88%,10800
EMPD,2024-11-13,50.96,55.1992,38.4,39.76,-14.48,-26.70%,19150
EMPD,2024-11-14,39.76,40.24,36.88,38,-1.76,-4.43%,7962
EMPD,2024-11-15,38.4,38.48,31.4408,32,-6.,-15.79%,12162
EMPD,2024-11-18,31.36,32,27.92,29.76,-2.24,-7.00%,7275
EMPD,2024-11-19,29.28,37.44,29.2016,35.36,5.6,+18.82%,19362
EMPD,2024-11-20,35.92,42.16,32.48,37.6,2.24,+6.33%,25000
EMPD,2024-11-21,36.32,39.52,34.88,38.8504,1.2504,+3.33%,8537
EMPD,2024-11-22,38.64,43.7904,35.8408,39.36,0.5096,+1.31%,11537
EMPD,2024-11-25,40,42.88,38.536,41.92,2.56,+6.50%,3676
EMPD,2024-11-26,41.12,41.2,32.96,35.04,-6.88,-16.41%,9945
EMPD,2024-11-27,35.52,38.4,35.2344,36.08,1.04,+2.97%,8162
EMPD,2024-11-29,36.48,37.68,35.28,35.28,-0.8,-2.22%,3237
EMPD,2024-12-02,36.96,36.96,34.184,34.24,-1.04,-2.95%,3450
EMPD,2024-12-03,34.8,35.8392,34.48,34.88,0.64,+1.87%,3000
EMPD,2024-12-04,34.88,35.88,32,32.4,-2.48,-7.11%,4537
EMPD,2024-12-05,32.56,33.56,31.2976,31.76,-0.64,-1.98%,4325
EMPD,2024-12-06,31.44,34.3456,31.44,34.24,2.48,+7.81%,7662
EMPD,2024-12-09,34.88,34.88,32.2064,33.7488,-0.4912,-1.43%,4725
EMPD,2024-12-10,33.68,35.12,32.4,33.0408,-0.708,-2.10%,887
EMPD,2024-12-11,33.52,36.32,33.28,35.52,2.4792,+7.50%,4812
EMPD,2024-12-12,35.52,36.4,34.5608,36,0.48,+1.35%,1125
EMPD,2024-12-13,35.36,35.44,34.4,34.4,-1.6,-4.44%,662
EMPD,2024-12-16,34.88,35.84,33.12,33.6,-0.8,-2.33%,2112
EMPD,2024-12-17,35.04,35.1648,31.6,33.2808,-0.3192,-0.95%,2512
EMPD,2024-12-18,33.36,34.72,30.8,30.8,-2.4808,-7.45%,5025
EMPD,2024-12-19,30.8,30.8,29.52,29.92,-0.88,-2.86%,3587
EMPD,2024-12-20,29.92,30.96,29.84,30.72,0.8,+2.67%,1400
EMPD,2024-12-23,31.2,31.92,30.24,31.92,1.2,+3.91%,1900
EMPD,2024-12-24,31.92,33.1776,31.2512,32.56,0.64,+2.01%,1925
EMPD,2024-12-26,31.92,32.64,30.912,31.28,-1.28,-3.93%,2012
EMPD,2024-12-27,31.28,33.16,31.28,32.24,0.96,+3.07%,2575
EMPD,2024-12-30,32.32,36.7528,32.32,34.88,2.64,+8.19%,8987
EMPD,2024-12-31,35.2,36.752,33.44,34.96,0.08,+0.23%,4837
EMPD,2025-01-02,34.48,35.9608,32.88,33.28,-1.68,-4.81%,3125
EMPD,2025-01-03,33.28,35.004,33.12,33.92,0.64,+1.92%,2162
EMPD,2025-01-06,35.52,36,34.0008,35.04,1.12,+3.30%,2787
EMPD,2025-01-07,38.4,38.4,31.884,33.84,-1.2,-3.42%,12962
EMPD,2025-01-08,33.52,34.32,31.2112,32.72,-1.12,-3.31%,3262
EMPD,2025-01-10,32.64,34.4264,30.88,31.44,-1.28,-3.91%,1987
EMPD,2025-01-13,30.96,31.28,30,30.56,-0.88,-2.80%,1550
EMPD,2025-01-14,30.56,32,30.04,30.72,0.16,+0.52%,1712
EMPD,2025-01-15,30.64,30.64,29.52,30,-0.72,-2.34%,2400
EMPD,2025-01-16,30.4,31.84,28.16,29.6,-0.4,-1.33%,7500
EMPD,2025-01-17,29.28,30.64,29,30.08,0.48,+1.62%,1812
EMPD,2025-01-21,30.24,31,28.8,29.12,-0.96,-3.19%,2062
EMPD,2025-01-22,29.36,30.016,28.8,28.96,-0.16,-0.55%,1362
EMPD,2025-01-23,29.2,29.2,27.2,27.76,-1.2,-4.14%,4750
EMPD,2025-01-24,27.76,29.2,27.76,28.16,0.4,+1.44%,1825
EMPD,2025-01-27,28.4,28.4,26.4008,27.04,-1.12,-3.98%,1300
EMPD,2025-01-28,27.12,28.76,25.44,26.8,-0.24,-0.89%,5875
EMPD,2025-01-29,25.7608,28.16,25.7608,26.64,-0.16,-0.60%,2987
EMPD,2025-01-30,26,27.36,25.936,27.352,0.712,+2.67%,1687
EMPD,2025-01-31,27.04,27.1992,26.192,26.8,-0.552,-2.02%,1437
EMPD,2025-02-03,25.44,27.04,25.44,26.72,-0.08,-0.30%,5787
EMPD,2025-02-04,45.68,80.8,24.48,25.6,-1.12,-4.19%,6948638
EMPD,2025-02-05,16.56,16.56,14.08,14.64,-10.96,-42.81%,484700
EMPD,2025-02-06,13.6,14.0072,12.88,13.12,-1.52,-10.38%,138387
EMPD,2025-02-07,12.8,13.04,11.8,12,-1.12,-8.54%,88787
EMPD,2025-02-10,12.24,12.24,9.84,10.08,-1.92,-16.00%,130062
EMPD,2025-02-11,10.08,10.08,8.8,9.12,-0.96,-9.52%,89425
EMPD,2025-02-12,9.2,9.6,8.96,9.2,0.08,+0.88%,58475
EMPD,2025-02-13,9.12,10.08,8.88,9.76,0.56,+6.09%,158650
EMPD,2025-02-14,10.24,11.52,8.8,8.8,-0.96,-9.84%,271337
EMPD,2025-02-18,8.64,8.64,7.68,8.4,-0.4,-4.55%,96937
EMPD,2025-02-19,8.56,8.56,8,8.08,-0.32,-3.81%,59912
EMPD,2025-02-20,8.32,8.32,7.6008,7.9512,-0.1288,-1.59%,41662
EMPD,2025-02-21,8.4,8.8,7.44,7.616,-0.3352,-4.22%,175800
EMPD,2025-02-24,7.6,7.7592,6.9952,7.3608,-0.2552,-3.35%,57412
EMPD,2025-02-25,7.22,7.28,6.9016,7.152,-0.2088,-2.84%,29600
EMPD,2025-02-26,7.28,7.6168,6.996,7.4456,0.2936,+4.11%,29162
EMPD,2025-02-27,8,10.96,7.3912,7.92,0.4744,+6.37%,1644712
EMPD,2025-02-28,7.52,7.68,6.1328,6.7992,-1.1208,-14.15%,112550
EMPD,2025-03-03,6.64,7.2616,6.4,6.736,-0.0632,-0.93%,66750
EMPD,2025-03-04,6.472,6.48,6.0448,6.36,-0.376,-5.58%,49725
EMPD,2025-03-05,6.32,6.6384,6.3064,6.544,0.184,+2.89%,9500
EMPD,2025-03-06,6.24,6.6328,6.24,6.5416,-0.0024,-0.04%,9987
EMPD,2025-03-07,6.404,6.64,5.2888,6.5712,0.0296,+0.45%,17762
EMPD,2025-03-10,7.1192,8.72,6.6544,7.9224,1.3512,+20.56%,289512
EMPD,2025-03-11,7.7224,7.8,6.4,6.944,-0.9784,-12.35%,57337
EMPD,2025-03-12,6.72,7.3424,6.636,7.12,0.176,+2.53%,16025
EMPD,2025-03-13,7.2,7.4392,6.888,6.9808,-0.1392,-1.96%,18887
EMPD,2025-03-14,7.04,7.3288,6.56,7.032,0.0512,+0.73%,32900
EMPD,2025-03-17,7.184,7.352,6.568,7.12,0.088,+1.25%,17612
EMPD,2025-03-18,7.36,7.76,6.796,6.928,-0.192,-2.70%,24975
EMPD,2025-03-19,7.112,7.112,6.7376,6.9552,0.0272,+0.39%,10762
EMPD,2025-03-20,6.8,7.84,6.8,7.624,0.6688,+9.62%,26700
EMPD,2025-03-21,7.76,7.76,6.984,7.04,-0.584,-7.66%,20975
EMPD,2025-03-24,7.2376,7.7768,7.04,7.4416,0.4016,+5.70%,46864
EMPD,2025-03-25,7.76,8.24,7.3768,8.16,0.7184,+9.65%,75500
EMPD,2025-03-26,8.16,8.56,8.16,8.28,0.12,+1.47%,66775
EMPD,2025-03-27,8.16,8.3992,7.8336,8,-0.28,-3.38%,17112
EMPD,2025-03-28,7.956,8.16,7.3768,7.6808,-0.3192,-3.99%,15562
EMPD,2025-03-31,7.84,7.84,6.7968,7.1392,-0.5416,-7.05%,21912
EMPD,2025-04-01,6.784,7.04,6.44,6.6752,-0.464,-6.50%,14025
EMPD,2025-04-02,6.6816,7.2144,6.492,6.816,0.1408,+2.11%,13950
EMPD,2025-04-03,6.78,7.12,6.32,6.552,-0.264,-3.87%,14487
EMPD,2025-04-04,6.6784,6.6784,5.7112,6,-0.552,-8.42%,19100
EMPD,2025-04-07,5.7616,6.32,5.7616,6.1416,0.1416,+2.36%,8187
EMPD,2025-04-08,6.712,6.712,5.776,5.9192,-0.2224,-3.62%,13300
EMPD,2025-04-09,5.92,6.1456,5.7608,6.108,0.1888,+3.19%,7562
EMPD,2025-04-10,6.2528,6.3896,5.7608,6.056,-0.052,-0.85%,3175
EMPD,2025-04-11,5.7632,6.32,5.72,6.264,0.208,+3.43%,5650
EMPD,2025-04-14,6.4,6.56,6,6.352,0.088,+1.40%,6925
EMPD,2025-04-15,6.4,6.72,6.28,6.64,0.288,+4.53%,8687
EMPD,2025-04-16,6.48,6.968,6.328,6.792,0.152,+2.29%,3912
EMPD,2025-04-17,6.56,6.64,6.1624,6.2456,-0.5464,-8.04%,3337
EMPD,2025-04-21,6.8184,6.8184,5.72,6.232,-0.0136,-0.22%,13012
EMPD,2025-04-22,6.08,6.32,6,6.32,0.088,+1.41%,4375
EMPD,2025-04-23,6.4,6.4808,6.24,6.472,0.152,+2.41%,5650
EMPD,2025-04-24,6.472,6.56,6.0056,6.312,-0.16,-2.47%,11700
EMPD,2025-04-25,6.3984,6.7424,6.2408,6.712,0.4,+6.34%,17737
EMPD,2025-04-28,6.5104,6.712,6.3296,6.568,-0.144,-2.15%,5375
EMPD,2025-04-29,6.7344,6.7344,6.32,6.5968,0.0288,+0.44%,10350
EMPD,2025-04-30,6.48,6.52,6.08,6.5168,-0.08,-1.21%,5350
EMPD,2025-05-01,6.5264,6.5264,6.32,6.3208,-0.196,-3.01%,3787
EMPD,2025-05-02,6.52,6.52,6.0896,6.328,0.0072,+0.11%,12000
EMPD,2025-05-05,6.1824,6.392,6.092,6.312,-0.016,-0.25%,7387
EMPD,2025-05-06,6.096,6.472,6.0896,6.2256,-0.0864,-1.37%,7787
EMPD,2025-05-07,6.144,6.3184,5.6392,5.776,-0.4496,-7.22%,23262
EMPD,2025-05-08,5.76,5.84,5.36,5.4472,-0.3288,-5.69%,26762
EMPD,2025-05-09,5.5568,5.5752,5.296,5.512,0.0648,+1.19%,13225
EMPD,2025-05-12,6,6,5.6088,5.92,0.408,+7.40%,16437
EMPD,2025-05-13,5.84,6.24,5.84,5.9296,0.0096,+0.16%,22375
EMPD,2025-05-14,5.9016,6,5.68,5.8248,-0.1048,-1.77%,12000
EMPD,2025-05-15,5.684,5.92,5.4568,5.6816,-0.1432,-2.46%,6850
EMPD,2025-05-16,5.48,5.7592,5.0992,5.1,-0.5816,-10.24%,22137
EMPD,2025-05-19,5.192,5.192,4.72,4.8192,-0.2808,-5.51%,27800
EMPD,2025-05-20,4.88,5.1192,4.7936,5.08,0.2608,+5.41%,15337
EMPD,2025-05-21,5.12,5.2,4.872,5.04,-0.04,-0.79%,10487
EMPD,2025-05-22,4.956,4.9856,4.8152,4.9336,-0.1064,-2.11%,11350
EMPD,2025-05-23,4.8376,4.96,4.412,4.5616,-0.372,-7.54%,28187
EMPD,2025-05-27,4.96,5.24,4.48,4.784,0.2224,+4.88%,393150
EMPD,2025-05-28,4.708,4.8768,4.4928,4.7192,-0.0648,-1.35%,32800
EMPD,2025-05-29,4.64,4.7936,4.4912,4.636,-0.0832,-1.76%,20425
EMPD,2025-05-30,4.56,4.636,4.4,4.5376,-0.0984,-2.12%,24712
EMPD,2025-06-02,4.4928,4.7552,4.4,4.6752,0.1376,+3.03%,19475
EMPD,2025-06-03,4.72,5.192,4.56,5.0856,0.4104,+8.78%,23437
EMPD,2025-06-04,5.2,5.832,5.064,5.584,0.4984,+9.80%,45487
EMPD,2025-06-05,5.6,5.6,5.36,5.432,-0.152,-2.72%,10662
EMPD,2025-06-06,5.52,5.6,5.16,5.36,-0.072,-1.33%,14350
EMPD,2025-06-09,5.36,5.36,5.216,5.2208,-0.1392,-2.60%,7412
EMPD,2025-06-10,4.7744,5.44,4.72,5.2192,-0.0016,-0.03%,48612
EMPD,2025-06-11,5.2776,5.4,4.96,5.272,0.0528,+1.01%,9425
EMPD,2025-06-12,5.43,6.15,5.05,5.7018,0.4298,+8.15%,115500
EMPD,2025-06-13,5.92,5.92,5.0649,5.21,-0.4918,-8.63%,113300
EMPD,2025-06-16,5.21,5.53,5.13,5.3089,0.0989,+1.90%,64000
EMPD,2025-06-17,5.43,5.43,5.1,5.2,-0.1089,-2.05%,32400
EMPD,2025-06-18,5.18,5.37,5.1201,5.13,-0.07,-1.35%,23700
EMPD,2025-06-20,5.46,6.53,5.3,6.41,1.28,+24.95%,216900
EMPD,2025-06-23,6.38,6.51,5.8,6.035,-0.375,-5.85%,76100
EMPD,2025-06-24,6.02,6.455,5.5,5.82,-0.215,-3.56%,41400
EMPD,2025-06-25,5.84,6.35,5.8,6.25,0.43,+7.39%,48800
EMPD,2025-06-26,6.17,6.75,6.13,6.72,0.47,+7.52%,61000
EMPD,2025-06-27,6.65,7.01,6.6,6.85,0.13,+1.93%,46000
EMPD,2025-06-30,6.83,7.02,6.67,6.9601,0.1101,+1.61%,26900
EMPD,2025-07-01,7.085,7.085,6.68,6.785,-0.1751,-2.52%,23800
EMPD,2025-07-02,6.71,6.985,6.5,6.985,0.2,+2.95%,28700
EMPD,2025-07-03,6.99,7.17,6.88,7.105,0.12,+1.72%,29300
EMPD,2025-07-07,7.33,7.445,6.7001,7,-0.105,-1.48%,28400
EMPD,2025-07-08,6.93,7.54,6.85,7.46,0.46,+6.57%,39200
EMPD,2025-07-09,7.39,7.97,7.39,7.7,0.24,+3.22%,29700
EMPD,2025-07-10,7.8,8,7.7326,7.85,0.15,+1.95%,27900
EMPD,2025-07-11,7.8,8.2024,7.8,8.1383,0.2883,+3.67%,22400
EMPD,2025-07-14,8,8,7.61,7.74,-0.3983,-4.89%,14600
EMPD,2025-07-15,7.61,7.78,7.16,7.7462,0.0062,+0.08%,44100
EMPD,2025-07-16,7.9,9.38,7.9,9.2243,1.4781,+19.08%,118500
EMPD,2025-07-17,40.73,44.09,20.83,21.61,12.3857,+134.27%,30489200
EMPD,2025-07-18,19.5,19.9,15.61,17.11,-4.5,-20.82%,1059900
EMPD,2025-07-21,16.6,18.3764,15.5701,16.74,-0.37,-2.16%,1131600
EMPD,2025-07-22,18.15,19,14.1813,15.8,-0.94,-5.62%,435600
EMPD,2025-07-23,15.01,15.7,14.15,14.2,-1.6,-10.13%,221000
EMPD,2025-07-24,13.44,14.2153,13.3382,13.57,-0.63,-4.44%,144800
EMPD,2025-07-25,15.8,15.8,12.89,13.4,-0.17,-1.25%,990900
EMPD,2025-07-28,12.5,13,12.26,12.3,-1.1,-8.21%,347300
EMPD,2025-07-29,12.75,12.79,11.65,12.24,-0.06,-0.49%,242700
EMPD,2025-07-30,11.4,12.22,10.255,10.57,-1.67,-13.64%,431000
EMPD,2025-07-31,10.5,10.7733,10.1,10.18,-0.39,-3.69%,127600
EMPD,2025-08-01,9.8,10.04,9.5,9.75,-0.43,-4.22%,104400
EMPD,2025-08-04,9.5,9.725,8.8,9.04,-0.71,-7.28%,223400
EMPD,2025-08-05,8.86,10.4584,8.86,9.76,0.72,+7.96%,114200
EMPD,2025-08-06,9.8,10.3743,9.6903,10.19,0.43,+4.41%,68100
EMPD,2025-08-07,10.45,10.45,9.75,10.01,-0.18,-1.77%,54700
EMPD,2025-08-08,9.67,10,9.55,9.8,-0.21,-2.10%,64700
EMPD,2025-08-11,9.99,10.38,9.9006,10.3,0.5,+5.10%,136300
EMPD,2025-08-12,10.01,11.2,10.01,11.075,0.775,+7.52%,158800
EMPD,2025-08-13,11,11.3706,10.35,10.52,-0.555,-5.01%,185400
EMPD,2025-08-14,10.37,10.8153,9.9,10.31,-0.21,-2.00%,220100
EMPD,2025-08-15,9.96,10.15,8.801,9,-1.31,-12.71%,410900
EMPD,2025-08-18,7.68,7.7,6.86,7.23,-1.77,-19.67%,2974700
EMPD,2025-08-19,7.38,7.4,7.07,7.19,-0.04,-0.55%,534600
EMPD,2025-08-20,7.22,7.41,7.11,7.295,0.105,+1.46%,408300
EMPD,2025-08-21,7.5,7.5,7.16,7.33,0.035,+0.48%,1421500
EMPD,2025-08-22,7.32,7.7,7.18,7.52,0.19,+2.59%,2102100
EMPD,2025-08-25,7.37,7.6402,7.1,7.22,-0.3,-3.99%,886500
EMPD,2025-08-26,7.05,7.3055,6.9,6.91,-0.31,-4.29%,858100
EMPD,2025-08-27,7.06,7.16,6.75,7.02,0.11,+1.59%,538300
EMPD,2025-08-28,6.95,7.35,6.95,6.99,-0.03,-0.43%,529700
EMPD,2025-08-29,6.9,7.17,6.8,7.05,0.06,+0.86%,446500
EMPD,2025-09-02,7.14,7.2806,7.05,7.16,0.11,+1.56%,448300
EMPD,2025-09-03,7.02,7.24,7.02,7.15,-0.01,-0.14%,895400
EMPD,2025-09-04,7.01,7.18,6.5,6.86,-0.29,-4.06%,1056300
EMPD,2025-09-05,7.09,7.15,6.75,6.98,0.12,+1.75%,549800
EMPD,2025-09-08,7.09,7.25,6.92,6.96,-0.02,-0.29%,1063000
EMPD,2025-09-09,7.01,7.37,6.992,7.03,0.07,+1.01%,817600
EMPD,2025-09-10,7.15,7.29,7.02,7.09,0.06,+0.85%,978600
EMPD,2025-09-11,7.06,7.5,7.06,7.14,0.05,+0.71%,641500
EMPD,2025-09-12,7.14,7.42,7.02,7.08,-0.06,-0.84%,905900
EMPD,2025-09-15,6.92,7.33,6.92,7.31,0.23,+3.25%,487900
EMPD,2025-09-16,7.34,7.67,7.24,7.58,0.27,+3.69%,660300
EMPD,2025-09-17,7.42,7.85,7.42,7.58,0,0.00%,837900
EMPD,2025-09-18,7.6,7.925,7.49,7.73,0.15,+1.98%,1173400
EMPD,2025-09-19,7.5,7.79,7.42,7.62,-0.11,-1.42%,3474600
EMPD,2025-09-22,7.63,8.09,7.51,7.94,0.32,+4.20%,1714400
EMPD,2025-09-23,7.78,8.03,7.71,7.73,-0.21,-2.64%,681100
EMPD,2025-09-24,7.63,8.17,7.63,7.94,0.21,+2.72%,1177400
EMPD,2025-09-25,7.79,7.905,7.5,7.53,-0.41,-5.16%,586000
EMPD,2025-09-26,7.55,7.748,7.48,7.69,0.16,+2.12%,659600
EMPD,2025-09-29,7.75,8.02,7.58,7.64,-0.05,-0.65%,1764700
EMPD,2025-09-30,7.53,7.705,7.35,7.52,-0.12,-1.57%,957600
EMPD,2025-10-01,7.53,7.72,7.53,7.61,0.09,+1.20%,1368600
EMPD,2025-10-02,7.56,7.87,7.54,7.84,0.23,+3.02%,993700
EMPD,2025-10-03,7.85,7.89,7.575,7.78,-0.06,-0.77%,1015900
EMPD,2025-10-06,7.8,8.1099,7.65,7.95,0.17,+2.19%,831800
EMPD,2025-10-07,7.94,8.02,7.59,7.68,-0.27,-3.40%,1429000
EMPD,2025-10-08,7.7,8.1,7.63,8,0.32,+4.17%,1056100
EMPD,2025-10-09,8.01,8.1,7.78,7.95,-0.05,-0.63%,833700
EMPD,2025-10-10,7.99,8.04,7.525,7.59,-0.36,-4.53%,680000
EMPD,2025-10-13,7.83,7.8507,7.35,7.45,-0.14,-1.84%,932300
EMPD,2025-10-14,7.42,7.44,7.07,7.29,-0.16,-2.15%,786100
EMPD,2025-10-15,7.31,7.765,7.11,7.27,-0.02,-0.27%,1156800
EMPD,2025-10-16,7.21,7.45,6.84,6.86,-0.41,-5.64%,1045000
EMPD,2025-10-17,6.69,6.79,6.45,6.66,-0.2,-2.92%,969900
EMPD,2025-10-20,6.82,7.25,6.775,7.01,0.35,+5.26%,772000
EMPD,2025-10-21,7,7.05,6.84,6.96,-0.05,-0.71%,759000
EMPD,2025-10-22,6.84,6.84,6.3,6.48,-0.48,-6.90%,983600
EMPD,2025-10-23,6.47,6.97,6.47,6.9,0.42,+6.48%,867500
EMPD,2025-10-24,7,7.01,6.705,6.81,-0.09,-1.30%,646700
EMPD,2025-10-27,7,7.345,7,7.15,0.34,+4.99%,815200
EMPD,2025-10-28,7.15,7.15,6.87,6.93,-0.22,-3.08%,700600
EMPD,2025-10-29,6.9,7.1,6.71,6.91,-0.02,-0.29%,1181900
EMPD,2025-10-30,6.87,6.99,6.67,6.69,-0.22,-3.18%,596000
EMPD,2025-10-31,6.69,7.11,6.69,6.97,0.28,+4.19%,717400
EMPD,2025-11-03,6.94,7.06,6.74,6.86,-0.11,-1.58%,1005600
EMPD,2025-11-04,6.63,6.68,6.22,6.23,-0.63,-9.18%,928500
EMPD,2025-11-05,6.23,6.64,6.18,6.61,0.38,+6.10%,1350600
EMPD,2025-11-06,6.63,6.63,6.265,6.38,-0.23,-3.48%,724100
EMPD,2025-11-07,6.3,6.49,6.24,6.42,0.04,+0.63%,488800
EMPD,2025-11-10,6.53,6.61,6.45,6.53,0.11,+1.71%,519800
EMPD,2025-11-11,6.6,6.6,6.04,6.1,-0.43,-6.58%,797600
EMPD,2025-11-12,6.22,6.44,5.87,5.99,-0.11,-1.80%,924800
EMPD,2025-11-13,5.92,6.215,5.85,5.92,-0.07,-1.17%,666900
EMPD,2025-11-14,5.76,5.84,5.54,5.56,-0.36,-6.08%,642400
EMPD,2025-11-17,5.53,5.61,4.99,5.09,-0.47,-8.45%,1327600
EMPD,2025-11-18,5.05,5.2,4.96,5.02,-0.07,-1.38%,2115300
EMPD,2025-11-19,4.98,5.04,4.79,4.88,-0.14,-2.79%,849200
EMPD,2025-11-20,4.99,5.12,4.63,4.64,-0.24,-4.92%,1179200
EMPD,2025-11-21,4.63,4.82,4.51,4.7,0.06,+1.29%,1414900
EMPD,2025-11-24,4.73,4.995,4.695,4.96,0.26,+5.53%,1206500
EMPD,2025-11-25,4.93,4.97,4.82,4.93,-0.03,-0.60%,603900
EMPD,2025-11-26,4.96,5.22,4.89,5.18,0.25,+5.07%,1277100
EMPD,2025-11-28,5.23,5.59,5.215,5.4,0.22,+4.25%,807700
EMPD,2025-12-01,5.07,5.07,4.73,4.795,-0.605,-11.20%,839500
EMPD,2025-12-02,4.91,5.23,4.81,4.825,0.03,+0.63%,1963100
EMPD,2025-12-03,4.85,4.99,4.72,4.96,0.135,+2.80%,1017300
EMPD,2025-12-04,4.96,5.08,4.88,5.06,0.1,+2.02%,594700
EMPD,2025-12-05,5.05,5.05,4.62,4.7,-0.36,-7.11%,884900
EMPD,2025-12-08,4.72,4.87,4.67,4.76,0.06,+1.28%,756500
EMPD,2025-12-09,4.86,5.125,4.73,5.01,0.25,+5.25%,911100
EMPD,2025-12-10,4.96,4.96,4.68,4.85,-0.16,-3.19%,794200
EMPD,2025-12-11,4.81,4.82,4.662,4.82,-0.03,-0.62%,414700
EMPD,2025-12-12,4.81,4.97,4.64,4.65,-0.17,-3.53%,632700
EMPD,2025-12-15,4.66,4.69,4.185,4.21,-0.44,-9.46%,682800
EMPD,2025-12-16,4.18,4.41,4.14,4.4,0.19,+4.51%,332900
EMPD,2025-12-17,4.41,4.5,4.16,4.19,-0.21,-4.77%,609100
EMPD,2025-12-18,4.29,4.415,4.14,4.18,-0.01,-0.24%,475900
EMPD,2025-12-19,4.22,4.41,4.22,4.4,0.22,+5.26%,970500
EMPD,2025-12-22,4.43,4.52,4.26,4.29,-0.11,-2.50%,789900
EMPD,2025-12-23,4.25,4.25,4.13,4.18,-0.11,-2.56%,763700
EMPD,2025-12-24,4.18,4.18,4.035,4.15,-0.03,-0.72%,379700
EMPD,2025-12-26,4.18,4.37,4.145,4.35,0.2,+4.82%,409800
EMPD,2025-12-29,4.3,4.55,4.3,4.41,0.06,+1.38%,437700
EMPD,2025-12-30,4.41,4.6,4.39,4.46,0.05,+1.13%,348400
EMPD,2025-12-31,4.45,4.57,4.41,4.565,0.105,+2.35%,332900
EMPD,2026-01-02,4.58,4.785,4.5501,4.65,0.085,+1.86%,314700
EMPD,2026-01-05,4.75,4.965,4.71,4.92,0.27,+5.81%,647400
EMPD,2026-01-06,4.92,4.98,4.715,4.87,-0.05,-1.02%,332500
EMPD,2026-01-07,4.85,4.9,4.65,4.69,-0.18,-3.70%,321100
EMPD,2026-01-08,4.66,4.905,4.63,4.8,0.11,+2.35%,283100
EMPD,2026-01-09,4.83,4.8898,4.73,4.81,0.01,+0.21%,272300
EMPD,2026-01-12,4.81,4.87,4.63,4.77,-0.04,-0.83%,203600
EMPD,2026-01-13,4.8,4.835,4.56,4.79,0.02,+0.42%,684900
EMPD,2026-01-14,4.81,4.99,4.69,4.95,0.16,+3.34%,715400
EMPD,2026-01-15,4.92,4.945,4.71,4.82,-0.13,-2.63%,2106500
EMPD,2026-01-16,4.83,4.91,4.8,4.84,0.02,+0.41%,275100
EMPD,2026-01-20,4.7,4.7,4.125,4.16,-0.68,-14.05%,2049300
EMPD,2026-01-21,4.31,4.47,4.145,4.47,0.31,+7.45%,2456700
EMPD,2026-01-22,4.47,4.53,4.26,4.43,-0.04,-0.89%,613400
EMPD,2026-01-23,4.44,4.545,4.3,4.53,0.1,+2.26%,389800
EMPD,2026-01-26,4.53,4.7121,4.44,4.67,0.14,+3.09%,1571800
EMPD,2026-01-27,4.67,4.995,4.61,4.97,0.3,+6.42%,1010500
EMPD,2026-01-28,4.99,5.2,4.8,5.09,0.12,+2.41%,1262600
EMPD,2026-01-29,5.09,5.1199,4.68,4.86,-0.23,-4.52%,766300
EMPD,2026-01-30,4.79,5.01,4.71,4.91,0.05,+1.03%,979900
EMPD,2026-02-02,4.97,5.04,4.46,4.76,-0.15,-3.05%,1682600
EMPD,2026-02-03,4.75,4.85,4.45,4.64,-0.12,-2.52%,1841300
EMPD,2026-02-04,4.67,4.72,4.37,4.5,-0.14,-3.02%,1889500
EMPD,2026-02-05,4.44,4.44,3.185,3.26,-1.24,-27.56%,2327600
EMPD,2026-02-06,3.39,3.995,3.38,3.72,0.46,+14.11%,1920200
EMPD,2026-02-09,3.65,3.925,3.55,3.89,0.17,+4.57%,847400
EMPD,2026-02-10,3.83,3.8899,3.74,3.81,-0.08,-2.06%,767700
EMPD,2026-02-11,3.88,3.88,3.5718,3.68,-0.13,-3.41%,756300
EMPD,2026-02-12,3.67,3.67,3.44,3.5,-0.18,-4.89%,744300
EMPD,2026-02-13,3.62,3.84,3.59,3.76,0.26,+7.43%,1204800
EMPD,2026-02-17,3.77,3.91,3.62,3.86,0.1,+2.66%,1187700
EMPD,2026-02-18,3.83,3.84,3.63,3.7,-0.16,-4.15%,945100
EMPD,2026-02-19,3.68,3.73,3.5,3.73,0.03,+0.81%,910000
EMPD,2026-02-20,3.7,3.8755,3.69,3.84,0.11,+2.95%,829200
EMPD,2026-02-23,3.85,4,3.57,3.6,-0.24,-6.25%,1153500
EMPD,2026-02-24,3.53,3.68,3.39,3.66,0.06,+1.67%,888000
EMPD,2026-02-25,3.73,4.145,3.69,4.13,0.47,+12.84%,1594800
EMPD,2026-02-26,3.99,4.06,3.91,3.97,-0.16,-3.87%,965200
EMPD,2026-02-27,3.86,3.865,3.76,3.78,-0.19,-4.79%,716600
EMPD,2026-03-02,3.71,4.18,3.6617,4.14,0.36,+9.52%,1441800
EMPD,2026-03-03,3.98,4.0918,3.76,3.93,-0.21,-5.07%,1371700
EMPD,2026-03-04,4.06,4.52,4.06,4.44,0.51,+12.98%,1770900
EMPD,2026-03-05,4.28,4.53,4.2772,4.31,-0.13,-2.93%,1162700
EMPD,2026-03-06,4.25,4.365,4.0596,4.16,-0.15,-3.48%,876344
EMPD,2026-03-09,4.18,4.34,4.125,4.28,0.12,+2.88%,997600
EMPD,2026-03-10,4.32,4.5474,4.17,4.19,-0.09,-2.10%,929500
EMPD,2026-03-11,4.18,4.49,4.15,4.43,0.24,+5.73%,988900
EMPD,2026-03-12,4.4,4.4464,4.1799,4.4,-0.03,-0.68%,945600
EMPD,2026-03-13,4.47,4.72,4.29,4.39,-0.01,-0.23%,568100
EMPD,2026-03-16,4.63,4.815,4.55,4.74,0.35,+7.97%,992700
EMPD,2026-03-17,4.73,4.955,4.65,4.83,0.09,+1.90%,1026700
EMPD,2026-03-18,4.65,4.695,4.5299,4.57,-0.26,-5.38%,854600
EMPD,2026-03-19,4.45,4.62,4.38,4.53,-0.04,-0.88%,921600
EMPD,2026-03-20,4.47,4.505,4.16,4.27,-0.26,-5.74%,463400
EMPD,2026-03-23,4.24,4.56,4.21,4.36,0.09,+2.11%,1109500
EMPD,2026-03-24,4.29,4.33,4.07,4.31,-0.05,-1.15%,985600
EMPD,2026-03-25,4.37,4.5201,4.22,4.35,0.04,+0.93%,970900
EMPD,2026-03-26,4.28,4.365,4.135,4.17,-0.18,-4.14%,907700
EMPD,2026-03-27,4.07,4.1001,3.91,3.97,-0.2,-4.80%,924600
EMPD,2026-03-30,4.03,4.35,3.985,4.2,0.23,+5.79%,1516700
EMPD,2026-03-31,4.26,4.415,4.175,4.23,0.03,+0.71%,1089800
EMPD,2026-04-01,4.29,4.325,3.92,4.23,0,0.00%,840900
EMPD,2026-04-02,4.05,4.34,3.975,4.22,-0.01,-0.24%,1011400
EMPD,2026-04-06,4.28,4.57,4.27,4.44,0.22,+5.21%,1232800
EMPD,2026-04-07,4.34,4.445,4.09,4.38,-0.06,-1.35%,825900
EMPD,2026-04-08,4.56,4.81,4.56,4.6,0.22,+5.02%,1005200
EMPD,2026-04-09,4.56,4.765,4.56,4.72,0.12,+2.61%,719100
EMPD,2026-04-10,4.74,4.81,4.695,4.79,0.07,+1.48%,783900
EMPD,2026-04-13,4.67,4.93,4.6,4.89,0.1,+2.09%,798800
EMPD,2026-04-14,4.93,5.06,4.85,4.9,0.01,+0.20%,745400
EMPD,2026-04-15,4.94,4.97,4.735,4.89,-0.01,-0.20%,745300
EMPD,2026-04-16,4.89,5.07,4.8207,5.04,0.15,+3.07%,526000
EMPD,2026-04-17,5.1,5.355,5.1,5.22,0.18,+3.57%,509900
EMPD,2026-04-20,5.1,5.185,4.975,5.13,-0.09,-1.72%,383300
EMPD,2026-04-21,5.14,5.19,4.99,5.01,-0.12,-2.34%,334200
EMPD,2026-04-22,5.09,5.39,5.07,5.28,0.27,+5.39%,291800
EMPD,2026-04-23,5.18,5.325,5.1,5.21,-0.07,-1.33%,272700
EMPD,2026-04-24,5.24,5.31,4.92,4.95,-0.26,-4.99%,215700
EMPG,2025-07-02,4.26,5.25,4.15,4.35,-0.6,-12.12%,1379200
EMPG,2025-07-03,6.38,6.85,3.9,3.91,-0.44,-10.11%,8972400
EMPG,2025-07-07,3.5,3.56,3.11,3.21,-0.7,-17.90%,737900
EMPG,2025-07-08,3.25,3.32,3.1,3.12,-0.09,-2.80%,290200
EMPG,2025-07-09,3.09,3.09,2.55,2.87,-0.25,-8.01%,581800
EMPG,2025-07-10,2.76,3.175,2.75,3.03,0.16,+5.57%,226800
EMPG,2025-07-11,2.99,3.16,2.9,3.0529,0.0229,+0.76%,127200
EMPG,2025-07-14,2.97,2.9997,2.8,2.87,-0.1829,-5.99%,111400
EMPG,2025-07-15,2.96,2.96,2.74,2.74,-0.13,-4.53%,67100
EMPG,2025-07-16,2.79,2.9782,2.76,2.85,0.11,+4.01%,147900
EMPG,2025-07-17,2.93,3.19,2.87,3.12,0.27,+9.47%,175300
EMPG,2025-07-18,3.12,3.1299,3.03,3.09,-0.03,-0.96%,64300
EMPG,2025-07-21,3.01,3.98,3,3.7,0.61,+19.74%,432800
EMPG,2025-07-22,3.8,4.2,3.62,3.8,0.1,+2.70%,259400
EMPG,2025-07-23,3.69,3.9053,3.64,3.64,-0.16,-4.21%,40900
EMPG,2025-07-24,3.69,3.9,3.69,3.72,0.08,+2.20%,70300
EMPG,2025-07-25,3.69,3.7663,3.245,3.3,-0.42,-11.29%,122100
EMPG,2025-07-28,3.3,3.34,3.07,3.19,-0.11,-3.33%,38000
EMPG,2025-07-29,3.1,4.1,3.05,3.81,0.62,+19.44%,295500
EMPG,2025-07-30,3.85,4.85,3.85,4.5,0.69,+18.11%,864600
EMPG,2025-07-31,4.47,5.54,4.47,5.39,0.89,+19.78%,996400
EMPG,2025-08-01,5.5,5.82,5.11,5.56,0.17,+3.15%,567200
EMPG,2025-08-04,5.56,6,5.56,6,0.44,+7.91%,299000
EMPG,2025-08-05,6.08,6.25,5.65,6.07,0.07,+1.17%,272600
EMPG,2025-08-06,6.08,6.5,5.71,6.14,0.07,+1.15%,269700
EMPG,2025-08-07,6.28,7,6.1524,6.97,0.83,+13.52%,408900
EMPG,2025-08-08,6.9,7.0661,6.35,6.66,-0.31,-4.45%,221900
EMPG,2025-08-11,6.6,6.8823,6.6,6.87,0.21,+3.15%,130100
EMPG,2025-08-12,7,7,6.76,6.92,0.05,+0.73%,163400
EMPG,2025-08-13,6.95,6.9769,6.5639,6.69,-0.23,-3.32%,185800
EMPG,2025-08-14,6.79,6.85,6.66,6.84,0.15,+2.24%,167700
EMPG,2025-08-15,6.93,7.4862,6.7,6.995,0.155,+2.27%,261500
EMPG,2025-08-18,6.98,7.3,6.98,7.3,0.305,+4.36%,183700
EMPG,2025-08-19,7.06,7.86,6.0001,7.48,0.18,+2.47%,1268000
EMPG,2025-08-20,7.12,7.4828,7.11,7.38,-0.1,-1.34%,90600
EMPG,2025-08-21,7.21,7.6975,7.17,7.33,-0.05,-0.68%,70700
EMPG,2025-08-22,7.36,8.48,6.9,8.48,1.15,+15.69%,2405700
EMPG,2025-08-25,8.19,10.3499,8.19,9.82,1.34,+15.80%,400300
EMPG,2025-08-26,9.73,10.69,8.3,9.8,-0.02,-0.20%,850700
EMPG,2025-08-27,10,10.33,9.8,9.83,0.03,+0.31%,203200
EMPG,2025-08-28,10.1481,10.2999,9.29,9.5,-0.33,-3.36%,220700
EMPG,2025-08-29,9.5,11.8592,8.5,10.5,1,+10.53%,2254000
EMPG,2025-09-02,10.23,10.478,8.42,9.29,-1.21,-11.52%,95600
EMPG,2025-09-03,8.95,9.16,8.15,9.01,-0.28,-3.01%,303100
EMPG,2025-09-04,9.21,10.77,8.5106,9.3,0.29,+3.22%,2040000
EMPG,2025-09-05,9.66,9.96,9.35,9.59,0.29,+3.12%,202800
EMPG,2025-09-08,9.8,9.85,9.6,9.84,0.25,+2.61%,127800
EMPG,2025-09-09,9.91,10.2,9.84,9.99,0.15,+1.52%,262900
EMPG,2025-09-10,10.6,11.51,10.5,11.49,1.5,+15.02%,366700
EMPG,2025-09-11,12,13.39,11.6,13.39,1.9,+16.54%,1097000
EMPG,2025-09-12,12.4,12.49,11.5,11.5,-1.89,-14.12%,490600
EMPG,2025-09-15,11.92,12.3,11.7706,12.3,0.8,+6.96%,595000
EMPG,2025-09-16,12.3,13.3,11.6,13,0.7,+5.69%,293700
EMPG,2025-09-17,12.63,13.89,12.6126,13,0,0.00%,117800
EMPG,2025-09-18,13.5,13.5,12.61,13.1,0.1,+0.77%,203300
EMPG,2025-09-19,13,13.25,11.88,13.13,0.03,+0.23%,154300
EMPG,2025-09-22,12.75,15.2,12.6152,14.955,1.825,+13.90%,1111200
EMPG,2025-09-23,14.32,15.25,13.8,14.6,-0.355,-2.37%,951900
EMPG,2025-09-24,14.6,14.9778,14.53,14.64,0.04,+0.27%,122400
EMPG,2025-09-25,14.74,16.2399,14.4,15.86,1.22,+8.33%,224900
EMPG,2025-09-26,15.94,16.88,15.8,16.88,1.02,+6.43%,145300
EMPG,2025-09-29,17.5,18.1399,16,17.38,0.5,+2.96%,470100
EMPG,2025-09-30,16.94,17.4199,14.7,16.83,-0.55,-3.16%,1253300
EMPG,2025-10-01,16.65,17.2,16.21,16.97,0.14,+0.83%,376700
EMPG,2025-10-02,16.89,17,16.42,16.69,-0.28,-1.65%,324000
EMPG,2025-10-03,16.7,17.19,16.36,17.1,0.41,+2.46%,333400
EMPG,2025-10-06,17,17.2,16.6,16.73,-0.37,-2.16%,195800
EMPG,2025-10-07,16.81,18,16.81,17.76,1.03,+6.16%,777400
EMPG,2025-10-08,17.8,17.88,17.01,17.36,-0.4,-2.25%,386600
EMR,2014-12-31,62.63,62.84,61.67,61.73,44.37,+255.59%,2225000
EMR,2015-01-02,61.84,62.25,60.99,61.79,0.06,+0.10%,3396000
EMR,2015-01-05,61.83,62.16,60.45,60.52,-1.27,-2.06%,7148400
EMR,2015-01-06,60.74,60.86,59.73,60.42,-0.1,-0.17%,5451800
EMR,2015-01-07,61,61.02,60.07,60.29,-0.13,-0.22%,5283500
EMR,2015-01-08,60.73,61.93,60.56,61.87,1.58,+2.62%,4899200
EMR,2015-01-09,61.82,61.97,60.37,60.9,-0.97,-1.57%,3638500
EMR,2015-01-12,60.63,60.76,59.6,60.17,-0.73,-1.20%,5807400
EMR,2015-01-13,60.53,61.16,59.55,60.08,-0.09,-0.15%,4379400
EMR,2015-01-14,59.27,59.66,58.64,59.62,-0.46,-0.77%,6715100
EMR,2015-01-15,60.03,60.1,59.22,59.38,-0.24,-0.40%,6035100
EMR,2015-01-16,59.23,60.4,59.13,60.35,0.97,+1.63%,7268000
EMR,2015-01-20,60.76,60.93,59.81,60.48,0.13,+0.22%,5774800
EMR,2015-01-21,60.44,61.28,60.06,60.98,0.5,+0.83%,4490200
EMR,2015-01-22,60.3,60.48,59.49,59.81,-1.17,-1.92%,9337600
EMR,2015-01-23,59.51,59.64,58.05,58.12,-1.69,-2.83%,9666000
EMR,2015-01-26,58.21,59.48,57.53,59.43,1.31,+2.25%,7435700
EMR,2015-01-27,57.35,58.33,57.12,57.3,-2.13,-3.58%,9315200
EMR,2015-01-28,57.46,57.8,56.19,56.23,-1.07,-1.87%,7567300
EMR,2015-01-29,56.09,57.19,55.81,56.88,0.65,+1.16%,7405400
EMR,2015-01-30,56.53,57.55,56.48,56.94,0.06,+0.11%,8147100
EMR,2015-02-02,57.06,59.17,57.03,58.97,2.03,+3.57%,10199100
EMR,2015-02-03,58.15,60,57.58,59.44,0.47,+0.80%,20572800
EMR,2015-02-04,59.14,59.35,57.13,57.33,-2.11,-3.55%,10933900
EMR,2015-02-05,57.33,57.66,56.81,57.15,-0.18,-0.31%,8895100
EMR,2015-02-06,57.16,57.49,56.82,57.03,-0.12,-0.21%,6159900
EMR,2015-02-09,56.77,57.71,56.75,57.35,0.32,+0.56%,6025600
EMR,2015-02-10,57.55,58.13,57.02,58.04,0.69,+1.20%,6049900
EMR,2015-02-11,57.82,57.96,57.19,57.69,-0.35,-0.60%,4182700
EMR,2015-02-12,57.71,58.67,57.68,58.6,0.91,+1.58%,4897000
EMR,2015-02-13,58.68,59.31,58.55,58.68,0.08,+0.14%,3796500
EMR,2015-02-17,58.59,58.62,58.17,58.3,-0.38,-0.65%,3499800
EMR,2015-02-18,58.17,59.24,58.16,58.85,0.55,+0.94%,3309300
EMR,2015-02-19,58.67,58.96,58.35,58.69,-0.16,-0.27%,3185300
EMR,2015-02-20,58.53,58.77,57.78,58.67,-0.02,-0.03%,5883400
EMR,2015-02-23,58.67,58.76,58.24,58.74,0.07,+0.12%,4148700
EMR,2015-02-24,58.41,58.72,57.96,58.55,-0.19,-0.32%,5259500
EMR,2015-02-25,58.72,58.79,57.8,58.3,-0.25,-0.43%,5087200
EMR,2015-02-26,58.23,58.4,57.91,57.94,-0.36,-0.62%,3878600
EMR,2015-02-27,58.01,58.26,57.88,57.92,-0.02,-0.03%,4779000
EMR,2015-03-02,58.01,58.51,57.9,58.33,0.41,+0.71%,3693200
EMR,2015-03-03,57.96,58.46,57.92,58.38,0.05,+0.09%,3097300
EMR,2015-03-04,58.08,58.26,57.5,57.78,-0.6,-1.03%,3451600
EMR,2015-03-05,57.77,58.08,57.45,58.08,0.3,+0.52%,4852600
EMR,2015-03-06,57.45,57.45,56.34,56.56,-1.52,-2.62%,7698300
EMR,2015-03-09,56.92,57.33,56.65,57.1,0.54,+0.95%,6179700
EMR,2015-03-10,56.54,56.54,55.9,56.09,-1.01,-1.77%,6115200
EMR,2015-03-11,56.34,56.36,55.5,55.51,-0.58,-1.03%,4172100
EMR,2015-03-12,55.68,56.16,55.63,56.05,0.54,+0.97%,4695600
EMR,2015-03-13,55.92,55.94,54.95,55.26,-0.79,-1.41%,4879200
EMR,2015-03-16,55.48,56.25,55.46,56.23,0.97,+1.76%,4967100
EMR,2015-03-17,55.72,55.88,55.48,55.69,-0.54,-0.96%,4235700
EMR,2015-03-18,55.54,57.09,55.02,56.78,1.09,+1.96%,5922400
EMR,2015-03-19,56.37,56.6,55.79,56.27,-0.51,-0.90%,3907700
EMR,2015-03-20,56.51,56.79,56.24,56.69,0.42,+0.75%,8023300
EMR,2015-03-23,56.73,57.16,56.62,56.93,0.24,+0.42%,4194500
EMR,2015-03-24,56.87,56.96,56.54,56.81,-0.12,-0.21%,6166600
EMR,2015-03-25,57,57.13,56.48,56.6,-0.21,-0.37%,5731900
EMR,2015-03-26,56.19,56.8,55.9,56.47,-0.13,-0.23%,5074500
EMR,2015-03-27,56.65,56.65,56,56.54,0.07,+0.12%,3677600
EMR,2015-03-30,56.72,57.24,56.56,56.59,0.05,+0.09%,4314300
EMR,2015-03-31,56.36,56.68,55.8,56.62,0.03,+0.05%,6236900
EMR,2015-04-01,56.26,56.33,55.72,55.89,-0.73,-1.29%,4704600
EMR,2015-04-02,55.91,56.26,55.5,55.54,-0.35,-0.63%,5912800
EMR,2015-04-06,55.88,57.75,55.25,56.99,1.45,+2.61%,7784600
EMR,2015-04-07,56.68,56.87,56.16,56.47,-0.52,-0.91%,4364200
EMR,2015-04-08,56.36,56.93,56.2,56.74,0.27,+0.48%,4925700
EMR,2015-04-09,56.63,57.15,56.58,56.72,-0.02,-0.04%,5385400
EMR,2015-04-10,56.88,57.02,56.53,56.85,0.13,+0.23%,3712300
EMR,2015-04-13,56.92,58.46,56.87,58.4,1.55,+2.73%,9402600
EMR,2015-04-14,58.16,58.59,57.96,58.33,-0.07,-0.12%,4561600
EMR,2015-04-15,58.65,59.3,58.55,59.16,0.83,+1.42%,4734700
EMR,2015-04-16,58.86,59.15,58.61,58.91,-0.25,-0.42%,3919900
EMR,2015-04-17,58.54,58.57,57.87,58.43,-0.48,-0.81%,5091300
EMR,2015-04-20,58.67,59.21,58.63,58.7,0.27,+0.46%,3552800
EMR,2015-04-21,58.72,58.97,57.77,58.22,-0.48,-0.82%,3642100
EMR,2015-04-22,58.21,58.29,57.51,58.15,-0.07,-0.12%,3622500
EMR,2015-04-23,57.75,58.58,57.56,58.21,0.06,+0.10%,3775400
EMR,2015-04-24,57.87,58.19,57.31,57.65,-0.56,-0.96%,3953600
EMR,2015-04-27,57.81,58.67,57.77,58.46,0.81,+1.41%,3909000
EMR,2015-04-28,58.21,58.82,58.02,58.66,0.2,+0.34%,3464800
EMR,2015-04-29,58.45,59.28,58.01,59.09,0.43,+0.73%,4709500
EMR,2015-04-30,59.01,59.36,58.55,58.83,-0.26,-0.44%,3988000
EMR,2015-05-01,59.04,59.39,58.83,59.33,0.5,+0.85%,3016100
EMR,2015-05-04,59.59,59.81,59.32,59.49,0.16,+0.27%,3809200
EMR,2015-05-05,57.61,58.87,57.5,58.4,-1.09,-1.83%,8422700
EMR,2015-05-06,58.39,58.48,57.53,58.22,-0.18,-0.31%,6646900
EMR,2015-05-07,58.27,58.46,57.63,58.1,-0.12,-0.21%,5785700
EMR,2015-05-08,58.74,59.07,58.57,58.79,0.69,+1.19%,4051500
EMR,2015-05-11,58.73,59.54,58.4,59.3,0.51,+0.87%,5284400
EMR,2015-05-12,59.19,60.49,59.04,60.18,0.88,+1.48%,7415800
EMR,2015-05-13,60.04,60.86,60.04,60.34,0.16,+0.27%,7257100
EMR,2015-05-14,60.78,60.86,60.34,60.53,0.19,+0.31%,4121700
EMR,2015-05-15,60.59,60.69,60.06,60.19,-0.34,-0.56%,3653500
EMR,2015-05-18,60.32,60.45,59.9,60.2,0.01,+0.02%,3998400
EMR,2015-05-19,59.99,60.2,59.52,59.9,-0.3,-0.50%,5030600
EMR,2015-05-20,59.85,60.28,59.4,60.13,0.23,+0.38%,4926200
EMR,2015-05-21,60.25,62.75,60.2,61.72,1.59,+2.64%,10752700
EMR,2015-05-22,61.56,62.3,61.56,61.78,0.06,+0.10%,5323500
EMR,2015-05-26,61.76,61.77,60.65,60.83,-0.95,-1.54%,4579800
EMR,2015-05-27,60.89,61.15,60.59,60.95,0.12,+0.20%,2667700
EMR,2015-05-28,60.7,61.07,60.3,61.02,0.07,+0.11%,3710000
EMR,2015-05-29,61.23,61.28,60.01,60.31,-0.71,-1.16%,4545300
EMR,2015-06-01,60.64,60.82,60,60.24,-0.07,-0.12%,2836700
EMR,2015-06-02,60.07,60.77,60.01,60.3,0.06,+0.10%,3004600
EMR,2015-06-03,60.3,60.7,60.13,60.34,0.04,+0.07%,2639400
EMR,2015-06-04,59.87,60.02,58.82,58.92,-1.42,-2.35%,6019200
EMR,2015-06-05,58.8,59.27,58.63,59.21,0.29,+0.49%,3299000
EMR,2015-06-08,59.04,59.47,58.98,59.12,-0.09,-0.15%,2805700
EMR,2015-06-09,58.78,59.39,58.68,59.18,0.06,+0.10%,2467600
EMR,2015-06-10,59.55,59.91,59.41,59.77,0.59,+1.00%,3149100
EMR,2015-06-11,59.89,60.22,59.74,60.14,0.37,+0.62%,2967500
EMR,2015-06-12,59.91,60.18,59.47,59.63,-0.51,-0.85%,2878300
EMR,2015-06-15,59.1,59.17,58.53,58.7,-0.93,-1.56%,2791700
EMR,2015-06-16,58.68,58.87,58.4,58.61,-0.09,-0.15%,2343400
EMR,2015-06-17,58.74,58.98,57.93,58.35,-0.26,-0.44%,4112400
EMR,2015-06-18,58.47,59.37,58.37,58.75,0.4,+0.69%,5450400
EMR,2015-06-19,58.44,58.8,58.09,58.11,-0.64,-1.09%,6871000
EMR,2015-06-22,57.85,58.64,57.85,58.26,0.15,+0.26%,4133000
EMR,2015-06-23,58.35,58.43,57.62,57.88,-0.38,-0.65%,3397800
EMR,2015-06-24,57.86,57.91,57.33,57.49,-0.39,-0.67%,2373700
EMR,2015-06-25,57.41,57.52,56.62,56.62,-0.87,-1.51%,3129100
EMR,2015-06-26,56.62,56.74,56.34,56.58,-0.04,-0.07%,3582300
EMR,2015-06-29,56.24,56.5,55.5,55.56,-1.02,-1.80%,2681400
EMR,2015-06-30,56.21,57.27,55.23,55.43,-0.13,-0.23%,7572700
EMR,2015-07-01,55.67,55.68,55.02,55.45,0.02,+0.04%,5230500
EMR,2015-07-02,55.67,56.12,55.54,55.86,0.41,+0.74%,4948100
EMR,2015-07-06,55.53,55.92,55.14,55.26,-0.6,-1.07%,3064700
EMR,2015-07-07,55.19,55.29,54.15,55.05,-0.21,-0.38%,4512400
EMR,2015-07-08,54.69,54.87,53.81,53.98,-1.07,-1.94%,4231400
EMR,2015-07-09,54.75,54.92,53.76,53.76,-0.22,-0.41%,3743500
EMR,2015-07-10,54.49,54.58,53.69,53.83,0.07,+0.13%,3979200
EMR,2015-07-13,54.2,54.37,53.98,54.3,0.47,+0.87%,3399000
EMR,2015-07-14,54.31,54.41,53.98,54.2,-0.1,-0.18%,2925900
EMR,2015-07-15,54.11,54.25,53.26,53.48,-0.72,-1.33%,4180200
EMR,2015-07-16,53.88,54.05,53.14,53.37,-0.11,-0.21%,4587400
EMR,2015-07-17,53.33,53.37,52.45,52.59,-0.78,-1.46%,6374600
EMR,2015-07-20,52.62,52.98,52.5,52.74,0.15,+0.29%,3986600
EMR,2015-07-21,52.57,52.58,51.95,52.14,-0.6,-1.14%,5266600
EMR,2015-07-22,51.99,52.24,51.73,51.76,-0.38,-0.73%,4665400
EMR,2015-07-23,51.76,52.21,51.46,51.52,-0.24,-0.46%,4148400
EMR,2015-07-24,51.45,51.54,50.62,50.68,-0.84,-1.63%,3527500
EMR,2015-07-27,50.39,50.6,50.1,50.46,-0.22,-0.43%,3435800
EMR,2015-07-28,50.68,51.96,50.62,51.8,1.34,+2.66%,5544800
EMR,2015-07-29,51.64,52.36,51.42,52.21,0.41,+0.79%,3945700
EMR,2015-07-30,51.92,52.2,51.7,51.98,-0.23,-0.44%,3040300
EMR,2015-07-31,52.3,52.4,51.68,51.75,-0.23,-0.44%,4019900
EMR,2015-08-03,51.58,51.86,51.16,51.33,-0.42,-0.81%,3839700
EMR,2015-08-04,51.33,52.18,49.54,49.64,-1.69,-3.29%,7360400
EMR,2015-08-05,50.13,50.46,49.71,49.91,0.27,+0.54%,7088000
EMR,2015-08-06,49.81,50.06,49.45,49.74,-0.17,-0.34%,5833700
EMR,2015-08-07,49.56,49.68,49.1,49.19,-0.55,-1.11%,5430000
EMR,2015-08-10,49.62,50.23,49.62,50.02,0.83,+1.69%,6008500
EMR,2015-08-11,49.5,49.6,48.77,48.93,-1.09,-2.18%,6288300
EMR,2015-08-12,48.24,49.17,47.83,49.08,0.15,+0.31%,6236800
EMR,2015-08-13,49.06,49.65,48.9,49.41,0.33,+0.67%,4545200
EMR,2015-08-14,49.26,49.72,49.26,49.6,0.19,+0.38%,3163800
EMR,2015-08-17,49.36,50.47,49.22,50.34,0.74,+1.49%,4120900
EMR,2015-08-18,50,50.22,49.79,50.11,-0.23,-0.46%,2858600
EMR,2015-08-19,49.75,50.1,49.22,49.73,-0.38,-0.76%,4644500
EMR,2015-08-20,49.31,49.57,48.89,49.07,-0.66,-1.33%,5604100
EMR,2015-08-21,48.68,49.18,47.95,47.96,-1.11,-2.26%,6704600
EMR,2015-08-24,45.5,48.05,44.03,46.36,-1.6,-3.34%,9120500
EMR,2015-08-25,48.22,48.5,45.1,45.16,-1.2,-2.59%,7418300
EMR,2015-08-26,46.18,46.49,45.4,46.41,1.25,+2.77%,6266800
EMR,2015-08-27,46.96,47.79,46.63,47.64,1.23,+2.65%,4215600
EMR,2015-08-28,47.59,48.19,47.51,48.05,0.41,+0.86%,4098600
EMR,2015-08-31,47.63,48.01,47.19,47.72,-0.33,-0.69%,3650100
EMR,2015-09-01,46.67,47.09,46.02,46.27,-1.45,-3.04%,4252400
EMR,2015-09-02,46.86,47.06,46.18,46.79,0.52,+1.12%,3230000
EMR,2015-09-03,45.77,46.77,45.76,46.43,-0.36,-0.77%,5766800
EMR,2015-09-04,45.74,46.17,45.62,45.82,-0.61,-1.31%,4683400
EMR,2015-09-08,46.47,46.85,46.3,46.85,1.03,+2.25%,4440000
EMR,2015-09-09,47.37,47.46,46.43,46.52,-0.33,-0.70%,6041300
EMR,2015-09-10,46.45,46.74,45.97,46.37,-0.15,-0.32%,3933700
EMR,2015-09-11,46.27,46.4,45.8,46.04,-0.33,-0.71%,3368700
EMR,2015-09-14,45.92,46.03,45.41,45.52,-0.52,-1.13%,3404500
EMR,2015-09-15,45.66,46.41,45.6,46.32,0.8,+1.76%,2357700
EMR,2015-09-16,46.49,47.15,46.34,47.06,0.74,+1.60%,3014300
EMR,2015-09-17,46.98,47.81,46.73,46.85,-0.21,-0.45%,5107000
EMR,2015-09-18,45.91,46.06,44.89,45.11,-1.74,-3.71%,10416600
EMR,2015-09-21,45.29,45.51,45.02,45.12,0.01,+0.02%,3516000
EMR,2015-09-22,44.5,45.02,44.24,44.65,-0.47,-1.04%,4113400
EMR,2015-09-23,44.77,44.85,43.43,43.67,-0.98,-2.19%,4987100
EMR,2015-09-24,43.22,43.83,42.8,43.66,-0.01,-0.02%,5727100
EMR,2015-09-25,43.99,44,43.57,43.78,0.12,+0.27%,3899100
EMR,2015-09-28,43.34,43.42,42.87,43.04,-0.74,-1.69%,4703000
EMR,2015-09-29,43.22,43.67,43,43.46,0.42,+0.98%,5049700
EMR,2015-09-30,43.9,44.24,43.48,44.17,0.71,+1.63%,4332600
EMR,2015-10-01,43.94,44.25,42.64,42.78,-1.39,-3.15%,5478800
EMR,2015-10-02,42.43,44.21,42.21,44.19,1.41,+3.30%,5258600
EMR,2015-10-05,44.61,46.3,44.52,46.02,1.83,+4.14%,5722400
EMR,2015-10-06,46.13,46.57,46.02,46.2,0.18,+0.39%,3857100
EMR,2015-10-07,46.61,47.11,45.7,46.35,0.15,+0.32%,6393300
EMR,2015-10-08,46.32,47.62,46.16,47.52,1.17,+2.52%,3323700
EMR,2015-10-09,47.61,47.9,46.92,47.15,-0.37,-0.78%,4048200
EMR,2015-10-12,47.19,47.42,46.75,46.95,-0.2,-0.42%,2182400
EMR,2015-10-13,46.63,47.14,46.38,46.49,-0.46,-0.98%,4132800
EMR,2015-10-14,46.55,46.73,45.95,46.27,-0.22,-0.47%,4092200
EMR,2015-10-15,46.5,46.84,45.71,46.82,0.55,+1.19%,3852800
EMR,2015-10-16,47.35,47.35,44.88,45.27,-1.55,-3.31%,6386800
EMR,2015-10-19,45.03,45.58,45.03,45.48,0.21,+0.46%,3443500
EMR,2015-10-20,45.3,46.41,45.11,46.12,0.64,+1.41%,4197100
EMR,2015-10-21,46.36,47.14,46.09,46.29,0.17,+0.37%,3678000
EMR,2015-10-22,46.43,48.07,46.25,47.78,1.49,+3.22%,6691000
EMR,2015-10-23,48.05,48.18,47.44,48.18,0.4,+0.84%,5557900
EMR,2015-10-26,48.17,48.26,47.76,48.01,-0.17,-0.35%,4439200
EMR,2015-10-27,47.6,47.63,46.81,46.89,-1.12,-2.33%,3819400
EMR,2015-10-28,47.17,47.72,46.81,47.41,0.52,+1.11%,3975900
EMR,2015-10-29,47.23,47.54,47.04,47.18,-0.23,-0.49%,2254100
EMR,2015-10-30,47.45,47.51,46.93,47.23,0.05,+0.11%,6658400
EMR,2015-11-02,47.21,48.52,47.05,48.35,1.12,+2.37%,5238000
EMR,2015-11-03,48.21,50.24,48,49.64,1.29,+2.67%,5704800
EMR,2015-11-04,49.92,50.27,49.58,49.68,0.04,+0.08%,4676200
EMR,2015-11-05,49.43,49.78,48.54,49.15,-0.53,-1.07%,4963400
EMR,2015-11-06,48.81,49.42,48.44,49.23,0.08,+0.16%,4224600
EMR,2015-11-09,49.13,49.4,47.88,48.32,-0.91,-1.85%,4048000
EMR,2015-11-10,47.67,48.02,47.16,47.79,-0.53,-1.10%,3762600
EMR,2015-11-11,48,48.28,47.47,47.97,0.18,+0.38%,2900600
EMR,2015-11-12,47.5,48.13,47.11,47.25,-0.72,-1.50%,5182900
EMR,2015-11-13,47,47.93,47,47.69,0.44,+0.93%,4351700
EMR,2015-11-16,47.69,48.9,47.68,48.85,1.16,+2.43%,4774000
EMR,2015-11-17,48.87,49.06,48.41,48.68,-0.17,-0.35%,3294900
EMR,2015-11-18,48.83,50.07,48.64,50.01,1.33,+2.73%,3947900
EMR,2015-11-19,50.1,50.32,49.9,50.14,0.13,+0.26%,3124400
EMR,2015-11-20,50.31,50.57,49.99,50.16,0.02,+0.04%,3296200
EMR,2015-11-23,50.2,50.35,49.87,50.02,-0.14,-0.28%,3682900
EMR,2015-11-24,49.88,51.47,49.71,50.07,0.05,+0.10%,3017900
EMR,2015-11-25,49.98,50.46,49.86,50.24,0.17,+0.34%,2787100
EMR,2015-11-27,50.1,50.42,49.76,50.29,0.05,+0.10%,2039300
EMR,2015-11-30,50.37,50.41,49.96,50,-0.29,-0.58%,4882400
EMR,2015-12-01,50.22,50.44,48.95,49.62,-0.38,-0.76%,5528000
EMR,2015-12-02,49.4,50.05,48.8,48.91,-0.71,-1.43%,4373700
EMR,2015-12-03,48.99,49,48.19,48.58,-0.33,-0.67%,6121900
EMR,2015-12-04,48.47,49.3,48.38,49.17,0.59,+1.21%,4635500
EMR,2015-12-07,48.99,49.09,48.37,48.51,-0.66,-1.34%,4775200
EMR,2015-12-08,48.11,48.35,47.16,47.28,-1.23,-2.54%,6179600
EMR,2015-12-09,47.09,47.93,46.81,47.14,-0.14,-0.30%,6712700
EMR,2015-12-10,47.39,47.6,46.88,46.97,-0.17,-0.36%,4422100
EMR,2015-12-11,46.5,46.55,45.4,45.48,-1.49,-3.17%,7010100
EMR,2015-12-14,45.44,45.62,44.63,44.99,-0.49,-1.08%,7332800
EMR,2015-12-15,45.46,45.46,44.9,45.22,0.23,+0.51%,5751000
EMR,2015-12-16,45.47,46.24,44.97,46.1,0.88,+1.95%,5596600
EMR,2015-12-17,46.03,46.36,44.97,45,-1.1,-2.39%,5047200
EMR,2015-12-18,44.84,45.34,44.59,44.59,-0.41,-0.91%,7207800
EMR,2015-12-21,45.09,45.96,45.04,45.88,1.29,+2.89%,6236000
EMR,2015-12-22,46,47.05,46,46.85,0.97,+2.11%,4724800
EMR,2015-12-23,47.09,48.4,46.97,48.33,1.48,+3.16%,5859900
EMR,2015-12-24,48.18,48.53,48.04,48.26,-0.07,-0.14%,1691700
EMR,2015-12-28,48.1,48.37,47.67,48.26,0,0.00%,3105900
EMR,2015-12-29,48.5,48.93,47.99,48.49,0.23,+0.48%,2988000
EMR,2015-12-30,48.35,48.86,48.23,48.53,0.04,+0.08%,5110800
EMR,2015-12-31,48.28,48.8,47.82,47.83,-0.7,-1.44%,3326200
EMR,2016-01-04,47.32,47.34,46.52,47.3,-0.53,-1.11%,4949300
EMR,2016-01-05,47.58,47.67,46.63,46.99,-0.31,-0.66%,3656400
EMR,2016-01-06,46.29,46.66,45.92,46.45,-0.54,-1.15%,5420400
EMR,2016-01-07,45.6,45.8,44.53,44.61,-1.84,-3.96%,6162000
EMR,2016-01-08,44.99,45.11,44.01,44.1,-0.51,-1.14%,5405200
EMR,2016-01-11,44.18,44.36,43.25,43.8,-0.3,-0.68%,4296700
EMR,2016-01-12,44.28,44.76,43.63,44.22,0.42,+0.96%,4136800
EMR,2016-01-13,44.57,44.73,43.16,43.26,-0.96,-2.17%,4621800
EMR,2016-01-14,43.53,44.13,42.86,43.83,0.57,+1.32%,4280600
EMR,2016-01-15,42.7,43.34,42.17,43.09,-0.74,-1.69%,6386900
EMR,2016-01-19,43.61,43.7,42.56,43.14,0.05,+0.12%,4097000
EMR,2016-01-20,42.31,42.97,41.25,42.64,-0.5,-1.16%,5907200
EMR,2016-01-21,42.35,43.39,41.79,42.94,0.3,+0.70%,4323700
EMR,2016-01-22,43.89,43.97,42.44,43.17,0.23,+0.54%,4686500
EMR,2016-01-25,42.99,43.1,42.18,42.29,-0.88,-2.04%,4471300
EMR,2016-01-26,42.68,43.49,42.54,43.1,0.81,+1.92%,6502300
EMR,2016-01-27,43.11,44.31,42.68,43.38,0.28,+0.65%,7135300
EMR,2016-01-28,44.11,44.67,43.57,44.6,1.22,+2.81%,4906000
EMR,2016-01-29,44.77,45.98,44.62,45.98,1.38,+3.09%,7578000
EMR,2016-02-01,45.4,45.75,45.04,45.5,-0.48,-1.04%,4527200
EMR,2016-02-02,45,47.19,44.84,45.84,0.34,+0.75%,6788700
EMR,2016-02-03,46.2,46.47,44.75,46.09,0.25,+0.55%,6058000
EMR,2016-02-04,46.32,48.29,46.2,46.87,0.78,+1.69%,7855600
EMR,2016-02-05,46.64,47.2,46.39,46.91,0.04,+0.09%,3919900
EMR,2016-02-08,46.45,47.33,45.98,47.06,0.15,+0.32%,5171700
EMR,2016-02-09,46.5,47.31,46.2,46.91,-0.15,-0.32%,4920200
EMR,2016-02-10,46.43,46.69,45.69,45.77,-1.14,-2.43%,4447400
EMR,2016-02-11,44.85,45.81,44.7,45.43,-0.34,-0.74%,4030400
EMR,2016-02-12,45.47,46.29,45.36,46.02,0.59,+1.30%,4250500
EMR,2016-02-16,46.72,46.82,45.82,46.62,0.6,+1.30%,4602700
EMR,2016-02-17,47.05,48.21,46.98,47.76,1.14,+2.45%,3753600
EMR,2016-02-18,48.03,48.78,47.93,48.34,0.58,+1.21%,5215700
EMR,2016-02-19,48.19,48.31,47.61,48.06,-0.28,-0.58%,4399600
EMR,2016-02-22,48.5,49.47,48.49,49.28,1.22,+2.54%,3814100
EMR,2016-02-23,49.21,49.57,48.34,48.46,-0.82,-1.66%,2764900
EMR,2016-02-24,47.8,48.41,47.18,48.36,-0.1,-0.21%,3140900
EMR,2016-02-25,48.38,48.65,47.92,48.63,0.27,+0.56%,2258600
EMR,2016-02-26,48.98,49.81,48.83,49.38,0.75,+1.54%,4070500
EMR,2016-02-29,49.4,49.52,48.8,48.83,-0.55,-1.11%,4165400
EMR,2016-03-01,49.49,50.32,49.15,49.97,1.14,+2.33%,2843500
EMR,2016-03-02,49.89,50.43,49.58,50.41,0.44,+0.88%,3561400
EMR,2016-03-03,50.41,50.85,50.25,50.79,0.38,+0.75%,2496600
EMR,2016-03-04,50.8,51.5,50.63,51.26,0.47,+0.93%,3612000
EMR,2016-03-07,51.1,51.93,51,51.91,0.65,+1.27%,3122800
EMR,2016-03-08,51.44,51.9,50.64,50.73,-1.18,-2.27%,5065500
EMR,2016-03-09,50.94,51.13,50,50.06,-0.67,-1.32%,4737100
EMR,2016-03-10,50.52,50.63,49.8,50.55,0.49,+0.98%,4765400
EMR,2016-03-11,50.88,51.46,50.74,51.26,0.71,+1.40%,3484900
EMR,2016-03-14,50.9,51.42,50.86,51.24,-0.02,-0.04%,2748800
EMR,2016-03-15,50.69,50.84,50.07,50.79,-0.45,-0.88%,3040700
EMR,2016-03-16,51,51.6,50.63,51.45,0.66,+1.30%,3033600
EMR,2016-03-17,51.66,55.19,51.56,54.74,3.29,+6.39%,12089200
EMR,2016-03-18,54.95,55,54.22,54.64,-0.1,-0.18%,12733200
EMR,2016-03-21,54.68,55.05,54.54,54.99,0.35,+0.64%,4917400
EMR,2016-03-22,54.6,55.54,54.57,55.32,0.33,+0.60%,3535600
EMR,2016-03-23,54.98,55.08,54.44,54.6,-0.72,-1.30%,3780500
EMR,2016-03-24,54.17,54.46,53.84,54.39,-0.21,-0.38%,3722900
EMR,2016-03-28,54.42,54.62,53.96,54.33,-0.06,-0.11%,3011100
EMR,2016-03-29,54.09,54.53,53.63,54.45,0.12,+0.22%,3343500
EMR,2016-03-30,55,55.09,54.3,54.56,0.11,+0.20%,2225900
EMR,2016-03-31,54.54,54.71,54.14,54.38,-0.18,-0.33%,2941300
EMR,2016-04-01,53.11,54.78,53.03,54.75,0.37,+0.68%,3845500
EMR,2016-04-04,54.78,54.84,53.56,54.11,-0.64,-1.17%,4423200
EMR,2016-04-05,54.04,54.21,53.18,53.51,-0.6,-1.11%,3503800
EMR,2016-04-06,53.74,53.75,52.6,53.22,-0.29,-0.54%,4806100
EMR,2016-04-07,52.99,53.63,52.79,52.87,-0.35,-0.66%,4802300
EMR,2016-04-08,53.49,54.4,53.37,53.84,0.97,+1.83%,3852300
EMR,2016-04-11,53.93,54.52,53.78,53.78,-0.06,-0.11%,5722100
EMR,2016-04-12,53.87,54.9,53.79,54.53,0.75,+1.39%,3904400
EMR,2016-04-13,54.99,55.51,54.58,55.47,0.94,+1.72%,4259300
EMR,2016-04-14,55.74,55.74,54.97,55.07,-0.4,-0.72%,2846800
EMR,2016-04-15,55.13,55.59,55.01,55.32,0.25,+0.45%,3881600
EMR,2016-04-18,54.82,55.36,54.45,55.22,-0.1,-0.18%,3770400
EMR,2016-04-19,55.59,56.1,55.22,55.65,0.43,+0.78%,3863800
EMR,2016-04-20,55.92,55.99,55.03,55.07,-0.58,-1.04%,4011600
EMR,2016-04-21,55.11,55.52,55.06,55.17,0.1,+0.18%,2827500
EMR,2016-04-22,55.35,55.9,55.1,55.47,0.3,+0.54%,3838200
EMR,2016-04-25,55.4,55.63,55,55.31,-0.16,-0.29%,3416300
EMR,2016-04-26,55.63,56.15,55.55,56.11,0.8,+1.45%,3170700
EMR,2016-04-27,56.23,56.82,55.96,56.29,0.18,+0.32%,4200600
EMR,2016-04-28,56.11,56.11,54.81,55.02,-1.27,-2.26%,3572300
EMR,2016-04-29,54.94,55.31,54.36,54.63,-0.39,-0.71%,4193200
EMR,2016-05-02,54.5,55.27,54.2,55.21,0.58,+1.06%,4255600
EMR,2016-05-03,55.48,55.73,54.18,54.67,-0.54,-0.98%,4960200
EMR,2016-05-04,54.3,54.47,52.37,52.78,-1.89,-3.46%,5742400
EMR,2016-05-05,53.13,53.4,52.53,52.98,0.2,+0.38%,3993000
EMR,2016-05-06,52.95,53.39,52.66,53.31,0.33,+0.62%,2409600
EMR,2016-05-09,53.35,53.36,52.38,52.62,-0.69,-1.29%,2938100
EMR,2016-05-10,52.77,53.52,52.65,53.5,0.88,+1.67%,2745000
EMR,2016-05-11,53.29,53.47,52.74,52.86,-0.64,-1.20%,3624400
EMR,2016-05-12,53.21,53.44,52.58,52.91,0.05,+0.09%,2790400
EMR,2016-05-13,52.73,52.92,51.65,51.81,-1.1,-2.08%,3276800
EMR,2016-05-16,52,52.98,51.96,52.81,1,+1.93%,4127300
EMR,2016-05-17,52.75,53.14,52.13,52.35,-0.46,-0.87%,2802300
EMR,2016-05-18,51.92,52,50.54,50.8,-1.55,-2.96%,6519100
EMR,2016-05-19,50.54,50.58,49.48,50.14,-0.66,-1.30%,6088600
EMR,2016-05-20,50.45,50.85,50.35,50.65,0.51,+1.02%,2439000
EMR,2016-05-23,50.57,50.96,50.22,50.69,0.04,+0.08%,3818500
EMR,2016-05-24,50.84,51.4,50.64,51.17,0.48,+0.95%,2461100
EMR,2016-05-25,51.28,52.25,51.18,52.09,0.92,+1.80%,2853200
EMR,2016-05-26,52.19,52.46,51.86,52.02,-0.07,-0.13%,1857500
EMR,2016-05-27,52.19,52.22,51.91,52.2,0.18,+0.35%,1663400
EMR,2016-05-31,52.23,52.46,51.6,52.02,-0.18,-0.34%,3519300
EMR,2016-06-01,51.79,52.18,51.34,52.16,0.14,+0.27%,2483200
EMR,2016-06-02,52.05,52.31,51.56,52.24,0.08,+0.15%,3189600
EMR,2016-06-03,52.18,52.34,51.57,52.3,0.06,+0.11%,2543700
EMR,2016-06-06,52.56,53.54,52.48,53.48,1.18,+2.26%,3596800
EMR,2016-06-07,53.71,54.01,53.45,53.53,0.05,+0.09%,3272200
EMR,2016-06-08,53.75,54.04,53.48,53.82,0.29,+0.54%,3013600
EMR,2016-06-09,53.23,53.72,53.11,53.59,-0.23,-0.43%,2946800
EMR,2016-06-10,53.26,53.32,52.28,52.73,-0.86,-1.60%,3241000
EMR,2016-06-13,52.23,52.43,51.63,51.63,-1.1,-2.09%,3720200
EMR,2016-06-14,51.6,52.08,51.5,52.02,0.39,+0.76%,2805000
EMR,2016-06-15,52.29,52.47,51.87,51.96,-0.06,-0.12%,2456900
EMR,2016-06-16,51.56,52.25,51.11,52.12,0.16,+0.31%,2233700
EMR,2016-06-17,52.12,52.6,51.99,52.44,0.32,+0.61%,3628100
EMR,2016-06-20,53.29,53.87,53.27,53.36,0.92,+1.75%,3798000
EMR,2016-06-21,53.34,53.54,52.75,53.15,-0.21,-0.39%,3120100
EMR,2016-06-22,52.79,53.04,52.48,52.59,-0.56,-1.05%,3683900
EMR,2016-06-23,53.19,53.69,52.99,53.67,1.08,+2.05%,2650500
EMR,2016-06-24,51.94,52.13,50.58,50.83,-2.84,-5.29%,9504800
EMR,2016-06-27,50.38,50.4,48.45,49.23,-1.6,-3.15%,5972400
EMR,2016-06-28,50.01,50.02,49.11,49.73,0.5,+1.02%,5218900
EMR,2016-06-29,50.39,50.79,49.77,50.66,0.93,+1.87%,3314000
EMR,2016-06-30,50.9,52.16,50.71,52.16,1.5,+2.96%,4271700
EMR,2016-07-01,51.97,52.49,51.79,52.2,0.04,+0.08%,2732000
EMR,2016-07-05,52.04,52.05,50.71,51.05,-1.15,-2.20%,3098600
EMR,2016-07-06,51.73,51.86,50.55,51.67,0.62,+1.21%,2743900
EMR,2016-07-07,51.75,52.45,51.74,52.37,0.7,+1.35%,4177900
EMR,2016-07-08,52.79,53.5,52.77,53.44,1.07,+2.04%,3703800
EMR,2016-07-11,53.7,54.16,53.52,53.89,0.45,+0.84%,3091700
EMR,2016-07-12,54.09,55.14,54.08,55.03,1.14,+2.12%,4558500
EMR,2016-07-13,55.2,55.27,54.78,55.23,0.2,+0.36%,3179200
EMR,2016-07-14,55.71,56.25,55.6,56.05,0.82,+1.48%,6207400
EMR,2016-07-15,56.17,56.27,55.78,56.23,0.18,+0.32%,4355400
EMR,2016-07-18,55.94,56.28,55.65,56.19,-0.04,-0.07%,2976700
EMR,2016-07-19,56.03,56.36,55.9,56.34,0.15,+0.27%,2440400
EMR,2016-07-20,56.38,56.5,56.12,56.18,-0.16,-0.28%,3672100
EMR,2016-07-21,56.18,56.4,55.38,55.49,-0.69,-1.23%,3509400
EMR,2016-07-22,55.41,55.86,55.07,55.81,0.32,+0.58%,3575800
EMR,2016-07-25,55.7,55.79,55.42,55.61,-0.2,-0.36%,2043100
EMR,2016-07-26,55.47,56.2,55.47,56.18,0.57,+1.02%,2072100
EMR,2016-07-27,56.4,56.72,55.84,56.04,-0.14,-0.25%,3046700
EMR,2016-07-28,55.85,56.05,55.39,55.83,-0.21,-0.37%,2354700
EMR,2016-07-29,55.77,56.04,55.21,55.9,0.07,+0.13%,4482400
EMR,2016-08-01,55.63,56,55.11,55.78,-0.12,-0.21%,4359800
EMR,2016-08-02,53.88,54.09,52.95,53.03,-2.75,-4.93%,7589100
EMR,2016-08-03,52.56,53.06,52.32,52.91,-0.12,-0.23%,6769200
EMR,2016-08-04,52.96,53.46,52.85,53.03,0.12,+0.23%,3551900
EMR,2016-08-05,53.37,53.84,53.27,53.79,0.76,+1.43%,3000800
EMR,2016-08-08,54.11,55.05,54.03,54.31,0.52,+0.97%,4468900
EMR,2016-08-09,54.45,54.8,54,54.33,0.02,+0.04%,3106500
EMR,2016-08-10,53.81,53.97,53.31,53.44,-0.89,-1.64%,2529100
EMR,2016-08-11,53.67,54.11,53.51,54.03,0.59,+1.10%,2261200
EMR,2016-08-12,53.98,54.05,53.71,53.97,-0.06,-0.11%,2251900
EMR,2016-08-15,54.06,54.84,54.06,54.71,0.74,+1.37%,2945100
EMR,2016-08-16,54.59,54.83,54.33,54.57,-0.14,-0.26%,2073300
EMR,2016-08-17,54.68,55,54.59,54.9,0.33,+0.60%,2160400
EMR,2016-08-18,54.74,54.84,54.39,54.67,-0.23,-0.42%,2410700
EMR,2016-08-19,52.28,53.2,52.07,52.98,-1.69,-3.09%,8071500
EMR,2016-08-22,52.85,53.02,52.58,52.92,-0.06,-0.11%,4287900
EMR,2016-08-23,53.15,54.06,53.05,53.98,1.06,+2.00%,4983300
EMR,2016-08-24,53.89,54.26,53.69,53.89,-0.09,-0.17%,3320900
EMR,2016-08-25,53.64,54.11,53.51,54.09,0.2,+0.37%,2795500
EMR,2016-08-26,54.27,54.6,53.51,53.73,-0.36,-0.67%,2614500
EMR,2016-08-29,53.73,54.05,53.58,53.73,0,0.00%,2659700
EMR,2016-08-30,53.73,53.91,53.23,53.47,-0.26,-0.48%,2228300
EMR,2016-08-31,53.36,53.4,52.6,52.68,-0.79,-1.48%,4561400
EMR,2016-09-01,53.01,53.01,52.18,52.66,-0.02,-0.04%,4259200
EMR,2016-09-02,52.99,53.16,52.75,52.91,0.25,+0.47%,2162200
EMR,2016-09-06,53.13,53.13,52.35,52.56,-0.35,-0.66%,2362500
EMR,2016-09-07,52.56,52.85,52.43,52.79,0.23,+0.44%,2283100
EMR,2016-09-08,52.69,52.95,52.41,52.82,0.03,+0.06%,3442400
EMR,2016-09-09,52.43,52.58,50.81,50.86,-1.96,-3.71%,5163700
EMR,2016-09-12,50.6,52.27,50.41,52.09,1.23,+2.42%,4169000
EMR,2016-09-13,51.63,51.86,51.11,51.21,-0.88,-1.69%,3572300
EMR,2016-09-14,51.21,51.73,51,51.29,0.08,+0.16%,4055200
EMR,2016-09-15,51.2,51.74,51.04,51.58,0.29,+0.57%,3268600
EMR,2016-09-16,51.36,51.36,50.85,51.09,-0.49,-0.95%,3873700
EMR,2016-09-19,51.34,51.79,51.08,51.19,0.1,+0.20%,2304900
EMR,2016-09-20,51.53,51.73,51.21,51.22,0.03,+0.06%,2125700
EMR,2016-09-21,51.4,51.83,51.14,51.77,0.55,+1.07%,2908400
EMR,2016-09-22,52.24,52.9,52.24,52.8,1.03,+1.99%,3515600
EMR,2016-09-23,52.54,52.6,51.79,51.92,-0.88,-1.67%,2997300
EMR,2016-09-26,51.77,51.89,51.39,51.43,-0.49,-0.94%,2365600
EMR,2016-09-27,51.15,51.82,51.05,51.82,0.39,+0.76%,2803200
EMR,2016-09-28,51.85,52.73,51.73,52.69,0.87,+1.68%,2824100
EMR,2016-09-29,52.45,53.43,52.42,53.02,0.33,+0.63%,5379100
EMR,2016-09-30,53.2,54.9,53.2,54.51,1.49,+2.81%,7460000
EMR,2016-10-03,53.98,54.2,53.44,53.8,-0.71,-1.30%,3814200
EMR,2016-10-04,53.7,53.89,53.25,53.35,-0.45,-0.84%,3447100
EMR,2016-10-05,53.55,53.91,53.48,53.69,0.34,+0.64%,2385500
EMR,2016-10-06,53.61,53.69,52.87,53.39,-0.3,-0.56%,3119000
EMR,2016-10-07,53.13,53.13,52.38,52.7,-0.69,-1.29%,4069300
EMR,2016-10-10,52.82,52.91,51.64,51.77,-0.93,-1.76%,3952100
EMR,2016-10-11,51.53,51.68,50.53,50.79,-0.98,-1.89%,4656800
EMR,2016-10-12,50.12,50.62,49.36,50.2,-0.59,-1.16%,6426600
EMR,2016-10-13,49.62,50.26,49.22,50.2,0,0.00%,4296100
EMR,2016-10-14,50.56,50.65,49.88,49.88,-0.32,-0.64%,3790200
EMR,2016-10-17,49.91,50.04,49.61,49.69,-0.19,-0.38%,3871700
EMR,2016-10-18,50.11,50.16,49.65,49.88,0.19,+0.38%,3944000
EMR,2016-10-19,50,50.13,49.79,49.91,0.03,+0.06%,5539900
EMR,2016-10-20,49.78,50.25,49.66,50.15,0.24,+0.48%,2829700
EMR,2016-10-21,49.74,50.26,49.56,50.11,-0.04,-0.08%,3616200
EMR,2016-10-24,50.53,50.61,50.12,50.31,0.2,+0.40%,2442400
EMR,2016-10-25,50.21,50.39,49.83,50.11,-0.2,-0.40%,3040200
EMR,2016-10-26,49.93,50.65,49.82,50.44,0.33,+0.66%,3066200
EMR,2016-10-27,50.4,50.47,49.74,49.84,-0.6,-1.19%,3861700
EMR,2016-10-28,49.93,50.48,49.62,50.09,0.25,+0.50%,4267200
EMR,2016-10-31,50.38,50.76,50.18,50.68,0.59,+1.18%,6160400
EMR,2016-11-01,51.89,52.47,50.68,51,0.32,+0.63%,6969600
EMR,2016-11-02,50.84,51.04,49.97,50.04,-0.96,-1.88%,5540300
EMR,2016-11-03,50.07,50.28,49.69,49.84,-0.2,-0.40%,3232400
EMR,2016-11-04,49.85,50.13,49.38,49.41,-0.43,-0.86%,4672400
EMR,2016-11-07,50.22,50.42,49.92,50.39,0.98,+1.98%,5731500
EMR,2016-11-08,49.85,51.62,49.73,51.33,0.94,+1.87%,4499700
EMR,2016-11-09,51.11,53.84,50.82,53.39,2.06,+4.01%,7518000
EMR,2016-11-10,53.74,56.17,53.67,55.75,2.36,+4.42%,8678800
EMR,2016-11-11,55.44,55.73,54.96,55.5,-0.25,-0.45%,4494600
EMR,2016-11-14,55.68,56.17,55.5,55.51,0.01,+0.02%,3046700
EMR,2016-11-15,55.38,55.79,54.89,55.78,0.27,+0.49%,3238800
EMR,2016-11-16,55.46,55.59,54.83,54.97,-0.81,-1.45%,2898200
EMR,2016-11-17,55.1,55.37,54.59,54.7,-0.27,-0.49%,2865400
EMR,2016-11-18,54.57,54.78,54.01,54.2,-0.5,-0.91%,4428800
EMR,2016-11-21,54.58,54.87,54.43,54.51,0.31,+0.57%,3004100
EMR,2016-11-22,54.81,54.9,53.92,54.35,-0.16,-0.29%,6647100
EMR,2016-11-23,54.42,55.17,54.42,55.06,0.71,+1.31%,2574900
EMR,2016-11-25,55.06,55.24,54.91,55.24,0.18,+0.33%,802100
EMR,2016-11-28,54.95,55.36,54.35,54.43,-0.81,-1.47%,3271300
EMR,2016-11-29,54.29,54.59,53.92,54.4,-0.03,-0.06%,3408200
EMR,2016-11-30,54.8,57.43,54.8,56.44,2.04,+3.75%,8784800
EMR,2016-12-01,56.73,57.48,56.42,56.77,0.33,+0.58%,5500600
EMR,2016-12-02,56.58,56.9,56.02,56.35,-0.42,-0.74%,2932600
EMR,2016-12-05,56.81,56.99,56.42,56.93,0.58,+1.03%,3132700
EMR,2016-12-06,56.76,56.89,56.47,56.57,-0.36,-0.63%,3040100
EMR,2016-12-07,56.72,58.28,56.57,58.26,1.69,+2.99%,4372700
EMR,2016-12-08,58.06,58.07,57.24,57.6,-0.66,-1.13%,3727200
EMR,2016-12-09,57.42,57.7,57.29,57.49,-0.11,-0.19%,3028900
EMR,2016-12-12,57.51,57.68,56.75,57.09,-0.4,-0.70%,3162200
EMR,2016-12-13,57.28,57.63,56.64,56.77,-0.32,-0.56%,3784200
EMR,2016-12-14,56.7,57.22,56.17,56.27,-0.5,-0.88%,3015200
EMR,2016-12-15,55.98,56.62,55.67,56.18,-0.09,-0.16%,3962000
EMR,2016-12-16,56.31,56.63,55.66,55.73,-0.45,-0.80%,6332500
EMR,2016-12-19,55.92,56.6,55.82,56.31,0.58,+1.04%,2779700
EMR,2016-12-20,56.66,57.63,56.51,57.31,1,+1.78%,3471200
EMR,2016-12-21,57.15,57.25,56.58,56.92,-0.39,-0.68%,2716700
EMR,2016-12-22,56.93,56.95,56.45,56.69,-0.23,-0.40%,2013600
EMR,2016-12-23,56.78,57.07,56.69,56.8,0.11,+0.19%,1157800
EMR,2016-12-27,56.79,57.2,56.75,57.17,0.37,+0.65%,1251100
EMR,2016-12-28,57.15,57.3,56.29,56.3,-0.87,-1.52%,1680700
EMR,2016-12-29,56.37,56.5,56,56.2,-0.1,-0.18%,1173100
EMR,2016-12-30,56.19,56.36,55.56,55.75,-0.45,-0.80%,1957000
EMR,2017-01-03,56.25,57.2,56.17,56.95,1.2,+2.15%,3383000
EMR,2017-01-04,57.05,57.44,56.34,56.61,-0.34,-0.60%,4155400
EMR,2017-01-05,56.52,56.91,55.4,56.14,-0.47,-0.83%,2657100
EMR,2017-01-06,56.19,56.63,56,56.4,0.26,+0.46%,1786400
EMR,2017-01-09,56.8,56.81,56.17,56.19,-0.21,-0.37%,2130800
EMR,2017-01-10,56.48,57.12,56.39,56.69,0.5,+0.89%,2535000
EMR,2017-01-11,56.7,57.58,56.52,57.57,0.88,+1.55%,2685800
EMR,2017-01-12,57.39,57.5,56.77,57.47,-0.1,-0.17%,2551100
EMR,2017-01-13,57.55,57.7,56.93,57.12,-0.35,-0.61%,2964500
EMR,2017-01-17,56.8,57.08,56,56.31,-0.81,-1.42%,3152500
EMR,2017-01-18,56.43,57.35,56.26,57.22,0.91,+1.62%,2575400
EMR,2017-01-19,58.5,59.32,58.28,58.43,1.21,+2.11%,5955000
EMR,2017-01-20,58.5,58.9,58.39,58.83,0.4,+0.68%,4193900
EMR,2017-01-23,58.69,58.93,57.99,58.29,-0.54,-0.92%,3174500
EMR,2017-01-24,58.51,59.44,58.3,59.11,0.82,+1.41%,3202000
EMR,2017-01-25,59.59,60.38,59.42,60.26,1.15,+1.95%,4133100
EMR,2017-01-26,60.19,60.93,59.81,60.08,-0.18,-0.30%,3469500
EMR,2017-01-27,60.56,60.56,60.01,60.14,0.06,+0.10%,3260600
EMR,2017-01-30,60.1,60.11,58.73,59.14,-1.,-1.66%,5213900
EMR,2017-01-31,59.08,59.1,58.24,58.66,-0.48,-0.81%,5894400
EMR,2017-02-01,58.5,59.1,58.37,58.78,0.12,+0.20%,2954500
EMR,2017-02-02,58.61,59.12,58.42,58.88,0.1,+0.17%,6198900
EMR,2017-02-03,59.12,59.56,58.84,59.54,0.66,+1.12%,3523000
EMR,2017-02-06,59.3,59.96,59.28,59.86,0.32,+0.54%,6248000
EMR,2017-02-07,61.3,63.5,61.02,62.54,2.68,+4.48%,10588300
EMR,2017-02-08,62,62.51,61.67,62.41,-0.13,-0.21%,5735400
EMR,2017-02-09,62.59,63.48,62.46,62.71,0.3,+0.48%,3457200
EMR,2017-02-10,62.69,63.4,62.69,63.26,0.55,+0.88%,4619000
EMR,2017-02-13,63.46,64.27,63.45,64.15,0.89,+1.41%,4056900
EMR,2017-02-14,63.69,64.36,63.55,64.14,-0.01,-0.02%,3949100
EMR,2017-02-15,63.61,63.87,63.13,63.73,-0.41,-0.64%,5215600
EMR,2017-02-16,63.58,63.59,62.38,62.9,-0.83,-1.30%,6228800
EMR,2017-02-17,62.52,62.55,61.7,61.89,-1.01,-1.61%,5091000
EMR,2017-02-21,62.05,62.21,61.7,62.17,0.28,+0.45%,4569100
EMR,2017-02-22,61.75,62.17,61.72,61.82,-0.35,-0.56%,3411200
EMR,2017-02-23,61.77,61.97,60.39,60.61,-1.21,-1.96%,4824700
EMR,2017-02-24,60.22,60.51,59.79,60.48,-0.13,-0.21%,7139400
EMR,2017-02-27,60.5,60.76,60.12,60.43,-0.05,-0.08%,3501200
EMR,2017-02-28,60.26,60.51,59.88,60.1,-0.33,-0.55%,4204800
EMR,2017-03-01,60.75,61.39,60.65,60.88,0.78,+1.30%,6216400
EMR,2017-03-02,60.88,61.08,60.09,60.31,-0.57,-0.94%,3559700
EMR,2017-03-03,60.92,60.92,60.08,60.37,0.06,+0.10%,2335500
EMR,2017-03-06,60.2,60.51,59.8,60.33,-0.04,-0.07%,3278700
EMR,2017-03-07,60.24,60.56,60.05,60.22,-0.11,-0.18%,3749800
EMR,2017-03-08,60.46,60.49,59.69,59.79,-0.43,-0.71%,2809600
EMR,2017-03-09,59.8,59.97,58.86,59.28,-0.51,-0.85%,3580000
EMR,2017-03-10,59.59,59.93,59.28,59.52,0.24,+0.40%,3478300
EMR,2017-03-13,59.6,60.14,59.42,60.13,0.61,+1.02%,4333400
EMR,2017-03-14,59.55,59.55,58.41,58.97,-1.16,-1.93%,3162500
EMR,2017-03-15,59.21,60.55,59.21,60.27,1.3,+2.20%,4197800
EMR,2017-03-16,60.33,60.59,60.16,60.23,-0.04,-0.07%,3108300
EMR,2017-03-17,60.44,60.78,59.9,60.6,0.37,+0.61%,4896100
EMR,2017-03-20,60.56,60.6,59.95,60.1,-0.5,-0.83%,2270000
EMR,2017-03-21,60.14,60.51,58.85,58.96,-1.14,-1.90%,4011600
EMR,2017-03-22,58.97,59.18,58.6,59.12,0.16,+0.27%,3264300
EMR,2017-03-23,59.12,59.43,58.82,58.99,-0.13,-0.22%,2569800
EMR,2017-03-24,58.98,59.36,58.38,58.57,-0.42,-0.71%,3160200
EMR,2017-03-27,58.03,58.56,57.45,58.43,-0.14,-0.24%,2587700
EMR,2017-03-28,58.42,59.68,58.24,59.44,1.01,+1.73%,2799000
EMR,2017-03-29,59.17,59.74,59.07,59.55,0.11,+0.19%,2447300
EMR,2017-03-30,59.45,59.83,59.35,59.61,0.06,+0.10%,2393000
EMR,2017-03-31,59.45,60.28,59.45,59.86,0.25,+0.42%,3420000
EMR,2017-04-03,59.8,60.3,59.16,59.82,-0.04,-0.07%,4280500
EMR,2017-04-04,59.65,59.9,59.35,59.71,-0.11,-0.18%,1967500
EMR,2017-04-05,60.13,60.9,59.38,59.56,-0.15,-0.25%,3237000
EMR,2017-04-06,59.53,59.95,59.27,59.69,0.13,+0.22%,3005200
EMR,2017-04-07,59.63,59.72,59.15,59.36,-0.33,-0.55%,2162100
EMR,2017-04-10,59.48,60.23,59.37,59.62,0.26,+0.44%,1968000
EMR,2017-04-11,59.47,59.8,59.08,59.73,0.11,+0.18%,2685900
EMR,2017-04-12,59.64,59.73,58.21,58.42,-1.31,-2.19%,3550800
EMR,2017-04-13,58.31,58.67,57.86,57.87,-0.55,-0.94%,3469500
EMR,2017-04-17,58.22,58.46,57.74,58.4,0.53,+0.92%,3621700
EMR,2017-04-18,57.99,58.8,57.89,58.41,0.01,+0.02%,2904700
EMR,2017-04-19,58.8,58.95,57.96,58.21,-0.2,-0.34%,2528300
EMR,2017-04-20,58.61,59.44,58.48,59.17,0.96,+1.65%,3484500
EMR,2017-04-21,59.2,59.3,58.91,59,-0.17,-0.29%,3316600
EMR,2017-04-24,59.91,59.99,59.43,59.86,0.86,+1.46%,3541100
EMR,2017-04-25,60.76,61.51,60.54,61.22,1.36,+2.27%,4565600
EMR,2017-04-26,61.22,61.63,61.02,61.22,0,0.00%,3140800
EMR,2017-04-27,61.39,61.5,60.48,60.83,-0.39,-0.64%,3713100
EMR,2017-04-28,60.81,60.92,60.03,60.28,-0.55,-0.90%,3384600
EMR,2017-05-01,60.06,60.52,59.85,60.37,0.09,+0.15%,3797100
EMR,2017-05-02,57.71,59.2,56.77,59.16,-1.21,-2.00%,13249300
EMR,2017-05-03,58.94,59.88,58.8,59.27,0.11,+0.19%,5053800
EMR,2017-05-04,59.34,59.35,57.74,58.17,-1.1,-1.86%,4693900
EMR,2017-05-05,58.45,59.08,58.32,58.94,0.77,+1.32%,3669500
EMR,2017-05-08,58.86,59.02,58.44,58.62,-0.32,-0.54%,2168000
EMR,2017-05-09,58.5,58.93,58.34,58.85,0.23,+0.39%,4542200
EMR,2017-05-10,58.56,58.99,58.36,58.93,0.08,+0.14%,3713700
EMR,2017-05-11,58.65,58.87,58.01,58.16,-0.77,-1.31%,3219400
EMR,2017-05-12,57.9,58.04,57.24,57.44,-0.72,-1.24%,2983700
EMR,2017-05-15,57.81,58.63,57.71,58.34,0.9,+1.57%,3497700
EMR,2017-05-16,58.5,58.67,58.06,58.6,0.26,+0.45%,3104500
EMR,2017-05-17,58.1,58.44,57.74,57.99,-0.61,-1.04%,3735900
EMR,2017-05-18,57.75,58.66,57.36,58.45,0.46,+0.79%,3054400
EMR,2017-05-19,58.74,59.65,58.57,59.4,0.95,+1.63%,3190000
EMR,2017-05-22,59.55,59.91,59.44,59.46,0.06,+0.10%,3282500
EMR,2017-05-23,59.57,59.66,59.06,59.24,-0.22,-0.37%,3334400
EMR,2017-05-24,59.49,60.45,59.34,59.77,0.53,+0.89%,3524100
EMR,2017-05-25,59.79,59.81,58.96,59.25,-0.52,-0.87%,3885400
EMR,2017-05-26,59.11,59.15,58.58,58.92,-0.33,-0.56%,2489700
EMR,2017-05-30,58.79,59.15,58.59,58.95,0.03,+0.05%,2593200
EMR,2017-05-31,59,59.22,58.41,59.12,0.17,+0.29%,4073100
EMR,2017-06-01,59.3,59.61,58.99,59.25,0.13,+0.22%,2573300
EMR,2017-06-02,59.21,59.93,59.08,59.34,0.09,+0.15%,2681200
EMR,2017-06-05,59.25,59.42,58.96,59.07,-0.27,-0.46%,3179700
EMR,2017-06-06,58.86,58.87,58.37,58.65,-0.42,-0.71%,2631100
EMR,2017-06-07,58.66,58.71,57.39,57.62,-1.03,-1.76%,3386600
EMR,2017-06-08,57.86,59.76,57.83,59.65,2.03,+3.52%,7352700
EMR,2017-06-09,59.98,60.78,59.87,60.71,1.06,+1.78%,5542400
EMR,2017-06-12,60.71,61.38,60.6,60.95,0.24,+0.40%,6077500
EMR,2017-06-13,60.96,61.04,60.42,60.84,-0.11,-0.18%,4531500
EMR,2017-06-14,60.85,60.97,59.71,59.99,-0.85,-1.40%,6740500
EMR,2017-06-15,59.43,60.26,59.39,60.26,0.27,+0.45%,3255300
EMR,2017-06-16,60.48,60.81,60.36,60.68,0.42,+0.70%,4138100
EMR,2017-06-19,60.92,61.49,60.85,61.38,0.7,+1.15%,4072300
EMR,2017-06-20,60.99,61.22,60.19,60.23,-1.15,-1.87%,3763000
EMR,2017-06-21,60.3,60.31,58.59,58.64,-1.59,-2.64%,3969100
EMR,2017-06-22,59,59.25,58.4,58.73,0.09,+0.15%,4478000
EMR,2017-06-23,58.78,59.19,58.41,59.08,0.35,+0.60%,3868500
EMR,2017-06-26,59.38,59.68,58.96,58.99,-0.09,-0.15%,2913600
EMR,2017-06-27,59,59.11,58.53,58.64,-0.35,-0.59%,3046200
EMR,2017-06-28,59.04,59.45,58.96,59.06,0.42,+0.72%,2148900
EMR,2017-06-29,59.2,59.24,58.01,58.38,-0.68,-1.15%,2721900
EMR,2017-06-30,58.67,60.02,58.65,59.62,1.24,+2.12%,3209000
EMR,2017-07-03,59.56,60.47,59.44,60.25,0.63,+1.06%,2343300
EMR,2017-07-05,60.17,60.17,59.02,59.32,-0.93,-1.54%,3445000
EMR,2017-07-06,59.15,59.83,59.11,59.18,-0.14,-0.24%,3230300
EMR,2017-07-07,59.3,59.83,58.99,59.47,0.29,+0.49%,2344200
EMR,2017-07-10,59.47,60.04,59.41,59.74,0.27,+0.45%,2574400
EMR,2017-07-11,59.73,59.98,59.3,59.82,0.08,+0.13%,1927500
EMR,2017-07-12,60.26,60.55,59.96,60.06,0.24,+0.40%,2860100
EMR,2017-07-13,60.06,60.265,59.76,59.81,-0.25,-0.42%,2320500
EMR,2017-07-14,60.01,60.36,59.82,60.18,0.37,+0.62%,2499100
EMR,2017-07-17,60.01,60.65,59.77,60.36,0.18,+0.30%,2826500
EMR,2017-07-18,60.33,60.38,59.625,59.83,-0.53,-0.88%,3407800
EMR,2017-07-19,59.97,60.64,59.85,60.6,0.77,+1.29%,1786700
EMR,2017-07-20,60.38,60.68,60.05,60.3,-0.3,-0.50%,2370300
EMR,2017-07-21,59.94,60.08,59.65,60.04,-0.26,-0.43%,2280800
EMR,2017-07-24,60.12,60.15,59.67,60.03,-0.01,-0.02%,1795000
EMR,2017-07-25,60.63,60.68,60.155,60.43,0.4,+0.67%,1785100
EMR,2017-07-26,60.38,60.43,59.68,59.8,-0.63,-1.04%,1756100
EMR,2017-07-27,59.92,59.995,59.415,59.91,0.11,+0.18%,2311900
EMR,2017-07-28,59.65,59.71,58.94,59.53,-0.38,-0.63%,2887400
EMR,2017-07-31,59.84,60.02,59.51,59.61,0.08,+0.13%,3315200
EMR,2017-08-01,59.45,60.05,58.46,59.96,0.35,+0.59%,4827900
EMR,2017-08-02,59.75,61.02,59.64,60.99,1.03,+1.72%,5345700
EMR,2017-08-03,60.97,61.08,60.37,60.68,-0.31,-0.51%,3115600
EMR,2017-08-04,60.72,61.21,60.6,61.15,0.47,+0.77%,2304400
EMR,2017-08-07,60.99,61.38,60.84,60.91,-0.24,-0.39%,2703800
EMR,2017-08-08,60.75,61.14,60.245,60.43,-0.48,-0.79%,2155200
EMR,2017-08-09,59.83,60.18,59.73,60.03,-0.4,-0.66%,1775300
EMR,2017-08-10,59.76,60.08,59.12,59.14,-0.89,-1.48%,2039000
EMR,2017-08-11,59.16,59.33,58.75,58.89,-0.25,-0.42%,2802700
EMR,2017-08-14,59.22,59.85,59.22,59.63,0.74,+1.26%,2070700
EMR,2017-08-15,59.6,59.67,59.34,59.41,-0.22,-0.37%,2261900
EMR,2017-08-16,59.63,59.92,59.27,59.32,-0.09,-0.15%,2200200
EMR,2017-08-17,59.11,59.32,58.28,58.29,-1.03,-1.74%,1775100
EMR,2017-08-18,58.15,58.6,57.81,58,-0.29,-0.50%,2063500
EMR,2017-08-21,58.01,58.24,57.82,58,0,0.00%,2080400
EMR,2017-08-22,58.23,58.91,58.1,58.82,0.82,+1.41%,2894500
EMR,2017-08-23,58.57,58.83,58.34,58.43,-0.39,-0.66%,1946400
EMR,2017-08-24,58.51,58.59,57.99,58.02,-0.41,-0.70%,1523500
EMR,2017-08-25,58.39,58.73,58.29,58.56,0.54,+0.93%,1239500
EMR,2017-08-28,58.68,58.74,58.06,58.4,-0.16,-0.27%,1526400
EMR,2017-08-29,58.13,58.405,57.91,58.35,-0.05,-0.09%,2015900
EMR,2017-08-30,58.36,58.68,58.31,58.63,0.28,+0.48%,1890900
EMR,2017-08-31,58.9,59.22,58.55,59.04,0.41,+0.70%,2415100
EMR,2017-09-01,59.26,59.355,58.81,58.81,-0.23,-0.39%,1833100
EMR,2017-09-05,58.74,59.06,58.44,58.66,-0.15,-0.26%,3370100
EMR,2017-09-06,59.23,59.92,58.88,59.91,1.25,+2.13%,3776700
EMR,2017-09-07,60,60.31,59.51,60.21,0.3,+0.50%,3151800
EMR,2017-09-08,60.15,60.615,59.84,60.4,0.19,+0.32%,2254700
EMR,2017-09-11,60.77,60.93,60.64,60.91,0.51,+0.84%,2380300
EMR,2017-09-12,61,61.365,60.85,61.26,0.35,+0.57%,2004800
EMR,2017-09-13,61.12,61.36,61.08,61.3,0.04,+0.07%,1451400
EMR,2017-09-14,61.3,61.98,61.06,61.89,0.59,+0.96%,2401600
EMR,2017-09-15,61.8,62.49,61.76,62.35,0.46,+0.74%,4441600
EMR,2017-09-18,62.47,63,62.17,62.99,0.64,+1.03%,2355600
EMR,2017-09-19,62.99,63.315,62.85,63.21,0.22,+0.35%,2131400
EMR,2017-09-20,63.42,63.9,63.36,63.89,0.68,+1.08%,3069900
EMR,2017-09-21,63.85,64.18,63.42,63.44,-0.45,-0.70%,2408500
EMR,2017-09-22,63.35,63.56,63.09,63.44,0,0.00%,2271400
EMR,2017-09-25,63.45,63.86,63.29,63.61,0.17,+0.27%,2806300
EMR,2017-09-26,63.64,63.65,63,63.1,-0.51,-0.80%,3698500
EMR,2017-09-27,63.28,63.58,62.97,63.34,0.24,+0.38%,3419100
EMR,2017-09-28,63.13,63.46,62.64,62.86,-0.48,-0.76%,2621700
EMR,2017-09-29,62.75,63.07,62.54,62.84,-0.02,-0.03%,2903600
EMR,2017-10-02,62.87,63.32,62.65,63.2,0.36,+0.57%,3332600
EMR,2017-10-03,63.3,63.39,63.04,63.33,0.13,+0.21%,2826000
EMR,2017-10-04,63.31,63.995,63.03,63.92,0.59,+0.93%,2759600
EMR,2017-10-05,63.9,64.11,63.62,63.98,0.06,+0.09%,1726000
EMR,2017-10-06,63.75,64.08,63.56,63.7,-0.28,-0.44%,1934000
EMR,2017-10-09,63.71,64.04,63.59,63.82,0.12,+0.19%,1474300
EMR,2017-10-10,64.11,64.11,63.34,63.42,-0.4,-0.63%,1991400
EMR,2017-10-11,63.4,63.515,63.17,63.43,0.01,+0.02%,1862900
EMR,2017-10-12,63.36,64.03,63.36,63.92,0.49,+0.77%,1574300
EMR,2017-10-13,64.25,64.4,63.865,63.97,0.05,+0.08%,1986100
EMR,2017-10-16,64.12,64.92,63.65,64.44,0.47,+0.73%,2489900
EMR,2017-10-17,65.57,66.1,65.3,65.48,1.04,+1.61%,3794400
EMR,2017-10-18,65.43,65.81,65.25,65.51,0.03,+0.05%,2330200
EMR,2017-10-19,65.31,65.52,65.04,65.16,-0.35,-0.53%,2103100
EMR,2017-10-20,65.52,65.84,65.23,65.78,0.62,+0.95%,2648100
EMR,2017-10-23,65.74,66.445,65.73,66.1,0.32,+0.49%,2488100
EMR,2017-10-24,66.49,67.31,66.42,66.74,0.64,+0.97%,2980100
EMR,2017-10-25,66.74,66.95,65.87,66.5,-0.24,-0.36%,2745100
EMR,2017-10-26,66.79,67.05,66.43,66.83,0.33,+0.50%,2006000
EMR,2017-10-27,66.82,67.785,66.71,67.38,0.55,+0.82%,3545100
EMR,2017-10-30,67.27,67.64,67.07,67.34,-0.04,-0.06%,3841700
EMR,2017-10-31,67.02,67.12,64.33,64.46,-2.88,-4.28%,9603500
EMR,2017-11-01,64.56,64.89,64.04,64.07,-0.39,-0.61%,5365500
EMR,2017-11-02,64.18,64.23,63.55,63.62,-0.45,-0.70%,4037000
EMR,2017-11-03,63.8,64.76,63.57,64.1,0.48,+0.75%,4439400
EMR,2017-11-06,64.25,64.81,63.98,64.52,0.42,+0.66%,3690400
EMR,2017-11-07,64.04,64.38,62.68,63.08,-1.44,-2.23%,4358100
EMR,2017-11-08,63.04,63.22,62.21,62.52,-0.56,-0.89%,2553200
EMR,2017-11-09,62.11,62.315,60.16,61.48,-1.04,-1.66%,5954100
EMR,2017-11-10,61.35,61.64,60.95,61.61,0.13,+0.21%,3613300
EMR,2017-11-13,61.63,61.63,61.19,61.39,-0.22,-0.36%,2557300
EMR,2017-11-14,61.22,61.47,60.73,60.74,-0.65,-1.06%,2850000
EMR,2017-11-15,60.49,60.7,59.49,59.59,-1.15,-1.89%,4276600
EMR,2017-11-16,58.05,59.74,57.47,59.02,-0.57,-0.96%,10266600
EMR,2017-11-17,58.86,60.24,58.69,59.85,0.83,+1.41%,5091700
EMR,2017-11-20,59.87,60.435,59.62,60.26,0.41,+0.69%,5449300
EMR,2017-11-21,60.34,60.69,60.02,60.35,0.09,+0.15%,3277500
EMR,2017-11-22,60.75,62.08,60.72,61.88,1.53,+2.54%,5881500
EMR,2017-11-24,61.98,62.12,61.56,61.63,-0.25,-0.40%,2182600
EMR,2017-11-27,61.62,62.28,61.62,61.88,0.25,+0.41%,3663500
EMR,2017-11-28,62.62,64.165,62.58,64.15,2.27,+3.67%,6466800
EMR,2017-11-29,64.06,64.57,63.81,63.87,-0.28,-0.44%,3929400
EMR,2017-11-30,64.18,65.06,64.04,64.82,0.95,+1.49%,5307000
EMR,2017-12-01,64.91,65.3,63.54,64.69,-0.13,-0.20%,4002800
EMR,2017-12-04,65.35,66.65,65.08,65.1,0.41,+0.63%,4531100
EMR,2017-12-05,65.14,65.32,64.59,64.68,-0.42,-0.65%,2806100
EMR,2017-12-06,64.64,65.38,64.55,64.73,0.05,+0.08%,3011700
EMR,2017-12-07,64.86,65.8,64.68,65.78,1.05,+1.62%,3412600
EMR,2017-12-08,65.83,66.77,65.59,66.55,0.77,+1.17%,3973800
EMR,2017-12-11,66.68,66.91,66.3,66.41,-0.14,-0.21%,2291900
EMR,2017-12-12,66.27,67.03,66.27,66.67,0.26,+0.39%,2756300
EMR,2017-12-13,66.9,67.55,66.81,67.2,0.53,+0.79%,3306800
EMR,2017-12-14,67.43,67.83,66.5,66.51,-0.69,-1.03%,2887700
EMR,2017-12-15,67,67.53,66.75,67.26,0.75,+1.13%,4387000
EMR,2017-12-18,67.78,68.88,67.51,68.36,1.1,+1.64%,3989400
EMR,2017-12-19,68.46,68.77,68.15,68.54,0.18,+0.26%,3494300
EMR,2017-12-20,69,69.74,68.69,68.96,0.42,+0.61%,5109700
EMR,2017-12-21,69.25,69.8,68.81,69.58,0.62,+0.90%,2668600
EMR,2017-12-22,69.71,69.84,69.19,69.66,0.08,+0.11%,1790200
EMR,2017-12-26,69.7,69.77,69.36,69.53,-0.13,-0.19%,1002200
EMR,2017-12-27,69.75,69.78,69.4,69.75,0.22,+0.32%,1043400
EMR,2017-12-28,69.86,70,69.535,69.98,0.23,+0.33%,1452900
EMR,2017-12-29,70.04,70.21,69.69,69.69,-0.29,-0.41%,1848800
EMR,2018-01-02,70.06,70.76,69.7,70.74,1.05,+1.51%,3086500
EMR,2018-01-03,70.72,71.46,70.22,71.39,0.65,+0.92%,3308700
EMR,2018-01-04,71.5,71.81,71.21,71.49,0.1,+0.14%,2806300
EMR,2018-01-05,71.76,72.475,71.2,72.43,0.94,+1.31%,3118800
EMR,2018-01-08,72.43,72.43,71.68,72.2,-0.23,-0.32%,2334800
EMR,2018-01-09,72.42,72.59,71.89,72.32,0.12,+0.17%,3367600
EMR,2018-01-10,71.74,72.7,71.7,72.59,0.27,+0.37%,2411300
EMR,2018-01-11,72.88,73.9,72.46,73.88,1.29,+1.78%,2917400
EMR,2018-01-12,74,74.45,73.85,73.91,0.03,+0.04%,3500800
EMR,2018-01-16,73.39,73.88,72.11,72.83,-1.08,-1.46%,3899800
EMR,2018-01-17,73.05,73.78,72.89,73.07,0.24,+0.33%,3276100
EMR,2018-01-18,73.48,73.95,73,73.45,0.38,+0.52%,2356100
EMR,2018-01-19,73.63,73.8,72.88,73.14,-0.31,-0.42%,3538200
EMR,2018-01-22,72.94,73.28,72.35,73.26,0.12,+0.16%,3521400
EMR,2018-01-23,73.34,73.85,73.01,73.12,-0.14,-0.19%,3205600
EMR,2018-01-24,73.54,73.7,72.16,72.63,-0.49,-0.67%,3284300
EMR,2018-01-25,73.08,73.2,71.79,72.68,0.05,+0.07%,3293600
EMR,2018-01-26,72.9,74.05,72.68,74.05,1.37,+1.88%,3587400
EMR,2018-01-29,73.67,73.87,72.91,72.99,-1.06,-1.43%,2136300
EMR,2018-01-30,72.43,72.91,72.09,72.47,-0.52,-0.71%,2311600
EMR,2018-01-31,72.95,73.25,72.03,72.23,-0.24,-0.33%,5458100
EMR,2018-02-01,71.43,73.1,69.73,72.58,0.35,+0.48%,3022200
EMR,2018-02-02,71.86,72.34,70.51,70.57,-2.01,-2.77%,4852900
EMR,2018-02-05,70.02,71.42,68.215,68.44,-2.13,-3.02%,4426200
EMR,2018-02-06,66.09,71.38,66,69.25,0.81,+1.18%,7320400
EMR,2018-02-07,69.41,70.52,68.73,68.96,-0.29,-0.42%,4045600
EMR,2018-02-08,68.96,69.12,66.36,66.4,-2.56,-3.71%,4350100
EMR,2018-02-09,67.5,69.77,66.4,69.07,2.67,+4.02%,5979200
EMR,2018-02-12,69.71,71.06,69.54,70.31,1.24,+1.80%,5187900
EMR,2018-02-13,69.89,70.52,69.4,70.38,0.07,+0.10%,3542000
EMR,2018-02-14,70.71,71.91,69.73,71.31,0.93,+1.32%,5000100
EMR,2018-02-15,71.93,72.59,70.59,71.5,0.19,+0.27%,4089700
EMR,2018-02-16,71.38,73.37,71.33,72.99,1.49,+2.08%,4783800
EMR,2018-02-20,72.42,73.155,70.89,71.07,-1.92,-2.63%,3897200
EMR,2018-02-21,71.12,72.57,71.04,71.81,0.74,+1.04%,4368200
EMR,2018-02-22,72.06,72.56,71.54,72.09,0.28,+0.39%,2534600
EMR,2018-02-23,72.48,72.55,71.26,72.19,0.1,+0.14%,1901600
EMR,2018-02-26,72.85,73.62,72.28,73.53,1.34,+1.86%,3881200
EMR,2018-02-27,73.48,74.43,73.09,73.09,-0.44,-0.60%,3454800
EMR,2018-02-28,73.41,73.42,71.04,71.06,-2.03,-2.78%,4858800
EMR,2018-03-01,70.96,71.51,69.33,69.58,-1.48,-2.08%,4605600
EMR,2018-03-02,69.11,69.62,68.44,69.36,-0.22,-0.32%,3893700
EMR,2018-03-05,69.14,70.52,68.97,70.15,0.79,+1.14%,3935400
EMR,2018-03-06,70.61,70.61,69.71,70.47,0.32,+0.46%,2480500
EMR,2018-03-07,69.67,70.58,69.27,69.59,-0.88,-1.25%,3511600
EMR,2018-03-08,69.95,70.28,69.22,70.21,0.62,+0.89%,3190700
EMR,2018-03-09,71.4,72.31,70.66,72.27,2.06,+2.93%,3389600
EMR,2018-03-12,72.31,72.48,71.02,71.42,-0.85,-1.18%,2250800
EMR,2018-03-13,71.61,71.955,70.9,71.23,-0.19,-0.27%,3549200
EMR,2018-03-14,71.74,71.74,70.58,70.74,-0.49,-0.69%,3885300
EMR,2018-03-15,70.82,71.21,70.3,70.93,0.19,+0.27%,3015200
EMR,2018-03-16,71.12,72.38,70.78,72.38,1.45,+2.04%,9730900
EMR,2018-03-19,71.87,71.87,70.02,70.73,-1.65,-2.28%,3945200
EMR,2018-03-20,71.1,71.63,70.49,70.55,-0.18,-0.25%,2285200
EMR,2018-03-21,70.7,71.83,70.41,71.15,0.6,+0.85%,2068500
EMR,2018-03-22,70.28,70.34,68.71,68.77,-2.38,-3.35%,3153700
EMR,2018-03-23,69.01,69.32,67.23,67.36,-1.41,-2.05%,2836100
EMR,2018-03-26,68.44,69.665,67.8,69.51,2.15,+3.19%,3321800
EMR,2018-03-27,69.64,69.89,67.42,67.92,-1.59,-2.29%,2840700
EMR,2018-03-28,68.15,68.395,66.95,67.3,-0.62,-0.91%,2668700
EMR,2018-03-29,67.64,68.82,67.44,68.3,1,+1.49%,1890700
EMR,2018-04-02,68.05,68.11,65.14,66.28,-2.02,-2.96%,3740000
EMR,2018-04-03,66.79,67.89,66.32,67.85,1.57,+2.37%,5067000
EMR,2018-04-04,66.67,68.39,66.29,68.13,0.28,+0.41%,3791800
EMR,2018-04-05,68.52,68.77,67.87,68.41,0.28,+0.41%,2930300
EMR,2018-04-06,67.8,68.16,65.14,66.31,-2.1,-3.07%,4475500
EMR,2018-04-09,66.65,67.42,66.09,66.19,-0.12,-0.18%,2321400
EMR,2018-04-10,67.03,67.94,67.03,67.56,1.37,+2.07%,2430200
EMR,2018-04-11,66.91,67.91,66.69,67.08,-0.48,-0.71%,2736700
EMR,2018-04-12,67.35,68.61,67.28,68.2,1.12,+1.67%,3195000
EMR,2018-04-13,68.81,69.192,68.185,68.42,0.22,+0.32%,3226300
EMR,2018-04-16,69.09,69.16,68.54,68.81,0.39,+0.57%,2517300
EMR,2018-04-17,69.46,69.68,69.05,69.39,0.58,+0.84%,3914800
EMR,2018-04-18,69.84,71.32,69.38,70.62,1.23,+1.77%,3057500
EMR,2018-04-19,70.55,70.92,70.09,70.67,0.05,+0.07%,2291900
EMR,2018-04-20,70.73,70.74,69.495,70.2,-0.47,-0.67%,3962600
EMR,2018-04-23,70.4,71.12,69.76,69.9,-0.3,-0.43%,2809100
EMR,2018-04-24,71.29,71.29,66.8,68.3,-1.6,-2.29%,4130000
EMR,2018-04-25,68.03,69.04,67.14,68.71,0.41,+0.60%,2380300
EMR,2018-04-26,68.7,68.87,67.05,67.49,-1.22,-1.78%,3411400
EMR,2018-04-27,67.35,67.915,66.9,67.82,0.33,+0.49%,4801000
EMR,2018-04-30,67.99,68.15,66.31,66.41,-1.41,-2.08%,4419100
EMR,2018-05-01,66.44,69.06,65.86,68.98,2.57,+3.87%,7483800
EMR,2018-05-02,68.88,68.93,67.505,67.6,-1.38,-2.00%,4454600
EMR,2018-05-03,67.51,67.835,66.53,67.42,-0.18,-0.27%,3486400
EMR,2018-05-04,66.95,68.745,66.76,68.42,1,+1.48%,2476300
EMR,2018-05-07,68.65,69.9,68.6,69.3,0.88,+1.29%,3219300
EMR,2018-05-08,69.32,69.86,69.01,69.76,0.46,+0.66%,3768700
EMR,2018-05-09,70.11,71.94,69.8,71.93,2.17,+3.11%,3831400
EMR,2018-05-10,71.95,72.06,71.42,71.97,0.04,+0.06%,2353600
EMR,2018-05-11,71.97,72.58,71.59,72,0.03,+0.04%,2687200
EMR,2018-05-14,72.3,72.73,71.88,72.16,0.16,+0.22%,3086900
EMR,2018-05-15,71.69,72.11,71.42,71.83,-0.33,-0.46%,2036600
EMR,2018-05-16,71.93,72.47,71.67,71.95,0.12,+0.17%,1598600
EMR,2018-05-17,72.05,73.18,71.61,72.97,1.02,+1.42%,2717500
EMR,2018-05-18,72.85,73.37,72.79,73.14,0.17,+0.23%,1848200
EMR,2018-05-21,73.6,74.35,73.5,74.08,0.94,+1.29%,2234400
EMR,2018-05-22,74.08,74.36,73.16,73.26,-0.82,-1.11%,2002600
EMR,2018-05-23,72.83,73.27,72.41,73.01,-0.25,-0.34%,1922100
EMR,2018-05-24,72.93,73.37,72.06,73.25,0.24,+0.33%,2419300
EMR,2018-05-25,72.85,72.855,71.98,72.49,-0.76,-1.04%,2888400
EMR,2018-05-29,71.77,71.82,70.27,70.77,-1.72,-2.37%,2756500
EMR,2018-05-30,71.18,71.9,70.81,71.65,0.88,+1.24%,2145300
EMR,2018-05-31,71.88,71.93,70.52,70.84,-0.81,-1.13%,2782800
EMR,2018-06-01,71.55,71.85,71.02,71.37,0.53,+0.75%,3483100
EMR,2018-06-04,71.7,72.17,71.15,71.51,0.14,+0.20%,1921700
EMR,2018-06-05,71.86,73.05,71.83,72.67,1.16,+1.62%,4009200
EMR,2018-06-06,72.83,73.36,72.56,73.29,0.62,+0.85%,2854400
EMR,2018-06-07,73.44,73.89,72.81,73.37,0.08,+0.11%,1879400
EMR,2018-06-08,73.18,73.295,72.64,73.15,-0.22,-0.30%,2270100
EMR,2018-06-11,73.2,73.68,72.93,73.18,0.03,+0.04%,1782100
EMR,2018-06-12,73.42,73.42,73,73.21,0.03,+0.04%,1582600
EMR,2018-06-13,73.17,73.37,72.64,72.78,-0.43,-0.59%,2260400
EMR,2018-06-14,73.17,73.41,72.35,72.9,0.12,+0.16%,2461900
EMR,2018-06-15,72.83,73.09,71.33,72.28,-0.62,-0.85%,4378100
EMR,2018-06-18,71.59,72.32,71.35,72.14,-0.14,-0.19%,2017400
EMR,2018-06-19,70.91,71.22,69.6,70.56,-1.58,-2.19%,3445600
EMR,2018-06-20,70.99,70.99,70.09,70.39,-0.17,-0.24%,1630400
EMR,2018-06-21,70.07,70.34,68.95,69.2,-1.19,-1.69%,3272700
EMR,2018-06-22,70.73,70.73,69.71,69.87,0.67,+0.97%,5207400
EMR,2018-06-25,69.44,69.78,68.37,69.15,-0.72,-1.03%,4148800
EMR,2018-06-26,69.36,69.825,68.84,68.95,-0.2,-0.29%,3007200
EMR,2018-06-27,69.31,70.12,68.54,68.55,-0.4,-0.58%,2782800
EMR,2018-06-28,68.48,68.9,67.67,68.59,0.04,+0.06%,1978000
EMR,2018-06-29,69.1,70.03,68.88,69.14,0.55,+0.80%,4025700
EMR,2018-07-02,68.5,69.57,68.38,69.44,0.3,+0.43%,2515100
EMR,2018-07-03,70.14,70.45,68.58,68.77,-0.67,-0.96%,1842600
EMR,2018-07-05,69.25,69.35,68.64,69.18,0.41,+0.60%,2559100
EMR,2018-07-06,69.22,69.56,68.62,69.28,0.1,+0.14%,2300000
EMR,2018-07-09,69.57,71.01,69.465,70.84,1.56,+2.25%,2234500
EMR,2018-07-10,70.84,71.285,70.545,70.99,0.15,+0.21%,2671800
EMR,2018-07-11,70.3,70.35,68.81,69.07,-1.92,-2.70%,3253900
EMR,2018-07-12,70.33,70.35,69.44,70.23,1.16,+1.68%,2226000
EMR,2018-07-13,70.21,70.85,70.04,70.58,0.35,+0.50%,1553600
EMR,2018-07-16,70.65,70.81,69.18,69.31,-1.27,-1.80%,2727500
EMR,2018-07-17,69.17,69.64,68.62,69.48,0.17,+0.25%,2646400
EMR,2018-07-18,69.54,70.05,68.94,69.69,0.21,+0.30%,2902200
EMR,2018-07-19,69.35,70.32,69.23,69.8,0.11,+0.16%,2490400
EMR,2018-07-20,69.27,69.88,69.18,69.28,-0.52,-0.74%,2233700
EMR,2018-07-23,69.2,69.235,67.81,67.89,-1.39,-2.01%,2832100
EMR,2018-07-24,68.42,69.26,68.35,68.87,0.98,+1.44%,3076300
EMR,2018-07-25,68.8,70.28,68.7,70.2,1.33,+1.93%,2768200
EMR,2018-07-26,70.39,71.7,70.39,71.26,1.06,+1.51%,2755400
EMR,2018-07-27,71.46,71.65,70.93,71.26,0,0.00%,1753200
EMR,2018-07-30,71.47,71.98,70.44,70.53,-0.73,-1.02%,1811900
EMR,2018-07-31,70.84,72.49,70.71,72.28,1.75,+2.48%,3021500
EMR,2018-08-01,71.98,72.04,70.6,71.3,-0.98,-1.36%,2611000
EMR,2018-08-02,70.83,71.335,70.21,71.28,-0.02,-0.03%,2852200
EMR,2018-08-03,71.47,72.02,71.34,71.48,0.2,+0.28%,3682700
EMR,2018-08-06,71.31,71.785,71.16,71.62,0.14,+0.20%,2640200
EMR,2018-08-07,73.31,75,72.11,74.66,3.04,+4.24%,4945400
EMR,2018-08-08,74.57,75.25,74.01,74.04,-0.62,-0.83%,3592700
EMR,2018-08-09,74.29,74.45,73.91,74.05,0.01,+0.01%,2071000
EMR,2018-08-10,73.84,74.47,73.505,73.86,-0.19,-0.26%,3101000
EMR,2018-08-13,74,74.32,73.35,73.45,-0.41,-0.56%,2888600
EMR,2018-08-14,73.8,74.825,73.65,74.24,0.79,+1.08%,2933700
EMR,2018-08-15,73.73,73.73,72.41,73.56,-0.68,-0.92%,2851400
EMR,2018-08-16,73.34,74.27,73.09,73.96,0.4,+0.54%,2056400
EMR,2018-08-17,74.05,75.07,73.58,74.86,0.9,+1.22%,2862500
EMR,2018-08-20,75.13,75.68,75.02,75.54,0.68,+0.91%,2697900
EMR,2018-08-21,75.93,76.78,75.62,76.6,1.06,+1.40%,2526000
EMR,2018-08-22,76.09,76.28,75.01,75.16,-1.44,-1.88%,2501400
EMR,2018-08-23,75.07,75.65,75,75.57,0.41,+0.55%,1608700
EMR,2018-08-24,75.85,76,75.42,75.67,0.1,+0.13%,2499100
EMR,2018-08-27,75.96,76.795,75.91,76.65,0.98,+1.30%,2093000
EMR,2018-08-28,76.82,77,76.24,76.53,-0.12,-0.16%,2422900
EMR,2018-08-29,76.73,76.9,76.26,76.8,0.27,+0.35%,1576500
EMR,2018-08-30,76.63,76.89,76.08,76.36,-0.44,-0.57%,1543100
EMR,2018-08-31,76.23,76.87,76.215,76.73,0.37,+0.48%,1967600
EMR,2018-09-04,76.7,76.7,75.71,76.4,-0.33,-0.43%,2021100
EMR,2018-09-05,76.21,77.6,76.11,77.27,0.87,+1.14%,4056300
EMR,2018-09-06,77.2,77.24,75.91,76.21,-1.06,-1.37%,3288500
EMR,2018-09-07,75.99,76.233,75.495,75.79,-0.42,-0.55%,2039100
EMR,2018-09-10,76.29,76.64,76,76.27,0.48,+0.63%,2268900
EMR,2018-09-11,76.09,76.64,75.8,76.22,-0.05,-0.07%,1479400
EMR,2018-09-12,76.2,77.26,76.03,77.11,0.89,+1.17%,2113000
EMR,2018-09-13,77.37,78,77.12,77.75,0.64,+0.83%,2482400
EMR,2018-09-14,77.75,77.91,77.34,77.54,-0.21,-0.27%,1829400
EMR,2018-09-17,77.51,77.99,77.39,77.77,0.23,+0.30%,1518700
EMR,2018-09-18,77.99,78.615,77.58,78.41,0.64,+0.82%,2335300
EMR,2018-09-19,78.12,78.34,77.19,77.41,-1.,-1.28%,2744100
EMR,2018-09-20,77.93,78.41,77.44,78.38,0.97,+1.25%,2596300
EMR,2018-09-21,78.57,78.75,77.72,78.01,-0.37,-0.47%,3093100
EMR,2018-09-24,77.88,77.91,76.94,77.48,-0.53,-0.68%,1962300
EMR,2018-09-25,77.77,78.03,77.05,77.21,-0.27,-0.35%,2673500
EMR,2018-09-26,77.26,77.42,76.42,76.65,-0.56,-0.73%,1874600
EMR,2018-09-27,77.06,77.265,76.48,76.79,0.14,+0.18%,1540900
EMR,2018-09-28,76.83,77.33,76.4,76.58,-0.21,-0.27%,2034200
EMR,2018-10-01,77.12,77.93,76.78,77.64,1.06,+1.38%,3218000
EMR,2018-10-02,77.45,78.3,77.13,77.86,0.22,+0.28%,4086500
EMR,2018-10-03,78.02,78.59,77.9,78.52,0.66,+0.85%,2593500
EMR,2018-10-04,78.57,79.7,77.66,78.16,-0.36,-0.46%,3271700
EMR,2018-10-05,78.26,78.65,77.47,78.06,-0.1,-0.13%,4116300
EMR,2018-10-08,77.48,78.09,76.93,77.9,-0.16,-0.20%,2712100
EMR,2018-10-09,77.77,77.9,75.74,75.98,-1.92,-2.46%,3638500
EMR,2018-10-10,75.94,75.99,73.29,73.35,-2.63,-3.46%,4197200
EMR,2018-10-11,73.1,73.6,71.02,71.2,-2.15,-2.93%,4347100
EMR,2018-10-12,72.74,72.82,71.2,71.92,0.72,+1.01%,3600900
EMR,2018-10-15,71.74,72.22,71.42,71.42,-0.5,-0.70%,2559000
EMR,2018-10-16,72.17,73.66,71.95,73.57,2.15,+3.01%,3476200
EMR,2018-10-17,73.47,74.31,72.71,74,0.43,+0.58%,3635300
EMR,2018-10-18,73.65,74.26,71.93,72.44,-1.56,-2.11%,3092500
EMR,2018-10-19,72.56,73.37,71.935,72.27,-0.17,-0.23%,3182000
EMR,2018-10-22,72.65,72.71,71.47,71.72,-0.55,-0.76%,2686700
EMR,2018-10-23,69.76,69.8,68.05,68.97,-2.75,-3.83%,5546100
EMR,2018-10-24,68.93,69.18,65.82,66.01,-2.96,-4.29%,5158100
EMR,2018-10-25,66.86,67.65,66.49,67.1,1.09,+1.65%,3657700
EMR,2018-10-26,66.23,67.34,65.56,66.25,-0.85,-1.27%,3507400
EMR,2018-10-29,67.4,68.33,65.45,66.33,0.08,+0.12%,3496800
EMR,2018-10-30,66.27,67.92,66.165,67.81,1.48,+2.23%,2895100
EMR,2018-10-31,68.61,69.52,67.83,67.88,0.07,+0.10%,3606400
EMR,2018-11-01,68.39,70.26,68.24,69.95,2.07,+3.05%,3935300
EMR,2018-11-02,70.67,70.96,69.08,69.62,-0.33,-0.47%,4625500
EMR,2018-11-05,69.91,70.98,69.72,70.35,0.73,+1.05%,4503900
EMR,2018-11-06,67.51,71,67.18,70.53,0.18,+0.26%,4589900
EMR,2018-11-07,71.08,71.18,68.58,69.87,-0.66,-0.94%,6514300
EMR,2018-11-08,68.98,70.26,68.98,69.76,-0.11,-0.16%,5343400
EMR,2018-11-09,68.84,69.53,67.89,68.49,-1.27,-1.82%,4236000
EMR,2018-11-12,68.45,68.79,66.87,67.01,-1.48,-2.16%,4731100
EMR,2018-11-13,67.29,68.78,66.47,66.76,-0.25,-0.37%,4877700
EMR,2018-11-14,67.53,68.99,66.83,67.4,0.64,+0.96%,4789700
EMR,2018-11-15,66.63,69.23,66.33,68.81,1.41,+2.09%,4314700
EMR,2018-11-16,68.47,70.31,68.39,69.62,0.81,+1.18%,4732800
EMR,2018-11-19,69.29,69.34,67.7,68.46,-1.16,-1.67%,6012100
EMR,2018-11-20,67.94,68.11,66.71,67.11,-1.35,-1.97%,3350700
EMR,2018-11-21,67.42,67.88,67.13,67.28,0.17,+0.25%,3089200
EMR,2018-11-23,66.49,66.66,65.65,65.81,-1.47,-2.18%,1888800
EMR,2018-11-26,66.28,67.1,65.84,66.62,0.81,+1.23%,3213700
EMR,2018-11-27,66.5,67.07,65.94,66.75,0.13,+0.20%,2156800
EMR,2018-11-28,67,68.07,66.22,68.07,1.32,+1.98%,2258100
EMR,2018-11-29,67.75,67.94,66.98,67.33,-0.74,-1.09%,3109200
EMR,2018-11-30,67.15,67.65,66.42,67.52,0.19,+0.28%,3467100
EMR,2018-12-03,69.38,69.95,68.4,68.86,1.34,+1.98%,5009100
EMR,2018-12-04,68.66,69.19,65.58,65.65,-3.21,-4.66%,6547400
EMR,2018-12-06,64.18,64.34,62.04,63.79,-1.86,-2.83%,8001800
EMR,2018-12-07,63.89,64.87,62.79,62.95,-0.84,-1.32%,5232200
EMR,2018-12-10,62.48,63.04,61.135,62.55,-0.4,-0.64%,4060900
EMR,2018-12-11,63.71,64,61.71,62.28,-0.27,-0.43%,3220400
EMR,2018-12-12,60.67,62.14,60.57,61.08,-1.2,-1.93%,7496900
EMR,2018-12-13,61.46,61.665,60.5,60.73,-0.35,-0.57%,6478200
EMR,2018-12-14,60.13,60.93,59.96,60.44,-0.29,-0.48%,6152200
EMR,2018-12-17,60.1,60.21,58.27,58.72,-1.72,-2.85%,7234600
EMR,2018-12-18,59.2,59.97,58.13,58.49,-0.23,-0.39%,6674300
EMR,2018-12-19,58.49,59.94,57.11,57.68,-0.81,-1.38%,5091700
EMR,2018-12-20,57.22,57.63,56.18,56.7,-0.98,-1.70%,7058200
EMR,2018-12-21,56.7,57.97,56.6,56.87,0.17,+0.30%,10205300
EMR,2018-12-24,56.33,56.845,55.445,55.49,-1.38,-2.43%,3719700
EMR,2018-12-26,55.9,58.52,55.385,58.47,2.98,+5.37%,5450800
EMR,2018-12-27,57.51,59.33,57.25,59.33,0.86,+1.47%,5717000
EMR,2018-12-28,59.5,60.03,58.92,59.13,-0.2,-0.34%,4261600
EMR,2018-12-31,59.37,59.875,59.09,59.75,0.62,+1.05%,4149400
EMR,2019-01-02,58.8,59.82,58.54,59.75,0,0.00%,3341900
EMR,2019-01-03,59.34,60.15,58.23,58.46,-1.29,-2.16%,5843100
EMR,2019-01-04,59.2,59.9,58.75,59.72,1.26,+2.16%,5663500
EMR,2019-01-07,60,60.82,59.48,60.17,0.45,+0.75%,6251100
EMR,2019-01-08,60.78,61.31,60.02,60.67,0.5,+0.83%,3952800
EMR,2019-01-09,61.24,61.875,61.13,61.4,0.73,+1.20%,3662600
EMR,2019-01-10,60.79,62.48,60.79,62.11,0.71,+1.16%,2836700
EMR,2019-01-11,61.89,62.16,61.41,62.02,-0.09,-0.14%,2250700
EMR,2019-01-14,61.47,62.02,61.18,61.69,-0.33,-0.53%,2693600
EMR,2019-01-15,61.87,61.98,61.08,61.52,-0.17,-0.28%,2649500
EMR,2019-01-16,61.5,61.61,61.19,61.38,-0.14,-0.23%,2644300
EMR,2019-01-17,60.98,62.36,60.85,62,0.62,+1.01%,5191100
EMR,2019-01-18,62.44,64.11,62.44,63.68,1.68,+2.71%,4507700
EMR,2019-01-22,63.15,63.26,62.08,63.01,-0.67,-1.05%,5795200
EMR,2019-01-23,63.21,63.55,61.94,62.4,-0.61,-0.97%,2989300
EMR,2019-01-24,62.4,63.12,62.27,63.04,0.64,+1.03%,2974300
EMR,2019-01-25,63.94,64.23,63.66,63.94,0.9,+1.43%,2060600
EMR,2019-01-28,63.16,63.22,62.02,62.41,-1.53,-2.39%,4324400
EMR,2019-01-29,63.04,63.57,62.69,63.43,1.02,+1.63%,3200300
EMR,2019-01-30,64.27,65.895,64.08,65.69,2.26,+3.56%,5843100
EMR,2019-01-31,65.75,65.91,65.075,65.47,-0.22,-0.33%,6009300
EMR,2019-02-01,65.96,66.68,65.55,66.65,1.18,+1.80%,3806800
EMR,2019-02-04,66.75,67.78,66.28,67.65,1,+1.50%,6672800
EMR,2019-02-05,66.11,67.28,65.2,66.9,-0.75,-1.11%,7144500
EMR,2019-02-06,67.07,67.23,66.25,67.01,0.11,+0.16%,5068300
EMR,2019-02-07,66.5,66.82,65.9,66.34,-0.67,-1.00%,4039800
EMR,2019-02-08,66.02,66.81,65.75,66.74,0.4,+0.60%,4531800
EMR,2019-02-11,66.87,67.1,66.49,66.92,0.18,+0.27%,2706200
EMR,2019-02-12,67.55,68.32,67.22,68.07,1.15,+1.72%,2708400
EMR,2019-02-13,68.44,68.58,68.01,68.41,0.34,+0.50%,3173700
EMR,2019-02-14,67.56,67.62,66.46,66.48,-1.93,-2.82%,4359800
EMR,2019-02-15,67.13,68.38,66.88,68.31,1.83,+2.75%,3901200
EMR,2019-02-19,67.99,68.205,67.44,67.89,-0.42,-0.61%,2479300
EMR,2019-02-20,68.02,68.71,67.88,68.58,0.69,+1.02%,3851300
EMR,2019-02-21,68.18,68.36,67.57,67.74,-0.84,-1.22%,2549800
EMR,2019-02-22,68.11,68.57,67.94,68.55,0.81,+1.20%,2354900
EMR,2019-02-25,69,69.29,68.57,68.75,0.2,+0.29%,2785700
EMR,2019-02-26,68.36,68.83,68.29,68.34,-0.41,-0.60%,2099800
EMR,2019-02-27,68.2,68.665,67.95,68.54,0.2,+0.29%,1439100
EMR,2019-02-28,68.39,68.49,67.96,68.15,-0.39,-0.57%,2626400
EMR,2019-03-01,68.64,68.91,68.025,68.4,0.25,+0.37%,2778000
EMR,2019-03-04,68.79,69.04,67.53,68.06,-0.34,-0.50%,2941100
EMR,2019-03-05,67.97,68.18,67.71,67.73,-0.33,-0.48%,2415100
EMR,2019-03-06,67.89,68,67.6,67.7,-0.03,-0.04%,2942900
EMR,2019-03-07,67.6,67.6,66.41,67.3,-0.4,-0.59%,3593800
EMR,2019-03-08,66.44,66.82,65.91,66.6,-0.7,-1.04%,3876200
EMR,2019-03-11,66.39,67.47,66.38,67.44,0.84,+1.26%,3830600
EMR,2019-03-12,67.58,67.98,67.235,67.32,-0.12,-0.18%,3048400
EMR,2019-03-13,67.69,68.32,67.56,67.92,0.6,+0.89%,3967900
EMR,2019-03-14,67.82,68.01,67.38,67.48,-0.44,-0.65%,3077200
EMR,2019-03-15,67.54,67.61,66.92,67.33,-0.15,-0.22%,11044400
EMR,2019-03-18,67.44,68.91,67.44,68.79,1.46,+2.17%,4139300
EMR,2019-03-19,69.2,69.34,68.1401,68.42,-0.37,-0.54%,2446800
EMR,2019-03-20,68.35,68.9,67.68,68.28,-0.14,-0.20%,3903700
EMR,2019-03-21,68.01,69.415,67.8116,69.26,0.98,+1.44%,3603800
EMR,2019-03-22,68.76,68.935,66.8,66.86,-2.4,-3.47%,3482200
EMR,2019-03-25,66.8,67.175,66.17,66.48,-0.38,-0.57%,3626100
EMR,2019-03-26,67.11,67.63,66.84,67.28,0.8,+1.20%,2068000
EMR,2019-03-27,67.34,67.47,66.77,67.15,-0.13,-0.19%,1723800
EMR,2019-03-28,67.21,67.84,67,67.56,0.41,+0.61%,1782300
EMR,2019-03-29,68.23,68.52,67.926,68.47,0.91,+1.35%,3034900
EMR,2019-04-01,69.59,70.23,69.16,70.13,1.66,+2.42%,2822400
EMR,2019-04-02,70.17,70.3,69.5,69.93,-0.2,-0.29%,2726100
EMR,2019-04-03,70.4,70.99,69.99,70.77,0.84,+1.20%,2916000
EMR,2019-04-04,70.88,71.16,70.3,71.12,0.35,+0.49%,2190000
EMR,2019-04-05,71.41,71.46,70.74,71.14,0.02,+0.03%,1981000
EMR,2019-04-08,71.51,71.73,70.79,71.71,0.57,+0.80%,2351900
EMR,2019-04-09,71.57,71.58,70.74,70.81,-0.9,-1.26%,2300700
EMR,2019-04-10,71.03,71.47,70.61,71.13,0.32,+0.45%,1750100
EMR,2019-04-11,71.27,71.59,71.06,71.46,0.33,+0.46%,1489800
EMR,2019-04-12,72.11,72.4,71.7,72.1,0.64,+0.90%,1784800
EMR,2019-04-15,72.07,72.11,71.49,71.8,-0.3,-0.42%,1395900
EMR,2019-04-16,72.05,72.29,71.86,72.18,0.38,+0.53%,1676500
EMR,2019-04-17,72.79,73.04,72.265,72.31,0.13,+0.18%,2530500
EMR,2019-04-18,72.59,72.95,72.305,72.51,0.2,+0.28%,3219500
EMR,2019-04-22,72.11,72.965,71.8,72.73,0.22,+0.30%,2458100
EMR,2019-04-23,72.67,73.24,72.34,73.16,0.43,+0.59%,2145200
EMR,2019-04-24,72.92,73.15,72.4,72.53,-0.63,-0.86%,2740600
EMR,2019-04-25,72.22,72.22,70.8,71.28,-1.25,-1.72%,2809600
EMR,2019-04-26,71.46,71.73,71.14,71.72,0.44,+0.62%,2175100
EMR,2019-04-29,71.72,71.79,70.44,71.07,-0.65,-0.91%,3209900
EMR,2019-04-30,70.9,71.05,69.64,70.99,-0.08,-0.11%,4805100
EMR,2019-05-01,71.1,71.32,70.25,70.28,-0.71,-1.00%,2251700
EMR,2019-05-02,70.24,70.6,69.53,70.1,-0.18,-0.26%,3067000
EMR,2019-05-03,70.5,71.19,70.5,71.1,1,+1.43%,2516200
EMR,2019-05-06,69.52,70.41,69.15,70.15,-0.95,-1.34%,3327000
EMR,2019-05-07,67.5,68.41,66.33,67.53,-2.62,-3.73%,5980700
EMR,2019-05-08,67.33,67.49,66.2,66.29,-1.24,-1.84%,4312000
EMR,2019-05-09,65.61,66.88,65.27,66.8,0.51,+0.77%,2902200
EMR,2019-05-10,66.25,67.15,65.06,66.93,0.13,+0.19%,2799600
EMR,2019-05-13,65.55,65.58,64.14,64.64,-2.29,-3.42%,2737200
EMR,2019-05-14,65.25,65.86,64.88,65.15,0.51,+0.79%,2151100
EMR,2019-05-15,64.52,65.95,64.28,65.55,0.4,+0.61%,2037100
EMR,2019-05-16,65.54,65.85,65.16,65.66,0.11,+0.17%,2373800
EMR,2019-05-17,64.89,65.54,64.68,64.82,-0.84,-1.28%,2689100
EMR,2019-05-20,64.43,64.5299,63.58,63.9,-0.92,-1.42%,3454700
EMR,2019-05-21,64.33,65.6195,64.31,65.33,1.43,+2.24%,3715500
EMR,2019-05-22,65.06,65.19,64.6,64.67,-0.66,-1.01%,2579400
EMR,2019-05-23,63.85,63.85,62,62.68,-1.99,-3.08%,2894900
EMR,2019-05-24,63.36,63.49,62.38,62.53,-0.15,-0.24%,2600200
EMR,2019-05-28,62.76,63,61.18,61.2,-1.33,-2.13%,3783900
EMR,2019-05-29,60.62,61.29,60.38,60.99,-0.21,-0.34%,4136900
EMR,2019-05-30,61.29,61.805,60.98,61.2,0.21,+0.34%,2125400
EMR,2019-05-31,60.43,61.05,60.13,60.24,-0.96,-1.57%,3937900
EMR,2019-06-03,60.27,61.24,60.105,60.58,0.34,+0.56%,3198000
EMR,2019-06-04,61.4,62.56,61.02,62.46,1.88,+3.10%,3262600
EMR,2019-06-05,63.07,63.53,62.3448,63.29,0.83,+1.33%,5091500
EMR,2019-06-06,63.29,63.44,62.01,62.65,-0.64,-1.01%,3169700
EMR,2019-06-07,62.98,64.16,62.83,63.68,1.03,+1.64%,3463300
EMR,2019-06-10,64.16,65.2,64.02,64.63,0.95,+1.49%,2995100
EMR,2019-06-11,65.34,65.64,63.43,63.46,-1.17,-1.81%,3892400
EMR,2019-06-12,63.19,63.43,62.34,62.74,-0.72,-1.13%,3710800
EMR,2019-06-13,63.17,63.36,62.75,63.2,0.46,+0.73%,2762700
EMR,2019-06-14,63.04,63.11,62.02,62.77,-0.43,-0.68%,2822200
EMR,2019-06-17,62.83,63.05,62.52,62.68,-0.09,-0.14%,2968600
EMR,2019-06-18,63.16,64.46,62.96,63.96,1.28,+2.04%,3877700
EMR,2019-06-19,64.14,64.3,63.34,63.48,-0.48,-0.75%,2695100
EMR,2019-06-20,64.67,65.63,63.99,65.51,2.03,+3.20%,3797400
EMR,2019-06-21,65.5,66.11,65.2,65.63,0.12,+0.18%,4356300
EMR,2019-06-24,65.64,65.89,65.33,65.41,-0.22,-0.34%,2717200
EMR,2019-06-25,65.49,65.58,65.15,65.29,-0.12,-0.18%,2093800
EMR,2019-06-26,65.53,66.11,65.35,65.85,0.56,+0.86%,2602500
EMR,2019-06-27,66.11,66.45,65.7,66.1,0.25,+0.38%,3291000
EMR,2019-06-28,66.23,67.05,66.06,66.72,0.62,+0.94%,7114900
EMR,2019-07-01,67.9,68.07,66.435,66.71,-0.01,-0.01%,2900700
EMR,2019-07-02,66.46,66.59,65.69,66.3,-0.41,-0.61%,3214400
EMR,2019-07-03,66.46,66.56,65.58,66.19,-0.11,-0.17%,1596700
EMR,2019-07-05,65.47,65.79,64.2,65.4,-0.79,-1.19%,2277100
EMR,2019-07-08,65.09,65.66,64.66,64.85,-0.55,-0.84%,2143300
EMR,2019-07-09,64.33,64.67,63.79,64.25,-0.6,-0.93%,2254800
EMR,2019-07-10,64.71,64.85,63.51,63.7,-0.55,-0.86%,2723300
EMR,2019-07-11,63.8,64.27,63.45,64.16,0.46,+0.72%,2077900
EMR,2019-07-12,64.6,66.02,64.5,65.69,1.53,+2.38%,2595200
EMR,2019-07-15,65.87,65.965,65.2893,65.69,0,0.00%,1617800
EMR,2019-07-16,65.61,66.83,65.43,66.24,0.55,+0.84%,1892800
EMR,2019-07-17,66.07,66.18,64.58,64.67,-1.57,-2.37%,2174800
EMR,2019-07-18,64.47,64.64,63.97,64.23,-0.44,-0.68%,3174500
EMR,2019-07-19,64.85,65.61,64.59,65.29,1.06,+1.65%,2929100
EMR,2019-07-22,65.41,65.75,64.99,65.4,0.11,+0.17%,2216000
EMR,2019-07-23,65.8,66.87,65.5,66.85,1.45,+2.22%,2112800
EMR,2019-07-24,66.27,67.375,66.09,67.26,0.41,+0.61%,1924300
EMR,2019-07-25,66.96,67.19,66.285,66.93,-0.33,-0.49%,2204800
EMR,2019-07-26,66.9,67,66.27,66.66,-0.27,-0.40%,2052100
EMR,2019-07-29,66.12,66.63,64.83,66.3,-0.36,-0.54%,3196400
EMR,2019-07-30,66.2,67.355,65.799,67.29,0.99,+1.49%,2298100
EMR,2019-07-31,67.3,67.3,63.93,64.88,-2.41,-3.58%,6588300
EMR,2019-08-01,64.93,65.3,62.53,62.76,-2.12,-3.27%,4532400
EMR,2019-08-02,62.5,62.5,61.31,61.66,-1.1,-1.75%,4570400
EMR,2019-08-05,60.34,60.6,59.04,59.45,-2.21,-3.58%,5653400
EMR,2019-08-06,59.86,61.26,59.27,60.82,1.37,+2.30%,4068400
EMR,2019-08-07,59.65,59.88,58.38,59.58,-1.24,-2.04%,3930500
EMR,2019-08-08,60.27,60.84,59.77,60.77,1.19,+2.00%,3217500
EMR,2019-08-09,60.37,60.46,59.24,59.48,-1.29,-2.12%,2948400
EMR,2019-08-12,59.21,59.35,58.2,58.29,-1.19,-2.00%,2329100
EMR,2019-08-13,57.73,60.53,57.65,59.19,0.9,+1.54%,3427800
EMR,2019-08-14,58.02,58.51,57.005,57.14,-2.05,-3.46%,3880500
EMR,2019-08-15,56.77,57.1,55.98,56.41,-0.73,-1.28%,4393400
EMR,2019-08-16,56.87,58.09,56.77,57.92,1.51,+2.68%,3332600
EMR,2019-08-19,59,59.04,58.35,58.55,0.63,+1.09%,4095200
EMR,2019-08-20,58.39,58.6103,57.93,57.98,-0.57,-0.97%,2531000
EMR,2019-08-21,58.81,58.85,58.3,58.46,0.48,+0.83%,2645400
EMR,2019-08-22,58.72,58.96,57.945,58.2,-0.26,-0.44%,2178100
EMR,2019-08-23,57.65,58.535,56.69,57,-1.2,-2.06%,3768900
EMR,2019-08-26,57.46,57.83,56.74,57.28,0.28,+0.49%,3194600
EMR,2019-08-27,57.65,57.72,56.84,57.27,-0.01,-0.02%,2610800
EMR,2019-08-28,56.95,57.93,56.64,57.83,0.56,+0.98%,1735600
EMR,2019-08-29,58.69,59.36,58.47,59.14,1.31,+2.27%,2323400
EMR,2019-08-30,59.8,59.97,59.49,59.59,0.45,+0.76%,2684400
EMR,2019-09-03,59,59,58.033,58.4,-1.19,-2.00%,3131900
EMR,2019-09-04,59.12,59.82,59.12,59.61,1.21,+2.07%,3286300
EMR,2019-09-05,60.63,62.13,60.5,61.84,2.23,+3.74%,3509200
EMR,2019-09-06,62.05,62.39,61.65,62.25,0.41,+0.66%,2653600
EMR,2019-09-09,62.54,63.88,62.41,63.78,1.53,+2.46%,3505700
EMR,2019-09-10,63.88,64.81,63.59,64.81,1.03,+1.61%,3056800
EMR,2019-09-11,64.96,65.37,64.19,65.2,0.39,+0.60%,3047300
EMR,2019-09-12,65,65.5206,64.41,64.71,-0.49,-0.75%,2408400
EMR,2019-09-13,65.58,66.2099,65.16,65.55,0.84,+1.30%,2247700
EMR,2019-09-16,65.53,65.91,65.22,65.66,0.11,+0.17%,2279300
EMR,2019-09-17,65.3,65.4,64.35,64.95,-0.71,-1.08%,2220000
EMR,2019-09-18,64.57,64.92,64.02,64.91,-0.04,-0.06%,3523200
EMR,2019-09-19,65.1,65.54,64.79,65.17,0.26,+0.40%,2067700
EMR,2019-09-20,65.35,65.74,64.51,64.95,-0.22,-0.34%,4134000
EMR,2019-09-23,64.4,65.2637,64.15,64.93,-0.02,-0.03%,2610500
EMR,2019-09-24,65,65.28,63.78,63.99,-0.94,-1.45%,3693300
EMR,2019-09-25,63.89,64.59,63.75,64.46,0.47,+0.73%,2399400
EMR,2019-09-26,64.48,64.48,63.83,64.19,-0.27,-0.42%,1933600
EMR,2019-09-27,65.08,66.8,64,66.4,2.21,+3.44%,6476600
EMR,2019-09-30,66.62,67.21,66.62,66.86,0.46,+0.69%,5055200
EMR,2019-10-01,67.97,68.27,65.175,65.25,-1.61,-2.41%,7704500
EMR,2019-10-02,64.28,64.6,62.98,63.5,-1.75,-2.68%,4188600
EMR,2019-10-03,63.1,64.43,62.8,64.4,0.9,+1.42%,3331400
EMR,2019-10-04,64.36,65.2,64.36,65.19,0.79,+1.23%,3216000
EMR,2019-10-07,65.03,65.49,64.44,64.45,-0.74,-1.14%,2053700
EMR,2019-10-08,63.76,64.015,63.1,63.16,-1.29,-2.00%,2742600
EMR,2019-10-09,63.68,64.12,62.98,63.62,0.46,+0.73%,2778100
EMR,2019-10-10,63.78,65.43,63.78,65.05,1.43,+2.25%,2842100
EMR,2019-10-11,66.25,68.03,65.97,67.04,1.99,+3.06%,3738200
EMR,2019-10-14,66.61,67.38,66.535,67.21,0.17,+0.25%,2156800
EMR,2019-10-15,67.21,68.42,66.64,67.73,0.52,+0.77%,4784700
EMR,2019-10-16,67.43,68.09,67.28,67.32,-0.41,-0.61%,2783100
EMR,2019-10-17,67.8,68.47,67.7,68.05,0.73,+1.08%,2832700
EMR,2019-10-18,67.97,68.82,67.92,68.65,0.6,+0.88%,3877100
EMR,2019-10-21,69.06,69.75,68.94,69.43,0.78,+1.14%,2348000
EMR,2019-10-22,69.56,70.43,68.95,70.23,0.8,+1.15%,2227200
EMR,2019-10-23,70.25,70.63,69.92,70.56,0.33,+0.47%,2498700
EMR,2019-10-24,70.75,70.8,69.44,69.88,-0.68,-0.96%,1790500
EMR,2019-10-25,70.11,71.1,69.91,70.82,0.94,+1.35%,1945300
EMR,2019-10-28,71.27,71.44,70.53,70.99,0.17,+0.24%,2078000
EMR,2019-10-29,70.55,71.225,70.505,70.86,-0.13,-0.18%,2436500
EMR,2019-10-30,70.75,71.05,69.86,71.03,0.17,+0.24%,1796400
EMR,2019-10-31,70.75,71.03,69.39,70.15,-0.88,-1.24%,2936100
EMR,2019-11-01,70.61,71.79,70.46,71.79,1.64,+2.34%,2897400
EMR,2019-11-04,72.47,75.54,72.29,73.22,1.43,+1.99%,6675700
EMR,2019-11-05,72.1,73.925,72,73.79,0.57,+0.78%,6575500
EMR,2019-11-06,73.13,74.25,72.87,73.6,-0.19,-0.26%,4031000
EMR,2019-11-07,73.88,74.29,73.57,73.79,0.19,+0.26%,2571900
EMR,2019-11-08,73.71,73.895,73.32,73.88,0.09,+0.12%,2216400
EMR,2019-11-11,73.29,73.885,73.17,73.81,-0.07,-0.09%,1674100
EMR,2019-11-12,74.26,74.7,73.89,74.07,0.26,+0.35%,2310100
EMR,2019-11-13,73.5,73.8,73.26,73.58,-0.49,-0.66%,2785700
EMR,2019-11-14,72.34,73.25,72.2723,72.73,-0.85,-1.16%,2001000
EMR,2019-11-15,73.39,73.7,72.985,73.53,0.8,+1.10%,2134100
EMR,2019-11-18,73.15,73.3,72.75,73.07,-0.46,-0.63%,1678500
EMR,2019-11-19,73.58,73.58,72.845,73.28,0.21,+0.29%,2133100
EMR,2019-11-20,72.97,73.21,72.31,72.75,-0.53,-0.72%,2243400
EMR,2019-11-21,72.94,73.6,72.53,73.56,0.81,+1.11%,2116100
EMR,2019-11-22,73.69,73.75,73.23,73.66,0.1,+0.14%,2425800
EMR,2019-11-25,74,74.38,73.675,74.35,0.69,+0.94%,2274600
EMR,2019-11-26,74.41,74.45,73.89,74.43,0.08,+0.11%,2077200
EMR,2019-11-27,74.43,74.53,73.87,74.44,0.01,+0.01%,1505000
EMR,2019-11-29,74.16,74.31,73.69,73.86,-0.58,-0.78%,1086800
EMR,2019-12-02,73.95,74.75,73.31,73.36,-0.5,-0.68%,2444500
EMR,2019-12-03,72.67,72.86,71.9,72.61,-0.75,-1.02%,2772700
EMR,2019-12-04,73.27,74.19,73.085,73.5,0.89,+1.23%,2463500
EMR,2019-12-05,73.99,74.11,73.38,73.98,0.48,+0.65%,2970000
EMR,2019-12-06,74.9,75.2,74.63,75.09,1.11,+1.50%,3087800
EMR,2019-12-09,75.14,75.54,75.04,75.16,0.07,+0.09%,2972800
EMR,2019-12-10,74.95,75.23,74.52,74.55,-0.61,-0.81%,4268800
EMR,2019-12-11,74.89,75.77,74.55,75.73,1.18,+1.58%,2237400
EMR,2019-12-12,75.67,77.12,75.47,76.97,1.24,+1.64%,2496500
EMR,2019-12-13,76.53,77.24,75.59,75.98,-0.99,-1.29%,3425600
EMR,2019-12-16,76.57,76.96,76.16,76.16,0.18,+0.24%,2276100
EMR,2019-12-17,76.61,76.61,76.0157,76.15,-0.01,-0.01%,10667300
EMR,2019-12-18,76.46,76.48,75.63,76.04,-0.11,-0.14%,2664200
EMR,2019-12-19,76.06,76.28,75.72,76.09,0.05,+0.07%,2426900
EMR,2019-12-20,76.92,76.95,76.07,76.27,0.18,+0.24%,5460100
EMR,2019-12-23,76.44,76.86,76.22,76.79,0.52,+0.68%,1458300
EMR,2019-12-24,76.99,76.99,76.0777,76.1,-0.69,-0.90%,489700
EMR,2019-12-26,76.35,76.67,76.065,76.67,0.57,+0.75%,877300
EMR,2019-12-27,76.86,76.87,76.33,76.51,-0.16,-0.21%,992700
EMR,2019-12-30,76.63,76.81,76.12,76.44,-0.07,-0.09%,1253900
EMR,2019-12-31,76.36,76.747,76.03,76.26,-0.18,-0.24%,1655500
EMR,2020-01-02,76.57,77.51,76.28,77.48,1.22,+1.60%,2447500
EMR,2020-01-03,76,76.51,75.56,76.42,-1.06,-1.37%,2672600
EMR,2020-01-06,75.88,77.09,75.75,77.05,0.63,+0.82%,3788900
EMR,2020-01-07,76.54,77.45,76.3701,77.24,0.19,+0.25%,2497000
EMR,2020-01-08,77.11,77.77,76.84,77.51,0.27,+0.35%,2554300
EMR,2020-01-09,77.76,77.82,77.03,77.8,0.29,+0.37%,2309100
EMR,2020-01-10,77.95,77.98,76.83,76.94,-0.86,-1.11%,2628900
EMR,2020-01-13,77.15,77.435,76.95,77.39,0.45,+0.58%,1964400
EMR,2020-01-14,77.23,77.56,76.78,76.87,-0.52,-0.67%,2280200
EMR,2020-01-15,76.87,77.28,76.32,76.66,-0.21,-0.27%,2367900
EMR,2020-01-16,77.09,77.885,77.01,77.87,1.21,+1.58%,2438800
EMR,2020-01-17,77.84,78.38,77.66,77.78,-0.09,-0.12%,5008200
EMR,2020-01-21,77.43,77.64,76.68,77.25,-0.53,-0.68%,3146300
EMR,2020-01-22,77.78,77.8,76.87,77.02,-0.23,-0.30%,3024200
EMR,2020-01-23,76.61,77.71,76.034,77.59,0.57,+0.74%,1819600
EMR,2020-01-24,77.83,77.83,76.23,76.7,-0.89,-1.15%,2037800
EMR,2020-01-27,75.04,75.23,73.73,73.74,-2.96,-3.86%,3566000
EMR,2020-01-28,74.12,74.89,73.6,74.43,0.69,+0.94%,4289600
EMR,2020-01-29,74.98,75,73.87,73.91,-0.52,-0.70%,3087500
EMR,2020-01-30,73,73.86,72.65,73.83,-0.08,-0.11%,2659300
EMR,2020-01-31,73.31,73.7,71.2,71.63,-2.2,-2.98%,4309800
EMR,2020-02-03,72.1,73.34,71.74,72.6,0.97,+1.35%,3933600
EMR,2020-02-04,74.54,74.76,72.965,73.24,0.64,+0.88%,3781100
EMR,2020-02-05,74.6,76.16,74.54,76.01,2.77,+3.78%,3944200
EMR,2020-02-06,76.63,76.63,74.9136,75.25,-0.76,-1.00%,2241700
EMR,2020-02-07,74.94,74.94,73.615,73.77,-1.48,-1.97%,2283700
EMR,2020-02-10,73.46,73.76,72.77,73.39,-0.38,-0.52%,2753000
EMR,2020-02-11,73.87,74.67,73.7,73.83,0.44,+0.60%,2729700
EMR,2020-02-12,74.55,75.585,74.3,75.4,1.57,+2.13%,3357900
EMR,2020-02-13,74.35,74.49,72.39,73.14,-2.26,-3.00%,3549800
EMR,2020-02-14,73.06,73.51,72.61,73.51,0.37,+0.51%,2797000
EMR,2020-02-18,72.26,72.71,70.7,71.44,-2.07,-2.82%,4292300
EMR,2020-02-19,71.87,72.58,71.58,71.86,0.42,+0.59%,2961400
EMR,2020-02-20,71.76,72.82,71.51,72.02,0.16,+0.22%,2338200
EMR,2020-02-21,71.47,72.1,71,72.09,0.07,+0.10%,2593300
EMR,2020-02-24,69.57,69.95,69,69.19,-2.9,-4.02%,3591900
EMR,2020-02-25,69.37,69.69,66.32,66.6,-2.59,-3.74%,4330200
EMR,2020-02-26,67.27,68.61,66.57,66.63,0.03,+0.05%,4799600
EMR,2020-02-27,65.05,67.71,64.37,64.38,-2.25,-3.38%,4641600
EMR,2020-02-28,62.45,64.22,62.11,64.11,-0.27,-0.42%,6483700
EMR,2020-03-02,64.54,66.53,63.52,66.3,2.19,+3.42%,4778400
EMR,2020-03-03,66.22,67.9,63.2105,63.74,-2.56,-3.86%,5142500
EMR,2020-03-04,64.72,66.94,64.41,66.67,2.93,+4.60%,4313400
EMR,2020-03-05,64.51,66.5,64.26,64.73,-1.94,-2.91%,4692900
EMR,2020-03-06,62.82,64.06,61.22,62.14,-2.59,-4.00%,7721400
EMR,2020-03-09,55,57,50.33,50.36,-11.78,-18.96%,12611000
EMR,2020-03-10,52.52,53.865,49.77,53.86,3.5,+6.95%,10773500
EMR,2020-03-11,51.66,53.1,50.94,52.14,-1.72,-3.19%,11823000
EMR,2020-03-12,47.54,51.86,45.12,46.18,-5.96,-11.43%,8994500
EMR,2020-03-13,48.8,50.33,45.3,50.33,4.15,+8.99%,12188100
EMR,2020-03-16,44.92,48.46,43.44,46.96,-3.37,-6.70%,10564200
EMR,2020-03-17,47.66,48,45.16,47.42,0.46,+0.98%,8577900
EMR,2020-03-18,44.26,44.55,38,41.14,-6.28,-13.24%,10350000
EMR,2020-03-19,40.52,47.97,39.3,46.02,4.88,+11.86%,7001000
EMR,2020-03-20,46.5,48.1194,43.219,44.09,-1.93,-4.19%,7373600
EMR,2020-03-23,42.84,43,37.75,38.08,-6.01,-13.63%,7546100
EMR,2020-03-24,40.89,44.74,40.16,44.3,6.22,+16.33%,5698000
EMR,2020-03-25,44.75,49.94,44.2,47.61,3.31,+7.47%,6406900
EMR,2020-03-26,48.69,49.36,46.23,48.8,1.19,+2.50%,6629700
EMR,2020-03-27,46.18,47.035,45.1,45.58,-3.22,-6.60%,5209600
EMR,2020-03-30,45.96,46.98,45.26,46.63,1.05,+2.30%,4569300
EMR,2020-03-31,46.31,48.13,46.21,47.65,1.02,+2.19%,4996200
EMR,2020-04-01,44.82,45.92,43.55,45.7,-1.95,-4.09%,4608000
EMR,2020-04-02,45.54,48.64,45.445,47.73,2.03,+4.44%,5714100
EMR,2020-04-03,47.78,48.69,45.37,45.72,-2.01,-4.21%,4739000
EMR,2020-04-06,48.46,49.8,47.83,49.39,3.67,+8.03%,3850300
EMR,2020-04-07,52.3,53.41,50.18,50.29,0.9,+1.82%,4636700
EMR,2020-04-08,50.64,52.89,50.64,52.1,1.81,+3.60%,3722600
EMR,2020-04-09,53.51,55.14,50.55,51.78,-0.32,-0.61%,3978700
EMR,2020-04-13,51.45,51.5976,50.02,51.19,-0.59,-1.14%,3612900
EMR,2020-04-14,52.32,52.35,49.89,50.49,-0.7,-1.37%,3872300
EMR,2020-04-15,48.74,49.15,46.58,47.91,-2.58,-5.11%,4022400
EMR,2020-04-16,47.96,48.26,46.34,47.37,-0.54,-1.13%,5423700
EMR,2020-04-17,48.98,50.71,48.98,50.54,3.17,+6.69%,5357500
EMR,2020-04-20,49.28,51.77,48.64,50.92,0.38,+0.75%,5376500
EMR,2020-04-21,50,51.46,49.12,50.77,-0.15,-0.29%,7351900
EMR,2020-04-22,52.34,52.72,51.69,52.11,1.34,+2.64%,3726500
EMR,2020-04-23,52.6,54.19,52.6,52.91,0.8,+1.54%,4729000
EMR,2020-04-24,53.53,54.19,52.6153,53.82,0.91,+1.72%,5052800
EMR,2020-04-27,53.99,56.48,53.99,56.03,2.21,+4.11%,2852200
EMR,2020-04-28,57.37,58.41,56.18,57.53,1.5,+2.68%,3973300
EMR,2020-04-29,59,59.66,58.38,59.07,1.54,+2.68%,2902000
EMR,2020-04-30,58.14,58.34,56.72,57.03,-2.04,-3.45%,4807900
EMR,2020-05-01,55.87,55.99,53.38,53.79,-3.24,-5.68%,4095900
EMR,2020-05-04,53.19,54.32,52.25,54.29,0.5,+0.93%,4255100
EMR,2020-05-05,55.45,55.74,54.6,54.7,0.41,+0.76%,3124100
EMR,2020-05-06,54.5,55.14,53.77,54.58,-0.12,-0.22%,3597500
EMR,2020-05-07,55.86,56.25,55.055,55.26,0.68,+1.25%,2763800
EMR,2020-05-08,56.34,56.45,55.7,56.1,0.84,+1.52%,2938100
EMR,2020-05-11,56.27,56.39,55.27,56.02,-0.08,-0.14%,3662400
EMR,2020-05-12,56.25,56.5825,53.42,53.44,-2.58,-4.61%,2893800
EMR,2020-05-13,53.23,53.4,51.37,51.9,-1.54,-2.88%,3649300
EMR,2020-05-14,50.2,53.43,50.03,53.38,1.48,+2.85%,4718400
EMR,2020-05-15,52.95,54.46,52.8245,52.94,-0.44,-0.82%,8300000
EMR,2020-05-18,54.97,56.83,54.97,56.42,3.48,+6.57%,4306100
EMR,2020-05-19,56.03,57.16,55.38,55.7,-0.72,-1.28%,2672700
EMR,2020-05-20,56.51,57.7,56.45,56.81,1.11,+1.99%,3218900
EMR,2020-05-21,56.88,57.0385,55.93,56.25,-0.56,-0.99%,2602900
EMR,2020-05-22,56.37,56.53,55.36,55.87,-0.38,-0.68%,4231700
EMR,2020-05-26,58.26,59.65,57.79,59.27,3.4,+6.09%,3461600
EMR,2020-05-27,61.03,62.04,60.4,61.89,2.62,+4.42%,4238900
EMR,2020-05-28,62.31,62.41,60.51,61.03,-0.86,-1.39%,3073400
EMR,2020-05-29,60.33,61.25,59.53,61.02,-0.01,-0.02%,4713300
EMR,2020-06-01,60.81,61.2312,60.12,60.4,-0.62,-1.02%,2294900
EMR,2020-06-02,60.85,61.69,60.45,61.15,0.75,+1.24%,2580000
EMR,2020-06-03,62.24,63.16,62,62.92,1.77,+2.89%,2987600
EMR,2020-06-04,62.46,63.16,61.91,63.13,0.21,+0.33%,2606500
EMR,2020-06-05,66.05,67.5,65.44,67.1,3.97,+6.29%,4348200
EMR,2020-06-08,68,69.4,67.78,69.33,2.23,+3.32%,3853800
EMR,2020-06-09,67.7,68.12,66.8,67.51,-1.82,-2.63%,3094700
EMR,2020-06-10,67.24,67.24,65.505,65.88,-1.63,-2.41%,3717800
EMR,2020-06-11,62.64,63.16,60.4,60.46,-5.42,-8.23%,4186200
EMR,2020-06-12,62.7,62.81,59.76,61.35,0.89,+1.47%,3067900
EMR,2020-06-15,59.39,62.85,59.21,62.27,0.92,+1.50%,2757000
EMR,2020-06-16,65.16,65.38,62.52,63.46,1.19,+1.91%,2904600
EMR,2020-06-17,63.64,63.74,62.49,62.59,-0.87,-1.37%,2165200
EMR,2020-06-18,61.8,62.8,61.06,61.39,-1.2,-1.92%,2696300
EMR,2020-06-19,62.58,62.58,60.47,61.98,0.59,+0.96%,9675100
EMR,2020-06-22,61.45,61.85,60.26,61.44,-0.54,-0.87%,2744400
EMR,2020-06-23,62.28,62.59,61.58,61.82,0.38,+0.62%,2080200
EMR,2020-06-24,61,61.18,59.495,59.63,-2.19,-3.54%,3896700
EMR,2020-06-25,59.3,60.41,58.669,60.35,0.72,+1.21%,2337600
EMR,2020-06-26,59.89,60.37,59.27,59.87,-0.48,-0.80%,4462100
EMR,2020-06-29,60.78,61.38,60.37,61.38,1.51,+2.52%,2001500
EMR,2020-06-30,61.24,62.29,60.92,62.03,0.65,+1.06%,2590000
EMR,2020-07-01,62.09,62.33,60.92,61.21,-0.82,-1.32%,2486400
EMR,2020-07-02,62.24,63.44,61.59,61.65,0.44,+0.72%,2327600
EMR,2020-07-06,62.88,63.04,61.825,62.51,0.86,+1.39%,2543800
EMR,2020-07-07,62.09,62.25,60.63,60.82,-1.69,-2.70%,2977800
EMR,2020-07-08,61.1,61.34,60.52,61.09,0.27,+0.44%,2624500
EMR,2020-07-09,60.98,61.2,59.345,59.47,-1.62,-2.65%,2039700
EMR,2020-07-10,59.68,59.93,59.07,59.77,0.3,+0.50%,2330900
EMR,2020-07-13,60.06,61.94,59.88,60.83,1.06,+1.77%,3155600
EMR,2020-07-14,60.35,62.27,59.83,62.09,1.26,+2.07%,2889300
EMR,2020-07-15,63.48,63.96,62.57,63.63,1.54,+2.48%,2262600
EMR,2020-07-16,63.24,64.095,62.79,63.14,-0.49,-0.77%,2493300
EMR,2020-07-17,63.61,63.92,63.21,63.53,0.39,+0.62%,2091300
EMR,2020-07-20,62.83,63.38,62.04,62.35,-1.18,-1.86%,1936500
EMR,2020-07-21,63.11,64.255,63,63.79,1.44,+2.31%,2509100
EMR,2020-07-22,63.54,64.02,63.18,63.96,0.17,+0.27%,2143300
EMR,2020-07-23,63.9,64.34,63.63,64.01,0.05,+0.08%,1659200
EMR,2020-07-24,63.95,64.33,63.235,63.36,-0.65,-1.02%,1427700
EMR,2020-07-27,63.16,63.61,62.75,63.41,0.05,+0.08%,2496500
EMR,2020-07-28,63.08,63.42,62.19,62.27,-1.14,-1.80%,2341300
EMR,2020-07-29,62.76,63.89,62.42,63.74,1.47,+2.36%,2749100
EMR,2020-07-30,62.79,62.93,61.65,62.65,-1.09,-1.71%,2103400
EMR,2020-07-31,62.31,62.3208,60.78,62.01,-0.64,-1.02%,3472200
EMR,2020-08-03,62.37,63.65,62.22,62.77,0.76,+1.23%,2823800
EMR,2020-08-04,62.78,63.62,61.4088,61.93,-0.84,-1.34%,3501100
EMR,2020-08-05,63.13,64.97,62.79,64.69,2.76,+4.46%,3182300
EMR,2020-08-06,65,65.32,64.56,65.12,0.43,+0.66%,2060400
EMR,2020-08-07,65.34,66.405,64.66,66.37,1.25,+1.92%,3830900
EMR,2020-08-10,66.41,68.55,66.39,68.17,1.8,+2.71%,3431800
EMR,2020-08-11,69.94,71.535,69.91,70.29,2.12,+3.11%,5555000
EMR,2020-08-12,70.95,71.91,70.31,71.79,1.5,+2.13%,6260100
EMR,2020-08-13,70.64,71.21,69.98,70.2,-1.59,-2.21%,3635500
EMR,2020-08-14,69.55,70.31,69.4,69.73,-0.47,-0.67%,2018400
EMR,2020-08-17,69.99,70.51,69.04,69.25,-0.48,-0.69%,1435000
EMR,2020-08-18,68.91,69.44,68.29,68.36,-0.89,-1.29%,2302600
EMR,2020-08-19,68.65,68.86,67.9,68.32,-0.04,-0.06%,3146000
EMR,2020-08-20,67.68,67.97,67.41,67.66,-0.66,-0.97%,2830500
EMR,2020-08-21,67.79,68.04,67.41,67.86,0.2,+0.30%,2730300
EMR,2020-08-24,68.23,69.65,67.94,69.65,1.79,+2.64%,2539100
EMR,2020-08-25,70.29,70.49,69.115,69.78,0.13,+0.19%,2094800
EMR,2020-08-26,69.87,70.71,69.04,70.27,0.49,+0.70%,2901700
EMR,2020-08-27,70.79,71.19,69.13,69.59,-0.68,-0.97%,2122700
EMR,2020-08-28,69.61,70.9301,69.27,70.65,1.06,+1.52%,2049600
EMR,2020-08-31,70.5,70.59,69.26,69.47,-1.18,-1.67%,2387200
EMR,2020-09-01,69.46,70.17,69.04,70.13,0.66,+0.95%,2255800
EMR,2020-09-02,69.79,70.975,69.71,70.7,0.57,+0.81%,2880900
EMR,2020-09-03,70.85,71.08,68.18,68.74,-1.96,-2.77%,2243200
EMR,2020-09-04,69.76,70.55,68.65,69.54,0.8,+1.16%,2236400
EMR,2020-09-08,68.7,69.04,67.6,67.76,-1.78,-2.56%,2716900
EMR,2020-09-09,68.58,69.54,68.3,68.7,0.94,+1.39%,1671700
EMR,2020-09-10,68.86,69.17,67.2,67.51,-1.19,-1.73%,2226900
EMR,2020-09-11,67.91,68.48,67.49,67.92,0.41,+0.61%,2253600
EMR,2020-09-14,68.43,68.815,67.73,68.19,0.27,+0.40%,2684300
EMR,2020-09-15,68.52,69.535,68.34,68.41,0.22,+0.32%,2233500
EMR,2020-09-16,68.93,69.32,67.5201,68.68,0.27,+0.39%,3143600
EMR,2020-09-17,67.93,69.3794,67.23,69.09,0.41,+0.60%,2398200
EMR,2020-09-18,68.73,69.62,67.75,67.85,-1.24,-1.79%,3503600
EMR,2020-09-21,66.5,66.89,64.145,64.98,-2.87,-4.23%,2767700
EMR,2020-09-22,64.84,65.68,64.49,65.23,0.25,+0.38%,2114500
EMR,2020-09-23,65.58,66.32,63.74,63.89,-1.34,-2.05%,1918600
EMR,2020-09-24,63.71,65.1,63.16,64.39,0.5,+0.78%,1646100
EMR,2020-09-25,63.69,64.635,63.61,64.33,-0.06,-0.09%,1847800
EMR,2020-09-28,65.55,66.23,65.19,65.52,1.19,+1.85%,1949300
EMR,2020-09-29,65.74,65.95,64.71,65.16,-0.36,-0.55%,1399000
EMR,2020-09-30,65.62,66.64,65.03,65.57,0.41,+0.63%,2687000
EMR,2020-10-01,66.23,66.34,64.16,64.63,-0.94,-1.43%,2314800
EMR,2020-10-02,63.38,66.31,63.26,65.54,0.91,+1.41%,2090000
EMR,2020-10-05,66.5,67.84,66.3064,67.59,2.05,+3.13%,2295200
EMR,2020-10-06,67.78,69.13,67.17,67.28,-0.31,-0.46%,2160800
EMR,2020-10-07,68.21,69.07,67.87,68.88,1.6,+2.38%,1883200
EMR,2020-10-08,69.23,69.58,68.7,69.28,0.4,+0.58%,1627100
EMR,2020-10-09,70,71.2,69.905,69.95,0.67,+0.97%,3006300
EMR,2020-10-12,70.3,70.47,69.21,69.58,-0.37,-0.53%,1999800
EMR,2020-10-13,69.65,69.98,68.45,68.89,-0.69,-0.99%,1878900
EMR,2020-10-14,69.08,70.14,69.08,69.38,0.49,+0.71%,1918600
EMR,2020-10-15,68.42,69.6,68.314,69.58,0.2,+0.29%,2020600
EMR,2020-10-16,70,70.8,69.87,70.28,0.7,+1.01%,2848100
EMR,2020-10-19,70.33,70.73,69.74,69.96,-0.32,-0.46%,3219500
EMR,2020-10-20,70.39,71.09,69.735,70,0.04,+0.06%,1882800
EMR,2020-10-21,69.39,70.32,69.09,69.21,-0.79,-1.13%,2525600
EMR,2020-10-22,69.57,69.87,69.21,69.76,0.55,+0.79%,1556700
EMR,2020-10-23,70.48,70.9,69.69,70.02,0.26,+0.37%,2044700
EMR,2020-10-26,69.18,69.18,67.05,67.73,-2.29,-3.27%,2514900
EMR,2020-10-27,67.57,68.05,66.84,66.92,-0.81,-1.20%,3110000
EMR,2020-10-28,65.22,66.145,64.49,64.99,-1.93,-2.88%,3326000
EMR,2020-10-29,64.53,65.5,64.15,64.44,-0.55,-0.85%,4505700
EMR,2020-10-30,64.41,64.81,63.65,64.79,0.35,+0.54%,3902800
EMR,2020-11-02,65.81,68.35,65.74,67.96,3.17,+4.89%,5200400
EMR,2020-11-03,68.46,70.87,68.065,70.4,2.44,+3.59%,4692200
EMR,2020-11-04,68.67,69.92,66.5,68.15,-2.25,-3.20%,4053400
EMR,2020-11-05,69.86,71.23,69.17,70.47,2.32,+3.40%,2700700
EMR,2020-11-06,70.56,70.7,69.56,70.12,-0.35,-0.50%,2348800
EMR,2020-11-09,76.11,77.56,75,76.29,6.17,+8.80%,6659300
EMR,2020-11-10,76.56,77.91,75.9701,77.44,1.15,+1.51%,3291100
EMR,2020-11-11,77.18,77.4,74.78,74.9,-2.54,-3.28%,3441200
EMR,2020-11-12,74.42,74.75,73.4699,74.23,-0.67,-0.89%,2387200
EMR,2020-11-13,74.61,75.92,74.61,75.81,1.58,+2.13%,1789200
EMR,2020-11-16,77.23,78.14,76.51,77.99,2.18,+2.88%,2742200
EMR,2020-11-17,77.75,77.88,75.82,76.39,-1.6,-2.05%,2269800
EMR,2020-11-18,76.78,78.11,76.41,76.89,0.5,+0.65%,2559400
EMR,2020-11-19,76.68,77.36,75.89,77.24,0.35,+0.46%,1563300
EMR,2020-11-20,77,77.05,75.47,75.96,-1.28,-1.66%,1810700
EMR,2020-11-23,76.62,77.99,76.52,77.81,1.85,+2.44%,2205800
EMR,2020-11-24,78.99,80.195,78.51,79.95,2.14,+2.75%,4222500
EMR,2020-11-25,79.32,79.46,78.21,78.26,-1.69,-2.11%,1658700
EMR,2020-11-27,78.73,79.09,77.84,78.16,-0.1,-0.13%,664100
EMR,2020-11-30,78,78,75.97,76.82,-1.34,-1.71%,2724600
EMR,2020-12-01,77.95,78.34,75.65,75.77,-1.05,-1.37%,3076600
EMR,2020-12-02,74.81,76.15,74.5,75.9,0.13,+0.17%,3035200
EMR,2020-12-03,75.94,76.37,75.36,75.48,-0.42,-0.55%,2582600
EMR,2020-12-04,75.71,80.44,75.58,80.1,4.62,+6.12%,5503000
EMR,2020-12-07,79.83,79.97,78.25,79.17,-0.93,-1.16%,4038800
EMR,2020-12-08,78.22,81.48,78.11,81.34,2.17,+2.74%,3918000
EMR,2020-12-09,81.51,82,80.73,81.6,0.26,+0.32%,3746600
EMR,2020-12-10,81.35,81.84,80.64,81.36,-0.24,-0.29%,2990200
EMR,2020-12-11,80.59,82.65,80.5,82.42,1.06,+1.30%,3870800
EMR,2020-12-14,82.82,83.14,80.32,80.41,-2.01,-2.44%,3428200
EMR,2020-12-15,82.75,82.96,80.86,82.44,2.03,+2.52%,3170000
EMR,2020-12-16,81.97,82.38,80.59,81.28,-1.16,-1.41%,1852800
EMR,2020-12-17,81.92,82.19,80.44,81.16,-0.12,-0.15%,2528200
EMR,2020-12-18,81.11,81.51,80.06,80.9,-0.26,-0.32%,5390400
EMR,2020-12-21,79.03,81.15,78.41,80.57,-0.33,-0.41%,3195300
EMR,2020-12-22,80.3,80.5,79.05,79.33,-1.24,-1.54%,2897700
EMR,2020-12-23,79.99,80.44,79.325,80.02,0.69,+0.87%,2551100
EMR,2020-12-24,80.49,80.49,79.54,79.98,-0.04,-0.05%,456500
EMR,2020-12-28,80.55,81.2899,79.85,79.87,-0.11,-0.14%,1736300
EMR,2020-12-29,80.52,80.555,78.44,79.24,-0.63,-0.79%,1318300
EMR,2020-12-30,79.67,80.23,79.44,79.82,0.58,+0.73%,1169900
EMR,2020-12-31,80.12,80.48,79.11,80.37,0.55,+0.69%,1239800
EMR,2021-01-04,80.58,80.96,77.76,78.01,-2.36,-2.94%,2227600
EMR,2021-01-05,78.18,79.75,78.005,79.36,1.35,+1.73%,2687500
EMR,2021-01-06,80.26,83.12,80.21,82.03,2.67,+3.36%,3791000
EMR,2021-01-07,82.69,83.17,81.4,82.07,0.04,+0.05%,2435500
EMR,2021-01-08,82.57,82.67,80.6,81.82,-0.25,-0.30%,2156900
EMR,2021-01-11,80.79,83.12,80.51,82.62,0.8,+0.98%,1749600
EMR,2021-01-12,82.62,84.28,82.52,83.97,1.35,+1.63%,2646200
EMR,2021-01-13,84.18,84.44,82.425,82.64,-1.33,-1.58%,2189100
EMR,2021-01-14,82.88,83.9099,82.62,83.34,0.7,+0.85%,1883200
EMR,2021-01-15,83.97,83.97,81.78,82.75,-0.59,-0.71%,2926900
EMR,2021-01-19,85,85.39,83.42,83.43,0.68,+0.82%,2980900
EMR,2021-01-20,83.6,84.72,83.22,84.39,0.96,+1.15%,2377900
EMR,2021-01-21,84.52,84.88,83.74,84.26,-0.13,-0.15%,1796900
EMR,2021-01-22,83.54,84.26,82.29,83.73,-0.53,-0.63%,2432100
EMR,2021-01-25,83.25,83.5,81.5308,82.48,-1.25,-1.49%,2137400
EMR,2021-01-26,82.98,83.04,81.6749,81.89,-0.59,-0.72%,2010900
EMR,2021-01-27,80.14,80.88,78.33,79.52,-2.37,-2.89%,4835700
EMR,2021-01-28,80.45,82.49,79.82,81.08,1.56,+1.96%,2530200
EMR,2021-01-29,80.25,81.52,78.95,79.35,-1.73,-2.13%,3545300
EMR,2021-02-01,80.3,81.48,79.28,80.82,1.47,+1.85%,3674800
EMR,2021-02-02,83.37,84.81,83,83.78,2.96,+3.66%,4023200
EMR,2021-02-03,83.6,83.73,82.06,83.68,-0.1,-0.12%,3728700
EMR,2021-02-04,84.51,85.13,83.73,84.16,0.48,+0.57%,4457200
EMR,2021-02-05,85.04,86.61,84.59,86.11,1.95,+2.32%,3833000
EMR,2021-02-08,86.55,87.07,85.78,86.52,0.41,+0.48%,3248600
EMR,2021-02-09,86.42,86.52,85.45,85.9,-0.62,-0.72%,1565900
EMR,2021-02-10,86.28,86.43,84.96,85.06,-0.84,-0.98%,2540200
EMR,2021-02-11,85.29,85.715,83.64,85.16,0.1,+0.12%,1622400
EMR,2021-02-12,84.58,85.5783,84.56,85.33,0.17,+0.20%,1400800
EMR,2021-02-16,86,86.2,84.92,85.07,-0.26,-0.30%,2751600
EMR,2021-02-17,84.93,85.41,84.205,84.87,-0.2,-0.24%,1835300
EMR,2021-02-18,84.45,84.63,83.65,84.38,-0.49,-0.58%,1334700
EMR,2021-02-19,84.75,86.12,84.63,85.45,1.07,+1.27%,2461700
EMR,2021-02-22,85.44,86.89,84.33,86.17,0.72,+0.84%,2043900
EMR,2021-02-23,86.3,87.16,85.5,86.8,0.63,+0.73%,2665000
EMR,2021-02-24,87.05,89.1,86.94,88.97,2.17,+2.50%,2827200
EMR,2021-02-25,88.4,88.63,86.89,87.33,-1.64,-1.84%,2783000
EMR,2021-02-26,87.36,87.88,85.87,85.9,-1.43,-1.64%,3235700
EMR,2021-03-01,87.07,89.17,86.92,88.44,2.54,+2.96%,1844600
EMR,2021-03-02,88.33,88.87,87.45,87.63,-0.81,-0.92%,2024900
EMR,2021-03-03,87.83,89.53,87.39,88.53,0.9,+1.03%,3487300
EMR,2021-03-04,88.46,89.92,86.76,88.49,-0.04,-0.05%,3805000
EMR,2021-03-05,89.79,91.27,88.06,91.04,2.55,+2.88%,3299000
EMR,2021-03-08,92,93.38,91.08,92.13,1.09,+1.20%,3993800
EMR,2021-03-09,92.65,92.94,89.98,90,-2.13,-2.31%,3371300
EMR,2021-03-10,90.39,92.14,90.08,91.72,1.72,+1.91%,3057500
EMR,2021-03-11,92.04,92.75,91.02,91.31,-0.41,-0.45%,2660000
EMR,2021-03-12,91.45,92.25,91.13,92.2,0.89,+0.97%,2440200
EMR,2021-03-15,91.75,92.38,89.64,90.92,-1.28,-1.39%,2676200
EMR,2021-03-16,90.55,90.75,88.5442,89.06,-1.86,-2.05%,3362200
EMR,2021-03-17,89.11,90.69,89,90.52,1.46,+1.64%,2364900
EMR,2021-03-18,90.39,91.81,89.22,89.46,-1.06,-1.17%,2301400
EMR,2021-03-19,88.97,89.42,87.26,88.49,-0.97,-1.08%,10934600
EMR,2021-03-22,88.68,89.88,87.79,89.35,0.86,+0.97%,2199000
EMR,2021-03-23,88.45,89.72,86.85,87.22,-2.13,-2.38%,2643100
EMR,2021-03-24,88,89.915,88,88.06,0.84,+0.96%,2166900
EMR,2021-03-25,87.62,89.44,86.745,89.19,1.13,+1.28%,2156900
EMR,2021-03-26,90.09,91.7,89.57,91.57,2.38,+2.67%,4093200
EMR,2021-03-29,91.03,92.25,90.76,91.23,-0.34,-0.37%,3267200
EMR,2021-03-30,91.52,91.91,90.65,91.14,-0.09,-0.10%,2598400
EMR,2021-03-31,91.14,91.65,90.01,90.22,-0.92,-1.01%,3555400
EMR,2021-04-01,90.17,90.615,89.55,90.41,0.19,+0.21%,3358500
EMR,2021-04-05,91.16,92.55,91.15,91.61,1.2,+1.33%,3658800
EMR,2021-04-06,91.83,92.63,91.13,91.47,-0.14,-0.15%,2844000
EMR,2021-04-07,91.32,91.94,90.58,91.09,-0.38,-0.42%,2847300
EMR,2021-04-08,91.03,91.2085,90.04,91.04,-0.05,-0.05%,2422200
EMR,2021-04-09,91.47,92.63,90.93,91.94,0.9,+0.99%,3256300
EMR,2021-04-12,91.9,92.37,91.58,92.01,0.07,+0.08%,2258600
EMR,2021-04-13,91.49,91.65,89.96,90.63,-1.38,-1.50%,2728300
EMR,2021-04-14,90.54,91.825,90.48,91.54,0.91,+1.00%,2889500
EMR,2021-04-15,92.17,92.3,90.84,91.72,0.18,+0.20%,3052900
EMR,2021-04-16,92.69,93.27,91.8097,92.2,0.48,+0.52%,2468700
EMR,2021-04-19,92.2,92.66,91.11,91.79,-0.41,-0.44%,2532700
EMR,2021-04-20,91.41,91.7,89.91,90.83,-0.96,-1.05%,2726200
EMR,2021-04-21,90.6,92.25,90.43,92.11,1.28,+1.41%,2373700
EMR,2021-04-22,92.47,92.47,91.42,91.52,-0.59,-0.64%,2526000
EMR,2021-04-23,91.91,92.88,91.345,92.46,0.94,+1.03%,2374100
EMR,2021-04-26,92.77,93.57,92.09,92.13,-0.33,-0.36%,2246700
EMR,2021-04-27,92.29,92.41,91.39,92.16,0.03,+0.03%,1925600
EMR,2021-04-28,92.11,92.6911,91.78,92.08,-0.08,-0.09%,1449000
EMR,2021-04-29,92.85,92.91,91.88,92.79,0.71,+0.77%,1611600
EMR,2021-04-30,92.12,92.45,90.13,90.49,-2.3,-2.48%,2537900
EMR,2021-05-03,91.67,91.93,90.69,90.93,0.44,+0.49%,2396400
EMR,2021-05-04,90.51,91.27,89.58,91.11,0.18,+0.20%,3092500
EMR,2021-05-05,90.59,91.39,89.03,90.89,-0.22,-0.24%,4966200
EMR,2021-05-06,91.52,93.86,91.01,93.72,2.83,+3.11%,4282600
EMR,2021-05-07,93.66,95.26,92.61,95.05,1.33,+1.42%,3415600
EMR,2021-05-10,95.6,96.9,95.37,95.38,0.33,+0.35%,2357500
EMR,2021-05-11,94.11,95.65,93.77,95.26,-0.12,-0.13%,3358600
EMR,2021-05-12,95.19,95.45,93.19,93.35,-1.91,-2.01%,4069900
EMR,2021-05-13,92.92,95.115,92.79,94.71,1.36,+1.46%,2295600
EMR,2021-05-14,95.34,96.17,94.96,95.84,1.13,+1.19%,1942200
EMR,2021-05-17,95.73,96.05,94.93,95.52,-0.32,-0.33%,2305000
EMR,2021-05-18,95.62,95.89,94.08,94.22,-1.3,-1.36%,1993400
EMR,2021-05-19,92.65,93.35,91.75,93.32,-0.9,-0.96%,2750500
EMR,2021-05-20,93.55,93.77,92.8,93.44,0.12,+0.13%,2146000
EMR,2021-05-21,93.98,94.635,92.94,93.65,0.21,+0.22%,2421800
EMR,2021-05-24,94.15,94.53,93.31,94.01,0.36,+0.38%,1872800
EMR,2021-05-25,94.02,94.63,93.255,93.41,-0.6,-0.64%,1991100
EMR,2021-05-26,93.34,93.75,92.61,93.31,-0.1,-0.11%,1982300
EMR,2021-05-27,94.53,95.655,94.11,95.45,2.14,+2.29%,3795200
EMR,2021-05-28,95.74,96,94.9568,95.69,0.24,+0.25%,2555500
EMR,2021-06-01,96.91,97.24,96.28,97.1,1.41,+1.47%,2408700
EMR,2021-06-02,97.17,97.58,96.47,97.48,0.38,+0.39%,2303400
EMR,2021-06-03,97.31,97.97,96.66,97.5,0.02,+0.02%,1911400
EMR,2021-06-04,98,98.74,97.75,98.21,0.71,+0.73%,1770100
EMR,2021-06-07,98.36,98.41,97.27,97.87,-0.34,-0.35%,1916600
EMR,2021-06-08,97.88,99.09,97.2,98.51,0.64,+0.65%,2793000
EMR,2021-06-09,98.28,98.36,97.47,97.9,-0.61,-0.62%,1843900
EMR,2021-06-10,98.48,98.8758,97.45,97.59,-0.31,-0.32%,2099000
EMR,2021-06-11,97.94,98.08,96.59,97.03,-0.56,-0.57%,2144300
EMR,2021-06-14,96.64,97.41,96.19,97.38,0.35,+0.36%,2497200
EMR,2021-06-15,97.62,98.65,97.18,98.61,1.23,+1.26%,3647700
EMR,2021-06-16,98.52,98.97,97.58,98.24,-0.37,-0.38%,3527600
EMR,2021-06-17,98.31,98.31,93.86,94.02,-4.22,-4.30%,3278200
EMR,2021-06-18,92.29,93.25,92.07,92.27,-1.75,-1.86%,5239900
EMR,2021-06-21,93.22,95.08,93.01,94.93,2.66,+2.88%,2580200
EMR,2021-06-22,94.75,95.52,93.9636,94.78,-0.15,-0.16%,2058300
EMR,2021-06-23,95.11,96.025,94.45,94.5,-0.28,-0.30%,2234900
EMR,2021-06-24,94.97,95.4175,94.135,95.35,0.85,+0.90%,2585000
EMR,2021-06-25,95.76,96.485,95.47,96,0.65,+0.68%,2076200
EMR,2021-06-28,96.23,96.27,94.6606,95.03,-0.97,-1.01%,1726300
EMR,2021-06-29,95.94,96.47,94.455,94.69,-0.34,-0.36%,3409200
EMR,2021-06-30,94.46,96.43,94.46,96.24,1.55,+1.64%,2283000
EMR,2021-07-01,97.01,97.59,96.72,96.92,0.68,+0.71%,1904700
EMR,2021-07-02,96.91,97.71,96.35,97.44,0.52,+0.54%,1347500
EMR,2021-07-06,97.3,97.3,94.765,95.7,-1.74,-1.79%,2286500
EMR,2021-07-07,95.45,97.24,95.33,97.07,1.37,+1.43%,2143500
EMR,2021-07-08,95.4,96.58,94.71,96.03,-1.04,-1.07%,1659100
EMR,2021-07-09,97.41,98.14,97.21,97.61,1.58,+1.65%,2143700
EMR,2021-07-12,97.61,98.79,96.75,98.61,1,+1.02%,2339500
EMR,2021-07-13,98.61,98.61,97.66,97.8,-0.81,-0.82%,2210500
EMR,2021-07-14,98.2,98.9,97.88,98.06,0.26,+0.27%,2815100
EMR,2021-07-15,97.61,98.85,97.4,98.52,0.46,+0.47%,2003200
EMR,2021-07-16,99,99.09,97.04,97.26,-1.26,-1.28%,4560900
EMR,2021-07-19,95.66,96.04,93.325,93.81,-3.45,-3.55%,3795100
EMR,2021-07-20,93.94,97.345,93.88,97.13,3.32,+3.54%,3335200
EMR,2021-07-21,97.63,98.54,97.39,98.27,1.14,+1.17%,1799700
EMR,2021-07-22,98.49,98.5,97.25,97.44,-0.83,-0.84%,1150400
EMR,2021-07-23,97.97,98.65,97.25,98.48,1.04,+1.07%,1656900
EMR,2021-07-26,98.48,99.2,97.82,98.34,-0.14,-0.14%,1258500
EMR,2021-07-27,97.77,99.13,97.15,98.34,0,0.00%,1515900
EMR,2021-07-28,98.22,98.92,97.06,98.36,0.02,+0.02%,1742300
EMR,2021-07-29,99.44,100.21,98.56,100,1.64,+1.67%,2445800
EMR,2021-07-30,99.77,101.03,99.47,100.89,0.89,+0.89%,2807100
EMR,2021-08-02,101.65,102.415,99.63,99.72,-1.17,-1.16%,1970300
EMR,2021-08-03,100.09,101.29,99.18,101.16,1.44,+1.44%,2193100
EMR,2021-08-04,97.7,101.82,97.7,100.2,-0.96,-0.95%,1928400
EMR,2021-08-05,101.4,102.07,100.7,101.06,0.86,+0.86%,2086300
EMR,2021-08-06,101.96,102.34,100.96,101.44,0.38,+0.38%,1708000
EMR,2021-08-09,101.38,101.46,100.62,101.16,-0.28,-0.28%,1314600
EMR,2021-08-10,101.5,103.235,101.14,103.07,1.91,+1.89%,2247200
EMR,2021-08-11,103.07,104.36,102.8,104.28,1.21,+1.17%,2185100
EMR,2021-08-12,103.7,104.25,103.065,104.11,-0.17,-0.16%,1920400
EMR,2021-08-13,103.94,104.18,103.29,103.74,-0.37,-0.36%,1183500
EMR,2021-08-16,103.42,103.82,102.57,103.64,-0.1,-0.10%,1339400
EMR,2021-08-17,102.97,103.35,101.69,102.71,-0.93,-0.90%,2006500
EMR,2021-08-18,102.26,103.017,101.52,101.63,-1.08,-1.05%,1336400
EMR,2021-08-19,100.76,101.96,99.78,101.23,-0.4,-0.39%,2820000
EMR,2021-08-20,101.06,102.23,101.06,101.7,0.47,+0.46%,1389600
EMR,2021-08-23,102.38,103.43,102.38,102.6,0.9,+0.88%,1786000
EMR,2021-08-24,102.92,104.04,102.92,103.42,0.82,+0.80%,1542200
EMR,2021-08-25,103.13,104.61,102.9,104.2,0.78,+0.75%,1777000
EMR,2021-08-26,104.14,104.55,103.82,104.14,-0.06,-0.06%,1242600
EMR,2021-08-27,104.51,105.03,104.49,104.77,0.63,+0.60%,2003500
EMR,2021-08-30,105,105.92,104.41,105.27,0.5,+0.48%,1707000
EMR,2021-08-31,105.41,105.62,104.5,105.5,0.23,+0.22%,3391900
EMR,2021-09-01,105.68,105.93,103.6901,104.05,-1.45,-1.37%,2963800
EMR,2021-09-02,104.58,105.7,104.46,105.7,1.65,+1.59%,1723300
EMR,2021-09-03,105.81,105.99,104.9,105.38,-0.32,-0.30%,2008500
EMR,2021-09-07,105.06,105.09,103.635,103.67,-1.71,-1.62%,1722800
EMR,2021-09-08,103.2,103.68,102.5,103.1,-0.57,-0.55%,2060900
EMR,2021-09-09,103.32,103.32,99.9149,100.08,-3.02,-2.93%,4196200
EMR,2021-09-10,101.03,101.48,99.92,100.09,0.01,+0.01%,2428000
EMR,2021-09-13,100.82,101.3,98.4,99.16,-0.93,-0.93%,3633600
EMR,2021-09-14,99.57,99.79,97.29,97.65,-1.51,-1.52%,3967300
EMR,2021-09-15,97.66,99.545,97.14,99.33,1.68,+1.72%,3600300
EMR,2021-09-16,99.53,99.54,98.21,98.78,-0.55,-0.55%,1871700
EMR,2021-09-17,97.12,98.22,96,96.46,-2.32,-2.35%,4932800
EMR,2021-09-20,94.65,94.98,93.25,94.67,-1.79,-1.86%,2992200
EMR,2021-09-21,95.15,95.428,93.6,93.71,-0.96,-1.01%,2204300
EMR,2021-09-22,94.57,96.2,94.52,95.5,1.79,+1.91%,2729600
EMR,2021-09-23,96.29,97.765,96.12,96.96,1.46,+1.53%,2367500
EMR,2021-09-24,96.51,97.39,96.17,96.31,-0.65,-0.67%,1712100
EMR,2021-09-27,96.47,97.62,96.47,96.73,0.42,+0.44%,2440000
EMR,2021-09-28,96.33,96.94,95.54,95.67,-1.06,-1.10%,2093700
EMR,2021-09-29,95.87,96.2,95.28,95.64,-0.03,-0.03%,2622800
EMR,2021-09-30,96.27,96.31,94.17,94.2,-1.44,-1.51%,2659800
EMR,2021-10-01,94.44,95.63,93.57,95.16,0.96,+1.02%,2748300
EMR,2021-10-04,94.81,95.54,93.26,93.64,-1.52,-1.60%,3906100
EMR,2021-10-05,93.93,96,93.63,95.48,1.84,+1.96%,2265100
EMR,2021-10-06,94.64,95.92,93.84,95.64,0.16,+0.17%,2855600
EMR,2021-10-07,97.07,99.17,97.07,97.34,1.7,+1.78%,3956200
EMR,2021-10-08,96.61,97.53,95.985,96.64,-0.7,-0.72%,3192300
EMR,2021-10-11,92.63,95.76,92.59,94.18,-2.46,-2.55%,4300100
EMR,2021-10-12,94.64,95.1,92.11,92.32,-1.86,-1.97%,3533400
EMR,2021-10-13,92.79,92.79,90.36,91.87,-0.45,-0.49%,4837600
EMR,2021-10-14,93.57,95.16,92.96,94.75,2.88,+3.13%,4219100
EMR,2021-10-15,95.56,96.56,95.17,95.73,0.98,+1.03%,5417200
EMR,2021-10-18,95.21,95.835,94.72,95.77,0.04,+0.04%,2371200
EMR,2021-10-19,96.44,96.585,95.625,96.42,0.65,+0.68%,1906200
EMR,2021-10-20,97,97.69,96.405,97.27,0.85,+0.88%,1912600
EMR,2021-10-21,96.79,97.0131,95.79,96.65,-0.62,-0.64%,2002200
EMR,2021-10-22,97,97.58,96.27,96.64,-0.01,-0.01%,1728100
EMR,2021-10-25,96.43,97.29,95.98,96.55,-0.09,-0.09%,2047200
EMR,2021-10-26,97.09,98.37,96.52,97.1,0.55,+0.57%,2841000
EMR,2021-10-27,97.13,98.0008,96.13,96.15,-0.95,-0.98%,1925800
EMR,2021-10-28,96.57,97.88,96.4,97.51,1.36,+1.41%,1587700
EMR,2021-10-29,97.2,98.03,96.5,97.01,-0.5,-0.51%,2635700
EMR,2021-11-01,97.81,98.425,97.235,97.9,0.89,+0.92%,1842800
EMR,2021-11-02,98.15,100.47,97.63,100.15,2.25,+2.30%,3695700
EMR,2021-11-03,94.77,99,94,95.27,-4.88,-4.87%,4225200
EMR,2021-11-04,96.37,97.49,95.9,97.16,1.89,+1.98%,2789500
EMR,2021-11-05,98.16,98.765,97.3,97.93,0.77,+0.79%,1793300
EMR,2021-11-08,99.15,99.45,97.52,97.75,-0.18,-0.18%,2977300
EMR,2021-11-09,98,98.54,96.835,97.5,-0.25,-0.26%,3974800
EMR,2021-11-10,96.93,97.485,96.43,97.03,-0.47,-0.48%,1930100
EMR,2021-11-11,97.53,97.608,96.74,97.29,0.26,+0.27%,1634900
EMR,2021-11-12,97.64,97.74,96.82,97.42,0.13,+0.13%,1824400
EMR,2021-11-15,97.66,97.66,96.01,96.38,-1.04,-1.07%,1544100
EMR,2021-11-16,96.68,97.275,95.97,96.21,-0.17,-0.18%,2395600
EMR,2021-11-17,96.54,96.69,94.15,94.31,-1.9,-1.97%,4046800
EMR,2021-11-18,94.33,95.519,93.6201,94.57,0.26,+0.28%,5096200
EMR,2021-11-19,94.37,94.91,93.32,93.34,-1.23,-1.30%,4019900
EMR,2021-11-22,94.07,95.99,93.86,94.44,1.1,+1.18%,5223200
EMR,2021-11-23,94.48,95.05,93.98,94.47,0.03,+0.03%,3099400
EMR,2021-11-24,93.98,95.15,93.976,94.23,-0.24,-0.25%,2738300
EMR,2021-11-26,91.73,91.76,89.9,90.31,-3.92,-4.16%,2767400
EMR,2021-11-29,91.31,92.185,90.23,90.86,0.55,+0.61%,3420300
EMR,2021-11-30,90,90.72,87.61,87.84,-3.02,-3.32%,5950100
EMR,2021-12-01,89.9,90.45,86.72,86.79,-1.05,-1.20%,4779500
EMR,2021-12-02,87.68,91.04,87.535,90.38,3.59,+4.14%,4290700
EMR,2021-12-03,90.81,91.42,89.29,90.28,-0.1,-0.11%,2907400
EMR,2021-12-06,91.26,92.14,90.23,90.94,0.66,+0.73%,2592900
EMR,2021-12-07,91.84,92.92,91.53,92.23,1.29,+1.42%,3456600
EMR,2021-12-08,92.43,92.835,92.03,92.48,0.25,+0.27%,2265800
EMR,2021-12-09,92.1,92.74,91.81,91.99,-0.49,-0.53%,2044100
EMR,2021-12-10,92.36,92.98,91.89,92.59,0.6,+0.65%,2883100
EMR,2021-12-13,92.73,93.05,91.895,92.33,-0.26,-0.28%,2612900
EMR,2021-12-14,91.59,92.81,90.84,91.35,-0.98,-1.06%,3204800
EMR,2021-12-15,91.54,92.9,91.16,92.73,1.38,+1.51%,2550800
EMR,2021-12-16,93.85,94.85,93.23,93.89,1.16,+1.25%,2943900
EMR,2021-12-17,93.17,93.42,90.41,90.69,-3.2,-3.41%,6637400
EMR,2021-12-20,89.29,90,88.54,89.46,-1.23,-1.36%,3041300
EMR,2021-12-21,90.17,91.21,90.14,91.03,1.57,+1.75%,2816500
EMR,2021-12-22,90.69,91.35,89.55,89.87,-1.16,-1.27%,3615200
EMR,2021-12-23,90.24,91.71,90.17,91.28,1.41,+1.57%,2367700
EMR,2021-12-27,91.34,92.28,91.31,92.17,0.89,+0.98%,1626400
EMR,2021-12-28,92.36,93.1,92.34,92.89,0.72,+0.78%,1271400
EMR,2021-12-29,92.54,93.25,92.27,92.95,0.06,+0.06%,1434200
EMR,2021-12-30,93.12,93.655,92.51,92.66,-0.29,-0.31%,1202200
EMR,2021-12-31,92.45,93.425,92.2,92.97,0.31,+0.33%,1283500
EMR,2022-01-03,93.3,93.42,91.055,91.76,-1.21,-1.30%,2436600
EMR,2022-01-04,93.25,96.27,92.49,95.83,4.07,+4.44%,4466600
EMR,2022-01-05,97.06,97.99,95.555,95.69,-0.14,-0.15%,4180100
EMR,2022-01-06,95.91,96.89,95.27,96.23,0.54,+0.56%,2477000
EMR,2022-01-07,96.55,96.97,95.61,95.69,-0.54,-0.56%,2863600
EMR,2022-01-10,95.21,95.61,94.19,95.3,-0.39,-0.41%,2840100
EMR,2022-01-11,95.75,96.59,94.64,96.38,1.08,+1.13%,2144300
EMR,2022-01-12,97.29,97.73,96.26,96.92,0.54,+0.56%,2191300
EMR,2022-01-13,97.21,98.3,96.9341,97.28,0.36,+0.37%,2131900
EMR,2022-01-14,96.4,97.58,95.69,97.47,0.19,+0.20%,2624400
EMR,2022-01-18,96.77,97.14,95.65,96.37,-1.1,-1.13%,2777000
EMR,2022-01-19,96.56,96.94,94.84,94.92,-1.45,-1.50%,2145100
EMR,2022-01-20,95.2,96.3,93.45,93.65,-1.27,-1.34%,2417600
EMR,2022-01-21,93.84,94.71,92.67,93.2,-0.45,-0.48%,3253400
EMR,2022-01-24,92.01,93.42,89.66,93.04,-0.16,-0.17%,4210200
EMR,2022-01-25,91.41,92.05,89.81,91.21,-1.83,-1.97%,3723000
EMR,2022-01-26,92.37,92.855,89.93,90.58,-0.63,-0.69%,4229900
EMR,2022-01-27,91.43,92.74,89.94,90.63,0.05,+0.06%,2470700
EMR,2022-01-28,90.13,90.77,88.65,90.71,0.08,+0.09%,2937100
EMR,2022-01-31,90.7,92.0877,89.85,91.95,1.24,+1.37%,3710200
EMR,2022-02-01,91.95,92.56,91.095,92.48,0.53,+0.58%,4371800
EMR,2022-02-02,94.26,97.76,94.25,97.56,5.08,+5.49%,4920700
EMR,2022-02-03,96.42,98.48,96.28,96.59,-0.97,-0.99%,3306500
EMR,2022-02-04,96.57,97.13,94.1,95.38,-1.21,-1.25%,4979300
EMR,2022-02-07,95.69,96.36,94.56,95.73,0.35,+0.37%,4505500
EMR,2022-02-08,96.12,97.665,95.72,97.12,1.39,+1.45%,4809300
EMR,2022-02-09,98.1,98.63,97.64,98.42,1.3,+1.34%,3700400
EMR,2022-02-10,96.99,98.84,96.485,96.87,-1.55,-1.57%,4274400
EMR,2022-02-11,97.05,97.91,94.21,94.74,-2.13,-2.20%,3620200
EMR,2022-02-14,95.07,95.07,92.95,93.97,-0.77,-0.81%,2698400
EMR,2022-02-15,94.85,95.61,94.31,94.88,0.91,+0.97%,3251900
EMR,2022-02-16,94.69,96.24,94.64,95.87,0.99,+1.04%,3059700
EMR,2022-02-17,95.08,95.34,92.775,93.19,-2.68,-2.80%,2689800
EMR,2022-02-18,93.1,93.96,92.28,92.77,-0.42,-0.45%,2413200
EMR,2022-02-22,92.44,93.47,91.835,92.74,-0.03,-0.03%,2891600
EMR,2022-02-23,93.07,93.1,90.61,90.91,-1.83,-1.97%,2687200
EMR,2022-02-24,89.39,90.39,87.95,90,-0.91,-1.00%,4244300
EMR,2022-02-25,90.07,93.25,90.07,92.82,2.82,+3.13%,2864800
EMR,2022-02-28,91.77,93.51,91.45,92.92,0.1,+0.11%,3874100
EMR,2022-03-01,92.88,93.33,89.05,89.51,-3.41,-3.67%,3558000
EMR,2022-03-02,90.12,93.77,90.09,93.23,3.72,+4.16%,3281300
EMR,2022-03-03,93.98,94.28,92.21,93.22,-0.01,-0.01%,2510000
EMR,2022-03-04,91.64,92.125,90.8,91.58,-1.64,-1.76%,3096600
EMR,2022-03-07,91.73,93.5,90.88,91.64,0.06,+0.07%,3547000
EMR,2022-03-08,92.19,96.9,92.14,93.7,2.06,+2.25%,4872300
EMR,2022-03-09,97.37,97.39,94.105,94.39,0.69,+0.74%,4150400
EMR,2022-03-10,94.11,95,93.61,94.74,0.35,+0.37%,3302200
EMR,2022-03-11,95.39,96.46,92.86,93,-1.74,-1.84%,3239700
EMR,2022-03-14,93.56,94.13,91.28,92.32,-0.68,-0.73%,3628900
EMR,2022-03-15,92.86,93.05,91.06,92.65,0.33,+0.36%,3984000
EMR,2022-03-16,93.11,94.53,91.55,93.76,1.11,+1.20%,4378700
EMR,2022-03-17,93.47,95.61,93.11,95.49,1.73,+1.85%,3643200
EMR,2022-03-18,95.35,97.28,93.87,97,1.51,+1.58%,16105100
EMR,2022-03-21,97.84,98.92,97.29,98.2,1.2,+1.24%,3708100
EMR,2022-03-22,98.65,98.98,97.21,98.02,-0.18,-0.18%,3266500
EMR,2022-03-23,97.66,98.18,97.17,97.29,-0.73,-0.74%,2299500
EMR,2022-03-24,98.45,98.7,97.42,97.77,0.48,+0.49%,2122700
EMR,2022-03-25,97.76,98.58,97.47,98.51,0.74,+0.76%,2136000
EMR,2022-03-28,97.62,98.24,96.83,98.22,-0.29,-0.29%,2184300
EMR,2022-03-29,98.74,99.35,96.55,99.06,0.84,+0.86%,2913400
EMR,2022-03-30,98.69,99.95,98.59,98.98,-0.08,-0.08%,1596100
EMR,2022-03-31,98.79,100,98,98.05,-0.93,-0.94%,2786700
EMR,2022-04-01,99.08,99.38,97.71,98.42,0.37,+0.38%,2413900
EMR,2022-04-04,98.08,98.695,97.15,98.3,-0.12,-0.12%,2633400
EMR,2022-04-05,98.21,98.59,96.14,96.56,-1.74,-1.77%,2741800
EMR,2022-04-06,95.4,96.755,94.84,96.18,-0.38,-0.39%,2839200
EMR,2022-04-07,95.56,96.19,94.84,95.89,-0.29,-0.30%,2853100
EMR,2022-04-08,96.13,96.22,94.05,94.57,-1.32,-1.38%,3660300
EMR,2022-04-11,94.65,94.92,92.96,93.18,-1.39,-1.47%,2798200
EMR,2022-04-12,93.59,94.44,92.395,92.82,-0.36,-0.39%,2193300
EMR,2022-04-13,92.86,93.71,92.46,93.31,0.49,+0.53%,2020200
EMR,2022-04-14,93.59,93.96,92.66,92.86,-0.45,-0.48%,5319900
EMR,2022-04-18,92.63,94.53,92.63,93.97,1.11,+1.20%,2051900
EMR,2022-04-19,94.64,95.88,94.17,95.69,1.72,+1.83%,2314800
EMR,2022-04-20,96.52,97.57,96.51,97.14,1.45,+1.52%,2055300
EMR,2022-04-21,97.98,99.03,96.455,96.71,-0.43,-0.44%,2217600
EMR,2022-04-22,96.04,96.33,93.47,93.6,-3.11,-3.22%,2565400
EMR,2022-04-25,92.91,93,89.6,92.21,-1.39,-1.49%,2635400
EMR,2022-04-26,91.6,92.43,89.65,89.67,-2.54,-2.75%,2508900
EMR,2022-04-27,89.84,91.5,89.53,90.61,0.94,+1.05%,1992000
EMR,2022-04-28,91.28,92.56,90.15,92.31,1.7,+1.88%,2320800
EMR,2022-04-29,91.99,92.525,89.99,90.18,-2.13,-2.31%,2975200
EMR,2022-05-02,89.77,91.45,88.4,90.43,0.25,+0.28%,3409900
EMR,2022-05-03,89.83,91.05,88.895,90.48,0.05,+0.06%,3330500
EMR,2022-05-04,85.76,91.74,83.42,91.34,0.86,+0.95%,5737100
EMR,2022-05-05,91.26,91.83,88.2,89.23,-2.11,-2.31%,2973000
EMR,2022-05-06,88.89,88.89,86.69,88.01,-1.22,-1.37%,3262300
EMR,2022-05-09,86.56,86.75,83.9303,84.41,-3.6,-4.09%,4179300
EMR,2022-05-10,85.16,85.555,83.119,83.61,-0.8,-0.95%,3286600
EMR,2022-05-11,83.96,85.33,82.96,83.13,-0.48,-0.57%,3788900
EMR,2022-05-12,82.42,83.06,81.01,82.75,-0.38,-0.46%,3683000
EMR,2022-05-13,83.2,84.35,82.52,83.68,0.93,+1.12%,3580400
EMR,2022-05-16,83.57,85.029,82.85,84.45,0.77,+0.92%,3454800
EMR,2022-05-17,86.29,87.2671,85.77,86.39,1.94,+2.30%,4136200
EMR,2022-05-18,86.04,86.28,83.21,83.56,-2.83,-3.28%,3346300
EMR,2022-05-19,82.75,84.37,82.27,83.3,-0.26,-0.31%,2834200
EMR,2022-05-20,83.8,84.2643,81.64,83.64,0.34,+0.41%,3120900
EMR,2022-05-23,84.13,85.19,83.69,84.97,1.33,+1.59%,2822200
EMR,2022-05-24,84.29,84.71,82.415,83.89,-1.08,-1.27%,3318300
EMR,2022-05-25,83.75,84.48,82.96,84.23,0.34,+0.41%,2781500
EMR,2022-05-26,85.27,87.15,85.11,86.6,2.37,+2.81%,3062100
EMR,2022-05-27,86.81,88.44,86.81,88.4,1.8,+2.08%,2004800
EMR,2022-05-31,87.46,89.54,86.85,88.66,0.26,+0.29%,4198500
EMR,2022-06-01,89.09,89.46,87.625,88.57,-0.09,-0.10%,2797300
EMR,2022-06-02,89.54,90.35,87.99,89.88,1.31,+1.48%,3016900
EMR,2022-06-03,89.29,90.37,89.23,90.28,0.4,+0.45%,2541900
EMR,2022-06-06,91.1,91.39,90.06,90.25,-0.03,-0.03%,1675600
EMR,2022-06-07,89.41,91.68,89.21,91.53,1.28,+1.42%,2007500
EMR,2022-06-08,91.67,92.22,90.9,91.15,-0.38,-0.42%,1704300
EMR,2022-06-09,90.22,91.27,89.84,89.94,-1.21,-1.33%,2195000
EMR,2022-06-10,88.81,88.81,86.77,87.06,-2.88,-3.20%,2982400
EMR,2022-06-13,85,86.37,84.34,85.28,-1.78,-2.04%,3161400
EMR,2022-06-14,85.41,86.1659,83.97,84.7,-0.58,-0.68%,2091200
EMR,2022-06-15,85.39,86.64,84.22,85.46,0.76,+0.90%,2630700
EMR,2022-06-16,83.3,83.79,80.75,81,-4.46,-5.22%,4639300
EMR,2022-06-17,80.48,81.39,78.54,78.65,-2.35,-2.90%,6444700
EMR,2022-06-21,79.85,81.21,79.145,80.22,1.57,+2.00%,3034100
EMR,2022-06-22,78.48,79.5,77.7304,78.47,-1.75,-2.18%,3985600
EMR,2022-06-23,78.59,79.0159,76.77,77.79,-0.68,-0.87%,4619100
EMR,2022-06-24,78.72,82.09,78.47,82.03,4.24,+5.45%,5699700
EMR,2022-06-27,82.57,82.8,81.58,82.49,0.46,+0.56%,2643900
EMR,2022-06-28,83.09,84.11,81.39,81.52,-0.97,-1.18%,2934900
EMR,2022-06-29,81.58,81.64,79.84,80.51,-1.01,-1.24%,2032500
EMR,2022-06-30,79.28,80.31,78.97,79.54,-0.97,-1.20%,2861100
EMR,2022-07-01,79.64,81.05,79.215,80.36,0.82,+1.03%,2286200
EMR,2022-07-05,78.76,79.27,77.97,79.13,-1.23,-1.53%,3048300
EMR,2022-07-06,79.35,80.57,78.25,79.75,0.62,+0.78%,3111100
EMR,2022-07-07,80.47,81,79.72,80.87,1.12,+1.40%,3097400
EMR,2022-07-08,81.3,81.49,79.7,80.67,-0.2,-0.25%,2295300
EMR,2022-07-11,79.95,80.67,79.74,80.26,-0.41,-0.51%,1755600
EMR,2022-07-12,79.67,80.64,78.78,79.05,-1.21,-1.51%,2809100
EMR,2022-07-13,77.77,79.45,77.62,78.64,-0.41,-0.52%,2632000
EMR,2022-07-14,76.77,77.75,76.1568,77.67,-0.97,-1.23%,2513200
EMR,2022-07-15,78.95,79.675,78.18,79.6,1.93,+2.48%,2675600
EMR,2022-07-18,80.36,80.7,79.04,79.36,-0.24,-0.30%,1726700
EMR,2022-07-19,80.35,82.38,80.01,82.24,2.88,+3.63%,1826200
EMR,2022-07-20,82.59,82.86,81.81,82.63,0.39,+0.47%,1909200
EMR,2022-07-21,82.57,83.795,82.295,83.7,1.07,+1.29%,2042100
EMR,2022-07-22,84.11,84.33,82.49,83.1,-0.6,-0.72%,1932400
EMR,2022-07-25,83.5,84.43,82.815,84.19,1.09,+1.31%,2033800
EMR,2022-07-26,84.55,85.29,83.89,84.07,-0.12,-0.14%,2490400
EMR,2022-07-27,84.44,86.98,84.22,86.36,2.29,+2.72%,2595700
EMR,2022-07-28,87.21,88.64,86.93,88.39,2.03,+2.35%,2960200
EMR,2022-07-29,88.72,90.5,88.51,90.07,1.68,+1.90%,3568200
EMR,2022-08-01,89.2,89.77,88.45,89.34,-0.73,-0.81%,1823700
EMR,2022-08-02,88.84,89.85,88.41,89.11,-0.23,-0.26%,2173100
EMR,2022-08-03,89.4,90.1,88.78,89.82,0.71,+0.80%,1522800
EMR,2022-08-04,90.05,90.16,89.36,89.59,-0.23,-0.26%,2082000
EMR,2022-08-05,89.27,90.45,89.07,90.39,0.8,+0.89%,2425500
EMR,2022-08-08,91.13,91.22,89.43,90.03,-0.36,-0.40%,3600600
EMR,2022-08-09,87.69,87.91,86.08,86.59,-3.44,-3.82%,4884400
EMR,2022-08-10,88.35,88.35,87.035,87.54,0.95,+1.10%,3428600
EMR,2022-08-11,87.97,88.83,87.4,87.49,-0.05,-0.06%,2929300
EMR,2022-08-12,87.55,89.25,87.55,89.22,1.73,+1.98%,2425600
EMR,2022-08-15,88.3,88.98,87.66,88.84,-0.38,-0.43%,2014200
EMR,2022-08-16,88.53,90.17,88.53,89.95,1.11,+1.25%,2817600
EMR,2022-08-17,88.82,89.37,88.36,88.86,-1.09,-1.21%,1966500
EMR,2022-08-18,89.44,90.52,89,90.29,1.43,+1.61%,2158900
EMR,2022-08-19,89.62,89.76,88.44,88.68,-1.61,-1.78%,1880700
EMR,2022-08-22,87.11,87.44,85.915,86.25,-2.43,-2.74%,2500100
EMR,2022-08-23,86.36,87.56,86.174,86.73,0.48,+0.56%,2562000
EMR,2022-08-24,86.94,87.25,86.28,86.94,0.21,+0.24%,1423700
EMR,2022-08-25,87.59,88.06,87.05,87.97,1.03,+1.18%,1964100
EMR,2022-08-26,88.16,88.16,84.6,84.66,-3.31,-3.76%,2038200
EMR,2022-08-29,83.93,85.26,83.69,84.82,0.16,+0.19%,2001700
EMR,2022-08-30,85,85.05,82.93,83.32,-1.5,-1.77%,2147400
EMR,2022-08-31,83.47,83.625,81.59,81.74,-1.58,-1.90%,3576600
EMR,2022-09-01,81.04,82.07,80.41,82.01,0.27,+0.33%,2387800
EMR,2022-09-02,83.02,83.32,81.2,81.75,-0.26,-0.32%,4156200
EMR,2022-09-06,82.24,82.2909,80.63,81.51,-0.24,-0.29%,3096300
EMR,2022-09-07,81.29,82.64,81.02,82.24,0.73,+0.90%,4764800
EMR,2022-09-08,81.79,83.72,81.57,83.67,1.43,+1.74%,2587900
EMR,2022-09-09,84.24,84.97,83.98,84.71,1.04,+1.24%,2512800
EMR,2022-09-12,85.31,85.7107,84.88,85.56,0.85,+1.00%,2038100
EMR,2022-09-13,83.71,84.3,82.11,82.49,-3.07,-3.59%,1993600
EMR,2022-09-14,82.38,82.76,81.526,82.3,-0.19,-0.23%,2180500
EMR,2022-09-15,82.12,82.52,80.25,80.52,-1.78,-2.16%,2220200
EMR,2022-09-16,79.26,79.44,77.95,78.21,-2.31,-2.87%,5214600
EMR,2022-09-19,77.34,79.73,77.32,79.6,1.39,+1.78%,2484600
EMR,2022-09-20,78.77,78.83,77.15,78.02,-1.58,-1.98%,3269700
EMR,2022-09-21,78.86,79.08,76.52,76.52,-1.5,-1.92%,2235300
EMR,2022-09-22,76.48,76.98,75.5,75.53,-0.99,-1.29%,2459400
EMR,2022-09-23,74.49,74.62,72.87,73.84,-1.69,-2.24%,3258300
EMR,2022-09-26,73.53,74.555,72.92,73.14,-0.7,-0.95%,2668300
EMR,2022-09-27,74.12,74.4,72.405,73.06,-0.08,-0.11%,2658800
EMR,2022-09-28,74.02,75.52,73.335,75.02,1.96,+2.68%,3851100
EMR,2022-09-29,74.23,74.35,73.03,74.2,-0.82,-1.09%,2304300
EMR,2022-09-30,74.18,74.83,73.11,73.22,-0.98,-1.32%,2768000
EMR,2022-10-03,74.29,76.21,73.94,75.54,2.32,+3.17%,2950600
EMR,2022-10-04,77.18,78.52,77.05,78.25,2.71,+3.59%,2947400
EMR,2022-10-05,78.99,80.34,77.84,79.77,1.52,+1.94%,4965900
EMR,2022-10-06,79.13,80.805,79.13,79.47,-0.3,-0.38%,3697000
EMR,2022-10-07,78.95,79.07,76.965,77.83,-1.64,-2.06%,4655300
EMR,2022-10-10,78.64,78.9,77.365,78.37,0.54,+0.69%,4016800
EMR,2022-10-11,78,78.9,77.31,78,-0.37,-0.47%,4205900
EMR,2022-10-12,78.16,78.75,77.43,77.5,-0.5,-0.64%,2565000
EMR,2022-10-13,76.53,81.12,76.08,80.79,3.29,+4.25%,4100000
EMR,2022-10-14,81.06,81.16,77.92,78.22,-2.57,-3.18%,3237300
EMR,2022-10-17,79.86,80.57,79.39,80.07,1.85,+2.37%,2649300
EMR,2022-10-18,81.78,82.0796,80.36,81.6,1.53,+1.91%,2610700
EMR,2022-10-19,81.38,81.8,80.49,81.2,-0.4,-0.49%,3058100
EMR,2022-10-20,81.25,81.72,79.64,80.15,-1.05,-1.29%,2547500
EMR,2022-10-21,80.51,83.36,80.31,83.16,3.01,+3.76%,3168200
EMR,2022-10-24,83.65,84.5,83.19,83.89,0.73,+0.88%,2274500
EMR,2022-10-25,83.44,84.76,83.325,84.55,0.66,+0.79%,2385500
EMR,2022-10-26,84.97,85.95,83.99,85.2,0.65,+0.77%,2014600
EMR,2022-10-27,86.42,87.18,85.765,85.89,0.69,+0.81%,2412400
EMR,2022-10-28,86.15,87.52,85.55,87.4,1.51,+1.76%,2499300
EMR,2022-10-31,87.67,88.21,86.39,86.6,-0.8,-0.92%,6653600
EMR,2022-11-01,86.4,87.23,84.18,85.85,-0.75,-0.87%,4960400
EMR,2022-11-02,85.73,88.45,84.68,84.95,-0.9,-1.05%,6772300
EMR,2022-11-03,84.15,88.33,84.15,87.01,2.06,+2.42%,5364800
EMR,2022-11-04,88.75,89.64,88.16,89.09,2.08,+2.39%,5106900
EMR,2022-11-07,89.69,91.53,89.37,91.24,2.15,+2.41%,3754700
EMR,2022-11-08,91.13,92.925,90.53,91.26,0.02,+0.02%,3714800
EMR,2022-11-09,90.11,92.25,89.99,90.12,-1.14,-1.25%,3517000
EMR,2022-11-10,92.78,94.21,91.79,94,3.88,+4.31%,4138100
EMR,2022-11-11,94.11,96.36,94.02,95.44,1.44,+1.53%,4345200
EMR,2022-11-14,94.49,96.215,94.04,94.79,-0.65,-0.68%,3046800
EMR,2022-11-15,95.5,97.02,95.16,96.18,1.39,+1.47%,3685700
EMR,2022-11-16,96.08,96.23,95.05,95.23,-0.95,-0.99%,2820600
EMR,2022-11-17,93.77,94.65,93.63,94.61,-0.62,-0.65%,2743000
EMR,2022-11-18,95.82,96.15,93.49,93.7,-0.91,-0.96%,4213500
EMR,2022-11-21,93.36,94.83,93.15,94.67,0.97,+1.04%,3054100
EMR,2022-11-22,95.25,96.3,95.18,96.02,1.35,+1.43%,2571400
EMR,2022-11-23,95.9,96.61,95.195,95.89,-0.13,-0.14%,2901000
EMR,2022-11-25,95.89,96.65,95.26,96.12,0.23,+0.24%,1324700
EMR,2022-11-28,94.84,95.31,93.625,94.22,-1.9,-1.98%,3934600
EMR,2022-11-29,94.4,94.635,93.29,94.31,0.09,+0.10%,3414700
EMR,2022-11-30,94.46,95.77,93.27,95.77,1.46,+1.55%,4132900
EMR,2022-12-01,95.75,96.07,94.575,95.64,-0.13,-0.14%,2893200
EMR,2022-12-02,94.79,97.11,94.72,96.87,1.23,+1.29%,3736500
EMR,2022-12-05,95.8,96.77,95.09,95.15,-1.72,-1.78%,3202400
EMR,2022-12-06,95.2,95.649,93.42,94.35,-0.8,-0.84%,3281100
EMR,2022-12-07,94.01,95.085,93.75,94.71,0.36,+0.38%,4378700
EMR,2022-12-08,95.19,95.6395,94.58,94.93,0.22,+0.23%,2718800
EMR,2022-12-09,95.21,95.89,94.05,94.19,-0.74,-0.78%,2579600
EMR,2022-12-12,94.59,96.2,94.36,96.15,1.96,+2.08%,2869500
EMR,2022-12-13,98,98.88,97.3062,98.07,1.92,+2.00%,4060700
EMR,2022-12-14,98.45,99.09,97.36,97.72,-0.35,-0.36%,4101100
EMR,2022-12-15,96.15,96.915,94.73,95.25,-2.47,-2.53%,4252800
EMR,2022-12-16,94.32,95.43,93.89,94.96,-0.29,-0.30%,5704800
EMR,2022-12-19,94.98,95.925,94.325,94.58,-0.38,-0.40%,3527600
EMR,2022-12-20,94.59,95.85,94.59,95.04,0.46,+0.49%,3678300
EMR,2022-12-21,95.73,97.27,95.575,96.78,1.74,+1.83%,3541800
EMR,2022-12-22,96.02,96.72,93.83,95.08,-1.7,-1.76%,4534600
EMR,2022-12-23,94.75,96.04,94.59,95.54,0.46,+0.48%,2977700
EMR,2022-12-27,95.85,96.73,95.54,96.66,1.12,+1.17%,3330000
EMR,2022-12-28,96.74,97.23,95.13,95.26,-1.4,-1.45%,2222700
EMR,2022-12-29,95.84,96.675,95.805,96.36,1.1,+1.15%,1830000
EMR,2022-12-30,95.95,96.25,95.14,96.06,-0.3,-0.31%,1423100
EMR,2023-01-03,96.6,96.99,94.95,96.11,0.05,+0.05%,2519100
EMR,2023-01-04,95.78,95.78,93.86,95.42,-0.69,-0.72%,3965500
EMR,2023-01-05,94.8,95.49,93.98,95.01,-0.41,-0.43%,2480200
EMR,2023-01-06,96.31,98.45,95.9,97.95,2.94,+3.09%,2610900
EMR,2023-01-09,98.42,99.6545,97.195,97.26,-0.69,-0.70%,3147700
EMR,2023-01-10,97.32,97.94,96.84,97.82,0.56,+0.58%,2929300
EMR,2023-01-11,98.34,98.34,97.27,98.2,0.38,+0.39%,2718800
EMR,2023-01-12,99,99.28,98.02,98.05,-0.15,-0.15%,2524500
EMR,2023-01-13,97.48,98.045,97.05,97.92,-0.13,-0.13%,2229200
EMR,2023-01-17,95.45,95.45,90.43,91.24,-6.68,-6.82%,8797600
EMR,2023-01-18,90.97,91.31,89.12,89.21,-2.03,-2.22%,6030200
EMR,2023-01-19,88.58,88.8,86.82,86.89,-2.32,-2.60%,4789600
EMR,2023-01-20,87.35,87.66,86.62,87.35,0.46,+0.53%,6212400
EMR,2023-01-23,88.24,89.9,88.07,89,1.65,+1.89%,5340400
EMR,2023-01-24,88.65,90,87.78,89.48,0.48,+0.54%,2805600
EMR,2023-01-25,88.18,89.35,88.04,89.08,-0.4,-0.45%,3455900
EMR,2023-01-26,89.94,90.64,88.58,90.62,1.54,+1.73%,3293900
EMR,2023-01-27,90.54,90.59,89.33,89.43,-1.19,-1.31%,3657400
EMR,2023-01-30,88.58,90.275,88.34,89.69,0.26,+0.29%,2965200
EMR,2023-01-31,90,90.425,89.02,90.22,0.53,+0.59%,3698400
EMR,2023-02-01,89.52,92.29,89.38,91.62,1.4,+1.55%,3742400
EMR,2023-02-02,91.16,91.67,90.55,91.48,-0.14,-0.15%,4925200
EMR,2023-02-03,90.99,91.8489,90.57,91.39,-0.09,-0.10%,3266200
EMR,2023-02-06,90.84,91,89.7933,90.43,-0.96,-1.05%,3252800
EMR,2023-02-07,90.14,91.6,89.45,91.18,0.75,+0.83%,3241500
EMR,2023-02-08,88.12,88.16,85,85.99,-5.19,-5.69%,6672100
EMR,2023-02-09,86.21,86.7,84.59,85.15,-0.84,-0.98%,6777100
EMR,2023-02-10,85.23,85.925,84.395,85.85,0.7,+0.82%,4813500
EMR,2023-02-13,85.87,87.16,85.665,86.91,1.06,+1.23%,3210000
EMR,2023-02-14,85.8,86.79,85.285,85.99,-0.92,-1.06%,2910600
EMR,2023-02-15,85.44,87.25,85.28,86.92,0.93,+1.08%,3137700
EMR,2023-02-16,85.37,86.53,85.155,85.7,-1.22,-1.40%,2096000
EMR,2023-02-17,85.33,85.81,84.43,85.44,-0.26,-0.30%,2528800
EMR,2023-02-21,84.55,84.96,81.71,82.05,-3.39,-3.97%,4196700
EMR,2023-02-22,82.28,83.16,81.64,82.3,0.25,+0.30%,3932200
EMR,2023-02-23,83.01,83.39,81.52,82.31,0.01,+0.01%,3053900
EMR,2023-02-24,81.03,82.26,80.8,82.18,-0.13,-0.16%,2863200
EMR,2023-02-27,83.08,83.08,81.975,82.1,-0.08,-0.10%,2910000
EMR,2023-02-28,82.12,83.05,82.07,82.71,0.61,+0.74%,3177400
EMR,2023-03-01,82.69,83.62,82.39,83.06,0.35,+0.42%,2960200
EMR,2023-03-02,82.72,84.05,82.55,83.8,0.74,+0.89%,2186500
EMR,2023-03-03,84.25,85.67,83.345,85.54,1.74,+2.08%,3807200
EMR,2023-03-06,86.9,88.41,86.63,87.15,1.61,+1.88%,5398400
EMR,2023-03-07,87.08,87.31,85.33,85.84,-1.31,-1.50%,3938500
EMR,2023-03-08,85.81,86.21,84.76,85.62,-0.22,-0.26%,3129200
EMR,2023-03-09,85.99,86.0999,83.32,83.44,-2.18,-2.55%,2802800
EMR,2023-03-10,83.51,83.91,81.75,82.17,-1.27,-1.52%,3784700
EMR,2023-03-13,81.18,82.65,80.7,81.9,-0.27,-0.33%,3225900
EMR,2023-03-14,83.65,83.95,82.27,83.09,1.19,+1.45%,3453800
EMR,2023-03-15,81.52,81.69,79.0313,80.53,-2.56,-3.08%,4213700
EMR,2023-03-16,80.12,82.23,79.65,81.92,1.39,+1.73%,3420600
EMR,2023-03-17,81.87,81.87,79.89,80.84,-1.08,-1.32%,9040100
EMR,2023-03-20,81.37,82.7,81.32,82.27,1.43,+1.77%,2469100
EMR,2023-03-21,84.4,84.96,83.58,83.99,1.72,+2.09%,4290900
EMR,2023-03-22,84,84.91,83.33,83.4,-0.59,-0.70%,3252200
EMR,2023-03-23,83.53,84.57,82.57,83.1,-0.3,-0.36%,3184700
EMR,2023-03-24,82.39,82.915,81.3,82.89,-0.21,-0.25%,2269800
EMR,2023-03-27,83.5,83.75,82.32,82.74,-0.15,-0.18%,2233800
EMR,2023-03-28,82.98,84,82.975,83.7,0.96,+1.16%,2306600
EMR,2023-03-29,84.8,85.12,83.99,84.94,1.24,+1.48%,2435600
EMR,2023-03-30,85.95,85.995,85.46,85.59,0.65,+0.77%,1920100
EMR,2023-03-31,86.11,87.2,85.74,87.14,1.55,+1.81%,2674000
EMR,2023-04-03,87.15,88.5,86.89,87.24,0.1,+0.11%,2838900
EMR,2023-04-04,87.15,87.34,84.75,85.18,-2.06,-2.36%,1763700
EMR,2023-04-05,84.62,84.9,82.63,83.09,-2.09,-2.45%,2647700
EMR,2023-04-06,82.82,83.775,82.07,83.3,0.21,+0.25%,2966500
EMR,2023-04-10,83.16,84.47,82.9525,84.45,1.15,+1.38%,1997100
EMR,2023-04-11,85,85.336,84.235,84.44,-0.01,-0.01%,2071000
EMR,2023-04-12,83.2,83.965,82.385,83.64,-0.8,-0.95%,8052500
EMR,2023-04-13,84.06,85.53,82.4,85.41,1.77,+2.12%,6979200
EMR,2023-04-14,85.7,87.86,85.67,86.36,0.95,+1.11%,6120700
EMR,2023-04-17,86.37,87.67,86.2332,86.58,0.22,+0.25%,3005200
EMR,2023-04-18,87.77,88.4546,86.89,87.27,0.69,+0.80%,3310600
EMR,2023-04-19,87.04,87.2,85.64,86.37,-0.9,-1.03%,3244400
EMR,2023-04-20,85.94,86.39,85.5,85.87,-0.5,-0.58%,2932300
EMR,2023-04-21,86.19,86.19,85.095,85.6,-0.27,-0.31%,7833600
EMR,2023-04-24,85.71,86.01,85.195,85.59,-0.01,-0.01%,2114800
EMR,2023-04-25,85.12,85.5,84.23,84.52,-1.07,-1.25%,2100400
EMR,2023-04-26,83.9,84.18,82.02,82.48,-2.04,-2.41%,3383800
EMR,2023-04-27,82.34,82.87,80.31,82.83,0.35,+0.42%,4838200
EMR,2023-04-28,82.44,83.54,82.305,83.26,0.43,+0.52%,3020200
EMR,2023-05-01,83.47,83.86,83.14,83.35,0.09,+0.11%,2340200
EMR,2023-05-02,82.83,83.26,81.095,82.22,-1.13,-1.36%,3762600
EMR,2023-05-03,85.46,87,83.77,83.82,1.6,+1.95%,6211900
EMR,2023-05-04,83.74,83.86,82.39,82.74,-1.08,-1.29%,4498400
EMR,2023-05-05,83.92,85.07,83.68,84.4,1.66,+2.01%,3885200
EMR,2023-05-08,85.14,85.14,83.5539,83.81,-0.59,-0.70%,1855300
EMR,2023-05-09,83.45,84.03,82.79,83.65,-0.16,-0.19%,1941700
EMR,2023-05-10,84.21,84.46,81.7,82.48,-1.17,-1.40%,2368700
EMR,2023-05-11,81.07,82.09,81.07,81.98,-0.5,-0.61%,1953600
EMR,2023-05-12,82.67,82.98,81.61,82.52,0.54,+0.66%,2625100
EMR,2023-05-15,82.79,83.82,82.21,83.12,0.6,+0.73%,2208800
EMR,2023-05-16,82.49,82.91,81.12,81.15,-1.97,-2.37%,2743200
EMR,2023-05-17,81.66,82.53,81.5,82.25,1.1,+1.36%,2853600
EMR,2023-05-18,82.01,82.57,81.37,82.3,0.05,+0.06%,3074400
EMR,2023-05-19,83.13,83.35,82.07,82.49,0.19,+0.23%,2489400
EMR,2023-05-22,82.67,82.9,81.26,81.71,-0.78,-0.95%,2229400
EMR,2023-05-23,81.15,82,80.89,81.11,-0.6,-0.73%,2817400
EMR,2023-05-24,80.61,80.77,78.82,78.95,-2.16,-2.66%,2536900
EMR,2023-05-25,78.86,79.14,78.05,79.02,0.07,+0.09%,3456500
EMR,2023-05-26,79.28,79.82,79.04,79.51,0.49,+0.62%,2533500
EMR,2023-05-30,79.35,79.64,77.93,78.39,-1.12,-1.41%,2660700
EMR,2023-05-31,77.59,77.99,76.94,77.68,-0.71,-0.91%,6147100
EMR,2023-06-01,77.96,79.635,76.96,79.35,1.67,+2.15%,3927900
EMR,2023-06-02,80.79,83.23,80.69,82.81,3.46,+4.36%,3723600
EMR,2023-06-05,83.08,83.38,82.06,82.19,-0.62,-0.75%,2592300
EMR,2023-06-06,82.19,83,81.81,82.54,0.35,+0.43%,2876100
EMR,2023-06-07,82.9,84.27,82.35,84.24,1.7,+2.06%,3029600
EMR,2023-06-08,84.09,84.43,83.585,84.07,-0.17,-0.20%,3019300
EMR,2023-06-09,84.23,84.38,83.59,84.2,0.13,+0.15%,2039500
EMR,2023-06-12,84.19,84.36,83.685,84.07,-0.13,-0.15%,2021900
EMR,2023-06-13,84.43,86.325,84.31,86.13,2.06,+2.45%,2374700
EMR,2023-06-14,86.72,87.58,85.48,85.84,-0.29,-0.34%,2273700
EMR,2023-06-15,86.4,88.62,86.38,88.03,2.19,+2.55%,4426100
EMR,2023-06-16,88.55,88.85,87.38,87.41,-0.62,-0.70%,5523000
EMR,2023-06-20,86.64,87.05,85.86,86.78,-0.63,-0.72%,2254900
EMR,2023-06-21,86.15,87.59,85.97,87.45,0.67,+0.77%,2111100
EMR,2023-06-22,87.45,87.825,87.03,87.42,-0.03,-0.03%,3012300
EMR,2023-06-23,86.69,87.18,86.16,86.68,-0.74,-0.85%,5603900
EMR,2023-06-26,87.22,88.44,86.88,88.31,1.63,+1.88%,2423400
EMR,2023-06-27,88.5,89.99,88.36,89.63,1.32,+1.49%,2571700
EMR,2023-06-28,89.66,89.94,88.97,89.35,-0.28,-0.31%,3453900
EMR,2023-06-29,89.5,89.78,88.73,89.22,-0.13,-0.15%,2661900
EMR,2023-06-30,89.59,90.73,89.455,90.39,1.17,+1.31%,2491100
EMR,2023-07-03,90.04,91.06,89.61,90.76,0.37,+0.41%,1217200
EMR,2023-07-05,90,90.5,89.41,89.41,-1.35,-1.49%,1801500
EMR,2023-07-06,88.66,88.88,87.47,88.24,-1.17,-1.31%,2199000
EMR,2023-07-07,87.83,89.56,87.81,88.94,0.7,+0.79%,1816500
EMR,2023-07-10,89.02,90.02,88.98,89.43,0.49,+0.55%,3332600
EMR,2023-07-11,89.9,91.95,89.9,91.8,2.37,+2.65%,3559100
EMR,2023-07-12,92.64,93.04,91.635,92.12,0.32,+0.35%,2871400
EMR,2023-07-13,92.3,92.65,91.9,92.32,0.2,+0.22%,1888800
EMR,2023-07-14,92.29,92.306,91.33,92.09,-0.23,-0.25%,1738400
EMR,2023-07-17,91.83,92.04,90.975,91.32,-0.77,-0.84%,1886800
EMR,2023-07-18,91.09,91.98,90.86,91.8,0.48,+0.53%,1841100
EMR,2023-07-19,91.32,91.92,90.51,91.67,-0.13,-0.14%,1958400
EMR,2023-07-20,92.27,92.75,91.8,91.89,0.22,+0.24%,1844300
EMR,2023-07-21,91.82,92.05,91.165,91.23,-0.66,-0.72%,1643500
EMR,2023-07-24,91.6,92.57,91.57,92.24,1.01,+1.11%,2205300
EMR,2023-07-25,91.77,92.729,91.77,92.59,0.35,+0.38%,1844800
EMR,2023-07-26,91.77,92.64,91.69,92.39,-0.2,-0.22%,1789500
EMR,2023-07-27,92.64,92.94,91.5687,91.84,-0.55,-0.60%,1869900
EMR,2023-07-28,92.53,92.65,90.58,90.97,-0.87,-0.95%,2807600
EMR,2023-07-31,91.43,91.7597,90.79,91.35,0.38,+0.42%,3971700
EMR,2023-08-01,90.75,91.855,90.41,91.63,0.28,+0.31%,3131300
EMR,2023-08-02,98.54,98.54,94.41,95.14,3.51,+3.83%,7346400
EMR,2023-08-03,96.11,97.3,95.46,95.89,0.75,+0.79%,4754000
EMR,2023-08-04,96.77,97.69,95.42,95.55,-0.34,-0.35%,3560500
EMR,2023-08-07,96.31,97.4,96.15,97.22,1.67,+1.75%,2459300
EMR,2023-08-08,96.35,96.73,95.32,96.5,-0.72,-0.74%,2099500
EMR,2023-08-09,96.74,97.4,95.97,96.04,-0.46,-0.48%,2246800
EMR,2023-08-10,95.46,96.45,95.12,95.51,-0.53,-0.55%,1614500
EMR,2023-08-11,95.63,96.21,95.265,95.74,0.23,+0.24%,1338900
EMR,2023-08-14,95.49,95.99,95.31,95.9,0.16,+0.17%,2232700
EMR,2023-08-15,95.37,95.8,95.25,95.47,-0.43,-0.45%,2026500
EMR,2023-08-16,95.38,96.68,95.38,96.01,0.54,+0.57%,2493900
EMR,2023-08-17,96.85,97.31,95.7,95.73,-0.28,-0.29%,2561000
EMR,2023-08-18,95.05,96.26,95,95.79,0.06,+0.06%,1978800
EMR,2023-08-21,95.79,95.91,94.135,95.06,-0.73,-0.76%,1842800
EMR,2023-08-22,96.4,97.27,95.5,96.08,1.02,+1.07%,2339300
EMR,2023-08-23,96.19,96.92,95.81,96.63,0.55,+0.57%,1975700
EMR,2023-08-24,96.43,97.285,95.705,95.75,-0.88,-0.91%,2030500
EMR,2023-08-25,96.21,98.38,96.21,97.64,1.89,+1.97%,4124800
EMR,2023-08-28,98.39,98.82,97.94,98.12,0.48,+0.49%,2228800
EMR,2023-08-29,98.12,98.79,97.895,98.65,0.53,+0.54%,2235300
EMR,2023-08-30,98.79,99.1,97.64,98.29,-0.36,-0.36%,3229700
EMR,2023-08-31,98.54,99.15,98.01,98.25,-0.04,-0.04%,2604400
EMR,2023-09-01,98.35,99.39,98.35,98.92,0.67,+0.68%,1762300
EMR,2023-09-05,98.77,99,97.66,97.88,-1.04,-1.05%,2897800
EMR,2023-09-06,97.73,98.9499,97.51,98.67,0.79,+0.81%,2406200
EMR,2023-09-07,98.52,99.61,98.1862,99.4,0.73,+0.74%,3304100
EMR,2023-09-08,99.03,99.65,98.59,98.95,-0.45,-0.45%,1952200
EMR,2023-09-11,99.01,100.56,98.91,100.12,1.17,+1.18%,3921400
EMR,2023-09-12,100.14,100.62,99.79,99.92,-0.2,-0.20%,2447900
EMR,2023-09-13,99.66,99.94,97.42,97.68,-2.24,-2.24%,2497000
EMR,2023-09-14,98.4,99.06,98.04,98.6,0.92,+0.94%,2637000
EMR,2023-09-15,98.2,99.69,97.895,98.86,0.26,+0.26%,7287000
EMR,2023-09-18,98.87,100.38,98.78,99.61,0.75,+0.76%,2163100
EMR,2023-09-19,99.99,100.01,98.14,98.82,-0.79,-0.79%,1891700
EMR,2023-09-20,99.04,99.67,97.89,98.01,-0.81,-0.82%,1646200
EMR,2023-09-21,97.79,97.84,96.44,96.49,-1.52,-1.55%,2181200
EMR,2023-09-22,96.52,97.64,96.33,97.1,0.61,+0.63%,2448700
EMR,2023-09-25,96.8,98.14,96.4,98.1,1,+1.03%,1869200
EMR,2023-09-26,97.98,97.98,95.59,95.6,-2.5,-2.55%,2496800
EMR,2023-09-27,96.43,97.25,95.57,96.86,1.26,+1.32%,2323100
EMR,2023-09-28,97.02,97.64,96.6,97.01,0.15,+0.15%,1861400
EMR,2023-09-29,97.79,97.93,96.445,96.57,-0.44,-0.45%,2041400
EMR,2023-10-02,96.36,96.88,95.05,95.71,-0.86,-0.89%,2600600
EMR,2023-10-03,95.25,95.85,94.03,94.85,-0.86,-0.90%,2743100
EMR,2023-10-04,94.75,95.25,93.89,94.66,-0.19,-0.20%,3361300
EMR,2023-10-05,94.3,94.67,93.34,93.59,-1.07,-1.13%,2758300
EMR,2023-10-06,93.39,95.92,93.26,95.04,1.45,+1.55%,2154700
EMR,2023-10-09,95.04,95.99,94.77,95.87,0.83,+0.87%,2581100
EMR,2023-10-10,96,97.23,95.755,96.37,0.5,+0.52%,2688300
EMR,2023-10-11,96.39,97.22,96.065,97.09,0.72,+0.75%,2231300
EMR,2023-10-12,97.5,97.5,95.375,96.05,-1.04,-1.07%,1853100
EMR,2023-10-13,96.39,96.8,94.49,94.76,-1.29,-1.34%,2148900
EMR,2023-10-16,96.18,97.19,96.02,96.35,1.59,+1.68%,2670600
EMR,2023-10-17,96.15,96.96,95.79,95.97,-0.38,-0.39%,2196500
EMR,2023-10-18,95.2,95.2,93.64,93.7,-2.27,-2.37%,2503400
EMR,2023-10-19,93.81,95.11,93.1,93.14,-0.56,-0.60%,2678800
EMR,2023-10-20,92.87,93.23,91.33,91.47,-1.67,-1.79%,5700800
EMR,2023-10-23,91.53,91.93,90,90.16,-1.31,-1.43%,2790800
EMR,2023-10-24,90.83,91.22,90.22,90.74,0.58,+0.64%,2566000
EMR,2023-10-25,90.67,90.67,88.4,88.83,-1.91,-2.10%,3484300
EMR,2023-10-26,89.1,89.37,87.94,88.6,-0.23,-0.26%,4452200
EMR,2023-10-27,88.45,89.02,87.5301,88.03,-0.57,-0.64%,2429300
EMR,2023-10-30,88.45,88.6,87.26,88.45,0.42,+0.48%,2772900
EMR,2023-10-31,88.35,89.07,88.05,88.97,0.52,+0.59%,4904100
EMR,2023-11-01,89.23,89.64,88.78,89.61,0.64,+0.72%,2771500
EMR,2023-11-02,89.96,91.41,89.39,91.16,1.55,+1.73%,4912200
EMR,2023-11-03,92.09,92.7,91.97,91.97,0.81,+0.89%,2686600
EMR,2023-11-06,92.16,92.175,90.76,91.74,-0.23,-0.25%,3004000
EMR,2023-11-07,83.8,85.1,83.1,84.94,-6.8,-7.41%,9919900
EMR,2023-11-08,85.49,86.18,84.61,84.75,-0.19,-0.22%,5833400
EMR,2023-11-09,85.5,87.2065,85.0005,85.2,0.45,+0.53%,4765100
EMR,2023-11-10,85.75,86.82,85.1728,86.5,1.3,+1.53%,2922700
EMR,2023-11-13,86.54,86.92,85.91,86.6,0.1,+0.12%,3123200
EMR,2023-11-14,87.69,89.49,87.51,88.55,1.95,+2.25%,3646000
EMR,2023-11-15,88.42,89.395,88.09,88.37,-0.18,-0.20%,3272900
EMR,2023-11-16,87.74,88.2381,87.17,87.5,-0.87,-0.98%,2719600
EMR,2023-11-17,87.95,89.42,87.73,89.27,1.77,+2.02%,3494300
EMR,2023-11-20,89.3,89.36,88.59,88.79,-0.48,-0.54%,2607200
EMR,2023-11-21,88.41,88.66,87.935,88.6,-0.19,-0.21%,2467100
EMR,2023-11-22,88.55,89.14,88.015,88.84,0.24,+0.27%,2778800
EMR,2023-11-24,88.71,88.97,88.31,88.51,-0.33,-0.37%,1248000
EMR,2023-11-27,88.11,88.49,87.84,87.99,-0.52,-0.59%,2657800
EMR,2023-11-28,87.75,88.71,87.55,87.9,-0.09,-0.10%,3418100
EMR,2023-11-29,88.5,88.73,87.67,88.31,0.41,+0.47%,2128400
EMR,2023-11-30,88.78,89.1,87.985,88.9,0.59,+0.67%,4201300
EMR,2023-12-01,89.26,90.305,89.05,90.12,1.22,+1.37%,2651100
EMR,2023-12-04,88.74,89.165,88.1703,88.91,-1.21,-1.34%,4068900
EMR,2023-12-05,88.51,88.695,87.78,88.35,-0.56,-0.63%,3327800
EMR,2023-12-06,88.41,88.7,87.59,87.7,-0.65,-0.74%,3336300
EMR,2023-12-07,88.11,89.15,87.71,88.72,1.02,+1.16%,3577100
EMR,2023-12-08,88.92,89.86,88.53,89.55,0.83,+0.94%,2366000
EMR,2023-12-11,89.6,90.535,89.461,89.72,0.17,+0.19%,3068100
EMR,2023-12-12,89.8,90.82,89.17,90.44,0.72,+0.80%,2905600
EMR,2023-12-13,91.08,92.99,90.66,92.23,1.79,+1.98%,4146100
EMR,2023-12-14,92.98,96.67,92.94,96.54,4.31,+4.67%,4417800
EMR,2023-12-15,95.58,96.56,95.3,95.65,-0.89,-0.92%,5091500
EMR,2023-12-18,95.78,96.155,95.29,96.05,0.4,+0.42%,1889700
EMR,2023-12-19,96.2,96.51,95.56,95.74,-0.31,-0.32%,1856000
EMR,2023-12-20,95.57,96.35,94.64,94.66,-1.08,-1.13%,1782500
EMR,2023-12-21,95.18,95.91,95.01,95.71,1.05,+1.11%,2112900
EMR,2023-12-22,95.95,96.94,95.75,96.44,0.73,+0.76%,1634000
EMR,2023-12-26,96.78,97.69,96.67,97.52,1.08,+1.12%,1536400
EMR,2023-12-27,97.55,98.09,97.295,97.6,0.08,+0.08%,1844400
EMR,2023-12-28,97.67,97.75,96.91,97.09,-0.51,-0.52%,1527700
EMR,2023-12-29,96.93,97.58,96.9,97.33,0.24,+0.25%,1448000
EMR,2024-01-02,96.52,96.92,95.38,95.88,-1.45,-1.49%,2159800
EMR,2024-01-03,95.2,95.39,94.25,94.68,-1.2,-1.25%,2198900
EMR,2024-01-04,95.01,95.95,94.69,95.1,0.42,+0.44%,2221200
EMR,2024-01-05,95.03,95.59,94.76,95.47,0.37,+0.39%,1638200
EMR,2024-01-08,95.08,95.82,94.49,95.77,0.3,+0.31%,2045400
EMR,2024-01-09,95.32,95.62,94.41,94.62,-1.15,-1.20%,2378400
EMR,2024-01-10,94.55,95.02,94.32,94.77,0.15,+0.16%,1665200
EMR,2024-01-11,95.01,95.11,93.67,94.8,0.03,+0.03%,2066800
EMR,2024-01-12,95.44,95.63,94.48,94.87,0.07,+0.07%,1572000
EMR,2024-01-16,94.36,94.38,92.97,93.26,-1.61,-1.70%,2401700
EMR,2024-01-17,92.28,92.9,91.99,92.42,-0.84,-0.90%,2894100
EMR,2024-01-18,92.91,93.81,92.6,93.68,1.26,+1.36%,2426200
EMR,2024-01-19,93.52,95,93.08,94.91,1.23,+1.31%,5133500
EMR,2024-01-22,95.1,96.37,95.1,96.14,1.23,+1.30%,2862800
EMR,2024-01-23,96.55,96.6,95.1,95.78,-0.36,-0.37%,1768100
EMR,2024-01-24,96.74,96.74,94.31,94.39,-1.39,-1.45%,2467300
EMR,2024-01-25,95.23,96.275,94.51,96.24,1.85,+1.96%,2344500
EMR,2024-01-26,96.48,96.48,94.71,95.06,-1.18,-1.23%,2344500
EMR,2024-01-29,94.71,95.14,93.696,95.01,-0.05,-0.05%,2856400
EMR,2024-01-30,94.34,95.03,93.74,94.75,-0.26,-0.27%,2896500
EMR,2024-01-31,94.61,94.705,91.645,91.73,-3.02,-3.19%,4273000
EMR,2024-02-01,92.66,93.9,92.44,93.76,2.03,+2.21%,2724700
EMR,2024-02-02,93.26,94.49,92.75,93.98,0.22,+0.23%,2128600
EMR,2024-02-05,93.29,93.48,92.16,93.4,-0.58,-0.62%,2412800
EMR,2024-02-06,93.74,94.38,93.03,94.26,0.86,+0.92%,2776600
EMR,2024-02-07,101.88,105.71,100.3,104.09,9.83,+10.43%,9072100
EMR,2024-02-08,104.63,105.25,102.0216,102.38,-1.71,-1.64%,5305900
EMR,2024-02-09,102.46,103.32,102.04,103.2,0.82,+0.80%,3497300
EMR,2024-02-12,103.18,104.45,102.9,104.28,1.08,+1.05%,3904300
EMR,2024-02-13,103.41,104.73,102.63,104.68,0.4,+0.38%,5069000
EMR,2024-02-14,105.66,106.6,105.29,106.24,1.56,+1.49%,5078200
EMR,2024-02-15,106.07,106.59,105.45,105.71,-0.53,-0.50%,3104800
EMR,2024-02-16,105.72,107.08,105.49,106.15,0.44,+0.42%,3167500
EMR,2024-02-20,106,106.09,104.5,104.8,-1.35,-1.27%,2517500
EMR,2024-02-21,104.56,105.41,103.86,104.96,0.16,+0.15%,2138600
EMR,2024-02-22,105.72,106.17,105.205,105.29,0.33,+0.31%,2362500
EMR,2024-02-23,105.87,106.155,105.58,105.91,0.62,+0.59%,1819800
EMR,2024-02-26,105.77,106.53,105.38,106.19,0.28,+0.26%,2393700
EMR,2024-02-27,106.79,106.79,105.37,106.13,-0.06,-0.06%,2235600
EMR,2024-02-28,106.2,106.23,105.25,105.56,-0.57,-0.54%,2189900
EMR,2024-02-29,105.99,107.58,105.52,106.85,1.29,+1.22%,5067700
EMR,2024-03-01,108.49,109.18,107.59,108.14,1.29,+1.21%,3356700
EMR,2024-03-04,108.18,109.83,108.09,109.51,1.37,+1.27%,3703200
EMR,2024-03-05,109.07,109.67,108.92,109.02,-0.49,-0.45%,3465000
EMR,2024-03-06,110,110.64,109.54,109.8,0.78,+0.72%,2561500
EMR,2024-03-07,110.3,111.05,110.01,110.28,0.48,+0.44%,2033800
EMR,2024-03-08,110.69,111.2,109.98,110.15,-0.13,-0.12%,1655844
EMR,2024-03-11,109.63,109.77,108.48,109.65,-0.5,-0.45%,1892200
EMR,2024-03-12,109.73,110.69,109.26,110.6,0.95,+0.87%,1755600
EMR,2024-03-13,110.71,111.1325,109.89,110.35,-0.25,-0.23%,1801800
EMR,2024-03-14,110.64,111,109.69,110.41,0.06,+0.05%,2883300
EMR,2024-03-15,109.69,111.065,109.59,110.59,0.18,+0.16%,6537700
EMR,2024-03-18,111.17,112.08,110.96,111.06,0.47,+0.42%,3071500
EMR,2024-03-19,110.67,111.7342,110.19,111.29,0.23,+0.21%,2543900
EMR,2024-03-20,111.16,112.2,110.23,112.02,0.73,+0.66%,2195300
EMR,2024-03-21,112.48,113.345,112.02,112.6,0.58,+0.52%,2410900
EMR,2024-03-22,112.57,112.86,111.98,112.45,-0.15,-0.13%,1479300
EMR,2024-03-25,112.33,112.7,111.64,111.73,-0.72,-0.64%,1435800
EMR,2024-03-26,111.62,112.0787,111.31,111.95,0.22,+0.20%,1812800
EMR,2024-03-27,112,113.46,111.65,113.45,1.5,+1.34%,1937300
EMR,2024-03-28,113.69,113.89,113.04,113.42,-0.03,-0.03%,2322500
EMR,2024-04-01,113.27,114.11,113.18,113.54,0.12,+0.11%,2057300
EMR,2024-04-02,113.32,113.57,112.29,113.27,-0.27,-0.24%,1964400
EMR,2024-04-03,113.44,114.1899,113.08,113.54,0.27,+0.24%,1981800
EMR,2024-04-04,114.45,114.935,112.64,113.04,-0.5,-0.44%,1888500
EMR,2024-04-05,113.61,114.765,113.3,114.54,1.5,+1.33%,1693800
EMR,2024-04-08,114.71,114.97,113.98,114.67,0.13,+0.11%,1775700
EMR,2024-04-09,115,115.26,113.1,114.25,-0.42,-0.37%,1877400
EMR,2024-04-10,112.65,114.24,112.52,114.08,-0.17,-0.15%,2012800
EMR,2024-04-11,114.03,114.21,112.96,113.52,-0.56,-0.49%,1673000
EMR,2024-04-12,112.75,113.42,111.82,112.65,-0.87,-0.77%,1981000
EMR,2024-04-15,114.26,114.365,111.44,111.76,-0.89,-0.79%,1708500
EMR,2024-04-16,111.87,112.02,110.5,111.49,-0.27,-0.24%,2326200
EMR,2024-04-17,112.05,112.33,109.6,109.81,-1.68,-1.51%,2317200
EMR,2024-04-18,110.83,110.83,108.94,109.31,-0.5,-0.46%,1677900
EMR,2024-04-19,109.58,110.1175,108.36,108.58,-0.73,-0.67%,2108000
EMR,2024-04-22,108.83,109.665,108.11,108.63,0.05,+0.05%,2448900
EMR,2024-04-23,109.1,110.44,108.7,109.77,1.14,+1.05%,2081900
EMR,2024-04-24,110.44,110.5,108.65,109.62,-0.15,-0.14%,1876900
EMR,2024-04-25,108.45,110.3099,107.8,109.6,-0.02,-0.02%,1640100
EMR,2024-04-26,109.36,110.73,109.02,109.89,0.29,+0.26%,1364400
EMR,2024-04-29,109.4,110.76,109.36,109.76,-0.13,-0.12%,2354300
EMR,2024-04-30,109.5,109.9,107.59,107.78,-1.98,-1.80%,3963000
EMR,2024-05-01,107.53,108.605,106.22,106.45,-1.33,-1.23%,3875200
EMR,2024-05-02,107.2,107.86,105.27,106.41,-0.04,-0.04%,3587700
EMR,2024-05-03,107.17,107.38,105.95,106.54,0.13,+0.12%,5925800
EMR,2024-05-06,107.03,107.41,104.93,106.24,-0.3,-0.28%,7467900
EMR,2024-05-07,106.61,107.56,106.01,107.4,1.16,+1.09%,6898500
EMR,2024-05-08,104.2,113,103.9,112.65,5.25,+4.89%,6172800
EMR,2024-05-09,114.39,115.77,114.1335,115.59,2.94,+2.61%,4983100
EMR,2024-05-10,116.31,116.76,115.17,115.55,-0.04,-0.03%,2422400
EMR,2024-05-13,115.47,115.96,114.71,114.82,-0.73,-0.63%,1857300
EMR,2024-05-14,114.64,115.015,113.9714,114.35,-0.47,-0.41%,1514900
EMR,2024-05-15,115,115.3935,114.39,114.82,0.47,+0.41%,1948800
EMR,2024-05-16,114,114.64,112.79,112.82,-2.,-1.74%,1927600
EMR,2024-05-17,113.38,113.38,112.26,112.88,0.06,+0.05%,1619600
EMR,2024-05-20,113.11,114.55,113.012,113.7,0.82,+0.73%,1852600
EMR,2024-05-21,113.54,114.05,113.38,113.7,0,0.00%,2357200
EMR,2024-05-22,113.68,114.68,113.36,114.68,0.98,+0.86%,1931100
EMR,2024-05-23,115.44,115.62,112.34,112.49,-2.19,-1.91%,2642700
EMR,2024-05-24,113.04,113.67,112.67,113.42,0.93,+0.83%,1345200
EMR,2024-05-28,113.66,114.04,111.77,112.05,-1.37,-1.21%,2257500
EMR,2024-05-29,111.29,111.54,110.52,110.92,-1.13,-1.01%,1831600
EMR,2024-05-30,110.78,111.43,110.1,110.9,-0.02,-0.02%,2051300
EMR,2024-05-31,110.75,112.25,109.54,112.16,1.26,+1.14%,4318200
EMR,2024-06-03,112.69,112.79,108.67,109.03,-3.13,-2.79%,2870400
EMR,2024-06-04,108.28,108.88,106.5,106.87,-2.16,-1.98%,3013000
EMR,2024-06-05,107.49,108.33,107.04,108.28,1.41,+1.32%,2030300
EMR,2024-06-06,108.36,108.53,105.8,105.97,-2.31,-2.13%,2385000
EMR,2024-06-07,106.15,108.13,105.8691,107.98,2.01,+1.90%,3173600
EMR,2024-06-10,107.98,109.51,107.69,108.73,0.75,+0.69%,1871400
EMR,2024-06-11,108.2,108.54,106.64,107.61,-1.12,-1.03%,1566500
EMR,2024-06-12,108.54,109.14,107.25,108.5,0.89,+0.83%,2109700
EMR,2024-06-13,108.24,108.73,107.29,108.53,0.03,+0.03%,1865700
EMR,2024-06-14,107.36,107.75,105.88,106.46,-2.07,-1.91%,1829200
EMR,2024-06-17,106.52,107.41,105.7,107.37,0.91,+0.85%,2017400
EMR,2024-06-18,107.35,108.84,106.775,108.68,1.31,+1.22%,2078100
EMR,2024-06-20,108.74,108.7508,107.71,108.14,-0.54,-0.50%,1984500
EMR,2024-06-21,108.25,108.61,106.69,108.41,0.27,+0.25%,3029200
EMR,2024-06-24,109.02,110.15,108.67,109.32,0.91,+0.84%,2043900
EMR,2024-06-25,109.21,109.56,107.5,107.87,-1.45,-1.33%,2014600
EMR,2024-06-26,107.38,107.76,105.7,106.12,-1.75,-1.62%,2500400
EMR,2024-06-27,106.5,108.32,106.2501,108.29,2.17,+2.04%,3473000
EMR,2024-06-28,108.76,111.05,108.44,110.16,1.87,+1.73%,4756200
EMR,2024-07-01,111.06,111.34,107.94,108.05,-2.11,-1.92%,2422300
EMR,2024-07-02,108,109.34,107.86,109.27,1.22,+1.13%,2474900
EMR,2024-07-03,109.73,110.73,109.11,109.56,0.29,+0.27%,1074700
EMR,2024-07-05,109.42,109.9,108.27,109.46,-0.1,-0.09%,1468500
EMR,2024-07-08,110.51,110.88,109.93,109.97,0.51,+0.47%,1511000
EMR,2024-07-09,109.45,110.59,109.01,109.59,-0.38,-0.35%,1266700
EMR,2024-07-10,109.71,111.61,109.63,111.5,1.91,+1.74%,1877700
EMR,2024-07-11,111.77,114.29,111.45,114.15,2.65,+2.38%,2236200
EMR,2024-07-12,115.01,115.42,113.91,114.59,0.44,+0.39%,2082600
EMR,2024-07-15,114.83,117.35,114.74,116.97,2.38,+2.08%,2694500
EMR,2024-07-16,117.5,119.53,117.05,118.87,1.9,+1.62%,2423700
EMR,2024-07-17,118.35,118.75,117.14,118.25,-0.62,-0.52%,3751200
EMR,2024-07-18,117.15,118.8,116.02,116.54,-1.71,-1.45%,4303900
EMR,2024-07-19,117.36,117.425,114.96,115.68,-0.86,-0.74%,2657700
EMR,2024-07-22,116.47,117.96,115.67,117.83,2.15,+1.86%,2424100
EMR,2024-07-23,117.52,118.67,117.115,117.62,-0.21,-0.18%,1403300
EMR,2024-07-24,117.09,117.78,113.955,114.08,-3.54,-3.01%,2151300
EMR,2024-07-25,114.33,116.43,113.51,114.59,0.51,+0.45%,2127300
EMR,2024-07-26,115.65,117.66,115.18,116.84,2.25,+1.96%,1488600
EMR,2024-07-29,116.9,118.07,116.36,117.8,0.96,+0.82%,1905000
EMR,2024-07-30,118.18,118.96,114.87,115.7,-2.1,-1.78%,3039400
EMR,2024-07-31,117.58,118.04,116.63,117.11,1.41,+1.22%,2020000
EMR,2024-08-01,117.06,117.245,112.3,113.09,-4.02,-3.43%,2533500
EMR,2024-08-02,110.94,111,107.48,109.21,-3.88,-3.43%,3194600
EMR,2024-08-05,106.35,107.78,105.13,106.39,-2.82,-2.58%,2618600
EMR,2024-08-06,106.82,109.364,106.44,107.78,1.39,+1.31%,3020200
EMR,2024-08-07,103.64,106,99.29,99.54,-8.24,-7.65%,8060500
EMR,2024-08-08,100.85,104.86,100.46,104.61,5.07,+5.09%,4877000
EMR,2024-08-09,104.46,104.57,102.25,103.69,-0.92,-0.88%,3644500
EMR,2024-08-12,103.81,103.99,102.3014,103.07,-0.62,-0.60%,2542800
EMR,2024-08-13,103.65,104.31,102.96,104.1,1.03,+1.00%,2598600
EMR,2024-08-14,102.5,103.99,102.37,103.49,-0.61,-0.59%,3920900
EMR,2024-08-15,105,105.47,103.73,104.29,0.8,+0.77%,3309700
EMR,2024-08-16,103.64,103.82,102.24,103.09,-1.2,-1.15%,3416200
EMR,2024-08-19,103.65,104.37,102.93,103.84,0.75,+0.73%,1761800
EMR,2024-08-20,103.92,104.26,102.8,103.12,-0.72,-0.69%,2500600
EMR,2024-08-21,103.24,104.69,103.09,104.02,0.9,+0.87%,2262000
EMR,2024-08-22,104.35,105.03,103.48,104.36,0.34,+0.33%,2419800
EMR,2024-08-23,105,105.77,104.03,104.64,0.28,+0.27%,2774400
EMR,2024-08-26,105.32,105.67,104.19,104.91,0.27,+0.26%,1773300
EMR,2024-08-27,104.56,104.8763,103.77,103.86,-1.05,-1.00%,1586500
EMR,2024-08-28,103.84,104.79,103.48,103.91,0.05,+0.05%,2414800
EMR,2024-08-29,104.22,105.46,103.74,104.09,0.18,+0.17%,2953600
EMR,2024-08-30,104.29,105.5,103.89,105.39,1.3,+1.25%,3476200
EMR,2024-09-03,104.58,104.8,101.55,102.02,-3.37,-3.20%,3380500
EMR,2024-09-04,101.75,102.4,100.23,100.86,-1.16,-1.14%,2767400
EMR,2024-09-05,100.37,100.59,98.32,99.97,-0.89,-0.88%,4207700
EMR,2024-09-06,99.96,100.77,97.35,98.19,-1.78,-1.78%,2780800
EMR,2024-09-09,99.26,100.1514,98.9,99.58,1.39,+1.42%,2843000
EMR,2024-09-10,99.76,99.83,98.1,99.1,-0.48,-0.48%,3004700
EMR,2024-09-11,98.87,100.07,96.6201,99.91,0.81,+0.82%,2335500
EMR,2024-09-12,100.24,101.6,99.1409,101.47,1.56,+1.56%,3728800
EMR,2024-09-13,102,102.73,101.5285,102.03,0.56,+0.55%,2156700
EMR,2024-09-16,102.69,103.5,102.02,102.39,0.36,+0.35%,2361900
EMR,2024-09-17,102.81,104.58,102.81,103.9,1.51,+1.47%,3125700
EMR,2024-09-18,104.18,105.4,103.41,103.68,-0.22,-0.21%,2129800
EMR,2024-09-19,106.06,106.25,105.02,105.91,2.23,+2.15%,2748300
EMR,2024-09-20,105.23,105.89,104.275,105.16,-0.75,-0.71%,8125400
EMR,2024-09-23,105.74,106.46,104.555,105.05,-0.11,-0.10%,2428200
EMR,2024-09-24,106.25,108,106.045,106.34,1.29,+1.23%,2909100
EMR,2024-09-25,106.37,106.94,104.31,104.4,-1.94,-1.82%,2817200
EMR,2024-09-26,105.64,109.16,105.48,108.9,4.5,+4.31%,4063200
EMR,2024-09-27,109.47,110.46,108.87,109.22,0.32,+0.29%,3174200
EMR,2024-09-30,108.65,109.56,108.12,109.37,0.15,+0.14%,2917100
EMR,2024-10-01,109.19,110.24,108.51,109.26,-0.11,-0.10%,2823700
EMR,2024-10-02,109.26,110.99,108.95,110.47,1.21,+1.11%,3160400
EMR,2024-10-03,110.01,110.32,108.95,109.63,-0.84,-0.76%,3236600
EMR,2024-10-04,111.88,111.88,109.925,111.44,1.81,+1.65%,2082800
EMR,2024-10-07,110.66,112.77,110.35,112.52,1.08,+0.97%,2775900
EMR,2024-10-08,111.45,111.62,108.57,109.42,-3.1,-2.76%,2299500
EMR,2024-10-09,109.91,111.15,109.6,110.88,1.46,+1.33%,1531800
EMR,2024-10-10,110.79,111.28,109.8501,110.88,0,0.00%,1916200
EMR,2024-10-11,110.96,112.71,110.955,112.06,1.18,+1.06%,2113200
EMR,2024-10-14,112.06,112.75,111.45,112.64,0.58,+0.52%,1201900
EMR,2024-10-15,112.22,112.74,109.15,109.25,-3.39,-3.01%,2585800
EMR,2024-10-16,109.64,111.18,109.17,110.59,1.34,+1.23%,1656800
EMR,2024-10-17,111.27,111.27,109.87,110.45,-0.14,-0.13%,2099100
EMR,2024-10-18,110.99,110.99,109.79,110.44,-0.01,-0.01%,2124000
EMR,2024-10-21,110.51,110.81,109.6,110.41,-0.03,-0.03%,2077600
EMR,2024-10-22,108.9,110.01,108.55,109.48,-0.93,-0.84%,1536600
EMR,2024-10-23,108.72,109.58,107.91,108.51,-0.97,-0.89%,3743800
EMR,2024-10-24,108.65,108.67,107.445,108.26,-0.25,-0.23%,1845200
EMR,2024-10-25,108.67,109.0799,107.97,108.13,-0.13,-0.12%,1524100
EMR,2024-10-28,108.36,109.29,108.15,108.66,0.53,+0.49%,2150900
EMR,2024-10-29,108.26,109.67,107.78,108.91,0.25,+0.23%,1979400
EMR,2024-10-30,108.41,109.96,108.365,109.02,0.11,+0.10%,2345400
EMR,2024-10-31,108.54,109.45,107.82,108.27,-0.75,-0.69%,3097500
EMR,2024-11-01,108.3,109.37,108.05,108.46,0.19,+0.18%,1853600
EMR,2024-11-04,107.75,110.76,107.46,109.81,1.35,+1.24%,3434100
EMR,2024-11-05,115.75,119.61,115.38,117.67,7.86,+7.16%,7193800
EMR,2024-11-06,126.47,127.74,123.13,126.86,9.19,+7.81%,7129300
EMR,2024-11-07,126.2,127.38,124.46,127.19,0.33,+0.26%,3582400
EMR,2024-11-08,126.32,128.56,126.32,127.26,0.07,+0.06%,2748100
EMR,2024-11-11,126.12,130,126.12,129.2,1.94,+1.52%,3139100
EMR,2024-11-12,129.18,130.3,127.465,128.4,-0.8,-0.62%,3086000
EMR,2024-11-13,129,131.56,128.8,130.16,1.76,+1.37%,3125200
EMR,2024-11-14,129.77,130.75,128.92,129,-1.16,-0.89%,3694100
EMR,2024-11-15,128.46,129.12,126.53,126.78,-2.22,-1.72%,2672000
EMR,2024-11-18,126.93,129.47,126.83,129.16,2.38,+1.88%,3399100
EMR,2024-11-19,127.2,129.66,127.2,129.56,0.4,+0.31%,2729100
EMR,2024-11-20,130.1,130.57,128.49,129.1,-0.46,-0.36%,2277200
EMR,2024-11-21,129.03,130.1,128.07,128.27,-0.83,-0.64%,2810200
EMR,2024-11-22,128.69,130.6,128.21,130.07,1.8,+1.40%,2212800
EMR,2024-11-25,130.8,133.54,130.68,132.75,2.68,+2.06%,5740185
EMR,2024-11-26,132.95,134.17,132.3,133,0.25,+0.19%,3254760
EMR,2024-11-27,132.87,133.635,131.85,132.59,-0.41,-0.31%,1869300
EMR,2024-11-29,132.8,133.54,132.29,132.6,0.01,+0.01%,1531700
EMR,2024-12-02,133.5,134.05,132.61,133.77,1.17,+0.88%,2922000
EMR,2024-12-03,133.68,133.91,131.04,133.4,-0.37,-0.28%,3092000
EMR,2024-12-04,133.54,134.85,133.05,134.33,0.93,+0.70%,2632700
EMR,2024-12-05,134.16,134.45,132.75,133.15,-1.18,-0.88%,2377800
EMR,2024-12-06,133.53,133.77,130.84,130.98,-2.17,-1.63%,2628200
EMR,2024-12-09,131.28,132.71,130.32,130.43,-0.55,-0.42%,2859400
EMR,2024-12-10,129.71,130.38,128.0575,129.15,-1.28,-0.98%,2838400
EMR,2024-12-11,130.56,131.29,129.89,130.87,1.72,+1.33%,2305600
EMR,2024-12-12,130.91,132,130.2471,131.16,0.29,+0.22%,2310500
EMR,2024-12-13,131.36,131.94,129.65,130.2,-0.96,-0.73%,3097600
EMR,2024-12-16,129.98,130.58,128.7,130.19,-0.01,-0.01%,3206000
EMR,2024-12-17,129.69,130.43,127.54,128.08,-2.11,-1.62%,3604000
EMR,2024-12-18,127.63,127.724,121.88,122.38,-5.7,-4.45%,4162700
EMR,2024-12-19,124.22,125.38,122.15,122.35,-0.03,-0.02%,3272200
EMR,2024-12-20,121.25,124.755,121.09,124.09,1.74,+1.42%,10501900
EMR,2024-12-23,123.8,124.41,122.58,123.93,-0.16,-0.13%,2258800
EMR,2024-12-24,124.1,126.3,123.81,126.23,2.3,+1.86%,1243200
EMR,2024-12-26,126.11,126.83,125.22,126.39,0.16,+0.13%,1530200
EMR,2024-12-27,125.18,126.58,124.9,125.71,-0.68,-0.54%,1653500
EMR,2024-12-30,124.19,124.97,122.99,124.26,-1.45,-1.15%,2621000
EMR,2024-12-31,124.28,124.91,123.5,123.93,-0.33,-0.27%,2171500
EMR,2025-01-02,125.4,125.5,121.2414,122.18,-1.75,-1.41%,1837700
EMR,2025-01-03,122.61,123.565,121.78,123.44,1.26,+1.03%,1621100
EMR,2025-01-06,124.13,124.6051,121.75,122.09,-1.35,-1.09%,2311100
EMR,2025-01-07,122.57,123.68,119.78,120.68,-1.41,-1.15%,2622100
EMR,2025-01-08,120.5,120.5,118.59,120.3,-0.38,-0.31%,2562400
EMR,2025-01-10,118.44,119.1,117.22,117.94,-2.36,-1.96%,3736100
EMR,2025-01-13,116.73,118.6,116.5,118.47,0.53,+0.45%,2254800
EMR,2025-01-14,119.41,120.585,118.64,119.79,1.32,+1.11%,2074200
EMR,2025-01-15,122.07,122.5,120,120.72,0.93,+0.78%,2405500
EMR,2025-01-16,120.58,123.496,120.51,123.29,2.57,+2.13%,2872300
EMR,2025-01-17,124.6,125.405,123.7,124.53,1.24,+1.01%,4240100
EMR,2025-01-21,126.23,129.6,125.6253,129.48,4.95,+3.97%,4432800
EMR,2025-01-22,131.2,131.63,129.8001,129.94,0.46,+0.36%,2860500
EMR,2025-01-23,129.74,132.06,128.9236,131.17,1.23,+0.95%,4078300
EMR,2025-01-24,131.34,131.81,130.22,130.6,-0.57,-0.43%,2726200
EMR,2025-01-27,128,130,127.4,128.98,-1.62,-1.24%,4261800
EMR,2025-01-28,129.61,130.76,127.3,130,1.02,+0.79%,3647900
EMR,2025-01-29,130,130.53,128.74,128.85,-1.15,-0.88%,2188900
EMR,2025-01-30,129.7,131.71,129.08,130.44,1.59,+1.23%,2441400
EMR,2025-01-31,130.94,131.57,129.23,129.95,-0.49,-0.38%,4719000
EMR,2025-02-03,126.87,129.09,126.24,127.85,-2.1,-1.62%,3850900
EMR,2025-02-04,129.05,129.95,127.41,127.69,-0.16,-0.13%,3209900
EMR,2025-02-05,127.03,127.05,122.37,124.76,-2.93,-2.29%,4814800
EMR,2025-02-06,126.08,128,125.02,127.48,2.72,+2.18%,3931500
EMR,2025-02-07,128.24,128.24,123.79,124.37,-3.11,-2.44%,3012300
EMR,2025-02-10,125.62,126.8,124.85,126.75,2.38,+1.91%,2444400
EMR,2025-02-11,126.15,127.08,125.5,126.91,0.16,+0.13%,1920500
EMR,2025-02-12,124.71,125.62,123.9,124.5,-2.41,-1.90%,2078000
EMR,2025-02-13,124.52,125.3525,123.93,125.3,0.8,+0.64%,1951800
EMR,2025-02-14,125.27,125.5,123.08,123.34,-1.96,-1.56%,2151900
EMR,2025-02-18,124.3,125.6899,123.58,125.01,1.67,+1.35%,2296100
EMR,2025-02-19,124.3,124.55,122.94,124.43,-0.58,-0.46%,1781200
EMR,2025-02-20,124.45,124.8,122.96,124.75,0.32,+0.26%,1438900
EMR,2025-02-21,124.95,125.22,120.89,121.85,-2.9,-2.32%,2334300
EMR,2025-02-24,122.03,122.275,119.89,120.68,-1.17,-0.96%,2758800
EMR,2025-02-25,119.47,120.97,118.23,119.72,-0.96,-0.80%,2529100
EMR,2025-02-26,120.58,121.4,119.64,119.86,0.14,+0.12%,2173500
EMR,2025-02-27,120.37,122.13,119.89,120,0.14,+0.12%,2575400
EMR,2025-02-28,120.14,121.83,119.12,121.61,1.61,+1.34%,2590500
EMR,2025-03-03,122.84,123.03,116.4,117.17,-4.44,-3.65%,2585500
EMR,2025-03-04,115.12,116.67,112.63,114.03,-3.14,-2.68%,4194600
EMR,2025-03-05,114.74,116.6,113.69,115.84,1.81,+1.59%,2853800
EMR,2025-03-06,114.52,116.87,113.59,116.34,0.5,+0.43%,3488600
EMR,2025-03-07,115.33,118.9,114.9435,118.61,2.27,+1.95%,3987012
EMR,2025-03-10,113.1,115.15,110.8,111.83,-6.78,-5.72%,5156000
EMR,2025-03-11,112.13,112.24,109.02,110.72,-1.11,-0.99%,5095000
EMR,2025-03-12,112.46,113,110.4,110.84,0.12,+0.11%,2263600
EMR,2025-03-13,110.56,111.58,108.68,109.2,-1.64,-1.48%,2256800
EMR,2025-03-14,110.9,112.15,110.03,111.93,2.73,+2.50%,2058200
EMR,2025-03-17,112.1,114.32,111.41,113.59,1.66,+1.48%,2616800
EMR,2025-03-18,112.85,113.31,111.0445,111.85,-1.74,-1.53%,2724800
EMR,2025-03-19,111.89,112.95,110.9,112.39,0.54,+0.48%,4095300
EMR,2025-03-20,110.87,112.209,109.72,111.8,-0.59,-0.52%,3573700
EMR,2025-03-21,110.66,113.13,109.93,113.11,1.31,+1.17%,9228900
EMR,2025-03-24,114.59,115.7,114.3,115.37,2.26,+2.00%,2781900
EMR,2025-03-25,115.61,116.2462,114.58,115.3,-0.07,-0.06%,1656100
EMR,2025-03-26,115,116.11,113.03,113.59,-1.71,-1.48%,1986300
EMR,2025-03-27,113.6,113.61,111.32,112.08,-1.51,-1.33%,2719200
EMR,2025-03-28,111.57,111.85,108.1,108.64,-3.44,-3.07%,3085400
EMR,2025-03-31,107.97,110.25,106.499,109.64,1,+0.92%,3372700
EMR,2025-04-01,109.35,110.395,108.18,110,0.36,+0.33%,2490600
EMR,2025-04-02,108.34,111.99,108.26,111.54,1.54,+1.40%,2036400
EMR,2025-04-03,105.99,107.22,101.45,101.89,-9.65,-8.65%,3730300
EMR,2025-04-04,97.05,97.31,92.23,94.57,-7.32,-7.18%,5816500
EMR,2025-04-07,94,99.91,90.0553,96.97,2.4,+2.54%,6936800
EMR,2025-04-08,99.89,100.445,91.94,94.15,-2.82,-2.91%,4820000
EMR,2025-04-09,93.29,105.07,92.36,104.43,10.28,+10.92%,4978000
EMR,2025-04-10,101.53,102.32,96.01,99.73,-4.7,-4.50%,3565900
EMR,2025-04-11,99.19,101.35,97.61,100.49,0.76,+0.76%,3621100
EMR,2025-04-14,102.16,102.16,99.7436,101.04,0.55,+0.55%,3387900
EMR,2025-04-15,100.86,101.6429,99.88,100.44,-0.6,-0.59%,2972800
EMR,2025-04-16,99.52,100.36,97.7198,98.67,-1.77,-1.76%,2460300
EMR,2025-04-17,99.2,101.0479,99.2,99.57,0.9,+0.91%,2879100
EMR,2025-04-21,97.89,98.54,95.31,96.42,-3.15,-3.16%,2721600
EMR,2025-04-22,97.65,100.11,97.605,99.79,3.37,+3.50%,2797600
EMR,2025-04-23,103.31,106.79,100.79,101.07,1.28,+1.28%,3838100
EMR,2025-04-24,101.05,105.235,100.69,105.05,3.98,+3.94%,2762700
EMR,2025-04-25,104.62,105.97,104.52,105.28,0.23,+0.22%,2636000
EMR,2025-04-28,105.12,106.295,103.42,104.5,-0.78,-0.74%,2676500
EMR,2025-04-29,104.31,105.4,103.8,105.09,0.59,+0.56%,1635300
EMR,2025-04-30,103.89,105.33,102.84,105.11,0.02,+0.02%,3842200
EMR,2025-05-01,105.64,107.02,104.52,105.81,0.7,+0.67%,2687100
EMR,2025-05-02,108,109.39,106.51,108.32,2.51,+2.37%,2569900
EMR,2025-05-05,107.1,109.25,106.74,108.38,0.06,+0.06%,2551500
EMR,2025-05-06,107.06,108.555,106.53,107.27,-1.11,-1.02%,4424800
EMR,2025-05-07,114.96,115,108.37,109.86,2.59,+2.41%,5066100
EMR,2025-05-08,110.52,113.44,109.5272,112.38,2.52,+2.29%,3481400
EMR,2025-05-09,113.26,113.54,112,112.55,0.17,+0.15%,2581400
EMR,2025-05-12,118.73,120.14,117.01,119.41,6.86,+6.10%,4028400
EMR,2025-05-13,119.85,122.62,119.02,121.49,2.08,+1.74%,3944200
EMR,2025-05-14,121.35,122.235,121.1,121.47,-0.02,-0.02%,3305100
EMR,2025-05-15,120.93,121.246,119.59,120.25,-1.22,-1.00%,2496500
EMR,2025-05-16,120.2,120.71,119.31,120.61,0.36,+0.30%,2712200
EMR,2025-05-19,118.92,120.12,118.77,119.58,-1.03,-0.85%,2651800
EMR,2025-05-20,118.68,119.38,117.46,117.99,-1.59,-1.33%,2770700
EMR,2025-05-21,117.07,118.515,116.1,116.15,-1.84,-1.56%,2243600
EMR,2025-05-22,115.79,118.25,114.83,117.35,1.2,+1.03%,3058500
EMR,2025-05-23,114.95,118.44,114.91,118.24,0.89,+0.76%,4430900
EMR,2025-05-27,119.97,121.02,118.865,120.97,2.73,+2.31%,2591900
EMR,2025-05-28,121.25,121.49,119.38,119.74,-1.23,-1.02%,2372600
EMR,2025-05-29,120.48,120.62,118.87,119.92,0.18,+0.15%,1990200
EMR,2025-05-30,119.45,119.65,118.16,119.38,-0.54,-0.45%,4057100
EMR,2025-06-02,119.01,119.16,117.16,118.86,-0.52,-0.44%,2102100
EMR,2025-06-03,118.95,121.03,118.48,120.39,1.53,+1.29%,2626900
EMR,2025-06-04,121,122.1675,120.465,121.61,1.22,+1.01%,2481100
EMR,2025-06-05,122.38,123.67,121.56,122.5,0.89,+0.73%,2823400
EMR,2025-06-06,124.07,124.45,122.11,123.51,1.01,+0.82%,2668500
EMR,2025-06-09,124.18,126.48,124,125.6,2.09,+1.69%,3303700
EMR,2025-06-10,125.75,127.08,125.1701,126.94,1.34,+1.07%,3314700
EMR,2025-06-11,126.45,128,125.71,126.49,-0.45,-0.35%,3488600
EMR,2025-06-12,125.44,126.86,124.75,126.72,0.23,+0.18%,3605700
EMR,2025-06-13,125.91,126.94,125.25,125.54,-1.18,-0.93%,3368300
EMR,2025-06-16,127.26,128.9285,126.45,128.68,3.14,+2.50%,2853700
EMR,2025-06-17,128.13,128.87,127.35,127.37,-1.31,-1.02%,2788000
EMR,2025-06-18,127.17,130.07,127.018,128.66,1.29,+1.01%,2429500
EMR,2025-06-20,129.45,129.835,127.85,128.33,-0.33,-0.26%,5780100
EMR,2025-06-23,128.61,129.565,126.8,129.41,1.08,+0.84%,1901200
EMR,2025-06-24,130.29,131.33,129.64,130.73,1.32,+1.02%,2723000
EMR,2025-06-25,130.94,130.99,129.03,129.44,-1.29,-0.99%,2589400
EMR,2025-06-26,130.26,133.005,130.02,132.73,3.29,+2.54%,3019400
EMR,2025-06-27,133.41,134.15,132.33,133.17,0.44,+0.33%,4286900
EMR,2025-06-30,133.34,133.56,132.47,133.33,0.16,+0.12%,2277800
EMR,2025-07-01,132.94,135.96,132.6001,135.51,2.18,+1.64%,2724800
EMR,2025-07-02,135.87,138.12,134.66,137.79,2.28,+1.68%,2874500
EMR,2025-07-03,138.11,139.9,137.86,139.76,1.97,+1.43%,1475900
EMR,2025-07-07,139.07,139.66,137.5,138.4,-1.36,-0.97%,5800800
EMR,2025-07-08,138.9,139.65,138.32,138.73,0.33,+0.24%,3312500
EMR,2025-07-09,139.7,139.91,138.02,139.8,1.07,+0.77%,1939700
EMR,2025-07-10,140,142.32,139.59,140.67,0.87,+0.62%,2237600
EMR,2025-07-11,139.64,140.6207,139.07,140.1,-0.57,-0.41%,2107700
EMR,2025-07-14,139.6,140.07,138.915,139.9,-0.2,-0.14%,1636100
EMR,2025-07-15,140.84,141.1,139.28,139.69,-0.21,-0.15%,2311800
EMR,2025-07-16,140.05,140.86,138.43,140.3,0.61,+0.44%,3253600
EMR,2025-07-17,141,144.56,140.5,144.39,4.09,+2.92%,3394300
EMR,2025-07-18,144.97,145.28,143.5,144.23,-0.16,-0.11%,1918400
EMR,2025-07-21,144.94,144.94,142.86,142.91,-1.32,-0.92%,1986200
EMR,2025-07-22,143.04,144.94,141.9,144.34,1.43,+1.00%,2684500
EMR,2025-07-23,145.54,147.02,145.17,146.88,2.54,+1.76%,2996600
EMR,2025-07-24,146.78,147.57,146.1917,146.82,-0.06,-0.04%,3024500
EMR,2025-07-25,147.49,149.84,146.59,149.63,2.81,+1.91%,2594100
EMR,2025-07-28,149.51,149.83,148.755,149.48,-0.15,-0.10%,2528600
EMR,2025-07-29,150,150.27,146.14,147.61,-1.87,-1.25%,3428100
EMR,2025-07-30,147.65,147.65,145.23,146.06,-1.55,-1.05%,3815200
EMR,2025-07-31,146.16,147.25,144.95,145.51,-0.55,-0.38%,4561700
EMR,2025-08-01,142.11,142.475,139.82,141.78,-3.73,-2.56%,4078700
EMR,2025-08-04,142.49,143.1425,141.61,142.62,0.84,+0.59%,4189900
EMR,2025-08-05,142.6,143.14,139.37,140.57,-2.05,-1.44%,5765200
EMR,2025-08-06,130.79,134.39,123.71,133.93,-6.64,-4.72%,12875800
EMR,2025-08-07,135.75,135.985,131.0002,132.83,-1.1,-0.82%,5119800
EMR,2025-08-08,133.21,134.165,131.8,132.74,-0.09,-0.07%,2443600
EMR,2025-08-11,132.98,133.32,131.73,131.96,-0.78,-0.59%,2259100
EMR,2025-08-12,132.2,133.3642,131.14,132.95,0.99,+0.75%,3713800
EMR,2025-08-13,133.5,135.14,133.0301,135,2.05,+1.54%,3274200
EMR,2025-08-14,134.26,135.0635,132.8601,134.37,-0.63,-0.47%,3193300
EMR,2025-08-15,133.92,133.985,131.44,131.75,-2.62,-1.95%,3316400
EMR,2025-08-18,131.03,132.34,130.67,131.83,0.08,+0.06%,2781900
EMR,2025-08-19,132,132.83,130.55,131.59,-0.24,-0.18%,1714600
EMR,2025-08-20,131.24,132.0299,130.15,130.89,-0.7,-0.53%,2062200
EMR,2025-08-21,130.41,131.32,129.9,130.09,-0.8,-0.61%,3035700
EMR,2025-08-22,130.94,134.545,130.22,133.77,3.68,+2.83%,3643500
EMR,2025-08-25,133.78,134.135,132.38,132.38,-1.39,-1.04%,2123200
EMR,2025-08-26,132.35,133.51,132.2354,133.35,0.97,+0.73%,3381400
EMR,2025-08-27,132.97,133.81,132.55,133.45,0.1,+0.07%,2520300
EMR,2025-08-28,134,135.09,133.77,134.55,1.1,+0.82%,3487800
EMR,2025-08-29,133.72,134.65,131.63,132,-2.55,-1.90%,2345700
EMR,2025-09-02,130.27,131.41,129.08,131.38,-0.62,-0.47%,2771800
EMR,2025-09-03,131.35,131.355,128.64,129.5,-1.88,-1.43%,2059900
EMR,2025-09-04,129.95,133.14,129.565,133.1,3.6,+2.78%,2958700
EMR,2025-09-05,133.58,134.47,130.8009,132.55,-0.55,-0.41%,3207800
EMR,2025-09-08,133.17,133.82,131.65,132.73,0.18,+0.14%,2152300
EMR,2025-09-09,132.62,132.79,131.65,132.05,-0.68,-0.51%,1590300
EMR,2025-09-10,132.66,135.46,132.405,133.67,1.62,+1.23%,2499300
EMR,2025-09-11,134.01,137.68,133.15,137.47,3.8,+2.84%,2678600
EMR,2025-09-12,137.35,137.54,135.03,135.1,-2.37,-1.72%,1821800
EMR,2025-09-15,136.01,136.62,134.79,135.66,0.56,+0.41%,1770900
EMR,2025-09-16,131.58,132.87,128,129.03,-6.63,-4.89%,6082300
EMR,2025-09-17,129.52,132.52,129.2068,131,1.97,+1.53%,5106900
EMR,2025-09-18,131.56,132.5484,130.82,131.91,0.91,+0.69%,3261500
EMR,2025-09-19,132.13,132.66,130.83,132.34,0.43,+0.33%,3774100
EMR,2025-09-22,132.47,134,131.78,132.84,0.5,+0.38%,3109300
EMR,2025-09-23,133.39,133.55,130.67,131.46,-1.38,-1.04%,2634200
EMR,2025-09-24,132.88,133.24,130.845,131.92,0.46,+0.35%,3712600
EMR,2025-09-25,130.08,130.69,129.34,130.11,-1.81,-1.37%,1746600
EMR,2025-09-26,130.46,131.1,126.55,128.6,-1.51,-1.16%,6874700
EMR,2025-09-29,129.52,130.12,128.52,129.25,0.65,+0.51%,3018100
EMR,2025-09-30,129.26,131.27,128.91,131.18,1.93,+1.49%,3589100
EMR,2025-10-01,129.95,131.6299,129.57,131.19,0.01,+0.01%,1926500
EMR,2025-10-02,132.24,133.34,131.23,133.05,1.86,+1.42%,2424900
EMR,2025-10-03,133.27,135.8,133.15,134.76,1.71,+1.29%,2711900
EMR,2025-10-06,133.2,135.49,132.79,134.77,0.01,+0.01%,2218300
EMR,2025-10-07,135.77,135.77,130.89,131.49,-3.28,-2.43%,2625300
EMR,2025-10-08,132.22,134.035,130.85,132.94,1.45,+1.10%,1699000
EMR,2025-10-09,133.445,134.23,130.815,131.53,-1.41,-1.06%,1851000
EMR,2025-10-10,132.1,132.4,125.89,126.01,-5.52,-4.20%,2712900
EMR,2025-10-13,128.58,129.7271,127.655,128.18,2.17,+1.72%,2028800
EMR,2025-10-14,126,131.315,125.715,129.77,1.59,+1.24%,1981400
EMR,2025-10-15,131.15,132.4499,128.46,130.27,0.5,+0.39%,2636000
EMR,2025-10-16,130.94,131.45,128.44,128.89,-1.38,-1.06%,2430900
EMR,2025-10-17,128.4,129.855,128.01,129.28,0.39,+0.30%,1971800
EMR,2025-10-20,130.05,131.11,129.29,130.35,1.07,+0.83%,1813700
EMR,2025-10-21,129.98,133.07,129.265,132.17,1.82,+1.40%,1779500
EMR,2025-10-22,133.18,133.54,129.885,130.11,-2.06,-1.56%,1913300
EMR,2025-10-23,130.47,133.25,130.425,133.19,3.08,+2.37%,1800600
EMR,2025-10-24,134.21,134.5725,132.66,132.68,-0.51,-0.38%,1251100
EMR,2025-10-27,133.69,134.895,133.175,134.46,1.78,+1.34%,2325500
EMR,2025-10-28,134.85,135.865,133.8327,134.52,0.06,+0.04%,2525800
EMR,2025-10-29,134.74,137.82,134,136.43,1.91,+1.42%,3356700
EMR,2025-10-30,135.11,139.58,134.72,136.82,0.39,+0.29%,3160100
EMR,2025-10-31,136.61,140.28,136.445,139.57,2.75,+2.01%,4636900
EMR,2025-11-03,139.36,141.06,137.86,140.03,0.46,+0.33%,3373100
EMR,2025-11-04,137.78,139.5,137.13,137.74,-2.29,-1.64%,3866300
EMR,2025-11-05,129.49,135.33,128.51,132.45,-5.29,-3.84%,4780400
EMR,2025-11-06,131.47,134.13,131.28,131.49,-0.96,-0.72%,3634600
EMR,2025-11-07,130.01,131.33,128.48,129.49,-2.,-1.52%,4631000
EMR,2025-11-10,130.42,130.56,127.974,129.99,0.5,+0.39%,2509000
EMR,2025-11-11,130.23,131,129.26,129.53,-0.46,-0.35%,1689900
EMR,2025-11-12,130.62,134.04,130.21,132.44,2.91,+2.25%,2564900
EMR,2025-11-13,131.42,132.695,127.89,128.46,-3.98,-3.01%,2346900
EMR,2025-11-14,126.76,129.37,125.79,127.58,-0.88,-0.69%,1955400
EMR,2025-11-17,127.22,129.9,126.68,126.93,-0.65,-0.51%,2827200
EMR,2025-11-18,126.16,127.84,125.83,126.75,-0.18,-0.14%,2235800
EMR,2025-11-19,126.66,128.98,126.51,128.17,1.42,+1.12%,2349100
EMR,2025-11-20,129.96,131.19,123.38,123.72,-4.45,-3.47%,2930200
EMR,2025-11-21,124.1,129.35,123.6701,128.22,4.5,+3.64%,3667800
EMR,2025-11-24,128.88,130.21,127.24,128.62,0.4,+0.31%,2982700
EMR,2025-11-25,128.94,132.39,128.63,130.9,2.28,+1.77%,2357400
EMR,2025-11-26,131.52,132.38,130.82,131.44,0.54,+0.41%,1484400
EMR,2025-11-28,131.81,133.86,131.81,133.38,1.94,+1.48%,1135900
EMR,2025-12-01,132.17,133.78,131.87,131.94,-1.44,-1.08%,2517900
EMR,2025-12-02,132.5,132.6,130.23,131.84,-0.1,-0.08%,2049700
EMR,2025-12-03,131.99,135.1,131,134.89,3.05,+2.31%,2008900
EMR,2025-12-04,134.9,137.03,134.54,136.64,1.75,+1.30%,2675300
EMR,2025-12-05,136.34,138.09,136,137.39,0.75,+0.55%,1578700
EMR,2025-12-08,137.71,137.71,135.5375,135.93,-1.46,-1.06%,2541100
EMR,2025-12-09,135.49,136.89,135.23,135.25,-0.68,-0.50%,1646400
EMR,2025-12-10,134.04,137.58,134.04,137.01,1.76,+1.30%,2651300
EMR,2025-12-11,137,140.85,137,139.57,2.56,+1.87%,2281500
EMR,2025-12-12,139.83,140.26,136.245,136.64,-2.93,-2.10%,2240100
EMR,2025-12-15,138,138.14,136.52,137.26,0.62,+0.45%,2074400
EMR,2025-12-16,137.36,137.615,133.671,134.09,-3.17,-2.31%,3156400
EMR,2025-12-17,134.3,135.31,130.5,131.64,-2.45,-1.83%,3510200
EMR,2025-12-18,133.45,134.37,131.55,131.6,-0.04,-0.03%,2309800
EMR,2025-12-19,131.79,133.27,131.45,132.98,1.38,+1.05%,6229300
EMR,2025-12-22,134.2,135.75,133.65,134.99,2.01,+1.51%,2019100
EMR,2025-12-23,134.81,136.17,134.3987,135.49,0.5,+0.37%,1815900
EMR,2025-12-24,135.46,137.25,135.46,136.3,0.81,+0.60%,916000
EMR,2025-12-26,136.14,136.237,135.1233,135.71,-0.59,-0.43%,740000
EMR,2025-12-29,135.31,136.23,135,135.22,-0.49,-0.36%,1006400
EMR,2025-12-30,135.01,135.95,134.5,135.29,0.07,+0.05%,2246300
EMR,2025-12-31,135.35,135.51,132.65,132.72,-2.57,-1.90%,1895000
EMR,2026-01-02,133.23,136.39,132.68,135.82,3.1,+2.34%,1889400
EMR,2026-01-05,138.08,144.37,138,142.85,7.03,+5.18%,5453400
EMR,2026-01-06,142.45,146.19,142.105,145.62,2.77,+1.94%,2980900
EMR,2026-01-07,145.77,146.3,142.13,142.15,-3.47,-2.38%,2780800
EMR,2026-01-08,142.1,144.11,141.4101,143.85,1.7,+1.20%,2594700
EMR,2026-01-09,143.15,144.72,142.02,144.2,0.35,+0.24%,2509400
EMR,2026-01-12,143.54,145.91,143.05,145.36,1.16,+0.80%,2267200
EMR,2026-01-13,146.04,147.44,145.46,146.35,0.99,+0.68%,3821200
EMR,2026-01-14,145.93,148.4199,145.88,148.15,1.8,+1.23%,4139800
EMR,2026-01-15,150.01,151.34,147.72,148.02,-0.13,-0.09%,3013800
EMR,2026-01-16,148.95,150.57,148.6,149.46,1.44,+0.97%,3438500
EMR,2026-01-20,148,148.7,144,145.22,-4.24,-2.84%,2725400
EMR,2026-01-21,146.85,150.55,145.87,149.57,4.35,+3.00%,2396400
EMR,2026-01-22,150.82,151.74,149.32,150.26,0.69,+0.46%,2061200
EMR,2026-01-23,149.76,151.375,147.67,147.68,-2.58,-1.72%,3027600
EMR,2026-01-26,148.29,149.59,147.69,149.13,1.45,+0.98%,1912500
EMR,2026-01-27,148,148.7475,147.1394,147.67,-1.46,-0.98%,2543300
EMR,2026-01-28,147.61,149.69,146.42,148.42,0.75,+0.51%,3351600
EMR,2026-01-29,149.9,152.5,148.535,150.72,2.3,+1.55%,3544900
EMR,2026-01-30,148.78,151.195,146.01,146.96,-3.76,-2.49%,4716900
EMR,2026-02-02,147.4,149.19,147.06,148.63,1.67,+1.14%,4534300
EMR,2026-02-03,150,154.04,149.545,152.1,3.47,+2.33%,4908900
EMR,2026-02-04,159.47,160.13,154.4,157.32,5.22,+3.43%,9706600
EMR,2026-02-05,154.61,156.01,150.055,150.94,-6.38,-4.06%,5617200
EMR,2026-02-06,152.79,157.515,152.29,157.38,6.44,+4.27%,3400800
EMR,2026-02-09,157.53,161.025,157.085,160.01,2.63,+1.67%,3058300
EMR,2026-02-10,160.2,163.54,159.95,161.69,1.68,+1.05%,3171100
EMR,2026-02-11,163.3,165.15,154.5,154.67,-7.02,-4.34%,7595400
EMR,2026-02-12,155.74,158.03,144.85,144.98,-9.69,-6.26%,9898000
EMR,2026-02-13,145.7,148.99,144.1,148.13,3.15,+2.17%,5181300
EMR,2026-02-17,146.45,150.17,145,148.85,0.72,+0.49%,4608300
EMR,2026-02-18,150.21,153.42,149.33,151.14,2.29,+1.54%,3699400
EMR,2026-02-19,151,152.25,150.43,151.3,0.16,+0.11%,2253900
EMR,2026-02-20,150.06,152.245,146.38,148.62,-2.68,-1.77%,3140200
EMR,2026-02-23,147.33,148.6003,143.8,145.51,-3.11,-2.09%,2446500
EMR,2026-02-24,146.01,151.43,145.47,150.88,5.37,+3.69%,2927700
EMR,2026-02-25,151.36,151.64,146.8,148.44,-2.44,-1.62%,2418800
EMR,2026-02-26,149.48,152.8,148.155,152.72,4.28,+2.88%,2676500
EMR,2026-02-27,150.06,151.56,147.85,150.75,-1.97,-1.29%,2904600
EMR,2026-03-02,148,152.8,147.98,152.08,1.33,+0.88%,2504600
EMR,2026-03-03,147.53,148.885,144.86,146.57,-5.51,-3.62%,2915600
EMR,2026-03-04,147.29,148.3,144.01,145.21,-1.36,-0.93%,2660100
EMR,2026-03-05,143,144.415,140.595,142.22,-2.99,-2.06%,3889800
EMR,2026-03-06,138.94,140,137.83,138.36,-3.86,-2.71%,2061122
EMR,2026-03-09,135.97,141.45,134.65,141.12,2.76,+1.99%,3148900
EMR,2026-03-10,141.4,142.845,140.02,140.1,-1.02,-0.72%,3156400
EMR,2026-03-11,139.64,139.75,137.2,139.57,-0.53,-0.38%,2043900
EMR,2026-03-12,137.56,138.1436,131.61,132.18,-7.39,-5.29%,3356800
EMR,2026-03-13,133.41,134.775,131.82,132.24,0.06,+0.05%,3531400
EMR,2026-03-16,133.65,134.64,131.905,133.09,0.85,+0.64%,2352700
EMR,2026-03-17,133.78,134.47,130.01,132.49,-0.6,-0.45%,3407400
EMR,2026-03-18,132.01,132.91,129.64,129.88,-2.61,-1.97%,1997400
EMR,2026-03-19,127.65,130.82,125.95,129.9,0.02,+0.02%,3141700
EMR,2026-03-20,129.61,130.345,126.62,128.15,-1.75,-1.35%,3352900
EMR,2026-03-23,129.44,133.44,128.735,129.83,1.68,+1.31%,4006400
EMR,2026-03-24,127.74,131,127.24,130.15,0.32,+0.25%,2950500
EMR,2026-03-25,132.46,132.52,129.44,130.86,0.71,+0.55%,3087700
EMR,2026-03-26,129.16,130.52,125.97,126.31,-4.55,-3.48%,2484400
EMR,2026-03-27,124.625,127.625,123.42,125.4,-0.91,-0.72%,3474800
EMR,2026-03-30,126.64,126.83,122.635,123.3,-2.1,-1.67%,2986600
EMR,2026-03-31,126.16,131.26,125.3,131.02,7.72,+6.26%,5004300
EMR,2026-04-01,132.15,134.4,131.44,132.37,1.35,+1.03%,2898500
EMR,2026-04-02,128.74,133.25,128.315,131.7,-0.67,-0.51%,2562600
EMR,2026-04-06,130.97,132.82,130.4075,132.66,0.96,+0.73%,2897800
EMR,2026-04-07,131.75,134.91,131.43,134.64,1.98,+1.49%,3030300
EMR,2026-04-08,141.36,145,140.22,142.66,8.02,+5.96%,4870000
EMR,2026-04-09,142.435,145.41,142.435,144.67,2.01,+1.41%,2344300
EMR,2026-04-10,145.64,145.77,143.67,143.77,-0.9,-0.62%,2029600
EMR,2026-04-13,143.41,144.5,141.88,144.46,0.69,+0.48%,2606900
EMR,2026-04-14,145.43,145.871,143.24,144.56,0.1,+0.07%,1986000
EMR,2026-04-15,143.38,144.4,140.13,140.4,-4.16,-2.88%,2566200
EMR,2026-04-16,140.68,141.76,139.355,140.37,-0.03,-0.02%,3274000
EMR,2026-04-17,142.555,147.375,142.555,146.35,5.98,+4.26%,3831000
EMR,2026-04-20,145.45,147.075,144.98,146.77,0.42,+0.29%,2223100
EMR,2026-04-21,147.06,148.49,144.305,144.83,-1.94,-1.32%,1706800
EMR,2026-04-22,146.35,147.03,142.55,142.77,-2.06,-1.42%,2261700
EMR,2026-04-23,142,143.155,139.49,142.44,-0.33,-0.23%,2660900
EMR,2026-04-24,142.37,142.48,140.2079,141.35,-1.09,-0.77%,2455300
ENGN,2023-11-01,17.91,43,17.89,20,-121.35,-85.85%,56700
ENGN,2023-11-02,25.14,27.99,18.5,19,-1.,-5.00%,91800
ENGN,2023-11-03,17.8,19.52,11.95,13.11,-5.89,-31.00%,75700
ENGN,2023-11-06,13.76,14,9.05,10.19,-2.92,-22.27%,73600
ENGN,2023-11-07,9.8,9.8,8.03,9.5,-0.69,-6.77%,66300
ENGN,2023-11-08,9.5,9.5,8.47,8.5,-1.,-10.53%,20700
ENGN,2023-11-09,8.25,9.86,8.25,8.8,0.3,+3.53%,38400
ENGN,2023-11-10,8.63,9.9299,8.11,8.4,-0.4,-4.55%,53000
ENGN,2023-11-13,8.23,9.15,6.7,8.85,0.45,+5.36%,41300
ENGN,2023-11-14,8.01,8.98,7.75,8,-0.85,-9.60%,47300
ENGN,2023-11-15,8.12,8.295,7.3825,8.0201,0.0201,+0.25%,42000
ENGN,2023-11-16,7.61,8.72,7.53,7.84,-0.1801,-2.25%,18800
ENGN,2023-11-17,8,8.4899,7.65,7.65,-0.19,-2.42%,12900
ENGN,2023-11-20,8.1,8.48,7.88,8.46,0.81,+10.59%,6500
ENGN,2023-11-21,7.86,8,7.21,8,-0.46,-5.44%,2000
ENGN,2023-11-22,7.625,7.8001,7.5455,7.8001,-0.1999,-2.50%,1200
ENGN,2023-11-24,8.29,8.29,7.9,7.9,0.0999,+1.28%,700
ENGN,2023-11-27,7.65,8.41,7.06,7.97,0.07,+0.89%,17000
ENGN,2023-11-28,7.94,14.85,7.67,8.98,1.01,+12.67%,312600
ENGN,2023-11-29,8.9,9.07,7.7451,7.98,-1.,-11.14%,28700
ENGN,2023-11-30,7.59,8.35,7.59,7.66,-0.32,-4.01%,8400
ENGN,2023-12-01,6.82,7.76,6.75,7.5,-0.16,-2.09%,20600
ENGN,2023-12-04,7.66,12.36,7.6101,12.31,4.81,+64.13%,734200
ENGN,2023-12-05,12.35,13.18,11.2,11.7,-0.61,-4.96%,349700
ENGN,2023-12-06,10.76,11.3999,9.16,10.3301,-1.3699,-11.71%,147900
ENGN,2023-12-07,9.07,9.6645,7.11,7.41,-2.9201,-28.27%,222900
ENGN,2023-12-08,7.49,7.74,7.1459,7.25,-0.16,-2.16%,66900
ENGN,2023-12-11,7.03,7.4,6.69,7.12,-0.13,-1.79%,33000
ENGN,2023-12-12,6.71,7.3,6.71,7.29,0.17,+2.39%,20000
ENGN,2023-12-13,7.21,7.93,6.91,6.95,-0.34,-4.66%,44900
ENGN,2023-12-14,7.26,7.93,7.2,7.3819,0.4319,+6.21%,20400
ENGN,2023-12-15,7.6,7.6,7.3525,7.39,0.0081,+0.11%,6500
ENGN,2023-12-18,7.22,7.5,7.05,7.05,-0.34,-4.60%,8700
ENGN,2023-12-19,7.1,7.56,6.8501,7.48,0.43,+6.10%,30400
ENGN,2023-12-20,7.05,7.52,7.05,7.13,-0.35,-4.68%,5100
ENGN,2023-12-21,6.92,7.45,6.69,7.23,0.1,+1.40%,22000
ENGN,2023-12-22,6.93,7.3,6.92,6.92,-0.31,-4.29%,7300
ENGN,2023-12-26,6.74,7.1,6.69,7.1,0.18,+2.60%,3500
ENGN,2023-12-27,7.06,7.4439,7,7.34,0.24,+3.38%,16100
ENGN,2023-12-28,7.43,8.3699,7.34,8.11,0.77,+10.49%,25800
ENGN,2023-12-29,8.3,9.39,8.3,9.23,1.12,+13.81%,32300
ENGN,2024-01-02,8.64,9.95,8.5266,9.16,-0.07,-0.76%,32000
ENGN,2024-01-03,8.8,9.65,8.1081,9.21,0.05,+0.55%,15900
ENGN,2024-01-04,8.75,9.173,7.12,7.12,-2.09,-22.69%,10200
ENGN,2024-01-05,7.78,8.8907,7.43,7.55,0.43,+6.04%,18400
ENGN,2024-01-08,7.5,7.8842,7.4,7.4,-0.15,-1.99%,4300
ENGN,2024-01-09,7.35,8.4966,7.35,8.16,0.76,+10.27%,7300
ENGN,2024-01-10,7.75,8.22,7.75,8.22,0.06,+0.74%,1100
ENGN,2024-01-11,7.97,8.06,7.3,8.06,-0.16,-1.95%,5700
ENGN,2024-01-12,7.41,8.24,7.36,7.85,-0.21,-2.61%,11900
ENGN,2024-01-16,7.85,7.85,7.4001,7.57,-0.28,-3.57%,2300
ENGN,2024-01-17,7.25,8.1132,7.2158,7.5,-0.07,-0.92%,6300
ENGN,2024-01-18,7.49,8,7.3,8,0.5,+6.67%,5400
ENGN,2024-01-19,7.55,7.55,7.5,7.55,-0.45,-5.63%,1500
ENGN,2024-01-22,7.79,7.79,7.1,7.5,-0.05,-0.66%,3100
ENGN,2024-01-23,7.2,7.67,7.2,7.22,-0.28,-3.73%,8000
ENGN,2024-01-24,7.3,7.89,7.3,7.88,0.66,+9.14%,5300
ENGN,2024-01-25,7.51,8.58,7.51,7.6,-0.28,-3.55%,15000
ENGN,2024-01-26,7.75,7.955,7.7,7.71,0.11,+1.45%,8100
ENGN,2024-01-29,7.9,8.074,7.9,8.074,0.364,+4.72%,1200
ENGN,2024-01-30,8.07,8.12,7.5,7.5,-0.574,-7.11%,4800
ENGN,2024-01-31,7.5301,7.84,7.5301,7.84,0.34,+4.53%,800
ENGN,2024-02-01,8.44,8.44,8.44,8.44,0.6,+7.65%,900
ENGN,2024-02-02,7.76,8,7.75,7.75,-0.69,-8.18%,3400
ENGN,2024-02-05,7.8454,8,7.7686,7.99,0.24,+3.10%,9200
ENGN,2024-02-06,7.99,8,7.62,7.8,-0.19,-2.38%,8500
ENGN,2024-02-07,7.9999,7.9999,7.6,7.6,-0.2,-2.56%,2800
ENGN,2024-02-08,7.89,7.95,7.5232,7.95,0.35,+4.61%,4100
ENGN,2024-02-09,7.9,7.95,7.6,7.93,-0.02,-0.25%,8400
ENGN,2024-02-12,7.95,7.95,7.72,7.72,-0.21,-2.65%,1900
ENGN,2024-02-13,7.625,7.85,7.3065,7.62,-0.1,-1.30%,2700
ENGN,2024-02-14,13.75,16.81,12.08,16.5,8.88,+116.54%,867100
ENGN,2024-02-15,16.5,16.5,14.25,15.7,-0.8,-4.85%,165700
ENGN,2024-02-16,15.7,16.46,14.785,16.15,0.45,+2.87%,73700
ENGN,2024-02-20,16.5,17.13,14.5,15.19,-0.96,-5.94%,90000
ENGN,2024-02-21,15.19,16.32,15.19,15.5,0.31,+2.04%,54800
ENGN,2024-02-22,15.2,16.0999,14.95,15.84,0.34,+2.19%,83300
ENGN,2024-02-23,15.36,16.45,15.05,15.05,-0.79,-4.99%,70000
ENGN,2024-02-26,15.05,15.74,14.49,15.59,0.54,+3.59%,83900
ENGN,2024-02-27,15.01,15.61,14.83,15.31,-0.28,-1.80%,57200
ENGN,2024-02-28,15.01,16.23,15.01,15.89,0.58,+3.79%,66200
ENGN,2024-02-29,15.75,15.75,13.26,14.75,-1.14,-7.17%,49000
ENGN,2024-03-01,14.51,15.5,14.2501,15.47,0.72,+4.88%,63200
ENGN,2024-03-04,15.22,16.61,14.7601,16.25,0.78,+5.04%,26400
ENGN,2024-03-05,16.34,16.5,16.03,16.5,0.25,+1.54%,9100
ENGN,2024-03-06,16,16.6989,15.49,16.01,-0.49,-2.97%,36900
ENGN,2024-03-07,15.75,16.344,15.43,15.99,-0.02,-0.12%,12100
ENGN,2024-03-08,16.79,16.99,15.735,16.01,0.02,+0.13%,84100
ENGN,2024-03-11,15.9,16.53,15.2,16.53,0.52,+3.25%,31300
ENGN,2024-03-12,16.4,16.79,16.1,16.79,0.26,+1.57%,6700
ENGN,2024-03-13,16.51,16.78,16.0639,16.78,-0.01,-0.06%,26300
ENGN,2024-03-14,16.52,16.76,16.0001,16.68,-0.1,-0.60%,41800
ENGN,2024-03-15,16.43,17,15.87,16.85,0.17,+1.02%,102100
ENGN,2024-03-18,17,17.89,16.51,17.55,0.7,+4.15%,30800
ENGN,2024-03-19,17.49,18.16,17.32,18,0.45,+2.56%,24200
ENGN,2024-03-20,17.955,18,17.3556,17.8,-0.2,-1.11%,114300
ENGN,2024-03-21,17.7,17.85,17.52,17.8,0,0.00%,15500
ENGN,2024-03-22,17.8,18.075,17.525,17.98,0.18,+1.01%,87600
ENGN,2024-03-25,17.72,18.24,17.645,18.24,0.26,+1.45%,34600
ENGN,2024-03-26,18.16,18.4,17.12,18,-0.24,-1.32%,41000
ENGN,2024-03-27,18.16,18.16,16.501,17.24,-0.76,-4.22%,53300
ENGN,2024-03-28,17.75,17.75,15.14,16.95,-0.29,-1.68%,35000
ENGN,2024-04-01,17.35,17.5426,16.59,16.89,-0.06,-0.35%,8800
ENGN,2024-04-02,16.28,17.05,16.28,16.9,0.01,+0.06%,17600
ENGN,2024-04-03,17.1,17.1,16.15,16.54,-0.36,-2.13%,40200
ENGN,2024-04-04,15.74,17.1,15.74,16.4,-0.14,-0.85%,32800
ENGN,2024-04-05,15.97,16.755,15.97,16.47,0.07,+0.43%,22400
ENGN,2024-04-08,16.46,16.75,16.01,16.27,-0.2,-1.21%,19000
ENGN,2024-04-09,15.82,16.6,14.08,16.19,-0.08,-0.49%,86700
ENGN,2024-04-10,16.02,16.67,15.76,15.76,-0.43,-2.66%,83500
ENGN,2024-04-11,16,16.36,15.86,16.28,0.52,+3.30%,34200
ENGN,2024-04-12,16,16.04,14.08,15.4006,-0.8794,-5.40%,44500
ENGN,2024-04-15,15.4,16,14.69,15.79,0.3894,+2.53%,52800
ENGN,2024-04-16,15.5,15.75,15,15.6,-0.19,-1.20%,18700
ENGN,2024-04-17,15.6,15.75,15.2,15.74,0.14,+0.90%,17600
ENGN,2024-04-18,15.34,15.41,13.49,14.17,-1.57,-9.97%,45400
ENGN,2024-04-19,14.45,15,14.45,14.8494,0.6794,+4.79%,10300
ENGN,2024-04-22,15.49,15.49,14.5,14.8,-0.0494,-0.33%,65800
ENGN,2024-04-23,15,15.375,14.8,15.26,0.46,+3.11%,51300
ENGN,2024-04-24,15,15.04,14.5006,14.75,-0.51,-3.34%,36300
ENGN,2024-04-25,14.96,15.19,14.55,14.72,-0.03,-0.20%,48400
ENGN,2024-04-26,14.92,15.5,14,15.5,0.78,+5.30%,113400
ENGN,2024-04-29,15.24,16.6189,15.24,15.7,0.2,+1.29%,172100
ENGN,2024-04-30,15.5,16.508,15.5,15.9,0.2,+1.27%,30400
ENGN,2024-05-01,15.46,16.25,15.435,15.89,-0.01,-0.06%,18400
ENGN,2024-05-02,16.21,16.21,15.15,15.32,-0.57,-3.59%,132000
ENGN,2024-05-03,15.49,16,14.52,15.51,0.19,+1.24%,222500
ENGN,2024-05-06,15.45,15.7416,14.8206,15.49,-0.02,-0.13%,741900
ENGN,2024-05-07,15.5,15.5,14.5,14.93,-0.56,-3.62%,315600
ENGN,2024-05-08,14.97,15,14.48,14.52,-0.41,-2.75%,20900
ENGN,2024-05-09,14.22,14.67,14.22,14.4,-0.12,-0.83%,8300
ENGN,2024-05-10,14.5,14.5,13.99,14.23,-0.17,-1.18%,3300
ENGN,2024-05-13,14.25,14.365,14.125,14.23,0,0.00%,4600
ENGN,2024-05-14,14.04,14.24,14,14.24,0.01,+0.07%,2400
ENGN,2024-05-15,14.24,14.24,12.9177,13.62,-0.62,-4.35%,6300
ENGN,2024-05-16,13.95,14.19,13.65,14.19,0.57,+4.19%,2000
ENGN,2024-05-17,13.84,13.84,12.85,12.98,-1.21,-8.53%,6000
ENGN,2024-05-20,12.88,13.01,12.21,12.67,-0.31,-2.39%,6900
ENGN,2024-05-21,12.67,13.28,12.67,13.27,0.6,+4.74%,2700
ENGN,2024-05-22,12.97,13.22,12.515,13.22,-0.05,-0.38%,10900
ENGN,2024-05-23,13.21,13.24,13,13.14,-0.08,-0.61%,1500
ENGN,2024-05-24,12.87,13,12.37,12.86,-0.28,-2.13%,6400
ENGN,2024-05-28,12.23,12.57,12.23,12.57,-0.29,-2.26%,800
ENGN,2024-05-29,12.47,12.74,12.35,12.74,0.17,+1.35%,1300
ENGN,2024-05-30,12.49,12.8,10.5,10.5,-2.24,-17.58%,57600
ENGN,2024-05-31,10.5,12,8.5,8.79,-1.71,-16.29%,127500
ENGN,2024-06-03,9.74,11,7.45,8,-0.79,-8.99%,297300
ENGN,2024-06-04,8.14,8.92,7.2501,7.7,-0.3,-3.75%,39400
ENGN,2024-06-05,8.07,8.11,6.91,7.95,0.25,+3.25%,35300
ENGN,2024-06-06,7.863,8.04,7.62,7.865,-0.085,-1.07%,2000
ENGN,2024-06-07,7.86,8.65,7.86,8.5,0.635,+8.07%,440300
ENGN,2024-06-10,8.17,8.594,7.7001,7.91,-0.59,-6.94%,50400
ENGN,2024-06-11,8.6,8.75,7.9,8.74,0.83,+10.49%,318500
ENGN,2024-06-12,8.62,10.76,8.615,9.9,1.16,+13.27%,271700
ENGN,2024-06-13,9.97,10.3491,9.79,10,0.1,+1.01%,86700
ENGN,2024-06-14,10.57,10.57,8.1,9,-1.,-10.00%,410500
ENGN,2024-06-17,8.65,9.08,8.52,8.65,-0.35,-3.89%,212500
ENGN,2024-06-18,8.5,8.755,7.9,8.36,-0.29,-3.35%,11000
ENGN,2024-06-20,8.39,9.33,8.1,8.71,0.35,+4.19%,58200
ENGN,2024-06-21,8.49,9.71,8.49,9,0.29,+3.33%,25200
ENGN,2024-06-24,8.94,9.388,8,8.13,-0.87,-9.67%,116900
ENGN,2024-06-25,8.31,8.32,7.61,8.1,-0.03,-0.37%,27700
ENGN,2024-06-26,7.92,8.98,7.62,8,-0.1,-1.23%,126000
ENGN,2024-06-27,8.42,9.43,8.14,8.97,0.97,+12.13%,94300
ENGN,2024-06-28,8.98,9.7,8.5423,9.43,0.46,+5.13%,55500
ENGN,2024-07-01,9.5,9.52,8.51,9.05,-0.38,-4.03%,80500
ENGN,2024-07-02,8.86,9.51,8.73,8.99,-0.06,-0.66%,76800
ENGN,2024-07-03,9.4162,9.585,8.21,8.99,0,0.00%,313900
ENGN,2024-07-05,9.1,9.645,8.31,9.15,0.16,+1.78%,183000
ENGN,2024-07-08,9.53,9.8476,8.6701,9,-0.15,-1.64%,242000
ENGN,2024-07-09,9.06,9.44,8.7,9.02,0.02,+0.22%,141900
ENGN,2024-07-10,9.02,9.395,8.8229,9,-0.02,-0.22%,121000
ENGN,2024-07-11,9.05,9.8,8.8,9,0,0.00%,625800
ENGN,2024-07-12,9.03,9.8157,8.5001,9.07,0.07,+0.78%,195000
ENGN,2024-07-15,8.93,9.43,8.795,9,-0.07,-0.77%,108400
ENGN,2024-07-16,9.01,9.4,8.66,9.01,0.01,+0.11%,55900
ENGN,2024-07-17,8.93,9.1555,8.7528,9.07,0.06,+0.67%,75900
ENGN,2024-07-18,9.07,9.3,8.744,8.95,-0.12,-1.32%,35400
ENGN,2024-07-19,8.9,9.25,8.71,8.99,0.04,+0.45%,73600
ENGN,2024-07-22,8.99,9.27,7.91,8.81,-0.18,-2.00%,189200
ENGN,2024-07-23,8.77,9.05,8.0101,8.68,-0.13,-1.48%,74200
ENGN,2024-07-24,8.9,9.25,8.28,8.65,-0.03,-0.35%,200600
ENGN,2024-07-25,8.97,10.69,8.7,9,0.35,+4.05%,136900
ENGN,2024-07-26,9.05,9.75,8.5201,9,0,0.00%,101200
ENGN,2024-07-29,8.72,9.494,8.63,9.05,0.05,+0.56%,57800
ENGN,2024-07-30,8.91,9.6022,8.55,8.95,-0.1,-1.10%,445800
ENGN,2024-07-31,8.76,10.25,8.76,9.5,0.55,+6.15%,128900
ENGN,2024-08-01,9.56,10.1846,8.71,8.81,-0.69,-7.26%,593400
ENGN,2024-08-02,8.63,9.4712,8.07,8.38,-0.43,-4.88%,79700
ENGN,2024-08-05,8.01,8.32,7.46,8.05,-0.33,-3.94%,66400
ENGN,2024-08-06,7.93,8.5,7.51,7.75,-0.3,-3.73%,222000
ENGN,2024-08-07,7.82,7.82,6.855,7.03,-0.72,-9.29%,144400
ENGN,2024-08-08,7.07,7.4284,6.6101,7.1,0.07,+1.00%,52200
ENGN,2024-08-09,7.02,7.1,6.3699,6.61,-0.49,-6.90%,275400
ENGN,2024-08-12,6.65,7,6.41,6.6,-0.01,-0.15%,75200
ENGN,2024-08-13,6.61,6.8,6,6.11,-0.49,-7.42%,217300
ENGN,2024-08-14,6.08,6.68,5.1,5.45,-0.66,-10.80%,152500
ENGN,2024-08-15,5.51,6.2,5.51,5.9,0.45,+8.26%,62400
ENGN,2024-08-16,5.89,6.22,5.5,6.09,0.19,+3.22%,10900
ENGN,2024-08-19,6.02,6.2,5.01,5.31,-0.78,-12.81%,78100
ENGN,2024-08-20,5.49,5.62,4.9379,5.26,-0.05,-0.94%,403500
ENGN,2024-08-21,5.23,6.15,5.23,6.15,0.89,+16.92%,53900
ENGN,2024-08-22,6.09,6.53,5.45,6.06,-0.09,-1.46%,71900
ENGN,2024-08-23,6.22,7,5.94,6.42,0.36,+5.94%,43200
ENGN,2024-08-26,6.5,7,6.115,6.48,0.06,+0.93%,37700
ENGN,2024-08-27,6.49,6.81,6.13,6.53,0.05,+0.77%,42200
ENGN,2024-08-28,6.95,7.27,6.045,6.52,-0.01,-0.15%,68400
ENGN,2024-08-29,6.85,7.416,6.5,6.58,0.06,+0.92%,25600
ENGN,2024-08-30,6.56,6.98,6.3401,6.98,0.4,+6.08%,42500
ENGN,2024-09-03,7,7.07,6.72,6.72,-0.26,-3.72%,50800
ENGN,2024-09-04,6.77,6.98,6.465,6.61,-0.11,-1.64%,52400
ENGN,2024-09-05,6.72,6.85,6.46,6.53,-0.08,-1.21%,24200
ENGN,2024-09-06,6.93,6.93,6.41,6.61,0.08,+1.23%,59000
ENGN,2024-09-09,6.53,6.97,6.48,6.58,-0.03,-0.45%,111200
ENGN,2024-09-10,6.615,6.99,6.1801,6.5,-0.08,-1.22%,9400
ENGN,2024-09-11,6.42,6.97,6.42,6.7,0.2,+3.08%,61400
ENGN,2024-09-12,6.7,7,6.37,6.65,-0.05,-0.75%,73400
ENGN,2024-09-13,6.59,7,6.42,6.69,0.04,+0.60%,158900
ENGN,2024-09-16,6.64,7,6.32,6.79,0.1,+1.49%,36300
ENGN,2024-09-17,6.72,7.4334,6.61,6.94,0.15,+2.21%,158900
ENGN,2024-09-18,6.86,7.85,6.7,7.27,0.33,+4.76%,117300
ENGN,2024-09-19,7.38,7.415,6.8755,7.16,-0.11,-1.51%,61600
ENGN,2024-09-20,7.08,7.65,7.06,7.21,0.05,+0.70%,57000
ENGN,2024-09-23,7.425,7.425,6.282,6.41,-0.8,-11.10%,49100
ENGN,2024-09-24,6.95,7.5379,5.945,6.2,-0.21,-3.28%,57900
ENGN,2024-09-25,6.2,6.6,6,6.25,0.05,+0.81%,108100
ENGN,2024-09-26,6.11,6.49,4.42,5.5,-0.75,-12.00%,2301600
ENGN,2024-09-27,5.52,6.49,5.01,6.05,0.55,+10.00%,432700
ENGN,2024-09-30,6.29,6.67,5.84,6.6,0.55,+9.09%,531800
ENGN,2024-10-01,6.71,7,6.22,6.51,-0.09,-1.36%,1798300
ENGN,2024-10-02,6.67,6.69,6.07,6.46,-0.05,-0.77%,46900
ENGN,2024-10-03,6.445,6.5999,6.4,6.5,0.04,+0.62%,115000
ENGN,2024-10-04,6.62,7,6.4287,6.63,0.13,+2.00%,106800
ENGN,2024-10-07,6.63,6.96,6.42,6.69,0.06,+0.90%,104900
ENGN,2024-10-08,6.73,7.16,6.35,7.1,0.41,+6.13%,37100
ENGN,2024-10-09,7.16,7.44,6.6801,6.92,-0.18,-2.54%,25300
ENGN,2024-10-10,6.9,7.15,6.6602,6.86,-0.06,-0.87%,41300
ENGN,2024-10-11,6.86,7.2738,6.678,7.19,0.33,+4.81%,39000
ENGN,2024-10-14,7.26,7.72,7.08,7.72,0.53,+7.37%,132200
ENGN,2024-10-15,7.85,8.44,7.75,8.4,0.68,+8.81%,62700
ENGN,2024-10-16,8.43,8.61,8.14,8.58,0.18,+2.14%,530900
ENGN,2024-10-17,8.68,11,8.546,9.3,0.72,+8.39%,522000
ENGN,2024-10-18,9.2,9.69,8.81,9.02,-0.28,-3.01%,110300
ENGN,2024-10-21,9.09,10.35,9.01,9.83,0.81,+8.98%,472300
ENGN,2024-10-22,9.72,10.06,8.8428,9.05,-0.78,-7.93%,128000
ENGN,2024-10-23,9.19,9.48,8.75,9.34,0.29,+3.20%,30900
ENGN,2024-10-24,9.27,9.46,8.7,8.9,-0.44,-4.71%,21400
ENGN,2024-10-25,9.5,9.854,8.599,9.07,0.17,+1.91%,135800
ENGN,2024-10-28,9.02,9.3,8.81,8.84,-0.23,-2.54%,29500
ENGN,2024-10-29,8.79,9.3,8.79,9,0.16,+1.81%,30600
ENGN,2024-10-30,8.98,9.25,8.5,8.68,-0.32,-3.56%,19200
ENGN,2024-10-31,8.67,8.99,8.64,8.85,0.17,+1.96%,49400
ENGN,2024-11-01,8.84,8.9519,8.62,8.89,0.04,+0.45%,59900
ENGN,2024-11-04,9.25,9.25,8.5,8.52,-0.37,-4.16%,75100
ENGN,2024-11-05,8.69,8.92,8.536,8.88,0.36,+4.23%,34400
ENGN,2024-11-06,8.85,9.0587,8.51,8.77,-0.11,-1.24%,49000
ENGN,2024-11-07,8.86,8.9206,8.38,8.4,-0.37,-4.22%,63600
ENGN,2024-11-08,8.41,8.8,7.82,7.9,-0.5,-5.95%,156600
ENGN,2024-11-11,8,8.42,7.9,8.25,0.35,+4.43%,362400
ENGN,2024-11-12,8.34,8.52,8.19,8.52,0.27,+3.27%,97400
ENGN,2024-11-13,8.46,8.605,8.1,8.12,-0.4,-4.69%,63100
ENGN,2024-11-14,8.1,8.5399,7.8,7.93,-0.19,-2.34%,44800
ENGN,2024-11-15,8,8.15,7.5951,7.63,-0.3,-3.78%,65500
ENGN,2024-11-18,7.85,8.085,7.66,7.66,0.03,+0.39%,29600
ENGN,2024-11-19,7.67,8,7.4,7.52,-0.14,-1.83%,40800
ENGN,2024-11-20,7.5,7.8025,7.3,7.5,-0.02,-0.27%,62300
ENGN,2024-11-21,7.51,7.97,7.435,7.67,0.17,+2.27%,58900
ENGN,2024-11-22,7.78,7.875,7.54,7.68,0.01,+0.13%,8100
ENGN,2024-11-25,7.68,8.45,7.68,8.29,0.61,+7.94%,30345
ENGN,2024-11-26,8.31,8.8,8.31,8.6,0.31,+3.74%,30417
ENGN,2024-11-27,9.01,9.1499,8.2,8.61,0.01,+0.12%,80000
ENGN,2024-11-29,8.7,8.7,8.5615,8.65,0.04,+0.46%,39500
ENGN,2024-12-02,9.36,9.6,8.18,8.65,0,0.00%,165800
ENGN,2024-12-03,8.51,8.785,8,8.35,-0.3,-3.47%,1249900
ENGN,2024-12-04,8.65,8.89,8.4,8.57,0.22,+2.63%,251900
ENGN,2024-12-05,8.65,8.81,8.354,8.64,0.07,+0.82%,407200
ENGN,2024-12-06,8.52,8.65,8.32,8.65,0.01,+0.12%,98000
ENGN,2024-12-09,8.64,8.65,8.09,8.09,-0.56,-6.47%,33300
ENGN,2024-12-10,8.15,8.4,7.5841,7.92,-0.17,-2.10%,35000
ENGN,2024-12-11,7.91,7.92,7.5,7.5,-0.42,-5.30%,52900
ENGN,2024-12-12,7.3,7.97,6.29,6.59,-0.91,-12.13%,130000
ENGN,2024-12-13,6.51,6.7506,6,6.08,-0.51,-7.74%,964300
ENGN,2024-12-16,6.28,6.502,5.75,6.3,0.22,+3.62%,89700
ENGN,2024-12-17,6.17,6.55,6,6.29,-0.01,-0.16%,90300
ENGN,2024-12-18,6.24,6.32,5.68,5.93,-0.36,-5.72%,101800
ENGN,2024-12-19,6.11,6.2,5.69,5.96,0.03,+0.51%,57400
ENGN,2024-12-20,6.54,6.54,5.6,5.83,-0.13,-2.18%,99100
ENGN,2024-12-23,6.49,6.52,5.88,5.96,0.13,+2.23%,131000
ENGN,2024-12-24,6.1,6.32,6.03,6.32,0.36,+6.04%,29900
ENGN,2024-12-26,6.51,6.64,5.75,6.14,-0.18,-2.85%,188100
ENGN,2024-12-27,6.18,6.68,5.95,6.42,0.28,+4.56%,67600
ENGN,2024-12-30,6.65,7.5,6.43,6.75,0.33,+5.14%,232200
ENGN,2024-12-31,7.32,7.5,6.08,6.65,-0.1,-1.48%,154100
ENGN,2025-01-02,6.77,7.39,6.755,7.06,0.41,+6.17%,99400
ENGN,2025-01-03,7.4,8.4253,7.24,7.98,0.92,+13.03%,139600
ENGN,2025-01-06,7.86,8.06,7.04,7.49,-0.49,-6.14%,204100
ENGN,2025-01-07,7.44,7.94,7,7.76,0.27,+3.60%,60400
ENGN,2025-01-08,7.79,8.44,7.37,8.1,0.34,+4.38%,139800
ENGN,2025-01-10,8.1,8.14,7,7.61,-0.49,-6.05%,135000
ENGN,2025-01-13,7.41,8.14,7.28,8.06,0.45,+5.91%,122200
ENGN,2025-01-14,8.15,8.4,7.35,7.58,-0.48,-5.96%,65800
ENGN,2025-01-15,7.45,7.99,7.01,7.43,-0.15,-1.98%,116800
ENGN,2025-01-16,7.39,7.9,6.84,7.01,-0.42,-5.65%,73900
ENGN,2025-01-17,7.02,7.33,6.3192,7.14,0.13,+1.85%,39700
ENGN,2025-01-21,7.2,7.7,6.75,6.97,-0.17,-2.38%,60500
ENGN,2025-01-22,6.88,7.48,6.78,6.95,-0.02,-0.29%,28100
ENGN,2025-01-23,6.87,7.47,6.87,7.29,0.34,+4.89%,19300
ENGN,2025-01-24,7.2,7.51,6.86,7.16,-0.13,-1.78%,35700
ENGN,2025-01-27,6.99,7.7194,6.35,6.77,-0.39,-5.45%,2102800
ENGN,2025-01-28,6.9,7.59,6.855,6.93,0.16,+2.36%,47100
ENGN,2025-01-29,6.87,7.4849,6.76,7.39,0.46,+6.64%,15100
ENGN,2025-01-30,7.25,7.695,6.85,7.1,-0.29,-3.92%,44600
ENGN,2025-01-31,7.1,7.4,6.55,6.7,-0.4,-5.63%,155800
ENGN,2025-02-03,6.47,6.885,6.2,6.69,-0.01,-0.15%,51200
ENGN,2025-02-04,7.06,7.31,6.395,6.78,0.09,+1.35%,85200
ENGN,2025-02-05,6.76,7.08,6.705,6.9,0.12,+1.77%,34300
ENGN,2025-02-06,6.93,7.18,6.06,6.35,-0.55,-7.97%,223700
ENGN,2025-02-07,6.3614,6.68,6.0501,6.3,-0.05,-0.79%,46000
ENGN,2025-02-10,6.11,6.6,6.01,6.37,0.07,+1.11%,44800
ENGN,2025-02-11,6.49,6.53,6.1145,6.32,-0.05,-0.78%,34300
ENGN,2025-02-12,6.31,6.68,6.1201,6.35,0.03,+0.47%,24400
ENGN,2025-02-13,6.32,6.65,6.06,6.25,-0.1,-1.57%,74900
ENGN,2025-02-14,6.11,6.59,5.507,5.9,-0.35,-5.60%,112700
ENGN,2025-02-18,6.05,6.71,5.97,5.97,0.07,+1.19%,78100
ENGN,2025-02-19,6.12,6.89,6.0201,6.59,0.62,+10.39%,189700
ENGN,2025-02-20,6.86,7,6,6.12,-0.47,-7.13%,110000
ENGN,2025-02-21,6.22,6.69,5.9356,6.29,0.17,+2.78%,83700
ENGN,2025-02-24,6.39,6.4,5.83,6.1,-0.19,-3.02%,68100
ENGN,2025-02-25,6.1,6.16,5.6,5.62,-0.48,-7.87%,36400
ENGN,2025-02-26,5.62,5.92,5.42,5.54,-0.08,-1.42%,19800
ENGN,2025-02-27,5.6,6.22,5.6,5.84,0.3,+5.42%,34100
ENGN,2025-02-28,5.81,6.05,5.6083,6.01,0.17,+2.91%,31100
ENGN,2025-03-03,6,6.13,5.76,5.84,-0.17,-2.83%,18700
ENGN,2025-03-04,5.95,6,5.61,5.79,-0.05,-0.86%,16500
ENGN,2025-03-05,5.66,5.79,5.4228,5.65,-0.14,-2.42%,30700
ENGN,2025-03-06,5.65,5.98,5.14,5.31,-0.34,-6.02%,29100
ENGN,2025-03-07,5.32,5.82,5.15,5.25,-0.06,-1.13%,41900
ENGN,2025-03-10,5.19,5.57,4.78,5.24,-0.01,-0.19%,27500
ENGN,2025-03-11,5.35,5.48,4.8601,5.15,-0.09,-1.72%,53300
ENGN,2025-03-12,5.24,5.55,4.85,5.29,0.14,+2.72%,19400
ENGN,2025-03-13,5.17,5.36,4.92,5.35,0.06,+1.13%,20300
ENGN,2025-03-14,5.36,5.6,5.11,5.4,0.05,+0.93%,23400
ENGN,2025-03-17,5.44,5.49,5,5.13,-0.27,-5.00%,25400
ENGN,2025-03-18,5.03,5.15,4.9,5.15,0.02,+0.39%,15700
ENGN,2025-03-19,5.21,5.46,5.0859,5.4,0.25,+4.85%,21600
ENGN,2025-03-20,5.3,5.5,4.9,5.21,-0.19,-3.52%,11100
ENGN,2025-03-21,4.94,5.33,4.67,4.96,-0.25,-4.80%,79400
ENGN,2025-03-24,4.94,5.06,4.6,4.63,-0.33,-6.65%,17900
ENGN,2025-03-25,4.59,4.93,4.59,4.93,0.3,+6.48%,12400
ENGN,2025-03-26,4.68,5,4.2,4.66,-0.27,-5.48%,60900
ENGN,2025-03-27,4.7339,4.83,4.4931,4.75,0.09,+1.93%,17400
ENGN,2025-03-28,4.76,4.83,4.22,4.3,-0.45,-9.47%,33600
ENGN,2025-03-31,4.35,4.49,4.3408,4.48,0.18,+4.19%,3500
ENGN,2025-04-01,4.5,4.6,4,4.33,-0.15,-3.35%,31400
ENGN,2025-04-02,4.3,4.6,4.3,4.44,0.11,+2.54%,7000
ENGN,2025-04-03,4.4,4.61,4.25,4.5,0.06,+1.35%,27300
ENGN,2025-04-04,4.41,4.6579,4.3,4.5,0,0.00%,70400
ENGN,2025-04-07,4.42,4.8,4.42,4.68,0.18,+4.00%,35800
ENGN,2025-04-08,4.67,4.8,4.01,4.12,-0.56,-11.97%,99000
ENGN,2025-04-09,4.53,4.53,3.78,4.03,-0.09,-2.18%,81200
ENGN,2025-04-10,4.04,4.1,3.5,4,-0.03,-0.74%,137200
ENGN,2025-04-11,4.02,4.02,3.82,4,0,0.00%,37200
ENGN,2025-04-14,3.97,4.13,3.8,4,0,0.00%,28000
ENGN,2025-04-15,4,4.19,3.9,4,0,0.00%,44700
ENGN,2025-04-16,3.93,4,3.77,3.96,-0.04,-1.00%,82800
ENGN,2025-04-17,3.9,4.05,3.81,4,0.04,+1.01%,14100
ENGN,2025-04-21,3.93,4.32,3.85,3.99,-0.01,-0.25%,15700
ENGN,2025-04-22,4,4.19,3.9,4,0.01,+0.25%,82000
ENGN,2025-04-23,4,4.23,3.8668,3.99,-0.01,-0.25%,33200
ENGN,2025-04-24,3.99,4.39,3.9,4,0.01,+0.25%,71600
ENGN,2025-04-25,3.93,4.19,3.71,3.89,-0.11,-2.75%,13300
ENGN,2025-04-28,3.86,4.08,3.75,3.99,0.1,+2.57%,93800
ENGN,2025-04-29,3.98,4.2,3.81,4,0.01,+0.25%,71500
ENGN,2025-04-30,3.96,4.2,3.86,4.14,0.14,+3.50%,24000
ENGN,2025-05-01,4,4.09,3.6,3.74,-0.4,-9.66%,95100
ENGN,2025-05-02,3.71,3.94,3.6101,3.82,0.08,+2.14%,53900
ENGN,2025-05-05,3.76,3.84,3.58,3.68,-0.14,-3.66%,37000
ENGN,2025-05-06,3.63,3.99,3.51,3.69,0.01,+0.27%,46200
ENGN,2025-05-07,3.64,3.88,3.571,3.67,-0.02,-0.54%,26800
ENGN,2025-05-08,3.66,3.79,3.27,3.39,-0.28,-7.63%,88800
ENGN,2025-05-09,3.34,3.5783,2.94,2.96,-0.43,-12.68%,33100
ENGN,2025-05-12,3.07,3.44,2.7,2.97,0.01,+0.34%,186000
ENGN,2025-05-13,2.95,3.1,2.65,2.88,-0.09,-3.03%,185800
ENGN,2025-05-14,2.83,3.11,2.72,3.02,0.14,+4.86%,102200
ENGN,2025-05-15,3.02,3.46,2.81,3.4,0.38,+12.58%,522800
ENGN,2025-05-16,3.43,3.69,3.29,3.45,0.05,+1.47%,89400
ENGN,2025-05-19,3.41,3.92,3.4059,3.91,0.46,+13.33%,80200
ENGN,2025-05-20,3.92,4.28,3.86,4.2,0.29,+7.42%,79800
ENGN,2025-05-21,4.15,4.26,3.93,4.04,-0.16,-3.81%,88700
ENGN,2025-05-22,3.95,4.46,3.915,4.29,0.25,+6.19%,56800
ENGN,2025-05-23,4.22,4.34,4.01,4.24,-0.05,-1.17%,45400
ENGN,2025-05-27,4.14,4.42,3.89,4,-0.24,-5.66%,67500
ENGN,2025-05-28,4.08,4.2268,3.85,3.99,-0.01,-0.25%,35100
ENGN,2025-05-29,4,4.16,3.86,3.96,-0.03,-0.75%,22600
ENGN,2025-05-30,3.98,4.09,3.71,3.84,-0.12,-3.03%,24600
ENGN,2025-06-02,3.76,4.19,3.73,3.98,0.14,+3.65%,25600
ENGN,2025-06-03,3.95,4.4,3.9101,4.2,0.22,+5.53%,60200
ENGN,2025-06-04,4.16,4.318,3.72,3.83,-0.37,-8.81%,66600
ENGN,2025-06-05,3.89,3.93,3.37,3.62,-0.21,-5.48%,49100
ENGN,2025-06-06,3.6,3.96,3.6,3.78,0.16,+4.42%,64300
ENGN,2025-06-09,3.74,4.0602,3.04,3.35,-0.43,-11.38%,191400
ENGN,2025-06-10,3.35,3.57,2.94,3.21,-0.14,-4.18%,122500
ENGN,2025-06-11,3.38,3.38,3.05,3.22,0.01,+0.31%,201900
ENGN,2025-06-12,3.36,3.37,2.9,3.25,0.03,+0.93%,187700
ENGN,2025-06-13,3.28,3.44,3.22,3.33,0.08,+2.46%,48000
ENGN,2025-06-16,3.3713,3.41,3.1802,3.31,-0.02,-0.60%,108000
ENGN,2025-06-17,3.29,3.39,3.17,3.25,-0.06,-1.81%,21800
ENGN,2025-06-18,3.37,3.37,3.21,3.29,0.04,+1.23%,20800
ENGN,2025-06-20,3.3,3.345,2.9959,3.15,-0.14,-4.26%,79100
ENGN,2025-06-23,3.19,3.19,2.93,3.02,-0.13,-4.13%,178800
ENGN,2025-06-24,3.06,3.24,2.96,2.99,-0.03,-0.99%,48400
ENGN,2025-06-25,3.25,3.28,2.95,3.26,0.27,+9.03%,167500
ENGN,2025-06-26,3.27,3.6,3.2261,3.59,0.33,+10.12%,95600
ENGN,2025-06-27,3.61,3.68,3.49,3.66,0.07,+1.95%,67300
ENGN,2025-06-30,3.68,3.68,3.49,3.64,-0.02,-0.55%,73600
ENGN,2025-07-01,3.6,3.68,3.52,3.62,-0.02,-0.55%,70700
ENGN,2025-07-02,3.6,3.98,3.6,3.74,0.12,+3.31%,104300
ENGN,2025-07-03,3.8,3.98,3.68,3.8,0.06,+1.60%,45300
ENGN,2025-07-07,3.78,3.9,3.71,3.81,0.01,+0.26%,73900
ENGN,2025-07-08,3.8272,3.98,3.7337,3.83,0.02,+0.52%,71900
ENGN,2025-07-09,3.8571,3.96,3.8059,3.83,0,0.00%,86400
ENGN,2025-07-10,3.85,3.85,3.539,3.68,-0.15,-3.92%,75300
ENGN,2025-07-11,3.62,3.66,3.26,3.31,-0.37,-10.05%,64700
ENGN,2025-07-14,3.33,3.44,3.245,3.34,0.03,+0.91%,20500
ENGN,2025-07-15,3.3,3.51,3.29,3.51,0.17,+5.09%,33000
ENGN,2025-07-16,3.535,3.717,3.45,3.62,0.11,+3.13%,32400
ENGN,2025-07-17,3.62,3.74,3.52,3.68,0.06,+1.66%,25700
ENGN,2025-07-18,3.72,3.8,3.65,3.79,0.11,+2.99%,44100
ENGN,2025-07-21,3.8,3.9,3.6346,3.85,0.06,+1.58%,55700
ENGN,2025-07-22,3.89,4,3.79,3.86,0.01,+0.26%,47000
ENGN,2025-07-23,3.92,3.98,3.79,3.81,-0.05,-1.30%,130700
ENGN,2025-07-24,3.83,3.94,3.6201,3.69,-0.12,-3.15%,27500
ENGN,2025-07-25,3.7395,3.9278,3.652,3.7,0.01,+0.27%,78200
ENGN,2025-07-28,3.77,3.94,3.495,3.64,-0.06,-1.62%,55700
ENGN,2025-07-29,3.63,3.84,3.45,3.45,-0.19,-5.22%,34600
ENGN,2025-07-30,3.63,3.73,3.5,3.5,0.05,+1.45%,38800
ENGN,2025-07-31,3.58,3.8,3.53,3.79,0.29,+8.29%,849800
ENGN,2025-08-01,3.74,3.96,3.67,3.83,0.04,+1.06%,91100
ENGN,2025-08-04,3.8566,4.15,3.81,3.82,-0.01,-0.26%,212700
ENGN,2025-08-05,3.78,4.07,3.78,3.94,0.12,+3.14%,135300
ENGN,2025-08-06,3.96,4.1,3.7796,3.88,-0.06,-1.52%,39500
ENGN,2025-08-07,3.85,4.06,3.57,3.57,-0.31,-7.99%,44200
ENGN,2025-08-08,3.54,3.76,3.54,3.68,0.11,+3.08%,30300
ENGN,2025-08-11,3.68,3.795,3.62,3.69,0.01,+0.27%,40400
ENGN,2025-08-12,3.71,3.8881,3.64,3.64,-0.05,-1.36%,64500
ENGN,2025-08-13,3.69,3.72,3.6194,3.62,-0.02,-0.55%,20400
ENGN,2025-08-14,3.6177,3.72,3.5165,3.61,-0.01,-0.28%,20000
ENGN,2025-08-15,3.67,3.8,3.54,3.68,0.07,+1.94%,31300
ENGN,2025-08-18,3.7,3.9,3.64,3.72,0.04,+1.09%,29000
ENGN,2025-08-19,3.78,3.96,3.78,3.8,0.08,+2.15%,55100
ENGN,2025-08-20,3.84,4.11,3.822,3.86,0.06,+1.58%,85300
ENGN,2025-08-21,3.86,4.13,3.8228,3.91,0.05,+1.30%,42300
ENGN,2025-08-22,3.97,4.4,3.9401,4.32,0.41,+10.49%,120900
ENGN,2025-08-25,4.26,4.4,4.22,4.3,-0.02,-0.46%,117600
ENGN,2025-08-26,4.18,4.38,4.1,4.36,0.06,+1.40%,66600
ENGN,2025-08-27,4.39,4.55,4.21,4.34,-0.02,-0.46%,25100
ENGN,2025-08-28,4.14,4.77,4.14,4.75,0.41,+9.45%,103500
ENGN,2025-08-29,4.8,4.847,4.56,4.62,-0.13,-2.74%,24800
ENGN,2025-09-02,4.62,4.92,4.6,4.8,0.18,+3.90%,94000
ENGN,2025-09-03,4.8,5,4.24,4.87,0.07,+1.46%,226000
ENGN,2025-09-04,5,5.03,4.63,5,0.13,+2.67%,2095300
ENGN,2025-09-05,5,5.225,4.815,5.18,0.18,+3.60%,125100
ENGN,2025-09-08,5.25,5.7699,5.04,5.43,0.25,+4.83%,142900
ENGN,2025-09-09,5.06,5.63,5.06,5.55,0.12,+2.21%,62900
ENGN,2025-09-10,5.98,6.4,5.664,6.29,0.74,+13.33%,384300
ENGN,2025-09-11,6.3,6.3,5.8711,6.06,-0.23,-3.66%,433500
ENGN,2025-09-12,6.06,6.54,5.5201,5.71,-0.35,-5.78%,86000
ENGN,2025-09-15,5.71,6.05,5.6,5.97,0.26,+4.55%,51500
ENGN,2025-09-16,6.08,6.35,5.925,6.065,0.095,+1.59%,152200
ENGN,2025-09-17,6.13,6.52,6.02,6.52,0.455,+7.50%,597900
ENGN,2025-09-18,6.51,7.05,6.44,6.96,0.44,+6.75%,2322100
ENGN,2025-09-19,6.97,7.33,6.6338,6.82,-0.14,-2.01%,61800
ENGN,2025-09-22,6.85,7.005,6.4617,6.81,-0.01,-0.15%,42000
ENGN,2025-09-23,6.81,7.15,6.71,6.76,-0.05,-0.73%,71100
ENGN,2025-09-24,6.77,6.99,6.6017,6.98,0.22,+3.25%,33900
ENGN,2025-09-25,7,7,6.24,6.5,-0.48,-6.88%,43800
ENGN,2025-09-26,6.44,6.66,6.07,6.49,-0.01,-0.15%,39700
ENGN,2025-09-29,6.57,6.57,6.1,6.45,-0.04,-0.62%,28500
ENGN,2025-09-30,6.55,6.84,6.46,6.83,0.38,+5.89%,69900
ENGN,2025-10-01,6.83,7.62,6.71,7.6,0.77,+11.27%,237700
ENGN,2025-10-02,7.68,8.35,7.6035,8.14,0.54,+7.11%,304600
ENGN,2025-10-03,8.28,8.28,7.5102,7.75,-0.39,-4.79%,80400
ENGN,2025-10-06,7.68,7.81,7.19,7.6,-0.15,-1.94%,72700
ENGN,2025-10-07,7.69,7.81,6.56,7.01,-0.59,-7.76%,197400
ENGN,2025-10-08,7.21,7.49,6.98,7.41,0.4,+5.71%,569000
ENGN,2025-10-09,7.57,8.96,7.47,8.89,1.48,+19.97%,1991200
ENGN,2025-10-10,8.85,8.85,8,8.39,-0.5,-5.62%,365400
ENGN,2025-10-13,8.47,8.8,8.0001,8.29,-0.1,-1.19%,283200
ENGN,2025-10-14,8.19,9,8,8.81,0.52,+6.27%,769800
ENGN,2025-10-15,8.9,9.01,8.36,8.8,-0.01,-0.11%,309800
ENGN,2025-10-16,8.49,9.295,8.4879,8.8,0,0.00%,298100
ENGN,2025-10-17,8.67,9.59,8.51,9.35,0.55,+6.25%,527400
ENGN,2025-10-20,9,9.59,9,9.33,-0.02,-0.21%,307700
ENGN,2025-10-21,9.02,9.65,8.44,8.5,-0.83,-8.90%,697500
ENGN,2025-10-22,8.5,8.735,7.61,8.1,-0.4,-4.71%,259500
ENGN,2025-10-23,8.04,8.42,7.7,7.865,-0.235,-2.90%,80200
ENGN,2025-10-24,7.94,8.61,7.75,8.265,0.4,+5.09%,104400
ENGN,2025-10-27,8.4,8.8334,7.8,7.96,-0.305,-3.69%,68000
ENGN,2025-10-28,7.89,8.18,7.78,7.91,-0.05,-0.63%,80000
ENGN,2025-10-29,7.9,8.395,7.13,7.33,-0.58,-7.33%,81900
ENGN,2025-10-30,7.35,7.68,6.58,6.96,-0.37,-5.05%,242600
ENGN,2025-10-31,6.96,7.4,6.86,7.21,0.25,+3.59%,115300
ENGN,2025-11-03,7.21,7.4941,6.52,6.92,-0.29,-4.02%,196600
ENGN,2025-11-04,6.81,7.25,6.34,6.53,-0.39,-5.64%,716200
ENGN,2025-11-05,6.59,6.81,6.28,6.34,-0.19,-2.91%,84300
ENGN,2025-11-06,6.31,6.39,5.9458,6.02,-0.32,-5.05%,228300
ENGN,2025-11-07,5.96,6.09,5.72,6.06,0.04,+0.66%,212800
ENGN,2025-11-10,6.11,6.23,5.8516,6.01,-0.05,-0.83%,85500
ENGN,2025-11-11,8.55,11.14,7.83,8.82,2.81,+46.76%,51454300
ENGN,2025-11-12,9.69,9.8,8.62,8.68,-0.14,-1.59%,2196500
ENGN,2025-11-13,9.25,9.29,8.14,8.43,-0.25,-2.88%,2608500
ENGN,2025-11-14,8.32,9.2,8.32,8.53,0.1,+1.19%,1201800
ENGN,2025-11-17,8.47,8.655,8.03,8.06,-0.47,-5.51%,930100
ENGN,2025-11-18,8,8.27,6.76,6.88,-1.18,-14.64%,926900
ENGN,2025-11-19,6.98,7.2,6.31,6.76,-0.12,-1.74%,1749700
ENGN,2025-11-20,6.85,7.06,6.49,6.6,-0.16,-2.37%,538800
ENGN,2025-11-21,6.6,7.26,6.55,6.96,0.36,+5.45%,717600
ENGN,2025-11-24,6.9,7.59,6.845,7.41,0.45,+6.47%,470700
ENGN,2025-11-25,7.36,7.85,7.36,7.71,0.3,+4.05%,534800
ENGN,2025-11-26,7.64,8.305,7.6,8.25,0.54,+7.00%,284400
ENGN,2025-11-28,8.34,8.355,7.92,8.07,-0.18,-2.18%,398500
ENGN,2025-12-01,7.84,8.125,7.5519,7.91,-0.16,-1.98%,297900
ENGN,2025-12-02,7.98,8.285,7.73,7.86,-0.05,-0.63%,175300
ENGN,2025-12-03,7.67,8.05,7.65,8,0.14,+1.78%,230100
ENGN,2025-12-04,8,8.24,7.96,8.22,0.22,+2.75%,190800
ENGN,2025-12-05,8.27,8.27,7.84,8.07,-0.15,-1.82%,188900
ENGN,2025-12-08,8.1,8.39,7.7701,8.36,0.29,+3.59%,240600
ENGN,2025-12-09,8.35,8.49,7.9505,8.23,-0.13,-1.56%,749100
ENGN,2025-12-10,8.23,8.29,7.75,8.01,-0.22,-2.67%,185200
ENGN,2025-12-11,8.04,8.99,7.75,8.92,0.91,+11.36%,242200
ENGN,2025-12-12,8.91,9.14,8.2,8.46,-0.46,-5.16%,316200
ENGN,2025-12-15,8.48,8.7,8.0501,8.43,-0.03,-0.35%,168500
ENGN,2025-12-16,8.35,8.45,8.1,8.38,-0.05,-0.59%,143300
ENGN,2025-12-17,8.45,8.47,7.69,7.8,-0.58,-6.92%,272700
ENGN,2025-12-18,7.57,8.28,7.57,8.17,0.37,+4.74%,278700
ENGN,2025-12-19,8.19,8.89,7.895,8.69,0.52,+6.36%,206800
ENGN,2025-12-22,8.72,8.95,8.4564,8.77,0.08,+0.92%,84600
ENGN,2025-12-23,8.77,9.77,8.68,9.22,0.45,+5.13%,367600
ENGN,2025-12-24,9.29,10.1,9.17,9.45,0.23,+2.49%,583900
ENGN,2025-12-26,9.55,9.69,9.36,9.5,0.05,+0.53%,438700
ENGN,2025-12-29,9.48,9.8114,9.04,9.04,-0.46,-4.84%,412300
ENGN,2025-12-30,9.07,9.24,8.9,8.95,-0.09,-1.00%,88900
ENGN,2025-12-31,9.16,9.16,8.6193,9.03,0.08,+0.89%,103100
ENGN,2026-01-02,9.09,9.1,8.4422,8.85,-0.18,-1.99%,127400
ENGN,2026-01-05,8.9,8.93,8.4,8.73,-0.12,-1.36%,112600
ENGN,2026-01-06,8.67,8.87,8.17,8.26,-0.47,-5.38%,200700
ENGN,2026-01-07,8.36,9.04,8.3,8.5,0.24,+2.91%,188300
ENGN,2026-01-08,8.47,8.73,8.08,8.5,0,0.00%,89400
ENGN,2026-01-09,8.54,9.2,8.39,8.81,0.31,+3.65%,446000
ENGN,2026-01-12,8.69,8.71,8.1601,8.3,-0.51,-5.79%,199700
ENGN,2026-01-13,8.3,8.67,8.3,8.38,0.08,+0.96%,131000
ENGN,2026-01-14,8.43,9.2293,8.3,9.1,0.72,+8.59%,694000
ENGN,2026-01-15,9.31,9.47,8.7702,9.22,0.12,+1.32%,467100
ENGN,2026-01-16,9.22,9.55,9.1,9.31,0.09,+0.98%,262700
ENGN,2026-01-20,9.12,9.6,8.68,9.1,-0.21,-2.26%,603500
ENGN,2026-01-21,9.1,9.63,9.01,9.34,0.24,+2.64%,651200
ENGN,2026-01-22,9.5,10.88,9.34,10.64,1.3,+13.92%,1097800
ENGN,2026-01-23,10.55,12.25,10.486,12.17,1.53,+14.38%,1835700
ENGN,2026-01-26,12.02,12.208,11.325,11.4,-0.77,-6.33%,573000
ENGN,2026-01-27,11.26,11.605,10.96,11.11,-0.29,-2.54%,184400
ENGN,2026-01-28,11.14,11.1999,9.81,10.2,-0.91,-8.19%,334300
ENGN,2026-01-29,10.13,10.44,9.78,10.27,0.07,+0.69%,137500
ENGN,2026-01-30,10.94,11.38,9.51,9.53,-0.74,-7.21%,302500
ENGN,2026-02-02,9.55,10.46,9.53,10,0.47,+4.93%,295100
ENGN,2026-02-03,10,10.48,9.84,9.97,-0.03,-0.30%,224400
ENGN,2026-02-04,10,10.6699,8.86,9.59,-0.38,-3.81%,362500
ENGN,2026-02-05,9.58,9.79,8.76,8.86,-0.73,-7.61%,1159700
ENGN,2026-02-06,8.95,9.775,8.95,9.55,0.69,+7.79%,417100
ENGN,2026-02-09,9.36,9.81,9.24,9.74,0.19,+1.99%,130300
ENGN,2026-02-10,9.71,10.12,9.5,9.53,-0.21,-2.16%,230300
ENGN,2026-02-11,9.66,10.2,9.2993,9.92,0.39,+4.09%,195700
ENGN,2026-02-12,9.88,10.16,9.785,9.94,0.02,+0.20%,181200
ENGN,2026-02-13,9.93,10,9.64,9.78,-0.16,-1.61%,136800
ENGN,2026-02-17,9.77,9.96,9.4901,9.89,0.11,+1.12%,110700
ENGN,2026-02-18,9.89,10.17,9.73,10.06,0.17,+1.72%,98300
ENGN,2026-02-19,10.02,10.685,9.96,10.62,0.56,+5.57%,190200
ENGN,2026-02-20,10.43,10.49,10.18,10.36,-0.26,-2.45%,85300
ENGN,2026-02-23,10.36,10.65,9.6,9.67,-0.69,-6.66%,191800
ENGN,2026-02-24,9.79,10.1,9.58,9.78,0.11,+1.14%,337500
ENGN,2026-02-25,9.89,10.28,9.7768,10.1,0.32,+3.27%,126600
ENGN,2026-02-26,10.09,10.24,9.89,10.03,-0.07,-0.69%,96800
ENGN,2026-02-27,10.01,10.24,9.95,10.11,0.08,+0.80%,58400
ENGN,2026-03-02,9.715,10.34,9.715,10,-0.11,-1.09%,94100
ENGN,2026-03-03,9.85,9.995,9.27,9.66,-0.34,-3.40%,344000
ENGN,2026-03-04,9.83,10.09,9.71,9.74,0.08,+0.83%,161800
ENGN,2026-03-05,9.65,9.72,8.7,8.71,-1.03,-10.57%,637800
ENGN,2026-03-06,8.53,8.95,8.44,8.68,-0.03,-0.34%,165300
ENGN,2026-03-09,8.06,8.39,6.86,7.05,-1.63,-18.78%,1418800
ENGN,2026-03-10,6.98,7.42,6.775,6.94,-0.11,-1.56%,3128200
ENGN,2026-03-11,6.83,7.13,6.67,6.88,-0.06,-0.86%,819700
ENGN,2026-03-12,6.86,7.8,6.6,7.3,0.42,+6.10%,1569400
ENGN,2026-03-13,7.38,7.43,6.94,7.16,-0.14,-1.92%,791200
ENGN,2026-03-16,7.28,7.54,6.99,7.23,0.07,+0.98%,372000
ENGN,2026-03-17,7.27,7.92,7.24,7.25,0.02,+0.28%,516600
ENGN,2026-03-18,7.1,7.47,6.9101,7.18,-0.07,-0.97%,1084700
ENGN,2026-03-19,7.04,7.24,6.95,7.215,0.035,+0.49%,149400
ENGN,2026-03-20,7.19,7.48,7.1,7.21,-0.005,-0.07%,193000
ENGN,2026-03-23,7.22,7.5,6.915,7.31,0.1,+1.39%,143200
ENGN,2026-03-24,7.2,7.33,6.71,6.9,-0.41,-5.61%,145600
ENGN,2026-03-25,6.94,7.3,6.94,7.07,0.17,+2.46%,114300
ENGN,2026-03-26,6.9,7.305,6.84,6.96,-0.11,-1.56%,115500
ENGN,2026-03-27,6.92,7.06,6.22,6.37,-0.59,-8.48%,162300
ENGN,2026-03-30,6.36,6.54,6.05,6.18,-0.19,-2.98%,140100
ENGN,2026-03-31,6.29,6.98,6.29,6.81,0.63,+10.19%,244100
ENGN,2026-04-01,6.93,7.105,6.64,6.76,-0.05,-0.73%,143400
ENGN,2026-04-02,6.61,6.8905,6.53,6.69,-0.07,-1.04%,332800
ENGN,2026-04-06,6.69,7.3,6.69,7.24,0.55,+8.22%,218100
ENGN,2026-04-07,7.19,7.6986,7.08,7.33,0.09,+1.24%,357700
ENGN,2026-04-08,7.66,7.715,7.01,7.31,-0.02,-0.27%,117700
ENGN,2026-04-09,7.24,7.37,7.07,7.27,-0.04,-0.55%,186000
ENGN,2026-04-10,7.31,7.42,7.1,7.2,-0.07,-0.96%,95200
ENGN,2026-04-13,7.25,7.64,7.11,7.43,0.23,+3.19%,210000
ENGN,2026-04-14,7.47,7.73,7.395,7.6,0.17,+2.29%,140800
ENGN,2026-04-15,7.62,7.76,7.31,7.76,0.16,+2.11%,211200
ENGN,2026-04-16,7.87,8.15,7.47,8.08,0.32,+4.12%,285400
ENGN,2026-04-17,8.18,8.46,7.82,8.07,-0.01,-0.12%,842900
ENGN,2026-04-20,8.05,8.53,7.664,8.53,0.46,+5.70%,395700
ENGN,2026-04-21,8.58,8.65,8.285,8.51,-0.02,-0.23%,173500
ENGN,2026-04-22,8.57,8.67,8.25,8.54,0.03,+0.35%,340900
ENGN,2026-04-23,8.4,8.85,8.03,8.14,-0.4,-4.68%,450000
ENGN,2026-04-24,8.02,8.34,7.687,7.99,-0.15,-1.84%,222200
ENGS,2025-04-01,4.96,5.58,4.6,4.95,-3.04,-38.05%,2507900
ENGS,2025-04-02,4.94,5,4.21,4.89,-0.06,-1.21%,240600
ENGS,2025-04-03,4.68,4.85,4.5623,4.6,-0.29,-5.93%,105800
ENGS,2025-04-04,4.6,4.825,4.5,4.515,-0.085,-1.85%,57200
ENGS,2025-04-07,4.37,4.78,4.37,4.62,0.105,+2.33%,133300
ENGS,2025-04-08,4.73,5.2,4.51,4.84,0.22,+4.76%,370300
ENGS,2025-04-09,4.84,4.93,4.71,4.8,-0.04,-0.83%,37000
ENGS,2025-04-10,4.92,4.97,4.7,4.7707,-0.0293,-0.61%,27800
ENGS,2025-04-11,4.9,5.1221,4.73,4.88,0.1093,+2.29%,464200
ENGS,2025-04-14,4.88,5.4,4.661,5.36,0.48,+9.84%,742300
ENGS,2025-04-15,4.72,5.2288,4.38,4.6466,-0.7134,-13.31%,154400
ENGS,2025-04-16,4.55,5.155,4.44,4.97,0.3234,+6.96%,286000
ENGS,2025-04-17,5.19,6.225,5.01,5.105,0.135,+2.72%,89200
ENGS,2025-04-21,4.9708,5.4479,4.86,5.15,0.045,+0.88%,753200
ENGS,2025-04-22,5.18,6,5.03,5.85,0.7,+13.59%,769500
ENGS,2025-04-23,5.9,7.87,5.87,7.32,1.47,+25.13%,316100
ENGS,2025-04-24,7.45,9.5,7.3,9.14,1.82,+24.86%,148800
ENGS,2025-04-25,9.04,9.5,8.66,9,-0.14,-1.53%,1339700
ENGS,2025-04-28,8.93,9.5,8.75,9.49,0.49,+5.44%,1583200
ENGS,2025-04-29,9.49,10.24,8.822,9.56,0.07,+0.74%,2165500
ENGS,2025-04-30,9.56,10.1071,9.17,9.42,-0.14,-1.46%,334100
ENGS,2025-05-01,9.36,9.78,8.55,8.86,-0.56,-5.94%,1510300
ENGS,2025-05-02,8.93,9.33,8.89,9.2,0.34,+3.84%,2173600
ENGS,2025-05-05,9.17,9.39,1.46,3.09,-6.11,-66.41%,10232000
ENGS,2025-05-06,2.45,2.81,2.08,2.62,-0.47,-15.21%,2439800
ENGS,2025-05-07,2.68,3.03,2.65,2.78,0.16,+6.11%,1143200
ENGS,2025-05-08,2.7,2.78,2.4101,2.64,-0.14,-5.04%,743800
ENGS,2025-05-09,2.65,2.82,2.51,2.77,0.13,+4.92%,398800
ENGS,2025-05-12,2.77,2.95,2.58,2.84,0.07,+2.53%,546500
ENGS,2025-05-13,2.98,2.98,2.6419,2.66,-0.18,-6.34%,299100
ENGS,2025-05-14,2.66,2.765,2.38,2.69,0.03,+1.13%,514400
ENGS,2025-05-15,2.74,2.8,2.6,2.78,0.09,+3.35%,473500
ENGS,2025-05-16,2.56,3.1,2.56,2.94,0.16,+5.76%,422600
ENGS,2025-05-19,2.94,2.94,2.75,2.88,-0.06,-2.04%,129200
ENGS,2025-05-20,2.97,2.97,2.65,2.74,-0.14,-4.86%,256800
ENGS,2025-05-21,2.69,2.81,2.6,2.72,-0.02,-0.73%,130200
ENGS,2025-05-22,2.71,2.8845,2.63,2.77,0.05,+1.84%,75500
ENGS,2025-05-23,2.73,3.11,2.6407,2.91,0.14,+5.05%,1360700
ENGS,2025-05-27,2.91,2.9499,2.75,2.86,-0.05,-1.72%,331800
ENGS,2025-05-28,2.89,3.05,2.76,3,0.14,+4.90%,1887500
ENGS,2025-05-29,3.05,3.05,2.91,3,0,0.00%,123100
ENGS,2025-05-30,3,3.1,2.87,3.05,0.05,+1.67%,103800
ENGS,2025-06-02,3.09,3.7118,2.7801,3.11,0.06,+1.97%,1159200
ENGS,2025-06-03,3.03,3.13,2.8,2.89,-0.22,-7.07%,112800
ENGS,2025-06-04,2.83,3.05,2.83,2.97,0.08,+2.77%,136000
ENGS,2025-06-05,2.96,3.1,2.85,2.95,-0.02,-0.67%,234300
ENGS,2025-06-06,2.9,3.02,2.9,2.96,0.01,+0.34%,34000
ENGS,2025-06-09,3.03,3.275,2.9201,3.2,0.24,+8.11%,73600
ENGS,2025-06-10,3.2,3.35,3.1382,3.22,0.02,+0.63%,42700
ENGS,2025-06-11,3.31,3.42,3.08,3.34,0.12,+3.73%,488900
ENGS,2025-06-12,3.34,3.47,3.11,3.2,-0.14,-4.19%,633400
ENGS,2025-06-13,3.28,3.43,1.36,2.41,-0.79,-24.69%,3748700
ENGS,2025-06-16,2.11,2.14,1.61,1.74,-0.67,-27.80%,536500
ENGS,2025-06-17,1.66,1.85,1.52,1.78,0.04,+2.30%,1002300
ENGS,2025-06-18,1.66,1.91,1.66,1.89,0.11,+6.18%,118300
ENGS,2025-06-20,1.95,2.09,1.67,1.67,-0.22,-11.64%,205800
ENGS,2025-06-23,1.67,1.81,1.6,1.63,-0.04,-2.40%,172900
ENGS,2025-06-24,1.63,1.78,1.51,1.73,0.1,+6.13%,175900
ENGS,2025-06-25,1.74,1.8,1.61,1.67,-0.06,-3.47%,50700
ENGS,2025-06-26,1.61,1.78,1.6,1.67,0,0.00%,70700
ENGS,2025-06-27,1.67,1.715,1.61,1.68,0.01,+0.60%,79500
ENGS,2025-06-30,1.71,1.78,1.6662,1.75,0.07,+4.17%,91600
ENGS,2025-07-01,1.75,1.82,1.7,1.76,0.01,+0.57%,74200
ENGS,2025-07-02,1.84,1.85,1.71,1.78,0.02,+1.14%,23000
ENGS,2025-07-03,1.75,1.785,1.73,1.77,-0.01,-0.56%,4600
ENGS,2025-07-07,2.27,2.7,2.06,2.44,0.67,+37.85%,4323100
ENGS,2025-07-08,2.12,2.12,1.83,2.03,-0.41,-16.80%,1303700
ENGS,2025-07-09,1.98,2.24,1.97,2.08,0.05,+2.46%,234000
ENGS,2025-07-10,2.04,2.15,1.91,2.1,0.02,+0.96%,331300
ENGS,2025-07-11,2.04,2.188,2.0101,2.11,0.01,+0.48%,93700
ENGS,2025-07-14,2.2,2.2,2.06,2.09,-0.02,-0.95%,86100
ENGS,2025-07-15,2.1,2.17,2.06,2.11,0.02,+0.96%,133400
ENGS,2025-07-16,2.08,2.18,1.8766,2.17,0.06,+2.84%,284200
ENGS,2025-07-17,2.16,2.19,2.14,2.15,-0.02,-0.92%,26800
ENGS,2025-07-18,2.15,2.18,2.09,2.12,-0.03,-1.40%,50000
ENGS,2025-07-21,2.13,2.16,2.06,2.09,-0.03,-1.42%,98500
ENGS,2025-07-22,2.09,2.21,2.06,2.18,0.09,+4.31%,77300
ENGS,2025-07-23,2.2,2.8999,2.18,2.68,0.5,+22.94%,1012100
ENGS,2025-07-24,2.48,3.1461,2.4312,3.1,0.42,+15.67%,2507400
ENGS,2025-07-25,3.06,3.14,2.77,3.03,-0.07,-2.26%,416500
ENGS,2025-07-28,2.94,3.086,2.94,3.05,0.02,+0.66%,244200
ENGS,2025-07-29,3.02,3.16,3.02,3.1,0.05,+1.64%,238900
ENGS,2025-07-30,3.05,3.198,3.04,3.14,0.04,+1.29%,139300
ENGS,2025-07-31,3.14,3.25,3.059,3.16,0.02,+0.64%,171700
ENGS,2025-08-01,3.15,3.29,3.02,3.11,-0.05,-1.58%,1529200
ENGS,2025-08-04,3.11,3.17,3.01,3.06,-0.05,-1.61%,139000
ENGS,2025-08-05,3.05,3.15,3.0384,3.08,0.02,+0.65%,80500
ENGS,2025-08-06,3.13,3.13,2.9,3.01,-0.07,-2.27%,80000
ENGS,2025-08-07,3,3.05,2.83,2.87,-0.14,-4.65%,39400
ENGS,2025-08-08,2.86,2.88,2.655,2.8,-0.07,-2.44%,82600
ENGS,2025-08-11,2.83,2.9499,2.73,2.74,-0.06,-2.14%,59500
ENGS,2025-08-12,2.77,2.8941,2.675,2.84,0.1,+3.65%,45900
ENGS,2025-08-13,2.65,3,2.62,2.94,0.1,+3.52%,52500
ENGS,2025-08-14,2.94,4.63,2.94,3.36,0.42,+14.29%,1070500
ENGS,2025-08-15,3.22,3.8699,3.1801,3.54,0.18,+5.36%,98900
ENGS,2025-08-18,3.65,3.65,2.8,3.42,-0.12,-3.39%,55600
ENGS,2025-08-19,3.42,3.7,3.36,3.47,0.05,+1.46%,42400
ENGS,2025-08-20,3.45,3.9,3.03,3.41,-0.06,-1.73%,66500
ENGS,2025-08-21,3.4434,3.5446,3.0742,3.32,-0.09,-2.64%,5700
ENGS,2025-08-22,3.36,4.05,3.305,4,0.68,+20.48%,94200
ENGS,2025-08-25,3.81,4.28,3.66,4.2,0.2,+5.00%,666500
ENGS,2025-08-26,4.26,4.35,4.01,4.31,0.11,+2.62%,144900
ENGS,2025-08-27,4.25,4.4609,4.01,4.23,-0.08,-1.86%,76800
ENGS,2025-08-28,4.23,4.42,4.07,4.25,0.02,+0.47%,45300
ENGS,2025-08-29,4.27,4.59,3.7,4.41,0.16,+3.76%,991300
ENGS,2025-09-02,4.4,4.8,4.4,4.58,0.17,+3.85%,119600
ENGS,2025-09-03,4.56,4.6688,4.33,4.36,-0.22,-4.80%,145400
ENGS,2025-09-04,4.3,4.73,4.01,4.59,0.23,+5.28%,784900
ENGS,2025-09-05,4.56,4.5999,4.32,4.33,-0.26,-5.66%,154600
ENGS,2025-09-08,4.0675,4.2925,3.89,4.24,-0.09,-2.08%,496300
ENGS,2025-09-09,4.18,6.18,4.0103,5.71,1.47,+34.67%,756200
ENGS,2025-09-10,5.3,6.81,5.2501,6.03,0.32,+5.60%,619400
ENGS,2025-09-11,6.12,7.95,5.78,6.49,0.46,+7.63%,718300
ENGS,2025-09-12,6.38,7.42,6.11,6.76,0.27,+4.16%,524600
ENGS,2025-09-15,6.93,7.49,6.76,7.3,0.54,+7.99%,2631100
ENGS,2025-09-16,7.12,7.3,5.5401,7.3,0,0.00%,704700
ENGS,2025-09-17,7,7.5953,6.77,7.26,-0.04,-0.55%,310100
ENGS,2025-09-18,7.26,7.4,7.1,7.22,-0.04,-0.55%,96100
ENGS,2025-09-19,7.2,7.45,7.15,7.45,0.23,+3.19%,557200
ENGS,2025-09-22,7.44,7.5,7.33,7.46,0.01,+0.13%,369000
ENGS,2025-09-23,7.49,7.68,7.25,7.39,-0.07,-0.94%,856300
ENGS,2025-09-24,7.39,7.58,6.6304,7.05,-0.34,-4.60%,1520900
ENGS,2025-09-25,7,7,6.63,6.81,-0.24,-3.40%,48000
ENGS,2025-09-26,6.98,7,6.59,6.59,-0.22,-3.23%,75800
ENGS,2025-09-29,6.54,6.69,6.14,6.41,-0.18,-2.73%,85500
ENGS,2025-09-30,6.41,6.48,6.1973,6.2,-0.21,-3.28%,38300
ENGS,2025-10-01,6.3,7,6.1725,6.73,0.53,+8.55%,46100
ENGS,2025-10-02,6.7,7,6.4999,6.92,0.19,+2.82%,23800
ENGS,2025-10-03,6.99,6.99,6.48,6.83,-0.09,-1.30%,42300
ENGS,2025-10-06,6.97,7.48,6.6,7.3,0.47,+6.88%,100600
ENGS,2025-10-07,7.3,7.52,7.1034,7.11,-0.19,-2.60%,551600
ENGS,2025-10-08,7.31,7.8,7.31,7.8,0.69,+9.70%,662400
ENGS,2025-10-09,7.99,7.99,7.35,7.43,-0.37,-4.74%,427600
ENGS,2025-10-10,7.49,7.55,7.25,7.43,0,0.00%,1385400
ENGS,2025-10-13,7.43,7.66,7.25,7.45,0.02,+0.27%,442700
ENGS,2025-10-14,7.35,8.225,7.35,7.95,0.5,+6.71%,507500
ENGS,2025-10-15,8.19,8.19,7.58,8.05,0.1,+1.26%,371000
ENGS,2025-10-16,8.05,8.3,7.72,7.86,-0.19,-2.36%,71600
ENGS,2025-10-17,7.86,7.98,7.73,7.91,0.05,+0.64%,748900
ENGS,2025-10-20,7.66,8.1,7.6407,7.91,0,0.00%,459400
ENGS,2025-10-21,7.99,8.21,7.89,8.15,0.24,+3.03%,573400
ENGS,2025-10-22,8.2,8.2,7.6,8.06,-0.09,-1.10%,641000
ENGS,2025-10-23,8.07,9.2,8.025,8.78,0.72,+8.93%,627600
ENGS,2025-10-24,8.72,8.83,8.3,8.35,-0.43,-4.90%,47400
ENGS,2025-10-27,8.48,8.62,7.98,8.27,-0.08,-0.96%,38500
ENGS,2025-10-28,8.33,8.79,8.33,8.49,0.22,+2.66%,16400
ENGS,2025-10-29,8.63,8.8023,8.5,8.75,0.26,+3.06%,15700
ENGS,2025-10-30,8.72,8.74,8.51,8.67,-0.08,-0.91%,17300
ENGS,2025-10-31,8.7,9.19,8.63,8.98,0.31,+3.58%,1069300
ENGS,2025-11-03,9.05,10.32,8.738,9.88,0.9,+10.02%,165400
ENGS,2025-11-04,9.87,11.12,9.66,11.01,1.13,+11.44%,469900
ENGS,2025-11-05,10.88,12.29,10.88,12.22,1.21,+10.99%,148600
ENGS,2025-11-06,12.3,12.48,2.25,3.96,-8.26,-67.59%,10458100
ENGS,2025-11-07,2.31,2.64,1.74,1.8,-2.16,-54.55%,2800000
ENGS,2025-11-10,1.44,1.47,1.08,1.18,-0.62,-34.44%,2528800
ENGS,2025-11-11,1.07,1.26,1.0604,1.13,-0.05,-4.24%,927900
ENGS,2025-11-12,1.12,1.56,1.0501,1.325,0.195,+17.26%,1475100
ENGS,2025-11-13,1.32,1.98,1.31,1.62,0.295,+22.26%,2809500
ENGS,2025-11-14,1.7,2.2313,1.63,1.71,0.09,+5.56%,2176900
ENGS,2025-11-17,1.75,1.93,1.73,1.87,0.16,+9.36%,874300
ENGS,2025-11-18,1.85,2.15,1.6701,1.77,-0.1,-5.35%,527100
ENGS,2025-11-19,1.72,1.8,1.31,1.44,-0.33,-18.64%,415300
ENGS,2025-11-20,1.43,1.59,1.39,1.49,0.05,+3.47%,263500
ENGS,2025-11-21,1.54,1.59,1.4102,1.43,-0.06,-4.03%,347900
ENGS,2025-11-24,1.43,1.46,1.24,1.24,-0.19,-13.29%,216200
ENGS,2025-11-25,1.18,1.35,1.11,1.2,-0.04,-3.23%,599100
ENGS,2025-11-26,1.21,1.2984,1.21,1.26,0.06,+5.00%,55900
ENGS,2025-11-28,1.23,1.27,1.16,1.17,-0.09,-7.14%,109200
ENGS,2025-12-01,1.18,1.18,1.031,1.05,-0.12,-10.26%,412300
ENGS,2025-12-02,1.04,1.05,0.9401,0.9401,-0.1099,-10.47%,434200
ENGS,2025-12-03,0.95,1.08,0.95,0.98,0.0399,+4.24%,1475200
ENGS,2025-12-04,0.98,0.9989,0.9025,0.91,-0.07,-7.14%,274900
ENGS,2025-12-05,0.9,0.9395,0.8,0.8001,-0.1099,-12.08%,354500
ENGS,2025-12-08,0.82,0.95,0.82,0.88,0.0799,+9.99%,208900
ENGS,2025-12-09,0.9,0.93,0.8767,0.9037,0.0237,+2.69%,60100
ENGS,2025-12-10,0.8852,0.9,0.81,0.81,-0.0937,-10.37%,132400
ENGS,2025-12-11,0.8394,0.8395,0.7,0.7352,-0.0748,-9.23%,430700
ENGS,2025-12-12,0.755,0.755,0.7,0.7003,-0.0349,-4.75%,149000
ENGS,2025-12-15,0.6983,0.73,0.6308,0.64,-0.0603,-8.61%,148800
ENGS,2025-12-16,0.6728,0.69,0.57,0.689,0.049,+7.66%,365500
ENGS,2025-12-17,0.6891,0.7399,0.6891,0.7125,0.0235,+3.41%,53900
ENGS,2025-12-18,0.731,0.819,0.731,0.819,0.1065,+14.95%,272500
ENGS,2025-12-19,0.817,0.8349,0.7643,0.7984,-0.0206,-2.52%,89200
ENGS,2025-12-22,0.8,1.1899,0.8,1.05,0.2516,+31.51%,1576300
ENGS,2025-12-23,0.9632,1.05,0.85,0.8801,-0.1699,-16.18%,286600
ENGS,2025-12-24,0.89,0.9,0.854,0.854,-0.0261,-2.97%,68900
ENGS,2025-12-26,0.81,0.8712,0.7101,0.8182,-0.0358,-4.19%,151900
ENGS,2025-12-29,0.8,0.84,0.783,0.79,-0.0282,-3.45%,69400
ENGS,2025-12-30,0.7801,0.85,0.77,0.792,0.002,+0.25%,93000
ENGS,2025-12-31,0.792,0.942,0.792,0.8517,0.0597,+7.54%,94100
ENGS,2026-01-02,0.8889,0.899,0.8254,0.8454,-0.0063,-0.74%,46500
ENGS,2026-01-05,0.81,0.88,0.81,0.8491,0.0037,+0.44%,41300
ENGS,2026-01-06,0.8568,0.9005,0.8463,0.8798,0.0307,+3.62%,57400
ENGS,2026-01-07,0.8544,0.8937,0.845,0.8507,-0.0291,-3.31%,47400
ENGS,2026-01-08,0.843,0.8989,0.843,0.845,-0.0057,-0.67%,24000
ENGS,2026-01-09,0.845,0.94,0.845,0.9364,0.0914,+10.82%,110800
ENGS,2026-01-12,0.86,1.16,0.86,1.04,0.1036,+11.06%,358000
ENGS,2026-01-13,1.04,1.04,0.9853,1.03,-0.01,-0.96%,75100
ENGS,2026-01-14,1.1,1.14,1,1.03,0,0.00%,103800
ENGS,2026-01-15,1.02,1.0932,1,1.03,0,0.00%,59500
ENGS,2026-01-16,1.07,1.07,1,1.04,0.01,+0.97%,29500
ENGS,2026-01-20,1,1.03,0.97,0.99,-0.05,-4.81%,41400
ENGS,2026-01-21,0.99,1.02,0.92,0.9559,-0.0341,-3.44%,33700
ENGS,2026-01-22,0.96,0.99,0.9301,0.97,0.0141,+1.48%,33200
ENGS,2026-01-23,1,1.19,0.9501,1.15,0.18,+18.56%,161300
ENGS,2026-01-26,1.15,1.15,0.9901,1.05,-0.1,-8.70%,34900
ENGS,2026-01-27,1.07,1.08,0.96,0.9904,-0.0596,-5.68%,61800
ENGS,2026-01-28,1,1.05,0.96,0.9885,-0.0019,-0.19%,30600
ENGS,2026-01-29,0.96,1.0396,0.94,0.9805,-0.008,-0.81%,68200
ENGS,2026-01-30,0.9511,0.976,0.9099,0.9227,-0.0578,-5.89%,47300
ENGS,2026-02-02,0.9,0.99,0.9,0.94,0.0173,+1.87%,43900
ENGS,2026-02-03,0.99,1.01,0.9,0.9886,0.0486,+5.17%,178200
ENGS,2026-02-04,0.9886,0.9886,0.71,0.8876,-0.101,-10.22%,342000
ENGS,2026-02-05,0.8615,0.8782,0.7527,0.7856,-0.102,-11.49%,78100
ENGS,2026-02-06,0.8,0.99,0.8,0.93,0.1444,+18.38%,119500
ENGS,2026-02-09,0.9121,0.9305,0.83,0.9201,-0.0099,-1.06%,46300
ENGS,2026-02-10,0.93,0.93,0.9,0.93,0.0099,+1.08%,10700
ENGS,2026-02-11,0.87,0.92,0.85,0.9,-0.03,-3.23%,48800
ENGS,2026-02-12,0.8253,0.9186,0.8253,0.9,0,0.00%,49000
ENGS,2026-02-13,0.9,0.9,0.85,0.9,0,0.00%,17900
ENGS,2026-02-17,0.9,0.9599,0.8501,0.9549,0.0549,+6.10%,44600
ENGS,2026-02-18,0.96,0.965,0.8802,0.9566,0.0017,+0.18%,54800
ENGS,2026-02-19,0.94,0.9566,0.88,0.92,-0.0366,-3.83%,27000
ENGS,2026-02-20,0.9,0.95,0.881,0.9172,-0.0028,-0.30%,43100
ENGS,2026-02-23,0.96,0.96,0.8826,0.92,0.0028,+0.31%,17600
ENGS,2026-02-24,0.9,0.94,0.85,0.9398,0.0198,+2.15%,30700
ENGS,2026-02-25,0.883,0.915,0.86,0.914,-0.0258,-2.75%,34200
ENGS,2026-02-26,0.88,0.9,0.8517,0.9,-0.014,-1.53%,34000
ENGS,2026-02-27,0.87,0.8995,0.841,0.875,-0.025,-2.78%,46400
ENGS,2026-03-02,0.8719,0.92,0.85,0.9068,0.0318,+3.63%,58600
ENGS,2026-03-03,0.8998,0.905,0.878,0.9017,-0.0051,-0.56%,25000
ENGS,2026-03-04,0.8612,0.9101,0.84,0.8401,-0.0616,-6.83%,194900
ENGS,2026-03-05,0.84,0.92,0.821,0.8652,0.0251,+2.99%,55300
ENGS,2026-03-06,0.8276,0.875,0.8,0.8477,-0.0175,-2.02%,110700
ENGS,2026-03-09,0.8307,0.8739,0.8078,0.8419,-0.0058,-0.68%,30500
ENGS,2026-03-10,0.84,0.86,0.82,0.8455,0.0036,+0.43%,47200
ENGS,2026-03-11,0.87,0.87,0.8,0.835,-0.0105,-1.24%,37500
ENGS,2026-03-12,0.82,0.84,0.78,0.839,0.004,+0.48%,33300
ENGS,2026-03-13,0.84,0.9098,0.84,0.875,0.036,+4.29%,682200
ENGS,2026-03-16,0.89,0.95,0.86,0.92,0.045,+5.14%,88900
ENGS,2026-03-17,0.925,0.935,0.8801,0.8801,-0.0399,-4.34%,37100
ENGS,2026-03-18,0.88,0.975,0.88,0.975,0.0949,+10.78%,99600
ENGS,2026-03-19,0.97,1.25,0.944,1.15,0.175,+17.95%,1794600
ENGS,2026-03-20,1.11,1.1279,0.98,1.03,-0.12,-10.43%,169600
ENGS,2026-03-23,1.02,1.115,1.01,1.04,0.01,+0.97%,41500
ENGS,2026-03-24,1.03,1.0993,0.98,1.02,-0.02,-1.92%,34300
ENGS,2026-03-25,1.04,1.3,1.01,1.11,0.09,+8.82%,2073400
ENGS,2026-03-26,1.12,1.18,1.12,1.14,0.03,+2.70%,501900
ENGS,2026-03-27,1.13,1.14,1.09,1.13,-0.01,-0.88%,264500
ENGS,2026-03-30,1.12,1.18,1.09,1.13,0,0.00%,300500
ENGS,2026-03-31,1.14,1.17,1.13,1.17,0.04,+3.54%,41800
ENGS,2026-04-01,1.155,1.25,1.14,1.18,0.01,+0.85%,783000
ENGS,2026-04-02,1.17,1.25,1.15,1.23,0.05,+4.24%,275500
ENGS,2026-04-06,1.25,1.35,1.22,1.22,-0.01,-0.81%,317600
ENGS,2026-04-07,1.2,1.275,1.2,1.2,-0.02,-1.64%,76600
ENGS,2026-04-08,1.26,1.28,1.2,1.2,0,0.00%,84900
ENGS,2026-04-09,1.21,1.2499,1.19,1.22,0.02,+1.67%,60400
ENGS,2026-04-10,1.22,1.26,1.2,1.2,-0.02,-1.64%,39200
ENGS,2026-04-13,1.23,1.265,1.1215,1.23,0.03,+2.50%,432500
ENGS,2026-04-14,1.25,1.25,1.12,1.15,-0.08,-6.50%,65000
ENGS,2026-04-15,1.18,1.2199,1.165,1.19,0.04,+3.48%,21600
ENGS,2026-04-16,1.16,1.18,1.15,1.17,-0.02,-1.68%,21600
ENGS,2026-04-17,1.15,1.25,1.14,1.21,0.04,+3.42%,2322100
ENGS,2026-04-20,1.21,1.24,1.19,1.2013,-0.0087,-0.72%,70400
ENGS,2026-04-21,1.2,1.23,1.17,1.19,-0.0113,-0.94%,88900
ENGS,2026-04-22,1.18,1.21,1.18,1.2,0.01,+0.84%,76300
ENGS,2026-04-23,1.19,1.2,1.1691,1.18,-0.02,-1.67%,148300
ENGS,2026-04-24,1.19,1.2,1.16,1.18,0,0.00%,121400
"Downloaded from Barchart.com as of 04-25-2026 08:00am CDT"
