Symbol,Time,Open,High,Low,Latest,Change,%Change,Volume
BLUW,2025-08-01,9.98,9.98,9.9769,9.9769,-0.0021,-0.02%,75200
BLUW,2025-08-04,9.97,9.97,9.97,9.97,-0.0069,-0.07%,1000
BLUW,2025-08-05,9.97,9.97,9.97,9.97,0,0.00%,325800
BLUW,2025-08-06,9.96,9.97,9.95,9.965,-0.005,-0.05%,7200
BLUW,2025-08-07,9.97,9.97,9.95,9.96,-0.005,-0.05%,445400
BLUW,2025-08-08,9.96,9.97,9.96,9.97,0.01,+0.10%,100300
BLUW,2025-08-11,9.97,9.975,9.97,9.975,0.005,+0.05%,476400
BLUW,2025-08-12,9.97,9.975,9.96,9.96,-0.015,-0.15%,36400
BLUW,2025-08-13,9.97,9.97,9.97,9.97,0.01,+0.10%,267800
BLUW,2025-08-14,9.97,9.98,9.96,9.96,-0.01,-0.10%,193500
BLUW,2025-08-15,9.96,9.97,9.96,9.97,0.01,+0.10%,236000
BLUW,2025-08-18,9.98,9.999,9.9554,9.9554,-0.0146,-0.15%,1000
BLUW,2025-08-19,9.96,9.96,9.96,9.96,0.0046,+0.05%,1000
BLUW,2025-08-20,9.97,9.97,9.96,9.97,0.01,+0.10%,75200
BLUW,2025-08-22,9.97,9.97,9.97,9.97,0,0.00%,39800
BLUW,2025-08-25,9.96,9.96,9.96,9.96,-0.01,-0.10%,200
BLUW,2025-08-26,9.96,9.965,9.95,9.96,0,0.00%,338900
BLUW,2025-08-27,9.95,9.96,9.95,9.955,-0.005,-0.05%,14200
BLUW,2025-08-28,9.965,9.965,9.95,9.95,-0.005,-0.05%,13500
BLUW,2025-08-29,9.95,9.955,9.94,9.94,-0.01,-0.10%,8400
BLUW,2025-09-02,9.95,9.96,9.94,9.94,0,0.00%,111200
BLUW,2025-09-03,9.95,9.97,9.95,9.9612,0.0212,+0.21%,643200
BLUW,2025-09-04,9.96,9.97,9.96,9.97,0.0088,+0.09%,434500
BLUW,2025-09-05,9.97,9.97,9.97,9.97,0,0.00%,48700
BLUW,2025-09-08,9.96,10,9.96,10,0.03,+0.30%,77900
BLUW,2025-09-09,10.0128,10.0128,9.99,10,0,0.00%,208300
BLUW,2025-09-10,10,10,9.99,9.99,-0.01,-0.10%,900
BLUW,2025-09-11,10,10,10,10,0.01,+0.10%,12100
BLUW,2025-09-12,9.97,9.9889,9.97,9.98,-0.02,-0.20%,150500
BLUW,2025-09-15,10,10,9.98,9.98,0,0.00%,9100
BLUW,2025-09-16,10,10,10,10,0.02,+0.20%,100
BLUW,2025-09-17,9.9873,9.99,9.9873,9.99,-0.01,-0.10%,300
BLUW,2025-09-18,9.9804,9.9804,9.97,9.97,-0.02,-0.20%,5400
BLUW,2025-09-19,9.97,9.99,9.97,9.99,0.02,+0.20%,38200
BLUW,2025-09-22,9.97,9.97,9.96,9.96,-0.03,-0.30%,5000
BLUW,2025-09-23,9.96,9.96,9.96,9.96,0,0.00%,100
BLUW,2025-09-24,9.97,9.985,9.97,9.985,0.025,+0.25%,12000
BLUW,2025-09-25,9.97,9.97,9.97,9.97,-0.015,-0.15%,1600
BLUW,2025-09-26,9.9748,9.9748,9.9699,9.97,0,0.00%,26700
BLUW,2025-09-29,9.97,9.97,9.97,9.97,0,0.00%,24800
BLUW,2025-10-01,10.029,10.029,10.029,10.029,0.059,+0.59%,100
BLUW,2025-10-03,9.99,10,9.9897,10,-0.029,-0.29%,111400
BLUW,2025-10-06,10,10,10,10,0,0.00%,16000
BLUW,2025-10-07,10,10,9.99,10,0,0.00%,2500
BLUW,2025-10-08,10.03,10.03,10,10,0,0.00%,19500
BLUW,2025-10-09,9.97,9.97,9.97,9.97,-0.03,-0.30%,300
BLUW,2025-10-10,9.98,9.98,9.98,9.98,0.01,+0.10%,300
BLUW,2025-10-13,9.9874,9.99,9.9874,9.99,0.01,+0.10%,1100
BLUW,2025-10-14,10,10.03,10,10.03,0.04,+0.40%,189900
BLUW,2025-10-15,10.03,10.0321,10.03,10.0321,0.0021,+0.02%,52300
BLUW,2025-10-16,10.0115,10.0115,10.0115,10.0115,-0.0206,-0.21%,1000
BLUW,2025-10-21,9.99,10.0201,9.98,10.02,0.0085,+0.08%,74900
BLUW,2025-10-22,10.03,10.04,10.03,10.04,0.02,+0.20%,37300
BLUW,2025-10-23,10.0143,10.0143,10.0143,10.0143,-0.0257,-0.26%,1700
BLUW,2025-10-24,10.03,10.03,10.0244,10.03,0.0157,+0.16%,9000
BLUW,2025-10-27,10.04,10.04,10.03,10.03,0,0.00%,100100
BLUW,2025-10-28,10.04,10.04,10.04,10.04,0.01,+0.10%,100
BLUW,2025-10-29,10.05,10.05,10.05,10.05,0.01,+0.10%,11500
BLUW,2025-10-30,10.0324,10.0324,10.0324,10.0324,-0.0176,-0.18%,200
BLUW,2025-10-31,10.01,10.01,10.01,10.01,-0.0224,-0.22%,200
BLUW,2025-11-04,10.04,10.04,10.04,10.04,0.03,+0.30%,400
BLUW,2025-11-05,10.05,10.065,10.05,10.05,0.01,+0.10%,47800
BLUW,2025-11-06,10.07,10.07,10,10,-0.05,-0.50%,1400
BLUW,2025-11-07,10.0406,10.0406,10.0406,10.0406,0.0406,+0.41%,100
BLUW,2025-11-10,10.015,10.04,10.015,10.04,-0.0006,-0.01%,500
BLUW,2025-11-11,10.05,10.05,10.05,10.05,0.01,+0.10%,50400
BLUW,2025-11-12,10.05,10.05,10.05,10.05,0,0.00%,100
BLUW,2025-11-13,10.05,10.06,10.05,10.06,0.01,+0.10%,300
BLUW,2025-11-14,10.06,10.06,10.06,10.06,0,0.00%,600
BLUW,2025-11-17,10.06,10.06,10.06,10.06,0,0.00%,199900
BLUW,2025-11-19,10.03,10.07,10.0231,10.07,0.01,+0.10%,1800
BLUW,2025-11-25,10.06,10.06,10.05,10.06,-0.01,-0.10%,40900
BLUW,2025-12-01,10.4,10.41,10.32,10.355,0.295,+2.93%,4200100
BLUW,2025-12-02,10.35,10.36,10.35,10.35,-0.005,-0.05%,464900
BLUW,2025-12-03,10.35,10.36,10.34,10.35,0,0.00%,217100
BLUW,2025-12-04,10.33,10.36,10.33,10.33,-0.02,-0.19%,219100
BLUW,2025-12-05,10.35,10.36,10.35,10.35,0.02,+0.19%,51700
BLUW,2025-12-08,10.37,10.39,10.35,10.35,0,0.00%,5300
BLUW,2025-12-09,10.33,10.34,10.32,10.33,-0.02,-0.19%,318000
BLUW,2025-12-10,10.33,10.33,10.31,10.31,-0.02,-0.19%,110600
BLUW,2025-12-11,10.33,10.33,10.32,10.32,0.01,+0.10%,341300
BLUW,2025-12-12,10.32,10.325,10.31,10.31,-0.01,-0.10%,15900
BLUW,2025-12-15,10.31,10.31,10.29,10.29,-0.02,-0.19%,35600
BLUW,2025-12-16,10.2558,10.2558,10.25,10.25,-0.04,-0.39%,13300
BLUW,2025-12-17,10.25,10.25,10.23,10.245,-0.005,-0.05%,37900
BLUW,2025-12-18,10.25,10.25,10.25,10.25,0.005,+0.05%,600
BLUW,2025-12-19,10.245,10.36,10.245,10.3,0.05,+0.49%,236000
BLUW,2025-12-22,10.26,10.29,10.26,10.27,-0.03,-0.29%,58100
BLUW,2025-12-23,10.29,10.345,10.2891,10.31,0.04,+0.39%,80500
BLUW,2025-12-24,10.32,10.32,10.27,10.27,-0.04,-0.39%,1200
BLUW,2025-12-26,10.29,10.29,10.29,10.29,0.02,+0.19%,400
BLUW,2025-12-29,10.31,10.32,10.3,10.3,0.01,+0.10%,34200
BLUW,2025-12-30,10.31,10.31,10.31,10.31,0.01,+0.10%,700
BLUW,2025-12-31,10.39,10.39,10.32,10.32,0.01,+0.10%,400
BLUW,2026-01-02,10.35,10.35,10.32,10.33,0.01,+0.10%,1100
BLUW,2026-01-05,10.36,10.36,10.31,10.34,0.01,+0.10%,6100
BLUW,2026-01-06,10.37,10.37,10.32,10.345,0.005,+0.05%,222000
BLUW,2026-01-07,10.26,10.35,10.26,10.33,-0.015,-0.14%,12900
BLUW,2026-01-08,10.301,10.3486,10.3,10.33,0,0.00%,5100
BLUW,2026-01-09,10.26,10.39,10.26,10.28,-0.05,-0.48%,62000
BLUW,2026-01-12,10.35,10.37,10.3,10.34,0.06,+0.58%,400
BLUW,2026-01-14,10.28,10.36,10.28,10.28,-0.06,-0.58%,700
BLUW,2026-01-15,10.28,10.29,10.28,10.29,0.01,+0.10%,400
BLUW,2026-01-16,10.28,10.29,10.28,10.28,-0.01,-0.10%,400
BLUW,2026-01-20,10.35,10.35,10.26,10.2833,0.0033,+0.03%,29600
BLUW,2026-01-21,10.28,10.33,10.245,10.29,0.0067,+0.07%,167300
BLUW,2026-01-22,10.3071,10.3201,10.26,10.32,0.03,+0.29%,196600
BLUW,2026-01-23,10.33,10.3546,10.33,10.33,0.01,+0.10%,58500
BLUW,2026-01-26,10.321,10.325,10.32,10.32,-0.01,-0.10%,11600
BLUW,2026-01-27,10.32,10.32,10.32,10.32,0,0.00%,400
BLUW,2026-01-28,10.36,10.36,10.32,10.32,0,0.00%,500
BLUW,2026-01-29,10.35,10.35,10.325,10.33,0.01,+0.10%,253900
BLUW,2026-01-30,10.35,10.355,10.34,10.34,0.01,+0.10%,4200
BLUW,2026-02-02,10.34,10.34,10.33,10.33,-0.01,-0.10%,77300
BLUW,2026-02-03,10.33,10.34,10.32,10.34,0.01,+0.10%,29600
BLUW,2026-02-04,10.32,10.35,10.32,10.34,0,0.00%,900
BLUW,2026-02-05,10.32,10.36,10.32,10.32,-0.02,-0.19%,29400
BLUW,2026-02-06,10.32,10.36,10.32,10.34,0.02,+0.19%,3200
BLUW,2026-02-09,10.36,10.4,10.34,10.38,0.04,+0.39%,80200
BLUW,2026-02-10,10.39,10.39,10.33,10.33,-0.05,-0.48%,3900
BLUW,2026-02-11,10.35,10.38,10.32,10.32,-0.01,-0.10%,60500
BLUW,2026-02-12,10.39,10.39,10.32,10.32,0,0.00%,40700
BLUW,2026-02-13,10.38,10.38,10.32,10.35,0.03,+0.29%,97800
BLUW,2026-02-17,10.36,10.37,10.32,10.37,0.02,+0.19%,44500
BLUW,2026-02-18,10.36,10.36,10.36,10.36,-0.01,-0.10%,200
BLUW,2026-02-19,10.34,10.34,10.31,10.31,-0.05,-0.48%,37800
BLUW,2026-02-20,10.35,10.35,10.35,10.35,0.04,+0.39%,200
BLUW,2026-02-23,10.345,10.345,10.31,10.31,-0.04,-0.39%,1700
BLUW,2026-02-24,10.38,10.38,10.38,10.38,0.07,+0.68%,44600
BLUW,2026-02-25,10.31,10.37,10.31,10.31,-0.07,-0.67%,500
BLUW,2026-02-26,10.37,10.37,10.37,10.37,0.06,+0.58%,100
BLUW,2026-02-27,10.31,10.34,10.3,10.34,-0.03,-0.29%,8800
BLUW,2026-03-02,10.37,10.37,10.32,10.32,-0.02,-0.19%,12400
BLUW,2026-03-03,10.38,10.38,10.3,10.31,-0.01,-0.10%,1000
BLUW,2026-03-04,10.35,10.35,10.3,10.32,0.01,+0.10%,45900
BLUW,2026-03-05,10.33,10.33,10.31,10.31,-0.01,-0.10%,18500
BLUW,2026-03-06,10.31,10.31,10.31,10.31,0,0.00%,400
BLUW,2026-03-09,10.38,10.38,10.37,10.37,0.06,+0.58%,11600
BLUW,2026-03-12,10.3,10.305,10.3,10.305,-0.065,-0.63%,31500
BLUW,2026-03-13,10.29,10.3,10.29,10.3,-0.005,-0.05%,1200
BLUW,2026-03-17,10.36,10.36,10.36,10.36,0.06,+0.58%,100
BLUW,2026-03-19,10.3,10.3,10.29,10.3,-0.06,-0.58%,12800
BLUW,2026-03-24,10.32,10.32,10.32,10.32,0.02,+0.19%,100
BLUW,2026-03-26,10.28,10.31,10.28,10.31,-0.01,-0.10%,400
BLUW,2026-03-27,10.28,10.28,10.26,10.26,-0.05,-0.48%,104100
BLUW,2026-03-30,10.28,10.28,10.25,10.28,0.02,+0.19%,400
BLUW,2026-04-01,10.29,10.3,10.285,10.3,0.02,+0.19%,11300
BLUW,2026-04-02,10.31,10.31,10.28,10.285,-0.015,-0.15%,5200
BLUW,2026-04-06,10.28,10.28,10.25,10.26,-0.025,-0.24%,204200
BLUW,2026-04-07,10.25,10.27,10.25,10.27,0.01,+0.10%,2200
BLUW,2026-04-08,10.27,10.27,10.24,10.255,-0.015,-0.15%,1700
BLUW,2026-04-09,10.25,10.26,10.25,10.255,0,0.00%,491700
BLUW,2026-04-10,10.27,10.27,10.27,10.27,0.015,+0.15%,1000
BLUW,2026-04-13,10.26,10.26,10.25,10.255,-0.015,-0.15%,5900
BLUW,2026-04-15,10.255,10.255,10.25,10.25,-0.005,-0.05%,9200
BLUW,2026-04-16,10.25,10.255,10.25,10.255,0.005,+0.05%,12100
BLUW,2026-04-17,10.255,10.255,10.255,10.255,0,0.00%,600
BLUW,2026-04-20,10.255,10.255,10.255,10.255,0,0.00%,1000
BLUW,2026-04-21,10.255,10.26,10.255,10.26,0.005,+0.05%,6700
BLUW,2026-04-22,10.255,10.265,10.255,10.265,0.005,+0.05%,11800
BLUW,2026-04-23,10.25,10.27,10.25,10.255,-0.01,-0.10%,1200
BLUW,2026-04-24,10.26,10.26,10.26,10.26,0.005,+0.05%,25900
BLZE,2021-11-11,19,22.25,18.23,19.9,9.64,+93.96%,7541700
BLZE,2021-11-12,20.9,23.01,20.11,22.04,2.14,+10.75%,2415700
BLZE,2021-11-15,26.5,28.59,24.55,25.5,3.46,+15.70%,4275300
BLZE,2021-11-16,26.14,31.5,26.14,31.5,6,+23.53%,2613200
BLZE,2021-11-17,33,36.5,28.34,31.16,-0.34,-1.08%,3379900
BLZE,2021-11-18,27.9,31,27,30.94,-0.22,-0.71%,885200
BLZE,2021-11-19,30.74,30.89,25.79,27.05,-3.89,-12.57%,795100
BLZE,2021-11-22,29.08,30.39,27.51,27.86,0.81,+2.99%,439200
BLZE,2021-11-23,27.85,28,23.5,24.57,-3.29,-11.81%,524900
BLZE,2021-11-24,25,26.43,24.5,26,1.43,+5.82%,232300
BLZE,2021-11-26,24.65,26.49,24.1,25.67,-0.33,-1.27%,198500
BLZE,2021-11-29,25.76,26.5,22.0501,22.41,-3.26,-12.70%,556000
BLZE,2021-11-30,22.41,23.32,20.53,21.47,-0.94,-4.19%,598400
BLZE,2021-12-01,21.76,24.2,19.5,19.74,-1.73,-8.06%,737400
BLZE,2021-12-02,19.8,23.44,19.8,21.86,2.12,+10.74%,795400
BLZE,2021-12-03,22.02,23.27,20.5,22.49,0.63,+2.88%,553700
BLZE,2021-12-06,23.3646,23.3646,21.05,22.4,-0.09,-0.40%,431300
BLZE,2021-12-07,22.7,25.14,22.06,24,1.6,+7.14%,287500
BLZE,2021-12-08,24.86,24.94,23.2,24.09,0.09,+0.38%,163400
BLZE,2021-12-09,23.85,24.689,23.2,23.62,-0.47,-1.95%,285700
BLZE,2021-12-10,23.7,24,21.44,21.56,-2.06,-8.72%,266000
BLZE,2021-12-13,22.22,22.6,20.66,21.38,-0.18,-0.83%,217500
BLZE,2021-12-14,20.75,21.86,20.26,20.57,-0.81,-3.79%,281100
BLZE,2021-12-15,20.64,20.84,16.8301,18.65,-1.92,-9.33%,998900
BLZE,2021-12-16,19.06,21.18,18.97,19.48,0.83,+4.45%,523500
BLZE,2021-12-17,19.2,19.33,17,17.16,-2.32,-11.91%,692400
BLZE,2021-12-20,16.87,19.53,16.5,19.49,2.33,+13.58%,216200
BLZE,2021-12-21,19.5,19.5,17.91,18.57,-0.92,-4.72%,345000
BLZE,2021-12-22,18.57,18.65,17.6909,17.87,-0.7,-3.77%,119900
BLZE,2021-12-23,18.06,18.9,17.65,18.67,0.8,+4.48%,122339
BLZE,2021-12-27,18.67,18.6815,18.13,18.56,-0.11,-0.59%,55200
BLZE,2021-12-28,18.54,18.59,17,17.52,-1.04,-5.60%,217600
BLZE,2021-12-29,17.46,17.59,16.785,17.48,-0.04,-0.23%,188600
BLZE,2021-12-30,17.48,17.95,17.16,17.49,0.01,+0.06%,137900
BLZE,2021-12-31,17.38,17.5,16.8,16.89,-0.6,-3.43%,111400
BLZE,2022-01-03,17.05,18.16,16.89,17.88,0.99,+5.86%,70400
BLZE,2022-01-04,17.8,17.8,17.1,17.26,-0.62,-3.47%,178800
BLZE,2022-01-05,17.27,17.79,16.02,16.15,-1.11,-6.43%,141800
BLZE,2022-01-06,16.04,16.719,15.11,15.61,-0.54,-3.34%,204600
BLZE,2022-01-07,15.73,16.3999,15.3048,16.04,0.43,+2.75%,62700
BLZE,2022-01-10,16,16.175,13.51,13.7,-2.34,-14.59%,496600
BLZE,2022-01-11,14.1,14.73,13.9,14.33,0.63,+4.60%,252800
BLZE,2022-01-12,14.42,14.8,14.01,14.4,0.07,+0.49%,107000
BLZE,2022-01-13,14.77,14.78,13.38,13.54,-0.86,-5.97%,147200
BLZE,2022-01-14,13.75,14.1,13,13.1,-0.44,-3.25%,252200
BLZE,2022-01-18,13.01,13.4108,12.14,12.75,-0.35,-2.67%,171000
BLZE,2022-01-19,13,13.62,12.68,13.41,0.66,+5.18%,179400
BLZE,2022-01-20,13.41,13.8883,12.96,13.11,-0.3,-2.24%,85300
BLZE,2022-01-21,12.98,12.98,12,12.29,-0.82,-6.25%,237600
BLZE,2022-01-24,12.25,13.08,11.11,13.08,0.79,+6.43%,183300
BLZE,2022-01-25,13,13,12.2,12.68,-0.4,-3.06%,95500
BLZE,2022-01-26,13.15,13.445,12.31,12.55,-0.13,-1.03%,83000
BLZE,2022-01-27,12.56,12.6,11.8,12.11,-0.44,-3.51%,79400
BLZE,2022-01-28,12.11,12.53,11.53,12.43,0.32,+2.64%,71800
BLZE,2022-01-31,12.5,13.38,12.26,13.23,0.8,+6.44%,80900
BLZE,2022-02-01,13.5,13.9999,13.1605,13.65,0.42,+3.17%,41200
BLZE,2022-02-02,14.24,14.24,12.33,12.81,-0.84,-6.15%,130700
BLZE,2022-02-03,12.43,12.8484,11.88,11.97,-0.84,-6.56%,60100
BLZE,2022-02-04,12.13,13.295,11.985,12.96,0.99,+8.27%,69900
BLZE,2022-02-07,12.96,13.96,12.6664,13.8,0.84,+6.48%,104500
BLZE,2022-02-08,13.81,14.555,13.56,13.94,0.14,+1.01%,88000
BLZE,2022-02-09,14.12,14.93,14.12,14.885,0.945,+6.78%,68200
BLZE,2022-02-10,14.66,15.89,14.485,15.1,0.215,+1.44%,101900
BLZE,2022-02-11,15.1,15.43,13.2,13.29,-1.81,-11.99%,122500
BLZE,2022-02-14,13.26,13.79,12.9371,13.24,-0.05,-0.38%,48000
BLZE,2022-02-15,13.27,15.09,13.27,14.95,1.71,+12.92%,92200
BLZE,2022-02-16,14.98,15.38,13.86,15.38,0.43,+2.88%,114700
BLZE,2022-02-17,15.38,15.38,13.325,13.87,-1.51,-9.82%,168700
BLZE,2022-02-18,13.6,13.68,8.75,9.89,-3.98,-28.70%,1308300
BLZE,2022-02-22,9.93,10.83,9.9,10.39,0.5,+5.06%,174500
BLZE,2022-02-23,10.54,11.2219,10.26,11.1,0.71,+6.83%,128900
BLZE,2022-02-24,10.4,12.4499,10.01,12.26,1.16,+10.45%,139600
BLZE,2022-02-25,12.26,12.26,9.76,10.66,-1.6,-13.05%,335700
BLZE,2022-02-28,10.68,11.6008,10.52,11.38,0.72,+6.75%,60700
BLZE,2022-03-01,11.25,11.92,10.96,10.97,-0.41,-3.60%,78200
BLZE,2022-03-02,10.96,11.7672,10.95,11.69,0.72,+6.56%,48900
BLZE,2022-03-03,11.7,11.7,10.87,10.93,-0.76,-6.50%,47100
BLZE,2022-03-04,10.79,11.07,10.01,11.06,0.13,+1.19%,118600
BLZE,2022-03-07,11.21,11.21,10,10,-1.06,-9.58%,136200
BLZE,2022-03-08,10,10.58,9.3335,10.47,0.47,+4.70%,122000
BLZE,2022-03-09,10.77,11.18,10.4501,10.95,0.48,+4.58%,77300
BLZE,2022-03-10,10.69,10.91,10.45,10.74,-0.21,-1.92%,29900
BLZE,2022-03-11,10.89,10.895,9.9,9.9,-0.84,-7.82%,71800
BLZE,2022-03-14,9.9,9.91,9.12,9.34,-0.56,-5.66%,109800
BLZE,2022-03-15,9.52,9.998,9.22,9.75,0.41,+4.39%,56700
BLZE,2022-03-16,9.92,10.66,9.76,10.62,0.87,+8.92%,119700
BLZE,2022-03-17,10.5,11.24,10.2,11.2,0.58,+5.46%,118700
BLZE,2022-03-18,11.02,11.6,11,11.39,0.19,+1.70%,180900
BLZE,2022-03-21,11.3,11.53,11.01,11.53,0.14,+1.23%,110600
BLZE,2022-03-22,11.52,11.9399,11.28,11.54,0.01,+0.09%,109300
BLZE,2022-03-23,11.43,11.745,10.68,10.68,-0.86,-7.45%,55300
BLZE,2022-03-24,10.92,11.32,10.2812,11.22,0.54,+5.06%,50500
BLZE,2022-03-25,11.2,11.2,10.59,10.86,-0.36,-3.21%,43400
BLZE,2022-03-28,10.97,11.44,10.68,11.17,0.31,+2.85%,41700
BLZE,2022-03-29,11.28,11.635,11,11.23,0.06,+0.54%,36900
BLZE,2022-03-30,11.23,11.525,11,11.1,-0.13,-1.16%,39400
BLZE,2022-03-31,11.18,11.18,10.67,10.67,-0.43,-3.87%,28700
BLZE,2022-04-01,10.83,11.13,10.67,10.85,0.18,+1.69%,23900
BLZE,2022-04-04,10.96,11.4364,10.94,11.13,0.28,+2.58%,36600
BLZE,2022-04-05,11.25,11.4,10.67,10.79,-0.34,-3.05%,29800
BLZE,2022-04-06,10.75,10.82,10,10.59,-0.2,-1.85%,52800
BLZE,2022-04-07,10.59,10.62,10.09,10.33,-0.26,-2.46%,43100
BLZE,2022-04-08,10.44,10.47,10.295,10.35,0.02,+0.19%,25100
BLZE,2022-04-11,10.35,10.65,9.9,10.19,-0.16,-1.55%,52600
BLZE,2022-04-12,10.36,10.6,9.9101,10.33,0.14,+1.37%,16600
BLZE,2022-04-13,10.24,10.74,10.13,10.69,0.36,+3.48%,42500
BLZE,2022-04-14,10.58,10.58,10.04,10.1,-0.59,-5.52%,40900
BLZE,2022-04-18,10.08,10.165,9.61,9.75,-0.35,-3.47%,66600
BLZE,2022-04-19,9.67,10.55,9.6,10.44,0.69,+7.08%,39400
BLZE,2022-04-20,10.57,10.95,10.14,10.36,-0.08,-0.77%,270900
BLZE,2022-04-21,10.48,10.95,9.95,10.1,-0.26,-2.51%,249500
BLZE,2022-04-22,10.1,10.21,9.75,10.04,-0.06,-0.59%,221400
BLZE,2022-04-25,9.9,10.79,9.6,10.19,0.15,+1.49%,232900
BLZE,2022-04-26,10.03,10.29,9.37,9.86,-0.33,-3.24%,334900
BLZE,2022-04-27,9.87,10.2,9.25,9.46,-0.4,-4.06%,89400
BLZE,2022-04-28,9.62,10.1206,9.14,9.67,0.21,+2.22%,215000
BLZE,2022-04-29,9.69,9.99,9.38,9.48,-0.19,-1.96%,40300
BLZE,2022-05-02,9.38,9.76,9.25,9.71,0.23,+2.43%,35700
BLZE,2022-05-03,9.66,10.11,9.3039,9.78,0.07,+0.72%,39200
BLZE,2022-05-04,9.92,10.35,9.35,10.34,0.56,+5.73%,66000
BLZE,2022-05-05,10.2,10.2,9.62,9.65,-0.69,-6.67%,43500
BLZE,2022-05-06,9.31,9.31,7.7,7.79,-1.86,-19.27%,443400
BLZE,2022-05-09,7.84,7.84,6.3,6.5,-1.29,-16.56%,208700
BLZE,2022-05-10,6.31,7.18,5.75,7,0.5,+7.69%,333900
BLZE,2022-05-11,6.89,7.19,5.855,5.99,-1.01,-14.43%,174100
BLZE,2022-05-12,6,6.45,5.78,5.96,-0.03,-0.50%,192200
BLZE,2022-05-13,6.25,6.47,5.9901,6.16,0.2,+3.36%,278800
BLZE,2022-05-16,6.01,6.43,5.73,6.27,0.11,+1.79%,235800
BLZE,2022-05-17,6.48,6.62,6.15,6.42,0.15,+2.39%,171500
BLZE,2022-05-18,6.35,6.39,5.95,6.04,-0.38,-5.92%,257900
BLZE,2022-05-19,5.97,6.4,5.76,6.23,0.19,+3.15%,135400
BLZE,2022-05-20,6.23,6.2732,5.6,5.85,-0.38,-6.10%,166100
BLZE,2022-05-23,6,6.1,5.675,5.75,-0.1,-1.71%,101300
BLZE,2022-05-24,5.6,5.795,5.28,5.48,-0.27,-4.70%,138400
BLZE,2022-05-25,5.49,5.94,5.36,5.78,0.3,+5.47%,75600
BLZE,2022-05-26,5.71,6.16,5.7,6.04,0.26,+4.50%,65800
BLZE,2022-05-27,6.04,6.27,5.98,6.14,0.1,+1.66%,194000
BLZE,2022-05-31,6.11,6.81,6.03,6.36,0.22,+3.58%,159200
BLZE,2022-06-01,6.4,6.77,6.03,6.08,-0.28,-4.40%,72600
BLZE,2022-06-02,6.01,6.38,6.01,6.31,0.23,+3.78%,161000
BLZE,2022-06-03,6.3,6.75,6.15,6.19,-0.12,-1.90%,119100
BLZE,2022-06-06,6.31,6.44,5.68,5.82,-0.37,-5.98%,157900
BLZE,2022-06-07,5.83,6.25,5.67,6.19,0.37,+6.36%,75300
BLZE,2022-06-08,6.13,6.32,5.8719,6.14,-0.05,-0.81%,85900
BLZE,2022-06-09,6.07,6.07,5.82,5.86,-0.28,-4.56%,76300
BLZE,2022-06-10,5.72,5.7683,5.25,5.54,-0.32,-5.46%,145000
BLZE,2022-06-13,5.32,5.32,5.09,5.15,-0.39,-7.04%,99900
BLZE,2022-06-14,5.2,5.49,5.02,5.2,0.05,+0.97%,93600
BLZE,2022-06-15,5.19,5.45,5.03,5.29,0.09,+1.73%,95100
BLZE,2022-06-16,5.14,5.22,4.87,5.03,-0.26,-4.91%,99400
BLZE,2022-06-17,5.1,5.25,4.93,4.94,-0.09,-1.79%,143400
BLZE,2022-06-21,5.15,5.6,5.115,5.13,0.19,+3.85%,87200
BLZE,2022-06-22,5.1,5.36,5.01,5.13,0,0.00%,77300
BLZE,2022-06-23,5.19,5.28,4.97,5.2,0.07,+1.36%,100000
BLZE,2022-06-24,5.32,5.6,5.29,5.54,0.34,+6.54%,66800
BLZE,2022-06-27,5.49,5.51,5.2,5.2,-0.34,-6.14%,78700
BLZE,2022-06-28,5.24,5.33,4.99,5.18,-0.02,-0.38%,261600
BLZE,2022-06-29,5.07,5.07,4.92,4.95,-0.23,-4.44%,59600
BLZE,2022-06-30,4.9,5.58,4.85,5.23,0.28,+5.66%,124800
BLZE,2022-07-01,5.15,5.1739,4.85,5.07,-0.16,-3.06%,170300
BLZE,2022-07-05,5,5.47,5,5.44,0.37,+7.30%,68600
BLZE,2022-07-06,5.38,5.5,5.15,5.17,-0.27,-4.96%,36400
BLZE,2022-07-07,5.16,5.5,5.16,5.44,0.27,+5.22%,63000
BLZE,2022-07-08,5.31,5.65,5.21,5.57,0.13,+2.39%,49800
BLZE,2022-07-11,5.44,5.44,5.05,5.09,-0.48,-8.62%,49800
BLZE,2022-07-12,5.04,5.15,4.85,4.98,-0.11,-2.16%,145900
BLZE,2022-07-13,4.95,5.27,4.91,5.07,0.09,+1.81%,61000
BLZE,2022-07-14,4.99,5.12,4.93,5.04,-0.03,-0.59%,45200
BLZE,2022-07-15,5.05,5.105,4.91,5.01,-0.03,-0.60%,69100
BLZE,2022-07-18,5.04,5.31,5.04,5.25,0.24,+4.79%,87800
BLZE,2022-07-19,5.27,5.5489,5.25,5.42,0.17,+3.24%,63900
BLZE,2022-07-20,5.43,5.69,5.43,5.58,0.16,+2.95%,54200
BLZE,2022-07-21,5.52,5.5213,5.17,5.22,-0.36,-6.45%,49100
BLZE,2022-07-22,5.19,5.31,4.88,5,-0.22,-4.21%,127900
BLZE,2022-07-25,5.01,5.18,4.9,5.09,0.09,+1.80%,155500
BLZE,2022-07-26,5.02,5.08,4.81,4.96,-0.13,-2.55%,273500
BLZE,2022-07-27,5.08,5.42,5.04,5.32,0.36,+7.26%,376500
BLZE,2022-07-28,5.33,5.68,5.16,5.59,0.27,+5.08%,361500
BLZE,2022-07-29,5.52,5.65,5.32,5.62,0.03,+0.54%,229700
BLZE,2022-08-01,5.52,5.6,5.33,5.44,-0.18,-3.20%,72400
BLZE,2022-08-02,5.43,5.825,5.41,5.69,0.25,+4.60%,120100
BLZE,2022-08-03,5.77,6.1487,5.745,6.01,0.32,+5.62%,126600
BLZE,2022-08-04,6.1,6.38,6.05,6.24,0.23,+3.83%,98500
BLZE,2022-08-05,6.13,6.6,6.12,6.6,0.36,+5.77%,77400
BLZE,2022-08-08,6.99,7.16,6.63,6.96,0.36,+5.45%,167800
BLZE,2022-08-09,6.92,6.94,6.63,6.7,-0.26,-3.74%,75100
BLZE,2022-08-10,7,7.24,6.8179,7.07,0.37,+5.52%,210800
BLZE,2022-08-11,7.24,7.8399,7.12,7.77,0.7,+9.90%,327800
BLZE,2022-08-12,7.79,8.2,7.47,7.6,-0.17,-2.19%,157500
BLZE,2022-08-15,7.56,7.59,7.1379,7.49,-0.11,-1.45%,135700
BLZE,2022-08-16,7.55,7.78,7.3512,7.74,0.25,+3.34%,127900
BLZE,2022-08-17,7.54,7.69,7.32,7.52,-0.22,-2.84%,97500
BLZE,2022-08-18,7.47,7.76,7.29,7.6,0.08,+1.06%,83100
BLZE,2022-08-19,7.35,7.72,7.35,7.5,-0.1,-1.32%,84100
BLZE,2022-08-22,7.18,7.72,7.18,7.66,0.16,+2.13%,154500
BLZE,2022-08-23,7.59,7.8,7.43,7.48,-0.18,-2.35%,173000
BLZE,2022-08-24,7.49,7.95,7.48,7.68,0.2,+2.67%,113600
BLZE,2022-08-25,7.79,7.95,7.68,7.95,0.27,+3.52%,95000
BLZE,2022-08-26,7.9,7.9707,7.4139,7.55,-0.4,-5.03%,113500
BLZE,2022-08-29,7.37,7.5699,7.2955,7.43,-0.12,-1.59%,111200
BLZE,2022-08-30,7.43,7.49,6.85,6.91,-0.52,-7.00%,88000
BLZE,2022-08-31,6.86,6.9784,6.49,6.51,-0.4,-5.79%,85200
BLZE,2022-09-01,6.33,6.41,6.17,6.32,-0.19,-2.92%,91000
BLZE,2022-09-02,6.43,6.4326,6.19,6.25,-0.07,-1.11%,49500
BLZE,2022-09-06,6.22,6.28,5.95,5.95,-0.3,-4.80%,68900
BLZE,2022-09-07,6.01,6.27,5.85,6.13,0.18,+3.03%,64300
BLZE,2022-09-08,6.12,6.31,5.96,6.18,0.05,+0.82%,55100
BLZE,2022-09-09,6.32,6.545,6.21,6.38,0.2,+3.24%,60400
BLZE,2022-09-12,6.47,6.48,6.245,6.37,-0.01,-0.16%,55500
BLZE,2022-09-13,6.36,6.36,5.64,5.68,-0.69,-10.83%,97800
BLZE,2022-09-14,5.58,5.8,5.5,5.6,-0.08,-1.41%,71400
BLZE,2022-09-15,5.6,5.64,5.4,5.42,-0.18,-3.21%,91100
BLZE,2022-09-16,5.4,5.411,5.2,5.24,-0.18,-3.32%,123100
BLZE,2022-09-19,5.2,5.2985,5.1,5.17,-0.07,-1.34%,73500
BLZE,2022-09-20,5.12,5.18,5.01,5.03,-0.14,-2.71%,57600
BLZE,2022-09-21,5.12,5.28,5,5.11,0.08,+1.59%,66800
BLZE,2022-09-22,5.13,5.1399,4.95,5.02,-0.09,-1.76%,78700
BLZE,2022-09-23,4.99,5.08,4.95,5.04,0.02,+0.40%,72700
BLZE,2022-09-26,5.01,5.23,4.98,5.02,-0.02,-0.40%,59400
BLZE,2022-09-27,5.1,5.16,5,5.02,0,0.00%,40000
BLZE,2022-09-28,5.04,5.28,5,5.18,0.16,+3.19%,48400
BLZE,2022-09-29,5.15,5.23,4.95,5.02,-0.16,-3.09%,63200
BLZE,2022-09-30,4.87,5.2699,4.87,4.97,-0.05,-1.00%,130900
BLZE,2022-10-03,5.08,5.08,4.9,4.95,-0.02,-0.40%,178900
BLZE,2022-10-04,4.98,5.35,4.98,5.31,0.36,+7.27%,67300
BLZE,2022-10-05,5.43,5.95,5.28,5.93,0.62,+11.68%,112800
BLZE,2022-10-06,5.93,5.9498,5.51,5.64,-0.29,-4.89%,59900
BLZE,2022-10-07,5.48,5.7196,5.17,5.17,-0.47,-8.33%,66700
BLZE,2022-10-10,5.23,5.23,4.85,4.95,-0.22,-4.26%,74000
BLZE,2022-10-11,4.88,5.04,4.7612,4.8,-0.15,-3.03%,77700
BLZE,2022-10-12,4.79,4.9,4.34,4.37,-0.43,-8.96%,141900
BLZE,2022-10-13,4.14,4.69,4.0601,4.55,0.18,+4.12%,191000
BLZE,2022-10-14,4.8,4.8,4.5,4.58,0.03,+0.66%,127800
BLZE,2022-10-17,4.73,4.86,4.6,4.67,0.09,+1.97%,54300
BLZE,2022-10-18,4.75,4.92,4.61,4.68,0.01,+0.21%,93700
BLZE,2022-10-19,4.59,4.7599,4.56,4.58,-0.1,-2.14%,48600
BLZE,2022-10-20,4.58,4.8,4.58,4.59,0.01,+0.22%,51300
BLZE,2022-10-21,4.62,4.62,4.48,4.53,-0.06,-1.31%,52800
BLZE,2022-10-24,4.76,4.76,4.42,4.45,-0.08,-1.77%,103800
BLZE,2022-10-25,4.58,5.53,4.56,5.52,1.07,+24.04%,197200
BLZE,2022-10-26,5.35,5.65,5.16,5.22,-0.3,-5.43%,79500
BLZE,2022-10-27,5.29,5.3277,5,5.03,-0.19,-3.64%,63100
BLZE,2022-10-28,5.08,5.19,4.84,4.95,-0.08,-1.59%,98700
BLZE,2022-10-31,4.96,4.99,4.57,4.69,-0.26,-5.25%,91600
BLZE,2022-11-01,4.84,4.8964,4.725,4.78,0.09,+1.92%,50700
BLZE,2022-11-02,4.8,4.83,4.3,4.42,-0.36,-7.53%,136100
BLZE,2022-11-03,4.4,4.52,4.295,4.31,-0.11,-2.49%,73500
BLZE,2022-11-04,4.36,4.45,4.155,4.21,-0.1,-2.32%,85000
BLZE,2022-11-07,4.35,4.5069,3.96,4.2,-0.01,-0.24%,130400
BLZE,2022-11-08,4.11,4.5,4.07,4.38,0.18,+4.29%,84300
BLZE,2022-11-09,4.5,4.5,4.01,4.04,-0.34,-7.76%,117700
BLZE,2022-11-10,4.24,4.59,4.045,4.14,0.1,+2.48%,118400
BLZE,2022-11-11,4.2,4.75,4.02,4.65,0.51,+12.32%,123700
BLZE,2022-11-14,4.64,4.77,4.41,4.52,-0.13,-2.80%,58000
BLZE,2022-11-15,4.57,4.9,4.55,4.64,0.12,+2.65%,64900
BLZE,2022-11-16,4.5,4.6,4.1238,4.24,-0.4,-8.62%,89800
BLZE,2022-11-17,4.1,4.27,4.06,4.15,-0.09,-2.12%,110700
BLZE,2022-11-18,4.2,4.34,4.0101,4.06,-0.09,-2.17%,78800
BLZE,2022-11-21,4,4.15,3.89,3.95,-0.11,-2.71%,141700
BLZE,2022-11-22,4.04,4.1,3.82,3.835,-0.115,-2.91%,105900
BLZE,2022-11-23,3.9,4.28,3.9,4.24,0.405,+10.56%,163000
BLZE,2022-11-25,4.15,4.2369,4.05,4.05,-0.19,-4.48%,43700
BLZE,2022-11-28,4.1,4.33,4.05,4.25,0.2,+4.94%,120700
BLZE,2022-11-29,4.26,4.34,4.17,4.29,0.04,+0.94%,53200
BLZE,2022-11-30,4.29,4.5,4.2293,4.47,0.18,+4.20%,73200
BLZE,2022-12-01,4.51,4.67,4.32,4.48,0.01,+0.22%,78300
BLZE,2022-12-02,4.45,4.92,4.325,4.85,0.37,+8.26%,119900
BLZE,2022-12-05,4.76,4.79,4.6326,4.75,-0.1,-2.06%,60000
BLZE,2022-12-06,4.76,4.7673,4.5,4.63,-0.12,-2.53%,60600
BLZE,2022-12-07,4.52,4.55,4.48,4.49,-0.14,-3.02%,57100
BLZE,2022-12-08,4.58,4.79,4.5122,4.75,0.26,+5.79%,48300
BLZE,2022-12-09,4.8,5,4.7233,4.87,0.12,+2.53%,78800
BLZE,2022-12-12,4.81,4.9807,4.713,4.91,0.04,+0.82%,48500
BLZE,2022-12-13,5.02,5.54,4.68,5.42,0.51,+10.39%,408000
BLZE,2022-12-14,5.31,5.4,5.3,5.33,-0.09,-1.66%,168400
BLZE,2022-12-15,5.3,5.51,5.3,5.3,-0.03,-0.56%,104500
BLZE,2022-12-16,5.31,5.45,5.3,5.33,0.03,+0.57%,135100
BLZE,2022-12-19,5.4,5.41,5.3,5.3,-0.03,-0.56%,98900
BLZE,2022-12-20,5.3,5.6,5.3,5.32,0.02,+0.38%,96800
BLZE,2022-12-21,5.3,5.39,5.3,5.31,-0.01,-0.19%,113700
BLZE,2022-12-22,5.31,5.41,5.3,5.39,0.08,+1.51%,90500
BLZE,2022-12-23,5.38,5.74,5.38,5.67,0.28,+5.19%,78800
BLZE,2022-12-27,5.63,5.63,5.38,5.38,-0.29,-5.11%,88900
BLZE,2022-12-28,5.38,5.51,5.38,5.38,0,0.00%,90600
BLZE,2022-12-29,5.39,5.775,5.39,5.74,0.36,+6.69%,114500
BLZE,2022-12-30,5.58,6.205,5.58,6.15,0.41,+7.14%,233600
BLZE,2023-01-03,6.16,6.24,6.1205,6.14,-0.01,-0.16%,78100
BLZE,2023-01-04,6.24,6.64,6.24,6.47,0.33,+5.37%,64100
BLZE,2023-01-05,6.44,7.3716,6.325,7.24,0.77,+11.90%,224400
BLZE,2023-01-06,7.35,7.68,7.25,7.4,0.16,+2.21%,167600
BLZE,2023-01-09,7.5,7.6206,7.25,7.33,-0.07,-0.95%,132300
BLZE,2023-01-10,7.3,7.54,6.8414,6.93,-0.4,-5.46%,111200
BLZE,2023-01-11,6.96,7.1,6.8618,6.95,0.02,+0.29%,86200
BLZE,2023-01-12,6.98,7.13,6.62,7.1,0.15,+2.16%,77300
BLZE,2023-01-13,7.09,7.99,7.09,7.82,0.72,+10.14%,96100
BLZE,2023-01-17,7.7,7.82,7.42,7.55,-0.27,-3.45%,83100
BLZE,2023-01-18,7.66,7.7632,7.08,7.15,-0.4,-5.30%,48200
BLZE,2023-01-19,7.1,7.3595,7.04,7.06,-0.09,-1.26%,83000
BLZE,2023-01-20,7.11,7.64,7.1,7.55,0.49,+6.94%,99400
BLZE,2023-01-23,7.54,7.95,7.33,7.71,0.16,+2.12%,88700
BLZE,2023-01-24,7.67,8.19,7.59,7.61,-0.1,-1.30%,71500
BLZE,2023-01-25,7.55,7.63,6.67,7.1,-0.51,-6.70%,318200
BLZE,2023-01-26,7.29,7.385,7.19,7.25,0.15,+2.11%,39000
BLZE,2023-01-27,7.2,7.39,7.15,7.3,0.05,+0.69%,43900
BLZE,2023-01-30,7.15,7.15,6.83,6.87,-0.43,-5.89%,61000
BLZE,2023-01-31,6.9,7.25,6.87,7.14,0.27,+3.93%,53400
BLZE,2023-02-01,7.12,7.25,6.86,7.15,0.01,+0.14%,160600
BLZE,2023-02-02,7.41,7.9001,7.24,7.71,0.56,+7.83%,167500
BLZE,2023-02-03,7.44,7.665,7.06,7.27,-0.44,-5.71%,120800
BLZE,2023-02-06,7.15,7.3,6.87,6.95,-0.32,-4.40%,93000
BLZE,2023-02-07,6.96,6.96,6.38,6.55,-0.4,-5.76%,106300
BLZE,2023-02-08,6.5,6.73,6.27,6.36,-0.19,-2.90%,145900
BLZE,2023-02-09,6.57,6.57,5.7,5.78,-0.58,-9.12%,117900
BLZE,2023-02-10,5.75,5.75,5.35,5.38,-0.4,-6.92%,87400
BLZE,2023-02-13,5.55,5.7864,5.39,5.45,0.07,+1.30%,76200
BLZE,2023-02-14,5.45,5.9,5.3401,5.64,0.19,+3.49%,123000
BLZE,2023-02-15,5.93,6.25,5.64,6.16,0.52,+9.22%,156600
BLZE,2023-02-16,6.26,6.77,5.88,6.42,0.26,+4.22%,197800
BLZE,2023-02-17,6.3,6.405,5.7,5.75,-0.67,-10.44%,196700
BLZE,2023-02-21,5.71,5.815,5.555,5.61,-0.14,-2.43%,231900
BLZE,2023-02-22,5.56,5.9,5.56,5.75,0.14,+2.50%,118800
BLZE,2023-02-23,5.76,5.775,5.64,5.75,0,0.00%,136700
BLZE,2023-02-24,5.62,5.73,5.48,5.59,-0.16,-2.78%,268000
BLZE,2023-02-27,5.59,5.68,5.5233,5.6,0.01,+0.18%,138600
BLZE,2023-02-28,5.49,5.68,5.43,5.6,0,0.00%,127500
BLZE,2023-03-01,5.6,5.6,5.39,5.55,-0.05,-0.89%,66600
BLZE,2023-03-02,5.5,5.6645,5.39,5.6,0.05,+0.90%,73800
BLZE,2023-03-03,5.6,5.88,5.59,5.75,0.15,+2.68%,97100
BLZE,2023-03-06,5.81,5.9485,5.46,5.49,-0.26,-4.52%,65600
BLZE,2023-03-07,5.54,5.61,5.395,5.41,-0.08,-1.46%,54600
BLZE,2023-03-08,5.44,5.44,5.15,5.2,-0.21,-3.88%,62400
BLZE,2023-03-09,5.13,5.17,4.9,4.9,-0.3,-5.77%,91300
BLZE,2023-03-10,4.9,4.95,4.63,4.66,-0.24,-4.90%,124500
BLZE,2023-03-13,4.59,5.04,4.4,4.98,0.32,+6.87%,128600
BLZE,2023-03-14,5.02,5.1192,4.838,4.95,-0.03,-0.60%,100900
BLZE,2023-03-15,4.85,4.95,4.73,4.84,-0.11,-2.22%,82400
BLZE,2023-03-16,4.78,4.99,4.62,4.86,0.02,+0.41%,62200
BLZE,2023-03-17,4.83,4.92,4.61,4.68,-0.18,-3.70%,98600
BLZE,2023-03-20,4.67,4.77,4.54,4.68,0,0.00%,76600
BLZE,2023-03-21,4.77,4.905,4.6113,4.87,0.19,+4.06%,127300
BLZE,2023-03-22,4.9,5.065,4.8,4.83,-0.04,-0.82%,75500
BLZE,2023-03-23,4.83,5.1,4.73,4.88,0.05,+1.04%,70300
BLZE,2023-03-24,4.83,4.955,4.8,4.94,0.06,+1.23%,56400
BLZE,2023-03-27,4.97,5.05,4.81,4.97,0.03,+0.61%,72200
BLZE,2023-03-28,4.95,5.03,4.76,4.78,-0.19,-3.82%,48500
BLZE,2023-03-29,4.92,4.95,4.86,4.91,0.13,+2.72%,53700
BLZE,2023-03-30,4.89,4.94,4.85,4.91,0,0.00%,63100
BLZE,2023-03-31,4.89,5.09,4.85,5.05,0.14,+2.85%,103100
BLZE,2023-04-03,5.05,5.05,4.81,4.86,-0.19,-3.76%,94900
BLZE,2023-04-04,4.86,4.89,4.769,4.85,-0.01,-0.21%,94600
BLZE,2023-04-05,4.8,4.86,4.56,4.58,-0.27,-5.57%,118900
BLZE,2023-04-06,4.58,4.64,4.49,4.61,0.03,+0.66%,82000
BLZE,2023-04-10,4.5,4.74,4.5,4.71,0.1,+2.17%,47700
BLZE,2023-04-11,4.73,4.85,4.64,4.8,0.09,+1.91%,43900
BLZE,2023-04-12,4.81,4.87,4.65,4.66,-0.14,-2.92%,64400
BLZE,2023-04-13,4.7,4.77,4.64,4.67,0.01,+0.21%,36800
BLZE,2023-04-14,4.66,4.7,4.6,4.66,-0.01,-0.21%,41900
BLZE,2023-04-17,4.67,4.83,4.62,4.75,0.09,+1.93%,73600
BLZE,2023-04-18,4.76,4.76,4.51,4.54,-0.21,-4.42%,75800
BLZE,2023-04-19,4.51,4.62,4.45,4.49,-0.05,-1.10%,86900
BLZE,2023-04-20,4.47,4.5699,4.32,4.33,-0.16,-3.56%,80100
BLZE,2023-04-21,4.41,4.5,4.32,4.4,0.07,+1.62%,60600
BLZE,2023-04-24,4.43,4.4693,4.16,4.26,-0.14,-3.18%,103700
BLZE,2023-04-25,4.25,4.3861,4.2,4.23,-0.03,-0.70%,80200
BLZE,2023-04-26,4.32,4.3862,4.2464,4.27,0.04,+0.95%,57600
BLZE,2023-04-27,4.35,4.35,4.23,4.3,0.03,+0.70%,42400
BLZE,2023-04-28,4.29,4.325,4.15,4.16,-0.14,-3.26%,58900
BLZE,2023-05-01,4.18,4.2051,4.06,4.12,-0.04,-0.96%,77800
BLZE,2023-05-02,4.15,4.16,4.01,4.08,-0.04,-0.97%,68500
BLZE,2023-05-03,4.07,4.1799,3.99,4.02,-0.06,-1.47%,121600
BLZE,2023-05-04,4.03,4.11,3.98,3.98,-0.04,-1.00%,45400
BLZE,2023-05-05,4.02,4.22,4.02,4.16,0.18,+4.52%,69700
BLZE,2023-05-08,4.24,4.304,4.01,4.18,0.02,+0.48%,72200
BLZE,2023-05-09,4.22,4.2799,4.02,4.05,-0.13,-3.11%,111300
BLZE,2023-05-10,4.54,4.5486,4.05,4.12,0.07,+1.73%,168800
BLZE,2023-05-11,4.3,4.3,4.145,4.23,0.11,+2.67%,93200
BLZE,2023-05-12,4.32,4.3899,4.21,4.28,0.05,+1.18%,101300
BLZE,2023-05-15,4.42,4.42,4.255,4.3,0.02,+0.47%,98700
BLZE,2023-05-16,4.21,4.3644,4.11,4.33,0.03,+0.70%,465623
BLZE,2023-05-17,4.36,4.5,4.251,4.43,0.1,+2.31%,184204
BLZE,2023-05-18,4.39,4.4499,4.16,4.2,-0.23,-5.19%,94600
BLZE,2023-05-19,4.17,4.33,4.05,4.3,0.1,+2.38%,99400
BLZE,2023-05-22,4.19,4.27,4.1375,4.19,-0.11,-2.56%,195800
BLZE,2023-05-23,4.12,4.28,4.12,4.21,0.02,+0.48%,137000
BLZE,2023-05-24,4.16,4.2801,4.16,4.25,0.04,+0.95%,237400
BLZE,2023-05-25,4.21,4.25,4.06,4.06,-0.19,-4.47%,112600
BLZE,2023-05-26,4.1,4.35,4.1,4.24,0.18,+4.43%,256000
BLZE,2023-05-30,4.26,4.38,4.17,4.21,-0.03,-0.71%,99800
BLZE,2023-05-31,4.13,4.26,3.97,4.19,-0.02,-0.48%,293800
BLZE,2023-06-01,4.21,4.38,4.09,4.3,0.11,+2.63%,100400
BLZE,2023-06-02,4.31,4.33,4.22,4.28,-0.02,-0.47%,60000
BLZE,2023-06-05,4.29,4.4,4.1501,4.26,-0.02,-0.47%,68700
BLZE,2023-06-06,4.25,4.38,4.2,4.29,0.03,+0.70%,99900
BLZE,2023-06-07,4.32,4.35,4.11,4.11,-0.18,-4.20%,61400
BLZE,2023-06-08,4.1,4.17,4.05,4.09,-0.02,-0.49%,72200
BLZE,2023-06-09,4.08,4.18,4.03,4.15,0.06,+1.47%,79900
BLZE,2023-06-12,4.19,4.31,4.1,4.21,0.06,+1.45%,93100
BLZE,2023-06-13,4.24,4.39,4.21,4.3,0.09,+2.14%,132200
BLZE,2023-06-14,4.41,4.46,4.2,4.29,-0.01,-0.23%,254700
BLZE,2023-06-15,4.28,4.64,4.1968,4.55,0.26,+6.06%,240100
BLZE,2023-06-16,4.6,4.95,4.5,4.64,0.09,+1.98%,363100
BLZE,2023-06-20,4.69,4.69,4.4,4.4,-0.24,-5.17%,142500
BLZE,2023-06-21,4.45,4.48,4.1,4.25,-0.15,-3.41%,185800
BLZE,2023-06-22,4.41,4.41,4.1,4.18,-0.07,-1.65%,123703
BLZE,2023-06-23,4.13,4.39,4.05,4.29,0.11,+2.63%,171300
BLZE,2023-06-26,4.25,4.25,3.87,3.95,-0.34,-7.93%,322503
BLZE,2023-06-27,3.93,4,3.5,3.79,-0.16,-4.05%,598600
BLZE,2023-06-28,3.83,3.91,3.7,3.88,0.09,+2.37%,70000
BLZE,2023-06-29,3.86,4.26,3.82,4.22,0.34,+8.76%,137900
BLZE,2023-06-30,4.32,4.4,4.15,4.33,0.11,+2.61%,109000
BLZE,2023-07-03,4.45,4.71,4.36,4.65,0.32,+7.39%,164800
BLZE,2023-07-05,4.64,4.96,4.39,4.96,0.31,+6.67%,210400
BLZE,2023-07-06,4.96,4.99,4.6,4.99,0.03,+0.60%,156900
BLZE,2023-07-07,4.97,5.315,4.81,5.1,0.11,+2.20%,168200
BLZE,2023-07-10,5.14,5.48,4.84,5.27,0.17,+3.33%,184900
BLZE,2023-07-11,5.3,5.43,5.17,5.39,0.12,+2.28%,123500
BLZE,2023-07-12,5.46,5.46,5.11,5.23,-0.16,-2.97%,134200
BLZE,2023-07-13,5.24,5.71,5.14,5.65,0.42,+8.03%,195200
BLZE,2023-07-14,5.66,5.8,5.27,5.37,-0.28,-4.96%,165700
BLZE,2023-07-17,5.36,5.41,5.1,5.35,-0.02,-0.37%,86100
BLZE,2023-07-18,5.38,5.43,5.14,5.24,-0.11,-2.06%,97400
BLZE,2023-07-19,5.22,5.3999,5.1,5.27,0.03,+0.57%,84900
BLZE,2023-07-20,5.26,5.31,4.91,5.03,-0.24,-4.55%,114000
BLZE,2023-07-21,5.07,5.27,5.01,5.09,0.06,+1.19%,55900
BLZE,2023-07-24,5.09,5.24,4.96,5.15,0.06,+1.18%,105800
BLZE,2023-07-25,5.15,5.21,4.93,4.95,-0.2,-3.88%,86600
BLZE,2023-07-26,4.94,5.17,4.92,5.16,0.21,+4.24%,96100
BLZE,2023-07-27,5.22,5.35,4.75,4.81,-0.35,-6.78%,161300
BLZE,2023-07-28,4.89,5.23,4.84,5.18,0.37,+7.69%,51200
BLZE,2023-07-31,5.2,5.36,5.18,5.23,0.05,+0.97%,88300
BLZE,2023-08-01,5.16,5.3899,5.02,5.26,0.03,+0.57%,78000
BLZE,2023-08-02,5.18,5.22,5,5.13,-0.13,-2.47%,102800
BLZE,2023-08-03,5.08,5.21,5.08,5.18,0.05,+0.97%,56800
BLZE,2023-08-04,5.24,5.2736,5.065,5.12,-0.06,-1.16%,45600
BLZE,2023-08-07,5.11,5.185,4.8,5.12,0,0.00%,163100
BLZE,2023-08-08,5.03,5.16,4.82,4.88,-0.24,-4.69%,108000
BLZE,2023-08-09,5.2,5.45,4.36,4.36,-0.52,-10.66%,415900
BLZE,2023-08-10,4.36,4.6425,4.26,4.29,-0.07,-1.61%,172400
BLZE,2023-08-11,4.26,4.4399,4.19,4.36,0.07,+1.63%,84700
BLZE,2023-08-14,4.34,4.34,4.195,4.26,-0.1,-2.29%,75900
BLZE,2023-08-15,4.27,4.4,4.2,4.37,0.11,+2.58%,55300
BLZE,2023-08-16,4.32,4.36,4.24,4.36,-0.01,-0.23%,71900
BLZE,2023-08-17,4.36,4.38,4.22,4.35,-0.01,-0.23%,96000
BLZE,2023-08-18,4.28,4.51,4.28,4.51,0.16,+3.68%,98700
BLZE,2023-08-21,4.43,4.51,4.2476,4.3,-0.21,-4.66%,204600
BLZE,2023-08-22,4.33,4.495,4.33,4.39,0.09,+2.09%,184202
BLZE,2023-08-23,4.35,4.42,4.26,4.41,0.02,+0.46%,505600
BLZE,2023-08-24,4.65,5.39,4.64,5.28,0.87,+19.73%,639600
BLZE,2023-08-25,5.01,5.19,4.75,4.8,-0.48,-9.09%,345300
BLZE,2023-08-28,4.73,5.15,4.73,5.11,0.31,+6.46%,254000
BLZE,2023-08-29,5.03,5.96,5.01,5.95,0.84,+16.44%,922949
BLZE,2023-08-30,5.99,6.129,5.83,5.86,-0.09,-1.51%,443400
BLZE,2023-08-31,5.86,6.04,5.72,5.86,0,0.00%,268500
BLZE,2023-09-01,5.93,6.38,5.93,6.31,0.45,+7.68%,455225
BLZE,2023-09-05,6.28,6.95,6.26,6.88,0.57,+9.03%,356000
BLZE,2023-09-06,6.88,7.05,6.75,6.98,0.1,+1.45%,228200
BLZE,2023-09-07,6.87,6.99,6.41,6.88,-0.1,-1.43%,227400
BLZE,2023-09-08,6.86,7.01,6.68,6.96,0.08,+1.16%,212800
BLZE,2023-09-11,6.98,7,6.6001,6.7,-0.26,-3.74%,230100
BLZE,2023-09-12,6.7,6.8655,6.17,6.33,-0.37,-5.52%,293000
BLZE,2023-09-13,6.37,6.51,6.23,6.44,0.11,+1.74%,273000
BLZE,2023-09-14,6.5,6.63,6.31,6.59,0.15,+2.33%,362100
BLZE,2023-09-15,6.61,6.83,6.54,6.8,0.21,+3.19%,355700
BLZE,2023-09-18,6.73,6.84,6.5179,6.84,0.04,+0.59%,351400
BLZE,2023-09-19,6.8,6.95,6.5,6.95,0.11,+1.61%,345100
BLZE,2023-09-20,6.91,7.05,6.61,6.65,-0.3,-4.32%,286100
BLZE,2023-09-21,6.53,6.53,5.9501,5.97,-0.68,-10.23%,175800
BLZE,2023-09-22,6,6.15,5.94,5.97,0,0.00%,129300
BLZE,2023-09-25,5.95,6.01,5.76,5.89,-0.08,-1.34%,158100
BLZE,2023-09-26,5.83,5.92,5.44,5.44,-0.45,-7.64%,177600
BLZE,2023-09-27,5.46,5.71,5.44,5.54,0.1,+1.84%,122900
BLZE,2023-09-28,5.52,5.5894,5.34,5.49,-0.05,-0.90%,103700
BLZE,2023-09-29,5.61,5.62,5.39,5.5,0.01,+0.18%,155900
BLZE,2023-10-02,5.43,5.47,5.28,5.33,-0.17,-3.09%,140400
BLZE,2023-10-03,5.5,5.54,5.315,5.39,0.06,+1.13%,138700
BLZE,2023-10-04,5.36,5.43,5.2599,5.35,-0.04,-0.74%,114100
BLZE,2023-10-05,5.36,5.36,5.15,5.22,-0.13,-2.43%,78600
BLZE,2023-10-06,5.22,5.64,5.17,5.4,0.18,+3.45%,159000
BLZE,2023-10-09,5.32,5.4,5.195,5.26,-0.14,-2.59%,146200
BLZE,2023-10-10,5.27,5.49,5.22,5.35,0.09,+1.71%,89200
BLZE,2023-10-11,5.3,5.4,5.17,5.28,-0.07,-1.31%,90900
BLZE,2023-10-12,5.29,5.34,5.1701,5.32,0.04,+0.76%,96800
BLZE,2023-10-13,5.37,5.4383,5.11,5.18,-0.14,-2.63%,131900
BLZE,2023-10-16,5.2,5.4,5.1477,5.38,0.2,+3.86%,111000
BLZE,2023-10-17,5.33,5.595,5.33,5.43,0.05,+0.93%,85600
BLZE,2023-10-18,5.37,5.37,4.98,5.01,-0.42,-7.73%,158100
BLZE,2023-10-19,4.98,5.03,4.85,4.9,-0.11,-2.20%,141000
BLZE,2023-10-20,4.9,5.05,4.8,4.97,0.07,+1.43%,74100
BLZE,2023-10-23,4.96,5.24,4.81,5.12,0.15,+3.02%,147100
BLZE,2023-10-24,5.18,5.28,5.08,5.13,0.01,+0.20%,90300
BLZE,2023-10-25,5.13,5.195,4.91,4.96,-0.17,-3.31%,66600
BLZE,2023-10-26,4.99,5.07,4.8326,5.01,0.05,+1.01%,88400
BLZE,2023-10-27,5.05,5.08,4.9,4.94,-0.07,-1.40%,90100
BLZE,2023-10-30,5,5.17,4.9858,5.16,0.22,+4.45%,84400
BLZE,2023-10-31,5.17,5.23,5.04,5.21,0.05,+0.97%,64900
BLZE,2023-11-01,5.21,5.23,5.0635,5.14,-0.07,-1.34%,61700
BLZE,2023-11-02,5.17,5.34,5.17,5.34,0.2,+3.89%,112000
BLZE,2023-11-03,5.38,5.74,5.38,5.71,0.37,+6.93%,131600
BLZE,2023-11-06,5.65,5.6528,5.4,5.41,-0.3,-5.25%,109100
BLZE,2023-11-07,5.43,5.62,5.36,5.47,0.06,+1.11%,186700
BLZE,2023-11-08,5.54,5.95,5.4,5.88,0.41,+7.50%,212600
BLZE,2023-11-09,5.99,5.99,5.26,5.57,-0.31,-5.27%,236700
BLZE,2023-11-10,5.54,5.76,5.47,5.75,0.18,+3.23%,92500
BLZE,2023-11-13,5.65,5.98,5.6,5.88,0.13,+2.26%,178000
BLZE,2023-11-14,6,6.22,5.89,6.14,0.26,+4.42%,243500
BLZE,2023-11-15,5.97,6.42,5.97,6.4,0.26,+4.23%,191500
BLZE,2023-11-16,6.4,6.49,6.22,6.37,-0.03,-0.47%,128300
BLZE,2023-11-17,6.36,6.63,6.36,6.49,0.12,+1.88%,172000
BLZE,2023-11-20,6.28,6.78,6.28,6.63,0.14,+2.16%,268500
BLZE,2023-11-21,6.59,6.72,6.39,6.42,-0.21,-3.17%,193700
BLZE,2023-11-22,6.35,6.63,6.2,6.49,0.07,+1.09%,204900
BLZE,2023-11-24,6.45,6.67,6.2995,6.6,0.11,+1.69%,408300
BLZE,2023-11-27,6.26,6.82,6.26,6.71,0.11,+1.67%,418500
BLZE,2023-11-28,6.63,7,6.61,6.99,0.28,+4.17%,311200
BLZE,2023-11-29,7,7.51,6.96,7.23,0.24,+3.43%,528200
BLZE,2023-11-30,7.3,7.33,6.95,7.24,0.01,+0.14%,315300
BLZE,2023-12-01,7.28,7.7,7.15,7.69,0.45,+6.22%,318900
BLZE,2023-12-04,7.7,7.897,7.26,7.3,-0.39,-5.07%,410200
BLZE,2023-12-05,7.12,7.32,6.7702,7.18,-0.12,-1.64%,379700
BLZE,2023-12-06,7.25,7.62,7.24,7.42,0.24,+3.34%,231700
BLZE,2023-12-07,7.45,7.84,7.321,7.56,0.14,+1.89%,226500
BLZE,2023-12-08,7.55,7.84,7.48,7.84,0.28,+3.70%,158900
BLZE,2023-12-11,7.71,7.8,7.58,7.63,-0.21,-2.68%,160500
BLZE,2023-12-12,7.56,7.65,7.39,7.5,-0.13,-1.70%,155600
BLZE,2023-12-13,7.51,7.85,7.44,7.77,0.27,+3.60%,358800
BLZE,2023-12-14,7.7,7.9,7.25,7.29,-0.48,-6.18%,667700
BLZE,2023-12-15,7.29,7.87,7.29,7.77,0.48,+6.58%,984200
BLZE,2023-12-18,7.72,8.42,7.68,8.21,0.44,+5.66%,392100
BLZE,2023-12-19,8.28,8.4883,8,8.26,0.05,+0.61%,216100
BLZE,2023-12-20,8.26,8.31,7.86,7.88,-0.38,-4.60%,181200
BLZE,2023-12-21,8.04,8.07,7.83,7.92,0.04,+0.51%,139300
BLZE,2023-12-22,7.85,8.09,7.651,7.75,-0.17,-2.15%,185100
BLZE,2023-12-26,7.75,7.88,7.67,7.74,-0.01,-0.13%,129100
BLZE,2023-12-27,7.74,7.97,7.65,7.8,0.06,+0.78%,141400
BLZE,2023-12-28,7.8,7.88,7.17,7.66,-0.14,-1.79%,254600
BLZE,2023-12-29,7.63,7.75,7.42,7.59,-0.07,-0.91%,198800
BLZE,2024-01-02,7.16,7.49,7.13,7.38,-0.21,-2.77%,199100
BLZE,2024-01-03,7.21,7.4133,7.12,7.27,-0.11,-1.49%,103100
BLZE,2024-01-04,7.27,7.44,7.1104,7.18,-0.09,-1.24%,214700
BLZE,2024-01-05,7.14,7.2,6.95,6.99,-0.19,-2.65%,181200
BLZE,2024-01-08,6.99,7.24,6.95,7.14,0.15,+2.15%,190900
BLZE,2024-01-09,7.05,7.48,6.97,7.25,0.11,+1.54%,196600
BLZE,2024-01-10,7.23,7.57,7.221,7.46,0.21,+2.90%,121400
BLZE,2024-01-11,7.6,7.67,7.28,7.32,-0.14,-1.88%,109100
BLZE,2024-01-12,7.34,7.54,7.21,7.24,-0.08,-1.09%,76100
BLZE,2024-01-16,7.17,7.32,7.0208,7.16,-0.08,-1.10%,92000
BLZE,2024-01-17,7.06,7.31,6.985,7.3,0.14,+1.96%,109700
BLZE,2024-01-18,7.35,7.4399,6.99,7.04,-0.26,-3.56%,80400
BLZE,2024-01-19,7.06,7.25,6.9058,7.24,0.2,+2.84%,118200
BLZE,2024-01-22,7.28,7.5599,7.25,7.36,0.12,+1.66%,115300
BLZE,2024-01-23,7.37,7.78,7.34,7.69,0.33,+4.48%,158400
BLZE,2024-01-24,7.76,8.42,7.71,8.05,0.36,+4.68%,404000
BLZE,2024-01-25,8.1,8.44,8.04,8.29,0.24,+2.98%,222000
BLZE,2024-01-26,8.38,8.42,8.1,8.15,-0.14,-1.69%,119900
BLZE,2024-01-29,8.15,8.63,8.15,8.61,0.46,+5.64%,168400
BLZE,2024-01-30,8.71,8.76,8.19,8.27,-0.34,-3.95%,159700
BLZE,2024-01-31,8.28,8.55,8.2,8.2,-0.07,-0.85%,143500
BLZE,2024-02-01,8.23,8.25,8.1,8.17,-0.03,-0.37%,210100
BLZE,2024-02-02,8.12,8.4,8.095,8.4,0.23,+2.82%,227400
BLZE,2024-02-05,8.3,8.5,8.22,8.4,0,0.00%,230000
BLZE,2024-02-06,8.61,9.4199,8.58,9.12,0.72,+8.57%,1115100
BLZE,2024-02-07,9.2,9.2,8.52,8.8,-0.32,-3.51%,424800
BLZE,2024-02-08,8.83,8.8856,8.56,8.75,-0.05,-0.57%,219100
BLZE,2024-02-09,8.99,9.14,8.81,9.11,0.36,+4.11%,314400
BLZE,2024-02-12,9,9.075,8.67,8.82,-0.29,-3.18%,312300
BLZE,2024-02-13,8.62,8.62,8.03,8.05,-0.77,-8.73%,522700
BLZE,2024-02-14,8.32,8.37,8.0281,8.29,0.24,+2.98%,275400
BLZE,2024-02-15,8.38,8.38,8.01,8.15,-0.14,-1.69%,355500
BLZE,2024-02-16,9.2,11.83,9,11.83,3.68,+45.15%,3695800
BLZE,2024-02-20,11.67,11.8,10.96,11.74,-0.09,-0.76%,1476800
BLZE,2024-02-21,11.36,11.7,11.04,11.48,-0.26,-2.21%,884700
BLZE,2024-02-22,11.65,11.7,10.32,10.32,-1.16,-10.10%,897300
BLZE,2024-02-23,10.25,10.3426,9.72,9.95,-0.37,-3.59%,679600
BLZE,2024-02-26,9.93,10.08,9.67,9.92,-0.03,-0.30%,819800
BLZE,2024-02-27,9.98,10.75,9.54,10.75,0.83,+8.37%,888600
BLZE,2024-02-28,10.51,10.93,10.37,10.93,0.18,+1.67%,651600
BLZE,2024-02-29,10.87,11.1008,10.46,10.62,-0.31,-2.84%,456400
BLZE,2024-03-01,10.55,11.47,10.5,11.24,0.62,+5.84%,534800
BLZE,2024-03-04,11.43,11.43,11.03,11.38,0.14,+1.25%,357500
BLZE,2024-03-05,11.18,11.32,10.98,11.03,-0.35,-3.08%,359300
BLZE,2024-03-06,11.17,11.96,11.17,11.6,0.57,+5.17%,559600
BLZE,2024-03-07,11.7,11.91,11.3525,11.78,0.18,+1.55%,235800
BLZE,2024-03-08,11.8,12.65,11.5,11.57,-0.21,-1.78%,1099500
BLZE,2024-03-11,11.48,11.6993,10.6,10.61,-0.96,-8.30%,376700
BLZE,2024-03-12,10.65,11.06,10.53,10.77,0.16,+1.51%,258000
BLZE,2024-03-13,10.562,11.05,10.562,10.92,0.15,+1.39%,253700
BLZE,2024-03-14,10.9,11,10.47,10.54,-0.38,-3.48%,296900
BLZE,2024-03-15,10.46,10.4799,10.04,10.04,-0.5,-4.74%,506400
BLZE,2024-03-18,10.28,10.48,10.04,10.37,0.33,+3.29%,332000
BLZE,2024-03-19,10.3,10.41,10.0753,10.19,-0.18,-1.74%,227600
BLZE,2024-03-20,10.35,10.7652,10.225,10.75,0.56,+5.50%,228300
BLZE,2024-03-21,10.75,10.84,10.17,10.2,-0.55,-5.12%,239300
BLZE,2024-03-22,10.51,10.51,10.19,10.38,0.18,+1.76%,175300
BLZE,2024-03-25,10.38,10.3982,9.88,9.89,-0.49,-4.72%,267200
BLZE,2024-03-26,9.89,10.1599,9.86,9.9,0.01,+0.10%,259800
BLZE,2024-03-27,10.05,10.19,9.78,10.16,0.26,+2.63%,204700
BLZE,2024-03-28,9.86,10.42,9.8,10.23,0.07,+0.69%,587300
BLZE,2024-04-01,10.24,10.49,10.12,10.22,-0.01,-0.10%,194700
BLZE,2024-04-02,9.97,9.9775,9.74,9.89,-0.33,-3.23%,173500
BLZE,2024-04-03,9.72,10.08,9.72,9.97,0.08,+0.81%,164500
BLZE,2024-04-04,9.97,10.52,9.87,9.87,-0.1,-1.00%,305100
BLZE,2024-04-05,9.9,10.235,9.76,10.12,0.25,+2.53%,172400
BLZE,2024-04-08,10.06,10.285,9.96,10.09,-0.03,-0.30%,144700
BLZE,2024-04-09,10.02,10.41,9.97,10.19,0.1,+0.99%,208600
BLZE,2024-04-10,9.99,10,9.78,9.95,-0.24,-2.36%,200500
BLZE,2024-04-11,10,10.105,9.775,9.79,-0.16,-1.61%,179200
BLZE,2024-04-12,9.74,9.925,9.35,9.49,-0.3,-3.06%,326000
BLZE,2024-04-15,9.56,9.67,9.04,9.08,-0.41,-4.32%,219300
BLZE,2024-04-16,9.03,9.34,9.03,9.11,0.03,+0.33%,160100
BLZE,2024-04-17,9.41,9.44,9.11,9.12,0.01,+0.11%,146000
BLZE,2024-04-18,9.15,9.349,9.1,9.13,0.01,+0.11%,154100
BLZE,2024-04-19,9.12,9.19,8.82,9.18,0.05,+0.55%,459800
BLZE,2024-04-22,9.15,9.46,9.05,9.27,0.09,+0.98%,238300
BLZE,2024-04-23,9.37,9.57,9.25,9.32,0.05,+0.54%,202400
BLZE,2024-04-24,9.36,9.43,9.21,9.32,0,0.00%,102000
BLZE,2024-04-25,9.18,9.2,8.92,8.96,-0.36,-3.86%,154100
BLZE,2024-04-26,9.12,9.415,9.02,9.31,0.35,+3.91%,206600
BLZE,2024-04-29,9.33,9.56,9.2,9.24,-0.07,-0.75%,141100
BLZE,2024-04-30,9.18,9.52,9.1399,9.31,0.07,+0.76%,157600
BLZE,2024-05-01,9.33,9.46,9.12,9.32,0.01,+0.11%,179400
BLZE,2024-05-02,9.49,9.62,9.31,9.38,0.06,+0.64%,178200
BLZE,2024-05-03,9.57,9.57,9.23,9.39,0.01,+0.11%,193400
BLZE,2024-05-06,9.41,9.68,9.36,9.62,0.23,+2.45%,145300
BLZE,2024-05-07,9.63,9.965,9.62,9.78,0.16,+1.66%,209000
BLZE,2024-05-08,9.85,10,9.61,9.91,0.13,+1.33%,273600
BLZE,2024-05-09,9,9.44,7.3,7.5,-2.41,-24.32%,2221500
BLZE,2024-05-10,7.59,7.73,7.061,7.25,-0.25,-3.33%,760500
BLZE,2024-05-13,7.22,7.31,7.08,7.31,0.06,+0.83%,431100
BLZE,2024-05-14,7.23,7.44,7.1,7.33,0.02,+0.27%,260900
BLZE,2024-05-15,7.35,7.66,7.29,7.33,0,0.00%,398200
BLZE,2024-05-16,7.3,7.3627,7.06,7.28,-0.05,-0.68%,265700
BLZE,2024-05-17,7.26,7.33,7.1,7.12,-0.16,-2.20%,195700
BLZE,2024-05-20,7.07,7.36,7.055,7.1,-0.02,-0.28%,312200
BLZE,2024-05-21,7,7.025,6.61,6.61,-0.49,-6.90%,481100
BLZE,2024-05-22,6.58,6.89,6.532,6.7,0.09,+1.36%,380300
BLZE,2024-05-23,6.73,6.91,6.46,6.78,0.08,+1.19%,633900
BLZE,2024-05-24,6.68,6.91,6.6,6.67,-0.11,-1.62%,414700
BLZE,2024-05-28,6.67,6.93,6.6205,6.76,0.09,+1.35%,300600
BLZE,2024-05-29,6.64,6.88,6.6241,6.78,0.02,+0.30%,196100
BLZE,2024-05-30,6.75,6.75,6.41,6.48,-0.3,-4.42%,336200
BLZE,2024-05-31,6.47,6.55,6.07,6.11,-0.37,-5.71%,444100
BLZE,2024-06-03,6.16,6.47,6.03,6.17,0.06,+0.98%,430400
BLZE,2024-06-04,6.14,6.175,5.9195,6.05,-0.12,-1.94%,348200
BLZE,2024-06-05,6.11,6.19,5.93,5.99,-0.06,-0.99%,217900
BLZE,2024-06-06,6.02,6.11,5.945,6.07,0.08,+1.34%,275200
BLZE,2024-06-07,6.02,6.05,5.89,6.02,-0.05,-0.82%,193900
BLZE,2024-06-10,5.98,6.18,5.9567,6.06,0.04,+0.66%,254000
BLZE,2024-06-11,6.07,6.16,6,6.15,0.09,+1.49%,165700
BLZE,2024-06-12,6.23,6.33,6.165,6.26,0.11,+1.79%,186800
BLZE,2024-06-13,6.26,6.3045,6.06,6.1,-0.16,-2.56%,206000
BLZE,2024-06-14,6.1,6.1,5.95,6.02,-0.08,-1.31%,340300
BLZE,2024-06-17,6.03,6.05,5.89,5.9,-0.12,-1.99%,171200
BLZE,2024-06-18,5.88,6,5.83,5.83,-0.07,-1.19%,224900
BLZE,2024-06-20,5.82,5.83,5.65,5.72,-0.11,-1.89%,205500
BLZE,2024-06-21,5.72,5.72,5.61,5.67,-0.05,-0.87%,351800
BLZE,2024-06-24,5.68,5.7,5.42,5.5,-0.17,-3.00%,465100
BLZE,2024-06-25,5.54,5.63,5.44,5.44,-0.06,-1.09%,336500
BLZE,2024-06-26,5.4,5.79,5.37,5.78,0.34,+6.25%,319900
BLZE,2024-06-27,5.8,6.15,5.8,6.05,0.27,+4.67%,418600
BLZE,2024-06-28,6.12,6.31,6.01,6.16,0.11,+1.82%,5719700
BLZE,2024-07-01,6.13,6.23,6.08,6.22,0.06,+0.97%,481500
BLZE,2024-07-02,6.22,6.27,5.97,6.02,-0.2,-3.22%,320000
BLZE,2024-07-03,6.03,6.1,5.98,6.03,0.01,+0.17%,149600
BLZE,2024-07-05,6.02,6.5,5.9,6.32,0.29,+4.81%,533700
BLZE,2024-07-08,6.3,6.36,6.09,6.23,-0.09,-1.42%,386700
BLZE,2024-07-09,6.26,6.34,6.11,6.34,0.11,+1.77%,311000
BLZE,2024-07-10,6.37,6.37,6.09,6.27,-0.07,-1.10%,232700
BLZE,2024-07-11,6.36,6.49,6.29,6.47,0.2,+3.19%,220000
BLZE,2024-07-12,6.5,6.56,6.36,6.45,-0.02,-0.31%,240200
BLZE,2024-07-15,6.5,6.77,6.44,6.74,0.29,+4.50%,217400
BLZE,2024-07-16,6.79,6.81,6.67,6.73,-0.01,-0.15%,196700
BLZE,2024-07-17,6.77,6.77,6.3,6.49,-0.24,-3.57%,324400
BLZE,2024-07-18,6.47,6.49,6.18,6.2,-0.29,-4.47%,163000
BLZE,2024-07-19,6.23,6.3,6.17,6.19,-0.01,-0.16%,184000
BLZE,2024-07-22,6.24,6.67,6.2,6.49,0.3,+4.85%,305200
BLZE,2024-07-23,6.56,6.99,6.56,6.96,0.47,+7.24%,287100
BLZE,2024-07-24,6.89,6.95,6.485,6.52,-0.44,-6.32%,211300
BLZE,2024-07-25,6.58,6.85,6.41,6.72,0.2,+3.07%,231000
BLZE,2024-07-26,6.83,6.83,6.61,6.74,0.02,+0.30%,156700
BLZE,2024-07-29,6.73,6.75,6.3,6.34,-0.4,-5.93%,293500
BLZE,2024-07-30,6.32,6.405,6.22,6.38,0.04,+0.63%,243200
BLZE,2024-07-31,6.43,6.72,6.37,6.62,0.24,+3.76%,220500
BLZE,2024-08-01,6.6,6.635,6.1,6.2,-0.42,-6.34%,234600
BLZE,2024-08-02,6.05,6.12,5.93,6.02,-0.18,-2.90%,257200
BLZE,2024-08-05,5.56,5.72,5.0301,5.19,-0.83,-13.79%,663500
BLZE,2024-08-06,5.26,5.26,4.91,5.06,-0.13,-2.50%,434400
BLZE,2024-08-07,5.25,5.38,5.1,5.11,0.05,+0.99%,326600
BLZE,2024-08-08,5.2,5.36,4.915,5.19,0.08,+1.57%,508200
BLZE,2024-08-09,6,6.9,6,6.46,1.27,+24.47%,736200
BLZE,2024-08-12,6.42,6.55,5.91,6.15,-0.31,-4.80%,521200
BLZE,2024-08-13,6.1,6.37,6.04,6.34,0.19,+3.09%,274400
BLZE,2024-08-14,6.33,6.42,6.24,6.31,-0.03,-0.47%,202300
BLZE,2024-08-15,6.39,6.59,6.34,6.54,0.23,+3.65%,318300
BLZE,2024-08-16,6.51,6.8699,6.4101,6.75,0.21,+3.21%,354900
BLZE,2024-08-19,6.7,6.77,6.56,6.71,-0.04,-0.59%,174900
BLZE,2024-08-20,6.55,6.74,6.46,6.66,-0.05,-0.75%,286100
BLZE,2024-08-21,6.57,6.6,6.23,6.42,-0.24,-3.60%,358500
BLZE,2024-08-22,6.35,6.48,6.145,6.175,-0.245,-3.82%,329600
BLZE,2024-08-23,6.2,6.64,6.1793,6.59,0.415,+6.72%,835500
BLZE,2024-08-26,6.35,6.58,6.35,6.51,-0.08,-1.21%,374500
BLZE,2024-08-27,6.35,6.62,6.35,6.35,-0.16,-2.46%,248700
BLZE,2024-08-28,6.28,6.335,6.02,6.07,-0.28,-4.41%,216300
BLZE,2024-08-29,6.04,6.27,6.03,6.09,0.02,+0.33%,307200
BLZE,2024-08-30,6.14,6.15,5.95,6.11,0.02,+0.33%,312700
BLZE,2024-09-03,6.05,6.28,5.715,5.81,-0.3,-4.91%,240800
BLZE,2024-09-04,5.76,5.9999,5.66,5.9,0.09,+1.55%,225900
BLZE,2024-09-05,5.87,5.93,5.78,5.86,-0.04,-0.68%,210400
BLZE,2024-09-06,5.88,5.91,5.54,5.75,-0.11,-1.88%,262400
BLZE,2024-09-09,5.74,5.86,5.73,5.81,0.06,+1.04%,145600
BLZE,2024-09-10,5.79,5.865,5.65,5.83,0.02,+0.34%,144600
BLZE,2024-09-11,5.86,5.9,5.73,5.9,0.07,+1.20%,128600
BLZE,2024-09-12,5.92,5.98,5.875,5.92,0.02,+0.34%,132400
BLZE,2024-09-13,5.99,6.21,5.92,6.18,0.26,+4.39%,152600
BLZE,2024-09-16,6.19,6.33,6.12,6.18,0,0.00%,145400
BLZE,2024-09-17,6.27,6.355,6.2,6.23,0.05,+0.81%,213500
BLZE,2024-09-18,6.23,6.3,6.03,6.04,-0.19,-3.05%,175700
BLZE,2024-09-19,6.23,6.29,6.18,6.22,0.18,+2.98%,140400
BLZE,2024-09-20,6.18,6.3,6.149,6.27,0.05,+0.80%,367500
BLZE,2024-09-23,6.34,6.34,6.04,6.04,-0.23,-3.67%,182000
BLZE,2024-09-24,6.07,6.16,5.9301,6.1,0.06,+0.99%,419500
BLZE,2024-09-25,6.05,6.29,6.045,6.12,0.02,+0.33%,244600
BLZE,2024-09-26,6.22,6.31,6.11,6.25,0.13,+2.12%,164200
BLZE,2024-09-27,6.27,6.51,6.18,6.38,0.13,+2.08%,298300
BLZE,2024-09-30,6.38,6.525,6.25,6.39,0.01,+0.16%,225700
BLZE,2024-10-01,6.4,6.4,6.145,6.33,-0.06,-0.94%,229100
BLZE,2024-10-02,6.29,6.38,6.211,6.28,-0.05,-0.79%,124700
BLZE,2024-10-03,6.2,6.24,6.055,6.07,-0.21,-3.34%,107500
BLZE,2024-10-04,6.19,6.45,6.11,6.35,0.28,+4.61%,198300
BLZE,2024-10-07,6.34,6.355,6.25,6.35,0,0.00%,120400
BLZE,2024-10-08,6.33,6.41,6.3,6.4,0.05,+0.79%,120500
BLZE,2024-10-09,6.37,6.79,6.37,6.77,0.37,+5.78%,300200
BLZE,2024-10-10,6.69,6.815,6.61,6.78,0.01,+0.15%,203400
BLZE,2024-10-11,6.73,7.16,6.73,7.06,0.28,+4.13%,261100
BLZE,2024-10-14,7.06,7.151,6.88,7.04,-0.02,-0.28%,201600
BLZE,2024-10-15,7.04,7.24,6.9,7.13,0.09,+1.28%,223800
BLZE,2024-10-16,7.18,7.39,7,7.12,-0.01,-0.14%,224400
BLZE,2024-10-17,7.19,7.19,7,7.13,0.01,+0.14%,105300
BLZE,2024-10-18,7.13,7.41,7.13,7.34,0.21,+2.95%,167700
BLZE,2024-10-21,7.35,7.56,7.295,7.46,0.12,+1.63%,237000
BLZE,2024-10-22,7.5,7.5,7.25,7.39,-0.07,-0.94%,155900
BLZE,2024-10-23,7.34,7.34,7.15,7.24,-0.15,-2.03%,234700
BLZE,2024-10-24,7.32,7.34,7.19,7.22,-0.02,-0.28%,80300
BLZE,2024-10-25,7.23,7.31,7.15,7.2,-0.02,-0.28%,100100
BLZE,2024-10-28,7.27,7.3529,7.22,7.26,0.06,+0.83%,106000
BLZE,2024-10-29,7.29,7.35,7.17,7.34,0.08,+1.10%,93200
BLZE,2024-10-30,7.37,7.77,7.29,7.62,0.28,+3.81%,200800
BLZE,2024-10-31,7.61,7.61,7.18,7.22,-0.4,-5.25%,201900
BLZE,2024-11-01,7.3,7.38,7.17,7.17,-0.05,-0.69%,135600
BLZE,2024-11-04,7.18,7.41,7.13,7.32,0.15,+2.09%,237900
BLZE,2024-11-05,7.32,7.56,7.2936,7.54,0.22,+3.01%,176000
BLZE,2024-11-06,7.78,8.05,7.696,7.99,0.45,+5.97%,383100
BLZE,2024-11-07,7.91,8.08,7.75,7.95,-0.04,-0.50%,271500
BLZE,2024-11-08,8.08,8.08,6.8,6.86,-1.09,-13.71%,476800
BLZE,2024-11-11,6.86,7.0499,6.2,7.02,0.16,+2.33%,877400
BLZE,2024-11-12,6.95,7.22,6.82,6.95,-0.07,-1.00%,308700
BLZE,2024-11-13,6.98,7.07,6.7,6.75,-0.2,-2.88%,210600
BLZE,2024-11-14,6.78,6.865,6.53,6.56,-0.19,-2.81%,188500
BLZE,2024-11-15,6.59,6.59,6.21,6.28,-0.28,-4.27%,174400
BLZE,2024-11-18,6.48,6.74,6.32,6.37,0.09,+1.43%,233300
BLZE,2024-11-19,6.02,6.36,6.01,6.31,-0.06,-0.94%,417600
BLZE,2024-11-20,6.3,6.36,6.1601,6.23,-0.08,-1.27%,223000
BLZE,2024-11-21,5.8,6.05,5.5,5.63,-0.6,-9.63%,3538800
BLZE,2024-11-22,5.63,6.4,5.63,6.25,0.62,+11.01%,1544300
BLZE,2024-11-25,6.2,6.74,6.14,6.6,0.35,+5.60%,1424196
BLZE,2024-11-26,6.5,6.69,6.16,6.31,-0.29,-4.39%,734125
BLZE,2024-11-27,6.32,6.53,6.26,6.45,0.14,+2.22%,383800
BLZE,2024-11-29,6.38,6.53,6.33,6.49,0.04,+0.62%,197800
BLZE,2024-12-02,6.54,6.795,6.4057,6.72,0.23,+3.54%,468000
BLZE,2024-12-03,6.77,6.93,6.61,6.89,0.17,+2.53%,377100
BLZE,2024-12-04,6.87,7,6.78,6.87,-0.02,-0.29%,585500
BLZE,2024-12-05,6.88,6.945,6.7,6.72,-0.15,-2.18%,331900
BLZE,2024-12-06,6.82,7,6.79,6.88,0.16,+2.38%,497100
BLZE,2024-12-09,6.98,7.1587,6.825,6.94,0.06,+0.87%,429500
BLZE,2024-12-10,6.98,7.07,6.88,7.03,0.09,+1.30%,309100
BLZE,2024-12-11,7.08,7.28,6.98,7.24,0.21,+2.99%,453300
BLZE,2024-12-12,7.12,7.28,6.98,7.05,-0.19,-2.62%,276800
BLZE,2024-12-13,7.11,7.13,6.7,6.76,-0.29,-4.11%,317600
BLZE,2024-12-16,6.75,6.91,6.7026,6.8,0.04,+0.59%,267400
BLZE,2024-12-17,6.81,6.86,6.59,6.83,0.03,+0.44%,305700
BLZE,2024-12-18,6.84,6.98,6.28,6.42,-0.41,-6.00%,393800
BLZE,2024-12-19,6.53,6.675,6.39,6.39,-0.03,-0.47%,220700
BLZE,2024-12-20,6.25,6.59,6.22,6.42,0.03,+0.47%,363800
BLZE,2024-12-23,6.43,6.5,6.3,6.35,-0.07,-1.09%,219000
BLZE,2024-12-24,6.39,6.4,6.295,6.37,0.02,+0.31%,143700
BLZE,2024-12-26,6.34,6.5,6.26,6.43,0.06,+0.94%,259800
BLZE,2024-12-27,6.34,6.46,6.13,6.23,-0.2,-3.11%,285900
BLZE,2024-12-30,6.14,6.18,6.03,6.12,-0.11,-1.77%,230700
BLZE,2024-12-31,6.08,6.1743,5.9801,6.02,-0.1,-1.63%,231800
BLZE,2025-01-02,6.08,6.29,6.05,6.1,0.08,+1.33%,217800
BLZE,2025-01-03,6.14,6.57,6.14,6.52,0.42,+6.89%,276200
BLZE,2025-01-06,6.59,6.71,6.47,6.56,0.04,+0.61%,237000
BLZE,2025-01-07,6.57,6.7158,6.34,6.43,-0.13,-1.98%,242000
BLZE,2025-01-08,6.37,6.45,6.24,6.39,-0.04,-0.62%,150000
BLZE,2025-01-10,6.25,6.25,5.9501,6.19,-0.2,-3.13%,307900
BLZE,2025-01-13,6.17,6.17,5.86,6.04,-0.15,-2.42%,231300
BLZE,2025-01-14,6.13,6.18,5.97,6.07,0.03,+0.50%,168000
BLZE,2025-01-15,6.3,6.32,6.148,6.17,0.1,+1.65%,150300
BLZE,2025-01-16,6.17,6.18,6.04,6.06,-0.11,-1.78%,165700
BLZE,2025-01-17,6.19,6.205,6.05,6.11,0.05,+0.83%,197800
BLZE,2025-01-21,6.18,6.35,6.1,6.34,0.23,+3.76%,207900
BLZE,2025-01-22,6.39,6.6299,6.34,6.35,0.01,+0.16%,382000
BLZE,2025-01-23,6.35,6.35,6.22,6.33,-0.02,-0.31%,230200
BLZE,2025-01-24,6.31,6.575,6.245,6.41,0.08,+1.26%,199400
BLZE,2025-01-27,6.31,6.4,6.01,6.11,-0.3,-4.68%,279700
BLZE,2025-01-28,6.24,6.31,6.09,6.28,0.17,+2.78%,196300
BLZE,2025-01-29,6.27,6.32,6.14,6.22,-0.06,-0.96%,154300
BLZE,2025-01-30,6.3,6.3616,6.11,6.16,-0.06,-0.96%,117700
BLZE,2025-01-31,6.22,6.34,6.04,6.05,-0.11,-1.79%,270900
BLZE,2025-02-03,5.79,6.07,5.75,5.92,-0.13,-2.15%,266200
BLZE,2025-02-04,5.94,6.18,5.9,6.14,0.22,+3.72%,215700
BLZE,2025-02-05,6.21,6.335,6.08,6.31,0.17,+2.77%,212300
BLZE,2025-02-06,6.31,6.42,6.26,6.3,-0.01,-0.16%,205200
BLZE,2025-02-07,6.41,7.0601,6.4,6.96,0.66,+10.48%,764000
BLZE,2025-02-10,7.03,7.55,7.03,7.48,0.52,+7.47%,703400
BLZE,2025-02-11,7.35,7.515,7.16,7.33,-0.15,-2.01%,319300
BLZE,2025-02-12,7.19,7.61,7.17,7.55,0.22,+3.00%,377200
BLZE,2025-02-13,7.6,7.65,7.1,7.48,-0.07,-0.93%,349400
BLZE,2025-02-14,7.5,7.54,7.2098,7.25,-0.23,-3.07%,270000
BLZE,2025-02-18,7.27,7.83,7.1415,7.49,0.24,+3.31%,813400
BLZE,2025-02-19,7.54,7.6599,7.33,7.39,-0.1,-1.34%,447300
BLZE,2025-02-20,7.33,7.5,7.01,7.45,0.06,+0.81%,471400
BLZE,2025-02-21,7.54,7.58,7.11,7.21,-0.24,-3.22%,750500
BLZE,2025-02-24,7.2,7.43,6.8239,7.08,-0.13,-1.80%,1739300
BLZE,2025-02-25,7.02,7.05,6.3,6.33,-0.75,-10.59%,817300
BLZE,2025-02-26,6.73,7.145,6.48,6.68,0.35,+5.53%,794100
BLZE,2025-02-27,6.61,6.805,6.46,6.46,-0.22,-3.29%,766500
BLZE,2025-02-28,6.49,6.545,6.21,6.54,0.08,+1.24%,715400
BLZE,2025-03-03,6.56,6.75,6,6.01,-0.53,-8.10%,686200
BLZE,2025-03-04,5.91,6.31,5.77,6.19,0.18,+3.00%,773000
BLZE,2025-03-05,6.19,6.235,6.08,6.11,-0.08,-1.29%,360900
BLZE,2025-03-06,6,6.08,5.475,5.505,-0.605,-9.90%,811300
BLZE,2025-03-07,5.51,5.61,5.19,5.41,-0.095,-1.73%,534508
BLZE,2025-03-10,5.29,5.3364,4.91,4.98,-0.43,-7.95%,762100
BLZE,2025-03-11,5.09,5.2353,5.01,5.1,0.12,+2.41%,688400
BLZE,2025-03-12,5.22,5.33,5.055,5.22,0.12,+2.35%,371700
BLZE,2025-03-13,5.2,5.2,4.91,4.98,-0.24,-4.60%,309100
BLZE,2025-03-14,5.07,5.21,5.07,5.18,0.2,+4.02%,268500
BLZE,2025-03-17,5.19,5.52,5.19,5.5,0.32,+6.18%,492000
BLZE,2025-03-18,5.41,5.46,5.175,5.4,-0.1,-1.82%,374400
BLZE,2025-03-19,5.41,5.59,5.405,5.52,0.12,+2.22%,274800
BLZE,2025-03-20,5.45,5.6,5.385,5.42,-0.1,-1.81%,244400
BLZE,2025-03-21,5.31,5.45,5.2707,5.4,-0.02,-0.37%,1368000
BLZE,2025-03-24,5.53,5.6,5.42,5.53,0.13,+2.41%,292800
BLZE,2025-03-25,5.54,5.542,5.41,5.52,-0.01,-0.18%,258500
BLZE,2025-03-26,5.5,5.52,5.15,5.23,-0.29,-5.25%,405800
BLZE,2025-03-27,5.19,5.31,5.13,5.2,-0.03,-0.57%,245600
BLZE,2025-03-28,5.17,5.17,4.895,4.97,-0.23,-4.42%,369400
BLZE,2025-03-31,4.87,4.881,4.71,4.83,-0.14,-2.82%,522500
BLZE,2025-04-01,4.78,4.935,4.71,4.93,0.1,+2.07%,345700
BLZE,2025-04-02,4.85,5.05,4.75,5.02,0.09,+1.83%,384100
BLZE,2025-04-03,4.74,4.815,4.54,4.73,-0.29,-5.78%,705200
BLZE,2025-04-04,4.5,4.61,4.33,4.51,-0.22,-4.65%,559900
BLZE,2025-04-07,4.24,4.78,4.07,4.42,-0.09,-2.00%,464800
BLZE,2025-04-08,4.65,4.7612,4.19,4.26,-0.16,-3.62%,444000
BLZE,2025-04-09,4.24,4.97,4.2,4.74,0.48,+11.27%,613800
BLZE,2025-04-10,4.54,4.63,4.31,4.51,-0.23,-4.85%,434500
BLZE,2025-04-11,4.52,4.595,4.38,4.56,0.05,+1.11%,326800
BLZE,2025-04-14,4.69,4.71,4.39,4.53,-0.03,-0.66%,441600
BLZE,2025-04-15,4.54,4.655,4.48,4.65,0.12,+2.65%,308900
BLZE,2025-04-16,4.58,4.78,4.54,4.69,0.04,+0.86%,340400
BLZE,2025-04-17,4.7,4.765,4.522,4.69,0,0.00%,358700
BLZE,2025-04-21,4.63,4.6402,4.35,4.4,-0.29,-6.18%,254000
BLZE,2025-04-22,4.48,4.7015,4.42,4.47,0.07,+1.59%,340700
BLZE,2025-04-23,4.69,4.7947,4.56,4.57,0.1,+2.24%,310000
BLZE,2025-04-24,4.6,4.69,3.94,4.47,-0.1,-2.19%,2812800
BLZE,2025-04-25,4.45,4.525,4.4,4.51,0.04,+0.89%,426600
BLZE,2025-04-28,4.53,4.6108,4.38,4.46,-0.05,-1.11%,270900
BLZE,2025-04-29,4.45,4.4594,4.32,4.41,-0.05,-1.12%,392600
BLZE,2025-04-30,4.35,4.42,4.2177,4.4,-0.01,-0.23%,319500
BLZE,2025-05-01,4.47,4.53,4.4,4.46,0.06,+1.36%,224000
BLZE,2025-05-02,4.51,4.61,4.51,4.54,0.08,+1.79%,183400
BLZE,2025-05-05,4.5,4.67,4.47,4.6,0.06,+1.32%,248500
BLZE,2025-05-06,4.51,4.53,4.43,4.5,-0.1,-2.17%,214900
BLZE,2025-05-07,4.55,4.595,4.47,4.52,0.02,+0.44%,288200
BLZE,2025-05-08,4.95,5.63,4.95,5.25,0.73,+16.15%,745200
BLZE,2025-05-09,5.24,5.33,5.13,5.22,-0.03,-0.57%,411300
BLZE,2025-05-12,5.45,5.48,5.12,5.3,0.08,+1.53%,410200
BLZE,2025-05-13,5.3,5.45,5.26,5.33,0.03,+0.57%,508500
BLZE,2025-05-14,5.33,5.48,5.28,5.41,0.08,+1.50%,471200
BLZE,2025-05-15,5.4,5.4,5.235,5.32,-0.09,-1.66%,275900
BLZE,2025-05-16,5.33,5.43,5.26,5.41,0.09,+1.69%,319600
BLZE,2025-05-19,5.3,5.4442,5.2685,5.29,-0.12,-2.22%,253400
BLZE,2025-05-20,5.28,5.34,5.195,5.33,0.04,+0.76%,460900
BLZE,2025-05-21,5.25,5.93,5.21,5.56,0.23,+4.32%,1593700
BLZE,2025-05-22,5.54,6.14,5.5,5.98,0.42,+7.55%,1636200
BLZE,2025-05-23,5.78,5.8888,5.595,5.63,-0.35,-5.85%,714700
BLZE,2025-05-27,5.73,5.975,5.63,5.95,0.32,+5.68%,604800
BLZE,2025-05-28,5.94,6.05,5.7,5.85,-0.1,-1.68%,511600
BLZE,2025-05-29,5.9,5.92,5.635,5.65,-0.2,-3.42%,238900
BLZE,2025-05-30,5.63,5.86,5.52,5.7,0.05,+0.88%,275400
BLZE,2025-06-02,5.69,5.82,5.6,5.69,-0.01,-0.18%,393600
BLZE,2025-06-03,5.71,5.96,5.67,5.92,0.23,+4.04%,399800
BLZE,2025-06-04,5.92,5.99,5.78,5.82,-0.1,-1.69%,281900
BLZE,2025-06-05,5.87,5.97,5.78,5.8,-0.02,-0.34%,271500
BLZE,2025-06-06,5.92,5.93,5.67,5.68,-0.12,-2.07%,286500
BLZE,2025-06-09,5.71,5.71,5.55,5.63,-0.05,-0.88%,353200
BLZE,2025-06-10,5.65,5.68,5.525,5.59,-0.04,-0.71%,252200
BLZE,2025-06-11,5.62,5.67,5.41,5.43,-0.16,-2.86%,262000
BLZE,2025-06-12,5.38,5.46,5.23,5.27,-0.16,-2.95%,373800
BLZE,2025-06-13,5.17,5.225,5.015,5.04,-0.23,-4.36%,398900
BLZE,2025-06-16,5.09,5.28,5.02,5.11,0.07,+1.39%,309500
BLZE,2025-06-17,5.06,5.22,5.01,5.14,0.03,+0.59%,303400
BLZE,2025-06-18,5.12,5.14,4.99,5.08,-0.06,-1.17%,366700
BLZE,2025-06-20,5.15,5.18,4.995,5,-0.08,-1.57%,465700
BLZE,2025-06-23,4.95,5.17,4.9,5.11,0.11,+2.20%,413000
BLZE,2025-06-24,5.19,5.475,5.1109,5.44,0.33,+6.46%,409500
BLZE,2025-06-25,5.46,5.4832,5.35,5.35,-0.09,-1.65%,249100
BLZE,2025-06-26,5.35,5.505,5.2919,5.47,0.12,+2.24%,262700
BLZE,2025-06-27,5.49,5.495,5.33,5.47,0,0.00%,1567300
BLZE,2025-06-30,5.55,5.5984,5.455,5.5,0.03,+0.55%,368600
BLZE,2025-07-01,5.47,5.52,5.23,5.36,-0.14,-2.55%,323400
BLZE,2025-07-02,5.34,5.49,5.2752,5.42,0.06,+1.12%,290700
BLZE,2025-07-03,5.45,5.73,5.42,5.61,0.19,+3.51%,257800
BLZE,2025-07-07,5.56,5.61,5.45,5.48,-0.13,-2.32%,275600
BLZE,2025-07-08,5.52,5.568,5.36,5.41,-0.07,-1.28%,315300
BLZE,2025-07-09,5.46,5.535,5.37,5.53,0.12,+2.22%,257700
BLZE,2025-07-10,5.51,5.51,5.32,5.35,-0.18,-3.25%,238100
BLZE,2025-07-11,5.31,5.33,5.11,5.16,-0.19,-3.55%,265200
BLZE,2025-07-14,5.14,5.2281,5.12,5.16,0,0.00%,170300
BLZE,2025-07-15,5.21,5.235,5.08,5.09,-0.07,-1.36%,225700
BLZE,2025-07-16,5.05,5.26,5.04,5.24,0.15,+2.95%,291800
BLZE,2025-07-17,5.26,5.37,5.23,5.28,0.04,+0.76%,233600
BLZE,2025-07-18,5.33,5.34,5.18,5.275,-0.005,-0.09%,412600
BLZE,2025-07-21,5.34,5.45,5.2882,5.42,0.145,+2.75%,272800
BLZE,2025-07-22,5.43,5.545,5.315,5.39,-0.03,-0.55%,321800
BLZE,2025-07-23,5.42,5.5,5.31,5.49,0.1,+1.86%,266200
BLZE,2025-07-24,5.49,5.5,5.4,5.42,-0.07,-1.28%,216300
BLZE,2025-07-25,5.45,5.529,5.4,5.45,0.03,+0.55%,198300
BLZE,2025-07-28,5.48,5.538,5.43,5.45,0,0.00%,269600
BLZE,2025-07-29,5.49,5.49,5.15,5.16,-0.29,-5.32%,272400
BLZE,2025-07-30,5.2,5.248,5.09,5.13,-0.03,-0.58%,270700
BLZE,2025-07-31,5.15,5.1617,4.94,4.99,-0.14,-2.73%,446700
BLZE,2025-08-01,4.92,5.005,4.65,4.89,-0.1,-2.00%,551400
BLZE,2025-08-04,4.95,5.1882,4.92,5.17,0.28,+5.73%,357700
BLZE,2025-08-05,5.17,5.36,5.13,5.35,0.18,+3.48%,524800
BLZE,2025-08-06,5.36,5.39,5.2499,5.35,0,0.00%,444000
BLZE,2025-08-07,5.66,6.72,5.63,6.68,1.33,+24.86%,1925700
BLZE,2025-08-08,6.4,7.195,6.3,7.14,0.46,+6.89%,1964000
BLZE,2025-08-11,7.07,7.41,6.91,7.37,0.23,+3.22%,1065000
BLZE,2025-08-12,7.44,7.875,7.36,7.87,0.5,+6.78%,1060800
BLZE,2025-08-13,7.92,8.16,7.75,7.9,0.03,+0.38%,806400
BLZE,2025-08-14,7.56,7.75,7.4903,7.62,-0.28,-3.54%,672900
BLZE,2025-08-15,7.65,7.8,7.5543,7.68,0.06,+0.79%,415200
BLZE,2025-08-18,7.66,7.7,7.5,7.55,-0.13,-1.69%,455900
BLZE,2025-08-19,7.55,7.8899,7.3408,7.76,0.21,+2.78%,700700
BLZE,2025-08-20,7.69,8.05,7.57,7.65,-0.11,-1.42%,570200
BLZE,2025-08-21,7.56,7.92,7.51,7.73,0.08,+1.05%,542200
BLZE,2025-08-22,7.77,8.25,7.65,8.22,0.49,+6.34%,977300
BLZE,2025-08-25,8.19,8.364,8.05,8.07,-0.15,-1.82%,623300
BLZE,2025-08-26,7.99,8.23,7.985,8.12,0.05,+0.62%,345000
BLZE,2025-08-27,8.15,8.48,8.14,8.2,0.08,+0.99%,595900
BLZE,2025-08-28,8.21,8.65,8.21,8.4,0.2,+2.44%,527300
BLZE,2025-08-29,8.45,8.47,8.17,8.35,-0.05,-0.60%,528100
BLZE,2025-09-02,8.06,8.514,7.91,8.19,-0.16,-1.92%,702200
BLZE,2025-09-03,8.28,8.41,8.07,8.4,0.21,+2.56%,809000
BLZE,2025-09-04,8.32,8.77,8.23,8.69,0.29,+3.45%,626100
BLZE,2025-09-05,8.73,8.85,8.575,8.7,0.01,+0.12%,529200
BLZE,2025-09-08,8.78,9.24,8.71,9.14,0.44,+5.06%,1089800
BLZE,2025-09-09,9.14,9.4,9.06,9.22,0.08,+0.88%,732700
BLZE,2025-09-10,9.19,9.89,9.185,9.82,0.6,+6.51%,2006800
BLZE,2025-09-11,9.88,9.9178,9.43,9.46,-0.36,-3.67%,1615800
BLZE,2025-09-12,9.4,9.595,9.27,9.45,-0.01,-0.11%,915100
BLZE,2025-09-15,9.46,9.89,9.46,9.78,0.33,+3.49%,786700
BLZE,2025-09-16,9.77,9.92,9.51,9.55,-0.23,-2.35%,480100
BLZE,2025-09-17,9.54,9.72,9.44,9.53,-0.02,-0.21%,541600
BLZE,2025-09-18,9.63,9.7793,9.575,9.72,0.19,+1.99%,534600
BLZE,2025-09-19,9.7,10.12,9.66,9.99,0.27,+2.78%,1889000
BLZE,2025-09-22,10,10.83,9.915,10.75,0.76,+7.61%,1252900
BLZE,2025-09-23,10.73,10.815,10.525,10.53,-0.22,-2.05%,822900
BLZE,2025-09-24,10.52,10.65,10.1443,10.46,-0.07,-0.66%,748800
BLZE,2025-09-25,10.26,10.3,9.73,9.79,-0.67,-6.41%,1209500
BLZE,2025-09-26,9.78,9.865,9.45,9.54,-0.25,-2.55%,554000
BLZE,2025-09-29,9.73,9.84,9.54,9.65,0.11,+1.15%,495800
BLZE,2025-09-30,9.62,9.71,9.08,9.28,-0.37,-3.83%,652100
BLZE,2025-10-01,9.17,9.32,9.09,9.12,-0.16,-1.72%,495100
BLZE,2025-10-02,9.18,9.65,9.1,9.64,0.52,+5.70%,683900
BLZE,2025-10-03,9.65,9.8647,9.51,9.69,0.05,+0.52%,461600
BLZE,2025-10-06,9.83,9.83,9.52,9.54,-0.15,-1.55%,429100
BLZE,2025-10-07,9.55,9.595,9.2189,9.37,-0.17,-1.78%,448900
BLZE,2025-10-08,9.43,10.35,9.24,10.22,0.85,+9.07%,777800
BLZE,2025-10-09,10.17,10.17,9.8154,9.99,-0.23,-2.25%,383100
BLZE,2025-10-10,10,10.18,9.41,9.44,-0.55,-5.51%,552900
BLZE,2025-10-13,9.7,9.705,9.15,9.44,0,0.00%,510200
BLZE,2025-10-14,9.19,9.4834,9.06,9.12,-0.32,-3.39%,454500
BLZE,2025-10-15,9.29,9.49,9.23,9.47,0.35,+3.84%,441000
BLZE,2025-10-16,9.5,9.9766,9.36,9.48,0.01,+0.11%,343400
BLZE,2025-10-17,9.4,9.5295,9.1,9.13,-0.35,-3.69%,369100
BLZE,2025-10-20,9.24,9.339,9.14,9.21,0.08,+0.88%,271300
BLZE,2025-10-21,9.2,9.27,9,9.15,-0.06,-0.65%,258800
BLZE,2025-10-22,9.18,9.66,9.04,9.65,0.5,+5.46%,477500
BLZE,2025-10-23,9.7,10.61,9.52,10.5,0.85,+8.81%,798600
BLZE,2025-10-24,10.69,10.72,10.39,10.44,-0.06,-0.57%,416300
BLZE,2025-10-27,10.57,10.65,10.2901,10.4,-0.04,-0.38%,372700
BLZE,2025-10-28,10.4,10.8579,10.31,10.72,0.32,+3.08%,510400
BLZE,2025-10-29,10.77,10.77,10.35,10.53,-0.19,-1.77%,555400
BLZE,2025-10-30,10.41,10.69,10.33,10.34,-0.19,-1.80%,359200
BLZE,2025-10-31,10.5,10.63,10.2,10.31,-0.03,-0.29%,301100
BLZE,2025-11-03,10.39,10.55,10.083,10.41,0.1,+0.97%,462200
BLZE,2025-11-04,9.998,10.335,9.54,9.66,-0.75,-7.20%,651500
BLZE,2025-11-05,9.74,9.85,9.25,9.34,-0.32,-3.31%,617200
BLZE,2025-11-06,8.4,8.55,6.12,6.18,-3.16,-33.83%,2654100
BLZE,2025-11-07,6.18,6.22,5.79,5.8,-0.38,-6.15%,1618200
BLZE,2025-11-10,6.09,6.1556,5.575,5.61,-0.19,-3.28%,1218500
BLZE,2025-11-11,5.54,5.81,5.45,5.63,0.02,+0.36%,1039200
BLZE,2025-11-12,5.64,5.68,5.28,5.44,-0.19,-3.37%,1186700
BLZE,2025-11-13,5.38,5.38,5.081,5.1,-0.34,-6.25%,1062100
BLZE,2025-11-14,4.97,5.08,4.89,4.93,-0.17,-3.33%,607900
BLZE,2025-11-17,4.92,4.955,4.545,4.55,-0.38,-7.71%,1236900
BLZE,2025-11-18,4.5,4.66,4.49,4.55,0,0.00%,958000
BLZE,2025-11-19,4.55,4.7,4.4,4.43,-0.12,-2.64%,681000
BLZE,2025-11-20,4.58,4.66,4.32,4.33,-0.1,-2.26%,821200
BLZE,2025-11-21,4.26,4.38,4.13,4.32,-0.01,-0.23%,1115300
BLZE,2025-11-24,4.38,4.6,4.33,4.56,0.24,+5.56%,1074900
BLZE,2025-11-25,4.52,4.77,4.42,4.6,0.04,+0.88%,682700
BLZE,2025-11-26,4.62,4.68,4.5,4.64,0.04,+0.87%,626700
BLZE,2025-11-28,4.69,4.78,4.59,4.74,0.1,+2.16%,679900
BLZE,2025-12-01,4.64,4.73,4.45,4.56,-0.18,-3.80%,644200
BLZE,2025-12-02,4.59,4.7,4.5506,4.6,0.04,+0.88%,532300
BLZE,2025-12-03,4.58,4.755,4.5,4.73,0.13,+2.83%,644600
BLZE,2025-12-04,4.75,4.9285,4.675,4.86,0.13,+2.75%,542900
BLZE,2025-12-05,4.86,5,4.79,4.99,0.13,+2.67%,725700
BLZE,2025-12-08,5.02,5.11,4.86,5,0.01,+0.20%,638300
BLZE,2025-12-09,4.96,5.05,4.85,5,0,0.00%,965000
BLZE,2025-12-10,4.98,5.09,4.91,5.03,0.03,+0.60%,824700
BLZE,2025-12-11,4.98,5.01,4.845,4.9,-0.13,-2.58%,636400
BLZE,2025-12-12,4.89,4.915,4.76,4.8,-0.1,-2.04%,510900
BLZE,2025-12-15,4.8,4.845,4.57,4.58,-0.22,-4.58%,1271900
BLZE,2025-12-16,4.55,4.7,4.515,4.54,-0.04,-0.87%,1240200
BLZE,2025-12-17,4.57,4.69,4.44,4.45,-0.09,-1.98%,991800
BLZE,2025-12-18,4.57,4.6805,4.54,4.6,0.15,+3.37%,2044100
BLZE,2025-12-19,4.62,4.935,4.62,4.82,0.22,+4.78%,1101300
BLZE,2025-12-22,4.84,4.975,4.82,4.85,0.03,+0.62%,687900
BLZE,2025-12-23,4.78,4.89,4.76,4.78,-0.07,-1.44%,370500
BLZE,2025-12-24,4.78,4.865,4.78,4.8,0.02,+0.42%,203800
BLZE,2025-12-26,4.8,4.85,4.76,4.84,0.04,+0.83%,523700
BLZE,2025-12-29,4.82,4.89,4.71,4.78,-0.06,-1.24%,589200
BLZE,2025-12-30,4.76,4.92,4.73,4.75,-0.03,-0.63%,527300
BLZE,2025-12-31,4.74,4.81,4.63,4.66,-0.09,-1.89%,668200
BLZE,2026-01-02,4.74,4.8,4.67,4.74,0.08,+1.72%,470700
BLZE,2026-01-05,4.8,5.085,4.8,5,0.26,+5.49%,601800
BLZE,2026-01-06,4.99,5.18,4.86,5.17,0.17,+3.40%,613600
BLZE,2026-01-07,5.16,5.2,5.045,5.15,-0.02,-0.39%,828800
BLZE,2026-01-08,5.13,5.17,5,5.12,-0.03,-0.58%,459700
BLZE,2026-01-09,5.11,5.14,4.91,5,-0.12,-2.34%,482700
BLZE,2026-01-12,5,5.24,4.975,5.15,0.15,+3.00%,536000
BLZE,2026-01-13,5.14,5.22,4.88,4.94,-0.21,-4.08%,568200
BLZE,2026-01-14,4.91,4.96,4.8275,4.89,-0.05,-1.01%,501600
BLZE,2026-01-15,4.95,5.03,4.835,4.89,0,0.00%,445300
BLZE,2026-01-16,4.94,4.995,4.81,4.86,-0.03,-0.61%,467100
BLZE,2026-01-20,4.7,4.8,4.6,4.7,-0.16,-3.29%,713600
BLZE,2026-01-21,4.72,4.77,4.54,4.68,-0.02,-0.43%,870800
BLZE,2026-01-22,4.79,4.9,4.73,4.86,0.18,+3.85%,459600
BLZE,2026-01-23,4.85,4.925,4.79,4.85,-0.01,-0.21%,419100
BLZE,2026-01-26,4.86,4.945,4.79,4.81,-0.04,-0.82%,292700
BLZE,2026-01-27,4.84,5.04,4.76,4.95,0.14,+2.91%,596200
BLZE,2026-01-28,4.99,5.0428,4.785,4.8,-0.15,-3.03%,417200
BLZE,2026-01-29,4.86,4.86,4.55,4.64,-0.16,-3.33%,1007700
BLZE,2026-01-30,4.6,4.655,4.485,4.55,-0.09,-1.94%,708000
BLZE,2026-02-02,4.53,4.75,4.47,4.49,-0.06,-1.32%,654900
BLZE,2026-02-03,4.53,4.55,4.17,4.26,-0.23,-5.12%,766400
BLZE,2026-02-04,4.22,4.29,4.01,4.2,-0.06,-1.41%,1211000
BLZE,2026-02-05,4.11,4.205,3.95,4,-0.2,-4.76%,1058100
BLZE,2026-02-06,4.1,4.175,3.965,4.1,0.1,+2.50%,713500
BLZE,2026-02-09,4.1,4.2,4.0265,4.13,0.03,+0.73%,362600
BLZE,2026-02-10,4.15,4.235,4.03,4.06,-0.07,-1.69%,576400
BLZE,2026-02-11,4.12,4.12,3.83,4,-0.06,-1.48%,916600
BLZE,2026-02-12,4.02,4.03,3.8514,3.98,-0.02,-0.50%,825800
BLZE,2026-02-13,3.95,4.33,3.92,4.29,0.31,+7.79%,834000
BLZE,2026-02-17,4.25,4.25,3.945,4.03,-0.26,-6.06%,1213500
BLZE,2026-02-18,4.135,4.4399,4,4.31,0.28,+6.95%,1537100
BLZE,2026-02-19,4.27,4.35,4.18,4.35,0.04,+0.93%,740100
BLZE,2026-02-20,4.32,4.49,4.29,4.4,0.05,+1.15%,955900
BLZE,2026-02-23,4.38,4.5399,4.27,4.37,-0.03,-0.68%,1817500
BLZE,2026-02-24,3.85,4.29,3.675,3.76,-0.61,-13.96%,4065900
BLZE,2026-02-25,3.8,4.04,3.75,3.93,0.17,+4.52%,2444400
BLZE,2026-02-26,3.91,4.015,3.75,3.84,-0.09,-2.29%,880000
BLZE,2026-02-27,3.78,3.86,3.7,3.76,-0.08,-2.08%,851900
BLZE,2026-03-02,3.75,4.01,3.74,3.88,0.12,+3.19%,988600
BLZE,2026-03-03,3.75,3.945,3.7,3.89,0.01,+0.26%,1449100
BLZE,2026-03-04,3.89,3.975,3.83,3.83,-0.06,-1.54%,755900
BLZE,2026-03-05,3.83,3.915,3.75,3.75,-0.08,-2.09%,725300
BLZE,2026-03-06,3.75,3.855,3.75,3.79,0.04,+1.07%,767800
BLZE,2026-03-09,3.75,3.875,3.67,3.84,0.05,+1.32%,2107500
BLZE,2026-03-10,3.83,3.855,3.71,3.81,-0.03,-0.78%,932200
BLZE,2026-03-11,3.79,3.955,3.75,3.77,-0.04,-1.05%,822600
BLZE,2026-03-12,3.75,3.825,3.75,3.76,-0.01,-0.27%,801400
BLZE,2026-03-13,3.74,3.8299,3.54,3.64,-0.12,-3.19%,1124400
BLZE,2026-03-16,3.69,3.745,3.57,3.64,0,0.00%,510900
BLZE,2026-03-17,3.63,3.72,3.605,3.69,0.05,+1.37%,581400
BLZE,2026-03-18,3.67,3.71,3.565,3.61,-0.08,-2.17%,413500
BLZE,2026-03-19,3.56,3.71,3.55,3.65,0.04,+1.11%,390500
BLZE,2026-03-20,3.64,3.7,3.57,3.66,0.01,+0.27%,557200
BLZE,2026-03-23,3.61,3.69,3.57,3.65,-0.01,-0.27%,559400
BLZE,2026-03-24,3.61,3.62,3.52,3.56,-0.09,-2.47%,504700
BLZE,2026-03-25,3.62,3.65,3.52,3.63,0.07,+1.97%,538700
BLZE,2026-03-26,3.57,3.675,3.495,3.51,-0.12,-3.31%,337500
BLZE,2026-03-27,3.48,3.48,3.36,3.4,-0.11,-3.13%,634000
BLZE,2026-03-30,3.43,3.46,3.2607,3.31,-0.09,-2.65%,543400
BLZE,2026-03-31,3.35,3.485,3.33,3.45,0.14,+4.23%,503300
BLZE,2026-04-01,3.51,3.635,3.4801,3.57,0.12,+3.48%,502500
BLZE,2026-04-02,3.47,3.65,3.47,3.64,0.07,+1.96%,485000
BLZE,2026-04-06,3.65,3.7995,3.625,3.7,0.06,+1.65%,416000
BLZE,2026-04-07,3.67,3.72,3.565,3.62,-0.08,-2.16%,574000
BLZE,2026-04-08,3.7,3.805,3.565,3.6,-0.02,-0.55%,473900
BLZE,2026-04-09,3.59,3.6053,3.35,3.48,-0.12,-3.33%,554900
BLZE,2026-04-10,3.57,3.57,3.395,3.43,-0.05,-1.44%,404100
BLZE,2026-04-13,3.41,3.54,3.41,3.51,0.08,+2.33%,325800
BLZE,2026-04-14,3.56,3.6,3.5,3.58,0.07,+1.99%,358100
BLZE,2026-04-15,3.6,3.825,3.555,3.82,0.24,+6.70%,1077900
BLZE,2026-04-16,3.86,4.03,3.76,4,0.18,+4.71%,663500
BLZE,2026-04-17,4.03,4.16,4.03,4.1,0.1,+2.50%,510700
BLZE,2026-04-20,4.04,4.15,4.015,4.13,0.03,+0.73%,348200
BLZE,2026-04-21,4.15,4.27,4.1,4.16,0.03,+0.73%,597200
BLZE,2026-04-22,4.21,4.24,4.145,4.18,0.02,+0.48%,330000
BLZE,2026-04-23,4.15,4.195,3.965,4.03,-0.15,-3.59%,419300
BLZE,2026-04-24,4.04,4.21,3.97,4.21,0.18,+4.47%,322800
BLZR,2025-10-31,10.1,10.16,10.1,10.12,5.91,+140.38%,67400
BLZR,2025-11-03,10.14,10.165,10.14,10.15,0.03,+0.30%,576300
BLZR,2025-11-04,10.17,10.17,10.135,10.14,-0.01,-0.10%,221200
BLZR,2025-11-05,10.14,10.15,10.14,10.1457,0.0057,+0.06%,32700
BLZR,2025-11-06,10.15,10.16,10.15,10.15,0.0043,+0.04%,7000
BLZR,2025-11-07,10.121,10.16,10.121,10.14,-0.01,-0.10%,124000
BLZR,2025-11-10,10.14,10.14,10.135,10.14,0,0.00%,30200
BLZR,2025-11-11,10.1494,10.1494,10.14,10.14,0,0.00%,5500
BLZR,2025-11-13,10.12,10.14,10.12,10.14,0,0.00%,403900
BLZR,2025-11-14,10.14,10.14,10.14,10.14,0,0.00%,1400
BLZR,2025-11-17,10.11,10.13,10.11,10.13,-0.01,-0.10%,3500
BLZR,2025-11-18,10.13,10.13,10.11,10.11,-0.02,-0.20%,27500
BLZR,2025-11-19,10.12,10.12,10.12,10.12,0.01,+0.10%,100
BLZR,2025-11-20,10.11,10.11,10.1,10.1,-0.02,-0.20%,55800
BLZR,2025-11-21,10.11,10.11,10.11,10.11,0.01,+0.10%,200
BLZR,2025-11-24,10.1,10.105,10.09,10.09,-0.02,-0.20%,17900
BLZR,2025-11-25,10.1,10.1,10.09,10.09,0,0.00%,11100
BLZR,2025-11-26,10.08,10.08,10.08,10.08,-0.01,-0.10%,5000
BLZR,2025-12-01,10.085,10.085,10.075,10.08,0,0.00%,19200
BLZR,2025-12-02,10.06,10.08,10.06,10.07,-0.01,-0.10%,32500
BLZR,2025-12-03,10.06,10.06,10.05,10.06,-0.01,-0.10%,192500
BLZR,2025-12-04,10.07,10.07,10.05,10.06,0,0.00%,9300
BLZR,2025-12-05,10.06,10.065,10.06,10.065,0.005,+0.05%,51400
BLZR,2025-12-08,10.07,10.0709,10.06,10.06,-0.005,-0.05%,36300
BLZR,2025-12-09,10.05,10.065,10.05,10.065,0.005,+0.05%,1500
BLZR,2025-12-10,10.08,10.08,10.06,10.06,-0.005,-0.05%,500
BLZR,2025-12-15,10.05,10.05,10.05,10.05,-0.01,-0.10%,2300
BLZR,2025-12-16,10.05,10.08,10.045,10.045,-0.005,-0.05%,21100
BLZR,2025-12-17,10.061,10.061,10.04,10.04,-0.005,-0.05%,23700
BLZR,2025-12-18,10.04,10.04,10.03,10.03,-0.01,-0.10%,7900
BLZR,2025-12-19,10.035,10.035,10.035,10.035,0.005,+0.05%,100
BLZR,2025-12-23,10.02,10.03,10.02,10.03,-0.005,-0.05%,19000
BLZR,2025-12-29,10.0301,10.0306,10.03,10.0301,0.0001,0.00%,1300
BLZR,2025-12-30,10.02,10.04,10.02,10.04,0.0099,+0.10%,3800
BLZR,2025-12-31,10.04,10.04,10.01,10.01,-0.03,-0.30%,4100
BLZR,2026-01-02,10.05,10.05,10.04,10.04,0.03,+0.30%,400
BLZR,2026-01-05,10.0231,10.0231,10.02,10.02,-0.02,-0.20%,1100
BLZR,2026-01-06,10.02,10.02,10.02,10.02,0,0.00%,2700
BLZR,2026-01-07,10.03,10.04,10.02,10.03,0.01,+0.10%,5600
BLZR,2026-01-09,10.02,10.04,10.02,10.03,0,0.00%,927900
BLZR,2026-01-12,10.04,10.07,10.03,10.04,0.01,+0.10%,562900
BLZR,2026-01-13,10.04,10.055,10.03,10.04,0,0.00%,32900
BLZR,2026-01-14,10.04,10.045,10.04,10.04,0,0.00%,155200
BLZR,2026-01-15,10.05,10.075,10.045,10.07,0.03,+0.30%,107800
BLZR,2026-01-16,10.08,10.08,10.06,10.08,0.01,+0.10%,2200
BLZR,2026-01-20,10.08,10.08,10.04,10.04,-0.04,-0.40%,46300
BLZR,2026-01-21,10.05,10.07,10.04,10.04,0,0.00%,154100
BLZR,2026-01-22,10.07,10.07,10.04,10.05,0.01,+0.10%,35900
BLZR,2026-01-23,10.05,10.06,10.05,10.05,0,0.00%,25800
BLZR,2026-01-26,10.05,10.064,10.05,10.05,0,0.00%,54600
BLZR,2026-01-27,10.06,10.0834,10.06,10.07,0.02,+0.20%,131300
BLZR,2026-01-28,10.06,10.1,10.06,10.08,0.01,+0.10%,20900
BLZR,2026-01-29,10.1,10.11,10.09,10.11,0.03,+0.30%,25500
BLZR,2026-01-30,10.11,10.11,10.1,10.11,0,0.00%,7600
BLZR,2026-02-02,10.0905,10.12,10.0905,10.11,0,0.00%,712000
BLZR,2026-02-03,10.1,10.105,10.09,10.1,-0.01,-0.10%,237400
BLZR,2026-02-04,10.09,10.11,10.09,10.105,0.005,+0.05%,270400
BLZR,2026-02-05,10.1,10.11,10.09,10.1,-0.005,-0.05%,535800
BLZR,2026-02-06,10.1,10.1,10.095,10.1,0,0.00%,42600
BLZR,2026-02-09,10.1043,10.1043,10.1043,10.1043,0.0043,+0.04%,1100
BLZR,2026-02-10,10.1,10.1,10.08,10.09,-0.0143,-0.14%,2900
BLZR,2026-02-11,10.1,10.1,10.1,10.1,0.01,+0.10%,1200
BLZR,2026-02-12,10.08,10.1,10.08,10.1,0,0.00%,9200
BLZR,2026-02-13,10.1,10.1,10.06,10.06,-0.04,-0.40%,18900
BLZR,2026-02-17,10.06,10.06,10.05,10.05,-0.01,-0.10%,51700
BLZR,2026-02-18,10.06,10.06,10.05,10.05,0,0.00%,60900
BLZR,2026-02-19,10.05,10.05,10.04,10.04,-0.01,-0.10%,103000
BLZR,2026-02-20,10.04,10.06,10.04,10.06,0.02,+0.20%,400
BLZR,2026-02-23,10.07,10.07,10.04,10.06,0,0.00%,2600
BLZR,2026-02-24,10.05,10.06,10.04,10.06,0,0.00%,33500
BLZR,2026-02-25,10.04,10.05,10.04,10.05,-0.01,-0.10%,2600
BLZR,2026-02-26,10.04,10.05,10.04,10.05,0,0.00%,400
BLZR,2026-03-02,10.04,10.05,10.04,10.04,-0.01,-0.10%,2500
BLZR,2026-03-03,10.05,10.06,10.04,10.05,0.01,+0.10%,500
BLZR,2026-03-04,10.1,10.1,10.1,10.1,0.05,+0.50%,600
BLZR,2026-03-05,10.04,10.04,10.04,10.04,-0.06,-0.59%,100
BLZR,2026-03-09,10.04,10.04,10.04,10.04,0,0.00%,5000
BLZR,2026-03-10,10.03,10.03,10.03,10.03,-0.01,-0.10%,500
BLZR,2026-03-13,10.03,10.03,10.02,10.02,-0.01,-0.10%,26900
BLZR,2026-03-16,10.03,10.03,10.03,10.03,0.01,+0.10%,65100
BLZR,2026-03-17,10.02,10.0319,10.02,10.0305,0.0005,0.00%,5600
BLZR,2026-03-18,10.02,10.03,10.01,10.0186,-0.0119,-0.12%,313500
BLZR,2026-03-19,10.03,10.03,10.01,10.01,-0.0086,-0.09%,16600
BLZR,2026-03-20,10.015,10.015,10.01,10.01,0,0.00%,10700
BLZR,2026-03-23,10.01,10.015,10.01,10.01,0,0.00%,359200
BLZR,2026-03-24,10.015,10.015,10,10.01,0,0.00%,1778200
BLZR,2026-03-25,10.0418,10.055,10.01,10.03,0.02,+0.20%,3200
BLZR,2026-03-26,10.01,10.04,10.01,10.03,0,0.00%,9200
BLZR,2026-03-27,10.01,10.05,10.01,10.02,-0.01,-0.10%,58600
BLZR,2026-03-30,10.01,10.01,10.01,10.01,-0.01,-0.10%,2200
BLZR,2026-03-31,10.01,10.05,10.01,10.05,0.04,+0.40%,305300
BLZR,2026-04-01,10.02,10.03,10.02,10.02,-0.03,-0.30%,92400
BLZR,2026-04-02,10.025,10.04,10.02,10.025,0.005,+0.05%,4100
BLZR,2026-04-06,10.02,10.021,10.02,10.02,-0.005,-0.05%,1800
BLZR,2026-04-07,10.1,10.1,10.02,10.03,0.01,+0.10%,12300
BLZR,2026-04-09,10.05,10.07,10.02,10.02,-0.01,-0.10%,5200
BLZR,2026-04-13,10.06,10.06,10.06,10.06,0.04,+0.40%,200
BLZR,2026-04-14,10.06,10.07,10.05,10.05,-0.01,-0.10%,45600
BLZR,2026-04-15,10.05,10.05,10.05,10.05,0,0.00%,10400
BLZR,2026-04-16,10.05,10.06,10.045,10.06,0.01,+0.10%,25400
BLZR,2026-04-17,10.07,10.07,10.06,10.061,0.001,+0.01%,10200
BLZR,2026-04-20,10.08,10.09,10.08,10.09,0.029,+0.29%,1400
BLZR,2026-04-21,10.08,10.0801,10.07,10.08,-0.01,-0.10%,38200
BLZR,2026-04-22,10.08,10.085,10.08,10.08,0,0.00%,48000
BLZR,2026-04-23,10.08,10.09,10.08,10.085,0.005,+0.05%,36100
BLZR,2026-04-24,10.09,10.1,10.08,10.1,0.015,+0.15%,99700
BMBL,2021-02-11,76,79.6,70,70.31,60.21,+596.14%,43502600
BMBL,2021-02-12,75.71,84.8,71.51,75.46,5.15,+7.32%,21414200
BMBL,2021-02-16,79.15,79.6,70.3778,78.89,3.43,+4.55%,13163000
BMBL,2021-02-17,76.99,78.6977,75,77.32,-1.57,-1.99%,3769500
BMBL,2021-02-18,75.45,76.4,73.63,74,-3.32,-4.29%,3166400
BMBL,2021-02-19,75.01,75.7,70.19,71.75,-2.25,-3.04%,5095500
BMBL,2021-02-22,71.05,72.44,64.81,67.2,-4.55,-6.34%,8045200
BMBL,2021-02-23,64.85,66.99,61.62,65.47,-1.73,-2.57%,4379700
BMBL,2021-02-24,65.58,70.44,61.9,68.5,3.03,+4.63%,3710800
BMBL,2021-02-25,67.58,70.3299,61.17,63.98,-4.52,-6.60%,3359000
BMBL,2021-02-26,64.61,70.88,64.5119,67.31,3.33,+5.20%,2438000
BMBL,2021-03-01,69.45,74.75,67.5,74.51,7.2,+10.70%,3854000
BMBL,2021-03-02,73,73.7603,67.52,67.87,-6.64,-8.91%,1417200
BMBL,2021-03-03,67.5,68.3542,61.38,62.01,-5.86,-8.63%,2895900
BMBL,2021-03-04,62,64.35,58.5766,59.64,-2.37,-3.82%,3985500
BMBL,2021-03-05,60.61,62.29,57.53,61.65,2.01,+3.37%,3036700
BMBL,2021-03-08,59.43,63.47,57.55,60.5,-1.15,-1.87%,1920600
BMBL,2021-03-09,62.49,63.93,61.3,63.3,2.8,+4.63%,1393000
BMBL,2021-03-10,64.68,65.5,61.04,62.91,-0.39,-0.62%,2215000
BMBL,2021-03-11,71.1,76.49,67.1,69.76,6.85,+10.89%,8697600
BMBL,2021-03-12,67.67,72.2,63,69.26,-0.5,-0.72%,2837300
BMBL,2021-03-15,69.44,74.7999,69.12,73.47,4.21,+6.08%,2604600
BMBL,2021-03-16,74.01,74.58,69.77,73,-0.47,-0.64%,1566000
BMBL,2021-03-17,71.09,72.92,69.36,72.67,-0.33,-0.45%,2213600
BMBL,2021-03-18,70.25,71.18,65.58,66.19,-6.48,-8.92%,2652600
BMBL,2021-03-19,67.59,69.23,65.08,68.16,1.97,+2.98%,2068500
BMBL,2021-03-22,68.07,69.45,66.89,68.37,0.21,+0.31%,903400
BMBL,2021-03-23,68.34,68.87,65.25,65.94,-2.43,-3.55%,942500
BMBL,2021-03-24,66.01,66.8011,62.555,62.68,-3.26,-4.94%,973000
BMBL,2021-03-25,61.81,62.82,59.75,61.72,-0.96,-1.53%,2097700
BMBL,2021-03-26,62.05,63.29,57.4001,62.6,0.88,+1.43%,1690700
BMBL,2021-03-29,61.46,63.99,60.65,62.06,-0.54,-0.86%,928600
BMBL,2021-03-30,61.8,62.0422,59.25,59.4,-2.66,-4.29%,1009700
BMBL,2021-03-31,59.65,63.04,59.42,62.38,2.98,+5.02%,1364300
BMBL,2021-04-01,63.2,64.43,60.12,61.48,-0.9,-1.44%,2678400
BMBL,2021-04-05,61.94,64.78,61.865,63.99,2.51,+4.08%,2150800
BMBL,2021-04-06,63.52,63.98,61.6,63.33,-0.66,-1.03%,803700
BMBL,2021-04-07,63.66,64.08,61.8538,62.87,-0.46,-0.73%,738500
BMBL,2021-04-08,63.86,64.71,62.3601,63.02,0.15,+0.24%,866300
BMBL,2021-04-09,62.77,62.77,60.15,60.21,-2.81,-4.46%,1731600
BMBL,2021-04-12,61.25,62.5,58.2,58.5,-1.71,-2.84%,1534900
BMBL,2021-04-13,58.2,60.27,58.16,59.52,1.02,+1.74%,914500
BMBL,2021-04-14,60.18,62.2,58.72,60.08,0.56,+0.94%,1027600
BMBL,2021-04-15,60.41,61.25,59.15,60.29,0.21,+0.35%,867800
BMBL,2021-04-16,60.3,60.85,58.88,59.81,-0.48,-0.80%,682800
BMBL,2021-04-19,59.34,60.25,57.87,59,-0.81,-1.35%,1340200
BMBL,2021-04-20,58.55,58.76,55.1,55.87,-3.13,-5.31%,1195400
BMBL,2021-04-21,55.85,57.66,54.89,57.55,1.68,+3.01%,992700
BMBL,2021-04-22,57.69,59.28,56.87,58.12,0.57,+0.99%,901000
BMBL,2021-04-23,58.2,59.89,58.11,58.96,0.84,+1.45%,637600
BMBL,2021-04-26,59.24,60.89,59.23,60.36,1.4,+2.37%,593100
BMBL,2021-04-27,60.29,60.54,58.81,59.22,-1.14,-1.89%,1149000
BMBL,2021-04-28,58.7129,62.9,58.7129,62.6,3.38,+5.71%,1142700
BMBL,2021-04-29,62.89,63,59.27,60.83,-1.77,-2.83%,711500
BMBL,2021-04-30,59.78,60.7899,59.45,60.24,-0.59,-0.97%,878500
BMBL,2021-05-03,60.44,60.89,58.13,58.25,-1.99,-3.30%,1054500
BMBL,2021-05-04,57.38,57.75,54.78,55.27,-2.98,-5.12%,1414500
BMBL,2021-05-05,57.06,58.41,55.76,56.15,0.88,+1.59%,1523100
BMBL,2021-05-06,56.15,56.72,54.83,55.71,-0.44,-0.78%,1221800
BMBL,2021-05-07,55.88,58.35,55.23,57.99,2.28,+4.09%,944700
BMBL,2021-05-10,57.98,57.98,52.99,53.11,-4.88,-8.42%,1614300
BMBL,2021-05-11,50.39,52.29,49.53,50.65,-2.46,-4.63%,2625300
BMBL,2021-05-12,50,50.45,45.55,47.24,-3.41,-6.73%,4892800
BMBL,2021-05-13,46.14,46.62,38.91,40.48,-6.76,-14.31%,13260400
BMBL,2021-05-14,40.75,42.94,39.83,42.82,2.34,+5.78%,3093500
BMBL,2021-05-17,42.03,43.48,40.47,40.95,-1.87,-4.37%,1475900
BMBL,2021-05-18,41.72,42.98,40.6,41.44,0.49,+1.20%,1526800
BMBL,2021-05-19,40.16,41,39.35,39.89,-1.55,-3.74%,2282100
BMBL,2021-05-20,39.94,40.64,39.04,39.86,-0.03,-0.08%,2995600
BMBL,2021-05-21,40.5,40.85,39.6,40.45,0.59,+1.48%,1303700
BMBL,2021-05-24,40.88,40.94,39.17,39.56,-0.89,-2.20%,1733900
BMBL,2021-05-25,40.19,42.69,39.9346,41.48,1.92,+4.85%,2041000
BMBL,2021-05-26,41.78,44.15,41.26,43.29,1.81,+4.36%,1792000
BMBL,2021-05-27,43.64,46.09,42.64,45.98,2.69,+6.21%,3631800
BMBL,2021-05-28,46.34,49.27,46.32,47.72,1.74,+3.78%,3085000
BMBL,2021-06-01,48.55,48.56,46.47,47.83,0.11,+0.23%,1672800
BMBL,2021-06-02,47.53,48.62,46.2723,48.11,0.28,+0.59%,1444600
BMBL,2021-06-03,47.28,48.198,45.9475,46.29,-1.82,-3.78%,1392400
BMBL,2021-06-04,47.42,48.92,46.68,46.72,0.43,+0.93%,1758600
BMBL,2021-06-07,46.4,46.9799,44.73,45.34,-1.38,-2.95%,2898500
BMBL,2021-06-08,45.79,45.9468,43.51,45.01,-0.33,-0.73%,2351700
BMBL,2021-06-09,44.87,46.7,44.7,46.16,1.15,+2.55%,1355800
BMBL,2021-06-10,46.13,47.925,44.875,47.71,1.55,+3.36%,1556700
BMBL,2021-06-11,48,48.1,46.91,47.62,-0.09,-0.19%,1230100
BMBL,2021-06-14,48.8,51.8,48.74,51.22,3.6,+7.56%,3139500
BMBL,2021-06-15,51.14,51.17,48.16,48.5,-2.72,-5.31%,1527400
BMBL,2021-06-16,48.68,49.95,47.54,48.86,0.36,+0.74%,2010300
BMBL,2021-06-17,48.98,50.8,48.75,49.89,1.03,+2.11%,1270300
BMBL,2021-06-18,49.13,50.87,49,50.24,0.35,+0.70%,5196000
BMBL,2021-06-21,50.92,53.75,50.08,53.22,2.98,+5.93%,2326900
BMBL,2021-06-22,53.22,54.85,52.9401,54.41,1.19,+2.24%,2152300
BMBL,2021-06-23,54.64,55.36,52.97,55.19,0.78,+1.43%,1403700
BMBL,2021-06-24,55.77,58.11,55.664,57.93,2.74,+4.96%,1802700
BMBL,2021-06-25,58.5,60.34,57.41,58.7,0.77,+1.33%,2540800
BMBL,2021-06-28,59.1,59.94,55.92,57.01,-1.69,-2.88%,2025800
BMBL,2021-06-29,56.79,57.4226,55.76,56.72,-0.29,-0.51%,1190700
BMBL,2021-06-30,56.52,58.055,55.76,57.6,0.88,+1.55%,1286400
BMBL,2021-07-01,57.53,58.64,56.48,57.01,-0.59,-1.02%,2927100
BMBL,2021-07-02,57.4,57.63,55.37,55.4,-1.61,-2.82%,1111900
BMBL,2021-07-06,56,56.43,54.56,55.45,0.05,+0.09%,1194600
BMBL,2021-07-07,55.29,55.67,51.38,51.71,-3.74,-6.74%,1593700
BMBL,2021-07-08,49.81,51.47,48.9,50.29,-1.42,-2.75%,1704600
BMBL,2021-07-09,52.21,53.3,51.1,53.3,3.01,+5.99%,1169200
BMBL,2021-07-12,52.94,53.87,52.4,52.92,-0.38,-0.71%,955300
BMBL,2021-07-13,52.78,53.485,51.58,52.09,-0.83,-1.57%,951100
BMBL,2021-07-14,52.58,52.9,48.75,48.98,-3.11,-5.97%,1136500
BMBL,2021-07-15,49.11,50.59,48.16,49.55,0.57,+1.16%,1222000
BMBL,2021-07-16,50.47,50.49,48.64,48.76,-0.79,-1.59%,1009500
BMBL,2021-07-19,46.76,47.795,45.65,46.26,-2.5,-5.13%,1342200
BMBL,2021-07-20,46.85,47.11,45.41,46.59,0.33,+0.71%,1570500
BMBL,2021-07-21,46.58,49.21,46.25,49.02,2.43,+5.22%,1090800
BMBL,2021-07-22,49.05,53.09,48.925,52.52,3.5,+7.14%,4419900
BMBL,2021-07-23,53.14,53.28,50.44,51.76,-0.76,-1.45%,1833800
BMBL,2021-07-26,52.08,52.9,50.46,50.62,-1.14,-2.20%,1137100
BMBL,2021-07-27,50.51,50.86,48.3,49.26,-1.36,-2.69%,1423100
BMBL,2021-07-28,49.98,52.63,49.75,52.52,3.26,+6.62%,955900
BMBL,2021-07-29,52.58,52.645,51.33,51.61,-0.91,-1.73%,746500
BMBL,2021-07-30,51,52.4799,50.6101,50.88,-0.73,-1.41%,637500
BMBL,2021-08-02,50.95,51.37,50.1,50.21,-0.67,-1.32%,788300
BMBL,2021-08-03,50.32,50.33,47.47,48.12,-2.09,-4.16%,1339300
BMBL,2021-08-04,48,48.63,46.94,47.51,-0.61,-1.27%,815400
BMBL,2021-08-05,47.48,48.77,47.2,47.98,0.47,+0.99%,957200
BMBL,2021-08-06,48.01,49.18,48.01,48.78,0.8,+1.67%,779400
BMBL,2021-08-09,49.07,49.42,46.7,48.07,-0.71,-1.46%,1221900
BMBL,2021-08-10,49.1,49.75,46.5,46.63,-1.44,-3.00%,1379800
BMBL,2021-08-11,47.03,48.95,46.241,47.67,1.04,+2.23%,3159100
BMBL,2021-08-12,47.4,52,44.24,50.83,3.16,+6.63%,6815800
BMBL,2021-08-13,50.94,51.41,48.12,49.57,-1.26,-2.48%,2523800
BMBL,2021-08-16,48.92,49.85,47.12,49.46,-0.11,-0.22%,1433200
BMBL,2021-08-17,48,49.44,46.15,46.46,-3.,-6.07%,2271200
BMBL,2021-08-18,47.23,51.35,46.75,51.01,4.55,+9.79%,1956200
BMBL,2021-08-19,50.09,52.37,48.75,49.14,-1.87,-3.67%,3124400
BMBL,2021-08-20,49.1,49.82,47.74,48.29,-0.85,-1.73%,984700
BMBL,2021-08-23,48.66,51.465,48.51,51.35,3.06,+6.34%,1202300
BMBL,2021-08-24,51.8,53.9662,51.8,53.86,2.51,+4.89%,1133700
BMBL,2021-08-25,53.91,55.2,53.42,53.79,-0.07,-0.13%,1159900
BMBL,2021-08-26,53.54,54.27,51.35,53.06,-0.73,-1.36%,974200
BMBL,2021-08-27,53.31,55.3775,53.08,55.19,2.13,+4.01%,1079700
BMBL,2021-08-30,55.6,56.4799,53.6301,55.5,0.31,+0.56%,1140100
BMBL,2021-08-31,55.62,55.85,54.11,54.5,-1.,-1.80%,1023200
BMBL,2021-09-01,54.5,55.68,54.11,55.29,0.79,+1.45%,1290700
BMBL,2021-09-02,55.49,58.24,55.49,57.73,2.44,+4.41%,1448000
BMBL,2021-09-03,57.9,60,57.11,59.94,2.21,+3.83%,1414800
BMBL,2021-09-07,60,60.8699,57.27,57.77,-2.17,-3.62%,1358700
BMBL,2021-09-08,55.75,57.765,55,55.84,-1.93,-3.34%,2273700
BMBL,2021-09-09,55.62,57.55,54.65,55.68,-0.16,-0.29%,1628700
BMBL,2021-09-10,54.05,61.05,52.58,58.2,2.52,+4.53%,19651500
BMBL,2021-09-13,57.28,57.36,54.14,54.65,-3.55,-6.10%,3618100
BMBL,2021-09-14,54.2,54.57,51.92,52.31,-2.34,-4.28%,3096800
BMBL,2021-09-15,52.31,55.01,52.31,54.45,2.14,+4.09%,1891000
BMBL,2021-09-16,53.91,54.89,52.9,54.89,0.44,+0.81%,1410400
BMBL,2021-09-17,55.29,55.43,52.86,53.97,-0.92,-1.68%,3866100
BMBL,2021-09-20,51.79,54.02,51.3,51.98,-1.99,-3.69%,1714600
BMBL,2021-09-21,52.94,54.18,51.23,53.3,1.32,+2.54%,2046500
BMBL,2021-09-22,53.75,55.59,53.645,55.54,2.24,+4.20%,1901800
BMBL,2021-09-23,55.83,56.7231,54.54,55.31,-0.23,-0.41%,929800
BMBL,2021-09-24,55,55.2899,52.74,53.5,-1.81,-3.27%,3327900
BMBL,2021-09-27,53.41,54.95,53.09,53.97,0.47,+0.88%,1153400
BMBL,2021-09-28,53.17,53.58,50.45,51.2,-2.77,-5.13%,1888400
BMBL,2021-09-29,51.42,51.7,49.63,49.88,-1.32,-2.58%,832700
BMBL,2021-09-30,49.9,50.42,49.29,49.98,0.1,+0.20%,1528100
BMBL,2021-10-01,50.5,51.18,49.36,51.09,1.11,+2.22%,1229300
BMBL,2021-10-04,50.5,50.5303,47.8,48.27,-2.82,-5.52%,1492800
BMBL,2021-10-05,48.65,50.14,48.33,49.25,0.98,+2.03%,729600
BMBL,2021-10-06,48.42,49.7,48.15,48.85,-0.4,-0.81%,741200
BMBL,2021-10-07,49.46,51.74,49.34,50.7,1.85,+3.79%,1143300
BMBL,2021-10-08,50.75,51.23,48.92,49.01,-1.69,-3.33%,749100
BMBL,2021-10-11,48.74,49.29,47.85,48.89,-0.12,-0.24%,698300
BMBL,2021-10-12,49.4,50.93,48.92,50.25,1.36,+2.78%,1144100
BMBL,2021-10-13,50.33,52.71,50,51.92,1.67,+3.32%,1998700
BMBL,2021-10-14,53.05,54.48,52.27,53.03,1.11,+2.14%,1314200
BMBL,2021-10-15,53.69,53.6922,51.23,52.18,-0.85,-1.60%,703600
BMBL,2021-10-18,50.92,52.74,50.83,50.97,-1.21,-2.32%,705600
BMBL,2021-10-19,51.23,52.38,50.63,51.52,0.55,+1.08%,858500
BMBL,2021-10-20,51.78,53.88,51.67,52.34,0.82,+1.59%,696000
BMBL,2021-10-21,52,60.5,50.91,56.26,3.92,+7.49%,5202800
BMBL,2021-10-22,54.53,56.37,53.54,55.48,-0.78,-1.39%,979100
BMBL,2021-10-25,55.64,57.19,55.17,56.6,1.12,+2.02%,756700
BMBL,2021-10-26,56.65,56.8,54.6298,55.14,-1.46,-2.58%,488400
BMBL,2021-10-27,54.91,56.22,54.11,54.21,-0.93,-1.69%,450100
BMBL,2021-10-28,54.25,55.3647,53.55,54.11,-0.1,-0.18%,679800
BMBL,2021-10-29,54,54.76,52.15,52.52,-1.59,-2.94%,1093400
BMBL,2021-11-01,52.55,53.28,51.12,51.47,-1.05,-2.00%,1214500
BMBL,2021-11-02,51.5,51.5,49.35,49.56,-1.91,-3.71%,1689000
BMBL,2021-11-03,49.47,52.88,49.4,52,2.44,+4.92%,2204300
BMBL,2021-11-04,52.26,52.55,51.4,51.7,-0.3,-0.58%,1169500
BMBL,2021-11-05,52.13,52.73,51.2,52,0.3,+0.58%,1054500
BMBL,2021-11-08,52.23,53.17,51.7313,52.25,0.25,+0.48%,979600
BMBL,2021-11-09,52.01,52.6,50.53,50.84,-1.41,-2.70%,969400
BMBL,2021-11-10,50.22,50.64,46.75,47.75,-3.09,-6.08%,2376600
BMBL,2021-11-11,39.71,41.8,37.8,38.56,-9.19,-19.25%,12753400
BMBL,2021-11-12,39,39,35.9,36.55,-2.01,-5.21%,6581800
BMBL,2021-11-15,36.9,39.21,36.8,38.47,1.92,+5.25%,4215400
BMBL,2021-11-16,38.3,38.9,37.92,38.41,-0.06,-0.16%,1958300
BMBL,2021-11-17,38.5,39.41,37.91,38.23,-0.18,-0.47%,2275400
BMBL,2021-11-18,38.25,38.31,36.8,37.97,-0.26,-0.68%,2402600
BMBL,2021-11-19,37.91,38.09,36.105,36.38,-1.59,-4.19%,1543800
BMBL,2021-11-22,36.84,36.84,33.63,34.3,-2.08,-5.72%,2090300
BMBL,2021-11-23,35.1,35.55,33.5,34.39,0.09,+0.26%,2139100
BMBL,2021-11-24,33.8,34.95,33.286,34.38,-0.01,-0.03%,989000
BMBL,2021-11-26,33.54,34.27,33.34,33.83,-0.55,-1.60%,850900
BMBL,2021-11-29,35.92,35.92,34.1069,35.03,1.2,+3.55%,1847100
BMBL,2021-11-30,34.94,35.45,33.06,34.26,-0.77,-2.20%,2547500
BMBL,2021-12-01,34.7,35.95,32,32.08,-2.18,-6.36%,1929200
BMBL,2021-12-02,32.33,33.23,31.9,32.29,0.21,+0.65%,1212500
BMBL,2021-12-03,32.47,32.6,30.1,31.74,-0.55,-1.70%,1710600
BMBL,2021-12-06,31.43,33.5,30.5,33.25,1.51,+4.76%,1464000
BMBL,2021-12-07,35.75,37.66,35.73,36.48,3.23,+9.71%,4750800
BMBL,2021-12-08,36.49,38.64,36.01,37.62,1.14,+3.13%,2112900
BMBL,2021-12-09,37.22,38.65,36.06,36.65,-0.97,-2.58%,1938200
BMBL,2021-12-10,36.81,37.67,35.95,36.27,-0.38,-1.04%,1905600
BMBL,2021-12-13,36.21,36.21,34.35,34.99,-1.28,-3.53%,2119800
BMBL,2021-12-14,34.41,35.59,34,35.31,0.32,+0.91%,1381500
BMBL,2021-12-15,35.24,35.52,33.51,35.17,-0.14,-0.40%,1879900
BMBL,2021-12-16,35.65,35.89,33.15,33.81,-1.36,-3.87%,1144700
BMBL,2021-12-17,33.48,33.6965,31.91,32.85,-0.96,-2.84%,3250800
BMBL,2021-12-20,32.15,32.99,31.39,31.93,-0.92,-2.80%,1443600
BMBL,2021-12-21,32.5,34.96,32.2,34.63,2.7,+8.46%,1866800
BMBL,2021-12-22,34.14,34.9759,33.39,34.58,-0.05,-0.14%,849600
BMBL,2021-12-23,34.31,35.47,33.915,34.87,0.29,+0.84%,790000
BMBL,2021-12-27,34.8,35.11,33.46,33.86,-1.01,-2.90%,1160800
BMBL,2021-12-28,33.52,34.67,32.95,33.39,-0.47,-1.39%,869600
BMBL,2021-12-29,33.45,33.49,32.13,32.66,-0.73,-2.19%,896400
BMBL,2021-12-30,32.66,34.5,32.64,33.9,1.24,+3.80%,967100
BMBL,2021-12-31,33.74,34.94,33.4,33.86,-0.04,-0.12%,986900
BMBL,2022-01-03,34.17,35.7637,33.35,35.13,1.27,+3.75%,968000
BMBL,2022-01-04,35.52,35.52,32.47,33.6,-1.53,-4.36%,1582100
BMBL,2022-01-05,33.28,33.85,31.5,32.02,-1.58,-4.70%,1603500
BMBL,2022-01-06,31.57,32.8399,31.07,31.6,-0.42,-1.31%,1424600
BMBL,2022-01-07,31.55,32.66,30.52,31.47,-0.13,-0.41%,1634700
BMBL,2022-01-10,30.73,32.23,29.6,32.19,0.72,+2.29%,1530600
BMBL,2022-01-11,32.23,33.9648,31.85,33.12,0.93,+2.89%,1105100
BMBL,2022-01-12,33.98,33.99,32.41,32.69,-0.43,-1.30%,672900
BMBL,2022-01-13,34.6562,34.97,32.095,32.59,-0.1,-0.31%,2063500
BMBL,2022-01-14,32.19,33.54,32.15,33.25,0.66,+2.03%,1656300
BMBL,2022-01-18,32.93,32.9319,30.51,30.75,-2.5,-7.52%,1855100
BMBL,2022-01-19,31.05,32.1724,30.98,31.14,0.39,+1.27%,1239800
BMBL,2022-01-20,31.49,32.66,30.62,30.75,-0.39,-1.25%,1576000
BMBL,2022-01-21,30.51,31.5862,29.5,30,-0.75,-2.44%,1652200
BMBL,2022-01-24,28.92,29.6,26.4201,29.45,-0.55,-1.83%,2493200
BMBL,2022-01-25,28.28,29.3962,27.57,28.65,-0.8,-2.72%,1265900
BMBL,2022-01-26,29.48,30.79,28.34,28.99,0.34,+1.19%,2311500
BMBL,2022-01-27,29.72,29.945,26.56,26.78,-2.21,-7.62%,2611800
BMBL,2022-01-28,27.34,28.02,25.9,27.96,1.18,+4.41%,2096100
BMBL,2022-01-31,27.93,30.07,27.57,29.51,1.55,+5.54%,2184700
BMBL,2022-02-01,29.92,30.61,29.03,30.31,0.8,+2.71%,4323600
BMBL,2022-02-02,30.18,30.99,29.8,29.82,-0.49,-1.62%,2713300
BMBL,2022-02-03,28.81,29.41,27.1,27.32,-2.5,-8.38%,2197700
BMBL,2022-02-04,27.23,28.14,26.3,27.66,0.34,+1.24%,1633400
BMBL,2022-02-07,28.06,29.01,27.34,27.5,-0.16,-0.58%,1139300
BMBL,2022-02-08,27.5,27.81,26.77,27.28,-0.22,-0.80%,2407700
BMBL,2022-02-09,27.59,29.735,27.47,29.59,2.31,+8.47%,3467700
BMBL,2022-02-10,28.88,30.37,28.71,29.48,-0.11,-0.37%,1252900
BMBL,2022-02-11,29.61,30.08,27.7,28.1,-1.38,-4.68%,1035300
BMBL,2022-02-14,27.99,29.33,27.64,28.07,-0.03,-0.11%,880100
BMBL,2022-02-15,28.68,29.14,28.2,29.03,0.96,+3.42%,766400
BMBL,2022-02-16,28.89,29.015,28,28.8,-0.23,-0.79%,994700
BMBL,2022-02-17,28.38,28.5499,26.57,26.64,-2.16,-7.50%,1160900
BMBL,2022-02-18,26.36,26.783,24.88,25.19,-1.45,-5.44%,1718000
BMBL,2022-02-22,24.77,25.18,24,24.52,-0.67,-2.66%,1399800
BMBL,2022-02-23,24.71,25.35,24.12,24.22,-0.3,-1.22%,1507100
BMBL,2022-02-24,22.56,25.74,22.44,25.44,1.22,+5.04%,2403000
BMBL,2022-02-25,25.71,26.52,24.885,26.38,0.94,+3.69%,1078600
BMBL,2022-02-28,25.91,26.6677,25.38,25.63,-0.75,-2.84%,1557600
BMBL,2022-03-01,25.42,25.655,23.22,23.35,-2.28,-8.90%,2005800
BMBL,2022-03-02,23.43,23.85,21.96,23.12,-0.23,-0.99%,1846700
BMBL,2022-03-03,23.24,23.24,19.25,19.48,-3.64,-15.74%,6084500
BMBL,2022-03-04,19.43,19.51,17.23,18.08,-1.4,-7.19%,5250400
BMBL,2022-03-07,18.05,18.58,15.921,16.23,-1.85,-10.23%,7859300
BMBL,2022-03-08,16.44,17.1305,15.41,16.66,0.43,+2.65%,11772900
BMBL,2022-03-09,22,24.75,21.98,23.64,6.98,+41.90%,38246900
BMBL,2022-03-10,22.93,25.34,22.78,23.24,-0.4,-1.69%,11153400
BMBL,2022-03-11,23.37,23.7199,21.0817,21.63,-1.61,-6.93%,6467723
BMBL,2022-03-14,21.12,22.37,20.6,21.03,-0.6,-2.77%,5244000
BMBL,2022-03-15,21.23,23.16,21,22.73,1.7,+8.08%,4918500
BMBL,2022-03-16,23.29,25.84,23.06,25.56,2.83,+12.45%,5177200
BMBL,2022-03-17,25.08,29.13,24.97,29,3.44,+13.46%,5841200
BMBL,2022-03-18,28.54,29.51,27.95,28.95,-0.05,-0.17%,3823000
BMBL,2022-03-21,29.08,29.84,28.22,28.94,-0.01,-0.03%,2692800
BMBL,2022-03-22,29.14,29.95,28.36,28.58,-0.36,-1.24%,2784700
BMBL,2022-03-23,28.07,29.75,27.651,28.31,-0.27,-0.94%,2426100
BMBL,2022-03-24,29.26,30.47,27.11,28.9,0.59,+2.08%,2754700
BMBL,2022-03-25,28.74,29.09,27.68,28.17,-0.73,-2.53%,1121600
BMBL,2022-03-28,28.02,29.23,27.61,28.99,0.82,+2.91%,1335700
BMBL,2022-03-29,29.39,30.33,28.76,29.08,0.09,+0.31%,2126600
BMBL,2022-03-30,28.74,29.7799,28.53,29.2,0.12,+0.41%,1475900
BMBL,2022-03-31,29.15,29.7,28.7,28.98,-0.22,-0.75%,1449700
BMBL,2022-04-01,29.5,29.78,27.55,27.95,-1.03,-3.55%,1654100
BMBL,2022-04-04,28.5,30.22,28.36,29.53,1.58,+5.65%,1914700
BMBL,2022-04-05,29.32,29.48,27.66,28.05,-1.48,-5.01%,1398200
BMBL,2022-04-06,27.2,27.58,26.03,27.17,-0.88,-3.14%,1755700
BMBL,2022-04-07,26.86,27.68,25.78,26.67,-0.5,-1.84%,1880400
BMBL,2022-04-08,26.3,26.73,25.6974,25.78,-0.89,-3.34%,1034000
BMBL,2022-04-11,25.24,26.2,24.9012,25.54,-0.24,-0.93%,2246000
BMBL,2022-04-12,26.47,26.6787,25.02,25.39,-0.15,-0.59%,1421500
BMBL,2022-04-13,25.54,26.985,25.38,26.66,1.27,+5.00%,1332400
BMBL,2022-04-14,26.76,26.87,25.82,25.91,-0.75,-2.81%,1199900
BMBL,2022-04-18,25.89,25.8999,24.47,25.63,-0.28,-1.08%,1206000
BMBL,2022-04-19,25.56,27.93,25.485,27.19,1.56,+6.09%,1932200
BMBL,2022-04-20,27.3,27.3,25.69,25.82,-1.37,-5.04%,1939000
BMBL,2022-04-21,26.56,27.18,24.19,24.37,-1.45,-5.62%,1896700
BMBL,2022-04-22,24.17,24.59,23.08,23.45,-0.92,-3.78%,2187800
BMBL,2022-04-25,23.1,24.94,22.78,24.59,1.14,+4.86%,2249400
BMBL,2022-04-26,24.68,24.91,23.17,23.78,-0.81,-3.29%,3042000
BMBL,2022-04-27,23.4,24.32,22.81,23.22,-0.56,-2.35%,1689900
BMBL,2022-04-28,23.73,25.26,22.8505,25.23,2.01,+8.66%,1880700
BMBL,2022-04-29,24.98,25.58,23.92,23.99,-1.24,-4.91%,1436200
BMBL,2022-05-02,23.97,25.77,23.77,25.71,1.72,+7.17%,2548600
BMBL,2022-05-03,25.48,26,24.04,24.5,-1.21,-4.71%,2326000
BMBL,2022-05-04,24.11,25.51,22.08,25.46,0.96,+3.92%,2883800
BMBL,2022-05-05,24.92,25,22.3,23.74,-1.72,-6.76%,2577100
BMBL,2022-05-06,23.36,23.36,21.1678,21.91,-1.83,-7.71%,3203700
BMBL,2022-05-09,21.06,21.55,19.435,19.66,-2.25,-10.27%,2529700
BMBL,2022-05-10,20.29,20.89,17.73,19.23,-0.43,-2.19%,3536400
BMBL,2022-05-11,18.77,19.935,17.62,17.63,-1.6,-8.32%,4981900
BMBL,2022-05-12,19.19,24.21,18.81,22.36,4.73,+26.83%,14575800
BMBL,2022-05-13,22.75,26.11,22.74,25.54,3.18,+14.22%,6082600
BMBL,2022-05-16,24.82,26.9,24.57,25.81,0.27,+1.06%,3430200
BMBL,2022-05-17,26.11,27.58,25.79,27.54,1.73,+6.70%,2566800
BMBL,2022-05-18,26.85,27.8,26.11,26.5,-1.04,-3.78%,3118600
BMBL,2022-05-19,26.25,29.1,26.25,28.32,1.82,+6.87%,2330300
BMBL,2022-05-20,29,29.58,26.97,28.17,-0.15,-0.53%,2355500
BMBL,2022-05-23,28.15,28.39,26.72,27.54,-0.63,-2.24%,1767500
BMBL,2022-05-24,26.9,26.9,25.18,26.52,-1.02,-3.70%,2144600
BMBL,2022-05-25,26.32,28.13,25.94,27.67,1.15,+4.34%,1752900
BMBL,2022-05-26,27.67,28.82,27.425,28.69,1.02,+3.69%,1546600
BMBL,2022-05-27,29.13,29.63,28.22,28.99,0.3,+1.05%,1456400
BMBL,2022-05-31,29.11,29.53,27.81,28.5,-0.49,-1.69%,1631400
BMBL,2022-06-01,29.11,29.62,27.76,28.51,0.01,+0.04%,2181800
BMBL,2022-06-02,28.34,31.57,28.25,31.46,2.95,+10.35%,2539500
BMBL,2022-06-03,30.79,32.08,30.24,30.42,-1.04,-3.31%,1920700
BMBL,2022-06-06,31.53,32.82,30.12,32.46,2.04,+6.71%,2705500
BMBL,2022-06-07,31.95,33.14,31.835,33.06,0.6,+1.85%,2768700
BMBL,2022-06-08,33.16,34.435,32.74,32.87,-0.19,-0.57%,2018200
BMBL,2022-06-09,32.29,32.96,30.82,31.05,-1.82,-5.54%,2100200
BMBL,2022-06-10,30.11,31.32,29.82,30.36,-0.69,-2.22%,1584600
BMBL,2022-06-13,29.12,30.33,28.18,28.69,-1.67,-5.50%,2045700
BMBL,2022-06-14,28.81,30.1,28.4901,29.62,0.93,+3.24%,1576300
BMBL,2022-06-15,30.13,32.5,30.044,31.61,1.99,+6.72%,2290000
BMBL,2022-06-16,30.5,31.1,29.41,29.43,-2.18,-6.90%,2978300
BMBL,2022-06-17,29.98,30.195,26.2907,27.93,-1.5,-5.10%,6169800
BMBL,2022-06-21,28.88,31.92,28.8,29.77,1.84,+6.59%,2838000
BMBL,2022-06-22,28.82,30.33,28.5,29.46,-0.31,-1.04%,1564600
BMBL,2022-06-23,29.86,31.8,29.44,31.77,2.31,+7.84%,2138900
BMBL,2022-06-24,32.32,33.28,31.01,31.98,0.21,+0.66%,15237300
BMBL,2022-06-27,32,32.1948,30.0492,31.14,-0.84,-2.63%,3124400
BMBL,2022-06-28,31.32,31.55,29.19,29.79,-1.35,-4.34%,2029500
BMBL,2022-06-29,29.78,29.85,27.9,28.37,-1.42,-4.77%,1889200
BMBL,2022-06-30,27.84,28.84,27.13,28.15,-0.22,-0.78%,2200700
BMBL,2022-07-01,28.3,29.76,28.3,29.36,1.21,+4.30%,1542900
BMBL,2022-07-05,28.82,32.7,28.3908,32.35,2.99,+10.18%,2309400
BMBL,2022-07-06,32.64,34.475,31.52,33.52,1.17,+3.62%,3527900
BMBL,2022-07-07,33.65,34.675,33.2,34.37,0.85,+2.54%,1813400
BMBL,2022-07-08,33.69,34.5,33.27,34.16,-0.21,-0.61%,2341800
BMBL,2022-07-11,34.04,34.99,32.93,33.61,-0.55,-1.61%,2096000
BMBL,2022-07-12,33.62,34.7,32.56,33.84,0.23,+0.68%,1156300
BMBL,2022-07-13,32.76,34,32,32.76,-1.08,-3.19%,1724300
BMBL,2022-07-14,32.55,32.87,31.62,32.2,-0.56,-1.71%,1282100
BMBL,2022-07-15,32.78,33.3,31.7,33.08,0.88,+2.73%,1238000
BMBL,2022-07-18,34.1,34.5,31.6001,31.72,-1.36,-4.11%,2049900
BMBL,2022-07-19,32.36,33.39,31.92,32.43,0.71,+2.24%,2713100
BMBL,2022-07-20,32.77,35.24,32.5944,34.83,2.4,+7.40%,2591700
BMBL,2022-07-21,34.6,35.9,34.57,35.5,0.67,+1.92%,1860500
BMBL,2022-07-22,35.73,36.55,33.57,33.88,-1.62,-4.56%,2341200
BMBL,2022-07-25,33.59,33.94,32.63,33.74,-0.14,-0.41%,1029100
BMBL,2022-07-26,33.61,33.8,32.2,32.77,-0.97,-2.87%,1110900
BMBL,2022-07-27,33.58,35.42,33.4,34.99,2.22,+6.77%,1835500
BMBL,2022-07-28,34.95,37.84,34.42,37.6,2.61,+7.46%,2836000
BMBL,2022-07-29,37.1,38.99,36.76,37.92,0.32,+0.85%,2982200
BMBL,2022-08-01,36.53,37.2,35.33,35.94,-1.98,-5.22%,2624100
BMBL,2022-08-02,35.38,36.58,35.25,36,0.06,+0.17%,2540700
BMBL,2022-08-03,34.25,36.38,33.32,35.59,-0.41,-1.14%,4700000
BMBL,2022-08-04,35.9,36.26,34.98,35.81,0.22,+0.62%,2024100
BMBL,2022-08-05,34.92,37.65,34.5,37.56,1.75,+4.89%,1876400
BMBL,2022-08-08,37.95,39.33,37.21,37.39,-0.17,-0.45%,2278001
BMBL,2022-08-09,36.84,36.95,35,35.08,-2.31,-6.18%,1831200
BMBL,2022-08-10,36.67,36.79,34.21,34.49,-0.59,-1.68%,5301600
BMBL,2022-08-11,32.97,35.27,31.16,31.52,-2.97,-8.61%,7538600
BMBL,2022-08-12,32.09,32.8,31.15,31.38,-0.14,-0.44%,2531700
BMBL,2022-08-15,31.09,33.95,30.92,33.71,2.33,+7.43%,2443600
BMBL,2022-08-16,33.73,33.73,31.67,32.88,-0.83,-2.46%,1531300
BMBL,2022-08-17,32.15,32.3,31.16,31.61,-1.27,-3.86%,1151200
BMBL,2022-08-18,31.61,31.63,30.75,31.42,-0.19,-0.60%,1280500
BMBL,2022-08-19,30.37,30.7,27.625,28.26,-3.16,-10.06%,3708700
BMBL,2022-08-22,27.68,27.68,25.71,25.89,-2.37,-8.39%,3943400
BMBL,2022-08-23,25.71,27.29,25.71,26.44,0.55,+2.12%,2461800
BMBL,2022-08-24,26.31,27.53,26.28,27.22,0.78,+2.95%,1288800
BMBL,2022-08-25,27.57,27.97,27.12,27.84,0.62,+2.28%,1128800
BMBL,2022-08-26,27.64,28.16,26.48,26.69,-1.15,-4.13%,1372400
BMBL,2022-08-29,26.36,27.16,25.84,25.98,-0.71,-2.66%,1354000
BMBL,2022-08-30,26.18,26.315,25.02,25.39,-0.59,-2.27%,1377600
BMBL,2022-08-31,26.02,26.2257,25.04,25.05,-0.34,-1.34%,1034200
BMBL,2022-09-01,24.6,25.09,24.07,25,-0.05,-0.20%,1986500
BMBL,2022-09-02,25.42,25.52,24.2,24.65,-0.35,-1.40%,1540200
BMBL,2022-09-06,24.8,24.835,23.71,24.21,-0.44,-1.78%,1421500
BMBL,2022-09-07,23.99,25.62,23.775,25.46,1.25,+5.16%,2484600
BMBL,2022-09-08,24.81,25.5399,24.58,25.07,-0.39,-1.53%,1482300
BMBL,2022-09-09,25.29,27.595,25.1,27.49,2.42,+9.65%,3835000
BMBL,2022-09-12,27.68,28.57,27.42,27.99,0.5,+1.82%,2218200
BMBL,2022-09-13,26.36,26.815,25.42,25.47,-2.52,-9.00%,1477200
BMBL,2022-09-14,25.57,25.71,24.93,25.69,0.22,+0.86%,923900
BMBL,2022-09-15,25.83,26.69,24.75,25.21,-0.48,-1.87%,2566900
BMBL,2022-09-16,24.65,24.74,23.24,23.56,-1.65,-6.55%,2911800
BMBL,2022-09-19,23.4,23.97,22.7,23.52,-0.04,-0.17%,1833500
BMBL,2022-09-20,23.03,23.35,22.22,22.28,-1.24,-5.27%,1702500
BMBL,2022-09-21,22.56,23.36,22.02,22.09,-0.19,-0.85%,1533900
BMBL,2022-09-22,21.91,22.2,21.23,21.6,-0.49,-2.22%,1751700
BMBL,2022-09-23,21.3,21.51,20.71,21.23,-0.37,-1.71%,1494000
BMBL,2022-09-26,21.14,21.85,20.6,20.76,-0.47,-2.21%,1589100
BMBL,2022-09-27,21.09,21.53,20.4901,21.22,0.46,+2.22%,1525500
BMBL,2022-09-28,21.33,22.395,21.22,22.17,0.95,+4.48%,1207800
BMBL,2022-09-29,21.42,21.95,20.96,21.9,-0.27,-1.22%,1221000
BMBL,2022-09-30,21.83,22.43,21.41,21.49,-0.41,-1.87%,1564100
BMBL,2022-10-03,21.62,22.45,20.99,22.41,0.92,+4.28%,1990700
BMBL,2022-10-04,23.34,24.7494,23.25,24.21,1.8,+8.03%,2426900
BMBL,2022-10-05,23.6,24.6499,23.59,24.33,0.12,+0.50%,1692500
BMBL,2022-10-06,24.18,25.03,23.61,24.9,0.57,+2.34%,1613900
BMBL,2022-10-07,24.18,24.29,23.3138,23.58,-1.32,-5.30%,1397000
BMBL,2022-10-10,23.59,24.08,23.06,23.83,0.25,+1.06%,1412900
BMBL,2022-10-11,23.75,23.89,22.3,23.21,-0.62,-2.60%,1400100
BMBL,2022-10-12,23.18,23.42,22.36,23.17,-0.04,-0.17%,1098100
BMBL,2022-10-13,22.01,23.67,21.66,23.09,-0.08,-0.35%,1232600
BMBL,2022-10-14,23.49,23.9,21.03,21.14,-1.95,-8.45%,1683500
BMBL,2022-10-17,22.13,22.98,22.07,22.7,1.56,+7.38%,1607500
BMBL,2022-10-18,23.61,24.2,21.9,22.46,-0.24,-1.06%,3107800
BMBL,2022-10-19,22.11,22.17,20.37,21.23,-1.23,-5.48%,2664700
BMBL,2022-10-20,21.38,22.7,21.375,21.59,0.36,+1.70%,1586900
BMBL,2022-10-21,21.34,22.1,20.75,21.95,0.36,+1.67%,1121900
BMBL,2022-10-24,22,22.2,21.01,22.05,0.1,+0.46%,968400
BMBL,2022-10-25,22.45,24.33,22.38,24.18,2.13,+9.66%,1608300
BMBL,2022-10-26,23.27,24.185,22.92,23.49,-0.69,-2.85%,1387900
BMBL,2022-10-27,23.58,24.805,23.2,24.27,0.78,+3.32%,1603000
BMBL,2022-10-28,24.03,25.575,23.54,25.5,1.23,+5.07%,2006400
BMBL,2022-10-31,25.03,25.625,24.785,25.4,-0.1,-0.39%,1953800
BMBL,2022-11-01,26.21,26.9,24.97,25.09,-0.31,-1.22%,2250500
BMBL,2022-11-02,26.09,26.09,22.89,23.06,-2.03,-8.09%,2052300
BMBL,2022-11-03,22.6,23.52,22.3,23.01,-0.05,-0.22%,1612700
BMBL,2022-11-04,23.71,23.71,22.24,22.75,-0.26,-1.13%,1700500
BMBL,2022-11-07,22.97,23.325,21.53,22.23,-0.52,-2.29%,2412700
BMBL,2022-11-08,22.39,22.51,20.72,21.95,-0.28,-1.26%,1964800
BMBL,2022-11-09,21.55,21.75,20.42,20.93,-1.02,-4.65%,3887100
BMBL,2022-11-10,20.38,23.95,19.91,23.03,2.1,+10.03%,8267700
BMBL,2022-11-11,23.09,25.615,22.62,25.46,2.43,+10.55%,2557800
BMBL,2022-11-14,25.4,26.66,24.795,24.96,-0.5,-1.96%,2304000
BMBL,2022-11-15,26.17,26.68,24.93,25.68,0.72,+2.88%,2068500
BMBL,2022-11-16,25.04,25.31,23.48,24.18,-1.5,-5.84%,1343400
BMBL,2022-11-17,23.45,23.96,23.2,23.48,-0.7,-2.89%,1703200
BMBL,2022-11-18,24.06,24.2,22.56,23.11,-0.37,-1.58%,1649300
BMBL,2022-11-21,22.66,22.7999,21.82,22.19,-0.92,-3.98%,1462800
BMBL,2022-11-22,22.19,22.33,21.15,21.99,-0.2,-0.90%,1281200
BMBL,2022-11-23,21.86,22.73,21.8,22.54,0.55,+2.50%,696600
BMBL,2022-11-25,22.43,22.44,21.97,22.05,-0.49,-2.17%,316700
BMBL,2022-11-28,21.71,22.465,21.71,22.39,0.34,+1.54%,1052200
BMBL,2022-11-29,22.58,23.48,22.09,22.4,0.01,+0.04%,1284100
BMBL,2022-11-30,22.49,24.44,22.38,24.36,1.96,+8.75%,1297200
BMBL,2022-12-01,24.26,24.91,23.8812,24.52,0.16,+0.66%,1738500
BMBL,2022-12-02,23.81,24.94,23.51,24.8,0.28,+1.14%,1429400
BMBL,2022-12-05,24.75,25.89,24.48,24.52,-0.28,-1.13%,2409400
BMBL,2022-12-06,24.61,24.77,22.59,22.83,-1.69,-6.89%,2112600
BMBL,2022-12-07,22.56,23.36,22.27,23.32,0.49,+2.15%,1854600
BMBL,2022-12-08,23.37,24.53,22.87,23.31,-0.01,-0.04%,1317800
BMBL,2022-12-09,22.98,24.27,22.59,23.43,0.12,+0.51%,1480600
BMBL,2022-12-12,23.36,24,23.14,23.48,0.05,+0.21%,1820200
BMBL,2022-12-13,25.05,25.5,22.94,23.76,0.28,+1.19%,6802200
BMBL,2022-12-14,23.7,24.485,23.28,23.66,-0.1,-0.42%,1628900
BMBL,2022-12-15,23,23.35,22.6339,23.02,-0.64,-2.70%,1187900
BMBL,2022-12-16,22.74,23.52,22.6,23.02,0,0.00%,2102100
BMBL,2022-12-19,22.93,22.93,21.77,21.93,-1.09,-4.74%,1553800
BMBL,2022-12-20,21.53,22.455,21.11,22.08,0.15,+0.68%,1250400
BMBL,2022-12-21,22.25,22.52,21.6807,21.83,-0.25,-1.13%,1082200
BMBL,2022-12-22,21.36,21.39,20.705,21.03,-0.8,-3.66%,1122800
BMBL,2022-12-23,20.93,21.17,20.41,20.94,-0.09,-0.43%,1084300
BMBL,2022-12-27,20.66,20.8,20.13,20.58,-0.36,-1.72%,926700
BMBL,2022-12-28,20.42,20.565,19.7318,19.87,-0.71,-3.45%,1227400
BMBL,2022-12-29,20.21,20.875,19.93,20.77,0.9,+4.53%,1107500
BMBL,2022-12-30,20.2,21.12,20.2,21.05,0.28,+1.35%,1179700
BMBL,2023-01-03,21.5,21.95,20.12,20.44,-0.61,-2.90%,1180200
BMBL,2023-01-04,20.61,21.035,20.36,20.5,0.06,+0.29%,1636000
BMBL,2023-01-05,20.18,20.31,19.62,19.65,-0.85,-4.15%,1528500
BMBL,2023-01-06,19.73,19.84,18.82,19.49,-0.16,-0.81%,2390200
BMBL,2023-01-09,20.1,21.05,19.7,20.06,0.57,+2.92%,3145600
BMBL,2023-01-10,21.32,21.64,20.442,21.53,1.47,+7.33%,4977000
BMBL,2023-01-11,21.66,23.42,21.54,23.28,1.75,+8.13%,2609500
BMBL,2023-01-12,23.46,24.01,22.8701,23.76,0.48,+2.06%,1838700
BMBL,2023-01-13,23.43,23.53,22.31,23.08,-0.68,-2.86%,1863400
BMBL,2023-01-17,23.06,23.87,23.04,23.68,0.6,+2.60%,1484500
BMBL,2023-01-18,24.02,24.32,23.352,23.54,-0.14,-0.59%,1539500
BMBL,2023-01-19,23.34,23.69,22.88,23.4,-0.14,-0.59%,1279700
BMBL,2023-01-20,23.75,24.17,23.24,24.01,0.61,+2.61%,1458500
BMBL,2023-01-23,24.29,24.49,24.01,24.33,0.32,+1.33%,1235500
BMBL,2023-01-24,24.26,24.83,24.14,24.43,0.1,+0.41%,1425500
BMBL,2023-01-25,24.01,24.34,23.3501,24.3,-0.13,-0.53%,1035600
BMBL,2023-01-26,24.95,25.15,23.93,24.52,0.22,+0.91%,1426800
BMBL,2023-01-27,24.59,26.815,24.43,26.49,1.97,+8.03%,2907400
BMBL,2023-01-30,26.22,26.7025,25.23,25.71,-0.78,-2.94%,1568400
BMBL,2023-01-31,25.76,26.54,25.71,25.75,0.04,+0.16%,2049300
BMBL,2023-02-01,25.19,26.61,24.7,26.21,0.46,+1.79%,2664400
BMBL,2023-02-02,27.3,27.92,26.75,27.86,1.65,+6.30%,3626300
BMBL,2023-02-03,26.76,27.63,26.38,26.85,-1.01,-3.63%,1387600
BMBL,2023-02-06,26.36,27.1623,26.29,26.79,-0.06,-0.22%,1171400
BMBL,2023-02-07,26.65,27.27,26.105,27.09,0.3,+1.12%,1282100
BMBL,2023-02-08,27.28,27.28,26.01,26.39,-0.7,-2.58%,776200
BMBL,2023-02-09,26.85,26.95,25.33,25.54,-0.85,-3.22%,969900
BMBL,2023-02-10,25.16,25.275,24.21,24.32,-1.22,-4.78%,1307300
BMBL,2023-02-13,24.25,24.89,23.89,24.34,0.02,+0.08%,2507400
BMBL,2023-02-14,24.1,24.56,23.25,23.37,-0.97,-3.99%,3148200
BMBL,2023-02-15,23.27,23.97,21.58,23.49,0.12,+0.51%,5306700
BMBL,2023-02-16,22.87,23.53,22.42,22.91,-0.58,-2.47%,2084700
BMBL,2023-02-17,22.61,22.82,22.06,22.74,-0.17,-0.74%,2062400
BMBL,2023-02-21,22.13,22.78,21.88,22.52,-0.22,-0.97%,2788100
BMBL,2023-02-22,22.65,24.015,22.57,23.34,0.82,+3.64%,4682600
BMBL,2023-02-23,23.64,25.74,23.43,25.09,1.75,+7.50%,5211700
BMBL,2023-02-24,24.32,24.65,23.2,23.52,-1.57,-6.26%,2746700
BMBL,2023-02-27,23.65,24.19,23.26,23.63,0.11,+0.47%,2005100
BMBL,2023-02-28,23.49,24.6,23.49,24.18,0.55,+2.33%,2337300
BMBL,2023-03-01,24.29,24.54,23.88,24.375,0.195,+0.81%,1275700
BMBL,2023-03-02,23.91,24.62,23.69,24.54,0.165,+0.68%,1163600
BMBL,2023-03-03,22.88,22.89,21.99,22.38,-2.16,-8.80%,12321800
BMBL,2023-03-06,22.3,22.625,21.32,21.42,-0.96,-4.29%,6322000
BMBL,2023-03-07,21.42,21.73,20.17,20.69,-0.73,-3.41%,4163100
BMBL,2023-03-08,20.4,21.11,20.33,20.88,0.19,+0.92%,2841300
BMBL,2023-03-09,20.69,20.99,19.13,19.38,-1.5,-7.18%,6783100
BMBL,2023-03-10,19.15,19.67,18.53,19.52,0.14,+0.72%,3364310
BMBL,2023-03-13,19.25,20.27,18.92,19.63,0.11,+0.56%,2666200
BMBL,2023-03-14,20.15,20.57,19.46,19.68,0.05,+0.25%,2760900
BMBL,2023-03-15,19.45,19.945,19.17,19.83,0.15,+0.76%,1718800
BMBL,2023-03-16,19.77,19.84,19.22,19.37,-0.46,-2.32%,2605000
BMBL,2023-03-17,19.69,20.28,19.56,19.93,0.56,+2.89%,3033500
BMBL,2023-03-20,19.81,20,19.31,19.63,-0.3,-1.51%,1724500
BMBL,2023-03-21,19.87,20.355,19.655,20.18,0.55,+2.80%,1756300
BMBL,2023-03-22,20.09,20.99,19.91,20.08,-0.1,-0.50%,2656100
BMBL,2023-03-23,20.34,20.44,18.88,19.15,-0.93,-4.63%,4649600
BMBL,2023-03-24,19.05,19.275,18.59,18.86,-0.29,-1.51%,1921200
BMBL,2023-03-27,18.97,19.87,18.7875,19.74,0.88,+4.67%,2748900
BMBL,2023-03-28,19.71,20.04,19.53,19.88,0.14,+0.71%,2136600
BMBL,2023-03-29,20.03,20.33,19.66,20.1,0.22,+1.11%,2807900
BMBL,2023-03-30,20.37,20.375,18.81,19.27,-0.83,-4.13%,2899400
BMBL,2023-03-31,19.43,19.89,19.27,19.55,0.28,+1.45%,1656900
BMBL,2023-04-03,19.41,19.77,19.21,19.74,0.19,+0.97%,1589600
BMBL,2023-04-04,19.73,19.73,18.77,18.8,-0.94,-4.76%,2687100
BMBL,2023-04-05,18.75,18.75,17.72,18.62,-0.18,-0.96%,2320100
BMBL,2023-04-06,18.59,18.83,18.29,18.6,-0.02,-0.11%,1450200
BMBL,2023-04-10,18.3,18.685,18.135,18.67,0.07,+0.38%,1730200
BMBL,2023-04-11,18.99,19.02,18.29,18.55,-0.12,-0.64%,2192500
BMBL,2023-04-12,18.8,18.8,17.175,17.21,-1.34,-7.22%,3738400
BMBL,2023-04-13,17.44,17.85,17.255,17.58,0.37,+2.15%,2257500
BMBL,2023-04-14,17.48,17.59,16.96,17.02,-0.56,-3.19%,1999300
BMBL,2023-04-17,17.03,17.575,16.96,17.47,0.45,+2.64%,1865200
BMBL,2023-04-18,17.57,17.57,17.06,17.39,-0.08,-0.46%,1281000
BMBL,2023-04-19,17.1,17.64,17,17.59,0.2,+1.15%,1304700
BMBL,2023-04-20,17.3,17.55,17.08,17.27,-0.32,-1.82%,1324700
BMBL,2023-04-21,17.29,17.62,17.105,17.58,0.31,+1.80%,1989600
BMBL,2023-04-24,17.61,17.97,17.26,17.6,0.02,+0.11%,2449800
BMBL,2023-04-25,17.26,17.39,16.85,16.86,-0.74,-4.20%,1549400
BMBL,2023-04-26,17.09,17.22,16.74,16.8,-0.06,-0.36%,1835400
BMBL,2023-04-27,17.01,17.67,16.96,17.6,0.8,+4.76%,2125000
BMBL,2023-04-28,17.44,18.29,17.255,18.21,0.61,+3.47%,2888600
BMBL,2023-05-01,18.08,18.49,17.465,17.76,-0.45,-2.47%,2643000
BMBL,2023-05-02,17.79,17.79,17.085,17.24,-0.52,-2.93%,2451800
BMBL,2023-05-03,17.35,18.2,17.34,17.72,0.48,+2.78%,3137000
BMBL,2023-05-04,17.67,17.925,17.54,17.64,-0.08,-0.45%,2889700
BMBL,2023-05-05,19,20.18,17.35,17.52,-0.12,-0.68%,6078100
BMBL,2023-05-08,17.52,18.4,17.17,17.34,-0.18,-1.03%,3155400
BMBL,2023-05-09,17.11,18,16.92,16.97,-0.37,-2.13%,2473500
BMBL,2023-05-10,17.33,17.82,17.06,17.31,0.34,+2.00%,2266700
BMBL,2023-05-11,17.29,17.48,16.74,16.75,-0.56,-3.24%,2172600
BMBL,2023-05-12,16.73,16.76,15.88,15.99,-0.76,-4.54%,3070700
BMBL,2023-05-15,16.02,16.97,15.89,16.86,0.87,+5.44%,2405000
BMBL,2023-05-16,16.73,16.97,16.23,16.375,-0.485,-2.88%,1735200
BMBL,2023-05-17,16.44,17.13,16.24,16.85,0.475,+2.90%,1756000
BMBL,2023-05-18,16.84,16.955,16.425,16.75,-0.1,-0.59%,1563100
BMBL,2023-05-19,16.89,16.89,16.12,16.14,-0.61,-3.64%,2052100
BMBL,2023-05-22,16.16,17.185,16.16,17.17,1.03,+6.38%,2226400
BMBL,2023-05-23,17.05,18,17.05,17.81,0.64,+3.73%,2770100
BMBL,2023-05-24,17.64,17.705,17.005,17.14,-0.67,-3.76%,2316700
BMBL,2023-05-25,17.11,17.24,16.47,16.73,-0.41,-2.39%,2068200
BMBL,2023-05-26,16.89,17.36,16.77,17.13,0.4,+2.39%,1355700
BMBL,2023-05-30,17.32,17.44,16.1875,16.295,-0.835,-4.87%,2898000
BMBL,2023-05-31,15.87,16.24,14.735,15.3,-0.995,-6.11%,9303300
BMBL,2023-06-01,15.3,16.22,15.13,16.1,0.8,+5.23%,4104700
BMBL,2023-06-02,16.31,16.57,16,16.55,0.45,+2.80%,2437100
BMBL,2023-06-05,16.47,16.59,16.015,16.16,-0.39,-2.36%,2712600
BMBL,2023-06-06,16.19,17.14,16.17,17.12,0.96,+5.94%,2389100
BMBL,2023-06-07,17.3,17.84,16.925,17.35,0.23,+1.34%,3770400
BMBL,2023-06-08,17.37,17.47,16.69,16.86,-0.49,-2.82%,2540900
BMBL,2023-06-09,16.97,17.21,16.74,16.94,0.08,+0.47%,2375100
BMBL,2023-06-12,17,17.6,16.92,17.28,0.34,+2.01%,1640900
BMBL,2023-06-13,17.56,17.84,17.41,17.54,0.26,+1.50%,3321200
BMBL,2023-06-14,17.43,17.78,17.2,17.63,0.09,+0.51%,3264900
BMBL,2023-06-15,17.41,18.0494,17.36,17.93,0.3,+1.70%,1757000
BMBL,2023-06-16,18.09,18.09,17.71,17.88,-0.05,-0.28%,2649000
BMBL,2023-06-20,17.6,17.975,17.41,17.89,0.01,+0.06%,1814200
BMBL,2023-06-21,17.73,17.85,17.39,17.5,-0.39,-2.18%,2404000
BMBL,2023-06-22,17.26,17.38,16.8,17.27,-0.23,-1.31%,2209500
BMBL,2023-06-23,16.99,17.215,16.84,17.18,-0.09,-0.52%,2042800
BMBL,2023-06-26,17.23,17.37,16.64,16.68,-0.5,-2.91%,2322500
BMBL,2023-06-27,16.58,16.97,16.34,16.81,0.13,+0.78%,3475000
BMBL,2023-06-28,16.79,16.9,16.52,16.63,-0.18,-1.07%,2627100
BMBL,2023-06-29,16.49,16.93,16.45,16.77,0.14,+0.84%,1647400
BMBL,2023-06-30,17.04,17.04,16.625,16.78,0.01,+0.06%,1458600
BMBL,2023-07-03,16.81,17.235,16.805,17.17,0.39,+2.32%,1010700
BMBL,2023-07-05,17.04,17.1,16.55,16.58,-0.59,-3.44%,1780800
BMBL,2023-07-06,16.32,16.53,15.705,16.18,-0.4,-2.41%,2431600
BMBL,2023-07-07,16.34,16.68,16.26,16.62,0.44,+2.72%,2095400
BMBL,2023-07-10,16.6,17.71,16.6,17.59,0.97,+5.84%,2423100
BMBL,2023-07-11,17.94,19.23,17.9,18.61,1.02,+5.80%,3439600
BMBL,2023-07-12,19.11,20.21,18.955,19.98,1.37,+7.36%,4267600
BMBL,2023-07-13,20.2,20.475,19.77,19.97,-0.01,-0.05%,2888600
BMBL,2023-07-14,19.93,20.13,19.57,19.82,-0.15,-0.75%,2653500
BMBL,2023-07-17,19.78,21.055,19.65,20.81,0.99,+4.99%,3180400
BMBL,2023-07-18,20.82,20.97,19.56,19.66,-1.15,-5.53%,2620600
BMBL,2023-07-19,19.99,20.42,19.805,20.14,0.48,+2.44%,2114500
BMBL,2023-07-20,19.91,19.98,18.88,18.99,-1.15,-5.71%,1767200
BMBL,2023-07-21,19.2,19.43,18.545,18.68,-0.31,-1.63%,1787300
BMBL,2023-07-24,18.59,18.97,18.42,18.52,-0.16,-0.86%,1455200
BMBL,2023-07-25,18.59,18.64,18.04,18.06,-0.46,-2.48%,1402800
BMBL,2023-07-26,18.06,18.795,17.98,18.59,0.53,+2.93%,1892900
BMBL,2023-07-27,18.91,18.91,17.81,17.97,-0.62,-3.34%,1992100
BMBL,2023-07-28,18.38,18.53,18.14,18.21,0.24,+1.34%,2387500
BMBL,2023-07-31,18.32,18.84,18.27,18.52,0.31,+1.70%,1915200
BMBL,2023-08-01,18.28,18.615,17.93,18.55,0.03,+0.16%,1576900
BMBL,2023-08-02,18.4,18.4,17.65,17.74,-0.81,-4.37%,2140300
BMBL,2023-08-03,17.76,17.9,17.505,17.87,0.13,+0.73%,1288900
BMBL,2023-08-04,17.93,18.01,17.13,17.18,-0.69,-3.86%,1812500
BMBL,2023-08-07,17.25,17.985,17.18,17.97,0.79,+4.60%,2895300
BMBL,2023-08-08,17.43,18.1,17.411,17.99,0.02,+0.11%,3681100
BMBL,2023-08-09,17.41,17.42,16.1214,16.61,-1.38,-7.67%,6138800
BMBL,2023-08-10,16.76,17.1,16.35,16.73,0.12,+0.72%,2191500
BMBL,2023-08-11,16.39,16.55,16.0225,16.51,-0.22,-1.32%,2336800
BMBL,2023-08-14,16.18,17.215,16.11,17.19,0.68,+4.12%,2073900
BMBL,2023-08-15,16.97,17.105,16.5,16.6,-0.59,-3.43%,1945600
BMBL,2023-08-16,16.42,16.465,16.1,16.34,-0.26,-1.57%,1859100
BMBL,2023-08-17,16.45,16.645,16.165,16.6,0.26,+1.59%,1912700
BMBL,2023-08-18,16.26,16.755,16.17,16.47,-0.13,-0.78%,1374200
BMBL,2023-08-21,16.41,16.74,16.34,16.51,0.04,+0.24%,1308900
BMBL,2023-08-22,16.65,16.8,16.32,16.35,-0.16,-0.97%,1087100
BMBL,2023-08-23,16.37,16.54,16.08,16.39,0.04,+0.24%,1040300
BMBL,2023-08-24,16.36,16.56,16.02,16.03,-0.36,-2.20%,1059300
BMBL,2023-08-25,16.03,16.23,15.63,16.04,0.01,+0.06%,1288400
BMBL,2023-08-28,16.15,16.38,15.775,15.87,-0.17,-1.06%,923900
BMBL,2023-08-29,15.86,16.1585,15.73,15.93,0.06,+0.38%,1094000
BMBL,2023-08-30,15.9,16.44,15.79,16.32,0.39,+2.45%,1030200
BMBL,2023-08-31,16.35,16.85,16.35,16.78,0.46,+2.82%,1613000
BMBL,2023-09-01,16.99,17.31,16.9,16.99,0.21,+1.25%,1144900
BMBL,2023-09-05,16.91,17.1,16.63,16.71,-0.28,-1.65%,1595600
BMBL,2023-09-06,16.73,16.79,16.01,16.3,-0.41,-2.45%,1278600
BMBL,2023-09-07,15.99,16.1,15.64,16.02,-0.28,-1.72%,1840800
BMBL,2023-09-08,16.04,16.25,15.64,15.73,-0.29,-1.81%,1828900
BMBL,2023-09-11,15.83,15.97,15.695,15.73,0,0.00%,2001100
BMBL,2023-09-12,15.58,15.945,15.32,15.8,0.07,+0.45%,1670000
BMBL,2023-09-13,15.96,15.96,15.2,15.31,-0.49,-3.10%,2159000
BMBL,2023-09-14,15.47,16.045,15.34,15.78,0.47,+3.07%,1860900
BMBL,2023-09-15,15.78,15.82,15.43,15.6,-0.18,-1.14%,1800300
BMBL,2023-09-18,15.51,15.675,15.27,15.27,-0.33,-2.12%,1076400
BMBL,2023-09-19,15.25,15.39,15.16,15.28,0.01,+0.07%,1288600
BMBL,2023-09-20,15.4,15.52,14.82,14.83,-0.45,-2.95%,1000000
BMBL,2023-09-21,14.61,14.7798,14.28,14.41,-0.42,-2.83%,1456700
BMBL,2023-09-22,14.49,14.89,14.44,14.65,0.24,+1.67%,1961300
BMBL,2023-09-25,14.45,14.91,14.44,14.8,0.15,+1.02%,1560200
BMBL,2023-09-26,14.86,14.99,14.6816,14.79,-0.01,-0.07%,1375100
BMBL,2023-09-27,14.89,14.9578,14.35,14.44,-0.35,-2.37%,1885100
BMBL,2023-09-28,14.42,14.54,14.145,14.48,0.04,+0.28%,2102800
BMBL,2023-09-29,15.24,15.55,14.715,14.92,0.44,+3.04%,3159800
BMBL,2023-10-02,14.84,14.87,13.935,13.99,-0.93,-6.23%,2753000
BMBL,2023-10-03,13.78,14.205,13.77,14.07,0.08,+0.57%,2453500
BMBL,2023-10-04,14.07,14.19,13.775,14.1,0.03,+0.21%,1433600
BMBL,2023-10-05,14.08,14.15,13.73,13.87,-0.23,-1.63%,1702900
BMBL,2023-10-06,13.65,14.57,13.62,14.13,0.26,+1.87%,2324900
BMBL,2023-10-09,13.99,14.43,13.85,14.32,0.19,+1.34%,1521300
BMBL,2023-10-10,14.28,14.805,14.28,14.59,0.27,+1.89%,1764700
BMBL,2023-10-11,14.59,14.76,14.42,14.75,0.16,+1.10%,2127700
BMBL,2023-10-12,14.76,14.76,14.035,14.21,-0.54,-3.66%,1552800
BMBL,2023-10-13,14.24,14.305,13.8301,13.97,-0.24,-1.69%,2647000
BMBL,2023-10-16,14.02,14.1,13.72,14.06,0.09,+0.64%,1765600
BMBL,2023-10-17,13.86,14.4,13.84,14.32,0.26,+1.85%,1672700
BMBL,2023-10-18,14.02,14.1398,13.59,13.59,-0.73,-5.10%,1310800
BMBL,2023-10-19,13.65,13.925,13.37,13.54,-0.05,-0.37%,1968500
BMBL,2023-10-20,13.51,13.595,13.202,13.41,-0.13,-0.96%,1683400
BMBL,2023-10-23,13.17,13.63,13.11,13.53,0.12,+0.89%,1491300
BMBL,2023-10-24,13.63,14.245,13.62,14.03,0.5,+3.70%,1911200
BMBL,2023-10-25,13.89,13.89,13.3,13.3,-0.73,-5.20%,2013400
BMBL,2023-10-26,13.27,13.76,12.85,13.52,0.22,+1.65%,2420800
BMBL,2023-10-27,13.63,13.985,13.14,13.35,-0.17,-1.26%,4594800
BMBL,2023-10-30,13.47,13.66,13.1146,13.3,-0.05,-0.37%,1926800
BMBL,2023-10-31,13.26,13.51,13.1,13.44,0.14,+1.05%,3306600
BMBL,2023-11-01,13.04,13.12,12.38,12.9,-0.54,-4.02%,4532000
BMBL,2023-11-02,13.28,13.675,13.115,13.44,0.54,+4.19%,2205600
BMBL,2023-11-03,13.85,14.1,13.49,13.67,0.23,+1.71%,2933700
BMBL,2023-11-06,12.62,13.22,12.29,13.07,-0.6,-4.39%,6452500
BMBL,2023-11-07,13.11,13.83,12.97,13.42,0.35,+2.68%,4229800
BMBL,2023-11-08,12.86,14.53,12.425,13.81,0.39,+2.91%,8601300
BMBL,2023-11-09,13.82,14.39,13.54,13.57,-0.24,-1.74%,3700900
BMBL,2023-11-10,13.53,14.59,13.32,14.25,0.68,+5.01%,3670200
BMBL,2023-11-13,14.15,14.24,13.66,13.91,-0.34,-2.39%,2063700
BMBL,2023-11-14,14.5,15.045,14.3099,14.92,1.01,+7.26%,3198400
BMBL,2023-11-15,15.09,15.34,14.72,14.94,0.02,+0.13%,3165800
BMBL,2023-11-16,14.82,14.85,14.23,14.48,-0.46,-3.08%,2632500
BMBL,2023-11-17,14.52,14.828,14.31,14.71,0.23,+1.59%,2231100
BMBL,2023-11-20,14.65,14.84,14.4,14.54,-0.17,-1.16%,2335700
BMBL,2023-11-21,14.39,14.435,13.92,13.94,-0.6,-4.13%,2558300
BMBL,2023-11-22,14.14,14.47,14.12,14.18,0.24,+1.72%,2138800
BMBL,2023-11-24,14.11,14.24,13.96,14.08,-0.1,-0.71%,807700
BMBL,2023-11-27,13.94,14.225,13.77,13.79,-0.29,-2.06%,1937300
BMBL,2023-11-28,13.73,14.79,13.61,14.57,0.78,+5.66%,2703900
BMBL,2023-11-29,14.73,15.05,14.305,14.39,-0.18,-1.24%,1967700
BMBL,2023-11-30,14.48,14.51,13.82,13.86,-0.53,-3.68%,2293400
BMBL,2023-12-01,13.87,14.34,13.75,14.31,0.45,+3.25%,2000700
BMBL,2023-12-04,14.42,14.76,14.2,14.37,0.06,+0.42%,1838100
BMBL,2023-12-05,14.24,14.325,13.735,13.93,-0.44,-3.06%,1795100
BMBL,2023-12-06,14.01,14.34,13.91,13.92,-0.01,-0.07%,2325900
BMBL,2023-12-07,14.3,14.37,13.965,14.14,0.22,+1.58%,1979100
BMBL,2023-12-08,14.06,14.28,13.905,14.04,-0.1,-0.71%,2374800
BMBL,2023-12-11,13.95,14.63,13.91,14.59,0.55,+3.92%,3406800
BMBL,2023-12-12,14.66,14.67,14.02,14.36,-0.23,-1.58%,2725900
BMBL,2023-12-13,14.34,15.13,14.25,15.11,0.75,+5.22%,2839300
BMBL,2023-12-14,15.45,15.9,14.92,15.15,0.04,+0.26%,2987500
BMBL,2023-12-15,15.3,15.38,14.84,15.16,0.01,+0.07%,3392100
BMBL,2023-12-18,15.09,15.26,14.76,15.14,-0.02,-0.13%,2008300
BMBL,2023-12-19,15.22,15.46,15.15,15.25,0.11,+0.73%,2011100
BMBL,2023-12-20,15.25,15.42,14.85,14.95,-0.3,-1.97%,1651100
BMBL,2023-12-21,15.17,15.24,14.63,14.92,-0.03,-0.20%,2644100
BMBL,2023-12-22,14.88,15.205,14.73,15,0.08,+0.54%,1904400
BMBL,2023-12-26,14.95,14.98,14.66,14.74,-0.26,-1.73%,1820600
BMBL,2023-12-27,14.82,14.93,14.56,14.88,0.14,+0.95%,1626400
BMBL,2023-12-28,14.84,15.33,14.715,15.28,0.4,+2.69%,1684100
BMBL,2023-12-29,15.2,15.3206,14.72,14.74,-0.54,-3.53%,1774500
BMBL,2024-01-02,14.5,14.81,14.4,14.5,-0.24,-1.63%,2370500
BMBL,2024-01-03,14.2,14.45,13.85,13.98,-0.52,-3.59%,2717100
BMBL,2024-01-04,13.87,14.48,13.76,14.16,0.18,+1.29%,2366800
BMBL,2024-01-05,14,14.73,13.985,14.01,-0.15,-1.06%,2254800
BMBL,2024-01-08,14.04,14.23,13.96,14.1,0.09,+0.64%,1359600
BMBL,2024-01-09,14.72,15.0489,14.22,14.41,0.31,+2.20%,3933700
BMBL,2024-01-10,14.36,14.43,13.95,14.2,-0.21,-1.46%,1985100
BMBL,2024-01-11,14.14,14.31,13.67,14.17,-0.03,-0.21%,2710000
BMBL,2024-01-12,14.29,14.4988,13.87,13.87,-0.3,-2.12%,2120400
BMBL,2024-01-16,13.83,14.14,13.68,14.13,0.26,+1.87%,2471500
BMBL,2024-01-17,13.85,13.985,13.53,13.54,-0.59,-4.18%,2519000
BMBL,2024-01-18,13.67,14.02,13.29,14,0.46,+3.40%,3192800
BMBL,2024-01-19,14.14,14.14,13.715,13.77,-0.23,-1.64%,1420400
BMBL,2024-01-22,13.85,14.25,13.79,13.97,0.2,+1.45%,1645900
BMBL,2024-01-23,14.25,14.43,13.9879,14.1,0.13,+0.93%,1358400
BMBL,2024-01-24,14.42,14.44,13.97,14.08,-0.02,-0.14%,1353400
BMBL,2024-01-25,14.1,14.51,13.79,14.37,0.29,+2.06%,4013700
BMBL,2024-01-26,14.42,14.645,14.15,14.2,-0.17,-1.18%,1842500
BMBL,2024-01-29,14.23,14.475,14.02,14.35,0.15,+1.06%,1836500
BMBL,2024-01-30,14.18,14.29,13.82,13.84,-0.51,-3.55%,2518300
BMBL,2024-01-31,13.53,14.3,13.35,13.72,-0.12,-0.87%,2441900
BMBL,2024-02-01,13.73,13.96,13.415,13.94,0.22,+1.60%,2632500
BMBL,2024-02-02,13.78,14,13.68,13.71,-0.23,-1.65%,1602500
BMBL,2024-02-05,13.6,13.67,13.14,13.2,-0.51,-3.72%,2087900
BMBL,2024-02-06,13.15,13.83,13.15,13.78,0.58,+4.39%,2088000
BMBL,2024-02-07,13.84,13.86,13.4,13.41,-0.37,-2.69%,2168700
BMBL,2024-02-08,13.42,13.46,12.96,12.96,-0.45,-3.36%,2143600
BMBL,2024-02-09,13,13.375,12.86,13.28,0.32,+2.47%,2181600
BMBL,2024-02-12,13.31,13.905,13.24,13.77,0.49,+3.69%,2228600
BMBL,2024-02-13,13.33,13.465,12.88,12.98,-0.79,-5.74%,2515800
BMBL,2024-02-14,13.27,13.5,13.17,13.41,0.43,+3.31%,1743700
BMBL,2024-02-15,13.48,14.08,13.47,14.02,0.61,+4.55%,2449100
BMBL,2024-02-16,13.82,13.97,13.49,13.57,-0.45,-3.21%,2665200
BMBL,2024-02-20,13.36,13.56,13.235,13.28,-0.29,-2.14%,2000000
BMBL,2024-02-21,13.19,13.32,12.93,13.27,-0.01,-0.08%,1538000
BMBL,2024-02-22,13.28,13.335,13,13.1,-0.17,-1.28%,1612000
BMBL,2024-02-23,13.1,13.365,12.99,13.11,0.01,+0.08%,1709300
BMBL,2024-02-26,13.08,13.365,12.66,12.72,-0.39,-2.97%,4344700
BMBL,2024-02-27,12.9,13.35,12.7745,13.18,0.46,+3.62%,6961400
BMBL,2024-02-28,11.75,12.76,11.165,11.23,-1.95,-14.80%,11651800
BMBL,2024-02-29,11.43,11.7,11.18,11.45,0.22,+1.96%,5645800
BMBL,2024-03-01,11.47,11.53,11.2,11.44,-0.01,-0.09%,3689000
BMBL,2024-03-04,11.47,11.53,11.1,11.28,-0.16,-1.40%,3780300
BMBL,2024-03-05,11.09,11.11,10.72,10.98,-0.3,-2.66%,4240000
BMBL,2024-03-06,11,11.05,10.52,10.68,-0.3,-2.73%,6392400
BMBL,2024-03-07,10.8,10.94,10.65,10.75,0.07,+0.66%,3375000
BMBL,2024-03-08,10.79,11.155,10.73,10.87,0.12,+1.12%,4320604
BMBL,2024-03-11,10.83,11.29,10.8,11.19,0.32,+2.94%,3221300
BMBL,2024-03-12,11.15,11.17,10.77,10.83,-0.36,-3.22%,3856400
BMBL,2024-03-13,10.8,10.94,10.65,10.71,-0.12,-1.11%,2723900
BMBL,2024-03-14,10.64,10.745,10.38,10.49,-0.22,-2.05%,5353400
BMBL,2024-03-15,10.44,10.885,10.36,10.74,0.25,+2.38%,3881500
BMBL,2024-03-18,10.77,11.095,10.66,10.82,0.08,+0.74%,2514500
BMBL,2024-03-19,10.77,11.065,10.73,10.95,0.13,+1.20%,2383500
BMBL,2024-03-20,10.89,11.235,10.84,10.99,0.04,+0.37%,3547300
BMBL,2024-03-21,11.08,11.11,10.77,10.79,-0.2,-1.82%,2756200
BMBL,2024-03-22,10.85,11.1,10.82,10.87,0.08,+0.74%,3232900
BMBL,2024-03-25,10.92,11.116,10.83,11.02,0.15,+1.38%,1936200
BMBL,2024-03-26,11.12,11.24,10.855,10.92,-0.1,-0.91%,3857700
BMBL,2024-03-27,11.06,11.21,10.84,11.19,0.27,+2.47%,3339900
BMBL,2024-03-28,11.19,11.5,11.13,11.35,0.16,+1.43%,2567200
BMBL,2024-04-01,11.42,11.42,11.185,11.31,-0.04,-0.35%,2025800
BMBL,2024-04-02,11.22,11.29,11.06,11.14,-0.17,-1.50%,1667700
BMBL,2024-04-03,11.05,11.23,11.03,11.22,0.08,+0.72%,1143700
BMBL,2024-04-04,10.86,11.23,10.8,10.81,-0.41,-3.65%,4507600
BMBL,2024-04-05,10.71,10.75,10.5,10.53,-0.28,-2.59%,3376700
BMBL,2024-04-08,10.57,10.87,10.51,10.6,0.07,+0.66%,2671000
BMBL,2024-04-09,10.66,11.135,10.635,10.97,0.37,+3.49%,3437000
BMBL,2024-04-10,10.7,10.955,10.51,10.93,-0.04,-0.36%,3283900
BMBL,2024-04-11,10.99,11.005,10.57,10.92,-0.01,-0.09%,2370500
BMBL,2024-04-12,10.88,10.93,10.47,10.53,-0.39,-3.57%,2700500
BMBL,2024-04-15,10.46,10.59,10.06,10.12,-0.41,-3.89%,2489600
BMBL,2024-04-16,10.02,10.26,9.99,10.04,-0.08,-0.79%,2422400
BMBL,2024-04-17,10.09,10.27,10.01,10.1,0.06,+0.60%,1726300
BMBL,2024-04-18,10.1,10.325,9.94,10.24,0.14,+1.39%,1795800
BMBL,2024-04-19,10.18,10.3,10.07,10.18,-0.06,-0.59%,2153000
BMBL,2024-04-22,10.27,10.635,10.175,10.35,0.17,+1.67%,4010200
BMBL,2024-04-23,10.26,10.54,10.17,10.19,-0.16,-1.55%,2180000
BMBL,2024-04-24,10.15,10.5,10.095,10.44,0.25,+2.45%,2881200
BMBL,2024-04-25,10.27,10.645,10.105,10.55,0.11,+1.05%,3178600
BMBL,2024-04-26,10.54,10.7,10.4,10.49,-0.06,-0.57%,1694700
BMBL,2024-04-29,10.59,10.66,10.29,10.36,-0.13,-1.24%,1655500
BMBL,2024-04-30,10.29,10.29,9.93,10.1,-0.26,-2.51%,2803700
BMBL,2024-05-01,10.12,10.36,10.01,10.12,0.02,+0.20%,1974400
BMBL,2024-05-02,10.22,10.35,10.08,10.16,0.04,+0.40%,2704100
BMBL,2024-05-03,10.4,10.42,10.02,10.14,-0.02,-0.20%,3923300
BMBL,2024-05-06,10.25,10.53,10.175,10.48,0.34,+3.35%,3662100
BMBL,2024-05-07,10.51,10.6,10.285,10.3,-0.18,-1.72%,3160800
BMBL,2024-05-08,10,10.365,9.83,10.27,-0.03,-0.29%,6013600
BMBL,2024-05-09,11.7,12.34,10.51,11.45,1.18,+11.49%,10381800
BMBL,2024-05-10,11.77,11.85,11.22,11.45,0,0.00%,4974500
BMBL,2024-05-13,11.57,11.98,11.44,11.51,0.06,+0.52%,4216800
BMBL,2024-05-14,11.68,12.08,11.62,11.98,0.47,+4.08%,3328000
BMBL,2024-05-15,12.16,12.16,11.715,11.97,-0.01,-0.08%,3626400
BMBL,2024-05-16,11.93,12.2,11.8372,12.13,0.16,+1.34%,2517500
BMBL,2024-05-17,12.05,12.35,11.93,12.3,0.17,+1.40%,3477200
BMBL,2024-05-20,12.24,12.49,12.02,12.21,-0.09,-0.73%,2861300
BMBL,2024-05-21,12.12,12.295,11.96,12.02,-0.19,-1.56%,2465400
BMBL,2024-05-22,11.93,12.1,11.78,11.93,-0.09,-0.75%,1558800
BMBL,2024-05-23,11.93,12.01,11.34,11.44,-0.49,-4.11%,1688000
BMBL,2024-05-24,11.53,11.56,11.3628,11.47,0.03,+0.26%,2604200
BMBL,2024-05-28,11.53,11.79,11.45,11.56,0.09,+0.78%,1730800
BMBL,2024-05-29,11.29,11.415,11.23,11.37,-0.19,-1.64%,1333500
BMBL,2024-05-30,11.44,11.565,11.2305,11.43,0.06,+0.53%,1773100
BMBL,2024-05-31,11.45,11.72,11.41,11.7,0.27,+2.36%,1673400
BMBL,2024-06-03,11.82,11.96,11.61,11.84,0.14,+1.20%,1452900
BMBL,2024-06-04,11.68,12.03,11.665,11.81,-0.03,-0.25%,1563200
BMBL,2024-06-05,11.85,11.91,11.6,11.69,-0.12,-1.02%,1299800
BMBL,2024-06-06,11.58,11.81,11.53,11.62,-0.07,-0.60%,1195800
BMBL,2024-06-07,11.42,11.5392,11.21,11.22,-0.4,-3.44%,1861100
BMBL,2024-06-10,11.1,11.11,10.86,10.98,-0.24,-2.14%,3565300
BMBL,2024-06-11,10.82,10.98,10.71,10.92,-0.06,-0.55%,1880300
BMBL,2024-06-12,11.18,11.38,10.8,10.92,0,0.00%,1998200
BMBL,2024-06-13,10.9,10.91,10.61,10.75,-0.17,-1.56%,4297000
BMBL,2024-06-14,10.6,10.8,10.511,10.75,0,0.00%,1918300
BMBL,2024-06-17,10.59,10.755,10.545,10.62,-0.13,-1.21%,2059300
BMBL,2024-06-18,10.6,10.705,10.07,10.08,-0.54,-5.08%,2156631
BMBL,2024-06-20,10.14,10.32,9.99,10.27,0.19,+1.88%,2920300
BMBL,2024-06-21,10.3,10.45,10.18,10.25,-0.02,-0.19%,3320000
BMBL,2024-06-24,10.24,10.38,10.05,10.07,-0.18,-1.76%,2134700
BMBL,2024-06-25,10.07,10.07,9.725,9.9,-0.17,-1.69%,3830900
BMBL,2024-06-26,9.89,10.19,9.795,10.16,0.26,+2.63%,1943500
BMBL,2024-06-27,10.19,10.25,10.03,10.23,0.07,+0.69%,1922600
BMBL,2024-06-28,10.24,10.55,10.17,10.51,0.28,+2.74%,2985500
BMBL,2024-07-01,10.54,10.66,9.88,9.93,-0.58,-5.52%,2042200
BMBL,2024-07-02,9.96,10.0099,9.52,9.64,-0.29,-2.92%,3210900
BMBL,2024-07-03,9.63,9.79,9.595,9.7,0.06,+0.62%,954100
BMBL,2024-07-05,9.68,9.7,9.29,9.34,-0.36,-3.71%,2508600
BMBL,2024-07-08,9.13,9.515,9.12,9.5,0.16,+1.71%,3712500
BMBL,2024-07-09,9.47,9.63,9.265,9.6,0.1,+1.05%,3449900
BMBL,2024-07-10,9.71,9.72,9.2,9.3,-0.3,-3.13%,4158400
BMBL,2024-07-11,9.45,9.58,9.19,9.21,-0.09,-0.97%,3182000
BMBL,2024-07-12,9.24,9.64,9.24,9.39,0.18,+1.95%,4686200
BMBL,2024-07-15,9.21,9.615,9.21,9.33,-0.06,-0.64%,2945800
BMBL,2024-07-16,9.53,10.05,9.47,10.04,0.71,+7.61%,4575100
BMBL,2024-07-17,9.99,10.03,9.38,9.42,-0.62,-6.18%,3485500
BMBL,2024-07-18,9.35,9.52,8.99,9.04,-0.38,-4.03%,2989600
BMBL,2024-07-19,9,9.01,8.7,8.82,-0.22,-2.43%,2124200
BMBL,2024-07-22,8.87,9.2,8.85,9.11,0.29,+3.29%,2353600
BMBL,2024-07-23,9.05,9.26,8.97,9.16,0.05,+0.55%,1997600
BMBL,2024-07-24,9.03,9.06,8.695,8.71,-0.45,-4.91%,1818500
BMBL,2024-07-25,8.75,9.22,8.65,9.17,0.46,+5.28%,2670300
BMBL,2024-07-26,9.31,9.39,8.95,9.13,-0.04,-0.44%,2610000
BMBL,2024-07-29,9.12,9.28,8.985,9.14,0.01,+0.11%,2221800
BMBL,2024-07-30,9.14,9.33,9.07,9.22,0.08,+0.88%,2709300
BMBL,2024-07-31,9.6,9.72,9.295,9.34,0.12,+1.30%,3723800
BMBL,2024-08-01,9.29,9.3,8.76,8.86,-0.48,-5.14%,3162000
BMBL,2024-08-02,8.57,8.7,8.39,8.52,-0.34,-3.84%,2708900
BMBL,2024-08-05,7.95,8.215,7.73,8.11,-0.41,-4.81%,3984100
BMBL,2024-08-06,8.16,8.17,7.865,7.91,-0.2,-2.47%,3083600
BMBL,2024-08-07,8.05,8.43,7.84,8.06,0.15,+1.90%,9272000
BMBL,2024-08-08,4.98,5.79,4.8,5.71,-2.35,-29.16%,33402000
BMBL,2024-08-09,5.7,6.07,5.65,5.98,0.27,+4.73%,8717900
BMBL,2024-08-12,5.93,5.96,5.37,5.745,-0.235,-3.93%,8666200
BMBL,2024-08-13,5.72,6.03,5.68,5.98,0.235,+4.09%,5765100
BMBL,2024-08-14,5.95,6.08,5.705,5.72,-0.26,-4.35%,5096400
BMBL,2024-08-15,5.82,6.015,5.8002,5.9,0.18,+3.15%,4801700
BMBL,2024-08-16,5.7,6.0932,5.67,6,0.1,+1.69%,4343400
BMBL,2024-08-19,6.1,6.47,5.985,6.44,0.44,+7.33%,5323300
BMBL,2024-08-20,6.39,6.725,6.31,6.56,0.12,+1.86%,4703300
BMBL,2024-08-21,6.61,6.6688,6.45,6.49,-0.07,-1.07%,3409400
BMBL,2024-08-22,6.5,6.66,6.445,6.48,-0.01,-0.15%,2666800
BMBL,2024-08-23,6.49,6.69,6.355,6.67,0.19,+2.93%,2982700
BMBL,2024-08-26,6.75,7.05,6.63,6.89,0.22,+3.30%,4167400
BMBL,2024-08-27,6.91,6.91,6.64,6.65,-0.24,-3.48%,3374800
BMBL,2024-08-28,6.59,6.66,6.37,6.54,-0.11,-1.65%,3999600
BMBL,2024-08-29,6.61,6.71,6.545,6.59,0.05,+0.76%,1925300
BMBL,2024-08-30,6.66,6.735,6.525,6.71,0.12,+1.82%,2594100
BMBL,2024-09-03,6.64,6.915,6.61,6.76,0.05,+0.75%,3154400
BMBL,2024-09-04,6.69,6.985,6.69,6.78,0.02,+0.30%,2050600
BMBL,2024-09-05,6.84,7.09,6.79,6.97,0.19,+2.80%,2624100
BMBL,2024-09-06,6.96,7.025,6.78,6.78,-0.19,-2.73%,2365500
BMBL,2024-09-09,6.79,6.9,6.6,6.6,-0.18,-2.65%,2594300
BMBL,2024-09-10,6.64,6.74,6.3113,6.4,-0.2,-3.03%,2978400
BMBL,2024-09-11,6.39,6.39,6.19,6.3,-0.1,-1.56%,2878800
BMBL,2024-09-12,6.34,6.42,6.1,6.12,-0.18,-2.86%,2461000
BMBL,2024-09-13,6.21,6.365,6.17,6.32,0.2,+3.27%,2356700
BMBL,2024-09-16,6.32,6.395,6.16,6.19,-0.13,-2.06%,2261300
BMBL,2024-09-17,6.3,6.4499,6.215,6.31,0.12,+1.94%,5700100
BMBL,2024-09-18,6.3,6.465,6.19,6.21,-0.1,-1.58%,2888800
BMBL,2024-09-19,6.38,6.465,6.26,6.4,0.19,+3.06%,3919600
BMBL,2024-09-20,6.35,6.38,6.05,6.09,-0.31,-4.84%,3986400
BMBL,2024-09-23,6.08,6.12,5.865,5.91,-0.18,-2.96%,3121100
BMBL,2024-09-24,5.93,6.295,5.93,6.24,0.33,+5.58%,2623400
BMBL,2024-09-25,6.22,6.49,6.19,6.32,0.08,+1.28%,2231600
BMBL,2024-09-26,6.5,6.58,6.21,6.44,0.12,+1.90%,2609900
BMBL,2024-09-27,6.35,6.65,6.31,6.43,-0.01,-0.16%,2733100
BMBL,2024-09-30,6.42,6.65,6.35,6.38,-0.05,-0.78%,1764500
BMBL,2024-10-01,6.43,6.565,6.28,6.31,-0.07,-1.10%,1861000
BMBL,2024-10-02,6.35,6.665,6.34,6.5,0.19,+3.01%,2365800
BMBL,2024-10-03,6.41,6.59,6.41,6.55,0.05,+0.77%,1717400
BMBL,2024-10-04,6.71,6.825,6.615,6.65,0.1,+1.53%,1759300
BMBL,2024-10-07,6.61,6.72,6.46,6.49,-0.16,-2.41%,2556500
BMBL,2024-10-08,6.42,6.465,6.29,6.38,-0.11,-1.69%,1971500
BMBL,2024-10-09,6.33,6.5,6.3,6.5,0.12,+1.88%,1812300
BMBL,2024-10-10,6.45,6.64,6.425,6.57,0.07,+1.08%,1735200
BMBL,2024-10-11,6.59,6.9282,6.56,6.81,0.24,+3.65%,1712300
BMBL,2024-10-14,6.83,6.895,6.62,6.76,-0.05,-0.73%,1911400
BMBL,2024-10-15,6.77,7.02,6.71,6.9,0.14,+2.07%,2443000
BMBL,2024-10-16,6.98,7.095,6.865,7,0.1,+1.45%,2885800
BMBL,2024-10-17,6.97,7.16,6.83,7.14,0.14,+2.00%,3217700
BMBL,2024-10-18,7.19,7.33,7.08,7.31,0.17,+2.38%,2534000
BMBL,2024-10-21,7.31,7.57,7.26,7.27,-0.04,-0.55%,3335000
BMBL,2024-10-22,7.24,7.33,7.11,7.23,-0.04,-0.55%,1695500
BMBL,2024-10-23,7.24,7.32,7.08,7.29,0.06,+0.83%,2615800
BMBL,2024-10-24,7.3,7.5,7.275,7.31,0.02,+0.27%,2050600
BMBL,2024-10-25,7.31,7.35,7.045,7.11,-0.2,-2.74%,1960700
BMBL,2024-10-28,7.12,7.405,7.115,7.13,0.02,+0.28%,3016800
BMBL,2024-10-29,7.16,7.49,7.1141,7.2,0.07,+0.98%,2434700
BMBL,2024-10-30,7.19,7.29,7.04,7.13,-0.07,-0.97%,1803300
BMBL,2024-10-31,7.17,7.28,7.06,7.08,-0.05,-0.70%,1750600
BMBL,2024-11-01,7.21,7.425,7.16,7.31,0.23,+3.25%,3602100
BMBL,2024-11-04,7.31,7.4,7.1,7.26,-0.05,-0.68%,3814100
BMBL,2024-11-05,7.28,7.49,7.16,7.48,0.22,+3.03%,2846200
BMBL,2024-11-06,7.68,7.91,7.4529,7.81,0.33,+4.41%,7523100
BMBL,2024-11-07,8.17,8.4499,7.52,7.78,-0.03,-0.38%,4488900
BMBL,2024-11-08,7.83,8.14,7.83,8.07,0.29,+3.73%,2908700
BMBL,2024-11-11,8.37,9.155,8.32,8.85,0.78,+9.67%,3999300
BMBL,2024-11-12,8.76,8.875,8.55,8.59,-0.26,-2.94%,2615000
BMBL,2024-11-13,8.6,8.7,8.11,8.24,-0.35,-4.07%,3286000
BMBL,2024-11-14,8.31,8.425,8.19,8.23,-0.01,-0.12%,1708500
BMBL,2024-11-15,8.28,8.32,7.81,7.87,-0.36,-4.37%,1921200
BMBL,2024-11-18,7.88,8.1,7.87,7.94,0.07,+0.89%,1870600
BMBL,2024-11-19,7.82,8.085,7.795,7.82,-0.12,-1.51%,1390600
BMBL,2024-11-20,7.83,7.97,7.71,7.75,-0.07,-0.90%,1276700
BMBL,2024-11-21,7.88,7.98,7.69,7.91,0.16,+2.06%,1596200
BMBL,2024-11-22,7.85,8.26,7.79,8.18,0.27,+3.41%,1287100
BMBL,2024-11-25,8.44,9.22,8.43,9.08,0.9,+11.00%,2634438
BMBL,2024-11-26,9,9.02,8.565,8.65,-0.43,-4.74%,1551703
BMBL,2024-11-27,8.7,8.7413,8.4001,8.57,-0.08,-0.92%,1886800
BMBL,2024-11-29,8.67,8.76,8.525,8.69,0.12,+1.40%,996800
BMBL,2024-12-02,8.57,8.94,8.12,8.88,0.19,+2.19%,3321300
BMBL,2024-12-03,8.9,9.015,8.65,8.68,-0.2,-2.25%,1774900
BMBL,2024-12-04,8.72,9.0282,8.63,8.82,0.14,+1.61%,1417100
BMBL,2024-12-05,8.88,8.92,8.19,8.23,-0.59,-6.69%,1730500
BMBL,2024-12-06,8.28,8.45,8.19,8.25,0.02,+0.24%,2562000
BMBL,2024-12-09,8.32,8.785,8.29,8.62,0.37,+4.48%,4256100
BMBL,2024-12-10,8.55,8.655,8.035,8.57,-0.05,-0.58%,3105500
BMBL,2024-12-11,8.54,8.615,8.25,8.51,-0.06,-0.70%,1857800
BMBL,2024-12-12,8.47,8.585,8.27,8.28,-0.23,-2.70%,1488600
BMBL,2024-12-13,8.32,8.465,7.905,8.32,0.04,+0.48%,2097100
BMBL,2024-12-16,8.21,8.58,8.095,8.43,0.11,+1.32%,1697600
BMBL,2024-12-17,8.38,8.48,8.22,8.27,-0.16,-1.90%,1959600
BMBL,2024-12-18,8.3,8.4,7.55,7.64,-0.63,-7.62%,2007500
BMBL,2024-12-19,7.67,7.875,7.49,7.59,-0.05,-0.65%,2866000
BMBL,2024-12-20,7.51,7.925,7.4007,7.75,0.16,+2.11%,3634200
BMBL,2024-12-23,7.81,7.995,7.775,7.88,0.13,+1.68%,1406300
BMBL,2024-12-24,7.89,7.94,7.725,7.92,0.04,+0.51%,432600
BMBL,2024-12-26,7.85,8.18,7.76,8.08,0.16,+2.02%,1300000
BMBL,2024-12-27,8.04,8.125,7.78,8.02,-0.06,-0.74%,1050100
BMBL,2024-12-30,7.89,8.465,7.76,8.39,0.37,+4.61%,2128300
BMBL,2024-12-31,8.48,8.565,8.135,8.14,-0.25,-2.98%,1619100
BMBL,2025-01-02,8.23,8.305,7.95,7.97,-0.17,-2.09%,1509300
BMBL,2025-01-03,7.56,8.14,7.56,8.1,0.13,+1.63%,1463500
BMBL,2025-01-06,8.26,8.515,8.215,8.23,0.13,+1.60%,2240100
BMBL,2025-01-07,8.33,8.48,8.02,8.06,-0.17,-2.07%,1373500
BMBL,2025-01-08,7.94,8,7.525,7.56,-0.5,-6.20%,4021300
BMBL,2025-01-10,7.46,7.7,7.3,7.56,0,0.00%,1658700
BMBL,2025-01-13,7.47,7.58,7.34,7.48,-0.08,-1.06%,1439100
BMBL,2025-01-14,7.54,7.66,7.365,7.47,-0.01,-0.13%,1467700
BMBL,2025-01-15,7.7,7.99,7.6806,7.83,0.36,+4.82%,1374100
BMBL,2025-01-16,7.83,7.95,7.755,7.825,-0.005,-0.06%,1325100
BMBL,2025-01-17,8.5,8.51,7.585,7.7,-0.125,-1.60%,5138900
BMBL,2025-01-21,7.81,8.11,7.625,7.66,-0.04,-0.52%,3531700
BMBL,2025-01-22,7.64,7.835,7.31,7.33,-0.33,-4.31%,2226900
BMBL,2025-01-23,7.32,7.58,7.17,7.5,0.17,+2.32%,1999000
BMBL,2025-01-24,7.49,7.685,7.41,7.5,0,0.00%,1882300
BMBL,2025-01-27,7.54,8.04,7.54,7.98,0.48,+6.40%,2196600
BMBL,2025-01-28,8.05,8.125,7.8562,8.02,0.04,+0.50%,1314300
BMBL,2025-01-29,8.05,8.34,7.99,8.32,0.3,+3.74%,1862600
BMBL,2025-01-30,8.38,8.64,8.34,8.41,0.09,+1.08%,1877200
BMBL,2025-01-31,8.38,8.5,7.96,8.11,-0.3,-3.57%,1835600
BMBL,2025-02-03,7.9,8.16,7.9,8.03,-0.08,-0.99%,1262600
BMBL,2025-02-04,8.03,8.675,8.003,8.64,0.61,+7.60%,1817600
BMBL,2025-02-05,8.53,8.59,8.1217,8.32,-0.32,-3.70%,1933600
BMBL,2025-02-06,8.36,8.445,8.195,8.37,0.05,+0.60%,1382700
BMBL,2025-02-07,8.33,8.665,8.215,8.49,0.12,+1.43%,2369600
BMBL,2025-02-10,8.55,8.82,8.363,8.55,0.06,+0.71%,1560400
BMBL,2025-02-11,8.51,8.625,8.35,8.44,-0.11,-1.29%,1181900
BMBL,2025-02-12,8.34,8.42,8.2,8.23,-0.21,-2.49%,1424000
BMBL,2025-02-13,8.38,8.44,8.205,8.4,0.17,+2.07%,1947500
BMBL,2025-02-14,8.42,8.64,8.275,8.46,0.06,+0.71%,1919300
BMBL,2025-02-18,8.5,8.55,8.055,8.1,-0.36,-4.26%,7273700
BMBL,2025-02-19,6.59,6.63,5.62,5.645,-2.455,-30.31%,24109000
BMBL,2025-02-20,5.675,5.685,5.41,5.47,-0.175,-3.10%,7836700
BMBL,2025-02-21,5.495,5.555,5.18,5.21,-0.26,-4.75%,7209100
BMBL,2025-02-24,5.24,5.569,5.2,5.53,0.32,+6.14%,4418700
BMBL,2025-02-25,5.48,5.54,5.28,5.48,-0.05,-0.90%,3133600
BMBL,2025-02-26,5.45,5.56,5.26,5.28,-0.2,-3.65%,3473200
BMBL,2025-02-27,5.3,5.305,5.055,5.1,-0.18,-3.41%,4156900
BMBL,2025-02-28,5.08,5.23,5.02,5.2,0.1,+1.96%,3795900
BMBL,2025-03-03,5.11,5.18,4.86,4.89,-0.31,-5.96%,6017000
BMBL,2025-03-04,4.79,4.85,4.61,4.72,-0.17,-3.48%,5664700
BMBL,2025-03-05,4.81,4.82,4.63,4.74,0.02,+0.42%,4257600
BMBL,2025-03-06,4.63,4.795,4.58,4.73,-0.01,-0.21%,5188300
BMBL,2025-03-07,4.64,5.175,4.61,5.08,0.35,+7.40%,5193866
BMBL,2025-03-10,4.99,5.1,4.79,4.92,-0.16,-3.15%,4748000
BMBL,2025-03-11,4.97,4.98,4.7,4.82,-0.1,-2.03%,3645100
BMBL,2025-03-12,4.89,5.06,4.825,4.99,0.17,+3.53%,3350800
BMBL,2025-03-13,4.98,5.015,4.73,4.76,-0.23,-4.61%,3247300
BMBL,2025-03-14,4.84,4.8582,4.73,4.82,0.06,+1.26%,2043400
BMBL,2025-03-17,4.84,5.025,4.835,5.01,0.19,+3.94%,2446100
BMBL,2025-03-18,4.97,4.975,4.57,4.61,-0.4,-7.98%,4060800
BMBL,2025-03-19,4.61,4.83,4.61,4.69,0.08,+1.74%,3395800
BMBL,2025-03-20,4.69,4.78,4.6,4.62,-0.07,-1.49%,2876400
BMBL,2025-03-21,4.52,4.6,4.46,4.53,-0.09,-1.95%,5659600
BMBL,2025-03-24,4.62,4.83,4.53,4.79,0.26,+5.74%,3900600
BMBL,2025-03-25,4.8,4.8798,4.71,4.71,-0.08,-1.67%,2643600
BMBL,2025-03-26,4.71,4.79,4.59,4.64,-0.07,-1.49%,2438700
BMBL,2025-03-27,4.6,4.68,4.47,4.52,-0.12,-2.59%,2534900
BMBL,2025-03-28,4.48,4.515,4.28,4.3,-0.22,-4.87%,2601900
BMBL,2025-03-31,4.23,4.35,4.19,4.34,0.04,+0.93%,3412700
BMBL,2025-04-01,4.35,4.43,4.3,4.34,0,0.00%,2190800
BMBL,2025-04-02,4.26,4.54,4.25,4.42,0.08,+1.84%,2387300
BMBL,2025-04-03,4.17,4.355,4.15,4.23,-0.19,-4.30%,2931800
BMBL,2025-04-04,4.09,4.195,3.93,4.06,-0.17,-4.02%,4515500
BMBL,2025-04-07,3.83,4.18,3.72,3.76,-0.3,-7.39%,7196300
BMBL,2025-04-08,3.85,3.92,3.55,3.65,-0.11,-2.93%,4144200
BMBL,2025-04-09,3.6,4.17,3.57,4.16,0.51,+13.97%,5479000
BMBL,2025-04-10,4.04,4.09,3.78,3.86,-0.3,-7.21%,2692800
BMBL,2025-04-11,3.81,3.97,3.765,3.95,0.09,+2.33%,2151600
BMBL,2025-04-14,4.02,4.02,3.75,3.99,0.04,+1.01%,3097800
BMBL,2025-04-15,4,4.055,3.914,4,0.01,+0.25%,2549900
BMBL,2025-04-16,4,4.105,3.9,4.01,0.01,+0.25%,1732000
BMBL,2025-04-17,4.04,4.395,4,4.36,0.35,+8.73%,2297400
BMBL,2025-04-21,4.31,4.36,4.12,4.3,-0.06,-1.38%,2088600
BMBL,2025-04-22,4.39,4.47,4.34,4.43,0.13,+3.02%,2455200
BMBL,2025-04-23,4.57,4.67,4.22,4.38,-0.05,-1.13%,2299500
BMBL,2025-04-24,4.38,4.455,4.315,4.44,0.06,+1.37%,2226900
BMBL,2025-04-25,4.44,4.59,4.415,4.47,0.03,+0.68%,1739600
BMBL,2025-04-28,4.43,4.535,4.395,4.42,-0.05,-1.12%,1216500
BMBL,2025-04-29,4.39,4.415,4.27,4.28,-0.14,-3.17%,1840500
BMBL,2025-04-30,4.18,4.26,4.14,4.22,-0.06,-1.40%,2923400
BMBL,2025-05-01,4.31,4.535,4.29,4.44,0.22,+5.21%,3387900
BMBL,2025-05-02,4.52,4.76,4.52,4.66,0.22,+4.95%,3513500
BMBL,2025-05-05,4.61,4.635,4.495,4.56,-0.1,-2.15%,4354600
BMBL,2025-05-06,4.53,4.59,4.39,4.39,-0.17,-3.73%,2953000
BMBL,2025-05-07,4.4,4.58,4.345,4.39,0,0.00%,4090500
BMBL,2025-05-08,4.66,5.61,4.58,5.56,1.17,+26.65%,13227600
BMBL,2025-05-09,5.5,5.81,5.46,5.68,0.12,+2.16%,7326600
BMBL,2025-05-12,5.98,6.02,5.69,5.82,0.14,+2.46%,3669700
BMBL,2025-05-13,5.82,5.915,5.66,5.85,0.03,+0.52%,4318100
BMBL,2025-05-14,5.8,6,5.7809,5.99,0.14,+2.39%,3899100
BMBL,2025-05-15,5.98,6.03,5.775,5.81,-0.18,-3.01%,2347600
BMBL,2025-05-16,5.83,5.86,5.59,5.77,-0.04,-0.69%,3268400
BMBL,2025-05-19,5.63,5.77,5.58,5.7,-0.07,-1.21%,2303700
BMBL,2025-05-20,5.7,5.76,5.565,5.65,-0.05,-0.88%,2293100
BMBL,2025-05-21,5.57,5.795,5.56,5.69,0.04,+0.71%,2289400
BMBL,2025-05-22,5.7,5.9,5.615,5.84,0.15,+2.64%,2035300
BMBL,2025-05-23,5.72,5.825,5.685,5.72,-0.12,-2.05%,1886600
BMBL,2025-05-27,5.82,5.98,5.67,5.97,0.25,+4.37%,2582000
BMBL,2025-05-28,5.98,6.18,5.88,6.12,0.15,+2.51%,1942100
BMBL,2025-05-29,6.2,6.26,5.92,5.99,-0.13,-2.12%,2505600
BMBL,2025-05-30,5.95,5.97,5.58,5.62,-0.37,-6.18%,2114500
BMBL,2025-06-02,5.58,5.74,5.56,5.74,0.12,+2.14%,1745000
BMBL,2025-06-03,5.33,5.545,5.16,5.37,-0.37,-6.45%,3551100
BMBL,2025-06-04,5.37,5.43,5.265,5.29,-0.08,-1.49%,1735200
BMBL,2025-06-05,5.37,5.53,5.285,5.35,0.06,+1.13%,2291500
BMBL,2025-06-06,5.41,5.45,5.295,5.31,-0.04,-0.75%,1168700
BMBL,2025-06-09,5.34,5.44,5.28,5.34,0.03,+0.56%,1546800
BMBL,2025-06-10,5.39,5.4,5.22,5.24,-0.1,-1.87%,1488400
BMBL,2025-06-11,5.29,5.3,5.01,5.14,-0.1,-1.91%,2369700
BMBL,2025-06-12,5.11,5.1299,4.9,4.92,-0.22,-4.28%,2219900
BMBL,2025-06-13,4.82,5.1099,4.811,4.95,0.03,+0.61%,2426100
BMBL,2025-06-16,5.02,5.31,4.99,5.24,0.29,+5.86%,2739500
BMBL,2025-06-17,5.17,5.41,5.09,5.23,-0.01,-0.19%,2617000
BMBL,2025-06-18,5.23,5.385,5.185,5.25,0.02,+0.38%,1949000
BMBL,2025-06-20,5.3,5.35,5.095,5.2,-0.05,-0.95%,5812800
BMBL,2025-06-23,5.16,5.3,5.05,5.1,-0.1,-1.92%,2985300
BMBL,2025-06-24,5.18,5.23,5.13,5.21,0.11,+2.16%,2280700
BMBL,2025-06-25,6.02,6.6291,5.96,6.52,1.31,+25.14%,12167000
BMBL,2025-06-26,6.53,6.94,6.445,6.51,-0.01,-0.15%,5184700
BMBL,2025-06-27,6.59,6.64,6.3,6.45,-0.06,-0.92%,4499400
BMBL,2025-06-30,6.5,6.7,6.42,6.59,0.14,+2.17%,2480100
BMBL,2025-07-01,6.6,6.965,6.55,6.81,0.22,+3.34%,3610500
BMBL,2025-07-02,6.76,6.93,6.58,6.63,-0.18,-2.64%,2424400
BMBL,2025-07-03,6.63,6.68,6.44,6.51,-0.12,-1.81%,1110600
BMBL,2025-07-07,6.5,6.53,6.29,6.34,-0.17,-2.61%,2236600
BMBL,2025-07-08,6.44,6.64,6.42,6.59,0.25,+3.94%,2118300
BMBL,2025-07-09,6.59,6.72,6.48,6.71,0.12,+1.82%,2377800
BMBL,2025-07-10,6.74,7,6.655,6.68,-0.03,-0.45%,1953000
BMBL,2025-07-11,6.6,6.775,6.5,6.52,-0.16,-2.40%,1479500
BMBL,2025-07-14,6.5,6.71,6.38,6.68,0.16,+2.45%,1850700
BMBL,2025-07-15,6.73,6.88,6.62,6.65,-0.03,-0.45%,1628500
BMBL,2025-07-16,6.7,6.96,6.65,6.88,0.23,+3.46%,1887900
BMBL,2025-07-17,6.86,7.51,6.825,6.91,0.03,+0.44%,2427200
BMBL,2025-07-18,6.95,7.22,6.8001,7.14,0.23,+3.33%,2190500
BMBL,2025-07-21,7.23,7.5299,7.23,7.37,0.23,+3.22%,2802600
BMBL,2025-07-22,7.41,7.73,7.295,7.69,0.32,+4.34%,2950000
BMBL,2025-07-23,7.6852,8.53,7.6852,8.4,0.71,+9.23%,6647700
BMBL,2025-07-24,8.4,8.57,8.31,8.57,0.17,+2.02%,2927700
BMBL,2025-07-25,8.545,8.64,8.21,8.22,-0.35,-4.08%,2769900
BMBL,2025-07-28,8.23,8.23,7.84,7.93,-0.29,-3.53%,3284800
BMBL,2025-07-29,7.95,7.95,7.525,7.63,-0.3,-3.78%,3435900
BMBL,2025-07-30,7.66,7.755,7.555,7.57,-0.06,-0.79%,2336000
BMBL,2025-07-31,7.61,7.91,7.485,7.78,0.21,+2.77%,3901400
BMBL,2025-08-01,7.7,7.9067,7.49,7.59,-0.19,-2.44%,3084100
BMBL,2025-08-04,7.69,7.775,7.585,7.7,0.11,+1.45%,3210600
BMBL,2025-08-05,7.83,7.9325,7.315,7.55,-0.15,-1.95%,4735900
BMBL,2025-08-06,7.59,7.955,7.31,7.65,0.1,+1.32%,6070300
BMBL,2025-08-07,6.5,6.64,5.79,6.43,-1.22,-15.95%,10206300
BMBL,2025-08-08,6.3,6.52,6.06,6.32,-0.11,-1.71%,3873900
BMBL,2025-08-11,6.4,6.465,6.085,6.32,0,0.00%,3565900
BMBL,2025-08-12,6.34,6.705,6.28,6.52,0.2,+3.16%,3560400
BMBL,2025-08-13,6.62,7.37,6.525,7.15,0.63,+9.66%,3877600
BMBL,2025-08-14,5.882,6.24,5.765,6.07,-1.08,-15.10%,13075200
BMBL,2025-08-15,6.09,6.41,6.08,6.29,0.22,+3.62%,4956000
BMBL,2025-08-18,6.27,6.385,6.067,6.37,0.08,+1.27%,3705700
BMBL,2025-08-19,6.44,6.478,6.285,6.38,0.01,+0.16%,2838200
BMBL,2025-08-20,6.4,6.58,6.26,6.52,0.14,+2.19%,6512800
BMBL,2025-08-21,6.46,6.46,6.255,6.44,-0.08,-1.23%,2886700
BMBL,2025-08-22,6.45,6.615,6.345,6.36,-0.08,-1.24%,4011400
BMBL,2025-08-25,6.48,6.555,6.35,6.41,0.05,+0.79%,3722800
BMBL,2025-08-26,6.42,6.51,6.295,6.45,0.04,+0.62%,3016200
BMBL,2025-08-27,6.37,6.49,6.265,6.29,-0.16,-2.48%,3041200
BMBL,2025-08-28,6.32,6.4563,6.265,6.33,0.04,+0.64%,2723400
BMBL,2025-08-29,6.36,6.54,6.06,6.17,-0.16,-2.53%,4504200
BMBL,2025-09-02,6.03,6.13,5.93,6.1,-0.07,-1.13%,4705000
BMBL,2025-09-03,6.15,6.38,6.13,6.32,0.22,+3.61%,4178800
BMBL,2025-09-04,6.32,6.55,6.125,6.46,0.14,+2.22%,3765200
BMBL,2025-09-05,6.54,6.765,6.455,6.7,0.24,+3.72%,3899500
BMBL,2025-09-08,6.74,6.86,6.585,6.76,0.06,+0.90%,2726000
BMBL,2025-09-09,6.76,6.76,6.48,6.62,-0.14,-2.07%,1839800
BMBL,2025-09-10,6.61,6.63,6.4,6.56,-0.06,-0.91%,2122300
BMBL,2025-09-11,6.61,6.84,6.47,6.75,0.19,+2.90%,3614000
BMBL,2025-09-12,6.84,6.895,6.73,6.83,0.08,+1.19%,2581500
BMBL,2025-09-15,6.93,7.26,6.91,7.01,0.18,+2.64%,3677500
BMBL,2025-09-16,7.06,7.06,6.88,6.91,-0.1,-1.43%,2372600
BMBL,2025-09-17,6.91,7.0401,6.772,6.93,0.02,+0.29%,3580100
BMBL,2025-09-18,6.93,7.24,6.9241,7.17,0.24,+3.46%,3937700
BMBL,2025-09-19,7.17,7.25,7.01,7.05,-0.12,-1.67%,4085700
BMBL,2025-09-22,7.05,7.32,6.75,6.84,-0.21,-2.98%,5550900
BMBL,2025-09-23,6.85,7.265,6.82,6.85,0.01,+0.15%,3097200
BMBL,2025-09-24,6.89,6.925,6.565,6.6,-0.25,-3.65%,2366000
BMBL,2025-09-25,6.46,6.55,6.29,6.44,-0.16,-2.42%,1946100
BMBL,2025-09-26,6.45,6.49,6.22,6.28,-0.16,-2.48%,2031600
BMBL,2025-09-29,6.3,6.335,6.17,6.3,0.02,+0.32%,2984000
BMBL,2025-09-30,6.29,6.29,6.02,6.09,-0.21,-3.33%,2512000
BMBL,2025-10-01,6.09,6.21,5.98,6.03,-0.06,-0.99%,2428300
BMBL,2025-10-02,6.08,6.13,5.93,6.04,0.01,+0.17%,2497600
BMBL,2025-10-03,5.79,6.015,5.75,5.86,-0.18,-2.98%,3374500
BMBL,2025-10-06,5.93,5.975,5.78,5.91,0.05,+0.85%,2292600
BMBL,2025-10-07,5.9,5.97,5.765,5.82,-0.09,-1.52%,2276300
BMBL,2025-10-08,5.89,5.905,5.66,5.67,-0.15,-2.58%,1613600
BMBL,2025-10-09,5.67,5.715,5.505,5.51,-0.16,-2.82%,1685600
BMBL,2025-10-10,5.56,5.5748,5.07,5.07,-0.44,-7.99%,2970300
BMBL,2025-10-13,5.15,5.26,5.04,5.24,0.17,+3.35%,2633300
BMBL,2025-10-14,5.11,5.375,5.11,5.34,0.1,+1.91%,2163500
BMBL,2025-10-15,5.49,5.7697,5.41,5.5,0.16,+3.00%,2425800
BMBL,2025-10-16,5.53,5.542,5.25,5.33,-0.17,-3.09%,1603600
BMBL,2025-10-17,5.34,5.37,5.27,5.28,-0.05,-0.94%,1515200
BMBL,2025-10-20,5.25,5.725,5.25,5.7,0.42,+7.95%,3070400
BMBL,2025-10-21,5.7,5.7,5.6,5.61,-0.09,-1.58%,1810300
BMBL,2025-10-22,5.56,5.72,5.54,5.67,0.06,+1.07%,2204500
BMBL,2025-10-23,5.64,5.76,5.5975,5.76,0.09,+1.59%,1724400
BMBL,2025-10-24,5.87,5.93,5.78,5.88,0.12,+2.08%,2035900
BMBL,2025-10-27,5.96,5.96,5.76,5.78,-0.1,-1.70%,1650700
BMBL,2025-10-28,5.79,5.79,5.55,5.6,-0.18,-3.11%,1477300
BMBL,2025-10-29,5.59,5.67,5.44,5.54,-0.06,-1.07%,1508100
BMBL,2025-10-30,5.44,5.5465,5.38,5.48,-0.06,-1.08%,2609600
BMBL,2025-10-31,5.51,5.73,5.48,5.55,0.07,+1.28%,1713000
BMBL,2025-11-03,5.55,5.67,5.47,5.49,-0.06,-1.08%,1616400
BMBL,2025-11-04,5.36,5.445,5.24,5.26,-0.23,-4.19%,1759700
BMBL,2025-11-05,5.23,5.45,5.16,5.42,0.16,+3.04%,4210800
BMBL,2025-11-06,4.16,4.495,4.02,4.24,-1.18,-21.77%,6876800
BMBL,2025-11-07,4.21,4.36,4.16,4.265,0.025,+0.59%,3711000
BMBL,2025-11-10,4.34,4.37,4.09,4.11,-0.155,-3.63%,3674700
BMBL,2025-11-11,4.11,4.13,3.91,4,-0.11,-2.68%,3451600
BMBL,2025-11-12,4.02,4.07,3.9,3.905,-0.095,-2.38%,2858200
BMBL,2025-11-13,3.86,3.92,3.73,3.74,-0.165,-4.23%,3309800
BMBL,2025-11-14,3.67,3.7,3.555,3.6,-0.14,-3.74%,3331400
BMBL,2025-11-17,3.62,3.735,3.52,3.57,-0.03,-0.83%,3152800
BMBL,2025-11-18,3.64,3.645,3.42,3.51,-0.06,-1.68%,3566200
BMBL,2025-11-19,3.49,3.54,3.3325,3.4,-0.11,-3.13%,3623800
BMBL,2025-11-20,3.48,3.4938,3.19,3.23,-0.17,-5.00%,3443900
BMBL,2025-11-21,3.23,3.37,3.1814,3.32,0.09,+2.79%,3384100
BMBL,2025-11-24,3.46,3.555,3.35,3.47,0.15,+4.52%,3353800
BMBL,2025-11-25,3.49,3.73,3.47,3.56,0.09,+2.59%,2906000
BMBL,2025-11-26,3.53,3.57,3.46,3.53,-0.03,-0.84%,2400200
BMBL,2025-11-28,3.53,3.62,3.515,3.55,0.02,+0.57%,1398300
BMBL,2025-12-01,3.52,3.75,3.42,3.67,0.12,+3.38%,3653300
BMBL,2025-12-02,3.68,3.7174,3.61,3.67,0,0.00%,2769000
BMBL,2025-12-03,3.67,3.8,3.65,3.76,0.09,+2.45%,2935500
BMBL,2025-12-04,3.75,3.76,3.64,3.71,-0.05,-1.33%,1782400
BMBL,2025-12-05,3.69,3.775,3.595,3.62,-0.09,-2.43%,2545900
BMBL,2025-12-08,3.65,3.7,3.5715,3.64,0.02,+0.55%,2326400
BMBL,2025-12-09,3.62,3.81,3.6,3.78,0.14,+3.85%,2666600
BMBL,2025-12-10,3.78,3.9,3.75,3.87,0.09,+2.38%,2717500
BMBL,2025-12-11,3.85,3.855,3.655,3.7,-0.17,-4.39%,3337800
BMBL,2025-12-12,3.7,3.7,3.39,3.39,-0.31,-8.38%,3715600
BMBL,2025-12-15,3.41,3.47,3.325,3.46,0.07,+2.06%,3712500
BMBL,2025-12-16,3.46,3.56,3.41,3.53,0.07,+2.02%,3225700
BMBL,2025-12-17,3.55,3.615,3.43,3.45,-0.08,-2.27%,2707100
BMBL,2025-12-18,3.51,3.52,3.38,3.49,0.04,+1.16%,3677000
BMBL,2025-12-19,3.5,3.605,3.42,3.46,-0.03,-0.86%,5464000
BMBL,2025-12-22,3.45,3.78,3.45,3.54,0.08,+2.31%,2453000
BMBL,2025-12-23,3.51,3.6,3.47,3.58,0.04,+1.13%,2713100
BMBL,2025-12-24,3.6,3.62,3.53,3.58,0,0.00%,1462500
BMBL,2025-12-26,3.55,3.565,3.46,3.52,-0.06,-1.68%,1806300
BMBL,2025-12-29,3.48,3.51,3.445,3.45,-0.07,-1.99%,2434000
BMBL,2025-12-30,3.45,3.7256,3.432,3.62,0.17,+4.93%,3253100
BMBL,2025-12-31,3.6,3.79,3.555,3.57,-0.05,-1.38%,4046000
BMBL,2026-01-02,3.62,3.695,3.61,3.62,0.05,+1.40%,3064100
BMBL,2026-01-05,3.66,3.795,3.57,3.64,0.02,+0.55%,3243400
BMBL,2026-01-06,3.64,3.66,3.4847,3.6,-0.04,-1.10%,4527400
BMBL,2026-01-07,3.6,3.77,3.58,3.62,0.02,+0.56%,2905700
BMBL,2026-01-08,3.63,3.66,3.5,3.52,-0.1,-2.76%,1932300
BMBL,2026-01-09,3.51,3.55,3.4,3.48,-0.04,-1.14%,2408000
BMBL,2026-01-12,3.49,3.56,3.4,3.55,0.07,+2.01%,3419900
BMBL,2026-01-13,3.57,3.775,3.57,3.62,0.07,+1.97%,3230600
BMBL,2026-01-14,3.63,3.66,3.525,3.59,-0.03,-0.83%,2112700
BMBL,2026-01-15,3.58,3.66,3.4945,3.65,0.06,+1.67%,1969800
BMBL,2026-01-16,3.65,3.69,3.56,3.57,-0.08,-2.19%,2719200
BMBL,2026-01-20,3.46,3.55,3.425,3.52,-0.05,-1.40%,2376600
BMBL,2026-01-21,3.55,3.785,3.5218,3.59,0.07,+1.99%,2784100
BMBL,2026-01-22,3.63,3.69,3.585,3.61,0.02,+0.56%,2024200
BMBL,2026-01-23,3.62,3.69,3.51,3.54,-0.07,-1.94%,1809400
BMBL,2026-01-26,3.54,3.91,3.475,3.88,0.34,+9.60%,3615500
BMBL,2026-01-27,3.87,3.88,3.6,3.68,-0.2,-5.15%,2385000
BMBL,2026-01-28,3.7,3.805,3.6,3.63,-0.05,-1.36%,1737200
BMBL,2026-01-29,3.65,3.65,3.45,3.51,-0.12,-3.31%,2079500
BMBL,2026-01-30,3.46,3.505,3.33,3.35,-0.16,-4.56%,3241300
BMBL,2026-02-02,3.35,3.435,3.295,3.34,-0.01,-0.30%,2615700
BMBL,2026-02-03,3.37,3.38,3.11,3.24,-0.1,-2.99%,4418700
BMBL,2026-02-04,3.24,3.365,3.185,3.27,0.03,+0.93%,2801100
BMBL,2026-02-05,3.21,3.2636,3.03,3.09,-0.18,-5.50%,3694300
BMBL,2026-02-06,3.09,3.23,3.01,3.22,0.13,+4.21%,2476200
BMBL,2026-02-09,3.21,3.2285,3.11,3.19,-0.03,-0.93%,2153400
BMBL,2026-02-10,3.22,3.37,3.18,3.25,0.06,+1.88%,1946400
BMBL,2026-02-11,3.25,3.25,2.94,2.95,-0.3,-9.23%,4273900
BMBL,2026-02-12,2.95,2.96,2.75,2.79,-0.16,-5.42%,2516300
BMBL,2026-02-13,2.79,2.87,2.73,2.75,-0.04,-1.43%,2365300
BMBL,2026-02-17,2.75,2.805,2.62,2.74,-0.01,-0.36%,4387500
BMBL,2026-02-18,2.71,2.81,2.65,2.7,-0.04,-1.46%,2581500
BMBL,2026-02-19,2.66,2.9,2.61,2.87,0.17,+6.30%,3795200
BMBL,2026-02-20,2.87,3.05,2.855,3.03,0.16,+5.57%,4491200
BMBL,2026-02-23,3.04,3.04,2.75,2.77,-0.26,-8.58%,5538300
BMBL,2026-02-24,2.82,2.945,2.81,2.91,0.14,+5.05%,2889700
BMBL,2026-02-25,2.95,2.95,2.83,2.92,0.01,+0.34%,2140400
BMBL,2026-02-26,2.92,3.19,2.91,3.11,0.19,+6.51%,2990200
BMBL,2026-02-27,3.03,3.095,2.93,3.04,-0.07,-2.25%,4692400
BMBL,2026-03-02,3,3.14,2.95,3.04,0,0.00%,2524800
BMBL,2026-03-03,2.93,3.035,2.79,2.96,-0.08,-2.63%,3732300
BMBL,2026-03-04,2.97,3.0657,2.91,3.02,0.06,+2.03%,1725900
BMBL,2026-03-05,3.02,3.225,3,3.13,0.11,+3.64%,2857300
BMBL,2026-03-06,3.07,3.085,2.96,3.06,-0.07,-2.24%,1690911
BMBL,2026-03-09,3,3.015,2.815,2.96,-0.1,-3.27%,2307600
BMBL,2026-03-10,2.93,2.93,2.755,2.81,-0.15,-5.07%,3938700
BMBL,2026-03-11,2.85,2.99,2.82,2.84,0.03,+1.07%,8964300
BMBL,2026-03-12,3.67,4.25,3.67,3.81,0.97,+34.15%,34272100
BMBL,2026-03-13,3.85,3.9899,3.66,3.77,-0.04,-1.05%,10038600
BMBL,2026-03-16,3.79,3.95,3.6,3.87,0.1,+2.65%,15792700
BMBL,2026-03-17,3.86,4.31,3.85,4.14,0.27,+6.98%,6681600
BMBL,2026-03-18,3.99,4.13,3.74,3.78,-0.36,-8.70%,4592900
BMBL,2026-03-19,3.74,3.765,3.625,3.74,-0.04,-1.06%,3306300
BMBL,2026-03-20,3.76,3.76,3.49,3.57,-0.17,-4.55%,8963300
BMBL,2026-03-23,3.62,3.67,3.49,3.59,0.02,+0.56%,3533100
BMBL,2026-03-24,3.53,3.56,3.385,3.4,-0.19,-5.29%,4730000
BMBL,2026-03-25,3.43,3.4899,3.28,3.32,-0.08,-2.35%,5090900
BMBL,2026-03-26,3.3,3.385,3.27,3.33,0.01,+0.30%,3096800
BMBL,2026-03-27,3.3,3.335,3.17,3.22,-0.11,-3.30%,2887200
BMBL,2026-03-30,3.29,3.29,3.12,3.24,0.02,+0.62%,3515100
BMBL,2026-03-31,3.24,3.34,3.175,3.26,0.02,+0.62%,2346600
BMBL,2026-04-01,3.36,3.365,3.22,3.33,0.07,+2.15%,2403800
BMBL,2026-04-02,3.28,3.5,3.22,3.36,0.03,+0.90%,3684800
BMBL,2026-04-06,3.36,3.5,3.355,3.45,0.09,+2.68%,3329300
BMBL,2026-04-07,3.43,3.505,3.29,3.48,0.03,+0.87%,1916500
BMBL,2026-04-08,3.64,3.74,3.475,3.49,0.01,+0.29%,2056700
BMBL,2026-04-09,3.47,3.47,3.385,3.45,-0.04,-1.15%,1730500
BMBL,2026-04-10,3.46,3.5569,3.365,3.4,-0.05,-1.45%,2403600
BMBL,2026-04-13,3.34,3.59,3.3,3.58,0.18,+5.29%,2401100
BMBL,2026-04-14,3.63,3.78,3.59,3.77,0.19,+5.31%,2328000
BMBL,2026-04-15,3.8,4.1,3.78,4.09,0.32,+8.49%,3457800
BMBL,2026-04-16,4.12,4.325,4.065,4.31,0.22,+5.38%,3620100
BMBL,2026-04-17,4.34,4.48,4.21,4.26,-0.05,-1.16%,3356400
BMBL,2026-04-20,4.2,4.43,4.14,4.43,0.17,+3.99%,3126100
BMBL,2026-04-21,4.49,4.595,4.415,4.47,0.04,+0.90%,3919100
BMBL,2026-04-22,4.5,4.515,4.285,4.42,-0.05,-1.12%,2484100
BMBL,2026-04-23,4.36,4.42,4.185,4.21,-0.21,-4.75%,3861100
BMBL,2026-04-24,4.2,4.27,4.07,4.27,0.06,+1.43%,2828300
BMEA,2021-04-16,20,22.22,16.55,18.6,14.33,+335.60%,3590100
BMEA,2021-04-19,17.26,19.54,16.9,17,-1.6,-8.60%,677700
BMEA,2021-04-20,17,17,15.15,16.79,-0.21,-1.24%,168100
BMEA,2021-04-21,16.33,18.09,15.53,17.46,0.67,+3.99%,134200
BMEA,2021-04-22,17.2,17.98,16.32,17.61,0.15,+0.86%,67300
BMEA,2021-04-23,18,18.12,16.33,16.8,-0.81,-4.60%,129200
BMEA,2021-04-26,16.52,17.575,15.51,17.49,0.69,+4.11%,48300
BMEA,2021-04-27,16.94,17.61,15.89,16.99,-0.5,-2.86%,77200
BMEA,2021-04-28,16.99,17.98,16.99,17.08,0.09,+0.53%,98400
BMEA,2021-04-29,17.52,17.52,16.71,16.97,-0.11,-0.64%,123800
BMEA,2021-04-30,16.7,17.67,16.66,16.95,-0.02,-0.12%,134100
BMEA,2021-05-03,17.04,17.41,16.85,17,0.05,+0.29%,82800
BMEA,2021-05-04,16.66,17,16.04,16.96,-0.04,-0.24%,27800
BMEA,2021-05-05,16.79,17.3575,16.56,17.05,0.09,+0.53%,65600
BMEA,2021-05-06,16.87,17.458,16.575,17.08,0.03,+0.18%,33700
BMEA,2021-05-07,16.87,17.12,16.501,16.94,-0.14,-0.82%,53700
BMEA,2021-05-10,16.94,17.02,16.2768,16.63,-0.31,-1.83%,38600
BMEA,2021-05-11,16.1,17.03,15.83,16.38,-0.25,-1.50%,132500
BMEA,2021-05-12,16.38,16.66,15.58,15.88,-0.5,-3.05%,119200
BMEA,2021-05-13,15.85,16.94,14.105,15.91,0.03,+0.19%,171800
BMEA,2021-05-14,16.01,17.12,15.1,15.87,-0.04,-0.25%,188900
BMEA,2021-05-17,15.69,16.08,15.69,16.04,0.17,+1.07%,19100
BMEA,2021-05-18,15.94,16.92,15.6,16.85,0.81,+5.05%,184600
BMEA,2021-05-19,17.04,17.52,16.75,17.44,0.59,+3.50%,149100
BMEA,2021-05-20,17.26,18.15,17.18,17.5,0.06,+0.34%,42600
BMEA,2021-05-21,17.5,18.2529,16.8,17.5,0,0.00%,65200
BMEA,2021-05-24,17.49,17.53,16.845,17.5,0,0.00%,22400
BMEA,2021-05-25,17.16,17.7,17.06,17.4,-0.1,-0.57%,36500
BMEA,2021-05-26,17.27,17.76,17.24,17.36,-0.04,-0.23%,19000
BMEA,2021-05-27,17.29,18.0467,15.99,16.5,-0.86,-4.95%,26700
BMEA,2021-05-28,16.4,17.95,16.4,17.31,0.81,+4.91%,70300
BMEA,2021-06-01,17.5,19.095,17.115,18.74,1.43,+8.26%,56000
BMEA,2021-06-02,18.74,19.29,18.08,18.99,0.25,+1.33%,67200
BMEA,2021-06-03,18.74,18.93,18.01,18.34,-0.65,-3.42%,81700
BMEA,2021-06-04,17.95,19.425,17.95,18.86,0.52,+2.84%,44700
BMEA,2021-06-07,19.08,20.815,18.24,20.28,1.42,+7.53%,121500
BMEA,2021-06-08,20.09,20.98,20.09,20.5,0.22,+1.08%,70500
BMEA,2021-06-09,20.09,21.39,20.09,20.87,0.37,+1.80%,60500
BMEA,2021-06-10,20.62,21.375,20.275,20.93,0.06,+0.29%,60700
BMEA,2021-06-11,21.26,21.48,20.38,20.61,-0.32,-1.53%,37400
BMEA,2021-06-14,20.95,21.37,20,20.56,-0.05,-0.24%,110700
BMEA,2021-06-15,20.54,20.82,20.01,20.61,0.05,+0.24%,36200
BMEA,2021-06-16,20.44,21.2,20.04,20.46,-0.15,-0.73%,123600
BMEA,2021-06-17,20.28,21.14,20.115,20.73,0.27,+1.32%,113300
BMEA,2021-06-18,20.5,20.88,19.275,20,-0.73,-3.52%,443600
BMEA,2021-06-21,19.8,20.24,18.545,18.9,-1.1,-5.50%,128300
BMEA,2021-06-22,18.71,19.345,17.26,17.89,-1.01,-5.34%,84300
BMEA,2021-06-23,18.225,18.2988,16.3,16.58,-1.31,-7.32%,49500
BMEA,2021-06-24,16.78,17.06,15.485,15.57,-1.01,-6.09%,114100
BMEA,2021-06-25,15.41,15.5,13.41,13.65,-1.92,-12.33%,1094000
BMEA,2021-06-28,13.94,16.1579,13.905,15.08,1.43,+10.48%,240900
BMEA,2021-06-29,15,15.84,13.91,15.08,0,0.00%,188600
BMEA,2021-06-30,15.2,15.93,14.66,15.61,0.53,+3.51%,86500
BMEA,2021-07-01,15.63,15.995,14.71,15.4,-0.21,-1.35%,150200
BMEA,2021-07-02,15.57,15.64,14.86,15.2,-0.2,-1.30%,70800
BMEA,2021-07-06,15.45,15.99,14.6701,15.63,0.43,+2.83%,38900
BMEA,2021-07-07,15.26,15.8,14.96,15.21,-0.42,-2.69%,62600
BMEA,2021-07-08,14.94,15.72,14.94,15.5,0.29,+1.91%,15900
BMEA,2021-07-09,15.53,15.8,15.41,15.69,0.19,+1.23%,12500
BMEA,2021-07-12,15.76,16.28,15.54,15.99,0.3,+1.91%,22800
BMEA,2021-07-13,16.02,16.11,15.45,15.61,-0.38,-2.38%,391600
BMEA,2021-07-14,15.71,15.71,13.58,13.94,-1.67,-10.70%,41000
BMEA,2021-07-15,13.73,15.26,13.26,14.23,0.29,+2.08%,175700
BMEA,2021-07-16,14.25,14.6172,13.43,13.66,-0.57,-4.01%,41100
BMEA,2021-07-19,14,14,12.96,13.53,-0.13,-0.95%,89600
BMEA,2021-07-20,13.67,14.49,13.36,13.64,0.11,+0.81%,281700
BMEA,2021-07-21,13.14,14.355,13.14,13.38,-0.26,-1.91%,182100
BMEA,2021-07-22,13.52,13.55,12.535,13.44,0.06,+0.45%,26900
BMEA,2021-07-23,13.2,13.5,13.09,13.24,-0.2,-1.49%,21100
BMEA,2021-07-26,13.36,14.635,12.35,12.6,-0.64,-4.83%,24200
BMEA,2021-07-27,12.66,14.95,12.22,13.25,0.65,+5.16%,239000
BMEA,2021-07-28,13.09,14.1685,12.51,13.22,-0.03,-0.23%,90600
BMEA,2021-07-29,13.47,13.95,13.15,13.5,0.28,+2.12%,753300
BMEA,2021-07-30,13.46,13.55,12.82,13.19,-0.31,-2.30%,32800
BMEA,2021-08-02,13.43,13.46,12.76,13.46,0.27,+2.05%,16300
BMEA,2021-08-03,13.67,13.7,13.24,13.45,-0.01,-0.07%,38900
BMEA,2021-08-04,13.61,13.61,12.9,13.03,-0.42,-3.12%,55700
BMEA,2021-08-05,13.18,13.71,12.6409,12.81,-0.22,-1.69%,36100
BMEA,2021-08-06,12.77,12.98,12.45,12.74,-0.07,-0.55%,38300
BMEA,2021-08-09,12.74,13.24,12.51,12.65,-0.09,-0.71%,29000
BMEA,2021-08-10,12.8,12.96,11.29,11.8,-0.85,-6.72%,65500
BMEA,2021-08-11,11.97,12.82,11.5002,11.98,0.18,+1.53%,16500
BMEA,2021-08-12,12.27,12.435,11.19,11.73,-0.25,-2.09%,38400
BMEA,2021-08-13,11.91,11.91,10.6,10.61,-1.12,-9.55%,45100
BMEA,2021-08-16,10.62,11.165,10.28,10.5,-0.11,-1.04%,59600
BMEA,2021-08-17,10.59,10.89,10.26,10.88,0.38,+3.62%,113200
BMEA,2021-08-18,10.87,10.96,10.075,10.7,-0.18,-1.65%,64700
BMEA,2021-08-19,10.59,11.075,10,10.57,-0.13,-1.21%,78200
BMEA,2021-08-20,10.84,11.35,10.295,11.17,0.6,+5.68%,115900
BMEA,2021-08-23,11.33,13.77,11.33,13.15,1.98,+17.73%,192900
BMEA,2021-08-24,12.9,12.9,11.8,12.2,-0.95,-7.22%,152600
BMEA,2021-08-25,12.3,13.0364,11.85,12.04,-0.16,-1.31%,25600
BMEA,2021-08-26,12.59,13.4949,12.48,12.99,0.95,+7.89%,41600
BMEA,2021-08-27,13.07,14.386,13.025,13.59,0.6,+4.62%,48400
BMEA,2021-08-30,13.6,14.18,13.595,13.76,0.17,+1.25%,43700
BMEA,2021-08-31,13.72,14.47,13.4888,13.95,0.19,+1.38%,22100
BMEA,2021-09-01,13.95,14.85,13.49,14.58,0.63,+4.52%,66200
BMEA,2021-09-02,14.6089,14.635,13.67,14.1,-0.48,-3.29%,33600
BMEA,2021-09-03,13.98,14.78,13.51,13.63,-0.47,-3.33%,27800
BMEA,2021-09-07,13.6,13.86,13.25,13.42,-0.21,-1.54%,17600
BMEA,2021-09-08,13.7,14.07,12.78,12.82,-0.6,-4.47%,30000
BMEA,2021-09-09,12.87,13.195,12.03,12.26,-0.56,-4.37%,20000
BMEA,2021-09-10,12.27,12.7088,11.01,11.4,-0.86,-7.01%,32901
BMEA,2021-09-13,11.14,11.68,11.14,11.38,-0.02,-0.18%,16900
BMEA,2021-09-14,11.55,12.07,11.36,11.79,0.41,+3.60%,19800
BMEA,2021-09-15,11.99,11.99,10.56,10.63,-1.16,-9.84%,29100
BMEA,2021-09-16,10.64,14.65,10.45,12.47,1.84,+17.31%,337300
BMEA,2021-09-17,11.77,11.99,10.8,10.98,-1.49,-11.95%,153400
BMEA,2021-09-20,10.61,10.9482,10.34,10.35,-0.63,-5.74%,74900
BMEA,2021-09-21,10.3,10.7152,9.72,10,-0.35,-3.38%,224700
BMEA,2021-09-22,10.55,10.55,9.89,10.34,0.34,+3.40%,57300
BMEA,2021-09-23,10.37,10.4465,10.09,10.33,-0.01,-0.10%,47100
BMEA,2021-09-24,10.37,10.73,10.205,10.5,0.17,+1.65%,44200
BMEA,2021-09-27,10.4,10.89,10.18,10.73,0.23,+2.19%,136700
BMEA,2021-09-28,10.81,11.21,10.65,10.9,0.17,+1.58%,96900
BMEA,2021-09-29,10.88,11.27,10.24,10.91,0.01,+0.09%,55100
BMEA,2021-09-30,10.82,12.48,10.47,11.97,1.06,+9.72%,215100
BMEA,2021-10-01,11.91,12.04,11.24,11.82,-0.15,-1.25%,205100
BMEA,2021-10-04,11.82,13.4,11.52,12.72,0.9,+7.61%,79600
BMEA,2021-10-05,12.67,14,12.02,12.65,-0.07,-0.55%,61000
BMEA,2021-10-06,12.65,13.21,12.25,12.62,-0.03,-0.24%,61417
BMEA,2021-10-07,12.59,12.83,12.17,12.35,-0.27,-2.14%,13000
BMEA,2021-10-08,12.34,12.98,12.13,12.21,-0.14,-1.13%,14300
BMEA,2021-10-11,12.21,12.63,11.98,12.08,-0.13,-1.06%,14100
BMEA,2021-10-12,12.08,12.935,11.71,12.07,-0.01,-0.08%,33100
BMEA,2021-10-13,12.1,12.265,10.78,11.19,-0.88,-7.29%,120600
BMEA,2021-10-14,11.21,11.5,11.07,11.43,0.24,+2.14%,27700
BMEA,2021-10-15,11.65,12,11.16,11.63,0.2,+1.75%,43600
BMEA,2021-10-18,11.64,12.1,11.105,11.5,-0.13,-1.12%,32700
BMEA,2021-10-19,11.34,11.75,11.34,11.74,0.24,+2.09%,37100
BMEA,2021-10-20,11.6148,11.925,11.05,11.25,-0.49,-4.17%,340600
BMEA,2021-10-21,11.17,11.27,10.21,11.1,-0.15,-1.33%,88300
BMEA,2021-10-22,11.01,11.29,10.57,10.99,-0.11,-0.99%,92000
BMEA,2021-10-25,10.76,11.76,10.645,11.71,0.72,+6.55%,51100
BMEA,2021-10-26,11.69,11.92,10.46,10.79,-0.92,-7.86%,368300
BMEA,2021-10-27,10.68,11.25,10.44,11.22,0.43,+3.99%,82200
BMEA,2021-10-28,11.23,11.23,10.67,10.75,-0.47,-4.19%,84500
BMEA,2021-10-29,10.63,10.75,10.3603,10.74,-0.01,-0.09%,43100
BMEA,2021-11-01,11,11.35,10.86,11.2,0.46,+4.28%,201500
BMEA,2021-11-02,11.25,11.32,10.29,10.64,-0.56,-5.00%,49200
BMEA,2021-11-03,10.75,12.25,10.4,11.5,0.86,+8.08%,135000
BMEA,2021-11-04,11.31,11.74,10.6,11.45,-0.05,-0.43%,120600
BMEA,2021-11-05,11.49,11.6,10.79,10.97,-0.48,-4.19%,277200
BMEA,2021-11-08,11.17,11.36,10.8,10.85,-0.12,-1.09%,252600
BMEA,2021-11-09,10.92,11.3,10.5,11.15,0.3,+2.76%,844000
BMEA,2021-11-10,11.22,11.785,11.22,11.6,0.45,+4.04%,188000
BMEA,2021-11-11,11.67,12.15,11.585,11.75,0.15,+1.29%,190300
BMEA,2021-11-12,11.91,12.03,11.75,11.85,0.1,+0.85%,144900
BMEA,2021-11-15,12.03,12.03,11.62,11.68,-0.17,-1.43%,135500
BMEA,2021-11-16,11.67,12,11.5,11.73,0.05,+0.43%,120700
BMEA,2021-11-17,11.65,11.75,11.42,11.68,-0.05,-0.43%,132400
BMEA,2021-11-18,12.3,12.3,11.16,11.25,-0.43,-3.68%,177800
BMEA,2021-11-19,11.16,11.225,10.5,10.78,-0.47,-4.18%,129800
BMEA,2021-11-22,10.98,11.94,10.57,11.46,0.68,+6.31%,298600
BMEA,2021-11-23,11.35,11.65,10.61,10.93,-0.53,-4.62%,135600
BMEA,2021-11-24,10.81,12.1,10.63,11.9,0.97,+8.87%,114000
BMEA,2021-11-26,11.91,12.1,11.01,11.98,0.08,+0.67%,59900
BMEA,2021-11-29,12.22,12.23,11.51,12.02,0.04,+0.33%,130300
BMEA,2021-11-30,11.81,12.19,11.57,12.07,0.05,+0.42%,110500
BMEA,2021-12-01,12.24,12.27,11.63,11.73,-0.34,-2.82%,101600
BMEA,2021-12-02,11.6,11.99,10.66,10.74,-0.99,-8.44%,82900
BMEA,2021-12-03,10.72,10.95,9.65,9.8,-0.94,-8.75%,87000
BMEA,2021-12-06,9.8,10.88,9.505,10.195,0.395,+4.03%,135400
BMEA,2021-12-07,10.38,11.225,9.64,10.71,0.515,+5.05%,109600
BMEA,2021-12-08,10.59,10.98,10.07,10.14,-0.57,-5.32%,139100
BMEA,2021-12-09,10.16,10.65,9.23,9.27,-0.87,-8.58%,121600
BMEA,2021-12-10,9.33,9.5,8.9809,9.24,-0.03,-0.32%,120700
BMEA,2021-12-13,9.25,9.35,8.66,8.9,-0.34,-3.68%,64900
BMEA,2021-12-14,8.81,8.88,7.93,8.05,-0.85,-9.55%,142900
BMEA,2021-12-15,8.01,8.395,7.695,8.29,0.24,+2.98%,202200
BMEA,2021-12-16,8.31,8.52,7.37,7.64,-0.65,-7.84%,227600
BMEA,2021-12-17,8,8.51,7.03,7.22,-0.42,-5.50%,1602500
BMEA,2021-12-20,7.03,8.68,7,8.26,1.04,+14.40%,253200
BMEA,2021-12-21,8.28,8.53,7.77,7.85,-0.41,-4.96%,102700
BMEA,2021-12-22,7.74,8.04,7.1611,7.6,-0.25,-3.18%,76700
BMEA,2021-12-23,7.58,8.02,7.49,7.81,0.21,+2.76%,55500
BMEA,2021-12-27,7.8,7.8635,7.58,7.71,-0.1,-1.28%,38900
BMEA,2021-12-28,7.67,7.99,7.5,7.72,0.01,+0.13%,44600
BMEA,2021-12-29,7.61,7.85,7.57,7.82,0.1,+1.30%,51300
BMEA,2021-12-30,7.71,8.34,7.46,7.51,-0.31,-3.96%,455900
BMEA,2021-12-31,7.63,7.81,7.4,7.45,-0.06,-0.80%,103600
BMEA,2022-01-03,7.39,8.74,7.39,8.48,1.03,+13.83%,243000
BMEA,2022-01-04,8.89,9.1921,8.6,8.88,0.4,+4.72%,234800
BMEA,2022-01-05,9.03,9.465,7.41,7.47,-1.41,-15.88%,191200
BMEA,2022-01-06,7.92,8.16,7.0576,7.89,0.42,+5.62%,364600
BMEA,2022-01-07,7.95,8.38,7.64,7.77,-0.12,-1.52%,154500
BMEA,2022-01-10,7.7,7.7,7.1933,7.51,-0.26,-3.35%,162700
BMEA,2022-01-11,7.54,7.79,7.2,7.68,0.17,+2.26%,46000
BMEA,2022-01-12,7.97,8.3,7.645,8.09,0.41,+5.34%,232900
BMEA,2022-01-13,8.14,8.39,8.05,8.28,0.19,+2.35%,108000
BMEA,2022-01-14,8.25,9.44,8.25,9.03,0.75,+9.06%,209000
BMEA,2022-01-18,9.985,9.985,7.14,7.38,-1.65,-18.27%,231101
BMEA,2022-01-19,7.66,7.8074,7.15,7.31,-0.07,-0.95%,165900
BMEA,2022-01-20,7.32,7.65,7.25,7.37,0.06,+0.82%,151600
BMEA,2022-01-21,7.1,7.38,6.89,7.1,-0.27,-3.66%,260800
BMEA,2022-01-24,6.88,7.27,6.61,7.2,0.1,+1.41%,748400
BMEA,2022-01-25,7.01,7.71,7,7.28,0.08,+1.11%,207000
BMEA,2022-01-26,7.34,7.81,6.55,6.66,-0.62,-8.52%,100100
BMEA,2022-01-27,6.68,6.8,6.55,6.63,-0.03,-0.45%,200000
BMEA,2022-01-28,6.63,6.895,6.31,6.85,0.22,+3.32%,68300
BMEA,2022-01-31,6.78,7.29,6.78,7.16,0.31,+4.53%,61100
BMEA,2022-02-01,7.15,7.2,6.47,6.56,-0.6,-8.38%,289700
BMEA,2022-02-02,6.58,6.68,6.07,6.43,-0.13,-1.98%,146900
BMEA,2022-02-03,6.33,6.52,6.15,6.34,-0.09,-1.40%,73800
BMEA,2022-02-04,6.28,6.61,6.07,6.52,0.18,+2.84%,67500
BMEA,2022-02-07,6.44,6.775,6.06,6.61,0.09,+1.38%,47100
BMEA,2022-02-08,6.69,6.69,6.14,6.27,-0.34,-5.14%,123900
BMEA,2022-02-09,6.31,6.95,6.185,6.69,0.42,+6.70%,87100
BMEA,2022-02-10,6.66,7.115,6.53,6.65,-0.04,-0.60%,194100
BMEA,2022-02-11,6.64,6.82,6.17,6.21,-0.44,-6.62%,53500
BMEA,2022-02-14,6.25,6.32,5.92,6.03,-0.18,-2.90%,38900
BMEA,2022-02-15,6.13,6.39,6,6.31,0.28,+4.64%,137000
BMEA,2022-02-16,6.26,6.28,6.01,6.2,-0.11,-1.74%,139500
BMEA,2022-02-17,6.07,6.86,5.9,6.6,0.4,+6.45%,206700
BMEA,2022-02-18,6.48,6.51,6.01,6.23,-0.37,-5.61%,153900
BMEA,2022-02-22,6.08,6.39,5.84,6.07,-0.16,-2.57%,131700
BMEA,2022-02-23,6.13,6.2,5.905,6.04,-0.03,-0.49%,69400
BMEA,2022-02-24,5.65,6.5,5.65,6.43,0.39,+6.46%,69800
BMEA,2022-02-25,6.46,7.03,6.37,6.88,0.45,+7.00%,219300
BMEA,2022-02-28,6.77,7.12,6.36,6.41,-0.47,-6.83%,120300
BMEA,2022-03-01,6.06,6.4,5.82,5.93,-0.48,-7.49%,80600
BMEA,2022-03-02,5.98,6.195,5.77,6,0.07,+1.18%,46400
BMEA,2022-03-03,6.1,6.1,5.74,5.9,-0.1,-1.67%,132100
BMEA,2022-03-04,5.93,6.6,5.91,6.35,0.45,+7.63%,112000
BMEA,2022-03-07,6.44,6.58,6.0143,6.4,0.05,+0.79%,72400
BMEA,2022-03-08,6.4,6.85,6.23,6.58,0.18,+2.81%,89900
BMEA,2022-03-09,6.68,6.95,6.54,6.83,0.25,+3.80%,58500
BMEA,2022-03-10,6.63,6.8,6.54,6.71,-0.12,-1.76%,131200
BMEA,2022-03-11,6.84,6.85,6.31,6.56,-0.15,-2.24%,96300
BMEA,2022-03-14,6.47,6.57,6.31,6.44,-0.12,-1.83%,131900
BMEA,2022-03-15,6.48,6.48,5.71,5.84,-0.6,-9.32%,82400
BMEA,2022-03-16,5.87,5.97,5.3101,5.54,-0.3,-5.14%,80300
BMEA,2022-03-17,5.48,5.58,5.12,5.41,-0.13,-2.35%,61100
BMEA,2022-03-18,5.41,5.69,5.26,5.62,0.21,+3.88%,148000
BMEA,2022-03-21,5.6,5.7,5.44,5.52,-0.1,-1.78%,55800
BMEA,2022-03-22,5.5,5.58,5.035,5.12,-0.4,-7.25%,69200
BMEA,2022-03-23,5.09,5.09,4.7,4.88,-0.24,-4.69%,101400
BMEA,2022-03-24,4.86,4.88,4.67,4.75,-0.13,-2.66%,52000
BMEA,2022-03-25,4.78,4.78,4.465,4.54,-0.21,-4.42%,53500
BMEA,2022-03-28,4.53,4.57,4.12,4.46,-0.08,-1.76%,80900
BMEA,2022-03-29,4.49,4.67,4.3,4.46,0,0.00%,74800
BMEA,2022-03-30,4.47,4.55,4.31,4.39,-0.07,-1.57%,72800
BMEA,2022-03-31,4.4,4.5,4.37,4.46,0.07,+1.59%,85800
BMEA,2022-04-01,4.44,4.485,4.33,4.41,-0.05,-1.12%,146700
BMEA,2022-04-04,4.51,4.77,4.425,4.72,0.31,+7.03%,112900
BMEA,2022-04-05,4.78,4.87,4.51,4.59,-0.13,-2.75%,46900
BMEA,2022-04-06,4.6,4.66,4.44,4.55,-0.04,-0.87%,80000
BMEA,2022-04-07,4.59,4.63,4.41,4.57,0.02,+0.44%,108800
BMEA,2022-04-08,4.57,4.63,4.525,4.58,0.01,+0.22%,94000
BMEA,2022-04-11,4.55,4.63,4.44,4.56,-0.02,-0.44%,68400
BMEA,2022-04-12,4.6,4.665,4.41,4.6,0.04,+0.88%,86800
BMEA,2022-04-13,4.59,4.775,4.55,4.59,-0.01,-0.22%,42900
BMEA,2022-04-14,4.64,4.73,4.495,4.55,-0.04,-0.87%,82900
BMEA,2022-04-18,4.53,4.53,4.08,4.19,-0.36,-7.91%,161800
BMEA,2022-04-19,4.1399,4.26,4.035,4.16,-0.03,-0.72%,83100
BMEA,2022-04-20,4.16,4.275,4.01,4.08,-0.08,-1.92%,66500
BMEA,2022-04-21,4.11,4.11,3.605,3.66,-0.42,-10.29%,55900
BMEA,2022-04-22,3.63,3.6499,3.15,3.22,-0.44,-12.02%,99300
BMEA,2022-04-25,3.24,3.27,3.095,3.26,0.04,+1.24%,72700
BMEA,2022-04-26,3.2,3.22,2.96,3.07,-0.19,-5.83%,154900
BMEA,2022-04-27,3.06,3.16,3,3.07,0,0.00%,82400
BMEA,2022-04-28,3.14,3.3237,3.06,3.27,0.2,+6.51%,98100
BMEA,2022-04-29,3.22,3.33,2.97,3,-0.27,-8.26%,112200
BMEA,2022-05-02,2.96,3.1,2.84,3,0,0.00%,289300
BMEA,2022-05-03,2.99,3.59,2.99,3.54,0.54,+18.00%,212500
BMEA,2022-05-04,3.54,3.919,3.49,3.89,0.35,+9.89%,141000
BMEA,2022-05-05,3.87,3.93,3.64,3.72,-0.17,-4.37%,80000
BMEA,2022-05-06,3.74,4.09,3.57,4.01,0.29,+7.80%,101500
BMEA,2022-05-09,4.09,4.09,3.87,3.97,-0.04,-1.00%,226000
BMEA,2022-05-10,3.98,4.8,3.955,4.54,0.57,+14.36%,288300
BMEA,2022-05-11,4.5,4.58,3.85,4.1,-0.44,-9.69%,386300
BMEA,2022-05-12,4.01,5.07,4.01,4.19,0.09,+2.20%,285700
BMEA,2022-05-13,4.17,4.325,3.8,3.86,-0.33,-7.88%,400800
BMEA,2022-05-16,3.81,4,3.45,3.88,0.02,+0.52%,185400
BMEA,2022-05-17,3.99,5.45,3.94,5.22,1.34,+34.54%,1261000
BMEA,2022-05-18,5.2,5.41,5.07,5.19,-0.03,-0.57%,245400
BMEA,2022-05-19,5.18,6.14,5.18,6.03,0.84,+16.18%,322500
BMEA,2022-05-20,6,6.56,5.79,6.54,0.51,+8.46%,197500
BMEA,2022-05-23,6.46,6.5054,5.38,5.73,-0.81,-12.39%,227400
BMEA,2022-05-24,5.64,5.82,5.48,5.62,-0.11,-1.92%,83400
BMEA,2022-05-25,5.54,5.54,5.07,5.19,-0.43,-7.65%,89800
BMEA,2022-05-26,5.22,5.39,5.08,5.2,0.01,+0.19%,59000
BMEA,2022-05-27,5.26,5.82,5.22,5.81,0.61,+11.73%,100300
BMEA,2022-05-31,5.79,5.8,5.2907,5.49,-0.32,-5.51%,84400
BMEA,2022-06-01,5.47,5.56,4.41,4.45,-1.04,-18.94%,194400
BMEA,2022-06-02,4.56,4.91,4.53,4.79,0.34,+7.64%,79600
BMEA,2022-06-03,4.83,5.53,4.74,5.34,0.55,+11.48%,116300
BMEA,2022-06-06,5.32,5.529,5.161,5.38,0.04,+0.75%,102600
BMEA,2022-06-07,5.41,7.4,5.303,6.97,1.59,+29.55%,297500
BMEA,2022-06-08,6.81,7.69,6.74,7.41,0.44,+6.31%,206600
BMEA,2022-06-09,7.46,8.7,7.1363,8.58,1.17,+15.79%,255300
BMEA,2022-06-10,8.39,8.65,7.83,8.43,-0.15,-1.75%,178800
BMEA,2022-06-13,8.5,9.48,8.48,8.91,0.48,+5.69%,314300
BMEA,2022-06-14,9.18,9.38,8.4401,8.54,-0.37,-4.15%,119200
BMEA,2022-06-15,8.57,8.9,8.48,8.77,0.23,+2.69%,111900
BMEA,2022-06-16,8.85,8.85,8.22,8.46,-0.31,-3.53%,231200
BMEA,2022-06-17,8.54,9.28,8.53,8.75,0.29,+3.43%,178100
BMEA,2022-06-21,8.93,9.22,8.725,8.95,0.2,+2.29%,208200
BMEA,2022-06-22,8.64,10.26,8.32,10.2,1.25,+13.97%,433600
BMEA,2022-06-23,10.39,11.15,10.2111,11.14,0.94,+9.22%,376800
BMEA,2022-06-24,11.22,11.99,10.48,11.95,0.81,+7.27%,2654200
BMEA,2022-06-27,11.8,12.1,11.355,12.03,0.08,+0.67%,264700
BMEA,2022-06-28,12.03,12.1,11.13,11.13,-0.9,-7.48%,143100
BMEA,2022-06-29,11.27,11.695,10.75,11.4,0.27,+2.43%,140400
BMEA,2022-06-30,11.62,12.27,11.2275,11.98,0.58,+5.09%,297500
BMEA,2022-07-01,11.93,11.93,10.67,11.15,-0.83,-6.93%,134300
BMEA,2022-07-05,10.85,11.46,10.28,11.28,0.13,+1.17%,100200
BMEA,2022-07-06,11.46,11.9989,10.62,11.44,0.16,+1.42%,133200
BMEA,2022-07-07,11.36,11.5,10.69,11.44,0,0.00%,73500
BMEA,2022-07-08,11.38,12.095,11.36,11.78,0.34,+2.97%,260800
BMEA,2022-07-11,11.99,12.92,9.67,11.55,-0.23,-1.95%,385200
BMEA,2022-07-12,11.45,12.1,11.32,11.93,0.38,+3.29%,120900
BMEA,2022-07-13,11.54,12.1,11.2,11.22,-0.71,-5.95%,170100
BMEA,2022-07-14,11.2,11.9,11.2,11.79,0.57,+5.08%,99480
BMEA,2022-07-15,11.97,12.82,11.67,12.06,0.27,+2.29%,295800
BMEA,2022-07-18,12.41,12.48,10.41,10.9,-1.16,-9.62%,229500
BMEA,2022-07-19,11,11.2251,10.51,10.73,-0.17,-1.56%,136300
BMEA,2022-07-20,10.77,11.37,10.77,11.06,0.33,+3.08%,126300
BMEA,2022-07-21,11.16,11.99,11.16,11.85,0.79,+7.14%,119700
BMEA,2022-07-22,12.01,12.01,10.99,11.07,-0.78,-6.58%,61100
BMEA,2022-07-25,11.16,11.5047,10.69,11.04,-0.03,-0.27%,61500
BMEA,2022-07-26,10.98,11.5499,10.71,11.07,0.03,+0.27%,66700
BMEA,2022-07-27,11.17,11.32,10.67,11.26,0.19,+1.72%,78800
BMEA,2022-07-28,11.37,11.6799,10.78,11.43,0.17,+1.51%,64100
BMEA,2022-07-29,11.4,11.4,10.485,10.6,-0.83,-7.26%,73700
BMEA,2022-08-01,10.51,11.18,10.44,10.5,-0.1,-0.94%,91200
BMEA,2022-08-02,10.4,11.28,10.35,10.95,0.45,+4.29%,92100
BMEA,2022-08-03,11.1,11.525,10.94,10.95,0,0.00%,95200
BMEA,2022-08-04,11.02,11.16,10.64,11.04,0.09,+0.82%,78300
BMEA,2022-08-05,11.16,11.91,10.94,11.85,0.81,+7.34%,133600
BMEA,2022-08-08,11.86,12.09,11.49,11.72,-0.13,-1.10%,60000
BMEA,2022-08-09,11.52,11.76,11.04,11.67,-0.05,-0.43%,52500
BMEA,2022-08-10,11.99,12.675,11.62,11.92,0.25,+2.14%,251700
BMEA,2022-08-11,12.15,12.58,11.39,11.5,-0.42,-3.52%,154600
BMEA,2022-08-12,11.5,12.21,11.27,11.935,0.435,+3.78%,138300
BMEA,2022-08-15,12.56,12.56,11.56,12.27,0.335,+2.81%,154100
BMEA,2022-08-16,12.37,14.2,12.0131,13.61,1.34,+10.92%,698300
BMEA,2022-08-17,13.39,13.81,9.81,10.6,-3.01,-22.12%,568300
BMEA,2022-08-18,10.6,11.36,10.55,11.11,0.51,+4.81%,123800
BMEA,2022-08-19,11.08,11.145,10.5127,10.65,-0.46,-4.14%,139300
BMEA,2022-08-22,10.48,10.98,10.3,10.73,0.08,+0.75%,161100
BMEA,2022-08-23,10.73,11.92,10.37,11.9,1.17,+10.90%,45200
BMEA,2022-08-24,11.84,12.45,11.8168,12.16,0.26,+2.18%,146100
BMEA,2022-08-25,12.16,12.84,12.01,12.51,0.35,+2.88%,125200
BMEA,2022-08-26,12.79,12.79,12.01,12.24,-0.27,-2.16%,78200
BMEA,2022-08-29,12.07,12.455,11.74,11.74,-0.5,-4.08%,61400
BMEA,2022-08-30,11.82,11.82,10.92,11.06,-0.68,-5.79%,61100
BMEA,2022-08-31,11.08,11.62,10.502,11.5,0.44,+3.98%,92100
BMEA,2022-09-01,11.21,12.33,10.77,11.99,0.49,+4.26%,53500
BMEA,2022-09-02,12,12.52,11.69,12.31,0.32,+2.67%,66700
BMEA,2022-09-06,12.45,12.78,12.02,12.26,-0.05,-0.41%,198800
BMEA,2022-09-07,12.17,12.37,11.88,12.16,-0.1,-0.82%,65100
BMEA,2022-09-08,12.08,12.29,11.66,12.02,-0.14,-1.15%,137200
BMEA,2022-09-09,12.12,13.54,12.12,13.28,1.26,+10.48%,174200
BMEA,2022-09-12,13.21,13.5,12.4222,13.31,0.03,+0.23%,69700
BMEA,2022-09-13,13.03,13.5,12.5847,13.3,-0.01,-0.08%,70500
BMEA,2022-09-14,13.22,13.5,12.49,12.67,-0.63,-4.74%,127300
BMEA,2022-09-15,12.56,12.93,12.31,12.44,-0.23,-1.82%,65100
BMEA,2022-09-16,12.14,12.14,11.04,11.63,-0.81,-6.51%,369600
BMEA,2022-09-19,11.45,11.7,11.02,11.11,-0.52,-4.47%,60300
BMEA,2022-09-20,11.09,11.68,11.08,11.32,0.21,+1.89%,124000
BMEA,2022-09-21,11.27,11.46,11.025,11.16,-0.16,-1.41%,65500
BMEA,2022-09-22,11.08,11.37,10.8996,11.01,-0.15,-1.34%,29000
BMEA,2022-09-23,10.78,10.98,10.41,10.51,-0.5,-4.54%,118200
BMEA,2022-09-26,10.53,10.73,10.13,10.26,-0.25,-2.38%,75000
BMEA,2022-09-27,10.32,10.46,9.92,10.12,-0.14,-1.36%,87800
BMEA,2022-09-28,10.11,10.455,9.8512,9.99,-0.13,-1.28%,86800
BMEA,2022-09-29,10.09,10.09,9.1,9.51,-0.48,-4.80%,128800
BMEA,2022-09-30,9.28,10.19,9.22,9.78,0.27,+2.84%,526100
BMEA,2022-10-03,9.83,10.8,9.75,10.08,0.3,+3.07%,61700
BMEA,2022-10-04,10.42,10.44,9.98,10.13,0.05,+0.50%,38500
BMEA,2022-10-05,9.74,10.51,9.7,10.35,0.22,+2.17%,43000
BMEA,2022-10-06,10.27,10.46,9.88,10.28,-0.07,-0.68%,53800
BMEA,2022-10-07,10.31,10.31,9.47,9.47,-0.81,-7.88%,60000
BMEA,2022-10-10,9.47,9.865,9.295,9.43,-0.04,-0.42%,20100
BMEA,2022-10-11,9.16,9.76,9.16,9.51,0.08,+0.85%,87100
BMEA,2022-10-12,9.5,9.54,9,9.2,-0.31,-3.26%,76200
BMEA,2022-10-13,9,9.4793,9,9.36,0.16,+1.74%,44300
BMEA,2022-10-14,9.53,9.75,9.02,9.05,-0.31,-3.31%,47000
BMEA,2022-10-17,8.93,9.37,8.93,9.3,0.25,+2.76%,59300
BMEA,2022-10-18,9.42,9.45,9.0679,9.39,0.09,+0.97%,44300
BMEA,2022-10-19,9.37,9.46,8.9,9.01,-0.38,-4.05%,47200
BMEA,2022-10-20,9.11,9.2,8.75,8.82,-0.19,-2.11%,36200
BMEA,2022-10-21,8.9,9.37,8.5,9.12,0.3,+3.40%,62600
BMEA,2022-10-24,9.16,9.4,8.985,9.2,0.08,+0.88%,80900
BMEA,2022-10-25,9.2,9.845,9.18,9.6,0.4,+4.35%,37600
BMEA,2022-10-26,9.68,10,9.675,9.81,0.21,+2.19%,24800
BMEA,2022-10-27,9.91,9.91,9.4,9.56,-0.25,-2.55%,20700
BMEA,2022-10-28,9.57,10.37,9.3483,10.28,0.72,+7.53%,48500
BMEA,2022-10-31,10.04,11.22,10.04,11,0.72,+7.00%,52700
BMEA,2022-11-01,11.29,11.82,10.92,11.41,0.41,+3.73%,81100
BMEA,2022-11-02,11.58,12.09,10.71,11.31,-0.1,-0.88%,80200
BMEA,2022-11-03,11.01,12.12,11.01,11.6,0.29,+2.56%,77700
BMEA,2022-11-04,11.91,12.23,11.09,11.21,-0.39,-3.36%,73600
BMEA,2022-11-07,11.13,11.47,10.07,10.07,-1.14,-10.17%,157900
BMEA,2022-11-08,9.83,10.16,9.43,9.46,-0.61,-6.06%,57500
BMEA,2022-11-09,9.34,9.8,8.82,8.91,-0.55,-5.81%,23000
BMEA,2022-11-10,9.14,9.14,8.29,8.43,-0.48,-5.39%,60800
BMEA,2022-11-11,8.29,8.35,7.44,7.91,-0.52,-6.17%,157400
BMEA,2022-11-14,7.87,8.15,7.85,7.97,0.06,+0.76%,96400
BMEA,2022-11-15,8.3,8.3,7.63,8.06,0.09,+1.13%,112500
BMEA,2022-11-16,7.98,8.07,7.51,7.6,-0.46,-5.71%,111300
BMEA,2022-11-17,7.54,7.64,7.25,7.27,-0.33,-4.34%,156400
BMEA,2022-11-18,7.45,7.63,7.04,7.36,0.09,+1.24%,41700
BMEA,2022-11-21,7.44,7.7,7.195,7.49,0.13,+1.77%,83800
BMEA,2022-11-22,7.57,7.99,7.1,7.45,-0.04,-0.53%,50100
BMEA,2022-11-23,7.45,7.7,7.11,7.36,-0.09,-1.21%,45700
BMEA,2022-11-25,7.31,7.5758,7.04,7.36,0,0.00%,12600
BMEA,2022-11-28,7.26,7.77,7.05,7.18,-0.18,-2.45%,72900
BMEA,2022-11-29,7.18,7.66,6.92,7.02,-0.16,-2.23%,26200
BMEA,2022-11-30,7.12,7.59,6.84,7.19,0.17,+2.42%,99200
BMEA,2022-12-01,7.28,7.285,6.98,7.16,-0.03,-0.42%,62500
BMEA,2022-12-02,7.09,7.13,6.88,6.96,-0.2,-2.79%,67500
BMEA,2022-12-05,6.96,6.96,6.61,6.77,-0.19,-2.73%,70400
BMEA,2022-12-06,6.78,6.93,6.61,6.72,-0.05,-0.74%,32400
BMEA,2022-12-07,6.77,6.77,6.25,6.36,-0.36,-5.36%,35900
BMEA,2022-12-08,6.38,6.55,6.07,6.3,-0.06,-0.94%,30600
BMEA,2022-12-09,6.24,6.465,6.04,6.35,0.05,+0.79%,37300
BMEA,2022-12-12,6.48,6.8251,6.325,6.63,0.28,+4.41%,28900
BMEA,2022-12-13,6.92,7.37,6.63,7.21,0.58,+8.75%,120200
BMEA,2022-12-14,7.22,7.32,6.95,7.32,0.11,+1.53%,99000
BMEA,2022-12-15,7.57,7.6072,6.96,7.47,0.15,+2.05%,51700
BMEA,2022-12-16,7.5,8.09,7.21,8.06,0.59,+7.90%,104000
BMEA,2022-12-19,8,8.11,7.77,7.91,-0.15,-1.86%,92600
BMEA,2022-12-20,8,8.68,8,8.61,0.7,+8.85%,69500
BMEA,2022-12-21,8.56,8.77,8.31,8.42,-0.19,-2.21%,52500
BMEA,2022-12-22,8.41,8.97,8.01,8.37,-0.05,-0.59%,83100
BMEA,2022-12-23,8.09,8.42,7.51,7.77,-0.6,-7.17%,92600
BMEA,2022-12-27,7.85,7.85,7.1,7.32,-0.45,-5.79%,58101
BMEA,2022-12-28,7.35,7.46,7,7.33,0.01,+0.14%,52400
BMEA,2022-12-29,7.45,8.505,7.45,8.39,1.06,+14.46%,91600
BMEA,2022-12-30,8.43,8.91,8.07,8.43,0.04,+0.48%,308700
BMEA,2023-01-03,8.43,8.82,8.105,8.48,0.05,+0.59%,61100
BMEA,2023-01-04,8.65,8.65,7.66,7.66,-0.82,-9.67%,32000
BMEA,2023-01-05,7.51,7.65,7.2,7.5,-0.16,-2.09%,37100
BMEA,2023-01-06,7.22,7.685,7.05,7.05,-0.45,-6.00%,23100
BMEA,2023-01-09,6.93,7.24,6.8,6.8,-0.25,-3.55%,66200
BMEA,2023-01-10,6.8,7.4699,6.74,6.84,0.04,+0.59%,93000
BMEA,2023-01-11,6.84,7.41,6.63,7.01,0.17,+2.49%,72700
BMEA,2023-01-12,7.01,7.28,7.01,7.22,0.21,+3.00%,30600
BMEA,2023-01-13,7.71,8.03,7.31,7.44,0.22,+3.05%,167800
BMEA,2023-01-17,7.4,8.9,7.305,8.31,0.87,+11.69%,57500
BMEA,2023-01-18,8.31,9.94,8.31,9.39,1.08,+13.00%,58900
BMEA,2023-01-19,9.37,9.79,8.95,9.14,-0.25,-2.66%,67000
BMEA,2023-01-20,9.06,9.96,8.71,9.82,0.68,+7.44%,43200
BMEA,2023-01-23,9.82,9.8866,8.92,9.17,-0.65,-6.62%,52700
BMEA,2023-01-24,9.17,9.29,8.7,8.84,-0.33,-3.60%,35000
BMEA,2023-01-25,8.8,8.99,8.04,8.6,-0.24,-2.71%,46300
BMEA,2023-01-26,8.65,9.02,8.22,8.945,0.345,+4.01%,40900
BMEA,2023-01-27,8.72,9.38,8.52,9.24,0.295,+3.30%,51500
BMEA,2023-01-30,9.32,9.9,9,9.69,0.45,+4.87%,41500
BMEA,2023-01-31,9.95,10.04,9.48,9.52,-0.17,-1.75%,31200
BMEA,2023-02-01,9.53,9.764,9.2264,9.55,0.03,+0.32%,18300
BMEA,2023-02-02,9.53,9.99,9.1,9.42,-0.13,-1.36%,40900
BMEA,2023-02-03,9.61,9.77,8.88,9.53,0.11,+1.17%,55700
BMEA,2023-02-06,9.55,10,9.2567,9.84,0.31,+3.25%,30600
BMEA,2023-02-07,9.51,9.93,9.16,9.25,-0.59,-6.00%,78700
BMEA,2023-02-08,9.11,9.46,9.08,9.39,0.14,+1.51%,23500
BMEA,2023-02-09,9,9.92,9,9.89,0.5,+5.32%,49200
BMEA,2023-02-10,10,10.28,9.715,10.05,0.16,+1.62%,86600
BMEA,2023-02-13,10.03,10.5,9.9,10.5,0.45,+4.48%,50600
BMEA,2023-02-14,10.5,11.16,10.3,10.58,0.08,+0.76%,133200
BMEA,2023-02-15,10.44,10.75,9.9826,10.59,0.01,+0.09%,28100
BMEA,2023-02-16,10.43,10.49,10.07,10.49,-0.1,-0.94%,39100
BMEA,2023-02-17,10.44,11.22,10.26,11,0.51,+4.86%,48300
BMEA,2023-02-21,11.08,11.21,10.74,10.85,-0.15,-1.36%,69800
BMEA,2023-02-22,10.93,10.99,10.575,10.99,0.14,+1.29%,35600
BMEA,2023-02-23,10.99,11.3,10.84,11,0.01,+0.09%,97100
BMEA,2023-02-24,10.98,11.71,10.91,11.62,0.62,+5.64%,316800
BMEA,2023-02-27,11.8,12.66,11.8,12.59,0.97,+8.35%,87800
BMEA,2023-02-28,12.76,13.35,12.585,12.84,0.25,+1.99%,157800
BMEA,2023-03-01,13.11,14.22,12.4692,14.15,1.31,+10.20%,92100
BMEA,2023-03-02,13.81,14.24,11.62,13,-1.15,-8.13%,236900
BMEA,2023-03-03,13,14.1,13,13.63,0.63,+4.85%,151801
BMEA,2023-03-06,13.9,13.95,12.44,13.26,-0.37,-2.71%,125400
BMEA,2023-03-07,13.34,13.9,12.755,13.58,0.32,+2.41%,78100
BMEA,2023-03-08,13.79,14.8469,13.445,14.49,0.91,+6.70%,87000
BMEA,2023-03-09,14.65,14.88,13.0335,14.7,0.21,+1.45%,170700
BMEA,2023-03-10,14.64,14.64,11.9877,13,-1.7,-11.56%,302901
BMEA,2023-03-13,13.07,14.14,11.7553,14.02,1.02,+7.85%,120200
BMEA,2023-03-14,14.38,15.74,14.21,15.6,1.58,+11.27%,213700
BMEA,2023-03-15,16.03,16.7362,14.86,15.48,-0.12,-0.77%,149200
BMEA,2023-03-16,15.48,16.23,15.2,15.51,0.03,+0.19%,106200
BMEA,2023-03-17,15.43,16.23,15,15.35,-0.16,-1.03%,258900
BMEA,2023-03-20,15.4,15.415,14.8,15.16,-0.19,-1.24%,142500
BMEA,2023-03-21,15.25,15.4,14.16,15.23,0.07,+0.46%,153100
BMEA,2023-03-22,15,16.0094,14.69,15.01,-0.22,-1.44%,344800
BMEA,2023-03-23,15.01,16.21,15,15.8,0.79,+5.26%,186100
BMEA,2023-03-24,15.95,16.01,15.17,15.425,-0.375,-2.37%,259200
BMEA,2023-03-27,15.69,17.68,15.39,15.43,0.005,+0.03%,328700
BMEA,2023-03-28,23,31.54,21.73,30.71,15.28,+99.03%,18312400
BMEA,2023-03-29,32.37,36.68,29.51,32.35,1.64,+5.34%,6147800
BMEA,2023-03-30,32.08,33.79,30.4,31.95,-0.4,-1.24%,4363300
BMEA,2023-03-31,31.92,32.1399,30.375,31.01,-0.94,-2.94%,1847300
BMEA,2023-04-03,31.01,31.41,27.345,28,-3.01,-9.71%,1847300
BMEA,2023-04-04,28.58,28.84,26.3,26.56,-1.44,-5.14%,1420400
BMEA,2023-04-05,26.36,27.8896,25.18,25.91,-0.65,-2.45%,991800
BMEA,2023-04-06,26,26.5215,25.17,26,0.09,+0.35%,1128900
BMEA,2023-04-10,25.73,26.37,24.8325,24.86,-1.14,-4.38%,672700
BMEA,2023-04-11,25.01,29.07,25.01,27.4,2.54,+10.22%,1132000
BMEA,2023-04-12,27.39,27.39,24.75,25.02,-2.38,-8.69%,747400
BMEA,2023-04-13,25.14,27.05,24.5924,25.84,0.82,+3.28%,814200
BMEA,2023-04-14,25.96,25.96,23.7101,23.98,-1.86,-7.20%,613200
BMEA,2023-04-17,23.92,26.055,23.9,24.995,1.015,+4.23%,853500
BMEA,2023-04-18,25.03,26.78,24.5,26,1.005,+4.02%,1029100
BMEA,2023-04-19,26.8,28.485,26.15,27.5,1.5,+5.77%,1026600
BMEA,2023-04-20,27.23,29.5,26.62,29.28,1.78,+6.47%,1072500
BMEA,2023-04-21,29.21,30.43,26.97,30.43,1.15,+3.93%,732500
BMEA,2023-04-24,30.64,30.64,29,30,-0.43,-1.41%,884100
BMEA,2023-04-25,30.35,30.35,29.16,30.19,0.19,+0.63%,319800
BMEA,2023-04-26,30.1,31.7885,29.54,31.03,0.84,+2.78%,505600
BMEA,2023-04-27,31.2,31.4479,28.32,28.485,-2.545,-8.20%,485500
BMEA,2023-04-28,28.01,29.53,27.27,29.47,0.985,+3.46%,513400
BMEA,2023-05-01,29.63,32.41,29.08,31.71,2.24,+7.60%,671500
BMEA,2023-05-02,31.54,32,28.76,29,-2.71,-8.55%,446200
BMEA,2023-05-03,29.9,31.1292,28.72,30.67,1.67,+5.76%,511300
BMEA,2023-05-04,30.6,32.35,29.735,32.01,1.34,+4.37%,541400
BMEA,2023-05-05,32.02,33.7699,31.4,32.52,0.51,+1.59%,578800
BMEA,2023-05-08,32.96,34.96,32.5,33.35,0.83,+2.55%,728400
BMEA,2023-05-09,33.13,35.89,33.11,33.74,0.39,+1.17%,552100
BMEA,2023-05-10,33.76,34.8,32.79,32.98,-0.76,-2.25%,318800
BMEA,2023-05-11,32.54,33.23,31.7,32.1,-0.88,-2.67%,312200
BMEA,2023-05-12,33.4,34.86,32.75,33.99,1.89,+5.89%,389100
BMEA,2023-05-15,34.33,35.905,33.58,33.96,-0.03,-0.09%,421100
BMEA,2023-05-16,33.79,34,31.4608,32.89,-1.07,-3.15%,303100
BMEA,2023-05-17,32.76,33.54,31.96,32.89,0,0.00%,330100
BMEA,2023-05-18,32.89,34.02,31.19,32.13,-0.76,-2.31%,336500
BMEA,2023-05-19,32.09,33.16,31.0315,31.7,-0.43,-1.34%,223800
BMEA,2023-05-22,31.7,32.85,30.77,31.63,-0.07,-0.22%,458100
BMEA,2023-05-23,31.64,32.76,30.61,31.05,-0.58,-1.83%,358800
BMEA,2023-05-24,30.79,32.98,30.605,32.74,1.69,+5.44%,353900
BMEA,2023-05-25,32.77,33.19,31.015,31.49,-1.25,-3.82%,543700
BMEA,2023-05-26,31.39,32.555,30.5501,31.43,-0.06,-0.19%,341100
BMEA,2023-05-30,31.25,34.32,30.501,33.86,2.43,+7.73%,416900
BMEA,2023-05-31,33.88,34.93,32.82,33.96,0.1,+0.30%,1131400
BMEA,2023-06-01,33.95,35.84,33.29,35.66,1.7,+5.01%,515300
BMEA,2023-06-02,36.69,36.7,35.03,35.8,0.14,+0.39%,464000
BMEA,2023-06-05,35.13,37.74,35.13,37.54,1.74,+4.86%,657200
BMEA,2023-06-06,37.54,39.17,37.54,38.24,0.7,+1.86%,1144600
BMEA,2023-06-07,38.39,39.96,38.125,39.73,1.49,+3.90%,973400
BMEA,2023-06-08,40.2,43.69,39.74,41.8,2.07,+5.21%,1558600
BMEA,2023-06-09,41.8,43,40.35,40.9,-0.9,-2.15%,1089600
BMEA,2023-06-12,41.22,41.6899,40.17,40.19,-0.71,-1.74%,641600
BMEA,2023-06-13,40.15,40.68,39.23,39.77,-0.42,-1.05%,761700
BMEA,2023-06-14,39.62,40.83,38.7,38.9,-0.87,-2.19%,659000
BMEA,2023-06-15,38.84,38.84,35.84,36.82,-2.08,-5.35%,995300
BMEA,2023-06-16,36.71,36.85,34.36,34.95,-1.87,-5.08%,3917300
BMEA,2023-06-20,34.59,37.09,34.59,36.47,1.52,+4.35%,854800
BMEA,2023-06-21,36.04,36.95,34.0501,35.185,-1.285,-3.52%,674000
BMEA,2023-06-22,35,36.3571,32.56,32.59,-2.595,-7.38%,1544800
BMEA,2023-06-23,32.27,32.33,29.85,30.67,-1.92,-5.89%,3813500
BMEA,2023-06-26,33,33,23.31,24.415,-6.255,-20.39%,5482300
BMEA,2023-06-27,24.61,24.61,21.46,21.85,-2.565,-10.51%,2638600
BMEA,2023-06-28,21.89,23.3,21.65,22.81,0.96,+4.39%,1500900
BMEA,2023-06-29,22.56,23.42,21.15,21.66,-1.15,-5.04%,1230900
BMEA,2023-06-30,21.82,22.64,21.53,21.95,0.29,+1.34%,784200
BMEA,2023-07-03,21.42,21.98,20.86,21.44,-0.51,-2.32%,453400
BMEA,2023-07-05,21.44,22.85,21.1735,22.45,1.01,+4.71%,772900
BMEA,2023-07-06,21.93,22.12,21.39,21.55,-0.9,-4.01%,686900
BMEA,2023-07-07,21.67,22.02,20.8118,21.91,0.36,+1.67%,469300
BMEA,2023-07-10,22.01,22.76,21.42,21.68,-0.23,-1.05%,525300
BMEA,2023-07-11,21.41,21.4825,20.8,21,-0.68,-3.14%,496700
BMEA,2023-07-12,21.18,21.5,20.86,21.4,0.4,+1.90%,420700
BMEA,2023-07-13,21.56,22.35,21.09,22.16,0.76,+3.55%,427900
BMEA,2023-07-14,22.1,23.12,21.91,23.02,0.86,+3.88%,447000
BMEA,2023-07-17,23.21,23.92,22.63,22.7,-0.32,-1.39%,416100
BMEA,2023-07-18,22.79,22.79,21.68,22.01,-0.69,-3.04%,404100
BMEA,2023-07-19,22.13,22.25,21.2,21.38,-0.63,-2.86%,357600
BMEA,2023-07-20,21.45,21.75,20.945,21.25,-0.13,-0.61%,306000
BMEA,2023-07-21,21.4,22.18,21.26,21.53,0.28,+1.32%,338100
BMEA,2023-07-24,23,23.07,17.99,18.39,-3.14,-14.58%,2050700
BMEA,2023-07-25,18.39,20.735,18.39,19.8,1.41,+7.67%,700800
BMEA,2023-07-26,19.41,20.096,19.231,19.31,-0.49,-2.47%,435500
BMEA,2023-07-27,20.04,20.84,19.4,20.65,1.34,+6.94%,635900
BMEA,2023-07-28,20.66,21.84,20.62,21.28,0.63,+3.05%,336100
BMEA,2023-07-31,21.32,22.33,21.01,22.25,0.97,+4.56%,497600
BMEA,2023-08-01,22.31,23.03,20.12,20.76,-1.49,-6.70%,567200
BMEA,2023-08-02,20.61,20.71,18.87,19.2,-1.56,-7.51%,650900
BMEA,2023-08-03,19.13,19.52,18.6156,18.98,-0.22,-1.15%,399700
BMEA,2023-08-04,18.96,19.785,18.96,19.31,0.33,+1.74%,323500
BMEA,2023-08-07,19.12,19.64,17.91,18.29,-1.02,-5.28%,429200
BMEA,2023-08-08,18.42,19.09,18.25,18.47,0.18,+0.98%,460400
BMEA,2023-08-09,18.39,18.84,17.78,18.21,-0.26,-1.41%,584700
BMEA,2023-08-10,18.22,18.925,18.215,18.55,0.34,+1.87%,277200
BMEA,2023-08-11,18.38,18.78,18.12,18.75,0.2,+1.08%,255500
BMEA,2023-08-14,18.5,19.19,18.19,18.82,0.07,+0.37%,353200
BMEA,2023-08-15,18.86,19.159,18.38,19.05,0.23,+1.22%,335400
BMEA,2023-08-16,18.94,19.065,16.9,16.915,-2.135,-11.21%,483400
BMEA,2023-08-17,16.92,17.24,16.07,16.915,0,0.00%,340500
BMEA,2023-08-18,16.66,17.11,16.4,16.47,-0.445,-2.63%,454300
BMEA,2023-08-21,16.55,17.14,16.52,16.91,0.44,+2.67%,310900
BMEA,2023-08-22,16.91,16.95,16.37,16.88,-0.03,-0.18%,217300
BMEA,2023-08-23,16.91,17.54,16.89,16.94,0.06,+0.36%,317300
BMEA,2023-08-24,17,17.03,16.08,16.25,-0.69,-4.07%,287400
BMEA,2023-08-25,16.25,16.72,16.08,16.23,-0.02,-0.12%,288100
BMEA,2023-08-28,16.3,16.55,16.08,16.25,0.02,+0.12%,225300
BMEA,2023-08-29,16.13,16.525,15.895,16.23,-0.02,-0.12%,260100
BMEA,2023-08-30,16.25,16.56,15.95,16.56,0.33,+2.03%,338500
BMEA,2023-08-31,16.56,16.99,16.41,16.87,0.31,+1.87%,315700
BMEA,2023-09-01,16.88,17.35,16.8,17.13,0.26,+1.54%,303200
BMEA,2023-09-05,17.18,17.61,16.605,16.69,-0.44,-2.57%,439900
BMEA,2023-09-06,16.81,17.17,16.26,17.08,0.39,+2.34%,281800
BMEA,2023-09-07,16.89,17.18,16.13,16.86,-0.22,-1.29%,431700
BMEA,2023-09-08,16.93,16.93,16.32,16.34,-0.52,-3.08%,370900
BMEA,2023-09-11,16.47,16.695,16.11,16.18,-0.16,-0.98%,478400
BMEA,2023-09-12,16.1,16.25,14.56,14.71,-1.47,-9.09%,495700
BMEA,2023-09-13,14.71,15.28,14.71,14.805,0.095,+0.65%,375600
BMEA,2023-09-14,14.84,14.84,13.76,14.4,-0.405,-2.74%,824600
BMEA,2023-09-15,14.41,15.37,13.995,15.16,0.76,+5.28%,2182200
BMEA,2023-09-18,15.01,15.22,14.345,15.03,-0.13,-0.86%,518700
BMEA,2023-09-19,15.04,15.05,14.68,15,-0.03,-0.20%,366100
BMEA,2023-09-20,14.92,14.92,13.83,13.86,-1.14,-7.60%,433300
BMEA,2023-09-21,13.77,14.08,13.49,14.01,0.15,+1.08%,403700
BMEA,2023-09-22,14.01,14.81,13.48,14.62,0.61,+4.35%,420000
BMEA,2023-09-25,14.39,14.66,13.62,14.08,-0.54,-3.69%,836300
BMEA,2023-09-26,14.01,14.43,13.83,14,-0.08,-0.57%,328800
BMEA,2023-09-27,14.07,14.33,13.62,13.89,-0.11,-0.79%,408400
BMEA,2023-09-28,13.72,14.03,13.01,13.44,-0.45,-3.24%,397600
BMEA,2023-09-29,13.55,13.94,13.29,13.76,0.32,+2.38%,591500
BMEA,2023-10-02,13.86,13.9386,12.51,12.71,-1.05,-7.63%,527400
BMEA,2023-10-03,12.62,13.19,12.32,12.89,0.18,+1.42%,360900
BMEA,2023-10-04,12.78,12.835,11.88,12.18,-0.71,-5.51%,366900
BMEA,2023-10-05,12.25,12.27,11.56,12.16,-0.02,-0.16%,853500
BMEA,2023-10-06,12.02,12.73,11.91,12.64,0.48,+3.95%,508600
BMEA,2023-10-09,12.43,12.69,11.91,12.46,-0.18,-1.42%,331300
BMEA,2023-10-10,12.46,12.555,12.08,12.12,-0.34,-2.73%,278700
BMEA,2023-10-11,12.11,12.25,10.9,11.39,-0.73,-6.02%,334200
BMEA,2023-10-12,11.5,11.55,10.73,10.76,-0.63,-5.53%,527500
BMEA,2023-10-13,10.75,10.75,10.24,10.64,-0.12,-1.12%,380000
BMEA,2023-10-16,10.64,10.86,10.1,10.71,0.07,+0.66%,310600
BMEA,2023-10-17,10.71,11.645,10.71,11.43,0.72,+6.72%,404700
BMEA,2023-10-18,11.27,11.42,10.9284,11.19,-0.24,-2.10%,334700
BMEA,2023-10-19,11.22,11.31,10.79,10.97,-0.22,-1.97%,343500
BMEA,2023-10-20,11.03,11.26,10.76,10.83,-0.14,-1.28%,343900
BMEA,2023-10-23,10.72,11.03,10.53,10.54,-0.29,-2.68%,379200
BMEA,2023-10-24,10.52,11.09,10.4925,11.03,0.49,+4.65%,319100
BMEA,2023-10-25,10.85,10.885,10.55,10.71,-0.32,-2.90%,251200
BMEA,2023-10-26,10.67,11.33,10.57,11.16,0.45,+4.20%,304400
BMEA,2023-10-27,11.29,11.41,10.89,10.96,-0.2,-1.79%,275700
BMEA,2023-10-30,10.94,11.84,10.93,11.06,0.1,+0.91%,440300
BMEA,2023-10-31,10.25,10.75,9.14,10.22,-0.84,-7.59%,695700
BMEA,2023-11-01,10.3,10.46,9.8101,10.45,0.23,+2.25%,423000
BMEA,2023-11-02,10.63,11.27,9.81,10.06,-0.39,-3.73%,461700
BMEA,2023-11-03,10.37,10.525,10.01,10.09,0.03,+0.30%,528000
BMEA,2023-11-06,10.1,10.125,9.1,9.26,-0.83,-8.23%,562000
BMEA,2023-11-07,9.42,9.81,9.25,9.32,0.06,+0.65%,584300
BMEA,2023-11-08,9.43,9.43,8.75,9.08,-0.24,-2.58%,383000
BMEA,2023-11-09,9.15,9.328,8.57,8.59,-0.49,-5.40%,430400
BMEA,2023-11-10,8.59,8.66,8.185,8.5,-0.09,-1.05%,386000
BMEA,2023-11-13,8.39,8.45,8.125,8.37,-0.13,-1.53%,267000
BMEA,2023-11-14,8.63,9.23,8.51,8.89,0.52,+6.21%,564500
BMEA,2023-11-15,8.81,10.27,8.81,9.31,0.42,+4.72%,589700
BMEA,2023-11-16,9.3,9.945,8.94,9.33,0.02,+0.21%,501000
BMEA,2023-11-17,9.39,10.9,9.31,10.4,1.07,+11.47%,771900
BMEA,2023-11-20,10.35,11.03,10.22,10.32,-0.08,-0.77%,356600
BMEA,2023-11-21,10.14,10.2198,9.645,9.94,-0.38,-3.68%,324400
BMEA,2023-11-22,9.96,10.31,9.76,10.03,0.09,+0.91%,324400
BMEA,2023-11-24,9.99,10.5,9.96,10.48,0.45,+4.49%,149900
BMEA,2023-11-27,10.37,10.45,9.82,9.97,-0.51,-4.87%,379500
BMEA,2023-11-28,9.91,10.03,9.55,9.94,-0.03,-0.30%,261500
BMEA,2023-11-29,12.12,15.295,11.68,12.75,2.81,+28.27%,5441500
BMEA,2023-11-30,13.76,15.2,12.57,15.07,2.32,+18.20%,3379000
BMEA,2023-12-01,15.51,17.18,14.09,16.68,1.61,+10.68%,2734600
BMEA,2023-12-04,16.96,22.74,16.95,19.8,3.12,+18.71%,3912100
BMEA,2023-12-05,20.94,21.57,17.9,18.91,-0.89,-4.49%,2494000
BMEA,2023-12-06,19.1,20.22,18.29,18.45,-0.46,-2.43%,1369800
BMEA,2023-12-07,18.45,20.46,14.62,15.03,-3.42,-18.54%,3768600
BMEA,2023-12-08,15.57,17.15,10.345,16.89,1.86,+12.38%,6633200
BMEA,2023-12-11,12.75,12.94,10.365,11.77,-5.12,-30.31%,7550800
BMEA,2023-12-12,11.82,13.6499,11.13,13.57,1.8,+15.29%,2965000
BMEA,2023-12-13,13.3,14.66,13.05,14.63,1.06,+7.81%,1900100
BMEA,2023-12-14,15,15,13.7106,14.05,-0.58,-3.96%,1974600
BMEA,2023-12-15,14.14,14.7,13.39,14.17,0.12,+0.85%,3135000
BMEA,2023-12-18,14.25,14.65,13.7514,13.99,-0.18,-1.27%,1283400
BMEA,2023-12-19,14.14,14.4,13.56,14.2,0.21,+1.50%,1124800
BMEA,2023-12-20,14.19,15.265,13.72,13.75,-0.45,-3.17%,1566000
BMEA,2023-12-21,14.08,14.83,14.08,14.61,0.86,+6.25%,562800
BMEA,2023-12-22,14.67,15.5846,14.225,14.31,-0.3,-2.05%,957000
BMEA,2023-12-26,14.73,15.56,14.33,15.16,0.85,+5.94%,1014900
BMEA,2023-12-27,15.37,15.5399,14.12,14.58,-0.58,-3.83%,1059500
BMEA,2023-12-28,14.91,16.2,14.67,15.49,0.91,+6.24%,1291800
BMEA,2023-12-29,15.49,15.72,14.3,14.52,-0.97,-6.26%,1111600
BMEA,2024-01-02,14.5,15.35,14.38,14.67,0.15,+1.03%,755300
BMEA,2024-01-03,14.8,15.06,14.44,14.78,0.11,+0.75%,563200
BMEA,2024-01-04,14.8,15.82,14.21,15.3,0.52,+3.52%,1033100
BMEA,2024-01-05,15.25,15.41,14.6,14.71,-0.59,-3.86%,851100
BMEA,2024-01-08,14.8,15.95,14.38,15.94,1.23,+8.36%,1017100
BMEA,2024-01-09,15.61,16.5,15.31,16.37,0.43,+2.70%,683000
BMEA,2024-01-10,16.46,17.66,16.3,16.84,0.47,+2.87%,969600
BMEA,2024-01-11,16.83,17.03,15.06,15.305,-1.535,-9.12%,1267300
BMEA,2024-01-12,15.54,15.7399,14.94,15.21,-0.095,-0.62%,690600
BMEA,2024-01-16,15.06,15.1,14.37,14.41,-0.8,-5.26%,618100
BMEA,2024-01-17,14.05,14.485,13.7,14.44,0.03,+0.21%,520500
BMEA,2024-01-18,15,15.03,14.03,14.18,-0.26,-1.80%,651800
BMEA,2024-01-19,14.05,14.3,13.4407,13.92,-0.26,-1.83%,746000
BMEA,2024-01-22,14.34,14.71,13.9,14.59,0.67,+4.81%,660700
BMEA,2024-01-23,14.54,15.2,14.43,14.99,0.4,+2.74%,560700
BMEA,2024-01-24,15.11,15.23,14.715,15,0.01,+0.07%,605200
BMEA,2024-01-25,15.2,17.41,15.19,17.07,2.07,+13.80%,1222100
BMEA,2024-01-26,17,17.15,16.16,16.49,-0.58,-3.40%,600600
BMEA,2024-01-29,16.75,18.25,16.3602,18.04,1.55,+9.40%,801600
BMEA,2024-01-30,18.19,18.5627,17.56,17.74,-0.3,-1.66%,880100
BMEA,2024-01-31,17.81,19.4994,17.75,18.08,0.34,+1.92%,874500
BMEA,2024-02-01,18.23,20.21,17.8014,19.5,1.42,+7.85%,1288200
BMEA,2024-02-02,19.39,19.6854,17.93,18.47,-1.03,-5.28%,849400
BMEA,2024-02-05,18.26,19.16,18.0459,18.6,0.13,+0.70%,539600
BMEA,2024-02-06,19.78,19.89,18.41,18.67,0.07,+0.38%,983300
BMEA,2024-02-07,18.83,18.88,17.33,18.26,-0.41,-2.20%,1224000
BMEA,2024-02-08,18.25,18.335,17.5601,17.76,-0.5,-2.74%,556700
BMEA,2024-02-09,18.07,18.755,17.8106,18.33,0.57,+3.21%,599800
BMEA,2024-02-12,18.19,18.5599,17.615,17.87,-0.46,-2.51%,594500
BMEA,2024-02-13,17.55,17.55,16.405,16.7,-1.17,-6.55%,912800
BMEA,2024-02-14,16.83,17.33,16.62,17.32,0.62,+3.71%,537900
BMEA,2024-02-15,17.23,17.68,16.88,17.35,0.03,+0.17%,551600
BMEA,2024-02-16,17.18,17.97,16.8,17.74,0.39,+2.25%,907800
BMEA,2024-02-20,17.71,17.86,16.86,16.95,-0.79,-4.45%,635100
BMEA,2024-02-21,16.72,16.8399,15.2,15.33,-1.62,-9.56%,1145000
BMEA,2024-02-22,15.33,16.359,15.23,16.14,0.81,+5.28%,745300
BMEA,2024-02-23,16.15,16.325,15.6,15.98,-0.16,-0.99%,514800
BMEA,2024-02-26,16.01,17.15,16,16.85,0.87,+5.44%,586100
BMEA,2024-02-27,16.73,19.28,16.73,18.85,2,+11.87%,1212000
BMEA,2024-02-28,19.12,19.25,18.2,18.51,-0.34,-1.80%,734700
BMEA,2024-02-29,19,19.3549,17.5,17.5,-1.01,-5.46%,877700
BMEA,2024-03-01,17.52,18.415,17.27,17.81,0.31,+1.77%,757900
BMEA,2024-03-04,17.86,17.89,16.345,17.83,0.02,+0.11%,905200
BMEA,2024-03-05,17.51,18.5,17.33,17.52,-0.31,-1.74%,853500
BMEA,2024-03-06,14.59,16.99,14.24,15.8,-1.72,-9.82%,3153100
BMEA,2024-03-07,15.97,16.7499,14.89,15.9,0.1,+0.63%,1515100
BMEA,2024-03-08,16.16,16.32,15.34,15.36,-0.54,-3.40%,918800
BMEA,2024-03-11,15.41,16.29,15.37,15.41,0.05,+0.33%,1199700
BMEA,2024-03-12,15.35,15.75,14.83,15.62,0.21,+1.36%,1256900
BMEA,2024-03-13,15.77,17.54,15.75,17.4,1.78,+11.40%,1099100
BMEA,2024-03-14,17.45,18.12,16.17,16.84,-0.56,-3.22%,1024600
BMEA,2024-03-15,16.56,18.4,16.56,17.85,1.01,+6.00%,5620900
BMEA,2024-03-18,17.69,17.89,15.76,15.765,-2.085,-11.68%,1464800
BMEA,2024-03-19,15.85,16.17,15.14,15.32,-0.445,-2.82%,1187900
BMEA,2024-03-20,15.31,15.81,14.78,15.78,0.46,+3.00%,938300
BMEA,2024-03-21,16,17.25,15.95,17,1.22,+7.73%,1026100
BMEA,2024-03-22,16.84,16.97,15.84,15.88,-1.12,-6.59%,621900
BMEA,2024-03-25,15.77,16.17,15.25,15.31,-0.57,-3.59%,596500
BMEA,2024-03-26,15.53,15.945,14.94,14.95,-0.36,-2.35%,731400
BMEA,2024-03-27,15.18,15.56,14.7,15.36,0.41,+2.74%,713700
BMEA,2024-03-28,15.37,15.71,14.85,14.95,-0.41,-2.67%,809800
BMEA,2024-04-01,15.35,16.29,14.42,15.3,0.35,+2.34%,1446300
BMEA,2024-04-02,13.78,14,12.575,12.8,-2.5,-16.34%,2812900
BMEA,2024-04-03,13,13.98,13,13.955,1.155,+9.02%,1386500
BMEA,2024-04-04,14.03,14.43,12.52,12.605,-1.35,-9.67%,1250600
BMEA,2024-04-05,12.61,13.28,12.01,12.73,0.125,+0.99%,1218700
BMEA,2024-04-08,12.77,12.9835,12.42,12.51,-0.22,-1.73%,601100
BMEA,2024-04-09,12.51,12.865,12.2,12.8,0.29,+2.32%,858000
BMEA,2024-04-10,12.31,12.88,12.3,12.76,-0.04,-0.31%,791800
BMEA,2024-04-11,12.82,13.43,12.56,13.28,0.52,+4.08%,786800
BMEA,2024-04-12,13.23,13.66,12.64,12.98,-0.3,-2.26%,1031600
BMEA,2024-04-15,12.88,13.37,12.11,12.51,-0.47,-3.62%,712800
BMEA,2024-04-16,12.4,12.58,11.79,11.95,-0.56,-4.48%,615800
BMEA,2024-04-17,12.09,12.1,11.4401,11.5,-0.45,-3.77%,802800
BMEA,2024-04-18,11.41,11.87,10.95,11.16,-0.34,-2.96%,1671300
BMEA,2024-04-19,11.03,11.545,10.22,10.85,-0.31,-2.78%,1318800
BMEA,2024-04-22,11.01,11.28,10.808,10.83,-0.02,-0.18%,603200
BMEA,2024-04-23,10.79,11.39,10.72,10.98,0.15,+1.39%,685800
BMEA,2024-04-24,11,11.24,10.445,10.77,-0.21,-1.91%,854200
BMEA,2024-04-25,10.53,10.55,10.26,10.47,-0.3,-2.79%,501900
BMEA,2024-04-26,10.57,10.9,10.39,10.78,0.31,+2.96%,583200
BMEA,2024-04-29,10.86,11.16,10.615,10.75,-0.03,-0.28%,512100
BMEA,2024-04-30,10.66,11.125,10.56,10.74,-0.01,-0.09%,589800
BMEA,2024-05-01,10.72,12.08,10.6,11.57,0.83,+7.73%,1116800
BMEA,2024-05-02,11.53,12.07,11.37,11.93,0.36,+3.11%,762700
BMEA,2024-05-03,12.83,13.113,12.18,12.35,0.42,+3.52%,684700
BMEA,2024-05-06,12.62,12.6916,11.95,12.26,-0.09,-0.73%,498200
BMEA,2024-05-07,12.25,12.45,11.77,12,-0.26,-2.12%,449900
BMEA,2024-05-08,11.76,12.01,10.885,11.07,-0.93,-7.75%,667300
BMEA,2024-05-09,11.15,11.59,11,11.44,0.37,+3.34%,596100
BMEA,2024-05-10,11.59,11.79,10.6099,10.65,-0.79,-6.91%,540300
BMEA,2024-05-13,10.8,11.47,10.66,11.45,0.8,+7.51%,517800
BMEA,2024-05-14,11.7,12.85,11.7,12.37,0.92,+8.03%,855400
BMEA,2024-05-15,12.59,13.33,12.515,13.24,0.87,+7.03%,929600
BMEA,2024-05-16,13.24,13.43,12.68,12.78,-0.46,-3.47%,518800
BMEA,2024-05-17,12.85,12.85,12.17,12.24,-0.54,-4.23%,537100
BMEA,2024-05-20,12.24,12.7,12.002,12.62,0.38,+3.10%,448100
BMEA,2024-05-21,12.48,12.59,11.47,11.58,-1.04,-8.24%,638400
BMEA,2024-05-22,11.63,11.855,11.29,11.5,-0.08,-0.69%,645500
BMEA,2024-05-23,11.61,11.62,11.06,11.13,-0.37,-3.22%,964500
BMEA,2024-05-24,11.13,11.605,10.73,11,-0.13,-1.17%,1054600
BMEA,2024-05-28,11.27,11.88,11.13,11.65,0.65,+5.91%,731400
BMEA,2024-05-29,11.34,11.6,10.6,10.89,-0.76,-6.52%,1093500
BMEA,2024-05-30,10.96,11.18,10.15,10.46,-0.43,-3.95%,1003500
BMEA,2024-05-31,10.64,10.83,10.38,10.52,0.06,+0.57%,852700
BMEA,2024-06-03,10.85,11.34,10.61,10.95,0.43,+4.09%,862800
BMEA,2024-06-04,10.88,11.09,10.54,10.95,0,0.00%,681200
BMEA,2024-06-05,11.06,11.94,10.67,11.84,0.89,+8.13%,687000
BMEA,2024-06-06,11.8,11.86,11.2,11.27,-0.57,-4.81%,1196200
BMEA,2024-06-07,3.88,4.35,3.61,4.14,-7.13,-63.27%,11882700
BMEA,2024-06-10,4.2,4.5194,3.825,4.31,0.17,+4.11%,5331900
BMEA,2024-06-11,4.19,4.62,4.08,4.43,0.12,+2.78%,2642700
BMEA,2024-06-12,4.59,4.85,4.43,4.63,0.2,+4.51%,2269500
BMEA,2024-06-13,4.95,6.0862,4.89,5.81,1.18,+25.49%,5410400
BMEA,2024-06-14,5.7,6.104,5.5701,5.64,-0.17,-2.93%,2267800
BMEA,2024-06-17,5.61,5.61,4.6705,5.09,-0.55,-9.75%,2134600
BMEA,2024-06-18,5.07,5.08,4.742,4.85,-0.24,-4.72%,1549700
BMEA,2024-06-20,4.86,5.21,4.69,5.19,0.34,+7.01%,1623100
BMEA,2024-06-21,5.15,5.5,5.08,5.26,0.07,+1.35%,6842300
BMEA,2024-06-24,5.3,5.83,5.29,5.55,0.29,+5.51%,1371700
BMEA,2024-06-25,5.58,5.58,5.17,5.21,-0.34,-6.13%,692100
BMEA,2024-06-26,5.08,5.17,4.36,4.45,-0.76,-14.59%,1425100
BMEA,2024-06-27,4.5,4.65,4.4,4.53,0.08,+1.80%,783800
BMEA,2024-06-28,4.53,4.7092,4.4201,4.5,-0.03,-0.66%,1985600
BMEA,2024-07-01,4.46,4.74,4.385,4.42,-0.08,-1.78%,1121300
BMEA,2024-07-02,4.41,4.6813,4.35,4.43,0.01,+0.23%,703100
BMEA,2024-07-03,4.44,4.5497,4.29,4.35,-0.08,-1.81%,401800
BMEA,2024-07-05,4.39,4.44,4.15,4.23,-0.12,-2.76%,909600
BMEA,2024-07-08,4.25,4.82,4.24,4.8,0.57,+13.48%,752500
BMEA,2024-07-09,4.82,4.86,4.61,4.7,-0.1,-2.08%,475800
BMEA,2024-07-10,4.73,4.86,4.72,4.75,0.05,+1.06%,340600
BMEA,2024-07-11,4.81,5.09,4.8,4.96,0.21,+4.42%,642100
BMEA,2024-07-12,5.1,5.3799,5.055,5.29,0.33,+6.65%,693200
BMEA,2024-07-15,5.37,5.49,5.2201,5.36,0.07,+1.32%,735800
BMEA,2024-07-16,5.41,5.65,5.31,5.6,0.24,+4.48%,551700
BMEA,2024-07-17,5.51,5.83,5.18,5.32,-0.28,-5.00%,701600
BMEA,2024-07-18,5.3,5.43,5.05,5.16,-0.16,-3.01%,432700
BMEA,2024-07-19,5.17,5.23,5,5.04,-0.12,-2.33%,226400
BMEA,2024-07-22,5.09,5.49,5.04,5.46,0.42,+8.33%,353800
BMEA,2024-07-23,5.39,5.62,5.26,5.57,0.11,+2.01%,282700
BMEA,2024-07-24,5.48,5.67,5.33,5.45,-0.12,-2.15%,268300
BMEA,2024-07-25,5.44,5.629,5.38,5.46,0.01,+0.18%,293200
BMEA,2024-07-26,5.59,5.63,5.33,5.54,0.08,+1.47%,315100
BMEA,2024-07-29,5.51,5.54,5.32,5.48,-0.06,-1.08%,280100
BMEA,2024-07-30,5.52,5.62,5.21,5.32,-0.16,-2.92%,455800
BMEA,2024-07-31,5.33,5.74,4.96,5.57,0.25,+4.70%,552800
BMEA,2024-08-01,5.94,7.85,5.4302,5.75,0.18,+3.23%,8111500
BMEA,2024-08-02,5.5,5.93,5.38,5.7,-0.05,-0.87%,839800
BMEA,2024-08-05,5.12,6.02,5.11,5.67,-0.03,-0.53%,977800
BMEA,2024-08-06,5.7,6.42,5.3599,6.1,0.43,+7.58%,705700
BMEA,2024-08-07,6.3,6.32,5.725,5.77,-0.33,-5.41%,421400
BMEA,2024-08-08,5.84,6.05,5.66,5.96,0.19,+3.29%,296900
BMEA,2024-08-09,5.95,6.01,5.55,5.72,-0.24,-4.03%,303400
BMEA,2024-08-12,5.72,5.72,5.45,5.64,-0.08,-1.40%,472400
BMEA,2024-08-13,5.69,5.82,5.605,5.71,0.07,+1.24%,264700
BMEA,2024-08-14,5.77,5.77,5.42,5.45,-0.26,-4.55%,311200
BMEA,2024-08-15,5.58,6.04,5.53,5.82,0.37,+6.79%,474300
BMEA,2024-08-16,5.85,5.99,5.64,5.78,-0.04,-0.69%,266400
BMEA,2024-08-19,5.82,5.95,5.72,5.83,0.05,+0.87%,297500
BMEA,2024-08-20,5.83,5.9,5.72,5.87,0.04,+0.69%,242900
BMEA,2024-08-21,5.91,6.32,5.79,6.27,0.4,+6.81%,353900
BMEA,2024-08-22,6.26,7.74,6.18,6.875,0.605,+9.65%,1595100
BMEA,2024-08-23,6.92,8.25,6.82,7.61,0.735,+10.69%,1130600
BMEA,2024-08-26,7.82,8.39,7.4,7.82,0.21,+2.76%,1163500
BMEA,2024-08-27,7.66,7.97,7.41,7.84,0.02,+0.26%,487100
BMEA,2024-08-28,7.73,7.73,6.85,7.54,-0.3,-3.83%,809100
BMEA,2024-08-29,8.04,8.62,7.53,7.62,0.08,+1.06%,830300
BMEA,2024-08-30,7.7,7.96,6.95,7.33,-0.29,-3.81%,1320100
BMEA,2024-09-03,7.26,7.74,7.12,7.29,-0.04,-0.55%,590500
BMEA,2024-09-04,7.25,7.95,7.0631,7.65,0.36,+4.94%,553400
BMEA,2024-09-05,7.65,7.74,7.42,7.61,-0.04,-0.52%,213800
BMEA,2024-09-06,7.64,7.72,6.96,7.08,-0.53,-6.96%,367100
BMEA,2024-09-09,7.12,7.19,6.71,6.88,-0.2,-2.82%,444700
BMEA,2024-09-10,6.93,7.61,6.83,7.58,0.7,+10.17%,349000
BMEA,2024-09-11,7.54,7.73,7.32,7.56,-0.02,-0.26%,377300
BMEA,2024-09-12,7.52,7.71,7.33,7.5,-0.06,-0.79%,208700
BMEA,2024-09-13,7.57,8.2,7.57,7.85,0.35,+4.67%,403800
BMEA,2024-09-16,7.7,8.09,7.61,7.98,0.13,+1.66%,274500
BMEA,2024-09-17,8.03,8.43,7.96,8.26,0.28,+3.51%,506500
BMEA,2024-09-18,8.17,8.8243,8.09,8.69,0.43,+5.21%,468400
BMEA,2024-09-19,8.96,9.465,8.7,8.71,0.02,+0.23%,518510
BMEA,2024-09-20,8.69,8.764,8.37,8.64,-0.07,-0.80%,419300
BMEA,2024-09-23,8.76,8.76,8.1,8.25,-0.39,-4.51%,336200
BMEA,2024-09-24,8.25,8.27,7.9366,8,-0.25,-3.03%,592500
BMEA,2024-09-25,7.98,8.88,7.845,8.77,0.77,+9.63%,360700
BMEA,2024-09-26,8.98,10.2,8.7001,9.57,0.8,+9.12%,4290600
BMEA,2024-09-27,11.48,12.0091,9.7,9.9,0.33,+3.45%,4092700
BMEA,2024-09-30,9.88,10.45,9.655,10.1,0.2,+2.02%,1117800
BMEA,2024-10-01,9.95,10.09,9.09,9.5,-0.6,-5.94%,904700
BMEA,2024-10-02,10,10.325,9.6,10.13,0.63,+6.63%,626900
BMEA,2024-10-03,10,10.34,9.9,10.09,-0.04,-0.39%,434000
BMEA,2024-10-04,10.2,10.6371,10.06,10.48,0.39,+3.87%,533900
BMEA,2024-10-07,10.55,10.72,10.04,10.43,-0.05,-0.48%,549200
BMEA,2024-10-08,10.5,12,10.3101,11.4,0.97,+9.30%,1040100
BMEA,2024-10-09,12.48,13.07,10.6614,10.9,-0.5,-4.39%,1740100
BMEA,2024-10-10,10.8,10.8802,10.31,10.75,-0.15,-1.38%,745400
BMEA,2024-10-11,10.67,10.9171,10.44,10.78,0.03,+0.28%,433000
BMEA,2024-10-14,10.88,11.09,10.35,10.41,-0.37,-3.43%,530100
BMEA,2024-10-15,10.37,11.8299,10.37,10.97,0.56,+5.38%,838600
BMEA,2024-10-16,11.12,11.73,11.055,11.51,0.54,+4.92%,597900
BMEA,2024-10-17,11.53,11.94,11.11,11.42,-0.09,-0.78%,471600
BMEA,2024-10-18,11.43,12.3,11.43,11.65,0.23,+2.01%,811400
BMEA,2024-10-21,11.65,11.771,10.92,11.24,-0.41,-3.52%,601700
BMEA,2024-10-22,11.25,11.675,10.8763,11.47,0.23,+2.05%,615900
BMEA,2024-10-23,11.34,11.67,10.8236,11.31,-0.16,-1.39%,591500
BMEA,2024-10-24,11.33,11.78,11.24,11.56,0.25,+2.21%,393200
BMEA,2024-10-25,11.77,12.19,11.61,12.15,0.59,+5.10%,638700
BMEA,2024-10-28,12.31,12.85,12.22,12.41,0.26,+2.14%,750600
BMEA,2024-10-29,12.58,12.58,11.8608,12.06,-0.35,-2.82%,645900
BMEA,2024-10-30,12.18,12.18,10.33,10.34,-1.72,-14.26%,913000
BMEA,2024-10-31,10.46,10.801,9.11,9.37,-0.97,-9.38%,2345300
BMEA,2024-11-01,9.5,9.6664,8.77,9.04,-0.33,-3.52%,1276500
BMEA,2024-11-04,9,9.26,8.77,8.84,-0.2,-2.21%,888300
BMEA,2024-11-05,8.9,9.095,8.6,8.91,0.07,+0.79%,804100
BMEA,2024-11-06,9.18,9.34,8.75,8.88,-0.03,-0.34%,765700
BMEA,2024-11-07,8.86,8.99,8.15,8.18,-0.7,-7.88%,951800
BMEA,2024-11-08,8.13,8.47,8.03,8.18,0,0.00%,666300
BMEA,2024-11-11,8.24,8.2825,7.93,8.03,-0.15,-1.83%,516500
BMEA,2024-11-12,8.02,8.18,7.77,8.01,-0.02,-0.25%,453600
BMEA,2024-11-13,8.02,8.12,7.075,7.095,-0.915,-11.42%,1036400
BMEA,2024-11-14,7.08,7.5,6.95,7.11,0.015,+0.21%,585900
BMEA,2024-11-15,7.02,7.11,6.48,6.53,-0.58,-8.16%,913800
BMEA,2024-11-18,6.54,6.631,6.2,6.43,-0.1,-1.53%,850100
BMEA,2024-11-19,6.45,6.57,6.19,6.42,-0.01,-0.16%,453700
BMEA,2024-11-20,6.51,6.55,6.04,6.28,-0.14,-2.18%,552700
BMEA,2024-11-21,6.28,6.5,6.0919,6.38,0.1,+1.59%,465600
BMEA,2024-11-22,6.36,6.7399,6.23,6.44,0.06,+0.94%,499800
BMEA,2024-11-25,6.62,7.07,6.5,6.93,0.49,+7.61%,748256
BMEA,2024-11-26,6.92,7.5,6.89,6.89,-0.04,-0.58%,717315
BMEA,2024-11-27,7.02,7.1,6.7608,7.02,0.13,+1.89%,271500
BMEA,2024-11-29,7.1,7.255,6.9797,7.24,0.22,+3.13%,248500
BMEA,2024-12-02,7.22,7.38,6.99,7.27,0.03,+0.41%,565500
BMEA,2024-12-03,7.2,7.46,6.85,6.87,-0.4,-5.50%,591800
BMEA,2024-12-04,6.95,7.06,6.65,6.7,-0.17,-2.47%,501300
BMEA,2024-12-05,6.62,6.79,6.185,6.19,-0.51,-7.61%,552800
BMEA,2024-12-06,6.51,6.57,6.08,6.1,-0.09,-1.45%,731500
BMEA,2024-12-09,6.15,6.22,5.74,5.79,-0.31,-5.08%,924100
BMEA,2024-12-10,5.85,6.03,5.55,5.76,-0.03,-0.52%,679400
BMEA,2024-12-11,5.68,6.44,5.68,6.14,0.38,+6.60%,889100
BMEA,2024-12-12,6.1,6.3,5.67,5.8,-0.34,-5.54%,865300
BMEA,2024-12-13,5.77,5.91,5.55,5.64,-0.16,-2.76%,613300
BMEA,2024-12-16,5.69,6.06,5.63,5.85,0.21,+3.72%,634600
BMEA,2024-12-17,5.21,5.35,4.581,4.64,-1.21,-20.68%,6316400
BMEA,2024-12-18,4.62,4.62,3.81,3.875,-0.765,-16.49%,2545500
BMEA,2024-12-19,4.02,4.49,3.85,4.08,0.205,+5.29%,1864400
BMEA,2024-12-20,4.02,4.28,3.96,4.23,0.15,+3.68%,858900
BMEA,2024-12-23,4.21,4.29,4.01,4.03,-0.2,-4.73%,602600
BMEA,2024-12-24,4.02,4.115,3.9803,4.01,-0.02,-0.50%,373900
BMEA,2024-12-26,3.97,4.1382,3.89,4.08,0.07,+1.75%,587000
BMEA,2024-12-27,4.09,4.3,3.9,4,-0.08,-1.96%,793300
BMEA,2024-12-30,3.95,3.96,3.74,3.88,-0.12,-3.00%,887900
BMEA,2024-12-31,3.9,3.96,3.8,3.88,0,0.00%,733800
BMEA,2025-01-02,3.95,4,3.64,3.69,-0.19,-4.90%,964900
BMEA,2025-01-03,3.73,3.87,3.68,3.73,0.04,+1.08%,624600
BMEA,2025-01-06,3.79,3.95,3.675,3.92,0.19,+5.09%,959300
BMEA,2025-01-07,4.16,4.29,3.9,4.01,0.09,+2.30%,1936400
BMEA,2025-01-08,3.95,4.32,3.8,4.27,0.26,+6.48%,1183800
BMEA,2025-01-10,4.21,4.21,3.89,3.98,-0.29,-6.79%,804500
BMEA,2025-01-13,3.84,4.195,3.78,4.15,0.17,+4.27%,1026300
BMEA,2025-01-14,4.15,4.27,4.01,4.15,0,0.00%,659900
BMEA,2025-01-15,4.23,4.2937,4.015,4.06,-0.09,-2.17%,619800
BMEA,2025-01-16,4.17,4.17,3.985,4.06,0,0.00%,399300
BMEA,2025-01-17,4.11,4.11,3.9625,3.975,-0.085,-2.09%,362200
BMEA,2025-01-21,3.98,4.27,3.8,4.25,0.275,+6.92%,1210300
BMEA,2025-01-22,4.27,4.37,4.18,4.32,0.07,+1.65%,506300
BMEA,2025-01-23,4.31,4.515,4.16,4.48,0.16,+3.70%,1142100
BMEA,2025-01-24,4.44,4.59,4.31,4.41,-0.07,-1.56%,406400
BMEA,2025-01-27,4.28,4.48,4.18,4.27,-0.14,-3.17%,406000
BMEA,2025-01-28,4.26,4.35,4.13,4.27,0,0.00%,295200
BMEA,2025-01-29,4.24,4.33,4.165,4.22,-0.05,-1.17%,277500
BMEA,2025-01-30,4.29,4.43,4.22,4.25,0.03,+0.71%,324200
BMEA,2025-01-31,4.25,4.3201,4.115,4.18,-0.07,-1.65%,300300
BMEA,2025-02-03,4.04,4.11,3.92,3.93,-0.25,-5.98%,513400
BMEA,2025-02-04,3.94,4.06,3.88,3.98,0.05,+1.27%,436900
BMEA,2025-02-05,4.01,4.23,3.99,4.16,0.18,+4.52%,407700
BMEA,2025-02-06,4.17,4.23,4.09,4.12,-0.04,-0.96%,242000
BMEA,2025-02-07,4.06,4.15,3.705,3.745,-0.375,-9.10%,812800
BMEA,2025-02-10,3.78,3.78,3.6301,3.755,0.01,+0.27%,602500
BMEA,2025-02-11,3.72,3.75,3.25,3.49,-0.265,-7.06%,911800
BMEA,2025-02-12,3.4,3.51,3.33,3.48,-0.01,-0.29%,575100
BMEA,2025-02-13,3.52,3.64,3.41,3.61,0.13,+3.74%,332500
BMEA,2025-02-14,3.64,3.77,3.62,3.73,0.12,+3.32%,290100
BMEA,2025-02-18,3.76,3.96,3.565,3.59,-0.14,-3.75%,373600
BMEA,2025-02-19,3.59,3.63,3.525,3.57,-0.02,-0.56%,249300
BMEA,2025-02-20,3.59,3.75,3.52,3.65,0.08,+2.24%,243100
BMEA,2025-02-21,3.7,3.73,3.46,3.46,-0.19,-5.21%,294000
BMEA,2025-02-24,3.5,3.5,3.25,3.34,-0.12,-3.47%,365700
BMEA,2025-02-25,3.33,3.34,2.8,2.84,-0.5,-14.97%,1464900
BMEA,2025-02-26,2.87,2.9884,2.78,2.84,0,0.00%,713900
BMEA,2025-02-27,2.88,3,2.78,2.8,-0.04,-1.41%,408200
BMEA,2025-02-28,2.81,2.925,2.731,2.89,0.09,+3.21%,441200
BMEA,2025-03-03,2.87,2.9599,2.58,2.64,-0.25,-8.65%,1029100
BMEA,2025-03-04,2.57,2.8,2.5,2.76,0.12,+4.55%,779100
BMEA,2025-03-05,2.75,2.935,2.75,2.91,0.15,+5.43%,615000
BMEA,2025-03-06,2.84,2.978,2.78,2.8,-0.11,-3.78%,1134100
BMEA,2025-03-07,2.8,2.86,2.71,2.71,-0.09,-3.21%,371000
BMEA,2025-03-10,2.66,2.76,2.5,2.505,-0.205,-7.56%,467800
BMEA,2025-03-11,2.53,2.58,2.345,2.44,-0.065,-2.59%,632100
BMEA,2025-03-12,2.49,2.54,2.4,2.46,0.02,+0.82%,495500
BMEA,2025-03-13,2.48,2.69,2.45,2.66,0.2,+8.13%,919600
BMEA,2025-03-14,2.73,2.7976,2.48,2.54,-0.12,-4.51%,655500
BMEA,2025-03-17,2.57,2.57,2.44,2.52,-0.02,-0.79%,443200
BMEA,2025-03-18,2.51,2.55,2.4,2.53,0.01,+0.40%,455000
BMEA,2025-03-19,2.55,2.81,2.54,2.73,0.2,+7.91%,798400
BMEA,2025-03-20,2.74,2.84,2.6231,2.77,0.04,+1.47%,410600
BMEA,2025-03-21,2.76,2.92,2.71,2.87,0.1,+3.61%,993400
BMEA,2025-03-24,3,3.076,2.66,2.79,-0.08,-2.79%,1103100
BMEA,2025-03-25,2.82,2.84,2.625,2.69,-0.1,-3.58%,595900
BMEA,2025-03-26,2.65,2.6518,2.4,2.52,-0.17,-6.32%,738000
BMEA,2025-03-27,2.5,2.52,2.27,2.49,-0.03,-1.19%,814200
BMEA,2025-03-28,2.46,2.5,2.29,2.3,-0.19,-7.63%,341900
BMEA,2025-03-31,2.25,2.25,2.1012,2.13,-0.17,-7.39%,752400
BMEA,2025-04-01,2.24,2.29,1.94,1.99,-0.14,-6.57%,1217400
BMEA,2025-04-02,1.94,2.22,1.87,2.16,0.17,+8.54%,915600
BMEA,2025-04-03,2,2.12,1.94,1.95,-0.21,-9.72%,663400
BMEA,2025-04-04,1.89,2.13,1.86,2.12,0.17,+8.72%,736800
BMEA,2025-04-07,2.01,2.21,1.89,2.005,-0.115,-5.42%,1011200
BMEA,2025-04-08,2.1,2.1,1.69,1.71,-0.295,-14.71%,1058600
BMEA,2025-04-09,1.72,1.85,1.53,1.825,0.115,+6.73%,1061000
BMEA,2025-04-10,1.8,1.81,1.6,1.73,-0.095,-5.21%,723500
BMEA,2025-04-11,1.74,1.83,1.69,1.75,0.02,+1.16%,396700
BMEA,2025-04-14,1.78,1.83,1.595,1.62,-0.13,-7.43%,679100
BMEA,2025-04-15,1.63,1.755,1.54,1.73,0.11,+6.79%,831000
BMEA,2025-04-16,1.71,1.73,1.555,1.59,-0.14,-8.09%,585100
BMEA,2025-04-17,1.61,1.7799,1.595,1.69,0.1,+6.29%,868300
BMEA,2025-04-21,1.68,1.97,1.665,1.72,0.03,+1.78%,968400
BMEA,2025-04-22,1.8,1.95,1.73,1.95,0.23,+13.37%,1062800
BMEA,2025-04-23,2.02,2.095,1.93,2.06,0.11,+5.64%,729100
BMEA,2025-04-24,2.06,2.34,1.9999,2.3,0.24,+11.65%,667300
BMEA,2025-04-25,2.32,2.41,2.1536,2.19,-0.11,-4.78%,747000
BMEA,2025-04-28,2.3,2.3,2.125,2.24,0.05,+2.28%,431900
BMEA,2025-04-29,2.23,2.27,2.16,2.2,-0.04,-1.79%,376000
BMEA,2025-04-30,2.18,2.19,2.0702,2.1,-0.1,-4.55%,638600
BMEA,2025-05-01,2.1,2.1899,2,2.03,-0.07,-3.33%,543100
BMEA,2025-05-02,2.06,2.25,2.06,2.18,0.15,+7.39%,680500
BMEA,2025-05-05,2.18,2.3,1.98,2,-0.18,-8.26%,425100
BMEA,2025-05-06,1.92,1.95,1.62,1.67,-0.33,-16.50%,1432900
BMEA,2025-05-07,1.7,1.75,1.605,1.7,0.03,+1.80%,1131900
BMEA,2025-05-08,1.73,1.8,1.65,1.75,0.05,+2.94%,552500
BMEA,2025-05-09,1.75,1.84,1.62,1.63,-0.12,-6.86%,538500
BMEA,2025-05-12,1.7,1.8,1.67,1.77,0.14,+8.59%,504600
BMEA,2025-05-13,1.76,1.82,1.63,1.63,-0.14,-7.91%,744300
BMEA,2025-05-14,1.64,1.64,1.45,1.46,-0.17,-10.43%,1084100
BMEA,2025-05-15,1.46,1.5312,1.38,1.43,-0.03,-2.05%,514300
BMEA,2025-05-16,1.45,1.53,1.4,1.52,0.09,+6.29%,576400
BMEA,2025-05-19,1.49,1.59,1.44,1.51,-0.01,-0.66%,464200
BMEA,2025-05-20,1.49,1.58,1.48,1.57,0.06,+3.97%,621300
BMEA,2025-05-21,1.52,1.58,1.4,1.45,-0.12,-7.64%,735100
BMEA,2025-05-22,1.43,1.46,1.36,1.45,0,0.00%,751300
BMEA,2025-05-23,1.43,1.48,1.36,1.48,0.03,+2.07%,476100
BMEA,2025-05-27,1.5,1.52,1.37,1.42,-0.06,-4.05%,818900
BMEA,2025-05-28,1.42,1.425,1.2905,1.39,-0.03,-2.11%,768000
BMEA,2025-05-29,1.43,1.4993,1.39,1.49,0.1,+7.19%,698400
BMEA,2025-05-30,1.45,1.52,1.41,1.44,-0.05,-3.36%,543100
BMEA,2025-06-02,1.46,1.56,1.385,1.55,0.11,+7.64%,592300
BMEA,2025-06-03,1.58,2.69,1.52,2.49,0.94,+60.65%,63292400
BMEA,2025-06-04,2.51,3.04,2.3,2.86,0.37,+14.86%,7598300
BMEA,2025-06-05,2.89,3,2.4,2.45,-0.41,-14.34%,4103000
BMEA,2025-06-06,2.55,2.5795,2.41,2.49,0.04,+1.63%,1264700
BMEA,2025-06-09,2.58,2.65,2.375,2.63,0.14,+5.62%,1553800
BMEA,2025-06-10,2.7,2.7138,2.4501,2.53,-0.1,-3.80%,952000
BMEA,2025-06-11,2.54,2.63,2.34,2.5,-0.03,-1.19%,1223800
BMEA,2025-06-12,2.5,2.65,2.43,2.61,0.11,+4.40%,976600
BMEA,2025-06-13,2.57,2.5793,2.36,2.36,-0.25,-9.58%,921400
BMEA,2025-06-16,2.36,2.74,2.24,2.63,0.27,+11.44%,1582800
BMEA,2025-06-17,2.63,3.08,2.6,2.9,0.27,+10.27%,2356800
BMEA,2025-06-18,2.06,2.23,1.84,1.91,-0.99,-34.14%,11663800
BMEA,2025-06-20,1.95,1.95,1.79,1.81,-0.1,-5.24%,2504000
BMEA,2025-06-23,1.82,1.82,1.63,1.69,-0.12,-6.63%,1918900
BMEA,2025-06-24,1.77,1.89,1.72,1.88,0.19,+11.24%,1681400
BMEA,2025-06-25,1.89,1.95,1.805,1.94,0.06,+3.19%,1666700
BMEA,2025-06-26,1.9,1.99,1.815,1.99,0.05,+2.58%,1555200
BMEA,2025-06-27,1.98,1.99,1.81,1.81,-0.18,-9.05%,4507600
BMEA,2025-06-30,1.83,1.92,1.74,1.8,-0.01,-0.55%,1267400
BMEA,2025-07-01,1.8,1.8,1.63,1.72,-0.08,-4.44%,2197100
BMEA,2025-07-02,1.71,1.71,1.625,1.65,-0.07,-4.07%,1601300
BMEA,2025-07-03,1.67,1.7,1.58,1.66,0.01,+0.61%,1289400
BMEA,2025-07-07,1.67,1.73,1.595,1.69,0.03,+1.81%,1547600
BMEA,2025-07-08,1.695,1.865,1.67,1.86,0.17,+10.06%,1728600
BMEA,2025-07-09,1.93,2.0299,1.9,1.95,0.09,+4.84%,2429700
BMEA,2025-07-10,1.95,2,1.89,1.93,-0.02,-1.03%,1020000
BMEA,2025-07-11,1.91,2.01,1.87,2,0.07,+3.63%,729600
BMEA,2025-07-14,1.97,2,1.87,1.94,-0.06,-3.00%,747900
BMEA,2025-07-15,1.95,1.95,1.77,1.78,-0.16,-8.25%,1035700
BMEA,2025-07-16,1.85,1.93,1.82,1.91,0.13,+7.30%,703500
BMEA,2025-07-17,1.9,1.965,1.87,1.88,-0.03,-1.57%,631500
BMEA,2025-07-18,1.88,1.9098,1.835,1.85,-0.03,-1.60%,401600
BMEA,2025-07-21,1.89,1.89,1.8,1.83,-0.02,-1.08%,606000
BMEA,2025-07-22,1.84,1.84,1.79,1.82,-0.01,-0.55%,559400
BMEA,2025-07-23,1.85,1.89,1.7906,1.85,0.03,+1.65%,1033700
BMEA,2025-07-24,1.86,1.9,1.785,1.81,-0.04,-2.16%,658700
BMEA,2025-07-25,1.83,1.84,1.72,1.83,0.02,+1.10%,1035000
BMEA,2025-07-28,1.82,1.85,1.7706,1.8,-0.03,-1.64%,800700
BMEA,2025-07-29,1.8,1.81,1.65,1.65,-0.15,-8.33%,890000
BMEA,2025-07-30,1.69,1.74,1.64,1.66,0.01,+0.61%,539400
BMEA,2025-07-31,1.68,1.75,1.64,1.66,0,0.00%,989300
BMEA,2025-08-01,1.64,1.65,1.53,1.57,-0.09,-5.42%,1060400
BMEA,2025-08-04,1.58,1.6378,1.5606,1.61,0.04,+2.55%,596900
BMEA,2025-08-05,1.63,1.65,1.56,1.58,-0.03,-1.86%,732700
BMEA,2025-08-06,1.61,1.62,1.5,1.59,0.01,+0.63%,1070000
BMEA,2025-08-07,1.64,1.7,1.58,1.63,0.04,+2.52%,1379700
BMEA,2025-08-08,1.62,1.63,1.53,1.54,-0.09,-5.52%,1088500
BMEA,2025-08-11,1.55,1.56,1.51,1.53,-0.01,-0.65%,641400
BMEA,2025-08-12,1.54,1.65,1.515,1.65,0.12,+7.84%,454700
BMEA,2025-08-13,1.64,1.74,1.64,1.72,0.07,+4.24%,744600
BMEA,2025-08-14,1.72,1.7275,1.65,1.69,-0.03,-1.74%,219400
BMEA,2025-08-15,1.69,1.73,1.66,1.73,0.04,+2.37%,356700
BMEA,2025-08-18,1.69,1.765,1.69,1.74,0.01,+0.58%,461200
BMEA,2025-08-19,1.77,1.77,1.69,1.72,-0.02,-1.15%,337200
BMEA,2025-08-20,1.7,1.86,1.7,1.78,0.06,+3.49%,731400
BMEA,2025-08-21,1.74,1.8,1.72,1.795,0.015,+0.84%,222400
BMEA,2025-08-22,1.8,1.85,1.7737,1.83,0.035,+1.95%,344400
BMEA,2025-08-25,1.86,1.95,1.8,1.81,-0.02,-1.09%,794900
BMEA,2025-08-26,1.82,1.8499,1.78,1.83,0.02,+1.10%,291300
BMEA,2025-08-27,1.83,1.88,1.82,1.86,0.03,+1.64%,343700
BMEA,2025-08-28,1.955,2.05,1.885,1.92,0.06,+3.23%,1584900
BMEA,2025-08-29,1.93,1.995,1.865,1.95,0.03,+1.56%,590700
BMEA,2025-09-02,1.97,2.055,1.93,2.03,0.08,+4.10%,871600
BMEA,2025-09-03,2.03,2.08,1.92,1.92,-0.11,-5.42%,485500
BMEA,2025-09-04,1.95,1.95,1.79,1.83,-0.09,-4.69%,664500
BMEA,2025-09-05,1.83,1.94,1.83,1.92,0.09,+4.92%,492600
BMEA,2025-09-08,1.92,1.92,1.8,1.81,-0.11,-5.73%,637000
BMEA,2025-09-09,1.81,1.86,1.77,1.86,0.05,+2.76%,417700
BMEA,2025-09-10,1.85,1.86,1.81,1.84,-0.02,-1.08%,271700
BMEA,2025-09-11,1.86,1.99,1.8551,1.98,0.14,+7.61%,762000
BMEA,2025-09-12,1.99,1.99,1.9145,1.93,-0.05,-2.53%,527600
BMEA,2025-09-15,1.93,1.97,1.86,1.96,0.03,+1.55%,489500
BMEA,2025-09-16,1.98,2.1065,1.94,2.02,0.06,+3.06%,1396500
BMEA,2025-09-17,2.06,2.08,1.95,1.96,-0.06,-2.97%,667600
BMEA,2025-09-18,2.02,2.09,1.9801,2.08,0.12,+6.12%,681500
BMEA,2025-09-19,2.1,2.1,1.95,1.95,-0.13,-6.25%,1436000
BMEA,2025-09-22,1.97,2.045,1.9,2.03,0.08,+4.10%,673200
BMEA,2025-09-23,2.04,2.1,1.96,1.99,-0.04,-1.97%,895600
BMEA,2025-09-24,2.03,2.095,2.01,2.06,0.07,+3.52%,607400
BMEA,2025-09-25,2.01,2.05,1.965,2.05,-0.01,-0.49%,722800
BMEA,2025-09-26,2.03,2.12,2.01,2.1,0.05,+2.44%,670100
BMEA,2025-09-29,2.1,2.1401,2.03,2.06,-0.04,-1.90%,423300
BMEA,2025-09-30,2.06,2.07,1.98,2.02,-0.04,-1.94%,443300
BMEA,2025-10-01,2,2.1792,2,2.09,0.07,+3.47%,620700
BMEA,2025-10-02,2.11,2.14,2.03,2.13,0.04,+1.91%,417000
BMEA,2025-10-03,2.15,2.23,2.13,2.15,0.02,+0.94%,404100
BMEA,2025-10-06,2.17,2.99,2.15,2.67,0.52,+24.19%,14446800
BMEA,2025-10-07,1.98,2.01,1.66,1.845,-0.825,-30.90%,21514900
BMEA,2025-10-08,1.87,1.89,1.67,1.68,-0.165,-8.94%,6974600
BMEA,2025-10-09,1.7,1.79,1.66,1.79,0.11,+6.55%,3356600
BMEA,2025-10-10,1.78,1.78,1.65,1.68,-0.11,-6.15%,3258100
BMEA,2025-10-13,1.69,1.7143,1.6,1.65,-0.03,-1.79%,1952600
BMEA,2025-10-14,1.63,1.68,1.5706,1.67,0.02,+1.21%,1642300
BMEA,2025-10-15,1.7,1.71,1.63,1.65,-0.02,-1.20%,1325500
BMEA,2025-10-16,1.65,1.69,1.59,1.59,-0.06,-3.64%,1341100
BMEA,2025-10-17,1.6,1.61,1.445,1.51,-0.08,-5.03%,2883900
BMEA,2025-10-20,1.53,1.62,1.53,1.6,0.09,+5.96%,1223900
BMEA,2025-10-21,1.61,1.62,1.56,1.59,-0.01,-0.63%,893200
BMEA,2025-10-22,1.58,1.58,1.41,1.44,-0.15,-9.43%,2955800
BMEA,2025-10-23,1.51,1.51,1.3401,1.38,-0.06,-4.17%,4440700
BMEA,2025-10-24,1.39,1.46,1.3805,1.46,0.08,+5.80%,1667500
BMEA,2025-10-27,1.48,1.5,1.39,1.42,-0.04,-2.74%,3081700
BMEA,2025-10-28,1.42,1.45,1.37,1.38,-0.04,-2.82%,1510100
BMEA,2025-10-29,1.41,1.42,1.34,1.37,-0.01,-0.72%,1229500
BMEA,2025-10-30,1.36,1.38,1.31,1.33,-0.04,-2.92%,1208300
BMEA,2025-10-31,1.36,1.38,1.31,1.36,0.03,+2.26%,818200
BMEA,2025-11-03,1.38,1.395,1.27,1.32,-0.04,-2.94%,1326100
BMEA,2025-11-04,1.29,1.32,1.24,1.26,-0.06,-4.55%,1219200
BMEA,2025-11-05,1.25,1.36,1.22,1.34,0.08,+6.35%,909400
BMEA,2025-11-06,1.33,1.34,1.28,1.3,-0.04,-2.99%,553900
BMEA,2025-11-07,1.27,1.38,1.24,1.37,0.07,+5.38%,1172300
BMEA,2025-11-10,1.4,1.4,1.33,1.37,0,0.00%,904400
BMEA,2025-11-11,1.37,1.405,1.3335,1.4,0.03,+2.19%,1026300
BMEA,2025-11-12,1.42,1.42,1.34,1.37,-0.03,-2.14%,496600
BMEA,2025-11-13,1.36,1.365,1.28,1.29,-0.08,-5.84%,1577300
BMEA,2025-11-14,1.27,1.315,1.26,1.28,-0.01,-0.78%,698700
BMEA,2025-11-17,1.25,1.25,1.15,1.16,-0.12,-9.38%,1980700
BMEA,2025-11-18,1.15,1.18,1.12,1.18,0.02,+1.72%,1017000
BMEA,2025-11-19,1.16,1.175,1.06,1.1,-0.08,-6.78%,1419000
BMEA,2025-11-20,1.11,1.14,1,1,-0.1,-9.09%,1571900
BMEA,2025-11-21,0.98,1,0.8719,0.982,-0.018,-1.80%,2546300
BMEA,2025-11-24,0.97,1.02,0.9301,1.01,0.028,+2.85%,1100400
BMEA,2025-11-25,1.02,1.04,0.9821,1.03,0.02,+1.98%,1052600
BMEA,2025-11-26,1.05,1.0999,1.02,1.07,0.04,+3.88%,1019000
BMEA,2025-11-28,1.05,1.12,1.05,1.09,0.02,+1.87%,691500
BMEA,2025-12-01,1.07,1.07,1.01,1.01,-0.08,-7.34%,867000
BMEA,2025-12-02,1.04,1.04,0.95,0.9573,-0.0527,-5.22%,1667000
BMEA,2025-12-03,1,1.07,0.9603,1.05,0.0927,+9.68%,1602000
BMEA,2025-12-04,1.04,1.2,1.0202,1.19,0.14,+13.33%,1719500
BMEA,2025-12-05,1.37,1.46,1.185,1.22,0.03,+2.52%,4952100
BMEA,2025-12-08,1.25,1.38,1.19,1.35,0.13,+10.66%,1952000
BMEA,2025-12-09,1.35,1.42,1.31,1.34,-0.01,-0.74%,1438900
BMEA,2025-12-10,1.38,1.56,1.35,1.54,0.2,+14.93%,3219400
BMEA,2025-12-11,1.53,1.54,1.4,1.52,-0.02,-1.30%,2166700
BMEA,2025-12-12,1.53,1.54,1.41,1.41,-0.11,-7.24%,1205400
BMEA,2025-12-15,1.47,1.47,1.28,1.34,-0.07,-4.96%,1693300
BMEA,2025-12-16,1.37,1.38,1.28,1.37,0.03,+2.24%,1087600
BMEA,2025-12-17,1.38,1.42,1.31,1.35,-0.02,-1.46%,974400
BMEA,2025-12-18,1.35,1.38,1.305,1.35,0,0.00%,770100
BMEA,2025-12-19,1.38,1.4,1.3,1.4,0.05,+3.70%,1494100
BMEA,2025-12-22,1.4,1.4091,1.325,1.33,-0.07,-5.00%,1079900
BMEA,2025-12-23,1.33,1.345,1.25,1.27,-0.06,-4.51%,894600
BMEA,2025-12-24,1.27,1.3,1.25,1.29,0.02,+1.57%,492900
BMEA,2025-12-26,1.27,1.335,1.24,1.32,0.03,+2.33%,532900
BMEA,2025-12-29,1.31,1.325,1.21,1.21,-0.11,-8.33%,917300
BMEA,2025-12-30,1.24,1.24,1.2,1.22,0.01,+0.83%,703500
BMEA,2025-12-31,1.2,1.255,1.195,1.24,0.02,+1.64%,869300
BMEA,2026-01-02,1.26,1.35,1.24,1.34,0.1,+8.06%,675200
BMEA,2026-01-05,1.35,1.36,1.27,1.28,-0.06,-4.48%,883600
BMEA,2026-01-06,1.28,1.28,1.225,1.26,-0.02,-1.56%,599100
BMEA,2026-01-07,1.24,1.365,1.24,1.33,0.07,+5.56%,900900
BMEA,2026-01-08,1.34,1.36,1.27,1.34,0.01,+0.75%,789000
BMEA,2026-01-09,1.36,1.44,1.335,1.42,0.08,+5.97%,1475100
BMEA,2026-01-12,1.46,1.55,1.43,1.46,0.04,+2.82%,2832200
BMEA,2026-01-13,1.52,1.53,1.43,1.52,0.06,+4.11%,1953600
BMEA,2026-01-14,1.52,1.655,1.501,1.62,0.1,+6.58%,2380400
BMEA,2026-01-15,1.66,1.66,1.38,1.395,-0.225,-13.89%,2494500
BMEA,2026-01-16,1.41,1.4402,1.31,1.41,0.015,+1.08%,1588600
BMEA,2026-01-20,1.34,1.43,1.3101,1.38,-0.03,-2.13%,1147800
BMEA,2026-01-21,1.4,1.43,1.35,1.41,0.03,+2.17%,910900
BMEA,2026-01-22,1.41,1.4794,1.38,1.43,0.02,+1.42%,738400
BMEA,2026-01-23,1.43,1.43,1.33,1.34,-0.09,-6.29%,1141000
BMEA,2026-01-26,1.33,1.34,1.26,1.27,-0.07,-5.22%,1118400
BMEA,2026-01-27,1.3,1.315,1.24,1.3,0.03,+2.36%,878700
BMEA,2026-01-28,1.31,1.32,1.235,1.26,-0.04,-3.08%,697400
BMEA,2026-01-29,1.27,1.27,1.16,1.18,-0.08,-6.35%,1637000
BMEA,2026-01-30,1.17,1.21,1.11,1.12,-0.06,-5.08%,1230600
BMEA,2026-02-02,1.12,1.17,1.04,1.1,-0.02,-1.79%,1394200
BMEA,2026-02-03,1.12,1.17,1.06,1.11,0.01,+0.91%,845800
BMEA,2026-02-04,1.12,1.125,1.03,1.09,-0.02,-1.80%,1009400
BMEA,2026-02-05,1.1,1.215,1.09,1.14,0.05,+4.59%,2765000
BMEA,2026-02-06,1.17,1.22,1.11,1.22,0.08,+7.02%,1187700
BMEA,2026-02-09,1.22,1.36,1.21,1.3,0.08,+6.56%,1045400
BMEA,2026-02-10,1.29,1.4,1.29,1.35,0.05,+3.85%,1092200
BMEA,2026-02-11,1.36,1.37,1.26,1.31,-0.04,-2.96%,656800
BMEA,2026-02-12,1.34,1.34,1.195,1.25,-0.06,-4.58%,817500
BMEA,2026-02-13,1.25,1.29,1.24,1.25,0,0.00%,326900
BMEA,2026-02-17,1.27,1.355,1.245,1.33,0.08,+6.40%,774800
BMEA,2026-02-18,1.32,1.3499,1.265,1.28,-0.05,-3.76%,708200
BMEA,2026-02-19,1.3,1.3299,1.26,1.32,0.04,+3.13%,660100
BMEA,2026-02-20,1.3,1.37,1.285,1.32,0,0.00%,758800
BMEA,2026-02-23,1.34,1.34,1.25,1.28,-0.04,-3.03%,495000
BMEA,2026-02-24,1.31,1.37,1.28,1.31,0.03,+2.34%,1197300
BMEA,2026-02-25,1.38,1.435,1.34,1.41,0.1,+7.63%,1308700
BMEA,2026-02-26,1.4,1.45,1.4,1.45,0.04,+2.84%,873100
BMEA,2026-02-27,1.42,1.46,1.33,1.37,-0.08,-5.52%,1165400
BMEA,2026-03-02,1.38,1.42,1.31,1.37,0,0.00%,878200
BMEA,2026-03-03,1.32,1.37,1.245,1.33,-0.04,-2.92%,1150100
BMEA,2026-03-04,1.39,1.41,1.32,1.39,0.06,+4.51%,759600
BMEA,2026-03-05,1.38,1.41,1.33,1.37,-0.02,-1.44%,578500
BMEA,2026-03-06,1.34,1.39,1.33,1.39,0.02,+1.46%,528700
BMEA,2026-03-09,1.35,1.5,1.325,1.42,0.03,+2.16%,1413300
BMEA,2026-03-10,1.42,1.59,1.42,1.47,0.05,+3.52%,1722200
BMEA,2026-03-11,1.49,1.5,1.425,1.5,0.03,+2.04%,558300
BMEA,2026-03-12,1.46,1.47,1.4,1.41,-0.09,-6.00%,751500
BMEA,2026-03-13,1.41,1.445,1.335,1.36,-0.05,-3.55%,610600
BMEA,2026-03-16,1.4,1.415,1.24,1.25,-0.11,-8.09%,1675000
BMEA,2026-03-17,1.27,1.29,1.19,1.22,-0.03,-2.40%,1358900
BMEA,2026-03-18,1.21,1.218,1.125,1.17,-0.05,-4.10%,1318700
BMEA,2026-03-19,1.15,1.155,1.09,1.09,-0.08,-6.84%,1540300
BMEA,2026-03-20,1.15,1.1554,1.1,1.14,0.05,+4.59%,984800
BMEA,2026-03-23,1.19,1.19,1.085,1.12,-0.02,-1.75%,1058100
BMEA,2026-03-24,1.12,1.14,1.07,1.13,0.01,+0.89%,1027300
BMEA,2026-03-25,1.14,1.265,1.14,1.22,0.09,+7.96%,1935000
BMEA,2026-03-26,1.25,1.43,1.2104,1.37,0.15,+12.30%,2904800
BMEA,2026-03-27,1.36,1.4177,1.265,1.32,-0.05,-3.65%,1851800
BMEA,2026-03-30,1.36,1.36,1.275,1.32,0,0.00%,864700
BMEA,2026-03-31,1.33,1.59,1.32,1.53,0.21,+15.91%,3899300
BMEA,2026-04-01,1.53,1.55,1.46,1.49,-0.04,-2.61%,1313300
BMEA,2026-04-02,1.47,1.54,1.39,1.54,0.05,+3.36%,1183500
BMEA,2026-04-06,1.53,1.55,1.49,1.51,-0.03,-1.95%,1352900
BMEA,2026-04-07,1.53,1.91,1.43,1.9,0.39,+25.83%,5663300
BMEA,2026-04-08,1.9,1.995,1.725,1.76,-0.14,-7.37%,4263900
BMEA,2026-04-09,1.73,1.91,1.68,1.85,0.09,+5.11%,2234300
BMEA,2026-04-10,1.85,1.88,1.7418,1.87,0.02,+1.08%,1133500
BMEA,2026-04-13,1.86,1.95,1.84,1.88,0.01,+0.53%,1349500
BMEA,2026-04-14,1.9,1.965,1.85,1.95,0.07,+3.72%,1546700
BMEA,2026-04-15,1.97,1.99,1.86,1.97,0.02,+1.03%,1213500
BMEA,2026-04-16,1.97,2,1.89,1.93,-0.04,-2.03%,1082900
BMEA,2026-04-17,1.98,2.22,1.9501,2.21,0.28,+14.51%,3436900
BMEA,2026-04-20,2.21,2.237,2.0311,2.05,-0.16,-7.24%,1718600
BMEA,2026-04-21,2.06,2.06,1.9,1.91,-0.14,-6.83%,1515800
BMEA,2026-04-22,1.94,1.97,1.785,1.85,-0.06,-3.14%,1624100
BMEA,2026-04-23,1.87,1.925,1.825,1.87,0.02,+1.08%,1167700
BMEA,2026-04-24,1.89,1.99,1.85,1.89,0.02,+1.07%,1249400
BMGL,2025-02-25,4.19,5.4,4.05,4.44,2.55,+134.92%,2611300
BMGL,2025-02-26,4.44,4.46,4,4.14,-0.3,-6.76%,218500
BMGL,2025-02-27,4.11,4.43,4,4.17,0.03,+0.72%,303200
BMGL,2025-02-28,4.1,4.378,4.08,4.1734,0.0034,+0.08%,362400
BMGL,2025-03-03,4.24,4.44,4.15,4.2,0.0266,+0.64%,909800
BMGL,2025-03-04,4.28,4.398,4,4.2,0,0.00%,112800
BMGL,2025-03-05,4.26,4.4,4.09,4.095,-0.105,-2.50%,44900
BMGL,2025-03-06,4.1,4.3,4.09,4.12,0.025,+0.61%,68200
BMGL,2025-03-07,4.1,4.19,4,4.02,-0.1,-2.43%,170500
BMGL,2025-03-10,4.01,4.09,3.75,3.911,-0.109,-2.71%,123300
BMGL,2025-03-11,3.91,4.2,3.91,4.06,0.149,+3.81%,46700
BMGL,2025-03-12,3.99,4.09,3.99,4.04,-0.02,-0.49%,8300
BMGL,2025-03-13,4.04,4.17,4.01,4.01,-0.03,-0.74%,123600
BMGL,2025-03-14,4,4.1,3.86,4.0893,0.0793,+1.98%,219200
BMGL,2025-03-17,4.0102,4.0541,3.97,4.04,-0.0493,-1.21%,201200
BMGL,2025-03-18,4.01,4.05,3.96,4.04,0,0.00%,7700
BMGL,2025-03-19,4.09,4.38,4.0014,4.2201,0.1801,+4.46%,115900
BMGL,2025-03-20,4.22,4.38,4.1,4.21,-0.0101,-0.24%,352600
BMGL,2025-03-21,4.13,4.26,4.02,4.21,0,0.00%,75000
BMGL,2025-03-24,4.22,4.37,4.08,4.18,-0.03,-0.71%,34900
BMGL,2025-03-25,4.16,4.1988,4.0189,4.15,-0.03,-0.72%,192400
BMGL,2025-03-26,4.15,4.2402,4.002,4.2402,0.0902,+2.17%,55800
BMGL,2025-03-27,4.23,4.35,4.05,4.3467,0.1065,+2.51%,217800
BMGL,2025-03-28,4.16,4.5554,4.14,4.5554,0.2087,+4.80%,218900
BMGL,2025-03-31,4.31,5.1975,4.31,4.88,0.3246,+7.13%,89100
BMGL,2025-04-01,5.04,5.1651,4.61,5,0.12,+2.46%,137900
BMGL,2025-04-02,4.95,5.19,4.84,5.18,0.18,+3.60%,249500
BMGL,2025-04-03,5.19,5.48,5,5.3,0.12,+2.32%,74100
BMGL,2025-04-04,5.28,5.49,5.1101,5.49,0.19,+3.58%,40000
BMGL,2025-04-07,5.29,5.5,5,5.1479,-0.3421,-6.23%,168200
BMGL,2025-04-08,5.08,5.2,3.63,4.13,-1.0179,-19.77%,477100
BMGL,2025-04-09,4.4,4.8,4.19,4.74,0.61,+14.77%,144000
BMGL,2025-04-10,4.5,4.92,4.4,4.705,-0.035,-0.74%,93500
BMGL,2025-04-11,4.7,4.95,4.11,4.5,-0.205,-4.36%,310200
BMGL,2025-04-14,4.68,4.68,4.25,4.48,-0.02,-0.44%,81700
BMGL,2025-04-15,4.12,4.43,4.12,4.31,-0.17,-3.79%,36500
BMGL,2025-04-16,4.35,4.5,4.2,4.41,0.1,+2.32%,48800
BMGL,2025-04-17,4.4,4.6283,4.34,4.45,0.04,+0.91%,78600
BMGL,2025-04-21,4.4,4.8,4.3,4.42,-0.03,-0.67%,64100
BMGL,2025-04-22,4.42,4.42,4.27,4.41,-0.01,-0.23%,2700
BMGL,2025-04-23,4.39,4.46,4.255,4.4,-0.01,-0.23%,12000
BMGL,2025-04-24,4.15,4.4755,4.15,4.4394,0.0394,+0.90%,11500
BMGL,2025-04-25,4.48,4.48,4.33,4.33,-0.1094,-2.46%,33600
BMGL,2025-04-28,4.45,4.56,3.9,4.1686,-0.1614,-3.73%,249900
BMGL,2025-04-29,4.16,4.3,4.1001,4.18,0.0114,+0.27%,108800
BMGL,2025-04-30,4.17,4.23,4.02,4.09,-0.09,-2.15%,46200
BMGL,2025-05-01,4.3262,4.3262,4.05,4.07,-0.02,-0.49%,52900
BMGL,2025-05-02,4.1,4.25,3.86,4.17,0.1,+2.46%,79800
BMGL,2025-05-05,3.98,4.22,3.86,4.22,0.05,+1.20%,31500
BMGL,2025-05-06,4.33,4.8,4.15,4.8,0.58,+13.74%,122700
BMGL,2025-05-07,4.32,4.9,4.32,4.72,-0.08,-1.67%,48400
BMGL,2025-05-08,4.6,4.755,4.55,4.73,0.01,+0.21%,49400
BMGL,2025-05-09,4.6,4.85,4.5,4.78,0.05,+1.06%,15200
BMGL,2025-05-12,4.339,4.7,4.339,4.7,-0.08,-1.67%,2064800
BMGL,2025-05-13,4.7,4.7,4.23,4.5,-0.2,-4.26%,1426300
BMGL,2025-05-14,4.5,6.5,1.64,1.9,-2.6,-57.78%,8274200
BMGL,2025-05-15,2,3.64,1.92,2.63,0.73,+38.42%,15274700
BMGL,2025-05-16,2.9,3.62,2.1,2.37,-0.26,-9.89%,10550700
BMGL,2025-05-19,2.37,2.45,2.11,2.13,-0.24,-10.13%,1003700
BMGL,2025-05-20,2.2,2.27,1.91,1.99,-0.14,-6.57%,2523000
BMGL,2025-05-21,1.9,1.955,1.76,1.87,-0.12,-6.03%,875500
BMGL,2025-05-22,1.86,1.95,1.175,1.18,-0.69,-36.90%,5119600
BMGL,2025-05-23,1.18,1.39,1.18,1.37,0.19,+16.10%,1562500
BMGL,2025-05-27,1.37,1.37,1.07,1.08,-0.29,-21.17%,2237800
BMGL,2025-05-28,1.11,1.11,0.91,1.02,-0.06,-5.56%,1229700
BMGL,2025-05-29,1,1.17,0.96,1.04,0.02,+1.96%,1203000
BMGL,2025-05-30,1.28,7.18,1.22,6.08,5.04,+484.62%,177398300
BMGL,2025-06-02,8.31,9.4,3.05,3.92,-2.16,-35.53%,67392500
BMGL,2025-06-03,4.38,5.2999,4.12,5.09,1.17,+29.85%,23089600
BMGL,2025-06-04,4.18,5.13,4.11,4.88,-0.21,-4.13%,4502000
BMGL,2025-06-05,4.46,4.68,3.7725,3.92,-0.96,-19.67%,2777800
BMGL,2025-06-06,3.79,4.22,3.41,3.93,0.01,+0.26%,1822100
BMGL,2025-06-09,3.96,5.07,3.8,4.41,0.48,+12.21%,2447100
BMGL,2025-06-10,4.3,4.64,4.0764,4.09,-0.32,-7.26%,984800
BMGL,2025-06-11,4.01,4.27,3.9,4.18,0.09,+2.20%,591700
BMGL,2025-06-12,4.07,4.92,4.07,4.7,0.52,+12.44%,1491800
BMGL,2025-06-13,4.39,4.85,2.93,3.46,-1.24,-26.38%,2568400
BMGL,2025-06-16,3.57,3.67,3,3.1,-0.36,-10.40%,1052500
BMGL,2025-06-17,3.04,3.09,2.5,2.71,-0.39,-12.58%,1126100
BMGL,2025-06-18,2.41,2.85,2.41,2.67,-0.04,-1.48%,359700
BMGL,2025-06-20,2.57,2.7,2.3501,2.43,-0.24,-8.99%,378200
BMGL,2025-06-23,2.39,2.63,2.3,2.41,-0.02,-0.82%,403300
BMGL,2025-06-24,2.42,2.46,2.11,2.24,-0.17,-7.05%,735200
BMGL,2025-06-25,2.2,2.2334,2.01,2.06,-0.18,-8.04%,507000
BMGL,2025-06-26,2.03,2.06,1.68,1.8,-0.26,-12.62%,974300
BMGL,2025-06-27,1.8,2.1496,1.7101,1.75,-0.05,-2.78%,681400
BMGL,2025-06-30,1.7,1.81,1.68,1.78,0.03,+1.71%,349100
BMGL,2025-07-01,1.75,1.7601,1.605,1.61,-0.17,-9.55%,491100
BMGL,2025-07-02,1.59,1.74,1.51,1.74,0.13,+8.07%,930500
BMGL,2025-07-03,1.72,1.765,1.6001,1.72,-0.02,-1.15%,401600
BMGL,2025-07-07,1.72,2.28,1.72,1.92,0.2,+11.63%,2141900
BMGL,2025-07-08,1.9,1.9163,1.76,1.82,-0.1,-5.21%,800200
BMGL,2025-07-09,3.11,3.73,2.63,3.62,1.8,+98.90%,85820900
BMGL,2025-07-10,2.9,3.3,2.81,2.97,-0.65,-17.96%,2532600
BMGL,2025-07-11,2.98,2.98,2.1,2.25,-0.72,-24.24%,2146400
BMGL,2025-07-14,2.29,4.55,2.23,3.06,0.81,+36.00%,32727400
BMGL,2025-07-15,2.74,2.9,2.5,2.56,-0.5,-16.34%,1598900
BMGL,2025-07-16,2.87,2.89,2.62,2.73,0.17,+6.64%,1696200
BMGL,2025-07-17,2.94,3.05,2.73,2.8,0.07,+2.56%,1298900
BMGL,2025-07-18,2.4,2.62,2.36,2.4,-0.4,-14.29%,931100
BMGL,2025-07-21,2.24,2.4677,2.21,2.34,-0.06,-2.50%,695300
BMGL,2025-07-22,2.29,2.355,2.2,2.2,-0.14,-5.98%,277800
BMGL,2025-07-23,2.2,2.34,2.17,2.29,0.09,+4.09%,274900
BMGL,2025-07-24,2.26,2.3,2.22,2.24,-0.05,-2.18%,231000
BMGL,2025-07-25,2.27,2.2826,2.16,2.25,0.01,+0.45%,160900
BMGL,2025-07-28,2.22,2.27,2.1701,2.24,-0.01,-0.44%,128900
BMGL,2025-07-29,2.2,2.26,2.15,2.15,-0.09,-4.02%,101900
BMGL,2025-07-30,2.1,2.18,2.07,2.09,-0.06,-2.79%,353200
BMGL,2025-07-31,2.16,2.28,2.14,2.19,0.1,+4.78%,213500
BMGL,2025-08-01,2.12,2.18,2.01,2.02,-0.17,-7.76%,103100
BMGL,2025-08-04,2,2.25,2,2.06,0.04,+1.98%,238800
BMGL,2025-08-05,2.03,2.13,2.03,2.05,-0.01,-0.49%,121900
BMGL,2025-08-06,2.01,2.19,2.01,2.11,0.06,+2.93%,225200
BMGL,2025-08-07,2.09,2.12,2.02,2.06,-0.05,-2.37%,111100
BMGL,2025-08-08,2.01,2.09,2.01,2.075,0.015,+0.73%,76600
BMGL,2025-08-11,2.05,2.1,2.03,2.07,-0.005,-0.24%,92300
BMGL,2025-08-12,2.02,2.18,2.01,2.18,0.11,+5.31%,176700
BMGL,2025-08-13,2.2,2.2,2.06,2.1,-0.08,-3.67%,118100
BMGL,2025-08-14,2.06,2.06,2,2.05,-0.05,-2.38%,165100
BMGL,2025-08-15,2.01,2.0499,1.93,1.97,-0.08,-3.90%,92800
BMGL,2025-08-18,1.94,2.12,1.94,2.09,0.12,+6.09%,233300
BMGL,2025-08-19,2,2.06,1.91,1.91,-0.18,-8.61%,138400
BMGL,2025-08-20,1.89,1.95,1.8,1.94,0.03,+1.57%,109200
BMGL,2025-08-21,1.91,1.94,1.88,1.9,-0.04,-2.06%,42100
BMGL,2025-08-22,1.88,2.03,1.88,1.98,0.08,+4.21%,143000
BMGL,2025-08-25,2.03,2.03,1.95,1.99,0.01,+0.51%,48100
BMGL,2025-08-26,1.98,2.02,1.9411,2.02,0.03,+1.51%,85300
BMGL,2025-08-27,1.96,2.02,1.96,1.96,-0.06,-2.97%,134200
BMGL,2025-08-28,2.04,2.04,1.9,1.98,0.02,+1.02%,53100
BMGL,2025-08-29,1.98,2.065,1.96,2.04,0.06,+3.03%,84600
BMGL,2025-09-02,1.94,2.04,1.94,2,-0.04,-1.96%,54900
BMGL,2025-09-03,2,2.03,1.97,1.97,-0.03,-1.50%,127900
BMGL,2025-09-04,2,2.0152,1.93,1.93,-0.04,-2.03%,41700
BMGL,2025-09-05,1.92,2.06,1.92,2.02,0.09,+4.66%,112100
BMGL,2025-09-08,2,2,1.95,1.95,-0.07,-3.47%,67600
BMGL,2025-09-09,1.92,1.98,1.91,1.95,0,0.00%,81200
BMGL,2025-09-10,1.96,2.06,1.94,2.06,0.11,+5.64%,187900
BMGL,2025-09-11,2.02,2.05,1.95,2,-0.06,-2.91%,121500
BMGL,2025-09-12,2,2.02,1.96,1.98,-0.02,-1.00%,62500
BMGL,2025-09-15,1.95,2,1.95,1.98,0,0.00%,53500
BMGL,2025-09-16,1.99,2.15,1.97,2.07,0.09,+4.55%,164100
BMGL,2025-09-17,2.0001,2.055,1.82,1.85,-0.22,-10.63%,389800
BMGL,2025-09-18,1.97,1.9741,1.84,1.845,-0.005,-0.27%,227000
BMGL,2025-09-19,1.83,1.88,1.75,1.79,-0.055,-2.98%,176700
BMGL,2025-09-22,1.79,1.8007,1.76,1.78,-0.01,-0.56%,72500
BMGL,2025-09-23,1.8,1.94,1.8,1.86,0.08,+4.49%,166800
BMGL,2025-09-24,1.85,1.87,1.81,1.81,-0.05,-2.69%,257300
BMGL,2025-09-25,1.8,1.83,1.71,1.78,-0.03,-1.66%,136800
BMGL,2025-09-26,1.81,1.81,1.72,1.76,-0.02,-1.12%,60700
BMGL,2025-09-29,1.73,1.815,1.73,1.79,0.03,+1.70%,60600
BMGL,2025-09-30,1.79,1.85,1.7886,1.82,0.03,+1.68%,151000
BMGL,2025-10-01,1.76,1.82,1.71,1.725,-0.095,-5.22%,179000
BMGL,2025-10-02,1.72,1.75,1.6022,1.64,-0.085,-4.93%,217300
BMGL,2025-10-03,1.59,1.74,1.59,1.61,-0.03,-1.83%,248900
BMGL,2025-10-06,1.6,1.65,1.55,1.56,-0.05,-3.11%,167800
BMGL,2025-10-07,1.55,1.5812,1.51,1.51,-0.05,-3.21%,81300
BMGL,2025-10-08,1.55,1.62,1.515,1.61,0.1,+6.62%,311500
BMGL,2025-10-09,1.69,1.69,1.61,1.65,0.04,+2.48%,50800
BMGL,2025-10-10,1.61,1.69,1.61,1.64,-0.01,-0.61%,156900
BMGL,2025-10-13,1.59,1.59,1.49,1.52,-0.12,-7.32%,85200
BMGL,2025-10-14,1.51,1.63,1.43,1.57,0.05,+3.29%,71800
BMGL,2025-10-15,1.57,1.61,1.54,1.57,0,0.00%,90700
BMGL,2025-10-16,1.57,1.63,1.52,1.53,-0.04,-2.55%,57600
BMGL,2025-10-17,1.51,1.56,1.4931,1.52,-0.01,-0.65%,46300
BMGL,2025-10-20,1.49,1.81,1.49,1.64,0.12,+7.89%,175500
BMGL,2025-10-21,1.65,1.7636,1.62,1.62,-0.02,-1.22%,22200
BMGL,2025-10-22,1.58,1.7,1.56,1.63,0.01,+0.62%,154000
BMGL,2025-10-23,1.62,1.63,1.57,1.57,-0.06,-3.68%,35700
BMGL,2025-10-24,1.61,1.66,1.561,1.66,0.09,+5.73%,73800
BMGL,2025-10-27,1.65,1.65,1.56,1.56,-0.1,-6.02%,21600
BMGL,2025-10-28,1.55,1.62,1.5101,1.59,0.03,+1.92%,36700
BMGL,2025-10-29,1.59,1.6,1.53,1.53,-0.06,-3.77%,70200
BMGL,2025-10-30,1.53,1.58,1.53,1.57,0.04,+2.61%,15700
BMGL,2025-10-31,1.56,1.56,1.5,1.51,-0.06,-3.82%,41900
BMGL,2025-11-03,1.55,1.56,1.49,1.55,0.04,+2.65%,54300
BMGL,2025-11-04,1.51,1.56,1.45,1.45,-0.1,-6.45%,53300
BMGL,2025-11-05,1.41,1.45,1.36,1.438,-0.012,-0.83%,95600
BMGL,2025-11-06,1.44,1.51,1.4,1.49,0.052,+3.62%,38600
BMGL,2025-11-07,1.43,1.4734,1.4,1.41,-0.08,-5.37%,30700
BMGL,2025-11-10,1.42,1.46,1.41,1.458,0.048,+3.40%,22100
BMGL,2025-11-11,1.43,1.54,1.408,1.462,0.004,+0.27%,90100
BMGL,2025-11-12,1.46,1.46,1.4,1.4,-0.062,-4.24%,60200
BMGL,2025-11-13,1.44,1.475,1.26,1.26,-0.14,-10.00%,62400
BMGL,2025-11-14,1.22,1.22,1.122,1.21,-0.05,-3.97%,62800
BMGL,2025-11-17,1.17,1.28,1.12,1.12,-0.09,-7.44%,45700
BMGL,2025-11-18,1.13,1.2691,1.1,1.14,0.02,+1.79%,63000
BMGL,2025-11-19,1.165,1.23,1.1417,1.15,0.01,+0.88%,71700
BMGL,2025-11-20,1.2,1.27,1.2,1.23,0.08,+6.96%,25400
BMGL,2025-11-21,1.18,1.26,1.18,1.19,-0.04,-3.25%,20900
BMGL,2025-11-24,1.16,1.21,1.1,1.15,-0.04,-3.36%,59700
BMGL,2025-11-25,1.16,1.2,1.1501,1.16,0.01,+0.87%,13800
BMGL,2025-11-26,1.15,1.2,1.14,1.175,0.015,+1.29%,34700
BMGL,2025-11-28,1.24,1.24,1.18,1.19,0.015,+1.28%,22600
BMGL,2025-12-01,1.16,1.23,1.14,1.16,-0.03,-2.52%,16600
BMGL,2025-12-02,1.16,1.19,1.11,1.12,-0.04,-3.45%,32900
BMGL,2025-12-03,1.15,1.16,1.09,1.12,0,0.00%,49800
BMGL,2025-12-04,1.09,1.14,1.08,1.09,-0.03,-2.68%,21700
BMGL,2025-12-05,1.08,1.0893,1.01,1.05,-0.04,-3.67%,85200
BMGL,2025-12-08,1.02,1.02,0.9199,0.9199,-0.1301,-12.39%,129600
BMGL,2025-12-09,0.9,0.9,0.7501,0.76,-0.1599,-17.38%,254700
BMGL,2025-12-10,0.75,0.7548,0.7,0.7211,-0.0389,-5.12%,93700
BMGL,2025-12-11,0.7174,0.7799,0.705,0.705,-0.0161,-2.23%,46800
BMGL,2025-12-12,0.7616,1.06,0.7615,0.923,0.218,+30.92%,1519100
BMGL,2025-12-15,0.93,0.93,0.806,0.8585,-0.0645,-6.99%,138400
BMGL,2025-12-16,0.76,0.85,0.7465,0.762,-0.0965,-11.24%,104100
BMGL,2025-12-17,0.68,0.8024,0.68,0.75,-0.012,-1.57%,124400
BMGL,2025-12-18,0.7275,0.75,0.7102,0.74,-0.01,-1.33%,41700
BMGL,2025-12-19,0.74,0.7791,0.72,0.72,-0.02,-2.70%,35000
BMGL,2025-12-22,0.705,0.75,0.705,0.71,-0.01,-1.39%,34800
BMGL,2025-12-23,0.7051,0.7198,0.6602,0.6612,-0.0488,-6.87%,61800
BMGL,2025-12-24,0.661,0.661,0.6301,0.6463,-0.0149,-2.25%,16700
BMGL,2025-12-26,0.6,0.6361,0.6,0.6101,-0.0362,-5.60%,80100
BMGL,2025-12-29,0.57,0.5924,0.5055,0.5323,-0.0778,-12.75%,136400
BMGL,2025-12-30,0.552,0.5785,0.52,0.52,-0.0123,-2.31%,86300
BMGL,2025-12-31,0.52,0.56,0.4872,0.49,-0.03,-5.77%,109300
BMGL,2026-01-02,0.49,0.5971,0.49,0.571,0.081,+16.53%,36500
BMGL,2026-01-05,0.5684,0.6346,0.5684,0.5891,0.0181,+3.17%,24500
BMGL,2026-01-06,0.6,0.7311,0.5906,0.61,0.0209,+3.55%,200100
BMGL,2026-01-07,0.625,0.6987,0.61,0.697,0.087,+14.26%,83500
BMGL,2026-01-08,0.666,0.7498,0.66,0.6601,-0.0369,-5.29%,70000
BMGL,2026-01-09,0.66,0.66,0.63,0.6337,-0.0264,-4.00%,18500
BMGL,2026-01-12,0.657,0.6703,0.606,0.6467,0.013,+2.05%,41900
BMGL,2026-01-13,0.649,0.7284,0.607,0.7278,0.0811,+12.54%,51300
BMGL,2026-01-14,0.705,0.79,0.6965,0.79,0.0622,+8.55%,42100
BMGL,2026-01-15,0.79,0.8999,0.776,0.83,0.04,+5.06%,74700
BMGL,2026-01-16,0.857,0.8665,0.8052,0.829,-0.001,-0.12%,21400
BMGL,2026-01-20,0.8066,0.8066,0.7429,0.7597,-0.0693,-8.36%,27900
BMGL,2026-01-21,0.7334,0.782,0.68,0.7778,0.0181,+2.38%,15800
BMGL,2026-01-22,0.7778,0.8,0.7536,0.7801,0.0023,+0.30%,8400
BMGL,2026-01-23,0.79,0.83,0.7853,0.7999,0.0198,+2.54%,42200
BMGL,2026-01-26,0.78,0.8112,0.7324,0.7716,-0.0283,-3.54%,25500
BMGL,2026-01-27,0.7324,0.8099,0.7182,0.8063,0.0347,+4.50%,18300
BMGL,2026-01-28,0.8,0.8,0.74,0.7925,-0.0138,-1.71%,21100
BMGL,2026-01-29,0.8,0.9244,0.74,0.895,0.1025,+12.93%,75400
BMGL,2026-01-30,0.9,0.9,0.71,0.7136,-0.1814,-20.27%,135900
BMGL,2026-02-02,0.7081,0.82,0.7043,0.7301,0.0165,+2.31%,28700
BMGL,2026-02-03,0.7005,0.7276,0.699,0.6992,-0.0309,-4.23%,8500
BMGL,2026-02-04,0.6535,0.7007,0.61,0.6397,-0.0595,-8.51%,98000
BMGL,2026-02-05,0.64,0.64,0.6,0.6117,-0.028,-4.38%,31700
BMGL,2026-02-06,0.6,0.651,0.6,0.651,0.0393,+6.42%,38700
BMGL,2026-02-09,0.67,0.7,0.61,0.62,-0.031,-4.76%,19400
BMGL,2026-02-10,0.621,0.6818,0.611,0.6111,-0.0089,-1.44%,22400
BMGL,2026-02-11,0.61,0.61,0.6002,0.6005,-0.0106,-1.73%,3200
BMGL,2026-02-12,0.61,0.63,0.61,0.6101,0.0096,+1.60%,17000
BMGL,2026-02-13,0.61,0.711,0.61,0.6302,0.0201,+3.29%,342300
BMGL,2026-02-17,0.651,0.6899,0.65,0.6798,0.0496,+7.87%,20800
BMGL,2026-02-18,0.6799,0.71,0.6781,0.706,0.0262,+3.85%,14600
BMGL,2026-02-19,0.72,0.72,0.68,0.6802,-0.0258,-3.65%,4900
BMGL,2026-02-20,0.6701,0.7064,0.6399,0.6399,-0.0403,-5.92%,36300
BMGL,2026-02-23,0.625,0.625,0.61,0.615,-0.0249,-3.89%,15300
BMGL,2026-02-24,0.615,0.6395,0.6141,0.6141,-0.0009,-0.15%,8900
BMGL,2026-02-25,0.6148,0.6736,0.6148,0.63,0.0159,+2.59%,8700
BMGL,2026-02-26,0.62,0.6475,0.62,0.62,-0.01,-1.59%,4400
BMGL,2026-02-27,0.62,0.62,0.6,0.6003,-0.0197,-3.18%,10000
BMGL,2026-03-02,0.6,0.616,0.6,0.6007,0.0004,+0.07%,6800
BMGL,2026-03-03,0.6,0.6,0.57,0.57,-0.0307,-5.11%,11600
BMGL,2026-03-04,0.5825,0.67,0.57,0.608,0.038,+6.67%,17100
BMGL,2026-03-05,0.6079,0.6079,0.5863,0.5985,-0.0095,-1.56%,8000
BMGL,2026-03-06,0.5702,0.59,0.5702,0.59,-0.0085,-1.42%,5900
BMGL,2026-03-09,0.525,0.6,0.525,0.5899,-0.0001,-0.02%,3200
BMGL,2026-03-10,0.582,0.6,0.575,0.599,0.0091,+1.54%,18500
BMGL,2026-03-11,0.607,0.6111,0.6,0.6111,0.0121,+2.02%,5900
BMGL,2026-03-12,0.61,0.6111,0.5827,0.5969,-0.0142,-2.32%,11700
BMGL,2026-03-13,0.6,0.6191,0.6,0.6191,0.0222,+3.72%,9500
BMGL,2026-03-16,0.5962,0.608,0.58,0.595,-0.0241,-3.89%,19000
BMGL,2026-03-17,0.601,0.601,0.58,0.595,0,0.00%,3600
BMGL,2026-03-18,0.55,0.603,0.55,0.603,0.008,+1.34%,25400
BMGL,2026-03-19,0.6,0.6499,0.59,0.59,-0.013,-2.16%,19900
BMGL,2026-03-20,0.581,0.79,0.58,0.7428,0.1528,+25.90%,393700
BMGL,2026-03-23,0.7358,0.7358,0.5999,0.6901,-0.0527,-7.09%,50400
BMGL,2026-03-24,0.64,0.705,0.5888,0.64,-0.0501,-7.26%,10800
BMGL,2026-03-25,0.65,0.65,0.6003,0.606,-0.034,-5.31%,14300
BMGL,2026-03-26,0.6241,0.6241,0.61,0.6145,0.0085,+1.40%,5500
BMGL,2026-03-27,0.5715,0.6182,0.52,0.5369,-0.0776,-12.63%,36800
BMGL,2026-03-30,0.5415,0.579,0.5415,0.5501,0.0132,+2.46%,5100
BMGL,2026-03-31,0.58,0.6097,0.58,0.5901,0.04,+7.27%,13000
BMGL,2026-04-01,0.6145,0.6145,0.5901,0.614,0.0239,+4.05%,8900
BMGL,2026-04-02,0.6139,0.6139,0.5929,0.5951,-0.0189,-3.08%,1300
BMGL,2026-04-06,0.61,0.61,0.595,0.601,0.0059,+0.99%,8900
BMGL,2026-04-07,0.609,0.6275,0.595,0.595,-0.006,-1.00%,20912
BMGL,2026-04-08,0.6078,0.6124,0.6,0.6,0.005,+0.84%,5100
BMGL,2026-04-09,0.598,0.6237,0.598,0.619,0.019,+3.17%,13900
BMGL,2026-04-10,0.598,0.598,0.5658,0.5891,-0.0299,-4.83%,28400
BMGL,2026-04-13,0.5659,0.59,0.55,0.5519,-0.0372,-6.31%,24400
BMGL,2026-04-14,0.6,0.6,0.5601,0.59,0.0381,+6.90%,5400
BMGL,2026-04-15,0.55,0.6,0.55,0.6,0.01,+1.69%,9200
BMGL,2026-04-16,0.56,0.6,0.56,0.5999,-0.0001,-0.02%,11700
BMGL,2026-04-17,0.58,0.5835,0.5422,0.571,-0.0289,-4.82%,45600
BMGL,2026-04-20,0.62,0.632,0.5731,0.6224,0.0514,+9.00%,35800
BMGL,2026-04-21,0.6257,0.63,0.61,0.6199,-0.0025,-0.40%,11100
BMGL,2026-04-22,0.6,0.64,0.6,0.62,0.0001,+0.02%,45200
BMGL,2026-04-23,0.61,0.6395,0.6,0.62,0,0.00%,13000
BMGL,2026-04-24,0.61,0.62,0.6051,0.62,0,0.00%,7800
BMHL,2025-07-11,4.2,4.3,4,4,3.38,+545.16%,1728200
BMHL,2025-07-14,3.895,4.11,3.8,3.9802,-0.0198,-0.50%,414100
BMHL,2025-07-15,3.77,4.17,3.77,3.96,-0.0202,-0.51%,250900
BMHL,2025-07-16,3.98,4.05,3.84,3.85,-0.11,-2.78%,149300
BMHL,2025-07-17,3.89,3.9899,3.7501,3.94,0.09,+2.34%,42700
BMHL,2025-07-18,3.91,4.125,3.91,4.12,0.18,+4.57%,77000
BMHL,2025-07-21,4.14,4.14,4,4.0899,-0.0301,-0.73%,49900
BMHL,2025-07-22,4.04,4.49,4.01,4.16,0.0701,+1.71%,190400
BMHL,2025-07-23,4.35,4.35,4.1,4.24,0.08,+1.92%,385300
BMHL,2025-07-24,4.22,4.31,4.18,4.18,-0.06,-1.42%,185000
BMHL,2025-07-25,4.24,4.34,4.11,4.18,0,0.00%,361500
BMHL,2025-07-28,4.24,4.35,4.1125,4.35,0.17,+4.07%,42100
BMHL,2025-07-29,4.35,4.42,3.91,4.2981,-0.0519,-1.19%,253900
BMHL,2025-07-30,4.279,4.279,3.81,4.1806,-0.1175,-2.73%,15500
BMHL,2025-07-31,4.15,4.16,3.6,3.65,-0.5306,-12.69%,98200
BMHL,2025-08-01,3.4,3.99,3.4,3.9093,0.2593,+7.10%,28700
BMHL,2025-08-04,3.78,3.9,3.7203,3.87,-0.0393,-1.01%,3900
BMHL,2025-08-05,3.85,3.961,3.81,3.95,0.08,+2.07%,66400
BMHL,2025-08-06,3.85,4.039,3.85,3.98,0.03,+0.76%,65400
BMHL,2025-08-07,3.9,4,3.835,4,0.02,+0.50%,62900
BMHL,2025-08-08,4,4.01,3.75,4.01,0.01,+0.25%,56500
BMHL,2025-08-11,4.09,4.1,3.8231,4.005,-0.005,-0.12%,17000
BMHL,2025-08-12,3.94,4.1,3.9301,4.06,0.055,+1.37%,23800
BMHL,2025-08-13,4.04,4.18,4.04,4.18,0.12,+2.96%,16900
BMHL,2025-08-14,4.2,4.2,4.1,4.2,0.02,+0.48%,6200
BMHL,2025-08-15,4.14,4.19,4.03,4.0901,-0.1099,-2.62%,8200
BMHL,2025-08-18,4.08,4.0899,3.9016,4,-0.0901,-2.20%,7700
BMHL,2025-08-19,4.1717,4.1717,4.004,4.15,0.15,+3.75%,5200
BMHL,2025-08-20,4.02,4.17,3.92,3.95,-0.2,-4.82%,12800
BMHL,2025-08-21,3.88,4.1699,3.76,3.8348,-0.1152,-2.92%,16600
BMHL,2025-08-22,3.7,3.85,3.63,3.84,0.0052,+0.14%,10400
BMHL,2025-08-25,3.71,4.1369,3.71,4.1369,0.2969,+7.73%,15300
BMHL,2025-08-26,3.97,3.98,3.97,3.98,-0.1569,-3.79%,3600
BMHL,2025-08-27,3.91,3.91,3.9,3.9,-0.08,-2.01%,700
BMHL,2025-08-28,3.94,3.9429,3.64,3.9,0,0.00%,8200
BMHL,2025-08-29,3.875,3.875,3.72,3.7894,-0.1106,-2.84%,1400
BMHL,2025-09-02,3.73,3.7464,3.73,3.7464,-0.043,-1.13%,800
BMHL,2025-09-03,3.7368,3.8407,3.67,3.8407,0.0943,+2.52%,5800
BMHL,2025-09-04,3.8,3.9099,3.7,3.9099,0.0692,+1.80%,900
BMHL,2025-09-05,3.72,3.8899,3.7,3.8899,-0.02,-0.51%,2800
BMHL,2025-09-08,3.64,3.88,3.64,3.88,-0.0099,-0.25%,2300
BMHL,2025-09-09,3.57,3.8776,3.57,3.85,-0.03,-0.77%,20500
BMHL,2025-09-10,3.8375,3.8375,3.68,3.68,-0.17,-4.42%,1500
BMHL,2025-09-11,3.65,3.8778,3.62,3.64,-0.04,-1.09%,7200
BMHL,2025-09-12,3.65,3.91,3.6,3.91,0.27,+7.42%,2100
BMHL,2025-09-15,3.51,3.91,3.51,3.72,-0.19,-4.86%,4700
BMHL,2025-09-16,3.51,3.91,3.51,3.78,0.06,+1.61%,9800
BMHL,2025-09-17,3.5,3.91,3.5,3.8499,0.0699,+1.85%,13800
BMHL,2025-09-18,3.6,3.85,3.56,3.6301,-0.2198,-5.71%,14800
BMHL,2025-09-19,3.62,3.7726,3.62,3.7726,0.1425,+3.93%,400
BMHL,2025-09-22,3.78,3.8196,3.56,3.8196,0.047,+1.25%,4300
BMHL,2025-09-23,3.6,3.8,3.57,3.8,-0.0196,-0.51%,1200
BMHL,2025-09-24,3.669,3.7602,3.56,3.7602,-0.0398,-1.05%,1300
BMHL,2025-09-25,3.3741,3.675,3.3741,3.64,-0.1202,-3.20%,10500
BMHL,2025-09-29,3.67,3.67,3.5,3.64,0,0.00%,2200
BMHL,2025-10-01,3.4,3.63,3.4,3.63,-0.01,-0.27%,1200
BMHL,2025-10-02,3.63,3.9,3.52,3.76,0.13,+3.58%,2900
BMHL,2025-10-03,3.7,3.7,3.7,3.7,-0.06,-1.60%,800
BMHL,2025-10-06,3.45,3.75,3.42,3.45,-0.25,-6.76%,4100
BMHL,2025-10-07,3.3766,3.5,3.3766,3.5,0.05,+1.45%,4400
BMHL,2025-10-08,3.55,3.87,3.55,3.87,0.37,+10.57%,900
BMHL,2025-10-10,3.45,3.75,3.38,3.38,-0.49,-12.66%,1300
BMHL,2025-10-13,3.6,3.6,3.39,3.55,0.17,+5.03%,1700
BMHL,2025-10-14,3.38,3.48,3.375,3.375,-0.175,-4.93%,1600
BMHL,2025-10-15,3.589,3.589,3.5,3.5,0.125,+3.70%,900
BMHL,2025-10-16,3.2,3.46,3.1501,3.3,-0.2,-5.71%,3800
BMHL,2025-10-17,3.16,3.23,3.08,3.1123,-0.1877,-5.69%,5300
BMHL,2025-10-20,3.36,3.4,3.08,3.3427,0.2304,+7.40%,18400
BMHL,2025-10-21,3.15,3.4,3.1,3.4,0.0573,+1.71%,25900
BMHL,2025-10-23,3,3.2999,2.72,3.2999,-0.1001,-2.94%,7600
BMHL,2025-10-24,3.08,3.3,3,3.23,-0.0699,-2.12%,6000
BMHL,2025-10-27,3,3.4,2.9301,3.4,0.17,+5.26%,3600
BMHL,2025-10-28,3.26,3.5708,3.26,3.5708,0.1708,+5.02%,400
BMHL,2025-10-29,3.25,3.4,3.07,3.07,-0.5008,-14.02%,800
BMHL,2025-10-30,3.0501,3.91,3.0501,3.77,0.7,+22.80%,10000
BMHL,2025-10-31,3.47,3.47,3.32,3.32,-0.45,-11.94%,1100
BMHL,2025-11-03,3.32,3.59,3.07,3.42,0.1,+3.01%,8100
BMHL,2025-11-04,3.4,3.6434,3.25,3.4317,0.0117,+0.34%,3800
BMHL,2025-11-05,3.25,3.25,3.24,3.24,-0.1917,-5.59%,500
BMHL,2025-11-06,3.06,3.3499,3,3.12,-0.12,-3.70%,3100
BMHL,2025-11-07,3.3,3.3,3.3,3.3,0.18,+5.77%,700
BMHL,2025-11-10,3.3,3.3,3.03,3.15,-0.15,-4.55%,2100
BMHL,2025-11-12,3.2,3.2,3.2,3.2,0.05,+1.59%,700
BMHL,2025-11-13,3.1,3.3,3.09,3.15,-0.05,-1.56%,2800
BMHL,2025-11-14,3.17,3.55,3.15,3.5,0.35,+11.11%,5200
BMHL,2025-11-17,3.55,3.63,3.55,3.55,0.05,+1.43%,1300
BMHL,2025-11-18,3.23,3.58,3.23,3.58,0.03,+0.85%,700
BMHL,2025-11-19,3.55,3.55,3.25,3.5,-0.08,-2.23%,800
BMHL,2025-11-20,3.27,3.46,3.0835,3.2,-0.3,-8.57%,2300
BMHL,2025-11-21,3.01,3.89,3,3.48,0.28,+8.75%,11800
BMHL,2025-11-24,3.49,3.51,3.26,3.3,-0.18,-5.17%,3900
BMHL,2025-11-25,3.3,3.6,3.13,3.55,0.25,+7.58%,3300
BMHL,2025-11-26,3.42,3.42,3.42,3.42,-0.13,-3.66%,500
BMHL,2025-11-28,3.6,3.6,3.11,3.42,0,0.00%,3500
BMHL,2025-12-01,3.5,3.5,3.21,3.476,0.056,+1.64%,700
BMHL,2025-12-02,3.4519,3.462,3.14,3.3,-0.176,-5.06%,3900
BMHL,2025-12-03,3.3,3.5,3.3,3.31,0.01,+0.30%,3600
BMHL,2025-12-04,3.1301,3.37,3.1301,3.37,0.06,+1.81%,1300
BMHL,2025-12-08,3.34,3.98,3.34,3.6,0.23,+6.82%,15700
BMHL,2025-12-09,3.91,3.98,3.66,3.9499,0.3499,+9.72%,3900
BMHL,2025-12-10,3.73,3.73,3.36,3.6799,-0.27,-6.84%,3900
BMHL,2025-12-11,3.45,3.7,3.45,3.5,-0.1799,-4.89%,400
BMHL,2025-12-12,3.6,3.6,3.35,3.35,-0.15,-4.29%,700
BMHL,2025-12-15,3.25,3.5,3.25,3.44,0.09,+2.69%,1500
BMHL,2025-12-16,3.6,3.6,3.3,3.55,0.11,+3.20%,6300
BMHL,2025-12-17,3.6,3.61,3.21,3.61,0.06,+1.69%,3700
BMHL,2025-12-18,3.52,3.9,3.52,3.55,-0.06,-1.66%,6500
BMHL,2025-12-19,3.5,3.8,3.5,3.6546,0.1046,+2.95%,5200
BMHL,2025-12-22,3.61,3.6999,3.4,3.6999,0.0453,+1.24%,3300
BMHL,2025-12-23,3.35,3.98,3.31,3.7,0.0001,0.00%,10800
BMHL,2025-12-24,3.42,3.68,3.4,3.6199,-0.0801,-2.16%,3900
BMHL,2025-12-26,3.51,3.52,3.36,3.38,-0.2399,-6.63%,8800
BMHL,2025-12-29,3.46,3.65,3.46,3.65,0.27,+7.99%,3000
BMHL,2025-12-30,3.4,3.55,3.4,3.5,-0.15,-4.11%,1900
BMHL,2025-12-31,3.6,3.63,3.3,3.33,-0.17,-4.86%,2700
BMHL,2026-01-02,3.6,3.9,3.4,3.5,0.17,+5.11%,3900
BMHL,2026-01-05,3.65,3.9,3.6,3.65,0.15,+4.29%,10700
BMHL,2026-01-06,3.7,3.7,3.56,3.7,0.05,+1.37%,3300
BMHL,2026-01-07,3.61,3.725,3.55,3.725,0.025,+0.68%,5300
BMHL,2026-01-08,3.7,3.7,3.42,3.44,-0.285,-7.65%,6200
BMHL,2026-01-09,3.34,3.88,3.34,3.59,0.15,+4.36%,1800
BMHL,2026-01-12,3.4,3.5829,3.4,3.48,-0.11,-3.06%,2400
BMHL,2026-01-13,3.35,3.68,3.35,3.6483,0.1683,+4.84%,5300
BMHL,2026-01-14,3.58,3.6203,3.5,3.58,-0.0683,-1.87%,3800
BMHL,2026-01-15,3.59,3.86,3.44,3.705,0.125,+3.49%,7700
BMHL,2026-01-16,3.76,3.785,3.62,3.7293,0.0243,+0.66%,3900
BMHL,2026-01-20,3.59,3.725,3.53,3.55,-0.1793,-4.81%,8800
BMHL,2026-01-21,3.65,3.7003,3.55,3.6251,0.0751,+2.12%,1200
BMHL,2026-01-23,3.695,3.695,3.695,3.695,0.0699,+1.93%,400
BMHL,2026-01-26,3.59,3.8,3.59,3.8,0.105,+2.84%,300
BMHL,2026-01-27,3.65,3.75,3.65,3.75,-0.05,-1.32%,700
BMHL,2026-01-28,3.6,3.6,3.43,3.55,-0.2,-5.33%,4100
BMHL,2026-01-30,3.5,3.78,3.2,3.6,0.05,+1.41%,16400
BMHL,2026-02-02,3.69,3.69,3.51,3.68,0.08,+2.22%,2200
BMHL,2026-02-03,3.6725,3.71,3.6404,3.71,0.03,+0.82%,2200
BMHL,2026-02-04,3.7,3.72,3.68,3.72,0.01,+0.27%,2500
BMHL,2026-02-05,3.66,3.66,3.58,3.66,-0.06,-1.61%,5000
BMHL,2026-02-09,3.48,3.7099,3.48,3.7099,0.0499,+1.36%,400
BMHL,2026-02-10,3.71,3.805,3.71,3.7757,0.0658,+1.77%,3400
BMHL,2026-02-11,3.73,3.84,3.59,3.84,0.0643,+1.70%,3600
BMHL,2026-02-12,3.68,3.7,3.59,3.7,-0.14,-3.65%,3500
BMHL,2026-02-13,3.69,3.69,3.69,3.69,-0.01,-0.27%,400
BMHL,2026-02-17,3.6,3.6,3.6,3.6,-0.09,-2.44%,300
BMHL,2026-02-18,3.6,3.6,3.6,3.6,0,0.00%,100
BMHL,2026-02-19,3.5,3.59,3.5,3.59,-0.01,-0.28%,200
BMHL,2026-02-20,3.5,3.6442,3.5,3.6442,0.0542,+1.51%,1400
BMHL,2026-02-23,3.61,3.6999,3.61,3.6999,0.0557,+1.53%,800
BMHL,2026-02-24,3.7,3.73,3.5,3.73,0.0301,+0.81%,1400
BMHL,2026-02-25,3.4301,3.7699,3.4301,3.58,-0.15,-4.02%,1600
BMHL,2026-02-27,3.59,3.77,3.43,3.7499,0.1699,+4.75%,5400
BMHL,2026-03-10,3.68,3.68,3.68,3.68,-0.0699,-1.86%,300
BMHL,2026-03-17,3.68,3.68,3.33,3.59,-0.09,-2.45%,2400
BMHL,2026-03-19,3.49,3.53,3.48,3.53,-0.06,-1.67%,2300
BMHL,2026-03-20,3.552,3.6097,3.44,3.505,-0.025,-0.71%,1400
BMHL,2026-03-23,3.54,3.54,3.54,3.54,0.035,+1.00%,400
BMHL,2026-03-24,3.55,3.65,3.43,3.65,0.11,+3.11%,1200
BMHL,2026-03-27,3.4,3.63,3.33,3.33,-0.32,-8.77%,1700
BMHL,2026-03-30,3.38,3.6099,3.35,3.3501,0.0201,+0.60%,3900
BMHL,2026-03-31,3.53,3.53,3.2101,3.4706,0.1205,+3.60%,4800
BMHL,2026-04-01,3.5222,3.65,3.375,3.65,0.1794,+5.17%,2700
BMHL,2026-04-07,3.4699,3.47,3.4699,3.47,-0.18,-4.93%,2000
BMHL,2026-04-08,3.47,3.6499,3.35,3.6499,0.1799,+5.18%,3500
BMHL,2026-04-09,3.55,3.5999,3.55,3.5999,-0.05,-1.37%,500
BMHL,2026-04-10,3.5669,3.5669,3.5669,3.5669,-0.033,-0.92%,600
BMHL,2026-04-13,3.38,3.63,3.38,3.63,0.0631,+1.77%,600
BMHL,2026-04-14,3.4,3.6299,3.28,3.5068,-0.1232,-3.39%,13200
BMHL,2026-04-15,3.3326,3.4952,3.3326,3.4952,-0.0116,-0.33%,2100
BMHL,2026-04-16,3.5799,3.5799,3.465,3.465,-0.0302,-0.86%,1200
BMHL,2026-04-17,3.58,3.58,3.58,3.58,0.115,+3.32%,200
BMHL,2026-04-21,3.45,3.5499,3.43,3.5499,-0.0301,-0.84%,600
BMHL,2026-04-22,3.4,3.4,3.4,3.4,-0.1499,-4.22%,200
BMHL,2026-04-23,3.412,3.5,3.355,3.5,0.1,+2.94%,2100
BMHL,2026-04-24,3.4127,3.5799,3.4127,3.5799,0.0799,+2.28%,300
BMM,2016-04-07,0.0019,0.0019,0.0019,0.0019,-3.578,-99.95%,400
BMM,2016-04-11,0.0029,0.0029,0.0029,0.0029,0.001,+52.63%,100
BMM,2016-05-02,0.005,0.005,0.005,0.005,0.0021,+72.41%,100
BMM,2016-06-15,0.0096,0.0096,0.0096,0.0096,0.0046,+92.00%,200
BMM,2016-06-24,0.009,0.009,0.009,0.009,-0.0006,-6.25%,100
BMM,2016-07-21,0.015,0.015,0.015,0.015,0.006,+66.67%,4000
BMM,2016-09-01,0.004,0.004,0.004,0.004,-0.011,-73.33%,0
BMM,2016-09-07,0.015,0.015,0.015,0.015,0.011,+275.00%,3000
BMM,2016-09-08,0.015,0.0175,0.0136,0.017,0.002,+13.33%,308600
BMM,2016-09-12,0.0135,0.0135,0.0135,0.0135,-0.0035,-20.59%,83000
BMM,2016-09-14,0.0134,0.0154,0.0134,0.0154,0.0019,+14.07%,327000
BMM,2016-09-16,0.0063,0.0063,0.0063,0.0063,-0.0091,-59.09%,0
BMM,2016-10-06,0.0074,0.0074,0.0074,0.0074,0.0011,+17.46%,100
BMM,2016-10-17,0.0168,0.0168,0.0168,0.0168,0.0094,+127.03%,5000
BMM,2016-11-04,0.0132,0.0132,0.0091,0.0091,-0.0077,-45.83%,10000
BMM,2016-11-18,0.0082,0.0082,0.0082,0.0082,-0.0009,-9.89%,300
BMM,2016-11-22,0.01,0.01,0.01,0.01,0.0018,+21.95%,300
BMM,2016-12-15,0.0143,0.0143,0.0143,0.0143,0.0043,+43.00%,57000
BMM,2017-01-05,0.008,0.008,0.008,0.008,-0.0063,-44.06%,4300
BMM,2017-01-09,0.0143,0.0143,0.0143,0.0143,0.0063,+78.75%,1500
BMM,2017-02-23,0.0373,0.0373,0.0373,0.0373,0.023,+160.84%,700
BMM,2017-03-20,0.038,0.038,0.038,0.038,0.0007,+1.88%,50000
BMM,2017-04-06,0.03,0.03,0.03,0.03,-0.008,-21.05%,8600
BMM,2017-04-17,0.063,0.063,0.063,0.063,0.033,+110.00%,3500
BMM,2017-05-11,0.04,0.04,0.04,0.04,-0.023,-36.51%,200
BMM,2017-05-18,0.048,0.048,0.048,0.048,0.008,+20.00%,40000
BMM,2017-05-23,0.04,0.04,0.04,0.04,-0.008,-16.67%,9000
BMM,2017-06-07,0.036,0.036,0.036,0.036,-0.004,-10.00%,200
BMM,2017-06-19,0.0378,0.045,0.0378,0.045,0.009,+25.00%,154000
BMM,2017-06-20,0.05,0.05,0.0425,0.0425,-0.0025,-5.56%,11000
BMM,2017-07-13,0.028,0.028,0.026,0.028,-0.0145,-34.12%,5100
BMM,2017-08-02,0.04,0.04,0.0279,0.0279,-0.0001,-0.36%,50100
BMM,2017-08-31,0.0227,0.0227,0.0227,0.0227,-0.0052,-18.64%,3100
BMM,2017-09-12,0.0637,0.0637,0.0637,0.0637,0.041,+180.62%,35000
BMM,2017-09-15,0.0439,0.0439,0.0439,0.0439,-0.0198,-31.08%,400
BMM,2017-09-19,0.0488,0.0529,0.0488,0.0529,0.009,+20.50%,7000
BMM,2017-09-21,0.0365,0.0365,0.0365,0.0365,-0.0164,-31.00%,300
BMM,2017-09-26,0.0445,0.0445,0.0445,0.0445,0.008,+21.92%,10000
BMM,2017-09-28,0.0421,0.055,0.0413,0.0533,0.0088,+19.78%,175100
BMM,2017-09-29,0.0802,0.0802,0.0774,0.0774,0.0241,+45.22%,20000
BMM,2017-10-02,0.0839,0.087,0.081,0.0852,0.0078,+10.08%,50000
BMM,2017-10-03,0.072,0.0721,0.06,0.063,-0.0222,-26.06%,34500
BMM,2017-10-04,0.0641,0.069,0.0641,0.0653,0.0023,+3.65%,167300
BMM,2017-10-05,0.0688,0.069,0.066,0.066,0.0007,+1.07%,36500
BMM,2017-10-06,0.069,0.069,0.0637,0.069,0.003,+4.55%,27500
BMM,2017-10-10,0.068,0.068,0.067,0.067,-0.002,-2.90%,45000
BMM,2017-10-11,0.063,0.0649,0.05,0.059,-0.008,-11.94%,353200
BMM,2017-10-12,0.053,0.055,0.0441,0.055,-0.004,-6.78%,42500
BMM,2017-10-13,0.05,0.055,0.05,0.055,0,0.00%,11000
BMM,2017-10-16,0.0518,0.057,0.0491,0.054,-0.001,-1.82%,86000
BMM,2017-10-17,0.0465,0.0557,0.0437,0.052,-0.002,-3.70%,31100
BMM,2017-10-18,0.0437,0.055,0.041,0.055,0.003,+5.77%,20000
BMM,2017-10-19,0.0441,0.0572,0.0441,0.0572,0.0022,+4.00%,11200
BMM,2017-10-20,0.0449,0.054,0.0449,0.0526,-0.0046,-8.04%,678200
BMM,2017-10-23,0.054,0.056,0.05,0.05,-0.0026,-4.94%,14000
BMM,2017-10-24,0.05,0.05,0.05,0.05,0,0.00%,10000
BMM,2017-10-25,0.05,0.05,0.048,0.048,-0.002,-4.00%,105000
BMM,2017-10-27,0.045,0.048,0.045,0.048,0,0.00%,30000
BMM,2017-11-01,0.048,0.048,0.048,0.048,0,0.00%,1000
BMM,2017-11-03,0.045,0.045,0.045,0.045,-0.003,-6.25%,10000
BMM,2017-11-07,0.0341,0.0341,0.0341,0.0341,-0.0109,-24.22%,11000
BMM,2017-11-08,0.034,0.0352,0.034,0.0352,0.0011,+3.23%,16000
BMM,2017-11-10,0.044,0.044,0.044,0.044,0.0088,+25.00%,1000
BMM,2017-11-13,0.0433,0.0433,0.0405,0.0405,-0.0035,-7.95%,8000
BMM,2017-11-15,0.04,0.04,0.04,0.04,-0.0005,-1.23%,29000
BMM,2017-11-20,0.0301,0.0301,0.0301,0.0301,-0.0099,-24.75%,3000
BMM,2017-11-27,0.032,0.032,0.032,0.032,0.0019,+6.31%,500
BMM,2017-11-30,0.032,0.032,0.032,0.032,0,0.00%,500
BMM,2017-12-01,0.0444,0.0444,0.0432,0.0444,0.0124,+38.75%,19000
BMM,2017-12-04,0.043,0.043,0.043,0.043,-0.0014,-3.15%,50000
BMM,2017-12-05,0.046,0.046,0.046,0.046,0.003,+6.98%,10000
BMM,2017-12-06,0.07,0.07,0.044,0.044,-0.002,-4.35%,12000
BMM,2017-12-08,0.044,0.044,0.044,0.044,0,0.00%,100
BMM,2017-12-11,0.044,0.044,0.044,0.044,0,0.00%,3000
BMM,2017-12-14,0.044,0.044,0.044,0.044,0,0.00%,5000
BMM,2017-12-21,0.03,0.03,0.03,0.03,-0.014,-31.82%,10000
BMM,2018-01-08,0.043,0.043,0.035,0.035,0.005,+16.67%,23000
BMM,2018-01-10,0.052,0.07,0.05,0.065,0.03,+85.71%,215000
BMM,2018-01-11,0.0745,0.0745,0.0679,0.0679,0.0029,+4.46%,24000
BMM,2018-01-12,0.0548,0.0548,0.0548,0.0548,-0.0131,-19.29%,10000
BMM,2018-01-18,0.0633,0.0633,0.0633,0.0633,0.0085,+15.51%,9000
BMM,2018-01-22,0.0723,0.0829,0.071,0.0829,0.0196,+30.96%,71700
BMM,2018-01-24,0.0829,0.0829,0.0829,0.0829,0,0.00%,100
BMM,2018-01-29,0.0811,0.0811,0.0811,0.0811,-0.0018,-2.17%,1500
BMM,2018-01-30,0.0735,0.0735,0.072,0.073,-0.0081,-9.99%,25000
BMM,2018-02-02,0.083,0.083,0.082,0.082,0.009,+12.33%,14500
BMM,2018-02-05,0.082,0.082,0.079,0.079,-0.003,-3.66%,6500
BMM,2018-02-06,0.0848,0.0848,0.0808,0.0808,0.0018,+2.28%,25200
BMM,2018-02-09,0.0742,0.0742,0.0742,0.0742,-0.0066,-8.17%,2000
BMM,2018-02-12,0.0731,0.0845,0.0731,0.0845,0.0103,+13.88%,7000
BMM,2018-02-13,0.08,0.0824,0.0753,0.0753,-0.0092,-10.89%,88000
BMM,2018-02-14,0.079,0.079,0.0751,0.0751,-0.0002,-0.27%,20500
BMM,2018-02-16,0.0757,0.0757,0.0757,0.0757,0.0006,+0.80%,12500
BMM,2018-02-21,0.09,0.09,0.0841,0.0841,0.0084,+11.10%,12000
BMM,2018-02-23,0.08,0.08,0.08,0.08,-0.0041,-4.88%,5000
BMM,2018-02-27,0.08,0.08,0.08,0.08,0,0.00%,10000
BMM,2018-02-28,0.0872,0.1,0.085,0.1,0.02,+25.00%,65200
BMM,2018-03-01,0.1033,0.1063,0.0976,0.0976,-0.0024,-2.40%,26200
BMM,2018-03-02,0.0848,0.098,0.0848,0.0944,-0.0032,-3.28%,124000
BMM,2018-03-06,0.0966,0.1048,0.0966,0.1048,0.0104,+11.02%,52000
BMM,2018-03-08,0.097,0.097,0.09,0.09,-0.0148,-14.12%,25000
BMM,2018-03-09,0.074,0.074,0.0738,0.0738,-0.0162,-18.00%,40000
BMM,2018-03-12,0.0857,0.0857,0.085,0.0857,0.0119,+16.12%,64100
BMM,2018-03-14,0.0901,0.0913,0.0901,0.0913,0.0056,+6.53%,23900
BMM,2018-03-15,0.0857,0.0857,0.0856,0.0856,-0.0057,-6.24%,4300
BMM,2018-03-19,0.0882,0.0935,0.0852,0.0935,0.0079,+9.23%,94200
BMM,2018-03-20,0.0921,0.0929,0.085,0.085,-0.0085,-9.09%,131200
BMM,2018-03-21,0.0889,0.0899,0.087,0.087,0.002,+2.35%,29600
BMM,2018-03-22,0.0864,0.0931,0.0863,0.091,0.004,+4.60%,182000
BMM,2018-03-23,0.0869,0.0869,0.085,0.085,-0.006,-6.59%,5800
BMM,2018-03-26,0.0894,0.0894,0.0761,0.0828,-0.0022,-2.59%,17800
BMM,2018-03-27,0.0842,0.0842,0.0842,0.0842,0.0014,+1.69%,1000
BMM,2018-03-28,0.0827,0.083,0.0827,0.083,-0.0012,-1.43%,20900
BMM,2018-03-29,0.085,0.085,0.0824,0.0824,-0.0006,-0.72%,1300
BMM,2018-04-03,0.0799,0.0799,0.0614,0.0614,-0.021,-25.49%,2000
BMM,2018-04-04,0.061,0.061,0.061,0.061,-0.0004,-0.65%,200
BMM,2018-04-05,0.0704,0.073,0.0704,0.073,0.012,+19.67%,2700
BMM,2018-04-06,0.0756,0.0756,0.0733,0.0733,0.0003,+0.41%,10000
BMM,2018-04-09,0.0616,0.07,0.0616,0.07,-0.0033,-4.50%,11000
BMM,2018-04-10,0.0764,0.0764,0.0764,0.0764,0.0064,+9.14%,7000
BMM,2018-04-12,0.0765,0.0765,0.0765,0.0765,0.0001,+0.13%,1000
BMM,2018-04-13,0.0687,0.0687,0.0687,0.0687,-0.0078,-10.20%,600
BMM,2018-04-16,0.0688,0.0688,0.0648,0.068,-0.0007,-1.02%,12100
BMM,2018-04-17,0.0585,0.066,0.054,0.065,-0.003,-4.41%,61000
BMM,2018-04-18,0.0648,0.0648,0.0645,0.0645,-0.0005,-0.77%,3200
BMM,2018-04-19,0.0554,0.0554,0.0554,0.0554,-0.0091,-14.11%,300
BMM,2018-04-24,0.0714,0.0714,0.0714,0.0714,0.016,+28.88%,700
BMM,2018-04-25,0.07,0.07,0.0688,0.07,-0.0014,-1.96%,14000
BMM,2018-04-27,0.0535,0.0535,0.0535,0.0535,-0.0165,-23.57%,3000
BMM,2018-05-01,0.0635,0.072,0.0635,0.072,0.0185,+34.58%,1300
BMM,2018-05-04,0.069,0.069,0.0534,0.0534,-0.0186,-25.83%,81000
BMM,2018-05-07,0.0534,0.0702,0.0534,0.0634,0.01,+18.73%,244300
BMM,2018-05-08,0.06,0.067,0.06,0.06,-0.0034,-5.36%,131000
BMM,2018-05-10,0.0576,0.0576,0.0576,0.0576,-0.0024,-4.00%,1000
BMM,2018-05-11,0.06,0.06,0.06,0.06,0.0024,+4.17%,1000
BMM,2018-05-14,0.063,0.063,0.063,0.063,0.003,+5.00%,40000
BMM,2018-05-15,0.0612,0.0612,0.0612,0.0612,-0.0018,-2.86%,20000
BMM,2018-05-17,0.061,0.061,0.053,0.0573,-0.0039,-6.37%,205200
BMM,2018-05-21,0.0709,0.0709,0.0709,0.0709,0.0136,+23.73%,100
BMM,2018-05-23,0.0634,0.0634,0.0634,0.0634,-0.0075,-10.58%,1000
BMM,2018-05-25,0.062,0.062,0.0616,0.0616,-0.0018,-2.84%,9800
BMM,2018-06-04,0.048,0.048,0.048,0.048,-0.0136,-22.08%,100
BMM,2018-06-07,0.052,0.0623,0.052,0.0623,0.0143,+29.79%,11500
BMM,2018-06-08,0.059,0.0624,0.059,0.06,-0.0023,-3.69%,25000
BMM,2018-06-11,0.06,0.06,0.06,0.06,0,0.00%,100
BMM,2018-06-14,0.06,0.06,0.0589,0.0589,-0.0011,-1.83%,11900
BMM,2018-06-19,0.05,0.0515,0.0425,0.0515,-0.0074,-12.56%,41900
BMM,2018-06-25,0.0501,0.0576,0.0501,0.0576,0.0061,+11.84%,33100
BMM,2018-06-26,0.0609,0.0609,0.0609,0.0609,0.0033,+5.73%,1000
BMM,2018-06-27,0.0515,0.0515,0.0514,0.0514,-0.0095,-15.60%,9900
BMM,2018-06-28,0.0448,0.0448,0.0448,0.0448,-0.0066,-12.84%,200
BMM,2018-07-03,0.0581,0.06,0.0581,0.06,0.0152,+33.93%,50500
BMM,2018-07-05,0.06,0.0783,0.0531,0.0531,-0.0069,-11.50%,287500
BMM,2018-07-06,0.0695,0.0695,0.061,0.0659,0.0128,+24.11%,48500
BMM,2018-07-09,0.066,0.066,0.0501,0.0508,-0.0151,-22.91%,57000
BMM,2018-07-10,0.0508,0.0508,0.0501,0.0501,-0.0007,-1.38%,3300
BMM,2018-07-11,0.0521,0.057,0.0521,0.057,0.0069,+13.77%,12500
BMM,2018-07-12,0.05,0.05,0.05,0.05,-0.007,-12.28%,10000
BMM,2018-07-13,0.0582,0.0582,0.0582,0.0582,0.0082,+16.40%,16000
BMM,2018-07-16,0.062,0.0667,0.062,0.0667,0.0085,+14.60%,35000
BMM,2018-07-17,0.0502,0.0502,0.0502,0.0502,-0.0165,-24.74%,2000
BMM,2018-07-19,0.059,0.059,0.059,0.059,0.0088,+17.53%,40000
BMM,2018-07-20,0.08,0.08,0.08,0.08,0.021,+35.59%,20000
BMM,2018-07-23,0.065,0.0733,0.065,0.0733,-0.0067,-8.38%,15500
BMM,2018-07-24,0.0675,0.0735,0.0634,0.0634,-0.0099,-13.51%,36000
BMM,2018-07-25,0.0654,0.0698,0.0654,0.0697,0.0063,+9.94%,37000
BMM,2018-07-26,0.0624,0.0624,0.0561,0.0561,-0.0136,-19.51%,3500
BMM,2018-07-30,0.0599,0.0628,0.0537,0.0537,-0.0024,-4.28%,28400
BMM,2018-07-31,0.0587,0.0602,0.055,0.0602,0.0065,+12.10%,76500
BMM,2018-08-01,0.064,0.064,0.0588,0.0603,0.0001,+0.17%,36800
BMM,2018-08-02,0.064,0.064,0.0496,0.0627,0.0024,+3.98%,25100
BMM,2018-08-03,0.0641,0.0676,0.0641,0.0676,0.0049,+7.81%,6000
BMM,2018-08-06,0.074,0.074,0.053,0.065,-0.0026,-3.85%,22400
BMM,2018-08-07,0.0676,0.0676,0.0666,0.0666,0.0016,+2.46%,11000
BMM,2018-08-08,0.0603,0.0603,0.0603,0.0603,-0.0063,-9.46%,12000
BMM,2018-08-09,0.0549,0.0549,0.0549,0.0549,-0.0054,-8.96%,32000
BMM,2018-08-10,0.0584,0.0584,0.0584,0.0584,0.0035,+6.38%,1000
BMM,2018-08-16,0.052,0.052,0.052,0.052,-0.0064,-10.96%,1500
BMM,2018-08-17,0.0585,0.0585,0.0585,0.0585,0.0065,+12.50%,2000
BMM,2018-08-20,0.0588,0.0638,0.0588,0.0638,0.0053,+9.06%,26000
BMM,2018-08-21,0.0652,0.0652,0.0652,0.0652,0.0014,+2.19%,1000
BMM,2018-08-24,0.0511,0.0511,0.0511,0.0511,-0.0141,-21.63%,5000
BMM,2018-08-28,0.0593,0.0593,0.0593,0.0593,0.0082,+16.05%,300
BMM,2018-08-29,0.06,0.0608,0.06,0.0608,0.0015,+2.53%,20000
BMM,2018-08-31,0.0601,0.0601,0.0525,0.0525,-0.0083,-13.65%,85000
BMM,2018-09-04,0.048,0.0519,0.048,0.0519,-0.0006,-1.14%,104700
BMM,2018-09-05,0.0495,0.0502,0.0495,0.0502,-0.0017,-3.28%,38700
BMM,2018-09-07,0.0491,0.0491,0.0491,0.0491,-0.0011,-2.19%,14500
BMM,2018-09-19,0.042,0.042,0.042,0.042,-0.0071,-14.46%,9000
BMM,2018-09-20,0.0404,0.0404,0.0404,0.0404,-0.0016,-3.81%,1000
BMM,2018-09-21,0.05,0.05,0.05,0.05,0.0096,+23.76%,105000
BMM,2018-09-24,0.0405,0.0405,0.04,0.04,-0.01,-20.00%,10300
BMM,2018-09-25,0.0406,0.0406,0.0406,0.0406,0.0006,+1.50%,10000
BMM,2018-09-26,0.0488,0.0489,0.0488,0.0489,0.0083,+20.44%,55000
BMM,2018-09-27,0.0486,0.0515,0.0486,0.0515,0.0026,+5.32%,28000
BMM,2018-09-28,0.0434,0.0434,0.0434,0.0434,-0.0081,-15.73%,5000
BMM,2018-10-02,0.0503,0.0503,0.0487,0.0487,0.0053,+12.21%,25200
BMM,2018-10-03,0.0394,0.0394,0.0394,0.0394,-0.0093,-19.10%,500
BMM,2018-10-04,0.0439,0.044,0.0437,0.044,0.0046,+11.68%,102000
BMM,2018-10-08,0.039,0.039,0.039,0.039,-0.005,-11.36%,32700
BMM,2018-10-10,0.0401,0.0401,0.0401,0.0401,0.0011,+2.82%,500
BMM,2018-10-11,0.0396,0.0396,0.0396,0.0396,-0.0005,-1.25%,1000
BMM,2018-10-25,0.0386,0.039,0.0386,0.039,-0.0006,-1.52%,20500
BMM,2018-10-26,0.0407,0.0407,0.0407,0.0407,0.0017,+4.36%,1600
BMM,2018-10-30,0.0431,0.0431,0.0384,0.0384,-0.0023,-5.65%,6000
BMM,2018-11-12,0.0451,0.0451,0.0451,0.0451,0.0067,+17.45%,1000
BMM,2018-11-13,0.0351,0.0415,0.0351,0.0415,-0.0036,-7.98%,1500
BMM,2018-11-14,0.0405,0.0405,0.0405,0.0405,-0.001,-2.41%,7500
BMM,2018-11-20,0.0312,0.0312,0.0312,0.0312,-0.0093,-22.96%,20000
BMM,2018-11-28,0.0279,0.0279,0.0279,0.0279,-0.0033,-10.58%,3000
BMM,2018-12-06,0.0335,0.04,0.0335,0.04,0.0121,+43.37%,131000
BMM,2018-12-07,0.045,0.045,0.038,0.038,-0.002,-5.00%,39000
BMM,2018-12-12,0.0387,0.0387,0.0387,0.0387,0.0007,+1.84%,20000
BMM,2018-12-14,0.0348,0.0348,0.0348,0.0348,-0.0039,-10.08%,10000
BMM,2018-12-19,0.0235,0.0235,0.0235,0.0235,-0.0113,-32.47%,600
BMM,2018-12-21,0.03,0.03,0.03,0.03,0.0065,+27.66%,25000
BMM,2018-12-26,0.0191,0.0191,0.0191,0.0191,-0.0109,-36.33%,10000
BMM,2018-12-27,0.0232,0.0232,0.0232,0.0232,0.0041,+21.47%,400
BMM,2018-12-28,0.0236,0.0236,0.0236,0.0236,0.0004,+1.72%,5000
BMM,2018-12-31,0.0287,0.0344,0.0287,0.0344,0.0108,+45.76%,100000
BMM,2019-01-08,0.0422,0.0422,0.042,0.042,0.0076,+22.09%,51000
BMM,2019-01-09,0.046,0.046,0.046,0.046,0.004,+9.52%,700
BMM,2019-01-14,0.048,0.048,0.048,0.048,0.002,+4.35%,20000
BMM,2019-01-15,0.0473,0.0473,0.0473,0.0473,-0.0007,-1.46%,500
BMM,2019-01-16,0.0501,0.0585,0.0456,0.055,0.0077,+16.28%,97400
BMM,2019-01-17,0.0584,0.0584,0.0584,0.0584,0.0034,+6.18%,30000
BMM,2019-01-18,0.05,0.0531,0.039,0.039,-0.0194,-33.22%,378000
BMM,2019-01-22,0.0341,0.0461,0.0341,0.0359,-0.0031,-7.95%,468200
BMM,2019-01-23,0.0326,0.0326,0.0326,0.0326,-0.0033,-9.19%,37600
BMM,2019-01-24,0.035,0.035,0.032,0.032,-0.0006,-1.84%,37800
BMM,2019-01-25,0.0372,0.0372,0.0351,0.0351,0.0031,+9.69%,1400
BMM,2019-01-30,0.0388,0.0388,0.0388,0.0388,0.0037,+10.54%,1000
BMM,2019-01-31,0.0354,0.0354,0.0354,0.0354,-0.0034,-8.76%,22200
BMM,2019-02-01,0.0313,0.0313,0.0313,0.0313,-0.0041,-11.58%,4300
BMM,2019-02-05,0.03,0.03,0.03,0.03,-0.0013,-4.15%,50000
BMM,2019-02-06,0.0286,0.0286,0.0286,0.0286,-0.0014,-4.67%,100
BMM,2019-02-12,0.035,0.0351,0.035,0.0351,0.0065,+22.73%,6000
BMM,2019-02-14,0.0273,0.0273,0.0273,0.0273,-0.0078,-22.22%,44000
BMM,2019-02-19,0.0351,0.0351,0.0351,0.0351,0.0078,+28.57%,1200
BMM,2019-02-20,0.0293,0.0293,0.0293,0.0293,-0.0058,-16.52%,46700
BMM,2019-02-21,0.0293,0.0293,0.0292,0.0292,-0.0001,-0.34%,3000
BMM,2019-02-26,0.028,0.028,0.028,0.028,-0.0012,-4.11%,30000
BMM,2019-02-28,0.0252,0.0334,0.0252,0.0334,0.0054,+19.29%,24400
BMM,2019-03-08,0.0305,0.0305,0.0305,0.0305,-0.0029,-8.68%,200
BMM,2019-03-11,0.03,0.03,0.026,0.026,-0.0045,-14.75%,2400
BMM,2019-03-13,0.0237,0.0237,0.0237,0.0237,-0.0023,-8.85%,2500
BMM,2019-03-22,0.0236,0.0236,0.0236,0.0236,-0.0001,-0.42%,1500
BMM,2019-03-28,0.0327,0.0327,0.0323,0.0323,0.0087,+36.86%,5000
BMM,2019-03-29,0.036,0.036,0.0283,0.0329,0.0006,+1.86%,4300
BMM,2019-04-04,0.025,0.025,0.025,0.025,-0.0079,-24.01%,75000
BMM,2019-04-08,0.0252,0.0319,0.0251,0.0251,0.0001,+0.40%,12100
BMM,2019-04-09,0.0238,0.0277,0.0238,0.0243,-0.0008,-3.19%,22200
BMM,2019-04-16,0.0242,0.0242,0.0242,0.0242,-0.0001,-0.41%,3000
BMM,2019-04-22,0.0289,0.0289,0.028,0.028,0.0038,+15.70%,37000
BMM,2019-04-23,0.028,0.028,0.028,0.028,0,0.00%,14000
BMM,2019-04-25,0.0287,0.0287,0.0243,0.0243,-0.0037,-13.21%,10200
BMM,2019-04-29,0.028,0.028,0.028,0.028,0.0037,+15.23%,2000
BMM,2019-05-06,0.0241,0.0311,0.0241,0.0275,-0.0005,-1.79%,130300
BMM,2019-05-10,0.032,0.032,0.0286,0.0286,0.0011,+4.00%,105000
BMM,2019-05-14,0.0243,0.0243,0.0243,0.0243,-0.0043,-15.03%,100
BMM,2019-05-15,0.0243,0.0243,0.0203,0.0203,-0.004,-16.46%,46000
BMM,2019-05-16,0.02,0.02,0.02,0.02,-0.0003,-1.48%,54000
BMM,2019-05-17,0.0166,0.0166,0.0165,0.0165,-0.0035,-17.50%,11000
BMM,2019-05-22,0.02,0.02,0.02,0.02,0.0035,+21.21%,1000
BMM,2019-05-30,0.02,0.02,0.019,0.019,-0.001,-5.00%,7500
BMM,2019-06-03,0.02,0.023,0.02,0.023,0.004,+21.05%,9000
BMM,2019-06-06,0.0165,0.0165,0.0165,0.0165,-0.0065,-28.26%,200
BMM,2019-06-10,0.0203,0.0203,0.0168,0.0168,0.0003,+1.82%,700
BMM,2019-06-13,0.0168,0.0168,0.0168,0.0168,0,0.00%,4000
BMM,2019-06-21,0.0148,0.02,0.0132,0.02,0.0032,+19.05%,25100
BMM,2019-07-01,0.01,0.01,0.01,0.01,-0.01,-50.00%,200
BMM,2019-07-02,0.013,0.013,0.013,0.013,0.003,+30.00%,20500
BMM,2019-07-03,0.0145,0.0145,0.0145,0.0145,0.0015,+11.54%,10000
BMM,2019-07-11,0.0192,0.0192,0.0192,0.0192,0.0047,+32.41%,129000
BMM,2019-07-12,0.02,0.02,0.02,0.02,0.0008,+4.17%,2400
BMM,2019-07-19,0.025,0.025,0.025,0.025,0.005,+25.00%,200
BMM,2019-07-24,0.017,0.017,0.017,0.017,-0.008,-32.00%,90000
BMM,2019-07-25,0.0212,0.0254,0.0212,0.0254,0.0084,+49.41%,10000
BMM,2019-07-29,0.013,0.0168,0.013,0.0168,-0.0086,-33.86%,22400
BMM,2019-07-30,0.0132,0.0165,0.0132,0.014,-0.0028,-16.67%,13500
BMM,2019-08-21,0.0141,0.0141,0.0141,0.0141,0.0001,+0.71%,30000
BMM,2019-08-27,0.0204,0.0204,0.0204,0.0204,0.0063,+44.68%,2000
BMM,2019-08-28,0.0265,0.0286,0.0233,0.0233,0.0029,+14.22%,110000
BMM,2019-09-03,0.028,0.028,0.028,0.028,0.0047,+20.17%,200
BMM,2019-09-13,0.0166,0.0166,0.0166,0.0166,-0.0114,-40.71%,2000
BMM,2019-09-19,0.0136,0.0136,0.0136,0.0136,-0.003,-18.07%,100000
BMM,2019-09-23,0.017,0.017,0.017,0.017,0.0034,+25.00%,4900
BMM,2019-09-24,0.0177,0.0177,0.014,0.014,-0.003,-17.65%,4000
BMM,2019-09-25,0.015,0.015,0.015,0.015,0.001,+7.14%,25000
BMM,2019-09-30,0.015,0.015,0.015,0.015,0,0.00%,10000
BMM,2019-10-07,0.019,0.019,0.019,0.019,0.004,+26.67%,3000
BMM,2019-10-08,0.0189,0.0189,0.0189,0.0189,-0.0001,-0.53%,145000
BMM,2019-10-14,0.012,0.012,0.012,0.012,-0.0069,-36.51%,2000
BMM,2019-10-16,0.021,0.021,0.021,0.021,0.009,+75.00%,1000
BMM,2019-10-18,0.0207,0.0207,0.0207,0.0207,-0.0003,-1.43%,700
BMM,2019-10-22,0.0185,0.0185,0.0162,0.018,-0.0027,-13.04%,52000
BMM,2019-10-24,0.0157,0.018,0.0157,0.018,0,0.00%,45000
BMM,2019-12-11,0.0198,0.0198,0.015,0.015,-0.003,-16.67%,20000
BMM,2019-12-12,0.015,0.015,0.015,0.015,0,0.00%,200
BMM,2019-12-17,0.0169,0.0169,0.0169,0.0169,0.0019,+12.67%,400
BMM,2019-12-20,0.016,0.016,0.016,0.016,-0.0009,-5.33%,8500
BMM,2019-12-31,0.0214,0.0214,0.0214,0.0214,0.0054,+33.75%,1000
BMM,2020-01-10,0.02,0.02,0.02,0.02,-0.0014,-6.54%,1000
BMM,2020-01-15,0.0195,0.0198,0.0195,0.0196,-0.0004,-2.00%,40000
BMM,2020-01-22,0.0175,0.0175,0.0175,0.0175,-0.0021,-10.71%,10000
BMM,2020-01-31,0.025,0.025,0.025,0.025,0.0075,+42.86%,3900
BMM,2020-02-04,0.0223,0.0246,0.0223,0.0246,-0.0004,-1.60%,20000
BMM,2020-02-05,0.0245,0.0245,0.0245,0.0245,-0.0001,-0.41%,20000
BMM,2020-02-06,0.02,0.02,0.02,0.02,-0.0045,-18.37%,10000
BMM,2020-02-13,0.0247,0.0247,0.0247,0.0247,0.0047,+23.50%,2500
BMM,2020-02-18,0.0246,0.0246,0.0246,0.0246,-0.0001,-0.40%,400
BMM,2020-02-19,0.025,0.025,0.02,0.02,-0.0046,-18.70%,5900
BMM,2020-02-20,0.0247,0.0247,0.0247,0.0247,0.0047,+23.50%,10000
BMM,2020-02-21,0.0246,0.0246,0.0246,0.0246,-0.0001,-0.40%,5000
BMM,2020-02-25,0.0211,0.0246,0.0211,0.0236,-0.001,-4.07%,50100
BMM,2020-02-26,0.0176,0.0176,0.0176,0.0176,-0.006,-25.42%,30000
BMM,2020-03-02,0.0171,0.0171,0.0171,0.0171,-0.0005,-2.84%,1000
BMM,2020-03-10,0.014,0.014,0.0121,0.0121,-0.005,-29.24%,40000
BMM,2020-03-11,0.012,0.012,0.01,0.01,-0.0021,-17.36%,20000
BMM,2020-03-12,0.01,0.01,0.01,0.01,0,0.00%,9000
BMM,2020-03-16,0.0088,0.0088,0.0035,0.0035,-0.0065,-65.00%,20000
BMM,2020-03-17,0.006,0.006,0.006,0.006,0.0025,+71.43%,12000
BMM,2020-03-19,0.01,0.01,0.01,0.01,0.004,+66.67%,15000
BMM,2020-03-26,0.0112,0.0112,0.0112,0.0112,0.0012,+12.00%,100
BMM,2020-04-01,0.0119,0.0119,0.0119,0.0119,0.0007,+6.25%,900
BMM,2020-04-06,0.0105,0.0112,0.0105,0.0112,-0.0007,-5.88%,3300
BMM,2020-04-07,0.0105,0.0105,0.0105,0.0105,-0.0007,-6.25%,29000
BMM,2020-04-14,0.0121,0.0121,0.0121,0.0121,0.0016,+15.24%,5000
BMM,2020-04-16,0.0118,0.0118,0.0106,0.0106,-0.0015,-12.40%,157000
BMM,2020-04-17,0.0119,0.0119,0.0119,0.0119,0.0013,+12.26%,4200
BMM,2020-04-20,0.0072,0.0118,0.0072,0.0118,-0.0001,-0.84%,1800
BMM,2020-04-28,0.01,0.01,0.01,0.01,-0.0018,-15.25%,1000
BMM,2020-04-29,0.0128,0.0128,0.01,0.01,0,0.00%,300
BMM,2020-05-06,0.011,0.0111,0.011,0.0111,0.0011,+11.00%,50400
BMM,2020-05-07,0.011,0.011,0.011,0.011,-0.0001,-0.90%,130000
BMM,2020-05-08,0.0119,0.0119,0.011,0.011,0,0.00%,40000
BMM,2020-05-11,0.017,0.017,0.0096,0.0119,0.0009,+8.18%,12000
BMM,2020-05-12,0.0119,0.0119,0.0119,0.0119,0,0.00%,25200
BMM,2020-05-13,0.0072,0.0072,0.0072,0.0072,-0.0047,-39.50%,20700
BMM,2020-05-15,0.0102,0.0102,0.007,0.01,0.0028,+38.89%,327100
BMM,2020-05-20,0.012,0.012,0.012,0.012,0.002,+20.00%,200
BMM,2020-05-21,0.012,0.012,0.012,0.012,0,0.00%,10000
BMM,2020-05-26,0.0121,0.0121,0.0121,0.0121,0.0001,+0.83%,100
BMM,2020-05-27,0.0071,0.0121,0.0071,0.012,-0.0001,-0.83%,112000
BMM,2020-06-01,0.016,0.0185,0.0154,0.0162,0.0042,+35.00%,52100
BMM,2020-06-02,0.0163,0.0163,0.0163,0.0163,0.0001,+0.62%,1000
BMM,2020-06-05,0.0163,0.0163,0.0163,0.0163,0,0.00%,10000
BMM,2020-06-08,0.0105,0.0105,0.0105,0.0105,-0.0058,-35.58%,40000
BMM,2020-06-09,0.016,0.016,0.016,0.016,0.0055,+52.38%,10000
BMM,2020-06-11,0.0058,0.0058,0.0058,0.0058,-0.0102,-63.75%,1000
BMM,2020-06-12,0.015,0.0162,0.0146,0.0146,0.0088,+151.72%,1200
BMM,2020-06-15,0.0136,0.0137,0.0136,0.0137,-0.0009,-6.16%,20000
BMM,2020-06-18,0.0073,0.0073,0.0073,0.0073,-0.0064,-46.72%,3300
BMM,2020-06-25,0.0128,0.0128,0.0128,0.0128,0.0055,+75.34%,1000
BMM,2020-07-01,0.0146,0.0146,0.0128,0.0128,0,0.00%,1600
BMM,2020-07-02,0.011,0.011,0.011,0.011,-0.0018,-14.06%,2000
BMM,2020-07-06,0.0146,0.0146,0.0146,0.0146,0.0036,+32.73%,20000
BMM,2020-07-08,0.0134,0.0134,0.0134,0.0134,-0.0012,-8.22%,200
BMM,2020-07-13,0.0136,0.0175,0.0136,0.0155,0.0021,+15.67%,123300
BMM,2020-07-15,0.0175,0.0175,0.016,0.016,0.0005,+3.23%,66900
BMM,2020-07-21,0.018,0.0185,0.018,0.0185,0.0025,+15.63%,105000
BMM,2020-07-22,0.0185,0.0185,0.0185,0.0185,0,0.00%,3400
BMM,2020-07-23,0.0141,0.0167,0.0141,0.0167,-0.0018,-9.73%,2400
BMM,2020-07-27,0.0171,0.0171,0.0171,0.0171,0.0004,+2.40%,10000
BMM,2020-07-29,0.0175,0.0175,0.0175,0.0175,0.0004,+2.34%,100
BMM,2020-07-30,0.02,0.02,0.0171,0.0171,-0.0004,-2.29%,12300
BMM,2020-07-31,0.0233,0.0233,0.019,0.019,0.0019,+11.11%,20900
BMM,2020-08-03,0.0162,0.02,0.0162,0.02,0.001,+5.26%,11000
BMM,2020-08-04,0.02,0.02,0.02,0.02,0,0.00%,165000
BMM,2020-08-05,0.02,0.0225,0.02,0.0205,0.0005,+2.50%,132000
BMM,2020-08-06,0.0253,0.0253,0.0253,0.0253,0.0048,+23.41%,1000
BMM,2020-08-07,0.0258,0.0258,0.0258,0.0258,0.0005,+1.98%,1100
BMM,2020-08-11,0.0244,0.0244,0.0244,0.0244,-0.0014,-5.43%,1000
BMM,2020-08-12,0.0245,0.0245,0.0245,0.0245,0.0001,+0.41%,3000
BMM,2020-08-13,0.0245,0.0245,0.0245,0.0245,0,0.00%,2000
BMM,2020-08-14,0.0248,0.0248,0.0232,0.0232,-0.0013,-5.31%,6900
BMM,2020-08-17,0.021,0.021,0.021,0.021,-0.0022,-9.48%,1000
BMM,2020-08-18,0.0178,0.0178,0.0178,0.0178,-0.0032,-15.24%,300
BMM,2020-08-21,0.0219,0.0219,0.0219,0.0219,0.0041,+23.03%,2000
BMM,2020-08-25,0.0248,0.0248,0.0248,0.0248,0.0029,+13.24%,300
BMM,2020-08-26,0.022,0.022,0.019,0.019,-0.0058,-23.39%,108000
BMM,2020-08-28,0.0195,0.0195,0.0141,0.0141,-0.0049,-25.79%,3600
BMM,2020-08-31,0.0173,0.0173,0.0173,0.0173,0.0032,+22.70%,5000
BMM,2020-09-01,0.0192,0.0192,0.0192,0.0192,0.0019,+10.98%,2900
BMM,2020-09-03,0.0205,0.0233,0.0205,0.0233,0.0041,+21.35%,17500
BMM,2020-09-04,0.0173,0.0229,0.0173,0.0229,-0.0004,-1.72%,3500
BMM,2020-09-08,0.028,0.028,0.019,0.0229,0,0.00%,1900
BMM,2020-09-09,0.021,0.021,0.021,0.021,-0.0019,-8.30%,200
BMM,2020-09-10,0.025,0.025,0.0249,0.0249,0.0039,+18.57%,10500
BMM,2020-09-11,0.0185,0.0185,0.0185,0.0185,-0.0064,-25.70%,3400
BMM,2020-09-14,0.0181,0.0181,0.0181,0.0181,-0.0004,-2.16%,200
BMM,2020-09-15,0.0226,0.0226,0.0226,0.0226,0.0045,+24.86%,600
BMM,2020-09-17,0.0213,0.0213,0.0213,0.0213,-0.0013,-5.75%,100
BMM,2020-09-18,0.018,0.0194,0.018,0.0194,-0.0019,-8.92%,1100
BMM,2020-09-22,0.0232,0.0232,0.0232,0.0232,0.0038,+19.59%,10000
BMM,2020-09-23,0.0235,0.0235,0.0235,0.0235,0.0003,+1.29%,4500
BMM,2020-09-28,0.0235,0.0235,0.0235,0.0235,0,0.00%,4200
BMM,2020-10-02,0.02,0.02,0.018,0.018,-0.0055,-23.40%,240000
BMM,2020-10-06,0.0206,0.0247,0.0206,0.0247,0.0067,+37.22%,25000
BMM,2020-10-07,0.0228,0.023,0.0213,0.0213,-0.0034,-13.77%,6500
BMM,2020-10-08,0.0215,0.0215,0.0215,0.0215,0.0002,+0.94%,500
BMM,2020-10-09,0.0264,0.03,0.0264,0.03,0.0085,+39.53%,167900
BMM,2020-10-12,0.0239,0.03,0.0239,0.03,0,0.00%,24300
BMM,2020-10-13,0.03,0.0405,0.03,0.0396,0.0096,+32.00%,102400
BMM,2020-10-14,0.045,0.048,0.0394,0.0394,-0.0002,-0.51%,327900
BMM,2020-10-15,0.0394,0.0394,0.0362,0.0362,-0.0032,-8.12%,82800
BMM,2020-10-19,0.037,0.037,0.037,0.037,0.0008,+2.21%,300
BMM,2020-10-20,0.0399,0.0399,0.0341,0.0341,-0.0029,-7.84%,3300
BMM,2020-10-21,0.0382,0.0382,0.0365,0.0365,0.0024,+7.04%,32000
BMM,2020-10-23,0.035,0.035,0.0334,0.0334,-0.0031,-8.49%,10200
BMM,2020-10-28,0.03,0.0327,0.03,0.03,-0.0034,-10.18%,1600
BMM,2020-10-29,0.0313,0.0313,0.0313,0.0313,0.0013,+4.33%,800
BMM,2020-10-30,0.0252,0.0325,0.0252,0.0324,0.0011,+3.51%,6200
BMM,2020-11-03,0.0325,0.038,0.0325,0.038,0.0056,+17.28%,20900
BMM,2020-11-09,0.0319,0.039,0.0319,0.0319,-0.0061,-16.05%,800
BMM,2020-11-13,0.0399,0.0399,0.0382,0.0382,0.0063,+19.75%,77000
BMM,2020-11-16,0.0381,0.0381,0.0323,0.0323,-0.0059,-15.45%,17100
BMM,2020-11-17,0.0375,0.04,0.0325,0.0325,0.0002,+0.62%,72100
BMM,2020-11-18,0.0361,0.0364,0.035,0.0364,0.0039,+12.00%,24700
BMM,2020-11-19,0.0395,0.0397,0.0378,0.0393,0.0029,+7.97%,51000
BMM,2020-11-20,0.0399,0.0399,0.035,0.035,-0.0043,-10.94%,18100
BMM,2020-11-23,0.0318,0.039,0.0318,0.039,0.004,+11.43%,97700
BMM,2020-11-24,0.04,0.0449,0.036,0.0448,0.0058,+14.87%,280000
BMM,2020-11-25,0.043,0.0456,0.043,0.044,-0.0008,-1.79%,42400
BMM,2020-11-27,0.0458,0.0475,0.045,0.045,0.001,+2.27%,57700
BMM,2020-11-30,0.0503,0.0578,0.0456,0.0578,0.0128,+28.44%,140000
BMM,2020-12-01,0.0578,0.058,0.0545,0.055,-0.0028,-4.84%,31100
BMM,2020-12-02,0.0581,0.0617,0.05,0.0543,-0.0007,-1.27%,45900
BMM,2020-12-03,0.0578,0.0578,0.05,0.0531,-0.0012,-2.21%,22900
BMM,2020-12-04,0.055,0.055,0.049,0.052,-0.0011,-2.07%,118100
BMM,2020-12-07,0.0534,0.0534,0.046,0.0504,-0.0016,-3.08%,140600
BMM,2020-12-08,0.0463,0.0481,0.0425,0.0425,-0.0079,-15.67%,43500
BMM,2020-12-09,0.0545,0.0545,0.042,0.0452,0.0027,+6.35%,195800
BMM,2020-12-10,0.0496,0.0496,0.0422,0.0425,-0.0027,-5.97%,76900
BMM,2020-12-11,0.047,0.047,0.0425,0.0425,0,0.00%,62500
BMM,2020-12-14,0.04,0.0485,0.038,0.048,0.0055,+12.94%,69800
BMM,2020-12-15,0.044,0.054,0.0437,0.054,0.006,+12.50%,31700
BMM,2020-12-16,0.054,0.056,0.0507,0.056,0.002,+3.70%,96200
BMM,2020-12-17,0.0591,0.0591,0.0545,0.0583,0.0023,+4.11%,27700
BMM,2020-12-18,0.052,0.0604,0.05,0.056,-0.0023,-3.95%,135100
BMM,2020-12-21,0.0559,0.056,0.0548,0.056,0,0.00%,82300
BMM,2020-12-22,0.0597,0.0597,0.0499,0.0557,-0.0003,-0.54%,46600
BMM,2020-12-23,0.0564,0.057,0.051,0.055,-0.0007,-1.26%,155500
BMM,2020-12-24,0.052,0.0559,0.052,0.053,-0.002,-3.64%,34800
BMM,2020-12-28,0.0597,0.072,0.0499,0.061,0.008,+15.09%,116300
BMM,2020-12-29,0.055,0.0562,0.05,0.0562,-0.0048,-7.87%,105700
BMM,2020-12-30,0.0587,0.0587,0.0536,0.054,-0.0022,-3.91%,30100
BMM,2020-12-31,0.0539,0.0613,0.0539,0.0563,0.0023,+4.26%,34700
BMM,2021-01-04,0.0591,0.0591,0.0565,0.057,0.0007,+1.24%,169400
BMM,2021-01-05,0.056,0.0602,0.0534,0.06,0.003,+5.26%,114600
BMM,2021-01-06,0.06,0.06,0.0539,0.058,-0.002,-3.33%,73700
BMM,2021-01-07,0.0611,0.0615,0.059,0.0595,0.0015,+2.59%,81800
BMM,2021-01-08,0.06,0.0628,0.0534,0.06,0.0005,+0.84%,149200
BMM,2021-01-11,0.0592,0.062,0.0591,0.0591,-0.0009,-1.50%,5300
BMM,2021-01-12,0.0553,0.0566,0.0529,0.0532,-0.0059,-9.98%,33500
BMM,2021-01-13,0.0513,0.0559,0.0513,0.0555,0.0023,+4.32%,3400
BMM,2021-01-14,0.0505,0.058,0.0505,0.0566,0.0011,+1.98%,79800
BMM,2021-01-15,0.0567,0.0567,0.0506,0.0506,-0.006,-10.60%,41200
BMM,2021-01-19,0.0506,0.056,0.0505,0.0531,0.0025,+4.94%,41800
BMM,2021-01-20,0.0504,0.0536,0.047,0.047,-0.0061,-11.49%,160700
BMM,2021-01-21,0.05,0.0565,0.05,0.0565,0.0095,+20.21%,223000
BMM,2021-01-22,0.0511,0.0522,0.0476,0.0522,-0.0043,-7.61%,126100
BMM,2021-01-25,0.051,0.055,0.0485,0.0516,-0.0006,-1.15%,38900
BMM,2021-01-26,0.055,0.0577,0.0514,0.0533,0.0017,+3.29%,132500
BMM,2021-01-27,0.0507,0.0548,0.0507,0.0513,-0.002,-3.75%,33100
BMM,2021-01-28,0.0463,0.0516,0.0463,0.0515,0.0002,+0.39%,52000
BMM,2021-01-29,0.0508,0.056,0.048,0.0483,-0.0032,-6.21%,85400
BMM,2021-02-01,0.0533,0.0544,0.0435,0.0544,0.0061,+12.63%,217300
BMM,2021-02-02,0.051,0.0511,0.0461,0.0495,-0.0049,-9.01%,75900
BMM,2021-02-03,0.047,0.0493,0.047,0.0493,-0.0002,-0.40%,1300
BMM,2021-02-04,0.0533,0.0533,0.047,0.05,0.0007,+1.42%,105500
BMM,2021-02-05,0.0494,0.05,0.0423,0.043,-0.007,-14.00%,82700
BMM,2021-02-08,0.0416,0.0485,0.0416,0.0485,0.0055,+12.79%,51100
BMM,2021-02-09,0.0478,0.0506,0.0461,0.05,0.0015,+3.09%,21000
BMM,2021-02-10,0.0499,0.0499,0.045,0.048,-0.002,-4.00%,66300
BMM,2021-02-11,0.046,0.0509,0.046,0.049,0.001,+2.08%,144300
BMM,2021-02-12,0.05,0.05,0.0431,0.0454,-0.0036,-7.35%,140500
BMM,2021-02-16,0.05,0.053,0.0473,0.0473,0.0019,+4.19%,54700
BMM,2021-02-17,0.05,0.055,0.0455,0.0478,0.0005,+1.06%,81700
BMM,2021-02-18,0.0483,0.0523,0.0483,0.0508,0.003,+6.28%,109500
BMM,2021-02-19,0.0511,0.0523,0.048,0.048,-0.0028,-5.51%,70300
BMM,2021-02-22,0.0463,0.048,0.0434,0.048,0,0.00%,119400
BMM,2021-02-23,0.05,0.0511,0.0476,0.05,0.002,+4.17%,66100
BMM,2021-02-24,0.0529,0.0529,0.0459,0.0486,-0.0014,-2.80%,66600
BMM,2021-02-25,0.0485,0.0485,0.0436,0.0484,-0.0002,-0.41%,115400
BMM,2021-02-26,0.045,0.05,0.042,0.042,-0.0064,-13.22%,63700
BMM,2021-03-01,0.042,0.045,0.042,0.042,0,0.00%,52400
BMM,2021-03-02,0.0475,0.053,0.0475,0.052,0.01,+23.81%,12300
BMM,2021-03-03,0.052,0.0575,0.047,0.0565,0.0045,+8.65%,58200
BMM,2021-03-04,0.0565,0.0565,0.044,0.047,-0.0095,-16.81%,177600
BMM,2021-03-05,0.047,0.047,0.0415,0.0425,-0.0045,-9.57%,60000
BMM,2021-03-08,0.0482,0.0482,0.04,0.0482,0.0057,+13.41%,53300
BMM,2021-03-09,0.0501,0.0518,0.0475,0.0475,-0.0007,-1.45%,34300
BMM,2021-03-10,0.0475,0.05,0.047,0.0471,-0.0004,-0.84%,51500
BMM,2021-03-11,0.0516,0.054,0.0469,0.0469,-0.0002,-0.42%,52000
BMM,2021-03-12,0.046,0.0561,0.046,0.0561,0.0092,+19.62%,43400
BMM,2021-03-15,0.0498,0.0501,0.0445,0.0496,-0.0065,-11.59%,68500
BMM,2021-03-16,0.0547,0.056,0.05,0.05,0.0004,+0.81%,5200
BMM,2021-03-17,0.0537,0.056,0.048,0.048,-0.002,-4.00%,35000
BMM,2021-03-18,0.0561,0.0561,0.0475,0.0475,-0.0005,-1.04%,75600
BMM,2021-03-19,0.0561,0.0561,0.045,0.045,-0.0025,-5.26%,34200
BMM,2021-03-22,0.0546,0.056,0.047,0.053,0.008,+17.78%,34600
BMM,2021-03-23,0.0561,0.0561,0.0468,0.0468,-0.0062,-11.70%,65100
BMM,2021-03-25,0.0486,0.0522,0.0486,0.0522,0.0054,+11.54%,1400
BMM,2021-03-26,0.0482,0.0482,0.0461,0.0461,-0.0061,-11.69%,10000
BMM,2021-03-29,0.047,0.05,0.047,0.0475,0.0014,+3.04%,42200
BMM,2021-03-30,0.0475,0.0479,0.0475,0.0479,0.0004,+0.84%,14300
BMM,2021-04-01,0.0492,0.0523,0.049,0.0501,0.0022,+4.59%,6300
BMM,2021-04-05,0.0524,0.0537,0.049,0.0537,0.0036,+7.19%,35300
BMM,2021-04-06,0.0452,0.0529,0.0452,0.0492,-0.0045,-8.38%,10100
BMM,2021-04-08,0.0512,0.0561,0.05,0.05,0.0008,+1.63%,22200
BMM,2021-04-09,0.0479,0.0479,0.0479,0.0479,-0.0021,-4.20%,100
BMM,2021-04-12,0.055,0.056,0.0491,0.0504,0.0025,+5.22%,238000
BMM,2021-04-13,0.053,0.055,0.051,0.0528,0.0024,+4.76%,33400
BMM,2021-04-14,0.045,0.0561,0.045,0.053,0.0002,+0.38%,59500
BMM,2021-04-15,0.0538,0.061,0.052,0.061,0.008,+15.09%,23500
BMM,2021-04-16,0.0625,0.0649,0.0625,0.0649,0.0039,+6.39%,44100
BMM,2021-04-19,0.0658,0.0727,0.0644,0.0688,0.0039,+6.01%,23700
BMM,2021-04-20,0.077,0.077,0.06,0.07,0.0012,+1.74%,72200
BMM,2021-04-21,0.076,0.076,0.0632,0.0699,-0.0001,-0.14%,69100
BMM,2021-04-22,0.0659,0.0699,0.0595,0.0665,-0.0034,-4.86%,17600
BMM,2021-04-23,0.07,0.07,0.0609,0.062,-0.0045,-6.77%,163600
BMM,2021-04-26,0.068,0.068,0.0639,0.064,0.002,+3.23%,37100
BMM,2021-04-27,0.06,0.069,0.0596,0.069,0.005,+7.81%,48100
BMM,2021-04-28,0.069,0.069,0.06,0.0637,-0.0053,-7.68%,5500
BMM,2021-04-29,0.0697,0.07,0.0695,0.0695,0.0058,+9.11%,14400
BMM,2021-04-30,0.069,0.069,0.062,0.062,-0.0075,-10.79%,34300
BMM,2021-05-03,0.0646,0.0646,0.0586,0.0625,0.0005,+0.81%,20200
BMM,2021-05-04,0.0694,0.0694,0.0612,0.0612,-0.0013,-2.08%,1600
BMM,2021-05-05,0.06,0.0601,0.0586,0.0601,-0.0011,-1.80%,25100
BMM,2021-05-06,0.0676,0.0681,0.0606,0.0607,0.0006,+1.00%,49900
BMM,2021-05-10,0.0635,0.0635,0.0576,0.0613,0.0006,+0.99%,58100
BMM,2021-05-11,0.0713,0.0713,0.0571,0.062,0.0007,+1.14%,33000
BMM,2021-05-12,0.0654,0.0688,0.0622,0.0645,0.0025,+4.03%,5300
BMM,2021-05-13,0.0566,0.0644,0.0566,0.0644,-0.0001,-0.16%,4400
BMM,2021-05-14,0.0645,0.0668,0.062,0.0668,0.0024,+3.73%,20800
BMM,2021-05-17,0.0666,0.0674,0.0571,0.0594,-0.0074,-11.08%,6400
BMM,2021-05-18,0.0618,0.0626,0.06,0.06,0.0006,+1.01%,23400
BMM,2021-05-19,0.06,0.06,0.0501,0.0575,-0.0025,-4.17%,101400
BMM,2021-05-20,0.054,0.0621,0.05,0.0619,0.0044,+7.65%,65900
BMM,2021-05-21,0.0601,0.0611,0.0531,0.0579,-0.004,-6.46%,54500
BMM,2021-05-24,0.058,0.0625,0.058,0.058,0.0001,+0.17%,7700
BMM,2021-05-25,0.062,0.062,0.0577,0.0577,-0.0003,-0.52%,32900
BMM,2021-05-26,0.0541,0.0541,0.0516,0.0541,-0.0036,-6.24%,10100
BMM,2021-05-27,0.0501,0.0507,0.0491,0.0494,-0.0047,-8.69%,44700
BMM,2021-05-28,0.0485,0.05,0.0485,0.0497,0.0003,+0.61%,37500
BMM,2021-06-01,0.0525,0.0525,0.05,0.05,0.0003,+0.60%,2100
BMM,2021-06-02,0.0473,0.0473,0.0473,0.0473,-0.0027,-5.40%,900
BMM,2021-06-03,0.0415,0.0515,0.0415,0.0465,-0.0008,-1.69%,723700
BMM,2021-06-04,0.0449,0.0501,0.0449,0.0501,0.0036,+7.74%,59900
BMM,2021-06-07,0.0475,0.0502,0.0475,0.0475,-0.0026,-5.19%,10300
BMM,2021-06-08,0.0475,0.05,0.0425,0.05,0.0025,+5.26%,24300
BMM,2021-06-09,0.0429,0.05,0.0429,0.045,-0.005,-10.00%,2900
BMM,2021-06-11,0.05,0.058,0.0465,0.0465,0.0015,+3.33%,3200
BMM,2021-06-14,0.049,0.049,0.042,0.049,0.0025,+5.38%,1800
BMM,2021-06-15,0.049,0.049,0.0439,0.0455,-0.0035,-7.14%,84100
BMM,2021-06-16,0.049,0.05,0.045,0.045,-0.0005,-1.10%,103200
BMM,2021-06-17,0.04,0.044,0.04,0.0425,-0.0025,-5.56%,28200
BMM,2021-06-18,0.0443,0.0444,0.0422,0.0444,0.0019,+4.47%,8000
BMM,2021-06-21,0.0402,0.0402,0.0402,0.0402,-0.0042,-9.46%,20000
BMM,2021-06-22,0.0488,0.0488,0.0488,0.0488,0.0086,+21.39%,2000
BMM,2021-06-23,0.0492,0.0492,0.0468,0.0468,-0.002,-4.10%,200
BMM,2021-06-24,0.0488,0.0488,0.0441,0.048,0.0012,+2.56%,95100
BMM,2021-06-25,0.0533,0.0533,0.0533,0.0533,0.0053,+11.04%,10000
BMM,2021-06-28,0.0532,0.0532,0.0482,0.0531,-0.0002,-0.38%,75500
BMM,2021-06-29,0.0533,0.0533,0.0434,0.0434,-0.0097,-18.27%,100200
BMM,2021-06-30,0.0444,0.0444,0.04,0.04,-0.0034,-7.83%,9300
BMM,2021-07-01,0.0424,0.0424,0.04,0.0408,0.0008,+2.00%,6100
BMM,2021-07-06,0.0429,0.0453,0.0429,0.0453,0.0045,+11.03%,2300
BMM,2021-07-07,0.0456,0.0456,0.04,0.0456,0.0003,+0.66%,71000
BMM,2021-07-08,0.042,0.042,0.0394,0.0394,-0.0062,-13.60%,10000
BMM,2021-07-09,0.0431,0.0431,0.0431,0.0431,0.0037,+9.39%,200
BMM,2021-07-12,0.046,0.046,0.04,0.043,-0.0001,-0.23%,16500
BMM,2021-07-13,0.044,0.0459,0.0439,0.0439,0.0009,+2.09%,900
BMM,2021-07-14,0.0432,0.044,0.0432,0.044,0.0001,+0.23%,400
BMM,2021-07-15,0.0456,0.0456,0.0456,0.0456,0.0016,+3.64%,200
BMM,2021-07-16,0.0458,0.0458,0.0434,0.0434,-0.0022,-4.82%,3200
BMM,2021-07-19,0.0449,0.0449,0.0449,0.0449,0.0015,+3.46%,400
BMM,2021-07-20,0.043,0.043,0.043,0.043,-0.0019,-4.23%,1000
BMM,2021-07-21,0.0435,0.0435,0.04,0.04,-0.003,-6.98%,11100
BMM,2021-07-22,0.04,0.04,0.04,0.04,0,0.00%,8500
BMM,2021-07-23,0.0399,0.0399,0.0399,0.0399,-0.0001,-0.25%,1200
BMM,2021-07-26,0.04,0.04,0.04,0.04,0.0001,+0.25%,6600
BMM,2021-07-27,0.0398,0.0398,0.0398,0.0398,-0.0002,-0.50%,2800
BMM,2021-07-29,0.0364,0.0364,0.0364,0.0364,-0.0034,-8.54%,1000
BMM,2021-08-05,0.0427,0.0427,0.0427,0.0427,0.0063,+17.31%,1000
BMM,2021-08-06,0.0343,0.0448,0.0343,0.0448,0.0021,+4.92%,3500
BMM,2021-08-10,0.0371,0.045,0.0371,0.045,0.0002,+0.45%,17000
BMM,2021-08-11,0.0422,0.0422,0.0351,0.0351,-0.0099,-22.00%,5300
BMM,2021-08-12,0.0473,0.0473,0.0473,0.0473,0.0122,+34.76%,1000
BMM,2021-08-13,0.0342,0.04,0.0342,0.04,-0.0073,-15.43%,17700
BMM,2021-08-16,0.0342,0.0376,0.0342,0.0376,-0.0024,-6.00%,1900
BMM,2021-08-17,0.0352,0.0411,0.0351,0.0351,-0.0025,-6.65%,47500
BMM,2021-08-18,0.0393,0.0393,0.0393,0.0393,0.0042,+11.97%,2900
BMM,2021-08-19,0.04,0.04,0.04,0.04,0.0007,+1.78%,1000
BMM,2021-08-20,0.0373,0.0373,0.0301,0.036,-0.004,-10.00%,55100
BMM,2021-08-23,0.0299,0.0377,0.0299,0.0377,0.0017,+4.72%,2000
BMM,2021-08-24,0.0384,0.04,0.0384,0.0384,0.0007,+1.86%,17300
BMM,2021-08-30,0.0356,0.0356,0.0356,0.0356,-0.0028,-7.29%,4000
BMM,2021-09-01,0.037,0.037,0.0368,0.0368,0.0012,+3.37%,13500
BMM,2021-09-03,0.04,0.04,0.0373,0.0379,0.0011,+2.99%,20201
BMM,2021-09-07,0.0407,0.0407,0.038,0.038,0.0001,+0.26%,102000
BMM,2021-09-08,0.038,0.038,0.038,0.038,0,0.00%,100
BMM,2021-09-09,0.0421,0.0421,0.0352,0.0362,-0.0018,-4.74%,103100
BMM,2021-09-10,0.0363,0.0363,0.0363,0.0363,0.0001,+0.28%,100
BMM,2021-09-13,0.0311,0.0311,0.0311,0.0311,-0.0052,-14.33%,33656
BMM,2021-09-15,0.0334,0.0334,0.0334,0.0334,0.0023,+7.40%,8000
BMM,2021-09-16,0.0371,0.0371,0.0371,0.0371,0.0037,+11.08%,3000
BMM,2021-09-20,0.0323,0.0323,0.0323,0.0323,-0.0048,-12.94%,202
BMM,2021-09-22,0.0336,0.0336,0.0336,0.0336,0.0013,+4.02%,10000
BMM,2021-09-23,0.036,0.036,0.0344,0.0344,0.0008,+2.38%,18626
BMM,2021-09-29,0.0302,0.0311,0.0302,0.0311,-0.0033,-9.59%,5500
BMM,2021-09-30,0.0313,0.0313,0.0313,0.0313,0.0002,+0.64%,100
BMM,2021-10-01,0.034,0.034,0.034,0.034,0.0027,+8.63%,10000
BMM,2021-10-04,0.0326,0.0326,0.0258,0.0326,-0.0014,-4.12%,17000
BMM,2021-10-05,0.0365,0.0365,0.0292,0.0292,-0.0034,-10.43%,4100
BMM,2021-10-06,0.0343,0.0343,0.0299,0.0299,0.0007,+2.40%,8000
BMM,2021-10-07,0.0343,0.0343,0.0343,0.0343,0.0044,+14.72%,4000
BMM,2021-10-08,0.0305,0.0305,0.0305,0.0305,-0.0038,-11.08%,203
BMM,2021-10-14,0.0363,0.038,0.0344,0.038,0.0075,+24.59%,6800
BMM,2021-10-15,0.0374,0.039,0.0348,0.039,0.001,+2.63%,28629
BMM,2021-10-18,0.039,0.039,0.0357,0.039,0,0.00%,52007
BMM,2021-10-19,0.0349,0.0415,0.0349,0.0415,0.0025,+6.41%,128900
BMM,2021-10-20,0.0351,0.0453,0.0351,0.0451,0.0036,+8.67%,34700
BMM,2021-10-21,0.04,0.0425,0.04,0.0425,-0.0026,-5.76%,1100
BMM,2021-10-22,0.039,0.046,0.0353,0.0353,-0.0072,-16.94%,22500
BMM,2021-10-25,0.0356,0.0387,0.0356,0.0387,0.0034,+9.63%,3900
BMM,2021-10-26,0.039,0.04,0.0389,0.0389,0.0002,+0.52%,20100
BMM,2021-10-27,0.0372,0.04,0.0345,0.0372,-0.0017,-4.37%,6150
BMM,2021-10-28,0.0353,0.0369,0.0353,0.0369,-0.0003,-0.81%,24408
BMM,2021-10-29,0.0368,0.0368,0.0368,0.0368,-0.0001,-0.27%,100
BMM,2021-11-01,0.0337,0.0338,0.0337,0.0338,-0.003,-8.15%,1100
BMM,2021-11-02,0.0392,0.0392,0.0298,0.0327,-0.0011,-3.25%,41403
BMM,2021-11-03,0.0278,0.0278,0.0278,0.0278,-0.0049,-14.98%,100
BMM,2021-11-04,0.0296,0.0299,0.0296,0.0299,0.0021,+7.55%,12287
BMM,2021-11-05,0.033,0.033,0.0312,0.0312,0.0013,+4.35%,51000
BMM,2021-11-08,0.0329,0.0329,0.0289,0.029,-0.0022,-7.05%,115300
BMM,2021-11-09,0.028,0.028,0.028,0.028,-0.001,-3.45%,1306
BMM,2021-11-10,0.0283,0.0333,0.0283,0.033,0.005,+17.86%,31400
BMM,2021-11-11,0.0293,0.0293,0.0293,0.0293,-0.0037,-11.21%,25004
BMM,2021-11-12,0.03,0.03,0.03,0.03,0.0007,+2.39%,1004
BMM,2021-11-16,0.0331,0.0341,0.0323,0.0323,0.0023,+7.67%,11300
BMM,2021-11-17,0.0296,0.0328,0.0282,0.029,-0.0033,-10.22%,27900
BMM,2021-11-18,0.0291,0.0328,0.0258,0.0258,-0.0032,-11.03%,15400
BMM,2021-11-19,0.0335,0.0335,0.0329,0.0329,0.0071,+27.52%,30000
BMM,2021-11-22,0.038,0.038,0.038,0.038,0.0051,+15.50%,3000
BMM,2021-11-23,0.0384,0.0384,0.0384,0.0384,0.0004,+1.05%,10000
BMM,2021-11-24,0.0406,0.0411,0.0375,0.0375,-0.0009,-2.34%,28200
BMM,2021-11-26,0.042,0.042,0.042,0.042,0.0045,+12.00%,30000
BMM,2021-11-29,0.0372,0.0372,0.0361,0.0372,-0.0048,-11.43%,60000
BMM,2021-11-30,0.0351,0.0351,0.03,0.0323,-0.0049,-13.17%,56700
BMM,2021-12-01,0.0309,0.0326,0.0288,0.0288,-0.0035,-10.84%,6900
BMM,2021-12-02,0.0324,0.0324,0.0257,0.0283,-0.0005,-1.74%,81400
BMM,2021-12-03,0.027,0.0286,0.0229,0.0277,-0.0006,-2.12%,74600
BMM,2021-12-06,0.0271,0.0271,0.0271,0.0271,-0.0006,-2.17%,5000
BMM,2021-12-07,0.0333,0.0333,0.0303,0.0303,0.0032,+11.81%,1300
BMM,2021-12-09,0.0325,0.0325,0.0325,0.0325,0.0022,+7.26%,200
BMM,2021-12-10,0.0325,0.0325,0.0294,0.0294,-0.0031,-9.54%,1500
BMM,2021-12-14,0.0329,0.0329,0.021,0.0264,-0.003,-10.20%,22700
BMM,2021-12-16,0.0227,0.0261,0.0227,0.0261,-0.0003,-1.14%,2200
BMM,2021-12-17,0.025,0.032,0.023,0.032,0.0059,+22.61%,83500
BMM,2021-12-20,0.032,0.032,0.0248,0.0248,-0.0072,-22.50%,11700
BMM,2021-12-21,0.0268,0.0268,0.0244,0.0253,0.0005,+2.02%,92700
BMM,2021-12-22,0.0282,0.0282,0.0282,0.0282,0.0029,+11.46%,7000
BMM,2021-12-27,0.026,0.026,0.026,0.026,-0.0022,-7.80%,300
BMM,2021-12-28,0.0298,0.0354,0.0298,0.0354,0.0094,+36.15%,1200
BMM,2021-12-29,0.0288,0.0288,0.0288,0.0288,-0.0066,-18.64%,2054
BMM,2022-01-03,0.0286,0.0286,0.0286,0.0286,-0.0002,-0.69%,2000
BMM,2022-01-05,0.029,0.029,0.0276,0.029,0.0004,+1.40%,25600
BMM,2022-01-07,0.0319,0.0402,0.029,0.0375,0.0085,+29.31%,78100
BMM,2022-01-10,0.0442,0.0442,0.0385,0.0385,0.001,+2.67%,23400
BMM,2022-01-11,0.0295,0.0358,0.0295,0.0358,-0.0027,-7.01%,15100
BMM,2022-01-12,0.036,0.036,0.036,0.036,0.0002,+0.56%,20900
BMM,2022-01-13,0.0412,0.0432,0.0354,0.0354,-0.0006,-1.67%,18000
BMM,2022-01-14,0.043,0.043,0.035,0.0429,0.0075,+21.19%,16500
BMM,2022-01-18,0.042,0.043,0.042,0.042,-0.0009,-2.10%,8000
BMM,2022-01-19,0.039,0.039,0.039,0.039,-0.003,-7.14%,300
BMM,2022-01-20,0.042,0.042,0.04,0.042,0.003,+7.69%,4900
BMM,2022-01-21,0.0388,0.0388,0.0388,0.0388,-0.0032,-7.62%,131600
BMM,2022-01-24,0.0401,0.0401,0.0295,0.0401,0.0013,+3.35%,36000
BMM,2022-01-25,0.0387,0.0387,0.0346,0.0346,-0.0055,-13.72%,1700
BMM,2022-01-26,0.0346,0.0346,0.0337,0.0337,-0.0009,-2.60%,7600
BMM,2022-01-27,0.0325,0.0325,0.0325,0.0325,-0.0012,-3.56%,200
BMM,2022-01-31,0.04,0.04,0.0343,0.0381,0.0056,+17.23%,11100
BMM,2022-02-01,0.0383,0.0383,0.0343,0.0343,-0.0038,-9.97%,11500
BMM,2022-02-02,0.0334,0.0343,0.0334,0.0343,0,0.00%,1100
BMM,2022-02-03,0.0345,0.0345,0.0345,0.0345,0.0002,+0.58%,100
BMM,2022-02-04,0.0326,0.0326,0.0265,0.0302,-0.0043,-12.46%,97207
BMM,2022-02-08,0.038,0.038,0.038,0.038,0.0078,+25.83%,1000
BMM,2022-02-09,0.04,0.0414,0.0341,0.0414,0.0034,+8.95%,164100
BMM,2022-02-10,0.047,0.047,0.04,0.042,0.0006,+1.45%,51200
BMM,2022-02-11,0.042,0.042,0.04,0.041,-0.001,-2.38%,130200
BMM,2022-02-14,0.0382,0.042,0.0382,0.0415,0.0005,+1.22%,17100
BMM,2022-02-15,0.036,0.036,0.036,0.036,-0.0055,-13.25%,46000
BMM,2022-02-17,0.042,0.042,0.042,0.042,0.006,+16.67%,23700
BMM,2022-02-18,0.042,0.0507,0.042,0.0454,0.0034,+8.10%,3900
BMM,2022-02-22,0.0437,0.0454,0.0437,0.0454,0,0.00%,2140
BMM,2022-02-25,0.0483,0.0483,0.04,0.041,-0.0044,-9.69%,188500
BMM,2022-02-28,0.0436,0.0507,0.0436,0.0507,0.0097,+23.66%,21800
BMM,2022-03-01,0.051,0.051,0.0335,0.0342,-0.0165,-32.54%,232200
BMM,2022-03-02,0.039,0.039,0.0276,0.0276,-0.0066,-19.30%,100100
BMM,2022-03-03,0.039,0.039,0.0259,0.0282,0.0006,+2.17%,170500
BMM,2022-03-04,0.032,0.032,0.0282,0.0313,0.0031,+10.99%,4500
BMM,2022-03-07,0.0353,0.0353,0.0311,0.0315,0.0002,+0.64%,13200
BMM,2022-03-08,0.0309,0.0319,0.0307,0.0317,0.0002,+0.63%,173700
BMM,2022-03-09,0.031,0.0319,0.0293,0.0319,0.0002,+0.63%,39000
BMM,2022-03-10,0.0299,0.031,0.0268,0.0268,-0.0051,-15.99%,86800
BMM,2022-03-11,0.0281,0.0282,0.0266,0.0266,-0.0002,-0.75%,113100
BMM,2022-03-14,0.0225,0.0278,0.0225,0.027,0.0004,+1.50%,25300
BMM,2022-03-16,0.0282,0.0282,0.0273,0.028,0.001,+3.70%,111000
BMM,2022-03-17,0.0266,0.0266,0.0266,0.0266,-0.0014,-5.00%,200
BMM,2022-03-18,0.0283,0.0283,0.026,0.026,-0.0006,-2.26%,30000
BMM,2022-03-22,0.025,0.0252,0.025,0.0252,-0.0008,-3.08%,21100
BMM,2022-03-23,0.0233,0.0233,0.0233,0.0233,-0.0019,-7.54%,100
BMM,2022-03-24,0.0251,0.026,0.0251,0.0254,0.0021,+9.01%,13100
BMM,2022-03-25,0.0287,0.0287,0.0261,0.0287,0.0033,+12.99%,37600
BMM,2022-03-28,0.025,0.025,0.0236,0.024,-0.0047,-16.38%,190400
BMM,2022-03-29,0.0266,0.0266,0.023,0.0265,0.0025,+10.42%,60000
BMM,2022-03-30,0.0259,0.0286,0.0235,0.0235,-0.003,-11.32%,110500
BMM,2022-03-31,0.0266,0.0266,0.0266,0.0266,0.0031,+13.19%,500
BMM,2022-04-01,0.0239,0.0239,0.0239,0.0239,-0.0027,-10.15%,1000
BMM,2022-04-05,0.0283,0.0288,0.0263,0.0286,0.0047,+19.67%,192900
BMM,2022-04-06,0.0287,0.0287,0.0255,0.0255,-0.0031,-10.84%,15030
BMM,2022-04-08,0.0284,0.0284,0.0284,0.0284,0.0029,+11.37%,14000
BMM,2022-04-11,0.0266,0.03,0.0266,0.0266,-0.0018,-6.34%,10100
BMM,2022-04-13,0.0275,0.0275,0.0275,0.0275,0.0009,+3.38%,20000
BMM,2022-04-14,0.0247,0.0277,0.0239,0.0256,-0.0019,-6.91%,125300
BMM,2022-04-18,0.0247,0.0247,0.0242,0.0242,-0.0014,-5.47%,70000
BMM,2022-04-19,0.0254,0.0254,0.0254,0.0254,0.0012,+4.96%,7000
BMM,2022-04-20,0.025,0.0252,0.0235,0.0245,-0.0009,-3.54%,100000
BMM,2022-04-22,0.0233,0.0233,0.0233,0.0233,-0.0012,-4.90%,4000
BMM,2022-04-25,0.0225,0.0225,0.0225,0.0225,-0.0008,-3.43%,10101
BMM,2022-04-27,0.0231,0.0239,0.022,0.0239,0.0014,+6.22%,5800
BMM,2022-04-28,0.0238,0.0238,0.0238,0.0238,-0.0001,-0.42%,3700
BMM,2022-04-29,0.0238,0.0238,0.0238,0.0238,0,0.00%,5000
BMM,2022-05-03,0.0225,0.0225,0.0225,0.0225,-0.0013,-5.46%,300
BMM,2022-05-04,0.02,0.02,0.02,0.02,-0.0025,-11.11%,14600
BMM,2022-05-05,0.0174,0.022,0.0174,0.022,0.002,+10.00%,7100
BMM,2022-05-06,0.0185,0.022,0.0176,0.0185,-0.0035,-15.91%,120600
BMM,2022-05-09,0.0163,0.0185,0.0157,0.0157,-0.0028,-15.14%,27832
BMM,2022-05-11,0.018,0.018,0.018,0.018,0.0023,+14.65%,25000
BMM,2022-05-12,0.0142,0.018,0.0142,0.018,0,0.00%,4600
BMM,2022-05-13,0.018,0.0193,0.0142,0.0143,-0.0037,-20.56%,255000
BMM,2022-05-16,0.0162,0.018,0.0162,0.018,0.0037,+25.87%,29000
BMM,2022-05-17,0.018,0.018,0.018,0.018,0,0.00%,50000
BMM,2022-05-18,0.0171,0.018,0.0171,0.018,0,0.00%,50000
BMM,2022-05-24,0.0166,0.02,0.0166,0.02,0.002,+11.11%,114100
BMM,2022-05-25,0.02,0.02,0.02,0.02,0,0.00%,100
BMM,2022-05-27,0.0153,0.0179,0.0153,0.0179,-0.0021,-10.50%,3300
BMM,2022-06-02,0.0192,0.0192,0.0192,0.0192,0.0013,+7.26%,2100
BMM,2022-06-03,0.02,0.02,0.02,0.02,0.0008,+4.17%,22500
BMM,2022-06-07,0.0203,0.0203,0.0203,0.0203,0.0003,+1.50%,40000
BMM,2022-06-08,0.0234,0.0267,0.0234,0.0267,0.0064,+31.53%,10500
BMM,2022-06-10,0.0274,0.0274,0.0274,0.0274,0.0007,+2.62%,500
BMM,2022-06-14,0.0189,0.0189,0.0189,0.0189,-0.0085,-31.02%,5000
BMM,2022-06-16,0.0238,0.0238,0.0238,0.0238,0.0049,+25.93%,105000
BMM,2022-06-17,0.0233,0.0233,0.0188,0.0188,-0.005,-21.01%,120000
BMM,2022-06-21,0.0182,0.0182,0.0182,0.0182,-0.0006,-3.19%,20000
BMM,2022-06-24,0.0218,0.0218,0.0218,0.0218,0.0036,+19.78%,5500
BMM,2022-06-29,0.0214,0.0214,0.0214,0.0214,-0.0004,-1.83%,100
BMM,2022-06-30,0.019,0.019,0.019,0.019,-0.0024,-11.21%,100
BMM,2022-07-05,0.0197,0.0197,0.0197,0.0197,0.0007,+3.68%,8000
BMM,2022-07-06,0.0191,0.0191,0.0191,0.0191,-0.0006,-3.05%,25000
BMM,2022-07-07,0.021,0.021,0.021,0.021,0.0019,+9.95%,4000
BMM,2022-07-11,0.0197,0.0204,0.0197,0.0197,-0.0013,-6.19%,5000
BMM,2022-07-14,0.0178,0.0178,0.0155,0.0155,-0.0042,-21.32%,29800
BMM,2022-07-18,0.0167,0.0167,0.0151,0.0151,-0.0004,-2.58%,100059
BMM,2022-07-19,0.0144,0.0164,0.0144,0.0144,-0.0007,-4.64%,186600
BMM,2022-07-21,0.0165,0.0165,0.0165,0.0165,0.0021,+14.58%,1500
BMM,2022-07-26,0.0165,0.0165,0.0165,0.0165,0,0.00%,8000
BMM,2022-08-01,0.0171,0.0171,0.0171,0.0171,0.0006,+3.64%,10000
BMM,2022-08-15,0.0157,0.0157,0.0157,0.0157,-0.0014,-8.19%,2000
BMM,2022-08-19,0.0164,0.0164,0.0164,0.0164,0.0007,+4.46%,2000
BMM,2022-08-29,0.0161,0.0161,0.0161,0.0161,-0.0003,-1.83%,900
BMM,2022-09-06,0.0142,0.0142,0.0114,0.0114,-0.0047,-29.19%,103300
BMM,2022-09-07,0.0084,0.0084,0.0074,0.0074,-0.004,-35.09%,13033
BMM,2022-09-08,0.0104,0.0127,0.0104,0.0127,0.0053,+71.62%,11500
BMM,2022-09-13,0.0137,0.0137,0.0137,0.0137,0.001,+7.87%,1800
BMM,2022-09-15,0.0123,0.0123,0.0123,0.0123,-0.0014,-10.22%,38000
BMM,2022-09-19,0.0139,0.015,0.0139,0.015,0.0027,+21.95%,40000
BMM,2022-09-20,0.0131,0.0131,0.0131,0.0131,-0.0019,-12.67%,1154
BMM,2022-09-26,0.0147,0.0147,0.0147,0.0147,0.0016,+12.21%,2000
BMM,2022-09-27,0.0131,0.0131,0.0105,0.0105,-0.0042,-28.57%,20836
BMM,2022-09-30,0.012,0.012,0.012,0.012,0.0015,+14.29%,5000
BMM,2022-10-03,0.0122,0.0122,0.0122,0.0122,0.0002,+1.67%,4000
BMM,2022-10-05,0.014,0.0182,0.014,0.0148,0.0026,+21.31%,10200
BMM,2022-10-07,0.0147,0.0147,0.0141,0.0141,-0.0007,-4.73%,1500
BMM,2022-10-12,0.014,0.014,0.0112,0.0112,-0.0029,-20.57%,86000
BMM,2022-10-17,0.0135,0.0135,0.0135,0.0135,0.0023,+20.54%,86000
BMM,2022-10-19,0.0149,0.0149,0.0149,0.0149,0.0014,+10.37%,201300
BMM,2022-10-21,0.0134,0.0134,0.011,0.011,-0.0039,-26.17%,17000
BMM,2022-10-24,0.011,0.011,0.01,0.01,-0.001,-9.09%,2610
BMM,2022-10-26,0.011,0.011,0.011,0.011,0.001,+10.00%,12009
BMM,2022-10-27,0.0127,0.0127,0.0119,0.0127,0.0017,+15.45%,23000
BMM,2022-10-28,0.0112,0.0113,0.011,0.0113,-0.0014,-11.02%,32805
BMM,2022-11-01,0.0113,0.0113,0.0113,0.0113,0,0.00%,21500
BMM,2022-11-02,0.0119,0.0119,0.01,0.01,-0.0013,-11.50%,382380
BMM,2022-11-10,0.0139,0.0139,0.0139,0.0139,0.0039,+39.00%,20050
BMM,2022-11-17,0.012,0.0129,0.012,0.0129,-0.001,-7.19%,40000
BMM,2022-11-18,0.0089,0.0115,0.0089,0.0115,-0.0014,-10.85%,11200
BMM,2022-11-23,0.0125,0.0125,0.0125,0.0125,0.001,+8.70%,30005
BMM,2022-11-30,0.0103,0.0103,0.0103,0.0103,-0.0022,-17.60%,5065
BMM,2022-12-01,0.0099,0.0099,0.0099,0.0099,-0.0004,-3.88%,5000
BMM,2022-12-02,0.0106,0.0125,0.01,0.0116,0.0017,+17.17%,460000
BMM,2022-12-05,0.0113,0.0113,0.0113,0.0113,-0.0003,-2.59%,500
BMM,2022-12-08,0.0113,0.0113,0.0112,0.0113,0,0.00%,53000
BMM,2022-12-15,0.0112,0.0112,0.0095,0.0095,-0.0018,-15.93%,16000
BMM,2022-12-16,0.0082,0.0082,0.0078,0.0082,-0.0013,-13.68%,212500
BMM,2022-12-19,0.0092,0.0095,0.0084,0.0095,0.0013,+15.85%,105000
BMM,2022-12-21,0.0113,0.0113,0.0113,0.0113,0.0018,+18.95%,15400
BMM,2022-12-27,0.0119,0.0119,0.0119,0.0119,0.0006,+5.31%,4089
BMM,2022-12-28,0.0106,0.0106,0.01,0.01,-0.0019,-15.97%,5100
BMM,2022-12-29,0.0113,0.0113,0.0072,0.0073,-0.0027,-27.00%,32100
BMM,2022-12-30,0.0072,0.0093,0.0072,0.0093,0.002,+27.40%,5500
BMM,2023-01-03,0.0074,0.0112,0.0061,0.0112,0.0019,+20.43%,258700
BMM,2023-01-04,0.0108,0.0114,0.0108,0.0114,0.0002,+1.79%,410000
BMM,2023-01-05,0.0097,0.0097,0.0097,0.0097,-0.0017,-14.91%,5000
BMM,2023-01-06,0.0095,0.0095,0.0095,0.0095,-0.0002,-2.06%,5000
BMM,2023-01-09,0.01,0.01,0.01,0.01,0.0005,+5.26%,55500
BMM,2023-01-10,0.01,0.01,0.01,0.01,0,0.00%,15000
BMM,2023-01-11,0.009,0.009,0.009,0.009,-0.001,-10.00%,50000
BMM,2023-01-12,0.01,0.01,0.0095,0.0095,0.0005,+5.56%,41000
BMM,2023-01-17,0.009,0.009,0.009,0.009,-0.0005,-5.26%,35000
BMM,2023-01-18,0.009,0.009,0.0085,0.0085,-0.0005,-5.56%,16000
BMM,2023-01-19,0.01,0.01,0.01,0.01,0.0015,+17.65%,10000
BMM,2023-01-20,0.0091,0.01,0.0091,0.01,0,0.00%,70000
BMM,2023-01-23,0.008,0.008,0.0073,0.0073,-0.0027,-27.00%,424400
BMM,2023-01-24,0.008,0.009,0.008,0.0085,0.0012,+16.44%,138600
BMM,2023-01-27,0.01,0.01,0.01,0.01,0.0015,+17.65%,96000
BMM,2023-01-30,0.01,0.01,0.01,0.01,0,0.00%,20900
BMM,2023-01-31,0.009,0.01,0.009,0.01,0,0.00%,146200
BMM,2023-02-02,0.0112,0.0112,0.0112,0.0112,0.0012,+12.00%,2800
BMM,2023-02-06,0.0105,0.015,0.0105,0.015,0.0038,+33.93%,510000
BMM,2023-02-07,0.015,0.015,0.0145,0.0145,-0.0005,-3.33%,220000
BMM,2023-02-08,0.017,0.017,0.0154,0.0154,0.0009,+6.21%,17000
BMM,2023-02-09,0.017,0.017,0.017,0.017,0.0016,+10.39%,200
BMM,2023-02-10,0.0151,0.0151,0.0151,0.0151,-0.0019,-11.18%,2500
BMM,2023-02-13,0.0112,0.0112,0.011,0.011,-0.0041,-27.15%,107000
BMM,2023-02-14,0.011,0.011,0.011,0.011,0,0.00%,10100
BMM,2023-02-15,0.0105,0.0105,0.0105,0.0105,-0.0005,-4.55%,9000
BMM,2023-02-17,0.0105,0.0105,0.01,0.01,-0.0005,-4.76%,549054
BMM,2023-02-21,0.0087,0.0087,0.0087,0.0087,-0.0013,-13.00%,55000
BMM,2023-02-22,0.0089,0.0089,0.0089,0.0089,0.0002,+2.30%,20000
BMM,2023-02-23,0.0095,0.0095,0.0087,0.0087,-0.0002,-2.25%,62618
BMM,2023-02-27,0.0088,0.0088,0.0076,0.008,-0.0007,-8.05%,165100
BMM,2023-03-03,0.0086,0.0086,0.0084,0.0086,0.0006,+7.50%,135000
BMM,2023-03-06,0.0076,0.008,0.005,0.005,-0.0036,-41.86%,526500
BMM,2023-03-07,0.0501,0.1407,0.05,0.126,0.121,"+2,420.00%",6800
BMM,2023-03-08,0.0654,0.1,0.0654,0.1,-0.026,-20.63%,48634
BMM,2023-03-09,0.07,0.07,0.07,0.07,-0.03,-30.00%,2001
BMM,2023-03-13,0.0605,0.0665,0.0605,0.0606,-0.0094,-13.43%,300
BMM,2023-03-14,0.0646,0.0646,0.0646,0.0646,0.004,+6.60%,200
BMM,2023-03-15,0.057,0.057,0.057,0.057,-0.0076,-11.76%,1900
BMM,2023-03-16,0.067,0.067,0.067,0.067,0.01,+17.54%,40000
BMM,2023-03-20,0.06,0.06,0.06,0.06,-0.007,-10.45%,20000
BMM,2023-03-22,0.0613,0.0655,0.0613,0.0655,0.0055,+9.17%,200
BMM,2023-03-23,0.0655,0.0655,0.0655,0.0655,0,0.00%,1500
BMM,2023-03-24,0.0655,0.0655,0.0622,0.0655,0,0.00%,3700
BMM,2023-03-27,0.0655,0.0655,0.057,0.0613,-0.0042,-6.41%,2300
BMM,2024-01-05,0.047,0.047,0.047,0.047,-0.0143,-23.33%,1330
BMM,2024-01-11,0.0516,0.0516,0.0516,0.0516,0.0046,+9.79%,15000
BMM,2024-01-12,0.0506,0.0506,0.0475,0.0475,-0.0041,-7.95%,20230
BMM,2024-01-18,0.0471,0.0471,0.0471,0.0471,-0.0004,-0.84%,300
BMM,2024-01-19,0.0447,0.0457,0.0436,0.0436,-0.0035,-7.43%,4800
BMM,2024-01-23,0.0457,0.0457,0.0457,0.0457,0.0021,+4.82%,1014
BMM,2024-01-25,0.0484,0.0484,0.0429,0.0429,-0.0028,-6.13%,1014
BMM,2024-02-12,0.0509,0.0509,0.0509,0.0509,0.008,+18.65%,3500
BMM,2024-02-13,0.0502,0.0502,0.0502,0.0502,-0.0007,-1.38%,100
BMM,2024-02-14,0.0475,0.0475,0.0438,0.0449,-0.0053,-10.56%,12090
BMM,2024-02-27,0.0428,0.0428,0.0428,0.0428,-0.0021,-4.68%,100
BMM,2024-03-11,0.0437,0.0437,0.0437,0.0437,0.0009,+2.10%,1000
BMM,2024-03-19,0.04,0.04,0.04,0.04,-0.0037,-8.47%,2000
BMM,2024-03-21,0.04,0.04,0.04,0.04,0,0.00%,1000
BMM,2024-03-26,0.0408,0.0408,0.0408,0.0408,0.0008,+2.00%,10001
BMM,2024-04-04,0.047,0.047,0.047,0.047,0.0062,+15.20%,3004
BMM,2024-04-10,0.0422,0.0422,0.0422,0.0422,-0.0048,-10.21%,1000
BMM,2024-04-11,0.0415,0.0415,0.0415,0.0415,-0.0007,-1.66%,6004
BMM,2024-04-22,0.042,0.042,0.0357,0.0357,-0.0058,-13.98%,6200
BMM,2024-04-24,0.0297,0.0297,0.0297,0.0297,-0.006,-16.81%,2021
BMM,2024-05-15,0.0284,0.0338,0.0284,0.0338,0.0041,+13.80%,82000
BMM,2024-05-20,0.033,0.04,0.033,0.04,0.0062,+18.34%,50000
BMM,2024-05-21,0.04,0.04,0.04,0.04,0,0.00%,10000
BMM,2024-05-29,0.023,0.023,0.023,0.023,-0.017,-42.50%,1000
BMM,2024-06-10,0.0314,0.0314,0.0314,0.0314,0.0084,+36.52%,5000
BMM,2024-06-11,0.0439,0.0439,0.0439,0.0439,0.0125,+39.81%,1000
BMM,2024-06-18,0.0347,0.0347,0.0347,0.0347,-0.0092,-20.96%,500
BMM,2024-06-21,0.0415,0.0486,0.0304,0.0304,-0.0043,-12.39%,197950
BMM,2024-06-25,0.035,0.035,0.035,0.035,0.0046,+15.13%,49900
BMM,2024-06-26,0.02,0.02,0.02,0.02,-0.015,-42.86%,24900
BMM,2024-07-02,0.036,0.036,0.0247,0.025,0.005,+25.00%,27000
BMM,2024-07-03,0.035,0.035,0.035,0.035,0.01,+40.00%,1130
BMM,2024-07-16,0.031,0.031,0.031,0.031,-0.004,-11.43%,25000
BMM,2024-07-22,0.0317,0.0317,0.0289,0.0289,-0.0021,-6.77%,3100
BMM,2024-07-23,0.0287,0.0287,0.0287,0.0287,-0.0002,-0.69%,100
BMM,2024-07-25,0.027,0.027,0.027,0.027,-0.0017,-5.92%,75000
BMM,2024-07-26,0.0267,0.0283,0.0267,0.0283,0.0013,+4.81%,2500
BMM,2024-07-29,0.0283,0.0283,0.0283,0.0283,0,0.00%,3510
BMM,2024-08-06,0.0236,0.0236,0.0236,0.0236,-0.0047,-16.61%,13900
BMM,2024-08-07,0.02,0.021,0.02,0.02,-0.0036,-15.25%,80010
BMM,2024-08-13,0.0236,0.0236,0.0236,0.0236,0.0036,+18.00%,1000
BMM,2024-08-16,0.025,0.07,0.025,0.065,0.0414,+175.42%,1035500
BMM,2024-08-19,0.06,0.072,0.0534,0.072,0.007,+10.77%,19420
BMM,2024-08-20,0.0616,0.0616,0.0616,0.0616,-0.0104,-14.44%,700
BMM,2024-08-21,0.06,0.0616,0.06,0.06,-0.0016,-2.60%,6300
BMM,2024-08-22,0.0786,0.0786,0.0786,0.0786,0.0186,+31.00%,3000
BMM,2024-08-23,0.0787,0.09,0.0787,0.09,0.0114,+14.50%,16500
BMM,2024-08-26,0.0804,0.0804,0.0804,0.0804,-0.0096,-10.67%,100
BMM,2024-08-27,0.0907,0.0907,0.0907,0.0907,0.0103,+12.81%,100
BMM,2024-08-29,0.117,0.124,0.1064,0.1108,0.0201,+22.16%,61200
BMM,2024-08-30,0.0903,0.0935,0.0903,0.0935,-0.0173,-15.61%,1800
BMM,2024-09-03,0.1114,0.1114,0.1114,0.1114,0.0179,+19.14%,4000
BMM,2024-09-04,0.1101,0.1101,0.1101,0.1101,-0.0013,-1.17%,800
BMM,2024-09-05,0.1152,0.1411,0.1152,0.1305,0.0204,+18.53%,71300
BMM,2024-09-06,0.1408,0.1408,0.127,0.1371,0.0066,+5.06%,42100
BMM,2024-09-09,0.1379,0.1379,0.124,0.124,-0.0131,-9.56%,29000
BMM,2024-09-10,0.1313,0.1337,0.1313,0.1337,0.0097,+7.82%,40100
BMM,2024-09-12,0.128,0.1355,0.128,0.128,-0.0057,-4.26%,50900
BMM,2024-09-13,0.154,0.1694,0.13,0.1694,0.0414,+32.34%,84500
BMM,2024-09-16,0.1757,0.1925,0.17,0.18,0.0106,+6.26%,425400
BMM,2024-09-17,0.2,0.2049,0.18,0.1968,0.0168,+9.33%,292050
BMM,2024-09-18,0.2033,0.2033,0.1926,0.2032,0.0064,+3.25%,36000
BMM,2024-09-19,0.1981,0.211,0.177,0.211,0.0078,+3.84%,323700
BMM,2024-09-20,0.2056,0.2133,0.2034,0.2034,-0.0076,-3.60%,7400
BMM,2024-09-23,0.1913,0.2047,0.178,0.1958,-0.0076,-3.74%,74800
BMM,2024-09-24,0.2024,0.2151,0.1999,0.2151,0.0193,+9.86%,22800
BMM,2024-09-25,0.2022,0.2022,0.1952,0.1952,-0.0199,-9.25%,6500
BMM,2024-09-26,0.2,0.2173,0.2,0.2173,0.0221,+11.32%,3700
BMM,2024-09-27,0.214,0.2236,0.214,0.2209,0.0036,+1.66%,52000
BMM,2024-09-30,0.22,0.22,0.22,0.22,-0.0009,-0.41%,90000
BMM,2024-10-02,0.224,0.224,0.224,0.224,0.004,+1.82%,2500
BMM,2024-10-03,0.24,0.24,0.22,0.22,-0.004,-1.79%,22500
BMM,2024-10-04,0.23,0.23,0.23,0.23,0.01,+4.55%,14500
BMM,2024-10-07,0.23,0.2348,0.23,0.2348,0.0048,+2.09%,19200
BMM,2024-10-10,0.2103,0.2521,0.2103,0.2521,0.0173,+7.37%,29300
BMM,2024-10-11,0.2555,0.2591,0.2431,0.255,0.0029,+1.15%,20800
BMM,2024-10-14,0.2612,0.2612,0.225,0.225,-0.03,-11.76%,400
BMM,2024-10-15,0.2511,0.2511,0.2107,0.2504,0.0254,+11.29%,27400
BMM,2024-10-16,0.253,0.265,0.25,0.2632,0.0128,+5.11%,22700
BMM,2024-10-17,0.2667,0.27,0.2411,0.2411,-0.0221,-8.40%,39900
BMM,2024-10-18,0.2528,0.2743,0.24,0.2743,0.0332,+13.77%,152300
BMM,2024-10-21,0.2465,0.2465,0.2465,0.2465,-0.0278,-10.13%,200
BMM,2024-10-22,0.2339,0.245,0.2339,0.245,-0.0015,-0.61%,1300
BMM,2024-10-23,0.2374,0.249,0.2306,0.2306,-0.0144,-5.88%,24000
BMM,2024-10-24,0.2352,0.2451,0.2352,0.2451,0.0145,+6.29%,1237
BMM,2024-10-29,0.22,0.2353,0.21,0.2353,-0.0098,-4.00%,45111
BMM,2024-11-01,0.2401,0.2401,0.2401,0.2401,0.0048,+2.04%,2000
BMM,2024-11-04,0.2495,0.2495,0.24,0.2495,0.0094,+3.92%,20200
BMM,2024-11-08,0.2495,0.2495,0.2487,0.2487,-0.0008,-0.32%,200
BMM,2024-11-11,0.2457,0.2515,0.2402,0.2515,0.0028,+1.13%,24200
BMM,2024-11-12,0.25,0.2602,0.25,0.2602,0.0087,+3.46%,24200
BMM,2024-11-14,0.2657,0.2709,0.2617,0.2681,0.0079,+3.04%,28500
BMM,2024-11-15,0.2834,0.2834,0.273,0.273,0.0049,+1.83%,200
BMM,2024-11-18,0.2834,0.2916,0.2834,0.2916,0.0186,+6.81%,6500
BMM,2024-11-19,0.29,0.3046,0.284,0.284,-0.0076,-2.61%,22100
BMM,2024-11-20,0.2616,0.2616,0.2616,0.2616,-0.0224,-7.89%,100
BMM,2024-11-22,0.2616,0.2616,0.2401,0.2401,-0.0215,-8.22%,23300
BMM,2024-11-25,0.2411,0.2411,0.24,0.24,-0.0001,-0.04%,9000
BMM,2024-11-27,0.2506,0.2506,0.2506,0.2506,0.0106,+4.42%,2500
BMM,2025-03-14,2.5,2.5,0.75,2.5,2.2494,+897.61%,472
BMM,2025-03-18,2.5,2.5,2.5,2.5,0,0.00%,472
BMM,2025-03-25,2.0018,2.0661,2.0018,2.0661,-0.4339,-17.36%,48600
BMM,2025-04-03,1.72,1.8027,1.25,1.25,-0.8161,-39.50%,28800
BMM,2025-04-04,1.69,1.69,1.69,1.69,0.44,+35.20%,28800
BMM,2025-04-10,2,2,2,2,0.31,+18.34%,2200
BMM,2025-04-11,2.25,2.5,2.25,2.5,0.5,+25.00%,3300
BMM,2025-04-14,2.99,3,2.6,2.81,0.31,+12.40%,11500
BMM,2025-04-15,2.745,2.85,2.678,2.82,0.01,+0.36%,30600
BMM,2025-04-16,3,3.03,2.86,2.895,0.075,+2.66%,29133
BMM,2025-04-17,2.9335,2.95,2.892,2.95,0.055,+1.90%,8200
BMM,2025-04-21,2.8,2.97,2.77,2.86,-0.09,-3.05%,12500
BMM,2025-04-22,2.89,2.89,2.46,2.5699,-0.2901,-10.14%,35700
BMM,2025-04-23,2.57,2.57,2.47,2.48,-0.0899,-3.50%,6400
BMM,2025-04-24,2.25,2.2699,2.235,2.259,-0.221,-8.91%,9800
BMM,2025-04-25,2.2677,2.2677,2.03,2.1399,-0.1191,-5.27%,14900
BMM,2025-04-28,2.14,2.22,2.14,2.22,0.0801,+3.74%,4500
BMM,2025-04-29,2.21,2.21,2.16,2.18,-0.04,-1.80%,2100
BMM,2025-04-30,2.16,2.185,2.15,2.16,-0.02,-0.92%,2690
BMM,2025-05-02,2.13,2.13,2.13,2.13,-0.03,-1.39%,500
BMM,2025-05-05,2.155,2.155,2.13,2.13,0,0.00%,2000
BMM,2025-05-06,2.19,2.19,2.166,2.1695,0.0395,+1.85%,600
BMM,2025-05-08,2.17,2.23,2.17,2.23,0.0605,+2.79%,20960
BMM,2025-05-09,2.245,2.245,2.2,2.21,-0.02,-0.90%,18800
BMM,2025-05-12,2.2,2.2,2.2,2.2,-0.01,-0.45%,18800
BMM,2025-05-14,2.221,2.221,2.221,2.221,0.021,+0.95%,5000
BMM,2025-05-15,2.1575,2.1575,2.1575,2.1575,-0.0635,-2.86%,200
BMM,2025-05-16,2.145,2.145,2.145,2.145,-0.0125,-0.58%,100
BMM,2025-05-20,2.16,2.2125,2.14,2.14,-0.005,-0.23%,4700
BMM,2025-05-21,2.15,2.15,2.15,2.15,0.01,+0.47%,100
BMM,2025-05-22,2.13,2.1775,2.13,2.1775,0.0275,+1.28%,2100
BMM,2025-05-23,2.22,2.24,2.178,2.18,0.0025,+0.11%,3300
BMM,2025-05-27,2.25,2.261,2.25,2.261,0.081,+3.72%,400
BMM,2025-05-28,2.244,2.244,2.2356,2.2356,-0.0254,-1.12%,808
BMM,2025-05-29,2.25,2.25,2.24,2.24,0.0044,+0.20%,1300
BMM,2025-05-30,2.21,2.27,2.21,2.27,0.03,+1.34%,11300
BMM,2025-06-02,2.277,2.277,2.23,2.2625,-0.0075,-0.33%,22000
BMM,2025-06-03,2.2195,2.22,2.2195,2.22,-0.0425,-1.88%,700
BMM,2025-06-05,2.3,2.37,2.3,2.37,0.15,+6.76%,13100
BMM,2025-06-06,2.3125,2.3555,2.3125,2.3125,-0.0575,-2.43%,300
BMM,2025-06-09,2.33,2.34,2.3195,2.33,0.0175,+0.76%,5215
BMM,2025-06-11,2.33,2.33,2.2875,2.32,-0.01,-0.43%,1320
BMM,2025-06-12,2.2935,2.2935,2.2935,2.2935,-0.0265,-1.14%,200
BMM,2025-06-13,2.264,2.264,2.26,2.26,-0.0335,-1.46%,300
BMM,2025-06-16,2.31,2.31,2.26,2.26,0,0.00%,5200
BMM,2025-06-17,2.32,2.34,2.304,2.32,0.06,+2.65%,16700
BMM,2025-06-18,2.34,2.37,2.33,2.37,0.05,+2.16%,16000
BMM,2025-06-20,2.343,2.37,2.33,2.3501,-0.0199,-0.84%,19200
BMM,2025-06-23,2.5175,2.55,2.5175,2.55,0.1999,+8.51%,7005
BMM,2025-06-24,2.55,2.55,2.55,2.55,0,0.00%,100
BMM,2025-06-25,2.5,2.5,2.4665,2.47,-0.08,-3.14%,3900
BMM,2025-06-26,2.45,2.5,2.45,2.488,0.018,+0.73%,8300
BMM,2025-06-27,2.38,2.42,2.38,2.4,-0.088,-3.54%,2600
BMM,2025-06-30,2.4,2.4,2.4,2.4,0,0.00%,1067
BMM,2025-07-02,2.43,2.43,2.43,2.43,0.03,+1.25%,100
BMM,2025-07-03,2.476,2.476,2.476,2.476,0.046,+1.89%,401
BMM,2025-07-07,2.4075,2.4075,2.37,2.37,-0.106,-4.28%,2338
BMM,2025-07-08,2.37,2.37,2.37,2.37,0,0.00%,300
BMM,2025-07-09,2.4,2.4,2.4,2.4,0.03,+1.27%,2500
BMM,2025-07-10,2.3635,2.376,2.34,2.34,-0.06,-2.50%,12300
BMM,2025-07-11,2.385,2.4,2.36,2.36,0.02,+0.85%,27200
BMM,2025-07-14,2.36,2.36,2.36,2.36,0,0.00%,300
BMM,2025-07-15,2.295,2.334,2.288,2.334,-0.026,-1.10%,1900
BMM,2025-07-17,2.32,2.5,2.31,2.375,0.041,+1.76%,21300
BMM,2025-07-18,2.4,2.43,2.35,2.43,0.055,+2.32%,4200
BMM,2025-07-21,2.25,2.448,2.25,2.38,-0.05,-2.06%,2000
BMM,2025-07-22,2.437,2.437,2.39,2.41,0.03,+1.26%,10800
BMM,2025-07-23,2.5,2.55,2.48,2.48,0.07,+2.90%,8600
BMM,2025-07-24,2.55,2.59,2.55,2.58,0.1,+4.03%,7500
BMM,2025-07-25,2.5955,2.6,2.5525,2.574,-0.006,-0.23%,12600
BMM,2025-07-28,2.53,2.73,2.41,2.42,-0.154,-5.98%,23100
BMM,2025-07-29,2.45,2.495,2.45,2.45,0.03,+1.24%,3700
BMM,2025-07-30,2.45,2.504,2.45,2.5,0.05,+2.04%,6300
BMM,2025-07-31,2.494,2.494,2.494,2.494,-0.006,-0.24%,400
BMM,2025-08-01,2.52,2.607,2.52,2.57,0.076,+3.05%,16201
BMM,2025-08-05,2.66,2.6826,2.66,2.68,0.11,+4.28%,1450
BMM,2025-08-06,2.665,2.708,2.665,2.67,-0.01,-0.37%,801
BMM,2025-08-07,2.67,2.67,2.67,2.67,0,0.00%,2000
BMM,2025-08-08,2.608,2.608,2.59,2.59,-0.08,-3.00%,1500
BMM,2025-08-12,2.618,2.6287,2.618,2.6284,0.0384,+1.48%,3900
BMM,2025-08-13,2.5925,2.596,2.5925,2.596,-0.0324,-1.23%,12111
BMM,2025-08-18,2.6,2.6,2.6,2.6,0.004,+0.15%,7341
BMM,2025-08-20,2.5901,2.5901,2.59,2.59,-0.01,-0.38%,1330
BMM,2025-08-21,2.4325,2.5759,2.3925,2.43,-0.16,-6.18%,19350
BMM,2025-08-25,2.43,2.44,2.43,2.44,0.01,+0.41%,5917
BMM,2025-08-27,2.4601,2.5,2.442,2.462,0.022,+0.90%,12300
BMM,2025-08-28,2.468,2.468,2.465,2.465,0.003,+0.12%,600
BMM,2025-08-29,2.534,2.5701,2.5,2.5,0.035,+1.42%,21300
BMM,2025-09-02,2.4944,2.4944,2.4301,2.45,-0.05,-2.00%,13200
BMM,2025-09-03,2.475,2.475,2.458,2.458,0.008,+0.33%,620
BMM,2025-09-04,2.375,2.3955,2.375,2.3785,-0.0795,-3.23%,500
BMM,2025-09-05,2.34,2.34,2.34,2.34,-0.0385,-1.62%,400
BMM,2025-09-08,2.45,2.45,2.435,2.45,0.11,+4.70%,1403
BMM,2025-09-10,2.405,2.42,2.4,2.41,-0.04,-1.63%,19700
BMM,2025-09-11,2.4101,2.422,2.4101,2.4101,0.0001,0.00%,6202
BMM,2025-09-12,2.415,2.415,2.415,2.415,0.0049,+0.20%,300
BMM,2025-09-15,2.4,2.4,2.345,2.37,-0.045,-1.86%,23200
BMM,2025-09-16,2.3645,2.39,2.358,2.39,0.02,+0.84%,6400
BMM,2025-09-17,2.38,2.4301,2.36,2.4301,0.0401,+1.68%,5600
BMM,2025-09-18,2.45,2.47,2.41,2.45,0.0199,+0.82%,30400
BMM,2025-09-19,2.46,2.46,2.46,2.46,0.01,+0.41%,200
BMM,2025-09-22,2.45,2.47,2.44,2.47,0.01,+0.41%,48215
BMM,2025-09-23,2.511,2.511,2.5,2.51,0.04,+1.62%,3300
BMM,2025-09-24,2.52,2.628,2.52,2.6,0.09,+3.59%,5500
BMM,2025-09-25,2.6,2.6,2.39,2.4022,-0.1978,-7.61%,8800
BMM,2025-09-26,2.42,2.52,2.408,2.52,0.1178,+4.90%,6100
BMM,2025-09-29,2.55,2.55,2.4,2.4,-0.12,-4.76%,9300
BMM,2025-09-30,2.37,2.37,2.3,2.3,-0.1,-4.17%,29100
BMM,2025-10-01,2.32,2.36,2.28,2.36,0.06,+2.61%,8441
BMM,2025-10-02,2.335,2.35,2.31,2.35,-0.01,-0.42%,5200
BMM,2025-10-03,2.365,2.41,2.36,2.41,0.06,+2.55%,10400
BMM,2025-10-06,2.416,2.42,2.37,2.41,0,0.00%,24200
BMM,2025-10-07,2.44,2.5,2.41,2.41,0,0.00%,15100
BMM,2025-10-08,2.438,2.4725,2.438,2.45,0.04,+1.66%,4400
BMM,2025-10-09,2.451,2.451,2.41,2.422,-0.028,-1.14%,7400
BMM,2025-10-10,2.4,2.4,2.4,2.4,-0.022,-0.91%,300
BMM,2025-10-14,2.79,3.1055,2.71,2.93,0.53,+22.08%,87700
BMM,2025-10-15,3.18,3.18,2.73,2.77,-0.16,-5.46%,41213
BMM,2025-10-16,2.86,2.867,2.78,2.789,0.019,+0.69%,36400
BMM,2025-10-17,2.77,2.77,2.61,2.746,-0.043,-1.54%,12400
BMM,2025-10-20,2.7,2.7,2.658,2.675,-0.071,-2.59%,10271
BMM,2025-10-21,2.46,2.46,2.3,2.396,-0.279,-10.43%,7100
BMM,2025-10-22,2.34,2.428,2.3,2.4035,0.0075,+0.31%,31600
BMM,2025-10-23,2.37,2.459,2.35,2.459,0.0555,+2.31%,11600
BMM,2025-10-24,2.47,2.52,2.426,2.4938,0.0348,+1.42%,5800
BMM,2025-10-27,2.3,2.51,2.2,2.41,-0.0838,-3.36%,12500
BMM,2025-10-28,2.4213,2.498,2.3825,2.498,0.088,+3.65%,700
BMM,2025-10-29,2.485,2.485,2.485,2.485,-0.013,-0.52%,400
BMM,2025-10-30,2.398,2.55,2.37,2.55,0.065,+2.62%,1500
BMM,2025-10-31,2.6,2.6,2.576,2.6,0.05,+1.96%,3100
BMM,2025-11-03,2.546,2.546,2.54,2.54,-0.06,-2.31%,1300
BMM,2025-11-04,2.477,2.477,2.44,2.44,-0.1,-3.94%,12600
BMM,2025-11-05,2.458,2.48,2.44,2.48,0.04,+1.64%,600
BMM,2025-11-06,2.44,2.5,2.44,2.5,0.02,+0.81%,5200
BMM,2025-11-07,2.433,2.4405,2.4211,2.4282,-0.0718,-2.87%,12500
BMM,2025-11-10,2.52,2.7,2.52,2.7,0.2718,+11.19%,22500
BMM,2025-11-11,2.71,2.76,2.6701,2.72,0.02,+0.74%,25100
BMM,2025-11-12,2.76,2.9,2.728,2.838,0.118,+4.34%,29000
BMM,2025-11-13,2.81,2.81,2.74,2.74,-0.098,-3.45%,4100
BMM,2025-11-14,2.73,2.73,2.66,2.71,-0.03,-1.09%,15100
BMM,2025-11-17,2.71,2.78,2.71,2.78,0.07,+2.58%,1100
BMM,2025-11-18,2.72,2.746,2.66,2.7,-0.08,-2.88%,25200
BMM,2025-11-19,2.72,2.74,2.72,2.72,0.02,+0.74%,4900
BMM,2025-11-20,2.6901,2.6901,2.65,2.65,-0.07,-2.57%,400
BMM,2025-11-21,2.6825,2.6825,2.659,2.659,0.009,+0.34%,500
BMM,2025-11-24,2.82,2.9,2.77,2.88,0.221,+8.31%,6200
BMM,2025-11-25,2.78,2.82,2.78,2.82,-0.06,-2.08%,345
BMM,2025-11-28,2.94,2.94,2.94,2.94,0.12,+4.26%,1500
BMM,2025-12-01,2.92,2.98,2.8225,2.83,-0.11,-3.74%,8200
BMM,2025-12-02,2.9003,3.05,2.861,2.97,0.14,+4.95%,33100
BMM,2025-12-03,2.9945,3.1225,2.9945,3.1225,0.1525,+5.13%,8100
BMM,2025-12-04,3.09,3.34,3.084,3.1,-0.0225,-0.72%,13300
BMM,2025-12-05,3.12,3.18,3.12,3.174,0.074,+2.39%,3720
BMM,2025-12-08,3.05,3.05,3.05,3.05,-0.124,-3.91%,2700
BMM,2025-12-09,3.128,3.206,3.128,3.2,0.15,+4.92%,20300
BMM,2025-12-10,3.2,3.24,3.16,3.24,0.04,+1.25%,8900
BMM,2025-12-11,3.24,3.24,3.21,3.21,-0.03,-0.93%,5000
BMM,2025-12-12,3.208,3.209,3.16,3.16,-0.05,-1.56%,2800
BMM,2025-12-15,3.16,3.2,3.16,3.16,0,0.00%,3100
BMM,2025-12-16,3.16,3.161,3.12,3.12,-0.04,-1.27%,16600
BMM,2025-12-17,3.0835,3.36,3.03,3.09,-0.03,-0.96%,2503
BMM,2025-12-18,3.088,3.088,3.088,3.088,-0.002,-0.06%,100
BMM,2025-12-19,3.3554,3.36,3.22,3.29,0.202,+6.54%,14800
BMM,2025-12-22,3.4125,3.4125,3.39,3.39,0.1,+3.04%,2470
BMM,2025-12-23,3.3475,3.45,3.3475,3.388,-0.002,-0.06%,8000
BMM,2025-12-24,3.38,3.44,3.37,3.44,0.052,+1.53%,4800
BMM,2025-12-26,3.47,3.65,3.412,3.52,0.08,+2.33%,24900
BMM,2025-12-29,3.52,3.52,3.464,3.468,-0.052,-1.48%,2900
BMM,2025-12-30,3.5,3.62,3.428,3.582,0.114,+3.29%,14500
BMM,2025-12-31,3.515,3.58,3.48,3.48,-0.102,-2.85%,1525
BMM,2026-01-02,3.514,3.514,3.514,3.514,0.034,+0.98%,100
BMM,2026-01-05,3.55,3.68,3.4375,3.6385,0.1245,+3.54%,40100
BMM,2026-01-06,3.687,3.77,3.6287,3.76,0.1215,+3.34%,24900
BMM,2026-01-07,3.74,4.027,3.65,4,0.24,+6.38%,40400
BMM,2026-01-08,3.85,4.02,3.81,3.864,-0.136,-3.40%,7926
BMM,2026-01-09,3.864,3.97,3.86,3.92,0.056,+1.45%,6200
BMM,2026-01-12,4.176,4.22,4.135,4.1825,0.2625,+6.70%,19600
BMM,2026-01-13,4.42,4.49,4.305,4.338,0.1555,+3.72%,21800
BMM,2026-01-14,4.27,4.44,4.195,4.3325,-0.0055,-0.13%,4900
BMM,2026-01-15,4.298,4.313,4.298,4.3,-0.0325,-0.75%,3500
BMM,2026-01-16,4.275,4.31,4.17,4.17,-0.13,-3.02%,2700
BMM,2026-01-20,4.15,4.235,4.108,4.235,0.065,+1.56%,3900
BMM,2026-01-21,4.2725,4.3199,4.23,4.23,-0.005,-0.12%,2100
BMM,2026-01-22,4.3,4.33,4.27,4.27,0.04,+0.95%,9600
BMM,2026-01-23,4.235,4.46,4.23,4.39,0.12,+2.81%,75900
BMM,2026-01-26,4.75,4.99,4.22,4.52,0.13,+2.96%,198600
BMM,2026-01-27,4.69,4.69,4.335,4.51,-0.01,-0.22%,151900
BMM,2026-01-28,4.56,4.63,4.37,4.485,-0.025,-0.55%,111700
BMM,2026-01-29,4.62,5.445,4.58,5.07,0.585,+13.04%,356000
BMM,2026-01-30,5.04,5.04,4.21,4.24,-0.83,-16.37%,241600
BMM,2026-02-02,4.32,4.47,4.25,4.26,0.02,+0.47%,56100
BMM,2026-02-03,4.3,4.54,4.12,4.44,0.18,+4.23%,181000
BMM,2026-02-04,4.56,4.56,3.77,4.2,-0.24,-5.41%,105400
BMM,2026-02-05,4.2,4.2,3.57,3.57,-0.63,-15.00%,101400
BMM,2026-02-06,3.7,3.77,3.56,3.58,0.01,+0.28%,72300
BMM,2026-02-09,3.58,3.68,3.58,3.66,0.08,+2.23%,109800
BMM,2026-02-10,3.66,3.73,3.5,3.63,-0.03,-0.82%,94900
BMM,2026-02-11,3.94,4.05,3.695,3.86,0.23,+6.34%,260000
BMM,2026-02-12,3.8,3.9425,3.65,3.81,-0.05,-1.30%,75600
BMM,2026-02-13,3.73,4.01,3.73,3.85,0.04,+1.05%,68000
BMM,2026-02-17,3.86,3.947,3.47,3.6,-0.25,-6.49%,81400
BMM,2026-02-18,3.69,3.78,3.5868,3.62,0.02,+0.56%,59600
BMM,2026-02-19,3.61,3.82,3.535,3.69,0.07,+1.93%,86400
BMM,2026-02-20,3.71,4.07,3.63,3.91,0.22,+5.96%,90200
BMM,2026-02-23,3.95,4.3,3.95,4.18,0.27,+6.91%,91300
BMM,2026-02-24,4.12,4.52,3.98,4.41,0.23,+5.50%,119700
BMM,2026-02-25,4.52,4.6,4.365,4.42,0.01,+0.23%,42300
BMM,2026-02-26,4.35,4.5,4.31,4.38,-0.04,-0.90%,19800
BMM,2026-02-27,4.4,5.14,4.4,5.11,0.73,+16.67%,271800
BMM,2026-03-02,5.45,6.21,5.445,6.21,1.1,+21.53%,473500
BMM,2026-03-03,6.46,6.5601,5.45,5.8,-0.41,-6.60%,298500
BMM,2026-03-04,5.94,6.0999,5.83,6.05,0.25,+4.31%,88100
BMM,2026-03-05,6.14,6.14,5.55,5.77,-0.28,-4.63%,101500
BMM,2026-03-06,5.79,5.98,5.45,5.93,0.16,+2.77%,120000
BMM,2026-03-09,6.08,6.08,5.5,5.81,-0.12,-2.02%,109000
BMM,2026-03-10,5.71,6.4399,5.71,6.1,0.29,+4.99%,88900
BMM,2026-03-11,6.14,6.14,5.67,5.85,-0.25,-4.10%,69900
BMM,2026-03-12,5.84,5.845,5.62,5.77,-0.08,-1.37%,27400
BMM,2026-03-13,5.72,5.79,5.3,5.52,-0.25,-4.33%,85500
BMM,2026-03-16,5.52,5.83,5.52,5.8,0.28,+5.07%,76800
BMM,2026-03-17,5.89,5.97,5.5872,5.67,-0.13,-2.24%,29400
BMM,2026-03-18,5.74,5.78,5.19,5.32,-0.35,-6.17%,67200
BMM,2026-03-19,5.32,5.36,4.79,4.93,-0.39,-7.33%,175500
BMM,2026-03-20,4.98,5.25,4.805,4.92,-0.01,-0.20%,80200
BMM,2026-03-23,4.92,5.11,4.8,4.98,0.06,+1.22%,77500
BMM,2026-03-24,4.99,5.22,4.82,5.19,0.21,+4.22%,60900
BMM,2026-03-25,5.28,5.7,5.27,5.55,0.36,+6.94%,63500
BMM,2026-03-26,5.5,5.63,5.375,5.43,-0.12,-2.16%,37400
BMM,2026-03-27,5.46,5.76,5.29,5.76,0.33,+6.08%,163400
BMM,2026-03-30,5.86,6.03,5.4,5.6,-0.16,-2.78%,163600
BMM,2026-03-31,5.7,6.7,5.68,6.54,0.94,+16.79%,114100
BMM,2026-04-01,6.56,6.56,6.25,6.37,-0.17,-2.60%,78400
BMM,2026-04-02,5.98,6.515,5.98,6.42,0.05,+0.78%,72300
BMM,2026-04-06,6.54,6.55,6.3601,6.48,0.06,+0.93%,39200
BMM,2026-04-07,6.48,6.66,6.31,6.65,0.17,+2.62%,70300
BMM,2026-04-08,6.99,7.8779,6.82,7.77,1.12,+16.84%,243800
BMM,2026-04-09,7.67,8.63,7.65,8.46,0.69,+8.88%,184200
BMM,2026-04-10,8.6,8.6,7.7,7.71,-0.75,-8.87%,131600
BMM,2026-04-13,7.65,7.8385,7.3101,7.8,0.09,+1.17%,100400
BMM,2026-04-14,7.85,8.3,7.82,7.92,0.12,+1.54%,94000
BMM,2026-04-15,8.04,8.1,7.5001,7.8,-0.12,-1.52%,44800
BMM,2026-04-16,8.23,8.3,7.68,8.09,0.29,+3.72%,135200
BMM,2026-04-17,8.35,8.36,7.66,7.73,-0.36,-4.45%,106500
BMM,2026-04-20,7.63,8.34,7.54,8.13,0.4,+5.17%,297500
BMM,2026-04-21,8.22,8.42,7.64,7.64,-0.49,-6.03%,181900
BMM,2026-04-22,7.91,8.25,7.89,7.97,0.33,+4.32%,124900
BMM,2026-04-23,8.04,8.1,7.53,7.67,-0.3,-3.76%,200100
BMM,2026-04-24,7.67,8.16,7.67,7.9,0.23,+3.00%,167800
BMR,2023-02-28,3.94,3.96,3.4,3.65,-4.25,-53.80%,822000
BMR,2023-03-01,3.69,3.69,3.03,3.3,-0.35,-9.59%,79100
BMR,2023-03-02,3.25,3.73,3.1,3.73,0.43,+13.03%,130500
BMR,2023-03-03,3.7,3.75,3.22,3.47,-0.26,-6.97%,122000
BMR,2023-03-06,3.37,3.54,3.16,3.32,-0.15,-4.32%,79100
BMR,2023-03-07,3.3682,3.4,3.1078,3.29,-0.03,-0.90%,28100
BMR,2023-03-08,3.19,3.43,3.16,3.32,0.03,+0.91%,13100
BMR,2023-03-09,3.4,3.4,3.1649,3.26,-0.06,-1.81%,24700
BMR,2023-03-10,3.13,3.3,3.1,3.12,-0.14,-4.29%,37700
BMR,2023-03-13,3.09,3.26,2.78,3.19,0.07,+2.24%,23400
BMR,2023-03-14,3.2017,3.2017,3,3.16,-0.03,-0.94%,26300
BMR,2023-03-15,3,3.22,2.99,3.09,-0.07,-2.22%,40300
BMR,2023-03-16,3,3,2.71,2.96,-0.13,-4.21%,42000
BMR,2023-03-17,2.912,3.015,2.9,3.0099,0.0499,+1.69%,8900
BMR,2023-03-20,3.05,3.05,2.72,3.04,0.0301,+1.00%,27700
BMR,2023-03-21,3.04,3.04,2.8,2.94,-0.1,-3.29%,22100
BMR,2023-03-22,2.83,3,2.8,2.87,-0.07,-2.38%,44700
BMR,2023-03-23,2.86,3,2.74,2.97,0.1,+3.48%,24100
BMR,2023-03-24,2.8,3.07,2.8,2.89,-0.08,-2.69%,22200
BMR,2023-03-27,3.1,3.1299,2.01,2.23,-0.66,-22.84%,108400
BMR,2023-03-28,2.13,3,1.87,1.97,-0.26,-11.66%,132000
BMR,2023-03-29,1.95,2.04,1.8,1.88,-0.09,-4.57%,68700
BMR,2023-03-30,1.88,2.0501,1.745,1.93,0.05,+2.66%,37100
BMR,2023-03-31,1.93,2.08,1.79,1.99,0.06,+3.11%,95100
BMR,2023-04-03,1.91,1.9212,1.71,1.76,-0.23,-11.56%,18500
BMR,2023-04-04,1.75,2.14,1.5832,2.0501,0.2901,+16.48%,223500
BMR,2023-04-05,1.89,2,1.62,1.81,-0.2401,-11.71%,103000
BMR,2023-04-06,1.71,1.83,1.6,1.72,-0.09,-4.97%,54900
BMR,2023-04-10,1.76,1.83,1.65,1.67,-0.05,-2.91%,16600
BMR,2023-04-11,1.67,1.75,1.65,1.7,0.03,+1.80%,11500
BMR,2023-04-12,1.6966,1.6966,1.53,1.66,-0.04,-2.35%,18400
BMR,2023-04-13,1.55,1.65,1.36,1.48,-0.18,-10.84%,58500
BMR,2023-04-14,1.7,2,1.4,1.42,-0.06,-4.05%,194600
BMR,2023-04-17,1.44,1.92,1.43,1.74,0.32,+22.54%,123700
BMR,2023-04-18,1.82,1.82,1.66,1.73,-0.01,-0.57%,31800
BMR,2023-04-19,1.6404,1.782,1.55,1.59,-0.14,-8.09%,26200
BMR,2023-04-20,1.66,1.73,1.5501,1.64,0.05,+3.14%,7300
BMR,2023-04-21,1.7,1.86,1.6403,1.68,0.04,+2.44%,41800
BMR,2023-04-24,1.65,1.7901,1.61,1.61,-0.07,-4.17%,37900
BMR,2023-04-25,1.63,1.645,1.4,1.44,-0.17,-10.56%,34700
BMR,2023-04-26,1.5273,1.5273,1.43,1.47,0.03,+2.08%,23200
BMR,2023-04-27,1.49,1.49,1.43,1.48,0.01,+0.68%,8600
BMR,2023-04-28,1.48,1.5,1.42,1.49,0.01,+0.68%,4100
BMR,2023-05-01,1.61,1.7,1.49,1.69,0.2,+13.42%,19100
BMR,2023-05-02,1.73,1.73,1.4401,1.49,-0.2,-11.83%,24200
BMR,2023-05-03,1.47,1.69,1.47,1.69,0.2,+13.42%,7900
BMR,2023-05-04,1.6729,1.6729,1.58,1.58,-0.11,-6.51%,1100
BMR,2023-05-05,1.57,1.57,1.54,1.54,-0.04,-2.53%,1300
BMR,2023-05-08,1.515,1.515,1.515,1.515,-0.025,-1.62%,1700
BMR,2023-05-09,1.5,1.52,1.43,1.52,0.005,+0.33%,5024
BMR,2023-05-10,1.52,1.6,1.4,1.59,0.07,+4.61%,28400
BMR,2023-05-11,1.58,1.6699,1.45,1.45,-0.14,-8.81%,17700
BMR,2023-05-12,1.46,1.55,1.46,1.55,0.1,+6.90%,700
BMR,2023-05-15,1.4,1.5598,1.4,1.548,-0.002,-0.13%,10900
BMR,2023-05-16,1.57,1.63,1.42,1.6,0.052,+3.36%,55000
BMR,2023-05-17,1.55,1.87,1.46,1.86,0.26,+16.25%,64600
BMR,2023-05-18,1.68,2.39,1.67,2.16,0.3,+16.13%,262200
BMR,2023-05-19,2,2.0599,1.85,2.01,-0.15,-6.94%,60300
BMR,2023-05-22,2,2.08,1.99,2.08,0.07,+3.48%,30700
BMR,2023-05-23,2.08,2.359,2.0225,2.3,0.22,+10.58%,33500
BMR,2023-05-24,2.3,2.3,2.12,2.29,-0.01,-0.43%,16800
BMR,2023-05-25,6,8.04,4.12,4.96,2.67,+116.59%,50581700
BMR,2023-05-26,4.49,4.75,4.01,4.04,-0.92,-18.55%,1244100
BMR,2023-05-30,3.71,4.19,2.61,2.92,-1.12,-27.72%,891900
BMR,2023-05-31,2.96,3.45,2.6101,3.07,0.15,+5.14%,771700
BMR,2023-06-01,2.82,2.9344,2.7,2.8,-0.27,-8.79%,314800
BMR,2023-06-02,2.71,2.8799,2.6,2.68,-0.12,-4.29%,252600
BMR,2023-06-05,2.73,2.758,2.11,2.16,-0.52,-19.40%,413600
BMR,2023-06-06,2.11,3.8496,2.11,3.22,1.06,+49.07%,9141600
BMR,2023-06-07,2.93,3.28,2.62,3.17,-0.05,-1.55%,736500
BMR,2023-06-08,3.17,3.17,2.8,2.8,-0.37,-11.67%,247700
BMR,2023-06-09,2.8,3.17,2.72,2.87,0.07,+2.50%,252500
BMR,2023-06-12,2.71,3,2.65,2.83,-0.04,-1.39%,91500
BMR,2023-06-13,2.79,2.8299,2.625,2.7,-0.13,-4.59%,84900
BMR,2023-06-14,2.7,3.1499,2.7,2.99,0.29,+10.74%,321800
BMR,2023-06-15,3,3.1,2.75,2.86,-0.13,-4.35%,157800
BMR,2023-06-16,2.82,2.95,2.77,2.91,0.05,+1.75%,109900
BMR,2023-06-20,2.81,2.9499,2.8,2.93,0.02,+0.69%,102800
BMR,2023-06-21,2.85,2.93,2.72,2.78,-0.15,-5.12%,138000
BMR,2023-06-22,2.73,2.89,2.715,2.865,0.085,+3.06%,97000
BMR,2023-06-23,2.81,2.93,2.7,2.82,-0.045,-1.57%,85600
BMR,2023-06-26,2.8,3.28,2.8,3.06,0.24,+8.51%,236500
BMR,2023-06-27,2.94,3.0821,2.75,2.89,-0.17,-5.56%,113100
BMR,2023-06-28,2.8,2.85,2.62,2.7,-0.19,-6.57%,205700
BMR,2023-06-29,2.65,2.98,2.65,2.87,0.17,+6.30%,82500
BMR,2023-06-30,2.8,2.88,2.76,2.82,-0.05,-1.74%,57700
BMR,2023-07-03,2.76,2.86,2.72,2.86,0.04,+1.42%,38600
BMR,2023-07-05,2.81,2.8888,2.71,2.82,-0.04,-1.40%,47300
BMR,2023-07-06,2.78,2.85,2.7,2.7,-0.12,-4.26%,47400
BMR,2023-07-07,2.7,2.88,2.66,2.76,0.06,+2.22%,44100
BMR,2023-07-10,2.7,2.9,2.7,2.9,0.14,+5.07%,47200
BMR,2023-07-11,2.82,2.9699,2.72,2.73,-0.17,-5.86%,52100
BMR,2023-07-12,2.68,2.81,2.39,2.59,-0.14,-5.13%,135900
BMR,2023-07-13,2.55,2.68,2.53,2.58,-0.01,-0.39%,57800
BMR,2023-07-14,2.58,2.69,2.41,2.5,-0.08,-3.10%,72600
BMR,2023-07-17,2.46,2.65,2.42,2.54,0.04,+1.60%,32000
BMR,2023-07-18,2.64,2.75,2.4289,2.51,-0.03,-1.18%,72200
BMR,2023-07-19,2.5,2.9999,2.33,2.72,0.21,+8.37%,260800
BMR,2023-07-20,2.71,2.72,2.59,2.62,-0.1,-3.68%,11900
BMR,2023-07-21,2.63,2.87,2.63,2.8101,0.1901,+7.26%,94400
BMR,2023-07-24,2.79,2.88,2.69,2.74,-0.0701,-2.49%,42900
BMR,2023-07-25,2.78,2.88,2.54,2.75,0.01,+0.36%,132000
BMR,2023-07-26,2.76,3.1,2.7306,3.05,0.3,+10.91%,92400
BMR,2023-07-27,2.97,3.15,2.8,2.9,-0.15,-4.92%,65500
BMR,2023-07-28,2.87,2.95,2.805,2.87,-0.03,-1.03%,12700
BMR,2023-07-31,2.93,3.05,2.7806,2.98,0.11,+3.83%,28400
BMR,2023-08-01,2.7,2.95,2.61,2.74,-0.24,-8.05%,75800
BMR,2023-08-02,2.63,2.7291,2.51,2.64,-0.1,-3.65%,24500
BMR,2023-08-03,2.5001,2.6659,2.5001,2.58,-0.06,-2.27%,13200
BMR,2023-08-04,2.6,2.63,2.5,2.61,0.03,+1.16%,24200
BMR,2023-08-07,2.45,2.6,2.45,2.51,-0.1,-3.83%,21300
BMR,2023-08-08,2.4,2.495,2.0001,2.2,-0.31,-12.35%,36100
BMR,2023-08-09,2.16,2.3585,2.1202,2.24,0.04,+1.82%,17900
BMR,2023-08-10,2.12,2.29,2.0601,2.13,-0.11,-4.91%,23100
BMR,2023-08-11,2.09,2.59,2.07,2.16,0.03,+1.41%,72400
BMR,2023-08-14,2.19,2.2672,2.1101,2.15,-0.01,-0.46%,14400
BMR,2023-08-15,2.1,2.3438,2.1,2.1,-0.05,-2.33%,10800
BMR,2023-08-16,2.11,2.139,2,2.01,-0.09,-4.29%,23300
BMR,2023-08-17,2,2.07,1.85,1.85,-0.16,-7.96%,38900
BMR,2023-08-18,1.89,1.9,1.83,1.87,0.02,+1.08%,14300
BMR,2023-08-21,1.89,2,1.83,1.85,-0.02,-1.07%,17600
BMR,2023-08-22,1.91,2.0747,1.83,1.84,-0.01,-0.54%,15300
BMR,2023-08-23,1.9,1.97,1.82,1.84,0,0.00%,29900
BMR,2023-08-24,1.98,2.06,1.83,2.06,0.22,+11.96%,66000
BMR,2023-08-25,1.96,2.02,1.84,1.86,-0.2,-9.71%,22000
BMR,2023-08-28,1.87,1.87,1.67,1.69,-0.17,-9.14%,46100
BMR,2023-08-29,1.66,1.8491,1.65,1.83,0.14,+8.28%,13400
BMR,2023-08-30,1.81,1.97,1.7401,1.81,-0.02,-1.09%,7900
BMR,2023-08-31,1.8988,1.908,1.775,1.84,0.03,+1.66%,12000
BMR,2023-09-01,1.8,1.95,1.78,1.84,0,0.00%,51000
BMR,2023-09-05,1.83,1.97,1.81,1.95,0.11,+5.98%,45600
BMR,2023-09-06,2,2,1.43,1.7,-0.25,-12.82%,3384300
BMR,2023-09-07,1.57,1.57,1.44,1.45,-0.25,-14.71%,140800
BMR,2023-09-08,1.56,1.59,1.45,1.53,0.08,+5.52%,125000
BMR,2023-09-11,1.48,1.565,1.46,1.48,-0.05,-3.27%,35800
BMR,2023-09-12,1.51,1.51,1.43,1.49,0.01,+0.68%,28000
BMR,2023-09-13,1.45,1.51,1.44,1.47,-0.02,-1.34%,28300
BMR,2023-09-14,1.47,1.56,1.43,1.52,0.05,+3.40%,30400
BMR,2023-09-15,1.48,1.4958,1.4301,1.47,-0.05,-3.29%,17000
BMR,2023-09-18,1.44,1.4999,1.4,1.45,-0.02,-1.36%,30300
BMR,2023-09-19,1.46,1.51,1.42,1.46,0.01,+0.69%,21200
BMR,2023-09-20,1.45,1.47,1.36,1.38,-0.08,-5.48%,30300
BMR,2023-09-21,1.35,1.4,1.35,1.38,0,0.00%,19800
BMR,2023-09-22,1.35,1.38,1.27,1.27,-0.11,-7.97%,27200
BMR,2023-09-25,1.29,1.3209,1.15,1.24,-0.03,-2.36%,42100
BMR,2023-09-26,1.25,1.3647,1.25,1.33,0.09,+7.26%,84100
BMR,2023-09-27,1.4,1.49,1.3,1.49,0.16,+12.03%,81000
BMR,2023-09-28,1.45,1.65,1.402,1.65,0.16,+10.74%,91200
BMR,2023-09-29,1.62,1.76,1.585,1.75,0.1,+6.06%,103800
BMR,2023-10-02,1.8,1.8,1.69,1.77,0.02,+1.14%,45100
BMR,2023-10-03,1.73,1.83,1.66,1.8,0.03,+1.69%,47000
BMR,2023-10-04,1.73,1.78,1.63,1.73,-0.07,-3.89%,6000
BMR,2023-10-05,1.71,1.82,1.67,1.82,0.09,+5.20%,50200
BMR,2023-10-06,1.7849,1.83,1.72,1.8,-0.02,-1.10%,22400
BMR,2023-10-09,1.61,1.72,1.48,1.48,-0.32,-17.78%,58500
BMR,2023-10-10,1.58,1.63,1.52,1.52,0.04,+2.70%,14200
BMR,2023-10-11,1.56,1.66,1.48,1.5,-0.02,-1.32%,22400
BMR,2023-10-12,1.43,1.545,1.3515,1.38,-0.12,-8.00%,17800
BMR,2023-10-13,1.42,1.628,1.3877,1.535,0.155,+11.23%,87400
BMR,2023-10-16,1.5001,1.6,1.4002,1.55,0.015,+0.98%,8700
BMR,2023-10-17,1.8,1.8899,1.5,1.51,-0.04,-2.58%,120400
BMR,2023-10-18,1.5057,1.54,1.455,1.48,-0.03,-1.99%,8600
BMR,2023-10-19,1.41,1.55,1.36,1.47,-0.01,-0.68%,18400
BMR,2023-10-20,1.44,1.52,1.42,1.44,-0.03,-2.04%,5300
BMR,2023-10-23,1.44,1.49,1.3739,1.42,-0.02,-1.39%,8200
BMR,2023-10-24,1.35,1.415,1.35,1.35,-0.07,-4.93%,22000
BMR,2023-10-25,1.4,1.535,1.27,1.27,-0.08,-5.93%,17100
BMR,2023-10-26,1.33,1.36,1.22,1.22,-0.05,-3.94%,10900
BMR,2023-10-27,1.28,1.33,1.22,1.26,0.04,+3.28%,11300
BMR,2023-10-30,1.4411,1.4411,1.24,1.24,-0.02,-1.59%,13600
BMR,2023-10-31,1.29,1.29,1.2,1.21,-0.03,-2.42%,3400
BMR,2023-11-01,1.22,1.23,1.07,1.08,-0.13,-10.74%,43500
BMR,2023-11-02,1.1798,1.19,0.91,1.085,0.005,+0.46%,28100
BMR,2023-11-03,1.12,1.21,1.095,1.18,0.095,+8.76%,19800
BMR,2023-11-06,1.21,1.374,1.1,1.22,0.04,+3.39%,32700
BMR,2023-11-07,1.21,1.3,1.21,1.27,0.05,+4.10%,20400
BMR,2023-11-08,1.35,1.3829,1.24,1.25,-0.02,-1.57%,16200
BMR,2023-11-09,1.25,1.28,1.1706,1.25,0,0.00%,32700
BMR,2023-11-10,1.26,1.29,1.1923,1.2,-0.05,-4.00%,17500
BMR,2023-11-13,1.26,1.26,1.0031,1.09,-0.11,-9.17%,66100
BMR,2023-11-14,1.18,1.18,1.1,1.16,0.07,+6.42%,12000
BMR,2023-11-15,1.13,1.2,1.1,1.19,0.03,+2.59%,25900
BMR,2023-11-16,1.16,1.2,1.12,1.13,-0.06,-5.04%,11900
BMR,2023-11-17,1.13,1.2,1.11,1.2,0.07,+6.19%,12000
BMR,2023-11-20,1.24,1.3,1.15,1.21,0.01,+0.83%,26900
BMR,2023-11-21,1.22,1.2899,1.21,1.27,0.06,+4.96%,13600
BMR,2023-11-22,1.2101,1.5,1.2101,1.3,0.03,+2.36%,51300
BMR,2023-11-24,1.35,1.4,1.33,1.37,0.07,+5.38%,16900
BMR,2023-11-27,1.33,1.5,1.33,1.38,0.01,+0.73%,18600
BMR,2023-11-28,1.36,1.38,1.29,1.3,-0.08,-5.80%,21500
BMR,2023-11-29,1.35,1.39,1.13,1.25,-0.05,-3.85%,46900
BMR,2023-11-30,1.28,1.3,1.23,1.26,0.01,+0.80%,16100
BMR,2023-12-01,1.32,1.32,1.25,1.3,0.04,+3.17%,14700
BMR,2023-12-04,1.26,1.35,1.26,1.3,0,0.00%,16600
BMR,2023-12-05,1.28,1.34,1.27,1.27,-0.03,-2.31%,13800
BMR,2023-12-06,1.25,1.32,1.1301,1.23,-0.04,-3.15%,36700
BMR,2023-12-07,1.24,1.25,1.2129,1.2282,-0.0018,-0.15%,8000
BMR,2023-12-08,1.22,1.275,1.22,1.22,-0.0082,-0.67%,11000
BMR,2023-12-11,1.28,1.36,1.27,1.3,0.08,+6.56%,24100
BMR,2023-12-12,1.28,1.33,1.25,1.25,-0.05,-3.85%,21900
BMR,2023-12-13,1.33,1.36,1.23,1.24,-0.01,-0.80%,26400
BMR,2023-12-14,1.29,1.33,1.2301,1.33,0.09,+7.26%,71300
BMR,2023-12-15,1.3,1.34,1.17,1.17,-0.16,-12.03%,40000
BMR,2023-12-18,1.22,1.24,1.17,1.1701,0.0001,+0.01%,49400
BMR,2023-12-19,1.18,1.3,1.18,1.28,0.1099,+9.39%,33000
BMR,2023-12-20,1.26,1.29,1.17,1.17,-0.11,-8.59%,37300
BMR,2023-12-21,1.142,1.2454,1.12,1.17,0,0.00%,54100
BMR,2023-12-22,1.14,1.2003,1.14,1.16,-0.01,-0.85%,15900
BMR,2023-12-26,1.14,1.21,1.14,1.19,0.03,+2.59%,18800
BMR,2023-12-27,1.2,1.25,1.11,1.1999,0.0099,+0.83%,33200
BMR,2023-12-28,1.2,1.62,1.2,1.44,0.2401,+20.01%,122300
BMR,2023-12-29,1.43,1.54,1.4,1.45,0.01,+0.69%,53200
BMR,2024-01-02,1.57,1.93,1.57,1.8,0.35,+24.14%,180000
BMR,2024-01-03,2,2,1.62,1.62,-0.18,-10.00%,79500
BMR,2024-01-04,1.71,1.71,1.6,1.69,0.07,+4.32%,34100
BMR,2024-01-05,1.85,2.2799,1.82,1.91,0.22,+13.02%,2306800
BMR,2024-01-08,2.04,2.05,1.6901,1.87,-0.04,-2.09%,159700
BMR,2024-01-09,1.87,1.87,1.8,1.8,-0.07,-3.74%,45500
BMR,2024-01-10,1.8,1.8688,1.54,1.61,-0.19,-10.56%,152300
BMR,2024-01-11,1.69,1.69,1.5362,1.62,0.01,+0.62%,47800
BMR,2024-01-12,1.69,1.6986,1.58,1.6,-0.02,-1.23%,31600
BMR,2024-01-16,1.62,1.6756,1.4001,1.45,-0.15,-9.38%,109000
BMR,2024-01-17,1.45,1.54,1.37,1.39,-0.06,-4.14%,42300
BMR,2024-01-18,1.49,1.6143,1.49,1.5,0.11,+7.91%,16700
BMR,2024-01-19,1.57,1.6399,1.45,1.45,-0.05,-3.33%,55700
BMR,2024-01-22,1.54,1.55,1.41,1.41,-0.04,-2.76%,24100
BMR,2024-01-23,1.43,1.52,1.43,1.4984,0.0884,+6.27%,62900
BMR,2024-01-24,1.54,1.6,1.5,1.52,0.0216,+1.44%,111000
BMR,2024-01-25,1.52,1.55,1.42,1.42,-0.1,-6.58%,24600
BMR,2024-01-26,1.5,1.59,1.5,1.55,0.13,+9.15%,64200
BMR,2024-01-29,1.54,1.72,1.5,1.67,0.12,+7.74%,44600
BMR,2024-01-30,1.63,1.7999,1.63,1.72,0.05,+2.99%,19800
BMR,2024-01-31,1.68,1.98,1.68,1.88,0.16,+9.30%,85200
BMR,2024-02-01,1.88,1.9,1.66,1.7,-0.18,-9.57%,28000
BMR,2024-02-02,1.64,1.765,1.5,1.55,-0.15,-8.82%,74700
BMR,2024-02-05,1.55,1.7194,1.55,1.58,0.03,+1.94%,11300
BMR,2024-02-06,1.65,1.9399,1.55,1.8,0.22,+13.92%,98300
BMR,2024-02-07,2.01,2.35,1.82,2.2,0.4,+22.22%,3461000
BMR,2024-02-08,2.06,2.16,1.64,1.86,-0.34,-15.45%,385000
BMR,2024-02-09,1.82,2.16,1.8001,2.11,0.25,+13.44%,283200
BMR,2024-02-12,6.07,34.94,6.05,9.95,7.84,+371.56%,154937900
BMR,2024-02-13,18.11,21.7,13,14.06,4.11,+41.31%,47965800
BMR,2024-02-14,16.9,19.5,14.9,16.09,2.03,+14.44%,17600500
BMR,2024-02-15,13.65,13.71,9,10,-6.09,-37.85%,9448300
BMR,2024-02-16,11.65,15.7,10,13.57,3.57,+35.70%,23405300
BMR,2024-02-20,14.38,14.7,11.25,12.4,-1.17,-8.62%,7032900
BMR,2024-02-21,10.91,11.0734,9.8,10.14,-2.26,-18.23%,3326300
BMR,2024-02-22,11.77,11.79,10.28,11.06,0.92,+9.07%,5167700
BMR,2024-02-23,9.96,10.25,9.1,9.14,-1.92,-17.36%,2687400
BMR,2024-02-26,8.1,8.88,7.25,8.5,-0.64,-7.00%,4334300
BMR,2024-02-27,8.5,8.55,7.5,8.52,0.02,+0.24%,2240300
BMR,2024-02-28,7.96,8.1889,7.55,7.82,-0.7,-8.22%,1266900
BMR,2024-02-29,8.23,8.7999,7.77,8.03,0.21,+2.69%,2156800
BMR,2024-03-01,7.87,8,7.01,7.01,-1.02,-12.70%,1546900
BMR,2024-03-04,6.88,7,5,5.91,-1.1,-15.69%,2640600
BMR,2024-03-05,5.5,6.9,5.28,6.04,0.13,+2.20%,1861200
BMR,2024-03-06,6.19,6.282,5.22,5.49,-0.55,-9.11%,1198000
BMR,2024-03-07,5.9,6.69,5.5,5.97,0.48,+8.74%,1564000
BMR,2024-03-08,6.12,6.45,5.68,5.76,-0.21,-3.52%,1003433
BMR,2024-03-11,5.59,5.8799,5.35,5.65,-0.11,-1.91%,627000
BMR,2024-03-12,5.77,6.12,5.44,5.57,-0.08,-1.42%,891800
BMR,2024-03-13,5.79,7.45,5.62,7.13,1.56,+28.01%,8502400
BMR,2024-03-14,7.42,9.4,6.7,8.14,1.01,+14.17%,15602100
BMR,2024-03-15,7.87,9.6,7.821,8,-0.14,-1.72%,7554300
BMR,2024-03-18,8.27,8.41,6.64,6.87,-1.13,-14.13%,2538300
BMR,2024-03-19,6.65,7.14,6.4,6.93,0.06,+0.87%,1233200
BMR,2024-03-20,6.97,6.98,6.5,6.77,-0.16,-2.31%,702700
BMR,2024-03-21,6.75,7.09,6.27,6.39,-0.38,-5.61%,1053700
BMR,2024-03-22,6.1,6.64,6.02,6.3,-0.09,-1.41%,606100
BMR,2024-03-25,6.26,7,6.25,6.77,0.47,+7.46%,791500
BMR,2024-03-26,6.89,6.89,6.3,6.37,-0.4,-5.91%,477700
BMR,2024-03-27,6.41,7,6.39,6.76,0.39,+6.12%,737800
BMR,2024-03-28,6.71,6.75,6.4,6.45,-0.31,-4.59%,356600
BMR,2024-04-01,6.47,6.52,6.06,6.16,-0.29,-4.50%,489800
BMR,2024-04-02,6,6.11,5.64,6.11,-0.05,-0.81%,575900
BMR,2024-04-03,6,6.11,5.85,5.99,-0.12,-1.96%,393200
BMR,2024-04-04,6.2,6.31,5.78,5.9,-0.09,-1.50%,789100
BMR,2024-04-05,5.8,5.9199,5.6,5.67,-0.23,-3.90%,392300
BMR,2024-04-08,5.8,6.2,5.6,6.2,0.53,+9.35%,528700
BMR,2024-04-09,6.14,8.2628,5.83,7.5,1.3,+20.97%,22544300
BMR,2024-04-10,7.1,8.42,6.9,6.9,-0.6,-8.00%,6133500
BMR,2024-04-11,7.13,7.4,6.5,6.74,-0.16,-2.32%,1437200
BMR,2024-04-12,6.53,6.7999,5.92,6.14,-0.6,-8.90%,1071700
BMR,2024-04-15,6.24,6.34,5.87,6.26,0.12,+1.95%,659400
BMR,2024-04-16,6.09,6.46,5.96,6.45,0.19,+3.04%,527800
BMR,2024-04-17,6.36,6.47,5.9,6.2,-0.25,-3.88%,543200
BMR,2024-04-18,6.2,6.25,5.8,5.8,-0.4,-6.45%,441200
BMR,2024-04-19,5.75,5.94,5.5,5.52,-0.28,-4.83%,532400
BMR,2024-04-22,5.51,5.59,5.01,5.12,-0.4,-7.25%,757600
BMR,2024-04-23,5.61,5.8,5.22,5.61,0.49,+9.57%,589800
BMR,2024-04-24,5.69,5.91,5.55,5.66,0.05,+0.89%,367800
BMR,2024-04-25,5.46,5.53,5.28,5.5,-0.16,-2.83%,220400
BMR,2024-04-26,5.6,6.2,5.51,6.04,0.54,+9.82%,544800
BMR,2024-04-29,6.01,6.24,5.8,5.98,-0.06,-0.99%,290900
BMR,2024-04-30,5.98,5.98,5.52,5.52,-0.46,-7.69%,239000
BMR,2024-05-01,5.6,5.75,5.5037,5.54,0.02,+0.36%,210200
BMR,2024-05-02,5.78,6.03,5.7,5.84,0.3,+5.42%,274900
BMR,2024-05-03,6.09,6.2,5.73,5.75,-0.09,-1.54%,351200
BMR,2024-05-06,5.75,6.2,5.75,6.05,0.3,+5.22%,335800
BMR,2024-05-07,6.04,6.07,5.55,5.68,-0.37,-6.12%,534700
BMR,2024-05-08,5.58,5.9,5.58,5.89,0.21,+3.70%,159200
BMR,2024-05-09,5.89,6.05,5.8,6.04,0.15,+2.55%,257100
BMR,2024-05-10,6.04,6.0577,5.8,5.8,-0.24,-3.97%,149100
BMR,2024-05-13,5.88,6.29,5.8535,5.95,0.15,+2.59%,366000
BMR,2024-05-14,5.87,6.08,5.77,5.85,-0.1,-1.68%,394800
BMR,2024-05-15,6.08,6.08,5.68,5.71,-0.14,-2.39%,380300
BMR,2024-05-16,5.71,5.79,5.6,5.6,-0.11,-1.93%,218100
BMR,2024-05-17,5.61,5.84,5.438,5.6,0,0.00%,327800
BMR,2024-05-20,5.6,5.8,5.51,5.51,-0.09,-1.61%,290300
BMR,2024-05-21,5.54,5.7,5.28,5.4,-0.11,-2.00%,254600
BMR,2024-05-22,5.4,5.5598,5.31,5.33,-0.07,-1.30%,358600
BMR,2024-05-23,5.41,5.412,5.1,5.12,-0.21,-3.94%,373600
BMR,2024-05-24,5.2,5.25,5.06,5.09,-0.03,-0.59%,275100
BMR,2024-05-28,5.12,5.1999,5.02,5.11,0.02,+0.39%,314300
BMR,2024-05-29,5.01,5.16,5.01,5.05,-0.06,-1.17%,243100
BMR,2024-05-30,5.07,5.07,4.45,4.75,-0.3,-5.94%,481200
BMR,2024-05-31,4.7,4.7229,4.1,4.27,-0.48,-10.11%,641700
BMR,2024-06-03,4.38,4.7,4.34,4.65,0.38,+8.90%,209000
BMR,2024-06-04,4.41,4.68,4.4,4.48,-0.17,-3.66%,187100
BMR,2024-06-05,4.49,4.52,4.2,4.2,-0.28,-6.25%,341800
BMR,2024-06-06,4.25,4.3,4.02,4.15,-0.05,-1.19%,272300
BMR,2024-06-07,4.09,4.41,4.0606,4.32,0.17,+4.10%,209400
BMR,2024-06-10,4.37,4.45,4.2,4.38,0.06,+1.39%,129000
BMR,2024-06-11,4.27,4.49,4.27,4.4,0.02,+0.46%,1549100
BMR,2024-06-12,6.07,6.7099,5.13,5.23,0.83,+18.86%,56469900
BMR,2024-06-13,5.26,5.3,4.71,4.71,-0.52,-9.94%,1871500
BMR,2024-06-14,4.72,4.89,4.45,4.61,-0.1,-2.12%,861100
BMR,2024-06-17,4.62,5.19,4.48,5.19,0.58,+12.58%,831200
BMR,2024-06-18,5.08,5.47,4.94,5.42,0.23,+4.43%,914500
BMR,2024-06-20,5.4,5.77,5.21,5.37,-0.05,-0.92%,519300
BMR,2024-06-21,5.37,5.39,5.03,5.19,-0.18,-3.35%,210500
BMR,2024-06-24,5.12,5.19,4.86,4.95,-0.24,-4.62%,273300
BMR,2024-06-25,4.95,5.14,4.89,5.04,0.09,+1.82%,174800
BMR,2024-06-26,5.04,5.13,4.91,4.96,-0.08,-1.59%,280900
BMR,2024-06-27,5.06,5.425,4.91,5.36,0.4,+8.06%,361900
BMR,2024-06-28,5.32,5.43,5.1,5.22,-0.14,-2.61%,176600
BMR,2024-07-01,5.34,5.68,5.12,5.62,0.4,+7.66%,387200
BMR,2024-07-02,5.55,5.77,5.45,5.53,-0.09,-1.60%,225000
BMR,2024-07-03,5.55,5.7,5.332,5.7,0.17,+3.07%,178300
BMR,2024-07-05,5.65,5.7,5.04,5.45,-0.25,-4.39%,318700
BMR,2024-07-08,5.45,5.58,5.41,5.44,-0.01,-0.18%,102800
BMR,2024-07-09,5.32,5.42,5.24,5.29,-0.15,-2.76%,175000
BMR,2024-07-10,5.3,5.3496,5.11,5.24,-0.05,-0.95%,216100
BMR,2024-07-11,5.21,5.49,5.21,5.44,0.2,+3.82%,173700
BMR,2024-07-12,5.38,5.63,5.26,5.56,0.12,+2.21%,228700
BMR,2024-07-15,5.56,5.6,5.3,5.31,-0.25,-4.50%,142000
BMR,2024-07-16,5.28,5.75,5.28,5.74,0.43,+8.10%,284200
BMR,2024-07-17,5.51,5.73,5.3,5.41,-0.33,-5.75%,174200
BMR,2024-07-18,5.4,5.41,4.96,5.09,-0.32,-5.91%,252400
BMR,2024-07-19,5.06,5.29,4.96,5.21,0.12,+2.36%,121900
BMR,2024-07-22,5.14,5.17,4.84,4.96,-0.25,-4.80%,223300
BMR,2024-07-23,4.99,5.26,4.94,5.24,0.28,+5.65%,164400
BMR,2024-07-24,5.2,5.2,4.84,4.94,-0.3,-5.73%,215000
BMR,2024-07-25,4.86,4.9799,4.7,4.86,-0.08,-1.62%,120300
BMR,2024-07-26,4.84,4.9099,4.71,4.85,-0.01,-0.21%,120100
BMR,2024-07-29,5.21,5.75,4.25,4.61,-0.24,-4.95%,7903500
BMR,2024-07-30,4.33,4.4299,4.13,4.25,-0.36,-7.81%,577800
BMR,2024-07-31,4.2,4.67,4.19,4.55,0.3,+7.06%,491700
BMR,2024-08-01,4.53,4.565,4.19,4.2,-0.35,-7.69%,258600
BMR,2024-08-02,4.12,4.21,3.91,4.1,-0.1,-2.38%,402000
BMR,2024-08-05,3.41,3.87,3.3683,3.77,-0.33,-8.05%,417700
BMR,2024-08-06,3.8,3.95,3.6,3.73,-0.04,-1.06%,393100
BMR,2024-08-07,3.85,3.86,3.33,3.43,-0.3,-8.04%,358700
BMR,2024-08-08,3.44,3.61,3.395,3.52,0.09,+2.62%,135800
BMR,2024-08-09,3.5,3.57,3.38,3.46,-0.06,-1.70%,154000
BMR,2024-08-12,3.36,3.43,2.93,3.35,-0.11,-3.18%,474400
BMR,2024-08-13,3.44,3.58,3.22,3.54,0.19,+5.67%,180300
BMR,2024-08-14,3.56,3.64,3.41,3.51,-0.03,-0.85%,197500
BMR,2024-08-15,3.5,3.74,3.41,3.71,0.2,+5.70%,144400
BMR,2024-08-16,3.72,3.82,3.55,3.64,-0.07,-1.89%,167700
BMR,2024-08-19,3.64,3.838,3.6,3.82,0.18,+4.95%,102700
BMR,2024-08-20,3.76,3.96,3.76,3.82,0,0.00%,142400
BMR,2024-08-21,3.87,3.8769,3.7,3.81,-0.01,-0.26%,103700
BMR,2024-08-22,3.84,3.93,3.62,3.71,-0.1,-2.62%,131200
BMR,2024-08-23,3.72,3.802,3.65,3.72,0.01,+0.27%,92100
BMR,2024-08-26,3.72,3.79,3.58,3.61,-0.11,-2.96%,83500
BMR,2024-08-27,3.56,3.69,3.5,3.62,0.01,+0.28%,115100
BMR,2024-08-28,3.62,3.6341,3.21,3.27,-0.35,-9.67%,295100
BMR,2024-08-29,3.32,3.54,3.3,3.36,0.09,+2.75%,281800
BMR,2024-08-30,3.42,3.59,3.38,3.48,0.12,+3.57%,80000
BMR,2024-09-03,3.44,3.56,3.27,3.35,-0.13,-3.74%,209200
BMR,2024-09-04,3.31,3.3895,3.23,3.28,-0.07,-2.09%,136800
BMR,2024-09-05,3.3,3.41,3.16,3.25,-0.03,-0.91%,107000
BMR,2024-09-06,3.26,3.28,3.08,3.13,-0.12,-3.69%,87200
BMR,2024-09-09,3.16,3.32,3.1,3.21,0.08,+2.56%,91100
BMR,2024-09-10,3.31,3.7394,3.3001,3.61,0.4,+12.46%,565100
BMR,2024-09-11,3.64,3.64,3.41,3.59,-0.02,-0.55%,154600
BMR,2024-09-12,3.59,3.6799,3.52,3.52,-0.07,-1.95%,71900
BMR,2024-09-13,3.66,4.04,3.66,3.76,0.24,+6.82%,386000
BMR,2024-09-16,3.72,3.82,3.52,3.63,-0.13,-3.46%,77100
BMR,2024-09-17,3.67,3.91,3.66,3.78,0.15,+4.13%,120500
BMR,2024-09-18,3.78,3.87,3.58,3.68,-0.1,-2.65%,92000
BMR,2024-09-19,3.81,3.82,3.64,3.75,0.07,+1.90%,95100
BMR,2024-09-20,3.76,3.82,3.66,3.79,0.04,+1.07%,121800
BMR,2024-09-23,3.7,3.82,3.67,3.67,-0.12,-3.17%,60900
BMR,2024-09-24,3.77,4.25,3.6948,4.18,0.51,+13.90%,405400
BMR,2024-09-25,4.21,4.21,3.83,3.97,-0.21,-5.02%,213300
BMR,2024-09-26,4.03,4.0698,3.83,3.91,-0.06,-1.51%,123400
BMR,2024-09-27,3.88,4.07,3.86,3.95,0.04,+1.02%,97200
BMR,2024-09-30,3.97,3.99,3.75,3.87,-0.08,-2.03%,92200
BMR,2024-10-01,3.9,3.9,3.55,3.73,-0.14,-3.62%,151400
BMR,2024-10-02,3.72,3.72,3.63,3.64,-0.09,-2.41%,97300
BMR,2024-10-03,3.58,3.66,3.51,3.54,-0.1,-2.75%,68900
BMR,2024-10-04,3.6,3.85,3.5,3.69,0.15,+4.24%,137900
BMR,2024-10-07,3.66,3.68,3.45,3.47,-0.22,-5.96%,109300
BMR,2024-10-08,3.5,3.56,3.4,3.5,0.03,+0.86%,82300
BMR,2024-10-09,3.44,3.48,3.375,3.48,-0.02,-0.57%,69800
BMR,2024-10-10,3.48,3.57,3.4,3.46,-0.02,-0.57%,99800
BMR,2024-10-11,3.41,3.53,3.41,3.51,0.05,+1.45%,56900
BMR,2024-10-14,3.54,3.69,3.31,3.46,-0.05,-1.42%,188400
BMR,2024-10-15,3.5,3.5,3.25,3.33,-0.13,-3.76%,189300
BMR,2024-10-16,3.31,3.4,3.27,3.3,-0.03,-0.90%,76800
BMR,2024-10-17,3.29,3.3324,3.25,3.29,-0.01,-0.30%,66400
BMR,2024-10-18,3.25,3.47,3.25,3.3,0.01,+0.30%,136500
BMR,2024-10-21,3.35,3.38,3.2,3.24,-0.06,-1.82%,90200
BMR,2024-10-22,3.23,3.24,3.07,3.19,-0.05,-1.54%,148900
BMR,2024-10-23,3.12,3.24,3.05,3.15,-0.04,-1.25%,175700
BMR,2024-10-24,3.11,3.21,3.11,3.14,-0.01,-0.32%,56100
BMR,2024-10-25,3.14,3.36,3.14,3.29,0.15,+4.78%,224400
BMR,2024-10-28,3.39,3.5,3.3001,3.4,0.11,+3.34%,144000
BMR,2024-10-29,3.45,3.53,3.23,3.3,-0.1,-2.94%,177700
BMR,2024-10-30,3.3,3.36,3.23,3.245,-0.055,-1.67%,95500
BMR,2024-10-31,3.28,3.28,3.06,3.08,-0.165,-5.08%,137200
BMR,2024-11-01,3.15,3.21,3.08,3.1,0.02,+0.65%,108500
BMR,2024-11-04,3.14,3.1662,2.77,2.78,-0.32,-10.32%,318800
BMR,2024-11-05,2.94,3.09,2.84,3.02,0.24,+8.63%,196600
BMR,2024-11-06,3,3.0399,2.85,2.93,-0.09,-2.98%,176000
BMR,2024-11-07,2.92,3.1,2.92,3.06,0.13,+4.44%,162000
BMR,2024-11-08,3.15,3.15,2.95,2.97,-0.09,-2.94%,104500
BMR,2024-11-11,2.97,2.9999,2.83,2.97,0,0.00%,214200
BMR,2024-11-12,2.89,3.03,2.8,2.86,-0.11,-3.70%,188300
BMR,2024-11-13,2.94,2.94,2.57,2.73,-0.13,-4.55%,253700
BMR,2024-11-14,2.6,2.708,2.5,2.7,-0.03,-1.10%,133900
BMR,2024-11-15,2.65,2.71,2.6001,2.61,-0.09,-3.33%,127300
BMR,2024-11-18,2.65,2.65,2.47,2.56,-0.05,-1.92%,244600
BMR,2024-11-19,2.56,2.7499,2.4,2.72,0.16,+6.25%,181400
BMR,2024-11-20,2.72,2.79,2.6,2.66,-0.06,-2.21%,147000
BMR,2024-11-21,2.62,2.8,2.59,2.75,0.09,+3.38%,160400
BMR,2024-11-22,2.75,3.05,2.54,3.02,0.27,+9.82%,236000
BMR,2024-11-25,3.1,3.35,2.9601,2.98,-0.04,-1.32%,296279
BMR,2024-11-26,3.04,3.0537,2.82,2.89,-0.09,-3.02%,138108
BMR,2024-11-27,2.84,3.06,2.78,3.05,0.16,+5.54%,156000
BMR,2024-11-29,3.05,3.27,3.005,3.27,0.22,+7.21%,173700
BMR,2024-12-02,3.27,3.3,3.1,3.16,-0.11,-3.36%,222300
BMR,2024-12-03,3.11,3.23,3.06,3.06,-0.1,-3.16%,121300
BMR,2024-12-04,3.06,3.27,3.06,3.22,0.16,+5.23%,242900
BMR,2024-12-05,3.26,3.42,3.12,3.33,0.11,+3.42%,303700
BMR,2024-12-06,3.38,3.85,3.3,3.73,0.4,+12.01%,699300
BMR,2024-12-09,3.83,4.5986,3.64,4.05,0.32,+8.58%,1287800
BMR,2024-12-10,4.16,4.16,3.6,3.82,-0.23,-5.68%,410900
BMR,2024-12-11,3.96,4.81,3.86,4,0.18,+4.71%,1077100
BMR,2024-12-12,3.95,4.05,3.61,3.77,-0.23,-5.75%,303400
BMR,2024-12-13,3.79,3.845,3.62,3.7,-0.07,-1.86%,170900
BMR,2024-12-16,3.71,4.32,3.6362,4.29,0.59,+15.95%,510800
BMR,2024-12-17,4.37,4.46,3.8854,4.05,-0.24,-5.59%,307200
BMR,2024-12-18,4.06,4.12,3.61,3.68,-0.37,-9.14%,366000
BMR,2024-12-19,3.7,4.2099,3.62,4.12,0.44,+11.96%,398800
BMR,2024-12-20,4.01,4.2,3.77,4,-0.12,-2.91%,456700
BMR,2024-12-23,3.93,3.96,3.58,3.62,-0.38,-9.50%,280000
BMR,2024-12-24,3.72,3.72,3.46,3.49,-0.13,-3.59%,182200
BMR,2024-12-26,3.64,3.7257,3.32,3.68,0.19,+5.44%,272000
BMR,2024-12-27,3.64,4.27,3.5159,4.07,0.39,+10.60%,697100
BMR,2024-12-30,4.2,5.94,3.95,5.79,1.72,+42.26%,3813500
BMR,2024-12-31,6,6.59,4.72,4.92,-0.87,-15.03%,2012000
BMR,2025-01-02,4.91,5.01,4.25,4.75,-0.17,-3.46%,927600
BMR,2025-01-03,4.6,5.44,4.6,5.14,0.39,+8.21%,797000
BMR,2025-01-06,5.19,5.199,4.5336,4.65,-0.49,-9.53%,849000
BMR,2025-01-07,4.76,4.87,4.39,4.56,-0.09,-1.94%,462800
BMR,2025-01-08,4.49,4.49,4,4.07,-0.49,-10.75%,416800
BMR,2025-01-10,4.07,4.15,3.8,3.88,-0.19,-4.67%,199200
BMR,2025-01-13,4.14,4.14,3.51,3.64,-0.24,-6.19%,365300
BMR,2025-01-14,3.73,3.7733,3.51,3.54,-0.1,-2.75%,288000
BMR,2025-01-15,3.63,4.0699,3.59,4,0.46,+12.99%,661400
BMR,2025-01-16,4.03,4.23,3.67,3.91,-0.09,-2.25%,684500
BMR,2025-01-17,3.98,4.17,3.8,3.87,-0.04,-1.02%,189200
BMR,2025-01-21,3.87,3.95,3.7,3.84,-0.03,-0.78%,200900
BMR,2025-01-22,3.9,4.228,3.9,4.02,0.18,+4.69%,398600
BMR,2025-01-23,3.98,4.09,3.83,4.04,0.02,+0.50%,179800
BMR,2025-01-24,4.03,4.37,4.02,4.2,0.16,+3.96%,253800
BMR,2025-01-27,3.96,3.96,3.54,3.56,-0.64,-15.24%,458000
BMR,2025-01-28,3.63,3.785,3.57,3.7,0.14,+3.93%,319900
BMR,2025-01-29,3.75,3.78,3.555,3.69,-0.01,-0.27%,183600
BMR,2025-01-30,3.71,3.7142,3.51,3.59,-0.1,-2.71%,159800
BMR,2025-01-31,3.62,3.7672,3.55,3.58,-0.01,-0.28%,124600
BMR,2025-02-03,3.5,3.6,3.36,3.55,-0.03,-0.84%,204800
BMR,2025-02-04,3.59,3.71,3.51,3.56,0.01,+0.28%,224700
BMR,2025-02-05,3.59,3.655,3.55,3.63,0.07,+1.97%,122800
BMR,2025-02-06,3.64,3.73,3.63,3.69,0.06,+1.65%,111100
BMR,2025-02-07,3.73,3.73,3.49,3.61,-0.08,-2.17%,153000
BMR,2025-02-10,3.69,3.69,3.315,3.4,-0.21,-5.82%,316300
BMR,2025-02-11,3.4,3.4,3.2,3.23,-0.17,-5.00%,192000
BMR,2025-02-12,3.22,3.3399,3.17,3.3,0.07,+2.17%,92000
BMR,2025-02-13,3.38,3.44,3.24,3.43,0.13,+3.94%,156600
BMR,2025-02-14,3.43,3.43,3.23,3.29,-0.14,-4.08%,124400
BMR,2025-02-18,3.4,3.65,3.07,3.15,-0.14,-4.26%,601700
BMR,2025-02-19,3.18,3.23,3,3.05,-0.1,-3.17%,237300
BMR,2025-02-20,3.01,3.04,2.89,3.01,-0.04,-1.31%,285000
BMR,2025-02-21,3.07,3.07,2.84,2.9,-0.11,-3.65%,192400
BMR,2025-02-24,2.9,2.95,2.75,2.8,-0.1,-3.45%,253600
BMR,2025-02-25,2.8,2.8,2.56,2.61,-0.19,-6.79%,266900
BMR,2025-02-26,2.77,2.79,2.6,2.66,0.05,+1.92%,168000
BMR,2025-02-27,2.65,2.8,2.5,2.52,-0.14,-5.26%,194900
BMR,2025-02-28,2.5,2.6399,2.3,2.56,0.04,+1.59%,141300
BMR,2025-03-03,2.6,2.64,2.31,2.33,-0.23,-8.98%,164700
BMR,2025-03-04,2.3,2.57,2.25,2.49,0.16,+6.87%,129700
BMR,2025-03-05,2.47,2.48,2.3599,2.46,-0.03,-1.20%,113100
BMR,2025-03-06,2.39,2.5,2.37,2.41,-0.05,-2.03%,64300
BMR,2025-03-07,2.42,2.45,2.36,2.45,0.04,+1.66%,72306
BMR,2025-03-10,2.41,2.44,2.28,2.29,-0.16,-6.53%,162400
BMR,2025-03-11,2.28,2.37,2.24,2.32,0.03,+1.31%,50000
BMR,2025-03-12,2.36,2.52,2.3301,2.47,0.15,+6.47%,78700
BMR,2025-03-13,2.47,2.5,2.3,2.32,-0.15,-6.07%,59300
BMR,2025-03-14,2.4,2.5,2.32,2.49,0.17,+7.33%,70900
BMR,2025-03-17,2.53,2.65,2.5,2.62,0.13,+5.22%,244100
BMR,2025-03-18,2.57,2.5805,2.35,2.38,-0.24,-9.16%,82700
BMR,2025-03-19,2.4,2.76,2.33,2.44,0.06,+2.52%,265500
BMR,2025-03-20,2.53,2.53,2.4,2.51,0.07,+2.87%,109500
BMR,2025-03-21,2.53,2.535,2.4464,2.53,0.02,+0.80%,47900
BMR,2025-03-24,2.6,2.85,2.58,2.66,0.13,+5.14%,168000
BMR,2025-03-25,2.64,2.64,2.49,2.52,-0.14,-5.26%,108700
BMR,2025-03-26,2.49,2.57,2.38,2.4,-0.12,-4.76%,51100
BMR,2025-03-27,2.45,2.52,2.29,2.43,0.03,+1.25%,78700
BMR,2025-03-28,2.4,2.41,2.25,2.31,-0.12,-4.94%,108200
BMR,2025-03-31,2.26,2.2968,2.13,2.2,-0.11,-4.76%,110700
BMR,2025-04-01,2.24,2.3,2.12,2.3,0.1,+4.55%,79700
BMR,2025-04-02,2.25,2.34,2.24,2.31,0.01,+0.43%,43000
BMR,2025-04-03,2.2,2.49,2.2,2.3,-0.01,-0.43%,192900
BMR,2025-04-04,2.19,2.195,2.045,2.1,-0.2,-8.70%,91500
BMR,2025-04-07,2,2.19,1.99,2.07,-0.03,-1.43%,91500
BMR,2025-04-08,2.25,2.25,1.86,1.93,-0.14,-6.76%,95500
BMR,2025-04-09,1.91,2.25,1.87,2.1,0.17,+8.81%,202300
BMR,2025-04-10,2.08,2.08,1.91,2.02,-0.08,-3.81%,69200
BMR,2025-04-11,1.98,2.24,1.96,2.2,0.18,+8.91%,88800
BMR,2025-04-14,2.24,2.35,2.2,2.25,0.05,+2.27%,68900
BMR,2025-04-15,2.29,2.2929,2.18,2.22,-0.03,-1.33%,29700
BMR,2025-04-16,2.16,2.25,2.03,2.12,-0.1,-4.50%,74600
BMR,2025-04-17,2.12,2.1957,2.11,2.13,0.01,+0.47%,18000
BMR,2025-04-21,2.21,2.3,2.075,2.24,0.11,+5.16%,69800
BMR,2025-04-22,2.21,2.25,2.0985,2.2,-0.04,-1.79%,68900
BMR,2025-04-23,2.21,2.4,2.21,2.4,0.2,+9.09%,78100
BMR,2025-04-24,2.42,2.55,2.33,2.525,0.125,+5.21%,65900
BMR,2025-04-25,2.55,2.57,2.46,2.5,-0.025,-0.99%,34400
BMR,2025-04-28,2.45,2.58,2.45,2.52,0.02,+0.80%,60200
BMR,2025-04-29,2.53,2.54,2.4201,2.43,-0.09,-3.57%,27900
BMR,2025-04-30,2.39,2.57,2.39,2.53,0.1,+4.12%,42400
BMR,2025-05-01,2.59,2.59,2.43,2.46,-0.07,-2.77%,22600
BMR,2025-05-02,2.5,2.89,2.45,2.786,0.326,+13.25%,160000
BMR,2025-05-05,2.79,2.79,2.6184,2.62,-0.166,-5.96%,31500
BMR,2025-05-06,2.65,2.7,2.5702,2.62,0,0.00%,13800
BMR,2025-05-07,2.67,2.89,2.6206,2.88,0.26,+9.92%,83400
BMR,2025-05-08,2.8,2.89,2.65,2.67,-0.21,-7.29%,50600
BMR,2025-05-09,2.72,2.8,2.6101,2.64,-0.03,-1.12%,37100
BMR,2025-05-12,2.8,3.0587,2.69,2.97,0.33,+12.50%,233600
BMR,2025-05-13,2.95,2.96,2.75,2.8,-0.17,-5.72%,151900
BMR,2025-05-14,2.85,2.87,2.71,2.74,-0.06,-2.14%,72700
BMR,2025-05-15,2.72,2.75,2.64,2.7,-0.04,-1.46%,64700
BMR,2025-05-16,2.67,2.85,2.65,2.85,0.15,+5.56%,64700
BMR,2025-05-19,2.71,2.78,2.675,2.73,-0.12,-4.21%,70000
BMR,2025-05-20,2.71,2.7841,2.66,2.73,0,0.00%,33900
BMR,2025-05-21,2.65,2.8,2.565,2.61,-0.12,-4.40%,58300
BMR,2025-05-22,2.57,2.73,2.54,2.71,0.1,+3.83%,53400
BMR,2025-05-23,2.7,2.7,2.58,2.64,-0.07,-2.58%,29900
BMR,2025-05-27,2.7708,2.79,2.6598,2.74,0.1,+3.79%,66800
BMR,2025-05-28,2.77,2.8,2.67,2.74,0,0.00%,28200
BMR,2025-05-29,2.71,2.99,2.71,2.9,0.16,+5.84%,133800
BMR,2025-05-30,2.99,3,2.82,2.89,-0.01,-0.34%,80700
BMR,2025-06-02,2.92,2.98,2.829,2.96,0.07,+2.42%,50700
BMR,2025-06-03,2.93,3.2,2.885,3.15,0.19,+6.42%,224800
BMR,2025-06-04,3.12,3.3,3.12,3.2,0.05,+1.59%,94600
BMR,2025-06-05,3.2,3.296,2.9501,3.02,-0.18,-5.63%,88000
BMR,2025-06-06,3.06,3.17,3.01,3.1,0.08,+2.65%,83100
BMR,2025-06-09,3.13,3.49,3.0801,3.45,0.35,+11.29%,193200
BMR,2025-06-10,3.52,3.56,3.31,3.37,-0.08,-2.32%,101400
BMR,2025-06-11,3.69,4.3199,3.69,4.09,0.72,+21.36%,17238000
BMR,2025-06-12,3.87,4.1,3.58,3.6,-0.49,-11.98%,588300
BMR,2025-06-13,3.27,3.4799,3.22,3.23,-0.37,-10.28%,341600
BMR,2025-06-16,3.25,3.43,2.98,3.03,-0.2,-6.19%,260000
BMR,2025-06-17,2.92,3.23,2.88,3.11,0.08,+2.64%,218800
BMR,2025-06-18,3.15,3.22,3.03,3.11,0,0.00%,114700
BMR,2025-06-20,3.08,3.27,3.01,3.17,0.06,+1.93%,96700
BMR,2025-06-23,3.16,3.39,3.08,3.15,-0.02,-0.63%,257200
BMR,2025-06-24,3.33,3.33,3.1,3.18,0.03,+0.95%,89100
BMR,2025-06-25,3.2,3.2,2.98,3.05,-0.13,-4.09%,124300
BMR,2025-06-26,3.01,3.1699,3.01,3.14,0.09,+2.95%,174200
BMR,2025-06-27,3.14,3.2,3.07,3.1,-0.04,-1.27%,77800
BMR,2025-06-30,3.08,3.175,3.05,3.155,0.055,+1.77%,74600
BMR,2025-07-01,3.19,3.21,3.05,3.16,0.005,+0.16%,112900
BMR,2025-07-02,3.15,3.3,3.15,3.3,0.14,+4.43%,72700
BMR,2025-07-03,3.3,3.445,3.3,3.41,0.11,+3.33%,150800
BMR,2025-07-07,3.41,3.44,3.35,3.375,-0.035,-1.03%,93000
BMR,2025-07-08,3.35,3.45,3.25,3.33,-0.045,-1.33%,144900
BMR,2025-07-09,3.33,3.37,3.04,3.08,-0.25,-7.51%,224800
BMR,2025-07-10,3.11,3.135,3.02,3.09,0.01,+0.32%,101000
BMR,2025-07-11,3.07,3.07,2.93,3,-0.09,-2.91%,195100
BMR,2025-07-14,3.07,3.1394,3.02,3.07,0.07,+2.33%,76000
BMR,2025-07-15,3.1,3.15,3.0501,3.06,-0.01,-0.33%,79900
BMR,2025-07-16,3.06,3.15,3.06,3.14,0.08,+2.61%,150000
BMR,2025-07-17,3.15,3.43,3.15,3.43,0.29,+9.24%,238700
BMR,2025-07-18,3.47,3.79,3.4025,3.57,0.14,+4.08%,628500
BMR,2025-07-21,3.71,3.71,3.3,3.42,-0.15,-4.20%,242300
BMR,2025-07-22,3.43,3.5,3.2,3.45,0.03,+0.88%,82700
BMR,2025-07-23,3.37,3.5864,3.35,3.53,0.08,+2.32%,133200
BMR,2025-07-24,3.5,3.5842,3.36,3.49,-0.04,-1.13%,102900
BMR,2025-07-25,3.5,3.54,3.3695,3.43,-0.06,-1.72%,70000
BMR,2025-07-28,3.43,3.47,3.2503,3.33,-0.1,-2.92%,105200
BMR,2025-07-29,3.31,3.314,3.15,3.15,-0.18,-5.41%,170600
BMR,2025-07-30,3.15,3.24,3.1,3.14,-0.01,-0.32%,87600
BMR,2025-07-31,3.16,3.2453,3.035,3.04,-0.1,-3.18%,89900
BMR,2025-08-01,2.98,3.07,2.86,3.02,-0.02,-0.66%,127400
BMR,2025-08-04,3.05,3.12,3,3.07,0.05,+1.66%,69600
BMR,2025-08-05,3.13,3.13,2.9,2.98,-0.09,-2.93%,95200
BMR,2025-08-06,2.97,3.0823,2.92,2.92,-0.06,-2.01%,96900
BMR,2025-08-07,2.93,3.013,2.68,2.83,-0.09,-3.08%,198800
BMR,2025-08-08,2.85,2.9005,2.7893,2.86,0.03,+1.06%,59000
BMR,2025-08-11,2.88,2.93,2.75,2.8,-0.06,-2.10%,70700
BMR,2025-08-12,2.78,2.7869,2.72,2.74,-0.06,-2.14%,81000
BMR,2025-08-13,2.77,3.25,2.7601,2.99,0.25,+9.12%,512800
BMR,2025-08-14,3.04,3.85,2.9139,3.18,0.19,+6.35%,2793100
BMR,2025-08-15,3.21,3.3,3.04,3.05,-0.13,-4.09%,359600
BMR,2025-08-18,3.03,3.45,3.03,3.3,0.25,+8.20%,637300
BMR,2025-08-19,3.405,3.43,3.12,3.17,-0.13,-3.94%,299100
BMR,2025-08-20,3.17,3.17,2.95,3.01,-0.16,-5.05%,161000
BMR,2025-08-21,3,3.0599,2.95,3.01,0,0.00%,110100
BMR,2025-08-22,2.96,3.18,2.96,3.12,0.11,+3.65%,95800
BMR,2025-08-25,3.15,3.162,2.96,3,-0.12,-3.85%,172200
BMR,2025-08-26,2.99,3.06,2.96,2.99,-0.01,-0.33%,75100
BMR,2025-08-27,3,3.59,2.91,3.03,0.04,+1.34%,3603800
BMR,2025-08-28,3.05,3.19,2.9001,2.91,-0.12,-3.96%,482500
BMR,2025-08-29,2.91,2.93,2.76,2.81,-0.1,-3.44%,182400
BMR,2025-09-02,2.78,2.8,2.69,2.75,-0.06,-2.14%,141400
BMR,2025-09-03,2.77,2.82,2.73,2.78,0.03,+1.09%,71100
BMR,2025-09-04,2.8,2.8,2.69,2.7,-0.08,-2.88%,82400
BMR,2025-09-05,2.7,2.7379,2.66,2.69,-0.01,-0.37%,73200
BMR,2025-09-08,2.6,3,2.6,2.7,0.01,+0.37%,10192400
BMR,2025-09-09,2.73,2.83,2.7,2.78,0.08,+2.96%,399700
BMR,2025-09-10,2.87,3,2.8,2.87,0.09,+3.24%,489000
BMR,2025-09-11,2.93,3,2.81,2.89,0.02,+0.70%,587900
BMR,2025-09-12,2.85,2.95,2.85,2.91,0.02,+0.69%,202800
BMR,2025-09-15,2.88,2.96,2.81,2.84,-0.07,-2.41%,145500
BMR,2025-09-16,2.87,2.89,2.78,2.86,0.02,+0.70%,109100
BMR,2025-09-17,2.8,2.98,2.7951,2.87,0.01,+0.35%,171800
BMR,2025-09-18,2.9,3.02,2.88,3.01,0.14,+4.88%,337300
BMR,2025-09-19,3.01,3.08,2.97,3.02,0.01,+0.33%,200600
BMR,2025-09-22,3.03,3.1,2.96,3.07,0.05,+1.66%,148500
BMR,2025-09-23,3.07,3.1635,3.01,3.05,-0.02,-0.65%,141600
BMR,2025-09-24,3.03,3.11,2.96,3.02,-0.03,-0.98%,191300
BMR,2025-09-25,2.99,3.02,2.84,2.95,-0.07,-2.32%,152400
BMR,2025-09-26,2.97,2.97,2.88,2.95,0,0.00%,66400
BMR,2025-09-29,3.06,3.19,3.03,3.15,0.2,+6.78%,249500
BMR,2025-09-30,3.15,3.15,2.97,3.06,-0.09,-2.86%,149000
BMR,2025-10-01,3.04,3.13,3.02,3.05,-0.01,-0.33%,99200
BMR,2025-10-02,3.05,3.17,3.05,3.14,0.09,+2.95%,160900
BMR,2025-10-03,3.17,3.24,3.07,3.12,-0.02,-0.64%,140700
BMR,2025-10-06,3.12,3.2,3.09,3.16,0.04,+1.28%,148100
BMR,2025-10-07,3.16,3.19,3,3.05,-0.11,-3.48%,114400
BMR,2025-10-08,3.04,3.06,2.95,2.97,-0.08,-2.62%,232700
BMR,2025-10-09,2.94,2.9871,2.86,2.91,-0.06,-2.02%,174700
BMR,2025-10-10,2.93,2.9875,2.76,2.78,-0.13,-4.47%,223400
BMR,2025-10-13,2.87,3,2.79,2.98,0.2,+7.19%,236100
BMR,2025-10-14,2.93,2.99,2.84,2.98,0,0.00%,126100
BMR,2025-10-15,2.97,3.11,2.82,2.83,-0.15,-5.03%,1389800
BMR,2025-10-16,2.88,2.9,2.64,2.71,-0.12,-4.24%,283300
BMR,2025-10-17,2.68,2.69,2.5909,2.65,-0.06,-2.21%,155800
BMR,2025-10-20,2.69,2.9,2.67,2.87,0.22,+8.30%,243800
BMR,2025-10-21,2.87,2.8999,2.75,2.75,-0.12,-4.18%,204400
BMR,2025-10-22,2.72,2.8,2.62,2.7,-0.05,-1.82%,170300
BMR,2025-10-23,2.68,2.87,2.6601,2.82,0.12,+4.44%,136200
BMR,2025-10-24,2.85,2.896,2.83,2.86,0.04,+1.42%,115300
BMR,2025-10-27,2.84,2.88,2.81,2.81,-0.05,-1.75%,98200
BMR,2025-10-28,2.81,2.86,2.72,2.74,-0.07,-2.49%,187300
BMR,2025-10-29,2.8,2.84,2.6206,2.7,-0.04,-1.46%,162900
BMR,2025-10-30,2.72,2.72,2.55,2.59,-0.11,-4.07%,197400
BMR,2025-10-31,2.59,2.65,2.56,2.62,0.03,+1.16%,120400
BMR,2025-11-03,2.61,2.62,2.47,2.53,-0.09,-3.44%,117900
BMR,2025-11-04,2.49,2.49,2.26,2.28,-0.25,-9.88%,207800
BMR,2025-11-05,2.33,2.4,2.28,2.38,0.1,+4.39%,158300
BMR,2025-11-06,2.4,2.4,2.13,2.155,-0.225,-9.45%,286500
BMR,2025-11-07,2.24,2.2491,2.1036,2.19,0.035,+1.62%,71000
BMR,2025-11-10,2.3,2.33,2.12,2.15,-0.04,-1.83%,130700
BMR,2025-11-11,2.19,2.195,2.06,2.11,-0.04,-1.86%,100600
BMR,2025-11-12,2.09,2.16,2.09,2.1,-0.01,-0.47%,137900
BMR,2025-11-13,2.09,2.18,2.02,2.06,-0.04,-1.90%,110100
BMR,2025-11-14,2,2.115,2,2.04,-0.02,-0.97%,72600
BMR,2025-11-17,2.07,2.0894,1.9148,1.96,-0.08,-3.92%,143100
BMR,2025-11-18,1.96,2.06,1.9501,2.04,0.08,+4.08%,64000
BMR,2025-11-19,2.04,2.0805,1.93,1.96,-0.08,-3.92%,81600
BMR,2025-11-20,1.97,2.08,1.89,1.9,-0.06,-3.06%,104500
BMR,2025-11-21,1.9,1.97,1.885,1.92,0.02,+1.05%,97900
BMR,2025-11-24,1.9,2.05,1.9,2.02,0.1,+5.21%,108000
BMR,2025-11-25,2.02,2.04,1.98,2.03,0.01,+0.50%,45500
BMR,2025-11-26,2.07,2.2,2.04,2.17,0.14,+6.90%,117500
BMR,2025-11-28,2.16,2.23,2.15,2.22,0.05,+2.30%,50100
BMR,2025-12-01,2.22,2.24,2.12,2.15,-0.07,-3.15%,110000
BMR,2025-12-02,2.2,2.23,2.11,2.11,-0.04,-1.86%,71500
BMR,2025-12-03,2.1,2.23,2.1,2.22,0.11,+5.21%,48900
BMR,2025-12-04,2.24,2.46,2.2,2.43,0.21,+9.46%,204300
BMR,2025-12-05,2.46,2.46,2.27,2.28,-0.15,-6.17%,95300
BMR,2025-12-08,2.29,2.3,2.24,2.24,-0.04,-1.75%,55400
BMR,2025-12-09,2.2,2.4,2.182,2.39,0.15,+6.70%,74700
BMR,2025-12-10,2.37,2.51,2.36,2.47,0.08,+3.35%,94100
BMR,2025-12-11,2.4,2.47,2.34,2.41,-0.06,-2.43%,61100
BMR,2025-12-12,2.4,2.466,2.26,2.3,-0.11,-4.56%,82500
BMR,2025-12-15,2.28,2.29,2.13,2.15,-0.15,-6.52%,80700
BMR,2025-12-16,2.06,2.19,2.06,2.15,0,0.00%,44200
BMR,2025-12-17,2.1716,2.21,1.91,1.935,-0.215,-10.00%,149300
BMR,2025-12-18,2.01,2.0499,1.89,1.943,0.008,+0.41%,90600
BMR,2025-12-19,1.97,2.04,1.94,1.99,0.047,+2.42%,67300
BMR,2025-12-22,2.01,2.1,1.98,2.07,0.08,+4.02%,111100
BMR,2025-12-23,2.06,2.08,2,2,-0.07,-3.38%,46500
BMR,2025-12-24,2.01,2.02,1.95,1.99,-0.01,-0.50%,42800
BMR,2025-12-26,1.99,1.99,1.86,1.88,-0.11,-5.53%,162400
BMR,2025-12-29,1.89,1.99,1.83,1.86,-0.02,-1.06%,179000
BMR,2025-12-30,1.86,1.913,1.7,1.71,-0.15,-8.06%,306100
BMR,2025-12-31,1.71,1.735,1.54,1.57,-0.14,-8.19%,503400
BMR,2026-01-02,1.6,1.75,1.6,1.75,0.18,+11.46%,88600
BMR,2026-01-05,1.8,1.92,1.78,1.89,0.14,+8.00%,149600
BMR,2026-01-06,1.92,2.03,1.9,2.01,0.12,+6.35%,82000
BMR,2026-01-07,2,2,1.92,1.94,-0.07,-3.48%,57900
BMR,2026-01-08,1.95,1.99,1.91,1.95,0.01,+0.52%,60100
BMR,2026-01-09,1.97,2.04,1.94,2.03,0.08,+4.10%,71900
BMR,2026-01-12,2.0472,2.0472,1.96,2,-0.03,-1.48%,54800
BMR,2026-01-13,2.02,2.039,1.9,1.95,-0.05,-2.50%,111100
BMR,2026-01-14,1.94,1.97,1.93,1.95,0,0.00%,35400
BMR,2026-01-15,1.96,2.04,1.9506,1.97,0.02,+1.03%,61200
BMR,2026-01-16,1.94,1.98,1.91,1.91,-0.06,-3.05%,35800
BMR,2026-01-20,1.91,1.95,1.78,1.91,0,0.00%,89800
BMR,2026-01-21,1.88,1.9548,1.83,1.86,-0.05,-2.62%,60900
BMR,2026-01-22,1.88,2.055,1.88,1.92,0.06,+3.23%,158200
BMR,2026-01-23,1.96,1.98,1.905,1.91,-0.01,-0.52%,42800
BMR,2026-01-26,1.95,1.99,1.91,1.91,0,0.00%,74100
BMR,2026-01-27,1.93,1.93,1.89,1.9,-0.01,-0.52%,47700
BMR,2026-01-28,1.89,2.04,1.74,1.98,0.08,+4.21%,3124300
BMR,2026-01-29,1.98,2.08,1.95,2.07,0.09,+4.55%,203700
BMR,2026-01-30,2.09,2.15,1.9798,2.04,-0.03,-1.45%,228800
BMR,2026-02-02,2,2.04,1.94,2,-0.04,-1.96%,128200
BMR,2026-02-03,2.02,2.02,1.88,1.92,-0.08,-4.00%,134800
BMR,2026-02-04,1.92,1.92,1.75,1.77,-0.15,-7.81%,117900
BMR,2026-02-05,1.76,1.78,1.62,1.63,-0.14,-7.91%,111600
BMR,2026-02-06,1.66,1.81,1.66,1.79,0.16,+9.82%,87600
BMR,2026-02-09,1.83,1.9,1.78,1.84,0.05,+2.79%,83600
BMR,2026-02-10,1.85,1.87,1.81,1.81,-0.03,-1.63%,34900
BMR,2026-02-11,1.83,1.83,1.67,1.7,-0.11,-6.08%,85100
BMR,2026-02-12,1.68,1.7031,1.6035,1.69,-0.01,-0.59%,37800
BMR,2026-02-13,1.67,1.8139,1.64,1.68,-0.01,-0.59%,35000
BMR,2026-02-17,1.65,1.74,1.64,1.69,0.01,+0.60%,46500
BMR,2026-02-18,1.66,1.76,1.66,1.73,0.04,+2.37%,17300
BMR,2026-02-19,1.73,1.78,1.7,1.72,-0.01,-0.58%,35000
BMR,2026-02-20,1.7,1.76,1.65,1.69,-0.03,-1.74%,124400
BMR,2026-02-23,1.72,1.74,1.68,1.68,-0.01,-0.59%,61100
BMR,2026-02-24,1.67,1.75,1.66,1.705,0.025,+1.49%,25100
BMR,2026-02-25,1.67,1.87,1.67,1.86,0.155,+9.09%,114600
BMR,2026-02-26,1.87,1.9,1.7501,1.83,-0.03,-1.61%,26600
BMR,2026-02-27,1.75,1.8,1.65,1.65,-0.18,-9.84%,93400
BMR,2026-03-02,1.63,1.72,1.61,1.7,0.05,+3.03%,33900
BMR,2026-03-03,1.65,1.6821,1.58,1.65,-0.05,-2.94%,60600
BMR,2026-03-04,1.7,1.82,1.7,1.78,0.13,+7.88%,77300
BMR,2026-03-05,1.8,1.865,1.73,1.76,-0.02,-1.12%,43300
BMR,2026-03-06,1.72,1.8,1.7,1.73,-0.03,-1.70%,40847
BMR,2026-03-09,1.7,1.79,1.63,1.74,0.01,+0.58%,49600
BMR,2026-03-10,1.74,1.78,1.7,1.7,-0.04,-2.30%,28500
BMR,2026-03-11,1.75,1.75,1.65,1.7,0,0.00%,58400
BMR,2026-03-12,1.7,1.78,1.686,1.73,0.03,+1.76%,37100
BMR,2026-03-13,1.79,1.79,1.72,1.72,-0.01,-0.58%,46200
BMR,2026-03-16,1.76,1.97,1.67,1.72,0,0.00%,692200
BMR,2026-03-17,1.73,1.77,1.72,1.73,0.01,+0.58%,42700
BMR,2026-03-18,1.72,1.7228,1.62,1.65,-0.08,-4.62%,96300
BMR,2026-03-19,1.62,1.6999,1.6,1.65,0,0.00%,77300
BMR,2026-03-20,1.65,1.65,1.5,1.53,-0.12,-7.27%,64700
BMR,2026-03-23,1.6,1.61,1.53,1.56,0.03,+1.96%,93200
BMR,2026-03-24,1.53,1.55,1.4916,1.52,-0.04,-2.56%,39200
BMR,2026-03-25,1.56,1.59,1.54,1.54,0.02,+1.32%,31200
BMR,2026-03-26,1.55,1.58,1.5,1.5,-0.04,-2.60%,32200
BMR,2026-03-27,1.5,1.5,1.3836,1.42,-0.08,-5.33%,42500
BMR,2026-03-30,1.42,1.4781,1.255,1.32,-0.1,-7.04%,201200
BMR,2026-03-31,1.34,1.4521,1.34,1.39,0.07,+5.30%,45600
BMR,2026-04-01,1.39,1.4699,1.375,1.4,0.01,+0.72%,20300
BMR,2026-04-02,1.37,1.4499,1.37,1.42,0.02,+1.43%,25600
BMR,2026-04-06,1.43,1.49,1.4,1.43,0.01,+0.70%,15000
BMR,2026-04-07,1.42,1.42,1.355,1.37,-0.06,-4.20%,26700
BMR,2026-04-08,1.46,1.46,1.41,1.44,0.07,+5.11%,67800
BMR,2026-04-09,1.47,1.4971,1.41,1.45,0.01,+0.69%,78700
BMR,2026-04-10,1.5,1.56,1.45,1.55,0.1,+6.90%,131400
BMR,2026-04-13,1.5,1.535,1.45,1.52,-0.03,-1.94%,44300
BMR,2026-04-14,1.54,1.56,1.5001,1.52,0,0.00%,49700
BMR,2026-04-15,1.55,1.76,1.52,1.74,0.22,+14.47%,155700
BMR,2026-04-16,1.77,1.89,1.73,1.8,0.06,+3.45%,193300
BMR,2026-04-17,1.82,1.8999,1.78,1.83,0.03,+1.67%,94800
BMR,2026-04-20,1.83,1.9996,1.83,1.91,0.08,+4.37%,241000
BMR,2026-04-21,2,2.2,1.99,2.06,0.15,+7.85%,753500
BMR,2026-04-22,2.1,2.18,2.0356,2.15,0.09,+4.37%,183600
BMR,2026-04-23,2.11,2.11,1.8201,1.92,-0.23,-10.70%,240900
BMR,2026-04-24,1.95,2.0431,1.9,1.96,0.04,+2.08%,139000
BMRA,2014-12-31,6.56,7.12,6.56,7.12,5.16,+263.27%,575
BMRA,2015-01-02,6.56,6.56,6.56,6.56,-0.56,-7.87%,25
BMRA,2015-01-05,7.2,7.2,7.2,7.2,0.64,+9.76%,12
BMRA,2015-01-07,6.56,6.56,6.56,6.56,-0.64,-8.89%,625
BMRA,2015-01-08,6.48,6.48,6.48,6.48,-0.08,-1.22%,162
BMRA,2015-01-09,6.6408,6.6408,6.6408,6.6408,0.1608,+2.48%,125
BMRA,2015-01-12,6.68,6.68,6.68,6.68,0.0392,+0.59%,25
BMRA,2015-01-14,6.48,6.56,6.48,6.48,-0.2,-2.99%,412
BMRA,2015-01-15,6.48,6.48,6.48,6.48,0,0.00%,687
BMRA,2015-01-22,7.44,7.44,7.44,7.44,0.96,+14.81%,12
BMRA,2015-01-23,7.28,7.36,7.28,7.36,-0.08,-1.08%,387
BMRA,2015-01-26,7.04,7.04,7.04,7.04,-0.32,-4.35%,25
BMRA,2015-01-27,7.36,7.36,7.36,7.36,0.32,+4.55%,250
BMRA,2015-01-28,7.44,7.44,7.44,7.44,0.08,+1.09%,37
BMRA,2015-01-30,7.44,7.44,7.44,7.44,0,0.00%,12
BMRA,2015-02-02,7.04,7.04,7.04,7.04,-0.4,-5.38%,25
BMRA,2015-02-03,7.44,7.44,7.44,7.44,0.4,+5.68%,12
BMRA,2015-02-04,7.44,7.44,7.44,7.44,0,0.00%,62
BMRA,2015-02-05,7.44,7.44,7.36,7.36,-0.08,-1.08%,400
BMRA,2015-02-06,7.2808,7.44,7.2808,7.2808,-0.0792,-1.08%,487
BMRA,2015-02-09,7.36,7.3608,7.36,7.36,0.0792,+1.09%,25
BMRA,2015-02-10,7.36,7.3608,7.36,7.36,0,0.00%,400
BMRA,2015-02-12,6.48,7.36,6.48,7.2,-0.16,-2.17%,1225
BMRA,2015-02-13,7.2,7.36,7.2,7.36,0.16,+2.22%,200
BMRA,2015-02-18,7.36,7.36,7.36,7.36,0,0.00%,25
BMRA,2015-02-19,6.56,6.56,6.56,6.56,-0.8,-10.87%,100
BMRA,2015-02-20,6.56,6.56,6.56,6.56,0,0.00%,187
BMRA,2015-02-24,7.36,7.36,7.36,7.36,0.8,+12.20%,50
BMRA,2015-02-26,6.568,6.568,6.568,6.568,-0.792,-10.76%,12
BMRA,2015-03-02,6.568,7.36,6.4,7.2,0.632,+9.62%,737
BMRA,2015-03-04,7.28,7.28,7.2,7.2,0,0.00%,362
BMRA,2015-03-05,7.2,7.2,7.2,7.2,0,0.00%,187
BMRA,2015-03-06,6.8,6.8,6.8,6.8,-0.4,-5.56%,75
BMRA,2015-03-09,6.8,6.8,6.8,6.8,0,0.00%,25
BMRA,2015-03-10,6.8,6.8,6.8,6.8,0,0.00%,262
BMRA,2015-03-12,6.08,6.08,6.08,6.08,-0.72,-10.59%,300
BMRA,2015-03-18,6.4,6.4,6.4,6.4,0.32,+5.26%,2500
BMRA,2015-03-19,6.56,6.96,6.56,6.8,0.4,+6.25%,687
BMRA,2015-03-20,6.96,7.36,6.96,7.36,0.56,+8.24%,375
BMRA,2015-03-23,7.2,7.6,7.2,7.6,0.24,+3.26%,575
BMRA,2015-03-24,7.2,7.2,7.2,7.2,-0.4,-5.26%,300
BMRA,2015-03-25,7.2,7.2,7.2,7.2,0,0.00%,62
BMRA,2015-03-26,6.3208,6.3208,6.3208,6.3208,-0.8792,-12.21%,137
BMRA,2015-03-27,6.3216,6.3216,6.3216,6.3216,0.0008,+0.01%,500
BMRA,2015-03-31,6.3216,6.5592,6.32,6.5592,0.2376,+3.76%,762
BMRA,2015-04-01,6.16,6.3992,6.08,6.08,-0.4792,-7.31%,1187
BMRA,2015-04-02,5.9216,5.9216,5.9216,5.9216,-0.1584,-2.61%,25
BMRA,2015-04-06,5.9224,5.9224,5.9224,5.9224,0.0008,+0.01%,187
BMRA,2015-04-08,6.32,6.32,6.32,6.32,0.3976,+6.71%,250
BMRA,2015-04-09,5.92,6.32,5.92,6.32,0,0.00%,137
BMRA,2015-04-14,6.4,6.4,6.4,6.4,0.08,+1.27%,387
BMRA,2015-04-15,6.8,6.8,5.92,5.9992,-0.4008,-6.26%,2425
BMRA,2015-04-16,5.76,5.76,5.7592,5.76,-0.2392,-3.99%,1050
BMRA,2015-04-17,5.9992,8,5.9992,7.5992,1.8392,+31.93%,875
BMRA,2015-04-21,6.1608,6.1608,6.1608,6.1608,-1.4384,-18.93%,12
BMRA,2015-04-22,6.0816,7.04,5.6,7.04,0.8792,+14.27%,2887
BMRA,2015-04-23,7.2,7.2,7.2,7.2,0.16,+2.27%,1537
BMRA,2015-04-28,7.04,7.04,7.04,7.04,-0.16,-2.22%,12
BMRA,2015-04-30,6.96,7.04,6.96,7.04,0,0.00%,950
BMRA,2015-05-01,7.04,7.04,7.04,7.04,0,0.00%,1787
BMRA,2015-05-05,6.8008,7.12,6.8,7.04,0,0.00%,1350
BMRA,2015-05-06,6.8,7.04,6.8,6.8,-0.24,-3.41%,1375
BMRA,2015-05-07,7.04,7.04,7.04,7.04,0.24,+3.53%,250
BMRA,2015-05-08,6.8,6.8,6.8,6.8,-0.24,-3.41%,1762
BMRA,2015-05-11,6.8,8.08,6.8,8.08,1.28,+18.82%,3000
BMRA,2015-05-12,7.2,7.44,5.6008,6.88,-1.2,-14.85%,4200
BMRA,2015-05-13,6.72,7.44,6.72,6.8,-0.08,-1.16%,762
BMRA,2015-05-14,6.8,7.2,6.8,7.2,0.4,+5.88%,625
BMRA,2015-05-15,7.04,7.04,7.04,7.04,-0.16,-2.22%,1250
BMRA,2015-05-19,7.04,7.0408,6.8,6.8,-0.24,-3.41%,1187
BMRA,2015-05-20,6.8,6.8,6.8,6.8,0,0.00%,1775
BMRA,2015-05-21,6.8,6.8,6.8,6.8,0,0.00%,625
BMRA,2015-05-22,6.96,7.36,6.8,7.36,0.56,+8.24%,1362
BMRA,2015-05-26,6.96,6.96,6.96,6.96,-0.4,-5.43%,137
BMRA,2015-05-27,6.96,6.96,6.96,6.96,0,0.00%,3050
BMRA,2015-05-28,6.96,7.2,6.96,6.9608,0.0008,+0.01%,1137
BMRA,2015-05-29,7.2,7.44,7.2,7.44,0.4792,+6.88%,1025
BMRA,2015-06-01,7.52,7.52,7.2,7.52,0.08,+1.08%,1200
BMRA,2015-06-02,7.6,8,7.2808,7.68,0.16,+2.13%,1637
BMRA,2015-06-03,7.68,8,7.52,8,0.32,+4.17%,612
BMRA,2015-06-04,8.8,11.52,8.32,8.64,0.64,+8.00%,3937
BMRA,2015-06-05,8.8,9.44,8.64,9.28,0.64,+7.41%,6462
BMRA,2015-06-08,9.28,9.28,8.64,8.64,-0.64,-6.90%,3237
BMRA,2015-06-09,8.64,9.04,8.64,9.04,0.4,+4.63%,675
BMRA,2015-06-10,9.6,9.6,9.04,9.6,0.56,+6.19%,687
BMRA,2015-06-11,9.2,9.2,8.64,8.64,-0.96,-10.00%,587
BMRA,2015-06-15,8.64,8.64,8.32,8.32,-0.32,-3.70%,1712
BMRA,2015-06-16,8.32,8.3208,8.32,8.3208,0.0008,+0.01%,250
BMRA,2015-06-17,8.48,8.48,8.32,8.32,-0.0008,-0.01%,312
BMRA,2015-06-18,8.32,8.32,8.32,8.32,0,0.00%,125
BMRA,2015-06-19,8.56,8.64,8.3992,8.3992,0.0792,+0.95%,137
BMRA,2015-06-22,8.32,8.4,8,8,-0.3992,-4.75%,2562
BMRA,2015-06-23,8,8,8,8,0,0.00%,162
BMRA,2015-06-24,8,8.08,8,8.08,0.08,+1.00%,62
BMRA,2015-06-25,8.4,8.4,8.4,8.4,0.32,+3.96%,125
BMRA,2015-06-29,8,8,8,8,-0.4,-4.76%,350
BMRA,2015-07-02,8,8,8,8,0,0.00%,125
BMRA,2015-07-06,8,8,8,8,0,0.00%,12
BMRA,2015-07-07,7.368,8,7.368,8,0,0.00%,562
BMRA,2015-07-08,8,8,7.3608,7.3608,-0.6392,-7.99%,937
BMRA,2015-07-09,7.36,7.84,7.36,7.84,0.4792,+6.51%,150
BMRA,2015-07-13,8,8,8,8,0.16,+2.04%,125
BMRA,2015-07-14,8,8,8,8,0,0.00%,12
BMRA,2015-07-15,7.36,7.36,7.36,7.36,-0.64,-8.00%,187
BMRA,2015-07-16,7.2,7.2,7.2,7.2,-0.16,-2.17%,1425
BMRA,2015-07-17,7.2,7.2,6.8,7.2,0,0.00%,812
BMRA,2015-07-20,6.2112,6.2112,6.2112,6.2112,-0.9888,-13.73%,12
BMRA,2015-07-21,8,8.24,8,8,1.7888,+28.80%,1362
BMRA,2015-07-22,7.6008,7.6008,7.2,7.2,-0.8,-10.00%,2325
BMRA,2015-07-23,6.1792,6.1792,6.176,6.176,-1.024,-14.22%,775
BMRA,2015-07-24,6.7976,6.7976,6,6,-0.176,-2.85%,187
BMRA,2015-07-27,6,6,5.9992,6,0,0.00%,1437
BMRA,2015-07-29,6,6,5.7608,6,0,0.00%,2100
BMRA,2015-07-30,6,6,6,6,0,0.00%,12
BMRA,2015-07-31,6,6,6,6,0,0.00%,12
BMRA,2015-08-04,6.4,6.4008,6.4,6.4008,0.4008,+6.68%,162
BMRA,2015-08-05,6.4008,6.64,6.4,6.64,0.2392,+3.74%,1362
BMRA,2015-08-06,6.64,6.64,6.64,6.64,0,0.00%,137
BMRA,2015-08-07,6.64,6.64,6.64,6.64,0,0.00%,687
BMRA,2015-08-10,8.24,8.56,7.6,7.6,0.96,+14.46%,1562
BMRA,2015-08-14,7.2008,7.2016,7.2008,7.2016,-0.3984,-5.24%,75
BMRA,2015-08-18,7.2,7.2,7.2,7.2,-0.0016,-0.02%,12
BMRA,2015-08-21,6.4,6.4,6.4,6.4,-0.8,-11.11%,125
BMRA,2015-08-24,6.22,6.22,6.22,6.22,-0.18,-2.81%,50
BMRA,2015-08-25,6.16,6.16,6.16,6.16,-0.06,-0.96%,125
BMRA,2015-08-26,7.68,7.68,7.68,7.68,1.52,+24.68%,375
BMRA,2015-08-31,6.088,6.088,6.088,6.088,-1.592,-20.73%,125
BMRA,2015-09-01,6.16,6.16,6.16,6.16,0.072,+1.18%,125
BMRA,2015-09-08,6.16,6.16,6.16,6.16,0,0.00%,50
BMRA,2015-09-11,6.8,6.8,6.8,6.8,0.64,+10.39%,275
BMRA,2015-09-15,7.5992,7.5992,7.5992,7.5992,0.7992,+11.75%,12
BMRA,2015-09-16,6.16,6.16,6.16,6.16,-1.4392,-18.94%,62
BMRA,2015-09-23,6.1608,6.1608,6.1608,6.1608,0.0008,+0.01%,12
BMRA,2015-09-29,6.8,6.8,6.8,6.8,0.6392,+10.38%,25
BMRA,2015-09-30,6.8,6.8,6.8,6.8,0,0.00%,462
BMRA,2015-10-05,6.4008,6.8,6.4008,6.7992,-0.0008,-0.01%,475
BMRA,2015-10-13,7.5968,7.5968,7.2,7.5968,0.7976,+11.73%,1337
BMRA,2015-10-14,7.5968,7.5968,7.2,7.2,-0.3968,-5.22%,525
BMRA,2015-10-16,7.2,7.2,7.1992,7.2,0,0.00%,225
BMRA,2015-10-19,6.8,6.8,6.8,6.8,-0.4,-5.56%,525
BMRA,2015-10-20,6.4,6.52,6.4,6.4,-0.4,-5.88%,1062
BMRA,2015-10-21,6.4,6.4,6.4,6.4,0,0.00%,625
BMRA,2015-10-22,6.92,6.92,6.92,6.92,0.52,+8.13%,62
BMRA,2015-10-23,6.8,6.8,6.8,6.8,-0.12,-1.73%,12
BMRA,2015-10-26,6.8,6.8,6.48,6.6,-0.2,-2.94%,1575
BMRA,2015-10-30,6.92,6.92,6.92,6.92,0.32,+4.85%,125
BMRA,2015-11-02,7,7.116,7,7.116,0.196,+2.83%,1225
BMRA,2015-11-03,6.96,6.96,6.96,6.96,-0.156,-2.19%,375
BMRA,2015-11-05,6.4008,6.4008,6.32,6.32,-0.64,-9.20%,325
BMRA,2015-11-06,7.068,7.116,7.068,7.116,0.796,+12.59%,125
BMRA,2015-11-09,6.8,6.8,6.64,6.64,-0.476,-6.69%,875
BMRA,2015-11-10,6.56,6.56,6.56,6.56,-0.08,-1.20%,1512
BMRA,2015-11-11,6.64,6.88,6.64,6.88,0.32,+4.88%,200
BMRA,2015-11-12,6.4808,6.4808,6.4808,6.4808,-0.3992,-5.80%,137
BMRA,2015-11-13,6.64,7.116,6.64,7.116,0.6352,+9.80%,750
BMRA,2015-11-16,6.64,6.648,6.64,6.648,-0.468,-6.58%,625
BMRA,2015-11-17,6.72,6.8,6.648,6.648,0,0.00%,700
BMRA,2015-11-19,6.72,6.72,6.64,6.64,-0.008,-0.12%,937
BMRA,2015-11-20,6.4032,6.8,6.4032,6.8,0.16,+2.41%,487
BMRA,2015-11-23,7.04,7.04,7.04,7.04,0.24,+3.53%,75
BMRA,2015-11-24,7.04,7.04,7.04,7.04,0,0.00%,237
BMRA,2015-11-25,7.04,7.2,7.04,7.2,0.16,+2.27%,687
BMRA,2015-12-01,6.8,7.2,6.8,7.2,0,0.00%,937
BMRA,2015-12-02,6.8,6.8,6.8,6.8,-0.4,-5.56%,125
BMRA,2015-12-03,7.2,7.2,7.2,7.2,0.4,+5.88%,162
BMRA,2015-12-04,7.52,7.52,7.52,7.52,0.32,+4.44%,125
BMRA,2015-12-07,7.5648,7.6,7.5648,7.6,0.08,+1.06%,2100
BMRA,2015-12-08,7.92,8.16,7.92,7.92,0.32,+4.21%,1287
BMRA,2015-12-09,8.08,8.8,8.08,8.08,0.16,+2.02%,687
BMRA,2015-12-10,8.64,8.64,8.624,8.64,0.56,+6.93%,587
BMRA,2015-12-11,8.64,8.64,7.992,8.4,-0.24,-2.78%,450
BMRA,2015-12-14,8.32,8.32,8.08,8.08,-0.32,-3.81%,575
BMRA,2015-12-15,8.136,8.136,8.08,8.0808,0.0008,+0.01%,312
BMRA,2015-12-16,8.08,8.32,8.08,8.32,0.2392,+2.96%,450
BMRA,2015-12-17,8.32,8.32,8.32,8.32,0,0.00%,337
BMRA,2015-12-18,8.08,8.8,8.08,8.8,0.48,+5.77%,1375
BMRA,2015-12-21,9.2,9.52,8.8,9.2,0.4,+4.55%,2237
BMRA,2015-12-22,9.44,9.44,9.2,9.2,0,0.00%,712
BMRA,2015-12-23,9.2,9.2,8.72,9.2,0,0.00%,912
BMRA,2015-12-24,9,9.52,9,9.52,0.32,+3.48%,1212
BMRA,2015-12-28,9.16,10,9.16,9.6,0.08,+0.84%,3700
BMRA,2015-12-30,10.24,10.24,10.24,10.24,0.64,+6.67%,12
BMRA,2015-12-31,10.32,10.32,10.32,10.32,0.08,+0.78%,250
BMRA,2016-01-04,10.68,10.68,10.4,10.4,0.08,+0.78%,825
BMRA,2016-01-05,10.64,12,10.64,11.28,0.88,+8.46%,2762
BMRA,2016-01-06,11.28,11.28,8.72,8.8,-2.48,-21.99%,1725
BMRA,2016-01-08,8.88,10.32,8.72,9.92,1.12,+12.73%,1537
BMRA,2016-01-11,10.24,10.4,9.92,10.4,0.48,+4.84%,175
BMRA,2016-01-12,10.4,10.4,10,10,-0.4,-3.85%,587
BMRA,2016-01-13,10.08,10.08,10.08,10.08,0.08,+0.80%,312
BMRA,2016-01-14,9.6,9.92,9.6,9.68,-0.4,-3.97%,487
BMRA,2016-01-15,10.16,10.16,8.72,10,0.32,+3.31%,562
BMRA,2016-01-19,10.4,10.4,8.768,8.8,-1.2,-12.00%,1250
BMRA,2016-01-20,8.96,9.64,8.8,8.8,0,0.00%,1762
BMRA,2016-01-21,8.8,9.92,8.7992,9.6,0.8,+9.09%,1750
BMRA,2016-01-22,9.6,9.92,9.6,9.92,0.32,+3.33%,462
BMRA,2016-01-25,9.76,9.76,8.8,9.52,-0.4,-4.03%,450
BMRA,2016-01-26,8.8,8.8,8.64,8.8,-0.72,-7.56%,862
BMRA,2016-01-27,9.2,9.68,9.2,9.68,0.88,+10.00%,1387
BMRA,2016-01-28,9.6,9.6,8.64,8.64,-1.04,-10.74%,1312
BMRA,2016-01-29,8.8,12,8.64,9.2,0.56,+6.48%,1437
BMRA,2016-02-01,9.2,9.92,8.8,9.68,0.48,+5.22%,1512
BMRA,2016-02-03,8.8,9.136,8.8,9.136,-0.544,-5.62%,150
BMRA,2016-02-04,9.84,9.84,9.84,9.84,0.704,+7.71%,37
BMRA,2016-02-05,9.84,9.84,9.84,9.84,0,0.00%,12
BMRA,2016-02-08,8.64,9.84,8.64,9.84,0,0.00%,75
BMRA,2016-02-11,9.6,9.6,9.6,9.6,-0.24,-2.44%,12
BMRA,2016-02-12,9.04,9.2,9.04,9.2,-0.4,-4.17%,275
BMRA,2016-02-16,9.04,9.04,9.04,9.04,-0.16,-1.74%,500
BMRA,2016-02-18,9.2,9.2,9.2,9.2,0.16,+1.77%,100
BMRA,2016-02-19,9.04,9.04,9.04,9.04,-0.16,-1.74%,12
BMRA,2016-02-22,8.88,9.088,8.88,9.088,0.048,+0.53%,375
BMRA,2016-02-26,9.04,9.048,9.04,9.048,-0.04,-0.44%,37
BMRA,2016-02-29,9.04,9.12,8.832,8.832,-0.216,-2.39%,587
BMRA,2016-03-01,8.88,8.904,8.88,8.904,0.072,+0.82%,37
BMRA,2016-03-02,8.976,8.976,8.96,8.96,0.056,+0.63%,175
BMRA,2016-03-03,8.96,8.96,8.96,8.96,0,0.00%,125
BMRA,2016-03-10,9.04,9.04,9.04,9.04,0.08,+0.89%,37
BMRA,2016-03-14,9.04,9.12,9.0392,9.12,0.08,+0.88%,712
BMRA,2016-03-16,9.12,9.12,9.12,9.12,0,0.00%,62
BMRA,2016-03-17,9.12,9.2,9.12,9.2,0.08,+0.88%,175
BMRA,2016-03-18,9.2,9.6,9.2,9.6,0.4,+4.35%,2100
BMRA,2016-03-21,9.84,10.08,9.84,10.08,0.48,+5.00%,1875
BMRA,2016-03-22,10.32,10.32,10.32,10.32,0.24,+2.38%,62
BMRA,2016-03-24,9.6,9.6,9.6,9.6,-0.72,-6.98%,12
BMRA,2016-03-28,9.6,9.6,9.6,9.6,0,0.00%,75
BMRA,2016-03-29,8.96,9.2,8.912,9.2,-0.4,-4.17%,937
BMRA,2016-03-30,9.6,9.76,9.56,9.688,0.488,+5.30%,500
BMRA,2016-03-31,8.88,8.88,8.88,8.88,-0.808,-8.34%,125
BMRA,2016-04-01,9.4456,9.4456,9.4456,9.4456,0.5656,+6.37%,125
BMRA,2016-04-04,9.6,10.744,9.6,10.744,1.2984,+13.75%,1512
BMRA,2016-04-05,11.6,11.6,10.88,11.12,0.376,+3.50%,5637
BMRA,2016-04-06,11.12,11.2,11.12,11.12,0,0.00%,262
BMRA,2016-04-07,11.12,12,11.12,11.52,0.4,+3.60%,887
BMRA,2016-04-08,11.52,11.52,11.44,11.44,-0.08,-0.69%,1912
BMRA,2016-04-11,11.44,11.44,11.2,11.2,-0.24,-2.10%,200
BMRA,2016-04-12,11.2,11.44,10.864,11.44,0.24,+2.14%,812
BMRA,2016-04-13,11.6,11.6,11.28,11.4392,-0.0008,-0.01%,1637
BMRA,2016-04-14,11.28,14,11.28,13.68,2.2408,+19.59%,5287
BMRA,2016-04-15,13.68,13.68,11.6,12.32,-1.36,-9.94%,2225
BMRA,2016-04-18,12.32,12.4,12,12.4,0.08,+0.65%,1375
BMRA,2016-04-19,10.4,12.88,10.4,12.708,0.308,+2.48%,837
BMRA,2016-04-20,13.008,13.12,12.08,13.08,0.372,+2.93%,550
BMRA,2016-04-21,13.92,13.92,12.8,12.88,-0.2,-1.53%,3525
BMRA,2016-04-25,12.88,12.9352,12.88,12.88,0,0.00%,337
BMRA,2016-04-26,12.8,12.96,12.64,12.64,-0.24,-1.86%,2037
BMRA,2016-04-27,12.88,12.88,12.48,12.48,-0.16,-1.27%,650
BMRA,2016-04-28,12.48,12.48,12.48,12.48,0,0.00%,250
BMRA,2016-04-29,12.8,12.8,12.64,12.64,0.16,+1.28%,900
BMRA,2016-05-02,12.64,12.64,12.64,12.64,0,0.00%,1125
BMRA,2016-05-03,12.656,12.656,12.656,12.656,0.016,+0.13%,312
BMRA,2016-05-04,12.64,12.64,12.64,12.64,-0.016,-0.13%,100
BMRA,2016-05-05,12.8,13.6,12.8,13.2,0.56,+4.43%,1475
BMRA,2016-05-06,12.88,13.52,12.64,12.64,-0.56,-4.24%,625
BMRA,2016-05-09,12.16,12.56,12.16,12.232,-0.408,-3.23%,1075
BMRA,2016-05-10,12.16,12.4,12,12.4,0.168,+1.37%,500
BMRA,2016-05-11,12.32,12.4,12.32,12.32,-0.08,-0.65%,1850
BMRA,2016-05-12,12.4,12.56,12,12.0184,-0.3016,-2.45%,325
BMRA,2016-05-16,12.56,12.56,12,12.08,0.0616,+0.51%,100
BMRA,2016-05-17,12.56,12.56,12,12,-0.08,-0.66%,212
BMRA,2016-05-18,12.16,12.16,12,12,0,0.00%,100
BMRA,2016-05-19,12,12,12,12,0,0.00%,125
BMRA,2016-05-20,12,12,12,12,0,0.00%,12
BMRA,2016-05-23,12,12,12,12,0,0.00%,250
BMRA,2016-05-24,12.4,12.4,12.308,12.308,0.308,+2.57%,37
BMRA,2016-05-25,12,12.0008,11.44,11.6,-0.708,-5.75%,787
BMRA,2016-05-26,12.56,23.2,12.56,14.4,2.8,+24.14%,3012
BMRA,2016-05-27,12.56,12.56,12.56,12.56,-1.84,-12.78%,12
BMRA,2016-05-31,13.28,13.28,12.8,12.8,0.24,+1.91%,162
BMRA,2016-06-01,12.8,12.8,12.08,12.24,-0.56,-4.38%,850
BMRA,2016-06-02,12.8,13.5992,12.8,13.5992,1.3592,+11.10%,112
BMRA,2016-06-03,13.6,13.6,12.8,12.88,-0.7192,-5.29%,325
BMRA,2016-06-06,12.8,12.8,12.8,12.8,-0.08,-0.62%,25
BMRA,2016-06-07,12.88,12.88,12.88,12.88,0.08,+0.63%,25
BMRA,2016-06-08,12.48,12.48,12.48,12.48,-0.4,-3.11%,250
BMRA,2016-06-10,12.4,12.4,12.4,12.4,-0.08,-0.64%,25
BMRA,2016-06-14,12.4,12.96,12.16,12.16,-0.24,-1.94%,1087
BMRA,2016-06-15,12.4,12.4,12.4,12.4,0.24,+1.97%,562
BMRA,2016-06-16,12.16,12.16,12.16,12.16,-0.24,-1.94%,12
BMRA,2016-06-17,12.16,12.16,12.16,12.16,0,0.00%,200
BMRA,2016-06-20,12.16,12.16,12.16,12.16,0,0.00%,12
BMRA,2016-06-21,12.16,12.16,12.16,12.16,0,0.00%,487
BMRA,2016-06-22,11.6,12.0808,11.28,11.5992,-0.5608,-4.61%,937
BMRA,2016-06-23,11.28,11.28,11.28,11.28,-0.3192,-2.75%,150
BMRA,2016-06-24,11.6,11.6,11.6,11.6,0.32,+2.84%,525
BMRA,2016-06-28,12.1232,12.16,12.1232,12.16,0.56,+4.83%,250
BMRA,2016-06-29,12.0368,12.0368,12.0368,12.0368,-0.1232,-1.01%,37
BMRA,2016-07-05,12,12,12,12,-0.0368,-0.31%,25
BMRA,2016-07-06,12,12,12,12,0,0.00%,37
BMRA,2016-07-11,12.16,12.16,12.16,12.16,0.16,+1.33%,125
BMRA,2016-07-12,12,12,12,12,-0.16,-1.32%,112
BMRA,2016-07-13,11.64,12.16,11.64,12.16,0.16,+1.33%,962
BMRA,2016-07-14,12.0368,12.16,12,12.16,0,0.00%,262
BMRA,2016-07-15,12.1592,12.16,12.1592,12.16,0,0.00%,2112
BMRA,2016-07-18,12.2,13.52,12.16,13.5192,1.3592,+11.18%,162
BMRA,2016-07-19,13.6,13.6,12,13.416,-0.1032,-0.76%,87
BMRA,2016-07-22,13.2,13.2,13.2,13.2,-0.216,-1.61%,87
BMRA,2016-07-25,13.2,17.36,13.2,16,2.8,+21.21%,1675
BMRA,2016-07-26,15.4456,15.4456,15.28,15.28,-0.72,-4.50%,125
BMRA,2016-07-27,15.28,15.6,14.52,15.2,-0.08,-0.52%,575
BMRA,2016-07-28,14.8,14.8,14.8,14.8,-0.4,-2.63%,250
BMRA,2016-07-29,14.72,14.72,14.72,14.72,-0.08,-0.54%,12
BMRA,2016-08-01,14.4,16,13.5992,16,1.28,+8.70%,2200
BMRA,2016-08-02,16,16.88,15.68,16.88,0.88,+5.50%,1825
BMRA,2016-08-03,17.28,17.28,16,17.2,0.32,+1.90%,1662
BMRA,2016-08-04,17.2,18.88,16.9536,18.88,1.68,+9.77%,1387
BMRA,2016-08-05,19.2,20.32,18.8,19.6,0.72,+3.81%,2900
BMRA,2016-08-08,20,21.44,20,21.04,1.44,+7.35%,2075
BMRA,2016-08-09,21.2,21.2,20.72,21.04,0,0.00%,2262
BMRA,2016-08-10,21.44,22.9112,21.12,22.64,1.6,+7.60%,2612
BMRA,2016-08-11,21.8,25.6,21.8,24,1.36,+6.01%,6975
BMRA,2016-08-12,23.72,24.48,23.2,24,0,0.00%,1387
BMRA,2016-08-15,25.12,25.44,23.6,25.12,1.12,+4.67%,2662
BMRA,2016-08-16,25.12,25.2,24,25.12,0,0.00%,2400
BMRA,2016-08-17,25.2,25.2,24.8,25.12,0,0.00%,2412
BMRA,2016-08-18,25.12,25.304,25.12,25.12,0,0.00%,450
BMRA,2016-08-19,24.88,25.12,24.88,25.12,0,0.00%,537
BMRA,2016-08-22,25.1016,26,24.8,25.92,0.8,+3.18%,1812
BMRA,2016-08-23,25.92,25.92,24,25.6,-0.32,-1.23%,2487
BMRA,2016-08-24,25.6,25.6,24,24.88,-0.72,-2.81%,2775
BMRA,2016-08-25,25.36,25.44,23.2,25.44,0.56,+2.25%,225
BMRA,2016-08-26,27.04,27.04,25.2,25.52,0.08,+0.31%,525
BMRA,2016-08-29,24,25.44,21.6,23.76,-1.76,-6.90%,1212
BMRA,2016-08-30,22.4,23.04,22.4,23.04,-0.72,-3.03%,450
BMRA,2016-08-31,23.36,23.36,23.2,23.2,0.16,+0.69%,25
BMRA,2016-09-01,23.2,24,21.2,22.24,-0.96,-4.14%,2562
BMRA,2016-09-02,21.2,22.4,20.16,22.32,0.08,+0.36%,3737
BMRA,2016-09-06,22.32,22.32,20.96,21.6,-0.72,-3.23%,2262
BMRA,2016-09-07,22.4,22.4,20.8,20.8,-0.8,-3.70%,2512
BMRA,2016-09-08,20.8,21.28,20.8,20.8,0,0.00%,987
BMRA,2016-09-09,21.6,21.6,20.8,20.8,0,0.00%,250
BMRA,2016-09-12,21.2,22.32,21.2,21.68,0.88,+4.23%,575
BMRA,2016-09-13,20.8,22,20.8,22,0.32,+1.48%,137
BMRA,2016-09-14,20.88,22,20.88,21.04,-0.96,-4.36%,750
BMRA,2016-09-15,22,22,21.12,21.12,0.08,+0.38%,87
BMRA,2016-09-16,21.92,22,20.48,20.48,-0.64,-3.03%,475
BMRA,2016-09-19,21.92,22,20.96,21.92,1.44,+7.03%,700
BMRA,2016-09-20,21.92,22,21.6,22,0.08,+0.36%,575
BMRA,2016-09-21,21.28,22,21.28,22,0,0.00%,2050
BMRA,2016-09-22,22,22.16,22,22.16,0.16,+0.73%,112
BMRA,2016-09-23,22,23.28,22,22.08,-0.08,-0.36%,1337
BMRA,2016-09-26,22.08,23.76,22.08,22.64,0.56,+2.54%,550
BMRA,2016-09-27,23.28,23.28,22.8,22.8,0.16,+0.71%,150
BMRA,2016-09-28,22.4,22.56,21.52,22.32,-0.48,-2.11%,487
BMRA,2016-09-29,22.4,22.4,20.16,21.44,-0.88,-3.94%,1975
BMRA,2016-09-30,21.36,22.08,20.32,20.88,-0.56,-2.61%,4412
BMRA,2016-10-03,20.32,24,19.92,23.04,2.16,+10.34%,6525
BMRA,2016-10-04,21.2,22.32,21.2,21.84,-1.2,-5.21%,762
BMRA,2016-10-05,22.32,22.32,19.84,21.44,-0.4,-1.83%,2337
BMRA,2016-10-06,20.64,21.6,20.64,21.04,-0.4,-1.87%,750
BMRA,2016-10-07,19.92,22.8,19.92,21.04,0,0.00%,3175
BMRA,2016-10-10,22.72,22.72,21.28,21.28,0.24,+1.14%,925
BMRA,2016-10-11,22.24,22.24,20.88,20.88,-0.4,-1.88%,162
BMRA,2016-10-12,20.8,21.52,20.8,21.52,0.64,+3.07%,437
BMRA,2016-10-13,21.52,21.52,20.88,20.88,-0.64,-2.97%,212
BMRA,2016-10-14,21.36,22.32,20.8,21.6,0.72,+3.45%,2612
BMRA,2016-10-17,22.32,22.32,20.8,20.96,-0.64,-2.96%,312
BMRA,2016-10-18,20.8,20.96,20.8,20.96,0,0.00%,162
BMRA,2016-10-19,21.84,22.32,20.8,22.32,1.36,+6.49%,3150
BMRA,2016-10-20,21.84,22.4,20.8,21.04,-1.28,-5.73%,6525
BMRA,2016-10-21,20.96,21.6,20.88,21.6,0.56,+2.66%,637
BMRA,2016-10-24,22,22.96,21.2,21.92,0.32,+1.48%,2012
BMRA,2016-10-25,21.6,22.4,21.6,22.32,0.4,+1.82%,1275
BMRA,2016-10-26,21.6,21.92,20.24,21.92,-0.4,-1.79%,2325
BMRA,2016-10-27,21.92,22.8,20.88,20.96,-0.96,-4.38%,1325
BMRA,2016-10-28,21.36,21.84,20,20,-0.96,-4.58%,512
BMRA,2016-10-31,20.56,20.8,20.16,20.8,0.8,+4.00%,512
BMRA,2016-11-01,20.88,20.88,18.08,19.6,-1.2,-5.77%,5650
BMRA,2016-11-02,19.2,20.72,19.12,20,0.4,+2.04%,3000
BMRA,2016-11-03,20,20.4,16.08,16.08,-3.92,-19.60%,4825
BMRA,2016-11-04,18.32,19.84,12.8,15.92,-0.16,-1.00%,7287
BMRA,2016-11-07,14.72,16.24,14.72,15.28,-0.64,-4.02%,2262
BMRA,2016-11-08,15.84,16,13.2,14,-1.28,-8.38%,1712
BMRA,2016-11-09,12.24,14.96,12.24,14.96,0.96,+6.86%,487
BMRA,2016-11-10,15.92,15.92,14.88,15.12,0.16,+1.07%,1250
BMRA,2016-11-11,14.96,16,14.96,15.04,-0.08,-0.53%,537
BMRA,2016-11-14,15.52,16,15.52,15.6,0.56,+3.72%,562
BMRA,2016-11-15,15.6,16.8,15.28,16.8,1.2,+7.69%,1650
BMRA,2016-11-16,15.68,17.6,15.44,16.64,-0.16,-0.95%,3862
BMRA,2016-11-17,17.84,18.08,15.44,16.64,0,0.00%,8425
BMRA,2016-11-18,18.16,18.16,15.52,16.8,0.16,+0.96%,4087
BMRA,2016-11-21,17.04,17.04,15.92,16.8,0,0.00%,800
BMRA,2016-11-22,16.96,18.4,16.4,18.4,1.6,+9.52%,1800
BMRA,2016-11-23,18.4,18.4,16.88,17.52,-0.88,-4.78%,212
BMRA,2016-11-25,16.96,16.96,16.24,16.24,-1.28,-7.31%,2312
BMRA,2016-11-28,16.32,17.2,15.76,17.2,0.96,+5.91%,2800
BMRA,2016-11-29,16.72,18.4,16.24,18.4,1.2,+6.98%,4662
BMRA,2016-11-30,18.4,18.4,16.4,16.88,-1.52,-8.26%,437
BMRA,2016-12-01,16.56,17.68,16,17.68,0.8,+4.74%,1887
BMRA,2016-12-02,17.04,18,15.36,16.88,-0.8,-4.52%,6262
BMRA,2016-12-05,16.88,23.68,16.88,23.2,6.32,+37.44%,26350
BMRA,2016-12-06,23.6,23.6,20.72,22.16,-1.04,-4.48%,5375
BMRA,2016-12-07,22.32,22.64,21.04,22.16,0,0.00%,2887
BMRA,2016-12-08,22.48,23.52,21.28,21.6,-0.56,-2.53%,650
BMRA,2016-12-09,21.28,21.52,19.92,20.8,-0.8,-3.70%,925
BMRA,2016-12-12,20.8,23.92,19.92,23.92,3.12,+15.00%,7562
BMRA,2016-12-13,23.36,23.92,21.36,23.6,-0.32,-1.34%,2525
BMRA,2016-12-14,22.48,23.92,22.32,23.28,-0.32,-1.36%,2187
BMRA,2016-12-15,23.2,23.2,21.12,22.72,-0.56,-2.41%,2075
BMRA,2016-12-16,21.92,21.92,18.48,18.48,-4.24,-18.66%,7200
BMRA,2016-12-19,18.64,19.28,17.28,17.76,-0.72,-3.90%,1325
BMRA,2016-12-20,18,18.48,17.28,17.36,-0.4,-2.25%,1000
BMRA,2016-12-21,17.04,19.12,16.4,16.64,-0.72,-4.15%,3025
BMRA,2016-12-22,17.28,18.48,17.2,17.28,0.64,+3.85%,2875
BMRA,2016-12-23,18.24,18.64,16.96,16.96,-0.32,-1.85%,1262
BMRA,2016-12-27,16.8,18.56,16.8,17.2,0.24,+1.42%,4312
BMRA,2016-12-28,16.64,17.6,15.36,15.36,-1.84,-10.70%,2337
BMRA,2016-12-29,15.76,18.72,15.76,18.72,3.36,+21.88%,2650
BMRA,2016-12-30,18.4,19.12,16.96,18.4,-0.32,-1.71%,3475
BMRA,2017-01-03,18.08,18.4,17.2,17.28,-1.12,-6.09%,1262
BMRA,2017-01-04,17.84,18.08,17.04,17.36,0.08,+0.46%,3250
BMRA,2017-01-05,16.8,21.84,16.8,17.2,-0.16,-0.92%,7762
BMRA,2017-01-06,17.2,19.04,17.2,19.04,1.84,+10.70%,3600
BMRA,2017-01-09,18.72,19.6,18.4,19.6,0.56,+2.94%,837
BMRA,2017-01-10,19.2,19.28,17.68,18.08,-1.52,-7.76%,2525
BMRA,2017-01-11,17.92,18.64,17.68,17.68,-0.4,-2.21%,2837
BMRA,2017-01-12,17.84,18.72,17.36,17.36,-0.32,-1.81%,1412
BMRA,2017-01-13,17.6,18.72,17.44,18.4,1.04,+5.99%,1450
BMRA,2017-01-17,19.28,19.28,18.32,18.96,0.56,+3.04%,2550
BMRA,2017-01-18,19.2,22.8,18.32,18.56,-0.4,-2.11%,4475
BMRA,2017-01-19,18.64,19.68,18.48,18.96,0.4,+2.16%,3275
BMRA,2017-01-20,18.96,20.56,18.96,20.56,1.6,+8.44%,3037
BMRA,2017-01-23,19.68,21.6,19.28,19.6,-0.96,-4.67%,1375
BMRA,2017-01-24,19.68,22.64,19.04,19.44,-0.16,-0.82%,5175
BMRA,2017-01-25,19.84,22.96,19.84,22.64,3.2,+16.46%,6425
BMRA,2017-01-26,23.2,23.2,21.2,22.56,-0.08,-0.35%,3037
BMRA,2017-01-27,22,22.4,21.12,22,-0.56,-2.48%,3650
BMRA,2017-01-30,21.04,21.2,20.8,21.12,-0.88,-4.00%,875
BMRA,2017-01-31,20.8,22.16,19.84,22.16,1.04,+4.92%,4550
BMRA,2017-02-01,22.32,22.88,20.48,20.72,-1.44,-6.50%,4850
BMRA,2017-02-02,23.04,23.04,20.72,20.88,0.16,+0.77%,762
BMRA,2017-02-03,20.88,21.12,20.8,21.12,0.24,+1.15%,237
BMRA,2017-02-06,21.2,22,19.76,22,0.88,+4.17%,2962
BMRA,2017-02-07,21.6,21.92,20.88,21.2,-0.8,-3.64%,2450
BMRA,2017-02-08,21.6,21.6,20.4,20.4,-0.8,-3.77%,450
BMRA,2017-02-09,20.24,21.04,20.24,20.24,-0.16,-0.78%,2125
BMRA,2017-02-10,20.64,20.8,19.92,20.24,0,0.00%,537
BMRA,2017-02-13,20.08,21.52,20,20.08,-0.16,-0.79%,662
BMRA,2017-02-14,20.4,20.64,20.16,20.16,0.08,+0.40%,1087
BMRA,2017-02-15,19.84,21.68,19.84,20,-0.16,-0.79%,2012
BMRA,2017-02-16,20.8,21.2,19.76,21.2,1.2,+6.00%,3662
BMRA,2017-02-17,21.2,22.08,20,20.56,-0.64,-3.02%,2975
BMRA,2017-02-21,21.2,21.2,20,20.32,-0.24,-1.17%,712
BMRA,2017-02-22,20.32,20.48,19.76,20.32,0,0.00%,1325
BMRA,2017-02-23,20.64,20.96,19.6,20.48,0.16,+0.79%,2950
BMRA,2017-02-24,20.4,20.56,20.08,20.16,-0.32,-1.56%,1412
BMRA,2017-02-27,19.6,20.24,19.52,20.24,0.08,+0.40%,4175
BMRA,2017-02-28,20.16,20.48,19.28,19.68,-0.56,-2.77%,4187
BMRA,2017-03-01,20.08,20.72,19.6,19.84,0.16,+0.81%,2525
BMRA,2017-03-02,18.8,19.76,18.4,18.48,-1.36,-6.85%,2325
BMRA,2017-03-03,18.48,19.28,18.16,18.32,-0.16,-0.87%,4175
BMRA,2017-03-06,18.8,18.8,17.68,18.32,0,0.00%,4225
BMRA,2017-03-07,18.4,19.84,18.4,18.8,0.48,+2.62%,8150
BMRA,2017-03-08,19.04,19.04,18.08,18.08,-0.72,-3.83%,275
BMRA,2017-03-09,18,18,17.2,17.36,-0.72,-3.98%,2512
BMRA,2017-03-10,17.12,18,17.12,17.44,0.08,+0.46%,1175
BMRA,2017-03-13,17.2,17.76,17.2,17.28,-0.16,-0.92%,1562
BMRA,2017-03-14,17.28,17.6,15.44,17.52,0.24,+1.39%,7700
BMRA,2017-03-15,16.88,17.36,15.92,16.24,-1.28,-7.31%,2262
BMRA,2017-03-16,16.64,16.64,16.16,16.16,-0.08,-0.49%,262
BMRA,2017-03-17,16.24,17.12,16.24,16.24,0.08,+0.50%,1175
BMRA,2017-03-20,16.32,17.04,16.16,16.64,0.4,+2.46%,2737
BMRA,2017-03-21,16.64,16.96,16.08,16.24,-0.4,-2.40%,2575
BMRA,2017-03-22,16.16,16.24,15.92,15.92,-0.32,-1.97%,1162
BMRA,2017-03-23,16.24,16.24,15.76,15.76,-0.16,-1.01%,137
BMRA,2017-03-24,15.68,16.32,15.68,16,0.24,+1.52%,1075
BMRA,2017-03-27,15.92,16.4,15.76,16.4,0.4,+2.50%,800
BMRA,2017-03-28,16.16,16.56,15.76,15.92,-0.48,-2.93%,2462
BMRA,2017-03-29,16.32,16.32,15.68,16,0.08,+0.50%,362
BMRA,2017-03-30,15.92,15.92,15.84,15.84,-0.16,-1.00%,212
BMRA,2017-03-31,15.84,17.52,15.84,17.52,1.68,+10.61%,3162
BMRA,2017-04-03,17.44,17.84,16.8,17.84,0.32,+1.83%,3612
BMRA,2017-04-04,16.16,17.92,16.16,17.04,-0.8,-4.48%,1612
BMRA,2017-04-05,16.8,17.36,16.48,16.96,-0.08,-0.47%,2325
BMRA,2017-04-06,17.36,17.68,16.32,17.68,0.72,+4.25%,2825
BMRA,2017-04-07,16.4,17.84,16.4,17.6,-0.08,-0.45%,4500
BMRA,2017-04-10,17.92,18.56,17.92,18.4,0.8,+4.55%,2175
BMRA,2017-04-11,18,18.48,18,18.32,-0.08,-0.43%,162
BMRA,2017-04-12,18.64,21.12,18.64,19.92,1.6,+8.73%,2650
BMRA,2017-04-13,18.64,18.72,18.64,18.64,-1.28,-6.43%,300
BMRA,2017-04-17,18.64,18.72,16.96,18.08,-0.56,-3.00%,1787
BMRA,2017-04-18,18.08,18.24,18.08,18.08,0,0.00%,137
BMRA,2017-04-19,18.24,19.28,18.08,18.4,0.32,+1.77%,1137
BMRA,2017-04-20,18.4,18.8,18.24,18.72,0.32,+1.74%,812
BMRA,2017-04-21,19.2,20.4,18.96,19.04,0.32,+1.71%,2437
BMRA,2017-04-25,18.4,19.12,18,19.12,0.08,+0.42%,1637
BMRA,2017-04-26,18.4,20.8,18.4,19.68,0.56,+2.93%,4037
BMRA,2017-04-27,20,20.8,18.8,20.48,0.8,+4.07%,487
BMRA,2017-04-28,20.96,21.2,18.8,20.96,0.48,+2.34%,2350
BMRA,2017-05-01,21.52,21.52,19.44,19.92,-1.04,-4.96%,2537
BMRA,2017-05-02,19.84,20.24,19.44,20,0.08,+0.40%,2187
BMRA,2017-05-03,20.24,21.44,20.24,20.24,0.24,+1.20%,1700
BMRA,2017-05-04,20.32,20.56,19.44,19.6,-0.64,-3.16%,2187
BMRA,2017-05-05,20.24,21.04,20.16,20.32,0.72,+3.67%,1612
BMRA,2017-05-08,20,20.4,20,20,-0.32,-1.57%,812
BMRA,2017-05-09,21.28,21.28,20.4,20.72,0.72,+3.60%,1975
BMRA,2017-05-10,20.32,20.64,20.24,20.24,-0.48,-2.32%,112
BMRA,2017-05-11,20.32,20.4,20.24,20.24,0,0.00%,250
BMRA,2017-05-12,20.24,20.48,20,20.32,0.08,+0.40%,437
BMRA,2017-05-15,20.64,20.8,20.64,20.8,0.48,+2.36%,75
BMRA,2017-05-16,20.24,21.04,20.24,21.04,0.24,+1.15%,300
BMRA,2017-05-17,20.56,21.04,20.24,20.72,-0.32,-1.52%,1875
BMRA,2017-05-18,21.04,21.44,20.8,21.44,0.72,+3.47%,3462
BMRA,2017-05-19,20.88,21.44,20.88,21.04,-0.4,-1.87%,175
BMRA,2017-05-22,21.2,21.2,20.88,20.88,-0.16,-0.76%,412
BMRA,2017-05-23,20.8,22,20.8,21.92,1.04,+4.98%,5462
BMRA,2017-05-24,21.36,21.6,21.04,21.12,-0.8,-3.65%,762
BMRA,2017-05-25,21.52,21.68,20.8,21.6,0.48,+2.27%,487
BMRA,2017-05-26,21.12,21.28,21.04,21.04,-0.56,-2.59%,325
BMRA,2017-05-30,20.72,20.96,20.72,20.96,-0.08,-0.38%,25
BMRA,2017-05-31,20.56,21.52,19.6,20,-0.96,-4.58%,575
BMRA,2017-06-01,19.44,20.32,19.28,19.28,-0.72,-3.60%,362
BMRA,2017-06-02,20.72,20.8,19.6,20.16,0.88,+4.56%,3725
BMRA,2017-06-05,19.84,21.44,19.6,20.16,0,0.00%,975
BMRA,2017-06-06,20.08,21.44,20.08,21.2,1.04,+5.16%,6737
BMRA,2017-06-07,19.68,21.2,19.68,20.16,-1.04,-4.91%,1850
BMRA,2017-06-08,20.56,20.56,19.44,19.44,-0.72,-3.57%,787
BMRA,2017-06-09,20.4,20.4,19.68,19.68,0.24,+1.23%,387
BMRA,2017-06-12,20,20.32,20,20.08,0.4,+2.03%,537
BMRA,2017-06-13,20.56,20.8,19.44,20.48,0.4,+1.99%,4387
BMRA,2017-06-14,20,20.24,19.04,19.6,-0.88,-4.30%,1700
BMRA,2017-06-15,19.68,19.68,18.8,19.52,-0.08,-0.41%,1475
BMRA,2017-06-16,19.2,19.2,18.4,18.48,-1.04,-5.33%,862
BMRA,2017-06-19,18.4,20,18.4,19.36,0.88,+4.76%,6275
BMRA,2017-06-20,19.36,20.32,19.36,20.32,0.96,+4.96%,4400
BMRA,2017-06-21,19.2,20.4,19.2,20.4,0.08,+0.39%,1675
BMRA,2017-06-22,19.2,19.84,19.12,19.52,-0.88,-4.31%,287
BMRA,2017-06-23,19.36,20,19.36,20,0.48,+2.46%,350
BMRA,2017-06-26,20.16,20.32,19.2,20.32,0.32,+1.60%,4962
BMRA,2017-06-27,19.92,20.32,19.84,20.32,0,0.00%,1750
BMRA,2017-06-28,20.4,22.8,19.84,22.4,2.08,+10.24%,4725
BMRA,2017-06-29,22.88,23.12,20.88,21.28,-1.12,-5.00%,6237
BMRA,2017-06-30,20.48,22,20.48,21.04,-0.24,-1.13%,4262
BMRA,2017-07-03,20.96,21.68,20.8,21.68,0.64,+3.04%,2687
BMRA,2017-07-05,23.2,23.2,20.88,21.36,-0.32,-1.48%,2887
BMRA,2017-07-06,21.28,21.6,21.04,21.2,-0.16,-0.75%,225
BMRA,2017-07-07,20.8,20.88,20.32,20.48,-0.72,-3.40%,512
BMRA,2017-07-10,20.72,22.64,20.16,22.64,2.16,+10.55%,1450
BMRA,2017-07-11,21.52,21.84,20.64,20.64,-2.,-8.83%,1037
BMRA,2017-07-12,20.4,20.8,20.4,20.8,0.16,+0.78%,100
BMRA,2017-07-13,20.48,20.64,20.48,20.56,-0.24,-1.15%,325
BMRA,2017-07-14,20.56,21.44,20.56,21.44,0.88,+4.28%,262
BMRA,2017-07-17,20.96,21.04,20.8,20.8,-0.64,-2.99%,187
BMRA,2017-07-18,21.2,21.36,20.4,21.36,0.56,+2.69%,5450
BMRA,2017-07-19,21.36,21.36,20.96,21.36,0,0.00%,4650
BMRA,2017-07-20,21.2,21.44,20.96,20.96,-0.4,-1.87%,800
BMRA,2017-07-21,21.04,21.52,20.56,21.52,0.56,+2.67%,500
BMRA,2017-07-24,21.52,22.4,20.96,21.84,0.32,+1.49%,3862
BMRA,2017-07-25,21.6,22,21.6,21.6,-0.24,-1.10%,1425
BMRA,2017-07-26,21.68,22,21.44,21.44,-0.16,-0.74%,2487
BMRA,2017-07-27,22.16,22.64,22,22.16,0.72,+3.36%,1225
BMRA,2017-07-28,21.84,22,21.6,21.6,-0.56,-2.53%,312
BMRA,2017-07-31,21.92,22.32,21.84,22.24,0.64,+2.96%,512
BMRA,2017-08-01,22,22.24,22,22.24,0,0.00%,1075
BMRA,2017-08-02,22,22,20.96,20.96,-1.28,-5.76%,1100
BMRA,2017-08-04,22.4,22.64,22.4,22.4,1.44,+6.87%,1187
BMRA,2017-08-07,21.36,21.36,20.96,20.96,-1.44,-6.43%,750
BMRA,2017-08-09,21.36,21.52,20.96,20.96,0,0.00%,350
BMRA,2017-08-10,20.96,21.4,20.96,21.4,0.44,+2.10%,37
BMRA,2017-08-11,20.96,21.76,20.64,21.76,0.36,+1.68%,2875
BMRA,2017-08-14,21.76,22.16,21.28,21.28,-0.48,-2.21%,3375
BMRA,2017-08-15,22.08,22.08,21.92,22,0.72,+3.38%,50
BMRA,2017-08-16,22.32,22.8,21.04,21.04,-0.96,-4.36%,2150
BMRA,2017-08-17,21.44,21.6,21.36,21.36,0.32,+1.52%,600
BMRA,2017-08-18,21.76,22,20.8,22,0.64,+3.00%,487
BMRA,2017-08-21,21.76,21.76,21.2,21.44,-0.56,-2.55%,300
BMRA,2017-08-22,21.36,21.36,21.04,21.16,-0.28,-1.31%,162
BMRA,2017-08-23,21.44,21.44,20.64,20.88,-0.28,-1.32%,2337
BMRA,2017-08-24,21.2,21.2,20.84,20.84,-0.04,-0.19%,450
BMRA,2017-08-28,21.6,21.76,20.8,20.8,-0.04,-0.19%,1187
BMRA,2017-08-29,21.6,21.6,21.52,21.6,0.8,+3.85%,1825
BMRA,2017-08-30,20.8,21.76,20.8,20.96,-0.64,-2.96%,350
BMRA,2017-08-31,20.96,21.52,20.96,21.2,0.24,+1.15%,325
BMRA,2017-09-01,21.288,21.472,21.288,21.32,0.12,+0.57%,200
BMRA,2017-09-05,21.12,21.92,20.96,21.92,0.6,+2.81%,1462
BMRA,2017-09-06,21.68,21.76,21.32,21.44,-0.48,-2.19%,675
BMRA,2017-09-07,21.52,21.68,21.44,21.68,0.24,+1.12%,2500
BMRA,2017-09-08,21.6,21.6,21.44,21.6,-0.08,-0.37%,512
BMRA,2017-09-11,21.68,21.76,21.6,21.76,0.16,+0.74%,1262
BMRA,2017-09-12,22,23.6,22,23.2,1.44,+6.62%,7712
BMRA,2017-09-13,23.6,23.6,22,22.56,-0.64,-2.76%,1862
BMRA,2017-09-14,22.88,23.2,22.24,23.04,0.48,+2.13%,1700
BMRA,2017-09-15,22.72,22.72,22.08,22.24,-0.8,-3.47%,1625
BMRA,2017-09-18,22.08,22.8,22.08,22.24,0,0.00%,687
BMRA,2017-09-19,22.24,22.24,22.08,22.24,0,0.00%,75
BMRA,2017-09-20,22.16,22.16,22.16,22.16,-0.08,-0.36%,37
BMRA,2017-09-21,22.48,22.56,22.08,22.16,0,0.00%,987
BMRA,2017-09-22,22.12,22.56,22.12,22.56,0.4,+1.81%,275
BMRA,2017-09-25,22.6,22.6,22.08,22.08,-0.48,-2.13%,37
BMRA,2017-09-26,22.24,22.4,22,22.4,0.32,+1.45%,2637
BMRA,2017-09-27,22.4,22.4,22.4,22.4,0,0.00%,12
BMRA,2017-09-28,23.04,23.04,21.44,21.44,-0.96,-4.29%,825
BMRA,2017-09-29,23.28,23.28,22.08,22.24,0.8,+3.73%,525
BMRA,2017-10-02,22.72,22.88,22.16,22.88,0.64,+2.88%,187
BMRA,2017-10-03,22.48,22.48,21.76,21.76,-1.12,-4.90%,212
BMRA,2017-10-04,22.64,23.12,22.64,22.8,1.04,+4.78%,325
BMRA,2017-10-05,22.64,23.2,22.64,22.64,-0.16,-0.70%,1875
BMRA,2017-10-06,23.12,23.12,22.72,23.12,0.48,+2.12%,675
BMRA,2017-10-09,23.28,23.48,22.88,22.88,-0.24,-1.04%,700
BMRA,2017-10-10,22.72,22.72,22.4,22.56,-0.32,-1.40%,450
BMRA,2017-10-11,22.56,23.04,21.68,22.64,0.08,+0.35%,3350
BMRA,2017-10-12,22.72,22.72,22.48,22.48,-0.16,-0.71%,100
BMRA,2017-10-13,22.88,22.96,22.48,22.48,0,0.00%,1450
BMRA,2017-10-16,22.72,22.88,22.48,22.48,0,0.00%,1625
BMRA,2017-10-17,22.56,22.72,22.48,22.64,0.16,+0.71%,712
BMRA,2017-10-18,22.4,22.48,22,22.08,-0.56,-2.47%,812
BMRA,2017-10-19,22,22.56,22,22.48,0.4,+1.81%,762
BMRA,2017-10-20,22.96,22.96,22.64,22.64,0.16,+0.71%,675
BMRA,2017-10-23,22.4,22.72,22.4,22.48,-0.16,-0.71%,225
BMRA,2017-10-24,22.24,22.56,22.24,22.48,0,0.00%,537
BMRA,2017-10-25,22.16,22.48,22.16,22.4,-0.08,-0.36%,325
BMRA,2017-10-26,22.4,22.4,22.4,22.4,0,0.00%,225
BMRA,2017-10-27,22.32,23.6,22.32,22.56,0.16,+0.71%,2512
BMRA,2017-10-30,23,23,21.76,22.16,-0.4,-1.77%,3100
BMRA,2017-10-31,22,22.16,21.52,22.16,0,0.00%,925
BMRA,2017-11-01,21.92,23.6,21.92,23.44,1.28,+5.78%,4325
BMRA,2017-11-02,23.6,25.44,23.6,24.88,1.44,+6.14%,4375
BMRA,2017-11-03,25.28,27.68,23.52,26.72,1.84,+7.40%,6062
BMRA,2017-11-06,28,30.8,25.36,25.92,-0.8,-2.99%,6137
BMRA,2017-11-07,27.68,29.36,26.4,27.92,2,+7.72%,7850
BMRA,2017-11-08,29.12,29.12,26.32,27.44,-0.48,-1.72%,2712
BMRA,2017-11-09,26.24,28.56,24.72,27.44,0,0.00%,2350
BMRA,2017-11-10,27.36,27.76,26.48,27.2,-0.24,-0.87%,1887
BMRA,2017-11-13,26.56,27.2,26.56,27.2,0,0.00%,350
BMRA,2017-11-14,26.32,28.32,26.32,28.16,0.96,+3.53%,1487
BMRA,2017-11-15,28.8,30,26.64,27.52,-0.64,-2.27%,775
BMRA,2017-11-16,26.88,28.16,26.88,28,0.48,+1.74%,1050
BMRA,2017-11-17,27.76,28.64,26.96,28.64,0.64,+2.29%,575
BMRA,2017-11-20,27.2,28.08,27.2,27.84,-0.8,-2.79%,400
BMRA,2017-11-21,29.68,29.68,28.48,28.48,0.64,+2.30%,537
BMRA,2017-11-22,28.44,28.44,27.864,27.864,-0.616,-2.16%,175
BMRA,2017-11-24,27.28,27.28,27.28,27.28,-0.584,-2.10%,37
BMRA,2017-11-27,27.04,28.4,26.04,26.08,-1.2,-4.40%,1337
BMRA,2017-11-28,25.84,25.92,24.88,24.96,-1.12,-4.29%,1150
BMRA,2017-11-29,24.8,25.2,24.8,25.04,0.08,+0.32%,500
BMRA,2017-11-30,25.6,27.52,25.6,27.52,2.48,+9.90%,3312
BMRA,2017-12-01,27.52,27.68,26.48,26.48,-1.04,-3.78%,437
BMRA,2017-12-04,26.4,26.96,26.4,26.64,0.16,+0.60%,1175
BMRA,2017-12-05,26.48,28.64,26.4,28.16,1.52,+5.71%,2325
BMRA,2017-12-06,28.72,30.08,28.08,30.08,1.92,+6.82%,2212
BMRA,2017-12-07,29.6,29.6,28.96,29.28,-0.8,-2.66%,850
BMRA,2017-12-08,28.4,29.6,28.4,29.12,-0.16,-0.55%,1962
BMRA,2017-12-11,30,32.8,30,32,2.88,+9.89%,9175
BMRA,2017-12-12,32.8,32.8,31.2,31.2,-0.8,-2.50%,3125
BMRA,2017-12-13,31.44,31.92,30.8,31.52,0.32,+1.03%,4650
BMRA,2017-12-14,30.96,33.52,30.88,32.64,1.12,+3.55%,2562
BMRA,2017-12-15,32.8,32.8,29.2,32.64,0,0.00%,4975
BMRA,2017-12-18,32.64,35.52,32.48,35.44,2.8,+8.58%,7500
BMRA,2017-12-19,34.64,34.64,32,33.04,-2.4,-6.77%,1637
BMRA,2017-12-20,32,32.72,30.56,32.32,-0.72,-2.18%,4325
BMRA,2017-12-21,32.4,32.8,30.56,32.4,0.08,+0.25%,1437
BMRA,2017-12-22,32.08,33.12,31.84,32.88,0.48,+1.48%,2087
BMRA,2017-12-26,32,32.24,30.96,31.6,-1.28,-3.89%,750
BMRA,2017-12-27,31.04,31.28,30.08,30.08,-1.52,-4.81%,2162
BMRA,2017-12-28,30.08,30.88,30.08,30.24,0.16,+0.53%,1550
BMRA,2017-12-29,30.16,31.16,29.92,29.92,-0.32,-1.06%,2187
BMRA,2018-01-02,30.48,32.08,30.32,31.76,1.84,+6.15%,1987
BMRA,2018-01-03,31.384,32.36,31.384,31.92,0.16,+0.50%,925
BMRA,2018-01-04,32.08,34.96,32.08,33.36,1.44,+4.51%,2800
BMRA,2018-01-05,33.68,36,33.68,35.52,2.16,+6.47%,4925
BMRA,2018-01-08,35.6,36.8,35.6,35.84,0.32,+0.90%,3137
BMRA,2018-01-09,34.08,35.6,34.08,35.2,-0.64,-1.79%,1712
BMRA,2018-01-10,44,74.56,40.24,42.4,7.2,+20.45%,433837
BMRA,2018-01-11,40.4,44,37.6,41.04,-1.36,-3.21%,50262
BMRA,2018-01-12,41.12,42.32,38.48,39.6,-1.44,-3.51%,15000
BMRA,2018-01-16,38.96,39.52,34.4,36.08,-3.52,-8.89%,25812
BMRA,2018-01-17,36.16,36.64,34.8,34.96,-1.12,-3.10%,6462
BMRA,2018-01-18,34.88,38,32.72,34.08,-0.88,-2.52%,28824
BMRA,2018-01-19,33.76,34.72,32.8,33.36,-0.72,-2.11%,4750
BMRA,2018-01-22,33.6,34,31.04,31.2,-2.16,-6.47%,16300
BMRA,2018-01-23,31.04,31.76,30,30.48,-0.72,-2.31%,4462
BMRA,2018-01-24,30.56,34.48,30.56,33.6,3.12,+10.24%,17662
BMRA,2018-01-25,33.6,34,31.44,32.32,-1.28,-3.81%,7512
BMRA,2018-01-26,32.8,34.4,32,34.32,2,+6.19%,10650
BMRA,2018-01-29,34.4,36.8,34.4,35.92,1.6,+4.66%,7750
BMRA,2018-01-30,36.8,36.8,33.04,33.68,-2.24,-6.24%,10200
BMRA,2018-01-31,33.76,37.92,33.28,33.52,-0.16,-0.48%,7800
BMRA,2018-02-01,33.6,35.04,33.04,33.04,-0.48,-1.43%,1837
BMRA,2018-02-02,33.28,34.16,31.04,31.12,-1.92,-5.81%,6462
BMRA,2018-02-05,30.88,32.28,30.64,31.52,0.4,+1.29%,5162
BMRA,2018-02-06,32,33.6,31.6,33.04,1.52,+4.82%,2550
BMRA,2018-02-07,32.8,34.8,31.28,31.68,-1.36,-4.12%,9737
BMRA,2018-02-08,31.68,32.08,30.56,30.72,-0.96,-3.03%,2700
BMRA,2018-02-09,31.04,32,30.4,31.2,0.48,+1.56%,3550
BMRA,2018-02-12,32.72,34.6,30.64,33.04,1.84,+5.90%,9400
BMRA,2018-02-13,33.12,37.2,31.28,32,-1.04,-3.15%,8812
BMRA,2018-02-14,32.64,33.44,32.24,32.72,0.72,+2.25%,1975
BMRA,2018-02-15,33.12,35.12,32.72,34.08,1.36,+4.16%,5550
BMRA,2018-02-16,34.08,35.04,33.44,33.6,-0.48,-1.41%,2887
BMRA,2018-02-20,34.16,35.84,34.16,34.48,0.88,+2.62%,2275
BMRA,2018-02-21,34.16,35.76,33.76,35.52,1.04,+3.02%,2112
BMRA,2018-02-22,35.68,37.48,35.192,36.16,0.64,+1.80%,7262
BMRA,2018-02-23,36,37.12,35.84,37.12,0.96,+2.65%,4900
BMRA,2018-02-26,36.8,36.88,34.56,36.64,-0.48,-1.29%,2012
BMRA,2018-02-27,36.4,36.72,35.28,35.68,-0.96,-2.62%,1125
BMRA,2018-02-28,35.92,36.32,35.76,36.32,0.64,+1.79%,5812
BMRA,2018-03-01,36.16,36.16,35.44,35.76,-0.56,-1.54%,3950
BMRA,2018-03-02,35.12,36,34.8,35.2,-0.56,-1.57%,925
BMRA,2018-03-05,35.04,36.32,35.04,36.32,1.12,+3.18%,3050
BMRA,2018-03-06,36.2,37.848,36.2,37.44,1.12,+3.08%,725
BMRA,2018-03-07,36.32,37.64,34.88,34.88,-2.56,-6.84%,3300
BMRA,2018-03-08,36.8,37.76,35.12,35.12,0.24,+0.69%,2412
BMRA,2018-03-09,35.6,36,35.04,35.92,0.8,+2.28%,1537
BMRA,2018-03-12,35.68,35.68,34.28,34.48,-1.44,-4.01%,3612
BMRA,2018-03-13,34.4,34.8,34.4,34.56,0.08,+0.23%,1325
BMRA,2018-03-14,33.6,33.6,32.88,33.04,-1.52,-4.40%,4937
BMRA,2018-03-15,32.8,32.8,32.56,32.56,-0.48,-1.45%,3637
BMRA,2018-03-16,32.4,33.76,32.32,33.44,0.88,+2.70%,8300
BMRA,2018-03-19,33.6,33.92,32.96,33.92,0.48,+1.44%,1062
BMRA,2018-03-20,33.84,35.92,33.04,35.12,1.2,+3.54%,7662
BMRA,2018-03-21,34.48,34.88,33.76,34.48,-0.64,-1.82%,1062
BMRA,2018-03-22,34.16,34.16,33.68,33.68,-0.8,-2.32%,925
BMRA,2018-03-23,33.28,33.68,32.64,33.68,0,0.00%,2550
BMRA,2018-03-26,34.32,34.8,33.16,33.68,0,0.00%,2050
BMRA,2018-03-27,34.32,34.72,32.48,34.72,1.04,+3.09%,1837
BMRA,2018-03-28,34.64,34.64,32.88,33.04,-1.68,-4.84%,575
BMRA,2018-03-29,33.84,34.16,32.32,32.32,-0.72,-2.18%,2650
BMRA,2018-04-02,32.56,33.12,32.08,32.32,0,0.00%,1137
BMRA,2018-04-03,32.56,33.12,32.16,32.16,-0.16,-0.50%,325
BMRA,2018-04-04,32,33.04,32,32.4,0.24,+0.75%,1462
BMRA,2018-04-05,32.64,33.28,32.64,33.28,0.88,+2.72%,875
BMRA,2018-04-06,32.88,33.2,32.8,33.2,-0.08,-0.24%,362
BMRA,2018-04-09,33.52,33.52,32,33.2,0,0.00%,1062
BMRA,2018-04-10,33.2,33.28,33.2,33.2,0,0.00%,50
BMRA,2018-04-11,32.56,32.72,32,32,-1.2,-3.61%,937
BMRA,2018-04-12,32,32.44,31.288,31.52,-0.48,-1.50%,2725
BMRA,2018-04-13,31.76,32,31.64,32,0.48,+1.52%,987
BMRA,2018-04-16,31.12,32.32,31.12,31.76,-0.24,-0.75%,1300
BMRA,2018-04-17,31.44,33.12,30.64,32.56,0.8,+2.52%,18612
BMRA,2018-04-18,32.56,33.28,32,32,-0.56,-1.72%,5150
BMRA,2018-04-19,32.88,32.88,32,32.4,0.4,+1.25%,7162
BMRA,2018-04-20,32.4,34.64,31.68,31.92,-0.48,-1.48%,14525
BMRA,2018-04-23,31.6,31.6,30.48,30.56,-1.36,-4.26%,2350
BMRA,2018-04-24,30.48,30.48,28.08,28.4,-2.16,-7.07%,3100
BMRA,2018-04-25,28.4,29.6,28.08,28.56,0.16,+0.56%,1487
BMRA,2018-04-26,28.56,28.96,28.56,28.64,0.08,+0.28%,1712
BMRA,2018-04-27,28.8,29.6,28.4,29.52,0.88,+3.07%,3725
BMRA,2018-04-30,28.4,28.96,28.4,28.48,-1.04,-3.52%,2025
BMRA,2018-05-01,28.64,28.8,28.4,28.48,0,0.00%,362
BMRA,2018-05-02,28.56,28.88,27.68,27.76,-0.72,-2.53%,5775
BMRA,2018-05-03,27.68,28.16,27.68,27.68,-0.08,-0.29%,3037
BMRA,2018-05-04,27.68,31.12,27.68,29.6,1.92,+6.94%,3775
BMRA,2018-05-07,29.2,30.08,26.64,27.28,-2.32,-7.84%,4200
BMRA,2018-05-08,27.12,28.24,26.72,28.24,0.96,+3.52%,3087
BMRA,2018-05-09,28.24,29.12,28.08,29.04,0.8,+2.83%,2287
BMRA,2018-05-10,28.8,29.04,28.32,29.04,0,0.00%,850
BMRA,2018-05-11,28.8,29.04,28.48,28.8,-0.24,-0.83%,462
BMRA,2018-05-14,28.24,28.56,28.24,28.32,-0.48,-1.67%,1512
BMRA,2018-05-15,28.32,28.72,27.6,27.6,-0.72,-2.54%,2200
BMRA,2018-05-16,28.24,29.92,28.24,28.72,1.12,+4.06%,1600
BMRA,2018-05-17,28.64,29.52,28.4,29.36,0.64,+2.23%,625
BMRA,2018-05-18,29.04,29.52,29.04,29.52,0.16,+0.54%,512
BMRA,2018-05-21,30.48,30.96,29.36,29.36,-0.16,-0.54%,2087
BMRA,2018-05-22,29.28,30.96,29.28,29.6,0.24,+0.82%,262
BMRA,2018-05-23,30.32,30.8,29.52,29.52,-0.08,-0.27%,7500
BMRA,2018-05-24,30.4,30.64,29.84,29.92,0.4,+1.36%,16175
BMRA,2018-05-25,28.88,30.72,28.88,30.72,0.8,+2.67%,1762
BMRA,2018-05-29,30.56,31.12,30.56,30.56,-0.16,-0.52%,1787
BMRA,2018-05-30,31.2,31.2,29.92,30.96,0.4,+1.31%,3937
BMRA,2018-05-31,31.2,32.96,30.96,32.56,1.6,+5.17%,3837
BMRA,2018-06-01,32.32,34.4,31.36,33.68,1.12,+3.44%,2200
BMRA,2018-06-04,34,34,31.44,31.6,-2.08,-6.18%,2037
BMRA,2018-06-05,31.76,33.84,26.96,31.6,0,0.00%,4125
BMRA,2018-06-06,31.92,32.24,30.56,30.56,-1.04,-3.29%,1125
BMRA,2018-06-07,30.72,31.84,29.6,29.84,-0.72,-2.36%,787
BMRA,2018-06-08,30.72,31.2,28.8,28.8,-1.04,-3.49%,3062
BMRA,2018-06-11,29.12,30.96,28.96,30.64,1.84,+6.39%,1512
BMRA,2018-06-12,30.48,30.48,29.84,29.84,-0.8,-2.61%,1075
BMRA,2018-06-13,29.28,30.56,29.12,29.6,-0.24,-0.80%,2687
BMRA,2018-06-14,28.64,29.04,28.64,28.96,-0.64,-2.16%,450
BMRA,2018-06-15,29.56,29.56,29.04,29.04,0.08,+0.28%,87
BMRA,2018-06-18,29.28,29.84,28.96,29.76,0.72,+2.48%,900
BMRA,2018-06-19,30,30.32,28.96,29.6,-0.16,-0.54%,1550
BMRA,2018-06-20,30,30.24,30,30.24,0.64,+2.16%,312
BMRA,2018-06-21,30.24,30.24,29.6,30.24,0,0.00%,1212
BMRA,2018-06-22,29.76,30.88,29.2,30.88,0.64,+2.12%,3137
BMRA,2018-06-25,31.04,31.52,30.08,31.52,0.64,+2.07%,500
BMRA,2018-06-26,30.24,31.2,29.36,30.56,-0.96,-3.05%,2075
BMRA,2018-06-27,31.04,31.2,30.08,31.2,0.64,+2.09%,425
BMRA,2018-06-28,31.04,31.52,31.04,31.04,-0.16,-0.51%,537
BMRA,2018-06-29,31.2,31.92,31.04,31.12,0.08,+0.26%,5725
BMRA,2018-07-02,31.2,31.68,31.2,31.68,0.56,+1.80%,462
BMRA,2018-07-03,31.68,31.84,31.6,31.84,0.16,+0.51%,337
BMRA,2018-07-05,31.92,32.08,31.76,32,0.16,+0.50%,4225
BMRA,2018-07-06,31.68,32.4,31.68,32.4,0.4,+1.25%,1925
BMRA,2018-07-09,32.64,32.72,32.16,32.48,0.08,+0.25%,725
BMRA,2018-07-10,32.72,33.6,31.76,32.16,-0.32,-0.99%,1137
BMRA,2018-07-11,32.56,33.28,32.32,32.32,0.16,+0.50%,1337
BMRA,2018-07-12,33.04,33.44,32.8,33.04,0.72,+2.23%,762
BMRA,2018-07-13,33.52,33.6,32.8,33.12,0.08,+0.24%,212
BMRA,2018-07-16,32.488,33.2,32.24,32.76,-0.36,-1.09%,250
BMRA,2018-07-17,32.56,32.96,32.4,32.48,-0.28,-0.85%,275
BMRA,2018-07-18,32.824,32.92,31.92,32,-0.48,-1.48%,712
BMRA,2018-07-19,32.24,32.24,31.84,31.84,-0.16,-0.50%,437
BMRA,2018-07-20,32,32.32,30.32,31.76,-0.08,-0.25%,3950
BMRA,2018-07-23,31.2,31.2,30.64,30.64,-1.12,-3.53%,362
BMRA,2018-07-24,31.28,31.6,30,30,-0.64,-2.09%,3787
BMRA,2018-07-25,29.92,30.8,29.92,30.8,0.8,+2.67%,612
BMRA,2018-07-26,30.56,30.96,30.56,30.96,0.16,+0.52%,200
BMRA,2018-07-27,31.136,31.136,30.12,30.12,-0.84,-2.71%,1062
BMRA,2018-07-30,30.392,30.4,29.32,29.6,-0.52,-1.73%,912
BMRA,2018-07-31,30.44,30.44,29.04,29.04,-0.56,-1.89%,250
BMRA,2018-08-01,30.8,30.8,29.04,29.28,0.24,+0.83%,4062
BMRA,2018-08-02,29.76,30.72,29.76,30.72,1.44,+4.92%,137
BMRA,2018-08-03,30.056,30.68,29.576,30.68,-0.04,-0.13%,525
BMRA,2018-08-06,29.84,29.92,29.6,29.6,-1.08,-3.52%,187
BMRA,2018-08-07,29.6,30.08,29.2,30.08,0.48,+1.62%,1287
BMRA,2018-08-08,29.28,30.24,29.28,30.08,0,0.00%,125
BMRA,2018-08-09,30.08,30.64,30,30.24,0.16,+0.53%,487
BMRA,2018-08-10,30.4,31.2,30.24,30.32,0.08,+0.26%,3062
BMRA,2018-08-13,31.04,31.04,30.32,30.32,0,0.00%,350
BMRA,2018-08-14,31.04,31.12,30.64,30.64,0.32,+1.06%,212
BMRA,2018-08-15,30.64,30.64,30,30,-0.64,-2.09%,450
BMRA,2018-08-16,30.48,30.56,30.24,30.56,0.56,+1.87%,75
BMRA,2018-08-17,30,30,28.96,28.96,-1.6,-5.24%,387
BMRA,2018-08-20,28.96,30.48,28.96,29.36,0.4,+1.38%,437
BMRA,2018-08-21,29.96,29.96,29.28,29.28,-0.08,-0.27%,137
BMRA,2018-08-22,29.44,29.44,29.44,29.44,0.16,+0.55%,62
BMRA,2018-08-23,29.2,30.4,28.8,29.68,0.24,+0.82%,2262
BMRA,2018-08-24,29.76,31.52,29.28,30,0.32,+1.08%,3575
BMRA,2018-08-27,29.96,30.64,29.96,30.4,0.4,+1.33%,175
BMRA,2018-08-28,30.08,30.4,29.44,29.6,-0.8,-2.63%,975
BMRA,2018-08-29,31.28,31.28,29.96,30.304,0.704,+2.38%,625
BMRA,2018-08-30,31.2,31.2,28.4,28.4,-1.904,-6.28%,3362
BMRA,2018-08-31,28.56,29.68,28.48,28.8,0.4,+1.41%,2900
BMRA,2018-09-04,28.8,28.8,28.64,28.64,-0.16,-0.56%,212
BMRA,2018-09-05,28.8,28.8,28.32,28.48,-0.16,-0.56%,437
BMRA,2018-09-06,28.64,28.64,28.288,28.52,0.04,+0.14%,512
BMRA,2018-09-07,28.544,28.88,28.48,28.68,0.16,+0.56%,500
BMRA,2018-09-10,28.72,28.72,28.48,28.48,-0.2,-0.70%,137
BMRA,2018-09-11,28.8,28.96,28.48,28.96,0.48,+1.69%,600
BMRA,2018-09-12,28.48,28.8,28.16,28.48,-0.48,-1.66%,1300
BMRA,2018-09-13,28.88,28.88,28.16,28.16,-0.32,-1.12%,387
BMRA,2018-09-14,28.32,28.32,27.68,27.68,-0.48,-1.70%,625
BMRA,2018-09-17,27.68,27.68,27.28,27.28,-0.4,-1.45%,587
BMRA,2018-09-18,27.28,27.68,27.12,27.12,-0.16,-0.59%,425
BMRA,2018-09-19,27.12,27.28,26.56,26.96,-0.16,-0.59%,1812
BMRA,2018-09-20,26.96,27.12,26.8,26.8,-0.16,-0.59%,162
BMRA,2018-09-21,26.88,28,26.88,28,1.2,+4.48%,850
BMRA,2018-09-24,27.2,28.68,27.2,28.56,0.56,+2.00%,1225
BMRA,2018-09-25,28,28.96,28,28.96,0.4,+1.40%,2062
BMRA,2018-09-28,29.2,30.24,28.64,28.64,-0.32,-1.10%,5600
BMRA,2018-10-01,28.8,29.04,28.64,28.64,0,0.00%,512
BMRA,2018-10-02,28.4,28.8,28.4,28.4,-0.24,-0.84%,237
BMRA,2018-10-03,29.04,29.04,28.08,28.08,-0.32,-1.13%,962
BMRA,2018-10-04,28.08,28.88,28.08,28.56,0.48,+1.71%,1462
BMRA,2018-10-08,28.4,28.56,28.32,28.32,-0.24,-0.84%,725
BMRA,2018-10-09,28.56,28.56,28.16,28.24,-0.08,-0.28%,637
BMRA,2018-10-10,28.16,28.88,27.2,27.28,-0.96,-3.40%,3625
BMRA,2018-10-11,27.6,27.68,27.04,27.04,-0.24,-0.88%,1537
BMRA,2018-10-12,27.2,28,27.12,27.12,0.08,+0.30%,3075
BMRA,2018-10-15,27.2,28,27.2,27.2,0.08,+0.29%,1087
BMRA,2018-10-16,26.88,26.88,24.16,24.32,-2.88,-10.59%,4237
BMRA,2018-10-17,24.16,24.32,23.2,23.76,-0.56,-2.30%,1537
BMRA,2018-10-18,23.44,23.6,23.04,23.12,-0.64,-2.69%,425
BMRA,2018-10-19,23.04,26.16,21.44,23.92,0.8,+3.46%,4900
BMRA,2018-10-22,23.84,26.16,23.2,26,2.08,+8.70%,1987
BMRA,2018-10-23,25.52,25.52,22.56,23.28,-2.72,-10.46%,5462
BMRA,2018-10-24,23.68,24.32,22.16,22.4,-0.88,-3.78%,3612
BMRA,2018-10-25,22.4,22.56,21.6,21.68,-0.72,-3.21%,2250
BMRA,2018-10-26,21.68,23.76,21.68,23.68,2,+9.23%,7500
BMRA,2018-10-29,23.52,23.6,21.76,21.76,-1.92,-8.11%,950
BMRA,2018-10-30,21.92,22.64,20.8,22.16,0.4,+1.84%,1875
BMRA,2018-10-31,22.96,23.08,21.68,22.24,0.08,+0.36%,275
BMRA,2018-11-01,22.4,22.4,21.68,21.84,-0.4,-1.80%,637
BMRA,2018-11-02,22,22,20.08,21.2,-0.64,-2.93%,1062
BMRA,2018-11-05,22.4,22.4,21.28,21.28,0.08,+0.38%,1812
BMRA,2018-11-06,21.36,21.6,20.56,20.72,-0.56,-2.63%,2125
BMRA,2018-11-07,22,24,21.2,22.88,2.16,+10.42%,13400
BMRA,2018-11-08,22.08,23.92,22.08,22.64,-0.24,-1.05%,2562
BMRA,2018-11-09,22.72,24.48,22.72,24.48,1.84,+8.13%,14387
BMRA,2018-11-12,24.4,24.4,22.32,22.4,-2.08,-8.50%,1362
BMRA,2018-11-13,22.4,23.76,22.32,23.2,0.8,+3.57%,1425
BMRA,2018-11-14,23.2,23.6,23.2,23.6,0.4,+1.72%,162
BMRA,2018-11-15,23.6,23.68,23.2,23.44,-0.16,-0.68%,600
BMRA,2018-11-16,23.76,23.76,23.28,23.6,0.16,+0.68%,537
BMRA,2018-11-19,23.28,24,23.28,23.52,-0.08,-0.34%,600
BMRA,2018-11-20,23.6,24.04,23.2,23.52,0,0.00%,7912
BMRA,2018-11-21,23.84,23.84,23.28,23.76,0.24,+1.02%,437
BMRA,2018-11-23,23.28,23.36,22.72,22.72,-1.04,-4.38%,412
BMRA,2018-11-26,23.2,23.6,23.2,23.52,0.8,+3.52%,275
BMRA,2018-11-27,23.2,23.68,23.2,23.36,-0.16,-0.68%,100
BMRA,2018-11-28,24.32,25.84,22.96,23.44,0.08,+0.34%,14287
BMRA,2018-11-29,23.6,24.12,22.48,22.992,-0.448,-1.91%,725
BMRA,2018-11-30,23.12,23.84,22.48,22.48,-0.512,-2.23%,1387
BMRA,2018-12-03,22.48,23.2,22.08,22.56,0.08,+0.36%,575
BMRA,2018-12-04,22.96,22.96,22.08,22.56,0,0.00%,562
BMRA,2018-12-06,22.48,22.48,21.2,21.6,-0.96,-4.26%,437
BMRA,2018-12-07,21.36,21.6,20.4,20.88,-0.72,-3.33%,5687
BMRA,2018-12-10,22.16,22.16,19.92,19.92,-0.96,-4.60%,812
BMRA,2018-12-11,20.96,20.96,20.08,20.16,0.24,+1.20%,1562
BMRA,2018-12-12,20.32,21.44,19.12,19.44,-0.72,-3.57%,2437
BMRA,2018-12-13,20.16,20.96,20.16,20.88,1.44,+7.41%,412
BMRA,2018-12-14,20.56,21.2,20.56,20.8,-0.08,-0.38%,100
BMRA,2018-12-17,19.52,20.64,19.52,19.76,-1.04,-5.00%,1112
BMRA,2018-12-18,20.44,20.44,19.28,19.44,-0.32,-1.62%,1012
BMRA,2018-12-19,20.8,20.88,19.12,19.12,-0.32,-1.65%,1275
BMRA,2018-12-20,19.12,19.6,18,18,-1.12,-5.86%,1737
BMRA,2018-12-21,18.32,18.48,14.56,16.16,-1.84,-10.22%,8600
BMRA,2018-12-24,16.4,16.48,16.08,16.48,0.32,+1.98%,2750
BMRA,2018-12-26,16.48,18.4,15.92,15.92,-0.56,-3.40%,3862
BMRA,2018-12-27,15.84,16.96,14.64,14.64,-1.28,-8.04%,2787
BMRA,2018-12-28,14.72,15.28,12.8,14.32,-0.32,-2.19%,5525
BMRA,2018-12-31,14.32,14.72,13.6,13.6,-0.72,-5.03%,3437
BMRA,2019-01-02,13.6,16.72,13.6,15.52,1.92,+14.12%,912
BMRA,2019-01-03,15.28,15.6,15.2,15.36,-0.16,-1.03%,637
BMRA,2019-01-04,15.36,15.84,15.28,15.68,0.32,+2.08%,537
BMRA,2019-01-07,15.76,15.76,14.88,15.52,-0.16,-1.02%,1237
BMRA,2019-01-08,15.2,15.76,15.2,15.76,0.24,+1.55%,350
BMRA,2019-01-09,15.6,18,15.6,15.76,0,0.00%,3137
BMRA,2019-01-10,15.92,17.84,15.36,17.84,2.08,+13.20%,712
BMRA,2019-01-11,17.6,17.6,15.48,16.32,-1.52,-8.52%,1925
BMRA,2019-01-14,16.4,17.2,16.32,16.8,0.48,+2.94%,212
BMRA,2019-01-15,16.8,18.128,15.768,16.6,-0.2,-1.19%,1037
BMRA,2019-01-16,16.56,17.84,16.48,17.36,0.76,+4.58%,2237
BMRA,2019-01-17,17.52,20,17.52,19.6,2.24,+12.90%,2137
BMRA,2019-01-18,20,20,18.64,19.2,-0.4,-2.04%,1675
BMRA,2019-01-22,19.76,20,17.84,19.92,0.72,+3.75%,1775
BMRA,2019-01-23,20,22,19.52,20.32,0.4,+2.01%,1025
BMRA,2019-01-24,20.08,20.8,20,20.08,-0.24,-1.18%,187
BMRA,2019-01-25,20,20.32,19.2,20.32,0.24,+1.20%,1200
BMRA,2019-01-28,21.28,21.36,20.48,21.36,1.04,+5.12%,137
BMRA,2019-01-29,20.64,20.64,20,20.48,-0.88,-4.12%,262
BMRA,2019-01-30,20,20,19.68,19.68,-0.8,-3.91%,200
BMRA,2019-01-31,19.28,20.24,19.2,20.24,0.56,+2.85%,237
BMRA,2019-02-04,19.84,20.32,18.4,18.4,-1.84,-9.09%,550
BMRA,2019-02-05,18.8,18.8,18.72,18.72,0.32,+1.74%,112
BMRA,2019-02-06,19.12,20.32,19.12,19.6,0.88,+4.70%,350
BMRA,2019-02-07,18.56,19.2,18.56,18.96,-0.64,-3.27%,212
BMRA,2019-02-08,19.12,22.48,18.8,20.96,2,+10.55%,1687
BMRA,2019-02-11,20.96,21.44,19.04,19.04,-1.92,-9.16%,1350
BMRA,2019-02-12,19.04,20,19.04,19.28,0.24,+1.26%,287
BMRA,2019-02-13,19.28,19.28,19.28,19.28,0,0.00%,75
BMRA,2019-02-14,18.32,21.2,18.08,20.56,1.28,+6.64%,1737
BMRA,2019-02-15,20.48,22.72,20.16,20.24,-0.32,-1.56%,825
BMRA,2019-02-19,20,20,19.88,20,-0.24,-1.19%,300
BMRA,2019-02-20,19.36,19.36,19.2,19.2,-0.8,-4.00%,212
BMRA,2019-02-21,19.6,20.4,19.52,20.4,1.2,+6.25%,650
BMRA,2019-02-22,20,21.6,18.72,20.4,0,0.00%,2075
BMRA,2019-02-25,21.2,21.84,20.48,21.68,1.28,+6.27%,737
BMRA,2019-02-26,21.36,22.68,21.36,21.84,0.16,+0.74%,1562
BMRA,2019-02-27,22.32,22.64,20.4,21.44,-0.4,-1.83%,1325
BMRA,2019-03-01,21.48,21.736,21.48,21.736,0.296,+1.38%,425
BMRA,2019-03-04,22.72,23.52,22.72,22.8,1.064,+4.90%,375
BMRA,2019-03-05,22.72,23.2,21.28,21.28,-1.52,-6.67%,1150
BMRA,2019-03-06,21.28,22,20.48,21.76,0.48,+2.26%,625
BMRA,2019-03-07,21.92,21.92,19.68,19.76,-2.,-9.19%,1150
BMRA,2019-03-08,20.72,20.88,19.3792,20.88,1.12,+5.67%,212
BMRA,2019-03-11,20.7016,21.16,20,20.64,-0.24,-1.15%,337
BMRA,2019-03-12,20.1808,21.2816,20.1808,20.8,0.16,+0.78%,1612
BMRA,2019-03-13,21.6,21.6,20,20.56,-0.24,-1.15%,437
BMRA,2019-03-14,21.28,21.28,19.12,19.12,-1.44,-7.00%,1337
BMRA,2019-03-15,19.36,20.2392,18.8,20.08,0.96,+5.02%,1325
BMRA,2019-03-18,19.76,19.76,19.76,19.76,-0.32,-1.59%,75
BMRA,2019-03-19,19.04,21.9192,19.04,19.84,0.08,+0.40%,750
BMRA,2019-03-20,20.5608,20.72,20.1808,20.1808,0.3408,+1.72%,100
BMRA,2019-03-21,19.76,21.68,19.6,21.2,1.0192,+5.05%,1512
BMRA,2019-03-22,21.2,21.2,20,20.1384,-1.0616,-5.01%,612
BMRA,2019-03-25,20,20.8,19.6808,19.6808,-0.4576,-2.27%,387
BMRA,2019-03-26,20.2384,21.16,19.7608,21.16,1.4792,+7.52%,200
BMRA,2019-03-27,20.32,20.4424,20.08,20.08,-1.08,-5.10%,262
BMRA,2019-03-28,19.68,20.96,19.68,20.16,0.08,+0.40%,612
BMRA,2019-03-29,19.92,20.0584,19.84,19.92,-0.24,-1.19%,487
BMRA,2019-04-01,21.68,21.68,20,20.16,0.24,+1.20%,775
BMRA,2019-04-02,20,20.14,20,20.08,-0.08,-0.40%,462
BMRA,2019-04-03,21.088,21.088,19.92,19.92,-0.16,-0.80%,1025
BMRA,2019-04-04,19.84,19.904,19.5784,19.7224,-0.1976,-0.99%,237
BMRA,2019-04-05,20.124,20.1808,19.3608,20.08,0.3576,+1.81%,387
BMRA,2019-04-08,22,27.44,21.44,21.6,1.52,+7.57%,120412
BMRA,2019-04-09,22,22.44,20.64,21.12,-0.48,-2.22%,18387
BMRA,2019-04-10,20.88,21,20.4,20.4,-0.72,-3.41%,4975
BMRA,2019-04-11,21.56,21.6616,20.4,21.0176,0.6176,+3.03%,962
BMRA,2019-04-12,21.44,21.512,20.48,21.2,0.1824,+0.87%,16662
BMRA,2019-04-15,21.36,21.44,20.4,20.52,-0.68,-3.21%,2437
BMRA,2019-04-16,19.76,19.84,19.68,19.68,-0.84,-4.09%,2325
BMRA,2019-04-17,20,20.1,19.2,19.2,-0.48,-2.44%,1887
BMRA,2019-04-18,19.36,19.92,18.92,19.52,0.32,+1.67%,3287
BMRA,2019-04-22,19.2,19.6792,18.72,19.04,-0.48,-2.46%,2075
BMRA,2019-04-23,19.1784,19.4096,19.1784,19.1992,0.1592,+0.84%,1400
BMRA,2019-04-24,19.28,19.92,19.04,19.36,0.1608,+0.84%,2162
BMRA,2019-04-25,19.84,21.0736,19.76,20.024,0.664,+3.43%,3337
BMRA,2019-04-26,19.76,19.76,18.68,19.36,-0.664,-3.32%,1287
BMRA,2019-04-29,19.48,19.5192,18.64,18.64,-0.72,-3.72%,787
BMRA,2019-04-30,18.8,19.196,18.48,18.48,-0.16,-0.86%,1037
BMRA,2019-05-01,18.56,18.8,18.56,18.72,0.24,+1.30%,1162
BMRA,2019-05-02,18.72,18.8,18.64,18.7752,0.0552,+0.29%,200
BMRA,2019-05-03,18.64,18.9296,18.64,18.9296,0.1544,+0.82%,625
BMRA,2019-05-06,18.88,18.96,18.48,18.48,-0.4496,-2.38%,2325
BMRA,2019-05-07,18.724,18.724,18.304,18.4,-0.08,-0.43%,462
BMRA,2019-05-08,18.4,18.48,17.76,18.4,0,0.00%,3150
BMRA,2019-05-09,18.48,18.548,17.92,18.08,-0.32,-1.74%,1412
BMRA,2019-05-10,18.068,18.96,17.88,18.96,0.88,+4.87%,2650
BMRA,2019-05-13,18.4,18.4,18.4,18.4,-0.56,-2.95%,112
BMRA,2019-05-14,18.416,18.5568,18.16,18.208,-0.192,-1.04%,1062
BMRA,2019-05-15,18.08,18.2512,17.92,17.9384,-0.2696,-1.48%,1637
BMRA,2019-05-16,18.16,18.16,17.92,18,0.0616,+0.34%,437
BMRA,2019-05-17,18.5384,19.2008,18.5384,18.96,0.96,+5.33%,1050
BMRA,2019-05-20,18.4,18.592,17.8816,17.8816,-1.0784,-5.69%,1875
BMRA,2019-05-21,18.4,18.6408,18.08,18.6408,0.7592,+4.25%,437
BMRA,2019-05-22,18.72,19.312,18.72,18.8,0.1592,+0.85%,562
BMRA,2019-05-23,18.8,19.52,18.8,19.52,0.72,+3.83%,3012
BMRA,2019-05-24,19.44,19.44,19.44,19.44,-0.08,-0.41%,125
BMRA,2019-05-28,18.8,19.68,18.4848,18.56,-0.88,-4.53%,2025
BMRA,2019-05-29,18.64,18.64,18.0904,18.0904,-0.4696,-2.53%,400
BMRA,2019-05-30,18.6184,18.6184,17.2,18.32,0.2296,+1.27%,1000
BMRA,2019-05-31,18.096,18.224,18,18,-0.32,-1.75%,225
BMRA,2019-06-03,18,18.16,18,18.16,0.16,+0.89%,200
BMRA,2019-06-04,18,18,17.3664,17.56,-0.6,-3.30%,100
BMRA,2019-06-05,20.72,22.16,17.68,18.96,1.4,+7.97%,58075
BMRA,2019-06-06,18.4,20.3112,17.28,20,1.04,+5.49%,11637
BMRA,2019-06-07,20,20.88,18.9256,20.64,0.64,+3.20%,3062
BMRA,2019-06-10,19.6128,20.56,19.4728,19.8888,-0.7512,-3.64%,1812
BMRA,2019-06-11,19.76,19.84,17.68,19.2368,-0.652,-3.28%,537
BMRA,2019-06-12,18.96,19.84,18.8,19.52,0.2832,+1.47%,1450
BMRA,2019-06-13,18.56,19.4264,17.84,18.64,-0.88,-4.51%,1087
BMRA,2019-06-14,18.24,19.04,18.16,18.76,0.12,+0.64%,587
BMRA,2019-06-17,17.68,18.88,17.68,17.68,-1.08,-5.76%,5237
BMRA,2019-06-18,18.08,18.4616,17.9448,17.9448,0.2648,+1.50%,1350
BMRA,2019-06-19,17.92,20,17.92,19.6,1.6552,+9.22%,5062
BMRA,2019-06-20,19.84,20.16,18.56,18.8,-0.8,-4.08%,4087
BMRA,2019-06-21,19.44,19.52,18.88,18.88,0.08,+0.43%,587
BMRA,2019-06-24,19.2,20.4,19.2,19.76,0.88,+4.66%,10850
BMRA,2019-06-25,20,20.32,19.6,20.16,0.4,+2.02%,1837
BMRA,2019-06-26,20.16,20.8,20.16,20.4,0.24,+1.19%,2987
BMRA,2019-06-27,20.4,21.12,20.4,20.4,0,0.00%,1562
BMRA,2019-06-28,20.56,21.9,20.52,20.8,0.4,+1.96%,3937
BMRA,2019-07-01,21.1456,21.1456,21.1456,21.1456,0.3456,+1.66%,50
BMRA,2019-07-02,21.04,21.1992,20.6528,20.96,-0.1856,-0.88%,1362
BMRA,2019-07-03,21.44,21.848,21.4,21.4,0.44,+2.10%,187
BMRA,2019-07-05,21.4,21.72,21.36,21.524,0.124,+0.58%,3712
BMRA,2019-07-08,21.7328,21.92,21.536,21.76,0.236,+1.10%,1900
BMRA,2019-07-09,21.4992,21.688,20.32,20.72,-1.04,-4.78%,2012
BMRA,2019-07-10,20.888,21.44,20.8,21.1192,0.3992,+1.93%,3325
BMRA,2019-07-11,21.6,25.6,21.6,24.08,2.9608,+14.02%,26562
BMRA,2019-07-12,24.32,24.8,22.56,22.88,-1.2,-4.98%,8162
BMRA,2019-07-15,23.68,23.84,21.2,22.4,-0.48,-2.10%,9475
BMRA,2019-07-16,22.64,23.44,22.56,22.56,0.16,+0.71%,2662
BMRA,2019-07-17,22.88,24.32,22.88,23.2,0.64,+2.84%,12012
BMRA,2019-07-18,23.68,23.76,23.04,23.04,-0.16,-0.69%,1350
BMRA,2019-07-19,23.36,24,23.28,23.84,0.8,+3.47%,3762
BMRA,2019-07-22,23.5192,23.8544,22.7824,22.8376,-1.0024,-4.20%,4975
BMRA,2019-07-23,23.28,24.36,23.04,23.92,1.0824,+4.74%,2650
BMRA,2019-07-24,23.76,24.16,22.56,24.16,0.24,+1.00%,4212
BMRA,2019-07-25,24.16,24.48,24.16,24.48,0.32,+1.32%,1050
BMRA,2019-07-26,24.24,24.56,23.92,23.92,-0.56,-2.29%,4150
BMRA,2019-07-29,24.08,24.8,23.68,24.7208,0.8008,+3.35%,1500
BMRA,2019-07-30,24.08,28.56,24.08,27.84,3.1192,+12.62%,19650
BMRA,2019-07-31,28.32,29.52,28.24,28.24,0.4,+1.44%,7600
BMRA,2019-08-01,28.4,28.64,26.4032,28,-0.24,-0.85%,7050
BMRA,2019-08-02,28.8,28.944,27.1968,27.76,-0.24,-0.86%,1750
BMRA,2019-08-05,26.4368,27.46,25.6,25.6,-2.16,-7.78%,2312
BMRA,2019-08-06,25.84,27.12,25.84,26.56,0.96,+3.75%,1737
BMRA,2019-08-07,26.56,29.04,26.48,26.48,-0.08,-0.30%,7712
BMRA,2019-08-08,27.36,28.64,27.04,27.0408,0.5608,+2.12%,8375
BMRA,2019-08-09,27.52,28,27.36,27.68,0.6392,+2.36%,1800
BMRA,2019-08-12,27.4568,28.32,26.96,27.3168,-0.3632,-1.31%,3275
BMRA,2019-08-13,27.68,28,26.888,27.44,0.1232,+0.45%,1000
BMRA,2019-08-14,27.2,27.2,22.96,24,-3.44,-12.54%,6262
BMRA,2019-08-15,24.3304,27.52,24.144,25.2,1.2,+5.00%,8512
BMRA,2019-08-16,24.88,25.6816,24.88,25.6,0.4,+1.59%,1012
BMRA,2019-08-19,25.7296,25.7296,24.16,24.96,-0.64,-2.50%,3087
BMRA,2019-08-20,24.48,25.6432,22.2,23.28,-1.68,-6.73%,4687
BMRA,2019-08-21,24.24,24.24,22.6408,23.2,-0.08,-0.34%,5075
BMRA,2019-08-22,23.52,23.52,22.888,23.36,0.16,+0.69%,175
BMRA,2019-08-23,23.36,24.08,21.68,22.8,-0.56,-2.40%,6050
BMRA,2019-08-26,23.048,23.12,22.52,22.52,-0.28,-1.23%,1275
BMRA,2019-08-27,23.12,24.48,20.48,20.96,-1.56,-6.93%,5850
BMRA,2019-08-28,20.96,23.28,19.68,23.2,2.24,+10.69%,4062
BMRA,2019-08-29,22.96,23.12,22,22.08,-1.12,-4.83%,1912
BMRA,2019-08-30,23.6,25.44,22.08,22.56,0.48,+2.17%,7225
BMRA,2019-09-03,22.7408,24.08,22.7408,24.08,1.52,+6.74%,275
BMRA,2019-09-04,24.044,24.72,24.044,24.72,0.64,+2.66%,1150
BMRA,2019-09-05,24.8,24.8,23.84,24.72,0,0.00%,450
BMRA,2019-09-06,24.16,24.68,23.4032,24.56,-0.16,-0.65%,1737
BMRA,2019-09-09,23.76,24.56,22.08,23.28,-1.28,-5.21%,7412
BMRA,2019-09-10,22.88,24,22.56,23.92,0.64,+2.75%,2737
BMRA,2019-09-11,23.68,25.16,22.96,23,-0.92,-3.85%,4262
BMRA,2019-09-12,23.2,24.4,23.2,24.4,1.4,+6.09%,3062
BMRA,2019-09-13,24.2104,24.8,24.2104,24.8,0.4,+1.64%,2275
BMRA,2019-09-16,24.48,26,24.48,25.76,0.96,+3.87%,1587
BMRA,2019-09-17,25.5152,27.1192,24.88,25.36,-0.4,-1.55%,2312
BMRA,2019-09-18,25.36,26.08,24.8,25.52,0.16,+0.63%,3125
BMRA,2019-09-19,25.6,26.996,23.6,25.04,-0.48,-1.88%,15737
BMRA,2019-09-20,25.04,25.84,24,25.2,0.16,+0.64%,3050
BMRA,2019-09-23,24.4,25.592,24.24,25.4504,0.2504,+0.99%,1475
BMRA,2019-09-24,25.36,25.4136,24.32,24.64,-0.8104,-3.18%,3237
BMRA,2019-09-25,25.12,26.32,24.56,24.56,-0.08,-0.32%,2700
BMRA,2019-09-26,25,25.6,24.56,25.2896,0.7296,+2.97%,325
BMRA,2019-09-27,24.72,25.44,24.64,24.64,-0.6496,-2.57%,312
BMRA,2019-09-30,25.6,26.0008,24.8136,26,1.36,+5.52%,3387
BMRA,2019-10-01,26.24,26.24,24.304,25.2,-0.8,-3.08%,1662
BMRA,2019-10-02,25.2,25.92,24.4,24.4,-0.8,-3.17%,1187
BMRA,2019-10-03,25.04,25.6,24.56,24.56,0.16,+0.66%,937
BMRA,2019-10-04,25.36,25.7928,24.4,25.6,1.04,+4.23%,3050
BMRA,2019-10-07,25.6,26,25.2,25.2,-0.4,-1.56%,2350
BMRA,2019-10-08,25.2,25.6008,24.48,25.36,0.16,+0.63%,1425
BMRA,2019-10-09,25.36,25.44,24.68,24.8,-0.56,-2.21%,375
BMRA,2019-10-10,25.2144,25.2144,23.2,23.6,-1.2,-4.84%,4212
BMRA,2019-10-11,23.4832,25.1784,23.4832,23.68,0.08,+0.34%,1762
BMRA,2019-10-14,24.72,24.72,23.68,24.08,0.4,+1.69%,925
BMRA,2019-10-15,23.68,24.4,23.68,24.0592,-0.0208,-0.09%,1112
BMRA,2019-10-16,24.48,26.4,24.24,26.4,2.3408,+9.73%,987
BMRA,2019-10-17,25.7808,26.7424,25.04,25.4,-1.,-3.79%,4200
BMRA,2019-10-18,25.1784,26.24,25.1784,25.28,-0.12,-0.47%,1550
BMRA,2019-10-21,25.2,26.288,25.2,25.52,0.24,+0.95%,2412
BMRA,2019-10-22,25.52,25.6,25.28,25.592,0.072,+0.28%,837
BMRA,2019-10-23,25.54,25.6032,25.2,25.2,-0.392,-1.53%,575
BMRA,2019-10-24,25.3456,25.52,24.56,25.1232,-0.0768,-0.30%,1325
BMRA,2019-10-25,24.848,25.84,24.848,25.52,0.3968,+1.58%,587
BMRA,2019-10-28,25.3848,25.68,24.8056,24.88,-0.64,-2.51%,1012
BMRA,2019-10-29,24.48,24.72,24,24.16,-0.72,-2.89%,2462
BMRA,2019-10-30,24.24,24.72,24.16,24.64,0.48,+1.99%,1062
BMRA,2019-10-31,24.72,25.1288,24.44,24.88,0.24,+0.97%,5637
BMRA,2019-11-01,25.12,25.12,24.56,24.8,-0.08,-0.32%,2787
BMRA,2019-11-04,24.8,25.0376,24.48,24.48,-0.32,-1.29%,5850
BMRA,2019-11-05,24.6432,24.6432,24.48,24.56,0.08,+0.33%,1562
BMRA,2019-11-06,24.56,24.9504,24.2544,24.72,0.16,+0.65%,1862
BMRA,2019-11-07,24.8,24.96,23.6,23.6,-1.12,-4.53%,4612
BMRA,2019-11-08,24.16,24.8,24.08,24.24,0.64,+2.71%,5450
BMRA,2019-11-11,24.48,24.56,23.36,24.48,0.24,+0.99%,1525
BMRA,2019-11-12,22.7696,24.3048,22.7696,24.24,-0.24,-0.98%,1100
BMRA,2019-11-13,24.3632,24.3632,24.3632,24.3632,0.1232,+0.51%,50
BMRA,2019-11-14,23.5888,24.24,22.6408,24.24,-0.1232,-0.51%,337
BMRA,2019-11-15,23.5648,23.76,23.3808,23.76,-0.48,-1.98%,737
BMRA,2019-11-18,23.6,23.6,23.2,23.44,-0.32,-1.35%,2050
BMRA,2019-11-19,23.6,24.4,23.52,24.4,0.96,+4.10%,825
BMRA,2019-11-20,24.16,24.32,23.36,23.36,-1.04,-4.26%,762
BMRA,2019-11-21,23.76,24.7408,23.2,23.2,-0.16,-0.68%,675
BMRA,2019-11-22,24.368,24.368,23.6,23.92,0.72,+3.10%,200
BMRA,2019-11-25,24.24,24.6,23.7616,23.7616,-0.1584,-0.66%,2287
BMRA,2019-11-26,23.904,24.112,23.904,24.112,0.3504,+1.47%,262
BMRA,2019-11-27,24.24,24.4,24,24.16,0.048,+0.20%,1737
BMRA,2019-11-29,24.3632,24.56,24.112,24.16,0,0.00%,1625
BMRA,2019-12-02,23.9792,24.132,23.6,23.9968,-0.1632,-0.68%,950
BMRA,2019-12-03,23.6,24.24,23.6,24.24,0.2432,+1.01%,150
BMRA,2019-12-04,23.8792,24.288,23.6,23.6,-0.64,-2.64%,300
BMRA,2019-12-05,23.84,24.08,23.6,23.6,0,0.00%,250
BMRA,2019-12-06,22.8808,23.4408,22.8,22.8,-0.8,-3.39%,312
BMRA,2019-12-09,22.88,23.12,22.08,22.44,-0.36,-1.58%,2487
BMRA,2019-12-10,22,22,21.2,21.384,-1.056,-4.71%,3237
BMRA,2019-12-11,21.2,22.28,21.2,21.44,0.056,+0.26%,1987
BMRA,2019-12-12,21.44,22.14,21.36,21.36,-0.08,-0.37%,1437
BMRA,2019-12-13,21.696,22.2,21.2912,21.44,0.08,+0.37%,3612
BMRA,2019-12-16,21.92,22.4,21.64,21.9976,0.5576,+2.60%,1650
BMRA,2019-12-17,23.4896,23.4896,21.6,21.6,-0.3976,-1.81%,862
BMRA,2019-12-18,22.32,23.6,22,22,0.4,+1.85%,1587
BMRA,2019-12-19,22.4,23.1064,22.4,22.48,0.48,+2.18%,200
BMRA,2019-12-20,23.04,24,22.64,24,1.52,+6.76%,2550
BMRA,2019-12-23,23.52,24,22.8864,23.28,-0.72,-3.00%,2625
BMRA,2019-12-24,23.3464,23.92,23.3464,23.92,0.64,+2.75%,325
BMRA,2019-12-26,24.08,24.08,23.76,23.76,-0.16,-0.67%,262
BMRA,2019-12-27,23.36,23.5904,21.6,21.6,-2.16,-9.09%,1387
BMRA,2019-12-30,22.48,22.96,22.48,22.96,1.36,+6.30%,525
BMRA,2019-12-31,23.3168,24.56,23.3168,24.192,1.232,+5.37%,2500
BMRA,2020-01-02,23.52,23.6,22.96,23.28,-0.912,-3.77%,837
BMRA,2020-01-03,23.36,23.4184,22.48,22.48,-0.8,-3.44%,1850
BMRA,2020-01-06,23.04,24.48,22.952,23.8296,1.3496,+6.00%,5637
BMRA,2020-01-07,24.32,25.2,23.8808,24.4,0.5704,+2.39%,7175
BMRA,2020-01-08,24.1544,24.2424,23.6,23.88,-0.52,-2.13%,600
BMRA,2020-01-09,24.32,24.88,24.32,24.56,0.68,+2.85%,3875
BMRA,2020-01-10,24.8,25.52,23.6,23.92,-0.64,-2.61%,10350
BMRA,2020-01-13,23.84,24.8792,23.76,24.5592,0.6392,+2.67%,6637
BMRA,2020-01-14,23.84,24.56,23.84,23.92,-0.6392,-2.60%,4362
BMRA,2020-01-15,24.32,27.2,21.68,22.64,-1.28,-5.35%,29812
BMRA,2020-01-16,23.0912,23.7512,23.0912,23.6,0.96,+4.24%,4475
BMRA,2020-01-17,23.6,24.0888,23.4392,23.76,0.16,+0.68%,2100
BMRA,2020-01-21,23.92,24.3192,23.2832,23.92,0.16,+0.67%,1875
BMRA,2020-01-22,23.76,24.2184,23.76,24.16,0.24,+1.00%,975
BMRA,2020-01-23,24.32,24.4,23.84,24.1176,-0.0424,-0.18%,6950
BMRA,2020-01-24,24.4,24.4,24,24.08,-0.0376,-0.16%,1750
BMRA,2020-01-27,24.08,24.4,23.88,24.16,0.08,+0.33%,1812
BMRA,2020-01-28,24,24.4,24,24.2408,0.0808,+0.33%,2037
BMRA,2020-01-29,24.3616,24.3616,24.264,24.264,0.0232,+0.10%,112
BMRA,2020-01-30,24.32,24.3984,24.32,24.3984,0.1344,+0.55%,150
BMRA,2020-01-31,24.56,24.56,24.32,24.4,0.0016,+0.01%,675
BMRA,2020-02-03,24.4,24.568,24.4,24.4,0,0.00%,775
BMRA,2020-02-04,24.8,24.8,24.4,24.44,0.04,+0.16%,562
BMRA,2020-02-05,24.48,25.12,24.48,24.8,0.36,+1.47%,2450
BMRA,2020-02-06,24.4072,24.88,24.3664,24.56,-0.24,-0.97%,1037
BMRA,2020-02-07,24.4,24.7992,24.4,24.5624,0.0024,+0.01%,487
BMRA,2020-02-10,24.64,25.04,24.56,24.56,-0.0024,-0.01%,1937
BMRA,2020-02-11,24.4,25.0392,24.4,24.48,-0.08,-0.33%,925
BMRA,2020-02-12,24.56,24.688,24.5272,24.68,0.2,+0.82%,612
BMRA,2020-02-13,24.64,24.64,21.52,22.16,-2.52,-10.21%,19712
BMRA,2020-02-14,22.8,22.88,22.4,22.56,0.4,+1.81%,2325
BMRA,2020-02-18,22.6248,22.6248,22.28,22.4792,-0.0808,-0.36%,912
BMRA,2020-02-19,22.4,23.012,22,22.56,0.0808,+0.36%,3587
BMRA,2020-02-20,22.3928,22.3928,21.6,21.6,-0.96,-4.26%,1537
BMRA,2020-02-21,22.0208,22.08,21.7104,22.0792,0.4792,+2.22%,1412
BMRA,2020-02-24,21.68,22.08,21.68,21.9192,-0.16,-0.72%,1700
BMRA,2020-02-25,21.68,22.288,21.68,21.9776,0.0584,+0.27%,850
BMRA,2020-02-26,22.24,22.3168,21.76,21.84,-0.1376,-0.63%,1362
BMRA,2020-02-27,22,23.592,21.68,22.24,0.4,+1.83%,7200
BMRA,2020-02-28,23.4216,24.4296,22.4352,22.4352,0.1952,+0.88%,55137
BMRA,2020-03-02,23.728,24.8,23.392,24.16,1.7248,+7.69%,11762
BMRA,2020-03-03,23.164,23.76,23.04,23.3648,-0.7952,-3.29%,987
BMRA,2020-03-04,23.28,24.72,23.2,24.48,1.1152,+4.77%,3587
BMRA,2020-03-05,24.48,26.88,24.48,26.4872,2.0072,+8.20%,3825
BMRA,2020-03-06,26.56,28.0008,25.4728,25.92,-0.5672,-2.14%,13300
BMRA,2020-03-09,24.88,25.04,24.24,24.4,-1.52,-5.86%,4675
BMRA,2020-03-10,23.12,24.72,21.84,22.64,-1.76,-7.21%,5200
BMRA,2020-03-11,22.48,24.5864,22.16,23.04,0.4,+1.77%,3500
BMRA,2020-03-12,23.52,23.748,20.24,20.32,-2.72,-11.81%,7800
BMRA,2020-03-13,22.24,22.24,20.24,20.4,0.08,+0.39%,4962
BMRA,2020-03-16,20.8,20.904,18.0296,19.36,-1.04,-5.10%,900
BMRA,2020-03-17,16.48,21.0392,16.4,18.96,-0.4,-2.07%,1550
BMRA,2020-03-18,50.24,87.2,44.08,82.4,63.44,+334.60%,4223475
BMRA,2020-03-19,158.4,187.12,108.8,128,45.6,+55.34%,2480937
BMRA,2020-03-20,84.88,88,56,57.2,-70.8,-55.31%,850612
BMRA,2020-03-23,50.08,81.6,48.08,70.4,13.2,+23.08%,813000
BMRA,2020-03-24,68.72,68.8,52.2424,58.16,-12.24,-17.39%,234337
BMRA,2020-03-25,62.56,66.4,54.88,55.6,-2.56,-4.40%,173387
BMRA,2020-03-26,57.44,57.92,48.24,52.64,-2.96,-5.32%,181862
BMRA,2020-03-27,52,59.6,51.2,55.68,3.04,+5.78%,162350
BMRA,2020-03-30,60.8,64,55.2,57.6,1.92,+3.45%,172237
BMRA,2020-03-31,57.6,58.3984,54,57.2,-0.4,-0.69%,90800
BMRA,2020-04-01,57.2,57.8,53.92,56,-1.2,-2.10%,64225
BMRA,2020-04-02,70.48,73.2,56.4,56.56,0.56,+1.00%,675637
BMRA,2020-04-03,56,57.84,50.4,52.8,-3.76,-6.65%,133375
BMRA,2020-04-06,55.28,59.84,53.2,55.52,2.72,+5.15%,132475
BMRA,2020-04-07,57.44,58.8,55.04,58.32,2.8,+5.04%,96112
BMRA,2020-04-08,57.84,59.52,54.8,57.04,-1.28,-2.19%,84262
BMRA,2020-04-09,57.76,59.84,55.68,59.68,2.64,+4.63%,84012
BMRA,2020-04-13,61.76,75.12,61.6,71.6,11.92,+19.97%,358112
BMRA,2020-04-14,75.2,75.6,64.64,67.36,-4.24,-5.92%,172662
BMRA,2020-04-15,64,72,60.08,65.44,-1.92,-2.85%,168087
BMRA,2020-04-16,68,91.76,65.04,71.12,5.68,+8.68%,610962
BMRA,2020-04-17,70.64,71.68,64.08,65.52,-5.6,-7.87%,160325
BMRA,2020-04-20,65.2,65.628,58.8,64.72,-0.8,-1.22%,122899
BMRA,2020-04-21,63.12,66.16,62.32,64.4,-0.32,-0.49%,59537
BMRA,2020-04-22,62.8,63.2816,60.48,62.64,-1.76,-2.73%,70212
BMRA,2020-04-23,62.4,64.8,59.36,62.64,0,0.00%,96137
BMRA,2020-04-24,63.12,65.8,61.12,64.72,2.08,+3.32%,84612
BMRA,2020-04-27,64.96,68.72,60.96,62.8,-1.92,-2.97%,93575
BMRA,2020-04-28,62.08,64.32,59.2,62.48,-0.32,-0.51%,74262
BMRA,2020-04-29,62.16,62.8,60.1616,60.8,-1.68,-2.69%,63637
BMRA,2020-04-30,60,62.24,58.4,60.08,-0.72,-1.18%,51887
BMRA,2020-05-01,59.04,59.5856,56.4,58.56,-1.52,-2.53%,39300
BMRA,2020-05-04,57.28,57.8544,54.48,55.68,-2.88,-4.92%,83187
BMRA,2020-05-05,56.72,57.44,54.64,54.64,-1.04,-1.87%,50475
BMRA,2020-05-06,54.48,54.8,51.68,52.4,-2.24,-4.10%,34662
BMRA,2020-05-07,65.76,66.4,58.72,59.68,7.28,+13.89%,523262
BMRA,2020-05-08,57.28,60.32,55.6,57.6,-2.08,-3.49%,75025
BMRA,2020-05-11,57.52,59.92,56.8,59.28,1.68,+2.92%,54537
BMRA,2020-05-12,59.04,62.4,57.76,61.76,2.48,+4.18%,72150
BMRA,2020-05-13,62.32,62.88,55.5568,56.64,-5.12,-8.29%,59875
BMRA,2020-05-14,56.16,61.44,56,60.56,3.92,+6.92%,45175
BMRA,2020-05-15,60.56,60.56,57.28,59.2,-1.36,-2.25%,33725
BMRA,2020-05-18,59.44,59.76,56.8,58.96,-0.24,-0.41%,54362
BMRA,2020-05-19,58.96,59.36,57.28,58.56,-0.4,-0.68%,29562
BMRA,2020-05-20,57.68,58.48,54.4,55.68,-2.88,-4.92%,74125
BMRA,2020-05-21,55.04,55.52,53.6,54.72,-0.96,-1.72%,25600
BMRA,2020-05-22,54.4,54.4,52,53.04,-1.68,-3.07%,32112
BMRA,2020-05-26,53.04,53.36,51.2,52.88,-0.16,-0.30%,42162
BMRA,2020-05-27,52.16,53.6,50.4872,52.96,0.08,+0.15%,35225
BMRA,2020-05-28,52.4,52.8,51.6,51.84,-1.12,-2.11%,15762
BMRA,2020-05-29,51.68,52.16,50.7208,51.76,-0.08,-0.15%,12250
BMRA,2020-06-01,51.84,52.4,50.62,50.8,-0.96,-1.85%,27250
BMRA,2020-06-02,50.72,51.12,48.8,49.84,-0.96,-1.89%,27787
BMRA,2020-06-03,49.44,50.2392,46.648,48.4,-1.44,-2.89%,30612
BMRA,2020-06-04,48.08,48.08,42.8,43.44,-4.96,-10.25%,75525
BMRA,2020-06-05,43.2,45.76,42.8,42.8,-0.64,-1.47%,40325
BMRA,2020-06-08,42.56,44.8,39.44,41.36,-1.44,-3.36%,76150
BMRA,2020-06-09,41.44,50.76,41.28,49.04,7.68,+18.57%,179175
BMRA,2020-06-10,50,51,45.12,46.16,-2.88,-5.87%,41700
BMRA,2020-06-11,44.4,45.6,40.8,42.56,-3.6,-7.80%,35537
BMRA,2020-06-12,42,43.92,41.52,42.8,0.24,+0.56%,24987
BMRA,2020-06-15,43.84,46.0688,43.36,43.68,0.88,+2.06%,37412
BMRA,2020-06-16,49.52,53.68,46.96,48.56,4.88,+11.17%,295600
BMRA,2020-06-17,47.68,48.4,46.24,46.72,-1.84,-3.79%,42725
BMRA,2020-06-18,46.24,47.36,45.12,45.2,-1.52,-3.25%,41600
BMRA,2020-06-19,45.6,50.5,45.44,48.48,3.28,+7.26%,48412
BMRA,2020-06-22,51.6,67.56,49.36,58.72,10.24,+21.12%,907725
BMRA,2020-06-23,57.84,57.84,52.64,55.12,-3.6,-6.13%,148662
BMRA,2020-06-24,53.92,62.52,52.8,60.64,5.52,+10.01%,130200
BMRA,2020-06-25,61.6,67.12,60.48,61.36,0.72,+1.19%,174150
BMRA,2020-06-26,64,64.4272,57.12,58.96,-2.4,-3.91%,90287
BMRA,2020-06-29,58.88,61.12,56.88,59.92,0.96,+1.63%,55162
BMRA,2020-06-30,59.28,60,56.8,58,-1.92,-3.20%,37950
BMRA,2020-07-01,57.36,65.6,56.88,65.2,7.2,+12.41%,183075
BMRA,2020-07-02,66.56,71.2,65.76,67.04,1.84,+2.82%,131000
BMRA,2020-07-06,66.4,66.4,61.36,62.4,-4.64,-6.92%,70737
BMRA,2020-07-07,61.04,65.76,60.48,64.32,1.92,+3.08%,54937
BMRA,2020-07-08,64.4,67.5208,64.4,66.16,1.84,+2.86%,59362
BMRA,2020-07-09,66.96,69.68,63.68,69.52,3.36,+5.08%,60212
BMRA,2020-07-10,68.88,71.44,66.8816,71.36,1.84,+2.65%,55862
BMRA,2020-07-13,72,75.52,69.36,69.6,-1.76,-2.47%,91787
BMRA,2020-07-14,68.64,71.84,66.88,69.6,0,0.00%,50900
BMRA,2020-07-15,69.84,77.6,69.36,76.48,6.88,+9.89%,95100
BMRA,2020-07-16,79.2,93.6,79.2,90.48,14,+18.31%,444887
BMRA,2020-07-17,87.12,90,83.2,87.68,-2.8,-3.09%,104550
BMRA,2020-07-20,87.68,101.76,87.68,96.32,8.64,+9.85%,172750
BMRA,2020-07-21,100.48,102,64.8,72.88,-23.44,-24.34%,643600
BMRA,2020-07-22,80.08,87.2,74.4,81.84,8.96,+12.29%,241612
BMRA,2020-07-23,80.24,82.48,74.16,76.08,-5.76,-7.04%,86700
BMRA,2020-07-24,76.08,77.92,73.04,75.76,-0.32,-0.42%,61150
BMRA,2020-07-27,76,76,69.232,73.12,-2.64,-3.48%,96200
BMRA,2020-07-28,72,74,69.36,69.36,-3.76,-5.14%,57525
BMRA,2020-07-29,69.6,72.48,66.4,71.36,2,+2.88%,72125
BMRA,2020-07-30,70.4,76.24,69.9208,74.72,3.36,+4.71%,49312
BMRA,2020-07-31,75.6,78.64,72.48,72.88,-1.84,-2.46%,70037
BMRA,2020-08-03,73.12,76.16,71.52,74,1.12,+1.54%,47512
BMRA,2020-08-04,73.44,74.4,71.68,71.84,-2.16,-2.92%,70875
BMRA,2020-08-05,72.72,73.6,70.72,70.88,-0.96,-1.34%,51300
BMRA,2020-08-06,70.4,72.2392,68.64,70.96,0.08,+0.11%,41750
BMRA,2020-08-07,70.96,72.24,69.04,70.48,-0.48,-0.68%,32162
BMRA,2020-08-10,70.8,71.36,67.12,67.6,-2.88,-4.09%,56612
BMRA,2020-08-11,68.24,69.44,65.28,68.56,0.96,+1.42%,47487
BMRA,2020-08-12,73.52,77.92,71.28,72.96,4.4,+6.42%,412800
BMRA,2020-08-13,72,72.56,67.6,67.84,-5.12,-7.02%,74025
BMRA,2020-08-14,66.96,67.84,63.92,65.76,-2.08,-3.07%,62837
BMRA,2020-08-17,65.52,65.52,60.08,60.08,-5.68,-8.64%,69812
BMRA,2020-08-18,59.68,64.672,58.56,63.52,3.44,+5.73%,38587
BMRA,2020-08-19,63.76,64.48,60.56,62.24,-1.28,-2.02%,30262
BMRA,2020-08-20,61.36,62.9608,60.88,62.32,0.08,+0.13%,23025
BMRA,2020-08-21,62.32,63.36,60.88,61.76,-0.56,-0.90%,42675
BMRA,2020-08-24,61.44,62.56,57.68,58.88,-2.88,-4.66%,33987
BMRA,2020-08-25,58.72,59.4376,56.88,59.04,0.16,+0.27%,25600
BMRA,2020-08-26,58.56,62.8,58.4,61.12,2.08,+3.52%,33462
BMRA,2020-08-27,58.4,60.96,57.44,59.76,-1.36,-2.23%,44787
BMRA,2020-08-28,59.12,60.4,57.2,58.96,-0.8,-1.34%,33050
BMRA,2020-08-31,58,59.72,56.56,58.08,-0.88,-1.49%,34825
BMRA,2020-09-01,54.16,56.556,51.76,53.56,-4.52,-7.78%,44537
BMRA,2020-09-02,52.8,54,51.12,51.6,-1.96,-3.66%,44212
BMRA,2020-09-03,50.96,51.2,46.16,46.88,-4.72,-9.15%,42887
BMRA,2020-09-04,47.36,56.76,44,55.12,8.24,+17.58%,72850
BMRA,2020-09-08,53.52,54.3992,51.44,51.6,-3.52,-6.39%,23762
BMRA,2020-09-09,51.84,54.56,51.68,54.32,2.72,+5.27%,15125
BMRA,2020-09-10,54.16,56.216,53.24,54.16,-0.16,-0.29%,29837
BMRA,2020-09-11,54.64,55.44,52.16,53.04,-1.12,-2.07%,22512
BMRA,2020-09-14,52.88,55.12,51.6,54.08,1.04,+1.96%,15887
BMRA,2020-09-15,54.08,56.4,52.56,55.44,1.36,+2.51%,24175
BMRA,2020-09-16,55.44,57.0528,54.56,56.32,0.88,+1.59%,18737
BMRA,2020-09-17,56.16,57.56,55.12,56.72,0.4,+0.71%,12837
BMRA,2020-09-18,56.72,61.92,56.72,60.48,3.76,+6.63%,42362
BMRA,2020-09-21,58.88,60,55.52,57.52,-2.96,-4.89%,20100
BMRA,2020-09-22,57.44,57.44,54.88,55.2,-2.32,-4.03%,13175
BMRA,2020-09-23,56,56.36,52.08,52.64,-2.56,-4.64%,15137
BMRA,2020-09-24,52.4,53.2,51.28,53.12,0.48,+0.91%,10862
BMRA,2020-09-25,52.96,56.8,52.64,56.8,3.68,+6.93%,10837
BMRA,2020-09-28,58,58,55.0936,56.24,-0.56,-0.99%,11137
BMRA,2020-09-29,55.84,58,54.64,57.36,1.12,+1.99%,10400
BMRA,2020-09-30,57.28,57.28,55.44,55.44,-1.92,-3.35%,10287
BMRA,2020-10-01,55.44,56,54.08,55.76,0.32,+0.58%,13487
BMRA,2020-10-02,56.08,58.88,54.88,58.8,3.04,+5.45%,17275
BMRA,2020-10-05,58.8,59.2,56,57.04,-1.76,-2.99%,13425
BMRA,2020-10-06,56.96,59.12,56.96,58.8,1.76,+3.09%,20812
BMRA,2020-10-07,59.36,60.4104,59.04,59.92,1.12,+1.90%,12700
BMRA,2020-10-08,60.96,62.72,60.4,62.72,2.8,+4.67%,20687
BMRA,2020-10-09,62.72,63.04,61.2,62.8,0.08,+0.13%,12475
BMRA,2020-10-12,63.04,63.04,60.96,62.16,-0.64,-1.02%,11775
BMRA,2020-10-13,61.6,63.5992,60.8808,62.64,0.48,+0.77%,14512
BMRA,2020-10-14,62.96,63.76,61.2,62.08,-0.56,-0.89%,15462
BMRA,2020-10-15,61.84,61.84,58.16,58.32,-3.76,-6.06%,43425
BMRA,2020-10-16,39.52,49.6,35.28,46.72,-11.6,-19.89%,205112
BMRA,2020-10-19,46.96,47.92,44.08,45.12,-1.6,-3.42%,29562
BMRA,2020-10-20,44.88,45.92,44.16,44.8,-0.32,-0.71%,11925
BMRA,2020-10-21,44.56,44.5936,42.08,44.08,-0.72,-1.61%,19475
BMRA,2020-10-22,44.24,45.9416,43.44,45.28,1.2,+2.72%,8962
BMRA,2020-10-23,45.92,45.92,44.7176,44.88,-0.4,-0.88%,10650
BMRA,2020-10-26,43.84,44.56,43.08,43.68,-1.2,-2.67%,8512
BMRA,2020-10-27,44.32,44.32,42.64,43.28,-0.4,-0.92%,8200
BMRA,2020-10-28,44.88,44.96,42.96,43.2,-0.08,-0.18%,12300
BMRA,2020-10-29,43.2,44.96,42.7352,44.72,1.52,+3.52%,9637
BMRA,2020-10-30,42.4,44.32,42.16,43.68,-1.04,-2.33%,18137
BMRA,2020-11-02,43.68,44.16,42.48,43.6,-0.08,-0.18%,11712
BMRA,2020-11-03,43.28,45.36,43.04,45.28,1.68,+3.85%,9912
BMRA,2020-11-04,45.84,47.44,45.28,46.8,1.52,+3.36%,11387
BMRA,2020-11-05,46.96,47.2,45.7976,47.12,0.32,+0.68%,8300
BMRA,2020-11-06,46.8,48.7992,45.5064,48,0.88,+1.87%,15412
BMRA,2020-11-09,48.4,49.44,46.4,48.64,0.64,+1.33%,23087
BMRA,2020-11-10,50,55.6,48.5768,54.72,6.08,+12.50%,31550
BMRA,2020-11-11,53.76,57.52,53.76,56.88,2.16,+3.95%,21025
BMRA,2020-11-12,57.6,58.4,55.36,56,-0.88,-1.55%,20287
BMRA,2020-11-13,55.68,56.64,51.76,53.76,-2.24,-4.00%,34962
BMRA,2020-11-16,54.16,55.7592,53.6,55.04,1.28,+2.38%,6087
BMRA,2020-11-17,54.48,55.5472,52.72,54.24,-0.8,-1.45%,8375
BMRA,2020-11-18,55.36,55.36,52.8,53.6,-0.64,-1.18%,6437
BMRA,2020-11-19,53.52,54.4,50.8,51.44,-2.16,-4.03%,6700
BMRA,2020-11-20,51.12,55.12,51.12,54.4,2.96,+5.75%,16475
BMRA,2020-11-23,55.04,55.04,53.1584,53.36,-1.04,-1.91%,7587
BMRA,2020-11-24,53.28,53.92,51.36,52.32,-1.04,-1.95%,16975
BMRA,2020-11-25,53.04,53.04,50.4,52,-0.32,-0.61%,12250
BMRA,2020-11-27,52,54.88,50.96,53.92,1.92,+3.69%,8062
BMRA,2020-11-30,54,56.8,53.3608,55.6,1.68,+3.12%,12950
BMRA,2020-12-01,56.16,56.16,52.08,52.4,-3.2,-5.76%,10750
BMRA,2020-12-02,52,54.88,52,54.32,1.92,+3.66%,5837
BMRA,2020-12-03,54.24,55.2,52.72,53.44,-0.88,-1.62%,5987
BMRA,2020-12-04,52.96,55.6,52.96,54.32,0.88,+1.65%,12887
BMRA,2020-12-07,54.88,58.4,54.32,58,3.68,+6.77%,14412
BMRA,2020-12-08,57.52,57.5992,53.4672,54.08,-3.92,-6.76%,14762
BMRA,2020-12-09,54.08,54.5736,50.8,50.96,-3.12,-5.77%,11737
BMRA,2020-12-10,50.4,52,50.4,50.88,-0.08,-0.16%,7662
BMRA,2020-12-11,50.4,50.88,48.28,49.2,-1.68,-3.30%,6875
BMRA,2020-12-14,49.92,50.88,45.608,45.68,-3.52,-7.15%,15125
BMRA,2020-12-15,46.32,46.72,45.0416,45.84,0.16,+0.35%,20350
BMRA,2020-12-16,46.08,46.72,43.68,44.32,-1.52,-3.32%,13825
BMRA,2020-12-17,44.08,45.28,44.08,44.72,0.4,+0.90%,14500
BMRA,2020-12-18,45.04,45.04,43.04,43.04,-1.68,-3.76%,12950
BMRA,2020-12-21,42.4,43.6192,40.96,41.04,-2.,-4.65%,13800
BMRA,2020-12-22,41.52,41.84,38.56,39.36,-1.68,-4.09%,20037
BMRA,2020-12-23,39.68,41.52,39.68,41.2,1.84,+4.67%,19200
BMRA,2020-12-24,41.52,41.92,39.6008,39.76,-1.44,-3.50%,13087
BMRA,2020-12-28,40,40.76,36.8,37.68,-2.08,-5.23%,31350
BMRA,2020-12-29,37.6,40.16,37.6,39.52,1.84,+4.88%,24625
BMRA,2020-12-30,39.12,40,37.68,39.04,-0.48,-1.21%,21812
BMRA,2020-12-31,38.56,40.4,38.48,39.84,0.8,+2.05%,37487
BMRA,2021-01-04,40,40.72,39.6,40.48,0.64,+1.61%,21037
BMRA,2021-01-05,40.32,41.84,40.08,40.72,0.24,+0.59%,12812
BMRA,2021-01-06,40.56,43.84,40.24,41.12,0.4,+0.98%,21187
BMRA,2021-01-07,42.4,43.76,41.8,43.76,2.64,+6.42%,14562
BMRA,2021-01-08,43.76,43.8424,41.92,42.64,-1.12,-2.56%,13450
BMRA,2021-01-11,42.24,42.56,40.08,41.12,-1.52,-3.56%,13487
BMRA,2021-01-12,52.32,62.32,49.12,52.32,11.2,+27.24%,1614650
BMRA,2021-01-13,52.32,52.4,46.88,50.16,-2.16,-4.13%,131937
BMRA,2021-01-14,49.52,50.16,46.08,48.48,-1.68,-3.35%,55900
BMRA,2021-01-15,48.8,48.88,44.56,45.6,-2.88,-5.94%,52600
BMRA,2021-01-19,45.76,49.52,45.76,48.72,3.12,+6.84%,45575
BMRA,2021-01-20,48.8,49.92,47.6008,49.28,0.56,+1.15%,20662
BMRA,2021-01-21,48.4,51.92,48.4,49.6,0.32,+0.65%,46437
BMRA,2021-01-22,49.76,56.64,49.76,55.84,6.24,+12.58%,95975
BMRA,2021-01-25,58.32,61.6,54.4,60,4.16,+7.45%,99200
BMRA,2021-01-26,61.28,61.52,56.08,58.24,-1.76,-2.93%,50212
BMRA,2021-01-27,57.44,61.2,56.08,56.96,-1.28,-2.20%,51950
BMRA,2021-01-28,56.64,56.8,50.8,53.76,-3.2,-5.62%,44812
BMRA,2021-01-29,53.76,56.72,53.28,54.4,0.64,+1.19%,20425
BMRA,2021-02-01,54.32,55.76,53.2,54,-0.4,-0.74%,10975
BMRA,2021-02-02,55.12,57.2,54.04,55.52,1.52,+2.81%,23637
BMRA,2021-02-03,56.56,59.76,55.1792,58.96,3.44,+6.20%,28662
BMRA,2021-02-04,59.2,60,56.96,58.48,-0.48,-0.81%,13300
BMRA,2021-02-05,58.32,61.6672,57.68,61.04,2.56,+4.38%,28550
BMRA,2021-02-08,61.04,63.04,59.6,62.4,1.36,+2.23%,25787
BMRA,2021-02-09,62.48,63.44,61.44,62.24,-0.16,-0.26%,19575
BMRA,2021-02-10,61.68,64.72,59.2,64,1.76,+2.83%,34675
BMRA,2021-02-11,64.88,65.2,60.8,60.8,-3.2,-5.00%,19475
BMRA,2021-02-12,61.6,64.32,60.8808,62.88,2.08,+3.42%,15537
BMRA,2021-02-16,64.56,64.56,61.36,62.64,-0.24,-0.38%,21000
BMRA,2021-02-17,62.56,62.56,58.4,60.24,-2.4,-3.83%,15987
BMRA,2021-02-18,58.96,59.9992,57.52,58.56,-1.68,-2.79%,12275
BMRA,2021-02-19,58.8,60.24,54.72,55.76,-2.8,-4.78%,20212
BMRA,2021-02-22,55.7568,57.8,52.96,53.52,-2.24,-4.02%,19562
BMRA,2021-02-23,52.72,52.88,48.96,51.04,-2.48,-4.63%,26550
BMRA,2021-02-24,51.44,52.88,50.88,51.84,0.8,+1.57%,9325
BMRA,2021-02-25,52.96,53.44,49.6,50.16,-1.68,-3.24%,5937
BMRA,2021-02-26,49.92,51.52,47.68,49.04,-1.12,-2.23%,11025
BMRA,2021-03-01,50.24,53.68,49.9056,50.32,1.28,+2.61%,14337
BMRA,2021-03-02,50.72,51.92,49.0544,49.52,-0.8,-1.59%,6337
BMRA,2021-03-03,48.88,49.92,47.2,47.28,-2.24,-4.52%,12162
BMRA,2021-03-04,47.44,48.32,44.8504,46.72,-0.56,-1.18%,13237
BMRA,2021-03-05,46.32,46.32,41.4448,44,-2.72,-5.82%,17987
BMRA,2021-03-08,43.76,45.92,43.68,44.24,0.24,+0.55%,6687
BMRA,2021-03-09,44.8,47.52,44.0008,47.12,2.88,+6.51%,9375
BMRA,2021-03-10,47.6,50.32,47.6,48.8,1.68,+3.57%,9475
BMRA,2021-03-11,49.68,50.96,47.84,48.96,0.16,+0.33%,10637
BMRA,2021-03-12,48.96,49.92,47.76,48.16,-0.8,-1.63%,8875
BMRA,2021-03-15,48,49.2,47.76,48.08,-0.08,-0.17%,4325
BMRA,2021-03-16,48.96,53.12,47.2,51.36,3.28,+6.82%,15100
BMRA,2021-03-17,50.8,52.4,49.6,51.68,0.32,+0.62%,7412
BMRA,2021-03-18,51.6,52.08,49.68,50.32,-1.36,-2.63%,4225
BMRA,2021-03-19,50.16,54.24,50.08,54.08,3.76,+7.47%,13212
BMRA,2021-03-22,53.52,53.52,50.8,51.2,-2.88,-5.33%,5437
BMRA,2021-03-23,51.12,54.08,50,50.88,-0.32,-0.63%,7925
BMRA,2021-03-24,51.44,51.6,46.8008,47.2,-3.68,-7.23%,6462
BMRA,2021-03-25,47.52,49.44,46.08,46.64,-0.56,-1.19%,13612
BMRA,2021-03-26,46.8,46.8272,44.16,44.48,-2.16,-4.63%,9575
BMRA,2021-03-29,44.8,44.8,42.96,43.12,-1.36,-3.06%,4712
BMRA,2021-03-30,42.96,43.44,41.4,41.92,-1.2,-2.78%,6850
BMRA,2021-03-31,41.92,44.32,41.92,43.68,1.76,+4.20%,5162
BMRA,2021-04-01,44.24,47.92,44.16,47.16,3.48,+7.97%,6700
BMRA,2021-04-05,47.84,56.4,44.4,45.4,-1.76,-3.73%,170737
BMRA,2021-04-06,46.16,46.16,44,44.72,-0.68,-1.50%,22475
BMRA,2021-04-07,44.16,44.48,42.4,42.72,-2.,-4.47%,11925
BMRA,2021-04-08,43.92,43.92,41.68,42.56,-0.16,-0.37%,12675
BMRA,2021-04-09,42.88,43.2992,41.6,42.96,0.4,+0.94%,6525
BMRA,2021-04-12,43.52,43.52,40.4,41.12,-1.84,-4.28%,16775
BMRA,2021-04-13,41.84,42,38.64,39.68,-1.44,-3.50%,14275
BMRA,2021-04-14,39.6,41.68,39.6,40.88,1.2,+3.02%,8375
BMRA,2021-04-15,40.4,43.488,37.44,38.08,-2.8,-6.85%,63475
BMRA,2021-04-16,37.6,38.96,37.44,37.92,-0.16,-0.42%,12712
BMRA,2021-04-19,38,38.784,36.16,37.52,-0.4,-1.05%,21887
BMRA,2021-04-20,37.52,37.52,34.24,34.24,-3.28,-8.74%,18275
BMRA,2021-04-21,34.72,36,34.72,35.2,0.96,+2.80%,16225
BMRA,2021-04-22,35.04,35.6,34,34.24,-0.96,-2.73%,23075
BMRA,2021-04-23,34.4,35.76,33.76,35.2,0.96,+2.80%,13662
BMRA,2021-04-26,35.84,38.96,34.808,38.08,2.88,+8.18%,25562
BMRA,2021-04-27,38.4,38.8,36.56,37.44,-0.64,-1.68%,9412
BMRA,2021-04-28,36.8,39.9992,36.8,38.16,0.72,+1.92%,9675
BMRA,2021-04-29,38.16,38.64,37.28,37.6,-0.56,-1.47%,5912
BMRA,2021-04-30,37.28,38.72,37.28,37.28,-0.32,-0.85%,7150
BMRA,2021-05-03,37.04,39.44,36.96,37.52,0.24,+0.64%,9162
BMRA,2021-05-04,36.8,36.8,35.04,35.44,-2.08,-5.54%,7350
BMRA,2021-05-05,36,37.2,35.52,36.16,0.72,+2.03%,5575
BMRA,2021-05-06,36.16,36.16,33.6,34.72,-1.44,-3.98%,15075
BMRA,2021-05-07,34.88,35.92,34.56,35.2,0.48,+1.38%,2300
BMRA,2021-05-10,34.64,34.64,32.88,32.96,-2.24,-6.36%,9987
BMRA,2021-05-11,36.72,37.2,26.4,27.28,-5.68,-17.23%,664700
BMRA,2021-05-12,31.68,33.36,29.28,30.24,2.96,+10.85%,492162
BMRA,2021-05-13,30.48,31.0352,26.6408,28.8,-1.44,-4.76%,65625
BMRA,2021-05-14,28.4,29.2,28,28.4,-0.4,-1.39%,15225
BMRA,2021-05-17,27.68,27.84,26.96,27.44,-0.96,-3.38%,20850
BMRA,2021-05-18,27.28,29.76,27.28,28.88,1.44,+5.25%,19050
BMRA,2021-05-19,28.08,29.6,27.44,29.36,0.48,+1.66%,9662
BMRA,2021-05-20,28.88,29.36,28.56,29.2,-0.16,-0.54%,9400
BMRA,2021-05-21,29.36,30.56,28.48,30.08,0.88,+3.01%,14837
BMRA,2021-05-24,30.48,30.48,28.08,28.8,-1.28,-4.26%,11500
BMRA,2021-05-25,28.48,28.6328,27.68,27.68,-1.12,-3.89%,6137
BMRA,2021-05-26,28.32,28.32,27.36,28.08,0.4,+1.45%,13412
BMRA,2021-05-27,27.68,29.6408,27.68,29.28,1.2,+4.27%,12900
BMRA,2021-05-28,28.96,29.76,28.8,29.2,-0.08,-0.27%,11712
BMRA,2021-06-01,29.28,29.6,28,29.2,0,0.00%,10612
BMRA,2021-06-02,28.64,29.68,28,28.16,-1.04,-3.56%,16262
BMRA,2021-06-03,28.56,29.04,28,29.04,0.88,+3.13%,10537
BMRA,2021-06-04,29.04,29.6,28.64,29.52,0.48,+1.65%,16412
BMRA,2021-06-07,29.04,30.72,28.4,29.92,0.4,+1.36%,23862
BMRA,2021-06-08,30.72,31.6936,30,31.36,1.44,+4.81%,18887
BMRA,2021-06-09,31.28,31.8152,30.6184,31.6,0.24,+0.77%,9737
BMRA,2021-06-10,31.2,40.4,30.64,37.04,5.44,+17.22%,218062
BMRA,2021-06-11,36.08,36.24,31.32,32.56,-4.48,-12.10%,67125
BMRA,2021-06-14,32.72,33.52,32.4,32.8,0.24,+0.74%,14800
BMRA,2021-06-15,33.2,34.4,31.76,32.48,-0.32,-0.98%,26412
BMRA,2021-06-16,31.92,32.08,30.4,30.8,-1.68,-5.17%,8162
BMRA,2021-06-17,30.48,31.44,30,30.96,0.16,+0.52%,8362
BMRA,2021-06-18,30.48,32.48,30.4008,31.76,0.8,+2.58%,27137
BMRA,2021-06-21,31.44,32.08,30.96,31.12,-0.64,-2.02%,9825
BMRA,2021-06-22,31.36,31.52,30.8,31.36,0.24,+0.77%,7287
BMRA,2021-06-23,30.96,33.28,30.8,33.12,1.76,+5.61%,16412
BMRA,2021-06-24,33.04,33.6,31.36,32.56,-0.56,-1.69%,28137
BMRA,2021-06-25,31.84,33.2,31.44,31.44,-1.12,-3.44%,15162
BMRA,2021-06-28,31.92,32.72,31.68,32.4,0.96,+3.05%,5137
BMRA,2021-06-29,32.48,33.28,31.92,31.92,-0.48,-1.48%,3587
BMRA,2021-06-30,32,32.88,31.92,32.08,0.16,+0.50%,3762
BMRA,2021-07-01,32.32,34.72,32.2456,33.68,1.6,+4.99%,34525
BMRA,2021-07-02,33.68,33.68,31.2,31.2,-2.48,-7.36%,25250
BMRA,2021-07-06,31.04,31.0976,30,30.56,-0.64,-2.05%,7600
BMRA,2021-07-07,30.72,30.72,28.8,28.88,-1.68,-5.50%,9950
BMRA,2021-07-08,28.4,29.6,28,28.32,-0.56,-1.94%,5087
BMRA,2021-07-09,28.56,30.72,28.56,30,1.68,+5.93%,9112
BMRA,2021-07-12,30.16,30.56,29.44,29.76,-0.24,-0.80%,4475
BMRA,2021-07-13,30.08,30.8,29.6,29.68,-0.08,-0.27%,8950
BMRA,2021-07-14,29.84,30,28.64,28.64,-1.04,-3.50%,5425
BMRA,2021-07-15,28.48,29.12,28,28.48,-0.16,-0.56%,6987
BMRA,2021-07-16,28.64,31.44,28.08,30.24,1.76,+6.18%,23425
BMRA,2021-07-19,29.84,32.56,29.3176,30.88,0.64,+2.12%,34775
BMRA,2021-07-20,30.96,32,30.3512,30.48,-0.4,-1.30%,10712
BMRA,2021-07-21,30.08,36.32,30.08,30.8,0.32,+1.05%,120800
BMRA,2021-07-22,30.56,33.76,28.8,31.28,0.48,+1.56%,91075
BMRA,2021-07-23,30.96,31.44,28.88,29.36,-1.92,-6.14%,26562
BMRA,2021-07-26,30.32,30.48,28.4,28.88,-0.48,-1.63%,17137
BMRA,2021-07-27,28.4,30.24,28.16,28.4,-0.48,-1.66%,27087
BMRA,2021-07-28,28.24,29.12,28,28.64,0.24,+0.85%,11850
BMRA,2021-07-29,29.1808,29.3992,28.56,29.04,0.4,+1.40%,8362
BMRA,2021-07-30,28.64,31.28,28.64,30,0.96,+3.31%,30950
BMRA,2021-08-02,29.28,30.88,29.2,29.6,-0.4,-1.33%,26512
BMRA,2021-08-03,29.36,31.12,29.36,29.52,-0.08,-0.27%,31924
BMRA,2021-08-04,29.6,30.3448,28.64,29.12,-0.4,-1.36%,18350
BMRA,2021-08-05,29.44,33.2,28.88,31.6,2.48,+8.52%,42037
BMRA,2021-08-06,31.6,32.56,30.8328,31.52,-0.08,-0.25%,6400
BMRA,2021-08-09,31.2,32.3992,30.7344,32.24,0.72,+2.28%,12075
BMRA,2021-08-10,32.08,32.4,31.2,31.76,-0.48,-1.49%,7437
BMRA,2021-08-11,32.4,32.4,30.56,32.16,0.4,+1.26%,14887
BMRA,2021-08-12,31.68,33.5376,31.4944,32.96,0.8,+2.49%,9950
BMRA,2021-08-13,33.28,33.28,32,32.48,-0.48,-1.46%,6750
BMRA,2021-08-16,32.08,32.08,30.72,31.2,-1.28,-3.94%,4762
BMRA,2021-08-17,31.04,33.448,30.56,32.64,1.44,+4.62%,19475
BMRA,2021-08-18,33.04,33.04,31.76,32.4,-0.24,-0.74%,3925
BMRA,2021-08-19,31.76,32,30.72,31.68,-0.72,-2.22%,10687
BMRA,2021-08-20,31.52,31.6,30.96,31.36,-0.32,-1.01%,4100
BMRA,2021-08-23,31.04,34.16,31.04,33.92,2.56,+8.16%,12250
BMRA,2021-08-24,34.08,34.1464,33.2,33.84,-0.08,-0.24%,7137
BMRA,2021-08-25,33.92,34.16,33.3608,34.16,0.32,+0.95%,9825
BMRA,2021-08-26,34.4,34.88,33.6,34,-0.16,-0.47%,5387
BMRA,2021-08-27,33.84,34.72,33.6,34.08,0.08,+0.24%,7200
BMRA,2021-08-30,32.88,35.76,32.808,34.88,0.8,+2.35%,15062
BMRA,2021-08-31,35.12,37.92,34.7048,35.84,0.96,+2.75%,14212
BMRA,2021-09-01,35.84,37.5992,35.6,36.8,0.96,+2.68%,4550
BMRA,2021-09-02,36.8,38.32,36.08,36.56,-0.24,-0.65%,7750
BMRA,2021-09-03,36.96,38.32,36.96,37.76,1.2,+3.28%,8987
BMRA,2021-09-07,37.36,37.48,34.944,35.12,-2.64,-6.99%,5175
BMRA,2021-09-08,35.44,35.44,33.6,34.8,-0.32,-0.91%,3575
BMRA,2021-09-09,34.72,37.28,34.72,36.08,1.28,+3.68%,2587
BMRA,2021-09-10,36,36.64,35.68,36.32,0.24,+0.67%,3012
BMRA,2021-09-13,36.72,37.04,34.7976,36.64,0.32,+0.88%,11975
BMRA,2021-09-14,35.2,35.6,32.4,32.64,-4.,-10.92%,10275
BMRA,2021-09-15,32.48,33.68,32.48,32.96,0.32,+0.98%,3075
BMRA,2021-09-16,32.88,34,32.72,33.6,0.64,+1.94%,2712
BMRA,2021-09-17,34,37.28,34,37.2,3.6,+10.71%,17387
BMRA,2021-09-20,36,36.72,34.8,35.04,-2.16,-5.81%,3275
BMRA,2021-09-21,35.12,37.4768,34.88,35.92,0.88,+2.51%,3175
BMRA,2021-09-22,36.16,37.28,34.9488,36.88,0.96,+2.67%,5087
BMRA,2021-09-23,37.28,37.36,36.32,37.04,0.16,+0.43%,2087
BMRA,2021-09-24,36.56,41.36,36.5344,41.04,4,+10.80%,27537
BMRA,2021-09-27,40.8,43.04,38.88,39.84,-1.2,-2.92%,11850
BMRA,2021-09-28,40.08,40.8,38.16,38.32,-1.52,-3.82%,3437
BMRA,2021-09-29,38.08,39.632,37.28,37.28,-1.04,-2.71%,4262
BMRA,2021-09-30,37.76,38.6392,35.68,36,-1.28,-3.43%,3925
BMRA,2021-10-01,50.08,52.8,44.32,49.68,13.68,+38.00%,11912175
BMRA,2021-10-04,48.88,49.36,41.76,45.04,-4.64,-9.34%,467324
BMRA,2021-10-05,45.04,59.04,43.68,47.44,2.4,+5.33%,1888225
BMRA,2021-10-06,45.68,53.6,44.16,52.88,5.44,+11.47%,356737
BMRA,2021-10-07,53.28,56.32,47.2,49.36,-3.52,-6.66%,199787
BMRA,2021-10-08,52,57.12,50,53.68,4.32,+8.75%,234962
BMRA,2021-10-11,51.84,53.28,48.4,49.92,-3.76,-7.00%,66675
BMRA,2021-10-12,48.96,51.6,46.24,47.04,-2.88,-5.77%,90425
BMRA,2021-10-13,47.84,48.24,43.44,48.16,1.12,+2.38%,79700
BMRA,2021-10-14,47.84,49.52,44.88,45.2,-2.96,-6.15%,47025
BMRA,2021-10-15,43.76,46.4,42.08,44.32,-0.88,-1.95%,109837
BMRA,2021-10-18,43.2,45.6,42.4,45.44,1.12,+2.53%,33200
BMRA,2021-10-19,47.84,48.8,42.56,44,-1.44,-3.17%,163287
BMRA,2021-10-20,43.52,43.52,40.08,40.96,-3.04,-6.91%,88112
BMRA,2021-10-21,39.44,42.1592,39.36,41.6,0.64,+1.56%,33512
BMRA,2021-10-22,41.12,41.2,38,38.48,-3.12,-7.50%,50875
BMRA,2021-10-25,38.48,38.8072,34.72,34.88,-3.6,-9.36%,87337
BMRA,2021-10-26,34.96,35.68,34.16,35.2,0.32,+0.92%,27162
BMRA,2021-10-27,35.52,36,34.64,35.84,0.64,+1.82%,22887
BMRA,2021-10-28,36,36.56,35.2,35.6,-0.24,-0.67%,12887
BMRA,2021-10-29,35.28,37.12,35.28,36.72,1.12,+3.15%,17475
BMRA,2021-11-01,36.88,37.92,35.04,35.6,-1.12,-3.05%,22550
BMRA,2021-11-02,35.6,35.68,33.12,34,-1.6,-4.49%,18762
BMRA,2021-11-03,34,36,34,35.92,1.92,+5.65%,14525
BMRA,2021-11-04,35.36,35.7928,34.36,35.28,-0.64,-1.78%,11587
BMRA,2021-11-05,35.68,39.52,34.88,39.44,4.16,+11.79%,49350
BMRA,2021-11-08,41.92,42,36.8296,38.24,-1.2,-3.04%,75862
BMRA,2021-11-09,37.6,37.9192,34.24,34.48,-3.76,-9.83%,22262
BMRA,2021-11-10,35.12,41.0048,35.12,38.24,3.76,+10.90%,61112
BMRA,2021-11-11,38.16,39.36,36,36.72,-1.52,-3.97%,23462
BMRA,2021-11-12,36.48,43.12,36.08,38.16,1.44,+3.92%,144687
BMRA,2021-11-15,38.4,39.4384,36.56,37.6,-0.56,-1.47%,24112
BMRA,2021-11-16,37.12,38.08,35.9208,37.76,0.16,+0.43%,19225
BMRA,2021-11-17,37.6,40.08,37.2,39.76,2,+5.30%,23987
BMRA,2021-11-18,40,40.16,37.76,38.08,-1.68,-4.23%,12062
BMRA,2021-11-19,38.24,40.64,38.2,40.64,2.56,+6.72%,29675
BMRA,2021-11-22,41.52,41.52,38.24,38.72,-1.92,-4.72%,28437
BMRA,2021-11-23,38.16,40.72,37.84,40.08,1.36,+3.51%,18362
BMRA,2021-11-24,40,40.96,38.96,40.56,0.48,+1.20%,15812
BMRA,2021-11-26,38.72,40.4,38.68,39.92,-0.64,-1.58%,9525
BMRA,2021-11-29,40.16,40.16,38.56,38.64,-1.28,-3.21%,7237
BMRA,2021-11-30,38.56,39.52,36.72,38.8,0.16,+0.41%,15375
BMRA,2021-12-01,39.12,39.12,34.32,35.44,-3.36,-8.66%,21550
BMRA,2021-12-02,35.36,36.4144,34.28,35.84,0.4,+1.13%,6437
BMRA,2021-12-03,36.16,36.16,34.16,34.48,-1.36,-3.79%,14637
BMRA,2021-12-06,35.12,35.76,33.44,35.36,0.88,+2.55%,8200
BMRA,2021-12-07,36,37.76,35.216,36.72,1.36,+3.85%,7200
BMRA,2021-12-08,36.76,37.76,35.6904,37.12,0.4,+1.09%,7750
BMRA,2021-12-09,37.12,37.68,35.2,35.68,-1.44,-3.88%,4887
BMRA,2021-12-10,35.28,36.64,34.8728,35.2,-0.48,-1.35%,6025
BMRA,2021-12-13,35.52,35.52,33.36,33.84,-1.36,-3.86%,10462
BMRA,2021-12-14,33.2,34.72,33.2,33.84,0,0.00%,4287
BMRA,2021-12-15,33.92,34.32,32.16,32.48,-1.36,-4.02%,17237
BMRA,2021-12-16,34.24,36.32,29.76,32,-0.48,-1.48%,349025
BMRA,2021-12-17,31.44,34.24,30.56,33.52,1.52,+4.75%,33887
BMRA,2021-12-20,32.32,33.84,31.6808,32.88,-0.64,-1.91%,12587
BMRA,2021-12-21,33.12,36.128,33.12,34.96,2.08,+6.33%,36200
BMRA,2021-12-22,34.48,35.744,34.16,34.96,0,0.00%,6312
BMRA,2021-12-23,35.28,35.672,33.6,33.6,-1.36,-3.89%,21487
BMRA,2021-12-27,33.36,35.12,32.88,33.2,-0.4,-1.19%,16162
BMRA,2021-12-28,33.2,33.72,31.2008,31.44,-1.76,-5.30%,14625
BMRA,2021-12-29,31.84,32.56,30.72,31.52,0.08,+0.25%,13012
BMRA,2021-12-30,31.36,32.68,31.2,31.2,-0.32,-1.02%,9600
BMRA,2021-12-31,31.2,31.8248,30.8,31.12,-0.08,-0.26%,12312
BMRA,2022-01-03,31.84,33.6,30.4,33.28,2.16,+6.94%,6400
BMRA,2022-01-04,33.84,33.9992,32.16,33.2,-0.08,-0.24%,6962
BMRA,2022-01-05,32.96,33.7592,32.08,33.12,-0.08,-0.24%,10275
BMRA,2022-01-06,33.12,35.6,31.2808,34.72,1.6,+4.83%,18875
BMRA,2022-01-07,34.88,35.608,33.2,33.44,-1.28,-3.69%,7237
BMRA,2022-01-10,33.6,35.2,32.44,34.48,1.04,+3.11%,11512
BMRA,2022-01-11,35.36,36.2808,34.4808,36,1.52,+4.41%,8437
BMRA,2022-01-12,35.6,36.32,34.72,36,0,0.00%,16887
BMRA,2022-01-13,34.64,36,32.24,33.28,-2.72,-7.56%,29275
BMRA,2022-01-14,33.04,35.52,33.04,35.12,1.84,+5.53%,12637
BMRA,2022-01-18,34.88,37.04,34.08,36.08,0.96,+2.73%,15175
BMRA,2022-01-19,36.8,37.4616,35.6,36.8,0.72,+2.00%,14237
BMRA,2022-01-20,36.4,37.68,35.28,36.72,-0.08,-0.22%,14412
BMRA,2022-01-21,34.88,36.16,33.4416,34.96,-1.76,-4.79%,19062
BMRA,2022-01-24,33.84,34.56,30.64,33.2,-1.76,-5.03%,18450
BMRA,2022-01-25,32.48,34.24,32.48,34,0.8,+2.41%,4175
BMRA,2022-01-26,33.68,34.3904,31.36,31.6,-2.4,-7.06%,11125
BMRA,2022-01-27,33.12,34.4,30.16,31.68,0.08,+0.25%,19687
BMRA,2022-01-28,31.36,32.484,30.96,31.52,-0.16,-0.51%,11325
BMRA,2022-01-31,31.2,34.4,31.2,34.08,2.56,+8.12%,10300
BMRA,2022-02-01,33.84,34.3512,32.8768,33.92,-0.16,-0.47%,6050
BMRA,2022-02-02,34,34,31.76,32.32,-1.6,-4.72%,7200
BMRA,2022-02-03,31.68,33.6,31.68,32.56,0.24,+0.74%,2387
BMRA,2022-02-04,32.72,33.76,31.8056,33.68,1.12,+3.44%,6075
BMRA,2022-02-07,33.6,34.16,32.8616,34.08,0.4,+1.19%,5112
BMRA,2022-02-08,33.68,34.4,32.4,34,-0.08,-0.23%,21587
BMRA,2022-02-09,33.44,35.04,32.8,34.96,0.96,+2.82%,17525
BMRA,2022-02-10,34.48,35.76,34.08,35.28,0.32,+0.92%,6987
BMRA,2022-02-11,34.64,37.12,34.6216,36.72,1.44,+4.08%,6212
BMRA,2022-02-14,36.48,37.12,34.56,34.64,-2.08,-5.66%,7525
BMRA,2022-02-15,34.56,36.8,34.56,35.52,0.88,+2.54%,6062
BMRA,2022-02-16,35.52,36,34.24,34.96,-0.56,-1.58%,8625
BMRA,2022-02-17,34.88,35.36,34.2232,35.12,0.16,+0.46%,1850
BMRA,2022-02-18,34.96,37.12,34.96,37.12,2,+5.69%,10137
BMRA,2022-02-22,36.4,36.72,33.7416,34,-3.12,-8.41%,7662
BMRA,2022-02-23,34.56,35.28,30.88,31.12,-2.88,-8.47%,20262
BMRA,2022-02-24,30.08,31.76,30.08,31.04,-0.08,-0.26%,5500
BMRA,2022-02-25,30.84,33.04,30.84,32.4,1.36,+4.38%,3075
BMRA,2022-02-28,32.24,35.2,31.6,34.72,2.32,+7.16%,3800
BMRA,2022-03-01,34.24,35.28,33.12,33.76,-0.96,-2.76%,3350
BMRA,2022-03-02,33.2,35.28,32.8,34.48,0.72,+2.13%,5325
BMRA,2022-03-03,34.88,35.2,32.48,33.04,-1.44,-4.18%,7875
BMRA,2022-03-04,32.48,33.52,32.36,32.8,-0.24,-0.73%,1225
BMRA,2022-03-07,33.04,33.6,31.52,31.68,-1.12,-3.41%,9462
BMRA,2022-03-08,32.1408,32.5704,29.6008,30.48,-1.2,-3.79%,16062
BMRA,2022-03-09,31.28,31.68,30.064,31.04,0.56,+1.84%,10312
BMRA,2022-03-10,30.24,31.68,30.0904,30.64,-0.4,-1.29%,4175
BMRA,2022-03-11,30.56,31.3928,29.6,30,-0.64,-2.09%,1975
BMRA,2022-03-14,29.68,30.9616,28.72,28.72,-1.28,-4.27%,3775
BMRA,2022-03-15,28.32,29.92,28.3064,28.96,0.24,+0.84%,4387
BMRA,2022-03-16,29.76,30.48,29.12,29.12,0.16,+0.55%,4087
BMRA,2022-03-17,29.2,30.08,28.88,28.88,-0.24,-0.82%,4937
BMRA,2022-03-18,29.6,30.16,29.12,29.52,0.64,+2.22%,6312
BMRA,2022-03-21,29.6,30.24,28.8,28.8,-0.72,-2.44%,2162
BMRA,2022-03-22,29.76,29.84,28.944,29.2,0.4,+1.39%,3987
BMRA,2022-03-23,28.56,32.16,28.56,31.2,2,+6.85%,13650
BMRA,2022-03-24,32,34,32,33.92,2.72,+8.72%,3437
BMRA,2022-03-25,32.8,34.64,32.4,34.16,0.24,+0.71%,3962
BMRA,2022-03-28,34.08,34.64,32.8,33.44,-0.72,-2.11%,3437
BMRA,2022-03-29,33.76,36,32.96,34.4,0.96,+2.87%,4075
BMRA,2022-03-30,33.76,36.72,33.76,36.08,1.68,+4.88%,5037
BMRA,2022-03-31,35.84,36.72,34.564,35.76,-0.32,-0.89%,2950
BMRA,2022-04-01,35.04,37.12,35.04,36.8,1.04,+2.91%,2187
BMRA,2022-04-04,36.08,37.84,36.08,37.52,0.72,+1.96%,2212
BMRA,2022-04-05,37.84,37.84,35.44,35.68,-1.84,-4.90%,4300
BMRA,2022-04-06,35.04,37.76,34.8312,35.44,-0.24,-0.67%,1375
BMRA,2022-04-07,37.628,37.7576,34,35.44,0,0.00%,5725
BMRA,2022-04-08,34.8,35.76,33.76,34.72,-0.72,-2.03%,4462
BMRA,2022-04-11,34.2336,35.6864,34.2336,34.4,-0.32,-0.92%,375
BMRA,2022-04-12,33.92,36,33.6,33.6,-0.8,-2.33%,2012
BMRA,2022-04-13,34.8,35.52,33.52,34.56,0.96,+2.86%,2375
BMRA,2022-04-14,36.72,36.8,34.3832,35.76,1.2,+3.47%,4225
BMRA,2022-04-18,35.68,36.464,33.2008,33.36,-2.4,-6.71%,6787
BMRA,2022-04-19,32.0008,34.32,32.0008,33.84,0.48,+1.44%,5200
BMRA,2022-04-20,32.9464,34,32.9464,33.28,-0.56,-1.65%,1475
BMRA,2022-04-21,33.44,33.92,32.9448,33.92,0.64,+1.92%,1850
BMRA,2022-04-22,32.9792,33.9128,32.8,32.8,-1.12,-3.30%,2000
BMRA,2022-04-25,32.32,33.52,32.24,32.48,-0.32,-0.98%,2775
BMRA,2022-04-26,32.8,33.6,31.68,31.92,-0.56,-1.72%,8925
BMRA,2022-04-27,31.44,32.8,31.44,31.68,-0.24,-0.75%,2225
BMRA,2022-04-28,31.92,32.4,30.4008,31.84,0.16,+0.51%,2687
BMRA,2022-04-29,31.2,31.7704,30.8008,31.44,-0.4,-1.26%,2237
BMRA,2022-05-02,31.12,31.12,30,30.24,-1.2,-3.82%,4537
BMRA,2022-05-03,30.08,30.4,30.08,30.24,0,0.00%,2800
BMRA,2022-05-04,30.24,30.4,30,30.24,0,0.00%,4575
BMRA,2022-05-05,30.4,30.4,29.6,30.24,0,0.00%,1400
BMRA,2022-05-06,29.68,29.68,28,28.56,-1.68,-5.56%,4562
BMRA,2022-05-09,28,28.324,25.36,26.32,-2.24,-7.84%,7050
BMRA,2022-05-10,26.4,26.4,24,24.08,-2.24,-8.51%,6850
BMRA,2022-05-11,24.32,24.7448,22.08,22.28,-1.8,-7.48%,5775
BMRA,2022-05-12,22.48,22.96,21.2,21.6,-0.68,-3.05%,6912
BMRA,2022-05-13,21.52,24.4,21.36,24.1024,2.5024,+11.59%,5837
BMRA,2022-05-16,24.88,24.96,22.16,22.56,-1.5424,-6.40%,6575
BMRA,2022-05-17,23.4648,24.64,23.4648,24.48,1.92,+8.51%,2775
BMRA,2022-05-18,25.12,25.68,23.8408,25.2,0.72,+2.94%,4600
BMRA,2022-05-19,23.76,24.96,23.68,24.8,-0.4,-1.59%,1625
BMRA,2022-05-20,24.8,25.668,23.2,23.36,-1.44,-5.81%,2100
BMRA,2022-05-23,24,24,23.1264,24,0.64,+2.74%,1100
BMRA,2022-05-24,23.52,23.9864,23.0688,23.76,-0.24,-1.00%,662
BMRA,2022-05-25,23.3184,23.852,23.28,23.28,-0.48,-2.02%,150
BMRA,2022-05-26,22.96,23.92,22.96,23.76,0.48,+2.06%,1562
BMRA,2022-05-27,23.84,26.72,23.84,26.72,2.96,+12.46%,5562
BMRA,2022-05-31,26.4,28,26.32,28,1.28,+4.79%,662
BMRA,2022-06-01,27.76,29.6,27.52,28.6736,0.6736,+2.41%,4837
BMRA,2022-06-02,29.6,29.92,28.3072,29.84,1.1664,+4.07%,1200
BMRA,2022-06-03,29.84,30.4,28.8,29.76,-0.08,-0.27%,2750
BMRA,2022-06-06,29.44,30.4,28.6408,30.4,0.64,+2.15%,2487
BMRA,2022-06-07,29.6,30.32,29.12,29.44,-0.96,-3.16%,1812
BMRA,2022-06-08,28.96,30.4,28.96,29.6,0.16,+0.54%,1112
BMRA,2022-06-09,29.2808,30.4,29.2808,30,0.4,+1.35%,1500
BMRA,2022-06-10,29.92,30.4,28.104,30.4,0.4,+1.33%,950
BMRA,2022-06-13,28.8,29.12,27.2,27.2,-3.2,-10.53%,3375
BMRA,2022-06-14,27.12,28.16,24.64,24.64,-2.56,-9.41%,8625
BMRA,2022-06-15,24.56,26.4,24,24,-0.64,-2.60%,1662
BMRA,2022-06-16,24,25.5128,23.36,23.6,-0.4,-1.67%,3375
BMRA,2022-06-17,23.44,26.6,22.88,23.52,-0.08,-0.34%,4650
BMRA,2022-06-21,23.68,25.12,23.04,24.88,1.36,+5.78%,1462
BMRA,2022-06-22,24.72,25.12,24.08,24.32,-0.56,-2.25%,1625
BMRA,2022-06-23,23.808,25.04,23.808,24.4,0.08,+0.33%,2050
BMRA,2022-06-24,24.56,24.88,24,24.64,0.24,+0.98%,712
BMRA,2022-06-27,24.32,24.72,23.92,24,-0.64,-2.60%,3412
BMRA,2022-06-28,23.68,24,23.6,23.92,-0.08,-0.33%,587
BMRA,2022-06-29,23.84,23.92,23.2,23.52,-0.4,-1.67%,2487
BMRA,2022-06-30,24,24,22.16,23.12,-0.4,-1.70%,5012
BMRA,2022-07-01,23.2,24,22.48,23.28,0.16,+0.69%,4975
BMRA,2022-07-05,23.28,23.84,23.04,23.2,-0.08,-0.34%,1262
BMRA,2022-07-06,23.52,24,23.12,23.12,-0.08,-0.34%,550
BMRA,2022-07-07,23.52,23.92,23.28,23.28,0.16,+0.69%,412
BMRA,2022-07-08,23.12,24,22.4,23.44,0.16,+0.69%,10475
BMRA,2022-07-11,22.72,24.16,21.12,23.76,0.32,+1.37%,7387
BMRA,2022-07-12,23.8296,24,23.72,24,0.24,+1.01%,1912
BMRA,2022-07-13,24,24,23.52,24,0,0.00%,775
BMRA,2022-07-14,29.92,31.36,25.76,25.92,1.92,+8.00%,1908200
BMRA,2022-07-15,24.72,26.4,22.48,23.28,-2.64,-10.19%,92112
BMRA,2022-07-18,23.36,23.36,21.6,21.68,-1.6,-6.87%,33525
BMRA,2022-07-19,21.76,21.84,20.88,20.88,-0.8,-3.69%,24412
BMRA,2022-07-20,20.64,22.48,20.4808,22.24,1.36,+6.51%,21500
BMRA,2022-07-21,22.72,22.8792,21.68,22.64,0.4,+1.80%,14600
BMRA,2022-07-22,22.08,22.56,21.76,22,-0.64,-2.83%,4462
BMRA,2022-07-25,22.3176,22.3176,20.96,21.52,-0.48,-2.18%,6525
BMRA,2022-07-26,21.28,22.2,21.28,21.52,0,0.00%,4887
BMRA,2022-07-27,22.16,22.16,20.64,21.12,-0.4,-1.86%,5200
BMRA,2022-07-28,20.88,21.6,20.64,21.12,0,0.00%,5500
BMRA,2022-07-29,21.28,22.32,20.64,22.16,1.04,+4.92%,12850
BMRA,2022-08-01,22,22.64,20.976,22.24,0.08,+0.36%,19487
BMRA,2022-08-02,22.4,23.12,22.24,22.88,0.64,+2.88%,9412
BMRA,2022-08-03,22.56,23.84,22.416,23.28,0.4,+1.75%,13787
BMRA,2022-08-04,23.2576,24.288,23.12,24.16,0.88,+3.78%,6437
BMRA,2022-08-05,23.84,25.68,23.6,25.44,1.28,+5.30%,6112
BMRA,2022-08-08,26,26.72,25.448,26.48,1.04,+4.09%,6362
BMRA,2022-08-09,26.56,26.88,24.08,24.24,-2.24,-8.46%,9350
BMRA,2022-08-10,24.4,25.12,24.4,24.96,0.72,+2.97%,1612
BMRA,2022-08-11,24.96,25.6,24.16,24.4,-0.56,-2.24%,4100
BMRA,2022-08-12,24.64,25.36,24.328,24.7008,0.3008,+1.23%,4487
BMRA,2022-08-15,24.8,26.48,24.8,25.36,0.6592,+2.67%,7125
BMRA,2022-08-16,25.52,26.24,24.8,25.28,-0.08,-0.32%,8287
BMRA,2022-08-17,25.4,25.9032,25.4,25.6,0.32,+1.27%,5300
BMRA,2022-08-18,25.44,26.24,24.96,25.6,0,0.00%,18600
BMRA,2022-08-19,25.2,26.24,25.1672,25.68,0.08,+0.31%,1575
BMRA,2022-08-22,25.68,26.24,25.44,26.24,0.56,+2.18%,4775
BMRA,2022-08-23,25.96,27.12,25.5,26.48,0.24,+0.91%,3150
BMRA,2022-08-24,26.56,27.04,26,26.48,0,0.00%,2575
BMRA,2022-08-25,26.8,27.4392,26.08,26.96,0.48,+1.81%,2675
BMRA,2022-08-26,26.32,27.52,26.08,27.04,0.08,+0.30%,2512
BMRA,2022-08-29,27.04,27.6,26.8008,27.12,0.08,+0.30%,8437
BMRA,2022-08-30,27.68,29.44,27.2816,28.24,1.12,+4.13%,28237
BMRA,2022-08-31,28.6344,28.72,27.6008,28.32,0.08,+0.28%,8587
BMRA,2022-09-01,27.6,27.6,25.6,26.4,-1.92,-6.78%,5537
BMRA,2022-09-02,26.32,29.12,26.32,27.92,1.52,+5.76%,7600
BMRA,2022-09-06,27.92,27.92,26.6408,27.84,-0.08,-0.29%,1737
BMRA,2022-09-07,27.28,28.8,26.8008,28.64,0.8,+2.87%,2000
BMRA,2022-09-08,28.16,29.44,28.08,28.8,0.16,+0.56%,4500
BMRA,2022-09-09,28.4,30.2304,28.36,29.84,1.04,+3.61%,5937
BMRA,2022-09-12,28.96,30.0944,28.72,29.12,-0.72,-2.41%,2687
BMRA,2022-09-13,29.12,30.56,28.664,29.84,0.72,+2.47%,5962
BMRA,2022-09-14,29.44,30.48,29.372,30.16,0.32,+1.07%,2775
BMRA,2022-09-15,29.9568,31.084,29.84,30.24,0.08,+0.27%,3400
BMRA,2022-09-16,30.16,30.72,27.76,28.08,-2.16,-7.14%,10387
BMRA,2022-09-19,27.36,29.12,27.36,28.88,0.8,+2.85%,2987
BMRA,2022-09-20,28.96,30.72,27.92,30.24,1.36,+4.71%,17262
BMRA,2022-09-21,29.92,30.72,29.7608,29.92,-0.32,-1.06%,2925
BMRA,2022-09-22,29.92,29.92,27.76,28.8,-1.12,-3.74%,5050
BMRA,2022-09-23,28.24,29.0392,28.24,28.32,-0.48,-1.67%,3587
BMRA,2022-09-26,28.4,28.8,28.16,28.8,0.48,+1.69%,2725
BMRA,2022-09-27,28.32,30.56,28.32,30,1.2,+4.17%,3562
BMRA,2022-09-28,30.16,31.76,29.92,31.36,1.36,+4.53%,5312
BMRA,2022-09-29,30.96,32.8,30.4,31.84,0.48,+1.53%,63249
BMRA,2022-09-30,30,32.08,29.0888,31.44,-0.4,-1.26%,6512
BMRA,2022-10-03,31.68,33.4624,31.2152,33.12,1.68,+5.34%,10125
BMRA,2022-10-04,33.52,33.6,32,32.24,-0.88,-2.66%,7012
BMRA,2022-10-05,32,33.6,32,33.04,0.8,+2.48%,5262
BMRA,2022-10-06,32.48,33.124,32.4,32.4,-0.64,-1.94%,4000
BMRA,2022-10-07,32.4,32.4896,30.08,31.04,-1.36,-4.20%,4950
BMRA,2022-10-10,28.488,31.92,28.48,31.32,0.28,+0.90%,6600
BMRA,2022-10-11,31.6,32.96,30.9176,32.08,0.76,+2.43%,7300
BMRA,2022-10-12,32.08,32.72,31.88,32.4,0.32,+1.00%,4350
BMRA,2022-10-13,31.68,33.2768,30.9392,31.68,-0.72,-2.22%,4650
BMRA,2022-10-14,40,42,28.32,29.6,-2.08,-6.57%,366912
BMRA,2022-10-17,29.44,31.04,29.08,29.6,0,0.00%,10875
BMRA,2022-10-18,30.24,30.64,28.7208,29.36,-0.24,-0.81%,11012
BMRA,2022-10-19,29.28,29.6,28.08,28.64,-0.72,-2.45%,6112
BMRA,2022-10-20,28.48,29.1776,25.2,26.4,-2.24,-7.82%,10962
BMRA,2022-10-21,26.4,26.4,24.72,25.04,-1.36,-5.15%,5050
BMRA,2022-10-24,24.8,24.8,23.76,23.84,-1.2,-4.79%,6425
BMRA,2022-10-25,23.6,24.3256,23.44,23.84,0,0.00%,4475
BMRA,2022-10-26,23.6,26.1608,23.6,25.84,2,+8.39%,6062
BMRA,2022-10-27,26.08,26.08,25.096,25.68,-0.16,-0.62%,1537
BMRA,2022-10-28,25.52,26.08,24.56,25.52,-0.16,-0.62%,1812
BMRA,2022-10-31,25.44,26.88,25.2,26.32,0.8,+3.13%,5025
BMRA,2022-11-01,26.4,27.76,26.08,27.2,0.88,+3.34%,1937
BMRA,2022-11-02,27.04,27.8448,26,26,-1.2,-4.41%,2937
BMRA,2022-11-03,25.76,26.3768,25.52,25.84,-0.16,-0.62%,2500
BMRA,2022-11-04,26,26,24.24,24.72,-1.12,-4.33%,2275
BMRA,2022-11-07,24.32,25.84,24.32,25.84,1.12,+4.53%,1825
BMRA,2022-11-08,25.52,25.6984,24.56,25.04,-0.8,-3.10%,687
BMRA,2022-11-09,24.72,25.5128,24.2,24.32,-0.72,-2.88%,1837
BMRA,2022-11-10,24.64,25.44,24.64,24.8,0.48,+1.97%,1462
BMRA,2022-11-11,25.2,26.08,25.2,25.68,0.88,+3.55%,2337
BMRA,2022-11-14,25.12,26.4,25.12,25.68,0,0.00%,2462
BMRA,2022-11-15,25.52,26.8,25.4,26.56,0.88,+3.43%,3500
BMRA,2022-11-16,26.8,28.72,26.2,28.4,1.84,+6.93%,3812
BMRA,2022-11-17,28,30,27.44,29.92,1.52,+5.35%,3662
BMRA,2022-11-18,30.24,30.4,29.36,29.36,-0.56,-1.87%,3100
BMRA,2022-11-21,29.2,31.92,28.704,31.68,2.32,+7.90%,7087
BMRA,2022-11-22,31.68,32.8,31.3608,32.4,0.72,+2.27%,6562
BMRA,2022-11-23,32.4,32.8,30.6408,32.56,0.16,+0.49%,2887
BMRA,2022-11-25,32.48,33.36,32.168,33.36,0.8,+2.46%,2637
BMRA,2022-11-28,33.2,33.2,31.76,32,-1.36,-4.08%,1850
BMRA,2022-11-29,31.36,31.92,29.04,29.04,-2.96,-9.25%,2312
BMRA,2022-11-30,28.08,28.88,27,27.84,-1.2,-4.13%,5175
BMRA,2022-12-01,27.6,29.9408,27.56,29.6,1.76,+6.32%,3725
BMRA,2022-12-02,29.84,32.32,28.64,30.16,0.56,+1.89%,4287
BMRA,2022-12-05,30.56,31.44,30,30.48,0.32,+1.06%,2375
BMRA,2022-12-06,30.4344,31.92,30.0808,30.44,-0.04,-0.13%,2787
BMRA,2022-12-07,30,30.8,29.4408,29.92,-0.52,-1.71%,2237
BMRA,2022-12-08,30.56,32,30.4,30.76,0.84,+2.81%,6437
BMRA,2022-12-09,31.4016,31.4016,30.8,31.04,0.28,+0.91%,962
BMRA,2022-12-12,30.992,31.04,30.32,30.92,-0.12,-0.39%,2412
BMRA,2022-12-13,30.48,31.04,29.2,29.92,-1.,-3.23%,2800
BMRA,2022-12-14,30.768,30.768,28.5224,28.8,-1.12,-3.74%,2312
BMRA,2022-12-15,28.8,29.92,28.16,28.16,-0.64,-2.22%,2737
BMRA,2022-12-16,28.48,28.72,27.84,27.92,-0.24,-0.85%,2300
BMRA,2022-12-19,28.12,28.8,27.796,28.08,0.16,+0.57%,3437
BMRA,2022-12-20,28,28.88,28,28.48,0.4,+1.42%,1337
BMRA,2022-12-21,28.56,29.12,28.4,28.72,0.24,+0.84%,6112
BMRA,2022-12-22,28.4,29.92,28.4,29.44,0.72,+2.51%,2425
BMRA,2022-12-23,29.44,30,28.96,29.68,0.24,+0.82%,1175
BMRA,2022-12-27,29.36,30.4,28.9864,29.28,-0.4,-1.35%,2612
BMRA,2022-12-28,29.04,29.6,27.68,27.68,-1.6,-5.46%,4775
BMRA,2022-12-29,28.32,28.32,26.4,26.4,-1.28,-4.62%,4775
BMRA,2022-12-30,26.4,27.6,26.2,26.8,0.4,+1.52%,4250
BMRA,2023-01-03,27.76,27.92,27.04,27.44,0.64,+2.39%,4787
BMRA,2023-01-04,28.56,28.64,27.4408,28.48,1.04,+3.79%,1650
BMRA,2023-01-05,28.088,28.092,27.216,27.5624,-0.9176,-3.22%,3175
BMRA,2023-01-06,27.44,27.92,26.56,26.88,-0.6824,-2.48%,3487
BMRA,2023-01-09,26.64,27.68,26.64,27.2,0.32,+1.19%,5187
BMRA,2023-01-10,27.68,28.32,27.4784,28.32,1.12,+4.12%,1037
BMRA,2023-01-11,28.32,28.32,24.32,24.4,-3.92,-13.84%,10000
BMRA,2023-01-12,24.96,26.16,23.6,23.6,-0.8,-3.28%,5712
BMRA,2023-01-13,24.8,25.5952,23.6,24,0.4,+1.69%,5350
BMRA,2023-01-17,23.84,24.6232,23.44,23.68,-0.32,-1.33%,4112
BMRA,2023-01-18,24,24.32,23.92,23.92,0.24,+1.01%,3100
BMRA,2023-01-19,24.08,24.24,23.76,24,0.08,+0.33%,362
BMRA,2023-01-20,24,24,23.2,23.2,-0.8,-3.33%,1862
BMRA,2023-01-23,23.44,23.44,22.7208,22.92,-0.28,-1.21%,2987
BMRA,2023-01-24,22.56,22.8,22.4,22.4,-0.52,-2.27%,3625
BMRA,2023-01-25,21.6,23.36,21.6,23.36,0.96,+4.29%,5362
BMRA,2023-01-26,23.36,24,23.32,24,0.64,+2.74%,5462
BMRA,2023-01-27,24,24.0024,22.8,23.2,-0.8,-3.33%,4225
BMRA,2023-01-30,22.7424,23.9992,22.7424,23.44,0.24,+1.03%,2850
BMRA,2023-01-31,24,25.1192,24,24,0.56,+2.39%,4650
BMRA,2023-02-01,23.12,24.6352,22.4,23.68,-0.32,-1.33%,4450
BMRA,2023-02-02,23.76,24.16,23.44,23.6,-0.08,-0.34%,1762
BMRA,2023-02-03,23.8,24,23.6008,23.68,0.08,+0.34%,1037
BMRA,2023-02-06,23.36,23.84,22.64,22.64,-1.04,-4.39%,4987
BMRA,2023-02-07,23.04,23.04,22.72,22.96,0.32,+1.41%,3187
BMRA,2023-02-08,22.96,23.04,22.88,22.96,0,0.00%,1400
BMRA,2023-02-09,22.8,23.6144,22.8,23.28,0.32,+1.39%,4137
BMRA,2023-02-10,23.2,23.6,23.16,23.36,0.08,+0.34%,1837
BMRA,2023-02-13,23.04,23.36,22.8,23.2,-0.16,-0.68%,4375
BMRA,2023-02-14,22.88,23.36,22.8,23.12,-0.08,-0.34%,1662
BMRA,2023-02-15,23.44,23.56,23.12,23.56,0.44,+1.90%,1562
BMRA,2023-02-16,23.7704,23.92,23.4408,23.84,0.28,+1.19%,2600
BMRA,2023-02-17,23.76,24.48,23.68,23.76,-0.08,-0.34%,5112
BMRA,2023-02-21,24.1592,24.1592,23.44,23.44,-0.32,-1.35%,850
BMRA,2023-02-22,22.88,23.44,22.72,22.72,-0.72,-3.07%,2725
BMRA,2023-02-23,22.88,23.28,21.68,21.68,-1.04,-4.58%,3687
BMRA,2023-02-24,21.36,22.16,20.9608,21.44,-0.24,-1.11%,2587
BMRA,2023-02-27,21.2,21.84,21.2,21.36,-0.08,-0.37%,1762
BMRA,2023-02-28,21.308,21.84,21.308,21.6,0.24,+1.12%,2325
BMRA,2023-03-01,21.36,22.16,21.2008,21.52,-0.08,-0.37%,1462
BMRA,2023-03-02,22.24,22.24,21.92,22.24,0.72,+3.35%,2475
BMRA,2023-03-03,20,20,18,18,-4.24,-19.06%,64125
BMRA,2023-03-06,18,19.1792,18,18,0,0.00%,9087
BMRA,2023-03-07,18,18.7496,18,18.32,0.32,+1.78%,4075
BMRA,2023-03-08,18.64,19.84,18.64,19.2,0.88,+4.80%,4412
BMRA,2023-03-09,19.2,19.2,18.8,19.04,-0.16,-0.83%,1200
BMRA,2023-03-10,19.3896,19.3896,18.24,18.48,-0.56,-2.94%,2237
BMRA,2023-03-13,19.76,19.76,18.3208,19.04,0.56,+3.03%,3537
BMRA,2023-03-14,18.48,19.2,18.4624,18.48,-0.56,-2.94%,3700
BMRA,2023-03-15,18.24,18.88,18,18.08,-0.4,-2.16%,2662
BMRA,2023-03-16,18.4,18.4,18,18.4,0.32,+1.77%,1075
BMRA,2023-03-17,18.0256,18.4,18.0008,18.08,-0.32,-1.74%,1500
BMRA,2023-03-20,18.32,18.36,18.08,18.08,0,0.00%,612
BMRA,2023-03-21,18.48,18.48,17.84,17.84,-0.24,-1.33%,975
BMRA,2023-03-22,17.6,17.64,14.68,14.88,-2.96,-16.59%,29012
BMRA,2023-03-23,14.88,16.8792,14.88,15.36,0.48,+3.23%,5275
BMRA,2023-03-24,14.96,15.92,14.96,15.84,0.48,+3.13%,975
BMRA,2023-03-27,15.84,15.92,15.52,15.92,0.08,+0.51%,1250
BMRA,2023-03-28,15.52,15.9192,14.8,14.96,-0.96,-6.03%,5475
BMRA,2023-03-29,14.8,15.36,14.8,15.04,0.08,+0.53%,2262
BMRA,2023-03-30,15.04,15.6,14.96,15.04,0,0.00%,1262
BMRA,2023-03-31,14.88,15.36,14.56,14.96,-0.08,-0.53%,1537
BMRA,2023-04-03,14.8,15.04,14.52,14.8,-0.16,-1.07%,2175
BMRA,2023-04-04,14.56,14.96,14,14.32,-0.48,-3.24%,5812
BMRA,2023-04-05,14.4,14.48,13.68,13.92,-0.4,-2.79%,7787
BMRA,2023-04-06,13.92,14.08,13.624,13.92,0,0.00%,9500
BMRA,2023-04-10,13.68,14.8,13.68,14.4,0.48,+3.45%,2000
BMRA,2023-04-11,14.64,15.1192,14.64,14.96,0.56,+3.89%,987
BMRA,2023-04-12,14.6,14.7664,13.84,13.84,-1.12,-7.49%,1300
BMRA,2023-04-13,13.84,14.4,13.76,13.76,-0.08,-0.58%,2462
BMRA,2023-04-14,13.76,14.32,13.4,13.432,-0.328,-2.38%,3312
BMRA,2023-04-17,13.28,14.32,12.96,13.84,0.408,+3.04%,8487
BMRA,2023-04-18,13.2,14,13.2,13.2,-0.64,-4.62%,2350
BMRA,2023-04-19,13.2,13.84,13.2,13.44,0.24,+1.82%,2675
BMRA,2023-04-20,13.36,13.6,13.36,13.36,-0.08,-0.60%,1250
BMRA,2023-04-21,13.48,14.16,13.48,13.84,0.48,+3.59%,3650
BMRA,2023-04-24,13.76,13.76,9.44,10.7208,-3.1192,-22.54%,15550
BMRA,2023-04-25,10.8,11.52,10.1608,10.48,-0.2408,-2.25%,8537
BMRA,2023-04-26,10.16,10.4,9.4408,9.92,-0.56,-5.34%,21812
BMRA,2023-04-27,9.92,10.72,9.92,10.4,0.48,+4.84%,7187
BMRA,2023-04-28,10.3984,10.8888,10.16,10.64,0.24,+2.31%,12337
BMRA,2023-05-01,10.4,11.12,10.4,10.8,0.16,+1.50%,1000
BMRA,2023-05-02,10.88,11.0392,10.6,10.8,0,0.00%,2550
BMRA,2023-05-03,10.8,11.28,10.48,10.64,-0.16,-1.48%,2275
BMRA,2023-05-04,10.48,11.28,10.48,11.04,0.4,+3.76%,4000
BMRA,2023-05-05,11.12,11.76,11.12,11.6,0.56,+5.07%,4587
BMRA,2023-05-08,11.28,11.9192,10.72,10.72,-0.88,-7.59%,3537
BMRA,2023-05-09,10.88,10.88,10.32,10.32,-0.4,-3.73%,3300
BMRA,2023-05-10,10.24,10.4,10,10,-0.32,-3.10%,1037
BMRA,2023-05-11,10,10.8,9.72,9.76,-0.24,-2.40%,5012
BMRA,2023-05-12,9.36,9.9888,8.88,8.96,-0.8,-8.20%,2687
BMRA,2023-05-15,9.12,10.8,8.64,10,1.04,+11.61%,15325
BMRA,2023-05-16,9.6,9.68,9.36,9.36,-0.64,-6.40%,4200
BMRA,2023-05-17,10,10.8,9.4528,9.6,0.24,+2.56%,3412
BMRA,2023-05-18,9.12,11.36,9.12,11.04,1.44,+15.00%,11825
BMRA,2023-05-19,10.88,14.308,10.88,12.64,1.6,+14.49%,18637
BMRA,2023-05-22,13.12,14.08,12.3144,13.68,1.04,+8.23%,6812
BMRA,2023-05-23,13.2,13.44,13.2,13.36,-0.32,-2.34%,2387
BMRA,2023-05-24,13.48,13.48,12.56,12.96,-0.4,-2.99%,1800
BMRA,2023-05-25,12.0992,12.8776,12.0992,12.24,-0.72,-5.56%,2437
BMRA,2023-05-26,12.56,12.56,11.84,12.32,0.08,+0.65%,1300
BMRA,2023-05-30,12,12.4792,11.8408,12.32,0,0.00%,3962
BMRA,2023-05-31,12,12.616,10.84,10.96,-1.36,-11.04%,4837
BMRA,2023-06-01,10.64,11.1992,10.24,10.24,-0.72,-6.57%,3462
BMRA,2023-06-02,10.24,10.88,10.08,10.08,-0.16,-1.56%,2950
BMRA,2023-06-05,9.92,10.56,9.92,10.32,0.24,+2.38%,1300
BMRA,2023-06-06,10.32,10.7992,10.08,10.4,0.08,+0.78%,3787
BMRA,2023-06-07,10.72,11.52,10.32,11.12,0.72,+6.92%,9625
BMRA,2023-06-08,11.0408,11.8184,11.0384,11.68,0.56,+5.04%,2362
BMRA,2023-06-09,11.68,12.8,11.44,12.08,0.4,+3.42%,5200
BMRA,2023-06-12,12.32,12.32,12,12.16,0.08,+0.66%,1362
BMRA,2023-06-13,12.24,12.32,12,12,-0.16,-1.32%,487
BMRA,2023-06-14,12.04,13.36,11.7504,12.72,0.72,+6.00%,8250
BMRA,2023-06-15,13.04,13.3928,12.8808,13.28,0.56,+4.40%,3387
BMRA,2023-06-16,13.44,13.6,12.9128,13.44,0.16,+1.20%,8012
BMRA,2023-06-20,13.44,13.6,13.04,13.04,-0.4,-2.98%,1350
BMRA,2023-06-21,13.84,13.8512,11.84,12.56,-0.48,-3.68%,73050
BMRA,2023-06-22,12.56,12.56,11.64,11.76,-0.8,-6.37%,3475
BMRA,2023-06-23,11.92,11.92,10.72,10.72,-1.04,-8.84%,5037
BMRA,2023-06-26,10.48,12.24,10.48,10.88,0.16,+1.49%,5862
BMRA,2023-06-27,10.88,11.52,10.88,11.36,0.48,+4.41%,2112
BMRA,2023-06-28,10.88,11.328,10.7208,10.8,-0.56,-4.93%,4675
BMRA,2023-06-29,10.64,11.12,10.336,10.56,-0.24,-2.22%,4587
BMRA,2023-06-30,10.8,11.12,10.32,10.88,0.32,+3.03%,12250
BMRA,2023-07-03,10.8,10.8,10.32,10.32,-0.56,-5.15%,900
BMRA,2023-07-05,10.48,10.8712,10.4,10.4,0.08,+0.78%,1487
BMRA,2023-07-06,10.4,10.88,10.08,10.08,-0.32,-3.08%,2325
BMRA,2023-07-07,10.16,10.24,9.84,10.08,0,0.00%,2575
BMRA,2023-07-10,10.08,10.08,9.76,9.76,-0.32,-3.17%,575
BMRA,2023-07-11,10.08,10.2384,9.76,9.92,0.16,+1.64%,2100
BMRA,2023-07-12,10.32,11.12,10.16,10.96,1.04,+10.48%,8225
BMRA,2023-07-13,10.96,11.8056,10.96,11.68,0.72,+6.57%,5750
BMRA,2023-07-14,11.36,11.68,11.36,11.6,-0.08,-0.68%,2062
BMRA,2023-07-17,11.28,11.68,11.28,11.6,0,0.00%,1462
BMRA,2023-07-18,10.9608,11.3232,10.84,10.96,-0.64,-5.52%,1212
BMRA,2023-07-19,10.76,10.76,10.4808,10.72,-0.24,-2.19%,637
BMRA,2023-07-20,11.6,11.6,10.5608,11.04,0.32,+2.99%,2550
BMRA,2023-07-21,10.88,11.3672,10.6488,11.04,0,0.00%,1275
BMRA,2023-07-24,11.1464,11.5984,11.04,11.2008,0.1608,+1.46%,3125
BMRA,2023-07-25,11.12,11.5504,11.12,11.2,-0.0008,-0.01%,275
BMRA,2023-07-26,11.2,11.6,11.1224,11.44,0.24,+2.14%,187
BMRA,2023-07-27,11.28,11.6,11.04,11.04,-0.4,-3.50%,2337
BMRA,2023-07-28,11.2,11.52,10.8,11.2,0.16,+1.45%,6187
BMRA,2023-07-31,11.44,11.6,10.56,10.56,-0.64,-5.71%,2362
BMRA,2023-08-01,10.4,12.4792,10.4,12.24,1.68,+15.91%,5062
BMRA,2023-08-02,12.16,12.32,11.28,11.68,-0.56,-4.58%,975
BMRA,2023-08-03,13.68,14.48,12.48,13.2,1.52,+13.01%,1400675
BMRA,2023-08-04,12.32,12.64,10.88,11.6,-1.6,-12.12%,90062
BMRA,2023-08-07,10.88,11.1208,10.16,10.56,-1.04,-8.97%,29937
BMRA,2023-08-08,10.72,10.72,9.84,10.32,-0.24,-2.27%,16487
BMRA,2023-08-09,10.08,11.24,10.08,11.2,0.88,+8.53%,11625
BMRA,2023-08-10,11.36,11.36,10.4,11.04,-0.16,-1.43%,3800
BMRA,2023-08-11,10.64,11.04,9.92,10.08,-0.96,-8.70%,12912
BMRA,2023-08-14,10.32,10.32,9.6,9.76,-0.32,-3.17%,7925
BMRA,2023-08-15,9.6,9.68,8.64,8.972,-0.788,-8.07%,15650
BMRA,2023-08-16,9.04,9.4312,8.24,8.72,-0.252,-2.81%,10987
BMRA,2023-08-17,8.8,9.36,8.6408,9.36,0.64,+7.34%,6212
BMRA,2023-08-18,9.2,9.76,8.88,9.44,0.08,+0.85%,5687
BMRA,2023-08-21,9.2,9.82,9.2,9.44,0,0.00%,2375
BMRA,2023-08-22,9.36,9.52,8.8824,9.36,-0.08,-0.85%,2050
BMRA,2023-08-23,9.52,9.52,8.8,8.88,-0.48,-5.13%,4787
BMRA,2023-08-24,8.96,9.36,8.88,9.36,0.48,+5.41%,8125
BMRA,2023-08-25,9.36,9.52,9.08,9.2,-0.16,-1.71%,2000
BMRA,2023-08-28,9.2,9.768,9.2,9.6,0.4,+4.35%,5200
BMRA,2023-08-29,9.76,10.16,9.6,10,0.4,+4.17%,3800
BMRA,2023-08-30,9.76,10.08,9.76,10,0,0.00%,3275
BMRA,2023-08-31,10,10.4,9.6912,10.24,0.24,+2.40%,2100
BMRA,2023-09-01,10.4,10.72,10.2,10.32,0.08,+0.78%,3162
BMRA,2023-09-05,10.24,10.2824,10.0008,10.16,-0.16,-1.55%,1737
BMRA,2023-09-06,9.84,10.08,9.76,10.08,-0.08,-0.79%,1437
BMRA,2023-09-07,9.84,9.92,9.44,9.68,-0.4,-3.97%,3562
BMRA,2023-09-08,9.52,9.64,9.08,9.36,-0.32,-3.31%,4187
BMRA,2023-09-11,9.2,9.6792,8.96,9.2,-0.16,-1.71%,4662
BMRA,2023-09-12,9.04,9.12,8.48,8.48,-0.72,-7.83%,7825
BMRA,2023-09-13,8.56,8.9416,8.56,8.72,0.24,+2.83%,1037
BMRA,2023-09-14,8.96,9.2,8.8,8.96,0.24,+2.75%,3900
BMRA,2023-09-15,8.72,9.2,8.72,8.8,-0.16,-1.79%,3975
BMRA,2023-09-18,8.88,8.96,8.72,8.8,0,0.00%,3512
BMRA,2023-09-19,8.8,9.12,8.48,8.88,0.08,+0.91%,3300
BMRA,2023-09-20,8.88,8.8928,8.64,8.72,-0.16,-1.80%,962
BMRA,2023-09-21,8.72,8.96,8,8.4,-0.32,-3.67%,11337
BMRA,2023-09-22,8.24,8.6528,8.24,8.4,0,0.00%,4350
BMRA,2023-09-25,8.32,8.8,8.24,8.24,-0.16,-1.90%,4675
BMRA,2023-09-26,8.6,8.6,6.92,7.3616,-0.8784,-10.66%,15387
BMRA,2023-09-27,7.36,8.24,7.1352,7.2,-0.1616,-2.20%,10875
BMRA,2023-09-28,7.04,7.12,6.56,6.56,-0.64,-8.89%,23625
BMRA,2023-09-29,6.88,7.2,6.5608,6.8816,0.3216,+4.90%,2500
BMRA,2023-10-02,7.36,7.36,6.6,6.712,-0.1696,-2.46%,2225
BMRA,2023-10-03,6.64,6.8,6.48,6.56,-0.152,-2.26%,2075
BMRA,2023-10-04,6.4,6.552,6.1608,6.24,-0.32,-4.88%,3200
BMRA,2023-10-05,6.32,6.5592,5.632,5.68,-0.56,-8.97%,3625
BMRA,2023-10-06,5.92,6.4,5.92,6.0832,0.4032,+7.10%,12837
BMRA,2023-10-09,6.3704,6.4,6.0008,6.24,0.1568,+2.58%,6437
BMRA,2023-10-10,6.5584,6.5584,6.0016,6.24,0,0.00%,9412
BMRA,2023-10-11,6.32,6.3992,6.0256,6.12,-0.12,-1.92%,6037
BMRA,2023-10-12,6.16,6.24,5.688,6,-0.12,-1.96%,8475
BMRA,2023-10-13,5.76,6.4,5.76,5.928,-0.072,-1.20%,5050
BMRA,2023-10-16,6.4,6.4,5.6808,5.76,-0.168,-2.83%,9800
BMRA,2023-10-17,5.76,6.3592,5.76,5.928,0.168,+2.92%,7887
BMRA,2023-10-18,6.252,6.7992,6.0864,6.16,0.232,+3.91%,4775
BMRA,2023-10-19,6.08,6.72,6.08,6.2624,0.1024,+1.66%,825
BMRA,2023-10-20,6.36,6.4,6.36,6.4,0.1376,+2.20%,875
BMRA,2023-10-23,6.4,6.7192,6.08,6.3992,-0.0008,-0.01%,2737
BMRA,2023-10-24,6.4,6.8,6.1608,6.5888,0.1896,+2.96%,3625
BMRA,2023-10-25,6.792,8.16,6.7576,7.1368,0.548,+8.32%,73812
BMRA,2023-10-26,7.92,7.9992,7.12,7.52,0.3832,+5.37%,9575
BMRA,2023-10-27,7.6,8.4,7.28,8.32,0.8,+10.64%,25112
BMRA,2023-10-30,9.28,9.28,7.2,7.5872,-0.7328,-8.81%,19737
BMRA,2023-10-31,8,8.1592,7.3608,7.84,0.2528,+3.33%,3137
BMRA,2023-11-01,7.5936,7.92,7.2096,7.492,-0.348,-4.44%,3837
BMRA,2023-11-02,7.36,8.08,6.1992,6.1992,-1.2928,-17.26%,23387
BMRA,2023-11-03,7.28,7.9904,6.6408,6.88,0.6808,+10.98%,8337
BMRA,2023-11-06,7.1624,7.4,6.72,6.728,-0.152,-2.21%,2750
BMRA,2023-11-07,6.88,7.3592,6.72,6.768,0.04,+0.59%,2150
BMRA,2023-11-08,7.28,7.52,6.7216,7.52,0.752,+11.11%,7250
BMRA,2023-11-09,7.44,7.6608,7.0424,7.28,-0.24,-3.19%,2825
BMRA,2023-11-10,7.4984,7.792,7.1208,7.6,0.32,+4.40%,1825
BMRA,2023-11-13,7.36,7.912,6.8216,7.3072,-0.2928,-3.85%,1562
BMRA,2023-11-14,7.36,7.76,6.72,7.12,-0.1872,-2.56%,2875
BMRA,2023-11-15,6.9072,7.2,6.88,6.9696,-0.1504,-2.11%,4137
BMRA,2023-11-16,7.232,7.232,6.9592,7.2,0.2304,+3.31%,1000
BMRA,2023-11-17,7.0216,7.52,6.9592,7.3592,0.1592,+2.21%,3537
BMRA,2023-11-20,7.04,7.36,6.8,7.28,-0.0792,-1.08%,4112
BMRA,2023-11-21,7.04,7.2008,6.8,6.8,-0.48,-6.59%,6675
BMRA,2023-11-22,6.88,6.88,6.728,6.728,-0.072,-1.06%,750
BMRA,2023-11-24,7.04,7.04,6.9152,7.04,0.312,+4.64%,2787
BMRA,2023-11-27,6.8,7.36,6.72,7.28,0.24,+3.41%,1725
BMRA,2023-11-28,7.04,7.36,7.04,7.0864,-0.1936,-2.66%,1637
BMRA,2023-11-29,7.2,7.2808,7.0272,7.2,0.1136,+1.60%,2262
BMRA,2023-11-30,7.48,7.48,7.12,7.44,0.24,+3.33%,937
BMRA,2023-12-01,7.44,7.44,7.04,7.44,0,0.00%,3150
BMRA,2023-12-04,7.4,7.84,7.128,7.52,0.08,+1.08%,7600
BMRA,2023-12-05,7.6,8.4,7.28,7.84,0.32,+4.26%,11225
BMRA,2023-12-06,8.08,8.1592,7.84,7.92,0.08,+1.02%,787
BMRA,2023-12-07,7.84,8.7112,7.84,8.48,0.56,+7.07%,4812
BMRA,2023-12-08,8.56,9.04,8.48,8.88,0.4,+4.72%,3875
BMRA,2023-12-11,8.88,9.2,8.72,9.12,0.24,+2.70%,3712
BMRA,2023-12-12,9.1248,9.1248,8.48,8.56,-0.56,-6.14%,1525
BMRA,2023-12-13,8.96,8.96,7.68,7.9176,-0.6424,-7.50%,3087
BMRA,2023-12-14,7.84,8.48,7.76,7.9928,0.0752,+0.95%,4462
BMRA,2023-12-15,8.32,8.4,7.92,7.92,-0.0728,-0.91%,3187
BMRA,2023-12-18,12.08,17.04,10.08,13.2,5.28,+66.67%,8399512
BMRA,2023-12-19,11.2,12.08,10.4,11.44,-1.76,-13.33%,303212
BMRA,2023-12-20,10.4,11.36,9.6,11.2,-0.24,-2.10%,106112
BMRA,2023-12-21,11.2,11.2,8.88,9.6,-1.6,-14.29%,76162
BMRA,2023-12-22,9.52,10.1584,9.36,9.72,0.12,+1.25%,25287
BMRA,2023-12-26,9.6,10,9.2,9.584,-0.136,-1.40%,23425
BMRA,2023-12-27,9.6,9.68,8.96,9.6,0.016,+0.17%,21350
BMRA,2023-12-28,9.52,10.64,9.04,9.44,-0.16,-1.67%,27137
BMRA,2023-12-29,9.28,10.24,9.28,10,0.56,+5.93%,19887
BMRA,2024-01-02,9.76,10.16,9.68,10.08,0.08,+0.80%,9075
BMRA,2024-01-03,9.76,10.56,6.4632,7.252,-2.828,-28.06%,176600
BMRA,2024-01-04,7.12,8,7.12,7.884,0.632,+8.71%,36725
BMRA,2024-01-05,8.16,9.04,8.16,8.4,0.516,+6.54%,15475
BMRA,2024-01-08,8.56,9.1976,8.4,8.8,0.4,+4.76%,30224
BMRA,2024-01-09,8.8,8.8,8.48,8.576,-0.224,-2.55%,8250
BMRA,2024-01-10,8.72,8.72,8.08,8.24,-0.336,-3.92%,13412
BMRA,2024-01-11,8.24,8.44,7.6568,7.92,-0.32,-3.88%,12350
BMRA,2024-01-12,7.8408,8,7.28,7.5008,-0.4192,-5.29%,13312
BMRA,2024-01-16,7.6,7.8408,7.3608,7.6496,0.1488,+1.98%,6075
BMRA,2024-01-17,7.92,7.92,7.52,7.644,-0.0056,-0.07%,4650
BMRA,2024-01-18,7.68,7.9808,7.28,7.28,-0.364,-4.76%,6350
BMRA,2024-01-19,7.28,7.4592,7.04,7.28,0,0.00%,4837
BMRA,2024-01-22,7.28,7.6,7.04,7.2808,0.0008,+0.01%,3437
BMRA,2024-01-23,7.28,7.912,7.28,7.7608,0.48,+6.59%,8362
BMRA,2024-01-24,7.84,7.912,7.528,7.5984,-0.1624,-2.09%,2850
BMRA,2024-01-25,7.84,7.92,7.28,7.36,-0.2384,-3.14%,3025
BMRA,2024-01-26,7.36,7.36,7.04,7.2352,-0.1248,-1.70%,4562
BMRA,2024-01-29,7.12,7.68,7.12,7.68,0.4448,+6.15%,4825
BMRA,2024-01-30,7.44,7.68,7.1208,7.436,-0.244,-3.18%,5600
BMRA,2024-01-31,7.2808,7.5136,7.2808,7.44,0.004,+0.05%,2187
BMRA,2024-02-01,7.44,7.68,7.2,7.2672,-0.1728,-2.32%,6512
BMRA,2024-02-02,7.36,7.44,7.2,7.2736,0.0064,+0.09%,4500
BMRA,2024-02-05,7.2,7.2008,6.6,6.6,-0.6736,-9.26%,11687
BMRA,2024-02-06,6.8904,7.04,6.72,6.8408,0.2408,+3.65%,4037
BMRA,2024-02-07,6.72,7.4,6.72,6.9024,0.0616,+0.90%,16137
BMRA,2024-02-08,6.8,7.1392,6.488,6.8056,-0.0968,-1.40%,7925
BMRA,2024-02-09,6.8,7.52,6.6248,7.4272,0.6216,+9.13%,4312
BMRA,2024-02-12,7.36,7.92,7.2,7.604,0.1768,+2.38%,3775
BMRA,2024-02-13,7.76,8.08,7.604,7.92,0.316,+4.16%,9950
BMRA,2024-02-14,8,8.136,7.6,7.9208,0.0008,+0.01%,7262
BMRA,2024-02-15,7.6832,7.9048,7.4912,7.7288,-0.192,-2.42%,4637
BMRA,2024-02-16,7.84,8.64,7.7448,8.48,0.7512,+9.72%,13750
BMRA,2024-02-20,8.48,8.48,8.0808,8.2,-0.28,-3.30%,6250
BMRA,2024-02-21,8.4,8.72,8.24,8.64,0.44,+5.37%,6675
BMRA,2024-02-22,8.72,9.28,8.32,9.1736,0.5336,+6.18%,14200
BMRA,2024-02-23,9.28,10.8,9.2,10.32,1.1464,+12.50%,25862
BMRA,2024-02-26,10.4,10.64,9.0448,9.68,-0.64,-6.20%,12062
BMRA,2024-02-27,9.76,10.7192,9.5888,10,0.32,+3.31%,7612
BMRA,2024-02-28,10,10.16,9.664,9.84,-0.16,-1.60%,3650
BMRA,2024-02-29,9.68,9.92,9.68,9.76,-0.08,-0.81%,1987
BMRA,2024-03-01,9.76,9.9192,9.44,9.6,-0.16,-1.64%,3825
BMRA,2024-03-04,9.52,9.9816,9.52,9.76,0.16,+1.67%,2587
BMRA,2024-03-05,9.76,10,9.6,9.68,-0.08,-0.82%,2200
BMRA,2024-03-06,9.6,9.92,9.36,9.36,-0.32,-3.31%,5950
BMRA,2024-03-07,9.28,9.52,8.96,9.12,-0.24,-2.56%,2000
BMRA,2024-03-08,9.12,9.28,8.64,8.72,-0.4,-4.39%,4950
BMRA,2024-03-11,8.72,8.8,8.24,8.4,-0.32,-3.67%,3662
BMRA,2024-03-12,8.48,8.72,8.08,8.16,-0.24,-2.86%,3300
BMRA,2024-03-13,8.16,8.48,8.08,8.16,0,0.00%,3750
BMRA,2024-03-14,8.6752,8.6752,8,8.24,0.08,+0.98%,4687
BMRA,2024-03-15,8.24,8.64,8.24,8.48,0.24,+2.91%,2625
BMRA,2024-03-18,8.48,9.04,8.4,8.6,0.12,+1.42%,2225
BMRA,2024-03-19,8.64,9.12,8.48,8.88,0.28,+3.26%,3025
BMRA,2024-03-20,8.8,9.52,8.24,8.64,-0.24,-2.70%,5050
BMRA,2024-03-21,8.64,8.64,7.92,8,-0.64,-7.41%,2625
BMRA,2024-03-22,8.08,8.32,6.8,7.1008,-0.8992,-11.24%,18462
BMRA,2024-03-25,7.04,7.64,6.7224,6.9624,-0.1384,-1.95%,16750
BMRA,2024-03-26,6.8,7.28,6.72,7.12,0.1576,+2.26%,6312
BMRA,2024-03-27,6.8,7.2,6.8,7.12,0,0.00%,7825
BMRA,2024-03-28,7.28,7.6,6.56,6.656,-0.464,-6.52%,10487
BMRA,2024-04-01,7.0808,7.28,6.72,6.82,0.164,+2.46%,7737
BMRA,2024-04-02,6.7608,7.28,6.6496,6.8464,0.0264,+0.39%,9762
BMRA,2024-04-03,6.72,7.0336,6.5608,6.6752,-0.1712,-2.50%,4787
BMRA,2024-04-04,6.7432,6.8016,6.5608,6.696,0.0208,+0.31%,2537
BMRA,2024-04-05,6.72,7.0792,6.56,6.7208,0.0248,+0.37%,10050
BMRA,2024-04-08,6.88,7.08,6.4832,6.4872,-0.2336,-3.48%,6562
BMRA,2024-04-09,6.488,6.8,6.488,6.6032,0.116,+1.79%,3312
BMRA,2024-04-10,6.48,7.04,6.48,6.48,-0.1232,-1.87%,3225
BMRA,2024-04-11,6.4824,7.12,6.4704,6.4928,0.0128,+0.20%,35062
BMRA,2024-04-12,6.72,6.8392,6.48,6.624,0.1312,+2.02%,7987
BMRA,2024-04-15,6.56,6.6768,6.16,6.16,-0.464,-7.00%,16612
BMRA,2024-04-16,6.288,6.48,5.8408,5.9064,-0.2536,-4.12%,7987
BMRA,2024-04-17,6.08,6.3176,6,6.008,0.1016,+1.72%,4475
BMRA,2024-04-18,6,6.48,5.92,6.08,0.072,+1.20%,6862
BMRA,2024-04-19,6,6.196,5.8424,5.8424,-0.2376,-3.91%,4387
BMRA,2024-04-22,5.8424,6.0984,5.624,5.7976,-0.0448,-0.77%,7412
BMRA,2024-04-23,6.16,6.24,5.76,5.776,-0.0216,-0.37%,6062
BMRA,2024-04-24,6.0648,6.4,5.36,5.704,-0.072,-1.25%,82512
BMRA,2024-04-25,5.84,5.84,5.28,5.4032,-0.3008,-5.27%,15375
BMRA,2024-04-26,5.6,5.6,5.2904,5.3216,-0.0816,-1.51%,11912
BMRA,2024-04-29,5.8416,6.308,4,4.26,-1.0616,-19.95%,874762
BMRA,2024-04-30,4.4,5.2984,4.4,4.768,0.508,+11.92%,105000
BMRA,2024-05-01,4.488,5.12,4.48,5.0408,0.2728,+5.72%,78637
BMRA,2024-05-02,5.0408,5.0408,4.7376,4.8,-0.2408,-4.78%,19212
BMRA,2024-05-03,4.9504,5.192,4.08,4.48,-0.32,-6.67%,33025
BMRA,2024-05-06,4.4448,4.872,4.32,4.7056,0.2256,+5.04%,23262
BMRA,2024-05-07,4.688,5.1104,4.3904,4.568,-0.1376,-2.92%,51887
BMRA,2024-05-08,4.48,4.8,4.48,4.72,0.152,+3.33%,11062
BMRA,2024-05-09,4.7544,4.9104,4.5904,4.9104,0.1904,+4.03%,7987
BMRA,2024-05-10,4.8896,4.8896,4.4624,4.7048,-0.2056,-4.19%,5900
BMRA,2024-05-13,4.088,4.872,4.088,4.824,0.1192,+2.53%,137062
BMRA,2024-05-14,4.608,4.88,4.6,4.8,-0.024,-0.50%,7462
BMRA,2024-05-15,4.9208,5,4.56,4.872,0.072,+1.50%,19412
BMRA,2024-05-16,4.7256,5,4.6448,4.856,-0.016,-0.33%,4875
BMRA,2024-05-17,4.96,5.44,4.88,5.3224,0.4664,+9.60%,16837
BMRA,2024-05-20,5.496,5.496,5.2168,5.284,-0.0384,-0.72%,8687
BMRA,2024-05-21,5.284,5.284,4.972,5.264,-0.02,-0.38%,6662
BMRA,2024-05-22,5.056,5.36,5.0432,5.064,-0.2,-3.80%,4212
BMRA,2024-05-23,5.168,5.168,4.9208,5.144,0.08,+1.58%,11812
BMRA,2024-05-24,5.1672,5.2368,5.0008,5.008,-0.136,-2.64%,3512
BMRA,2024-05-28,5.048,5.28,4.444,4.896,-0.112,-2.24%,12900
BMRA,2024-05-29,4.72,5.12,4.4448,5.04,0.144,+2.94%,5362
BMRA,2024-05-30,5.12,5.12,4.6424,5.04,0,0.00%,3137
BMRA,2024-05-31,5.04,5.0688,4.64,4.6448,-0.3952,-7.84%,10362
BMRA,2024-06-03,4.648,4.944,4.444,4.688,0.0432,+0.93%,1862
BMRA,2024-06-04,4.72,4.88,4.4,4.6136,-0.0744,-1.59%,2900
BMRA,2024-06-05,4.608,4.72,4.424,4.4496,-0.164,-3.55%,4225
BMRA,2024-06-06,4.48,4.64,4.48,4.6392,0.1896,+4.26%,1212
BMRA,2024-06-07,4.52,4.64,4.24,4.3264,-0.3128,-6.74%,10425
BMRA,2024-06-10,4.32,4.656,4.24,4.56,0.2336,+5.40%,6812
BMRA,2024-06-11,4.6288,4.72,4.4,4.64,0.08,+1.75%,7212
BMRA,2024-06-12,4.56,4.7992,4.4,4.64,0,0.00%,7337
BMRA,2024-06-13,4.64,4.6568,4.4208,4.48,-0.16,-3.45%,2250
BMRA,2024-06-14,4.5592,4.632,4.452,4.616,0.136,+3.04%,2825
BMRA,2024-06-17,4.56,4.72,4.48,4.72,0.104,+2.25%,6137
BMRA,2024-06-18,4.5736,4.7592,4.2528,4.2528,-0.4672,-9.90%,14662
BMRA,2024-06-20,4.2424,4.4008,3.6008,3.6008,-0.652,-15.33%,31062
BMRA,2024-06-21,3.6008,3.8624,3.204,3.5864,-0.0144,-0.40%,21100
BMRA,2024-06-24,3.52,4.08,3.3488,3.3488,-0.2376,-6.63%,20525
BMRA,2024-06-25,3.36,4,3.36,3.3992,0.0504,+1.51%,21175
BMRA,2024-06-26,3.44,3.7984,3.404,3.632,0.2328,+6.85%,20475
BMRA,2024-06-27,3.568,3.752,3.36,3.596,-0.036,-0.99%,8425
BMRA,2024-06-28,3.536,3.76,3.4456,3.5184,-0.0776,-2.16%,6250
BMRA,2024-07-01,3.4672,3.7568,3.4624,3.5208,0.0024,+0.07%,10837
BMRA,2024-07-02,3.52,3.712,3.52,3.56,0.0392,+1.11%,3037
BMRA,2024-07-03,3.488,3.7168,3.488,3.5896,0.0296,+0.83%,6437
BMRA,2024-07-05,3.56,3.76,3.4568,3.488,-0.1016,-2.83%,3850
BMRA,2024-07-08,3.52,3.76,3.5184,3.5312,0.0432,+1.24%,10462
BMRA,2024-07-09,3.608,3.6792,3.3072,3.4256,-0.1056,-2.99%,10062
BMRA,2024-07-10,3.4248,3.4392,3.32,3.3352,-0.0904,-2.64%,6575
BMRA,2024-07-11,3.3344,3.4248,2.24,2.936,-0.3992,-11.97%,29700
BMRA,2024-07-12,2.96,3.032,2.8,2.8552,-0.0808,-2.75%,7812
BMRA,2024-07-15,2.848,2.96,2.8416,2.8632,0.008,+0.28%,6975
BMRA,2024-07-16,3.032,3.032,2.8808,2.8808,0.0176,+0.61%,4712
BMRA,2024-07-17,2.88,3.0824,2.84,2.9552,0.0744,+2.58%,8050
BMRA,2024-07-18,2.8688,3,2.64,2.64,-0.3152,-10.67%,5787
BMRA,2024-07-19,2.792,2.792,2.6,2.6608,0.0208,+0.79%,3137
BMRA,2024-07-22,2.752,2.7632,2.564,2.6336,-0.0272,-1.02%,6987
BMRA,2024-07-23,2.64,2.792,2.64,2.72,0.0864,+3.28%,3225
BMRA,2024-07-24,2.88,2.88,2.72,2.8,0.08,+2.94%,5500
BMRA,2024-07-25,2.764,2.84,2.76,2.7952,-0.0048,-0.17%,3450
BMRA,2024-07-26,2.88,2.88,2.7616,2.7776,-0.0176,-0.63%,2275
BMRA,2024-07-29,2.84,2.84,2.6816,2.6816,-0.096,-3.46%,2625
BMRA,2024-07-30,2.688,2.7888,2.6424,2.72,0.0384,+1.43%,2000
BMRA,2024-07-31,2.7192,2.836,2.6064,2.6472,-0.0728,-2.68%,4425
BMRA,2024-08-01,2.608,2.64,2.3208,2.3992,-0.248,-9.37%,22762
BMRA,2024-08-02,2.3272,2.4296,2.1712,2.204,-0.1952,-8.14%,8250
BMRA,2024-08-05,2.1496,2.2464,1.932,2.2008,-0.0032,-0.15%,9487
BMRA,2024-08-06,2.2,2.376,2.2,2.3408,0.14,+6.36%,5400
BMRA,2024-08-07,2.536,2.7904,2.312,2.3976,0.0568,+2.43%,7025
BMRA,2024-08-08,2.404,2.4072,2.32,2.392,-0.0056,-0.23%,2387
BMRA,2024-08-09,2.512,2.64,2.3512,2.6232,0.2312,+9.67%,10012
BMRA,2024-08-12,2.7472,2.7688,2.24,2.4808,-0.1424,-5.43%,11412
BMRA,2024-08-13,2.4328,2.516,2.4,2.5048,0.024,+0.97%,4075
BMRA,2024-08-14,2.48,2.5416,2.4,2.44,-0.0648,-2.59%,6037
BMRA,2024-08-15,2.52,2.6112,2.4456,2.488,0.048,+1.97%,3850
BMRA,2024-08-16,2.488,2.6808,2.4848,2.5048,0.0168,+0.68%,7487
BMRA,2024-08-19,2.5424,2.828,2.52,2.8008,0.296,+11.82%,19087
BMRA,2024-08-20,2.8,3.36,2.6568,3.36,0.5592,+19.97%,43237
BMRA,2024-08-21,3.3344,3.84,3.28,3.4824,0.1224,+3.64%,52300
BMRA,2024-08-22,3.3776,3.7592,3.3608,3.4728,-0.0096,-0.28%,14962
BMRA,2024-08-23,3.36,3.6792,3.32,3.5176,0.0448,+1.29%,7312
BMRA,2024-08-26,3.4264,3.584,3.16,3.512,-0.0056,-0.16%,11912
BMRA,2024-08-27,3.4,4.08,3.4,3.9304,0.4184,+11.91%,23537
BMRA,2024-08-28,4.032,4.032,3.48,3.68,-0.2504,-6.37%,9100
BMRA,2024-08-29,3.84,4,3.44,3.684,0.004,+0.11%,19287
BMRA,2024-08-30,3.68,3.76,3.4984,3.52,-0.164,-4.45%,10062
BMRA,2024-09-03,3.52,3.696,3.44,3.4416,-0.0784,-2.23%,5975
BMRA,2024-09-04,3.6768,3.7888,2.6408,3.04,-0.4016,-11.67%,2043025
BMRA,2024-09-05,2.8336,3.7192,2.64,3.1048,0.0648,+2.13%,164600
BMRA,2024-09-06,2.96,3.04,2.724,2.776,-0.3288,-10.59%,27375
BMRA,2024-09-09,2.6928,3.096,2.5192,2.84,0.064,+2.31%,39250
BMRA,2024-09-10,2.7544,2.84,2.576,2.592,-0.248,-8.73%,19250
BMRA,2024-09-11,2.64,2.692,2.4848,2.488,-0.104,-4.01%,12475
BMRA,2024-09-12,2.496,2.56,2.336,2.4408,-0.0472,-1.90%,11587
BMRA,2024-09-13,2.4,2.56,2.244,2.424,-0.0168,-0.69%,13075
BMRA,2024-09-16,2.4,2.88,2.3472,2.5712,0.1472,+6.07%,39600
BMRA,2024-09-17,2.56,2.7864,2.488,2.632,0.0608,+2.36%,2537
BMRA,2024-09-18,2.56,2.632,2.456,2.456,-0.176,-6.69%,9337
BMRA,2024-09-19,2.592,2.6216,2.4048,2.5368,0.0808,+3.29%,2450
BMRA,2024-09-20,2.544,2.544,2.24,2.2448,-0.292,-11.51%,12562
BMRA,2024-09-23,2.24,2.56,2.2392,2.4,0.1552,+6.91%,5400
BMRA,2024-09-24,2.336,2.96,2.336,2.76,0.36,+15.00%,11975
BMRA,2024-09-25,2.76,2.872,2.628,2.7464,-0.0136,-0.49%,7725
BMRA,2024-09-26,2.72,2.7496,2.6,2.64,-0.1064,-3.87%,3637
BMRA,2024-09-27,2.6,2.68,2.4472,2.52,-0.12,-4.55%,5775
BMRA,2024-09-30,2.52,2.752,2.4568,2.6208,0.1008,+4.00%,1637
BMRA,2024-10-01,2.6208,2.72,2.464,2.704,0.0832,+3.17%,3662
BMRA,2024-10-02,2.6384,2.916,2.5112,2.76,0.056,+2.07%,7637
BMRA,2024-10-03,2.68,2.872,2.6,2.64,-0.12,-4.35%,2637
BMRA,2024-10-04,2.6392,2.864,2.6,2.6,-0.04,-1.52%,8075
BMRA,2024-10-07,2.6,2.8,2.4464,2.5064,-0.0936,-3.60%,15950
BMRA,2024-10-08,2.5064,2.84,2.5064,2.536,0.0296,+1.18%,12337
BMRA,2024-10-09,2.5224,2.6664,2.4,2.6384,0.1024,+4.04%,6412
BMRA,2024-10-10,2.5584,2.72,2.3904,2.4888,-0.1496,-5.67%,9962
BMRA,2024-10-11,2.4888,2.8,2.4888,2.608,0.1192,+4.79%,7150
BMRA,2024-10-14,2.68,2.72,2.5056,2.72,0.112,+4.29%,4062
BMRA,2024-10-15,2.584,2.7208,2.504,2.5688,-0.1512,-5.56%,5350
BMRA,2024-10-16,2.5688,2.88,2.52,2.8,0.2312,+9.00%,32624
BMRA,2024-10-17,2.72,2.8792,2.5688,2.712,-0.088,-3.14%,8950
BMRA,2024-10-18,2.656,2.8,2.5688,2.5688,-0.1432,-5.28%,6187
BMRA,2024-10-21,2.64,2.8,2.5672,2.6,0.0312,+1.21%,8687
BMRA,2024-10-22,2.6,2.6,2.4,2.584,-0.016,-0.62%,7412
BMRA,2024-10-23,2.584,2.584,2.376,2.456,-0.128,-4.95%,8750
BMRA,2024-10-24,2.456,2.56,2.32,2.3816,-0.0744,-3.03%,6612
BMRA,2024-10-25,2.36,2.3992,2.24,2.36,-0.0216,-0.91%,11612
BMRA,2024-10-28,2.36,2.64,2.3256,2.504,0.144,+6.10%,12487
BMRA,2024-10-29,2.4,2.5792,2.4,2.488,-0.016,-0.64%,5462
BMRA,2024-10-30,2.488,3.4832,2.488,2.9544,0.4664,+18.75%,491037
BMRA,2024-10-31,3.016,3.464,2.96,2.976,0.0216,+0.73%,54350
BMRA,2024-11-01,2.92,3.0688,2.8128,2.976,0,0.00%,25050
BMRA,2024-11-04,3.008,3.008,2.8,2.84,-0.136,-4.57%,11750
BMRA,2024-11-05,2.896,2.976,2.8,2.8352,-0.0048,-0.17%,9312
BMRA,2024-11-06,2.72,2.9608,2.712,2.856,0.0208,+0.73%,18000
BMRA,2024-11-07,2.888,3.12,2.8,3.0304,0.1744,+6.11%,19650
BMRA,2024-11-08,3.12,3.2088,2.824,3.12,0.0896,+2.96%,112437
BMRA,2024-11-11,3.12,3.16,2.96,3.1064,-0.0136,-0.44%,8975
BMRA,2024-11-12,3.16,3.16,2.7616,2.96,-0.1464,-4.71%,11950
BMRA,2024-11-13,2.88,2.956,2.72,2.908,-0.052,-1.76%,7925
BMRA,2024-11-14,2.88,2.8944,2.736,2.816,-0.092,-3.16%,5250
BMRA,2024-11-15,2.8,2.88,2.652,2.7928,-0.0232,-0.82%,6025
BMRA,2024-11-18,2.7928,2.7928,2.6248,2.68,-0.1128,-4.04%,5550
BMRA,2024-11-19,2.56,2.72,2.48,2.5592,-0.1208,-4.51%,7175
BMRA,2024-11-20,2.5592,2.64,2.4,2.5944,0.0352,+1.38%,4550
BMRA,2024-11-21,2.52,2.72,2.444,2.588,-0.0064,-0.25%,50100
BMRA,2024-11-22,2.56,2.72,2.5064,2.512,-0.076,-2.94%,16462
BMRA,2024-11-25,2.512,2.72,2.488,2.568,0.056,+2.23%,20663
BMRA,2024-11-26,2.568,2.72,2.4176,2.4208,-0.1472,-5.73%,18474
BMRA,2024-11-27,2.4208,2.72,2.4208,2.5768,0.156,+6.44%,1355862
BMRA,2024-11-29,3.136,3.6368,2.96,3.116,0.5392,+20.93%,3131462
BMRA,2024-12-02,2.8448,3.8424,2.7344,3.2944,0.1784,+5.73%,637912
BMRA,2024-12-03,2.9832,3.1792,2.8,3.1736,-0.1208,-3.67%,90425
BMRA,2024-12-04,2.9192,3.12,2.744,2.976,-0.1976,-6.23%,74887
BMRA,2024-12-05,2.88,2.9584,2.8,2.884,-0.092,-3.09%,34125
BMRA,2024-12-06,2.72,2.7408,2.1504,2.32,-0.564,-19.56%,173525
BMRA,2024-12-09,2.248,2.56,2.248,2.4632,0.1432,+6.17%,80687
BMRA,2024-12-10,2.56,2.56,2.256,2.4016,-0.0616,-2.50%,33412
BMRA,2024-12-11,2.2984,2.3592,2.168,2.24,-0.1616,-6.73%,31262
BMRA,2024-12-12,2.32,2.4,2.1752,2.3696,0.1296,+5.79%,18725
BMRA,2024-12-13,2.376,2.512,2.28,2.5104,0.1408,+5.94%,24562
BMRA,2024-12-16,2.408,2.56,2.408,2.48,-0.0304,-1.21%,34975
BMRA,2024-12-17,2.5408,2.5744,2.372,2.52,0.04,+1.61%,25175
BMRA,2024-12-18,2.48,2.5808,2.32,2.328,-0.192,-7.62%,24375
BMRA,2024-12-19,2.376,2.3952,2.12,2.128,-0.2,-8.59%,42562
BMRA,2024-12-20,2.16,2.2352,2.1288,2.2312,0.1032,+4.85%,11012
BMRA,2024-12-23,2.1824,2.24,2.08,2.176,-0.0552,-2.47%,21000
BMRA,2024-12-24,2.16,2.24,2.16,2.224,0.048,+2.21%,6412
BMRA,2024-12-26,2.24,2.6,2.1608,2.6,0.376,+16.91%,47400
BMRA,2024-12-27,2.48,2.5832,2.4008,2.5232,-0.0768,-2.95%,20287
BMRA,2024-12-30,2.56,2.592,2.4,2.4432,-0.08,-3.17%,31462
BMRA,2024-12-31,2.416,2.64,2.24,2.4008,-0.0424,-1.74%,41787
BMRA,2025-01-02,2.48,2.5992,2.368,2.424,0.0232,+0.97%,32212
BMRA,2025-01-03,2.32,2.7288,2.32,2.7208,0.2968,+12.24%,30724
BMRA,2025-01-06,2.792,3.2888,2.7208,2.8976,0.1768,+6.50%,87062
BMRA,2025-01-07,2.976,2.9856,2.808,2.88,-0.0176,-0.61%,22237
BMRA,2025-01-08,2.8,3.04,2.616,2.6248,-0.2552,-8.86%,19625
BMRA,2025-01-10,2.864,2.8712,2.56,2.7992,0.1744,+6.64%,29137
BMRA,2025-01-13,2.7992,2.8328,2.5584,2.5688,-0.2304,-8.23%,23775
BMRA,2025-01-14,2.5752,2.64,2.52,2.6208,0.052,+2.02%,14525
BMRA,2025-01-15,2.56,2.96,2.56,2.8,0.1792,+6.84%,46112
BMRA,2025-01-16,8.8,10.16,4.4984,5.648,2.848,+101.71%,49451076
BMRA,2025-01-17,5.68,6,4.816,5.12,-0.528,-9.35%,1463350
BMRA,2025-01-21,4.48,5.1936,4.2448,4.8,-0.32,-6.25%,565812
BMRA,2025-01-22,4.5184,5.6,4.3232,5,0.2,+4.17%,589800
BMRA,2025-01-23,4.704,5.072,4.4904,4.8152,-0.1848,-3.70%,136987
BMRA,2025-01-24,5.04,5.3992,4.576,4.808,-0.0072,-0.15%,192300
BMRA,2025-01-27,4.644,5.5192,4.644,5.12,0.312,+6.49%,141212
BMRA,2025-01-28,4.888,5.5984,4.8024,5.4648,0.3448,+6.73%,125062
BMRA,2025-01-29,5.76,5.76,5.04,5.04,-0.4248,-7.77%,77287
BMRA,2025-01-30,5.376,5.376,4.3352,4.4968,-0.5432,-10.78%,119812
BMRA,2025-01-31,4.3304,4.4176,4,4.0392,-0.4576,-10.18%,110474
BMRA,2025-02-03,3.9992,3.9992,3.76,3.764,-0.2752,-6.81%,54175
BMRA,2025-02-04,3.764,3.7688,3.432,3.5296,-0.2344,-6.23%,86262
BMRA,2025-02-05,3.44,4.4912,3.44,4.0488,0.5192,+14.71%,182200
BMRA,2025-02-06,3.8264,4.28,3.8264,4.28,0.2312,+5.71%,36412
BMRA,2025-02-07,4.472,4.6,4.0088,4.1808,-0.0992,-2.32%,49612
BMRA,2025-02-10,4.4,6.248,4.32,6.016,1.8352,+43.90%,954112
BMRA,2025-02-11,5.912,6.08,5.4496,6.004,-0.012,-0.20%,227050
BMRA,2025-02-12,6,6,5.4648,5.568,-0.436,-7.26%,95800
BMRA,2025-02-13,5.568,6.3192,5.44,6.2216,0.6536,+11.74%,152887
BMRA,2025-02-14,6.2616,7.1696,6.1656,6.64,0.4184,+6.72%,209375
BMRA,2025-02-18,7.2,8.8,6.8768,8.24,1.6,+24.10%,545312
BMRA,2025-02-19,8,8.4,7.2816,7.5432,-0.6968,-8.46%,189737
BMRA,2025-02-20,7.6,7.76,6.8496,7.12,-0.4232,-5.61%,108750
BMRA,2025-02-21,7.28,7.92,6.64,6.712,-0.408,-5.73%,91412
BMRA,2025-02-24,6.48,6.64,5.6,6.0096,-0.7024,-10.46%,130587
BMRA,2025-02-25,5.7608,5.8392,5.2128,5.3392,-0.6704,-11.16%,56000
BMRA,2025-02-26,5.676,6.7992,5.6,5.8408,0.5016,+9.39%,426475
BMRA,2025-02-27,6.24,6.6624,5.92,6.072,0.2312,+3.96%,69350
BMRA,2025-02-28,5.784,6.1592,5.76,5.8792,-0.1928,-3.18%,37137
BMRA,2025-03-03,6,6.1544,5.52,5.6984,-0.1808,-3.08%,38750
BMRA,2025-03-04,5.6,5.6504,5.12,5.4,-0.2984,-5.24%,41962
BMRA,2025-03-05,5.4024,5.6784,5.2056,5.4688,0.0688,+1.27%,27387
BMRA,2025-03-06,5.44,5.64,5.12,5.1968,-0.272,-4.97%,25137
BMRA,2025-03-07,5.0416,5.2528,4.88,5.152,-0.0448,-0.86%,21887
BMRA,2025-03-10,4.9976,5.1216,4.72,4.8912,-0.2608,-5.06%,34475
BMRA,2025-03-11,4.88,5.048,4.56,4.904,0.0128,+0.26%,27424
BMRA,2025-03-12,5.112,5.1984,4.7208,4.832,-0.072,-1.47%,16362
BMRA,2025-03-13,4.8,4.936,4.4,4.58,-0.252,-5.22%,23600
BMRA,2025-03-14,4.72,5.12,4.58,4.972,0.392,+8.56%,24837
BMRA,2025-03-17,5.44,5.76,5.1224,5.5992,0.6272,+12.61%,31024
BMRA,2025-03-18,5.6,5.6,5.2,5.2584,-0.3408,-6.09%,20912
BMRA,2025-03-19,5.2,5.5832,5.2,5.4216,0.1632,+3.10%,15600
BMRA,2025-03-20,5.6,5.76,5.28,5.6792,0.2576,+4.75%,38687
BMRA,2025-03-21,5.6,5.68,5.424,5.4816,-0.1976,-3.48%,13775
BMRA,2025-03-24,5.76,5.9176,5.5104,5.6792,0.1976,+3.60%,27575
BMRA,2025-03-25,5.6,5.8312,5.28,5.376,-0.3032,-5.34%,14812
BMRA,2025-03-26,5.28,5.376,5.04,5.104,-0.272,-5.06%,17862
BMRA,2025-03-27,5.12,5.2368,4.88,4.952,-0.152,-2.98%,15375
BMRA,2025-03-28,4.96,5.1152,4.6408,4.6544,-0.2976,-6.01%,34162
BMRA,2025-03-31,4.48,4.7592,4.4224,4.536,-0.1184,-2.54%,21712
BMRA,2025-04-01,4.48,4.7184,4.416,4.56,0.024,+0.53%,15675
BMRA,2025-04-02,4.48,4.64,4.48,4.5496,-0.0104,-0.23%,13887
BMRA,2025-04-03,4.624,4.7136,4.08,4.304,-0.2456,-5.40%,15687
BMRA,2025-04-04,4.0048,4.6392,4,4.0016,-0.3024,-7.03%,25475
BMRA,2025-04-07,3.92,4.08,3.76,3.984,-0.0176,-0.44%,16612
BMRA,2025-04-08,4,4.216,3.768,3.8752,-0.1088,-2.73%,18187
BMRA,2025-04-09,3.84,4.4,3.68,4.3048,0.4296,+11.09%,18637
BMRA,2025-04-10,4.24,4.4496,4.0008,4.1064,-0.1984,-4.61%,9125
BMRA,2025-04-11,3.928,4.3864,3.92,4.28,0.1736,+4.23%,9625
BMRA,2025-04-14,4.4,4.4392,4.24,4.424,0.144,+3.36%,8350
BMRA,2025-04-15,4.88,4.88,4.4448,4.5592,0.1352,+3.06%,10200
BMRA,2025-04-16,3.596,3.596,3.2,3.3608,-1.1984,-26.29%,104087
BMRA,2025-04-17,3.44,3.92,3.3608,3.8408,0.48,+14.28%,103712
BMRA,2025-04-21,3.79,4.07,3.2782,3.68,-0.1608,-4.19%,69800
BMRA,2025-04-22,3.61,3.61,3.18,3.35,-0.33,-8.97%,59800
BMRA,2025-04-23,3.5,3.93,3.44,3.66,0.31,+9.25%,311900
BMRA,2025-04-24,3.63,3.78,3.41,3.76,0.1,+2.73%,44500
BMRA,2025-04-25,3.7,3.95,3.6,3.88,0.12,+3.19%,31900
BMRA,2025-04-28,3.91,4.2099,3.74,3.84,-0.04,-1.03%,21700
BMRA,2025-04-29,3.82,3.96,3.61,3.61,-0.23,-5.99%,33300
BMRA,2025-04-30,3.68,3.74,3.46,3.62,0.01,+0.28%,15100
BMRA,2025-05-01,3.62,3.72,3.46,3.6,-0.02,-0.55%,19600
BMRA,2025-05-02,3.55,3.7328,3.5495,3.61,0.01,+0.28%,7300
BMRA,2025-05-05,3.65,3.65,3.4472,3.53,-0.08,-2.22%,7400
BMRA,2025-05-06,3.53,3.53,3.3,3.3,-0.23,-6.52%,20100
BMRA,2025-05-07,3.3,3.95,3.261,3.4735,0.1735,+5.26%,117900
BMRA,2025-05-08,3.57,3.62,3.27,3.46,-0.0135,-0.39%,25900
BMRA,2025-05-09,3.61,3.61,3.4699,3.58,0.12,+3.47%,10200
BMRA,2025-05-12,3.74,3.74,3.4011,3.55,-0.03,-0.84%,18700
BMRA,2025-05-13,3.61,3.6869,3.4513,3.4946,-0.0554,-1.56%,25100
BMRA,2025-05-14,3.49,3.5692,3.4139,3.5,0.0054,+0.15%,13400
BMRA,2025-05-15,3.5,3.6713,3.42,3.6713,0.1713,+4.89%,16100
BMRA,2025-05-16,3.65,3.7,3.5101,3.64,-0.0313,-0.85%,15600
BMRA,2025-05-19,3.61,3.64,3.51,3.6,-0.04,-1.10%,14700
BMRA,2025-05-20,3.58,3.64,3.5751,3.64,0.04,+1.11%,3700
BMRA,2025-05-21,3.63,3.6593,3.5,3.51,-0.13,-3.57%,11700
BMRA,2025-05-22,3.51,3.514,3.21,3.35,-0.16,-4.56%,167700
BMRA,2025-05-23,3.3,3.3,3.03,3.11,-0.24,-7.16%,26400
BMRA,2025-05-27,3.11,3.22,3.0019,3.18,0.07,+2.25%,15600
BMRA,2025-05-28,3.08,3.28,3.0603,3.1219,-0.0581,-1.83%,6200
BMRA,2025-05-29,3.12,3.22,3.1,3.16,0.0381,+1.22%,12900
BMRA,2025-05-30,3.01,3.09,3.01,3.05,-0.11,-3.48%,15800
BMRA,2025-06-02,3.09,3.4,3.04,3.39,0.34,+11.15%,78300
BMRA,2025-06-03,3.4,3.4,3.115,3.18,-0.21,-6.19%,42900
BMRA,2025-06-04,3.19,3.3544,3.0093,3.1881,0.0081,+0.25%,12700
BMRA,2025-06-05,3.2,3.24,3.08,3.24,0.0519,+1.63%,121200
BMRA,2025-06-06,3.24,3.38,3.17,3.38,0.14,+4.32%,8800
BMRA,2025-06-09,3.41,3.62,3.41,3.42,0.04,+1.18%,32100
BMRA,2025-06-10,3.59,3.59,3.35,3.43,0.01,+0.29%,26600
BMRA,2025-06-11,3.6,3.6,3.42,3.43,0,0.00%,13400
BMRA,2025-06-12,3.5,3.52,3.28,3.32,-0.11,-3.21%,8700
BMRA,2025-06-13,3.21,3.48,3.13,3.2,-0.12,-3.61%,59300
BMRA,2025-06-16,3.33,3.43,3.21,3.34,0.14,+4.38%,6200
BMRA,2025-06-17,3.37,3.44,3.25,3.26,-0.08,-2.40%,6300
BMRA,2025-06-18,3.28,3.328,3.22,3.27,0.01,+0.31%,5000
BMRA,2025-06-20,3.29,3.29,3.16,3.16,-0.11,-3.36%,9700
BMRA,2025-06-23,3.12,3.18,3.03,3.03,-0.13,-4.11%,8700
BMRA,2025-06-24,3.08,3.17,3.07,3.16,0.13,+4.29%,12400
BMRA,2025-06-25,3.13,3.2,3.12,3.13,-0.03,-0.95%,5600
BMRA,2025-06-26,3.08,3.2,2.88,3.2,0.07,+2.24%,38200
BMRA,2025-06-27,3.2,3.22,3.05,3.15,-0.05,-1.56%,8700
BMRA,2025-06-30,3.15,3.176,3,3.16,0.01,+0.32%,8400
BMRA,2025-07-01,3.12,3.1878,3.0314,3.08,-0.08,-2.53%,6900
BMRA,2025-07-02,3.02,3.658,2.9601,3.23,0.15,+4.87%,614100
BMRA,2025-07-03,3.32,3.36,3.17,3.27,0.04,+1.24%,32000
BMRA,2025-07-07,3.27,3.4,3.2591,3.4,0.13,+3.98%,16900
BMRA,2025-07-08,3.39,3.4,3.2458,3.27,-0.13,-3.82%,15100
BMRA,2025-07-09,3.28,3.39,3.28,3.365,0.095,+2.91%,10500
BMRA,2025-07-10,3.47,3.78,3.29,3.34,-0.025,-0.74%,476200
BMRA,2025-07-11,3.28,3.28,2.972,3.15,-0.19,-5.69%,44100
BMRA,2025-07-14,3.11,3.1503,2.9501,3.03,-0.12,-3.81%,124100
BMRA,2025-07-15,3.05,3.1,2.94,3.04,0.01,+0.33%,116900
BMRA,2025-07-16,3.04,3.23,3.04,3.15,0.11,+3.62%,28600
BMRA,2025-07-17,3.18,3.44,3.09,3.4,0.25,+7.94%,110900
BMRA,2025-07-18,3.39,3.5,3.36,3.4,0,0.00%,88600
BMRA,2025-07-21,3.42,3.56,3.42,3.5,0.1,+2.94%,41600
BMRA,2025-07-22,3.53,3.67,3.522,3.6,0.1,+2.86%,10800
BMRA,2025-07-23,3.52,3.6,3.5,3.53,-0.07,-1.94%,8800
BMRA,2025-07-24,3.55,4.24,3.55,4.14,0.61,+17.28%,98600
BMRA,2025-07-25,4.1,4.12,3.74,3.91,-0.23,-5.56%,44700
BMRA,2025-07-28,3.95,3.95,3.5201,3.76,-0.15,-3.84%,29100
BMRA,2025-07-29,3.71,3.75,3.4287,3.44,-0.32,-8.51%,46400
BMRA,2025-07-30,3.43,3.68,3.41,3.52,0.08,+2.33%,39200
BMRA,2025-07-31,3.43,3.54,3.22,3.24,-0.28,-7.95%,65700
BMRA,2025-08-01,3.15,3.24,3.09,3.2323,-0.0077,-0.24%,40500
BMRA,2025-08-04,3.2,3.305,3.09,3.15,-0.0823,-2.55%,77400
BMRA,2025-08-05,3.18,3.2877,3.152,3.25,0.1,+3.17%,37500
BMRA,2025-08-06,3.21,3.34,3.15,3.15,-0.1,-3.08%,41500
BMRA,2025-08-07,3.1,3.24,3.07,3.11,-0.04,-1.27%,20400
BMRA,2025-08-08,3.12,3.185,3.08,3.11,0,0.00%,6900
BMRA,2025-08-11,3.07,3.2,3,3.011,-0.099,-3.18%,25700
BMRA,2025-08-12,3,3.1799,2.99,2.99,-0.021,-0.70%,18800
BMRA,2025-08-13,2.96,3.13,2.91,3.03,0.04,+1.34%,73600
BMRA,2025-08-14,4.2,4.6,3.41,3.51,0.48,+15.84%,39637700
BMRA,2025-08-15,3.09,3.22,2.82,3.17,-0.34,-9.69%,707500
BMRA,2025-08-18,3.14,3.26,3.01,3.07,-0.1,-3.15%,123800
BMRA,2025-08-19,3.06,3.09,2.8,2.97,-0.1,-3.26%,166300
BMRA,2025-08-20,3.12,3.4061,2.87,3.21,0.24,+8.08%,152200
BMRA,2025-08-21,3.23,3.4814,3.1701,3.41,0.2,+6.23%,114400
BMRA,2025-08-22,3.47,3.6,3.32,3.47,0.06,+1.76%,53800
BMRA,2025-08-25,3.4,3.51,3.2134,3.43,-0.04,-1.15%,46200
BMRA,2025-08-26,3.24,3.42,3.21,3.29,-0.14,-4.08%,52200
BMRA,2025-08-27,3.24,3.31,3.1201,3.15,-0.14,-4.26%,47700
BMRA,2025-08-28,3.13,3.24,3.0586,3.16,0.01,+0.32%,16900
BMRA,2025-08-29,3.11,3.22,3.05,3.13,-0.03,-0.95%,77300
BMRA,2025-09-02,3.03,3.0748,2.93,3,-0.13,-4.15%,47500
BMRA,2025-09-03,3.19,3.22,2.65,2.85,-0.15,-5.00%,6716700
BMRA,2025-09-04,2.84,2.94,2.7101,2.82,-0.03,-1.05%,299500
BMRA,2025-09-05,2.75,2.79,2.53,2.75,-0.07,-2.48%,129700
BMRA,2025-09-08,2.77,3.02,2.75,2.91,0.16,+5.82%,204500
BMRA,2025-09-09,2.74,3,2.74,2.91,0,0.00%,398000
BMRA,2025-09-10,2.94,3.035,2.8201,2.93,0.02,+0.69%,43600
BMRA,2025-09-11,2.98,3.08,2.9,2.95,0.02,+0.68%,38800
BMRA,2025-09-12,3,3.03,2.9512,2.98,0.03,+1.02%,20600
BMRA,2025-09-15,3.02,3.0529,2.9401,2.99,0.01,+0.34%,42700
BMRA,2025-09-16,3.03,3.05,2.8657,3,0.01,+0.33%,30600
BMRA,2025-09-17,3,3.05,2.9,2.92,-0.08,-2.67%,45500
BMRA,2025-09-18,2.92,2.99,2.92,2.93,0.01,+0.34%,26100
BMRA,2025-09-19,2.95,2.95,2.82,2.88,-0.05,-1.71%,47900
BMRA,2025-09-22,2.83,2.8996,2.7601,2.84,-0.04,-1.39%,47200
BMRA,2025-09-23,2.85,2.9,2.82,2.85,0.01,+0.35%,17600
BMRA,2025-09-24,2.88,2.9646,2.84,2.91,0.06,+2.11%,22400
BMRA,2025-09-25,2.85,2.87,2.78,2.8,-0.11,-3.78%,10500
BMRA,2025-09-26,2.75,2.86,2.75,2.81,0.01,+0.36%,17800
BMRA,2025-09-29,2.85,2.8825,2.8,2.85,0.04,+1.42%,24200
BMRA,2025-09-30,2.81,2.85,2.7643,2.83,-0.02,-0.70%,18400
BMRA,2025-10-01,2.7675,2.82,2.7611,2.82,-0.01,-0.35%,38000
BMRA,2025-10-02,2.765,2.84,2.68,2.76,-0.06,-2.13%,33800
BMRA,2025-10-03,2.73,2.81,2.7101,2.8,0.04,+1.45%,46600
BMRA,2025-10-06,2.79,2.94,2.7529,2.93,0.13,+4.64%,63700
BMRA,2025-10-07,2.89,2.99,2.82,2.84,-0.09,-3.07%,25700
BMRA,2025-10-08,2.81,2.9299,2.8,2.88,0.04,+1.41%,27200
BMRA,2025-10-09,2.9,2.99,2.86,2.95,0.07,+2.43%,34300
BMRA,2025-10-10,2.95,2.95,2.76,2.83,-0.12,-4.07%,43200
BMRA,2025-10-13,2.76,2.845,2.73,2.8,-0.03,-1.06%,25100
BMRA,2025-10-14,2.78,2.9,2.76,2.88,0.08,+2.86%,56100
BMRA,2025-10-15,2.84,2.9599,2.7775,2.86,-0.02,-0.69%,20500
BMRA,2025-10-16,2.68,3.09,2.62,3.01,0.15,+5.24%,4122500
BMRA,2025-10-17,2.96,3.08,2.82,2.98,-0.03,-1.00%,119900
BMRA,2025-10-20,3.01,3.2133,2.94,3.12,0.14,+4.70%,128200
BMRA,2025-10-21,3.12,3.2,3.06,3.2,0.08,+2.56%,43200
BMRA,2025-10-22,3.19,3.2,2.85,2.93,-0.27,-8.44%,85800
BMRA,2025-10-23,2.93,2.9769,2.82,2.91,-0.02,-0.68%,19500
BMRA,2025-10-24,2.9,3.01,2.9,2.96,0.05,+1.72%,25000
BMRA,2025-10-27,2.99,3.09,2.935,2.96,0,0.00%,30100
BMRA,2025-10-28,2.96,3.02,2.8801,2.93,-0.03,-1.01%,15700
BMRA,2025-10-29,2.96,2.96,2.78,2.79,-0.14,-4.78%,23300
BMRA,2025-10-30,2.81,2.83,2.75,2.76,-0.03,-1.08%,27400
BMRA,2025-10-31,2.76,2.79,2.7,2.79,0.03,+1.09%,18900
BMRA,2025-11-03,2.77,2.7911,2.6835,2.71,-0.08,-2.87%,14500
BMRA,2025-11-04,2.68,2.69,2.45,2.48,-0.23,-8.49%,34000
BMRA,2025-11-05,2.5,2.65,2.5,2.58,0.1,+4.03%,16600
BMRA,2025-11-06,2.56,2.5899,2.5,2.55,-0.03,-1.16%,27300
BMRA,2025-11-07,2.47,2.5099,2.36,2.46,-0.09,-3.53%,25800
BMRA,2025-11-10,2.53,2.53,2.4106,2.47,0.01,+0.41%,13300
BMRA,2025-11-11,2.48,2.555,2.48,2.53,0.06,+2.43%,13000
BMRA,2025-11-12,2.53,2.5499,2.47,2.52,-0.01,-0.40%,4000
BMRA,2025-11-13,2.51,2.56,2.45,2.5,-0.02,-0.79%,15100
BMRA,2025-11-14,2.4704,2.4704,2.41,2.41,-0.09,-3.60%,17300
BMRA,2025-11-17,2.42,2.44,2.29,2.29,-0.12,-4.98%,18200
BMRA,2025-11-18,2.27,2.3338,2.1619,2.25,-0.04,-1.75%,15900
BMRA,2025-11-19,2.26,2.327,2.17,2.18,-0.07,-3.11%,6200
BMRA,2025-11-20,2.19,2.33,2.19,2.24,0.06,+2.75%,59200
BMRA,2025-11-21,2.27,2.32,2.23,2.23,-0.01,-0.45%,14800
BMRA,2025-11-24,2.23,2.37,2.1805,2.29,0.06,+2.69%,15400
BMRA,2025-11-25,2.31,2.4,2.11,2.39,0.1,+4.37%,28300
BMRA,2025-11-26,2.35,2.38,2.32,2.32,-0.07,-2.93%,5200
BMRA,2025-11-28,2.37,2.39,2.33,2.37,0.05,+2.16%,4500
BMRA,2025-12-01,2.31,2.3401,2.26,2.26,-0.11,-4.64%,27900
BMRA,2025-12-02,2.32,2.34,2.27,2.34,0.08,+3.54%,8600
BMRA,2025-12-03,2.3007,2.345,2.26,2.31,-0.03,-1.28%,24500
BMRA,2025-12-04,2.295,2.3489,2.26,2.303,-0.007,-0.30%,8600
BMRA,2025-12-05,2.3,2.38,2.3,2.34,0.037,+1.61%,8600
BMRA,2025-12-08,2.3385,2.6,2.3,2.485,0.145,+6.20%,78900
BMRA,2025-12-09,2.45,2.5823,2.45,2.54,0.055,+2.21%,9800
BMRA,2025-12-10,2.44,2.5731,2.4283,2.5,-0.04,-1.57%,7900
BMRA,2025-12-11,2.58,2.6665,2.5014,2.58,0.08,+3.20%,54800
BMRA,2025-12-12,2.53,2.61,2.5001,2.58,0,0.00%,15000
BMRA,2025-12-15,2.59,2.59,2.42,2.47,-0.11,-4.26%,13000
BMRA,2025-12-16,2.47,2.47,2.37,2.37,-0.1,-4.05%,18800
BMRA,2025-12-17,2.39,2.39,2.3,2.39,0.02,+0.84%,3200
BMRA,2025-12-18,2.4013,2.43,2.3102,2.35,-0.04,-1.67%,7400
BMRA,2025-12-19,2.38,2.43,2.3001,2.31,-0.04,-1.70%,26300
BMRA,2025-12-22,2.31,2.47,2.31,2.37,0.06,+2.60%,22000
BMRA,2025-12-23,2.5,2.85,2.41,2.62,0.25,+10.55%,2370600
BMRA,2025-12-24,2.62,2.7,2.46,2.65,0.03,+1.15%,69000
BMRA,2025-12-26,2.66,2.81,2.6,2.7,0.05,+1.89%,76600
BMRA,2025-12-29,2.69,2.77,2.59,2.66,-0.04,-1.48%,35700
BMRA,2025-12-30,2.57,2.5936,2.4,2.45,-0.21,-7.89%,62100
BMRA,2025-12-31,2.45,2.58,2.4005,2.52,0.07,+2.86%,55900
BMRA,2026-01-02,2.5,2.56,2.34,2.53,0.01,+0.40%,30700
BMRA,2026-01-05,2.54,2.6199,2.36,2.6,0.07,+2.77%,25700
BMRA,2026-01-06,2.53,2.73,2.53,2.67,0.07,+2.69%,30500
BMRA,2026-01-07,2.65,2.935,2.481,2.78,0.11,+4.12%,66300
BMRA,2026-01-08,2.738,2.91,2.7001,2.88,0.1,+3.60%,31100
BMRA,2026-01-09,2.83,2.83,2.7,2.73,-0.15,-5.21%,35900
BMRA,2026-01-12,2.64,2.694,2.64,2.68,-0.05,-1.83%,14100
BMRA,2026-01-13,2.66,2.78,2.59,2.71,0.03,+1.12%,12200
BMRA,2026-01-14,2.74,2.74,2.5575,2.695,-0.015,-0.55%,6900
BMRA,2026-01-15,2.65,2.7945,2.5806,2.68,-0.015,-0.56%,21600
BMRA,2026-01-16,2.72,2.74,2.57,2.57,-0.11,-4.10%,16500
BMRA,2026-01-20,2.57,2.69,2.52,2.555,-0.015,-0.58%,15300
BMRA,2026-01-21,2.52,2.55,2.44,2.47,-0.085,-3.33%,12000
BMRA,2026-01-22,2.47,2.59,2.47,2.57,0.1,+4.05%,17900
BMRA,2026-01-23,2.57,2.62,2.51,2.57,0,0.00%,20600
BMRA,2026-01-26,2.52,2.56,2.41,2.425,-0.145,-5.64%,28700
BMRA,2026-01-27,2.4,2.46,2.38,2.44,0.015,+0.62%,16900
BMRA,2026-01-28,2.42,2.4244,2.39,2.424,-0.016,-0.66%,10900
BMRA,2026-01-29,2.39,2.4717,2.33,2.39,-0.034,-1.40%,15800
BMRA,2026-01-30,2.35,2.43,2.35,2.375,-0.015,-0.63%,22300
BMRA,2026-02-02,2.38,2.42,2.3792,2.41,0.035,+1.47%,4600
BMRA,2026-02-03,2.38,2.44,2.34,2.34,-0.07,-2.90%,4500
BMRA,2026-02-04,2.41,2.41,2.26,2.29,-0.05,-2.14%,8700
BMRA,2026-02-05,2.3,2.37,2.27,2.27,-0.02,-0.87%,4000
BMRA,2026-02-06,2.32,2.4399,2.25,2.25,-0.02,-0.88%,11500
BMRA,2026-02-09,2.26,2.26,2.17,2.17,-0.08,-3.56%,10000
BMRA,2026-02-10,2.25,2.3322,2.22,2.32,0.15,+6.91%,28100
BMRA,2026-02-11,2.28,2.285,2.23,2.28,-0.04,-1.72%,7200
BMRA,2026-02-12,2.285,2.285,2.14,2.16,-0.12,-5.26%,16200
BMRA,2026-02-13,2.18,2.29,2.18,2.29,0.13,+6.02%,6500
BMRA,2026-02-17,2.24,2.27,2.14,2.23,-0.06,-2.62%,10500
BMRA,2026-02-18,2.25,2.29,2.15,2.23,0,0.00%,41100
BMRA,2026-02-19,2.16,2.24,2.1342,2.22,-0.01,-0.45%,6800
BMRA,2026-02-20,2.21,2.24,2.17,2.17,-0.05,-2.25%,4100
BMRA,2026-02-23,2.2,2.2,2.06,2.1,-0.07,-3.23%,12900
BMRA,2026-02-24,2.1,2.165,2.05,2.1,0,0.00%,8200
BMRA,2026-02-25,2.17,2.18,2,2.16,0.06,+2.86%,19600
BMRA,2026-02-26,2.16,2.2,2.05,2.05,-0.11,-5.09%,57800
BMRA,2026-02-27,2.05,2.1,2.05,2.08,0.03,+1.46%,11800
BMRA,2026-03-02,2.02,2.07,1.9408,2.03,-0.05,-2.40%,10300
BMRA,2026-03-03,2,2.03,1.95,2.03,0,0.00%,6500
BMRA,2026-03-04,2,2.0499,1.88,2.03,0,0.00%,10300
BMRA,2026-03-05,2.05,2.1272,1.95,1.97,-0.06,-2.96%,26500
BMRA,2026-03-06,1.95,1.95,1.8664,1.92,-0.05,-2.54%,18600
BMRA,2026-03-09,1.89,2.19,1.87,2.19,0.27,+14.06%,33600
BMRA,2026-03-10,2.17,2.23,2,2.23,0.04,+1.83%,10200
BMRA,2026-03-11,2.08,2.19,2.01,2.02,-0.21,-9.42%,61400
BMRA,2026-03-12,2.01,2.07,1.95,1.97,-0.05,-2.48%,17100
BMRA,2026-03-13,1.97,2.005,1.95,1.97,0,0.00%,3600
BMRA,2026-03-16,1.975,2.0275,1.9687,2,0.03,+1.52%,9500
BMRA,2026-03-17,2,2.14,1.96,2.08,0.08,+4.00%,33300
BMRA,2026-03-18,2.16,2.23,2.08,2.14,0.06,+2.88%,103600
BMRA,2026-03-19,2.1,2.1,2.07,2.08,-0.06,-2.80%,10400
BMRA,2026-03-20,2.0017,2.23,2.0017,2.19,0.11,+5.29%,54000
BMRA,2026-03-23,2.16,2.19,2.1,2.13,-0.06,-2.74%,11500
BMRA,2026-03-24,2.1,2.18,2.1,2.16,0.03,+1.41%,12100
BMRA,2026-03-25,2.19,2.19,2.0579,2.16,0,0.00%,9000
BMRA,2026-03-26,2.12,2.12,2.04,2.11,-0.05,-2.31%,9000
BMRA,2026-03-27,2.08,2.08,1.96,2.01,-0.1,-4.74%,49600
BMRA,2026-03-30,2.02,2.0704,1.995,2.05,0.04,+1.99%,8800
BMRA,2026-03-31,2.11,2.1486,2.1,2.12,0.07,+3.41%,7100
BMRA,2026-04-01,2.11,2.23,2.08,2.19,0.07,+3.30%,151800
BMRA,2026-04-02,2.1,2.19,2.1,2.17,-0.02,-0.91%,14700
BMRA,2026-04-06,2.17,2.19,2.145,2.17,0,0.00%,11900
BMRA,2026-04-07,2.13,2.16,2.06,2.16,-0.01,-0.46%,10800
BMRA,2026-04-08,2.18,2.18,2.115,2.15,-0.01,-0.46%,7800
BMRA,2026-04-09,2.15,2.2,2.1101,2.2,0.05,+2.33%,37600
BMRA,2026-04-10,2.1203,2.18,2.1203,2.13,-0.07,-3.18%,21200
BMRA,2026-04-13,2.08,2.095,2.05,2.08,-0.05,-2.35%,13700
BMRA,2026-04-14,2.03,2.12,2.03,2.1,0.02,+0.96%,27900
BMRA,2026-04-15,2.08,2.14,2.08,2.11,0.01,+0.48%,5300
BMRA,2026-04-16,2.05,2.22,2.05,2.2,0.09,+4.27%,114600
BMRA,2026-04-17,2.15,2.1954,2.15,2.18,-0.02,-0.91%,10500
BMRA,2026-04-20,2.16,2.185,2.125,2.18,0,0.00%,7200
BMRA,2026-04-21,2.16,2.19,2.13,2.16,-0.02,-0.92%,7500
BMRA,2026-04-22,2.15,2.19,2.15,2.18,0.02,+0.93%,10300
BMRA,2026-04-23,2.21,2.21,2.14,2.15,-0.03,-1.38%,7000
BMRA,2026-04-24,2.11,2.18,2.11,2.14,-0.01,-0.47%,2900
"Downloaded from Barchart.com as of 04-25-2026 07:52am CDT"
