Symbol,Time,Open,High,Low,Latest,Change,%Change,Volume
SDGR,2020-02-07,30.45,34.15,29.31,31.92,3.28,+11.45%,3225200
SDGR,2020-02-10,32.38,33.45,28.11,28.94,-2.98,-9.34%,2007700
SDGR,2020-02-11,28.75,29.5197,26.65,26.79,-2.15,-7.43%,1253900
SDGR,2020-02-12,27.33,28.216,26.66,27.13,0.34,+1.27%,1510500
SDGR,2020-02-13,27.08,27.55,26.06,26.6,-0.53,-1.95%,595000
SDGR,2020-02-14,26.61,27.1,26.24,26.9,0.3,+1.13%,564700
SDGR,2020-02-18,27.17,32.16,27,31.9,5,+18.59%,1509700
SDGR,2020-02-19,32.28,36.4142,32.28,35.72,3.82,+11.97%,1626900
SDGR,2020-02-20,36.4,48.73,32.84,47.62,11.9,+33.31%,6922200
SDGR,2020-02-21,51.55,54.83,45,50,2.38,+5.00%,7134300
SDGR,2020-02-24,45.14,56.65,44,52.99,2.99,+5.98%,4328700
SDGR,2020-02-25,54.1,54.5,43.16,43.59,-9.4,-17.74%,2795700
SDGR,2020-02-26,45.95,47.55,40.06,42.39,-1.2,-2.75%,2141800
SDGR,2020-02-27,39,51.12,38,43.43,1.04,+2.45%,2922700
SDGR,2020-02-28,43.56,47.49,42.5,46.38,2.95,+6.79%,1396100
SDGR,2020-03-02,48.23,49.77,43,44.75,-1.63,-3.51%,1224000
SDGR,2020-03-03,44.55,45.677,39.0601,39.51,-5.24,-11.71%,1445700
SDGR,2020-03-04,41.97,43.77,39.51,43,3.49,+8.83%,1006700
SDGR,2020-03-05,41.89,43.98,40.51,41.17,-1.83,-4.26%,774600
SDGR,2020-03-06,39.9,43.66,39.2,43.32,2.15,+5.22%,799600
SDGR,2020-03-09,38.58,41.4099,37.18,37.25,-6.07,-14.01%,1015500
SDGR,2020-03-10,39.38,39.8933,32.1,35.03,-2.22,-5.96%,1041100
SDGR,2020-03-11,33.29,37.03,32.015,35.52,0.49,+1.40%,973200
SDGR,2020-03-12,38.49,43.75,35,37.31,1.79,+5.04%,2692400
SDGR,2020-03-13,39.75,40.49,34.53,35.58,-1.73,-4.64%,1388500
SDGR,2020-03-16,32.45,32.5,30.01,30.38,-5.2,-14.61%,1041400
SDGR,2020-03-17,31.01,31.57,27.04,30.37,-0.01,-0.03%,1152400
SDGR,2020-03-18,29.1,33.63,27.68,28.96,-1.41,-4.64%,966700
SDGR,2020-03-19,28.96,34.49,28.51,33.44,4.48,+15.47%,797200
SDGR,2020-03-20,34.42,39.69,33.3622,38.55,5.11,+15.28%,2699200
SDGR,2020-03-23,39.2,44.71,38.26,42.78,4.23,+10.97%,1011000
SDGR,2020-03-24,44.3,45.3,40.26,41.29,-1.49,-3.48%,876100
SDGR,2020-03-25,41.37,41.69,38.01,38.9,-2.39,-5.79%,822500
SDGR,2020-03-26,39.25,42.35,38.64,41.25,2.35,+6.04%,647500
SDGR,2020-03-27,39.88,42.8,39.18,40.23,-1.02,-2.47%,732700
SDGR,2020-03-30,40.4,42.3587,40.0854,42.18,1.95,+4.85%,855600
SDGR,2020-03-31,42.6,46.44,40.61,43.12,0.94,+2.23%,1490500
SDGR,2020-04-01,41.43,43.7,39.075,39.39,-3.73,-8.65%,970500
SDGR,2020-04-02,39.4,40.8927,37.5,37.95,-1.44,-3.66%,664800
SDGR,2020-04-03,37.95,40.21,37.5877,40.12,2.17,+5.72%,482800
SDGR,2020-04-06,40.62,41.5,38.8006,39.79,-0.33,-0.82%,620000
SDGR,2020-04-07,40.16,40.55,38.5,39.07,-0.72,-1.81%,507800
SDGR,2020-04-08,39.19,41.9,38.78,40.4,1.33,+3.40%,754200
SDGR,2020-04-09,40.8,41.6,38.5001,41.3,0.9,+2.23%,720100
SDGR,2020-04-13,40.92,41.52,39.6205,41.03,-0.27,-0.65%,445500
SDGR,2020-04-14,41.77,43.8,38.65,39.19,-1.84,-4.48%,1015100
SDGR,2020-04-15,38.77,39.64,35.8,36.12,-3.07,-7.83%,959100
SDGR,2020-04-16,37.9,40.84,37.8075,40.84,4.72,+13.07%,1171500
SDGR,2020-04-17,41.46,41.69,39.3,40.51,-0.33,-0.81%,663600
SDGR,2020-04-20,40.2,48.48,40.119,48.48,7.97,+19.67%,1752800
SDGR,2020-04-21,47.02,49,40.88,44.5,-3.98,-8.21%,1570400
SDGR,2020-04-22,44.97,47,43.75,46.27,1.77,+3.98%,534000
SDGR,2020-04-23,46.44,47.9,44.58,45.32,-0.95,-2.05%,644800
SDGR,2020-04-24,45.67,51.97,44.264,51.62,6.3,+13.90%,1433200
SDGR,2020-04-27,52.22,52.4281,48.6,49.68,-1.94,-3.76%,926800
SDGR,2020-04-28,50.39,52.9599,47.06,49.43,-0.25,-0.50%,1115400
SDGR,2020-04-29,50.61,51.51,49.35,49.69,0.26,+0.53%,527200
SDGR,2020-04-30,49.38,49.94,45.5818,46.4,-3.29,-6.62%,835700
SDGR,2020-05-01,45.26,47.84,45.05,46.72,0.32,+0.69%,582800
SDGR,2020-05-04,46.89,49.15,46.5099,48.36,1.64,+3.51%,548300
SDGR,2020-05-05,48.84,49.99,47.25,48.25,-0.11,-0.23%,505900
SDGR,2020-05-06,48.46,49.25,47.72,47.89,-0.36,-0.75%,371800
SDGR,2020-05-07,48.76,51.27,48.4545,50,2.11,+4.41%,822000
SDGR,2020-05-08,50.95,51.98,48.05,48.82,-1.18,-2.36%,806600
SDGR,2020-05-11,48.9,57.37,48.9,54.9,6.08,+12.45%,1752600
SDGR,2020-05-12,55.75,61,53,58.73,3.83,+6.98%,1667200
SDGR,2020-05-13,54.6,61.93,49.4,55.47,-3.26,-5.55%,3071600
SDGR,2020-05-14,52.71,55.4399,50.51,54,-1.47,-2.65%,943900
SDGR,2020-05-15,53.15,57.9,52.92,57,3,+5.56%,950200
SDGR,2020-05-18,58.65,60.86,57.11,59.05,2.05,+3.60%,822000
SDGR,2020-05-19,58.55,67.5,58.55,66.48,7.43,+12.58%,1350200
SDGR,2020-05-20,67.78,72.49,63.33,64.71,-1.77,-2.66%,2114300
SDGR,2020-05-21,65.8,69.2,63.73,65.33,0.62,+0.96%,875800
SDGR,2020-05-22,65.58,71.8,65.58,69.17,3.84,+5.88%,1020900
SDGR,2020-05-26,74.05,75.6,66.98,69.06,-0.11,-0.16%,1143500
SDGR,2020-05-27,70.2,70.2,60,65.25,-3.81,-5.52%,1126200
SDGR,2020-05-28,65,66.6699,62.03,62.24,-3.01,-4.61%,643900
SDGR,2020-05-29,62.32,68.63,62.01,68.45,6.21,+9.98%,839400
SDGR,2020-06-01,68.7,71.85,68.01,69.6,1.15,+1.68%,590300
SDGR,2020-06-02,71.38,71.93,67.77,69.57,-0.03,-0.04%,793500
SDGR,2020-06-03,69.51,70.474,67.16,68.74,-0.83,-1.19%,585000
SDGR,2020-06-04,67.62,69.63,63.63,63.81,-4.93,-7.17%,689300
SDGR,2020-06-05,64.69,66.58,63.2401,63.59,-0.22,-0.34%,693600
SDGR,2020-06-08,64.5,65.3,62.51,65.06,1.47,+2.31%,571200
SDGR,2020-06-09,64.98,70.22,63.81,68.59,3.53,+5.43%,689800
SDGR,2020-06-10,68.51,68.945,66.61,67.17,-1.42,-2.07%,495200
SDGR,2020-06-11,65,66.2,59.35,59.84,-7.33,-10.91%,900800
SDGR,2020-06-12,62.71,64.45,59.5,60.51,0.67,+1.12%,709400
SDGR,2020-06-15,59.99,68.77,59.62,67.41,6.9,+11.40%,1047700
SDGR,2020-06-16,69.14,70.5,65.36,67.41,0,0.00%,693000
SDGR,2020-06-17,68,76.94,67.33,71.63,4.22,+6.26%,1503500
SDGR,2020-06-18,72.77,75.9,72.06,75.42,3.79,+5.29%,768900
SDGR,2020-06-19,76.7,78.89,72.45,75.06,-0.36,-0.48%,1862900
SDGR,2020-06-22,76.5,77,72.15,75.65,0.59,+0.79%,939900
SDGR,2020-06-23,77.77,82.38,77,80.22,4.57,+6.04%,944300
SDGR,2020-06-24,79.51,84.21,77.5101,81.29,1.07,+1.33%,1171700
SDGR,2020-06-25,82.78,88.145,78.595,87.49,6.2,+7.63%,867100
SDGR,2020-06-26,91,92.02,83.6,84.64,-2.85,-3.26%,1423100
SDGR,2020-06-29,86.97,87.65,83.5581,86,1.36,+1.61%,529900
SDGR,2020-06-30,87.69,91.99,86.1,91.57,5.57,+6.48%,703900
SDGR,2020-07-01,93,95.3,89.43,93,1.43,+1.56%,886100
SDGR,2020-07-02,97,97.73,92.65,92.82,-0.18,-0.19%,628800
SDGR,2020-07-06,96.81,99.5,92.82,93.22,0.4,+0.43%,1018300
SDGR,2020-07-07,93.52,94,86.3,87.09,-6.13,-6.58%,1225600
SDGR,2020-07-08,89.05,91.4132,87.21,88.88,1.79,+2.06%,645400
SDGR,2020-07-09,90.01,94.64,90,93.46,4.58,+5.15%,672500
SDGR,2020-07-10,93.59,97.9,91.34,92.36,-1.1,-1.18%,885400
SDGR,2020-07-13,96.98,97.46,87.1238,87.77,-4.59,-4.97%,972900
SDGR,2020-07-14,88.23,89.81,81.185,82.63,-5.14,-5.86%,1487300
SDGR,2020-07-15,84.01,84.94,80.3,84.21,1.58,+1.91%,900700
SDGR,2020-07-16,82.94,83,77.29,79,-5.21,-6.19%,1219000
SDGR,2020-07-17,80,85.75,79.94,84.63,5.63,+7.13%,1090100
SDGR,2020-07-20,85.05,88.5,84.62,87.55,2.92,+3.45%,1077400
SDGR,2020-07-21,87.96,89.2,83.5,83.61,-3.94,-4.50%,672900
SDGR,2020-07-22,83.28,87.32,81.55,87.15,3.54,+4.23%,700800
SDGR,2020-07-23,87.32,88.51,80.91,81.98,-5.17,-5.93%,637700
SDGR,2020-07-24,78.8,78.86,74.1,76.27,-5.71,-6.97%,1427000
SDGR,2020-07-27,77,79.9,76.14,77.34,1.07,+1.40%,578200
SDGR,2020-07-28,79.66,79.75,73.82,74.09,-3.25,-4.20%,919400
SDGR,2020-07-29,75.36,77.49,73.34,77.21,3.12,+4.21%,620600
SDGR,2020-07-30,76.3,79,75,75.87,-1.34,-1.74%,519100
SDGR,2020-07-31,76.34,76.92,70.06,72.38,-3.49,-4.60%,1562500
SDGR,2020-08-03,71.03,74.5584,68.88,73.77,1.39,+1.92%,1249000
SDGR,2020-08-04,73.49,76.625,71.56,72.61,-1.16,-1.57%,2146300
SDGR,2020-08-05,73.15,76.58,72.62,76,3.39,+4.67%,1552900
SDGR,2020-08-06,76,76.25,71.7001,71.98,-4.02,-5.29%,1197400
SDGR,2020-08-07,72.05,73.5,69.6,71.17,-0.81,-1.13%,933100
SDGR,2020-08-10,71.07,75.55,70.2,74.26,3.09,+4.34%,1574400
SDGR,2020-08-11,70.75,71.77,66.41,69.39,-4.87,-6.56%,2474300
SDGR,2020-08-12,68.06,68.8199,64.32,66.87,-2.52,-3.63%,2279300
SDGR,2020-08-13,67.57,77.45,67,73.07,6.2,+9.27%,6962200
SDGR,2020-08-14,72.65,73.48,69.28,69.45,-3.62,-4.95%,2354400
SDGR,2020-08-17,69.59,70.09,67.4001,67.62,-1.83,-2.63%,1142500
SDGR,2020-08-18,68.81,69.56,66.44,68.63,1.01,+1.49%,1013300
SDGR,2020-08-19,68.01,68.58,66.12,67.39,-1.24,-1.81%,1360000
SDGR,2020-08-20,67.38,68.08,66.4,67.09,-0.3,-0.45%,1084700
SDGR,2020-08-21,67.34,70.35,66.91,68.68,1.59,+2.37%,1162300
SDGR,2020-08-24,69.29,70.0008,62.78,63.76,-4.92,-7.16%,2510800
SDGR,2020-08-25,63.46,65.5,61.604,64.64,0.88,+1.38%,1371800
SDGR,2020-08-26,64.13,66.11,62.755,64.78,0.14,+0.22%,1429200
SDGR,2020-08-27,64.84,65.235,62.61,63.43,-1.35,-2.08%,846500
SDGR,2020-08-28,63.3,63.75,60.505,61.69,-1.74,-2.74%,1759000
SDGR,2020-08-31,60.39,61.8,59.26,60.46,-1.23,-1.99%,1325200
SDGR,2020-09-01,59.36,61.3,57.52,60.79,0.33,+0.55%,2054800
SDGR,2020-09-02,61.33,62.44,59.005,62.02,1.23,+2.02%,1282900
SDGR,2020-09-03,61.3,61.355,56.3605,56.71,-5.31,-8.56%,1350500
SDGR,2020-09-04,56.01,57.2599,50.04,53.7,-3.01,-5.31%,1765100
SDGR,2020-09-08,52.1,54.06,51.1,52.1,-1.6,-2.98%,1051600
SDGR,2020-09-09,52.94,54.7,52.2,53.97,1.87,+3.59%,871600
SDGR,2020-09-10,54,58.79,53.495,53.71,-0.26,-0.48%,883800
SDGR,2020-09-11,54.49,55.84,53.4503,53.96,0.25,+0.47%,694900
SDGR,2020-09-14,54.35,57.23,54.31,55.98,2.02,+3.74%,1382300
SDGR,2020-09-15,56.37,56.44,52.74,53.01,-2.97,-5.31%,982700
SDGR,2020-09-16,52.94,54.1,52.29,52.34,-0.67,-1.26%,1562700
SDGR,2020-09-17,51.13,52.365,50.795,51.68,-0.66,-1.26%,1276100
SDGR,2020-09-18,52.8,56.5785,52.37,56.05,4.37,+8.46%,4200700
SDGR,2020-09-21,54.7,55.67,51.6,54.49,-1.56,-2.78%,1132800
SDGR,2020-09-22,54.49,54.8,50.65,51.13,-3.36,-6.17%,1157600
SDGR,2020-09-23,51.65,51.73,49.1,49.57,-1.56,-3.05%,1938400
SDGR,2020-09-24,49.07,49.2994,46.27,46.87,-2.7,-5.45%,1384300
SDGR,2020-09-25,47.68,49.98,46.63,49.16,2.29,+4.89%,1134600
SDGR,2020-09-28,50.02,50.3,47.15,49,-0.16,-0.33%,998200
SDGR,2020-09-29,48.9,49.09,47.21,47.55,-1.45,-2.96%,1100300
SDGR,2020-09-30,47.81,49.84,46.95,47.51,-0.04,-0.08%,949000
SDGR,2020-10-01,47.92,51.89,47.5,51.71,4.2,+8.84%,1573700
SDGR,2020-10-02,50.18,53.97,50,51.34,-0.37,-0.72%,1586300
SDGR,2020-10-05,51.67,54.54,51.67,53.87,2.53,+4.93%,1034500
SDGR,2020-10-06,54.24,56.81,53.87,54.57,0.7,+1.30%,2301500
SDGR,2020-10-07,54.91,55.37,52.6,53.97,-0.6,-1.10%,1063700
SDGR,2020-10-08,54.4,55.55,52.7508,53.86,-0.11,-0.20%,1396200
SDGR,2020-10-09,54.45,57.1,54.3,56.72,2.86,+5.31%,1617300
SDGR,2020-10-12,58.48,62.26,58.03,62.25,5.53,+9.75%,1876300
SDGR,2020-10-13,61.85,61.89,58.36,58.95,-3.3,-5.30%,1646400
SDGR,2020-10-14,59.1,60.75,56.51,56.57,-2.38,-4.04%,1760400
SDGR,2020-10-15,55.8,56.81,54.71,55.87,-0.7,-1.24%,1097900
SDGR,2020-10-16,56.51,58.62,56,57.94,2.07,+3.71%,1037400
SDGR,2020-10-19,58.22,58.55,56.0406,57.21,-0.73,-1.26%,995000
SDGR,2020-10-20,57.53,57.9,55.45,55.67,-1.54,-2.69%,806800
SDGR,2020-10-21,55.98,57,54.55,55.84,0.17,+0.31%,1472800
SDGR,2020-10-22,55.72,58.85,55.51,58.49,2.65,+4.75%,859900
SDGR,2020-10-23,58.6,60.64,58.4,60.61,2.12,+3.62%,911100
SDGR,2020-10-26,59.79,61.8599,57.31,58.01,-2.6,-4.29%,789700
SDGR,2020-10-27,58.47,59.7,57.79,59.63,1.62,+2.79%,385900
SDGR,2020-10-28,57.94,58.3213,54.1,54.2,-5.43,-9.11%,1152700
SDGR,2020-10-29,55,55.25,51.44,52.09,-2.11,-3.89%,1081700
SDGR,2020-10-30,51.7,51.74,47.59,48.78,-3.31,-6.35%,1470600
SDGR,2020-11-02,49.23,49.99,48.3,48.79,0.01,+0.02%,509300
SDGR,2020-11-03,49.51,50.23,48,48.06,-0.73,-1.50%,765800
SDGR,2020-11-04,48.99,51.39,48.74,50.29,2.23,+4.64%,729800
SDGR,2020-11-05,52,54.72,50.81,54.03,3.74,+7.44%,1178600
SDGR,2020-11-06,53.2,54.57,51.3166,52.95,-1.08,-2.00%,611100
SDGR,2020-11-09,54.75,56.89,52.96,53.38,0.43,+0.81%,790200
SDGR,2020-11-10,53.12,53.3,49.28,50.44,-2.94,-5.51%,837700
SDGR,2020-11-11,50.81,51.54,49.06,51.43,0.99,+1.96%,801400
SDGR,2020-11-12,53.2,55.97,52.34,52.69,1.26,+2.45%,1633000
SDGR,2020-11-13,53.57,58.09,53.57,57.81,5.12,+9.72%,1339300
SDGR,2020-11-16,56.8,59.53,56.16,58.79,0.98,+1.70%,847200
SDGR,2020-11-17,60.69,61.39,58.5366,59.54,0.75,+1.28%,1607600
SDGR,2020-11-18,59.46,59.93,56,57.75,-1.79,-3.01%,1003000
SDGR,2020-11-19,57.46,60.2,57.1,58.57,0.82,+1.42%,648500
SDGR,2020-11-20,58.67,62.9,58.15,60.6,2.03,+3.47%,1014300
SDGR,2020-11-23,64.86,69.48,63.59,67.65,7.05,+11.63%,3194100
SDGR,2020-11-24,67.85,69.1,65.13,66.18,-1.47,-2.17%,2951200
SDGR,2020-11-25,66,66.78,63.17,63.6,-2.58,-3.90%,1386800
SDGR,2020-11-27,65,70.56,65,69.6,6,+9.43%,884000
SDGR,2020-11-30,70.3,70.6,66.7,69.58,-0.02,-0.03%,1681900
SDGR,2020-12-01,70.28,71.11,66.78,67.79,-1.79,-2.57%,1097600
SDGR,2020-12-02,66.23,66.94,63.96,65.44,-2.35,-3.47%,1252800
SDGR,2020-12-03,66.08,66.6899,64.34,64.69,-0.75,-1.15%,818700
SDGR,2020-12-04,65.11,66.49,62.6801,66.19,1.5,+2.32%,808100
SDGR,2020-12-07,66.65,69.415,66.095,67.99,1.8,+2.72%,735600
SDGR,2020-12-08,67.47,67.5,63.8,67.24,-0.75,-1.10%,1201200
SDGR,2020-12-09,66.63,69.57,65.83,66.21,-1.03,-1.53%,1138100
SDGR,2020-12-10,65,68.3,64.5,67.93,1.72,+2.60%,824400
SDGR,2020-12-11,67.15,74.45,67,71.81,3.88,+5.71%,1932300
SDGR,2020-12-14,72.97,75.23,71.5,72.03,0.22,+0.31%,1075100
SDGR,2020-12-15,72.03,74.3,71.68,74.26,2.23,+3.10%,827700
SDGR,2020-12-16,74.3,77.86,73.4645,77.48,3.22,+4.34%,1337700
SDGR,2020-12-17,77.48,79.07,74.915,78.35,0.87,+1.12%,1073600
SDGR,2020-12-18,79.19,81.31,78.12,79.86,1.51,+1.93%,1406100
SDGR,2020-12-21,77.7,83.14,77.1,82.71,2.85,+3.57%,1026100
SDGR,2020-12-22,83.45,85.68,81.7489,83.41,0.7,+0.85%,1026800
SDGR,2020-12-23,83.24,86.37,82,84.4,0.99,+1.19%,827400
SDGR,2020-12-24,85.28,86.38,82.27,83.95,-0.45,-0.53%,261300
SDGR,2020-12-28,84.59,84.85,82,82.06,-1.89,-2.25%,614000
SDGR,2020-12-29,82,82.77,75.7,79.42,-2.64,-3.22%,1037100
SDGR,2020-12-30,82.06,83.39,80.9212,81.84,2.42,+3.05%,555600
SDGR,2020-12-31,82,82.23,79.01,79.18,-2.66,-3.25%,413100
SDGR,2021-01-04,79.6,80,77.2158,79.48,0.3,+0.38%,755800
SDGR,2021-01-05,79.48,82.83,77.8,82.66,3.18,+4.00%,600300
SDGR,2021-01-06,82.5,83.08,78.52,79.67,-2.99,-3.62%,781800
SDGR,2021-01-07,80.55,86.9,80.3,85.31,5.64,+7.08%,612200
SDGR,2021-01-08,85.3,89.1698,83.89,88.91,3.6,+4.22%,1061000
SDGR,2021-01-11,87.99,89.9,86.65,87.49,-1.42,-1.60%,924400
SDGR,2021-01-12,87.75,89.67,87.2,89.55,2.06,+2.35%,366600
SDGR,2021-01-13,89.86,91,87.905,88.5,-1.05,-1.17%,539100
SDGR,2021-01-14,87.85,94.42,87.75,92.85,4.35,+4.92%,618500
SDGR,2021-01-15,92.2,94.4999,87.61,90.89,-1.96,-2.11%,793100
SDGR,2021-01-19,91.94,95.7,91.71,94.36,3.47,+3.82%,671600
SDGR,2021-01-20,95.08,98.3914,93.77,96.57,2.21,+2.34%,730200
SDGR,2021-01-21,97.58,98.5,93.09,94.61,-1.96,-2.03%,847900
SDGR,2021-01-22,93.4,95.79,93.4,95.7,1.09,+1.15%,509900
SDGR,2021-01-25,96.37,99.2,93.53,96.16,0.46,+0.48%,620900
SDGR,2021-01-26,96.4,100.75,93.4,93.45,-2.71,-2.82%,910800
SDGR,2021-01-27,91.99,93,82.81,84.01,-9.44,-10.10%,1664200
SDGR,2021-01-28,84.65,89.99,84,89.86,5.85,+6.96%,626700
SDGR,2021-01-29,89.4,91.1489,86.24,90.33,0.47,+0.52%,443100
SDGR,2021-02-01,91.2,94.06,91.02,92.23,1.9,+2.10%,393600
SDGR,2021-02-02,93.99,95.21,90.295,94.19,1.96,+2.13%,476200
SDGR,2021-02-03,94.84,97.7719,92.14,97.51,3.32,+3.52%,452700
SDGR,2021-02-04,98.49,100.67,97.26,99.33,1.82,+1.87%,457500
SDGR,2021-02-05,99.8,100.2,97.16,99.63,0.3,+0.30%,532800
SDGR,2021-02-08,100,104.75,99.63,104.49,4.86,+4.88%,660200
SDGR,2021-02-09,104.81,108.17,104.77,105.46,0.97,+0.93%,429000
SDGR,2021-02-10,105.46,106.8,101,104.51,-0.95,-0.90%,652500
SDGR,2021-02-11,106.07,110.81,104.81,108.7,4.19,+4.01%,617900
SDGR,2021-02-12,108.49,110.33,107.505,110.18,1.48,+1.36%,330600
SDGR,2021-02-16,111,113.3742,109.33,110.89,0.71,+0.64%,644000
SDGR,2021-02-17,109.95,110.4,102.56,105,-5.89,-5.31%,942700
SDGR,2021-02-18,103,103.2,99.1,101.09,-3.91,-3.72%,1244400
SDGR,2021-02-19,102,107.51,101.5,105.03,3.94,+3.90%,573000
SDGR,2021-02-22,111.22,117,108.2,112.38,7.35,+7.00%,2788500
SDGR,2021-02-23,106.18,109.415,100.03,108.87,-3.51,-3.12%,1461800
SDGR,2021-02-24,109.7,115.99,106.68,111.02,2.15,+1.97%,986700
SDGR,2021-02-25,111.4,115.26,103.83,104.5,-6.52,-5.87%,1188400
SDGR,2021-02-26,104,105.81,99.2,102.48,-2.02,-1.93%,1576500
SDGR,2021-03-01,106.57,114,104.27,113.09,10.61,+10.35%,834800
SDGR,2021-03-02,112.79,114.1,106.47,106.73,-6.36,-5.62%,969700
SDGR,2021-03-03,106.55,107.8,99,99.14,-7.59,-7.11%,1549200
SDGR,2021-03-04,72.04,80.64,69.03,72.59,-26.55,-26.78%,10626700
SDGR,2021-03-05,74.96,75.8,62.56,69.54,-3.05,-4.20%,3573400
SDGR,2021-03-08,69.51,70.05,64,64.61,-4.93,-7.09%,2348500
SDGR,2021-03-09,67.21,70.72,67.21,69.74,5.13,+7.94%,1556400
SDGR,2021-03-10,72.64,74.7288,71.4,72.28,2.54,+3.64%,1456000
SDGR,2021-03-11,76,82.01,75.29,81.75,9.47,+13.10%,1981600
SDGR,2021-03-12,79.5,81.66,77.1936,80.87,-0.88,-1.08%,891400
SDGR,2021-03-15,81.21,81.4,77.34,79.9,-0.97,-1.20%,1074200
SDGR,2021-03-16,80.66,82,77.45,79.48,-0.42,-0.53%,1195400
SDGR,2021-03-17,77.5,81.99,76.59,81.25,1.77,+2.23%,906200
SDGR,2021-03-18,79.1,79.86,75.56,76.29,-4.96,-6.10%,1259000
SDGR,2021-03-19,76.81,80.56,76.63,80.06,3.77,+4.94%,1337100
SDGR,2021-03-22,80.55,83.65,79.35,81.28,1.22,+1.52%,718400
SDGR,2021-03-23,79,79,70.31,70.99,-10.29,-12.66%,2349500
SDGR,2021-03-24,72.41,72.83,67,67.01,-3.98,-5.61%,1369000
SDGR,2021-03-25,64.99,69.69,64.57,69.43,2.42,+3.61%,1140300
SDGR,2021-03-26,70.1,71.94,68.77,71.48,2.05,+2.95%,814900
SDGR,2021-03-29,73.49,74.2499,70.2,71.33,-0.15,-0.21%,937800
SDGR,2021-03-30,70.57,72.49,68.06,71.9,0.57,+0.80%,711800
SDGR,2021-03-31,73.25,77.29,73.23,76.29,4.39,+6.11%,1479300
SDGR,2021-04-01,78.34,81.4868,78.05,78.53,2.24,+2.94%,948800
SDGR,2021-04-05,80.19,80.97,76.17,77.51,-1.02,-1.30%,807800
SDGR,2021-04-06,77.91,80.65,77.77,78.57,1.06,+1.37%,736700
SDGR,2021-04-07,78.5,79,74.4335,75.3,-3.27,-4.16%,721900
SDGR,2021-04-08,76.76,77.85,75.5001,76.92,1.62,+2.15%,556900
SDGR,2021-04-09,76.76,77.02,72.77,73.9,-3.02,-3.93%,957500
SDGR,2021-04-12,73.51,75.64,71.55,73.88,-0.02,-0.03%,862600
SDGR,2021-04-13,74.5,76.47,73.35,75.53,1.65,+2.23%,654200
SDGR,2021-04-14,76.02,79.95,76.02,78.15,2.62,+3.47%,954900
SDGR,2021-04-15,79,79.07,77.26,78.36,0.21,+0.27%,499900
SDGR,2021-04-16,78.3,78.56,76.3509,77.9,-0.46,-0.59%,579000
SDGR,2021-04-19,76.52,77.24,72.3,72.52,-5.38,-6.91%,951900
SDGR,2021-04-20,72.82,72.82,69.26,70.03,-2.49,-3.43%,843600
SDGR,2021-04-21,69.77,72.91,68.6557,72.43,2.4,+3.43%,527600
SDGR,2021-04-22,73.79,75.37,72.21,73.26,0.83,+1.15%,542900
SDGR,2021-04-23,73.08,76.58,73.08,75.68,2.42,+3.30%,621100
SDGR,2021-04-26,76.42,77.455,75,77.34,1.66,+2.19%,554600
SDGR,2021-04-27,77.99,78.72,76.4159,77.11,-0.23,-0.30%,733000
SDGR,2021-04-28,75.98,77.4,74.81,76.76,-0.35,-0.45%,329600
SDGR,2021-04-29,77.8,77.88,73.51,76.13,-0.63,-0.82%,587400
SDGR,2021-04-30,74.52,78.4723,74.015,76.24,0.11,+0.14%,436500
SDGR,2021-05-03,76.27,77.09,73.25,74.18,-2.06,-2.70%,534400
SDGR,2021-05-04,72.8,73,68.16,70.23,-3.95,-5.32%,937300
SDGR,2021-05-05,71.17,71.46,67.94,68.82,-1.41,-2.01%,697400
SDGR,2021-05-06,69.36,69.93,65.3254,67.2,-1.62,-2.35%,1143600
SDGR,2021-05-07,68.09,71.545,67.87,68.37,1.17,+1.74%,800800
SDGR,2021-05-10,67.46,67.56,63.36,64.01,-4.36,-6.38%,1270300
SDGR,2021-05-11,58.25,63.16,57.5,61.74,-2.27,-3.55%,1924100
SDGR,2021-05-12,61.01,62.5,58.93,59.68,-2.06,-3.34%,903400
SDGR,2021-05-13,60.33,62.46,57.32,59.02,-0.66,-1.11%,1034500
SDGR,2021-05-14,59.79,61.5,57.82,61.24,2.22,+3.76%,667700
SDGR,2021-05-17,61.19,61.68,59,61.45,0.21,+0.34%,559400
SDGR,2021-05-18,61.76,65.38,61.3,63.41,1.96,+3.19%,742800
SDGR,2021-05-19,61.25,63.8834,61.04,63.38,-0.03,-0.05%,470000
SDGR,2021-05-20,63.42,65.25,62.5,64.47,1.09,+1.72%,413300
SDGR,2021-05-21,65.26,65.8,63.68,64.07,-0.4,-0.62%,409600
SDGR,2021-05-24,64.73,66.135,63.85,65.36,1.29,+2.01%,374800
SDGR,2021-05-25,66.63,69.09,66.33,68.41,3.05,+4.67%,1244400
SDGR,2021-05-26,68.51,70.97,67.8,70.84,2.43,+3.55%,634100
SDGR,2021-05-27,70.535,71.405,68.55,71.2,0.36,+0.51%,563900
SDGR,2021-05-28,71.52,73.33,70,70.18,-1.02,-1.43%,595300
SDGR,2021-06-01,70.79,71.78,68.71,71.52,1.34,+1.91%,487600
SDGR,2021-06-02,70.83,73.99,70.59,71.7,0.18,+0.25%,633800
SDGR,2021-06-03,70.91,71.5,68.66,70.89,-0.81,-1.13%,431800
SDGR,2021-06-04,71.05,72.255,70.32,71.84,0.95,+1.34%,377400
SDGR,2021-06-07,72.1,75.28,71.51,74.66,2.82,+3.93%,712500
SDGR,2021-06-08,75.54,76.34,72.98,75.16,0.5,+0.67%,483700
SDGR,2021-06-09,75.6,76.6,75.08,75.15,-0.01,-0.01%,376700
SDGR,2021-06-10,74.77,76.97,74.07,76.41,1.26,+1.68%,474100
SDGR,2021-06-11,76.74,77.99,76.29,77.51,1.1,+1.44%,413300
SDGR,2021-06-14,77.6,78.77,76.15,76.34,-1.17,-1.51%,472600
SDGR,2021-06-15,75.86,75.86,72.65,74.6,-1.74,-2.28%,591600
SDGR,2021-06-16,73.6,75.49,72.6,74.49,-0.11,-0.15%,668600
SDGR,2021-06-17,73.44,76.87,73,76.08,1.59,+2.13%,621700
SDGR,2021-06-18,74.9,76.135,73.1,74.01,-2.07,-2.72%,557400
SDGR,2021-06-21,74.01,76.12,71.75,75.06,1.05,+1.42%,510800
SDGR,2021-06-22,74.16,77.27,74.0085,76.84,1.78,+2.37%,1160200
SDGR,2021-06-23,76.72,77.9731,76.11,76.87,0.03,+0.04%,501400
SDGR,2021-06-24,77.22,79,77.22,78.46,1.59,+2.07%,595300
SDGR,2021-06-25,78.81,79.71,76.4283,77.64,-0.82,-1.05%,2543100
SDGR,2021-06-28,78.98,79.75,77.56,78.8,1.16,+1.49%,440700
SDGR,2021-06-29,78.5,79.6,77.08,77.69,-1.11,-1.41%,308900
SDGR,2021-06-30,77.27,77.29,75.52,75.61,-2.08,-2.68%,686700
SDGR,2021-07-01,76,77.5262,75.01,76.55,0.94,+1.24%,384200
SDGR,2021-07-02,76.53,77.39,74.62,75.85,-0.7,-0.91%,341200
SDGR,2021-07-06,75.72,76.45,74.06,75.51,-0.34,-0.45%,703000
SDGR,2021-07-07,75.76,75.98,71.77,72.58,-2.93,-3.88%,554000
SDGR,2021-07-08,70.36,76.4,70,75.47,2.89,+3.98%,717600
SDGR,2021-07-09,74.76,76.1951,74.41,76.18,0.71,+0.94%,181800
SDGR,2021-07-12,76.28,76.8136,73.74,74.07,-2.11,-2.77%,323500
SDGR,2021-07-13,73.06,73.8,69.1,69.19,-4.88,-6.59%,950700
SDGR,2021-07-14,69.92,70.01,66.95,67.28,-1.91,-2.76%,898900
SDGR,2021-07-15,66.69,67.5899,65.2,67.46,0.18,+0.27%,645700
SDGR,2021-07-16,67.93,68.38,65.5,67.18,-0.28,-0.42%,409400
SDGR,2021-07-19,65.5,69.6,65.33,68.56,1.38,+2.05%,570200
SDGR,2021-07-20,68.76,70.23,67.37,69.65,1.09,+1.59%,463300
SDGR,2021-07-21,69.93,71.35,68.95,71.26,1.61,+2.31%,285200
SDGR,2021-07-22,71.16,71.89,69.21,70.08,-1.18,-1.66%,382200
SDGR,2021-07-23,70.11,70.555,68.03,69.88,-0.2,-0.29%,278500
SDGR,2021-07-26,69.21,70,67.23,68.24,-1.64,-2.35%,325500
SDGR,2021-07-27,67.84,67.89,65.2914,67.02,-1.22,-1.79%,576500
SDGR,2021-07-28,67.47,71.22,67.47,70.12,3.1,+4.63%,698000
SDGR,2021-07-29,70.5,70.86,68.18,68.33,-1.79,-2.55%,304400
SDGR,2021-07-30,67.62,69.2559,67.3706,67.67,-0.66,-0.97%,478400
SDGR,2021-08-02,68.01,69.41,66.7101,67.96,0.29,+0.43%,300300
SDGR,2021-08-03,67.62,67.82,65.585,66.4,-1.56,-2.30%,519900
SDGR,2021-08-04,65.95,69.0824,65.95,68.43,2.03,+3.06%,436400
SDGR,2021-08-05,68,70.04,67.9094,69,0.57,+0.83%,496700
SDGR,2021-08-06,69.77,69.91,64.24,64.56,-4.44,-6.43%,805700
SDGR,2021-08-09,65.02,66.75,64.7,66,1.44,+2.23%,472500
SDGR,2021-08-10,66.58,66.58,63.05,64.11,-1.89,-2.86%,696100
SDGR,2021-08-11,64.71,64.71,62.13,62.85,-1.26,-1.97%,755600
SDGR,2021-08-12,58.67,60.5,57.13,59.37,-3.48,-5.54%,1643500
SDGR,2021-08-13,59.69,60.275,58.66,59.66,0.29,+0.49%,527600
SDGR,2021-08-16,59.1,59.25,56.75,57.4,-2.26,-3.79%,835400
SDGR,2021-08-17,56.59,56.61,54.42,55.25,-2.15,-3.75%,811300
SDGR,2021-08-18,56.62,56.74,54.6,54.78,-0.47,-0.85%,647500
SDGR,2021-08-19,54.68,55.095,53.55,53.75,-1.03,-1.88%,601100
SDGR,2021-08-20,53.55,55.17,53.35,54.64,0.89,+1.66%,479800
SDGR,2021-08-23,55.26,57.7,55.11,57.63,2.99,+5.47%,615000
SDGR,2021-08-24,58.173,59.37,57.3101,59.24,1.61,+2.79%,532600
SDGR,2021-08-25,59.76,59.76,58.28,58.77,-0.47,-0.79%,433000
SDGR,2021-08-26,58.5,59.13,55.75,55.82,-2.95,-5.02%,411000
SDGR,2021-08-27,56.26,58.75,56.01,58.61,2.79,+5.00%,684900
SDGR,2021-08-30,58.76,59.97,58.2819,58.71,0.1,+0.17%,547800
SDGR,2021-08-31,58.7,59.85,58.645,59.69,0.98,+1.67%,482600
SDGR,2021-09-01,62.17,64.815,61.71,62.73,3.04,+5.09%,1129900
SDGR,2021-09-02,63.5,65.95,62.9,64.62,1.89,+3.01%,850000
SDGR,2021-09-03,65,66.49,64,65.25,0.63,+0.97%,518800
SDGR,2021-09-07,65.74,65.75,62.77,62.87,-2.38,-3.65%,566300
SDGR,2021-09-08,62.87,63.78,61.54,63.03,0.16,+0.25%,387600
SDGR,2021-09-09,62.81,64.2,62.51,63.13,0.1,+0.16%,224100
SDGR,2021-09-10,63.81,64,62.26,62.76,-0.37,-0.59%,413000
SDGR,2021-09-13,62.63,63.08,60.52,62.45,-0.31,-0.49%,633400
SDGR,2021-09-14,62.48,62.92,60.88,61.52,-0.93,-1.49%,696700
SDGR,2021-09-15,61.13,61.4,59.85,60.97,-0.55,-0.89%,568900
SDGR,2021-09-16,60.32,61.855,60.27,61.15,0.18,+0.30%,404600
SDGR,2021-09-17,61.74,62.555,60.915,62.42,1.27,+2.08%,888300
SDGR,2021-09-20,60.7,61.36,57.4,58.58,-3.84,-6.15%,653500
SDGR,2021-09-21,58.95,60.83,58.8,60.33,1.75,+2.99%,357200
SDGR,2021-09-22,60.7,61,59.61,60.24,-0.09,-0.15%,298500
SDGR,2021-09-23,60.45,60.811,59.73,60.51,0.27,+0.45%,321000
SDGR,2021-09-24,59.82,60.39,57.83,57.95,-2.56,-4.23%,582300
SDGR,2021-09-27,57.64,59.2,56.43,58.89,0.94,+1.62%,486700
SDGR,2021-09-28,58.05,58.05,55.39,55.59,-3.3,-5.60%,631800
SDGR,2021-09-29,55.95,56.24,54.2876,54.64,-0.95,-1.71%,564900
SDGR,2021-09-30,55.09,55.8,54.5401,54.68,0.04,+0.07%,516600
SDGR,2021-10-01,54.9,54.9,53.34,53.99,-0.69,-1.26%,568800
SDGR,2021-10-04,53.5,54,51.09,51.9,-2.09,-3.87%,646200
SDGR,2021-10-05,51.98,53.3894,51.2201,52.29,0.39,+0.75%,433700
SDGR,2021-10-06,51.37,52.655,50.89,51.09,-1.2,-2.29%,422100
SDGR,2021-10-07,51.31,52.68,51.26,51.69,0.6,+1.17%,415200
SDGR,2021-10-08,51.7,51.76,50.11,50.2,-1.49,-2.88%,430800
SDGR,2021-10-11,50,52.27,49.69,50.95,0.75,+1.49%,372500
SDGR,2021-10-12,51.37,52.28,51.05,51.37,0.42,+0.82%,326100
SDGR,2021-10-13,52.59,54.5,52.06,54,2.63,+5.12%,505800
SDGR,2021-10-14,54.6,56,54.5,55.01,1.01,+1.87%,523700
SDGR,2021-10-15,55.75,55.75,54.365,55.36,0.35,+0.64%,397200
SDGR,2021-10-18,55,55.15,53.17,53.24,-2.12,-3.83%,385900
SDGR,2021-10-19,53.62,56.35,53.62,55.71,2.47,+4.64%,326800
SDGR,2021-10-20,55.84,56.335,55.21,55.98,0.27,+0.48%,440100
SDGR,2021-10-21,56.19,56.865,55.63,56,0.02,+0.04%,487100
SDGR,2021-10-22,55.98,55.98,52.255,52.67,-3.33,-5.95%,568700
SDGR,2021-10-25,52.79,55.34,52.79,54.88,2.21,+4.20%,348800
SDGR,2021-10-26,54.61,56.08,54.5624,54.77,-0.11,-0.20%,522100
SDGR,2021-10-27,54.91,55.075,52.355,53.73,-1.04,-1.90%,395100
SDGR,2021-10-28,53.87,55.51,53.7712,55.12,1.39,+2.59%,364100
SDGR,2021-10-29,54.85,55.5,54.52,54.58,-0.54,-0.98%,235000
SDGR,2021-11-01,54.74,57.86,54.6,57.33,2.75,+5.04%,746400
SDGR,2021-11-02,56.69,58.43,55.6,57.81,0.48,+0.84%,432600
SDGR,2021-11-03,57.77,59.87,56.92,59.25,1.44,+2.49%,529100
SDGR,2021-11-04,59.54,59.87,57.92,58.92,-0.33,-0.56%,605700
SDGR,2021-11-05,59.35,59.645,56.36,57.28,-1.64,-2.78%,321000
SDGR,2021-11-08,57.24,57.5084,55.72,56,-1.28,-2.23%,460900
SDGR,2021-11-09,55.8,55.8,53.5,53.84,-2.16,-3.86%,519500
SDGR,2021-11-10,52.53,54.06,51.1,51.16,-2.68,-4.98%,895000
SDGR,2021-11-11,47.07,48.44,44.0001,45.16,-6.,-11.73%,4415700
SDGR,2021-11-12,45.65,47.95,45.02,47.11,1.95,+4.32%,1252200
SDGR,2021-11-15,48.16,48.57,45.35,45.45,-1.66,-3.52%,1225800
SDGR,2021-11-16,45.35,45.59,44.23,45.55,0.1,+0.22%,668000
SDGR,2021-11-17,45.52,46.7393,43.97,44.45,-1.1,-2.41%,730300
SDGR,2021-11-18,44.5,44.53,41.26,41.66,-2.79,-6.28%,1059000
SDGR,2021-11-19,41.25,42.09,39.85,40.8,-0.86,-2.06%,1418300
SDGR,2021-11-22,40.9,40.94,38.22,38.33,-2.47,-6.05%,1131500
SDGR,2021-11-23,38.27,38.75,36.93,38.26,-0.07,-0.18%,1301700
SDGR,2021-11-24,38.05,40.3299,37.5301,39.31,1.05,+2.74%,824400
SDGR,2021-11-26,38.94,40.5428,38.801,39.54,0.23,+0.59%,449900
SDGR,2021-11-29,40.34,40.64,38.4001,39.01,-0.53,-1.34%,793200
SDGR,2021-11-30,38.98,40.0899,37.91,39.18,0.17,+0.44%,844400
SDGR,2021-12-01,39.72,40.35,37.08,37.15,-2.03,-5.18%,949400
SDGR,2021-12-02,37.09,38.68,36.91,38.23,1.08,+2.91%,711300
SDGR,2021-12-03,38.3,38.395,35.23,36.33,-1.9,-4.97%,956800
SDGR,2021-12-06,36.01,36.57,34.4776,36.18,-0.15,-0.41%,868800
SDGR,2021-12-07,37,39.74,37,38.77,2.59,+7.16%,1124300
SDGR,2021-12-08,39.02,41.89,38,41.12,2.35,+6.06%,1305900
SDGR,2021-12-09,40.61,41.23,38.02,38.53,-2.59,-6.30%,782300
SDGR,2021-12-10,38.8,39.75,36.58,36.83,-1.7,-4.41%,746200
SDGR,2021-12-13,36.89,37.11,35.55,36.63,-0.2,-0.54%,884100
SDGR,2021-12-14,36.16,36.82,34.82,35.32,-1.31,-3.58%,730400
SDGR,2021-12-15,35.34,37.9,33.88,36.91,1.59,+4.50%,1025300
SDGR,2021-12-16,37.62,37.97,34.735,35.04,-1.87,-5.07%,916300
SDGR,2021-12-17,35.01,38.4,34.12,38.19,3.15,+8.99%,1066600
SDGR,2021-12-20,37.35,38.22,36.21,36.86,-1.33,-3.48%,637700
SDGR,2021-12-21,36.96,37.27,35.89,36.69,-0.17,-0.46%,771400
SDGR,2021-12-22,36.58,36.9,35.31,35.43,-1.26,-3.43%,575600
SDGR,2021-12-23,35.46,36.45,34.57,35.9,0.47,+1.33%,703900
SDGR,2021-12-27,35.9,35.9,34.19,35.02,-0.88,-2.45%,594200
SDGR,2021-12-28,35.15,36.11,33.83,33.96,-1.06,-3.03%,608700
SDGR,2021-12-29,33.97,33.99,32.7001,33.38,-0.58,-1.71%,599800
SDGR,2021-12-30,32.9834,35.63,32.9834,34.39,1.01,+3.03%,949400
SDGR,2021-12-31,34.46,35.87,34.4,34.83,0.44,+1.28%,718500
SDGR,2022-01-03,35.03,35.93,34,35.47,0.64,+1.84%,548100
SDGR,2022-01-04,35.14,35.4,33.11,34.03,-1.44,-4.06%,640400
SDGR,2022-01-05,33.74,34.22,31.8773,32.13,-1.9,-5.58%,892900
SDGR,2022-01-06,31.93,32.6951,30.56,31.42,-0.71,-2.21%,577300
SDGR,2022-01-07,31.32,33.155,31.195,31.93,0.51,+1.62%,580200
SDGR,2022-01-10,31.22,32.13,30.28,32.08,0.15,+0.47%,809000
SDGR,2022-01-11,32.08,33.08,31.87,32.98,0.9,+2.81%,785500
SDGR,2022-01-12,33.4,34.13,31.21,31.33,-1.65,-5.00%,697500
SDGR,2022-01-13,31.31,32.08,29.56,29.68,-1.65,-5.27%,787200
SDGR,2022-01-14,28.96,30.87,28.48,30.69,1.01,+3.40%,1361400
SDGR,2022-01-18,30.44,30.44,28.65,28.79,-1.9,-6.19%,954200
SDGR,2022-01-19,29.14,30.215,27.79,27.85,-0.94,-3.27%,740400
SDGR,2022-01-20,28.18,29.635,27.21,27.38,-0.47,-1.69%,760900
SDGR,2022-01-21,26.83,27.97,26.26,27.08,-0.3,-1.10%,1656900
SDGR,2022-01-24,26.12,28.29,25.15,27.97,0.89,+3.29%,1664800
SDGR,2022-01-25,27.31,27.95,26.36,27.59,-0.38,-1.36%,1321000
SDGR,2022-01-26,28.4,28.86,26.42,26.64,-0.95,-3.44%,765600
SDGR,2022-01-27,27.1,27.275,25.28,25.49,-1.15,-4.32%,1005300
SDGR,2022-01-28,25.44,26.47,24.37,26.22,0.73,+2.86%,1473200
SDGR,2022-01-31,26.36,28.45,26.35,28.35,2.13,+8.12%,924700
SDGR,2022-02-01,28.48,29.74,28.03,29.57,1.22,+4.30%,1172000
SDGR,2022-02-02,29.53,29.74,28.0101,28.07,-1.5,-5.07%,840900
SDGR,2022-02-03,27.36,27.99,26.41,26.56,-1.51,-5.38%,892600
SDGR,2022-02-04,26.5,26.8399,25.6,26.38,-0.18,-0.68%,1100100
SDGR,2022-02-07,26.5,28.02,26.5,26.87,0.49,+1.86%,524500
SDGR,2022-02-08,26.49,27.08,26.16,26.93,0.06,+0.22%,475200
SDGR,2022-02-09,27.39,28.21,27.2,27.76,0.83,+3.08%,734800
SDGR,2022-02-10,27.23,28.96,27.05,27.58,-0.18,-0.65%,1364600
SDGR,2022-02-11,27.58,28.6,27.2609,27.63,0.05,+0.18%,719600
SDGR,2022-02-14,27.68,28.37,26.91,26.99,-0.64,-2.32%,630800
SDGR,2022-02-15,27.76,28.38,27.59,28.2,1.21,+4.48%,821500
SDGR,2022-02-16,28,28.1,26.72,28.03,-0.17,-0.60%,781700
SDGR,2022-02-17,27.84,28.47,26.811,26.93,-1.1,-3.92%,766600
SDGR,2022-02-18,26.71,27.16,25.61,25.74,-1.19,-4.42%,623100
SDGR,2022-02-22,25.43,26.74,25.32,26.22,0.48,+1.86%,746300
SDGR,2022-02-23,26.5,26.69,24.63,24.84,-1.38,-5.26%,774900
SDGR,2022-02-24,23.44,27.5011,23.14,27.4,2.56,+10.31%,1488800
SDGR,2022-02-25,29.42,34.25,29.4,32.64,5.24,+19.12%,2975800
SDGR,2022-02-28,31.94,35.2,31.78,34.76,2.12,+6.50%,1993000
SDGR,2022-03-01,35.46,37.14,34.57,36.12,1.36,+3.91%,1609000
SDGR,2022-03-02,36,36.12,34.02,35.52,-0.6,-1.66%,1130400
SDGR,2022-03-03,35.32,35.575,33.15,33.58,-1.94,-5.46%,976100
SDGR,2022-03-04,33.47,34.5,31.9,32.28,-1.3,-3.87%,744600
SDGR,2022-03-07,32.45,32.93,30.47,30.69,-1.59,-4.93%,933800
SDGR,2022-03-08,30.31,31.86,29.16,30.4,-0.29,-0.94%,771700
SDGR,2022-03-09,31.22,32.89,30.71,31.94,1.54,+5.07%,939500
SDGR,2022-03-10,30.95,31.5,29.87,31.08,-0.86,-2.69%,752100
SDGR,2022-03-11,31.48,31.56,28.66,28.8,-2.28,-7.34%,680700
SDGR,2022-03-14,28.2,28.9699,26.94,27.34,-1.46,-5.07%,851900
SDGR,2022-03-15,27.7,28.88,27.195,28.81,1.47,+5.38%,788500
SDGR,2022-03-16,29.47,32.32,29.47,32.26,3.45,+11.98%,1180600
SDGR,2022-03-17,31.99,33.33,31.375,33.17,0.91,+2.82%,711300
SDGR,2022-03-18,32.75,34.8599,32.37,34.59,1.42,+4.28%,1022600
SDGR,2022-03-21,34.3,34.7,32.845,33.5,-1.09,-3.15%,565900
SDGR,2022-03-22,33.44,35.41,33.29,34.94,1.44,+4.30%,480200
SDGR,2022-03-23,34.38,37.25,34.06,36.11,1.17,+3.35%,845900
SDGR,2022-03-24,36.04,36.14,34.262,35.75,-0.36,-1.00%,439600
SDGR,2022-03-25,35.71,35.88,33.33,33.89,-1.86,-5.20%,755600
SDGR,2022-03-28,34.07,35.03,32.92,33.83,-0.06,-0.18%,421800
SDGR,2022-03-29,34.32,36.08,34.32,36.03,2.2,+6.50%,632800
SDGR,2022-03-30,35.8,36.2,34.16,34.36,-1.67,-4.64%,401800
SDGR,2022-03-31,34.28,34.65,33.57,34.12,-0.24,-0.70%,358700
SDGR,2022-04-01,34.29,36,34.29,35.59,1.47,+4.31%,857000
SDGR,2022-04-04,35.77,36.33,35.22,35.9,0.31,+0.87%,428000
SDGR,2022-04-05,35.83,36.16,33.04,33.47,-2.43,-6.77%,428200
SDGR,2022-04-06,32.71,33.64,31.46,33.21,-0.26,-0.78%,579600
SDGR,2022-04-07,33.11,33.8074,32.04,32.82,-0.39,-1.17%,405800
SDGR,2022-04-08,32.5,32.76,31.27,31.44,-1.38,-4.20%,461400
SDGR,2022-04-11,31.19,31.68,30.09,31.18,-0.26,-0.83%,389400
SDGR,2022-04-12,32.05,33.58,30.95,31.3,0.12,+0.38%,470900
SDGR,2022-04-13,31.32,32.45,31.07,31.55,0.25,+0.80%,419800
SDGR,2022-04-14,31.55,31.62,29.541,29.82,-1.73,-5.48%,737000
SDGR,2022-04-18,29.65,30.34,28.4201,28.7,-1.12,-3.76%,784100
SDGR,2022-04-19,28.64,30.14,28.41,29.35,0.65,+2.26%,608500
SDGR,2022-04-20,29.44,29.7,28.1,29.23,-0.12,-0.41%,470800
SDGR,2022-04-21,29.83,30.54,27.5,27.66,-1.57,-5.37%,476800
SDGR,2022-04-22,27.59,28.33,26.37,26.92,-0.74,-2.68%,497500
SDGR,2022-04-25,26.61,27.6,26.25,27.54,0.62,+2.30%,539100
SDGR,2022-04-26,27.3,27.4,25.54,25.68,-1.86,-6.75%,414600
SDGR,2022-04-27,25.57,26.43,24.93,25.23,-0.45,-1.75%,354100
SDGR,2022-04-28,25.48,25.58,23.89,25.35,0.12,+0.48%,486300
SDGR,2022-04-29,25.01,26.25,24.57,24.72,-0.63,-2.49%,516600
SDGR,2022-05-02,24.77,26.28,24.38,26.27,1.55,+6.27%,767600
SDGR,2022-05-03,26.25,26.94,25.39,26.1,-0.17,-0.65%,784500
SDGR,2022-05-04,25.95,27.17,24.465,26.88,0.78,+2.99%,1004400
SDGR,2022-05-05,26.07,26.87,24.46,24.67,-2.21,-8.22%,1138400
SDGR,2022-05-06,24.5,25.535,22.39,25.03,0.36,+1.46%,1411500
SDGR,2022-05-09,23.92,24.75,22.8,23.36,-1.67,-6.67%,1532400
SDGR,2022-05-10,24.16,24.89,22.09,23.29,-0.07,-0.30%,795900
SDGR,2022-05-11,22.99,24.12,21.01,21.39,-1.9,-8.16%,949100
SDGR,2022-05-12,20.88,23.56,20.71,22.49,1.1,+5.14%,1480500
SDGR,2022-05-13,23.05,24.84,23.01,24.57,2.08,+9.25%,1007400
SDGR,2022-05-16,24.48,24.9,23.76,23.84,-0.73,-2.97%,559200
SDGR,2022-05-17,24.69,24.97,23.56,24.77,0.93,+3.90%,744800
SDGR,2022-05-18,24.24,24.77,23.16,23.46,-1.31,-5.29%,602600
SDGR,2022-05-19,23.5,25.1,23.32,24.72,1.26,+5.37%,753800
SDGR,2022-05-20,25.07,25.34,23.53,24.75,0.03,+0.12%,553400
SDGR,2022-05-23,24.79,25,23.6,24.67,-0.08,-0.32%,772600
SDGR,2022-05-24,24.18,24.53,23.69,24.09,-0.58,-2.35%,668600
SDGR,2022-05-25,24,25,23.99,24.86,0.77,+3.20%,636400
SDGR,2022-05-26,24.86,25.925,24.62,25.17,0.31,+1.25%,702100
SDGR,2022-05-27,25.54,26.8999,25.32,26.5,1.33,+5.28%,758800
SDGR,2022-05-31,26.32,26.6311,25.235,25.84,-0.66,-2.49%,819800
SDGR,2022-06-01,26.06,26.51,25.13,25.52,-0.32,-1.24%,480500
SDGR,2022-06-02,25.52,26.9,25.45,26.62,1.1,+4.31%,526500
SDGR,2022-06-03,26.22,26.6,25.67,26.48,-0.14,-0.53%,477700
SDGR,2022-06-06,26.88,27.17,25.14,25.25,-1.23,-4.65%,589400
SDGR,2022-06-07,24.9,26.41,24.52,26.38,1.13,+4.48%,463900
SDGR,2022-06-08,26.53,27.62,26.36,27.43,1.05,+3.98%,559500
SDGR,2022-06-09,27.19,27.39,26.514,26.6,-0.83,-3.03%,593000
SDGR,2022-06-10,25.96,26.57,25.07,25.12,-1.48,-5.56%,512600
SDGR,2022-06-13,23.97,24.36,22.95,23.13,-1.99,-7.92%,560100
SDGR,2022-06-14,23.29,23.5,22.32,22.67,-0.46,-1.99%,785700
SDGR,2022-06-15,22.5,25.165,22.4,24.51,1.84,+8.12%,626300
SDGR,2022-06-16,23.6,24.03,23.06,23.81,-0.7,-2.86%,686700
SDGR,2022-06-17,24.04,25.51,24.04,25.09,1.28,+5.38%,1069100
SDGR,2022-06-21,25.56,26.13,25.46,25.59,0.5,+1.99%,558800
SDGR,2022-06-22,25.22,27.94,25.2,27.37,1.78,+6.96%,662000
SDGR,2022-06-23,27.56,29.59,27.56,29.45,2.08,+7.60%,741500
SDGR,2022-06-24,29.75,30.74,29.04,30.41,0.96,+3.26%,1957500
SDGR,2022-06-27,30.02,30.26,28.86,29.04,-1.37,-4.51%,542400
SDGR,2022-06-28,29.06,29.61,27.79,27.87,-1.17,-4.03%,882800
SDGR,2022-06-29,27.87,27.87,26.7,27.55,-0.32,-1.15%,551700
SDGR,2022-06-30,27.11,27.26,26.05,26.41,-1.14,-4.14%,506200
SDGR,2022-07-01,26.45,27.86,26.45,27.74,1.33,+5.04%,354200
SDGR,2022-07-05,28.46,30.75,27.09,30.71,2.97,+10.71%,708800
SDGR,2022-07-06,30.8,31.39,29.77,30,-0.71,-2.31%,369200
SDGR,2022-07-07,29.87,32.37,29.7701,32.35,2.35,+7.83%,759800
SDGR,2022-07-08,31.65,32.78,31.43,32.02,-0.33,-1.02%,625500
SDGR,2022-07-11,31.85,32,30.2727,30.76,-1.26,-3.94%,402100
SDGR,2022-07-12,30.88,31.35,30.05,31.18,0.42,+1.37%,467000
SDGR,2022-07-13,30.18,32.115,30.01,31.45,0.27,+0.87%,569100
SDGR,2022-07-14,31.45,32.02,30.48,31.565,0.115,+0.37%,506400
SDGR,2022-07-15,32.17,32.34,30.965,32.05,0.485,+1.54%,620200
SDGR,2022-07-18,32.37,32.66,30.35,30.52,-1.53,-4.77%,665600
SDGR,2022-07-19,31.04,31.94,30.515,31.88,1.36,+4.46%,362100
SDGR,2022-07-20,32,33.41,32,32.67,0.79,+2.48%,650300
SDGR,2022-07-21,32.73,33.93,32.48,33.31,0.64,+1.96%,766400
SDGR,2022-07-22,33.38,33.455,30.97,31.49,-1.82,-5.46%,420800
SDGR,2022-07-25,31.57,31.74,30.4,31.54,0.05,+0.16%,373400
SDGR,2022-07-26,31.78,32.13,30.815,31.5,-0.04,-0.13%,506100
SDGR,2022-07-27,31.95,32.43,31.51,32.17,0.67,+2.13%,412600
SDGR,2022-07-28,32.02,32.6988,31.2501,32.14,-0.03,-0.09%,389700
SDGR,2022-07-29,31.97,32.4789,31.26,31.3,-0.84,-2.61%,373000
SDGR,2022-08-01,31.07,31.86,30.51,30.87,-0.43,-1.37%,340800
SDGR,2022-08-02,30.48,31.9,30.32,31.45,0.58,+1.88%,349300
SDGR,2022-08-03,32,33.19,31.61,33.07,1.62,+5.15%,510300
SDGR,2022-08-04,33.27,34.72,33.2,34.71,1.64,+4.96%,668900
SDGR,2022-08-05,33.41,33.79,29.9,33.58,-1.13,-3.26%,1612300
SDGR,2022-08-08,34.34,34.43,32.72,32.81,-0.77,-2.29%,1175200
SDGR,2022-08-09,32.68,32.68,31.0262,31.44,-1.37,-4.18%,637200
SDGR,2022-08-10,32.49,33.24,31.84,33.07,1.63,+5.18%,687500
SDGR,2022-08-11,33.45,35.24,31.05,31.19,-1.88,-5.68%,927300
SDGR,2022-08-12,31.28,31.77,30.91,31.55,0.36,+1.15%,553500
SDGR,2022-08-15,31.34,31.85,30.58,31.58,0.03,+0.10%,532000
SDGR,2022-08-16,31.33,31.33,29.51,30.04,-1.54,-4.88%,773400
SDGR,2022-08-17,29.64,29.65,28.33,28.6,-1.44,-4.79%,538600
SDGR,2022-08-18,28.61,28.7,27.501,28.55,-0.05,-0.17%,713200
SDGR,2022-08-19,28.08,28.35,27.53,27.88,-0.67,-2.35%,1169400
SDGR,2022-08-22,27.61,28.24,27.41,27.85,-0.03,-0.11%,706100
SDGR,2022-08-23,27.95,28.8298,27.78,28.19,0.34,+1.22%,340900
SDGR,2022-08-24,28.06,28.82,27.83,28.48,0.29,+1.03%,375400
SDGR,2022-08-25,28.97,29.03,28.33,28.88,0.4,+1.40%,299200
SDGR,2022-08-26,28.96,29.05,27.63,27.69,-1.19,-4.12%,474500
SDGR,2022-08-29,27.21,27.74,26.97,27.1,-0.59,-2.13%,479100
SDGR,2022-08-30,27.5,27.8711,26.725,26.95,-0.15,-0.55%,397800
SDGR,2022-08-31,27.47,27.66,27.04,27.44,0.49,+1.82%,325900
SDGR,2022-09-01,27.04,27.6,26.48,27.58,0.14,+0.51%,514400
SDGR,2022-09-02,28.06,28.06,26.1,26.77,-0.81,-2.94%,729200
SDGR,2022-09-06,26.88,26.88,25.88,25.91,-0.86,-3.21%,343400
SDGR,2022-09-07,25.83,27.34,25.83,27.12,1.21,+4.67%,330000
SDGR,2022-09-08,26.72,28.41,26.72,28.39,1.27,+4.68%,480400
SDGR,2022-09-09,28.93,28.93,27.92,28.05,-0.34,-1.20%,563200
SDGR,2022-09-12,28.3,28.81,28.03,28.79,0.74,+2.64%,295900
SDGR,2022-09-13,27.65,28.25,27.28,28.18,-0.61,-2.12%,562400
SDGR,2022-09-14,28.28,29.04,28.02,28.96,0.78,+2.77%,646300
SDGR,2022-09-15,28.59,30.09,28.45,28.94,-0.02,-0.07%,461500
SDGR,2022-09-16,28.26,28.36,27.33,27.7,-1.24,-4.28%,910418
SDGR,2022-09-19,27.24,27.61,26.64,27.39,-0.31,-1.12%,461800
SDGR,2022-09-20,27.09,27.39,26.69,26.81,-0.58,-2.12%,360000
SDGR,2022-09-21,26.96,27.02,25.98,26.14,-0.67,-2.50%,451700
SDGR,2022-09-22,25.91,25.91,24.56,24.98,-1.16,-4.44%,488600
SDGR,2022-09-23,24.6,24.93,23.7124,24.12,-0.86,-3.44%,664200
SDGR,2022-09-26,24.02,24.74,23.7,23.95,-0.17,-0.70%,570600
SDGR,2022-09-27,24.31,24.829,23.94,24.12,0.17,+0.71%,423300
SDGR,2022-09-28,24.3,25.78,24.265,25.69,1.57,+6.51%,392300
SDGR,2022-09-29,25.23,25.29,24.56,25.22,-0.47,-1.83%,358200
SDGR,2022-09-30,25.19,25.86,24.91,24.98,-0.24,-0.95%,740600
SDGR,2022-10-03,25.03,25.6,24.76,25.18,0.2,+0.80%,323700
SDGR,2022-10-04,25.78,27,25.78,26.38,1.2,+4.77%,480200
SDGR,2022-10-05,25.87,26.36,24.88,26.27,-0.11,-0.42%,451700
SDGR,2022-10-06,26.38,26.9999,25.08,25.46,-0.81,-3.08%,470400
SDGR,2022-10-07,25.18,25.83,24.41,24.53,-0.93,-3.65%,594500
SDGR,2022-10-10,24.49,24.49,23.32,23.83,-0.7,-2.85%,435600
SDGR,2022-10-11,23.75,23.86,22.93,23.45,-0.38,-1.59%,337800
SDGR,2022-10-12,23.48,23.57,22.47,23.17,-0.28,-1.19%,289600
SDGR,2022-10-13,22.26,23.45,22.15,23,-0.17,-0.73%,393500
SDGR,2022-10-14,23.31,23.59,21.86,21.91,-1.09,-4.74%,362500
SDGR,2022-10-17,22.54,23.2,22.15,22.4,0.49,+2.24%,418700
SDGR,2022-10-18,23.21,23.81,22.72,22.91,0.51,+2.28%,326800
SDGR,2022-10-19,22.51,22.51,21.26,21.43,-1.48,-6.46%,302700
SDGR,2022-10-20,21.41,22.22,21.19,21.33,-0.1,-0.47%,320000
SDGR,2022-10-21,21.46,21.81,21.01,21.71,0.38,+1.78%,290500
SDGR,2022-10-24,21.9,22.05,21.11,21.86,0.15,+0.69%,357200
SDGR,2022-10-25,22,23.42,22,22.68,0.82,+3.75%,392400
SDGR,2022-10-26,22.63,24.0623,22.5,23.22,0.54,+2.38%,424700
SDGR,2022-10-27,23.5,23.79,22.81,23.4,0.18,+0.78%,459800
SDGR,2022-10-28,23.36,24.44,23.26,24.38,0.98,+4.19%,427600
SDGR,2022-10-31,24.26,24.37,23.72,23.97,-0.41,-1.68%,762200
SDGR,2022-11-01,24.49,24.98,24.27,24.69,0.72,+3.00%,327500
SDGR,2022-11-02,24.47,26.53,24.005,24.5,-0.19,-0.77%,942900
SDGR,2022-11-03,24.11,25.61,23.9,24.66,0.16,+0.65%,483500
SDGR,2022-11-04,24.08,24.62,20.04,20.92,-3.74,-15.17%,1772700
SDGR,2022-11-07,21.06,21.18,20.0501,20.61,-0.31,-1.48%,679300
SDGR,2022-11-08,20.82,21.65,20.52,20.67,0.06,+0.29%,561500
SDGR,2022-11-09,20.31,20.73,19.9,20.03,-0.64,-3.10%,540900
SDGR,2022-11-10,21.25,22.01,21.11,21.7,1.67,+8.34%,597200
SDGR,2022-11-11,21.68,24.3,21.68,21.97,0.27,+1.24%,1022500
SDGR,2022-11-14,21.99,22.155,21.04,21.59,-0.38,-1.73%,704900
SDGR,2022-11-15,22.35,22.74,21.99,22.27,0.68,+3.15%,595900
SDGR,2022-11-16,22.3,22.3,20.87,21.05,-1.22,-5.48%,407400
SDGR,2022-11-17,20.58,20.65,19.05,19.09,-1.96,-9.31%,889500
SDGR,2022-11-18,19.73,19.73,18.62,18.66,-0.43,-2.25%,565100
SDGR,2022-11-21,18.65,18.69,18.23,18.41,-0.25,-1.34%,351200
SDGR,2022-11-22,18.48,18.51,17.73,18.04,-0.37,-2.01%,464500
SDGR,2022-11-23,18.11,18.6728,18.11,18.46,0.42,+2.33%,281600
SDGR,2022-11-25,18.32,18.59,18.15,18.23,-0.23,-1.25%,156800
SDGR,2022-11-28,18.1,18.38,17.31,17.49,-0.74,-4.06%,586600
SDGR,2022-11-29,17.46,17.765,17.15,17.42,-0.07,-0.40%,434900
SDGR,2022-11-30,17.56,18.065,16.9001,18,0.58,+3.33%,752800
SDGR,2022-12-01,18.1,18.62,17.25,17.63,-0.37,-2.06%,587800
SDGR,2022-12-02,17.45,17.55,16.72,17.35,-0.28,-1.59%,787100
SDGR,2022-12-05,17.29,17.6688,16.23,16.48,-0.87,-5.01%,697900
SDGR,2022-12-06,16.48,16.51,15.85,16.24,-0.24,-1.46%,705800
SDGR,2022-12-07,16.29,16.79,15.955,16.63,0.39,+2.40%,897500
SDGR,2022-12-08,16.74,16.87,16.065,16.43,-0.2,-1.20%,657900
SDGR,2022-12-09,16.33,16.6,16.065,16.49,0.06,+0.37%,632800
SDGR,2022-12-12,16.6,17.07,16.41,17.03,0.54,+3.27%,891400
SDGR,2022-12-13,20.23,21.3,19.375,20.54,3.51,+20.61%,2945900
SDGR,2022-12-14,20.55,21.59,19.96,20.52,-0.02,-0.10%,991600
SDGR,2022-12-15,20.03,20.49,19.75,19.89,-0.63,-3.07%,757800
SDGR,2022-12-16,19.51,20.71,19.51,20.54,0.65,+3.27%,925600
SDGR,2022-12-19,20.65,20.65,18.886,19.02,-1.52,-7.40%,1095900
SDGR,2022-12-20,18.89,19.61,18.52,19.61,0.59,+3.10%,692000
SDGR,2022-12-21,19.77,20.03,19.23,19.28,-0.33,-1.68%,662900
SDGR,2022-12-22,18.99,19.54,18.8201,19.52,0.24,+1.24%,697000
SDGR,2022-12-23,19.45,19.46,18.395,18.86,-0.66,-3.38%,596900
SDGR,2022-12-27,18.69,18.69,17.41,17.64,-1.22,-6.47%,472000
SDGR,2022-12-28,17.6,18.3,17.33,17.71,0.07,+0.40%,598600
SDGR,2022-12-29,17.95,19.02,17.76,18.87,1.16,+6.55%,604700
SDGR,2022-12-30,18.61,18.85,18.26,18.69,-0.18,-0.95%,453500
SDGR,2023-01-03,19.12,19.49,18.3,18.31,-0.38,-2.03%,446600
SDGR,2023-01-04,18.64,18.64,18.01,18.22,-0.09,-0.49%,667100
SDGR,2023-01-05,18.07,18.58,17.74,18.44,0.22,+1.21%,460800
SDGR,2023-01-06,18.42,18.42,17.37,18.09,-0.35,-1.90%,573600
SDGR,2023-01-09,18.47,18.77,18.02,18.66,0.57,+3.15%,589500
SDGR,2023-01-10,18.56,20.38,18.56,20.24,1.58,+8.47%,867600
SDGR,2023-01-11,20.39,22.1,20.22,21.78,1.54,+7.61%,1031200
SDGR,2023-01-12,21.88,23.47,20.985,23.33,1.55,+7.12%,1189400
SDGR,2023-01-13,23.11,24,22.86,23.83,0.5,+2.14%,856600
SDGR,2023-01-17,23.76,24.02,23.38,23.61,-0.22,-0.92%,469800
SDGR,2023-01-18,23.99,24.74,23.57,23.81,0.2,+0.85%,703900
SDGR,2023-01-19,23.12,23.835,22.42,23.77,-0.04,-0.17%,579800
SDGR,2023-01-20,24.27,24.27,22.81,23.1,-0.67,-2.82%,638000
SDGR,2023-01-23,23.21,23.88,23.03,23.8,0.7,+3.03%,653800
SDGR,2023-01-24,23.7,23.91,22.19,22.68,-1.12,-4.71%,426900
SDGR,2023-01-25,22.33,23.0115,21.67,22.98,0.3,+1.32%,347100
SDGR,2023-01-26,23.42,23.55,22.31,22.89,-0.09,-0.39%,259200
SDGR,2023-01-27,22.63,23.28,22.63,22.97,0.08,+0.35%,292800
SDGR,2023-01-30,22.71,22.71,21.97,22.05,-0.92,-4.01%,416700
SDGR,2023-01-31,22.48,24.38,22.48,24.18,2.13,+9.66%,684900
SDGR,2023-02-01,24.37,25.275,23.701,25.14,0.96,+3.97%,764900
SDGR,2023-02-02,25.58,28.05,25.58,27.61,2.47,+9.82%,1129000
SDGR,2023-02-03,26.83,27.51,25.87,26.13,-1.48,-5.36%,801800
SDGR,2023-02-06,25.86,26.21,25.19,25.44,-0.69,-2.64%,503300
SDGR,2023-02-07,25.46,26.61,25.05,26.61,1.17,+4.60%,568300
SDGR,2023-02-08,26.38,26.4,24.07,24.27,-2.34,-8.79%,538100
SDGR,2023-02-09,24.54,25.19,23.19,23.29,-0.98,-4.04%,447500
SDGR,2023-02-10,22.98,23.43,22.71,23.28,-0.01,-0.04%,343700
SDGR,2023-02-13,23.41,23.41,22.75,22.92,-0.36,-1.55%,453500
SDGR,2023-02-14,22.54,24.37,22.31,24.18,1.26,+5.50%,550100
SDGR,2023-02-15,23.96,24.7,23.94,24.39,0.21,+0.87%,364100
SDGR,2023-02-16,23.85,24.47,23.53,23.94,-0.45,-1.85%,391800
SDGR,2023-02-17,23.97,23.97,23.27,23.8,-0.14,-0.58%,431700
SDGR,2023-02-21,23.31,23.7,22.93,22.97,-0.83,-3.49%,601100
SDGR,2023-02-22,23.03,23.27,22.245,22.56,-0.41,-1.78%,328300
SDGR,2023-02-23,22.83,22.87,21.98,22.43,-0.13,-0.58%,313600
SDGR,2023-02-24,21.75,22.15,21.3,21.64,-0.79,-3.52%,343300
SDGR,2023-02-27,21.96,22,21.25,21.49,-0.15,-0.69%,412100
SDGR,2023-02-28,21.44,22.24,21.26,21.73,0.24,+1.12%,593300
SDGR,2023-03-01,26.67,28.26,24.52,24.6,2.87,+13.21%,2096900
SDGR,2023-03-02,24.5,25.74,23.82,24.37,-0.23,-0.93%,734700
SDGR,2023-03-03,24.5,26.25,24.13,26.16,1.79,+7.35%,703200
SDGR,2023-03-06,26.43,26.51,25.03,25.12,-1.04,-3.98%,496000
SDGR,2023-03-07,25.04,25.94,24.86,25.3,0.18,+0.72%,475300
SDGR,2023-03-08,25.29,25.7,24.9,25.41,0.11,+0.43%,337500
SDGR,2023-03-09,25.58,25.745,24.6,24.81,-0.6,-2.36%,336700
SDGR,2023-03-10,24.68,24.94,22.69,23.47,-1.34,-5.40%,1052200
SDGR,2023-03-13,22.91,24.48,22.87,24.32,0.85,+3.62%,856200
SDGR,2023-03-14,24.86,25.7,24.72,25.61,1.29,+5.30%,446700
SDGR,2023-03-15,25.12,25.8,24.765,25.74,0.13,+0.51%,476000
SDGR,2023-03-16,25.63,26.77,25.44,26.63,0.89,+3.46%,474500
SDGR,2023-03-17,26.6,26.65,25.58,25.62,-1.01,-3.79%,680200
SDGR,2023-03-20,25.71,25.76,24.8,25.39,-0.23,-0.90%,509800
SDGR,2023-03-21,25.71,27.09,25.585,26.76,1.37,+5.40%,437400
SDGR,2023-03-22,26.73,27.3,25.99,26.03,-0.73,-2.73%,609200
SDGR,2023-03-23,26.37,26.88,25.26,25.63,-0.4,-1.54%,525000
SDGR,2023-03-24,25.55,25.8,25.13,25.57,-0.06,-0.23%,336600
SDGR,2023-03-27,25.8,26.02,25.31,25.62,0.05,+0.20%,490000
SDGR,2023-03-28,25.58,25.63,24.21,24.28,-1.34,-5.23%,292700
SDGR,2023-03-29,24.59,25.1656,24.38,24.63,0.35,+1.44%,338800
SDGR,2023-03-30,24.91,25.29,24.42,25.11,0.48,+1.95%,413500
SDGR,2023-03-31,25.43,26.85,25.27,26.33,1.22,+4.86%,555200
SDGR,2023-04-03,26.33,26.62,25.62,26.41,0.08,+0.30%,601900
SDGR,2023-04-04,26.51,26.96,25.6901,26.88,0.47,+1.78%,410900
SDGR,2023-04-05,26.75,26.87,26.25,26.78,-0.1,-0.37%,297000
SDGR,2023-04-06,26.7,27.54,26.48,27.3,0.52,+1.94%,372200
SDGR,2023-04-10,27,27.39,26.655,27.35,0.05,+0.18%,513500
SDGR,2023-04-11,27.48,27.8133,26.88,27.72,0.37,+1.35%,375300
SDGR,2023-04-12,28.24,28.53,26.51,26.59,-1.13,-4.08%,402900
SDGR,2023-04-13,26.91,28.6,26.7001,28.18,1.59,+5.98%,521700
SDGR,2023-04-14,28.08,28.52,27.465,27.49,-0.69,-2.45%,374900
SDGR,2023-04-17,27.54,29.5,27.5,29.09,1.6,+5.82%,613000
SDGR,2023-04-18,29.28,29.62,28.7415,29.6,0.51,+1.75%,733500
SDGR,2023-04-19,29.25,30.02,29.25,29.71,0.11,+0.37%,574700
SDGR,2023-04-20,29.31,29.47,28.025,28.3,-1.41,-4.75%,364500
SDGR,2023-04-21,28.39,29.64,28.39,29.6,1.3,+4.59%,341000
SDGR,2023-04-24,29.94,30.01,28.85,29.38,-0.22,-0.74%,363500
SDGR,2023-04-25,29.19,29.445,28.88,28.97,-0.41,-1.40%,339800
SDGR,2023-04-26,28.97,29,28.22,28.43,-0.54,-1.86%,294800
SDGR,2023-04-27,28.54,28.55,27.76,28.29,-0.14,-0.49%,607800
SDGR,2023-04-28,28.12,29.91,28.12,29.52,1.23,+4.35%,411300
SDGR,2023-05-01,29.36,31.005,29.135,30.88,1.36,+4.61%,628900
SDGR,2023-05-02,30.71,30.76,28.36,28.38,-2.5,-8.10%,574200
SDGR,2023-05-03,28.48,30.085,28.3101,29.15,0.77,+2.71%,740700
SDGR,2023-05-04,29.15,30.75,28.38,30.12,0.97,+3.33%,2640300
SDGR,2023-05-05,29.29,29.29,25.16,27.67,-2.45,-8.13%,2174000
SDGR,2023-05-08,27.54,27.895,26.15,27.74,0.07,+0.25%,928100
SDGR,2023-05-09,27.41,27.66,26.76,27.28,-0.46,-1.66%,596100
SDGR,2023-05-10,27.74,28.26,27.2,27.93,0.65,+2.38%,667200
SDGR,2023-05-11,27.73,27.82,26.39,26.53,-1.4,-5.01%,496000
SDGR,2023-05-12,26.5,26.7,26.03,26.1,-0.43,-1.62%,320900
SDGR,2023-05-15,26.11,27.69,25.77,27.68,1.58,+6.05%,436000
SDGR,2023-05-16,27.52,27.52,26.91,27.01,-0.67,-2.42%,307100
SDGR,2023-05-17,27.07,28.52,26.4806,28.36,1.35,+5.00%,509600
SDGR,2023-05-18,28.41,30.98,28.2,30.81,2.45,+8.64%,830400
SDGR,2023-05-19,31,33.5,30.85,33.11,2.3,+7.47%,1310000
SDGR,2023-05-22,33.26,39.31,33.11,38.95,5.84,+17.64%,3609200
SDGR,2023-05-23,38.67,40.69,37.12,38.52,-0.43,-1.10%,2356400
SDGR,2023-05-24,38.13,38.13,36.52,37.13,-1.39,-3.61%,1281100
SDGR,2023-05-25,37.77,38.22,33.06,35.62,-1.51,-4.07%,1475800
SDGR,2023-05-26,36,36.23,34.95,36,0.38,+1.07%,795600
SDGR,2023-05-30,36.94,37.12,34.04,34.47,-1.53,-4.25%,1455500
SDGR,2023-05-31,34.46,35.05,33.155,33.45,-1.02,-2.96%,1102700
SDGR,2023-06-01,33.5,35.35,33.35,35.09,1.64,+4.90%,861400
SDGR,2023-06-02,35.57,36.1699,34.12,35.65,0.56,+1.60%,787200
SDGR,2023-06-05,36.71,38.78,36.245,38.14,2.49,+6.98%,2086900
SDGR,2023-06-06,38.1,38.58,36.77,38.14,0,0.00%,1075000
SDGR,2023-06-07,38.62,39.98,36.735,36.99,-1.15,-3.02%,1115400
SDGR,2023-06-08,36.8,38.8691,36.02,38.28,1.29,+3.49%,1049200
SDGR,2023-06-09,38.43,39.28,36.6,36.64,-1.64,-4.28%,1026900
SDGR,2023-06-12,36.75,39.02,36.75,38.22,1.58,+4.31%,1395300
SDGR,2023-06-13,38.53,40.83,38.53,40.74,2.52,+6.59%,2428100
SDGR,2023-06-14,40.74,42.24,39.16,39.87,-0.87,-2.14%,2227100
SDGR,2023-06-15,39.87,45.62,39.54,45.26,5.39,+13.52%,3071300
SDGR,2023-06-16,47,47.92,45.0107,45.98,0.72,+1.59%,13271000
SDGR,2023-06-20,45.26,48.76,45.25,47.99,2.01,+4.37%,2711000
SDGR,2023-06-21,47.99,48.03,45.2905,47.08,-0.91,-1.90%,1767100
SDGR,2023-06-22,46.51,46.86,43.44,43.68,-3.4,-7.22%,1837100
SDGR,2023-06-23,43,43.4999,41.64,42.37,-1.31,-3.00%,1487600
SDGR,2023-06-26,42.18,42.63,41.65,41.79,-0.58,-1.37%,1011500
SDGR,2023-06-27,42.05,43.39,40.425,42.08,0.29,+0.69%,1108200
SDGR,2023-06-28,42,44.81,41.81,44.79,2.71,+6.44%,936700
SDGR,2023-06-29,45.5,48.73,45.335,47.6,2.81,+6.27%,1690700
SDGR,2023-06-30,48.15,51.45,47.2001,49.92,2.32,+4.87%,1820200
SDGR,2023-07-03,50.94,50.94,48.64,48.65,-1.27,-2.54%,585800
SDGR,2023-07-05,48.5,50.33,47.61,49.31,0.66,+1.36%,1222300
SDGR,2023-07-06,48.21,48.29,46.61,47.12,-2.19,-4.44%,1498300
SDGR,2023-07-07,47.46,49.4,46.98,48.97,1.85,+3.93%,880500
SDGR,2023-07-10,49,52,49,51.58,2.61,+5.33%,1244500
SDGR,2023-07-11,51.7,52.98,50.665,52.64,1.06,+2.06%,993600
SDGR,2023-07-12,56.55,59.24,54.38,54.55,1.91,+3.63%,3992900
SDGR,2023-07-13,54.58,55.14,52.645,54.01,-0.54,-0.99%,1811400
SDGR,2023-07-14,54.05,55.61,53.29,53.35,-0.66,-1.22%,974300
SDGR,2023-07-17,53.08,55.34,52.26,54.53,1.18,+2.21%,864800
SDGR,2023-07-18,54.95,55.85,53.99,55.01,0.48,+0.88%,664100
SDGR,2023-07-19,55.89,56.47,53.84,55.37,0.36,+0.65%,928100
SDGR,2023-07-20,55.04,55.88,51.65,52,-3.37,-6.09%,1046900
SDGR,2023-07-21,53.15,54.94,52.64,53.79,1.79,+3.44%,1371300
SDGR,2023-07-24,53.55,53.75,49.14,49.59,-4.2,-7.81%,1323100
SDGR,2023-07-25,49.69,50.5292,48.78,48.99,-0.6,-1.21%,830600
SDGR,2023-07-26,48.37,49.85,48.01,48.55,-0.44,-0.90%,874100
SDGR,2023-07-27,49.77,49.89,47.34,47.76,-0.79,-1.63%,710700
SDGR,2023-07-28,48.61,49.4,48.355,49.12,1.36,+2.85%,698700
SDGR,2023-07-31,49.42,52.45,49.18,52.31,3.19,+6.49%,1048400
SDGR,2023-08-01,51.85,52.81,51.3701,52.33,0.02,+0.04%,1112100
SDGR,2023-08-02,50.97,51.18,49,50.24,-2.09,-3.99%,1625900
SDGR,2023-08-03,39.54,42.65,38.01,38.23,-12.01,-23.91%,4531000
SDGR,2023-08-04,38.51,40.69,38.01,39.76,1.53,+4.00%,1683100
SDGR,2023-08-07,39.56,40.59,35.765,38.05,-1.71,-4.30%,2596400
SDGR,2023-08-08,37.08,38.58,36.7375,38.49,0.44,+1.16%,958300
SDGR,2023-08-09,38.01,40.41,37.8101,39.89,1.4,+3.64%,987600
SDGR,2023-08-10,39.84,40.47,37.54,38.31,-1.58,-3.96%,679200
SDGR,2023-08-11,38.06,38.31,37.23,37.67,-0.64,-1.67%,607300
SDGR,2023-08-14,37.37,37.89,36.49,36.69,-0.98,-2.60%,814300
SDGR,2023-08-15,36.52,37.3,36.16,36.39,-0.3,-0.82%,737600
SDGR,2023-08-16,36.29,36.48,34.57,34.69,-1.7,-4.67%,1045700
SDGR,2023-08-17,34.68,34.69,33.711,33.87,-0.82,-2.36%,1253600
SDGR,2023-08-18,33.28,34.365,33.19,33.81,-0.06,-0.18%,1144400
SDGR,2023-08-21,34.04,37.09,34.04,36.7,2.89,+8.55%,1072800
SDGR,2023-08-22,37.25,37.32,35.7742,36.42,-0.28,-0.76%,822500
SDGR,2023-08-23,36.71,38.92,36.13,37.95,1.53,+4.20%,903800
SDGR,2023-08-24,38.79,39.12,34.165,35.7,-2.25,-5.93%,1436000
SDGR,2023-08-25,35.72,36.45,34.2535,35.15,-0.55,-1.54%,578300
SDGR,2023-08-28,35.63,36.12,34.895,35.82,0.67,+1.91%,594400
SDGR,2023-08-29,35.73,37.22,35.475,36.61,0.79,+2.21%,571700
SDGR,2023-08-30,36.54,37.275,35.645,36.74,0.13,+0.36%,447300
SDGR,2023-08-31,36.86,37.46,36.47,36.89,0.15,+0.41%,655900
SDGR,2023-09-01,36.91,37.75,36.69,36.71,-0.18,-0.49%,494800
SDGR,2023-09-05,36.62,36.62,35.16,35.82,-0.89,-2.42%,449400
SDGR,2023-09-06,35.97,36.4909,35.14,35.635,-0.185,-0.52%,467700
SDGR,2023-09-07,35.21,35.21,34.01,34.82,-0.815,-2.29%,611600
SDGR,2023-09-08,34.91,34.975,33.84,34.02,-0.8,-2.30%,362200
SDGR,2023-09-11,34.12,34.6,33.82,33.99,-0.03,-0.09%,445200
SDGR,2023-09-12,33.77,34.14,33.585,33.71,-0.28,-0.82%,345600
SDGR,2023-09-13,33.59,34.44,33.11,33.27,-0.44,-1.31%,561600
SDGR,2023-09-14,33.49,34.1,32.88,33.2,-0.07,-0.21%,536700
SDGR,2023-09-15,33.33,33.33,32.45,33.03,-0.17,-0.51%,1018100
SDGR,2023-09-18,32.19,32.29,31.02,31.73,-1.3,-3.94%,833000
SDGR,2023-09-19,31.69,32.105,30.91,31.2,-0.53,-1.67%,769800
SDGR,2023-09-20,31.43,31.81,30.71,30.75,-0.45,-1.44%,733400
SDGR,2023-09-21,30.03,30.39,29.5001,29.73,-1.02,-3.32%,866000
SDGR,2023-09-22,30,30.38,28.66,29.03,-0.7,-2.35%,834800
SDGR,2023-09-25,28.63,28.94,27.89,28.25,-0.78,-2.69%,816100
SDGR,2023-09-26,27.99,28.4572,27,27.44,-0.81,-2.87%,992400
SDGR,2023-09-27,27.66,28.12,26.8801,27.34,-0.1,-0.36%,1157700
SDGR,2023-09-28,27.65,27.99,27.13,27.38,0.04,+0.15%,884700
SDGR,2023-09-29,28,28.48,27.73,28.27,0.89,+3.25%,1186000
SDGR,2023-10-02,28.16,28.32,27.18,27.52,-0.75,-2.65%,807400
SDGR,2023-10-03,27.06,27.55,26.79,27.34,-0.18,-0.65%,652900
SDGR,2023-10-04,27.42,27.54,26.59,27.4,0.06,+0.22%,906400
SDGR,2023-10-05,27.4,27.93,26.7205,27.87,0.47,+1.72%,619500
SDGR,2023-10-06,27.27,28.29,26.88,27.85,-0.02,-0.07%,573800
SDGR,2023-10-09,27.54,27.75,26.38,26.97,-0.88,-3.16%,550700
SDGR,2023-10-10,27,27.66,26.44,27.32,0.35,+1.30%,582800
SDGR,2023-10-11,27.38,27.515,25.89,26.26,-1.06,-3.88%,693700
SDGR,2023-10-12,26.06,26.06,23.65,23.75,-2.51,-9.56%,1083500
SDGR,2023-10-13,23.76,24.015,23.2853,23.45,-0.3,-1.26%,660700
SDGR,2023-10-16,23.35,24.93,22.9,24.39,0.94,+4.01%,787800
SDGR,2023-10-17,23.96,25.13,23.96,24.61,0.22,+0.90%,642300
SDGR,2023-10-18,24.16,24.21,23.17,23.42,-1.19,-4.84%,519900
SDGR,2023-10-19,23.5,23.5,22.325,22.55,-0.87,-3.71%,873700
SDGR,2023-10-20,22.34,22.6,21.895,21.98,-0.57,-2.53%,738900
SDGR,2023-10-23,21.76,22.1,21.3,21.99,0.01,+0.05%,474400
SDGR,2023-10-24,22.38,23.88,22.38,23.66,1.67,+7.59%,1128500
SDGR,2023-10-25,23.26,23.98,22.74,22.96,-0.7,-2.96%,616900
SDGR,2023-10-26,23.03,23.47,22.174,22.25,-0.71,-3.09%,497100
SDGR,2023-10-27,22.5,22.5,21.56,21.65,-0.6,-2.70%,449100
SDGR,2023-10-30,22.31,22.66,21.35,21.62,-0.03,-0.14%,747500
SDGR,2023-10-31,21.54,21.9459,21.39,21.7,0.08,+0.37%,751700
SDGR,2023-11-01,21.66,22.01,20.76,21.815,0.115,+0.53%,1032200
SDGR,2023-11-02,23.5,27.34,22.75,25.02,3.205,+14.69%,2431100
SDGR,2023-11-03,25.59,29.17,25.59,28.34,3.32,+13.27%,1922000
SDGR,2023-11-06,28.94,29.102,27.3,27.66,-0.68,-2.40%,831300
SDGR,2023-11-07,27.48,29.15,27.384,28.29,0.63,+2.28%,754800
SDGR,2023-11-08,28.27,28.27,26.85,27.22,-1.07,-3.78%,609800
SDGR,2023-11-09,27.46,27.81,26.29,26.56,-0.66,-2.42%,642700
SDGR,2023-11-10,26.7,27.37,25.96,27.33,0.77,+2.90%,628100
SDGR,2023-11-13,27,27.81,26.57,27.77,0.44,+1.61%,480700
SDGR,2023-11-14,29.72,30.417,29.48,30.24,2.47,+8.89%,1051300
SDGR,2023-11-15,30.37,32.86,30.1,30.87,0.63,+2.08%,1078300
SDGR,2023-11-16,30.75,31.16,29.73,30.88,0.01,+0.03%,582000
SDGR,2023-11-17,31.31,31.45,30.39,30.86,-0.02,-0.06%,956600
SDGR,2023-11-20,31.12,32.2,30.4,30.5,-0.36,-1.17%,748400
SDGR,2023-11-21,29.93,30,28.55,29.33,-1.17,-3.84%,725300
SDGR,2023-11-22,29.91,30.77,29.04,30.67,1.34,+4.57%,604200
SDGR,2023-11-24,30.67,31.6828,30.36,31.05,0.38,+1.24%,368900
SDGR,2023-11-27,30.54,31.285,29.65,31.17,0.12,+0.39%,825500
SDGR,2023-11-28,31.08,31.49,30.4,31.26,0.09,+0.29%,827900
SDGR,2023-11-29,31.79,32.87,30.95,31.46,0.2,+0.64%,626200
SDGR,2023-11-30,31.92,32.48,30.67,31.09,-0.37,-1.18%,779900
SDGR,2023-12-01,30.97,32.57,30.54,32.49,1.4,+4.50%,649400
SDGR,2023-12-04,32.19,33.5,31.52,32.26,-0.23,-0.71%,1395000
SDGR,2023-12-05,32.59,33.66,31.35,31.6,-0.66,-2.05%,768500
SDGR,2023-12-06,32.21,33.1,31.58,32.08,0.48,+1.52%,618800
SDGR,2023-12-07,31.57,32.83,30.69,32.26,0.18,+0.56%,752200
SDGR,2023-12-08,31.75,32.49,31.35,31.95,-0.31,-0.96%,532000
SDGR,2023-12-11,31.83,33.13,31.235,32.42,0.47,+1.47%,644800
SDGR,2023-12-12,32.3,32.39,31.25,31.47,-0.95,-2.93%,678700
SDGR,2023-12-13,31.46,32.13,29.38,31.37,-0.1,-0.32%,1068400
SDGR,2023-12-14,32.49,35.96,32.4216,35.79,4.42,+14.09%,1674600
SDGR,2023-12-15,36.42,36.94,34.34,34.79,-1.,-2.79%,1630200
SDGR,2023-12-18,34.7,36.05,34.05,34.06,-0.73,-2.10%,811100
SDGR,2023-12-19,34.69,35.99,34.14,35.49,1.43,+4.20%,1010300
SDGR,2023-12-20,35.51,36.94,33.64,33.7,-1.79,-5.04%,1017300
SDGR,2023-12-21,34.75,35.38,34.41,34.79,1.09,+3.23%,535700
SDGR,2023-12-22,35,36.38,34.775,36.06,1.27,+3.65%,526800
SDGR,2023-12-26,36.6,37.688,36.26,37.11,1.05,+2.91%,427300
SDGR,2023-12-27,37.9,38,36.11,36.53,-0.58,-1.56%,536800
SDGR,2023-12-28,36.49,37.338,36.15,37.21,0.68,+1.86%,543600
SDGR,2023-12-29,37.01,37.4799,35.4,35.8,-1.41,-3.79%,523700
SDGR,2024-01-02,35.41,36.13,34.8,35.13,-0.67,-1.87%,650200
SDGR,2024-01-03,33.86,33.96,31.93,32.41,-2.72,-7.74%,846500
SDGR,2024-01-04,32.2,32.72,31.73,32.19,-0.22,-0.68%,606000
SDGR,2024-01-05,31.8,32.4793,31.24,31.46,-0.73,-2.27%,553200
SDGR,2024-01-08,28.76,31.15,26.28,31.1,-0.36,-1.14%,2345100
SDGR,2024-01-09,30.81,31.375,29.91,30.34,-0.76,-2.44%,739800
SDGR,2024-01-10,30.31,30.45,29.23,30.39,0.05,+0.16%,621500
SDGR,2024-01-11,30.24,30.39,28.79,29.37,-1.02,-3.36%,715900
SDGR,2024-01-12,29.53,30,28.27,28.4,-0.97,-3.30%,583800
SDGR,2024-01-16,27.75,28.04,26.76,27.41,-0.99,-3.49%,836400
SDGR,2024-01-17,26.65,26.98,26.18,26.64,-0.77,-2.81%,723800
SDGR,2024-01-18,26.83,26.83,25.76,25.98,-0.66,-2.48%,952500
SDGR,2024-01-19,26.05,26.41,24.88,26.38,0.4,+1.54%,820700
SDGR,2024-01-22,26.7,27.76,25.52,27.39,1.01,+3.83%,1228000
SDGR,2024-01-23,27.9,28.6,26.7617,27.29,-0.1,-0.37%,513900
SDGR,2024-01-24,27.71,27.85,26.88,27.15,-0.14,-0.51%,605800
SDGR,2024-01-25,27.71,28.0599,26.51,26.86,-0.29,-1.07%,539600
SDGR,2024-01-26,27.68,29.145,27.07,27.19,0.33,+1.23%,579300
SDGR,2024-01-29,27.2,28.39,26.66,28.25,1.06,+3.90%,453700
SDGR,2024-01-30,27.97,28.01,27.16,27.47,-0.78,-2.76%,509800
SDGR,2024-01-31,27.4,28.21,26.43,26.45,-1.02,-3.71%,754600
SDGR,2024-02-01,27.14,27.2725,25.8,26.63,0.18,+0.68%,710900
SDGR,2024-02-02,26.03,27.015,25.9,26.5,-0.13,-0.49%,506600
SDGR,2024-02-05,25.99,26.225,25.35,25.94,-0.56,-2.11%,495700
SDGR,2024-02-06,25.86,26.78,25.64,26.65,0.71,+2.74%,682100
SDGR,2024-02-07,26.72,26.78,26.21,26.44,-0.21,-0.79%,484600
SDGR,2024-02-08,26.44,27.57,26.17,27.2,0.76,+2.87%,383300
SDGR,2024-02-09,27.45,28.215,27.34,27.59,0.39,+1.43%,566400
SDGR,2024-02-12,27.55,28.83,27.5,28.51,0.92,+3.33%,863300
SDGR,2024-02-13,27.2,27.55,26.32,26.58,-1.93,-6.77%,658000
SDGR,2024-02-14,27.13,27.85,26.89,27.75,1.17,+4.40%,627400
SDGR,2024-02-15,28.35,29.84,28.12,29.7,1.95,+7.03%,938300
SDGR,2024-02-16,29.45,33.24,29.2,32.5,2.8,+9.43%,1686700
SDGR,2024-02-20,31.96,32.28,30.2,30.93,-1.57,-4.83%,965300
SDGR,2024-02-21,30.51,30.59,29.43,30.03,-0.9,-2.91%,888300
SDGR,2024-02-22,31.08,32.36,30.785,31.15,1.12,+3.73%,1008600
SDGR,2024-02-23,31.14,31.72,30.19,30.48,-0.67,-2.15%,954600
SDGR,2024-02-26,30.36,31.93,30.28,31.48,1,+3.28%,672800
SDGR,2024-02-27,32,33.63,31.69,33.09,1.61,+5.11%,961100
SDGR,2024-02-28,32.29,32.46,31.29,31.37,-1.72,-5.20%,1265300
SDGR,2024-02-29,26.89,28.24,25.01,25.46,-5.91,-18.84%,4086900
SDGR,2024-03-01,25.53,27.2899,25.53,26.81,1.35,+5.30%,2192100
SDGR,2024-03-04,26.89,26.89,24.965,25.24,-1.57,-5.86%,1273200
SDGR,2024-03-05,24.96,25.65,24.56,24.74,-0.5,-1.98%,875300
SDGR,2024-03-06,25.25,25.4084,24.552,24.81,0.07,+0.28%,615600
SDGR,2024-03-07,25.21,27,25.17,26.8,1.99,+8.02%,1591900
SDGR,2024-03-08,27.2,28.53,26.7268,27.16,0.36,+1.34%,1626730
SDGR,2024-03-11,26.96,28,26.16,26.54,-0.62,-2.28%,971000
SDGR,2024-03-12,26.5,26.57,25.7,26.33,-0.21,-0.79%,711000
SDGR,2024-03-13,26.01,27.05,25.973,26.5,0.17,+0.65%,652300
SDGR,2024-03-14,26.35,26.66,25.51,25.75,-0.75,-2.83%,1045200
SDGR,2024-03-15,25.52,26.12,25.16,26.04,0.29,+1.13%,1256600
SDGR,2024-03-18,26.21,26.75,25.64,25.68,-0.36,-1.38%,931000
SDGR,2024-03-19,25.3,26.22,25.17,26.04,0.36,+1.40%,668400
SDGR,2024-03-20,26.05,26.7,25.3,26.69,0.65,+2.50%,1050700
SDGR,2024-03-21,27,27.775,26.75,27.51,0.82,+3.07%,1351100
SDGR,2024-03-22,27.43,27.8614,26.74,26.77,-0.74,-2.69%,582600
SDGR,2024-03-25,26.84,27.125,25.37,25.51,-1.26,-4.71%,566700
SDGR,2024-03-26,25.83,26.17,25.36,25.65,0.14,+0.55%,675700
SDGR,2024-03-27,26.02,26.69,25.57,26.63,0.98,+3.82%,659600
SDGR,2024-03-28,26.67,27.45,26.595,27,0.37,+1.39%,566400
SDGR,2024-04-01,27.1,27.1,25.59,26.33,-0.67,-2.48%,669200
SDGR,2024-04-02,25.58,25.58,24.81,25.08,-1.25,-4.75%,694300
SDGR,2024-04-03,24.8,25.2304,24.33,24.89,-0.19,-0.76%,567900
SDGR,2024-04-04,25.33,26.38,25.02,26.05,1.16,+4.66%,672400
SDGR,2024-04-05,25.89,27.01,25.6,26.92,0.87,+3.34%,887000
SDGR,2024-04-08,27.2,27.64,26.55,27.31,0.39,+1.45%,634800
SDGR,2024-04-09,27.53,29.15,27.42,28.5,1.19,+4.36%,1132100
SDGR,2024-04-10,27.3,27.54,26.22,27.51,-0.99,-3.47%,700100
SDGR,2024-04-11,27.82,27.97,26.85,27.38,-0.13,-0.47%,451900
SDGR,2024-04-12,27.03,27.1521,26.1803,26.45,-0.93,-3.40%,431400
SDGR,2024-04-15,26.47,26.6233,25.395,25.54,-0.91,-3.44%,708200
SDGR,2024-04-16,25.33,25.4961,24.7,24.76,-0.78,-3.05%,553900
SDGR,2024-04-17,24.98,25.5354,24.4608,25.04,0.28,+1.13%,487800
SDGR,2024-04-18,25.17,25.325,24.28,24.34,-0.7,-2.80%,672400
SDGR,2024-04-19,24.18,24.59,23.94,24.29,-0.05,-0.21%,620400
SDGR,2024-04-22,24.52,24.81,24.14,24.49,0.2,+0.82%,494700
SDGR,2024-04-23,24.49,25.63,24.36,24.81,0.32,+1.31%,654500
SDGR,2024-04-24,24.73,24.86,24.02,24.04,-0.77,-3.10%,568000
SDGR,2024-04-25,23.5,23.74,22.7,23.34,-0.7,-2.91%,919600
SDGR,2024-04-26,23.6,24.27,23.36,23.97,0.63,+2.70%,711000
SDGR,2024-04-29,24.29,25.1549,24.29,24.44,0.47,+1.96%,583600
SDGR,2024-04-30,24.06,24.59,23.96,24.38,-0.06,-0.25%,564000
SDGR,2024-05-01,24.5,26.75,24.42,25.26,0.88,+3.61%,1368500
SDGR,2024-05-02,22.9,24.22,22.32,23.19,-2.07,-8.19%,2819300
SDGR,2024-05-03,23.72,25.19,23.595,23.68,0.49,+2.11%,1016900
SDGR,2024-05-06,23.89,24.65,23.56,24.05,0.37,+1.56%,700200
SDGR,2024-05-07,24.1,24.15,23.52,23.72,-0.33,-1.37%,569000
SDGR,2024-05-08,23.22,23.39,22.88,23.22,-0.5,-2.11%,761700
SDGR,2024-05-09,23.26,23.53,23.0106,23.14,-0.08,-0.34%,623700
SDGR,2024-05-10,23.03,23.2,22.42,22.73,-0.41,-1.77%,661900
SDGR,2024-05-13,22.82,23.52,22.82,23.18,0.45,+1.98%,1010000
SDGR,2024-05-14,23.57,24.6,22.91,23.25,0.07,+0.30%,713300
SDGR,2024-05-15,23.85,24.09,23.13,23.36,0.11,+0.47%,713200
SDGR,2024-05-16,23.24,23.24,22.53,22.9,-0.46,-1.97%,684400
SDGR,2024-05-17,22.97,23.0725,22.63,22.76,-0.14,-0.61%,498000
SDGR,2024-05-20,22.8,22.8,22.17,22.6,-0.16,-0.70%,642100
SDGR,2024-05-21,22.38,22.57,21.92,22.04,-0.56,-2.48%,604400
SDGR,2024-05-22,22,23.37,21.75,22.65,0.61,+2.77%,860800
SDGR,2024-05-23,22.73,22.8,21.66,21.82,-0.83,-3.66%,558700
SDGR,2024-05-24,21.94,22.28,21.675,21.98,0.16,+0.73%,445400
SDGR,2024-05-28,22.19,22.28,21.69,22.11,0.13,+0.59%,524800
SDGR,2024-05-29,21.56,21.77,21.22,21.41,-0.7,-3.17%,499000
SDGR,2024-05-30,21.56,21.92,21.46,21.78,0.37,+1.73%,671500
SDGR,2024-05-31,21.91,22.28,21.48,21.52,-0.26,-1.19%,589200
SDGR,2024-06-03,21.86,22.2715,21.5,21.56,0.04,+0.19%,801400
SDGR,2024-06-04,21.47,21.55,21.11,21.3,-0.26,-1.21%,496300
SDGR,2024-06-05,21.48,23.47,21.31,23.47,2.17,+10.19%,822400
SDGR,2024-06-06,23.33,23.43,22.61,23.4,-0.07,-0.30%,607700
SDGR,2024-06-07,22.93,22.93,21.72,21.74,-1.66,-7.09%,486400
SDGR,2024-06-10,21.4,21.4,20.67,21.35,-0.39,-1.79%,784400
SDGR,2024-06-11,21.14,21.14,20.56,21,-0.35,-1.64%,685800
SDGR,2024-06-12,21.82,22.66,21.46,21.64,0.64,+3.05%,676700
SDGR,2024-06-13,21.74,21.91,20.85,21.22,-0.42,-1.94%,726500
SDGR,2024-06-14,20.87,21.07,20.5668,20.63,-0.59,-2.78%,519700
SDGR,2024-06-17,20.5,20.57,19.7781,19.89,-0.74,-3.59%,768300
SDGR,2024-06-18,19.82,19.84,19.2,19.32,-0.57,-2.87%,823700
SDGR,2024-06-20,19.27,19.333,18.82,18.95,-0.37,-1.92%,853300
SDGR,2024-06-21,18.83,19,18.6,18.78,-0.17,-0.90%,1197300
SDGR,2024-06-24,18.8,19.7999,18.7438,19.41,0.63,+3.35%,615100
SDGR,2024-06-25,19.4,19.645,18.69,18.7,-0.71,-3.66%,495900
SDGR,2024-06-26,18.6,18.85,18.44,18.65,-0.05,-0.27%,636000
SDGR,2024-06-27,18.65,19.55,18.21,19.45,0.8,+4.29%,966600
SDGR,2024-06-28,19.51,19.72,18.91,19.34,-0.11,-0.57%,1052500
SDGR,2024-07-01,19.29,19.47,18.74,18.76,-0.58,-3.00%,599500
SDGR,2024-07-02,19.28,20.36,19.01,20.33,1.57,+8.37%,1074500
SDGR,2024-07-03,20.5,20.5,19.81,20.1,-0.23,-1.13%,404100
SDGR,2024-07-05,20.09,20.84,19.84,20.71,0.61,+3.03%,421000
SDGR,2024-07-08,21.16,21.78,20.82,21.19,0.48,+2.32%,666000
SDGR,2024-07-09,21.04,21.09,20.24,20.51,-0.68,-3.21%,600200
SDGR,2024-07-10,20.55,20.71,20.05,20.58,0.07,+0.34%,429700
SDGR,2024-07-11,21.27,21.8,20.94,21.56,0.98,+4.76%,824700
SDGR,2024-07-12,21.89,22.67,21.8,22.4,0.84,+3.90%,652600
SDGR,2024-07-15,22.59,23,22.22,22.69,0.29,+1.29%,660000
SDGR,2024-07-16,23.02,24.24,22.85,24.02,1.33,+5.86%,791400
SDGR,2024-07-17,23.49,24.57,23.115,23.17,-0.85,-3.54%,679700
SDGR,2024-07-18,22.96,23.06,21.47,21.79,-1.38,-5.96%,582900
SDGR,2024-07-19,21.88,21.98,21.16,21.37,-0.42,-1.93%,508100
SDGR,2024-07-22,21.9,23.24,21.38,23.21,1.84,+8.61%,675900
SDGR,2024-07-23,22.87,23.215,22.46,22.67,-0.54,-2.33%,865700
SDGR,2024-07-24,22.43,22.79,21.5813,21.84,-0.83,-3.66%,512600
SDGR,2024-07-25,21.77,23.18,21.53,22.29,0.45,+2.06%,925100
SDGR,2024-07-26,22.81,22.96,22.06,22.42,0.13,+0.58%,449900
SDGR,2024-07-29,22.48,22.78,22.06,22.25,-0.17,-0.76%,656300
SDGR,2024-07-30,22.4,22.77,21.72,22.57,0.32,+1.44%,712500
SDGR,2024-07-31,22.56,23.115,21.88,22.28,-0.29,-1.28%,787300
SDGR,2024-08-01,24.32,24.77,21.61,22.6,0.32,+1.44%,1943300
SDGR,2024-08-02,21.66,21.89,19.95,20.24,-2.36,-10.44%,1463600
SDGR,2024-08-05,18.74,19.58,18.55,19.02,-1.22,-6.03%,1223500
SDGR,2024-08-06,19.2,19.61,18.88,19.19,0.17,+0.89%,845400
SDGR,2024-08-07,19.67,19.67,18.02,18.05,-1.14,-5.94%,833400
SDGR,2024-08-08,18.25,19.33,18.125,19.29,1.24,+6.87%,613000
SDGR,2024-08-09,19.51,19.65,18.77,18.91,-0.38,-1.97%,553400
SDGR,2024-08-12,18.83,18.92,18.45,18.62,-0.29,-1.53%,447000
SDGR,2024-08-13,18.79,20,18.45,19.91,1.29,+6.93%,717200
SDGR,2024-08-14,20.03,20.2166,18.87,19,-0.91,-4.57%,538700
SDGR,2024-08-15,19.72,21.18,19.6165,20.5,1.5,+7.89%,628400
SDGR,2024-08-16,20.6,20.67,19.56,19.74,-0.76,-3.71%,599700
SDGR,2024-08-19,19.8,20.33,19.5901,20.18,0.44,+2.23%,744500
SDGR,2024-08-20,20.23,20.69,20.0529,20.48,0.3,+1.49%,461800
SDGR,2024-08-21,20.44,20.62,19.69,20.09,-0.39,-1.90%,621300
SDGR,2024-08-22,20.21,20.2243,19.34,19.49,-0.6,-2.99%,393500
SDGR,2024-08-23,19.81,20.3091,19.5,19.87,0.38,+1.95%,442600
SDGR,2024-08-26,20.01,20.87,19.88,20.85,0.98,+4.93%,554900
SDGR,2024-08-27,20.69,20.805,20.36,20.615,-0.235,-1.13%,366200
SDGR,2024-08-28,20.49,20.725,20.17,20.46,-0.155,-0.75%,387400
SDGR,2024-08-29,20.7,21.97,20.7,21.2,0.74,+3.62%,575300
SDGR,2024-08-30,21.39,21.52,20.79,21.03,-0.17,-0.80%,450000
SDGR,2024-09-03,20.72,21.57,20.3574,20.54,-0.49,-2.33%,691200
SDGR,2024-09-04,20.4,21.1,20.2,20.35,-0.19,-0.93%,424600
SDGR,2024-09-05,20.37,20.68,20.02,20.52,0.17,+0.84%,430700
SDGR,2024-09-06,20.61,20.81,20.04,20.5,-0.02,-0.10%,596300
SDGR,2024-09-09,20.45,20.52,19.85,20.08,-0.42,-2.05%,604800
SDGR,2024-09-10,20.17,20.31,19.8299,20.3,0.22,+1.10%,327800
SDGR,2024-09-11,20.14,20.6,19.62,20.58,0.28,+1.38%,382500
SDGR,2024-09-12,20.57,21.16,20.08,20.59,0.01,+0.05%,447200
SDGR,2024-09-13,20.83,20.9,20.17,20.73,0.14,+0.68%,926500
SDGR,2024-09-16,20.75,20.84,19.79,19.86,-0.87,-4.20%,611900
SDGR,2024-09-17,20.06,20.28,19.57,19.62,-0.24,-1.21%,715400
SDGR,2024-09-18,19.6,20.6,19.5,19.72,0.1,+0.51%,688000
SDGR,2024-09-19,20.37,21.355,19.88,20.84,1.12,+5.68%,666400
SDGR,2024-09-20,20.73,20.79,19.7,19.85,-0.99,-4.75%,1046500
SDGR,2024-09-23,19.98,19.98,18.96,18.96,-0.89,-4.48%,678600
SDGR,2024-09-24,19.02,19.22,18.815,18.91,-0.05,-0.26%,403200
SDGR,2024-09-25,18.89,18.89,18.39,18.44,-0.47,-2.49%,514800
SDGR,2024-09-26,18.75,18.94,18.47,18.92,0.48,+2.60%,420200
SDGR,2024-09-27,19.21,19.42,18.62,18.74,-0.18,-0.95%,426700
SDGR,2024-09-30,18.7,19.02,18.54,18.55,-0.19,-1.01%,490100
SDGR,2024-10-01,18.5,18.5,17.66,17.8,-0.75,-4.04%,559800
SDGR,2024-10-02,17.67,17.915,17.15,17.83,0.03,+0.17%,542700
SDGR,2024-10-03,17.6,17.78,17.365,17.44,-0.39,-2.19%,405700
SDGR,2024-10-04,17.73,18.12,17.455,17.51,0.07,+0.40%,812600
SDGR,2024-10-07,17.46,17.4686,16.93,16.98,-0.53,-3.03%,671900
SDGR,2024-10-08,17,17.21,16.67,17.125,0.145,+0.85%,945000
SDGR,2024-10-09,17.14,17.71,17,17.22,0.095,+0.55%,572200
SDGR,2024-10-10,16.92,17.42,16.75,17.33,0.11,+0.64%,460800
SDGR,2024-10-11,17.29,18.13,17.24,17.67,0.34,+1.96%,528400
SDGR,2024-10-14,17.71,18,17.44,17.83,0.16,+0.91%,438400
SDGR,2024-10-15,17.83,18.0199,17.43,17.65,-0.18,-1.01%,411900
SDGR,2024-10-16,17.82,18.11,17.58,17.92,0.27,+1.53%,481900
SDGR,2024-10-17,17.78,17.86,17.33,17.59,-0.33,-1.84%,463800
SDGR,2024-10-18,17.78,17.9,17.53,17.8,0.21,+1.19%,547000
SDGR,2024-10-21,17.53,17.97,17.5,17.92,0.12,+0.67%,632800
SDGR,2024-10-22,17.82,19.36,17.8123,18.68,0.76,+4.24%,1014900
SDGR,2024-10-23,18.65,18.67,17.96,18.12,-0.56,-3.00%,884200
SDGR,2024-10-24,18.36,18.42,17.56,17.71,-0.41,-2.26%,534000
SDGR,2024-10-25,17.78,17.985,17.53,17.68,-0.03,-0.17%,369100
SDGR,2024-10-28,17.98,18.8,17.96,18.37,0.69,+3.90%,508400
SDGR,2024-10-29,18.28,18.78,18.17,18.74,0.37,+2.01%,450700
SDGR,2024-10-30,18.53,18.92,17.53,17.58,-1.16,-6.19%,695500
SDGR,2024-10-31,17.47,17.8395,17.28,17.595,0.015,+0.09%,824800
SDGR,2024-11-01,17.82,18.59,17.77,17.99,0.395,+2.24%,626900
SDGR,2024-11-04,17.9,18.55,17.77,18.24,0.25,+1.39%,620900
SDGR,2024-11-05,18.12,18.26,17.73,17.89,-0.35,-1.92%,1041600
SDGR,2024-11-06,18.78,19,17.94,18.97,1.08,+6.04%,786500
SDGR,2024-11-07,19,19.25,18.76,18.78,-0.19,-1.00%,417800
SDGR,2024-11-08,18.74,18.88,18.42,18.75,-0.03,-0.16%,587200
SDGR,2024-11-11,19.15,19.7129,19.05,19.54,0.79,+4.21%,1279400
SDGR,2024-11-12,23,23.65,21.35,22.25,2.71,+13.87%,2961400
SDGR,2024-11-13,22.04,23.14,21.8095,22.09,-0.16,-0.72%,1346200
SDGR,2024-11-14,22.18,22.39,20.3,20.37,-1.72,-7.79%,1402700
SDGR,2024-11-15,20.46,20.46,18.46,18.54,-1.83,-8.98%,1221100
SDGR,2024-11-18,18.46,18.68,17.42,18.23,-0.31,-1.67%,1001500
SDGR,2024-11-19,18,19.06,17.9,18.93,0.7,+3.84%,672200
SDGR,2024-11-20,18.94,19.28,18.7068,19.17,0.24,+1.27%,630900
SDGR,2024-11-21,19.24,20.59,18.84,20.37,1.2,+6.26%,805100
SDGR,2024-11-22,20.48,21.21,20.075,20.84,0.47,+2.31%,623600
SDGR,2024-11-25,21.44,22.72,21.23,22.3,1.46,+7.01%,1609523
SDGR,2024-11-26,22.15,22.33,21.2,21.46,-0.84,-3.77%,899912
SDGR,2024-11-27,21.64,22.19,21.6,22.01,0.55,+2.56%,448600
SDGR,2024-11-29,22.05,22.8,22.05,22.57,0.56,+2.54%,384600
SDGR,2024-12-02,22.57,22.83,22.03,22.48,-0.09,-0.40%,612500
SDGR,2024-12-03,22.13,22.47,21.8,21.95,-0.53,-2.36%,427700
SDGR,2024-12-04,22.04,22.4794,21.51,22.23,0.28,+1.28%,515900
SDGR,2024-12-05,22.25,22.25,20.56,20.63,-1.6,-7.20%,547800
SDGR,2024-12-06,20.85,21.8965,20.775,21.84,1.21,+5.87%,506300
SDGR,2024-12-09,22.15,22.44,21.58,21.67,-0.17,-0.78%,556700
SDGR,2024-12-10,21.74,22.26,21.55,22.11,0.44,+2.03%,561400
SDGR,2024-12-11,22.5,22.7,21.43,21.76,-0.35,-1.58%,408800
SDGR,2024-12-12,21.35,22,21.05,21.07,-0.69,-3.17%,421500
SDGR,2024-12-13,21.18,21.34,20.42,20.83,-0.24,-1.14%,457100
SDGR,2024-12-16,20.83,21.96,20.33,21.64,0.81,+3.89%,418700
SDGR,2024-12-17,21.64,21.91,21.1246,21.36,-0.28,-1.29%,700200
SDGR,2024-12-18,21.31,22.27,19.4,19.74,-1.62,-7.58%,1230500
SDGR,2024-12-19,19.99,20.1,18.61,19.3,-0.44,-2.23%,966400
SDGR,2024-12-20,19.03,19.84,19.0111,19.44,0.14,+0.73%,1066200
SDGR,2024-12-23,19.36,19.8,18.95,19.76,0.32,+1.65%,483200
SDGR,2024-12-24,19.8,20,19.44,19.73,-0.03,-0.15%,209400
SDGR,2024-12-26,19.5,20.48,19.4,20.3,0.57,+2.89%,522200
SDGR,2024-12-27,20.07,20.2,18.83,19.77,-0.53,-2.61%,686700
SDGR,2024-12-30,19.38,19.41,18.78,18.82,-0.95,-4.81%,661000
SDGR,2024-12-31,18.88,19.64,18.75,19.29,0.47,+2.50%,458700
SDGR,2025-01-02,19.72,20.6192,19.34,20.4,1.11,+5.75%,735100
SDGR,2025-01-03,20.62,20.94,20.14,20.87,0.47,+2.30%,566800
SDGR,2025-01-06,21.19,21.7,21.04,21.09,0.22,+1.05%,514000
SDGR,2025-01-07,21.1,22.3796,20.83,21.15,0.06,+0.28%,608500
SDGR,2025-01-08,20.77,20.87,19.7484,20.33,-0.82,-3.88%,527800
SDGR,2025-01-10,19.62,19.855,18.9469,19.29,-1.04,-5.12%,515500
SDGR,2025-01-13,18.77,19.51,18.2,19.47,0.18,+0.93%,619700
SDGR,2025-01-14,19.62,19.76,18.62,19.07,-0.4,-2.05%,708900
SDGR,2025-01-15,19.69,20.2,19.2337,19.3,0.23,+1.21%,475400
SDGR,2025-01-16,19.42,19.54,18.625,18.69,-0.61,-3.16%,484500
SDGR,2025-01-17,18.87,19.26,18.77,19,0.31,+1.66%,437500
SDGR,2025-01-21,19.26,21.36,19.26,21.33,2.33,+12.26%,989000
SDGR,2025-01-22,21.52,25.7,21.325,24.34,3.01,+14.11%,3618800
SDGR,2025-01-23,24.4,24.97,23.28,24.41,0.07,+0.29%,1929900
SDGR,2025-01-24,24.82,25.69,23.98,24.67,0.26,+1.07%,1285100
SDGR,2025-01-27,23.25,24.74,22.84,24.07,-0.6,-2.43%,1417000
SDGR,2025-01-28,24.13,25.669,23.58,25.52,1.45,+6.02%,891900
SDGR,2025-01-29,25.4,26.11,24.54,24.96,-0.56,-2.19%,878700
SDGR,2025-01-30,25.25,26.75,24.91,25.43,0.47,+1.88%,990600
SDGR,2025-01-31,25.75,26.219,24.88,25.075,-0.355,-1.40%,778100
SDGR,2025-02-03,23.75,25.15,23.57,24.72,-0.355,-1.42%,905800
SDGR,2025-02-04,25,25.86,24.73,24.93,0.21,+0.85%,688100
SDGR,2025-02-05,25,26.8136,25,26.15,1.22,+4.89%,1410000
SDGR,2025-02-06,26.21,26.77,25.21,25.89,-0.26,-0.99%,1065400
SDGR,2025-02-07,25.93,27,25.3972,25.67,-0.22,-0.85%,610200
SDGR,2025-02-10,25.99,26.0999,25.04,25.18,-0.49,-1.91%,602300
SDGR,2025-02-11,24.74,25.06,24.025,24.49,-0.69,-2.74%,864900
SDGR,2025-02-12,23.94,24.5,23.65,23.86,-0.63,-2.57%,704300
SDGR,2025-02-13,23.91,24.48,23.14,24.43,0.57,+2.39%,692400
SDGR,2025-02-14,24.84,25.8,24.62,24.85,0.42,+1.72%,1585000
SDGR,2025-02-18,26.11,28.47,25.25,26.01,1.16,+4.67%,2131900
SDGR,2025-02-19,26.43,26.515,25.4074,26.01,0,0.00%,960700
SDGR,2025-02-20,25.81,25.93,23.5,24,-2.01,-7.73%,1500900
SDGR,2025-02-21,24.21,24.5,22.05,22.64,-1.36,-5.67%,1246900
SDGR,2025-02-24,22.43,22.785,21.005,21.69,-0.95,-4.20%,912600
SDGR,2025-02-25,21.45,21.62,20.21,21.05,-0.64,-2.95%,1177100
SDGR,2025-02-26,21.62,22.14,21.32,21.7,0.65,+3.09%,1111200
SDGR,2025-02-27,22,24.265,20.86,22.25,0.55,+2.53%,1872200
SDGR,2025-02-28,21.85,22.595,20.86,22.31,0.06,+0.27%,1071900
SDGR,2025-03-03,22.63,22.74,21.2,21.24,-1.07,-4.80%,868400
SDGR,2025-03-04,20.39,21.655,19.81,21.08,-0.16,-0.75%,1156300
SDGR,2025-03-05,21.2,21.9,20.72,21.84,0.76,+3.61%,850500
SDGR,2025-03-06,21.15,21.7,20.59,21.05,-0.79,-3.62%,774800
SDGR,2025-03-07,20.89,21.62,20.1655,21.02,-0.03,-0.14%,855121
SDGR,2025-03-10,20.34,20.79,19.48,19.96,-1.06,-5.04%,1271000
SDGR,2025-03-11,19.96,22.3,19.85,21.66,1.7,+8.52%,1080700
SDGR,2025-03-12,22.26,23.1,21.63,22.77,1.11,+5.12%,1041100
SDGR,2025-03-13,22.75,23.12,21.52,21.93,-0.84,-3.69%,958000
SDGR,2025-03-14,22.39,22.965,22.11,22.9,0.97,+4.42%,605600
SDGR,2025-03-17,22.88,23.9,22.83,23.73,0.83,+3.62%,711800
SDGR,2025-03-18,23.16,23.225,21.88,22.9,-0.83,-3.50%,1075600
SDGR,2025-03-19,23.03,23.615,22.66,22.67,-0.23,-1.00%,622900
SDGR,2025-03-20,22.4,23.25,22.12,22.28,-0.39,-1.72%,656900
SDGR,2025-03-21,21.99,22.2,21.34,21.8,-0.48,-2.15%,1486700
SDGR,2025-03-24,22.32,22.85,22.14,22.75,0.95,+4.36%,833700
SDGR,2025-03-25,22.57,22.6508,21.24,21.45,-1.3,-5.71%,851300
SDGR,2025-03-26,21.39,21.505,20.515,20.6,-0.85,-3.96%,651500
SDGR,2025-03-27,20.5,20.68,20.15,20.26,-0.34,-1.65%,619200
SDGR,2025-03-28,20.07,20.27,19.75,19.96,-0.3,-1.48%,857100
SDGR,2025-03-31,19.3,19.96,18.95,19.74,-0.22,-1.10%,901900
SDGR,2025-04-01,19.74,19.92,18.375,18.84,-0.9,-4.56%,1183900
SDGR,2025-04-02,18.36,20.21,18.36,19.88,1.04,+5.52%,821700
SDGR,2025-04-03,18.75,19.18,18.2,18.87,-1.01,-5.08%,1035800
SDGR,2025-04-04,18.06,18.59,17.0769,18.03,-0.84,-4.45%,1608700
SDGR,2025-04-07,16.93,19.15,16.6,18.21,0.18,+1.00%,1221200
SDGR,2025-04-08,19.15,19.29,17.555,17.97,-0.24,-1.32%,1107600
SDGR,2025-04-09,17.41,20.19,16.89,19.52,1.55,+8.63%,1583000
SDGR,2025-04-10,18.74,19.3,17.56,19.22,-0.3,-1.54%,1266200
SDGR,2025-04-11,20.49,24.59,19.52,24.49,5.27,+27.42%,4031300
SDGR,2025-04-14,24.85,26.86,24.31,26.54,2.05,+8.37%,3372500
SDGR,2025-04-15,26.29,26.5269,24.01,25.595,-0.945,-3.56%,3223000
SDGR,2025-04-16,25.58,25.58,23.57,25.21,-0.385,-1.50%,2047700
SDGR,2025-04-17,25.02,25.85,24.57,25.75,0.54,+2.14%,1142100
SDGR,2025-04-21,25.39,26.28,25.375,26.19,0.44,+1.71%,1268200
SDGR,2025-04-22,26.74,26.89,25.69,25.99,-0.2,-0.76%,1707900
SDGR,2025-04-23,27,27.2699,25.28,25.46,-0.53,-2.04%,1537400
SDGR,2025-04-24,25.53,26.67,25.425,26.13,0.67,+2.63%,828600
SDGR,2025-04-25,25.83,27,25.61,26.45,0.32,+1.22%,832100
SDGR,2025-04-28,26.26,26.7301,25.45,25.75,-0.7,-2.65%,1292700
SDGR,2025-04-29,26.03,26.47,25.68,25.78,0.03,+0.12%,927100
SDGR,2025-04-30,25.1,25.92,24.78,25.63,-0.15,-0.58%,703700
SDGR,2025-05-01,25.89,25.89,24.84,24.88,-0.75,-2.93%,573400
SDGR,2025-05-02,25.43,26.12,25.16,25.29,0.41,+1.65%,713300
SDGR,2025-05-05,25.06,26.18,24.55,25.98,0.69,+2.73%,1054800
SDGR,2025-05-06,25.45,25.54,23.27,23.56,-2.42,-9.31%,1444100
SDGR,2025-05-07,23.65,24.066,23.27,23.72,0.16,+0.68%,1023900
SDGR,2025-05-08,24.47,24.92,22.6895,23.88,0.16,+0.67%,2364000
SDGR,2025-05-09,24.07,24.88,23.5,23.91,0.03,+0.13%,1128000
SDGR,2025-05-12,24.02,24.66,23.5,24.17,0.26,+1.09%,1043900
SDGR,2025-05-13,24.38,24.5353,23.63,23.76,-0.41,-1.70%,714000
SDGR,2025-05-14,23.73,24.33,23.095,23.92,0.16,+0.67%,908800
SDGR,2025-05-15,23.92,23.92,22.265,23.36,-0.56,-2.34%,1538200
SDGR,2025-05-16,23.43,23.71,22.97,23.58,0.22,+0.94%,944900
SDGR,2025-05-19,23.08,23.62,23,23.56,-0.02,-0.08%,550700
SDGR,2025-05-20,22.75,22.775,20.55,21.53,-2.03,-8.62%,3055200
SDGR,2025-05-21,21.11,21.28,20.41,20.51,-1.02,-4.74%,1677700
SDGR,2025-05-22,20.48,21.69,20.31,21.22,0.71,+3.46%,1022000
SDGR,2025-05-23,20.87,21.43,20.76,21.4,0.18,+0.85%,930000
SDGR,2025-05-27,21.92,22.11,21.3754,21.5,0.1,+0.47%,901100
SDGR,2025-05-28,21.45,21.73,21.13,21.52,0.02,+0.09%,1016100
SDGR,2025-05-29,21.71,22,21.25,21.44,-0.08,-0.37%,759500
SDGR,2025-05-30,21.31,21.82,20.9,21.62,0.18,+0.84%,720800
SDGR,2025-06-02,21.62,22.055,21.23,21.69,0.07,+0.32%,885100
SDGR,2025-06-03,22.03,22.95,21.29,22.9,1.21,+5.58%,1000400
SDGR,2025-06-04,23.01,23.89,22.85,23.73,0.83,+3.62%,968000
SDGR,2025-06-05,23.89,24.71,23.41,23.84,0.11,+0.46%,785500
SDGR,2025-06-06,24.21,24.92,23.98,24.62,0.78,+3.27%,1167300
SDGR,2025-06-09,24.99,25.71,24.45,25.47,0.85,+3.45%,1426000
SDGR,2025-06-10,25.6,26.73,25.41,26.13,0.66,+2.59%,1687500
SDGR,2025-06-11,26.3,27.63,25.91,26.69,0.56,+2.14%,1458200
SDGR,2025-06-12,26.45,26.45,22.67,22.835,-3.855,-14.44%,2582400
SDGR,2025-06-13,22.01,22.29,20.9,21.43,-1.405,-6.15%,1728000
SDGR,2025-06-16,21.63,21.81,20.89,21.2,-0.23,-1.07%,1357200
SDGR,2025-06-17,20.91,21.62,20.82,20.88,-0.32,-1.51%,1276000
SDGR,2025-06-18,20.85,21.62,20.49,21.05,0.17,+0.81%,1170300
SDGR,2025-06-20,21.26,21.285,20.125,20.46,-0.59,-2.80%,1401500
SDGR,2025-06-23,20.24,20.57,19.74,20.35,-0.11,-0.54%,713300
SDGR,2025-06-24,20.7,20.88,20.15,20.6,0.25,+1.23%,875400
SDGR,2025-06-25,20.76,20.765,20.035,20.56,-0.04,-0.19%,769100
SDGR,2025-06-26,20.38,20.715,20.05,20.49,-0.07,-0.34%,670600
SDGR,2025-06-27,20.55,20.9,20.18,20.61,0.12,+0.59%,1681700
SDGR,2025-06-30,20.81,21.199,20.1,20.12,-0.49,-2.38%,2035200
SDGR,2025-07-01,20,21.33,19.85,20.61,0.49,+2.44%,903500
SDGR,2025-07-02,20.51,21.435,20.44,20.96,0.35,+1.70%,831200
SDGR,2025-07-03,21.28,21.42,20.81,21.12,0.16,+0.76%,348300
SDGR,2025-07-07,20.85,20.95,20.275,20.63,-0.49,-2.32%,928600
SDGR,2025-07-08,20.77,21.47,20.77,21.42,0.79,+3.83%,1192600
SDGR,2025-07-09,21.69,22.15,21.44,21.685,0.265,+1.24%,1036600
SDGR,2025-07-10,21.69,21.94,21.32,21.71,0.025,+0.12%,751900
SDGR,2025-07-11,21.42,21.5102,20.815,21.01,-0.7,-3.22%,892100
SDGR,2025-07-14,20.81,21.25,20.81,21.14,0.13,+0.62%,601700
SDGR,2025-07-15,21.32,21.35,20.15,20.37,-0.77,-3.64%,1082900
SDGR,2025-07-16,20.55,21.26,20.54,21.25,0.88,+4.32%,1061600
SDGR,2025-07-17,21.45,22.4999,21.4105,21.65,0.4,+1.88%,1253600
SDGR,2025-07-18,22.27,22.47,21.3,21.45,-0.2,-0.92%,963700
SDGR,2025-07-21,22.03,23.75,22.03,22.82,1.37,+6.39%,1637500
SDGR,2025-07-22,22.92,23.2,22.37,22.77,-0.05,-0.22%,1128200
SDGR,2025-07-23,23.01,23.75,22.67,23.03,0.26,+1.14%,1300800
SDGR,2025-07-24,22.88,22.9809,22.345,22.49,-0.54,-2.34%,833600
SDGR,2025-07-25,22.53,22.6,22.05,22.23,-0.26,-1.16%,761100
SDGR,2025-07-28,22.42,22.54,22.1,22.39,0.16,+0.72%,884300
SDGR,2025-07-29,22.47,22.47,21.095,21.17,-1.22,-5.45%,917600
SDGR,2025-07-30,21.35,21.4711,20.55,20.71,-0.46,-2.17%,717500
SDGR,2025-07-31,20.63,20.945,20.16,20.33,-0.38,-1.83%,903600
SDGR,2025-08-01,19.89,20.23,19.47,19.53,-0.8,-3.94%,1118700
SDGR,2025-08-04,19.8,20.09,19.53,19.99,0.46,+2.36%,1017400
SDGR,2025-08-05,20,20.01,19.525,19.64,-0.35,-1.75%,1230500
SDGR,2025-08-06,19.5,19.6299,19.01,19.34,-0.3,-1.53%,1236900
SDGR,2025-08-07,20.31,20.31,18.48,19.36,0.02,+0.10%,2550600
SDGR,2025-08-08,19.44,20.175,19.18,19.21,-0.15,-0.77%,1590900
SDGR,2025-08-11,18.85,19.15,18.51,18.63,-0.58,-3.02%,1599200
SDGR,2025-08-12,18.65,18.95,18.35,18.85,0.22,+1.18%,1134900
SDGR,2025-08-13,18.92,19.905,18.9,19.84,0.99,+5.25%,1753100
SDGR,2025-08-14,17.52,19.695,17,19.45,-0.39,-1.97%,4405700
SDGR,2025-08-15,18.665,19.605,18.11,19.375,-0.075,-0.39%,2116100
SDGR,2025-08-18,19.38,20.185,19.03,20.05,0.675,+3.48%,1356000
SDGR,2025-08-19,20,20.37,19.28,19.4,-0.65,-3.24%,882900
SDGR,2025-08-20,19.2,19.395,18.75,19.36,-0.04,-0.21%,1049100
SDGR,2025-08-21,19.26,19.81,19,19.58,0.22,+1.14%,525100
SDGR,2025-08-22,19.86,20.445,19.495,20.315,0.735,+3.75%,1896900
SDGR,2025-08-25,20.31,20.4,19.435,19.54,-0.775,-3.81%,737800
SDGR,2025-08-26,19.54,19.975,19.48,19.64,0.1,+0.51%,520100
SDGR,2025-08-27,19.53,20.08,19.4301,19.79,0.15,+0.76%,563100
SDGR,2025-08-28,19.81,20.05,19.67,19.76,-0.03,-0.15%,956200
SDGR,2025-08-29,19.82,20,19.32,19.51,-0.25,-1.27%,704500
SDGR,2025-09-02,19.27,19.7829,18.94,19.11,-0.4,-2.05%,613300
SDGR,2025-09-03,19.05,19.37,18.91,19.29,0.18,+0.94%,793200
SDGR,2025-09-04,19.2,19.2,18.69,18.97,-0.32,-1.66%,970800
SDGR,2025-09-05,19.02,19.4594,18.96,19.13,0.16,+0.84%,1105600
SDGR,2025-09-08,19.16,19.71,18.8167,19.44,0.31,+1.62%,995700
SDGR,2025-09-09,19.43,19.53,18.94,19.46,0.02,+0.10%,1087500
SDGR,2025-09-10,19.46,19.46,18.13,18.15,-1.31,-6.73%,1367800
SDGR,2025-09-11,18.23,18.92,18.205,18.78,0.63,+3.47%,1241700
SDGR,2025-09-12,18.69,18.83,18.466,18.57,-0.21,-1.12%,689800
SDGR,2025-09-15,18.66,18.73,18.24,18.46,-0.11,-0.59%,804900
SDGR,2025-09-16,18.45,19.29,18.44,19.11,0.65,+3.52%,1801800
SDGR,2025-09-17,19.26,19.83,18.925,19.03,-0.08,-0.42%,1067000
SDGR,2025-09-18,19.27,19.74,19.2567,19.65,0.62,+3.26%,934800
SDGR,2025-09-19,19.67,19.78,19.22,19.45,-0.2,-1.02%,1284700
SDGR,2025-09-22,19.66,20.3,19.47,19.72,0.27,+1.39%,1671700
SDGR,2025-09-23,19.74,19.88,19.03,19.06,-0.66,-3.35%,956200
SDGR,2025-09-24,19.06,19.4225,18.8909,19.06,0,0.00%,729500
SDGR,2025-09-25,18.92,19.09,18.43,19.03,-0.03,-0.16%,754300
SDGR,2025-09-26,19.24,19.54,19.01,19.3,0.27,+1.42%,698400
SDGR,2025-09-29,19.3,20.385,19.145,20.04,0.74,+3.83%,1180500
SDGR,2025-09-30,19.8,20.09,19.15,20.06,0.02,+0.10%,1070900
SDGR,2025-10-01,20.04,21.24,19.92,21.21,1.15,+5.73%,1260600
SDGR,2025-10-02,21.31,22.0341,20.96,21.45,0.24,+1.13%,1108200
SDGR,2025-10-03,21.58,21.99,20.44,20.59,-0.86,-4.01%,1491400
SDGR,2025-10-06,20.78,21.82,20.52,21.29,0.7,+3.40%,1093000
SDGR,2025-10-07,21.33,21.335,20.035,20.16,-1.13,-5.31%,951100
SDGR,2025-10-08,20.21,21.291,20.2,20.72,0.56,+2.78%,1143100
SDGR,2025-10-09,20.77,20.915,20.5,20.65,-0.07,-0.34%,1153700
SDGR,2025-10-10,20.71,20.87,19.06,19.08,-1.57,-7.60%,1027600
SDGR,2025-10-13,19.25,19.88,19.1501,19.7,0.62,+3.25%,1022800
SDGR,2025-10-14,19.33,19.8,18.89,19.43,-0.27,-1.37%,776200
SDGR,2025-10-15,19.83,21.08,19.75,20.61,1.18,+6.07%,1895300
SDGR,2025-10-16,20.85,21.83,20.3,20.31,-0.3,-1.46%,1679400
SDGR,2025-10-17,19.92,20.1899,19.06,19.31,-1.,-4.92%,1223800
SDGR,2025-10-20,20.18,22.32,20.1587,21.98,2.67,+13.83%,2583500
SDGR,2025-10-21,21.9,21.905,20.78,20.87,-1.11,-5.05%,1125100
SDGR,2025-10-22,20.8,20.88,19.99,20.79,-0.08,-0.38%,1262100
SDGR,2025-10-23,20.91,22.3,20.83,21.96,1.17,+5.63%,1348800
SDGR,2025-10-24,22.48,22.82,22.19,22.52,0.56,+2.55%,1342200
SDGR,2025-10-27,22.86,23.02,21.855,22.17,-0.35,-1.55%,1153100
SDGR,2025-10-28,22.07,22.47,21.6,21.77,-0.4,-1.80%,923500
SDGR,2025-10-29,21.76,22.23,20.965,21.15,-0.62,-2.85%,966900
SDGR,2025-10-30,20.86,21.28,20.44,20.46,-0.69,-3.26%,732700
SDGR,2025-10-31,20.68,21.05,20.1,21.04,0.58,+2.83%,1008400
SDGR,2025-11-03,21,21.23,20.31,20.55,-0.49,-2.33%,956000
SDGR,2025-11-04,20,20.76,19.85,19.99,-0.56,-2.73%,935700
SDGR,2025-11-05,19.85,20.36,19.65,19.77,-0.22,-1.10%,1092500
SDGR,2025-11-06,19.32,19.4062,17.83,18.65,-1.12,-5.67%,2188200
SDGR,2025-11-07,18.21,18.41,16.81,17.78,-0.87,-4.66%,2236200
SDGR,2025-11-10,18.27,18.7,18.08,18.29,0.51,+2.87%,1183200
SDGR,2025-11-11,18.29,18.4713,17.93,18.3,0.01,+0.05%,759400
SDGR,2025-11-12,18.4,18.59,17.825,17.98,-0.32,-1.75%,792600
SDGR,2025-11-13,17.62,17.89,17.12,17.2,-0.78,-4.34%,950500
SDGR,2025-11-14,16.83,17.77,16.8,17.64,0.44,+2.56%,870600
SDGR,2025-11-17,17.48,17.59,17.17,17.46,-0.18,-1.02%,845400
SDGR,2025-11-18,17.3,17.5,16.82,17.01,-0.45,-2.58%,794100
SDGR,2025-11-19,17.01,17.57,16.69,16.85,-0.16,-0.94%,731900
SDGR,2025-11-20,17.27,17.55,16.285,16.33,-0.52,-3.09%,988800
SDGR,2025-11-21,16.34,16.82,15.99,16.47,0.14,+0.86%,1385100
SDGR,2025-11-24,16.53,17.34,16.48,17.11,0.64,+3.89%,1276800
SDGR,2025-11-25,16.84,17.48,16.8,17.45,0.34,+1.99%,937200
SDGR,2025-11-26,17.48,17.62,17.26,17.42,-0.03,-0.17%,857300
SDGR,2025-11-28,17.51,17.595,17.175,17.56,0.14,+0.80%,380900
SDGR,2025-12-01,17.19,17.3,16.86,17.04,-0.52,-2.96%,728500
SDGR,2025-12-02,17.11,17.6474,17.01,17.08,0.04,+0.23%,765200
SDGR,2025-12-03,17.15,17.805,17.09,17.74,0.66,+3.86%,828500
SDGR,2025-12-04,17.75,18.42,17.5,18.42,0.68,+3.83%,720800
SDGR,2025-12-05,18.32,18.32,17.56,17.64,-0.78,-4.23%,746200
SDGR,2025-12-08,18.02,18.35,17.59,17.76,0.12,+0.68%,723300
SDGR,2025-12-09,17.76,17.99,17.525,17.77,0.01,+0.06%,580900
SDGR,2025-12-10,17.75,18.28,17.64,17.94,0.17,+0.96%,577600
SDGR,2025-12-11,17.92,18.21,17.6406,18.13,0.19,+1.06%,697600
SDGR,2025-12-12,18.11,18.88,17.86,18.05,-0.08,-0.44%,946400
SDGR,2025-12-15,18.94,19.04,17.86,18.21,0.16,+0.89%,1208600
SDGR,2025-12-16,18.19,18.58,17.735,17.94,-0.27,-1.48%,1062900
SDGR,2025-12-17,17.95,18.3489,17.33,17.4,-0.54,-3.01%,614400
SDGR,2025-12-18,17.56,17.69,17.02,17.2,-0.2,-1.15%,961000
SDGR,2025-12-19,17.2,17.7499,17.11,17.66,0.46,+2.67%,1388900
SDGR,2025-12-22,18.04,19.44,17.8,19.39,1.73,+9.80%,1401600
SDGR,2025-12-23,19.29,19.3976,18.7251,18.81,-0.58,-2.99%,732100
SDGR,2025-12-24,18.89,18.92,18.35,18.38,-0.43,-2.29%,570700
SDGR,2025-12-26,18.38,18.39,18,18.31,-0.07,-0.38%,473900
SDGR,2025-12-29,18.07,18.25,17.62,17.84,-0.47,-2.57%,848200
SDGR,2025-12-30,17.77,18,17.71,17.8,-0.04,-0.22%,642800
SDGR,2025-12-31,17.77,17.9463,17.7,17.88,0.08,+0.45%,638700
SDGR,2026-01-02,18.1,18.21,17.5,17.98,0.1,+0.56%,950300
SDGR,2026-01-05,18.2,18.785,18.1,18.5,0.52,+2.89%,807800
SDGR,2026-01-06,18.72,19.58,18.565,18.79,0.29,+1.57%,1178300
SDGR,2026-01-07,18.56,19.065,18.4361,18.77,-0.02,-0.11%,921100
SDGR,2026-01-08,18.71,18.74,18.05,18.61,-0.16,-0.85%,791200
SDGR,2026-01-09,18.83,18.85,18.265,18.39,-0.22,-1.18%,1050200
SDGR,2026-01-12,18.54,18.71,18.16,18.64,0.25,+1.36%,732100
SDGR,2026-01-13,18.69,18.7241,18.17,18.31,-0.33,-1.77%,595400
SDGR,2026-01-14,18.2,18.47,17.98,18.33,0.02,+0.11%,646800
SDGR,2026-01-15,18.34,18.34,17.15,17.47,-0.86,-4.69%,1178900
SDGR,2026-01-16,17.53,17.53,16.61,16.79,-0.68,-3.89%,1142000
SDGR,2026-01-20,16.32,16.68,16.2,16.32,-0.47,-2.80%,1198700
SDGR,2026-01-21,16.35,16.75,16.07,16.42,0.1,+0.61%,1122400
SDGR,2026-01-22,16.68,17.8725,16.6469,17.33,0.91,+5.54%,1465500
SDGR,2026-01-23,17.435,17.435,16.38,16.42,-0.91,-5.25%,1170300
SDGR,2026-01-26,16.25,16.3086,15.515,15.53,-0.89,-5.42%,1719800
SDGR,2026-01-27,15.56,15.88,14.79,14.88,-0.65,-4.19%,1927900
SDGR,2026-01-28,14.91,14.99,14.56,14.57,-0.31,-2.08%,1693400
SDGR,2026-01-29,14.43,14.61,14.0842,14.32,-0.25,-1.72%,1390700
SDGR,2026-01-30,14.06,14.08,13.44,13.97,-0.35,-2.44%,2582200
SDGR,2026-02-02,13.875,14.32,13.67,14.09,0.12,+0.86%,1262400
SDGR,2026-02-03,14.12,14.43,12.96,13.38,-0.71,-5.04%,1592800
SDGR,2026-02-04,13.3,13.46,12.89,13.36,-0.02,-0.15%,1444300
SDGR,2026-02-05,12.98,13.4057,12.94,12.94,-0.42,-3.14%,1784500
SDGR,2026-02-06,13.16,13.57,12.81,13.49,0.55,+4.25%,1157400
SDGR,2026-02-09,13.51,13.72,13.2,13.6,0.11,+0.82%,850300
SDGR,2026-02-10,13.67,13.94,13.54,13.63,0.03,+0.22%,679200
SDGR,2026-02-11,13.57,13.74,11.79,11.98,-1.65,-12.11%,5292700
SDGR,2026-02-12,12.09,12.1,11.154,11.31,-0.67,-5.59%,3356600
SDGR,2026-02-13,11.54,11.8251,11.18,11.4,0.09,+0.80%,2365400
SDGR,2026-02-17,11.39,11.68,11.15,11.63,0.23,+2.02%,1669800
SDGR,2026-02-18,11.49,12.02,11.395,11.81,0.18,+1.55%,1200000
SDGR,2026-02-19,11.69,11.89,11.52,11.89,0.08,+0.68%,690600
SDGR,2026-02-20,11.69,11.99,11.42,11.53,-0.36,-3.03%,1284100
SDGR,2026-02-23,11.39,11.4,11.11,11.22,-0.31,-2.69%,1090800
SDGR,2026-02-24,11.22,11.5211,11.1619,11.3,0.08,+0.71%,1407200
SDGR,2026-02-25,11.61,12,11.46,11.8,0.5,+4.42%,1492100
SDGR,2026-02-26,13,13.36,11.82,12.76,0.96,+8.14%,3807500
SDGR,2026-02-27,12.35,12.64,11.885,12.06,-0.7,-5.49%,1724900
SDGR,2026-03-02,11.64,12.42,11.6,12.15,0.09,+0.75%,1412900
SDGR,2026-03-03,11.77,12.76,11.4328,12.5,0.35,+2.88%,1478500
SDGR,2026-03-04,12.81,13.205,12.59,13.12,0.62,+4.96%,1319500
SDGR,2026-03-05,12.98,13.1608,12.58,13.03,-0.09,-0.69%,1323900
SDGR,2026-03-06,12.74,13.17,12.53,12.74,-0.29,-2.23%,981366
SDGR,2026-03-09,12.45,13.09,12.245,12.95,0.21,+1.65%,1106000
SDGR,2026-03-10,12.98,13.15,12.32,12.63,-0.32,-2.47%,1146200
SDGR,2026-03-11,12.56,12.75,12.29,12.73,0.1,+0.79%,1061600
SDGR,2026-03-12,12.67,12.82,12.03,12.16,-0.57,-4.48%,1194600
SDGR,2026-03-13,12.19,12.53,12.125,12.51,0.35,+2.88%,992900
SDGR,2026-03-16,12.62,12.8499,12.41,12.7,0.19,+1.52%,975900
SDGR,2026-03-17,12.55,12.69,12.255,12.29,-0.41,-3.23%,1145500
SDGR,2026-03-18,12,12.35,11.8,11.98,-0.31,-2.52%,1319100
SDGR,2026-03-19,11.77,12.43,11.75,12.2,0.22,+1.84%,1000000
SDGR,2026-03-20,12.23,12.38,11.865,12.02,-0.18,-1.48%,1697600
SDGR,2026-03-23,12.16,12.21,11.8298,11.87,-0.15,-1.25%,978300
SDGR,2026-03-24,11.7,11.78,11.38,11.57,-0.3,-2.53%,793900
SDGR,2026-03-25,11.72,11.9377,11.37,11.4,-0.17,-1.47%,818000
SDGR,2026-03-26,11.28,11.76,11.28,11.57,0.17,+1.49%,897000
SDGR,2026-03-27,11.5,11.54,10.945,11.08,-0.49,-4.24%,994000
SDGR,2026-03-30,11.15,11.42,11.04,11.07,-0.01,-0.09%,927000
SDGR,2026-03-31,11.22,11.56,11.11,11.36,0.29,+2.62%,753100
SDGR,2026-04-01,11.53,11.74,11.33,11.55,0.19,+1.67%,961700
SDGR,2026-04-02,11.23,11.74,11.1601,11.58,0.03,+0.26%,781700
SDGR,2026-04-06,11.6,11.76,11.52,11.52,-0.06,-0.52%,901500
SDGR,2026-04-07,11.39,11.44,11.02,11.39,-0.13,-1.13%,845500
SDGR,2026-04-08,11.97,12.13,11.43,11.5,0.11,+0.97%,1383200
SDGR,2026-04-09,11.48,11.78,11.28,11.47,-0.03,-0.26%,1625000
SDGR,2026-04-10,11.57,11.8451,11.2,11.37,-0.1,-0.87%,1123300
SDGR,2026-04-13,11.29,11.75,11.25,11.45,0.08,+0.70%,1350600
SDGR,2026-04-14,11.575,11.97,11.575,11.91,0.46,+4.02%,1603400
SDGR,2026-04-15,12.05,12.64,12.015,12.4,0.49,+4.11%,1758500
SDGR,2026-04-16,12.71,12.85,11.7536,12.06,-0.34,-2.74%,2795200
SDGR,2026-04-17,12.34,12.5,11.65,12.34,0.28,+2.32%,2544100
SDGR,2026-04-20,12.13,12.83,12.11,12.8,0.46,+3.73%,1291900
SDGR,2026-04-21,12.91,13.3099,12.7,12.88,0.08,+0.63%,1221700
SDGR,2026-04-22,13.005,13.02,12.22,12.35,-0.53,-4.11%,1870100
SDGR,2026-04-23,12.16,12.25,11.24,11.41,-0.94,-7.61%,1808900
SDGR,2026-04-24,11.39,11.94,11.31,11.79,0.38,+3.33%,1154600
SDHI,2025-06-04,10.02,10.13,10,10.06,-1.73,-14.67%,1047600
SDHI,2025-06-05,10.06,10.08,10.06,10.06,0,0.00%,17100
SDHI,2025-06-06,10.08,10.08,10.07,10.07,0.01,+0.10%,150100
SDHI,2025-06-09,10.1,10.14,10.075,10.14,0.07,+0.70%,371100
SDHI,2025-06-10,10.14,10.14,10.14,10.14,0,0.00%,600
SDHI,2025-06-12,10.13,10.14,10.12,10.12,-0.02,-0.20%,141700
SDHI,2025-06-13,10.12,10.12,10.12,10.12,0,0.00%,31000
SDHI,2025-06-16,10.13,10.13,10.12,10.12,0,0.00%,552600
SDHI,2025-06-17,10.1,10.12,10.1,10.12,0,0.00%,3500
SDHI,2025-06-18,10.12,10.12,10.1,10.1,-0.02,-0.20%,186000
SDHI,2025-06-20,10.11,10.12,10.11,10.11,0.01,+0.10%,9500
SDHI,2025-06-23,10.12,10.12,10.12,10.12,0.01,+0.10%,200
SDHI,2025-06-24,10.1297,10.1297,10.11,10.11,-0.01,-0.10%,201700
SDHI,2025-06-25,10.1,10.1,10.1,10.1,-0.01,-0.10%,12100
SDHI,2025-06-26,10.11,10.13,10.11,10.13,0.03,+0.30%,600
SDHI,2025-06-27,10.12,10.12,10.12,10.12,-0.01,-0.10%,25500
SDHI,2025-06-30,10.1,10.11,10.1,10.11,-0.01,-0.10%,2300
SDHI,2025-07-01,10.12,10.12,10.12,10.12,0.01,+0.10%,5100
SDHI,2025-07-02,10.1,10.1,10.09,10.09,-0.03,-0.30%,314700
SDHI,2025-07-08,10.1,10.1,10.1,10.1,0.01,+0.10%,17100
SDHI,2025-07-09,10.1,10.1,10.09,10.09,-0.01,-0.10%,7500
SDHI,2025-07-10,10.1,10.1,10.1,10.1,0.01,+0.10%,2000
SDHI,2025-07-11,10.09,10.095,10.09,10.09,-0.01,-0.10%,5100
SDHI,2025-07-15,10.1,10.1,10.09,10.09,0,0.00%,123100
SDHI,2025-07-16,10.09,10.09,10.09,10.09,0,0.00%,5200
SDHI,2025-07-17,10.09,10.09,10.09,10.09,0,0.00%,12200
SDHI,2025-07-18,10.09,10.09,10.085,10.085,-0.005,-0.05%,10900
SDHI,2025-07-21,10.0879,10.11,10.0867,10.11,0.025,+0.25%,13400
SDHI,2025-07-22,10.09,10.09,10.09,10.09,-0.02,-0.20%,1200
SDHI,2025-07-23,10.09,10.09,10.09,10.09,0,0.00%,200
SDHI,2025-07-24,10.1,10.105,10.0924,10.105,0.015,+0.15%,19200
SDHI,2025-07-25,10.1,10.1,10.1,10.1,-0.005,-0.05%,6800
SDHI,2025-07-28,10.1,10.11,10.1,10.105,0.005,+0.05%,135300
SDHI,2025-07-29,10.1196,10.1196,10.09,10.09,-0.015,-0.15%,1100
SDHI,2025-07-30,10.09,10.09,10.09,10.09,0,0.00%,400
SDHI,2025-07-31,10.12,10.12,10.09,10.09,0,0.00%,10100
SDHI,2025-08-01,10.09,10.1,10.09,10.0946,0.0046,+0.05%,5000
SDHI,2025-08-05,10.12,10.12,10.12,10.12,0.0254,+0.25%,100
SDHI,2025-08-06,10.12,10.12,10.12,10.12,0,0.00%,1200
SDHI,2025-08-07,10.09,10.12,10.09,10.12,0,0.00%,1600
SDHI,2025-08-08,10.12,10.12,10.12,10.12,0,0.00%,100
SDHI,2025-08-11,10.1,10.1,10.1,10.1,-0.02,-0.20%,250100
SDHI,2025-08-12,10.1,10.11,10.1,10.11,0.01,+0.10%,125900
SDHI,2025-08-13,10.12,10.12,10.1,10.1,-0.01,-0.10%,9400
SDHI,2025-08-14,10.1,10.14,10.1,10.11,0.01,+0.10%,172600
SDHI,2025-08-15,10.14,10.14,10.1146,10.1146,0.0046,+0.05%,600
SDHI,2025-08-22,10.14,10.14,10.14,10.14,0.0254,+0.25%,200
SDHI,2025-08-27,10.14,10.14,10.14,10.14,0,0.00%,5000
SDHI,2025-08-29,10.14,10.14,10.14,10.14,0,0.00%,100
SDHI,2025-09-04,10.1,10.1,10.1,10.1,-0.04,-0.39%,900
SDHI,2025-09-05,10.1,10.14,10.1,10.14,0.04,+0.40%,20400
SDHI,2025-09-08,10.14,10.18,10.14,10.16,0.02,+0.20%,148400
SDHI,2025-09-09,10.16,10.165,10.14,10.15,-0.01,-0.10%,50000
SDHI,2025-09-10,10.16,10.16,10.16,10.16,0.01,+0.10%,200
SDHI,2025-09-11,10.16,10.16,10.14,10.145,-0.015,-0.15%,3000
SDHI,2025-09-24,10.15,10.15,10.15,10.15,0.005,+0.05%,50000
SDHI,2025-10-01,10.15,10.155,10.1499,10.155,0.005,+0.05%,29800
SDHI,2025-10-02,10.15,10.15,10.15,10.15,-0.005,-0.05%,225000
SDHI,2025-10-03,10.15,10.15,10.15,10.15,0,0.00%,450000
SDHI,2025-10-06,10.16,10.16,10.15,10.15,0,0.00%,100500
SDHI,2025-10-07,10.15,10.15,10.15,10.15,0,0.00%,50600
SDHI,2025-10-08,10.16,10.16,10.16,10.16,0.01,+0.10%,12800
SDHI,2025-10-09,10.16,10.16,10.16,10.16,0,0.00%,600
SDHI,2025-10-20,10.2,10.2,10.19,10.19,0.03,+0.30%,1250500
SDHI,2025-10-21,10.2,10.45,10.2,10.45,0.26,+2.55%,222000
SDHI,2025-10-22,10.3,10.3,10.3,10.3,-0.15,-1.44%,100
SDHI,2025-10-24,10.23,10.23,10.23,10.23,-0.07,-0.68%,75700
SDHI,2025-10-27,10.28,10.28,10.19,10.19,-0.04,-0.39%,1200
SDHI,2025-10-28,10.28,10.28,10.21,10.24,0.05,+0.49%,10700
SDHI,2025-10-31,10.2,10.21,10.19,10.2,-0.04,-0.39%,4500
SDHI,2025-11-03,10.21,10.21,10.21,10.21,0.01,+0.10%,200
SDHI,2025-11-04,10.22,10.22,10.22,10.22,0.01,+0.10%,600
SDHI,2025-11-05,10.21,10.21,10.21,10.21,-0.01,-0.10%,100
SDHI,2025-11-06,10.27,10.2701,10.26,10.27,0.06,+0.59%,51100
SDHI,2025-11-07,10.27,10.28,10.27,10.27,0,0.00%,492300
SDHI,2025-11-10,10.28,10.28,10.28,10.28,0.01,+0.10%,2800
SDHI,2025-11-12,10.28,10.28,10.28,10.28,0,0.00%,21500
SDHI,2025-11-13,10.28,10.28,10.28,10.28,0,0.00%,400
SDHI,2025-11-14,10.28,10.28,10.28,10.28,0,0.00%,2600
SDHI,2025-11-17,10.28,10.28,10.28,10.28,0,0.00%,2800
SDHI,2025-11-18,10.2692,10.2692,10.2692,10.2692,-0.0108,-0.11%,200
SDHI,2025-11-19,10.2348,10.2348,10.2348,10.2348,-0.0344,-0.33%,200
SDHI,2025-11-25,10.25,10.25,10.23,10.23,-0.0048,-0.05%,469100
SDHI,2025-11-26,10.28,10.28,10.28,10.28,0.05,+0.49%,1500
SDHI,2025-11-28,10.25,10.25,10.23,10.23,-0.05,-0.49%,16000
SDHI,2025-12-01,10.23,10.23,10.23,10.23,0,0.00%,489900
SDHI,2025-12-02,10.26,10.26,10.26,10.26,0.03,+0.29%,900
SDHI,2025-12-04,10.26,10.26,10.26,10.26,0,0.00%,29200
SDHI,2025-12-08,10.24,10.25,10.24,10.24,-0.02,-0.19%,104700
SDHI,2025-12-09,10.24,10.24,10.23,10.24,0,0.00%,42600
SDHI,2025-12-11,10.24,10.24,10.23,10.23,-0.01,-0.10%,105500
SDHI,2025-12-15,10.25,10.25,10.25,10.25,0.02,+0.20%,15000
SDHI,2025-12-18,10.23,10.23,10.23,10.23,-0.02,-0.20%,360400
SDHI,2025-12-19,10.25,10.25,10.24,10.24,0.01,+0.10%,82700
SDHI,2025-12-22,10.24,10.24,10.22,10.22,-0.02,-0.20%,26100
SDHI,2025-12-23,10.25,10.25,10.23,10.24,0.02,+0.20%,165700
SDHI,2025-12-30,10.24,10.28,10.23,10.28,0.04,+0.39%,51000
SDHI,2025-12-31,10.25,10.28,10.25,10.28,0,0.00%,400
SDHI,2026-01-02,10.225,10.225,10.225,10.225,-0.055,-0.54%,400
SDHI,2026-01-05,10.25,10.25,10.25,10.25,0.025,+0.24%,100000
SDHI,2026-01-06,10.24,10.24,10.24,10.24,-0.01,-0.10%,61800
SDHI,2026-01-08,10.25,10.265,10.245,10.265,0.025,+0.24%,1000300
SDHI,2026-01-09,10.25,10.3,10.25,10.3,0.035,+0.34%,23200
SDHI,2026-01-14,10.265,10.265,10.265,10.265,-0.035,-0.34%,300
SDHI,2026-01-15,10.27,10.27,10.27,10.27,0.005,+0.05%,1111800
SDHI,2026-01-21,10.29,10.29,10.29,10.29,0.02,+0.19%,26000
SDHI,2026-01-22,10.3,10.3,10.3,10.3,0.01,+0.10%,100000
SDHI,2026-01-23,10.26,10.26,10.25,10.25,-0.05,-0.49%,25000
SDHI,2026-01-28,10.265,10.27,10.265,10.27,0.02,+0.20%,50000
SDHI,2026-01-29,10.27,10.27,10.27,10.27,0,0.00%,59800
SDHI,2026-01-30,10.27,10.27,10.27,10.27,0,0.00%,25000
SDHI,2026-02-02,10.27,10.27,10.27,10.27,0,0.00%,18600
SDHI,2026-02-04,10.29,10.34,10.29,10.34,0.07,+0.68%,12000
SDHI,2026-02-10,10.27,10.27,10.27,10.27,-0.07,-0.68%,175000
SDHI,2026-02-12,10.28,10.28,10.28,10.28,0.01,+0.10%,4700
SDHI,2026-02-13,10.28,10.28,10.28,10.28,0,0.00%,3000
SDHI,2026-02-23,10.29,10.29,10.285,10.29,0.01,+0.10%,22900
SDHI,2026-02-27,10.285,10.285,10.285,10.285,-0.005,-0.05%,350000
SDHI,2026-03-03,10.285,10.285,10.285,10.285,0,0.00%,25000
SDHI,2026-03-04,10.27,10.27,10.27,10.27,-0.015,-0.15%,600
SDHI,2026-03-06,10.34,10.34,10.285,10.29,0.02,+0.19%,65400
SDHI,2026-03-09,10.3,10.33,10.3,10.33,0.04,+0.39%,2500
SDHI,2026-03-10,10.3,10.3,10.3,10.3,-0.03,-0.29%,26000
SDHI,2026-03-11,10.3,10.3,10.3,10.3,0,0.00%,26000
SDHI,2026-03-17,10.3,10.3,10.3,10.3,0,0.00%,1200
SDHI,2026-03-23,10.3,10.3,10.3,10.3,0,0.00%,300
SDHI,2026-03-24,10.3,10.3,10.3,10.3,0,0.00%,6200
SDHI,2026-03-25,10.3,10.3,10.3,10.3,0,0.00%,300
SDHI,2026-03-26,10.3,10.3,10.3,10.3,0,0.00%,145000
SDHI,2026-03-30,10.3,10.34,10.3,10.34,0.04,+0.39%,206900
SDHI,2026-04-02,10.38,10.39,10.34,10.39,0.05,+0.48%,4200
SDHI,2026-04-10,10.38,10.38,10.38,10.38,-0.01,-0.10%,100
SDHI,2026-04-16,10.3899,10.3899,10.3899,10.3899,0.0099,+0.10%,200
SDHI,2026-04-17,10.31,10.34,10.31,10.33,-0.0599,-0.58%,2300
SDHI,2026-04-21,10.35,10.35,10.345,10.35,0.02,+0.19%,226900
SDM,2025-05-02,5.45,14.39,5.02,6.11,-4.24,-40.97%,5001900
SDM,2025-05-05,5.1,5.23,4.42,4.56,-1.55,-25.37%,378300
SDM,2025-05-06,4.34,4.77,4.03,4.3,-0.26,-5.70%,145300
SDM,2025-05-07,4.15,6.16,4.1,5.75,1.45,+33.72%,736700
SDM,2025-05-08,5.41,6.3,5.1144,6.06,0.31,+5.39%,154400
SDM,2025-05-09,5.62,6.3359,5.25,5.43,-0.63,-10.40%,59400
SDM,2025-05-12,5.65,5.73,4.5873,4.99,-0.44,-8.10%,169800
SDM,2025-05-13,5.08,5.2969,5,5.03,0.04,+0.80%,205500
SDM,2025-05-14,5.05,5.24,4.86,4.89,-0.14,-2.78%,47700
SDM,2025-05-15,4.88,4.88,4.6,4.6,-0.29,-5.93%,23000
SDM,2025-05-16,4.74,4.9,4.2101,4.34,-0.26,-5.65%,729200
SDM,2025-05-19,4.4,5.338,4.3133,4.72,0.38,+8.76%,88300
SDM,2025-05-20,5.05,6.18,4.61,5.98,1.26,+26.69%,350700
SDM,2025-05-21,6.18,8.81,6,6.05,0.07,+1.17%,659800
SDM,2025-05-22,6.53,7.75,6.28,7.1,1.05,+17.36%,208000
SDM,2025-05-23,6.97,7,6.11,6.33,-0.77,-10.85%,28100
SDM,2025-05-27,6.75,6.8,5.68,5.69,-0.64,-10.11%,62000
SDM,2025-05-28,5.96,6.44,5.96,6.03,0.34,+5.98%,22100
SDM,2025-05-29,6.17,6.18,5,5.32,-0.71,-11.77%,52900
SDM,2025-05-30,5.31,6.79,5.31,6.79,1.47,+27.63%,47000
SDM,2025-06-02,6.8,7.445,6.33,7.4,0.61,+8.98%,93800
SDM,2025-06-03,7.4,7.4,6.39,6.84,-0.56,-7.57%,52600
SDM,2025-06-04,7.37,7.4199,7.0005,7.21,0.37,+5.41%,63300
SDM,2025-06-05,7.24,7.4404,6.6,6.81,-0.4,-5.55%,29100
SDM,2025-06-06,6.81,7.57,6.11,7,0.19,+2.79%,108300
SDM,2025-06-09,6.67,7.4,6.67,7.4,0.4,+5.71%,52700
SDM,2025-06-10,7.4168,7.4168,7.1245,7.33,-0.07,-0.95%,4200
SDM,2025-06-11,7.55,7.55,7.2,7.48,0.15,+2.05%,21900
SDM,2025-06-12,7.17,7.57,7.04,7.3,-0.18,-2.41%,8000
SDM,2025-06-13,7.22,7.27,6.66,7.08,-0.22,-3.01%,12900
SDM,2025-06-16,7.3,7.35,6.66,7,-0.08,-1.13%,13800
SDM,2025-06-17,6.96,7.34,6.9,6.97,-0.03,-0.43%,4300
SDM,2025-06-18,6.94,7.3315,6.7,6.92,-0.05,-0.72%,8200
SDM,2025-06-20,6.73,8.7,6.67,8.7,1.78,+25.72%,464800
SDM,2025-06-23,8.91,11.8,8.5,10.31,1.61,+18.51%,510400
SDM,2025-06-24,9.58,10.425,8.88,8.9,-1.41,-13.68%,511700
SDM,2025-06-25,9.29,9.34,8,8.3,-0.6,-6.74%,507600
SDM,2025-06-26,8.11,9.54,7.61,9.005,0.705,+8.49%,563100
SDM,2025-06-27,8.77,9,7.78,8.02,-0.985,-10.94%,1029400
SDM,2025-06-30,8.11,11.69,7.885,11.4,3.38,+42.14%,1111600
SDM,2025-07-01,11.6,14.23,9.69,11,-0.4,-3.51%,910700
SDM,2025-07-02,10.93,12.73,10.3364,10.66,-0.34,-3.09%,1019900
SDM,2025-07-03,10.66,11.94,10.305,10.76,0.1,+0.94%,520200
SDM,2025-07-07,11.3,12.95,11.01,12.12,1.36,+12.64%,1014800
SDM,2025-07-08,12.34,14,11.7,12.69,0.57,+4.70%,477900
SDM,2025-07-09,12.47,13.05,12.1,12.2,-0.49,-3.86%,478600
SDM,2025-07-10,12.04,13.4245,11.51,12.73,0.53,+4.34%,408800
SDM,2025-07-11,13.32,20.9,13.32,16.5,3.77,+29.62%,519900
SDM,2025-07-14,14.91,16.43,14.16,14.97,-1.53,-9.27%,507500
SDM,2025-07-15,14.52,16.26,12.33,13.69,-1.28,-8.55%,495800
SDM,2025-07-16,12.96,20,12.96,19.01,5.32,+38.86%,394600
SDM,2025-07-17,16.5,20.05,16.5,18.5,-0.51,-2.68%,576600
SDM,2025-07-18,18.51,20.8,16.3801,17.8,-0.7,-3.78%,702600
SDM,2025-07-21,19.89,21.1,18,19.8,2,+11.24%,796500
SDM,2025-07-22,19.6,22,17.68,21.5,1.7,+8.59%,817400
SDM,2025-07-23,23.65,24.1801,15.36,17.43,-4.07,-18.93%,832900
SDM,2025-07-24,17.44,20.1,17.15,17.74,0.31,+1.78%,823400
SDM,2025-07-25,17.01,18.48,15.84,17.61,-0.13,-0.73%,915400
SDM,2025-07-28,17.61,29.4,17.61,25.23,7.62,+43.27%,917700
SDM,2025-07-29,22.41,23.3,19.5,20.65,-4.58,-18.15%,833500
SDM,2025-07-30,22,27.8,21.5,26,5.35,+25.91%,701500
SDM,2025-07-31,25.48,27.36,21.06,21.97,-4.03,-15.50%,1040600
SDM,2025-08-01,21.98,23.49,18.35,20.7,-1.27,-5.78%,1008800
SDM,2025-08-04,19.61,21.49,17.525,20,-0.7,-3.38%,861100
SDM,2025-08-05,20.46,21.3178,17.1,18.1,-1.9,-9.50%,851100
SDM,2025-08-06,17.71,20,8.01,10.68,-7.42,-40.99%,1043800
SDM,2025-08-07,10.01,11.68,8.5201,10.4,-0.28,-2.62%,783500
SDM,2025-08-08,11.03,11.03,8.41,10.17,-0.23,-2.21%,777500
SDM,2025-08-11,10.47,11.2,9.1901,10.33,0.16,+1.57%,790300
SDM,2025-08-12,9.41,13.7122,9.41,12.65,2.32,+22.46%,764100
SDM,2025-08-13,11.79,13.54,11.5,12.6,-0.05,-0.40%,751100
SDM,2025-08-14,12.27,12.7997,11.16,11.73,-0.87,-6.90%,766800
SDM,2025-08-15,11.8,14.8,11.6942,12.41,0.68,+5.80%,784400
SDM,2025-08-18,11.43,13.2277,11.43,12.12,-0.29,-2.34%,746500
SDM,2025-08-19,12.94,15,9.4,9.7,-2.42,-19.97%,744700
SDM,2025-08-20,9.9,11.59,9.2,10.71,1.01,+10.41%,717600
SDM,2025-08-21,10.02,12.53,9.8,11.88,1.17,+10.92%,742900
SDM,2025-08-22,11.8,13.75,11.5,13.69,1.81,+15.24%,733600
SDM,2025-08-25,13.29,14.73,12.26,13.58,-0.11,-0.80%,717900
SDM,2025-08-26,12.85,14.8,11.54,11.82,-1.76,-12.96%,680900
SDM,2025-08-27,12.58,12.7478,10.7,10.86,-0.96,-8.12%,709300
SDM,2025-08-28,10.86,11.95,10,10.59,-0.27,-2.49%,673400
SDM,2025-08-29,10.62,12.8,9.9,11.61,1.02,+9.63%,652300
SDM,2025-09-02,11.78,12.25,9.3,9.7,-1.91,-16.45%,687900
SDM,2025-09-03,10.05,10.6,9.05,9.41,-0.29,-2.99%,706500
SDM,2025-09-04,9.16,10.19,8.68,9.02,-0.39,-4.14%,661600
SDM,2025-09-05,9.02,10.6,8.9,9.98,0.96,+10.64%,650300
SDM,2025-09-08,9.8,10.6977,9.5801,10.23,0.25,+2.51%,651600
SDM,2025-09-09,10.1,10.68,9.62,9.94,-0.29,-2.83%,652200
SDM,2025-09-10,9.7,10.31,8.6801,9.2,-0.74,-7.44%,622300
SDM,2025-09-11,9,10.98,9,10.98,1.78,+19.35%,657800
SDM,2025-09-12,10.91,11.7737,9.13,9.85,-1.13,-10.29%,740300
SDM,2025-09-15,9.73,12,9.73,11.95,2.1,+21.32%,5505900
SDM,2025-09-16,12.17,12.98,11.82,12.94,0.99,+8.28%,5671600
SDM,2025-09-17,13.3,14,12.7,13.99,1.05,+8.11%,5322700
SDM,2025-09-18,14.1,14.3,13.8,14,0.01,+0.07%,4416800
SDM,2025-09-19,13.84,13.92,13.53,13.81,-0.19,-1.36%,4486600
SDM,2025-09-22,13.85,14.85,13.1,14.85,1.04,+7.53%,5315000
SDM,2025-09-23,15.08,15.62,14.52,15.61,0.76,+5.12%,3899600
SDM,2025-09-24,15.72,16.3,14.82,16.03,0.42,+2.69%,3174600
SDM,2025-09-25,15.89,16.07,13.19,13.61,-2.42,-15.10%,4605700
SDM,2025-09-26,14.3,14.37,1.5,1.85,-11.76,-86.41%,25855400
SDOT,2020-02-13,470,470,366.88,386,384.15,"+20,764.86%",2665
SDOT,2020-02-14,382,422,382,395,9,+2.33%,431
SDOT,2020-02-18,398,413.42,395,406,11,+2.78%,343
SDOT,2020-02-19,410,412,358,366,-40.,-9.85%,633
SDOT,2020-02-20,367,387.5,311,369,3,+0.82%,662
SDOT,2020-02-21,378,386,338,370,1,+0.27%,439
SDOT,2020-02-24,369,383.43,335,365,-5.,-1.35%,256
SDOT,2020-02-25,367,447,365,386,21,+5.75%,474
SDOT,2020-02-26,389,396.33,341,370,-16.,-4.15%,350
SDOT,2020-02-27,400,440,373.98,433,63,+17.03%,1562
SDOT,2020-02-28,444,444,380,408,-25.,-5.77%,566
SDOT,2020-03-02,380,382,284,308,-100.,-24.51%,1359
SDOT,2020-03-03,305,368.62,305,339,31,+10.06%,680
SDOT,2020-03-04,355,384,340,350,11,+3.24%,372
SDOT,2020-03-05,360,360,328.5,337,-13.,-3.71%,87
SDOT,2020-03-06,331,343,310,324,-13.,-3.86%,224
SDOT,2020-03-09,307,308,275,281,-43.,-13.27%,178
SDOT,2020-03-10,291.5,306.14,290,305,24,+8.54%,132
SDOT,2020-03-11,319,320,282,289,-16.,-5.25%,73
SDOT,2020-03-12,248,275,207,245,-44.,-15.22%,119
SDOT,2020-03-13,252.3,272,191.5,219,-26.,-10.61%,357
SDOT,2020-03-16,188,273.7,188,238,19,+8.68%,422
SDOT,2020-03-17,232,397,232,335,97,+40.76%,12615
SDOT,2020-03-18,358,509,320,360,25,+7.46%,31788
SDOT,2020-03-19,415,475,256,276,-84.,-23.33%,14199
SDOT,2020-03-20,249,268.84,200,230,-46.,-16.67%,3129
SDOT,2020-03-23,220,230,173,205,-25.,-10.87%,2537
SDOT,2020-03-24,209,239.99,191,194,-11.,-5.37%,1500
SDOT,2020-03-25,190,205,170,195,1,+0.52%,1686
SDOT,2020-03-26,188,234,165,225,30,+15.38%,2211
SDOT,2020-03-27,220,220,180,195,-30.,-13.33%,1086
SDOT,2020-03-30,209,220,185,190,-5.,-2.56%,1388
SDOT,2020-03-31,188,197,162,166,-24.,-12.63%,865
SDOT,2020-04-01,162,190,160,170,4,+2.41%,1441
SDOT,2020-04-02,174,174.06,158,165,-5.,-2.94%,607
SDOT,2020-04-03,152,174,142,157,-8.,-4.85%,447
SDOT,2020-04-06,164,175,148.18,174,17,+10.83%,338
SDOT,2020-04-07,182,189,162,173,-1.,-0.57%,382
SDOT,2020-04-08,166,176,166,170,-3.,-1.73%,208
SDOT,2020-04-09,161,167.89,142,165,-5.,-2.94%,822
SDOT,2020-04-13,168,169,153,168,3,+1.82%,124
SDOT,2020-04-14,167,175,155.31,174,6,+3.57%,216
SDOT,2020-04-15,196,300,187,202,28,+16.09%,40981
SDOT,2020-04-16,192,216,174,193,-9.,-4.46%,3357
SDOT,2020-04-17,196,207.95,175,182,-11.,-5.70%,905
SDOT,2020-04-20,176,204,166,187,5,+2.75%,1337
SDOT,2020-04-21,185,188,174.95,183,-4.,-2.14%,417
SDOT,2020-04-22,180,197,177,181,-2.,-1.09%,273
SDOT,2020-04-23,180,183,171,182,1,+0.55%,413
SDOT,2020-04-24,175,185,168,179,-3.,-1.65%,118
SDOT,2020-04-27,177,179,166,173,-6.,-3.35%,505
SDOT,2020-04-28,174,175,167,175,2,+1.16%,472
SDOT,2020-04-29,171,184,165,180,5,+2.86%,859
SDOT,2020-04-30,183,198.95,173,192,12,+6.67%,1116
SDOT,2020-05-01,192,215,170,176,-16.,-8.33%,2078
SDOT,2020-05-04,180,187,164,187,11,+6.25%,626
SDOT,2020-05-05,186,189.5,175,176,-11.,-5.88%,301
SDOT,2020-05-06,188,188,165,174,-2.,-1.14%,350
SDOT,2020-05-07,183,191,168,180,6,+3.45%,1795
SDOT,2020-05-08,184,198,176,186,6,+3.33%,1922
SDOT,2020-05-11,186,190,173.61,177.87,-8.13,-4.37%,1140
SDOT,2020-05-12,180,204,172.86,188.26,10.39,+5.84%,3155
SDOT,2020-05-13,188,190,175,183.32,-4.94,-2.62%,1000
SDOT,2020-05-14,177,182,170,176,-7.32,-3.99%,607
SDOT,2020-05-15,176,180,176,179.99,3.99,+2.27%,314
SDOT,2020-05-18,184,247,180,209.13,29.14,+16.19%,11681
SDOT,2020-05-19,217,220,194,202,-7.13,-3.41%,1429
SDOT,2020-05-20,199,207,186,191,-11.,-5.45%,823
SDOT,2020-05-21,187,200,185,193,2,+1.05%,801
SDOT,2020-05-22,188,196,182,192,-1.,-0.52%,359
SDOT,2020-05-26,200,200,192,192,0,0.00%,290
SDOT,2020-05-27,191,220,190,204,12,+6.25%,1415
SDOT,2020-05-28,207,212,195,196,-8.,-3.92%,696
SDOT,2020-05-29,196,205,191,193.22,-2.78,-1.42%,308
SDOT,2020-06-01,194,210,193.8,203.01,9.79,+5.07%,407
SDOT,2020-06-02,202,235,202,221,17.99,+8.86%,4238
SDOT,2020-06-03,228,248,210.34,222,1,+0.45%,1834
SDOT,2020-06-04,229,229,210,218,-4.,-1.80%,572
SDOT,2020-06-05,228,240,211,227.18,9.18,+4.21%,1265
SDOT,2020-06-08,225,270,225,250,22.82,+10.04%,4809
SDOT,2020-06-09,245,246,230,231.15,-18.85,-7.54%,896
SDOT,2020-06-10,233,233,209,226,-5.15,-2.23%,1090
SDOT,2020-06-11,201,290,201,246,20,+8.85%,8675
SDOT,2020-06-12,240,241.5,208,216.83,-29.17,-11.86%,1539
SDOT,2020-06-15,210,247,208,231,14.17,+6.54%,1180
SDOT,2020-06-16,240,275,227,263,32,+13.85%,5256
SDOT,2020-06-17,264,269,240,245,-18.,-6.84%,1708
SDOT,2020-06-18,245,267.9,238.13,250,5,+2.04%,986
SDOT,2020-06-19,241,256,223,223,-27.,-10.80%,1092
SDOT,2020-06-22,236,244,226,230,7,+3.14%,546
SDOT,2020-06-23,233,275,229,271,41,+17.83%,7155
SDOT,2020-06-24,260,312,231,245,-26.,-9.59%,6743
SDOT,2020-06-25,252,295,244,268,23,+9.39%,6043
SDOT,2020-06-26,270,277,250,259,-9.,-3.36%,1178
SDOT,2020-06-29,263,295,256,261,2,+0.77%,7586
SDOT,2020-06-30,261,290,251,271,10,+3.83%,4917
SDOT,2020-07-01,281,281.99,265,270,-1.,-0.37%,1309
SDOT,2020-07-02,266,274,246,266,-4.,-1.48%,3034
SDOT,2020-07-06,262,289,257,266,0,0.00%,3210
SDOT,2020-07-07,264,264,246,248,-18.,-6.77%,1528
SDOT,2020-07-08,247,254,235,241,-7.,-2.82%,1393
SDOT,2020-07-09,243,262,238.45,261,20,+8.30%,1873
SDOT,2020-07-10,259,259,247,256,-5.,-1.92%,421
SDOT,2020-07-13,255,257.01,230,235,-21.,-8.20%,928
SDOT,2020-07-14,239,239.96,221,225,-10.,-4.26%,968
SDOT,2020-07-15,227,240,225,239,14,+6.22%,1004
SDOT,2020-07-16,231,236.99,225,233,-6.,-2.51%,422
SDOT,2020-07-17,236,254,231.04,239,6,+2.58%,1593
SDOT,2020-07-20,240,240,232.01,236,-3.,-1.26%,462
SDOT,2020-07-21,235,249,235,241,5,+2.12%,838
SDOT,2020-07-22,250,256,240,240,-1.,-0.41%,1128
SDOT,2020-07-23,241,246.5,226,233,-7.,-2.92%,767
SDOT,2020-07-24,229,229.6,201,224,-9.,-3.86%,1043
SDOT,2020-07-27,224,231.67,223,225,1,+0.45%,424
SDOT,2020-07-28,224,235,224,225,0,0.00%,734
SDOT,2020-07-29,223,225.5,205,209,-16.,-7.11%,1271
SDOT,2020-07-30,230,237,212,232,23,+11.00%,3510
SDOT,2020-07-31,229,229,209,212,-20.,-8.62%,841
SDOT,2020-08-03,220,220,210,216,4,+1.89%,478
SDOT,2020-08-04,213,221,213,214,-2.,-0.93%,274
SDOT,2020-08-05,215,216.5,210,215,1,+0.47%,342
SDOT,2020-08-06,216,217.99,207,212.5,-2.5,-1.16%,412
SDOT,2020-08-07,212,218,209,212,-0.5,-0.24%,549
SDOT,2020-08-10,212,242,212,240,28,+13.21%,2830
SDOT,2020-08-11,245,275,235,264,24,+10.00%,7075
SDOT,2020-08-12,274,282.4,256.1,263,-1.,-0.38%,5611
SDOT,2020-08-13,258,260,244.8,253,-10.,-3.80%,1680
SDOT,2020-08-14,257,345,250,320,67,+26.48%,17744
SDOT,2020-08-17,320,384,280,286,-34.,-10.63%,22561
SDOT,2020-08-18,295,327,269.5,326,40,+13.99%,6431
SDOT,2020-08-19,317,358,310,332,6,+1.84%,14187
SDOT,2020-08-20,332,334,290,315,-17.,-5.12%,5029
SDOT,2020-08-21,310,340,295,306,-9.,-2.86%,7472
SDOT,2020-08-24,303,304.5,283,300,-6.,-1.96%,3645
SDOT,2020-08-25,298,298,279,285,-15.,-5.00%,1887
SDOT,2020-08-26,286,296,270,273,-12.,-4.21%,5443
SDOT,2020-08-27,248,263,242,256,-17.,-6.23%,2765
SDOT,2020-08-28,251,267.98,250,265,9,+3.52%,953
SDOT,2020-08-31,280,280,256,265,0,0.00%,1497
SDOT,2020-09-01,258,258,242,245,-20.,-7.55%,1296
SDOT,2020-09-02,246,252.65,229,230,-15.,-6.12%,1434
SDOT,2020-09-03,229,265,228,243,13,+5.65%,4919
SDOT,2020-09-04,243,260,241,251,8,+3.29%,2148
SDOT,2020-09-08,258,273.9,251,263,12,+4.78%,4120
SDOT,2020-09-09,267,267,241,245,-18.,-6.84%,7894
SDOT,2020-09-10,220,225,185,188,-57.,-23.27%,9122
SDOT,2020-09-11,171,174,158,162,-26.,-13.83%,13645
SDOT,2020-09-14,162,163,150,151,-11.,-6.79%,5715
SDOT,2020-09-15,157,158,150,150,-1.,-0.66%,5144
SDOT,2020-09-16,150,160,150,155,5,+3.33%,10331
SDOT,2020-09-17,158,169,152.5,160,5,+3.23%,8905
SDOT,2020-09-18,158,162,150,158,-2.,-1.25%,4148
SDOT,2020-09-21,154,162,151,157,-1.,-0.63%,17959
SDOT,2020-09-22,160,162,154.11,157,0,0.00%,6900
SDOT,2020-09-23,157,157,150,152,-5.,-3.18%,6804
SDOT,2020-09-24,160,163.94,140,144,-8.,-5.26%,22231
SDOT,2020-09-25,143,143,131,138,-6.,-4.17%,6018
SDOT,2020-09-28,136,148,135,145,7,+5.07%,3135
SDOT,2020-09-29,141,145,137.2,140,-5.,-3.45%,4102
SDOT,2020-09-30,143,147,140,142,2,+1.43%,2990
SDOT,2020-10-01,148,162.99,144.57,155,13,+9.15%,8424
SDOT,2020-10-02,148,166,147,162.02,7.02,+4.53%,5242
SDOT,2020-10-05,164,167,158,160,-2.02,-1.25%,2726
SDOT,2020-10-06,164,187,163,169,9,+5.63%,13338
SDOT,2020-10-07,194,203,171,176,7,+4.14%,47488
SDOT,2020-10-08,167,174,165,172,-4.,-2.27%,7166
SDOT,2020-10-09,168,169.14,157.15,162,-10.,-5.81%,6992
SDOT,2020-10-12,160,165,158,159,-3.,-1.85%,2548
SDOT,2020-10-13,159,160.86,155,157,-2.,-1.26%,2796
SDOT,2020-10-14,156,162,150,154,-3.,-1.91%,5568
SDOT,2020-10-15,153,162,152,159,5,+3.25%,2413
SDOT,2020-10-16,159,169,158,158,-1.,-0.63%,7099
SDOT,2020-10-19,163,168,155,162,4,+2.53%,4789
SDOT,2020-10-20,166,172,160,166,4,+2.47%,8775
SDOT,2020-10-21,166,166,152,153,-13.,-7.83%,16341
SDOT,2020-10-22,155,157,149.22,153,0,0.00%,3169
SDOT,2020-10-23,153,166,150,153,0,0.00%,43075
SDOT,2020-10-26,221,269,190,204,51,+33.33%,840199
SDOT,2020-10-27,190,192,170,176,-28.,-13.73%,33689
SDOT,2020-10-28,168,169,156,162,-14.,-7.95%,11068
SDOT,2020-10-29,155,166,155,162,0,0.00%,11668
SDOT,2020-10-30,161,186,155,181,19,+11.73%,17100
SDOT,2020-11-02,174,184,169.17,182,1,+0.55%,14802
SDOT,2020-11-03,185,200,176,195,13,+7.14%,10709
SDOT,2020-11-04,199,199,188,190,-5.,-2.56%,3739
SDOT,2020-11-05,194,195,185,186,-4.,-2.11%,3827
SDOT,2020-11-06,180,185,178.36,182,-4.,-2.15%,2496
SDOT,2020-11-09,182,194,181,184,2,+1.10%,5077
SDOT,2020-11-10,186,189.99,178,182,-2.,-1.09%,2400
SDOT,2020-11-11,182,203.15,178,198,16,+8.79%,16880
SDOT,2020-11-12,194,200,188,188,-10.,-5.05%,3362
SDOT,2020-11-13,188,194,188,191,3,+1.60%,1855
SDOT,2020-11-16,195,212,190,204,13,+6.81%,13196
SDOT,2020-11-17,205,208,193,193,-11.,-5.39%,4731
SDOT,2020-11-18,195,201.7,187,198,5,+2.59%,6055
SDOT,2020-11-19,197,208,192,205,7,+3.54%,8389
SDOT,2020-11-20,200,210,195,207,2,+0.98%,6272
SDOT,2020-11-23,207,230,206,230,23,+11.11%,12265
SDOT,2020-11-24,232,235,209,210,-20.,-8.70%,6122
SDOT,2020-11-25,210,220.5,206,215,5,+2.38%,2809
SDOT,2020-11-27,217,220,212,215,0,0.00%,1244
SDOT,2020-11-30,215.87,220,210,213.5,-1.5,-0.70%,3318
SDOT,2020-12-01,216,216,196,201,-12.5,-5.85%,5184
SDOT,2020-12-02,196,215,195,208,7,+3.48%,4725
SDOT,2020-12-03,206,216,195,202,-6.,-2.88%,7953
SDOT,2020-12-04,203,203.74,197,198,-4.,-1.98%,2267
SDOT,2020-12-07,199,209,196,203,5,+2.53%,6088
SDOT,2020-12-08,202,213,196,208,5,+2.46%,9206
SDOT,2020-12-09,214,235,197,209,1,+0.48%,20346
SDOT,2020-12-10,205,208,200.47,202,-7.,-3.35%,2098
SDOT,2020-12-11,203,211.5,199,206,4,+1.98%,4456
SDOT,2020-12-14,212,212,200,202,-4.,-1.94%,2251
SDOT,2020-12-15,203,203.34,197,199,-3.,-1.49%,1894
SDOT,2020-12-16,200,206.09,196,201,2,+1.01%,2940
SDOT,2020-12-17,204,206,198.19,201,0,0.00%,2634
SDOT,2020-12-18,201,203,197,197,-4.,-1.99%,2535
SDOT,2020-12-21,197,204,192,201,4,+2.03%,3854
SDOT,2020-12-22,203,203,195,196,-5.,-2.49%,1958
SDOT,2020-12-23,196,203,196,200,4,+2.04%,1524
SDOT,2020-12-24,200,200,196,197,-3.,-1.50%,790
SDOT,2020-12-28,197,202,195.54,197,0,0.00%,2530
SDOT,2020-12-29,198,198,187,191,-6.,-3.05%,1797
SDOT,2020-12-30,192,194,188,191,0,0.00%,2400
SDOT,2020-12-31,194,194,167,175,-16.,-8.38%,5178
SDOT,2021-01-04,178,183.5,178,180.5,5.5,+3.14%,2089
SDOT,2021-01-05,182,195,182,190,9.5,+5.26%,3952
SDOT,2021-01-06,187,193.18,181,182,-8.,-4.21%,2549
SDOT,2021-01-07,188,189,184,186,4,+2.20%,1869
SDOT,2021-01-08,187,190.01,183,187,1,+0.54%,1908
SDOT,2021-01-11,188,194,187,188,1,+0.53%,1921
SDOT,2021-01-12,193,198.5,190,195,7,+3.72%,3597
SDOT,2021-01-13,195,195,185,194,-1.,-0.51%,2272
SDOT,2021-01-14,190,193,186,189,-5.,-2.58%,2865
SDOT,2021-01-15,190,190.75,183,189,0,0.00%,2506
SDOT,2021-01-19,189,192,185,189,0,0.00%,2199
SDOT,2021-01-20,190,210,186,209,20,+10.58%,18790
SDOT,2021-01-21,209,215,195.5,210,1,+0.48%,16400
SDOT,2021-01-22,209,217.99,200,215,5,+2.38%,7687
SDOT,2021-01-25,215,220,200,219,4,+1.86%,5677
SDOT,2021-01-26,224,243.01,210,227,8,+3.65%,11274
SDOT,2021-01-27,226,250,220.5,225.4,-1.6,-0.70%,9512
SDOT,2021-01-28,224,231,214,218,-7.4,-3.28%,3157
SDOT,2021-01-29,217,220,202,213,-5.,-2.29%,3494
SDOT,2021-02-01,212,216,202,213,0,0.00%,2970
SDOT,2021-02-02,210,221,207.01,209,-4.,-1.88%,7065
SDOT,2021-02-03,214,218,210,214,5,+2.39%,2241
SDOT,2021-02-04,216,224,216,223,9,+4.21%,2468
SDOT,2021-02-05,224,238,222,232,9,+4.04%,3756
SDOT,2021-02-08,235,250,235,242,10,+4.31%,4065
SDOT,2021-02-09,245,255,237,248,6,+2.48%,5253
SDOT,2021-02-10,253,257,232,244,-4.,-1.61%,2722
SDOT,2021-02-11,247,313,239.01,287,43,+17.62%,96124
SDOT,2021-02-12,298,370,270,302,15,+5.23%,87215
SDOT,2021-02-16,289,289,268,276.5,-25.5,-8.44%,13360
SDOT,2021-02-17,279,280,263,275,-1.5,-0.54%,4159
SDOT,2021-02-18,267,275,261,263,-12.,-4.36%,2822
SDOT,2021-02-19,267,289,263,279,16,+6.08%,4972
SDOT,2021-02-22,274,294,267,267,-12.,-4.30%,4299
SDOT,2021-02-23,254,259,216,243,-24.,-8.99%,4957
SDOT,2021-02-24,246,269,242,267,24,+9.88%,2198
SDOT,2021-02-25,253,258,236.01,254,-13.,-4.87%,2632
SDOT,2021-02-26,250,255,226,228,-26.,-10.24%,2697
SDOT,2021-03-01,235,259,228,242,14,+6.14%,2655
SDOT,2021-03-02,244,249,234,235,-7.,-2.89%,882
SDOT,2021-03-03,233,244,215,225,-10.,-4.26%,2224
SDOT,2021-03-04,219,225,196,203,-22.,-9.78%,3694
SDOT,2021-03-05,214,219,199.94,212,9,+4.43%,2108
SDOT,2021-03-08,220,229,213,227,15,+7.08%,2175
SDOT,2021-03-09,230,230,221,228,1,+0.44%,1570
SDOT,2021-03-10,226.5,247,221.87,236.99,8.99,+3.94%,3524
SDOT,2021-03-11,236,247,227,237,0.01,0.00%,2057
SDOT,2021-03-12,235,243,231.68,235,-2.,-0.84%,2486
SDOT,2021-03-15,232,263,231,255,20,+8.51%,11266
SDOT,2021-03-16,265,265.3,240,249,-6.,-2.35%,3551
SDOT,2021-03-17,245,253.99,239,240,-9.,-3.61%,2995
SDOT,2021-03-18,239,246,233,238,-2.,-0.83%,1332
SDOT,2021-03-19,238,241,222,241,3,+1.26%,2243
SDOT,2021-03-22,241,241,222,224,-17.,-7.05%,1873
SDOT,2021-03-23,228,229,212,215,-9.,-4.02%,1785
SDOT,2021-03-24,216,237,206,223,8,+3.72%,5535
SDOT,2021-03-25,225,233,220,233,10,+4.48%,1921
SDOT,2021-03-26,233,236,225,235,2,+0.86%,2392
SDOT,2021-03-29,236,255,225.9,243,8,+3.40%,6802
SDOT,2021-03-30,232,238,206,222,-21.,-8.64%,13786
SDOT,2021-03-31,220,230,218,228,6,+2.70%,3024
SDOT,2021-04-01,230,235,220,235,7,+3.07%,2985
SDOT,2021-04-05,233,235.29,226.01,229,-6.,-2.55%,1853
SDOT,2021-04-06,229,247,229,237,8,+3.49%,3850
SDOT,2021-04-07,223,235,218,218,-19.,-8.02%,2437
SDOT,2021-04-08,222,222,206,212,-6.,-2.75%,3903
SDOT,2021-04-09,211,215,200,206,-6.,-2.83%,4286
SDOT,2021-04-12,206,206,185,197,-9.,-4.37%,5430
SDOT,2021-04-13,195,200,195,198,1,+0.51%,1066
SDOT,2021-04-14,198,199,186,190,-8.,-4.04%,1960
SDOT,2021-04-15,189,190.25,164,166,-24.,-12.63%,7447
SDOT,2021-04-16,170.5,179.97,160,170,4,+2.41%,4238
SDOT,2021-04-19,164,170,155,155,-15.,-8.82%,3962
SDOT,2021-04-20,161,161,138,149,-6.,-3.87%,6867
SDOT,2021-04-21,149,158.99,140,154,5,+3.36%,3348
SDOT,2021-04-22,157,166.8,146,154,0,0.00%,10249
SDOT,2021-04-23,157,163,154.34,162,8,+5.19%,5945
SDOT,2021-04-26,165,171.64,159,170,8,+4.94%,2640
SDOT,2021-04-27,173,173,162,165,-5.,-2.94%,1552
SDOT,2021-04-28,167,171,157,161.5,-3.5,-2.12%,4848
SDOT,2021-04-29,164,164,146.5,149,-12.5,-7.74%,7016
SDOT,2021-04-30,148,157,142,147,-2.,-1.34%,4952
SDOT,2021-05-03,146,154,143,149,2,+1.36%,4109
SDOT,2021-05-04,149,149.5,141,146,-3.,-2.01%,2157
SDOT,2021-05-05,147,152,139,146,0,0.00%,4891
SDOT,2021-05-06,143,146,140,143,-3.,-2.05%,1669
SDOT,2021-05-07,142,164,141,154,11,+7.69%,16045
SDOT,2021-05-10,153,154,141,143,-11.,-7.14%,6078
SDOT,2021-05-11,135,143,131,136,-7.,-4.90%,6014
SDOT,2021-05-12,138,138.18,124,129,-7.,-5.15%,5827
SDOT,2021-05-13,129,132,113.02,123,-6.,-4.65%,7480
SDOT,2021-05-14,125,132,120,124,1,+0.81%,8787
SDOT,2021-05-17,123,123.5,117,120,-4.,-3.23%,3877
SDOT,2021-05-18,125,132,118,129,9,+7.50%,14856
SDOT,2021-05-19,132,132,121,128,-1.,-0.78%,4096
SDOT,2021-05-20,133,139,126,139,11,+8.59%,4350
SDOT,2021-05-21,140,159,135,146,7,+5.04%,18629
SDOT,2021-05-24,146,147.7,133,136,-10.,-6.85%,6398
SDOT,2021-05-25,138,138,127,129,-7.,-5.15%,3936
SDOT,2021-05-26,129,132,124,126,-3.,-2.33%,6896
SDOT,2021-05-27,129,138,122.99,131,5,+3.97%,21104
SDOT,2021-05-28,130,141,123,129,-2.,-1.53%,37737
SDOT,2021-06-01,128,135,127,132,3,+2.33%,5983
SDOT,2021-06-02,132,135,127.86,134,2,+1.52%,8330
SDOT,2021-06-03,132,136,130,136,2,+1.49%,4420
SDOT,2021-06-04,135,144.5,131,141,5,+3.68%,8097
SDOT,2021-06-07,145,145,138,144,3,+2.13%,3909
SDOT,2021-06-08,145,150,139,146,2,+1.39%,11819
SDOT,2021-06-09,145,147,137,139,-7.,-4.79%,5926
SDOT,2021-06-10,137,142,134,136,-3.,-2.16%,6892
SDOT,2021-06-11,138,143,136,142,6,+4.41%,2677
SDOT,2021-06-14,141,142,135,137,-5.,-3.52%,7524
SDOT,2021-06-15,135,137,128,129,-8.,-5.84%,5459
SDOT,2021-06-16,129,133,126.5,131,2,+1.55%,3020
SDOT,2021-06-17,130,136,129,131,0,0.00%,3283
SDOT,2021-06-18,130,132,125,125,-6.,-4.58%,3638
SDOT,2021-06-21,130,131,127,128,3,+2.40%,2126
SDOT,2021-06-22,129,130,128,128,0,0.00%,657
SDOT,2021-06-23,131,134,125,128,0,0.00%,4049
SDOT,2021-06-24,131,133,128,130,2,+1.56%,1751
SDOT,2021-06-25,130,144,130,142,12,+9.23%,13581
SDOT,2021-06-28,143,158,138,152,10,+7.04%,25637
SDOT,2021-06-29,149,158,145,153,1,+0.66%,12016
SDOT,2021-06-30,155,155,135,140,-13.,-8.50%,8621
SDOT,2021-07-01,137,145,134,134,-6.,-4.29%,4340
SDOT,2021-07-02,139,139,129.1,131,-3.,-2.24%,4116
SDOT,2021-07-06,133,143,128,142,11,+8.40%,14606
SDOT,2021-07-07,139,141,131,133,-9.,-6.34%,4932
SDOT,2021-07-08,128,131.78,127,130,-3.,-2.26%,3044
SDOT,2021-07-09,131,134.99,129,133,3,+2.31%,1705
SDOT,2021-07-12,134,135,131.01,133,0,0.00%,1542
SDOT,2021-07-13,133,134,127,129,-4.,-3.01%,3363
SDOT,2021-07-14,128,132.9,126,126,-3.,-2.33%,2641
SDOT,2021-07-15,125,126,121,121.5,-4.5,-3.57%,3650
SDOT,2021-07-16,122,123,116,117,-4.5,-3.70%,4075
SDOT,2021-07-19,116,120,112,117,0,0.00%,7783
SDOT,2021-07-20,120,124,115,121,4,+3.42%,3976
SDOT,2021-07-21,126,126,121,121,0,0.00%,1576
SDOT,2021-07-22,122,124,120,124,3,+2.48%,1069
SDOT,2021-07-23,123,126,117.5,119,-5.,-4.03%,3105
SDOT,2021-07-26,118,131,117.01,120,1,+0.84%,5959
SDOT,2021-07-27,122,133,119,127,7,+5.83%,9046
SDOT,2021-07-28,124,127,120,122,-5.,-3.94%,1965
SDOT,2021-07-29,124,129.99,122,123,1,+0.82%,4253
SDOT,2021-07-30,122,130,122,126,3,+2.44%,13272
SDOT,2021-08-02,124,126,122,122,-4.,-3.17%,3065
SDOT,2021-08-03,123,127,123,124,2,+1.64%,2013
SDOT,2021-08-04,125,126,122,124,0,0.00%,1329
SDOT,2021-08-05,124,124,121,122,-2.,-1.61%,1347
SDOT,2021-08-06,122,125,122,123,1,+0.82%,849
SDOT,2021-08-09,125,126,122,125,2,+1.63%,1544
SDOT,2021-08-10,123,125,122,122,-3.,-2.40%,827
SDOT,2021-08-11,122,124,121,122,0,0.00%,710
SDOT,2021-08-12,123,123,120,121,-1.,-0.82%,895
SDOT,2021-08-13,122,122,119,119,-2.,-1.65%,1678
SDOT,2021-08-16,120,122.24,114,114,-5.,-4.20%,2485
SDOT,2021-08-17,118,118,105,107,-7.,-6.14%,3967
SDOT,2021-08-18,107,112,107,108,1,+0.93%,1671
SDOT,2021-08-19,108,114,98,103,-5.,-4.63%,6410
SDOT,2021-08-20,104,105,98.5,104,1,+0.97%,2022
SDOT,2021-08-23,103,104,101.14,104,0,0.00%,1014
SDOT,2021-08-24,102,114,102,113,9,+8.65%,2194
SDOT,2021-08-25,115,115,107,112,-1.,-0.88%,783
SDOT,2021-08-26,112,114,110.01,114,2,+1.79%,821
SDOT,2021-08-27,113,115,110,114,0,0.00%,977
SDOT,2021-08-30,112,118,112,117,3,+2.63%,895
SDOT,2021-08-31,114,119,113.99,117,0,0.00%,897
SDOT,2021-09-01,118,123,115,122,5,+4.27%,2229
SDOT,2021-09-02,121,121,115.21,120,-2.,-1.64%,2439
SDOT,2021-09-03,120,120,117,118,-2.,-1.67%,882
SDOT,2021-09-07,118,121,114,117,-1.,-0.85%,740
SDOT,2021-09-08,116,117,108.11,115,-2.,-1.71%,891
SDOT,2021-09-09,113,113,110,112,-3.,-2.61%,990
SDOT,2021-09-10,113,113,106,107,-5.,-4.46%,1915
SDOT,2021-09-13,111,112,107,111,4,+3.74%,1040
SDOT,2021-09-14,110,111,107,107,-4.,-3.60%,1044
SDOT,2021-09-15,105,114.72,103,109,2,+1.87%,9468
SDOT,2021-09-16,108,108,101,104,-5.,-4.59%,2056
SDOT,2021-09-17,104,107,103,107,3,+2.88%,923
SDOT,2021-09-20,104,106,102,102,-5.,-4.67%,1232
SDOT,2021-09-21,103,104,99,99,-3.,-2.94%,1720
SDOT,2021-09-22,100,103.6,99.04,101.5,2.5,+2.53%,2745
SDOT,2021-09-23,102,104,101,104,2.5,+2.46%,1180
SDOT,2021-09-24,104,106,102,105,1,+0.96%,944
SDOT,2021-09-27,106,106,100,103,-2.,-1.90%,1407
SDOT,2021-09-28,103,109,102,107,4,+3.88%,1920
SDOT,2021-09-29,108,108,103,104,-3.,-2.80%,1800
SDOT,2021-09-30,112,118,112,114,10,+9.62%,5112
SDOT,2021-10-01,116,116,109,112,-2.,-1.75%,1456
SDOT,2021-10-04,119,120,105,109,-3.,-2.68%,3697
SDOT,2021-10-05,112,112,106,107,-2.,-1.83%,1006
SDOT,2021-10-06,108,110,103,109,2,+1.87%,2124
SDOT,2021-10-07,110,110,105,107,-2.,-1.83%,2145
SDOT,2021-10-08,108,108,102,104,-3.,-2.80%,2283
SDOT,2021-10-11,103,104,101,102,-2.,-1.92%,502
SDOT,2021-10-12,101,103,100.27,101,-1.,-0.98%,999
SDOT,2021-10-13,103,106,102.01,106,5,+4.95%,2819
SDOT,2021-10-14,103,105,102,103,-3.,-2.83%,886
SDOT,2021-10-15,102,109,101,103,0,0.00%,2249
SDOT,2021-10-18,105,105,101,103,0,0.00%,1748
SDOT,2021-10-19,104,104,101,102,-1.,-0.97%,777
SDOT,2021-10-20,102,104,100,103,1,+0.98%,2641
SDOT,2021-10-21,104,106,102,106,3,+2.91%,953
SDOT,2021-10-22,104,104.38,101,101,-5.,-4.72%,1607
SDOT,2021-10-25,102,117,100,109,8,+7.92%,10909
SDOT,2021-10-26,109,117,103,117,8,+7.34%,10463
SDOT,2021-10-27,115,117,107,110,-7.,-5.98%,5514
SDOT,2021-10-28,108,113.99,106,108,-2.,-1.82%,2113
SDOT,2021-10-29,105,111,105,111,3,+2.78%,22346
SDOT,2021-11-01,122,220,115,167,56,+50.45%,825191
SDOT,2021-11-02,137,156,126,144,-23.,-13.77%,156638
SDOT,2021-11-03,137,148,128,131,-13.,-9.03%,53885
SDOT,2021-11-04,139,149,134.01,139,8,+6.11%,48032
SDOT,2021-11-05,137,144.12,127,130,-9.,-6.47%,17439
SDOT,2021-11-08,126,133,126,131,1,+0.77%,16519
SDOT,2021-11-09,128,131.99,125,127,-4.,-3.05%,5849
SDOT,2021-11-10,125,129,122,123,-4.,-3.15%,6660
SDOT,2021-11-11,127,146,127,130,7,+5.69%,48234
SDOT,2021-11-12,129,141,126,139,9,+6.92%,26600
SDOT,2021-11-15,140,159,134,145,6,+4.32%,83348
SDOT,2021-11-16,134,143,122.2,126,-19.,-13.10%,76225
SDOT,2021-11-17,122,128,115,126,0,0.00%,30867
SDOT,2021-11-18,116,119,112,115,-11.,-8.73%,24628
SDOT,2021-11-19,111,115.99,111,112,-3.,-2.61%,8995
SDOT,2021-11-22,110,112,102,110,-2.,-1.79%,13407
SDOT,2021-11-23,103,110,102,106,-4.,-3.64%,10161
SDOT,2021-11-24,106,110,104,107,1,+0.94%,8966
SDOT,2021-11-26,105,113,104,112,5,+4.67%,4850
SDOT,2021-11-29,112,112,102,105,-7.,-6.25%,9152
SDOT,2021-11-30,105,109,103,106,1,+0.95%,6006
SDOT,2021-12-01,110,125,106,111,5,+4.72%,14902
SDOT,2021-12-02,110,112,104,106,-5.,-4.50%,6833
SDOT,2021-12-03,107,107,102,103,-3.,-2.83%,6771
SDOT,2021-12-06,101,114,96,112,9,+8.74%,9269
SDOT,2021-12-07,108,114,106,111,-1.,-0.89%,6951
SDOT,2021-12-08,110,119,109,115,4,+3.60%,5597
SDOT,2021-12-09,117,119,112,115,0,0.00%,5898
SDOT,2021-12-10,117,117,104,111,-4.,-3.48%,7159
SDOT,2021-12-13,114,115.01,106,106,-5.,-4.50%,4226
SDOT,2021-12-14,105,109,104,106,0,0.00%,2983
SDOT,2021-12-15,107,109,99,105,-1.,-0.94%,10401
SDOT,2021-12-16,103,104,89.32,89.32,-15.68,-14.93%,20953
SDOT,2021-12-17,89,92.5,87.02,87.51,-1.81,-2.03%,8471
SDOT,2021-12-20,94,94,77,79,-8.51,-9.72%,16997
SDOT,2021-12-21,84.77,84.77,76,78.8,-0.2,-0.25%,16224
SDOT,2021-12-22,80.12,84.8,75.01,75.57,-3.23,-4.10%,17806
SDOT,2021-12-23,75,77.45,72,75,-0.57,-0.75%,12957
SDOT,2021-12-27,75,76,73,74,-1.,-1.33%,7269
SDOT,2021-12-28,74.11,75.5,67.3,69.01,-4.99,-6.74%,33889
SDOT,2021-12-29,68,70,67,68.84,-0.17,-0.25%,6204
SDOT,2021-12-30,69.02,73.83,69.02,72.51,3.67,+5.33%,13805
SDOT,2021-12-31,71.5,74.99,71.02,72.01,-0.5,-0.69%,9862
SDOT,2022-01-03,72,76,70.5,75.85,3.84,+5.33%,14427
SDOT,2022-01-04,74.38,75.83,70.16,71.27,-4.58,-6.04%,9630
SDOT,2022-01-05,70.54,73.29,63.01,63.01,-8.26,-11.59%,31147
SDOT,2022-01-06,61.67,67.58,60,64.9,1.89,+3.00%,10854
SDOT,2022-01-07,65.34,68.2,62,66.12,1.22,+1.88%,6712
SDOT,2022-01-10,65,65,60.51,62.05,-4.07,-6.16%,5041
SDOT,2022-01-11,62,66.61,62,64.8,2.75,+4.43%,8750
SDOT,2022-01-12,65.4,66.5,62,65.19,0.39,+0.60%,3691
SDOT,2022-01-13,65,65.33,58,58,-7.19,-11.03%,9178
SDOT,2022-01-14,60,60.74,52.4,55,-3.,-5.17%,9088
SDOT,2022-01-18,53.74,55,51.01,52.2,-2.8,-5.09%,10654
SDOT,2022-01-19,52,65.99,51,62.9,10.7,+20.50%,44535
SDOT,2022-01-20,61,67.51,61,64.97,2.07,+3.29%,12945
SDOT,2022-01-21,61.8,62.98,58.4,59.51,-5.46,-8.40%,8501
SDOT,2022-01-24,57.77,60.75,54,60,0.49,+0.82%,5718
SDOT,2022-01-25,60,64,56.21,61.2,1.2,+2.00%,4660
SDOT,2022-01-26,61,63.94,60,62.57,1.37,+2.24%,2114
SDOT,2022-01-27,62.56,62.89,60,60.49,-2.08,-3.32%,3035
SDOT,2022-01-28,60,64.97,58,62.01,1.52,+2.51%,3520
SDOT,2022-01-31,61.16,66.62,61.04,64.11,2.1,+3.39%,2601
SDOT,2022-02-01,64.77,65,61.5,61.77,-2.34,-3.65%,2059
SDOT,2022-02-02,62,67,62,64.22,2.45,+3.97%,5074
SDOT,2022-02-03,64.91,65,60.53,60.61,-3.61,-5.62%,1346
SDOT,2022-02-04,63,66,60.01,62.72,2.11,+3.48%,2000
SDOT,2022-02-07,66,66.4,61.35,61.75,-0.97,-1.55%,2794
SDOT,2022-02-08,62,63,61,63,1.25,+2.02%,1108
SDOT,2022-02-09,63,64.54,61.01,64.08,1.08,+1.71%,2586
SDOT,2022-02-10,62.35,64,62,63.24,-0.84,-1.31%,1365
SDOT,2022-02-11,64,65.09,60,60.01,-3.23,-5.11%,2514
SDOT,2022-02-14,60,60,58,58,-2.01,-3.35%,895
SDOT,2022-02-15,58,60,58,58.18,0.18,+0.31%,1398
SDOT,2022-02-16,58.27,59.48,55.72,56.1,-2.08,-3.58%,2061
SDOT,2022-02-17,56,57.8,52.33,53.09,-3.01,-5.37%,2197
SDOT,2022-02-18,54,54.59,47,48.67,-4.42,-8.33%,15032
SDOT,2022-02-22,48.04,48.04,45,45.04,-3.63,-7.46%,5841
SDOT,2022-02-23,45,47.65,40.1,42.78,-2.26,-5.02%,4726
SDOT,2022-02-24,38,45,38,43.89,1.11,+2.59%,5701
SDOT,2022-02-25,46,48,44.73,46.15,2.26,+5.15%,3374
SDOT,2022-02-28,46.15,46.98,44.22,45.32,-0.83,-1.80%,1854
SDOT,2022-03-01,48,57.1,44.05,51.59,6.27,+13.83%,16038
SDOT,2022-03-02,54,65,46,46.71,-4.88,-9.46%,121479
SDOT,2022-03-03,47.38,53.1,45,47.25,0.54,+1.16%,16499
SDOT,2022-03-04,43,46,41,42,-5.25,-11.11%,11537
SDOT,2022-03-07,42,44.74,38.99,38.99,-3.01,-7.17%,7963
SDOT,2022-03-08,39.46,43.9,36.78,39.95,0.96,+2.46%,10067
SDOT,2022-03-09,41.11,43.73,41.02,43.01,3.06,+7.66%,3212
SDOT,2022-03-10,42.26,46.48,41,41.97,-1.04,-2.42%,14215
SDOT,2022-03-11,42,44.58,40,40.8,-1.17,-2.79%,6327
SDOT,2022-03-14,40.17,40.17,35,35.33,-5.47,-13.41%,14271
SDOT,2022-03-15,36,38.98,35.98,37.38,2.05,+5.80%,2920
SDOT,2022-03-16,38.22,39.75,37,38.55,1.17,+3.13%,6019
SDOT,2022-03-17,39.1,45.94,39.1,45.5,6.95,+18.03%,15604
SDOT,2022-03-18,46,47.79,43.22,44.94,-0.56,-1.23%,10721
SDOT,2022-03-21,48,48.99,42,44.99,0.05,+0.11%,3661
SDOT,2022-03-22,48,50,44.45,48.28,3.29,+7.31%,10619
SDOT,2022-03-23,47.5,49,44,48.83,0.55,+1.14%,6784
SDOT,2022-03-24,50.3,50.3,47.01,49.3,0.47,+0.96%,4281
SDOT,2022-03-25,52,52,49.61,51.23,1.93,+3.91%,5484
SDOT,2022-03-28,51,52.4,47,50.9,-0.33,-0.64%,3715
SDOT,2022-03-29,51,52.2,48.36,51,0.1,+0.20%,6785
SDOT,2022-03-30,52,53.8,49.91,52.98,1.98,+3.88%,3824
SDOT,2022-03-31,52.3,53,51.2,52.75,-0.23,-0.43%,2075
SDOT,2022-04-01,54,55.99,52.3,54,1.25,+2.37%,3814
SDOT,2022-04-04,54,56,53,56,2,+3.70%,2964
SDOT,2022-04-05,57,59.5,56.78,58.82,2.82,+5.04%,4228
SDOT,2022-04-06,58.5,58.5,53.1,54,-4.82,-8.19%,3883
SDOT,2022-04-07,54.5,54.88,48.1,51,-3.,-5.56%,11552
SDOT,2022-04-08,53.87,53.87,48,48.29,-2.71,-5.31%,4956
SDOT,2022-04-11,50,51.67,47,48.28,-0.01,-0.02%,1330
SDOT,2022-04-12,47.43,51,47,47.79,-0.49,-1.01%,2209
SDOT,2022-04-13,47.26,49.99,47.26,48.95,1.16,+2.43%,2794
SDOT,2022-04-14,49.37,51.39,49.01,50.51,1.56,+3.19%,2818
SDOT,2022-04-18,50.51,50.98,48,49,-1.51,-2.99%,2497
SDOT,2022-04-19,49,50.57,47.1,50.2,1.2,+2.45%,1952
SDOT,2022-04-20,51.12,51.12,49.01,49.77,-0.43,-0.86%,1340
SDOT,2022-04-21,50,50.18,44.14,44.88,-4.89,-9.83%,6647
SDOT,2022-04-22,46,47.19,44.77,45.2,0.32,+0.71%,1594
SDOT,2022-04-25,44.26,47.5,42.67,44.11,-1.09,-2.41%,1646
SDOT,2022-04-26,45,45,41.35,42.98,-1.13,-2.56%,2445
SDOT,2022-04-27,42,44.99,41.71,42.75,-0.23,-0.54%,647
SDOT,2022-04-28,42.28,42.28,40.28,41.58,-1.17,-2.74%,1832
SDOT,2022-04-29,42,43.99,40.54,41.71,0.13,+0.31%,1284
SDOT,2022-05-02,40,45,39.99,42.45,0.74,+1.77%,3415
SDOT,2022-05-03,43.94,45.19,43,44.77,2.32,+5.47%,1140
SDOT,2022-05-04,45,46.5,41.7,46.26,1.49,+3.33%,1418
SDOT,2022-05-05,47,47.9,44,46,-0.26,-0.56%,784
SDOT,2022-05-06,45,47,41.9,44.71,-1.29,-2.80%,827
SDOT,2022-05-09,44.71,44.71,38,39.9,-4.81,-10.76%,2240
SDOT,2022-05-10,38.7,40,37.1,37.1,-2.8,-7.02%,1943
SDOT,2022-05-11,37.5,37.66,33.79,36.76,-0.34,-0.92%,1661
SDOT,2022-05-12,38,41.97,36.2,37.37,0.61,+1.66%,7773
SDOT,2022-05-13,40,44.3,36.2,41.01,3.64,+9.74%,12319
SDOT,2022-05-16,42.92,42.92,38,40.87,-0.14,-0.34%,672
SDOT,2022-05-17,45,45,40,41.75,0.88,+2.15%,586
SDOT,2022-05-18,42,42.01,36.96,38.5,-3.25,-7.78%,1822
SDOT,2022-05-19,38,41.29,38,38.41,-0.09,-0.23%,2153
SDOT,2022-05-20,38.5,41.29,36,36.85,-1.56,-4.06%,2133
SDOT,2022-05-23,36,36.88,36,36.88,0.03,+0.08%,2434
SDOT,2022-05-24,36,36.02,32,33.45,-3.43,-9.30%,3138
SDOT,2022-05-25,37.59,45.99,33.75,37.1,3.65,+10.91%,21636
SDOT,2022-05-26,36.47,39,34.34,35.52,-1.58,-4.26%,2978
SDOT,2022-05-27,36,42,35,37.8,2.28,+6.42%,2348
SDOT,2022-05-31,40.23,40.23,37.2,38.4,0.6,+1.59%,1165
SDOT,2022-06-01,37,38.5,36.77,37.1,-1.3,-3.39%,631
SDOT,2022-06-02,37,40.49,36.85,39.84,2.74,+7.39%,2434
SDOT,2022-06-03,40,40.52,38,38.99,-0.85,-2.13%,1659
SDOT,2022-06-06,40,40,37,38.6,-0.39,-1.00%,1253
SDOT,2022-06-07,39,41,37.11,38.23,-0.37,-0.96%,1444
SDOT,2022-06-08,37.08,40,37.08,39,0.77,+2.01%,1146
SDOT,2022-06-09,38.5,40.85,35,38.1,-0.9,-2.31%,2208
SDOT,2022-06-10,39,40,35.25,37.8,-0.3,-0.79%,588
SDOT,2022-06-13,36.6,37.85,34,34.84,-2.96,-7.83%,2047
SDOT,2022-06-14,35.11,36.57,33,33.55,-1.29,-3.70%,2870
SDOT,2022-06-15,35,38.3,33,34.22,0.67,+2.00%,1898
SDOT,2022-06-16,35.3,35.57,32.53,33.8,-0.42,-1.23%,1306
SDOT,2022-06-17,33.68,36.96,33.5,34.57,0.77,+2.28%,776
SDOT,2022-06-21,34.1,36.94,34,34.12,-0.45,-1.30%,2462
SDOT,2022-06-22,33,37.5,33,35.85,1.73,+5.07%,2763
SDOT,2022-06-23,39,40.5,35.23,38.3,2.45,+6.83%,6437
SDOT,2022-06-24,38,40.5,38,39.48,1.18,+3.08%,2900
SDOT,2022-06-27,41,42,36.23,38.18,-1.3,-3.29%,1124
SDOT,2022-06-28,40,40.65,38,38.97,0.79,+2.07%,1231
SDOT,2022-06-29,42,42,36,37,-1.97,-5.06%,4657
SDOT,2022-06-30,39,40.86,36.4,38.5,1.5,+4.05%,6677
SDOT,2022-07-01,38.07,40,37,37.45,-1.05,-2.73%,1343
SDOT,2022-07-05,37.72,38,36,36.8,-0.65,-1.74%,779
SDOT,2022-07-06,36.67,38.5,36.1,37,0.2,+0.54%,1287
SDOT,2022-07-07,38,38,36.41,37.5,0.5,+1.35%,523
SDOT,2022-07-08,37.03,39.2,37.03,38.85,1.35,+3.60%,730
SDOT,2022-07-11,38.85,38.85,36.13,37.01,-1.84,-4.74%,829
SDOT,2022-07-12,37.11,38.17,36.5,37.02,0.01,+0.03%,509
SDOT,2022-07-13,35.9,37.02,34.17,35.64,-1.38,-3.73%,1863
SDOT,2022-07-14,35.5,37.49,35,36.79,1.15,+3.23%,326
SDOT,2022-07-15,35,37.49,35,35.95,-0.84,-2.28%,678
SDOT,2022-07-18,36,37.4,35.11,36.62,0.67,+1.86%,3301
SDOT,2022-07-19,37,37.4,35.16,36.5,-0.12,-0.33%,4049
SDOT,2022-07-20,35.54,42,35.54,36.72,0.22,+0.60%,4241
SDOT,2022-07-21,37.49,40,36.61,38.03,1.31,+3.57%,990
SDOT,2022-07-22,38.51,44,36.82,40,1.97,+5.18%,2528
SDOT,2022-07-25,40,41,37.5,39.75,-0.25,-0.63%,1225
SDOT,2022-07-26,40,40,36.03,38.4,-1.35,-3.40%,684
SDOT,2022-07-27,39,40.99,37.75,38.9,0.5,+1.30%,560
SDOT,2022-07-28,39.99,40,37.5,37.81,-1.09,-2.80%,977
SDOT,2022-07-29,40,40,35.99,36.9,-0.91,-2.41%,912
SDOT,2022-08-01,37.89,38.5,35.02,35.5,-1.4,-3.79%,1555
SDOT,2022-08-02,35,37,32.89,35,-0.5,-1.41%,3187
SDOT,2022-08-03,34.5,36.99,34.21,35.77,0.77,+2.20%,3218
SDOT,2022-08-04,36,38,34.75,37.01,1.24,+3.47%,2978
SDOT,2022-08-05,38,38.2,35.01,37.68,0.67,+1.81%,1573
SDOT,2022-08-08,37,40.99,37,39.28,1.6,+4.25%,2643
SDOT,2022-08-09,39.8,40.98,38.09,39.6,0.32,+0.81%,1104
SDOT,2022-08-10,42,44.4,38.7,44.13,4.53,+11.44%,3038
SDOT,2022-08-11,48,48.13,39.01,40.25,-3.88,-8.79%,7103
SDOT,2022-08-12,42.9,44.98,40.12,44,3.75,+9.32%,1445
SDOT,2022-08-15,42.68,44.38,41,42.5,-1.5,-3.41%,1196
SDOT,2022-08-16,44.01,48.99,43.5,45,2.5,+5.88%,2745
SDOT,2022-08-17,46.01,46.8,41.8,44.2,-0.8,-1.78%,788
SDOT,2022-08-18,43,52,41,46,1.8,+4.07%,8176
SDOT,2022-08-19,49.5,49.5,42,44,-2.,-4.35%,2411
SDOT,2022-08-22,42.05,45.07,40.2,43,-1.,-2.27%,1031
SDOT,2022-08-23,42.7,44.59,40.21,40.51,-2.49,-5.79%,1121
SDOT,2022-08-24,41.42,45,41,43,2.49,+6.15%,1372
SDOT,2022-08-25,43,45,42.25,44.44,1.44,+3.35%,695
SDOT,2022-08-26,44.03,45,43.26,43.64,-0.8,-1.80%,684
SDOT,2022-08-29,42,43.64,40.2,43.44,-0.2,-0.46%,439
SDOT,2022-08-30,43.44,43.44,41,42.34,-1.1,-2.53%,679
SDOT,2022-08-31,42,44,41.22,42.5,0.16,+0.38%,229
SDOT,2022-09-01,45,45,40.6,41.11,-1.39,-3.27%,681
SDOT,2022-09-02,42.2,42.64,40.81,41.97,0.86,+2.09%,513
SDOT,2022-09-06,44.07,44.07,40.3,40.98,-0.99,-2.36%,386
SDOT,2022-09-07,40.2,44,40.2,42.8,1.82,+4.44%,812
SDOT,2022-09-08,43.67,45,40.85,43.91,1.11,+2.59%,882
SDOT,2022-09-09,44.7,44.7,41.81,43,-0.91,-2.07%,859
SDOT,2022-09-12,43.7,44.4,42,43,0,0.00%,834
SDOT,2022-09-13,42.05,44.44,40,41,-2.,-4.65%,1801
SDOT,2022-09-14,40.9,42.5,40.58,40.6,-0.4,-0.98%,1130
SDOT,2022-09-15,40.9,42.25,40.5,40.93,0.33,+0.81%,433
SDOT,2022-09-16,40.8,44.9,40,42,1.07,+2.61%,3725
SDOT,2022-09-19,42,43,40.6,41.71,-0.29,-0.69%,909
SDOT,2022-09-20,43.94,43.94,39.4,40.5,-1.21,-2.90%,1083
SDOT,2022-09-21,39,41.8,38.4,39.51,-0.99,-2.44%,1510
SDOT,2022-09-22,39.37,41.75,39.08,40.3,0.79,+2.00%,996
SDOT,2022-09-23,40.3,42,39,40.1,-0.2,-0.50%,667
SDOT,2022-09-26,40.95,41.79,39,39.49,-0.61,-1.52%,567
SDOT,2022-09-27,40,41,38,38.5,-0.99,-2.51%,522
SDOT,2022-09-28,38,40,37,37.62,-0.88,-2.29%,970
SDOT,2022-09-29,39.29,39.3,36.3,37,-0.62,-1.65%,2159
SDOT,2022-09-30,37,38.69,35,37.6,0.6,+1.62%,1560
SDOT,2022-10-03,37,38.59,36.3,37.27,-0.33,-0.88%,1133
SDOT,2022-10-04,37,40.99,37,40,2.73,+7.32%,1164
SDOT,2022-10-05,38.27,43.98,38.23,39.81,-0.19,-0.48%,1583
SDOT,2022-10-06,41,41.88,40,40,0.19,+0.48%,815
SDOT,2022-10-07,41.5,42,38,38.01,-1.99,-4.98%,618
SDOT,2022-10-10,36,41,36,38.09,0.08,+0.21%,888
SDOT,2022-10-11,40,40.5,37,37.31,-0.78,-2.05%,1026
SDOT,2022-10-12,37.31,40,37.2,38,0.69,+1.85%,769
SDOT,2022-10-13,38.51,40,37.3,39.31,1.31,+3.45%,504
SDOT,2022-10-14,39.58,40.99,37.5,38.07,-1.24,-3.15%,1010
SDOT,2022-10-17,38,40.26,38,39,0.93,+2.44%,421
SDOT,2022-10-18,39.79,39.79,38,38.25,-0.75,-1.92%,783
SDOT,2022-10-19,37.03,38.6,37,37,-1.25,-3.27%,1011
SDOT,2022-10-20,37.11,39.5,37.11,38.22,1.22,+3.30%,366
SDOT,2022-10-21,38,38.99,37,37.56,-0.66,-1.73%,400
SDOT,2022-10-24,39,39,37,37.34,-0.22,-0.59%,481
SDOT,2022-10-25,36.7,39,36.7,38.89,1.55,+4.15%,839
SDOT,2022-10-26,39,40,37.91,39,0.11,+0.28%,1176
SDOT,2022-10-27,39.99,40,38,38.7,-0.3,-0.77%,742
SDOT,2022-10-28,38.9,39.95,38.15,39.1,0.4,+1.03%,542
SDOT,2022-10-31,39,39.39,38,38.05,-1.05,-2.69%,738
SDOT,2022-11-01,38,39.95,38,38.56,0.51,+1.34%,481
SDOT,2022-11-02,37,38.8,37,38.4,-0.16,-0.41%,644
SDOT,2022-11-03,38.07,39.8,38,38.09,-0.31,-0.81%,334
SDOT,2022-11-04,38,39.7,34,37.1,-0.99,-2.60%,1302
SDOT,2022-11-07,36.48,39.24,35.8,37.4,0.3,+0.81%,945
SDOT,2022-11-08,36.89,37.99,35.25,36.25,-1.15,-3.07%,872
SDOT,2022-11-09,39.91,39.91,34,36.29,0.04,+0.11%,1094
SDOT,2022-11-10,36.5,36.98,30.5,32.5,-3.79,-10.44%,4401
SDOT,2022-11-11,32,35.1,32,34.25,1.75,+5.38%,1027
SDOT,2022-11-14,34.3,35.21,32,33.49,-0.76,-2.22%,2111
SDOT,2022-11-15,32.1,34.32,30,32,-1.49,-4.45%,3708
SDOT,2022-11-16,33,34.8,30.8,31,-1.,-3.13%,2814
SDOT,2022-11-17,32,32.28,31,31.91,0.91,+2.94%,1623
SDOT,2022-11-18,33,41,32.15,34,2.09,+6.55%,19947
SDOT,2022-11-21,34,40,32,34.84,0.84,+2.47%,7908
SDOT,2022-11-22,35,38,34.04,35,0.16,+0.46%,3316
SDOT,2022-11-23,37,37.1,33,35,0,0.00%,3661
SDOT,2022-11-25,37,40,36.01,38.95,3.95,+11.29%,4392
SDOT,2022-11-28,40,45.5,37.25,45.39,6.44,+16.53%,8337
SDOT,2022-11-29,45.91,52.99,43.96,51.9,6.51,+14.34%,10192
SDOT,2022-11-30,54,65,46.1,62.3,10.4,+20.04%,12522
SDOT,2022-12-01,62,63.88,59.8,61.01,-1.29,-2.07%,3620
SDOT,2022-12-02,61,71,60,66.9,5.89,+9.65%,5102
SDOT,2022-12-05,65,71.3,65,69.53,2.63,+3.93%,7530
SDOT,2022-12-06,72,84,70,77.98,8.45,+12.15%,18171
SDOT,2022-12-07,77.42,88.01,74,78.75,0.77,+0.99%,8535
SDOT,2022-12-08,79,88,78.02,87.55,8.8,+11.17%,7046
SDOT,2022-12-09,93,97.5,78.2,89,1.45,+1.66%,15079
SDOT,2022-12-12,99,100,68,91.05,2.05,+2.30%,41093
SDOT,2022-12-13,95,95,80.05,83.5,-7.55,-8.29%,6153
SDOT,2022-12-14,81.2,81.2,69.01,78.48,-5.02,-6.01%,8103
SDOT,2022-12-15,76,90,73.86,83.99,5.51,+7.02%,3229
SDOT,2022-12-16,82,85,74,84.97,0.98,+1.17%,3409
SDOT,2022-12-19,83,85.5,78.95,81.35,-3.62,-4.26%,1277
SDOT,2022-12-20,82.3,83,65,71.98,-9.37,-11.52%,4781
SDOT,2022-12-21,78,78,72.02,74.61,2.63,+3.65%,2630
SDOT,2022-12-22,75,75.18,72.81,74.5,-0.11,-0.15%,548
SDOT,2022-12-23,80,80,75,78.25,3.75,+5.03%,2399
SDOT,2022-12-27,79,84.88,79,84,5.75,+7.35%,2336
SDOT,2022-12-28,85,88.33,80,87,3,+3.57%,3131
SDOT,2022-12-29,92,100,83.29,91.9,4.9,+5.63%,15472
SDOT,2022-12-30,92,94.81,88.02,91,-0.9,-0.98%,4692
SDOT,2023-01-03,90,92,85.5,87.46,-3.54,-3.89%,3229
SDOT,2023-01-04,90,97.77,88,97.07,9.61,+10.99%,5543
SDOT,2023-01-05,96,101,93.5,97.94,0.87,+0.90%,5959
SDOT,2023-01-06,100,108,96,101,3.06,+3.12%,10403
SDOT,2023-01-09,104,113,98.5,104,3,+2.97%,16107
SDOT,2023-01-10,105,111,101,105,1,+0.96%,8294
SDOT,2023-01-11,110,112,105,112,7,+6.67%,2960
SDOT,2023-01-12,115,115,107,110.5,-1.5,-1.34%,2373
SDOT,2023-01-13,112,113,99.5,101,-9.5,-8.60%,6284
SDOT,2023-01-17,100,104.41,100,103,2,+1.98%,1795
SDOT,2023-01-18,103,103.38,100,101,-2.,-1.94%,2704
SDOT,2023-01-19,101,103,85,93.26,-7.74,-7.66%,9093
SDOT,2023-01-20,87,95,82.01,86.9,-6.36,-6.82%,4213
SDOT,2023-01-23,89,89,82.5,82.51,-4.39,-5.05%,3312
SDOT,2023-01-24,86,86.99,82.5,83.71,1.2,+1.45%,1928
SDOT,2023-01-25,84,84.02,80.1,82.01,-1.7,-2.03%,2190
SDOT,2023-01-26,82,85.99,82,85,2.99,+3.65%,1188
SDOT,2023-01-27,88.67,98.59,87.15,98.59,13.59,+15.99%,3080
SDOT,2023-01-30,99,109,98,102,3.41,+3.46%,7338
SDOT,2023-01-31,102,107,102,105,3,+2.94%,3474
SDOT,2023-02-01,107,108,95.12,97.01,-7.99,-7.61%,2596
SDOT,2023-02-02,98,102,97,98.6,1.59,+1.64%,1652
SDOT,2023-02-03,101,104,96,102,3.4,+3.45%,1978
SDOT,2023-02-06,109,109,100,103,1,+0.98%,4008
SDOT,2023-02-07,104,104,96.72,101,-2.,-1.94%,2720
SDOT,2023-02-08,101,101,95.13,97,-4.,-3.96%,1817
SDOT,2023-02-09,97,100,95,97.95,0.95,+0.98%,1488
SDOT,2023-02-10,97.93,102.99,95.12,98.99,1.04,+1.06%,1778
SDOT,2023-02-13,98,105,95.11,103,4.01,+4.05%,2551
SDOT,2023-02-14,105,105,97.5,102,-1.,-0.97%,1163
SDOT,2023-02-15,100,104,98.51,102.5,0.5,+0.49%,1709
SDOT,2023-02-16,102,120,101,114,11.5,+11.22%,15560
SDOT,2023-02-17,117,140,115,139,25,+21.93%,18288
SDOT,2023-02-21,132,143.99,119,125,-14.,-10.07%,8058
SDOT,2023-02-22,130,135,123.01,132,7,+5.60%,2155
SDOT,2023-02-23,134,135,126,135,3,+2.27%,1646
SDOT,2023-02-24,135,152,131,150.5,15.5,+11.48%,7162
SDOT,2023-02-27,150,150,130,132,-18.5,-12.29%,8379
SDOT,2023-02-28,134,143,133,136.5,4.5,+3.41%,3386
SDOT,2023-03-01,139,143,135,141,4.5,+3.30%,1721
SDOT,2023-03-02,140,145,136,144,3,+2.13%,1533
SDOT,2023-03-03,152,152.5,141,144,0,0.00%,2746
SDOT,2023-03-06,141,145,140,142,-2.,-1.39%,1773
SDOT,2023-03-07,137,143,135,135,-7.,-4.93%,1764
SDOT,2023-03-08,135,136,121,132,-3.,-2.22%,3552
SDOT,2023-03-09,130,137,130,130,-2.,-1.52%,1155
SDOT,2023-03-10,131,131,118,124,-6.,-4.62%,4874
SDOT,2023-03-13,125,125,107,119,-5.,-4.03%,3860
SDOT,2023-03-14,116,128,116,117,-2.,-1.68%,2667
SDOT,2023-03-15,117,122.96,115,118,1,+0.85%,2890
SDOT,2023-03-16,120,130.99,120,125,7,+5.93%,3525
SDOT,2023-03-17,128,130,118,123,-2.,-1.60%,1643
SDOT,2023-03-20,123,129,120.26,129,6,+4.88%,1171
SDOT,2023-03-21,130,130,122,126,-3.,-2.33%,2140
SDOT,2023-03-22,124,124,92.75,111,-15.,-11.90%,12703
SDOT,2023-03-23,102,108,99.1,101,-10.,-9.01%,2506
SDOT,2023-03-24,101,106.02,100.79,103,2,+1.98%,1260
SDOT,2023-03-27,109,109,103,106,3,+2.91%,1020
SDOT,2023-03-28,108,112,106,112,6,+5.66%,1654
SDOT,2023-03-29,112,112.01,104,106,-6.,-5.36%,1133
SDOT,2023-03-30,108,111,105,106,0,0.00%,807
SDOT,2023-03-31,104,110,104,107,1,+0.94%,1071
SDOT,2023-04-03,107,115,107,112,5,+4.67%,1025
SDOT,2023-04-04,112,117,107,111,-1.,-0.89%,979
SDOT,2023-04-05,111,114,105,110,-1.,-0.90%,931
SDOT,2023-04-06,110,115,106,112,2,+1.82%,1055
SDOT,2023-04-10,111,127,108,123,11,+9.82%,4350
SDOT,2023-04-11,125,139,124.99,132,9,+7.32%,5006
SDOT,2023-04-12,130,131,125.66,127,-5.,-3.79%,1246
SDOT,2023-04-13,133,140,127,137,10,+7.87%,2947
SDOT,2023-04-14,137,144,135,136,-1.,-0.73%,1864
SDOT,2023-04-17,136,141,133.19,136,0,0.00%,1448
SDOT,2023-04-18,135,145,133,134,-2.,-1.47%,2703
SDOT,2023-04-19,120,130,113,126,-8.,-5.97%,7931
SDOT,2023-04-20,126,129.99,120,127,1,+0.79%,1309
SDOT,2023-04-21,125,137,124,134,7,+5.51%,1791
SDOT,2023-04-24,136,136.96,126,130,-4.,-2.99%,1147
SDOT,2023-04-25,124,129,124,124,-6.,-4.62%,1376
SDOT,2023-04-26,124,130.09,122,124,0,0.00%,961
SDOT,2023-04-27,124,126,120,121,-3.,-2.42%,976
SDOT,2023-04-28,122,132,122,127,6,+4.96%,1555
SDOT,2023-05-01,130,130,126,126,-1.,-0.79%,965
SDOT,2023-05-02,127,133.78,125,131,5,+3.97%,1123
SDOT,2023-05-03,130,138.99,130,134,3,+2.29%,1058
SDOT,2023-05-04,134,139,134,135,1,+0.75%,824
SDOT,2023-05-05,139,139,132,136,1,+0.74%,1959
SDOT,2023-05-08,132,144,132,144,8,+5.88%,1667
SDOT,2023-05-09,143,149,140,148,4,+2.78%,2299
SDOT,2023-05-10,148,149,145.01,146,-2.,-1.35%,18142
SDOT,2023-05-11,157,159.89,126,133,-13.,-8.90%,32080
SDOT,2023-05-12,124,135,124,124,-9.,-6.77%,6401
SDOT,2023-05-15,122,125,111,122,-2.,-1.61%,5546
SDOT,2023-05-16,116,119.99,110,110,-12.,-9.84%,4991
SDOT,2023-05-17,110,118,103,115,5,+4.55%,4253
SDOT,2023-05-18,115,117,111,114,-1.,-0.87%,2513
SDOT,2023-05-19,114,116,110,111,-3.,-2.63%,2561
SDOT,2023-05-22,112,118,110,113,2,+1.80%,4530
SDOT,2023-05-23,114,115,111,115,2,+1.77%,1550
SDOT,2023-05-24,112,122,109,115,0,0.00%,4031
SDOT,2023-05-25,117,117,112,112,-3.,-2.61%,1013
SDOT,2023-05-26,116,116,110,114,2,+1.79%,1806
SDOT,2023-05-30,111,113,105,107,-7.,-6.14%,2742
SDOT,2023-05-31,113,113,107.01,109,2,+1.87%,1986
SDOT,2023-06-01,113,124,109,119,10,+9.17%,4321
SDOT,2023-06-02,122,124,118.73,122,3,+2.52%,1363
SDOT,2023-06-05,126,129.5,120,129,7,+5.74%,2155
SDOT,2023-06-06,130,132,126.93,131,2,+1.55%,1447
SDOT,2023-06-07,133,133,120,122,-9.,-6.87%,1819
SDOT,2023-06-08,119,126,119,122,0,0.00%,1252
SDOT,2023-06-09,120,129,119,127,5,+4.10%,1643
SDOT,2023-06-12,125,131,125,129.5,2.5,+1.97%,941
SDOT,2023-06-13,130,135,129,131,1.5,+1.16%,1856
SDOT,2023-06-14,130,135,130,130,-1.,-0.76%,1816
SDOT,2023-06-15,129,133,129,131,1,+0.77%,998
SDOT,2023-06-16,131,134,125,128,-3.,-2.29%,1018
SDOT,2023-06-20,128,130,120,124,-4.,-3.13%,1348
SDOT,2023-06-21,124,124,119,122,-2.,-1.61%,910
SDOT,2023-06-22,121,125,118,118,-4.,-3.28%,1740
SDOT,2023-06-23,122,126,119,124,6,+5.08%,1382
SDOT,2023-06-26,125,125.43,117,119,-5.,-4.03%,1181
SDOT,2023-06-27,123,123.99,118,120,1,+0.84%,827
SDOT,2023-06-28,122,122,115,119,-1.,-0.83%,630
SDOT,2023-06-29,122,122,110,114,-5.,-4.20%,1801
SDOT,2023-06-30,115,119,113,119,5,+4.39%,1167
SDOT,2023-07-03,119,119.97,114,117,-2.,-1.68%,1710
SDOT,2023-07-05,117,118,111,115,-2.,-1.71%,2325
SDOT,2023-07-06,115,118,113,114,-1.,-0.87%,1146
SDOT,2023-07-07,114,117.95,111,112,-2.,-1.75%,1142
SDOT,2023-07-10,112,123,109,114,2,+1.79%,2471
SDOT,2023-07-11,114,116,103,106,-8.,-7.02%,3375
SDOT,2023-07-12,105,116,105,114,8,+7.55%,4934
SDOT,2023-07-13,115,117,113,117,3,+2.63%,2089
SDOT,2023-07-14,116,118,115,115,-2.,-1.71%,1190
SDOT,2023-07-17,116,121,115,121,6,+5.22%,1571
SDOT,2023-07-18,122,142,121,129,8,+6.61%,13625
SDOT,2023-07-19,132,134,128,128,-1.,-0.78%,9128
SDOT,2023-07-20,129,130,123,129,1,+0.78%,2763
SDOT,2023-07-21,129,129,123,128.5,-0.5,-0.39%,2339
SDOT,2023-07-24,127,147,127,136,7.5,+5.84%,14233
SDOT,2023-07-25,139,147,123,126,-10.,-7.35%,16032
SDOT,2023-07-26,129,136.98,127,132,6,+4.76%,9368
SDOT,2023-07-27,135,140,122,125,-7.,-5.30%,5013
SDOT,2023-07-28,136,136,103,104,-21.,-16.80%,13192
SDOT,2023-07-31,112,112,108,110,6,+5.77%,5534
SDOT,2023-08-01,111,111,106,107,-3.,-2.73%,4849
SDOT,2023-08-02,106,107.57,96,98,-9.,-8.41%,5218
SDOT,2023-08-03,98,111,98,110,12,+12.24%,6252
SDOT,2023-08-04,112,122,112,118,8,+7.27%,3540
SDOT,2023-08-07,120,125,110,118,0,0.00%,5711
SDOT,2023-08-08,119,125,118,119,1,+0.85%,5897
SDOT,2023-08-09,120,122,112.72,118,-1.,-0.84%,4867
SDOT,2023-08-10,121,121,110,111,-7.,-5.93%,7775
SDOT,2023-08-11,110,111,90.02,110,-1.,-0.90%,10131
SDOT,2023-08-14,115,120,105,106,-4.,-3.64%,3106
SDOT,2023-08-15,105,110,101.8,108,2,+1.89%,4802
SDOT,2023-08-16,109,109.99,105,106,-2.,-1.85%,2243
SDOT,2023-08-17,105,107.98,100,101,-5.,-4.72%,1534
SDOT,2023-08-18,100,110,100,110,9,+8.91%,3195
SDOT,2023-08-21,110,110,101,101,-9.,-8.18%,1827
SDOT,2023-08-22,103,104,98,99.46,-1.54,-1.52%,2594
SDOT,2023-08-23,101,105,98,104,4.54,+4.56%,1578
SDOT,2023-08-24,104,105,100,101,-3.,-2.88%,1506
SDOT,2023-08-25,100,101.99,96.51,99.01,-1.99,-1.97%,1272
SDOT,2023-08-28,99,103,97.01,102,2.99,+3.02%,1105
SDOT,2023-08-29,100,104,98,104,2,+1.96%,1865
SDOT,2023-08-30,101,105,101,104,0,0.00%,698
SDOT,2023-08-31,103,105,102,104,0,0.00%,1244
SDOT,2023-09-01,103,106,103,103,-1.,-0.96%,1871
SDOT,2023-09-05,103,105.87,100,100,-3.,-2.91%,2028
SDOT,2023-09-06,100,103,97,97,-3.,-3.00%,3002
SDOT,2023-09-07,95,101,95,100,3,+3.09%,1055
SDOT,2023-09-08,98,102.96,98,101,1,+1.00%,1020
SDOT,2023-09-11,100,103,99,101,0,0.00%,1147
SDOT,2023-09-12,100,103,100,101,0,0.00%,807
SDOT,2023-09-13,100,102,99,102,1,+0.99%,1028
SDOT,2023-09-14,101,105,99.15,105,3,+2.94%,2123
SDOT,2023-09-15,102,110,101,110,5,+4.76%,3328
SDOT,2023-09-18,110,112,106,111,1,+0.91%,2750
SDOT,2023-09-19,109,110,106,110,-1.,-0.90%,1299
SDOT,2023-09-20,108,112,106,110,0,0.00%,1847
SDOT,2023-09-21,105,110,105,110,0,0.00%,1363
SDOT,2023-09-22,107,108.31,101,104,-6.,-5.45%,4001
SDOT,2023-09-25,104,104.91,100,100,-4.,-3.85%,3005
SDOT,2023-09-26,100,106.99,74.27,83.41,-16.59,-16.59%,13686
SDOT,2023-09-27,78.31,84,76,76,-7.41,-8.88%,4485
SDOT,2023-09-28,78,80,70.05,70.51,-5.49,-7.22%,2988
SDOT,2023-09-29,77.67,77.67,69.01,69.9,-0.61,-0.87%,1061
SDOT,2023-10-02,70.99,75.07,61.01,61.36,-8.54,-12.22%,4001
SDOT,2023-10-03,63,63.31,57.1,58.99,-2.37,-3.86%,3679
SDOT,2023-10-04,58,62.9,57,61.57,2.58,+4.37%,1307
SDOT,2023-10-05,59,70,55,68.9,7.33,+11.91%,3053
SDOT,2023-10-06,69,74.9,68,74.9,6,+8.71%,2157
SDOT,2023-10-09,75,76.5,71.22,75,0.1,+0.13%,640
SDOT,2023-10-10,75.82,80.99,74,79.65,4.65,+6.20%,1307
SDOT,2023-10-11,80,80,76,76,-3.65,-4.58%,495
SDOT,2023-10-12,79.1,80.85,70.8,71.85,-4.15,-5.46%,1877
SDOT,2023-10-13,72.58,77,71.1,71.1,-0.75,-1.04%,376
SDOT,2023-10-16,71.08,76.99,70.1,74,2.9,+4.08%,1226
SDOT,2023-10-17,76.07,76.07,71,73.98,-0.02,-0.03%,1649
SDOT,2023-10-18,72.01,80.94,72.01,77.02,3.04,+4.11%,1441
SDOT,2023-10-19,77.02,80,74.02,75,-2.02,-2.62%,1288
SDOT,2023-10-20,79,80.99,75,76,1,+1.33%,192
SDOT,2023-10-23,76,76,72,72,-4.,-5.26%,741
SDOT,2023-10-24,73.9,74.6,70.01,71.59,-0.41,-0.57%,447
SDOT,2023-10-25,73,74.6,67.58,67.87,-3.72,-5.20%,646
SDOT,2023-10-26,68,71,64,65.43,-2.44,-3.60%,805
SDOT,2023-10-27,72.5,72.5,64,66,0.57,+0.87%,1144
SDOT,2023-10-30,66,70.5,66,68.94,2.94,+4.45%,1023
SDOT,2023-10-31,69,70,67.5,68,-0.94,-1.36%,543
SDOT,2023-11-01,69,69.9,61.8,65,-3.,-4.41%,1412
SDOT,2023-11-02,65,69.98,65,69.32,4.32,+6.65%,628
SDOT,2023-11-03,69,76.96,68,72.99,3.67,+5.29%,747
SDOT,2023-11-06,76,77,71.04,74,1.01,+1.38%,395
SDOT,2023-11-07,73.65,77,72,73.2,-0.8,-1.08%,1133
SDOT,2023-11-08,72.1,76.7,71.51,72.9,-0.3,-0.41%,786
SDOT,2023-11-09,71,72,66.68,68.41,-4.49,-6.16%,747
SDOT,2023-11-10,76,76,67,67.5,-0.91,-1.33%,408
SDOT,2023-11-13,77,77,66,67.9,0.4,+0.59%,1189
SDOT,2023-11-14,67.6,75,67.6,71.68,3.78,+5.57%,1563
SDOT,2023-11-15,69.54,72.51,42,57.42,-14.26,-19.89%,15892
SDOT,2023-11-16,57.42,57.42,48.01,49.8,-7.62,-13.27%,2634
SDOT,2023-11-17,50.2,50.2,43,46.13,-3.67,-7.37%,3750
SDOT,2023-11-20,47.16,51,45,50.5,4.37,+9.47%,2157
SDOT,2023-11-21,50.82,57.3,50.41,54.5,4,+7.92%,4793
SDOT,2023-11-22,53,59,53,57,2.5,+4.59%,1120
SDOT,2023-11-24,57,60.86,57,58,1,+1.75%,598
SDOT,2023-11-27,58,59.5,54.03,55.06,-2.94,-5.07%,1278
SDOT,2023-11-28,55.5,57,51,56.5,1.44,+2.62%,1857
SDOT,2023-11-29,55,57.8,51.51,52.25,-4.25,-7.52%,1091
SDOT,2023-11-30,52.03,55.59,50,50,-2.25,-4.31%,1055
SDOT,2023-12-01,45.37,49.77,43.12,43.87,-6.13,-12.26%,4712
SDOT,2023-12-04,48.14,49.99,42.02,42.02,-1.85,-4.22%,3134
SDOT,2023-12-05,41.5,45,41.5,42.51,0.49,+1.17%,2267
SDOT,2023-12-06,43,48.98,42.69,43.51,1,+2.35%,941
SDOT,2023-12-07,43,43.99,40.1,41.08,-2.43,-5.58%,3046
SDOT,2023-12-08,41.5,44.8,40.01,40.68,-0.4,-0.97%,1818
SDOT,2023-12-11,40,41.32,37.5,39,-1.68,-4.13%,2711
SDOT,2023-12-12,39.07,40.65,38.5,39.51,0.51,+1.31%,1416
SDOT,2023-12-13,40,42.5,39.01,40.7,1.19,+3.01%,2398
SDOT,2023-12-14,41,45,39.13,42.57,1.87,+4.59%,5286
SDOT,2023-12-15,47,47,42.57,43,0.43,+1.01%,3298
SDOT,2023-12-18,42.95,46,42.5,43.6,0.6,+1.40%,2210
SDOT,2023-12-19,44,45.01,43.7,43.7,0.1,+0.23%,2115
SDOT,2023-12-20,43,43,41,42.31,-1.39,-3.18%,1641
SDOT,2023-12-21,42.25,44.99,39.13,41,-1.31,-3.10%,4552
SDOT,2023-12-22,40,42.42,40,42,1,+2.44%,978
SDOT,2023-12-26,43.2,44,41,43.1,1.1,+2.62%,1342
SDOT,2023-12-27,43,45,41.02,41.84,-1.26,-2.92%,2145
SDOT,2023-12-28,42.5,42.5,41,41.07,-0.77,-1.84%,2097
SDOT,2023-12-29,41,42.7,40,40.05,-1.02,-2.48%,2425
SDOT,2024-01-02,40,41.99,40,41.4,1.35,+3.37%,2684
SDOT,2024-01-03,40,42.5,39,40.11,-1.29,-3.12%,7912
SDOT,2024-01-04,40,40.99,38.5,39.7,-0.41,-1.02%,1575
SDOT,2024-01-05,38.24,40.3,38,40.3,0.6,+1.51%,946
SDOT,2024-01-08,38.9,43,37,39,-1.3,-3.23%,4289
SDOT,2024-01-09,37.83,38.99,37,38.99,-0.01,-0.03%,1852
SDOT,2024-01-10,38.1,39,37.11,38.9,-0.09,-0.23%,483
SDOT,2024-01-11,37.21,38.99,36.5,37.22,-1.68,-4.32%,1863
SDOT,2024-01-12,35.3,41.95,35.3,37.8,0.58,+1.56%,3098
SDOT,2024-01-16,38,38.9,36.3,36.3,-1.5,-3.97%,2703
SDOT,2024-01-17,37.99,37.99,34.25,34.49,-1.81,-4.99%,2389
SDOT,2024-01-18,34.5,34.5,32.33,33.7,-0.79,-2.29%,2951
SDOT,2024-01-19,34.81,34.98,33,33.64,-0.06,-0.18%,1007
SDOT,2024-01-22,34,37.39,34,34.6,0.96,+2.85%,3355
SDOT,2024-01-23,34.26,36.99,33.64,34,-0.6,-1.73%,2237
SDOT,2024-01-24,34.01,35.13,33.1,34.88,0.88,+2.59%,2219
SDOT,2024-01-25,34,35.9,30.03,31,-3.88,-11.12%,9533
SDOT,2024-01-26,33,33.5,31.01,31.7,0.7,+2.26%,2088
SDOT,2024-01-29,31.42,33.9,31.01,32.9,1.2,+3.79%,3903
SDOT,2024-01-30,32,32.9,31.57,32.9,0,0.00%,788
SDOT,2024-01-31,32,33.2,32,32.6,-0.3,-0.91%,1145
SDOT,2024-02-01,33.08,35.46,33,34,1.4,+4.29%,1180
SDOT,2024-02-02,35.33,37.11,35,37,3,+8.82%,1208
SDOT,2024-02-05,37.92,37.99,35,36.58,-0.42,-1.14%,1304
SDOT,2024-02-06,35.8,36.55,34.01,34.7,-1.88,-5.14%,458
SDOT,2024-02-07,35,35,34.1,34.44,-0.26,-0.75%,556
SDOT,2024-02-08,34,36,34,35.2,0.76,+2.21%,364
SDOT,2024-02-09,36.98,36.98,33,35.55,0.35,+0.99%,1385
SDOT,2024-02-12,34,35.48,34,34.5,-1.05,-2.95%,520
SDOT,2024-02-13,34,36,34,35.5,1,+2.90%,295
SDOT,2024-02-14,35.9,36.48,34,36.48,0.98,+2.76%,1168
SDOT,2024-02-15,36.5,38.89,36,38,1.52,+4.17%,961
SDOT,2024-02-16,37.6,38.5,35,37.93,-0.07,-0.18%,765
SDOT,2024-02-20,35.55,38,35,35.94,-1.99,-5.25%,2132
SDOT,2024-02-21,38,38,35,37.25,1.31,+3.64%,1299
SDOT,2024-02-22,37,37,35,36.49,-0.76,-2.04%,646
SDOT,2024-02-23,36,36.49,33.6,34.9,-1.59,-4.36%,1711
SDOT,2024-02-26,34,34,32.6,33.5,-1.4,-4.01%,1140
SDOT,2024-02-27,35,35.35,32.75,34.9,1.4,+4.18%,1309
SDOT,2024-02-28,34.43,35.35,33.73,35.28,0.38,+1.09%,383
SDOT,2024-02-29,35.33,35.85,33.41,35,-0.28,-0.79%,1192
SDOT,2024-03-01,34.52,35.03,33.8,34.33,-0.67,-1.91%,566
SDOT,2024-03-04,33.5,35.85,33.13,35.28,0.95,+2.77%,1372
SDOT,2024-03-05,34.9,35,33.11,34.86,-0.42,-1.19%,583
SDOT,2024-03-06,33.89,35,33.5,34.98,0.12,+0.34%,354
SDOT,2024-03-07,33.86,36.7,33.86,36.68,1.7,+4.86%,895
SDOT,2024-03-08,36.59,36.69,35.03,36.58,-0.1,-0.27%,688
SDOT,2024-03-11,36,36.7,35.52,36.59,0.01,+0.03%,451
SDOT,2024-03-12,36.99,38.37,36.4,37.27,0.68,+1.86%,1234
SDOT,2024-03-13,38,41,37.02,38.46,1.19,+3.19%,1894
SDOT,2024-03-14,39.6,40,38,39.3,0.84,+2.18%,1486
SDOT,2024-03-15,39,39,36.5,38.18,-1.12,-2.85%,2702
SDOT,2024-03-18,39,42.64,37,42.44,4.26,+11.16%,4200
SDOT,2024-03-19,42.7,42.7,36.8,38,-4.44,-10.46%,5137
SDOT,2024-03-20,42.11,42.54,37.5,40.28,2.28,+6.00%,8217
SDOT,2024-03-21,38.02,38.7,33.1,34.12,-6.16,-15.29%,7445
SDOT,2024-03-22,32.99,32.99,29.01,30.04,-4.08,-11.96%,5908
SDOT,2024-03-25,30.37,31.99,30,31.5,1.46,+4.86%,2234
SDOT,2024-03-26,31,31.5,28,28.88,-2.62,-8.32%,3301
SDOT,2024-03-27,29.09,30.88,28.04,29.8,0.92,+3.19%,1914
SDOT,2024-03-28,29.96,32.9,29,29.9,0.1,+0.34%,3238
SDOT,2024-04-01,31.39,31.4,30,30.4,0.5,+1.67%,426
SDOT,2024-04-02,31.67,31.67,28.81,30.8,0.4,+1.32%,2868
SDOT,2024-04-03,32,32.95,29.5,31.81,1.01,+3.28%,2270
SDOT,2024-04-04,32.89,32.89,31.51,32.59,0.78,+2.45%,1215
SDOT,2024-04-05,33.02,33.02,31.01,32.36,-0.23,-0.71%,578
SDOT,2024-04-08,32,32.28,29.51,31.56,-0.8,-2.47%,3969
SDOT,2024-04-09,31.92,31.98,29.85,31.07,-0.49,-1.55%,240
SDOT,2024-04-10,30.7,31.07,25,28.04,-3.03,-9.75%,3119
SDOT,2024-04-11,29,30.44,28.05,29.64,1.6,+5.71%,579
SDOT,2024-04-12,30,30.46,27.2,27.39,-2.25,-7.59%,936
SDOT,2024-04-15,28.4,28.4,23.01,23.55,-3.84,-14.02%,2847
SDOT,2024-04-16,24,27.5,24,24.91,1.36,+5.77%,905
SDOT,2024-04-17,25,25.99,22.44,22.44,-2.47,-9.92%,1530
SDOT,2024-04-18,23.4,26.61,23,25.8,3.36,+14.97%,1573
SDOT,2024-04-19,26.9,28.5,26,27.15,1.35,+5.23%,1160
SDOT,2024-04-22,28.25,28.49,27.2,27.59,0.44,+1.62%,627
SDOT,2024-04-23,28.2,28.2,27,27.91,0.32,+1.16%,341
SDOT,2024-04-24,30,30,27.01,27.72,-0.19,-0.68%,467
SDOT,2024-04-25,27.72,29.3,25,27.1,-0.62,-2.24%,734
SDOT,2024-04-26,27.03,28.42,27.03,27.03,-0.07,-0.26%,121
SDOT,2024-04-29,27.35,28.43,25.5,26.88,-0.15,-0.55%,317
SDOT,2024-04-30,27.84,27.84,26.12,27.08,0.2,+0.74%,284
SDOT,2024-05-01,26.5,26.5,24.02,25.53,-1.55,-5.72%,1047
SDOT,2024-05-02,25.26,27.01,25,25.55,0.02,+0.08%,373
SDOT,2024-05-03,26,27.25,25.17,25.5,-0.05,-0.20%,448
SDOT,2024-05-06,25.9,27,25.25,26,0.5,+1.96%,721
SDOT,2024-05-07,26,27.84,25.5,25.5,-0.5,-1.92%,485
SDOT,2024-05-08,25.5,27.98,25.18,26.5,1,+3.92%,1154
SDOT,2024-05-09,26.5,32.83,26.5,29.9,3.4,+12.83%,6845
SDOT,2024-05-10,30,32.86,28.24,31.11,1.21,+4.05%,1748
SDOT,2024-05-13,32.8,34.99,30.13,31.6,0.49,+1.58%,3733
SDOT,2024-05-14,31.9,33.8,31.9,33.24,1.64,+5.19%,2441
SDOT,2024-05-15,33.23,34.69,33,34.22,0.98,+2.95%,2017
SDOT,2024-05-16,26.79,30.99,26.79,28.53,-5.69,-16.63%,2610
SDOT,2024-05-17,29,31.55,27.5,29.09,0.56,+1.96%,1431
SDOT,2024-05-20,27.51,30,27,28.33,-0.76,-2.61%,1296
SDOT,2024-05-21,28.3,29.29,27.24,28,-0.33,-1.16%,1093
SDOT,2024-05-22,29.04,30,28.05,29.49,1.49,+5.32%,767
SDOT,2024-05-23,29.6,30.99,29,30,0.51,+1.73%,720
SDOT,2024-05-24,30,31.99,29,31.08,1.08,+3.60%,911
SDOT,2024-05-28,31.96,31.98,29.01,31.7,0.62,+1.99%,940
SDOT,2024-05-29,30.1,31.5,28,29.21,-2.49,-7.85%,1098
SDOT,2024-05-30,28.4,30.9,27.11,28,-1.21,-4.14%,1341
SDOT,2024-05-31,28.7,30,27.2,29.2,1.2,+4.29%,1660
SDOT,2024-06-03,30.4,30.4,24.6,27.56,-1.64,-5.62%,3219
SDOT,2024-06-04,27.47,29,26.4,28.67,1.11,+4.03%,968
SDOT,2024-06-05,27.54,28.99,27.5,28.88,0.21,+0.73%,647
SDOT,2024-06-06,29.1,29.2,28.01,28.78,-0.1,-0.35%,410
SDOT,2024-06-07,27,30,24.6,29.33,0.55,+1.91%,4225
SDOT,2024-06-10,29.5,31.65,27.16,27.5,-1.83,-6.24%,1857
SDOT,2024-06-11,27.7,29.49,27.7,28.29,0.79,+2.87%,258
SDOT,2024-06-12,28,29.1,26.14,27.52,-0.77,-2.72%,1625
SDOT,2024-06-13,26.56,28.02,26.5,27.48,-0.04,-0.15%,618
SDOT,2024-06-14,27,47.77,26.26,27.19,-0.29,-1.06%,56990
SDOT,2024-06-17,26.98,32.67,26.98,31.4,4.21,+15.48%,6581
SDOT,2024-06-18,30.46,35,30.01,32.22,0.82,+2.61%,5139
SDOT,2024-06-20,32,39.44,32,33.92,1.7,+5.28%,3516
SDOT,2024-06-21,34,41.5,33.1,41,7.08,+20.87%,4550
SDOT,2024-06-24,39,46,39,43,2,+4.88%,3973
SDOT,2024-06-25,43,49,42.97,45,2,+4.65%,3366
SDOT,2024-06-26,45.74,48.5,45.01,46.14,1.14,+2.53%,1191
SDOT,2024-06-27,46.2,46.2,40.5,41.02,-5.12,-11.10%,1744
SDOT,2024-06-28,40,40.96,38.17,38.17,-2.85,-6.95%,1322
SDOT,2024-07-01,38.17,41.83,36.27,39.01,0.84,+2.20%,816
SDOT,2024-07-02,40.4,49,37.13,43.01,4,+10.25%,8222
SDOT,2024-07-03,43.05,46,43.05,45.09,2.08,+4.84%,600
SDOT,2024-07-05,44,44.23,41.22,42.91,-2.18,-4.83%,822
SDOT,2024-07-08,42.05,45,40.18,43.49,0.58,+1.35%,2025
SDOT,2024-07-09,42.8,43.48,41,42.34,-1.15,-2.64%,710
SDOT,2024-07-10,42.33,44,40.05,42,-0.34,-0.80%,558
SDOT,2024-07-11,41.4,44.9,41.4,42.51,0.51,+1.21%,666
SDOT,2024-07-12,44.1,44.75,42,44.25,1.74,+4.09%,745
SDOT,2024-07-15,44.6,69.99,43.01,60.5,16.25,+36.72%,15605
SDOT,2024-07-16,58,64.99,52.5,58.7,-1.8,-2.98%,6604
SDOT,2024-07-17,58.69,58.69,54.6,57.3,-1.4,-2.39%,1488
SDOT,2024-07-18,57.8,58.98,49.15,52.09,-5.21,-9.09%,1816
SDOT,2024-07-19,50.53,53.98,50,51.5,-0.59,-1.13%,220
SDOT,2024-07-22,51,53.7,50,52.87,1.37,+2.66%,1154
SDOT,2024-07-23,53.84,61,51.55,57.7,4.83,+9.14%,1266
SDOT,2024-07-24,57.6,57.7,54.48,55.6,-2.1,-3.64%,1574
SDOT,2024-07-25,55.6,58.99,55,56.04,0.44,+0.79%,741
SDOT,2024-07-26,56,57.88,53.64,54.86,-1.18,-2.11%,718
SDOT,2024-07-29,55,55.92,44,49,-5.86,-10.68%,4696
SDOT,2024-07-30,49.96,53.69,49,49.58,0.58,+1.18%,380
SDOT,2024-07-31,50.55,51.9,44.91,47.32,-2.26,-4.56%,1143
SDOT,2024-08-01,46.1,50.72,46.1,47.86,0.54,+1.14%,666
SDOT,2024-08-02,47,47.2,43.5,44.1,-3.76,-7.86%,836
SDOT,2024-08-05,44.8,45,37.03,42.4,-1.7,-3.85%,2063
SDOT,2024-08-06,44,44.09,42,42.98,0.58,+1.37%,295
SDOT,2024-08-07,43.08,44.68,40.5,41,-1.98,-4.61%,1075
SDOT,2024-08-08,41,42.63,39.51,41.02,0.02,+0.05%,373
SDOT,2024-08-09,42,47,40,44.15,3.13,+7.63%,633
SDOT,2024-08-12,47,49.99,42.44,45.01,0.86,+1.95%,3050
SDOT,2024-08-13,45,48.99,44.5,45.5,0.49,+1.09%,11378
SDOT,2024-08-14,52,54,47.16,50,4.5,+9.89%,8442
SDOT,2024-08-15,49,55,41.63,47.94,-2.06,-4.12%,6288
SDOT,2024-08-16,49,49,44,47.01,-0.93,-1.94%,980
SDOT,2024-08-19,48,52.8,47,49.82,2.81,+5.98%,4549
SDOT,2024-08-20,50.5,52.3,47,47.6,-2.22,-4.46%,1233
SDOT,2024-08-21,47.9,49,44,49,1.4,+2.94%,1405
SDOT,2024-08-22,48.1,50.37,44.12,45.79,-3.21,-6.55%,1351
SDOT,2024-08-23,45.54,47.62,42.22,46.19,0.4,+0.87%,1869
SDOT,2024-08-26,46.15,48.03,42.9,44.24,-1.95,-4.22%,1229
SDOT,2024-08-27,43,46,42.7,44.72,0.48,+1.08%,1678
SDOT,2024-08-28,44.85,46.49,41,41.2,-3.52,-7.87%,1863
SDOT,2024-08-29,42.8,42.84,39.27,40.58,-0.62,-1.50%,2506
SDOT,2024-08-30,40,41,37.6,38.66,-1.92,-4.73%,2226
SDOT,2024-09-03,39,39,31.11,33.54,-5.12,-13.24%,6993
SDOT,2024-09-04,34,36.53,32.3,36.36,2.82,+8.41%,815
SDOT,2024-09-05,36.36,36.36,33.6,33.6,-2.76,-7.59%,949
SDOT,2024-09-06,34,36.71,33.31,34.8,1.2,+3.57%,689
SDOT,2024-09-09,34,36.99,34,36.9,2.1,+6.03%,502
SDOT,2024-09-10,37.05,37.5,33.3,35.61,-1.29,-3.50%,1004
SDOT,2024-09-11,36,36.5,34,36.49,0.88,+2.47%,1370
SDOT,2024-09-12,36.22,39,34.22,37.45,0.96,+2.63%,1365
SDOT,2024-09-13,36,39,34.5,38.99,1.54,+4.11%,1105
SDOT,2024-09-16,38,38,35.11,36.24,-2.75,-7.05%,1175
SDOT,2024-09-17,37.19,37.2,34.43,34.5,-1.74,-4.80%,1188
SDOT,2024-09-18,35,35.89,32.67,32.67,-1.83,-5.30%,1304
SDOT,2024-09-19,33,34,31.11,33,0.33,+1.01%,3159
SDOT,2024-09-20,33.62,34,32.5,33.8,0.8,+2.42%,3518
SDOT,2024-09-23,34,36.21,33.9,35.43,1.63,+4.82%,1315
SDOT,2024-09-24,36.01,36.8,34.44,35.97,0.54,+1.52%,424
SDOT,2024-09-25,36.7,38,34.44,37.8,1.83,+5.09%,883
SDOT,2024-09-26,38,42.27,37.8,40.8,3,+7.94%,2064
SDOT,2024-09-27,42.5,42.99,39.71,42.8,2,+4.90%,591
SDOT,2024-09-30,42.8,43.5,39.29,42.4,-0.4,-0.93%,1687
SDOT,2024-10-01,41.14,42,35,36.8,-5.6,-13.21%,1864
SDOT,2024-10-02,38.64,39,35,36.78,-0.02,-0.05%,1199
SDOT,2024-10-03,36.78,36.95,34,34.1,-2.68,-7.29%,826
SDOT,2024-10-04,34.8,36.85,33.12,34.5,0.4,+1.17%,2807
SDOT,2024-10-07,34.5,39,34.2,36.4,1.9,+5.51%,1628
SDOT,2024-10-08,35.31,37,31.8,32.8,-3.6,-9.89%,2889
SDOT,2024-10-09,32.8,32.8,31.4,31.55,-1.25,-3.81%,662
SDOT,2024-10-10,31.55,33.05,30.95,31.7,0.15,+0.48%,575
SDOT,2024-10-11,31.7,34,31.1,33.12,1.42,+4.48%,1469
SDOT,2024-10-14,33.12,34.88,32.9,33,-0.12,-0.36%,1831
SDOT,2024-10-15,35,35,33.01,33.06,0.06,+0.18%,1581
SDOT,2024-10-16,33.06,34.73,27.12,30,-3.06,-9.26%,11096
SDOT,2024-10-17,30.6,31.21,25.45,30.7,0.7,+2.33%,16653
SDOT,2024-10-18,30,33,27.1,31.6,0.9,+2.93%,13180
SDOT,2024-10-21,32,34,30.501,33.3,1.7,+5.38%,9060
SDOT,2024-10-22,32.5,37.5,32.2,37.5,4.2,+12.61%,4370
SDOT,2024-10-23,37.7,40,33.6,36.4,-1.1,-2.93%,15780
SDOT,2024-10-24,34.7,36.5,32.647,35.1,-1.3,-3.57%,4520
SDOT,2024-10-25,30.3,33.771,28.1,28.4,-6.7,-19.09%,11770
SDOT,2024-10-28,28.3,28.3,24.4,25.2,-3.2,-11.27%,11250
SDOT,2024-10-29,25.5,28.9,25.3,27.5,2.3,+9.13%,5920
SDOT,2024-10-30,27.1,28.38,26,26,-1.5,-5.45%,1620
SDOT,2024-10-31,25.7,31.5,25.7,27.6,1.6,+6.15%,13100
SDOT,2024-11-01,28,31.486,25.75,26.003,-1.597,-5.79%,6660
SDOT,2024-11-04,27.3,30.7,26.478,28.2,2.197,+8.45%,12050
SDOT,2024-11-05,28.3,28.9,27.2,27.9,-0.3,-1.06%,3510
SDOT,2024-11-06,29.34,29.859,27.5,28.6,0.7,+2.51%,2550
SDOT,2024-11-07,29.5,31.018,28.8,30.3,1.7,+5.94%,3330
SDOT,2024-11-08,32.8,38.1,31.6,37.4,7.1,+23.43%,10080
SDOT,2024-11-11,39.4,41.95,36.95,38.1,0.7,+1.87%,4300
SDOT,2024-11-12,36.8,38.615,36.6,37.9,-0.2,-0.52%,5450
SDOT,2024-11-13,39,39,31.3,35.6,-2.3,-6.07%,8890
SDOT,2024-11-14,34.9,36.781,34.9,34.9,-0.7,-1.97%,1320
SDOT,2024-11-15,34.9,35.1,32,33.6,-1.3,-3.72%,2120
SDOT,2024-11-18,32.8,33.5,28.3,29.8,-3.8,-11.31%,6260
SDOT,2024-11-19,30.3,32.061,29.6,30.2,0.4,+1.34%,3950
SDOT,2024-11-20,32.5,41,32.5,37,6.8,+22.52%,23390
SDOT,2024-11-21,38.1,38.1,34,35.3,-1.7,-4.59%,3620
SDOT,2024-11-22,34.6,35.8,32.5,33.6,-1.7,-4.82%,3600
SDOT,2024-11-25,34,36.8,32.9,35.6,2,+5.95%,4347
SDOT,2024-11-26,37.5,40.8,37,40,4.4,+12.36%,26324
SDOT,2024-11-27,41.5,47.925,40,43.2,3.2,+8.00%,24180
SDOT,2024-11-29,47.8,57,47.8,52.5,9.3,+21.53%,22880
SDOT,2024-12-02,55.7,55.7,37.2,42.3,-10.2,-19.43%,52770
SDOT,2024-12-03,44,44.058,39.2,42.8,0.5,+1.18%,16050
SDOT,2024-12-04,43.2,43.9,41.1,42.5,-0.3,-0.70%,7440
SDOT,2024-12-05,42.3,42.3,37.2,38.6,-3.9,-9.18%,14480
SDOT,2024-12-06,39.6,41,37.3,37.35,-1.25,-3.24%,10940
SDOT,2024-12-09,38.9,38.9,34,36.2,-1.15,-3.08%,14610
SDOT,2024-12-10,36.2,39.9,34.5,39.7,3.5,+9.67%,7930
SDOT,2024-12-11,39.7,43.9,35.6,39.1,-0.6,-1.51%,12950
SDOT,2024-12-12,38.7,39,36.6,38.7,-0.4,-1.02%,5640
SDOT,2024-12-13,38.7,40.825,37.5,39.6,0.9,+2.33%,5210
SDOT,2024-12-16,39.7,41.982,38.7,39.5,-0.1,-0.25%,7250
SDOT,2024-12-17,39.2,41.2,37.4,39.1,-0.4,-1.01%,3380
SDOT,2024-12-18,39.4,40.8,38,38.4,-0.7,-1.79%,3130
SDOT,2024-12-19,39.2,39.5,35,37.2,-1.2,-3.13%,5600
SDOT,2024-12-20,36.1,38,34.6,36.4,-0.8,-2.15%,5730
SDOT,2024-12-23,35.6,37.347,33.4,33.6,-2.8,-7.69%,3710
SDOT,2024-12-24,33.5,34.17,32.5,33.9,0.3,+0.89%,1280
SDOT,2024-12-26,32.7,35.2,32.7,34.7,0.8,+2.36%,4110
SDOT,2024-12-27,34.5,35.341,33.7,34.6,-0.1,-0.29%,1560
SDOT,2024-12-30,34.7,37.8,33.153,36.2,1.6,+4.62%,3720
SDOT,2024-12-31,36.7,38.691,36.25,37.9,1.7,+4.70%,2670
SDOT,2025-01-02,38.5,40.8,37.125,38.3,0.4,+1.06%,3930
SDOT,2025-01-03,39.5,39.7,36.7,38.2,-0.1,-0.26%,3760
SDOT,2025-01-06,38,39.7,36,37,-1.2,-3.14%,9950
SDOT,2025-01-07,36.9,39.573,34.8,39.1,2.1,+5.68%,8150
SDOT,2025-01-08,37.33,40.5,37.33,39,-0.1,-0.26%,5590
SDOT,2025-01-10,38.6,38.6,36.3,36.5,-2.5,-6.41%,2210
SDOT,2025-01-13,37.1,37.1,35.09,35.4,-1.1,-3.01%,3230
SDOT,2025-01-14,36.4,37.1,32.6,35.9,0.5,+1.41%,6000
SDOT,2025-01-15,36,36.1,33.391,34.3,-1.6,-4.46%,2500
SDOT,2025-01-16,34.367,34.7,33,33.9,-0.4,-1.17%,3880
SDOT,2025-01-17,34,35.8,33,34.15,0.25,+0.74%,3180
SDOT,2025-01-21,34.1,34.85,30.7,31.5,-2.65,-7.76%,6810
SDOT,2025-01-22,31.8,33.2,29.307,30.8,-0.7,-2.22%,9280
SDOT,2025-01-23,32.6,34,29.5,29.7,-1.1,-3.57%,3870
SDOT,2025-01-24,30.2,31,30,30.2,0.5,+1.68%,1720
SDOT,2025-01-27,30.4,32.4,30,30.4,0.2,+0.66%,3220
SDOT,2025-01-28,31,31,27.8,29.1,-1.3,-4.28%,3470
SDOT,2025-01-29,29,30.599,28.7,29.7,0.6,+2.06%,1060
SDOT,2025-01-30,29.9,31.529,27.4,28.5,-1.2,-4.04%,7540
SDOT,2025-01-31,29.1,29.1,26.701,27.6,-0.9,-3.16%,5070
SDOT,2025-02-03,27.4,27.4,25.501,26,-1.6,-5.80%,3500
SDOT,2025-02-04,26.1,28,25.2,27.4,1.4,+5.38%,2250
SDOT,2025-02-05,28.2,28.7,27.549,27.9,0.5,+1.82%,890
SDOT,2025-02-06,28.7,28.7,26.916,27.4,-0.5,-1.79%,590
SDOT,2025-02-07,27.4,28.5,27,27,-0.4,-1.46%,970
SDOT,2025-02-10,28,28.1,27.5,28,1,+3.70%,850
SDOT,2025-02-11,27.1,28,26.4,27,-1.,-3.57%,1510
SDOT,2025-02-12,27.5,29,27.4,27.6,0.6,+2.22%,2320
SDOT,2025-02-13,29,29.5,27.1,27.9,0.3,+1.09%,3830
SDOT,2025-02-14,28.1,29.3,28,28.91,1.01,+3.62%,1250
SDOT,2025-02-18,29,32.9,28.8,32.1,3.19,+11.03%,8560
SDOT,2025-02-19,31.6,32.9,31.5,31.5,-0.6,-1.87%,3500
SDOT,2025-02-20,30.6,33.2,30.1,33.1,1.6,+5.08%,3550
SDOT,2025-02-21,32.9,33.9,31.899,33.8,0.7,+2.11%,760
SDOT,2025-02-24,32.9,34.6,31.233,33.5,-0.3,-0.89%,2590
SDOT,2025-02-25,32,35.6,32,35.6,2.1,+6.27%,2760
SDOT,2025-02-26,34.6,35.064,33.3,34.392,-1.208,-3.39%,910
SDOT,2025-02-27,32.3,35.116,32.3,33.6,-0.792,-2.30%,520
SDOT,2025-02-28,33.7,34.887,31.3,34.5,0.9,+2.68%,1190
SDOT,2025-03-03,31.8,34.3,31.6,31.6,-2.9,-8.41%,2570
SDOT,2025-03-04,31.6,31.6,28.65,31,-0.6,-1.90%,2520
SDOT,2025-03-05,31.4,32.1,30.7,31,0,0.00%,1330
SDOT,2025-03-06,31.9,32.4,31.6,32.3,1.3,+4.19%,1260
SDOT,2025-03-07,30.7,32.1,29,32,-0.3,-0.93%,880
SDOT,2025-03-10,32.5,32.5,30,30.7,-1.3,-4.06%,820
SDOT,2025-03-11,31.9,31.9,29.9,30.8,0.1,+0.33%,2580
SDOT,2025-03-12,30.5,33,29.5,32.4,1.6,+5.19%,3310
SDOT,2025-03-13,32.4,32.4,29.1,30.199,-2.201,-6.79%,5900
SDOT,2025-03-14,30.2,31.1,29.938,30.4,0.201,+0.67%,1370
SDOT,2025-03-17,30,30.214,28.1,29.2,-1.2,-3.95%,3070
SDOT,2025-03-18,29.9,30.69,28.7,29.65,0.45,+1.54%,2770
SDOT,2025-03-19,29.5,29.5,28.2,29.3,-0.35,-1.18%,1020
SDOT,2025-03-20,29.7,30.5,29.65,29.65,0.35,+1.19%,350
SDOT,2025-03-21,29.9,30,28.7,28.9,-0.75,-2.53%,1490
SDOT,2025-03-24,28.9,28.9,27.399,28.4,-0.5,-1.73%,3440
SDOT,2025-03-25,28.1,28.786,27.411,27.8,-0.6,-2.11%,580
SDOT,2025-03-26,28.1,28.5,27.4,28.5,0.7,+2.52%,470
SDOT,2025-03-27,27.7,28.7,27.6,27.9,-0.6,-2.11%,1090
SDOT,2025-03-28,27.65,27.65,26.9,27,-0.9,-3.23%,820
SDOT,2025-03-31,26.4,26.8,25.4,26.8,-0.2,-0.74%,790
SDOT,2025-04-01,26,26.45,25.8,26.1,-0.7,-2.61%,1560
SDOT,2025-04-02,26.5,26.9,25.9,26,-0.1,-0.38%,1630
SDOT,2025-04-03,25.8,26.81,25,25.6,-0.4,-1.54%,2080
SDOT,2025-04-04,25,26.899,22.14,22.9,-2.7,-10.55%,3620
SDOT,2025-04-07,21.3,23.4,21,21.2,-1.7,-7.42%,3030
SDOT,2025-04-08,21.9,22.653,20.7,21,-0.2,-0.94%,2770
SDOT,2025-04-09,20.463,23.1,20.463,22.8,1.8,+8.57%,1550
SDOT,2025-04-10,21,23.4,19.201,19.663,-3.137,-13.76%,3490
SDOT,2025-04-11,19,20.9,19,19,-0.663,-3.37%,3220
SDOT,2025-04-14,19.3,19.7,18.4,18.5,-0.5,-2.63%,1450
SDOT,2025-04-15,18.5,19.347,18.5,18.8,0.3,+1.62%,1480
SDOT,2025-04-16,19.06,19.06,17.05,17.4,-1.4,-7.45%,2500
SDOT,2025-04-17,17.1,19.5,17.1,18.8,1.4,+8.05%,2260
SDOT,2025-04-21,18.5,18.799,16.7,16.7,-2.1,-11.17%,3130
SDOT,2025-04-22,16.8,17.8,16.5,16.5,-0.2,-1.20%,2310
SDOT,2025-04-23,16.9,17.799,16.5,16.75,0.25,+1.52%,2390
SDOT,2025-04-24,16.8,18.6,16.8,18.1,1.35,+8.06%,2370
SDOT,2025-04-25,18.2,18.7,17.504,17.9,-0.2,-1.10%,1990
SDOT,2025-04-28,17.9,17.9,17.611,17.784,-0.116,-0.65%,600
SDOT,2025-04-29,17.8,17.8,16.2,16.25,-1.534,-8.63%,6260
SDOT,2025-04-30,16.2,16.8,15.1,16.1,-0.15,-0.92%,1730
SDOT,2025-05-01,16.1,16.299,15.5,15.663,-0.437,-2.71%,5120
SDOT,2025-05-02,16,16.5,15.304,15.7,0.037,+0.24%,3500
SDOT,2025-05-05,15.5,15.5,14.6,14.6,-1.1,-7.01%,7180
SDOT,2025-05-06,14.5,14.6,13.9,14,-0.6,-4.11%,4530
SDOT,2025-05-07,14.3,14.75,12.9,13.153,-0.847,-6.05%,2750
SDOT,2025-05-08,13.2,13.398,12.603,13.059,-0.094,-0.71%,1920
SDOT,2025-05-09,14,14,13.3,13.7,0.641,+4.91%,4010
SDOT,2025-05-12,13.8,14.991,13.8,14.8,1.1,+8.03%,9030
SDOT,2025-05-13,14.6,14.628,13.29,13.3,-1.5,-10.14%,5740
SDOT,2025-05-14,14.1,14.1,12,12.8,-0.5,-3.76%,11480
SDOT,2025-05-15,13.1,14.6,12.3,12.8,0,0.00%,16720
SDOT,2025-05-16,12.8,13.15,12.3,12.9,0.1,+0.78%,7940
SDOT,2025-05-19,13.5,14.1,12.2,12.5,-0.4,-3.10%,18620
SDOT,2025-05-20,12.7,12.9,12.4,12.4,-0.1,-0.80%,3850
SDOT,2025-05-21,12.4,13,11.8,12,-0.4,-3.23%,4940
SDOT,2025-05-22,12,12.2,11.2,11.962,-0.038,-0.32%,4180
SDOT,2025-05-23,12.6,12.8,11.5,12.4,0.438,+3.66%,8910
SDOT,2025-05-27,12.4,12.8,12.1,12.3,-0.1,-0.81%,4200
SDOT,2025-05-28,12.8,13,12.1,12.2,-0.1,-0.81%,10770
SDOT,2025-05-29,12.1,12.5,11.8,11.8,-0.4,-3.28%,5010
SDOT,2025-05-30,11.4,11.8,11.3,11.3,-0.5,-4.24%,5130
SDOT,2025-06-02,11.3,12.613,11.2,11.7,0.4,+3.54%,9020
SDOT,2025-06-03,11.7,12.3,11.7,12,0.3,+2.56%,6700
SDOT,2025-06-04,12.1,12.25,11.6,12,0,0.00%,8640
SDOT,2025-06-05,12.1,12.499,11.7,11.799,-0.201,-1.68%,4050
SDOT,2025-06-06,11.9,12.16,11.77,11.9,0.101,+0.86%,3380
SDOT,2025-06-09,12.1,12.414,11.7,11.7,-0.2,-1.68%,10520
SDOT,2025-06-10,12.3,12.3,11.5,11.6,-0.1,-0.85%,16500
SDOT,2025-06-11,12.1,14.7,11.7,14.7,3.1,+26.72%,97680
SDOT,2025-06-12,14.8,16.2,13.6,14.1,-0.6,-4.08%,211340
SDOT,2025-06-13,14.1,17.9,14.1,17.2,3.1,+21.99%,322740
SDOT,2025-06-16,17.2,20.6,16,19.3,2.1,+12.21%,133450
SDOT,2025-06-17,19.3,20.6,17.3,18.4,-0.9,-4.66%,77950
SDOT,2025-06-18,18,18.3,14.5,15.3,-3.1,-16.85%,92400
SDOT,2025-06-20,15.3,15.35,13.7,13.7,-1.6,-10.46%,38710
SDOT,2025-06-23,13.8,14.9,13.3,14.4,0.7,+5.11%,23640
SDOT,2025-06-24,14.2,15.195,13.95,15,0.6,+4.17%,18000
SDOT,2025-06-25,15.1,15.2,14.15,14.9,-0.1,-0.67%,19460
SDOT,2025-06-26,14.862,15.8,14.7,15.3,0.4,+2.68%,14310
SDOT,2025-06-27,14.9,15.1,13.7,13.9,-1.4,-9.15%,24480
SDOT,2025-06-30,14.1,14.1,12.9,13.2,-0.7,-5.04%,16860
SDOT,2025-07-01,13.2,15.175,12.9,14.1,0.9,+6.82%,37800
SDOT,2025-07-02,14.2,14.4,13.4,13.8,-0.3,-2.13%,12150
SDOT,2025-07-03,14.1,14.202,13.6,13.9,0.1,+0.72%,3210
SDOT,2025-07-07,14.5,14.5,12.8,13,-0.9,-6.47%,15540
SDOT,2025-07-08,12.9,13.6,12.9,13.4,0.4,+3.08%,5920
SDOT,2025-07-09,13.5,13.9,13.45,13.7,0.3,+2.24%,6440
SDOT,2025-07-10,13.7,13.8,13.2,13.2,-0.5,-3.65%,3720
SDOT,2025-07-11,13.1,13.301,12.508,12.8,-0.4,-3.03%,13910
SDOT,2025-07-14,12.8,13.6,12.8,12.9,0.1,+0.78%,5270
SDOT,2025-07-15,13,13.2,12.85,12.897,-0.003,-0.02%,6680
SDOT,2025-07-16,13,13.2,12.8,12.9,0.003,+0.02%,5650
SDOT,2025-07-17,13.4,14.2,13,13.8,0.9,+6.98%,9310
SDOT,2025-07-18,14,14.2,13.901,14.1,0.3,+2.17%,4130
SDOT,2025-07-21,14.3,15.2,14.3,15.2,1.1,+7.80%,12320
SDOT,2025-07-22,15.9,18.5,15.893,17.9,2.7,+17.76%,42460
SDOT,2025-07-23,18.8,23,15,15.6,-2.3,-12.85%,237029
SDOT,2025-07-24,10.9,11.5,10.4,11,-4.6,-29.49%,557970
SDOT,2025-07-25,11.5,11.5,10.5,10.8,-0.2,-1.82%,118860
SDOT,2025-07-28,10.7,10.7,9.448,9.501,-1.299,-12.03%,87880
SDOT,2025-07-29,9.52,10.25,9.5,9.729,0.228,+2.40%,39820
SDOT,2025-07-30,9.6,9.94,9.1,9.299,-0.43,-4.42%,39950
SDOT,2025-07-31,9.1,9.401,8.691,8.876,-0.423,-4.55%,23440
SDOT,2025-08-01,9.053,9.053,8.5,8.667,-0.209,-2.35%,19630
SDOT,2025-08-04,8.6,8.74,8.4,8.474,-0.193,-2.23%,14860
SDOT,2025-08-05,8.546,8.7,8.4,8.485,0.011,+0.13%,11100
SDOT,2025-08-06,8.8,9.5,8.601,9.1,0.615,+7.25%,33030
SDOT,2025-08-07,9.356,9.5,8.8,9.05,-0.05,-0.55%,28630
SDOT,2025-08-08,9.503,9.503,9.1,9.231,0.181,+2.00%,13260
SDOT,2025-08-11,9.45,9.45,8.6,8.803,-0.428,-4.64%,19040
SDOT,2025-08-12,8.996,9.24,8.5,8.8,-0.003,-0.03%,17370
SDOT,2025-08-13,8.9,9.8,8.71,9.449,0.649,+7.38%,24430
SDOT,2025-08-14,9.4,9.449,8.938,9.3,-0.149,-1.58%,15320
SDOT,2025-08-15,9.1,9.359,8.817,9.15,-0.15,-1.61%,21270
SDOT,2025-08-18,9,9.6,8.97,9.551,0.401,+4.38%,17180
SDOT,2025-08-19,9.6,9.6,9.075,9.12,-0.431,-4.51%,11840
SDOT,2025-08-20,9.1,9.1,8.7,8.708,-0.412,-4.52%,9340
SDOT,2025-08-21,8.7,9.291,8.5,8.9,0.192,+2.20%,11030
SDOT,2025-08-22,8.8,9.35,8.8,9.201,0.301,+3.38%,8950
SDOT,2025-08-25,9.3,9.5,9.1,9.4,0.199,+2.16%,7490
SDOT,2025-08-26,9.3,9.4,9.025,9.258,-0.142,-1.51%,10000
SDOT,2025-08-27,9.251,9.5,9.2,9.415,0.157,+1.70%,14140
SDOT,2025-08-28,9.2,9.4,9.1,9.297,-0.118,-1.25%,8740
SDOT,2025-08-29,9.2,9.362,8.8,9.225,-0.072,-0.77%,7530
SDOT,2025-09-02,9.2,9.399,8.968,9.194,-0.031,-0.34%,7100
SDOT,2025-09-03,9.4,9.4,8.9,9.216,0.022,+0.24%,7600
SDOT,2025-09-04,9.374,9.374,9,9.111,-0.105,-1.14%,42320
SDOT,2025-09-05,9.1,9.114,8.9,9.05,-0.061,-0.67%,5370
SDOT,2025-09-08,9.2,9.3,9.05,9.099,0.049,+0.54%,4800
SDOT,2025-09-09,9.1,11,9.07,10.8,1.701,+18.69%,118380
SDOT,2025-09-10,10.5,10.5,9.612,9.613,-1.187,-10.99%,39710
SDOT,2025-09-11,7.5,8.882,7.446,7.93,-1.683,-17.51%,93170
SDOT,2025-09-12,7.99,8,7.2,7.276,-0.654,-8.25%,56760
SDOT,2025-09-15,7,8.25,7,8.25,0.974,+13.39%,73700
SDOT,2025-09-16,7.85,7.905,7.45,7.82,-0.43,-5.21%,49400
SDOT,2025-09-17,7.9,8,7.52,7.6,-0.22,-2.81%,53200
SDOT,2025-09-18,7.58,7.8988,7.4901,7.78,0.18,+2.37%,19800
SDOT,2025-09-19,7.8,7.85,7.65,7.67,-0.11,-1.41%,27300
SDOT,2025-09-22,7.59,7.6,6.91,7.03,-0.64,-8.34%,38800
SDOT,2025-09-23,7.04,7.12,6.91,7.01,-0.02,-0.28%,50800
SDOT,2025-09-24,6.8,6.8,5.86,6.02,-0.99,-14.12%,109700
SDOT,2025-09-25,5.98,6.035,5.28,5.55,-0.47,-7.81%,128200
SDOT,2025-09-26,5.45,5.7871,5.25,5.25,-0.3,-5.41%,68800
SDOT,2025-09-29,5.33,6.32,5.27,5.83,0.58,+11.05%,126200
SDOT,2025-09-30,5.83,5.9,5.44,5.56,-0.27,-4.63%,53400
SDOT,2025-10-01,5.56,5.94,5.5,5.58,0.02,+0.36%,26100
SDOT,2025-10-02,5.67,6.04,5.51,6.02,0.44,+7.89%,41900
SDOT,2025-10-03,6.03,6.22,6,6.16,0.14,+2.33%,29000
SDOT,2025-10-06,6.16,6.16,5.8379,5.98,-0.18,-2.92%,35600
SDOT,2025-10-07,6.04,6.04,5.62,5.62,-0.36,-6.02%,58900
SDOT,2025-10-08,5.76,5.8919,5.31,5.49,-0.13,-2.31%,104000
SDOT,2025-10-09,5.56,5.6973,5.35,5.5,0.01,+0.18%,71400
SDOT,2025-10-10,5.49,5.53,5.26,5.31,-0.19,-3.45%,50400
SDOT,2025-10-13,5.49,5.49,5,5.162,-0.148,-2.79%,39000
SDOT,2025-10-14,5.2,5.42,5.15,5.19,0.028,+0.54%,5548800
SDOT,2025-10-15,11,13.02,7.08,7.72,2.53,+48.75%,20319600
SDOT,2025-10-16,6.7,7.298,6.27,7.19,-0.53,-6.87%,551700
SDOT,2025-10-17,5.84,6.25,5.55,6.03,-1.16,-16.13%,425300
SDOT,2025-10-20,5.77,6.07,5.6,5.86,-0.17,-2.82%,117700
SDOT,2025-10-21,5.76,6.39,5.76,6.13,0.27,+4.61%,120700
SDOT,2025-10-22,5.8,6.68,5.8,5.89,-0.24,-3.92%,136900
SDOT,2025-10-23,5.78,6.25,5.77,6.095,0.205,+3.48%,43100
SDOT,2025-10-24,5.97,6.6,5.97,6.43,0.335,+5.50%,59200
SDOT,2025-10-27,6.62,6.87,6.39,6.85,0.42,+6.53%,66200
SDOT,2025-10-28,7.14,7.29,6.09,6.25,-0.6,-8.76%,144600
SDOT,2025-10-29,6.23,6.5287,6.07,6.41,0.16,+2.56%,27100
SDOT,2025-10-30,6.36,6.36,5.85,6.29,-0.12,-1.87%,41500
SDOT,2025-10-31,6.15,6.6,5.96,6.04,-0.25,-3.97%,67900
SDOT,2025-11-03,6.04,6.28,5.51,5.51,-0.53,-8.77%,40900
SDOT,2025-11-04,5.52,5.78,5,5.07,-0.44,-7.99%,212900
SDOT,2025-11-05,5.18,5.24,4.78,4.95,-0.12,-2.37%,56600
SDOT,2025-11-06,4.9,4.91,4.6191,4.69,-0.26,-5.25%,50400
SDOT,2025-11-07,4.69,4.915,4.6,4.83,0.14,+2.99%,33100
SDOT,2025-11-10,5.09,5.3,4.92,5.02,0.19,+3.93%,34500
SDOT,2025-11-11,5.02,5.13,4.85,5.1,0.08,+1.59%,29500
SDOT,2025-11-12,5.12,5.14,4.85,4.94,-0.16,-3.14%,32600
SDOT,2025-11-13,5.03,5.085,4.82,4.97,0.03,+0.61%,31800
SDOT,2025-11-14,4.89,5.0499,4.81,4.86,-0.11,-2.21%,22000
SDOT,2025-11-17,4.8,5.02,4.38,4.48,-0.38,-7.82%,63800
SDOT,2025-11-18,3.32,3.7,3,3.58,-0.9,-20.09%,147100
SDOT,2025-11-19,3.56,3.6,3.33,3.47,-0.11,-3.07%,50600
SDOT,2025-11-20,3.45,3.52,2.6,2.655,-0.815,-23.49%,148800
SDOT,2025-11-21,2.65,2.75,2.51,2.63,-0.025,-0.94%,93100
SDOT,2025-11-24,2.64,2.84,2.43,2.615,-0.015,-0.57%,76300
SDOT,2025-11-25,2.62,2.725,2.502,2.71,0.095,+3.63%,26500
SDOT,2025-11-26,2.79,3,2.7378,2.88,0.17,+6.27%,54400
SDOT,2025-11-28,2.88,3.06,2.865,2.99,0.11,+3.82%,19300
SDOT,2025-12-01,2.98,3.045,2.87,2.88,-0.11,-3.68%,30900
SDOT,2025-12-02,3.0236,3.0497,2.738,2.84,-0.04,-1.39%,51600
SDOT,2025-12-03,3.09,3.37,2.965,3.3,0.46,+16.20%,79500
SDOT,2025-12-04,3.33,3.39,3.17,3.36,0.06,+1.82%,31800
SDOT,2025-12-05,3.54,3.54,3.19,3.38,0.02,+0.60%,12100
SDOT,2025-12-08,3.37,3.4499,3.23,3.23,-0.15,-4.44%,15400
SDOT,2025-12-09,3.2,3.26,2.92,2.9815,-0.2485,-7.69%,36100
SDOT,2025-12-10,3.02,3.05,2.76,2.99,0.0085,+0.29%,18400
SDOT,2025-12-11,2.97,3.01,2.9142,2.92,-0.07,-2.34%,10200
SDOT,2025-12-12,2.93,2.9685,2.66,2.68,-0.24,-8.22%,28300
SDOT,2025-12-15,2.71,2.71,2.07,2.07,-0.61,-22.76%,86400
SDOT,2025-12-16,2.27,2.27,2.072,2.19,0.12,+5.80%,21300
SDOT,2025-12-17,2.19,2.2,2.1,2.1,-0.09,-4.11%,16700
SDOT,2025-12-18,2,2.08,1.95,2.02,-0.08,-3.81%,34600
SDOT,2025-12-19,1.98,2,1.9,1.94,-0.08,-3.96%,33100
SDOT,2025-12-22,1.97,1.9819,1.82,1.84,-0.1,-5.15%,35200
SDOT,2025-12-23,1.86,1.8701,1.65,1.675,-0.165,-8.97%,34100
SDOT,2025-12-24,1.67,1.6965,1.57,1.61,-0.065,-3.88%,19400
SDOT,2025-12-26,1.5499,2.49,1.2001,1.92,0.31,+19.25%,1872900
SDOT,2025-12-29,1.75,1.77,1.25,1.31,-0.61,-31.77%,268000
SDOT,2025-12-30,1.32,1.42,1.28,1.295,-0.015,-1.15%,124400
SDOT,2025-12-31,1.3,1.3,1.17,1.21,-0.085,-6.56%,151900
SDOT,2026-01-02,1.24,2.4599,1.2112,1.75,0.54,+44.63%,10884800
SDOT,2026-01-05,1.56,1.83,1.53,1.77,0.02,+1.14%,723700
SDOT,2026-01-06,1.74,2.19,1.74,2.08,0.31,+17.51%,366800
SDOT,2026-01-07,2,2.18,1.91,2.12,0.04,+1.92%,174300
SDOT,2026-01-08,2.07,2.73,2.07,2.41,0.29,+13.68%,445400
SDOT,2026-01-09,2.39,2.55,2.25,2.54,0.13,+5.39%,191700
SDOT,2026-01-12,2.64,4.66,2.58,3.71,1.17,+46.06%,6403600
SDOT,2026-01-13,3.25,4.1742,3.15,3.42,-0.29,-7.82%,456200
SDOT,2026-01-14,3.37,3.41,3.15,3.23,-0.19,-5.56%,135000
SDOT,2026-01-15,3.21,3.21,2.551,2.83,-0.4,-12.38%,161400
SDOT,2026-01-16,2.75,3.4976,2.74,3.44,0.61,+21.55%,113400
SDOT,2026-01-20,3.34,3.4099,3.04,3.3785,-0.0615,-1.79%,129500
SDOT,2026-01-21,3.39,3.39,3.04,3.26,-0.1185,-3.51%,82700
SDOT,2026-01-22,3.27,3.27,3.09,3.16,-0.1,-3.07%,60400
SDOT,2026-01-23,3.17,3.17,2.935,3.06,-0.1,-3.16%,35400
SDOT,2026-01-26,2.99,3.02,2.835,3,-0.06,-1.96%,21100
SDOT,2026-01-27,3,3.5,2.83,3.47,0.47,+15.67%,72900
SDOT,2026-01-28,3.45,3.53,3.2513,3.43,-0.04,-1.15%,28800
SDOT,2026-01-29,3.45,3.45,3.17,3.19,-0.24,-7.00%,19900
SDOT,2026-01-30,3.13,3.26,3.06,3.135,-0.055,-1.72%,44600
SDOT,2026-02-02,3.15,3.1706,3.05,3.1,-0.035,-1.12%,15700
SDOT,2026-02-03,3.12,3.175,2.94,2.95,-0.15,-4.84%,8900
SDOT,2026-02-04,2.98,3.0708,2.78,2.91,-0.04,-1.36%,28400
SDOT,2026-02-05,2.87,2.87,2.7782,2.8,-0.11,-3.78%,10600
SDOT,2026-02-06,2.77,2.8961,2.675,2.8,0,0.00%,47600
SDOT,2026-02-09,3.01,3.01,2.77,2.88,0.08,+2.86%,13100
SDOT,2026-02-10,2.86,2.9835,2.7801,2.815,-0.065,-2.26%,9000
SDOT,2026-02-11,2.74,2.74,2.6,2.69,-0.125,-4.44%,15400
SDOT,2026-02-12,2.59,2.7437,2.54,2.63,-0.06,-2.23%,12700
SDOT,2026-02-13,2.59,2.86,2.5447,2.6,-0.03,-1.14%,8300
SDOT,2026-02-17,2.61,2.66,2.44,2.45,-0.15,-5.77%,8800
SDOT,2026-02-18,2.44,2.52,2.37,2.48,0.03,+1.22%,12700
SDOT,2026-02-19,2.4,2.699,2.4,2.553,0.073,+2.94%,3800
SDOT,2026-02-20,2.54,2.54,2.315,2.32,-0.233,-9.13%,10900
SDOT,2026-02-23,2.22,2.32,2.22,2.25,-0.07,-3.02%,11600
SDOT,2026-02-24,2.27,2.33,2.22,2.27,0.02,+0.89%,20400
SDOT,2026-02-25,2.246,2.246,2.02,2.02,-0.25,-11.01%,23700
SDOT,2026-02-26,2.12,2.275,2.08,2.19,0.17,+8.42%,20200
SDOT,2026-02-27,2.09,2.235,2.0696,2.16,-0.03,-1.37%,7000
SDOT,2026-03-02,2.08,2.255,2.01,2.16,0,0.00%,6900
SDOT,2026-03-03,2.07,2.1218,2.06,2.11,-0.05,-2.31%,9400
SDOT,2026-03-04,2.07,2.24,2.07,2.17,0.06,+2.84%,8500
SDOT,2026-03-05,2.22,2.246,2.1,2.15,-0.02,-0.92%,14700
SDOT,2026-03-06,2.11,2.12,1.95,1.96,-0.19,-8.84%,19800
SDOT,2026-03-09,1.9,2.04,1.9,2.02,0.06,+3.06%,5100
SDOT,2026-03-10,2.11,2.3,1.97,1.97,-0.05,-2.48%,16300
SDOT,2026-03-11,1.94,2.11,1.81,1.89,-0.08,-4.06%,124900
SDOT,2026-03-12,1.81,2.32,1.54,2.14,0.25,+13.23%,264900
SDOT,2026-03-13,2.15,2.22,1.73,2.06,-0.08,-3.74%,45600
SDOT,2026-03-16,2.09,2.155,2.02,2.02,-0.04,-1.94%,10200
SDOT,2026-03-17,2.05,2.11,1.89,2.02,0,0.00%,12800
SDOT,2026-03-18,1.97,2,1.91,1.96,-0.06,-2.97%,15000
SDOT,2026-03-19,2.04,2.04,1.85,1.8501,-0.1099,-5.61%,9200
SDOT,2026-03-20,1.6905,1.9999,1.6905,1.78,-0.0701,-3.79%,57500
SDOT,2026-03-23,1.8,1.9,1.7,1.7,-0.08,-4.49%,15000
SDOT,2026-03-24,1.7353,1.8835,1.64,1.64,-0.06,-3.53%,18600
SDOT,2026-03-25,1.59,1.7616,1.55,1.61,-0.03,-1.83%,14700
SDOT,2026-03-26,1.69,1.7888,1.64,1.64,0.03,+1.86%,9300
SDOT,2026-03-27,1.67,1.7552,1.55,1.55,-0.09,-5.49%,10300
SDOT,2026-03-30,1.62,1.62,1.52,1.55,0,0.00%,10300
SDOT,2026-03-31,1.55,1.595,1.5101,1.54,-0.01,-0.65%,4800
SDOT,2026-04-01,1.31,1.565,1.31,1.5,-0.04,-2.60%,15600
SDOT,2026-04-02,1.52,1.59,1.5,1.55,0.05,+3.33%,8000
SDOT,2026-04-06,1.67,1.67,1.57,1.6085,0.0585,+3.77%,4500
SDOT,2026-04-07,1.62,1.62,1.5,1.57,-0.0385,-2.39%,4800
SDOT,2026-04-08,1.57,1.6976,1.57,1.61,0.04,+2.55%,21400
SDOT,2026-04-09,1.68,1.7199,1.63,1.65,0.04,+2.48%,4900
SDOT,2026-04-10,1.7,1.7,1.7,1.7,0.05,+3.03%,2200
SDOT,2026-04-13,1.71,1.735,1.66,1.66,-0.04,-2.35%,5900
SDOT,2026-04-14,1.64,1.7645,1.64,1.65,-0.01,-0.60%,18300
SDOT,2026-04-15,1.6,1.6478,1.56,1.56,-0.09,-5.45%,10500
SDOT,2026-04-16,1.56,1.655,1.48,1.48,-0.08,-5.13%,26100
SDOT,2026-04-17,1.55,1.59,1.5,1.57,0.09,+6.08%,6000
SDOT,2026-04-20,1.49,1.6119,1.47,1.53,-0.04,-2.55%,11400
SDOT,2026-04-21,1.51,1.7,1.51,1.64,0.11,+7.19%,53100
SDOT,2026-04-22,1.73,1.79,1.63,1.7,0.06,+3.66%,20500
SDOT,2026-04-23,1.68,1.7,1.55,1.62,-0.08,-4.71%,16000
SDOT,2026-04-24,1.61,1.61,1.4818,1.52,-0.1,-6.17%,9600
SDST,2021-03-05,101.73,101.73,101.73,101.73,100.21,"+6,592.76%",10
SDST,2021-03-08,109.996,109.996,109.996,109.996,8.266,+8.13%,60
SDST,2021-03-09,105,105,100.9,101,-8.996,-8.18%,1260
SDST,2021-03-10,104.8,105,99.8,101.8,0.8,+0.79%,2650
SDST,2021-03-11,100.1,100.95,99.6,99.6,-2.2,-2.16%,170
SDST,2021-03-12,98.1,98.9,98,98.3,-1.3,-1.31%,3300
SDST,2021-03-15,98.3,98.5,98,98,-0.3,-0.31%,1160
SDST,2021-03-16,98.244,99.4,98.244,99.4,1.4,+1.43%,240
SDST,2021-03-17,98.1,98.2,97.9,98.1,-1.3,-1.31%,530
SDST,2021-03-18,98.9,98.9,98,98,-0.1,-0.10%,7100
SDST,2021-03-19,97.886,98.2,97.886,98,0,0.00%,510
SDST,2021-03-22,98,98.166,97.5,97.5,-0.5,-0.51%,7400
SDST,2021-03-23,97.278,97.339,96.5,96.6,-0.9,-0.92%,4970
SDST,2021-03-24,96.6,97,96.1,96.2,-0.4,-0.41%,7380
SDST,2021-03-25,96.58,97.4,96.58,97.1,0.9,+0.94%,440
SDST,2021-03-26,97.1,97.156,96.3,96.9,-0.2,-0.21%,3950
SDST,2021-03-31,97.3,97.3,97.3,97.3,0.4,+0.41%,110
SDST,2021-04-01,97.5,97.5,97.2,97.2,-0.1,-0.10%,930
SDST,2021-04-07,97.3,97.3,97.3,97.3,0.1,+0.10%,1640
SDST,2021-04-08,98.2,99.6,98.2,99.6,2.3,+2.36%,120
SDST,2021-04-09,99,99,98.206,98.4,-1.2,-1.20%,1740
SDST,2021-04-12,99.3,99.5,99.3,99.5,1.1,+1.12%,2500
SDST,2021-04-13,99,99,98.8,99,-0.5,-0.50%,190
SDST,2021-04-14,98.5,99.7,98.5,99.5,0.5,+0.51%,17370
SDST,2021-04-15,98.5,98.5,98.5,98.5,-1.,-1.01%,20
SDST,2021-04-19,98.4,99.3,98.2,99,0.5,+0.51%,930
SDST,2021-04-20,98.5,98.5,98.5,98.5,-0.5,-0.51%,1450
SDST,2021-04-21,98.5,98.65,97.7,98.2,-0.3,-0.30%,1270
SDST,2021-04-23,98,98.5,97.5,98.5,0.3,+0.31%,11200
SDST,2021-04-26,98.5,98.5,98,98.2,-0.3,-0.30%,660
SDST,2021-04-27,98.2,98.2,97.5,98.1,-0.1,-0.10%,22650
SDST,2021-04-28,98.1,99,98.1,98.6,0.5,+0.51%,8900
SDST,2021-04-29,98.2,99,98.1,99,0.4,+0.41%,2620
SDST,2021-04-30,98.8,98.8,97.75,97.8,-1.2,-1.21%,4000
SDST,2021-05-03,97.9,99,97.7,99,1.2,+1.23%,19000
SDST,2021-05-04,98.9,99.8,98.11,99.5,0.5,+0.51%,860
SDST,2021-05-05,98.7,99.5,98.7,99.5,0,0.00%,4320
SDST,2021-05-07,99.4,99.4,98.3,98.8,-0.7,-0.70%,260
SDST,2021-05-10,97.5,99.3,97.421,98.3,-0.5,-0.51%,780
SDST,2021-05-11,97.4,98.7,97.4,98.7,0.4,+0.41%,1820
SDST,2021-05-12,97.6,98.5,97.4,98.5,-0.2,-0.20%,1510
SDST,2021-05-13,97.3,98,97.3,97.5,-1.,-1.02%,140
SDST,2021-05-14,97.3,97.8,97.3,97.8,0.3,+0.31%,100
SDST,2021-05-17,97.2,97.9,97,97.1,-0.7,-0.72%,1250
SDST,2021-05-18,97.5,97.8,96.5,97.2,0.1,+0.10%,9290
SDST,2021-05-19,97.2,97.3,97.2,97.3,0.1,+0.10%,2060
SDST,2021-05-20,97.2,97.5,96.6,97.5,0.2,+0.21%,3240
SDST,2021-05-21,97.9,97.9,97,97.2,-0.3,-0.31%,3320
SDST,2021-05-25,97.2,97.5,97.2,97.5,0.3,+0.31%,7110
SDST,2021-05-26,97.7,97.9,96.9,97.8,0.3,+0.31%,450
SDST,2021-05-27,97.7,97.7,97.6,97.7,-0.1,-0.10%,660
SDST,2021-05-28,97.9,97.9,97.9,97.9,0.2,+0.20%,10
SDST,2021-06-01,97.9,98,97.8,97.9,0,0.00%,310
SDST,2021-06-02,98,98,97.9,97.9,0,0.00%,120
SDST,2021-06-03,98,98,98,98,0.1,+0.10%,210
SDST,2021-06-07,97,97.5,97,97.5,-0.5,-0.51%,210
SDST,2021-06-08,97,97.5,97,97.5,0,0.00%,130
SDST,2021-06-09,97.5,97.5,97.5,97.5,0,0.00%,10
SDST,2021-06-11,97.9,97.9,97.9,97.9,0.4,+0.41%,10
SDST,2021-06-16,97.9,97.9,97.45,97.5,-0.4,-0.41%,1350
SDST,2021-06-17,97.4,98,97.25,98,0.5,+0.51%,1430
SDST,2021-06-18,97.9,97.9,97.15,97.7,-0.3,-0.31%,180
SDST,2021-06-21,97.7,97.9,97.5,97.9,0.2,+0.20%,190
SDST,2021-06-23,97.75,97.75,97.361,97.361,-0.539,-0.55%,40
SDST,2021-06-24,97.3,97.3,97.2,97.3,-0.061,-0.06%,400
SDST,2021-06-25,97.4,97.4,97.2,97.2,-0.1,-0.10%,500
SDST,2021-06-28,97.3,97.7,97.2,97.2,0,0.00%,280
SDST,2021-06-30,97.4,97.6,97,97.6,0.4,+0.41%,570
SDST,2021-07-02,97.35,97.9,97.35,97.9,0.3,+0.31%,180
SDST,2021-07-06,97.2,97.9,97.1,97.5,-0.4,-0.41%,480
SDST,2021-07-07,97.2,97.5,96.8,97.5,0,0.00%,750
SDST,2021-07-08,97.5,97.5,97.35,97.5,0,0.00%,120
SDST,2021-07-12,97.9,97.9,97.9,97.9,0.4,+0.41%,70
SDST,2021-07-13,97.2,97.7,96.8,97.7,-0.2,-0.20%,3100
SDST,2021-07-14,97.2,97.6,96.8,97.2,-0.5,-0.51%,310
SDST,2021-07-15,97,97,97,97,-0.2,-0.21%,230
SDST,2021-07-16,96.7,97.2,96.7,96.9,-0.1,-0.10%,700
SDST,2021-07-19,97,97.5,96.8,96.8,-0.1,-0.10%,1140
SDST,2021-07-20,97,97,96.7,96.7,-0.1,-0.10%,900
SDST,2021-07-21,97,97,97,97,0.3,+0.31%,20
SDST,2021-07-22,97,97.1,96.8,97,0,0.00%,490
SDST,2021-07-23,97.5,97.8,97.5,97.8,0.8,+0.82%,12880
SDST,2021-07-26,97.624,97.624,97.58,97.58,-0.22,-0.22%,20
SDST,2021-07-27,97,97.6,97,97.6,0.02,+0.02%,1470
SDST,2021-07-29,97,97.5,97,97.5,-0.1,-0.10%,25210
SDST,2021-08-02,97.5,97.6,96.9,97.6,0.1,+0.10%,750
SDST,2021-08-05,97,97.5,96.7,97.5,-0.1,-0.10%,890
SDST,2021-08-06,97,97.3,97,97.3,-0.2,-0.21%,220
SDST,2021-08-12,97.4,97.4,97.181,97.2,-0.1,-0.10%,150
SDST,2021-08-13,97,97,96.9,96.9,-0.3,-0.31%,190
SDST,2021-08-16,97.2,97.2,97.2,97.2,0.3,+0.31%,10
SDST,2021-08-18,97.2,97.4,96.5,96.5,-0.7,-0.72%,290
SDST,2021-08-19,96.7,96.7,96.7,96.7,0.2,+0.21%,24600
SDST,2021-08-20,97.4,97.5,95.8,95.8,-0.9,-0.93%,5370
SDST,2021-08-23,96.9,97,96.6,96.6,0.8,+0.84%,230
SDST,2021-08-24,96.6,97,96.2,96.6,0,0.00%,2300
SDST,2021-08-25,96.7,96.7,96.7,96.7,0.1,+0.10%,76030
SDST,2021-08-26,96.6,97.3,96.5,96.5,-0.2,-0.21%,550
SDST,2021-08-30,97.165,97.399,97.165,97.399,0.899,+0.93%,70
SDST,2021-08-31,97,97.5,96.7,97.5,0.101,+0.10%,22100
SDST,2021-09-01,97.002,97.5,97.002,97.5,0,0.00%,230
SDST,2021-09-03,97.4,97.6,97.4,97.6,0.1,+0.10%,340
SDST,2021-09-09,97.1,97.6,97.1,97.5,-0.1,-0.10%,200
SDST,2021-09-13,97.4,97.7,96.8,97.6,0.1,+0.10%,2450
SDST,2021-09-14,96.8,96.9,96.8,96.9,-0.7,-0.72%,50
SDST,2021-09-15,96.8,96.9,96.8,96.8,-0.1,-0.10%,120
SDST,2021-09-16,96.9,97,96.8,97,0.2,+0.21%,2340
SDST,2021-09-20,97,97.6,96.5,97,0,0.00%,2420
SDST,2021-09-21,97.3,97.3,97.3,97.3,0.3,+0.31%,40
SDST,2021-09-22,97.4,97.4,97.4,97.4,0.1,+0.10%,15290
SDST,2021-09-28,97.5,97.6,97.4,97.6,0.2,+0.21%,22530
SDST,2021-09-29,97.2,97.7,97.2,97.5,-0.1,-0.10%,520
SDST,2021-09-30,97.2,97.7,97,97,-0.5,-0.51%,1940
SDST,2021-10-01,97.4,98,97.2,98,1,+1.03%,2850
SDST,2021-10-04,97.2,98,97.2,97.2,-0.8,-0.82%,4200
SDST,2021-10-05,97.2,98,97.1,98,0.8,+0.82%,970
SDST,2021-10-07,97.8,98.4,97.7,98,0,0.00%,31390
SDST,2021-10-08,97.4,98,97.4,97.4,-0.6,-0.61%,890
SDST,2021-10-11,97.35,97.35,97.35,97.35,-0.05,-0.05%,30
SDST,2021-10-12,97.1,97.6,97.1,97.6,0.25,+0.26%,30
SDST,2021-10-14,97.3,97.8,97.3,97.6,0,0.00%,3950
SDST,2021-10-15,97.5,97.5,97.5,97.5,-0.1,-0.10%,10
SDST,2021-10-18,97.1,97.9,97.1,97.899,0.399,+0.41%,25540
SDST,2021-10-19,97.6,97.7,97.4,97.6,-0.299,-0.31%,3220
SDST,2021-10-20,97.6,98.1,97.6,97.8,0.2,+0.20%,810
SDST,2021-10-21,97.6,97.8,97.6,97.7,-0.1,-0.10%,6840
SDST,2021-10-22,97.946,97.946,97.5,97.8,0.1,+0.10%,620
SDST,2021-10-26,98.266,98.266,97.5,97.5,-0.3,-0.31%,2010
SDST,2021-10-28,97.5,97.5,97.35,97.35,-0.15,-0.15%,9480
SDST,2021-10-29,97.6,97.6,97.5,97.6,0.25,+0.26%,4250
SDST,2021-11-01,97.1,97.8,97.1,97.6,0,0.00%,2040
SDST,2021-11-02,97.6,97.6,97.6,97.6,0,0.00%,180
SDST,2021-11-03,97.5,97.8,97.5,97.8,0.2,+0.20%,200
SDST,2021-11-08,97.8,97.9,97.7,97.7,-0.1,-0.10%,770
SDST,2021-11-09,97.8,97.8,97.8,97.8,0.1,+0.10%,5000
SDST,2021-11-10,97.3,98.1,97.3,97.7,-0.1,-0.10%,120
SDST,2021-11-12,97.9,97.9,97.9,97.9,0.2,+0.20%,10
SDST,2021-11-15,97.8,97.8,97.8,97.8,-0.1,-0.10%,80
SDST,2021-11-16,97.6,97.9,97.6,97.8,0,0.00%,1810
SDST,2021-11-17,97.3,97.8,97.3,97.8,0,0.00%,2470
SDST,2021-11-18,97.6,97.6,97.6,97.6,-0.2,-0.20%,190
SDST,2021-11-19,98,98,97.5,97.5,-0.1,-0.10%,340
SDST,2021-11-23,97.7,97.9,97.4,97.4,-0.1,-0.10%,7030
SDST,2021-11-24,97.6,97.7,97.5,97.7,0.3,+0.31%,1270
SDST,2021-11-26,97.7,97.7,97.7,97.7,0,0.00%,410
SDST,2021-11-29,97.7,97.9,97.4,97.6,-0.1,-0.10%,20390
SDST,2021-11-30,97.6,97.8,97.5,97.6,0,0.00%,5730
SDST,2021-12-01,97.5,98.1,97.5,98.1,0.5,+0.51%,7410
SDST,2021-12-02,97.6,98.2,97.4,98,-0.1,-0.10%,4470
SDST,2021-12-06,97.7,98.3,97.5,97.5,-0.5,-0.51%,9820
SDST,2021-12-07,97.7,97.7,97.1,97.1,-0.4,-0.41%,7940
SDST,2021-12-08,97.208,97.5,97.208,97.3,0.2,+0.21%,11680
SDST,2021-12-09,97.4,97.7,97.4,97.7,0.4,+0.41%,1110
SDST,2021-12-10,97.2,97.7,97.2,97.6,-0.1,-0.10%,1580
SDST,2021-12-13,97.2,97.6,97.2,97.2,-0.4,-0.41%,1390
SDST,2021-12-14,97.3,97.4,97.2,97.3,0.1,+0.10%,1760
SDST,2021-12-15,97.1,97.4,97,97.1,-0.2,-0.21%,750
SDST,2021-12-16,97,97.1,97,97.1,0,0.00%,510
SDST,2021-12-17,97.1,97.2,96.9,97,-0.1,-0.10%,5040
SDST,2021-12-20,97.2,97.2,96.9,97,0,0.00%,5570
SDST,2021-12-21,97,97.3,96.9,97,0,0.00%,7800
SDST,2021-12-22,97,97.2,97,97.2,0.2,+0.21%,14070
SDST,2021-12-23,97,97.2,96.9,96.9,-0.3,-0.31%,2890
SDST,2021-12-27,96.9,97.5,96.9,97.5,0.6,+0.62%,13840
SDST,2021-12-28,97.1,97.4,96.9,96.9,-0.6,-0.62%,8940
SDST,2021-12-29,97,97.4,97,97.1,0.2,+0.21%,11860
SDST,2021-12-30,97,97.1,97,97,-0.1,-0.10%,620
SDST,2021-12-31,97.1,97.1,97.1,97.1,0.1,+0.10%,1190
SDST,2022-01-03,97.2,97.6,97.1,97.1,0,0.00%,9860
SDST,2022-01-04,97.3,97.5,97.3,97.4,0.3,+0.31%,770
SDST,2022-01-05,97.4,97.5,97.1,97.5,0.1,+0.10%,2100
SDST,2022-01-06,97.5,97.5,97.5,97.5,0,0.00%,60
SDST,2022-01-07,97.5,97.5,97.5,97.5,0,0.00%,10050
SDST,2022-01-10,97.501,97.501,97.5,97.5,0,0.00%,190
SDST,2022-01-11,97.5,97.6,97.4,97.4,-0.1,-0.10%,20970
SDST,2022-01-12,97.4,97.4,97.4,97.4,0,0.00%,270
SDST,2022-01-13,97.421,97.421,97.4,97.4,0,0.00%,170
SDST,2022-01-14,97.428,97.428,97.4,97.4,0,0.00%,90
SDST,2022-01-18,97.4,97.6,97.3,97.6,0.2,+0.21%,5730
SDST,2022-01-19,97.4,97.6,97.4,97.55,-0.05,-0.05%,1630
SDST,2022-01-20,97.4,97.6,97.3,97.6,0.05,+0.05%,710
SDST,2022-01-21,97.4,97.4,97.4,97.4,-0.2,-0.20%,40
SDST,2022-01-24,97.3,97.3,97.204,97.236,-0.164,-0.17%,120
SDST,2022-01-25,97.1,97.15,97.1,97.15,-0.086,-0.09%,760
SDST,2022-01-26,97,97.3,97,97.2,0.05,+0.05%,520
SDST,2022-01-27,97.2,97.2,97.2,97.2,0,0.00%,30
SDST,2022-01-28,97.3,97.3,97.3,97.3,0.1,+0.10%,50
SDST,2022-01-31,97.5,97.5,97.5,97.5,0.2,+0.21%,80
SDST,2022-02-01,97.5,97.602,97.5,97.6,0.1,+0.10%,1910
SDST,2022-02-02,97.6,97.6,97.6,97.6,0,0.00%,10
SDST,2022-02-03,97.6,97.6,97.6,97.6,0,0.00%,240
SDST,2022-02-04,97.5,97.5,97.5,97.5,-0.1,-0.10%,2530
SDST,2022-02-07,97.4,97.6,97.4,97.6,0.1,+0.10%,4040
SDST,2022-02-08,97.4,97.4,97.4,97.4,-0.2,-0.20%,2000
SDST,2022-02-09,97.3,97.7,97.3,97.301,-0.099,-0.10%,1690
SDST,2022-02-11,97.4,97.6,97.4,97.6,0.299,+0.31%,280
SDST,2022-02-14,97.5,97.7,97.5,97.7,0.1,+0.10%,1910
SDST,2022-02-15,97.65,97.65,97.6,97.6,-0.1,-0.10%,440
SDST,2022-02-16,97.6,97.6,97.6,97.6,0,0.00%,1210
SDST,2022-02-17,97.6,97.6,97.5,97.5,-0.1,-0.10%,15010
SDST,2022-02-22,97.5,97.6,97.4,97.6,0.1,+0.10%,3240
SDST,2022-02-23,97.6,97.6,97.6,97.6,0,0.00%,200
SDST,2022-02-24,97.4,97.6,97.4,97.4,-0.2,-0.20%,6080
SDST,2022-02-25,97.5,97.6,97.5,97.5,0.1,+0.10%,6130
SDST,2022-02-28,97.6,97.6,97.5,97.6,0.1,+0.10%,3260
SDST,2022-03-01,97.7,97.8,97.6,97.6,0,0.00%,2700
SDST,2022-03-02,97.5,97.6,97.5,97.6,0,0.00%,550
SDST,2022-03-03,97.6,97.7,97.6,97.7,0.1,+0.10%,1260
SDST,2022-03-04,97.76,97.76,97.7,97.7,0,0.00%,1150
SDST,2022-03-07,97.75,97.8,97.75,97.8,0.1,+0.10%,1000
SDST,2022-03-08,97.603,97.81,97.6,97.8,0,0.00%,2830
SDST,2022-03-09,97.8,97.801,97.8,97.8,0,0.00%,650
SDST,2022-03-10,97.8,97.8,97.8,97.8,0,0.00%,40
SDST,2022-03-11,97.9,98,97.75,98,0.2,+0.20%,17190
SDST,2022-03-14,98,98,97.8,98,0,0.00%,11140
SDST,2022-03-15,97.8,97.9,97.8,97.9,-0.1,-0.10%,5200
SDST,2022-03-16,97.9,97.9,97.85,97.9,0,0.00%,7430
SDST,2022-03-17,97.8,98,97.8,98,0.1,+0.10%,7120
SDST,2022-03-21,97.901,97.901,97.9,97.9,-0.1,-0.10%,1470
SDST,2022-03-22,97.9,97.9,97.9,97.9,0,0.00%,80
SDST,2022-03-23,97.9,97.9,97.8,97.8,-0.1,-0.10%,2720
SDST,2022-03-24,98,98,97.9,97.9,0.1,+0.10%,40
SDST,2022-03-25,97.9,97.9,97.9,97.9,0,0.00%,260
SDST,2022-03-28,98,98,97.95,97.95,0.05,+0.05%,60
SDST,2022-03-29,98,98,97.9,98,0.05,+0.05%,5520
SDST,2022-03-30,97.9,98,97.9,98,0,0.00%,2160
SDST,2022-03-31,98.2,98.3,98,98.3,0.3,+0.31%,640
SDST,2022-04-01,98,98.3,98,98.3,0,0.00%,5020
SDST,2022-04-04,98.35,98.35,98.3,98.3,0,0.00%,120
SDST,2022-04-05,98.1,98.1,98.1,98.1,-0.2,-0.20%,180
SDST,2022-04-06,98,98.2,98,98.2,0.1,+0.10%,390
SDST,2022-04-07,98.25,98.25,98.1,98.15,-0.05,-0.05%,20070
SDST,2022-04-13,98.9,98.9,98.14,98.4,0.25,+0.25%,10010
SDST,2022-04-14,98.7,98.7,98.3,98.3,-0.1,-0.10%,140
SDST,2022-04-18,98.6,98.6,98.6,98.6,0.3,+0.31%,10
SDST,2022-04-19,98.3,98.5,98.3,98.5,-0.1,-0.10%,10410
SDST,2022-04-20,98.5,98.5,98.3,98.4,-0.1,-0.10%,8030
SDST,2022-04-21,98.5,98.5,98.3,98.5,0.1,+0.10%,14780
SDST,2022-04-22,98.4,98.4,98.3,98.4,-0.1,-0.10%,30
SDST,2022-04-25,98.7,99.1,98.4,98.4,0,0.00%,4880
SDST,2022-04-26,98.5,98.6,98.4,98.5,0.1,+0.10%,12980
SDST,2022-04-27,98.5,98.5,98.5,98.5,0,0.00%,14050
SDST,2022-04-28,98.6,98.6,98.5,98.5,0,0.00%,710
SDST,2022-04-29,98.55,98.55,98.4,98.4,-0.1,-0.10%,1220
SDST,2022-05-02,98.55,98.55,98.5,98.5,0.1,+0.10%,860
SDST,2022-05-04,98.564,98.6,98.55,98.6,0.1,+0.10%,160
SDST,2022-05-05,98.5,98.6,98.5,98.5,-0.1,-0.10%,23400
SDST,2022-05-06,98.5,98.9,98.4,98.4,-0.1,-0.10%,1850
SDST,2022-05-09,98.3,98.4,98.3,98.3,-0.1,-0.10%,1490
SDST,2022-05-10,98.2,98.4,98.1,98.25,-0.05,-0.05%,12020
SDST,2022-05-11,98.2,98.3,97.85,97.9,-0.35,-0.36%,26990
SDST,2022-05-12,98,98.1,97.9,97.9,0,0.00%,2910
SDST,2022-05-13,98,98.1,98,98,0.1,+0.10%,350
SDST,2022-05-16,98.25,98.25,98,98,0,0.00%,640
SDST,2022-05-17,98.2,98.2,98.2,98.2,0.2,+0.20%,390
SDST,2022-05-18,98.2,98.2,97.9,97.9,-0.3,-0.31%,12390
SDST,2022-05-19,98.5,98.5,97.9,97.9,0,0.00%,500
SDST,2022-05-20,97.9,97.9,97.9,97.9,0,0.00%,1750
SDST,2022-05-23,98,98,98,98,0.1,+0.10%,730
SDST,2022-05-24,98.4,98.4,98,98,0,0.00%,1490
SDST,2022-05-25,98.1,98.104,98.1,98.1,0.1,+0.10%,2100
SDST,2022-05-26,98.1,98.3,98.1,98.3,0.2,+0.20%,270
SDST,2022-05-27,98.25,98.25,98.1,98.25,-0.05,-0.05%,32430
SDST,2022-05-31,98.2,98.3,98.2,98.2,-0.05,-0.05%,390
SDST,2022-06-01,98.25,98.25,98.25,98.25,0.05,+0.05%,620
SDST,2022-06-02,98.3,98.3,98.3,98.3,0.05,+0.05%,1040
SDST,2022-06-06,98.3,98.3,98.3,98.3,0,0.00%,30
SDST,2022-06-07,98.4,98.4,98.4,98.4,0.1,+0.10%,5490
SDST,2022-06-08,98.3,98.3,98.3,98.3,-0.1,-0.10%,280
SDST,2022-06-09,98.4,98.4,98.3,98.3,0,0.00%,770
SDST,2022-06-10,98.4,98.4,98.4,98.4,0.1,+0.10%,1160
SDST,2022-06-13,98.45,98.45,98.2,98.2,-0.2,-0.20%,1500
SDST,2022-06-14,98.2,98.201,98.2,98.2,0,0.00%,960
SDST,2022-06-15,98.3,98.3,98.15,98.2,0,0.00%,9320
SDST,2022-06-16,98.3,98.4,98.2,98.2,0,0.00%,420
SDST,2022-06-17,98.2,98.2,98.1,98.1,-0.1,-0.10%,450
SDST,2022-06-21,98.5,98.5,98.1,98.25,0.15,+0.15%,810
SDST,2022-06-22,98.3,98.4,98.3,98.4,0.15,+0.15%,4430
SDST,2022-06-23,98.3,98.45,98.1,98.1,-0.3,-0.30%,10610
SDST,2022-06-24,98.4,98.43,98.2,98.43,0.33,+0.34%,5850
SDST,2022-06-27,98.5,98.6,98.3,98.3,-0.13,-0.13%,14780
SDST,2022-06-29,98.6,98.6,98.4,98.4,0.1,+0.10%,80370
SDST,2022-06-30,98.5,98.5,98.3,98.4,0,0.00%,2650
SDST,2022-07-01,98.4,98.5,98.35,98.5,0.1,+0.10%,8820
SDST,2022-07-05,98.4,98.55,98.253,98.3,-0.2,-0.20%,39590
SDST,2022-07-06,98.5,98.514,98.4,98.4,0.1,+0.10%,11460
SDST,2022-07-07,98.5,98.5,98.35,98.4,0,0.00%,26740
SDST,2022-07-08,98.5,98.5,98.4,98.5,0.1,+0.10%,360
SDST,2022-07-11,98.5,98.5,98.4,98.4,-0.1,-0.10%,41920
SDST,2022-07-12,98.4,98.4,98.3,98.4,0,0.00%,2790
SDST,2022-07-13,98.4,98.7,98.4,98.7,0.3,+0.30%,2030
SDST,2022-07-14,98.6,98.6,98.6,98.6,-0.1,-0.10%,90
SDST,2022-07-15,98.7,98.7,98.6,98.6,0,0.00%,70
SDST,2022-07-19,98.6,98.65,98.6,98.6,0,0.00%,940
SDST,2022-07-20,98.6,98.7,98.6,98.6,0,0.00%,950
SDST,2022-07-21,98.7,98.7,98.7,98.7,0.1,+0.10%,40
SDST,2022-07-22,98.7,98.8,98.65,98.7,0,0.00%,980
SDST,2022-07-25,98.8,98.8,98.8,98.8,0.1,+0.10%,170
SDST,2022-07-26,98.8,98.8,98.7,98.75,-0.05,-0.05%,80
SDST,2022-07-27,98.8,98.8,98.7,98.75,0,0.00%,500
SDST,2022-07-28,98.8,98.8,98.8,98.8,0.05,+0.05%,220
SDST,2022-07-29,98.8,98.8,98.8,98.8,0,0.00%,100
SDST,2022-08-01,98.8,98.9,98.8,98.8,0,0.00%,41400
SDST,2022-08-02,98.8,98.8,98.8,98.8,0,0.00%,920
SDST,2022-08-03,98.9,99,98.9,98.9,0.1,+0.10%,1300
SDST,2022-08-04,99,99,98.85,99,0.1,+0.10%,4310
SDST,2022-08-05,99,99,98.9,98.9,-0.1,-0.10%,2070
SDST,2022-08-08,98.9,98.9,98.9,98.9,0,0.00%,230
SDST,2022-08-09,98.9,98.9,98.9,98.9,0,0.00%,2860
SDST,2022-08-10,98.85,98.9,98.8,98.882,-0.018,-0.02%,780
SDST,2022-08-11,98.9,98.9,98.9,98.9,0.018,+0.02%,61190
SDST,2022-08-15,98.9,98.97,98.9,98.97,0.07,+0.07%,250
SDST,2022-08-16,98.9,99.1,98.9,99,0.03,+0.03%,12060
SDST,2022-08-17,99.1,99.1,98.9,98.9,-0.1,-0.10%,61500
SDST,2022-08-18,99.064,99.064,98.9,98.9,0,0.00%,69980
SDST,2022-08-19,98.9,99.2,98.9,99,0.1,+0.10%,30170
SDST,2022-08-22,99,99.05,99,99,0,0.00%,4170
SDST,2022-08-23,99.2,99.2,99.05,99.2,0.2,+0.20%,880
SDST,2022-08-24,99,99,99,99,-0.2,-0.20%,140
SDST,2022-08-25,99,99,99,99,0,0.00%,6010
SDST,2022-08-29,99.1,99.1,99,99,0,0.00%,60270
SDST,2022-08-30,99.1,99.102,99.1,99.102,0.102,+0.10%,970
SDST,2022-08-31,99.1,99.2,99.1,99.2,0.098,+0.10%,3730
SDST,2022-09-01,99.1,99.2,99.1,99.2,0,0.00%,11370
SDST,2022-09-02,99.2,99.2,99.2,99.2,0,0.00%,30
SDST,2022-09-06,99.2,99.2,99.15,99.2,0,0.00%,3060
SDST,2022-09-07,99.3,99.4,99.2,99.4,0.2,+0.20%,8840
SDST,2022-09-08,99.3,99.3,99.3,99.3,-0.1,-0.10%,210
SDST,2022-09-09,99.3,99.3,99.3,99.3,0,0.00%,140
SDST,2022-09-12,99.4,99.4,99.4,99.4,0.1,+0.10%,100
SDST,2022-09-14,99.4,99.4,99.3,99.3,-0.1,-0.10%,49350
SDST,2022-09-15,99.3,99.3,99.3,99.3,0,0.00%,5530
SDST,2022-09-16,99.3,99.3,99.3,99.3,0,0.00%,200
SDST,2022-09-19,99.3,99.3,99.3,99.3,0,0.00%,6520
SDST,2022-09-20,99.4,99.4,99.3,99.4,0.1,+0.10%,6770
SDST,2022-09-21,99.4,99.45,99.4,99.4,0,0.00%,2610
SDST,2022-09-22,99.5,99.5,99.4,99.4,0,0.00%,70
SDST,2022-09-23,99.4,99.419,99.4,99.419,0.019,+0.02%,10320
SDST,2022-09-26,99.4,99.4,99.4,99.4,-0.019,-0.02%,20
SDST,2022-09-28,99.5,99.5,99.4,99.4,0,0.00%,6060
SDST,2022-09-29,99.5,99.5,99.5,99.5,0.1,+0.10%,1790
SDST,2022-09-30,99.516,99.6,99.516,99.6,0.1,+0.10%,6390
SDST,2022-10-03,99.6,99.7,99.6,99.6,0,0.00%,2460
SDST,2022-10-04,99.6,99.6,99.6,99.6,0,0.00%,30
SDST,2022-10-05,99.6,99.8,99.5,99.7,0.1,+0.10%,25800
SDST,2022-10-07,99.709,99.709,99.709,99.709,0.009,+0.01%,50
SDST,2022-10-10,99.7,99.8,99.7,99.8,0.091,+0.09%,60
SDST,2022-10-11,99.778,99.778,99.75,99.75,-0.05,-0.05%,220
SDST,2022-10-12,99.8,99.8,99.7,99.8,0.05,+0.05%,91970
SDST,2022-10-13,99.7,99.8,99.7,99.8,0,0.00%,7130
SDST,2022-10-14,99.8,99.801,99.8,99.8,0,0.00%,1690
SDST,2022-10-17,99.8,100,99.8,99.9,0.1,+0.10%,117070
SDST,2022-10-18,99.8,100,99.8,100,0.1,+0.10%,8520
SDST,2022-10-19,100,100,99.9,99.95,-0.05,-0.05%,2730
SDST,2022-10-20,99.95,99.95,99.9,99.9,-0.05,-0.05%,690
SDST,2022-10-21,99.9,99.9,99.9,99.9,0,0.00%,3400
SDST,2022-10-24,99.95,99.95,99.95,99.95,0.05,+0.05%,20
SDST,2022-10-25,99.9,100,99.85,99.95,0,0.00%,25810
SDST,2022-10-26,100,100.1,99.9,100,0.05,+0.05%,30210
SDST,2022-10-27,100,100,100,100,0,0.00%,1000
SDST,2022-10-28,100.1,100.1,100.1,100.1,0.1,+0.10%,3010
SDST,2022-10-31,100.1,100.2,100.1,100.2,0.1,+0.10%,3130
SDST,2022-11-01,100.1,100.15,100.1,100.1,-0.1,-0.10%,3830
SDST,2022-11-02,100.2,100.3,100.1,100.2,0.1,+0.10%,24600
SDST,2022-11-03,100.2,100.2,100.2,100.2,0,0.00%,3330
SDST,2022-11-04,100.2,100.2,100.2,100.2,0,0.00%,3300
SDST,2022-11-07,100.3,100.35,100.25,100.25,0.05,+0.05%,4480
SDST,2022-11-08,100.35,100.35,100.3,100.3,0.05,+0.05%,4560
SDST,2022-11-09,100.35,100.35,100.3,100.3,0,0.00%,4510
SDST,2022-11-10,100.3,100.35,100.3,100.3,0,0.00%,56390
SDST,2022-11-11,100.301,100.35,100.3,100.3,0,0.00%,14880
SDST,2022-11-14,100.3,100.4,100.3,100.3,0,0.00%,1910
SDST,2022-11-15,100.4,100.412,100.4,100.4,0.1,+0.10%,1210
SDST,2022-11-18,100.4,100.4,100.4,100.4,0,0.00%,10
SDST,2022-11-22,100.5,100.5,100.5,100.5,0.1,+0.10%,410
SDST,2022-11-23,100.64,100.7,100.64,100.7,0.2,+0.20%,30
SDST,2022-11-28,100.6,100.65,100.6,100.65,-0.05,-0.05%,380
SDST,2022-11-30,100.65,100.65,100.65,100.65,0,0.00%,220
SDST,2022-12-01,100.6,100.65,100.6,100.65,0,0.00%,390
SDST,2022-12-02,100.7,100.7,100.6,100.6,-0.05,-0.05%,270
SDST,2022-12-05,100.7,100.75,100.7,100.7,0.1,+0.10%,360
SDST,2022-12-06,100.7,100.8,100.7,100.7,0,0.00%,780
SDST,2022-12-07,100.8,100.8,100.7,100.8,0.1,+0.10%,6770
SDST,2022-12-08,100.7,100.86,100.7,100.85,0.05,+0.05%,9410
SDST,2022-12-09,100.85,100.85,100.85,100.85,0,0.00%,240
SDST,2022-12-12,100.85,100.85,100.8,100.85,0,0.00%,1060
SDST,2022-12-13,100.8,100.85,100.8,100.8,-0.05,-0.05%,3890
SDST,2022-12-14,100.8,100.9,100.8,100.9,0.1,+0.10%,1340
SDST,2022-12-15,100.85,100.9,100.85,100.85,-0.05,-0.05%,3030
SDST,2022-12-19,100.85,100.85,100.85,100.85,0,0.00%,2100
SDST,2022-12-20,100.9,100.9,100.9,100.9,0.05,+0.05%,930
SDST,2022-12-21,101,101.1,100.9,101,0.1,+0.10%,2080
SDST,2022-12-22,100.86,101.04,100.8,100.8,-0.2,-0.20%,410
SDST,2022-12-23,100.9,100.9,100.9,100.9,0.1,+0.10%,390
SDST,2022-12-27,101,101,101,101,0.1,+0.10%,20
SDST,2022-12-28,101,101.217,101,101.1,0.1,+0.10%,1690
SDST,2022-12-29,101.1,101.1,101.1,101.1,0,0.00%,23100
SDST,2022-12-30,101.1,101.3,101.1,101.1,0,0.00%,1965
SDST,2023-01-03,101.2,101.2,101.15,101.15,0.05,+0.05%,1550
SDST,2023-01-04,101.1,101.4,101.1,101.4,0.25,+0.25%,3330
SDST,2023-01-05,101.4,106.45,101.4,101.55,0.15,+0.15%,73070
SDST,2023-01-06,101.5,101.5,101.3,101.3,-0.25,-0.25%,3860
SDST,2023-01-09,101.6,101.6,101.4,101.6,0.3,+0.30%,18510
SDST,2023-01-10,101.6,101.7,101.6,101.6,0,0.00%,13910
SDST,2023-01-11,101.701,102.1,101.701,101.8,0.2,+0.20%,2780
SDST,2023-01-13,101.85,101.85,101.85,101.85,0.05,+0.05%,40
SDST,2023-01-17,101.6,101.803,101.6,101.803,-0.047,-0.05%,80
SDST,2023-01-18,101.9,102.6,101.7,102.6,0.797,+0.78%,2800
SDST,2023-01-19,102.1,106.5,102,102,-0.6,-0.58%,10830
SDST,2023-01-20,103.9,103.9,102.1,102.1,0.1,+0.10%,6740
SDST,2023-01-23,103.8,105.75,102.1,102.2,0.1,+0.10%,260
SDST,2023-01-24,103,103,102.2,102.25,0.05,+0.05%,280
SDST,2023-01-25,102.3,104,102.1,102.25,0,0.00%,3210
SDST,2023-01-26,103.8,103.8,102.2,102.2,-0.05,-0.05%,690
SDST,2023-01-27,102.35,102.35,102.2,102.25,0.05,+0.05%,840
SDST,2023-01-30,104.5,105.3,102.2,102.2,-0.05,-0.05%,1680
SDST,2023-01-31,102.3,102.55,102.2,102.4,0.2,+0.20%,740
SDST,2023-02-01,102.4,102.4,102.3,102.4,0,0.00%,290
SDST,2023-02-02,102.4,103,102.4,103,0.6,+0.59%,1400
SDST,2023-02-03,102.6,102.9,102.4,102.9,-0.1,-0.10%,5570
SDST,2023-02-06,103,103,102.5,102.95,0.05,+0.05%,5840
SDST,2023-02-07,103.1,103.1,103,103,0.05,+0.05%,520
SDST,2023-02-08,108,108,103.2,103.3,0.3,+0.29%,620
SDST,2023-02-09,103.2,103.2,103.2,103.2,-0.1,-0.10%,50
SDST,2023-02-13,102.7,102.7,102.7,102.7,-0.5,-0.48%,20
SDST,2023-02-14,102.9,103.2,102.8,103.2,0.5,+0.49%,1140
SDST,2023-02-15,102.9,102.9,102.9,102.9,-0.3,-0.29%,70
SDST,2023-02-16,103.4,105.9,102.7,103.5,0.6,+0.58%,2610
SDST,2023-02-21,105.8,108.5,103.4,103.5,0,0.00%,220
SDST,2023-02-22,103,103.403,103,103.1,-0.4,-0.39%,230
SDST,2023-02-23,103,104.1,103,103,-0.1,-0.10%,930
SDST,2023-02-27,104,108,103,103,0,0.00%,270
SDST,2023-02-28,103.1,103.1,103.1,103.1,0.1,+0.10%,20
SDST,2023-03-01,104,104,104,104,0.9,+0.87%,30
SDST,2023-03-06,103.5,103.5,103.5,103.5,-0.5,-0.48%,30
SDST,2023-03-13,103.3,103.4,103.2,103.2,-0.3,-0.29%,330
SDST,2023-03-20,103.6,103.6,103.1,103.6,0.4,+0.39%,920
SDST,2023-03-21,103.2,103.2,103.2,103.2,-0.4,-0.39%,310
SDST,2023-03-27,103.2,103.85,103.2,103.3,0.1,+0.10%,1150
SDST,2023-03-28,103.3,103.4,103.3,103.4,0.1,+0.10%,180
SDST,2023-03-30,103.4,103.8,103.4,103.8,0.4,+0.39%,60
SDST,2023-04-05,103.5,103.5,103.5,103.5,-0.3,-0.29%,10
SDST,2023-04-06,103.7,103.7,103.7,103.7,0.2,+0.19%,10
SDST,2023-04-10,103.5,103.5,103.5,103.5,-0.2,-0.19%,10
SDST,2023-04-11,103.5,103.5,103.5,103.5,0,0.00%,3320
SDST,2023-04-12,103.4,103.7,103.4,103.5,0,0.00%,26120
SDST,2023-04-18,104.95,104.95,103.6,104.549,1.049,+1.01%,240
SDST,2023-04-21,104.1,104.1,104.1,104.1,-0.449,-0.43%,500
SDST,2023-04-25,104.1,104.1,104,104.1,0,0.00%,4340
SDST,2023-04-26,105.2,105.2,104.15,104.2,0.1,+0.10%,370
SDST,2023-04-27,105,105.201,104.5,104.5,0.3,+0.29%,1580
SDST,2023-04-28,104.7,104.9,104.7,104.9,0.4,+0.38%,80
SDST,2023-05-02,105.2,105.2,105.2,105.2,0.3,+0.29%,10
SDST,2023-05-03,104.8,104.8,104.8,104.8,-0.4,-0.38%,10
SDST,2023-05-11,104.8,104.8,104.8,104.8,0,0.00%,10
SDST,2023-05-12,104.8,104.8,104.8,104.8,0,0.00%,10
SDST,2023-05-15,104.8,104.8,104.8,104.8,0,0.00%,10
SDST,2023-05-16,104.8,104.8,104.8,104.8,0,0.00%,10
SDST,2023-05-17,105,105,105,105,0.2,+0.19%,10
SDST,2023-05-18,105.2,105.2,105.2,105.2,0.2,+0.19%,10
SDST,2023-05-19,105.2,105.2,105,105,-0.2,-0.19%,80
SDST,2023-05-22,105.2,105.2,105.2,105.2,0.2,+0.19%,470
SDST,2023-05-23,105.2,105.35,105.2,105.2,0,0.00%,60
SDST,2023-05-24,105.2,105.2,105.2,105.2,0,0.00%,120
SDST,2023-05-25,105.1,105.2,105.1,105.2,0,0.00%,230
SDST,2023-05-26,105.1,105.1,105,105.1,-0.1,-0.10%,190
SDST,2023-05-31,105.1,105.3,105.1,105.2,0.1,+0.10%,810
SDST,2023-06-01,105.5,105.5,105.2,105.5,0.3,+0.29%,40
SDST,2023-06-02,105.4,105.4,105.3,105.4,-0.1,-0.09%,310
SDST,2023-06-05,105.4,105.562,105.4,105.4,0,0.00%,2630
SDST,2023-06-06,105.7,105.7,105.7,105.7,0.3,+0.28%,40
SDST,2023-06-09,105.75,105.75,105.7,105.75,0.05,+0.05%,40
SDST,2023-06-12,105.7,105.7,105.7,105.7,-0.05,-0.05%,140
SDST,2023-06-13,105.7,105.7,105.7,105.7,0,0.00%,20
SDST,2023-06-14,105.2,105.2,105.2,105.2,-0.5,-0.47%,10
SDST,2023-06-15,105.6,105.6,105.2,105.6,0.4,+0.38%,70
SDST,2023-06-16,105.2,105.2,105.2,105.2,-0.4,-0.38%,50
SDST,2023-06-20,105.4,106,105.2,105.2,0,0.00%,5500
SDST,2023-06-21,106,106,105.8,105.8,0.6,+0.57%,13150
SDST,2023-06-23,105.7,106.003,105.7,105.95,0.15,+0.14%,1910
SDST,2023-07-03,106,106,106,106,0.05,+0.05%,10
SDST,2023-07-05,106,106,106,106,0,0.00%,10
SDST,2023-07-06,106.2,106.2,106.2,106.2,0.2,+0.19%,910
SDST,2023-07-07,106.2,106.2,106.2,106.2,0,0.00%,10
SDST,2023-07-10,106.2,106.2,106.2,106.2,0,0.00%,10
SDST,2023-07-11,106.4,106.4,106.4,106.4,0.2,+0.19%,10
SDST,2023-07-12,106.4,106.8,106.4,106.8,0.4,+0.38%,80
SDST,2023-07-13,106.6,106.8,106.6,106.8,0,0.00%,80
SDST,2023-07-14,106.4,106.4,106.4,106.4,-0.4,-0.37%,10
SDST,2023-07-17,106.8,106.8,106.5,106.5,0.1,+0.09%,520
SDST,2023-07-20,107,107,107,107,0.5,+0.47%,1400
SDST,2023-07-21,107.2,107.2,107.1,107.1,0.1,+0.09%,1510
SDST,2023-07-24,107.5,107.538,107.1,107.1,0,0.00%,460
SDST,2023-07-25,107.1,107.1,107.1,107.1,0,0.00%,10
SDST,2023-07-26,108,108.5,107.9,108,0.9,+0.84%,1340
SDST,2023-07-27,107.3,108,107.3,107.3,-0.7,-0.65%,1070
SDST,2023-07-31,107.1,107.1,107.1,107.1,-0.2,-0.19%,140
SDST,2023-08-01,107.436,107.75,107.436,107.436,0.336,+0.31%,70
SDST,2023-08-02,107.3,107.6,107.3,107.4,-0.036,-0.03%,220
SDST,2023-08-03,108.4,108.4,108.4,108.4,1,+0.93%,10
SDST,2023-08-04,108.4,108.4,107.5,107.95,-0.45,-0.42%,4530
SDST,2023-08-08,108.001,108.15,107.9,107.9,-0.05,-0.05%,490
SDST,2023-08-09,108.1,108.1,108,108.05,0.15,+0.14%,240
SDST,2023-08-10,108,108,108,108,-0.05,-0.05%,20
SDST,2023-08-14,108,108,108,108,0,0.00%,670
SDST,2023-08-15,108.325,108.325,108.2,108.264,0.264,+0.24%,840
SDST,2023-08-16,108.3,112.05,108.3,108.3,0.036,+0.03%,3010
SDST,2023-08-22,108.4,108.4,108.2,108.2,-0.1,-0.09%,210
SDST,2023-08-24,108.3,108.4,108.3,108.4,0.2,+0.18%,220
SDST,2023-08-25,108.5,108.501,108.5,108.5,0.1,+0.09%,1710
SDST,2023-08-29,108.5,108.509,108.5,108.501,0.001,0.00%,200
SDST,2023-08-30,108.8,108.8,108.8,108.8,0.299,+0.28%,20
SDST,2023-08-31,109,109,109,109,0.2,+0.18%,20
SDST,2023-09-05,108.3,109,108.3,109,0,0.00%,1250
SDST,2023-09-06,108.6,108.8,108.6,108.734,-0.266,-0.24%,640
SDST,2023-09-07,108.6,108.6,108.6,108.6,-0.134,-0.12%,300
SDST,2023-09-11,108.6,108.6,108.6,108.6,0,0.00%,20
SDST,2023-09-13,109,109,109,109,0.4,+0.37%,10
SDST,2023-09-14,109,109,109,109,0,0.00%,20
SDST,2023-09-18,108.2,108.4,108.2,108.35,-0.65,-0.60%,2150
SDST,2023-09-19,108.35,108.35,108.322,108.322,-0.028,-0.03%,200
SDST,2023-09-20,108.3,108.3,108.3,108.3,-0.022,-0.02%,120
SDST,2023-09-21,108.4,108.4,108.3,108.3,0,0.00%,2320
SDST,2023-09-22,108.2,108.2,108.2,108.2,-0.1,-0.09%,70
SDST,2023-09-29,108.2,108.2,108.2,108.2,0,0.00%,2730
SDST,2023-10-02,108.1,108.1,108.1,108.1,-0.1,-0.09%,10
SDST,2023-10-03,108.1,108.1,108.1,108.1,0,0.00%,10
SDST,2023-10-04,108.5,108.6,108.4,108.4,0.3,+0.28%,27440
SDST,2023-10-05,108.4,108.6,108.4,108.6,0.2,+0.18%,2020
SDST,2023-10-06,108.8,108.8,108.6,108.6,0,0.00%,3540
SDST,2023-10-09,108.8,108.88,108.8,108.8,0.2,+0.18%,1480
SDST,2023-10-10,109.3,109.3,108.8,108.8,0,0.00%,70
SDST,2023-10-11,108.8,108.8,108.8,108.8,0,0.00%,440
SDST,2023-10-12,108.8,108.8,108.8,108.8,0,0.00%,10
SDST,2023-10-16,109.1,109.1,109.1,109.1,0.3,+0.28%,100
SDST,2023-10-17,109.15,109.2,109.15,109.156,0.056,+0.05%,80
SDST,2023-10-18,109.2,109.2,109.1,109.101,-0.055,-0.05%,100
SDST,2023-10-20,109.15,109.15,109.1,109.15,0.049,+0.04%,410
SDST,2023-10-23,109.1,109.15,109.1,109.1,-0.05,-0.05%,620
SDST,2023-10-24,109.1,109.2,109.1,109.2,0.1,+0.09%,6800
SDST,2023-10-25,109.15,109.2,109.1,109.15,-0.05,-0.05%,270
SDST,2023-10-26,109.1,109.1,109.1,109.1,-0.05,-0.05%,410
SDST,2023-10-27,109.1,109.2,109.1,109.2,0.1,+0.09%,5130
SDST,2023-10-30,109.2,109.4,109.2,109.4,0.2,+0.18%,610
SDST,2023-10-31,109.4,110.4,109.4,110.3,0.9,+0.82%,4760
SDST,2023-11-01,110,110,109.6,109.6,-0.7,-0.63%,5170
SDST,2023-11-06,109.7,109.7,109.7,109.7,0.1,+0.09%,60
SDST,2023-11-08,110,110,109.6,110,0.3,+0.27%,1370
SDST,2023-11-10,110.2,110.2,110.2,110.2,0.2,+0.18%,30
SDST,2023-11-13,110,110,110,110,-0.2,-0.18%,50
SDST,2023-11-14,110,110.2,110,110.2,0.2,+0.18%,1850
SDST,2023-11-16,110,110.2,110,110.1,-0.1,-0.09%,3890
SDST,2023-11-21,111.1,111.1,110,110.3,0.2,+0.18%,5420
SDST,2023-11-27,110.2,110.2,110.2,110.2,-0.1,-0.09%,3340
SDST,2023-12-05,110.352,110.352,110.2,110.2,0,0.00%,7590
SDST,2023-12-06,110.2,110.4,110.2,110.3,0.1,+0.09%,570
SDST,2023-12-08,110.2,110.21,110.2,110.2,-0.1,-0.09%,60
SDST,2023-12-11,110.2,110.4,110.2,110.4,0.2,+0.18%,310
SDST,2023-12-14,110.4,110.4,110.4,110.4,0,0.00%,10010
SDST,2023-12-15,110.4,110.4,110.4,110.4,0,0.00%,60
SDST,2023-12-19,110.5,111,110.5,111,0.6,+0.54%,10180
SDST,2023-12-20,110.952,110.952,110.5,110.5,-0.5,-0.45%,130
SDST,2023-12-21,110.7,110.7,110.7,110.7,0.2,+0.18%,40
SDST,2023-12-26,110.9,111.1,110.9,111.1,0.4,+0.36%,1240
SDST,2023-12-27,110.9,111.1,110.6,110.6,-0.5,-0.45%,710
SDST,2023-12-28,110.4,111.1,110.4,111.1,0.5,+0.45%,1070
SDST,2023-12-29,111.1,111.2,110.699,110.699,-0.401,-0.36%,400
SDST,2024-01-02,111.2,111.2,110.95,110.95,0.251,+0.23%,50
SDST,2024-01-03,110.7,111.1,110.7,111,0.05,+0.05%,42840
SDST,2024-01-04,110.9,111,110.9,111,0,0.00%,52050
SDST,2024-01-05,111.1,111.1,110.9,110.9,-0.1,-0.09%,10440
SDST,2024-01-08,111,111,111,111,0.1,+0.09%,50
SDST,2024-01-10,110.7,110.9,110.4,110.9,-0.1,-0.09%,31020
SDST,2024-01-11,110.6,111,110.2,110.2,-0.7,-0.63%,1730
SDST,2024-01-12,110.4,110.5,110.2,110.2,0,0.00%,70
SDST,2024-01-16,110.1,110.1,110.1,110.1,-0.1,-0.09%,10
SDST,2024-01-18,110.1,110.1,110.1,110.1,0,0.00%,30
SDST,2024-01-19,110.3,110.5,110.3,110.5,0.4,+0.36%,28990
SDST,2024-01-23,110.6,110.6,110.6,110.6,0.1,+0.09%,120
SDST,2024-01-26,110.11,110.7,110.11,110.7,0.1,+0.09%,650
SDST,2024-01-31,110.1,110.4,110.1,110.4,-0.3,-0.27%,100
SDST,2024-02-02,111.4,112.583,111.2,111.223,0.823,+0.75%,360
SDST,2024-02-06,110.7,110.7,110.6,110.6,-0.623,-0.56%,350
SDST,2024-02-07,110.7,112.373,110.6,112.373,1.773,+1.60%,190
SDST,2024-02-08,112,112,110.8,110.8,-1.573,-1.40%,60
SDST,2024-02-13,112,112,112,112,1.2,+1.08%,30
SDST,2024-02-14,111.7,111.9,111.7,111.9,-0.1,-0.09%,30
SDST,2024-02-16,110.1,110.1,110.1,110.1,-1.8,-1.61%,10
SDST,2024-02-20,110.1,110.1,110.1,110.1,0,0.00%,70
SDST,2024-02-21,111,111.9,110.5,110.7,0.6,+0.54%,140
SDST,2024-02-29,110.1,110.1,110.1,110.1,-0.6,-0.54%,10
SDST,2024-03-01,110.624,110.624,110.624,110.624,0.524,+0.48%,30
SDST,2024-03-06,114,114,114,114,3.376,+3.05%,30
SDST,2024-03-12,115.05,115.05,113.6,113.6,-0.4,-0.35%,20
SDST,2024-03-13,112.2,112.2,112.2,112.2,-1.4,-1.23%,10
SDST,2024-03-14,111.9,111.9,111.9,111.9,-0.3,-0.27%,10
SDST,2024-03-19,110.5,110.5,110.5,110.5,-1.4,-1.25%,10
SDST,2024-03-21,110.7,112.8,110.1,110.7,0.2,+0.18%,2750
SDST,2024-03-26,111,111,110.6,110.7,0,0.00%,240
SDST,2024-03-27,111.1,111.2,111.1,111.2,0.5,+0.45%,240
SDST,2024-03-28,112.8,112.8,112.8,112.8,1.6,+1.44%,20
SDST,2024-04-08,112.734,112.734,111.7,111.7,-1.1,-0.98%,30
SDST,2024-04-10,111.5,111.5,111.5,111.5,-0.2,-0.18%,20
SDST,2024-04-12,112,112,112,112,0.5,+0.45%,140
SDST,2024-04-15,113,113,112,112.1,0.1,+0.09%,300
SDST,2024-04-16,114.1,114.1,112,113,0.9,+0.80%,1350
SDST,2024-04-22,114.4,114.4,113.7,113.9,0.9,+0.80%,50
SDST,2024-04-30,112.3,112.3,112.3,112.3,-1.6,-1.40%,10
SDST,2024-05-01,112.1,112.1,112.1,112.1,-0.2,-0.18%,10
SDST,2024-05-02,112.1,112.2,112.1,112.2,0.1,+0.09%,20
SDST,2024-05-03,112,112.3,112,112.3,0.1,+0.09%,1080
SDST,2024-05-06,112.5,112.5,112.5,112.5,0.2,+0.18%,120
SDST,2024-05-07,112.5,112.5,112.5,112.5,0,0.00%,110
SDST,2024-05-08,112.5,112.5,112.5,112.5,0,0.00%,110
SDST,2024-05-20,112.142,113.5,112.142,113.5,1,+0.89%,20
SDST,2024-05-23,113.1,113.5,113.1,113.5,0,0.00%,30
SDST,2024-05-24,113.1,113.1,113.1,113.1,-0.4,-0.35%,80
SDST,2024-05-30,113.4,114.1,112.9,114.1,1,+0.88%,80
SDST,2024-06-11,114,125.5,112.8,116.18,2.08,+1.82%,7730
SDST,2024-06-12,114.7,116.5,114.7,116.5,0.32,+0.28%,590
SDST,2024-06-13,115,120,113.4,114.7,-1.8,-1.55%,1820
SDST,2024-06-14,115.499,115.499,114.55,114.55,-0.15,-0.13%,60
SDST,2024-06-17,115,116.001,113.3,113.4,-1.15,-1.00%,110
SDST,2024-06-18,113.3,113.3,113.3,113.3,-0.1,-0.09%,50
SDST,2024-06-24,114,115.1,113.3,114.9,1.6,+1.41%,650
SDST,2024-06-25,112,115.5,111.1,113.6,-1.3,-1.13%,120
SDST,2024-06-26,111.9,111.9,110.6,110.6,-3.,-2.64%,30
SDST,2024-06-27,107.3,107.3,100.1,106.5,-4.1,-3.71%,170
SDST,2024-06-28,134.9,153.2,117,117.6,11.1,+10.42%,2040
SDST,2024-07-01,105.1,110.8,94.7,109.7,-7.9,-6.72%,440
SDST,2024-07-02,108.7,113.8,107.6,113.7,4,+3.65%,190
SDST,2024-07-03,113.6,113.6,111.602,111.602,-2.098,-1.85%,80
SDST,2024-07-05,108,119,106.5,116.8,5.198,+4.66%,360
SDST,2024-07-08,110,123,89.1,97.4,-19.4,-16.61%,1310
SDST,2024-07-09,118,130.7,88.4,101.7,4.3,+4.41%,83870
SDST,2024-07-10,80.6,84.25,69,73,-28.7,-28.22%,13060
SDST,2024-07-11,74.8,82,69,71.2,-1.8,-2.47%,5680
SDST,2024-07-12,67.4,99,67.4,76.3,5.1,+7.16%,13280
SDST,2024-07-15,72.4,98,65.923,95.8,19.5,+25.56%,11670
SDST,2024-07-16,88.8,114.2,83,100,4.2,+4.38%,6700
SDST,2024-07-17,114.1,279.899,103.45,244.7,144.7,+144.70%,500470
SDST,2024-07-18,249,283.8,190.2,206.8,-37.9,-15.49%,84470
SDST,2024-07-19,185.2,190.799,154.5,159,-47.8,-23.11%,21340
SDST,2024-07-22,165.9,189.3,147.7,147.7,-11.3,-7.11%,13230
SDST,2024-07-23,158.8,160.98,132.8,133.4,-14.3,-9.68%,7670
SDST,2024-07-24,146.7,155,125.001,132.9,-0.5,-0.37%,7620
SDST,2024-07-25,135,137.5,127.3,135.7,2.8,+2.11%,7750
SDST,2024-07-26,138.1,170,131.2,131.2,-4.5,-3.32%,22550
SDST,2024-07-29,135.8,149.4,120,123.2,-8.,-6.10%,9530
SDST,2024-07-30,119.7,127.9,112.3,118.2,-5.,-4.06%,9380
SDST,2024-07-31,123.9,176.2,118.5,149,30.8,+26.06%,38860
SDST,2024-08-01,147.5,163.6,133.4,149.8,0.8,+0.54%,29880
SDST,2024-08-02,150,156.2,137.8,150.9,1.1,+0.73%,7610
SDST,2024-08-05,135.1,139.65,112.15,118.2,-32.7,-21.67%,10060
SDST,2024-08-06,130,134.9,114.001,117.2,-1.,-0.85%,6690
SDST,2024-08-07,116.9,130,116.6,124.9,7.7,+6.57%,6030
SDST,2024-08-08,117.2,128.5,117.2,127.1,2.2,+1.76%,6940
SDST,2024-08-09,125,131.2,117.6,129,1.9,+1.49%,5140
SDST,2024-08-12,116.6,120.1,87.5,88.5,-40.5,-31.40%,9430
SDST,2024-08-13,93.5,104.8,90,101.2,12.7,+14.35%,6860
SDST,2024-08-14,100,104.4,98.5,99.2,-2.,-1.98%,3640
SDST,2024-08-15,99,102.3,89.92,94.5,-4.7,-4.74%,2160
SDST,2024-08-16,93.6,96,86,90,-4.5,-4.76%,6600
SDST,2024-08-19,89,94.9,86.4,89.2,-0.8,-0.89%,2810
SDST,2024-08-20,88.6,95,88.6,92,2.8,+3.14%,2630
SDST,2024-08-21,91.2,103.599,87.001,100.8,8.8,+9.57%,4310
SDST,2024-08-22,98.8,99.1,94.9,96.5,-4.3,-4.27%,2010
SDST,2024-08-23,95,95,85,88.6,-7.9,-8.19%,1610
SDST,2024-08-26,88.7,88.9,75.2,80.1,-8.5,-9.59%,7560
SDST,2024-08-27,79.9,90.2,79.9,87.7,7.6,+9.49%,6530
SDST,2024-08-28,86.7,92.3,86,88.1,0.4,+0.46%,2670
SDST,2024-08-29,85.2,89.8,85.2,86.8,-1.3,-1.48%,380
SDST,2024-08-30,87.2,89.7,84.6,86.5,-0.3,-0.35%,1930
SDST,2024-09-03,82.5,85.15,80.4,81.3,-5.2,-6.01%,700
SDST,2024-09-04,82.2,85.95,80.7,82.9,1.6,+1.97%,3640
SDST,2024-09-05,81.7,84.45,75.3,80.9,-2.,-2.41%,1910
SDST,2024-09-06,74.9,78.6,66,69.3,-11.6,-14.34%,2900
SDST,2024-09-09,72.1,85,72.1,79.3,10,+14.43%,5290
SDST,2024-09-10,80,99.9,72,91.6,12.3,+15.51%,3630
SDST,2024-09-11,92.5,100,92.5,100,8.4,+9.17%,3420
SDST,2024-09-12,95.2,121.4,91.48,101.7,1.7,+1.70%,7000
SDST,2024-09-13,97.6,115,97.4,106.1,4.4,+4.33%,2930
SDST,2024-09-16,107.9,121,106.6,116.2,10.1,+9.52%,10740
SDST,2024-09-17,116.1,125,116.1,124.3,8.1,+6.97%,4430
SDST,2024-09-18,121.5,122.5,111.7,116.3,-8.,-6.44%,4840
SDST,2024-09-19,114,119.8,100.1,116.7,0.4,+0.34%,13140
SDST,2024-09-20,116.7,125.6,111.35,125.1,8.4,+7.20%,43610
SDST,2024-09-23,123.7,124.067,111.2,114.7,-10.4,-8.31%,4460
SDST,2024-09-24,115.2,117.1,114.1,115.6,0.9,+0.78%,1310
SDST,2024-09-25,114.6,114.6,106.3,106.3,-9.3,-8.04%,1870
SDST,2024-09-26,101.7,114.2,101.7,106,-0.3,-0.28%,4140
SDST,2024-09-27,106.7,107,92,96.5,-9.5,-8.96%,3970
SDST,2024-09-30,96.6,96.6,78,81.4,-15.1,-15.65%,6160
SDST,2024-10-01,82.8,83.4,74.1,74.1,-7.3,-8.97%,1690
SDST,2024-10-02,75.1,75.666,70,71.6,-2.5,-3.37%,4240
SDST,2024-10-03,82.5,82.5,73.7,79.5,7.9,+11.03%,12450
SDST,2024-10-04,80.9,83.045,77.4,78.5,-1.,-1.26%,4880
SDST,2024-10-07,80.3,101.2,80.1,89,10.5,+13.38%,19380
SDST,2024-10-08,84.1,91.3,84.1,89.7,0.7,+0.79%,3490
SDST,2024-10-09,91.9,91.9,87.021,88.7,-1.,-1.11%,3040
SDST,2024-10-10,88.4,90,85.7,87,-1.7,-1.92%,2180
SDST,2024-10-11,87,87.173,78.3,80,-7.,-8.05%,2600
SDST,2024-10-14,83.6,83.7,67.9,71.6,-8.4,-10.50%,10260
SDST,2024-10-15,74.7,79.5,72.5,78.8,7.2,+10.06%,6850
SDST,2024-10-16,80,80,76.4,79.2,0.4,+0.51%,1770
SDST,2024-10-17,76.3,83,75,75.4,-3.8,-4.80%,4730
SDST,2024-10-18,74.6,77,74.6,77,1.6,+2.12%,1670
SDST,2024-10-21,76.5,76.5,73.5,75,-2.,-2.60%,2840
SDST,2024-10-22,73.1,75.099,72.1,73.9,-1.1,-1.47%,3400
SDST,2024-10-23,75.4,75.75,72.766,75,1.1,+1.49%,2260
SDST,2024-10-24,73.3,75,73.3,75,0,0.00%,1820
SDST,2024-10-25,74,76,73.229,75,0,0.00%,790
SDST,2024-10-28,76.9,79.8,73.1,77,2,+2.67%,2750
SDST,2024-10-29,77,77.588,74.3,75,-2.,-2.60%,1560
SDST,2024-10-30,77.3,77.5,73.5,76.5,1.5,+2.00%,5370
SDST,2024-10-31,76,76.2,74.8,75.6,-0.9,-1.18%,910
SDST,2024-11-01,76,78.5,73,74.4,-1.2,-1.59%,2130
SDST,2024-11-04,74.4,77.199,71.7,76,1.6,+2.15%,6790
SDST,2024-11-05,76.1,77,71.9,74.6,-1.4,-1.84%,9620
SDST,2024-11-06,75.9,76,73.2,76,1.4,+1.88%,1640
SDST,2024-11-07,76,76.5,75,75.9,-0.1,-0.13%,2660
SDST,2024-11-08,73.2,76,71.4,76,0.1,+0.13%,6880
SDST,2024-11-11,74.6,77.1,73.8,77.1,1.1,+1.45%,770
SDST,2024-11-12,75.1,78,75.006,76.6,-0.5,-0.65%,840
SDST,2024-11-13,79.7,79.7,75.418,76.8,0.2,+0.26%,1730
SDST,2024-11-14,79.7,79.7,71.1,74.4,-2.4,-3.13%,810
SDST,2024-11-15,73.8,73.8,66.4,69.3,-5.1,-6.85%,2510
SDST,2024-11-18,65.8,69.611,65.8,68.1,-1.2,-1.73%,530
SDST,2024-11-19,68,70,68,69.4,1.3,+1.91%,1750
SDST,2024-11-20,70,73.5,66.65,67.4,-2.,-2.88%,1380
SDST,2024-11-21,69.6,74.999,69.1,70.4,3,+4.45%,1390
SDST,2024-11-22,69.1,70,67.5,68,-2.4,-3.41%,930
SDST,2024-11-25,69.8,70,67.37,68.6,0.6,+0.88%,1534
SDST,2024-11-26,67,69.9,66.4,69.1,0.5,+0.73%,831
SDST,2024-11-27,70,70,66.6,67.9,-1.2,-1.74%,630
SDST,2024-11-29,69.6,69.6,66.5,66.5,-1.4,-2.06%,1270
SDST,2024-12-02,65.3,69,63.271,68.3,1.8,+2.71%,2710
SDST,2024-12-03,67,68.7,64.4,67.5,-0.8,-1.17%,1890
SDST,2024-12-04,65.8,67.032,65.1,65.2,-2.3,-3.41%,1380
SDST,2024-12-05,65.5,67.606,65,66.5,1.3,+1.99%,2680
SDST,2024-12-06,65.3,69.1,64.1,68.8,2.3,+3.46%,950
SDST,2024-12-09,68.218,70.25,66.1,67.5,-1.3,-1.89%,1070
SDST,2024-12-10,68.9,68.9,64.1,64.1,-3.4,-5.04%,3130
SDST,2024-12-11,63.3,63.4,58.5,60.1,-4.,-6.24%,1140
SDST,2024-12-12,57.2,61.5,52.1,54.85,-5.25,-8.74%,3280
SDST,2024-12-13,52,60.9,51.2,53.3,-1.55,-2.83%,1290
SDST,2024-12-16,53.4,57.052,52.3,52.6,-0.7,-1.31%,1490
SDST,2024-12-17,55.2,55.2,49,49,-3.6,-6.84%,2520
SDST,2024-12-18,51,53.262,47.3,48.8,-0.2,-0.41%,1800
SDST,2024-12-19,50.8,51.5,46.2,46.2,-2.6,-5.33%,1070
SDST,2024-12-20,46.3,47.911,41.3,45,-1.2,-2.60%,1830
SDST,2024-12-23,43.2,44.9,43.2,44.9,-0.1,-0.22%,830
SDST,2024-12-24,47.6,49.9,43.15,44.5,-0.4,-0.89%,9280
SDST,2024-12-26,45,48.8,43.5,47.3,2.8,+6.29%,3270
SDST,2024-12-27,46.6,46.8,44.8,45.5,-1.8,-3.81%,1610
SDST,2024-12-30,54.1,55,40.3,45.1,-0.4,-0.88%,101790
SDST,2024-12-31,45.1,46.8,35.3,35.8,-9.3,-20.62%,23910
SDST,2025-01-02,40.9,40.9,35.8,36.7,0.9,+2.51%,7220
SDST,2025-01-03,37,41.999,35.01,36.9,0.2,+0.54%,15420
SDST,2025-01-06,36.1,40.1,35.7,38.8,1.9,+5.15%,7570
SDST,2025-01-07,38.8,39.8,37.5,37.9,-0.9,-2.32%,7790
SDST,2025-01-08,37.9,37.95,35.5,35.5,-2.4,-6.33%,3150
SDST,2025-01-10,37.6,37.6,29.4,32.3,-3.2,-9.01%,5950
SDST,2025-01-13,31.6,32.3,26.4,26.9,-5.4,-16.72%,7730
SDST,2025-01-14,26.5,26.9,23.719,26.4,-0.5,-1.86%,3520
SDST,2025-01-15,27.1,27.116,25,25.7,-0.7,-2.65%,2180
SDST,2025-01-16,25.9,26.8,21.5,22,-3.7,-14.40%,10690
SDST,2025-01-17,24,24,20.302,20.4,-1.6,-7.27%,8340
SDST,2025-01-21,20.5,22.1,18,18.1,-2.3,-11.27%,11150
SDST,2025-01-22,18.9,19.7,18.9,19.3,1.2,+6.63%,9080
SDST,2025-01-23,23.5,23.5,12,12.3,-7.,-36.27%,184710
SDST,2025-01-24,13,13.3,11.1,12,-0.3,-2.44%,645430
SDST,2025-01-27,11.6,13.5,10.5,12.8,0.8,+6.67%,147400
SDST,2025-01-28,12.5,12.704,11.3,11.85,-0.95,-7.42%,53490
SDST,2025-01-29,11.5,12.2,11.4,11.7,-0.15,-1.27%,33550
SDST,2025-01-30,11.9,11.9,10.5,11,-0.7,-5.98%,44780
SDST,2025-01-31,11.3,11.5,9.8,10,-1.,-9.09%,62440
SDST,2025-02-03,10,13.7,8.7,10.3,0.3,+3.00%,1494450
SDST,2025-02-04,10,10,7.624,8.799,-1.501,-14.57%,441640
SDST,2025-02-05,8.4,8.503,7.7,8.05,-0.749,-8.51%,117100
SDST,2025-02-06,8.1,8.725,7.92,8.086,0.036,+0.45%,159400
SDST,2025-02-07,8.2,8.2,6.629,6.86,-1.226,-15.16%,126230
SDST,2025-02-10,7.1,8.8,6.86,7.5,0.64,+9.33%,188620
SDST,2025-02-11,7.5,8.65,6.675,7.8,0.3,+4.00%,70760
SDST,2025-02-12,7.8,8,7.5,7.702,-0.098,-1.26%,33530
SDST,2025-02-13,7.8,7.8,6.894,7.45,-0.252,-3.27%,52220
SDST,2025-02-14,7.3,7.552,7.002,7.243,-0.207,-2.78%,52610
SDST,2025-02-18,7.376,7.376,6.669,7,-0.243,-3.35%,59980
SDST,2025-02-19,7,9.3,6.818,7.795,0.795,+11.36%,214720
SDST,2025-02-20,7.62,8.13,7.5,7.614,-0.181,-2.32%,60929
SDST,2025-02-21,7.5,7.832,7.241,7.598,-0.016,-0.21%,30620
SDST,2025-02-24,7.6,7.658,7.037,7.264,-0.334,-4.40%,25630
SDST,2025-02-25,7.264,7.264,6.802,7,-0.264,-3.63%,24770
SDST,2025-02-26,7,7.375,6.899,7.132,0.132,+1.89%,23330
SDST,2025-02-27,7.7,7.7,6.989,7.268,0.136,+1.91%,25940
SDST,2025-02-28,7.3,7.496,6.99,7.447,0.179,+2.46%,24940
SDST,2025-03-03,7.6,7.6,6.8,7.05,-0.397,-5.33%,22200
SDST,2025-03-04,6.845,7.049,6.7,6.924,-0.126,-1.79%,14980
SDST,2025-03-05,7,7.235,6.7,6.86,-0.064,-0.92%,17470
SDST,2025-03-06,6.824,7.2,6.7,7.015,0.155,+2.26%,25500
SDST,2025-03-07,7.015,7.335,6.2,6.926,-0.089,-1.27%,94748
SDST,2025-03-10,6.95,7,6.399,6.527,-0.399,-5.76%,18650
SDST,2025-03-11,6.6,6.6,6.007,6.338,-0.189,-2.90%,31540
SDST,2025-03-12,6.3,6.468,5.32,6.015,-0.323,-5.10%,30160
SDST,2025-03-13,6.19,6.19,5.854,5.991,-0.024,-0.40%,8300
SDST,2025-03-14,6.29,6.29,5.5,6.2,0.209,+3.49%,31090
SDST,2025-03-17,6.354,6.5,5.826,6.12,-0.08,-1.29%,19310
SDST,2025-03-18,6.2,6.285,5.9,6.1,-0.02,-0.33%,11680
SDST,2025-03-19,6.1,6.414,6.047,6.131,0.031,+0.51%,26630
SDST,2025-03-20,6.4,7,6.2,6.698,0.567,+9.25%,45200
SDST,2025-03-21,6.9,6.95,6.5,6.599,-0.099,-1.48%,23710
SDST,2025-03-24,6.797,7.047,6.6,6.657,0.058,+0.88%,34480
SDST,2025-03-25,7.3,7.361,6.859,6.875,0.218,+3.27%,66590
SDST,2025-03-26,7.2,7.2,6.536,6.839,-0.036,-0.52%,49780
SDST,2025-03-27,6.829,7.019,6.557,6.831,-0.008,-0.12%,30770
SDST,2025-03-28,6.158,6.158,4.101,4.95,-1.881,-27.54%,99770
SDST,2025-03-31,4.95,5.044,4.541,4.716,-0.234,-4.73%,19170
SDST,2025-04-01,4.825,5,4.41,4.94,0.224,+4.75%,17520
SDST,2025-04-02,5.19,5.7,5,5.363,0.423,+8.56%,21550
SDST,2025-04-03,5.27,5.369,4.801,5.05,-0.313,-5.84%,20960
SDST,2025-04-04,5.1,5.185,4.9,5.057,0.007,+0.14%,17350
SDST,2025-04-07,5,5.2,4.2,5.1,0.043,+0.85%,25140
SDST,2025-04-08,5.205,5.5,4.773,5.057,-0.043,-0.84%,14540
SDST,2025-04-09,5.083,5.18,4.783,5.057,0,0.00%,9900
SDST,2025-04-10,5.3,5.7,5.2,5.578,0.521,+10.30%,25690
SDST,2025-04-11,5.77,6.347,5.626,6.17,0.592,+10.61%,25430
SDST,2025-04-14,6.17,6.4,5.92,6.375,0.205,+3.32%,14270
SDST,2025-04-15,6.425,6.497,6.15,6.42,0.045,+0.71%,14660
SDST,2025-04-16,6.482,6.482,6.1,6.29,-0.13,-2.02%,17660
SDST,2025-04-17,6.2,6.5,5.823,6.1,-0.19,-3.02%,13900
SDST,2025-04-21,5.9,6.024,5.6,5.718,-0.382,-6.26%,13160
SDST,2025-04-22,5.859,5.985,5.26,5.3,-0.418,-7.31%,24630
SDST,2025-04-23,5.89,5.89,5,5.1,-0.2,-3.77%,22720
SDST,2025-04-24,5.3,5.3,4.95,5.06,-0.04,-0.78%,25570
SDST,2025-04-25,5.2,5.244,4.9,5,-0.06,-1.19%,46340
SDST,2025-04-28,5.2,5.2,4.901,4.95,-0.05,-1.00%,27430
SDST,2025-04-29,5,5.08,4.741,4.953,0.003,+0.06%,15700
SDST,2025-04-30,4.956,5.059,4.902,4.999,0.046,+0.93%,22600
SDST,2025-05-01,5,5.05,4.967,4.991,-0.008,-0.16%,14420
SDST,2025-05-02,5.1,5.1,4.9,4.99,-0.001,-0.02%,46040
SDST,2025-05-05,5.1,5.197,4.51,4.873,-0.117,-2.34%,455460
SDST,2025-05-06,4.613,5.048,4.55,4.8,-0.073,-1.50%,49530
SDST,2025-05-07,4.863,5.062,4.801,4.984,0.184,+3.83%,56710
SDST,2025-05-08,5.05,5.689,4.928,5.432,0.448,+8.99%,62180
SDST,2025-05-09,5.5,5.5,4.93,5.005,-0.427,-7.86%,93150
SDST,2025-05-12,5.184,6.381,5.121,6.11,1.105,+22.08%,177170
SDST,2025-05-13,6.2,8.432,6.141,7.451,1.341,+21.95%,253710
SDST,2025-05-14,7.7,7.889,6.556,7.151,-0.3,-4.03%,143320
SDST,2025-05-15,7,7.019,6.333,6.407,-0.744,-10.40%,50600
SDST,2025-05-16,6.7,6.99,6.3,6.98,0.573,+8.94%,45490
SDST,2025-05-19,7,7.399,5.13,5.532,-1.448,-20.74%,200490
SDST,2025-05-20,5.751,6.067,5.451,6.067,0.535,+9.67%,75860
SDST,2025-05-21,5.78,6.344,5.78,6.056,-0.011,-0.18%,43500
SDST,2025-05-22,6.3,6.3,5.9,6.075,0.019,+0.31%,33370
SDST,2025-05-23,6.148,6.288,5.986,6.068,-0.007,-0.12%,22670
SDST,2025-05-27,6.038,6.19,5.753,5.911,-0.157,-2.59%,30750
SDST,2025-05-28,5.836,6.065,5.773,6.06,0.149,+2.52%,12530
SDST,2025-05-29,6.2,6.392,5.999,6.188,0.128,+2.11%,46080
SDST,2025-05-30,6.2,6.498,6.06,6.226,0.038,+0.61%,19600
SDST,2025-06-02,6.197,6.804,6.18,6.67,0.444,+7.13%,36190
SDST,2025-06-03,6.7,6.733,6.283,6.578,-0.092,-1.38%,35030
SDST,2025-06-04,6.561,6.561,6.225,6.44,-0.138,-2.10%,31410
SDST,2025-06-05,6.3,6.4,6.012,6.251,-0.189,-2.93%,16410
SDST,2025-06-06,6.32,6.46,6.099,6.264,0.013,+0.21%,17080
SDST,2025-06-09,6.3,6.45,6,6.143,-0.121,-1.93%,26880
SDST,2025-06-10,6.202,6.483,6.044,6.14,-0.003,-0.05%,15100
SDST,2025-06-11,5.956,5.964,4.806,5.398,-0.742,-12.08%,193860
SDST,2025-06-12,5.626,5.756,5.1,5.29,-0.108,-2.00%,55409
SDST,2025-06-13,5.341,5.5,5.2,5.397,0.107,+2.02%,29470
SDST,2025-06-16,5.5,5.599,3.7,3.883,-1.514,-28.05%,396820
SDST,2025-06-17,1.7,1.995,1.425,1.839,-2.044,-52.64%,3937130
SDST,2025-06-18,1.88,1.98,1.85,1.93,0.091,+4.95%,609640
SDST,2025-06-20,2.03,2.1,1.801,1.814,-0.116,-6.01%,587540
SDST,2025-06-23,1.94,2.009,1.72,1.89,0.076,+4.19%,887830
SDST,2025-06-24,1.9,1.977,1.85,1.923,0.033,+1.75%,412750
SDST,2025-06-25,1.943,2.059,1.902,2.03,0.107,+5.56%,363280
SDST,2025-06-26,1.85,2,1.8,2,-0.03,-1.48%,259450
SDST,2025-06-27,1.998,2.039,1.935,1.98,-0.02,-1.00%,253260
SDST,2025-06-30,1.983,1.995,1.85,1.97,-0.01,-0.51%,209640
SDST,2025-07-01,1.987,2,1.801,1.945,-0.025,-1.27%,200410
SDST,2025-07-02,1.947,2.18,1.9,2.055,0.11,+5.66%,527430
SDST,2025-07-03,2.098,2.152,2,2.067,0.012,+0.58%,72270
SDST,2025-07-07,2,2.2,1.999,2.08,0.013,+0.63%,285640
SDST,2025-07-08,2.115,2.3,2.06,2.256,0.176,+8.46%,271130
SDST,2025-07-09,2.35,2.582,2.231,2.35,0.094,+4.17%,385650
SDST,2025-07-10,2.3,2.425,2.144,2.309,-0.041,-1.74%,192860
SDST,2025-07-11,2.3,2.525,2.28,2.52,0.211,+9.14%,3255670
SDST,2025-07-14,5.378,6.22,4.3,4.745,2.225,+88.29%,38629672
SDST,2025-07-15,3.897,4.75,3.897,4.138,-0.607,-12.79%,1500850
SDST,2025-07-16,3.957,4.5,3.7,4.29,0.152,+3.67%,756290
SDST,2025-07-17,4.2,4.45,4.046,4.222,-0.068,-1.59%,368040
SDST,2025-07-18,4.067,4.14,3.51,3.9,-0.322,-7.63%,343510
SDST,2025-07-21,4.1,4.178,3.923,3.979,0.079,+2.03%,209130
SDST,2025-07-22,3.965,4.05,3.594,3.98,0.001,+0.03%,322410
SDST,2025-07-23,4,5.8,3.9,4.911,0.931,+23.39%,2408950
SDST,2025-07-24,4.98,6.24,4.9,5.49,0.579,+11.79%,1263720
SDST,2025-07-25,5.8,6.012,5.115,5.265,-0.225,-4.10%,463920
SDST,2025-07-28,5.2,5.269,4.6,4.606,-0.659,-12.52%,332330
SDST,2025-07-29,4.6,4.946,4.323,4.617,0.011,+0.24%,201190
SDST,2025-07-30,4.728,4.728,4.103,4.21,-0.407,-8.82%,154880
SDST,2025-07-31,4.25,4.5,4.2,4.216,0.006,+0.14%,98210
SDST,2025-08-01,4.2,4.294,3.92,4.118,-0.098,-2.32%,133000
SDST,2025-08-04,4.32,4.653,4.2,4.411,0.293,+7.12%,150530
SDST,2025-08-05,4.411,4.585,4.043,4.153,-0.258,-5.85%,112190
SDST,2025-08-06,4.128,4.299,3.921,4.03,-0.123,-2.96%,138480
SDST,2025-08-07,4,4.045,3.76,4.007,-0.023,-0.57%,106510
SDST,2025-08-08,4.003,4.1,3.85,4.015,0.008,+0.20%,72740
SDST,2025-08-11,4.067,4.274,3.942,4.013,-0.002,-0.05%,108700
SDST,2025-08-12,3.9,4.083,3.607,3.721,-0.292,-7.28%,199290
SDST,2025-08-13,3.7,4.069,3.7,4.065,0.344,+9.24%,182560
SDST,2025-08-14,4.09,4.551,4.001,4.265,0.2,+4.92%,191270
SDST,2025-08-15,4.176,4.265,3.877,4.064,-0.201,-4.71%,122080
SDST,2025-08-18,4,4.2,4,4.1,0.036,+0.89%,85720
SDST,2025-08-19,4.1,4.162,3.9,3.999,-0.101,-2.46%,84100
SDST,2025-08-20,3.902,3.999,3.75,3.9,-0.099,-2.48%,79830
SDST,2025-08-21,3.9,3.9,3.785,3.845,-0.055,-1.41%,61540
SDST,2025-08-22,3.845,4.1,3.622,4.001,0.156,+4.06%,121630
SDST,2025-08-25,4,4.291,3.999,4.187,0.186,+4.65%,111820
SDST,2025-08-26,4.21,4.246,4.053,4.134,-0.053,-1.27%,49380
SDST,2025-08-27,4.134,4.179,4.001,4.004,-0.13,-3.14%,67640
SDST,2025-08-28,4.1,4.1,3.947,4,-0.004,-0.10%,34070
SDST,2025-08-29,4.19,4.2,3.93,4.016,0.016,+0.40%,53270
SDST,2025-09-02,4.1,4.1,3.815,3.885,-0.131,-3.26%,42840
SDST,2025-09-03,3.975,3.998,3.75,3.875,-0.01,-0.26%,71830
SDST,2025-09-04,3.046,3.317,2.75,3.107,-0.768,-19.82%,523720
SDST,2025-09-05,3.3,3.331,3.006,3.007,-0.1,-3.22%,120410
SDST,2025-09-08,2.95,3,2.5801,2.93,-0.077,-2.56%,196300
SDST,2025-09-09,2.85,2.8897,2.69,2.79,-0.14,-4.78%,195800
SDST,2025-09-10,2.82,2.83,2.66,2.7,-0.09,-3.23%,186700
SDST,2025-09-11,2.7,2.8799,2.651,2.85,0.15,+5.56%,125400
SDST,2025-09-12,2.84,2.9,2.77,2.8,-0.05,-1.75%,128900
SDST,2025-09-15,2.78,2.794,2.62,2.72,-0.08,-2.86%,144100
SDST,2025-09-16,2.7,2.802,2.6501,2.7,-0.02,-0.74%,78600
SDST,2025-09-17,2.71,2.95,2.6713,2.9,0.2,+7.41%,141100
SDST,2025-09-18,2.88,2.959,2.75,2.85,-0.05,-1.72%,135200
SDST,2025-09-19,2.84,2.88,2.72,2.84,-0.01,-0.35%,266600
SDST,2025-09-22,2.85,2.85,2.68,2.7,-0.14,-4.93%,232900
SDST,2025-09-23,2.7,2.78,2.66,2.75,0.05,+1.85%,615800
SDST,2025-09-24,2.91,3.478,2.87,3.42,0.67,+24.36%,2143500
SDST,2025-09-25,3.14,3.69,3.11,3.3,-0.12,-3.51%,351600
SDST,2025-09-26,3.33,3.35,3.08,3.13,-0.17,-5.15%,356100
SDST,2025-09-29,3.13,3.1996,2.9697,3.08,-0.05,-1.60%,352600
SDST,2025-09-30,3.1,3.2,3.01,3.1,0.02,+0.65%,223400
SDST,2025-10-01,3.15,3.34,3.06,3.23,0.13,+4.19%,191400
SDST,2025-10-02,3.29,3.3,3.1,3.19,-0.04,-1.24%,145300
SDST,2025-10-03,3.2,3.72,3.18,3.66,0.47,+14.73%,476800
SDST,2025-10-06,3.75,4.1699,3.75,4,0.34,+9.29%,533500
SDST,2025-10-07,4.06,4.28,3.821,3.99,-0.01,-0.25%,240000
SDST,2025-10-08,4.01,4.313,4.01,4.18,0.19,+4.76%,177800
SDST,2025-10-09,4.31,4.31,3.8417,3.92,-0.26,-6.22%,216500
SDST,2025-10-10,3.89,4.23,3.78,3.85,-0.07,-1.79%,222300
SDST,2025-10-13,3.99,5.39,3.945,5.14,1.29,+33.51%,1355000
SDST,2025-10-14,5.46,7.45,5.4,7.09,1.95,+37.94%,3795200
SDST,2025-10-15,6.96,7.67,5.61,6.1,-0.99,-13.96%,1089200
SDST,2025-10-16,6.05,6.05,4.76,5.26,-0.84,-13.77%,642600
SDST,2025-10-17,4.91,5.4499,4.8,5.31,0.05,+0.95%,440900
SDST,2025-10-20,5.31,5.55,4.8336,5.27,-0.04,-0.75%,303700
SDST,2025-10-21,5.18,5.2715,4.35,4.67,-0.6,-11.39%,1001600
SDST,2025-10-22,4.34,4.61,4.18,4.52,-0.15,-3.21%,329600
SDST,2025-10-23,4.55,4.86,4.4202,4.77,0.25,+5.53%,221900
SDST,2025-10-24,4.92,5.22,4.802,4.93,0.16,+3.35%,184200
SDST,2025-10-27,5,5,4.5,4.79,-0.14,-2.84%,139500
SDST,2025-10-28,4.76,4.98,4.5,4.94,0.15,+3.13%,159700
SDST,2025-10-29,4.91,5.2,4.7188,4.93,-0.01,-0.20%,113300
SDST,2025-10-30,4.82,5.02,4.55,4.65,-0.28,-5.68%,184300
SDST,2025-10-31,4.67,4.8317,4.35,4.4,-0.25,-5.38%,233600
SDST,2025-11-03,4.01,4.38,3.9,3.97,-0.43,-9.77%,2316100
SDST,2025-11-04,3.9,4,3.69,3.78,-0.19,-4.79%,568400
SDST,2025-11-05,3.79,4.23,3.73,4.04,0.26,+6.88%,250500
SDST,2025-11-06,4.08,4.184,3.86,3.9,-0.14,-3.47%,158000
SDST,2025-11-07,3.81,4.21,3.63,4.15,0.25,+6.41%,226400
SDST,2025-11-10,4.28,4.725,4.2565,4.64,0.49,+11.81%,139100
SDST,2025-11-11,4.62,4.62,4,4.04,-0.6,-12.93%,189500
SDST,2025-11-12,4.05,4.28,4,4.235,0.195,+4.83%,118400
SDST,2025-11-13,4.25,4.3376,3.6,3.62,-0.615,-14.52%,178000
SDST,2025-11-14,3.57,3.8599,3.57,3.695,0.075,+2.07%,82400
SDST,2025-11-17,3.63,3.6338,3.16,3.24,-0.455,-12.31%,174500
SDST,2025-11-18,3.27,3.54,3.175,3.48,0.24,+7.41%,96200
SDST,2025-11-19,3.54,3.9,3.45,3.69,0.21,+6.03%,150000
SDST,2025-11-20,3.73,3.83,3.45,3.49,-0.2,-5.42%,137200
SDST,2025-11-21,3.49,3.49,3.21,3.25,-0.24,-6.88%,97400
SDST,2025-11-24,3.25,3.4185,3.145,3.2,-0.05,-1.54%,92000
SDST,2025-11-25,3.25,3.48,3.19,3.29,0.09,+2.81%,47100
SDST,2025-11-26,3.35,3.59,3.31,3.43,0.14,+4.26%,85000
SDST,2025-11-28,3.43,3.61,3.42,3.54,0.11,+3.21%,55800
SDST,2025-12-01,3.4,3.45,3.21,3.21,-0.33,-9.32%,46300
SDST,2025-12-02,3.3,3.4438,3.25,3.37,0.16,+4.98%,66100
SDST,2025-12-03,3.39,3.53,3.06,3.43,0.06,+1.78%,155600
SDST,2025-12-04,3.43,3.74,3.42,3.61,0.18,+5.25%,79800
SDST,2025-12-05,3.62,3.675,3.45,3.51,-0.1,-2.77%,60400
SDST,2025-12-08,3.55,3.785,3.4151,3.62,0.11,+3.13%,99800
SDST,2025-12-09,3.6,3.75,3.53,3.61,-0.01,-0.28%,70300
SDST,2025-12-10,3.63,3.73,3.53,3.64,0.03,+0.83%,67900
SDST,2025-12-11,3.58,4.025,3.58,3.905,0.265,+7.28%,117400
SDST,2025-12-12,3.93,3.972,3.6405,3.75,-0.155,-3.97%,68300
SDST,2025-12-15,3.76,3.9,3.4,3.4,-0.35,-9.33%,84800
SDST,2025-12-16,3.42,3.54,3.29,3.47,0.07,+2.06%,72300
SDST,2025-12-17,3.47,3.57,3.29,3.29,-0.18,-5.19%,50400
SDST,2025-12-18,3.55,3.55,3.25,3.34,0.05,+1.52%,52300
SDST,2025-12-19,3.4,3.53,2.89,3.25,-0.09,-2.69%,222500
SDST,2025-12-22,3.35,3.56,3.26,3.265,0.015,+0.46%,114100
SDST,2025-12-23,3.25,3.31,3.04,3.04,-0.225,-6.89%,91500
SDST,2025-12-24,3.07,3.18,2.9,3.09,0.05,+1.64%,179300
SDST,2025-12-26,3.15,3.3499,3.03,3.16,0.07,+2.27%,95300
SDST,2025-12-29,3.16,3.2,3.03,3.12,-0.04,-1.27%,82000
SDST,2025-12-30,3.12,3.185,3.058,3.16,0.04,+1.28%,81700
SDST,2025-12-31,3.17,3.2274,2.98,3.06,-0.1,-3.16%,80300
SDST,2026-01-02,3.06,3.42,3,3.41,0.35,+11.44%,81800
SDST,2026-01-05,3.41,3.7452,3.41,3.57,0.16,+4.69%,103700
SDST,2026-01-06,3.57,3.68,3.41,3.62,0.05,+1.40%,58800
SDST,2026-01-07,3.64,3.8,3.54,3.73,0.11,+3.04%,145100
SDST,2026-01-08,3.67,3.8,3.595,3.71,-0.02,-0.54%,57000
SDST,2026-01-09,3.65,3.79,3.5701,3.62,-0.09,-2.43%,56500
SDST,2026-01-12,3.43,4.04,3.43,3.94,0.32,+8.84%,143000
SDST,2026-01-13,3.86,3.86,3.695,3.73,-0.21,-5.33%,57500
SDST,2026-01-14,3.67,4.06,3.66,3.79,0.06,+1.61%,110700
SDST,2026-01-15,3.77,3.95,3.64,3.65,-0.14,-3.69%,145200
SDST,2026-01-16,3.64,3.95,3.61,3.78,0.13,+3.56%,80600
SDST,2026-01-20,3.82,4.54,3.62,3.94,0.16,+4.23%,15196100
SDST,2026-01-21,4,4.19,3.85,4.02,0.08,+2.03%,534400
SDST,2026-01-22,4.03,4.78,3.9701,4.53,0.51,+12.69%,807800
SDST,2026-01-23,4.57,4.87,4.2701,4.63,0.1,+2.21%,314300
SDST,2026-01-26,4.7,4.83,4.15,4.28,-0.35,-7.56%,236300
SDST,2026-01-27,4.3,4.44,4.1,4.4,0.12,+2.80%,105400
SDST,2026-01-28,4.34,4.58,4.2251,4.51,0.11,+2.50%,138100
SDST,2026-01-29,4.49,4.5,4.15,4.38,-0.13,-2.88%,143700
SDST,2026-01-30,4.3,4.36,3.89,4.06,-0.32,-7.31%,237800
SDST,2026-02-02,4.06,4.185,4.0001,4.07,0.01,+0.25%,94000
SDST,2026-02-03,4.03,4.105,3.87,3.94,-0.13,-3.19%,85900
SDST,2026-02-04,3.79,3.99,3.6,3.83,-0.11,-2.79%,105900
SDST,2026-02-05,3.69,3.94,3.49,3.49,-0.34,-8.88%,77800
SDST,2026-02-06,3.65,3.88,3.53,3.7,0.21,+6.02%,130000
SDST,2026-02-09,3.7,3.91,3.7,3.86,0.16,+4.32%,41000
SDST,2026-02-10,3.82,3.94,3.74,3.77,-0.09,-2.33%,34600
SDST,2026-02-11,3.79,3.93,3.57,3.57,-0.2,-5.31%,46400
SDST,2026-02-12,3.51,3.58,3.26,3.32,-0.25,-7.00%,112200
SDST,2026-02-13,3.35,3.57,3.3281,3.42,0.1,+3.01%,45900
SDST,2026-02-17,3.44,3.51,3.3,3.36,-0.06,-1.75%,44200
SDST,2026-02-18,3.38,3.89,3.38,3.6,0.24,+7.14%,78000
SDST,2026-02-19,3.57,3.725,3.32,3.69,0.09,+2.50%,31400
SDST,2026-02-20,3.68,3.7532,3.47,3.58,-0.11,-2.98%,28500
SDST,2026-02-23,3.56,3.56,3.4,3.48,-0.1,-2.79%,20000
SDST,2026-02-24,3.49,3.62,3.4,3.62,0.14,+4.02%,27300
SDST,2026-02-25,3.65,3.89,3.485,3.58,-0.04,-1.10%,119900
SDST,2026-02-26,3.52,3.62,3.39,3.49,-0.09,-2.51%,70200
SDST,2026-02-27,3.36,3.545,3.32,3.43,-0.06,-1.72%,46900
SDST,2026-03-02,3.37,3.4999,3.3,3.41,-0.02,-0.58%,25100
SDST,2026-03-03,3.37,3.41,3.2101,3.33,-0.08,-2.35%,46700
SDST,2026-03-04,3.29,3.52,3.29,3.45,0.12,+3.60%,77700
SDST,2026-03-05,3.4,3.4999,3.25,3.38,-0.07,-2.03%,34600
SDST,2026-03-06,3.41,3.41,3.164,3.19,-0.19,-5.62%,29902
SDST,2026-03-09,3.18,3.31,3.0306,3.18,-0.01,-0.31%,81100
SDST,2026-03-10,3.15,3.415,3.15,3.33,0.15,+4.72%,77700
SDST,2026-03-11,3.31,3.4699,3.25,3.28,-0.05,-1.50%,22900
SDST,2026-03-12,3.22,3.44,3.2,3.22,-0.06,-1.83%,29300
SDST,2026-03-13,3.17,3.2143,2.82,2.83,-0.39,-12.11%,123500
SDST,2026-03-16,2.93,2.93,2.83,2.85,0.02,+0.71%,39800
SDST,2026-03-17,2.88,2.98,2.61,2.83,-0.02,-0.70%,173600
SDST,2026-03-18,2.82,2.855,2.305,2.39,-0.44,-15.55%,242100
SDST,2026-03-19,2.46,2.5,2.39,2.41,0.02,+0.84%,60100
SDST,2026-03-20,2.41,2.458,2.24,2.45,0.04,+1.66%,175900
SDST,2026-03-23,2.46,2.59,2.4,2.46,0.01,+0.41%,46700
SDST,2026-03-24,2.46,2.5088,2.17,2.45,-0.01,-0.41%,144400
SDST,2026-03-25,2.45,2.65,2.45,2.61,0.16,+6.53%,51200
SDST,2026-03-26,2.64,2.65,2.31,2.32,-0.29,-11.11%,95400
SDST,2026-03-27,2.37,2.395,2.35,2.38,0.06,+2.59%,46000
SDST,2026-03-30,2.44,2.5136,2.1201,2.17,-0.21,-8.82%,93100
SDST,2026-03-31,2.24,2.41,2.205,2.36,0.19,+8.76%,83000
SDST,2026-04-01,2.42,2.61,2.37,2.57,0.21,+8.90%,48600
SDST,2026-04-02,2.48,2.81,2.455,2.73,0.16,+6.23%,62400
SDST,2026-04-06,2.73,2.78,2.645,2.78,0.05,+1.83%,64900
SDST,2026-04-07,2.72,2.7439,2.65,2.68,-0.1,-3.60%,19900
SDST,2026-04-08,2.78,2.79,2.63,2.78,0.1,+3.73%,99400
SDST,2026-04-09,2.73,2.88,2.65,2.75,-0.03,-1.08%,71800
SDST,2026-04-10,2.78,2.81,2.56,2.63,-0.12,-4.36%,79000
SDST,2026-04-13,2.61,2.75,2.51,2.72,0.09,+3.42%,59000
SDST,2026-04-14,2.77,2.81,2.67,2.71,-0.01,-0.37%,62500
SDST,2026-04-15,2.66,2.91,2.65,2.78,0.07,+2.58%,49300
SDST,2026-04-16,2.74,2.94,2.7,2.9,0.12,+4.32%,45200
SDST,2026-04-17,2.84,3.06,2.84,2.95,0.05,+1.72%,72400
SDST,2026-04-20,3.38,3.39,2.62,2.82,-0.13,-4.41%,3872100
SDST,2026-04-21,2.92,2.95,2.5507,2.62,-0.2,-7.09%,304400
SDST,2026-04-22,2.68,2.89,2.54,2.84,0.22,+8.40%,140900
SDST,2026-04-23,2.8,2.84,2.6101,2.78,-0.06,-2.11%,62000
SDST,2026-04-24,2.73,2.73,2.58,2.58,-0.2,-7.19%,115500
SEAT,2021-10-19,247,263.2,222.2,261.8,259.22,"+10,047.29%",39145
SEAT,2021-10-20,262.8,266.2,251.552,265,3.2,+1.22%,28855
SEAT,2021-10-21,266.2,268,242.6,245.8,-19.2,-7.25%,27690
SEAT,2021-10-22,247.6,252.2,233.2,237.8,-8.,-3.25%,15920
SEAT,2021-10-25,242,258.6,240,257,19.2,+8.07%,32620
SEAT,2021-10-26,257.6,271.2,250.4,270,13,+5.06%,24365
SEAT,2021-10-27,266.4,276.4,250.8,275,5,+1.85%,16865
SEAT,2021-10-28,280,287,272,273,-2.,-0.73%,20665
SEAT,2021-10-29,270.6,276.6,260.4,270,-3.,-1.10%,27284
SEAT,2021-11-01,270.8,271.6,260,262.2,-7.8,-2.89%,13950
SEAT,2021-11-02,263.2,263.6,249.2,260.4,-1.8,-0.69%,17960
SEAT,2021-11-03,259.2,269,255.33,267.2,6.8,+2.61%,15440
SEAT,2021-11-04,267.2,272.2,258.6,266,-1.2,-0.45%,14185
SEAT,2021-11-05,270.6,275.998,261.2,267.8,1.8,+0.68%,14650
SEAT,2021-11-08,266.6,278,247.1,268.2,0.4,+0.15%,42555
SEAT,2021-11-09,272.2,277,268.2,270.4,2.2,+0.82%,17665
SEAT,2021-11-10,273.6,275.6,259.2,263.2,-7.2,-2.66%,127085
SEAT,2021-11-11,263.6,275.132,261.4,264,0.8,+0.30%,8480
SEAT,2021-11-12,261.6,269.8,260,265,1,+0.38%,15795
SEAT,2021-11-15,276.6,279.4,260,264,-1.,-0.38%,39440
SEAT,2021-11-16,269.2,269.2,249.4,255,-9.,-3.41%,15115
SEAT,2021-11-17,251.6,257,242.4,251,-4.,-1.57%,12585
SEAT,2021-11-18,260,260,249.4,253.4,2.4,+0.96%,7945
SEAT,2021-11-19,254,259.8,246.6,246.6,-6.8,-2.68%,9290
SEAT,2021-11-22,245.8,253.912,242.4,250.6,4,+1.62%,15055
SEAT,2021-11-23,249.6,249.6,230,235,-15.6,-6.23%,29495
SEAT,2021-11-24,233,233,224,231,-4.,-1.70%,15260
SEAT,2021-11-26,225.8,234,213.4,233.6,2.6,+1.13%,13205
SEAT,2021-11-29,231.6,237.2,224.8,232,-1.6,-0.68%,13695
SEAT,2021-11-30,232,235.78,220.4,232,0,0.00%,15265
SEAT,2021-12-01,233.8,238.6,215.8,217.2,-14.8,-6.38%,24040
SEAT,2021-12-02,219.2,221.4,203.2,212,-5.2,-2.39%,45755
SEAT,2021-12-03,212,215.6,194,201.4,-10.6,-5.00%,28250
SEAT,2021-12-06,203.2,214.2,196.8,206.2,4.8,+2.38%,32160
SEAT,2021-12-07,209,219.4,208,212,5.8,+2.81%,17150
SEAT,2021-12-08,213,227.4,213,220,8,+3.77%,18810
SEAT,2021-12-09,219.8,221.2,204.8,206.2,-13.8,-6.27%,18765
SEAT,2021-12-10,207.8,209.2,202.2,203,-3.2,-1.55%,15795
SEAT,2021-12-13,200,209.6,197.4,198.8,-4.2,-2.07%,10850
SEAT,2021-12-14,203,208.4,195,199,0.2,+0.10%,16300
SEAT,2021-12-15,198.8,209.8,193.6,203,4,+2.01%,62615
SEAT,2021-12-16,206,210.2,187.8,196.4,-6.6,-3.25%,89835
SEAT,2021-12-17,192.8,199.6,187.6,194,-2.4,-1.22%,127299
SEAT,2021-12-20,189.8,199.4,189.4,191.2,-2.8,-1.44%,50405
SEAT,2021-12-21,190.4,211.6,190.4,206.2,15,+7.85%,59640
SEAT,2021-12-22,206.2,220.2,200.8,218.2,12,+5.82%,16490
SEAT,2021-12-23,217.6,221.8,212,216.2,-2.,-0.92%,6800
SEAT,2021-12-27,216.4,223,208.8,221.8,5.6,+2.59%,8820
SEAT,2021-12-28,221.6,225,215.2,215.8,-6.,-2.71%,5035
SEAT,2021-12-29,215.6,220.2,210.6,217.2,1.4,+0.65%,5175
SEAT,2021-12-30,219.4,223.4,217.4,220,2.8,+1.29%,11220
SEAT,2021-12-31,214.2,223.4,214.2,217.6,-2.4,-1.09%,7350
SEAT,2022-01-03,226.8,235.2,221,230.4,12.8,+5.88%,52360
SEAT,2022-01-04,239.8,240,230.2,236.8,6.4,+2.78%,17815
SEAT,2022-01-05,234,237.998,230.2,231.2,-5.6,-2.36%,24740
SEAT,2022-01-06,233.6,235.6,221.4,233.8,2.6,+1.12%,17870
SEAT,2022-01-07,234.4,234.4,225.4,227,-6.8,-2.91%,12160
SEAT,2022-01-10,227,227,217.6,219.8,-7.2,-3.17%,72680
SEAT,2022-01-11,219.2,228.4,219.2,222.2,2.4,+1.09%,38495
SEAT,2022-01-12,225,225,210,218.6,-3.6,-1.62%,47650
SEAT,2022-01-13,220,225.6,213.6,215,-3.6,-1.65%,23265
SEAT,2022-01-14,213.8,222.6,211.8,222,7,+3.26%,16450
SEAT,2022-01-18,217.4,220.2,211.2,216.4,-5.6,-2.52%,14885
SEAT,2022-01-19,218.4,223.6,211.1,212.6,-3.8,-1.76%,9675
SEAT,2022-01-20,210,211.8,202.9,203.2,-9.4,-4.42%,16275
SEAT,2022-01-21,201.4,202.6,184.1,186.8,-16.4,-8.07%,59025
SEAT,2022-01-24,183.6,193.6,172.2,192.2,5.4,+2.89%,146220
SEAT,2022-01-25,187.4,192.2,181.5,184.4,-7.8,-4.06%,19010
SEAT,2022-01-26,187.2,190.2,172,172,-12.4,-6.72%,80575
SEAT,2022-01-27,173.4,173.4,160.2,162.8,-9.2,-5.35%,35410
SEAT,2022-01-28,163.4,167.2,156.8,164.2,1.4,+0.86%,21920
SEAT,2022-01-31,165.2,179.6,165.2,178,13.8,+8.40%,39380
SEAT,2022-02-01,178.4,188.6,177.8,187.4,9.4,+5.28%,13530
SEAT,2022-02-02,190,190,171,172.6,-14.8,-7.90%,32584
SEAT,2022-02-03,168.6,171.37,165.1,166.6,-6.,-3.48%,20540
SEAT,2022-02-04,166.2,175.6,165.2,174.4,7.8,+4.68%,12790
SEAT,2022-02-07,174.2,183.6,174.2,182,7.6,+4.36%,22730
SEAT,2022-02-08,182.2,191.2,180.4,190.4,8.4,+4.62%,18410
SEAT,2022-02-09,191.8,205.162,187.8,204.8,14.4,+7.56%,30264
SEAT,2022-02-10,199.2,217.2,199.2,213.8,9,+4.39%,35880
SEAT,2022-02-11,213,220.4,211,213.6,-0.2,-0.09%,31210
SEAT,2022-02-14,214.6,214.6,201.2,204.8,-8.8,-4.12%,9355
SEAT,2022-02-15,207.4,216.2,207.4,213.2,8.4,+4.10%,20110
SEAT,2022-02-16,212,217.8,205.4,214.4,1.2,+0.56%,16325
SEAT,2022-02-17,212.6,222.2,212.6,220,5.6,+2.61%,24950
SEAT,2022-02-18,219,228.8,216.8,227.2,7.2,+3.27%,35635
SEAT,2022-02-22,225,227,204.2,220.4,-6.8,-2.99%,17475
SEAT,2022-02-23,222.2,230.4,215.1,215.4,-5.,-2.27%,13285
SEAT,2022-02-24,206.4,228.4,206.4,227.4,12,+5.57%,24175
SEAT,2022-02-25,228.2,231.6,221.2,229.6,2.2,+0.97%,10685
SEAT,2022-02-28,227.2,234.2,220.8,233.6,4,+1.74%,13820
SEAT,2022-03-01,235,242,227.5,238.2,4.6,+1.97%,39390
SEAT,2022-03-02,238.2,250.39,233.4,246.2,8,+3.36%,38460
SEAT,2022-03-03,246,248.4,234.8,240,-6.2,-2.52%,30640
SEAT,2022-03-04,239.2,242.4,218.6,223.2,-16.8,-7.00%,75055
SEAT,2022-03-07,224.4,227.4,222,222.4,-0.8,-0.36%,14970
SEAT,2022-03-08,222.2,228.6,216.6,220.4,-2.,-0.90%,22110
SEAT,2022-03-09,224.2,238.8,222.2,231.8,11.4,+5.17%,41530
SEAT,2022-03-10,230.4,230.4,202,210.4,-21.4,-9.23%,40425
SEAT,2022-03-11,210.4,211.5,195.604,205.2,-5.2,-2.47%,22015
SEAT,2022-03-14,204.6,214.2,197.4,213.6,8.4,+4.09%,18025
SEAT,2022-03-15,213.4,231.6,208.8,220,6.4,+3.00%,38485
SEAT,2022-03-16,222,230,214.602,225.6,5.6,+2.55%,26435
SEAT,2022-03-17,227.8,235.6,210.6,229,3.4,+1.51%,25235
SEAT,2022-03-18,225.4,235.5,224.402,227.8,-1.2,-0.52%,45415
SEAT,2022-03-21,231.2,233.4,219.02,222.8,-5.,-2.19%,18855
SEAT,2022-03-22,224.8,239.2,224,229.8,7,+3.14%,32400
SEAT,2022-03-23,231.8,232.2,221.6,224.8,-5.,-2.18%,13585
SEAT,2022-03-24,225.4,225.6,218.6,224.4,-0.4,-0.18%,9455
SEAT,2022-03-25,224.2,233.2,216.8,217.6,-6.8,-3.03%,14480
SEAT,2022-03-28,218.6,221.6,213,218.8,1.2,+0.55%,9550
SEAT,2022-03-29,221.4,229.2,221,226.6,7.8,+3.56%,14055
SEAT,2022-03-30,222.8,233,222.8,223.6,-3.,-1.32%,13275
SEAT,2022-03-31,222,225,220.2,221.2,-2.4,-1.07%,7605
SEAT,2022-04-01,224.2,230.2,222,230,8.8,+3.98%,11920
SEAT,2022-04-04,229,245.8,229,241.6,11.6,+5.04%,31470
SEAT,2022-04-05,241.4,246.2,231,234,-7.6,-3.15%,30464
SEAT,2022-04-06,232,234.6,217.4,224.2,-9.8,-4.19%,30244
SEAT,2022-04-07,224.4,226.6,207.4,209.2,-15.,-6.69%,20655
SEAT,2022-04-08,207.8,209,200.2,201.6,-7.6,-3.63%,16075
SEAT,2022-04-11,199.8,202,194.8,196,-5.6,-2.78%,13960
SEAT,2022-04-12,198,213.2,196.6,205.2,9.2,+4.69%,25975
SEAT,2022-04-13,205.2,213.6,204.8,212.8,7.6,+3.70%,31095
SEAT,2022-04-14,211.8,215.798,205.8,206.4,-6.4,-3.01%,16575
SEAT,2022-04-18,206.8,206.8,199,201.6,-4.8,-2.33%,16640
SEAT,2022-04-19,200.8,211.8,200,208,6.4,+3.17%,26390
SEAT,2022-04-20,207,208.4,199.6,202,-6.,-2.88%,22970
SEAT,2022-04-21,205.6,211,199.5,201.2,-0.8,-0.40%,16220
SEAT,2022-04-22,199.6,205.6,192.8,197.6,-3.6,-1.79%,26025
SEAT,2022-04-25,197,209.7,197,206,8.4,+4.25%,18090
SEAT,2022-04-26,206,209.5,199.8,200.6,-5.4,-2.62%,15920
SEAT,2022-04-27,204.2,206.8,194.8,198,-2.6,-1.30%,17900
SEAT,2022-04-28,199.4,208.2,195.4,203,5,+2.53%,13780
SEAT,2022-04-29,202.2,209.8,196.6,197.4,-5.6,-2.76%,12685
SEAT,2022-05-02,197.2,205.6,194,205.6,8.2,+4.15%,17105
SEAT,2022-05-03,203.8,206.336,192,196.4,-9.2,-4.47%,21840
SEAT,2022-05-04,197.2,202,186.8,201.4,5,+2.55%,20320
SEAT,2022-05-05,197.8,197.8,184.6,193.4,-8.,-3.97%,17905
SEAT,2022-05-06,191.2,194.2,181.6,186.6,-6.8,-3.52%,21260
SEAT,2022-05-09,186,190.1,170,172.4,-14.2,-7.61%,35285
SEAT,2022-05-10,178.4,179.9,147.8,152,-20.4,-11.83%,66890
SEAT,2022-05-11,154.8,157.2,143,145.6,-6.4,-4.21%,80890
SEAT,2022-05-12,144,164,140.4,154.2,8.6,+5.91%,41325
SEAT,2022-05-13,159.6,171.8,159.6,167.2,13,+8.43%,30380
SEAT,2022-05-16,164.8,168.6,156.8,160,-7.2,-4.31%,21140
SEAT,2022-05-17,162.6,170.4,159,169.4,9.4,+5.88%,24590
SEAT,2022-05-18,165.2,167.8,153.4,155.8,-13.6,-8.03%,21315
SEAT,2022-05-19,154.2,160.998,153,155.2,-0.6,-0.39%,20035
SEAT,2022-05-20,156.4,160,151.2,156.6,1.4,+0.90%,17130
SEAT,2022-05-23,158.6,158.6,151.2,154.6,-2.,-1.28%,10070
SEAT,2022-05-24,152.6,153.1,144,149.2,-5.4,-3.49%,21380
SEAT,2022-05-25,149.2,158,147.4,157.8,8.6,+5.76%,20290
SEAT,2022-05-26,162.8,189.4,161.5,177.6,19.8,+12.55%,81445
SEAT,2022-05-27,178.6,185.8,176.8,185.2,7.6,+4.28%,19190
SEAT,2022-05-31,190.2,191.6,181.6,182.6,-2.6,-1.40%,39480
SEAT,2022-06-01,184,188.6,181.4,185.4,2.8,+1.53%,19200
SEAT,2022-06-02,185.6,189,182.4,184.6,-0.8,-0.43%,17265
SEAT,2022-06-03,180.6,183.6,172.6,178.2,-6.4,-3.47%,29050
SEAT,2022-06-06,181.6,182.8,174.4,179.6,1.4,+0.79%,28520
SEAT,2022-06-07,178,178.2,170.246,177,-2.6,-1.45%,23145
SEAT,2022-06-08,176.4,188.7,175.2,185.6,8.6,+4.86%,20030
SEAT,2022-06-09,183.6,183.6,169.3,170,-15.6,-8.41%,20855
SEAT,2022-06-10,165.8,169.6,164.9,168,-2.,-1.18%,15735
SEAT,2022-06-13,161.2,165.2,151.22,152.2,-15.8,-9.40%,23340
SEAT,2022-06-14,153,156.98,147.8,151,-1.2,-0.79%,25245
SEAT,2022-06-15,152.8,160,152.8,155.6,4.6,+3.05%,51600
SEAT,2022-06-16,153.6,155,144,147,-8.6,-5.53%,46580
SEAT,2022-06-17,148.4,160.4,147,160,13,+8.84%,44430
SEAT,2022-06-21,163,169.8,162.2,164.6,4.6,+2.88%,36325
SEAT,2022-06-22,161.2,165.6,158.4,160.6,-4.,-2.43%,37340
SEAT,2022-06-23,162,165.4,158.6,163,2.4,+1.49%,18320
SEAT,2022-06-24,163.8,169.6,158.8,162.8,-0.2,-0.12%,172900
SEAT,2022-06-27,164,166,152.2,158.4,-4.4,-2.70%,26490
SEAT,2022-06-28,158.4,171,154,158.4,0,0.00%,79405
SEAT,2022-06-29,157.4,157.4,149.8,151.4,-7.,-4.42%,19030
SEAT,2022-06-30,150,150.8,144.8,149.4,-2.,-1.32%,18060
SEAT,2022-07-01,151.4,155.6,148.6,154.6,5.2,+3.48%,12725
SEAT,2022-07-05,151.2,160.2,148.2,159.6,5,+3.23%,10615
SEAT,2022-07-06,158.8,159.2,150.2,151.6,-8.,-5.01%,15370
SEAT,2022-07-07,152.6,164.6,150.8,162.2,10.6,+6.99%,34955
SEAT,2022-07-08,159,166,157.8,162.2,0,0.00%,17580
SEAT,2022-07-11,160,165,155.2,155.4,-6.8,-4.19%,21095
SEAT,2022-07-12,157.6,159.8,151.6,157.6,2.2,+1.42%,15130
SEAT,2022-07-13,158.2,158.2,152.2,154.4,-3.2,-2.03%,20190
SEAT,2022-07-14,153,155.8,147.04,149.2,-5.2,-3.37%,19110
SEAT,2022-07-15,152,161.8,148.6,161.6,12.4,+8.31%,19555
SEAT,2022-07-18,163.6,166.8,161.8,162.8,1.2,+0.74%,9365
SEAT,2022-07-19,164.4,170.8,164.4,169.8,7,+4.30%,9870
SEAT,2022-07-20,168.8,174.2,163,170.6,0.8,+0.47%,12785
SEAT,2022-07-21,170.6,170.7,166.2,167.4,-3.2,-1.88%,8075
SEAT,2022-07-22,169.6,169.6,161.3,162.2,-5.2,-3.11%,8970
SEAT,2022-07-25,162.4,166.2,160,164.8,2.6,+1.60%,15500
SEAT,2022-07-26,163.8,163.8,158.4,160.6,-4.2,-2.55%,10105
SEAT,2022-07-27,163.2,170,161.8,170,9.4,+5.85%,17255
SEAT,2022-07-28,170.8,173.8,166.62,171.6,1.6,+0.94%,13025
SEAT,2022-07-29,170.8,171,166.4,167.2,-4.4,-2.56%,22240
SEAT,2022-08-01,166.8,168.6,162.8,167.8,0.6,+0.36%,13730
SEAT,2022-08-02,169.2,171.6,165,167.4,-0.4,-0.24%,13520
SEAT,2022-08-03,167,170.2,166.8,167.8,0.4,+0.24%,14685
SEAT,2022-08-04,168,170.76,155.8,165.2,-2.6,-1.55%,25005
SEAT,2022-08-05,168.2,170.8,160,170.6,5.4,+3.27%,29980
SEAT,2022-08-08,171.6,182,171.6,174,3.4,+1.99%,33925
SEAT,2022-08-09,187.8,189,169.2,174,0,0.00%,35700
SEAT,2022-08-10,178.6,181.8,170,172,-2.,-1.15%,25140
SEAT,2022-08-11,172.4,187.2,172.4,185.2,13.2,+7.67%,35525
SEAT,2022-08-12,185.8,194.9,184.2,192.4,7.2,+3.89%,29830
SEAT,2022-08-15,191.6,194.4,186.4,194,1.6,+0.83%,11970
SEAT,2022-08-16,192.8,196.9,191,195.8,1.8,+0.93%,11200
SEAT,2022-08-17,193,195.6,187.8,190.8,-5.,-2.55%,16895
SEAT,2022-08-18,188,192.6,186.4,191.6,0.8,+0.42%,9200
SEAT,2022-08-19,187,187,181.4,184.8,-6.8,-3.55%,9385
SEAT,2022-08-22,181,182.8,176.4,180.2,-4.6,-2.49%,11840
SEAT,2022-08-23,179.4,185.8,179.4,181.8,1.6,+0.89%,7340
SEAT,2022-08-24,181.2,186.8,180.6,182.6,0.8,+0.44%,7705
SEAT,2022-08-25,184.2,187.2,182,185,2.4,+1.31%,7530
SEAT,2022-08-26,185.2,187.8,170.434,170.8,-14.2,-7.68%,16225
SEAT,2022-08-29,167.8,169.8,161.4,161.4,-9.4,-5.50%,19405
SEAT,2022-08-30,162.2,162.4,152.6,156.4,-5.,-3.10%,23750
SEAT,2022-08-31,157.4,163.2,155.8,161.8,5.4,+3.45%,21865
SEAT,2022-09-01,159.2,163,157.4,162.8,1,+0.62%,9365
SEAT,2022-09-02,164.4,168.4,162.6,165.2,2.4,+1.47%,17160
SEAT,2022-09-06,165.4,170.2,163.4,170,4.8,+2.91%,13555
SEAT,2022-09-07,170.2,175.7,169.6,175,5,+2.94%,11010
SEAT,2022-09-08,172.4,173.8,166.4,173.4,-1.6,-0.91%,7675
SEAT,2022-09-09,178,179,172,178.8,5.4,+3.11%,7295
SEAT,2022-09-12,180.8,185.2,179.4,184.4,5.6,+3.13%,14385
SEAT,2022-09-13,174.2,180.8,172.436,176.6,-7.8,-4.23%,13160
SEAT,2022-09-14,180.8,180.8,168.7,172.4,-4.2,-2.38%,15990
SEAT,2022-09-15,170.8,175.8,168.6,169.4,-3.,-1.74%,11890
SEAT,2022-09-16,168,168,160.6,160.8,-8.6,-5.08%,26920
SEAT,2022-09-19,158.2,160.6,157.2,159.8,-1.,-0.62%,13080
SEAT,2022-09-20,157.6,158,153.8,156.6,-3.2,-2.00%,13845
SEAT,2022-09-21,157.8,162,155.2,155.2,-1.4,-0.89%,11640
SEAT,2022-09-22,155.2,155.2,145.6,150,-5.2,-3.35%,25075
SEAT,2022-09-23,147,148.9,144.6,148,-2.,-1.33%,26630
SEAT,2022-09-26,148.8,154,147.2,149.8,1.8,+1.22%,17385
SEAT,2022-09-27,152.2,156.8,149.2,151.8,2,+1.34%,19065
SEAT,2022-09-28,152.4,159,150.6,158.4,6.6,+4.35%,11795
SEAT,2022-09-29,155,155,148.6,151.8,-6.6,-4.17%,15185
SEAT,2022-09-30,152.6,157.8,149.3,153.2,1.4,+0.92%,17220
SEAT,2022-10-03,153.2,159,150.9,156.8,3.6,+2.35%,12565
SEAT,2022-10-04,160,168.8,160,166.4,9.6,+6.12%,23200
SEAT,2022-10-05,163,166.7,158.4,163.6,-2.8,-1.68%,9810
SEAT,2022-10-06,162,168.2,160.4,166.8,3.2,+1.96%,7950
SEAT,2022-10-07,163.6,163.8,159,162.2,-4.6,-2.76%,15995
SEAT,2022-10-10,162,174,161.4,164.4,2.2,+1.36%,41135
SEAT,2022-10-11,167.8,168.6,147.8,153.2,-11.2,-6.81%,32895
SEAT,2022-10-12,153,155.2,146.8,150.6,-2.6,-1.70%,17870
SEAT,2022-10-13,145.8,153.2,143.8,149.8,-0.8,-0.53%,28220
SEAT,2022-10-14,151.4,157.4,148.2,149.2,-0.6,-0.40%,20175
SEAT,2022-10-17,151.2,156.8,150.2,153.6,4.4,+2.95%,17345
SEAT,2022-10-18,157,159.2,154,158.2,4.6,+2.99%,15045
SEAT,2022-10-19,156.2,157.4,152.8,155.8,-2.4,-1.52%,10695
SEAT,2022-10-20,154.4,161.6,154.2,156.8,1,+0.64%,8770
SEAT,2022-10-21,156,163,153.2,161.6,4.8,+3.06%,12405
SEAT,2022-10-24,161.2,164.2,158.2,160,-1.6,-0.99%,12315
SEAT,2022-10-25,161.2,166.2,161.2,164.2,4.2,+2.63%,15235
SEAT,2022-10-26,164.6,170.8,163,165,0.8,+0.49%,19940
SEAT,2022-10-27,166,169.4,159.4,165.8,0.8,+0.48%,18520
SEAT,2022-10-28,166.2,174.2,164,172,6.2,+3.74%,16510
SEAT,2022-10-31,170.6,170.6,161.702,164,-8.,-4.65%,16920
SEAT,2022-11-01,166,170.6,161.4,163.6,-0.4,-0.24%,9705
SEAT,2022-11-02,163.6,167.4,159.8,160.4,-3.2,-1.96%,16665
SEAT,2022-11-03,159,167.4,159,164,3.6,+2.24%,12185
SEAT,2022-11-04,167.8,168.6,162.4,166,2,+1.22%,10600
SEAT,2022-11-07,167.4,167.8,159,165.2,-0.8,-0.48%,17450
SEAT,2022-11-08,180,180,163,164.6,-0.6,-0.36%,25880
SEAT,2022-11-09,160.4,161.4,146.3,150.6,-14.,-8.51%,39080
SEAT,2022-11-10,158,166.3,156.4,164.4,13.8,+9.16%,29650
SEAT,2022-11-11,165.4,166.8,161.3,164.4,0,0.00%,29444
SEAT,2022-11-14,161.8,166.2,161,164.4,0,0.00%,19715
SEAT,2022-11-15,168.8,169.8,164.2,166.4,2,+1.22%,12920
SEAT,2022-11-16,163.6,165.2,160.6,162,-4.4,-2.64%,15265
SEAT,2022-11-17,159.4,165,156.2,161.8,-0.2,-0.12%,14695
SEAT,2022-11-18,165.4,165.4,159.2,160,-1.8,-1.11%,18525
SEAT,2022-11-21,158.2,160.1,152.8,154.2,-5.8,-3.63%,20250
SEAT,2022-11-22,154.2,157,145.8,148.2,-6.,-3.89%,26025
SEAT,2022-11-23,147.2,151,144.4,145,-3.2,-2.16%,15985
SEAT,2022-11-25,146.2,151,143.2,149.2,4.2,+2.90%,9795
SEAT,2022-11-28,147.2,147.5,142.2,142.8,-6.4,-4.29%,23035
SEAT,2022-11-29,142.8,147.6,142.4,145.4,2.6,+1.82%,17885
SEAT,2022-11-30,146,156,146,156,10.6,+7.29%,20615
SEAT,2022-12-01,157,165.8,155.8,165.4,9.4,+6.03%,27724
SEAT,2022-12-02,162.2,170.8,162.2,170,4.6,+2.78%,22135
SEAT,2022-12-05,168.2,172,162.7,165.4,-4.6,-2.71%,36770
SEAT,2022-12-06,165.8,165.8,159,163,-2.4,-1.45%,28864
SEAT,2022-12-07,162.2,165.4,158.6,161.4,-1.6,-0.98%,19525
SEAT,2022-12-08,162.8,164,155.2,155.8,-5.6,-3.47%,28604
SEAT,2022-12-09,153.8,154.9,142.6,145.6,-10.2,-6.55%,37795
SEAT,2022-12-12,145.4,147,141.8,143,-2.6,-1.79%,22810
SEAT,2022-12-13,149.8,153.6,147.4,149.8,6.8,+4.76%,31915
SEAT,2022-12-14,149.6,151.6,142.2,143.6,-6.2,-4.14%,54635
SEAT,2022-12-15,142.4,146.4,140.4,142.2,-1.4,-0.97%,59780
SEAT,2022-12-16,140,145.2,139,144.2,2,+1.41%,54915
SEAT,2022-12-19,144,144,141,142.2,-2.,-1.39%,53975
SEAT,2022-12-20,141.8,143.2,139,140,-2.2,-1.55%,41325
SEAT,2022-12-21,141.4,141.5,139.8,140.2,0.2,+0.14%,22325
SEAT,2022-12-22,139.2,139.2,129.814,131.5,-8.7,-6.21%,33740
SEAT,2022-12-23,132.8,136,129.6,134.4,2.9,+2.21%,29364
SEAT,2022-12-27,133.6,138.8,131,135,0.6,+0.45%,25310
SEAT,2022-12-28,134.2,137.1,132.4,135.4,0.4,+0.30%,21225
SEAT,2022-12-29,136.6,151.4,134.4,151.2,15.8,+11.67%,27380
SEAT,2022-12-30,148.8,152.4,145.3,146,-5.2,-3.44%,30284
SEAT,2023-01-03,143.8,152,143.8,147.8,1.8,+1.23%,25795
SEAT,2023-01-04,148.8,153.8,147.8,153.4,5.6,+3.79%,16170
SEAT,2023-01-05,153.4,153.8,150.2,153,-0.4,-0.26%,15625
SEAT,2023-01-06,155.2,156,153.3,155.4,2.4,+1.57%,12415
SEAT,2023-01-09,157.4,159.8,154.6,157.6,2.2,+1.42%,12580
SEAT,2023-01-10,158,164,157.6,161.4,3.8,+2.41%,18510
SEAT,2023-01-11,162.8,165.2,161.1,163,1.6,+0.99%,23425
SEAT,2023-01-12,164.4,167.9,160.4,166,3,+1.84%,23260
SEAT,2023-01-13,167,168,163.4,166,0,0.00%,14955
SEAT,2023-01-17,165.4,168,162,164.2,-1.8,-1.08%,21320
SEAT,2023-01-18,165.4,167,161.328,162,-2.2,-1.34%,16270
SEAT,2023-01-19,158.8,163.4,157.2,157.6,-4.4,-2.72%,14275
SEAT,2023-01-20,157.6,164.8,157.6,164.6,7,+4.44%,19355
SEAT,2023-01-23,165,168.8,159.872,165.4,0.8,+0.49%,13480
SEAT,2023-01-24,163.6,166.8,161.8,165.2,-0.2,-0.12%,11330
SEAT,2023-01-25,163.2,166.8,160.6,166.2,1,+0.61%,13645
SEAT,2023-01-26,168.8,170.4,165.8,169.6,3.4,+2.05%,10960
SEAT,2023-01-27,169.4,175.5,169.4,171.4,1.8,+1.06%,13820
SEAT,2023-01-30,169.2,172,164.2,164.6,-6.8,-3.97%,14715
SEAT,2023-01-31,165.2,171.2,164,170.2,5.6,+3.40%,26410
SEAT,2023-02-01,169.8,169.8,161.4,164.2,-6.,-3.53%,19480
SEAT,2023-02-02,166.4,173.6,166.4,171.8,7.6,+4.63%,18205
SEAT,2023-02-03,169,176.7,168.6,173.6,1.8,+1.05%,11645
SEAT,2023-02-06,172.8,173.6,169.8,169.8,-3.8,-2.19%,8385
SEAT,2023-02-07,169.2,176.2,166.4,173.4,3.6,+2.12%,10675
SEAT,2023-02-08,173.4,176.7,170.8,174.6,1.2,+0.69%,12860
SEAT,2023-02-09,177.6,178.9,169,170.4,-4.2,-2.41%,25410
SEAT,2023-02-10,168.8,171.4,165.6,169.8,-0.6,-0.35%,20290
SEAT,2023-02-13,170.2,170.8,166,167.6,-2.2,-1.30%,8585
SEAT,2023-02-14,166,170.2,161.2,168.6,1,+0.60%,7740
SEAT,2023-02-15,167.2,173,167.2,169.2,0.6,+0.36%,5890
SEAT,2023-02-16,166.8,169.6,164.8,165.4,-3.8,-2.25%,8535
SEAT,2023-02-17,165.4,165.6,162.602,164,-1.4,-0.85%,5795
SEAT,2023-02-21,161.8,163.4,158,158.6,-5.4,-3.29%,10440
SEAT,2023-02-22,160.6,161.6,157.4,159.6,1,+0.63%,8785
SEAT,2023-02-23,161.6,161.8,156.4,159.8,0.2,+0.13%,7920
SEAT,2023-02-24,157.4,160.3,155.8,157.6,-2.2,-1.38%,7560
SEAT,2023-02-27,159.4,159.4,155.2,155.6,-2.,-1.27%,5890
SEAT,2023-02-28,155.6,157.3,153.2,153.4,-2.2,-1.41%,13505
SEAT,2023-03-01,153.4,154.4,150.5,151.4,-2.,-1.30%,11345
SEAT,2023-03-02,150,153.6,147.8,151.8,0.4,+0.26%,8655
SEAT,2023-03-03,149,149.4,143.4,143.8,-8.,-5.27%,36365
SEAT,2023-03-06,144.4,154.6,129.4,133.6,-10.2,-7.09%,47005
SEAT,2023-03-07,125.8,165,125.8,157.7,24.1,+18.04%,67260
SEAT,2023-03-08,159.2,159.2,146.8,147.4,-10.3,-6.53%,29170
SEAT,2023-03-09,146.6,154,142.8,143.2,-4.2,-2.85%,23610
SEAT,2023-03-10,142.6,144.8,139.9,143.4,0.2,+0.14%,17785
SEAT,2023-03-13,141,143.8,138.6,142.2,-1.2,-0.84%,37610
SEAT,2023-03-14,145.2,147.6,137,139,-3.2,-2.25%,15815
SEAT,2023-03-15,134,139.2,133.8,137.2,-1.8,-1.29%,17790
SEAT,2023-03-16,135.4,140.8,134.8,140.6,3.4,+2.48%,18550
SEAT,2023-03-17,139.8,139.8,132,135,-5.6,-3.98%,28384
SEAT,2023-03-20,135.4,138.8,135,138.2,3.2,+2.37%,11240
SEAT,2023-03-21,139.8,145.2,139.8,143.2,5,+3.62%,12105
SEAT,2023-03-22,143.2,144.8,140.2,140.2,-3.,-2.09%,7855
SEAT,2023-03-23,142.2,147.8,142.2,144.6,4.4,+3.14%,8320
SEAT,2023-03-24,144,145.2,142.4,144.4,-0.2,-0.14%,10255
SEAT,2023-03-27,145.2,146.6,141.8,144,-0.4,-0.28%,8855
SEAT,2023-03-28,143,145,142.9,143.8,-0.2,-0.14%,7370
SEAT,2023-03-29,145,145,142.4,143,-0.8,-0.56%,7260
SEAT,2023-03-30,144.2,145.3,142.8,143.2,0.2,+0.14%,7250
SEAT,2023-03-31,144.8,153.2,144.8,152.6,9.4,+6.56%,21085
SEAT,2023-04-03,153.4,157.2,151.6,157,4.4,+2.88%,12935
SEAT,2023-04-04,158.2,162.2,156,162,5,+3.18%,11265
SEAT,2023-04-05,160.6,161.04,157.8,158.6,-3.4,-2.10%,11975
SEAT,2023-04-06,158.4,161.4,157.8,160.2,1.6,+1.01%,9795
SEAT,2023-04-10,160,164.2,158.6,163.4,3.2,+2.00%,8430
SEAT,2023-04-11,164.8,166,163,165,1.6,+0.98%,6665
SEAT,2023-04-12,165.8,165.8,156.2,157.6,-7.4,-4.48%,21700
SEAT,2023-04-13,158.6,159.8,153.2,154,-3.6,-2.28%,9215
SEAT,2023-04-14,154,155.2,153.2,153.4,-0.6,-0.39%,7920
SEAT,2023-04-17,153,153.4,150,150.6,-2.8,-1.83%,7675
SEAT,2023-04-18,151.6,152,148.8,149.6,-1.,-0.66%,7600
SEAT,2023-04-19,148,150,148,148.7,-0.9,-0.60%,6135
SEAT,2023-04-20,146.8,149,144.6,144.8,-3.9,-2.62%,7915
SEAT,2023-04-21,144.4,145.8,144,145,0.2,+0.14%,6805
SEAT,2023-04-24,144.6,146.6,143,143.2,-1.8,-1.24%,5970
SEAT,2023-04-25,142.8,143.2,139,139.8,-3.4,-2.37%,7025
SEAT,2023-04-26,140,141,134.8,137.6,-2.2,-1.57%,13870
SEAT,2023-04-27,138.4,140.6,137.3,140.2,2.6,+1.89%,5470
SEAT,2023-04-28,140.4,143.8,139.24,143.6,3.4,+2.43%,6880
SEAT,2023-05-01,143.6,145.6,143.4,145,1.4,+0.97%,7010
SEAT,2023-05-02,144.2,146.498,141.4,143.2,-1.8,-1.24%,8855
SEAT,2023-05-03,143.2,145,141.8,142,-1.2,-0.84%,10320
SEAT,2023-05-04,141.8,144.8,140,143.2,1.2,+0.85%,11615
SEAT,2023-05-05,145.8,150.2,144.6,148,4.8,+3.35%,14075
SEAT,2023-05-08,148.6,159.4,148.4,157.8,9.8,+6.62%,22700
SEAT,2023-05-09,180.8,197.16,173.2,175.8,18,+11.41%,113740
SEAT,2023-05-10,179,192.8,178,190.8,15,+8.53%,52250
SEAT,2023-05-11,187.4,197.8,184.6,192,1.2,+0.63%,16390
SEAT,2023-05-12,191.8,194.7,185.2,192.4,0.4,+0.21%,13685
SEAT,2023-05-15,190.2,193.4,188.2,190.4,-2.,-1.04%,10500
SEAT,2023-05-16,188.6,194,187.9,191.2,0.8,+0.42%,8680
SEAT,2023-05-17,169.2,180,161.202,164.5,-26.7,-13.96%,82300
SEAT,2023-05-18,152.2,157.4,149.8,153,-11.5,-6.99%,376250
SEAT,2023-05-19,153,156.1,152.2,153.4,0.4,+0.26%,55180
SEAT,2023-05-22,154.4,158.3,152.6,157.6,4.2,+2.74%,81800
SEAT,2023-05-23,157,159.4,154.6,156.4,-1.2,-0.76%,46710
SEAT,2023-05-24,156,157,153.9,154.2,-2.2,-1.41%,29815
SEAT,2023-05-25,152.2,154.2,148.8,150.4,-3.8,-2.46%,43515
SEAT,2023-05-26,150,152.8,148.6,149,-1.4,-0.93%,33440
SEAT,2023-05-30,149.8,150.4,147,148.8,-0.2,-0.13%,36245
SEAT,2023-05-31,148,149.2,146,146.2,-2.6,-1.75%,39995
SEAT,2023-06-01,146.4,149.6,146,148,1.8,+1.23%,39975
SEAT,2023-06-02,150,151,147,148.2,0.2,+0.14%,24605
SEAT,2023-06-05,148,151.2,146,147.4,-0.8,-0.54%,28660
SEAT,2023-06-06,147.2,154.8,146,153.6,6.2,+4.21%,52745
SEAT,2023-06-07,154.4,159,149.772,156.8,3.2,+2.08%,41695
SEAT,2023-06-08,156.2,158.2,153.2,155.8,-1.,-0.64%,33485
SEAT,2023-06-09,155.8,159.1,154.4,157.4,1.6,+1.03%,33080
SEAT,2023-06-12,156.4,165,155.8,163.8,6.4,+4.07%,65710
SEAT,2023-06-13,164,169.1,163.8,165.8,2,+1.22%,46060
SEAT,2023-06-14,165,166.2,155.2,159.6,-6.2,-3.74%,37595
SEAT,2023-06-15,159,159.8,156.2,158.2,-1.4,-0.88%,31600
SEAT,2023-06-16,158.6,161.4,150.4,150.6,-7.6,-4.80%,50915
SEAT,2023-06-20,147.8,148.8,143.6,146.2,-4.4,-2.92%,53590
SEAT,2023-06-21,145.2,149.1,143,146.8,0.6,+0.41%,26535
SEAT,2023-06-22,146.8,148.3,143.8,148,1.2,+0.82%,31395
SEAT,2023-06-23,146.6,150.4,143.2,149.8,1.8,+1.22%,35120
SEAT,2023-06-26,149.6,158,149.5,156,6.2,+4.14%,37035
SEAT,2023-06-27,156.4,157,152,154.4,-1.6,-1.03%,25400
SEAT,2023-06-28,154.2,160,153.2,159.8,5.4,+3.50%,22015
SEAT,2023-06-29,159.2,162.4,157.6,159,-0.8,-0.50%,39545
SEAT,2023-06-30,159.8,160.4,156.4,158.4,-0.6,-0.38%,35385
SEAT,2023-07-03,156.6,158.8,151.6,158,-0.4,-0.25%,32484
SEAT,2023-07-05,158.6,158.6,155,156.4,-1.6,-1.01%,10255
SEAT,2023-07-06,158,158,151.8,152,-4.4,-2.81%,13545
SEAT,2023-07-07,152,153.5,150.4,151.2,-0.8,-0.53%,19110
SEAT,2023-07-10,150.6,156.4,150.2,154.2,3,+1.98%,19820
SEAT,2023-07-11,154.6,160,154.6,159,4.8,+3.11%,15665
SEAT,2023-07-12,161.8,161.8,158,159.4,0.4,+0.25%,17360
SEAT,2023-07-13,159.4,163.8,159.4,162.2,2.8,+1.76%,40300
SEAT,2023-07-14,162,163.2,159.5,162.6,0.4,+0.25%,31864
SEAT,2023-07-17,162.4,168.2,162.4,168,5.4,+3.32%,22820
SEAT,2023-07-18,167.8,170,166.7,168.2,0.2,+0.12%,23005
SEAT,2023-07-19,168.4,170,165.2,167,-1.2,-0.71%,36015
SEAT,2023-07-20,165,166.8,163.9,165.4,-1.6,-0.96%,21920
SEAT,2023-07-21,166,170.9,164,166.4,1,+0.60%,28055
SEAT,2023-07-24,170,170,163,165,-1.4,-0.84%,23885
SEAT,2023-07-25,165,165,161.2,163.8,-1.2,-0.73%,14525
SEAT,2023-07-26,163.6,165,161.4,162.6,-1.2,-0.73%,18465
SEAT,2023-07-27,164.2,165.6,161.6,162.4,-0.2,-0.12%,12365
SEAT,2023-07-28,163.4,168.6,161.6,168.4,6,+3.69%,17860
SEAT,2023-07-31,168.4,170.4,164.9,166.6,-1.8,-1.07%,24410
SEAT,2023-08-01,166,166,157.4,157.8,-8.8,-5.28%,44940
SEAT,2023-08-02,156.2,156.2,151.8,152,-5.8,-3.68%,32075
SEAT,2023-08-03,153.6,156,150.8,154,2,+1.32%,19680
SEAT,2023-08-04,153.8,157.8,152.8,155.4,1.4,+0.91%,19755
SEAT,2023-08-07,156.6,156.6,152.4,152.8,-2.6,-1.67%,29024
SEAT,2023-08-08,160.8,160.8,139.8,141.6,-11.2,-7.33%,117350
SEAT,2023-08-09,143.6,150.6,143,148,6.4,+4.52%,51485
SEAT,2023-08-10,148.6,150.2,145.9,149,1,+0.68%,30735
SEAT,2023-08-11,148.2,151.2,144.6,149,0,0.00%,49160
SEAT,2023-08-14,148.4,152.2,146.8,150.6,1.6,+1.07%,30235
SEAT,2023-08-15,149.8,151.4,148.7,149.6,-1.,-0.66%,14655
SEAT,2023-08-16,149.6,150.4,148.7,148.8,-0.8,-0.53%,16750
SEAT,2023-08-17,148.2,149,145.2,145.2,-3.6,-2.42%,18635
SEAT,2023-08-18,143.8,147.8,141.6,146,0.8,+0.55%,41760
SEAT,2023-08-21,145.6,147.6,144.2,144.6,-1.4,-0.96%,22845
SEAT,2023-08-22,145,146.4,144.2,145.2,0.6,+0.41%,22205
SEAT,2023-08-23,145.6,146.6,144.6,144.8,-0.4,-0.28%,12845
SEAT,2023-08-24,144,146.1,144,144,-0.8,-0.55%,28204
SEAT,2023-08-25,144.4,145.4,142.4,142.6,-1.4,-0.97%,18740
SEAT,2023-08-28,142.8,144.4,140.6,141.8,-0.8,-0.56%,20330
SEAT,2023-08-29,141.8,144.4,140.2,143.4,1.6,+1.13%,12760
SEAT,2023-08-30,143.8,146.6,143,145,1.6,+1.12%,24430
SEAT,2023-08-31,145.6,146.6,143.9,145.2,0.2,+0.14%,22085
SEAT,2023-09-01,145.4,149.1,145.4,146.6,1.4,+0.96%,15180
SEAT,2023-09-05,146,148,144.638,147.2,0.6,+0.41%,15990
SEAT,2023-09-06,147.2,147.7,144.5,145,-2.2,-1.49%,13585
SEAT,2023-09-07,143.8,143.8,140.2,140.6,-4.4,-3.03%,17970
SEAT,2023-09-08,141.4,141.4,137.4,138.4,-2.2,-1.56%,20650
SEAT,2023-09-11,139.4,142.4,136.8,138,-0.4,-0.29%,21810
SEAT,2023-09-12,135.4,140.2,130.8,133.8,-4.2,-3.04%,35935
SEAT,2023-09-13,133.6,136.16,131.2,131.6,-2.2,-1.64%,16065
SEAT,2023-09-14,132,134.4,131.9,134.2,2.6,+1.98%,16210
SEAT,2023-09-15,134,134.8,130.8,132.6,-1.6,-1.19%,64280
SEAT,2023-09-18,132.2,134.5,129.6,130,-2.6,-1.96%,25910
SEAT,2023-09-19,129.6,130,128.026,129,-1.,-0.77%,17075
SEAT,2023-09-20,129.2,129.8,124.9,125.4,-3.6,-2.79%,20630
SEAT,2023-09-21,124.4,125.8,123.6,123.6,-1.8,-1.44%,15935
SEAT,2023-09-22,124,124.6,121.2,122.8,-0.8,-0.65%,23185
SEAT,2023-09-25,122,123.8,121.6,123.6,0.8,+0.65%,14535
SEAT,2023-09-26,123.4,125.6,123.2,125.4,1.8,+1.46%,18120
SEAT,2023-09-27,125.8,130.2,125.4,129.4,4,+3.19%,18615
SEAT,2023-09-28,129.4,131.2,128.4,128.6,-0.8,-0.62%,25100
SEAT,2023-09-29,129.2,129.3,127.6,128.4,-0.2,-0.16%,17710
SEAT,2023-10-02,128.2,129.2,126.2,126.4,-2.,-1.56%,16540
SEAT,2023-10-03,126.4,127.6,124,125.6,-0.8,-0.63%,27590
SEAT,2023-10-04,125.6,128.2,125,128,2.4,+1.91%,19280
SEAT,2023-10-05,127.6,131.1,127.4,131,3,+2.34%,18315
SEAT,2023-10-06,130.2,133.2,129.6,132,1,+0.76%,16100
SEAT,2023-10-09,132,133,130.1,133,1,+0.76%,12625
SEAT,2023-10-10,132.4,133.5,131.8,132.8,-0.2,-0.15%,16110
SEAT,2023-10-11,133.8,135.3,132.4,135.2,2.4,+1.81%,17490
SEAT,2023-10-12,135,135,130.4,131.6,-3.6,-2.66%,23805
SEAT,2023-10-13,132.4,132.4,128.4,129.8,-1.8,-1.37%,19005
SEAT,2023-10-16,130,132,128.4,131.6,1.8,+1.39%,14115
SEAT,2023-10-17,131.4,132.8,129.5,129.8,-1.8,-1.37%,14700
SEAT,2023-10-18,128.8,128.8,124.7,124.8,-5.,-3.85%,24850
SEAT,2023-10-19,129,129,114.9,119.2,-5.6,-4.49%,65735
SEAT,2023-10-20,120.8,120.8,117.4,119.6,0.4,+0.34%,16915
SEAT,2023-10-23,121.4,121.4,115.65,116,-3.6,-3.01%,24210
SEAT,2023-10-24,118.8,119.2,115.8,119.2,3.2,+2.76%,19315
SEAT,2023-10-25,117.8,118.2,115.6,115.8,-3.4,-2.85%,16810
SEAT,2023-10-26,117.8,117.8,111.7,113.6,-2.2,-1.90%,21135
SEAT,2023-10-27,114.8,114.9,112.6,114,0.4,+0.35%,13635
SEAT,2023-10-30,114.2,117.8,114,117.4,3.4,+2.98%,14615
SEAT,2023-10-31,117,117.9,116.2,117.6,0.2,+0.17%,15015
SEAT,2023-11-01,117,118,114,114.6,-3.,-2.55%,22155
SEAT,2023-11-02,116.4,119.2,114.6,119,4.4,+3.84%,25880
SEAT,2023-11-03,122.8,125,121,124.2,5.2,+4.37%,26485
SEAT,2023-11-06,123,129.6,122.2,125,0.8,+0.64%,66265
SEAT,2023-11-07,134.8,145.7,125,144.8,19.8,+15.84%,141390
SEAT,2023-11-08,148,152.4,143.8,146.6,1.8,+1.24%,66380
SEAT,2023-11-09,147.2,150.1,144.4,148.2,1.6,+1.09%,126280
SEAT,2023-11-10,149,149.8,145.2,147.4,-0.8,-0.54%,39225
SEAT,2023-11-13,146.2,152,146.2,152,4.6,+3.12%,33820
SEAT,2023-11-14,156,156.8,151,152.2,0.2,+0.13%,34245
SEAT,2023-11-15,153.6,156.2,150.2,153.4,1.2,+0.79%,36385
SEAT,2023-11-16,152,153.6,151.1,151.8,-1.6,-1.04%,24410
SEAT,2023-11-17,152.8,154.2,151.8,154,2.2,+1.45%,27375
SEAT,2023-11-20,154.8,157.4,150.3,154.2,0.2,+0.13%,24575
SEAT,2023-11-21,154.2,155,151.8,152.6,-1.6,-1.04%,26185
SEAT,2023-11-22,155.4,163.7,155.4,160.8,8.2,+5.37%,66215
SEAT,2023-11-24,160,161.9,159.2,159.8,-1.,-0.62%,13760
SEAT,2023-11-27,158,162.6,155,159,-0.8,-0.50%,83250
SEAT,2023-11-28,159.6,161.8,158.6,161.4,2.4,+1.51%,48190
SEAT,2023-11-29,163.6,176.056,163.59,170.4,9,+5.58%,143065
SEAT,2023-11-30,173.2,175.8,165.4,165.4,-5.,-2.93%,71705
SEAT,2023-12-01,165.8,169,165.4,167.2,1.8,+1.09%,68890
SEAT,2023-12-04,170.4,175.1,168.1,168.8,1.6,+0.96%,92805
SEAT,2023-12-05,167.2,169.2,162.2,162.2,-6.6,-3.91%,45485
SEAT,2023-12-06,163.8,168,161.9,162.8,0.6,+0.37%,45830
SEAT,2023-12-07,143.2,143.6,131,135.2,-27.6,-16.95%,257180
SEAT,2023-12-08,132,142,130,141,5.8,+4.29%,478669
SEAT,2023-12-11,141.6,142,138.6,140,-1.,-0.71%,98925
SEAT,2023-12-12,139,141,135.2,138,-2.,-1.43%,85130
SEAT,2023-12-13,137.8,140.2,134.8,140,2,+1.45%,73500
SEAT,2023-12-14,141,143.4,136.8,138,-2.,-1.43%,73385
SEAT,2023-12-15,139.4,139.4,129.8,130.6,-7.4,-5.36%,177855
SEAT,2023-12-18,131.2,132.4,127.6,128.8,-1.8,-1.38%,58625
SEAT,2023-12-19,129.4,130.8,127.8,129.4,0.6,+0.47%,47605
SEAT,2023-12-20,128.8,130.6,126.4,126.8,-2.6,-2.01%,113870
SEAT,2023-12-21,128.2,129.7,125.8,126.6,-0.2,-0.16%,72020
SEAT,2023-12-22,127.4,127.4,125,125.4,-1.2,-0.95%,77900
SEAT,2023-12-26,126,127,123.5,126.2,0.8,+0.64%,37400
SEAT,2023-12-27,127.2,129.4,124.5,125,-1.2,-0.95%,56725
SEAT,2023-12-28,125.8,128.2,125.4,127.4,2.4,+1.92%,58289
SEAT,2023-12-29,127.4,128.962,124.6,126.4,-1.,-0.78%,57120
SEAT,2024-01-02,125.6,125.8,123.1,123.4,-3.,-2.37%,78825
SEAT,2024-01-03,123,130.3,121,127,3.6,+2.92%,137940
SEAT,2024-01-04,127.2,127.9,123.8,124.2,-2.8,-2.20%,112130
SEAT,2024-01-05,123.4,126.324,121.2,122.4,-1.8,-1.45%,71940
SEAT,2024-01-08,124.8,125.4,121.4,125.2,2.8,+2.29%,54260
SEAT,2024-01-09,123.2,124.6,121.5,122.2,-3.,-2.40%,57645
SEAT,2024-01-10,124,127.5,123.6,124.6,2.4,+1.96%,79640
SEAT,2024-01-11,126,126,119,120.6,-4.,-3.21%,72875
SEAT,2024-01-12,121.4,124,119.8,120.4,-0.2,-0.17%,74285
SEAT,2024-01-16,120.6,121,116.3,117.4,-3.,-2.49%,71870
SEAT,2024-01-17,116.6,116.6,114.2,115.4,-2.,-1.70%,45735
SEAT,2024-01-18,115.4,116,113.6,116,0.6,+0.52%,46645
SEAT,2024-01-19,116.2,117.482,111,114.6,-1.4,-1.21%,72515
SEAT,2024-01-22,114.4,121.8,114,121.4,6.8,+5.93%,96595
SEAT,2024-01-23,122.4,124.366,120.3,121,-0.4,-0.33%,64129
SEAT,2024-01-24,122,122,116.8,117,-4.,-3.31%,46885
SEAT,2024-01-25,117.4,119.2,116.4,119,2,+1.71%,40170
SEAT,2024-01-26,119.8,120.4,118,118.4,-0.6,-0.50%,43625
SEAT,2024-01-29,118.8,120.2,116.8,120,1.6,+1.35%,57600
SEAT,2024-01-30,120,120,115.8,117.2,-2.8,-2.33%,39485
SEAT,2024-01-31,117.2,118.2,114.8,114.8,-2.4,-2.05%,48285
SEAT,2024-02-01,115.4,116.2,113.2,114.6,-0.2,-0.17%,55275
SEAT,2024-02-02,113,115,110.8,114.2,-0.4,-0.35%,60230
SEAT,2024-02-05,113.4,113.4,108.6,109.2,-5.,-4.38%,64670
SEAT,2024-02-06,108.6,112.2,108.4,111.8,2.6,+2.38%,41540
SEAT,2024-02-07,112,112.2,108.9,109.8,-2.,-1.79%,37790
SEAT,2024-02-08,109.8,111.8,109.4,110.6,0.8,+0.73%,57440
SEAT,2024-02-09,121.6,126,114,117.6,7,+6.33%,136600
SEAT,2024-02-12,117.6,123.1,116.8,120.8,3.2,+2.72%,69950
SEAT,2024-02-13,118,118.4,115.4,118.2,-2.6,-2.15%,62645
SEAT,2024-02-14,119.4,123.8,118.5,120.4,2.2,+1.86%,58135
SEAT,2024-02-15,120.6,124.6,120.5,123.8,3.4,+2.82%,46030
SEAT,2024-02-16,122.6,124.2,120.6,123,-0.8,-0.65%,44890
SEAT,2024-02-20,123,128.1,122,125.6,2.6,+2.11%,93065
SEAT,2024-02-21,123.6,123.602,119.9,120.2,-5.4,-4.30%,73530
SEAT,2024-02-22,120.6,121.4,117.8,119,-1.2,-1.00%,60740
SEAT,2024-02-23,119.6,123.4,119.15,122,3,+2.52%,60790
SEAT,2024-02-26,121.6,123.8,118.2,118.6,-3.4,-2.79%,46950
SEAT,2024-02-27,118.8,123.8,118.8,121.2,2.6,+2.19%,52610
SEAT,2024-02-28,120.6,124.6,118.8,120.6,-0.6,-0.50%,93350
SEAT,2024-02-29,121.6,122.8,119.8,120.4,-0.2,-0.17%,79380
SEAT,2024-03-01,121.2,122.7,119.4,122.2,1.8,+1.50%,63150
SEAT,2024-03-04,123.4,126.8,118.4,119.4,-2.8,-2.29%,198945
SEAT,2024-03-05,107.6,113.2,102.8,107,-12.4,-10.39%,305520
SEAT,2024-03-06,107.2,108.398,102.2,103.2,-3.8,-3.55%,120154
SEAT,2024-03-07,103.4,110.2,103.2,109.6,6.4,+6.20%,136155
SEAT,2024-03-08,111.2,113.36,109.2,111.8,2.2,+2.01%,71720
SEAT,2024-03-11,112.2,117.6,111.1,115.6,3.8,+3.40%,119859
SEAT,2024-03-12,115.6,115.6,112.824,115.4,-0.2,-0.17%,70400
SEAT,2024-03-13,114.5,120.4,114.5,119.2,3.8,+3.29%,115699
SEAT,2024-03-14,119,120.8,117.246,118.4,-0.8,-0.67%,72120
SEAT,2024-03-15,117.8,121,116.8,116.8,-1.6,-1.35%,448414
SEAT,2024-03-18,116.4,116.6,110,110,-6.8,-5.82%,81600
SEAT,2024-03-19,109.2,109.8,107.8,108.2,-1.8,-1.64%,44165
SEAT,2024-03-20,108,111.8,107.6,111.4,3.2,+2.96%,53475
SEAT,2024-03-21,112,113.9,111.6,112.2,0.8,+0.72%,42775
SEAT,2024-03-22,111.8,113.6,109.8,109.8,-2.4,-2.14%,44130
SEAT,2024-03-25,110.2,112.2,109,111.2,1.4,+1.28%,65020
SEAT,2024-03-26,112.2,116.4,112.2,113.6,2.4,+2.16%,75890
SEAT,2024-03-27,114.8,117.4,113.9,116.8,3.2,+2.82%,90730
SEAT,2024-03-28,116.8,120.5,116.4,119.8,3,+2.57%,113194
SEAT,2024-04-01,120.6,121.2,119.092,120.4,0.6,+0.50%,101610
SEAT,2024-04-02,118.8,118.8,114.6,114.6,-5.8,-4.82%,94585
SEAT,2024-04-03,114.4,116.1,112.2,114.8,0.2,+0.17%,65455
SEAT,2024-04-04,115.8,118.2,113.3,113.6,-1.2,-1.05%,70555
SEAT,2024-04-05,113.8,115.8,111.2,113.4,-0.2,-0.18%,68270
SEAT,2024-04-08,113.6,115.8,113.4,115.4,2,+1.76%,49680
SEAT,2024-04-09,116,118.6,114.8,118,2.6,+2.25%,58785
SEAT,2024-04-10,115.8,116.1,113.6,114.4,-3.6,-3.05%,40745
SEAT,2024-04-11,114.4,116,113.6,115.8,1.4,+1.22%,58795
SEAT,2024-04-12,115.2,116.8,113,113.8,-2.,-1.73%,79695
SEAT,2024-04-15,114.2,115.6,110.8,111,-2.8,-2.46%,44615
SEAT,2024-04-16,110.4,111,109.4,109.8,-1.2,-1.08%,46555
SEAT,2024-04-17,112.8,115.4,111.4,111.8,2,+1.82%,44435
SEAT,2024-04-18,112,117.8,111.2,117.2,5.4,+4.83%,78545
SEAT,2024-04-19,116.4,119,116,117.8,0.6,+0.51%,54885
SEAT,2024-04-22,118,119,117.2,118.2,0.4,+0.34%,57965
SEAT,2024-04-23,118.4,118.8,115.5,116.6,-1.6,-1.35%,69250
SEAT,2024-04-24,116,118.4,115.6,117.8,1.2,+1.03%,62665
SEAT,2024-04-25,115.6,118.8,115.2,118.6,0.8,+0.68%,50620
SEAT,2024-04-26,118.6,120.2,118,118.4,-0.2,-0.17%,46980
SEAT,2024-04-29,118.8,119.5,111.6,112,-6.4,-5.41%,83295
SEAT,2024-04-30,111,111.8,105,105.2,-6.8,-6.07%,73665
SEAT,2024-05-01,106.6,106.8,103.6,103.8,-1.4,-1.33%,59765
SEAT,2024-05-02,105.2,108.2,102.8,107.6,3.8,+3.66%,52030
SEAT,2024-05-03,108.8,110.2,107.2,109.8,2.2,+2.04%,52795
SEAT,2024-05-06,111.6,113,109.4,109.8,0,0.00%,48490
SEAT,2024-05-07,116.2,121.774,107.4,108.2,-1.6,-1.46%,125420
SEAT,2024-05-08,108,108,103.6,107,-1.2,-1.11%,92545
SEAT,2024-05-09,107.2,109.1,106,109,2,+1.87%,39780
SEAT,2024-05-10,109,110.2,107.6,110,1,+0.92%,57020
SEAT,2024-05-13,111,111.6,108.4,108.8,-1.2,-1.09%,64249
SEAT,2024-05-14,109.6,112.2,104.4,104.4,-4.4,-4.04%,59045
SEAT,2024-05-15,105,106.1,101.8,103.4,-1.,-0.96%,68765
SEAT,2024-05-16,103.8,106.8,103.4,105.2,1.8,+1.74%,73690
SEAT,2024-05-17,105.2,105.7,103,103.4,-1.8,-1.71%,51160
SEAT,2024-05-20,102.8,104.4,102,102.2,-1.2,-1.16%,80395
SEAT,2024-05-21,102,102.8,99,100.2,-2.,-1.96%,102870
SEAT,2024-05-22,100,102.9,99.9,102,1.8,+1.80%,56470
SEAT,2024-05-23,101.8,104.6,100.4,102.4,0.4,+0.39%,112610
SEAT,2024-05-24,102.6,105,101,105,2.6,+2.54%,56929
SEAT,2024-05-28,105,105.6,97.1,97.2,-7.8,-7.43%,84655
SEAT,2024-05-29,96.2,98,94.1,96,-1.2,-1.23%,130910
SEAT,2024-05-30,97.2,98.4,94.3,97,1,+1.04%,92550
SEAT,2024-05-31,97,101.2,95.998,101,4,+4.12%,51450
SEAT,2024-06-03,101.6,104.8,101.2,104.4,3.4,+3.37%,60769
SEAT,2024-06-04,104.4,105.6,103.8,104.8,0.4,+0.38%,43685
SEAT,2024-06-05,105.4,106.4,103.8,104.4,-0.4,-0.38%,42460
SEAT,2024-06-06,104.2,105.6,104.2,105.2,0.8,+0.77%,30990
SEAT,2024-06-07,104.4,106.8,104.4,104.4,-0.8,-0.76%,37475
SEAT,2024-06-10,104.4,106,102.8,105.6,1.2,+1.15%,34375
SEAT,2024-06-11,105.4,108,105,108,2.4,+2.27%,44905
SEAT,2024-06-12,109.6,111,106.6,107.2,-0.8,-0.74%,45065
SEAT,2024-06-13,106.8,109.6,105,105,-2.2,-2.05%,38370
SEAT,2024-06-14,104,105,101.6,103.4,-1.6,-1.52%,38005
SEAT,2024-06-17,102.8,108.8,102.8,108.6,5.2,+5.03%,34950
SEAT,2024-06-18,106.6,109.4,104.2,104.4,-4.2,-3.87%,36445
SEAT,2024-06-20,104,105.6,102.8,105.6,1.2,+1.15%,30050
SEAT,2024-06-21,105.4,107.8,104.8,107.4,1.8,+1.70%,48930
SEAT,2024-06-24,107.2,108.2,105.4,107.4,0,0.00%,46155
SEAT,2024-06-25,107.4,108.2,105.4,108,0.6,+0.56%,38580
SEAT,2024-06-26,107.2,110.6,106.4,110.4,2.4,+2.22%,50215
SEAT,2024-06-27,110.8,111.8,107,109.4,-1.,-0.91%,54089
SEAT,2024-06-28,109.4,118,108.8,115,5.6,+5.12%,192620
SEAT,2024-07-01,114.4,115.6,103.9,106,-9.,-7.83%,108670
SEAT,2024-07-02,105,106.5,103.4,106,0,0.00%,50605
SEAT,2024-07-03,106,108.2,105.8,107.4,1.4,+1.32%,28984
SEAT,2024-07-05,106.8,107.4,105.6,106.8,-0.6,-0.56%,31730
SEAT,2024-07-08,106.6,109.8,105.8,108.2,1.4,+1.31%,49550
SEAT,2024-07-09,107.8,110.4,106.2,109.8,1.6,+1.48%,48750
SEAT,2024-07-10,110.2,110.4,107.6,108.8,-1.,-0.91%,67305
SEAT,2024-07-11,110.2,112.4,108.5,111.2,2.4,+2.21%,48685
SEAT,2024-07-12,112.4,112.4,108.6,108.8,-2.4,-2.16%,35865
SEAT,2024-07-15,108.8,111,108.5,109,0.2,+0.18%,49765
SEAT,2024-07-16,109.2,114.7,109.2,113.6,4.6,+4.22%,73325
SEAT,2024-07-17,113,114,108.8,109,-4.6,-4.05%,52695
SEAT,2024-07-18,108.4,110.4,106.8,107.2,-1.8,-1.65%,51105
SEAT,2024-07-19,107.2,107.8,103.8,105.6,-1.6,-1.49%,46030
SEAT,2024-07-22,105.2,107.8,104.1,107.6,2,+1.89%,42975
SEAT,2024-07-23,106.6,107.9,105.6,106.2,-1.4,-1.30%,35655
SEAT,2024-07-24,104.2,105.5,99.4,99.6,-6.6,-6.21%,56295
SEAT,2024-07-25,98.8,99.2,95.4,96.2,-3.4,-3.41%,132225
SEAT,2024-07-26,98.2,102,96.4,101.8,5.6,+5.82%,53290
SEAT,2024-07-29,102.6,102.6,98.6,99.6,-2.2,-2.16%,52010
SEAT,2024-07-30,99.6,99.6,96.8,98,-1.6,-1.61%,58969
SEAT,2024-07-31,97.8,100,97.1,97.6,-0.4,-0.41%,53825
SEAT,2024-08-01,97.4,97.4,90.4,92.4,-5.2,-5.33%,129630
SEAT,2024-08-02,92.8,92.8,87.6,87.6,-4.8,-5.19%,117274
SEAT,2024-08-05,84.6,86.2,81.6,84,-3.6,-4.11%,107225
SEAT,2024-08-06,84,89.2,79.2,85.8,1.8,+2.14%,192895
SEAT,2024-08-07,84.6,85.3,74.2,74.4,-11.4,-13.29%,174375
SEAT,2024-08-08,74.6,77.8,73,77,2.6,+3.49%,144920
SEAT,2024-08-09,76.6,77.8,72.8,73.2,-3.8,-4.94%,89010
SEAT,2024-08-12,73.4,76,72.072,75.2,2,+2.73%,94120
SEAT,2024-08-13,75.2,79.8,75.2,77.4,2.2,+2.93%,166670
SEAT,2024-08-14,78,78.5,71.6,73.4,-4.,-5.17%,123394
SEAT,2024-08-15,75.6,79.4,75.6,79.4,6,+8.17%,90125
SEAT,2024-08-16,79.4,86.4,79.4,86.2,6.8,+8.56%,110255
SEAT,2024-08-19,86.2,90.6,85.5,89.2,3,+3.48%,142370
SEAT,2024-08-20,89.6,92,88.9,91,1.8,+2.02%,70175
SEAT,2024-08-21,92.2,92.6,87.6,89,-2.,-2.20%,87645
SEAT,2024-08-22,88,90,87.6,87.8,-1.2,-1.35%,35030
SEAT,2024-08-23,89.8,94,88.2,94,6.2,+7.06%,45790
SEAT,2024-08-26,94.4,94.4,92.5,93.4,-0.6,-0.64%,42075
SEAT,2024-08-27,92.2,93.6,91.4,93.2,-0.2,-0.21%,34200
SEAT,2024-08-28,92.4,92.9,90.8,91.2,-2.,-2.15%,36120
SEAT,2024-08-29,92.6,94.6,90.9,93.4,2.2,+2.41%,38820
SEAT,2024-08-30,93.6,93.6,91.6,93,-0.4,-0.43%,43905
SEAT,2024-09-03,92.2,94,91.6,92,-1.,-1.08%,34640
SEAT,2024-09-04,91.8,93.6,90.9,92.6,0.6,+0.65%,38405
SEAT,2024-09-05,92.6,93.2,90.6,93,0.4,+0.43%,47255
SEAT,2024-09-06,91.4,94.4,90.9,92.4,-0.6,-0.65%,36855
SEAT,2024-09-09,93.8,98.4,93,94.8,2.4,+2.60%,79845
SEAT,2024-09-10,93,93.4,79.5,84.1,-10.7,-11.29%,157975
SEAT,2024-09-11,83.6,84.8,79.6,81.5,-2.6,-3.09%,69750
SEAT,2024-09-12,81.6,82.3,78.2,79.2,-2.3,-2.82%,79890
SEAT,2024-09-13,80,81.5,79,79.6,0.4,+0.51%,46450
SEAT,2024-09-16,79,81.8,76.9,81.4,1.8,+2.26%,66105
SEAT,2024-09-17,82,83.9,81.2,83.6,2.2,+2.70%,62849
SEAT,2024-09-18,83.6,85.5,82,82.2,-1.4,-1.67%,76170
SEAT,2024-09-19,84.6,84.6,76,77.2,-5.,-6.08%,57985
SEAT,2024-09-20,77.2,77.2,73.6,73.8,-3.4,-4.40%,171820
SEAT,2024-09-23,74,74.4,72,72.2,-1.6,-2.17%,46705
SEAT,2024-09-24,72.6,76.4,72.4,75.8,3.6,+4.99%,46575
SEAT,2024-09-25,76,76,72.9,73.2,-2.6,-3.43%,48130
SEAT,2024-09-26,74.6,74.6,71.6,71.6,-1.6,-2.19%,63790
SEAT,2024-09-27,72.6,73.3,71.8,71.8,0.2,+0.28%,37350
SEAT,2024-09-30,71.2,74.2,70.852,74,2.2,+3.06%,44620
SEAT,2024-10-01,74,77.8,73.2,77.2,3.2,+4.32%,104255
SEAT,2024-10-02,77.2,78.6,71.2,71.6,-5.6,-7.25%,86850
SEAT,2024-10-03,71,71.8,67.2,67.2,-4.4,-6.15%,50490
SEAT,2024-10-04,68.2,71.2,67.7,71,3.8,+5.65%,45000
SEAT,2024-10-07,71,71.2,68.3,70.8,-0.2,-0.28%,52920
SEAT,2024-10-08,70.6,71.8,68.6,71.4,0.6,+0.85%,78450
SEAT,2024-10-09,71.6,75.8,71.5,74.8,3.4,+4.76%,63340
SEAT,2024-10-10,74.2,76.2,73.2,75.4,0.6,+0.80%,40560
SEAT,2024-10-11,75.4,79.2,75.4,78,2.6,+3.45%,38955
SEAT,2024-10-14,78.6,78.6,76.2,77.6,-0.4,-0.51%,27090
SEAT,2024-10-15,76.8,80.5,76.3,79.4,1.8,+2.32%,49075
SEAT,2024-10-16,80.4,80.6,78.6,80.4,1,+1.26%,30715
SEAT,2024-10-17,79.8,82.2,79,82,1.6,+1.99%,24725
SEAT,2024-10-18,82.6,83.2,81,82.8,0.8,+0.98%,27200
SEAT,2024-10-21,81.8,82.6,77.8,78,-4.8,-5.80%,42060
SEAT,2024-10-22,77,79.2,76,79,1,+1.28%,49600
SEAT,2024-10-23,78.4,79.3,76.6,77.4,-1.6,-2.03%,26050
SEAT,2024-10-24,78,79.4,76.49,78.8,1.4,+1.81%,43630
SEAT,2024-10-25,79.2,79.9,77.6,78.4,-0.4,-0.51%,28230
SEAT,2024-10-28,79.6,80.72,78.2,79,0.6,+0.77%,41110
SEAT,2024-10-29,78.4,81.6,78.3,81.4,2.4,+3.04%,28340
SEAT,2024-10-30,81.4,84.5,80.8,82.4,1,+1.23%,36910
SEAT,2024-10-31,82.4,84.4,80.8,81.4,-1.,-1.21%,43965
SEAT,2024-11-01,83.4,84.5,81.6,82.6,1.2,+1.47%,39905
SEAT,2024-11-04,81.4,82.4,78,79.8,-2.8,-3.39%,50285
SEAT,2024-11-05,79.4,80.6,77.8,80.2,0.4,+0.50%,56445
SEAT,2024-11-06,84.6,84.8,80.6,82.2,2,+2.49%,78590
SEAT,2024-11-07,76.2,80.1,71,74.8,-7.4,-9.00%,123230
SEAT,2024-11-08,74.2,75,70.5,71.5,-3.3,-4.41%,59560
SEAT,2024-11-11,71,77.6,70.2,77.4,5.9,+8.25%,58929
SEAT,2024-11-12,77,79.8,76.4,78.6,1.2,+1.55%,55725
SEAT,2024-11-13,78.6,79.2,74.9,75.2,-3.4,-4.33%,109510
SEAT,2024-11-14,76.2,77.4,71,71.2,-4.,-5.32%,44620
SEAT,2024-11-15,71.6,72,66.5,70.8,-0.4,-0.56%,113260
SEAT,2024-11-18,70.8,71.3,67.4,67.8,-3.,-4.24%,70220
SEAT,2024-11-19,67,73.2,67,72.8,5,+7.37%,61325
SEAT,2024-11-20,72.4,74.1,71.7,72.6,-0.2,-0.27%,40370
SEAT,2024-11-21,73.4,73.72,70.6,72.2,-0.4,-0.55%,68090
SEAT,2024-11-22,72.6,73.5,69.6,70.4,-1.8,-2.49%,70425
SEAT,2024-11-25,71.2,74.1,70.6,72,1.6,+2.27%,99710
SEAT,2024-11-26,71.8,72.56,67.3,71.2,-0.8,-1.11%,98411
SEAT,2024-11-27,71.2,73.4,68.7,69.2,-2.,-2.81%,88950
SEAT,2024-11-29,70.8,73,69,71.6,2.4,+3.47%,55355
SEAT,2024-12-02,70.6,71.2,68,69,-2.6,-3.63%,70180
SEAT,2024-12-03,69,69.578,66.8,67.2,-1.8,-2.61%,91350
SEAT,2024-12-04,66.8,67.4,64.8,67.2,0,0.00%,65930
SEAT,2024-12-05,67,68.3,65.1,65.2,-2.,-2.98%,70380
SEAT,2024-12-06,65.6,68,65.5,67.6,2.4,+3.68%,51920
SEAT,2024-12-09,68,71,67.2,67.4,-0.2,-0.30%,54040
SEAT,2024-12-10,67.4,72,66,71,3.6,+5.34%,66665
SEAT,2024-12-11,71.8,72.2,69,71.6,0.6,+0.85%,64035
SEAT,2024-12-12,71.4,71.5,66.7,67.4,-4.2,-5.87%,67595
SEAT,2024-12-13,67,69.8,65.8,69.8,2.4,+3.56%,68545
SEAT,2024-12-16,69,73.2,68,70.2,0.4,+0.57%,60750
SEAT,2024-12-17,69.8,73.8,69.6,71.6,1.4,+1.99%,114095
SEAT,2024-12-18,71.6,73.1,66.8,67.8,-3.8,-5.31%,82590
SEAT,2024-12-19,69.2,70.4,65.3,67.6,-0.2,-0.29%,86600
SEAT,2024-12-20,67.6,71.8,67.2,70.4,2.8,+4.14%,78295
SEAT,2024-12-23,69.4,70.2,66.9,70,-0.4,-0.57%,52810
SEAT,2024-12-24,70,76.3,70,74.2,4.2,+6.00%,30290
SEAT,2024-12-26,73.4,78,73.2,76.8,2.6,+3.50%,46520
SEAT,2024-12-27,76,76.6,73.6,75.8,-1.,-1.30%,57835
SEAT,2024-12-30,75,93,73.6,90.8,15,+19.79%,200815
SEAT,2024-12-31,92.6,95.5,90,92.6,1.8,+1.98%,113810
SEAT,2025-01-02,93.8,94.3,89,90.6,-2.,-2.16%,56445
SEAT,2025-01-03,91.6,93.4,89.8,91.9,1.3,+1.43%,51220
SEAT,2025-01-06,94.4,95.2,90.8,91.4,-0.5,-0.54%,42675
SEAT,2025-01-07,91.4,94,89.2,93.2,1.8,+1.97%,43340
SEAT,2025-01-08,92.2,92.6,88.9,90.4,-2.8,-3.00%,45485
SEAT,2025-01-10,88,89.2,86.2,87.8,-2.6,-2.88%,32355
SEAT,2025-01-13,86,88.6,86,87,-0.8,-0.91%,41430
SEAT,2025-01-14,88.2,94.5,86.4,92.8,5.8,+6.67%,113360
SEAT,2025-01-15,96,100,93,94.6,1.8,+1.94%,98025
SEAT,2025-01-16,95,98.9,94.3,97,2.4,+2.54%,57875
SEAT,2025-01-17,98.4,98.9,94.4,95.6,-1.4,-1.44%,43625
SEAT,2025-01-21,96,96.8,93.3,93.8,-1.8,-1.88%,37430
SEAT,2025-01-22,93.8,95.1,90.2,91.6,-2.2,-2.35%,53440
SEAT,2025-01-23,90.4,94.8,89.7,94.4,2.8,+3.06%,46865
SEAT,2025-01-24,94.2,95.5,92.8,94,-0.4,-0.42%,26425
SEAT,2025-01-27,92.4,95.4,90.5,91,-3.,-3.19%,42375
SEAT,2025-01-28,90.6,94.1,89.8,90.8,-0.2,-0.22%,119130
SEAT,2025-01-29,91,92.6,82,87.2,-3.6,-3.96%,81670
SEAT,2025-01-30,86.6,88.9,84.8,84.8,-2.4,-2.75%,47870
SEAT,2025-01-31,84.4,86.8,82.6,86,1.2,+1.42%,71435
SEAT,2025-02-03,84,87.2,83.2,86.8,0.8,+0.93%,34235
SEAT,2025-02-04,86.8,90.6,85.6,90.6,3.8,+4.38%,45585
SEAT,2025-02-05,90.6,92,84.6,87.2,-3.4,-3.75%,60470
SEAT,2025-02-06,87.4,88.5,86.002,86.4,-0.8,-0.92%,20400
SEAT,2025-02-07,86,88.5,85.3,88.2,1.8,+2.08%,25870
SEAT,2025-02-10,89,89,86.8,87.6,-0.6,-0.68%,26870
SEAT,2025-02-11,87,89.6,87,89.4,1.8,+2.05%,22835
SEAT,2025-02-12,88.4,90.5,87.8,88.2,-1.2,-1.34%,25255
SEAT,2025-02-13,88,88,84.4,84.4,-3.8,-4.31%,39410
SEAT,2025-02-14,85.2,89.2,85.2,87,2.6,+3.08%,39680
SEAT,2025-02-18,87.8,89.5,84.8,85.2,-1.8,-2.07%,43580
SEAT,2025-02-19,83.6,86,81.2,86,0.8,+0.94%,44090
SEAT,2025-02-20,86,87.4,83.8,86.4,0.4,+0.47%,37025
SEAT,2025-02-21,87.2,90,86,86.6,0.2,+0.23%,41205
SEAT,2025-02-24,87.6,88.8,84.4,87.4,0.8,+0.92%,39565
SEAT,2025-02-25,88.2,89.2,84.8,85.8,-1.6,-1.83%,32100
SEAT,2025-02-26,85.4,86.366,82.4,83,-2.8,-3.26%,33095
SEAT,2025-02-27,82.8,84.5,80.3,80.6,-2.4,-2.89%,48325
SEAT,2025-02-28,81.2,83.4,76,82.8,2.2,+2.73%,104860
SEAT,2025-03-03,83.6,85.6,82.5,83.2,0.4,+0.48%,51805
SEAT,2025-03-04,82,84.8,81,83.6,0.4,+0.48%,55249
SEAT,2025-03-05,82.6,84.1,81.9,83,-0.6,-0.72%,33115
SEAT,2025-03-06,82.4,82.8,80.2,81.4,-1.6,-1.93%,43600
SEAT,2025-03-07,80.8,81.9,79.3,79.6,-1.8,-2.21%,41655
SEAT,2025-03-10,79.2,79.2,75.5,77.2,-2.4,-3.02%,48905
SEAT,2025-03-11,76.4,77.2,74.4,75.4,-1.8,-2.33%,63225
SEAT,2025-03-12,57.4,62.6,53.3,58,-17.4,-23.08%,350290
SEAT,2025-03-13,53.4,57.6,50.2,56.2,-1.8,-3.10%,211765
SEAT,2025-03-14,58,58,55.4,57.2,1,+1.78%,81585
SEAT,2025-03-17,57,57,53.4,53.6,-3.6,-6.29%,126285
SEAT,2025-03-18,54.2,55.1,53,54.4,0.8,+1.49%,100970
SEAT,2025-03-19,54.8,58.4,54.8,57.6,3.2,+5.88%,142000
SEAT,2025-03-20,57.6,60.7,57.4,60.2,2.6,+4.51%,115025
SEAT,2025-03-21,59.6,60.5,56,56.2,-4.,-6.64%,114480
SEAT,2025-03-24,56.4,57.8,54.8,55,-1.2,-2.14%,132675
SEAT,2025-03-25,55,58.8,54.6,57.2,2.2,+4.00%,138290
SEAT,2025-03-26,57.6,58.9,57,57.2,0,0.00%,59710
SEAT,2025-03-27,57.2,62.4,57,59.4,2.2,+3.85%,71670
SEAT,2025-03-28,59,60.2,57.5,58.6,-0.8,-1.35%,76120
SEAT,2025-03-31,57.8,60.4,57.6,59.2,0.6,+1.02%,86950
SEAT,2025-04-01,58,59.198,54,57.8,-1.4,-2.36%,110895
SEAT,2025-04-02,57.2,61.2,57.2,61.2,3.4,+5.88%,78445
SEAT,2025-04-03,59.8,59.8,55,55.3,-5.9,-9.64%,65335
SEAT,2025-04-04,54.2,55.4,50.7,51.4,-3.9,-7.05%,143165
SEAT,2025-04-07,49.8,53.4,47.2,49.8,-1.6,-3.11%,140920
SEAT,2025-04-08,51.2,53.5,48,49,-0.8,-1.61%,105215
SEAT,2025-04-09,48.4,56.4,48.4,55.8,6.8,+13.88%,108070
SEAT,2025-04-10,55,55,51.8,54.2,-1.6,-2.87%,50305
SEAT,2025-04-11,54.6,56.8,53.2,56.6,2.4,+4.43%,40235
SEAT,2025-04-14,57.2,58,54.1,57.2,0.6,+1.06%,132130
SEAT,2025-04-15,57,57.6,53.4,55.2,-2.,-3.50%,56505
SEAT,2025-04-16,55,55,48.2,48.4,-6.8,-12.32%,109450
SEAT,2025-04-17,48.4,48.6,46,46.1,-2.3,-4.75%,99205
SEAT,2025-04-21,45.8,48.6,43,48.6,2.5,+5.42%,289170
SEAT,2025-04-22,48.8,50.6,47.2,50,1.4,+2.88%,58215
SEAT,2025-04-23,52,53.8,50.6,52.6,2.6,+5.20%,75705
SEAT,2025-04-24,52.6,54.2,52.126,54,1.4,+2.66%,51425
SEAT,2025-04-25,54,54.9,52.7,54.2,0.2,+0.37%,63980
SEAT,2025-04-28,54,55.3,53.8,55,0.8,+1.48%,22945
SEAT,2025-04-29,54.8,60.2,54.7,59,4,+7.27%,85255
SEAT,2025-04-30,57.8,57.9,55.206,56.2,-2.8,-4.75%,48870
SEAT,2025-05-01,56.8,56.9,52.9,53.6,-2.6,-4.63%,46825
SEAT,2025-05-02,54.6,56.5,54,54.2,0.6,+1.12%,44910
SEAT,2025-05-05,53.6,55.8,53,55.8,1.6,+2.95%,59245
SEAT,2025-05-06,41.2,42.2,33.6,34.7,-21.1,-37.81%,584375
SEAT,2025-05-07,34,35.4,33.2,35.2,0.5,+1.44%,190640
SEAT,2025-05-08,35.2,37.9,33.2,36.6,1.4,+3.98%,434370
SEAT,2025-05-09,36.8,37.6,35.498,35.8,-0.8,-2.19%,90630
SEAT,2025-05-12,37,40.1,37,39.6,3.8,+10.61%,108415
SEAT,2025-05-13,38.8,43.4,38.2,41.6,2,+5.05%,112770
SEAT,2025-05-14,42,45.1,41.4,44.6,3,+7.21%,118885
SEAT,2025-05-15,43.4,44.2,39,39.2,-5.4,-12.11%,207020
SEAT,2025-05-16,39.4,40.7,37.7,39.2,0,0.00%,79315
SEAT,2025-05-19,38.4,38.9,37.1,38.4,-0.8,-2.04%,37980
SEAT,2025-05-20,37.6,39.7,37.2,39.4,1,+2.60%,48795
SEAT,2025-05-21,39.4,39.4,37,37.4,-2.,-5.08%,43805
SEAT,2025-05-22,36.8,37.8,36.7,37,-0.4,-1.07%,46600
SEAT,2025-05-23,36.2,36.7,35.62,36.2,-0.8,-2.16%,38885
SEAT,2025-05-27,36.6,37.9,36.2,37,0.8,+2.21%,68130
SEAT,2025-05-28,36.8,37.2,34.8,34.8,-2.2,-5.95%,41650
SEAT,2025-05-29,35,35.4,32.6,32.8,-2.,-5.75%,53735
SEAT,2025-05-30,32.2,32.6,30.8,31.2,-1.6,-4.88%,134860
SEAT,2025-06-02,31,31.4,29.2,29.6,-1.6,-5.13%,63680
SEAT,2025-06-03,29.8,31.2,28.7,30.4,0.8,+2.70%,85210
SEAT,2025-06-04,30.4,31.6,29.4,30.6,0.2,+0.66%,74335
SEAT,2025-06-05,30.4,34.2,30.1,32.8,2.2,+7.19%,78230
SEAT,2025-06-06,33.2,34.6,33.2,34.4,1.6,+4.88%,47365
SEAT,2025-06-09,34.2,36.5,34.2,36.2,1.8,+5.23%,46630
SEAT,2025-06-10,36.6,38.1,35.6,36.4,0.2,+0.55%,73395
SEAT,2025-06-11,36.4,36.6,35.2,35.8,-0.6,-1.65%,37820
SEAT,2025-06-12,36,36.6,35.11,36,0.2,+0.56%,35070
SEAT,2025-06-13,35.2,36.2,34.2,35.8,-0.2,-0.56%,78500
SEAT,2025-06-16,35.8,37.8,35.6,37,1.2,+3.35%,34065
SEAT,2025-06-17,37,39,36.6,38.4,1.4,+3.78%,51320
SEAT,2025-06-18,38.4,39.4,37.6,38.8,0.4,+1.04%,46395
SEAT,2025-06-20,39.2,39.386,37.2,38.2,-0.6,-1.55%,56310
SEAT,2025-06-23,38,38.6,36,37,-1.2,-3.14%,114954
SEAT,2025-06-24,37.2,38.4,32,33.2,-3.8,-10.27%,195415
SEAT,2025-06-25,33.8,34.4,32.6,32.7,-0.5,-1.51%,43715
SEAT,2025-06-26,33,34.2,32,32.2,-0.5,-1.53%,86555
SEAT,2025-06-27,32,34.5,32,32,-0.2,-0.62%,168845
SEAT,2025-06-30,32,34.2,32,33.8,1.8,+5.63%,52880
SEAT,2025-07-01,33.4,38.8,33.4,37.8,4,+11.83%,72605
SEAT,2025-07-02,37.6,38.7,36.7,37.6,-0.2,-0.53%,60129
SEAT,2025-07-03,37.4,37.716,36.3,37.2,-0.4,-1.06%,16710
SEAT,2025-07-07,36.6,41.2,36.5,39.4,2.2,+5.91%,133020
SEAT,2025-07-08,39.6,40,38.1,38.4,-1.,-2.54%,54260
SEAT,2025-07-09,38.4,38.6,36.8,36.8,-1.6,-4.17%,52320
SEAT,2025-07-10,36.8,38.1,36.4,37,0.2,+0.54%,37395
SEAT,2025-07-11,36.6,37.4,36,36.2,-0.8,-2.16%,36400
SEAT,2025-07-14,36.2,36.4,35,35.2,-1.,-2.76%,41940
SEAT,2025-07-15,35.4,35.9,33.8,34,-1.2,-3.41%,36935
SEAT,2025-07-16,34,34.8,33.6,33.8,-0.2,-0.59%,54830
SEAT,2025-07-17,34,34.792,33.6,34,0.2,+0.59%,71540
SEAT,2025-07-18,34.4,34.4,32.2,32.6,-1.4,-4.12%,72575
SEAT,2025-07-21,32.4,35.2,32.4,33.2,0.6,+1.84%,72455
SEAT,2025-07-22,32.8,38,32.8,37.6,4.4,+13.25%,84205
SEAT,2025-07-23,38,38,36.022,37.4,-0.2,-0.53%,56390
SEAT,2025-07-24,37,37.8,34.6,35.2,-2.2,-5.88%,54035
SEAT,2025-07-25,35.2,36,33.6,34,-1.2,-3.41%,82965
SEAT,2025-07-28,34,35.3,33.4,34.6,0.6,+1.76%,56820
SEAT,2025-07-29,34.6,34.8,31.9,32.4,-2.2,-6.36%,52750
SEAT,2025-07-30,32.2,33.3,30.8,31,-1.4,-4.32%,45830
SEAT,2025-07-31,30.6,31.5,29.8,31,0,0.00%,138065
SEAT,2025-08-01,30.2,30.7,28.4,29,-2.,-6.45%,97130
SEAT,2025-08-04,28.8,30,26,26.3,-2.7,-9.31%,82060
SEAT,2025-08-05,25.6,25.6,19.578,20.4,-5.9,-22.43%,288920
SEAT,2025-08-06,20.95,35,20.172,25.68,5.28,+25.88%,1414200
SEAT,2025-08-07,24.39,24.42,17.22,17.93,-7.75,-30.18%,1137300
SEAT,2025-08-08,17.41,17.41,15.25,16.76,-1.17,-6.53%,822600
SEAT,2025-08-11,16.61,17.64,16.32,17.325,0.565,+3.37%,250100
SEAT,2025-08-12,16.99,17.52,16.35,17.51,0.185,+1.07%,158400
SEAT,2025-08-13,17.47,18.5334,17.13,18.18,0.67,+3.83%,146200
SEAT,2025-08-14,18.04,18.41,16.96,17.47,-0.71,-3.91%,151000
SEAT,2025-08-15,17.5,18.1077,17.31,17.33,-0.14,-0.80%,117300
SEAT,2025-08-18,17.14,17.4664,16.68,16.73,-0.6,-3.46%,95900
SEAT,2025-08-19,16.62,17.42,16.42,16.49,-0.24,-1.43%,125200
SEAT,2025-08-20,16.41,16.44,15.6,16.02,-0.47,-2.85%,106600
SEAT,2025-08-21,15.93,15.93,15.125,15.7,-0.32,-2.00%,125800
SEAT,2025-08-22,15.69,17.17,15.69,16.98,1.28,+8.15%,139900
SEAT,2025-08-25,17,18.0931,16.74,16.95,-0.03,-0.18%,139900
SEAT,2025-08-26,17.03,17.195,16.61,16.76,-0.19,-1.12%,81600
SEAT,2025-08-27,16.8,17.4,16.73,17.35,0.59,+3.52%,60800
SEAT,2025-08-28,17.33,17.33,16.58,16.97,-0.38,-2.19%,102800
SEAT,2025-08-29,17.03,18.01,16.7733,17.75,0.78,+4.60%,118100
SEAT,2025-09-02,17.29,17.355,16.16,16.55,-1.2,-6.76%,125100
SEAT,2025-09-03,16.28,16.68,15.45,15.475,-1.075,-6.50%,125300
SEAT,2025-09-04,15.64,15.8,14.54,15.44,-0.035,-0.23%,228600
SEAT,2025-09-05,15.66,16.155,15.22,15.94,0.5,+3.24%,108400
SEAT,2025-09-08,15.98,16.34,15.13,16.18,0.24,+1.51%,109700
SEAT,2025-09-09,16,16.71,15.62,15.77,-0.41,-2.53%,128800
SEAT,2025-09-10,15.76,15.76,14.69,14.91,-0.86,-5.45%,130200
SEAT,2025-09-11,14.88,17.5,14.785,17.33,2.42,+16.23%,138300
SEAT,2025-09-12,17.42,17.65,16.5501,17.02,-0.31,-1.79%,132200
SEAT,2025-09-15,16.95,17.95,16.61,16.94,-0.08,-0.47%,156100
SEAT,2025-09-16,17.01,17.8,16.76,17.06,0.12,+0.71%,67300
SEAT,2025-09-17,17.14,18.725,16.79,16.98,-0.08,-0.47%,227200
SEAT,2025-09-18,17.27,17.9817,16.86,17.33,0.35,+2.06%,127800
SEAT,2025-09-19,17.3,17.3,16.01,16.11,-1.22,-7.04%,206700
SEAT,2025-09-22,15.86,16.4942,15.61,15.96,-0.15,-0.93%,61500
SEAT,2025-09-23,16,16.61,15.56,15.665,-0.295,-1.85%,92600
SEAT,2025-09-24,15.78,16.15,15.16,15.59,-0.075,-0.48%,152700
SEAT,2025-09-25,15.37,15.795,14.76,15.24,-0.35,-2.25%,114200
SEAT,2025-09-26,15.2,16.66,14.9343,16.48,1.24,+8.14%,160800
SEAT,2025-09-29,16.49,17.155,16,16.52,0.04,+0.24%,107900
SEAT,2025-09-30,16.54,16.67,15.79,16.62,0.1,+0.61%,81000
SEAT,2025-10-01,16.37,16.62,15.73,16.11,-0.51,-3.07%,79200
SEAT,2025-10-02,16.2149,16.27,15.705,15.93,-0.18,-1.12%,42800
SEAT,2025-10-03,15.91,16.5383,14.88,14.95,-0.98,-6.15%,81100
SEAT,2025-10-06,14.92,15.425,14.66,15.09,0.14,+0.94%,76300
SEAT,2025-10-07,15.05,15.4478,14.8525,14.92,-0.17,-1.13%,79900
SEAT,2025-10-08,15.07,15.07,13.48,13.48,-1.44,-9.65%,170500
SEAT,2025-10-09,13.5,13.88,12.6804,12.7,-0.78,-5.79%,206600
SEAT,2025-10-10,12.7,13.035,11.27,11.28,-1.42,-11.18%,212900
SEAT,2025-10-13,11.69,11.9712,11.1668,11.74,0.46,+4.08%,179700
SEAT,2025-10-14,11.53,12.07,10.9441,11.61,-0.13,-1.11%,261100
SEAT,2025-10-15,11.78,12.4,11.4,11.84,0.23,+1.98%,120900
SEAT,2025-10-16,11.89,12.57,11.445,11.7,-0.14,-1.18%,131500
SEAT,2025-10-17,11.7,12.07,10.55,10.7,-1.,-8.55%,279300
SEAT,2025-10-20,11.03,13.1999,11,12.05,1.35,+12.62%,351500
SEAT,2025-10-21,12.06,12.77,11.775,12.61,0.56,+4.65%,94300
SEAT,2025-10-22,12.5,13.23,12.19,12.99,0.38,+3.01%,107800
SEAT,2025-10-23,12.25,13.67,12.25,12.75,-0.24,-1.85%,221600
SEAT,2025-10-24,12.98,13.98,12.86,13.33,0.58,+4.55%,79200
SEAT,2025-10-27,13.33,13.47,12.55,12.9,-0.43,-3.23%,75300
SEAT,2025-10-28,12.93,13.4852,12.59,12.98,0.08,+0.62%,82600
SEAT,2025-10-29,13.05,13.87,12.5755,12.97,-0.01,-0.08%,113700
SEAT,2025-10-30,12.78,12.78,12.0608,12.15,-0.82,-6.32%,125900
SEAT,2025-10-31,12.08,12.83,11.76,12.41,0.26,+2.14%,99900
SEAT,2025-11-03,12.48,12.48,11.97,12.2,-0.21,-1.69%,55000
SEAT,2025-11-04,11.95,12.73,11.71,12.73,0.53,+4.34%,141800
SEAT,2025-11-05,12.51,12.72,11.69,11.91,-0.82,-6.44%,125200
SEAT,2025-11-06,10,11.06,9,10.56,-1.35,-11.34%,278800
SEAT,2025-11-07,10.37,10.58,9.59,10.55,-0.01,-0.09%,146100
SEAT,2025-11-10,10.57,11,10.047,10.87,0.32,+3.03%,80500
SEAT,2025-11-11,11.03,11.03,9.17,9.68,-1.19,-10.95%,264400
SEAT,2025-11-12,9.77,9.9,9.09,9.46,-0.22,-2.27%,161600
SEAT,2025-11-13,9.39,9.491,8.8,8.87,-0.59,-6.24%,289600
SEAT,2025-11-14,8.7,8.7,7.515,7.91,-0.96,-10.82%,225400
SEAT,2025-11-17,7.75,8.28,7.04,7.58,-0.33,-4.17%,278400
SEAT,2025-11-18,7.51,8.39,7.25,8.23,0.65,+8.58%,120500
SEAT,2025-11-19,8.23,8.39,7.77,8.255,0.025,+0.30%,115500
SEAT,2025-11-20,8.31,8.385,7.62,7.86,-0.395,-4.78%,85500
SEAT,2025-11-21,7.86,8.2,7.7,7.92,0.06,+0.76%,198700
SEAT,2025-11-24,7.87,8.21,7.51,7.58,-0.34,-4.29%,121300
SEAT,2025-11-25,7.59,7.84,7.34,7.41,-0.17,-2.24%,102000
SEAT,2025-11-26,7.4,7.55,7.16,7.27,-0.14,-1.89%,134400
SEAT,2025-11-28,7.33,7.78,7.19,7.71,0.44,+6.05%,53600
SEAT,2025-12-01,7.6,7.87,7.48,7.61,-0.1,-1.30%,58700
SEAT,2025-12-02,7.61,7.681,7.3,7.43,-0.18,-2.37%,106500
SEAT,2025-12-03,7.48,7.855,7.48,7.55,0.12,+1.62%,102300
SEAT,2025-12-04,7.51,8.36,7.5089,8.36,0.81,+10.73%,163600
SEAT,2025-12-05,8.3,8.3,7.6,7.63,-0.73,-8.73%,114200
SEAT,2025-12-08,7.74,7.74,7.2218,7.32,-0.31,-4.06%,144800
SEAT,2025-12-09,7.4,7.59,7.25,7.45,0.13,+1.78%,119700
SEAT,2025-12-10,7.45,7.975,7.3529,7.73,0.28,+3.76%,256900
SEAT,2025-12-11,7.74,7.9448,7.39,7.57,-0.16,-2.07%,108200
SEAT,2025-12-12,7.56,7.595,7.27,7.4,-0.17,-2.25%,152800
SEAT,2025-12-15,7.46,7.46,6.26,6.54,-0.86,-11.62%,216700
SEAT,2025-12-16,6.52,7.22,6.52,6.81,0.27,+4.13%,232000
SEAT,2025-12-17,6.77,7.13,6.66,6.91,0.1,+1.47%,132100
SEAT,2025-12-18,6.9,7.0048,6.51,6.52,-0.39,-5.64%,126700
SEAT,2025-12-19,6.51,6.6099,6.17,6.19,-0.33,-5.06%,272600
SEAT,2025-12-22,6.18,6.77,6.15,6.49,0.3,+4.85%,171700
SEAT,2025-12-23,6.49,6.64,6.245,6.53,0.04,+0.62%,96700
SEAT,2025-12-24,6.47,6.62,6.41,6.59,0.06,+0.92%,31300
SEAT,2025-12-26,6.57,6.735,6.4,6.63,0.04,+0.61%,85600
SEAT,2025-12-29,6.6,6.7,6.43,6.44,-0.19,-2.87%,95200
SEAT,2025-12-30,6.42,6.84,6.21,6.78,0.34,+5.28%,231700
SEAT,2025-12-31,6.66,7.335,6.525,7.21,0.43,+6.34%,208400
SEAT,2026-01-02,7.29,7.392,6.83,7,-0.21,-2.91%,93200
SEAT,2026-01-05,7.01,7.785,6.93,7.48,0.48,+6.86%,97300
SEAT,2026-01-06,7.48,7.7303,7.14,7.47,-0.01,-0.13%,82600
SEAT,2026-01-07,7.45,7.58,7.11,7.12,-0.35,-4.69%,37800
SEAT,2026-01-08,7.08,7.3,6.98,7.24,0.12,+1.69%,69000
SEAT,2026-01-09,7.14,7.31,6.78,7.24,0,0.00%,76000
SEAT,2026-01-12,7.2,7.24,6.8201,7.07,-0.17,-2.35%,59800
SEAT,2026-01-13,7.105,7.105,6.67,6.73,-0.34,-4.81%,94800
SEAT,2026-01-14,6.71,6.92,6.2,6.26,-0.47,-6.98%,120400
SEAT,2026-01-15,6.31,6.7299,6.13,6.51,0.25,+3.99%,89500
SEAT,2026-01-16,6.55,7.1,6.54,6.89,0.38,+5.84%,189400
SEAT,2026-01-20,6.71,6.88,6.32,6.49,-0.4,-5.81%,145200
SEAT,2026-01-21,6.5,6.75,6.06,6.45,-0.04,-0.62%,139900
SEAT,2026-01-22,6.45,6.7284,6.4,6.48,0.03,+0.47%,70500
SEAT,2026-01-23,6.45,6.52,6.25,6.33,-0.15,-2.31%,51600
SEAT,2026-01-26,6.4,6.71,6.34,6.56,0.23,+3.63%,142000
SEAT,2026-01-27,6.56,6.94,6.34,6.72,0.16,+2.44%,123100
SEAT,2026-01-28,6.72,6.875,6.5019,6.83,0.11,+1.64%,117200
SEAT,2026-01-29,6.88,7.38,6.48,7.26,0.43,+6.30%,326600
SEAT,2026-01-30,7.17,7.52,6.94,7.29,0.03,+0.41%,156600
SEAT,2026-02-02,7.24,7.261,6.925,7.04,-0.25,-3.43%,72600
SEAT,2026-02-03,6.98,7.03,6.27,6.69,-0.35,-4.97%,121100
SEAT,2026-02-04,6.74,7,6.515,6.72,0.03,+0.45%,224000
SEAT,2026-02-05,6.62,6.62,6.04,6.51,-0.21,-3.13%,315200
SEAT,2026-02-06,6.53,6.97,6.22,6.94,0.43,+6.61%,128100
SEAT,2026-02-09,6.91,7.6,6.78,7.35,0.41,+5.91%,131900
SEAT,2026-02-10,7.25,7.82,7.25,7.49,0.14,+1.90%,58000
SEAT,2026-02-11,7.55,7.7,6.86,7.02,-0.47,-6.28%,42500
SEAT,2026-02-12,7.1,7.1,6.33,6.81,-0.21,-2.99%,94600
SEAT,2026-02-13,6.83,6.94,6.55,6.66,-0.15,-2.20%,85400
SEAT,2026-02-17,6.65,6.783,6.28,6.74,0.08,+1.20%,79600
SEAT,2026-02-18,6.77,7.63,6.75,7.46,0.72,+10.68%,168100
SEAT,2026-02-19,7.36,7.5,7.05,7.4,-0.06,-0.80%,77700
SEAT,2026-02-20,7.36,7.71,7.26,7.59,0.19,+2.57%,64900
SEAT,2026-02-23,7.56,7.56,6.11,6.155,-1.435,-18.91%,184000
SEAT,2026-02-24,6.11,6.41,5.505,5.595,-0.56,-9.10%,195900
SEAT,2026-02-25,5.64,5.97,5.5,5.66,0.065,+1.16%,115300
SEAT,2026-02-26,5.64,6.2799,5.52,5.98,0.32,+5.65%,167500
SEAT,2026-02-27,5.92,5.97,5.66,5.96,-0.02,-0.33%,72800
SEAT,2026-03-02,5.97,6.18,5.76,5.79,-0.17,-2.85%,63700
SEAT,2026-03-03,5.78,6.295,5.6501,6.13,0.34,+5.87%,135300
SEAT,2026-03-04,6.13,6.5,5.945,6.09,-0.04,-0.65%,83800
SEAT,2026-03-05,6.14,6.57,6.12,6.5,0.41,+6.73%,99600
SEAT,2026-03-06,6.45,7.24,6.23,7.19,0.69,+10.62%,105500
SEAT,2026-03-09,7.13,7.64,7.04,7.16,-0.03,-0.42%,100100
SEAT,2026-03-10,7.17,7.225,6.39,6.41,-0.75,-10.47%,92300
SEAT,2026-03-11,6.39,6.7399,5.89,6.1,-0.31,-4.84%,121300
SEAT,2026-03-12,5.06,6.63,5.06,5.65,-0.45,-7.38%,168200
SEAT,2026-03-13,5.99,6.285,5.215,5.9,0.25,+4.42%,263800
SEAT,2026-03-16,5.84,6.15,5.65,6,0.1,+1.69%,121300
SEAT,2026-03-17,6.05,6.63,6,6.4,0.4,+6.67%,172600
SEAT,2026-03-18,6.53,6.59,6.19,6.36,-0.04,-0.63%,113600
SEAT,2026-03-19,6.3,6.3,5.9,6.09,-0.27,-4.25%,135900
SEAT,2026-03-20,6.1,6.12,5.64,5.64,-0.45,-7.39%,307100
SEAT,2026-03-23,5.79,6.06,5.6,5.65,0.01,+0.18%,99700
SEAT,2026-03-24,5.66,5.78,5.26,5.49,-0.16,-2.83%,119300
SEAT,2026-03-25,5.57,5.69,5.25,5.3,-0.19,-3.46%,78500
SEAT,2026-03-26,5.25,5.775,5.18,5.69,0.39,+7.36%,173500
SEAT,2026-03-27,5.68,5.96,5.31,5.5,-0.19,-3.34%,98800
SEAT,2026-03-30,5.6,6.06,5.45,5.8,0.3,+5.45%,96200
SEAT,2026-03-31,5.95,6,5.55,5.91,0.11,+1.90%,102300
SEAT,2026-04-01,5.99,6.51,5.92,6.37,0.46,+7.78%,78000
SEAT,2026-04-02,6.2,6.5,5.9,6.49,0.12,+1.88%,113900
SEAT,2026-04-06,6.36,7.16,6.36,6.93,0.44,+6.78%,129400
SEAT,2026-04-07,6.93,7.24,6.6201,7.16,0.23,+3.32%,74300
SEAT,2026-04-08,7.24,7.69,7.0922,7.37,0.21,+2.93%,89000
SEAT,2026-04-09,7.22,7.34,6.4,6.47,-0.9,-12.21%,65600
SEAT,2026-04-10,6.49,6.495,5.93,6.06,-0.41,-6.34%,118200
SEAT,2026-04-13,6.08,6.77,5.93,6.6,0.54,+8.91%,78300
SEAT,2026-04-14,6.61,6.87,6.29,6.79,0.19,+2.88%,53200
SEAT,2026-04-15,6.74,7.43,6.74,7.42,0.63,+9.28%,146000
SEAT,2026-04-16,7.47,8.13,7.2,7.74,0.32,+4.31%,146100
SEAT,2026-04-17,7.89,8.2867,7.64,8.04,0.3,+3.88%,126100
SEAT,2026-04-20,7.78,7.88,7.18,7.785,-0.255,-3.17%,109100
SEAT,2026-04-21,7.74,7.9471,6.6799,6.72,-1.065,-13.68%,134200
SEAT,2026-04-22,6.85,7.65,6.65,7.24,0.52,+7.74%,95800
SEAT,2026-04-23,7.06,7.08,6.465,6.57,-0.67,-9.25%,81400
SEAT,2026-04-24,6.53,7.04,6.53,6.8,0.23,+3.50%,132800
SEDG,2015-03-26,20,21.89,19.49,20.7,13.9,+204.41%,6565700
SEDG,2015-03-27,20.7,21.59,20.29,21.07,0.37,+1.79%,934900
SEDG,2015-03-30,21.53,22.49,21,22.07,1,+4.75%,443300
SEDG,2015-03-31,22.11,22.5,21.61,21.93,-0.14,-0.63%,274200
SEDG,2015-04-01,21.93,22.39,21.71,22.24,0.31,+1.41%,207300
SEDG,2015-04-02,22.25,23.43,22.08,23.07,0.83,+3.73%,248800
SEDG,2015-04-06,23.64,23.85,22.24,22.48,-0.59,-2.56%,161800
SEDG,2015-04-07,22.38,23.66,22.21,23.21,0.73,+3.25%,144800
SEDG,2015-04-08,23.51,24.1,23.11,23.72,0.51,+2.20%,176200
SEDG,2015-04-09,24.21,24.74,24,24.28,0.56,+2.36%,322600
SEDG,2015-04-10,24.48,24.7,23.89,24.13,-0.15,-0.62%,169100
SEDG,2015-04-13,24.25,24.48,23.93,24.33,0.2,+0.83%,246200
SEDG,2015-04-14,24.4,24.67,24.29,24.51,0.18,+0.74%,169200
SEDG,2015-04-15,24.7,24.7,24,24.23,-0.28,-1.14%,168000
SEDG,2015-04-16,24.33,25.67,24.02,25.45,1.22,+5.04%,494700
SEDG,2015-04-17,25.34,25.57,24.07,24.75,-0.7,-2.75%,252700
SEDG,2015-04-20,25.53,25.78,24.33,24.61,-0.14,-0.57%,313000
SEDG,2015-04-21,24.97,24.98,23.55,23.68,-0.93,-3.78%,255600
SEDG,2015-04-22,23.92,24.24,23.61,23.81,0.13,+0.55%,270800
SEDG,2015-04-23,23.98,24.81,23.98,24.79,0.98,+4.12%,237800
SEDG,2015-04-24,24.94,25.24,24.8,24.89,0.1,+0.40%,266400
SEDG,2015-04-27,25.14,25.73,25.14,25.44,0.55,+2.21%,388000
SEDG,2015-04-28,25.6,27.31,25.29,26.6,1.16,+4.56%,395500
SEDG,2015-04-29,26.75,26.95,25.51,25.74,-0.86,-3.23%,239600
SEDG,2015-04-30,26.23,26.23,24.93,25,-0.74,-2.87%,173500
SEDG,2015-05-01,26.85,27.67,26.18,26.77,1.77,+7.08%,382800
SEDG,2015-05-04,27.5,30,27.16,28.61,1.84,+6.87%,648900
SEDG,2015-05-05,28.61,29,26.65,27.53,-1.08,-3.77%,295200
SEDG,2015-05-06,27.53,27.8,25.84,26.08,-1.45,-5.27%,303800
SEDG,2015-05-07,26.09,26.72,25.22,26.39,0.31,+1.19%,636700
SEDG,2015-05-08,31.7,32,29.22,31.1,4.71,+17.85%,1611400
SEDG,2015-05-11,31.65,35.88,31.11,33.96,2.86,+9.20%,1227500
SEDG,2015-05-12,34.29,35.64,33.26,34.14,0.18,+0.53%,748900
SEDG,2015-05-13,34.91,35.13,32.08,32.22,-1.92,-5.62%,750200
SEDG,2015-05-14,32.68,34.42,32.65,34.21,1.99,+6.18%,496100
SEDG,2015-05-15,34.72,37.85,34.06,37.35,3.14,+9.18%,863400
SEDG,2015-05-18,38.09,38.13,36.28,37.23,-0.12,-0.32%,422400
SEDG,2015-05-19,37.57,37.87,35.41,35.69,-1.54,-4.14%,360800
SEDG,2015-05-20,35.78,36.82,35.5,35.85,0.16,+0.45%,321700
SEDG,2015-05-21,36.01,36.4,34.08,35.42,-0.43,-1.20%,365500
SEDG,2015-05-22,35.09,35.57,33.54,34.22,-1.2,-3.39%,317600
SEDG,2015-05-26,33.84,36.16,33.35,35.98,1.76,+5.14%,422000
SEDG,2015-05-27,36.04,37.5,35.15,36.69,0.71,+1.97%,352300
SEDG,2015-05-28,37.29,39.37,36.8,37.92,1.23,+3.35%,699700
SEDG,2015-05-29,38.34,39.54,36.57,37.44,-0.48,-1.27%,649800
SEDG,2015-06-01,39.29,40.15,38.02,40,2.56,+6.84%,606500
SEDG,2015-06-02,40,41.42,37.18,37.45,-2.55,-6.38%,1034800
SEDG,2015-06-03,37.81,38.94,37.45,38.51,1.06,+2.83%,530600
SEDG,2015-06-04,39.25,41.2,39,40.81,2.3,+5.97%,684000
SEDG,2015-06-05,40.92,41.25,39.11,39.38,-1.43,-3.50%,409700
SEDG,2015-06-08,39.73,40.16,37.71,38.67,-0.71,-1.80%,598200
SEDG,2015-06-09,38.66,39.32,36.88,38.8,0.13,+0.34%,385300
SEDG,2015-06-10,38.8,40.5,38.05,38.35,-0.45,-1.16%,451900
SEDG,2015-06-11,38.37,39.4,38.15,38.6,0.25,+0.65%,282800
SEDG,2015-06-12,38.24,38.63,36.9,37.1,-1.5,-3.89%,475800
SEDG,2015-06-15,37.1,37.7,35.2,37.53,0.43,+1.16%,449800
SEDG,2015-06-16,37.29,39.38,36.62,38.91,1.38,+3.68%,593900
SEDG,2015-06-17,38.96,39.79,37.74,39.51,0.6,+1.54%,482300
SEDG,2015-06-18,39.51,40.38,38.71,39.2,-0.31,-0.78%,415700
SEDG,2015-06-19,39.3,42.7,39.06,42.2,3,+7.65%,1357100
SEDG,2015-06-22,42.86,43,39.13,39.51,-2.69,-6.37%,1270900
SEDG,2015-06-23,39.38,40.01,38.28,39.43,-0.08,-0.20%,529700
SEDG,2015-06-24,39.12,40.63,39.12,39.56,0.13,+0.33%,521100
SEDG,2015-06-25,39.94,40.28,39,39.02,-0.54,-1.37%,401800
SEDG,2015-06-26,39,39.36,37.55,38.18,-0.84,-2.15%,487400
SEDG,2015-06-29,37.29,37.5,35.28,35.67,-2.51,-6.57%,1201100
SEDG,2015-06-30,36.08,36.79,35.77,36.35,0.68,+1.91%,414600
SEDG,2015-07-01,36.9,38.11,36.12,36.68,0.33,+0.91%,462500
SEDG,2015-07-02,37.25,37.72,35.8,36.09,-0.59,-1.61%,347700
SEDG,2015-07-06,35.5,35.52,32.52,32.79,-3.3,-9.14%,1152700
SEDG,2015-07-07,32.95,33.2,28.26,30.72,-2.07,-6.31%,1945800
SEDG,2015-07-08,30.2,30.8,27.27,27.48,-3.24,-10.55%,1084500
SEDG,2015-07-09,29,30.08,27.62,27.91,0.43,+1.56%,1230100
SEDG,2015-07-10,29.19,32.44,28.75,31.89,3.98,+14.26%,1166900
SEDG,2015-07-13,31.59,34.49,30.75,33.44,1.55,+4.86%,936000
SEDG,2015-07-14,33.58,34.11,32.2,32.5,-0.94,-2.81%,737700
SEDG,2015-07-15,32.4,33.44,31.4,32.08,-0.42,-1.29%,435400
SEDG,2015-07-16,32.49,32.76,31.17,31.9,-0.18,-0.56%,557300
SEDG,2015-07-17,32.29,32.39,30.9,31.35,-0.55,-1.72%,736600
SEDG,2015-07-20,32.75,34.2,31.76,32.05,0.7,+2.23%,875500
SEDG,2015-07-21,32.15,32.15,29.5,30.18,-1.87,-5.83%,1241700
SEDG,2015-07-22,29.95,30.27,29.12,29.27,-0.91,-3.02%,744900
SEDG,2015-07-23,29.15,30.88,29.06,29.11,-0.16,-0.55%,753100
SEDG,2015-07-24,29.25,29.63,28.27,29.44,0.33,+1.13%,607000
SEDG,2015-07-27,29.26,29.98,27.85,27.99,-1.45,-4.93%,542300
SEDG,2015-07-28,28.12,30.76,27.3,30.14,2.15,+7.68%,595200
SEDG,2015-07-29,30.09,30.99,29.2,30.8,0.66,+2.19%,353100
SEDG,2015-07-30,30.81,31.46,30.31,31.33,0.53,+1.72%,288200
SEDG,2015-07-31,31.42,32.19,30.75,30.87,-0.46,-1.47%,268400
SEDG,2015-08-03,30.72,32.07,30.21,31.3,0.43,+1.39%,342900
SEDG,2015-08-04,31.12,32.08,29.21,29.72,-1.58,-5.05%,479800
SEDG,2015-08-05,30.22,31.55,30.15,30.75,1.03,+3.47%,513000
SEDG,2015-08-06,30.75,31.21,27.09,27.4,-3.35,-10.89%,993400
SEDG,2015-08-07,27.5,28.89,27.4,28.59,1.19,+4.34%,526200
SEDG,2015-08-10,28.56,29,26.57,27.83,-0.76,-2.66%,797300
SEDG,2015-08-11,26.77,28.48,26.74,28,0.17,+0.61%,660600
SEDG,2015-08-12,28,30.88,26.13,30.3,2.3,+8.21%,1699200
SEDG,2015-08-13,32.52,33.7,26.13,27.26,-3.04,-10.03%,3060700
SEDG,2015-08-14,27.05,28.93,26.64,27.28,0.02,+0.07%,871400
SEDG,2015-08-17,27.54,27.98,26.74,27.88,0.6,+2.20%,573800
SEDG,2015-08-18,27.89,28.39,26.72,26.88,-1.,-3.59%,429700
SEDG,2015-08-19,26.61,27,23.43,25.09,-1.79,-6.66%,1567500
SEDG,2015-08-20,24.6,25.55,24.01,24.6,-0.49,-1.95%,549400
SEDG,2015-08-21,24,25.09,21.98,22.44,-2.16,-8.78%,1201400
SEDG,2015-08-24,17.3,24.87,15.6,23.2,0.76,+3.39%,1680600
SEDG,2015-08-25,25.35,25.4,24,24,0.8,+3.45%,603600
SEDG,2015-08-26,24.81,24.92,23,23.89,-0.11,-0.46%,453400
SEDG,2015-08-27,24.59,25.84,24.25,25.52,1.63,+6.82%,504500
SEDG,2015-08-28,25.25,26.48,25.11,25.41,-0.11,-0.43%,368000
SEDG,2015-08-31,25.29,25.93,24.75,25.12,-0.29,-1.14%,345600
SEDG,2015-09-01,24.5,25.6,24.25,24.86,-0.26,-1.04%,387300
SEDG,2015-09-02,25.31,25.56,24.63,25.41,0.55,+2.21%,253200
SEDG,2015-09-03,26.01,27.74,25.73,27.12,1.71,+6.73%,723900
SEDG,2015-09-04,26.66,27.21,26.13,26.54,-0.58,-2.14%,547400
SEDG,2015-09-08,27.68,27.68,26.29,27.05,0.51,+1.92%,268000
SEDG,2015-09-09,26.91,27.74,26.06,26.84,-0.21,-0.78%,460500
SEDG,2015-09-10,26.8,29.02,26.7,27.95,1.11,+4.14%,947500
SEDG,2015-09-11,28.23,29,27.77,28.79,0.84,+3.01%,966400
SEDG,2015-09-14,29.03,29.03,27.15,27.56,-1.23,-4.27%,491600
SEDG,2015-09-15,27.79,28.57,27.36,28.42,0.86,+3.12%,397500
SEDG,2015-09-16,28.38,29.26,27.83,27.87,-0.55,-1.94%,402600
SEDG,2015-09-17,28.02,28.24,26.65,27.09,-0.78,-2.80%,650200
SEDG,2015-09-18,26.6,27.77,26.05,27.6,0.51,+1.88%,647000
SEDG,2015-09-21,27.59,27.65,24.81,25.9,-1.7,-6.16%,1026900
SEDG,2015-09-22,24.71,26.03,24.71,25.19,-0.71,-2.74%,597500
SEDG,2015-09-23,25.09,25.9,24.25,24.3,-0.89,-3.53%,327400
SEDG,2015-09-24,24.25,24.37,23.18,23.89,-0.41,-1.69%,550200
SEDG,2015-09-25,24.36,25.65,24.36,24.54,0.65,+2.72%,419900
SEDG,2015-09-28,24.14,24.61,21.35,21.57,-2.97,-12.10%,645400
SEDG,2015-09-29,22,22.69,21.58,22.58,1.01,+4.68%,760400
SEDG,2015-09-30,23.36,23.76,22.21,22.92,0.34,+1.51%,578100
SEDG,2015-10-01,22.06,22.25,20.64,21.76,-1.16,-5.06%,721700
SEDG,2015-10-02,21.45,22.72,21.16,22.7,0.94,+4.32%,591800
SEDG,2015-10-05,22.83,24.83,22.83,24.51,1.81,+7.97%,1175100
SEDG,2015-10-06,24.5,24.89,23.83,24.37,-0.14,-0.57%,438900
SEDG,2015-10-07,24.67,25.11,23.88,24.65,0.28,+1.15%,360400
SEDG,2015-10-08,24.6,25.31,24.41,25.11,0.46,+1.87%,446600
SEDG,2015-10-09,25.36,25.8,24.02,24.22,-0.89,-3.54%,474000
SEDG,2015-10-12,24.33,24.69,22.71,23.8,-0.42,-1.73%,566300
SEDG,2015-10-13,23.56,24.24,22.5,22.57,-1.23,-5.17%,743300
SEDG,2015-10-14,22.49,22.95,21.75,22.13,-0.44,-1.95%,651600
SEDG,2015-10-15,22.32,23.97,21.93,23.69,1.56,+7.05%,748000
SEDG,2015-10-16,23.46,23.73,22.01,22.45,-1.24,-5.23%,715300
SEDG,2015-10-19,22.45,23.25,22.17,22.92,0.47,+2.09%,335100
SEDG,2015-10-20,22.7,23.17,22.44,22.45,-0.47,-2.05%,354600
SEDG,2015-10-21,22.49,22.49,21.27,21.36,-1.09,-4.86%,514500
SEDG,2015-10-22,21.57,22.11,21.28,21.58,0.22,+1.03%,514700
SEDG,2015-10-23,21.58,21.79,20.76,20.92,-0.66,-3.06%,281100
SEDG,2015-10-26,21.05,21.86,21.03,21.63,0.71,+3.39%,321300
SEDG,2015-10-27,21.41,21.59,19.43,19.84,-1.79,-8.28%,880900
SEDG,2015-10-28,19.86,21.08,19.72,20.53,0.69,+3.48%,745600
SEDG,2015-10-29,20.46,20.83,20.02,20.4,-0.13,-0.63%,426700
SEDG,2015-10-30,18.85,18.97,16.58,18.49,-1.91,-9.36%,1583200
SEDG,2015-11-02,19,19,17.51,18.09,-0.4,-2.16%,647500
SEDG,2015-11-03,18.15,19.09,18.08,18.83,0.74,+4.09%,843900
SEDG,2015-11-04,18.34,18.41,16.62,17.18,-1.65,-8.76%,2017600
SEDG,2015-11-05,20.01,22.74,19.81,22.01,4.83,+28.11%,3755400
SEDG,2015-11-06,21.7,21.7,19.76,20.52,-1.49,-6.77%,1249400
SEDG,2015-11-09,19.5,19.7,18.36,18.54,-1.98,-9.65%,1255400
SEDG,2015-11-10,18.2,18.49,17.06,17.5,-1.04,-5.61%,1519900
SEDG,2015-11-11,17.55,17.84,15.02,15.46,-2.04,-11.66%,2153100
SEDG,2015-11-12,15.61,16.76,15.15,16.12,0.66,+4.27%,1071900
SEDG,2015-11-13,16.73,17.73,16.2,17.01,0.89,+5.52%,899600
SEDG,2015-11-16,16.89,17.32,16.59,17.06,0.05,+0.29%,542300
SEDG,2015-11-17,17.03,17.3,15.65,16.12,-0.94,-5.51%,847900
SEDG,2015-11-18,16.05,17.05,15.83,16.91,0.79,+4.90%,825800
SEDG,2015-11-19,16.8,18.44,16.33,18.39,1.48,+8.75%,1098000
SEDG,2015-11-20,18.35,18.51,17.65,18.27,-0.12,-0.65%,871600
SEDG,2015-11-23,18.46,18.88,18.13,18.71,0.44,+2.41%,822500
SEDG,2015-11-24,18.61,18.95,18.11,18.68,-0.03,-0.16%,583400
SEDG,2015-11-25,18.67,19.14,18.62,18.94,0.26,+1.39%,529400
SEDG,2015-11-27,19.22,19.47,18.85,19.08,0.14,+0.74%,395200
SEDG,2015-11-30,19.33,19.68,19.22,19.63,0.55,+2.88%,690500
SEDG,2015-12-01,19.9,20.2,19.56,19.74,0.11,+0.56%,779800
SEDG,2015-12-02,20,20.5,19.64,19.98,0.24,+1.22%,576000
SEDG,2015-12-03,19.75,19.84,18.51,18.8,-1.18,-5.91%,1031700
SEDG,2015-12-04,18.79,19.24,18.32,18.88,0.08,+0.43%,462700
SEDG,2015-12-07,18.61,19.14,18.35,18.79,-0.09,-0.48%,496300
SEDG,2015-12-08,18.52,18.98,18.33,18.63,-0.16,-0.85%,553400
SEDG,2015-12-09,18.69,19.53,18.64,19.2,0.57,+3.06%,865400
SEDG,2015-12-10,19,19.82,18.92,19.56,0.36,+1.88%,760200
SEDG,2015-12-11,19.25,20.05,19.15,19.9,0.34,+1.74%,467000
SEDG,2015-12-14,20.39,21.06,20.35,20.97,1.07,+5.38%,1368900
SEDG,2015-12-15,21.45,22.5,21.13,21.99,1.02,+4.86%,1468200
SEDG,2015-12-16,24.5,26.19,24.35,25.75,3.76,+17.10%,3901300
SEDG,2015-12-17,27,28.35,26,26.08,0.33,+1.28%,3766900
SEDG,2015-12-18,26.18,27.02,25.3,26.95,0.87,+3.34%,2036900
SEDG,2015-12-21,27.92,28.29,26.65,27.85,0.9,+3.34%,2143300
SEDG,2015-12-22,27.73,28.1,27,27.68,-0.17,-0.61%,1351100
SEDG,2015-12-23,27.73,28.22,27.29,27.92,0.24,+0.87%,781700
SEDG,2015-12-24,28.01,28.02,27.22,27.95,0.03,+0.11%,327700
SEDG,2015-12-28,27.8,27.85,26.97,27.6,-0.35,-1.25%,559800
SEDG,2015-12-29,27.71,27.79,27.19,27.53,-0.07,-0.25%,458300
SEDG,2015-12-30,27.33,29.5,27.3,28.63,1.1,+4.00%,1556800
SEDG,2015-12-31,28.34,28.84,27.83,28.17,-0.46,-1.61%,554600
SEDG,2016-01-04,25.88,28.52,25.81,28,-0.17,-0.60%,1013600
SEDG,2016-01-05,29.45,30.06,28.88,29.49,1.49,+5.32%,1820700
SEDG,2016-01-06,28.98,29.31,28.45,29.13,-0.36,-1.22%,1307600
SEDG,2016-01-07,27.71,28.61,27.23,27.66,-1.47,-5.05%,1224600
SEDG,2016-01-08,28.6,28.74,25.48,26.71,-0.95,-3.43%,1037200
SEDG,2016-01-11,26.87,26.99,25.54,26.12,-0.59,-2.21%,837800
SEDG,2016-01-12,26.4,26.92,24.29,25.14,-0.98,-3.75%,1140500
SEDG,2016-01-13,25.39,25.78,23.8,24.25,-0.89,-3.54%,824300
SEDG,2016-01-14,23.92,25.2,22.24,24.76,0.51,+2.10%,1604200
SEDG,2016-01-15,23.42,25.23,22.96,24.96,0.2,+0.81%,1471900
SEDG,2016-01-19,25.71,25.75,23.63,24,-0.96,-3.85%,908000
SEDG,2016-01-20,23.29,24.44,21.92,24.19,0.19,+0.79%,1151600
SEDG,2016-01-21,24.62,26.04,24.24,25,0.81,+3.35%,983800
SEDG,2016-01-22,26.07,26.35,24.71,25.72,0.72,+2.88%,849400
SEDG,2016-01-25,25.72,25.95,24.9,25.19,-0.53,-2.06%,678300
SEDG,2016-01-26,25.17,27.96,24.63,27.06,1.87,+7.42%,832400
SEDG,2016-01-27,26.99,28,26.82,27.3,0.24,+0.89%,963000
SEDG,2016-01-28,27.61,28.67,26.58,27.85,0.55,+2.01%,1480300
SEDG,2016-01-29,27.73,28.49,27.51,28.27,0.42,+1.51%,761700
SEDG,2016-02-01,28.33,29,27.88,28.57,0.3,+1.06%,877800
SEDG,2016-02-02,28.32,28.92,25.5,26.71,-1.86,-6.51%,1879400
SEDG,2016-02-03,27.01,27.63,25.5,27.44,0.73,+2.73%,2371800
SEDG,2016-02-04,30.14,30.5,27.55,29.54,2.1,+7.65%,4068400
SEDG,2016-02-05,29.25,29.97,28.43,28.6,-0.94,-3.18%,1124500
SEDG,2016-02-08,27.5,27.95,26.21,27.12,-1.48,-5.17%,1032500
SEDG,2016-02-09,25.84,26.56,25.01,25.75,-1.37,-5.05%,1879400
SEDG,2016-02-10,25.14,25.29,23.3,23.47,-2.28,-8.85%,2228900
SEDG,2016-02-11,22.6,23.85,22.25,23.6,0.13,+0.55%,1180200
SEDG,2016-02-12,23.83,26.73,23.83,26.02,2.42,+10.25%,2117100
SEDG,2016-02-16,26.65,26.91,26.02,26.58,0.56,+2.15%,852300
SEDG,2016-02-17,27,27.17,26.28,26.59,0.01,+0.04%,811200
SEDG,2016-02-18,27,27,25.32,25.84,-0.75,-2.82%,582400
SEDG,2016-02-19,25.4,25.95,25,25.38,-0.46,-1.78%,743500
SEDG,2016-02-22,26.05,26.37,23.71,24.09,-1.29,-5.08%,1907000
SEDG,2016-02-23,24.1,24.69,23.81,24.15,0.06,+0.25%,1203400
SEDG,2016-02-24,23.41,25,23.21,24.9,0.75,+3.11%,1137300
SEDG,2016-02-25,25.06,25.23,23.98,25.19,0.29,+1.16%,904500
SEDG,2016-02-26,25.14,25.52,24.44,24.7,-0.49,-1.95%,793600
SEDG,2016-02-29,24.19,25.1,24.19,24.47,-0.23,-0.93%,1313900
SEDG,2016-03-01,24.72,26.17,24.44,26.02,1.55,+6.33%,1797700
SEDG,2016-03-02,25.8,28.45,25.36,28.03,2.01,+7.72%,3247600
SEDG,2016-03-03,28,28.76,26.98,27.66,-0.37,-1.32%,1358000
SEDG,2016-03-04,27.78,28.14,26.38,26.53,-1.13,-4.09%,887100
SEDG,2016-03-07,26.22,27.88,26.09,27.11,0.58,+2.19%,880600
SEDG,2016-03-08,26.95,27.62,26.39,26.92,-0.19,-0.70%,780100
SEDG,2016-03-09,27.1,27.44,26.21,26.74,-0.18,-0.67%,852700
SEDG,2016-03-10,26.89,27.77,25.71,26.73,-0.01,-0.04%,1564600
SEDG,2016-03-11,27.4,28.22,26.7,27.75,1.02,+3.82%,1279300
SEDG,2016-03-14,27.85,28.99,26.76,26.9,-0.85,-3.06%,1694800
SEDG,2016-03-15,26.6,26.8,25.41,26.36,-0.54,-2.01%,1148900
SEDG,2016-03-16,26.14,26.26,25.4,26.13,-0.23,-0.87%,876800
SEDG,2016-03-17,26.22,27.7,26.16,27.2,1.07,+4.09%,1488400
SEDG,2016-03-18,27.26,27.51,26.17,26.2,-1.,-3.68%,1082500
SEDG,2016-03-21,26.4,26.69,25.82,26.21,0.01,+0.04%,500000
SEDG,2016-03-22,25.96,26.41,24.88,25.03,-1.18,-4.50%,1076800
SEDG,2016-03-23,25.04,25.33,23.9,24.09,-0.94,-3.76%,1078600
SEDG,2016-03-24,23.8,24.34,23.05,24.24,0.15,+0.62%,587100
SEDG,2016-03-28,24.2,24.87,24.11,24.29,0.05,+0.21%,605500
SEDG,2016-03-29,24.18,25.35,23.9,25.18,0.89,+3.66%,730800
SEDG,2016-03-30,25.41,26.56,24.93,25.17,-0.01,-0.04%,1029100
SEDG,2016-03-31,25.09,25.75,25,25.14,-0.03,-0.12%,725000
SEDG,2016-04-01,24.9,24.98,24.15,24.66,-0.48,-1.91%,686800
SEDG,2016-04-04,24.9,26.43,24.71,25.17,0.51,+2.07%,1325100
SEDG,2016-04-05,24.88,25.37,24.4,24.74,-0.43,-1.71%,577700
SEDG,2016-04-06,24.7,26,24.48,25.36,0.62,+2.51%,842800
SEDG,2016-04-07,25.43,25.87,24.95,25.14,-0.22,-0.87%,569800
SEDG,2016-04-08,25.32,25.7,24.69,25.05,-0.09,-0.36%,934000
SEDG,2016-04-11,25.06,25.15,24.6,24.69,-0.36,-1.44%,500600
SEDG,2016-04-12,24.65,24.93,24.3,24.49,-0.2,-0.81%,490100
SEDG,2016-04-13,24.55,25.49,24.55,25.2,0.71,+2.90%,552600
SEDG,2016-04-14,25.18,25.55,24.75,25.13,-0.07,-0.28%,371000
SEDG,2016-04-15,25.1,25.16,24.65,24.94,-0.19,-0.76%,516100
SEDG,2016-04-18,24.87,26.28,24.81,26.25,1.31,+5.25%,715600
SEDG,2016-04-19,26.37,26.99,26.26,26.81,0.56,+2.13%,901800
SEDG,2016-04-20,26.92,27.76,26.37,27.42,0.61,+2.28%,1064600
SEDG,2016-04-21,27.49,28,27,27.86,0.44,+1.60%,787000
SEDG,2016-04-22,27.79,28.39,27.71,27.96,0.1,+0.36%,634300
SEDG,2016-04-25,28.01,28.11,27.1,27.31,-0.65,-2.32%,604000
SEDG,2016-04-26,27.28,27.74,26.42,27.7,0.39,+1.43%,502100
SEDG,2016-04-27,27.6,28.8,27.37,28.48,0.78,+2.82%,996100
SEDG,2016-04-28,28.12,28.33,26.57,26.67,-1.81,-6.36%,559600
SEDG,2016-04-29,26.68,27.01,26.15,26.79,0.12,+0.45%,564700
SEDG,2016-05-02,26.82,27.13,26.3,26.79,0,0.00%,443000
SEDG,2016-05-03,26.54,26.6,25.33,25.4,-1.39,-5.19%,520500
SEDG,2016-05-04,25.04,25.13,23.58,24.38,-1.02,-4.02%,1377600
SEDG,2016-05-05,24.49,24.65,21.93,22.07,-2.31,-9.47%,1417100
SEDG,2016-05-06,22.14,22.57,21.6,22.29,0.22,+1.00%,1407400
SEDG,2016-05-09,22.89,22.96,21.93,22.59,0.3,+1.35%,1662600
SEDG,2016-05-10,21.06,21.07,17.53,19.17,-3.42,-15.14%,10276400
SEDG,2016-05-11,19.72,19.8,18.78,19.1,-0.07,-0.37%,3000300
SEDG,2016-05-12,19.1,19.5,17.68,17.88,-1.22,-6.39%,1692200
SEDG,2016-05-13,17.95,18.22,17.1,17.51,-0.37,-2.07%,2078900
SEDG,2016-05-16,17.91,19.1,17.8,18.23,0.72,+4.11%,1478500
SEDG,2016-05-17,18.68,18.86,18.25,18.47,0.24,+1.32%,1190200
SEDG,2016-05-18,18.59,20.11,18.55,19.82,1.35,+7.31%,1292300
SEDG,2016-05-19,19.83,19.93,18.74,19.16,-0.66,-3.33%,869800
SEDG,2016-05-20,19.31,19.53,19.09,19.41,0.25,+1.30%,452300
SEDG,2016-05-23,19.45,20.49,19.24,20.17,0.76,+3.92%,712200
SEDG,2016-05-24,20.43,21.43,20.32,20.81,0.64,+3.17%,834800
SEDG,2016-05-25,21,21.41,20.72,21.16,0.35,+1.68%,814700
SEDG,2016-05-26,21.17,21.5,21.03,21.42,0.26,+1.23%,656600
SEDG,2016-05-27,21.24,21.76,21.1,21.6,0.18,+0.84%,368500
SEDG,2016-05-31,21.56,22.1,21.46,21.85,0.25,+1.16%,759700
SEDG,2016-06-01,21.52,21.58,20.52,20.96,-0.89,-4.07%,996000
SEDG,2016-06-02,20.92,21.71,20.72,21.29,0.33,+1.57%,690800
SEDG,2016-06-03,21.33,21.39,20.9,21.03,-0.26,-1.22%,592400
SEDG,2016-06-06,21.16,21.56,20.73,21.52,0.49,+2.33%,637700
SEDG,2016-06-07,21.39,22.14,21.26,21.99,0.47,+2.18%,740100
SEDG,2016-06-08,21.95,22.95,21.61,22.54,0.55,+2.50%,657900
SEDG,2016-06-09,22.13,22.68,22.06,22.55,0.01,+0.04%,546200
SEDG,2016-06-10,22.07,22.14,20.89,20.96,-1.59,-7.05%,648000
SEDG,2016-06-13,20.6,21.15,20,20.86,-0.1,-0.48%,791600
SEDG,2016-06-14,20.74,21.48,20.37,21.05,0.19,+0.91%,673900
SEDG,2016-06-15,21.09,21.68,20.99,21.14,0.09,+0.43%,657300
SEDG,2016-06-16,20.87,21.12,20.36,20.8,-0.34,-1.61%,689700
SEDG,2016-06-17,20.9,20.99,20.31,20.53,-0.27,-1.30%,525200
SEDG,2016-06-20,20.8,21.29,20.58,20.72,0.19,+0.93%,703200
SEDG,2016-06-21,20.66,20.85,19.9,20.35,-0.37,-1.79%,597600
SEDG,2016-06-22,20.81,21.53,20.07,20.46,0.11,+0.54%,939100
SEDG,2016-06-23,20.53,20.68,19.43,20.03,-0.43,-2.10%,1615200
SEDG,2016-06-24,18.85,19.63,18.69,19.05,-0.98,-4.89%,933100
SEDG,2016-06-27,18.26,18.61,17.65,18.18,-0.87,-4.57%,882700
SEDG,2016-06-28,18.65,19.55,18.52,19.41,1.23,+6.77%,1162100
SEDG,2016-06-29,19.67,20.16,19.4,19.8,0.39,+2.01%,828900
SEDG,2016-06-30,19.7,20.19,19.32,19.6,-0.2,-1.01%,716300
SEDG,2016-07-01,19.47,19.86,19.34,19.51,-0.09,-0.46%,484300
SEDG,2016-07-05,19.45,19.5,18.45,18.72,-0.79,-4.05%,554300
SEDG,2016-07-06,18.55,19.15,18.4,19.08,0.36,+1.92%,655300
SEDG,2016-07-07,19.09,19.62,18.99,19.42,0.34,+1.78%,516600
SEDG,2016-07-08,19.59,19.93,19.38,19.68,0.26,+1.34%,493700
SEDG,2016-07-11,19.81,20.54,19.79,19.82,0.14,+0.71%,722600
SEDG,2016-07-12,20,20.25,19.71,19.85,0.03,+0.15%,530500
SEDG,2016-07-13,20.1,20.18,19.5,19.69,-0.16,-0.81%,480000
SEDG,2016-07-14,19.81,20.15,19.68,19.8,0.11,+0.56%,576500
SEDG,2016-07-15,19.75,19.94,19.6,19.75,-0.05,-0.25%,354400
SEDG,2016-07-18,19.84,20,19.61,19.72,-0.03,-0.15%,582100
SEDG,2016-07-19,19.6,19.91,18.54,18.65,-1.07,-5.43%,668600
SEDG,2016-07-20,18.78,19.39,18.38,19.16,0.51,+2.73%,603800
SEDG,2016-07-21,19.09,19.39,18.63,18.89,-0.27,-1.41%,526000
SEDG,2016-07-22,18.95,19.45,18.7,18.78,-0.11,-0.58%,258100
SEDG,2016-07-25,18.73,18.87,18.28,18.56,-0.22,-1.17%,398000
SEDG,2016-07-26,18.42,18.89,18.28,18.86,0.3,+1.62%,464400
SEDG,2016-07-27,18.86,19.46,18.6,19.04,0.18,+0.95%,572700
SEDG,2016-07-28,18.83,19,17.93,17.99,-1.05,-5.51%,720700
SEDG,2016-07-29,18.01,18.12,17.74,17.9,-0.09,-0.50%,650500
SEDG,2016-08-01,17.9,17.9,16.72,17.19,-0.71,-3.97%,1403600
SEDG,2016-08-02,17.24,17.4,16.75,16.79,-0.4,-2.33%,613800
SEDG,2016-08-03,16.93,17.25,16.7,17.21,0.42,+2.50%,754000
SEDG,2016-08-04,16.93,16.98,16.03,16.48,-0.73,-4.24%,2483700
SEDG,2016-08-05,16.43,17.6,16.43,17.26,0.78,+4.73%,836500
SEDG,2016-08-08,17.17,17.88,17.17,17.75,0.49,+2.84%,742300
SEDG,2016-08-09,17.95,19.02,17.91,18.62,0.87,+4.90%,2031400
SEDG,2016-08-10,17.4,18.09,16.38,16.82,-1.8,-9.67%,4464200
SEDG,2016-08-11,17,18.48,16.99,18.01,1.19,+7.07%,2827000
SEDG,2016-08-12,18.04,18.59,17.93,18.3,0.29,+1.61%,1100500
SEDG,2016-08-15,18.46,18.49,18.1,18.46,0.16,+0.87%,435400
SEDG,2016-08-16,18.49,18.59,18.25,18.26,-0.2,-1.08%,594700
SEDG,2016-08-17,18.28,18.28,17.4,17.76,-0.5,-2.74%,536200
SEDG,2016-08-18,17.78,18.18,17.6,17.97,0.21,+1.18%,447600
SEDG,2016-08-19,17.86,18.2,17.52,17.71,-0.26,-1.45%,611600
SEDG,2016-08-22,17.7,17.7,16.9,17.14,-0.57,-3.22%,713300
SEDG,2016-08-23,17.25,17.46,17.16,17.33,0.19,+1.11%,353200
SEDG,2016-08-24,17.33,17.59,17.11,17.2,-0.13,-0.75%,438000
SEDG,2016-08-25,17,17.45,16.57,17.17,-0.03,-0.17%,772400
SEDG,2016-08-26,17.13,17.58,16.94,17.15,-0.02,-0.12%,631600
SEDG,2016-08-29,17.17,17.57,16.98,17.28,0.13,+0.76%,416200
SEDG,2016-08-30,17.2,17.65,17.06,17.6,0.32,+1.85%,566000
SEDG,2016-08-31,17.5,17.71,16.86,17.02,-0.58,-3.30%,517800
SEDG,2016-09-01,16.9,17.1,16.7,16.83,-0.19,-1.12%,407700
SEDG,2016-09-02,16.92,17.33,16.74,17.32,0.49,+2.91%,432200
SEDG,2016-09-06,17.29,17.83,17.23,17.45,0.13,+0.75%,502400
SEDG,2016-09-07,17.5,17.5,17.21,17.34,-0.11,-0.63%,420600
SEDG,2016-09-08,17.56,17.64,17.22,17.3,-0.04,-0.23%,622300
SEDG,2016-09-09,17.3,17.42,16.52,16.88,-0.42,-2.43%,830400
SEDG,2016-09-12,16.8,17.43,16.8,17.32,0.44,+2.61%,821600
SEDG,2016-09-13,17.14,17.14,16.81,16.89,-0.43,-2.48%,861300
SEDG,2016-09-14,16.74,16.95,15.2,15.61,-1.28,-7.58%,3548200
SEDG,2016-09-15,15.66,15.76,15,15.17,-0.44,-2.82%,2212600
SEDG,2016-09-16,14.94,15.23,14.41,14.59,-0.58,-3.82%,2874300
SEDG,2016-09-19,14.65,15.44,14.61,15.34,0.75,+5.14%,1338100
SEDG,2016-09-20,15.27,15.35,14.86,15,-0.34,-2.22%,693500
SEDG,2016-09-21,15.03,15.28,14.93,15.05,0.05,+0.33%,673500
SEDG,2016-09-22,15.18,15.65,15.01,15.59,0.54,+3.59%,771900
SEDG,2016-09-23,15.75,16.39,15.67,16.34,0.75,+4.81%,1052000
SEDG,2016-09-26,16.25,16.57,15.9,15.94,-0.4,-2.45%,675700
SEDG,2016-09-27,16,16.47,15.98,16.25,0.31,+1.94%,580500
SEDG,2016-09-28,16.38,17.09,16.31,16.5,0.25,+1.54%,889400
SEDG,2016-09-29,16.36,17.44,16.34,17,0.5,+3.03%,1533500
SEDG,2016-09-30,17.14,17.35,16.85,17.23,0.23,+1.35%,640100
SEDG,2016-10-03,17.28,17.3,17.06,17.19,-0.04,-0.23%,426300
SEDG,2016-10-04,17.25,17.31,16.7,16.74,-0.45,-2.62%,473600
SEDG,2016-10-05,16.85,17.27,16.8,17.18,0.44,+2.63%,741000
SEDG,2016-10-06,17.24,17.34,16.97,17.22,0.04,+0.23%,664800
SEDG,2016-10-07,15.81,16,15.23,15.65,-1.57,-9.12%,1394700
SEDG,2016-10-10,15.63,16.75,15.63,16.04,0.39,+2.49%,1063800
SEDG,2016-10-11,16.11,16.25,15.6,15.8,-0.24,-1.50%,461000
SEDG,2016-10-12,15.6,15.85,15.5,15.54,-0.26,-1.65%,1019700
SEDG,2016-10-13,15.5,15.5,14.93,15.3,-0.24,-1.54%,1199200
SEDG,2016-10-14,14.54,15.09,14.52,14.8,-0.5,-3.27%,761000
SEDG,2016-10-17,14.88,15.07,14.02,14.14,-0.66,-4.46%,1031800
SEDG,2016-10-18,14.3,14.56,13.9,14.2,0.06,+0.42%,1091200
SEDG,2016-10-19,14.24,15.26,14.16,15.09,0.89,+6.27%,978200
SEDG,2016-10-20,15.04,15.14,14.55,14.78,-0.31,-2.05%,923600
SEDG,2016-10-21,14.74,14.98,14.32,14.73,-0.05,-0.34%,937900
SEDG,2016-10-24,14.75,15.15,14.13,14.2,-0.53,-3.60%,869900
SEDG,2016-10-25,14.25,14.28,13.8,13.9,-0.3,-2.11%,970500
SEDG,2016-10-26,13.91,14.01,13.51,13.63,-0.27,-1.94%,815000
SEDG,2016-10-27,13.75,13.93,13.13,13.35,-0.28,-2.05%,926800
SEDG,2016-10-28,13.1,13.54,13.1,13.3,-0.05,-0.37%,1047800
SEDG,2016-10-31,13.15,13.8,13,13.7,0.4,+3.01%,657400
SEDG,2016-11-01,13.7,13.8,13.2,13.4,-0.3,-2.19%,629800
SEDG,2016-11-02,13.4,14.2,13.25,14.05,0.65,+4.85%,976100
SEDG,2016-11-03,14.1,14.5,13.85,13.9,-0.15,-1.07%,973200
SEDG,2016-11-04,13.9,14,13.65,13.7,-0.2,-1.44%,576000
SEDG,2016-11-07,14,14.65,13.88,14.25,0.55,+4.01%,787100
SEDG,2016-11-08,14.2,14.95,14.15,14.8,0.55,+3.86%,821400
SEDG,2016-11-09,12.7,14.6,12.7,14,-0.8,-5.41%,2459600
SEDG,2016-11-10,12.95,14,11.35,13.9,-0.1,-0.71%,3103400
SEDG,2016-11-11,13.7,13.7,12.95,13.35,-0.55,-3.96%,993200
SEDG,2016-11-14,13.2,13.9,13.15,13.75,0.4,+3.00%,899800
SEDG,2016-11-15,12.95,13.65,12.8,13.55,-0.2,-1.45%,1243300
SEDG,2016-11-16,13.65,13.65,12.6,13.15,-0.4,-2.95%,1117100
SEDG,2016-11-17,12.7,13.05,12.5,13,-0.15,-1.14%,847000
SEDG,2016-11-18,12.9,13.05,12.68,12.95,-0.05,-0.38%,611600
SEDG,2016-11-21,12.85,12.95,12.25,12.65,-0.3,-2.32%,546300
SEDG,2016-11-22,12.65,12.8,12.4,12.75,0.1,+0.79%,673500
SEDG,2016-11-23,12.85,13.35,12.6,13.25,0.5,+3.92%,828000
SEDG,2016-11-25,13.1,13.4,13.1,13.15,-0.1,-0.75%,424900
SEDG,2016-11-28,13.2,13.45,12.95,13.2,0.05,+0.38%,354300
SEDG,2016-11-29,13.1,13.15,12.75,12.9,-0.3,-2.27%,519200
SEDG,2016-11-30,13,13.45,12.8,13.2,0.3,+2.33%,804800
SEDG,2016-12-01,13.1,13.13,12.45,12.5,-0.7,-5.30%,1137200
SEDG,2016-12-02,12.45,12.65,12,12.6,0.1,+0.80%,1003800
SEDG,2016-12-05,12.8,13.5,12.6,13.35,0.75,+5.95%,1008100
SEDG,2016-12-06,13.45,14.07,13.2,13.75,0.4,+3.00%,1007100
SEDG,2016-12-07,13.3,14.2,13.21,14.05,0.3,+2.18%,762400
SEDG,2016-12-08,14.05,14.1,13.35,13.7,-0.35,-2.49%,710800
SEDG,2016-12-09,13.8,13.95,13.45,13.65,-0.05,-0.36%,297100
SEDG,2016-12-12,13.75,13.9,13.3,13.4,-0.25,-1.83%,382700
SEDG,2016-12-13,13.5,13.65,12.85,13.25,-0.15,-1.12%,435100
SEDG,2016-12-14,13.3,13.45,12.75,12.95,-0.3,-2.26%,434900
SEDG,2016-12-15,12.85,13.02,12.6,12.8,-0.15,-1.16%,465000
SEDG,2016-12-16,12.75,13.5,12.6,13.4,0.6,+4.69%,755900
SEDG,2016-12-19,13.5,13.95,13.26,13.9,0.5,+3.73%,554900
SEDG,2016-12-20,14,14.04,13.45,13.5,-0.4,-2.88%,459300
SEDG,2016-12-21,13.45,13.48,12.65,12.65,-0.85,-6.30%,521500
SEDG,2016-12-22,12.75,12.95,12.4,12.65,0,0.00%,490700
SEDG,2016-12-23,12.7,12.8,12.5,12.65,0,0.00%,411200
SEDG,2016-12-27,12.6,13.45,12.6,13.3,0.65,+5.14%,567100
SEDG,2016-12-28,13.3,13.35,12.6,12.7,-0.6,-4.51%,482700
SEDG,2016-12-29,12.7,12.82,12.23,12.25,-0.45,-3.54%,539600
SEDG,2016-12-30,12.25,12.55,12.15,12.4,0.15,+1.22%,657300
SEDG,2017-01-03,12.55,13.2,12.55,13.2,0.8,+6.45%,1123500
SEDG,2017-01-04,13.3,14.45,13.3,14.4,1.2,+9.09%,1363300
SEDG,2017-01-05,14.3,14.57,13.77,13.8,-0.6,-4.17%,647700
SEDG,2017-01-06,13.9,14,13.6,13.75,-0.05,-0.36%,537900
SEDG,2017-01-09,13.7,13.7,13.15,13.5,-0.25,-1.82%,733400
SEDG,2017-01-10,13.6,13.77,13.4,13.55,0.05,+0.37%,521200
SEDG,2017-01-11,13.6,13.7,13.35,13.5,-0.05,-0.37%,383700
SEDG,2017-01-12,13.55,13.6,13.13,13.5,0,0.00%,749900
SEDG,2017-01-13,13.6,13.8,13.3,13.5,0,0.00%,371300
SEDG,2017-01-17,13.55,14.2,13.5,13.95,0.45,+3.33%,770100
SEDG,2017-01-18,13.9,14.05,13.15,13.3,-0.65,-4.66%,589700
SEDG,2017-01-19,13.25,13.7,13,13.2,-0.1,-0.75%,612600
SEDG,2017-01-20,13.35,13.55,13.25,13.45,0.25,+1.89%,189900
SEDG,2017-01-23,13.45,13.55,13.2,13.3,-0.15,-1.12%,253900
SEDG,2017-01-24,13.4,13.55,12.9,12.95,-0.35,-2.63%,453900
SEDG,2017-01-25,13.1,13.7,13,13.55,0.6,+4.63%,900200
SEDG,2017-01-26,13.6,13.8,13.1,13.2,-0.35,-2.58%,280600
SEDG,2017-01-27,13.15,13.5,12.9,13.2,0,0.00%,438500
SEDG,2017-01-30,13.15,13.4,12.85,13.1,-0.1,-0.76%,665200
SEDG,2017-01-31,13,13.05,12.6,12.95,-0.15,-1.15%,523700
SEDG,2017-02-01,13.05,13.18,12.25,12.65,-0.3,-2.32%,781100
SEDG,2017-02-02,12.55,12.65,12.35,12.5,-0.15,-1.19%,881900
SEDG,2017-02-03,12.55,12.65,12.35,12.65,0.15,+1.20%,1400600
SEDG,2017-02-06,12.7,12.9,12.3,12.3,-0.35,-2.77%,696800
SEDG,2017-02-07,12.4,12.8,12.4,12.45,0.15,+1.22%,563600
SEDG,2017-02-08,12.45,13.05,12.45,13,0.55,+4.42%,876100
SEDG,2017-02-09,12.95,13.15,12.7,13.05,0.05,+0.38%,644900
SEDG,2017-02-10,13,13.6,12.75,13.5,0.45,+3.45%,1146900
SEDG,2017-02-13,13.2,13.7,13.2,13.45,-0.05,-0.37%,1023600
SEDG,2017-02-14,13.55,14.45,13.43,14.45,1,+7.43%,1513700
SEDG,2017-02-15,14.7,15.8,14.65,15.05,0.6,+4.15%,3170900
SEDG,2017-02-16,15,15.1,14.4,14.65,-0.4,-2.66%,1105200
SEDG,2017-02-17,14.6,15,14.4,14.85,0.2,+1.37%,872800
SEDG,2017-02-21,14.9,15.55,14.9,15.4,0.55,+3.70%,800500
SEDG,2017-02-22,15.3,15.4,14.55,14.6,-0.8,-5.19%,921600
SEDG,2017-02-23,14.6,15.1,14.3,14.95,0.35,+2.40%,710100
SEDG,2017-02-24,14.8,15.13,14.65,14.85,-0.1,-0.67%,622900
SEDG,2017-02-27,14.85,15.1,14.7,15,0.15,+1.01%,560200
SEDG,2017-02-28,14.95,15.04,14.5,14.65,-0.35,-2.33%,595200
SEDG,2017-03-01,14.7,14.75,14,14.15,-0.5,-3.41%,857400
SEDG,2017-03-02,14.1,14.68,14.05,14.45,0.3,+2.12%,420600
SEDG,2017-03-03,14.9,14.95,14.4,14.45,0,0.00%,476100
SEDG,2017-03-06,14.4,14.65,14.23,14.45,0,0.00%,312600
SEDG,2017-03-07,14.45,14.5,14.05,14.15,-0.3,-2.08%,259200
SEDG,2017-03-08,14.1,14.4,14.1,14.1,-0.05,-0.35%,202300
SEDG,2017-03-09,14.15,14.27,13.8,13.85,-0.25,-1.77%,399100
SEDG,2017-03-10,13.95,14.1,13.75,13.95,0.1,+0.72%,223200
SEDG,2017-03-13,13.9,14.15,13.7,14,0.05,+0.36%,272900
SEDG,2017-03-14,13.9,13.93,13.5,13.7,-0.3,-2.14%,320100
SEDG,2017-03-15,13.75,14.32,13.75,14.05,0.35,+2.55%,517700
SEDG,2017-03-16,14.05,14.6,14.05,14.45,0.4,+2.85%,498200
SEDG,2017-03-17,14.4,14.5,13.9,14,-0.45,-3.11%,458400
SEDG,2017-03-20,13.95,14.5,13.9,14.3,0.3,+2.14%,489900
SEDG,2017-03-21,14.3,14.52,13.7,13.8,-0.5,-3.50%,712600
SEDG,2017-03-22,13.75,14.05,13.6,13.9,0.1,+0.72%,287400
SEDG,2017-03-23,13.95,14.02,13.6,13.8,-0.1,-0.72%,439100
SEDG,2017-03-24,13.85,14.15,13.5,13.7,-0.1,-0.72%,519000
SEDG,2017-03-27,14.35,15,13.9,15,1.3,+9.49%,2179300
SEDG,2017-03-28,15,15.75,14.8,15.3,0.3,+2.00%,1977500
SEDG,2017-03-29,15.45,15.9,15.25,15.5,0.2,+1.31%,1092900
SEDG,2017-03-30,15.5,16,15.32,15.5,0,0.00%,1195800
SEDG,2017-03-31,15.55,15.95,15.4,15.6,0.1,+0.65%,646100
SEDG,2017-04-03,15.75,15.9,15.35,15.65,0.05,+0.32%,1093300
SEDG,2017-04-04,15.6,15.8,15.35,15.5,-0.15,-0.96%,652000
SEDG,2017-04-05,15.6,15.85,15.05,15.1,-0.4,-2.58%,634100
SEDG,2017-04-06,15.15,15.65,15.05,15.65,0.55,+3.64%,517400
SEDG,2017-04-07,15.7,15.7,15.41,15.65,0,0.00%,414100
SEDG,2017-04-10,15.65,16.5,15.55,16.4,0.75,+4.79%,968600
SEDG,2017-04-11,16.3,16.35,15.65,15.9,-0.5,-3.05%,862700
SEDG,2017-04-12,15.9,15.95,15.5,15.8,-0.1,-0.63%,656400
SEDG,2017-04-13,15.8,16.1,15.69,15.85,0.05,+0.32%,527000
SEDG,2017-04-17,16,16,15.25,15.5,-0.35,-2.21%,524000
SEDG,2017-04-18,15.5,15.65,15.3,15.35,-0.15,-0.97%,373200
SEDG,2017-04-19,15.3,15.65,15.3,15.45,0.1,+0.65%,253100
SEDG,2017-04-20,15.55,15.9,15.5,15.85,0.4,+2.59%,466500
SEDG,2017-04-21,15.8,15.98,15.68,15.85,0,0.00%,473100
SEDG,2017-04-24,16.1,16.5,15.79,16.5,0.65,+4.10%,469200
SEDG,2017-04-25,16.5,16.65,16.25,16.4,-0.1,-0.61%,410600
SEDG,2017-04-26,16.45,16.58,16.05,16.25,-0.15,-0.91%,713900
SEDG,2017-04-27,16.3,16.52,16,16.45,0.2,+1.23%,459600
SEDG,2017-04-28,16.5,16.5,16,16.15,-0.3,-1.82%,470100
SEDG,2017-05-01,16.2,16.25,15.77,15.9,-0.25,-1.55%,421300
SEDG,2017-05-02,15.95,16.15,15.85,16,0.1,+0.63%,305600
SEDG,2017-05-03,16.05,16.15,15.4,15.75,-0.25,-1.56%,521200
SEDG,2017-05-04,15.75,15.82,15.5,15.7,-0.05,-0.32%,425600
SEDG,2017-05-05,15.75,16.1,15.75,15.95,0.25,+1.59%,526400
SEDG,2017-05-08,15.95,16.05,15.8,16.05,0.1,+0.63%,782000
SEDG,2017-05-09,16.05,16.05,15.57,15.85,-0.2,-1.25%,1536800
SEDG,2017-05-10,16.8,17.95,16.24,17.6,1.75,+11.04%,4381300
SEDG,2017-05-11,17.6,17.9,17.27,17.8,0.2,+1.14%,1469700
SEDG,2017-05-12,17.85,17.85,17.48,17.65,-0.15,-0.84%,771800
SEDG,2017-05-15,17.85,18.65,17.65,18.3,0.65,+3.68%,1235400
SEDG,2017-05-16,18.4,18.65,17.83,18.1,-0.2,-1.09%,724900
SEDG,2017-05-17,17.85,18.05,17.6,17.6,-0.5,-2.76%,639200
SEDG,2017-05-18,17.55,17.8,17.25,17.7,0.1,+0.57%,683000
SEDG,2017-05-19,17.7,17.85,17.55,17.8,0.1,+0.56%,564100
SEDG,2017-05-22,17.9,18.7,17.85,18.4,0.6,+3.37%,1046800
SEDG,2017-05-23,18.5,18.85,18.45,18.55,0.15,+0.82%,846800
SEDG,2017-05-24,18.6,18.8,18.25,18.75,0.2,+1.08%,538700
SEDG,2017-05-25,18.8,19.1,18.8,18.85,0.1,+0.53%,524500
SEDG,2017-05-26,18.9,18.91,18.42,18.6,-0.25,-1.33%,398000
SEDG,2017-05-30,18.3,19.2,18.3,18.85,0.25,+1.34%,539600
SEDG,2017-05-31,18.75,19,18.25,18.6,-0.25,-1.33%,451500
SEDG,2017-06-01,18.45,18.8,18.25,18.45,-0.15,-0.81%,594500
SEDG,2017-06-02,18.45,18.75,18.25,18.4,-0.05,-0.27%,522400
SEDG,2017-06-05,18.35,18.65,18.23,18.5,0.1,+0.54%,403500
SEDG,2017-06-06,18.3,18.75,18.06,18.45,-0.05,-0.27%,575100
SEDG,2017-06-07,18.45,18.45,18.05,18.3,-0.15,-0.81%,443000
SEDG,2017-06-08,18.4,19.35,18.23,19.3,1,+5.46%,700800
SEDG,2017-06-09,19.4,19.83,18.86,19.05,-0.25,-1.30%,909700
SEDG,2017-06-12,18.85,19.3,18.6,19.05,0,0.00%,456800
SEDG,2017-06-13,19.25,19.55,19.1,19.4,0.35,+1.84%,514100
SEDG,2017-06-14,19.65,19.95,19.25,19.8,0.4,+2.06%,1045900
SEDG,2017-06-15,19.65,19.65,19,19.3,-0.5,-2.53%,870100
SEDG,2017-06-16,19.15,19.65,19.15,19.45,0.15,+0.78%,455700
SEDG,2017-06-19,19.5,19.75,19.2,19.75,0.3,+1.54%,357700
SEDG,2017-06-20,19.75,19.9,19.45,19.8,0.05,+0.25%,684800
SEDG,2017-06-21,19.75,20,19.67,19.85,0.05,+0.25%,1021200
SEDG,2017-06-22,19.9,20.95,19.85,20.75,0.9,+4.53%,1599900
SEDG,2017-06-23,20.8,21.85,20.8,21.4,0.65,+3.13%,840800
SEDG,2017-06-26,21.6,21.6,20.4,20.7,-0.7,-3.27%,754900
SEDG,2017-06-27,20.7,20.8,20.2,20.3,-0.4,-1.93%,624700
SEDG,2017-06-28,20.35,20.45,19.75,20.35,0.05,+0.25%,977700
SEDG,2017-06-29,20.2,20.6,19.65,20.15,-0.2,-0.98%,704000
SEDG,2017-06-30,20.15,20.25,19.9,20,-0.15,-0.74%,413500
SEDG,2017-07-03,20,20.75,19.99,20.1,0.1,+0.50%,479400
SEDG,2017-07-05,20,20.1,19.25,19.25,-0.85,-4.23%,749400
SEDG,2017-07-06,19.25,19.85,19.06,19.55,0.3,+1.56%,561400
SEDG,2017-07-07,20.75,21.05,20.52,20.9,1.35,+6.91%,2591400
SEDG,2017-07-10,20.85,21.85,20.7,21.35,0.45,+2.15%,1628800
SEDG,2017-07-11,21.4,22.05,21.325,21.6,0.25,+1.17%,6066100
SEDG,2017-07-12,21.8,21.9,21.05,21.8,0.2,+0.93%,1602200
SEDG,2017-07-13,21.8,22,21.6,21.8,0,0.00%,662500
SEDG,2017-07-14,22,22.15,21.7,21.85,0.05,+0.23%,845800
SEDG,2017-07-17,21.95,21.95,21.55,21.85,0,0.00%,690600
SEDG,2017-07-18,22.45,22.895,21.9,22.1,0.25,+1.14%,1407400
SEDG,2017-07-19,22.2,22.25,21.85,22.05,-0.05,-0.23%,756800
SEDG,2017-07-20,22.15,22.3,21.8,22.3,0.25,+1.13%,979300
SEDG,2017-07-21,22.2,22.4,21.9,22.25,-0.05,-0.22%,515200
SEDG,2017-07-24,22.2,22.475,21.95,22.4,0.15,+0.67%,445300
SEDG,2017-07-25,22.4,22.85,22.35,22.7,0.3,+1.34%,662400
SEDG,2017-07-26,22.75,22.8,22.35,22.55,-0.15,-0.66%,459800
SEDG,2017-07-27,22.6,22.9,22.11,22.6,0.05,+0.22%,839400
SEDG,2017-07-28,22.75,23.4,22.7,22.8,0.2,+0.88%,839400
SEDG,2017-07-31,22.8,23.15,22.7,22.95,0.15,+0.66%,652800
SEDG,2017-08-01,23.15,23.6,22.95,23.3,0.35,+1.53%,1006000
SEDG,2017-08-02,23.3,23.55,21.95,22.85,-0.45,-1.93%,1431000
SEDG,2017-08-03,25.85,27.95,25.8,27.6,4.75,+20.79%,4320200
SEDG,2017-08-04,27.75,28.6,26.96,28.35,0.75,+2.72%,1888200
SEDG,2017-08-07,28.05,28.65,27.85,28.35,0,0.00%,1675000
SEDG,2017-08-08,28.3,28.8,27.925,28.05,-0.3,-1.06%,1159700
SEDG,2017-08-09,27.85,27.95,27.455,27.6,-0.45,-1.60%,1233100
SEDG,2017-08-10,27.4,27.4,26.175,26.95,-0.65,-2.36%,1315700
SEDG,2017-08-11,26.8,27.5,26.7,27.15,0.2,+0.74%,876200
SEDG,2017-08-14,27.3,27.975,27.155,27.85,0.7,+2.58%,1076200
SEDG,2017-08-15,27.95,28.25,27.75,27.85,0,0.00%,829300
SEDG,2017-08-16,27.85,28.06,27.2,27.45,-0.4,-1.44%,716100
SEDG,2017-08-17,27.45,27.55,26.45,26.65,-0.8,-2.91%,1085500
SEDG,2017-08-18,26.55,26.8,26.35,26.7,0.05,+0.19%,661400
SEDG,2017-08-21,26.5,26.8,25.9,26.05,-0.65,-2.43%,683600
SEDG,2017-08-22,26.1,26.49,26,26.3,0.25,+0.96%,610500
SEDG,2017-08-23,26.15,26.575,25.95,26.5,0.2,+0.76%,519800
SEDG,2017-08-24,26.65,26.95,26.3,26.75,0.25,+0.94%,462700
SEDG,2017-08-25,26.9,27.2,26.65,26.8,0.05,+0.19%,563500
SEDG,2017-08-28,26.7,27,26.62,26.75,-0.05,-0.19%,429900
SEDG,2017-08-29,26.45,26.9,26.2,26.75,0,0.00%,562500
SEDG,2017-08-30,26.85,26.95,26.575,26.6,-0.15,-0.56%,584400
SEDG,2017-08-31,26.7,26.95,26.55,26.75,0.15,+0.56%,793200
SEDG,2017-09-01,26.75,27.4,26.7,27,0.25,+0.93%,964600
SEDG,2017-09-05,26.95,27.4,26.3,26.45,-0.55,-2.04%,1014700
SEDG,2017-09-06,26.4,26.73,25.8,26.15,-0.3,-1.13%,1450300
SEDG,2017-09-07,26.35,26.5,25.9,26.25,0.1,+0.38%,1396300
SEDG,2017-09-08,26.15,26.25,25.455,25.7,-0.55,-2.10%,1133500
SEDG,2017-09-11,25.8,25.95,24.7,24.85,-0.85,-3.31%,1584300
SEDG,2017-09-12,25,27,25,26.4,1.55,+6.24%,2315400
SEDG,2017-09-13,26.45,26.875,26.15,26.85,0.45,+1.70%,871500
SEDG,2017-09-14,26.9,27.05,26.5,26.95,0.1,+0.37%,960700
SEDG,2017-09-15,26.9,27.2,26.75,26.9,-0.05,-0.19%,1441100
SEDG,2017-09-18,26.9,27.3,26.71,26.8,-0.1,-0.37%,875500
SEDG,2017-09-19,26.9,27.15,26.4,26.95,0.15,+0.56%,572800
SEDG,2017-09-20,27.1,27.15,26.1,26.7,-0.25,-0.93%,709000
SEDG,2017-09-21,26.5,26.55,26.15,26.2,-0.5,-1.87%,526200
SEDG,2017-09-22,25.95,27.25,25.25,26.8,0.6,+2.29%,788000
SEDG,2017-09-25,27.05,27.25,26.6,26.8,0,0.00%,695600
SEDG,2017-09-26,27,27.175,26.35,27,0.2,+0.75%,586200
SEDG,2017-09-27,27.2,29.8,27.2,29.25,2.25,+8.33%,1993100
SEDG,2017-09-28,29.15,29.4,28.2,28.8,-0.45,-1.54%,833500
SEDG,2017-09-29,28.95,29,28.35,28.55,-0.25,-0.87%,523500
SEDG,2017-10-02,28.75,29.25,28.15,28.75,0.2,+0.70%,711300
SEDG,2017-10-03,28.75,29.325,28.6,29.3,0.55,+1.91%,724400
SEDG,2017-10-04,29.65,29.79,29.05,29.25,-0.05,-0.17%,494600
SEDG,2017-10-05,29.25,29.5,28.5,28.75,-0.5,-1.71%,415200
SEDG,2017-10-06,28.8,29.5,28.725,28.75,0,0.00%,289400
SEDG,2017-10-09,29.1,29.65,28.75,28.9,0.15,+0.52%,725300
SEDG,2017-10-10,28.9,29.65,28.85,29.15,0.25,+0.87%,602300
SEDG,2017-10-11,29.1,29.1,28.8,29,-0.15,-0.51%,380800
SEDG,2017-10-12,29.05,29.1,28.7,28.85,-0.15,-0.52%,410500
SEDG,2017-10-13,28.9,29.8,28.555,29.55,0.7,+2.43%,674800
SEDG,2017-10-16,29.55,30.75,29.45,30.45,0.9,+3.05%,1238200
SEDG,2017-10-17,30.5,31,30.3,30.7,0.25,+0.82%,1094200
SEDG,2017-10-18,30.75,30.975,30.518,30.85,0.15,+0.49%,495300
SEDG,2017-10-19,30.35,30.49,29.1,30.4,-0.45,-1.46%,537700
SEDG,2017-10-20,30.45,30.7,30.15,30.4,0,0.00%,527400
SEDG,2017-10-23,30.05,30.95,29.95,30.9,0.5,+1.64%,505500
SEDG,2017-10-24,30.95,31.35,30.75,31.25,0.35,+1.13%,467400
SEDG,2017-10-25,31.3,31.31,30.15,30.6,-0.65,-2.08%,1132000
SEDG,2017-10-26,30.6,31.3,30.41,30.9,0.3,+0.98%,376900
SEDG,2017-10-27,31.45,32.325,31.05,32.15,1.25,+4.05%,713600
SEDG,2017-10-30,31.65,32.7,31.5,32.55,0.4,+1.24%,863900
SEDG,2017-10-31,32.75,33.35,32.55,32.85,0.3,+0.92%,640800
SEDG,2017-11-01,33.1,33.2,32.44,32.85,0,0.00%,661000
SEDG,2017-11-02,32.85,32.85,32.2,32.4,-0.45,-1.37%,702000
SEDG,2017-11-03,32.6,34,32.6,33.8,1.4,+4.32%,548900
SEDG,2017-11-06,34,34.65,33.4,33.65,-0.15,-0.44%,884800
SEDG,2017-11-07,33.5,33.7,32.05,32.45,-1.2,-3.57%,845300
SEDG,2017-11-08,32.45,32.9,31.5,32.5,0.05,+0.15%,1454100
SEDG,2017-11-09,35.75,39,35.75,38.8,6.3,+19.38%,2845600
SEDG,2017-11-10,38.7,39.45,37.75,38.15,-0.65,-1.68%,1263700
SEDG,2017-11-13,37.35,37.95,36.71,37.5,-0.65,-1.70%,877700
SEDG,2017-11-14,37.1,38.35,37.1,38.175,0.675,+1.80%,845400
SEDG,2017-11-15,38.1,38.4,37.35,37.4,-0.775,-2.03%,615800
SEDG,2017-11-16,37.55,38.075,37.3,37.75,0.35,+0.94%,497300
SEDG,2017-11-17,37.6,38.075,36.85,37.55,-0.2,-0.53%,542300
SEDG,2017-11-20,37.7,39.1,37.25,38.9,1.35,+3.60%,887600
SEDG,2017-11-21,38,38.75,37.2,38.45,-0.45,-1.16%,717200
SEDG,2017-11-22,38.5,38.65,37.5,38.6,0.15,+0.39%,625200
SEDG,2017-11-24,38.55,39.9,38.45,39.7,1.1,+2.85%,463200
SEDG,2017-11-27,38.3,39.45,38,38.6,-1.1,-2.77%,1212100
SEDG,2017-11-28,38.55,39.3,38.25,39.1,0.5,+1.30%,879600
SEDG,2017-11-29,39.2,39.2,36.375,36.45,-2.65,-6.78%,1056800
SEDG,2017-11-30,36.05,37.55,35.85,36.4,-0.05,-0.14%,910600
SEDG,2017-12-01,36.25,36.5,32.9,34.8,-1.6,-4.40%,1417200
SEDG,2017-12-04,35.4,35.45,33.175,33.55,-1.25,-3.59%,1281900
SEDG,2017-12-05,33.4,34.9,33.2,34.55,1,+2.98%,1077300
SEDG,2017-12-06,34.45,35.25,34.25,34.55,0,0.00%,506900
SEDG,2017-12-07,34.5,36.25,34.5,36.15,1.6,+4.63%,678400
SEDG,2017-12-08,36.65,38,35.9,36.05,-0.1,-0.28%,703200
SEDG,2017-12-11,36.4,37.3,36.25,36.45,0.4,+1.11%,525900
SEDG,2017-12-12,36.35,37.05,35.75,36.1,-0.35,-0.96%,466500
SEDG,2017-12-13,37.3,37.3,35.95,36.55,0.45,+1.25%,817500
SEDG,2017-12-14,36.85,37.9,36.69,37.7,1.15,+3.15%,646500
SEDG,2017-12-15,37.65,38.33,37.2,38.15,0.45,+1.19%,1392400
SEDG,2017-12-18,38.4,38.95,38,38.7,0.55,+1.44%,479500
SEDG,2017-12-19,39.35,39.35,38.15,38.25,-0.45,-1.16%,592000
SEDG,2017-12-20,38.4,38.8,38,38.2,-0.05,-0.13%,385600
SEDG,2017-12-21,38.2,38.2,37.1,37.45,-0.75,-1.96%,543200
SEDG,2017-12-22,37.3,37.85,37.205,37.55,0.1,+0.27%,283100
SEDG,2017-12-26,37.5,37.7,36.71,37.65,0.1,+0.27%,292100
SEDG,2017-12-27,37.55,38,37.175,37.95,0.3,+0.80%,340200
SEDG,2017-12-28,38.2,38.3,37.9,37.95,0,0.00%,261300
SEDG,2017-12-29,38.1,38.25,37.4,37.55,-0.4,-1.05%,235500
SEDG,2018-01-02,37.65,38.2,37.35,38.05,0.5,+1.33%,407300
SEDG,2018-01-03,38.25,39.15,37.85,39.05,1,+2.63%,908500
SEDG,2018-01-04,39.55,39.65,36.45,37.35,-1.7,-4.35%,1013600
SEDG,2018-01-05,37.35,38.375,37.15,37.9,0.55,+1.47%,553200
SEDG,2018-01-08,38,38.52,37.75,38.35,0.45,+1.19%,487500
SEDG,2018-01-09,38.35,38.5,36.65,37.2,-1.15,-3.00%,667000
SEDG,2018-01-10,37,37.3,36.5,36.6,-0.6,-1.61%,449800
SEDG,2018-01-11,35.85,37.7,35.005,37.5,0.9,+2.46%,715800
SEDG,2018-01-12,37.65,37.85,36.2,36.3,-1.2,-3.20%,581200
SEDG,2018-01-16,36.4,36.6,35.1,35.65,-0.65,-1.79%,683900
SEDG,2018-01-17,35.85,36.85,35.7,36.5,0.85,+2.38%,476800
SEDG,2018-01-18,36.45,36.675,35.55,35.7,-0.8,-2.19%,432800
SEDG,2018-01-19,35.6,35.695,34.5,35.2,-0.5,-1.40%,651800
SEDG,2018-01-22,34.75,35.4,34.4,34.75,-0.45,-1.28%,745000
SEDG,2018-01-23,35.5,37.65,35.5,35.65,0.9,+2.59%,1359300
SEDG,2018-01-24,35.65,35.775,34.5,35.3,-0.35,-0.98%,1060600
SEDG,2018-01-25,35.6,36.5,35.35,36.4,1.1,+3.12%,620800
SEDG,2018-01-26,36.7,36.85,36.1,36.75,0.35,+0.96%,403900
SEDG,2018-01-29,36.6,37.15,36.5,37.1,0.35,+0.95%,999700
SEDG,2018-01-30,36.45,36.8,35.575,35.65,-1.45,-3.91%,548500
SEDG,2018-01-31,35.95,36.8,35.675,35.9,0.25,+0.70%,308800
SEDG,2018-02-01,35.8,35.8,35.15,35.4,-0.5,-1.39%,385500
SEDG,2018-02-02,35.175,35.175,34.2,34.575,-0.825,-2.33%,586100
SEDG,2018-02-05,34.25,35.6,33.2,34.8,0.225,+0.65%,753800
SEDG,2018-02-06,35.3,35.4,33.8,34.5,-0.3,-0.86%,815700
SEDG,2018-02-07,34.55,34.6,33.6,33.675,-0.825,-2.39%,539900
SEDG,2018-02-08,33.65,33.85,32.15,32.25,-1.425,-4.23%,852300
SEDG,2018-02-09,32.75,33.35,30.8,32.2,-0.05,-0.16%,1105600
SEDG,2018-02-12,32.5,34.8,32.5,34.5,2.3,+7.14%,817900
SEDG,2018-02-13,34.4,36.3,34.39,36,1.5,+4.35%,983800
SEDG,2018-02-14,35.85,37.25,35.45,36.9,0.9,+2.50%,1095600
SEDG,2018-02-15,42.1,46.05,41.5,45.85,8.95,+24.25%,4414200
SEDG,2018-02-16,45.75,47.145,45.45,46,0.15,+0.33%,1171900
SEDG,2018-02-20,45.5,47.85,45.1,47.45,1.45,+3.15%,1825800
SEDG,2018-02-21,47.75,49.65,47.4,47.8,0.35,+0.74%,1394000
SEDG,2018-02-22,47.8,48.6,46.95,48.35,0.55,+1.15%,789100
SEDG,2018-02-23,48.45,50,48.2,50,1.65,+3.41%,880600
SEDG,2018-02-26,50.15,51.2,49.7,50.9,0.9,+1.80%,774700
SEDG,2018-02-27,50.9,51.15,49.8,50.15,-0.75,-1.47%,813500
SEDG,2018-02-28,50.05,50.65,48.955,50.05,-0.1,-0.20%,565100
SEDG,2018-03-01,49.9,49.95,47.2,49.8,-0.25,-0.50%,1023700
SEDG,2018-03-02,48.7,51.2,47.85,50.9,1.1,+2.21%,794800
SEDG,2018-03-05,51.1,51.7,50.55,50.6,-0.3,-0.59%,730400
SEDG,2018-03-06,51.05,52.6,50.65,52.5,1.9,+3.75%,506300
SEDG,2018-03-07,51.9,52.8,51.005,51.65,-0.85,-1.62%,478800
SEDG,2018-03-08,51.7,52.75,51.15,52.075,0.425,+0.82%,368500
SEDG,2018-03-09,52.25,52.65,51.9,52.45,0.375,+0.72%,449700
SEDG,2018-03-12,52.6,54.39,52.205,54,1.55,+2.96%,955800
SEDG,2018-03-13,54.58,54.95,53.36,54.05,0.05,+0.09%,563400
SEDG,2018-03-14,54,55.55,53.875,54.7,0.65,+1.20%,672600
SEDG,2018-03-15,55,55.18,54.15,54.75,0.05,+0.09%,471300
SEDG,2018-03-16,55.3,55.75,54.35,54.45,-0.3,-0.55%,841000
SEDG,2018-03-19,54.5,55.6,53.9,55.1,0.65,+1.19%,641900
SEDG,2018-03-20,55.15,57.1,54.95,56.75,1.65,+2.99%,530700
SEDG,2018-03-21,57.1,57.6,55.95,56.2,-0.55,-0.97%,449600
SEDG,2018-03-22,55.9,56.4,53.8,54.7,-1.5,-2.67%,640000
SEDG,2018-03-23,54.4,55.8,53.9,54,-0.7,-1.28%,642100
SEDG,2018-03-26,55.35,56.95,54.75,56.45,2.45,+4.54%,882700
SEDG,2018-03-27,57.15,58.2,54.9,55.2,-1.25,-2.21%,833700
SEDG,2018-03-28,54.9,55.15,50.65,51,-4.2,-7.61%,1148100
SEDG,2018-03-29,51,53.4,50.5,52.6,1.6,+3.14%,622600
SEDG,2018-04-02,52.35,54.35,52.135,54.1,1.5,+2.85%,708000
SEDG,2018-04-03,55.1,56.15,52.8,55.8,1.7,+3.14%,834100
SEDG,2018-04-04,54,55.25,52.75,54.6,-1.2,-2.15%,629100
SEDG,2018-04-05,55.15,57.4,54.7,57.2,2.6,+4.76%,733000
SEDG,2018-04-06,56.35,57.25,53.75,54.225,-2.975,-5.20%,677500
SEDG,2018-04-09,55.4,57,54.75,56.55,2.325,+4.29%,647200
SEDG,2018-04-10,57.85,59.2,54.65,54.8,-1.75,-3.09%,1499700
SEDG,2018-04-11,54.9,55.75,54.1,55,0.2,+0.36%,591700
SEDG,2018-04-12,55.4,55.9,54.6,55.15,0.15,+0.27%,424700
SEDG,2018-04-13,55.25,55.45,53.46,54.15,-1.,-1.81%,421900
SEDG,2018-04-16,54,54.05,51.7,53.1,-1.05,-1.94%,1164200
SEDG,2018-04-17,53.55,54.85,53.1,54.25,1.15,+2.17%,511700
SEDG,2018-04-18,54.6,56.55,54.6,56,1.75,+3.23%,572600
SEDG,2018-04-19,56.3,56.5,55.05,55.05,-0.95,-1.70%,596200
SEDG,2018-04-20,54.8,55.65,54.4,55.2,0.15,+0.27%,508400
SEDG,2018-04-23,55.4,55.7,52.35,53.15,-2.05,-3.71%,797000
SEDG,2018-04-24,53.25,53.85,51.9,52.7,-0.45,-0.85%,683100
SEDG,2018-04-25,52.75,53.1,50.9,52.35,-0.35,-0.66%,538900
SEDG,2018-04-26,52.65,53.05,52.25,53,0.65,+1.24%,426700
SEDG,2018-04-27,53.55,54.15,52.95,53.1,0.1,+0.19%,367900
SEDG,2018-04-30,53,53.55,52.2,52.65,-0.45,-0.85%,488200
SEDG,2018-05-01,52.65,52.8,51.75,52.55,-0.1,-0.19%,521200
SEDG,2018-05-02,50.75,53.2,50.59,53,0.45,+0.86%,718300
SEDG,2018-05-03,53,53.025,51.9,52.85,-0.15,-0.28%,366100
SEDG,2018-05-04,52.5,54.75,52.425,54.6,1.75,+3.31%,545300
SEDG,2018-05-07,55.6,57.15,55,56.95,2.35,+4.30%,835900
SEDG,2018-05-08,57.6,57.85,55.8,56.15,-0.8,-1.40%,1363700
SEDG,2018-05-09,56.3,57,54.15,55.65,-0.5,-0.89%,1547300
SEDG,2018-05-10,57.3,65,56.1,64.85,9.2,+16.53%,4037200
SEDG,2018-05-11,64.25,65.45,63.6,64.3,-0.55,-0.85%,1171600
SEDG,2018-05-14,64.7,70.74,64.7,68.55,4.25,+6.61%,2221000
SEDG,2018-05-15,68.55,68.74,65.2,67.65,-0.9,-1.31%,1140500
SEDG,2018-05-16,67.8,69.7,67.25,67.55,-0.1,-0.15%,907800
SEDG,2018-05-17,67.05,68.2,65.3,66.6,-0.95,-1.41%,788600
SEDG,2018-05-18,66.1,67,65.75,66.45,-0.15,-0.23%,462700
SEDG,2018-05-21,67.25,67.94,66.05,67.25,0.8,+1.20%,693400
SEDG,2018-05-22,67.85,68.25,66.25,66.35,-0.9,-1.34%,635000
SEDG,2018-05-23,65.95,66.1,60.5,61.65,-4.7,-7.08%,2396100
SEDG,2018-05-24,61.6,61.75,54.6,56.45,-5.2,-8.43%,4076100
SEDG,2018-05-25,56.85,60.1,55.225,58.95,2.5,+4.43%,2363900
SEDG,2018-05-29,58.95,60.55,58.275,60.2,1.25,+2.12%,1211200
SEDG,2018-05-30,60.45,61,56.8,58.65,-1.55,-2.57%,1723400
SEDG,2018-05-31,59.2,60.25,55.55,55.85,-2.8,-4.77%,1496100
SEDG,2018-06-01,56.2,56.74,54.15,54.7,-1.15,-2.06%,1840500
SEDG,2018-06-04,54.75,56.3,54.33,56,1.3,+2.38%,1713600
SEDG,2018-06-05,56.05,56.94,51.8,53.25,-2.75,-4.91%,2916700
SEDG,2018-06-06,53.25,54.25,51.7,53.5,0.25,+0.47%,2266400
SEDG,2018-06-07,52.1,54,52.1,53.45,-0.05,-0.09%,1857900
SEDG,2018-06-08,53.25,54.15,53.2,53.9,0.45,+0.84%,1084400
SEDG,2018-06-11,54.45,55.2,52.85,52.9,-1.,-1.86%,1366000
SEDG,2018-06-12,53,53.25,51.35,51.65,-1.25,-2.36%,1557300
SEDG,2018-06-13,51.5,53.05,50.55,51.55,-0.1,-0.19%,1164300
SEDG,2018-06-14,51.75,52.9,50.9,51.2,-0.35,-0.68%,1223000
SEDG,2018-06-15,50.8,50.975,46.6,47.45,-3.75,-7.32%,3602300
SEDG,2018-06-18,46.6,50.1,45.85,47.7,0.25,+0.53%,1759700
SEDG,2018-06-19,46.85,49.55,46.8,49.25,1.55,+3.25%,1386600
SEDG,2018-06-20,50.35,52,48.8,50.95,1.7,+3.45%,1702000
SEDG,2018-06-21,50.9,52.13,49.3,50.25,-0.7,-1.37%,1045500
SEDG,2018-06-22,50.4,50.575,48.1,50.05,-0.2,-0.40%,673800
SEDG,2018-06-25,49.6,49.85,47.5,49.2,-0.85,-1.70%,1151600
SEDG,2018-06-26,49.2,49.7,47.95,48.1,-1.1,-2.24%,877500
SEDG,2018-06-27,48.05,49.65,46.375,46.45,-1.65,-3.43%,766200
SEDG,2018-06-28,46.35,49.9,46.05,49.5,3.05,+6.57%,1107900
SEDG,2018-06-29,49.7,50.45,47.6,47.85,-1.65,-3.33%,1240800
SEDG,2018-07-02,47.2,50.95,46.55,50.8,2.95,+6.17%,1296000
SEDG,2018-07-03,51,51.9,48.55,49.95,-0.85,-1.67%,619000
SEDG,2018-07-05,50.3,51.3,49.65,51.2,1.25,+2.50%,749900
SEDG,2018-07-06,51.15,54,50.75,53.65,2.45,+4.79%,1049700
SEDG,2018-07-09,54.6,55,52.1,54.3,0.65,+1.21%,916200
SEDG,2018-07-10,54.65,54.65,52.75,53,-1.3,-2.39%,610900
SEDG,2018-07-11,52.25,52.6,50.9,51.9,-1.1,-2.08%,769800
SEDG,2018-07-12,52.05,53.34,52,52.9,1,+1.93%,462400
SEDG,2018-07-13,53.2,54.45,52.55,54.4,1.5,+2.84%,492300
SEDG,2018-07-16,54.65,55.45,53.85,54.4,0,0.00%,619000
SEDG,2018-07-17,54.5,55.25,54.1,54.9,0.5,+0.92%,447700
SEDG,2018-07-18,55,55.1,53.45,54.3,-0.6,-1.09%,402000
SEDG,2018-07-19,54.2,54.48,53.45,54.3,0,0.00%,488600
SEDG,2018-07-20,54.45,55.09,53.4,53.65,-0.65,-1.20%,445700
SEDG,2018-07-23,53.5,54.425,53.4,54,0.35,+0.65%,403000
SEDG,2018-07-24,54.2,54.85,53.05,53.55,-0.45,-0.83%,610300
SEDG,2018-07-25,53.75,58,53.45,57.85,4.3,+8.03%,1247100
SEDG,2018-07-26,57.1,57.7,54.35,54.95,-2.9,-5.01%,1399400
SEDG,2018-07-27,54.45,54.5,51.7,53.95,-1.,-1.82%,1094000
SEDG,2018-07-30,54.25,54.4,52.2,53,-0.95,-1.76%,840200
SEDG,2018-07-31,53,54.05,52.45,53.25,0.25,+0.47%,567400
SEDG,2018-08-01,53.45,56.7,53.05,56.25,3,+5.63%,1056100
SEDG,2018-08-02,56,58.3,54.3,56.3,0.05,+0.09%,1647100
SEDG,2018-08-03,50.5,51.2,46.4,48.45,-7.85,-13.94%,5559700
SEDG,2018-08-06,48.35,50.05,48.35,49.65,1.2,+2.48%,1076300
SEDG,2018-08-07,50,50.25,46.85,46.95,-2.7,-5.44%,1177400
SEDG,2018-08-08,47.05,48.275,47.05,48.15,1.2,+2.56%,706600
SEDG,2018-08-09,48.05,48.95,46.5,46.85,-1.3,-2.70%,797100
SEDG,2018-08-10,46.35,46.85,45.36,46.25,-0.6,-1.28%,973600
SEDG,2018-08-13,46.55,47.75,45.775,45.85,-0.4,-0.86%,729500
SEDG,2018-08-14,45.9,46.425,44.1,45.75,-0.1,-0.22%,852300
SEDG,2018-08-15,45.5,45.55,43.6,44.9,-0.85,-1.86%,878500
SEDG,2018-08-16,45.45,46.4,45.05,45.9,1,+2.23%,699100
SEDG,2018-08-17,45.9,46.1,44.85,45.65,-0.25,-0.54%,697000
SEDG,2018-08-20,45.85,47.15,45.25,47,1.35,+2.96%,745100
SEDG,2018-08-21,47.35,48.5,46.95,47.35,0.35,+0.74%,595900
SEDG,2018-08-22,47.15,47.93,46.7,47.15,-0.2,-0.42%,419700
SEDG,2018-08-23,47.2,47.9,46.7,47.1,-0.05,-0.11%,483500
SEDG,2018-08-24,47.05,47.85,46.9,47.775,0.675,+1.43%,459200
SEDG,2018-08-27,47.8,48,47,47.2,-0.575,-1.20%,409400
SEDG,2018-08-28,47.2,48.25,46.09,47.85,0.65,+1.38%,845200
SEDG,2018-08-29,48.25,48.85,47.675,48.1,0.25,+0.52%,519500
SEDG,2018-08-30,48.15,48.54,47.55,47.9,-0.2,-0.42%,375100
SEDG,2018-08-31,47.65,48.15,46.65,47.95,0.05,+0.10%,606100
SEDG,2018-09-04,47.5,48.19,46.6,47.9,-0.05,-0.10%,722400
SEDG,2018-09-05,47.7,47.85,45.85,47.3,-0.6,-1.25%,571300
SEDG,2018-09-06,47.05,47.3,45.55,45.55,-1.75,-3.70%,659100
SEDG,2018-09-07,45.25,45.45,42.55,42.7,-2.85,-6.26%,1490300
SEDG,2018-09-10,42.85,43.45,41.1,42.25,-0.45,-1.05%,1197300
SEDG,2018-09-11,42.1,43.3,41.7,43.05,0.8,+1.89%,508300
SEDG,2018-09-12,43.15,43.5,42.65,43.3,0.25,+0.58%,485300
SEDG,2018-09-13,43.5,45.2,43.5,43.75,0.45,+1.04%,569200
SEDG,2018-09-14,43.8,44.55,42.05,42.15,-1.6,-3.66%,742800
SEDG,2018-09-17,42.5,43.355,41.3,42.1,-0.05,-0.12%,825100
SEDG,2018-09-18,42,43.15,41.65,42.05,-0.05,-0.12%,690300
SEDG,2018-09-19,41.55,41.85,38.05,40.75,-1.3,-3.09%,1629800
SEDG,2018-09-20,41.2,42.875,41.2,42.75,2,+4.91%,1126500
SEDG,2018-09-21,42.8,44.15,42.1,42.6,-0.15,-0.35%,1913700
SEDG,2018-09-24,42,42.8,41.2,42.4,-0.2,-0.47%,389600
SEDG,2018-09-25,42.1,42.75,40.75,40.8,-1.6,-3.77%,785800
SEDG,2018-09-26,41.2,41.6,39.475,39.95,-0.85,-2.08%,992800
SEDG,2018-09-27,39.5,39.5,37.35,38,-1.95,-4.88%,2109500
SEDG,2018-09-28,38,38.55,36.85,37.65,-0.35,-0.92%,1009100
SEDG,2018-10-01,38.17,38.275,37.3,37.9,0.25,+0.66%,681300
SEDG,2018-10-02,37.64,40.66,37.64,40.3,2.4,+6.33%,1576500
SEDG,2018-10-03,40.55,40.74,39.28,39.68,-0.62,-1.54%,1050000
SEDG,2018-10-04,39.5,39.72,38.8,39.05,-0.63,-1.59%,879700
SEDG,2018-10-05,39.21,39.21,37.5,37.98,-1.07,-2.74%,597100
SEDG,2018-10-08,37.97,39.63,37.58,39.53,1.55,+4.08%,1061600
SEDG,2018-10-09,39.47,39.85,38.61,38.8,-0.73,-1.85%,875100
SEDG,2018-10-10,38.41,38.71,37.15,37.77,-1.03,-2.65%,1130100
SEDG,2018-10-11,37.69,39.04,37.01,37.03,-0.74,-1.96%,1131300
SEDG,2018-10-12,38.04,39.7,37.5,39.39,2.36,+6.37%,1219800
SEDG,2018-10-15,39.39,41.03,39.39,40.52,1.13,+2.87%,993700
SEDG,2018-10-16,41.32,42.27,40.84,42.26,1.74,+4.29%,863500
SEDG,2018-10-17,42.5,42.72,40.68,41.79,-0.47,-1.11%,675700
SEDG,2018-10-18,42.03,42.545,40,40.14,-1.65,-3.95%,557300
SEDG,2018-10-19,40.2,40.65,39.28,40.27,0.13,+0.32%,926200
SEDG,2018-10-22,40.15,40.62,39.5,40.51,0.24,+0.60%,409300
SEDG,2018-10-23,39.29,40.25,37.68,39.84,-0.67,-1.65%,853000
SEDG,2018-10-24,39.66,39.89,36.66,36.71,-3.13,-7.86%,1004700
SEDG,2018-10-25,36.64,37.25,36.12,36.63,-0.08,-0.22%,1147100
SEDG,2018-10-26,36,37.61,35.115,36.67,0.04,+0.11%,1067300
SEDG,2018-10-29,37.35,38.04,36.26,37.24,0.57,+1.55%,1180800
SEDG,2018-10-30,37.03,38.04,36.13,38.01,0.77,+2.07%,793900
SEDG,2018-10-31,38.47,39.13,37.64,38.73,0.72,+1.89%,1011700
SEDG,2018-11-01,39.16,41.15,38.52,41.03,2.3,+5.94%,1599900
SEDG,2018-11-02,41.1,41.56,35.89,37.75,-3.28,-7.99%,4353200
SEDG,2018-11-05,38.04,40.82,37.828,39.095,1.345,+3.56%,1914200
SEDG,2018-11-06,38.71,39.12,37.1,37.62,-1.475,-3.77%,1149600
SEDG,2018-11-07,38,39.2,37.67,38.75,1.13,+3.00%,1079600
SEDG,2018-11-08,38.76,39.41,37.65,37.76,-0.99,-2.55%,627100
SEDG,2018-11-09,37.52,38.04,36.63,37.43,-0.33,-0.87%,555600
SEDG,2018-11-12,37.11,37.43,35.13,35.19,-2.24,-5.98%,887300
SEDG,2018-11-13,35.51,36.3,34.79,36.28,1.09,+3.10%,1216200
SEDG,2018-11-14,36.56,37.8,36.56,37.43,1.15,+3.17%,799400
SEDG,2018-11-15,37.47,38.32,36.67,38.24,0.81,+2.16%,741200
SEDG,2018-11-16,37.74,38.8,37.74,38.6,0.36,+0.94%,494400
SEDG,2018-11-19,38.58,39.06,38.12,38.51,-0.09,-0.23%,517200
SEDG,2018-11-20,37.43,38.08,36.84,37.29,-1.22,-3.17%,464400
SEDG,2018-11-21,37.79,38.72,37.48,38.08,0.79,+2.12%,516300
SEDG,2018-11-23,37.74,40.14,37.65,39.98,1.9,+4.99%,541400
SEDG,2018-11-26,39.62,40.8,39.525,40.02,0.04,+0.10%,865200
SEDG,2018-11-27,39.9,39.99,39.14,39.59,-0.43,-1.07%,404800
SEDG,2018-11-28,40,42.9,40,42.61,3.02,+7.63%,900300
SEDG,2018-11-29,42.6,42.75,41.31,41.88,-0.73,-1.71%,377400
SEDG,2018-11-30,41.04,41.28,38.29,38.93,-2.95,-7.04%,1171600
SEDG,2018-12-03,39.96,40.08,38.58,39.9,0.97,+2.49%,851400
SEDG,2018-12-04,39.89,40.45,38.26,38.54,-1.36,-3.41%,607300
SEDG,2018-12-06,38,41.645,37.68,40.38,1.84,+4.77%,1717000
SEDG,2018-12-07,39.8,40.22,37.78,38.03,-2.35,-5.82%,889700
SEDG,2018-12-10,37.79,39.12,37.79,38.73,0.7,+1.84%,409600
SEDG,2018-12-11,39.15,39.92,38.66,38.95,0.22,+0.57%,519100
SEDG,2018-12-12,39.3,39.35,38.2,38.76,-0.19,-0.49%,406400
SEDG,2018-12-13,39.01,39.05,38.1,38.53,-0.23,-0.59%,307700
SEDG,2018-12-14,38.02,38.82,37.65,38.33,-0.2,-0.52%,231400
SEDG,2018-12-17,38.22,38.54,36.86,37.41,-0.92,-2.40%,387700
SEDG,2018-12-18,37.82,38.26,35.93,36.74,-0.67,-1.79%,704100
SEDG,2018-12-19,36.74,37.13,35.47,36.13,-0.61,-1.66%,491900
SEDG,2018-12-20,35.87,36.49,34.05,35.16,-0.97,-2.68%,528900
SEDG,2018-12-21,35.3,35.5,33.18,34.46,-0.7,-1.99%,1355300
SEDG,2018-12-24,33.98,34.04,32.425,33.41,-1.05,-3.05%,594400
SEDG,2018-12-26,33.55,35.42,33.12,35.29,1.88,+5.63%,578000
SEDG,2018-12-27,34.58,35.25,33.5,34.98,-0.31,-0.88%,356000
SEDG,2018-12-28,35.28,35.41,34.01,34.87,-0.11,-0.31%,470800
SEDG,2018-12-31,34.89,35.2,33.88,35.1,0.23,+0.66%,517900
SEDG,2019-01-02,34.41,36.445,34.35,36.15,1.05,+2.99%,534000
SEDG,2019-01-03,35.68,37.07,35.5,35.5,-0.65,-1.80%,871700
SEDG,2019-01-04,35.91,37.38,35.22,37.25,1.75,+4.93%,1008200
SEDG,2019-01-07,37.2,37.2,34.92,35.01,-2.24,-6.01%,1147500
SEDG,2019-01-08,35.36,35.74,34.05,35,-0.01,-0.03%,761400
SEDG,2019-01-09,35.29,36.385,35.11,35.46,0.46,+1.31%,862900
SEDG,2019-01-10,35.27,36.88,35,35.99,0.53,+1.49%,738600
SEDG,2019-01-11,35.93,36.86,35.73,36.4,0.41,+1.14%,769900
SEDG,2019-01-14,36.09,36.91,35.5,36.5,0.1,+0.27%,454500
SEDG,2019-01-15,36.62,37.17,36.54,36.69,0.19,+0.52%,393200
SEDG,2019-01-16,36.7,37.69,36.61,37.35,0.66,+1.80%,531300
SEDG,2019-01-17,35.77,37.75,35.56,37.57,0.22,+0.59%,1600200
SEDG,2019-01-18,37.95,38.2,37,37.18,-0.39,-1.04%,422800
SEDG,2019-01-22,37.1,37.48,36.43,36.96,-0.22,-0.59%,349400
SEDG,2019-01-23,37.09,38.12,36.99,38.03,1.07,+2.90%,727300
SEDG,2019-01-24,38.25,40.45,38.11,40.24,2.21,+5.81%,1223100
SEDG,2019-01-25,40.6,41.9,39.44,40.85,0.61,+1.52%,638800
SEDG,2019-01-28,41.3,42.66,40.16,42.15,1.3,+3.18%,771300
SEDG,2019-01-29,42.28,42.8,41.93,42,-0.15,-0.36%,676600
SEDG,2019-01-30,42.29,43.24,41.65,42.25,0.25,+0.60%,406700
SEDG,2019-01-31,42.85,43.87,42.6,43.79,1.54,+3.64%,896700
SEDG,2019-02-01,43.79,43.79,43.02,43.07,-0.72,-1.64%,536500
SEDG,2019-02-04,43.25,44.12,42.9,44.11,1.04,+2.41%,365400
SEDG,2019-02-05,44.17,44.64,43.91,44.47,0.36,+0.82%,491200
SEDG,2019-02-06,44.7,45.18,43.87,43.96,-0.51,-1.15%,453400
SEDG,2019-02-07,43.48,43.78,42.47,42.93,-1.03,-2.34%,513500
SEDG,2019-02-08,42.72,43.8,42.72,43.48,0.55,+1.28%,315000
SEDG,2019-02-11,43.51,44.2,43.5,44.04,0.56,+1.29%,414700
SEDG,2019-02-12,44.21,44.54,42.64,42.84,-1.2,-2.72%,501500
SEDG,2019-02-13,43,44.31,42.84,44.23,1.39,+3.24%,414000
SEDG,2019-02-14,44,45.07,43.94,44.56,0.33,+0.75%,583400
SEDG,2019-02-15,44.48,44.6,43.16,43.3,-1.26,-2.83%,684400
SEDG,2019-02-19,43.49,43.61,42.43,43.32,0.02,+0.05%,755800
SEDG,2019-02-20,43.48,44.315,40.8,41.5,-1.82,-4.20%,1613400
SEDG,2019-02-21,43.3,45.32,41,42.11,0.61,+1.47%,2550400
SEDG,2019-02-22,42.12,42.16,39.2,41.7,-0.41,-0.97%,1130800
SEDG,2019-02-25,42.2,42.84,40.29,40.36,-1.34,-3.21%,849900
SEDG,2019-02-26,40.29,41.05,39.75,40.88,0.52,+1.29%,695000
SEDG,2019-02-27,40.86,42.44,40.14,42.34,1.46,+3.57%,568700
SEDG,2019-02-28,42.09,42.455,41.39,42.26,-0.08,-0.19%,622200
SEDG,2019-03-01,42.5,43.2,41.29,41.34,-0.92,-2.18%,645200
SEDG,2019-03-04,41.42,41.92,40.85,41.55,0.21,+0.51%,488000
SEDG,2019-03-05,41.54,42.12,41.15,41.3,-0.25,-0.60%,352500
SEDG,2019-03-06,41.21,41.26,39.84,40.38,-0.92,-2.23%,684700
SEDG,2019-03-07,40.18,40.46,39.2,39.36,-1.02,-2.53%,747700
SEDG,2019-03-08,39.1,39.38,38.65,39.28,-0.08,-0.20%,448100
SEDG,2019-03-11,39.34,40.31,39.34,39.89,0.61,+1.55%,423000
SEDG,2019-03-12,39.88,40.45,38.8601,39.31,-0.58,-1.45%,993900
SEDG,2019-03-13,39.62,40.14,39.175,39.9,0.59,+1.50%,539000
SEDG,2019-03-14,39.91,40.7,39.49,39.73,-0.17,-0.43%,557300
SEDG,2019-03-15,39.99,40.37,39.75,39.93,0.2,+0.50%,727600
SEDG,2019-03-18,39.92,39.98,39.23,39.69,-0.24,-0.60%,426500
SEDG,2019-03-19,39.79,39.87,39.36,39.48,-0.21,-0.53%,299600
SEDG,2019-03-20,39.48,39.92,38.8308,39.24,-0.24,-0.61%,247700
SEDG,2019-03-21,39.01,39.47,38.755,38.84,-0.4,-1.02%,467400
SEDG,2019-03-22,38.55,38.75,37,37.12,-1.72,-4.43%,872700
SEDG,2019-03-25,37.05,37.45,36.63,37.33,0.21,+0.57%,421200
SEDG,2019-03-26,37.16,37.7,36.46,36.68,-0.65,-1.74%,394700
SEDG,2019-03-27,36.83,37.02,36.28,36.79,0.11,+0.30%,397300
SEDG,2019-03-28,36.79,37.76,36.295,37.76,0.97,+2.64%,789900
SEDG,2019-03-29,37.78,38.37,37.5,37.68,-0.08,-0.21%,521600
SEDG,2019-04-01,38.2,38.4146,37.79,37.85,0.17,+0.45%,471300
SEDG,2019-04-02,37.97,38.69,37.6,38.2,0.35,+0.92%,614000
SEDG,2019-04-03,38.44,39.03,38.285,38.66,0.46,+1.20%,460100
SEDG,2019-04-04,38.69,40.12,38.68,40.11,1.45,+3.75%,594500
SEDG,2019-04-05,40.35,41.02,40.079,40.72,0.61,+1.52%,428200
SEDG,2019-04-08,40.63,41.45,40.4043,41.44,0.72,+1.77%,386800
SEDG,2019-04-09,41.21,41.83,40.56,40.65,-0.79,-1.91%,360900
SEDG,2019-04-10,40.89,41.35,40.57,41.27,0.62,+1.53%,421600
SEDG,2019-04-11,41.5,41.8183,40.46,40.62,-0.65,-1.57%,265000
SEDG,2019-04-12,40.66,41.33,40.545,40.99,0.37,+0.91%,323300
SEDG,2019-04-15,41.1,41.85,40.555,41.43,0.44,+1.07%,396500
SEDG,2019-04-16,41.74,42.77,41.49,42.54,1.11,+2.68%,275500
SEDG,2019-04-17,42.99,43.88,42.7233,43.08,0.54,+1.27%,645200
SEDG,2019-04-18,43.38,43.66,42.95,43.04,-0.04,-0.09%,560500
SEDG,2019-04-22,42.86,43.25,42.7375,43.2,0.16,+0.37%,200300
SEDG,2019-04-23,43.4,44.79,43.2222,44.31,1.11,+2.57%,568300
SEDG,2019-04-24,44.59,45.6,44.36,44.79,0.48,+1.08%,461200
SEDG,2019-04-25,45.01,46.72,45.01,45.92,1.13,+2.52%,432500
SEDG,2019-04-26,45.78,46.25,44.74,45.97,0.05,+0.11%,309100
SEDG,2019-04-29,46,46.06,45.03,45.19,-0.78,-1.70%,560100
SEDG,2019-04-30,44.38,45.1511,43.67,44.3,-0.89,-1.97%,496900
SEDG,2019-05-01,44.9,45.94,44.12,44.14,-0.16,-0.36%,1157200
SEDG,2019-05-02,44,44.2101,43.35,43.76,-0.38,-0.86%,591800
SEDG,2019-05-03,44.27,44.97,44.15,44.56,0.8,+1.83%,507800
SEDG,2019-05-06,43.74,44.2,43.1,43.88,-0.68,-1.53%,832500
SEDG,2019-05-07,50.46,54.5,50.2444,53.84,9.96,+22.70%,6018000
SEDG,2019-05-08,53.4,53.8,51.26,51.85,-1.99,-3.70%,1623200
SEDG,2019-05-09,51.46,51.75,50.55,51.49,-0.36,-0.69%,936300
SEDG,2019-05-10,51.19,53.41,50.96,53.01,1.52,+2.95%,972400
SEDG,2019-05-13,51.5,52,49.58,50,-3.01,-5.68%,793200
SEDG,2019-05-14,50.32,51.4,50.25,50.94,0.94,+1.88%,751200
SEDG,2019-05-15,50.8,52.85,50.64,52.38,1.44,+2.83%,837300
SEDG,2019-05-16,52.5,55.82,52.4,55.3,2.92,+5.57%,983700
SEDG,2019-05-17,54.74,56.95,54.52,55.59,0.29,+0.52%,1064700
SEDG,2019-05-20,55.28,55.93,54.235,54.7,-0.89,-1.60%,727300
SEDG,2019-05-21,55.22,55.5,54.25,54.8,0.1,+0.18%,400800
SEDG,2019-05-22,54.5,55.5766,54.3201,54.96,0.16,+0.29%,289800
SEDG,2019-05-23,54.37,54.955,53,53.47,-1.49,-2.71%,475200
SEDG,2019-05-24,53.51,54.26,53.1,53.61,0.14,+0.26%,348000
SEDG,2019-05-28,54.16,55.53,53.8301,55.38,1.77,+3.30%,447900
SEDG,2019-05-29,54.92,54.94,53.37,53.79,-1.59,-2.87%,344500
SEDG,2019-05-30,53.99,55.3,53.95,54.63,0.84,+1.56%,298700
SEDG,2019-05-31,54.07,54.455,53.13,53.58,-1.05,-1.92%,529600
SEDG,2019-06-03,53.29,53.65,52.03,53.26,-0.32,-0.60%,578500
SEDG,2019-06-04,53.58,54.94,53.45,54.65,1.39,+2.61%,307800
SEDG,2019-06-05,54.83,55.245,54.33,55.16,0.51,+0.93%,425700
SEDG,2019-06-06,55.03,56.5,54.75,56.01,0.85,+1.54%,544900
SEDG,2019-06-07,55.9,57.1363,55.49,56.32,0.31,+0.55%,339800
SEDG,2019-06-10,56.45,57.88,56.45,56.83,0.51,+0.91%,364700
SEDG,2019-06-11,57.05,57.46,56.01,57,0.17,+0.30%,356200
SEDG,2019-06-12,56.9,56.99,54.57,54.82,-2.18,-3.82%,443500
SEDG,2019-06-13,55.08,57.975,55.08,57.88,3.06,+5.58%,668400
SEDG,2019-06-14,57.75,58.1695,55.795,56.49,-1.39,-2.40%,559500
SEDG,2019-06-17,56.44,57.15,55.69,56.59,0.1,+0.18%,256200
SEDG,2019-06-18,58.19,60.96,57.7125,58.56,1.97,+3.48%,1305200
SEDG,2019-06-19,59.04,59.53,57.38,59.2,0.64,+1.09%,630400
SEDG,2019-06-20,60,60.67,58.89,59.68,0.48,+0.81%,498800
SEDG,2019-06-21,59.53,59.73,58.15,59.4,-0.28,-0.47%,530900
SEDG,2019-06-24,60.02,61.66,60.01,60.54,1.14,+1.92%,853000
SEDG,2019-06-25,60.3,60.94,58.84,59.22,-1.32,-2.18%,660400
SEDG,2019-06-26,60.91,61.89,59.49,59.62,0.4,+0.68%,587400
SEDG,2019-06-27,59.7,61.645,59.57,61.06,1.44,+2.42%,733100
SEDG,2019-06-28,60.72,62.7,60.72,62.46,1.4,+2.29%,648900
SEDG,2019-07-01,63.22,64.21,61.97,62.3,-0.16,-0.26%,656300
SEDG,2019-07-02,62.47,63.25,61.36,62.84,0.54,+0.87%,284900
SEDG,2019-07-03,62.7,63.32,62.28,62.3,-0.54,-0.86%,167900
SEDG,2019-07-05,62.03,63.2,62.025,63.15,0.85,+1.36%,251700
SEDG,2019-07-08,63.04,63.1,61.23,62.53,-0.62,-0.98%,345900
SEDG,2019-07-09,61.86,62.98,61.665,62.27,-0.26,-0.42%,298400
SEDG,2019-07-10,62.79,63.42,62.05,62.29,0.02,+0.03%,335700
SEDG,2019-07-11,62.3,62.72,59.8445,60.76,-1.53,-2.46%,520100
SEDG,2019-07-12,61.48,62.54,61.275,62.12,1.36,+2.24%,417500
SEDG,2019-07-15,62.23,62.3999,60.22,61.83,-0.29,-0.47%,332700
SEDG,2019-07-16,61.65,61.705,60.65,61.4,-0.43,-0.70%,203900
SEDG,2019-07-17,61.5,62.5,61.05,62.36,0.96,+1.56%,285300
SEDG,2019-07-18,62,63,61.9,62.64,0.28,+0.45%,521800
SEDG,2019-07-19,63,63.83,62.79,63.37,0.73,+1.17%,383300
SEDG,2019-07-22,63.48,64.19,62.3363,63.06,-0.31,-0.49%,473100
SEDG,2019-07-23,63.7,63.73,61.4938,62.45,-0.61,-0.97%,328600
SEDG,2019-07-24,62.54,62.78,61.555,62.5,0.05,+0.08%,376500
SEDG,2019-07-25,62.49,63.77,61.86,63.08,0.58,+0.93%,411000
SEDG,2019-07-26,63.61,63.79,63.03,63.26,0.18,+0.29%,193000
SEDG,2019-07-29,63.51,64.54,63.01,64.33,1.07,+1.69%,438600
SEDG,2019-07-30,63.8,64.21,63.06,63.4,-0.93,-1.45%,332700
SEDG,2019-07-31,65.17,67.19,63.4917,65.23,1.83,+2.89%,1459400
SEDG,2019-08-01,66.59,69,65.8,66.49,1.26,+1.93%,1218200
SEDG,2019-08-02,66.72,66.8,64.09,64.98,-1.51,-2.27%,845500
SEDG,2019-08-05,64.11,64.4999,60.93,62.91,-2.07,-3.19%,1169600
SEDG,2019-08-06,63.56,65.83,62.37,64.18,1.27,+2.02%,1211300
SEDG,2019-08-07,75.99,81,74.86,80.3,16.12,+25.12%,5565600
SEDG,2019-08-08,78.65,81.12,76.2,80.82,0.52,+0.65%,1478100
SEDG,2019-08-09,79.17,84.61,79.03,82.33,1.51,+1.87%,1535500
SEDG,2019-08-12,81.11,88.24,81.11,86.63,4.3,+5.22%,2207500
SEDG,2019-08-13,86.83,89.43,86.1245,87.78,1.15,+1.33%,1482100
SEDG,2019-08-14,87.03,87.7,84.67,84.69,-3.09,-3.52%,1325700
SEDG,2019-08-15,84.3,84.4399,78.81,82.08,-2.61,-3.08%,1489300
SEDG,2019-08-16,82.25,84.35,81.61,83.8,1.72,+2.10%,1060700
SEDG,2019-08-19,85,85.6,83.15,84.12,0.32,+0.38%,753700
SEDG,2019-08-20,84.49,85.26,83.01,84.71,0.59,+0.70%,669800
SEDG,2019-08-21,86.34,88.96,85.49,87.85,3.14,+3.71%,1350800
SEDG,2019-08-22,81.85,82.8,79.32,82.04,-5.81,-6.61%,2275400
SEDG,2019-08-23,81.65,82.62,78.79,80.9,-1.14,-1.39%,937300
SEDG,2019-08-26,81.88,83.86,80.0399,82.38,1.48,+1.83%,637900
SEDG,2019-08-27,82.98,84.02,81.41,81.84,-0.54,-0.66%,543100
SEDG,2019-08-28,81.83,83.62,81.21,82.64,0.8,+0.98%,382600
SEDG,2019-08-29,83.7,84.81,80.55,83.36,0.72,+0.87%,898100
SEDG,2019-08-30,83.96,84.3,80.31,81.92,-1.44,-1.73%,457200
SEDG,2019-09-03,80.94,81.9,77.44,77.54,-4.38,-5.35%,971600
SEDG,2019-09-04,78.99,82.95,78.52,82.89,5.35,+6.90%,1176300
SEDG,2019-09-05,83.79,84.26,77.79,78.6,-4.29,-5.18%,1131000
SEDG,2019-09-06,79.1,79.35,76.89,77.26,-1.34,-1.70%,839800
SEDG,2019-09-09,77.2,77.74,73.15,74.16,-3.1,-4.01%,1315400
SEDG,2019-09-10,73.64,76.29,72.5,75.12,0.96,+1.29%,1410000
SEDG,2019-09-11,75.13,80.055,74.92,79.43,4.31,+5.74%,931100
SEDG,2019-09-12,80.28,81.1551,70.875,71.64,-7.79,-9.81%,3773400
SEDG,2019-09-13,71.55,76.65,71.55,76.12,4.48,+6.25%,1531800
SEDG,2019-09-16,76.51,80.66,76.4,79.31,3.19,+4.19%,1539100
SEDG,2019-09-17,79.4,83.205,79.4,83.06,3.75,+4.73%,1342900
SEDG,2019-09-18,83.15,83.4899,80.44,83.04,-0.02,-0.02%,848600
SEDG,2019-09-19,83.44,90.45,83.2,89.42,6.38,+7.68%,3525900
SEDG,2019-09-20,90.26,91.42,85.9,89.41,-0.01,-0.01%,2241100
SEDG,2019-09-23,89.1,90.37,87.33,89.87,0.46,+0.51%,1044500
SEDG,2019-09-24,90.11,91.449,84.92,86.76,-3.11,-3.46%,1347300
SEDG,2019-09-25,86.22,88.72,84.87,88.3,1.54,+1.78%,694200
SEDG,2019-09-26,88.71,89.5293,84.97,85.35,-2.95,-3.34%,679700
SEDG,2019-09-27,85.51,86.19,81.09,82.08,-3.27,-3.83%,1202300
SEDG,2019-09-30,82.32,84.72,81.215,83.72,1.64,+2.00%,608200
SEDG,2019-10-01,84.27,84.915,82.72,83.15,-0.57,-0.68%,635700
SEDG,2019-10-02,82.43,83.04,80.31,81.12,-2.03,-2.44%,743700
SEDG,2019-10-03,81.17,82.055,78.425,81,-0.12,-0.15%,689000
SEDG,2019-10-04,81.91,85.52,81.345,85.5,4.5,+5.56%,803000
SEDG,2019-10-07,86.09,86.9594,83.59,85.51,0.01,+0.01%,792100
SEDG,2019-10-08,84.69,88.51,84.5,87.22,1.71,+2.00%,739300
SEDG,2019-10-09,87.69,87.79,83.54,85.55,-1.67,-1.91%,771900
SEDG,2019-10-10,85.61,90,85.5389,88.39,2.84,+3.32%,647200
SEDG,2019-10-11,88.88,90.055,88.01,88.95,0.56,+0.63%,774300
SEDG,2019-10-14,89.5,90.5,88.37,89.105,0.155,+0.17%,530300
SEDG,2019-10-15,85.8,87.49,83.34,84.8,-4.305,-4.83%,2084100
SEDG,2019-10-16,84.17,84.63,82.92,83.88,-0.92,-1.08%,1288100
SEDG,2019-10-17,84.01,85.55,82.68,83.62,-0.26,-0.31%,9448400
SEDG,2019-10-18,84.2,86.68,84.05,85.17,1.55,+1.85%,1413900
SEDG,2019-10-21,85.38,88.415,85.0101,87.27,2.1,+2.47%,753500
SEDG,2019-10-22,87.4,89.2899,85.09,86.81,-0.46,-0.53%,913200
SEDG,2019-10-23,87.09,92.6,86.97,91.5,4.69,+5.40%,1518800
SEDG,2019-10-24,92.12,95,91.1303,93.5,2,+2.19%,1668500
SEDG,2019-10-25,92.88,93.31,88.27,93.2,-0.3,-0.32%,1126300
SEDG,2019-10-28,93.76,96.6875,93.03,93.32,0.12,+0.13%,934300
SEDG,2019-10-29,93.81,94.9222,91.85,92.08,-1.24,-1.33%,785300
SEDG,2019-10-30,89.58,90.205,82.7,84.82,-7.26,-7.88%,2524600
SEDG,2019-10-31,85.51,86.81,83.42,84.96,0.14,+0.17%,946100
SEDG,2019-11-01,85.37,85.748,82.1201,83.19,-1.77,-2.08%,935300
SEDG,2019-11-04,84.85,85,79.15,79.6,-3.59,-4.32%,1966300
SEDG,2019-11-05,77.52,83.565,77.49,83.27,3.67,+4.61%,1714500
SEDG,2019-11-06,83.78,85,79.68,79.91,-3.36,-4.04%,2514800
SEDG,2019-11-07,78.19,84.09,75.11,79.9,-0.01,-0.01%,4564200
SEDG,2019-11-08,79.9,80.57,76.31,77.95,-1.95,-2.44%,1466900
SEDG,2019-11-11,78.43,82,77.65,81.07,3.12,+4.00%,1354200
SEDG,2019-11-12,81.31,82.67,79.85,80.75,-0.32,-0.39%,904400
SEDG,2019-11-13,80.58,80.7,77.16,77.28,-3.47,-4.30%,1367900
SEDG,2019-11-14,77.39,78.85,76.33,78.24,0.96,+1.24%,1496200
SEDG,2019-11-15,78.46,81,78.46,78.96,0.72,+0.92%,822200
SEDG,2019-11-18,78.8,78.8,76.461,76.79,-2.17,-2.75%,903200
SEDG,2019-11-19,77.5,79.145,75.26,79.02,2.23,+2.90%,1014700
SEDG,2019-11-20,79,80.07,77.6055,78.31,-0.71,-0.90%,847600
SEDG,2019-11-21,78.36,79.24,76.41,76.98,-1.33,-1.70%,1018800
SEDG,2019-11-22,77.55,77.76,74.07,76.37,-0.61,-0.79%,1234500
SEDG,2019-11-25,77,81.2,76.7964,80.16,3.79,+4.96%,1349800
SEDG,2019-11-26,80.44,81,78.43,78.91,-1.25,-1.56%,1000900
SEDG,2019-11-27,79.71,83.35,79.18,82.39,3.48,+4.41%,817000
SEDG,2019-11-29,82.5,82.89,80.03,81.61,-0.78,-0.95%,467400
SEDG,2019-12-02,83,83.4,80.17,81.72,0.11,+0.13%,736700
SEDG,2019-12-03,80.82,88.25,79.5,88.04,6.32,+7.73%,1568400
SEDG,2019-12-04,88.5,89.2667,85.12,86.54,-1.5,-1.70%,1681500
SEDG,2019-12-05,86.52,87.93,82.6101,82.89,-3.65,-4.22%,2055000
SEDG,2019-12-06,83.43,85.6764,82.78,83.93,1.04,+1.25%,1290700
SEDG,2019-12-09,83.57,85.06,82.05,82.84,-1.09,-1.30%,942100
SEDG,2019-12-10,82.7,82.99,79.55,81.48,-1.36,-1.64%,763600
SEDG,2019-12-11,81.56,84.15,81.53,83.51,2.03,+2.49%,790500
SEDG,2019-12-12,83.53,87.6,82.77,87.3,3.79,+4.54%,1236900
SEDG,2019-12-13,86.82,90.99,86.16,90.17,2.87,+3.29%,1364800
SEDG,2019-12-16,90.16,94.0573,89.56,92.79,2.62,+2.91%,6128000
SEDG,2019-12-17,92.16,93.95,90.86,91.44,-1.35,-1.45%,1350300
SEDG,2019-12-18,91.68,93.0435,90.57,91.86,0.42,+0.46%,1058100
SEDG,2019-12-19,91.59,94.54,91.01,93.78,1.92,+2.09%,1464300
SEDG,2019-12-20,94,96.64,93.5601,95,1.22,+1.30%,1399100
SEDG,2019-12-23,95.7,95.7,92.9,94.18,-0.82,-0.86%,845200
SEDG,2019-12-24,94.89,95.5,93.31,95.2,1.02,+1.08%,187300
SEDG,2019-12-26,95.55,96.24,94.51,95.56,0.36,+0.38%,551700
SEDG,2019-12-27,95.57,95.95,93.91,94.26,-1.3,-1.36%,346500
SEDG,2019-12-30,94.66,94.99,92.02,94,-0.26,-0.28%,539200
SEDG,2019-12-31,93.9,96,93.78,95.09,1.09,+1.16%,554700
SEDG,2020-01-02,97,101.88,96.75,101.81,6.72,+7.07%,2152600
SEDG,2020-01-03,100.84,103.6,100.0204,102.38,0.57,+0.56%,1016500
SEDG,2020-01-06,101.37,101.88,98.6346,99.63,-2.75,-2.69%,971100
SEDG,2020-01-07,100,102.03,97.7,101.79,2.16,+2.17%,837800
SEDG,2020-01-08,101.19,105.68,101.19,104.16,2.37,+2.33%,1041300
SEDG,2020-01-09,105.4,105.6,101.23,102.74,-1.42,-1.36%,1030500
SEDG,2020-01-10,103.23,106.11,103.1,104.52,1.78,+1.73%,1118900
SEDG,2020-01-13,105.11,106.14,102.72,103.08,-1.44,-1.38%,875100
SEDG,2020-01-14,103.37,104.62,101.01,104.02,0.94,+0.91%,741400
SEDG,2020-01-15,104.39,105.5,102.865,103.61,-0.41,-0.39%,558400
SEDG,2020-01-16,104.32,104.99,100.42,102.7,-0.91,-0.88%,1122300
SEDG,2020-01-17,102.9,105.6,102.1,104.75,2.05,+2.00%,652600
SEDG,2020-01-21,105.07,108.81,103.91,107.53,2.78,+2.65%,1102700
SEDG,2020-01-22,108.35,108.95,106.55,108.46,0.93,+0.86%,639000
SEDG,2020-01-23,108.39,110.825,106.78,108.73,0.27,+0.25%,768500
SEDG,2020-01-24,109.99,112.99,109.41,110.13,1.4,+1.29%,950200
SEDG,2020-01-27,105,105,96,96.25,-13.88,-12.60%,2811700
SEDG,2020-01-28,99.26,103.87,97.67,103.36,7.11,+7.39%,1484700
SEDG,2020-01-29,103.75,105.4,102.29,102.71,-0.65,-0.63%,1152600
SEDG,2020-01-30,102.01,103.7,100.35,103.22,0.51,+0.50%,786300
SEDG,2020-01-31,103.02,103.05,96.5,97.86,-5.36,-5.19%,1086200
SEDG,2020-02-03,98.16,101.86,97.66,100.98,3.12,+3.19%,1018500
SEDG,2020-02-04,102.8,108.14,102.4437,107.81,6.83,+6.76%,1218100
SEDG,2020-02-05,109.82,109.9,101.53,104.47,-3.34,-3.10%,1133500
SEDG,2020-02-06,104.5,106,102.255,103.94,-0.53,-0.51%,737700
SEDG,2020-02-07,102.95,103.45,99.78,100.62,-3.32,-3.19%,576000
SEDG,2020-02-10,100.62,103.6,100,102.6,1.98,+1.97%,847000
SEDG,2020-02-11,102.9,107.32,102.71,106.03,3.43,+3.34%,1034700
SEDG,2020-02-12,107.96,112.27,107.415,111.86,5.83,+5.50%,912300
SEDG,2020-02-13,109.63,113.2,108.69,111.16,-0.7,-0.63%,1197700
SEDG,2020-02-14,112.26,113.02,110.24,111.21,0.05,+0.04%,845700
SEDG,2020-02-18,111.46,111.5,106.56,108.38,-2.83,-2.54%,1160200
SEDG,2020-02-19,114.96,128.8,114.265,127.82,19.44,+17.94%,4884700
SEDG,2020-02-20,138.25,143.73,128.12,142.2,14.38,+11.25%,6533700
SEDG,2020-02-21,140.27,142.495,135.05,142.07,-0.13,-0.09%,2459600
SEDG,2020-02-24,131.43,138.87,129.46,135.63,-6.44,-4.53%,2143800
SEDG,2020-02-25,136.57,137.99,132.09,133,-2.63,-1.94%,1790900
SEDG,2020-02-26,129.75,134.49,128.5,132.41,-0.59,-0.44%,2046600
SEDG,2020-02-27,126.78,128.5,116.5,125.95,-6.46,-4.88%,3111000
SEDG,2020-02-28,118.26,126.2,116.8,124.72,-1.23,-0.98%,2428000
SEDG,2020-03-02,128.06,129,121.45,128.7,3.98,+3.19%,1467200
SEDG,2020-03-03,134.42,134.5179,126.26,128.66,-0.04,-0.03%,1630900
SEDG,2020-03-04,132.91,135.95,130.005,135.71,7.05,+5.48%,880100
SEDG,2020-03-05,131.19,138.82,129.37,137.54,1.83,+1.35%,1147200
SEDG,2020-03-06,131.43,135.85,127.71,133.34,-4.2,-3.05%,1432400
SEDG,2020-03-09,116.92,119.5281,109.46,111.66,-21.68,-16.26%,1822300
SEDG,2020-03-10,118.12,118.53,111.0029,116.92,5.26,+4.71%,1112500
SEDG,2020-03-11,113.39,115.78,100.12,106.11,-10.81,-9.25%,2128100
SEDG,2020-03-12,90.84,97.12,83.33,90.72,-15.39,-14.50%,1919900
SEDG,2020-03-13,99.75,102,88.01,91.11,0.39,+0.43%,2088100
SEDG,2020-03-16,79.48,85.59,73.44,81.19,-9.92,-10.89%,1571500
SEDG,2020-03-17,82.02,88,76.08,84.71,3.52,+4.34%,1814400
SEDG,2020-03-18,79.48,82.46,69.72,76.73,-7.98,-9.42%,1513800
SEDG,2020-03-19,75.58,81.99,68.26,76.81,0.08,+0.10%,1965500
SEDG,2020-03-20,81.89,83.6,69.53,69.61,-7.2,-9.37%,1971300
SEDG,2020-03-23,71.9,73.54,67.02,69.48,-0.13,-0.19%,1492500
SEDG,2020-03-24,76.68,86.29,76.675,85.31,15.83,+22.78%,1853000
SEDG,2020-03-25,87.88,94.5,82,89.9,4.59,+5.38%,2198000
SEDG,2020-03-26,91.33,95,87.19,90.45,0.55,+0.61%,984400
SEDG,2020-03-27,86.12,86.74,82,82.37,-8.08,-8.93%,962100
SEDG,2020-03-30,82.9,84.98,80.67,81.64,-0.73,-0.89%,1195100
SEDG,2020-03-31,82.2,85.33,80.31,81.88,0.24,+0.29%,1051200
SEDG,2020-04-01,79.2,81,78,78.82,-3.06,-3.74%,889900
SEDG,2020-04-02,76.09,79.26,73.63,76.97,-1.85,-2.35%,1124300
SEDG,2020-04-03,76,77,72.8,74.48,-2.49,-3.24%,1161600
SEDG,2020-04-06,78.36,85.97,78.36,85.15,10.67,+14.33%,1166000
SEDG,2020-04-07,91.17,94.725,87.79,88.8,3.65,+4.29%,1418600
SEDG,2020-04-08,90.74,93.76,88.83,93.07,4.27,+4.81%,813100
SEDG,2020-04-09,95.19,100.96,94.05,96.64,3.57,+3.84%,1014600
SEDG,2020-04-13,96.5,97,89.27,92.21,-4.43,-4.58%,860000
SEDG,2020-04-14,96,99.79,94.5,98.68,6.47,+7.02%,757900
SEDG,2020-04-15,95.3,95.89,90.26,92.01,-6.67,-6.76%,956400
SEDG,2020-04-16,94.3,95.69,92.5,94.99,2.98,+3.24%,838400
SEDG,2020-04-17,99.59,100.85,95.5,97.1,2.11,+2.22%,1101800
SEDG,2020-04-20,94.58,99.54,93.4,93.66,-3.44,-3.54%,809100
SEDG,2020-04-21,91.72,94,85.69,86.69,-6.97,-7.44%,1250700
SEDG,2020-04-22,90,96.3875,89.99,95.51,8.82,+10.17%,698300
SEDG,2020-04-23,97.33,104.57,96.67,100.7,5.19,+5.43%,1335500
SEDG,2020-04-24,101.02,102.115,98,100.73,0.03,+0.03%,973100
SEDG,2020-04-27,102.55,105.5,101.01,104.69,3.96,+3.93%,761400
SEDG,2020-04-28,107.89,111.84,106.59,109.79,5.1,+4.87%,1057600
SEDG,2020-04-29,112.19,122.78,111,122.42,12.63,+11.50%,1604400
SEDG,2020-04-30,116.86,120.6299,111,111.59,-10.83,-8.85%,1108500
SEDG,2020-05-01,107.12,110,103.0245,104.96,-6.63,-5.94%,999300
SEDG,2020-05-04,103.38,107.38,101.19,107.14,2.18,+2.08%,899200
SEDG,2020-05-05,112.28,113.85,107.42,107.86,0.72,+0.67%,1018600
SEDG,2020-05-06,113.31,126.89,112,125.75,17.89,+16.59%,2718000
SEDG,2020-05-07,109.25,116.88,105,109.74,-16.01,-12.73%,3797000
SEDG,2020-05-08,110.81,119.82,109.12,118.32,8.58,+7.82%,1471400
SEDG,2020-05-11,116,123.2,114.56,122.94,4.62,+3.90%,1118000
SEDG,2020-05-12,124.27,129.18,120.97,121,-1.94,-1.58%,1354400
SEDG,2020-05-13,121.77,123.47,113.73,117.73,-3.27,-2.70%,1012600
SEDG,2020-05-14,113.05,119.67,112,119.48,1.75,+1.49%,894600
SEDG,2020-05-15,116.09,121.57,115.5,120.44,0.96,+0.80%,525800
SEDG,2020-05-18,127.5,128.86,124.35,128,7.56,+6.28%,928900
SEDG,2020-05-19,128.53,137.25,127.985,134.86,6.86,+5.36%,1744600
SEDG,2020-05-20,139.37,141.45,134.51,137.25,2.39,+1.77%,1443600
SEDG,2020-05-21,136.15,140.3,132.51,136.51,-0.74,-0.54%,1261100
SEDG,2020-05-22,136.7,137.5,129.87,130.39,-6.12,-4.48%,638700
SEDG,2020-05-26,135.5,138.7578,134.53,136.54,6.15,+4.72%,881700
SEDG,2020-05-27,137.79,138.07,127.22,137.24,0.7,+0.51%,755500
SEDG,2020-05-28,136.08,143.29,132.79,135.29,-1.95,-1.42%,747000
SEDG,2020-05-29,134.76,142.38,133.25,141.9,6.61,+4.89%,1010500
SEDG,2020-06-01,138.71,151.49,138.51,150.7,8.8,+6.20%,1198700
SEDG,2020-06-02,150.25,152.925,145,148.97,-1.73,-1.15%,863500
SEDG,2020-06-03,150.25,151.86,146.5,150.59,1.62,+1.09%,1036200
SEDG,2020-06-04,149.09,149.57,141.0501,142.4,-8.19,-5.44%,1159500
SEDG,2020-06-05,146.88,151.65,143.32,148.28,5.88,+4.13%,1343200
SEDG,2020-06-08,150.04,151.68,146.52,150.89,2.61,+1.76%,695800
SEDG,2020-06-09,149.1,150.91,145.8,148.84,-2.05,-1.36%,572400
SEDG,2020-06-10,150.05,150.48,144,147.37,-1.47,-0.99%,737600
SEDG,2020-06-11,138.21,144.4729,136.82,138.69,-8.68,-5.89%,1138800
SEDG,2020-06-12,145.07,147.45,138.7,142.05,3.36,+2.42%,788800
SEDG,2020-06-15,135.23,148.84,135.22,148.2,6.15,+4.33%,744800
SEDG,2020-06-16,151.64,156.92,149.73,153.1,4.9,+3.31%,1030200
SEDG,2020-06-17,154,154.75,143.83,145.27,-7.83,-5.11%,1587500
SEDG,2020-06-18,146.03,151.54,145.8245,151,5.73,+3.94%,832100
SEDG,2020-06-19,152.27,156.24,151.31,153.6,2.6,+1.72%,1148400
SEDG,2020-06-22,153.87,155.24,147.9,152.98,-0.62,-0.40%,899200
SEDG,2020-06-23,155.25,155.89,150.7,151.34,-1.64,-1.07%,637500
SEDG,2020-06-24,150,153.33,145.835,148.48,-2.86,-1.89%,871800
SEDG,2020-06-25,144.3,144.74,134.07,137.175,-11.305,-7.61%,1748600
SEDG,2020-06-26,138.45,138.79,127.19,129.53,-7.645,-5.57%,4649900
SEDG,2020-06-29,129.97,137.73,129.93,137.06,7.53,+5.81%,1182600
SEDG,2020-06-30,136.39,139.28,136.005,138.78,1.72,+1.25%,805100
SEDG,2020-07-01,139.25,142.49,135.965,141.39,2.61,+1.88%,802800
SEDG,2020-07-02,143.81,144.75,140.19,143.11,1.72,+1.22%,740700
SEDG,2020-07-06,146,149.07,144.84,148.88,5.77,+4.03%,1096400
SEDG,2020-07-07,148.56,151.32,146.33,146.57,-2.31,-1.55%,854200
SEDG,2020-07-08,148.53,158,147.29,157.92,11.35,+7.74%,1342600
SEDG,2020-07-09,159,159.5475,150.7,157.18,-0.74,-0.47%,793000
SEDG,2020-07-10,157.03,159.7,154.06,159.44,2.26,+1.44%,628200
SEDG,2020-07-13,160.85,167.43,154.29,154.68,-4.76,-2.99%,1174200
SEDG,2020-07-14,153.47,168.62,151.75,168.2,13.52,+8.74%,1094500
SEDG,2020-07-15,170.64,175.14,168.12,174.85,6.65,+3.95%,1127400
SEDG,2020-07-16,169.3,171.689,163.19,164.75,-10.1,-5.78%,1160800
SEDG,2020-07-17,166.96,172.65,165,171.58,6.83,+4.15%,930700
SEDG,2020-07-20,171.29,177.22,171.07,176.3,4.72,+2.75%,999800
SEDG,2020-07-21,177.5,178.3,168.301,170.38,-5.92,-3.36%,1180200
SEDG,2020-07-22,171.62,178.085,170.22,175.65,5.27,+3.09%,1287700
SEDG,2020-07-23,175.01,181.805,172.01,176.29,0.64,+0.36%,997400
SEDG,2020-07-24,172.26,173.69,164.1167,171.6,-4.69,-2.66%,1001800
SEDG,2020-07-27,175.66,180.99,174.01,180.74,9.14,+5.33%,1098000
SEDG,2020-07-28,178.5,178.715,169.7,170.54,-10.2,-5.64%,991700
SEDG,2020-07-29,173.01,179.9,171.875,176.76,6.22,+3.65%,781100
SEDG,2020-07-30,173.83,176.61,172.5203,175.26,-1.5,-0.85%,429200
SEDG,2020-07-31,177.15,177.85,173.235,175.1,-0.16,-0.09%,640400
SEDG,2020-08-03,172.66,174.475,162.6,173.56,-1.54,-0.88%,1282800
SEDG,2020-08-04,187.8,209.3873,187.34,196.15,22.59,+13.02%,3438700
SEDG,2020-08-05,199.71,221.25,195.01,216.06,19.91,+10.15%,2018300
SEDG,2020-08-06,214.2,217.59,201,206.32,-9.74,-4.51%,1960000
SEDG,2020-08-07,204.8,215.35,204.8,211.47,5.15,+2.50%,999300
SEDG,2020-08-10,212.5,218.98,206.54,211.5,0.03,+0.01%,690300
SEDG,2020-08-11,211.6,212.75,202.86,204.08,-7.42,-3.51%,808300
SEDG,2020-08-12,207.63,217.72,206.27,215.18,11.1,+5.44%,802400
SEDG,2020-08-13,216.82,229.45,216.26,225.18,10,+4.65%,1224300
SEDG,2020-08-14,226.06,229.49,217.47,219.21,-5.97,-2.65%,729200
SEDG,2020-08-17,222.29,225.32,216.69,219.33,0.12,+0.05%,986000
SEDG,2020-08-18,219.56,221.84,215.2559,219.02,-0.31,-0.14%,674900
SEDG,2020-08-19,219.97,223.95,219.01,220.71,1.69,+0.77%,578900
SEDG,2020-08-20,219.85,220.43,215.94,217.2,-3.51,-1.59%,535500
SEDG,2020-08-21,217.8,218.86,212.2116,213.29,-3.91,-1.80%,704600
SEDG,2020-08-24,216.01,218.15,209.09,210.84,-2.45,-1.15%,718300
SEDG,2020-08-25,211.76,214.06,208.26,213.16,2.32,+1.10%,1009900
SEDG,2020-08-26,213.45,219.19,209.62,214.92,1.76,+0.83%,667000
SEDG,2020-08-27,215.5,216.82,209.33,210.44,-4.48,-2.08%,797000
SEDG,2020-08-28,210.65,223.1599,210.6496,221.19,10.75,+5.11%,656200
SEDG,2020-08-31,224.05,227.94,220.66,221.15,-0.04,-0.02%,860500
SEDG,2020-09-01,222.03,224,216.01,223.76,2.61,+1.18%,999000
SEDG,2020-09-02,224.52,227.2539,214.49,220.33,-3.43,-1.53%,680000
SEDG,2020-09-03,215.66,216.27,192.9713,195.45,-24.88,-11.29%,1679800
SEDG,2020-09-04,196.95,198.5551,181.25,194.61,-0.84,-0.43%,1550800
SEDG,2020-09-08,190.02,193.5872,182.0601,189.05,-5.56,-2.86%,1424600
SEDG,2020-09-09,194.32,196.5,189.38,193.56,4.51,+2.39%,641200
SEDG,2020-09-10,195.61,198.46,185.18,187,-6.56,-3.39%,737900
SEDG,2020-09-11,188.75,191.19,181.01,183.96,-3.04,-1.63%,655900
SEDG,2020-09-14,187.71,196.77,186.9701,196.12,12.16,+6.61%,763200
SEDG,2020-09-15,200.94,202.43,195.66,199,2.88,+1.47%,655100
SEDG,2020-09-16,201.19,206.78,200,201.76,2.76,+1.39%,828800
SEDG,2020-09-17,193.39,193.39,184.33,187.03,-14.73,-7.30%,1039000
SEDG,2020-09-18,190,192,180.31,186.21,-0.82,-0.44%,1428600
SEDG,2020-09-21,180.73,191,179.1685,190.41,4.2,+2.26%,754800
SEDG,2020-09-22,184.5,189.5,178.32,185.2,-5.21,-2.74%,2630100
SEDG,2020-09-23,189.4,196.51,187.9,189.44,4.24,+2.29%,1872000
SEDG,2020-09-24,186.89,193.98,180.875,191.73,2.29,+1.21%,964900
SEDG,2020-09-25,192.9,202.7,191.99,200.96,9.23,+4.81%,996500
SEDG,2020-09-28,205.13,219,204.55,218.29,17.33,+8.62%,1415900
SEDG,2020-09-29,219,231.8289,219,231.5,13.21,+6.05%,1572500
SEDG,2020-09-30,233.45,245.78,228.1,238.35,6.85,+2.96%,1581100
SEDG,2020-10-01,243,249.73,235.22,248.87,10.52,+4.41%,1351600
SEDG,2020-10-02,240.6,257.25,239.5,251.58,2.71,+1.09%,1318400
SEDG,2020-10-05,258.45,272.63,257.01,272.59,21.01,+8.35%,1399000
SEDG,2020-10-06,273.67,275.85,262.4,271.87,-0.72,-0.26%,1964600
SEDG,2020-10-07,278.98,308.17,276.5701,305.15,33.28,+12.24%,2194700
SEDG,2020-10-08,311,314,278.56,289,-16.15,-5.29%,3179800
SEDG,2020-10-09,292,311.2416,286.71,305.35,16.35,+5.66%,1848300
SEDG,2020-10-12,310,311.5964,288,297.94,-7.41,-2.43%,1870300
SEDG,2020-10-13,295.89,302.24,289.5,299.65,1.71,+0.57%,1350300
SEDG,2020-10-14,300,308.7366,294.03,304.52,4.87,+1.63%,1351300
SEDG,2020-10-15,298,305.34,290,302.5,-2.02,-0.66%,1140500
SEDG,2020-10-16,310,315.43,300.05,302.02,-0.48,-0.16%,1691300
SEDG,2020-10-19,304.49,316.7821,300.72,309.1,7.08,+2.34%,1162400
SEDG,2020-10-20,313.33,317.88,303.44,309.8,0.7,+0.23%,1583600
SEDG,2020-10-21,310.94,312.95,278.632,279.59,-30.21,-9.75%,1948300
SEDG,2020-10-22,282.29,287.5,268.43,280.39,0.8,+0.29%,1883900
SEDG,2020-10-23,287.05,293.5,278.32,282.88,2.49,+0.89%,912400
SEDG,2020-10-26,276.02,285.74,265.09,273,-9.88,-3.49%,1158800
SEDG,2020-10-27,269.82,275.27,255.43,261.84,-11.16,-4.09%,1815100
SEDG,2020-10-28,260,269.87,254.69,263.83,1.99,+0.76%,1336400
SEDG,2020-10-29,267,275.38,266,270.09,6.26,+2.37%,1099800
SEDG,2020-10-30,266.5,268.93,251.02,257.69,-12.4,-4.59%,1233300
SEDG,2020-11-02,262.5,275.97,261.08,267.72,10.03,+3.89%,1805500
SEDG,2020-11-03,213.09,217.97,201.5601,206.37,-61.35,-22.92%,8792600
SEDG,2020-11-04,203,208.48,190.1,206.56,0.19,+0.09%,4154800
SEDG,2020-11-05,219.89,236,219.2,233.63,27.07,+13.11%,3565600
SEDG,2020-11-06,236.52,242.28,229.28,237.51,3.88,+1.66%,1772500
SEDG,2020-11-09,250.72,253.96,231.79,232.52,-4.99,-2.10%,1838400
SEDG,2020-11-10,231.71,235.49,217.62,225.51,-7.01,-3.01%,1414700
SEDG,2020-11-11,234.89,236.97,229.02,235.19,9.68,+4.29%,1371400
SEDG,2020-11-12,238.99,239.73,224.25,227.2,-7.99,-3.40%,990700
SEDG,2020-11-13,232,233,219.88,221.6,-5.6,-2.46%,1141600
SEDG,2020-11-16,223.5,228.795,220.02,228.28,6.68,+3.01%,1044800
SEDG,2020-11-17,228,234.81,226.2101,233.18,4.9,+2.15%,971000
SEDG,2020-11-18,234.53,236.33,228.33,232.82,-0.36,-0.15%,683000
SEDG,2020-11-19,234.95,246.33,233.39,244.05,11.23,+4.82%,1066000
SEDG,2020-11-20,249.14,262.82,247.09,257.99,13.94,+5.71%,1386600
SEDG,2020-11-23,264.12,268.85,261.24,264.8,6.81,+2.64%,1583500
SEDG,2020-11-24,268.5,273.98,256.395,268.97,4.17,+1.57%,1592700
SEDG,2020-11-25,266.5,279.58,265.13,275.97,7,+2.60%,1339100
SEDG,2020-11-27,282.72,298.81,282,288.23,12.26,+4.44%,1104400
SEDG,2020-11-30,293.98,296.4,269.0101,277.98,-10.25,-3.56%,3788600
SEDG,2020-12-01,281.33,282.78,269.2291,274.07,-3.91,-1.41%,974900
SEDG,2020-12-02,262.5,277.65,254.65,273.5,-0.57,-0.21%,1251500
SEDG,2020-12-03,275.62,278.9799,270.09,272.33,-1.17,-0.43%,826700
SEDG,2020-12-04,269.78,276.2,267.24,271.97,-0.36,-0.13%,737300
SEDG,2020-12-07,271.06,281.275,270.55,278.32,6.35,+2.33%,899400
SEDG,2020-12-08,279.25,287,276,284.86,6.54,+2.35%,1026400
SEDG,2020-12-09,286.14,286.3597,268.12,271.76,-13.1,-4.60%,1150000
SEDG,2020-12-10,270,276.48,268.4985,273.48,1.72,+0.63%,880000
SEDG,2020-12-11,277.78,305.44,275.01,291.51,18.03,+6.59%,2051700
SEDG,2020-12-14,293.23,296.0579,283.55,293.32,1.81,+0.62%,1003800
SEDG,2020-12-15,296.75,316.455,295.5,313.77,20.45,+6.97%,1474400
SEDG,2020-12-16,313.7,313.7,299.27,309.72,-4.05,-1.29%,1102700
SEDG,2020-12-17,311.22,319.035,302.1002,305.7,-4.02,-1.30%,929700
SEDG,2020-12-18,309.75,322.25,306.135,314.5,8.8,+2.88%,1689900
SEDG,2020-12-21,308.5,323.65,306.0038,318.62,4.12,+1.31%,1080500
SEDG,2020-12-22,323.21,335.8,315.915,322.52,3.9,+1.22%,1283600
SEDG,2020-12-23,328.84,334.39,320.09,323.98,1.46,+0.45%,831300
SEDG,2020-12-24,321.69,326.6641,313.3,324.09,0.11,+0.03%,371100
SEDG,2020-12-28,330,335.5,315,318.41,-5.68,-1.75%,875800
SEDG,2020-12-29,318,318.16,297.05,307.97,-10.44,-3.28%,982700
SEDG,2020-12-30,313.1,323,310.96,319.1,11.13,+3.61%,630200
SEDG,2020-12-31,322.84,323.555,314.216,319.12,0.02,+0.01%,470600
SEDG,2021-01-04,321.81,327.23,307.01,311.35,-7.77,-2.43%,955600
SEDG,2021-01-05,306.61,323,305,316.81,5.46,+1.75%,858200
SEDG,2021-01-06,332.09,375,328.77,348.13,31.32,+9.89%,3143800
SEDG,2021-01-07,360,371.54,350.44,365.97,17.84,+5.12%,1616200
SEDG,2021-01-08,374.1,377,348.58,356.11,-9.86,-2.69%,1331300
SEDG,2021-01-11,343.9,356.66,337,352.05,-4.06,-1.14%,802700
SEDG,2021-01-12,360.33,361.5,343.15,346.3,-5.75,-1.63%,819000
SEDG,2021-01-13,348.3,351.05,331.03,335.4,-10.9,-3.15%,1143400
SEDG,2021-01-14,340,350.99,334.52,335.4,0,0.00%,916900
SEDG,2021-01-15,329.56,330.93,281.83,282.26,-53.14,-15.84%,3579300
SEDG,2021-01-19,296.69,301,291.12,295.05,12.79,+4.53%,2329300
SEDG,2021-01-20,303.11,312.39,295.96,297.18,2.13,+0.72%,1664200
SEDG,2021-01-21,312.75,317.7999,302.11,317.18,20,+6.73%,2502400
SEDG,2021-01-22,309.01,321.75,307.0054,321.12,3.94,+1.24%,1201800
SEDG,2021-01-25,323.5,331.5,303.63,310.12,-11.,-3.43%,1323600
SEDG,2021-01-26,312.02,317.52,293.18,296.68,-13.44,-4.33%,1361100
SEDG,2021-01-27,280.05,299.75,266.01,285.51,-11.17,-3.76%,1495800
SEDG,2021-01-28,291.02,311.3499,286.36,309.74,24.23,+8.49%,1209600
SEDG,2021-01-29,305.27,311,281.86,288.33,-21.41,-6.91%,1387000
SEDG,2021-02-01,294.9,301.86,285.6203,300.82,12.49,+4.33%,930800
SEDG,2021-02-02,305.02,311.58,302.01,307.05,6.23,+2.07%,1100700
SEDG,2021-02-03,310,312,300.25,307.08,0.03,+0.01%,865300
SEDG,2021-02-04,308.07,309.13,297.55,301.7,-5.38,-1.75%,827100
SEDG,2021-02-05,304.4,309.3,297.78,308.24,6.54,+2.17%,584700
SEDG,2021-02-08,309.81,324.8,309.81,318.83,10.59,+3.44%,833200
SEDG,2021-02-09,316.16,328.3,315.5956,325.92,7.09,+2.22%,750800
SEDG,2021-02-10,333,344.88,317.3385,320.4,-5.52,-1.69%,1243700
SEDG,2021-02-11,324.98,333.64,322.1,330.78,10.38,+3.24%,873400
SEDG,2021-02-12,320.0035,334.8864,320.0035,330.89,0.11,+0.03%,653300
SEDG,2021-02-16,336.4,349.39,322.89,331.35,0.46,+0.14%,1920100
SEDG,2021-02-17,326.46,342.95,310.87,334.8,3.45,+1.04%,1869900
SEDG,2021-02-18,321.05,329.74,306.75,316.09,-18.71,-5.59%,1772900
SEDG,2021-02-19,322.45,326.15,315.575,321.99,5.9,+1.87%,931800
SEDG,2021-02-22,310.76,313.88,287.88,288.7,-33.29,-10.34%,1404100
SEDG,2021-02-23,280,296.73,264.526,295.58,6.88,+2.38%,1392400
SEDG,2021-02-24,293,310.49,283.46,308.15,12.57,+4.25%,1043900
SEDG,2021-02-25,299.75,308,282.65,284.33,-23.82,-7.73%,902200
SEDG,2021-02-26,287.16,302.3957,281.23,298.31,13.98,+4.92%,980100
SEDG,2021-03-01,301.2,307.95,298.13,307.95,9.64,+3.23%,811700
SEDG,2021-03-02,306.78,310.5,290.73,291.59,-16.36,-5.31%,766700
SEDG,2021-03-03,291.08,293.5,272.58,274.73,-16.86,-5.78%,860300
SEDG,2021-03-04,268.68,278.14,246.56,256.26,-18.47,-6.72%,1804600
SEDG,2021-03-05,267.15,267.1514,230.08,249.43,-6.83,-2.67%,1582000
SEDG,2021-03-08,243.77,263.365,240.36,246.71,-2.72,-1.09%,1258600
SEDG,2021-03-09,261.36,284.82,261.22,280.01,33.3,+13.50%,1259900
SEDG,2021-03-10,292.93,293.73,277.38,279.67,-0.34,-0.12%,1150000
SEDG,2021-03-11,289.75,299,286.02,295.23,15.56,+5.56%,996400
SEDG,2021-03-12,282.19,293.94,280,291.48,-3.75,-1.27%,762800
SEDG,2021-03-15,292.76,303.3999,288.865,297.21,5.73,+1.97%,641300
SEDG,2021-03-16,295.47,297.86,282.97,285.6,-11.61,-3.91%,723800
SEDG,2021-03-17,280.18,295.97,273.08,291.43,5.83,+2.04%,779900
SEDG,2021-03-18,281.71,285,264.83,266.49,-24.94,-8.56%,920800
SEDG,2021-03-19,276.32,284.345,267.79,280.94,14.45,+5.42%,1692800
SEDG,2021-03-22,281.94,293.69,281.35,289.17,8.23,+2.93%,744500
SEDG,2021-03-23,285.91,295.8278,274.41,278.37,-10.8,-3.73%,528400
SEDG,2021-03-24,281.16,283.9869,266.93,267.59,-10.78,-3.87%,525300
SEDG,2021-03-25,254.04,271.54,252.56,270.03,2.44,+0.91%,745000
SEDG,2021-03-26,271.64,276.5,264.53,275.75,5.72,+2.12%,575300
SEDG,2021-03-29,273.24,277.72,254.1,260.04,-15.71,-5.70%,583400
SEDG,2021-03-30,258.35,271.73,256.63,271.17,11.13,+4.28%,797800
SEDG,2021-03-31,277.17,292.39,276.395,287.44,16.27,+6.00%,874800
SEDG,2021-04-01,293.15,298.08,282.365,283.39,-4.05,-1.41%,913000
SEDG,2021-04-05,286.71,287.6725,265.44,268.97,-14.42,-5.09%,787800
SEDG,2021-04-06,273.3,282,270.87,277.25,8.28,+3.08%,629200
SEDG,2021-04-07,276.14,276.61,258.52,262.45,-14.8,-5.34%,810700
SEDG,2021-04-08,264.4,268.92,261.01,262.09,-0.36,-0.14%,542900
SEDG,2021-04-09,261.01,267.25,256.26,263.95,1.86,+0.71%,481600
SEDG,2021-04-12,258.69,263.7032,253.95,263.2,-0.75,-0.28%,495400
SEDG,2021-04-13,264.42,270.08,262.2,269.44,6.24,+2.37%,613000
SEDG,2021-04-14,271,278.71,264.39,266.21,-3.23,-1.20%,732000
SEDG,2021-04-15,271.4,271.4,252.6035,256.02,-10.19,-3.83%,707700
SEDG,2021-04-16,256.97,262.63,256.58,258.71,2.69,+1.05%,1489600
SEDG,2021-04-19,257,261.7522,241.4,244.86,-13.85,-5.35%,807900
SEDG,2021-04-20,243.03,249.1199,237.31,243.87,-0.99,-0.40%,712500
SEDG,2021-04-21,240.69,256.995,239.2,255.09,11.22,+4.60%,811600
SEDG,2021-04-22,267.57,279.44,266.06,274.7,19.61,+7.69%,1373100
SEDG,2021-04-23,277.51,284.98,272.78,279.43,4.73,+1.72%,772800
SEDG,2021-04-26,283.27,289.89,275.71,289.55,10.12,+3.62%,1026200
SEDG,2021-04-27,289.9,295.3499,286.7109,290.14,0.59,+0.20%,596500
SEDG,2021-04-28,278.6,286.99,270.72,282.5,-7.64,-2.63%,1015500
SEDG,2021-04-29,283.65,285.05,269.5,275.76,-6.74,-2.39%,795200
SEDG,2021-04-30,270.88,273.455,260.785,263.54,-12.22,-4.43%,695000
SEDG,2021-05-03,266.31,267.49,257.215,260.06,-3.48,-1.32%,1067400
SEDG,2021-05-04,241.03,241.8,212.18,218.57,-41.49,-15.95%,4429100
SEDG,2021-05-05,223.17,228.4533,215.41,219.23,0.66,+0.30%,1713200
SEDG,2021-05-06,217.23,219.73,208.61,214.13,-5.1,-2.33%,1397000
SEDG,2021-05-07,218.4,224.88,215.65,220.4,6.27,+2.93%,957600
SEDG,2021-05-10,222.61,223.7413,211,213.34,-7.06,-3.20%,916800
SEDG,2021-05-11,201.6,221.6264,200.45,217.94,4.6,+2.16%,1552900
SEDG,2021-05-12,211.82,217.2582,207.72,208.24,-9.7,-4.45%,923400
SEDG,2021-05-13,209.25,213.43,199.33,204.01,-4.23,-2.03%,964100
SEDG,2021-05-14,208.8671,220.5389,207,218.87,14.86,+7.28%,756700
SEDG,2021-05-17,215.6,218.69,211.21,218.01,-0.86,-0.39%,557000
SEDG,2021-05-18,220.16,227.16,215.1778,221.72,3.71,+1.70%,883200
SEDG,2021-05-19,215.6,234.76,215.48,233.49,11.77,+5.31%,1216200
SEDG,2021-05-20,241.9,251.915,238.31,249.52,16.03,+6.87%,1371000
SEDG,2021-05-21,252,256.51,246.47,252.31,2.79,+1.12%,1094900
SEDG,2021-05-24,255.6,258.89,249.42,254.77,2.46,+0.97%,804100
SEDG,2021-05-25,256.99,257.868,247.01,251.75,-3.02,-1.19%,627700
SEDG,2021-05-26,252.43,260.5,252.0175,259.05,7.3,+2.90%,604900
SEDG,2021-05-27,259.46,262.47,255.4,256.56,-2.49,-0.96%,739800
SEDG,2021-05-28,258.89,263.3925,256.43,258.01,1.45,+0.57%,417200
SEDG,2021-06-01,260.89,263.09,247.82,248.47,-9.54,-3.70%,1105200
SEDG,2021-06-02,248.84,250.14,245,247.48,-0.99,-0.40%,458300
SEDG,2021-06-03,243.9,245.66,237.72,238.49,-8.99,-3.63%,667000
SEDG,2021-06-04,240.99,246.12,239.72,241.84,3.35,+1.40%,296500
SEDG,2021-06-07,238.18,239.62,230.15,233.27,-8.57,-3.54%,1208700
SEDG,2021-06-08,237.64,245.83,234.2219,238.7,5.43,+2.33%,670900
SEDG,2021-06-09,241,245.61,234.77,235.24,-3.46,-1.45%,601400
SEDG,2021-06-10,235,240.97,234,239.69,4.45,+1.89%,445900
SEDG,2021-06-11,241.47,244.44,238.81,243.17,3.48,+1.45%,414200
SEDG,2021-06-14,244.93,248.23,240.94,242.87,-0.3,-0.12%,650300
SEDG,2021-06-15,241.19,242.38,233.34,238.86,-4.01,-1.65%,607800
SEDG,2021-06-16,238.1008,250.77,238.1008,247.56,8.7,+3.64%,856300
SEDG,2021-06-17,243.84,264.33,243.84,263.18,15.62,+6.31%,1249200
SEDG,2021-06-18,259.5,266.56,259.5,264.23,1.05,+0.40%,1274800
SEDG,2021-06-21,259.01,261.16,252.47,258.61,-5.62,-2.13%,675500
SEDG,2021-06-22,258.55,263.63,257.1633,260.44,1.83,+0.71%,505500
SEDG,2021-06-23,261.52,267.25,260.45,265.08,4.64,+1.78%,603200
SEDG,2021-06-24,266.91,271.87,261.97,267.28,2.2,+0.83%,819800
SEDG,2021-06-25,271,278.25,266.39,267.71,0.43,+0.16%,3933300
SEDG,2021-06-28,274.02,285.66,269.6044,284.66,16.95,+6.33%,922700
SEDG,2021-06-29,287.39,291.18,281.35,283.57,-1.09,-0.38%,774600
SEDG,2021-06-30,283.29,283.29,274.57,276.37,-7.2,-2.54%,548000
SEDG,2021-07-01,275.17,276.3436,268.54,274.88,-1.49,-0.54%,639100
SEDG,2021-07-02,277.39,283,275.02,276.23,1.35,+0.49%,447200
SEDG,2021-07-06,277,280.6218,271.28,274.79,-1.44,-0.52%,629700
SEDG,2021-07-07,277,282.98,263.54,265.2,-9.59,-3.49%,710100
SEDG,2021-07-08,253.88,265,253.53,261.14,-4.06,-1.53%,552000
SEDG,2021-07-09,261.54,268,258,267.68,6.54,+2.50%,321800
SEDG,2021-07-12,269.14,273,265.1,268.65,0.97,+0.36%,354500
SEDG,2021-07-13,270.36,273.37,265.22,265.37,-3.28,-1.22%,413300
SEDG,2021-07-14,268.75,269.55,244.245,245.46,-19.91,-7.50%,887100
SEDG,2021-07-15,243.77,251.2764,237.2,241.21,-4.25,-1.73%,831500
SEDG,2021-07-16,242.95,244.41,236.14,236.56,-4.65,-1.93%,451600
SEDG,2021-07-19,226.66,240.38,225.155,240.16,3.6,+1.52%,763200
SEDG,2021-07-20,243.43,250.12,238.81,245.76,5.6,+2.33%,565400
SEDG,2021-07-21,247,260.15,247,258.96,13.2,+5.37%,571300
SEDG,2021-07-22,260.2,263.79,255.2446,257.39,-1.57,-0.61%,458200
SEDG,2021-07-23,257.19,257.19,247.3,248.63,-8.76,-3.40%,589600
SEDG,2021-07-26,246.87,252.26,243.86,245.62,-3.01,-1.21%,418700
SEDG,2021-07-27,243.13,243.82,234.23,240,-5.62,-2.29%,669200
SEDG,2021-07-28,242.1,257.23,237.22,254.14,14.14,+5.89%,1000800
SEDG,2021-07-29,254.12,263.59,254,261.13,6.99,+2.75%,520400
SEDG,2021-07-30,258.45,266.27,257.01,259.48,-1.65,-0.63%,551900
SEDG,2021-08-02,261.98,263.05,255.835,257.72,-1.76,-0.68%,856100
SEDG,2021-08-03,298.49,308.9699,290.0001,299.81,42.09,+16.33%,3584100
SEDG,2021-08-04,300,303.7769,286.845,292.73,-7.08,-2.36%,983500
SEDG,2021-08-05,291.05,293.69,285.383,286.39,-6.34,-2.17%,524900
SEDG,2021-08-06,286.39,295.3,283.2,295.28,8.89,+3.10%,774400
SEDG,2021-08-09,295.98,299.67,290.12,294.94,-0.34,-0.12%,650700
SEDG,2021-08-10,296.67,301.78,293.94,296.4,1.46,+0.50%,504400
SEDG,2021-08-11,299.065,299.065,284.18,289.3,-7.1,-2.40%,538500
SEDG,2021-08-12,287.96,292.171,285.29,291.17,1.87,+0.65%,400700
SEDG,2021-08-13,290.56,291.2,283.24,284.37,-6.8,-2.34%,380000
SEDG,2021-08-16,282.88,282.99,275.27,277.81,-6.56,-2.31%,428900
SEDG,2021-08-17,272.28,274.63,259.4,268.35,-9.46,-3.41%,915900
SEDG,2021-08-18,270.04,272.853,265.02,266.22,-2.13,-0.79%,414000
SEDG,2021-08-19,261.78,267,260.2001,262.3,-3.92,-1.47%,332900
SEDG,2021-08-20,262.82,270.46,262.6,269.88,7.58,+2.89%,414200
SEDG,2021-08-23,272.66,282.645,271.66,281.01,11.13,+4.12%,554600
SEDG,2021-08-24,282.74,287.665,276.67,279.75,-1.26,-0.45%,308200
SEDG,2021-08-25,279.03,282.35,277.41,281.44,1.69,+0.60%,303400
SEDG,2021-08-26,280.75,286.74,280.13,280.82,-0.62,-0.22%,402200
SEDG,2021-08-27,281.58,293.35,281.29,291.25,10.43,+3.71%,519300
SEDG,2021-08-30,293.53,298.494,291.98,295.7,4.45,+1.53%,587000
SEDG,2021-08-31,294.84,296.59,288.195,289.78,-5.92,-2.00%,452600
SEDG,2021-09-01,294.75,299.21,289.305,289.79,0.01,0.00%,469700
SEDG,2021-09-02,291.98,296.695,289.7672,291.54,1.75,+0.60%,356600
SEDG,2021-09-03,289.24,294.079,283.66,285.8,-5.74,-1.97%,371600
SEDG,2021-09-07,282.04,284.73,276.07,278.83,-6.97,-2.44%,476000
SEDG,2021-09-08,283.79,287.42,273.41,274.2,-4.63,-1.66%,561200
SEDG,2021-09-09,273,280.32,272.55,275.95,1.75,+0.64%,354700
SEDG,2021-09-10,278.04,284.62,268.53,268.54,-7.41,-2.69%,408100
SEDG,2021-09-13,270,276.72,262.41,273.84,5.3,+1.97%,439100
SEDG,2021-09-14,275.04,279.5,270.67,272.51,-1.33,-0.49%,314300
SEDG,2021-09-15,271.47,278.49,265.49,277.78,5.27,+1.93%,453400
SEDG,2021-09-16,276.22,276.73,270.1,270.4,-7.38,-2.66%,374100
SEDG,2021-09-17,273.2,283.99,270.96,281.45,11.05,+4.09%,1873300
SEDG,2021-09-20,269.94,274.92,262.54,268.72,-12.73,-4.52%,708500
SEDG,2021-09-21,272.33,273.69,266,269.46,0.74,+0.28%,514600
SEDG,2021-09-22,270.9,282.33,269.15,282,12.54,+4.65%,623800
SEDG,2021-09-23,284.43,287.99,281.64,284.11,2.11,+0.75%,489000
SEDG,2021-09-24,280,282.17,273.97,275.36,-8.75,-3.08%,396100
SEDG,2021-09-27,272.25,282.285,268.01,280.52,5.16,+1.87%,374500
SEDG,2021-09-28,273.35,275.4399,269.575,272.83,-7.69,-2.74%,496000
SEDG,2021-09-29,272.94,276.6,261.84,261.87,-10.96,-4.02%,573800
SEDG,2021-09-30,264.79,269.99,262.5,265.22,3.35,+1.28%,501400
SEDG,2021-10-01,270.88,274.97,263.67,272.12,6.9,+2.60%,420100
SEDG,2021-10-04,268.47,268.49,253.54,255.27,-16.85,-6.19%,552500
SEDG,2021-10-05,258,264.7033,256.73,258.7,3.43,+1.34%,378800
SEDG,2021-10-06,254.94,263.63,252.695,260.42,1.72,+0.66%,516900
SEDG,2021-10-07,264.5,270.8,263.16,263.61,3.19,+1.22%,623900
SEDG,2021-10-08,264.73,268.59,259.46,261.87,-1.74,-0.66%,343500
SEDG,2021-10-11,264.46,285.8999,263.115,276.82,14.95,+5.71%,1000200
SEDG,2021-10-12,282.08,301.7377,277.96,298.41,21.59,+7.80%,1273100
SEDG,2021-10-13,304.37,312.14,296.19,303.72,5.31,+1.78%,885300
SEDG,2021-10-14,309.99,312.88,300.99,305.53,1.81,+0.60%,474400
SEDG,2021-10-15,307.25,308,298.89,299.49,-6.04,-1.98%,801900
SEDG,2021-10-18,299.5,307.07,299.1572,306.08,6.59,+2.20%,395700
SEDG,2021-10-19,310,324.06,307.8,317.22,11.14,+3.64%,653400
SEDG,2021-10-20,310.76,311.98,303,307.36,-9.86,-3.11%,557300
SEDG,2021-10-21,306.1,312.32,304.21,309.03,1.67,+0.54%,505700
SEDG,2021-10-22,309.65,310.3,300.85,303.25,-5.78,-1.87%,363100
SEDG,2021-10-25,307.25,313.19,304.75,311.92,8.67,+2.86%,297500
SEDG,2021-10-26,321.51,321.93,307.19,313.88,1.96,+0.63%,582700
SEDG,2021-10-27,335.35,357.88,335.35,342.54,28.66,+9.13%,2430600
SEDG,2021-10-28,344.1,353.08,338.22,351.58,9.04,+2.64%,915800
SEDG,2021-10-29,351.43,359.17,348.6,354.68,3.1,+0.88%,616800
SEDG,2021-11-01,360,371.08,356.75,360.93,6.25,+1.76%,879200
SEDG,2021-11-02,363.73,363.73,348.2401,355.16,-5.77,-1.60%,917000
SEDG,2021-11-03,337.41,353.565,325.5,352.99,-2.17,-0.61%,1089900
SEDG,2021-11-04,347,354.56,340,349.83,-3.16,-0.90%,682500
SEDG,2021-11-05,347.47,350.86,337.42,344.07,-5.76,-1.65%,631400
SEDG,2021-11-08,345.89,352.59,342.62,349.9,5.83,+1.69%,476000
SEDG,2021-11-09,350.45,353.62,341.632,351.14,1.24,+0.35%,641500
SEDG,2021-11-10,342.86,349.315,338.13,343.3,-7.84,-2.23%,572100
SEDG,2021-11-11,348.8,364.37,345.7,358.25,14.95,+4.35%,894000
SEDG,2021-11-12,358.5,363.65,352.75,362.41,4.16,+1.16%,613600
SEDG,2021-11-15,366.2,369.12,359.46,368.33,5.92,+1.63%,855800
SEDG,2021-11-16,360.97,366.96,356.01,360.5,-7.83,-2.13%,761900
SEDG,2021-11-17,361.14,368.84,360,365,4.5,+1.25%,423800
SEDG,2021-11-18,364.49,364.72,352.59,355.42,-9.58,-2.62%,462900
SEDG,2021-11-19,355.42,369.29,352.22,365.13,9.71,+2.73%,507800
SEDG,2021-11-22,368,389.71,348.83,353.65,-11.48,-3.14%,1117300
SEDG,2021-11-23,354.45,363.48,340.1,350.02,-3.63,-1.03%,600700
SEDG,2021-11-24,345.2,349.8691,333.37,348.49,-1.53,-0.44%,417200
SEDG,2021-11-26,336.31,351,335.5701,341.44,-7.05,-2.02%,349300
SEDG,2021-11-29,343.01,348.415,336.76,347.21,5.77,+1.69%,337100
SEDG,2021-11-30,332.86,342.8,324.73,327.76,-19.45,-5.60%,1074900
SEDG,2021-12-01,335.01,336.7456,314.5,315.05,-12.71,-3.88%,658100
SEDG,2021-12-02,311.01,322.32,309.74,318.54,3.49,+1.11%,402000
SEDG,2021-12-03,321.58,323.1,299.3,307,-11.54,-3.62%,674100
SEDG,2021-12-06,306.19,309.92,289.2,307.63,0.63,+0.21%,1185300
SEDG,2021-12-07,319.52,328.86,318.9,325.83,18.2,+5.92%,750100
SEDG,2021-12-08,331.51,344.785,327.8,330.56,4.73,+1.45%,824900
SEDG,2021-12-09,329.5,338.472,312.29,313.38,-17.18,-5.20%,484300
SEDG,2021-12-10,317.98,321.98,303.42,309.09,-4.29,-1.37%,484000
SEDG,2021-12-13,310.32,314.3,302.14,303.67,-5.42,-1.75%,627600
SEDG,2021-12-14,292.76,300.97,282.24,298.3,-5.37,-1.77%,1274300
SEDG,2021-12-15,296.68,305.83,287.8,305.5,7.2,+2.41%,793300
SEDG,2021-12-16,310.97,311.83,284.08,287.03,-18.47,-6.05%,969100
SEDG,2021-12-17,283.05,289.36,273.97,288.85,1.82,+0.63%,10294300
SEDG,2021-12-20,268.73,273.69,257.32,258.36,-30.49,-10.56%,2312900
SEDG,2021-12-21,265.45,283.42,265.45,281.1,22.74,+8.80%,1301500
SEDG,2021-12-22,280.5,286.2,276.79,284.01,2.91,+1.04%,621900
SEDG,2021-12-23,286.97,289.5899,280.47,283.29,-0.72,-0.25%,400800
SEDG,2021-12-27,283.85,287.555,279.01,285.6,2.31,+0.82%,514300
SEDG,2021-12-28,287.05,287.5,277.85,278.82,-6.78,-2.37%,332800
SEDG,2021-12-29,279.72,280.54,272.28,278.04,-0.78,-0.28%,318500
SEDG,2021-12-30,279.64,286.68,276.305,282.35,4.31,+1.55%,329800
SEDG,2021-12-31,281.03,286.5,280.33,280.57,-1.78,-0.63%,199300
SEDG,2022-01-03,284,285.04,274.66,282.45,1.88,+0.67%,572500
SEDG,2022-01-04,284.5,286.78,263.25,273.1,-9.35,-3.31%,833600
SEDG,2022-01-05,272.6,272.6,249.57,249.81,-23.29,-8.53%,1121100
SEDG,2022-01-06,249.97,255.485,242.02,248.24,-1.57,-0.63%,1196100
SEDG,2022-01-07,248.01,259.52,247.01,248.91,0.67,+0.27%,640300
SEDG,2022-01-10,247.65,255.95,241,255.47,6.56,+2.64%,1317100
SEDG,2022-01-11,254.56,264.18,253.72,261.09,5.62,+2.20%,785500
SEDG,2022-01-12,264.96,269,258.4201,261.02,-0.07,-0.03%,497400
SEDG,2022-01-13,270.24,277.64,260.15,260.43,-0.59,-0.23%,1222900
SEDG,2022-01-14,255.15,266.52,248.83,253.83,-6.6,-2.53%,771200
SEDG,2022-01-18,246.17,252.13,238.24,238.8,-15.03,-5.92%,864900
SEDG,2022-01-19,240,244.49,231.74,232.09,-6.71,-2.81%,820300
SEDG,2022-01-20,237,246.52,230.92,231.32,-0.77,-0.33%,940100
SEDG,2022-01-21,227.62,232.76,218.89,220.31,-11.01,-4.76%,999900
SEDG,2022-01-24,208,225.91,200.86,225.87,5.56,+2.52%,2059100
SEDG,2022-01-25,218.56,219.72,210.5979,212.74,-13.13,-5.81%,1069500
SEDG,2022-01-26,223.3,228.86,210.43,214.13,1.39,+0.65%,998700
SEDG,2022-01-27,218.31,219.5,208.7,209.82,-4.31,-2.01%,1305500
SEDG,2022-01-28,210.93,214.47,202.6,212.07,2.25,+1.07%,1142800
SEDG,2022-01-31,216.33,239,213.51,238.22,26.15,+12.33%,1204800
SEDG,2022-02-01,241.8,243.45,232.24,242.23,4.01,+1.68%,778300
SEDG,2022-02-02,244.36,246.97,236.57,238.3,-3.93,-1.62%,443600
SEDG,2022-02-03,232.11,238.06,228.51,231.2,-7.1,-2.98%,635200
SEDG,2022-02-04,229.89,242,227.24,238.26,7.06,+3.05%,606200
SEDG,2022-02-07,239.33,247.53,238.37,240.97,2.71,+1.14%,643600
SEDG,2022-02-08,239.64,249.42,238.68,248.71,7.74,+3.21%,562200
SEDG,2022-02-09,274.96,278.5,258.2,265.98,17.27,+6.94%,2174000
SEDG,2022-02-10,260,275.97,259.5051,264.5,-1.48,-0.56%,1174500
SEDG,2022-02-11,261.44,264.82,247.13,250.09,-14.41,-5.45%,880700
SEDG,2022-02-14,247.86,254.13,243.281,249.22,-0.87,-0.35%,815600
SEDG,2022-02-15,258.35,262.99,255.31,262.16,12.94,+5.19%,963500
SEDG,2022-02-16,256,267.3,248.15,266.72,4.56,+1.74%,1273300
SEDG,2022-02-17,262.86,269.39,261.01,263.26,-3.46,-1.30%,647700
SEDG,2022-02-18,264.32,264.855,255.22,257.91,-5.35,-2.03%,1003300
SEDG,2022-02-22,250.62,257.885,244.86,246.07,-11.84,-4.59%,715200
SEDG,2022-02-23,249.61,250,234.1,236.11,-9.96,-4.05%,662700
SEDG,2022-02-24,223.43,271.66,220.03,271.19,35.08,+14.86%,1351400
SEDG,2022-02-25,271.18,278.14,262.55,277.93,6.74,+2.49%,826800
SEDG,2022-02-28,285.64,320.445,283.54,319.42,41.49,+14.93%,2341600
SEDG,2022-03-01,315,327.26,308.51,324.63,5.21,+1.63%,1785400
SEDG,2022-03-02,322.31,324.09,306.41,314.46,-10.17,-3.13%,1140800
SEDG,2022-03-03,316,317.5,299,301.82,-12.64,-4.02%,842500
SEDG,2022-03-04,301.1,312.28,291.09,293.23,-8.59,-2.85%,973600
SEDG,2022-03-07,303.34,316.555,297.08,297.89,4.66,+1.59%,1184300
SEDG,2022-03-08,303.64,335.18,301.2,328.91,31.02,+10.41%,2398400
SEDG,2022-03-09,321.2,335.57,310.165,326.98,-1.93,-0.59%,1323000
SEDG,2022-03-10,324.1,325.14,302.315,315.13,-11.85,-3.62%,1455200
SEDG,2022-03-11,322.05,331.78,313,317.93,2.8,+0.89%,998502
SEDG,2022-03-14,309.26,316.72,291.075,298.51,-19.42,-6.11%,783800
SEDG,2022-03-15,298.08,316.92,290.7,315.75,17.24,+5.78%,832200
SEDG,2022-03-16,319.52,334.17,315.715,334.16,18.41,+5.83%,1195300
SEDG,2022-03-17,317.47,323.6999,307.18,314.6,-19.56,-5.85%,1605700
SEDG,2022-03-18,297.25,318.35,292.3808,312.51,-2.09,-0.66%,3625200
SEDG,2022-03-21,314.13,320,304.64,312.08,-0.43,-0.14%,982000
SEDG,2022-03-22,314.53,328.28,313.47,325.11,13.03,+4.18%,1040600
SEDG,2022-03-23,316.19,340,315,327.27,2.16,+0.66%,1052600
SEDG,2022-03-24,330.81,338.32,315,337.74,10.47,+3.20%,1044500
SEDG,2022-03-25,336.38,338.9599,321.73,335.27,-2.47,-0.73%,859300
SEDG,2022-03-28,332.67,339.8,320.44,333.07,-2.2,-0.66%,1184900
SEDG,2022-03-29,331.75,334.4,310.71,324.5,-8.57,-2.57%,1714700
SEDG,2022-03-30,330.12,334.78,313.14,314.23,-10.27,-3.16%,1158100
SEDG,2022-03-31,318.15,328.87,314.58,322.37,8.14,+2.59%,1204000
SEDG,2022-04-01,319.15,334.76,318,322.83,0.46,+0.14%,834300
SEDG,2022-04-04,325.56,341.93,323.51,335.31,12.48,+3.87%,812400
SEDG,2022-04-05,337.36,344.61,323.16,328.69,-6.62,-1.97%,922100
SEDG,2022-04-06,322,327,311.62,320.16,-8.53,-2.60%,797500
SEDG,2022-04-07,319.59,329.29,309.06,314.93,-5.23,-1.63%,795600
SEDG,2022-04-08,312.93,313.9,299.29,301.58,-13.35,-4.24%,699800
SEDG,2022-04-11,299.49,305.72,291.96,300.03,-1.55,-0.51%,839300
SEDG,2022-04-12,307.4,311.94,300.43,301.45,1.42,+0.47%,584100
SEDG,2022-04-13,304.25,311.39,300.76,308,6.55,+2.17%,459600
SEDG,2022-04-14,310.3,314,300.58,300.66,-7.34,-2.38%,568100
SEDG,2022-04-18,299.85,305.165,296.34,302.27,1.61,+0.54%,404000
SEDG,2022-04-19,305,307.52,293.69,304.82,2.55,+0.84%,706100
SEDG,2022-04-20,309.99,309.99,280.23,281.61,-23.21,-7.61%,973100
SEDG,2022-04-21,284.61,285.53,253.35,254.15,-27.46,-9.75%,1407900
SEDG,2022-04-22,254.5,261.5,249.845,251.58,-2.57,-1.01%,1781600
SEDG,2022-04-25,247.77,255.6,245.06,253.49,1.91,+0.76%,832800
SEDG,2022-04-26,252.22,253.815,244.74,244.76,-8.73,-3.44%,943400
SEDG,2022-04-27,250.79,263.355,246.37,249.48,4.72,+1.93%,1156500
SEDG,2022-04-28,256.16,259.62,241.555,254.41,4.93,+1.98%,1331900
SEDG,2022-04-29,253.38,260.64,249.7,250.41,-4.,-1.57%,762600
SEDG,2022-05-02,250.5,256.52,245.6,255.31,4.9,+1.96%,1056200
SEDG,2022-05-03,255.79,265.65,246.26,262.67,7.36,+2.88%,1140500
SEDG,2022-05-04,265.83,284.89,261.25,284.6,21.93,+8.35%,1027400
SEDG,2022-05-05,280.89,283.2,261.44,266.23,-18.37,-6.45%,874300
SEDG,2022-05-06,264.11,264.11,250,251.81,-14.42,-5.42%,599400
SEDG,2022-05-09,246.28,250.98,221.0845,225.36,-26.45,-10.50%,1164000
SEDG,2022-05-10,238.03,242.9399,224.03,233.8,8.44,+3.75%,1085900
SEDG,2022-05-11,232,237.83,215.7,216.52,-17.28,-7.39%,1094100
SEDG,2022-05-12,212.7,227.17,207,211.92,-4.6,-2.12%,1259300
SEDG,2022-05-13,221.07,236.64,220.33,232.25,20.33,+9.59%,1145100
SEDG,2022-05-16,229.98,233.5,221.985,222.79,-9.46,-4.07%,591100
SEDG,2022-05-17,231.61,239.515,230,239.35,16.56,+7.43%,854400
SEDG,2022-05-18,232.87,252.93,232.25,238.8,-0.55,-0.23%,1000800
SEDG,2022-05-19,237.25,263.89,237.25,252.18,13.38,+5.60%,1132300
SEDG,2022-05-20,257.26,261.517,245.78,256.81,4.63,+1.84%,839000
SEDG,2022-05-23,258.37,259.415,245.85,255.63,-1.18,-0.46%,723000
SEDG,2022-05-24,251.76,251.76,242.485,248.23,-7.4,-2.89%,489800
SEDG,2022-05-25,248.19,256.75,244.63,253.45,5.22,+2.10%,528700
SEDG,2022-05-26,254.33,269.78,250.43,266.44,12.99,+5.13%,725000
SEDG,2022-05-27,269.7,281.84,269.2,280.36,13.92,+5.22%,599600
SEDG,2022-05-31,280.56,282.41,267.385,272.79,-7.57,-2.70%,826900
SEDG,2022-06-01,273.29,279.2699,268.6,272.48,-0.31,-0.11%,533800
SEDG,2022-06-02,280.07,304.8029,278.47,300.49,28.01,+10.28%,987600
SEDG,2022-06-03,292.02,307.49,290.3,298.34,-2.15,-0.72%,568300
SEDG,2022-06-06,311.26,314.52,299.61,306.88,8.54,+2.86%,954800
SEDG,2022-06-07,300.57,307.37,300.16,306.42,-0.46,-0.15%,630600
SEDG,2022-06-08,308.39,312.99,296.63,298.44,-7.98,-2.60%,616200
SEDG,2022-06-09,296.14,302,291.34,291.67,-6.77,-2.27%,527500
SEDG,2022-06-10,282.03,292,278.58,284.36,-7.31,-2.51%,843100
SEDG,2022-06-13,268.45,271.54,255.825,264.34,-20.02,-7.04%,1226200
SEDG,2022-06-14,265.33,269.56,260.4201,264.63,0.29,+0.11%,566700
SEDG,2022-06-15,267.36,277.38,260.845,274.13,9.5,+3.59%,680700
SEDG,2022-06-16,262.28,269,250.79,253.98,-20.15,-7.35%,815100
SEDG,2022-06-17,258.76,277.93,256.17,275.41,21.43,+8.44%,2001400
SEDG,2022-06-21,281.56,291.77,280,283.1,7.69,+2.79%,721200
SEDG,2022-06-22,278,290.94,274.77,280.4,-2.7,-0.95%,825000
SEDG,2022-06-23,282.78,293.14,276.55,291.53,11.13,+3.97%,800200
SEDG,2022-06-24,292.91,294.5,272.305,286.34,-5.19,-1.78%,739700
SEDG,2022-06-27,287.21,303.98,286.55,298.52,12.18,+4.25%,949700
SEDG,2022-06-28,299,300.74,277.53,279.24,-19.28,-6.46%,696300
SEDG,2022-06-29,270.55,271.74,256.75,262.96,-16.28,-5.83%,1030300
SEDG,2022-06-30,259.61,278.6399,258,273.68,10.72,+4.08%,853300
SEDG,2022-07-01,271.7,284,271.69,276.3,2.62,+0.96%,554800
SEDG,2022-07-05,268.05,272.02,256.185,271.27,-5.03,-1.82%,758000
SEDG,2022-07-06,272.02,275.4883,265.02,269.79,-1.48,-0.55%,442500
SEDG,2022-07-07,273.81,289.24,272.965,286.86,17.07,+6.33%,661000
SEDG,2022-07-08,282,297.58,278.08,295.11,8.25,+2.88%,678500
SEDG,2022-07-11,292.51,294,276.38,279.67,-15.44,-5.23%,797700
SEDG,2022-07-12,279.61,281.98,257.24,265.37,-14.3,-5.11%,916000
SEDG,2022-07-13,257,275.36,255.58,269.03,3.66,+1.38%,655300
SEDG,2022-07-14,265.92,269.78,257.83,269.02,-0.01,0.00%,675600
SEDG,2022-07-15,259.03,266.355,245.255,265.85,-3.17,-1.18%,1309100
SEDG,2022-07-18,273.43,289,272.81,280.68,14.83,+5.58%,976100
SEDG,2022-07-19,282.3,290.47,279.23,290.3,9.62,+3.43%,610700
SEDG,2022-07-20,289.66,299.86,287.39,295.86,5.56,+1.92%,847500
SEDG,2022-07-21,298.63,298.84,283.52,292.98,-2.88,-0.97%,625900
SEDG,2022-07-22,294.75,300.99,285.45,288.93,-4.05,-1.38%,552400
SEDG,2022-07-25,289,299.975,284.18,299.38,10.45,+3.62%,666600
SEDG,2022-07-26,298.28,302.8399,294.5,296.48,-2.9,-0.97%,799600
SEDG,2022-07-27,315.4,326.09,309.2,325.19,28.71,+9.68%,1784200
SEDG,2022-07-28,345.66,375.9,334.21,341.19,16,+4.92%,2424300
SEDG,2022-07-29,339.34,362.79,337.29,360.13,18.94,+5.55%,1384000
SEDG,2022-08-01,352.85,363.99,348.6,358.59,-1.54,-0.43%,1325600
SEDG,2022-08-02,350,374.48,350,365.41,6.82,+1.90%,1736100
SEDG,2022-08-03,329,329.0675,294,295.52,-69.89,-19.13%,5155900
SEDG,2022-08-04,297,319.4,292.11,309.22,13.7,+4.64%,2093300
SEDG,2022-08-05,316.22,327.8,308,315.5,6.28,+2.03%,1556600
SEDG,2022-08-08,322.51,331.19,302.72,303.11,-12.39,-3.93%,1627100
SEDG,2022-08-09,295.015,314.125,291.13,312.63,9.52,+3.14%,1147400
SEDG,2022-08-10,321.87,324.72,313.01,323.74,11.11,+3.55%,915700
SEDG,2022-08-11,326.42,329.1299,318.1,319.02,-4.72,-1.46%,866700
SEDG,2022-08-12,322.3,333.78,316.7,330.52,11.5,+3.60%,772200
SEDG,2022-08-15,322.72,330.85,318.55,324.18,-6.34,-1.92%,728000
SEDG,2022-08-16,322.62,323.975,309.5,311.27,-12.91,-3.98%,697400
SEDG,2022-08-17,305.88,313.84,300.85,310.62,-0.65,-0.21%,769400
SEDG,2022-08-18,316.29,320.95,312.485,317.22,6.6,+2.12%,472500
SEDG,2022-08-19,307.7,309.94,298.45,300.33,-16.89,-5.32%,901200
SEDG,2022-08-22,294.73,296.2225,286.3,288.84,-11.49,-3.83%,904100
SEDG,2022-08-23,291.52,295.41,288.01,288.46,-0.38,-0.13%,646600
SEDG,2022-08-24,289.01,299.53,289,294.61,6.15,+2.13%,707200
SEDG,2022-08-25,296.08,302.6555,295.9401,300.74,6.13,+2.08%,508100
SEDG,2022-08-26,302.34,307.94,287.88,287.93,-12.81,-4.26%,589900
SEDG,2022-08-29,284.23,291.63,276.71,279.46,-8.47,-2.94%,1231100
SEDG,2022-08-30,284.55,287.5,268.5749,275.5,-3.96,-1.42%,1012400
SEDG,2022-08-31,277.87,280.69,270.65,275.97,0.47,+0.17%,795300
SEDG,2022-09-01,271.15,271.34,262.89,269.32,-6.65,-2.41%,772800
SEDG,2022-09-02,271.55,273.46,262.92,267.12,-2.2,-0.82%,577100
SEDG,2022-09-06,268.8,280.68,265.31,278.38,11.26,+4.22%,1018401
SEDG,2022-09-07,277.96,311.96,277.66,311.365,32.985,+11.85%,2248700
SEDG,2022-09-08,307.79,319.1274,304.6965,314.16,2.795,+0.90%,1226800
SEDG,2022-09-09,316.2,316.2,302.63,313,-1.16,-0.37%,876900
SEDG,2022-09-12,315.2,317.11,308.95,316.2,3.2,+1.02%,650200
SEDG,2022-09-13,302.62,317.66,301.745,313.18,-3.02,-0.96%,785100
SEDG,2022-09-14,312.45,323.13,305.67,322.7,9.52,+3.04%,786400
SEDG,2022-09-15,319.09,324.32,307,313.25,-9.45,-2.93%,700900
SEDG,2022-09-16,306.85,312.47,301.7,310.51,-2.74,-0.87%,813200
SEDG,2022-09-19,304.7,313.4,304.7,307.95,-2.56,-0.82%,559900
SEDG,2022-09-20,306.08,308.93,294.23,294.36,-13.59,-4.41%,571600
SEDG,2022-09-21,298.46,299.39,286.885,287.96,-6.4,-2.17%,880300
SEDG,2022-09-22,287.38,290.76,270.03,270.94,-17.02,-5.91%,839300
SEDG,2022-09-23,265.8,269.31,255.32,258.8,-12.14,-4.48%,1097500
SEDG,2022-09-26,258.52,264.76,246.36,247.65,-11.15,-4.31%,1044900
SEDG,2022-09-27,254.69,258.41,246.24,249.58,1.93,+0.78%,878000
SEDG,2022-09-28,246.73,257.5,244.16,256.79,7.21,+2.89%,827000
SEDG,2022-09-29,251.09,251.87,234.55,235.56,-21.23,-8.27%,1082100
SEDG,2022-09-30,233.78,238.9,227.8,231.46,-4.1,-1.74%,1495800
SEDG,2022-10-03,236,240.445,231.8,236.84,5.38,+2.32%,781200
SEDG,2022-10-04,245.8,250.45,243.16,246.17,9.33,+3.94%,703400
SEDG,2022-10-05,240.37,242.32,224.945,234.24,-11.93,-4.85%,1461600
SEDG,2022-10-06,233.47,237.7,219.7,220.27,-13.97,-5.96%,1587200
SEDG,2022-10-07,216.7,219.24,208.48,209.62,-10.65,-4.83%,1568200
SEDG,2022-10-10,210.3,211.95,204.12,207.84,-1.78,-0.85%,1010200
SEDG,2022-10-11,204.39,209.59,200.94,203.59,-4.25,-2.04%,1609200
SEDG,2022-10-12,205.83,206.588,195.61,200.6,-2.99,-1.47%,1451500
SEDG,2022-10-13,191.93,203.865,190.15,200.07,-0.53,-0.26%,1237000
SEDG,2022-10-14,203.28,212.5,193.03,193.39,-6.68,-3.34%,1280600
SEDG,2022-10-17,199,203.3,195.7,197.29,3.9,+2.02%,1056700
SEDG,2022-10-18,207,211.86,203.39,207.42,10.13,+5.13%,1571300
SEDG,2022-10-19,204.25,204.25,196.72,199.46,-7.96,-3.84%,1223000
SEDG,2022-10-20,200.62,203.85,194.14,197.84,-1.62,-0.81%,1029000
SEDG,2022-10-21,197.33,203.35,194,202.66,4.82,+2.44%,1677300
SEDG,2022-10-24,203.66,205.61,197.67,203.74,1.08,+0.53%,1025800
SEDG,2022-10-25,205.03,219,205.03,215.61,11.87,+5.83%,1095900
SEDG,2022-10-26,224.2,235.24,220.55,225.68,10.07,+4.67%,1923000
SEDG,2022-10-27,229.69,233.93,225.51,228.83,3.15,+1.40%,1016400
SEDG,2022-10-28,226.88,232.38,222.89,231.72,2.89,+1.26%,798800
SEDG,2022-10-31,228.44,232,225,230.03,-1.69,-0.73%,839700
SEDG,2022-11-01,236.96,238.86,225.23,225.25,-4.78,-2.08%,711600
SEDG,2022-11-02,225.08,230.18,217.4,217.58,-7.67,-3.41%,1062300
SEDG,2022-11-03,217.58,228.24,215.99,224.95,7.37,+3.39%,670000
SEDG,2022-11-04,231.26,232.15,211.37,219,-5.95,-2.65%,894400
SEDG,2022-11-07,222.4,223.6799,206.6,211.3,-7.7,-3.52%,1837800
SEDG,2022-11-08,240.56,253.72,240.05,251.73,40.43,+19.13%,3529200
SEDG,2022-11-09,250.23,271.6299,249.005,249.22,-2.51,-1.00%,2017400
SEDG,2022-11-10,266.46,285.46,263.8428,283.67,34.45,+13.82%,2692500
SEDG,2022-11-11,280.45,299.9,279.32,288.91,5.24,+1.85%,1813400
SEDG,2022-11-14,287.5,290.873,280.47,284.01,-4.9,-1.70%,1035000
SEDG,2022-11-15,291.72,294,287.34,287.97,3.96,+1.39%,879400
SEDG,2022-11-16,285.28,294.535,283.01,289.76,1.79,+0.62%,859500
SEDG,2022-11-17,280,301.36,274.27,299.21,9.45,+3.26%,1240500
SEDG,2022-11-18,304,307.6,298.3,306.39,7.18,+2.40%,1290800
SEDG,2022-11-21,301.74,305,295.42,301.41,-4.98,-1.63%,752900
SEDG,2022-11-22,302.05,310.55,298.26,309.18,7.77,+2.58%,921900
SEDG,2022-11-23,308.5,311.48,300.53,306.25,-2.93,-0.95%,851100
SEDG,2022-11-25,302.08,308.79,297.16,301.91,-4.34,-1.42%,456600
SEDG,2022-11-28,297.14,300.255,292.79,295.45,-6.46,-2.14%,776300
SEDG,2022-11-29,297.56,298,287.7,290.85,-4.6,-1.56%,654500
SEDG,2022-11-30,295.09,300.92,285.5,298.86,8.01,+2.75%,1477300
SEDG,2022-12-01,300.46,301.36,290.77,295.77,-3.09,-1.03%,786900
SEDG,2022-12-02,291.16,316.28,291.16,308.77,13,+4.40%,1144700
SEDG,2022-12-05,306.38,322.58,306,314.06,5.29,+1.71%,1383100
SEDG,2022-12-06,310.95,314.445,296.68,298.98,-15.08,-4.80%,902500
SEDG,2022-12-07,308.76,321.41,305.225,310.79,11.81,+3.95%,1305400
SEDG,2022-12-08,311.49,317,307.47,315.51,4.72,+1.52%,837200
SEDG,2022-12-09,313.68,320.645,312.5,314.8,-0.71,-0.23%,712000
SEDG,2022-12-12,310.32,317.51,309.1,314.91,0.11,+0.03%,533900
SEDG,2022-12-13,320.34,330.88,318.52,327.64,12.73,+4.04%,1078600
SEDG,2022-12-14,332,341.675,329.87,335.61,7.97,+2.43%,1124000
SEDG,2022-12-15,329.18,340.655,325.04,327.31,-8.3,-2.47%,850900
SEDG,2022-12-16,323.9,327.15,314.14,320.53,-6.78,-2.07%,1355200
SEDG,2022-12-19,322.69,322.69,307.11,309.58,-10.95,-3.42%,609600
SEDG,2022-12-20,308.74,318.9645,300,309.9,0.32,+0.10%,628600
SEDG,2022-12-21,311.51,323.57,307,323.16,13.26,+4.28%,688400
SEDG,2022-12-22,317.02,318.87,306.38,311.46,-11.7,-3.62%,707100
SEDG,2022-12-23,312.31,312.31,304.24,310.15,-1.31,-0.42%,413700
SEDG,2022-12-27,307.32,307.52,291.201,293.04,-17.11,-5.52%,724300
SEDG,2022-12-28,291.19,291.19,271.1001,275.84,-17.2,-5.87%,1471400
SEDG,2022-12-29,281.37,289.97,278.12,280.66,4.82,+1.75%,718500
SEDG,2022-12-30,276.16,283.59,273.67,283.27,2.61,+0.93%,485600
SEDG,2023-01-03,294.14,298,281.18,285.43,2.16,+0.76%,1130900
SEDG,2023-01-04,290,296.37,287.07,290.56,5.13,+1.80%,653600
SEDG,2023-01-05,285.47,286.84,276.42,276.75,-13.81,-4.75%,689500
SEDG,2023-01-06,280.99,284.57,269.62,281.81,5.06,+1.83%,1191100
SEDG,2023-01-09,284.45,297.69,283.96,284.14,2.33,+0.83%,888300
SEDG,2023-01-10,284,288.0861,277.08,285.48,1.34,+0.47%,796300
SEDG,2023-01-11,286.41,306.16,285.5,302.15,16.67,+5.84%,1200900
SEDG,2023-01-12,306.73,310.59,300.26,309.46,7.31,+2.42%,782500
SEDG,2023-01-13,303.01,316.789,303.01,315.02,5.56,+1.80%,660800
SEDG,2023-01-17,315,325.52,312.31,320.17,5.15,+1.63%,886900
SEDG,2023-01-18,324.1,328.88,314.51,319.7,-0.47,-0.15%,632300
SEDG,2023-01-19,314.28,316.03,284.8,286.72,-32.98,-10.32%,1766500
SEDG,2023-01-20,290.35,296.31,285.005,294.73,8.01,+2.79%,1312700
SEDG,2023-01-23,295.35,314.2129,291.15,309.18,14.45,+4.90%,811200
SEDG,2023-01-24,301.25,309.99,298,308.37,-0.81,-0.26%,1025700
SEDG,2023-01-25,294.4,301.295,286.3,300.52,-7.85,-2.55%,1390000
SEDG,2023-01-26,308.23,309.08,295.26,303.38,2.86,+0.95%,656800
SEDG,2023-01-27,298.3,311.5402,298,306.44,3.06,+1.01%,597000
SEDG,2023-01-30,300.44,307.9,299.25,301.87,-4.57,-1.49%,900300
SEDG,2023-01-31,305.17,319.35,304.33,319.13,17.26,+5.72%,899700
SEDG,2023-02-01,315.62,331.345,312.49,327.69,8.56,+2.68%,1124900
SEDG,2023-02-02,335,338.35,319.71,327.61,-0.08,-0.02%,933500
SEDG,2023-02-03,318.87,326.33,313.79,316,-11.61,-3.54%,656200
SEDG,2023-02-06,310.41,321.035,310.21,319.55,3.55,+1.12%,602300
SEDG,2023-02-07,319.98,321.91,311.1501,319.41,-0.14,-0.04%,907400
SEDG,2023-02-08,332.37,336.5,322.64,323.61,4.2,+1.31%,2108100
SEDG,2023-02-09,324.71,328,292.3,295.87,-27.74,-8.57%,1809300
SEDG,2023-02-10,295,300.78,288.01,300.71,4.84,+1.64%,1268900
SEDG,2023-02-13,303.72,314.075,302.93,310.71,10,+3.33%,2223600
SEDG,2023-02-14,295,317.92,292,315.43,4.72,+1.52%,3276500
SEDG,2023-02-15,316.71,345.8,311,343.98,28.55,+9.05%,2307800
SEDG,2023-02-16,335.5,336.5413,314.85,314.94,-29.04,-8.44%,1461400
SEDG,2023-02-17,312.91,314.5518,301.2172,305.04,-9.9,-3.14%,1065600
SEDG,2023-02-21,300,302.4,291.67,294.51,-10.53,-3.45%,1117200
SEDG,2023-02-22,296,298,289.11,295.71,1.2,+0.41%,953200
SEDG,2023-02-23,302.22,305,290.52,301.86,6.15,+2.08%,963800
SEDG,2023-02-24,295.5,299.41,292.53,296.18,-5.68,-1.88%,823900
SEDG,2023-02-27,301.99,316.06,300.29,313.63,17.45,+5.89%,1131100
SEDG,2023-02-28,311.31,321.5999,308.95,317.92,4.29,+1.37%,907500
SEDG,2023-03-01,320.85,331.6,316.811,327.43,9.51,+2.99%,1152100
SEDG,2023-03-02,319.13,323.96,312.71,323.42,-4.01,-1.22%,992400
SEDG,2023-03-03,325.7,330.7,320.31,326.83,3.41,+1.05%,691400
SEDG,2023-03-06,327.17,339.5,325.34,332.48,5.65,+1.73%,903700
SEDG,2023-03-07,331.43,334.9999,324.68,328.37,-4.11,-1.24%,756300
SEDG,2023-03-08,328.37,328.955,316.53,324.93,-3.44,-1.05%,736100
SEDG,2023-03-09,325.24,330.72,313.26,313.53,-11.4,-3.51%,719400
SEDG,2023-03-10,312.63,316.76,297.51,304.32,-9.21,-2.94%,1134008
SEDG,2023-03-13,298.15,318.14,296.35,316.21,11.89,+3.91%,1129500
SEDG,2023-03-14,324.77,332.27,312.2,314.27,-1.94,-0.61%,1373300
SEDG,2023-03-15,306.96,309,296.7,306.43,-7.84,-2.49%,1062800
SEDG,2023-03-16,303.18,303.68,283.54,285.57,-20.86,-6.81%,1709000
SEDG,2023-03-17,284.23,284.23,260.41,267.21,-18.36,-6.43%,2346500
SEDG,2023-03-20,270,273.87,258.58,272.31,5.1,+1.91%,1736200
SEDG,2023-03-21,281.23,299.49,278.5001,296.51,24.2,+8.89%,2111800
SEDG,2023-03-22,299.36,301.81,289.39,289.52,-6.99,-2.36%,1234500
SEDG,2023-03-23,294.23,305.81,288.38,291.54,2.02,+0.70%,891600
SEDG,2023-03-24,288.14,289.75,276.09,284.52,-7.02,-2.41%,902100
SEDG,2023-03-27,290,291,279.325,284.59,0.07,+0.02%,622100
SEDG,2023-03-28,284.28,285.58,274.58,277.8,-6.79,-2.39%,941200
SEDG,2023-03-29,283.6,291.99,274.35,291.94,14.14,+5.09%,1231300
SEDG,2023-03-30,301,310.5815,293.46,296.03,4.09,+1.40%,1043300
SEDG,2023-03-31,296.18,306.645,296.18,303.95,7.92,+2.68%,831500
SEDG,2023-04-03,307.89,309.25,295.4,298.31,-5.64,-1.86%,950900
SEDG,2023-04-04,296.88,299.63,291.39,292.77,-5.54,-1.86%,1021400
SEDG,2023-04-05,290.82,293.75,275.29,278.9,-13.87,-4.74%,1100900
SEDG,2023-04-06,276.14,281.395,273.06,280.24,1.34,+0.48%,624100
SEDG,2023-04-10,275.94,283.26,275.1001,283.19,2.95,+1.05%,537600
SEDG,2023-04-11,284.49,290.9899,282.6,288.35,5.16,+1.82%,528300
SEDG,2023-04-12,293.53,296.25,284.79,284.96,-3.39,-1.18%,718100
SEDG,2023-04-13,289.32,309,287.4701,306.89,21.93,+7.70%,1197000
SEDG,2023-04-14,305.95,310,297.11,300.46,-6.43,-2.10%,582500
SEDG,2023-04-17,305.08,320.165,304.621,315.16,14.7,+4.89%,1162100
SEDG,2023-04-18,315.87,322.19,311.255,316.39,1.23,+0.39%,873000
SEDG,2023-04-19,311.9,316.605,309.58,314.36,-2.03,-0.64%,538200
SEDG,2023-04-20,309.38,321.42,309.08,318.2,3.84,+1.22%,649500
SEDG,2023-04-21,316.15,321.61,312.09,319.2,1,+0.31%,994600
SEDG,2023-04-24,317.04,321.33,310.39,318.45,-0.75,-0.23%,864400
SEDG,2023-04-25,313.97,317.93,308.81,309.21,-9.24,-2.90%,669300
SEDG,2023-04-26,290,293.99,275.32,276.97,-32.24,-10.43%,2194800
SEDG,2023-04-27,279.31,294.23,275.07,289.15,12.18,+4.40%,1615100
SEDG,2023-04-28,283.32,286.46,270.2,285.63,-3.52,-1.22%,1571400
SEDG,2023-05-01,285,285.32,273.809,276,-9.63,-3.37%,1512000
SEDG,2023-05-02,275.76,275.76,261.7,263.61,-12.39,-4.49%,2525500
SEDG,2023-05-03,260.55,267.44,256.29,263.82,0.21,+0.08%,2093600
SEDG,2023-05-04,299.9,304,278.735,281.22,17.4,+6.60%,2729000
SEDG,2023-05-05,290.4,294.26,280.52,293.39,12.17,+4.33%,1102100
SEDG,2023-05-08,294.88,296.07,288.2,291.68,-1.71,-0.58%,841500
SEDG,2023-05-09,290.36,292.21,285.13,286.26,-5.42,-1.86%,961000
SEDG,2023-05-10,291.7,297.075,288,294.89,8.63,+3.01%,876600
SEDG,2023-05-11,292.73,299.51,292.21,296.06,1.17,+0.40%,695700
SEDG,2023-05-12,301.72,315.34,296.2198,301.85,5.79,+1.96%,1181300
SEDG,2023-05-15,303.78,313.55,301,307.32,5.47,+1.81%,870600
SEDG,2023-05-16,302.11,302.88,293.67,295.12,-12.2,-3.97%,1047600
SEDG,2023-05-17,297.1,305.76,295.01,303.07,7.95,+2.69%,835300
SEDG,2023-05-18,303.39,304.22,296.435,301.68,-1.39,-0.46%,764600
SEDG,2023-05-19,304.41,306.98,293.8,295.92,-5.76,-1.91%,715700
SEDG,2023-05-22,296.6,301.785,294.17,298.87,2.95,+1.00%,838300
SEDG,2023-05-23,297.15,302.3,286.78,288.95,-9.92,-3.32%,776700
SEDG,2023-05-24,288.07,290.64,284.03,288.2,-0.75,-0.26%,654500
SEDG,2023-05-25,290,297.57,287.1101,296.96,8.76,+3.04%,1049200
SEDG,2023-05-26,298.05,299.91,291.45,294.41,-2.55,-0.86%,602100
SEDG,2023-05-30,298.71,306.86,292.625,295.79,1.38,+0.47%,701600
SEDG,2023-05-31,292.33,295.255,278.12,284.83,-10.96,-3.71%,1409000
SEDG,2023-06-01,284.83,299.74,283.95,294.75,9.92,+3.48%,769500
SEDG,2023-06-02,301.45,303.31,290.335,291.06,-3.69,-1.25%,619000
SEDG,2023-06-05,292.93,298.31,289.86,294.1,3.04,+1.04%,675500
SEDG,2023-06-06,290,299.99,286.785,290.75,-3.35,-1.14%,607500
SEDG,2023-06-07,290.94,297.82,287.1,290.18,-0.57,-0.20%,642900
SEDG,2023-06-08,291.75,293.39,284.0001,285.4,-4.78,-1.65%,490800
SEDG,2023-06-09,286,287.93,281.62,282.33,-3.07,-1.08%,605600
SEDG,2023-06-12,278,285.79,273.51,285.42,3.09,+1.09%,884400
SEDG,2023-06-13,288.59,292.49,277.35,283.05,-2.37,-0.83%,1209200
SEDG,2023-06-14,283.05,283.6955,269.55,271.44,-11.61,-4.10%,1408900
SEDG,2023-06-15,269.43,279.4394,268.5,277.46,6.02,+2.22%,907200
SEDG,2023-06-16,281.3,281.9999,273.04,276.7,-0.76,-0.27%,1055100
SEDG,2023-06-20,274.41,275,252.23,255.36,-21.34,-7.71%,2521800
SEDG,2023-06-21,255.93,258.39,251.2,251.99,-3.37,-1.32%,1331800
SEDG,2023-06-22,251.18,251.63,238.46,244.57,-7.42,-2.94%,2070500
SEDG,2023-06-23,240.28,246.5899,234.96,243.65,-0.92,-0.38%,2211900
SEDG,2023-06-26,245.48,253.39,244.98,247.61,3.96,+1.63%,1331800
SEDG,2023-06-27,249.62,255.25,246.07,255.23,7.62,+3.08%,1241700
SEDG,2023-06-28,251.9,259.5,251.075,257.96,2.73,+1.07%,1366500
SEDG,2023-06-29,257.42,261,250.88,253.96,-4.,-1.55%,1108600
SEDG,2023-06-30,264.38,269.84,260.48,269.05,15.09,+5.94%,1159200
SEDG,2023-07-03,271.16,277.73,267.71,270.42,1.37,+0.51%,892100
SEDG,2023-07-05,267,269.76,262.42,265.19,-5.23,-1.93%,861600
SEDG,2023-07-06,258.44,261.48,252.66,255.08,-10.11,-3.81%,1186900
SEDG,2023-07-07,255.16,264.3,255.08,258.94,3.86,+1.51%,799100
SEDG,2023-07-10,258.94,266.3,255.51,264.99,6.05,+2.34%,729000
SEDG,2023-07-11,266,267,261.95,265.05,0.06,+0.02%,642100
SEDG,2023-07-12,272.1,276.5,269.19,270.92,5.87,+2.21%,853300
SEDG,2023-07-13,274.95,275.04,267.69,272.01,1.09,+0.40%,699200
SEDG,2023-07-14,272.96,275.95,268.2,273.56,1.55,+0.57%,823300
SEDG,2023-07-17,272.56,288.87,271.31,283.85,10.29,+3.76%,1242100
SEDG,2023-07-18,284.15,285.02,270.69,274.16,-9.69,-3.41%,1466500
SEDG,2023-07-19,275.92,281.37,273.26,273.75,-0.41,-0.15%,694000
SEDG,2023-07-20,269,269.03,261.05,263.1,-10.65,-3.89%,1073100
SEDG,2023-07-21,265.52,267.93,261.485,263.9,0.8,+0.30%,950400
SEDG,2023-07-24,262.57,265.22,257.47,260.09,-3.81,-1.44%,689600
SEDG,2023-07-25,262.04,265.415,258.8,259.46,-0.63,-0.24%,556900
SEDG,2023-07-26,249.25,253.87,242.15,244.26,-15.2,-5.86%,2043100
SEDG,2023-07-27,247.66,248.82,236.24,241.75,-2.51,-1.03%,1851800
SEDG,2023-07-28,232.56,238.21,227.62,236.79,-4.96,-2.05%,2765000
SEDG,2023-07-31,238.24,244.42,235.02,241.46,4.67,+1.97%,1384000
SEDG,2023-08-01,237.8,241.525,237.27,239.47,-1.99,-0.82%,2051600
SEDG,2023-08-02,204.45,207,191.65,195.51,-43.96,-18.36%,8505800
SEDG,2023-08-03,197.01,202.47,188.89,189.79,-5.72,-2.93%,4203300
SEDG,2023-08-04,191.47,192.45,182.345,182.65,-7.14,-3.76%,3173100
SEDG,2023-08-07,183,184.4999,178.51,180.74,-1.91,-1.05%,2167800
SEDG,2023-08-08,178.5,179.4714,176.24,178.45,-2.29,-1.27%,1716900
SEDG,2023-08-09,180.1,186,178.24,183.13,4.68,+2.62%,2280200
SEDG,2023-08-10,184.03,186.79,176.94,177.84,-5.29,-2.89%,2089600
SEDG,2023-08-11,176,177.175,174.03,176.35,-1.49,-0.84%,1413700
SEDG,2023-08-14,176.71,177.85,172.48,176.99,0.64,+0.36%,982900
SEDG,2023-08-15,175.05,175.8199,169.86,170,-6.99,-3.95%,1466000
SEDG,2023-08-16,162.6,167.76,161.13,162.32,-7.68,-4.52%,2462600
SEDG,2023-08-17,162.6,166.54,161.77,162.77,0.45,+0.28%,1634500
SEDG,2023-08-18,159.64,163.38,158.01,162.34,-0.43,-0.26%,1447800
SEDG,2023-08-21,163.34,164.45,161.54,163,0.66,+0.41%,889600
SEDG,2023-08-22,164.94,165.72,161.5,164.16,1.16,+0.71%,1108000
SEDG,2023-08-23,165.54,169.49,163.26,167.07,2.91,+1.77%,938000
SEDG,2023-08-24,167.5,167.935,156.74,156.94,-10.13,-6.06%,1833000
SEDG,2023-08-25,156.84,162.74,156.47,161.7,4.76,+3.03%,1373000
SEDG,2023-08-28,163.44,164.74,159.3949,161.47,-0.23,-0.14%,948100
SEDG,2023-08-29,161.47,166.835,160.78,166.57,5.1,+3.16%,928600
SEDG,2023-08-30,166.27,167.56,163.46,164.11,-2.46,-1.48%,930900
SEDG,2023-08-31,164.21,166.18,161.295,162.57,-1.54,-0.94%,1504500
SEDG,2023-09-01,163.84,167.87,161.24,161.95,-0.62,-0.38%,1130100
SEDG,2023-09-05,161.7,163.485,160.91,161.67,-0.28,-0.17%,1064400
SEDG,2023-09-06,160.63,160.98,154.42,155.9,-5.77,-3.57%,1489700
SEDG,2023-09-07,152.75,152.985,147.955,152.29,-3.61,-2.32%,1402700
SEDG,2023-09-08,150.97,151.27,146.1,148.85,-3.44,-2.26%,1960200
SEDG,2023-09-11,151.38,151.975,147.724,148.26,-0.59,-0.40%,1848400
SEDG,2023-09-12,148.46,153.08,147.82,150.87,2.61,+1.76%,1823000
SEDG,2023-09-13,149.55,151.99,143.43,144.97,-5.9,-3.91%,1815100
SEDG,2023-09-14,146.82,147.62,142.3,144.76,-0.21,-0.14%,2113200
SEDG,2023-09-15,143.9,145.57,139.52,140.29,-4.47,-3.09%,3136000
SEDG,2023-09-18,139.06,139.0981,135.87,136.22,-4.07,-2.90%,1693600
SEDG,2023-09-19,135.72,141.33,135.72,138.46,2.24,+1.64%,1983000
SEDG,2023-09-20,138.71,141.7,136.8866,139.2,0.74,+0.53%,1425000
SEDG,2023-09-21,137.11,139.415,136.22,136.29,-2.91,-2.09%,1183500
SEDG,2023-09-22,137.87,137.87,132.795,134.6,-1.69,-1.24%,1276000
SEDG,2023-09-25,133.5,138.16,131.44,131.87,-2.73,-2.03%,1639000
SEDG,2023-09-26,130.78,130.78,126.83,127.27,-4.6,-3.49%,2222200
SEDG,2023-09-27,128.55,132.45,127.7,128.01,0.74,+0.58%,1792000
SEDG,2023-09-28,128.67,132.6699,125.26,130.74,2.73,+2.13%,1813300
SEDG,2023-09-29,133.8,135.95,128.145,129.51,-1.23,-0.94%,1812400
SEDG,2023-10-02,125.11,127.25,121.57,122.56,-6.95,-5.37%,2521400
SEDG,2023-10-03,120.12,121.5,118.28,120.31,-2.25,-1.84%,2380400
SEDG,2023-10-04,120.25,127.68,117.71,125.31,5,+4.16%,3254700
SEDG,2023-10-05,126.34,127.49,117.57,120.62,-4.69,-3.74%,2134500
SEDG,2023-10-06,118.36,125.26,118,123.97,3.35,+2.78%,1533400
SEDG,2023-10-09,120.09,122.65,116.5601,119.22,-4.75,-3.83%,2807900
SEDG,2023-10-10,120.01,127.05,120,124.99,5.77,+4.84%,2497800
SEDG,2023-10-11,126.12,128.43,122.46,124.54,-0.45,-0.36%,1854000
SEDG,2023-10-12,126.38,126.38,118.72,120.65,-3.89,-3.12%,1690700
SEDG,2023-10-13,121.61,123.05,119.205,119.76,-0.89,-0.74%,1111600
SEDG,2023-10-16,119.5,125.085,117.72,123.6,3.84,+3.21%,1762000
SEDG,2023-10-17,121.55,130.38,121.1,127.65,4.05,+3.28%,2020500
SEDG,2023-10-18,125.74,126.09,120.49,120.78,-6.87,-5.38%,1478300
SEDG,2023-10-19,120.74,120.74,113.43,113.98,-6.8,-5.63%,2647000
SEDG,2023-10-20,75.57,85.39,72.37,82.9,-31.08,-27.27%,21315900
SEDG,2023-10-23,80.65,86.289,80.0749,85.49,2.59,+3.12%,5374000
SEDG,2023-10-24,86.68,88.305,82.73,83.34,-2.15,-2.51%,3344000
SEDG,2023-10-25,82,82,77.24,81.04,-2.3,-2.76%,3899700
SEDG,2023-10-26,82.35,85.11,80.84,83.41,2.37,+2.92%,2826200
SEDG,2023-10-27,79.47,80.61,76.011,76.99,-6.42,-7.70%,5071100
SEDG,2023-10-30,77.53,78.8,74.08,75.04,-1.95,-2.53%,3217900
SEDG,2023-10-31,75.4,76.79,74.3353,75.95,0.91,+1.21%,2657600
SEDG,2023-11-01,74.57,76.14,73.2,75.79,-0.16,-0.21%,5050300
SEDG,2023-11-02,63.9,74.19,63.25,72.79,-3.,-3.96%,12429500
SEDG,2023-11-03,74.15,77.88,73.66,75.6,2.81,+3.86%,6005900
SEDG,2023-11-06,75.6,75.98,68.59,71.77,-3.83,-5.07%,5136000
SEDG,2023-11-07,71.87,73.44,70.12,73.17,1.4,+1.95%,2472400
SEDG,2023-11-08,72.73,72.83,70.695,70.87,-2.3,-3.14%,2397700
SEDG,2023-11-09,71.58,73.5799,70.28,70.33,-0.54,-0.76%,2378400
SEDG,2023-11-10,70.35,71.2692,68.37,71.14,0.81,+1.15%,1911200
SEDG,2023-11-13,70.01,72.355,69.2,71.62,0.48,+0.67%,2154900
SEDG,2023-11-14,75.9,81.035,75.89,79.35,7.73,+10.79%,4546800
SEDG,2023-11-15,80.45,85.119,79.25,80.04,0.69,+0.87%,4021500
SEDG,2023-11-16,79.1,79.32,76.46,76.52,-3.52,-4.40%,2802200
SEDG,2023-11-17,77.36,78.99,74.81,78.99,2.47,+3.23%,2913800
SEDG,2023-11-20,79.03,82.9,76.72,81.05,2.06,+2.61%,2779200
SEDG,2023-11-21,81.31,81.52,78.39,78.92,-2.13,-2.63%,1868201
SEDG,2023-11-22,80,80,78,78.68,-0.24,-0.30%,1576300
SEDG,2023-11-24,78.74,79.08,77.54,78.08,-0.6,-0.76%,875000
SEDG,2023-11-27,77.74,77.81,75.4319,76.82,-1.26,-1.61%,1787100
SEDG,2023-11-28,75.76,78.42,73.85,76.97,0.15,+0.20%,2208300
SEDG,2023-11-29,78.95,81.9,77.961,78.55,1.58,+2.05%,2190900
SEDG,2023-11-30,80.5,81.27,76.5,79.38,0.83,+1.06%,6161400
SEDG,2023-12-01,78.69,82.665,76.135,82.48,3.1,+3.91%,2746600
SEDG,2023-12-04,82.48,85.71,82.02,83.6,1.12,+1.36%,2816800
SEDG,2023-12-05,82.48,85.31,81.61,81.9,-1.7,-2.03%,2854000
SEDG,2023-12-06,82.7,84.46,80.44,80.67,-1.23,-1.50%,2291700
SEDG,2023-12-07,81.03,82.3,79.43,80.19,-0.48,-0.60%,1850800
SEDG,2023-12-08,79.99,81.4,76.4,78.4,-1.79,-2.23%,2643600
SEDG,2023-12-11,78.22,80.89,78,79.65,1.25,+1.59%,1846900
SEDG,2023-12-12,79.06,79.28,73.05,76.18,-3.47,-4.36%,3567200
SEDG,2023-12-13,71.51,82.78,71.15,82.61,6.43,+8.44%,4231700
SEDG,2023-12-14,86.21,98.16,86.15,96.32,13.71,+16.60%,7225200
SEDG,2023-12-15,97.5,99.61,93.7,97.12,0.8,+0.83%,16630900
SEDG,2023-12-18,92.55,97.2755,91.495,93.48,-3.64,-3.75%,4269900
SEDG,2023-12-19,93.5,103.1512,93.5,102.24,8.76,+9.37%,4710600
SEDG,2023-12-20,101.11,102.62,94.6675,94.85,-7.39,-7.23%,3941400
SEDG,2023-12-21,96.61,100.5,94.86,97.08,2.23,+2.35%,3040800
SEDG,2023-12-22,98,98.11,93.98,96.03,-1.05,-1.08%,2377900
SEDG,2023-12-26,96.86,98.4999,95.52,96.96,0.93,+0.97%,1869400
SEDG,2023-12-27,97.59,97.6389,95.18,96.43,-0.53,-0.55%,1402400
SEDG,2023-12-28,95.79,97.2,94.77,96.73,0.3,+0.31%,1748300
SEDG,2023-12-29,96.51,97.15,93.53,93.6,-3.13,-3.24%,1801500
SEDG,2024-01-02,93,97.27,91.46,91.7,-1.9,-2.03%,1889200
SEDG,2024-01-03,89.75,89.75,84.35,86.44,-5.26,-5.74%,3078300
SEDG,2024-01-04,85.97,85.9799,82.56,82.8,-3.64,-4.21%,2389600
SEDG,2024-01-05,81.78,84.06,79.44,79.58,-3.22,-3.89%,2608800
SEDG,2024-01-08,80.28,80.34,78.06,78.54,-1.04,-1.31%,3053500
SEDG,2024-01-09,77.02,78.85,75.63,77.22,-1.32,-1.68%,2698300
SEDG,2024-01-10,77.8,81.21,75.9,81.01,3.79,+4.91%,3485800
SEDG,2024-01-11,80.16,80.26,75.41,77.62,-3.39,-4.18%,3121300
SEDG,2024-01-12,79.12,79.8999,74.02,74.24,-3.38,-4.35%,2557300
SEDG,2024-01-16,73.28,74.97,72.415,72.83,-1.41,-1.90%,2904400
SEDG,2024-01-17,68.78,70.91,67.5483,68.22,-4.61,-6.33%,4174900
SEDG,2024-01-18,69.47,70.29,67.3,69.27,1.05,+1.54%,2559500
SEDG,2024-01-19,69.39,69.43,66.53,69.11,-0.16,-0.23%,2532900
SEDG,2024-01-22,71.99,76.9264,70.33,71.85,2.74,+3.96%,3726100
SEDG,2024-01-23,74.64,75.58,70.43,71.84,-0.01,-0.01%,2524600
SEDG,2024-01-24,73.57,73.76,69.87,70.2,-1.64,-2.28%,2220700
SEDG,2024-01-25,70.6,70.76,65.62,70.44,0.24,+0.34%,3769900
SEDG,2024-01-26,71.3,71.46,68.83,68.84,-1.6,-2.27%,1556900
SEDG,2024-01-29,68.3,71.32,67.17,71.25,2.41,+3.50%,2152200
SEDG,2024-01-30,70.36,72.19,69,69.16,-2.09,-2.93%,1939900
SEDG,2024-01-31,69.14,72.5727,66.45,66.5,-2.66,-3.85%,3498500
SEDG,2024-02-01,67.85,70.77,66.9,69.27,2.77,+4.17%,2932600
SEDG,2024-02-02,66.9,68.3,64.58,68,-1.27,-1.83%,1872400
SEDG,2024-02-05,66.28,66.28,63.71,65.67,-2.33,-3.43%,2863100
SEDG,2024-02-06,66.21,68.54,64.31,67.38,1.71,+2.60%,2562300
SEDG,2024-02-07,77.31,79.61,71.1579,76.18,8.8,+13.06%,5542500
SEDG,2024-02-08,75.83,77.56,74.26,75.51,-0.67,-0.88%,1868100
SEDG,2024-02-09,76.21,79.3,75.81,77.76,2.25,+2.98%,1530500
SEDG,2024-02-12,78.5,85.1,78,83.3,5.54,+7.12%,2409900
SEDG,2024-02-13,76.22,80.34,75.63,76.55,-6.75,-8.10%,2434800
SEDG,2024-02-14,78.17,82.95,76.56,82.61,6.06,+7.92%,2268300
SEDG,2024-02-15,85.29,87.98,84.41,86.94,4.33,+5.24%,2408400
SEDG,2024-02-16,84.41,87.13,83.8,85.06,-1.88,-2.16%,1671100
SEDG,2024-02-20,83.06,84.69,81.821,84.42,-0.64,-0.75%,4729000
SEDG,2024-02-21,70.01,75.59,70,74.14,-10.28,-12.18%,8466000
SEDG,2024-02-22,74.15,76.685,69.8,69.93,-4.21,-5.68%,4454600
SEDG,2024-02-23,69.69,69.84,65.55,67.35,-2.58,-3.69%,3266900
SEDG,2024-02-26,67.24,68.44,66.2901,67.08,-0.27,-0.40%,1788800
SEDG,2024-02-27,68.32,69.5,67.2,69.34,2.26,+3.37%,1554500
SEDG,2024-02-28,68.51,69.05,65.39,65.56,-3.78,-5.45%,2448200
SEDG,2024-02-29,67.81,70.72,66.7,67.17,1.61,+2.46%,2542500
SEDG,2024-03-01,67.57,69.08,65.86,67.88,0.71,+1.06%,1400800
SEDG,2024-03-04,67.79,68.09,65.21,67.06,-0.82,-1.21%,1990500
SEDG,2024-03-05,66.89,68.68,66.02,67.61,0.55,+0.82%,2055300
SEDG,2024-03-06,69.14,70.81,67.1,70.36,2.75,+4.07%,1837100
SEDG,2024-03-07,71.38,75.27,70.56,75.26,4.9,+6.96%,1817700
SEDG,2024-03-08,76.67,78.405,74.915,75.72,0.46,+0.61%,1922419
SEDG,2024-03-11,75.11,77.52,73.66,74.49,-1.23,-1.62%,1398000
SEDG,2024-03-12,74.52,74.76,71.65,72.14,-2.35,-3.15%,1572700
SEDG,2024-03-13,71.42,72.33,67.4,67.85,-4.29,-5.95%,2044300
SEDG,2024-03-14,67.79,68.47,63.76,64.57,-3.28,-4.83%,2377300
SEDG,2024-03-15,63.75,64.34,61.41,61.56,-3.01,-4.66%,4197800
SEDG,2024-03-18,62.33,64.25,60.435,62.7,1.14,+1.85%,2191700
SEDG,2024-03-19,61.52,63.1,61.08,62.25,-0.45,-0.72%,1411800
SEDG,2024-03-20,61.87,65.88,61.3,65.45,3.2,+5.14%,1818500
SEDG,2024-03-21,66.21,69.27,66.14,66.73,1.28,+1.96%,1910500
SEDG,2024-03-22,65.72,66.28,64.11,64.7,-2.03,-3.04%,1691900
SEDG,2024-03-25,64.32,65.5,63.63,64.02,-0.68,-1.05%,1751700
SEDG,2024-03-26,64.49,65.984,63.39,63.43,-0.59,-0.92%,1524500
SEDG,2024-03-27,64.71,70.385,64.275,69.69,6.26,+9.87%,2301900
SEDG,2024-03-28,69.6,71.73,68.9,70.98,1.29,+1.85%,1430700
SEDG,2024-04-01,71.27,73.12,69.82,70.96,-0.02,-0.03%,1313700
SEDG,2024-04-02,69.04,69.41,66.45,66.89,-4.07,-5.74%,1297700
SEDG,2024-04-03,66.15,68.62,64.9,68.39,1.5,+2.24%,1152900
SEDG,2024-04-04,70,73.6,68.07,68.77,0.38,+0.56%,1970800
SEDG,2024-04-05,67.45,68.82,65.4,66.69,-2.08,-3.02%,1710400
SEDG,2024-04-08,67.11,68.57,66.6,66.95,0.26,+0.39%,1083400
SEDG,2024-04-09,67.8,72.12,67.8,72.09,5.14,+7.68%,1731600
SEDG,2024-04-10,68.4,71.38,67.57,70.7,-1.39,-1.93%,1676100
SEDG,2024-04-11,71.75,72.1,68.12,70.26,-0.44,-0.62%,1259900
SEDG,2024-04-12,69.66,71.5,65.15,65.35,-4.91,-6.99%,1979100
SEDG,2024-04-15,65.16,65.29,60.14,60.44,-4.91,-7.51%,2198700
SEDG,2024-04-16,59.63,60.5999,57.717,59.52,-0.92,-1.52%,1991100
SEDG,2024-04-17,59.85,61.21,58.875,59.74,0.22,+0.37%,2182600
SEDG,2024-04-18,59.57,59.57,57.06,57.39,-2.35,-3.93%,1986200
SEDG,2024-04-19,57.63,58.35,55.37,55.8,-1.59,-2.77%,2368700
SEDG,2024-04-22,56,56.18,53.59,54.51,-1.29,-2.31%,2484600
SEDG,2024-04-23,54.42,57.47,54,56.77,2.26,+4.15%,2720300
SEDG,2024-04-24,57.21,60.9,56.51,57.86,1.09,+1.92%,2705000
SEDG,2024-04-25,56.99,57.42,54.48,56.61,-1.25,-2.16%,1896000
SEDG,2024-04-26,56.56,59.19,56.03,58.2,1.59,+2.81%,1268600
SEDG,2024-04-29,59.62,61.84,58.91,60.01,1.81,+3.11%,1194400
SEDG,2024-04-30,58.45,59.59,58.305,58.65,-1.36,-2.27%,1657900
SEDG,2024-05-01,58.8,61.29,57.82,58.1,-0.55,-0.94%,2118200
SEDG,2024-05-02,59.63,59.8376,57.0649,59.66,1.56,+2.69%,1466000
SEDG,2024-05-03,62.23,64.04,60,60.45,0.79,+1.32%,1861600
SEDG,2024-05-06,61.24,61.7,59.79,60.07,-0.38,-0.63%,1361700
SEDG,2024-05-07,60.17,60.5,58.63,58.71,-1.36,-2.26%,1942300
SEDG,2024-05-08,57.25,58.54,56.28,57.55,-1.16,-1.98%,3110600
SEDG,2024-05-09,53.55,55.72,51.65,52.67,-4.88,-8.48%,6399600
SEDG,2024-05-10,53.21,53.67,49.12,49.47,-3.2,-6.08%,3964800
SEDG,2024-05-13,49,53,48.82,52.21,2.74,+5.54%,3322000
SEDG,2024-05-14,54.72,55.77,52.26,53.75,1.54,+2.95%,2896400
SEDG,2024-05-15,55.87,56.52,51.28,51.35,-2.4,-4.47%,1936400
SEDG,2024-05-16,51.92,52.53,50.33,50.52,-0.83,-1.62%,1564400
SEDG,2024-05-17,50.2,50.82,48.41,48.41,-2.11,-4.18%,1893700
SEDG,2024-05-20,48.46,49.05,47.59,48.71,0.3,+0.62%,1716200
SEDG,2024-05-21,48.07,48.87,47.74,48.48,-0.23,-0.47%,1211800
SEDG,2024-05-22,48.19,53.58,48.105,52.83,4.35,+8.97%,3561700
SEDG,2024-05-23,52.1,52.4,46.86,47.21,-5.62,-10.64%,3109300
SEDG,2024-05-24,47.6,49.74,47.25,48.02,0.81,+1.72%,2090900
SEDG,2024-05-28,48.78,50.1,47.84,49.98,1.96,+4.08%,3012400
SEDG,2024-05-29,48.4,50.05,48.26,48.56,-1.42,-2.84%,1487800
SEDG,2024-05-30,49.44,51.15,48.6,49.32,0.76,+1.57%,1266900
SEDG,2024-05-31,50.09,51.5,48.07,48.99,-0.33,-0.67%,1902100
SEDG,2024-06-03,50.6,50.6,47.7,48.01,-0.98,-2.00%,1808600
SEDG,2024-06-04,48.64,49.1,47.14,47.37,-0.64,-1.33%,1614400
SEDG,2024-06-05,47.94,50.83,47.64,48.92,1.55,+3.27%,1925900
SEDG,2024-06-06,48.4,48.9,47.51,48.32,-0.6,-1.23%,1255100
SEDG,2024-06-07,47.06,47.66,46.05,46.29,-2.03,-4.20%,1960300
SEDG,2024-06-10,45.05,47.22,44.07,46.89,0.6,+1.30%,2129900
SEDG,2024-06-11,46.31,46.48,44.921,45.89,-1.,-2.13%,1513300
SEDG,2024-06-12,48.25,49.57,44.57,44.67,-1.22,-2.66%,2693000
SEDG,2024-06-13,44.72,45.16,43.18,43.27,-1.4,-3.13%,1859100
SEDG,2024-06-14,42.75,43.14,39.84,39.86,-3.41,-7.88%,3082700
SEDG,2024-06-17,39.64,40.47,37.07,38.23,-1.63,-4.09%,4110900
SEDG,2024-06-18,37.75,38.48,36.555,37.07,-1.16,-3.03%,2817400
SEDG,2024-06-20,33.82,35.29,32.82,34.31,-2.76,-7.45%,7053000
SEDG,2024-06-21,34.01,34.2312,32.54,33.01,-1.3,-3.79%,6376600
SEDG,2024-06-24,32.89,33.74,31.95,33.25,0.24,+0.73%,5190800
SEDG,2024-06-25,27.4,28.72,24.7201,26.4,-6.85,-20.60%,25016600
SEDG,2024-06-26,26.26,26.63,24.83,24.99,-1.41,-5.34%,9989300
SEDG,2024-06-27,24.8,26.33,24.44,25.27,0.28,+1.12%,6968900
SEDG,2024-06-28,25.19,25.47,24.5,25.26,-0.01,-0.04%,4422400
SEDG,2024-07-01,25.03,26.05,23.96,23.97,-1.29,-5.11%,5229300
SEDG,2024-07-02,24.22,25.04,23.51,24.25,0.28,+1.17%,5279600
SEDG,2024-07-03,24.8,25.48,24.25,25.32,1.07,+4.41%,3868100
SEDG,2024-07-05,25.64,25.64,24.54,25.05,-0.27,-1.07%,3262000
SEDG,2024-07-08,26.31,28.37,25.81,27.37,2.32,+9.26%,10853000
SEDG,2024-07-09,26.89,27.19,25.7,26.87,-0.5,-1.83%,6096200
SEDG,2024-07-10,27.39,29.66,27.2,29.63,2.76,+10.27%,6893700
SEDG,2024-07-11,30.5,31.74,28.88,29.91,0.28,+0.94%,7394100
SEDG,2024-07-12,30.34,32.11,30.04,31.65,1.74,+5.82%,7067300
SEDG,2024-07-15,28.87,29.25,26.76,26.79,-4.86,-15.36%,9403400
SEDG,2024-07-16,27.13,30.63,27,30.2,3.41,+12.73%,7176900
SEDG,2024-07-17,28.95,30.15,27.9,28.11,-2.09,-6.92%,4578200
SEDG,2024-07-18,28.4,29.19,26.34,26.74,-1.37,-4.87%,5438300
SEDG,2024-07-19,26.44,26.58,25.5301,25.69,-1.05,-3.93%,4049000
SEDG,2024-07-22,26.99,27.05,25.57,26.3,0.61,+2.37%,4294100
SEDG,2024-07-23,25.65,26.52,25.47,25.52,-0.78,-2.97%,3746600
SEDG,2024-07-24,25.85,27.63,25.1,25.17,-0.35,-1.37%,7367000
SEDG,2024-07-25,25.07,27.99,24.83,27.45,2.28,+9.06%,4941200
SEDG,2024-07-26,28.53,28.95,27.43,27.57,0.12,+0.44%,3134600
SEDG,2024-07-29,27.29,27.97,26.31,26.81,-0.76,-2.76%,2330300
SEDG,2024-07-30,26.93,27.36,26.37,27.01,0.2,+0.75%,1554900
SEDG,2024-07-31,27.42,30.305,27.16,28.86,1.85,+6.85%,3397900
SEDG,2024-08-01,29.04,29.5199,26.39,26.54,-2.32,-8.04%,3029600
SEDG,2024-08-02,25.12,26.83,24.925,25.32,-1.22,-4.60%,3238000
SEDG,2024-08-05,23.47,26.115,23.2127,25.02,-0.3,-1.18%,2655300
SEDG,2024-08-06,24.84,24.96,23.6509,23.9,-1.12,-4.48%,2870500
SEDG,2024-08-07,25.37,26.07,23.53,23.59,-0.31,-1.30%,5202900
SEDG,2024-08-08,19.85,23.1,19.806,22.87,-0.72,-3.05%,9951400
SEDG,2024-08-09,22.86,23,20.52,21.2,-1.67,-7.30%,5013200
SEDG,2024-08-12,21.21,22.4199,21.15,21.44,0.24,+1.13%,3629400
SEDG,2024-08-13,21.55,22.13,21.01,21.88,0.44,+2.05%,2906200
SEDG,2024-08-14,22.18,22.7,21.05,22.37,0.49,+2.24%,3837700
SEDG,2024-08-15,23.06,25.625,23.05,24.57,2.2,+9.83%,3407200
SEDG,2024-08-16,24.35,25.3,24.05,25.29,0.72,+2.93%,2541400
SEDG,2024-08-19,25.56,27.91,25.45,27.53,2.24,+8.86%,3952700
SEDG,2024-08-20,27.4,28.34,26.46,26.63,-0.9,-3.27%,3372500
SEDG,2024-08-21,26.64,27.42,26.44,26.85,0.22,+0.83%,2023300
SEDG,2024-08-22,26.57,26.82,24.83,25.05,-1.8,-6.70%,1761300
SEDG,2024-08-23,25.39,28.78,25.2,28.77,3.72,+14.85%,3565400
SEDG,2024-08-26,30.99,31.07,26.01,26.13,-2.64,-9.18%,7580000
SEDG,2024-08-27,25.87,26.3,24.31,25.69,-0.44,-1.68%,3438400
SEDG,2024-08-28,25.66,26.5,25.19,25.69,0,0.00%,2158000
SEDG,2024-08-29,25.56,26.025,24.86,24.91,-0.78,-3.04%,1970300
SEDG,2024-08-30,25.16,25.32,24.14,24.33,-0.58,-2.33%,2080200
SEDG,2024-09-03,23.81,23.99,22.04,22.07,-2.26,-9.29%,2904800
SEDG,2024-09-04,21.92,22.55,21.54,21.72,-0.35,-1.59%,2102400
SEDG,2024-09-05,22.14,22.48,20.59,20.66,-1.06,-4.88%,2727100
SEDG,2024-09-06,20.66,20.93,19.43,19.49,-1.17,-5.66%,2925600
SEDG,2024-09-09,19.61,20.2,17.86,17.94,-1.55,-7.95%,5460400
SEDG,2024-09-10,17.98,18.1011,17.12,17.85,-0.09,-0.50%,4211800
SEDG,2024-09-11,19.13,19.8694,18.59,19.36,1.51,+8.46%,6202300
SEDG,2024-09-12,19.27,19.41,18.02,18.15,-1.21,-6.25%,3299300
SEDG,2024-09-13,18.58,19.77,18.48,19.7,1.55,+8.54%,4165100
SEDG,2024-09-16,19.7,22.18,19.55,21.95,2.25,+11.42%,5521300
SEDG,2024-09-17,21.08,23.16,21.0776,22.52,0.57,+2.60%,5397200
SEDG,2024-09-18,22.39,23.79,21.67,21.69,-0.83,-3.69%,4609100
SEDG,2024-09-19,22.96,23.085,21.135,21.2,-0.49,-2.26%,4139600
SEDG,2024-09-20,21.14,21.15,20.05,20.37,-0.83,-3.92%,3848100
SEDG,2024-09-23,20.35,20.925,19.74,20.64,0.27,+1.33%,2432700
SEDG,2024-09-24,20.94,21.58,20.75,21.25,0.61,+2.96%,2480400
SEDG,2024-09-25,21.17,21.86,19.7897,20.17,-1.08,-5.08%,4288100
SEDG,2024-09-26,21.2,22.12,20.57,21.61,1.44,+7.14%,3452600
SEDG,2024-09-27,22.34,23.58,22.26,23.12,1.51,+6.99%,3966400
SEDG,2024-09-30,22.54,23.59,22.37,22.91,-0.21,-0.91%,2618100
SEDG,2024-10-01,22.93,22.93,21.34,22.02,-0.89,-3.88%,3125900
SEDG,2024-10-02,21.88,22.22,20.872,21.64,-0.38,-1.73%,2116700
SEDG,2024-10-03,21.4,21.61,20.15,20.26,-1.38,-6.38%,2552300
SEDG,2024-10-04,20.58,20.72,19.77,20.13,-0.13,-0.64%,2344400
SEDG,2024-10-07,20,20.84,19.54,20.42,0.29,+1.44%,2667200
SEDG,2024-10-08,19.78,19.9333,18.415,18.56,-1.86,-9.11%,4661700
SEDG,2024-10-09,18.59,19.288,18.2,19,0.44,+2.37%,2786900
SEDG,2024-10-10,18.67,18.78,17.8,18.18,-0.82,-4.32%,3444300
SEDG,2024-10-11,18.09,19.765,18.045,19.46,1.28,+7.04%,3495500
SEDG,2024-10-14,19.1,19.3821,18.5786,18.83,-0.63,-3.24%,2295200
SEDG,2024-10-15,18.5,18.77,17.83,18.19,-0.64,-3.40%,3922100
SEDG,2024-10-16,18.56,18.8238,18.095,18.57,0.38,+2.09%,2317500
SEDG,2024-10-17,17.51,18.16,16.91,17.93,-0.64,-3.45%,4703900
SEDG,2024-10-18,18.2,18.39,17.27,17.31,-0.62,-3.46%,3522300
SEDG,2024-10-21,16.81,17.19,16.45,17.01,-0.3,-1.73%,4054400
SEDG,2024-10-22,17.01,17.63,16.855,17.58,0.57,+3.35%,3289600
SEDG,2024-10-23,16.28,16.35,14.89,14.945,-2.635,-14.99%,11694600
SEDG,2024-10-24,15.07,15.38,14.82,15.255,0.31,+2.07%,3874000
SEDG,2024-10-25,15.36,16.24,15.13,16.11,0.855,+5.60%,4738400
SEDG,2024-10-28,16.3,17.49,16.27,17.46,1.35,+8.38%,5041500
SEDG,2024-10-29,17.5,17.68,16.51,16.77,-0.69,-3.95%,3487600
SEDG,2024-10-30,16.58,17.49,16.47,16.89,0.12,+0.72%,2316600
SEDG,2024-10-31,16.8,17.24,16.41,17.06,0.17,+1.01%,2506000
SEDG,2024-11-01,17.41,18.11,16.9012,17.69,0.63,+3.69%,3436300
SEDG,2024-11-04,18.01,19.14,17.93,18.3,0.61,+3.45%,4924300
SEDG,2024-11-05,17.95,18.87,17.71,18.87,0.57,+3.11%,2786400
SEDG,2024-11-06,15.97,16.48,14.5,14.675,-4.195,-22.23%,15017700
SEDG,2024-11-07,12.83,15.45,12.38,14.88,0.205,+1.40%,18863100
SEDG,2024-11-08,14.58,14.69,13.195,13.53,-1.35,-9.07%,7877600
SEDG,2024-11-11,13.65,13.89,12.75,13.68,0.15,+1.11%,5930300
SEDG,2024-11-12,13.16,13.355,12.11,12.24,-1.44,-10.53%,6485600
SEDG,2024-11-13,12.3,12.4401,11.0201,12.1,-0.14,-1.14%,10728900
SEDG,2024-11-14,12.38,13.48,11.67,12.83,0.73,+6.03%,7542300
SEDG,2024-11-15,12.68,12.96,10.55,10.64,-2.19,-17.07%,9412000
SEDG,2024-11-18,10.78,11.12,10.37,10.85,0.21,+1.97%,4666000
SEDG,2024-11-19,10.73,11,10.26,10.465,-0.385,-3.55%,4579800
SEDG,2024-11-20,10.48,11.45,10.24,10.87,0.405,+3.87%,5508400
SEDG,2024-11-21,10.845,11.2434,10.5391,10.73,-0.14,-1.29%,3254700
SEDG,2024-11-22,10.7,12.1,10.41,11.88,1.15,+10.72%,5497200
SEDG,2024-11-25,12.57,14.24,12.5,13.77,1.89,+15.91%,7563077
SEDG,2024-11-26,13.94,14,13.1,13.69,-0.08,-0.58%,3987083
SEDG,2024-11-27,14.09,16.05,13.9845,14.86,1.17,+8.55%,7976700
SEDG,2024-11-29,14.94,16.02,14.46,15.8,0.94,+6.33%,3093000
SEDG,2024-12-02,16,16.11,14.81,15.89,0.09,+0.57%,5141900
SEDG,2024-12-03,15.52,15.618,14.6,14.66,-1.23,-7.74%,3631400
SEDG,2024-12-04,14.7,14.84,13.85,14.06,-0.6,-4.09%,3502900
SEDG,2024-12-05,14.06,14.37,12.46,12.59,-1.47,-10.46%,5656000
SEDG,2024-12-06,12.97,13.15,12.27,12.78,0.19,+1.51%,3423100
SEDG,2024-12-09,13.23,15.44,13.07,14.28,1.5,+11.74%,6905800
SEDG,2024-12-10,14.12,14.4799,13.63,14.09,-0.19,-1.33%,2857500
SEDG,2024-12-11,14.59,14.95,13.61,14.41,0.32,+2.27%,2208600
SEDG,2024-12-12,14.08,14.32,13.21,13.28,-1.13,-7.84%,3655700
SEDG,2024-12-13,13.3,13.75,13,13.35,0.07,+0.53%,2746800
SEDG,2024-12-16,12.82,13,12.27,12.32,-1.03,-7.72%,5161600
SEDG,2024-12-17,14.68,15.48,13.58,14.37,2.05,+16.64%,13792100
SEDG,2024-12-18,14.48,15.95,13.72,13.84,-0.53,-3.69%,9177000
SEDG,2024-12-19,14.01,14.5,13,13.11,-0.73,-5.27%,5629100
SEDG,2024-12-20,13.15,15.6499,13.0657,14.77,1.66,+12.66%,7371700
SEDG,2024-12-23,14.83,15.1916,14.43,14.88,0.11,+0.74%,3258700
SEDG,2024-12-24,15,15.16,14.29,14.83,-0.05,-0.34%,1699000
SEDG,2024-12-26,14.57,15.34,14.16,14.58,-0.25,-1.69%,3580100
SEDG,2024-12-27,14.55,14.68,13.6,13.8,-0.78,-5.35%,4429000
SEDG,2024-12-30,13.59,13.715,13.07,13.57,-0.23,-1.67%,3342200
SEDG,2024-12-31,13.76,14.3,13.52,13.6,0.03,+0.22%,3312900
SEDG,2025-01-02,14.02,15.47,13.94,14.8,1.2,+8.82%,5021100
SEDG,2025-01-03,14.86,15.5,14.46,15.28,0.48,+3.24%,2941500
SEDG,2025-01-06,17.52,19,16.18,16.29,1.01,+6.61%,8560800
SEDG,2025-01-07,16.8,18.69,16.5,17.59,1.3,+7.98%,7779300
SEDG,2025-01-08,16.48,16.71,14.9401,14.99,-2.6,-14.78%,6514100
SEDG,2025-01-10,14.8,14.92,13.9711,14.71,-0.28,-1.87%,4831700
SEDG,2025-01-13,14.19,14.5,13.48,14.46,-0.25,-1.70%,3884100
SEDG,2025-01-14,14.95,15.32,14.02,14.25,-0.21,-1.45%,3535000
SEDG,2025-01-15,14.91,15.615,14.49,14.5,0.25,+1.75%,2878000
SEDG,2025-01-16,14.29,14.6261,14.075,14.21,-0.29,-2.00%,2837000
SEDG,2025-01-17,14.28,14.8,13.76,13.91,-0.3,-2.11%,2990000
SEDG,2025-01-21,13.74,14.32,13.3201,13.7,-0.21,-1.51%,3605200
SEDG,2025-01-22,13.545,13.545,12.86,13.05,-0.65,-4.74%,4234200
SEDG,2025-01-23,12.96,13.6,12.42,13.58,0.53,+4.06%,5114800
SEDG,2025-01-24,13.72,15.18,13.71,14.68,1.1,+8.10%,4898600
SEDG,2025-01-27,14.37,15.02,13.86,14.13,-0.55,-3.75%,3019400
SEDG,2025-01-28,14.22,14.41,13.33,13.39,-0.74,-5.24%,3239000
SEDG,2025-01-29,13.32,13.86,12.91,12.96,-0.43,-3.21%,2800800
SEDG,2025-01-30,13.37,13.53,12.98,13.31,0.35,+2.70%,2272600
SEDG,2025-01-31,13.32,13.79,12.93,13.1,-0.21,-1.58%,2689500
SEDG,2025-02-03,12.5,13.97,12.33,13.36,0.26,+1.98%,3550200
SEDG,2025-02-04,13.5,14.51,13.36,13.89,0.53,+3.97%,3032800
SEDG,2025-02-05,14.12,14.7,13.66,14.34,0.45,+3.24%,3785000
SEDG,2025-02-06,14.58,15.02,14.25,14.76,0.42,+2.93%,2879500
SEDG,2025-02-07,14.67,14.73,13.9561,14.29,-0.47,-3.18%,2187500
SEDG,2025-02-10,14.6,14.63,14.07,14.22,-0.07,-0.49%,1870100
SEDG,2025-02-11,14,14.09,13.295,13.37,-0.85,-5.98%,2672600
SEDG,2025-02-12,13.06,13.66,12.95,13.29,-0.08,-0.60%,2847200
SEDG,2025-02-13,13.47,15.13,13.33,14.85,1.56,+11.74%,4479800
SEDG,2025-02-14,15.07,16.43,14.9,16.36,1.51,+10.17%,3988300
SEDG,2025-02-18,16.5,17.19,16.07,16.93,0.57,+3.48%,7569800
SEDG,2025-02-19,22.76,23.7697,19.5,19.63,2.7,+15.95%,30861200
SEDG,2025-02-20,19.33,19.5809,17.13,18.19,-1.44,-7.34%,9061700
SEDG,2025-02-21,18.33,19.37,17.01,17.62,-0.57,-3.13%,5094800
SEDG,2025-02-24,17.61,19.08,17.34,18.46,0.84,+4.77%,4049100
SEDG,2025-02-25,18.39,19.2,18,18.72,0.26,+1.41%,3987300
SEDG,2025-02-26,19.29,20.13,18.465,18.54,-0.18,-0.96%,3864300
SEDG,2025-02-27,18.11,19.2119,17.68,17.89,-0.65,-3.51%,3959800
SEDG,2025-02-28,17.42,17.57,15.9301,16.49,-1.4,-7.83%,3545900
SEDG,2025-03-03,15.83,15.97,13.95,14.13,-2.36,-14.31%,5084100
SEDG,2025-03-04,13.69,15.245,13.3587,14.84,0.71,+5.02%,3492600
SEDG,2025-03-05,15.13,15.635,14.36,15.59,0.75,+5.05%,2712300
SEDG,2025-03-06,15.02,16.43,14.8,16.02,0.43,+2.76%,3045100
SEDG,2025-03-07,16.27,17.575,16.245,16.85,0.83,+5.18%,4159222
SEDG,2025-03-10,16.5,17.95,16.31,16.61,-0.24,-1.42%,3967000
SEDG,2025-03-11,16.77,16.99,15.5,16.05,-0.56,-3.37%,2419800
SEDG,2025-03-12,16.16,16.305,15.29,15.81,-0.24,-1.50%,2525700
SEDG,2025-03-13,15.69,16.555,14.7473,15.06,-0.75,-4.74%,2430400
SEDG,2025-03-14,15.55,16.18,15.51,16.12,1.06,+7.04%,1807900
SEDG,2025-03-17,16.27,17.885,16.06,17.38,1.26,+7.82%,2030800
SEDG,2025-03-18,17.22,17.26,16.36,16.88,-0.5,-2.88%,2008700
SEDG,2025-03-19,16.57,17.2999,16.55,16.98,0.1,+0.59%,1177300
SEDG,2025-03-20,16.72,17.725,16.46,17.12,0.14,+0.82%,1870300
SEDG,2025-03-21,16.72,17.168,16.49,17.03,-0.09,-0.53%,2660400
SEDG,2025-03-24,17.38,17.97,17.06,17.2,0.17,+1.00%,1982500
SEDG,2025-03-25,17.32,17.8293,16.8,17.29,0.09,+0.52%,2156300
SEDG,2025-03-26,17.11,17.57,15.55,16.1,-1.19,-6.88%,3575700
SEDG,2025-03-27,15.94,16.33,15.6,15.93,-0.17,-1.06%,1382700
SEDG,2025-03-28,15.61,15.92,15.09,15.85,-0.08,-0.50%,2246400
SEDG,2025-03-31,15.19,16.33,14.5519,16.18,0.33,+2.08%,3643100
SEDG,2025-04-01,16.36,16.78,15.11,16.685,0.505,+3.12%,2865400
SEDG,2025-04-02,16.2,17.07,16.01,16.83,0.145,+0.87%,1711400
SEDG,2025-04-03,15.83,16.11,15.07,15.425,-1.405,-8.35%,2352300
SEDG,2025-04-04,14.73,14.76,13.3,14.71,-0.715,-4.64%,2960400
SEDG,2025-04-07,13.69,15.26,13.31,13.35,-1.36,-9.25%,3553500
SEDG,2025-04-08,13.965,14.0197,11.95,12.385,-0.965,-7.23%,4925500
SEDG,2025-04-09,11.83,14.48,11.57,14.35,1.965,+15.87%,5338600
SEDG,2025-04-10,14.03,14.03,11.08,11.58,-2.77,-19.30%,6605500
SEDG,2025-04-11,11.74,12.98,11,12.76,1.18,+10.19%,4570300
SEDG,2025-04-14,13.29,14.1752,13.11,13.92,1.16,+9.09%,4948900
SEDG,2025-04-15,13.72,14.07,12.51,12.685,-1.235,-8.87%,3592300
SEDG,2025-04-16,12.19,12.9,12.025,12.49,-0.195,-1.54%,2232200
SEDG,2025-04-17,12.46,12.715,12.256,12.64,0.15,+1.20%,1828600
SEDG,2025-04-21,12.42,12.42,11.8,12.1,-0.54,-4.27%,1897500
SEDG,2025-04-22,12.75,13.88,12.68,13.05,0.95,+7.85%,5127600
SEDG,2025-04-23,12.32,12.88,11.705,11.92,-1.13,-8.66%,6031400
SEDG,2025-04-24,12.02,12.47,11.61,11.715,-0.205,-1.72%,4033300
SEDG,2025-04-25,11.815,12.58,11.45,12.56,0.845,+7.21%,4227100
SEDG,2025-04-28,12.75,13.47,12.57,12.69,0.13,+1.04%,3365900
SEDG,2025-04-29,12.75,13.0556,12.42,12.84,0.15,+1.18%,2350700
SEDG,2025-04-30,12.19,12.375,11.8,12.235,-0.605,-4.71%,2505100
SEDG,2025-05-01,12.38,13.27,12.18,12.54,0.305,+2.49%,2947100
SEDG,2025-05-02,12.71,13.44,12.71,13.1,0.56,+4.47%,2693800
SEDG,2025-05-05,13.11,13.3275,12.465,12.92,-0.18,-1.37%,3795700
SEDG,2025-05-06,14.85,15.54,14.23,14.37,1.45,+11.22%,14247500
SEDG,2025-05-07,14.72,15.5789,14.26,14.77,0.4,+2.78%,5325100
SEDG,2025-05-08,15.135,18.49,15.05,18.29,3.52,+23.83%,9933700
SEDG,2025-05-09,18.17,20.1,18,19.84,1.55,+8.47%,8342900
SEDG,2025-05-12,21.34,21.35,18.86,19.16,-0.68,-3.43%,8895900
SEDG,2025-05-13,19.39,20.32,18.05,18.15,-1.01,-5.27%,6605400
SEDG,2025-05-14,18.03,18.52,17.08,17.93,-0.22,-1.21%,5113800
SEDG,2025-05-15,17.825,20.925,17.55,20.84,2.91,+16.23%,7484700
SEDG,2025-05-16,19.7,22.6,19.7,22.02,1.18,+5.66%,7286000
SEDG,2025-05-19,21.01,21.55,20.32,20.76,-1.26,-5.72%,6188400
SEDG,2025-05-20,21.02,22.195,20.3,20.65,-0.11,-0.53%,4585600
SEDG,2025-05-21,20.23,20.385,19.39,19.84,-0.81,-3.92%,3302500
SEDG,2025-05-22,16.12,16.28,14.5,14.945,-4.895,-24.67%,18329700
SEDG,2025-05-23,14.65,17,14.62,16.705,1.76,+11.78%,7973700
SEDG,2025-05-27,17.1,17.45,16.11,17.22,0.515,+3.08%,3873500
SEDG,2025-05-28,17.12,17.3,16.65,16.92,-0.3,-1.74%,2370900
SEDG,2025-05-29,17.2,17.55,16.46,16.6,-0.32,-1.89%,1960900
SEDG,2025-05-30,16.8,18.15,16.47,17.86,1.26,+7.59%,3933000
SEDG,2025-06-02,18.1,18.1,16.91,17.1,-0.76,-4.26%,3048500
SEDG,2025-06-03,16.59,18.49,16.58,18.11,1.01,+5.91%,3663300
SEDG,2025-06-04,18.37,18.44,17.46,17.47,-0.64,-3.53%,2216700
SEDG,2025-06-05,17.6,18.26,17.1,17.74,0.27,+1.55%,2779500
SEDG,2025-06-06,17.85,18.36,17.7,18.19,0.45,+2.54%,2054800
SEDG,2025-06-09,18.39,19.43,18.23,18.72,0.53,+2.91%,2784800
SEDG,2025-06-10,19.5,21.32,19.3798,20.93,2.21,+11.81%,4974200
SEDG,2025-06-11,20.95,21.67,20.66,20.83,-0.1,-0.48%,2843100
SEDG,2025-06-12,20.7,21.1774,20.39,21.02,0.19,+0.91%,2509900
SEDG,2025-06-13,20.59,24.66,20.37,23.3,2.28,+10.85%,7919600
SEDG,2025-06-16,23.89,24.45,22.4469,23.98,0.68,+2.92%,6911700
SEDG,2025-06-17,15.52,16.23,13.73,15.96,-8.02,-33.44%,33134800
SEDG,2025-06-18,16.16,17.67,16.06,16.98,1.02,+6.39%,13043100
SEDG,2025-06-20,17.13,17.81,16.5,16.52,-0.46,-2.71%,5965500
SEDG,2025-06-23,16.355,17.14,15.75,16.06,-0.46,-2.78%,4286500
SEDG,2025-06-24,16.37,19.33,16.162,18.93,2.87,+17.87%,9408200
SEDG,2025-06-25,19.08,19.72,18.2,19.09,0.16,+0.85%,5354900
SEDG,2025-06-26,20.18,21.22,19.13,20.065,0.975,+5.11%,7069200
SEDG,2025-06-27,20.3,20.335,19.09,19.8,-0.265,-1.32%,3623000
SEDG,2025-06-30,20.16,21.57,19.73,20.4,0.6,+3.03%,6300300
SEDG,2025-07-01,20.5,22.8,19.78,21.86,1.46,+7.16%,7874200
SEDG,2025-07-02,22.03,23.82,21.955,23.6,1.74,+7.96%,5804900
SEDG,2025-07-03,24.08,27.61,24.04,27.54,3.94,+16.69%,9478800
SEDG,2025-07-07,26.76,27.441,26.2,26.43,-1.11,-4.03%,6163800
SEDG,2025-07-08,24.74,26.28,23.89,26.15,-0.28,-1.06%,6784200
SEDG,2025-07-09,25.49,27.59,25.2,27.09,0.94,+3.59%,4493000
SEDG,2025-07-10,27.08,28.058,26.6807,27.57,0.48,+1.77%,3106300
SEDG,2025-07-11,27.32,27.61,25.21,25.62,-1.95,-7.07%,3518300
SEDG,2025-07-14,26.66,27.25,25.78,26.72,1.1,+4.29%,3742600
SEDG,2025-07-15,26.6,28.49,26.5696,27.37,0.65,+2.43%,5534800
SEDG,2025-07-16,27.31,27.65,24.2619,24.96,-2.41,-8.81%,6053200
SEDG,2025-07-17,25,26.62,24.58,25.255,0.295,+1.18%,3439500
SEDG,2025-07-18,25.56,27.33,25.555,26.62,1.365,+5.40%,4025100
SEDG,2025-07-21,27.66,30.09,27.45,28.83,2.21,+8.30%,6900800
SEDG,2025-07-22,29.19,32.45,29.08,31.86,3.03,+10.51%,9445500
SEDG,2025-07-23,31.32,31.99,28.61,29.07,-2.79,-8.76%,5726900
SEDG,2025-07-24,29.58,29.58,27.6,28.47,-0.6,-2.06%,3219000
SEDG,2025-07-25,28.88,28.99,26.72,27.23,-1.24,-4.36%,3664600
SEDG,2025-07-28,27.83,28.4,26.46,27.06,-0.17,-0.62%,2761200
SEDG,2025-07-29,27.28,27.28,24.76,24.95,-2.11,-7.80%,4058100
SEDG,2025-07-30,25.38,28.125,24.45,25.81,0.86,+3.45%,7279700
SEDG,2025-07-31,25.35,26.22,24.8,25.66,-0.15,-0.58%,2860800
SEDG,2025-08-01,25.51,26.36,24.4,25.55,-0.11,-0.43%,3473700
SEDG,2025-08-04,26.11,26.96,25.465,25.63,0.08,+0.31%,2483200
SEDG,2025-08-05,25.88,26.8,25.0189,26.12,0.49,+1.91%,3318000
SEDG,2025-08-06,25.96,26.16,25.03,25.79,-0.33,-1.26%,5026400
SEDG,2025-08-07,27.5,27.94,23.01,24.42,-1.37,-5.31%,9755000
SEDG,2025-08-08,24.98,26.2999,24.3506,24.94,0.52,+2.13%,4123900
SEDG,2025-08-11,25.17,26.34,24.01,24.9,-0.04,-0.16%,3381900
SEDG,2025-08-12,25.2,25.35,24.3,25.1,0.2,+0.80%,2220900
SEDG,2025-08-13,25.15,26.95,24.85,26.46,1.36,+5.42%,3673800
SEDG,2025-08-14,25.57,26.05,24.38,25.67,-0.79,-2.99%,3139100
SEDG,2025-08-15,25.7,32.59,25.12,30.06,4.39,+17.10%,13706600
SEDG,2025-08-18,31.145,33.3,29.4419,31.16,1.1,+3.66%,7496300
SEDG,2025-08-19,31.35,32.72,30.48,31.99,0.83,+2.66%,5047900
SEDG,2025-08-20,31.4,32.93,31.0019,32.06,0.07,+0.22%,3467200
SEDG,2025-08-21,31.39,31.44,29.41,30.21,-1.85,-5.77%,4035400
SEDG,2025-08-22,30.77,34.36,30,34.3,4.09,+13.54%,5005600
SEDG,2025-08-25,33.49,34.07,31.66,31.99,-2.31,-6.73%,5452800
SEDG,2025-08-26,32.3,33.76,31.792,32.25,0.26,+0.81%,3419400
SEDG,2025-08-27,31.93,33.425,31.88,33.09,0.84,+2.60%,2711500
SEDG,2025-08-28,33.59,34.1364,32.75,33.25,0.16,+0.48%,2056200
SEDG,2025-08-29,33.32,34.67,33,33.82,0.57,+1.71%,3097600
SEDG,2025-09-02,31.95,32.25,30.5,31.53,-2.29,-6.77%,3907700
SEDG,2025-09-03,31.75,33.96,31.16,33.21,1.68,+5.33%,4038500
SEDG,2025-09-04,33.07,34.44,32.2,34.16,0.95,+2.86%,3419200
SEDG,2025-09-05,35.29,35.77,32.745,34.42,0.26,+0.76%,5844700
SEDG,2025-09-08,34.42,34.55,31.77,33.44,-0.98,-2.85%,5158900
SEDG,2025-09-09,33.69,33.8,28.54,30.04,-3.4,-10.17%,7144300
SEDG,2025-09-10,30.94,31.45,29.22,29.42,-0.62,-2.06%,3527200
SEDG,2025-09-11,29.42,31.0644,29.29,29.49,0.07,+0.24%,3185700
SEDG,2025-09-12,29.3,29.7716,28.6,28.97,-0.52,-1.76%,3115900
SEDG,2025-09-15,29.45,31,29.14,30.59,1.62,+5.59%,3830100
SEDG,2025-09-16,30.75,33.2,30.58,33.11,2.52,+8.24%,4714500
SEDG,2025-09-17,33.19,35.73,32.88,34.11,1,+3.02%,6952100
SEDG,2025-09-18,34.56,34.88,32.93,34.71,0.6,+1.76%,4757100
SEDG,2025-09-19,34.65,36.58,33.88,35.45,0.74,+2.13%,5510200
SEDG,2025-09-22,35.5,38.675,35.25,38.575,3.125,+8.82%,5074000
SEDG,2025-09-23,39,39.068,35.75,35.93,-2.645,-6.86%,3772800
SEDG,2025-09-24,36.69,37.86,35.8527,37.47,1.54,+4.29%,3191700
SEDG,2025-09-25,36.53,37.97,35.51,37.9,0.43,+1.15%,2940800
SEDG,2025-09-26,37.5,39.6,36.37,39.45,1.55,+4.09%,3387500
SEDG,2025-09-29,40.18,40.5,37.65,37.68,-1.77,-4.49%,3946300
SEDG,2025-09-30,37.74,37.84,36.1,37,-0.68,-1.80%,2378600
SEDG,2025-10-01,37.72,39.44,37.36,38.62,1.62,+4.38%,3038400
SEDG,2025-10-02,39.18,39.41,37.7,37.96,-0.66,-1.71%,1901000
SEDG,2025-10-03,38.16,39.3,35.5,36.24,-1.72,-4.53%,4059300
SEDG,2025-10-06,36.52,37.89,36.17,37.09,0.85,+2.35%,2632400
SEDG,2025-10-07,37.15,38.15,35.48,35.55,-1.54,-4.15%,2922900
SEDG,2025-10-08,35.97,36.1199,35.06,35.66,0.11,+0.31%,2145900
SEDG,2025-10-09,35.69,41.92,35.45,38.61,2.95,+8.27%,7116500
SEDG,2025-10-10,39.52,39.53,34.22,35.06,-3.55,-9.19%,5212900
SEDG,2025-10-13,37.07,38.1,36.3,36.46,1.4,+3.99%,3033400
SEDG,2025-10-14,35.38,38.37,34.91,37.73,1.27,+3.48%,2761000
SEDG,2025-10-15,38.55,41.11,38.22,40.53,2.8,+7.42%,4238900
SEDG,2025-10-16,40.27,41.37,39.08,40.11,-0.42,-1.04%,3481300
SEDG,2025-10-17,39.23,40.07,36.93,37.02,-3.09,-7.70%,3142400
SEDG,2025-10-20,38.21,40.6,37.8,40,2.98,+8.05%,3464900
SEDG,2025-10-21,40.4,40.49,38.45,38.77,-1.23,-3.08%,2467300
SEDG,2025-10-22,38.02,38.83,35.81,37.5,-1.27,-3.28%,3321400
SEDG,2025-10-23,37.92,39.125,37.01,37.82,0.32,+0.85%,3041000
SEDG,2025-10-24,39.01,41.73,39,39.7,1.88,+4.97%,4516700
SEDG,2025-10-27,40.65,41,39.04,39.74,0.04,+0.10%,2519400
SEDG,2025-10-28,39.86,40.19,37.69,37.84,-1.9,-4.78%,2816500
SEDG,2025-10-29,37.01,38.19,35.87,36.3,-1.54,-4.07%,4164500
SEDG,2025-10-30,36.51,36.73,34.1,34.34,-1.96,-5.40%,3349000
SEDG,2025-10-31,34.7,36.79,34.52,35.09,0.75,+2.18%,3690800
SEDG,2025-11-03,34.99,34.99,32.155,32.87,-2.22,-6.33%,5047500
SEDG,2025-11-04,31.6,32.69,31.1,31.82,-1.05,-3.19%,4138200
SEDG,2025-11-05,30.52,41.6,30.26,41.02,9.2,+28.91%,14493000
SEDG,2025-11-06,40.32,41.6,37.88,38.88,-2.14,-5.22%,5787700
SEDG,2025-11-07,37.59,40.15,36.19,40,1.12,+2.88%,5171000
SEDG,2025-11-10,41.57,48.5999,41.02,45.38,5.38,+13.45%,9119000
SEDG,2025-11-11,45.5,46.14,43.02,44.7,-0.68,-1.50%,4050400
SEDG,2025-11-12,45.47,45.89,42.26,42.51,-2.19,-4.90%,3583700
SEDG,2025-11-13,42.17,42.71,35.75,36.42,-6.09,-14.33%,5358200
SEDG,2025-11-14,34.81,37.9799,34.3341,36.18,-0.24,-0.66%,3819400
SEDG,2025-11-17,35.01,35.84,32.98,34.27,-1.91,-5.28%,3357600
SEDG,2025-11-18,34.51,37,33.4101,34.8,0.53,+1.55%,4890600
SEDG,2025-11-19,35.2,36.21,33.1,33.46,-1.34,-3.85%,2665200
SEDG,2025-11-20,34.62,37.07,32.82,33.09,-0.37,-1.11%,5020600
SEDG,2025-11-21,33.32,35.39,31.66,34.45,1.36,+4.11%,5791500
SEDG,2025-11-24,34.92,36.32,34.09,34.45,0,0.00%,2347900
SEDG,2025-11-25,34.52,35.97,33.3,34.99,0.54,+1.57%,2159900
SEDG,2025-11-26,35.05,36.08,34.26,35.47,0.48,+1.37%,2184300
SEDG,2025-11-28,36.01,37,35.29,36.53,1.06,+2.99%,1726000
SEDG,2025-12-01,35.32,35.405,32.22,32.92,-3.61,-9.88%,6056300
SEDG,2025-12-02,33.13,33.6,32.13,32.66,-0.26,-0.79%,2858900
SEDG,2025-12-03,32.5,32.645,31.09,31.61,-1.05,-3.21%,3815900
SEDG,2025-12-04,31.54,32.53,31.01,31.94,0.33,+1.04%,3230200
SEDG,2025-12-05,31.86,32.3,29.4,29.52,-2.42,-7.58%,3516900
SEDG,2025-12-08,29.95,30.65,29.1051,30.43,0.91,+3.08%,3027000
SEDG,2025-12-09,29.815,32.15,29.74,30.26,-0.17,-0.56%,2980000
SEDG,2025-12-10,30.23,32.85,30.1029,31.56,1.3,+4.30%,3909600
SEDG,2025-12-11,31.44,32.3,30.3,32.02,0.46,+1.46%,2465300
SEDG,2025-12-12,31.77,32.05,29.14,29.53,-2.49,-7.78%,3111800
SEDG,2025-12-15,29.98,30.1,28.3116,28.54,-0.99,-3.35%,2793200
SEDG,2025-12-16,29.63,30.66,28.75,29.48,0.94,+3.29%,4045300
SEDG,2025-12-17,29.9,30.83,28.6,28.92,-0.56,-1.90%,3102300
SEDG,2025-12-18,30.3,30.79,28.21,28.47,-0.45,-1.56%,3518800
SEDG,2025-12-19,28.53,29.35,28.259,29.06,0.59,+2.07%,3373600
SEDG,2025-12-22,29.65,31.94,29.5,30.91,1.85,+6.37%,3549100
SEDG,2025-12-23,30.49,30.9,30.0101,30.48,-0.43,-1.39%,1842500
SEDG,2025-12-24,30.7,31.6,30.4,30.74,0.26,+0.85%,883500
SEDG,2025-12-26,30.55,30.8299,30.03,30.45,-0.29,-0.94%,1114000
SEDG,2025-12-29,29.86,30.93,28.93,29.19,-1.26,-4.14%,2456100
SEDG,2025-12-30,29.33,29.86,28.935,29.02,-0.17,-0.58%,2116800
SEDG,2025-12-31,29.01,29.37,28.4801,28.85,-0.17,-0.59%,2069700
SEDG,2026-01-02,30.04,31.83,29.9901,31.36,2.51,+8.70%,3111200
SEDG,2026-01-05,32.6,33.33,30.74,31.26,-0.1,-0.32%,3710200
SEDG,2026-01-06,31.82,32.25,30.3154,30.775,-0.485,-1.55%,2647200
SEDG,2026-01-07,30.605,31.56,30.01,30.52,-0.255,-0.83%,2500900
SEDG,2026-01-08,30.22,31.7841,29.88,30.26,-0.26,-0.85%,3278000
SEDG,2026-01-09,31.95,33.9,31.135,32.89,2.63,+8.69%,4569500
SEDG,2026-01-12,32.94,36.86,32.5917,35.305,2.415,+7.34%,4243300
SEDG,2026-01-13,35.81,35.81,33.21,34.31,-0.995,-2.82%,2700700
SEDG,2026-01-14,34.56,34.964,33.61,34.78,0.47,+1.37%,1802900
SEDG,2026-01-15,35,35.4536,33.73,33.84,-0.94,-2.70%,1765900
SEDG,2026-01-16,33.65,34.6,32.51,33.91,0.07,+0.21%,2567300
SEDG,2026-01-20,32.97,33.49,31.73,32.49,-1.42,-4.19%,2482100
SEDG,2026-01-21,32.23,33.485,31.55,33.34,0.85,+2.62%,2031800
SEDG,2026-01-22,34.12,35.6,34.02,34.54,1.2,+3.60%,2261500
SEDG,2026-01-23,35.32,36,34.42,34.6,0.06,+0.17%,2610700
SEDG,2026-01-26,34.2,35.3415,33.676,34.41,-0.19,-0.55%,1568500
SEDG,2026-01-27,34.99,36.2,33.8,34.81,0.4,+1.16%,2170900
SEDG,2026-01-28,35.5,36.5599,34.76,35.8,0.99,+2.84%,1540500
SEDG,2026-01-29,35.71,35.79,32.625,34.04,-1.76,-4.92%,2420900
SEDG,2026-01-30,33.22,33.47,30.7601,30.95,-3.09,-9.08%,2455300
SEDG,2026-02-02,30.99,31.39,29.77,30.64,-0.31,-1.00%,1967500
SEDG,2026-02-03,31.23,32.31,29.43,30.97,0.33,+1.08%,2602900
SEDG,2026-02-04,34.18,37.37,32.51,35.04,4.07,+13.14%,7469900
SEDG,2026-02-05,33.79,34.49,32.02,33.28,-1.76,-5.02%,3427600
SEDG,2026-02-06,34.1,36.58,34.1,35.92,2.64,+7.93%,3028300
SEDG,2026-02-09,35.92,37.11,35.14,36.8,0.88,+2.45%,2154000
SEDG,2026-02-10,36.65,37.85,35.62,36.79,-0.01,-0.03%,2390800
SEDG,2026-02-11,37.57,37.84,34.51,36.33,-0.46,-1.25%,2544200
SEDG,2026-02-12,36.5,36.535,33.505,34.41,-1.92,-5.28%,2762100
SEDG,2026-02-13,34.92,36.08,33.98,35.53,1.12,+3.25%,1698800
SEDG,2026-02-17,35.74,37.61,34.155,37.13,1.6,+4.50%,4275400
SEDG,2026-02-18,40.26,40.31,33.65,35.1,-2.03,-5.47%,10088000
SEDG,2026-02-19,33.8,35.09,32.17,34.96,-0.14,-0.40%,3589000
SEDG,2026-02-20,35.06,39.7,34.9634,37.9,2.94,+8.41%,6122900
SEDG,2026-02-23,37.3,39.84,36.91,39.38,1.48,+3.91%,3579200
SEDG,2026-02-24,39.24,43.28,39.16,43.07,3.69,+9.37%,5224200
SEDG,2026-02-25,43.17,44.434,42.3594,42.45,-0.62,-1.44%,2688300
SEDG,2026-02-26,40.73,42.35,39.45,40.4,-2.05,-4.83%,3839500
SEDG,2026-02-27,39,39.2,33.9601,35.4,-5.,-12.38%,5205500
SEDG,2026-03-02,35.5,41.12,35.01,40.6,5.2,+14.69%,5109800
SEDG,2026-03-03,38.95,39.69,37.56,37.81,-2.79,-6.87%,3055100
SEDG,2026-03-04,38.26,39.09,37.07,37.94,0.13,+0.34%,1608500
SEDG,2026-03-05,36.55,36.8,34.5,35.24,-2.7,-7.12%,3076200
SEDG,2026-03-06,34,35.08,33.13,33.41,-1.83,-5.19%,2137293
SEDG,2026-03-09,32.76,34.74,31.5,34.59,1.18,+3.53%,3249300
SEDG,2026-03-10,35.87,38.27,35.51,38.11,3.52,+10.18%,4645800
SEDG,2026-03-11,36.4,38.93,35.6,36.09,-2.02,-5.30%,4354500
SEDG,2026-03-12,35.43,36.17,34.78,35.19,-0.9,-2.49%,1734300
SEDG,2026-03-13,35.57,38.09,35.57,37.44,2.25,+6.39%,1987200
SEDG,2026-03-16,38.18,40.915,38.18,40.71,3.27,+8.73%,4998400
SEDG,2026-03-17,41.24,42.9,40.8,42.88,2.17,+5.33%,2456000
SEDG,2026-03-18,42.5,45.42,42.5,44.88,2,+4.66%,4129600
SEDG,2026-03-19,43.43,46.67,43.05,45.66,0.78,+1.74%,3631700
SEDG,2026-03-20,47.47,53.28,47.46,51.73,6.07,+13.29%,9896500
SEDG,2026-03-23,50.73,50.95,46.11,46.73,-5.,-9.67%,4633900
SEDG,2026-03-24,46.26,49.8007,46.01,47.67,0.94,+2.01%,2962800
SEDG,2026-03-25,46.8,52.13,46.65,51.28,3.61,+7.57%,3426500
SEDG,2026-03-26,50.6,52.96,49.8,50.27,-1.01,-1.97%,3478200
SEDG,2026-03-27,49.48,52.22,49.25,51.76,1.49,+2.96%,3042800
SEDG,2026-03-30,52.51,52.898,45.8,47.37,-4.39,-8.48%,3510000
SEDG,2026-03-31,48.305,51.925,47.73,51.05,3.68,+7.77%,3043700
SEDG,2026-04-01,51.97,53.75,50.2725,51.87,0.82,+1.61%,2400300
SEDG,2026-04-02,50.595,52.441,47.82,48.75,-3.12,-6.02%,2436200
SEDG,2026-04-06,48.8,49.3,44.68,45.09,-3.66,-7.51%,2881300
SEDG,2026-04-07,45.67,45.97,42.13,43.85,-1.24,-2.75%,4459500
SEDG,2026-04-08,45.61,46.05,42.18,43.52,-0.33,-0.75%,4075800
SEDG,2026-04-09,43.49,46.198,41.262,41.84,-1.68,-3.86%,3937200
SEDG,2026-04-10,42.25,42.6999,40.4,41.76,-0.08,-0.19%,2933100
SEDG,2026-04-13,43,44.44,42,43.21,1.45,+3.47%,2358700
SEDG,2026-04-14,44.13,45.1,42.14,42.98,-0.23,-0.53%,3178700
SEDG,2026-04-15,40.51,41.95,36.88,37.83,-5.15,-11.98%,8364600
SEDG,2026-04-16,38.51,39.38,37.623,38.91,1.08,+2.85%,3259500
SEDG,2026-04-17,39.43,39.8399,37.38,38.3,-0.61,-1.57%,4301000
SEDG,2026-04-20,37.52,39.91,36.07,39.82,1.52,+3.97%,2828300
SEDG,2026-04-21,40.5,42.62,40.11,40.57,0.75,+1.88%,2698600
SEDG,2026-04-22,41.55,43.45,41.1701,42.6,2.03,+5.00%,2856300
SEDG,2026-04-23,43.27,48.89,42.18,47.36,4.76,+11.17%,5677400
SEDG,2026-04-24,47.89,48.2,44.27,45.83,-1.53,-3.23%,3415600
SEED,2014-12-31,15.7,16.3,14.5,14.7,-31.13,-67.92%,18280
SEED,2015-01-02,14.7,15.3,14.5,14.8,0.1,+0.68%,4810
SEED,2015-01-05,14.9,14.9,13.5,14,-0.8,-5.41%,7670
SEED,2015-01-06,14,14.3,13.6,13.7,-0.3,-2.14%,4430
SEED,2015-01-07,13.7,15.8,13.5,14.6,0.9,+6.57%,13670
SEED,2015-01-08,14.7,14.7,13.5,13.5,-1.1,-7.53%,7420
SEED,2015-01-09,13.1,14.6,13.1,14.4,0.9,+6.67%,5420
SEED,2015-01-12,14.3,15,14.2,15,0.6,+4.17%,5470
SEED,2015-01-13,14.9,14.9,14,14.3,-0.7,-4.67%,2950
SEED,2015-01-14,14.2,14.6,13.9,13.9,-0.4,-2.80%,2170
SEED,2015-01-15,14.3,14.3,13.6,13.6,-0.3,-2.16%,5280
SEED,2015-01-16,13.7,14.2,13.6,13.6,0,0.00%,2940
SEED,2015-01-20,13.7,14.3,13.6,13.7,0.1,+0.74%,4050
SEED,2015-01-21,13.6,13.8,13.6,13.6,-0.1,-0.73%,1550
SEED,2015-01-22,13.7,13.9,13.5,13.7,0.1,+0.74%,3420
SEED,2015-01-23,13.8,15,13.8,14.9,1.2,+8.76%,14950
SEED,2015-01-26,14.8,14.8,14.3,14.6,-0.3,-2.01%,1770
SEED,2015-01-27,14.2,14.7,14,14.1,-0.5,-3.42%,4200
SEED,2015-01-28,14.1,15,14.1,14.7,0.6,+4.26%,4970
SEED,2015-01-29,14.7,14.7,14.4,14.5,-0.2,-1.36%,3900
SEED,2015-01-30,14.1,14.3,14,14.2,-0.3,-2.07%,2280
SEED,2015-02-02,14,14.8,14,14.3,0.1,+0.70%,4570
SEED,2015-02-03,14.7,15.7,14.3,15.7,1.4,+9.79%,23790
SEED,2015-02-04,15.8,16,14.5,14.5,-1.2,-7.64%,8710
SEED,2015-02-05,14.9,14.9,13.8,14,-0.5,-3.45%,9270
SEED,2015-02-06,14,14.2,13.8,13.8,-0.2,-1.43%,3980
SEED,2015-02-09,13.8,14.3,13.8,14.1,0.3,+2.17%,8100
SEED,2015-02-10,14.3,14.4,13.9,13.9,-0.2,-1.42%,9280
SEED,2015-02-11,14,14.3,13.9,13.9,0,0.00%,4310
SEED,2015-02-12,14.4,14.7,13.9,14,0.1,+0.72%,21440
SEED,2015-02-13,13.9,14,13.8,13.8,-0.2,-1.43%,20250
SEED,2015-02-17,13.8,14,13.1,13.3,-0.5,-3.62%,14970
SEED,2015-02-18,13.3,13.8,13.2,13.2,-0.1,-0.75%,5670
SEED,2015-02-19,13.2,13.5,13.2,13.3,0.1,+0.76%,3230
SEED,2015-02-20,13.6,13.6,13.3,13.5,0.2,+1.50%,2450
SEED,2015-02-23,13.8,13.8,12.4,12.5,-1.,-7.41%,28450
SEED,2015-02-24,12.4,12.5,12.3,12.3,-0.2,-1.60%,5210
SEED,2015-02-25,12.2,12.5,12.2,12.5,0.2,+1.63%,1960
SEED,2015-02-26,12.4,12.7,12.3,12.3,-0.2,-1.60%,5660
SEED,2015-02-27,12.1,12.4,11.5,11.8,-0.5,-4.07%,13880
SEED,2015-03-02,11.5,11.9,11.5,11.6,-0.2,-1.69%,4550
SEED,2015-03-03,11.6,12,11.6,11.7,0.1,+0.86%,6910
SEED,2015-03-04,12,12.2,11.6,12,0.3,+2.56%,7160
SEED,2015-03-05,11.8,12,11.6,12,0,0.00%,7620
SEED,2015-03-06,11.8,12,11.6,11.7,-0.3,-2.50%,7450
SEED,2015-03-09,11.7,11.7,11.5,11.5,-0.2,-1.71%,9420
SEED,2015-03-10,11.4,11.4,10.8,11,-0.5,-4.35%,16130
SEED,2015-03-11,11,11,10.2,10.4,-0.6,-5.45%,10950
SEED,2015-03-12,10.4,10.5,10.2,10.2,-0.2,-1.92%,13090
SEED,2015-03-13,11,11,10.2,10.9,0.7,+6.86%,4280
SEED,2015-03-16,11.2,11.2,10.6,10.7,-0.2,-1.83%,2370
SEED,2015-03-17,10.6,11,10.3,10.5,-0.2,-1.87%,3840
SEED,2015-03-18,10.5,10.9,10.4,10.4,-0.1,-0.95%,3820
SEED,2015-03-19,10.2,10.6,10.2,10.5,0.1,+0.96%,1350
SEED,2015-03-20,10.6,10.6,10.3,10.6,0.1,+0.95%,890
SEED,2015-03-23,11,15.9,10.6,15.5,4.9,+46.23%,220420
SEED,2015-03-24,15,15,13,13.3,-2.2,-14.19%,84930
SEED,2015-03-25,13.7,18.6,13.6,17.1,3.8,+28.57%,237200
SEED,2015-03-26,16.8,17,14.8,16.3,-0.8,-4.68%,65650
SEED,2015-03-27,16.7,16.8,15.1,15.9,-0.4,-2.45%,12030
SEED,2015-03-30,16.5,16.5,15,15.1,-0.8,-5.03%,12750
SEED,2015-03-31,15.3,15.3,14,14.6,-0.5,-3.31%,10920
SEED,2015-04-01,14.6,14.7,14.1,14.6,0,0.00%,4810
SEED,2015-04-02,14.6,15.4,14.4,14.7,0.1,+0.68%,7930
SEED,2015-04-06,14.8,15.4,14.8,15.1,0.4,+2.72%,6230
SEED,2015-04-07,15.4,15.9,15.3,15.9,0.8,+5.30%,12020
SEED,2015-04-08,15.6,17.5,15.4,17.5,1.6,+10.06%,55369
SEED,2015-04-09,17,18,16.2,16.4,-1.1,-6.29%,26600
SEED,2015-04-10,16.4,16.7,15.8,15.8,-0.6,-3.66%,7630
SEED,2015-04-13,15.8,16.9,15.8,16,0.2,+1.27%,8520
SEED,2015-04-14,15.8,16,15.3,15.6,-0.4,-2.50%,4040
SEED,2015-04-15,15.4,16,15.2,15.6,0,0.00%,13520
SEED,2015-04-16,15.8,17.1,15.8,16.5,0.9,+5.77%,8490
SEED,2015-04-17,16.5,16.6,15.7,16,-0.5,-3.03%,11750
SEED,2015-04-20,16.1,17.1,16,16.3,0.3,+1.88%,4840
SEED,2015-04-21,16.1,16.5,16,16.1,-0.2,-1.23%,2420
SEED,2015-04-22,16.2,17.1,15.6,16.6,0.5,+3.11%,14870
SEED,2015-04-23,16.8,16.8,16,16.1,-0.5,-3.01%,3900
SEED,2015-04-24,16.1,17.7,16.1,17.7,1.6,+9.94%,16570
SEED,2015-04-27,17.6,18.6,16.4,16.5,-1.2,-6.78%,32910
SEED,2015-04-28,16.2,17.9,15.9,16.4,-0.1,-0.61%,10180
SEED,2015-04-29,16.3,17.4,16.3,16.6,0.2,+1.22%,4180
SEED,2015-04-30,16.9,17.2,16,16.4,-0.2,-1.20%,14410
SEED,2015-05-01,16.2,16.6,16.2,16.6,0.2,+1.22%,2940
SEED,2015-05-04,16.5,16.9,16.2,16.2,-0.4,-2.41%,7210
SEED,2015-05-05,16.2,16.7,16,16.5,0.3,+1.85%,10820
SEED,2015-05-06,16.3,16.4,15.7,16.1,-0.4,-2.42%,7880
SEED,2015-05-07,15.8,16.2,15.8,16.2,0.1,+0.62%,3620
SEED,2015-05-08,16.5,18.5,16,17.3,1.1,+6.79%,54569
SEED,2015-05-11,17.5,17.5,16.5,16.5,-0.8,-4.62%,3420
SEED,2015-05-12,16.5,17.6,16.5,16.8,0.3,+1.82%,5340
SEED,2015-05-13,16.6,17.7,16.6,16.7,-0.1,-0.60%,6100
SEED,2015-05-14,16.8,17.8,16.7,17.4,0.7,+4.19%,10570
SEED,2015-05-15,17.3,17.6,17.3,17.4,0,0.00%,2440
SEED,2015-05-18,17.6,18.2,17.6,17.9,0.5,+2.87%,12270
SEED,2015-05-19,17.8,21.5,17.8,19.3,1.4,+7.82%,130800
SEED,2015-05-20,20,20.5,18.3,18.5,-0.8,-4.15%,15370
SEED,2015-05-21,18.2,19.2,18.2,18.7,0.2,+1.08%,6650
SEED,2015-05-22,19.7,21,18.7,20.2,1.5,+8.02%,20360
SEED,2015-05-26,20.5,21,19.2,19.9,-0.3,-1.49%,28250
SEED,2015-05-27,19.5,20.8,19.5,20.3,0.4,+2.01%,13710
SEED,2015-05-28,20.3,20.3,19,19.6,-0.7,-3.45%,12560
SEED,2015-05-29,19.4,19.6,18.5,19.1,-0.5,-2.55%,15040
SEED,2015-06-01,19.5,20.4,19.1,19.9,0.8,+4.19%,10640
SEED,2015-06-02,19.7,21.5,19.1,20.2,0.3,+1.51%,30770
SEED,2015-06-03,20.1,21,19.7,20.6,0.4,+1.98%,8840
SEED,2015-06-04,20.2,20.5,19,20,-0.6,-2.91%,13350
SEED,2015-06-05,19.8,19.8,19.3,19.8,-0.2,-1.00%,2310
SEED,2015-06-08,19.5,22.7,19.5,21.8,2,+10.10%,74170
SEED,2015-06-09,21.9,28,21.2,25.8,4,+18.35%,605670
SEED,2015-06-10,24.5,25.1,22.7,22.7,-3.1,-12.02%,58750
SEED,2015-06-11,23,24.9,23,24.4,1.7,+7.49%,42370
SEED,2015-06-12,24.4,27.8,24.4,27.2,2.8,+11.48%,106440
SEED,2015-06-15,26.6,28.9,24.8,27.3,0.1,+0.37%,143150
SEED,2015-06-16,27.6,27.7,25.2,25.9,-1.4,-5.13%,80730
SEED,2015-06-17,26.3,26.3,23.5,24.3,-1.6,-6.18%,51760
SEED,2015-06-18,24.1,24.2,22.6,22.8,-1.5,-6.17%,23160
SEED,2015-06-19,22.8,23.3,22,22.7,-0.1,-0.44%,21150
SEED,2015-06-22,22.4,24,22.4,23.7,1,+4.41%,44880
SEED,2015-06-23,24.3,25.9,24,24.9,1.2,+5.06%,67760
SEED,2015-06-24,25.1,25.1,22.7,22.9,-2.,-8.03%,35530
SEED,2015-06-25,22.9,23.5,22.1,22.2,-0.7,-3.06%,21420
SEED,2015-06-26,22.4,22.6,20.7,20.9,-1.3,-5.86%,19640
SEED,2015-06-29,20.3,20.7,19.4,19.5,-1.4,-6.70%,24940
SEED,2015-06-30,19.5,20.8,19.4,20,0.5,+2.56%,15100
SEED,2015-07-01,20,20,18.4,18.8,-1.2,-6.00%,15100
SEED,2015-07-02,18.9,19,17.8,18,-0.8,-4.26%,10460
SEED,2015-07-06,18.2,19.5,17.5,18.2,0.2,+1.11%,58140
SEED,2015-07-07,17.6,17.8,15.1,16.5,-1.7,-9.34%,41340
SEED,2015-07-08,15.7,16.3,15,15.4,-1.1,-6.67%,25050
SEED,2015-07-09,16,17.2,15.9,16.3,0.9,+5.84%,13990
SEED,2015-07-10,16.6,16.7,16.1,16.1,-0.2,-1.23%,6720
SEED,2015-07-13,16.7,16.7,16,16.2,0.1,+0.62%,8010
SEED,2015-07-14,15.8,16.3,15.8,16.1,-0.1,-0.62%,5060
SEED,2015-07-15,16.1,16.3,15.8,15.9,-0.2,-1.24%,3520
SEED,2015-07-16,16.9,17.2,16.2,16.4,0.5,+3.14%,7540
SEED,2015-07-17,16.2,16.8,16.2,16.5,0.1,+0.61%,4150
SEED,2015-07-20,16.4,16.7,15.7,16.7,0.2,+1.21%,10370
SEED,2015-07-21,16.9,17,16,16.6,-0.1,-0.60%,5750
SEED,2015-07-22,16.3,16.8,15.6,15.6,-1.,-6.02%,7260
SEED,2015-07-23,15.6,16.2,15.2,15.9,0.3,+1.92%,11340
SEED,2015-07-24,15.7,16,15.7,15.8,-0.1,-0.63%,5870
SEED,2015-07-27,15.4,15.4,14.5,14.5,-1.3,-8.23%,11040
SEED,2015-07-28,14.5,15.6,14.3,15.1,0.6,+4.14%,7170
SEED,2015-07-29,15.2,16.5,15,15.1,0,0.00%,4370
SEED,2015-07-30,15.1,16.3,15.1,16.1,1,+6.62%,4800
SEED,2015-07-31,16.4,16.4,15.7,16.1,0,0.00%,5500
SEED,2015-08-03,16.1,17.5,16.1,16.5,0.4,+2.48%,20240
SEED,2015-08-04,16.5,16.5,14.4,15.1,-1.4,-8.48%,33010
SEED,2015-08-05,14.4,15.2,14.4,14.5,-0.6,-3.97%,7450
SEED,2015-08-06,14.5,14.7,14.5,14.5,0,0.00%,2450
SEED,2015-08-07,14.8,14.9,13.6,13.6,-0.9,-6.21%,10970
SEED,2015-08-10,13.6,14.2,13.2,14.1,0.5,+3.68%,7970
SEED,2015-08-11,13.9,14.2,13.5,13.9,-0.2,-1.42%,6280
SEED,2015-08-12,13.6,13.8,13.3,13.6,-0.3,-2.16%,4240
SEED,2015-08-13,13.9,14,13.3,13.3,-0.3,-2.21%,4980
SEED,2015-08-14,13.3,13.3,12.7,13,-0.3,-2.26%,14650
SEED,2015-08-17,12.7,13.3,12.6,12.7,-0.3,-2.31%,10010
SEED,2015-08-18,12.8,12.9,12.5,12.6,-0.1,-0.79%,4410
SEED,2015-08-19,12.6,14.9,11.6,11.9,-0.7,-5.56%,65040
SEED,2015-08-20,11.7,12.3,11.6,11.9,0,0.00%,10470
SEED,2015-08-21,12,13.8,11.6,12.1,0.2,+1.68%,49180
SEED,2015-08-24,11.6,12.1,11.2,11.7,-0.4,-3.31%,12810
SEED,2015-08-25,12.5,14.1,11.7,12.9,1.2,+10.26%,29770
SEED,2015-08-26,12.5,13.4,12,12.5,-0.4,-3.10%,3400
SEED,2015-08-27,12.6,13.4,12.2,13.2,0.7,+5.60%,4140
SEED,2015-08-28,13,14.3,12.8,14.2,1,+7.58%,17170
SEED,2015-08-31,14,15.5,13.2,13.8,-0.4,-2.82%,51510
SEED,2015-09-01,13.8,14.6,12.8,13.6,-0.2,-1.45%,3900
SEED,2015-09-02,12.8,13.7,12.8,13.4,-0.2,-1.47%,1790
SEED,2015-09-03,13.6,13.6,13,13.5,0.1,+0.75%,1290
SEED,2015-09-04,13.5,13.5,13.2,13.2,-0.3,-2.22%,1290
SEED,2015-09-08,13.5,13.6,13,13.1,-0.1,-0.76%,1040
SEED,2015-09-09,13,13.4,13,13.3,0.2,+1.53%,640
SEED,2015-09-10,13.4,13.7,13.2,13.6,0.3,+2.26%,2620
SEED,2015-09-11,13.2,13.3,13,13.3,-0.3,-2.21%,370
SEED,2015-09-14,13.3,13.5,13.3,13.3,0,0.00%,210
SEED,2015-09-15,13.6,13.6,13.3,13.5,0.2,+1.50%,260
SEED,2015-09-16,13.6,13.6,13,13.3,-0.2,-1.48%,2120
SEED,2015-09-17,13.1,13.5,13,13.4,0.1,+0.75%,1910
SEED,2015-09-18,13.1,13.6,13,13.6,0.2,+1.49%,1920
SEED,2015-09-21,13.4,13.8,13.4,13.8,0.2,+1.47%,1120
SEED,2015-09-22,13.3,15,13.3,15,1.2,+8.70%,1040
SEED,2015-09-23,14.2,14.7,14.2,14.2,-0.8,-5.33%,1510
SEED,2015-09-24,14.1,14.5,14.1,14.5,0.3,+2.11%,630
SEED,2015-09-25,14.1,15,14,14.6,0.1,+0.69%,2060
SEED,2015-09-28,14.8,14.8,13.9,14.3,-0.3,-2.05%,2750
SEED,2015-09-29,14.2,14.3,13.5,13.5,-0.8,-5.59%,1760
SEED,2015-09-30,13.4,14.2,13.4,13.4,-0.1,-0.74%,2330
SEED,2015-10-01,14,14.8,14,14.5,1.1,+8.21%,1530
SEED,2015-10-02,14.4,15,14,14,-0.5,-3.45%,1630
SEED,2015-10-05,14.3,14.8,13.9,14.4,0.4,+2.86%,1420
SEED,2015-10-06,14.2,14.8,14,14.3,-0.1,-0.69%,1050
SEED,2015-10-07,14,15,13.7,14.2,-0.1,-0.70%,7790
SEED,2015-10-08,13.8,14.2,13.8,14.1,-0.1,-0.70%,1070
SEED,2015-10-09,14,14.7,14,14.4,0.3,+2.13%,3440
SEED,2015-10-12,14.6,15,14,14.8,0.4,+2.78%,2460
SEED,2015-10-13,15,15.3,14.5,15.2,0.4,+2.70%,2160
SEED,2015-10-14,15.3,15.6,14.7,15.3,0.1,+0.66%,7300
SEED,2015-10-15,15.3,16.4,14.7,16,0.7,+4.58%,3180
SEED,2015-10-16,16.4,16.6,15.6,16.3,0.3,+1.88%,4190
SEED,2015-10-19,16.4,16.7,16.3,16.5,0.2,+1.23%,2050
SEED,2015-10-20,16.4,16.7,15.9,16.7,0.2,+1.21%,2910
SEED,2015-10-21,16.5,16.8,16.2,16.3,-0.4,-2.40%,2330
SEED,2015-10-22,16.1,17.4,16.1,16.7,0.4,+2.45%,2220
SEED,2015-10-23,16.5,17.2,16.4,16.8,0.1,+0.60%,3150
SEED,2015-10-26,16.5,17.8,15.1,16.3,-0.5,-2.98%,5920
SEED,2015-10-27,16.4,16.5,15.8,16,-0.3,-1.84%,1850
SEED,2015-10-28,15.8,17.3,15.8,16,0,0.00%,1940
SEED,2015-10-29,16.4,17.5,15.4,15.8,-0.2,-1.25%,8630
SEED,2015-10-30,15.6,16.9,15.5,16.1,0.3,+1.90%,2370
SEED,2015-11-02,16,17.3,16,16.5,0.4,+2.48%,2810
SEED,2015-11-03,16,17.2,16,17.1,0.6,+3.64%,3470
SEED,2015-11-04,17,17.4,16,16.8,-0.3,-1.75%,4000
SEED,2015-11-05,16.3,17,16.2,16.6,-0.2,-1.19%,1910
SEED,2015-11-06,17.3,17.3,16.3,16.4,-0.2,-1.20%,2030
SEED,2015-11-09,16.2,17.3,15.6,15.6,-0.8,-4.88%,4160
SEED,2015-11-10,15.6,16.9,15.5,16.4,0.8,+5.13%,710
SEED,2015-11-11,16.1,16.3,15.6,15.7,-0.7,-4.27%,1380
SEED,2015-11-12,15.7,16,15.7,15.8,0.1,+0.64%,750
SEED,2015-11-13,16,16,15.3,15.8,0,0.00%,1600
SEED,2015-11-16,15.5,16,15.4,15.5,-0.3,-1.90%,2950
SEED,2015-11-17,15.9,16,15.7,16,0.5,+3.23%,1610
SEED,2015-11-18,16,16.5,15.5,15.8,-0.2,-1.25%,1360
SEED,2015-11-19,15.5,15.8,14.8,14.9,-0.9,-5.70%,5640
SEED,2015-11-20,16.7,16.7,15.3,15.8,0.9,+6.04%,430
SEED,2015-11-23,15.6,15.9,15.4,15.9,0.1,+0.63%,1730
SEED,2015-11-24,15.5,15.6,15,15.3,-0.6,-3.77%,4270
SEED,2015-11-25,15.1,15.5,15,15.2,-0.1,-0.65%,2110
SEED,2015-11-27,15.1,16,14.4,14.4,-0.8,-5.26%,4180
SEED,2015-11-30,14.4,14.7,14.3,14.4,0,0.00%,2270
SEED,2015-12-01,14.3,15.7,13.6,15,0.6,+4.17%,4820
SEED,2015-12-02,15,15.5,15,15.1,0.1,+0.67%,1520
SEED,2015-12-03,15.2,15.3,14.5,14.9,-0.2,-1.32%,1850
SEED,2015-12-04,14.7,15.1,14.7,14.9,0,0.00%,1740
SEED,2015-12-07,14.8,16.2,14.3,15.4,0.5,+3.36%,12660
SEED,2015-12-08,15,15.6,14.5,15.2,-0.2,-1.30%,7040
SEED,2015-12-09,15.9,16,14.7,14.7,-0.5,-3.29%,2520
SEED,2015-12-10,15.4,15.4,14.7,14.9,0.2,+1.36%,1740
SEED,2015-12-11,15.1,15.2,14.9,15.1,0.2,+1.34%,1040
SEED,2015-12-14,14.7,15,14,14.3,-0.8,-5.30%,4230
SEED,2015-12-15,14.3,14.9,13.2,13.2,-1.1,-7.69%,6370
SEED,2015-12-16,14.1,14.3,13,13.5,0.3,+2.27%,1110
SEED,2015-12-17,13.2,14.4,13,13.6,0.1,+0.74%,4470
SEED,2015-12-18,14,14.1,13.5,13.6,0,0.00%,1940
SEED,2015-12-21,13.3,13.9,13.3,13.4,-0.2,-1.47%,4660
SEED,2015-12-22,13.1,13.9,13.1,13.6,0.2,+1.49%,2040
SEED,2015-12-23,14.5,14.5,13.2,13.7,0.1,+0.74%,4150
SEED,2015-12-24,14,14,13.5,13.5,-0.2,-1.46%,350
SEED,2015-12-28,14.4,14.4,13.6,14.1,0.6,+4.44%,700
SEED,2015-12-29,13.7,14.4,13.5,13.5,-0.6,-4.26%,1440
SEED,2015-12-30,13.5,14,13.5,13.6,0.1,+0.74%,17500
SEED,2015-12-31,13.5,14.5,13.5,14.3,0.7,+5.15%,5250
SEED,2016-01-04,13.6,13.9,13.6,13.8,-0.5,-3.50%,410
SEED,2016-01-05,14.4,14.4,13.6,13.6,-0.2,-1.45%,900
SEED,2016-01-06,13.4,13.6,12.7,13.1,-0.5,-3.68%,4960
SEED,2016-01-07,12.7,13.1,12.3,12.5,-0.6,-4.58%,3300
SEED,2016-01-08,12.9,13.4,12.2,12.3,-0.2,-1.60%,1160
SEED,2016-01-11,12.8,13,12.2,12.8,0.5,+4.07%,2910
SEED,2016-01-12,12.8,12.8,12.1,12.2,-0.6,-4.69%,1010
SEED,2016-01-13,12,12.2,12,12.1,-0.1,-0.82%,15670
SEED,2016-01-14,12.2,12.5,12,12,-0.1,-0.83%,1270
SEED,2016-01-15,12,13,12,12.1,0.1,+0.83%,3980
SEED,2016-01-19,12.6,12.8,12.2,12.4,0.3,+2.48%,1990
SEED,2016-01-20,12,12.2,11.5,11.7,-0.7,-5.65%,4700
SEED,2016-01-21,11.5,12.1,10.7,11.6,-0.1,-0.85%,8100
SEED,2016-01-22,11.6,12.7,11.3,11.8,0.2,+1.72%,4180
SEED,2016-01-25,12.2,12.3,11.8,11.8,0,0.00%,530
SEED,2016-01-26,12.1,12.6,12.1,12.1,0.3,+2.54%,3240
SEED,2016-01-27,12,12.3,11.7,11.7,-0.4,-3.31%,300
SEED,2016-01-28,11.9,12.3,11.9,12.3,0.6,+5.13%,980
SEED,2016-01-29,11.9,13,11.9,12.5,0.2,+1.63%,7020
SEED,2016-02-01,12.8,12.8,12,12,-0.5,-4.00%,11500
SEED,2016-02-02,12.4,12.5,11.6,12.2,0.2,+1.67%,9070
SEED,2016-02-03,12.6,12.6,11.8,12.2,0,0.00%,2950
SEED,2016-02-04,12.2,12.6,12,12,-0.2,-1.64%,2660
SEED,2016-02-05,12.1,12.1,11.7,11.7,-0.3,-2.50%,3220
SEED,2016-02-08,11.7,12.3,11.7,12.1,0.4,+3.42%,6380
SEED,2016-02-09,11.8,12.2,11.8,11.9,-0.2,-1.65%,1290
SEED,2016-02-10,12.3,12.4,12,12.2,0.3,+2.52%,1070
SEED,2016-02-11,12.2,12.4,11.8,12,-0.2,-1.64%,3810
SEED,2016-02-12,11.8,12.4,11.7,12.1,0.1,+0.83%,1910
SEED,2016-02-16,11.9,12.1,11.5,11.8,-0.3,-2.48%,3050
SEED,2016-02-17,11.7,12,11.6,11.7,-0.1,-0.85%,2460
SEED,2016-02-18,12.2,12.2,11.5,12,0.3,+2.56%,2340
SEED,2016-02-19,11.7,12,11.6,11.6,-0.4,-3.33%,1060
SEED,2016-02-22,11.9,12.2,11.5,11.9,0.3,+2.59%,5260
SEED,2016-02-23,11.9,12.1,11.7,11.8,-0.1,-0.84%,990
SEED,2016-02-24,11.6,11.9,11.6,11.7,-0.1,-0.85%,1540
SEED,2016-02-25,11.6,12.1,11.6,11.9,0.2,+1.71%,580
SEED,2016-02-26,12.2,12.3,11.9,12.2,0.3,+2.52%,1360
SEED,2016-02-29,12.2,12.2,11.5,11.8,-0.4,-3.28%,2010
SEED,2016-03-01,11.7,12,11.6,11.9,0.1,+0.85%,1320
SEED,2016-03-02,11.8,12.2,11.7,11.9,0,0.00%,800
SEED,2016-03-03,11.8,12,11.7,11.9,0,0.00%,830
SEED,2016-03-04,12,12,11.9,12,0.1,+0.84%,980
SEED,2016-03-07,11.7,12.2,11.7,12,0,0.00%,2320
SEED,2016-03-08,12,12.2,11.7,12.1,0.1,+0.83%,1650
SEED,2016-03-09,12.2,13.7,12,13.5,1.4,+11.57%,15280
SEED,2016-03-10,13.6,14,13.2,13.7,0.2,+1.48%,8280
SEED,2016-03-11,14.2,14.4,13.8,14.4,0.7,+5.11%,6290
SEED,2016-03-14,14.4,16.4,14.3,15.1,0.7,+4.86%,11600
SEED,2016-03-15,15.6,15.6,14.6,14.6,-0.5,-3.31%,3290
SEED,2016-03-16,14.8,15.7,13.7,13.7,-0.9,-6.16%,4510
SEED,2016-03-17,15,15,14.2,14.6,0.9,+6.57%,610
SEED,2016-03-18,14.5,15.4,14,14.1,-0.5,-3.42%,2950
SEED,2016-03-21,14.1,14.3,13.9,14.1,0,0.00%,1900
SEED,2016-03-22,14.3,14.3,13.8,14.3,0.2,+1.42%,210
SEED,2016-03-23,14.1,14.1,13.4,13.4,-0.9,-6.29%,1730
SEED,2016-03-24,13.3,13.3,12.6,12.9,-0.5,-3.73%,6570
SEED,2016-03-28,12.6,13.5,12.6,12.9,0,0.00%,930
SEED,2016-03-29,12.5,12.9,12.4,12.7,-0.2,-1.55%,1920
SEED,2016-03-30,12.6,13.7,12.6,13.3,0.6,+4.72%,1450
SEED,2016-03-31,13,13.3,12.9,13.2,-0.1,-0.75%,4240
SEED,2016-04-01,13.5,14.6,13.5,13.6,0.4,+3.03%,830
SEED,2016-04-04,13.6,13.6,13.2,13.4,-0.2,-1.47%,3450
SEED,2016-04-05,13.7,24.8,13.7,17.5,4.1,+30.60%,549770
SEED,2016-04-06,17.5,18.8,16.4,18.7,1.2,+6.86%,111379
SEED,2016-04-07,18.8,18.8,16.6,17.9,-0.8,-4.28%,32530
SEED,2016-04-08,18.4,18.5,17,17.1,-0.8,-4.47%,17040
SEED,2016-04-11,17,17.8,16.5,17.1,0,0.00%,9750
SEED,2016-04-12,17,17,16.2,16.5,-0.6,-3.51%,16520
SEED,2016-04-13,16.5,17.8,16.4,17.3,0.8,+4.85%,18440
SEED,2016-04-14,17.5,18.8,17.3,18.1,0.8,+4.62%,21960
SEED,2016-04-15,17.9,18.4,17.3,17.5,-0.6,-3.31%,7120
SEED,2016-04-18,17.6,18.3,17,18.2,0.7,+4.00%,15970
SEED,2016-04-19,18.4,20.6,17.6,20.5,2.3,+12.64%,61180
SEED,2016-04-20,19.8,22.6,19.2,19.8,-0.7,-3.41%,173750
SEED,2016-04-21,19.8,22.3,19.3,20.8,1,+5.05%,47760
SEED,2016-04-22,20.5,21.6,20.3,20.9,0.1,+0.48%,16570
SEED,2016-04-25,21.6,23,20.7,22.8,1.9,+9.09%,107820
SEED,2016-04-26,26.2,26.5,21,21.8,-1.,-4.39%,618580
SEED,2016-04-27,21.4,21.4,19.5,19.9,-1.9,-8.72%,82290
SEED,2016-04-28,19.5,21,19,20.4,0.5,+2.51%,29820
SEED,2016-04-29,20.3,20.5,19.3,19.6,-0.8,-3.92%,22390
SEED,2016-05-02,19.6,19.6,18.6,18.9,-0.7,-3.57%,23240
SEED,2016-05-03,18.4,19.5,17.9,18,-0.9,-4.76%,9650
SEED,2016-05-04,17.6,18.9,17.5,17.6,-0.4,-2.22%,20150
SEED,2016-05-05,17.5,17.9,17.1,17.8,0.2,+1.14%,9990
SEED,2016-05-06,18.1,18.1,17.1,17.3,-0.5,-2.81%,5750
SEED,2016-05-09,17,17.5,16.5,16.7,-0.6,-3.47%,12140
SEED,2016-05-10,17.2,17.9,16.8,17.7,1,+5.99%,11390
SEED,2016-05-11,18,18,16.5,17.4,-0.3,-1.69%,16380
SEED,2016-05-12,18,19.6,16.5,16.8,-0.6,-3.45%,88220
SEED,2016-05-13,16.5,17.5,16.5,16.9,0.1,+0.60%,9010
SEED,2016-05-16,16.7,17.4,16.5,16.5,-0.4,-2.37%,10640
SEED,2016-05-17,17.9,17.9,16.6,16.7,0.2,+1.21%,12590
SEED,2016-05-18,17.2,18.3,16.5,16.7,0,0.00%,26920
SEED,2016-05-19,16.9,17.2,16.3,17,0.3,+1.80%,8420
SEED,2016-05-20,16.9,17.5,16.7,16.8,-0.2,-1.18%,3540
SEED,2016-05-23,16.9,17.8,16.6,17,0.2,+1.19%,9680
SEED,2016-05-24,16.9,19,16.9,18.2,1.2,+7.06%,89310
SEED,2016-05-25,18.1,18.5,16.7,16.8,-1.4,-7.69%,31810
SEED,2016-05-26,16.9,17.2,16.2,16.7,-0.1,-0.60%,27590
SEED,2016-05-27,16.7,17.2,16.6,16.9,0.2,+1.20%,8270
SEED,2016-05-31,17,17.8,16.9,17,0.1,+0.59%,9500
SEED,2016-06-01,17,17.2,16.5,16.6,-0.4,-2.35%,10770
SEED,2016-06-02,16.9,17.5,16.5,17.3,0.7,+4.22%,10020
SEED,2016-06-03,17.2,18.3,17.2,17.5,0.2,+1.16%,27020
SEED,2016-06-06,17.5,18.9,17,17.5,0,0.00%,52740
SEED,2016-06-07,17.6,18.2,17.3,17.7,0.2,+1.14%,25370
SEED,2016-06-08,17.7,18.2,17.3,17.6,-0.1,-0.56%,12660
SEED,2016-06-09,17.6,18.1,17.1,17.5,-0.1,-0.57%,12850
SEED,2016-06-10,17.5,17.6,17,17.2,-0.3,-1.71%,10170
SEED,2016-06-13,17.1,17.1,16.1,16.4,-0.8,-4.65%,25870
SEED,2016-06-14,16.2,17.3,16.1,16.9,0.5,+3.05%,7020
SEED,2016-06-15,17,17.4,16.6,17.2,0.3,+1.78%,5570
SEED,2016-06-16,17,17.2,16.5,16.8,-0.4,-2.33%,2840
SEED,2016-06-17,17.1,18.7,17,17.1,0.3,+1.79%,22440
SEED,2016-06-20,17.3,17.6,16.7,17.3,0.2,+1.17%,3130
SEED,2016-06-21,16.9,17.9,16.7,17.1,-0.2,-1.16%,6640
SEED,2016-06-22,17.3,18.2,16.9,16.9,-0.2,-1.17%,5330
SEED,2016-06-23,17.1,17.7,16.7,17.2,0.3,+1.78%,7440
SEED,2016-06-24,16.2,17.6,16.2,17.4,0.2,+1.16%,16320
SEED,2016-06-27,17.6,19.8,17.1,19.6,2.2,+12.64%,95250
SEED,2016-06-28,20,20,16.1,16.5,-3.1,-15.82%,73030
SEED,2016-06-29,16.4,17.4,16.3,17.1,0.6,+3.64%,14990
SEED,2016-06-30,17,18.2,16.9,17.8,0.7,+4.09%,13710
SEED,2016-07-01,17.8,18.4,17.6,17.8,0,0.00%,9550
SEED,2016-07-05,17.8,18.5,17.6,18.3,0.5,+2.81%,8640
SEED,2016-07-06,18.2,19.5,18,19,0.7,+3.83%,15150
SEED,2016-07-07,19.3,19.6,18.1,18.5,-0.5,-2.63%,4310
SEED,2016-07-08,18.9,19.2,18.6,19,0.5,+2.70%,5300
SEED,2016-07-11,19.1,19.3,18.7,19,0,0.00%,6010
SEED,2016-07-12,19,19.6,18.8,19.4,0.4,+2.11%,28000
SEED,2016-07-13,19.5,21,19.5,20.8,1.4,+7.22%,74450
SEED,2016-07-14,21,21.5,19.9,20.3,-0.5,-2.40%,28410
SEED,2016-07-15,21,21,20.2,20.5,0.2,+0.99%,5620
SEED,2016-07-18,20.5,20.5,19.9,20.5,0,0.00%,8470
SEED,2016-07-19,20.5,20.5,19.5,19.6,-0.9,-4.39%,8610
SEED,2016-07-20,19.2,20.4,19.1,20.2,0.6,+3.06%,9830
SEED,2016-07-21,20,21,20,20.5,0.3,+1.49%,13560
SEED,2016-07-22,20.5,21.5,20.2,20.6,0.1,+0.49%,67430
SEED,2016-07-25,21,23.4,21,23,2.4,+11.65%,121459
SEED,2016-07-26,23.8,23.8,21.7,21.9,-1.1,-4.78%,35620
SEED,2016-07-27,21.7,22.2,21.5,21.5,-0.4,-1.83%,18950
SEED,2016-07-28,21.7,22.1,21.2,21.7,0.2,+0.93%,35290
SEED,2016-07-29,21.9,22.1,21.5,21.7,0,0.00%,3900
SEED,2016-08-01,21.6,21.9,20.9,21.8,0.1,+0.46%,9090
SEED,2016-08-02,21.5,21.6,19.5,19.7,-2.1,-9.63%,35000
SEED,2016-08-03,19.4,20.9,19,20,0.3,+1.52%,12650
SEED,2016-08-04,20.2,20.8,19.5,19.5,-0.5,-2.50%,9400
SEED,2016-08-05,19.6,20.2,19.3,19.9,0.4,+2.05%,9130
SEED,2016-08-08,19.9,20.8,19.9,20.4,0.5,+2.51%,10620
SEED,2016-08-09,20.3,21.7,20.3,21.1,0.7,+3.43%,7840
SEED,2016-08-10,21.2,23,20.8,21.8,0.7,+3.32%,53520
SEED,2016-08-11,22.4,22.4,20.4,20.6,-1.2,-5.50%,15260
SEED,2016-08-12,20.8,20.8,20,20.2,-0.4,-1.94%,10990
SEED,2016-08-15,20.1,20.9,20,20.4,0.2,+0.99%,7720
SEED,2016-08-16,20.7,21.1,20.4,21,0.6,+2.94%,6630
SEED,2016-08-17,20.8,21,20.7,20.8,-0.2,-0.95%,1400
SEED,2016-08-18,20.7,21.4,20.4,21,0.2,+0.96%,6250
SEED,2016-08-19,20.9,21.2,20.6,21.1,0.1,+0.48%,8050
SEED,2016-08-22,21.1,21.1,20.7,21,-0.1,-0.47%,1970
SEED,2016-08-23,20.9,23.3,20.9,22.8,1.8,+8.57%,80140
SEED,2016-08-24,23,24,21,21,-1.8,-7.89%,98020
SEED,2016-08-25,21.5,21.7,21,21.4,0.4,+1.90%,7920
SEED,2016-08-26,21.7,21.8,21.5,21.5,0.1,+0.47%,2520
SEED,2016-08-29,21.3,22.5,21.3,22.3,0.8,+3.72%,8320
SEED,2016-08-30,22.7,23,21.7,21.8,-0.5,-2.24%,13220
SEED,2016-08-31,21.8,22.6,21.4,22.2,0.4,+1.83%,8250
SEED,2016-09-01,22.2,23,21.7,22,-0.2,-0.90%,8710
SEED,2016-09-02,22,22.4,22,22.2,0.2,+0.91%,2400
SEED,2016-09-06,22.5,23,22.1,22.3,0.1,+0.45%,16140
SEED,2016-09-07,22.4,23.8,22.4,23.6,1.3,+5.83%,38040
SEED,2016-09-08,23.8,24,23.2,23.8,0.2,+0.85%,48470
SEED,2016-09-09,23.6,24.9,23.6,23.9,0.1,+0.42%,113510
SEED,2016-09-12,23.6,23.6,22.5,22.8,-1.1,-4.60%,21590
SEED,2016-09-13,22.8,23.1,21.4,22,-0.8,-3.51%,27190
SEED,2016-09-14,22.2,22.2,21.1,21.4,-0.6,-2.73%,11040
SEED,2016-09-15,21.5,21.9,21.1,21.7,0.3,+1.40%,6490
SEED,2016-09-16,21.6,22.2,21.5,22,0.3,+1.38%,8850
SEED,2016-09-19,22,22.4,21.1,21.1,-0.9,-4.09%,8060
SEED,2016-09-20,21.3,21.9,21.2,21.9,0.8,+3.79%,3240
SEED,2016-09-21,21.5,22.4,21.5,22,0.1,+0.46%,10270
SEED,2016-09-22,21.9,22,21.6,21.8,-0.2,-0.91%,9090
SEED,2016-09-23,21.4,23.1,21.4,23,1.2,+5.50%,23870
SEED,2016-09-26,22.7,23.6,22.7,23.4,0.4,+1.74%,19010
SEED,2016-09-27,23.2,23.7,22.9,23.3,-0.1,-0.43%,39100
SEED,2016-09-28,31.6,31.9,23.3,23.7,0.4,+1.72%,759080
SEED,2016-09-29,23.7,24.2,22.1,23.2,-0.5,-2.11%,66810
SEED,2016-09-30,23.1,24,22.2,23.7,0.5,+2.16%,52210
SEED,2016-10-03,23.7,25,23.5,24.8,1.1,+4.64%,40420
SEED,2016-10-04,25,25.2,24.2,24.6,-0.2,-0.81%,22520
SEED,2016-10-05,24.8,26.9,24,26.8,2.2,+8.94%,64280
SEED,2016-10-06,27.1,27.1,25.8,26.3,-0.5,-1.87%,24500
SEED,2016-10-07,26.6,26.9,25.9,26.5,0.2,+0.76%,15910
SEED,2016-10-10,27.5,27.5,26,27.4,0.9,+3.40%,21930
SEED,2016-10-11,27.4,27.4,26,26.5,-0.9,-3.28%,33520
SEED,2016-10-12,26,26.5,25.4,25.6,-0.9,-3.40%,11520
SEED,2016-10-13,25.4,25.4,24,25.2,-0.4,-1.56%,21610
SEED,2016-10-14,25.2,25.2,24.7,24.9,-0.3,-1.19%,6490
SEED,2016-10-17,24.9,25,24.3,24.8,-0.1,-0.40%,6050
SEED,2016-10-18,24.9,25.6,24.9,25.4,0.6,+2.42%,7210
SEED,2016-10-19,25.4,26.7,24.9,26.4,1,+3.94%,10750
SEED,2016-10-20,26.4,27.4,25.8,26.1,-0.3,-1.14%,11060
SEED,2016-10-21,26.1,26.5,25.5,25.9,-0.2,-0.77%,6900
SEED,2016-10-24,26,26.2,25,25.4,-0.5,-1.93%,5370
SEED,2016-10-25,25.4,25.7,25,25.2,-0.2,-0.79%,5590
SEED,2016-10-26,25.1,25.2,24.3,24.5,-0.7,-2.78%,9570
SEED,2016-10-27,24.5,25.8,24.5,25.1,0.6,+2.45%,16800
SEED,2016-10-28,25,26.6,24.8,25.6,0.5,+1.99%,10580
SEED,2016-10-31,25.4,26.1,25.2,25.7,0.1,+0.39%,3460
SEED,2016-11-01,25.4,26,25.1,25.2,-0.5,-1.95%,3030
SEED,2016-11-02,25.4,25.9,25,25.2,0,0.00%,4380
SEED,2016-11-03,25,25.6,23.9,24.9,-0.3,-1.19%,13730
SEED,2016-11-04,24.6,25.2,24.6,24.7,-0.2,-0.80%,3890
SEED,2016-11-07,24.7,25,24.5,24.5,-0.2,-0.81%,6820
SEED,2016-11-08,24.7,25.5,24.7,25.2,0.7,+2.86%,9800
SEED,2016-11-09,24.5,25,24.5,24.5,-0.7,-2.78%,6190
SEED,2016-11-10,24.8,24.8,24,24.2,-0.3,-1.22%,7910
SEED,2016-11-11,24.3,25.8,24.1,25.5,1.3,+5.37%,14790
SEED,2016-11-14,25.8,26.4,25.1,25.7,0.2,+0.78%,13750
SEED,2016-11-15,25.8,26.3,25.3,26.1,0.4,+1.56%,8350
SEED,2016-11-16,25.9,26.2,25.7,25.9,-0.2,-0.77%,4210
SEED,2016-11-17,26,28.7,25.5,27.7,1.8,+6.95%,105730
SEED,2016-11-18,28,28.3,26.3,26.4,-1.3,-4.69%,26270
SEED,2016-11-21,26.7,27.3,25.7,26.3,-0.1,-0.38%,11990
SEED,2016-11-22,26.6,26.7,25.9,26.5,0.2,+0.76%,6520
SEED,2016-11-23,26.6,27.4,26.2,26.8,0.3,+1.13%,12000
SEED,2016-11-25,27,28.2,26.5,26.8,0,0.00%,10700
SEED,2016-11-28,26.8,27.3,26.2,26.7,-0.1,-0.37%,8850
SEED,2016-11-29,26.9,27.5,26.6,27.1,0.4,+1.50%,8990
SEED,2016-11-30,27.1,27.3,26.2,26.3,-0.8,-2.95%,11950
SEED,2016-12-01,26.4,26.6,24.7,24.7,-1.6,-6.08%,25590
SEED,2016-12-02,24.6,25.2,22.3,24,-0.7,-2.83%,16020
SEED,2016-12-05,24,25.1,24,24.8,0.8,+3.33%,6150
SEED,2016-12-06,24.6,25.7,24.6,25,0.2,+0.81%,5530
SEED,2016-12-07,24.9,25.7,24.6,25.2,0.2,+0.80%,3350
SEED,2016-12-08,25.3,25.3,24,25.1,-0.1,-0.40%,7690
SEED,2016-12-09,24.8,25,24.2,24.7,-0.4,-1.59%,4020
SEED,2016-12-12,24.4,24.9,23.5,24.2,-0.5,-2.02%,10700
SEED,2016-12-13,24,24.5,23.7,24,-0.2,-0.83%,10070
SEED,2016-12-14,24.6,24.7,23.8,23.9,-0.1,-0.42%,6070
SEED,2016-12-15,24.2,24.7,24,24.3,0.4,+1.67%,4310
SEED,2016-12-16,24.5,24.9,23.5,23.6,-0.7,-2.88%,10080
SEED,2016-12-19,23.3,24.2,23.1,24.2,0.6,+2.54%,9070
SEED,2016-12-20,24.2,25,23.9,24.7,0.5,+2.07%,13750
SEED,2016-12-21,24.5,24.5,24.2,24.3,-0.4,-1.62%,2300
SEED,2016-12-22,24.7,24.7,23.9,24.5,0.2,+0.82%,2280
SEED,2016-12-23,24.4,24.6,24.2,24.5,0,0.00%,2800
SEED,2016-12-27,24.5,24.5,24,24.2,-0.3,-1.22%,3390
SEED,2016-12-28,24.1,24.4,23.4,24.4,0.2,+0.83%,11760
SEED,2016-12-29,24,24.4,23.9,24.3,-0.1,-0.41%,5510
SEED,2016-12-30,24.2,24.5,22.8,23.6,-0.7,-2.88%,26050
SEED,2017-01-03,24,24.5,20.1,20.7,-2.9,-12.29%,34910
SEED,2017-01-04,22.7,23.7,21.4,23,2.3,+11.11%,24230
SEED,2017-01-05,23.1,23.3,22,22,-1.,-4.35%,8660
SEED,2017-01-06,22.1,23,21.1,21.5,-0.5,-2.27%,12580
SEED,2017-01-09,21.5,23.4,21.5,22,0.5,+2.33%,3310
SEED,2017-01-10,22.9,22.9,21.6,22.2,0.2,+0.91%,7590
SEED,2017-01-11,22.1,22.4,21.7,22.1,-0.1,-0.45%,6550
SEED,2017-01-12,22.3,22.8,21.7,21.7,-0.4,-1.81%,7300
SEED,2017-01-13,21.7,22.3,21.7,21.9,0.2,+0.92%,850
SEED,2017-01-17,21.9,22.2,21.1,21.1,-0.8,-3.65%,14540
SEED,2017-01-18,21.4,21.5,21,21.3,0.2,+0.95%,3890
SEED,2017-01-19,21,21.6,20.1,20.3,-1.,-4.69%,13750
SEED,2017-01-20,20.4,21.4,20.1,20.1,-0.2,-0.99%,5380
SEED,2017-01-23,20.3,21.2,20.2,20.9,0.8,+3.98%,6100
SEED,2017-01-24,21.2,21.6,21.2,21.4,0.5,+2.39%,7630
SEED,2017-01-25,21.1,22.5,21.1,22.4,1,+4.67%,4430
SEED,2017-01-26,22.4,22.6,21.3,21.4,-1.,-4.46%,2700
SEED,2017-01-27,21.5,22.2,20.6,20.6,-0.8,-3.74%,3370
SEED,2017-01-30,20.7,22,20.1,20.7,0.1,+0.49%,6310
SEED,2017-01-31,20.7,21.9,20.7,20.8,0.1,+0.48%,6590
SEED,2017-02-01,21,21,20,20.1,-0.7,-3.37%,7040
SEED,2017-02-02,20.5,20.9,20.2,20.8,0.7,+3.48%,2220
SEED,2017-02-03,20.8,21.1,20.1,20.4,-0.4,-1.92%,10950
SEED,2017-02-06,20.2,20.7,20.2,20.4,0,0.00%,4050
SEED,2017-02-07,20.6,21.6,20.5,20.7,0.3,+1.47%,7380
SEED,2017-02-08,20.8,21.2,20.5,20.5,-0.2,-0.97%,2260
SEED,2017-02-09,20.6,21.7,20.5,21,0.5,+2.44%,3970
SEED,2017-02-10,21,22.1,21,21.9,0.9,+4.29%,3210
SEED,2017-02-13,21.7,22.2,21,21.2,-0.7,-3.20%,9780
SEED,2017-02-14,21.2,21.2,20.5,20.5,-0.7,-3.30%,10500
SEED,2017-02-15,20.7,21.3,20.5,21.2,0.7,+3.41%,5310
SEED,2017-02-16,20.8,21.9,20.8,21,-0.2,-0.94%,14920
SEED,2017-02-17,21,21.1,20.5,20.7,-0.3,-1.43%,5730
SEED,2017-02-21,21,21.4,20.7,20.8,0.1,+0.48%,8890
SEED,2017-02-22,21.5,24,21,21,0.2,+0.96%,45950
SEED,2017-02-23,21,21.4,20.5,20.8,-0.2,-0.95%,4730
SEED,2017-02-24,20.6,20.9,20.4,20.5,-0.3,-1.44%,4160
SEED,2017-02-27,20.3,20.7,20,20.2,-0.3,-1.46%,12940
SEED,2017-02-28,20.1,20.6,20.1,20.1,-0.1,-0.50%,2860
SEED,2017-03-01,20,20.5,19.8,20.2,0.1,+0.50%,7890
SEED,2017-03-02,20,20.3,18,18.3,-1.9,-9.41%,22740
SEED,2017-03-03,18.2,19.3,18.2,18.3,0,0.00%,14620
SEED,2017-03-06,18.8,18.8,17.6,17.8,-0.5,-2.73%,10730
SEED,2017-03-07,17.7,19.1,17.7,18.6,0.8,+4.49%,6820
SEED,2017-03-08,18.8,18.9,18,18.1,-0.5,-2.69%,4360
SEED,2017-03-09,18,18.5,18,18.4,0.3,+1.66%,6130
SEED,2017-03-10,18.6,19,18.5,18.6,0.2,+1.09%,5220
SEED,2017-03-13,18.6,18.8,18.6,18.7,0.1,+0.54%,1850
SEED,2017-03-14,18.6,18.9,18.5,18.7,0,0.00%,1240
SEED,2017-03-15,18.8,19.8,18.7,19.6,0.9,+4.81%,13060
SEED,2017-03-16,19.5,20.5,19.2,19.8,0.2,+1.02%,13530
SEED,2017-03-17,19.9,19.9,19.6,19.6,-0.2,-1.01%,2020
SEED,2017-03-20,19.6,20.6,19.5,20.5,0.9,+4.59%,5080
SEED,2017-03-21,20.4,20.4,19.4,19.5,-1.,-4.88%,3450
SEED,2017-03-22,19.7,20.3,19.2,20.1,0.6,+3.08%,4080
SEED,2017-03-23,19.9,20.1,19.7,19.8,-0.3,-1.49%,1250
SEED,2017-03-24,19.8,20,19.4,19.5,-0.3,-1.52%,860
SEED,2017-03-27,19.5,19.8,18.5,19.4,-0.1,-0.51%,5260
SEED,2017-03-28,19.2,19.8,19.2,19.5,0.1,+0.52%,1290
SEED,2017-03-29,19.5,21.5,19.4,20.8,1.3,+6.67%,29040
SEED,2017-03-30,20.6,21.2,20.3,20.4,-0.4,-1.92%,4370
SEED,2017-03-31,20.4,21,19.8,20.3,-0.1,-0.49%,5360
SEED,2017-04-03,20.2,21,20,20.3,0,0.00%,4990
SEED,2017-04-04,20.3,20.7,19.7,19.8,-0.5,-2.46%,2880
SEED,2017-04-05,19.9,21.7,19.9,20.6,0.8,+4.04%,31330
SEED,2017-04-06,20.9,21.4,20.5,20.9,0.3,+1.46%,10210
SEED,2017-04-07,21.3,23.3,21.1,22.4,1.5,+7.18%,36350
SEED,2017-04-10,22.2,22.6,21.3,21.4,-1.,-4.46%,8640
SEED,2017-04-11,21.2,21.9,20.8,21.4,0,0.00%,4220
SEED,2017-04-12,21.4,21.8,20.7,20.8,-0.6,-2.80%,2120
SEED,2017-04-13,20.6,23.5,19.6,19.8,-1.,-4.81%,97110
SEED,2017-04-17,19.5,20.1,18.2,19.2,-0.6,-3.03%,12520
SEED,2017-04-18,18.8,18.9,18.2,18.3,-0.9,-4.69%,8010
SEED,2017-04-19,18.6,18.7,17.5,17.7,-0.6,-3.28%,17980
SEED,2017-04-20,17.7,19.1,17.7,18.5,0.8,+4.52%,8040
SEED,2017-04-21,18.1,18.6,17.8,18.6,0.1,+0.54%,4650
SEED,2017-04-24,18.6,18.7,17.6,18.2,-0.4,-2.15%,7700
SEED,2017-04-25,18.3,19.5,18,18.5,0.3,+1.65%,19800
SEED,2017-04-26,18.6,18.8,18.3,18.4,-0.1,-0.54%,3680
SEED,2017-04-27,19,19,18,18.3,-0.1,-0.54%,6160
SEED,2017-04-28,18.3,18.5,18.2,18.5,0.2,+1.09%,570
SEED,2017-05-01,18.4,18.7,18.2,18.5,0,0.00%,1910
SEED,2017-05-02,18.2,19,18.1,18.4,-0.1,-0.54%,4140
SEED,2017-05-03,18.7,18.7,17.5,17.8,-0.6,-3.26%,11770
SEED,2017-05-04,17.8,17.8,17.1,17.2,-0.6,-3.37%,4820
SEED,2017-05-05,17.2,17.4,15.5,15.5,-1.7,-9.88%,6190
SEED,2017-05-08,15.8,17,15.8,16.8,1.3,+8.39%,2880
SEED,2017-05-09,17,17.7,16.8,17.1,0.3,+1.79%,2350
SEED,2017-05-10,17.5,17.7,16.8,17.3,0.2,+1.17%,800
SEED,2017-05-11,17.5,17.5,16.7,17.2,-0.1,-0.58%,5550
SEED,2017-05-12,17.2,17.5,16.9,17.5,0.3,+1.74%,4230
SEED,2017-05-15,17.6,17.7,16.8,17.1,-0.4,-2.29%,8700
SEED,2017-05-16,17.4,17.4,16.8,17,-0.1,-0.58%,5990
SEED,2017-05-17,16.9,17,16.7,16.8,-0.2,-1.18%,3780
SEED,2017-05-18,16.7,17,16,16.1,-0.7,-4.17%,11160
SEED,2017-05-19,16.6,16.6,16.2,16.3,0.2,+1.24%,6040
SEED,2017-05-22,16.5,16.6,16.2,16.6,0.3,+1.84%,1200
SEED,2017-05-23,16.8,16.8,16.5,16.5,-0.1,-0.60%,3540
SEED,2017-05-24,16.1,16.5,16,16.4,-0.1,-0.61%,2110
SEED,2017-05-25,16.4,16.5,15.7,16.5,0.1,+0.61%,8640
SEED,2017-05-26,16.4,16.4,16.1,16.1,-0.4,-2.42%,700
SEED,2017-05-30,16,16,15,15.7,-0.4,-2.48%,15430
SEED,2017-05-31,15.7,15.7,15,15.1,-0.6,-3.82%,4310
SEED,2017-06-01,15.2,15.2,13.8,14.2,-0.9,-5.96%,19200
SEED,2017-06-02,14,15.6,14,15,0.8,+5.63%,16400
SEED,2017-06-05,15,15.1,14,14.5,-0.5,-3.33%,18640
SEED,2017-06-06,14.3,15.5,14.3,15,0.5,+3.45%,18900
SEED,2017-06-07,14.8,15.1,14.6,14.8,-0.2,-1.33%,5470
SEED,2017-06-08,14.5,15.9,14.3,14.7,-0.1,-0.68%,1630
SEED,2017-06-09,14.7,15.4,14.6,14.9,0.2,+1.36%,6090
SEED,2017-06-12,15.2,15.2,14.7,14.8,-0.1,-0.67%,680
SEED,2017-06-13,14.7,14.9,14.5,14.6,-0.2,-1.35%,2840
SEED,2017-06-14,14.6,14.7,14,14.2,-0.4,-2.74%,4340
SEED,2017-06-15,14.3,14.5,14.2,14.5,0.3,+2.11%,2620
SEED,2017-06-16,14.4,14.7,14,14,-0.5,-3.45%,3830
SEED,2017-06-19,14.5,14.5,13.9,14,0,0.00%,1680
SEED,2017-06-20,14.2,14.2,13.8,14,0,0.00%,2220
SEED,2017-06-21,13.8,14.3,13.6,14.3,0.3,+2.14%,4970
SEED,2017-06-22,14,15.5,14,14.8,0.5,+3.50%,12490
SEED,2017-06-23,14.8,15,14.5,14.6,-0.2,-1.35%,4800
SEED,2017-06-26,14.7,15,14,14.2,-0.4,-2.74%,3410
SEED,2017-06-27,14.6,14.6,13.9,14.2,0,0.00%,5070
SEED,2017-06-28,14.2,14.6,13.8,13.8,-0.4,-2.82%,10690
SEED,2017-06-29,13.8,14.2,13.8,14.2,0.4,+2.90%,4420
SEED,2017-06-30,14.2,14.5,14.2,14.3,0.1,+0.70%,2980
SEED,2017-07-03,14.3,14.4,14.3,14.4,0.1,+0.70%,700
SEED,2017-07-05,14,14.8,14,14.4,0,0.00%,3650
SEED,2017-07-06,14.5,14.5,13.8,14,-0.4,-2.78%,2470
SEED,2017-07-07,14,14.2,13.9,14.1,0.1,+0.71%,2130
SEED,2017-07-10,14,14.1,13.3,13.8,-0.3,-2.13%,9540
SEED,2017-07-11,13.7,13.8,13,13.6,-0.2,-1.45%,6610
SEED,2017-07-12,13.5,13.8,13.5,13.7,0.1,+0.74%,540
SEED,2017-07-13,13.5,13.8,13.4,13.4,-0.3,-2.19%,600
SEED,2017-07-14,13.4,13.8,13.3,13.8,0.4,+2.99%,1020
SEED,2017-07-17,14,14.1,13.8,14,0.2,+1.45%,4270
SEED,2017-07-18,14.1,14.2,13.8,13.8,-0.2,-1.43%,2070
SEED,2017-07-19,13.8,14.2,13.8,14.1,0.3,+2.17%,2850
SEED,2017-07-20,14.3,15.3,14.3,14.9,0.8,+5.67%,22280
SEED,2017-07-21,14.7,14.8,14,14.1,-0.8,-5.37%,5640
SEED,2017-07-24,14.4,14.6,13.9,14.6,0.5,+3.55%,8330
SEED,2017-07-25,14,15.4,13.7,14.2,-0.4,-2.74%,13120
SEED,2017-07-26,14.4,14.7,13.7,14.3,0.1,+0.70%,2840
SEED,2017-07-27,14.4,15,13.9,14,-0.3,-2.10%,2230
SEED,2017-07-28,14,14.45,14,14,0,0.00%,1230
SEED,2017-07-31,14.2,14.7,13.6,13.6,-0.4,-2.86%,2540
SEED,2017-08-01,13.8,13.9,13.5,13.6,0,0.00%,1120
SEED,2017-08-02,13.8,14.2,13.6,13.8,0.2,+1.47%,4270
SEED,2017-08-03,13.6,13.9,13.6,13.6,-0.2,-1.45%,2500
SEED,2017-08-04,13.7,13.8,13.5,13.6,0,0.00%,1170
SEED,2017-08-07,13.8,13.8,13.5,13.6,0,0.00%,3990
SEED,2017-08-08,13.8,15.3,13.8,15,1.4,+10.29%,22840
SEED,2017-08-09,15.2,17,15.2,16.5,1.5,+10.00%,39480
SEED,2017-08-10,16.7,17,15.3,16.4,-0.1,-0.61%,9150
SEED,2017-08-11,15.7,16.5,15.7,16.1,-0.3,-1.83%,1820
SEED,2017-08-14,16,16.6,16,16.1,0,0.00%,7250
SEED,2017-08-15,16.03,16.03,15,15.25,-0.85,-5.28%,6020
SEED,2017-08-16,15.1,15.5,15.1,15.3,0.05,+0.33%,1650
SEED,2017-08-17,15.4,15.6,15.3,15.3,0,0.00%,460
SEED,2017-08-18,15.5,16,15.2,15.4,0.1,+0.65%,6800
SEED,2017-08-21,15.5,15.6,15.1,15.1,-0.3,-1.95%,2050
SEED,2017-08-22,15.1,15.6,14.7,14.8,-0.3,-1.99%,4630
SEED,2017-08-23,14.8,15.1,14.7,14.8,0,0.00%,1110
SEED,2017-08-24,15.6,19.6,15.1,18,3.2,+21.62%,156140
SEED,2017-08-25,17.7,17.7,16.1,16.6,-1.4,-7.78%,41710
SEED,2017-08-28,16.7,16.95,15.3,16.5,-0.1,-0.60%,15280
SEED,2017-08-29,16.6,16.6,15.7,16.1,-0.4,-2.42%,4780
SEED,2017-08-30,16.1,16.6,16.1,16.4,0.3,+1.86%,13930
SEED,2017-08-31,16.5,16.5,16,16.2,-0.2,-1.22%,2350
SEED,2017-09-01,16.3,17.3,16.1,17,0.8,+4.94%,15770
SEED,2017-09-05,17,17.6,16.5,16.7,-0.3,-1.76%,3720
SEED,2017-09-06,16.5,16.7,16.5,16.6,-0.1,-0.60%,1610
SEED,2017-09-07,16.5,17.6,16.5,16.9,0.3,+1.81%,3010
SEED,2017-09-08,16.7,17,16.6,16.8,-0.1,-0.59%,2360
SEED,2017-09-11,16.8,17.2,16.5,16.75,-0.05,-0.30%,4070
SEED,2017-09-12,16.7,17.5,16.5,17.1,0.35,+2.09%,5050
SEED,2017-09-13,16.9,17.7,16.7,17.1,0,0.00%,8310
SEED,2017-09-14,17.1,17.4,17,17.1,0,0.00%,2640
SEED,2017-09-15,17.2,17.5,17.1,17.2,0.1,+0.58%,3930
SEED,2017-09-18,17.4,17.4,17,17.1,-0.1,-0.58%,1590
SEED,2017-09-19,17.2,17.2,16.5,16.6,-0.5,-2.92%,6030
SEED,2017-09-20,16.7,17,16.6,16.7,0.1,+0.60%,1560
SEED,2017-09-21,16.9,16.9,16.5,16.5,-0.2,-1.20%,920
SEED,2017-09-22,16.5,16.7,16.1,16.4,-0.1,-0.61%,2840
SEED,2017-09-25,16.1,16.8,16.1,16.2,-0.2,-1.22%,1430
SEED,2017-09-26,16,16.2,15.4,15.6,-0.6,-3.70%,11980
SEED,2017-09-27,15.5,16.4,15.1,15.7,0.1,+0.64%,1390
SEED,2017-09-28,15.9,16.1,15.7,16,0.3,+1.91%,1330
SEED,2017-09-29,16.3,16.4,15.6,16.4,0.4,+2.50%,2090
SEED,2017-10-02,16.3,16.8,15.8,16.5,0.1,+0.61%,2800
SEED,2017-10-03,16.9,16.9,16.3,16.7,0.2,+1.21%,2310
SEED,2017-10-04,16.7,16.9,16.25,16.4,-0.3,-1.80%,4340
SEED,2017-10-05,16.6,17,16.4,16.8,0.4,+2.44%,7210
SEED,2017-10-06,16.3,16.8,15.5,16,-0.8,-4.76%,2860
SEED,2017-10-09,16,17.3,16,16,0,0.00%,9060
SEED,2017-10-10,16.6,16.6,15.8,15.8,-0.2,-1.25%,5030
SEED,2017-10-11,16,16.3,15.8,16.2,0.4,+2.53%,3310
SEED,2017-10-12,16.1,16.5,15.9,16.1,-0.1,-0.62%,3300
SEED,2017-10-13,16,16.7,15.8,16.7,0.6,+3.73%,1740
SEED,2017-10-16,18.7,18.7,15.7,15.9,-0.8,-4.79%,17250
SEED,2017-10-17,15.7,15.9,15.1,15.3,-0.6,-3.77%,4950
SEED,2017-10-18,15.3,15.6,15.1,15.2,-0.1,-0.65%,2610
SEED,2017-10-19,15.3,15.3,14.6,14.7,-0.5,-3.29%,12810
SEED,2017-10-20,14.9,15.5,14.5,15.2,0.5,+3.40%,4630
SEED,2017-10-23,15.2,15.7,14.8,15.2,0,0.00%,1730
SEED,2017-10-24,15.5,15.5,14.8,14.85,-0.35,-2.30%,5040
SEED,2017-10-25,14.7,14.8,14.6,14.6,-0.25,-1.68%,1250
SEED,2017-10-26,14.8,15,14.5,14.5,-0.1,-0.68%,970
SEED,2017-10-27,14.3,14.4,14,14.15,-0.35,-2.41%,10500
SEED,2017-10-30,14.2,14.7,14.2,14.4,0.25,+1.77%,1340
SEED,2017-10-31,14.2,14.3,14.2,14.3,-0.1,-0.69%,610
SEED,2017-11-01,14.4,14.4,14.2,14.2,-0.1,-0.70%,2130
SEED,2017-11-02,14.2,14.4,13.8,14.2,0,0.00%,3640
SEED,2017-11-03,14,14,12.9,12.9,-1.3,-9.15%,24350
SEED,2017-11-06,12.5,13.2,12.5,12.6,-0.3,-2.33%,23760
SEED,2017-11-07,12.5,13.6,12.5,13,0.4,+3.17%,6680
SEED,2017-11-08,13,13.9,12.7,13.3,0.3,+2.31%,2600
SEED,2017-11-09,13.5,14.8,13.1,13.5,0.2,+1.50%,38740
SEED,2017-11-10,13.4,13.7,13,13.4,-0.1,-0.74%,5730
SEED,2017-11-13,13.1,13.8,13,13.2,-0.2,-1.49%,7390
SEED,2017-11-14,13.1,15.9,13.1,14.3,1.1,+8.33%,86830
SEED,2017-11-15,14.2,15.4,13.5,13.8,-0.5,-3.50%,8330
SEED,2017-11-16,13.8,13.8,12.1,12.8,-1.,-7.25%,52610
SEED,2017-11-17,12.9,13.2,12.8,12.8,0,0.00%,7250
SEED,2017-11-20,12.9,12.9,12.3,12.7,-0.1,-0.78%,5200
SEED,2017-11-21,12.7,12.7,12.5,12.6,-0.1,-0.79%,7630
SEED,2017-11-22,12.6,12.7,12.5,12.5,-0.1,-0.79%,3330
SEED,2017-11-24,12.5,12.8,12.5,12.55,0.05,+0.40%,2920
SEED,2017-11-27,12.5,12.8,12.5,12.7,0.15,+1.20%,3580
SEED,2017-11-28,12.9,12.9,12.1,12.4,-0.3,-2.36%,8130
SEED,2017-11-29,13,13.2,12.1,12.4,0,0.00%,23910
SEED,2017-11-30,12.3,12.7,12,12.3,-0.1,-0.81%,8290
SEED,2017-12-01,12.3,12.3,11.8,11.9,-0.4,-3.25%,10970
SEED,2017-12-04,10.6,12.1,7.7,8.55,-3.35,-28.15%,73330
SEED,2017-12-05,8,9.5,8,8.85,0.3,+3.51%,47460
SEED,2017-12-06,9,9.9,8.7,9.5,0.65,+7.34%,31640
SEED,2017-12-07,9.81,10,8.85,9,-0.5,-5.26%,18140
SEED,2017-12-08,8.95,9.25,8.6,8.7,-0.3,-3.33%,10570
SEED,2017-12-11,8.6,9,8.5,8.5,-0.2,-2.30%,9360
SEED,2017-12-12,8.6,8.6,8,8.4,-0.1,-1.18%,10200
SEED,2017-12-13,8.1,8.5,8,8,-0.4,-4.76%,8670
SEED,2017-12-14,8,8.2,7.9,8.1,0.1,+1.25%,17390
SEED,2017-12-15,8.1,9.1,8,8.3,0.2,+2.47%,56870
SEED,2017-12-18,9,9.1,8.1,8.1,-0.2,-2.41%,48540
SEED,2017-12-19,8.1,8.4,7.8,8.2,0.1,+1.23%,11580
SEED,2017-12-20,8.17,8.4,7.95,8.2,0,0.00%,7780
SEED,2017-12-21,8.35,8.4,8,8.21,0.01,+0.12%,5760
SEED,2017-12-22,8.1,8.4,8,8,-0.21,-2.56%,9720
SEED,2017-12-26,7.9,8.9,7.9,8.9,0.9,+11.25%,35880
SEED,2017-12-27,9,9.6,8.6,9,0.1,+1.12%,72600
SEED,2017-12-28,8.9,9.5,8.7,8.7,-0.3,-3.33%,22870
SEED,2017-12-29,8.7,9,8.5,8.5,-0.2,-2.30%,20240
SEED,2018-01-02,8.8,9.5,8.5,9.1,0.6,+7.06%,14040
SEED,2018-01-03,9.2,9.5,9.1,9.3,0.2,+2.20%,14450
SEED,2018-01-04,9.3,9.52,8.85,9.52,0.22,+2.37%,18660
SEED,2018-01-05,10,11.5,10,10,0.48,+5.04%,108339
SEED,2018-01-08,10.3,10.4,9.1,9.5,-0.5,-5.00%,19310
SEED,2018-01-09,9.1,9.7,8.6,8.6,-0.9,-9.47%,13470
SEED,2018-01-10,8.74,9.3,8.6,8.95,0.35,+4.07%,11870
SEED,2018-01-11,8.6,9.2,8.6,9.05,0.1,+1.12%,7430
SEED,2018-01-12,9.1,9.4,9,9.1,0.05,+0.55%,5340
SEED,2018-01-16,9.5,10.3,9.1,9.95,0.85,+9.34%,30980
SEED,2018-01-17,10,13.2,10,11.7,1.75,+17.59%,284460
SEED,2018-01-18,11.5,12.5,10.7,12.4,0.7,+5.98%,58649
SEED,2018-01-19,12.6,13,11.8,12.1,-0.3,-2.42%,28170
SEED,2018-01-22,12.2,12.2,11.4,11.55,-0.55,-4.55%,22410
SEED,2018-01-23,11.6,11.8,11,11.3,-0.25,-2.16%,21440
SEED,2018-01-24,11.3,11.6,10.6,11,-0.3,-2.65%,28480
SEED,2018-01-25,11,11.8,10.8,11.7,0.7,+6.36%,54660
SEED,2018-01-26,11.7,11.7,10.5,11.3,-0.4,-3.42%,115160
SEED,2018-01-29,11.1,11.4,10.9,11,-0.3,-2.65%,27990
SEED,2018-01-30,11,11.2,10.6,10.9,-0.1,-0.91%,48470
SEED,2018-01-31,11,11.2,10.6,10.8,-0.1,-0.92%,45770
SEED,2018-02-01,10.7,11.2,10.7,11,0.2,+1.85%,15810
SEED,2018-02-02,11.2,11.2,10.7,10.8,-0.2,-1.82%,12090
SEED,2018-02-05,10.7,10.7,9.5,9.55,-1.25,-11.57%,25520
SEED,2018-02-06,9.37,9.74,9,9.65,0.1,+1.05%,10130
SEED,2018-02-07,9.5,10.1,9.5,9.5,-0.15,-1.55%,7660
SEED,2018-02-08,9.6,10,9.5,9.6,0.1,+1.05%,5640
SEED,2018-02-09,10.2,10.2,9.5,9.5,-0.1,-1.04%,11280
SEED,2018-02-12,9.5,9.8,9.3,9.7,0.2,+2.11%,7580
SEED,2018-02-13,9.5,10.2,9.3,10,0.3,+3.09%,10780
SEED,2018-02-14,10.2,11,9.6,10.5,0.5,+5.00%,21170
SEED,2018-02-15,10.5,12.1,9.5,9.7,-0.8,-7.62%,257770
SEED,2018-02-16,10,10,8.6,9.1,-0.6,-6.19%,59300
SEED,2018-02-20,9.1,9.1,8.7,8.7,-0.4,-4.40%,13250
SEED,2018-02-21,8.8,9.1,8.6,8.6,-0.1,-1.15%,14030
SEED,2018-02-22,8.9,8.99,8.5,8.65,0.05,+0.58%,31600
SEED,2018-02-23,9.1,9.1,8.6,8.7,0.05,+0.58%,7050
SEED,2018-02-26,8.9,8.9,8.5,8.6,-0.1,-1.15%,29130
SEED,2018-02-27,8.7,8.8,8.2,8.4,-0.2,-2.33%,13460
SEED,2018-02-28,8.4,8.4,8,8.2,-0.2,-2.38%,30760
SEED,2018-03-01,8.3,8.9,8,8.6,0.4,+4.88%,41750
SEED,2018-03-02,8.6,8.8,8.3,8.6,0,0.00%,7740
SEED,2018-03-05,8.7,8.7,8.4,8.6,0,0.00%,6540
SEED,2018-03-06,8.8,8.8,8.2,8.3,-0.3,-3.49%,11760
SEED,2018-03-07,8.4,8.6,8.2,8.3,0,0.00%,4210
SEED,2018-03-08,8.3,9.7,8.1,8.3,0,0.00%,121410
SEED,2018-03-09,8.3,8.9,8,8.6,0.3,+3.61%,96000
SEED,2018-03-12,8.5,9.2,8.4,8.7,0.1,+1.16%,32440
SEED,2018-03-13,8.7,9,8.1,8.2,-0.5,-5.75%,42110
SEED,2018-03-14,8.5,13.6,8.2,13.6,5.4,+65.85%,1295010
SEED,2018-03-15,12.5,13,9.9,10,-3.6,-26.47%,741960
SEED,2018-03-16,12.8,15.2,11.5,12.7,2.7,+27.00%,1840800
SEED,2018-03-19,12.4,12.4,10.6,11.2,-1.5,-11.81%,339070
SEED,2018-03-20,11,11.1,10.1,10.3,-0.9,-8.04%,125730
SEED,2018-03-21,10.7,10.7,9.4,9.5,-0.8,-7.77%,190810
SEED,2018-03-22,9.2,9.5,8.8,8.8,-0.7,-7.37%,111390
SEED,2018-03-23,9.1,9.2,8.3,8.5,-0.3,-3.41%,106030
SEED,2018-03-26,8.4,9.2,8,9,0.5,+5.88%,243570
SEED,2018-03-27,9.1,9.2,8.4,8.6,-0.4,-4.44%,87180
SEED,2018-03-28,8.6,8.6,8,8,-0.6,-6.98%,80070
SEED,2018-03-29,8.3,8.3,7.4,7.7,-0.3,-3.75%,161110
SEED,2018-04-02,7.8,8.2,7.5,7.5,-0.2,-2.60%,109130
SEED,2018-04-03,7.6,7.9,6.7,6.9,-0.6,-8.00%,100350
SEED,2018-04-04,6.9,7,6.5,6.5,-0.4,-5.80%,60680
SEED,2018-04-05,6.5,7,6.5,6.8,0.3,+4.62%,33110
SEED,2018-04-06,7.4,7.4,6.4,6.8,0,0.00%,45710
SEED,2018-04-09,7,7.3,6.5,6.6,-0.2,-2.94%,36830
SEED,2018-04-10,6.6,7.2,6.6,6.9,0.3,+4.55%,64200
SEED,2018-04-11,6.9,7.3,6.9,7.1,0.2,+2.90%,43720
SEED,2018-04-12,7.2,8.2,7,8,0.9,+12.68%,132430
SEED,2018-04-13,8.1,8.15,7.6,7.78,-0.22,-2.75%,44450
SEED,2018-04-16,7.9,8.1,7.2,7.2,-0.58,-7.46%,21050
SEED,2018-04-17,7.4,7.5,6.9,7.3,0.1,+1.39%,22120
SEED,2018-04-18,7.35,7.6,7.15,7.38,0.08,+1.10%,17620
SEED,2018-04-19,7.5,7.5,7,7,-0.38,-5.15%,27780
SEED,2018-04-20,7.02,7.3,6.8,6.95,-0.05,-0.71%,21560
SEED,2018-04-23,6.8,7.1,6.8,7,0.05,+0.72%,13580
SEED,2018-04-24,7.2,7.2,6.8,6.8,-0.2,-2.86%,16520
SEED,2018-04-25,7,7.29,6.7,6.85,0.05,+0.74%,15970
SEED,2018-04-26,7.2,7.2,6.8,6.9,0.05,+0.73%,15650
SEED,2018-04-27,6.7,7.1,6.7,7,0.1,+1.45%,12830
SEED,2018-04-30,7,7.2,6.8,6.8,-0.2,-2.86%,9180
SEED,2018-05-01,6.8,6.8,6.7,6.7,-0.1,-1.47%,6830
SEED,2018-05-02,6.7,6.9,6.65,6.74,0.04,+0.60%,12790
SEED,2018-05-03,6.7,6.9,6.6,6.6,-0.14,-2.08%,17890
SEED,2018-05-04,6.6,6.8,6.4,6.4,-0.2,-3.03%,24310
SEED,2018-05-07,6.5,7,6.5,6.9,0.5,+7.81%,48040
SEED,2018-05-08,7.2,7.5,6.7,6.8,-0.1,-1.45%,35420
SEED,2018-05-09,7,7,6.5,6.65,-0.15,-2.21%,12160
SEED,2018-05-10,6.7,6.98,6.55,6.69,0.04,+0.60%,18980
SEED,2018-05-11,6.5,6.8,6.5,6.6,-0.09,-1.35%,15020
SEED,2018-05-14,6.6,6.9,6.5,6.6,0,0.00%,40400
SEED,2018-05-15,6.5,7.1,6.5,6.9,0.3,+4.55%,45890
SEED,2018-05-16,7.1,7.1,6.7,6.9,0,0.00%,11670
SEED,2018-05-17,6.8,7,6.6,6.8,-0.1,-1.45%,18690
SEED,2018-05-18,6.9,7,6.6,6.9,0.1,+1.47%,13480
SEED,2018-05-21,7,7,6.7,6.8,-0.1,-1.45%,28520
SEED,2018-05-22,7,7.5,6.75,7.1,0.3,+4.41%,32380
SEED,2018-05-23,7.4,7.95,6.88,7.35,0.25,+3.52%,34050
SEED,2018-05-24,7.5,7.5,7.1,7.2,-0.15,-2.04%,8520
SEED,2018-05-25,7.2,7.5,7.2,7.3,0.1,+1.39%,9700
SEED,2018-05-29,7.2,7.3,6.9,7.2,-0.1,-1.37%,6690
SEED,2018-05-30,7.4,7.4,7.2,7.25,0.05,+0.69%,7150
SEED,2018-05-31,7.25,7.5,7.11,7.26,0.01,+0.14%,8310
SEED,2018-06-01,7.1,7.4,6.5,7.2,-0.06,-0.83%,8600
SEED,2018-06-04,7.1,7.4,7,7.3,0.1,+1.39%,6100
SEED,2018-06-05,7.2,7.4,7.1,7.4,0.1,+1.37%,22440
SEED,2018-06-06,7.5,9,7.4,8.6,1.2,+16.22%,154880
SEED,2018-06-07,9,9,7.5,8,-0.6,-6.98%,81570
SEED,2018-06-08,8,8.1,7.5,7.9,-0.1,-1.25%,55750
SEED,2018-06-11,7.7,7.8,6.9,7.2,-0.7,-8.86%,72580
SEED,2018-06-12,7.5,7.5,7.2,7.4,0.2,+2.78%,15200
SEED,2018-06-13,7.3,7.5,7.2,7.5,0.1,+1.35%,12510
SEED,2018-06-14,7.5,7.5,7.2,7.25,-0.25,-3.33%,11040
SEED,2018-06-15,7.3,7.5,7.1,7.3,0.05,+0.69%,7760
SEED,2018-06-18,7.1,7.4,7.1,7.3,0,0.00%,7490
SEED,2018-06-19,7.1,7.4,7.1,7.4,0.1,+1.37%,6640
SEED,2018-06-20,7.4,8,7.1,7.9,0.5,+6.76%,16970
SEED,2018-06-21,7.7,7.9,7.5,7.8,-0.1,-1.27%,6400
SEED,2018-06-22,7.6,8.2,7.6,7.85,0.05,+0.64%,26760
SEED,2018-06-25,7.7,7.9,7.3,7.6,-0.25,-3.18%,11980
SEED,2018-06-26,7.3,7.8,7.15,7.8,0.2,+2.63%,8770
SEED,2018-06-27,7.4,7.8,7.4,7.5,-0.3,-3.85%,18120
SEED,2018-06-28,7.5,7.8,7.5,7.6,0.1,+1.33%,12350
SEED,2018-06-29,7.55,7.8,7.5,7.68,0.08,+1.05%,19480
SEED,2018-07-02,7.6,8.1,7.5,7.8,0.12,+1.56%,15810
SEED,2018-07-03,7.8,8.3,7.7,8,0.2,+2.56%,18870
SEED,2018-07-05,8,8.8,8,8.2,0.2,+2.50%,82540
SEED,2018-07-06,8,8.5,8,8.2,0,0.00%,19150
SEED,2018-07-09,8.3,8.3,7.9,7.9,-0.3,-3.66%,21630
SEED,2018-07-10,7.21,7.8,7.057,7.315,-0.585,-7.41%,75300
SEED,2018-07-11,7.4,9.35,7.03,7.99,0.675,+9.23%,486700
SEED,2018-07-12,7.86,8.39,7.35,7.7,-0.29,-3.63%,127000
SEED,2018-07-13,7.71,8.75,7.51,8.27,0.57,+7.40%,205800
SEED,2018-07-16,8.28,8.28,7.81,7.98,-0.29,-3.51%,38400
SEED,2018-07-17,7.95,8.35,7.84,8.18,0.2,+2.51%,73700
SEED,2018-07-18,8.26,8.84,8.04,8.4,0.22,+2.69%,90100
SEED,2018-07-19,8.27,9.1,8.167,8.855,0.455,+5.42%,156400
SEED,2018-07-20,9.01,10.91,8.78,10.4,1.545,+17.45%,319100
SEED,2018-07-23,10.19,10.3,9.67,10.18,-0.22,-2.12%,122300
SEED,2018-07-24,10.17,10.26,9.55,9.55,-0.63,-6.19%,84900
SEED,2018-07-25,9.5,10.91,9.2,10.41,0.86,+9.01%,294100
SEED,2018-07-26,10.18,10.55,9.97,10.01,-0.4,-3.84%,61500
SEED,2018-07-27,9.95,10.235,9.45,9.72,-0.29,-2.90%,55600
SEED,2018-07-30,7.85,8.79,7.17,8.69,-1.03,-10.60%,178200
SEED,2018-07-31,8,8.84,8,8.45,-0.24,-2.76%,44700
SEED,2018-08-01,8.27,9.49,8.11,8.32,-0.13,-1.54%,141600
SEED,2018-08-02,8.25,8.25,7.45,7.76,-0.56,-6.73%,88700
SEED,2018-08-03,7.59,7.85,7.37,7.55,-0.21,-2.71%,38000
SEED,2018-08-06,7.44,7.83,7.4,7.57,0.02,+0.26%,54200
SEED,2018-08-07,7.57,7.57,7.31,7.31,-0.26,-3.43%,31900
SEED,2018-08-08,7.29,7.29,6.94,6.95,-0.36,-4.92%,30300
SEED,2018-08-09,6.8,6.955,6.55,6.78,-0.17,-2.45%,36800
SEED,2018-08-10,6.66,6.89,6.66,6.71,-0.07,-1.03%,31600
SEED,2018-08-13,6.62,6.87,6.61,6.65,-0.06,-0.89%,49300
SEED,2018-08-14,6.63,6.78,6.62,6.68,0.03,+0.45%,24700
SEED,2018-08-15,6.61,6.7,6.61,6.65,-0.03,-0.45%,26300
SEED,2018-08-16,6.61,6.76,6.61,6.61,-0.04,-0.60%,12700
SEED,2018-08-17,6.61,6.62,6.12,6.18,-0.43,-6.51%,63800
SEED,2018-08-20,6.09,6.09,5.485,5.58,-0.6,-9.71%,67400
SEED,2018-08-21,5.41,5.58,5.35,5.41,-0.17,-3.05%,55200
SEED,2018-08-22,5.44,5.75,5.41,5.52,0.11,+2.03%,42900
SEED,2018-08-23,5.48,6.22,5.44,5.5,-0.02,-0.36%,88800
SEED,2018-08-24,5.48,5.55,5.4,5.5,0,0.00%,19500
SEED,2018-08-27,5.48,5.85,5.48,5.82,0.32,+5.82%,48500
SEED,2018-08-28,5.9,6.42,5.79,6.1,0.28,+4.81%,94300
SEED,2018-08-29,7.23,7.23,6.35,6.67,0.57,+9.34%,83600
SEED,2018-08-30,6.41,6.71,6.4,6.5,-0.17,-2.55%,40900
SEED,2018-08-31,6.76,6.76,6.37,6.59,0.09,+1.38%,24300
SEED,2018-09-04,6.5,6.8,6.37,6.4,-0.19,-2.88%,40000
SEED,2018-09-05,6.26,6.34,5.94,6.09,-0.31,-4.84%,18900
SEED,2018-09-06,6.02,6.68,5.74,5.96,-0.13,-2.13%,27100
SEED,2018-09-07,5.88,6.3,5.88,6.1,0.14,+2.35%,7200
SEED,2018-09-10,6.16,6.6,5.91,6.54,0.44,+7.21%,50700
SEED,2018-09-11,6.49,6.63,5.8,6.15,-0.39,-5.96%,34300
SEED,2018-09-12,6.06,6.42,6.06,6.07,-0.08,-1.30%,25900
SEED,2018-09-13,5.93,6.515,5.93,6,-0.07,-1.15%,7900
SEED,2018-09-14,5.95,6.17,5.92,5.92,-0.08,-1.33%,9300
SEED,2018-09-17,5.68,5.94,5.65,5.65,-0.27,-4.56%,20600
SEED,2018-09-18,5.65,5.86,5.38,5.38,-0.27,-4.78%,49800
SEED,2018-09-19,5.45,5.6,5.28,5.38,0,0.00%,61400
SEED,2018-09-20,5.51,5.68,5.28,5.35,-0.03,-0.56%,24300
SEED,2018-09-21,5.31,5.42,4.99,5.05,-0.3,-5.61%,38600
SEED,2018-09-24,5.05,5.17,5.03,5.07,0.02,+0.40%,12100
SEED,2018-09-25,5.05,5.3,5.05,5.17,0.1,+1.97%,26900
SEED,2018-09-26,5.08,5.55,5.08,5.16,-0.01,-0.19%,10800
SEED,2018-09-27,5.1,5.45,5.06,5.26,0.1,+1.94%,27400
SEED,2018-09-28,5.22,5.42,5.14,5.26,0,0.00%,34100
SEED,2018-10-01,5.22,5.31,5.06,5.06,-0.2,-3.80%,13500
SEED,2018-10-02,5.1,6.59,5.1,5.83,0.77,+15.22%,589100
SEED,2018-10-03,5.71,6.2,5.5,5.7,-0.13,-2.23%,117400
SEED,2018-10-04,5.73,7.1,5.46,6.83,1.13,+19.82%,269700
SEED,2018-10-05,6.92,7.3,6.12,6.29,-0.54,-7.91%,229400
SEED,2018-10-08,6.22,6.48,5.87,5.97,-0.32,-5.09%,27000
SEED,2018-10-09,5.86,5.9,5.61,5.65,-0.32,-5.36%,30000
SEED,2018-10-10,5.6,5.91,5.54,5.62,-0.03,-0.53%,12100
SEED,2018-10-11,5.7,6.13,5.45,5.65,0.03,+0.53%,92200
SEED,2018-10-12,5.8,5.8,5.38,5.54,-0.11,-1.95%,12400
SEED,2018-10-15,5.52,5.67,5.37,5.53,-0.01,-0.18%,9400
SEED,2018-10-16,5.48,5.99,5.48,5.74,0.21,+3.80%,28300
SEED,2018-10-17,5.84,7.06,5.7,5.91,0.17,+2.96%,327300
SEED,2018-10-18,5.99,6.23,5.8,6.05,0.14,+2.37%,63700
SEED,2018-10-19,6.06,8.05,5.84,6.95,0.9,+14.88%,1044600
SEED,2018-10-22,7.65,9.1,5.85,5.98,-0.97,-13.96%,1124300
SEED,2018-10-23,5.85,6.29,5.85,6.1,0.12,+2.01%,72000
SEED,2018-10-24,6.06,6.795,5.85,6.43,0.33,+5.41%,236900
SEED,2018-10-25,6.34,7.09,6.2,6.68,0.25,+3.89%,197300
SEED,2018-10-26,7,8.04,6.89,7.99,1.31,+19.61%,346200
SEED,2018-10-29,8.15,8.69,7.25,7.4,-0.59,-7.38%,280900
SEED,2018-10-30,7.28,7.515,6.66,6.91,-0.49,-6.62%,50900
SEED,2018-10-31,7.2,7.25,6.74,7.2,0.29,+4.20%,36400
SEED,2018-11-01,7.12,7.95,7.065,7.43,0.23,+3.19%,91200
SEED,2018-11-02,7.58,7.58,7.09,7.32,-0.11,-1.48%,39900
SEED,2018-11-05,7.37,8.29,7.37,7.98,0.66,+9.02%,109200
SEED,2018-11-06,7.98,8.37,7.9,7.94,-0.04,-0.50%,187900
SEED,2018-11-07,8,8.26,7.9,8.05,0.11,+1.39%,67500
SEED,2018-11-08,8,8.44,8,8.3,0.25,+3.11%,87600
SEED,2018-11-09,8.17,8.39,7.23,7.41,-0.89,-10.72%,110700
SEED,2018-11-12,7.31,7.87,7.05,7.7,0.29,+3.91%,48900
SEED,2018-11-13,7.83,7.83,7.32,7.42,-0.28,-3.64%,16600
SEED,2018-11-14,7.35,7.55,7.09,7.13,-0.29,-3.91%,24100
SEED,2018-11-15,7.11,7.37,6.51,7,-0.13,-1.82%,36400
SEED,2018-11-16,6.85,7.37,6.85,7.05,0.05,+0.71%,15100
SEED,2018-11-19,7.05,8.11,6.82,8.1,1.05,+14.89%,197600
SEED,2018-11-20,7.9,8.11,7.56,7.72,-0.38,-4.69%,61100
SEED,2018-11-21,7.75,8.02,7.74,7.74,0.02,+0.26%,13400
SEED,2018-11-23,7.7,8.2,7.7,7.98,0.24,+3.10%,13800
SEED,2018-11-26,7.91,8.074,7.81,7.905,-0.075,-0.94%,24500
SEED,2018-11-27,7.88,7.9,7.36,7.47,-0.435,-5.50%,23300
SEED,2018-11-28,7.45,7.63,7.31,7.52,0.05,+0.67%,18400
SEED,2018-11-29,7.37,7.965,7.37,7.77,0.25,+3.32%,17400
SEED,2018-11-30,7.67,8.12,7.51,7.82,0.05,+0.64%,16500
SEED,2018-12-03,7.95,8.12,7.75,7.75,-0.07,-0.90%,22700
SEED,2018-12-04,7.65,7.93,7.53,7.54,-0.21,-2.71%,15100
SEED,2018-12-06,7.35,7.715,7.35,7.37,-0.17,-2.25%,11000
SEED,2018-12-07,7.4,7.55,7.21,7.35,-0.02,-0.27%,16700
SEED,2018-12-10,7.2,7.48,7.02,7.16,-0.19,-2.59%,28600
SEED,2018-12-11,7.308,7.308,7.135,7.2,0.04,+0.56%,6200
SEED,2018-12-12,7.2,7.44,7.11,7.44,0.24,+3.33%,18000
SEED,2018-12-13,7.54,7.55,7.24,7.42,-0.02,-0.27%,12300
SEED,2018-12-14,7.27,7.35,6.95,6.95,-0.47,-6.33%,22600
SEED,2018-12-17,6.85,7.12,6.65,6.94,-0.01,-0.14%,18200
SEED,2018-12-18,6.85,6.85,6.19,6.35,-0.59,-8.50%,53100
SEED,2018-12-19,6.35,6.68,5.75,5.9,-0.45,-7.09%,76300
SEED,2018-12-20,5.86,6.2,5.81,5.93,0.03,+0.51%,34000
SEED,2018-12-21,5.81,5.86,5.2,5.49,-0.44,-7.42%,23000
SEED,2018-12-24,5.35,5.45,5.11,5.11,-0.38,-6.92%,25800
SEED,2018-12-26,5.1,5.2,5,5.03,-0.08,-1.57%,66900
SEED,2018-12-27,5.01,5.43,4.91,4.98,-0.05,-0.99%,74300
SEED,2018-12-28,4.88,5.14,4.75,4.9,-0.08,-1.61%,45500
SEED,2018-12-31,4.91,5.23,4.81,5.17,0.27,+5.51%,34100
SEED,2019-01-02,5.03,5.32,4.8,5.19,0.02,+0.39%,4800
SEED,2019-01-03,5.02,5.42,5.02,5.39,0.2,+3.85%,18600
SEED,2019-01-04,5.25,5.62,5.21,5.6,0.21,+3.90%,11400
SEED,2019-01-07,5.71,6.5,5.71,6.35,0.75,+13.39%,53400
SEED,2019-01-08,6.2,6.2,5.8,5.86,-0.49,-7.72%,39700
SEED,2019-01-09,5.98,6,5.8,5.84,-0.02,-0.34%,21200
SEED,2019-01-10,5.9,6.24,5.75,6.24,0.4,+6.85%,15000
SEED,2019-01-11,6.24,6.24,5.92,6.15,-0.09,-1.44%,9700
SEED,2019-01-14,5.98,6.17,5.9,5.97,-0.18,-2.93%,7700
SEED,2019-01-15,6.05,6.45,6,6.2,0.23,+3.85%,153000
SEED,2019-01-16,6.33,6.4,6.11,6.38,0.18,+2.90%,19200
SEED,2019-01-17,6.39,6.44,6.17,6.4,0.02,+0.31%,19700
SEED,2019-01-18,6.39,6.45,6.33,6.37,-0.03,-0.47%,5700
SEED,2019-01-22,6.37,6.96,6.01,6.39,0.02,+0.31%,72200
SEED,2019-01-23,6.47,6.49,6.205,6.31,-0.08,-1.25%,25000
SEED,2019-01-24,6.31,6.5,6.31,6.37,0.06,+0.95%,8400
SEED,2019-01-25,6.49,6.5,6.25,6.25,-0.12,-1.88%,15100
SEED,2019-01-28,6.38,6.5,6.3,6.5,0.25,+4.00%,28400
SEED,2019-01-29,6.43,6.47,6.25,6.3,-0.2,-3.08%,9500
SEED,2019-01-30,6.28,6.54,6.25,6.45,0.15,+2.38%,3600
SEED,2019-01-31,6.35,6.39,6.14,6.25,-0.2,-3.10%,10800
SEED,2019-02-01,6.2,6.46,6.17,6.2,-0.05,-0.80%,6300
SEED,2019-02-04,6.16,6.415,6.16,6.415,0.215,+3.47%,10400
SEED,2019-02-05,6.45,6.5,6.31,6.32,-0.095,-1.48%,11900
SEED,2019-02-06,6.31,6.38,6.31,6.34,0.02,+0.32%,3100
SEED,2019-02-07,6.26,6.3,6.23,6.27,-0.07,-1.10%,6300
SEED,2019-02-08,6.4,6.97,6.19,6.7,0.43,+6.86%,16600
SEED,2019-02-11,6.8,7,6.48,6.48,-0.22,-3.28%,30800
SEED,2019-02-12,6.63,6.79,6.45,6.64,0.16,+2.47%,4900
SEED,2019-02-13,6.68,6.97,6.55,6.55,-0.09,-1.36%,21400
SEED,2019-02-14,6.53,6.6,6.39,6.4,-0.15,-2.29%,6000
SEED,2019-02-15,6.34,6.55,6.31,6.5,0.1,+1.56%,17300
SEED,2019-02-19,6.5,6.75,6.31,6.32,-0.18,-2.77%,7400
SEED,2019-02-20,6.47,6.64,6.4,6.4,0.08,+1.27%,10200
SEED,2019-02-21,6.4,6.58,6.32,6.35,-0.05,-0.78%,7200
SEED,2019-02-22,6.33,6.55,6.28,6.28,-0.07,-1.10%,21700
SEED,2019-02-25,6.45,6.62,6.42,6.55,0.27,+4.30%,15500
SEED,2019-02-26,6.32,6.74,6.31,6.58,0.03,+0.46%,22100
SEED,2019-02-27,6.49,6.856,6.49,6.645,0.065,+0.99%,11700
SEED,2019-02-28,6.42,7.2,6.42,6.82,0.175,+2.63%,49000
SEED,2019-03-01,6.75,6.78,6.52,6.53,-0.29,-4.25%,14700
SEED,2019-03-04,6.535,6.9,6.535,6.78,0.25,+3.83%,11500
SEED,2019-03-05,6.7249,7.13,6.67,6.9034,0.1234,+1.82%,48900
SEED,2019-03-06,7.02,7.02,6.67,7,0.0966,+1.40%,20500
SEED,2019-03-07,6.88,6.9357,6.58,6.65,-0.35,-5.00%,22300
SEED,2019-03-08,6.92,6.92,6.55,6.55,-0.1,-1.50%,6800
SEED,2019-03-11,6.73,6.97,6.6,6.97,0.42,+6.41%,4900
SEED,2019-03-12,6.94,6.94,6.7205,6.82,-0.15,-2.15%,4000
SEED,2019-03-13,6.89,6.89,6.61,6.8,-0.02,-0.29%,9700
SEED,2019-03-14,6.71,6.99,6.66,6.88,0.08,+1.18%,11400
SEED,2019-03-15,6.89,6.9522,6.7358,6.78,-0.1,-1.45%,9700
SEED,2019-03-18,6.86,6.9239,6.7392,6.82,0.04,+0.59%,22000
SEED,2019-03-19,7,7,6.8,6.995,0.175,+2.57%,15400
SEED,2019-03-20,6.98,7.12,6.8645,6.992,-0.003,-0.04%,35100
SEED,2019-03-21,6.95,7.07,6.86,6.9473,-0.0447,-0.64%,16400
SEED,2019-03-22,6.88,6.9973,6.7301,6.7807,-0.1666,-2.40%,15300
SEED,2019-03-25,7,7.25,6.82,7.25,0.4693,+6.92%,40900
SEED,2019-03-26,7.25,7.75,7.02,7.745,0.495,+6.83%,59500
SEED,2019-03-27,7.81,8.95,7.5,7.58,-0.165,-2.13%,301400
SEED,2019-03-28,7.9,7.989,7.27,7.5,-0.08,-1.06%,31800
SEED,2019-03-29,7.69,7.7227,7.3012,7.41,-0.09,-1.20%,24800
SEED,2019-04-01,7.5,7.8111,7.4973,7.7301,0.3201,+4.32%,22900
SEED,2019-04-02,7.76,7.8,7.5,7.6266,-0.1035,-1.34%,10600
SEED,2019-04-03,7.63,7.85,7.63,7.76,0.1334,+1.75%,6300
SEED,2019-04-04,7.5733,7.77,7.5616,7.7,-0.06,-0.77%,11200
SEED,2019-04-05,7.56,7.7,7.55,7.65,-0.05,-0.65%,9600
SEED,2019-04-08,7.51,7.63,7.5,7.55,-0.1,-1.31%,7800
SEED,2019-04-09,7.5,7.7,7.5,7.69,0.14,+1.85%,7800
SEED,2019-04-10,7.6,7.7,7.55,7.57,-0.12,-1.56%,6800
SEED,2019-04-11,7.6,7.76,7.56,7.6,0.03,+0.40%,9200
SEED,2019-04-12,7.74,7.74,7.44,7.44,-0.16,-2.11%,9600
SEED,2019-04-15,7.46,7.79,7.46,7.79,0.35,+4.70%,5600
SEED,2019-04-16,7.63,7.63,7.325,7.33,-0.46,-5.91%,15900
SEED,2019-04-17,7.2,7.2905,6.86,6.87,-0.46,-6.28%,18800
SEED,2019-04-18,6.81,6.9048,6.51,6.57,-0.3,-4.37%,23700
SEED,2019-04-22,6.5,6.87,6.5,6.5836,0.0136,+0.21%,8600
SEED,2019-04-23,6.51,6.66,6.485,6.49,-0.0936,-1.42%,39000
SEED,2019-04-24,6.4545,6.8,6.25,6.5743,0.0843,+1.30%,8600
SEED,2019-04-25,6.57,6.5973,6.43,6.455,-0.1193,-1.81%,10200
SEED,2019-04-26,6.41,6.4201,6.34,6.34,-0.115,-1.78%,8600
SEED,2019-04-29,6.34,6.4737,6.34,6.465,0.125,+1.97%,5100
SEED,2019-04-30,6.42,6.6273,6.3704,6.52,0.055,+0.85%,10500
SEED,2019-05-01,6.816,6.816,6.5,6.5,-0.02,-0.31%,3400
SEED,2019-05-02,6.6268,6.6999,6.495,6.5321,0.0321,+0.49%,9500
SEED,2019-05-03,6.51,6.51,6.38,6.4899,-0.0422,-0.65%,11200
SEED,2019-05-06,6.25,6.4623,6.25,6.45,-0.0399,-0.61%,4000
SEED,2019-05-07,6.366,6.3693,6.18,6.18,-0.27,-4.19%,4300
SEED,2019-05-08,6.27,6.49,6.27,6.44,0.26,+4.21%,13300
SEED,2019-05-09,6.27,6.27,6.12,6.16,-0.28,-4.35%,8100
SEED,2019-05-10,6.15,6.32,6.15,6.3,0.14,+2.27%,3200
SEED,2019-05-13,6.18,6.1867,6.06,6.15,-0.15,-2.38%,8200
SEED,2019-05-14,6.2,6.29,6.16,6.16,0.01,+0.16%,3400
SEED,2019-05-15,6.11,6.3486,6.11,6.2587,0.0987,+1.60%,9400
SEED,2019-05-16,6.2719,6.4,6.2719,6.3504,0.0917,+1.47%,2600
SEED,2019-05-17,6.26,6.35,6.1732,6.22,-0.1304,-2.05%,2000
SEED,2019-05-20,6.205,6.2124,6.1759,6.2067,-0.0133,-0.21%,3100
SEED,2019-05-21,6.3144,6.3144,6.1613,6.21,0.0033,+0.05%,2200
SEED,2019-05-22,6.13,6.2189,6.12,6.2,-0.01,-0.16%,5400
SEED,2019-05-23,6.1,6.15,6.1,6.15,-0.05,-0.81%,1300
SEED,2019-05-24,6.1027,6.16,6.1027,6.155,0.005,+0.08%,1400
SEED,2019-05-28,6.1,6.31,6.1,6.25,0.095,+1.54%,11000
SEED,2019-05-29,6.06,6.1906,6.05,6.1,-0.15,-2.40%,13800
SEED,2019-05-30,6.06,6.1375,6.06,6.064,-0.036,-0.59%,9300
SEED,2019-05-31,6.05,6.15,6.05,6.12,0.056,+0.92%,6600
SEED,2019-06-03,6.02,6.252,6.02,6.08,-0.04,-0.65%,10400
SEED,2019-06-04,6.36,6.98,5.9,6.45,0.37,+6.09%,74300
SEED,2019-06-05,6.48,7.45,5.8024,6.1,-0.35,-5.43%,263800
SEED,2019-06-06,6.13,6.2066,5.7,5.8,-0.3,-4.92%,18700
SEED,2019-06-07,5.85,6.14,5.77,5.77,-0.03,-0.52%,3900
SEED,2019-06-10,5.87,6.185,5.8,5.91,0.14,+2.43%,19600
SEED,2019-06-11,5.92,6.03,5.8,5.8,-0.11,-1.86%,10900
SEED,2019-06-12,5.76,5.86,5.52,5.57,-0.23,-3.97%,17300
SEED,2019-06-13,5.7,5.7078,5.56,5.56,-0.01,-0.18%,3400
SEED,2019-06-14,5.58,5.96,5.52,5.66,0.1,+1.80%,7100
SEED,2019-06-17,5.6322,5.6322,5.52,5.52,-0.14,-2.47%,3000
SEED,2019-06-18,5.53,5.61,5.52,5.5442,0.0242,+0.44%,1400
SEED,2019-06-19,5.52,5.66,5.5,5.5965,0.0523,+0.94%,4400
SEED,2019-06-20,5.57,5.89,5.5683,5.59,-0.0065,-0.12%,3000
SEED,2019-06-21,5.61,5.97,5.6,5.62,0.03,+0.54%,6500
SEED,2019-06-24,5.61,5.8169,5.5906,5.8169,0.1969,+3.50%,3400
SEED,2019-06-25,5.69,5.81,5.64,5.81,-0.0069,-0.12%,1300
SEED,2019-06-26,5.76,6,5.7193,6,0.19,+3.27%,16600
SEED,2019-06-27,6,6,5.9623,5.99,-0.01,-0.17%,8400
SEED,2019-06-28,5.97,6.1,5.8999,6.0947,0.1047,+1.75%,8300
SEED,2019-07-01,5.92,6.09,5.88,5.88,-0.2147,-3.52%,5800
SEED,2019-07-02,5.89,5.9684,5.89,5.9684,0.0884,+1.50%,500
SEED,2019-07-03,5.91,6.01,5.91,6.01,0.0416,+0.70%,1400
SEED,2019-07-05,5.93,6.028,5.9299,5.9972,-0.0128,-0.21%,1200
SEED,2019-07-08,6.07,6.07,6.025,6.03,0.0328,+0.55%,2100
SEED,2019-07-09,5.97,5.97,5.78,5.8691,-0.1609,-2.67%,13700
SEED,2019-07-10,5.9749,6.0262,5.9039,5.9441,0.075,+1.28%,2000
SEED,2019-07-11,5.9528,5.9528,5.7372,5.8911,-0.053,-0.89%,2000
SEED,2019-07-12,5.84,5.84,5.666,5.726,-0.1651,-2.80%,8800
SEED,2019-07-15,5.75,6.0748,5.58,5.98,0.254,+4.44%,25000
SEED,2019-07-16,6.07,6.67,6.0523,6.1,0.12,+2.01%,175100
SEED,2019-07-17,5.96,5.96,5.75,5.89,-0.21,-3.44%,7500
SEED,2019-07-18,5.88,5.88,5.64,5.6682,-0.2218,-3.77%,4900
SEED,2019-07-19,5.78,5.8,5.6127,5.8,0.1318,+2.33%,3000
SEED,2019-07-22,5.75,5.78,5.6813,5.7,-0.1,-1.72%,4100
SEED,2019-07-23,5.96,5.9684,5.71,5.7854,0.0854,+1.50%,1200
SEED,2019-07-24,5.78,5.85,5.78,5.78,-0.0054,-0.09%,1900
SEED,2019-07-25,5.72,5.78,5.72,5.746,-0.034,-0.59%,2200
SEED,2019-07-26,5.75,5.77,5.67,5.6901,-0.0559,-0.97%,1800
SEED,2019-07-29,5.65,5.69,5.63,5.63,-0.0601,-1.06%,1800
SEED,2019-07-30,5.56,5.95,5.3545,5.95,0.32,+5.68%,17800
SEED,2019-07-31,5.9,5.9,5.25,5.52,-0.43,-7.23%,19900
SEED,2019-08-01,5.32,5.5,5.21,5.21,-0.31,-5.62%,15900
SEED,2019-08-02,5.18,5.27,5.1083,5.2588,0.0488,+0.94%,6500
SEED,2019-08-05,5.1089,5.25,5.1089,5.25,-0.0088,-0.17%,2800
SEED,2019-08-06,5.1,5.2299,5.1,5.17,-0.08,-1.52%,8800
SEED,2019-08-07,5,5.21,5,5,-0.17,-3.29%,10500
SEED,2019-08-08,5.18,5.288,5.11,5.23,0.23,+4.60%,6400
SEED,2019-08-09,5.23,5.64,5.2244,5.4,0.17,+3.25%,25800
SEED,2019-08-12,5.4935,5.62,5.3501,5.538,0.138,+2.56%,2200
SEED,2019-08-13,5.505,5.505,5.2313,5.47,-0.068,-1.23%,3400
SEED,2019-08-14,5.28,5.29,5.17,5.17,-0.3,-5.48%,3000
SEED,2019-08-15,5.13,5.325,5.1,5.1,-0.07,-1.35%,2700
SEED,2019-08-16,5.439,5.439,5.1662,5.2339,0.1339,+2.63%,900
SEED,2019-08-19,5.39,5.39,5.02,5.1499,-0.084,-1.60%,5700
SEED,2019-08-20,5.15,5.15,4.89,5.0406,-0.1093,-2.12%,10100
SEED,2019-08-21,5.2,5.3954,5.2,5.21,0.1694,+3.36%,17200
SEED,2019-08-22,5.3806,5.3806,5.115,5.25,0.04,+0.77%,1000
SEED,2019-08-23,5.16,5.35,4.9884,5.075,-0.175,-3.33%,2500
SEED,2019-08-26,5.01,5.1499,4.8857,5.0976,0.0226,+0.45%,17700
SEED,2019-08-27,5.28,5.8991,5.28,5.37,0.2724,+5.34%,56100
SEED,2019-08-28,5.37,5.67,5.1239,5.5386,0.1686,+3.14%,10600
SEED,2019-08-29,5.42,5.75,5.3757,5.7005,0.1619,+2.92%,9600
SEED,2019-08-30,5.6609,5.6609,5.3555,5.5173,-0.1832,-3.21%,5500
SEED,2019-09-03,5.49,5.9,5.2785,5.9,0.3827,+6.94%,5600
SEED,2019-09-04,5.89,6.33,5.6,6.01,0.11,+1.86%,19900
SEED,2019-09-05,6.15,6.2,6.02,6.15,0.14,+2.33%,8000
SEED,2019-09-06,5.86,6.5,5.64,6.37,0.22,+3.58%,16000
SEED,2019-09-09,6.39,6.67,6.39,6.6,0.23,+3.61%,27500
SEED,2019-09-10,6.59,6.6,6.0525,6.45,-0.15,-2.27%,4900
SEED,2019-09-11,6.49,7,6.27,6.52,0.07,+1.09%,74900
SEED,2019-09-12,6.58,6.79,6.52,6.66,0.14,+2.15%,17500
SEED,2019-09-13,6.69,6.72,6.51,6.5113,-0.1487,-2.23%,8700
SEED,2019-09-16,6.59,6.94,6.5497,6.77,0.2587,+3.97%,13000
SEED,2019-09-17,6.92,6.94,6.81,6.9,0.13,+1.92%,19500
SEED,2019-09-18,6.87,6.93,6.58,6.81,-0.09,-1.30%,5800
SEED,2019-09-19,6.73,6.73,6.51,6.7,-0.11,-1.62%,6000
SEED,2019-09-20,6.64,6.83,6.56,6.56,-0.14,-2.09%,6200
SEED,2019-09-23,6.64,6.783,6.64,6.78,0.22,+3.35%,5200
SEED,2019-09-24,6.82,6.82,6.51,6.52,-0.26,-3.83%,5000
SEED,2019-09-25,6.73,6.74,6.5445,6.7395,0.2195,+3.37%,1600
SEED,2019-09-26,6.74,6.74,6.54,6.55,-0.1895,-2.81%,4600
SEED,2019-09-27,6.5,6.6495,6.1594,6.21,-0.34,-5.19%,14300
SEED,2019-09-30,6.3,6.35,6.19,6.22,0.01,+0.16%,3300
SEED,2019-10-01,6.32,6.38,6.13,6.19,-0.03,-0.48%,4800
SEED,2019-10-02,6.27,6.3,6.16,6.3,0.11,+1.78%,9400
SEED,2019-10-03,6.27,6.37,6.05,6.1,-0.2,-3.17%,4900
SEED,2019-10-04,6.2256,6.293,6.04,6.04,-0.06,-0.98%,3200
SEED,2019-10-07,6,6.27,6,6.08,0.04,+0.66%,5200
SEED,2019-10-08,6.07,6.1837,6,6.06,-0.02,-0.33%,10100
SEED,2019-10-09,6.08,6.19,6.07,6.135,0.075,+1.24%,4400
SEED,2019-10-10,6.06,6.19,6.05,6.16,0.025,+0.41%,5800
SEED,2019-10-11,6.19,6.218,6,6.01,-0.15,-2.44%,17700
SEED,2019-10-14,6.05,6.1994,6,6.13,0.12,+2.00%,21100
SEED,2019-10-15,6.2,6.2,6,6.05,-0.08,-1.31%,13000
SEED,2019-10-16,6,6.1421,5.76,5.76,-0.29,-4.79%,10600
SEED,2019-10-17,5.82,5.99,5.31,5.41,-0.35,-6.08%,19200
SEED,2019-10-18,5.42,5.74,5.42,5.68,0.27,+4.99%,9500
SEED,2019-10-21,5.6,5.96,5.49,5.82,0.14,+2.46%,13200
SEED,2019-10-22,5.755,5.95,5.755,5.8,-0.02,-0.34%,6200
SEED,2019-10-23,5.8,6.02,5.8,5.99,0.19,+3.28%,25700
SEED,2019-10-24,5.885,5.917,5.7277,5.77,-0.22,-3.67%,7100
SEED,2019-10-25,5.82,5.84,5.42,5.6,-0.17,-2.95%,4200
SEED,2019-10-28,5.86,6.11,5.73,6.11,0.51,+9.11%,19800
SEED,2019-10-29,6.01,6.23,5.96,5.97,-0.14,-2.29%,11200
SEED,2019-10-30,6,6.0335,5.66,5.84,-0.13,-2.18%,5000
SEED,2019-10-31,5.801,5.82,5.6609,5.82,-0.02,-0.34%,2500
SEED,2019-11-01,5.885,5.99,5.82,5.9799,0.1599,+2.75%,6300
SEED,2019-11-04,5.88,5.98,5.67,5.725,-0.2549,-4.26%,11400
SEED,2019-11-05,5.73,5.81,5.73,5.74,0.015,+0.26%,1000
SEED,2019-11-06,5.7001,5.7464,5.6314,5.68,-0.06,-1.05%,3600
SEED,2019-11-07,5.7402,5.7402,5.4,5.57,-0.11,-1.94%,2300
SEED,2019-11-08,5.5,5.574,5.225,5.3,-0.27,-4.85%,7300
SEED,2019-11-11,5.2,5.646,5.2,5.646,0.346,+6.53%,9000
SEED,2019-11-12,5.62,5.62,5.26,5.35,-0.296,-5.24%,14300
SEED,2019-11-13,5.3,5.4737,5.2388,5.4175,0.0675,+1.26%,9200
SEED,2019-11-14,5.3,5.46,5.1376,5.46,0.0425,+0.78%,7400
SEED,2019-11-15,5.3,5.58,5.3,5.55,0.09,+1.65%,4800
SEED,2019-11-18,5.5,5.565,5.4,5.4645,-0.0855,-1.54%,12400
SEED,2019-11-19,5.41,5.5965,5.2,5.2,-0.2645,-4.84%,4500
SEED,2019-11-20,5.31,5.367,5.31,5.367,0.167,+3.21%,800
SEED,2019-11-21,5.45,5.49,5.1,5.11,-0.257,-4.79%,6100
SEED,2019-11-22,5.11,5.3099,5.011,5.1,-0.01,-0.20%,11300
SEED,2019-11-25,5.19,5.19,5,5.12,0.02,+0.39%,16900
SEED,2019-11-26,5.18,5.24,5.05,5.05,-0.07,-1.37%,17900
SEED,2019-11-27,5.1,5.2,5.01,5.01,-0.04,-0.79%,14400
SEED,2019-11-29,5.01,5.2524,5.01,5.17,0.16,+3.19%,2500
SEED,2019-12-02,5.26,5.26,5.06,5.12,-0.05,-0.97%,1100
SEED,2019-12-03,5.091,5.155,5.03,5.07,-0.05,-0.98%,3700
SEED,2019-12-04,5.08,5.1183,4.8428,4.92,-0.15,-2.96%,18200
SEED,2019-12-05,5.01,5.0101,4.95,5.0101,0.0901,+1.83%,3300
SEED,2019-12-06,5.28,5.28,4.915,4.9629,-0.0472,-0.94%,12900
SEED,2019-12-09,4.9567,5.2245,4.93,5.0738,0.1109,+2.23%,3000
SEED,2019-12-10,5.1177,5.1649,4.81,4.95,-0.1238,-2.44%,2200
SEED,2019-12-11,4.9666,4.98,4.944,4.955,0.005,+0.10%,3500
SEED,2019-12-12,5,5,4.88,4.9,-0.055,-1.11%,9100
SEED,2019-12-13,5.0171,5.0739,4.78,4.78,-0.12,-2.45%,12100
SEED,2019-12-16,4.89,4.89,4.7,4.74,-0.04,-0.84%,34600
SEED,2019-12-17,4.7,4.72,4.5,4.5,-0.24,-5.06%,27900
SEED,2019-12-18,4.4815,4.58,4.48,4.5115,0.0115,+0.26%,9100
SEED,2019-12-19,4.49,4.58,4.49,4.55,0.0385,+0.85%,5800
SEED,2019-12-20,4.49,4.7347,4.4439,4.665,0.115,+2.53%,9600
SEED,2019-12-23,4.59,4.7193,4.5665,4.6,-0.065,-1.39%,8700
SEED,2019-12-24,4.56,4.6169,4.46,4.6169,0.0169,+0.37%,12200
SEED,2019-12-26,4.64,4.64,4.5031,4.6389,0.022,+0.48%,2200
SEED,2019-12-27,4.57,4.8163,4.55,4.63,-0.0089,-0.19%,7700
SEED,2019-12-30,4.76,6.7,4.76,5.76,1.13,+24.41%,552400
SEED,2019-12-31,5.39,5.8,5.1431,5.36,-0.4,-6.94%,57800
SEED,2020-01-02,5.57,5.7989,5.1145,5.3,-0.06,-1.12%,17900
SEED,2020-01-03,5.15,5.4999,5.15,5.465,0.165,+3.11%,28500
SEED,2020-01-06,5.5,5.87,5.3869,5.6989,0.2339,+4.28%,25000
SEED,2020-01-07,5.8,5.85,5.7285,5.85,0.1511,+2.65%,21900
SEED,2020-01-08,5.6901,5.84,5.4873,5.83,-0.02,-0.34%,16100
SEED,2020-01-09,5.65,7.4,5.65,7.08,1.25,+21.44%,583100
SEED,2020-01-10,7.22,10.73,7.1167,10.24,3.16,+44.63%,1441000
SEED,2020-01-13,9.58,10,7.9,8.8,-1.44,-14.06%,414000
SEED,2020-01-14,8.3,8.8,8.04,8.8,0,0.00%,131100
SEED,2020-01-15,8.94,9.4,8.367,9.22,0.42,+4.77%,137800
SEED,2020-01-16,9.3,9.3,8.6,8.96,-0.26,-2.82%,87100
SEED,2020-01-17,8.71,9.9516,8.71,9.38,0.42,+4.69%,78000
SEED,2020-01-21,9.4,9.4,8.6685,8.7,-0.68,-7.25%,33900
SEED,2020-01-22,8.76,8.9169,7.66,8.06,-0.64,-7.36%,98100
SEED,2020-01-23,7.99,7.99,7.77,7.82,-0.24,-2.98%,23100
SEED,2020-01-24,7.8,8,6.9574,7.05,-0.77,-9.85%,78700
SEED,2020-01-27,6.57,7.48,6.4938,7.27,0.22,+3.12%,30000
SEED,2020-01-28,7.3,7.45,7.02,7.02,-0.25,-3.44%,59900
SEED,2020-01-29,6.98,7.1145,6.55,6.63,-0.39,-5.56%,28200
SEED,2020-01-30,6.59,6.94,6.42,6.93,0.3,+4.52%,33200
SEED,2020-01-31,6.89,6.94,6.64,6.73,-0.2,-2.89%,14800
SEED,2020-02-03,6.67,6.8099,6.21,6.21,-0.52,-7.73%,31800
SEED,2020-02-04,6.2,6.69,5.92,6.2,-0.01,-0.16%,288700
SEED,2020-02-05,6.15,6.4017,5.92,6.24,0.04,+0.65%,47400
SEED,2020-02-06,6.13,6.28,6.05,6.12,-0.12,-1.92%,19300
SEED,2020-02-07,6.03,6.23,6.03,6.09,-0.03,-0.49%,15700
SEED,2020-02-10,6.71,7.82,6.12,6.31,0.22,+3.61%,208000
SEED,2020-02-11,6.23,6.32,6.05,6.08,-0.23,-3.65%,12000
SEED,2020-02-12,6.03,6.28,5.88,6.15,0.07,+1.15%,34000
SEED,2020-02-13,6.12,6.16,5.9901,6.13,-0.02,-0.33%,10500
SEED,2020-02-14,6.05,6.425,6.05,6.26,0.13,+2.12%,29500
SEED,2020-02-18,6.25,6.4,6.249,6.3601,0.1001,+1.60%,12700
SEED,2020-02-19,6.25,6.6905,6.25,6.4601,0.1,+1.57%,27700
SEED,2020-02-20,6.35,6.64,6.35,6.57,0.1099,+1.70%,15900
SEED,2020-02-21,6.52,6.7,6.37,6.37,-0.2,-3.04%,10100
SEED,2020-02-24,6.25,6.86,6.18,6.6485,0.2785,+4.37%,21300
SEED,2020-02-25,6.69,6.7099,6.06,6.1754,-0.4731,-7.12%,55600
SEED,2020-02-26,6.1112,6.2652,6,6.1899,0.0145,+0.23%,18200
SEED,2020-02-27,6,6.05,5.94,6.01,-0.1799,-2.91%,12000
SEED,2020-02-28,5.8,6.0199,5.5401,5.99,-0.02,-0.33%,18200
SEED,2020-03-02,5.79,6.52,5.75,5.87,-0.12,-2.00%,62400
SEED,2020-03-03,6.25,6.25,5.71,5.71,-0.16,-2.73%,21400
SEED,2020-03-04,5.774,6.1666,5.774,6.1,0.39,+6.83%,14300
SEED,2020-03-05,6,6.05,5.842,6.05,-0.05,-0.82%,5900
SEED,2020-03-06,5.87,5.9899,5.81,5.93,-0.12,-1.98%,2800
SEED,2020-03-09,5.5676,5.6153,5.14,5.15,-0.78,-13.15%,31700
SEED,2020-03-10,5.25,5.47,5.14,5.27,0.12,+2.33%,13400
SEED,2020-03-11,5.17,5.28,5.1,5.11,-0.16,-3.04%,4000
SEED,2020-03-12,5,5.106,3.73,3.9,-1.21,-23.68%,43800
SEED,2020-03-13,3.9,4.24,3.83,4.02,0.12,+3.08%,19900
SEED,2020-03-16,3.74,3.91,3.38,3.78,-0.24,-5.97%,7300
SEED,2020-03-17,3.74,3.97,3.42,3.42,-0.36,-9.52%,5500
SEED,2020-03-18,3.6,3.78,3.06,3.09,-0.33,-9.65%,10600
SEED,2020-03-19,2.99,3.59,2.85,3.3,0.21,+6.80%,16300
SEED,2020-03-20,3.5,3.7328,3.35,3.45,0.15,+4.55%,13700
SEED,2020-03-23,3.4,3.52,3.3,3.325,-0.125,-3.62%,15900
SEED,2020-03-24,3.3898,4,3.375,3.965,0.64,+19.25%,39600
SEED,2020-03-25,4,4.2984,3.6301,4.25,0.285,+7.19%,16000
SEED,2020-03-26,4.28,4.81,4.15,4.47,0.22,+5.18%,19800
SEED,2020-03-27,4.35,4.82,4.35,4.52,0.05,+1.12%,4000
SEED,2020-03-30,4.4,4.7499,4.4,4.5001,-0.0199,-0.44%,6600
SEED,2020-03-31,4.4,4.51,4.2,4.5,-0.0001,0.00%,8200
SEED,2020-04-01,4.54,5.0128,4.5179,4.6099,0.1099,+2.44%,13600
SEED,2020-04-02,4.52,4.61,4.2,4.39,-0.2199,-4.77%,6300
SEED,2020-04-03,4.4,4.55,4.15,4.22,-0.17,-3.87%,5100
SEED,2020-04-06,4.22,4.46,4.09,4.115,-0.105,-2.49%,22700
SEED,2020-04-07,4.25,4.271,3.4,3.46,-0.655,-15.92%,26900
SEED,2020-04-08,3.63,3.63,3.4001,3.49,0.03,+0.87%,14300
SEED,2020-04-09,3.6075,3.6075,3.12,3.264,-0.226,-6.48%,82800
SEED,2020-04-13,3.13,3.26,3.08,3.17,-0.094,-2.88%,11900
SEED,2020-04-14,3.1601,3.23,3.1101,3.18,0.01,+0.32%,28800
SEED,2020-04-15,3.21,3.48,3.2,3.2999,0.1199,+3.77%,42500
SEED,2020-04-16,3.3,3.35,2.76,2.9597,-0.3402,-10.31%,53700
SEED,2020-04-17,3.2,3.22,2.98,3.09,0.1303,+4.40%,25200
SEED,2020-04-20,3.19,3.34,3,3.09,0,0.00%,33400
SEED,2020-04-21,3.3,3.57,3.08,3.36,0.27,+8.74%,74500
SEED,2020-04-22,3.59,3.83,3.39,3.57,0.21,+6.25%,66200
SEED,2020-04-23,3.67,4.05,3.63,3.8408,0.2708,+7.59%,37300
SEED,2020-04-24,3.99,3.99,3.5202,3.54,-0.3008,-7.83%,18400
SEED,2020-04-27,4,4.45,3.7401,4.1,0.56,+15.82%,86300
SEED,2020-04-28,4.3,4.3,3.7635,3.86,-0.24,-5.85%,16800
SEED,2020-04-29,3.87,3.96,3.6,3.9,0.04,+1.04%,23300
SEED,2020-04-30,3.9,3.9,3.71,3.78,-0.12,-3.08%,10500
SEED,2020-05-01,3.65,3.9399,3.5,3.54,-0.24,-6.35%,13100
SEED,2020-05-04,3.51,3.5275,3.3,3.4,-0.14,-3.95%,18100
SEED,2020-05-05,3.4,3.538,3.33,3.38,-0.02,-0.59%,8900
SEED,2020-05-06,3.49,3.49,3.2888,3.45,0.07,+2.07%,14500
SEED,2020-05-07,3.42,3.55,3.35,3.36,-0.09,-2.61%,5000
SEED,2020-05-08,3.36,3.52,3.34,3.4,0.04,+1.19%,11500
SEED,2020-05-11,3.32,3.52,3.2,3.52,0.12,+3.53%,13800
SEED,2020-05-12,3.54,3.54,3.3101,3.39,-0.13,-3.69%,33400
SEED,2020-05-13,3.48,3.48,3.15,3.23,-0.16,-4.72%,12700
SEED,2020-05-14,3.2,3.25,2.9,3.23,0,0.00%,50700
SEED,2020-05-15,3.25,3.31,3.22,3.28,0.05,+1.55%,7500
SEED,2020-05-18,3.32,3.39,3.14,3.21,-0.07,-2.13%,8500
SEED,2020-05-19,3.16,3.275,3.15,3.22,0.01,+0.31%,13100
SEED,2020-05-20,3.2858,4,3.265,3.84,0.62,+19.25%,80400
SEED,2020-05-21,3.81,3.9,3.5401,3.8,-0.04,-1.04%,11700
SEED,2020-05-22,3.6001,3.77,3.6001,3.75,-0.05,-1.32%,2500
SEED,2020-05-26,3.75,3.75,3.61,3.63,-0.12,-3.20%,7200
SEED,2020-05-27,3.8,3.89,3.51,3.74,0.11,+3.03%,7900
SEED,2020-05-28,3.67,3.71,3.5,3.59,-0.15,-4.01%,5800
SEED,2020-05-29,3.55,3.7335,3.51,3.64,0.05,+1.39%,9900
SEED,2020-06-01,3.7622,3.7622,3.518,3.6843,0.0443,+1.22%,15500
SEED,2020-06-02,3.64,3.89,3.64,3.875,0.1907,+5.18%,24300
SEED,2020-06-03,3.99,4.35,3.92,4.24,0.365,+9.42%,39500
SEED,2020-06-04,4.3,4.38,4.055,4.055,-0.185,-4.36%,19100
SEED,2020-06-05,4.29,4.29,4.14,4.24,0.185,+4.56%,5400
SEED,2020-06-08,4.35,4.6899,4.35,4.65,0.41,+9.67%,27600
SEED,2020-06-09,4.65,4.65,4.3,4.3,-0.35,-7.53%,11800
SEED,2020-06-10,4.3,5.5,4.3,4.95,0.65,+15.12%,66100
SEED,2020-06-11,4.7501,5.115,4.45,4.6,-0.35,-7.07%,56200
SEED,2020-06-12,4.69,6.75,4.62,6.38,1.78,+38.70%,446200
SEED,2020-06-15,6.48,8.49,5.435,8.36,1.98,+31.03%,545100
SEED,2020-06-16,8,8.28,7.5,7.67,-0.69,-8.25%,119400
SEED,2020-06-17,7.7,7.7,6.58,6.9,-0.77,-10.04%,94600
SEED,2020-06-18,6.81,6.85,6.55,6.78,-0.12,-1.74%,26700
SEED,2020-06-19,6.59,7.825,6.55,7.69,0.91,+13.42%,77500
SEED,2020-06-22,7.87,7.87,7.0101,7.08,-0.61,-7.93%,41200
SEED,2020-06-23,7.19,8.8,7.13,7.98,0.9,+12.71%,253500
SEED,2020-06-24,8.06,8.06,7.05,7.24,-0.74,-9.27%,68900
SEED,2020-06-25,7.19,7.19,6.92,7.07,-0.17,-2.35%,26600
SEED,2020-06-26,6.93,6.96,6.35,6.61,-0.46,-6.51%,41200
SEED,2020-06-29,6.4,6.49,6.2,6.41,-0.2,-3.03%,21600
SEED,2020-06-30,6.46,7.48,6.28,6.76,0.35,+5.46%,83900
SEED,2020-07-01,6.86,6.87,6.17,6.38,-0.38,-5.62%,27600
SEED,2020-07-02,6.59,9.19,6.4,8.63,2.25,+35.27%,1328800
SEED,2020-07-06,8.23,8.79,7.765,8.7,0.07,+0.81%,171000
SEED,2020-07-07,8.6,10.39,8.6,10.1,1.4,+16.09%,502500
SEED,2020-07-08,10.04,10.33,9.28,9.65,-0.45,-4.46%,155500
SEED,2020-07-09,9.61,10.2,9.425,9.66,0.01,+0.10%,133800
SEED,2020-07-10,9.6,9.87,9.15,9.65,-0.01,-0.10%,78000
SEED,2020-07-13,9.74,9.98,9.24,9.4,-0.25,-2.59%,109100
SEED,2020-07-14,9.3,9.66,8.65,9.15,-0.25,-2.66%,134400
SEED,2020-07-15,10.29,12.23,9.52,10.46,1.31,+14.32%,824600
SEED,2020-07-16,9.91,12.3995,9.77,11.79,1.33,+12.72%,311400
SEED,2020-07-17,11.75,12.67,11.59,12.1,0.31,+2.63%,168400
SEED,2020-07-20,11.81,12.55,11.34,12.05,-0.05,-0.41%,112500
SEED,2020-07-21,12.29,13.24,11.39,11.72,-0.33,-2.74%,215400
SEED,2020-07-22,11.58,11.6764,10.75,10.84,-0.88,-7.51%,119700
SEED,2020-07-23,10.63,11.26,9.9011,9.98,-0.86,-7.93%,75900
SEED,2020-07-24,9.82,10.44,9.6101,10.11,0.13,+1.30%,61100
SEED,2020-07-27,11.39,13.75,10.6235,13.04,2.93,+28.98%,724700
SEED,2020-07-28,12.85,14.19,12.56,12.72,-0.32,-2.45%,211700
SEED,2020-07-29,12.62,13.5,12.31,12.49,-0.23,-1.81%,60400
SEED,2020-07-30,12.52,12.52,11.2,11.65,-0.84,-6.73%,103000
SEED,2020-07-31,13.46,13.5,11.8057,12.59,0.94,+8.07%,215300
SEED,2020-08-03,12.26,12.42,11.6613,11.9,-0.69,-5.48%,84600
SEED,2020-08-04,11.96,11.96,11.5,11.78,-0.12,-1.01%,47700
SEED,2020-08-05,11.71,11.7603,10.7503,10.91,-0.87,-7.39%,92300
SEED,2020-08-06,11.16,11.16,10.27,10.56,-0.35,-3.21%,66300
SEED,2020-08-07,10.6,10.6,9.92,10.23,-0.33,-3.13%,81000
SEED,2020-08-10,10.39,10.9,9.63,10.62,0.39,+3.81%,86100
SEED,2020-08-11,10.8,12.22,10.61,11.49,0.87,+8.19%,245500
SEED,2020-08-12,11.34,11.945,11.21,11.45,-0.04,-0.35%,56600
SEED,2020-08-13,11.61,11.7399,10.94,11.3,-0.15,-1.31%,58000
SEED,2020-08-14,11.29,11.29,10.6,10.7,-0.6,-5.31%,53600
SEED,2020-08-17,10.62,10.6635,10.03,10.46,-0.24,-2.24%,45400
SEED,2020-08-18,10.45,10.831,10.1601,10.57,0.11,+1.05%,21800
SEED,2020-08-19,10.5,10.6499,10.0101,10.17,-0.4,-3.78%,30100
SEED,2020-08-20,9.98,10.0699,9,9.18,-0.99,-9.73%,116000
SEED,2020-08-21,9.3,10.44,9.3,10,0.82,+8.93%,100800
SEED,2020-08-24,9.87,10.07,8.65,8.95,-1.05,-10.50%,75300
SEED,2020-08-25,8.8,9.08,8.53,8.98,0.03,+0.34%,23600
SEED,2020-08-26,9.02,9.49,8.645,8.8,-0.18,-2.00%,84700
SEED,2020-08-27,8.78,8.9,8.55,8.67,-0.13,-1.48%,25600
SEED,2020-08-28,8.65,9.16,8.63,9.13,0.46,+5.31%,16500
SEED,2020-08-31,8.99,9.19,8.82,8.98,-0.15,-1.64%,10000
SEED,2020-09-01,8.84,9.3,8.65,8.99,0.01,+0.11%,37900
SEED,2020-09-02,8.87,9.075,8.725,8.89,-0.1,-1.11%,28700
SEED,2020-09-03,8.96,8.97,8.56,8.56,-0.33,-3.71%,19900
SEED,2020-09-04,8.55,8.7899,7.63,7.94,-0.62,-7.24%,39300
SEED,2020-09-08,7.72,8.6,7.72,8.29,0.35,+4.41%,25800
SEED,2020-09-09,8.3,8.53,7.84,8.13,-0.16,-1.93%,20500
SEED,2020-09-10,8.19,8.2,7.92,8.08,-0.05,-0.62%,15300
SEED,2020-09-11,8.06,8.4,7.78,7.97,-0.11,-1.36%,33900
SEED,2020-09-14,7.96,8.48,7.7425,8.3,0.33,+4.14%,31700
SEED,2020-09-15,8.37,8.57,8.09,8.1,-0.2,-2.41%,13400
SEED,2020-09-16,8.01,8.24,7.875,7.97,-0.13,-1.60%,24400
SEED,2020-09-17,8,8,7.7,7.81,-0.16,-2.01%,28300
SEED,2020-09-18,7.82,9.68,7.31,9.68,1.87,+23.94%,196900
SEED,2020-09-21,9.09,10.86,8.69,10.7,1.02,+10.54%,172800
SEED,2020-09-22,10.52,10.8,10.0566,10.4,-0.3,-2.80%,95300
SEED,2020-09-23,10.17,10.2029,9.43,9.81,-0.59,-5.67%,51200
SEED,2020-09-24,9.49,9.9625,8.54,9.9,0.09,+0.92%,26900
SEED,2020-09-25,10.02,10.1,9.64,9.84,-0.06,-0.61%,23500
SEED,2020-09-28,9.82,10.37,9.82,10.05,0.21,+2.13%,33500
SEED,2020-09-29,10.05,10.2899,9.34,9.675,-0.375,-3.73%,35200
SEED,2020-09-30,9.68,10.19,9.0101,9.4,-0.275,-2.84%,22300
SEED,2020-10-01,9.7199,9.775,9.45,9.75,0.35,+3.72%,27100
SEED,2020-10-02,9.1401,9.85,9.1401,9.7,-0.05,-0.51%,36300
SEED,2020-10-05,9.53,10.25,9.53,10,0.3,+3.09%,30200
SEED,2020-10-06,10.01,10.2193,9.81,9.98,-0.02,-0.20%,17400
SEED,2020-10-07,10.12,10.24,9.895,10.14,0.16,+1.60%,22700
SEED,2020-10-08,9.93,10.6,9.93,10.6,0.46,+4.54%,90900
SEED,2020-10-09,10.6,10.6,10.101,10.43,-0.17,-1.60%,59800
SEED,2020-10-12,10.8,10.8,10.16,10.4,-0.03,-0.29%,47800
SEED,2020-10-13,10.21,10.2699,9.91,10.04,-0.36,-3.46%,37500
SEED,2020-10-14,10.04,10.04,9.57,9.63,-0.41,-4.08%,20000
SEED,2020-10-15,9.55,9.95,9.55,9.9262,0.2962,+3.08%,13400
SEED,2020-10-16,9.92,10.101,9.35,9.86,-0.0662,-0.67%,96400
SEED,2020-10-19,9.89,10.19,9.73,10.05,0.19,+1.93%,30200
SEED,2020-10-20,10.2,10.2,9.61,9.76,-0.29,-2.89%,23600
SEED,2020-10-21,9.94,10,9.41,9.64,-0.12,-1.23%,20400
SEED,2020-10-22,9.51,9.7633,9.195,9.57,-0.07,-0.73%,25500
SEED,2020-10-23,9.4,9.65,9.07,9.59,0.02,+0.21%,36100
SEED,2020-10-26,9.5,9.57,9.25,9.38,-0.21,-2.19%,10400
SEED,2020-10-27,9.29,9.5,9.135,9.5,0.12,+1.28%,6500
SEED,2020-10-28,9.25,9.7552,9.12,9.51,0.01,+0.11%,19100
SEED,2020-10-29,9.3,9.49,9.03,9.03,-0.48,-5.05%,13100
SEED,2020-10-30,9.0958,9.16,8.68,8.805,-0.225,-2.49%,14500
SEED,2020-11-02,8.8,9.19,8.4435,9.08,0.275,+3.12%,10300
SEED,2020-11-03,9.42,9.92,9.4001,9.7,0.62,+6.83%,50300
SEED,2020-11-04,9.74,10.08,9.45,10.08,0.38,+3.92%,34300
SEED,2020-11-05,10.12,10.15,9.9434,10.12,0.04,+0.40%,15400
SEED,2020-11-06,9.85,10,9.6701,9.7,-0.42,-4.15%,13700
SEED,2020-11-09,9.86,10.02,9.6065,9.9,0.2,+2.06%,7500
SEED,2020-11-10,9.52,9.94,9.52,9.53,-0.37,-3.74%,15900
SEED,2020-11-11,9.66,9.95,9.21,9.6,0.07,+0.73%,18600
SEED,2020-11-12,9.42,9.8799,9.0535,9.46,-0.14,-1.46%,27400
SEED,2020-11-13,9.63,9.95,9.305,9.85,0.39,+4.12%,33400
SEED,2020-11-16,9.92,10.31,9.9,10.18,0.33,+3.35%,66700
SEED,2020-11-17,10.13,10.19,9.81,9.98,-0.2,-1.96%,34300
SEED,2020-11-18,10.1,10.1394,9.51,9.59,-0.39,-3.91%,28500
SEED,2020-11-19,9.5101,10,9.42,9.955,0.365,+3.81%,40400
SEED,2020-11-20,9.81,9.98,9.65,9.97,0.015,+0.15%,36900
SEED,2020-11-23,9.92,10.04,9.71,9.8,-0.17,-1.71%,47400
SEED,2020-11-24,9.7,10.0068,9.7,9.93,0.13,+1.33%,23600
SEED,2020-11-25,9.88,10.2,9.81,9.95,0.02,+0.20%,63300
SEED,2020-11-27,10.01,10.2099,9.95,10.04,0.09,+0.90%,12800
SEED,2020-11-30,10.04,10.04,9.41,9.78,-0.26,-2.59%,38900
SEED,2020-12-01,9.95,10.01,9.53,9.55,-0.23,-2.35%,26400
SEED,2020-12-02,9.53,9.72,9.41,9.52,-0.03,-0.31%,27500
SEED,2020-12-03,9.53,9.76,9.25,9.25,-0.27,-2.84%,46400
SEED,2020-12-04,9.59,9.67,9,9.11,-0.14,-1.51%,36100
SEED,2020-12-07,9.15,9.2696,8.77,9,-0.11,-1.21%,29200
SEED,2020-12-08,8.85,9.37,8.81,9.04,0.04,+0.44%,31700
SEED,2020-12-09,9.15,9.26,8.9,8.94,-0.1,-1.11%,38300
SEED,2020-12-10,9.05,9.96,9.05,9.84,0.9,+10.07%,51700
SEED,2020-12-11,9.71,10.42,9.46,10.03,0.19,+1.93%,77000
SEED,2020-12-14,10.07,10.4241,9.6005,10.01,-0.02,-0.20%,30100
SEED,2020-12-15,10.03,10.11,9.78,9.78,-0.23,-2.30%,22900
SEED,2020-12-16,9.86,9.87,9.5004,9.78,0,0.00%,25900
SEED,2020-12-17,9.76,11.58,9.76,11.5,1.72,+17.59%,315900
SEED,2020-12-18,11.6,15.27,11.0101,13.87,2.37,+20.61%,1607800
SEED,2020-12-21,13.41,13.9524,13.01,13.5,-0.37,-2.67%,162400
SEED,2020-12-22,13.5,14.89,13.1,13.7,0.2,+1.48%,193600
SEED,2020-12-23,13.97,14.3,13.6,13.85,0.15,+1.09%,51100
SEED,2020-12-24,13.83,14.18,12.68,12.8102,-1.0398,-7.51%,96700
SEED,2020-12-28,12.81,13.08,12.3,12.36,-0.4502,-3.51%,54700
SEED,2020-12-29,12.28,12.75,11.88,12.12,-0.24,-1.94%,136500
SEED,2020-12-30,12.26,14.5,12.26,13.65,1.53,+12.62%,332700
SEED,2020-12-31,13.88,16.58,13.6,15.19,1.54,+11.28%,553000
SEED,2021-01-04,15.09,15.64,13.61,13.99,-1.2,-7.90%,123300
SEED,2021-01-05,13.81,15.4,13.81,14.85,0.86,+6.15%,101500
SEED,2021-01-06,14.96,16.95,14.53,16.11,1.26,+8.48%,229500
SEED,2021-01-07,16.39,18.5442,16.25,17.75,1.64,+10.18%,297100
SEED,2021-01-08,18,18.02,16.1,16.15,-1.6,-9.01%,165900
SEED,2021-01-11,15.91,16.59,15.55,16,-0.15,-0.93%,90600
SEED,2021-01-12,16.3,17.5,15.7501,17.01,1.01,+6.31%,213600
SEED,2021-01-13,17.19,17.3899,16.1,16.51,-0.5,-2.94%,113200
SEED,2021-01-14,16.75,19.2999,16.6976,17.95,1.44,+8.72%,344700
SEED,2021-01-15,18.5,20,17.68,18.13,0.18,+1.00%,394300
SEED,2021-01-19,19.19,19.19,17.85,18.45,0.32,+1.77%,211800
SEED,2021-01-20,18.55,21.5,16.7675,20.22,1.77,+9.59%,596800
SEED,2021-01-21,20.26,23.29,19.0001,22.82,2.6,+12.86%,418400
SEED,2021-01-22,22.22,22.39,20.08,21.2,-1.62,-7.10%,356600
SEED,2021-01-25,21.24,21.48,17.885,19.15,-2.05,-9.67%,328900
SEED,2021-01-26,19.2335,22.69,19.201,21.22,2.07,+10.81%,325400
SEED,2021-01-27,20.78,21.74,19.81,20.41,-0.81,-3.82%,199900
SEED,2021-01-28,20.08,20.44,18.26,19.42,-0.99,-4.85%,154300
SEED,2021-01-29,19.51,20.2499,18.78,19.1,-0.32,-1.65%,87300
SEED,2021-02-01,19.2,19.7631,18.11,18.11,-0.99,-5.18%,139200
SEED,2021-02-02,18.66,19.18,18.1,18.6,0.49,+2.71%,131900
SEED,2021-02-03,18.82,20.85,18.82,19.65,1.05,+5.65%,165400
SEED,2021-02-04,19.91,20.1,18.88,19.34,-0.31,-1.58%,126300
SEED,2021-02-05,19.59,20.74,19,20.1,0.76,+3.93%,157600
SEED,2021-02-08,20.3,21,19.58,19.79,-0.31,-1.54%,144600
SEED,2021-02-09,20.3,20.3,19.25,19.55,-0.24,-1.21%,74400
SEED,2021-02-10,19.84,20.3,18.45,18.88,-0.67,-3.43%,145700
SEED,2021-02-11,19.5,19.5,17.8,18.85,-0.03,-0.16%,184400
SEED,2021-02-12,18.99,19.25,18.51,18.8,-0.05,-0.27%,87200
SEED,2021-02-16,19.41,22.96,18.515,19.96,1.16,+6.17%,726200
SEED,2021-02-17,20,21.8,19.5302,21.48,1.52,+7.62%,296600
SEED,2021-02-18,23.45,26.46,22.32,25,3.52,+16.39%,768500
SEED,2021-02-19,26.25,27.46,24.88,25.56,0.56,+2.24%,371600
SEED,2021-02-22,26.35,28.28,25,25.4,-0.16,-0.63%,330700
SEED,2021-02-23,24,24.9965,22.02,23.2,-2.2,-8.66%,307400
SEED,2021-02-24,24.86,25.5,23.2001,25.5,2.3,+9.91%,203200
SEED,2021-02-25,25,25.2612,22.73,23.55,-1.95,-7.65%,157700
SEED,2021-02-26,23.85,24.1799,21.8,23.36,-0.19,-0.81%,188700
SEED,2021-03-01,23.83,23.8899,22.2378,23.38,0.02,+0.09%,107000
SEED,2021-03-02,24.02,24.3762,22.0601,22.56,-0.82,-3.51%,95300
SEED,2021-03-03,22.2,23.1799,20.35,20.93,-1.63,-7.23%,155400
SEED,2021-03-04,20.19,21.2,19.23,20.04,-0.89,-4.25%,312100
SEED,2021-03-05,19.83,21.13,18.27,21.13,1.09,+5.44%,201900
SEED,2021-03-08,22.07,22.07,19.5501,20.42,-0.71,-3.36%,126300
SEED,2021-03-09,21.03,22.225,20.62,21.78,1.36,+6.66%,119900
SEED,2021-03-10,22.2129,22.25,20.6356,21.77,-0.01,-0.05%,69900
SEED,2021-03-11,21.88,25.5,21.2135,25.41,3.64,+16.72%,314600
SEED,2021-03-12,24.86,25.8,23.53,25.35,-0.06,-0.24%,94500
SEED,2021-03-15,25.23,26.74,25,26.15,0.8,+3.16%,126900
SEED,2021-03-16,26.31,26.5724,23.34,24.3,-1.85,-7.07%,85600
SEED,2021-03-17,24.79,25.91,23.66,25.78,1.48,+6.09%,90800
SEED,2021-03-18,25.7,25.99,23.18,23.43,-2.35,-9.12%,82400
SEED,2021-03-19,23.19,23.9499,22.59,23.25,-0.18,-0.77%,113800
SEED,2021-03-22,23.37,24.37,22.5,23.42,0.17,+0.73%,92300
SEED,2021-03-23,23.46,23.46,22.01,22.35,-1.07,-4.57%,97400
SEED,2021-03-24,22.55,23,22,22.43,0.08,+0.36%,108000
SEED,2021-03-25,22.53,23.2,20.6,23.06,0.63,+2.81%,249600
SEED,2021-03-26,23.76,23.8,20.415,21.21,-1.85,-8.02%,205300
SEED,2021-03-29,21.31,22.0015,18.93,19.08,-2.13,-10.04%,104800
SEED,2021-03-30,18.89,18.97,17.11,17.3,-1.78,-9.33%,209800
SEED,2021-03-31,17.91,17.91,16.66,16.98,-0.32,-1.85%,116300
SEED,2021-04-01,17.19,18.531,17.19,18.23,1.25,+7.36%,94200
SEED,2021-04-05,18.45,18.45,17.1,17.53,-0.7,-3.84%,79800
SEED,2021-04-06,17.33,17.734,16.8,17.1,-0.43,-2.45%,68600
SEED,2021-04-07,16.81,17.3,16.24,16.5,-0.6,-3.51%,65700
SEED,2021-04-08,16.5,17.5399,15.69,17.29,0.79,+4.79%,122400
SEED,2021-04-09,16.91,17.43,16.5,16.63,-0.66,-3.82%,64500
SEED,2021-04-12,16.73,16.73,15.2621,15.45,-1.18,-7.10%,63700
SEED,2021-04-13,15.45,16.7285,15.18,16.39,0.94,+6.08%,134900
SEED,2021-04-14,16.39,16.9899,15.54,15.85,-0.54,-3.29%,70600
SEED,2021-04-15,15.91,15.91,14.57,14.69,-1.16,-7.32%,87200
SEED,2021-04-16,14.65,15.9,14.28,15.65,0.96,+6.54%,114700
SEED,2021-04-19,15.79,15.93,14.35,15.06,-0.59,-3.77%,70200
SEED,2021-04-20,15.3,15.3,13.51,13.75,-1.31,-8.70%,113500
SEED,2021-04-21,13.2,14.29,13.2,13.91,0.16,+1.16%,131300
SEED,2021-04-22,13.92,15.55,13.7073,15.3,1.39,+9.99%,123900
SEED,2021-04-23,15.27,15.9315,14.52,14.73,-0.57,-3.73%,67800
SEED,2021-04-26,14.79,16.685,14.7,16.39,1.66,+11.27%,100300
SEED,2021-04-27,16.41,16.8171,15.28,15.5,-0.89,-5.43%,80800
SEED,2021-04-28,15.39,16.09,15.1001,15.91,0.41,+2.65%,22700
SEED,2021-04-29,15.53,15.8961,15,15.24,-0.67,-4.21%,27000
SEED,2021-04-30,15.1,15.61,14.7,14.9,-0.34,-2.23%,22700
SEED,2021-05-03,14.99,15.05,14.3248,14.42,-0.48,-3.22%,40300
SEED,2021-05-04,14.29,14.42,13.4,14.2,-0.22,-1.53%,71200
SEED,2021-05-05,14.13,14.2485,13.4,13.85,-0.35,-2.46%,26900
SEED,2021-05-06,13.67,13.69,12.5,12.8,-1.05,-7.58%,93500
SEED,2021-05-07,12.97,13.493,12.81,13.27,0.47,+3.67%,55600
SEED,2021-05-10,13.12,13.29,11.23,11.98,-1.29,-9.72%,78100
SEED,2021-05-11,11.54,13.375,11.23,12.94,0.96,+8.01%,183800
SEED,2021-05-12,12.59,12.96,11.77,11.9,-1.04,-8.04%,69900
SEED,2021-05-13,11.61,12.28,11.11,11.39,-0.51,-4.29%,84300
SEED,2021-05-14,11.39,12.06,11.2,11.95,0.56,+4.92%,141700
SEED,2021-05-17,11.98,12.19,11.5,11.81,-0.14,-1.17%,39500
SEED,2021-05-18,11.76,12.4,11.6401,11.99,0.18,+1.52%,43000
SEED,2021-05-19,12.04,12.04,11.08,11.28,-0.71,-5.92%,42700
SEED,2021-05-20,11.18,11.37,10.175,10.53,-0.75,-6.65%,145000
SEED,2021-05-21,10.59,11.29,10.43,10.52,-0.01,-0.09%,136600
SEED,2021-05-24,10.39,11.17,10.24,11.01,0.49,+4.66%,60000
SEED,2021-05-25,10.92,11,10.6,10.62,-0.39,-3.54%,23900
SEED,2021-05-26,10.68,11.93,10.6,11.51,0.89,+8.38%,71900
SEED,2021-05-27,11.51,12.3799,11.42,11.62,0.11,+0.96%,73000
SEED,2021-05-28,11.71,11.99,11.51,11.55,-0.07,-0.60%,23200
SEED,2021-06-01,11.75,11.973,11.45,11.88,0.33,+2.86%,34900
SEED,2021-06-02,11.88,11.976,11.6,11.84,-0.04,-0.34%,23200
SEED,2021-06-03,11.63,12.0024,10.56,10.84,-1.,-8.45%,71400
SEED,2021-06-04,10.84,11.2,10.67,10.72,-0.12,-1.11%,24200
SEED,2021-06-07,10.73,11.3111,10.43,10.87,0.15,+1.40%,45300
SEED,2021-06-08,10.95,11.19,10.48,11.03,0.16,+1.47%,125500
SEED,2021-06-09,11.03,11.3499,10.6901,11.04,0.01,+0.09%,49400
SEED,2021-06-10,11.05,11.08,10.31,10.51,-0.53,-4.80%,34400
SEED,2021-06-11,10.7,10.7,10.22,10.31,-0.2,-1.90%,13700
SEED,2021-06-14,10.35,10.75,10.2638,10.45,0.14,+1.36%,33100
SEED,2021-06-15,10.45,10.58,9.58,9.85,-0.6,-5.74%,50800
SEED,2021-06-16,9.92,10,9.64,9.99,0.14,+1.42%,16200
SEED,2021-06-17,9.92,9.96,9.35,9.44,-0.55,-5.51%,35100
SEED,2021-06-18,9.27,9.28,8.47,9.14,-0.3,-3.18%,104600
SEED,2021-06-21,9.42,9.42,8.305,8.66,-0.48,-5.25%,119300
SEED,2021-06-22,8.7,9.25,8.03,9.1,0.44,+5.08%,81100
SEED,2021-06-23,9.12,9.75,9.12,9.42,0.32,+3.52%,43400
SEED,2021-06-24,9.6,9.6,8.4714,8.77,-0.65,-6.90%,55100
SEED,2021-06-25,8.8,9,8.5,8.69,-0.08,-0.91%,50400
SEED,2021-06-28,8.66,8.898,8.345,8.53,-0.16,-1.84%,47200
SEED,2021-06-29,8.5,8.95,8.5,8.9,0.37,+4.34%,40100
SEED,2021-06-30,8.97,8.97,8.6,8.69,-0.21,-2.36%,43700
SEED,2021-07-01,8.61,8.8,8.3601,8.67,-0.02,-0.23%,53600
SEED,2021-07-02,8.71,8.71,8.2201,8.36,-0.31,-3.58%,32300
SEED,2021-07-06,8.47,8.4887,8.052,8.16,-0.2,-2.39%,41900
SEED,2021-07-07,8.24,8.24,7.09,7.24,-0.92,-11.27%,101300
SEED,2021-07-08,8.44,10.54,7.722,8.73,1.49,+20.58%,5137900
SEED,2021-07-09,8.81,9.43,7.87,9,0.27,+3.09%,1973700
SEED,2021-07-12,8.9,14.4,8.6101,12.68,3.68,+40.89%,15447300
SEED,2021-07-13,11.65,12.0123,9.6301,10.63,-2.05,-16.17%,1573800
SEED,2021-07-14,10.07,11.2201,9.42,9.455,-1.175,-11.05%,407600
SEED,2021-07-15,9.58,10.2,8.51,10.14,0.685,+7.24%,436700
SEED,2021-07-16,9.8,9.89,9.14,9.35,-0.79,-7.79%,110400
SEED,2021-07-19,9.52,9.7148,8.8,9.37,0.02,+0.21%,117600
SEED,2021-07-20,9.56,11.04,9.35,11.04,1.67,+17.82%,408900
SEED,2021-07-21,10.69,11.03,10.26,10.42,-0.62,-5.62%,134800
SEED,2021-07-22,10.53,10.789,9.83,9.93,-0.49,-4.70%,141100
SEED,2021-07-23,9.71,11.73,8.88,9.99,0.06,+0.60%,1766100
SEED,2021-07-26,9.5,9.94,9.3562,9.77,-0.22,-2.20%,105300
SEED,2021-07-27,9.81,9.81,8.6601,9.08,-0.69,-7.06%,154000
SEED,2021-07-28,9.61,11.4,9.3,10.41,1.33,+14.65%,1477400
SEED,2021-07-29,10.34,10.99,9.83,10.61,0.2,+1.92%,200500
SEED,2021-07-30,10.26,11.25,10.0784,10.58,-0.03,-0.28%,154700
SEED,2021-08-02,10.64,11.14,10.36,10.64,0.06,+0.57%,251600
SEED,2021-08-03,11.13,12.79,10.75,12.72,2.08,+19.55%,1347000
SEED,2021-08-04,12.58,13,11.53,12.15,-0.57,-4.48%,386100
SEED,2021-08-05,12.3,13.1199,11.8274,12.42,0.27,+2.22%,332500
SEED,2021-08-06,12.26,13.04,12.04,12.91,0.49,+3.95%,284400
SEED,2021-08-09,12.91,14.35,12.76,13.52,0.61,+4.73%,593000
SEED,2021-08-10,13.53,13.7,11.2691,11.83,-1.69,-12.50%,488900
SEED,2021-08-11,11.69,12.03,10.22,11.45,-0.38,-3.21%,787100
SEED,2021-08-12,11.5,11.7999,10.23,10.8,-0.65,-5.68%,333600
SEED,2021-08-13,10.59,10.7857,10.0101,10.03,-0.77,-7.13%,144800
SEED,2021-08-16,10.18,10.35,8.68,8.83,-1.2,-11.96%,215900
SEED,2021-08-17,9.11,9.3,8.3379,8.81,-0.02,-0.23%,138500
SEED,2021-08-18,8.9,8.9,8.36,8.68,-0.13,-1.48%,87100
SEED,2021-08-19,8.63,8.6999,7.67,7.93,-0.75,-8.64%,160600
SEED,2021-08-20,7.9,9.09,7.78,8.96,1.03,+12.99%,143800
SEED,2021-08-23,8.91,9.35,8.5901,9.25,0.29,+3.24%,127000
SEED,2021-08-24,9.25,9.57,8.89,8.97,-0.28,-3.03%,126400
SEED,2021-08-25,9.01,9.42,8.721,9.07,0.1,+1.11%,110200
SEED,2021-08-26,9.16,9.43,8.56,8.71,-0.36,-3.97%,90000
SEED,2021-08-27,8.62,8.9999,8.61,8.67,-0.04,-0.46%,40700
SEED,2021-08-30,8.64,8.67,8.22,8.37,-0.3,-3.46%,79700
SEED,2021-08-31,8.53,9.5,8.49,9.13,0.76,+9.08%,179800
SEED,2021-09-01,9.1,9.2148,8.38,8.47,-0.66,-7.23%,270000
SEED,2021-09-02,8.47,8.81,8.44,8.5,0.03,+0.35%,32700
SEED,2021-09-03,8.45,8.9,8.38,8.8,0.3,+3.53%,52900
SEED,2021-09-07,8.72,8.8979,8.4,8.55,-0.25,-2.84%,77100
SEED,2021-09-08,8.8,9.34,8.2,8.9,0.35,+4.09%,360800
SEED,2021-09-09,8.73,8.93,8.4,8.5,-0.4,-4.49%,133600
SEED,2021-09-10,8.54,8.84,8.22,8.46,-0.04,-0.47%,129200
SEED,2021-09-13,8.45,8.55,7.94,8.06,-0.4,-4.73%,168000
SEED,2021-09-14,8.06,8.25,7.15,7.34,-0.72,-8.93%,182800
SEED,2021-09-15,7.35,7.6756,7.2501,7.32,-0.02,-0.27%,139800
SEED,2021-09-16,7.41,7.5,7.1822,7.47,0.15,+2.05%,38100
SEED,2021-09-17,7.49,8.16,7.4117,8.16,0.69,+9.24%,68000
SEED,2021-09-20,8.03,8.03,7.37,7.75,-0.41,-5.02%,66200
SEED,2021-09-21,7.81,8.99,7.39,7.8,0.05,+0.65%,472800
SEED,2021-09-22,7.72,7.78,7.45,7.66,-0.14,-1.79%,61300
SEED,2021-09-23,7.64,7.95,7.5007,7.86,0.2,+2.61%,46600
SEED,2021-09-24,7.73,8.04,7.6501,7.96,0.1,+1.27%,26800
SEED,2021-09-27,7.97,8.83,7.85,8.74,0.78,+9.80%,116400
SEED,2021-09-28,8.49,8.66,8,8.05,-0.69,-7.89%,139900
SEED,2021-09-29,8.28,8.5,7.91,8.29,0.24,+2.98%,79100
SEED,2021-09-30,8.34,8.44,8.02,8.18,-0.11,-1.33%,30900
SEED,2021-10-01,8.21,8.85,8,8.76,0.58,+7.09%,80500
SEED,2021-10-04,8.78,8.78,8.14,8.45,-0.31,-3.54%,39800
SEED,2021-10-05,8.51,9.4,8.5,9.21,0.76,+8.99%,112200
SEED,2021-10-06,8.97,9.27,8.7815,9.08,-0.13,-1.41%,41200
SEED,2021-10-07,9.25,9.45,8.8978,9.02,-0.06,-0.66%,25900
SEED,2021-10-08,9,11.7,9,10.03,1.01,+11.20%,635100
SEED,2021-10-11,10.01,10.33,9.35,9.61,-0.42,-4.19%,120800
SEED,2021-10-12,9.52,9.62,9.11,9.15,-0.46,-4.79%,54100
SEED,2021-10-13,9.28,9.739,9.16,9.535,0.385,+4.21%,43600
SEED,2021-10-14,9.65,9.65,9.1005,9.24,-0.295,-3.09%,44400
SEED,2021-10-15,9.35,9.35,9.13,9.25,0.01,+0.11%,20100
SEED,2021-10-18,9.27,9.85,9.18,9.63,0.38,+4.11%,47200
SEED,2021-10-19,9.93,10.04,9.37,9.55,-0.08,-0.83%,40900
SEED,2021-10-20,9.37,9.6,9.12,9.3,-0.25,-2.62%,37800
SEED,2021-10-21,9.1501,9.49,9.0301,9.21,-0.09,-0.97%,72800
SEED,2021-10-22,9.19,9.19,8.5,8.56,-0.65,-7.06%,68400
SEED,2021-10-25,8.56,8.8899,8.26,8.5,-0.06,-0.70%,71700
SEED,2021-10-26,8.55,9.89,8,8.44,-0.06,-0.71%,890700
SEED,2021-10-27,8.44,8.52,8.01,8.35,-0.09,-1.07%,148000
SEED,2021-10-28,8.41,8.83,8.34,8.65,0.3,+3.59%,28700
SEED,2021-10-29,8.48,8.7397,8.295,8.42,-0.23,-2.66%,32400
SEED,2021-11-01,8.53,9.2,8.5101,9.2,0.78,+9.26%,92900
SEED,2021-11-02,9.09,9.15,8.65,8.92,-0.28,-3.04%,42000
SEED,2021-11-03,8.88,9.17,8.76,9.17,0.25,+2.80%,38200
SEED,2021-11-04,9.13,9.59,9,9.29,0.12,+1.31%,133500
SEED,2021-11-05,9.39,9.442,8.74,8.74,-0.55,-5.92%,32100
SEED,2021-11-08,8.82,9.48,8.82,9.45,0.71,+8.12%,58400
SEED,2021-11-09,9.14,9.5923,9.03,9.54,0.09,+0.95%,38000
SEED,2021-11-10,9.32,9.41,9.03,9.18,-0.36,-3.77%,29500
SEED,2021-11-11,9.16,9.9999,9.16,9.81,0.63,+6.86%,69800
SEED,2021-11-12,10.25,10.488,9.3101,9.74,-0.07,-0.71%,438900
SEED,2021-11-15,9.8,10.35,9.52,10.35,0.61,+6.26%,103400
SEED,2021-11-16,10.35,10.3685,9.79,10.21,-0.14,-1.35%,69100
SEED,2021-11-17,10.15,10.35,9.8,10.11,-0.1,-0.98%,80900
SEED,2021-11-18,10.15,10.35,9.27,9.63,-0.48,-4.75%,54500
SEED,2021-11-19,9.59,10.97,9.53,9.94,0.31,+3.22%,413500
SEED,2021-11-22,10.11,10.37,9.24,9.46,-0.48,-4.83%,142200
SEED,2021-11-23,9.46,9.74,9.04,9.3,-0.16,-1.69%,31700
SEED,2021-11-24,9.24,9.8,9.24,9.68,0.38,+4.09%,22100
SEED,2021-11-26,9.23,10.2,9.2,10.15,0.47,+4.86%,62300
SEED,2021-11-29,10.26,10.26,9.6,9.6,-0.55,-5.42%,34400
SEED,2021-11-30,9.62,9.83,9.1501,9.56,-0.04,-0.42%,49400
SEED,2021-12-01,9.8,9.8,8.51,8.71,-0.85,-8.89%,74400
SEED,2021-12-02,8.79,8.9605,8.33,8.61,-0.1,-1.15%,37600
SEED,2021-12-03,8.67,8.72,7.72,7.8,-0.81,-9.41%,85700
SEED,2021-12-06,7.69,8.46,7.27,8.17,0.37,+4.74%,109300
SEED,2021-12-07,8.5,8.722,8.3201,8.64,0.47,+5.75%,27500
SEED,2021-12-08,8.66,8.99,8.3,8.7,0.06,+0.69%,27900
SEED,2021-12-09,8.8776,9.269,8.4,8.63,-0.07,-0.80%,44800
SEED,2021-12-10,8.76,8.76,8.33,8.46,-0.17,-1.97%,16700
SEED,2021-12-13,8.36,8.5,8.0052,8.3,-0.16,-1.89%,27200
SEED,2021-12-14,8.13,8.55,8.02,8.06,-0.24,-2.89%,29800
SEED,2021-12-15,8,8.03,7.19,7.7,-0.36,-4.47%,79200
SEED,2021-12-16,7.72,7.96,7.25,7.25,-0.45,-5.84%,27600
SEED,2021-12-17,7.2,8.04,6.8586,8.04,0.79,+10.90%,79600
SEED,2021-12-20,7.74,8,7.51,7.62,-0.42,-5.22%,23600
SEED,2021-12-21,7.82,8.59,7.78,8.47,0.85,+11.15%,60700
SEED,2021-12-22,8.45,9,8.07,8.2,-0.27,-3.19%,53000
SEED,2021-12-23,8.38,8.67,8.15,8.49,0.29,+3.54%,31800
SEED,2021-12-27,8.61,8.79,8.0657,8.32,-0.17,-2.00%,50200
SEED,2021-12-28,8.24,8.6,7.8,8,-0.32,-3.85%,53200
SEED,2021-12-29,7.95,7.95,7.3796,7.5,-0.5,-6.25%,42600
SEED,2021-12-30,7.5,7.7234,7.4,7.4,-0.1,-1.33%,48100
SEED,2021-12-31,7.47,7.77,7.11,7.17,-0.23,-3.11%,79300
SEED,2022-01-03,7.16,7.3,7.06,7.23,0.06,+0.84%,28500
SEED,2022-01-04,7.43,7.6399,6.7,7.05,-0.18,-2.49%,112600
SEED,2022-01-05,7.09,7.1,6.6,6.7,-0.35,-4.96%,19100
SEED,2022-01-06,6.66,7.03,6.4,6.84,0.14,+2.09%,39400
SEED,2022-01-07,7.13,7.13,6.77,6.8,-0.04,-0.58%,14900
SEED,2022-01-10,6.69,7.11,6.56,6.85,0.05,+0.74%,12400
SEED,2022-01-11,6.95,7.7,6.95,7.49,0.64,+9.34%,57900
SEED,2022-01-12,7.55,7.62,7.12,7.42,-0.07,-0.93%,37400
SEED,2022-01-13,7.38,7.4542,7.01,7.01,-0.41,-5.53%,14500
SEED,2022-01-14,7,7.4,6.96,7.36,0.35,+4.99%,32800
SEED,2022-01-18,7.36,7.49,6.9801,7.06,-0.3,-4.08%,28000
SEED,2022-01-19,7.06,7.25,6.9146,7.24,0.18,+2.55%,25100
SEED,2022-01-20,7.21,7.3,6.98,7,-0.24,-3.31%,25300
SEED,2022-01-21,6.9101,7.1099,6.1,6.185,-0.815,-11.64%,112500
SEED,2022-01-24,6.1,6.2301,5,5.225,-0.96,-15.52%,176000
SEED,2022-01-25,5.23,5.5109,5.05,5.32,0.095,+1.82%,39700
SEED,2022-01-26,5.44,5.7,4.94,5.36,0.04,+0.75%,79800
SEED,2022-01-27,5.6,5.6,4.68,4.68,-0.68,-12.69%,75700
SEED,2022-01-28,4.75,5.28,4.26,4.58,-0.1,-2.14%,90000
SEED,2022-01-31,4.57,4.98,4.5501,4.62,0.04,+0.87%,62600
SEED,2022-02-01,4.69,4.8325,4.52,4.72,0.1,+2.16%,30600
SEED,2022-02-02,4.72,4.72,4.21,4.5,-0.22,-4.66%,73800
SEED,2022-02-03,4.45,4.7999,4.35,4.46,-0.04,-0.89%,39800
SEED,2022-02-04,4.46,4.75,4.42,4.74,0.28,+6.28%,20100
SEED,2022-02-07,5.48,7.15,5.31,6.39,1.65,+34.81%,9560300
SEED,2022-02-08,6.25,6.83,6.1801,6.4,0.01,+0.16%,509900
SEED,2022-02-09,6.35,7.55,6.3359,7.27,0.87,+13.59%,576500
SEED,2022-02-10,7.11,7.8999,7.11,7.72,0.45,+6.19%,279400
SEED,2022-02-11,7.58,7.6293,7.0374,7.11,-0.61,-7.90%,386300
SEED,2022-02-14,7.17,7.65,7.17,7.37,0.26,+3.66%,145800
SEED,2022-02-15,7.47,7.56,6.8,6.99,-0.38,-5.16%,151500
SEED,2022-02-16,6.84,7.2554,6.82,7.06,0.07,+1.00%,109600
SEED,2022-02-17,6.91,7.05,6,6.1,-0.96,-13.60%,212400
SEED,2022-02-18,6.13,6.4799,5.715,5.96,-0.14,-2.30%,131400
SEED,2022-02-22,5.96,6.16,5.45,5.66,-0.3,-5.03%,121100
SEED,2022-02-23,5.69,5.8242,5.5366,5.61,-0.05,-0.88%,66300
SEED,2022-02-24,5.5,6.261,5.33,6.21,0.6,+10.70%,133700
SEED,2022-02-25,6.32,6.3999,6.0101,6.31,0.1,+1.61%,41000
SEED,2022-02-28,6.22,6.6799,5.9086,6.13,-0.18,-2.85%,35900
SEED,2022-03-01,6.4999,6.4999,5.7,6.0109,-0.1191,-1.94%,180600
SEED,2022-03-02,6.09,6.37,5.9,6.16,0.1491,+2.48%,122000
SEED,2022-03-03,6.3,7.19,6.17,7.1,0.94,+15.26%,297000
SEED,2022-03-04,7.58,9.75,7.2401,9.6,2.5,+35.21%,2031500
SEED,2022-03-07,9.71,10.03,7.91,8.43,-1.17,-12.19%,718000
SEED,2022-03-08,8.27,8.9899,7.87,8.42,-0.01,-0.12%,232800
SEED,2022-03-09,8.42,10.2782,8.14,9.39,0.97,+11.52%,575700
SEED,2022-03-10,9.2,12,8.6131,9.58,0.19,+2.02%,3753400
SEED,2022-03-11,9.22,10.66,9.22,10.34,0.76,+7.93%,730617
SEED,2022-03-14,10,10.7,8.61,8.68,-1.66,-16.05%,1008400
SEED,2022-03-15,8.18,8.41,7.26,7.31,-1.37,-15.78%,384900
SEED,2022-03-16,7.5,8.17,7.41,7.74,0.43,+5.88%,243300
SEED,2022-03-17,7.59,8.41,7.5698,8.12,0.38,+4.91%,132200
SEED,2022-03-18,8.29,8.42,7.8892,8.13,0.01,+0.12%,75200
SEED,2022-03-21,8.33,9.18,8.12,9.02,0.89,+10.95%,278300
SEED,2022-03-22,9.06,9.3199,8.67,9.09,0.07,+0.78%,129900
SEED,2022-03-23,9.08,9.69,8.9,9.55,0.46,+5.06%,141200
SEED,2022-03-24,9.5,9.5755,8.89,9.23,-0.32,-3.35%,284600
SEED,2022-03-25,9.5,9.5,8.47,8.64,-0.59,-6.39%,181900
SEED,2022-03-28,8.75,8.88,8.15,8.24,-0.4,-4.63%,116100
SEED,2022-03-29,8.5,8.77,8.08,8.6,0.36,+4.37%,133200
SEED,2022-03-30,8.74,8.95,8.35,8.64,0.04,+0.47%,140000
SEED,2022-03-31,8.51,8.6599,8.13,8.35,-0.29,-3.36%,125100
SEED,2022-04-01,8.4,8.5,8.1301,8.16,-0.19,-2.28%,94500
SEED,2022-04-04,8.17,8.6519,8.17,8.32,0.16,+1.96%,100600
SEED,2022-04-05,8.39,8.63,7.6001,7.66,-0.66,-7.93%,193200
SEED,2022-04-06,7.6,7.625,7.1038,7.3,-0.36,-4.70%,108000
SEED,2022-04-07,9.01,9.75,7.74,8.42,1.12,+15.34%,15477000
SEED,2022-04-08,8.12,8.4193,7.821,8.2,-0.22,-2.61%,511500
SEED,2022-04-11,8,8.7,7.7201,8.57,0.37,+4.51%,511300
SEED,2022-04-12,8.51,8.6937,7.99,8.01,-0.56,-6.53%,245200
SEED,2022-04-13,8.01,8.3,7.85,8.12,0.11,+1.37%,174500
SEED,2022-04-14,8.09,8.55,8.09,8.23,0.11,+1.35%,149700
SEED,2022-04-18,8.19,8.4,7.95,8,-0.23,-2.79%,178800
SEED,2022-04-19,7.96,8.37,7.91,8.3,0.3,+3.75%,134200
SEED,2022-04-20,8.3,9.45,8.11,9.24,0.94,+11.33%,465800
SEED,2022-04-21,9.39,9.3956,8.53,8.67,-0.57,-6.17%,291000
SEED,2022-04-22,8.67,9.1799,8.5301,8.69,0.02,+0.23%,64100
SEED,2022-04-25,8.54,8.74,8.4,8.58,-0.11,-1.27%,91200
SEED,2022-04-26,8.61,8.78,8.29,8.54,-0.04,-0.47%,99900
SEED,2022-04-27,8.45,8.8593,8.37,8.53,-0.01,-0.12%,114300
SEED,2022-04-28,8.77,8.79,8.11,8.5,-0.03,-0.35%,54700
SEED,2022-04-29,8.88,9.34,8.51,8.91,0.41,+4.82%,245900
SEED,2022-05-02,9.06,9.2311,8.6101,8.9,-0.01,-0.11%,95400
SEED,2022-05-03,9.14,9.45,8.9601,9.35,0.45,+5.06%,135700
SEED,2022-05-04,9.04,9.85,8.87,9.6,0.25,+2.67%,180800
SEED,2022-05-05,9.81,9.89,8.38,8.56,-1.04,-10.83%,334400
SEED,2022-05-06,8.4,8.845,7.32,7.4,-1.16,-13.55%,408100
SEED,2022-05-09,7.35,7.73,7.1113,7.66,0.26,+3.51%,106500
SEED,2022-05-10,7.6,7.74,6.685,6.935,-0.725,-9.46%,178800
SEED,2022-05-11,6.85,7.23,6.43,6.43,-0.505,-7.28%,67300
SEED,2022-05-12,6.33,7.2009,6.33,6.78,0.35,+5.44%,68900
SEED,2022-05-13,6.79,7.445,6.79,7.04,0.26,+3.83%,207500
SEED,2022-05-16,7.23,8.09,7.14,7.75,0.71,+10.09%,247000
SEED,2022-05-17,7.98,7.98,7.18,7.42,-0.33,-4.26%,298900
SEED,2022-05-18,7.25,7.63,6.52,6.93,-0.49,-6.60%,457800
SEED,2022-05-19,6.9,7.14,6.7142,7,0.07,+1.01%,157400
SEED,2022-05-20,7.1,7.1,6.33,6.51,-0.49,-7.00%,156800
SEED,2022-05-23,7.1,7.64,6.76,7.44,0.93,+14.29%,767300
SEED,2022-05-24,7.17,7.33,6.7902,7.08,-0.36,-4.84%,170000
SEED,2022-05-25,7.27,7.6188,6.949,7.32,0.24,+3.39%,135800
SEED,2022-05-26,7.42,7.59,7.13,7.36,0.04,+0.55%,115900
SEED,2022-05-27,7.2,7.58,7,7.49,0.13,+1.77%,227300
SEED,2022-05-31,7.52,7.58,7.18,7.58,0.09,+1.20%,60200
SEED,2022-06-01,7.6,7.81,7.28,7.45,-0.13,-1.72%,57900
SEED,2022-06-02,7.4,7.56,7.29,7.46,0.01,+0.13%,54900
SEED,2022-06-03,7.31,7.395,7.15,7.26,-0.2,-2.68%,57600
SEED,2022-06-06,7.27,7.38,7.11,7.13,-0.13,-1.79%,40700
SEED,2022-06-07,7.07,7.4763,7.01,7.36,0.23,+3.23%,63700
SEED,2022-06-08,7.24,7.6,7.192,7.39,0.03,+0.41%,72100
SEED,2022-06-09,7.88,7.88,7.12,7.17,-0.22,-2.98%,175800
SEED,2022-06-10,6.97,7.16,6.72,6.84,-0.33,-4.60%,50800
SEED,2022-06-13,6.61,7.0164,6.2595,6.52,-0.32,-4.68%,155300
SEED,2022-06-14,6.55,6.7123,6.5,6.67,0.15,+2.30%,11100
SEED,2022-06-15,6.66,7.3,6.6,7.19,0.52,+7.80%,60900
SEED,2022-06-16,7.05,7.1537,6.8,6.93,-0.26,-3.62%,43900
SEED,2022-06-17,6.87,7.63,6.87,7.63,0.7,+10.10%,184100
SEED,2022-06-21,7.78,7.78,7.47,7.57,-0.06,-0.79%,35600
SEED,2022-06-22,7.62,7.83,7.53,7.55,-0.02,-0.26%,44300
SEED,2022-06-23,7.73,8.1899,7.605,8.16,0.61,+8.08%,73600
SEED,2022-06-24,8.27,8.3,8.04,8.04,-0.12,-1.47%,47400
SEED,2022-06-27,7.82,8.02,7.62,7.96,-0.08,-1.00%,28900
SEED,2022-06-28,7.96,8.01,7.6,7.75,-0.21,-2.64%,11600
SEED,2022-06-29,7.73,7.985,7.6486,7.78,0.03,+0.39%,11900
SEED,2022-06-30,7.77,8.01,7.28,7.52,-0.26,-3.34%,159900
SEED,2022-07-01,7.33,7.52,7.295,7.42,-0.1,-1.33%,17500
SEED,2022-07-05,7.39,8.2,7.32,8.14,0.72,+9.70%,115600
SEED,2022-07-06,8.06,8.25,7.89,8.05,-0.09,-1.11%,26500
SEED,2022-07-07,7.57,8.52,7.57,8.26,0.21,+2.61%,59100
SEED,2022-07-08,8.26,8.49,8.155,8.39,0.13,+1.57%,15800
SEED,2022-07-11,8.24,8.455,8,8,-0.39,-4.65%,23700
SEED,2022-07-12,8.14,8.2658,7.93,8.08,0.08,+1.00%,30100
SEED,2022-07-13,7.9,8.3,7.9,8,-0.08,-0.99%,30700
SEED,2022-07-14,7.98,8.2139,7.91,8.03,0.03,+0.38%,15500
SEED,2022-07-15,8.17,9.2,7.9338,9.1,1.07,+13.33%,174700
SEED,2022-07-18,9.19,9.44,8.7,8.87,-0.23,-2.53%,80700
SEED,2022-07-19,8.84,8.9,8.6,8.6,-0.27,-3.04%,38300
SEED,2022-07-20,8.74,9.4,8.6,9.21,0.61,+7.09%,114900
SEED,2022-07-21,9.2,9.84,8.96,9.75,0.54,+5.86%,138900
SEED,2022-07-22,9.75,9.75,9.03,9.58,-0.17,-1.74%,90100
SEED,2022-07-25,9.66,10.17,9.21,9.83,0.25,+2.61%,85800
SEED,2022-07-26,9.85,10.34,9.5001,10.08,0.25,+2.54%,99200
SEED,2022-07-27,10.76,11.4,10.08,10.18,0.1,+0.99%,301500
SEED,2022-07-28,10.18,11.07,10.18,11.04,0.86,+8.45%,86700
SEED,2022-07-29,11.09,11.2999,10.75,11.19,0.15,+1.36%,59000
SEED,2022-08-01,10.95,11.18,10.3778,10.38,-0.81,-7.24%,101900
SEED,2022-08-02,10.33,10.8,10.02,10.47,0.09,+0.87%,112500
SEED,2022-08-03,10.61,11.47,10.56,11.09,0.62,+5.92%,221700
SEED,2022-08-04,11.21,11.39,10.775,11.2,0.11,+0.99%,69700
SEED,2022-08-05,10.95,11.52,10.82,11.41,0.21,+1.88%,71900
SEED,2022-08-08,11.58,11.73,10.83,11.21,-0.2,-1.75%,47400
SEED,2022-08-09,11.04,11.445,10.76,11.31,0.1,+0.89%,52500
SEED,2022-08-10,11.5,11.5,11.01,11.42,0.11,+0.97%,55900
SEED,2022-08-11,11.5,12.25,11.2,11.65,0.23,+2.01%,193700
SEED,2022-08-12,11.78,11.84,11.35,11.68,0.03,+0.26%,43200
SEED,2022-08-15,11.66,11.74,11.2501,11.51,-0.17,-1.46%,37100
SEED,2022-08-16,11.63,11.71,10.8,11.03,-0.48,-4.17%,48900
SEED,2022-08-17,11.21,11.4173,10.51,10.61,-0.42,-3.81%,50400
SEED,2022-08-18,10.6,10.63,10.19,10.27,-0.34,-3.20%,58601
SEED,2022-08-19,10.4,10.4,9.1501,9.45,-0.82,-7.98%,99400
SEED,2022-08-22,9.31,9.59,9.05,9.38,-0.07,-0.74%,41100
SEED,2022-08-23,9.32,9.85,9.11,9.53,0.15,+1.60%,76800
SEED,2022-08-24,9.66,10.3699,9.51,10.28,0.75,+7.87%,42600
SEED,2022-08-25,10.63,10.63,9.65,10.06,-0.22,-2.14%,131400
SEED,2022-08-26,10.17,10.3072,9.53,9.74,-0.32,-3.18%,61400
SEED,2022-08-29,9.47,10.37,9.45,10.24,0.5,+5.13%,106400
SEED,2022-08-30,10.24,10.24,9.75,9.75,-0.49,-4.79%,26800
SEED,2022-08-31,9.81,9.95,9.58,9.76,0.01,+0.10%,37000
SEED,2022-09-01,9.73,9.73,9.06,9.15,-0.61,-6.25%,53100
SEED,2022-09-02,9.46,9.6772,9.29,9.5,0.35,+3.83%,83900
SEED,2022-09-06,9.675,9.7899,9.1,9.61,0.11,+1.16%,49100
SEED,2022-09-07,9.5749,10.08,9.5749,9.99,0.38,+3.95%,22000
SEED,2022-09-08,10.01,10.27,9.9137,10.19,0.2,+2.00%,22000
SEED,2022-09-09,10.3,10.47,10.1,10.27,0.08,+0.79%,46400
SEED,2022-09-12,10.27,10.36,10.0166,10.29,0.02,+0.19%,35800
SEED,2022-09-13,9.91,10.05,9.67,9.77,-0.52,-5.05%,28400
SEED,2022-09-14,9.84,10.01,9.56,9.9,0.13,+1.33%,35700
SEED,2022-09-15,9.9,10,9.72,9.79,-0.11,-1.11%,7500
SEED,2022-09-16,9.64,10.69,9.5001,10.67,0.88,+8.99%,66200
SEED,2022-09-19,10.57,11.17,10.54,10.57,-0.1,-0.94%,34600
SEED,2022-09-20,10.58,10.58,9.9,9.955,-0.615,-5.82%,18400
SEED,2022-09-21,9.93,10.44,9.7085,10.01,0.055,+0.55%,22800
SEED,2022-09-22,10.3,10.3,9.5,9.55,-0.46,-4.60%,21100
SEED,2022-09-23,9.62,9.62,8.1684,8.785,-0.765,-8.01%,122000
SEED,2022-09-26,8.65,9.19,8.5171,9.1,0.315,+3.59%,42300
SEED,2022-09-27,9.02,9.12,8.63,8.7,-0.4,-4.40%,58700
SEED,2022-09-28,8.72,9.24,8.5,9.02,0.32,+3.68%,87600
SEED,2022-09-29,8.8,8.8,8.3,8.32,-0.7,-7.76%,39200
SEED,2022-09-30,8.59,8.7999,8.3547,8.66,0.34,+4.09%,33300
SEED,2022-10-03,8.6,9.8199,8.51,8.95,0.29,+3.35%,91500
SEED,2022-10-04,9.68,9.81,9.3101,9.81,0.86,+9.61%,40400
SEED,2022-10-05,9.58,9.6439,9.23,9.49,-0.32,-3.26%,13500
SEED,2022-10-06,9.2704,10.1275,9.2704,9.86,0.37,+3.90%,27500
SEED,2022-10-07,9.85,10.05,9.5323,9.65,-0.21,-2.13%,16200
SEED,2022-10-10,9.58,10.02,9.52,10,0.35,+3.63%,25900
SEED,2022-10-11,9.8,9.96,9.2801,9.35,-0.65,-6.50%,17000
SEED,2022-10-12,9.37,9.95,9.25,9.8925,0.5425,+5.80%,13300
SEED,2022-10-13,9.69,11.3,9.42,10.91,1.0175,+10.29%,176800
SEED,2022-10-14,10.89,11.04,10.51,10.8,-0.11,-1.01%,50000
SEED,2022-10-17,10.8,11.48,10.62,11.35,0.55,+5.09%,49500
SEED,2022-10-18,11.5,11.7699,11.04,11.72,0.37,+3.26%,107900
SEED,2022-10-19,11.5,11.84,11.06,11.65,-0.07,-0.60%,80700
SEED,2022-10-20,11.55,11.6965,10.71,10.75,-0.9,-7.73%,26400
SEED,2022-10-21,10.98,11.49,10.71,11.36,0.61,+5.67%,15900
SEED,2022-10-24,11.21,11.21,10.5901,10.84,-0.52,-4.58%,62600
SEED,2022-10-25,10.9003,11.2999,10.38,10.45,-0.39,-3.60%,15800
SEED,2022-10-26,10.4,10.78,10.06,10.17,-0.28,-2.68%,58800
SEED,2022-10-27,10.32,10.8799,10.2795,10.63,0.46,+4.52%,32900
SEED,2022-10-28,10.65,10.65,10.2301,10.31,-0.32,-3.01%,11900
SEED,2022-10-31,10.55,10.675,10.14,10.14,-0.17,-1.65%,15800
SEED,2022-11-01,10.65,10.65,9.78,9.78,-0.36,-3.55%,72800
SEED,2022-11-02,9.78,10.0856,9.11,9.3965,-0.3835,-3.92%,47500
SEED,2022-11-03,9.36,9.786,9.25,9.3,-0.0965,-1.03%,9100
SEED,2022-11-04,9.4,9.86,9.31,9.31,0.01,+0.11%,42600
SEED,2022-11-07,9.26,9.3591,9.1001,9.14,-0.17,-1.83%,11800
SEED,2022-11-08,9.26,9.3776,8.81,9,-0.14,-1.53%,36700
SEED,2022-11-09,8.88,9.19,8.8,8.93,-0.07,-0.78%,11500
SEED,2022-11-10,9.29,9.48,9.05,9.14,0.21,+2.35%,26500
SEED,2022-11-11,9.21,9.4999,9.15,9.21,0.07,+0.77%,17300
SEED,2022-11-14,9.35,9.69,9.07,9.22,0.01,+0.11%,20800
SEED,2022-11-15,9.62,10.1,9.3968,9.91,0.69,+7.48%,43700
SEED,2022-11-16,10.06,10.48,9.92,10.16,0.25,+2.52%,36100
SEED,2022-11-17,10.14,10.19,9.895,10.15,-0.01,-0.10%,10400
SEED,2022-11-18,10.24,10.4,10.0231,10.05,-0.1,-0.99%,16900
SEED,2022-11-21,10.14,10.14,9.1883,9.79,-0.26,-2.59%,51700
SEED,2022-11-22,9.94,9.94,9.6416,9.8,0.01,+0.10%,9600
SEED,2022-11-23,9.92,9.93,9.4926,9.71,-0.09,-0.92%,10100
SEED,2022-11-25,9.63,9.79,9.45,9.5638,-0.1462,-1.51%,9100
SEED,2022-11-28,9.5,10.2,9.5,10.19,0.6262,+6.55%,23800
SEED,2022-11-29,10.01,10.1565,9.6701,9.87,-0.32,-3.14%,15100
SEED,2022-11-30,9.78,10.8,9.7,10.56,0.69,+6.99%,33000
SEED,2022-12-01,10.24,10.5284,10.0501,10.2,-0.36,-3.41%,22900
SEED,2022-12-02,10.2,10.5758,10.2,10.36,0.16,+1.57%,28100
SEED,2022-12-05,10.36,10.3625,9.9101,10.21,-0.15,-1.45%,14100
SEED,2022-12-06,10.08,10.24,9.551,10.24,0.03,+0.29%,13300
SEED,2022-12-07,10.21,10.24,9.9967,10,-0.24,-2.34%,6000
SEED,2022-12-08,10.18,10.47,10.13,10.43,0.43,+4.30%,12200
SEED,2022-12-09,10.27,10.71,10.1455,10.54,0.11,+1.05%,36700
SEED,2022-12-12,10.15,10.15,9.755,9.98,-0.56,-5.31%,26400
SEED,2022-12-13,10.204,10.2992,9.7701,9.79,-0.19,-1.90%,11300
SEED,2022-12-14,9.77,10.0661,9.61,9.69,-0.1,-1.02%,13600
SEED,2022-12-15,9.64,9.7263,8.51,8.51,-1.18,-12.18%,36700
SEED,2022-12-16,8.55,8.75,7.38,7.38,-1.13,-13.28%,70400
SEED,2022-12-19,7.65,7.9,7.12,7.14,-0.24,-3.25%,51300
SEED,2022-12-20,7.14,7.85,7.1,7.28,0.14,+1.96%,38500
SEED,2022-12-21,7.26,7.291,6.8,6.83,-0.45,-6.18%,37500
SEED,2022-12-22,6.83,6.93,6.01,6.05,-0.78,-11.42%,84400
SEED,2022-12-23,6.06,6.783,6.06,6.77,0.72,+11.90%,67000
SEED,2022-12-27,6.57,7.2,6.57,7.17,0.4,+5.91%,83000
SEED,2022-12-28,7.16,7.85,7.15,7.36,0.19,+2.65%,82100
SEED,2022-12-29,7.37,7.54,6.91,7.07,-0.29,-3.94%,27000
SEED,2022-12-30,6.91,6.9747,6.72,6.95,-0.12,-1.70%,32600
SEED,2023-01-03,7.11,7.2216,6.75,6.79,-0.16,-2.30%,19500
SEED,2023-01-04,6.8,7.74,6.75,7.51,0.72,+10.60%,56600
SEED,2023-01-05,7.54,7.77,7.2801,7.71,0.2,+2.66%,10700
SEED,2023-01-06,7.7,7.7,7.2201,7.34,-0.37,-4.80%,17500
SEED,2023-01-09,7.32,7.75,7.31,7.58,0.24,+3.27%,31400
SEED,2023-01-10,7.64,9.1899,7.58,8.85,1.27,+16.75%,126400
SEED,2023-01-11,8.8,9.12,8.7978,9.12,0.27,+3.05%,25900
SEED,2023-01-12,9.06,9.29,8.8926,9.29,0.17,+1.86%,25400
SEED,2023-01-13,9.06,9.69,9.06,9.61,0.32,+3.44%,79000
SEED,2023-01-17,9.64,10.2708,9.6,9.92,0.31,+3.23%,72900
SEED,2023-01-18,10.05,10.66,9.93,10.38,0.46,+4.64%,92600
SEED,2023-01-19,10.5553,10.5553,9.73,9.78,-0.6,-5.78%,41800
SEED,2023-01-20,9.93,9.96,9.5,9.5896,-0.1904,-1.95%,31700
SEED,2023-01-23,9.5,9.79,9.05,9.1,-0.4896,-5.11%,55900
SEED,2023-01-24,9.01,9.3799,9.01,9.05,-0.05,-0.55%,16900
SEED,2023-01-25,9,9.38,8.89,9.37,0.32,+3.54%,11900
SEED,2023-01-26,9.56,9.63,9.1101,9.17,-0.2,-2.13%,11500
SEED,2023-01-27,9.2,9.3275,8.62,8.68,-0.49,-5.34%,51500
SEED,2023-01-30,8.55,9.3872,8.24,8.496,-0.184,-2.12%,63400
SEED,2023-01-31,8.37,8.885,8.37,8.885,0.389,+4.58%,12900
SEED,2023-02-01,9.1999,9.3,8.8101,9.3,0.415,+4.67%,49000
SEED,2023-02-02,9.3699,9.68,9.3,9.4302,0.1302,+1.40%,25200
SEED,2023-02-03,9.58,9.58,8.79,8.79,-0.6402,-6.79%,45000
SEED,2023-02-06,8.61,9.484,8.61,9.445,0.655,+7.45%,15200
SEED,2023-02-07,9.59,9.59,9.08,9.15,-0.295,-3.12%,24000
SEED,2023-02-08,9.5,9.5,8.85,8.85,-0.3,-3.28%,7000
SEED,2023-02-09,8.88,9.1668,8.76,8.97,0.12,+1.36%,24300
SEED,2023-02-10,8.85,9.0417,8.7001,8.8,-0.17,-1.90%,15000
SEED,2023-02-13,9.04,9.75,9.01,9.505,0.705,+8.01%,67100
SEED,2023-02-14,9.4,9.4,8.74,8.8311,-0.6739,-7.09%,50200
SEED,2023-02-15,8.83,8.8999,8.62,8.79,-0.0411,-0.47%,18100
SEED,2023-02-16,8.92,9.3,8.86,9.13,0.34,+3.87%,111400
SEED,2023-02-17,9.28,9.61,9,9.4793,0.3493,+3.83%,94700
SEED,2023-02-21,9.2,9.3699,8.72,9.29,-0.1893,-2.00%,26200
SEED,2023-02-22,8.78,9.03,8.68,8.72,-0.57,-6.14%,41800
SEED,2023-02-23,8.72,8.94,8.3645,8.47,-0.25,-2.87%,48100
SEED,2023-02-24,8.3,8.5248,7.9087,8.05,-0.42,-4.96%,79900
SEED,2023-02-27,8.19,8.19,7.1,7.1,-0.95,-11.80%,129300
SEED,2023-02-28,7.18,7.18,6.61,6.76,-0.34,-4.79%,113400
SEED,2023-03-01,6.81,7,6.505,6.58,-0.18,-2.66%,29200
SEED,2023-03-02,6.64,7.39,6.64,7.25,0.67,+10.18%,69900
SEED,2023-03-03,7.18,7.28,7.04,7.27,0.02,+0.28%,13500
SEED,2023-03-06,7.2,7.26,7.1,7.12,-0.15,-2.06%,9300
SEED,2023-03-07,7.18,7.18,7,7,-0.12,-1.69%,10000
SEED,2023-03-08,7.1,7.2347,6.94,7.17,0.17,+2.43%,6700
SEED,2023-03-09,7.18,7.47,6.935,7.17,0,0.00%,17200
SEED,2023-03-10,7.1365,7.1365,6.61,6.6907,-0.4793,-6.68%,43600
SEED,2023-03-13,6.75,7.09,6.7,7.09,0.3993,+5.97%,12900
SEED,2023-03-14,7.1,7.1,6.32,6.39,-0.7,-9.87%,86700
SEED,2023-03-15,6.3312,6.47,6.3131,6.35,-0.04,-0.63%,17600
SEED,2023-03-16,6.31,6.4683,6.2,6.2,-0.15,-2.36%,13500
SEED,2023-03-17,6.32,6.64,5.8,6.64,0.44,+7.10%,136300
SEED,2023-03-20,6.69,6.7281,6.43,6.64,0,0.00%,13800
SEED,2023-03-21,6.62,7,6.62,6.97,0.33,+4.97%,21800
SEED,2023-03-22,6.95,6.95,6.5179,6.55,-0.42,-6.03%,10700
SEED,2023-03-23,6.5,6.52,6.1301,6.38,-0.17,-2.60%,14300
SEED,2023-03-24,6.4,6.4,6.1814,6.23,-0.15,-2.35%,11400
SEED,2023-03-27,6.21,6.35,6.07,6.34,0.11,+1.77%,12200
SEED,2023-03-28,6.2726,6.3301,6.1451,6.21,-0.13,-2.05%,10500
SEED,2023-03-29,6.37,6.37,6.03,6.28,0.07,+1.13%,30200
SEED,2023-03-30,6.31,6.37,6.1877,6.34,0.06,+0.96%,9600
SEED,2023-03-31,6.28,6.37,5.89,5.9799,-0.3601,-5.68%,35000
SEED,2023-04-03,5.97,6,5.58,5.67,-0.3099,-5.18%,35700
SEED,2023-04-04,5.6,6.23,5.6,5.94,0.27,+4.76%,33300
SEED,2023-04-05,5.91,6.04,5.87,6.03,0.09,+1.52%,12500
SEED,2023-04-06,6.01,6.01,5.87,5.87,-0.16,-2.65%,10700
SEED,2023-04-10,5.87,5.89,5.6,5.61,-0.26,-4.43%,35000
SEED,2023-04-11,5.97,6,5.68,5.78,0.17,+3.03%,32200
SEED,2023-04-12,5.85,5.85,5.6,5.68,-0.1,-1.73%,18700
SEED,2023-04-13,5.82,6,5.7,5.98,0.3,+5.28%,10900
SEED,2023-04-14,5.83,6.18,5.83,6.18,0.2,+3.34%,24600
SEED,2023-04-17,6.31,7.14,6.31,7,0.82,+13.27%,93100
SEED,2023-04-18,6.92,7.18,6.8,6.96,-0.04,-0.57%,17200
SEED,2023-04-19,6.95,6.95,6.7001,6.925,-0.035,-0.50%,10800
SEED,2023-04-20,6.92,6.92,6.42,6.6,-0.325,-4.69%,24100
SEED,2023-04-21,6.46,6.6259,6.41,6.41,-0.19,-2.88%,17600
SEED,2023-04-24,6.5,6.94,6.35,6.53,0.12,+1.87%,25400
SEED,2023-04-25,6.53,6.76,6.4605,6.6,0.07,+1.07%,23000
SEED,2023-04-26,6.96,6.96,6.21,6.3,-0.3,-4.55%,17700
SEED,2023-04-27,6.31,6.43,6.29,6.41,0.11,+1.75%,4600
SEED,2023-04-28,6.5027,6.6399,6.3901,6.5,0.09,+1.40%,8300
SEED,2023-05-01,6.74,6.77,6.4,6.49,-0.01,-0.15%,18500
SEED,2023-05-02,6.49,6.72,6.3001,6.47,-0.02,-0.31%,13400
SEED,2023-05-03,6.36,6.5205,6.2433,6.34,-0.13,-2.01%,10100
SEED,2023-05-04,6.49,6.6726,6.11,6.16,-0.18,-2.84%,17600
SEED,2023-05-05,6.3,6.3366,6.1,6.165,0.005,+0.08%,24500
SEED,2023-05-08,6.5,6.5,6.07,6.23,0.065,+1.05%,8800
SEED,2023-05-09,6.18,6.31,6.14,6.16,-0.07,-1.12%,3500
SEED,2023-05-10,6.2,6.2027,6.14,6.16,0,0.00%,3700
SEED,2023-05-11,6.33,6.3826,6.09,6.09,-0.07,-1.14%,3400
SEED,2023-05-12,6.12,6.25,6.05,6.25,0.16,+2.63%,6300
SEED,2023-05-15,6.27,6.321,6.0601,6.28,0.03,+0.48%,5200
SEED,2023-05-16,6.16,6.22,5.91,5.92,-0.36,-5.73%,11500
SEED,2023-05-17,6.02,6.02,5.83,5.93,0.01,+0.17%,8600
SEED,2023-05-18,5.94,6.099,5.94,6.015,0.085,+1.43%,22300
SEED,2023-05-19,6.08,6.19,5.87,5.88,-0.135,-2.24%,16000
SEED,2023-05-22,5.85,6.15,5.85,5.88,0,0.00%,13400
SEED,2023-05-23,6.0971,6.0971,5.8201,5.83,-0.05,-0.85%,14700
SEED,2023-05-24,5.83,5.83,5.5809,5.62,-0.21,-3.60%,16700
SEED,2023-05-25,5.45,5.568,5.23,5.35,-0.27,-4.80%,19000
SEED,2023-05-26,5.52,5.52,5.22,5.3397,-0.0103,-0.19%,26700
SEED,2023-05-30,5.35,5.59,5.12,5.25,-0.0897,-1.68%,17300
SEED,2023-05-31,5.4,5.4,4.72,4.72,-0.53,-10.10%,33900
SEED,2023-06-01,4.7,5.05,4.7,4.92,0.2,+4.24%,25700
SEED,2023-06-02,4.95,5.17,4.9,5.16,0.24,+4.88%,30400
SEED,2023-06-05,5.03,5.27,4.85,4.92,-0.24,-4.65%,21500
SEED,2023-06-06,4.66,5.115,4.64,5.02,0.1,+2.03%,9000
SEED,2023-06-07,5.16,5.5962,5.03,5.29,0.27,+5.38%,20300
SEED,2023-06-08,5.39,5.4044,5.29,5.35,0.06,+1.13%,6100
SEED,2023-06-09,5.468,5.7745,5.3094,5.35,0,0.00%,17700
SEED,2023-06-12,5.4941,5.4999,5.16,5.33,-0.02,-0.37%,34500
SEED,2023-06-13,5.37,5.4381,5.16,5.17,-0.16,-3.00%,15800
SEED,2023-06-14,5.17,5.31,4.81,4.81,-0.36,-6.96%,25700
SEED,2023-06-15,4.9748,5.055,4.771,4.83,0.02,+0.42%,34700
SEED,2023-06-16,4.84,5.2099,3.96,3.96,-0.87,-18.01%,185400
SEED,2023-06-20,4.55,4.55,4.11,4.12,0.16,+4.04%,45300
SEED,2023-06-21,4.18,4.19,3.86,4,-0.12,-2.91%,43900
SEED,2023-06-22,4.055,4.055,3.785,3.81,-0.19,-4.75%,68500
SEED,2023-06-23,3.79,4.19,3.79,4.1,0.29,+7.61%,166100
SEED,2023-06-26,4.01,4.1745,3.85,3.85,-0.25,-6.10%,38300
SEED,2023-06-27,3.9,4.0699,3.9,4.06,0.21,+5.45%,38500
SEED,2023-06-28,4,4.19,3.95,4.0501,-0.0099,-0.24%,52600
SEED,2023-06-29,4.07,4.19,4.05,4.09,0.0399,+0.99%,19500
SEED,2023-06-30,4.05,4.12,4.05,4.12,0.03,+0.73%,19600
SEED,2023-07-03,4.072,4.175,4,4.095,-0.025,-0.61%,71400
SEED,2023-07-05,4.15,4.2,4.11,4.15,0.055,+1.34%,16300
SEED,2023-07-06,4.12,4.165,4.05,4.12,-0.03,-0.72%,22900
SEED,2023-07-07,4.16,4.19,4.02,4.12,0,0.00%,24100
SEED,2023-07-10,4.08,4.275,4.08,4.12,0,0.00%,33500
SEED,2023-07-11,4.215,4.2699,3.96,3.99,-0.13,-3.16%,53500
SEED,2023-07-12,4.15,4.3,4.1,4.175,0.185,+4.64%,117200
SEED,2023-07-13,4.15,4.43,4.05,4.39,0.215,+5.15%,68500
SEED,2023-07-14,4.39,4.72,4.36,4.56,0.17,+3.87%,51300
SEED,2023-07-17,4.48,4.6293,4.48,4.5,-0.06,-1.32%,16900
SEED,2023-07-18,4.44,4.5499,4.19,4.35,-0.15,-3.33%,55800
SEED,2023-07-19,4.4,4.6199,4.15,4.21,-0.14,-3.22%,118400
SEED,2023-07-20,4.17,4.3261,4.09,4.2,-0.01,-0.24%,23400
SEED,2023-07-21,4.21,4.29,3.98,4.03,-0.17,-4.05%,66000
SEED,2023-07-24,4.03,4.12,3.79,3.9,-0.13,-3.23%,74500
SEED,2023-07-25,3.82,3.97,3.8079,3.93,0.03,+0.77%,18600
SEED,2023-07-26,3.97,4.0494,3.9348,4,0.07,+1.78%,6900
SEED,2023-07-27,3.96,4.1463,3.88,3.88,-0.12,-3.00%,17100
SEED,2023-07-28,3.81,3.99,3.81,3.99,0.11,+2.84%,12100
SEED,2023-07-31,4.25,4.25,3.8,3.95,-0.04,-1.00%,78700
SEED,2023-08-01,3.85,3.9499,3.53,3.56,-0.39,-9.87%,114100
SEED,2023-08-02,3.65,3.82,3.58,3.64,0.08,+2.25%,29400
SEED,2023-08-03,3.58,3.69,3.58,3.64,0,0.00%,5700
SEED,2023-08-04,3.61,3.67,3.41,3.56,-0.08,-2.20%,23300
SEED,2023-08-07,3.56,3.7617,3.4203,3.59,0.03,+0.84%,99500
SEED,2023-08-08,3.5391,3.5391,3.175,3.42,-0.17,-4.74%,73900
SEED,2023-08-09,3.5,3.51,3.35,3.37,-0.05,-1.46%,42500
SEED,2023-08-10,3.36,3.49,3.25,3.28,-0.09,-2.67%,14600
SEED,2023-08-11,3.23,3.44,3.1,3.25,-0.03,-0.91%,74300
SEED,2023-08-14,3.29,3.29,3.2,3.29,0.04,+1.23%,5900
SEED,2023-08-15,3.23,3.24,3.1,3.18,-0.11,-3.34%,18800
SEED,2023-08-16,3.13,3.4899,3.13,3.24,0.06,+1.89%,41500
SEED,2023-08-17,3.16,3.4,2.83,2.9,-0.34,-10.49%,86000
SEED,2023-08-18,2.81,3.02,2.81,3.01,0.11,+3.79%,25700
SEED,2023-08-21,2.92,3.125,2.8682,3.05,0.04,+1.33%,37200
SEED,2023-08-22,3.02,3.1,3,3.1,0.05,+1.64%,9200
SEED,2023-08-23,3.1,3.1738,3.0388,3.07,-0.03,-0.97%,18300
SEED,2023-08-24,3.07,3.5099,2.9,3.26,0.19,+6.19%,36700
SEED,2023-08-25,3.3,3.74,3.3,3.69,0.43,+13.19%,57600
SEED,2023-08-28,3.77,3.77,3.4001,3.53,-0.16,-4.34%,36100
SEED,2023-08-29,3.47,3.6,3.45,3.57,0.04,+1.13%,23500
SEED,2023-08-30,3.48,3.64,3.4301,3.46,-0.11,-3.08%,13300
SEED,2023-08-31,3.4,3.6,3.3935,3.56,0.1,+2.89%,21700
SEED,2023-09-01,3.6,3.78,3.41,3.73,0.17,+4.78%,66200
SEED,2023-09-05,3.71,3.79,3.55,3.77,0.04,+1.07%,26700
SEED,2023-09-06,3.89,3.98,3.6001,3.76,-0.01,-0.27%,32700
SEED,2023-09-07,4.02,4.03,3.6995,3.91,0.15,+3.99%,15700
SEED,2023-09-08,3.94,3.94,3.77,3.86,-0.05,-1.28%,9200
SEED,2023-09-11,3.79,3.9199,3.79,3.82,-0.04,-1.04%,8600
SEED,2023-09-12,3.82,3.92,3.78,3.78,-0.04,-1.05%,4300
SEED,2023-09-13,3.7437,3.78,3.6899,3.78,0,0.00%,7700
SEED,2023-09-14,3.81,3.96,3.7156,3.91,0.13,+3.44%,14100
SEED,2023-09-15,3.94,4.03,3.8012,3.92,0.01,+0.26%,16100
SEED,2023-09-18,3.9225,3.97,3.7713,3.87,-0.05,-1.28%,8600
SEED,2023-09-19,3.83,4.01,3.83,4.01,0.14,+3.62%,4000
SEED,2023-09-20,3.8,3.98,3.8,3.82,-0.19,-4.74%,40500
SEED,2023-09-21,3.81,3.81,3.51,3.62,-0.2,-5.24%,26000
SEED,2023-09-22,3.7,3.79,3.46,3.74,0.12,+3.31%,14500
SEED,2023-09-25,3.8981,3.8981,3.55,3.8,0.06,+1.60%,9700
SEED,2023-09-26,3.78,3.78,3.57,3.69,-0.11,-2.89%,24900
SEED,2023-09-27,3.72,3.7526,3.6,3.665,-0.025,-0.68%,12300
SEED,2023-09-28,3.66,3.75,3.25,3.48,-0.185,-5.05%,52300
SEED,2023-09-29,3.4,3.61,3.25,3.31,-0.17,-4.89%,14000
SEED,2023-10-02,3.23,3.26,3.0455,3.08,-0.23,-6.95%,22100
SEED,2023-10-03,3.05,3.2,3.041,3.1128,0.0328,+1.06%,1500
SEED,2023-10-04,3.08,3.13,2.99,3.04,-0.0728,-2.34%,8300
SEED,2023-10-05,2.96,3.218,2.96,3.21,0.17,+5.59%,18700
SEED,2023-10-06,3.24,3.29,3.13,3.1899,-0.0201,-0.63%,13700
SEED,2023-10-09,3.22,3.4,3.0438,3.13,-0.0599,-1.88%,11000
SEED,2023-10-10,3.0501,3.13,3.0328,3.11,-0.02,-0.64%,12200
SEED,2023-10-11,3.18,3.3,3.0501,3.18,0.07,+2.25%,4700
SEED,2023-10-12,3.15,3.1699,2.925,3.04,-0.14,-4.40%,20700
SEED,2023-10-13,3.04,3.203,2.8001,3.06,0.02,+0.66%,25900
SEED,2023-10-16,3.055,3.18,2.9579,3.01,-0.05,-1.63%,11900
SEED,2023-10-17,2.91,3.002,2.71,2.91,-0.1,-3.32%,37500
SEED,2023-10-18,2.94,2.9468,2.8001,2.93,0.02,+0.69%,9000
SEED,2023-10-19,2.9,2.9,2.4701,2.73,-0.2,-6.83%,89500
SEED,2023-10-20,2.72,2.87,2.5124,2.6501,-0.0799,-2.93%,9800
SEED,2023-10-23,2.6,2.67,2.4,2.61,-0.0401,-1.51%,33700
SEED,2023-10-24,2.5,2.7,2.48,2.49,-0.12,-4.60%,15100
SEED,2023-10-25,2.49,2.66,2.49,2.54,0.05,+2.01%,10800
SEED,2023-10-26,2.47,2.59,2.47,2.52,-0.02,-0.79%,6000
SEED,2023-10-27,2.6,2.67,2.53,2.62,0.1,+3.97%,7500
SEED,2023-10-30,2.56,2.67,2.4571,2.53,-0.09,-3.44%,13500
SEED,2023-10-31,2.52,2.8499,2.5059,2.69,0.16,+6.32%,23000
SEED,2023-11-01,2.58,2.8299,2.56,2.73,0.04,+1.49%,4500
SEED,2023-11-02,2.73,2.85,2.65,2.79,0.06,+2.20%,6500
SEED,2023-11-03,2.74,2.87,2.65,2.76,-0.03,-1.08%,7000
SEED,2023-11-06,2.69,2.79,2.6,2.6244,-0.1356,-4.91%,15400
SEED,2023-11-07,2.52,2.75,2.52,2.68,0.0556,+2.12%,7600
SEED,2023-11-08,2.52,2.6899,2.4199,2.47,-0.21,-7.84%,28700
SEED,2023-11-09,2.5,2.68,2.47,2.59,0.12,+4.86%,6400
SEED,2023-11-10,2.51,2.56,2.3599,2.45,-0.14,-5.41%,13900
SEED,2023-11-13,2.39,2.45,2.28,2.3,-0.15,-6.12%,30500
SEED,2023-11-14,2.2,2.3233,1.625,1.91,-0.39,-16.96%,161900
SEED,2023-11-15,1.91,2.13,1.91,2.1,0.19,+9.95%,24600
SEED,2023-11-16,1.99,2.157,1.98,2,-0.1,-4.76%,24800
SEED,2023-11-17,2.18,2.37,1.9801,2.2299,0.2299,+11.50%,23200
SEED,2023-11-20,2.32,2.8999,2.27,2.55,0.3201,+14.35%,96600
SEED,2023-11-21,2.7399,2.9,2.6201,2.715,0.165,+6.47%,46300
SEED,2023-11-22,2.64,2.78,2.52,2.5395,-0.1755,-6.46%,14300
SEED,2023-11-24,2.5,2.6065,2.5,2.6065,0.067,+2.64%,400
SEED,2023-11-27,2.45,2.51,2.2362,2.282,-0.3245,-12.45%,20300
SEED,2023-11-28,2.32,2.45,2.2,2.32,0.038,+1.67%,20300
SEED,2023-11-29,2.32,2.5485,2.13,2.4,0.08,+3.45%,49300
SEED,2023-11-30,2.27,2.49,2,2,-0.4,-16.67%,69300
SEED,2023-12-01,2.1,2.18,2.02,2.0897,0.0897,+4.49%,18300
SEED,2023-12-04,2.01,2.09,1.98,1.9945,-0.0952,-4.56%,24200
SEED,2023-12-05,1.97,2.1,1.85,2.01,0.0155,+0.78%,18800
SEED,2023-12-06,2.11,2.11,1.97,2.04,0.03,+1.49%,29900
SEED,2023-12-07,1.98,2.04,1.85,2.02,-0.02,-0.98%,37200
SEED,2023-12-08,1.96,2.0314,1.85,1.9,-0.12,-5.94%,33800
SEED,2023-12-11,1.87,1.99,1.78,1.816,-0.084,-4.42%,46800
SEED,2023-12-12,1.84,1.9,1.7524,1.86,0.044,+2.42%,22700
SEED,2023-12-13,1.82,1.98,1.65,1.8,-0.06,-3.23%,34800
SEED,2023-12-14,1.92,1.94,1.81,1.84,0.04,+2.22%,12100
SEED,2023-12-15,1.84,1.89,1.7575,1.87,0.03,+1.63%,6400
SEED,2023-12-18,1.8821,1.8998,1.77,1.82,-0.05,-2.67%,17400
SEED,2023-12-19,1.82,1.89,1.705,1.83,0.01,+0.55%,21000
SEED,2023-12-20,1.85,1.85,1.7,1.78,-0.05,-2.73%,15000
SEED,2023-12-21,1.84,1.8499,1.7164,1.8,0.02,+1.12%,12000
SEED,2023-12-22,1.79,1.895,1.67,1.89,0.09,+5.00%,15900
SEED,2023-12-26,1.87,1.99,1.7601,1.95,0.06,+3.17%,33800
SEED,2023-12-27,1.8654,2.28,1.8654,2.27,0.32,+16.41%,51500
SEED,2023-12-28,2.35,2.575,2.29,2.5139,0.2439,+10.74%,270000
SEED,2023-12-29,2.73,2.73,2.2,2.25,-0.2639,-10.50%,141900
SEED,2024-01-02,2.25,2.25,2.08,2.15,-0.1,-4.44%,21300
SEED,2024-01-03,2.07,2.31,2.0419,2.215,0.065,+3.02%,49800
SEED,2024-01-04,2.25,2.2501,1.97,2.05,-0.165,-7.45%,42000
SEED,2024-01-05,2,2.15,1.9801,2.02,-0.03,-1.46%,11600
SEED,2024-01-08,2.01,2.1,1.96,2.02,0,0.00%,20400
SEED,2024-01-09,2.08,2.1,1.98,2.1,0.08,+3.96%,19100
SEED,2024-01-10,2.12,2.15,1.9001,2.13,0.03,+1.43%,64300
SEED,2024-01-11,2.2,2.2,1.93,2,-0.13,-6.10%,15100
SEED,2024-01-12,2.13,2.15,1.9,2.14,0.14,+7.00%,64800
SEED,2024-01-16,2.2,2.2,2.0007,2.14,0,0.00%,33700
SEED,2024-01-17,2.04,2.15,2.04,2.1,-0.04,-1.87%,14700
SEED,2024-01-18,1.94,2.1,1.94,2,-0.1,-4.76%,25700
SEED,2024-01-19,1.94,2,1.65,1.65,-0.35,-17.50%,69000
SEED,2024-01-22,1.61,1.7,1.37,1.52,-0.13,-7.88%,142200
SEED,2024-01-23,1.52,1.56,1.5,1.55,0.03,+1.97%,28800
SEED,2024-01-24,1.62,1.77,1.58,1.72,0.17,+10.97%,27900
SEED,2024-01-25,1.75,1.7735,1.615,1.69,-0.03,-1.74%,30400
SEED,2024-01-26,1.61,1.72,1.6001,1.72,0.03,+1.78%,7800
SEED,2024-01-29,1.8,1.8171,1.625,1.625,-0.095,-5.52%,14300
SEED,2024-01-30,1.58,1.694,1.52,1.56,-0.065,-4.00%,20600
SEED,2024-01-31,1.63,1.7981,1.63,1.69,0.13,+8.33%,21400
SEED,2024-02-01,1.8199,1.8199,1.65,1.7094,0.0194,+1.15%,20900
SEED,2024-02-02,1.73,1.73,1.53,1.58,-0.1294,-7.57%,9900
SEED,2024-02-05,1.52,1.66,1.52,1.65,0.07,+4.43%,21300
SEED,2024-02-06,1.7,2.03,1.65,1.81,0.16,+9.70%,75700
SEED,2024-02-07,1.87,1.99,1.7001,1.86,0.05,+2.76%,30600
SEED,2024-02-08,1.81,1.99,1.81,1.98,0.12,+6.45%,10900
SEED,2024-02-09,1.99,2.02,1.89,1.98,0,0.00%,14000
SEED,2024-02-12,2.02,2.1,1.975,2.075,0.095,+4.80%,15400
SEED,2024-02-13,2.05,2.2299,1.985,2.2,0.125,+6.02%,26400
SEED,2024-02-14,2.12,2.4,2.0502,2.301,0.101,+4.59%,52500
SEED,2024-02-15,2.39,2.4399,2.3591,2.43,0.129,+5.61%,20600
SEED,2024-02-16,2.44,2.6665,2.35,2.57,0.14,+5.76%,44400
SEED,2024-02-20,2.7,2.7099,2.3001,2.3001,-0.2699,-10.50%,60300
SEED,2024-02-21,3.2,4.5758,2.71,3.78,1.4799,+64.34%,16616500
SEED,2024-02-22,3.33,4.09,2.87,3.34,-0.44,-11.64%,739900
SEED,2024-02-23,3.41,3.59,3.1,3.1,-0.24,-7.19%,186800
SEED,2024-02-26,3.15,3.2,2.7,2.93,-0.17,-5.48%,184200
SEED,2024-02-27,2.93,3.225,2.8101,3.14,0.21,+7.17%,133600
SEED,2024-02-28,3.04,3.15,2.78,2.81,-0.33,-10.51%,61500
SEED,2024-02-29,2.77,3,2.77,2.82,0.01,+0.36%,34100
SEED,2024-03-01,2.78,2.8703,2.59,2.69,-0.13,-4.61%,81200
SEED,2024-03-04,2.65,2.93,2.55,2.89,0.2,+7.43%,100900
SEED,2024-03-05,2.8508,2.8899,2.6601,2.76,-0.13,-4.50%,57100
SEED,2024-03-06,2.73,2.89,2.68,2.76,0,0.00%,17600
SEED,2024-03-07,2.76,2.8724,2.67,2.73,-0.03,-1.09%,23100
SEED,2024-03-08,2.83,3.1,2.702,3.04,0.31,+11.36%,126001
SEED,2024-03-11,3.14,3.25,3.01,3.1,0.06,+1.97%,50000
SEED,2024-03-12,3.17,3.18,3.0188,3.04,-0.06,-1.94%,26200
SEED,2024-03-13,3.11,3.1588,2.81,3.01,-0.03,-0.99%,50900
SEED,2024-03-14,2.95,3.15,2.9101,3.07,0.06,+1.99%,57400
SEED,2024-03-15,3.07,3.2299,2.92,2.93,-0.14,-4.56%,43400
SEED,2024-03-18,2.91,3.21,2.9,3.19,0.26,+8.87%,47500
SEED,2024-03-19,3.15,3.2673,3.0122,3.24,0.05,+1.57%,43400
SEED,2024-03-20,3.25,3.68,3.2202,3.48,0.24,+7.41%,90300
SEED,2024-03-21,3.58,3.58,3.37,3.5,0.02,+0.57%,48400
SEED,2024-03-22,3.44,3.68,3.4008,3.62,0.12,+3.43%,37800
SEED,2024-03-25,3.65,4.19,3.6,3.99,0.37,+10.22%,149600
SEED,2024-03-26,4.07,4.15,3.71,3.92,-0.07,-1.75%,84700
SEED,2024-03-27,3.96,3.9981,3.73,3.98,0.06,+1.53%,53700
SEED,2024-03-28,3.99,4.07,3.87,4.04,0.06,+1.51%,49800
SEED,2024-04-01,4.05,4.05,3.83,3.85,-0.19,-4.70%,23400
SEED,2024-04-02,3.86,3.9387,3.7074,3.75,-0.1,-2.60%,27000
SEED,2024-04-03,3.7,3.899,3.7,3.86,0.11,+2.93%,8700
SEED,2024-04-04,3.86,3.9099,2.98,3.4,-0.46,-11.92%,129600
SEED,2024-04-05,3.33,3.33,3.14,3.25,-0.15,-4.41%,33600
SEED,2024-04-08,3.32,3.39,3.25,3.38,0.13,+4.00%,15700
SEED,2024-04-09,3.44,3.5662,3.2801,3.41,0.03,+0.89%,15900
SEED,2024-04-10,3.51,3.52,3.38,3.42,0.01,+0.29%,12600
SEED,2024-04-11,3.38,3.522,3.3001,3.43,0.01,+0.29%,14600
SEED,2024-04-12,3.25,3.4774,3.22,3.3,-0.13,-3.79%,17000
SEED,2024-04-15,3.3899,3.3899,3.2,3.29,-0.01,-0.30%,13600
SEED,2024-04-16,3.4,3.4965,3.14,3.155,-0.135,-4.10%,20200
SEED,2024-04-17,3.342,3.342,3.12,3.26,0.105,+3.33%,14200
SEED,2024-04-18,3.21,3.28,3.1001,3.167,-0.093,-2.85%,11600
SEED,2024-04-19,3.16,3.3,3.1,3.18,0.013,+0.41%,13600
SEED,2024-04-22,3.27,3.47,3.2,3.46,0.28,+8.81%,21100
SEED,2024-04-23,3.45,3.4628,3.2566,3.27,-0.19,-5.49%,7700
SEED,2024-04-24,3.3537,3.55,3.1744,3.54,0.27,+8.26%,16800
SEED,2024-04-25,3.53,3.53,3.28,3.28,-0.26,-7.34%,15400
SEED,2024-04-26,3.21,3.5499,3.15,3.34,0.06,+1.83%,24100
SEED,2024-04-29,3.36,3.36,3.1103,3.16,-0.18,-5.39%,14200
SEED,2024-04-30,3.22,3.3183,3.15,3.31,0.15,+4.75%,3400
SEED,2024-05-01,3.31,3.34,3.1101,3.2535,-0.0565,-1.71%,12300
SEED,2024-05-02,3.33,3.3823,3.1,3.2,-0.0535,-1.64%,12400
SEED,2024-05-03,3.3982,3.3982,3.2275,3.36,0.16,+5.00%,13300
SEED,2024-05-06,3.4,3.536,3.29,3.44,0.08,+2.38%,35700
SEED,2024-05-07,3.5599,3.5599,3.31,3.425,-0.015,-0.44%,19900
SEED,2024-05-08,3.88,4.4308,3.75,4.34,0.915,+26.72%,388800
SEED,2024-05-09,4.6,6.06,4.6,5.005,0.665,+15.32%,458600
SEED,2024-05-10,5.16,5.33,4.4,4.8,-0.205,-4.10%,137900
SEED,2024-05-13,4.75,5.75,4.75,5.58,0.78,+16.25%,111800
SEED,2024-05-14,5.89,5.89,5.3,5.7,0.12,+2.15%,72500
SEED,2024-05-15,5.56,5.8,5.1115,5.45,-0.25,-4.39%,106100
SEED,2024-05-16,5.44,6.24,5.3301,6.17,0.72,+13.21%,198900
SEED,2024-05-17,6.24,6.38,5.62,5.95,-0.22,-3.57%,97700
SEED,2024-05-20,5.73,6.2499,5.73,6.05,0.1,+1.68%,54600
SEED,2024-05-21,5.93,6.04,5.77,5.96,-0.09,-1.49%,48900
SEED,2024-05-22,5.98,6.179,5.78,5.94,-0.02,-0.34%,25400
SEED,2024-05-23,5.91,5.9799,5.072,5.22,-0.72,-12.12%,125200
SEED,2024-05-24,5.2,5.62,5.2,5.31,0.09,+1.72%,18600
SEED,2024-05-28,5.39,5.6499,5.06,5.24,-0.07,-1.32%,42800
SEED,2024-05-29,5.1,5.17,4.71,4.93,-0.31,-5.92%,69700
SEED,2024-05-30,4.83,5.25,4.83,5.04,0.11,+2.23%,46200
SEED,2024-05-31,4.96,5.3999,4.96,5.28,0.24,+4.76%,23300
SEED,2024-06-03,5.09,5.65,5.09,5.4,0.12,+2.27%,38300
SEED,2024-06-04,5.49,5.5,5.2,5.243,-0.157,-2.91%,18600
SEED,2024-06-05,5.21,5.43,5.13,5.31,0.067,+1.28%,13800
SEED,2024-06-06,5.44,5.44,5.2,5.36,0.05,+0.94%,16400
SEED,2024-06-07,5.3,5.3504,4.95,5.3294,-0.0306,-0.57%,51900
SEED,2024-06-10,5.19,5.5277,5.0801,5.279,-0.0504,-0.95%,7000
SEED,2024-06-11,5.18,5.275,5.0002,5.13,-0.149,-2.82%,21500
SEED,2024-06-12,5.18,5.5912,5.03,5.23,0.1,+1.95%,128600
SEED,2024-06-13,5.16,5.245,5.05,5.09,-0.14,-2.68%,17300
SEED,2024-06-14,5.15,5.1945,4.74,4.89,-0.2,-3.93%,25600
SEED,2024-06-17,5,5.1,4.8002,5.1,0.21,+4.29%,24500
SEED,2024-06-18,5,5.08,4.819,4.9899,-0.1101,-2.16%,32000
SEED,2024-06-20,4.9,4.99,4.7601,4.78,-0.2099,-4.21%,14900
SEED,2024-06-21,4.86,4.91,4.67,4.74,-0.04,-0.84%,44100
SEED,2024-06-24,4.72,4.97,4.6719,4.78,0.04,+0.84%,8200
SEED,2024-06-25,4.82,5.06,4.51,5.04,0.26,+5.44%,46800
SEED,2024-06-26,4.92,5.04,4.78,4.78,-0.26,-5.16%,12200
SEED,2024-06-27,4.85,4.92,4.76,4.855,0.075,+1.57%,11400
SEED,2024-06-28,4.92,4.92,4.69,4.8,-0.055,-1.13%,12400
SEED,2024-07-01,4.82,4.8599,4.64,4.66,-0.14,-2.92%,7900
SEED,2024-07-02,4.88,4.9499,4.705,4.74,0.08,+1.72%,5500
SEED,2024-07-03,4.84,4.99,4.71,4.71,-0.03,-0.63%,13200
SEED,2024-07-05,4.61,4.88,4.61,4.88,0.17,+3.61%,11600
SEED,2024-07-08,4.77,4.815,4.5,4.69,-0.19,-3.89%,20600
SEED,2024-07-09,4.6,4.863,4.55,4.61,-0.08,-1.71%,5700
SEED,2024-07-10,4.8,4.8,4.485,4.67,0.06,+1.30%,10500
SEED,2024-07-11,4.01,4.21,3.86,3.98,-0.69,-14.78%,169700
SEED,2024-07-12,4.11,4.11,3.3701,3.5,-0.48,-12.06%,68600
SEED,2024-07-15,3.41,3.85,3.41,3.7,0.2,+5.71%,65100
SEED,2024-07-16,3.83,3.83,3.56,3.64,-0.06,-1.62%,16800
SEED,2024-07-17,3.64,3.68,3.5301,3.62,-0.02,-0.55%,12200
SEED,2024-07-18,3.6,3.8229,3.55,3.79,0.17,+4.70%,14200
SEED,2024-07-19,3.72,3.78,3.4801,3.57,-0.22,-5.80%,13300
SEED,2024-07-22,3.7382,3.7382,3.5,3.65,0.08,+2.24%,19700
SEED,2024-07-23,3.57,3.57,3.33,3.37,-0.28,-7.67%,50500
SEED,2024-07-24,3.35,3.5799,3.1,3.14,-0.23,-6.82%,37500
SEED,2024-07-25,3.31,3.35,3.01,3.09,-0.05,-1.59%,35200
SEED,2024-07-26,3.2,3.225,3.01,3.09,0,0.00%,13700
SEED,2024-07-29,3.19,3.19,2.94,2.96,-0.13,-4.21%,29100
SEED,2024-07-30,3.04,3.08,2.78,2.85,-0.11,-3.72%,30800
SEED,2024-07-31,2.78,2.95,2.76,2.81,-0.04,-1.40%,44600
SEED,2024-08-01,2.81,2.9242,2.6584,2.78,-0.03,-1.07%,26800
SEED,2024-08-02,2.68,2.78,2.55,2.56,-0.22,-7.91%,15100
SEED,2024-08-05,2.55,2.68,2.36,2.5,-0.06,-2.34%,31400
SEED,2024-08-06,2.58,2.87,2.51,2.82,0.32,+12.80%,34600
SEED,2024-08-07,2.88,2.99,2.76,2.88,0.06,+2.13%,23600
SEED,2024-08-08,2.87,3.0927,2.71,2.71,-0.17,-5.90%,21400
SEED,2024-08-09,2.66,2.94,2.645,2.645,-0.065,-2.40%,33500
SEED,2024-08-12,2.59,2.64,2.41,2.41,-0.235,-8.88%,74200
SEED,2024-08-13,2.41,2.41,2.33,2.355,-0.055,-2.28%,19700
SEED,2024-08-14,2.44,2.5,2.3401,2.4,0.045,+1.91%,16200
SEED,2024-08-15,2.61,2.61,2.35,2.49,0.09,+3.75%,21900
SEED,2024-08-16,2.42,2.47,2.3,2.34,-0.15,-6.02%,35700
SEED,2024-08-19,2.34,2.49,2.3,2.32,-0.02,-0.85%,34400
SEED,2024-08-20,2.32,2.46,2.12,2.24,-0.08,-3.45%,42600
SEED,2024-08-21,2.32,2.46,2.2847,2.46,0.22,+9.82%,25000
SEED,2024-08-22,2.5,2.6199,2.37,2.37,-0.09,-3.66%,9200
SEED,2024-08-23,2.56,3.15,2.56,2.98,0.61,+25.74%,471100
SEED,2024-08-26,3.07,3.14,2.63,3.05,0.07,+2.35%,103300
SEED,2024-08-27,2.9,3,2.77,2.941,-0.109,-3.57%,103100
SEED,2024-08-28,2.89,2.89,2.7,2.77,-0.171,-5.81%,47900
SEED,2024-08-29,2.79,2.9925,2.58,2.7,-0.07,-2.53%,27800
SEED,2024-08-30,2.71,2.7989,2.63,2.64,-0.06,-2.22%,14100
SEED,2024-09-03,2.6,2.73,2.6,2.6,-0.04,-1.52%,31100
SEED,2024-09-04,2.63,2.67,2.6,2.63,0.03,+1.15%,10100
SEED,2024-09-05,2.6,2.6684,2.41,2.56,-0.07,-2.66%,49600
SEED,2024-09-06,2.52,2.6284,2.35,2.49,-0.07,-2.73%,26300
SEED,2024-09-09,2.56,2.56,2.4,2.41,-0.08,-3.21%,8200
SEED,2024-09-10,2.42,2.65,2.42,2.47,0.06,+2.49%,38000
SEED,2024-09-11,2.48,2.53,2.4,2.46,-0.01,-0.40%,15500
SEED,2024-09-12,2.47,2.73,2.46,2.57,0.11,+4.47%,29800
SEED,2024-09-13,2.55,2.595,2.47,2.49,-0.08,-3.11%,62200
SEED,2024-09-16,2.74,2.74,2.55,2.69,0.2,+8.03%,24900
SEED,2024-09-17,2.72,2.72,2.624,2.64,-0.05,-1.86%,17000
SEED,2024-09-18,2.598,2.7131,2.5617,2.63,-0.01,-0.38%,3400
SEED,2024-09-19,2.69,2.7,2.5801,2.7,0.07,+2.66%,11400
SEED,2024-09-20,2.65,2.8,2.65,2.721,0.021,+0.78%,8200
SEED,2024-09-23,2.78,2.8493,2.67,2.67,-0.051,-1.87%,19100
SEED,2024-09-24,2.73,2.73,2.53,2.69,0.02,+0.75%,33700
SEED,2024-09-25,2.65,3.04,2.65,3.03,0.34,+12.64%,33600
SEED,2024-09-26,3.05,3.2499,3.0402,3.06,0.03,+0.99%,29900
SEED,2024-09-27,3.2499,3.59,3.175,3.31,0.25,+8.17%,75400
SEED,2024-09-30,3.31,3.52,2.9336,3.04,-0.27,-8.16%,60700
SEED,2024-10-01,3.07,3.2299,2.85,3.22,0.18,+5.92%,59400
SEED,2024-10-02,3.22,3.2899,3.04,3.21,-0.01,-0.31%,35700
SEED,2024-10-03,3.18,3.24,3.0401,3.13,-0.08,-2.49%,12100
SEED,2024-10-04,3.23,3.23,3.07,3.09,-0.04,-1.28%,15700
SEED,2024-10-07,3.15,3.23,3.1101,3.21,0.12,+3.88%,52900
SEED,2024-10-08,3.08,3.1759,2.8201,2.93,-0.28,-8.72%,65400
SEED,2024-10-09,3.0372,3.0372,2.8,2.84,-0.09,-3.07%,13000
SEED,2024-10-10,2.98,3.0124,2.865,3.008,0.168,+5.92%,11300
SEED,2024-10-11,3.1564,3.1927,2.89,3.18,0.172,+5.72%,30000
SEED,2024-10-14,3.17,3.17,2.951,2.99,-0.19,-5.97%,11800
SEED,2024-10-15,2.93,2.995,2.93,2.97,-0.02,-0.67%,3600
SEED,2024-10-16,2.94,3.12,2.8651,3.12,0.15,+5.05%,25200
SEED,2024-10-17,3.1,3.1,2.9,2.93,-0.19,-6.09%,17000
SEED,2024-10-18,3.02,3.02,2.88,2.89,-0.04,-1.37%,8400
SEED,2024-10-21,3.04,3.11,2.82,2.86,-0.03,-1.04%,35700
SEED,2024-10-22,2.86,3.1,2.86,3.06,0.2,+6.99%,20800
SEED,2024-10-23,3.05,3.05,2.8662,2.91,-0.15,-4.90%,32800
SEED,2024-10-24,2.94,2.945,2.71,2.84,-0.07,-2.41%,42500
SEED,2024-10-25,2.78,2.96,2.6501,2.66,-0.18,-6.34%,50100
SEED,2024-10-28,2.66,2.8248,2.595,2.6399,-0.0201,-0.76%,12700
SEED,2024-10-29,2.65,2.73,2.55,2.6,-0.0399,-1.51%,17100
SEED,2024-10-30,2.6,2.6419,2.5675,2.6,0,0.00%,8600
SEED,2024-10-31,2.56,2.63,2.5141,2.54,-0.06,-2.31%,19500
SEED,2024-11-01,2.62,2.6861,2.52,2.57,0.03,+1.18%,4300
SEED,2024-11-04,2.55,2.725,2.4905,2.58,0.01,+0.39%,17200
SEED,2024-11-05,2.65,2.78,2.6,2.63,0.05,+1.94%,15200
SEED,2024-11-06,2.8399,2.8399,2.6,2.6699,0.0399,+1.52%,18700
SEED,2024-11-07,2.79,2.79,2.63,2.77,0.1001,+3.75%,21700
SEED,2024-11-08,2.69,2.7899,2.62,2.63,-0.14,-5.05%,13500
SEED,2024-11-11,2.58,2.7273,2.5399,2.685,0.055,+2.09%,14500
SEED,2024-11-12,2.73,2.7799,2.5,2.55,-0.135,-5.03%,23000
SEED,2024-11-13,2.7099,2.7099,2.44,2.45,-0.1,-3.92%,5400
SEED,2024-11-14,2.45,2.56,2.25,2.3,-0.15,-6.12%,34300
SEED,2024-11-15,2.35,2.64,2.12,2.3,0,0.00%,38600
SEED,2024-11-18,2.47,2.47,2.29,2.29,-0.01,-0.43%,9500
SEED,2024-11-19,2.29,2.4891,2.21,2.46,0.17,+7.42%,19800
SEED,2024-11-20,2.5,2.5,2.4,2.41,-0.05,-2.03%,10800
SEED,2024-11-21,2.4,2.4819,2.301,2.46,0.05,+2.07%,9800
SEED,2024-11-22,2.59,2.59,2.3281,2.4459,-0.0141,-0.57%,11600
SEED,2024-11-25,2.5,2.87,2.5,2.83,0.3841,+15.70%,69742
SEED,2024-11-26,2.82,2.9796,2.64,2.69,-0.14,-4.95%,38729
SEED,2024-11-27,2.64,2.8141,2.57,2.57,-0.12,-4.46%,3700
SEED,2024-11-29,2.68,2.75,2.52,2.7,0.13,+5.06%,22800
SEED,2024-12-02,2.7,2.72,2.55,2.69,-0.01,-0.37%,18600
SEED,2024-12-03,2.64,2.6999,2.5932,2.67,-0.02,-0.74%,5600
SEED,2024-12-04,2.62,2.6472,2.41,2.53,-0.14,-5.24%,16800
SEED,2024-12-05,2.5,2.6499,2.42,2.54,0.01,+0.40%,38700
SEED,2024-12-06,2.6,2.6221,2.48,2.52,-0.02,-0.79%,18900
SEED,2024-12-09,2.65,2.6795,2.48,2.51,-0.01,-0.40%,9000
SEED,2024-12-10,2.5386,2.55,2.5176,2.5274,0.0174,+0.69%,9200
SEED,2024-12-11,2.6549,2.6549,2.45,2.55,0.0226,+0.89%,31000
SEED,2024-12-12,2.61,2.61,2.41,2.45,-0.1,-3.92%,14200
SEED,2024-12-13,2.42,2.49,2.2665,2.3223,-0.1277,-5.21%,18700
SEED,2024-12-16,2.23,2.45,2.23,2.315,-0.0073,-0.31%,19500
SEED,2024-12-17,2.3108,2.3108,2.1501,2.2263,-0.0887,-3.83%,21700
SEED,2024-12-18,2.16,2.3,2.1,2.11,-0.1163,-5.22%,45600
SEED,2024-12-19,2.19,2.25,2.11,2.11,0,0.00%,39200
SEED,2024-12-20,2.11,2.29,2.11,2.13,0.02,+0.95%,8700
SEED,2024-12-23,2.19,2.3,2.16,2.235,0.105,+4.93%,29300
SEED,2024-12-24,2.22,2.285,2.17,2.22,-0.015,-0.67%,13900
SEED,2024-12-26,2.25,2.3384,2.11,2.19,-0.03,-1.35%,32000
SEED,2024-12-27,2.2,2.237,2.1,2.16,-0.03,-1.37%,8700
SEED,2024-12-30,2.12,2.29,2.1,2.1,-0.06,-2.78%,34200
SEED,2024-12-31,2.12,2.18,2.03,2.1,0,0.00%,23700
SEED,2025-01-02,2.04,2.1224,2,2.03,-0.07,-3.33%,14000
SEED,2025-01-03,2.01,2.08,2.01,2.03,0,0.00%,5900
SEED,2025-01-06,2.1061,2.1185,1.99,1.99,-0.04,-1.97%,18900
SEED,2025-01-07,2.14,2.14,2.0111,2.025,0.035,+1.76%,11700
SEED,2025-01-08,2.02,2.02,1.89,1.93,-0.095,-4.69%,58200
SEED,2025-01-10,1.97,2.08,1.83,1.91,-0.02,-1.04%,28500
SEED,2025-01-13,1.83,1.99,1.83,1.99,0.08,+4.19%,23600
SEED,2025-01-14,1.96,2.0036,1.82,2.0036,0.0136,+0.68%,27900
SEED,2025-01-15,1.98,1.98,1.75,1.82,-0.1836,-9.16%,23600
SEED,2025-01-16,1.72,1.9,1.64,1.83,0.01,+0.55%,177900
SEED,2025-01-17,1.8,1.85,1.69,1.83,0,0.00%,151300
SEED,2025-01-21,1.92,1.93,1.7867,1.9,0.07,+3.83%,37900
SEED,2025-01-22,1.9,1.9,1.7,1.775,-0.125,-6.58%,42100
SEED,2025-01-23,1.78,1.89,1.74,1.7801,0.0051,+0.29%,21400
SEED,2025-01-24,1.79,2.26,1.75,2.19,0.4099,+23.03%,104800
SEED,2025-01-27,1.94,2.65,1.91,2.36,0.17,+7.76%,1504300
SEED,2025-01-28,2.21,2.3,2.16,2.205,-0.155,-6.57%,135900
SEED,2025-01-29,2.12,2.27,2.06,2.19,-0.015,-0.68%,56600
SEED,2025-01-30,2.0701,2.3,2.0701,2.2,0.01,+0.46%,64500
SEED,2025-01-31,2.2,2.27,2.1101,2.19,-0.01,-0.45%,34200
SEED,2025-02-03,2.15,2.61,2.15,2.44,0.25,+11.42%,110700
SEED,2025-02-04,2.48,2.48,2.32,2.41,-0.03,-1.23%,17500
SEED,2025-02-05,2.55,2.55,2.3,2.35,-0.06,-2.49%,19000
SEED,2025-02-06,2.36,2.3954,2.2306,2.33,-0.02,-0.85%,17300
SEED,2025-02-07,2.39,2.4,2.2581,2.358,0.028,+1.20%,14500
SEED,2025-02-10,2.48,2.6499,2.4001,2.61,0.252,+10.69%,92200
SEED,2025-02-11,2.7,2.7,2.26,2.39,-0.22,-8.43%,110800
SEED,2025-02-12,2.3,2.3686,2.0801,2.14,-0.25,-10.46%,60500
SEED,2025-02-13,2.17,2.19,2.0953,2.15,0.01,+0.47%,29800
SEED,2025-02-14,2.21,2.21,2.08,2.11,-0.04,-1.86%,43900
SEED,2025-02-18,2.08,2.1594,2.08,2.08,-0.03,-1.42%,20500
SEED,2025-02-19,2.21,2.21,2.09,2.095,0.015,+0.72%,21800
SEED,2025-02-20,2.1101,2.1101,1.92,2.04,-0.055,-2.63%,56100
SEED,2025-02-21,2.06,2.07,1.92,2.02,-0.02,-0.98%,44100
SEED,2025-02-24,2.07,2.24,2.0033,2.02,0,0.00%,46300
SEED,2025-02-25,2.03,2.18,2,2.11,0.09,+4.46%,32900
SEED,2025-02-26,2.1,2.1,2.01,2.014,-0.096,-4.55%,17800
SEED,2025-02-27,2.0999,2.0999,1.95,1.95,-0.064,-3.18%,14300
SEED,2025-02-28,1.98,2.025,1.93,1.98,0.03,+1.54%,25100
SEED,2025-03-03,1.99,2.06,1.84,1.93,-0.05,-2.53%,39300
SEED,2025-03-04,1.94,1.94,1.85,1.864,-0.066,-3.42%,26900
SEED,2025-03-05,1.93,2,1.8661,1.95,0.086,+4.61%,23000
SEED,2025-03-06,1.8732,1.99,1.8732,1.99,0.04,+2.05%,2000
SEED,2025-03-07,1.99,2,1.89,1.99,0,0.00%,10000
SEED,2025-03-10,1.9,1.9837,1.89,1.905,-0.085,-4.27%,12400
SEED,2025-03-11,1.91,1.94,1.88,1.89,-0.015,-0.79%,40800
SEED,2025-03-12,1.87,1.98,1.8589,1.86,-0.03,-1.59%,9400
SEED,2025-03-13,1.97,1.97,1.8608,1.865,0.005,+0.27%,7800
SEED,2025-03-14,1.9499,1.99,1.8901,1.897,0.032,+1.72%,10100
SEED,2025-03-17,1.84,1.9789,1.84,1.96,0.063,+3.32%,28200
SEED,2025-03-18,1.9,1.9899,1.8815,1.902,-0.058,-2.96%,6200
SEED,2025-03-19,1.94,1.94,1.8545,1.895,-0.007,-0.37%,7600
SEED,2025-03-20,1.9,1.95,1.85,1.85,-0.045,-2.37%,10900
SEED,2025-03-21,1.9137,1.97,1.859,1.91,0.06,+3.24%,12300
SEED,2025-03-24,1.89,2.25,1.86,2.0175,0.1075,+5.63%,171500
SEED,2025-03-25,2.07,2.07,1.9655,1.97,-0.0475,-2.35%,14200
SEED,2025-03-26,1.93,2.3,1.9073,2.18,0.21,+10.66%,754800
SEED,2025-03-27,2.16,2.21,1.9667,2.02,-0.16,-7.34%,116200
SEED,2025-03-28,1.91,2.0814,1.9,1.9,-0.12,-5.94%,58900
SEED,2025-03-31,1.93,2.16,1.91,1.9505,0.0505,+2.66%,38800
SEED,2025-04-01,1.91,2.0899,1.91,1.98,0.0295,+1.51%,16500
SEED,2025-04-02,2.06,2.06,1.9,1.95,-0.03,-1.52%,16600
SEED,2025-04-03,1.91,2.055,1.91,1.91,-0.04,-2.05%,30000
SEED,2025-04-04,1.949,1.949,1.8,1.81,-0.1,-5.24%,41300
SEED,2025-04-07,1.8,1.87,1.57,1.65,-0.16,-8.84%,402900
SEED,2025-04-08,1.62,1.88,1.55,1.56,-0.09,-5.45%,199900
SEED,2025-04-09,1.58,1.72,1.515,1.63,0.07,+4.49%,105000
SEED,2025-04-10,1.58,1.64,1.51,1.52,-0.11,-6.75%,29800
SEED,2025-04-11,1.53,1.64,1.43,1.44,-0.08,-5.26%,76900
SEED,2025-04-14,1.57,1.57,1.44,1.49,0.05,+3.47%,48100
SEED,2025-04-15,1.49,1.49,1.35,1.4,-0.09,-6.04%,71300
SEED,2025-04-16,1.41,1.41,1.22,1.29,-0.11,-7.86%,32400
SEED,2025-04-17,1.36,1.42,1.27,1.3955,0.1055,+8.18%,29300
SEED,2025-04-21,1.4,1.4,1.3137,1.3298,-0.0657,-4.71%,33800
SEED,2025-04-22,1.29,1.38,1.28,1.3799,0.0501,+3.77%,3900
SEED,2025-04-23,1.39,1.5,1.39,1.48,0.1001,+7.25%,18600
SEED,2025-04-24,1.46,1.4753,1.4023,1.4324,-0.0476,-3.22%,22100
SEED,2025-04-25,1.465,1.47,1.435,1.45,0.0176,+1.23%,9600
SEED,2025-04-28,1.45,1.45,1.3499,1.37,-0.08,-5.52%,18400
SEED,2025-04-29,1.38,1.38,1.2212,1.29,-0.08,-5.84%,11200
SEED,2025-04-30,1.29,1.29,1.22,1.28,-0.01,-0.78%,30100
SEED,2025-05-01,1.28,1.28,1.2,1.27,-0.01,-0.78%,44500
SEED,2025-05-02,1.26,1.26,1.14,1.2207,-0.0493,-3.88%,21600
SEED,2025-05-05,1.23,1.23,1.1,1.1499,-0.0708,-5.80%,19300
SEED,2025-05-06,1.2,1.2,1.14,1.2,0.0501,+4.36%,27500
SEED,2025-05-07,1.19,1.1946,1.16,1.1636,-0.0364,-3.03%,27600
SEED,2025-05-08,1.15,1.16,1.1,1.12,-0.0436,-3.75%,53500
SEED,2025-05-09,1.11,1.12,1.105,1.12,0,0.00%,8800
SEED,2025-05-12,1.12,1.26,1.12,1.23,0.11,+9.82%,50100
SEED,2025-05-13,1.26,1.2602,1.18,1.235,0.005,+0.41%,30100
SEED,2025-05-14,1.2204,1.24,1.2102,1.215,-0.02,-1.62%,20300
SEED,2025-05-15,1.17,1.21,1.13,1.13,-0.085,-7.00%,26300
SEED,2025-05-16,1.17,1.1898,1.1401,1.155,0.025,+2.21%,7100
SEED,2025-05-19,1.14,1.16,1.1338,1.15,-0.005,-0.43%,11700
SEED,2025-05-20,1.15,1.25,1.145,1.23,0.08,+6.96%,24700
SEED,2025-05-21,1.2,1.2209,1.1991,1.2,-0.03,-2.44%,15300
SEED,2025-05-22,1.24,1.24,1.18,1.19,-0.01,-0.83%,12600
SEED,2025-05-23,1.21,1.22,1.1,1.136,-0.054,-4.54%,21700
SEED,2025-05-27,1.18,1.19,1.135,1.165,0.029,+2.55%,15300
SEED,2025-05-28,1.17,1.1802,1.1556,1.16,-0.005,-0.43%,14800
SEED,2025-05-29,1.16,1.2114,1.15,1.18,0.02,+1.72%,24000
SEED,2025-05-30,1.14,1.16,1.1324,1.145,-0.035,-2.97%,7800
SEED,2025-06-02,1.12,1.1992,1.12,1.12,-0.025,-2.18%,12800
SEED,2025-06-03,1.16,1.1821,1.15,1.16,0.04,+3.57%,2400
SEED,2025-06-04,1.15,1.16,1.15,1.16,0,0.00%,3700
SEED,2025-06-05,1.15,1.15,1.14,1.15,-0.01,-0.86%,1500
SEED,2025-06-06,1.13,1.1508,1.13,1.15,0,0.00%,2500
SEED,2025-06-09,1.13,1.1465,1.1176,1.13,-0.02,-1.74%,13000
SEED,2025-06-10,1.18,1.18,1.11,1.13,0,0.00%,18300
SEED,2025-06-11,1.17,1.17,1.11,1.14,0.01,+0.88%,13600
SEED,2025-06-12,1.1148,1.1628,1.1101,1.114,-0.026,-2.28%,6000
SEED,2025-06-13,1.12,1.13,1.11,1.129,0.015,+1.35%,5400
SEED,2025-06-16,1.13,1.13,1.03,1.09,-0.039,-3.45%,21600
SEED,2025-06-17,1.04,1.09,1.04,1.05,-0.04,-3.67%,17700
SEED,2025-06-18,1.02,1.11,0.98,1.02,-0.03,-2.86%,44600
SEED,2025-06-20,1.03,1.1,1.02,1.1,0.08,+7.84%,29300
SEED,2025-06-23,1.13,1.1307,1.0741,1.1199,0.0199,+1.81%,29900
SEED,2025-06-24,1.17,1.61,1.1121,1.31,0.1901,+16.97%,681100
SEED,2025-06-25,1.36,1.3899,1.2,1.25,-0.06,-4.58%,126600
SEED,2025-06-26,1.23,1.36,1.21,1.25,0,0.00%,108700
SEED,2025-06-27,1.01,1.149,1.01,1.0401,-0.2099,-16.79%,200600
SEED,2025-06-30,1.02,1.0634,0.99,1.02,-0.0201,-1.93%,74700
SEED,2025-07-01,0.9904,1.0102,0.95,0.9849,-0.0351,-3.44%,20400
SEED,2025-07-02,1.01,1.01,0.9604,0.9718,-0.0131,-1.33%,32000
SEED,2025-07-03,0.9998,1,0.9725,0.9734,0.0016,+0.16%,10500
SEED,2025-07-07,0.9848,1.01,0.9848,1,0.0266,+2.73%,38500
SEED,2025-07-08,1.01,1.01,0.9851,0.99,-0.01,-1.00%,32600
SEED,2025-07-09,0.99,1.0292,0.91,0.9247,-0.0653,-6.60%,98900
SEED,2025-07-10,0.9574,0.97,0.7363,0.9061,-0.0186,-2.01%,55200
SEED,2025-07-11,0.97,0.9899,0.92,0.9222,0.0161,+1.78%,29500
SEED,2025-07-14,0.93,1.04,0.8272,0.9105,-0.0117,-1.27%,139600
SEED,2025-07-15,0.93,0.9521,0.83,0.8797,-0.0308,-3.38%,175600
SEED,2025-07-16,0.8533,0.9349,0.817,0.875,-0.0047,-0.53%,282100
SEED,2025-07-17,0.87,0.885,0.85,0.8849,0.0099,+1.13%,27400
SEED,2025-07-18,0.8602,0.88,0.8333,0.8333,-0.0516,-5.83%,21500
SEED,2025-07-21,0.84,1.01,0.8332,0.99,0.1567,+18.80%,244700
SEED,2025-07-22,0.99,1.12,0.9606,1.0567,0.0667,+6.74%,182400
SEED,2025-07-23,1.1,1.12,1.04,1.07,0.0133,+1.26%,24400
SEED,2025-07-24,1.15,1.21,1.07,1.11,0.04,+3.74%,233500
SEED,2025-07-25,1.12,1.1999,1.1023,1.1023,-0.0077,-0.69%,32300
SEED,2025-07-28,1.11,1.1598,1.035,1.035,-0.0673,-6.11%,31800
SEED,2025-07-29,1.04,1.04,0.9527,0.96,-0.075,-7.25%,15600
SEED,2025-07-30,0.96,1.12,0.91,0.96,0,0.00%,164100
SEED,2025-07-31,1.0199,1.1096,0.95,0.98,0.02,+2.08%,10700
SEED,2025-08-01,0.99,1.07,0.965,1.01,0.03,+3.06%,46700
SEED,2025-08-04,1.02,1.1,0.995,1.05,0.04,+3.96%,66000
SEED,2025-08-05,1.03,1.03,1,1.0104,-0.0396,-3.77%,8500
SEED,2025-08-06,1.02,1.1,0.9654,0.98,-0.0304,-3.01%,125000
SEED,2025-08-07,1.0491,1.0491,0.999,0.999,0.019,+1.94%,4300
SEED,2025-08-08,0.9903,1.0356,0.99,1.0188,0.0198,+1.98%,11400
SEED,2025-08-11,1.01,1.01,0.96,0.9665,-0.0523,-5.13%,16400
SEED,2025-08-12,0.9862,0.99,0.9765,0.99,0.0235,+2.43%,3800
SEED,2025-08-13,0.95,1.08,0.95,1.02,0.03,+3.03%,29400
SEED,2025-08-14,1,1.0999,1,1.0701,0.0501,+4.91%,17500
SEED,2025-08-15,1.13,1.13,1.0501,1.0865,0.0164,+1.53%,29600
SEED,2025-08-18,1.07,1.11,0.98,1.07,-0.0165,-1.52%,34300
SEED,2025-08-19,1.05,1.13,1.0311,1.0401,-0.0299,-2.79%,21500
SEED,2025-08-20,1.12,1.13,1.0516,1.09,0.0499,+4.80%,6400
SEED,2025-08-21,1.12,1.12,1.08,1.1,0.01,+0.92%,20400
SEED,2025-08-22,1.1,1.13,1.08,1.1032,0.0032,+0.29%,47500
SEED,2025-08-25,1.11,1.137,1.1,1.1059,0.0027,+0.24%,13000
SEED,2025-08-26,1.11,1.33,1.1002,1.22,0.1141,+10.32%,403400
SEED,2025-08-27,1.2,1.244,1.14,1.2291,0.0091,+0.75%,76600
SEED,2025-08-28,1.21,1.21,1.14,1.17,-0.0591,-4.81%,27200
SEED,2025-08-29,1.16,1.1999,1.1472,1.17,0,0.00%,30200
SEED,2025-09-02,1.15,1.1956,1.15,1.177,0.007,+0.60%,11600
SEED,2025-09-03,1.16,1.23,1.16,1.18,0.003,+0.25%,18900
SEED,2025-09-04,1.18,1.2,0.91,0.9101,-0.2699,-22.87%,76200
SEED,2025-09-05,1,1.1383,0.9307,1.1,0.1899,+20.87%,245700
SEED,2025-09-08,1.06,1.0699,1.01,1.0528,-0.0472,-4.29%,460400
SEED,2025-09-09,1.03,1.1101,0.9995,1.07,0.0172,+1.63%,61300
SEED,2025-09-10,1.05,1.0899,1.01,1.0612,-0.0088,-0.82%,22600
SEED,2025-09-11,1.0436,1.0745,1.02,1.05,-0.0112,-1.06%,63800
SEED,2025-09-12,1.111,1.18,1.05,1.1409,0.0909,+8.66%,175400
SEED,2025-09-15,1.11,1.17,1.1,1.13,-0.0109,-0.96%,27100
SEED,2025-09-16,1.17,1.2,1.1327,1.17,0.04,+3.54%,48500
SEED,2025-09-17,1.14,1.1799,1.14,1.16,-0.01,-0.85%,24400
SEED,2025-09-18,1.15,1.16,1.1103,1.1301,-0.0299,-2.58%,11500
SEED,2025-09-19,1.1,1.1699,1.05,1.1156,-0.0145,-1.28%,34200
SEED,2025-09-22,1.12,1.145,1.06,1.1036,-0.012,-1.08%,17500
SEED,2025-09-23,1.11,1.16,1.11,1.12,0.0164,+1.49%,23200
SEED,2025-09-24,1.09,1.12,1.09,1.1099,-0.0101,-0.90%,5500
SEED,2025-09-25,1.1,1.15,1.1,1.1,-0.0099,-0.89%,26800
SEED,2025-09-26,1.14,1.1699,1.123,1.1238,0.0238,+2.16%,16800
SEED,2025-09-29,1.11,1.135,1.035,1.08,-0.0438,-3.90%,58400
SEED,2025-09-30,1.19,1.25,1.081,1.21,0.13,+12.04%,5126500
SEED,2025-10-01,1.15,1.44,1.13,1.38,0.17,+14.05%,565100
SEED,2025-10-02,1.35,1.62,1.3474,1.57,0.19,+13.77%,199200
SEED,2025-10-03,1.59,1.68,1.41,1.43,-0.14,-8.92%,308900
SEED,2025-10-06,1.47,1.58,1.43,1.45,0.02,+1.40%,103000
SEED,2025-10-07,1.5,1.5,1.25,1.33,-0.12,-8.28%,298000
SEED,2025-10-08,1.3,1.48,1.2801,1.45,0.12,+9.02%,49600
SEED,2025-10-09,1.46,1.57,1.39,1.44,-0.01,-0.69%,61300
SEED,2025-10-10,1.51,1.51,1.36,1.38,-0.06,-4.17%,26900
SEED,2025-10-13,1.36,1.48,1.36,1.44,0.06,+4.35%,24200
SEED,2025-10-14,1.4,1.44,1.34,1.435,-0.005,-0.35%,15658600
SEED,2025-10-15,2.35,2.49,1.86,1.96,0.525,+36.59%,41999600
SEED,2025-10-16,1.96,2.14,1.88,1.94,-0.02,-1.02%,1235300
SEED,2025-10-17,1.85,2.22,1.85,2,0.06,+3.09%,662200
SEED,2025-10-20,1.9,2.2,1.9,1.97,-0.03,-1.50%,390700
SEED,2025-10-21,1.96,2.05,1.85,1.94,-0.03,-1.52%,250200
SEED,2025-10-22,1.8,1.94,1.74,1.79,-0.15,-7.73%,186000
SEED,2025-10-23,1.77,1.89,1.73,1.79,0,0.00%,71900
SEED,2025-10-24,1.76,2,1.76,1.79,0,0.00%,321400
SEED,2025-10-27,1.87,2.12,1.85,2,0.21,+11.73%,177900
SEED,2025-10-28,2,2,1.8,1.93,-0.07,-3.50%,69900
SEED,2025-10-29,1.86,2,1.72,1.77,-0.16,-8.29%,102700
SEED,2025-10-30,1.7,1.7292,1.62,1.68,-0.09,-5.08%,104500
SEED,2025-10-31,1.65,1.74,1.65,1.69,0.01,+0.60%,1371600
SEED,2025-11-03,1.62,1.79,1.52,1.65,-0.04,-2.37%,256600
SEED,2025-11-04,1.55,1.63,1.48,1.53,-0.12,-7.27%,67200
SEED,2025-11-05,1.49,1.5748,1.48,1.55,0.02,+1.31%,39200
SEED,2025-11-06,1.51,1.54,1.45,1.48,-0.07,-4.52%,27500
SEED,2025-11-07,1.44,1.48,1.43,1.45,-0.03,-2.03%,84400
SEED,2025-11-10,1.46,1.53,1.41,1.41,-0.04,-2.76%,127700
SEED,2025-11-11,1.42,1.46,1.32,1.38,-0.03,-2.13%,81500
SEED,2025-11-12,1.35,1.43,1.3272,1.4112,0.0312,+2.26%,25100
SEED,2025-11-13,1.35,1.4821,1.35,1.39,-0.0212,-1.50%,38500
SEED,2025-11-14,1.35,1.42,1.35,1.42,0.03,+2.16%,12100
SEED,2025-11-17,1.35,1.4887,1.35,1.37,-0.05,-3.52%,28800
SEED,2025-11-18,1.31,1.355,1.2,1.21,-0.16,-11.68%,187300
SEED,2025-11-19,1.27,1.27,1.21,1.23,0.02,+1.65%,17300
SEED,2025-11-20,1.21,1.2377,1.16,1.17,-0.06,-4.88%,43500
SEED,2025-11-21,1.15,1.1843,1.0627,1.16,-0.01,-0.85%,33200
SEED,2025-11-24,1.18,1.29,1.1601,1.23,0.07,+6.03%,37000
SEED,2025-11-25,1.2201,1.32,1.2201,1.31,0.08,+6.50%,15200
SEED,2025-11-26,1.29,1.4614,1.29,1.42,0.11,+8.40%,36900
SEED,2025-11-28,1.4401,1.4594,1.4,1.4,-0.02,-1.41%,10000
SEED,2025-12-01,1.3907,1.3907,1.35,1.35,-0.05,-3.57%,4400
SEED,2025-12-02,1.3999,1.3999,1.29,1.3,-0.05,-3.70%,32400
SEED,2025-12-03,1.26,1.429,1.25,1.42,0.12,+9.23%,19400
SEED,2025-12-04,1.38,1.43,1.38,1.41,-0.01,-0.70%,19600
SEED,2025-12-05,1.438,1.438,1.3612,1.395,-0.015,-1.06%,8800
SEED,2025-12-08,1.37,1.64,1.3501,1.56,0.165,+11.83%,183100
SEED,2025-12-09,1.51,1.731,1.51,1.7,0.14,+8.97%,146800
SEED,2025-12-10,1.65,1.6868,1.55,1.615,-0.085,-5.00%,25200
SEED,2025-12-11,1.53,1.7,1.5,1.5,-0.115,-7.12%,76200
SEED,2025-12-12,1.5,1.53,1.44,1.44,-0.06,-4.00%,30400
SEED,2025-12-15,1.38,1.4203,1.28,1.29,-0.15,-10.42%,73600
SEED,2025-12-16,1.25,1.37,1.25,1.37,0.08,+6.20%,10800
SEED,2025-12-17,1.34,1.3744,1.3101,1.34,-0.03,-2.19%,7600
SEED,2025-12-18,1.38,1.38,1.27,1.285,-0.055,-4.10%,25900
SEED,2025-12-19,1.31,1.31,1.27,1.27,-0.015,-1.17%,13700
SEED,2025-12-22,1.3,1.33,1.27,1.28,0.01,+0.79%,26800
SEED,2025-12-23,1.27,1.2905,1.25,1.27,-0.01,-0.78%,15400
SEED,2025-12-24,1.2794,1.2794,1.2,1.22,-0.05,-3.94%,29800
SEED,2025-12-26,1.22,1.23,1.12,1.18,-0.04,-3.28%,52300
SEED,2025-12-29,1.18,1.2176,1.1001,1.18,0,0.00%,72000
SEED,2025-12-30,1.14,1.21,1.1,1.1,-0.08,-6.78%,57100
SEED,2025-12-31,1.1,1.13,1.1,1.11,0.01,+0.91%,34900
SEED,2026-01-02,1.11,1.18,1.1,1.16,0.05,+4.50%,15700
SEED,2026-01-05,1.18,1.18,1.1599,1.18,0.02,+1.72%,11000
SEED,2026-01-06,1.14,1.1611,1.11,1.11,-0.07,-5.93%,14400
SEED,2026-01-07,1.09,1.12,1.08,1.12,0.01,+0.90%,12000
SEED,2026-01-08,1.13,1.1493,1.08,1.14,0.02,+1.79%,21900
SEED,2026-01-09,1.13,1.1999,1.129,1.16,0.02,+1.75%,5300
SEED,2026-01-12,1.19,1.19,1.13,1.17,0.01,+0.86%,15200
SEED,2026-01-13,1.19,1.19,1.15,1.17,0,0.00%,9600
SEED,2026-01-14,1.12,1.19,1.12,1.19,0.02,+1.71%,20800
SEED,2026-01-15,1.18,1.32,1.18,1.32,0.13,+10.92%,39700
SEED,2026-01-16,1.25,1.35,1.25,1.32,0,0.00%,32600
SEED,2026-01-20,1.31,1.38,1.28,1.33,0.01,+0.76%,48300
SEED,2026-01-21,1.31,1.3399,1.25,1.31,-0.02,-1.50%,12800
SEED,2026-01-22,1.2501,1.321,1.2501,1.3,-0.01,-0.76%,19400
SEED,2026-01-23,1.2913,1.344,1.28,1.3,0,0.00%,20200
SEED,2026-01-26,1.3,1.3,1.22,1.26,-0.04,-3.08%,22300
SEED,2026-01-27,1.22,1.28,1.22,1.26,0,0.00%,15000
SEED,2026-01-28,1.24,1.27,1.24,1.27,0.01,+0.79%,10600
SEED,2026-01-29,1.25,1.25,1.22,1.24,-0.03,-2.36%,11100
SEED,2026-01-30,1.27,1.36,1.23,1.3,0.06,+4.84%,247900
SEED,2026-02-02,1.28,1.28,1.2,1.2,-0.1,-7.69%,66800
SEED,2026-02-03,1.22,1.24,1.174,1.22,0.02,+1.67%,21000
SEED,2026-02-04,1.2,1.25,1.19,1.21,-0.01,-0.82%,10200
SEED,2026-02-05,1.22,1.27,1.1,1.1,-0.11,-9.09%,50100
SEED,2026-02-06,1.1,1.1572,1.09,1.09,-0.01,-0.91%,16300
SEED,2026-02-09,1.08,1.11,1.06,1.1,0.01,+0.92%,28300
SEED,2026-02-10,1.12,1.26,1.12,1.14,0.04,+3.64%,39500
SEED,2026-02-11,1.15,1.195,1.11,1.11,-0.03,-2.63%,26600
SEED,2026-02-12,1.05,1.09,1.01,1.01,-0.1,-9.01%,13800
SEED,2026-02-13,1.02,1.0867,1.02,1.06,0.05,+4.95%,16500
SEED,2026-02-17,1.1,1.128,1.07,1.11,0.05,+4.72%,14000
SEED,2026-02-18,1.12,1.19,1.12,1.18,0.07,+6.31%,13100
SEED,2026-02-19,1.15,1.16,1.09,1.11,-0.07,-5.93%,12100
SEED,2026-02-20,1.13,1.15,1.08,1.08,-0.03,-2.70%,2700
SEED,2026-02-23,1.06,1.105,1.06,1.09,0.01,+0.93%,5700
SEED,2026-02-24,1.1,1.17,1.1,1.15,0.06,+5.50%,14000
SEED,2026-02-25,1.16,1.1758,1.07,1.08,-0.07,-6.09%,42300
SEED,2026-02-26,1.08,1.11,1.0201,1.03,-0.05,-4.63%,32400
SEED,2026-02-27,1.05,1.07,1.02,1.06,0.03,+2.91%,16100
SEED,2026-03-02,1.03,1.116,1.03,1.05,-0.01,-0.94%,11700
SEED,2026-03-03,1.1,1.1,1.02,1.02,-0.03,-2.86%,8300
SEED,2026-03-04,1.02,1.13,1.02,1.05,0.03,+2.94%,13700
SEED,2026-03-05,1.05,1.08,1.02,1.04,-0.01,-0.95%,12800
SEED,2026-03-06,1.04,1.09,1.03,1.04,0,0.00%,11002
SEED,2026-03-09,1.09,1.35,1.04,1.14,0.1,+9.62%,1558100
SEED,2026-03-10,1.3,1.43,1.15,1.15,0.01,+0.88%,1324300
SEED,2026-03-11,1.18,1.3299,1.18,1.28,0.13,+11.30%,343900
SEED,2026-03-12,1.33,1.49,1.22,1.44,0.16,+12.50%,618400
SEED,2026-03-13,1.33,1.4,1.26,1.28,-0.16,-11.11%,165600
SEED,2026-03-16,1.27,1.3799,1.26,1.29,0.01,+0.78%,67500
SEED,2026-03-17,1.27,1.3229,1.212,1.23,-0.06,-4.65%,44100
SEED,2026-03-18,1.22,1.23,1.085,1.11,-0.12,-9.76%,85000
SEED,2026-03-19,1.11,1.11,1.05,1.09,-0.02,-1.80%,87400
SEED,2026-03-20,1.09,1.13,1.06,1.09,0,0.00%,23900
SEED,2026-03-23,1.12,1.13,1.05,1.13,0.04,+3.67%,33000
SEED,2026-03-24,1.09,1.28,1.09,1.24,0.11,+9.73%,95800
SEED,2026-03-25,1.31,1.3351,1.23,1.26,0.02,+1.61%,89800
SEED,2026-03-26,1.3,1.3,1.193,1.24,-0.02,-1.59%,26700
SEED,2026-03-27,1.22,1.55,1.22,1.45,0.21,+16.94%,356100
SEED,2026-03-30,1.45,1.45,1.26,1.28,-0.17,-11.72%,95300
SEED,2026-03-31,1.31,1.31,1.25,1.29,0.01,+0.78%,40500
SEED,2026-04-01,1.25,1.2685,1.08,1.23,-0.06,-4.65%,81100
SEED,2026-04-02,1.21,1.306,1.21,1.22,-0.01,-0.81%,25100
SEED,2026-04-06,1.28,1.35,1.21,1.21,-0.01,-0.82%,28300
SEED,2026-04-07,1.23,1.36,1.16,1.33,0.12,+9.92%,97000
SEED,2026-04-08,1.33,1.4,1.23,1.35,0.02,+1.50%,31900
SEED,2026-04-09,1.375,1.375,1.26,1.31,-0.04,-2.96%,23000
SEED,2026-04-10,1.29,1.45,1.23,1.25,-0.06,-4.58%,46000
SEED,2026-04-13,1.27,1.31,1.26,1.26,0.01,+0.80%,15200
SEED,2026-04-14,1.29,1.3201,1.27,1.29,0.03,+2.38%,18500
SEED,2026-04-15,1.275,1.325,1.24,1.3,0.01,+0.78%,11000
SEED,2026-04-16,1.29,1.31,1.25,1.27,-0.03,-2.31%,5700
SEED,2026-04-17,1.27,1.35,1.2503,1.28,0.01,+0.79%,27800
SEED,2026-04-20,1.26,1.36,1.26,1.33,0.05,+3.91%,16500
SEED,2026-04-21,1.35,1.35,1.3,1.34,0.01,+0.75%,16500
SEED,2026-04-22,1.3208,1.39,1.3208,1.35,0.01,+0.75%,8300
SEED,2026-04-23,1.33,1.4,1.32,1.37,0.02,+1.48%,23200
SEED,2026-04-24,1.37,1.4,1.2501,1.31,-0.06,-4.38%,27500
SEER,2020-12-04,48,56.94,44,56.46,55.15,"+4,209.92%",3393700
SEER,2020-12-07,58.09,65.4721,52.73,60.94,4.48,+7.93%,960000
SEER,2020-12-08,58.29,64.75,54.35,62.08,1.14,+1.87%,620100
SEER,2020-12-09,61.45,71.925,60.9,66.01,3.93,+6.33%,743600
SEER,2020-12-10,66.46,82.57,63.91,81.11,15.1,+22.88%,1273900
SEER,2020-12-11,81.04,86.13,72.72,75.65,-5.46,-6.73%,319200
SEER,2020-12-14,75.47,75.47,64.04,66.29,-9.36,-12.37%,294000
SEER,2020-12-15,67.9,69.9899,64.325,66.19,-0.1,-0.15%,331500
SEER,2020-12-16,66.15,68.24,65.38,68.24,2.05,+3.10%,225900
SEER,2020-12-17,68.69,69.47,65.735,66.75,-1.49,-2.18%,107700
SEER,2020-12-18,67.39,67.76,60.07,60.25,-6.5,-9.74%,287600
SEER,2020-12-21,59.06,60.2499,54.5,56.11,-4.14,-6.87%,386400
SEER,2020-12-22,57.11,65.56,57.11,63.68,7.57,+13.49%,476900
SEER,2020-12-23,63.7,67,58.28,64.72,1.04,+1.63%,378900
SEER,2020-12-24,64.96,65.71,61.5001,62.04,-2.68,-4.14%,87100
SEER,2020-12-28,62.97,64.79,53.2,64.4,2.36,+3.80%,355100
SEER,2020-12-29,63.99,63.99,53.5,55.23,-9.17,-14.24%,579500
SEER,2020-12-30,55.78,57.52,54.39,56.51,1.28,+2.32%,463200
SEER,2020-12-31,57.1,57.9,54.84,56.14,-0.37,-0.65%,299600
SEER,2021-01-04,56.49,56.685,52.09,54.01,-2.13,-3.79%,379000
SEER,2021-01-05,54.08,60,50.62,58.12,4.11,+7.61%,236500
SEER,2021-01-06,57.66,59.8,56.5,57.41,-0.71,-1.22%,364400
SEER,2021-01-07,57.65,62.67,57.65,59.17,1.76,+3.07%,311000
SEER,2021-01-08,59.35,64.72,59.08,63.17,4,+6.76%,170400
SEER,2021-01-11,63.36,66.455,61.08,62.04,-1.13,-1.79%,169600
SEER,2021-01-12,62.05,68.25,62.05,67,4.96,+7.99%,452100
SEER,2021-01-13,67.03,75.375,66.35,72.36,5.36,+8.00%,360800
SEER,2021-01-14,72,78,71.99,75.06,2.7,+3.73%,329700
SEER,2021-01-15,75.54,79.78,69.15,79.48,4.42,+5.89%,244900
SEER,2021-01-19,79.93,86.55,79.195,83.77,4.29,+5.40%,270600
SEER,2021-01-20,83.77,84.995,75.17,84.06,0.29,+0.35%,208300
SEER,2021-01-21,84.93,84.93,80.96,82.49,-1.57,-1.87%,82100
SEER,2021-01-22,81.87,81.87,76.9,77.88,-4.61,-5.59%,125300
SEER,2021-01-25,77.84,84.6,76.39,81.35,3.47,+4.46%,268500
SEER,2021-01-26,78.01,79.13,70.58,73.38,-7.97,-9.80%,323000
SEER,2021-01-27,72.56,72.94,67.27,68.13,-5.25,-7.15%,216700
SEER,2021-01-28,63.08,71,61.41,65.76,-2.37,-3.48%,1547400
SEER,2021-01-29,66.25,70,62.35,62.4,-3.36,-5.11%,604300
SEER,2021-02-01,63.66,65.35,57.5,60.15,-2.25,-3.61%,896200
SEER,2021-02-02,60.29,66,60.2,62.5,2.35,+3.91%,450300
SEER,2021-02-03,62.64,63.7,61.42,62.18,-0.32,-0.51%,270000
SEER,2021-02-04,63.45,67.5,63,65.06,2.88,+4.63%,466500
SEER,2021-02-05,64.98,66.89,63.02,65.9,0.84,+1.29%,317200
SEER,2021-02-08,66,67.455,62.5,63.46,-2.44,-3.70%,411900
SEER,2021-02-09,63.6,65.09,59.07,60.06,-3.4,-5.36%,607400
SEER,2021-02-10,60.94,61.95,58,60,-0.06,-0.10%,256200
SEER,2021-02-11,60.08,62.39,59,59.36,-0.64,-1.07%,242200
SEER,2021-02-12,59.68,71.8899,59.44,68.92,9.56,+16.11%,1120200
SEER,2021-02-16,70.63,71.5319,60.52,64.48,-4.44,-6.44%,530600
SEER,2021-02-17,64.68,64.77,57.51,60.09,-4.39,-6.81%,579500
SEER,2021-02-18,60.02,62.9,57.1,61.65,1.56,+2.60%,386600
SEER,2021-02-19,62.1,63.88,60.2,61.76,0.11,+0.18%,253800
SEER,2021-02-22,60.5,61.24,56.7035,57.42,-4.34,-7.03%,344000
SEER,2021-02-23,57.15,57.42,50.65,52.97,-4.45,-7.75%,558300
SEER,2021-02-24,54.75,56.67,53.2,55.63,2.66,+5.02%,461900
SEER,2021-02-25,55.46,55.995,49.0001,50.79,-4.84,-8.70%,511900
SEER,2021-02-26,51,51.9885,47.4,48.23,-2.56,-5.04%,352900
SEER,2021-03-01,49.03,53.2962,48.12,51.91,3.68,+7.63%,270500
SEER,2021-03-02,51.69,52.3,49.59,51.44,-0.47,-0.91%,270000
SEER,2021-03-03,53.12,53.12,48.95,50,-1.44,-2.80%,429900
SEER,2021-03-04,49.42,51.74,46.57,50.18,0.18,+0.36%,686400
SEER,2021-03-05,51.11,51.57,40.51,43.29,-6.89,-13.73%,1206600
SEER,2021-03-08,48.01,48.01,38.37,38.67,-4.62,-10.67%,803400
SEER,2021-03-09,40.71,46.1262,40.29,44.64,5.97,+15.44%,672700
SEER,2021-03-10,46.16,49.49,43.25,43.95,-0.69,-1.55%,512900
SEER,2021-03-11,46.85,49.29,45.73,48.75,4.8,+10.92%,437800
SEER,2021-03-12,47.7,51.36,46.5001,51.02,2.27,+4.66%,353600
SEER,2021-03-15,52.95,54.8,51.46,52.45,1.43,+2.80%,383000
SEER,2021-03-16,53.05,53.745,49.86,52.26,-0.19,-0.36%,308200
SEER,2021-03-17,50.49,55,49.1601,54.72,2.46,+4.71%,398600
SEER,2021-03-18,53.07,53.77,47.89,48.6,-6.12,-11.18%,575800
SEER,2021-03-19,50.08,53.91,49.0121,52.62,4.02,+8.27%,2681800
SEER,2021-03-22,52.9,55.09,50.21,52.54,-0.08,-0.15%,606400
SEER,2021-03-23,52.84,53.207,49.57,52.14,-0.4,-0.76%,566100
SEER,2021-03-24,52.39,52.39,45.28,45.44,-6.7,-12.85%,652900
SEER,2021-03-25,44.44,45.81,40.82,41.74,-3.7,-8.14%,579800
SEER,2021-03-26,42.73,43.86,39.8,40.18,-1.56,-3.74%,789800
SEER,2021-03-29,40.86,41.8333,39.372,41.05,0.87,+2.17%,654100
SEER,2021-03-30,40.65,45.78,40.13,43.24,2.19,+5.33%,1791200
SEER,2021-03-31,44.38,50.6593,44.33,50.02,6.78,+15.68%,581400
SEER,2021-04-01,52,54.4,50.59,52.18,2.16,+4.32%,641700
SEER,2021-04-05,53.32,57.87,52.23,56.85,4.67,+8.95%,632100
SEER,2021-04-06,57,57.7399,53.86,54.95,-1.9,-3.34%,393600
SEER,2021-04-07,54.32,55.25,52.2,53.18,-1.77,-3.22%,358100
SEER,2021-04-08,54.59,54.71,52.295,53.65,0.47,+0.88%,362600
SEER,2021-04-09,53.78,53.78,51.04,51.99,-1.66,-3.09%,277500
SEER,2021-04-12,51.68,54.41,50,53.55,1.56,+3.00%,502000
SEER,2021-04-13,54.12,57.08,53.36,56.92,3.37,+6.29%,374300
SEER,2021-04-14,56.98,57.5,53.36,53.86,-3.06,-5.38%,343500
SEER,2021-04-15,54.36,54.95,52.84,52.97,-0.89,-1.65%,257500
SEER,2021-04-16,52.46,52.46,47.33,50.85,-2.12,-4.00%,497200
SEER,2021-04-19,50.23,51.82,48.295,49.99,-0.86,-1.69%,219100
SEER,2021-04-20,49.32,50.95,47.565,48.31,-1.68,-3.36%,307400
SEER,2021-04-21,47.89,51,47.73,50.65,2.34,+4.84%,332400
SEER,2021-04-22,50.74,52.96,49.6664,50.73,0.08,+0.16%,346300
SEER,2021-04-23,51.05,51.86,48.72,49.65,-1.08,-2.13%,408200
SEER,2021-04-26,49.89,53.85,49.64,53.43,3.78,+7.61%,256600
SEER,2021-04-27,53.37,54.63,51.58,52.81,-0.62,-1.16%,391900
SEER,2021-04-28,52.07,53.85,51.1301,52.66,-0.15,-0.28%,218100
SEER,2021-04-29,53.42,53.42,49.16,49.74,-2.92,-5.55%,250300
SEER,2021-04-30,49.08,51.03,49.08,50.93,1.19,+2.39%,202000
SEER,2021-05-03,51.09,51.49,47.2,47.33,-3.6,-7.07%,358800
SEER,2021-05-04,46.55,46.55,40.67,41.8,-5.53,-11.68%,709300
SEER,2021-05-05,42.54,42.67,40,40.09,-1.71,-4.09%,356200
SEER,2021-05-06,39.81,40.75,38.56,40.2,0.11,+0.27%,930400
SEER,2021-05-07,40.44,41.79,37.4,38.08,-2.12,-5.27%,538700
SEER,2021-05-10,37.11,37.63,32.36,32.45,-5.63,-14.78%,913600
SEER,2021-05-11,30.38,32.58,29.3501,31.96,-0.49,-1.51%,534600
SEER,2021-05-12,31.13,32.04,28.35,28.75,-3.21,-10.04%,798500
SEER,2021-05-13,29.24,30.67,26.48,28.79,0.04,+0.14%,872800
SEER,2021-05-14,29.14,30.62,28.1804,29.61,0.82,+2.85%,698600
SEER,2021-05-17,29.41,31.37,28.8,30.82,1.21,+4.09%,553500
SEER,2021-05-18,30.99,33.18,30.31,31.97,1.15,+3.73%,334600
SEER,2021-05-19,31.3,32.74,30.11,31.68,-0.29,-0.91%,298800
SEER,2021-05-20,32.02,33.6,31,31.4,-0.28,-0.88%,423200
SEER,2021-05-21,31.67,31.67,28.8,28.89,-2.51,-7.99%,391400
SEER,2021-05-24,28.93,30.34,28.15,29.98,1.09,+3.77%,389100
SEER,2021-05-25,29.75,30.95,29.69,29.79,-0.19,-0.63%,296500
SEER,2021-05-26,29.78,31.68,29.66,31.47,1.68,+5.64%,462900
SEER,2021-05-27,31.32,31.7,29.19,30.7,-0.77,-2.45%,552000
SEER,2021-05-28,30.81,32.04,29.37,29.58,-1.12,-3.65%,433400
SEER,2021-06-01,29.71,29.98,27.0401,28.92,-0.66,-2.23%,816300
SEER,2021-06-02,27.75,33.38,27.5,32.61,3.69,+12.76%,1603100
SEER,2021-06-03,32.55,33.75,31.3,33.21,0.6,+1.84%,598400
SEER,2021-06-04,33.55,35.78,32.73,33.17,-0.04,-0.12%,642000
SEER,2021-06-07,33.34,34.3,31.21,31.5,-1.67,-5.03%,414700
SEER,2021-06-08,31.85,32.44,30.66,31.79,0.29,+0.92%,363700
SEER,2021-06-09,32,33.21,31.08,31.26,-0.53,-1.67%,954500
SEER,2021-06-10,31.48,34.33,31.48,33.77,2.51,+8.03%,474300
SEER,2021-06-11,33.75,34.25,32.685,33.14,-0.63,-1.87%,251500
SEER,2021-06-14,33.21,34.18,31.03,31.26,-1.88,-5.67%,564500
SEER,2021-06-15,31.29,32.135,30.4101,31.67,0.41,+1.31%,291900
SEER,2021-06-16,31.67,32.16,30.73,31.91,0.24,+0.76%,370700
SEER,2021-06-17,31.74,33.95,31.57,33.74,1.83,+5.73%,411400
SEER,2021-06-18,33.27,34.8,32.83,33.34,-0.4,-1.19%,490400
SEER,2021-06-21,33.28,34.345,31.99,34.28,0.94,+2.82%,344400
SEER,2021-06-22,34.25,34.64,32.91,33.67,-0.61,-1.78%,456300
SEER,2021-06-23,33.86,34.3956,31.51,32.52,-1.15,-3.42%,309000
SEER,2021-06-24,33.3265,33.92,32.925,33.61,1.09,+3.35%,395500
SEER,2021-06-25,33.99,34,32.21,33.54,-0.07,-0.21%,540300
SEER,2021-06-28,34.18,35.37,33.62,34.5,0.96,+2.86%,385200
SEER,2021-06-29,34.53,35.41,33.28,33.34,-1.16,-3.36%,204900
SEER,2021-06-30,33.29,33.6,31.87,32.78,-0.56,-1.68%,332500
SEER,2021-07-01,33.17,33.17,29.95,30.73,-2.05,-6.25%,734100
SEER,2021-07-02,31.46,31.46,29.9986,31.11,0.38,+1.24%,219200
SEER,2021-07-06,31,31,28.83,29,-2.11,-6.78%,752200
SEER,2021-07-07,29.03,30.61,28.71,30.47,1.47,+5.07%,802700
SEER,2021-07-08,29.42,32.31,28.33,32.07,1.6,+5.25%,507000
SEER,2021-07-09,32.07,32.38,31.41,32.19,0.12,+0.37%,267400
SEER,2021-07-12,32.51,32.92,31.38,32.82,0.63,+1.96%,258300
SEER,2021-07-13,32.78,33.12,31.06,31.39,-1.43,-4.36%,640100
SEER,2021-07-14,31.48,31.4845,28.4,28.73,-2.66,-8.47%,446900
SEER,2021-07-15,28.47,28.78,27.31,27.67,-1.06,-3.69%,373500
SEER,2021-07-16,28,31.5599,27.8409,31.01,3.34,+12.07%,730600
SEER,2021-07-19,29.8,31.82,29.25,31.53,0.52,+1.68%,393600
SEER,2021-07-20,31.66,32.86,30.39,32.81,1.28,+4.06%,322000
SEER,2021-07-21,33.53,34.61,32.64,33.88,1.07,+3.26%,525500
SEER,2021-07-22,33.93,34.75,33.2501,34.44,0.56,+1.65%,249400
SEER,2021-07-23,34.47,34.685,31.66,33.13,-1.31,-3.80%,321000
SEER,2021-07-26,33.09,33.72,32.01,32.31,-0.82,-2.48%,245900
SEER,2021-07-27,32.27,32.62,30.04,31.15,-1.16,-3.59%,415300
SEER,2021-07-28,31.15,33.58,31.15,33.16,2.01,+6.45%,190800
SEER,2021-07-29,33.3,33.525,32,32.66,-0.5,-1.51%,222400
SEER,2021-07-30,32.47,32.76,31.39,31.94,-0.72,-2.20%,284600
SEER,2021-08-02,32.29,32.29,30.5,31.14,-0.8,-2.50%,235300
SEER,2021-08-03,31.22,31.38,30.4,31.01,-0.13,-0.42%,264300
SEER,2021-08-04,30.69,31.63,30.55,31.45,0.44,+1.42%,315200
SEER,2021-08-05,31.34,33.1899,31.14,32.99,1.54,+4.90%,339100
SEER,2021-08-06,32.8,32.8,30.7,31.01,-1.98,-6.00%,223900
SEER,2021-08-09,31.04,32.18,30.1709,31.66,0.65,+2.10%,612700
SEER,2021-08-10,31.96,31.96,30.46,30.86,-0.8,-2.53%,387700
SEER,2021-08-11,30.9,30.95,28.67,30.03,-0.83,-2.69%,298700
SEER,2021-08-12,29.96,30.52,28.96,29.85,-0.18,-0.60%,566000
SEER,2021-08-13,29.32,33.3994,29,32.47,2.62,+8.78%,911700
SEER,2021-08-16,32.02,32.24,30.18,30.43,-2.04,-6.28%,392500
SEER,2021-08-17,29.86,30.5,29.51,29.775,-0.655,-2.15%,339300
SEER,2021-08-18,30.07,30.19,28.36,29.51,-0.265,-0.89%,375100
SEER,2021-08-19,29.16,30.1679,29.16,30.01,0.5,+1.69%,423900
SEER,2021-08-20,30.12,33.42,29.9501,32.38,2.37,+7.90%,519600
SEER,2021-08-23,32.88,34.98,32.74,34.36,1.98,+6.11%,518300
SEER,2021-08-24,34.47,35.55,34.1414,35.39,1.03,+3.00%,528100
SEER,2021-08-25,35.6,36.5,34.5,36.28,0.89,+2.51%,507700
SEER,2021-08-26,36.08,38.55,35.82,36.8,0.52,+1.43%,547500
SEER,2021-08-27,36.17,38.1,35.55,37.02,0.22,+0.60%,366400
SEER,2021-08-30,36.96,38.86,36.54,38.28,1.26,+3.40%,364700
SEER,2021-08-31,38.35,40.08,37.88,39.98,1.7,+4.44%,1089300
SEER,2021-09-01,40.12,40.2,38.75,39.49,-0.49,-1.23%,339500
SEER,2021-09-02,39.73,43.39,39.61,43,3.51,+8.89%,806400
SEER,2021-09-03,42.79,45.47,42.79,43.77,0.77,+1.79%,853800
SEER,2021-09-07,44.2,45.85,43.78,45.04,1.27,+2.90%,878900
SEER,2021-09-08,44.88,44.92,41.08,42.75,-2.29,-5.08%,680600
SEER,2021-09-09,43.3,43.4702,41.58,42.2,-0.55,-1.29%,634800
SEER,2021-09-10,42.26,44.42,41.2,43.4,1.2,+2.84%,563500
SEER,2021-09-13,44.11,44.12,37.42,38.25,-5.15,-11.87%,870500
SEER,2021-09-14,38.2,41.9,38.18,41.03,2.78,+7.27%,787300
SEER,2021-09-15,40.99,42.21,39.28,40.57,-0.46,-1.12%,972200
SEER,2021-09-16,40.57,40.88,35.1,36.13,-4.44,-10.94%,1452300
SEER,2021-09-17,36.23,40.45,35.67,37.23,1.1,+3.04%,5215700
SEER,2021-09-20,37,38,35.24,35.8,-1.43,-3.84%,1013100
SEER,2021-09-21,36.03,37.92,36.03,36.68,0.88,+2.46%,972800
SEER,2021-09-22,36.79,36.98,34.89,36.56,-0.12,-0.33%,289600
SEER,2021-09-23,36.64,38.13,36.45,38.12,1.56,+4.27%,251100
SEER,2021-09-24,37.54,38.87,35.01,35.78,-2.34,-6.14%,333600
SEER,2021-09-27,36.1,37.44,34.73,36.76,0.98,+2.74%,383300
SEER,2021-09-28,36.29,36.63,33.49,34.61,-2.15,-5.85%,389800
SEER,2021-09-29,34.81,35.26,33.12,33.69,-0.92,-2.66%,324900
SEER,2021-09-30,34.07,35.07,33.41,34.53,0.84,+2.49%,334000
SEER,2021-10-01,34.39,34.75,32.86,34.55,0.02,+0.06%,371700
SEER,2021-10-04,34.39,34.39,32.12,32.73,-1.82,-5.27%,251200
SEER,2021-10-05,32.96,33.83,31.14,32.5,-0.23,-0.70%,353600
SEER,2021-10-06,32.02,32.9,30.735,31.57,-0.93,-2.86%,220900
SEER,2021-10-07,31.96,35,31.96,34.14,2.57,+8.14%,267800
SEER,2021-10-08,34.25,34.5,31.83,32.57,-1.57,-4.60%,199700
SEER,2021-10-11,32.4,33.03,31.5,31.75,-0.82,-2.52%,240800
SEER,2021-10-12,32.14,33.8,31.83,33.52,1.77,+5.57%,128700
SEER,2021-10-13,33.77,34.68,33.27,33.5,-0.02,-0.06%,242000
SEER,2021-10-14,32.27,33.25,30.52,32.13,-1.37,-4.09%,704700
SEER,2021-10-15,33.02,33.58,32.01,33,0.87,+2.71%,322000
SEER,2021-10-18,31.81,33.38,31.66,32.9,-0.1,-0.30%,166800
SEER,2021-10-19,33.1,35.28,32.7,35.22,2.32,+7.05%,236600
SEER,2021-10-20,34.83,35.505,34.555,35.21,-0.01,-0.03%,188900
SEER,2021-10-21,35.43,35.81,34.17,34.49,-0.72,-2.04%,236100
SEER,2021-10-22,34.37,34.37,32.9535,33.48,-1.01,-2.93%,239900
SEER,2021-10-25,33.43,34.25,32.815,33.88,0.4,+1.19%,115000
SEER,2021-10-26,34.18,35.13,33.07,34.55,0.67,+1.98%,152900
SEER,2021-10-27,34.48,35.03,32.95,34.1,-0.45,-1.30%,201000
SEER,2021-10-28,34.3,36.85,34.14,36.7,2.6,+7.62%,259700
SEER,2021-10-29,36.46,37.18,35.73,36.92,0.22,+0.60%,181300
SEER,2021-11-01,37.13,38.83,36.69,38.51,1.59,+4.31%,164500
SEER,2021-11-02,38.33,38.39,36.11,36.2,-2.31,-6.00%,327800
SEER,2021-11-03,36.24,37.29,35.51,36.85,0.65,+1.80%,235100
SEER,2021-11-04,36.98,37.799,33.07,35,-1.85,-5.02%,786600
SEER,2021-11-05,34.61,35.83,34.15,35.07,0.07,+0.20%,360100
SEER,2021-11-08,35.26,36.45,34.84,36.4,1.33,+3.79%,311000
SEER,2021-11-09,36.52,36.52,33.9,35.25,-1.15,-3.16%,250800
SEER,2021-11-10,34.73,36.35,32.01,32.26,-2.99,-8.48%,485800
SEER,2021-11-11,32.28,33.23,29.21,29.33,-2.93,-9.08%,637000
SEER,2021-11-12,29.34,31.8,28.93,31.49,2.16,+7.36%,375800
SEER,2021-11-15,31.57,31.8315,29.92,30.38,-1.11,-3.52%,208500
SEER,2021-11-16,30.08,31.59,29.76,30.37,-0.01,-0.03%,291900
SEER,2021-11-17,30.37,31.385,28.06,28.17,-2.2,-7.24%,364300
SEER,2021-11-18,28.4,28.59,25.14,25.46,-2.71,-9.62%,613600
SEER,2021-11-19,25.26,26.14,24.97,25.29,-0.17,-0.67%,527400
SEER,2021-11-22,25.42,25.42,22.73,22.93,-2.36,-9.33%,666200
SEER,2021-11-23,22.71,24.05,22.5,23.45,0.52,+2.27%,1128000
SEER,2021-11-24,23.22,23.74,21.75,23.55,0.1,+0.43%,563300
SEER,2021-11-26,23.11,23.82,22.1,22.87,-0.68,-2.89%,238100
SEER,2021-11-29,23.45,23.99,21.245,21.52,-1.35,-5.90%,406300
SEER,2021-11-30,21.32,22.43,20.79,22.31,0.79,+3.67%,666900
SEER,2021-12-01,22.5,22.95,21.018,21.08,-1.23,-5.51%,291500
SEER,2021-12-02,20.95,21.985,20.29,21.63,0.55,+2.61%,383200
SEER,2021-12-03,21.78,21.78,19.92,21.14,-0.49,-2.27%,382300
SEER,2021-12-06,20.26,23.13,20.06,22.19,1.05,+4.97%,574800
SEER,2021-12-07,22.79,26.11,22.79,25.17,2.98,+13.43%,540100
SEER,2021-12-08,24.795,26.925,23.84,25.96,0.79,+3.14%,302600
SEER,2021-12-09,25.62,26.365,24.77,25.1,-0.86,-3.31%,450000
SEER,2021-12-10,25.22,26.07,23.6,24.24,-0.86,-3.43%,385900
SEER,2021-12-13,24.93,26.31,23.91,25.56,1.32,+5.45%,640900
SEER,2021-12-14,24.66,26.23,23.79,24.55,-1.01,-3.95%,605100
SEER,2021-12-15,24.57,24.87,21.94,23.99,-0.56,-2.28%,846600
SEER,2021-12-16,25.43,27.84,22.13,22.5,-1.49,-6.21%,854000
SEER,2021-12-17,22.5,23.75,21.25,22.81,0.31,+1.38%,1563600
SEER,2021-12-20,22.4,23.16,21.56,22.82,0.01,+0.04%,1464000
SEER,2021-12-21,23.15,24.34,23.15,24.09,1.27,+5.57%,399800
SEER,2021-12-22,23.93,24.08,22.88,23.87,-0.22,-0.91%,383700
SEER,2021-12-23,23.88,24.175,22.57,23.77,-0.1,-0.42%,302100
SEER,2021-12-27,24.3,24.66,23.1201,23.78,0.01,+0.04%,187300
SEER,2021-12-28,23.69,24.09,21.6,21.74,-2.04,-8.58%,409800
SEER,2021-12-29,21.47,21.83,20.46,21.69,-0.05,-0.23%,342100
SEER,2021-12-30,21.82,23.7,21.82,22.72,1.03,+4.75%,315600
SEER,2021-12-31,22.37,23.48,22.34,22.81,0.09,+0.40%,325600
SEER,2022-01-03,22.81,23.75,22.053,23.4,0.59,+2.59%,275000
SEER,2022-01-04,23,23.34,20.8901,21.3,-2.1,-8.97%,324900
SEER,2022-01-05,20.9,21.09,19.735,19.76,-1.54,-7.23%,352600
SEER,2022-01-06,19.64,20.26,18.485,18.96,-0.8,-4.05%,580900
SEER,2022-01-07,18.95,19.94,18.55,18.65,-0.31,-1.64%,400800
SEER,2022-01-10,18.35,19.03,17.5,19.02,0.37,+1.98%,458600
SEER,2022-01-11,18.75,20.95,18.71,20.5,1.48,+7.78%,548300
SEER,2022-01-12,20.8,21.485,20.43,20.5,0,0.00%,434600
SEER,2022-01-13,20.14,20.44,18.34,19.29,-1.21,-5.90%,684100
SEER,2022-01-14,18.92,19.73,18.425,19.59,0.3,+1.56%,627400
SEER,2022-01-18,19.19,19.32,15.4,15.59,-4.,-20.42%,931801
SEER,2022-01-19,15.78,16.38,15.2,15.52,-0.07,-0.45%,832200
SEER,2022-01-20,16.11,17.4,15.88,15.92,0.4,+2.58%,359600
SEER,2022-01-21,15.45,16.32,14.84,15.61,-0.31,-1.95%,507000
SEER,2022-01-24,15.29,16.07,14.2,15.92,0.31,+1.99%,640600
SEER,2022-01-25,15.45,15.89,14.32,15.16,-0.76,-4.77%,401800
SEER,2022-01-26,15.74,16.46,13.94,14.13,-1.03,-6.79%,386900
SEER,2022-01-27,14.63,14.7,13.215,13.36,-0.77,-5.45%,278000
SEER,2022-01-28,13.59,14.27,12.9,14.02,0.66,+4.94%,398700
SEER,2022-01-31,14.33,15.83,14.11,15.73,1.71,+12.20%,734700
SEER,2022-02-01,15.88,17.42,14.99,17.37,1.64,+10.43%,521700
SEER,2022-02-02,17.4,17.89,16.7201,17.83,0.46,+2.65%,434500
SEER,2022-02-03,17.04,17.78,14.97,15.23,-2.6,-14.58%,463100
SEER,2022-02-04,15.12,16.8,14.85,16.26,1.03,+6.76%,318900
SEER,2022-02-07,16.15,16.795,15.575,16.59,0.33,+2.03%,365400
SEER,2022-02-08,16.53,16.87,15.92,16.61,0.02,+0.12%,184000
SEER,2022-02-09,16.97,17.84,16.97,17.74,1.13,+6.80%,191800
SEER,2022-02-10,17.04,18.22,16.46,16.77,-0.97,-5.47%,259100
SEER,2022-02-11,16.87,17.71,16.26,16.4,-0.37,-2.21%,205000
SEER,2022-02-14,16.33,16.88,15.26,15.41,-0.99,-6.04%,213000
SEER,2022-02-15,15.89,16.535,15.74,16.01,0.6,+3.89%,208800
SEER,2022-02-16,15.8,15.85,15.1,15.65,-0.36,-2.25%,167200
SEER,2022-02-17,15.41,15.42,14.085,14.14,-1.51,-9.65%,153500
SEER,2022-02-18,14.17,14.315,12.71,12.8,-1.34,-9.48%,841200
SEER,2022-02-22,12.96,13.11,12.415,12.83,0.03,+0.23%,337700
SEER,2022-02-23,13.05,13.05,11.83,11.89,-0.94,-7.33%,260900
SEER,2022-02-24,11.19,13.89,11.18,13.59,1.7,+14.30%,578100
SEER,2022-02-25,13.43,14.82,12.76,14.76,1.17,+8.61%,442800
SEER,2022-02-28,14.57,15.67,14.41,15.32,0.56,+3.79%,639200
SEER,2022-03-01,14.85,15.9,13.2,13.79,-1.53,-9.99%,645900
SEER,2022-03-02,13.83,14.21,13.16,13.84,0.05,+0.36%,325500
SEER,2022-03-03,13.95,13.95,12.99,13.18,-0.66,-4.77%,398400
SEER,2022-03-04,12.89,13.29,12.09,12.5,-0.68,-5.16%,444800
SEER,2022-03-07,12.5,12.98,11.77,11.99,-0.51,-4.08%,567100
SEER,2022-03-08,12.16,12.67,11.7,12.05,0.06,+0.50%,473900
SEER,2022-03-09,12.58,13.65,12.58,13.55,1.5,+12.45%,194100
SEER,2022-03-10,13.14,13.61,12.73,13.22,-0.33,-2.44%,243600
SEER,2022-03-11,13.41,13.41,12.32,12.35,-0.87,-6.58%,148900
SEER,2022-03-14,12.46,12.62,11.52,11.88,-0.47,-3.81%,415700
SEER,2022-03-15,11.8,12.46,11.72,12.01,0.13,+1.09%,640300
SEER,2022-03-16,12.37,12.96,12.18,12.96,0.95,+7.91%,339700
SEER,2022-03-17,12.75,14.35,12.62,14.32,1.36,+10.49%,395600
SEER,2022-03-18,13.98,15.55,13.98,15.52,1.2,+8.38%,496700
SEER,2022-03-21,15.35,15.35,13.86,14.17,-1.35,-8.70%,461700
SEER,2022-03-22,14.28,15.93,14.19,15.39,1.22,+8.61%,398500
SEER,2022-03-23,15.01,15.44,14.43,15.1,-0.29,-1.88%,296800
SEER,2022-03-24,15.2,15.21,14.13,14.18,-0.92,-6.09%,360800
SEER,2022-03-25,14.24,14.26,13.19,13.49,-0.69,-4.87%,216300
SEER,2022-03-28,13.56,14.15,13.13,13.79,0.3,+2.22%,138500
SEER,2022-03-29,13.7,15.2,13.7,15.09,1.3,+9.43%,240800
SEER,2022-03-30,14.95,15.37,14.95,15.03,-0.06,-0.40%,187000
SEER,2022-03-31,14.96,15.54,14.91,15.24,0.21,+1.40%,212700
SEER,2022-04-01,15.37,15.88,15.02,15.86,0.62,+4.07%,178500
SEER,2022-04-04,15.97,16.53,15.89,16.07,0.21,+1.32%,341700
SEER,2022-04-05,16.02,16.09,14.97,15.17,-0.9,-5.60%,353300
SEER,2022-04-06,14.75,14.99,12.83,13.25,-1.92,-12.66%,498900
SEER,2022-04-07,13.23,13.63,12.27,12.95,-0.3,-2.26%,292600
SEER,2022-04-08,12.87,13.12,12.15,12.33,-0.62,-4.79%,300200
SEER,2022-04-11,12.09,12.53,11.82,12.1,-0.23,-1.87%,200800
SEER,2022-04-12,12.38,12.965,11.82,12.02,-0.08,-0.66%,156900
SEER,2022-04-13,12.01,12.98,11.96,12.75,0.73,+6.07%,242200
SEER,2022-04-14,12.73,12.73,11.43,11.46,-1.29,-10.12%,279700
SEER,2022-04-18,11.43,11.4997,10.52,10.75,-0.71,-6.20%,240000
SEER,2022-04-19,10.79,11.16,10.58,10.76,0.01,+0.09%,263200
SEER,2022-04-20,10.18,10.72,9.75,10.2,-0.56,-5.20%,336300
SEER,2022-04-21,10.47,10.5,9.1,9.15,-1.05,-10.29%,396700
SEER,2022-04-22,9.08,9.29,8.6001,8.74,-0.41,-4.48%,310600
SEER,2022-04-25,8.7,8.89,8.29,8.69,-0.05,-0.57%,540100
SEER,2022-04-26,8.54,8.83,7.975,7.99,-0.7,-8.06%,444600
SEER,2022-04-27,8.01,8.4431,7.95,8.08,0.09,+1.13%,371000
SEER,2022-04-28,8.21,8.385,7.71,7.775,-0.305,-3.77%,470100
SEER,2022-04-29,7.73,7.935,7.19,7.28,-0.495,-6.37%,608000
SEER,2022-05-02,7.19,8.73,7.08,8.46,1.18,+16.21%,747800
SEER,2022-05-03,8.38,8.77,8.15,8.53,0.07,+0.83%,469400
SEER,2022-05-04,8.57,9.175,8.12,9.04,0.51,+5.98%,417800
SEER,2022-05-05,8.91,9.87,8.54,9,-0.04,-0.44%,644800
SEER,2022-05-06,8.86,9.51,8.3701,9.29,0.29,+3.22%,639300
SEER,2022-05-09,8.86,9.226,7.7,8.04,-1.25,-13.46%,465100
SEER,2022-05-10,8.38,8.7,7.37,7.71,-0.33,-4.10%,540500
SEER,2022-05-11,7.61,7.94,6.84,7.02,-0.69,-8.95%,394300
SEER,2022-05-12,6.87,7.73,6.86,7.43,0.41,+5.84%,566600
SEER,2022-05-13,7.7,8.97,7.7,8.7,1.27,+17.09%,571200
SEER,2022-05-16,8.6,8.86,8.28,8.59,-0.11,-1.26%,485500
SEER,2022-05-17,8.89,9.1,8.224,8.32,-0.27,-3.14%,303400
SEER,2022-05-18,7.98,8.41,7.61,7.63,-0.69,-8.29%,301800
SEER,2022-05-19,7.63,7.93,7.38,7.75,0.12,+1.57%,404800
SEER,2022-05-20,7.97,8.125,7.1713,7.74,-0.01,-0.13%,302400
SEER,2022-05-23,7.73,7.98,7.57,7.62,-0.12,-1.55%,464800
SEER,2022-05-24,7.42,7.42,7.03,7.12,-0.5,-6.56%,380700
SEER,2022-05-25,7.02,7.51,6.8,7.5,0.38,+5.34%,559000
SEER,2022-05-26,7.54,8.4,7.445,7.98,0.48,+6.40%,411000
SEER,2022-05-27,8.06,8.85,8.06,8.85,0.87,+10.90%,294300
SEER,2022-05-31,8.8,8.96,8.29,8.88,0.03,+0.34%,846400
SEER,2022-06-01,8.92,9.09,8.23,8.36,-0.52,-5.86%,385900
SEER,2022-06-02,8.26,9.38,8.26,9.25,0.89,+10.65%,396000
SEER,2022-06-03,8.97,9.31,8.73,9.02,-0.23,-2.49%,295000
SEER,2022-06-06,9.35,9.35,8.51,8.65,-0.37,-4.10%,304100
SEER,2022-06-07,8.51,9,8.47,8.82,0.17,+1.97%,348600
SEER,2022-06-08,8.78,9.43,8.7,9.14,0.32,+3.63%,326400
SEER,2022-06-09,9.01,9.02,7.93,7.96,-1.18,-12.91%,335700
SEER,2022-06-10,7.65,7.92,7.39,7.4,-0.56,-7.04%,297900
SEER,2022-06-13,7,7.18,6.63,6.72,-0.68,-9.19%,368600
SEER,2022-06-14,6.82,7.32,6.44,7.08,0.36,+5.36%,534400
SEER,2022-06-15,7.24,7.56,7.08,7.33,0.25,+3.53%,544200
SEER,2022-06-16,7.01,7.52,6.85,7.22,-0.11,-1.50%,512000
SEER,2022-06-17,7.36,7.76,7.19,7.29,0.07,+0.97%,896500
SEER,2022-06-21,7.2,7.75,7.2,7.4,0.11,+1.51%,381000
SEER,2022-06-22,7.21,7.97,7.21,7.61,0.21,+2.84%,334300
SEER,2022-06-23,7.67,8.49,7.61,8.45,0.84,+11.04%,386600
SEER,2022-06-24,8.58,9.76,8.55,9.54,1.09,+12.90%,2885100
SEER,2022-06-27,9.53,9.53,8.4,8.53,-1.01,-10.59%,456300
SEER,2022-06-28,8.56,8.93,8.36,8.55,0.02,+0.23%,305800
SEER,2022-06-29,8.49,8.75,8.23,8.63,0.08,+0.94%,409700
SEER,2022-06-30,8.39,8.98,8.27,8.95,0.32,+3.71%,345000
SEER,2022-07-01,8.98,9.84,8.735,9.81,0.86,+9.61%,275900
SEER,2022-07-05,9.55,10.73,9.34,10.71,0.9,+9.17%,396000
SEER,2022-07-06,10.73,11,10.26,10.35,-0.36,-3.36%,216500
SEER,2022-07-07,10.38,10.99,10.1409,10.94,0.59,+5.70%,172800
SEER,2022-07-08,10.71,11.08,10.38,10.72,-0.22,-2.01%,201700
SEER,2022-07-11,10.71,10.71,10.1,10.21,-0.51,-4.76%,149000
SEER,2022-07-12,10.24,10.69,9.83,10.57,0.36,+3.53%,198100
SEER,2022-07-13,10.24,10.82,10.1456,10.7,0.13,+1.23%,126600
SEER,2022-07-14,10.6,10.62,9.86,10.07,-0.63,-5.89%,138100
SEER,2022-07-15,10.34,10.36,9.67,10.23,0.16,+1.59%,216700
SEER,2022-07-18,10.5,10.78,9.54,9.59,-0.64,-6.26%,164200
SEER,2022-07-19,9.75,9.91,9.04,9.25,-0.34,-3.55%,232300
SEER,2022-07-20,9.37,9.73,9.03,9.44,0.19,+2.05%,382400
SEER,2022-07-21,9.46,9.74,9.34,9.57,0.13,+1.38%,303800
SEER,2022-07-22,9.58,9.58,8.73,8.89,-0.68,-7.11%,247800
SEER,2022-07-25,8.9,9.07,8.57,8.99,0.1,+1.12%,189100
SEER,2022-07-26,8.87,9.05,8.69,8.97,-0.02,-0.22%,255300
SEER,2022-07-27,9.17,9.17,8.84,9.02,0.05,+0.56%,305300
SEER,2022-07-28,9.04,9.065,8.6017,9,-0.02,-0.22%,224500
SEER,2022-07-29,8.91,9.02,8.74,9,0,0.00%,166300
SEER,2022-08-01,8.84,9.04,8.64,8.86,-0.14,-1.56%,253400
SEER,2022-08-02,8.78,9.12,8.75,8.94,0.08,+0.90%,224800
SEER,2022-08-03,9.16,10.25,9.16,10.14,1.2,+13.42%,230700
SEER,2022-08-04,10.14,10.83,10.04,10.69,0.55,+5.42%,255100
SEER,2022-08-05,10.38,10.91,10.2,10.89,0.2,+1.87%,172600
SEER,2022-08-08,11.08,11.425,10.96,11.14,0.25,+2.30%,286100
SEER,2022-08-09,10.98,10.98,10.27,10.27,-0.87,-7.81%,227600
SEER,2022-08-10,9.99,13.4,9.99,13.31,3.04,+29.60%,695800
SEER,2022-08-11,12.28,13.09,9.751,10.69,-2.62,-19.68%,749400
SEER,2022-08-12,10.72,12.06,10.03,11.91,1.22,+11.41%,604300
SEER,2022-08-15,11.69,12.43,11.3,11.8,-0.11,-0.92%,323600
SEER,2022-08-16,11.6,11.6,10.31,10.91,-0.89,-7.54%,321600
SEER,2022-08-17,10.64,11.12,10.64,10.91,0,0.00%,307000
SEER,2022-08-18,10.78,11,10.18,10.51,-0.4,-3.67%,174200
SEER,2022-08-19,10.22,10.35,10,10.32,-0.19,-1.81%,234100
SEER,2022-08-22,10.1,10.31,9.85,10,-0.32,-3.10%,384200
SEER,2022-08-23,10.02,10.23,9.905,10,0,0.00%,220900
SEER,2022-08-24,10.01,10.92,9.9,10.67,0.67,+6.70%,100800
SEER,2022-08-25,10.87,11.25,10.71,11.23,0.56,+5.25%,133400
SEER,2022-08-26,11.15,11.38,9.97,10.12,-1.11,-9.88%,260800
SEER,2022-08-29,9.89,10.04,8.91,9.04,-1.08,-10.67%,391700
SEER,2022-08-30,9.17,9.3,8.97,9.29,0.25,+2.77%,425900
SEER,2022-08-31,9.47,10.12,9.29,10.1,0.81,+8.72%,282700
SEER,2022-09-01,9.91,9.98,9.37,9.91,-0.19,-1.88%,469500
SEER,2022-09-02,9.97,10.16,8.79,9.07,-0.84,-8.48%,227500
SEER,2022-09-06,9.1,9.51,8.59,9.4,0.33,+3.64%,316700
SEER,2022-09-07,9.26,9.84,9.175,9.72,0.32,+3.40%,197500
SEER,2022-09-08,9.56,10.095,9.56,9.76,0.04,+0.41%,168300
SEER,2022-09-09,9.89,10.19,9.815,9.97,0.21,+2.15%,222500
SEER,2022-09-12,9.97,10.275,9.935,10.22,0.25,+2.51%,167700
SEER,2022-09-13,9.66,9.965,9.445,9.73,-0.49,-4.79%,381800
SEER,2022-09-14,9.75,9.8,8.45,8.59,-1.14,-11.72%,265600
SEER,2022-09-15,8.48,9.07,8.48,8.54,-0.05,-0.58%,289400
SEER,2022-09-16,8.24,8.55,7.19,8.47,-0.07,-0.82%,603900
SEER,2022-09-19,8.34,8.5,7.975,8.5,0.03,+0.35%,170200
SEER,2022-09-20,8.54,8.54,8.02,8.14,-0.36,-4.24%,146200
SEER,2022-09-21,8.21,8.66,7.88,8.18,0.04,+0.49%,221500
SEER,2022-09-22,8.05,8.195,7.61,8.01,-0.17,-2.08%,236800
SEER,2022-09-23,7.94,8.02,7.65,7.85,-0.16,-2.00%,233100
SEER,2022-09-26,7.72,8.17,7.52,7.7,-0.15,-1.91%,206800
SEER,2022-09-27,7.86,8.08,7.7001,7.86,0.16,+2.08%,207900
SEER,2022-09-28,7.98,8.78,7.98,8.4,0.54,+6.87%,310400
SEER,2022-09-29,8.17,8.31,7.86,7.99,-0.41,-4.88%,227500
SEER,2022-09-30,7.98,8.225,7.68,7.74,-0.25,-3.13%,245500
SEER,2022-10-03,7.95,8.03,7.61,7.96,0.22,+2.84%,177000
SEER,2022-10-04,8.24,8.26,7.955,8.12,0.16,+2.01%,310800
SEER,2022-10-05,7.9,8.0475,7.77,7.97,-0.15,-1.85%,135800
SEER,2022-10-06,8.05,8.295,7.86,7.95,-0.02,-0.25%,120200
SEER,2022-10-07,7.73,7.8,7.21,7.23,-0.72,-9.06%,196700
SEER,2022-10-10,7.21,7.23,6.94,7.2,-0.03,-0.41%,246200
SEER,2022-10-11,7.18,7.295,6.69,6.91,-0.29,-4.03%,283600
SEER,2022-10-12,6.83,7.02,6.67,6.68,-0.23,-3.33%,265200
SEER,2022-10-13,6.44,6.73,5.96,6.61,-0.07,-1.05%,339400
SEER,2022-10-14,6.68,6.68,6.18,6.23,-0.38,-5.75%,239200
SEER,2022-10-17,6.39,6.435,6.04,6.27,0.04,+0.64%,371600
SEER,2022-10-18,6.52,7.02,6.38,6.98,0.71,+11.32%,479600
SEER,2022-10-19,6.79,6.82,6.28,6.5,-0.48,-6.88%,313500
SEER,2022-10-20,6.44,6.84,6.36,6.56,0.06,+0.92%,165800
SEER,2022-10-21,6.6,6.765,6.26,6.68,0.12,+1.83%,186700
SEER,2022-10-24,6.7,6.99,6.36,6.94,0.26,+3.89%,232200
SEER,2022-10-25,6.97,7.74,6.79,7.3,0.36,+5.19%,310900
SEER,2022-10-26,7.34,7.56,7.29,7.35,0.05,+0.68%,406700
SEER,2022-10-27,7.46,7.78,7.05,7.1,-0.25,-3.40%,996200
SEER,2022-10-28,7.19,7.81,7.08,7.7,0.6,+8.45%,323500
SEER,2022-10-31,7.62,8.025,7.55,7.83,0.13,+1.69%,448100
SEER,2022-11-01,8.03,8.07,7.66,7.77,-0.06,-0.77%,285300
SEER,2022-11-02,7.76,7.99,7.37,7.39,-0.38,-4.89%,222500
SEER,2022-11-03,7.19,7.86,7.19,7.49,0.1,+1.35%,172500
SEER,2022-11-04,7.64,7.67,7.26,7.65,0.16,+2.14%,233400
SEER,2022-11-07,7.74,7.78,6.93,7.03,-0.62,-8.10%,261500
SEER,2022-11-08,7.1,7.1,6.3,6.43,-0.6,-8.53%,486600
SEER,2022-11-09,6.23,7.82,6.23,6.79,0.36,+5.60%,525900
SEER,2022-11-10,7.16,8.21,7.16,8.17,1.38,+20.32%,351100
SEER,2022-11-11,7.99,8.74,7.99,8.58,0.41,+5.02%,284800
SEER,2022-11-14,8.41,8.46,7.77,7.82,-0.76,-8.86%,222600
SEER,2022-11-15,8.09,8.4,8,8.21,0.39,+4.99%,230500
SEER,2022-11-16,8,8,7.39,7.46,-0.75,-9.14%,193100
SEER,2022-11-17,7.25,7.39,6.83,6.99,-0.47,-6.30%,198800
SEER,2022-11-18,7.24,7.24,6.5,6.56,-0.43,-6.15%,281700
SEER,2022-11-21,6.49,6.49,6.1,6.16,-0.4,-6.10%,310500
SEER,2022-11-22,6.18,6.27,5.83,6.12,-0.04,-0.65%,320700
SEER,2022-11-23,6.07,6.31,6.0101,6.18,0.06,+0.98%,284100
SEER,2022-11-25,6.13,6.46,6,6.46,0.28,+4.53%,162500
SEER,2022-11-28,6.35,6.475,5.97,6.07,-0.39,-6.04%,394100
SEER,2022-11-29,6.07,6.32,5.96,6.13,0.06,+0.99%,292100
SEER,2022-11-30,6.16,6.52,5.94,6.46,0.33,+5.38%,417700
SEER,2022-12-01,6.55,7,6.53,6.86,0.4,+6.19%,263400
SEER,2022-12-02,6.67,7.25,6.45,7.06,0.2,+2.92%,352700
SEER,2022-12-05,6.99,7.045,6.72,6.8,-0.26,-3.68%,254500
SEER,2022-12-06,6.78,6.78,6.5,6.68,-0.12,-1.76%,191300
SEER,2022-12-07,6.57,6.785,6.44,6.47,-0.21,-3.14%,217900
SEER,2022-12-08,6.54,6.66,6.17,6.51,0.04,+0.62%,280800
SEER,2022-12-09,6.39,6.52,6.05,6.06,-0.45,-6.91%,226600
SEER,2022-12-12,6.07,6.51,6.07,6.3,0.24,+3.96%,325100
SEER,2022-12-13,6.73,6.75,6.12,6.2,-0.1,-1.59%,317900
SEER,2022-12-14,6.26,6.53,6.16,6.24,0.04,+0.65%,488000
SEER,2022-12-15,6.19,6.41,6.01,6.32,0.08,+1.28%,434100
SEER,2022-12-16,6.24,6.75,6.23,6.26,-0.06,-0.95%,1102800
SEER,2022-12-19,6.26,6.44,5.29,5.52,-0.74,-11.82%,625500
SEER,2022-12-20,5.45,5.78,5.42,5.44,-0.08,-1.45%,535600
SEER,2022-12-21,5.51,5.72,5.41,5.5,0.06,+1.10%,265300
SEER,2022-12-22,5.42,5.69,5.26,5.68,0.18,+3.27%,346500
SEER,2022-12-23,5.59,5.74,5.48,5.65,-0.03,-0.53%,297100
SEER,2022-12-27,5.64,5.64,5.06,5.07,-0.58,-10.27%,241900
SEER,2022-12-28,5.1,5.21,4.86,5.03,-0.04,-0.79%,248100
SEER,2022-12-29,5.09,5.68,5,5.68,0.65,+12.92%,290900
SEER,2022-12-30,5.57,5.858,5.51,5.8,0.12,+2.11%,236200
SEER,2023-01-03,5.93,6.07,5.62,5.85,0.05,+0.86%,287000
SEER,2023-01-04,5.52,5.82,4.51,4.56,-1.29,-22.05%,787000
SEER,2023-01-05,4.53,4.56,3.92,4.24,-0.32,-7.02%,1096500
SEER,2023-01-06,4.32,4.665,4.12,4.6,0.36,+8.49%,429600
SEER,2023-01-09,4.65,5.205,4.605,5.04,0.44,+9.57%,437000
SEER,2023-01-10,4.97,5.71,4.86,5.67,0.63,+12.50%,361800
SEER,2023-01-11,5.66,5.99,5.52,5.88,0.21,+3.70%,240600
SEER,2023-01-12,5.83,5.91,5.46,5.61,-0.27,-4.59%,210300
SEER,2023-01-13,5.54,5.6591,5.1,5.2,-0.41,-7.31%,270100
SEER,2023-01-17,5.12,5.5,5.03,5.44,0.24,+4.62%,301400
SEER,2023-01-18,5.51,5.65,5.21,5.36,-0.08,-1.47%,261600
SEER,2023-01-19,5.3,5.34,5.13,5.24,-0.12,-2.24%,341200
SEER,2023-01-20,5.25,5.365,5.08,5.11,-0.13,-2.48%,287200
SEER,2023-01-23,5.13,5.13,4.91,5.12,0.01,+0.20%,376500
SEER,2023-01-24,5.09,5.29,4.93,4.98,-0.14,-2.73%,335500
SEER,2023-01-25,4.93,4.98,4.74,4.97,-0.01,-0.20%,180800
SEER,2023-01-26,5.07,5.14,4.85,4.93,-0.04,-0.80%,174600
SEER,2023-01-27,4.92,5.16,4.87,5.07,0.14,+2.84%,150100
SEER,2023-01-30,5.01,5.07,4.51,4.56,-0.51,-10.06%,463000
SEER,2023-01-31,4.56,4.84,4.51,4.55,-0.01,-0.22%,288300
SEER,2023-02-01,4.54,4.94,4.43,4.82,0.27,+5.93%,366500
SEER,2023-02-02,4.97,5.63,4.97,5.455,0.635,+13.17%,530900
SEER,2023-02-03,5.31,5.73,5.25,5.51,0.055,+1.01%,543200
SEER,2023-02-06,5.4,5.405,4.61,4.71,-0.8,-14.52%,613800
SEER,2023-02-07,4.67,4.83,4.45,4.78,0.07,+1.49%,514700
SEER,2023-02-08,4.73,4.9,4.61,4.75,-0.03,-0.63%,207100
SEER,2023-02-09,4.75,4.76,4.5,4.57,-0.18,-3.79%,279400
SEER,2023-02-10,4.55,4.67,4.46,4.64,0.07,+1.53%,183600
SEER,2023-02-13,4.66,4.71,4.58,4.7,0.06,+1.29%,269700
SEER,2023-02-14,4.67,4.69,4.45,4.55,-0.15,-3.19%,289500
SEER,2023-02-15,4.49,4.7,4.44,4.59,0.04,+0.88%,329200
SEER,2023-02-16,4.53,4.61,4.39,4.41,-0.18,-3.92%,337700
SEER,2023-02-17,4.47,4.47,4.15,4.44,0.03,+0.68%,431400
SEER,2023-02-21,4.14,4.28,3.93,3.94,-0.5,-11.26%,670600
SEER,2023-02-22,3.94,4.01,3.84,3.97,0.03,+0.76%,509900
SEER,2023-02-23,3.99,4.13,3.89,3.93,-0.04,-1.01%,449400
SEER,2023-02-24,3.82,3.86,3.6,3.72,-0.21,-5.34%,371500
SEER,2023-02-27,3.8,4.02,3.665,3.91,0.19,+5.11%,878300
SEER,2023-02-28,3.9,4.3,3.88,4.09,0.18,+4.60%,457400
SEER,2023-03-01,4.11,4.11,3.84,3.91,-0.18,-4.40%,318000
SEER,2023-03-02,3.91,4.27,3.72,4.21,0.3,+7.67%,409400
SEER,2023-03-03,4.21,6.18,4.15,5.45,1.24,+29.45%,3145600
SEER,2023-03-06,5.42,5.48,4.87,4.99,-0.46,-8.44%,783700
SEER,2023-03-07,4.98,4.99,4.54,4.725,-0.265,-5.31%,532700
SEER,2023-03-08,4.73,4.79,4.4701,4.66,-0.065,-1.38%,337700
SEER,2023-03-09,4.71,4.79,4.48,4.49,-0.17,-3.65%,235500
SEER,2023-03-10,4.51,4.57,4.22,4.33,-0.16,-3.56%,336424
SEER,2023-03-13,4.23,4.51,4.11,4.47,0.14,+3.23%,342300
SEER,2023-03-14,4.67,4.7,4.37,4.51,0.04,+0.89%,379300
SEER,2023-03-15,4.36,4.64,4.27,4.58,0.07,+1.55%,528400
SEER,2023-03-16,4.53,4.93,4.42,4.73,0.15,+3.28%,451600
SEER,2023-03-17,4.7,4.72,4.38,4.49,-0.24,-5.07%,694900
SEER,2023-03-20,4.54,4.61,4.01,4.04,-0.45,-10.02%,691400
SEER,2023-03-21,4.12,4.355,4.0694,4.19,0.15,+3.71%,517400
SEER,2023-03-22,4.18,4.24,3.63,3.635,-0.555,-13.25%,422000
SEER,2023-03-23,3.67,3.87,3.59,3.78,0.145,+3.99%,500700
SEER,2023-03-24,3.73,3.98,3.67,3.76,-0.02,-0.53%,415100
SEER,2023-03-27,3.81,3.88,3.7425,3.83,0.07,+1.86%,281400
SEER,2023-03-28,3.79,3.9,3.6,3.67,-0.16,-4.18%,268100
SEER,2023-03-29,3.72,3.775,3.515,3.73,0.06,+1.63%,389800
SEER,2023-03-30,3.79,3.835,3.57,3.6,-0.13,-3.49%,191900
SEER,2023-03-31,3.64,3.95,3.555,3.86,0.26,+7.22%,446400
SEER,2023-04-03,3.82,3.855,3.65,3.76,-0.1,-2.59%,238700
SEER,2023-04-04,3.75,3.75,3.54,3.7,-0.06,-1.60%,352200
SEER,2023-04-05,3.71,3.71,3.53,3.57,-0.13,-3.51%,325400
SEER,2023-04-06,3.58,3.74,3.5,3.72,0.15,+4.20%,524700
SEER,2023-04-10,3.71,3.735,3.58,3.73,0.01,+0.27%,363900
SEER,2023-04-11,3.75,3.905,3.74,3.87,0.14,+3.75%,377800
SEER,2023-04-12,3.94,4,3.79,3.88,0.01,+0.26%,301400
SEER,2023-04-13,3.89,4.38,3.89,4.17,0.29,+7.47%,532800
SEER,2023-04-14,4.18,4.195,3.87,3.9,-0.27,-6.47%,245400
SEER,2023-04-17,3.91,4.09,3.9,4.07,0.17,+4.36%,212500
SEER,2023-04-18,4.03,4.03,3.85,3.89,-0.18,-4.42%,135800
SEER,2023-04-19,3.84,3.93,3.79,3.89,0,0.00%,102600
SEER,2023-04-20,3.83,3.88,3.65,3.68,-0.21,-5.40%,125000
SEER,2023-04-21,3.67,3.8,3.64,3.77,0.09,+2.45%,133500
SEER,2023-04-24,3.77,3.78,3.64,3.75,-0.02,-0.53%,170400
SEER,2023-04-25,3.69,3.71,3.52,3.54,-0.21,-5.60%,390000
SEER,2023-04-26,3.56,3.56,3.18,3.23,-0.31,-8.76%,321900
SEER,2023-04-27,3.26,3.37,3.18,3.22,-0.01,-0.31%,170000
SEER,2023-04-28,3.2,3.4752,3.07,3.34,0.12,+3.73%,323300
SEER,2023-05-01,3.34,3.49,3.28,3.43,0.09,+2.69%,235600
SEER,2023-05-02,3.4,3.51,3.24,3.26,-0.17,-4.96%,244700
SEER,2023-05-03,3.29,3.5,3.29,3.4,0.14,+4.29%,264700
SEER,2023-05-04,3.35,3.46,3.335,3.45,0.05,+1.47%,183500
SEER,2023-05-05,3.53,3.6368,3.45,3.62,0.17,+4.93%,277300
SEER,2023-05-08,3.61,3.63,3.45,3.56,-0.06,-1.66%,195500
SEER,2023-05-09,3.5,3.68,3.31,3.64,0.08,+2.25%,199800
SEER,2023-05-10,3.61,3.84,3.39,3.48,-0.16,-4.40%,307900
SEER,2023-05-11,3.42,3.45,3.26,3.3,-0.18,-5.17%,250500
SEER,2023-05-12,3.3,3.3,3.11,3.16,-0.14,-4.24%,251400
SEER,2023-05-15,3.19,3.34,3.14,3.3,0.14,+4.43%,321600
SEER,2023-05-16,3.23,3.36,3.17,3.24,-0.06,-1.82%,262000
SEER,2023-05-17,3.26,3.64,3.21,3.61,0.37,+11.42%,319100
SEER,2023-05-18,3.59,3.76,3.461,3.61,0,0.00%,161900
SEER,2023-05-19,3.69,3.82,3.68,3.79,0.18,+4.99%,156200
SEER,2023-05-22,3.83,4.0299,3.795,3.95,0.16,+4.22%,335700
SEER,2023-05-23,3.93,4.05,3.84,3.86,-0.09,-2.28%,255000
SEER,2023-05-24,3.83,4.07,3.66,3.94,0.08,+2.07%,441600
SEER,2023-05-25,3.95,3.97,3.66,3.68,-0.26,-6.60%,151700
SEER,2023-05-26,3.68,3.74,3.45,3.57,-0.11,-2.99%,225300
SEER,2023-05-30,3.62,3.91,3.61,3.73,0.16,+4.48%,368100
SEER,2023-05-31,3.69,3.79,3.55,3.68,-0.05,-1.34%,1027300
SEER,2023-06-01,3.68,3.96,3.6,3.94,0.26,+7.07%,194800
SEER,2023-06-02,4,4.09,3.78,4.07,0.13,+3.30%,229600
SEER,2023-06-05,4,4.55,3.945,4.47,0.4,+9.83%,395000
SEER,2023-06-06,4.46,5.14,4.43,4.86,0.39,+8.72%,586600
SEER,2023-06-07,4.91,5.15,4.85,4.96,0.1,+2.06%,318600
SEER,2023-06-08,4.94,4.97,4.685,4.76,-0.2,-4.03%,169000
SEER,2023-06-09,4.78,4.9,4.72,4.82,0.06,+1.26%,121700
SEER,2023-06-12,4.81,4.87,4.42,4.47,-0.35,-7.26%,263200
SEER,2023-06-13,4.5,4.64,4.42,4.59,0.12,+2.68%,289300
SEER,2023-06-14,4.65,4.72,4.28,4.33,-0.26,-5.66%,272800
SEER,2023-06-15,4.33,4.485,4.07,4.37,0.04,+0.92%,268000
SEER,2023-06-16,4.43,4.4786,4.2,4.43,0.06,+1.37%,1258900
SEER,2023-06-20,4.43,4.62,4.36,4.62,0.19,+4.29%,151400
SEER,2023-06-21,4.56,4.61,4.4,4.46,-0.16,-3.46%,160900
SEER,2023-06-22,4.41,4.54,4.23,4.51,0.05,+1.12%,195400
SEER,2023-06-23,4.4,4.53,4.295,4.42,-0.09,-2.00%,1082600
SEER,2023-06-26,4.38,4.48,4.24,4.24,-0.18,-4.07%,229500
SEER,2023-06-27,4.26,4.33,4.135,4.26,0.02,+0.47%,148100
SEER,2023-06-28,4.25,4.33,4.19,4.32,0.06,+1.41%,103800
SEER,2023-06-29,4.34,4.4,4.26,4.32,0,0.00%,115200
SEER,2023-06-30,4.4,4.49,4.25,4.27,-0.05,-1.16%,138400
SEER,2023-07-03,4.29,4.36,4.05,4.08,-0.19,-4.45%,160800
SEER,2023-07-05,4.04,4.3,4.03,4.26,0.18,+4.41%,167500
SEER,2023-07-06,4.23,4.26,4.04,4.13,-0.13,-3.05%,126700
SEER,2023-07-07,4.13,4.28,4.13,4.22,0.09,+2.18%,92700
SEER,2023-07-10,4.23,4.73,4.195,4.61,0.39,+9.24%,156000
SEER,2023-07-11,4.61,4.88,4.6,4.84,0.23,+4.99%,165900
SEER,2023-07-12,5,5.02,4.9,4.96,0.12,+2.48%,128200
SEER,2023-07-13,5,5.17,4.9,5.17,0.21,+4.23%,253400
SEER,2023-07-14,5.13,5.15,4.74,4.78,-0.39,-7.54%,168800
SEER,2023-07-17,4.79,4.97,4.68,4.93,0.15,+3.14%,129500
SEER,2023-07-18,4.93,5.1,4.92,5.03,0.1,+2.03%,117800
SEER,2023-07-19,5.06,5.4,5.0304,5.33,0.3,+5.96%,131000
SEER,2023-07-20,5.31,5.565,5.31,5.52,0.19,+3.56%,192000
SEER,2023-07-21,5.61,5.65,4.905,5.1,-0.42,-7.61%,338300
SEER,2023-07-24,5.08,5.28,4.7,4.73,-0.37,-7.25%,288800
SEER,2023-07-25,4.74,4.92,4.71,4.84,0.11,+2.33%,78100
SEER,2023-07-26,4.83,5.1,4.83,5.02,0.18,+3.72%,90900
SEER,2023-07-27,5.07,5.09,4.85,4.91,-0.11,-2.19%,200400
SEER,2023-07-28,5.02,5.05,4.87,4.95,0.04,+0.81%,94400
SEER,2023-07-31,4.96,5.08,4.91,5.06,0.11,+2.22%,107300
SEER,2023-08-01,5.04,5.125,4.83,4.85,-0.21,-4.15%,318800
SEER,2023-08-02,4.78,4.9,4.76,4.84,-0.01,-0.21%,98700
SEER,2023-08-03,4.8,4.865,4.735,4.81,-0.03,-0.62%,95000
SEER,2023-08-04,4.82,5.03,4.82,4.97,0.16,+3.33%,141100
SEER,2023-08-07,5,5,4.53,4.63,-0.34,-6.84%,99800
SEER,2023-08-08,4.55,4.79,4.47,4.66,0.03,+0.65%,84400
SEER,2023-08-09,4.45,4.51,3,3.09,-1.57,-33.69%,958300
SEER,2023-08-10,3.08,3.12,2.73,2.79,-0.3,-9.71%,609100
SEER,2023-08-11,2.74,2.83,2.68,2.75,-0.04,-1.43%,496400
SEER,2023-08-14,2.77,2.88,2.6001,2.81,0.06,+2.18%,418200
SEER,2023-08-15,2.78,2.8391,2.64,2.69,-0.12,-4.27%,423600
SEER,2023-08-16,2.69,2.69,2.55,2.57,-0.12,-4.46%,368700
SEER,2023-08-17,2.61,2.63,2.54,2.56,-0.01,-0.39%,308700
SEER,2023-08-18,2.56,2.59,2.48,2.5,-0.06,-2.34%,450600
SEER,2023-08-21,2.54,2.55,2.415,2.45,-0.05,-2.00%,408900
SEER,2023-08-22,2.45,2.5,2.35,2.38,-0.07,-2.86%,423600
SEER,2023-08-23,2.42,2.455,2.34,2.39,0.01,+0.42%,562700
SEER,2023-08-24,2.38,2.49,2.32,2.45,0.06,+2.51%,535900
SEER,2023-08-25,2.6,2.65,2.45,2.5,0.05,+2.04%,449000
SEER,2023-08-28,2.5,2.56,2.45,2.495,-0.005,-0.20%,332400
SEER,2023-08-29,2.49,2.64,2.4639,2.61,0.115,+4.61%,325100
SEER,2023-08-30,2.59,2.63,2.54,2.58,-0.03,-1.15%,227000
SEER,2023-08-31,2.58,2.655,2.58,2.63,0.05,+1.94%,242500
SEER,2023-09-01,2.63,2.74,2.63,2.72,0.09,+3.42%,243600
SEER,2023-09-05,2.69,2.7,2.59,2.66,-0.06,-2.21%,281600
SEER,2023-09-06,2.67,2.67,2.58,2.63,-0.03,-1.13%,178300
SEER,2023-09-07,2.61,2.65,2.51,2.61,-0.02,-0.76%,329200
SEER,2023-09-08,2.62,2.62,2.54,2.58,-0.03,-1.15%,175100
SEER,2023-09-11,2.6,2.64,2.55,2.59,0.01,+0.39%,263100
SEER,2023-09-12,2.59,2.65,2.56,2.57,-0.02,-0.77%,266800
SEER,2023-09-13,2.57,2.63,2.51,2.58,0.01,+0.39%,370700
SEER,2023-09-14,2.59,2.62,2.52,2.57,-0.01,-0.39%,272400
SEER,2023-09-15,2.58,2.62,2.5,2.56,-0.01,-0.39%,512700
SEER,2023-09-18,2.57,2.57,2.39,2.4,-0.16,-6.25%,249700
SEER,2023-09-19,2.39,2.42,2.32,2.42,0.02,+0.83%,283400
SEER,2023-09-20,2.44,2.48,2.35,2.35,-0.07,-2.89%,182500
SEER,2023-09-21,2.33,2.35,2.25,2.27,-0.08,-3.40%,268500
SEER,2023-09-22,2.28,2.32,2.255,2.29,0.02,+0.88%,220500
SEER,2023-09-25,2.25,2.3,2.225,2.29,0,0.00%,198900
SEER,2023-09-26,2.27,2.35,2.23,2.24,-0.05,-2.18%,207100
SEER,2023-09-27,2.26,2.28,2.16,2.19,-0.05,-2.23%,285900
SEER,2023-09-28,2.2,2.23,2.11,2.18,-0.01,-0.46%,211300
SEER,2023-09-29,2.2,2.23,2.14,2.21,0.03,+1.38%,132300
SEER,2023-10-02,2.2,2.22,2.15,2.22,0.01,+0.45%,233000
SEER,2023-10-03,2.18,2.19,2.15,2.16,-0.06,-2.70%,172200
SEER,2023-10-04,2.19,2.19,2.03,2.11,-0.05,-2.31%,197500
SEER,2023-10-05,2.11,2.13,2.04,2.1,-0.01,-0.47%,217100
SEER,2023-10-06,2.07,2.15,2.05,2.14,0.04,+1.90%,124400
SEER,2023-10-09,2.1,2.1,1.98,2,-0.14,-6.54%,204700
SEER,2023-10-10,2.01,2.12,1.98,2.08,0.08,+4.00%,348600
SEER,2023-10-11,2.09,2.095,1.85,1.89,-0.19,-9.13%,496200
SEER,2023-10-12,1.88,1.92,1.8,1.84,-0.05,-2.65%,253500
SEER,2023-10-13,1.84,1.84,1.755,1.81,-0.03,-1.63%,436900
SEER,2023-10-16,1.81,1.97,1.81,1.96,0.15,+8.29%,345700
SEER,2023-10-17,1.96,2.1001,1.96,2,0.04,+2.04%,384600
SEER,2023-10-18,1.97,1.99,1.85,1.87,-0.13,-6.50%,331800
SEER,2023-10-19,1.87,1.88,1.8,1.85,-0.02,-1.07%,280400
SEER,2023-10-20,1.85,1.88,1.79,1.82,-0.03,-1.62%,301200
SEER,2023-10-23,1.81,1.895,1.7682,1.84,0.02,+1.10%,226400
SEER,2023-10-24,1.86,1.93,1.81,1.84,0,0.00%,239100
SEER,2023-10-25,1.84,1.84,1.73,1.77,-0.07,-3.80%,266200
SEER,2023-10-26,1.79,1.815,1.75,1.77,0,0.00%,175700
SEER,2023-10-27,1.77,1.8,1.675,1.69,-0.08,-4.52%,208800
SEER,2023-10-30,1.73,1.745,1.635,1.69,0,0.00%,195300
SEER,2023-10-31,1.69,1.7,1.63,1.64,-0.05,-2.96%,234000
SEER,2023-11-01,1.64,1.65,1.58,1.63,-0.01,-0.61%,284400
SEER,2023-11-02,1.63,1.72,1.62,1.65,0.02,+1.23%,378400
SEER,2023-11-03,1.7,1.84,1.69,1.82,0.17,+10.30%,437400
SEER,2023-11-06,1.81,1.81,1.71,1.76,-0.06,-3.30%,438000
SEER,2023-11-07,1.76,1.76,1.675,1.72,-0.04,-2.27%,273800
SEER,2023-11-08,1.65,1.7313,1.5403,1.63,-0.09,-5.23%,562500
SEER,2023-11-09,1.63,1.67,1.55,1.615,-0.015,-0.92%,350100
SEER,2023-11-10,1.6,1.6,1.46,1.56,-0.055,-3.41%,679600
SEER,2023-11-13,1.58,1.62,1.5,1.59,0.03,+1.92%,424600
SEER,2023-11-14,1.64,1.675,1.59,1.66,0.07,+4.40%,538700
SEER,2023-11-15,1.67,1.725,1.625,1.66,0,0.00%,510800
SEER,2023-11-16,1.64,1.68,1.455,1.47,-0.19,-11.45%,652400
SEER,2023-11-17,1.48,1.535,1.47,1.5,0.03,+2.04%,901300
SEER,2023-11-20,1.48,1.83,1.47,1.75,0.25,+16.67%,1123500
SEER,2023-11-21,1.71,1.8003,1.57,1.62,-0.13,-7.43%,744800
SEER,2023-11-22,1.65,1.755,1.59,1.64,0.02,+1.23%,606000
SEER,2023-11-24,1.62,1.78,1.62,1.7,0.06,+3.66%,360200
SEER,2023-11-27,1.7,1.72,1.64,1.68,-0.02,-1.18%,309100
SEER,2023-11-28,1.68,1.68,1.5701,1.67,-0.01,-0.60%,566200
SEER,2023-11-29,1.67,1.745,1.65,1.66,-0.01,-0.60%,329200
SEER,2023-11-30,1.64,1.66,1.59,1.61,-0.05,-3.01%,624000
SEER,2023-12-01,1.61,1.69,1.59,1.69,0.08,+4.97%,275900
SEER,2023-12-04,1.68,1.725,1.665,1.71,0.02,+1.18%,278200
SEER,2023-12-05,1.73,1.73,1.65,1.66,-0.05,-2.92%,208200
SEER,2023-12-06,1.69,1.7,1.6398,1.67,0.01,+0.60%,351000
SEER,2023-12-07,1.65,1.685,1.64,1.67,0,0.00%,180500
SEER,2023-12-08,1.7,1.715,1.6501,1.71,0.04,+2.40%,273000
SEER,2023-12-11,1.71,1.71,1.64,1.65,-0.06,-3.51%,567000
SEER,2023-12-12,1.66,1.69,1.59,1.67,0.02,+1.21%,312100
SEER,2023-12-13,1.69,1.865,1.6645,1.85,0.18,+10.78%,730600
SEER,2023-12-14,1.83,1.9747,1.7709,1.88,0.03,+1.62%,660300
SEER,2023-12-15,1.91,1.91,1.74,1.75,-0.13,-6.91%,1144100
SEER,2023-12-18,1.75,1.84,1.72,1.76,0.01,+0.57%,669300
SEER,2023-12-19,1.79,1.845,1.785,1.8,0.04,+2.27%,444700
SEER,2023-12-20,1.82,1.83,1.66,1.67,-0.13,-7.22%,500000
SEER,2023-12-21,1.71,1.75,1.68,1.75,0.08,+4.79%,364000
SEER,2023-12-22,1.76,1.88,1.75,1.82,0.07,+4.00%,787900
SEER,2023-12-26,1.87,1.92,1.74,1.8,-0.02,-1.10%,896700
SEER,2023-12-27,1.8,1.9,1.8,1.89,0.09,+5.00%,391300
SEER,2023-12-28,1.89,1.99,1.88,1.97,0.08,+4.23%,317300
SEER,2023-12-29,1.99,2,1.8801,1.94,-0.03,-1.52%,522400
SEER,2024-01-02,1.93,1.995,1.91,1.94,0,0.00%,396900
SEER,2024-01-03,1.91,1.92,1.84,1.89,-0.05,-2.58%,563200
SEER,2024-01-04,1.86,1.915,1.85,1.88,-0.01,-0.53%,277500
SEER,2024-01-05,1.84,1.85,1.755,1.83,-0.05,-2.66%,384400
SEER,2024-01-08,1.84,1.9,1.7801,1.88,0.05,+2.73%,408700
SEER,2024-01-09,1.85,1.92,1.83,1.9,0.02,+1.06%,283200
SEER,2024-01-10,1.91,1.93,1.845,1.9,0,0.00%,364200
SEER,2024-01-11,1.9,1.9,1.815,1.82,-0.08,-4.21%,286400
SEER,2024-01-12,1.86,1.89,1.78,1.79,-0.03,-1.65%,380700
SEER,2024-01-16,1.78,1.78,1.724,1.75,-0.04,-2.23%,555100
SEER,2024-01-17,1.76,1.76,1.66,1.69,-0.06,-3.43%,358700
SEER,2024-01-18,1.68,1.7,1.57,1.61,-0.08,-4.73%,429100
SEER,2024-01-19,1.62,1.64,1.55,1.61,0,0.00%,363400
SEER,2024-01-22,1.62,1.68,1.6,1.64,0.03,+1.86%,311400
SEER,2024-01-23,1.65,1.68,1.625,1.64,0,0.00%,231500
SEER,2024-01-24,1.68,1.69,1.6307,1.68,0.04,+2.44%,266800
SEER,2024-01-25,1.67,1.7,1.64,1.69,0.01,+0.60%,316200
SEER,2024-01-26,1.72,1.81,1.69,1.77,0.08,+4.73%,345400
SEER,2024-01-29,1.81,1.87,1.775,1.82,0.05,+2.82%,283100
SEER,2024-01-30,1.82,1.83,1.75,1.75,-0.07,-3.85%,214400
SEER,2024-01-31,1.75,1.82,1.71,1.72,-0.03,-1.71%,207400
SEER,2024-02-01,1.74,1.74,1.68,1.72,0,0.00%,155600
SEER,2024-02-02,1.7,1.73,1.64,1.71,-0.01,-0.58%,266900
SEER,2024-02-05,1.68,1.71,1.655,1.67,-0.04,-2.34%,206200
SEER,2024-02-06,1.66,1.78,1.66,1.77,0.1,+5.99%,239500
SEER,2024-02-07,1.8,1.8,1.715,1.76,-0.01,-0.56%,281600
SEER,2024-02-08,1.75,1.78,1.724,1.78,0.02,+1.14%,267800
SEER,2024-02-09,1.79,1.84,1.75,1.78,0,0.00%,278600
SEER,2024-02-12,1.78,1.86,1.775,1.78,0,0.00%,460900
SEER,2024-02-13,1.71,1.72,1.58,1.595,-0.185,-10.39%,468300
SEER,2024-02-14,1.64,1.64,1.51,1.585,-0.01,-0.63%,304100
SEER,2024-02-15,1.58,1.68,1.58,1.67,0.085,+5.36%,267200
SEER,2024-02-16,1.67,1.71,1.64,1.65,-0.02,-1.20%,351600
SEER,2024-02-20,1.62,1.66,1.555,1.57,-0.08,-4.85%,846100
SEER,2024-02-21,1.55,1.59,1.54,1.57,0,0.00%,436100
SEER,2024-02-22,1.58,1.59,1.53,1.57,0,0.00%,623700
SEER,2024-02-23,1.58,1.58,1.53,1.54,-0.03,-1.91%,323400
SEER,2024-02-26,1.54,1.69,1.53,1.68,0.14,+9.09%,405900
SEER,2024-02-27,1.7,1.86,1.66,1.79,0.11,+6.55%,1025600
SEER,2024-02-28,1.8,1.83,1.78,1.8,0.01,+0.56%,287300
SEER,2024-02-29,1.86,1.8638,1.78,1.82,0.02,+1.11%,505600
SEER,2024-03-01,1.8,1.87,1.77,1.82,0,0.00%,723000
SEER,2024-03-04,1.85,1.95,1.75,1.92,0.1,+5.49%,802200
SEER,2024-03-05,1.93,2.03,1.89,1.91,-0.01,-0.52%,2674800
SEER,2024-03-06,1.9,2.02,1.89,2.01,0.1,+5.24%,703000
SEER,2024-03-07,2.01,2.13,1.98,2.08,0.07,+3.48%,851300
SEER,2024-03-08,2.1,2.18,2.05,2.09,0.01,+0.48%,933400
SEER,2024-03-11,2.1,2.107,1.96,1.96,-0.13,-6.22%,422500
SEER,2024-03-12,1.96,1.97,1.88,1.92,-0.04,-2.04%,517500
SEER,2024-03-13,1.93,1.95,1.86,1.9,-0.02,-1.04%,410900
SEER,2024-03-14,1.93,1.93,1.785,1.8,-0.1,-5.26%,467800
SEER,2024-03-15,1.78,1.98,1.78,1.98,0.18,+10.00%,886500
SEER,2024-03-18,1.97,1.97,1.865,1.89,-0.09,-4.55%,373000
SEER,2024-03-19,1.9,1.93,1.855,1.92,0.03,+1.59%,256000
SEER,2024-03-20,1.91,1.98,1.86,1.93,0.01,+0.52%,362400
SEER,2024-03-21,1.95,1.9745,1.9,1.9,-0.03,-1.55%,239500
SEER,2024-03-22,1.9,1.91,1.865,1.9,0,0.00%,231500
SEER,2024-03-25,1.92,1.97,1.9,1.91,0.01,+0.53%,235600
SEER,2024-03-26,1.94,1.95,1.82,1.83,-0.08,-4.19%,333000
SEER,2024-03-27,1.85,1.965,1.83,1.94,0.11,+6.01%,231800
SEER,2024-03-28,1.97,2,1.87,1.9,-0.04,-2.06%,384200
SEER,2024-04-01,1.9,1.91,1.84,1.87,-0.03,-1.58%,485900
SEER,2024-04-02,1.87,1.87,1.74,1.77,-0.1,-5.35%,424600
SEER,2024-04-03,1.79,1.87,1.73,1.82,0.05,+2.82%,410000
SEER,2024-04-04,1.86,1.86,1.7,1.72,-0.1,-5.49%,260700
SEER,2024-04-05,1.74,1.76,1.685,1.72,0,0.00%,162100
SEER,2024-04-08,1.75,1.77,1.72,1.73,0.01,+0.58%,229800
SEER,2024-04-09,1.75,1.83,1.745,1.76,0.03,+1.73%,234400
SEER,2024-04-10,1.75,1.79,1.71,1.76,0,0.00%,291100
SEER,2024-04-11,1.8,1.82,1.71,1.73,-0.03,-1.70%,161600
SEER,2024-04-12,1.74,1.91,1.71,1.84,0.11,+6.36%,1532200
SEER,2024-04-15,1.86,1.94,1.77,1.79,-0.05,-2.72%,1043000
SEER,2024-04-16,1.8,1.8,1.7,1.75,-0.04,-2.23%,418800
SEER,2024-04-17,1.78,1.78,1.67,1.69,-0.06,-3.43%,377500
SEER,2024-04-18,1.68,1.77,1.655,1.75,0.06,+3.55%,601500
SEER,2024-04-19,1.73,1.77,1.64,1.66,-0.09,-5.14%,669200
SEER,2024-04-22,1.66,1.72,1.61,1.67,0.01,+0.60%,727700
SEER,2024-04-23,1.68,1.95,1.64,1.81,0.14,+8.38%,1543300
SEER,2024-04-24,1.8,1.81,1.735,1.77,-0.04,-2.21%,207600
SEER,2024-04-25,1.74,1.77,1.705,1.75,-0.02,-1.13%,259100
SEER,2024-04-26,1.8,1.94,1.78,1.91,0.16,+9.14%,957400
SEER,2024-04-29,1.92,2.02,1.89,1.95,0.04,+2.09%,620800
SEER,2024-04-30,1.94,2.1394,1.925,2.08,0.13,+6.67%,604800
SEER,2024-05-01,2.08,2.16,2.05,2.12,0.04,+1.92%,444300
SEER,2024-05-02,2.15,2.16,2.045,2.16,0.04,+1.89%,216300
SEER,2024-05-03,2.2,2.24,2.18,2.24,0.08,+3.70%,232100
SEER,2024-05-06,2.23,2.29,2.18,2.24,0,0.00%,213600
SEER,2024-05-07,2.25,2.26,2.2,2.21,-0.03,-1.34%,124700
SEER,2024-05-08,2.16,2.3,2.155,2.23,0.02,+0.90%,381100
SEER,2024-05-09,2.08,2.1099,1.98,2.06,-0.17,-7.62%,1110300
SEER,2024-05-10,2.05,2.08,1.98,1.995,-0.065,-3.16%,528300
SEER,2024-05-13,2,2.1,1.99,1.99,-0.005,-0.25%,310900
SEER,2024-05-14,2,2.27,2,2.16,0.17,+8.54%,836100
SEER,2024-05-15,2.17,2.215,2.1,2.14,-0.02,-0.93%,327300
SEER,2024-05-16,2.11,2.15,2.085,2.12,-0.02,-0.93%,377100
SEER,2024-05-17,2.13,2.138,2.07,2.11,-0.01,-0.47%,342700
SEER,2024-05-20,2.1,2.135,2.045,2.08,-0.03,-1.42%,234300
SEER,2024-05-21,2.07,2.09,2.005,2.06,-0.02,-0.96%,433000
SEER,2024-05-22,2.05,2.085,2,2.02,-0.04,-1.94%,200000
SEER,2024-05-23,2.02,2.06,1.97,1.98,-0.04,-1.98%,727200
SEER,2024-05-24,1.99,2,1.94,1.94,-0.04,-2.02%,333100
SEER,2024-05-28,1.94,1.98,1.88,1.88,-0.06,-3.09%,336600
SEER,2024-05-29,1.88,1.88,1.81,1.81,-0.07,-3.72%,323700
SEER,2024-05-30,1.83,1.86,1.77,1.77,-0.04,-2.21%,354100
SEER,2024-05-31,1.78,1.85,1.75,1.8,0.03,+1.69%,700600
SEER,2024-06-03,1.84,1.875,1.75,1.79,-0.01,-0.56%,523100
SEER,2024-06-04,1.76,1.82,1.73,1.8,0.01,+0.56%,358500
SEER,2024-06-05,1.82,1.855,1.78,1.8,0,0.00%,622700
SEER,2024-06-06,1.79,1.8001,1.74,1.76,-0.04,-2.22%,490900
SEER,2024-06-07,1.77,1.79,1.715,1.73,-0.03,-1.70%,340100
SEER,2024-06-10,1.73,1.825,1.685,1.81,0.08,+4.62%,874800
SEER,2024-06-11,1.8,1.83,1.7575,1.81,0,0.00%,364200
SEER,2024-06-12,1.87,1.91,1.825,1.87,0.06,+3.31%,518900
SEER,2024-06-13,1.89,1.9,1.81,1.81,-0.06,-3.21%,250900
SEER,2024-06-14,1.82,1.84,1.74,1.78,-0.03,-1.66%,421900
SEER,2024-06-17,1.78,1.78,1.72,1.72,-0.06,-3.37%,405700
SEER,2024-06-18,1.71,1.74,1.67,1.67,-0.05,-2.91%,370200
SEER,2024-06-20,1.67,1.67,1.62,1.65,-0.02,-1.20%,512800
SEER,2024-06-21,1.66,1.73,1.64,1.7,0.05,+3.03%,714000
SEER,2024-06-24,1.71,1.75,1.67,1.73,0.03,+1.76%,544500
SEER,2024-06-25,1.73,1.74,1.69,1.7,-0.03,-1.73%,659700
SEER,2024-06-26,1.66,1.73,1.66,1.67,-0.03,-1.76%,614100
SEER,2024-06-27,1.69,1.8,1.66,1.75,0.08,+4.79%,702900
SEER,2024-06-28,1.78,1.81,1.65,1.68,-0.07,-4.00%,7866400
SEER,2024-07-01,1.7,1.77,1.675,1.69,0.01,+0.60%,865200
SEER,2024-07-02,1.68,1.6979,1.62,1.64,-0.05,-2.96%,742900
SEER,2024-07-03,1.65,1.665,1.63,1.64,0,0.00%,221200
SEER,2024-07-05,1.63,1.64,1.6,1.62,-0.02,-1.22%,339600
SEER,2024-07-08,1.62,1.6363,1.59,1.6,-0.02,-1.23%,404100
SEER,2024-07-09,1.59,1.6,1.56,1.59,-0.01,-0.63%,339600
SEER,2024-07-10,1.59,1.63,1.58,1.59,0,0.00%,253800
SEER,2024-07-11,1.62,1.88,1.61,1.84,0.25,+15.72%,1133600
SEER,2024-07-12,1.84,1.925,1.84,1.86,0.02,+1.09%,784600
SEER,2024-07-15,1.87,1.905,1.83,1.83,-0.03,-1.61%,230400
SEER,2024-07-16,1.85,1.9588,1.85,1.93,0.1,+5.46%,526600
SEER,2024-07-17,1.9,1.965,1.825,1.86,-0.07,-3.63%,502700
SEER,2024-07-18,1.86,1.875,1.79,1.8,-0.06,-3.23%,353300
SEER,2024-07-19,1.83,1.845,1.79,1.8,0,0.00%,203100
SEER,2024-07-22,1.78,1.88,1.78,1.83,0.03,+1.67%,307700
SEER,2024-07-23,1.82,2.0166,1.82,2,0.17,+9.29%,1246700
SEER,2024-07-24,2.02,2.145,2.015,2.04,0.04,+2.00%,321200
SEER,2024-07-25,2.03,2.135,2,2.06,0.02,+0.98%,1023000
SEER,2024-07-26,2.1,2.124,2.05,2.07,0.01,+0.49%,375500
SEER,2024-07-29,2.06,2.08,1.97,1.98,-0.09,-4.35%,264500
SEER,2024-07-30,2,2.05,1.97,1.97,-0.01,-0.51%,344000
SEER,2024-07-31,1.96,2.08,1.96,1.98,0.01,+0.51%,313700
SEER,2024-08-01,1.99,2.005,1.95,1.96,-0.02,-1.01%,240500
SEER,2024-08-02,1.86,1.95,1.84,1.84,-0.12,-6.12%,323600
SEER,2024-08-05,1.8,1.85,1.752,1.77,-0.07,-3.80%,382700
SEER,2024-08-06,1.78,1.86,1.76,1.78,0.01,+0.56%,354900
SEER,2024-08-07,1.8,1.84,1.72,1.72,-0.06,-3.37%,106600
SEER,2024-08-08,1.73,1.79,1.73,1.73,0.01,+0.58%,204000
SEER,2024-08-09,1.72,1.73,1.67,1.72,-0.01,-0.58%,256200
SEER,2024-08-12,1.73,1.745,1.68,1.7,-0.02,-1.16%,194300
SEER,2024-08-13,1.7,1.74,1.69,1.7,0,0.00%,147400
SEER,2024-08-14,1.7,1.71,1.66,1.66,-0.04,-2.35%,338000
SEER,2024-08-15,1.68,1.72,1.67,1.69,0.03,+1.81%,172100
SEER,2024-08-16,1.68,1.72,1.68,1.69,0,0.00%,167500
SEER,2024-08-19,1.7,1.73,1.65,1.66,-0.03,-1.78%,619200
SEER,2024-08-20,1.65,1.72,1.65,1.68,0.02,+1.20%,297400
SEER,2024-08-21,1.69,1.71,1.645,1.65,-0.03,-1.79%,340000
SEER,2024-08-22,1.65,1.67,1.62,1.62,-0.03,-1.82%,309700
SEER,2024-08-23,1.64,1.66,1.61,1.61,-0.01,-0.62%,364700
SEER,2024-08-26,1.62,1.68,1.61,1.64,0.03,+1.86%,512600
SEER,2024-08-27,1.64,1.73,1.63,1.72,0.08,+4.88%,829000
SEER,2024-08-28,1.7,1.76,1.67,1.67,-0.05,-2.91%,305200
SEER,2024-08-29,1.66,1.715,1.66,1.71,0.04,+2.40%,120700
SEER,2024-08-30,1.68,1.699,1.68,1.68,-0.03,-1.75%,153100
SEER,2024-09-03,1.72,1.72,1.635,1.67,-0.01,-0.60%,255200
SEER,2024-09-04,1.65,1.685,1.64,1.65,-0.02,-1.20%,291500
SEER,2024-09-05,1.66,1.66,1.63,1.64,-0.01,-0.61%,176800
SEER,2024-09-06,1.668,1.668,1.62,1.64,0,0.00%,324800
SEER,2024-09-09,1.65,1.67,1.61,1.62,-0.02,-1.22%,171400
SEER,2024-09-10,1.61,1.63,1.59,1.59,-0.03,-1.85%,259500
SEER,2024-09-11,1.6,1.65,1.585,1.61,0.02,+1.26%,138000
SEER,2024-09-12,1.61,1.67,1.61,1.64,0.03,+1.86%,124200
SEER,2024-09-13,1.66,1.73,1.655,1.69,0.05,+3.05%,172200
SEER,2024-09-16,1.7,1.745,1.645,1.68,-0.01,-0.59%,641800
SEER,2024-09-17,1.68,1.74,1.665,1.72,0.04,+2.38%,450800
SEER,2024-09-18,1.74,1.8055,1.73,1.77,0.05,+2.91%,502700
SEER,2024-09-19,1.78,1.805,1.75,1.76,-0.01,-0.56%,250200
SEER,2024-09-20,1.75,1.77,1.68,1.72,-0.04,-2.27%,557300
SEER,2024-09-23,1.76,1.77,1.71,1.75,0.03,+1.74%,269600
SEER,2024-09-24,1.74,1.755,1.71,1.74,-0.01,-0.57%,460900
SEER,2024-09-25,1.72,1.74,1.7,1.71,-0.03,-1.72%,348000
SEER,2024-09-26,1.715,1.81,1.7,1.785,0.075,+4.39%,553900
SEER,2024-09-27,1.85,1.99,1.85,1.955,0.17,+9.52%,716400
SEER,2024-09-30,1.94,2,1.94,1.97,0.015,+0.77%,303500
SEER,2024-10-01,1.97,1.975,1.9,1.94,-0.03,-1.52%,357500
SEER,2024-10-02,1.91,1.92,1.885,1.9,-0.04,-2.06%,247100
SEER,2024-10-03,1.9,1.95,1.87,1.94,0.04,+2.11%,209100
SEER,2024-10-04,1.91,2.04,1.91,2,0.06,+3.09%,421300
SEER,2024-10-07,2.02,2.02,1.9,1.94,-0.06,-3.00%,204400
SEER,2024-10-08,1.93,1.9899,1.9,1.94,0,0.00%,191300
SEER,2024-10-09,1.98,2.02,1.96,1.98,0.04,+2.06%,185800
SEER,2024-10-10,1.95,1.955,1.88,1.92,-0.06,-3.03%,162300
SEER,2024-10-11,1.94,1.995,1.91,1.98,0.06,+3.13%,281300
SEER,2024-10-14,1.96,2.02,1.945,1.99,0.01,+0.51%,313300
SEER,2024-10-15,1.98,2.01,1.965,1.97,-0.02,-1.01%,127700
SEER,2024-10-16,2,2,1.93,1.98,0.01,+0.51%,107600
SEER,2024-10-17,1.95,1.99,1.93,1.94,-0.04,-2.02%,180800
SEER,2024-10-18,1.93,1.95,1.92,1.93,-0.01,-0.52%,82000
SEER,2024-10-21,1.91,1.95,1.895,1.91,-0.02,-1.04%,309900
SEER,2024-10-22,1.9,1.9199,1.835,1.86,-0.05,-2.62%,142400
SEER,2024-10-23,1.84,1.8801,1.83,1.84,-0.02,-1.08%,78600
SEER,2024-10-24,1.85,1.865,1.82,1.85,0.01,+0.54%,131500
SEER,2024-10-25,1.87,1.906,1.85,1.87,0.02,+1.08%,117200
SEER,2024-10-28,1.89,2,1.88,1.94,0.07,+3.74%,243000
SEER,2024-10-29,1.94,2.03,1.935,1.98,0.04,+2.06%,252000
SEER,2024-10-30,1.96,1.99,1.955,1.98,0,0.00%,179100
SEER,2024-10-31,1.96,1.96,1.89,1.9,-0.08,-4.04%,75000
SEER,2024-11-01,1.91,1.935,1.89,1.9,0,0.00%,57800
SEER,2024-11-04,1.9,2.04,1.9,2.02,0.12,+6.32%,150300
SEER,2024-11-05,2.01,2.05,2,2.03,0.01,+0.50%,223300
SEER,2024-11-06,2.08,2.08,2.01,2.07,0.04,+1.97%,289000
SEER,2024-11-07,2.02,2.265,2.02,2.22,0.15,+7.25%,653200
SEER,2024-11-08,2.22,2.38,2.22,2.38,0.16,+7.21%,431800
SEER,2024-11-11,2.39,2.4599,2.15,2.24,-0.14,-5.88%,598300
SEER,2024-11-12,2.2,2.28,2.18,2.26,0.02,+0.89%,264200
SEER,2024-11-13,2.29,2.335,2.2105,2.31,0.05,+2.21%,301600
SEER,2024-11-14,2.32,2.5,2.28,2.42,0.11,+4.76%,538800
SEER,2024-11-15,2.39,2.395,2.265,2.31,-0.11,-4.55%,492400
SEER,2024-11-18,2.22,2.33,2.22,2.31,0,0.00%,264100
SEER,2024-11-19,2.3,2.35,2.27,2.28,-0.03,-1.30%,299200
SEER,2024-11-20,2.28,2.33,2.23,2.29,0.01,+0.44%,261800
SEER,2024-11-21,2.3,2.429,2.3,2.38,0.09,+3.93%,186400
SEER,2024-11-22,2.38,2.53,2.23,2.43,0.05,+2.10%,257600
SEER,2024-11-25,2.41,2.475,2.38,2.38,-0.05,-2.06%,367136
SEER,2024-11-26,2.35,2.5,2.331,2.48,0.1,+4.20%,319572
SEER,2024-11-27,2.48,2.625,2.46,2.5,0.02,+0.81%,291500
SEER,2024-11-29,2.52,2.545,2.46,2.47,-0.03,-1.20%,41200
SEER,2024-12-02,2.47,2.53,2.405,2.53,0.06,+2.43%,168700
SEER,2024-12-03,2.52,2.54,2.47,2.53,0,0.00%,100400
SEER,2024-12-04,2.54,2.58,2.45,2.47,-0.06,-2.37%,200400
SEER,2024-12-05,2.49,2.5,2.37,2.45,-0.02,-0.81%,165000
SEER,2024-12-06,2.47,2.5,2.41,2.48,0.03,+1.22%,160100
SEER,2024-12-09,2.45,2.515,2.41,2.47,-0.01,-0.40%,239400
SEER,2024-12-10,2.48,2.575,2.43,2.55,0.08,+3.24%,232200
SEER,2024-12-11,2.55,2.59,2.45,2.52,-0.03,-1.18%,328000
SEER,2024-12-12,2.51,2.51,2.4125,2.46,-0.06,-2.38%,178300
SEER,2024-12-13,2.46,2.48,2.4045,2.47,0.01,+0.41%,127700
SEER,2024-12-16,2.45,2.52,2.4248,2.48,0.01,+0.40%,125600
SEER,2024-12-17,2.48,2.51,2.31,2.36,-0.12,-4.84%,316100
SEER,2024-12-18,2.36,2.375,2.235,2.27,-0.09,-3.81%,233800
SEER,2024-12-19,2.26,2.33,2.2025,2.32,0.05,+2.20%,172500
SEER,2024-12-20,2.31,2.365,2.28,2.31,-0.01,-0.43%,218600
SEER,2024-12-23,2.3,2.33,2.25,2.25,-0.06,-2.60%,147000
SEER,2024-12-24,2.22,2.28,2.21,2.21,-0.04,-1.78%,142800
SEER,2024-12-26,2.2,2.24,2.17,2.19,-0.02,-0.90%,258300
SEER,2024-12-27,2.15,2.2863,2.15,2.26,0.07,+3.20%,239800
SEER,2024-12-30,2.22,2.31,2.145,2.27,0.01,+0.44%,386000
SEER,2024-12-31,2.27,2.325,2.235,2.31,0.04,+1.76%,374400
SEER,2025-01-02,2.33,2.43,2.3,2.33,0.02,+0.87%,139800
SEER,2025-01-03,2.34,2.495,2.295,2.47,0.14,+6.01%,200600
SEER,2025-01-06,2.45,2.49,2.38,2.41,-0.06,-2.43%,309800
SEER,2025-01-07,2.44,2.49,2.39,2.45,0.04,+1.66%,160600
SEER,2025-01-08,2.43,2.45,2.334,2.41,-0.04,-1.63%,217300
SEER,2025-01-10,2.38,2.4,2.305,2.4,-0.01,-0.41%,158200
SEER,2025-01-13,2.38,2.41,2.31,2.32,-0.08,-3.33%,159600
SEER,2025-01-14,2.34,2.35,2.23,2.29,-0.03,-1.29%,188200
SEER,2025-01-15,2.31,2.37,2.29,2.32,0.03,+1.31%,90600
SEER,2025-01-16,2.33,2.34,2.27,2.31,-0.01,-0.43%,86600
SEER,2025-01-17,2.33,2.3404,2.26,2.29,-0.02,-0.87%,118300
SEER,2025-01-21,2.33,2.415,2.325,2.36,0.07,+3.06%,171500
SEER,2025-01-22,2.34,2.4,2.34,2.37,0.01,+0.42%,81500
SEER,2025-01-23,2.34,2.42,2.32,2.41,0.04,+1.69%,122900
SEER,2025-01-24,2.4,2.438,2.33,2.39,-0.02,-0.83%,231000
SEER,2025-01-27,2.35,2.4189,2.32,2.39,0,0.00%,97700
SEER,2025-01-28,2.39,2.4,2.35,2.38,-0.01,-0.42%,67300
SEER,2025-01-29,2.35,2.39,2.29,2.33,-0.05,-2.10%,201900
SEER,2025-01-30,2.31,2.38,2.305,2.36,0.03,+1.29%,87200
SEER,2025-01-31,2.33,2.39,2.33,2.39,0.03,+1.27%,160100
SEER,2025-02-03,2.31,2.33,2.26,2.26,-0.13,-5.44%,263900
SEER,2025-02-04,2.23,2.29,2.21,2.28,0.02,+0.88%,173000
SEER,2025-02-05,2.28,2.345,2.22,2.28,0,0.00%,73500
SEER,2025-02-06,2.29,2.33,2.26,2.33,0.05,+2.19%,128100
SEER,2025-02-07,2.3,2.36,2.245,2.26,-0.07,-3.00%,175200
SEER,2025-02-10,2.26,2.3,2.22,2.3,0.04,+1.77%,241000
SEER,2025-02-11,2.29,2.3099,2.22,2.26,-0.04,-1.74%,246600
SEER,2025-02-12,2.21,2.328,2.1918,2.25,-0.01,-0.44%,363300
SEER,2025-02-13,2.25,2.33,2.21,2.31,0.06,+2.67%,207800
SEER,2025-02-14,2.31,2.365,2.27,2.31,0,0.00%,269300
SEER,2025-02-18,2.3,2.39,2.29,2.3,-0.01,-0.43%,153300
SEER,2025-02-19,2.26,2.36,2.26,2.34,0.04,+1.74%,227000
SEER,2025-02-20,2.34,2.38,2.24,2.29,-0.05,-2.14%,551600
SEER,2025-02-21,2.29,2.36,2.225,2.26,-0.03,-1.31%,310900
SEER,2025-02-24,2.26,2.315,2.23,2.23,-0.03,-1.33%,296800
SEER,2025-02-25,2.26,2.29,2.18,2.25,0.02,+0.90%,279900
SEER,2025-02-26,2.22,2.37,2.22,2.28,0.03,+1.33%,326600
SEER,2025-02-27,2.25,2.28,2.175,2.2,-0.08,-3.51%,226200
SEER,2025-02-28,2.2,2.22,1.988,2.1,-0.1,-4.55%,531900
SEER,2025-03-03,2.1,2.13,2.04,2.06,-0.04,-1.90%,429000
SEER,2025-03-04,2.01,2.12,1.91,2.04,-0.02,-0.97%,634300
SEER,2025-03-05,2.01,2.07,1.98,2.04,0,0.00%,227800
SEER,2025-03-06,2,2.05,1.98,2,-0.04,-1.96%,262500
SEER,2025-03-07,1.99,2.015,1.95,1.96,-0.04,-2.00%,233210
SEER,2025-03-10,1.92,2,1.91,1.91,-0.05,-2.55%,270600
SEER,2025-03-11,1.91,1.98,1.875,1.93,0.02,+1.05%,273100
SEER,2025-03-12,1.95,2.005,1.95,2,0.07,+3.63%,154700
SEER,2025-03-13,1.99,2.03,1.96,1.97,-0.03,-1.50%,170400
SEER,2025-03-14,1.98,2.04,1.94,1.95,-0.02,-1.02%,166900
SEER,2025-03-17,1.94,2,1.94,1.94,-0.01,-0.51%,129900
SEER,2025-03-18,1.94,1.95,1.88,1.91,-0.03,-1.55%,170000
SEER,2025-03-19,1.93,2,1.91,1.92,0.01,+0.52%,161500
SEER,2025-03-20,1.89,1.915,1.89,1.9,-0.02,-1.04%,138200
SEER,2025-03-21,1.88,1.91,1.87,1.88,-0.02,-1.05%,214400
SEER,2025-03-24,1.88,1.92,1.85,1.86,-0.02,-1.06%,112200
SEER,2025-03-25,1.95,1.95,1.8,1.81,-0.05,-2.69%,353900
SEER,2025-03-26,1.82,1.83,1.775,1.82,0.01,+0.55%,364300
SEER,2025-03-27,1.82,1.855,1.8,1.8,-0.02,-1.10%,88700
SEER,2025-03-28,1.79,1.79,1.735,1.74,-0.06,-3.33%,140100
SEER,2025-03-31,1.71,1.755,1.69,1.69,-0.05,-2.87%,179300
SEER,2025-04-01,1.7,1.72,1.64,1.66,-0.03,-1.78%,542500
SEER,2025-04-02,1.65,1.73,1.65,1.69,0.03,+1.81%,130600
SEER,2025-04-03,1.65,1.695,1.63,1.66,-0.03,-1.78%,310200
SEER,2025-04-04,1.64,1.74,1.62,1.71,0.05,+3.01%,556300
SEER,2025-04-07,1.65,1.79,1.64,1.79,0.08,+4.68%,247900
SEER,2025-04-08,1.8,1.855,1.76,1.8,0.01,+0.56%,279800
SEER,2025-04-09,1.77,1.96,1.76,1.96,0.16,+8.89%,543400
SEER,2025-04-10,1.94,2.07,1.91,2.07,0.11,+5.61%,335400
SEER,2025-04-11,2.09,2.09,1.98,2,-0.07,-3.38%,308900
SEER,2025-04-14,2,2.1,1.97,2.09,0.09,+4.50%,219500
SEER,2025-04-15,2.09,2.15,2.08,2.1,0.01,+0.48%,185900
SEER,2025-04-16,2.1,2.1,1.97,1.98,-0.12,-5.71%,106400
SEER,2025-04-17,1.97,2.01,1.9508,1.97,-0.01,-0.51%,207500
SEER,2025-04-21,1.95,2.03,1.95,1.97,0,0.00%,151100
SEER,2025-04-22,1.98,2.09,1.98,2.09,0.12,+6.09%,161000
SEER,2025-04-23,2.1,2.14,2.04,2.04,-0.05,-2.39%,97100
SEER,2025-04-24,2.05,2.08,1.99,1.99,-0.05,-2.45%,168700
SEER,2025-04-25,1.99,2.08,1.95,1.97,-0.02,-1.01%,207600
SEER,2025-04-28,1.98,2.0597,1.95,1.96,-0.01,-0.51%,119800
SEER,2025-04-29,1.94,1.975,1.92,1.93,-0.03,-1.53%,147300
SEER,2025-04-30,1.94,2.01,1.88,1.99,0.06,+3.11%,243000
SEER,2025-05-01,1.97,2.06,1.91,2.04,0.05,+2.51%,212100
SEER,2025-05-02,2.04,2.09,2.01,2.05,0.01,+0.49%,212800
SEER,2025-05-05,1.9908,2.03,1.965,1.97,-0.08,-3.90%,113500
SEER,2025-05-06,1.96,2.005,1.89,1.89,-0.08,-4.06%,170900
SEER,2025-05-07,1.89,1.93,1.85,1.85,-0.04,-2.12%,189900
SEER,2025-05-08,1.84,1.965,1.84,1.89,0.04,+2.16%,189200
SEER,2025-05-09,1.87,1.94,1.84,1.84,-0.05,-2.65%,147300
SEER,2025-05-12,1.91,1.92,1.85,1.89,0.05,+2.72%,217800
SEER,2025-05-13,1.9,1.96,1.84,1.92,0.03,+1.59%,174300
SEER,2025-05-14,2.11,2.3351,2.05,2.11,0.19,+9.90%,761500
SEER,2025-05-15,2.09,2.2318,1.9816,2.08,-0.03,-1.42%,177300
SEER,2025-05-16,2.06,2.11,2.03,2.07,-0.01,-0.48%,309600
SEER,2025-05-19,2.02,2.0805,2.02,2.07,0,0.00%,231400
SEER,2025-05-20,2.08,2.13,2.035,2.09,0.02,+0.97%,699800
SEER,2025-05-21,2.07,2.105,2.045,2.08,-0.01,-0.48%,340400
SEER,2025-05-22,2.08,2.1799,2.04,2.08,0,0.00%,206800
SEER,2025-05-23,2.06,2.12,2.06,2.1,0.02,+0.96%,154600
SEER,2025-05-27,2.1,2.12,1.96,1.96,-0.14,-6.67%,940700
SEER,2025-05-28,1.98,2.0301,1.96,1.99,0.03,+1.53%,263100
SEER,2025-05-29,1.98,2.07,1.91,1.91,-0.08,-4.02%,3278500
SEER,2025-05-30,1.91,1.9965,1.91,1.92,0.01,+0.52%,326700
SEER,2025-06-02,2.01,2.2592,2.01,2.14,0.22,+11.46%,387500
SEER,2025-06-03,2.13,2.19,2.11,2.14,0,0.00%,168400
SEER,2025-06-04,2.13,2.2354,2.1,2.19,0.05,+2.34%,267800
SEER,2025-06-05,2.19,2.2,2.14,2.18,-0.01,-0.46%,222200
SEER,2025-06-06,2.2,2.31,2.2,2.28,0.1,+4.59%,273500
SEER,2025-06-09,2.31,2.31,2.19,2.2,-0.08,-3.51%,275300
SEER,2025-06-10,2.2,2.28,2.18,2.23,0.03,+1.36%,170300
SEER,2025-06-11,2.24,2.28,2.17,2.19,-0.04,-1.79%,190900
SEER,2025-06-12,2.17,2.17,2.12,2.13,-0.06,-2.74%,149200
SEER,2025-06-13,2.1,2.11,2.055,2.07,-0.06,-2.82%,184300
SEER,2025-06-16,2.08,2.13,2.01,2.02,-0.05,-2.42%,191200
SEER,2025-06-17,2,2.01,1.96,1.96,-0.06,-2.97%,171100
SEER,2025-06-18,1.95,2.0291,1.95,1.98,0.02,+1.02%,160000
SEER,2025-06-20,1.98,2.03,1.94,2.01,0.03,+1.52%,336500
SEER,2025-06-23,2,2.015,1.96,1.97,-0.04,-1.99%,130600
SEER,2025-06-24,1.97,2.02,1.97,1.97,0,0.00%,132400
SEER,2025-06-25,1.97,2.03,1.97,2.03,0.06,+3.05%,79600
SEER,2025-06-26,2.05,2.07,2.015,2.06,0.03,+1.48%,182200
SEER,2025-06-27,2.08,2.15,2.05,2.12,0.06,+2.91%,143900
SEER,2025-06-30,2.13,2.18,2.105,2.14,0.02,+0.94%,111000
SEER,2025-07-01,2.13,2.23,2.115,2.19,0.05,+2.34%,140300
SEER,2025-07-02,2.2,2.235,2.17,2.21,0.02,+0.91%,148500
SEER,2025-07-03,2.22,2.275,2.215,2.27,0.06,+2.71%,56200
SEER,2025-07-07,2.25,2.27,2.18,2.18,-0.09,-3.96%,103800
SEER,2025-07-08,2.19,2.195,2.131,2.17,-0.01,-0.46%,138200
SEER,2025-07-09,2.18,2.2,2.145,2.17,0,0.00%,61600
SEER,2025-07-10,2.17,2.23,2.145,2.19,0.02,+0.92%,105300
SEER,2025-07-11,2.18,2.18,2.11,2.11,-0.08,-3.65%,61100
SEER,2025-07-14,2.13,2.22,2.12,2.13,0.02,+0.95%,211300
SEER,2025-07-15,2.12,2.148,2.08,2.1,-0.03,-1.41%,119200
SEER,2025-07-16,2.09,2.145,2.08,2.12,0.02,+0.95%,72600
SEER,2025-07-17,2.15,2.165,2.12,2.12,0,0.00%,44300
SEER,2025-07-18,2.12,2.155,2.095,2.11,-0.01,-0.47%,96500
SEER,2025-07-21,2.13,2.15,2.11,2.13,0.02,+0.95%,56900
SEER,2025-07-22,2.14,2.16,2.1008,2.15,0.02,+0.94%,84300
SEER,2025-07-23,2.15,2.2,2.11,2.12,-0.03,-1.40%,110200
SEER,2025-07-24,2.13,2.2,2.13,2.18,0.06,+2.83%,116600
SEER,2025-07-25,2.17,2.21,2.1681,2.2,0.02,+0.92%,61400
SEER,2025-07-28,2.19,2.245,2.19,2.2,0,0.00%,68200
SEER,2025-07-29,2.23,2.23,2.12,2.18,-0.02,-0.91%,82000
SEER,2025-07-30,2.2,2.25,2.165,2.17,-0.01,-0.46%,87700
SEER,2025-07-31,2.16,2.1779,2.11,2.12,-0.05,-2.30%,75100
SEER,2025-08-01,2.09,2.145,2.075,2.13,0.01,+0.47%,107600
SEER,2025-08-04,2.13,2.135,2.105,2.13,0,0.00%,34700
SEER,2025-08-05,2.13,2.14,2.105,2.12,-0.01,-0.47%,78600
SEER,2025-08-06,2.11,2.11,2.05,2.06,-0.06,-2.83%,139200
SEER,2025-08-07,2.07,2.07,2.0046,2.01,-0.05,-2.43%,180400
SEER,2025-08-08,2.02,2.3,1.97,2.3,0.29,+14.43%,692800
SEER,2025-08-11,2.19,2.225,2.175,2.21,-0.09,-3.91%,122900
SEER,2025-08-12,2.2,2.23,2.19,2.2,-0.01,-0.45%,61300
SEER,2025-08-13,2.2,2.2,2.155,2.17,-0.03,-1.36%,85500
SEER,2025-08-14,2.17,2.17,2.07,2.08,-0.09,-4.15%,134200
SEER,2025-08-15,2.06,2.1,2.05,2.07,-0.01,-0.48%,93700
SEER,2025-08-18,2.03,2.0654,2.03,2.05,-0.02,-0.97%,123400
SEER,2025-08-19,2.03,2.095,2.03,2.04,-0.01,-0.49%,160200
SEER,2025-08-20,2.02,2.08,2.02,2.05,0.01,+0.49%,263900
SEER,2025-08-21,2.06,2.095,2.05,2.05,0,0.00%,30400
SEER,2025-08-22,2.06,2.155,2.06,2.11,0.06,+2.93%,79600
SEER,2025-08-25,2.08,2.11,2.05,2.1,-0.01,-0.47%,53800
SEER,2025-08-26,2.1,2.13,2.07,2.08,-0.02,-0.95%,45700
SEER,2025-08-27,2.08,2.1,2.06,2.06,-0.02,-0.96%,44100
SEER,2025-08-28,2.06,2.07,2.03,2.03,-0.03,-1.46%,58800
SEER,2025-08-29,2.03,2.05,2.03,2.05,0.02,+0.99%,39800
SEER,2025-09-02,2.05,2.06,2.02,2.04,-0.01,-0.49%,60800
SEER,2025-09-03,2.02,2.04,2.01,2.02,-0.02,-0.98%,59700
SEER,2025-09-04,2.05,2.05,1.97,2.01,-0.01,-0.50%,1158900
SEER,2025-09-05,2,2.11,2,2.1,0.09,+4.48%,64000
SEER,2025-09-08,2.09,2.09,2,2.03,-0.07,-3.33%,92600
SEER,2025-09-09,2.0003,2.048,2.0003,2.02,-0.01,-0.49%,35100
SEER,2025-09-10,2.03,2.085,2.03,2.07,0.05,+2.48%,69100
SEER,2025-09-11,2.03,2.095,2.03,2.06,-0.01,-0.48%,155900
SEER,2025-09-12,2.06,2.06,2.03,2.05,-0.01,-0.49%,56500
SEER,2025-09-15,2.06,2.06,2.02,2.04,-0.01,-0.49%,151200
SEER,2025-09-16,2.05,2.11,2.04,2.09,0.05,+2.45%,103300
SEER,2025-09-17,2.0311,2.09,2.0311,2.06,-0.03,-1.44%,123200
SEER,2025-09-18,2.11,2.22,2.1,2.2,0.14,+6.80%,188900
SEER,2025-09-19,2.2199,2.2365,2.14,2.23,0.03,+1.36%,420500
SEER,2025-09-22,2.23,2.24,2.16,2.21,-0.02,-0.90%,59100
SEER,2025-09-23,2.21,2.28,2.19,2.25,0.04,+1.81%,120100
SEER,2025-09-24,2.26,2.36,2.19,2.25,0,0.00%,426400
SEER,2025-09-25,2.26,2.265,2.18,2.2,-0.05,-2.22%,54800
SEER,2025-09-26,2.21,2.32,2.185,2.27,0.07,+3.18%,80600
SEER,2025-09-29,2.26,2.26,2.21,2.21,-0.06,-2.64%,54900
SEER,2025-09-30,2.23,2.23,2.16,2.17,-0.04,-1.81%,66400
SEER,2025-10-01,2.18,2.25,2.17,2.2,0.03,+1.38%,51300
SEER,2025-10-02,2.24,2.2899,2.16,2.21,0.01,+0.45%,107700
SEER,2025-10-03,2.22,2.3,2.2,2.28,0.07,+3.17%,272100
SEER,2025-10-06,2.3,2.32,2.22,2.26,-0.02,-0.88%,68100
SEER,2025-10-07,2.28,2.28,2.21,2.22,-0.04,-1.77%,65200
SEER,2025-10-08,2.24,2.27,2.21,2.25,0.03,+1.35%,33300
SEER,2025-10-09,2.26,2.35,2.26,2.31,0.06,+2.67%,102400
SEER,2025-10-10,2.32,2.38,2.2,2.21,-0.1,-4.33%,81600
SEER,2025-10-13,2.23,2.247,2.16,2.21,0,0.00%,63400
SEER,2025-10-14,2.19,2.25,2.16,2.21,0,0.00%,52500
SEER,2025-10-15,2.2325,2.265,2.18,2.2,-0.01,-0.45%,93000
SEER,2025-10-16,2.2,2.28,2.15,2.21,0.01,+0.45%,76900
SEER,2025-10-17,2.18,2.22,2.13,2.16,-0.05,-2.26%,67000
SEER,2025-10-20,2.18,2.26,2.18,2.2,0.04,+1.85%,68000
SEER,2025-10-21,2.19,2.23,2.16,2.17,-0.03,-1.36%,66400
SEER,2025-10-22,2.17,2.22,2.15,2.15,-0.02,-0.92%,91800
SEER,2025-10-23,2.18,2.25,2.17,2.17,0.02,+0.93%,68800
SEER,2025-10-24,2.28,2.41,2.18,2.31,0.14,+6.45%,330400
SEER,2025-10-27,2.32,2.39,2.19,2.37,0.06,+2.60%,137800
SEER,2025-10-28,2.36,2.36,2.27,2.29,-0.08,-3.38%,22600
SEER,2025-10-29,2.28,2.3,2.22,2.22,-0.07,-3.06%,53000
SEER,2025-10-30,2.2,2.25,2.2,2.23,0.01,+0.45%,53500
SEER,2025-10-31,2.24,2.26,2.2,2.21,-0.02,-0.90%,34400
SEER,2025-11-03,2.22,2.29,2.16,2.27,0.06,+2.71%,94700
SEER,2025-11-04,2.2,2.26,2.12,2.19,-0.08,-3.52%,132600
SEER,2025-11-05,2.19,2.22,2.15,2.17,-0.02,-0.91%,33200
SEER,2025-11-06,2.16,2.17,2.11,2.16,-0.01,-0.46%,123300
SEER,2025-11-07,2.14,2.14,2.045,2.09,-0.07,-3.24%,252700
SEER,2025-11-10,2.09,2.13,2.06,2.09,0,0.00%,83100
SEER,2025-11-11,2.08,2.08,2.06,2.07,-0.02,-0.96%,110400
SEER,2025-11-12,2.1,2.11,2.05,2.08,0.01,+0.48%,143200
SEER,2025-11-13,2.08,2.11,2.03,2.04,-0.04,-1.92%,74600
SEER,2025-11-14,2.02,2.05,1.99,2,-0.04,-1.96%,380400
SEER,2025-11-17,2.06,2.0699,1.98,2.01,0.01,+0.50%,183100
SEER,2025-11-18,2,2,1.96,1.98,-0.03,-1.49%,173800
SEER,2025-11-19,1.99,2.03,1.9,2,0.02,+1.01%,422300
SEER,2025-11-20,1.98,2.03,1.93,1.94,-0.06,-3.00%,123100
SEER,2025-11-21,1.95,2.01,1.935,1.97,0.03,+1.55%,166300
SEER,2025-11-24,1.98,1.9897,1.945,1.95,-0.02,-1.02%,145800
SEER,2025-11-25,2.015,2.015,1.91,1.93,-0.02,-1.03%,210000
SEER,2025-11-26,1.94,1.98,1.93,1.95,0.02,+1.04%,57700
SEER,2025-11-28,1.965,1.97,1.915,1.92,-0.03,-1.54%,29000
SEER,2025-12-01,1.93,1.96,1.9,1.9,-0.02,-1.04%,89100
SEER,2025-12-02,1.95,1.96,1.89,1.89,-0.01,-0.53%,122400
SEER,2025-12-03,1.89,1.96,1.87,1.89,0,0.00%,148100
SEER,2025-12-04,1.9,1.945,1.85,1.92,0.03,+1.59%,230800
SEER,2025-12-05,1.93,1.94,1.87,1.88,-0.04,-2.08%,103400
SEER,2025-12-08,1.89,1.93,1.84,1.85,-0.03,-1.60%,181500
SEER,2025-12-09,1.86,1.88,1.825,1.84,-0.01,-0.54%,106100
SEER,2025-12-10,1.82,1.8623,1.81,1.83,-0.01,-0.54%,220000
SEER,2025-12-11,1.85,1.85,1.79,1.81,-0.02,-1.09%,221000
SEER,2025-12-12,1.82,1.865,1.76,1.76,-0.05,-2.76%,295300
SEER,2025-12-15,1.84,1.95,1.81,1.82,0.06,+3.41%,237600
SEER,2025-12-16,1.85,1.88,1.835,1.84,0.02,+1.10%,129200
SEER,2025-12-17,1.86,1.86,1.81,1.83,-0.01,-0.54%,197800
SEER,2025-12-18,1.8705,1.885,1.82,1.82,-0.01,-0.55%,137300
SEER,2025-12-19,1.81,1.84,1.77,1.79,-0.03,-1.65%,287500
SEER,2025-12-22,1.82,1.875,1.79,1.82,0.03,+1.68%,249600
SEER,2025-12-23,1.83,1.865,1.805,1.81,-0.01,-0.55%,315500
SEER,2025-12-24,1.82,1.87,1.795,1.84,0.03,+1.66%,241100
SEER,2025-12-26,1.86,1.87,1.8,1.84,0,0.00%,206600
SEER,2025-12-29,1.85,1.86,1.815,1.82,-0.02,-1.09%,159700
SEER,2025-12-30,1.82,1.85,1.8,1.82,0,0.00%,276900
SEER,2025-12-31,1.84,1.86,1.82,1.83,0.01,+0.55%,157200
SEER,2026-01-02,1.86,1.89,1.8,1.82,-0.01,-0.55%,204600
SEER,2026-01-05,1.83,1.845,1.815,1.84,0.02,+1.10%,48400
SEER,2026-01-06,1.86,1.87,1.83,1.83,-0.01,-0.54%,106100
SEER,2026-01-07,1.87,1.89,1.82,1.89,0.06,+3.28%,169000
SEER,2026-01-08,1.89,1.94,1.85,1.87,-0.02,-1.06%,233500
SEER,2026-01-09,1.88,1.95,1.85,1.95,0.08,+4.28%,266600
SEER,2026-01-12,1.95,1.9899,1.92,1.95,0,0.00%,137600
SEER,2026-01-13,1.95,1.98,1.9,1.91,-0.04,-2.05%,73000
SEER,2026-01-14,1.92,1.93,1.88,1.92,0.01,+0.52%,73800
SEER,2026-01-15,1.91,1.91,1.86,1.91,-0.01,-0.52%,107300
SEER,2026-01-16,1.88,1.9192,1.85,1.89,-0.02,-1.05%,121500
SEER,2026-01-20,1.88,1.88,1.84,1.86,-0.03,-1.59%,83300
SEER,2026-01-21,1.86,1.89,1.85,1.88,0.02,+1.08%,91200
SEER,2026-01-22,1.9,1.95,1.86,1.95,0.07,+3.72%,174400
SEER,2026-01-23,1.93,1.95,1.895,1.91,-0.04,-2.05%,104100
SEER,2026-01-26,1.9,1.94,1.89,1.94,0.03,+1.57%,96600
SEER,2026-01-27,1.94,1.94,1.89,1.91,-0.03,-1.55%,84400
SEER,2026-01-28,1.9,1.9,1.85,1.87,-0.04,-2.09%,140500
SEER,2026-01-29,1.89,1.89,1.845,1.86,-0.01,-0.53%,106800
SEER,2026-01-30,1.85,1.86,1.82,1.82,-0.04,-2.15%,137100
SEER,2026-02-02,1.82,1.84,1.79,1.81,-0.01,-0.55%,218000
SEER,2026-02-03,1.82,1.82,1.77,1.79,-0.02,-1.10%,181800
SEER,2026-02-04,1.82,1.84,1.77,1.81,0.02,+1.12%,316400
SEER,2026-02-05,1.82,1.82,1.73,1.75,-0.06,-3.31%,273300
SEER,2026-02-06,1.78,1.805,1.78,1.79,0.04,+2.29%,87600
SEER,2026-02-09,1.8,1.82,1.76,1.81,0.02,+1.12%,272000
SEER,2026-02-10,1.82,1.835,1.7,1.77,-0.04,-2.21%,316400
SEER,2026-02-11,1.81,1.92,1.77,1.91,0.14,+7.91%,1169300
SEER,2026-02-12,1.93,1.93,1.85,1.92,0.01,+0.52%,411000
SEER,2026-02-13,1.93,2.03,1.915,2.02,0.1,+5.21%,317200
SEER,2026-02-17,2,2.06,1.98,2.05,0.03,+1.49%,506800
SEER,2026-02-18,2.03,2.05,1.95,2.02,-0.03,-1.46%,551400
SEER,2026-02-19,2.02,2.1,1.96,2.07,0.05,+2.48%,360700
SEER,2026-02-20,2.11,2.2,1.955,1.98,-0.09,-4.35%,979900
SEER,2026-02-23,2.02,2.07,2,2.06,0.08,+4.04%,233400
SEER,2026-02-24,2.05,2.11,2.04,2.09,0.03,+1.46%,130600
SEER,2026-02-25,2.09,2.1099,2.05,2.09,0,0.00%,208200
SEER,2026-02-26,1.99,2.1,1.93,2.08,-0.01,-0.48%,676600
SEER,2026-02-27,1.76,1.84,1.71,1.72,-0.36,-17.31%,831200
SEER,2026-03-02,1.68,1.8,1.67,1.73,0.01,+0.58%,488600
SEER,2026-03-03,1.74,1.825,1.72,1.8,0.07,+4.05%,292300
SEER,2026-03-04,1.82,1.9,1.81,1.85,0.05,+2.78%,390300
SEER,2026-03-05,1.87,1.8796,1.825,1.84,-0.01,-0.54%,207700
SEER,2026-03-06,1.81,1.81,1.77,1.78,-0.06,-3.26%,151300
SEER,2026-03-09,1.79,1.81,1.75,1.81,0.03,+1.69%,455900
SEER,2026-03-10,1.82,1.82,1.76,1.77,-0.04,-2.21%,1083900
SEER,2026-03-11,1.77,1.77,1.73,1.76,-0.01,-0.56%,109200
SEER,2026-03-12,1.74,1.83,1.725,1.83,0.07,+3.98%,274700
SEER,2026-03-13,1.8,1.82,1.76,1.81,-0.02,-1.09%,230000
SEER,2026-03-16,1.84,1.84,1.785,1.79,-0.02,-1.10%,185900
SEER,2026-03-17,1.78,1.82,1.775,1.78,-0.01,-0.56%,163600
SEER,2026-03-18,1.79,1.79,1.72,1.74,-0.04,-2.25%,307100
SEER,2026-03-19,1.72,1.74,1.71,1.725,-0.015,-0.86%,114600
SEER,2026-03-20,1.73,1.73,1.68,1.68,-0.045,-2.61%,263200
SEER,2026-03-23,1.7,1.7285,1.67,1.715,0.035,+2.08%,147100
SEER,2026-03-24,1.71,1.73,1.695,1.7,-0.015,-0.87%,107800
SEER,2026-03-25,1.71,1.77,1.7066,1.725,0.025,+1.47%,159900
SEER,2026-03-26,1.715,1.725,1.67,1.69,-0.035,-2.03%,121500
SEER,2026-03-27,1.68,1.68,1.65,1.66,-0.03,-1.78%,221500
SEER,2026-03-30,1.66,1.7,1.65,1.68,0.02,+1.20%,146800
SEER,2026-03-31,1.68,1.71,1.65,1.68,0,0.00%,141200
SEER,2026-04-01,1.69,1.7,1.66,1.7,0.02,+1.19%,301600
SEER,2026-04-02,1.68,1.712,1.67,1.7,0,0.00%,61800
SEER,2026-04-06,1.71,1.72,1.7,1.71,0.01,+0.59%,45800
SEER,2026-04-07,1.71,1.71,1.68,1.69,-0.02,-1.17%,70200
SEER,2026-04-08,1.72,1.72,1.68,1.69,0,0.00%,120000
SEER,2026-04-09,1.69,1.695,1.665,1.69,0,0.00%,123300
SEER,2026-04-10,1.7,1.7,1.67,1.69,0,0.00%,109400
SEER,2026-04-13,1.85,1.94,1.82,1.92,0.23,+13.61%,3355400
SEER,2026-04-14,1.9,1.95,1.87,1.94,0.02,+1.04%,780400
SEER,2026-04-15,1.92,1.97,1.91,1.96,0.02,+1.03%,358200
SEER,2026-04-16,1.95,2.05,1.94,2.05,0.09,+4.59%,556800
SEER,2026-04-17,2.05,2.05,1.97,2,-0.05,-2.44%,537200
SEER,2026-04-20,2.01,2.03,1.97,1.99,-0.01,-0.50%,335300
SEER,2026-04-21,2,2.015,1.97,2,0.01,+0.50%,301400
SEER,2026-04-22,2.01,2.01,1.96,1.98,-0.02,-1.00%,268500
SEER,2026-04-23,1.98,1.98,1.92,1.94,-0.04,-2.02%,222100
SEER,2026-04-24,2.02,2.045,1.96,1.97,0.03,+1.55%,1148100
SEGG,2018-06-13,1945.9998,1952,1945.9998,1950,1948.03,"+98,884.77%",4674
SEGG,2018-06-14,1950,1952,1950,1950,0,0.00%,1612
SEGG,2018-06-15,1950,1952,1950,1950,0,0.00%,3552
SEGG,2018-06-20,1945.9998,1950,1944,1950,0,0.00%,12
SEGG,2018-06-21,1950,1950,1950,1950,0,0.00%,250
SEGG,2018-06-22,1956,1956,1956,1956,6,+0.31%,1
SEGG,2018-06-25,1948,1952,1948,1952,-4.,-0.20%,151
SEGG,2018-06-26,1952,1952,1948,1952,0,0.00%,143
SEGG,2018-06-29,1950,1950,1950,1950,-2.,-0.10%,3
SEGG,2018-07-02,1950,1950,1950,1950,0,0.00%,127
SEGG,2018-07-03,1950,1952,1950,1952,2,+0.10%,4318
SEGG,2018-07-06,1950,1952,1950,1950,-2.,-0.10%,250
SEGG,2018-07-09,1950,1950,1950,1950,0,0.00%,272
SEGG,2018-07-11,1950,1950,1950,1950,0,0.00%,0
SEGG,2018-07-17,1950,1956,1950,1950,0,0.00%,408
SEGG,2018-07-25,1950,1954.0002,1950,1950,0,0.00%,26
SEGG,2018-07-26,1950,1950,1948,1948,-2.,-0.10%,4014
SEGG,2018-07-27,1948,1950,1945.9998,1950,2,+0.10%,1632
SEGG,2018-07-30,1948,1950,1948,1950,0,0.00%,157
SEGG,2018-07-31,1950,1950,1950,1950,0,0.00%,280
SEGG,2018-08-01,1950,1950,1950,1950,0,0.00%,2
SEGG,2018-08-02,1950,1950,1950,1950,0,0.00%,19
SEGG,2018-08-03,1950,1954.0002,1950,1952,2,+0.10%,1808
SEGG,2018-08-06,1960,1960,1960,1960,8,+0.41%,40
SEGG,2018-08-07,1960,1960,1960,1960,0,0.00%,50
SEGG,2018-08-13,1958,1958,1952,1952,-8.,-0.41%,800
SEGG,2018-08-14,1952,1962.0002,1948,1960,8,+0.41%,54
SEGG,2018-08-17,1950,1950,1950,1950,-10.,-0.51%,30
SEGG,2018-08-20,1960,1960,1960,1960,10,+0.51%,55
SEGG,2018-08-22,1962.0002,1962.0002,1960,1960,0,0.00%,14
SEGG,2018-08-23,1960,1960,1954.0002,1954.0002,-5.9998,-0.31%,38
SEGG,2018-08-24,1962.0002,1962.0002,1952,1960,5.9998,+0.31%,524
SEGG,2018-08-27,1960,1960,1958,1958,-2.,-0.10%,15
SEGG,2018-08-28,1960,1960,1958,1960,2,+0.10%,60
SEGG,2018-08-29,1960,1960,1960,1960,0,0.00%,14
SEGG,2018-08-30,1960,1962.0002,1960,1962.0002,2.0002,+0.10%,14
SEGG,2018-08-31,1962.0002,1962.0002,1962.0002,1962.0002,0,0.00%,53
SEGG,2018-09-04,1964,1970.0002,1962.0002,1966,3.9998,+0.20%,1528
SEGG,2018-09-05,1970.0002,1970.0002,1964,1964,-2.,-0.10%,1500
SEGG,2018-09-06,1970.0002,1970.0002,1962.0002,1964,0,0.00%,1861
SEGG,2018-09-07,1966,1966,1966,1966,2,+0.10%,264
SEGG,2018-09-10,1968,1968,1964,1964,-2.,-0.10%,1147
SEGG,2018-09-11,1964,1964,1962.9998,1964,0,0.00%,528
SEGG,2018-09-13,1970.0002,1970.0002,1964,1966,2,+0.10%,1877
SEGG,2018-09-14,1964,1964,1960,1960,-6.,-0.31%,4
SEGG,2018-09-17,1960,1960,1956,1956,-4.,-0.20%,2
SEGG,2018-09-18,1956,1960,1948,1960,4,+0.20%,144
SEGG,2018-09-19,1956,1964,1956,1960,0,0.00%,313
SEGG,2018-09-20,1960,1960,1960,1960,0,0.00%,1250
SEGG,2018-09-21,1964,1964,1964,1964,4,+0.20%,1
SEGG,2018-09-24,1964,1964,1960,1960,-4.,-0.20%,2500
SEGG,2018-09-25,1960,1964,1960,1960,0,0.00%,1955
SEGG,2018-09-26,1964,1964,1964,1964,4,+0.20%,1
SEGG,2018-09-27,1964,1964,1964,1964,0,0.00%,0
SEGG,2018-09-28,1964,1964,1964,1964,0,0.00%,69
SEGG,2018-10-02,1960,1960,1956,1960,-4.,-0.20%,65
SEGG,2018-10-04,1956,1956,1956,1956,-4.,-0.20%,1
SEGG,2018-10-05,1970.0002,1970.0002,1960,1962.0002,6.0002,+0.31%,15
SEGG,2018-10-11,1964,1964,1964,1964,1.9998,+0.10%,67
SEGG,2018-10-15,1958,1960,1958,1960,-4.,-0.20%,8
SEGG,2018-10-18,1958,1960,1958,1960,0,0.00%,252
SEGG,2018-10-19,1964,1964,1964,1964,4,+0.20%,51
SEGG,2018-10-23,1964,1964,1964,1964,0,0.00%,894
SEGG,2018-10-24,1966,1966,1966,1966,2,+0.10%,3375
SEGG,2018-10-25,1966,1979.9998,1966,1968,2,+0.10%,2539
SEGG,2018-10-26,1966,1966,1966,1966,-2.,-0.10%,500
SEGG,2018-10-29,1970.0002,1970.0002,1970.0002,1970.0002,4.0002,+0.20%,5
SEGG,2018-10-30,1971.9998,1971.9998,1971.9998,1971.9998,1.9996,+0.10%,1
SEGG,2018-10-31,1964,1964,1964,1964,-7.9998,-0.41%,1
SEGG,2018-11-01,1964,1966,1964,1966,2,+0.10%,770
SEGG,2018-11-05,1968,1968,1968,1968,2,+0.10%,0
SEGG,2018-11-06,1968,1978.0002,1968,1976,8,+0.41%,4804
SEGG,2018-11-07,1971.9998,1976,1971.9998,1976,0,0.00%,7
SEGG,2018-11-08,1971.9998,1976,1971.9998,1976,0,0.00%,2688
SEGG,2018-11-09,1976,1978.0002,1976,1978.0002,2.0002,+0.10%,3165
SEGG,2018-11-12,1979.9998,1979.9998,1976,1976,-2.0002,-0.10%,503
SEGG,2018-11-13,1976,1976,1976,1976,0,0.00%,12
SEGG,2018-11-14,1978.0002,1979.9998,1976,1976,0,0.00%,20
SEGG,2018-11-16,1971.9998,1971.9998,1971.9998,1971.9998,-4.0002,-0.20%,0
SEGG,2018-11-19,1978.0002,1978.0002,1976,1976,4.0002,+0.20%,2507
SEGG,2018-11-20,1976,1990,1976,1987.9998,11.9998,+0.61%,12
SEGG,2018-11-26,1979.9998,1979.9998,1971.9998,1978.0002,-9.9996,-0.50%,55
SEGG,2018-11-27,1974,1986,1974,1986,7.9998,+0.40%,43
SEGG,2018-11-28,1987.9998,1990,1987.9998,1990,4,+0.20%,7
SEGG,2018-11-29,1986,1986,1986,1986,-4.,-0.20%,4
SEGG,2018-11-30,1986,1986,1984,1986,0,0.00%,653
SEGG,2018-12-06,1984,1986,1979.9998,1986,0,0.00%,19
SEGG,2018-12-07,1987.9998,1987.9998,1987.9998,1987.9998,1.9998,+0.10%,1
SEGG,2018-12-10,1990,1990,1990,1990,2.0002,+0.10%,3
SEGG,2018-12-11,1986,1986,1986,1986,-4.,-0.20%,0
SEGG,2018-12-12,1990,1995.9998,1986,1995.9998,9.9998,+0.50%,513
SEGG,2018-12-13,1990,1995.9998,1990,1995.9998,0,0.00%,22
SEGG,2018-12-18,1986,1998,1986,1986,-9.9998,-0.50%,9144
SEGG,2018-12-19,1987.9998,1987.9998,1987.9998,1987.9998,1.9998,+0.10%,505
SEGG,2018-12-20,1987.9998,1994,1984,1986,-1.9998,-0.10%,1171
SEGG,2018-12-21,1986,1986,1986,1986,0,0.00%,500
SEGG,2018-12-24,2000,2000,1994,1994,8,+0.40%,4
SEGG,2018-12-26,1995.9998,1995.9998,1987.9998,1990,-4.,-0.20%,237
SEGG,2018-12-27,1992,1992,1990,1990,0,0.00%,55
SEGG,2018-12-28,1990,1994,1990,1994,4,+0.20%,4
SEGG,2018-12-31,1992,1994,1992,1994,0,0.00%,27
SEGG,2019-01-03,1998,1998,1998,1998,4,+0.20%,0
SEGG,2019-01-04,1995.9998,1995.9998,1995.9998,1995.9998,-2.0002,-0.10%,1
SEGG,2019-01-07,1992,1998,1992,1998,2.0002,+0.10%,111
SEGG,2019-01-08,1995.9998,2000,1995.9998,1998,0,0.00%,43
SEGG,2019-01-09,2000,2002,1998,2002,4,+0.20%,6172
SEGG,2019-01-11,2000,2000,2000,2000,-2.,-0.10%,57
SEGG,2019-01-14,2010,2010,2000,2002,2,+0.10%,40
SEGG,2019-01-15,2000,2010,2000,2010,8,+0.40%,2
SEGG,2019-01-16,2000,2008,2000,2002,-8.,-0.40%,4
SEGG,2019-01-17,2004.0002,2004.0002,2004.0002,2004.0002,2.0002,+0.10%,2
SEGG,2019-01-18,2010,2010,2008,2008,3.9998,+0.20%,251
SEGG,2019-01-22,2002,2002,2002,2002,-6.,-0.30%,1
SEGG,2019-01-24,2016,2016,2008,2008,6,+0.30%,1
SEGG,2019-01-28,2006,2016,2006,2016,8,+0.40%,553
SEGG,2019-01-29,2014,2020.0002,2014,2014,-2.,-0.10%,254
SEGG,2019-01-30,2016,2016,2014,2016,2,+0.10%,275
SEGG,2019-01-31,2014,2016,2014,2016,0,0.00%,15
SEGG,2019-02-06,2024,2024,2024,2024,8,+0.40%,20
SEGG,2019-02-07,2024,2024,2024,2024,0,0.00%,5
SEGG,2019-02-08,2021.9998,2024,2021.9998,2024,0,0.00%,15
SEGG,2019-02-11,2024,2024,2024,2024,0,0.00%,50
SEGG,2019-02-13,2026,2026,2026,2026,2,+0.10%,25
SEGG,2019-02-14,2026,2026,2021.9998,2024,-2.,-0.10%,290
SEGG,2019-02-15,2028.0002,2028.0002,2026,2026,2,+0.10%,7
SEGG,2019-02-19,2028.0002,2028.0002,2028.0002,2028.0002,2.0002,+0.10%,500
SEGG,2019-02-20,2024,2028.0002,2024,2028.0002,0,0.00%,281
SEGG,2019-02-22,2028.0002,2028.0002,2028.0002,2028.0002,0,0.00%,5
SEGG,2019-02-25,2029.9998,2029.9998,2029.9998,2029.9998,1.9996,+0.10%,50
SEGG,2019-02-27,2029.9998,2032,2029.9998,2032,2.0002,+0.10%,331
SEGG,2019-02-28,2029.9998,2029.9998,2029.9998,2029.9998,-2.0002,-0.10%,257
SEGG,2019-03-01,2032,2032,2028.0002,2028.0002,-1.9996,-0.10%,242
SEGG,2019-03-06,2029.9998,2029.9998,2029.9998,2029.9998,1.9996,+0.10%,5
SEGG,2019-03-08,2014,2029.9998,2014,2029.9998,0,0.00%,11
SEGG,2019-03-12,2034,2034,2034,2034,4.0002,+0.20%,125
SEGG,2019-03-14,2036,2036,2036,2036,2,+0.10%,5
SEGG,2019-03-15,2029.9998,2029.9998,2029.9998,2029.9998,-6.0002,-0.29%,2
SEGG,2019-03-19,2029.9998,2029.9998,2029.9998,2029.9998,0,0.00%,125
SEGG,2019-03-20,2036,2036,2036,2036,6.0002,+0.30%,78
SEGG,2019-03-21,2032,2032,2032,2032,-4.,-0.20%,28
SEGG,2019-03-22,2032,2032,2032,2032,0,0.00%,50
SEGG,2019-03-26,2032,2037.9998,2032,2036,4,+0.20%,2371
SEGG,2019-03-29,2037.9802,2037.9998,2037.9802,2037.9998,1.9998,+0.10%,33
SEGG,2019-04-01,2040,2040,2040,2040,2.0002,+0.10%,50
SEGG,2019-04-02,2040,2040,2040,2040,0,0.00%,26
SEGG,2019-04-03,2044,2044,2044,2044,4,+0.20%,5260
SEGG,2019-04-04,2045.9998,2045.9998,2045.9998,2045.9998,1.9998,+0.10%,0
SEGG,2019-04-05,2040,2040,2037.9998,2037.9998,-8.,-0.39%,75
SEGG,2019-04-09,2034,2034,2034,2034,-3.9998,-0.20%,0
SEGG,2019-04-15,2037.9998,2045.9998,2034.12,2044,10,+0.49%,38
SEGG,2019-04-16,2036.0201,2036.0201,2036.0201,2036.0201,-7.9799,-0.39%,2
SEGG,2019-04-17,2045.9998,2045.9998,2045.9998,2045.9998,9.9797,+0.49%,1436
SEGG,2019-04-26,2050,2050,2050,2050,4.0002,+0.20%,47
SEGG,2019-05-01,2045.9998,2050,2045.9998,2050,0,0.00%,1422
SEGG,2019-05-02,2045.9998,2045.9998,2045.9998,2045.9998,-4.0002,-0.20%,0
SEGG,2019-05-03,2045.9998,2045.9998,2045.9998,2045.9998,0,0.00%,18
SEGG,2019-05-07,2052,2052,2052,2052,6.0002,+0.29%,1500
SEGG,2019-05-08,2029.9998,2045.9998,2029.9998,2045.9998,-6.0002,-0.29%,87
SEGG,2019-05-09,2044,2048,2044,2048,2.0002,+0.10%,9
SEGG,2019-05-17,2052,2052,2052,2052,4,+0.20%,88
SEGG,2019-05-22,2044,2052,2044,2052,0,0.00%,1
SEGG,2019-05-23,2050,2052,2050,2052,0,0.00%,7
SEGG,2019-05-29,2054,2059.9199,2054,2059.9199,7.9199,+0.39%,6
SEGG,2019-05-31,2056,2056,2056,2056,-3.9199,-0.19%,2
SEGG,2019-06-03,2054,2054,2050,2052,-4.,-0.19%,561
SEGG,2019-06-04,2062,2070,2062,2070,18,+0.88%,1278
SEGG,2019-06-05,2062,2062,2062,2062,-8.,-0.39%,225
SEGG,2019-06-06,2062,2062,2062,2062,0,0.00%,0
SEGG,2019-06-07,2062,2062,2060,2062,0,0.00%,1852
SEGG,2019-06-10,2066,2066,2066,2066,4,+0.19%,1
SEGG,2019-06-13,2062,2062,2062,2062,-4.,-0.19%,225
SEGG,2019-06-19,2062,2062,2062,2062,0,0.00%,350
SEGG,2019-06-21,2058,2070,2058,2070,8,+0.39%,235
SEGG,2019-06-24,2070,2070,2070,2070,0,0.00%,10
SEGG,2019-06-25,2070,2072,2070,2070,0,0.00%,30
SEGG,2019-06-26,2064,2070,2064,2070,0,0.00%,313
SEGG,2019-06-28,2068,2068,2068,2068,-2.,-0.10%,0
SEGG,2019-07-01,2060,2080,2059.8,2080,12,+0.58%,506
SEGG,2019-07-02,2078,2078,2078,2078,-2.,-0.10%,0
SEGG,2019-07-05,2052,2076,2050,2076,-2.,-0.10%,17
SEGG,2019-07-08,2074,2080,2070,2078,2,+0.10%,17
SEGG,2019-07-11,2066,2070,2066,2070,-8.,-0.38%,77
SEGG,2019-07-15,2068,2072,2068,2070,0,0.00%,1684
SEGG,2019-07-16,2070,2072,2070,2070,0,0.00%,526
SEGG,2019-07-17,2070,2070,2070,2070,0,0.00%,1875
SEGG,2019-07-18,2072,2075.1199,2072,2075.1199,5.1199,+0.25%,754
SEGG,2019-07-19,2070,2077.2,2070,2077.1001,1.9802,+0.10%,34
SEGG,2019-07-24,2070,2080,2070,2080,2.8999,+0.14%,281
SEGG,2019-07-30,2080,2080,2080,2080,0,0.00%,51
SEGG,2019-08-01,2070.04,2070.04,2070,2070.04,-9.96,-0.48%,26
SEGG,2019-08-05,2070,2088,2070,2088,17.96,+0.87%,338
SEGG,2019-08-06,2070,2088,2070,2088,0,0.00%,66
SEGG,2019-08-07,2084,2088,2075,2082,-6.,-0.29%,1814
SEGG,2019-08-08,2072,2084,2072,2084,2,+0.10%,1
SEGG,2019-08-09,2078,2082,2078,2082,-2.,-0.10%,8
SEGG,2019-08-12,2084,2088,2080,2088,6,+0.29%,406
SEGG,2019-08-13,2086,2086,2084,2086,-2.,-0.10%,71
SEGG,2019-08-15,2080,2088,2080,2088,2,+0.10%,77
SEGG,2019-08-16,2088,2088,2080,2080,-8.,-0.38%,740
SEGG,2019-08-19,2088,2088,2076,2088,8,+0.38%,512
SEGG,2019-08-20,2086,2088,2080,2080,-8.,-0.38%,851
SEGG,2019-08-21,2088,2088,2088,2088,8,+0.38%,0
SEGG,2019-08-22,2088,2088,2076,2086,-2.,-0.10%,34
SEGG,2019-08-23,2080,2088,2080,2088,2,+0.10%,266
SEGG,2019-08-27,2078,2086,2078,2086,-2.,-0.10%,5
SEGG,2019-08-28,2086,2088,2086,2088,2,+0.10%,48
SEGG,2019-08-29,2080,2088,2080,2088,0,0.00%,1893
SEGG,2019-08-30,2076,2088,2076,2082,-6.,-0.29%,2574
SEGG,2019-09-03,2078,2082,2078,2082,0,0.00%,96
SEGG,2019-09-05,2078,2082,2078,2080,-2.,-0.10%,331
SEGG,2019-09-06,2076,2076,2076,2076,-4.,-0.19%,5
SEGG,2019-09-09,2082,2082,2082,2082,6,+0.29%,0
SEGG,2019-09-10,2080,2084,2078,2084,2,+0.10%,2026
SEGG,2019-09-13,2080,2084,2080,2084,0,0.00%,5
SEGG,2019-09-16,2082,2084,2080,2084,0,0.00%,3507
SEGG,2019-09-17,2080,2084,2080,2082,-2.,-0.10%,2803
SEGG,2019-09-19,2082,2084,2082,2082,0,0.00%,1
SEGG,2019-09-24,2082,2084,2078,2084,2,+0.10%,136
SEGG,2019-09-25,2078,2084,2078,2084,0,0.00%,4
SEGG,2019-10-07,2080,2082,2080,2082,-2.,-0.10%,379
SEGG,2019-10-08,2088,2088,2088,2088,6,+0.29%,5
SEGG,2019-10-11,2090,2090,2090,2090,2,+0.10%,0
SEGG,2019-10-16,2080,2094,2080,2092,2,+0.10%,32
SEGG,2019-10-17,2092,2092,2092,2092,0,0.00%,0
SEGG,2019-10-24,2082.98,2090,2082.98,2090,-2.,-0.10%,7
SEGG,2019-10-30,2090,2090,2090,2090,0,0.00%,125
SEGG,2019-10-31,2090,2092,2086,2090,0,0.00%,375
SEGG,2019-11-05,2090,2090,2087,2088,-2.,-0.10%,701
SEGG,2019-11-06,2086,2088,2080,2088,0,0.00%,19
SEGG,2019-11-07,2088,2096,2088,2090.0601,2.0601,+0.10%,1041
SEGG,2019-11-08,2096,2096,2096,2096,5.9399,+0.28%,0
SEGG,2019-11-11,2096,2096,2096,2096,0,0.00%,1250
SEGG,2019-11-12,2096,2096,2096,2096,0,0.00%,1000
SEGG,2019-11-13,2100,2100,2096,2098,2,+0.10%,6144
SEGG,2019-11-14,2098,2098,2090,2092,-6.,-0.29%,4665
SEGG,2019-11-15,2080,2096,2080,2096,4,+0.19%,157
SEGG,2019-11-19,2092,2098,2092,2098,2,+0.10%,3
SEGG,2019-11-20,2098,2100,2098,2100,2,+0.10%,2
SEGG,2019-11-21,2090,2100,2090,2100,0,0.00%,1
SEGG,2019-11-26,2095.48,2100,2095.48,2100,0,0.00%,8
SEGG,2019-11-29,2106,2106,2106,2106,6,+0.29%,1
SEGG,2019-12-06,2106,2120,2106,2120,14,+0.66%,18
SEGG,2019-12-16,2110,2120,2110,2120,0,0.00%,54
SEGG,2019-12-17,2118,2118,2118,2118,-2.,-0.09%,2
SEGG,2019-12-23,2110,2110,2110,2110,-8.,-0.38%,1
SEGG,2019-12-30,2110,2110,2105,2109.96,-0.04,0.00%,20
SEGG,2020-01-02,2100,2105,2100,2103.3198,-6.6402,-0.31%,9
SEGG,2020-01-08,2100,2104,2100,2104,0.6802,+0.03%,24
SEGG,2020-01-09,2104,2104,2104,2104,0,0.00%,22
SEGG,2020-01-17,2104,2104,2104,2104,0,0.00%,18
SEGG,2020-01-21,2102,2110.3201,2100,2110.3201,6.3201,+0.30%,24
SEGG,2020-01-24,2106,2106,2106,2106,-4.3201,-0.20%,125
SEGG,2020-01-27,2100,2113.2,2100,2104,-2.,-0.09%,1546
SEGG,2020-01-28,2114.7,2117.6001,2106,2111.1001,7.1001,+0.34%,35
SEGG,2020-02-04,2116,2120,2116,2120,8.8999,+0.42%,103
SEGG,2020-02-05,2114,2120,2114,2120,0,0.00%,178
SEGG,2020-02-07,2120,2120,2120,2120,0,0.00%,5
SEGG,2020-02-10,2120,2120,2120,2120,0,0.00%,0
SEGG,2020-02-11,2124,2134,2124,2134,14,+0.66%,6
SEGG,2020-02-19,2128.22,2128.22,2128.22,2128.22,-5.78,-0.27%,0
SEGG,2020-02-27,2123.6201,2123.6201,2112,2117.2002,-11.0198,-0.52%,7
SEGG,2020-03-02,2132,2132,2132,2132,14.7998,+0.70%,0
SEGG,2020-03-06,2112,2115.3999,2112,2115.3999,-16.6001,-0.78%,1
SEGG,2020-03-09,2110,2132,2108,2132,16.6001,+0.78%,27
SEGG,2020-03-10,2112,2132,2110,2110,-22.,-1.03%,89
SEGG,2020-03-11,2130,2130,2130,2130,20,+0.95%,0
SEGG,2020-03-13,2100,2132,2095,2132,2,+0.09%,252
SEGG,2020-03-16,2094.8,2120,2094.8,2120,-12.,-0.56%,4
SEGG,2020-03-17,2104,2104,2060,2060,-60.,-2.83%,12
SEGG,2020-03-18,2064.8,2064.8,2064.8,2064.8,4.8,+0.23%,1
SEGG,2020-03-19,2070,2071,2060,2070,5.2,+0.25%,1325
SEGG,2020-03-20,2065,2065,2065,2065,-5.,-0.24%,2
SEGG,2020-03-24,2080,2094.6199,2080,2094.6199,29.6199,+1.43%,7
SEGG,2020-03-25,2100,2100,2100,2100,5.3801,+0.26%,9
SEGG,2020-03-27,2092,2092,2092,2092,-8.,-0.38%,0
SEGG,2020-03-30,2110,2110,2110,2110,18,+0.86%,1
SEGG,2020-03-31,2108,2164,2090,2164,54,+2.56%,80
SEGG,2020-04-01,2100,2100,2086,2090,-74.,-3.42%,213
SEGG,2020-04-06,2100,2100,2100,2100,10,+0.48%,126
SEGG,2020-04-08,2118,2118,2118,2118,18,+0.86%,1
SEGG,2020-04-09,2123.3201,2123.3201,2123.3201,2123.3201,5.3201,+0.25%,0
SEGG,2020-04-14,2124,2124,2124,2124,0.6799,+0.03%,2
SEGG,2020-04-15,2104,2104,2104,2104,-20.,-0.94%,0
SEGG,2020-04-17,2110,2110,2106,2106,2,+0.10%,327
SEGG,2020-04-24,2124,2124,2124,2124,18,+0.85%,250
SEGG,2020-04-30,2120,2120,2120,2120,-4.,-0.19%,1
SEGG,2020-05-07,2126,2166,2126,2166,46,+2.17%,553
SEGG,2020-05-14,2144,2144,2122,2122,-44.,-2.03%,3
SEGG,2020-05-19,2126,2126,2126,2126,4,+0.19%,162
SEGG,2020-05-20,2126,2126,2126,2126,0,0.00%,4
SEGG,2020-05-21,2126,2126,2126,2126,0,0.00%,500
SEGG,2020-05-22,2128,2128,2128,2128,2,+0.09%,1000
SEGG,2020-05-26,2128,2140,2128,2140,12,+0.56%,2007
SEGG,2020-06-05,2140,2174,2132,2170,30,+1.40%,260
SEGG,2020-06-09,2168.5,2168.5,2168.5,2168.5,-1.5,-0.07%,0
SEGG,2020-06-10,2170,2170,2134,2134,-34.5,-1.59%,1
SEGG,2020-06-18,2160,2160,2142,2142,8,+0.37%,9
SEGG,2020-06-19,2179.98,2180,2163,2180,38,+1.77%,15
SEGG,2020-06-23,2160,2161,2160,2161,-19.,-0.87%,8
SEGG,2020-06-24,2148,2180,2146,2146,-15.,-0.69%,10
SEGG,2020-06-25,2148,2148,2148,2148,2,+0.09%,0
SEGG,2020-06-29,2180,2240,2154,2160,12,+0.56%,134
SEGG,2020-07-02,2200,2200,2200,2200,40,+1.85%,1
SEGG,2020-07-06,2190,2190,2190,2190,-10.,-0.45%,1
SEGG,2020-07-07,2168,2168,2164,2164,-26.,-1.19%,78
SEGG,2020-07-08,2170,2179.98,2170,2179.98,15.98,+0.74%,1
SEGG,2020-07-09,2179.98,2183.8201,2168.98,2180,0.02,0.00%,7
SEGG,2020-07-10,2184,2184,2177.6199,2184,4,+0.18%,174
SEGG,2020-07-13,2177.0601,2187,2176,2182,-2.,-0.09%,1787
SEGG,2020-07-14,2186,2186,2174.7998,2174.7998,-7.2002,-0.33%,7
SEGG,2020-07-15,2198,2198,2189.5,2189.5,14.7002,+0.68%,3
SEGG,2020-07-20,2190,2190,2172,2172,-17.5,-0.80%,3
SEGG,2020-07-22,2196,2196,2170,2170,-2.,-0.09%,162
SEGG,2020-07-24,2186,2200,2183,2188,18,+0.83%,92
SEGG,2020-07-27,2175,2175,2170,2171.5,-16.5,-0.75%,103
SEGG,2020-07-28,2172,2172,2170,2170,-1.5,-0.07%,154
SEGG,2020-07-29,2170,2172,2170,2170,0,0.00%,250
SEGG,2020-07-30,2172,2176.52,2170,2170,0,0.00%,1503
SEGG,2020-07-31,2170,2172,2164,2164,-6.,-0.28%,2556
SEGG,2020-08-03,2166.02,2166.02,2166,2166,2,+0.09%,2
SEGG,2020-08-06,2172,2172,2152,2152,-14.,-0.65%,42
SEGG,2020-08-07,2178,2178,2156.54,2156.54,4.54,+0.21%,3
SEGG,2020-08-10,2156,2160,2150,2150,-6.54,-0.30%,5
SEGG,2020-08-12,2150,2150,2148,2148,-2.,-0.09%,7
SEGG,2020-08-18,2148,2153,2148,2148.02,0.02,0.00%,44
SEGG,2020-08-19,2146,2151,2146,2151,2.98,+0.14%,13
SEGG,2020-09-01,2146,2146,2146,2146,-5.,-0.23%,2
SEGG,2020-09-02,2156,2156,2150,2150,4,+0.19%,159
SEGG,2020-09-03,2156,2158,2155.46,2158,8,+0.37%,20
SEGG,2020-09-08,2160,2160,2160,2160,2,+0.09%,4
SEGG,2020-09-09,2150,2155,2150,2155,-5.,-0.23%,2
SEGG,2020-09-10,2160,2160,2159.96,2159.96,4.96,+0.23%,1
SEGG,2020-09-11,2158,2158,2158,2158,-1.96,-0.09%,0
SEGG,2020-09-14,2154,2164,2154,2164,6,+0.28%,7
SEGG,2020-09-15,2162,2200,2162,2194,30,+1.39%,7
SEGG,2020-09-16,2192,2192,2160,2160,-34.,-1.55%,1
SEGG,2020-09-17,2178,2186,2178,2186,26,+1.20%,14
SEGG,2020-09-23,2202.0398,2208,2195,2195,9,+0.41%,8
SEGG,2020-09-24,2160,2204,2160,2202,7,+0.32%,5
SEGG,2020-09-25,2200,2200,2194,2196,-6.,-0.27%,4
SEGG,2020-09-28,2204,2207.8601,2198,2198,2,+0.09%,20
SEGG,2020-09-30,2185,2185,2185,2185,-13.,-0.59%,4
SEGG,2020-10-02,2164,2164,2164,2164,-21.,-0.96%,0
SEGG,2020-10-06,2176.02,2176.02,2152,2160,-4.,-0.18%,294
SEGG,2020-10-07,2208,2208,2162,2162,2,+0.09%,1
SEGG,2020-10-08,2154,2154,2152,2153.8,-8.2,-0.38%,14
SEGG,2020-10-09,2182,2192,2175,2191.7998,37.9998,+1.76%,6
SEGG,2020-10-12,2188,2188,2175,2175,-16.7998,-0.77%,1
SEGG,2020-10-13,2194,2196,2190,2190,15,+0.69%,2
SEGG,2020-10-15,2176,2176,2176,2176,-14.,-0.64%,0
SEGG,2020-10-19,2164.24,2164.24,2164.24,2164.24,-11.76,-0.54%,0
SEGG,2020-10-20,2172,2172,2172,2172,7.76,+0.36%,5
SEGG,2020-10-22,2166,2166,2160,2160,-12.,-0.55%,1
SEGG,2020-10-26,2164,2164,2164,2164,4,+0.19%,1
SEGG,2020-10-28,2160,2160,2160,2160,-4.,-0.18%,1
SEGG,2020-10-29,2160,2168,2152,2168,8,+0.37%,15
SEGG,2020-11-02,2180,2180,2180,2180,12,+0.55%,1
SEGG,2020-11-04,2152,2152,2152,2152,-28.,-1.28%,2
SEGG,2020-11-09,2156,2170.76,2154,2154,2,+0.09%,11
SEGG,2020-11-10,2165.2,2165.2,2165.2,2165.2,11.2,+0.52%,0
SEGG,2020-11-18,2164,2172,2164,2170,4.8,+0.22%,11
SEGG,2020-11-19,2218,2236,2170,2220,50,+2.30%,5973
SEGG,2020-11-20,2220,2230,2196,2203,-17.,-0.77%,499
SEGG,2020-11-23,2250,2250,2180,2200,-3.,-0.14%,947
SEGG,2020-11-24,2200,2220,2160,2190,-10.,-0.45%,3972
SEGG,2020-11-25,2220,2246.76,2182,2213,23,+1.05%,2458
SEGG,2020-11-27,2320,2350,2230,2298,85,+3.84%,3136
SEGG,2020-11-30,2490,2580,2390,2440,142,+6.18%,12034
SEGG,2020-12-01,2696,2706,2470,2498,58,+2.38%,10277
SEGG,2020-12-02,2400,2410,2236,2260,-238.,-9.53%,7087
SEGG,2020-12-03,2442,2444.78,2300,2400,140,+6.19%,6240
SEGG,2020-12-04,2334,2412,2330,2390,-10.,-0.42%,2841
SEGG,2020-12-07,2450,2500,2420,2474,84,+3.51%,5448
SEGG,2020-12-08,2470,2478,2376,2386,-88.,-3.56%,3222
SEGG,2020-12-09,2420,2600,2366,2500,114,+4.78%,5313
SEGG,2020-12-10,2550,2844,2526,2790,290,+11.60%,7266
SEGG,2020-12-11,2722,2860,2560,2676,-114.,-4.09%,3987
SEGG,2020-12-14,2658,2664,2424,2448,-228.,-8.52%,4415
SEGG,2020-12-15,2444,2499.98,2400,2438,-10.,-0.41%,1981
SEGG,2020-12-16,2402,2483.3599,2360,2396,-42.,-1.72%,1670
SEGG,2020-12-17,2400,2430,2360,2400,4,+0.17%,1717
SEGG,2020-12-18,2400,2461.8601,2380,2424,24,+1.00%,1132
SEGG,2020-12-21,2400,2530,2380,2478,54,+2.23%,2075
SEGG,2020-12-22,2554,2570,2438,2520,42,+1.69%,2334
SEGG,2020-12-23,2482,2600,2461.0801,2580,60,+2.38%,4166
SEGG,2020-12-24,2562,2660,2540,2640,60,+2.33%,2718
SEGG,2020-12-28,2660,2680,2600,2604,-36.,-1.36%,2680
SEGG,2020-12-29,2644,2669.3,2380,2474,-130.,-4.99%,2949
SEGG,2020-12-30,2492,2492,2406,2422,-52.,-2.10%,2197
SEGG,2020-12-31,2424,2440,2380,2392,-30.,-1.24%,1664
SEGG,2021-01-04,2472,2482.24,2364,2420,28,+1.17%,2637
SEGG,2021-01-05,2378,2498,2360,2430,10,+0.41%,1923
SEGG,2021-01-06,2472,2500,2376,2392,-38.,-1.56%,2276
SEGG,2021-01-07,2434,2550,2392,2530,138,+5.77%,2900
SEGG,2021-01-08,2500,2514,2416,2470,-60.,-2.37%,2344
SEGG,2021-01-11,2436,2472,2412,2428,-42.,-1.70%,2028
SEGG,2021-01-12,2448,2470,2390,2404,-24.,-0.99%,2230
SEGG,2021-01-13,2432,2486,2392,2450,46,+1.91%,2856
SEGG,2021-01-14,2484,2520,2450,2476,26,+1.06%,1889
SEGG,2021-01-15,2444,2471.5798,2400,2414,-62.,-2.50%,1544
SEGG,2021-01-19,2428,2450,2402,2424,10,+0.41%,1413
SEGG,2021-01-20,2420,2436,2400,2408,-16.,-0.66%,1640
SEGG,2021-01-21,2402,2470,2400,2440,32,+1.33%,2135
SEGG,2021-01-22,2440,2550,2440,2490,50,+2.05%,2714
SEGG,2021-01-25,2490,2490,2400,2426,-64.,-2.57%,3638
SEGG,2021-01-26,2426,2426,2380.04,2382,-44.,-1.81%,1969
SEGG,2021-01-27,2328,2338,2244,2296,-86.,-3.61%,2303
SEGG,2021-01-28,2298,2342,2252,2342,46,+2.00%,1460
SEGG,2021-01-29,2382,2488,2340,2440,98,+4.18%,3336
SEGG,2021-02-01,2432,2676,2402,2676,236,+9.67%,6603
SEGG,2021-02-02,2702,2850,2668,2740,64,+2.39%,3287
SEGG,2021-02-03,2736,2822,2590,2822,82,+2.99%,4888
SEGG,2021-02-04,2820,2950,2700,2910,88,+3.12%,3805
SEGG,2021-02-05,2898,2898,2790,2812,-98.,-3.37%,2483
SEGG,2021-02-08,2854,2930,2800,2872,60,+2.13%,2224
SEGG,2021-02-09,2822,2872,2710,2850,-22.,-0.77%,1939
SEGG,2021-02-10,2858,2960,2700,2824,-26.,-0.91%,2317
SEGG,2021-02-11,2802,2866,2702,2726,-98.,-3.47%,1492
SEGG,2021-02-12,2750,2877.98,2710,2832,106,+3.89%,1608
SEGG,2021-02-16,2830,2890,2720,2870,38,+1.34%,2975
SEGG,2021-02-17,2888,2920,2762,2856,-14.,-0.49%,2822
SEGG,2021-02-18,2776,2920,2730,2812,-44.,-1.54%,2668
SEGG,2021-02-19,2960,3240.0002,2888,3126,314,+11.17%,6016
SEGG,2021-02-22,3374.0005,3374.0005,2920,2970,-156.,-4.99%,10119
SEGG,2021-02-23,2724,2779.98,2322,2622,-348.,-11.72%,7602
SEGG,2021-02-24,2680,2990,2680,2828,206,+7.86%,4158
SEGG,2021-02-25,2830,2846,2560,2628,-200.,-7.07%,3618
SEGG,2021-02-26,2608,2658,2460,2516,-112.,-4.26%,2303
SEGG,2021-03-01,2720,2760,2602,2682,166,+6.60%,1625
SEGG,2021-03-02,2624,2710,2560,2560,-122.,-4.55%,999
SEGG,2021-03-03,2590,2627.98,2456,2470,-90.,-3.52%,1869
SEGG,2021-03-04,2430,2436,2116,2242,-228.,-9.23%,3139
SEGG,2021-03-05,2276,2648,2148,2548,306,+13.65%,3185
SEGG,2021-03-08,2504,2620,2352,2360,-188.,-7.38%,1309
SEGG,2021-03-09,2472,2532.96,2394,2460,100,+4.24%,949
SEGG,2021-03-10,2468,2520,2376,2482,22,+0.89%,1033
SEGG,2021-03-11,2538,2840,2480,2660,178,+7.17%,3374
SEGG,2021-03-12,2600,2720,2580,2658,-2.,-0.08%,853
SEGG,2021-03-15,2618,2678,2534,2568,-90.,-3.39%,621
SEGG,2021-03-16,2596,2600,2462,2516,-52.,-2.02%,508
SEGG,2021-03-17,2460,2570,2404,2500,-16.,-0.64%,596
SEGG,2021-03-18,2512,2553,2424,2468,-32.,-1.28%,1242
SEGG,2021-03-19,2470,2490,2366,2382,-86.,-3.48%,1766
SEGG,2021-03-22,2490,2788,2460,2714,332,+13.94%,5255
SEGG,2021-03-23,2660,2750,2555,2588,-126.,-4.64%,2110
SEGG,2021-03-24,2610,2696,2464,2468,-120.,-4.64%,1767
SEGG,2021-03-25,2404,2562.4001,2382,2518,50,+2.03%,1292
SEGG,2021-03-26,2528,2528,2282,2364,-154.,-6.12%,2046
SEGG,2021-03-29,2368,2436,2292,2350,-14.,-0.59%,1581
SEGG,2021-03-30,2324,2438,2276,2358,8,+0.34%,862
SEGG,2021-03-31,2380,2430,2380,2388,30,+1.27%,345
SEGG,2021-04-01,2394,2456,2382,2448,60,+2.51%,535
SEGG,2021-04-05,2610,2680,2520,2630,182,+7.43%,3283
SEGG,2021-04-06,2604,2620,2510,2536,-94.,-3.57%,1498
SEGG,2021-04-07,2536,2618,2488,2540,4,+0.16%,767
SEGG,2021-04-08,2550,2600,2462,2592,52,+2.05%,1537
SEGG,2021-04-09,2616,2710,2530,2656,64,+2.47%,2269
SEGG,2021-04-12,2690,2720,2530,2542,-114.,-4.29%,1592
SEGG,2021-04-13,2560,2598,2492,2592,50,+1.97%,1300
SEGG,2021-04-14,2598,2679.98,2530,2556,-36.,-1.39%,1000
SEGG,2021-04-15,2572,2572,2434,2436,-120.,-4.69%,1047
SEGG,2021-04-16,2430,2484.6201,2400,2434,-2.,-0.08%,1042
SEGG,2021-04-19,2402,2449.98,2300,2312,-122.,-5.01%,1297
SEGG,2021-04-20,2312,2367.8,2214,2275,-37.,-1.60%,1244
SEGG,2021-04-21,2264,2344,2234,2342,67,+2.95%,785
SEGG,2021-04-22,2378,2396,2252,2276,-66.,-2.82%,629
SEGG,2021-04-23,2278,2346,2270,2319.98,43.98,+1.93%,571
SEGG,2021-04-26,2380,2571,2356,2540,220.02,+9.48%,2091
SEGG,2021-04-27,2576,2656,2540,2584,44,+1.73%,1566
SEGG,2021-04-28,2616,2690,2558,2678,94,+3.64%,1397
SEGG,2021-04-29,2696,2728,2570,2707,29,+1.08%,1514
SEGG,2021-04-30,2676,2770,2608,2668,-39.,-1.44%,858
SEGG,2021-05-03,2680,2684,2582.02,2664,-4.,-0.15%,1039
SEGG,2021-05-04,2616,2646,2520,2590,-74.,-2.78%,1035
SEGG,2021-05-05,2604,2620,2502,2520,-70.,-2.70%,469
SEGG,2021-05-06,2520,2540,2382,2416,-104.,-4.13%,1274
SEGG,2021-05-07,2470,2486,2390,2440,24,+0.99%,518
SEGG,2021-05-10,2464,2470,2336,2352,-88.,-3.61%,796
SEGG,2021-05-11,2250,2382,2212,2350,-2.,-0.09%,1338
SEGG,2021-05-12,2306,2426,2260,2298,-52.,-2.21%,1047
SEGG,2021-05-13,2312,2397.98,2220,2276,-22.,-0.96%,1569
SEGG,2021-05-14,2286,2380,2272,2340,64,+2.81%,461
SEGG,2021-05-17,2340,2376,2282,2376,36,+1.54%,364
SEGG,2021-05-18,2356,2426.02,2326.02,2402,26,+1.09%,414
SEGG,2021-05-19,2304,2428,2304,2400,-2.,-0.08%,382
SEGG,2021-05-20,2396,2546.0601,2376,2514,114,+4.75%,588
SEGG,2021-05-21,2560,2560,2460,2540,26,+1.03%,416
SEGG,2021-05-24,2546,2560,2471.5,2492,-48.,-1.89%,339
SEGG,2021-05-25,2500,2530,2480,2500,8,+0.32%,430
SEGG,2021-05-26,2480,2528,2424,2476,-24.,-0.96%,788
SEGG,2021-05-27,2480,2510,2460,2462,-14.,-0.57%,525
SEGG,2021-05-28,2454,2508,2430,2500,38,+1.54%,485
SEGG,2021-06-01,2492,2514,2452.02,2500,0,0.00%,674
SEGG,2021-06-02,2500,2540,2450,2498,-2.,-0.08%,638
SEGG,2021-06-03,2496,2498,2460,2480,-18.,-0.72%,774
SEGG,2021-06-04,2480,2512,2446,2500,20,+0.81%,439
SEGG,2021-06-07,2500,2541.98,2448.02,2492,-8.,-0.32%,715
SEGG,2021-06-08,2490,2636,2480,2608,116,+4.65%,2178
SEGG,2021-06-09,2620,2660,2546,2630,22,+0.84%,1285
SEGG,2021-06-10,2620,2647.98,2520,2522,-108.,-4.11%,662
SEGG,2021-06-11,2554,2638,2540,2548,26,+1.03%,435
SEGG,2021-06-14,2540,2600,2440,2446,-102.,-4.00%,368
SEGG,2021-06-15,2450,2480,2364,2456,10,+0.41%,424
SEGG,2021-06-16,2434,2442.6399,2370,2408,-48.,-1.95%,450
SEGG,2021-06-17,2422,2422,2274,2364,-44.,-1.83%,927
SEGG,2021-06-18,2380,2389.98,2322,2368,4,+0.17%,456
SEGG,2021-06-21,2380,2490,2348,2390,22,+0.93%,756
SEGG,2021-06-22,2390,2396,2326,2378,-12.,-0.50%,462
SEGG,2021-06-23,2364,2450,2342,2430,52,+2.19%,578
SEGG,2021-06-24,2462,2462,2372,2387.7002,-42.2998,-1.74%,182
SEGG,2021-06-25,2372,2436,2360,2384,-3.7002,-0.15%,276
SEGG,2021-06-28,2404,2429,2352,2398,14,+0.59%,347
SEGG,2021-06-29,2396,2420,2372,2411.98,13.98,+0.58%,248
SEGG,2021-06-30,2400,2568,2354,2526,114.02,+4.73%,1256
SEGG,2021-07-01,2540,2540,2460,2484,-42.,-1.66%,330
SEGG,2021-07-02,2512,2672,2432,2672,188,+7.57%,1585
SEGG,2021-07-06,2640,2640,2500,2521,-151.,-5.65%,912
SEGG,2021-07-07,2640,2660,2472,2600,79,+3.13%,1921
SEGG,2021-07-08,2484,2662.4001,2402,2504,-96.,-3.69%,1211
SEGG,2021-07-09,2540,2549.98,2446,2466,-38.,-1.52%,348
SEGG,2021-07-12,2452,2488,2416,2424,-42.,-1.70%,293
SEGG,2021-07-13,2424,2439.98,2302,2334,-90.,-3.71%,1102
SEGG,2021-07-14,2346,2357.98,2222,2240,-94.,-4.03%,1752
SEGG,2021-07-15,2240,2320,2227.0601,2265,25,+1.12%,1344
SEGG,2021-07-16,2300,2355.98,2270,2310,45,+1.99%,560
SEGG,2021-07-19,2260,2288,2222,2222,-88.,-3.81%,1021
SEGG,2021-07-20,2222,2275.98,2222,2254.6399,32.6399,+1.47%,550
SEGG,2021-07-21,2276,2300,2244,2260,5.3601,+0.24%,369
SEGG,2021-07-22,2260,2296,2258,2276,16,+0.71%,193
SEGG,2021-07-23,2290,2291.6799,2152,2230,-46.,-2.02%,766
SEGG,2021-07-26,2232,2254.4202,2172,2186,-44.,-1.97%,736
SEGG,2021-07-27,2176,2198,2136,2188,2,+0.09%,1318
SEGG,2021-07-28,2176.02,2219.78,2158,2160,-28.,-1.28%,432
SEGG,2021-07-29,2160,2188.4399,2160,2166,6,+0.28%,414
SEGG,2021-07-30,2180,2222,2166,2166,0,0.00%,642
SEGG,2021-08-02,2202,2210,2175,2184,18,+0.83%,394
SEGG,2021-08-03,2184,2200,2179,2180,-4.,-0.18%,343
SEGG,2021-08-04,2178,2188,2178,2180,0,0.00%,621
SEGG,2021-08-05,2178,2220,2178,2182,2,+0.09%,575
SEGG,2021-08-06,2190,2198,2166,2180,-2.,-0.09%,550
SEGG,2021-08-09,2180,2264,2172,2202,22,+1.01%,988
SEGG,2021-08-10,2216,2220,2184,2194,-8.,-0.36%,516
SEGG,2021-08-11,2196,2206.52,2178,2188,-6.,-0.27%,650
SEGG,2021-08-12,2188,2193.6599,2182,2182,-6.,-0.27%,332
SEGG,2021-08-13,2188,2190,2170,2172,-10.,-0.46%,547
SEGG,2021-08-16,2178,2180,2154,2170,-2.,-0.09%,851
SEGG,2021-08-17,2166,2196,2164,2188,18,+0.83%,810
SEGG,2021-08-18,2182,2188,2178,2178,-10.,-0.46%,315
SEGG,2021-08-19,2172,2188,2172,2186,8,+0.37%,458
SEGG,2021-08-20,2180,2202,2170.8,2194,8,+0.37%,474
SEGG,2021-08-23,2188,2196,2184,2184,-10.,-0.46%,536
SEGG,2021-08-24,2184,2191.4399,2182,2182,-2.,-0.09%,184
SEGG,2021-08-25,2182,2192,2182,2192,10,+0.46%,216
SEGG,2021-08-26,2182,2260,2182,2228,36,+1.64%,1476
SEGG,2021-08-27,2226,2274,2220,2256,28,+1.26%,1126
SEGG,2021-08-30,2268,2274,2221,2238,-18.,-0.80%,783
SEGG,2021-08-31,2250,2360,2224,2326,88,+3.93%,1824
SEGG,2021-09-01,2344,2380,2276,2276,-50.,-2.15%,491
SEGG,2021-09-02,2272,2340,2272,2322,46,+2.02%,273
SEGG,2021-09-03,2322,2442,2310,2390,68,+2.93%,654
SEGG,2021-09-07,2390,2548,2374,2518,128,+5.36%,1132
SEGG,2021-09-08,2472,2472,2362,2400,-118.,-4.69%,509
SEGG,2021-09-09,2400,2444,2400,2442,42,+1.75%,248
SEGG,2021-09-10,2458,2492.48,2382,2382,-60.,-2.46%,631
SEGG,2021-09-13,2380,2400,2303.28,2324,-58.,-2.43%,257
SEGG,2021-09-14,2304,2373.0801,2304,2346,22,+0.95%,232
SEGG,2021-09-15,2326,2360,2280,2338,-8.,-0.34%,349
SEGG,2021-09-16,2304,2338.6201,2304,2318,-20.,-0.86%,110
SEGG,2021-09-17,2316,2343.4399,2296,2304,-14.,-0.60%,93
SEGG,2021-09-20,2280,2322,2256,2300,-4.,-0.17%,168
SEGG,2021-09-21,2338,2452,2336,2412,112,+4.87%,939
SEGG,2021-09-22,2472,2472.52,2402,2430,18,+0.75%,318
SEGG,2021-09-23,2502,2520,2460.1201,2508,78,+3.21%,764
SEGG,2021-09-24,2498,2520,2442,2510,2,+0.08%,417
SEGG,2021-09-27,2498,2502,2392,2414,-96.,-3.82%,281
SEGG,2021-09-28,2412,2442,2320,2340,-74.,-3.07%,503
SEGG,2021-09-29,2348,2436,2319.5999,2408,68,+2.91%,329
SEGG,2021-09-30,2408,2408,2310,2320,-88.,-3.65%,343
SEGG,2021-10-01,2342,2380,2316,2360,40,+1.72%,339
SEGG,2021-10-04,2346,2366,2276,2276,-84.,-3.56%,274
SEGG,2021-10-05,2278,2337.04,2278,2286,10,+0.44%,150
SEGG,2021-10-06,2272,2300,2250,2250,-36.,-1.57%,279
SEGG,2021-10-07,2300,2320,2270.02,2296,46,+2.04%,136
SEGG,2021-10-08,2286,2296,2256,2286,-10.,-0.44%,96
SEGG,2021-10-11,2274,2282,2249,2272,-14.,-0.61%,173
SEGG,2021-10-12,2254,2282,2244,2244,-28.,-1.23%,335
SEGG,2021-10-13,2260,2278,2250,2274,30,+1.34%,411
SEGG,2021-10-14,2252.46,2368,2252.46,2324,50,+2.20%,444
SEGG,2021-10-15,2324,2344,2287.8799,2300,-24.,-1.03%,202
SEGG,2021-10-18,2320,2438,2320,2384,84,+3.65%,1783
SEGG,2021-10-19,2402,2462,2350,2392,8,+0.34%,629
SEGG,2021-10-20,2380,2400,2322,2340,-52.,-2.17%,548
SEGG,2021-10-21,2430,2622,2424,2564,224,+9.57%,3769
SEGG,2021-10-22,2694,2888,2624.1199,2788,224,+8.74%,4806
SEGG,2021-10-25,2772,2939,2642,2774,-14.,-0.50%,3227
SEGG,2021-10-26,2840,2900,2704,2716,-58.,-2.09%,1955
SEGG,2021-10-27,2750,2850,2750,2798,82,+3.02%,1372
SEGG,2021-10-28,2890,3032,2816,2950,152,+5.43%,3189
SEGG,2021-10-29,2852,3036,2712,3028,78,+2.64%,2678
SEGG,2021-11-01,2726,3094,2720,3056,28,+0.92%,1544
SEGG,2021-11-02,2960,3020,2820,2846,-210.,-6.87%,1910
SEGG,2021-11-03,2800,2800,2624,2700,-146.,-5.13%,2136
SEGG,2021-11-04,2714,2760,2581,2596,-104.,-3.85%,1195
SEGG,2021-11-05,2574,3500,2544,3140,544,+20.96%,22953
SEGG,2021-11-08,3222,3424.0005,2566,2774,-366.,-11.66%,18272
SEGG,2021-11-09,2782,2973,2672.02,2810,36,+1.30%,8704
SEGG,2021-11-10,2754,2826,2640,2686,-124.,-4.41%,2332
SEGG,2021-11-11,2716,2744,2524,2652,-34.,-1.27%,3088
SEGG,2021-11-12,2644,2700,2610,2650,-2.,-0.08%,2240
SEGG,2021-11-15,2740,2740,2562,2616,-34.,-1.28%,4064
SEGG,2021-11-16,2846,2888,2450,2564,-52.,-1.99%,9838
SEGG,2021-11-17,2458,2526,2080,2160,-404.,-15.76%,10044
SEGG,2021-11-18,2194,2200,1648,1729.9998,-430.0002,-19.91%,14916
SEGG,2021-11-19,1814,1878.0002,1580,1645.9999,-83.9999,-4.86%,9030
SEGG,2021-11-22,1634,1645.9999,1362,1396,-249.9999,-15.19%,9995
SEGG,2021-11-23,1520,1556,1374,1374,-22.,-1.58%,5125
SEGG,2021-11-24,1350,1426,1244,1394,20,+1.46%,9620
SEGG,2021-11-26,1322,1404,1264,1372,-22.,-1.58%,2983
SEGG,2021-11-29,1380,1436,1280,1362,-10.,-0.73%,3638
SEGG,2021-11-30,1350,1390,1270,1332,-30.,-2.20%,3244
SEGG,2021-12-01,1346,1438,1286,1304,-28.,-2.10%,5283
SEGG,2021-12-02,1294,1374,1270,1362,58,+4.45%,2239
SEGG,2021-12-03,1366,1387.5,1080,1110,-252.,-18.50%,5694
SEGG,2021-12-06,1102,1162,1020.08,1119,9,+0.81%,3097
SEGG,2021-12-07,1134,1282,1108,1244,125,+11.17%,2087
SEGG,2021-12-08,1274,1340,1248,1314,70,+5.63%,1777
SEGG,2021-12-09,1314,1379.98,1264,1284,-30.,-2.28%,2679
SEGG,2021-12-10,1312,1320,1184,1198,-86.,-6.70%,2184
SEGG,2021-12-13,1212,1244,1106,1106,-92.,-7.68%,2457
SEGG,2021-12-14,1104,1166,1044,1052,-54.,-4.88%,1796
SEGG,2021-12-15,1060,1110,1014.0001,1096,44,+4.18%,1729
SEGG,2021-12-16,1110,1113.88,922,974,-122.,-11.13%,4221
SEGG,2021-12-17,970,1094,943.9999,1050,76,+7.80%,13193
SEGG,2021-12-20,1022,1339.96,1000,1198,148,+14.10%,9485
SEGG,2021-12-21,1206,1233.8199,1082,1100,-98.,-8.18%,3713
SEGG,2021-12-22,1112,1369.98,1112,1326,226,+20.55%,12173
SEGG,2021-12-23,1332,1580,1314,1334,8,+0.60%,12806
SEGG,2021-12-27,1326,1376.0601,1228,1294,-40.,-3.00%,2589
SEGG,2021-12-28,1274,1334,1216,1328,34,+2.63%,1955
SEGG,2021-12-29,1328,1328,1232,1284,-44.,-3.31%,2186
SEGG,2021-12-30,1274,1326,1242,1286,2,+0.16%,1626
SEGG,2021-12-31,1254,1312,1207.76,1274,-12.,-0.93%,2035
SEGG,2022-01-03,1284,1284,1200,1222,-52.,-4.08%,1072
SEGG,2022-01-04,1238,1320,1208,1236,14,+1.15%,1453
SEGG,2022-01-05,1228,1256,1182,1208,-28.,-2.27%,1463
SEGG,2022-01-06,1190,1246,1150.98,1214,6,+0.50%,1228
SEGG,2022-01-07,1204,1224,1088,1102,-112.,-9.23%,1624
SEGG,2022-01-10,1076,1128,1012,1066,-36.,-3.27%,2811
SEGG,2022-01-11,1020,1120,1020,1042,-24.,-2.25%,1885
SEGG,2022-01-12,1048,1076.9399,1016.02,1046,4,+0.38%,770
SEGG,2022-01-13,1032,1068,1014.0001,1032,-14.,-1.34%,1136
SEGG,2022-01-14,1030,1036,902.0001,962,-70.,-6.78%,3190
SEGG,2022-01-18,939.9999,1028,900,1008,46,+4.78%,2164
SEGG,2022-01-19,1002.0001,1014.0001,930,947.9999,-60.0001,-5.95%,1254
SEGG,2022-01-20,946,997.9999,884,893.9999,-54.,-5.70%,1956
SEGG,2022-01-21,868,893.9999,806.0001,818,-75.9999,-8.50%,2510
SEGG,2022-01-24,806.0001,876,718,866,48,+5.87%,2424
SEGG,2022-01-25,852.0001,910.0001,800,896,30,+3.46%,1108
SEGG,2022-01-26,918,943.9999,842,858,-38.,-4.24%,1185
SEGG,2022-01-27,917,917,806.0001,830,-28.,-3.26%,920
SEGG,2022-01-28,832,885.9999,794,842,12,+1.45%,848
SEGG,2022-01-31,842,912,841.04,892,50,+5.94%,669
SEGG,2022-02-01,882,920,850,866,-26.,-2.91%,939
SEGG,2022-02-02,862,870,800,802.0001,-63.9999,-7.39%,996
SEGG,2022-02-03,788,830,764,778,-24.0001,-2.99%,1129
SEGG,2022-02-04,798,812,772,802.0001,24.0001,+3.08%,913
SEGG,2022-02-07,800,866,800,856.0001,54,+6.73%,985
SEGG,2022-02-08,858,889.98,826,868,11.9999,+1.40%,480
SEGG,2022-02-09,878,886.42,834,846,-22.,-2.53%,1389
SEGG,2022-02-10,824,858,802.0001,806.0001,-39.9999,-4.73%,649
SEGG,2022-02-11,814.0001,828,736,752,-54.0001,-6.70%,1477
SEGG,2022-02-14,754,786,740,742,-10.,-1.33%,788
SEGG,2022-02-15,758,790,744,750,8,+1.08%,507
SEGG,2022-02-16,756,768,720,750,0,0.00%,806
SEGG,2022-02-17,742,790,718,738,-12.,-1.60%,1817
SEGG,2022-02-18,742,748,696.02,722,-16.,-2.17%,1115
SEGG,2022-02-22,774,822,760,786,64,+8.86%,2372
SEGG,2022-02-23,786,804,725.16,742,-44.,-5.60%,1003
SEGG,2022-02-24,682,736,668,730,-12.,-1.62%,1977
SEGG,2022-02-25,750,820,749,800,70,+9.59%,1743
SEGG,2022-02-28,780,842,770,790,-10.,-1.25%,752
SEGG,2022-03-01,790,830,780,788,-2.,-0.25%,486
SEGG,2022-03-02,790,814.0001,754,762,-26.,-3.30%,822
SEGG,2022-03-03,768,770,718,720,-42.,-5.51%,455
SEGG,2022-03-04,714,758,700,710,-10.,-1.39%,478
SEGG,2022-03-07,712,722,672,674,-36.,-5.07%,875
SEGG,2022-03-08,676,728,660,688,14,+2.08%,467
SEGG,2022-03-09,702,746,694,720,32,+4.65%,360
SEGG,2022-03-10,714,724.64,674,682,-38.,-5.28%,399
SEGG,2022-03-11,684,690,626,642,-40.,-5.87%,631
SEGG,2022-03-14,646,649,600,616,-26.,-4.05%,412
SEGG,2022-03-15,620,650,612,612,-4.,-0.65%,348
SEGG,2022-03-16,624,676,622,658,46,+7.52%,730
SEGG,2022-03-17,654,698,654,676,18,+2.74%,614
SEGG,2022-03-18,688,800,681.38,740,64,+9.47%,1381
SEGG,2022-03-21,744,760,704,712,-28.,-3.78%,638
SEGG,2022-03-22,712,761.6001,710,718,6,+0.84%,529
SEGG,2022-03-23,758,758,696,704,-14.,-1.95%,550
SEGG,2022-03-24,702,728,700,710,6,+0.85%,365
SEGG,2022-03-25,730,730,656,668,-42.,-5.92%,816
SEGG,2022-03-28,672,687.64,650,652,-16.,-2.40%,509
SEGG,2022-03-29,654,698,654,680,28,+4.29%,532
SEGG,2022-03-30,698,730,680,716,36,+5.29%,1532
SEGG,2022-03-31,652,696,612,628,-88.,-12.29%,2474
SEGG,2022-04-01,630,656,555.9801,572,-56.,-8.92%,2831
SEGG,2022-04-04,572,630,572,612,40,+6.99%,1520
SEGG,2022-04-05,608,622,584,608,-4.,-0.65%,861
SEGG,2022-04-06,598,672.86,582.94,650,42,+6.91%,1319
SEGG,2022-04-07,658,658,586,596,-54.,-8.31%,719
SEGG,2022-04-08,600,617,584,606,10,+1.68%,525
SEGG,2022-04-11,604,604,572,576,-30.,-4.95%,1676
SEGG,2022-04-12,594,596,568,582,6,+1.04%,879
SEGG,2022-04-13,570,605.9801,570,588,6,+1.03%,267
SEGG,2022-04-14,598,602,552,560,-28.,-4.76%,755
SEGG,2022-04-18,562,566.06,540,556,-4.,-0.71%,638
SEGG,2022-04-19,566,578,546.02,556,0,0.00%,605
SEGG,2022-04-20,552,564,540,554,-2.,-0.36%,879
SEGG,2022-04-21,566,566,532,552,-2.,-0.36%,498
SEGG,2022-04-22,550,560,520,524,-28.,-5.07%,316
SEGG,2022-04-25,512,538,512,526,2,+0.38%,301
SEGG,2022-04-26,514,530,476.0001,484,-42.,-7.98%,767
SEGG,2022-04-27,494,546,487.08,540,56,+11.57%,794
SEGG,2022-04-28,548,565.98,512,512,-28.,-5.19%,506
SEGG,2022-04-29,522,522,464,476.0001,-35.9999,-7.03%,1643
SEGG,2022-05-02,466,486,404,416,-60.0001,-12.61%,3418
SEGG,2022-05-03,408,426.22,374,404,-12.,-2.88%,3740
SEGG,2022-05-04,404,409.82,342,374,-30.,-7.43%,3147
SEGG,2022-05-05,370,418,366.24,394,20,+5.35%,1551
SEGG,2022-05-06,392,406,372,380,-14.,-3.55%,582
SEGG,2022-05-09,380,380,304,304,-76.,-20.00%,1773
SEGG,2022-05-10,330,330,264,292,-12.,-3.95%,1411
SEGG,2022-05-11,280,294,260,262,-30.,-10.27%,1599
SEGG,2022-05-12,266,286,252,262,0,0.00%,2776
SEGG,2022-05-13,276,292,266,282,20,+7.63%,3075
SEGG,2022-05-16,282,286,264,270,-12.,-4.26%,1328
SEGG,2022-05-17,274,288,274,278,8,+2.96%,681
SEGG,2022-05-18,276,280,262,262,-16.,-5.76%,1106
SEGG,2022-05-19,264,278.6,264,272,10,+3.82%,1457
SEGG,2022-05-20,270,272,254,256,-16.,-5.88%,665
SEGG,2022-05-23,262,264,258,264,8,+3.13%,438
SEGG,2022-05-24,258,270,246,250,-14.,-5.30%,400
SEGG,2022-05-25,258,264,248,262,12,+4.80%,343
SEGG,2022-05-26,262,276,260,262,0,0.00%,916
SEGG,2022-05-27,276,286,270,282,20,+7.63%,744
SEGG,2022-05-31,284,289.98,270,274,-8.,-2.84%,658
SEGG,2022-06-01,286,289.98,264,268,-6.,-2.19%,360
SEGG,2022-06-02,266,272,260,260,-8.,-2.99%,582
SEGG,2022-06-03,262,266.6,230,260,0,0.00%,1504
SEGG,2022-06-06,262,338,262,326,66,+25.38%,4526
SEGG,2022-06-07,316,338,314,326,0,0.00%,1560
SEGG,2022-06-08,324,380,322,362,36,+11.04%,1902
SEGG,2022-06-09,360,372,318,320,-42.,-11.60%,1000
SEGG,2022-06-10,306,316,296.02,314,-6.,-1.88%,617
SEGG,2022-06-13,294,294,264.02,268,-46.,-14.65%,925
SEGG,2022-06-14,262,281.98,262,268,0,0.00%,468
SEGG,2022-06-15,274,292,256,260,-8.,-2.99%,808
SEGG,2022-06-16,264,266,240,240,-20.,-7.69%,1048
SEGG,2022-06-17,250,256,222,222,-18.,-7.50%,1559
SEGG,2022-06-21,248,260,226,226,4,+1.80%,928
SEGG,2022-06-22,226,236,220,222,-4.,-1.77%,1240
SEGG,2022-06-23,224,232,212,222,0,0.00%,995
SEGG,2022-06-24,224,270,224,268,46,+20.72%,1591
SEGG,2022-06-27,276,276,239,241,-27.,-10.07%,701
SEGG,2022-06-28,244,246,230,234,-7.,-2.90%,313
SEGG,2022-06-29,236,240,226,228,-6.,-2.56%,351
SEGG,2022-06-30,220,226,220,224,-4.,-1.75%,265
SEGG,2022-07-01,224,236,224,232,8,+3.57%,326
SEGG,2022-07-05,230,260,226,244,12,+5.17%,583
SEGG,2022-07-06,222,228,206,214,-30.,-12.30%,3263
SEGG,2022-07-07,216,232,214,232,18,+8.41%,613
SEGG,2022-07-08,238,243.4,220,228,-4.,-1.72%,591
SEGG,2022-07-11,222,228,210,216,-12.,-5.26%,1113
SEGG,2022-07-12,214,220.98,213.94,216,0,0.00%,357
SEGG,2022-07-13,214,216,186,197.06,-18.94,-8.77%,1891
SEGG,2022-07-14,198,198.04,176,193,-4.06,-2.06%,1403
SEGG,2022-07-15,190,200,190,193.18,0.18,+0.09%,813
SEGG,2022-07-18,180,188,150.7,164.04,-29.14,-15.08%,7408
SEGG,2022-07-19,164.8,170.98,161.02,167,2.96,+1.80%,943
SEGG,2022-07-20,174,174.6,163.94,164,-3.,-1.80%,1177
SEGG,2022-07-21,169.1,169.1,164.02,164.6,0.6,+0.37%,916
SEGG,2022-07-22,167.98,167.98,160.2,163.98,-0.62,-0.38%,691
SEGG,2022-07-25,160.2,163.98,154.02,156,-7.98,-4.87%,1223
SEGG,2022-07-26,154,154.02,144,144.32,-11.68,-7.49%,1087
SEGG,2022-07-27,144,159.98,140.38,155.98,11.66,+8.08%,1354
SEGG,2022-07-28,156,167.8,150,162.92,6.94,+4.45%,1306
SEGG,2022-07-29,126,127.26,50.46,59,-103.92,-63.79%,51488
SEGG,2022-08-01,70,72,58,70.02,11.02,+18.68%,27417
SEGG,2022-08-02,66,71.58,62,70,-0.02,-0.03%,10809
SEGG,2022-08-03,70,144,66,94.02,24.02,+34.31%,70503
SEGG,2022-08-04,96,100,86.96,91.98,-2.04,-2.17%,6913
SEGG,2022-08-05,91.4,92.36,79.04,89.1,-2.88,-3.13%,6156
SEGG,2022-08-08,92,104,90,90,0.9,+1.01%,6940
SEGG,2022-08-09,90,94.8,81,88,-2.,-2.22%,4120
SEGG,2022-08-10,92,93.26,87,88.96,0.96,+1.09%,1610
SEGG,2022-08-11,93.24,117.38,90.06,96.18,7.22,+8.12%,10168
SEGG,2022-08-12,100,100,92.2,96,-0.18,-0.19%,3496
SEGG,2022-08-15,100,101,87.82,94.86,-1.14,-1.19%,4486
SEGG,2022-08-16,88,96.02,87,92.02,-2.84,-2.99%,2294
SEGG,2022-08-17,92,95.98,83,84.02,-8.,-8.69%,3816
SEGG,2022-08-18,86.98,88,66.6,72.82,-11.2,-13.33%,8212
SEGG,2022-08-19,68,132,68,96,23.18,+31.83%,58320
SEGG,2022-08-22,101.1,102.18,76,78.4,-17.6,-18.33%,9189
SEGG,2022-08-23,80.02,84,78,80.22,1.82,+2.32%,3818
SEGG,2022-08-24,82,83.98,77.8,80,-0.22,-0.27%,3315
SEGG,2022-08-25,82,96,80,91.36,11.36,+14.20%,7552
SEGG,2022-08-26,94,94,76,77.98,-13.38,-14.65%,4131
SEGG,2022-08-29,78,82.98,74,75.64,-2.34,-3.00%,2699
SEGG,2022-08-30,79,79,67,70,-5.64,-7.46%,4795
SEGG,2022-08-31,76.02,79.78,70.6,71.22,1.22,+1.74%,3249
SEGG,2022-09-01,72,82,68,75.22,4,+5.62%,4200
SEGG,2022-09-02,72.36,79.9,66.6,67.74,-7.48,-9.94%,4422
SEGG,2022-09-06,69.88,69.9,66.22,66.6,-1.14,-1.68%,1696
SEGG,2022-09-07,66.6,71.2,62.16,66.98,0.38,+0.57%,4282
SEGG,2022-09-08,66,68.5,62.4,62.6,-4.38,-6.54%,2008
SEGG,2022-09-09,62,66.92,62,63.56,0.96,+1.53%,2971
SEGG,2022-09-12,69,71.58,63.58,66.42,2.86,+4.50%,4234
SEGG,2022-09-13,62,68,62,64.9,-1.52,-2.29%,3015
SEGG,2022-09-14,69,69,62.1,62.8,-2.1,-3.24%,4521
SEGG,2022-09-15,62,65.42,62,63.66,0.86,+1.37%,1448
SEGG,2022-09-16,63.2,63.42,58.02,58.02,-5.64,-8.86%,2860
SEGG,2022-09-19,59.6,59.78,54.2,58,-0.02,-0.03%,2077
SEGG,2022-09-20,58,60,54.48,57.7,-0.3,-0.52%,1027
SEGG,2022-09-21,56.26,60.86,54.5,55.16,-2.54,-4.40%,1034
SEGG,2022-09-22,55.94,57.88,52.24,55.78,0.62,+1.12%,1657
SEGG,2022-09-23,54.1,56,50.5,51.24,-4.54,-8.14%,2208
SEGG,2022-09-26,50,52,46,47.82,-3.42,-6.67%,1641
SEGG,2022-09-27,46.38,52,46.02,47,-0.82,-1.71%,1357
SEGG,2022-09-28,45.58,50,45.5,46,-1.,-2.13%,1965
SEGG,2022-09-29,48.3,49.38,45.02,45.02,-0.98,-2.13%,1762
SEGG,2022-09-30,42,47.2,40,45,-0.02,-0.04%,3379
SEGG,2022-10-03,45.7,87.6,43.12,60.3,15.3,+34.00%,69626
SEGG,2022-10-04,54,60,52.2,53.22,-7.08,-11.74%,7660
SEGG,2022-10-05,58,78,54.08,55.98,2.76,+5.19%,28289
SEGG,2022-10-06,56,59.44,52.38,55.32,-0.66,-1.18%,6806
SEGG,2022-10-07,56,57.98,51.16,52,-3.32,-6.00%,2469
SEGG,2022-10-10,54.16,54.98,48,49.82,-2.18,-4.19%,2099
SEGG,2022-10-11,48,64.06,48,60.42,10.6,+21.28%,27139
SEGG,2022-10-12,57.94,82,55.88,61.56,1.14,+1.89%,35625
SEGG,2022-10-13,62,65.1,52,55.72,-5.84,-9.49%,9448
SEGG,2022-10-14,60,62.4,56,57,1.28,+2.30%,5534
SEGG,2022-10-17,60,68,56.2,61.84,4.84,+8.49%,8040
SEGG,2022-10-18,62,68,60,65.42,3.58,+5.79%,3725
SEGG,2022-10-19,66,72,62.02,66.68,1.26,+1.93%,6054
SEGG,2022-10-20,66.16,69,60.1,62.12,-4.56,-6.84%,1995
SEGG,2022-10-21,62.12,64.02,60.6,63.12,1,+1.61%,2173
SEGG,2022-10-24,63.24,66,58.42,65.98,2.86,+4.53%,2082
SEGG,2022-10-25,65.98,73.78,62,67,1.02,+1.55%,6041
SEGG,2022-10-26,70,70,63.66,64.04,-2.96,-4.42%,1860
SEGG,2022-10-27,68,73.92,68,72.9,8.86,+13.84%,5050
SEGG,2022-10-28,74.8,84,69,75.74,2.84,+3.90%,8245
SEGG,2022-10-31,78.14,80,76,76,0.26,+0.34%,3201
SEGG,2022-11-01,77.98,77.98,72.6,73.2,-2.8,-3.68%,1305
SEGG,2022-11-02,76,76.76,72.8,73.86,0.66,+0.90%,901
SEGG,2022-11-03,73.42,75.96,64,66,-7.86,-10.64%,2204
SEGG,2022-11-04,68,69.94,64,64,-2.,-3.03%,1382
SEGG,2022-11-07,64,66.96,60,62.98,-1.02,-1.59%,2279
SEGG,2022-11-08,68,70,63,65.5,2.52,+4.00%,1533
SEGG,2022-11-09,63.54,69.98,56,56.44,-9.06,-13.83%,2893
SEGG,2022-11-10,63.6,63.6,59.26,60.1,3.66,+6.48%,825
SEGG,2022-11-11,66,66,60.2,60.24,0.14,+0.23%,1024
SEGG,2022-11-14,64,65.52,60,60.42,0.18,+0.30%,1408
SEGG,2022-11-15,60,63.98,56,59.62,-0.8,-1.32%,2030
SEGG,2022-11-16,60,60,56.1,57.6,-2.02,-3.39%,838
SEGG,2022-11-17,55.16,58.74,54,54.42,-3.18,-5.52%,837
SEGG,2022-11-18,56.64,56.9,50.34,51.8,-2.62,-4.81%,2633
SEGG,2022-11-21,52,57.8,50.62,51.2,-0.6,-1.16%,1047
SEGG,2022-11-22,54,54,51.2,51.44,0.24,+0.47%,605
SEGG,2022-11-23,51.8,58,50,58,6.56,+12.75%,2201
SEGG,2022-11-25,57.8,60,53.24,58,0,0.00%,1178
SEGG,2022-11-28,62,66,58.9,60.44,2.44,+4.21%,1720
SEGG,2022-11-29,64,64,57,57.16,-3.28,-5.43%,1193
SEGG,2022-11-30,57.16,62.64,57.16,57.24,0.08,+0.14%,769
SEGG,2022-12-01,60.1,61.76,54.1,57.42,0.18,+0.31%,641
SEGG,2022-12-02,61.8,61.8,57.44,58.02,0.6,+1.04%,818
SEGG,2022-12-05,58,60.88,58,59.2,1.18,+2.03%,381
SEGG,2022-12-06,58.28,62,54.52,56.98,-2.22,-3.75%,2129
SEGG,2022-12-07,58,59,54.2,57.18,0.2,+0.35%,426
SEGG,2022-12-08,55.72,60,52,55.32,-1.86,-3.25%,874
SEGG,2022-12-09,59,59,52.12,56.58,1.26,+2.28%,990
SEGG,2022-12-12,59,60,54.2,55.3,-1.28,-2.26%,1132
SEGG,2022-12-13,55.3,57.72,54,55,-0.3,-0.54%,1469
SEGG,2022-12-14,56,61.96,54.02,58.04,3.04,+5.53%,1162
SEGG,2022-12-15,60,60,54.22,55.06,-2.98,-5.13%,587
SEGG,2022-12-16,54.4,58,52,55.6,0.54,+0.98%,1337
SEGG,2022-12-19,53.94,53.98,48.42,48.44,-7.16,-12.88%,1304
SEGG,2022-12-20,47.48,48.4,44.44,44.92,-3.52,-7.27%,1760
SEGG,2022-12-21,50,50,44,44,-0.92,-2.05%,1070
SEGG,2022-12-22,44,44,40,40,-4.,-9.09%,1868
SEGG,2022-12-23,40,44.54,39.36,41.88,1.88,+4.70%,1341
SEGG,2022-12-27,42,44,34.04,35.92,-5.96,-14.23%,2124
SEGG,2022-12-28,36,38,30,34.02,-1.9,-5.29%,2516
SEGG,2022-12-29,37.6,37.6,32,36.08,2.06,+6.06%,2372
SEGG,2022-12-30,32,38,31.9,35.3,-0.78,-2.16%,2098
SEGG,2023-01-03,42.4,42.4,35.86,37.3,2,+5.67%,1405
SEGG,2023-01-04,38.82,39.98,34,37.7,0.4,+1.07%,4330
SEGG,2023-01-05,36.62,39,32.68,34.54,-3.16,-8.38%,2008
SEGG,2023-01-06,32.4,36.58,32.4,36.1,1.56,+4.52%,3774
SEGG,2023-01-09,38.02,47.42,36,45.48,9.38,+25.98%,7605
SEGG,2023-01-10,43.6,49.02,42.12,44.16,-1.32,-2.90%,3331
SEGG,2023-01-11,48,52,44.16,50.66,6.5,+14.72%,3145
SEGG,2023-01-12,54,54,45.1,51.98,1.32,+2.61%,2034
SEGG,2023-01-13,57,57,47.06,49.64,-2.34,-4.50%,1762
SEGG,2023-01-17,53.76,53.96,50,53.12,3.48,+7.01%,1302
SEGG,2023-01-18,56,56,49.66,52.1,-1.02,-1.92%,1347
SEGG,2023-01-19,51,52,49.4,51.98,-0.12,-0.23%,971
SEGG,2023-01-20,52.2,56,50.22,51.98,0,0.00%,1051
SEGG,2023-01-23,48.3,56,48.2,55.08,3.1,+5.96%,1828
SEGG,2023-01-24,55.08,55.2,53.72,55.18,0.1,+0.18%,245
SEGG,2023-01-25,56.6,70,55.2,68.98,13.8,+25.01%,9342
SEGG,2023-01-26,68,75,60,66,-2.98,-4.32%,2728
SEGG,2023-01-27,64,66,62,64.04,-1.96,-2.97%,1328
SEGG,2023-01-30,66,66,60,66,1.96,+3.06%,1849
SEGG,2023-01-31,66,66,63,63.28,-2.72,-4.12%,1520
SEGG,2023-02-01,66,84.6,61.2,81.58,18.3,+28.92%,22770
SEGG,2023-02-02,82,90,72,90,8.42,+10.32%,7668
SEGG,2023-02-03,90,94,78,78.06,-11.94,-13.27%,5169
SEGG,2023-02-06,80,89.98,80,85,6.94,+8.89%,2264
SEGG,2023-02-07,84.86,98,84.86,95.98,10.98,+12.92%,3361
SEGG,2023-02-08,98,110,96,103.82,7.84,+8.17%,4132
SEGG,2023-02-09,106.46,157.74,102,154,50.18,+48.33%,37812
SEGG,2023-02-10,149.24,149.24,120,134,-20.,-12.99%,12435
SEGG,2023-02-13,134,155.72,126.9,155.7,21.7,+16.19%,6405
SEGG,2023-02-14,156,165.98,114,154,-1.7,-1.09%,7705
SEGG,2023-02-15,150,150.3,134,142.68,-11.32,-7.35%,2474
SEGG,2023-02-16,146,153.98,138,149.98,7.3,+5.12%,2955
SEGG,2023-02-17,145.98,150,140,144.42,-5.56,-3.71%,1832
SEGG,2023-02-21,142,150,122,124.42,-20.,-13.85%,3169
SEGG,2023-02-22,116,120,110,110.6,-13.82,-11.11%,1923
SEGG,2023-02-23,112,134.68,112,132,21.4,+19.35%,2897
SEGG,2023-02-24,130,137.34,126,126.8,-5.2,-3.94%,1952
SEGG,2023-02-27,128,134,116,128,1.2,+0.95%,728
SEGG,2023-02-28,126,130.18,120.04,121,-7.,-5.47%,625
SEGG,2023-03-01,120.04,124.12,110.5,119.28,-1.72,-1.42%,1239
SEGG,2023-03-02,92,111.98,88,103.22,-16.06,-13.46%,6843
SEGG,2023-03-03,102,110,94.86,102.14,-1.08,-1.05%,1551
SEGG,2023-03-06,100.08,117.42,100.08,113.62,11.48,+11.24%,2951
SEGG,2023-03-07,113.58,113.7,102,108.22,-5.4,-4.75%,892
SEGG,2023-03-08,104,107.1,102.02,106.52,-1.7,-1.57%,433
SEGG,2023-03-09,105.22,106.52,102.9,103.86,-2.66,-2.50%,284
SEGG,2023-03-10,104,104.1,92.12,94.62,-9.24,-8.90%,749
SEGG,2023-03-13,95.98,95.98,90,93.02,-1.6,-1.69%,413
SEGG,2023-03-14,96.2,102,89.86,96.38,3.36,+3.61%,902
SEGG,2023-03-15,93.96,99.98,86.02,86.02,-10.36,-10.75%,1936
SEGG,2023-03-16,86,86.8,76,79.06,-6.96,-8.09%,1126
SEGG,2023-03-17,79.06,80.14,72.4,77.66,-1.4,-1.77%,641
SEGG,2023-03-20,76.24,79.9,74,76,-1.66,-2.14%,345
SEGG,2023-03-21,70,76,70,75.02,-0.98,-1.29%,625
SEGG,2023-03-22,79.76,80.16,76.36,79.62,4.6,+6.13%,272
SEGG,2023-03-23,76,79.3,72.52,78.58,-1.04,-1.31%,263
SEGG,2023-03-24,73.8,80,73.6,75.58,-3.,-3.82%,278
SEGG,2023-03-27,78.58,80,71.52,74,-1.58,-2.09%,568
SEGG,2023-03-28,72,75.24,66.22,66.28,-7.72,-10.43%,339
SEGG,2023-03-29,64,68,60.32,61.98,-4.3,-6.49%,640
SEGG,2023-03-30,60.34,63.46,56.1,56.2,-5.78,-9.33%,1148
SEGG,2023-03-31,58,60,56,56,-0.2,-0.36%,743
SEGG,2023-04-03,56,65.6,44,63.08,7.08,+12.64%,1280
SEGG,2023-04-04,64.78,65.6,58.4,60.28,-2.8,-4.44%,474
SEGG,2023-04-05,59.58,61.96,57.28,60,-0.28,-0.46%,941
SEGG,2023-04-06,62,79.2,62,77.6,17.6,+29.33%,2242
SEGG,2023-04-10,78,105.6,77.6,105.6,28,+36.08%,1991
SEGG,2023-04-11,102,102.44,87.46,93.62,-11.98,-11.34%,1036
SEGG,2023-04-12,90.82,94.5,77.9,79.24,-14.38,-15.36%,990
SEGG,2023-04-13,84.42,100,83.36,87.98,8.74,+11.03%,533
SEGG,2023-04-14,94,94,81.4,82.08,-5.9,-6.71%,407
SEGG,2023-04-17,82,86.96,76.56,84.44,2.36,+2.88%,704
SEGG,2023-04-18,75,84,75,78.02,-6.42,-7.60%,382
SEGG,2023-04-19,77,99.38,68,79.44,1.42,+1.82%,826
SEGG,2023-04-20,77.4,79.98,73,78.24,-1.2,-1.51%,120
SEGG,2023-04-21,75.02,79,72,74.08,-4.16,-5.32%,536
SEGG,2023-04-24,70.12,81.92,70.12,71.14,-2.94,-3.97%,305
SEGG,2023-04-25,74,104,71.38,94.9,23.76,+33.40%,23406
SEGG,2023-04-26,79.8,101.08,78.62,101.08,6.18,+6.51%,4805
SEGG,2023-04-27,92,110,91.02,106.1,5.02,+4.97%,4232
SEGG,2023-04-28,108,108,91.02,91.4,-14.7,-13.85%,1170
SEGG,2023-05-01,91.84,100,85,85,-6.4,-7.00%,778
SEGG,2023-05-02,88,88,82.02,82.02,-2.98,-3.51%,570
SEGG,2023-05-03,86,90,81.76,86.02,4,+4.88%,752
SEGG,2023-05-04,85.96,97.98,80,91.8,5.78,+6.72%,768
SEGG,2023-05-05,93.48,97.76,91,91.02,-0.78,-0.85%,789
SEGG,2023-05-08,94,96.82,90,93.2,2.18,+2.40%,380
SEGG,2023-05-09,96,98.8,90.04,95,1.8,+1.93%,705
SEGG,2023-05-10,114,122,85.2,100.94,5.94,+6.25%,9159
SEGG,2023-05-11,112,127.96,101.02,110,9.06,+8.98%,7677
SEGG,2023-05-12,112,116,96,113.48,3.48,+3.16%,2986
SEGG,2023-05-15,131.8,136.02,94.02,114.42,0.94,+0.83%,19231
SEGG,2023-05-16,115.98,122,97.22,102.12,-12.3,-10.75%,4806
SEGG,2023-05-17,100.06,101.06,84,92,-10.12,-9.91%,4608
SEGG,2023-05-18,88.22,88.22,64.28,72.14,-19.86,-21.59%,9029
SEGG,2023-05-19,70,76,68.02,70.22,-1.92,-2.66%,2402
SEGG,2023-05-22,72,73,63,67.6,-2.62,-3.73%,3590
SEGG,2023-05-23,67.8,77.68,66.44,76,8.4,+12.43%,4083
SEGG,2023-05-24,78.78,90,76.6,81.62,5.62,+7.39%,4139
SEGG,2023-05-25,65.2,83.96,50,54.5,-27.12,-33.23%,16167
SEGG,2023-05-26,45.9,49.8,16.28,19.4,-35.1,-64.40%,34017
SEGG,2023-05-30,21,27,19,20.5,1.1,+5.67%,25302
SEGG,2023-05-31,22.8,27,20.54,24.8,4.3,+20.98%,4781
SEGG,2023-06-01,24.7,27.28,23,24.8,0,0.00%,3240
SEGG,2023-06-02,26,26,21.5,23.9,-0.9,-3.63%,1173
SEGG,2023-06-05,23,25,22.1,22.8,-1.1,-4.60%,937
SEGG,2023-06-06,22.82,25.8,22.2,23.2,0.4,+1.75%,801
SEGG,2023-06-07,23,25,22.4,23.2,0,0.00%,589
SEGG,2023-06-08,23.1,24.4,20.2,22.18,-1.02,-4.40%,2312
SEGG,2023-06-09,24,26.98,24,26.06,3.88,+17.49%,2675
SEGG,2023-06-12,30.18,42,26,39.5,13.44,+51.57%,7787
SEGG,2023-06-13,40,68,40,53.02,13.52,+34.23%,3620
SEGG,2023-06-14,54,58,34.2,34.42,-18.6,-35.08%,6919
SEGG,2023-06-15,34.2,64,34.2,51.98,17.56,+51.02%,27498
SEGG,2023-06-16,50,52,43.02,44.2,-7.78,-14.97%,3956
SEGG,2023-06-20,43.94,48.38,42,46.26,2.06,+4.66%,2488
SEGG,2023-06-21,40,48.5,40,45.68,-0.58,-1.25%,2349
SEGG,2023-06-22,45.36,46,43.9,44.92,-0.76,-1.66%,719
SEGG,2023-06-23,45.8,45.98,41.1,43.1,-1.82,-4.05%,2545
SEGG,2023-06-26,43.1,43.94,40,41.6,-1.5,-3.48%,934
SEGG,2023-06-27,42.2,42.88,40,42.84,1.24,+2.98%,1131
SEGG,2023-06-28,44,45.6,41,42.8,-0.04,-0.09%,1159
SEGG,2023-06-29,42,42.6,38.02,41.16,-1.64,-3.83%,806
SEGG,2023-06-30,40.58,40.84,38.2,39.56,-1.6,-3.89%,849
SEGG,2023-07-03,40,40.28,38.1,38.88,-0.68,-1.72%,712
SEGG,2023-07-05,38.1,63.58,38.1,39.56,0.68,+1.75%,46529
SEGG,2023-07-06,39.6,39.8,37,39.4,-0.16,-0.40%,4536
SEGG,2023-07-07,39.78,40.3,38,39.9,0.5,+1.27%,3017
SEGG,2023-07-10,39.96,39.96,38.1,39.9,0,0.00%,1473
SEGG,2023-07-11,39.9,41.64,39.02,40,0.1,+0.25%,1181
SEGG,2023-07-12,41.52,41.52,39.06,40.98,0.98,+2.45%,2260
SEGG,2023-07-13,41.8,43.88,40.1,41.48,0.5,+1.22%,2466
SEGG,2023-07-14,41,41.96,40,41.74,0.26,+0.63%,1177
SEGG,2023-07-17,40.8,43.4,40,41.8,0.06,+0.14%,4365
SEGG,2023-07-18,40.48,42,39.06,40.6,-1.2,-2.87%,3478
SEGG,2023-07-19,41.2,42,40,40.7,0.1,+0.25%,1474
SEGG,2023-07-20,40.96,42.4,38.52,40.3,-0.4,-0.98%,1486
SEGG,2023-07-21,44,44,40.02,40.24,-0.06,-0.15%,4772
SEGG,2023-07-24,40.4,41.8,40,40.48,0.24,+0.60%,1298
SEGG,2023-07-25,40,41.9,38.34,40.12,-0.36,-0.89%,2495
SEGG,2023-07-26,39.6,41.58,39.2,40.08,-0.04,-0.10%,1646
SEGG,2023-07-27,38.8,40.98,36.22,39.1,-0.98,-2.45%,1280
SEGG,2023-07-28,38,40.4,37.68,39.98,0.88,+2.25%,1230
SEGG,2023-07-31,40,41.58,38.02,40.62,0.64,+1.60%,13412
SEGG,2023-08-01,45,54,42,42.4,1.78,+4.38%,23395
SEGG,2023-08-02,44.8,130,39.4,82,39.6,+93.40%,303023
SEGG,2023-08-03,82,84,60,71.4,-10.6,-12.93%,38905
SEGG,2023-08-04,64,64,56.22,57,-14.4,-20.17%,11406
SEGG,2023-08-07,60.02,63.26,55.42,59.8,2.8,+4.91%,6324
SEGG,2023-08-08,58,58,50.16,55,-4.8,-8.03%,10327
SEGG,2023-08-09,54.02,61.9,54,55.98,0.98,+1.78%,5765
SEGG,2023-08-10,54.1,58.4,45.1,52.5,-3.48,-6.22%,40030
SEGG,2023-08-11,51.9,74.5,50.001,63.3,10.8,+20.57%,229690
SEGG,2023-08-14,57.1,66.6,51.9,57,-6.3,-9.95%,34260
SEGG,2023-08-15,54.5,57.7,46,51.8,-5.2,-9.12%,15320
SEGG,2023-08-16,48.7,51.8,45.5,49.1,-2.7,-5.21%,10490
SEGG,2023-08-17,47.1,50.5,44.8,45.8,-3.3,-6.72%,14330
SEGG,2023-08-18,45,47.2,39.7,40,-5.8,-12.66%,6320
SEGG,2023-08-21,40.4,46.5,31.506,35.7,-4.3,-10.75%,30080
SEGG,2023-08-22,34.7,42.1,34.1,35.8,0.1,+0.28%,9390
SEGG,2023-08-23,33.8,37.5,33.8,35.9,0.1,+0.28%,9150
SEGG,2023-08-24,36.3,36.561,32.1,33.8,-2.1,-5.85%,3150
SEGG,2023-08-25,32.6,38,32.1,33.3,-0.5,-1.48%,15060
SEGG,2023-08-28,32.5,35,29.8,31.6,-1.7,-5.11%,10830
SEGG,2023-08-29,31,34.05,30.005,31.3,-0.3,-0.95%,12010
SEGG,2023-08-30,33,34,31.3,32.7,1.4,+4.47%,6930
SEGG,2023-08-31,31.7,33.039,30.9,32,-0.7,-2.14%,2690
SEGG,2023-09-01,31.9,33.1,30.1,31.6,-0.4,-1.25%,2680
SEGG,2023-09-05,31.3,32.9,31.1,31.2,-0.4,-1.27%,900
SEGG,2023-09-06,30.7,32.1,30.3,31.854,0.654,+2.10%,1290
SEGG,2023-09-07,31,31.7,30.1,31.4,-0.454,-1.43%,1650
SEGG,2023-09-08,30.9,31.6,29.45,29.7,-1.7,-5.41%,6170
SEGG,2023-09-11,29.1,33.6,28.101,32.601,2.901,+9.77%,7710
SEGG,2023-09-12,34.8,42.1,33.3,36.3,3.699,+11.35%,14340
SEGG,2023-09-13,35.2,38.28,35,37.6,1.3,+3.58%,1950
SEGG,2023-09-14,37.3,37.4,35,36.45,-1.15,-3.06%,470
SEGG,2023-09-15,35.1,39,35.001,39,2.55,+7.00%,4080
SEGG,2023-09-18,39,39,35.032,36.7,-2.3,-5.90%,720
SEGG,2023-09-19,35.8,37.5,35.5,36.301,-0.399,-1.09%,1620
SEGG,2023-09-20,36.7,37.5,35.101,36.6,0.299,+0.82%,2460
SEGG,2023-09-21,35.5,36.9,35.2,35.5,-1.1,-3.01%,450
SEGG,2023-09-22,36.1,39.2,33.5,33.5,-2.,-5.63%,4760
SEGG,2023-09-25,33.1,34.501,32.5,33.2,-0.3,-0.90%,1740
SEGG,2023-09-26,33,36,32.6,35.6,2.4,+7.23%,940
SEGG,2023-09-27,35.2,36.2,33.8,35,-0.6,-1.69%,670
SEGG,2023-09-28,35.3,35.3,32.698,33.901,-1.099,-3.14%,380
SEGG,2023-09-29,33.9,35.701,30.101,30.2,-3.701,-10.92%,7650
SEGG,2023-10-02,31.417,35.5,29.801,30.2,0,0.00%,3660
SEGG,2023-10-03,31,33.5,29,29.1,-1.1,-3.64%,9550
SEGG,2023-10-04,30.5,31,29.1,29.1,0,0.00%,1260
SEGG,2023-10-05,29.425,30.25,29,29.1,0,0.00%,1560
SEGG,2023-10-06,30.2,32,28.8,30.1,1,+3.44%,2480
SEGG,2023-10-09,33.3,33.3,29,31.3,1.2,+3.99%,800
SEGG,2023-10-10,30.2,34.1,30.2,31,-0.3,-0.96%,910
SEGG,2023-10-11,30.6,32.25,29.4,30.9,-0.1,-0.32%,1100
SEGG,2023-10-12,29.9,31.48,29.001,29.2,-1.7,-5.50%,840
SEGG,2023-10-13,29.2,30.9,28.5,29.1,-0.1,-0.34%,920
SEGG,2023-10-16,29.8,29.8,26.1,26.1,-3.,-10.31%,2980
SEGG,2023-10-17,25.4,27.279,23.6,23.6,-2.5,-9.58%,4990
SEGG,2023-10-18,22.9,24,21.05,21.7,-1.9,-8.05%,2270
SEGG,2023-10-19,21.9,21.9,21.1,21.2,-0.5,-2.30%,860
SEGG,2023-10-20,21.6,22.5,20.2,20.8,-0.4,-1.89%,2800
SEGG,2023-10-23,20.2,21.5,18.5,19.8,-1.,-4.81%,1230
SEGG,2023-10-24,19.407,22.2,19.407,20.8,1,+5.05%,1470
SEGG,2023-10-25,21.3,21.9,20.9,21.4,0.6,+2.88%,360
SEGG,2023-10-26,23,23,20.1,20.1,-1.3,-6.07%,710
SEGG,2023-10-27,20.1,21.1,19.9,20,-0.1,-0.50%,720
SEGG,2023-10-30,20.1,20.4,20,20,0,0.00%,440
SEGG,2023-10-31,20,20.041,19.2,19.4,-0.6,-3.00%,570
SEGG,2023-11-01,19.5,19.7,18,18,-1.4,-7.22%,820
SEGG,2023-11-02,18.9,19.837,18,18,0,0.00%,1380
SEGG,2023-11-03,19,19.8,19,19.2,1.2,+6.67%,730
SEGG,2023-11-06,19.1,20.1,17.1,17.4,-1.8,-9.38%,1520
SEGG,2023-11-07,17.1,18.8,16.7,17,-0.4,-2.30%,700
SEGG,2023-11-08,16.4,23.8,15.448,21.3,4.3,+25.29%,32860
SEGG,2023-11-09,19.8,20.15,15.5,17.2,-4.1,-19.25%,6130
SEGG,2023-11-10,17.5,17.9,15.3,16.1,-1.1,-6.40%,2860
SEGG,2023-11-13,15.2,16.2,13.2,14,-2.1,-13.04%,2180
SEGG,2023-11-14,14.2,15.899,14.2,15.7,1.7,+12.14%,1630
SEGG,2023-11-15,15.3,17.338,15.201,16.5,0.8,+5.10%,980
SEGG,2023-11-16,16.4,17.6,16,16.5,0,0.00%,1700
SEGG,2023-11-17,16.4,17.7,16.4,17.1,0.6,+3.64%,520
SEGG,2023-11-20,17.75,22.7,17.75,18.3,1.2,+7.02%,5850
SEGG,2023-11-21,18.9,19.087,18,18.1,-0.2,-1.09%,1370
SEGG,2023-11-22,18.345,18.345,17.6,17.6,-0.5,-2.76%,260
SEGG,2023-11-24,18.2,18.2,17.5,17.8,0.2,+1.14%,990
SEGG,2023-11-27,17.2,17.9,16.1,16.6,-1.2,-6.74%,1540
SEGG,2023-11-28,16.9,21.6,16.3,18.5,1.9,+11.45%,1740
SEGG,2023-11-29,18.1,18.6,16.8,17.8,-0.7,-3.78%,1310
SEGG,2023-11-30,20,20,17.5,17.5,-0.3,-1.69%,2170
SEGG,2023-12-01,19.2,20.899,18.1,18.4,0.9,+5.14%,380
SEGG,2023-12-04,17.9,19.1,17.9,18.201,-0.199,-1.08%,880
SEGG,2023-12-05,18.8,19,18.2,18.2,-0.001,-0.01%,290
SEGG,2023-12-06,20.3,20.3,18.1,18.599,0.399,+2.19%,1570
SEGG,2023-12-07,18.1,19.25,18.1,18.91,0.311,+1.67%,510
SEGG,2023-12-08,18.2,19.21,18.2,18.7,-0.21,-1.11%,350
SEGG,2023-12-11,18.1,18.2,16.5,16.9,-1.8,-9.63%,2520
SEGG,2023-12-12,16.9,17.2,16.1,16.1,-0.8,-4.73%,750
SEGG,2023-12-13,16.5,19.3,15.6,16,-0.1,-0.62%,1640
SEGG,2023-12-14,17.101,17.101,15.3,15.486,-0.514,-3.21%,3440
SEGG,2023-12-15,16.5,16.5,14,14,-1.486,-9.60%,3460
SEGG,2023-12-18,15.4,15.4,13.4,14,0,0.00%,4470
SEGG,2023-12-19,14,15.096,13.7,14.4,0.4,+2.86%,3250
SEGG,2023-12-20,14.4,14.4,12.2,13.099,-1.301,-9.03%,4220
SEGG,2023-12-21,12.5,70.1,12.5,36.7,23.601,+180.17%,1213910
SEGG,2023-12-22,29.5,33.3,26.1,28,-8.7,-23.71%,127660
SEGG,2023-12-26,30,33,26.3,28.5,0.5,+1.79%,63980
SEGG,2023-12-27,27.2,29.944,25.02,28.2,-0.3,-1.05%,28930
SEGG,2023-12-28,29.7,29.7,26.9,28.6,0.4,+1.42%,11100
SEGG,2023-12-29,29.4,30.449,25.2,27.1,-1.5,-5.24%,13740
SEGG,2024-01-02,27.1,33,26.601,30.2,3.1,+11.44%,24730
SEGG,2024-01-03,29.9,30,27.301,28.9,-1.3,-4.30%,13960
SEGG,2024-01-04,28.9,30.2,28.3,29.1,0.2,+0.69%,6060
SEGG,2024-01-05,28.8,32.463,27.82,31.3,2.2,+7.56%,25570
SEGG,2024-01-08,30.6,36,30.5,32.5,1.2,+3.83%,25150
SEGG,2024-01-09,33.5,33.5,28.206,28.7,-3.8,-11.69%,17350
SEGG,2024-01-10,28.7,28.9,25.8,26.5,-2.2,-7.67%,10350
SEGG,2024-01-11,26.8,27.1,23.4,25.5,-1.,-3.77%,6910
SEGG,2024-01-12,25.1,27.231,24.555,25.8,0.3,+1.18%,5680
SEGG,2024-01-16,24,27.171,22.1,25.8,0,0.00%,7000
SEGG,2024-01-17,24.3,25.8,23.017,25.8,0,0.00%,4270
SEGG,2024-01-18,25.5,27.5,24.01,24.6,-1.2,-4.65%,4150
SEGG,2024-01-19,24.6,24.792,23.3,23.6,-1.,-4.07%,2320
SEGG,2024-01-22,24.3,24.9,22.6,23.3,-0.3,-1.27%,11230
SEGG,2024-01-23,23.3,25.4,22.8,24.9,1.6,+6.87%,8460
SEGG,2024-01-24,24.25,26.168,24.25,24.5,-0.4,-1.61%,1580
SEGG,2024-01-25,25,25.4,23.4,24,-0.5,-2.04%,1090
SEGG,2024-01-26,23,23.49,21.655,22,-2.,-8.33%,2260
SEGG,2024-01-29,22,23.7,20.2,22,0,0.00%,3740
SEGG,2024-01-30,22,23.76,21.601,22.076,0.076,+0.35%,1830
SEGG,2024-01-31,21.3,22.75,21.3,21.8,-0.276,-1.25%,1130
SEGG,2024-02-01,21.8,22.362,19.2,19.781,-2.019,-9.26%,2050
SEGG,2024-02-02,20,20.801,19.4,19.509,-0.272,-1.38%,2620
SEGG,2024-02-05,20.4,21.399,19.6,19.6,0.091,+0.47%,2000
SEGG,2024-02-06,20.3,21.378,19.715,20.8,1.2,+6.12%,610
SEGG,2024-02-07,20.5,24.5,19.3,21.7,0.9,+4.33%,49950
SEGG,2024-02-08,22.4,22.499,18.3,20.3,-1.4,-6.45%,12380
SEGG,2024-02-09,20.6,23.5,20.4,23,2.7,+13.30%,5360
SEGG,2024-02-12,23.2,25.585,23.001,24,1,+4.35%,7110
SEGG,2024-02-13,24.9,24.9,21.529,21.529,-2.471,-10.30%,6880
SEGG,2024-02-14,23.599,23.91,22.5,23.6,2.071,+9.62%,3760
SEGG,2024-02-15,23.9,35.6,22.956,26.2,2.6,+11.02%,54820
SEGG,2024-02-16,25.1,26.7,24,25.9,-0.3,-1.15%,10010
SEGG,2024-02-20,26.3,26.501,23.626,24.298,-1.602,-6.19%,3890
SEGG,2024-02-21,23.6,24.2,21.601,23.15,-1.148,-4.72%,2740
SEGG,2024-02-22,23.2,24.1,22.02,23.3,0.15,+0.65%,3150
SEGG,2024-02-23,22.5,23.699,22.401,23.1,-0.2,-0.86%,930
SEGG,2024-02-26,23.5,24.199,23.002,23.057,-0.043,-0.19%,810
SEGG,2024-02-27,23.1,24.7,23,23.2,0.143,+0.62%,1800
SEGG,2024-02-28,22.8,24.736,22.8,23.2,0,0.00%,590
SEGG,2024-02-29,22.8,23.2,22.6,22.9,-0.3,-1.29%,1130
SEGG,2024-03-01,22.9,24.1,22.5,24,1.1,+4.80%,2890
SEGG,2024-03-04,24,26.513,23,25.5,1.5,+6.25%,7090
SEGG,2024-03-05,24.7,28.2,23.6,26.3,0.8,+3.14%,5080
SEGG,2024-03-06,26.8,28,24.8,24.8,-1.5,-5.70%,5100
SEGG,2024-03-07,26.5,26.5,24.7,25.6,0.8,+3.23%,1490
SEGG,2024-03-08,25.5,25.999,24.2,25,-0.6,-2.34%,1570
SEGG,2024-03-11,25.5,26.1,24.601,25.8,0.8,+3.20%,1750
SEGG,2024-03-12,25.1,26.85,25.1,26.4,0.6,+2.33%,940
SEGG,2024-03-13,25.9,26.7,24.712,25.8,-0.6,-2.27%,380
SEGG,2024-03-14,25.5,26.3,24.5,24.701,-1.099,-4.26%,1310
SEGG,2024-03-15,24.5,25.9,23.764,23.764,-0.937,-3.79%,1000
SEGG,2024-03-18,24,25.078,23.6,24,0.236,+0.99%,440
SEGG,2024-03-19,24,24.3,22.9,23.3,-0.7,-2.92%,920
SEGG,2024-03-20,23.3,23.3,21.1,22.4,-0.9,-3.86%,1140
SEGG,2024-03-21,23.5,23.5,21.919,22.5,0.1,+0.45%,620
SEGG,2024-03-22,21.8,22.9,21.418,22.9,0.4,+1.78%,420
SEGG,2024-03-25,23.4,23.4,21,22.4,-0.5,-2.18%,340
SEGG,2024-03-26,21.6,23.5,20,20.1,-2.3,-10.27%,3340
SEGG,2024-03-27,21.2,22.4,20,20.6,0.5,+2.49%,1550
SEGG,2024-03-28,20.5,23.494,20.5,22.3,1.7,+8.25%,1800
SEGG,2024-04-01,22,22.25,22,22,-0.3,-1.35%,240
SEGG,2024-04-02,21.2,22.5,21.1,22.4,0.4,+1.82%,1440
SEGG,2024-04-03,21.7,23.956,20.5,22.4,0,0.00%,1300
SEGG,2024-04-04,21.6,21.6,21,21.4,-1.,-4.46%,460
SEGG,2024-04-05,22.7,22.8,21.501,22.118,0.718,+3.36%,480
SEGG,2024-04-08,22.5,22.5,21,22,-0.118,-0.53%,440
SEGG,2024-04-09,21.9,23.899,21.4,21.6,-0.4,-1.82%,4590
SEGG,2024-04-10,21.9,22.5,20.2,21,-0.6,-2.78%,6230
SEGG,2024-04-11,20.2,22.299,20.2,21.9,0.9,+4.29%,1790
SEGG,2024-04-12,21.9,21.953,20.4,21.8,-0.1,-0.46%,1350
SEGG,2024-04-15,22,22,20.2,20.2,-1.6,-7.34%,730
SEGG,2024-04-16,20.27,20.9,19.33,19.6,-0.6,-2.97%,1470
SEGG,2024-04-17,19.4,20.85,19.4,19.8,0.2,+1.02%,350
SEGG,2024-04-18,19,19.9,19,19.9,0.1,+0.51%,490
SEGG,2024-04-19,18.7,19.68,18.7,18.8,-1.1,-5.53%,700
SEGG,2024-04-22,19.9,19.9,18.437,19.2,0.4,+2.13%,1010
SEGG,2024-04-23,19.9,19.9,19.4,19.4,0.2,+1.04%,130
SEGG,2024-04-24,19.2,20.27,18,18.6,-0.8,-4.12%,950
SEGG,2024-04-25,17.6,22,16.4,17.6,-1.,-5.38%,14380
SEGG,2024-04-26,18.2,18.5,15.98,17.701,0.101,+0.57%,1130
SEGG,2024-04-29,17.8,17.9,15.664,17.9,0.199,+1.12%,340
SEGG,2024-04-30,18.3,18.3,17.3,17.366,-0.534,-2.98%,220
SEGG,2024-05-01,15.9,18.2,15.9,18.2,0.834,+4.80%,1050
SEGG,2024-05-02,18.2,18.2,16.65,18,-0.2,-1.10%,860
SEGG,2024-05-03,17.8,18.1,17.1,18.1,0.1,+0.56%,390
SEGG,2024-05-06,18.5,18.6,18,18,-0.1,-0.55%,1220
SEGG,2024-05-07,17.6,18.399,17.5,17.6,-0.4,-2.22%,610
SEGG,2024-05-08,17.967,17.967,16.117,16.9,-0.7,-3.98%,970
SEGG,2024-05-09,17.7,18,17,17.1,0.2,+1.18%,440
SEGG,2024-05-10,16.8,17.32,16.1,16.1,-1.,-5.85%,850
SEGG,2024-05-13,16.3,17.92,16,17.8,1.7,+10.56%,41360
SEGG,2024-05-14,18.6,20,16.627,17.1,-0.7,-3.93%,10430
SEGG,2024-05-15,18,18.099,16.6,16.8,-0.3,-1.75%,3420
SEGG,2024-05-16,17.5,19.412,16.7,18.8,2,+11.90%,8090
SEGG,2024-05-17,18.5,18.5,17.289,18.4,-0.4,-2.13%,870
SEGG,2024-05-20,17.4,18.8,17.4,18.8,0.4,+2.17%,1860
SEGG,2024-05-21,17.6,19.199,17.4,17.7,-1.1,-5.85%,370
SEGG,2024-05-22,17.7,18.438,17.4,17.8,0.1,+0.56%,250
SEGG,2024-05-23,17.4,17.9,17,17.245,-0.555,-3.12%,680
SEGG,2024-05-24,17.3,18.6,17.2,18.276,1.031,+5.98%,1510
SEGG,2024-05-28,18.9,18.9,17.9,18.5,0.224,+1.23%,950
SEGG,2024-05-29,18.3,19.9,17.618,19.01,0.51,+2.76%,1440
SEGG,2024-05-30,18.5,19.1,17.1,17.9,-1.11,-5.84%,2690
SEGG,2024-05-31,17.6,18.411,17.3,18.4,0.5,+2.79%,1070
SEGG,2024-06-03,17.8,19.885,17.3,18.3,-0.1,-0.54%,1480
SEGG,2024-06-04,17.954,17.954,17.11,17.11,-1.19,-6.50%,110
SEGG,2024-06-05,17.2,17.5,15.9,17.5,0.39,+2.28%,1310
SEGG,2024-06-06,17.1,17.537,15.938,17.5,0,0.00%,470
SEGG,2024-06-07,16.3,17.498,16.3,17.396,-0.104,-0.59%,300
SEGG,2024-06-10,16.7,16.999,16.271,16.9,-0.496,-2.85%,900
SEGG,2024-06-11,17,17,16,16.5,-0.4,-2.37%,920
SEGG,2024-06-12,16.5,16.5,16,16.5,0,0.00%,4140
SEGG,2024-06-13,16.1,16.807,15.9,16,-0.5,-3.03%,540
SEGG,2024-06-14,16,16.8,15.5,15.85,-0.15,-0.94%,1290
SEGG,2024-06-17,15.7,15.7,14.9,14.902,-0.948,-5.98%,2140
SEGG,2024-06-18,15,15,14,14,-0.902,-6.05%,1590
SEGG,2024-06-20,13.9,13.9,12.2,12.2,-1.8,-12.86%,7740
SEGG,2024-06-21,13,13,12,12.9,0.7,+5.74%,5920
SEGG,2024-06-24,12.2,12.681,10.6,11.2,-1.7,-13.18%,5740
SEGG,2024-06-25,12,12,10.4,10.5,-0.7,-6.25%,4030
SEGG,2024-06-26,10.9,10.9,9.4,10,-0.5,-4.76%,4040
SEGG,2024-06-27,10.1,10.1,8.615,9.2,-0.8,-8.00%,6380
SEGG,2024-06-28,8.9,9.5,8.25,9.375,0.175,+1.90%,5440
SEGG,2024-07-01,9.5,9.7,8.876,9.625,0.25,+2.67%,4560
SEGG,2024-07-02,9.7,9.7,8.5,8.994,-0.631,-6.56%,3370
SEGG,2024-07-03,8.63,9,8.529,9,0.006,+0.07%,1210
SEGG,2024-07-05,8.96,8.96,8.378,8.799,-0.201,-2.23%,1620
SEGG,2024-07-08,8.8,8.8,8.4,8.71,-0.089,-1.01%,1850
SEGG,2024-07-09,8.6,8.999,8.23,8.999,0.289,+3.32%,2930
SEGG,2024-07-10,9.2,9.8,9.2,9.686,0.687,+7.63%,3190
SEGG,2024-07-11,9.9,10.1,9.167,10,0.314,+3.24%,5220
SEGG,2024-07-12,10.2,17.6,9.7,13.1,3.1,+31.00%,322240
SEGG,2024-07-15,12.1,13.5,10.8,12.6,-0.5,-3.82%,34560
SEGG,2024-07-16,12.4,13.7,11.5,12.7,0.1,+0.79%,10760
SEGG,2024-07-17,12.2,17.4,12.165,14.3,1.6,+12.60%,44510
SEGG,2024-07-18,13.6,22,13,18.1,3.8,+26.57%,125210
SEGG,2024-07-19,17.9,21.4,15.8,18.2,0.1,+0.55%,50020
SEGG,2024-07-22,17.6,18.199,14.5,15.9,-2.3,-12.64%,9430
SEGG,2024-07-23,16,17.8,14.6,15.3,-0.6,-3.77%,4780
SEGG,2024-07-24,15.1,15.45,12.1,12.9,-2.4,-15.69%,11220
SEGG,2024-07-25,13.3,13.307,11.601,12.25,-0.65,-5.04%,8540
SEGG,2024-07-26,12.4,12.5,11.3,11.4,-0.85,-6.94%,5750
SEGG,2024-07-29,11.7,12,10.3,11.45,0.05,+0.44%,11750
SEGG,2024-07-30,11,11.2,9.5,9.979,-1.471,-12.85%,10270
SEGG,2024-07-31,9.9,9.9,9,9.7,-0.279,-2.80%,8180
SEGG,2024-08-01,9.6,10,9.5,9.693,-0.007,-0.07%,2490
SEGG,2024-08-02,9.513,9.699,9.486,9.688,-0.005,-0.05%,900
SEGG,2024-08-05,9.5,9.5,8.816,9.317,-0.371,-3.83%,2200
SEGG,2024-08-06,9.2,9.8,9.199,9.6,0.283,+3.04%,2190
SEGG,2024-08-07,9.642,9.795,9.343,9.579,-0.021,-0.22%,5350
SEGG,2024-08-08,9.75,9.9,9.031,9.799,0.22,+2.30%,4270
SEGG,2024-08-09,9.412,9.9,9.037,9.439,-0.36,-3.67%,4650
SEGG,2024-08-12,9.299,9.8,8.8,9.684,0.245,+2.60%,5020
SEGG,2024-08-13,9.3,9.799,8.8,9.48,-0.204,-2.11%,5310
SEGG,2024-08-14,9.196,11.1,8.6,8.622,-0.858,-9.05%,44630
SEGG,2024-08-15,8.989,9,8,8.78,0.158,+1.83%,9980
SEGG,2024-08-16,9.003,9.003,8.3,8.402,-0.378,-4.31%,3630
SEGG,2024-08-19,8.3,8.8,8.181,8.799,0.397,+4.73%,2430
SEGG,2024-08-20,8.301,11.4,7.6,7.82,-0.979,-11.13%,124750
SEGG,2024-08-21,8.1,8.8,7.7,8.161,0.341,+4.36%,19840
SEGG,2024-08-22,8.016,8.085,7.08,7.45,-0.711,-8.71%,10870
SEGG,2024-08-23,7.5,7.879,7.2,7.55,0.1,+1.34%,7050
SEGG,2024-08-26,8.11,8.4,7.601,8.09,0.54,+7.15%,5890
SEGG,2024-08-27,8.44,8.449,7.8,7.8,-0.29,-3.58%,4310
SEGG,2024-08-28,7.8,8.242,7.5,7.538,-0.262,-3.36%,5630
SEGG,2024-08-29,7.885,7.885,7.54,7.699,0.161,+2.14%,1090
SEGG,2024-08-30,7.5,9,7.15,7.8,0.101,+1.31%,56030
SEGG,2024-09-03,7.896,8.2,7.4,7.451,-0.349,-4.47%,5830
SEGG,2024-09-04,7.451,8.2,7.451,8.072,0.621,+8.33%,7700
SEGG,2024-09-05,8.303,8.449,8.005,8.239,0.167,+2.07%,5450
SEGG,2024-09-06,8.1,8.4,7.8,8.15,-0.089,-1.08%,7970
SEGG,2024-09-09,7.8,8.4,7.284,7.72,-0.43,-5.28%,12220
SEGG,2024-09-10,7.583,7.899,7.523,7.601,-0.119,-1.54%,580
SEGG,2024-09-11,7.8,7.8,7.083,7.39,-0.211,-2.78%,10640
SEGG,2024-09-12,7.759,7.78,7.2,7.48,0.09,+1.22%,1840
SEGG,2024-09-13,7.5,7.68,7.301,7.6,0.12,+1.60%,2570
SEGG,2024-09-16,7.65,7.65,7.334,7.418,-0.182,-2.39%,2120
SEGG,2024-09-17,7.26,7.45,6.803,6.975,-0.443,-5.97%,7810
SEGG,2024-09-18,7.001,7.09,6.607,6.671,-0.304,-4.36%,9690
SEGG,2024-09-19,6.9,6.951,5.9,6.4,-0.271,-4.06%,6400
SEGG,2024-09-20,5.6,5.949,5.125,5.22,-1.18,-18.44%,52460
SEGG,2024-09-23,5.238,6.149,5.238,6.031,0.811,+15.54%,24260
SEGG,2024-09-24,6.197,6.197,5.312,5.866,-0.165,-2.74%,4100
SEGG,2024-09-25,5.617,6.6,5.481,5.733,-0.133,-2.27%,21140
SEGG,2024-09-26,5.52,5.748,5.21,5.64,-0.093,-1.62%,7020
SEGG,2024-09-27,5.64,5.89,5.63,5.89,0.25,+4.43%,5100
SEGG,2024-09-30,5.871,6.3,5.448,5.99,0.1,+1.70%,6490
SEGG,2024-10-01,5.725,5.8,5.525,5.525,-0.465,-7.76%,1070
SEGG,2024-10-02,5.4,5.75,5.4,5.4,-0.125,-2.26%,1460
SEGG,2024-10-03,5.4,5.498,5.3,5.3,-0.1,-1.85%,2660
SEGG,2024-10-04,5.5,5.6,5.4,5.6,0.3,+5.66%,1530
SEGG,2024-10-07,5.575,5.575,5.4,5.448,-0.152,-2.71%,1980
SEGG,2024-10-08,5.448,5.599,5.32,5.32,-0.128,-2.35%,2900
SEGG,2024-10-09,5.5,5.8,5.3,5.3,-0.02,-0.38%,3360
SEGG,2024-10-10,5.5,5.5,5.3,5.489,0.189,+3.57%,1720
SEGG,2024-10-11,5.25,5.478,5.208,5.309,-0.18,-3.28%,3090
SEGG,2024-10-14,5.286,5.45,5.286,5.442,0.133,+2.51%,3080
SEGG,2024-10-15,5.48,5.999,5.443,5.743,0.301,+5.53%,5180
SEGG,2024-10-16,5.52,5.8,5.52,5.75,0.007,+0.12%,2610
SEGG,2024-10-17,5.156,5.65,5.111,5.5,-0.25,-4.35%,17150
SEGG,2024-10-18,5.611,5.7,5.3,5.68,0.18,+3.27%,7300
SEGG,2024-10-21,5.403,5.404,5.054,5.1,-0.58,-10.21%,5010
SEGG,2024-10-22,5.043,5.15,4.9,4.9,-0.2,-3.92%,6510
SEGG,2024-10-23,4.6,5.151,4.527,4.528,-0.372,-7.59%,15500
SEGG,2024-10-24,4.954,5.08,4.4,4.5,-0.028,-0.62%,48490
SEGG,2024-10-25,4.6,4.7,4.207,4.49,-0.01,-0.22%,17230
SEGG,2024-10-28,4.4,4.5,4.149,4.43,-0.06,-1.34%,6960
SEGG,2024-10-29,4.4,4.539,4.1,4.325,-0.105,-2.37%,19120
SEGG,2024-10-30,4.325,4.4,4.112,4.267,-0.058,-1.34%,2960
SEGG,2024-10-31,4.143,4.35,3.7,3.7,-0.567,-13.29%,9080
SEGG,2024-11-01,3.901,3.999,2.8,3,-0.7,-18.92%,255399
SEGG,2024-11-04,2.99,2.99,2.202,2.55,-0.45,-15.00%,112419
SEGG,2024-11-05,2.5,2.88,2.417,2.713,0.163,+6.39%,27810
SEGG,2024-11-06,2.713,2.875,2.665,2.8,0.087,+3.21%,15900
SEGG,2024-11-07,2.71,2.898,2.7,2.87,0.07,+2.50%,7880
SEGG,2024-11-08,2.785,3.5,2.785,3.16,0.29,+10.10%,41420
SEGG,2024-11-11,3.2,3.48,3.15,3.46,0.3,+9.49%,17640
SEGG,2024-11-12,3.5,3.5,3.037,3.126,-0.334,-9.65%,13400
SEGG,2024-11-13,3.08,3.251,3.049,3.049,-0.077,-2.46%,3320
SEGG,2024-11-14,3.38,3.399,2.979,3.08,0.031,+1.02%,14130
SEGG,2024-11-15,3.23,3.29,3.05,3.16,0.08,+2.60%,9860
SEGG,2024-11-18,3.43,3.43,3.25,3.25,0.09,+2.85%,7120
SEGG,2024-11-19,3.4,3.43,3.31,3.398,0.148,+4.55%,8780
SEGG,2024-11-20,3.5,3.5,3.06,3.1,-0.298,-8.77%,9480
SEGG,2024-11-21,3.3,3.3,3.111,3.266,0.166,+5.35%,4870
SEGG,2024-11-22,3.3,3.465,3.2,3.431,0.165,+5.05%,8670
SEGG,2024-11-25,3.48,3.5,3.301,3.34,-0.091,-2.65%,4140
SEGG,2024-11-26,3.35,3.5,3.159,3.166,-0.174,-5.21%,5622
SEGG,2024-11-27,3.103,3.3,3.103,3.251,0.085,+2.68%,1820
SEGG,2024-11-29,3.574,3.89,3.5,3.52,0.269,+8.27%,43820
SEGG,2024-12-02,3.56,3.56,3.122,3.24,-0.28,-7.95%,11290
SEGG,2024-12-03,3.344,3.344,3.15,3.154,-0.086,-2.65%,14640
SEGG,2024-12-04,3.317,3.35,3.153,3.2,0.046,+1.46%,9130
SEGG,2024-12-05,3.47,3.47,3.162,3.297,0.097,+3.03%,4070
SEGG,2024-12-06,3.36,3.888,3.255,3.4,0.103,+3.12%,113030
SEGG,2024-12-09,3.298,3.55,3.1,3.327,-0.073,-2.15%,40310
SEGG,2024-12-10,3.4,3.443,3.12,3.267,-0.06,-1.80%,14130
SEGG,2024-12-11,3.135,3.36,3.12,3.121,-0.146,-4.47%,3570
SEGG,2024-12-12,3.12,3.5,3.12,3.231,0.11,+3.52%,14190
SEGG,2024-12-13,3.34,3.34,3.08,3.177,-0.054,-1.67%,15140
SEGG,2024-12-16,3.13,3.35,3.11,3.338,0.161,+5.07%,51250
SEGG,2024-12-17,3.238,3.321,2.806,2.815,-0.523,-15.67%,32020
SEGG,2024-12-18,2.8,3.19,2.8,2.811,-0.004,-0.14%,15360
SEGG,2024-12-19,2.78,2.97,2.78,2.93,0.119,+4.23%,7320
SEGG,2024-12-20,2.99,5.8,2.404,4.16,1.23,+41.98%,1332020
SEGG,2024-12-23,4.555,4.888,3.448,4.649,0.489,+11.75%,354660
SEGG,2024-12-24,4.37,4.429,3.6,3.995,-0.654,-14.07%,60240
SEGG,2024-12-26,3.8,4.8,3.752,4.725,0.73,+18.27%,60460
SEGG,2024-12-27,4.8,5.6,4.2,5.187,0.462,+9.78%,73060
SEGG,2024-12-30,5.5,5.502,4.9,5.2,0.013,+0.25%,44780
SEGG,2024-12-31,5.3,5.4,4.7,4.84,-0.36,-6.92%,17660
SEGG,2025-01-02,5.008,5.14,4.8,4.901,0.061,+1.26%,17650
SEGG,2025-01-03,4.816,5.799,4.5,5.463,0.562,+11.47%,23260
SEGG,2025-01-06,5.5,5.675,4.876,4.925,-0.538,-9.85%,43440
SEGG,2025-01-07,4.9,5.052,4.565,4.701,-0.224,-4.55%,20300
SEGG,2025-01-08,4.88,4.88,4.32,4.5,-0.201,-4.28%,24400
SEGG,2025-01-10,4.314,4.749,4.256,4.74,0.24,+5.33%,31270
SEGG,2025-01-13,4.747,4.75,4.267,4.435,-0.305,-6.43%,9960
SEGG,2025-01-14,4.1,4.5,3.731,3.81,-0.625,-14.09%,35350
SEGG,2025-01-15,3.8,3.995,3.69,3.89,0.08,+2.10%,46970
SEGG,2025-01-16,3.9,4.017,3.599,3.8,-0.09,-2.31%,21910
SEGG,2025-01-17,3.9,3.982,3.65,3.66,-0.14,-3.68%,9070
SEGG,2025-01-21,3.72,3.86,3.391,3.52,-0.14,-3.83%,24440
SEGG,2025-01-22,3.5,4,3.205,3.332,-0.188,-5.34%,17010
SEGG,2025-01-23,3.34,3.49,3.1,3.28,-0.052,-1.56%,19040
SEGG,2025-01-24,3.182,3.399,3.1,3.304,0.024,+0.73%,35270
SEGG,2025-01-27,3.2,3.5,3.2,3.5,0.196,+5.93%,11090
SEGG,2025-01-28,3.49,3.5,3.1,3.229,-0.271,-7.74%,13480
SEGG,2025-01-29,3.119,3.25,3.01,3.18,-0.049,-1.52%,7760
SEGG,2025-01-30,3.19,3.24,3.01,3.083,-0.097,-3.05%,4080
SEGG,2025-01-31,3.1,3.27,3.01,3.19,0.107,+3.47%,10090
SEGG,2025-02-03,3.24,3.24,3.001,3.12,-0.07,-2.19%,10780
SEGG,2025-02-04,3,7.4,3,5.876,2.756,+88.33%,12920980
SEGG,2025-02-05,4.553,4.9,4.1,4.899,-0.977,-16.63%,550100
SEGG,2025-02-06,4.9,15.8,4.719,14.1,9.201,+187.81%,27276998
SEGG,2025-02-07,17,18.4,13.3,16,1.9,+13.48%,6023220
SEGG,2025-02-10,12,14.3,10,12.4,-3.6,-22.50%,1062870
SEGG,2025-02-11,13,23.3,12.4,22.1,9.7,+78.23%,5653050
SEGG,2025-02-12,17.9,20.6,16.6,17.5,-4.6,-20.81%,782130
SEGG,2025-02-13,17.2,17.3,13.7,14.1,-3.4,-19.43%,351920
SEGG,2025-02-14,17.4,20.4,15.7,16,1.9,+13.48%,1053070
SEGG,2025-02-18,15.8,16.189,14.5,15,-1.,-6.25%,147710
SEGG,2025-02-19,15.15,15.332,12.9,12.9,-2.1,-14.00%,114640
SEGG,2025-02-20,13.2,17.5,13,14.6,1.7,+13.18%,614050
SEGG,2025-02-21,17.2,19,13.15,13.8,-0.8,-5.48%,823710
SEGG,2025-02-24,14,14.2,13.1,13.6,-0.2,-1.45%,130130
SEGG,2025-02-25,14.5,14.699,12.1,13.4,-0.2,-1.47%,135720
SEGG,2025-02-26,12.9,16.9,12.804,15.3,1.9,+14.18%,271020
SEGG,2025-02-27,14.7,17,14,14,-1.3,-8.50%,324380
SEGG,2025-02-28,14,14.5,13.501,14,0,0.00%,61680
SEGG,2025-03-03,14.3,14.6,12.6,12.7,-1.3,-9.29%,65400
SEGG,2025-03-04,12.3,13.8,11.501,11.7,-1.,-7.87%,112350
SEGG,2025-03-05,12,12.6,10.5,11.2,-0.5,-4.27%,112530
SEGG,2025-03-06,11.2,11.2,9.644,10.2,-1.,-8.93%,111200
SEGG,2025-03-07,10.6,12.8,10.208,12.3,2.1,+20.59%,202174
SEGG,2025-03-10,11.5,12.099,10.6,10.9,-1.4,-11.38%,68900
SEGG,2025-03-11,11,11.267,10.5,10.9,0,0.00%,36230
SEGG,2025-03-12,10.9,11.05,10.6,10.7,-0.2,-1.83%,24570
SEGG,2025-03-13,10.7,11.1,10.1,10.3,-0.4,-3.74%,21390
SEGG,2025-03-14,10.3,10.7,10.1,10.4,0.1,+0.97%,25120
SEGG,2025-03-17,10.5,10.8,9.301,9.341,-1.059,-10.18%,58929
SEGG,2025-03-18,9.45,10.6,8.109,9.754,0.413,+4.42%,72970
SEGG,2025-03-19,9.6,10.8,9.6,10.3,0.546,+5.60%,85410
SEGG,2025-03-20,10.4,12.1,10.1,11,0.7,+6.80%,101050
SEGG,2025-03-21,10.9,11.45,10.6,10.8,-0.2,-1.82%,33310
SEGG,2025-03-24,10.9,11.4,10.3,10.5,-0.3,-2.78%,47940
SEGG,2025-03-25,10.6,11.2,10.3,10.7,0.2,+1.90%,39770
SEGG,2025-03-26,10.5,11.1,10.3,10.4,-0.3,-2.80%,26180
SEGG,2025-03-27,10.4,10.4,8.842,9.6,-0.8,-7.69%,60950
SEGG,2025-03-28,9.8,11.8,9.1,9.4,-0.2,-2.08%,305880
SEGG,2025-03-31,9.3,9.42,8.261,8.9,-0.5,-5.32%,35900
SEGG,2025-04-01,8.7,10,8.521,9.2,0.3,+3.37%,23680
SEGG,2025-04-02,9.4,9.5,9,9.032,-0.168,-1.83%,16530
SEGG,2025-04-03,8.9,9.2,8.314,9.198,0.166,+1.84%,15030
SEGG,2025-04-04,8.9,9.346,8.562,8.962,-0.236,-2.57%,32740
SEGG,2025-04-07,8.5,11.8,7.414,8.036,-0.926,-10.33%,276600
SEGG,2025-04-08,8.272,8.869,7.575,7.575,-0.461,-5.74%,35090
SEGG,2025-04-09,7.5,8.42,7.2,7.906,0.331,+4.37%,24040
SEGG,2025-04-10,7.95,8.5,7.717,8.451,0.545,+6.89%,15530
SEGG,2025-04-11,8.49,8.498,7.732,8.041,-0.41,-4.85%,46400
SEGG,2025-04-14,8,8.209,7.578,7.973,-0.068,-0.85%,15620
SEGG,2025-04-15,7.629,7.743,7.4,7.551,-0.422,-5.29%,10580
SEGG,2025-04-16,7.5,7.551,7.2,7.335,-0.216,-2.86%,7360
SEGG,2025-04-17,7.27,7.305,6.2,7.049,-0.286,-3.90%,12840
SEGG,2025-04-21,7.049,7.049,6.3,6.676,-0.373,-5.29%,6600
SEGG,2025-04-22,6.9,8,6.4,7.99,1.314,+19.68%,22560
SEGG,2025-04-23,8.2,8.9,7.702,8.3,0.31,+3.88%,60780
SEGG,2025-04-24,8.179,9.56,8.1,9.474,1.174,+14.14%,38570
SEGG,2025-04-25,9.7,9.799,8.701,9.197,-0.277,-2.92%,30350
SEGG,2025-04-28,9.1,9.582,8.6,8.751,-0.446,-4.85%,77160
SEGG,2025-04-29,8.687,8.898,8.27,8.546,-0.205,-2.34%,27600
SEGG,2025-04-30,8.399,8.647,7.8,8.5,-0.046,-0.54%,33100
SEGG,2025-05-01,8.5,8.8,8.151,8.32,-0.18,-2.12%,12390
SEGG,2025-05-02,8.48,9.099,8.312,8.801,0.481,+5.78%,42030
SEGG,2025-05-05,9.1,9.476,8.319,8.9,0.099,+1.12%,40040
SEGG,2025-05-06,8.892,9.248,8.701,8.9,0,0.00%,10090
SEGG,2025-05-07,8.807,10.8,8.401,8.8,-0.1,-1.12%,248039
SEGG,2025-05-08,8.483,9.397,8,8.202,-0.598,-6.80%,86100
SEGG,2025-05-09,8.13,8.729,8.13,8.212,0.01,+0.12%,25740
SEGG,2025-05-12,8.11,8.674,8.1,8.498,0.286,+3.48%,17830
SEGG,2025-05-13,8.243,8.85,7.511,7.92,-0.578,-6.80%,59980
SEGG,2025-05-14,8,8.409,8,8.19,0.27,+3.41%,14040
SEGG,2025-05-15,8.2,8.2,7.549,7.697,-0.493,-6.02%,17810
SEGG,2025-05-16,7.697,8,7.509,7.59,-0.107,-1.39%,27730
SEGG,2025-05-19,7.59,7.886,7.14,7.25,-0.34,-4.48%,19380
SEGG,2025-05-20,7.18,7.736,7.061,7.697,0.447,+6.17%,24600
SEGG,2025-05-21,7.466,18.9,7,17.8,10.103,+131.26%,16353059
SEGG,2025-05-22,16.19,17.3,13.3,16,-1.8,-10.11%,2555360
SEGG,2025-05-23,20,26.45,17,17.6,1.6,+10.00%,8583850
SEGG,2025-05-27,20.3,24,18.1,18.8,1.2,+6.82%,1561380
SEGG,2025-05-28,17.9,19.5,16.3,17.3,-1.5,-7.98%,513210
SEGG,2025-05-29,17,18.6,16.8,17.5,0.2,+1.16%,277550
SEGG,2025-05-30,17.4,17.796,14.3,14.9,-2.6,-14.86%,338560
SEGG,2025-06-02,15.1,16.1,13.6,14.2,-0.7,-4.70%,213460
SEGG,2025-06-03,13.7,17,13.7,15.4,1.2,+8.45%,460200
SEGG,2025-06-04,15.6,15.7,14.8,15,-0.4,-2.60%,163170
SEGG,2025-06-05,15,16.4,13.7,13.9,-1.1,-7.33%,237130
SEGG,2025-06-06,14.2,14.5,13.5,13.7,-0.2,-1.44%,167040
SEGG,2025-06-09,13.6,14.4,12.3,14.3,0.6,+4.38%,179120
SEGG,2025-06-10,14.2,14.65,13.1,13.2,-1.1,-7.69%,140630
SEGG,2025-06-11,13.3,13.5,12.45,12.5,-0.7,-5.30%,74590
SEGG,2025-06-12,12.7,12.7,12.1,12.1,-0.4,-3.20%,56550
SEGG,2025-06-13,12,12.05,10.6,11.3,-0.8,-6.61%,93950
SEGG,2025-06-16,11.3,11.5,10.9,11,-0.3,-2.65%,58409
SEGG,2025-06-17,11.1,11.3,10.4,11,0,0.00%,209070
SEGG,2025-06-18,12.1,13.447,11.6,12.5,1.5,+13.64%,242050
SEGG,2025-06-20,13,13.9,12.801,13.3,0.8,+6.40%,134840
SEGG,2025-06-23,13.2,13.8,11.8,12.3,-1.,-7.52%,144140
SEGG,2025-06-24,12.7,12.7,11.3,11.8,-0.5,-4.07%,79060
SEGG,2025-06-25,11.4,11.8,11.1,11.3,-0.5,-4.24%,52160
SEGG,2025-06-26,11.3,11.65,10.9,11.6,0.3,+2.65%,86560
SEGG,2025-06-27,11.7,11.7,11,11.2,-0.4,-3.45%,51860
SEGG,2025-06-30,11.3,12.3,11.2,12.2,1,+8.93%,80290
SEGG,2025-07-01,12.3,13,12,12.9,0.7,+5.74%,57780
SEGG,2025-07-02,12.3,13.4,12.3,13.2,0.3,+2.33%,82070
SEGG,2025-07-03,13.3,13.4,12.8,12.9,-0.3,-2.27%,36940
SEGG,2025-07-07,12.7,13.8,12.65,13.7,0.8,+6.20%,101930
SEGG,2025-07-08,13.2,13.5,12.9,13.1,-0.6,-4.38%,60520
SEGG,2025-07-09,13,13.7,12.8,13,-0.1,-0.76%,55400
SEGG,2025-07-10,12.8,13,11.6,11.9,-1.1,-8.46%,69000
SEGG,2025-07-11,13.5,13.5,11.8,12.3,0.4,+3.36%,91280
SEGG,2025-07-14,12.6,12.8,11.9,12.1,-0.2,-1.63%,29020
SEGG,2025-07-15,12,12.293,11.8,11.8,-0.3,-2.48%,31730
SEGG,2025-07-16,11.7,12.5,11.7,11.8,0,0.00%,45920
SEGG,2025-07-17,12.1,12.2,11.7,11.7,-0.1,-0.85%,47660
SEGG,2025-07-18,12.1,12.8,11.4,11.6,-0.1,-0.85%,732090
SEGG,2025-07-21,12.7,13.1,11.89,12.3,0.7,+6.03%,133000
SEGG,2025-07-22,12.2,12.4,11.8,12.2,-0.1,-0.81%,88420
SEGG,2025-07-23,12.1,12.3,11.8,11.8,-0.4,-3.28%,55009
SEGG,2025-07-24,12,12.032,11.6,11.6,-0.2,-1.69%,33120
SEGG,2025-07-25,11.6,11.9,11.2,11.2,-0.4,-3.45%,50900
SEGG,2025-07-28,11.3,11.3,10,10,-1.2,-10.71%,120870
SEGG,2025-07-29,10.1,10.3,9.201,9.334,-0.666,-6.66%,63649
SEGG,2025-07-30,9.938,11.3,9.938,10.8,1.466,+15.71%,65880
SEGG,2025-07-31,11.1,11.3,9.712,9.712,-1.088,-10.07%,155360
SEGG,2025-08-01,9.8,10.1,9.209,9.301,-0.411,-4.23%,65089
SEGG,2025-08-04,9.3,9.56,8.83,8.95,-0.351,-3.77%,67840
SEGG,2025-08-05,8.76,9.4,8.7,9.2,0.25,+2.79%,19810
SEGG,2025-08-06,9.1,9.5,8.806,9.1,-0.1,-1.09%,28810
SEGG,2025-08-07,8.827,9,8.5,8.69,-0.41,-4.51%,40310
SEGG,2025-08-08,8.51,8.786,8.05,8.1,-0.59,-6.79%,55500
SEGG,2025-08-11,8.05,8.849,7.807,8,-0.1,-1.23%,65000
SEGG,2025-08-12,8.7,8.8,8,8.29,0.29,+3.63%,23050
SEGG,2025-08-13,8.11,8.3,7.9,8.2,-0.09,-1.09%,31090
SEGG,2025-08-14,8.05,9.5,8,9.174,0.974,+11.88%,59070
SEGG,2025-08-15,8.9,9.044,8.5,8.678,-0.496,-5.41%,13350
SEGG,2025-08-18,8.5,8.652,8.19,8.446,-0.232,-2.67%,26850
SEGG,2025-08-19,8.4,8.431,8,8.21,-0.236,-2.79%,25790
SEGG,2025-08-20,8.025,8.389,7.8,7.996,-0.214,-2.61%,32190
SEGG,2025-08-21,7.9,7.939,7.126,7.225,-0.771,-9.64%,35200
SEGG,2025-08-22,7.2,7.999,7.2,7.6,0.375,+5.19%,39840
SEGG,2025-08-25,7.608,7.613,7.1,7.195,-0.405,-5.33%,40400
SEGG,2025-08-26,7.171,7.563,7.1,7.51,0.315,+4.38%,37910
SEGG,2025-08-27,7.509,7.509,6.3,6.32,-1.19,-15.85%,120390
SEGG,2025-08-28,6.3,6.3,5.4,5.973,-0.347,-5.49%,97030
SEGG,2025-08-29,4.17,5.075,3.96,5,-0.973,-16.29%,1216800
SEGG,2025-09-02,4.82,5.59,4.82,5.57,0.57,+11.40%,210600
SEGG,2025-09-03,5.55,6.64,5.55,6.31,0.74,+13.29%,133100
SEGG,2025-09-04,6.35,7,5.81,6.15,-0.16,-2.54%,170300
SEGG,2025-09-05,6.12,6.4799,5.833,6.1,-0.05,-0.81%,48400
SEGG,2025-09-08,6.11,6.1885,5.5611,5.8,-0.3,-4.92%,61600
SEGG,2025-09-09,5.7,6,5.3871,5.82,0.02,+0.34%,26700
SEGG,2025-09-10,5.82,6.16,5.82,5.925,0.105,+1.80%,35800
SEGG,2025-09-11,5.98,6,5.6,5.63,-0.295,-4.98%,57400
SEGG,2025-09-12,5.75,5.799,5.3,5.3,-0.33,-5.86%,34000
SEGG,2025-09-15,5.3,5.8483,5.3,5.465,0.165,+3.11%,86300
SEGG,2025-09-16,5.47,5.8051,5.05,5.08,-0.385,-7.04%,60400
SEGG,2025-09-17,5.12,5.76,5.01,5.01,-0.07,-1.38%,105700
SEGG,2025-09-18,5,5.33,4.9,5.19,0.18,+3.59%,83100
SEGG,2025-09-19,5.19,5.51,4.97,5.4,0.21,+4.05%,125800
SEGG,2025-09-22,5.27,5.66,5.1098,5.45,0.05,+0.93%,42500
SEGG,2025-09-23,5.42,5.42,4.94,5.06,-0.39,-7.16%,63900
SEGG,2025-09-24,5.01,5.2238,4.9,5,-0.06,-1.19%,61100
SEGG,2025-09-25,5.05,5.05,4.8975,5,0,0.00%,52500
SEGG,2025-09-26,4.9,5,4.6656,4.81,-0.19,-3.80%,80400
SEGG,2025-09-29,4.97,4.97,4.4,4.46,-0.35,-7.28%,79100
SEGG,2025-09-30,4.46,4.5933,4.2901,4.41,-0.05,-1.12%,61200
SEGG,2025-10-01,4.27,4.71,4.27,4.432,0.022,+0.50%,100200
SEGG,2025-10-02,4.43,4.5,4.2501,4.46,0.028,+0.63%,80700
SEGG,2025-10-03,4.32,4.6121,4.06,4.27,-0.19,-4.26%,68700
SEGG,2025-10-06,4.3,4.345,3.8001,4.01,-0.26,-6.09%,124400
SEGG,2025-10-07,4.02,4.17,4.01,4.04,0.03,+0.75%,62700
SEGG,2025-10-08,4.1,4.2,3.92,3.95,-0.09,-2.23%,121600
SEGG,2025-10-09,3.98,4.17,3.95,4,0.05,+1.27%,88600
SEGG,2025-10-10,4,4.14,3.72,3.725,-0.275,-6.88%,97700
SEGG,2025-10-13,3.77,4.7775,3.54,4.65,0.925,+24.83%,281900
SEGG,2025-10-14,4.65,4.78,4.3673,4.52,-0.13,-2.80%,103800
SEGG,2025-10-15,4.84,4.84,4.31,4.47,-0.05,-1.11%,83500
SEGG,2025-10-16,4.5,4.54,3.9,4.01,-0.46,-10.29%,95500
SEGG,2025-10-17,4,4.35,3.86,4.09,0.08,+2.00%,35700
SEGG,2025-10-20,4.15,4.565,4.0129,4.41,0.32,+7.82%,95500
SEGG,2025-10-21,4.56,5.12,4.48,4.88,0.47,+10.66%,147300
SEGG,2025-10-22,4.85,4.85,4.58,4.69,-0.19,-3.89%,31100
SEGG,2025-10-23,4.7,4.765,4.41,4.61,-0.08,-1.71%,68200
SEGG,2025-10-24,4.75,4.78,4.31,4.48,-0.13,-2.82%,27600
SEGG,2025-10-27,4.56,4.655,4.36,4.41,-0.07,-1.56%,51000
SEGG,2025-10-28,4.41,4.715,4.1,4.42,0.01,+0.23%,80800
SEGG,2025-10-29,4.34,4.95,4.335,4.37,-0.05,-1.13%,247900
SEGG,2025-10-30,4.28,4.6399,3.47,3.55,-0.82,-18.76%,461500
SEGG,2025-10-31,3.73,3.86,3.37,3.5,-0.05,-1.41%,181800
SEGG,2025-11-03,3.53,3.53,3.15,3.37,-0.13,-3.71%,87100
SEGG,2025-11-04,3.28,3.315,2.96,3.05,-0.32,-9.50%,78300
SEGG,2025-11-05,3.08,3.09,2.81,2.86,-0.19,-6.23%,135700
SEGG,2025-11-06,2.87,3.0667,2.64,2.74,-0.12,-4.20%,63700
SEGG,2025-11-07,2.62,2.9056,2.6115,2.74,0,0.00%,149000
SEGG,2025-11-10,2.74,3.0147,2.7,2.73,-0.01,-0.36%,76900
SEGG,2025-11-11,2.73,3.05,2.69,2.81,0.08,+2.93%,394800
SEGG,2025-11-12,2.89,2.9,2.35,2.4,-0.41,-14.59%,308900
SEGG,2025-11-13,2.47,2.8999,2.2,2.22,-0.18,-7.50%,341400
SEGG,2025-11-14,2.2,2.22,1.955,2.14,-0.08,-3.60%,193200
SEGG,2025-11-17,2.14,2.14,1.97,1.98,-0.16,-7.48%,67700
SEGG,2025-11-18,2.14,2.18,1.68,1.79,-0.19,-9.60%,375200
SEGG,2025-11-19,1.83,1.83,1.31,1.35,-0.44,-24.58%,529500
SEGG,2025-11-20,1.4,1.453,1.22,1.24,-0.11,-8.15%,445000
SEGG,2025-11-21,1.08,1.65,1.07,1.48,0.24,+19.35%,545100
SEGG,2025-11-24,1.49,1.557,1.39,1.42,-0.06,-4.05%,287900
SEGG,2025-11-25,1.42,1.48,1.32,1.35,-0.07,-4.93%,95000
SEGG,2025-11-26,1.42,1.5209,1.37,1.48,0.13,+9.63%,100700
SEGG,2025-11-28,1.52,1.56,1.42,1.47,-0.01,-0.68%,50100
SEGG,2025-12-01,1.46,1.55,1.3618,1.38,-0.09,-6.12%,84100
SEGG,2025-12-02,1.36,1.36,1.11,1.19,-0.19,-13.77%,196300
SEGG,2025-12-03,1.21,1.43,1.2,1.39,0.2,+16.81%,96100
SEGG,2025-12-04,1.39,1.62,1.3,1.58,0.19,+13.67%,141900
SEGG,2025-12-05,1.55,1.795,1.4001,1.43,-0.15,-9.49%,184900
SEGG,2025-12-08,1.46,1.46,1.225,1.33,-0.1,-6.99%,149200
SEGG,2025-12-09,1.36,1.42,1.2484,1.36,0.03,+2.26%,67900
SEGG,2025-12-10,1.35,1.4181,1.25,1.36,0,0.00%,88700
SEGG,2025-12-11,1.36,1.46,1.25,1.29,-0.07,-5.15%,173000
SEGG,2025-12-12,1.3,1.35,1.13,1.14,-0.15,-11.63%,126700
SEGG,2025-12-15,1.13,1.15,0.9013,0.9102,-0.2298,-20.16%,302900
SEGG,2025-12-16,0.91,1.04,0.91,0.9564,0.0462,+5.08%,96200
SEGG,2025-12-17,0.97,0.9999,0.835,0.8499,-0.1065,-11.14%,137800
SEGG,2025-12-18,0.9,0.9321,0.8649,0.9067,0.0568,+6.68%,42600
SEGG,2025-12-19,0.9,0.9277,0.8584,0.8584,-0.0483,-5.33%,65500
SEGG,2025-12-22,0.8755,0.985,0.8755,0.8975,0.0391,+4.55%,100100
SEGG,2025-12-23,0.96,0.96,0.837,0.837,-0.0605,-6.74%,84100
SEGG,2025-12-24,0.8671,0.9426,0.8422,0.9426,0.1056,+12.62%,102000
SEGG,2025-12-26,0.9397,1.15,0.8601,1,0.0574,+6.09%,351900
SEGG,2025-12-29,1.02,1.02,0.85,0.86,-0.14,-14.00%,149800
SEGG,2025-12-30,0.8308,0.8308,0.78,0.7901,-0.0699,-8.13%,132300
SEGG,2025-12-31,0.85,0.8683,0.72,0.73,-0.0601,-7.61%,179900
SEGG,2026-01-02,0.745,0.79,0.6877,0.6912,-0.0388,-5.32%,122300
SEGG,2026-01-05,0.7186,0.7186,0.65,0.6564,-0.0348,-5.03%,125700
SEGG,2026-01-06,0.686,0.686,0.6003,0.6479,-0.0085,-1.29%,207200
SEGG,2026-01-07,0.6647,0.6899,0.61,0.6128,-0.0351,-5.42%,118200
SEGG,2026-01-08,0.639,0.6598,0.53,0.574,-0.0388,-6.33%,330400
SEGG,2026-01-09,0.565,0.5979,0.46,0.52,-0.054,-9.41%,295600
SEGG,2026-01-12,0.51,0.52,0.4619,0.5175,-0.0025,-0.48%,324800
SEGG,2026-01-13,0.503,0.5299,0.49,0.5151,-0.0024,-0.46%,125200
SEGG,2026-01-14,0.8772,1.44,0.79,0.9267,0.4116,+79.91%,331057800
SEGG,2026-01-15,0.91,1.27,0.8532,0.9994,0.0727,+7.85%,33591400
SEGG,2026-01-16,1.12,1.495,1.11,1.28,0.2806,+28.08%,24564800
SEGG,2026-01-20,1.24,4.65,1.12,1.82,0.54,+42.19%,165192500
SEGG,2026-01-21,2.19,2.74,1.92,2.21,0.39,+21.43%,41908500
SEGG,2026-01-22,2.21,2.46,1.81,1.97,-0.24,-10.86%,10138000
SEGG,2026-01-23,1.94,2.08,1.69,1.85,-0.12,-6.09%,4677200
SEGG,2026-01-26,1.74,1.7897,1.45,1.54,-0.31,-16.76%,3101700
SEGG,2026-01-27,1.47,1.5,1.285,1.35,-0.19,-12.34%,1305900
SEGG,2026-01-28,1.44,2.14,1.43,1.91,0.56,+41.48%,18752000
SEGG,2026-01-29,1.82,2.3,1.8038,2.14,0.23,+12.04%,5962300
SEGG,2026-01-30,1.92,2.0462,1.81,1.96,-0.18,-8.41%,2276700
SEGG,2026-02-02,1.93,2.014,1.41,1.52,-0.44,-22.45%,2130900
SEGG,2026-02-03,1.57,1.6,1.38,1.39,-0.13,-8.55%,790900
SEGG,2026-02-04,1.41,1.7494,1.31,1.32,-0.07,-5.04%,1897100
SEGG,2026-02-05,1.26,1.37,1.1301,1.16,-0.16,-12.12%,1059800
SEGG,2026-02-06,1.33,1.33,1.15,1.21,0.05,+4.31%,638700
SEGG,2026-02-09,1.23,1.235,1.08,1.11,-0.1,-8.26%,1103900
SEGG,2026-02-10,1.08,1.419,1,1.3,0.19,+17.12%,6341700
SEGG,2026-02-11,1.24,1.24,1.1,1.2,-0.1,-7.69%,1146000
SEGG,2026-02-12,1.17,1.2167,1.06,1.1,-0.1,-8.33%,699500
SEGG,2026-02-13,1.1,1.34,1.1,1.2,0.1,+9.09%,3253900
SEGG,2026-02-17,1.25,1.56,1.17,1.48,0.28,+23.33%,4386300
SEGG,2026-02-18,1.4,1.41,1.22,1.23,-0.25,-16.89%,1179100
SEGG,2026-02-19,1.185,1.2,1.1202,1.18,-0.05,-4.07%,773600
SEGG,2026-02-20,1.16,1.22,1.1301,1.19,0.01,+0.85%,841000
SEGG,2026-02-23,1.18,1.18,1.1,1.12,-0.07,-5.88%,665900
SEGG,2026-02-24,1.11,1.27,1.11,1.17,0.05,+4.46%,1163900
SEGG,2026-02-25,1.2,1.2,1.1,1.11,-0.06,-5.13%,671200
SEGG,2026-02-26,1.1,1.1,0.99,1.03,-0.08,-7.21%,967000
SEGG,2026-02-27,1.02,1.05,0.9759,1.015,-0.015,-1.46%,1066700
SEGG,2026-03-02,1,1.02,0.9048,1.01,-0.005,-0.49%,519900
SEGG,2026-03-03,0.96,1,0.9101,0.915,-0.095,-9.41%,378200
SEGG,2026-03-04,0.93,1.04,0.8541,0.93,0.015,+1.64%,639700
SEGG,2026-03-05,0.929,0.94,0.8629,0.919,-0.011,-1.18%,277600
SEGG,2026-03-06,0.91,0.9521,0.8718,0.9008,-0.0182,-1.98%,333500
SEGG,2026-03-09,0.86,1.04,0.86,0.9927,0.0919,+10.20%,756100
SEGG,2026-03-10,1,1.03,0.9601,1.03,0.0373,+3.76%,189500
SEGG,2026-03-11,1.01,1.12,1.01,1.09,0.06,+5.83%,541100
SEGG,2026-03-12,1.04,1.09,1,1.02,-0.07,-6.42%,496800
SEGG,2026-03-13,1.03,1.04,0.964,1.02,0,0.00%,255300
SEGG,2026-03-16,1.01,1.12,1.01,1.06,0.04,+3.92%,404300
SEGG,2026-03-17,1.06,1.1,1.01,1.02,-0.04,-3.77%,290900
SEGG,2026-03-18,0.9894,0.9894,0.9106,0.9585,-0.0615,-6.03%,283200
SEGG,2026-03-19,0.9297,0.9297,0.88,0.88,-0.0785,-8.19%,654400
SEGG,2026-03-20,0.85,0.8696,0.78,0.7997,-0.0803,-9.13%,497600
SEGG,2026-03-23,0.7999,0.8224,0.78,0.8119,0.0122,+1.53%,297400
SEGG,2026-03-24,0.7847,0.8,0.6266,0.66,-0.1519,-18.71%,689500
SEGG,2026-03-25,0.6775,0.75,0.6409,0.6489,-0.0111,-1.68%,553000
SEGG,2026-03-26,0.64,0.7649,0.5933,0.594,-0.0549,-8.46%,414400
SEGG,2026-03-27,0.59,0.6583,0.574,0.63,0.036,+6.06%,459100
SEGG,2026-03-30,0.65,0.6558,0.6,0.615,-0.015,-2.38%,299200
SEGG,2026-03-31,0.62,0.64,0.5875,0.63,0.015,+2.44%,400100
SEGG,2026-04-01,0.65,0.695,0.6002,0.625,-0.005,-0.79%,594600
SEGG,2026-04-02,0.6,0.6171,0.551,0.561,-0.064,-10.24%,746700
SEGG,2026-04-06,0.5681,0.66,0.5601,0.592,0.031,+5.53%,686700
SEGG,2026-04-07,0.6032,0.6125,0.5383,0.558,-0.034,-5.74%,490600
SEGG,2026-04-08,0.6,0.6,0.5499,0.558,0,0.00%,288600
SEGG,2026-04-09,0.5591,0.5685,0.5005,0.507,-0.051,-9.14%,350100
SEGG,2026-04-10,0.51,0.5192,0.5001,0.5186,0.0116,+2.29%,436500
SEGG,2026-04-13,0.5564,0.5825,0.529,0.5499,0.0313,+6.04%,545600
SEGG,2026-04-14,0.65,0.805,0.5,0.5662,0.0163,+2.96%,17440900
SEGG,2026-04-15,0.5665,0.5799,0.5312,0.541,-0.0252,-4.45%,1455000
SEGG,2026-04-16,0.539,0.5863,0.5372,0.579,0.038,+7.02%,873900
SEGG,2026-04-17,0.6,0.6288,0.5746,0.628,0.049,+8.46%,1066100
SEGG,2026-04-20,0.6,0.68,0.6,0.672,0.044,+7.01%,814100
SEGG,2026-04-21,0.6893,0.72,0.6411,0.6604,-0.0116,-1.73%,731000
SEGG,2026-04-22,0.695,0.7078,0.65,0.69,0.0296,+4.48%,501300
SEGG,2026-04-23,0.69,0.691,0.62,0.6717,-0.0183,-2.65%,406100
SEGG,2026-04-24,0.6717,0.69,0.55,0.655,-0.0167,-2.49%,3973500
"Downloaded from Barchart.com as of 04-26-2026 12:32am CDT"
