Symbol,Time,Open,High,Low,Latest,Change,%Change,Volume
IMMX,2021-12-17,3.5,6.31,3.5,4,0.33,+8.99%,8719200
IMMX,2021-12-20,3.51,3.74,3.2,3.25,-0.75,-18.75%,717600
IMMX,2021-12-21,3.35,3.75,3.27,3.48,0.23,+7.08%,359100
IMMX,2021-12-22,3.41,3.5899,3.23,3.26,-0.22,-6.32%,274300
IMMX,2021-12-23,3.3,3.35,2.85,2.95,-0.31,-9.51%,279400
IMMX,2021-12-27,3,3.6599,2.97,3.28,0.33,+11.19%,469000
IMMX,2021-12-28,3.19,3.8823,3.13,3.61,0.33,+10.06%,525200
IMMX,2021-12-29,3.53,3.7891,3.32,3.32,-0.29,-8.03%,241900
IMMX,2021-12-30,3.25,3.405,3.25,3.26,-0.06,-1.81%,95600
IMMX,2021-12-31,3.35,3.64,3.27,3.56,0.3,+9.20%,142200
IMMX,2022-01-03,7.05,8.6799,5.63,5.78,2.22,+62.36%,149080500
IMMX,2022-01-04,7.47,7.75,5.86,6.49,0.71,+12.28%,62790100
IMMX,2022-01-05,6.9,7.9,6.43,6.75,0.26,+4.01%,33596000
IMMX,2022-01-06,6.8,6.9,5.36,5.49,-1.26,-18.67%,5865000
IMMX,2022-01-07,5.0228,5.6774,4.84,5.34,-0.15,-2.73%,2273100
IMMX,2022-01-10,5.2,6.32,5.19,6.02,0.68,+12.73%,7224000
IMMX,2022-01-11,5.88,6.07,5.21,5.43,-0.59,-9.80%,1902000
IMMX,2022-01-12,7.07,7.5999,6.22,6.43,1,+18.42%,45987200
IMMX,2022-01-13,6.11,6.15,5.57,5.83,-0.6,-9.33%,1868000
IMMX,2022-01-14,5.5,6.0799,5.46,5.84,0.01,+0.17%,806200
IMMX,2022-01-18,5.55,5.8699,5.4,5.81,-0.03,-0.51%,939800
IMMX,2022-01-19,5.81,6.12,5.5399,5.66,-0.15,-2.58%,2846500
IMMX,2022-01-20,5.52,5.85,5.35,5.42,-0.24,-4.24%,1556400
IMMX,2022-01-21,5.3,5.3499,4.4401,4.51,-0.91,-16.79%,710589
IMMX,2022-01-24,3.9395,4.24,3.7101,4.23,-0.28,-6.21%,888000
IMMX,2022-01-25,4.04,4.2399,3.92,4.12,-0.11,-2.60%,408700
IMMX,2022-01-26,4.08,4.11,3.52,3.55,-0.57,-13.83%,886700
IMMX,2022-01-27,3.76,4.5,3.61,3.94,0.39,+10.99%,9968700
IMMX,2022-01-28,3.75,3.9799,3.53,3.89,-0.05,-1.27%,851600
IMMX,2022-01-31,3.93,4.0799,3.73,4.06,0.17,+4.37%,1175700
IMMX,2022-02-01,4.16,5.1,4.1,4.61,0.55,+13.55%,9892000
IMMX,2022-02-02,4.49,4.5399,3.87,3.99,-0.62,-13.45%,2101900
IMMX,2022-02-03,3.78,4.19,3.66,4.03,0.04,+1.00%,1114900
IMMX,2022-02-04,4,4.48,3.8828,4.37,0.34,+8.44%,964600
IMMX,2022-02-07,4.84,5.04,4.55,4.8,0.43,+9.84%,1771500
IMMX,2022-02-08,4.66,4.9,4.21,4.82,0.02,+0.42%,940000
IMMX,2022-02-09,4.84,5.37,4.76,4.93,0.11,+2.28%,1106500
IMMX,2022-02-10,4.74,4.95,4.345,4.37,-0.56,-11.36%,782500
IMMX,2022-02-11,4.31,4.5422,4.14,4.22,-0.15,-3.43%,391700
IMMX,2022-02-14,4.19,4.21,3.79,3.89,-0.33,-7.82%,561600
IMMX,2022-02-15,4.12,4.23,3.95,4.01,0.12,+3.08%,439400
IMMX,2022-02-16,4,4.13,3.87,3.94,-0.07,-1.75%,325200
IMMX,2022-02-17,3.82,3.96,3.72,3.86,-0.08,-2.03%,276900
IMMX,2022-02-18,3.79,3.9,3.55,3.58,-0.28,-7.25%,266200
IMMX,2022-02-22,3.5,3.5,3.2,3.24,-0.34,-9.50%,290300
IMMX,2022-02-23,3.31,3.47,3.07,3.09,-0.15,-4.63%,239300
IMMX,2022-02-24,2.85,3.141,2.7803,3.12,0.03,+0.97%,327500
IMMX,2022-02-25,3.17,3.3399,3.1042,3.2,0.08,+2.56%,127600
IMMX,2022-02-28,3.12,3.15,2.88,2.98,-0.22,-6.88%,186400
IMMX,2022-03-01,2.95,3.04,2.7301,2.77,-0.21,-7.05%,222200
IMMX,2022-03-02,2.73,2.84,2.62,2.67,-0.1,-3.61%,222300
IMMX,2022-03-03,2.65,2.69,2.38,2.4,-0.27,-10.11%,229700
IMMX,2022-03-04,2.36,2.4,2.0801,2.11,-0.29,-12.08%,254000
IMMX,2022-03-07,2.02,2.18,1.88,1.88,-0.23,-10.90%,245000
IMMX,2022-03-08,1.88,1.96,1.71,1.89,0.01,+0.53%,231900
IMMX,2022-03-09,2.05,2.0896,1.945,1.9785,0.0885,+4.68%,156800
IMMX,2022-03-10,1.9,1.97,1.8,1.87,-0.1085,-5.48%,105900
IMMX,2022-03-11,1.92,1.92,1.81,1.86,-0.01,-0.53%,78300
IMMX,2022-03-14,1.9,1.98,1.85,1.9,0.04,+2.15%,101700
IMMX,2022-03-15,1.88,2.04,1.85,2.04,0.14,+7.37%,178600
IMMX,2022-03-16,2.09,2.49,2.03,2.43,0.39,+19.12%,462500
IMMX,2022-03-17,2.43,2.44,2.2,2.33,-0.1,-4.12%,237000
IMMX,2022-03-18,2.42,2.79,2.38,2.41,0.08,+3.43%,521900
IMMX,2022-03-21,2.42,2.4557,2.13,2.22,-0.19,-7.88%,179400
IMMX,2022-03-22,2.23,2.31,2.131,2.23,0.01,+0.45%,148500
IMMX,2022-03-23,2.23,2.23,2,2.06,-0.17,-7.62%,273100
IMMX,2022-03-24,2.12,2.18,2.07,2.13,0.07,+3.40%,82200
IMMX,2022-03-25,2.15,2.17,2.06,2.13,0,0.00%,74900
IMMX,2022-03-28,2.15,2.1618,2.08,2.13,0,0.00%,63300
IMMX,2022-03-29,2.14,2.41,2.1,2.37,0.24,+11.27%,171800
IMMX,2022-03-30,2.33,2.3999,2.212,2.35,-0.02,-0.84%,146600
IMMX,2022-03-31,2.3,2.489,2.27,2.41,0.06,+2.55%,194200
IMMX,2022-04-01,2.49,2.53,2.33,2.48,0.07,+2.90%,150700
IMMX,2022-04-04,2.61,2.69,2.45,2.59,0.11,+4.44%,203000
IMMX,2022-04-05,2.65,2.65,1.98,2.02,-0.57,-22.01%,587200
IMMX,2022-04-06,2.05,2.0892,1.94,2.03,0.01,+0.50%,284000
IMMX,2022-04-07,2.06,2.06,1.83,1.93,-0.1,-4.93%,160400
IMMX,2022-04-08,1.91,1.94,1.75,1.81,-0.12,-6.22%,215400
IMMX,2022-04-11,1.8,1.855,1.6,1.73,-0.08,-4.42%,289000
IMMX,2022-04-12,1.79,1.8463,1.73,1.74,0.01,+0.58%,213900
IMMX,2022-04-13,1.8,1.97,1.8,1.9,0.16,+9.20%,154800
IMMX,2022-04-14,1.89,1.89,1.6713,1.8,-0.1,-5.26%,128600
IMMX,2022-04-18,1.78,1.78,1.67,1.72,-0.08,-4.44%,50800
IMMX,2022-04-19,1.72,1.7307,1.62,1.7,-0.02,-1.16%,77100
IMMX,2022-04-20,1.65,1.6988,1.6,1.67,-0.03,-1.76%,70400
IMMX,2022-04-21,1.64,1.68,1.46,1.49,-0.18,-10.78%,101100
IMMX,2022-04-22,1.48,1.5898,1.39,1.44,-0.05,-3.36%,76300
IMMX,2022-04-25,1.42,1.56,1.37,1.52,0.08,+5.56%,106100
IMMX,2022-04-26,1.48,1.54,1.35,1.38,-0.14,-9.21%,30400
IMMX,2022-04-27,1.3,1.42,1.3,1.33,-0.05,-3.62%,41100
IMMX,2022-04-28,1.38,1.42,1.3001,1.36,0.03,+2.26%,30000
IMMX,2022-04-29,1.38,1.48,1.35,1.38,0.02,+1.47%,46300
IMMX,2022-05-02,1.39,1.4,1.25,1.32,-0.06,-4.35%,34300
IMMX,2022-05-03,1.32,1.48,1.28,1.42,0.1,+7.58%,86700
IMMX,2022-05-04,1.47,1.55,1.34,1.53,0.11,+7.75%,49200
IMMX,2022-05-05,1.61,1.61,1.35,1.39,-0.14,-9.15%,66200
IMMX,2022-05-06,1.35,1.56,1.3401,1.49,0.1,+7.19%,84100
IMMX,2022-05-09,1.55,1.68,1.42,1.49,0,0.00%,174900
IMMX,2022-05-10,1.49,1.54,1.4,1.44,-0.05,-3.36%,77600
IMMX,2022-05-11,1.41,1.5,1.4,1.42,-0.02,-1.39%,33200
IMMX,2022-05-12,1.34,1.41,1.26,1.4,-0.02,-1.41%,28400
IMMX,2022-05-13,1.4,1.45,1.295,1.305,-0.095,-6.79%,66000
IMMX,2022-05-16,1.38,1.38,1.29,1.33,0.025,+1.92%,91800
IMMX,2022-05-17,1.35,1.37,1.29,1.33,0,0.00%,62900
IMMX,2022-05-18,1.33,1.35,1.25,1.3,-0.03,-2.26%,48600
IMMX,2022-05-19,1.59,1.6881,1.35,1.63,0.33,+25.38%,1776300
IMMX,2022-05-20,2.49,2.87,2.07,2.12,0.49,+30.06%,111650900
IMMX,2022-05-23,1.96,2.2,1.8901,2.15,0.03,+1.42%,3174100
IMMX,2022-05-24,2.03,2.42,2.03,2.35,0.2,+9.30%,1969000
IMMX,2022-05-25,2.35,2.6699,2.3,2.64,0.29,+12.34%,2163800
IMMX,2022-05-26,2.7,3.4499,2.64,2.97,0.33,+12.50%,2865100
IMMX,2022-05-27,2.835,2.835,2.53,2.68,-0.29,-9.76%,704500
IMMX,2022-05-31,2.44,2.44,2.11,2.14,-0.54,-20.15%,1173800
IMMX,2022-06-01,2.11,2.35,1.7657,1.85,-0.29,-13.55%,2202800
IMMX,2022-06-02,2.43,2.7599,2.22,2.39,0.54,+29.19%,42435800
IMMX,2022-06-03,2.27,2.51,2.27,2.48,0.09,+3.77%,2160600
IMMX,2022-06-06,2.41,2.56,2.37,2.54,0.06,+2.42%,903600
IMMX,2022-06-07,2.49,2.52,2.18,2.45,-0.09,-3.54%,1082000
IMMX,2022-06-08,2.35,2.4146,2.2,2.23,-0.22,-8.98%,341000
IMMX,2022-06-09,2.26,2.78,2.23,2.515,0.285,+12.78%,1490800
IMMX,2022-06-10,2.41,2.505,2.2131,2.43,-0.085,-3.38%,417800
IMMX,2022-06-13,2.22,2.41,2.22,2.37,-0.06,-2.47%,291300
IMMX,2022-06-14,2.35,2.55,2.3112,2.4,0.03,+1.27%,391100
IMMX,2022-06-15,2.4,2.4799,2.3,2.35,-0.05,-2.08%,150000
IMMX,2022-06-16,2.36,2.585,2.23,2.43,0.08,+3.40%,551200
IMMX,2022-06-17,2.45,2.72,2.41,2.43,0,0.00%,673700
IMMX,2022-06-21,2.51,2.69,2.27,2.28,-0.15,-6.17%,590100
IMMX,2022-06-22,2.25,2.332,2.12,2.12,-0.16,-7.02%,302000
IMMX,2022-06-23,2.15,2.239,2.12,2.16,0.04,+1.89%,100300
IMMX,2022-06-24,2.19,2.2673,2.13,2.13,-0.03,-1.39%,89400
IMMX,2022-06-27,2.19,2.22,2.07,2.16,0.03,+1.41%,127100
IMMX,2022-06-28,2.19,2.45,2.09,2.33,0.17,+7.87%,381300
IMMX,2022-06-29,2.21,2.59,2.19,2.52,0.19,+8.15%,265900
IMMX,2022-06-30,2.42,2.6,2.3135,2.6,0.08,+3.17%,1031800
IMMX,2022-07-01,2.42,2.65,2.42,2.6,0,0.00%,277800
IMMX,2022-07-05,2.59,2.59,2.35,2.5,-0.1,-3.85%,148400
IMMX,2022-07-06,2.45,2.8,2.392,2.69,0.19,+7.60%,292000
IMMX,2022-07-07,2.73,2.8999,2.631,2.74,0.05,+1.86%,265300
IMMX,2022-07-08,2.74,2.76,2.61,2.68,-0.06,-2.19%,103400
IMMX,2022-07-11,2.58,3.35,2.58,3.05,0.37,+13.81%,1197100
IMMX,2022-07-12,3.04,3.15,2.86,2.95,-0.1,-3.28%,176800
IMMX,2022-07-13,2.95,3.03,2.84,3.03,0.08,+2.71%,89000
IMMX,2022-07-14,2.9,2.9999,2.64,2.64,-0.39,-12.87%,174100
IMMX,2022-07-15,2.6,2.9,2.59,2.73,0.09,+3.41%,138700
IMMX,2022-07-18,2.62,2.7955,2.6001,2.63,-0.1,-3.66%,120200
IMMX,2022-07-19,2.8,2.8403,2.61,2.72,0.09,+3.42%,123000
IMMX,2022-07-20,2.75,2.85,2.65,2.74,0.02,+0.74%,89200
IMMX,2022-07-21,2.68,2.72,2.63,2.7,-0.04,-1.46%,74700
IMMX,2022-07-22,2.75,2.75,2.41,2.45,-0.25,-9.26%,82800
IMMX,2022-07-25,2.43,2.4999,2.43,2.47,0.02,+0.82%,23700
IMMX,2022-07-26,2.42,2.47,2.3199,2.33,-0.14,-5.67%,81600
IMMX,2022-07-27,2.32,2.4587,2.32,2.41,0.08,+3.43%,30000
IMMX,2022-07-28,2.4,2.46,2.35,2.38,-0.03,-1.24%,26700
IMMX,2022-07-29,2.4,2.58,2.35,2.44,0.06,+2.52%,64500
IMMX,2022-08-01,2.39,2.43,2.31,2.41,-0.03,-1.23%,31700
IMMX,2022-08-02,2.41,2.5777,2.3729,2.51,0.1,+4.15%,87200
IMMX,2022-08-03,2.55,2.55,2.44,2.53,0.02,+0.80%,70800
IMMX,2022-08-04,2.48,2.58,2.47,2.56,0.03,+1.19%,59100
IMMX,2022-08-05,2.56,2.56,2.48,2.5168,-0.0432,-1.69%,35600
IMMX,2022-08-08,2.47,2.53,2.42,2.46,-0.0568,-2.26%,83700
IMMX,2022-08-09,2.49,2.52,2.43,2.52,0.06,+2.44%,40600
IMMX,2022-08-10,2.53,2.55,2.38,2.43,-0.09,-3.57%,45300
IMMX,2022-08-11,2.46,2.4999,2.3876,2.46,0.03,+1.23%,63900
IMMX,2022-08-12,2.49,2.4935,2.4141,2.45,-0.01,-0.41%,24300
IMMX,2022-08-15,2.41,2.445,2.33,2.34,-0.11,-4.49%,70700
IMMX,2022-08-16,2.31,2.4299,2.31,2.33,-0.01,-0.43%,36300
IMMX,2022-08-17,2.35,2.3899,2.24,2.27,-0.06,-2.58%,61700
IMMX,2022-08-18,2.29,2.33,2.18,2.21,-0.06,-2.64%,72200
IMMX,2022-08-19,2.13,2.185,2.01,2.01,-0.2,-9.05%,67000
IMMX,2022-08-22,1.95,2.095,1.9,2.05,0.04,+1.99%,34300
IMMX,2022-08-23,2.07,2.18,2.05,2.13,0.08,+3.90%,21800
IMMX,2022-08-24,2.17,2.25,2.105,2.2,0.07,+3.29%,16100
IMMX,2022-08-25,2.19,2.225,2.1,2.1877,-0.0123,-0.56%,40800
IMMX,2022-08-26,2.0815,2.1549,2.04,2.06,-0.1277,-5.84%,19600
IMMX,2022-08-29,1.94,2.052,1.94,1.97,-0.09,-4.37%,42600
IMMX,2022-08-30,1.9,2.0066,1.85,1.85,-0.12,-6.09%,34400
IMMX,2022-08-31,1.86,1.9211,1.8101,1.82,-0.03,-1.62%,15500
IMMX,2022-09-01,1.82,1.8747,1.75,1.85,0.03,+1.65%,39500
IMMX,2022-09-02,1.91,2.07,1.9,1.94,0.09,+4.86%,35100
IMMX,2022-09-06,1.97,1.97,1.73,1.74,-0.2,-10.31%,35700
IMMX,2022-09-07,1.8996,1.92,1.685,1.78,0.04,+2.30%,138900
IMMX,2022-09-08,1.78,1.8,1.67,1.69,-0.09,-5.06%,58500
IMMX,2022-09-09,1.74,1.82,1.69,1.8,0.11,+6.51%,36800
IMMX,2022-09-12,1.79,1.8015,1.73,1.73,-0.07,-3.89%,20000
IMMX,2022-09-13,1.7101,1.76,1.7093,1.74,0.01,+0.58%,13100
IMMX,2022-09-14,1.72,1.765,1.69,1.71,-0.03,-1.72%,30900
IMMX,2022-09-15,1.7001,1.7508,1.69,1.73,0.02,+1.17%,25200
IMMX,2022-09-16,1.74,1.83,1.6,1.83,0.1,+5.78%,75500
IMMX,2022-09-19,1.78,1.78,1.68,1.7,-0.13,-7.10%,16900
IMMX,2022-09-20,1.7,1.7,1.62,1.63,-0.07,-4.12%,21600
IMMX,2022-09-21,1.7,1.7,1.55,1.6,-0.03,-1.84%,48100
IMMX,2022-09-22,1.57,1.6558,1.55,1.61,0.01,+0.63%,23800
IMMX,2022-09-23,1.57,1.57,1.44,1.475,-0.135,-8.39%,76900
IMMX,2022-09-26,1.51,1.54,1.43,1.5,0.025,+1.69%,32000
IMMX,2022-09-27,1.49,1.4978,1.38,1.43,-0.07,-4.67%,48100
IMMX,2022-09-28,1.4464,1.4601,1.4201,1.45,0.02,+1.40%,25300
IMMX,2022-09-29,1.45,1.4886,1.39,1.41,-0.04,-2.76%,18700
IMMX,2022-09-30,1.39,1.43,1.36,1.36,-0.05,-3.55%,19608
IMMX,2022-10-03,1.44,1.455,1.3501,1.39,0.03,+2.21%,14000
IMMX,2022-10-04,1.44,1.4673,1.37,1.37,-0.02,-1.44%,16900
IMMX,2022-10-05,1.47,1.47,1.36,1.37,0,0.00%,10400
IMMX,2022-10-06,1.45,1.45,1.36,1.38,0.01,+0.73%,18500
IMMX,2022-10-07,1.39,1.395,1.29,1.3,-0.08,-5.80%,18500
IMMX,2022-10-10,1.3554,1.374,1.22,1.24,-0.06,-4.62%,39800
IMMX,2022-10-11,1.3,1.345,1.21,1.22,-0.02,-1.61%,21000
IMMX,2022-10-12,1.25,1.2724,1.15,1.18,-0.04,-3.28%,22800
IMMX,2022-10-13,1.14,1.19,1.1142,1.12,-0.06,-5.08%,27700
IMMX,2022-10-14,1.11,1.28,1.11,1.21,0.09,+8.04%,33300
IMMX,2022-10-17,1.3,1.34,1.1725,1.2,-0.01,-0.83%,25000
IMMX,2022-10-18,1.12,1.2399,1.1,1.19,-0.01,-0.83%,68400
IMMX,2022-10-19,1.17,1.2,1.1301,1.15,-0.04,-3.36%,15400
IMMX,2022-10-20,1.13,1.17,1.13,1.14,-0.01,-0.87%,16000
IMMX,2022-10-21,1.13,1.18,1.1,1.18,0.04,+3.51%,19500
IMMX,2022-10-24,1.14,1.2,1.11,1.11,-0.07,-5.93%,39500
IMMX,2022-10-25,1.16,1.17,1.03,1.09,-0.02,-1.80%,132300
IMMX,2022-10-26,1.08,1.15,1.01,1.04,-0.05,-4.59%,101300
IMMX,2022-10-27,1.07,1.1,0.9849,1.06,0.02,+1.92%,100600
IMMX,2022-10-28,1.03,1.09,0.9899,1.075,0.015,+1.42%,84300
IMMX,2022-10-31,1.08,1.15,1,1,-0.075,-6.98%,37100
IMMX,2022-11-01,1.08,1.08,0.9199,1.05,0.05,+5.00%,194700
IMMX,2022-11-02,1.02,1.03,0.95,1.01,-0.04,-3.81%,77200
IMMX,2022-11-03,0.95,1.0099,0.925,0.9402,-0.0698,-6.91%,104400
IMMX,2022-11-04,0.95,1,0.9,0.91,-0.0302,-3.21%,64524
IMMX,2022-11-07,0.94,0.94,0.86,0.8851,-0.0249,-2.74%,77100
IMMX,2022-11-08,0.8585,0.9101,0.81,0.8203,-0.0648,-7.32%,115800
IMMX,2022-11-09,0.8,0.8499,0.7049,0.7869,-0.0334,-4.07%,167200
IMMX,2022-11-10,0.76,0.82,0.68,0.75,-0.0369,-4.69%,200700
IMMX,2022-11-11,0.85,0.9,0.715,0.875,0.125,+16.67%,114400
IMMX,2022-11-14,0.87,1.07,0.87,1.03,0.155,+17.71%,202000
IMMX,2022-11-15,1.08,1.1,1,1.06,0.03,+2.91%,81400
IMMX,2022-11-16,1.1,1.2795,1.07,1.16,0.1,+9.43%,129200
IMMX,2022-11-17,1.26,1.2686,1.16,1.22,0.06,+5.17%,81800
IMMX,2022-11-18,1.27,1.35,1.2,1.3,0.08,+6.56%,31800
IMMX,2022-11-21,1.3,1.32,1.2517,1.32,0.02,+1.54%,36800
IMMX,2022-11-22,1.27,1.315,1.27,1.3,-0.02,-1.52%,17400
IMMX,2022-11-23,1.32,1.38,1.32,1.37,0.07,+5.38%,28700
IMMX,2022-11-25,1.38,1.38,1.34,1.34,-0.03,-2.19%,19700
IMMX,2022-11-28,1.39,1.4,1.34,1.36,0.02,+1.49%,20200
IMMX,2022-11-29,1.39,1.39,1.0761,1.22,-0.14,-10.29%,49300
IMMX,2022-11-30,1.15,1.21,1.06,1.21,-0.01,-0.82%,110400
IMMX,2022-12-01,1.18,1.19,1.08,1.1599,-0.0501,-4.14%,24600
IMMX,2022-12-02,1.16,1.2,1.12,1.1492,-0.0107,-0.92%,17300
IMMX,2022-12-05,1.04,1.33,1.04,1.17,0.0208,+1.81%,19800
IMMX,2022-12-06,1.17,1.17,1.0298,1.0815,-0.0885,-7.56%,37400
IMMX,2022-12-07,1.08,1.09,1.02,1.05,-0.0315,-2.91%,15400
IMMX,2022-12-08,1.04,1.09,1.04,1.06,0.01,+0.95%,12000
IMMX,2022-12-09,1.01,1.45,1.01,1.39,0.33,+31.13%,205300
IMMX,2022-12-12,1.52,1.6,1.35,1.5,0.11,+7.91%,246300
IMMX,2022-12-13,1.6,1.66,1.2848,1.46,-0.04,-2.67%,161800
IMMX,2022-12-14,2.02,2.52,1.55,1.8,0.34,+23.29%,59661600
IMMX,2022-12-15,1.72,2.1008,1.68,1.97,0.17,+9.44%,2333500
IMMX,2022-12-16,1.94,2.07,1.78,1.89,-0.08,-4.06%,888300
IMMX,2022-12-19,1.73,2.35,1.73,1.97,0.08,+4.23%,1494400
IMMX,2022-12-20,1.98,2.01,1.8,1.87,-0.1,-5.08%,286100
IMMX,2022-12-21,1.9,2.18,1.841,2.15,0.28,+14.97%,326100
IMMX,2022-12-22,2.16,2.45,2.1,2.43,0.28,+13.02%,514300
IMMX,2022-12-23,2.31,2.35,2,2.17,-0.26,-10.70%,276000
IMMX,2022-12-27,2.17,2.17,1.9901,2,-0.17,-7.83%,100600
IMMX,2022-12-28,1.99,2.19,1.95,2.17,0.17,+8.50%,115500
IMMX,2022-12-29,2.19,2.34,2.15,2.31,0.14,+6.45%,156400
IMMX,2022-12-30,2.23,2.4047,2.23,2.29,-0.02,-0.87%,221100
IMMX,2023-01-03,2.35,2.4023,2.11,2.22,-0.07,-3.06%,90000
IMMX,2023-01-04,2.04,2.4,2,2.35,0.13,+5.86%,325600
IMMX,2023-01-05,2.39,2.55,2.22,2.55,0.2,+8.51%,606300
IMMX,2023-01-06,2.25,2.53,2.1012,2.34,-0.21,-8.24%,2191600
IMMX,2023-01-09,2.22,2.29,2.03,2.1,-0.24,-10.26%,255000
IMMX,2023-01-10,2.12,2.21,2.0975,2.2,0.1,+4.76%,84100
IMMX,2023-01-11,2.19,2.21,2.09,2.15,-0.05,-2.27%,109800
IMMX,2023-01-12,2.13,2.17,2.01,2.16,0.01,+0.47%,114900
IMMX,2023-01-13,2.14,2.244,2.14,2.2,0.04,+1.85%,82800
IMMX,2023-01-17,2.2,2.2,2.0737,2.12,-0.08,-3.64%,105700
IMMX,2023-01-18,2.09,2.11,1.95,2.02,-0.1,-4.72%,148900
IMMX,2023-01-19,2.05,2.1199,2.02,2.09,0.07,+3.47%,52500
IMMX,2023-01-20,2.05,2.1511,1.9533,2.15,0.06,+2.87%,104500
IMMX,2023-01-23,2.13,2.19,2.0501,2.135,-0.015,-0.70%,133500
IMMX,2023-01-24,2.08,2.5,2.08,2.46,0.325,+15.22%,319800
IMMX,2023-01-25,2.49,2.49,2.35,2.48,0.02,+0.81%,58400
IMMX,2023-01-26,2.49,2.4999,2.34,2.41,-0.07,-2.82%,139800
IMMX,2023-01-27,2.35,2.46,2.3268,2.4,-0.01,-0.41%,79500
IMMX,2023-01-30,2.4,2.4729,2.3501,2.42,0.02,+0.83%,51500
IMMX,2023-01-31,2.36,2.7899,2.35,2.6,0.18,+7.44%,202100
IMMX,2023-02-01,2.64,2.71,2.4201,2.63,0.03,+1.15%,134700
IMMX,2023-02-02,2.63,2.75,2.58,2.615,-0.015,-0.57%,121300
IMMX,2023-02-03,2.54,3.28,2.53,3.14,0.525,+20.08%,535900
IMMX,2023-02-06,3.29,3.29,2.9601,3.12,-0.02,-0.64%,132900
IMMX,2023-02-07,3.12,3.14,2.7701,2.87,-0.25,-8.01%,151600
IMMX,2023-02-08,2.81,2.9299,2.7,2.7935,-0.0765,-2.67%,109100
IMMX,2023-02-09,2.65,2.77,2.25,2.33,-0.4635,-16.59%,706200
IMMX,2023-02-10,2.35,2.7,2.34,2.65,0.32,+13.73%,194800
IMMX,2023-02-13,2.61,2.685,2.35,2.38,-0.27,-10.19%,91700
IMMX,2023-02-14,2.45,2.45,2.2346,2.37,-0.01,-0.42%,60500
IMMX,2023-02-15,2.3,2.4062,2.27,2.31,-0.06,-2.53%,78500
IMMX,2023-02-16,2.25,2.27,2.1,2.22,-0.09,-3.90%,77400
IMMX,2023-02-17,2.16,2.31,2.15,2.29,0.07,+3.15%,34000
IMMX,2023-02-21,2.23,2.25,2.06,2.07,-0.22,-9.61%,60000
IMMX,2023-02-22,2.3,2.4699,2.17,2.32,0.25,+12.08%,201400
IMMX,2023-02-23,2.38,2.38,2.13,2.24,-0.08,-3.45%,49600
IMMX,2023-02-24,2.17,2.22,2.08,2.15,-0.09,-4.02%,39700
IMMX,2023-02-27,2.19,2.23,2.09,2.14,-0.01,-0.47%,59200
IMMX,2023-02-28,2.09,2.17,2.02,2.08,-0.06,-2.80%,47200
IMMX,2023-03-01,2.08,2.1533,2.03,2.07,-0.01,-0.48%,42300
IMMX,2023-03-02,2.07,2.2,2.03,2.2,0.13,+6.28%,45900
IMMX,2023-03-03,2.17,2.21,2.0968,2.1,-0.1,-4.55%,33600
IMMX,2023-03-06,2.16,2.3,2.13,2.2,0.1,+4.76%,53200
IMMX,2023-03-07,2.13,2.1714,2.05,2.08,-0.12,-5.45%,58700
IMMX,2023-03-08,2.09,2.1263,1.99,1.99,-0.09,-4.33%,32700
IMMX,2023-03-09,2.11,2.11,1.95,1.95,-0.04,-2.01%,40800
IMMX,2023-03-10,1.94,2,1.75,1.8,-0.15,-7.69%,98800
IMMX,2023-03-13,1.79,2.07,1.77,2.0601,0.2601,+14.45%,57400
IMMX,2023-03-14,2.0372,2.26,2.0309,2.07,0.0099,+0.48%,83500
IMMX,2023-03-15,2.05,2.05,1.89,1.89,-0.18,-8.70%,39600
IMMX,2023-03-16,1.96,1.9741,1.81,1.9,0.01,+0.53%,29800
IMMX,2023-03-17,1.85,1.99,1.8,1.82,-0.08,-4.21%,83100
IMMX,2023-03-20,1.8,1.8386,1.77,1.77,-0.05,-2.75%,43400
IMMX,2023-03-21,1.8192,1.94,1.815,1.91,0.14,+7.91%,28500
IMMX,2023-03-22,1.83,2.14,1.83,2.14,0.23,+12.04%,55500
IMMX,2023-03-23,2.16,2.2261,1.88,1.97,-0.17,-7.94%,813100
IMMX,2023-03-24,1.94,1.9925,1.79,1.83,-0.14,-7.11%,59400
IMMX,2023-03-27,1.81,1.88,1.72,1.86,0.03,+1.64%,24100
IMMX,2023-03-28,1.92,1.96,1.67,1.79,-0.07,-3.76%,84600
IMMX,2023-03-29,1.79,1.8199,1.71,1.78,-0.01,-0.56%,53800
IMMX,2023-03-30,1.68,1.81,1.64,1.72,-0.06,-3.37%,78600
IMMX,2023-03-31,1.76,1.8699,1.67,1.82,0.1,+5.81%,30100
IMMX,2023-04-03,1.83,1.89,1.78,1.88,0.06,+3.30%,49100
IMMX,2023-04-04,1.82,1.83,1.7001,1.74,-0.14,-7.45%,31300
IMMX,2023-04-05,1.72,1.74,1.6511,1.74,0,0.00%,12200
IMMX,2023-04-06,1.64,1.75,1.6356,1.72,-0.02,-1.15%,12000
IMMX,2023-04-10,1.71,1.76,1.68,1.72,0,0.00%,12300
IMMX,2023-04-11,1.7,1.7,1.66,1.66,-0.06,-3.49%,7600
IMMX,2023-04-12,1.67,1.77,1.6604,1.75,0.09,+5.42%,16200
IMMX,2023-04-13,1.68,1.77,1.6712,1.77,0.02,+1.14%,7000
IMMX,2023-04-14,1.77,1.85,1.7101,1.8017,0.0317,+1.79%,21600
IMMX,2023-04-17,1.53,1.79,1.51,1.73,-0.0717,-3.98%,41200
IMMX,2023-04-18,1.7678,1.91,1.7678,1.9,0.17,+9.83%,27900
IMMX,2023-04-19,1.84,1.851,1.8088,1.83,-0.07,-3.68%,16400
IMMX,2023-04-20,1.83,1.96,1.7604,1.88,0.05,+2.73%,29100
IMMX,2023-04-21,1.88,1.8899,1.8,1.87,-0.01,-0.53%,12400
IMMX,2023-04-24,1.82,1.86,1.79,1.79,-0.08,-4.28%,9900
IMMX,2023-04-25,1.8,1.96,1.711,1.92,0.13,+7.26%,32700
IMMX,2023-04-26,1.85,1.95,1.83,1.85,-0.07,-3.65%,1203100
IMMX,2023-04-27,2.1,2.39,2,2.3,0.45,+24.32%,3209500
IMMX,2023-04-28,2.25,2.49,2.16,2.47,0.17,+7.39%,933100
IMMX,2023-05-01,2.4,2.99,2.2,2.86,0.39,+15.79%,1061800
IMMX,2023-05-02,2.8,2.96,2.61,2.9,0.04,+1.40%,295100
IMMX,2023-05-03,2.68,2.8184,2.16,2.78,-0.12,-4.14%,1308600
IMMX,2023-05-04,2.85,2.945,2.5,2.7,-0.08,-2.88%,290200
IMMX,2023-05-05,2.59,2.75,2.55,2.68,-0.02,-0.74%,203700
IMMX,2023-05-08,2.65,2.65,2.35,2.37,-0.31,-11.57%,131300
IMMX,2023-05-09,2.3,2.47,2.3,2.34,-0.03,-1.27%,70400
IMMX,2023-05-10,2.41,2.4399,2.25,2.25,-0.09,-3.85%,183900
IMMX,2023-05-11,2.3,2.6399,2.1,2.19,-0.06,-2.67%,1041800
IMMX,2023-05-12,2.18,2.2,2.1,2.13,-0.06,-2.74%,137700
IMMX,2023-05-15,2.1,2.18,2,2.06,-0.07,-3.29%,118000
IMMX,2023-05-16,2,2.04,1.83,1.85,-0.21,-10.19%,196900
IMMX,2023-05-17,1.88,1.93,1.72,1.77,-0.08,-4.32%,142700
IMMX,2023-05-18,1.77,1.97,1.77,1.91,0.14,+7.91%,131000
IMMX,2023-05-19,1.95,2.08,1.6197,1.64,-0.27,-14.14%,340500
IMMX,2023-05-22,1.93,1.93,1.65,1.75,0.11,+6.71%,5030600
IMMX,2023-05-23,1.6,1.73,1.59,1.62,-0.13,-7.43%,373300
IMMX,2023-05-24,1.6,1.68,1.48,1.63,0.01,+0.62%,246800
IMMX,2023-05-25,1.58,1.62,1.53,1.6,-0.03,-1.84%,162000
IMMX,2023-05-26,1.45,1.7601,1.4,1.75,0.15,+9.38%,245300
IMMX,2023-05-30,2.12,2.12,1.95,2.06,0.31,+17.71%,1046700
IMMX,2023-05-31,2.05,2.11,1.98,2.02,-0.04,-1.94%,249700
IMMX,2023-06-01,2.07,2.08,1.98,1.99,-0.03,-1.49%,135000
IMMX,2023-06-02,2.19,2.19,1.99,2.04,0.05,+2.51%,150900
IMMX,2023-06-05,2.09,2.1,2,2.05,0.01,+0.49%,180400
IMMX,2023-06-06,2.05,2.08,2,2.04,-0.01,-0.49%,67600
IMMX,2023-06-07,2.04,2.05,1.92,1.97,-0.07,-3.43%,80400
IMMX,2023-06-08,2,2.03,1.92,2.03,0.06,+3.05%,46300
IMMX,2023-06-09,2.02,2.05,1.9644,1.99,-0.04,-1.97%,51100
IMMX,2023-06-12,2.05,2.05,1.94,2.01,0.02,+1.01%,75800
IMMX,2023-06-13,1.96,2.04,1.96,2.01,0,0.00%,572500
IMMX,2023-06-14,1.92,2.06,1.92,2.03,0.02,+1.00%,127200
IMMX,2023-06-15,2.05,2.37,2.03,2.36,0.33,+16.26%,271200
IMMX,2023-06-16,2.4,2.41,2.15,2.22,-0.14,-5.93%,188900
IMMX,2023-06-20,2.28,2.53,2.22,2.4,0.18,+8.11%,206000
IMMX,2023-06-21,2.5,2.68,2.4,2.64,0.24,+10.00%,208300
IMMX,2023-06-22,2.67,2.67,2.5,2.56,-0.08,-3.03%,114600
IMMX,2023-06-23,2.51,2.64,2.42,2.61,0.05,+1.95%,73600
IMMX,2023-06-26,2.55,2.6,2.38,2.43,-0.18,-6.90%,80400
IMMX,2023-06-27,2.51,2.57,2.35,2.44,0.01,+0.41%,93700
IMMX,2023-06-28,2.5,2.53,2.3801,2.41,-0.03,-1.23%,70000
IMMX,2023-06-29,2.5,2.85,2.44,2.73,0.32,+13.28%,328500
IMMX,2023-06-30,2.82,2.82,2.61,2.69,-0.04,-1.47%,123300
IMMX,2023-07-03,2.79,2.98,2.68,2.98,0.29,+10.78%,142000
IMMX,2023-07-05,2.97,2.97,2.69,2.79,-0.19,-6.38%,122900
IMMX,2023-07-06,2.83,2.83,2.47,2.59,-0.2,-7.17%,182000
IMMX,2023-07-07,2.53,2.59,2.14,2.24,-0.35,-13.51%,324800
IMMX,2023-07-10,2.33,2.46,2.2,2.29,0.05,+2.23%,212300
IMMX,2023-07-11,2.35,2.37,2.26,2.32,0.03,+1.31%,86100
IMMX,2023-07-12,2.32,2.3999,2.22,2.32,0,0.00%,91400
IMMX,2023-07-13,2.38,2.38,2.25,2.33,0.01,+0.43%,66900
IMMX,2023-07-14,2.34,2.34,2.28,2.29,-0.04,-1.72%,35700
IMMX,2023-07-17,2.21,2.71,2.025,2.15,-0.14,-6.11%,478900
IMMX,2023-07-18,2.13,2.23,2,2.04,-0.11,-5.12%,117700
IMMX,2023-07-19,2.03,2.13,2.03,2.08,0.04,+1.96%,30000
IMMX,2023-07-20,2.07,2.1795,2.0061,2.06,-0.02,-0.96%,105400
IMMX,2023-07-21,2.1,2.1,2,2.08,0.02,+0.97%,36000
IMMX,2023-07-24,2.04,2.1,2.04,2.07,-0.01,-0.48%,14900
IMMX,2023-07-25,2.04,2.145,2.03,2.05,-0.02,-0.97%,25700
IMMX,2023-07-26,2.05,2.1,2.01,2.04,-0.01,-0.49%,36500
IMMX,2023-07-27,2.05,2.1499,1.88,2.02,-0.02,-0.98%,166200
IMMX,2023-07-28,1.99,2.07,1.99,2.04,0.02,+0.99%,24000
IMMX,2023-07-31,2.03,2.09,2.0161,2.06,0.02,+0.98%,22800
IMMX,2023-08-01,2.09,2.1,2.024,2.05,-0.01,-0.49%,27500
IMMX,2023-08-02,2.03,2.06,1.95,2,-0.05,-2.44%,50000
IMMX,2023-08-03,2.01,2.05,2,2.02,0.02,+1.00%,10400
IMMX,2023-08-04,2.02,2.05,2,2.02,0,0.00%,6300
IMMX,2023-08-07,2.04,2.04,1.93,1.97,-0.05,-2.48%,44400
IMMX,2023-08-08,1.93,1.99,1.9,1.96,-0.01,-0.51%,53500
IMMX,2023-08-09,1.96,1.98,1.88,1.93,-0.03,-1.53%,34100
IMMX,2023-08-10,1.9,1.955,1.88,1.9,-0.03,-1.55%,23900
IMMX,2023-08-11,1.88,1.9,1.8,1.82,-0.08,-4.21%,38500
IMMX,2023-08-14,1.8,1.8899,1.79,1.83,0.01,+0.55%,51500
IMMX,2023-08-15,1.82,1.86,1.8,1.86,0.03,+1.64%,29900
IMMX,2023-08-16,1.88,1.92,1.75,1.77,-0.09,-4.84%,205200
IMMX,2023-08-17,1.79,1.79,1.55,1.63,-0.14,-7.91%,93800
IMMX,2023-08-18,1.59,1.79,1.58,1.73,0.1,+6.13%,107400
IMMX,2023-08-21,1.76,1.9899,1.76,1.97,0.24,+13.87%,93900
IMMX,2023-08-22,2,2,1.77,1.8,-0.17,-8.63%,76200
IMMX,2023-08-23,1.88,2.05,1.79,2,0.2,+11.11%,840100
IMMX,2023-08-24,2.01,2.04,1.94,2.04,0.04,+2.00%,91500
IMMX,2023-08-25,2.06,2.1,1.88,2.02,-0.02,-0.98%,111100
IMMX,2023-08-28,1.97,2.0499,1.9,1.97,-0.05,-2.48%,37600
IMMX,2023-08-29,1.97,2.0409,1.93,1.95,-0.02,-1.02%,50300
IMMX,2023-08-30,1.94,2,1.9301,1.99,0.04,+2.05%,36400
IMMX,2023-08-31,1.92,2.13,1.92,2.03,0.04,+2.01%,115000
IMMX,2023-09-01,2.01,2.44,2.01,2.29,0.26,+12.81%,362400
IMMX,2023-09-05,2.31,2.64,2.3097,2.45,0.16,+6.99%,299500
IMMX,2023-09-06,2.57,2.57,2.43,2.52,0.07,+2.86%,152600
IMMX,2023-09-07,2.5,2.5087,2.36,2.49,-0.03,-1.19%,81700
IMMX,2023-09-08,2.44,2.6207,2.41,2.61,0.12,+4.82%,109200
IMMX,2023-09-11,2.63,2.97,2.5702,2.84,0.23,+8.81%,274000
IMMX,2023-09-12,2.78,2.97,2.65,2.78,-0.06,-2.11%,261700
IMMX,2023-09-13,2.77,2.82,2.56,2.76,-0.02,-0.72%,72600
IMMX,2023-09-14,2.8,2.8,2.435,2.54,-0.22,-7.97%,189000
IMMX,2023-09-15,2.57,2.702,2.3408,2.67,0.13,+5.12%,152300
IMMX,2023-09-18,2.73,2.73,2.56,2.65,-0.02,-0.75%,54600
IMMX,2023-09-19,2.57,3.4,2.56,3.29,0.64,+24.15%,632200
IMMX,2023-09-20,3.26,3.26,2.8801,2.99,-0.3,-9.12%,189400
IMMX,2023-09-21,3.01,3.65,2.9315,3.45,0.46,+15.38%,535600
IMMX,2023-09-22,3.49,3.65,3.1,3.43,-0.02,-0.58%,222700
IMMX,2023-09-25,3.45,3.47,2.91,2.96,-0.47,-13.70%,153000
IMMX,2023-09-26,3.01,3.3391,2.9301,3.27,0.31,+10.47%,148600
IMMX,2023-09-27,3.28,3.79,3.2,3.51,0.24,+7.34%,343800
IMMX,2023-09-28,3.6,3.8,3.5,3.68,0.17,+4.84%,175700
IMMX,2023-09-29,3.73,3.73,3.25,3.42,-0.26,-7.07%,145100
IMMX,2023-10-02,3.55,4.5091,3.48,4.33,0.91,+26.61%,1583200
IMMX,2023-10-03,4.58,4.7999,3.87,4.56,0.23,+5.31%,992000
IMMX,2023-10-04,4.78,4.82,3.5623,3.8,-0.76,-16.67%,777500
IMMX,2023-10-05,3.9,4.16,3.41,3.75,-0.05,-1.32%,241100
IMMX,2023-10-06,3.8,3.95,3.58,3.84,0.09,+2.40%,126800
IMMX,2023-10-09,3.84,4,3.66,3.87,0.03,+0.78%,98900
IMMX,2023-10-10,3.95,4.05,3.56,3.66,-0.21,-5.43%,138800
IMMX,2023-10-11,3.5,3.7,3.27,3.46,-0.2,-5.46%,180400
IMMX,2023-10-12,3.37,3.4848,3.2158,3.25,-0.21,-6.07%,117000
IMMX,2023-10-13,3.22,3.26,2.86,2.985,-0.265,-8.15%,311500
IMMX,2023-10-16,2.93,3.1285,2.93,2.97,-0.015,-0.50%,143100
IMMX,2023-10-17,2.95,3.094,2.9,3,0.03,+1.01%,86700
IMMX,2023-10-18,2.96,3.02,2.77,2.88,-0.12,-4.00%,76700
IMMX,2023-10-19,2.87,2.945,2.79,2.82,-0.06,-2.08%,47600
IMMX,2023-10-20,2.8,3.02,2.8,2.95,0.13,+4.61%,60700
IMMX,2023-10-23,2.98,3.4699,2.95,3.45,0.5,+16.95%,245300
IMMX,2023-10-24,3.45,3.7995,3.38,3.78,0.33,+9.57%,209300
IMMX,2023-10-25,3.78,3.79,3.5064,3.74,-0.04,-1.06%,65100
IMMX,2023-10-26,3.75,3.93,3.5204,3.69,-0.05,-1.34%,206600
IMMX,2023-10-27,3.68,3.73,3.34,3.39,-0.3,-8.13%,129500
IMMX,2023-10-30,3.4,3.4,3.01,3.31,-0.08,-2.36%,84200
IMMX,2023-10-31,3.21,3.68,3.12,3.62,0.31,+9.37%,97700
IMMX,2023-11-01,3.66,3.66,3.31,3.32,-0.3,-8.29%,108500
IMMX,2023-11-02,3.29,3.515,3.29,3.51,0.19,+5.72%,35700
IMMX,2023-11-03,3.48,3.72,3.4087,3.57,0.06,+1.71%,138500
IMMX,2023-11-06,3.65,4.5898,3.63,4.31,0.74,+20.73%,747500
IMMX,2023-11-07,4.27,4.45,3.74,3.84,-0.47,-10.90%,231100
IMMX,2023-11-08,3.95,3.98,3.54,3.7,-0.14,-3.65%,207800
IMMX,2023-11-09,3.7,3.83,3.38,3.71,0.01,+0.27%,370900
IMMX,2023-11-10,3.71,4.25,3.62,4.19,0.48,+12.94%,361300
IMMX,2023-11-13,4.2,4.25,4.0003,4.25,0.06,+1.43%,82300
IMMX,2023-11-14,4.33,4.53,4.2001,4.4,0.15,+3.53%,169600
IMMX,2023-11-15,4.48,4.7,4.214,4.46,0.06,+1.36%,193400
IMMX,2023-11-16,4.46,4.75,4.38,4.45,-0.01,-0.22%,135900
IMMX,2023-11-17,4.39,4.44,4.25,4.36,-0.09,-2.02%,45400
IMMX,2023-11-20,4.44,4.56,4.2112,4.41,0.05,+1.15%,162700
IMMX,2023-11-21,4.37,4.85,4.0201,4.19,-0.22,-4.99%,274100
IMMX,2023-11-22,4.27,4.4342,4.04,4.4,0.21,+5.01%,130100
IMMX,2023-11-24,4.43,4.77,4.2801,4.77,0.37,+8.41%,238900
IMMX,2023-11-27,4.77,5.2,4.6708,5.01,0.24,+5.03%,270800
IMMX,2023-11-28,5.22,5.47,5.12,5.28,0.27,+5.39%,291500
IMMX,2023-11-29,5.3,5.3,4.6,5.08,-0.2,-3.79%,329100
IMMX,2023-11-30,5.02,5.19,4.91,5.11,0.03,+0.59%,108400
IMMX,2023-12-01,5.22,5.28,4.8,5.19,0.08,+1.57%,181600
IMMX,2023-12-04,5.21,5.2648,4.92,5.03,-0.16,-3.08%,79900
IMMX,2023-12-05,5,5.24,4.965,5.18,0.15,+2.98%,91600
IMMX,2023-12-06,5.26,5.26,4.7701,4.9,-0.28,-5.41%,132700
IMMX,2023-12-07,4.95,5.1099,4.9001,4.99,0.09,+1.84%,89300
IMMX,2023-12-08,5.02,5.02,4.6657,4.8,-0.19,-3.81%,144300
IMMX,2023-12-11,4.81,5.22,4.26,4.62,-0.18,-3.75%,534300
IMMX,2023-12-12,4.63,4.63,4.15,4.28,-0.34,-7.36%,171200
IMMX,2023-12-13,4.59,4.69,4.09,4.17,-0.11,-2.57%,212700
IMMX,2023-12-14,4.27,5.97,4.23,5.68,1.51,+36.21%,2316300
IMMX,2023-12-15,5.87,7.47,5.7,7.27,1.59,+27.99%,1782100
IMMX,2023-12-18,7.39,7.75,6.0056,6.62,-0.65,-8.94%,893200
IMMX,2023-12-19,6.62,6.96,6.6,6.61,-0.01,-0.15%,229100
IMMX,2023-12-20,6.61,7.2893,6.5962,6.71,0.1,+1.51%,363500
IMMX,2023-12-21,6.92,7.4,6.72,7.14,0.43,+6.41%,300400
IMMX,2023-12-22,7.26,7.5,7.04,7.19,0.05,+0.70%,201200
IMMX,2023-12-26,7.46,7.46,6.82,6.97,-0.22,-3.06%,343200
IMMX,2023-12-27,6.92,7.1246,6.6,6.94,-0.03,-0.43%,185800
IMMX,2023-12-28,6.94,7.1,6.65,6.71,-0.23,-3.31%,135300
IMMX,2023-12-29,6.56,7.07,6.56,6.92,0.21,+3.13%,165700
IMMX,2024-01-02,6.82,6.875,5.83,6.06,-0.86,-12.43%,269900
IMMX,2024-01-03,5.95,6.2936,5.76,6.1,0.04,+0.66%,193800
IMMX,2024-01-04,6.11,6.22,5.94,6.05,-0.05,-0.82%,75600
IMMX,2024-01-05,6.01,6.35,5.82,6.24,0.19,+3.14%,204000
IMMX,2024-01-08,6.37,6.87,6.28,6.68,0.44,+7.05%,258100
IMMX,2024-01-09,6.61,6.6699,6.23,6.37,-0.31,-4.64%,153400
IMMX,2024-01-10,6.41,6.5744,6.25,6.33,-0.04,-0.63%,85200
IMMX,2024-01-11,6.29,6.33,6.11,6.18,-0.15,-2.37%,66100
IMMX,2024-01-12,6.22,6.235,5.72,5.81,-0.37,-5.99%,191900
IMMX,2024-01-16,5.71,5.8157,5.21,5.44,-0.37,-6.37%,286500
IMMX,2024-01-17,5.32,5.86,5.32,5.62,0.18,+3.31%,166500
IMMX,2024-01-18,5.69,5.71,5.27,5.35,-0.27,-4.80%,92300
IMMX,2024-01-19,5.34,5.59,5.09,5.55,0.2,+3.74%,133000
IMMX,2024-01-22,5.54,5.73,5.2,5.27,-0.28,-5.05%,140700
IMMX,2024-01-23,5.31,5.39,4.46,4.7,-0.57,-10.82%,605800
IMMX,2024-01-24,4.61,5.3,4.56,4.68,-0.02,-0.43%,668700
IMMX,2024-01-25,4.57,4.635,3.7,3.74,-0.94,-20.09%,522000
IMMX,2024-01-26,3.75,3.96,3.53,3.83,0.09,+2.41%,323500
IMMX,2024-01-29,3.91,4.0099,3.54,3.58,-0.25,-6.53%,247800
IMMX,2024-01-30,3.55,3.8889,3.4,3.7,0.12,+3.35%,242100
IMMX,2024-01-31,3.68,4.05,3.49,3.82,0.12,+3.24%,355100
IMMX,2024-02-01,3.82,4.0199,3.82,3.89,0.07,+1.83%,123200
IMMX,2024-02-02,3.91,3.9688,3.7,3.77,-0.12,-3.08%,92800
IMMX,2024-02-05,3.78,3.8846,2.85,3.02,-0.75,-19.89%,547700
IMMX,2024-02-06,2.86,2.88,2.4,2.83,-0.19,-6.29%,2210900
IMMX,2024-02-07,2.75,3.07,2.73,3.03,0.2,+7.07%,729400
IMMX,2024-02-08,2.94,3.33,2.94,3.23,0.2,+6.60%,503900
IMMX,2024-02-09,3.29,3.48,3.13,3.24,0.01,+0.31%,497400
IMMX,2024-02-12,3.22,3.3,2.98,3.06,-0.18,-5.56%,354800
IMMX,2024-02-13,3.03,3.05,2.77,2.81,-0.25,-8.17%,324400
IMMX,2024-02-14,2.87,2.93,2.76,2.77,-0.04,-1.42%,243800
IMMX,2024-02-15,2.78,2.95,2.71,2.91,0.14,+5.05%,265800
IMMX,2024-02-16,2.97,3.28,2.9,3.19,0.28,+9.62%,343100
IMMX,2024-02-20,3.19,3.29,2.96,2.99,-0.2,-6.27%,340700
IMMX,2024-02-21,2.95,3.05,2.86,2.99,0,0.00%,310400
IMMX,2024-02-22,2.98,3.25,2.9201,3.06,0.07,+2.34%,208300
IMMX,2024-02-23,3.04,3.24,3.02,3.04,-0.02,-0.65%,88400
IMMX,2024-02-26,3.05,3.06,2.94,3.02,-0.02,-0.66%,144300
IMMX,2024-02-27,3.07,3.265,2.9901,3.26,0.24,+7.95%,396700
IMMX,2024-02-28,3.27,3.77,3.23,3.7,0.44,+13.50%,717500
IMMX,2024-02-29,3.75,3.799,3.32,3.35,-0.35,-9.46%,352700
IMMX,2024-03-01,3.36,3.71,3.36,3.5,0.15,+4.48%,247400
IMMX,2024-03-04,3.54,3.74,3.46,3.6,0.1,+2.86%,158400
IMMX,2024-03-05,3.59,3.64,3.27,3.31,-0.29,-8.06%,163400
IMMX,2024-03-06,3.3,3.42,3.24,3.38,0.07,+2.11%,284300
IMMX,2024-03-07,3.38,3.48,3.35,3.38,0,0.00%,152000
IMMX,2024-03-08,3.39,3.48,3.17,3.23,-0.15,-4.44%,199400
IMMX,2024-03-11,3.21,3.21,2.92,3.08,-0.15,-4.64%,175800
IMMX,2024-03-12,3.15,3.24,3.0201,3.1,0.02,+0.65%,131600
IMMX,2024-03-13,3.12,3.1899,3.03,3.08,-0.02,-0.65%,79900
IMMX,2024-03-14,3.04,3.105,2.79,2.84,-0.24,-7.79%,282400
IMMX,2024-03-15,2.81,2.8999,2.57,2.64,-0.2,-7.04%,459500
IMMX,2024-03-18,2.64,2.74,2.53,2.7,0.06,+2.27%,195200
IMMX,2024-03-19,2.68,2.81,2.58,2.76,0.06,+2.22%,105400
IMMX,2024-03-20,2.68,2.95,2.65,2.74,-0.02,-0.72%,130800
IMMX,2024-03-21,2.74,3.21,2.7101,3.04,0.3,+10.95%,207700
IMMX,2024-03-22,3.11,3.3,3.01,3.29,0.25,+8.22%,199800
IMMX,2024-03-25,3.28,3.3528,3.06,3.19,-0.1,-3.04%,118400
IMMX,2024-03-26,3.11,3.19,2.87,2.94,-0.25,-7.84%,104100
IMMX,2024-03-27,3,3.155,2.9967,3.07,0.13,+4.42%,48900
IMMX,2024-03-28,3.04,3.23,3,3.07,0,0.00%,94500
IMMX,2024-04-01,3.06,3.102,2.73,2.92,-0.15,-4.89%,281300
IMMX,2024-04-02,2.86,3.02,2.78,2.94,0.02,+0.68%,48300
IMMX,2024-04-03,2.88,3.13,2.87,3.06,0.12,+4.08%,88600
IMMX,2024-04-04,3.06,3.06,2.74,2.81,-0.25,-8.17%,161400
IMMX,2024-04-05,2.78,2.94,2.7,2.87,0.06,+2.14%,72400
IMMX,2024-04-08,2.99,2.99,2.61,2.86,-0.01,-0.35%,102100
IMMX,2024-04-09,2.85,2.95,2.79,2.84,-0.02,-0.70%,213200
IMMX,2024-04-10,2.81,2.9,2.727,2.88,0.04,+1.41%,112900
IMMX,2024-04-11,2.86,2.93,2.7301,2.89,0.01,+0.35%,119200
IMMX,2024-04-12,2.83,2.88,2.625,2.76,-0.13,-4.50%,134000
IMMX,2024-04-15,2.79,2.84,2.6502,2.66,-0.1,-3.62%,95300
IMMX,2024-04-16,2.61,2.68,2.525,2.57,-0.09,-3.38%,238800
IMMX,2024-04-17,2.66,2.73,2.04,2.5,-0.07,-2.72%,516300
IMMX,2024-04-18,2.51,2.55,2.2,2.21,-0.29,-11.60%,189300
IMMX,2024-04-19,2.25,2.33,2.18,2.19,-0.02,-0.90%,64000
IMMX,2024-04-22,2.2,2.21,1.94,2.13,-0.06,-2.74%,191800
IMMX,2024-04-23,2.14,2.35,2.08,2.3,0.17,+7.98%,79900
IMMX,2024-04-24,2.31,2.31,2.1,2.13,-0.17,-7.39%,59700
IMMX,2024-04-25,2.15,2.2899,2.02,2.1,-0.03,-1.41%,83100
IMMX,2024-04-26,2.08,2.25,2.0499,2.13,0.03,+1.43%,84800
IMMX,2024-04-29,2.12,2.3999,2.03,2.12,-0.01,-0.47%,227400
IMMX,2024-04-30,2.08,2.33,2.04,2.17,0.05,+2.36%,107200
IMMX,2024-05-01,2.2,2.25,2.08,2.17,0,0.00%,55800
IMMX,2024-05-02,2.21,2.37,2.11,2.31,0.14,+6.45%,88100
IMMX,2024-05-03,2.35,2.51,2.31,2.35,0.04,+1.73%,113300
IMMX,2024-05-06,2.35,2.5,2.26,2.33,-0.02,-0.85%,128300
IMMX,2024-05-07,2.3,2.33,2.15,2.21,-0.12,-5.15%,72000
IMMX,2024-05-08,2.2,2.2999,2.14,2.24,0.03,+1.36%,63400
IMMX,2024-05-09,2.25,2.2799,2.11,2.18,-0.06,-2.68%,143700
IMMX,2024-05-10,2.06,2.2999,1.95,2.18,0,0.00%,403500
IMMX,2024-05-13,2.15,2.22,2.13,2.16,-0.02,-0.92%,79400
IMMX,2024-05-14,2.13,2.3,2.13,2.2,0.04,+1.85%,91300
IMMX,2024-05-15,2.27,2.44,2.21,2.35,0.15,+6.82%,132100
IMMX,2024-05-16,2.36,2.4798,2.22,2.25,-0.1,-4.26%,53800
IMMX,2024-05-17,2.35,2.4746,2.25,2.47,0.22,+9.78%,96700
IMMX,2024-05-20,2.48,2.56,2.3972,2.52,0.05,+2.02%,70700
IMMX,2024-05-21,2.52,2.68,2.22,2.3,-0.22,-8.73%,186700
IMMX,2024-05-22,2.3,2.34,2.14,2.15,-0.15,-6.52%,87700
IMMX,2024-05-23,2.12,2.22,2.06,2.12,-0.03,-1.40%,125300
IMMX,2024-05-24,2.18,2.26,2.05,2.25,0.13,+6.13%,47700
IMMX,2024-05-28,2.44,2.45,2.25,2.31,0.06,+2.67%,97200
IMMX,2024-05-29,2.26,2.3,2.12,2.18,-0.13,-5.63%,145900
IMMX,2024-05-30,2.15,2.15,2.0501,2.09,-0.09,-4.13%,65200
IMMX,2024-05-31,2.09,2.15,2.05,2.11,0.02,+0.96%,39300
IMMX,2024-06-03,2.14,2.175,1.95,1.95,-0.16,-7.58%,112500
IMMX,2024-06-04,2,2,1.7503,1.81,-0.14,-7.18%,234500
IMMX,2024-06-05,1.88,2.18,1.8601,2.08,0.27,+14.92%,128900
IMMX,2024-06-06,2.05,2.115,1.9,2.06,-0.02,-0.96%,138000
IMMX,2024-06-07,2.01,2.15,2.01,2.03,-0.03,-1.46%,73100
IMMX,2024-06-10,2.03,2.09,2,2.07,0.04,+1.97%,52100
IMMX,2024-06-11,2.07,2.08,2.02,2.04,-0.03,-1.45%,34200
IMMX,2024-06-12,2.1,2.3,2.01,2.14,0.1,+4.90%,154700
IMMX,2024-06-13,2.12,2.17,2.011,2.08,-0.06,-2.80%,60100
IMMX,2024-06-14,2.01,2.26,2.01,2.06,-0.02,-0.96%,309000
IMMX,2024-06-17,2.05,2.25,2.03,2.05,-0.01,-0.49%,130800
IMMX,2024-06-18,2.04,2.17,2,2.01,-0.04,-1.95%,140100
IMMX,2024-06-20,2,2.0445,1.89,1.92,-0.09,-4.48%,84900
IMMX,2024-06-21,1.87,2.07,1.87,2.04,0.12,+6.25%,159000
IMMX,2024-06-24,2.05,2.33,2.01,2.28,0.24,+11.76%,168700
IMMX,2024-06-25,2.3,2.46,2.11,2.32,0.04,+1.75%,415900
IMMX,2024-06-26,2.3,2.34,2.12,2.2,-0.12,-5.17%,114800
IMMX,2024-06-27,2.2,2.3,2.12,2.13,-0.07,-3.18%,162300
IMMX,2024-06-28,2.13,2.1379,1.96,1.98,-0.15,-7.04%,166200
IMMX,2024-07-01,1.99,2.1799,1.97,2.12,0.14,+7.07%,109700
IMMX,2024-07-02,2.11,2.12,1.9,1.96,-0.16,-7.55%,129800
IMMX,2024-07-03,2.03,2.48,2.0201,2.45,0.49,+25.00%,779300
IMMX,2024-07-05,2.48,2.5198,2.2011,2.36,-0.09,-3.67%,135200
IMMX,2024-07-08,2.41,2.41,2.1501,2.16,-0.2,-8.47%,110200
IMMX,2024-07-09,2.23,2.33,2.16,2.2,0.04,+1.85%,110600
IMMX,2024-07-10,2.2,2.2002,1.98,2.04,-0.16,-7.27%,374000
IMMX,2024-07-11,2.04,2.115,2,2.01,-0.03,-1.47%,181100
IMMX,2024-07-12,2.05,2.12,1.95,2.11,0.1,+4.98%,343200
IMMX,2024-07-15,2.08,2.13,2.02,2.04,-0.07,-3.32%,39600
IMMX,2024-07-16,2.05,2.08,1.95,2.05,0.01,+0.49%,119200
IMMX,2024-07-17,2.03,2.21,1.9601,2.18,0.13,+6.34%,224500
IMMX,2024-07-18,2.25,2.25,2.02,2.05,-0.13,-5.96%,92400
IMMX,2024-07-19,2.04,2.26,2.04,2.08,0.03,+1.46%,118500
IMMX,2024-07-22,2.09,2.24,2.05,2.19,0.11,+5.29%,97600
IMMX,2024-07-23,2.17,2.209,2.1,2.1,-0.09,-4.11%,24000
IMMX,2024-07-24,2.1,2.17,2.06,2.06,-0.04,-1.90%,64900
IMMX,2024-07-25,2.06,2.18,2.05,2.15,0.09,+4.37%,58700
IMMX,2024-07-26,2.16,2.3,2.1507,2.24,0.09,+4.19%,125500
IMMX,2024-07-29,2.25,2.27,2.1,2.11,-0.13,-5.80%,52100
IMMX,2024-07-30,2.12,2.32,2.08,2.25,0.14,+6.64%,178100
IMMX,2024-07-31,2.21,2.21,2.07,2.07,-0.18,-8.00%,79100
IMMX,2024-08-01,2.11,2.17,2,2.08,0.01,+0.48%,117100
IMMX,2024-08-02,2.03,2.33,2.03,2.14,0.06,+2.88%,940400
IMMX,2024-08-05,2.14,2.34,2.0399,2.18,0.04,+1.87%,334200
IMMX,2024-08-06,2.26,2.26,2.1,2.15,-0.03,-1.38%,94900
IMMX,2024-08-07,2.16,2.23,2,2.04,-0.11,-5.12%,317800
IMMX,2024-08-08,2.06,2.1,1.98,2,-0.04,-1.96%,150200
IMMX,2024-08-09,2.03,2.0499,1.95,1.95,-0.05,-2.50%,186300
IMMX,2024-08-12,1.95,1.98,1.83,1.85,-0.1,-5.13%,119600
IMMX,2024-08-13,1.85,1.96,1.8305,1.86,0.01,+0.54%,82400
IMMX,2024-08-14,1.85,1.91,1.85,1.91,0.05,+2.69%,55300
IMMX,2024-08-15,1.95,1.95,1.86,1.89,-0.02,-1.05%,62800
IMMX,2024-08-16,1.89,1.915,1.8,1.9,0.01,+0.53%,78100
IMMX,2024-08-19,1.9,2.09,1.9,2.09,0.19,+10.00%,145400
IMMX,2024-08-20,2.09,2.2,2.07,2.17,0.08,+3.83%,199800
IMMX,2024-08-21,2.18,2.32,2.1213,2.28,0.11,+5.07%,216800
IMMX,2024-08-22,2.3,2.3235,2.1101,2.21,-0.07,-3.07%,49600
IMMX,2024-08-23,2.12,2.245,2.12,2.15,-0.06,-2.71%,38900
IMMX,2024-08-26,2.14,2.2,2.1185,2.16,0.01,+0.47%,34500
IMMX,2024-08-27,2.2,2.24,2.13,2.18,0.02,+0.93%,49600
IMMX,2024-08-28,2.3,2.44,2.14,2.22,0.04,+1.83%,359400
IMMX,2024-08-29,2.21,2.2619,2.1,2.12,-0.1,-4.50%,39400
IMMX,2024-08-30,2.11,2.2,2.09,2.14,0.02,+0.94%,71500
IMMX,2024-09-03,2.11,2.1899,2.04,2.04,-0.1,-4.67%,49100
IMMX,2024-09-04,2.06,2.11,2.01,2.013,-0.027,-1.32%,50800
IMMX,2024-09-05,2.025,2.138,2.01,2.1,0.087,+4.32%,50700
IMMX,2024-09-06,2.1099,2.14,1.95,1.97,-0.13,-6.19%,147500
IMMX,2024-09-09,2,2.04,1.94,1.97,0,0.00%,45100
IMMX,2024-09-10,2.02,2.02,1.84,1.9,-0.07,-3.55%,163900
IMMX,2024-09-11,1.91,1.9101,1.8,1.86,-0.04,-2.11%,65600
IMMX,2024-09-12,1.86,1.9347,1.81,1.813,-0.047,-2.53%,39500
IMMX,2024-09-13,1.87,1.88,1.84,1.86,0.047,+2.59%,41400
IMMX,2024-09-16,1.9,1.95,1.81,1.85,-0.01,-0.54%,31500
IMMX,2024-09-17,1.81,1.95,1.81,1.81,-0.04,-2.16%,87400
IMMX,2024-09-18,1.82,1.88,1.78,1.78,-0.03,-1.66%,80000
IMMX,2024-09-19,1.83,1.8692,1.755,1.77,-0.01,-0.56%,75100
IMMX,2024-09-20,1.78,1.84,1.7433,1.8,0.03,+1.69%,96600
IMMX,2024-09-23,1.79,1.8237,1.64,1.68,-0.12,-6.67%,171800
IMMX,2024-09-24,1.68,1.72,1.6,1.64,-0.04,-2.38%,139400
IMMX,2024-09-25,1.62,1.69,1.6001,1.65,0.01,+0.61%,57300
IMMX,2024-09-26,1.62,1.65,1.52,1.59,-0.06,-3.64%,149400
IMMX,2024-09-27,1.59,1.59,1.54,1.56,-0.03,-1.89%,51800
IMMX,2024-09-30,1.54,1.56,1.429,1.49,-0.07,-4.49%,161600
IMMX,2024-10-01,1.47,1.54,1.45,1.48,-0.01,-0.67%,64200
IMMX,2024-10-02,1.5,1.505,1.435,1.46,-0.02,-1.35%,329500
IMMX,2024-10-03,1.48,1.49,1.32,1.34,-0.12,-8.22%,179900
IMMX,2024-10-04,1.34,1.66,1.26,1.63,0.29,+21.64%,471900
IMMX,2024-10-07,1.67,1.8,1.41,1.45,-0.18,-11.04%,364300
IMMX,2024-10-08,1.51,1.67,1.49,1.53,0.08,+5.52%,209900
IMMX,2024-10-09,1.53,1.59,1.44,1.54,0.01,+0.65%,77700
IMMX,2024-10-10,1.53,1.55,1.36,1.38,-0.16,-10.39%,95800
IMMX,2024-10-11,1.36,1.4989,1.36,1.45,0.07,+5.07%,70300
IMMX,2024-10-14,1.46,1.5099,1.38,1.38,-0.07,-4.83%,79400
IMMX,2024-10-15,1.37,1.54,1.36,1.46,0.08,+5.80%,245900
IMMX,2024-10-16,1.46,1.5057,1.3901,1.44,-0.02,-1.37%,99500
IMMX,2024-10-17,1.46,1.99,1.46,1.69,0.25,+17.36%,383500
IMMX,2024-10-18,1.75,1.7895,1.7,1.72,0.03,+1.78%,111000
IMMX,2024-10-21,1.72,1.75,1.58,1.6,-0.12,-6.98%,83400
IMMX,2024-10-22,1.58,1.67,1.5297,1.65,0.05,+3.13%,67300
IMMX,2024-10-23,1.66,1.66,1.57,1.63,-0.02,-1.21%,54300
IMMX,2024-10-24,1.64,1.65,1.58,1.59,-0.04,-2.45%,40500
IMMX,2024-10-25,1.6,1.67,1.56,1.66,0.07,+4.40%,128700
IMMX,2024-10-28,1.69,1.77,1.62,1.68,0.02,+1.20%,52700
IMMX,2024-10-29,1.66,1.76,1.6293,1.71,0.03,+1.79%,78300
IMMX,2024-10-30,1.66,1.71,1.62,1.65,-0.06,-3.51%,51700
IMMX,2024-10-31,1.66,1.66,1.57,1.6,-0.05,-3.03%,49000
IMMX,2024-11-01,1.66,1.66,1.55,1.59,-0.01,-0.63%,29500
IMMX,2024-11-04,1.57,1.617,1.54,1.58,-0.01,-0.63%,28300
IMMX,2024-11-05,1.58,1.6,1.48,1.6,0.02,+1.27%,65900
IMMX,2024-11-06,1.64,1.65,1.5722,1.6,0,0.00%,91500
IMMX,2024-11-07,1.56,1.78,1.525,1.75,0.15,+9.38%,90900
IMMX,2024-11-08,1.75,1.95,1.7,1.86,0.11,+6.29%,167600
IMMX,2024-11-11,1.91,1.91,1.7533,1.77,-0.09,-4.84%,70300
IMMX,2024-11-12,1.76,1.78,1.69,1.72,-0.05,-2.82%,39200
IMMX,2024-11-13,1.69,1.74,1.545,1.57,-0.15,-8.72%,57700
IMMX,2024-11-14,1.59,1.66,1.57,1.62,0.05,+3.18%,36300
IMMX,2024-11-15,1.61,1.64,1.5429,1.59,-0.03,-1.85%,57100
IMMX,2024-11-18,1.58,1.8,1.58,1.69,0.1,+6.29%,113300
IMMX,2024-11-19,1.67,1.775,1.654,1.7,0.01,+0.59%,91600
IMMX,2024-11-20,1.7,1.93,1.645,1.82,0.12,+7.06%,441900
IMMX,2024-11-21,1.8,1.89,1.65,1.68,-0.14,-7.69%,373200
IMMX,2024-11-22,1.69,1.79,1.6,1.79,0.11,+6.55%,249300
IMMX,2024-11-25,1.8,1.89,1.71,1.72,-0.07,-3.91%,270844
IMMX,2024-11-26,1.71,1.7801,1.64,1.65,-0.07,-4.07%,257326
IMMX,2024-11-27,1.65,2.2,1.6001,1.97,0.32,+19.39%,700100
IMMX,2024-11-29,2.06,2.3,2.06,2.11,0.14,+7.11%,368900
IMMX,2024-12-02,2.02,2.28,1.9984,2.01,-0.1,-4.74%,264700
IMMX,2024-12-03,1.99,2.24,1.99,2.24,0.23,+11.44%,249400
IMMX,2024-12-04,2.21,2.34,2.11,2.31,0.07,+3.13%,193000
IMMX,2024-12-05,2.37,2.609,2.3457,2.52,0.21,+9.09%,276400
IMMX,2024-12-06,2.53,2.71,2.13,2.54,0.02,+0.79%,515200
IMMX,2024-12-09,2.54,2.66,2.49,2.54,0,0.00%,190900
IMMX,2024-12-10,2.52,2.6,2.052,2.19,-0.35,-13.78%,269600
IMMX,2024-12-11,2.29,2.3799,2.15,2.32,0.13,+5.94%,136200
IMMX,2024-12-12,2.29,2.4,2.12,2.13,-0.19,-8.19%,203900
IMMX,2024-12-13,2.11,2.2,2.02,2.04,-0.09,-4.23%,51100
IMMX,2024-12-16,2.04,2.2,1.8883,1.95,-0.09,-4.41%,193900
IMMX,2024-12-17,1.88,2.33,1.88,2.29,0.34,+17.44%,293000
IMMX,2024-12-18,2.29,2.35,2.1,2.1,-0.19,-8.30%,174000
IMMX,2024-12-19,2.1,2.44,1.88,2.22,0.12,+5.71%,451900
IMMX,2024-12-20,2.22,2.32,2.09,2.17,-0.05,-2.25%,79900
IMMX,2024-12-23,2.16,2.28,2.04,2.18,0.01,+0.46%,203800
IMMX,2024-12-24,2.18,2.28,2.08,2.18,0,0.00%,94500
IMMX,2024-12-26,2.19,2.19,2.05,2.1,-0.08,-3.67%,55600
IMMX,2024-12-27,2.21,2.3,2.03,2.24,0.14,+6.67%,193900
IMMX,2024-12-30,2.18,2.483,2.1402,2.36,0.12,+5.36%,191700
IMMX,2024-12-31,2.29,2.46,2.17,2.2,-0.16,-6.78%,448800
IMMX,2025-01-02,2.21,2.2814,2.16,2.2,0,0.00%,89200
IMMX,2025-01-03,2.2,2.35,2.15,2.35,0.15,+6.82%,70900
IMMX,2025-01-06,2.4,2.49,2.2506,2.3,-0.05,-2.13%,91500
IMMX,2025-01-07,2.31,2.38,2.24,2.28,-0.02,-0.87%,47200
IMMX,2025-01-08,2.26,2.3,2.175,2.25,-0.03,-1.32%,74200
IMMX,2025-01-10,2.18,2.26,2.1,2.1,-0.15,-6.67%,87300
IMMX,2025-01-13,2.13,2.19,2.05,2.12,0.02,+0.95%,69600
IMMX,2025-01-14,2.13,2.15,2,2,-0.12,-5.66%,51600
IMMX,2025-01-15,2,2.11,2,2.02,0.02,+1.00%,59500
IMMX,2025-01-16,2.05,2.1001,1.9604,2.06,0.04,+1.98%,54100
IMMX,2025-01-17,2.08,2.08,1.9002,2.04,-0.02,-0.97%,121500
IMMX,2025-01-21,2.07,2.07,1.89,1.97,-0.07,-3.43%,104500
IMMX,2025-01-22,2,2.02,1.9,1.98,0.01,+0.51%,73500
IMMX,2025-01-23,1.95,2.1,1.92,2.05,0.07,+3.54%,102200
IMMX,2025-01-24,2.05,2.115,2.0001,2.05,0,0.00%,126800
IMMX,2025-01-27,2.04,2.09,1.91,1.923,-0.127,-6.20%,73000
IMMX,2025-01-28,1.93,2.07,1.93,2.05,0.127,+6.60%,157700
IMMX,2025-01-29,2.03,2.06,1.96,2.06,0.01,+0.49%,45300
IMMX,2025-01-30,2.06,2.06,1.96,1.97,-0.09,-4.37%,81500
IMMX,2025-01-31,2,2,1.83,1.94,-0.03,-1.52%,129100
IMMX,2025-02-03,1.87,1.98,1.8301,1.95,0.01,+0.52%,45300
IMMX,2025-02-04,1.97,2.01,1.9,1.97,0.02,+1.03%,49800
IMMX,2025-02-05,2,2.03,1.9505,2.02,0.05,+2.54%,40900
IMMX,2025-02-06,2.02,2.05,1.98,2.02,0,0.00%,32200
IMMX,2025-02-07,2.03,2.07,1.97,2.01,-0.01,-0.50%,85600
IMMX,2025-02-10,1.96,2.1399,1.92,1.97,-0.04,-1.99%,285400
IMMX,2025-02-11,1.98,2,1.87,1.97,0,0.00%,72000
IMMX,2025-02-12,1.96,2.01,1.94,1.99,0.02,+1.02%,63600
IMMX,2025-02-13,2.01,2.01,1.9503,1.99,0,0.00%,54300
IMMX,2025-02-14,2,2,1.85,1.98,-0.01,-0.50%,64800
IMMX,2025-02-18,1.99,1.9999,1.87,1.93,-0.05,-2.53%,58900
IMMX,2025-02-19,1.9,1.96,1.83,1.88,-0.05,-2.59%,65400
IMMX,2025-02-20,1.9,1.9,1.76,1.78,-0.1,-5.32%,57100
IMMX,2025-02-21,1.8,1.819,1.7,1.76,-0.02,-1.12%,80300
IMMX,2025-02-24,1.77,1.79,1.66,1.72,-0.04,-2.27%,55600
IMMX,2025-02-25,1.75,1.84,1.61,1.63,-0.09,-5.23%,102200
IMMX,2025-02-26,1.65,1.7,1.63,1.64,0.01,+0.61%,35800
IMMX,2025-02-27,1.64,1.7,1.5733,1.58,-0.06,-3.66%,19200
IMMX,2025-02-28,1.59,1.8,1.5599,1.78,0.2,+12.66%,113100
IMMX,2025-03-03,1.8,1.8395,1.61,1.62,-0.16,-8.99%,85100
IMMX,2025-03-04,1.6,1.685,1.55,1.63,0.01,+0.62%,72300
IMMX,2025-03-05,1.63,1.69,1.63,1.67,0.04,+2.45%,50100
IMMX,2025-03-06,1.63,1.68,1.6001,1.65,-0.02,-1.20%,29600
IMMX,2025-03-07,1.63,1.64,1.5061,1.52,-0.13,-7.88%,58200
IMMX,2025-03-10,1.6,1.65,1.54,1.56,0.04,+2.63%,48100
IMMX,2025-03-11,1.55,1.68,1.55,1.64,0.08,+5.13%,28400
IMMX,2025-03-12,1.66,1.68,1.58,1.63,-0.01,-0.61%,38500
IMMX,2025-03-13,1.62,1.62,1.58,1.58,-0.05,-3.07%,11900
IMMX,2025-03-14,1.6625,1.68,1.6103,1.65,0.07,+4.43%,51500
IMMX,2025-03-17,1.66,1.75,1.66,1.73,0.08,+4.85%,38500
IMMX,2025-03-18,1.76,1.97,1.73,1.93,0.2,+11.56%,83700
IMMX,2025-03-19,1.99,2.0591,1.9,1.95,0.02,+1.04%,101200
IMMX,2025-03-20,1.95,2.0486,1.75,1.82,-0.13,-6.67%,69200
IMMX,2025-03-21,1.79,1.87,1.71,1.8,-0.02,-1.10%,34300
IMMX,2025-03-24,1.79,1.82,1.77,1.82,0.02,+1.11%,14900
IMMX,2025-03-25,1.815,1.9,1.7498,1.85,0.03,+1.65%,23600
IMMX,2025-03-26,1.88,1.88,1.75,1.83,-0.02,-1.08%,12300
IMMX,2025-03-27,1.82,1.82,1.64,1.71,-0.12,-6.56%,57800
IMMX,2025-03-28,1.75,1.795,1.66,1.7,-0.01,-0.58%,24100
IMMX,2025-03-31,1.68,1.75,1.36,1.68,-0.02,-1.18%,112300
IMMX,2025-04-01,1.69,1.744,1.55,1.61,-0.07,-4.17%,49500
IMMX,2025-04-02,1.57,1.72,1.57,1.65,0.04,+2.48%,33000
IMMX,2025-04-03,1.58,1.686,1.57,1.58,-0.07,-4.24%,18600
IMMX,2025-04-04,1.58,1.65,1.5,1.5,-0.08,-5.06%,33500
IMMX,2025-04-07,1.49,1.624,1.45,1.51,0.01,+0.67%,47500
IMMX,2025-04-08,1.56,1.56,1.34,1.36,-0.15,-9.93%,109900
IMMX,2025-04-09,1.4,1.57,1.4,1.56,0.2,+14.71%,58600
IMMX,2025-04-10,1.485,1.49,1.395,1.463,-0.097,-6.22%,30300
IMMX,2025-04-11,1.46,1.64,1.3601,1.565,0.102,+6.97%,49100
IMMX,2025-04-14,1.6092,1.75,1.5603,1.63,0.065,+4.15%,57200
IMMX,2025-04-15,1.66,1.75,1.6408,1.68,0.05,+3.07%,19300
IMMX,2025-04-16,1.65,1.74,1.57,1.57,-0.11,-6.55%,29900
IMMX,2025-04-17,1.6,1.6894,1.6,1.64,0.07,+4.46%,16500
IMMX,2025-04-21,1.65,1.7,1.6213,1.66,0.02,+1.22%,14100
IMMX,2025-04-22,1.635,1.7187,1.6101,1.71,0.05,+3.01%,22100
IMMX,2025-04-23,1.735,1.7892,1.6424,1.71,0,0.00%,42400
IMMX,2025-04-24,1.7315,1.75,1.6601,1.75,0.04,+2.34%,23300
IMMX,2025-04-25,1.7042,1.8842,1.7,1.87,0.12,+6.86%,68200
IMMX,2025-04-28,1.84,1.943,1.78,1.94,0.07,+3.74%,108600
IMMX,2025-04-29,1.9451,2.04,1.895,2.02,0.08,+4.12%,73900
IMMX,2025-04-30,2,2.12,1.99,2.11,0.09,+4.46%,115500
IMMX,2025-05-01,2.11,2.3202,2.039,2.04,-0.07,-3.32%,278000
IMMX,2025-05-02,2.15,2.27,2.0617,2.095,0.055,+2.70%,59600
IMMX,2025-05-05,2.12,2.1375,1.98,2.03,-0.065,-3.10%,43000
IMMX,2025-05-06,1.99,2.1,1.92,1.95,-0.08,-3.94%,41700
IMMX,2025-05-07,2,2.15,1.96,2.12,0.17,+8.72%,25100
IMMX,2025-05-08,2.05,2.25,2.05,2.145,0.025,+1.18%,56200
IMMX,2025-05-09,2.1,2.2196,2.04,2.09,-0.055,-2.56%,47400
IMMX,2025-05-12,2.1,2.11,2.06,2.09,0,0.00%,53000
IMMX,2025-05-13,2.1499,2.1499,1.95,1.98,-0.11,-5.26%,48800
IMMX,2025-05-14,1.94,2.0796,1.94,1.98,0,0.00%,44000
IMMX,2025-05-15,1.99,2.095,1.99,2.09,0.11,+5.56%,55900
IMMX,2025-05-16,2.1,2.1299,2.06,2.06,-0.03,-1.44%,25300
IMMX,2025-05-19,2.06,2.15,2.02,2.11,0.05,+2.43%,100700
IMMX,2025-05-20,2.0118,2.1473,2.0118,2.11,0,0.00%,35100
IMMX,2025-05-21,2.08,2.1495,2.07,2.09,-0.02,-0.95%,67800
IMMX,2025-05-22,2.06,2.5,2.06,2.41,0.32,+15.31%,4040300
IMMX,2025-05-23,2.1,2.14,1.9,1.99,-0.42,-17.43%,1141400
IMMX,2025-05-27,2.04,2.04,1.9601,1.97,-0.02,-1.01%,382100
IMMX,2025-05-28,2,2.01,1.94,1.95,-0.02,-1.02%,201300
IMMX,2025-05-29,1.96,2.26,1.89,2.25,0.3,+15.38%,428300
IMMX,2025-05-30,2.24,2.47,2.24,2.34,0.09,+4.00%,304900
IMMX,2025-06-02,2.39,2.62,2.35,2.6,0.26,+11.11%,312400
IMMX,2025-06-03,2.62,3,1.87,2.11,-0.49,-18.85%,1699500
IMMX,2025-06-04,2.07,2.13,1.93,2.06,-0.05,-2.37%,576400
IMMX,2025-06-05,2.08,2.22,2.07,2.19,0.13,+6.31%,294900
IMMX,2025-06-06,2.2,2.405,2.11,2.37,0.18,+8.22%,186000
IMMX,2025-06-09,2.4,2.55,2.285,2.34,-0.03,-1.27%,329400
IMMX,2025-06-10,2.32,2.43,2.2805,2.41,0.07,+2.99%,113500
IMMX,2025-06-11,2.42,2.65,2.34,2.43,0.02,+0.83%,249000
IMMX,2025-06-12,2.42,2.53,2.36,2.49,0.06,+2.47%,67600
IMMX,2025-06-13,2.45,2.5,2.33,2.35,-0.14,-5.62%,48400
IMMX,2025-06-16,2.36,2.4,2.31,2.4,0.05,+2.13%,41900
IMMX,2025-06-17,2.41,2.4591,2.26,2.28,-0.12,-5.00%,55700
IMMX,2025-06-18,2.29,2.45,2.2008,2.39,0.11,+4.82%,193900
IMMX,2025-06-20,2.4,2.4466,2.24,2.24,-0.15,-6.28%,139300
IMMX,2025-06-23,2.29,2.43,2.17,2.23,-0.01,-0.45%,130300
IMMX,2025-06-24,2.16,2.3023,2.16,2.24,0.01,+0.45%,58100
IMMX,2025-06-25,2.24,2.28,2.18,2.215,-0.025,-1.12%,89000
IMMX,2025-06-26,2.2,2.29,2.2,2.24,0.025,+1.13%,166200
IMMX,2025-06-27,2.3,2.31,2.05,2.17,-0.07,-3.13%,171300
IMMX,2025-06-30,2.19,2.2,2.05,2.07,-0.1,-4.61%,121400
IMMX,2025-07-01,2.1,2.22,2.1,2.19,0.12,+5.80%,141500
IMMX,2025-07-02,2.19,2.45,2.15,2.41,0.22,+10.05%,218500
IMMX,2025-07-03,2.43,2.59,2.42,2.55,0.14,+5.81%,101800
IMMX,2025-07-07,2.6,2.65,2.4501,2.62,0.07,+2.75%,157700
IMMX,2025-07-08,2.62,2.71,2.5604,2.66,0.04,+1.53%,144400
IMMX,2025-07-09,2.68,2.76,2.61,2.75,0.09,+3.38%,172000
IMMX,2025-07-10,2.73,2.8,2.67,2.71,-0.04,-1.45%,235700
IMMX,2025-07-11,2.7,2.74,2.61,2.65,-0.06,-2.21%,286900
IMMX,2025-07-14,2.65,2.9,2.65,2.89,0.24,+9.06%,168300
IMMX,2025-07-15,2.9,3.09,2.73,2.76,-0.13,-4.50%,217700
IMMX,2025-07-16,2.82,3,2.76,2.95,0.19,+6.88%,213900
IMMX,2025-07-17,2.95,3.12,2.91,2.92,-0.03,-1.02%,348600
IMMX,2025-07-18,2.91,3.04,2.91,2.97,0.05,+1.71%,278800
IMMX,2025-07-21,3.01,3.0993,2.95,2.99,0.02,+0.67%,306400
IMMX,2025-07-22,3,3.04,2.8,2.85,-0.14,-4.68%,156600
IMMX,2025-07-23,2.91,3.2,2.735,2.9,0.05,+1.75%,371000
IMMX,2025-07-24,2.9,2.9,2.74,2.79,-0.11,-3.79%,111500
IMMX,2025-07-25,2.78,2.9,2.68,2.71,-0.08,-2.87%,155100
IMMX,2025-07-28,2.76,2.89,2.68,2.72,0.01,+0.37%,245800
IMMX,2025-07-29,2.75,2.8886,2.6313,2.7,-0.02,-0.74%,253600
IMMX,2025-07-30,2.7,2.8325,2.655,2.75,0.05,+1.85%,287200
IMMX,2025-07-31,2.74,2.81,2.71,2.72,-0.03,-1.09%,120100
IMMX,2025-08-01,2.72,2.79,2.63,2.65,-0.07,-2.57%,181000
IMMX,2025-08-04,2.71,2.775,2.5,2.54,-0.11,-4.15%,252600
IMMX,2025-08-05,2.58,2.92,2.57,2.85,0.31,+12.20%,723300
IMMX,2025-08-06,2.95,2.95,2.53,2.595,-0.255,-8.95%,519000
IMMX,2025-08-07,2.62,2.67,2.35,2.39,-0.205,-7.90%,366800
IMMX,2025-08-08,2.4,2.4667,2.35,2.39,0,0.00%,118000
IMMX,2025-08-11,2.39,2.49,2.25,2.32,-0.07,-2.93%,193200
IMMX,2025-08-12,2.32,2.3301,2.2427,2.3,-0.02,-0.86%,95000
IMMX,2025-08-13,2.3,2.5,2.29,2.33,0.03,+1.30%,463100
IMMX,2025-08-14,2.3,2.3682,2.15,2.19,-0.14,-6.01%,135400
IMMX,2025-08-15,2.2,2.3094,2.19,2.27,0.08,+3.65%,119500
IMMX,2025-08-18,2.27,2.3597,2.22,2.3,0.03,+1.32%,83300
IMMX,2025-08-19,2.29,2.37,2.18,2.19,-0.11,-4.78%,182900
IMMX,2025-08-20,2.19,2.21,2.11,2.19,0,0.00%,102700
IMMX,2025-08-21,2.18,2.39,2.16,2.28,0.09,+4.11%,496600
IMMX,2025-08-22,2.28,2.32,2.17,2.19,-0.09,-3.95%,175300
IMMX,2025-08-25,2.15,2.19,2.08,2.1,-0.09,-4.11%,189500
IMMX,2025-08-26,2.13,2.1586,2.0727,2.12,0.02,+0.95%,152100
IMMX,2025-08-27,2.12,2.16,1.96,1.96,-0.16,-7.55%,451700
IMMX,2025-08-28,1.99,2.35,1.98,2.29,0.33,+16.84%,438400
IMMX,2025-08-29,2.298,2.34,2.185,2.22,-0.07,-3.06%,148400
IMMX,2025-09-02,2.21,2.31,2.1609,2.28,0.06,+2.70%,76000
IMMX,2025-09-03,2.28,2.34,2.18,2.22,-0.06,-2.63%,59900
IMMX,2025-09-04,2.21,2.24,2.16,2.19,-0.03,-1.35%,79800
IMMX,2025-09-05,2.2,2.29,2.11,2.15,-0.04,-1.83%,199200
IMMX,2025-09-08,2.19,2.21,2.0894,2.17,0.02,+0.93%,140600
IMMX,2025-09-09,2.22,2.34,2.19,2.28,0.11,+5.07%,182500
IMMX,2025-09-10,2.26,2.3273,2.175,2.19,-0.09,-3.95%,63500
IMMX,2025-09-11,2.2,2.3047,2.15,2.22,0.03,+1.37%,124300
IMMX,2025-09-12,2.22,2.22,2.1,2.1,-0.12,-5.41%,184800
IMMX,2025-09-15,2.1,2.1,2.0165,2.09,-0.01,-0.48%,201500
IMMX,2025-09-16,2.1,2.1,1.96,2,-0.09,-4.31%,173100
IMMX,2025-09-17,2.01,2.04,1.94,1.96,-0.04,-2.00%,130800
IMMX,2025-09-18,2.09,2.1949,2.07,2.09,0.13,+6.63%,205600
IMMX,2025-09-19,2.22,2.2533,2.09,2.19,0.1,+4.78%,575200
IMMX,2025-09-22,2.15,2.25,2.12,2.24,0.05,+2.28%,91700
IMMX,2025-09-23,2.25,2.2903,2.03,2.05,-0.19,-8.48%,156900
IMMX,2025-09-24,2.08,2.1683,2.01,2.05,0,0.00%,89900
IMMX,2025-09-25,2.07,2.1,1.98,2.04,-0.01,-0.49%,134700
IMMX,2025-09-26,2.05,2.09,1.99,2.08,0.04,+1.96%,183300
IMMX,2025-09-29,2.08,2.1228,2.01,2.08,0,0.00%,109100
IMMX,2025-09-30,2.06,2.1,2.01,2.09,0.01,+0.48%,130900
IMMX,2025-10-01,2.07,2.15,2.06,2.08,-0.01,-0.48%,106600
IMMX,2025-10-02,2.12,2.125,2.05,2.1,0.02,+0.96%,254800
IMMX,2025-10-03,2.11,2.2172,2,2.06,-0.04,-1.90%,211300
IMMX,2025-10-06,2,2.38,1.9949,2.245,0.185,+8.98%,684300
IMMX,2025-10-07,2.26,2.6156,2.26,2.51,0.265,+11.80%,1800100
IMMX,2025-10-08,2.52,2.69,2.3745,2.54,0.03,+1.20%,1539100
IMMX,2025-10-09,2.54,2.82,2.5,2.58,0.04,+1.57%,561000
IMMX,2025-10-10,2.7,2.7,2.4,2.5,-0.08,-3.10%,402800
IMMX,2025-10-13,2.58,2.6,2.38,2.5,0,0.00%,613100
IMMX,2025-10-14,2.47,2.49,2.31,2.48,-0.02,-0.80%,288400
IMMX,2025-10-15,2.48,2.65,2.48,2.62,0.14,+5.65%,492800
IMMX,2025-10-16,2.64,2.83,2.61,2.7,0.08,+3.05%,687700
IMMX,2025-10-17,2.74,2.9,2.67,2.87,0.17,+6.30%,534100
IMMX,2025-10-20,2.87,3.09,2.71,3.07,0.2,+6.97%,1087400
IMMX,2025-10-21,3.06,3.24,2.8601,3.18,0.11,+3.58%,775000
IMMX,2025-10-22,3.2,3.34,2.9,3.09,-0.09,-2.83%,954000
IMMX,2025-10-23,3.1,3.47,3.08,3.43,0.34,+11.00%,937100
IMMX,2025-10-24,3.48,3.66,3.25,3.61,0.18,+5.25%,1173000
IMMX,2025-10-27,3.67,3.71,3.26,3.39,-0.22,-6.09%,822900
IMMX,2025-10-28,3.42,4,3.4,3.9,0.51,+15.04%,1245800
IMMX,2025-10-29,3.9,3.924,3.6,3.72,-0.18,-4.62%,883200
IMMX,2025-10-30,3.74,3.8499,3.6,3.67,-0.05,-1.34%,288600
IMMX,2025-10-31,3.76,4.05,3.7,3.8,0.13,+3.54%,1616000
IMMX,2025-11-03,3.79,3.9,3.41,3.64,-0.16,-4.21%,900700
IMMX,2025-11-04,3.58,3.58,3.24,3.33,-0.31,-8.52%,684200
IMMX,2025-11-05,3.31,3.46,3,3.05,-0.28,-8.41%,627700
IMMX,2025-11-06,3.06,3.12,2.8513,3.03,-0.02,-0.66%,601400
IMMX,2025-11-07,3.01,3.22,2.8901,3.15,0.12,+3.96%,457400
IMMX,2025-11-10,3.26,3.53,3.18,3.24,0.09,+2.86%,375500
IMMX,2025-11-11,3.22,3.454,3.16,3.23,-0.01,-0.31%,311300
IMMX,2025-11-12,3.26,3.8499,3.26,3.72,0.49,+15.17%,1294800
IMMX,2025-11-13,3.73,3.75,3.45,3.61,-0.11,-2.96%,781000
IMMX,2025-11-14,3.57,4.29,3.5584,4.21,0.6,+16.62%,1183300
IMMX,2025-11-17,4.2,4.6,3.94,4.04,-0.17,-4.04%,1501900
IMMX,2025-11-18,4.06,4.54,3.9819,4.25,0.21,+5.20%,592600
IMMX,2025-11-19,4.27,4.47,4.2,4.23,-0.02,-0.47%,644000
IMMX,2025-11-20,4.3,4.4177,3.89,4.02,-0.21,-4.96%,551300
IMMX,2025-11-21,3.88,4.45,3.87,4.33,0.31,+7.71%,382400
IMMX,2025-11-24,4.36,4.49,4.23,4.32,-0.01,-0.23%,428000
IMMX,2025-11-25,4.3,4.3499,4.13,4.3,-0.02,-0.46%,283000
IMMX,2025-11-26,4.29,4.48,4.2488,4.3,0,0.00%,238700
IMMX,2025-11-28,4.3,4.4,4.23,4.25,-0.05,-1.16%,95300
IMMX,2025-12-01,4.27,4.33,4.01,4.03,-0.22,-5.18%,332400
IMMX,2025-12-02,4.03,4.2294,3.95,3.97,-0.06,-1.49%,559300
IMMX,2025-12-03,4.17,4.17,3.78,4.15,0.18,+4.53%,485000
IMMX,2025-12-04,4.14,5.08,4.07,4.84,0.69,+16.63%,1232000
IMMX,2025-12-05,4.93,5.57,4.75,5.56,0.72,+14.88%,1113100
IMMX,2025-12-08,5.89,6.15,4.5,6.15,0.59,+10.61%,7037000
IMMX,2025-12-09,6.3,7,6.2,6.6,0.45,+7.32%,2907500
IMMX,2025-12-10,6.57,7.2999,6.41,6.73,0.13,+1.97%,2063200
IMMX,2025-12-11,6.82,7.445,6.6101,7.38,0.65,+9.66%,1967800
IMMX,2025-12-12,7.5,7.73,6.9,7.07,-0.31,-4.20%,1550000
IMMX,2025-12-15,7.17,7.17,6.05,6.205,-0.865,-12.23%,2047700
IMMX,2025-12-16,6.17,6.4799,5.796,5.94,-0.265,-4.27%,1185700
IMMX,2025-12-17,6,6.16,5.33,5.56,-0.38,-6.40%,1212700
IMMX,2025-12-18,5.63,5.86,5.5801,5.71,0.15,+2.70%,685700
IMMX,2025-12-19,5.71,5.8899,5.58,5.72,0.01,+0.18%,832700
IMMX,2025-12-22,5.77,6.09,5.72,5.81,0.09,+1.57%,605000
IMMX,2025-12-23,5.75,6,5.46,5.67,-0.14,-2.41%,1796800
IMMX,2025-12-24,5.7,5.875,5.5,5.74,0.07,+1.23%,341800
IMMX,2025-12-26,5.8,5.8238,5.52,5.64,-0.1,-1.74%,511800
IMMX,2025-12-29,5.65,5.79,5.46,5.51,-0.13,-2.30%,952600
IMMX,2025-12-30,5.5,5.63,5.26,5.28,-0.23,-4.17%,1004800
IMMX,2025-12-31,5.3,5.3799,5.15,5.23,-0.05,-0.95%,746200
IMMX,2026-01-02,5.26,5.57,5.02,5.43,0.2,+3.82%,606100
IMMX,2026-01-05,5.56,5.58,5.06,5.1,-0.33,-6.08%,745600
IMMX,2026-01-06,5.1,5.29,4.935,4.95,-0.15,-2.94%,896600
IMMX,2026-01-07,5,5.13,4.85,5.05,0.1,+2.02%,1584500
IMMX,2026-01-08,5.1,5.25,4.94,5.09,0.04,+0.79%,1266900
IMMX,2026-01-09,5.07,5.13,4.735,4.87,-0.22,-4.32%,1187300
IMMX,2026-01-12,4.87,4.8999,4.41,4.44,-0.43,-8.83%,1543700
IMMX,2026-01-13,4.57,4.6299,4.18,4.52,0.08,+1.80%,1192700
IMMX,2026-01-14,4.5,5.02,4.4,4.96,0.44,+9.73%,722000
IMMX,2026-01-15,4.96,5.09,4.69,4.71,-0.25,-5.04%,673400
IMMX,2026-01-16,4.7,4.89,4.55,4.7,-0.01,-0.21%,719600
IMMX,2026-01-20,4.6,4.83,4.54,4.6,-0.1,-2.13%,550300
IMMX,2026-01-21,4.62,5.02,4.5503,4.89,0.29,+6.30%,1009800
IMMX,2026-01-22,4.9,5.28,4.89,5.25,0.36,+7.36%,1198100
IMMX,2026-01-23,5.25,5.515,5.065,5.38,0.13,+2.48%,820300
IMMX,2026-01-26,5.35,5.45,5.07,5.39,0.01,+0.19%,689500
IMMX,2026-01-27,5.4,5.975,5.4,5.94,0.55,+10.20%,1211500
IMMX,2026-01-28,6.05,6.33,5.82,6.14,0.2,+3.37%,1647700
IMMX,2026-01-29,6.23,6.2696,5.61,5.95,-0.19,-3.09%,1005300
IMMX,2026-01-30,5.87,6.2048,5.75,5.83,-0.12,-2.02%,864700
IMMX,2026-02-02,5.76,6.3499,5.73,6.21,0.38,+6.52%,699300
IMMX,2026-02-03,6.21,6.4899,5.99,6.36,0.15,+2.42%,937300
IMMX,2026-02-04,6.31,6.34,5.91,6.12,-0.24,-3.77%,761300
IMMX,2026-02-05,5.99,6.5173,5.885,5.95,-0.17,-2.78%,795800
IMMX,2026-02-06,6.09,6.8725,6.06,6.74,0.79,+13.28%,867100
IMMX,2026-02-09,6.9,7.04,6.255,6.42,-0.32,-4.75%,1031500
IMMX,2026-02-10,6.46,6.84,6.02,6.73,0.31,+4.83%,1280700
IMMX,2026-02-11,6.73,6.9662,6.56,6.84,0.11,+1.63%,1253000
IMMX,2026-02-12,6.77,7.45,6.6811,7.43,0.59,+8.63%,945200
IMMX,2026-02-13,7.4,7.6794,7.161,7.33,-0.1,-1.35%,989500
IMMX,2026-02-17,7.4,8.25,7.355,8.12,0.79,+10.78%,895200
IMMX,2026-02-18,8.09,8.2857,7.715,7.77,-0.35,-4.31%,562500
IMMX,2026-02-19,7.71,7.85,7.375,7.81,0.04,+0.51%,599800
IMMX,2026-02-20,7.7,8.01,7.44,8,0.19,+2.43%,511600
IMMX,2026-02-23,8,8.45,7.98,8.17,0.17,+2.13%,519700
IMMX,2026-02-24,8.19,8.885,8.18,8.49,0.32,+3.92%,1037600
IMMX,2026-02-25,8.55,8.97,8.505,8.75,0.26,+3.06%,579900
IMMX,2026-02-26,8.68,8.875,8.4,8.49,-0.26,-2.97%,526800
IMMX,2026-02-27,8.5,8.54,7.82,8.07,-0.42,-4.95%,571200
IMMX,2026-03-02,8,8.51,7.95,8.36,0.29,+3.59%,379200
IMMX,2026-03-03,8.26,8.42,7.9,8.15,-0.21,-2.51%,397300
IMMX,2026-03-04,8.23,8.8999,8.23,8.56,0.41,+5.03%,560900
IMMX,2026-03-05,8.42,8.72,8.28,8.54,-0.02,-0.23%,391700
IMMX,2026-03-06,8.35,9.47,8.2285,9.29,0.75,+8.78%,1113595
IMMX,2026-03-09,9.15,10.5,9.15,10.13,0.84,+9.04%,1002300
IMMX,2026-03-10,10.18,10.71,10.13,10.4,0.27,+2.67%,830800
IMMX,2026-03-11,10.45,10.66,9.87,10.46,0.06,+0.58%,729600
IMMX,2026-03-12,10.27,10.54,9.8601,10.11,-0.35,-3.35%,618700
IMMX,2026-03-13,10.2,10.3899,9.78,10,-0.11,-1.09%,607600
IMMX,2026-03-16,10.05,10.98,9.955,10.77,0.77,+7.70%,860600
IMMX,2026-03-17,10.84,11.6099,10.58,11.12,0.35,+3.25%,983400
IMMX,2026-03-18,11.12,11.225,9.31,9.46,-1.66,-14.93%,1466600
IMMX,2026-03-19,9.3,10.085,9.01,9.68,0.22,+2.33%,994500
IMMX,2026-03-20,9.6,10.0499,8.93,9.11,-0.57,-5.89%,2007300
IMMX,2026-03-23,9.03,9.23,8.25,8.81,-0.3,-3.29%,848200
IMMX,2026-03-24,8.69,8.8,8.32,8.57,-0.24,-2.72%,599400
IMMX,2026-03-25,9.14,9.35,8.72,8.91,0.34,+3.97%,768700
IMMX,2026-03-26,8.13,9.52,8.12,8.72,-0.19,-2.13%,1045400
IMMX,2026-03-27,8.97,9.1899,8,8.15,-0.57,-6.54%,750500
IMMX,2026-03-30,8.19,8.7999,8.01,8.58,0.43,+5.28%,912300
IMMX,2026-03-31,8.85,9.16,8.13,9.11,0.53,+6.18%,1221800
IMMX,2026-04-01,9.23,9.6,8.54,8.62,-0.49,-5.38%,679800
IMMX,2026-04-02,8.5,9.28,8.4,8.94,0.32,+3.71%,418100
IMMX,2026-04-06,8.97,9.31,8.51,8.59,-0.35,-3.91%,544200
IMMX,2026-04-07,8.52,9.18,8.26,9.09,0.5,+5.82%,856300
IMMX,2026-04-08,9.43,9.44,8.5401,8.75,-0.34,-3.74%,512600
IMMX,2026-04-09,8.69,10.07,8.69,9.75,1,+11.43%,942100
IMMX,2026-04-10,9.78,9.96,9.12,9.26,-0.49,-5.03%,399400
IMMX,2026-04-13,9.3,10.155,9.2351,9.69,0.43,+4.64%,605000
IMMX,2026-04-14,9.79,10.09,9.685,9.85,0.16,+1.65%,520600
IMMX,2026-04-15,9.85,10.16,9.73,10.04,0.19,+1.93%,617400
IMMX,2026-04-16,10.05,10.07,9.26,9.96,-0.08,-0.80%,743700
IMMX,2026-04-17,10.1,10.5291,9.51,10.35,0.39,+3.92%,1045600
IMMX,2026-04-20,10.29,10.35,9.8712,10.09,-0.26,-2.51%,568400
IMMX,2026-04-21,10.08,10.1899,9.55,9.68,-0.41,-4.06%,1554500
IMMX,2026-04-22,9.91,10.3199,9.81,10.18,0.5,+5.17%,596600
IMMX,2026-04-23,10.16,10.345,9.94,10.17,-0.01,-0.10%,385400
IMMX,2026-04-24,10.22,10.28,9.69,9.85,-0.32,-3.15%,385200
IMNM,2020-10-02,15.66,16.77,12.21,13.45,3.6,+36.55%,508600
IMNM,2020-10-05,13,13.39,11.54,12.1,-1.35,-10.04%,290500
IMNM,2020-10-06,12,13.3899,12,13.24,1.14,+9.42%,68400
IMNM,2020-10-07,13.14,14.18,13,14.01,0.77,+5.82%,98100
IMNM,2020-10-08,14.46,14.5657,14.01,14.16,0.15,+1.07%,33500
IMNM,2020-10-09,14.39,14.39,13.66,13.9065,-0.2535,-1.79%,21600
IMNM,2020-10-12,14.29,14.4,13.72,13.75,-0.1565,-1.13%,34500
IMNM,2020-10-13,13.75,14.2,13.75,13.95,0.2,+1.45%,5400
IMNM,2020-10-14,14.03,14.03,13.7,13.9,-0.05,-0.36%,14400
IMNM,2020-10-15,13.75,13.75,13.28,13.409,-0.491,-3.53%,25400
IMNM,2020-10-16,13.5,14.09,13.3,13.76,0.351,+2.62%,9700
IMNM,2020-10-19,13.54,13.59,12.72,12.99,-0.77,-5.60%,30900
IMNM,2020-10-20,12.96,13,12.5,12.55,-0.44,-3.39%,16900
IMNM,2020-10-21,12.55,12.68,12,12.15,-0.4,-3.19%,21200
IMNM,2020-10-22,12,12.0638,11.71,11.84,-0.31,-2.55%,36600
IMNM,2020-10-23,11.77,11.865,11.71,11.7399,-0.1001,-0.85%,14300
IMNM,2020-10-26,11.98,12.275,11.75,12.2,0.4601,+3.92%,30900
IMNM,2020-10-27,12.49,12.5,11.725,12.5,0.3,+2.46%,40200
IMNM,2020-10-28,12.2,12.4765,11.5,11.5,-1.,-8.00%,33600
IMNM,2020-10-29,11.55,11.82,10.18,11.55,0.05,+0.43%,44600
IMNM,2020-10-30,11.15,11.59,11.04,11.35,-0.2,-1.73%,4800
IMNM,2020-11-02,11.6,11.6,10.91,10.98,-0.37,-3.26%,17900
IMNM,2020-11-03,11.0633,11.705,10.8202,11.38,0.4,+3.64%,40200
IMNM,2020-11-04,11.5,11.8,11,11.6,0.22,+1.93%,34200
IMNM,2020-11-05,11.3,12.235,11.175,12.05,0.45,+3.88%,28600
IMNM,2020-11-06,11.97,12.05,11.6,11.6,-0.45,-3.73%,31400
IMNM,2020-11-09,11.68,11.94,11.35,11.4,-0.2,-1.72%,15400
IMNM,2020-11-10,11.43,11.43,10.5,10.92,-0.48,-4.21%,20200
IMNM,2020-11-11,11.29,11.625,10.9,11.37,0.45,+4.12%,8400
IMNM,2020-11-12,11.435,11.4999,10.9304,10.94,-0.43,-3.78%,14800
IMNM,2020-11-13,11.13,11.5,10.8,11.46,0.52,+4.75%,11800
IMNM,2020-11-16,11.31,11.5,11.255,11.43,-0.03,-0.26%,6600
IMNM,2020-11-17,11.29,11.72,11,11.45,0.02,+0.17%,9100
IMNM,2020-11-18,11.26,11.44,10.73,10.8,-0.65,-5.68%,15000
IMNM,2020-11-19,11.75,11.75,10.88,11.1,0.3,+2.78%,12200
IMNM,2020-11-20,11.1,11.1,10.65,10.7,-0.4,-3.60%,13300
IMNM,2020-11-23,10.67,11.5,10.56,10.6,-0.1,-0.93%,18200
IMNM,2020-11-24,10.63,10.99,10.11,10.28,-0.32,-3.02%,17500
IMNM,2020-11-25,10.21,10.6206,10.1,10.41,0.13,+1.26%,13800
IMNM,2020-11-27,10.78,10.95,10.26,10.95,0.54,+5.19%,16000
IMNM,2020-11-30,10.8,11.21,10.24,11.2,0.25,+2.28%,15600
IMNM,2020-12-01,11.4,11.4,10.8411,11.12,-0.08,-0.71%,21200
IMNM,2020-12-02,11.15,11.37,11.11,11.13,0.01,+0.09%,5900
IMNM,2020-12-03,11.27,12.5,11.265,12.4,1.27,+11.41%,41900
IMNM,2020-12-04,12.4,13.99,12.35,13.68,1.28,+10.32%,55500
IMNM,2020-12-07,13.75,13.785,12.1,12.3,-1.38,-10.09%,20300
IMNM,2020-12-08,12.5,13.49,11.63,11.945,-0.355,-2.89%,32200
IMNM,2020-12-09,12.06,12.2,11.51,11.64,-0.305,-2.55%,18600
IMNM,2020-12-10,11.46,12.42,11.01,11.37,-0.27,-2.32%,24000
IMNM,2020-12-11,11,12.025,11,11.27,-0.1,-0.88%,30100
IMNM,2020-12-14,11.44,12.11,11.44,11.84,0.57,+5.06%,37600
IMNM,2020-12-15,11.97,12.075,11.2801,11.54,-0.3,-2.53%,35800
IMNM,2020-12-16,11.76,12.06,11.03,11.03,-0.51,-4.42%,21400
IMNM,2020-12-17,11.52,12.28,10.21,10.73,-0.3,-2.72%,294900
IMNM,2020-12-18,10.9,11.29,9.96,9.96,-0.77,-7.18%,270300
IMNM,2020-12-21,10.26,10.96,10.05,10.96,1,+10.04%,138100
IMNM,2020-12-22,11.48,11.48,9.905,9.91,-1.05,-9.58%,104500
IMNM,2020-12-23,10.01,10.53,10.01,10.22,0.31,+3.13%,37000
IMNM,2020-12-24,10.17,10.46,10.17,10.2,-0.02,-0.20%,25500
IMNM,2020-12-28,10.28,10.5,10.09,10.25,0.05,+0.49%,47200
IMNM,2020-12-29,10.39,10.39,9.37,9.46,-0.79,-7.71%,53200
IMNM,2020-12-30,9.5,9.8,9.46,9.56,0.1,+1.06%,36100
IMNM,2020-12-31,9.66,10,9.275,9.68,0.12,+1.26%,81200
IMNM,2021-01-04,10.25,10.47,9.65,9.75,0.07,+0.72%,62800
IMNM,2021-01-05,9.88,10.05,9.51,9.61,-0.14,-1.44%,46200
IMNM,2021-01-06,9.65,9.95,9.5,9.56,-0.05,-0.52%,27300
IMNM,2021-01-07,9.51,10.32,9.51,10.27,0.71,+7.43%,99400
IMNM,2021-01-08,10.45,11.82,10.05,11.6,1.33,+12.95%,127500
IMNM,2021-01-11,12.26,13.75,12.26,13.65,2.05,+17.67%,506500
IMNM,2021-01-12,13.83,14.02,12.91,13.16,-0.49,-3.59%,93100
IMNM,2021-01-13,13.49,13.66,12.6801,13.2,0.04,+0.30%,117200
IMNM,2021-01-14,13.26,13.6999,13,13.14,-0.06,-0.45%,57700
IMNM,2021-01-15,13.69,13.9,13.4,13.73,0.59,+4.49%,74600
IMNM,2021-01-19,13.8,15.2,13.8,15.01,1.28,+9.32%,200200
IMNM,2021-01-20,15.33,15.37,15,15.22,0.21,+1.40%,84300
IMNM,2021-01-21,15.01,15.22,14,14.18,-1.04,-6.83%,77700
IMNM,2021-01-22,14.05,14.86,13.8317,14.68,0.5,+3.53%,36200
IMNM,2021-01-25,14.94,17.9478,14.71,17.85,3.17,+21.59%,147200
IMNM,2021-01-26,17.88,17.9999,15.7,16.05,-1.8,-10.08%,131200
IMNM,2021-01-27,15.76,17.49,15.25,15.34,-0.71,-4.42%,91700
IMNM,2021-01-28,15.26,15.62,14.09,14.09,-1.25,-8.15%,84300
IMNM,2021-01-29,14.28,15.7,14.14,14.53,0.44,+3.12%,41000
IMNM,2021-02-01,14.87,17.73,14.87,17.21,2.68,+18.44%,332500
IMNM,2021-02-02,18.01,20.26,18,20.24,3.03,+17.61%,357500
IMNM,2021-02-03,22.75,22.8875,21.1311,21.9,1.66,+8.20%,181700
IMNM,2021-02-04,21.83,21.83,19.5,20,-1.9,-8.68%,92600
IMNM,2021-02-05,20.66,20.66,19.02,19.25,-0.75,-3.75%,44300
IMNM,2021-02-08,19.26,20.95,18.82,20.9,1.65,+8.57%,65500
IMNM,2021-02-09,21.46,22.35,20.42,22.35,1.45,+6.94%,86600
IMNM,2021-02-10,22.39,22.9679,21,21.87,-0.48,-2.15%,91600
IMNM,2021-02-11,21.99,24,21.59,23.27,1.4,+6.40%,52000
IMNM,2021-02-12,24,25.2,23.75,24.67,1.4,+6.02%,73300
IMNM,2021-02-16,24.7,25,23.7613,23.88,-0.79,-3.20%,67600
IMNM,2021-02-17,23.15,23.51,20.64,22.22,-1.66,-6.95%,110200
IMNM,2021-02-18,59.21,63.78,33.68,39.01,16.79,+75.56%,8863800
IMNM,2021-02-19,39.89,47.9,34.51,38,-1.01,-2.59%,1155900
IMNM,2021-02-22,36.5,36.7645,30.1,31.2,-6.8,-17.89%,433100
IMNM,2021-02-23,30,30,25.57,28.51,-2.69,-8.62%,276800
IMNM,2021-02-24,28.4,48.7,28.2049,43.24,14.73,+51.67%,1149400
IMNM,2021-02-25,44,44.08,38,38.24,-5.,-11.56%,347200
IMNM,2021-02-26,40.72,41,37,39.58,1.34,+3.50%,157500
IMNM,2021-03-01,40.08,41.24,38.03,39.95,0.37,+0.93%,132400
IMNM,2021-03-02,39.95,40.6745,36.4,38.16,-1.79,-4.48%,79700
IMNM,2021-03-03,39.43,39.43,35,35.59,-2.57,-6.73%,84100
IMNM,2021-03-04,35,35.4199,28.2001,30.6,-4.99,-14.02%,177000
IMNM,2021-03-05,30.03,30.595,28,29.84,-0.76,-2.48%,99300
IMNM,2021-03-08,29.98,32.6558,29.1601,30.61,0.77,+2.58%,56700
IMNM,2021-03-09,31.42,32.34,29.2,30.55,-0.06,-0.20%,62200
IMNM,2021-03-10,30.27,30.79,28,28.54,-2.01,-6.58%,81800
IMNM,2021-03-11,28.66,29.91,28.2,29.91,1.37,+4.80%,49600
IMNM,2021-03-12,29.6,29.78,28.8886,29.2,-0.71,-2.37%,39500
IMNM,2021-03-15,29.2,29.96,28.51,28.77,-0.43,-1.47%,27200
IMNM,2021-03-16,28.81,31.5,28.37,31.02,2.25,+7.82%,59900
IMNM,2021-03-17,31,31,28.19,30.29,-0.73,-2.35%,71600
IMNM,2021-03-18,30.23,36,29.3,33.2,2.91,+9.61%,165300
IMNM,2021-03-19,34.65,36.36,32.4,36.06,2.86,+8.61%,130900
IMNM,2021-03-22,36.22,41.655,34.63,37.41,1.35,+3.74%,230300
IMNM,2021-03-23,36.52,38.42,33.52,35.14,-2.27,-6.07%,131900
IMNM,2021-03-24,34.96,35.99,31.73,32.21,-2.93,-8.34%,67600
IMNM,2021-03-25,30.55,32.37,28.81,31.83,-0.38,-1.18%,53800
IMNM,2021-03-26,30.98,33.13,29.616,31.88,0.05,+0.16%,42000
IMNM,2021-03-29,31.85,31.85,29.51,30.66,-1.22,-3.83%,25800
IMNM,2021-03-30,30.69,32.02,29.83,30.84,0.18,+0.59%,35400
IMNM,2021-03-31,30.8,34.605,30.6201,33.88,3.04,+9.86%,70500
IMNM,2021-04-01,33.89,35.24,31.93,32.33,-1.55,-4.57%,51500
IMNM,2021-04-05,32.31,32.92,30.54,30.86,-1.47,-4.55%,43800
IMNM,2021-04-06,30.34,32.23,29.8697,31.11,0.25,+0.81%,43800
IMNM,2021-04-07,31.11,31.98,30.33,31.36,0.25,+0.80%,41800
IMNM,2021-04-08,30.98,31.03,29.846,30.19,-1.17,-3.73%,85600
IMNM,2021-04-09,30.25,31,29.65,30.4,0.21,+0.70%,57600
IMNM,2021-04-12,30,30.46,29.5,29.72,-0.68,-2.24%,46600
IMNM,2021-04-13,29.6,30.45,29.15,29.71,-0.01,-0.03%,64100
IMNM,2021-04-14,29.59,30.1,27.55,27.83,-1.88,-6.33%,79200
IMNM,2021-04-15,27.56,28.4743,26.13,26.3,-1.53,-5.50%,101800
IMNM,2021-04-16,25.8,26.29,23.16,24.06,-2.24,-8.52%,165600
IMNM,2021-04-19,24.21,27.74,24.07,27.53,3.47,+14.42%,61500
IMNM,2021-04-20,26.53,27.97,24.71,25.11,-2.42,-8.79%,53000
IMNM,2021-04-21,25.5,27.54,25.5,27.25,2.14,+8.52%,82300
IMNM,2021-04-22,27.21,29.87,26.99,29.58,2.33,+8.55%,103000
IMNM,2021-04-23,31.01,31.1699,29.06,29.55,-0.03,-0.10%,77800
IMNM,2021-04-26,31.46,32.4476,26.5501,27.71,-1.84,-6.23%,642600
IMNM,2021-04-27,28.4,28.74,26.59,28.64,0.93,+3.36%,102500
IMNM,2021-04-28,28.53,29.35,27.58,28.7,0.06,+0.21%,106500
IMNM,2021-04-29,28.92,29.1,26.62,27.03,-1.67,-5.82%,114400
IMNM,2021-04-30,27,27,26.02,26.56,-0.47,-1.74%,106300
IMNM,2021-05-03,26.3,26.3,24.971,25.06,-1.5,-5.65%,117200
IMNM,2021-05-04,24.9,25.89,24.06,24.42,-0.64,-2.55%,69900
IMNM,2021-05-05,24.5,24.5,24,24.28,-0.14,-0.57%,50200
IMNM,2021-05-06,24,24,21.72,22.5,-1.78,-7.33%,100300
IMNM,2021-05-07,22.67,22.9999,21.5,21.98,-0.52,-2.31%,45800
IMNM,2021-05-10,21.9,21.9,19.32,19.59,-2.39,-10.87%,90900
IMNM,2021-05-11,18.97,19.47,18.1,18.29,-1.3,-6.64%,54600
IMNM,2021-05-12,18,18.0072,16.31,16.56,-1.73,-9.46%,136600
IMNM,2021-05-13,17.12,18,16.295,16.33,-0.23,-1.39%,76200
IMNM,2021-05-14,16.51,18.25,16.51,18.14,1.81,+11.08%,77700
IMNM,2021-05-17,17.76,18.37,17.25,17.74,-0.4,-2.21%,93200
IMNM,2021-05-18,17.78,18.29,17.0805,17.34,-0.4,-2.25%,134400
IMNM,2021-05-19,17.39,18.37,16.89,18.1,0.76,+4.38%,86800
IMNM,2021-05-20,18.5,19.4,17.26,18,-0.1,-0.55%,95900
IMNM,2021-05-21,18,18.53,17.49,17.985,-0.015,-0.08%,38300
IMNM,2021-05-24,18.01,18.58,17.61,18.3,0.315,+1.75%,114900
IMNM,2021-05-25,18.29,18.6,18.01,18.48,0.18,+0.98%,101100
IMNM,2021-05-26,18.45,19.95,18.44,19.63,1.15,+6.22%,96800
IMNM,2021-05-27,20.75,23.2,20.66,23.09,3.46,+17.63%,246200
IMNM,2021-05-28,23.57,23.57,20.78,20.92,-2.17,-9.40%,84000
IMNM,2021-06-01,20.99,21.79,20.1901,20.58,-0.34,-1.63%,67400
IMNM,2021-06-02,20.63,20.66,19.25,19.76,-0.82,-3.98%,95100
IMNM,2021-06-03,19.76,20,18.93,19.4,-0.36,-1.82%,92700
IMNM,2021-06-04,19.65,20.99,19.2,20.49,1.09,+5.62%,65100
IMNM,2021-06-07,19.5,20.4,18.24,18.54,-1.95,-9.52%,184600
IMNM,2021-06-08,18.93,19.0574,17.9,18.22,-0.32,-1.73%,89900
IMNM,2021-06-09,18.29,19.0533,17.58,17.92,-0.3,-1.65%,56500
IMNM,2021-06-10,17.81,18.45,17.38,17.57,-0.35,-1.95%,57400
IMNM,2021-06-11,17.6,17.98,17.26,17.76,0.19,+1.08%,74100
IMNM,2021-06-14,17.22,17.94,17.03,17.17,-0.59,-3.32%,86200
IMNM,2021-06-15,17.18,17.285,17,17.15,-0.02,-0.12%,61400
IMNM,2021-06-16,17.13,17.495,16.51,16.96,-0.19,-1.11%,89600
IMNM,2021-06-17,16.91,17.34,16.54,16.8,-0.16,-0.94%,76600
IMNM,2021-06-18,16.8,17.008,16.23,16.52,-0.28,-1.67%,127700
IMNM,2021-06-21,16.53,17.955,16.35,16.76,0.24,+1.45%,47300
IMNM,2021-06-22,16.92,17.28,16.1,16.82,0.06,+0.36%,114800
IMNM,2021-06-23,16.8,17.5893,16.47,17.14,0.32,+1.90%,75500
IMNM,2021-06-24,17.31,17.42,16.345,16.78,-0.36,-2.10%,52800
IMNM,2021-06-25,17.13,18.2,16.85,17.81,1.03,+6.14%,329400
IMNM,2021-06-28,18.17,18.66,18.02,18.24,0.43,+2.41%,65100
IMNM,2021-06-29,18.25,18.29,17.1798,17.61,-0.63,-3.45%,24400
IMNM,2021-06-30,17.57,17.57,16.9,17.3,-0.31,-1.76%,35500
IMNM,2021-07-01,17.33,17.44,16.7901,17.1,-0.2,-1.16%,38600
IMNM,2021-07-02,17.09,17.43,16.42,16.76,-0.34,-1.99%,37700
IMNM,2021-07-06,16.63,16.74,15.74,16.34,-0.42,-2.51%,53800
IMNM,2021-07-07,16.44,16.75,15.41,16.73,0.39,+2.39%,41700
IMNM,2021-07-08,16.1,16.6527,15.9001,16.09,-0.64,-3.83%,11800
IMNM,2021-07-09,16.18,17.645,15.665,17.3,1.21,+7.52%,42100
IMNM,2021-07-12,17.28,17.385,16.75,16.93,-0.37,-2.14%,23400
IMNM,2021-07-13,16.83,17.16,15.9214,16.21,-0.72,-4.25%,48900
IMNM,2021-07-14,16.39,16.8,15.2722,16.16,-0.05,-0.31%,30300
IMNM,2021-07-15,15.9,16.13,15.07,15.58,-0.58,-3.59%,43100
IMNM,2021-07-16,15.67,15.9,15.1801,15.52,-0.06,-0.39%,10800
IMNM,2021-07-19,15.28,16.98,14.62,16.64,1.12,+7.22%,61200
IMNM,2021-07-20,24.25,24.96,17.9,18.14,1.5,+9.01%,21212600
IMNM,2021-07-21,16.72,17.55,15.43,17.48,-0.66,-3.64%,885400
IMNM,2021-07-22,17,17.4515,16.02,16.06,-1.42,-8.12%,170900
IMNM,2021-07-23,16.07,17.42,15.5,17.02,0.96,+5.98%,197600
IMNM,2021-07-26,17.06,17.15,16,16.26,-0.76,-4.47%,163400
IMNM,2021-07-27,16.13,16.31,14.25,15.25,-1.01,-6.21%,293900
IMNM,2021-07-28,15.47,16.24,14.88,16.08,0.83,+5.44%,69300
IMNM,2021-07-29,16.34,16.8,15.74,16.28,0.2,+1.24%,82600
IMNM,2021-07-30,16.1,17.1826,15.86,16.22,-0.06,-0.37%,111300
IMNM,2021-08-02,16.41,16.5479,15.35,15.77,-0.45,-2.77%,77200
IMNM,2021-08-03,15.96,15.97,14.87,15.35,-0.42,-2.66%,56700
IMNM,2021-08-04,15.42,15.77,14.81,15.2,-0.15,-0.98%,88100
IMNM,2021-08-05,15.4,16.93,15.15,16.51,1.31,+8.62%,140800
IMNM,2021-08-06,16.59,16.66,15.63,15.95,-0.56,-3.39%,92900
IMNM,2021-08-09,16.15,16.19,14.48,15.28,-0.67,-4.20%,135400
IMNM,2021-08-10,14.9,15.28,14.53,14.8,-0.48,-3.14%,101700
IMNM,2021-08-11,14.75,15.2525,13.6,14.03,-0.77,-5.20%,177500
IMNM,2021-08-12,14.04,14.4,13.6,14.23,0.2,+1.43%,92400
IMNM,2021-08-13,14.28,14.69,13.7,14.19,-0.04,-0.28%,106600
IMNM,2021-08-16,14.13,14.46,13.6601,14.33,0.14,+0.99%,59700
IMNM,2021-08-17,14.34,14.34,13.45,13.73,-0.6,-4.19%,129000
IMNM,2021-08-18,13.83,14.39,13.45,14.11,0.38,+2.77%,67400
IMNM,2021-08-19,14.01,14.2419,13.09,13.17,-0.94,-6.66%,107500
IMNM,2021-08-20,13.01,13.58,12.48,12.5,-0.67,-5.09%,171700
IMNM,2021-08-23,12.63,14.16,12.63,14,1.5,+12.00%,141400
IMNM,2021-08-24,14.21,14.29,13.5022,13.79,-0.21,-1.50%,74500
IMNM,2021-08-25,13.76,14.18,13.6,14.07,0.28,+2.03%,54300
IMNM,2021-08-26,14.07,14.19,13.7529,13.99,-0.08,-0.57%,58200
IMNM,2021-08-27,14.15,14.63,13.95,14.35,0.36,+2.57%,77900
IMNM,2021-08-30,14.41,14.45,13.99,14.26,-0.09,-0.63%,27200
IMNM,2021-08-31,14.42,14.43,14,14.03,-0.23,-1.61%,44200
IMNM,2021-09-01,14.11,14.97,13.75,14.94,0.91,+6.49%,63600
IMNM,2021-09-02,14.95,15.7874,14.8301,15.51,0.57,+3.82%,91300
IMNM,2021-09-03,15.37,15.4,14.9,15.1,-0.41,-2.64%,44000
IMNM,2021-09-07,15.66,17.56,15.6,17.35,2.25,+14.90%,363700
IMNM,2021-09-08,17.36,17.5,16.12,16.74,-0.61,-3.52%,122200
IMNM,2021-09-09,16.76,19,16.7,18.13,1.39,+8.30%,438900
IMNM,2021-09-10,18.06,18.705,17.06,18.65,0.52,+2.87%,151600
IMNM,2021-09-13,19.0313,21.49,19.0313,20.82,2.17,+11.64%,438800
IMNM,2021-09-14,21,22.61,20.8001,22.31,1.49,+7.16%,426000
IMNM,2021-09-15,21.95,23.03,21.4326,21.45,-0.86,-3.85%,158400
IMNM,2021-09-16,20.84,23.1,20.02,22.97,1.52,+7.09%,240000
IMNM,2021-09-17,23,24.99,22.5101,24.67,1.7,+7.40%,427000
IMNM,2021-09-20,23.56,24.55,22.573,23.82,-0.85,-3.45%,204700
IMNM,2021-09-21,23.8,24.45,23.01,24.16,0.34,+1.43%,149000
IMNM,2021-09-22,24.28,24.42,21.93,23.07,-1.09,-4.51%,206400
IMNM,2021-09-23,23.33,26.1,23.2,25.88,2.81,+12.18%,394700
IMNM,2021-09-24,25.88,27.8,25,27.76,1.88,+7.26%,303300
IMNM,2021-09-27,27.78,27.79,25.05,25.9,-1.86,-6.70%,222600
IMNM,2021-09-28,25.39,25.6,23.78,24.85,-1.05,-4.05%,141300
IMNM,2021-09-29,25.03,25.46,24.15,24.15,-0.7,-2.82%,75900
IMNM,2021-09-30,24.39,24.97,23.97,24.35,0.2,+0.83%,110400
IMNM,2021-10-01,24.5,24.53,19.64,20.16,-4.19,-17.21%,641300
IMNM,2021-10-04,19.46,20.06,18.02,18.19,-1.97,-9.77%,383700
IMNM,2021-10-05,18.56,19.41,18.18,18.37,0.18,+0.99%,126500
IMNM,2021-10-06,17.94,18.5499,17.9,18.26,-0.11,-0.60%,60000
IMNM,2021-10-07,18.31,18.89,17.67,17.76,-0.5,-2.74%,101900
IMNM,2021-10-08,17.96,18.1199,17.6106,17.71,-0.05,-0.28%,75200
IMNM,2021-10-11,17.53,18.02,17.3,17.5,-0.21,-1.19%,60900
IMNM,2021-10-12,17.65,17.99,17.26,17.42,-0.08,-0.46%,65400
IMNM,2021-10-13,17.6,17.94,17.245,17.5,0.08,+0.46%,57000
IMNM,2021-10-14,17.7,18.23,17.52,17.73,0.23,+1.31%,89800
IMNM,2021-10-15,17.78,17.79,17.15,17.61,-0.12,-0.68%,57600
IMNM,2021-10-18,17.3,18.95,17.2526,18.09,0.48,+2.73%,121300
IMNM,2021-10-19,18.17,18.63,18.07,18.22,0.13,+0.72%,36400
IMNM,2021-10-20,18.3,18.99,17.92,18.5,0.28,+1.54%,57600
IMNM,2021-10-21,18.58,18.9299,17.71,18.14,-0.36,-1.95%,68100
IMNM,2021-10-22,18.15,19.33,17.9,19.33,1.19,+6.56%,159200
IMNM,2021-10-25,19.2,19.62,18.62,19.43,0.1,+0.52%,87200
IMNM,2021-10-26,19.27,19.625,18.68,19.38,-0.05,-0.26%,53500
IMNM,2021-10-27,19.41,23,18.61,22.6,3.22,+16.62%,249000
IMNM,2021-10-28,21.82,23.07,21.36,22.85,0.25,+1.11%,160000
IMNM,2021-10-29,23.3,23.73,22.36,23.44,0.59,+2.58%,106300
IMNM,2021-11-01,23.44,23.44,22.0139,22.27,-1.17,-4.99%,53700
IMNM,2021-11-02,22.28,22.91,21.2201,22.89,0.62,+2.78%,69800
IMNM,2021-11-03,22.85,23.17,21.23,21.95,-0.94,-4.11%,54800
IMNM,2021-11-04,22.35,22.73,21.64,22.64,0.69,+3.14%,94700
IMNM,2021-11-05,22.28,22.28,18.54,20.63,-2.01,-8.88%,218500
IMNM,2021-11-08,20.26,20.4432,19.41,19.93,-0.7,-3.39%,84300
IMNM,2021-11-09,20.09,20.09,18.75,19.1,-0.83,-4.16%,58200
IMNM,2021-11-10,18.78,19.43,18.315,18.56,-0.54,-2.83%,79000
IMNM,2021-11-11,18.56,19.14,17.91,18.26,-0.3,-1.62%,53200
IMNM,2021-11-12,18.28,18.35,17.8,18.13,-0.13,-0.71%,75800
IMNM,2021-11-15,18.13,18.25,17.25,17.78,-0.35,-1.93%,145800
IMNM,2021-11-16,17.5,18.21,16.08,17.94,0.16,+0.90%,191300
IMNM,2021-11-17,17.92,18.08,16.92,17.42,-0.52,-2.90%,88100
IMNM,2021-11-18,17.47,17.8905,16.29,16.35,-1.07,-6.14%,66400
IMNM,2021-11-19,16.39,17.72,16.12,17.2,0.85,+5.20%,117800
IMNM,2021-11-22,17.25,17.73,14.58,14.89,-2.31,-13.43%,163900
IMNM,2021-11-23,14.98,15.83,14.06,14.57,-0.32,-2.15%,88100
IMNM,2021-11-24,14.75,15.43,14.2,15.33,0.76,+5.22%,89100
IMNM,2021-11-26,16.03,17.15,15.6,16.97,1.64,+10.70%,104400
IMNM,2021-11-29,16.97,19.22,16.3915,19.1,2.13,+12.55%,346200
IMNM,2021-11-30,19.65,19.65,17,18.95,-0.15,-0.79%,214100
IMNM,2021-12-01,18.87,18.87,16.22,17.84,-1.11,-5.86%,450100
IMNM,2021-12-02,18.1,18.1,16.02,16.72,-1.12,-6.28%,142700
IMNM,2021-12-03,17.04,17.04,15.11,16.62,-0.1,-0.60%,94400
IMNM,2021-12-06,16.48,16.48,15.225,15.62,-1.,-6.02%,47300
IMNM,2021-12-07,16.13,16.7499,15.8001,16.39,0.77,+4.93%,58600
IMNM,2021-12-08,16.57,17.7572,16.57,17.23,0.84,+5.13%,59700
IMNM,2021-12-09,17.1,17.49,16.38,16.95,-0.28,-1.63%,31900
IMNM,2021-12-10,16.83,17.445,16.575,16.69,-0.26,-1.53%,41600
IMNM,2021-12-13,16.79,17.1857,16.165,16.74,0.05,+0.30%,38600
IMNM,2021-12-14,16.17,16.65,15.46,16.56,-0.18,-1.08%,53900
IMNM,2021-12-15,16.43,16.635,15.5,16.44,-0.12,-0.72%,51900
IMNM,2021-12-16,16.61,17.07,15.49,16.59,0.15,+0.91%,87800
IMNM,2021-12-17,15.99,17.1,15.98,16.36,-0.23,-1.39%,64500
IMNM,2021-12-20,16.45,16.45,14.59,15.38,-0.98,-5.99%,176200
IMNM,2021-12-21,15.45,15.75,15.0707,15.51,0.13,+0.85%,23300
IMNM,2021-12-22,15.57,16.13,15,15.78,0.27,+1.74%,50700
IMNM,2021-12-23,15.81,16.5,15.81,16.5,0.72,+4.56%,43900
IMNM,2021-12-27,16.63,16.63,16.065,16.09,-0.41,-2.48%,28200
IMNM,2021-12-28,15.88,16.39,14.91,15.02,-1.07,-6.65%,47700
IMNM,2021-12-29,15,15.15,14.1,14.42,-0.6,-3.99%,77800
IMNM,2021-12-30,14.37,14.4,13.5499,13.95,-0.47,-3.26%,88300
IMNM,2021-12-31,13.99,14.234,12.01,12.96,-0.99,-7.10%,173000
IMNM,2022-01-03,12.88,14.11,12.88,13.99,1.03,+7.95%,29500
IMNM,2022-01-04,13.67,13.9168,12.5,12.62,-1.37,-9.79%,30800
IMNM,2022-01-05,12.5,12.9078,11.51,11.64,-0.98,-7.77%,42800
IMNM,2022-01-06,11.6,12.15,11.25,11.86,0.22,+1.89%,27300
IMNM,2022-01-07,11.81,12.14,11.55,11.86,0,0.00%,18800
IMNM,2022-01-10,11.68,11.75,10.64,11.59,-0.27,-2.28%,72300
IMNM,2022-01-11,10.85,11.805,10.5272,11.64,0.05,+0.43%,70200
IMNM,2022-01-12,10.33,11.98,10.33,11.9,0.26,+2.23%,66900
IMNM,2022-01-13,11.81,12.35,10.89,11.05,-0.85,-7.14%,27600
IMNM,2022-01-14,10.72,10.9278,10.14,10.67,-0.38,-3.44%,22400
IMNM,2022-01-18,10.3,10.3,9.25,9.56,-1.11,-10.40%,60100
IMNM,2022-01-19,9.22,9.71,8.1,8.78,-0.78,-8.16%,118300
IMNM,2022-01-20,8.78,9.49,8.51,8.75,-0.03,-0.34%,89800
IMNM,2022-01-21,8.65,8.75,7.76,7.76,-0.99,-11.31%,124600
IMNM,2022-01-24,7.77,9.48,7.1871,9.27,1.51,+19.46%,142700
IMNM,2022-01-25,8.92,9.44,8.35,8.99,-0.28,-3.02%,58700
IMNM,2022-01-26,9.37,9.5,8.1,8.49,-0.5,-5.56%,61400
IMNM,2022-01-27,8.78,8.9418,7.3,7.81,-0.68,-8.01%,114900
IMNM,2022-01-28,7.84,8.69,7.8127,8.14,0.33,+4.23%,24500
IMNM,2022-01-31,8.12,8.96,8.12,8.96,0.82,+10.07%,34300
IMNM,2022-02-01,9.23,9.4,8.6277,9.02,0.06,+0.67%,42200
IMNM,2022-02-02,9.14,9.14,8.125,8.28,-0.74,-8.20%,44300
IMNM,2022-02-03,8.09,8.537,7.87,7.93,-0.35,-4.23%,18800
IMNM,2022-02-04,7.9,8.54,7.9,8.26,0.33,+4.16%,19100
IMNM,2022-02-07,8.22,8.66,8.1602,8.45,0.19,+2.30%,23300
IMNM,2022-02-08,9.05,9.2999,7.73,8.06,-0.39,-4.62%,108700
IMNM,2022-02-09,8.06,8.97,7.9746,8.59,0.53,+6.58%,46100
IMNM,2022-02-10,8.28,8.4,7.86,8.135,-0.455,-5.30%,40800
IMNM,2022-02-11,8.09,8.13,7.74,7.99,-0.145,-1.78%,22400
IMNM,2022-02-14,7.85,8.575,7.59,7.65,-0.34,-4.26%,15800
IMNM,2022-02-15,8.05,8.3,7.9,7.98,0.33,+4.31%,9200
IMNM,2022-02-16,7.81,8.105,7.76,7.9,-0.08,-1.00%,6600
IMNM,2022-02-17,7.76,8.0878,6.87,6.93,-0.97,-12.28%,27300
IMNM,2022-02-18,6.92,7.429,6.84,7.05,0.12,+1.73%,17800
IMNM,2022-02-22,6.88,6.95,6.27,6.81,-0.24,-3.40%,24601
IMNM,2022-02-23,6.98,6.98,6.08,6.08,-0.73,-10.72%,26800
IMNM,2022-02-24,6,7,5.99,7,0.92,+15.13%,50600
IMNM,2022-02-25,6.93,7.04,6.32,6.58,-0.42,-6.00%,43100
IMNM,2022-02-28,6.52,6.72,6.5,6.58,0,0.00%,9300
IMNM,2022-03-01,6.55,6.9171,6.24,6.3,-0.28,-4.26%,11900
IMNM,2022-03-02,6.36,6.41,5.99,5.99,-0.31,-4.92%,11200
IMNM,2022-03-03,6.24,6.24,5.4,5.79,-0.2,-3.34%,26300
IMNM,2022-03-04,5.79,6.1,5.26,5.26,-0.53,-9.15%,23400
IMNM,2022-03-07,5.18,5.25,3.97,4.17,-1.09,-20.72%,94500
IMNM,2022-03-08,3.93,4.2698,3.85,3.88,-0.29,-6.95%,111400
IMNM,2022-03-09,4.41,4.41,3.9,3.96,0.08,+2.06%,42100
IMNM,2022-03-10,4,4.29,3.88,4.27,0.31,+7.83%,44400
IMNM,2022-03-11,4.38,4.7814,3.88,3.93,-0.34,-7.96%,195656
IMNM,2022-03-14,4,4.25,3.7924,4.03,0.1,+2.54%,60400
IMNM,2022-03-15,4.05,4.27,3.91,3.91,-0.12,-2.98%,27600
IMNM,2022-03-16,4.07,4.3041,4.01,4.01,0.1,+2.56%,40700
IMNM,2022-03-17,4.06,4.34,4.06,4.32,0.31,+7.73%,23400
IMNM,2022-03-18,4.25,5.95,4.221,5.65,1.33,+30.79%,181900
IMNM,2022-03-21,5.9,6.13,4.8,4.87,-0.78,-13.81%,132200
IMNM,2022-03-22,5.2,5.2,4.68,4.73,-0.14,-2.87%,47800
IMNM,2022-03-23,4.66,4.9588,4.6,4.78,0.05,+1.06%,58000
IMNM,2022-03-24,4.69,5.14,4.69,5.1,0.32,+6.69%,22100
IMNM,2022-03-25,4.98,5.05,4.7201,4.82,-0.28,-5.49%,24900
IMNM,2022-03-28,5.06,6.4,5.02,5.93,1.11,+23.03%,668200
IMNM,2022-03-29,5.95,6.19,5.67,5.98,0.05,+0.84%,149200
IMNM,2022-03-30,5.83,6.05,5.42,5.53,-0.45,-7.53%,84200
IMNM,2022-03-31,5.53,5.72,5.43,5.68,0.15,+2.71%,49800
IMNM,2022-04-01,5.49,5.89,5.49,5.79,0.11,+1.94%,53900
IMNM,2022-04-04,6.02,6.02,5.5,5.77,-0.02,-0.35%,82700
IMNM,2022-04-05,5.7,5.9266,5.1594,5.31,-0.46,-7.97%,84100
IMNM,2022-04-06,5.19,5.31,5.02,5.18,-0.13,-2.45%,30300
IMNM,2022-04-07,5.13,5.4015,4.85,5.08,-0.1,-1.93%,26800
IMNM,2022-04-08,5.12,5.23,4.86,5.04,-0.04,-0.79%,22800
IMNM,2022-04-11,4.89,5.029,4.65,4.83,-0.21,-4.17%,39800
IMNM,2022-04-12,4.9,4.98,4.61,4.7,-0.13,-2.69%,25600
IMNM,2022-04-13,4.74,4.84,4.55,4.84,0.14,+2.98%,13000
IMNM,2022-04-14,4.83,5.5499,4.81,5.15,0.31,+6.40%,237900
IMNM,2022-04-18,5.08,5.15,4.07,4.31,-0.84,-16.31%,142800
IMNM,2022-04-19,4.3,4.7599,4.22,4.57,0.26,+6.03%,132800
IMNM,2022-04-20,4.63,4.63,4.38,4.53,-0.04,-0.88%,13800
IMNM,2022-04-21,4.63,4.63,4.12,4.24,-0.29,-6.40%,40800
IMNM,2022-04-22,4.15,4.2919,3.92,3.94,-0.3,-7.08%,37900
IMNM,2022-04-25,4.02,4.13,3.88,4,0.06,+1.52%,30000
IMNM,2022-04-26,4.05,4.13,3.55,3.68,-0.32,-8.00%,226200
IMNM,2022-04-27,2.88,4.07,2.81,3.55,-0.13,-3.53%,943800
IMNM,2022-04-28,3.48,4.1,3.48,4.03,0.48,+13.52%,61200
IMNM,2022-04-29,4.03,4.03,3.75,3.76,-0.27,-6.70%,46200
IMNM,2022-05-02,3.63,4,3.54,3.84,0.08,+2.13%,30500
IMNM,2022-05-03,3.88,4,3.82,3.88,0.04,+1.04%,12100
IMNM,2022-05-04,3.81,4,3.64,3.96,0.08,+2.06%,21900
IMNM,2022-05-05,3.92,3.925,3.12,3.25,-0.71,-17.93%,50700
IMNM,2022-05-06,3.33,3.33,3.01,3.1,-0.15,-4.62%,37600
IMNM,2022-05-09,3.01,3.08,2.56,2.71,-0.39,-12.58%,61100
IMNM,2022-05-10,2.86,2.91,2.68,2.89,0.18,+6.64%,33200
IMNM,2022-05-11,2.7,2.81,2.09,2.3,-0.59,-20.42%,141500
IMNM,2022-05-12,2.34,2.75,2.3,2.54,0.24,+10.43%,49800
IMNM,2022-05-13,2.66,2.68,2.23,2.24,-0.3,-11.81%,35500
IMNM,2022-05-16,2.28,2.46,2.28,2.45,0.21,+9.38%,29700
IMNM,2022-05-17,2.45,2.79,2.45,2.75,0.3,+12.24%,54300
IMNM,2022-05-18,2.76,2.87,2.6151,2.84,0.09,+3.27%,50500
IMNM,2022-05-19,2.78,3.84,2.77,3.35,0.51,+17.96%,236500
IMNM,2022-05-20,3.33,3.4187,3.16,3.3,-0.05,-1.49%,53400
IMNM,2022-05-23,3.35,3.44,3.1484,3.31,0.01,+0.30%,32400
IMNM,2022-05-24,3.175,3.45,3.1035,3.34,0.03,+0.91%,126400
IMNM,2022-05-25,3.31,3.31,2.9437,3,-0.34,-10.18%,64800
IMNM,2022-05-26,3.1,3.29,3,3.25,0.25,+8.33%,22200
IMNM,2022-05-27,3.15,3.4899,3.12,3.42,0.17,+5.23%,26900
IMNM,2022-05-31,3.58,3.94,3.4292,3.89,0.47,+13.74%,28800
IMNM,2022-06-01,3.88,3.99,3.55,3.62,-0.27,-6.94%,18700
IMNM,2022-06-02,3.66,3.87,3.66,3.75,0.13,+3.59%,12100
IMNM,2022-06-03,3.71,3.86,3.5,3.86,0.11,+2.93%,19700
IMNM,2022-06-06,3.86,3.9899,3.785,3.94,0.08,+2.07%,17800
IMNM,2022-06-07,3.68,3.97,3.61,3.92,-0.02,-0.51%,16700
IMNM,2022-06-08,3.92,4.3799,3.9001,4.11,0.19,+4.85%,70800
IMNM,2022-06-09,4.207,4.2399,3.9,3.96,-0.15,-3.65%,45400
IMNM,2022-06-10,3.9,3.9,3.28,3.37,-0.59,-14.90%,46800
IMNM,2022-06-13,3.26,3.28,3,3.08,-0.29,-8.61%,25900
IMNM,2022-06-14,3.25,3.25,2.95,2.98,-0.1,-3.25%,18900
IMNM,2022-06-15,2.95,3.18,2.91,2.97,-0.01,-0.34%,35200
IMNM,2022-06-16,2.86,3.16,2.62,2.62,-0.35,-11.78%,49100
IMNM,2022-06-17,2.65,2.77,2.51,2.54,-0.08,-3.05%,32300
IMNM,2022-06-21,2.6,3.11,2.6,2.71,0.17,+6.69%,11400
IMNM,2022-06-22,2.8,2.95,2.8,2.91,0.2,+7.38%,29800
IMNM,2022-06-23,2.95,3.115,2.75,2.92,0.01,+0.34%,24100
IMNM,2022-06-24,2.97,3.26,2.94,2.95,0.03,+1.03%,28300
IMNM,2022-06-27,3.43,3.43,2.8301,2.84,-0.11,-3.73%,11700
IMNM,2022-06-28,2.8,2.915,2.5807,2.79,-0.05,-1.76%,11900
IMNM,2022-06-29,2.75,2.76,2.62,2.62,-0.17,-6.09%,5500
IMNM,2022-06-30,2.58,3.61,2.58,3.21,0.59,+22.52%,499300
IMNM,2022-07-01,3.32,3.47,3.16,3.39,0.18,+5.61%,35600
IMNM,2022-07-05,3.02,3.56,3,3.42,0.03,+0.88%,13000
IMNM,2022-07-06,3.51,3.95,3.48,3.85,0.43,+12.57%,54400
IMNM,2022-07-07,3.85,4.25,3.8464,4.12,0.27,+7.01%,54900
IMNM,2022-07-08,3.972,4.2,3.972,4.19,0.07,+1.70%,32800
IMNM,2022-07-11,4.2,4.2,3.9,4.08,-0.11,-2.63%,16300
IMNM,2022-07-12,4.12,4.12,3.58,3.7,-0.38,-9.31%,7700
IMNM,2022-07-13,3.69,4,3.62,3.9,0.2,+5.41%,3200
IMNM,2022-07-14,3.63,3.99,3.6,3.84,-0.06,-1.54%,9900
IMNM,2022-07-15,3.9787,3.9787,3.5997,3.93,0.09,+2.34%,6800
IMNM,2022-07-18,4.12,4.26,3.9,4.04,0.11,+2.80%,57300
IMNM,2022-07-19,4.18,4.49,4.0143,4.21,0.17,+4.21%,34100
IMNM,2022-07-20,4.1891,4.2097,4.0544,4.06,-0.15,-3.56%,10500
IMNM,2022-07-21,4.06,4.35,4.06,4.27,0.21,+5.17%,35100
IMNM,2022-07-22,4.05,4.22,4.01,4.095,-0.175,-4.10%,11100
IMNM,2022-07-25,4.13,4.16,3.77,3.81,-0.285,-6.96%,8300
IMNM,2022-07-26,3.76,3.85,3.5501,3.58,-0.23,-6.04%,20400
IMNM,2022-07-27,3.69,3.93,3.61,3.9,0.32,+8.94%,5200
IMNM,2022-07-28,3.8438,3.9699,3.75,3.77,-0.13,-3.33%,18800
IMNM,2022-07-29,3.77,3.885,3.69,3.885,0.115,+3.05%,14500
IMNM,2022-08-01,3.79,3.87,3.69,3.75,-0.135,-3.47%,41700
IMNM,2022-08-02,3.73,3.73,3.61,3.61,-0.14,-3.73%,7400
IMNM,2022-08-03,3.72,3.88,3.6749,3.76,0.15,+4.16%,13000
IMNM,2022-08-04,3.7344,4.4202,3.7344,4.25,0.49,+13.03%,66000
IMNM,2022-08-05,4.19,4.99,4.13,4.99,0.74,+17.41%,73300
IMNM,2022-08-08,5.18,5.18,4.8201,5.07,0.08,+1.60%,20400
IMNM,2022-08-09,4.91,5.03,4.65,4.68,-0.39,-7.69%,37100
IMNM,2022-08-10,4.75,4.9,4.5975,4.83,0.15,+3.21%,8600
IMNM,2022-08-11,4.98,5.25,4.97,5.17,0.34,+7.04%,36400
IMNM,2022-08-12,5.25,5.6943,5.1105,5.36,0.19,+3.68%,57300
IMNM,2022-08-15,5.3,5.8,5.0069,5.3,-0.06,-1.12%,80600
IMNM,2022-08-16,5.4499,5.45,5.2963,5.43,0.13,+2.45%,17200
IMNM,2022-08-17,5.33,5.642,5.33,5.47,0.04,+0.74%,31900
IMNM,2022-08-18,5.5,5.5,5.215,5.4,-0.07,-1.28%,51000
IMNM,2022-08-19,5.3,5.3,5.11,5.25,-0.15,-2.78%,29600
IMNM,2022-08-22,5.06,5.82,4.62,5.54,0.29,+5.52%,53600
IMNM,2022-08-23,5.36,5.94,5.36,5.87,0.33,+5.96%,58500
IMNM,2022-08-24,5.53,6.24,5.42,6,0.13,+2.21%,48900
IMNM,2022-08-25,6.15,6.15,5.945,6.14,0.14,+2.33%,37600
IMNM,2022-08-26,6.02,6.13,6,6.12,-0.02,-0.33%,39100
IMNM,2022-08-29,6.01,6.1,5.5332,5.71,-0.41,-6.70%,23200
IMNM,2022-08-30,5.7,5.7,5.5,5.69,-0.02,-0.35%,21200
IMNM,2022-08-31,5.74,5.85,5.6,5.74,0.05,+0.88%,9400
IMNM,2022-09-01,5.74,5.75,5.3,5.7,-0.04,-0.70%,80600
IMNM,2022-09-02,5.65,5.66,5.3,5.3,-0.4,-7.02%,46500
IMNM,2022-09-06,5.47,5.47,5.14,5.2,-0.1,-1.89%,24900
IMNM,2022-09-07,5.17,5.2009,4.65,5.02,-0.18,-3.46%,18100
IMNM,2022-09-08,4.61,5.17,4.57,5.17,0.15,+2.99%,11000
IMNM,2022-09-09,5.17,5.44,5.17,5.35,0.18,+3.48%,14600
IMNM,2022-09-12,5.33,5.9304,5.3199,5.55,0.2,+3.74%,8000
IMNM,2022-09-13,5.15,5.37,4.89,5,-0.55,-9.91%,55000
IMNM,2022-09-14,4.966,5.08,4.966,5.01,0.01,+0.20%,8700
IMNM,2022-09-15,5,5.174,5,5.09,0.08,+1.60%,5800
IMNM,2022-09-16,5.13,5.143,4.88,5.08,-0.01,-0.20%,8800
IMNM,2022-09-19,4.94,5.0538,4.84,4.87,-0.21,-4.13%,5900
IMNM,2022-09-20,4.87,4.94,4.81,4.86,-0.01,-0.21%,14000
IMNM,2022-09-21,4.81,5.08,4.81,4.82,-0.04,-0.82%,8600
IMNM,2022-09-22,4.85,4.93,4.81,4.81,-0.01,-0.21%,7300
IMNM,2022-09-23,4.85,4.915,4.71,4.75,-0.06,-1.25%,10100
IMNM,2022-09-26,4.6,4.78,4.07,4.16,-0.59,-12.42%,17400
IMNM,2022-09-27,4.32,4.32,4.02,4.175,0.015,+0.36%,36400
IMNM,2022-09-28,4.11,4.57,4.03,4.27,0.095,+2.28%,20600
IMNM,2022-09-29,4.16,4.4719,4.16,4.27,0,0.00%,18000
IMNM,2022-09-30,4.27,4.76,4.2606,4.44,0.17,+3.98%,26400
IMNM,2022-10-03,4.45,5.1,4.4352,4.79,0.35,+7.88%,5400
IMNM,2022-10-04,4.77,5.1,4.68,4.74,-0.05,-1.04%,3600
IMNM,2022-10-05,4.59,4.75,4.535,4.72,-0.02,-0.42%,3500
IMNM,2022-10-06,4.8,4.86,4.7308,4.86,0.14,+2.97%,3900
IMNM,2022-10-07,4.74,4.74,4.14,4.37,-0.49,-10.08%,4300
IMNM,2022-10-10,4.31,4.98,4.31,4.4599,0.0899,+2.06%,12800
IMNM,2022-10-11,4.35,4.72,4.35,4.51,0.0501,+1.12%,4200
IMNM,2022-10-12,4.86,5.02,4.6,4.99,0.48,+10.64%,1000
IMNM,2022-10-13,5,5,4.63,5,0.01,+0.20%,25000
IMNM,2022-10-14,5.13,5.13,4.6684,4.76,-0.24,-4.80%,13600
IMNM,2022-10-17,4.37,5.05,4.3679,4.59,-0.17,-3.57%,5600
IMNM,2022-10-18,4.7507,5.08,4.7022,4.75,0.16,+3.49%,10500
IMNM,2022-10-19,4.64,4.64,4.3,4.36,-0.39,-8.21%,9100
IMNM,2022-10-20,4.65,4.6662,4.5,4.65,0.29,+6.65%,1200
IMNM,2022-10-21,4.6,4.66,4.4008,4.53,-0.12,-2.58%,8700
IMNM,2022-10-24,4.46,4.52,4.4,4.4,-0.13,-2.87%,9400
IMNM,2022-10-25,4.24,4.46,4.21,4.375,-0.025,-0.57%,10300
IMNM,2022-10-26,4.3,4.61,4.19,4.37,-0.005,-0.11%,2600
IMNM,2022-10-27,4.3484,4.57,4.3484,4.57,0.2,+4.58%,4400
IMNM,2022-10-28,4.443,4.56,4.443,4.56,-0.01,-0.22%,2800
IMNM,2022-10-31,4.5,4.5,4.36,4.36,-0.2,-4.39%,1700
IMNM,2022-11-01,4.5,4.5,4.38,4.4,0.04,+0.92%,8300
IMNM,2022-11-02,4.5,4.5,4.06,4.06,-0.34,-7.73%,4300
IMNM,2022-11-03,4,4.18,3.86,4.18,0.12,+2.96%,10200
IMNM,2022-11-07,4.14,5.04,4.14,4.69,0.51,+12.20%,43800
IMNM,2022-11-08,4.41,4.85,4.1201,4.25,-0.44,-9.38%,12300
IMNM,2022-11-09,4.26,4.34,4,4.15,-0.1,-2.35%,32900
IMNM,2022-11-10,4.3,4.49,3.9514,4.1,-0.05,-1.20%,49400
IMNM,2022-11-11,4.0841,4.22,4.0841,4.155,0.055,+1.34%,700
IMNM,2022-11-14,4.13,4.18,3.92,4.18,0.025,+0.60%,8100
IMNM,2022-11-15,4.37,4.43,3.9301,4.155,-0.025,-0.60%,3100
IMNM,2022-11-16,4.15,4.15,3.8937,3.98,-0.175,-4.21%,9100
IMNM,2022-11-17,4,4.02,3.27,3.45,-0.53,-13.32%,29100
IMNM,2022-11-18,3.29,3.6767,3.01,3.01,-0.44,-12.75%,57300
IMNM,2022-11-21,3.1,3.19,3.05,3.11,0.1,+3.32%,25100
IMNM,2022-11-22,3.0825,3.26,3.0825,3.26,0.15,+4.82%,15300
IMNM,2022-11-23,3.51,3.5739,3.1798,3.525,0.265,+8.13%,12300
IMNM,2022-11-25,3.65,3.9,3.6256,3.8,0.275,+7.80%,5500
IMNM,2022-11-28,3.6,3.62,3.3,3.5,-0.3,-7.89%,8100
IMNM,2022-11-29,3.41,3.83,3.3262,3.73,0.23,+6.57%,29100
IMNM,2022-11-30,3.75,4.56,3.75,4.325,0.595,+15.95%,30200
IMNM,2022-12-01,4.1,4.579,4.07,4.48,0.155,+3.58%,31400
IMNM,2022-12-02,4.16,5.0527,4.16,4.4,-0.08,-1.79%,81800
IMNM,2022-12-05,4.41,4.7,4.2,4.2,-0.2,-4.55%,11300
IMNM,2022-12-06,4.14,4.15,3.85,4,-0.2,-4.76%,16700
IMNM,2022-12-07,3.81,4.23,3.37,4.23,0.23,+5.75%,19500
IMNM,2022-12-08,4.04,4.17,3.845,3.99,-0.24,-5.67%,8700
IMNM,2022-12-09,3.99,4.13,3.75,3.9,-0.09,-2.26%,15500
IMNM,2022-12-12,3.79,3.97,3.79,3.85,-0.05,-1.28%,8800
IMNM,2022-12-13,3.85,3.97,3.79,3.86,0.01,+0.26%,32700
IMNM,2022-12-14,3.89,3.99,3.8,3.8,-0.06,-1.55%,7100
IMNM,2022-12-15,3.78,3.86,3.61,3.85,0.05,+1.32%,31900
IMNM,2022-12-16,3.75,4.01,3.75,3.81,-0.04,-1.04%,46500
IMNM,2022-12-19,3.7,3.7,3.4,3.52,-0.29,-7.61%,6505
IMNM,2022-12-20,3.17,3.76,3.16,3.75,0.23,+6.53%,17600
IMNM,2022-12-21,3.83,3.94,3.11,3.14,-0.61,-16.27%,47400
IMNM,2022-12-22,3.07,3.4,3.07,3.14,0,0.00%,14100
IMNM,2022-12-23,3.25,3.32,3.14,3.15,0.01,+0.32%,29100
IMNM,2022-12-27,3.1,3.24,2.765,2.78,-0.37,-11.75%,21300
IMNM,2022-12-28,2.85,2.89,2.54,2.54,-0.24,-8.63%,13300
IMNM,2022-12-29,2.6,2.6,2.48,2.4885,-0.0515,-2.03%,22200
IMNM,2022-12-30,2.49,2.6604,2.2,2.21,-0.2785,-11.19%,106600
IMNM,2023-01-03,2.4,3.45,2.4,3.26,1.05,+47.51%,218000
IMNM,2023-01-04,3.16,3.91,3.16,3.8,0.54,+16.56%,112300
IMNM,2023-01-05,3.85,5.46,3.6577,4.71,0.91,+23.95%,215100
IMNM,2023-01-06,5.73,6,4.1001,4.72,0.01,+0.21%,1787600
IMNM,2023-01-09,4.49,4.65,3.85,3.99,-0.73,-15.47%,302100
IMNM,2023-01-10,4.05,4.39,3.95,3.97,-0.02,-0.50%,73800
IMNM,2023-01-11,3.98,4.05,3.75,3.98,0.01,+0.25%,103400
IMNM,2023-01-12,3.95,4,3.8292,3.94,-0.04,-1.01%,79700
IMNM,2023-01-13,3.92,4.0699,3.9,4,0.06,+1.52%,90600
IMNM,2023-01-17,4.05,4.7,4.05,4.61,0.61,+15.25%,82400
IMNM,2023-01-18,4.71,5.2099,4.7,4.85,0.24,+5.21%,210200
IMNM,2023-01-19,4.85,4.95,4.7,4.86,0.01,+0.21%,52000
IMNM,2023-01-20,4.92,5.17,4.83,5.13,0.27,+5.56%,85300
IMNM,2023-01-23,5.12,5.45,5.0376,5.42,0.29,+5.65%,81000
IMNM,2023-01-24,5.31,5.53,5.22,5.52,0.1,+1.85%,96400
IMNM,2023-01-25,5.38,5.49,4.852,5,-0.52,-9.42%,97300
IMNM,2023-01-26,5.13,5.18,4.82,5.05,0.05,+1.00%,47100
IMNM,2023-01-27,5.16,5.41,5.11,5.27,0.22,+4.36%,43900
IMNM,2023-01-30,5.35,5.5799,4.88,5.13,-0.14,-2.66%,58500
IMNM,2023-01-31,5.28,5.33,5.09,5.29,0.16,+3.12%,29400
IMNM,2023-02-01,5.19,5.3,5.0501,5.26,-0.03,-0.57%,37400
IMNM,2023-02-02,5.25,5.3,4.9,5.16,-0.1,-1.90%,72000
IMNM,2023-02-03,5,5.3,4.5,5.25,0.09,+1.74%,61900
IMNM,2023-02-06,5.14,5.5399,5.11,5.355,0.105,+2.00%,57300
IMNM,2023-02-07,5.26,5.5499,5.13,5.37,0.015,+0.28%,46200
IMNM,2023-02-08,5.38,5.43,5.3,5.35,-0.02,-0.37%,15200
IMNM,2023-02-09,5.3,5.4085,5.25,5.31,-0.04,-0.75%,59300
IMNM,2023-02-10,5.3,5.55,5.25,5.47,0.16,+3.01%,45800
IMNM,2023-02-13,5.4,5.7,5.2801,5.41,-0.06,-1.10%,76500
IMNM,2023-02-14,5.42,5.63,5.29,5.45,0.04,+0.74%,59600
IMNM,2023-02-15,5.31,5.53,5.22,5.47,0.02,+0.37%,47700
IMNM,2023-02-16,5.43,5.755,5.3198,5.62,0.15,+2.74%,83000
IMNM,2023-02-17,5.52,5.78,5.47,5.68,0.06,+1.07%,40700
IMNM,2023-02-21,5.54,5.55,5.08,5.14,-0.54,-9.51%,82000
IMNM,2023-02-22,5.17,5.2642,5.15,5.15,0.01,+0.19%,17200
IMNM,2023-02-23,5.18,5.2091,5,5.04,-0.11,-2.14%,19500
IMNM,2023-02-24,5,5.1219,4.81,4.88,-0.16,-3.17%,31700
IMNM,2023-02-27,4.94,4.94,4.04,4.4,-0.48,-9.84%,113500
IMNM,2023-02-28,4.31,4.62,4.25,4.57,0.17,+3.86%,33500
IMNM,2023-03-01,4.6,4.66,4.4,4.54,-0.03,-0.66%,19200
IMNM,2023-03-02,4.51,4.6,4.32,4.44,-0.1,-2.20%,36800
IMNM,2023-03-03,4.47,4.56,4.3696,4.5,0.06,+1.35%,18900
IMNM,2023-03-06,4.51,4.58,4.3,4.47,-0.03,-0.67%,30800
IMNM,2023-03-07,4.35,4.42,4.23,4.33,-0.14,-3.13%,19100
IMNM,2023-03-08,4.27,4.4397,4.18,4.34,0.01,+0.23%,52300
IMNM,2023-03-09,4.29,4.3452,4.24,4.29,-0.05,-1.15%,21900
IMNM,2023-03-10,4.29,4.36,4.29,4.31,0.02,+0.47%,29300
IMNM,2023-03-13,4.22,4.58,4.22,4.22,-0.09,-2.09%,20300
IMNM,2023-03-14,4.31,4.9,4.31,4.58,0.36,+8.53%,66900
IMNM,2023-03-15,4.63,5.1,4.63,4.71,0.13,+2.84%,33600
IMNM,2023-03-16,4.7204,5.35,4.72,5.145,0.435,+9.24%,64000
IMNM,2023-03-17,5.02,5.69,5.0149,5.69,0.545,+10.59%,36301
IMNM,2023-03-20,5.63,5.7,5.07,5.65,-0.04,-0.70%,41200
IMNM,2023-03-21,5.79,5.79,5.28,5.6,-0.05,-0.88%,22300
IMNM,2023-03-22,5.6,5.6,5.28,5.37,-0.23,-4.11%,16500
IMNM,2023-03-23,5.19,5.38,5.05,5.16,-0.21,-3.91%,29200
IMNM,2023-03-24,5.01,5.15,4.985,5.09,-0.07,-1.36%,7400
IMNM,2023-03-27,5.19,5.5,5,5,-0.09,-1.77%,29300
IMNM,2023-03-28,5,5.05,4.89,4.9,-0.1,-2.00%,16700
IMNM,2023-03-29,4.59,5.2399,4.55,5,0.1,+2.04%,14600
IMNM,2023-03-30,5.07,5.08,4.9,5.05,0.05,+1.00%,7300
IMNM,2023-03-31,5.1399,5.25,4.8997,4.99,-0.06,-1.19%,18700
IMNM,2023-04-03,5.065,5.15,4.61,4.725,-0.265,-5.31%,13700
IMNM,2023-04-04,4.588,4.9,4.4432,4.81,0.085,+1.80%,14400
IMNM,2023-04-05,4.84,5.2,4.71,5.2,0.39,+8.11%,18200
IMNM,2023-04-06,5.2,5.25,4.97,5.2,0,0.00%,11200
IMNM,2023-04-10,5.07,5.4599,5.04,5.4,0.2,+3.85%,23700
IMNM,2023-04-11,5.44,5.53,5.0201,5.25,-0.15,-2.78%,15500
IMNM,2023-04-12,5.32,5.32,5.04,5.07,-0.18,-3.43%,2500
IMNM,2023-04-13,5.09,5.09,4.57,4.7,-0.37,-7.30%,39500
IMNM,2023-04-14,4.64,5.1,4.6,4.82,0.12,+2.55%,21300
IMNM,2023-04-17,4.97,5.62,4.9502,5.5,0.68,+14.11%,54400
IMNM,2023-04-18,5.5,5.65,5.32,5.51,0.01,+0.18%,145200
IMNM,2023-04-19,5.33,5.71,5.33,5.55,0.04,+0.73%,23900
IMNM,2023-04-20,5.42,5.5353,5.23,5.31,-0.24,-4.32%,14600
IMNM,2023-04-21,5.33,5.43,5.2889,5.3,-0.01,-0.19%,15300
IMNM,2023-04-24,5.56,5.6,5.28,5.3,0,0.00%,29000
IMNM,2023-04-25,5.3292,5.555,5.3101,5.55,0.25,+4.72%,3800
IMNM,2023-04-26,5.6,5.6,5.3,5.3,-0.25,-4.50%,25300
IMNM,2023-04-27,5.54,5.6996,5.32,5.32,0.02,+0.38%,15100
IMNM,2023-04-28,5.32,5.4,4.78,4.79,-0.53,-9.96%,32500
IMNM,2023-05-01,4.74,5.2399,4.44,5.02,0.23,+4.80%,21700
IMNM,2023-05-02,5.105,5.2317,4.88,5.17,0.15,+2.99%,23400
IMNM,2023-05-03,5.1,5.33,5,5.09,-0.08,-1.55%,37200
IMNM,2023-05-04,5.23,5.66,5.23,5.63,0.54,+10.61%,54000
IMNM,2023-05-05,5.55,5.6999,5.38,5.4,-0.23,-4.09%,35500
IMNM,2023-05-08,5.45,6.15,5.4167,5.76,0.36,+6.67%,78100
IMNM,2023-05-09,5.8,6.25,5.8,6.25,0.49,+8.51%,61500
IMNM,2023-05-10,6.25,6.3,6.01,6.3,0.05,+0.80%,46800
IMNM,2023-05-11,6.11,6.53,6,6.36,0.06,+0.95%,54900
IMNM,2023-05-12,6.41,6.92,6.405,6.83,0.47,+7.39%,47300
IMNM,2023-05-15,6.88,7.42,6.09,6.22,-0.61,-8.93%,110500
IMNM,2023-05-16,6.29,6.29,5.71,5.71,-0.51,-8.20%,21900
IMNM,2023-05-17,6,6.29,5.34,5.67,-0.04,-0.70%,38000
IMNM,2023-05-18,5.934,5.934,5.39,5.44,-0.23,-4.06%,15700
IMNM,2023-05-19,5.56,5.68,5.3132,5.565,0.125,+2.30%,19600
IMNM,2023-05-22,5.65,5.8066,4.99,5.1,-0.465,-8.36%,42900
IMNM,2023-05-23,5.23,5.985,5.135,5.69,0.59,+11.57%,39000
IMNM,2023-05-24,5.49,5.73,5.25,5.73,0.04,+0.70%,7800
IMNM,2023-05-25,5.75,5.84,5.2735,5.29,-0.44,-7.68%,28100
IMNM,2023-05-26,5.29,5.6481,5,5.12,-0.17,-3.21%,36900
IMNM,2023-05-30,5.19,5.79,5.0201,5.12,0,0.00%,21100
IMNM,2023-05-31,5.29,5.44,5.12,5.24,0.12,+2.34%,8400
IMNM,2023-06-01,5.21,5.58,5.21,5.42,0.18,+3.44%,12700
IMNM,2023-06-02,5.27,5.36,5.26,5.28,-0.14,-2.58%,7400
IMNM,2023-06-05,5.29,5.43,5.16,5.16,-0.12,-2.27%,16000
IMNM,2023-06-06,5.29,5.35,4.77,4.93,-0.23,-4.46%,29800
IMNM,2023-06-07,4.94,5.19,4.94,4.98,0.05,+1.01%,51300
IMNM,2023-06-08,4.97,5.25,4.76,4.84,-0.14,-2.81%,40700
IMNM,2023-06-09,4.72,5.075,4.5,4.75,-0.09,-1.86%,16900
IMNM,2023-06-12,4.76,5.1,4.76,4.97,0.22,+4.63%,16600
IMNM,2023-06-13,5.02,5.27,4.9701,5.19,0.22,+4.43%,14900
IMNM,2023-06-14,5.2,5.33,5.2,5.28,0.09,+1.73%,13400
IMNM,2023-06-15,5.31,5.49,5.25,5.34,0.06,+1.14%,9700
IMNM,2023-06-16,5.3219,5.8399,5.3201,5.79,0.45,+8.43%,51100
IMNM,2023-06-20,5.72,5.93,5.67,5.68,-0.11,-1.90%,18700
IMNM,2023-06-21,5.64,5.84,5.49,5.68,0,0.00%,12100
IMNM,2023-06-22,5.56,5.74,5.26,5.35,-0.33,-5.81%,23000
IMNM,2023-06-23,5.47,5.58,5.45,5.57,0.22,+4.11%,6300
IMNM,2023-06-26,5.8372,5.8372,5.335,5.35,-0.22,-3.95%,3300
IMNM,2023-06-27,5.45,5.7,5.45,5.65,0.3,+5.61%,21700
IMNM,2023-06-28,5.68,6.5774,5.68,5.91,0.26,+4.60%,70700
IMNM,2023-06-29,8.88,8.98,7.2001,7.7,1.79,+30.29%,11626600
IMNM,2023-06-30,7.64,7.91,7.1901,7.91,0.21,+2.73%,486700
IMNM,2023-07-03,7.91,8.32,7.4,8.01,0.1,+1.26%,312200
IMNM,2023-07-05,7.74,8.65,7.74,8.6,0.59,+7.37%,257900
IMNM,2023-07-06,8.65,9.24,8.2,9.16,0.56,+6.51%,498700
IMNM,2023-07-07,8.82,8.97,8.36,8.97,-0.19,-2.07%,298300
IMNM,2023-07-10,9,9,7.83,8.2,-0.77,-8.58%,160200
IMNM,2023-07-11,7.96,8.92,7.95,8.69,0.49,+5.98%,176700
IMNM,2023-07-12,8.79,8.79,8.14,8.36,-0.33,-3.80%,91800
IMNM,2023-07-13,8.63,8.63,7.89,7.97,-0.39,-4.67%,117600
IMNM,2023-07-14,7.97,8.37,7.69,7.77,-0.2,-2.51%,105000
IMNM,2023-07-17,7.82,7.95,7.69,7.77,0,0.00%,58600
IMNM,2023-07-18,7.66,7.89,7.54,7.75,-0.02,-0.26%,91400
IMNM,2023-07-19,7.72,8.04,7.59,7.68,-0.07,-0.90%,68000
IMNM,2023-07-20,7.56,7.75,7.25,7.3,-0.38,-4.95%,92000
IMNM,2023-07-21,7.3,7.3925,7.09,7.12,-0.18,-2.47%,148700
IMNM,2023-07-24,7.23,7.43,7.145,7.27,0.15,+2.11%,31100
IMNM,2023-07-25,7.18,7.24,6.98,7.04,-0.23,-3.16%,52900
IMNM,2023-07-26,7.04,7.495,7.04,7.4,0.36,+5.11%,53200
IMNM,2023-07-27,7.4,7.46,7.12,7.12,-0.28,-3.78%,28200
IMNM,2023-07-28,7.16,7.53,7.16,7.46,0.34,+4.78%,25600
IMNM,2023-07-31,7.54,7.6241,7.15,7.16,-0.3,-4.02%,28200
IMNM,2023-08-01,7.23,7.435,7.105,7.25,0.09,+1.26%,30700
IMNM,2023-08-02,7.18,7.24,6.7167,7.1,-0.15,-2.07%,70200
IMNM,2023-08-03,7.23,7.32,7.05,7.2,0.1,+1.41%,29100
IMNM,2023-08-04,7.3,7.36,7.1,7.27,0.07,+0.97%,10200
IMNM,2023-08-07,7.18,7.29,7.05,7.255,-0.015,-0.21%,17800
IMNM,2023-08-08,7.18,7.39,7.0601,7.19,-0.065,-0.90%,42200
IMNM,2023-08-09,7.01,7.38,7.01,7.04,-0.15,-2.09%,53200
IMNM,2023-08-10,7.09,7.395,6.84,7.05,0.01,+0.14%,89600
IMNM,2023-08-11,7.044,7.29,7.04,7.265,0.215,+3.05%,15700
IMNM,2023-08-14,7.19,7.3,7.13,7.13,-0.135,-1.86%,10800
IMNM,2023-08-15,7.23,7.5521,7.12,7.45,0.32,+4.49%,16800
IMNM,2023-08-16,7.4,7.54,7.23,7.3,-0.15,-2.01%,11200
IMNM,2023-08-17,7.21,7.43,6.9,7,-0.3,-4.11%,33400
IMNM,2023-08-18,7,7.245,7,7.07,0.07,+1.00%,22000
IMNM,2023-08-21,7.07,7.33,7.06,7.08,0.01,+0.14%,22200
IMNM,2023-08-22,7.09,7.39,6.95,7.02,-0.06,-0.85%,48800
IMNM,2023-08-23,7.02,7.32,6.91,7.095,0.075,+1.07%,16900
IMNM,2023-08-24,7.1101,7.12,6.9301,7.03,-0.065,-0.92%,2600
IMNM,2023-08-25,6.91,6.97,6.21,6.26,-0.77,-10.95%,68800
IMNM,2023-08-28,6.21,6.4931,6.2,6.21,-0.05,-0.80%,59000
IMNM,2023-08-29,6.21,6.4499,6.21,6.28,0.07,+1.13%,15100
IMNM,2023-08-30,6.36,6.49,6.14,6.27,-0.01,-0.16%,79500
IMNM,2023-08-31,6.37,6.45,6.19,6.45,0.18,+2.87%,46000
IMNM,2023-09-01,6.47,6.6,6.3528,6.54,0.09,+1.40%,24400
IMNM,2023-09-05,6.49,6.9564,6.49,6.66,0.12,+1.83%,31500
IMNM,2023-09-06,6.62,6.75,6.17,6.17,-0.49,-7.36%,27000
IMNM,2023-09-07,6.13,7.09,6.13,7.01,0.84,+13.61%,65000
IMNM,2023-09-08,7,7.5,6.76,7.47,0.46,+6.56%,72800
IMNM,2023-09-11,7.37,7.95,7.37,7.81,0.34,+4.55%,44200
IMNM,2023-09-12,7.87,7.87,7.3101,7.45,-0.36,-4.61%,20400
IMNM,2023-09-13,7.4,7.44,7.2001,7.34,-0.11,-1.48%,10700
IMNM,2023-09-14,7.6332,7.6848,7.22,7.48,0.14,+1.91%,15900
IMNM,2023-09-15,7.59,7.59,7.26,7.26,-0.22,-2.94%,48900
IMNM,2023-09-18,7.25,7.39,6.8971,7.31,0.05,+0.69%,11700
IMNM,2023-09-19,7.22,7.265,7.02,7.26,-0.05,-0.68%,10200
IMNM,2023-09-20,7.22,7.22,7.1,7.12,-0.14,-1.93%,6300
IMNM,2023-09-21,6.85,7.42,6.65,7.22,0.1,+1.40%,26500
IMNM,2023-09-22,7.2,7.3,6.9,7.235,0.015,+0.21%,17100
IMNM,2023-09-25,7.18,7.369,7.02,7.02,-0.215,-2.97%,3500
IMNM,2023-09-26,6.81,7.4025,6.8001,7.37,0.35,+4.99%,45400
IMNM,2023-09-27,7.4,7.86,7.4,7.55,0.18,+2.44%,44500
IMNM,2023-09-28,7.65,8.39,7.5501,8.09,0.54,+7.15%,82400
IMNM,2023-09-29,8.14,8.555,8.14,8.35,0.26,+3.21%,71400
IMNM,2023-10-02,8.38,8.48,8.02,8.2,-0.15,-1.80%,30600
IMNM,2023-10-03,8.1,8.235,7.67,7.95,-0.25,-3.05%,95800
IMNM,2023-10-04,7.93,7.93,7.55,7.61,-0.34,-4.28%,26100
IMNM,2023-10-05,8.29,8.29,7.43,7.51,-0.1,-1.31%,62800
IMNM,2023-10-06,7.51,8,7.35,7.71,0.2,+2.66%,114400
IMNM,2023-10-09,7.91,8.08,7.7,7.85,0.14,+1.82%,110300
IMNM,2023-10-10,7.83,8.09,7.58,7.76,-0.09,-1.15%,47100
IMNM,2023-10-11,7.68,8.06,7.68,7.81,0.05,+0.64%,29400
IMNM,2023-10-12,7.9,8.38,7.9,8.38,0.57,+7.30%,65600
IMNM,2023-10-13,8.38,9.2,8.2517,8.99,0.61,+7.28%,157500
IMNM,2023-10-16,8.95,9.05,8.82,8.92,-0.07,-0.78%,43100
IMNM,2023-10-17,8.91,9.5299,8.54,8.75,-0.17,-1.91%,101400
IMNM,2023-10-18,8.78,8.93,8.5,8.6,-0.15,-1.71%,32800
IMNM,2023-10-19,8.59,8.59,8.01,8.22,-0.38,-4.42%,34700
IMNM,2023-10-20,8.27,8.73,8.2202,8.73,0.51,+6.20%,46500
IMNM,2023-10-23,8.82,9,8.395,8.61,-0.12,-1.37%,58700
IMNM,2023-10-24,8.59,9.13,8.5655,8.98,0.37,+4.30%,86300
IMNM,2023-10-25,8.93,8.98,8.77,8.92,-0.06,-0.67%,30400
IMNM,2023-10-26,8.95,9.1,8.647,8.84,-0.08,-0.90%,46200
IMNM,2023-10-27,8.82,8.82,8.5001,8.73,-0.11,-1.24%,32300
IMNM,2023-10-30,8.82,8.88,8.73,8.8,0.07,+0.80%,36300
IMNM,2023-10-31,8.65,8.91,8.2,8.8,0,0.00%,108300
IMNM,2023-11-01,8.7,8.92,8.2,8.57,-0.23,-2.61%,56400
IMNM,2023-11-02,8.51,8.975,8.46,8.71,0.14,+1.63%,68800
IMNM,2023-11-03,8.75,9.05,8.44,8.75,0.04,+0.46%,108900
IMNM,2023-11-06,8.6,8.98,8.6,8.78,0.03,+0.34%,57900
IMNM,2023-11-07,8.54,8.98,8.54,8.91,0.13,+1.48%,45700
IMNM,2023-11-08,9.06,9.06,8.6,8.8,-0.11,-1.23%,63400
IMNM,2023-11-09,8.7,9.02,8.52,8.56,-0.24,-2.73%,51000
IMNM,2023-11-10,8.44,8.46,7.8,8.09,-0.47,-5.49%,73300
IMNM,2023-11-13,7.96,8.26,7.94,8.24,0.15,+1.85%,47700
IMNM,2023-11-14,8.21,8.3,8,8.02,-0.22,-2.67%,50800
IMNM,2023-11-15,8.17,8.18,7.95,7.95,-0.07,-0.87%,44300
IMNM,2023-11-16,7.99,8.025,7.8,7.93,-0.02,-0.25%,60000
IMNM,2023-11-17,7.98,8.03,7.86,7.99,0.06,+0.76%,49800
IMNM,2023-11-20,7.99,8.09,7.44,7.79,-0.2,-2.50%,352000
IMNM,2023-11-21,7.79,8.015,7.665,7.95,0.16,+2.05%,82300
IMNM,2023-11-22,7.96,8.02,7.71,7.94,-0.01,-0.13%,90300
IMNM,2023-11-24,7.92,8.25,7.92,8,0.06,+0.76%,114500
IMNM,2023-11-27,7.99,8.02,7.87,7.92,-0.08,-1.00%,95600
IMNM,2023-11-28,7.85,7.98,7.64,7.67,-0.25,-3.16%,66900
IMNM,2023-11-29,7.65,7.8105,7.46,7.5,-0.17,-2.22%,87400
IMNM,2023-11-30,7.45,7.62,7.315,7.46,-0.04,-0.53%,146600
IMNM,2023-12-01,7.57,7.8,7.4,7.8,0.34,+4.56%,75000
IMNM,2023-12-04,7.84,8.07,7.82,7.98,0.18,+2.31%,219700
IMNM,2023-12-05,7.85,8.03,7.77,7.81,-0.17,-2.13%,114000
IMNM,2023-12-06,7.82,8.03,7.74,7.84,0.03,+0.38%,99700
IMNM,2023-12-07,7.79,7.92,7.67,7.7,-0.14,-1.79%,118200
IMNM,2023-12-08,7.64,7.87,7.54,7.73,0.03,+0.39%,97200
IMNM,2023-12-11,7.73,7.89,7.29,7.33,-0.4,-5.17%,166500
IMNM,2023-12-12,7.31,7.49,7.24,7.3,-0.03,-0.41%,111300
IMNM,2023-12-13,7.37,7.77,7.28,7.34,0.04,+0.55%,165900
IMNM,2023-12-14,7.4,7.62,6.93,7.36,0.02,+0.27%,630800
IMNM,2023-12-15,7.44,7.72,7.005,7.54,0.18,+2.45%,1217300
IMNM,2023-12-18,7.54,7.86,7.4834,7.75,0.21,+2.79%,393200
IMNM,2023-12-19,8.1,8.35,7.76,8.13,0.38,+4.90%,517600
IMNM,2023-12-20,8.3,8.48,8.05,8.25,0.12,+1.48%,272000
IMNM,2023-12-21,8.4,8.4,8.15,8.36,0.11,+1.33%,155300
IMNM,2023-12-22,8.48,9.45,8.33,9.39,1.03,+12.32%,344400
IMNM,2023-12-26,9.56,10.22,9.28,10.16,0.77,+8.20%,303300
IMNM,2023-12-27,10.18,10.64,9.8086,10.38,0.22,+2.17%,256600
IMNM,2023-12-28,10.42,10.95,10.33,10.73,0.35,+3.37%,233900
IMNM,2023-12-29,10.73,11.25,10.445,10.7,-0.03,-0.28%,439600
IMNM,2024-01-02,10.8,11.285,10.38,11.01,0.31,+2.90%,262000
IMNM,2024-01-03,11.01,11.98,10.69,11.81,0.8,+7.27%,309000
IMNM,2024-01-04,12.06,12.55,11.5,11.54,-0.27,-2.29%,461300
IMNM,2024-01-05,11.56,11.56,11.0112,11.12,-0.42,-3.64%,282500
IMNM,2024-01-08,11.35,12.4378,10.73,12,0.88,+7.91%,336400
IMNM,2024-01-09,11.92,12.265,11.63,12,0,0.00%,233900
IMNM,2024-01-10,12,12.67,11.85,12,0,0.00%,419700
IMNM,2024-01-11,11.93,12.19,11.67,11.95,-0.05,-0.42%,306900
IMNM,2024-01-12,11.95,13.24,11.18,13.16,1.21,+10.13%,477500
IMNM,2024-01-16,13.5,15.3,13.02,13.93,0.77,+5.85%,1014700
IMNM,2024-01-17,13.85,14.38,13.57,14,0.07,+0.50%,639300
IMNM,2024-01-18,14.29,14.29,12.56,13.48,-0.52,-3.71%,398600
IMNM,2024-01-19,13.26,13.69,12.785,13.5,0.02,+0.15%,389100
IMNM,2024-01-22,13.85,15.77,13.65,15.65,2.15,+15.93%,637200
IMNM,2024-01-23,15.92,16.02,14.5604,14.99,-0.66,-4.22%,477800
IMNM,2024-01-24,15,15.88,14.77,15.32,0.33,+2.20%,299400
IMNM,2024-01-25,15.42,16.67,15.23,16.4,1.08,+7.05%,743100
IMNM,2024-01-26,16.48,17.74,16.27,17.48,1.08,+6.59%,702400
IMNM,2024-01-29,18.8,19.32,17.7201,19.3,1.82,+10.41%,972900
IMNM,2024-01-30,19.4,19.49,18.4,18.5,-0.8,-4.15%,455700
IMNM,2024-01-31,18,18.17,16.57,16.57,-1.93,-10.43%,544000
IMNM,2024-02-01,16.9,17,16.12,16.45,-0.12,-0.72%,492800
IMNM,2024-02-02,16.48,16.9199,16.2,16.29,-0.16,-0.97%,301800
IMNM,2024-02-05,16.31,17.18,16.1003,16.88,0.59,+3.62%,382800
IMNM,2024-02-06,17.22,23.15,17.09,23.11,6.23,+36.91%,2002000
IMNM,2024-02-07,23.5,26.1,22.5801,24.92,1.81,+7.83%,1767900
IMNM,2024-02-08,24.72,24.72,22.62,23.49,-1.43,-5.74%,920800
IMNM,2024-02-09,23.55,24.18,22.31,23.11,-0.38,-1.62%,446600
IMNM,2024-02-12,23.32,24.485,22.78,23.45,0.34,+1.47%,395900
IMNM,2024-02-13,23.33,25.83,21.92,22.39,-1.06,-4.52%,1027900
IMNM,2024-02-14,21.11,23.2099,19.71,21.74,-0.65,-2.90%,3889200
IMNM,2024-02-15,21.74,22.98,21.2551,22.52,0.78,+3.59%,1310800
IMNM,2024-02-16,22.63,26.84,22.585,25.84,3.32,+14.74%,1943400
IMNM,2024-02-20,25.5,25.95,22.8101,23,-2.84,-10.99%,1045600
IMNM,2024-02-21,23.32,23.6996,21.7501,22.01,-0.99,-4.30%,483500
IMNM,2024-02-22,22.2,23.8685,22.2,23.25,1.24,+5.63%,563500
IMNM,2024-02-23,23.29,24.16,22.75,23.61,0.36,+1.55%,437000
IMNM,2024-02-26,24.09,25.38,23.75,24.82,1.21,+5.12%,523600
IMNM,2024-02-27,25,26.83,24.54,26,1.18,+4.75%,596900
IMNM,2024-02-28,26.06,27.8185,24.41,24.46,-1.54,-5.92%,849000
IMNM,2024-02-29,24.57,25.45,23.413,24.2,-0.26,-1.06%,1197900
IMNM,2024-03-01,24.31,26.28,24.31,25.45,1.25,+5.17%,444500
IMNM,2024-03-04,25.7,25.7,24.56,24.74,-0.71,-2.79%,526500
IMNM,2024-03-05,25,26.34,23.6,25.17,0.43,+1.74%,1064300
IMNM,2024-03-06,25.4,26.55,25.35,26.34,1.17,+4.65%,450700
IMNM,2024-03-07,26.81,30.958,26.81,27.34,1,+3.80%,1243800
IMNM,2024-03-08,27.34,28.19,25.97,26.62,-0.72,-2.63%,593301
IMNM,2024-03-11,26.53,26.69,23.64,23.65,-2.97,-11.16%,694300
IMNM,2024-03-12,24.12,24.5599,23.7001,24.34,0.69,+2.92%,419400
IMNM,2024-03-13,24.26,24.8099,23.2,23.7,-0.64,-2.63%,332700
IMNM,2024-03-14,23.3,23.8,22.13,22.44,-1.26,-5.32%,443100
IMNM,2024-03-15,22.15,23.11,21.75,22.48,0.04,+0.18%,503300
IMNM,2024-03-18,22.25,22.94,21.815,22.1,-0.38,-1.69%,335500
IMNM,2024-03-19,22.51,24.2,21.605,24.08,1.98,+8.96%,620600
IMNM,2024-03-20,23.77,24.56,22.68,24.12,0.04,+0.17%,371500
IMNM,2024-03-21,24.67,25.064,23.59,24.14,0.02,+0.08%,283500
IMNM,2024-03-22,25.3,26.4209,24.04,24.32,0.18,+0.75%,646100
IMNM,2024-03-25,24.53,25.68,24,24,-0.32,-1.32%,417200
IMNM,2024-03-26,24,25.55,24,25.39,1.39,+5.79%,443700
IMNM,2024-03-27,25.39,26.7,25.03,25.52,0.13,+0.51%,767100
IMNM,2024-03-28,25.53,25.75,24.21,24.68,-0.84,-3.29%,1258000
IMNM,2024-04-01,24.81,24.865,22.1,22.11,-2.57,-10.41%,1174900
IMNM,2024-04-02,22,22.26,20.93,21.39,-0.72,-3.26%,842000
IMNM,2024-04-03,21.4,21.83,20.83,21.6,0.21,+0.98%,685900
IMNM,2024-04-04,21.55,22.025,20.25,20.26,-1.34,-6.20%,671300
IMNM,2024-04-05,20.17,20.86,19.87,20.26,0,0.00%,481900
IMNM,2024-04-08,20.31,20.47,19.58,20.14,-0.12,-0.59%,735800
IMNM,2024-04-09,20.13,21.05,19.97,20.48,0.34,+1.69%,521400
IMNM,2024-04-10,20.16,20.427,19.63,20.33,-0.15,-0.73%,421100
IMNM,2024-04-11,20.47,21.25,20.34,21.02,0.69,+3.39%,374700
IMNM,2024-04-12,20.55,21.03,20.31,20.58,-0.44,-2.09%,305300
IMNM,2024-04-15,21.72,21.72,18.83,18.85,-1.73,-8.41%,719000
IMNM,2024-04-16,18.87,19.0699,18.16,18.4,-0.45,-2.39%,881700
IMNM,2024-04-17,18.5,18.56,17.38,17.38,-1.02,-5.54%,959200
IMNM,2024-04-18,17.34,17.97,17.15,17.18,-0.2,-1.15%,852700
IMNM,2024-04-19,17.26,17.6,15.42,15.48,-1.7,-9.90%,2102500
IMNM,2024-04-22,16.06,16.06,15.06,15.28,-0.2,-1.29%,1315500
IMNM,2024-04-23,15.32,15.65,14.64,14.66,-0.62,-4.06%,891800
IMNM,2024-04-24,14.76,14.92,14.2,14.27,-0.39,-2.66%,555400
IMNM,2024-04-25,14.2,14.61,13.8222,14.26,-0.01,-0.07%,737100
IMNM,2024-04-26,14.28,14.39,13.7,13.73,-0.53,-3.72%,967600
IMNM,2024-04-29,13.71,14.145,13.7,13.82,0.09,+0.66%,786900
IMNM,2024-04-30,14.26,14.36,13.81,14.06,0.24,+1.74%,1541400
IMNM,2024-05-01,13.95,15.255,13.92,14.69,0.63,+4.48%,805700
IMNM,2024-05-02,14.79,15.02,14.39,14.97,0.28,+1.91%,817900
IMNM,2024-05-03,15.26,16.0548,15.1,15.75,0.78,+5.21%,729200
IMNM,2024-05-06,15.75,16.1799,15.12,15.46,-0.29,-1.84%,492400
IMNM,2024-05-07,15.47,15.605,15.02,15.33,-0.13,-0.84%,342900
IMNM,2024-05-08,15.21,15.9,15.12,15.7,0.37,+2.41%,505000
IMNM,2024-05-09,15.7,15.84,15.24,15.48,-0.22,-1.40%,344500
IMNM,2024-05-10,15.69,15.89,14.88,15.5,0.02,+0.13%,1046700
IMNM,2024-05-13,15.6,16.79,15.55,15.61,0.11,+0.71%,833100
IMNM,2024-05-14,15.2,15.65,14.29,14.72,-0.89,-5.70%,1131600
IMNM,2024-05-15,14.93,15.73,14.66,14.8,0.08,+0.54%,935300
IMNM,2024-05-16,14.65,14.82,14.24,14.4,-0.4,-2.70%,811100
IMNM,2024-05-17,14.27,14.48,13.56,13.83,-0.57,-3.96%,699000
IMNM,2024-05-20,13.96,14.21,13.6,13.8,-0.03,-0.22%,1342300
IMNM,2024-05-21,13.69,14.14,13.515,13.65,-0.15,-1.09%,604400
IMNM,2024-05-22,14.9,15.45,14.39,14.42,0.77,+5.64%,1170200
IMNM,2024-05-23,14.73,14.88,13.99,14.34,-0.08,-0.55%,767700
IMNM,2024-05-24,14.26,14.9,14.16,14.22,-0.12,-0.84%,1069300
IMNM,2024-05-28,14.45,14.99,14.24,14.62,0.4,+2.81%,712400
IMNM,2024-05-29,14.32,14.65,14.2101,14.62,0,0.00%,660800
IMNM,2024-05-30,14.63,15.4295,14.46,14.71,0.09,+0.62%,769600
IMNM,2024-05-31,15.32,15.81,14.61,14.94,0.23,+1.56%,1588100
IMNM,2024-06-03,15,15.585,14.31,14.59,-0.35,-2.34%,821100
IMNM,2024-06-04,14.47,14.62,13.895,14.16,-0.43,-2.95%,873300
IMNM,2024-06-05,14.22,15.73,14.065,15.55,1.39,+9.82%,870000
IMNM,2024-06-06,15.5,15.5,14.62,15.15,-0.4,-2.57%,534100
IMNM,2024-06-07,14.93,15.355,14.93,15.2,0.05,+0.33%,311900
IMNM,2024-06-10,15.26,16.11,15.2233,16.05,0.85,+5.59%,955000
IMNM,2024-06-11,15.99,16.1797,15.36,15.7,-0.35,-2.18%,638500
IMNM,2024-06-12,16.2,16.76,15.975,16,0.3,+1.91%,724900
IMNM,2024-06-13,16,16.58,15.8275,16.04,0.04,+0.25%,439500
IMNM,2024-06-14,15.74,16.32,14.715,14.92,-1.12,-6.98%,903100
IMNM,2024-06-17,14.95,14.975,13.02,13.15,-1.77,-11.86%,1648100
IMNM,2024-06-18,13.15,13.47,12.8,13.28,0.13,+0.99%,970500
IMNM,2024-06-20,13.2,13.32,12.27,12.58,-0.7,-5.27%,1333300
IMNM,2024-06-21,12.68,12.99,12.11,12.44,-0.14,-1.11%,3385400
IMNM,2024-06-24,12.43,12.4838,11.68,11.94,-0.5,-4.02%,1355700
IMNM,2024-06-25,11.89,12.09,11.31,11.54,-0.4,-3.35%,1002600
IMNM,2024-06-26,11.5,12.08,11.07,12.03,0.49,+4.25%,900300
IMNM,2024-06-27,12.2,12.51,11.91,11.97,-0.06,-0.50%,1111000
IMNM,2024-06-28,11.84,12.27,11.535,12.1,0.13,+1.09%,8618900
IMNM,2024-07-01,11.92,12.2781,11.79,12.2,0.1,+0.83%,920700
IMNM,2024-07-02,12.22,12.22,11.5,11.7,-0.5,-4.10%,608000
IMNM,2024-07-03,11.77,12.24,11.71,12.12,0.42,+3.59%,373200
IMNM,2024-07-05,12.22,12.22,11.75,12.03,-0.09,-0.74%,517400
IMNM,2024-07-08,12.12,12.66,12.04,12.2,0.17,+1.41%,656000
IMNM,2024-07-09,12.2,12.6,12.12,12.5,0.3,+2.46%,483100
IMNM,2024-07-10,12.51,12.65,11.95,12.05,-0.45,-3.60%,624600
IMNM,2024-07-11,12.37,13.325,12.305,12.98,0.93,+7.72%,758600
IMNM,2024-07-12,13.12,13.58,12.92,13.49,0.51,+3.93%,572100
IMNM,2024-07-15,13.58,14.24,13.44,14.16,0.67,+4.97%,494500
IMNM,2024-07-16,14.34,14.8,14.05,14.66,0.5,+3.53%,634800
IMNM,2024-07-17,14.31,14.8401,13.852,13.99,-0.67,-4.57%,559200
IMNM,2024-07-18,14.03,14.26,13.3,13.71,-0.28,-2.00%,498900
IMNM,2024-07-19,13.8,13.92,13.01,13.31,-0.4,-2.92%,556600
IMNM,2024-07-22,13.52,13.83,12.955,13.76,0.45,+3.38%,413300
IMNM,2024-07-23,13.64,14.99,13.635,14.82,1.06,+7.70%,502200
IMNM,2024-07-24,14.61,15.21,14.56,15.17,0.35,+2.36%,649000
IMNM,2024-07-25,15.28,16.34,15.17,16.03,0.86,+5.67%,939100
IMNM,2024-07-26,16.39,16.6699,15.85,16.51,0.48,+2.99%,705000
IMNM,2024-07-29,16.5,16.81,14.76,15.76,-0.75,-4.54%,838300
IMNM,2024-07-30,15.93,16.12,15.07,15.45,-0.31,-1.97%,472500
IMNM,2024-07-31,15.63,15.7,14.69,15.41,-0.04,-0.26%,809900
IMNM,2024-08-01,15.38,15.5681,14.5026,15.07,-0.34,-2.21%,763800
IMNM,2024-08-02,14.33,14.55,13.63,13.79,-1.28,-8.49%,777300
IMNM,2024-08-05,12.89,12.9999,12.24,12.355,-1.435,-10.41%,902000
IMNM,2024-08-06,12.55,13.48,12.15,13.23,0.875,+7.08%,698000
IMNM,2024-08-07,13.57,13.64,11.91,12.46,-0.77,-5.82%,845500
IMNM,2024-08-08,12.59,13.16,12.33,12.94,0.48,+3.85%,477100
IMNM,2024-08-09,13.08,13.29,12.84,12.92,-0.02,-0.15%,465600
IMNM,2024-08-12,12.93,13.17,12.38,12.64,-0.28,-2.17%,473800
IMNM,2024-08-13,12.74,13.55,12.19,13.53,0.89,+7.04%,836500
IMNM,2024-08-14,13.65,13.65,13.13,13.5,-0.03,-0.22%,466800
IMNM,2024-08-15,13.75,14.35,13.59,13.95,0.45,+3.33%,444800
IMNM,2024-08-16,13.93,13.93,13.43,13.53,-0.42,-3.01%,375400
IMNM,2024-08-19,13.47,14.34,13.47,14.3,0.77,+5.69%,322100
IMNM,2024-08-20,14.54,15.37,14.43,15.21,0.91,+6.36%,486100
IMNM,2024-08-21,15.23,15.69,14.7701,15.2,-0.01,-0.07%,359900
IMNM,2024-08-22,15.29,15.79,14.55,14.58,-0.62,-4.08%,412800
IMNM,2024-08-23,14.79,15.5852,14.5,15.45,0.87,+5.97%,298200
IMNM,2024-08-26,15.62,15.87,15.35,15.71,0.26,+1.68%,237800
IMNM,2024-08-27,15.65,15.67,14.95,14.97,-0.74,-4.71%,437100
IMNM,2024-08-28,14.91,15.81,14.825,15.53,0.56,+3.74%,494900
IMNM,2024-08-29,15.72,16.3999,15.21,15.24,-0.29,-1.87%,580300
IMNM,2024-08-30,15.32,15.69,14.88,15.18,-0.06,-0.39%,446100
IMNM,2024-09-03,15.17,15.62,13.93,14.04,-1.14,-7.51%,471400
IMNM,2024-09-04,13.86,14.87,13.44,14.71,0.67,+4.77%,594700
IMNM,2024-09-05,14.66,14.6732,14.145,14.22,-0.49,-3.33%,281400
IMNM,2024-09-06,14.18,14.38,13.23,13.54,-0.68,-4.78%,640700
IMNM,2024-09-09,13.7,14.73,13.625,14.62,1.08,+7.98%,518100
IMNM,2024-09-10,14.67,14.96,14.41,14.63,0.01,+0.07%,322400
IMNM,2024-09-11,14.49,14.7,14.23,14.46,-0.17,-1.16%,235900
IMNM,2024-09-12,14.47,15.09,14.31,14.71,0.25,+1.73%,303500
IMNM,2024-09-13,15,16.07,14.95,15.97,1.26,+8.57%,908300
IMNM,2024-09-16,16.2,16.73,15.53,15.79,-0.18,-1.13%,620900
IMNM,2024-09-17,16,16.05,15.011,15.4,-0.39,-2.47%,1297400
IMNM,2024-09-18,15.42,15.68,14.93,15.5,0.1,+0.65%,831800
IMNM,2024-09-19,15.91,16.55,15.055,15.29,-0.21,-1.35%,1475500
IMNM,2024-09-20,15.29,15.51,14.7,14.99,-0.3,-1.96%,1948500
IMNM,2024-09-23,15,15.4,13.98,14,-0.99,-6.60%,707200
IMNM,2024-09-24,14.3,14.665,13.95,14.61,0.61,+4.36%,518600
IMNM,2024-09-25,14.7,14.75,14.095,14.26,-0.35,-2.40%,421600
IMNM,2024-09-26,14.53,14.75,13.91,14.34,0.08,+0.56%,605000
IMNM,2024-09-27,14.53,15.2,14.37,14.38,0.04,+0.28%,2346300
IMNM,2024-09-30,14.39,14.83,14.3,14.62,0.24,+1.67%,897500
IMNM,2024-10-01,14.51,14.51,13.49,13.52,-1.1,-7.52%,927100
IMNM,2024-10-02,13.32,13.67,12.895,13.5,-0.02,-0.15%,599900
IMNM,2024-10-03,13.37,13.6,13.13,13.43,-0.07,-0.52%,326100
IMNM,2024-10-04,13.74,13.91,13.1,13.17,-0.26,-1.94%,542200
IMNM,2024-10-07,13.23,13.23,12.24,12.45,-0.72,-5.47%,651700
IMNM,2024-10-08,12.5,13.4,12.445,12.9,0.45,+3.61%,754200
IMNM,2024-10-09,12.88,12.88,11.92,12.3,-0.6,-4.65%,812300
IMNM,2024-10-10,12.12,12.22,11.77,11.87,-0.43,-3.50%,662200
IMNM,2024-10-11,11.79,12.46,11.73,12.23,0.36,+3.03%,716100
IMNM,2024-10-14,12.17,12.27,11.8728,12.15,-0.08,-0.65%,379700
IMNM,2024-10-15,12.15,12.44,11.81,12.18,0.03,+0.25%,759800
IMNM,2024-10-16,12.28,12.38,11.85,12.34,0.16,+1.31%,437000
IMNM,2024-10-17,12.3,12.32,12,12.09,-0.25,-2.03%,506200
IMNM,2024-10-18,12.24,12.46,12.08,12.28,0.19,+1.57%,396000
IMNM,2024-10-21,12.23,12.36,11.8,11.91,-0.37,-3.01%,874300
IMNM,2024-10-22,11.82,11.91,11.355,11.71,-0.2,-1.68%,789400
IMNM,2024-10-23,11.64,11.91,11.33,11.6,-0.11,-0.94%,415000
IMNM,2024-10-24,11.73,12.055,11.64,12.01,0.41,+3.53%,353100
IMNM,2024-10-25,12.1,12.65,11.91,12.11,0.1,+0.83%,501500
IMNM,2024-10-28,12.34,12.72,12.17,12.43,0.32,+2.64%,289600
IMNM,2024-10-29,12.47,12.47,11.93,12.2,-0.23,-1.85%,381000
IMNM,2024-10-30,12.06,12.42,11.9,12.2,0,0.00%,261600
IMNM,2024-10-31,12.07,12.08,11.43,11.47,-0.73,-5.98%,507600
IMNM,2024-11-01,11.81,11.9235,11.48,11.59,0.12,+1.05%,632500
IMNM,2024-11-04,11.52,12.86,11.4,12.81,1.22,+10.53%,672900
IMNM,2024-11-05,12.78,13,12.495,12.97,0.16,+1.25%,414700
IMNM,2024-11-06,13.45,13.66,13.0249,13.1,0.13,+1.00%,571300
IMNM,2024-11-07,13.09,13.63,12.4601,12.54,-0.56,-4.27%,633000
IMNM,2024-11-08,13.26,13.47,12.71,12.98,0.44,+3.51%,547700
IMNM,2024-11-11,13.22,13.52,12.7,13.26,0.28,+2.16%,416800
IMNM,2024-11-12,12.93,13.085,12.4,12.49,-0.77,-5.81%,520900
IMNM,2024-11-13,12.74,12.7727,11.55,11.59,-0.9,-7.21%,614300
IMNM,2024-11-14,11.57,11.66,10.7,11.14,-0.45,-3.88%,1350500
IMNM,2024-11-15,11.19,11.19,9.635,9.905,-1.235,-11.09%,3166500
IMNM,2024-11-18,10.2,10.2,9.41,9.435,-0.47,-4.75%,1877300
IMNM,2024-11-19,9.28,9.53,9.185,9.39,-0.045,-0.48%,705300
IMNM,2024-11-20,9.29,9.36,8.97,9.33,-0.06,-0.64%,700300
IMNM,2024-11-21,9.43,9.7123,9.05,9.42,0.09,+0.96%,663000
IMNM,2024-11-22,9.46,10.03,9.325,9.82,0.4,+4.25%,1176100
IMNM,2024-11-25,11.1,11.31,10.67,11.15,1.33,+13.54%,2247570
IMNM,2024-11-26,11.15,11.81,10.82,11.53,0.38,+3.41%,1014855
IMNM,2024-11-27,11.68,13.53,11.62,13.47,1.94,+16.83%,1384000
IMNM,2024-11-29,13.44,13.66,13.0802,13.55,0.08,+0.59%,438900
IMNM,2024-12-02,13.93,14.47,13.64,14.08,0.53,+3.91%,972500
IMNM,2024-12-03,14,14.1697,13.27,13.54,-0.54,-3.84%,679500
IMNM,2024-12-04,13.65,14.09,12.96,13.54,0,0.00%,896400
IMNM,2024-12-05,13.47,13.63,12.67,12.7,-0.84,-6.20%,662000
IMNM,2024-12-06,12.83,13.839,12.545,13.73,1.03,+8.11%,462400
IMNM,2024-12-09,13.9,15.125,13.9,14.53,0.8,+5.83%,796300
IMNM,2024-12-10,14.42,14.42,13.34,13.9,-0.63,-4.34%,700000
IMNM,2024-12-11,13.99,14.1,12.9914,14.04,0.14,+1.01%,671600
IMNM,2024-12-12,13.47,14.09,13,13.07,-0.97,-6.91%,535100
IMNM,2024-12-13,13,13.125,12.34,12.58,-0.49,-3.75%,595200
IMNM,2024-12-16,12.55,12.85,12.227,12.44,-0.14,-1.11%,548400
IMNM,2024-12-17,12.4,12.54,11.7,12.02,-0.42,-3.38%,894500
IMNM,2024-12-18,12.01,12.14,10.76,11.11,-0.91,-7.57%,1076000
IMNM,2024-12-19,11.26,11.44,10.86,11.08,-0.03,-0.27%,1029500
IMNM,2024-12-20,10.94,11.5,10.82,10.97,-0.11,-0.99%,1453500
IMNM,2024-12-23,10.97,11.075,10.75,10.97,0,0.00%,1281100
IMNM,2024-12-24,10.98,11.0825,10.67,11.02,0.05,+0.46%,594211
IMNM,2024-12-26,11,11.2764,10.835,11.1,0.08,+0.73%,377600
IMNM,2024-12-27,11,11.16,10.365,10.54,-0.56,-5.05%,2457000
IMNM,2024-12-30,10.42,10.57,10.11,10.28,-0.26,-2.47%,464300
IMNM,2024-12-31,10.43,10.74,10.2001,10.62,0.34,+3.31%,1036300
IMNM,2025-01-02,10.72,11.16,10.47,10.53,-0.09,-0.85%,579400
IMNM,2025-01-03,10.61,11.355,10.61,11.27,0.74,+7.03%,705100
IMNM,2025-01-06,11.46,11.555,11.03,11.2,-0.07,-0.62%,568600
IMNM,2025-01-07,11.4,11.6,10.71,10.76,-0.44,-3.93%,371800
IMNM,2025-01-08,10.72,10.85,10.35,10.66,-0.1,-0.93%,334800
IMNM,2025-01-10,10.37,10.66,10.27,10.6,-0.06,-0.56%,865000
IMNM,2025-01-13,10.35,10.485,9.36,10.04,-0.56,-5.28%,1036700
IMNM,2025-01-14,10.12,10.13,9.24,9.38,-0.66,-6.57%,517500
IMNM,2025-01-15,9.81,10.15,9.5,10.11,0.73,+7.78%,670300
IMNM,2025-01-16,10.63,11.06,9.6028,9.86,-0.25,-2.47%,1316200
IMNM,2025-01-17,10.02,10.385,9.6901,9.99,0.13,+1.32%,900300
IMNM,2025-01-21,10.17,10.52,9.85,10.17,0.18,+1.80%,740800
IMNM,2025-01-22,10.17,10.33,9.88,10.21,0.04,+0.39%,542000
IMNM,2025-01-23,10.09,10.573,9.83,10.22,0.01,+0.10%,781800
IMNM,2025-01-24,10.3,10.4111,9.89,9.95,-0.27,-2.64%,527000
IMNM,2025-01-27,9.77,10.36,9.5766,9.69,-0.26,-2.61%,417100
IMNM,2025-01-28,9.65,9.65,9.17,9.24,-0.45,-4.64%,530000
IMNM,2025-01-29,9.17,9.42,9.06,9.35,0.11,+1.19%,452800
IMNM,2025-01-30,9.55,10.655,9.17,10.51,1.16,+12.41%,4885500
IMNM,2025-01-31,10.54,11.43,10.3707,11.03,0.52,+4.95%,3157200
IMNM,2025-02-03,10.65,10.92,10.29,10.32,-0.71,-6.44%,1135500
IMNM,2025-02-04,11.16,11.31,10.55,11.08,0.76,+7.36%,1633400
IMNM,2025-02-05,11.16,12.22,11.1,11.83,0.75,+6.77%,1005300
IMNM,2025-02-06,11.94,11.9491,11.29,11.43,-0.4,-3.38%,734200
IMNM,2025-02-07,11.3,11.55,10.8375,10.87,-0.56,-4.90%,868700
IMNM,2025-02-10,11,12.44,10.82,11.22,0.35,+3.22%,2097500
IMNM,2025-02-11,11,11.18,9.86,10.27,-0.95,-8.47%,1420800
IMNM,2025-02-12,10,10.42,9.67,10.4,0.13,+1.27%,901800
IMNM,2025-02-13,10.39,10.53,9.95,10.43,0.03,+0.29%,439000
IMNM,2025-02-14,10.46,10.6,10.175,10.4,-0.03,-0.29%,517000
IMNM,2025-02-18,10.48,10.6805,9.845,9.93,-0.47,-4.52%,1121300
IMNM,2025-02-19,9.91,10.19,9.82,9.9,-0.03,-0.30%,444800
IMNM,2025-02-20,9.9,10.12,9.631,10.11,0.21,+2.12%,530300
IMNM,2025-02-21,10.24,10.47,9.51,9.52,-0.59,-5.84%,674000
IMNM,2025-02-24,9.55,9.85,9.21,9.35,-0.17,-1.79%,812200
IMNM,2025-02-25,9.32,9.91,8.93,9.67,0.32,+3.42%,1012000
IMNM,2025-02-26,9.78,9.97,9.4,9.58,-0.09,-0.93%,457800
IMNM,2025-02-27,9.55,9.765,8.86,8.89,-0.69,-7.20%,543600
IMNM,2025-02-28,8.7,9.44,8.55,9.4,0.51,+5.74%,893800
IMNM,2025-03-03,9.4,9.53,8.81,8.94,-0.46,-4.89%,1131700
IMNM,2025-03-04,8.73,9.16,8.61,8.98,0.04,+0.45%,713200
IMNM,2025-03-05,8.98,9.33,8.85,9.31,0.33,+3.67%,525300
IMNM,2025-03-06,9.04,9.42,9,9.22,-0.09,-0.97%,648900
IMNM,2025-03-07,9.14,9.53,9.0601,9.34,0.12,+1.30%,773801
IMNM,2025-03-10,9.28,9.5099,8.51,8.85,-0.49,-5.25%,729100
IMNM,2025-03-11,9.05,9.1954,8.385,8.73,-0.12,-1.36%,737200
IMNM,2025-03-12,8.84,9.34,8.775,9.21,0.48,+5.50%,561500
IMNM,2025-03-13,9.37,9.49,8.87,8.93,-0.28,-3.04%,494000
IMNM,2025-03-14,9.06,9.16,8.75,8.77,-0.16,-1.79%,453000
IMNM,2025-03-17,8.77,9.2005,8.69,9.04,0.27,+3.08%,707300
IMNM,2025-03-18,8.87,8.95,8.345,8.36,-0.68,-7.52%,610700
IMNM,2025-03-19,8.4,8.71,8.3,8.57,0.21,+2.51%,522500
IMNM,2025-03-20,8.42,8.81,8.4,8.66,0.09,+1.05%,648100
IMNM,2025-03-21,8.45,8.74,8.17,8.18,-0.48,-5.54%,4326400
IMNM,2025-03-24,8.42,8.54,8.12,8.15,-0.03,-0.37%,960200
IMNM,2025-03-25,8.16,8.24,6.94,6.95,-1.2,-14.72%,1749700
IMNM,2025-03-26,7.44,7.4818,7.055,7.09,0.14,+2.01%,1993300
IMNM,2025-03-27,7.6,7.6799,7.14,7.28,0.19,+2.68%,1219500
IMNM,2025-03-28,7.23,7.31,6.9,6.99,-0.29,-3.98%,1060100
IMNM,2025-03-31,6.76,6.855,6.41,6.73,-0.26,-3.72%,6316700
IMNM,2025-04-01,6.65,6.89,6.19,6.26,-0.47,-6.98%,1199100
IMNM,2025-04-02,6.3,6.94,6.24,6.71,0.45,+7.19%,1290700
IMNM,2025-04-03,6.26,6.5457,6.0827,6.24,-0.47,-7.00%,1125500
IMNM,2025-04-04,6.02,6.2,5.75,5.93,-0.31,-4.97%,1111200
IMNM,2025-04-07,5.5,6.14,5.35,5.88,-0.05,-0.84%,1014500
IMNM,2025-04-08,6.14,6.29,5.44,5.56,-0.32,-5.44%,808600
IMNM,2025-04-09,5.45,6.3,5.15,6.21,0.65,+11.69%,2268500
IMNM,2025-04-10,6.02,6.3,5.76,6.2,-0.01,-0.16%,1180500
IMNM,2025-04-11,6.14,7.13,6.09,7.1,0.9,+14.52%,1319700
IMNM,2025-04-14,7.24,7.5628,7.01,7.35,0.25,+3.52%,1044800
IMNM,2025-04-15,7.4,7.48,7.08,7.4,0.05,+0.68%,1566400
IMNM,2025-04-16,7.4,7.5,6.96,7.17,-0.23,-3.11%,1204100
IMNM,2025-04-17,7.13,7.96,6.9712,7.91,0.74,+10.32%,1494000
IMNM,2025-04-21,7.8,8.4,7.7557,8,0.09,+1.14%,882500
IMNM,2025-04-22,8.15,8.36,7.92,8.19,0.19,+2.38%,792600
IMNM,2025-04-23,8.44,8.77,8.4075,8.5,0.31,+3.79%,799200
IMNM,2025-04-24,8.47,8.879,8.25,8.52,0.02,+0.24%,1328800
IMNM,2025-04-25,8.34,8.525,8.16,8.4,-0.12,-1.41%,1635400
IMNM,2025-04-28,8.42,8.7,8.3902,8.58,0.18,+2.14%,778800
IMNM,2025-04-29,8.69,8.785,8.32,8.54,-0.04,-0.47%,909600
IMNM,2025-04-30,8.33,8.94,8.31,8.79,0.25,+2.93%,1120300
IMNM,2025-05-01,8.75,8.99,8.53,8.86,0.07,+0.80%,717200
IMNM,2025-05-02,8.92,9.16,8.85,8.85,-0.01,-0.11%,551100
IMNM,2025-05-05,8.76,8.95,8.49,8.5,-0.35,-3.95%,521000
IMNM,2025-05-06,8.34,8.51,7.555,7.625,-0.875,-10.29%,1481300
IMNM,2025-05-07,7.67,7.7299,7.15,7.43,-0.195,-2.56%,1702400
IMNM,2025-05-08,7.43,7.89,7.275,7.71,0.28,+3.77%,713200
IMNM,2025-05-09,7.67,8.0127,7.39,7.46,-0.25,-3.24%,812900
IMNM,2025-05-12,7.67,8.1,7.545,7.94,0.48,+6.43%,904200
IMNM,2025-05-13,8.37,8.37,7.84,7.91,-0.03,-0.38%,1771400
IMNM,2025-05-14,7.91,8.07,7.42,7.97,0.06,+0.76%,916000
IMNM,2025-05-15,8,8.09,7.62,8,0.03,+0.38%,1206400
IMNM,2025-05-16,7.99,8.18,7.81,8.06,0.06,+0.75%,1128700
IMNM,2025-05-19,7.83,8.44,7.735,8.01,-0.05,-0.62%,662200
IMNM,2025-05-20,8.01,8.61,7.845,8.56,0.55,+6.87%,772400
IMNM,2025-05-21,8.35,8.45,7.83,7.92,-0.64,-7.48%,917900
IMNM,2025-05-22,7.94,8.53,7.85,8.46,0.54,+6.82%,804000
IMNM,2025-05-23,8.32,8.52,8.25,8.49,0.03,+0.35%,527100
IMNM,2025-05-27,8.72,8.93,8.32,8.6,0.11,+1.30%,1711700
IMNM,2025-05-28,8.67,9.03,8.63,8.63,0.03,+0.35%,691500
IMNM,2025-05-29,8.74,9,8.58,8.95,0.32,+3.71%,475400
IMNM,2025-05-30,8.87,8.895,8.5,8.76,-0.19,-2.12%,1205400
IMNM,2025-06-02,8.84,9.24,8.63,9.06,0.3,+3.42%,688600
IMNM,2025-06-03,9.18,9.47,8.98,9.26,0.2,+2.21%,842900
IMNM,2025-06-04,9.43,9.56,8.99,9.02,-0.24,-2.59%,937700
IMNM,2025-06-05,8.98,9.34,8.76,9.12,0.1,+1.11%,563900
IMNM,2025-06-06,9.24,9.545,8.915,9.13,0.01,+0.11%,1228000
IMNM,2025-06-09,9.33,9.425,8.85,9.27,0.14,+1.53%,523700
IMNM,2025-06-10,9.36,9.68,9.3,9.57,0.3,+3.24%,619500
IMNM,2025-06-11,9.72,9.77,9.31,9.49,-0.08,-0.84%,681500
IMNM,2025-06-12,9.45,9.91,9.4,9.79,0.3,+3.16%,814500
IMNM,2025-06-13,9.49,9.87,9.02,9.2,-0.59,-6.03%,1258200
IMNM,2025-06-16,9.31,9.64,9.05,9.54,0.34,+3.70%,1085400
IMNM,2025-06-17,9.42,9.61,8.84,8.95,-0.59,-6.18%,769200
IMNM,2025-06-18,8.95,9.16,8.78,8.83,-0.12,-1.34%,740400
IMNM,2025-06-20,8.9,8.95,8.65,8.75,-0.08,-0.91%,1317500
IMNM,2025-06-23,8.68,8.78,8.31,8.74,-0.01,-0.11%,509000
IMNM,2025-06-24,8.88,9.11,8.75,8.92,0.18,+2.06%,459200
IMNM,2025-06-25,8.95,8.95,8.5,8.68,-0.24,-2.69%,630000
IMNM,2025-06-26,8.75,8.81,8.46,8.79,0.11,+1.27%,628100
IMNM,2025-06-27,8.78,9.08,8.7,8.77,-0.02,-0.23%,1067000
IMNM,2025-06-30,8.81,9.315,8.755,9.3,0.53,+6.04%,5082900
IMNM,2025-07-01,9.23,9.3423,8.46,8.465,-0.835,-8.98%,1179700
IMNM,2025-07-02,8.44,8.99,8.35,8.63,0.165,+1.95%,1378100
IMNM,2025-07-03,8.71,8.975,8.56,8.84,0.21,+2.43%,441600
IMNM,2025-07-07,8.82,8.99,8.62,8.69,-0.15,-1.70%,1061200
IMNM,2025-07-08,8.76,8.76,8.395,8.55,-0.14,-1.61%,813600
IMNM,2025-07-09,8.66,9.27,8.65,8.89,0.34,+3.98%,1584200
IMNM,2025-07-10,8.9,8.98,8.6,8.95,0.06,+0.67%,842000
IMNM,2025-07-11,8.82,8.94,8.6,8.64,-0.31,-3.46%,878800
IMNM,2025-07-14,8.6,8.87,8.445,8.51,-0.13,-1.50%,1110200
IMNM,2025-07-15,8.56,8.6851,7.96,8.4,-0.11,-1.29%,984600
IMNM,2025-07-16,8.57,9.77,8.4766,9.67,1.27,+15.12%,1778000
IMNM,2025-07-17,9.69,10.56,9.64,10.45,0.78,+8.07%,1252500
IMNM,2025-07-18,10.49,11.07,10.3611,10.58,0.13,+1.24%,1193200
IMNM,2025-07-21,10.62,10.93,10.47,10.82,0.24,+2.27%,590200
IMNM,2025-07-22,10.68,11.13,10.61,11.07,0.25,+2.31%,684800
IMNM,2025-07-23,11.22,11.68,11.18,11.45,0.38,+3.43%,845900
IMNM,2025-07-24,11.43,11.55,10.94,11.24,-0.21,-1.83%,860900
IMNM,2025-07-25,11.25,11.29,10.725,10.87,-0.37,-3.29%,572100
IMNM,2025-07-28,10.93,11.1,10.655,10.84,-0.03,-0.28%,564000
IMNM,2025-07-29,10.94,10.94,10.33,10.6,-0.24,-2.21%,693300
IMNM,2025-07-30,10.77,11.08,10.56,10.75,0.15,+1.42%,537400
IMNM,2025-07-31,10.67,10.78,10.4,10.52,-0.23,-2.14%,560500
IMNM,2025-08-01,10.25,10.76,10.225,10.59,0.07,+0.67%,632400
IMNM,2025-08-04,10.62,11.09,10.38,10.95,0.36,+3.40%,436800
IMNM,2025-08-05,10.9,11.13,10.77,10.85,-0.1,-0.91%,651900
IMNM,2025-08-06,10.8,10.8,10.24,10.46,-0.39,-3.59%,538200
IMNM,2025-08-07,10.71,10.75,9.8,9.87,-0.59,-5.64%,1109300
IMNM,2025-08-08,9.74,10.029,9.6,9.69,-0.18,-1.82%,580800
IMNM,2025-08-11,9.6,9.83,9.4736,9.66,-0.03,-0.31%,676100
IMNM,2025-08-12,9.69,9.98,9.47,9.91,0.25,+2.59%,524900
IMNM,2025-08-13,10.02,10.38,9.98,10.01,0.1,+1.01%,983000
IMNM,2025-08-14,9.81,10.21,9.81,9.94,-0.07,-0.70%,576800
IMNM,2025-08-15,9.95,10.38,9.92,10.28,0.34,+3.42%,674700
IMNM,2025-08-18,10.32,10.39,10.12,10.25,-0.03,-0.29%,478900
IMNM,2025-08-19,10.24,10.24,9.805,10.02,-0.23,-2.24%,435300
IMNM,2025-08-20,10,10.04,9.55,9.57,-0.45,-4.49%,521800
IMNM,2025-08-21,9.49,9.96,9.3713,9.95,0.38,+3.97%,366600
IMNM,2025-08-22,10.16,10.725,10.04,10.3,0.35,+3.52%,1038800
IMNM,2025-08-25,10.3,10.52,9.84,9.92,-0.38,-3.69%,592900
IMNM,2025-08-26,9.99,10.21,9.835,10.16,0.24,+2.42%,1154900
IMNM,2025-08-27,10.12,10.275,9.925,9.95,-0.21,-2.07%,540200
IMNM,2025-08-28,9.97,10.22,9.8,9.9,-0.05,-0.50%,412600
IMNM,2025-08-29,9.89,9.99,9.41,9.51,-0.39,-3.94%,684000
IMNM,2025-09-02,9.51,9.7608,9.16,9.28,-0.23,-2.42%,568800
IMNM,2025-09-03,9.14,10.285,9.13,10.25,0.97,+10.45%,1064900
IMNM,2025-09-04,10.25,10.3115,9.54,9.8,-0.45,-4.39%,911000
IMNM,2025-09-05,10.14,10.65,10.06,10.52,0.72,+7.35%,1359300
IMNM,2025-09-08,10.37,10.41,9.4,9.4,-1.12,-10.65%,1229300
IMNM,2025-09-09,9.41,9.5001,8.665,9.21,-0.19,-2.02%,1619000
IMNM,2025-09-10,9.15,9.51,8.94,9,-0.21,-2.28%,800400
IMNM,2025-09-11,9.01,9.71,8.96,9.68,0.68,+7.56%,995100
IMNM,2025-09-12,9.68,10.27,9.19,9.21,-0.47,-4.86%,5212300
IMNM,2025-09-15,9.36,9.56,9.01,9.48,0.27,+2.93%,1157200
IMNM,2025-09-16,9.44,9.625,9.06,9.09,-0.39,-4.11%,895700
IMNM,2025-09-17,9.08,9.455,8.925,8.99,-0.1,-1.10%,1162400
IMNM,2025-09-18,9.1,9.92,9.06,9.85,0.86,+9.57%,1769500
IMNM,2025-09-19,9.86,10.0375,9.275,9.39,-0.46,-4.67%,2436800
IMNM,2025-09-22,9.79,10.03,9.36,9.77,0.38,+4.05%,1346400
IMNM,2025-09-23,9.86,10.74,9.8458,10.56,0.79,+8.09%,1528500
IMNM,2025-09-24,10.65,12.3,10.65,11.2,0.64,+6.06%,3868500
IMNM,2025-09-25,10.89,11.02,10,10.155,-1.045,-9.33%,1243700
IMNM,2025-09-26,10.06,11.66,10.06,11.59,1.435,+14.13%,5885300
IMNM,2025-09-29,11.58,11.86,11.15,11.34,-0.25,-2.16%,1810900
IMNM,2025-09-30,11.26,11.82,11.09,11.71,0.37,+3.26%,1293400
IMNM,2025-10-01,11.48,12,11.3,11.34,-0.37,-3.16%,1378200
IMNM,2025-10-02,11.32,11.625,11.25,11.47,0.13,+1.15%,890200
IMNM,2025-10-03,11.63,12.55,11.5488,12.38,0.91,+7.93%,1916800
IMNM,2025-10-06,12.5,14.48,12.41,14.41,2.03,+16.40%,2757600
IMNM,2025-10-07,14.44,14.5388,13.41,13.82,-0.59,-4.09%,1297100
IMNM,2025-10-08,14.12,14.78,13.78,14.01,0.19,+1.37%,1835800
IMNM,2025-10-09,14,14.41,13.65,14.29,0.28,+2.00%,1425000
IMNM,2025-10-10,14.68,14.75,13.49,13.92,-0.37,-2.59%,1472200
IMNM,2025-10-13,13.92,14.48,13.68,14.25,0.33,+2.37%,1031600
IMNM,2025-10-14,13.8,14.32,13.5348,14.1,-0.15,-1.05%,674500
IMNM,2025-10-15,13.99,16.4,13.935,16.35,2.25,+15.96%,2106100
IMNM,2025-10-16,16.59,17.0766,15.69,16.49,0.14,+0.86%,1341600
IMNM,2025-10-17,16.16,16.7,15.11,15.67,-0.82,-4.97%,1333600
IMNM,2025-10-20,16.25,16.29,15.49,16.25,0.58,+3.70%,791000
IMNM,2025-10-21,16.22,16.815,15.94,16.74,0.49,+3.02%,1002300
IMNM,2025-10-22,16.87,17.32,15.83,15.9,-0.84,-5.02%,1684800
IMNM,2025-10-23,15.67,16.3,15.35,16.06,0.16,+1.01%,743800
IMNM,2025-10-24,16,16.4,15.475,15.69,-0.37,-2.30%,1166600
IMNM,2025-10-27,15.97,17.205,15.9,16.6,0.91,+5.80%,1006500
IMNM,2025-10-28,16.6,16.97,16.27,16.39,-0.21,-1.27%,669400
IMNM,2025-10-29,16.4,16.52,15.55,15.76,-0.63,-3.84%,1493900
IMNM,2025-10-30,15.55,16.4226,15.36,15.98,0.22,+1.40%,532900
IMNM,2025-10-31,15.93,16.435,15.644,16.07,0.09,+0.56%,732900
IMNM,2025-11-03,16.07,17.87,15.82,17,0.93,+5.79%,3015700
IMNM,2025-11-04,16.36,16.8,15.06,15.41,-1.59,-9.35%,1535100
IMNM,2025-11-05,15.47,15.81,14.7095,15.35,-0.06,-0.39%,1282200
IMNM,2025-11-06,15.47,15.84,15.26,15.5,0.15,+0.98%,1082900
IMNM,2025-11-07,15.45,15.8,14.64,15.24,-0.26,-1.68%,1665400
IMNM,2025-11-10,15.46,16.465,15.46,16.44,1.2,+7.87%,1394400
IMNM,2025-11-11,16.38,17.72,16.12,17.52,1.08,+6.57%,2025500
IMNM,2025-11-12,17.48,17.94,17.06,17.43,-0.09,-0.51%,1547800
IMNM,2025-11-13,17.55,17.55,16.51,16.51,-0.92,-5.28%,1914000
IMNM,2025-11-14,16.11,18.455,16.11,17.14,0.63,+3.82%,2006500
IMNM,2025-11-17,17.71,18.7874,17.35,18.13,0.99,+5.78%,1680600
IMNM,2025-11-18,18.04,18.28,17.465,17.86,-0.27,-1.49%,997300
IMNM,2025-11-19,18,18.41,17.62,17.69,-0.17,-0.95%,1451000
IMNM,2025-11-20,18,18.9431,17.5,17.51,-0.18,-1.02%,850400
IMNM,2025-11-21,17.46,19.0145,17.3,18.53,1.02,+5.83%,1430300
IMNM,2025-11-24,18.67,19.16,18.34,18.65,0.12,+0.65%,1052700
IMNM,2025-11-25,18.86,19.13,17.96,18.3,-0.35,-1.88%,842900
IMNM,2025-11-26,18.29,18.76,18,18.63,0.33,+1.80%,1011000
IMNM,2025-11-28,18.75,18.96,18.225,18.42,-0.21,-1.13%,328500
IMNM,2025-12-01,18.51,18.61,17.84,18.32,-0.1,-0.54%,808400
IMNM,2025-12-02,18.44,18.57,16.81,17.09,-1.23,-6.71%,1155700
IMNM,2025-12-03,17.4,19.655,17,19.37,2.28,+13.34%,2113300
IMNM,2025-12-04,19.07,20.4,18.91,20.09,0.72,+3.72%,1533000
IMNM,2025-12-05,20.08,20.46,19.69,19.76,-0.33,-1.64%,782400
IMNM,2025-12-08,20.13,20.39,19.29,19.64,-0.12,-0.61%,932700
IMNM,2025-12-09,19.45,19.905,19.03,19.06,-0.58,-2.95%,683600
IMNM,2025-12-10,19.1,20.44,18.87,20.3,1.24,+6.51%,1006020
IMNM,2025-12-11,20.2,20.8,19.265,19.49,-0.81,-3.99%,1120100
IMNM,2025-12-12,19.67,19.82,18.81,19.57,0.08,+0.41%,1424500
IMNM,2025-12-15,22.92,25.3,21.22,22.64,3.07,+15.69%,12946700
IMNM,2025-12-16,22.88,24.07,22.6,23.48,0.84,+3.71%,3477100
IMNM,2025-12-17,21.6,21.93,19.77,19.78,-3.7,-15.76%,10767800
IMNM,2025-12-18,20.19,20.5,19.37,19.95,0.17,+0.86%,3602200
IMNM,2025-12-19,20.71,21.99,20.1773,21.44,1.49,+7.47%,7344300
IMNM,2025-12-22,21.96,22.39,21.23,22.03,0.59,+2.75%,2511300
IMNM,2025-12-23,21.9,22.45,21.4352,21.73,-0.3,-1.36%,4021600
IMNM,2025-12-24,21.7,22.529,21.56,22.33,0.6,+2.76%,844200
IMNM,2025-12-26,22.01,22.16,21.3321,21.71,-0.62,-2.78%,1037800
IMNM,2025-12-29,21.71,22.12,21,21.6,-0.11,-0.51%,2123200
IMNM,2025-12-30,21.44,21.8611,21.12,21.18,-0.42,-1.94%,1088200
IMNM,2025-12-31,21.33,21.66,21,21.48,0.3,+1.42%,1344700
IMNM,2026-01-02,21.44,21.5,20.21,20.82,-0.66,-3.07%,2108900
IMNM,2026-01-05,20.83,20.85,19.33,19.71,-1.11,-5.33%,2107200
IMNM,2026-01-06,19.65,19.84,19.15,19.75,0.04,+0.20%,1976300
IMNM,2026-01-07,19.8,20.76,19.2,19.98,0.23,+1.16%,1850500
IMNM,2026-01-08,19.55,20.8,19.42,20.45,0.47,+2.35%,3161800
IMNM,2026-01-09,20.92,22.0129,20.73,21.07,0.62,+3.03%,2842800
IMNM,2026-01-12,20.97,21.21,19.6,20.57,-0.5,-2.37%,1820600
IMNM,2026-01-13,20.42,20.44,19.67,20.14,-0.43,-2.09%,2665300
IMNM,2026-01-14,20.16,21.16,20.06,20.76,0.62,+3.08%,2829200
IMNM,2026-01-15,20.61,22.91,20.05,22.85,2.09,+10.07%,3425400
IMNM,2026-01-16,22.86,23.35,22.24,22.41,-0.44,-1.93%,1956300
IMNM,2026-01-20,21.56,24.015,21.39,23.88,1.47,+6.56%,2027100
IMNM,2026-01-21,23.89,24.92,23.51,24.87,0.99,+4.15%,2008800
IMNM,2026-01-22,24.84,25.85,24.5,25.82,0.95,+3.82%,2862200
IMNM,2026-01-23,25.63,26.36,24.85,25.87,0.05,+0.19%,2080000
IMNM,2026-01-26,25.53,26.625,24.815,25.43,-0.44,-1.70%,2164600
IMNM,2026-01-27,25.45,25.97,24.91,25.7,0.27,+1.06%,1017500
IMNM,2026-01-28,25.66,25.9,24.65,24.75,-0.95,-3.70%,1235600
IMNM,2026-01-29,24.69,25.61,24.28,25.07,0.32,+1.29%,929600
IMNM,2026-01-30,24.83,25.26,23.67,24.62,-0.45,-1.79%,1359000
IMNM,2026-02-02,24.48,26.2,24.42,26.14,1.52,+6.17%,1602000
IMNM,2026-02-03,26.37,27.23,26.37,26.97,0.83,+3.18%,1989200
IMNM,2026-02-04,27,27.65,25.77,26.41,-0.56,-2.08%,1711700
IMNM,2026-02-05,26.16,26.94,23.86,24,-2.41,-9.13%,1490100
IMNM,2026-02-06,24.61,25.76,24.32,24.88,0.88,+3.67%,1138300
IMNM,2026-02-09,24.59,24.71,24.03,24.5,-0.38,-1.53%,857000
IMNM,2026-02-10,24.68,25.1799,24.29,24.93,0.43,+1.76%,975300
IMNM,2026-02-11,24.97,25.21,22.75,23.41,-1.52,-6.10%,1261000
IMNM,2026-02-12,24.2,24.25,22.25,22.44,-0.97,-4.14%,1243200
IMNM,2026-02-13,22.59,23.35,22.05,22.16,-0.28,-1.25%,907500
IMNM,2026-02-17,22.13,23.1,21.92,22.69,0.53,+2.39%,708700
IMNM,2026-02-18,22.49,23.1,21.93,21.99,-0.7,-3.09%,907800
IMNM,2026-02-19,21.86,22.17,21.55,22.14,0.15,+0.68%,650000
IMNM,2026-02-20,21.94,22.16,21.32,21.5,-0.64,-2.89%,1080500
IMNM,2026-02-23,21.59,22.52,21.215,21.8,0.3,+1.40%,1147500
IMNM,2026-02-24,22.12,22.691,22.08,22.12,0.32,+1.47%,566400
IMNM,2026-02-25,22.29,22.94,21.59,22.14,0.02,+0.09%,636900
IMNM,2026-02-26,22.03,22.27,21.45,21.89,-0.25,-1.13%,639800
IMNM,2026-02-27,21.46,22.14,21.37,21.86,-0.03,-0.14%,1053300
IMNM,2026-03-02,21.21,22.73,21.2,22.21,0.35,+1.60%,1363000
IMNM,2026-03-03,21.48,22.355,21.37,21.54,-0.67,-3.02%,963800
IMNM,2026-03-04,22,22.81,21.62,22.52,0.98,+4.55%,1192900
IMNM,2026-03-05,22.01,22.24,20.66,20.95,-1.57,-6.97%,2243100
IMNM,2026-03-06,20.18,21.06,20.02,21.04,0.09,+0.43%,1832550
IMNM,2026-03-09,20.65,21.45,19.8501,21.33,0.29,+1.38%,975700
IMNM,2026-03-10,21.33,22.16,21.17,21.86,0.53,+2.48%,1029100
IMNM,2026-03-11,21.3,21.69,20.93,21.4,-0.46,-2.10%,664300
IMNM,2026-03-12,21.29,21.29,20.12,20.99,-0.41,-1.92%,1062000
IMNM,2026-03-13,21.23,21.4,19.8067,20.36,-0.63,-3.00%,983500
IMNM,2026-03-16,20.78,21.2,20.3,20.36,0,0.00%,1011400
IMNM,2026-03-17,20.29,20.845,19.95,20.71,0.35,+1.72%,1082300
IMNM,2026-03-18,20.58,21.03,20.4,20.62,-0.09,-0.43%,989200
IMNM,2026-03-19,20.47,20.98,20.02,20.83,0.21,+1.02%,1150500
IMNM,2026-03-20,20.81,21.26,20.01,20.01,-0.82,-3.94%,5731100
IMNM,2026-03-23,20.62,21,20.152,20.75,0.74,+3.70%,1220600
IMNM,2026-03-24,20.42,21.17,19.905,20.21,-0.54,-2.60%,1304000
IMNM,2026-03-25,20.58,21.46,20.285,20.3,0.09,+0.45%,1443800
IMNM,2026-03-26,20.06,21.075,20.06,20.41,0.11,+0.54%,1305800
IMNM,2026-03-27,20.26,20.46,19.32,19.61,-0.8,-3.92%,1189200
IMNM,2026-03-30,19.61,19.89,19.16,19.3,-0.31,-1.58%,1065600
IMNM,2026-03-31,20.37,22.22,20.37,21.87,2.57,+13.32%,4211400
IMNM,2026-04-01,22.22,23.14,22.22,22.45,0.58,+2.65%,1149100
IMNM,2026-04-02,21.64,22.62,21.405,21.84,-0.61,-2.72%,1602400
IMNM,2026-04-06,21.63,22.4,21.46,21.48,-0.36,-1.65%,731700
IMNM,2026-04-07,21.13,21.9,20.78,21.58,0.1,+0.47%,1486200
IMNM,2026-04-08,22.49,22.6,21.41,21.7,0.12,+0.56%,1339500
IMNM,2026-04-09,21.42,22.7,21.42,22.46,0.76,+3.50%,888200
IMNM,2026-04-10,22.56,22.61,21.54,21.67,-0.79,-3.52%,1138900
IMNM,2026-04-13,21.55,23.02,21.55,22.62,0.95,+4.38%,1070700
IMNM,2026-04-14,22.76,23.68,22.575,22.9,0.28,+1.24%,1290900
IMNM,2026-04-15,23.08,23.45,22.5,23.39,0.49,+2.14%,648900
IMNM,2026-04-16,23.32,23.48,22.86,23.26,-0.13,-0.56%,784200
IMNM,2026-04-17,23.85,24.81,23.53,24.63,1.37,+5.89%,1022400
IMNM,2026-04-20,24.47,24.9,24.13,24.25,-0.38,-1.54%,985400
IMNM,2026-04-21,24.32,24.4497,23.7,23.85,-0.4,-1.65%,530500
IMNM,2026-04-22,24,24.3,23.51,23.78,-0.07,-0.29%,669700
IMNM,2026-04-23,23.67,23.94,22.91,22.99,-0.79,-3.32%,559400
IMNM,2026-04-24,22.86,23.79,22.54,23.56,0.57,+2.48%,590100
IMNN,2014-12-31,6245.2173,6436.956,6190.4346,6382.1733,6358.6133,"+26,989.02%",66
IMNN,2015-01-02,6354.782,6573.913,6354.782,6546.522,164.3487,+2.58%,16
IMNN,2015-01-05,6710.8696,6765.652,6573.913,6628.696,82.174,+1.26%,9
IMNN,2015-01-06,6628.696,6847.826,6354.782,6491.739,-136.957,-2.07%,19
IMNN,2015-01-07,6628.696,6710.8696,6491.739,6601.304,109.565,+1.69%,10
IMNN,2015-01-08,6683.478,6710.8696,6491.739,6710.8696,109.5656,+1.66%,19
IMNN,2015-01-09,6628.696,6738.2607,6601.304,6683.478,-27.3916,-0.41%,9
IMNN,2015-01-12,6710.8696,7039.565,6628.696,6656.087,-27.391,-0.41%,53
IMNN,2015-01-13,6573.913,6820.4346,6436.956,6491.739,-164.348,-2.47%,18
IMNN,2015-01-14,6382.1733,6683.478,6382.1733,6628.696,136.957,+2.11%,15
IMNN,2015-01-15,6601.304,6656.087,6382.1733,6382.1733,-246.5227,-3.72%,17
IMNN,2015-01-16,6409.565,6573.913,6354.782,6464.347,82.1737,+1.29%,17
IMNN,2015-01-20,6546.522,6546.522,6327.391,6354.782,-109.565,-1.69%,20
IMNN,2015-01-21,6327.391,6327.391,6053.478,6053.478,-301.304,-4.74%,34
IMNN,2015-01-22,6026.087,6080.8696,5943.913,6053.478,0,0.00%,16
IMNN,2015-01-23,6053.478,6163.0435,6026.087,6053.478,0,0.00%,17
IMNN,2015-01-26,6080.8696,6163.0435,6026.087,6135.652,82.174,+1.36%,10
IMNN,2015-01-27,6108.2607,6163.0435,6108.2607,6135.652,0,0.00%,6
IMNN,2015-01-28,6163.0435,6245.2173,5889.1304,6026.087,-109.565,-1.79%,23
IMNN,2015-01-29,6026.087,6163.0435,5943.913,6026.087,0,0.00%,13
IMNN,2015-01-30,6026.087,6245.2173,5971.304,6053.478,27.391,+0.45%,10
IMNN,2015-02-02,6053.478,6135.652,6053.478,6053.478,0,0.00%,5
IMNN,2015-02-03,6080.8696,6190.4346,6053.478,6053.478,0,0.00%,12
IMNN,2015-02-04,6080.8696,6163.0435,6080.8696,6108.2607,54.7827,+0.90%,6
IMNN,2015-02-05,6163.0435,6409.565,6135.652,6409.565,301.3043,+4.93%,20
IMNN,2015-02-06,6327.391,6464.347,6217.8257,6245.2173,-164.3477,-2.56%,10
IMNN,2015-02-09,6299.9995,6464.347,6245.2173,6436.956,191.7387,+3.07%,19
IMNN,2015-02-10,6436.956,6519.1304,6436.956,6491.739,54.783,+0.85%,5
IMNN,2015-02-11,6409.565,6464.347,6354.782,6464.347,-27.392,-0.42%,5
IMNN,2015-02-12,6519.1304,6519.1304,6327.391,6354.782,-109.565,-1.69%,17
IMNN,2015-02-13,6354.782,6656.087,6354.782,6601.304,246.522,+3.88%,26
IMNN,2015-02-17,6573.913,7094.348,6573.913,7094.348,493.044,+7.47%,33
IMNN,2015-02-18,7094.348,7970.8696,6984.782,7696.956,602.608,+8.49%,85
IMNN,2015-02-19,7696.956,7888.696,7286.0874,7642.174,-54.782,-0.71%,45
IMNN,2015-02-20,8628.261,9696.521,7970.8696,8628.261,986.087,+12.90%,2627
IMNN,2015-02-23,8710.435,9039.13,8272.174,8381.739,-246.522,-2.86%,175
IMNN,2015-02-24,8217.391,8765.218,8080.4346,8080.4346,-301.3044,-3.59%,87
IMNN,2015-02-25,8436.521,8436.521,7998.2607,8162.608,82.1734,+1.02%,62
IMNN,2015-02-26,8190,8272.174,7998.2607,8053.043,-109.565,-1.34%,40
IMNN,2015-02-27,8080.4346,8107.826,7888.696,7916.0874,-136.9556,-1.70%,33
IMNN,2015-03-02,7833.9126,7916.0874,7560,7696.956,-219.1314,-2.77%,61
IMNN,2015-03-03,7669.565,7724.348,7203.9126,7560,-136.956,-1.78%,35
IMNN,2015-03-04,7477.826,7669.565,7286.0874,7614.782,54.782,+0.72%,18
IMNN,2015-03-05,7669.565,7888.696,7642.174,7861.304,246.522,+3.24%,20
IMNN,2015-03-06,7888.696,7916.0874,7642.174,7724.348,-136.956,-1.74%,28
IMNN,2015-03-09,7806.5215,7806.5215,7532.608,7724.348,0,0.00%,18
IMNN,2015-03-10,7751.7383,7751.7383,7395.652,7560,-164.348,-2.13%,14
IMNN,2015-03-11,7560,8025.652,7258.696,7943.4785,383.4785,+5.07%,60
IMNN,2015-03-12,7806.5215,8025.652,7286.0874,7286.0874,-657.3911,-8.28%,47
IMNN,2015-03-13,7340.8696,7587.391,7176.5215,7231.3047,-54.7827,-0.75%,58
IMNN,2015-03-16,7176.5215,7368.2607,6793.043,6820.4346,-410.8701,-5.68%,37
IMNN,2015-03-17,6765.652,6902.608,6573.913,6710.8696,-109.565,-1.61%,37
IMNN,2015-03-18,6738.2607,6984.782,6573.913,6984.782,273.9124,+4.08%,30
IMNN,2015-03-19,6957.391,7340.8696,6957.391,7258.696,273.914,+3.92%,37
IMNN,2015-03-20,7395.652,7505.218,7066.956,7066.956,-191.74,-2.64%,30
IMNN,2015-03-23,7066.956,7313.4785,7039.565,7258.696,191.74,+2.71%,9
IMNN,2015-03-24,7258.696,7614.782,7176.5215,7340.8696,82.1736,+1.13%,28
IMNN,2015-03-25,7450.4346,7587.391,7313.4785,7313.4785,-27.3911,-0.37%,40
IMNN,2015-03-26,7258.696,7368.2607,6875.218,7286.0874,-27.3911,-0.37%,19
IMNN,2015-03-27,7395.652,7505.218,7286.0874,7368.2607,82.1733,+1.13%,12
IMNN,2015-03-30,7532.608,7532.608,7121.7383,7340.8696,-27.3911,-0.37%,12
IMNN,2015-03-31,7231.3047,7313.4785,7094.348,7313.4785,-27.3911,-0.37%,15
IMNN,2015-04-01,7258.696,7286.0874,7121.7383,7286.0874,-27.3911,-0.37%,4
IMNN,2015-04-02,7395.652,7423.043,7066.956,7395.652,109.5646,+1.50%,30
IMNN,2015-04-06,7395.652,7395.652,6984.782,7149.1294,-246.5226,-3.33%,16
IMNN,2015-04-07,7176.5215,7176.5215,6875.218,7039.565,-109.5644,-1.53%,29
IMNN,2015-04-08,7121.7383,7258.696,6683.478,7039.565,0,0.00%,42
IMNN,2015-04-09,7039.565,7039.565,6765.652,6902.608,-136.957,-1.95%,14
IMNN,2015-04-10,6847.826,7121.7383,6710.8696,7121.7383,219.1303,+3.17%,22
IMNN,2015-04-13,6957.391,7203.9126,6957.391,7066.956,-54.7823,-0.77%,23
IMNN,2015-04-14,7012.174,7286.0874,6902.608,7286.0874,219.1314,+3.10%,22
IMNN,2015-04-15,9313.044,9778.695,8436.521,8628.261,1342.1736,+18.42%,3135
IMNN,2015-04-16,8628.261,8683.044,7916.0874,8053.043,-575.218,-6.67%,277
IMNN,2015-04-17,7779.1294,8107.826,7724.348,8080.4346,27.3916,+0.34%,62
IMNN,2015-04-20,8025.652,8381.739,7724.348,7833.9126,-246.522,-3.05%,79
IMNN,2015-04-21,7779.1294,7970.8696,7779.1294,7916.0874,82.1748,+1.05%,39
IMNN,2015-04-22,7916.0874,8244.782,7916.0874,7998.2607,82.1733,+1.04%,73
IMNN,2015-04-23,8053.043,8162.608,7779.1294,7943.4785,-54.7822,-0.68%,38
IMNN,2015-04-24,8080.4346,8107.826,7806.5215,7943.4785,0,0.00%,49
IMNN,2015-04-27,7888.696,8025.652,7395.652,7505.218,-438.2605,-5.52%,96
IMNN,2015-04-28,7532.608,7532.608,7286.0874,7340.8696,-164.3484,-2.19%,56
IMNN,2015-04-29,7532.608,7669.565,7423.043,7477.826,136.9564,+1.87%,27
IMNN,2015-04-30,7450.4346,7669.565,7340.8696,7505.218,27.392,+0.37%,41
IMNN,2015-05-01,7450.4346,7505.218,7121.7383,7203.9126,-301.3054,-4.01%,74
IMNN,2015-05-04,7203.9126,7286.0874,6957.391,7231.3047,27.3921,+0.38%,64
IMNN,2015-05-05,7258.696,7258.696,6847.826,6847.826,-383.4787,-5.30%,92
IMNN,2015-05-06,6957.391,7066.956,6875.218,6957.391,109.565,+1.60%,31
IMNN,2015-05-07,6930,6984.782,6710.8696,6738.2607,-219.1303,-3.15%,29
IMNN,2015-05-08,6847.826,6875.218,6738.2607,6765.652,27.3913,+0.41%,14
IMNN,2015-05-11,6765.652,6984.782,6628.696,6902.608,136.956,+2.02%,48
IMNN,2015-05-12,6765.652,7094.348,6765.652,6847.826,-54.782,-0.79%,42
IMNN,2015-05-13,7039.565,7039.565,6710.8696,6902.608,54.782,+0.80%,41
IMNN,2015-05-14,6820.4346,7176.5215,6820.4346,7039.565,136.957,+1.98%,34
IMNN,2015-05-15,7121.7383,7176.5215,7012.174,7094.348,54.783,+0.78%,31
IMNN,2015-05-18,7066.956,7313.4785,7066.956,7258.696,164.348,+2.32%,28
IMNN,2015-05-19,7258.696,7477.826,7203.9126,7313.4785,54.7825,+0.75%,33
IMNN,2015-05-20,7340.8696,7368.2607,7121.7383,7121.7383,-191.7402,-2.62%,31
IMNN,2015-05-21,7094.348,7916.0874,7012.174,7669.565,547.8267,+7.69%,182
IMNN,2015-05-22,7669.565,7669.565,7121.7383,7203.9126,-465.6524,-6.07%,60
IMNN,2015-05-26,7121.7383,7395.652,7121.7383,7176.5215,-27.3911,-0.38%,31
IMNN,2015-05-27,7258.696,7614.782,6847.826,7121.7383,-54.7832,-0.76%,276
IMNN,2015-05-28,6847.826,6957.391,6327.391,6847.826,-273.9123,-3.85%,180
IMNN,2015-05-29,6765.652,6902.608,6656.087,6765.652,-82.174,-1.20%,35
IMNN,2015-06-01,7039.565,7121.7383,6820.4346,6930,164.348,+2.43%,67
IMNN,2015-06-02,6957.391,7012.174,6875.218,6930,0,0.00%,21
IMNN,2015-06-03,6984.782,7039.565,6847.826,6930,0,0.00%,41
IMNN,2015-06-04,6847.826,6957.391,6847.826,6930,0,0.00%,31
IMNN,2015-06-05,6957.391,6957.391,6847.826,6875.218,-54.782,-0.79%,47
IMNN,2015-06-08,6984.782,7423.043,6902.608,7258.696,383.478,+5.58%,136
IMNN,2015-06-09,7203.9126,7286.0874,6875.218,6930,-328.696,-4.53%,73
IMNN,2015-06-10,6984.782,7039.565,6765.652,6820.4346,-109.5654,-1.58%,37
IMNN,2015-06-11,6793.043,6984.782,6710.8696,6710.8696,-109.565,-1.61%,27
IMNN,2015-06-12,6710.8696,6820.4346,6464.347,6464.347,-246.5226,-3.67%,90
IMNN,2015-06-15,6464.347,6793.043,6464.347,6573.913,109.566,+1.69%,37
IMNN,2015-06-16,6491.739,6683.478,6491.739,6519.1304,-54.7826,-0.83%,19
IMNN,2015-06-17,6601.304,6656.087,6519.1304,6519.1304,0,0.00%,16
IMNN,2015-06-18,6491.739,6683.478,6491.739,6546.522,27.3916,+0.42%,17
IMNN,2015-06-19,6683.478,6683.478,6464.347,6546.522,0,0.00%,54
IMNN,2015-06-22,6601.304,6820.4346,6491.739,6683.478,136.956,+2.09%,28
IMNN,2015-06-23,6765.652,6957.391,6710.8696,6875.218,191.74,+2.87%,27
IMNN,2015-06-24,6820.4346,6847.826,6601.304,6683.478,-191.74,-2.79%,20
IMNN,2015-06-25,6738.2607,6847.826,6573.913,6656.087,-27.391,-0.41%,14
IMNN,2015-06-26,6546.522,6793.043,6464.347,6710.8696,54.7826,+0.82%,32
IMNN,2015-06-29,6683.478,6683.478,6436.956,6436.956,-273.9136,-4.08%,16
IMNN,2015-06-30,6491.739,6573.913,6436.956,6436.956,0,0.00%,18
IMNN,2015-07-01,6409.565,6601.304,6409.565,6464.347,27.391,+0.43%,11
IMNN,2015-07-02,6409.565,6546.522,6382.1733,6436.956,-27.391,-0.42%,11
IMNN,2015-07-06,6765.652,6820.4346,6436.956,6436.956,0,0.00%,82
IMNN,2015-07-07,6601.304,6628.696,5971.304,6053.478,-383.478,-5.96%,100
IMNN,2015-07-08,6053.478,6163.0435,5889.1304,5998.696,-54.782,-0.90%,60
IMNN,2015-07-09,6108.2607,6217.8257,5943.913,6026.087,27.391,+0.46%,33
IMNN,2015-07-10,6135.652,6519.1304,6053.478,6299.9995,273.9125,+4.55%,26
IMNN,2015-07-13,6299.9995,6436.956,6245.2173,6354.782,54.7825,+0.87%,56
IMNN,2015-07-14,6847.826,6902.608,6573.913,6573.913,219.131,+3.45%,342
IMNN,2015-07-15,7313.4785,7450.4346,6930,6930,356.087,+5.42%,1124
IMNN,2015-07-16,7066.956,7149.1294,6738.2607,7066.956,136.956,+1.98%,165
IMNN,2015-07-17,7066.956,7066.956,6847.826,6957.391,-109.565,-1.55%,77
IMNN,2015-07-20,6875.218,7203.9126,6738.2607,6765.652,-191.739,-2.76%,89
IMNN,2015-07-21,6683.478,6875.218,6601.304,6710.8696,-54.7824,-0.81%,61
IMNN,2015-07-22,6656.087,6710.8696,6573.913,6601.304,-109.5656,-1.63%,27
IMNN,2015-07-23,6710.8696,6957.391,6628.696,6847.826,246.522,+3.73%,92
IMNN,2015-07-24,6875.218,7176.5215,6875.218,7066.956,219.13,+3.20%,123
IMNN,2015-07-27,7176.5215,7203.9126,6902.608,6957.391,-109.565,-1.55%,84
IMNN,2015-07-28,7121.7383,7121.7383,6601.304,6902.608,-54.783,-0.79%,76
IMNN,2015-07-29,6793.043,6820.4346,6546.522,6656.087,-246.521,-3.57%,96
IMNN,2015-07-30,6710.8696,6984.782,6299.9995,6409.565,-246.522,-3.70%,77
IMNN,2015-07-31,6354.782,6546.522,6190.4346,6245.2173,-164.3477,-2.56%,35
IMNN,2015-08-03,6327.391,6327.391,5943.913,6108.2607,-136.9566,-2.19%,73
IMNN,2015-08-04,6053.478,6409.565,6026.087,6190.4346,82.1739,+1.35%,48
IMNN,2015-08-05,6245.2173,6354.782,5998.696,6053.478,-136.9566,-2.21%,30
IMNN,2015-08-06,6793.043,6793.043,6245.2173,6409.565,356.087,+5.88%,143
IMNN,2015-08-07,6299.9995,6519.1304,6053.478,6108.2607,-301.3043,-4.70%,37
IMNN,2015-08-10,6601.304,6601.304,6026.087,6163.0435,54.7828,+0.90%,81
IMNN,2015-08-11,6108.2607,6327.391,6108.2607,6163.0435,0,0.00%,43
IMNN,2015-08-12,6163.0435,6299.9995,5998.696,6053.478,-109.5655,-1.78%,78
IMNN,2015-08-13,6163.0435,6245.2173,6026.087,6190.4346,136.9566,+2.26%,59
IMNN,2015-08-14,6108.2607,6245.2173,5998.696,6108.2607,-82.1739,-1.33%,27
IMNN,2015-08-17,5998.696,6108.2607,5971.304,5998.696,-109.5647,-1.79%,49
IMNN,2015-08-18,6026.087,6135.652,5971.304,5998.696,0,0.00%,27
IMNN,2015-08-19,5998.696,6135.652,5642.6084,5752.1733,-246.5227,-4.11%,81
IMNN,2015-08-20,5834.348,5834.348,5478.2607,5533.0435,-219.1298,-3.81%,51
IMNN,2015-08-21,5478.2607,5478.2607,5204.3477,5478.2607,-54.7828,-0.99%,69
IMNN,2015-08-24,4985.2173,5204.3477,4930.4346,5122.174,-356.0867,-6.50%,62
IMNN,2015-08-25,5259.1304,5423.478,5067.391,5149.565,27.391,+0.53%,43
IMNN,2015-08-26,5176.9565,5231.739,4930.4346,5204.3477,54.7827,+1.06%,56
IMNN,2015-08-27,5313.913,5642.6084,5231.739,5450.8696,246.5219,+4.74%,52
IMNN,2015-08-28,5450.8696,5642.6084,5450.8696,5642.6084,191.7388,+3.52%,29
IMNN,2015-08-31,5669.9995,5834.348,5560.4346,5697.391,54.7826,+0.97%,24
IMNN,2015-09-01,5615.2173,5779.565,5505.652,5587.8257,-109.5653,-1.92%,16
IMNN,2015-09-02,5587.8257,5806.956,5505.652,5533.0435,-54.7822,-0.98%,16
IMNN,2015-09-03,5806.956,5806.956,5396.087,5423.478,-109.5655,-1.98%,25
IMNN,2015-09-04,5341.304,5724.782,5286.5215,5396.087,-27.391,-0.51%,27
IMNN,2015-09-08,5752.1733,6026.087,5560.4346,5889.1304,493.0434,+9.14%,64
IMNN,2015-09-09,5889.1304,6190.4346,5779.565,5779.565,-109.5654,-1.86%,55
IMNN,2015-09-10,5724.782,6026.087,5724.782,5834.348,54.783,+0.95%,20
IMNN,2015-09-11,5861.7393,5861.7393,5478.2607,5587.8257,-246.5223,-4.23%,75
IMNN,2015-09-14,5478.2607,5697.391,5478.2607,5642.6084,54.7827,+0.98%,24
IMNN,2015-09-15,5752.1733,5971.304,5724.782,5779.565,136.9566,+2.43%,58
IMNN,2015-09-16,5752.1733,5889.1304,5587.8257,5615.2173,-164.3477,-2.84%,31
IMNN,2015-09-17,5615.2173,5779.565,5423.478,5533.0435,-82.1738,-1.46%,48
IMNN,2015-09-18,5505.652,5806.956,5505.652,5615.2173,82.1738,+1.49%,158
IMNN,2015-09-21,5642.6084,5697.391,5423.478,5505.652,-109.5653,-1.95%,68
IMNN,2015-09-22,5478.2607,5615.2173,5204.3477,5478.2607,-27.3913,-0.50%,59
IMNN,2015-09-23,5533.0435,5533.0435,5341.304,5423.478,-54.7827,-1.00%,23
IMNN,2015-09-24,5478.2607,5478.2607,5259.1304,5450.8696,27.3916,+0.51%,31
IMNN,2015-09-25,5533.0435,5587.8257,5149.565,5259.1304,-191.7392,-3.52%,49
IMNN,2015-09-28,5259.1304,5396.087,4492.174,4903.0435,-356.0869,-6.77%,104
IMNN,2015-09-29,4848.2607,5122.174,4683.913,4766.087,-136.9565,-2.79%,47
IMNN,2015-09-30,4820.8696,4820.8696,4464.7827,4574.3477,-191.7393,-4.02%,75
IMNN,2015-10-01,4601.739,4738.696,4410,4519.565,-54.7827,-1.20%,55
IMNN,2015-10-02,4574.3477,4711.304,4437.391,4601.739,82.174,+1.82%,55
IMNN,2015-10-05,4656.522,4848.2607,4546.9565,4683.913,82.174,+1.79%,42
IMNN,2015-10-06,4738.696,4875.652,4492.174,4711.304,27.391,+0.58%,42
IMNN,2015-10-07,4711.304,4793.478,4601.739,4683.913,-27.391,-0.58%,51
IMNN,2015-10-08,4738.696,4793.478,4574.3477,4656.522,-27.391,-0.58%,16
IMNN,2015-10-09,4601.739,5067.391,4601.739,5040,383.478,+8.24%,74
IMNN,2015-10-12,5478.2607,6080.8696,5094.7827,5259.1304,219.1304,+4.35%,782
IMNN,2015-10-13,5423.478,5423.478,4930.4346,4930.4346,-328.6958,-6.25%,99
IMNN,2015-10-14,4985.2173,5094.7827,4656.522,4903.0435,-27.3911,-0.56%,68
IMNN,2015-10-15,4985.2173,5396.087,4957.8257,5122.174,219.1305,+4.47%,86
IMNN,2015-10-16,5204.3477,5341.304,5122.174,5204.3477,82.1737,+1.60%,50
IMNN,2015-10-19,5231.739,5615.2173,5204.3477,5286.5215,82.1738,+1.58%,63
IMNN,2015-10-20,5204.3477,5615.2173,5094.7827,5176.9565,-109.565,-2.07%,23
IMNN,2015-10-21,5259.1304,5259.1304,4875.652,4957.8257,-219.1308,-4.23%,58
IMNN,2015-10-22,5012.609,5067.391,4957.8257,4957.8257,0,0.00%,25
IMNN,2015-10-23,5040,5067.391,4957.8257,5040,82.1743,+1.66%,13
IMNN,2015-10-26,5094.7827,5094.7827,4793.478,4875.652,-164.348,-3.26%,51
IMNN,2015-10-27,4903.0435,5094.7827,4793.478,4875.652,0,0.00%,57
IMNN,2015-10-28,5040,5067.391,4793.478,4930.4346,54.7826,+1.12%,41
IMNN,2015-10-29,4930.4346,5040,4875.652,4903.0435,-27.3911,-0.56%,26
IMNN,2015-10-30,4957.8257,4985.2173,4683.913,4683.913,-219.1305,-4.47%,41
IMNN,2015-11-02,4656.522,5204.3477,4656.522,5122.174,438.261,+9.36%,54
IMNN,2015-11-03,5122.174,5478.2607,5122.174,5259.1304,136.9564,+2.67%,52
IMNN,2015-11-04,5313.913,5396.087,5204.3477,5313.913,54.7826,+1.04%,47
IMNN,2015-11-05,5368.696,5450.8696,5094.7827,5094.7827,-219.1303,-4.12%,45
IMNN,2015-11-06,5094.7827,5149.565,4930.4346,5094.7827,0,0.00%,35
IMNN,2015-11-09,5423.478,5450.8696,5012.609,5204.3477,109.565,+2.15%,37
IMNN,2015-11-10,5122.174,5204.3477,4985.2173,5204.3477,0,0.00%,23
IMNN,2015-11-11,5231.739,5286.5215,5067.391,5122.174,-82.1737,-1.58%,15
IMNN,2015-11-12,5067.391,5094.7827,4957.8257,5040,-82.174,-1.60%,25
IMNN,2015-11-13,5067.391,5149.565,4930.4346,5040,0,0.00%,15
IMNN,2015-11-16,5012.609,5176.9565,4875.652,4930.4346,-109.5654,-2.17%,56
IMNN,2015-11-17,4903.0435,5149.565,4820.8696,4957.8257,27.3911,+0.56%,39
IMNN,2015-11-18,4957.8257,5149.565,4848.2607,5012.609,54.7833,+1.10%,18
IMNN,2015-11-19,5067.391,5204.3477,4957.8257,5040,27.391,+0.55%,22
IMNN,2015-11-20,4985.2173,5176.9565,4985.2173,5094.7827,54.7827,+1.09%,26
IMNN,2015-11-23,5094.7827,5204.3477,4985.2173,5040,-54.7827,-1.08%,22
IMNN,2015-11-24,5094.7827,5587.8257,5040,5231.739,191.739,+3.80%,161
IMNN,2015-11-25,5286.5215,5615.2173,5204.3477,5505.652,273.913,+5.24%,116
IMNN,2015-11-27,5587.8257,5587.8257,5478.2607,5587.8257,82.1737,+1.49%,41
IMNN,2015-11-30,5587.8257,6217.8257,5587.8257,6190.4346,602.6089,+10.78%,193
IMNN,2015-12-01,6327.391,6327.391,5615.2173,5998.696,-191.7386,-3.10%,97
IMNN,2015-12-02,6026.087,6026.087,5505.652,5697.391,-301.305,-5.02%,58
IMNN,2015-12-03,5697.391,5861.7393,5505.652,5587.8257,-109.5653,-1.92%,37
IMNN,2015-12-04,5533.0435,5533.0435,5231.739,5313.913,-273.9127,-4.90%,39
IMNN,2015-12-07,5341.304,5341.304,4957.8257,5067.391,-246.522,-4.64%,49
IMNN,2015-12-08,5012.609,5341.304,4957.8257,5231.739,164.348,+3.24%,45
IMNN,2015-12-09,5259.1304,5313.913,5122.174,5231.739,0,0.00%,24
IMNN,2015-12-10,5259.1304,5450.8696,5149.565,5423.478,191.739,+3.66%,18
IMNN,2015-12-11,5396.087,5450.8696,5067.391,5067.391,-356.087,-6.57%,19
IMNN,2015-12-14,5396.087,5396.087,4820.8696,4930.4346,-136.9564,-2.70%,41
IMNN,2015-12-15,4957.8257,4985.2173,4793.478,4875.652,-54.7826,-1.11%,27
IMNN,2015-12-16,5204.3477,5204.3477,4793.478,4903.0435,27.3915,+0.56%,119
IMNN,2015-12-17,4820.8696,4985.2173,4820.8696,4903.0435,0,0.00%,22
IMNN,2015-12-18,4903.0435,5259.1304,4875.652,5149.565,246.5215,+5.03%,53
IMNN,2015-12-21,5094.7827,5341.304,5094.7827,5313.913,164.348,+3.19%,27
IMNN,2015-12-22,5341.304,5423.478,5313.913,5368.696,54.783,+1.03%,25
IMNN,2015-12-23,5313.913,5450.8696,5122.174,5450.8696,82.1736,+1.53%,26
IMNN,2015-12-24,5396.087,5505.652,5341.304,5450.8696,0,0.00%,13
IMNN,2015-12-28,5450.8696,5615.2173,5313.913,5505.652,54.7824,+1.01%,31
IMNN,2015-12-29,5533.0435,5560.4346,5231.739,5286.5215,-219.1305,-3.98%,23
IMNN,2015-12-30,5231.739,5396.087,5176.9565,5231.739,-54.7825,-1.04%,28
IMNN,2015-12-31,5259.1304,5450.8696,5122.174,5259.1304,27.3914,+0.52%,29
IMNN,2016-01-04,5286.5215,5450.8696,5122.174,5286.5215,27.3911,+0.52%,14
IMNN,2016-01-05,5176.9565,5313.913,5067.391,5204.3477,-82.1738,-1.55%,18
IMNN,2016-01-06,5094.7827,5176.9565,4848.2607,4875.652,-328.6957,-6.32%,22
IMNN,2016-01-07,4793.478,4930.4346,4793.478,4848.2607,-27.3913,-0.56%,42
IMNN,2016-01-08,5149.565,5176.9565,4793.478,4957.8257,109.565,+2.26%,16
IMNN,2016-01-11,4930.4346,5149.565,4108.6953,4492.174,-465.6517,-9.39%,113
IMNN,2016-01-12,4519.565,4519.565,4355.2173,4464.7827,-27.3913,-0.61%,24
IMNN,2016-01-13,4437.391,4492.174,3725.2173,3780,-684.7827,-15.34%,114
IMNN,2016-01-14,3834.7825,3862.174,3560.8691,3752.609,-27.391,-0.72%,64
IMNN,2016-01-15,3588.2607,3643.0437,3533.478,3533.478,-219.131,-5.84%,43
IMNN,2016-01-19,3560.8691,3588.2607,3286.9565,3341.739,-191.739,-5.43%,64
IMNN,2016-01-20,3314.348,3615.6523,3177.391,3560.8691,219.1301,+6.56%,91
IMNN,2016-01-21,3560.8691,3697.826,3506.087,3615.6523,54.7832,+1.54%,24
IMNN,2016-01-22,3697.826,3916.9563,3670.4348,3780,164.3477,+4.55%,13
IMNN,2016-01-25,3780,3971.7393,3725.2173,3834.7825,54.7825,+1.45%,12
IMNN,2016-01-26,3725.2173,3834.7825,3615.6523,3780,-54.7825,-1.43%,14
IMNN,2016-01-27,3697.826,3780,3615.6523,3670.4348,-109.5652,-2.90%,11
IMNN,2016-01-28,3643.0437,3697.826,3588.2607,3670.4348,0,0.00%,17
IMNN,2016-01-29,3697.826,3971.7393,3615.6523,3615.6523,-54.7825,-1.49%,14
IMNN,2016-02-01,3643.0437,3916.9563,3615.6523,3725.2173,109.565,+3.03%,32
IMNN,2016-02-02,3697.826,3697.826,3588.2607,3643.0437,-82.1736,-2.21%,5
IMNN,2016-02-03,3643.0437,3752.609,3423.913,3533.478,-109.5657,-3.01%,12
IMNN,2016-02-04,3560.8691,3670.4348,3506.087,3560.8691,27.3911,+0.78%,6
IMNN,2016-02-05,3588.2607,3588.2607,3286.9565,3423.913,-136.9561,-3.85%,28
IMNN,2016-02-08,3423.913,3423.913,3067.826,3067.826,-356.087,-10.40%,44
IMNN,2016-02-09,3067.826,3149.9998,3040.4348,3095.2173,27.3913,+0.89%,10
IMNN,2016-02-10,3259.5652,3286.9565,3013.0435,3013.0435,-82.1738,-2.65%,39
IMNN,2016-02-11,3122.6086,3122.6086,2848.6956,2958.261,-54.7825,-1.82%,68
IMNN,2016-02-12,2958.261,3177.391,2848.6956,2985.652,27.391,+0.93%,92
IMNN,2016-02-16,3067.826,3369.1304,3067.826,3314.348,328.696,+11.01%,46
IMNN,2016-02-17,3369.1304,3560.8691,3369.1304,3560.8691,246.5211,+7.44%,25
IMNN,2016-02-18,3533.478,3533.478,3286.9565,3451.304,-109.5651,-3.08%,14
IMNN,2016-02-19,3478.6956,3478.6956,3341.739,3451.304,0,0.00%,14
IMNN,2016-02-22,3451.304,3615.6523,3451.304,3588.2607,136.9567,+3.97%,14
IMNN,2016-02-23,3560.8691,3560.8691,3341.739,3451.304,-136.9567,-3.82%,11
IMNN,2016-02-24,3478.6956,3588.2607,3341.739,3588.2607,136.9567,+3.97%,12
IMNN,2016-02-25,3533.478,3533.478,3314.348,3314.348,-273.9127,-7.63%,14
IMNN,2016-02-26,3396.5215,3533.478,3369.1304,3533.478,219.13,+6.61%,11
IMNN,2016-02-29,3478.6956,3588.2607,3286.9565,3369.1304,-164.3476,-4.65%,14
IMNN,2016-03-01,3204.7825,3506.087,3204.7825,3506.087,136.9566,+4.07%,9
IMNN,2016-03-02,3506.087,3615.6523,3478.6956,3615.6523,109.5653,+3.13%,21
IMNN,2016-03-03,3615.6523,3615.6523,3506.087,3506.087,-109.5653,-3.03%,16
IMNN,2016-03-04,3451.304,3670.4348,3451.304,3588.2607,82.1737,+2.34%,27
IMNN,2016-03-07,3643.0437,3999.1304,3478.6956,3916.9563,328.6956,+9.16%,45
IMNN,2016-03-08,3944.348,4300.435,3916.9563,4273.0435,356.0872,+9.09%,24
IMNN,2016-03-09,4382.609,4382.609,3862.174,4026.5215,-246.522,-5.77%,23
IMNN,2016-03-10,4026.5215,4218.2607,3862.174,3944.348,-82.1735,-2.04%,26
IMNN,2016-03-11,3889.5647,3971.7393,3780,3862.174,-82.174,-2.08%,11
IMNN,2016-03-14,3862.174,3971.7393,3752.609,3862.174,0,0.00%,13
IMNN,2016-03-15,4026.5215,4026.5215,3670.4348,3834.7825,-27.3915,-0.71%,17
IMNN,2016-03-16,3834.7825,3834.7825,3560.8691,3615.6523,-219.1302,-5.71%,11
IMNN,2016-03-17,3643.0437,4136.087,3643.0437,3916.9563,301.304,+8.33%,26
IMNN,2016-03-18,3807.391,4108.6953,3670.4348,4108.6953,191.739,+4.90%,28
IMNN,2016-03-21,4108.6953,4108.6953,3889.5647,3916.9563,-191.739,-4.67%,19
IMNN,2016-03-22,3944.348,4108.6953,3916.9563,4108.6953,191.739,+4.90%,7
IMNN,2016-03-23,4108.6953,4108.6953,3834.7825,3944.348,-164.3473,-4.00%,5
IMNN,2016-03-24,3971.7393,4245.652,3834.7825,4245.652,301.304,+7.64%,20
IMNN,2016-03-28,4245.652,4245.652,4053.913,4163.478,-82.174,-1.94%,13
IMNN,2016-03-29,4163.478,4327.826,3834.7825,4190.8696,27.3916,+0.66%,28
IMNN,2016-03-30,4053.913,4245.652,3889.5647,3999.1304,-191.7392,-4.58%,18
IMNN,2016-03-31,3916.9563,4163.478,3916.9563,3999.1304,0,0.00%,13
IMNN,2016-04-01,3944.348,4190.8696,3944.348,4026.5215,27.3911,+0.68%,13
IMNN,2016-04-04,3971.7393,4026.5215,3670.4348,3862.174,-164.3475,-4.08%,30
IMNN,2016-04-05,3834.7825,3999.1304,3834.7825,3834.7825,-27.3915,-0.71%,11
IMNN,2016-04-06,3916.9563,4081.304,3752.609,3834.7825,0,0.00%,29
IMNN,2016-04-07,3752.609,3807.391,3697.826,3807.391,-27.3915,-0.71%,7
IMNN,2016-04-08,3780,3834.7825,3725.2173,3752.609,-54.782,-1.44%,14
IMNN,2016-04-11,3643.0437,3752.609,3643.0437,3670.4348,-82.1742,-2.19%,32
IMNN,2016-04-12,3643.0437,3999.1304,3588.2607,3862.174,191.7392,+5.22%,17
IMNN,2016-04-13,3889.5647,4108.6953,3889.5647,4053.913,191.739,+4.96%,42
IMNN,2016-04-14,4136.087,4245.652,4081.304,4190.8696,136.9566,+3.38%,19
IMNN,2016-04-15,4218.2607,4382.609,4218.2607,4218.2607,27.3911,+0.65%,34
IMNN,2016-04-18,4245.652,4464.7827,4190.8696,4410,191.7393,+4.55%,17
IMNN,2016-04-19,4683.913,4875.652,4355.2173,4738.696,328.696,+7.45%,78
IMNN,2016-04-20,4738.696,4766.087,4273.0435,4382.609,-356.087,-7.51%,23
IMNN,2016-04-21,4300.435,4492.174,4245.652,4245.652,-136.957,-3.13%,10
IMNN,2016-04-22,4190.8696,4464.7827,4190.8696,4355.2173,109.5653,+2.58%,18
IMNN,2016-04-25,4300.435,4519.565,4053.913,4245.652,-109.5653,-2.52%,6
IMNN,2016-04-26,4711.304,4711.304,4081.304,4190.8696,-54.7824,-1.29%,18
IMNN,2016-04-27,4218.2607,4382.609,4053.913,4163.478,-27.3916,-0.65%,16
IMNN,2016-04-28,4190.8696,4437.391,3971.7393,4136.087,-27.391,-0.66%,18
IMNN,2016-04-29,4163.478,4327.826,3916.9563,4053.913,-82.174,-1.99%,16
IMNN,2016-05-02,4656.522,4656.522,4081.304,4136.087,82.174,+2.03%,38
IMNN,2016-05-03,4245.652,4327.826,4136.087,4245.652,109.565,+2.65%,9
IMNN,2016-05-04,4218.2607,4327.826,4081.304,4163.478,-82.174,-1.94%,9
IMNN,2016-05-05,4108.6953,4273.0435,3971.7393,4218.2607,54.7827,+1.32%,7
IMNN,2016-05-06,4245.652,4245.652,3971.7393,4136.087,-82.1737,-1.95%,6
IMNN,2016-05-09,4053.913,4190.8696,4026.5215,4053.913,-82.174,-1.99%,17
IMNN,2016-05-10,4026.5215,4218.2607,3971.7393,4190.8696,136.9566,+3.38%,8
IMNN,2016-05-11,4190.8696,4245.652,4108.6953,4218.2607,27.3911,+0.65%,18
IMNN,2016-05-12,4190.8696,4190.8696,3971.7393,3971.7393,-246.5214,-5.84%,16
IMNN,2016-05-13,3971.7393,4218.2607,3916.9563,4081.304,109.5647,+2.76%,22
IMNN,2016-05-16,3971.7393,4163.478,3971.7393,4081.304,0,0.00%,8
IMNN,2016-05-17,3999.1304,4053.913,3971.7393,4053.913,-27.391,-0.67%,10
IMNN,2016-05-18,4081.304,4081.304,3944.348,4053.913,0,0.00%,8
IMNN,2016-05-19,4108.6953,4108.6953,3889.5647,3916.9563,-136.9567,-3.38%,11
IMNN,2016-05-20,4081.304,4081.304,3889.5647,3889.5647,-27.3916,-0.70%,11
IMNN,2016-05-23,3971.7393,4026.5215,3807.391,4026.5215,136.9568,+3.52%,19
IMNN,2016-05-24,4108.6953,4108.6953,3971.7393,4081.304,54.7825,+1.36%,12
IMNN,2016-05-25,4026.5215,4355.2173,3999.1304,4300.435,219.131,+5.37%,51
IMNN,2016-05-26,4382.609,4382.609,4053.913,4108.6953,-191.7397,-4.46%,24
IMNN,2016-05-27,4108.6953,4190.8696,3725.2173,3862.174,-246.5213,-6.00%,83
IMNN,2016-05-31,3916.9563,3999.1304,3670.4348,3697.826,-164.348,-4.26%,29
IMNN,2016-06-01,3697.826,3780,3560.8691,3780,82.174,+2.22%,74
IMNN,2016-06-02,3780,3780,3725.2173,3752.609,-27.391,-0.72%,15
IMNN,2016-06-03,3670.4348,3780,3670.4348,3780,27.391,+0.73%,14
IMNN,2016-06-06,3834.7825,3834.7825,3725.2173,3834.7825,54.7825,+1.45%,21
IMNN,2016-06-07,3834.7825,3834.7825,3780,3807.391,-27.3915,-0.71%,24
IMNN,2016-06-08,3862.174,3916.9563,3752.609,3862.174,54.783,+1.44%,22
IMNN,2016-06-09,3916.9563,3916.9563,3834.7825,3889.5647,27.3907,+0.71%,5
IMNN,2016-06-10,3807.391,3862.174,3725.2173,3834.7825,-54.7822,-1.41%,13
IMNN,2016-06-13,3834.7825,3889.5647,3643.0437,3670.4348,-164.3477,-4.29%,32
IMNN,2016-06-14,3752.609,3752.609,3451.304,3697.826,27.3912,+0.75%,89
IMNN,2016-06-15,3725.2173,3725.2173,3643.0437,3697.826,0,0.00%,12
IMNN,2016-06-16,3725.2173,3725.2173,3670.4348,3697.826,0,0.00%,10
IMNN,2016-06-17,3643.0437,3697.826,3423.913,3506.087,-191.739,-5.19%,30
IMNN,2016-06-20,3478.6956,3588.2607,3478.6956,3560.8691,54.7821,+1.56%,7
IMNN,2016-06-21,3643.0437,3725.2173,3451.304,3533.478,-27.3911,-0.77%,27
IMNN,2016-06-22,3588.2607,3670.4348,3451.304,3506.087,-27.391,-0.78%,21
IMNN,2016-06-23,3588.2607,3588.2607,3533.478,3533.478,27.391,+0.78%,10
IMNN,2016-06-24,3423.913,3533.478,3423.913,3478.6956,-54.7824,-1.55%,11
IMNN,2016-06-27,3423.913,3506.087,3286.9565,3423.913,-54.7826,-1.57%,39
IMNN,2016-06-28,3396.5215,3560.8691,3396.5215,3478.6956,54.7826,+1.60%,50
IMNN,2016-06-29,3396.5215,3560.8691,3396.5215,3533.478,54.7824,+1.57%,51
IMNN,2016-06-30,3560.8691,3588.2607,3478.6956,3478.6956,-54.7824,-1.55%,11
IMNN,2016-07-01,3478.6956,3533.478,3478.6956,3506.087,27.3914,+0.79%,34
IMNN,2016-07-05,3506.087,3643.0437,3506.087,3643.0437,136.9567,+3.91%,50
IMNN,2016-07-06,3451.304,3697.826,3423.913,3643.0437,0,0.00%,25
IMNN,2016-07-07,3615.6523,3725.2173,3560.8691,3560.8691,-82.1746,-2.26%,10
IMNN,2016-07-08,3615.6523,3725.2173,3506.087,3560.8691,0,0.00%,12
IMNN,2016-07-11,3615.6523,3643.0437,3478.6956,3560.8691,0,0.00%,78
IMNN,2016-07-12,3588.2607,3588.2607,3451.304,3451.304,-109.5651,-3.08%,35
IMNN,2016-07-13,3423.913,3560.8691,3286.9565,3396.5215,-54.7825,-1.59%,39
IMNN,2016-07-14,3341.739,3478.6956,3341.739,3423.913,27.3915,+0.81%,19
IMNN,2016-07-15,3423.913,3478.6956,3369.1304,3423.913,0,0.00%,10
IMNN,2016-07-18,3506.087,3533.478,3423.913,3533.478,109.565,+3.20%,30
IMNN,2016-07-19,3533.478,3533.478,3423.913,3506.087,-27.391,-0.78%,15
IMNN,2016-07-20,3451.304,3560.8691,3451.304,3533.478,27.391,+0.78%,20
IMNN,2016-07-21,3506.087,3560.8691,3341.739,3369.1304,-164.3476,-4.65%,24
IMNN,2016-07-22,3369.1304,3423.913,3314.348,3314.348,-54.7824,-1.63%,45
IMNN,2016-07-25,3478.6956,3588.2607,3423.913,3451.304,136.956,+4.13%,34
IMNN,2016-07-26,3533.478,3533.478,3451.304,3506.087,54.783,+1.59%,7
IMNN,2016-07-27,3560.8691,3560.8691,3451.304,3506.087,0,0.00%,15
IMNN,2016-07-28,3533.478,3533.478,3341.739,3369.1304,-136.9566,-3.91%,22
IMNN,2016-07-29,3533.478,3533.478,3314.348,3369.1304,0,0.00%,11
IMNN,2016-08-01,3423.913,3451.304,3314.348,3341.739,-27.3914,-0.81%,11
IMNN,2016-08-02,3314.348,3341.739,3286.9565,3286.9565,-54.7825,-1.64%,15
IMNN,2016-08-03,3286.9565,3341.739,3232.1736,3286.9565,0,0.00%,21
IMNN,2016-08-04,3314.348,3369.1304,3259.5652,3341.739,54.7825,+1.67%,12
IMNN,2016-08-05,3314.348,3396.5215,3286.9565,3369.1304,27.3914,+0.82%,18
IMNN,2016-08-08,3423.913,3423.913,3396.5215,3423.913,54.7826,+1.63%,17
IMNN,2016-08-09,3478.6956,3560.8691,3286.9565,3423.913,0,0.00%,49
IMNN,2016-08-10,3369.1304,3451.304,3369.1304,3423.913,0,0.00%,13
IMNN,2016-08-11,3396.5215,3423.913,3286.9565,3396.5215,-27.3915,-0.80%,31
IMNN,2016-08-12,3478.6956,3478.6956,3286.9565,3286.9565,-109.565,-3.23%,26
IMNN,2016-08-15,3506.087,3533.478,3314.348,3423.913,136.9565,+4.17%,61
IMNN,2016-08-16,3423.913,3451.304,3369.1304,3423.913,0,0.00%,32
IMNN,2016-08-17,3396.5215,3506.087,3369.1304,3423.913,0,0.00%,24
IMNN,2016-08-18,3423.913,3478.6956,3369.1304,3451.304,27.391,+0.80%,22
IMNN,2016-08-19,3423.913,3834.7825,3423.913,3615.6523,164.3483,+4.76%,248
IMNN,2016-08-22,3533.478,3670.4348,3451.304,3670.4348,54.7825,+1.52%,34
IMNN,2016-08-23,3643.0437,3697.826,3588.2607,3615.6523,-54.7825,-1.49%,17
IMNN,2016-08-24,3615.6523,3643.0437,3423.913,3478.6956,-136.9567,-3.79%,16
IMNN,2016-08-25,3423.913,3506.087,3314.348,3369.1304,-109.5652,-3.15%,24
IMNN,2016-08-26,3369.1304,3396.5215,3286.9565,3341.739,-27.3914,-0.81%,42
IMNN,2016-08-29,3341.739,3341.739,3286.9565,3341.739,0,0.00%,28
IMNN,2016-08-30,3341.739,3506.087,3341.739,3423.913,82.174,+2.46%,11
IMNN,2016-08-31,3423.913,3423.913,3286.9565,3396.5215,-27.3915,-0.80%,25
IMNN,2016-09-01,3396.5215,3396.5215,3314.348,3341.739,-54.7825,-1.61%,9
IMNN,2016-09-02,3423.913,3423.913,3286.9565,3286.9565,-54.7825,-1.64%,14
IMNN,2016-09-06,3341.739,3396.5215,3286.9565,3341.739,54.7825,+1.67%,32
IMNN,2016-09-07,3341.739,3451.304,3286.9565,3286.9565,-54.7825,-1.64%,17
IMNN,2016-09-08,3286.9565,3423.913,3286.9565,3286.9565,0,0.00%,15
IMNN,2016-09-09,3314.348,3341.739,3286.9565,3286.9565,0,0.00%,13
IMNN,2016-09-12,3670.4348,3780,3341.739,3423.913,136.9565,+4.17%,378
IMNN,2016-09-13,3423.913,3451.304,3314.348,3451.304,27.391,+0.80%,41
IMNN,2016-09-14,3423.913,3451.304,3314.348,3396.5215,-54.7825,-1.59%,24
IMNN,2016-09-15,3423.913,3506.087,3341.739,3341.739,-54.7825,-1.61%,50
IMNN,2016-09-16,3369.1304,3451.304,3314.348,3341.739,0,0.00%,37
IMNN,2016-09-19,3369.1304,3533.478,3341.739,3341.739,0,0.00%,21
IMNN,2016-09-20,3396.5215,3506.087,3341.739,3478.6956,136.9566,+4.10%,39
IMNN,2016-09-21,3423.913,3533.478,3369.1304,3396.5215,-82.1741,-2.36%,58
IMNN,2016-09-22,3369.1304,3533.478,3369.1304,3396.5215,0,0.00%,42
IMNN,2016-09-23,3369.1304,3560.8691,3369.1304,3451.304,54.7825,+1.61%,35
IMNN,2016-09-26,3478.6956,3506.087,3341.739,3396.5215,-54.7825,-1.59%,23
IMNN,2016-09-27,3369.1304,3451.304,3314.348,3341.739,-54.7825,-1.61%,24
IMNN,2016-09-28,3314.348,3423.913,3314.348,3341.739,0,0.00%,5
IMNN,2016-09-29,3341.739,3396.5215,3286.9565,3314.348,-27.391,-0.82%,28
IMNN,2016-09-30,3369.1304,3396.5215,3286.9565,3341.739,27.391,+0.83%,22
IMNN,2016-10-03,3396.5215,3396.5215,3286.9565,3286.9565,-54.7825,-1.64%,20
IMNN,2016-10-04,3314.348,3369.1304,3286.9565,3286.9565,0,0.00%,27
IMNN,2016-10-05,3369.1304,3369.1304,3286.9565,3286.9565,0,0.00%,13
IMNN,2016-10-06,3286.9565,3314.348,3286.9565,3286.9565,0,0.00%,16
IMNN,2016-10-07,3286.9565,3314.348,3067.826,3149.9998,-136.9567,-4.17%,47
IMNN,2016-10-10,3149.9998,3232.1736,3122.6086,3204.7825,54.7827,+1.74%,25
IMNN,2016-10-11,3259.5652,3259.5652,3122.6086,3122.6086,-82.1739,-2.56%,27
IMNN,2016-10-12,3149.9998,3204.7825,3122.6086,3177.391,54.7824,+1.75%,15
IMNN,2016-10-13,3149.9998,3149.9998,3095.2173,3095.2173,-82.1737,-2.59%,12
IMNN,2016-10-14,3122.6086,3204.7825,3067.826,3095.2173,0,0.00%,19
IMNN,2016-10-17,3067.826,3122.6086,2958.261,2985.652,-109.5653,-3.54%,32
IMNN,2016-10-18,3040.4348,3095.2173,2958.261,2985.652,0,0.00%,15
IMNN,2016-10-19,2985.652,3067.826,2958.261,3067.826,82.174,+2.75%,21
IMNN,2016-10-20,3013.0435,3204.7825,2985.652,3149.9998,82.1738,+2.68%,36
IMNN,2016-10-21,3177.391,3177.391,3067.826,3177.391,27.3912,+0.87%,11
IMNN,2016-10-24,2903.478,3067.826,2903.478,2985.652,-191.739,-6.03%,31
IMNN,2016-10-25,2930.8696,3040.4348,2930.8696,2958.261,-27.391,-0.92%,8
IMNN,2016-10-26,2930.8696,3013.0435,2930.8696,2985.652,27.391,+0.93%,23
IMNN,2016-10-27,3013.0435,3013.0435,2930.8696,2958.261,-27.391,-0.92%,17
IMNN,2016-10-28,2930.8696,2985.652,2793.9128,2848.6956,-109.5654,-3.70%,19
IMNN,2016-10-31,2821.3042,2958.261,2821.3042,2848.6956,0,0.00%,12
IMNN,2016-11-01,2985.652,2985.652,2684.348,2711.739,-136.9566,-4.81%,47
IMNN,2016-11-02,2739.1304,2739.1304,2629.5652,2684.348,-27.391,-1.01%,48
IMNN,2016-11-03,2739.1304,2739.1304,2410.4348,2437.826,-246.522,-9.18%,74
IMNN,2016-11-04,2328.261,2602.1738,2328.261,2492.6086,54.7826,+2.25%,29
IMNN,2016-11-07,2547.3914,2547.3914,2465.2173,2492.6086,0,0.00%,28
IMNN,2016-11-08,2492.6086,2629.5652,2437.826,2437.826,-54.7826,-2.20%,17
IMNN,2016-11-09,2602.1738,2602.1738,2437.826,2520,82.174,+3.37%,31
IMNN,2016-11-10,2574.7825,2574.7825,2437.826,2520,0,0.00%,62
IMNN,2016-11-11,2465.2173,2520,2328.261,2383.0435,-136.9565,-5.43%,113
IMNN,2016-11-14,2383.0435,2383.0435,2246.087,2328.261,-54.7825,-2.30%,60
IMNN,2016-11-15,2328.261,2328.261,2136.5217,2218.6956,-109.5654,-4.71%,58
IMNN,2016-11-16,2218.6956,2465.2173,2218.6956,2355.652,136.9564,+6.17%,33
IMNN,2016-11-17,2355.652,2383.0435,2300.8694,2383.0435,27.3915,+1.16%,20
IMNN,2016-11-18,2410.4348,2410.4348,2191.3044,2328.261,-54.7825,-2.30%,50
IMNN,2016-11-21,2300.8694,2437.826,2246.087,2300.8694,-27.3916,-1.18%,19
IMNN,2016-11-22,2328.261,2383.0435,2300.8694,2328.261,27.3916,+1.19%,19
IMNN,2016-11-23,2437.826,2437.826,2246.087,2328.261,0,0.00%,30
IMNN,2016-11-25,2273.4783,2410.4348,2273.4783,2300.8694,-27.3916,-1.18%,12
IMNN,2016-11-28,2273.4783,2355.652,2054.3477,2109.1304,-191.739,-8.33%,58
IMNN,2016-11-29,2163.913,2191.3044,1972.174,2054.3477,-54.7827,-2.60%,38
IMNN,2016-11-30,2437.826,2437.826,1698.2607,1780.4346,-273.9131,-13.33%,255
IMNN,2016-12-01,1917.3912,1972.174,1780.4346,1862.6086,82.174,+4.62%,72
IMNN,2016-12-02,1725.652,1944.7823,1725.652,1862.6086,0,0.00%,36
IMNN,2016-12-05,1807.8262,1944.7823,1753.0435,1807.8262,-54.7824,-2.94%,38
IMNN,2016-12-06,1835.2174,1917.3912,1807.8262,1835.2174,27.3912,+1.52%,46
IMNN,2016-12-07,1917.3912,1917.3912,1780.4346,1862.6086,27.3912,+1.49%,43
IMNN,2016-12-08,1862.6086,1862.6086,1753.0435,1753.0435,-109.5651,-5.88%,46
IMNN,2016-12-09,1753.0435,1890,1753.0435,1835.2174,82.1739,+4.69%,35
IMNN,2016-12-12,1890,1890,1780.4346,1835.2174,0,0.00%,25
IMNN,2016-12-13,1807.8262,1890,1670.8695,1725.652,-109.5654,-5.97%,57
IMNN,2016-12-14,1725.652,1753.0435,1533.913,1588.6956,-136.9564,-7.94%,84
IMNN,2016-12-15,1561.3043,1561.3043,1396.9564,1396.9564,-191.7392,-12.07%,124
IMNN,2016-12-16,1287.3912,1616.0868,1232.6086,1287.3912,-109.5652,-7.84%,271
IMNN,2016-12-19,1287.3912,1369.5652,1260,1260,-27.3912,-2.13%,141
IMNN,2016-12-20,1287.3912,1616.0868,849.1304,931.3043,-328.6957,-26.09%,635
IMNN,2016-12-21,1013.4783,1013.4783,931.3043,986.087,54.7827,+5.88%,286
IMNN,2016-12-22,1013.4783,1013.4783,958.6956,958.6956,-27.3914,-2.78%,105
IMNN,2016-12-23,1013.4783,1040.8695,931.3043,986.087,27.3914,+2.86%,286
IMNN,2016-12-27,1013.4783,1013.4783,958.6956,958.6956,-27.3914,-2.78%,239
IMNN,2016-12-28,958.6956,986.087,903.9131,931.3043,-27.3913,-2.86%,121
IMNN,2016-12-29,931.3043,986.087,821.7392,849.1304,-82.1739,-8.82%,338
IMNN,2016-12-30,849.1304,903.9131,794.3478,821.7392,-27.3912,-3.23%,271
IMNN,2017-01-03,849.1304,903.9131,821.7392,849.1304,27.3912,+3.33%,95
IMNN,2017-01-04,903.9131,903.9131,849.1304,876.5217,27.3913,+3.23%,122
IMNN,2017-01-05,903.9131,986.087,876.5217,876.5217,0,0.00%,485
IMNN,2017-01-06,876.5217,903.9131,849.1304,849.1304,-27.3913,-3.12%,208
IMNN,2017-01-09,876.5217,876.5217,849.1304,849.1304,0,0.00%,128
IMNN,2017-01-10,876.5217,876.5217,821.7392,849.1304,0,0.00%,138
IMNN,2017-01-11,931.3043,1068.2609,849.1304,903.9131,54.7827,+6.45%,1308
IMNN,2017-01-12,931.3043,1232.6086,876.5217,1068.2609,164.3478,+18.18%,2475
IMNN,2017-01-13,1068.2609,1095.6522,931.3043,1068.2609,0,0.00%,715
IMNN,2017-01-17,1670.8695,1725.652,1314.7826,1396.9564,328.6955,+30.77%,4197
IMNN,2017-01-18,1451.739,1506.5217,1123.0435,1123.0435,-273.9129,-19.61%,1112
IMNN,2017-01-19,1177.826,1177.826,1068.2609,1123.0435,0,0.00%,334
IMNN,2017-01-20,1095.6522,1123.0435,986.087,1068.2609,-54.7826,-4.88%,284
IMNN,2017-01-23,1095.6522,1123.0435,1013.4783,1068.2609,0,0.00%,219
IMNN,2017-01-24,1068.2609,1095.6522,1040.8695,1068.2609,0,0.00%,162
IMNN,2017-01-25,1095.6522,1095.6522,1040.8695,1068.2609,0,0.00%,155
IMNN,2017-01-26,1095.6522,1095.6522,1040.8695,1068.2609,0,0.00%,115
IMNN,2017-01-27,1068.2609,1068.2609,1040.8695,1068.2609,0,0.00%,128
IMNN,2017-01-30,1068.2609,1095.6522,1013.4783,1040.8695,-27.3914,-2.56%,168
IMNN,2017-01-31,1040.8695,1040.8695,958.6956,958.6956,-82.1739,-7.89%,147
IMNN,2017-02-01,958.6956,1013.4783,958.6956,1013.4783,54.7827,+5.71%,84
IMNN,2017-02-02,1013.4783,1013.4783,958.6956,1013.4783,0,0.00%,53
IMNN,2017-02-03,1013.4783,1040.8695,986.087,1040.8695,27.3912,+2.70%,109
IMNN,2017-02-06,1040.8695,1068.2609,1013.4783,1013.4783,-27.3912,-2.63%,227
IMNN,2017-02-07,986.087,1040.8695,958.6956,958.6956,-54.7827,-5.41%,283
IMNN,2017-02-08,958.6956,1040.8695,958.6956,1013.4783,54.7827,+5.71%,283
IMNN,2017-02-09,1040.8695,1479.1305,1040.8695,1342.174,328.6957,+32.43%,1385
IMNN,2017-02-10,1205.2174,1232.6086,1095.6522,1232.6086,-109.5654,-8.16%,346
IMNN,2017-02-13,1205.2174,1287.3912,1040.8695,1068.2609,-164.3477,-13.33%,421
IMNN,2017-02-14,1068.2609,1068.2609,876.5217,903.9131,-164.3478,-15.38%,1326
IMNN,2017-02-15,520.4348,657.3913,520.4348,602.6087,-301.3044,-33.33%,11266
IMNN,2017-02-16,602.6087,630,575.2174,630,27.3913,+4.55%,1981
IMNN,2017-02-17,630,712.1739,602.6087,684.7826,54.7826,+8.70%,2051
IMNN,2017-02-21,739.5653,739.5653,602.6087,602.6087,-82.1739,-12.00%,1592
IMNN,2017-02-22,630,684.7826,602.6087,657.3913,54.7826,+9.09%,981
IMNN,2017-02-23,657.3913,657.3913,630,630,-27.3913,-4.17%,472
IMNN,2017-02-24,630,630,575.2174,575.2174,-54.7826,-8.70%,607
IMNN,2017-02-27,630,630,602.6087,630,54.7826,+9.52%,636
IMNN,2017-02-28,657.3913,657.3913,602.6087,602.6087,-27.3913,-4.35%,558
IMNN,2017-03-01,630,657.3913,602.6087,630,27.3913,+4.55%,400
IMNN,2017-03-02,630,630,630,630,0,0.00%,319
IMNN,2017-03-03,657.3913,657.3913,630,630,0,0.00%,369
IMNN,2017-03-06,630,630,602.6087,602.6087,-27.3913,-4.35%,389
IMNN,2017-03-07,630,630,575.2174,575.2174,-27.3913,-4.55%,443
IMNN,2017-03-08,602.6087,630,575.2174,602.6087,27.3913,+4.76%,204
IMNN,2017-03-09,630,903.9131,602.6087,903.9131,301.3044,+50.00%,4204
IMNN,2017-03-10,821.7392,849.1304,684.7826,766.9565,-136.9566,-15.15%,2711
IMNN,2017-03-13,739.5653,794.3478,712.1739,712.1739,-54.7826,-7.14%,1001
IMNN,2017-03-14,739.5653,739.5653,657.3913,684.7826,-27.3913,-3.85%,598
IMNN,2017-03-15,712.1739,876.5217,684.7826,794.3478,109.5652,+16.00%,2323
IMNN,2017-03-16,876.5217,1013.4783,821.7392,821.7392,27.3914,+3.45%,5510
IMNN,2017-03-17,821.7392,821.7392,739.5653,739.5653,-82.1739,-10.00%,1592
IMNN,2017-03-20,766.9565,849.1304,739.5653,821.7392,82.1739,+11.11%,1057
IMNN,2017-03-21,821.7392,821.7392,766.9565,766.9565,-54.7827,-6.67%,758
IMNN,2017-03-22,766.9565,766.9565,712.1739,712.1739,-54.7826,-7.14%,514
IMNN,2017-03-23,739.5653,739.5653,712.1739,739.5653,27.3914,+3.85%,312
IMNN,2017-03-24,739.5653,766.9565,712.1739,739.5653,0,0.00%,361
IMNN,2017-03-27,712.1739,739.5653,712.1739,739.5653,0,0.00%,380
IMNN,2017-03-28,739.5653,849.1304,739.5653,794.3478,54.7825,+7.41%,1448
IMNN,2017-03-29,766.9565,849.1304,766.9565,821.7392,27.3914,+3.45%,687
IMNN,2017-03-30,794.3478,794.3478,766.9565,794.3478,-27.3914,-3.33%,337
IMNN,2017-03-31,794.3478,794.3478,766.9565,794.3478,0,0.00%,306
IMNN,2017-04-03,794.3478,849.1304,794.3478,849.1304,54.7826,+6.90%,899
IMNN,2017-04-04,821.7392,849.1304,794.3478,794.3478,-54.7826,-6.45%,400
IMNN,2017-04-05,821.7392,821.7392,739.5653,739.5653,-54.7825,-6.90%,554
IMNN,2017-04-06,794.3478,794.3478,712.1739,766.9565,27.3912,+3.70%,731
IMNN,2017-04-07,766.9565,766.9565,739.5653,766.9565,0,0.00%,214
IMNN,2017-04-10,821.7392,931.3043,766.9565,766.9565,0,0.00%,2271
IMNN,2017-04-11,821.7392,821.7392,766.9565,794.3478,27.3913,+3.57%,517
IMNN,2017-04-12,821.7392,849.1304,794.3478,821.7392,27.3914,+3.45%,383
IMNN,2017-04-13,931.3043,958.6956,821.7392,821.7392,0,0.00%,2723
IMNN,2017-04-17,821.7392,876.5217,794.3478,849.1304,27.3912,+3.33%,492
IMNN,2017-04-18,821.7392,821.7392,766.9565,794.3478,-54.7826,-6.45%,653
IMNN,2017-04-19,794.3478,794.3478,766.9565,766.9565,-27.3913,-3.45%,462
IMNN,2017-04-20,794.3478,821.7392,766.9565,794.3478,27.3913,+3.57%,351
IMNN,2017-04-21,794.3478,821.7392,766.9565,794.3478,0,0.00%,205
IMNN,2017-04-24,794.3478,821.7392,766.9565,794.3478,0,0.00%,507
IMNN,2017-04-25,766.9565,821.7392,766.9565,766.9565,-27.3913,-3.45%,351
IMNN,2017-04-26,766.9565,766.9565,684.7826,766.9565,0,0.00%,610
IMNN,2017-04-27,766.9565,766.9565,739.5653,739.5653,-27.3912,-3.57%,407
IMNN,2017-04-28,766.9565,766.9565,712.1739,739.5653,0,0.00%,381
IMNN,2017-05-01,739.5653,766.9565,712.1739,712.1739,-27.3914,-3.70%,311
IMNN,2017-05-02,712.1739,712.1739,630,657.3913,-54.7826,-7.69%,808
IMNN,2017-05-03,630,684.7826,630,684.7826,27.3913,+4.17%,404
IMNN,2017-05-04,712.1739,739.5653,630,657.3913,-27.3913,-4.00%,675
IMNN,2017-05-05,630,684.7826,630,684.7826,27.3913,+4.17%,243
IMNN,2017-05-08,684.7826,684.7826,630,657.3913,-27.3913,-4.00%,327
IMNN,2017-05-09,657.3913,657.3913,602.6087,657.3913,0,0.00%,494
IMNN,2017-05-10,657.3913,657.3913,630,657.3913,0,0.00%,317
IMNN,2017-05-11,657.3913,657.3913,630,657.3913,0,0.00%,235
IMNN,2017-05-12,739.5653,794.3478,657.3913,657.3913,0,0.00%,1151
IMNN,2017-05-15,684.7826,684.7826,630,657.3913,0,0.00%,331
IMNN,2017-05-16,630,684.7826,602.6087,630,-27.3913,-4.17%,260
IMNN,2017-05-17,602.6087,630,602.6087,602.6087,-27.3913,-4.35%,280
IMNN,2017-05-18,602.6087,630,602.6087,630,27.3913,+4.55%,168
IMNN,2017-05-19,630,684.7826,602.6087,684.7826,54.7826,+8.70%,481
IMNN,2017-05-22,684.7826,684.7826,630,657.3913,-27.3913,-4.00%,143
IMNN,2017-05-23,657.3913,684.7826,630,657.3913,0,0.00%,122
IMNN,2017-05-24,684.7826,739.5653,630,684.7826,27.3913,+4.17%,350
IMNN,2017-05-25,684.7826,684.7826,630,657.3913,-27.3913,-4.00%,219
IMNN,2017-05-26,657.3913,684.7826,602.6087,630,-27.3913,-4.17%,325
IMNN,2017-05-30,645.6522,675,491.087,526.3044,-103.6956,-16.46%,1443
IMNN,2017-05-31,512.6087,534.1305,469.5653,534.1305,7.8261,+1.49%,2547
IMNN,2017-06-01,522.3913,522.3913,493.0435,506.7391,-27.3914,-5.13%,904
IMNN,2017-06-02,489.1305,528.2609,489.1305,520.4348,13.6957,+2.70%,1520
IMNN,2017-06-05,763.0435,970.4348,624.1305,645.6522,125.2174,+24.06%,113510
IMNN,2017-06-06,686.7392,692.6087,508.6957,557.6087,-88.0435,-13.64%,14860
IMNN,2017-06-07,557.6087,616.3044,489.1305,586.9566,29.3479,+5.26%,4566
IMNN,2017-06-08,573.2609,635.8696,571.3044,628.0435,41.0869,+7.00%,3386
IMNN,2017-06-09,559.5652,602.6087,547.8261,565.4348,-62.6087,-9.97%,3924
IMNN,2017-06-12,557.6087,557.6087,530.2174,543.913,-21.5218,-3.81%,1602
IMNN,2017-06-13,541.9566,557.6087,512.6087,540,-3.913,-0.72%,2194
IMNN,2017-06-14,547.8261,551.7392,520.4348,538.0435,-1.9565,-0.36%,1373
IMNN,2017-06-15,518.4783,526.3044,397.1739,401.087,-136.9565,-25.45%,6700
IMNN,2017-06-16,647.6087,704.3479,541.9566,626.087,225,+56.10%,38980
IMNN,2017-06-19,491.087,504.7826,461.7391,477.3914,-148.6956,-23.75%,9787
IMNN,2017-06-20,471.5218,475.4348,428.4783,448.0435,-29.3479,-6.15%,3853
IMNN,2017-06-21,444.1305,489.1305,424.5653,473.4783,25.4348,+5.68%,2786
IMNN,2017-06-22,461.7391,604.5652,459.7826,514.5653,41.087,+8.68%,15977
IMNN,2017-06-23,481.3044,504.7826,459.7826,467.6088,-46.9565,-9.13%,3018
IMNN,2017-06-26,481.3044,483.2609,438.2609,463.6957,-3.9131,-0.84%,1328
IMNN,2017-06-27,459.7826,467.6088,432.3914,436.3044,-27.3913,-5.91%,2257
IMNN,2017-06-28,434.3479,434.3479,410.8695,418.6957,-17.6087,-4.04%,2539
IMNN,2017-06-29,428.4783,428.4783,397.1739,401.087,-17.6087,-4.21%,1470
IMNN,2017-06-30,405,412.8261,397.1739,401.087,0,0.00%,924
IMNN,2017-07-03,399.1304,399.1304,393.2609,395.2174,-5.8696,-1.46%,344
IMNN,2017-07-05,514.5653,586.9566,461.7391,473.4783,78.2609,+19.80%,59449
IMNN,2017-07-06,391.3044,391.3044,371.7391,375.6522,-97.8261,-20.66%,11911
IMNN,2017-07-07,375.6522,377.6087,354.1304,373.6957,-1.9565,-0.52%,3607
IMNN,2017-07-10,381.5218,381.5218,365.8696,375.6522,1.9565,+0.52%,2004
IMNN,2017-07-11,371.7391,375.6522,361.9566,369.7826,-5.8696,-1.56%,1132
IMNN,2017-07-12,375.6522,375.6522,363.9131,369.7826,0,0.00%,1499
IMNN,2017-07-13,369.7826,371.7391,361.9566,363.9131,-5.8695,-1.59%,908
IMNN,2017-07-14,363.9131,367.8261,354.1304,356.087,-7.8261,-2.15%,1418
IMNN,2017-07-17,354.1304,363.9131,354.1304,363.9131,7.8261,+2.20%,985
IMNN,2017-07-18,360,371.7391,360,367.8261,3.913,+1.08%,579
IMNN,2017-07-19,367.8261,373.6957,361.9566,372.7174,4.8913,+1.33%,2126
IMNN,2017-07-20,377.6087,403.0435,371.7391,375.6522,2.9348,+0.79%,7925
IMNN,2017-07-21,369.7826,371.7391,360,361.9566,-13.6956,-3.65%,1757
IMNN,2017-07-24,360,369.7826,358.0435,360,-1.9566,-0.54%,959
IMNN,2017-07-25,365.8696,369.7826,356.087,356.087,-3.913,-1.09%,900
IMNN,2017-07-26,356.087,361.9566,346.3044,352.1739,-3.9131,-1.10%,816
IMNN,2017-07-27,354.1304,356.087,332.6087,336.5218,-15.6521,-4.44%,1351
IMNN,2017-07-28,332.6087,340.4348,324.7826,330.6522,-5.8696,-1.74%,1106
IMNN,2017-07-31,336.5218,338.4783,324.7826,332.6087,1.9565,+0.59%,808
IMNN,2017-08-01,338.4783,340.4348,328.6957,330.6522,-1.9565,-0.59%,438
IMNN,2017-08-02,375.6522,381.5218,328.6957,342.3913,11.7391,+3.55%,19199
IMNN,2017-08-03,332.6087,334.5652,303.2609,311.087,-31.3043,-9.14%,2911
IMNN,2017-08-04,309.1304,309.1304,283.6957,303.2609,-7.8261,-2.52%,1910
IMNN,2017-08-07,293.4783,293.4783,254.3478,266.087,-37.1739,-12.26%,3120
IMNN,2017-08-08,256.3044,270,250.4348,256.3044,-9.7826,-3.68%,1817
IMNN,2017-08-09,250.4348,303.2609,246.5218,273.9131,17.6087,+6.87%,3011
IMNN,2017-08-10,270,289.5652,254.3478,254.3478,-19.5653,-7.14%,872
IMNN,2017-08-11,254.3478,270,246.5218,258.2609,3.9131,+1.54%,957
IMNN,2017-08-14,266.087,297.3913,256.3044,289.5652,31.3043,+12.12%,2915
IMNN,2017-08-15,291.5218,295.4348,258.2609,285.6522,-3.913,-1.35%,1014
IMNN,2017-08-16,293.4783,293.4783,264.1304,270,-15.6522,-5.48%,886
IMNN,2017-08-17,271.9565,271.9565,254.3478,264.1304,-5.8696,-2.17%,1148
IMNN,2017-08-18,260.2174,264.1304,250.4348,262.1739,-1.9565,-0.74%,672
IMNN,2017-08-21,260.2174,268.0435,250.4348,260.2174,-1.9565,-0.75%,863
IMNN,2017-08-22,258.2609,258.2609,242.6087,250.4348,-9.7826,-3.76%,840
IMNN,2017-08-23,244.5652,260.2174,242.6087,256.3044,5.8696,+2.34%,1141
IMNN,2017-08-24,256.3044,266.087,250.4348,266.087,9.7826,+3.82%,765
IMNN,2017-08-25,266.087,275.8696,254.3478,268.0435,1.9565,+0.74%,914
IMNN,2017-08-28,264.1304,268.0435,256.3044,266.087,-1.9565,-0.73%,293
IMNN,2017-08-29,258.2609,264.1304,248.4783,260.2174,-5.8696,-2.21%,533
IMNN,2017-08-30,256.3044,264.1304,252.3913,262.1739,1.9565,+0.75%,396
IMNN,2017-08-31,260.2174,271.9565,254.3478,262.1739,0,0.00%,498
IMNN,2017-09-01,266.087,266.087,256.3044,260.2174,-1.9565,-0.75%,158
IMNN,2017-09-05,260.2174,268.0435,250.4348,258.2609,-1.9565,-0.75%,555
IMNN,2017-09-06,254.3478,262.1739,254.3478,258.2609,0,0.00%,450
IMNN,2017-09-07,258.2609,270,252.3913,256.3044,-1.9565,-0.76%,673
IMNN,2017-09-08,252.3913,256.3044,246.5218,256.3044,0,0.00%,858
IMNN,2017-09-11,277.8261,277.8261,253.3696,256.3044,0,0.00%,470
IMNN,2017-09-12,256.3044,271.9565,256.3044,268.0435,11.7391,+4.58%,802
IMNN,2017-09-13,262.1739,275.8696,262.1739,266.087,-1.9565,-0.73%,905
IMNN,2017-09-14,266.087,277.8261,262.1739,273.9131,7.8261,+2.94%,846
IMNN,2017-09-15,270,303.2609,270,301.3044,27.3913,+10.00%,2811
IMNN,2017-09-18,332.6087,363.9131,311.087,328.6957,27.3913,+9.09%,10409
IMNN,2017-09-19,326.7391,328.6957,297.3913,305.2174,-23.4783,-7.14%,2123
IMNN,2017-09-20,315,315,283.6957,293.4783,-11.7391,-3.85%,1158
IMNN,2017-09-21,293.4783,299.3478,285.6522,299.3478,5.8695,+2.00%,498
IMNN,2017-09-22,303.2609,305.2174,297.3913,305.2174,5.8696,+1.96%,808
IMNN,2017-09-25,301.3044,326.7391,297.3913,316.9565,11.7391,+3.85%,1199
IMNN,2017-09-26,320.8696,320.8696,295.4348,305.2174,-11.7391,-3.70%,733
IMNN,2017-09-27,313.0435,320.8696,305.2174,307.1739,1.9565,+0.64%,1030
IMNN,2017-09-28,313.0435,313.0435,299.3478,303.2609,-3.913,-1.27%,651
IMNN,2017-09-29,301.3044,301.3044,287.6087,293.4783,-9.7826,-3.23%,870
IMNN,2017-10-02,291.5218,295.4348,289.5652,295.4348,1.9565,+0.67%,329
IMNN,2017-10-03,395.2174,1185.6522,381.5218,1185.6522,890.2174,+301.32%,380463
IMNN,2017-10-04,784.5653,1033.0436,723.9131,743.4783,-442.1739,-37.29%,165261
IMNN,2017-10-05,819.7827,829.5652,653.4783,698.4783,-45.,-6.05%,42664
IMNN,2017-10-06,651.5218,714.1305,645.6522,655.4348,-43.0435,-6.16%,14483
IMNN,2017-10-09,657.3913,802.1739,645.6522,727.8261,72.3913,+11.04%,44009
IMNN,2017-10-10,753.2609,948.913,745.4348,900,172.1739,+23.66%,79250
IMNN,2017-10-11,958.6957,1144.5652,929.3478,1142.6088,242.6088,+26.96%,99024
IMNN,2017-10-12,1056.5217,1154.3479,956.7391,1007.6087,-135.0001,-11.82%,55474
IMNN,2017-10-13,948.913,988.0435,808.0435,811.9566,-195.6521,-19.42%,28179
IMNN,2017-10-16,872.6087,933.2609,782.6087,798.2609,-13.6957,-1.69%,21246
IMNN,2017-10-17,782.6087,790.4348,692.6087,749.3479,-48.913,-6.13%,14061
IMNN,2017-10-18,782.6087,810,737.6087,761.087,11.7391,+1.57%,8680
IMNN,2017-10-19,759.1305,772.8261,747.3913,755.2174,-5.8696,-0.77%,4062
IMNN,2017-10-20,753.2609,753.2609,718.0435,735.6522,-19.5652,-2.59%,3714
IMNN,2017-10-23,723.9131,737.6087,661.3044,667.174,-68.4782,-9.31%,5831
IMNN,2017-10-24,678.9131,684.7826,655.4348,669.1305,1.9565,+0.29%,3065
IMNN,2017-10-25,655.4348,669.1305,590.8696,612.3914,-56.7391,-8.48%,5882
IMNN,2017-10-26,616.3044,624.1305,543.913,559.5652,-52.8262,-8.63%,5417
IMNN,2017-10-27,451.9565,465.6522,440.2174,451.9565,-107.6087,-19.23%,14663
IMNN,2017-10-30,444.1305,451.9565,420.6522,442.1739,-9.7826,-2.16%,5774
IMNN,2017-10-31,442.1739,450,420.6522,424.5653,-17.6086,-3.98%,3965
IMNN,2017-11-01,424.5653,430.4348,397.1739,416.7392,-7.8261,-1.84%,4903
IMNN,2017-11-02,416.7392,420.6522,391.3044,410.8695,-5.8697,-1.41%,4653
IMNN,2017-11-03,399.1304,416.7392,393.2609,403.0435,-7.826,-1.90%,3867
IMNN,2017-11-06,401.087,412.8261,379.5653,399.1304,-3.9131,-0.97%,10732
IMNN,2017-11-07,406.9565,408.913,383.4783,387.3913,-11.7391,-2.94%,4960
IMNN,2017-11-08,385.4348,387.3913,342.3913,354.1304,-33.2609,-8.59%,8545
IMNN,2017-11-09,344.3479,367.8261,342.3913,356.087,1.9566,+0.55%,4464
IMNN,2017-11-10,350.2174,408.913,342.3913,391.3044,35.2174,+9.89%,12092
IMNN,2017-11-13,420.6522,473.4783,401.087,414.7826,23.4782,+6.00%,31149
IMNN,2017-11-14,420.6522,446.087,352.1739,393.2609,-21.5217,-5.19%,15982
IMNN,2017-11-15,375.6522,410.8695,367.8261,387.3913,-5.8696,-1.49%,3524
IMNN,2017-11-16,393.2609,393.2609,371.7391,379.5653,-7.826,-2.02%,3634
IMNN,2017-11-17,373.6957,399.1304,371.7391,391.3044,11.7391,+3.09%,4131
IMNN,2017-11-20,405,432.3914,391.3044,418.6957,27.3913,+7.00%,15698
IMNN,2017-11-21,733.6957,774.7827,551.7392,559.5652,140.8695,+33.64%,187122
IMNN,2017-11-22,586.9566,639.7826,561.5218,612.3914,52.8262,+9.44%,37994
IMNN,2017-11-24,626.087,678.9131,626.087,637.8261,25.4347,+4.15%,17540
IMNN,2017-11-27,661.3044,665.2174,586.9566,598.6956,-39.1305,-6.13%,16071
IMNN,2017-11-28,586.9566,596.7392,538.0435,573.2609,-25.4347,-4.25%,10302
IMNN,2017-11-29,561.5218,590.8696,555.6522,573.2609,0,0.00%,5761
IMNN,2017-11-30,575.2174,583.0435,508.6957,528.2609,-45.,-7.85%,5911
IMNN,2017-12-01,504.7826,534.1305,500.8696,508.6957,-19.5652,-3.70%,5583
IMNN,2017-12-04,504.7826,516.5218,483.2609,493.0435,-15.6522,-3.08%,4236
IMNN,2017-12-05,493.0435,495,467.6088,469.5653,-23.4782,-4.76%,4730
IMNN,2017-12-06,465.6522,485.2174,455.8696,467.6088,-1.9565,-0.42%,2830
IMNN,2017-12-07,465.6522,520.4348,463.6957,500.8696,33.2608,+7.11%,4542
IMNN,2017-12-08,500.8696,567.3914,491.087,559.5652,58.6956,+11.72%,7597
IMNN,2017-12-11,557.6087,569.3479,508.6957,516.5218,-43.0434,-7.69%,6063
IMNN,2017-12-12,524.3479,563.4783,502.8261,553.6956,37.1738,+7.20%,6222
IMNN,2017-12-13,547.8261,575.2174,528.2609,549.7826,-3.913,-0.71%,4563
IMNN,2017-12-14,547.8261,555.6522,528.2609,547.8261,-1.9565,-0.36%,2318
IMNN,2017-12-15,541.9566,545.8696,528.2609,541.9566,-5.8695,-1.07%,2413
IMNN,2017-12-18,536.087,551.7392,522.3913,528.2609,-13.6957,-2.53%,2455
IMNN,2017-12-19,534.1305,534.1305,498.913,506.7391,-21.5218,-4.07%,2950
IMNN,2017-12-20,498.913,510.6522,481.3044,487.1739,-19.5652,-3.86%,3921
IMNN,2017-12-21,481.3044,508.6957,473.4783,502.8261,15.6522,+3.21%,2522
IMNN,2017-12-22,502.8261,518.4783,491.087,502.8261,0,0.00%,985
IMNN,2017-12-26,502.8261,514.5653,491.087,502.8261,0,0.00%,940
IMNN,2017-12-27,493.0435,573.2609,493.0435,561.5218,58.6957,+11.67%,6903
IMNN,2017-12-28,534.1305,551.7392,522.3913,543.913,-17.6088,-3.14%,3256
IMNN,2017-12-29,547.8261,547.8261,508.6957,524.3479,-19.5651,-3.60%,2849
IMNN,2018-01-02,528.2609,557.6087,518.4783,551.7392,27.3913,+5.22%,1809
IMNN,2018-01-03,557.6087,557.6087,528.2609,532.174,-19.5652,-3.55%,1476
IMNN,2018-01-04,602.6087,612.3914,538.0435,543.913,11.739,+2.21%,14904
IMNN,2018-01-05,547.8261,557.6087,530.2174,547.8261,3.9131,+0.72%,2739
IMNN,2018-01-08,538.0435,540,522.3913,536.087,-11.7391,-2.14%,2603
IMNN,2018-01-09,532.174,541.9566,528.2609,538.0435,1.9565,+0.36%,1170
IMNN,2018-01-10,538.0435,561.5218,530.2174,549.7826,11.7391,+2.18%,3428
IMNN,2018-01-11,557.6087,557.6087,540,545.8696,-3.913,-0.71%,1542
IMNN,2018-01-12,538.0435,547.8261,530.2174,538.0435,-7.8261,-1.43%,1718
IMNN,2018-01-16,540,547.8261,510.6522,518.4783,-19.5652,-3.64%,2351
IMNN,2018-01-17,526.3044,526.3044,508.6957,516.5218,-1.9565,-0.38%,1362
IMNN,2018-01-18,516.5218,522.3913,495,516.5218,0,0.00%,1559
IMNN,2018-01-19,508.6957,526.3044,506.7391,522.3913,5.8695,+1.14%,915
IMNN,2018-01-22,518.4783,538.0435,514.5653,532.174,9.7827,+1.87%,1116
IMNN,2018-01-23,528.2609,536.087,518.4783,528.2609,-3.9131,-0.74%,1751
IMNN,2018-01-24,520.4348,528.2609,504.7826,510.6522,-17.6087,-3.33%,1347
IMNN,2018-01-25,510.6522,514.5653,498.913,510.6522,0,0.00%,972
IMNN,2018-01-26,512.6087,524.3479,502.8261,510.6522,0,0.00%,1353
IMNN,2018-01-29,512.6087,518.4783,498.913,502.8261,-7.8261,-1.53%,1799
IMNN,2018-01-30,498.913,498.913,461.7391,471.5218,-31.3043,-6.23%,3408
IMNN,2018-01-31,483.2609,483.2609,450,463.6957,-7.8261,-1.66%,2763
IMNN,2018-02-01,459.7826,467.6088,442.1739,450,-13.6957,-2.95%,1801
IMNN,2018-02-02,446.087,459.7826,418.6957,459.7826,9.7826,+2.17%,2347
IMNN,2018-02-05,451.9565,469.5653,438.2609,451.9565,-7.8261,-1.70%,1859
IMNN,2018-02-06,428.4783,451.9565,420.6522,432.3914,-19.5651,-4.33%,2129
IMNN,2018-02-07,428.4783,444.1305,426.5218,432.3914,0,0.00%,1025
IMNN,2018-02-08,434.3479,434.3479,410.8695,416.7392,-15.6522,-3.62%,1537
IMNN,2018-02-09,422.6087,424.5653,393.2609,414.7826,-1.9566,-0.47%,2442
IMNN,2018-02-12,416.7392,446.087,416.7392,434.3479,19.5653,+4.72%,1230
IMNN,2018-02-13,430.4348,438.2609,422.6087,434.3479,0,0.00%,653
IMNN,2018-02-14,426.5218,438.2609,403.0435,432.3914,-1.9565,-0.45%,771
IMNN,2018-02-15,450,450,420.6522,442.1739,9.7825,+2.26%,1174
IMNN,2018-02-16,444.1305,455.8696,426.5218,430.4348,-11.7391,-2.65%,1108
IMNN,2018-02-20,424.5653,436.3044,412.8261,416.7392,-13.6956,-3.18%,759
IMNN,2018-02-21,428.4783,428.4783,405,418.6957,1.9565,+0.47%,1164
IMNN,2018-02-22,440.2174,440.2174,414.7826,440.2174,21.5217,+5.14%,1272
IMNN,2018-02-23,442.1739,443.1522,420.6522,426.5218,-13.6956,-3.11%,1027
IMNN,2018-02-26,426.5218,440.2174,426.5218,436.3044,9.7826,+2.29%,545
IMNN,2018-02-27,440.2174,448.0435,424.5653,430.4348,-5.8696,-1.35%,839
IMNN,2018-02-28,410.8695,430.4348,410.8695,418.6957,-11.7391,-2.73%,810
IMNN,2018-03-01,422.6087,428.4783,420.6522,426.5218,7.8261,+1.87%,502
IMNN,2018-03-02,424.5653,440.2174,412.8261,440.2174,13.6956,+3.21%,795
IMNN,2018-03-05,446.087,498.913,430.4348,479.3479,39.1305,+8.89%,3889
IMNN,2018-03-06,485.2174,520.4348,485.2174,493.0435,13.6956,+2.86%,2569
IMNN,2018-03-07,495,518.4783,467.6088,491.087,-1.9565,-0.40%,1555
IMNN,2018-03-08,489.1305,504.7826,489.1305,498.913,7.826,+1.59%,987
IMNN,2018-03-09,502.8261,528.2609,498.913,516.5218,17.6088,+3.53%,2934
IMNN,2018-03-12,518.4783,524.3479,504.7826,506.7391,-9.7827,-1.89%,1758
IMNN,2018-03-13,506.7391,524.3479,491.087,498.913,-7.8261,-1.54%,1218
IMNN,2018-03-14,500.8696,510.6522,493.0435,500.8696,1.9566,+0.39%,957
IMNN,2018-03-15,502.8261,506.7391,471.5218,477.3914,-23.4782,-4.69%,1451
IMNN,2018-03-16,473.4783,504.7826,471.5218,504.7826,27.3912,+5.74%,1349
IMNN,2018-03-19,504.7826,506.7391,485.2174,487.1739,-17.6087,-3.49%,728
IMNN,2018-03-20,485.2174,500.8696,475.4348,483.2609,-3.913,-0.80%,611
IMNN,2018-03-21,481.3044,498.913,475.4348,496.9565,13.6956,+2.83%,451
IMNN,2018-03-22,498.913,504.7826,479.3479,485.2174,-11.7391,-2.36%,807
IMNN,2018-03-23,483.2609,493.0435,479.3479,483.2609,-1.9565,-0.40%,468
IMNN,2018-03-26,498.913,498.913,483.2609,495,11.7391,+2.43%,745
IMNN,2018-03-27,495,498.913,461.7391,473.4783,-21.5217,-4.35%,946
IMNN,2018-03-28,495,495,451.9565,458.8044,-14.6739,-3.10%,1082
IMNN,2018-03-29,461.7391,465.6522,428.4783,438.2609,-20.5435,-4.48%,1557
IMNN,2018-04-02,438.2609,440.2174,412.8261,418.6957,-19.5652,-4.46%,772
IMNN,2018-04-03,424.5653,426.5218,381.5218,389.3479,-29.3478,-7.01%,1727
IMNN,2018-04-04,387.3913,444.1305,385.4348,430.4348,41.0869,+10.55%,1076
IMNN,2018-04-05,434.3479,451.7609,434.3479,437.2826,6.8478,+1.59%,376
IMNN,2018-04-06,438.2609,446.087,422.6087,430.4348,-6.8478,-1.57%,400
IMNN,2018-04-09,440.2174,459.7826,436.3044,446.087,15.6522,+3.64%,615
IMNN,2018-04-10,438.2609,453.913,424.5653,446.087,0,0.00%,561
IMNN,2018-04-11,438.2609,457.8261,438.2609,453.913,7.826,+1.75%,295
IMNN,2018-04-12,453.913,469.5653,453.913,463.6957,9.7827,+2.16%,464
IMNN,2018-04-13,469.5653,471.5218,438.2609,448.0435,-15.6522,-3.38%,555
IMNN,2018-04-16,453.913,456.8479,432.3914,440.2174,-7.8261,-1.75%,712
IMNN,2018-04-17,446.087,448.0435,438.2609,440.2174,0,0.00%,352
IMNN,2018-04-18,444.1305,455.8696,436.3044,440.2174,0,0.00%,501
IMNN,2018-04-19,442.1739,459.7826,440.2174,446.087,5.8696,+1.33%,355
IMNN,2018-04-20,451.9565,459.7826,446.087,448.0435,1.9565,+0.44%,466
IMNN,2018-04-23,448.0435,459.7826,436.3044,444.1305,-3.913,-0.87%,647
IMNN,2018-04-24,440.2174,451.9565,422.6087,436.3044,-7.8261,-1.76%,754
IMNN,2018-04-25,436.3044,438.2609,420.6522,428.4783,-7.8261,-1.79%,707
IMNN,2018-04-26,430.4348,446.087,420.6522,432.3914,3.9131,+0.91%,517
IMNN,2018-04-27,434.3479,451.9565,432.3914,448.0435,15.6521,+3.62%,527
IMNN,2018-04-30,444.1305,448.0435,428.4783,436.3044,-11.7391,-2.62%,326
IMNN,2018-05-01,434.3479,455.8696,432.3914,451.9565,15.6521,+3.59%,261
IMNN,2018-05-02,453.913,479.3479,440.2174,471.5218,19.5653,+4.33%,875
IMNN,2018-05-03,471.5218,473.4783,455.8696,461.7391,-9.7827,-2.07%,261
IMNN,2018-05-04,459.7826,467.6088,446.087,461.7391,0,0.00%,340
IMNN,2018-05-07,461.7391,489.1305,461.7391,469.5653,7.8262,+1.69%,559
IMNN,2018-05-08,469.5653,479.3479,459.7826,463.6957,-5.8696,-1.25%,262
IMNN,2018-05-09,469.5653,489.1305,466.6305,483.2609,19.5652,+4.22%,778
IMNN,2018-05-10,485.2174,504.7826,485.2174,499.8914,16.6305,+3.44%,1193
IMNN,2018-05-11,508.6957,512.6087,476.413,491.087,-8.8044,-1.76%,1121
IMNN,2018-05-14,498.913,506.7391,498.913,504.7826,13.6956,+2.79%,1397
IMNN,2018-05-15,506.7391,512.6087,498.913,510.6522,5.8696,+1.16%,952
IMNN,2018-05-16,512.6087,512.6087,500.8696,504.7826,-5.8696,-1.15%,485
IMNN,2018-05-17,504.7826,543.913,498.913,538.0435,33.2609,+6.59%,4082
IMNN,2018-05-18,540,551.7392,534.1305,545.8696,7.8261,+1.45%,2030
IMNN,2018-05-21,547.8261,549.7826,514.5653,516.5218,-29.3478,-5.38%,1555
IMNN,2018-05-22,526.3044,526.3044,491.087,491.087,-25.4348,-4.92%,1246
IMNN,2018-05-23,491.087,504.7826,477.3914,498.913,7.826,+1.59%,1101
IMNN,2018-05-24,502.8261,508.6957,489.1305,495,-3.913,-0.78%,725
IMNN,2018-05-25,489.1305,489.1305,481.3044,487.1739,-7.8261,-1.58%,325
IMNN,2018-05-29,481.3044,496.9565,481.3044,496.9565,9.7826,+2.01%,356
IMNN,2018-05-30,496.9565,518.4783,496.9565,512.6087,15.6522,+3.15%,964
IMNN,2018-05-31,516.5218,520.4348,508.6957,512.6087,0,0.00%,493
IMNN,2018-06-01,514.5653,516.5218,498.913,510.6522,-1.9565,-0.38%,599
IMNN,2018-06-04,508.6957,514.5653,506.7391,506.7391,-3.9131,-0.77%,369
IMNN,2018-06-05,504.7826,520.4348,493.0435,518.4783,11.7392,+2.32%,853
IMNN,2018-06-06,518.4783,521.413,508.8914,512.6087,-5.8696,-1.13%,459
IMNN,2018-06-07,506.7391,510.6522,495,495,-17.6087,-3.44%,837
IMNN,2018-06-08,495,520.4348,491.087,498.913,3.913,+0.79%,886
IMNN,2018-06-11,500.8696,508.6957,500.8696,502.8261,3.9131,+0.78%,371
IMNN,2018-06-12,506.7391,524.3479,501.8479,518.4783,15.6522,+3.11%,1269
IMNN,2018-06-13,510.6522,532.174,504.7826,504.7826,-13.6957,-2.64%,1327
IMNN,2018-06-14,502.8261,518.4783,502.8261,516.5218,11.7392,+2.33%,703
IMNN,2018-06-15,518.4783,526.3044,504.7826,518.4783,1.9565,+0.38%,1239
IMNN,2018-06-18,514.5653,551.7392,514.5653,543.913,25.4347,+4.91%,2783
IMNN,2018-06-19,543.913,680.8696,538.0435,649.5652,105.6522,+19.42%,20254
IMNN,2018-06-20,651.5218,661.3044,588.913,626.087,-23.4782,-3.61%,5611
IMNN,2018-06-21,622.174,626.087,590.8696,600.6522,-25.4348,-4.06%,2128
IMNN,2018-06-22,602.6087,641.7392,590.8696,639.7826,39.1304,+6.51%,4633
IMNN,2018-06-25,645.6522,647.6087,606.5218,618.2609,-21.5217,-3.36%,2370
IMNN,2018-06-26,620.2174,631.9566,604.5652,631.9566,13.6957,+2.22%,1613
IMNN,2018-06-27,631.9566,631.9566,567.3914,575.2174,-56.7392,-8.98%,2893
IMNN,2018-06-28,567.3914,606.5218,542.9348,606.5218,31.3044,+5.44%,2982
IMNN,2018-06-29,606.5218,606.5218,569.3479,577.174,-29.3478,-4.84%,1560
IMNN,2018-07-02,575.2174,606.5218,575.2174,602.6087,25.4347,+4.41%,1157
IMNN,2018-07-03,600.6522,626.087,594.7826,612.3914,9.7827,+1.62%,830
IMNN,2018-07-05,612.3914,631.9566,586.9566,624.1305,11.7391,+1.92%,1000
IMNN,2018-07-06,626.087,637.8261,622.174,633.913,9.7825,+1.57%,1654
IMNN,2018-07-09,641.7392,641.7392,624.1305,637.8261,3.9131,+0.62%,605
IMNN,2018-07-10,653.4783,653.4783,592.8261,604.5652,-33.2609,-5.21%,3226
IMNN,2018-07-11,606.5218,606.5218,586.9566,600.6522,-3.913,-0.65%,825
IMNN,2018-07-12,608.4783,608.4783,590.8696,596.7392,-3.913,-0.65%,572
IMNN,2018-07-13,596.7392,604.5652,590.8696,598.6956,1.9564,+0.33%,770
IMNN,2018-07-16,604.5652,604.5652,579.1305,583.0435,-15.6521,-2.61%,1217
IMNN,2018-07-17,579.1305,590.8696,555.6522,565.4348,-17.6087,-3.02%,1002
IMNN,2018-07-18,561.5218,592.8261,543.913,586.9566,21.5218,+3.81%,1106
IMNN,2018-07-19,590.8696,596.7392,571.3044,581.087,-5.8696,-1.00%,442
IMNN,2018-07-20,577.174,592.8261,577.174,579.1305,-1.9565,-0.34%,516
IMNN,2018-07-23,577.174,592.8261,575.2174,585,5.8695,+1.01%,567
IMNN,2018-07-24,596.7392,596.7392,577.174,577.174,-7.826,-1.34%,380
IMNN,2018-07-25,577.174,579.1305,567.3914,571.3044,-5.8696,-1.02%,297
IMNN,2018-07-26,565.4348,573.2609,557.6087,561.5218,-9.7826,-1.71%,631
IMNN,2018-07-27,561.5218,565.4348,530.2174,536.087,-25.4348,-4.53%,768
IMNN,2018-07-30,534.1305,545.8696,528.2609,528.2609,-7.8261,-1.46%,811
IMNN,2018-07-31,528.2609,538.0435,520.4348,522.3913,-5.8696,-1.11%,701
IMNN,2018-08-01,522.3913,528.2609,516.5218,528.2609,5.8696,+1.12%,971
IMNN,2018-08-02,526.3044,557.6087,526.3044,555.6522,27.3913,+5.19%,892
IMNN,2018-08-03,551.7392,567.3914,536.087,536.087,-19.5652,-3.52%,513
IMNN,2018-08-06,532.174,545.8696,530.2174,534.1305,-1.9565,-0.36%,601
IMNN,2018-08-07,536.087,547.8261,536.087,545.8696,11.7391,+2.20%,340
IMNN,2018-08-08,547.8261,551.7392,536.087,536.087,-9.7826,-1.79%,428
IMNN,2018-08-09,526.3044,540,526.3044,534.1305,-1.9565,-0.36%,496
IMNN,2018-08-10,528.2609,543.913,528.2609,534.1305,0,0.00%,457
IMNN,2018-08-13,528.2609,551.7392,518.4783,541.9566,7.8261,+1.47%,932
IMNN,2018-08-14,541.9566,541.9566,446.087,491.087,-50.8696,-9.39%,5436
IMNN,2018-08-15,491.087,496.9565,459.7826,491.087,0,0.00%,1679
IMNN,2018-08-16,489.1305,502.8261,469.5653,498.913,7.826,+1.59%,1274
IMNN,2018-08-17,495,498.913,473.4783,495,-3.913,-0.78%,547
IMNN,2018-08-20,495,495,467.6088,469.5653,-25.4347,-5.14%,641
IMNN,2018-08-21,473.4783,495,467.6088,479.3479,9.7826,+2.08%,417
IMNN,2018-08-22,489.1305,495,479.3479,495,15.6521,+3.27%,406
IMNN,2018-08-23,495,516.5218,495,510.6522,15.6522,+3.16%,479
IMNN,2018-08-24,512.6087,522.3913,510.6522,516.5218,5.8696,+1.15%,636
IMNN,2018-08-27,518.4783,520.4348,496.9565,500.8696,-15.6522,-3.03%,778
IMNN,2018-08-28,500.8696,518.4783,500.8696,514.5653,13.6957,+2.73%,507
IMNN,2018-08-29,510.6522,553.6956,510.6522,545.8696,31.3043,+6.08%,1383
IMNN,2018-08-30,538.0435,553.6956,538.0435,551.7392,5.8696,+1.08%,616
IMNN,2018-08-31,555.6522,563.4783,547.8261,557.6087,5.8695,+1.06%,554
IMNN,2018-09-04,555.6522,605.5435,551.7392,579.1305,21.5218,+3.86%,1634
IMNN,2018-09-05,592.8261,592.8261,538.0435,541.9566,-37.1739,-6.42%,1434
IMNN,2018-09-06,555.6522,583.0435,538.0435,557.6087,15.6521,+2.89%,1513
IMNN,2018-09-07,551.7392,567.3914,540,557.6087,0,0.00%,591
IMNN,2018-09-10,538.0435,552.7174,538.0435,547.8261,-9.7826,-1.75%,682
IMNN,2018-09-11,551.7392,577.174,547.8261,563.4783,15.6522,+2.86%,972
IMNN,2018-09-12,567.3914,570.3261,551.7392,563.4783,0,0.00%,688
IMNN,2018-09-13,563.4783,565.4348,540,553.6956,-9.7827,-1.74%,438
IMNN,2018-09-14,549.7826,563.4783,538.0435,557.6087,3.9131,+0.71%,609
IMNN,2018-09-17,557.6087,557.6087,538.0435,541.9566,-15.6521,-2.81%,677
IMNN,2018-09-18,541.9566,557.6087,538.0435,553.6956,11.739,+2.17%,1161
IMNN,2018-09-19,553.6956,563.4783,538.0435,541.9566,-11.739,-2.12%,1170
IMNN,2018-09-20,547.8261,547.8261,522.3913,528.2609,-13.6957,-2.53%,1281
IMNN,2018-09-21,522.3913,547.8261,522.3913,545.8696,17.6087,+3.33%,1677
IMNN,2018-09-24,545.8696,552.7174,532.174,538.0435,-7.8261,-1.43%,1078
IMNN,2018-09-25,543.913,557.6087,538.0435,547.8261,9.7826,+1.82%,1132
IMNN,2018-09-26,545.8696,555.6522,541.9566,543.913,-3.9131,-0.71%,1041
IMNN,2018-09-27,543.913,553.6956,543.913,545.8696,1.9566,+0.36%,835
IMNN,2018-09-28,545.8696,551.7392,530.2174,541.9566,-3.913,-0.72%,1462
IMNN,2018-10-01,534.1305,541.9566,522.3913,538.0435,-3.9131,-0.72%,642
IMNN,2018-10-02,534.1305,541.9566,524.3479,524.3479,-13.6956,-2.55%,822
IMNN,2018-10-03,522.3913,555.6522,522.3913,545.8696,21.5217,+4.10%,1561
IMNN,2018-10-04,545.8696,557.6087,541.9566,545.8696,0,0.00%,818
IMNN,2018-10-05,545.8696,563.4783,532.174,532.174,-13.6956,-2.51%,738
IMNN,2018-10-08,532.174,539.0218,506.7391,518.4783,-13.6957,-2.57%,690
IMNN,2018-10-09,518.4783,540,518.4783,532.174,13.6957,+2.64%,519
IMNN,2018-10-10,526.3044,545.8696,520.4348,524.3479,-7.8261,-1.47%,384
IMNN,2018-10-11,524.3479,534.1305,512.6087,516.5218,-7.8261,-1.49%,704
IMNN,2018-10-12,518.4783,528.2609,504.7826,518.4783,1.9565,+0.38%,350
IMNN,2018-10-15,504.7826,524.3479,504.7826,516.5218,-1.9565,-0.38%,305
IMNN,2018-10-16,518.4783,541.9566,518.4783,520.4348,3.913,+0.76%,670
IMNN,2018-10-17,518.4783,526.3044,500.8696,522.3913,1.9565,+0.38%,452
IMNN,2018-10-18,522.3913,532.174,504.7826,516.5218,-5.8695,-1.12%,596
IMNN,2018-10-19,514.5653,520.4348,481.3044,487.1739,-29.3479,-5.68%,1463
IMNN,2018-10-22,481.3044,504.7826,446.087,446.087,-41.0869,-8.43%,1413
IMNN,2018-10-23,477.3914,477.3914,428.4783,434.3479,-11.7391,-2.63%,1265
IMNN,2018-10-24,491.087,500.8696,412.8261,428.4783,-5.8696,-1.35%,2281
IMNN,2018-10-25,428.4783,442.1739,422.6087,436.3044,7.8261,+1.83%,636
IMNN,2018-10-26,436.3044,442.1739,424.5653,442.1739,5.8695,+1.35%,308
IMNN,2018-10-29,442.1739,448.0435,397.1739,399.1304,-43.0435,-9.73%,750
IMNN,2018-10-30,405,420.6522,399.1304,403.0435,3.9131,+0.98%,461
IMNN,2018-10-31,410.8695,424.5653,403.0435,412.8261,9.7826,+2.43%,601
IMNN,2018-11-01,412.8261,446.087,408.913,446.087,33.2609,+8.06%,408
IMNN,2018-11-02,442.1739,446.087,430.4348,432.3914,-13.6956,-3.07%,453
IMNN,2018-11-05,432.3914,446.087,432.3914,436.3044,3.913,+0.90%,173
IMNN,2018-11-06,444.1305,451.9565,438.2609,448.0435,11.7391,+2.69%,461
IMNN,2018-11-07,446.087,450,420.6522,424.5653,-23.4782,-5.24%,525
IMNN,2018-11-08,426.5218,436.3044,420.6522,434.3479,9.7826,+2.30%,463
IMNN,2018-11-09,428.4783,434.3479,414.7826,424.5653,-9.7826,-2.25%,372
IMNN,2018-11-12,418.6957,418.6957,405,410.8695,-13.6958,-3.23%,555
IMNN,2018-11-13,412.8261,428.4783,410.8695,420.6522,9.7827,+2.38%,266
IMNN,2018-11-14,416.7392,440.2174,403.0435,403.0435,-17.6087,-4.19%,559
IMNN,2018-11-15,412.8261,412.8261,361.9566,375.6522,-27.3913,-6.80%,3067
IMNN,2018-11-16,363.9131,383.4783,363.9131,373.6957,-1.9565,-0.52%,658
IMNN,2018-11-19,371.7391,381.5218,361.9566,367.8261,-5.8696,-1.57%,518
IMNN,2018-11-20,367.8261,381.5218,354.1304,360,-7.8261,-2.13%,709
IMNN,2018-11-21,377.6087,389.3479,328.6957,375.6522,15.6522,+4.35%,1626
IMNN,2018-11-23,358.0435,387.3913,352.1739,387.3913,11.7391,+3.12%,134
IMNN,2018-11-26,377.6087,391.3044,371.7391,377.6087,-9.7826,-2.53%,493
IMNN,2018-11-27,375.6522,375.6522,352.1739,371.7391,-5.8696,-1.55%,637
IMNN,2018-11-28,371.7391,391.3044,360,381.5218,9.7827,+2.63%,693
IMNN,2018-11-29,373.6957,387.3913,371.7391,381.5218,0,0.00%,334
IMNN,2018-11-30,383.4783,389.3479,373.6957,377.6087,-3.9131,-1.03%,413
IMNN,2018-12-03,385.4348,420.6522,379.5653,387.3913,9.7826,+2.59%,957
IMNN,2018-12-04,381.5218,397.1739,379.5653,389.3479,1.9566,+0.51%,253
IMNN,2018-12-06,377.6087,392.2826,377.6087,379.5653,-9.7826,-2.51%,278
IMNN,2018-12-07,371.7391,420.6522,369.7826,414.7826,35.2173,+9.28%,848
IMNN,2018-12-10,391.3044,418.6957,391.3044,401.087,-13.6956,-3.30%,387
IMNN,2018-12-11,393.2609,414.7826,375.6522,375.6522,-25.4348,-6.34%,314
IMNN,2018-12-12,381.5218,389.3479,379.5653,381.5218,5.8696,+1.56%,195
IMNN,2018-12-13,383.4783,389.3479,367.8261,375.6522,-5.8696,-1.54%,433
IMNN,2018-12-14,371.7391,387.3913,360,383.4783,7.8261,+2.08%,399
IMNN,2018-12-17,364.8913,381.7174,352.1739,352.1739,-31.3044,-8.16%,332
IMNN,2018-12-18,356.087,371.7391,322.8261,322.8261,-29.3478,-8.33%,846
IMNN,2018-12-19,322.8261,346.3044,297.3913,313.0435,-9.7826,-3.03%,1475
IMNN,2018-12-20,324.7826,334.5652,289.5652,297.3913,-15.6522,-5.00%,1435
IMNN,2018-12-21,293.4783,301.3044,273.9131,273.9131,-23.4782,-7.89%,785
IMNN,2018-12-24,273.9131,279.7826,264.1304,266.087,-7.8261,-2.86%,497
IMNN,2018-12-26,270,305.2174,270,303.2609,37.1739,+13.97%,966
IMNN,2018-12-27,270,313.0435,270,291.5218,-11.7391,-3.87%,499
IMNN,2018-12-28,275.8696,301.3044,264.1304,281.7391,-9.7827,-3.36%,874
IMNN,2018-12-31,281.7391,295.4348,275.8696,275.8696,-5.8695,-2.08%,979
IMNN,2019-01-02,270,356.087,270,326.7391,50.8695,+18.44%,846
IMNN,2019-01-03,338.4783,348.2609,324.7826,334.5652,7.8261,+2.40%,387
IMNN,2019-01-04,324.7826,346.3044,324.7826,338.4783,3.9131,+1.17%,615
IMNN,2019-01-07,342.3913,373.6957,342.3913,363.9131,25.4348,+7.51%,651
IMNN,2019-01-08,365.8696,373.6957,361.9566,365.8696,1.9565,+0.54%,231
IMNN,2019-01-09,365.8696,369.7826,336.5218,360.9783,-4.8913,-1.34%,328
IMNN,2019-01-10,360,369.7826,352.1739,354.1304,-6.8479,-1.90%,304
IMNN,2019-01-11,358.0435,361.9566,354.1304,354.1304,0,0.00%,251
IMNN,2019-01-14,360,387.3913,352.1739,377.6087,23.4783,+6.63%,342
IMNN,2019-01-15,381.5218,403.0435,371.7391,401.087,23.4783,+6.22%,538
IMNN,2019-01-16,399.1304,448.0435,399.1304,414.7826,13.6956,+3.41%,872
IMNN,2019-01-17,442.1739,473.4783,430.4348,450,35.2174,+8.49%,1227
IMNN,2019-01-18,455.8696,461.7391,446.087,450,0,0.00%,672
IMNN,2019-01-22,451.9565,459.7826,442.1739,453.913,3.913,+0.87%,539
IMNN,2019-01-23,450,455.8696,403.0435,403.0435,-50.8695,-11.21%,1140
IMNN,2019-01-24,406.9565,424.5653,401.087,422.6087,19.5652,+4.85%,276
IMNN,2019-01-25,422.6087,440.2174,416.7392,428.4783,5.8696,+1.39%,433
IMNN,2019-01-28,422.6087,446.087,422.6087,428.4783,0,0.00%,138
IMNN,2019-01-29,430.4348,444.1305,405,416.7392,-11.7391,-2.74%,230
IMNN,2019-01-30,416.7392,426.5218,397.1739,418.6957,1.9565,+0.47%,1197
IMNN,2019-01-31,414.7826,436.3044,414.7826,416.7392,-1.9565,-0.47%,249
IMNN,2019-02-01,416.7392,434.3479,412.8261,412.8261,-3.9131,-0.94%,201
IMNN,2019-02-04,412.8261,430.4348,412.8261,422.6087,9.7826,+2.37%,164
IMNN,2019-02-05,416.7392,434.3479,416.7392,420.6522,-1.9565,-0.46%,373
IMNN,2019-02-06,418.6957,430.4348,414.7826,420.6522,0,0.00%,582
IMNN,2019-02-07,420.6522,428.4783,403.0435,410.8695,-9.7827,-2.33%,452
IMNN,2019-02-08,414.7826,428.4783,412.8261,412.8261,1.9566,+0.48%,282
IMNN,2019-02-11,418.6957,440.2174,412.8261,426.5218,13.6957,+3.32%,656
IMNN,2019-02-12,432.3914,448.0435,416.7392,422.6087,-3.9131,-0.92%,434
IMNN,2019-02-13,424.5653,442.1739,424.5653,428.4783,5.8696,+1.39%,419
IMNN,2019-02-14,434.3479,438.2609,426.5218,426.5218,-1.9565,-0.46%,175
IMNN,2019-02-15,420.6522,448.0435,420.6522,432.3914,5.8696,+1.38%,269
IMNN,2019-02-19,432.3914,444.1305,424.5653,426.5218,-5.8696,-1.36%,467
IMNN,2019-02-20,426.5218,435.3261,418.1087,418.6957,-7.8261,-1.83%,710
IMNN,2019-02-21,418.6957,442.1739,418.6957,431.413,12.7173,+3.04%,499
IMNN,2019-02-22,432.3914,434.5435,421.6305,430.4348,-0.9782,-0.23%,439
IMNN,2019-02-25,434.3479,444.1305,422.6087,424.5653,-5.8695,-1.36%,503
IMNN,2019-02-26,420.6522,438.2609,420.6522,434.3479,9.7826,+2.30%,116
IMNN,2019-02-27,436.3044,450,436.3044,444.1305,9.7826,+2.25%,422
IMNN,2019-02-28,444.1305,444.1305,434.3479,436.3044,-7.8261,-1.76%,256
IMNN,2019-03-01,432.3914,436.3044,418.6957,426.5218,-9.7826,-2.24%,631
IMNN,2019-03-04,410.8695,436.3044,401.087,422.6087,-3.9131,-0.92%,1270
IMNN,2019-03-05,426.5218,426.5218,412.924,422.6087,0,0.00%,191
IMNN,2019-03-06,416.7392,422.6087,403.0435,410.8695,-11.7392,-2.78%,557
IMNN,2019-03-07,412.8261,440.2174,397.3695,428.4783,17.6088,+4.29%,902
IMNN,2019-03-08,430.4348,459.7826,430.4348,448.0435,19.5652,+4.57%,1092
IMNN,2019-03-11,453.913,512.6087,450,481.3044,33.2609,+7.42%,4901
IMNN,2019-03-12,495,514.5653,457.8261,465.6522,-15.6522,-3.25%,2237
IMNN,2019-03-13,463.6957,485.2174,454.8914,461.7391,-3.9131,-0.84%,493
IMNN,2019-03-14,465.6522,496.9565,452.9348,471.5218,9.7827,+2.12%,1052
IMNN,2019-03-15,475.4348,487.1739,430.4348,442.1739,-29.3479,-6.22%,1662
IMNN,2019-03-18,438.2609,442.1739,414.7826,416.7392,-25.4347,-5.75%,1467
IMNN,2019-03-19,420.6522,426.1305,406.9565,414.7826,-1.9566,-0.47%,930
IMNN,2019-03-20,410.8695,432.3914,410.8695,424.5653,9.7827,+2.36%,542
IMNN,2019-03-21,420.6522,437.3805,408.913,410.8695,-13.6958,-3.23%,515
IMNN,2019-03-22,410.8695,420.6522,387.3913,403.0435,-7.826,-1.90%,2408
IMNN,2019-03-25,393.2609,402.75,383.4783,389.3479,-13.6956,-3.40%,790
IMNN,2019-03-26,389.3479,401.087,375.6522,389.3479,0,0.00%,918
IMNN,2019-03-27,393.2609,414.7826,378.587,412.8261,23.4782,+6.03%,560
IMNN,2019-03-28,414.7826,416.7196,385.4348,392.5761,-20.25,-4.91%,599
IMNN,2019-03-29,401.087,414.7826,377.6087,383.4783,-9.0978,-2.32%,598
IMNN,2019-04-01,387.3913,412.8261,387.3913,403.0435,19.5652,+5.10%,734
IMNN,2019-04-02,399.1304,414.7826,395.2174,401.087,-1.9565,-0.49%,609
IMNN,2019-04-03,410.8695,473.4783,399.1304,471.5218,70.4348,+17.56%,3188
IMNN,2019-04-04,483.2609,485.2174,450,483.2609,11.7391,+2.49%,1083
IMNN,2019-04-05,489.1305,495,463.6957,466.5718,-16.6891,-3.45%,961
IMNN,2019-04-08,469.5653,479.3479,457.8261,469.5653,2.9935,+0.64%,912
IMNN,2019-04-09,465.6522,479.3479,448.0435,457.8261,-11.7392,-2.50%,956
IMNN,2019-04-10,451.9565,469.4674,436.3044,442.1739,-15.6522,-3.42%,595
IMNN,2019-04-11,450,457.8261,428.4783,438.2609,-3.913,-0.88%,549
IMNN,2019-04-12,440.2174,451.9565,420.6522,428.4783,-9.7826,-2.23%,803
IMNN,2019-04-15,432.3914,440.2174,401.087,440.2174,11.7391,+2.74%,1384
IMNN,2019-04-16,442.1739,449.4913,418.6957,434.3479,-5.8695,-1.33%,814
IMNN,2019-04-17,450,457.8261,438.0261,442.1739,7.826,+1.80%,918
IMNN,2019-04-18,448.0435,462.0913,434.3479,457.8261,15.6522,+3.54%,809
IMNN,2019-04-22,467.6088,467.6088,444.1305,459.7826,1.9565,+0.43%,752
IMNN,2019-04-23,459.7826,471.5218,457.0631,465.6522,5.8696,+1.28%,633
IMNN,2019-04-24,465.6522,473.4783,455.8696,461.7391,-3.9131,-0.84%,290
IMNN,2019-04-25,455.8696,465.6522,435.7174,444.1305,-17.6086,-3.81%,691
IMNN,2019-04-26,436.3044,446.087,416.7392,418.6957,-25.4348,-5.73%,1153
IMNN,2019-04-29,426.5218,450,426.5218,445.1087,26.413,+6.31%,484
IMNN,2019-04-30,450,455.8696,422.6087,430.4348,-14.6739,-3.30%,472
IMNN,2019-05-01,428.4783,446.087,424.5848,430.4348,0,0.00%,353
IMNN,2019-05-02,426.5218,435.6196,422.6087,426.6587,-3.7761,-0.88%,831
IMNN,2019-05-03,428.4783,433.9174,420.6522,426.5218,-0.1369,-0.03%,434
IMNN,2019-05-06,424.5653,450,424.5653,436.3044,9.7826,+2.29%,733
IMNN,2019-05-07,426.5218,453.913,426.5218,428.4783,-7.8261,-1.79%,283
IMNN,2019-05-08,428.4783,444.1305,426.5218,428.4783,0,0.00%,665
IMNN,2019-05-09,428.4783,438.2609,418.6957,424.5653,-3.913,-0.91%,720
IMNN,2019-05-10,418.6957,430.4348,412.8261,422.6087,-1.9566,-0.46%,633
IMNN,2019-05-13,418.6957,430.4348,410.8695,420.6522,-1.9565,-0.46%,776
IMNN,2019-05-14,418.6957,424.5653,406.9565,418.6957,-1.9565,-0.47%,801
IMNN,2019-05-15,424.5653,444.1305,418.0891,444.1305,25.4348,+6.07%,543
IMNN,2019-05-16,453.913,456.1826,410.8695,420.6522,-23.4783,-5.29%,1168
IMNN,2019-05-17,438.2609,438.2609,410.8695,418.6957,-1.9565,-0.47%,444
IMNN,2019-05-20,412.8261,420.6131,397.1739,401.087,-17.6087,-4.21%,761
IMNN,2019-05-21,395.2174,426.5218,371.7391,416.7392,15.6522,+3.90%,1312
IMNN,2019-05-22,420.6522,422.6087,397.1739,406.9565,-9.7827,-2.35%,359
IMNN,2019-05-23,399.1304,414.7826,381.5218,405,-1.9565,-0.48%,794
IMNN,2019-05-24,401.087,412.8261,393.2609,410.8695,5.8695,+1.45%,610
IMNN,2019-05-28,403.0435,410.8695,394.0631,408.913,-1.9565,-0.48%,330
IMNN,2019-05-29,408.913,408.913,393.2609,406.9565,-1.9565,-0.48%,225
IMNN,2019-05-30,403.0435,410.8109,381.5218,387.3913,-19.5652,-4.81%,498
IMNN,2019-05-31,385.4348,393.2609,383.4783,391.3044,3.9131,+1.01%,518
IMNN,2019-06-03,391.3044,395.2174,381.5218,389.3479,-1.9565,-0.50%,628
IMNN,2019-06-04,387.3913,391.3044,383.4783,385.4348,-3.9131,-1.01%,199
IMNN,2019-06-05,383.4783,393.2609,354.1304,354.1304,-31.3044,-8.12%,1340
IMNN,2019-06-06,352.1739,360.1761,320.8696,320.8696,-33.2608,-9.39%,1359
IMNN,2019-06-07,344.3479,367.8261,326.7391,365.8696,45,+14.02%,984
IMNN,2019-06-10,365.8696,385.4348,361.9566,367.7283,1.8587,+0.51%,222
IMNN,2019-06-11,363.9131,363.9131,342.3913,352.1739,-15.5544,-4.23%,575
IMNN,2019-06-12,352.1739,367.8261,346.0696,350.2174,-1.9565,-0.56%,358
IMNN,2019-06-13,350.2174,365.8696,348.2609,352.1739,1.9565,+0.56%,250
IMNN,2019-06-14,352.1739,360,338.4783,354.1304,1.9565,+0.56%,392
IMNN,2019-06-17,354.1304,361.9566,338.4783,354.1304,0,0.00%,629
IMNN,2019-06-18,358.0435,369.7826,352.7804,369.7826,15.6522,+4.42%,300
IMNN,2019-06-19,369.7826,375.6522,354.1304,356.087,-13.6956,-3.70%,711
IMNN,2019-06-20,365.8696,387.3913,356.087,356.087,0,0.00%,889
IMNN,2019-06-21,360,369.7826,346.3044,352.1739,-3.9131,-1.10%,543
IMNN,2019-06-24,360,381.5218,342.3913,342.3913,-9.7826,-2.78%,425
IMNN,2019-06-25,344.3479,360,340.4348,348.2609,5.8696,+1.71%,383
IMNN,2019-06-26,344.3479,354.1304,332.6087,344.3479,-3.913,-1.12%,541
IMNN,2019-06-27,350.2174,358.0435,343.0761,358.0435,13.6956,+3.98%,132
IMNN,2019-06-28,350.2174,358.0435,345.6196,356.087,-1.9565,-0.55%,477
IMNN,2019-07-01,360,361.9566,342.3913,344.3479,-11.7391,-3.30%,444
IMNN,2019-07-02,348.2609,350.2174,334.5652,338.4783,-5.8696,-1.70%,532
IMNN,2019-07-03,342.3913,345.7565,336.5218,338.4783,0,0.00%,98
IMNN,2019-07-05,336.5218,350.2174,336.5218,340.4348,1.9565,+0.58%,427
IMNN,2019-07-08,334.5652,346.9305,334.5652,340.4348,0,0.00%,173
IMNN,2019-07-09,334.5652,358.0435,334.5652,340.4348,0,0.00%,437
IMNN,2019-07-10,334.5652,360,334.5652,350.2174,9.7826,+2.87%,445
IMNN,2019-07-11,350.2174,361.9566,346.3044,346.3044,-3.913,-1.12%,255
IMNN,2019-07-12,344.3479,356.087,337.2066,346.3044,0,0.00%,362
IMNN,2019-07-15,346.3044,360,346.3044,356.087,9.7826,+2.82%,598
IMNN,2019-07-16,360,360,346.3044,352.1739,-3.9131,-1.10%,716
IMNN,2019-07-17,354.1304,356.087,340.4348,340.4348,-11.7391,-3.33%,323
IMNN,2019-07-18,338.4783,348.2609,336.5218,336.5218,-3.913,-1.15%,469
IMNN,2019-07-19,342.3913,352.1739,332.6087,352.1739,15.6521,+4.65%,506
IMNN,2019-07-22,348.2609,350.2174,334.5652,340.4348,-11.7391,-3.33%,412
IMNN,2019-07-23,336.5218,348.2609,332.6087,332.6087,-7.8261,-2.30%,297
IMNN,2019-07-24,336.5218,346.3044,332.6087,346.3044,13.6957,+4.12%,311
IMNN,2019-07-25,348.2609,352.1739,339.7892,350.2174,3.913,+1.13%,474
IMNN,2019-07-26,354.1304,361.9566,336.6391,342.3913,-7.8261,-2.23%,747
IMNN,2019-07-29,346.3044,361.9566,342.3913,344.3479,1.9566,+0.57%,612
IMNN,2019-07-30,346.3044,352.1739,342.4891,348.2609,3.913,+1.14%,427
IMNN,2019-07-31,348.2609,354.1304,342.3913,342.3913,-5.8696,-1.69%,399
IMNN,2019-08-01,346.3044,358.0435,334.5652,334.5652,-7.8261,-2.29%,368
IMNN,2019-08-02,336.5218,344.3479,326.7391,340.4348,5.8696,+1.75%,475
IMNN,2019-08-05,344.3479,346.3044,334.5652,334.5652,-5.8696,-1.72%,536
IMNN,2019-08-06,336.5218,346.3044,332.6087,342.3913,7.8261,+2.34%,300
IMNN,2019-08-07,334.5652,342.3913,330.6522,340.4348,-1.9565,-0.57%,257
IMNN,2019-08-08,350.2174,350.2174,330.6522,330.6522,-9.7826,-2.87%,326
IMNN,2019-08-09,336.5218,336.5218,303.2804,328.6957,-1.9565,-0.59%,1074
IMNN,2019-08-12,324.7826,332.6087,313.0435,332.6087,3.913,+1.19%,303
IMNN,2019-08-13,336.5218,340.4348,316.9565,330.6522,-1.9565,-0.59%,442
IMNN,2019-08-14,320.8696,330.6522,313.8261,330.6522,0,0.00%,327
IMNN,2019-08-15,322.8261,350.2174,320.8696,332.6087,1.9565,+0.59%,502
IMNN,2019-08-16,334.5652,358.0435,332.6087,352.1739,19.5652,+5.88%,619
IMNN,2019-08-19,358.0435,371.7391,353.2109,354.1304,1.9565,+0.56%,805
IMNN,2019-08-20,356.087,371.7391,349.2391,371.7391,17.6087,+4.97%,374
IMNN,2019-08-21,369.7826,371.7391,363.9131,371.7391,0,0.00%,545
IMNN,2019-08-22,371.7391,371.7391,361.9566,371.7391,0,0.00%,167
IMNN,2019-08-23,367.8261,371.7391,356.087,356.087,-15.6521,-4.21%,290
IMNN,2019-08-26,356.087,360,348.2609,348.2609,-7.8261,-2.20%,389
IMNN,2019-08-27,356.087,363.9131,342.3913,350.2174,1.9565,+0.56%,692
IMNN,2019-08-28,352.1739,360,342.3913,354.1304,3.913,+1.12%,165
IMNN,2019-08-29,354.1304,358.0435,342.724,354.1304,0,0.00%,547
IMNN,2019-08-30,352.1739,363.9131,352.1739,358.0435,3.9131,+1.10%,190
IMNN,2019-09-03,354.1304,363.9131,350.2174,350.2174,-7.8261,-2.19%,197
IMNN,2019-09-04,354.1304,356.087,344.3479,352.1739,1.9565,+0.56%,219
IMNN,2019-09-05,352.1739,360.587,347.0087,352.1739,0,0.00%,170
IMNN,2019-09-06,352.1739,353.9348,342.3913,350.2174,-1.9565,-0.56%,218
IMNN,2019-09-09,348.2609,360,346.3044,348.2609,-1.9565,-0.56%,346
IMNN,2019-09-10,348.2609,352.1739,342.3913,342.3913,-5.8696,-1.69%,587
IMNN,2019-09-11,350.2174,354.1304,328.6957,334.5652,-7.8261,-2.29%,890
IMNN,2019-09-12,328.6957,340.4348,328.6957,334.5652,0,0.00%,354
IMNN,2019-09-13,334.5652,344.3479,330.6522,340.4348,5.8696,+1.75%,538
IMNN,2019-09-16,342.3913,346.3044,340.9239,342.3913,1.9565,+0.57%,521
IMNN,2019-09-17,342.3913,352.1739,342.3913,342.3913,0,0.00%,416
IMNN,2019-09-18,340.4348,352.1739,338.4783,340.4348,-1.9565,-0.57%,568
IMNN,2019-09-19,344.3479,344.3479,328.6957,328.6957,-11.7391,-3.45%,318
IMNN,2019-09-20,344.3479,344.3479,326.7391,330.6522,1.9565,+0.60%,639
IMNN,2019-09-23,350.2174,350.4522,332.6087,332.6087,1.9565,+0.59%,355
IMNN,2019-09-24,332.6087,338.4783,324.7826,330.6522,-1.9565,-0.59%,476
IMNN,2019-09-25,328.6957,332.6087,322.8261,322.8261,-7.8261,-2.37%,311
IMNN,2019-09-26,322.8261,328.6957,318.9131,318.9131,-3.913,-1.21%,343
IMNN,2019-09-27,320.8696,320.8696,303.2804,313.0435,-5.8696,-1.84%,841
IMNN,2019-09-30,309.1304,313.0435,293.4783,301.3044,-11.7391,-3.75%,500
IMNN,2019-10-01,305.2174,315,277.8261,289.5652,-11.7392,-3.90%,510
IMNN,2019-10-02,293.4783,313.0435,291.5218,303.2609,13.6957,+4.73%,554
IMNN,2019-10-03,303.2609,352.1739,303.2609,336.5218,33.2609,+10.97%,1187
IMNN,2019-10-04,338.4783,348.2609,328.3826,342.3913,5.8695,+1.74%,494
IMNN,2019-10-07,346.3044,358.0435,336.5218,342.3913,0,0.00%,1399
IMNN,2019-10-08,342.3913,359.9805,332.6087,356.087,13.6957,+4.00%,617
IMNN,2019-10-09,354.1304,356.087,332.6087,338.4783,-17.6087,-4.95%,702
IMNN,2019-10-10,332.6087,344.3479,309.1304,322.8261,-15.6522,-4.62%,1091
IMNN,2019-10-11,322.8261,330.6522,318.9131,324.7826,1.9565,+0.61%,477
IMNN,2019-10-14,322.8261,330.6522,309.1304,324.7826,0,0.00%,477
IMNN,2019-10-15,326.7391,342.3913,309.1304,334.5652,9.7826,+3.01%,937
IMNN,2019-10-16,334.5652,342.3913,322.8065,328.6957,-5.8695,-1.75%,580
IMNN,2019-10-17,330.6522,340.4348,324.7826,330.6522,1.9565,+0.60%,392
IMNN,2019-10-18,332.6087,344.3479,330.6522,337.5,6.8478,+2.07%,431
IMNN,2019-10-21,342.3913,348.2609,324.7826,344.3479,6.8479,+2.03%,757
IMNN,2019-10-22,344.3479,350.2174,330.6522,336.5218,-7.8261,-2.27%,688
IMNN,2019-10-23,338.4783,342.3913,330.1239,338.4783,1.9565,+0.58%,780
IMNN,2019-10-24,334.5652,342.3913,328.6957,334.5652,-3.9131,-1.16%,539
IMNN,2019-10-25,332.6087,342.3913,326.1717,342.3913,7.8261,+2.34%,985
IMNN,2019-10-28,338.4783,348.2609,330.6522,342.3913,0,0.00%,711
IMNN,2019-10-29,336.5218,346.3044,320.8696,321.8479,-20.5434,-6.00%,650
IMNN,2019-10-30,318.9131,330.6522,315,324.7826,2.9347,+0.91%,561
IMNN,2019-10-31,322.8261,330.6522,313.0435,318.9131,-5.8695,-1.81%,361
IMNN,2019-11-01,316.9565,332.8044,316.9565,332.6087,13.6956,+4.29%,244
IMNN,2019-11-04,340.4348,340.4348,232.8261,318.9131,-13.6956,-4.12%,5895
IMNN,2019-11-05,332.6087,340.4348,281.7391,289.5652,-29.3479,-9.20%,777
IMNN,2019-11-06,293.4783,293.4783,266.087,279.7826,-9.7826,-3.38%,1095
IMNN,2019-11-07,279.7826,287.7065,279.6261,279.7826,0,0.00%,331
IMNN,2019-11-08,281.7391,283.6957,275.8696,281.7391,1.9565,+0.70%,238
IMNN,2019-11-11,279.7826,279.7826,234.7826,242.6087,-39.1304,-13.89%,1293
IMNN,2019-11-12,248.4783,250.4348,221.087,225,-17.6087,-7.26%,2107
IMNN,2019-11-13,225,225,205.4348,211.3239,-13.6761,-6.08%,2423
IMNN,2019-11-14,240.6522,301.1283,225.9783,271.9565,60.6326,+28.69%,2498
IMNN,2019-11-15,283.6957,293.4783,225,240.6522,-31.3043,-11.51%,1483
IMNN,2019-11-18,234.7826,279.7826,232.9044,277.8261,37.1739,+15.45%,1047
IMNN,2019-11-19,266.087,290.5435,256.3044,283.6957,5.8696,+2.11%,867
IMNN,2019-11-20,273.9131,283.6957,260.2174,260.2174,-23.4783,-8.28%,773
IMNN,2019-11-21,254.3478,270,254.3478,258.2609,-1.9565,-0.75%,415
IMNN,2019-11-22,254.3478,266.087,246.5218,258.2609,0,0.00%,472
IMNN,2019-11-25,262.1739,270,250.4348,256.3044,-1.9565,-0.76%,431
IMNN,2019-11-26,271.9565,273.9131,254.3478,264.1304,7.826,+3.05%,712
IMNN,2019-11-27,266.087,279.7826,266.087,268.0435,3.9131,+1.48%,315
IMNN,2019-11-29,264.1304,283.6957,258.2609,258.2609,-9.7826,-3.65%,237
IMNN,2019-12-02,264.1304,293.4783,264.1304,283.6957,25.4348,+9.85%,1041
IMNN,2019-12-03,283.6957,293.4783,270,281.7391,-1.9566,-0.69%,142
IMNN,2019-12-04,275.8696,293.4783,275.8696,283.6957,1.9566,+0.69%,338
IMNN,2019-12-05,283.6957,294.1435,279.7826,279.7826,-3.9131,-1.38%,164
IMNN,2019-12-06,277.8261,289.5652,275.8696,283.6957,3.9131,+1.40%,144
IMNN,2019-12-09,287.6087,291.5218,277.8261,281.7391,-1.9566,-0.69%,174
IMNN,2019-12-10,285.6522,324.7826,279.2152,311.087,29.3479,+10.42%,1532
IMNN,2019-12-11,313.0435,313.0435,291.5218,293.4783,-17.6087,-5.66%,552
IMNN,2019-12-12,291.5218,321.9065,287.6087,313.0435,19.5652,+6.67%,1643
IMNN,2019-12-13,309.1304,320.8696,305.237,316.9565,3.913,+1.25%,901
IMNN,2019-12-16,318.9131,338.5761,316.9565,326.7391,9.7826,+3.09%,1596
IMNN,2019-12-17,332.6087,338.4783,320.8696,322.8261,-3.913,-1.20%,1783
IMNN,2019-12-18,332.6087,336.5218,289.5652,301.3044,-21.5217,-6.67%,3681
IMNN,2019-12-19,301.3044,316.9565,293.4783,307.1739,5.8695,+1.95%,1120
IMNN,2019-12-20,311.087,322.8261,297.3913,311.087,3.9131,+1.27%,1143
IMNN,2019-12-23,311.087,330.6522,309.1304,312.7305,1.6435,+0.53%,1369
IMNN,2019-12-24,315,323.8044,309.1304,322.8261,10.0956,+3.23%,615
IMNN,2019-12-26,322.8261,348.2609,322.8261,332.6087,9.7826,+3.03%,2205
IMNN,2019-12-27,332.6087,332.6087,316.9565,318.9131,-13.6956,-4.12%,849
IMNN,2019-12-30,322.8261,334.5652,316.9565,330.6522,11.7391,+3.68%,1375
IMNN,2019-12-31,332.6087,342.3913,328.6957,334.5652,3.913,+1.18%,1252
IMNN,2020-01-02,338.4783,338.4783,328.6957,338.4783,3.9131,+1.17%,687
IMNN,2020-01-03,328.6957,336.5218,326.7391,332.6087,-5.8696,-1.73%,1037
IMNN,2020-01-06,332.6087,338.4783,330.6522,332.6087,0,0.00%,598
IMNN,2020-01-07,336.5218,336.5218,326.7391,332.6087,0,0.00%,1028
IMNN,2020-01-08,326.7391,328.6957,313.0435,326.7391,-5.8696,-1.76%,1445
IMNN,2020-01-09,328.6957,328.6957,313.0435,316.9565,-9.7826,-2.99%,714
IMNN,2020-01-10,318.9131,320.8696,313.0239,316.9565,0,0.00%,569
IMNN,2020-01-13,315,324.7826,305.2174,315,-1.9565,-0.62%,878
IMNN,2020-01-14,315,334.5652,311.087,320.8696,5.8696,+1.86%,1372
IMNN,2020-01-15,324.7826,330.6522,316.9565,320.8696,0,0.00%,521
IMNN,2020-01-16,320.8696,328.6957,313.0435,316.9565,-3.9131,-1.22%,695
IMNN,2020-01-17,316.9565,328.6957,316.9565,322.0239,5.0674,+1.60%,504
IMNN,2020-01-21,322.8261,332.6087,322.8261,330.6522,8.6283,+2.68%,1117
IMNN,2020-01-22,330.6522,330.6522,313.0435,315.0196,-15.6326,-4.73%,866
IMNN,2020-01-23,313.0435,326.7391,299.3478,307.1739,-7.8457,-2.49%,1562
IMNN,2020-01-24,309.1304,309.1304,283.6957,297.3913,-9.7826,-3.18%,914
IMNN,2020-01-27,297.3913,298.3696,284.8696,291.5218,-5.8695,-1.97%,865
IMNN,2020-01-28,295.4348,295.4348,281.7391,291.5218,0,0.00%,1317
IMNN,2020-01-29,293.4783,305.9609,282.7174,291.5218,0,0.00%,1032
IMNN,2020-01-30,287.6087,303.2609,271.9565,285.6522,-5.8696,-2.01%,1093
IMNN,2020-01-31,287.6087,291.5218,270,281.7391,-3.9131,-1.37%,503
IMNN,2020-02-03,275.8696,283.6761,270,271.9565,-9.7826,-3.47%,481
IMNN,2020-02-04,275.8696,281.9739,268.0631,281.7391,9.7826,+3.60%,672
IMNN,2020-02-05,281.7391,289.5652,275.8696,281.7391,0,0.00%,560
IMNN,2020-02-06,287.6087,302.9674,270,273.9131,-7.826,-2.78%,1812
IMNN,2020-02-07,268.0435,279.7826,268.0435,271.9565,-1.9566,-0.71%,694
IMNN,2020-02-10,271.9565,277.8261,258.2609,262.1739,-9.7826,-3.60%,885
IMNN,2020-02-11,266.087,271.9565,264.1304,268.0435,5.8696,+2.24%,219
IMNN,2020-02-12,266.087,275.8696,262.1739,264.1304,-3.9131,-1.46%,212
IMNN,2020-02-13,266.087,271.9565,254.3478,262.1739,-1.9565,-0.74%,446
IMNN,2020-02-14,258.2609,266.087,226.9565,263.25,1.0761,+0.41%,1589
IMNN,2020-02-18,254.3478,262.1739,250.4348,258.2609,-4.9891,-1.90%,402
IMNN,2020-02-19,256.3044,260.1196,248.4783,248.4783,-9.7826,-3.79%,594
IMNN,2020-02-20,252.3913,270,252.3913,270,21.5217,+8.66%,488
IMNN,2020-02-21,270,271.9565,259.8457,270,0,0.00%,391
IMNN,2020-02-24,262.1739,268.0435,244.5652,250.4348,-19.5652,-7.25%,639
IMNN,2020-02-25,254.3478,254.3478,226.9565,226.9565,-23.4783,-9.38%,1371
IMNN,2020-02-26,238.6957,242.6087,226.9565,236.7391,9.7826,+4.31%,797
IMNN,2020-02-27,234.7826,250.4348,219.1304,242.6087,5.8696,+2.48%,1617
IMNN,2020-02-28,170.2174,211.3044,160.8652,203.4783,-39.1304,-16.13%,7051
IMNN,2020-03-02,203.4783,213.2609,197.6087,211.3044,7.8261,+3.85%,3074
IMNN,2020-03-03,219.1304,219.1304,199.6239,209.3478,-1.9566,-0.93%,1435
IMNN,2020-03-04,211.3044,224.6087,207.3913,219.1304,9.7826,+4.67%,2179
IMNN,2020-03-05,221.087,228.9131,219.1304,223.0435,3.9131,+1.79%,1018
IMNN,2020-03-06,225,234.7826,224.1978,226.9565,3.913,+1.75%,1741
IMNN,2020-03-09,226.9565,227.0348,191.7391,195.6522,-31.3043,-13.79%,2725
IMNN,2020-03-10,195.6522,207.9587,195.6522,199.5848,3.9326,+2.01%,764
IMNN,2020-03-11,199.5652,201.5217,185.8891,192.9326,-6.6522,-3.33%,843
IMNN,2020-03-12,166.3044,195.5348,166.3044,185.8891,-7.0435,-3.65%,1456
IMNN,2020-03-13,186.0065,197.6087,156.8348,165.1304,-20.7587,-11.17%,1456
IMNN,2020-03-16,166.3044,172.4674,156.5218,156.5218,-8.6086,-5.21%,920
IMNN,2020-03-17,158.4783,172.1739,146.7391,155.563,-0.9588,-0.61%,1493
IMNN,2020-03-18,149.7522,164.3478,134.3152,141.3978,-14.1652,-9.11%,1626
IMNN,2020-03-19,158.4783,170.1196,150.5739,156.4239,15.0261,+10.63%,1832
IMNN,2020-03-20,158.4783,170.2174,156.5218,158.4783,2.0544,+1.31%,700
IMNN,2020-03-23,156.5218,189.7826,156.5218,189.7826,31.3043,+19.75%,1105
IMNN,2020-03-24,195.6522,204.9457,160.8261,174.1304,-15.6522,-8.25%,2002
IMNN,2020-03-25,199.5652,199.5652,176.087,189.3522,15.2218,+8.74%,1140
IMNN,2020-03-26,205.4348,205.4348,156.5805,176.087,-13.2652,-7.01%,2316
IMNN,2020-03-27,181.9565,191.0544,166.3044,166.3044,-9.7826,-5.56%,767
IMNN,2020-03-30,164.3478,185.8696,164.3478,168.3,1.9956,+1.20%,803
IMNN,2020-03-31,185.8696,186.163,168.2609,176.8891,8.5891,+5.10%,698
IMNN,2020-04-01,176.0283,185.8696,174.1304,174.15,-2.7391,-1.55%,970
IMNN,2020-04-02,176.087,185.8696,172.1739,178.0435,3.8935,+2.24%,1187
IMNN,2020-04-03,180,183.913,162.4304,173.5044,-4.5391,-2.55%,677
IMNN,2020-04-06,179.1587,183.913,168.7696,174.1304,0.626,+0.36%,1126
IMNN,2020-04-07,176.087,185.8696,172.1739,185.8696,11.7392,+6.74%,843
IMNN,2020-04-08,183.913,207.3913,172.1739,199.5652,13.6956,+7.37%,1669
IMNN,2020-04-09,207.3913,207.3913,189.7826,194.2044,-5.3608,-2.69%,707
IMNN,2020-04-13,203.4783,209.3478,189.7826,203.4783,9.2739,+4.78%,791
IMNN,2020-04-14,209.3478,215.2174,195.6717,215.2174,11.7391,+5.77%,1429
IMNN,2020-04-15,219.1304,229.6957,205.4348,228.9131,13.6957,+6.36%,3345
IMNN,2020-04-16,230.8696,243.587,226.9761,230.8696,1.9565,+0.85%,2642
IMNN,2020-04-17,242.6087,242.6087,228.9131,232.8261,1.9565,+0.85%,2435
IMNN,2020-04-20,242.6087,242.6087,209.3478,228.9131,-3.913,-1.68%,2266
IMNN,2020-04-21,228.9131,228.9131,211.3044,225,-3.9131,-1.71%,1052
IMNN,2020-04-22,228.9131,228.9131,215.2174,219.1304,-5.8696,-2.61%,739
IMNN,2020-04-23,228.9131,252.3913,224.7457,232.8261,13.6957,+6.25%,1761
IMNN,2020-04-24,232.8261,234.7826,224.4522,228.9131,-3.913,-1.68%,1090
IMNN,2020-04-27,232.8261,241.2391,226.9565,239.6739,10.7608,+4.70%,703
IMNN,2020-04-28,242.6087,254.3478,242.6087,248.4783,8.8044,+3.67%,1611
IMNN,2020-04-29,254.3478,264.1304,246.5218,264.1304,15.6521,+6.30%,1281
IMNN,2020-04-30,264.1304,271.9565,252.3913,258.2609,-5.8695,-2.22%,960
IMNN,2020-05-01,260.2174,266.087,234.7826,240.6522,-17.6087,-6.82%,1220
IMNN,2020-05-04,244.5652,250.4348,230.8696,250.4348,9.7826,+4.07%,1027
IMNN,2020-05-05,248.4783,263.1522,244.5652,246.5218,-3.913,-1.56%,784
IMNN,2020-05-06,244.5652,250.4544,236.7391,246.5218,0,0.00%,725
IMNN,2020-05-07,244.5652,250.2196,232.8261,240.6522,-5.8696,-2.38%,831
IMNN,2020-05-08,236.7391,250.4348,236.7391,236.7391,-3.9131,-1.63%,711
IMNN,2020-05-11,240.6522,260.2174,236.7391,248.4783,11.7392,+4.96%,1266
IMNN,2020-05-12,246.5218,268.0435,240.6522,260.2174,11.7391,+4.72%,1617
IMNN,2020-05-13,264.1304,264.1304,246.5218,254.3478,-5.8696,-2.26%,842
IMNN,2020-05-14,252.3913,266.087,238.6957,266.087,11.7392,+4.62%,1845
IMNN,2020-05-15,254.3478,262.1739,238.6957,262.1739,-3.9131,-1.47%,1694
IMNN,2020-05-18,268.0435,275.8696,262.1739,275.8696,13.6957,+5.22%,2474
IMNN,2020-05-19,283.6957,296.9218,275.8696,289.5652,13.6956,+4.96%,1967
IMNN,2020-05-20,303.2609,399.1304,297.3913,336.5218,46.9566,+16.22%,18334
IMNN,2020-05-21,373.6957,528.2609,358.0435,459.7826,123.2608,+36.63%,37118
IMNN,2020-05-22,508.6957,641.7392,471.5218,592.8261,133.0435,+28.94%,115325
IMNN,2020-05-26,567.3914,714.1305,540,590.8696,-1.9565,-0.33%,59511
IMNN,2020-05-27,575.2174,626.087,540,565.4348,-25.4348,-4.30%,13200
IMNN,2020-05-28,586.9566,612.0979,557.6087,577.174,11.7392,+2.08%,7636
IMNN,2020-05-29,616.3044,631.9566,571.3044,586.9566,9.7826,+1.69%,10503
IMNN,2020-06-01,590.8696,594.7826,561.5218,575.2174,-11.7392,-2.00%,6596
IMNN,2020-06-02,567.3914,577.174,510.124,543.913,-31.3044,-5.44%,13057
IMNN,2020-06-03,543.913,547.8261,512.6087,530.2174,-13.6956,-2.52%,6402
IMNN,2020-06-04,526.3044,586.9566,524.3479,559.5652,29.3478,+5.54%,6984
IMNN,2020-06-05,573.2609,573.2609,540,543.913,-15.6522,-2.80%,3483
IMNN,2020-06-08,561.5218,569.3479,549.7826,553.6956,9.7826,+1.80%,4602
IMNN,2020-06-09,563.4783,565.6109,528.2609,541.9566,-11.739,-2.12%,6494
IMNN,2020-06-10,557.6087,665.2174,539.5891,651.5218,109.5652,+20.22%,21281
IMNN,2020-06-11,624.1305,643.6957,573.2609,594.7826,-56.7392,-8.71%,9452
IMNN,2020-06-12,616.3044,630.1957,586.9566,598.6956,3.913,+0.66%,5142
IMNN,2020-06-15,614.3479,741.5218,608.4783,716.087,117.3914,+19.61%,25041
IMNN,2020-06-16,755.2174,976.3043,708.2609,954.7827,238.6957,+33.33%,41771
IMNN,2020-06-17,1027.174,1271.7391,782.6087,831.5218,-123.2609,-12.91%,107393
IMNN,2020-06-18,870.6522,1007.6087,837.4109,948.913,117.3912,+14.12%,24346
IMNN,2020-06-19,1003.6957,1029.1305,901.9565,1029.1305,80.2175,+8.45%,23776
IMNN,2020-06-22,1015.4348,1025.2174,743.4783,819.7827,-209.3478,-20.34%,37197
IMNN,2020-06-23,837.3914,880.4348,821.7391,868.6957,48.913,+5.97%,10123
IMNN,2020-06-24,837.3914,853.0435,782.6087,833.4784,-35.2173,-4.05%,7748
IMNN,2020-06-25,798.2609,813.913,759.1305,800.2174,-33.261,-3.99%,12550
IMNN,2020-06-26,780.6522,849.1305,776.7392,798.2609,-1.9565,-0.24%,6653
IMNN,2020-06-29,782.6087,790.4348,718.0435,729.7826,-68.4783,-8.58%,10778
IMNN,2020-06-30,745.4348,757.1739,706.3043,727.8261,-1.9565,-0.27%,6643
IMNN,2020-07-01,725.8696,741.5218,604.5652,678.9131,-48.913,-6.72%,12063
IMNN,2020-07-02,712.5261,835.4348,679.8913,833.4784,154.5653,+22.77%,16619
IMNN,2020-07-06,860.8696,868.6957,733.6957,757.1739,-76.3045,-9.15%,13080
IMNN,2020-07-07,755.2174,798.2609,735.6522,743.4783,-13.6956,-1.81%,8045
IMNN,2020-07-08,747.3913,757.1544,704.3479,720,-23.4783,-3.16%,9278
IMNN,2020-07-09,737.6087,737.6087,686.7392,720,0,0.00%,7956
IMNN,2020-07-10,716.087,719.7848,690.6522,700.4348,-19.5652,-2.72%,7578
IMNN,2020-07-13,230.8696,283.6957,203.4783,252.3913,-448.0435,-63.97%,152118
IMNN,2020-07-14,232.8261,248.4783,217.1739,244.5652,-7.8261,-3.10%,31398
IMNN,2020-07-15,264.1304,299.0544,215.2174,230.8696,-13.6956,-5.60%,82418
IMNN,2020-07-16,223.0435,223.0435,205.4348,213.2609,-17.6087,-7.63%,23678
IMNN,2020-07-17,207.3913,228.9131,205.4348,217.1739,3.913,+1.83%,20407
IMNN,2020-07-20,213.2609,215.4522,205.4348,211.3044,-5.8695,-2.70%,13393
IMNN,2020-07-21,203.4783,211.3044,199.5652,207.3913,-3.9131,-1.85%,10233
IMNN,2020-07-22,207.3913,209.3478,199.5652,205.4348,-1.9565,-0.94%,7563
IMNN,2020-07-23,201.5217,289.5652,201.5217,226.9565,21.5217,+10.48%,131153
IMNN,2020-07-24,226.9565,232.8261,211.3044,232.8261,5.8696,+2.59%,13729
IMNN,2020-07-27,242.6087,244.5652,221.087,226.9565,-5.8696,-2.52%,9160
IMNN,2020-07-28,225,226.9565,211.3044,217.1739,-9.7826,-4.31%,8228
IMNN,2020-07-29,217.1739,219.1304,207.3913,213.2609,-3.913,-1.80%,5759
IMNN,2020-07-30,209.3478,225.9783,205.4348,225,11.7391,+5.50%,6001
IMNN,2020-07-31,221.087,225,211.3044,215.2174,-9.7826,-4.35%,6853
IMNN,2020-08-03,205.4348,215.2174,199.5652,211.3044,-3.913,-1.82%,7432
IMNN,2020-08-04,225,260.2174,211.3044,246.5218,35.2174,+16.67%,42382
IMNN,2020-08-05,240.6522,242.1,219.1304,223.0435,-23.4783,-9.52%,10071
IMNN,2020-08-06,223.0435,232.8261,223.0435,230.8696,7.8261,+3.51%,6129
IMNN,2020-08-07,230.8696,232.8261,219.1304,225,-5.8696,-2.54%,3730
IMNN,2020-08-10,226.9565,232.8261,219.1304,230.8696,5.8696,+2.61%,6086
IMNN,2020-08-11,230.8696,230.8696,219.1304,221.087,-9.7826,-4.24%,7208
IMNN,2020-08-12,221.087,224.0218,211.3044,215.2174,-5.8696,-2.65%,5773
IMNN,2020-08-13,211.3044,219.1304,211.3044,213.2609,-1.9565,-0.91%,5086
IMNN,2020-08-14,211.3044,217.1739,203.4783,213.2609,0,0.00%,5992
IMNN,2020-08-17,209.3478,219.1304,209.3478,217.1739,3.913,+1.83%,6579
IMNN,2020-08-18,215.2174,217.1739,213.2609,215.2174,-1.9565,-0.90%,3042
IMNN,2020-08-19,211.3044,214.8261,207.3913,209.3478,-5.8696,-2.73%,3578
IMNN,2020-08-20,213.2609,215.2174,203.4783,214.2391,4.8913,+2.34%,4152
IMNN,2020-08-21,211.3044,213.2609,205.4348,207.3913,-6.8478,-3.20%,3148
IMNN,2020-08-24,203.4783,209.3478,195.6522,201.5217,-5.8696,-2.83%,8571
IMNN,2020-08-25,199.5652,211.3044,195.6522,205.4348,3.9131,+1.94%,6513
IMNN,2020-08-26,205.4348,207.3913,198.587,201.5217,-3.9131,-1.90%,2640
IMNN,2020-08-27,203.4783,203.4783,195.6522,197.6087,-3.913,-1.94%,3698
IMNN,2020-08-28,197.6087,203.4783,195.6522,199.5652,1.9565,+0.99%,2204
IMNN,2020-08-31,197.6087,199.5652,180.0587,180.4891,-19.0761,-9.56%,8805
IMNN,2020-09-01,184.8913,185.6739,158.4978,162.4109,-18.0782,-10.02%,10330
IMNN,2020-09-02,163.3696,164.3283,156.5218,158.2435,-4.1674,-2.57%,4057
IMNN,2020-09-03,156.5218,158.4783,137.3283,148.0891,-10.1544,-6.42%,5155
IMNN,2020-09-04,149.3804,153.7826,140.8696,152.0022,3.9131,+2.64%,2941
IMNN,2020-09-08,148.8913,170.6478,146.7391,160.4348,8.4326,+5.55%,7442
IMNN,2020-09-09,174.1304,175.637,153.5087,157.4609,-2.9739,-1.85%,2833
IMNN,2020-09-10,167.7522,173.2304,157.1087,160.7283,3.2674,+2.08%,2655
IMNN,2020-09-11,157.6761,163.2326,148.6957,152.6087,-8.1196,-5.05%,2052
IMNN,2020-09-14,153.7631,166.4609,152.6087,158.4587,5.85,+3.83%,1856
IMNN,2020-09-15,162.3913,163.3696,157.3239,158.4978,0.0391,+0.02%,1698
IMNN,2020-09-16,160.0435,162.3913,154.5652,154.7804,-3.7174,-2.35%,2301
IMNN,2020-09-17,155.4065,159.4565,152.6087,156.6391,1.8587,+1.20%,2590
IMNN,2020-09-18,156.5022,165.4239,154.4674,154.4674,-2.1717,-1.39%,6146
IMNN,2020-09-21,156.2087,157.5391,148.6761,150.6522,-3.8152,-2.47%,3341
IMNN,2020-09-22,156.5218,156.5218,148.7739,151.7478,1.0956,+0.73%,2214
IMNN,2020-09-23,152.6087,152.6087,142.3761,142.3761,-9.3717,-6.18%,2142
IMNN,2020-09-24,142.8261,146.7391,137.0935,140.6152,-1.7609,-1.24%,2696
IMNN,2020-09-25,141.4565,148.6957,137.8761,143.0218,2.4066,+1.71%,2351
IMNN,2020-09-28,150.6522,150.6522,141.3587,143.1783,0.1565,+0.11%,1674
IMNN,2020-09-29,144.0978,146.7391,140.0674,142.65,-0.5283,-0.37%,2488
IMNN,2020-09-30,144.5283,148.3044,140.0478,143.237,0.587,+0.41%,1548
IMNN,2020-10-01,146.7391,146.7391,137.5435,140.4196,-2.8174,-1.97%,1918
IMNN,2020-10-02,138.9717,142.6304,137.1522,139.6761,-0.7435,-0.53%,1480
IMNN,2020-10-05,137.9348,141.8478,135,136.0174,-3.6587,-2.62%,2247
IMNN,2020-10-06,136.9565,142.8261,136.0565,137.0739,1.0565,+0.78%,2309
IMNN,2020-10-07,138.463,141.8087,135,136.6043,-0.4696,-0.34%,2845
IMNN,2020-10-08,135.0391,141.6522,135.0391,137.0152,0.4109,+0.30%,2715
IMNN,2020-10-09,135.9783,140.3804,133.0631,134.1196,-2.8956,-2.11%,3321
IMNN,2020-10-12,138.913,139.187,129.1305,135.4109,1.2913,+0.96%,4389
IMNN,2020-10-13,136.9565,136.9565,129.5413,133.2391,-2.1718,-1.60%,2662
IMNN,2020-10-14,129.1305,133.0435,129.1305,131.1065,-2.1326,-1.60%,2277
IMNN,2020-10-15,133.0435,133.0435,119.3478,123.75,-7.3565,-5.61%,4865
IMNN,2020-10-16,125.0218,126,113.4783,122.1261,-1.6239,-1.31%,6124
IMNN,2020-10-19,117.3913,122.087,109.4674,112.4413,-9.6848,-7.93%,6181
IMNN,2020-10-20,116.4131,116.4131,109.6631,111.1696,-1.2717,-1.13%,3005
IMNN,2020-10-21,113.4783,121.05,111.1304,115.2391,4.0695,+3.66%,2830
IMNN,2020-10-22,119.3478,119.3478,110.5435,112.5,-2.7391,-2.38%,3057
IMNN,2020-10-23,111.5217,112.8913,105.6522,109.5261,-2.9739,-2.64%,3115
IMNN,2020-10-26,107.6087,126.9783,102.7174,123.2609,13.7348,+12.54%,21870
IMNN,2020-10-27,115.5326,115.5326,108.8022,111.5609,-11.7,-9.49%,8788
IMNN,2020-10-28,108.6652,108.7044,98.3935,101.3283,-10.2326,-9.17%,5507
IMNN,2020-10-29,99.9978,103.6957,97.8261,99.3717,-1.9566,-1.93%,2433
IMNN,2020-10-30,99.763,99.763,92.113,92.5435,-6.8282,-6.87%,3902
IMNN,2020-11-02,91.9565,97.0435,84.2283,92.3478,-0.1957,-0.21%,10450
IMNN,2020-11-03,88.0435,101.7196,88.0435,94.9304,2.5826,+2.80%,5139
IMNN,2020-11-04,93.6,99.587,91.6826,96.8478,1.9174,+2.02%,1044
IMNN,2020-11-05,97.8065,97.8065,91.9565,93.0522,-3.7956,-3.92%,1916
IMNN,2020-11-06,93.913,96.8478,93.8348,94.3043,1.2521,+1.35%,1371
IMNN,2020-11-09,91.5652,96.7696,90.9783,94.5196,0.2153,+0.23%,2454
IMNN,2020-11-10,93.6391,103.3826,90.9783,98.3543,3.8347,+4.06%,4084
IMNN,2020-11-11,99.7826,109.5457,97.0826,101.7196,3.3653,+3.42%,3018
IMNN,2020-11-12,101.7391,105.0652,97.8261,99.7826,-1.937,-1.90%,2273
IMNN,2020-11-13,99.7826,108.8609,99.7826,105.2609,5.4783,+5.49%,3494
IMNN,2020-11-16,99.7826,107.6087,97.8261,103.6957,-1.5652,-1.49%,3804
IMNN,2020-11-17,102.737,105.3978,97.8261,100.037,-3.6587,-3.53%,2113
IMNN,2020-11-18,99.7826,100.0174,94.3435,96.887,-3.15,-3.15%,2852
IMNN,2020-11-19,96.887,103.6957,94.4022,101.5631,4.6761,+4.83%,2489
IMNN,2020-11-20,99.7826,108.3913,99.7826,102.287,0.7239,+0.71%,2017
IMNN,2020-11-23,103.6957,103.6957,95.987,102.8544,0.5674,+0.55%,2442
IMNN,2020-11-24,105.6522,107.3152,101.7391,105.6522,2.7978,+2.72%,3292
IMNN,2020-11-25,103.6957,105.6131,99.7826,103.6957,-1.9565,-1.85%,2613
IMNN,2020-11-27,101.7391,115.1217,101.7391,112.2065,8.5108,+8.21%,5611
IMNN,2020-11-30,111.5217,134.5891,109.8587,131.5565,19.35,+17.24%,14254
IMNN,2020-12-01,135.0196,137.1522,115.4348,118.9957,-12.5608,-9.55%,11001
IMNN,2020-12-02,117.6065,119.8957,109.5652,113.4978,-5.4979,-4.62%,4706
IMNN,2020-12-03,119.3478,125.0218,111.8739,116.4326,2.9348,+2.59%,7181
IMNN,2020-12-04,127.9565,129.1305,117.6261,120.2283,3.7957,+3.26%,5162
IMNN,2020-12-07,123.0261,127.1739,117.6457,121.5,1.2717,+1.06%,5212
IMNN,2020-12-08,121.3044,134.5891,118.7022,122.3804,0.8804,+0.72%,8723
IMNN,2020-12-09,125.1978,146.7196,114.6522,138.1696,15.7892,+12.90%,73684
IMNN,2020-12-10,142.8261,172.1739,135.0196,155.7978,17.6282,+12.76%,70430
IMNN,2020-12-11,148.6957,152.3935,136.9565,137.837,-17.9608,-11.53%,16288
IMNN,2020-12-14,134.8044,136.7804,127.3891,129.2283,-8.6087,-6.25%,8400
IMNN,2020-12-15,129.3261,151.7087,129.3261,138.8543,9.626,+7.45%,25874
IMNN,2020-12-16,133.0435,137.387,129.7565,131.087,-7.7673,-5.59%,8695
IMNN,2020-12-17,135,136.35,125.237,127.7609,-3.3261,-2.54%,7755
IMNN,2020-12-18,129.1109,130.95,123.2609,123.2609,-4.5,-3.52%,6100
IMNN,2020-12-21,129.1305,148.6761,119.9348,145.7609,22.5,+18.25%,19330
IMNN,2020-12-22,151.8065,164.3478,137.1717,139.3044,-6.4565,-4.43%,17030
IMNN,2020-12-23,144.7826,148.05,137.7587,146.7391,7.4347,+5.34%,11837
IMNN,2020-12-24,152.6087,152.6087,137.1717,143.8239,-2.9152,-1.99%,6812
IMNN,2020-12-28,148.6957,152.6087,142.8261,146.9739,3.15,+2.19%,11611
IMNN,2020-12-29,150.6522,151.2391,131.087,140.1065,-6.8674,-4.67%,7892
IMNN,2020-12-30,133.0435,148.5196,133.0435,147.6196,7.5131,+5.36%,8624
IMNN,2020-12-31,147.6196,149.6739,136.9565,139.1087,-8.5109,-5.77%,7097
IMNN,2021-01-04,137.1522,172.1739,137.1522,157.1283,18.0196,+12.95%,35327
IMNN,2021-01-05,160.1218,183.3457,152.6087,159.2804,2.1521,+1.37%,30724
IMNN,2021-01-06,172.1739,174.1304,150.6522,154.8587,-4.4217,-2.78%,19809
IMNN,2021-01-07,158.4783,164.3478,156.913,160.2391,5.3804,+3.47%,7929
IMNN,2021-01-08,162.1957,191.9348,153,167.087,6.8479,+4.27%,44885
IMNN,2021-01-11,176.087,183.8935,168.4957,180.9783,13.8913,+8.31%,37869
IMNN,2021-01-12,187.6304,188.0218,174.1304,175.1087,-5.8696,-3.24%,22042
IMNN,2021-01-13,181.9565,182.7391,176.087,179.3152,4.2065,+2.40%,17133
IMNN,2021-01-14,178.0435,179.0218,168.4174,176.087,-3.2282,-1.80%,15479
IMNN,2021-01-15,176.087,179.9804,167.087,170.2174,-5.8696,-3.33%,15644
IMNN,2021-01-19,171.7826,185.6543,162.587,178.2391,8.0217,+4.71%,19136
IMNN,2021-01-20,178.4544,271.9565,178.4544,249.4565,71.2174,+39.96%,197938
IMNN,2021-01-21,471.5218,547.8261,316.9565,340.4348,90.9783,+36.47%,847400
IMNN,2021-01-22,283.6957,293.4783,266.087,268.0435,-72.3913,-21.26%,188242
IMNN,2021-01-25,289.5652,299.3478,268.0435,273.9131,5.8696,+2.19%,125533
IMNN,2021-01-26,291.5218,358.0435,287.6087,348.2609,74.3478,+27.14%,224583
IMNN,2021-01-27,295.4348,315,279.7826,291.5218,-56.7391,-16.29%,105071
IMNN,2021-01-28,279.7826,297.3913,270,279.7826,-11.7392,-4.03%,54509
IMNN,2021-01-29,273.9131,285.3978,258.2609,268.0435,-11.7391,-4.20%,43825
IMNN,2021-02-01,279.7826,297.3913,266.087,283.6957,15.6522,+5.84%,46895
IMNN,2021-02-02,289.5652,289.5652,270,271.9565,-11.7392,-4.14%,31197
IMNN,2021-02-03,277.8261,301.3044,270,287.6087,15.6522,+5.76%,47662
IMNN,2021-02-04,295.4348,303.2609,287.6087,299.3478,11.7391,+4.08%,43717
IMNN,2021-02-05,311.087,346.3044,303.2609,336.5218,37.174,+12.42%,88703
IMNN,2021-02-08,377.6087,444.1305,361.9566,434.3479,97.8261,+29.07%,145189
IMNN,2021-02-09,403.0435,440.0022,381.5218,416.7392,-17.6087,-4.05%,83702
IMNN,2021-02-10,420.6522,426.5218,336.5218,381.5218,-35.2174,-8.45%,82539
IMNN,2021-02-11,590.8696,680.8696,440.2174,448.0435,66.5217,+17.44%,516007
IMNN,2021-02-12,481.3044,518.4783,442.1739,479.3479,31.3044,+6.99%,207080
IMNN,2021-02-16,471.5218,471.5218,436.3044,444.1305,-35.2174,-7.35%,57460
IMNN,2021-02-17,424.5653,428.4783,391.3044,410.8695,-33.261,-7.49%,47180
IMNN,2021-02-18,389.3479,391.3044,352.1739,375.6522,-35.2173,-8.57%,39169
IMNN,2021-02-19,377.6087,383.4783,361.9566,371.7391,-3.9131,-1.04%,26869
IMNN,2021-02-22,618.2609,635.8696,514.5653,549.7826,178.0435,+47.89%,1740069
IMNN,2021-02-23,465.6522,496.9565,395.2174,465.6522,-84.1304,-15.30%,149261
IMNN,2021-02-24,467.6088,483.2609,432.3914,442.1739,-23.4783,-5.04%,53635
IMNN,2021-02-25,477.3914,483.2609,412.8261,430.4348,-11.7391,-2.65%,75194
IMNN,2021-02-26,428.4783,430.4348,387.3913,403.0435,-27.3913,-6.36%,34309
IMNN,2021-03-01,414.7826,438.2609,405,420.6522,17.6087,+4.37%,24498
IMNN,2021-03-02,424.5653,450,414.7826,418.6957,-1.9565,-0.47%,30368
IMNN,2021-03-03,414.2544,428.4783,396.1957,399.1304,-19.5653,-4.67%,25448
IMNN,2021-03-04,393.2609,393.2609,316.9565,361.9566,-37.1738,-9.31%,54445
IMNN,2021-03-05,352.1739,352.1739,276.1239,334.5652,-27.3914,-7.57%,44989
IMNN,2021-03-08,340.4348,360,328.6957,336.5218,1.9566,+0.58%,18112
IMNN,2021-03-09,344.3479,401.087,334.5652,391.3044,54.7826,+16.28%,34065
IMNN,2021-03-10,399.1304,403.0435,360,391.3044,0,0.00%,26653
IMNN,2021-03-11,391.3044,418.6957,381.5218,408.913,17.6086,+4.50%,30119
IMNN,2021-03-12,403.0435,446.087,393.2609,434.3479,25.4349,+6.22%,34001
IMNN,2021-03-15,448.0435,461.7391,419.6739,448.0435,13.6956,+3.15%,29281
IMNN,2021-03-16,450,450,403.0435,410.8695,-37.174,-8.30%,24280
IMNN,2021-03-17,409.5,457.8261,403.0631,448.0435,37.174,+9.05%,27448
IMNN,2021-03-18,446.087,455.8696,412.8261,444.1305,-3.913,-0.87%,29082
IMNN,2021-03-19,430.4348,446.087,399.1304,438.2609,-5.8696,-1.32%,48223
IMNN,2021-03-22,416.7392,422.6087,397.1739,401.087,-37.1739,-8.48%,23750
IMNN,2021-03-23,401.087,401.087,356.087,373.6957,-27.3913,-6.83%,24248
IMNN,2021-03-24,381.5218,381.5413,342.3913,342.3913,-31.3044,-8.38%,16143
IMNN,2021-03-25,320.8696,350.2174,307.1739,344.3479,1.9566,+0.57%,19064
IMNN,2021-03-26,361.9566,361.9566,311.087,336.5218,-7.8261,-2.27%,17328
IMNN,2021-03-29,330.6522,334.5652,307.1739,309.1304,-27.3914,-8.14%,12456
IMNN,2021-03-30,307.1739,320.8696,292.5,318.9131,9.7827,+3.16%,11413
IMNN,2021-03-31,270,281.7391,264.1304,270,-48.9131,-15.34%,84027
IMNN,2021-04-01,275.8696,289.5652,271.9565,285.6522,15.6522,+5.80%,34900
IMNN,2021-04-05,289.5652,295.4348,271.9565,275.8696,-9.7826,-3.42%,27153
IMNN,2021-04-06,279.7826,297.3913,270.0196,287.6087,11.7391,+4.26%,20632
IMNN,2021-04-07,285.6522,299.3478,278.8044,279.7826,-7.8261,-2.72%,15332
IMNN,2021-04-08,283.6957,285.2609,268.0435,275.8696,-3.913,-1.40%,16702
IMNN,2021-04-09,273.9131,273.9131,264.1304,264.1304,-11.7392,-4.26%,14675
IMNN,2021-04-12,256.3044,258.2609,234.7826,236.7391,-27.3913,-10.37%,25585
IMNN,2021-04-13,234.7826,256.3044,226.9565,248.4783,11.7392,+4.96%,14505
IMNN,2021-04-14,242.6087,250.4348,237.7174,244.5652,-3.9131,-1.57%,8830
IMNN,2021-04-15,248.4783,248.4783,219.1304,232.8261,-11.7391,-4.80%,18737
IMNN,2021-04-16,226.9565,229.5196,199.5652,207.3913,-25.4348,-10.92%,22366
IMNN,2021-04-19,201.5217,219.1304,201.5217,215.2174,7.8261,+3.77%,14387
IMNN,2021-04-20,213.2609,213.2609,190.0761,191.8957,-23.3217,-10.84%,16578
IMNN,2021-04-21,195.6522,228.9131,188.2761,221.087,29.1913,+15.21%,19149
IMNN,2021-04-22,225,234.7826,214.2391,223.0435,1.9565,+0.88%,11203
IMNN,2021-04-23,228.9131,232.8261,217.1739,223.0435,0,0.00%,7599
IMNN,2021-04-26,223.0435,244.5652,223.0435,240.6522,17.6087,+7.89%,9890
IMNN,2021-04-27,244.5652,248.4783,225,226.9565,-13.6957,-5.69%,10603
IMNN,2021-04-28,226.9565,238.6957,221.087,238.6957,11.7392,+5.17%,5171
IMNN,2021-04-29,240.6522,240.6522,225.9783,234.7826,-3.9131,-1.64%,6647
IMNN,2021-04-30,234.7826,240.6522,226.9565,230.8696,-3.913,-1.67%,5821
IMNN,2021-05-03,228.9131,234.7826,226.9565,230.8696,0,0.00%,6189
IMNN,2021-05-04,217.1739,223.0435,209.3478,215.2174,-15.6522,-6.78%,7909
IMNN,2021-05-05,219.1304,221.087,209.3478,211.3044,-3.913,-1.82%,5726
IMNN,2021-05-06,219.1304,221.087,197.6087,203.4783,-7.8261,-3.70%,10141
IMNN,2021-05-07,203.4783,211.3044,203.4783,209.3478,5.8695,+2.88%,5242
IMNN,2021-05-10,207.3913,211.3044,201.4239,205.4348,-3.913,-1.87%,5798
IMNN,2021-05-11,197.6087,211.3044,197.6087,205.4348,0,0.00%,7790
IMNN,2021-05-12,199.5652,211.3044,199.5652,199.5652,-5.8696,-2.86%,3664
IMNN,2021-05-13,205.4348,209.3478,193.6957,193.6957,-5.8695,-2.94%,8724
IMNN,2021-05-14,205.4348,211.3044,199.5652,203.4783,9.7826,+5.05%,7327
IMNN,2021-05-17,205.4348,215.2174,203.4783,215.2174,11.7391,+5.77%,6494
IMNN,2021-05-18,215.2174,223.0435,210.3261,223.0435,7.8261,+3.64%,8921
IMNN,2021-05-19,213.2609,221.087,211.3044,219.1304,-3.9131,-1.75%,4400
IMNN,2021-05-20,217.1739,232.8261,215.2174,228.9131,9.7827,+4.46%,6803
IMNN,2021-05-21,226.9565,234.7826,223.0435,232.8261,3.913,+1.71%,5685
IMNN,2021-05-24,238.6957,238.6957,213.2609,219.1304,-13.6957,-5.88%,6855
IMNN,2021-05-25,217.1739,221.087,211.3044,217.1739,-1.9565,-0.89%,3982
IMNN,2021-05-26,213.2609,228.9131,213.2609,226.9565,9.7826,+4.50%,5548
IMNN,2021-05-27,223.0435,234.7826,221.087,230.8696,3.9131,+1.72%,4847
IMNN,2021-05-28,225,232.8261,223.0435,230.8696,0,0.00%,4815
IMNN,2021-06-01,228.9131,234.7826,223.0435,226.9565,-3.9131,-1.69%,5821
IMNN,2021-06-02,228.9131,242.6087,225,236.7391,9.7826,+4.31%,8635
IMNN,2021-06-03,230.8696,238.6957,225,226.9565,-9.7826,-4.13%,6534
IMNN,2021-06-04,228.9131,242.6087,225,242.6087,15.6522,+6.90%,10571
IMNN,2021-06-07,248.4783,258.2609,230.8696,236.7391,-5.8696,-2.42%,25215
IMNN,2021-06-08,242.6087,244.5652,232.8261,244.5652,7.8261,+3.31%,7808
IMNN,2021-06-09,248.4783,252.3913,242.6087,244.5652,0,0.00%,9352
IMNN,2021-06-10,254.3478,258.2609,240.6522,254.3478,9.7826,+4.00%,10984
IMNN,2021-06-11,256.3044,303.2609,250.4348,301.3044,46.9566,+18.46%,42427
IMNN,2021-06-14,295.4348,297.3913,270,275.8696,-25.4348,-8.44%,29207
IMNN,2021-06-15,279.7826,279.7826,254.3478,256.3044,-19.5652,-7.09%,14520
IMNN,2021-06-16,262.1739,262.1739,246.5218,258.2609,1.9565,+0.76%,8676
IMNN,2021-06-17,262.1739,262.1739,250.4348,258.2609,0,0.00%,5736
IMNN,2021-06-18,254.3478,258.2609,242.6087,242.6087,-15.6522,-6.06%,10085
IMNN,2021-06-21,242.6087,246.5218,230.8696,236.7391,-5.8696,-2.42%,9502
IMNN,2021-06-22,236.7391,244.5652,228.9131,244.5652,7.8261,+3.31%,8235
IMNN,2021-06-23,244.5652,252.3913,236.7391,244.5652,0,0.00%,8007
IMNN,2021-06-24,240.6522,246.5218,238.6957,242.6087,-1.9565,-0.80%,4789
IMNN,2021-06-25,237.6978,258.2609,237.6978,258.2609,15.6522,+6.45%,9073
IMNN,2021-06-28,258.2609,264.1304,250.4348,254.3478,-3.9131,-1.52%,6436
IMNN,2021-06-29,254.3478,256.3044,242.6087,248.4783,-5.8695,-2.31%,6926
IMNN,2021-06-30,250.4348,258.2609,240.6522,248.4783,0,0.00%,6064
IMNN,2021-07-01,248.4783,252.3913,240.6522,244.5652,-3.9131,-1.57%,5311
IMNN,2021-07-02,244.5652,244.5652,230.8696,236.7391,-7.8261,-3.20%,5163
IMNN,2021-07-06,236.7391,236.7391,226.9565,230.8696,-5.8695,-2.48%,4528
IMNN,2021-07-07,228.9131,232.8261,217.1739,223.0435,-7.8261,-3.39%,5475
IMNN,2021-07-08,215.2174,230.8696,209.3478,230.8696,7.8261,+3.51%,4764
IMNN,2021-07-09,232.8261,232.8261,221.087,228.9131,-1.9565,-0.85%,3612
IMNN,2021-07-12,225,228.9131,220.3044,225,-3.9131,-1.71%,2795
IMNN,2021-07-13,221.087,223.0435,213.2609,215.2174,-9.7826,-4.35%,4291
IMNN,2021-07-14,225,226.9565,205.4348,207.3913,-7.8261,-3.64%,7241
IMNN,2021-07-15,205.4348,211.3044,200.5435,211.3044,3.9131,+1.89%,4736
IMNN,2021-07-16,215.2174,216.3522,205.4348,205.4348,-5.8696,-2.78%,2647
IMNN,2021-07-19,199.5652,226.9565,195.6522,219.1304,13.6956,+6.67%,8103
IMNN,2021-07-20,219.1304,221.087,205.4348,219.1304,0,0.00%,4823
IMNN,2021-07-21,215.2174,224.0218,213.2609,221.087,1.9566,+0.89%,5537
IMNN,2021-07-22,223.0435,225,211.3044,215.2174,-5.8696,-2.65%,3463
IMNN,2021-07-23,211.3044,214.8848,205.4348,205.4348,-9.7826,-4.55%,3050
IMNN,2021-07-26,205.4348,213.2609,203.4783,209.3478,3.913,+1.90%,3012
IMNN,2021-07-27,209.3478,213.2609,203.4783,203.4783,-5.8695,-2.80%,3478
IMNN,2021-07-28,203.4783,213.2609,203.4783,207.3913,3.913,+1.92%,2142
IMNN,2021-07-29,213.2609,244.5652,209.3478,228.9131,21.5218,+10.38%,26467
IMNN,2021-07-30,225,228.9131,215.2174,217.1739,-11.7392,-5.13%,8724
IMNN,2021-08-02,217.1739,221.0674,213.2609,219.1304,1.9565,+0.90%,2802
IMNN,2021-08-03,217.1739,224.6087,207.3913,209.3478,-9.7826,-4.46%,7851
IMNN,2021-08-04,213.2609,215.2174,203.4783,205.4348,-3.913,-1.87%,4555
IMNN,2021-08-05,205.4348,213.2609,203.4783,209.3478,3.913,+1.90%,3147
IMNN,2021-08-06,211.3044,213.2609,207.3913,213.2609,3.9131,+1.87%,2335
IMNN,2021-08-09,213.2609,230.8696,207.3913,217.1739,3.913,+1.83%,6749
IMNN,2021-08-10,217.1739,221.087,211.3044,213.2609,-3.913,-1.80%,1595
IMNN,2021-08-11,215.2174,215.2174,207.3913,209.3478,-3.9131,-1.83%,2729
IMNN,2021-08-12,211.3044,215.1978,205.4348,205.4348,-3.913,-1.87%,3368
IMNN,2021-08-13,211.3044,211.3044,199.5652,203.4783,-1.9565,-0.95%,3995
IMNN,2021-08-16,201.5217,205.4348,195.6522,199.5652,-3.9131,-1.92%,5317
IMNN,2021-08-17,199.5652,199.5652,186.0065,190.9565,-8.6087,-4.31%,7476
IMNN,2021-08-18,189.7826,197.6087,180.0196,184.0891,-6.8674,-3.60%,7317
IMNN,2021-08-19,181.9565,203.4783,181.9565,189.587,5.4979,+2.99%,8114
IMNN,2021-08-20,195.6522,195.6522,187.0631,189.0391,-0.5479,-0.29%,2329
IMNN,2021-08-23,189.7826,201.5217,188.8044,199.5652,10.5261,+5.57%,2822
IMNN,2021-08-24,197.6087,207.3913,195.6522,199.5652,0,0.00%,3079
IMNN,2021-08-25,201.5217,209.3478,199.5652,205.4348,5.8696,+2.94%,3137
IMNN,2021-08-26,207.3913,211.3044,197.6087,203.4783,-1.9565,-0.95%,3175
IMNN,2021-08-27,199.5652,205.4348,199.5652,201.5217,-1.9566,-0.96%,2102
IMNN,2021-08-30,205.4348,207.3913,199.5652,201.5217,0,0.00%,3072
IMNN,2021-08-31,205.4348,209.3478,199.5652,207.3913,5.8696,+2.91%,2625
IMNN,2021-09-01,207.3913,207.3913,199.5652,201.5217,-5.8696,-2.83%,3231
IMNN,2021-09-02,205.4348,209.3478,203.4783,207.3913,5.8696,+2.91%,9325
IMNN,2021-09-03,205.4348,213.2609,203.4783,207.3913,0,0.00%,9820
IMNN,2021-09-07,203.4783,209.3478,201.5217,207.3913,0,0.00%,8910
IMNN,2021-09-08,209.3478,209.3478,197.6087,199.5652,-7.8261,-3.77%,7473
IMNN,2021-09-09,201.5217,219.1304,199.5652,213.2609,13.6957,+6.86%,11276
IMNN,2021-09-10,213.2609,215.2174,205.4348,209.3478,-3.9131,-1.83%,2472
IMNN,2021-09-13,207.3913,211.3044,201.5217,211.3044,1.9566,+0.93%,5299
IMNN,2021-09-14,207.3913,209.3478,195.6913,199.5652,-11.7392,-5.56%,8553
IMNN,2021-09-15,199.5652,201.5217,191.6609,201.5217,1.9565,+0.98%,9229
IMNN,2021-09-16,199.5652,205.4348,192.4239,205.4348,3.9131,+1.94%,6346
IMNN,2021-09-17,199.5652,207.3913,195.6522,207.3913,1.9565,+0.95%,6307
IMNN,2021-09-20,197.6087,203.4783,191.7391,199.5652,-7.8261,-3.77%,8902
IMNN,2021-09-21,199.5652,201.5217,195.6522,199.5652,0,0.00%,5775
IMNN,2021-09-22,197.6087,201.5217,194.6935,197.6087,-1.9565,-0.98%,6453
IMNN,2021-09-23,197.6087,197.6087,192.7174,197.6087,0,0.00%,2309
IMNN,2021-09-24,195.6522,199.5652,193.6957,197.6087,0,0.00%,1740
IMNN,2021-09-27,195.6522,199.5652,191.7391,191.7587,-5.85,-2.96%,4246
IMNN,2021-09-28,195.6522,195.6522,180.4109,188.0413,-3.7174,-1.94%,4245
IMNN,2021-09-29,187.8261,187.8261,176.2044,178.0631,-9.9782,-5.31%,3138
IMNN,2021-09-30,181.9565,184.5391,178.6304,180.8609,2.7978,+1.57%,2356
IMNN,2021-10-01,182.6217,183.913,170.2174,177.5544,-3.3065,-1.83%,6246
IMNN,2021-10-04,177.2804,188.8435,174.3261,181.1935,3.6391,+2.05%,3757
IMNN,2021-10-05,180,183.913,170.2174,174.913,-6.2805,-3.47%,4770
IMNN,2021-10-06,174.1304,176.0478,170.55,172.663,-2.25,-1.29%,2660
IMNN,2021-10-07,172.5652,174.1304,170.6283,171.6261,-1.0369,-0.60%,3028
IMNN,2021-10-08,177.0652,177.8674,174.1304,177.75,6.1239,+3.57%,2682
IMNN,2021-10-11,176.087,205.4348,172.2913,186.7109,8.9609,+5.04%,15981
IMNN,2021-10-12,193.6957,193.6957,187.8261,190.5065,3.7956,+2.03%,6375
IMNN,2021-10-13,191.7587,205.4348,191.7587,205.4348,14.9283,+7.84%,7109
IMNN,2021-10-14,203.4783,205.4348,191.7391,193.8717,-11.5631,-5.63%,3756
IMNN,2021-10-15,193.6957,203.4783,190.4283,195.6522,1.7805,+0.92%,3798
IMNN,2021-10-18,195.6522,199.5652,192.5218,195.0652,-0.587,-0.30%,2878
IMNN,2021-10-19,195.6522,201.5217,194.6739,197.6087,2.5435,+1.30%,4233
IMNN,2021-10-20,195.6522,197.6087,182.0739,185.8696,-11.7391,-5.94%,7363
IMNN,2021-10-21,185.8696,189.7826,182.9348,187.8261,1.9565,+1.05%,3294
IMNN,2021-10-22,183.913,183.913,174.1304,179.0218,-8.8043,-4.69%,5429
IMNN,2021-10-25,176.087,191.7391,173.3478,181.0174,1.9956,+1.11%,5850
IMNN,2021-10-26,181.9565,181.9565,176.087,177.8087,-3.2087,-1.77%,2556
IMNN,2021-10-27,176.087,177.8478,174.1304,174.9522,-2.8565,-1.61%,2293
IMNN,2021-10-28,175.8717,179.8044,172.1935,177.4565,2.5043,+1.43%,2034
IMNN,2021-10-29,176.087,179.8044,176.087,177.3783,-0.0782,-0.04%,1305
IMNN,2021-11-01,178.0435,185.8696,177.4565,181.8978,4.5195,+2.55%,2621
IMNN,2021-11-02,183.1109,183.913,176.087,181.1935,-0.7043,-0.39%,2812
IMNN,2021-11-03,180,183.913,177.2609,179.3348,-1.8587,-1.03%,2331
IMNN,2021-11-04,181.9565,181.9565,176.3609,177.8087,-1.5261,-0.85%,5478
IMNN,2021-11-05,178.6109,180.9391,171.5087,173.6217,-4.187,-2.35%,5944
IMNN,2021-11-08,175.05,176.087,170.55,174.0718,0.4501,+0.26%,4705
IMNN,2021-11-09,170.8435,175.8717,166.3044,167.8696,-6.2022,-3.56%,5661
IMNN,2021-11-10,166.3044,170.2174,162.3913,162.9978,-4.8718,-2.90%,4931
IMNN,2021-11-11,164.3478,167.4391,161.0218,162.3718,-0.626,-0.38%,4316
IMNN,2021-11-12,162.3913,166.0891,160.4348,163.9565,1.5847,+0.98%,3133
IMNN,2021-11-15,166.3044,170.2174,159.6522,166.187,2.2305,+1.36%,4201
IMNN,2021-11-16,162.6065,164.3283,156.5218,159.0848,-7.1022,-4.27%,3761
IMNN,2021-11-17,154.6044,160.0435,146.7391,156.5022,-2.5826,-1.62%,11508
IMNN,2021-11-18,156.5218,159.8674,146.7391,147.5413,-8.9609,-5.73%,3721
IMNN,2021-11-19,146.7391,152.6087,144.9391,146.7391,-0.8022,-0.54%,1627
IMNN,2021-11-22,146.7391,146.7391,137.0544,140.85,-5.8891,-4.01%,4364
IMNN,2021-11-23,144.7826,144.7826,123.9652,138.4435,-2.4065,-1.71%,2106
IMNN,2021-11-24,140.8696,150.6522,138.463,148.6957,10.2522,+7.41%,7192
IMNN,2021-11-26,141.2217,148.6957,138.913,140.8891,-7.8066,-5.25%,2254
IMNN,2021-11-29,140.8696,153.9783,140.8696,150.6522,9.7631,+6.93%,4541
IMNN,2021-11-30,153.4891,153.4891,143.4717,150.4957,-0.1565,-0.10%,2991
IMNN,2021-12-01,150.6522,152.6087,142.8261,142.8261,-7.6696,-5.10%,2158
IMNN,2021-12-02,137.3674,144.7826,136.9761,139.8913,-2.9348,-2.05%,3066
IMNN,2021-12-03,138.913,142.8065,131.087,133.0435,-6.8478,-4.90%,3198
IMNN,2021-12-06,123.2609,131.087,117.3913,130.0891,-2.9544,-2.22%,4784
IMNN,2021-12-07,130.0891,136.9761,127.2326,130.6174,0.5283,+0.41%,3212
IMNN,2021-12-08,127.1739,142.8065,127.1739,135,4.3826,+3.36%,3299
IMNN,2021-12-09,136.9565,138.913,129.1305,129.9717,-5.0283,-3.72%,2056
IMNN,2021-12-10,135,135,129.15,132.2413,2.2696,+1.75%,2314
IMNN,2021-12-13,132.6913,132.6913,122.2826,122.4978,-9.7435,-7.37%,3774
IMNN,2021-12-14,123.2609,125.1978,121.3044,122.6739,0.1761,+0.14%,2186
IMNN,2021-12-15,122.6739,129.0913,117.8804,126.1957,3.5218,+2.87%,2693
IMNN,2021-12-16,125.1783,127.1739,119.3478,121.1283,-5.0674,-4.02%,2628
IMNN,2021-12-17,121.3044,125.2174,117.4109,124.8261,3.6978,+3.05%,2227
IMNN,2021-12-20,119.3478,124.4935,119.3478,124.0239,-0.8022,-0.64%,1894
IMNN,2021-12-21,123.8478,124.8261,121.3044,124.0435,0.0196,+0.02%,2380
IMNN,2021-12-22,124.0435,126.7826,123.2609,125.3739,1.3304,+1.07%,2568
IMNN,2021-12-23,125.3739,126.9196,121.6174,122.087,-3.2869,-2.62%,2216
IMNN,2021-12-27,123.2609,123.2609,114.7304,115.7087,-6.3783,-5.22%,7504
IMNN,2021-12-28,113.3413,115.4348,107.6087,110.2304,-5.4783,-4.73%,6831
IMNN,2021-12-29,112.8522,113.4783,105.6522,106.7283,-3.5021,-3.18%,7062
IMNN,2021-12-30,105.8674,116.2565,105.8674,111.5217,4.7934,+4.49%,4720
IMNN,2021-12-31,108.587,113.4,105.6522,105.6522,-5.8695,-5.26%,5349
IMNN,2022-01-03,108.587,119.3478,105.6522,117.587,11.9348,+11.30%,3982
IMNN,2022-01-04,121.3044,121.3044,113.6935,116.4131,-1.1739,-1.00%,1711
IMNN,2022-01-05,117.3913,118.9565,108.0783,110.7391,-5.674,-4.87%,2217
IMNN,2022-01-06,111.15,113.087,101.7391,103.2065,-7.5326,-6.80%,3957
IMNN,2022-01-07,103.2065,105.6522,100.8391,102.6978,-0.5087,-0.49%,1703
IMNN,2022-01-10,103.6957,107.55,101.1522,107.0217,4.3239,+4.21%,2259
IMNN,2022-01-11,101.7391,103.6957,94.8913,99.8413,-7.1804,-6.71%,8776
IMNN,2022-01-12,102.7174,102.7174,95.8696,97.8457,-1.9956,-2.00%,3680
IMNN,2022-01-13,98.8043,100.3696,88.0435,88.4348,-9.4109,-9.62%,8640
IMNN,2022-01-14,89.4522,92.25,88.0435,90.9,2.4652,+2.79%,2531
IMNN,2022-01-18,91.037,93.8739,84.5217,85.2261,-5.6739,-6.24%,2305
IMNN,2022-01-19,91.9565,92.1522,82.7609,84.6,-0.6261,-0.73%,2446
IMNN,2022-01-20,86.087,88.0435,82.4478,84.913,0.313,+0.37%,1988
IMNN,2022-01-21,81.8022,86.087,75.4044,76.363,-8.55,-10.07%,4334
IMNN,2022-01-24,76.4217,76.4217,68.4783,73.1544,-3.2086,-4.20%,5215
IMNN,2022-01-25,76.3239,82.1739,72.4109,80.237,7.0826,+9.68%,2927
IMNN,2022-01-26,83.113,91.9565,80.6478,82.6044,2.3674,+2.95%,4296
IMNN,2022-01-27,86.087,88.0435,80.2174,81.8022,-0.8022,-0.97%,2815
IMNN,2022-01-28,74.9348,87.0652,72.6065,78.6717,-3.1305,-3.83%,2307
IMNN,2022-01-31,78.2609,96.8283,77.8696,92.9152,14.2435,+18.10%,5212
IMNN,2022-02-01,96.4174,101.7391,90,91.2913,-1.6239,-1.75%,4534
IMNN,2022-02-02,90.0196,90.9587,82.6631,84.1304,-7.1609,-7.84%,1391
IMNN,2022-02-03,84.1304,89.1783,78.2609,78.8478,-5.2826,-6.28%,1988
IMNN,2022-02-04,78.2609,83.8761,78.2609,82.8587,4.0109,+5.09%,1873
IMNN,2022-02-07,88.0435,91.2913,81.7826,83.0935,0.2348,+0.28%,2263
IMNN,2022-02-08,86.087,86.087,78.2609,79.2391,-3.8544,-4.64%,1721
IMNN,2022-02-09,78.3391,86.087,78.2609,82.7804,3.5413,+4.47%,2887
IMNN,2022-02-10,84.1304,85.2065,81.313,83.5239,0.7435,+0.90%,1000
IMNN,2022-02-11,84.0717,84.1304,77.6348,79.2391,-4.2848,-5.13%,2267
IMNN,2022-02-14,80.2174,82.1544,76.0696,76.3043,-2.9348,-3.70%,1913
IMNN,2022-02-15,78.2609,81.7044,77.087,80.8826,4.5783,+6.00%,1095
IMNN,2022-02-16,80.8826,83.3478,78.2609,80.5304,-0.3522,-0.44%,1768
IMNN,2022-02-17,80.2174,83.25,76.3435,77.2826,-3.2478,-4.03%,1708
IMNN,2022-02-18,82.1739,82.1739,71.4131,73.1739,-4.1087,-5.32%,2235
IMNN,2022-02-22,73.7609,74.3478,69.7304,70.4739,-2.7,-3.69%,1434
IMNN,2022-02-23,76.3043,76.3043,68.4783,69.4957,-0.9782,-1.39%,2478
IMNN,2022-02-24,64.5652,73.3304,60.9652,71.1391,1.6434,+2.36%,2113
IMNN,2022-02-25,71.4131,73.8391,70.7674,73.3891,2.25,+3.16%,1238
IMNN,2022-02-28,65.9348,66.5217,62.6087,63.313,-10.0761,-13.73%,8981
IMNN,2022-03-01,60,63.6522,56.3478,59.7391,-3.5739,-5.64%,29470
IMNN,2022-03-02,59.087,63.2609,58.5652,61.9565,2.2174,+3.71%,10580
IMNN,2022-03-03,61.9565,62.4783,60,61.1739,-0.7826,-1.26%,6049
IMNN,2022-03-04,59.7391,60.913,57.6522,60,-1.1739,-1.92%,9575
IMNN,2022-03-07,61.0435,62.4783,57.913,60.913,0.913,+1.52%,8939
IMNN,2022-03-08,62.2174,64.9565,59.1561,63.6522,2.7392,+4.50%,4232
IMNN,2022-03-09,64.6957,69,63.2609,68.3478,4.6956,+7.38%,5052
IMNN,2022-03-10,67.1739,68.7391,66,68.2174,-0.1304,-0.19%,3089
IMNN,2022-03-11,67.9565,67.9565,66,66.913,-1.3044,-1.91%,3197
IMNN,2022-03-14,67.6957,67.8261,63.7826,64.4348,-2.4782,-3.70%,2737
IMNN,2022-03-15,64.4348,64.6957,62.2174,63.913,-0.5218,-0.81%,1633
IMNN,2022-03-16,64.4348,67.5652,63.5296,66.7826,2.8696,+4.49%,2737
IMNN,2022-03-17,65.8696,70.1739,64.6617,69.5217,2.7391,+4.10%,3066
IMNN,2022-03-18,69.3913,73.3043,68.8761,72,2.4783,+3.56%,6118
IMNN,2022-03-21,73.0435,73.4348,69.3926,69.8478,-2.1522,-2.99%,3641
IMNN,2022-03-22,71.3478,72.1304,67.4348,69.1304,-0.7174,-1.03%,3940
IMNN,2022-03-23,68.087,71.4783,67.5652,69.2609,0.1305,+0.19%,1832
IMNN,2022-03-24,70.4348,72.3913,70.2196,72,2.7391,+3.95%,3097
IMNN,2022-03-25,72.6522,72.6522,69.3913,71.6087,-0.3913,-0.54%,1242
IMNN,2022-03-28,71.087,71.1522,67.9565,68.0883,-3.5204,-4.92%,2645
IMNN,2022-03-29,69,70.4348,67.4348,67.8261,-0.2622,-0.39%,2116
IMNN,2022-03-30,67.6957,71.087,67.6957,69.1304,1.3043,+1.92%,2116
IMNN,2022-03-31,72,72,65.3478,66,-3.1304,-4.53%,2338
IMNN,2022-04-01,64.4348,64.8261,62.7104,62.8696,-3.1304,-4.74%,2652
IMNN,2022-04-04,62.7391,66.1304,62.7391,64.1739,1.3043,+2.07%,2353
IMNN,2022-04-05,63.3913,100.1739,63.3913,81.1304,16.9565,+26.42%,917692
IMNN,2022-04-06,64.6957,72.2609,61.4348,67.5652,-13.5652,-16.72%,151685
IMNN,2022-04-07,69.1304,69.6509,56.8696,57.587,-9.9782,-14.77%,46145
IMNN,2022-04-08,57.5217,58.6957,50.8696,51.1304,-6.4566,-11.21%,31272
IMNN,2022-04-11,49.9565,51.7826,44.7391,46.1739,-4.9565,-9.69%,28374
IMNN,2022-04-12,45.6522,47.7391,44.3478,45.3913,-0.7826,-1.69%,12274
IMNN,2022-04-13,46.5652,52.9565,46.5652,47.4783,2.087,+4.60%,77019
IMNN,2022-04-14,45.913,47.3478,42.5217,45.6522,-1.8261,-3.85%,32690
IMNN,2022-04-18,46.9565,47.087,43.3043,43.4348,-2.2174,-4.86%,13631
IMNN,2022-04-19,42.5217,44.5135,40.4348,43.8261,0.3913,+0.90%,9476
IMNN,2022-04-20,43.8261,45,42.27,44.2174,0.3913,+0.89%,8004
IMNN,2022-04-21,44.4783,47.4783,41.3478,42.2609,-1.9565,-4.42%,32890
IMNN,2022-04-22,42,43.1739,39.1304,40.5652,-1.6957,-4.01%,9361
IMNN,2022-04-25,39.7826,41.8696,39.66,40.6956,0.1304,+0.32%,5382
IMNN,2022-04-26,40.4348,41.3478,39.3913,39.3913,-1.3043,-3.21%,3511
IMNN,2022-04-27,39.3913,40.4348,38.7861,39.7826,0.3913,+0.99%,3580
IMNN,2022-04-28,40.3043,40.3043,36.6522,38.3478,-1.4348,-3.61%,6447
IMNN,2022-04-29,37.9565,39.5217,37.5652,37.8261,-0.5217,-1.36%,2959
IMNN,2022-05-02,37.9565,40.3043,36.6535,40.0435,2.2174,+5.86%,3013
IMNN,2022-05-03,39.6522,42,39.6522,41.087,1.0435,+2.61%,2468
IMNN,2022-05-04,40.6956,42.7826,39.2609,42.7826,1.6956,+4.13%,6003
IMNN,2022-05-05,41.8696,43.8183,41.2174,42.1304,-0.6522,-1.52%,2361
IMNN,2022-05-06,42.5217,42.5217,40.4348,40.9565,-1.1739,-2.79%,2890
IMNN,2022-05-09,41.087,41.2174,36.2609,37.4348,-3.5217,-8.60%,4132
IMNN,2022-05-10,37.6957,39,36.5217,37.9565,0.5217,+1.39%,1840
IMNN,2022-05-11,36.5217,37.6957,30.6522,31.0435,-6.913,-18.21%,7084
IMNN,2022-05-12,31.4348,34.0291,30.6535,31.6957,0.6522,+2.10%,4025
IMNN,2022-05-13,33.2609,34.5652,32.6739,33.2609,1.5652,+4.94%,2307
IMNN,2022-05-16,31.5652,34.5639,31.5652,33.3913,0.1304,+0.39%,2453
IMNN,2022-05-17,33.2609,34.9565,32.7391,33.913,0.5217,+1.56%,4715
IMNN,2022-05-18,33.913,33.9144,30,32.2174,-1.6956,-5.00%,3327
IMNN,2022-05-19,32.8696,33.1304,30.3913,30.5217,-1.6957,-5.26%,6555
IMNN,2022-05-20,30.3913,32.2174,30.2609,30.7826,0.2609,+0.85%,1717
IMNN,2022-05-23,30.7174,31.9513,30.2609,30.7826,0,0.00%,2123
IMNN,2022-05-24,30.6522,30.913,29.0883,30.6522,-0.1304,-0.42%,2062
IMNN,2022-05-25,29.6087,31.9565,29.4783,30.913,0.2608,+0.85%,3457
IMNN,2022-05-26,30.6522,31.4348,29.7391,30.7826,-0.1304,-0.42%,4968
IMNN,2022-05-27,30.1304,32.087,30.1304,31.5652,0.7826,+2.54%,3266
IMNN,2022-05-31,31.4348,32.3478,31.3043,31.8261,0.2609,+0.83%,2093
IMNN,2022-06-01,31.9565,32.6087,30.5217,31.1739,-0.6522,-2.05%,1786
IMNN,2022-06-02,30.5217,32.3478,30,31.8261,0.6522,+2.09%,3304
IMNN,2022-06-03,32.087,32.087,30,30.7826,-1.0435,-3.28%,6478
IMNN,2022-06-06,30.5217,30.5217,27.913,28.1739,-2.6087,-8.47%,4906
IMNN,2022-06-07,28.0435,29.2174,27.3926,28.5652,0.3913,+1.39%,4224
IMNN,2022-06-08,28.5652,30.1304,28.5652,30,1.4348,+5.02%,3296
IMNN,2022-06-09,30.1304,31.4348,29.5017,30.913,0.913,+3.04%,4983
IMNN,2022-06-10,30.913,30.913,28.1739,28.4348,-2.4782,-8.02%,4170
IMNN,2022-06-13,28.0435,28.0435,25.0435,25.1987,-3.2361,-11.38%,8786
IMNN,2022-06-14,24.5217,26.2174,24.3913,25.8261,0.6274,+2.49%,1679
IMNN,2022-06-15,25.6957,25.9565,24.2609,25.4348,-0.3913,-1.52%,1142
IMNN,2022-06-16,25.0435,25.1739,23.6465,23.8696,-1.5652,-6.15%,2077
IMNN,2022-06-17,23.7391,24.7461,23.4783,23.6087,-0.2609,-1.09%,6133
IMNN,2022-06-21,24.5217,26.087,24.2609,25.0435,1.4348,+6.08%,10733
IMNN,2022-06-22,25.0435,26.3478,23.7626,25.0435,0,0.00%,7383
IMNN,2022-06-23,25.9565,26.5683,25.1739,25.9565,0.913,+3.65%,3281
IMNN,2022-06-24,26.7391,27.1396,24.7826,24.7826,-1.1739,-4.52%,8142
IMNN,2022-06-27,24.913,25.5652,24.2609,25.0435,0.2609,+1.05%,4071
IMNN,2022-06-28,25.0435,25.8261,24,24.1304,-0.9131,-3.65%,3511
IMNN,2022-06-29,24,24.6522,23.9739,24.5217,0.3913,+1.62%,1472
IMNN,2022-06-30,24.1304,24.5217,23.61,24,-0.5217,-2.13%,1594
IMNN,2022-07-01,24,25.3043,24,25.1739,1.1739,+4.89%,3250
IMNN,2022-07-05,24.5217,27.2609,23.7404,26.7391,1.5652,+6.22%,7613
IMNN,2022-07-06,25.9565,28.5639,25.9565,27.6522,0.9131,+3.41%,6294
IMNN,2022-07-07,28.1739,29.3478,27.6522,28.8261,1.1739,+4.25%,4285
IMNN,2022-07-08,29.087,30,27.913,27.913,-0.9131,-3.17%,4730
IMNN,2022-07-11,27.5217,28.9565,26.8696,27.5217,-0.3913,-1.40%,3779
IMNN,2022-07-12,27.3913,28.1739,26.2174,27.7826,0.2609,+0.95%,7444
IMNN,2022-07-13,26.4783,28.0422,26.4783,27,-0.7826,-2.82%,5113
IMNN,2022-07-14,26.8696,27.2609,26.2174,26.4783,-0.5217,-1.93%,1334
IMNN,2022-07-15,26.4783,26.4783,25.4348,26.087,-0.3913,-1.48%,3948
IMNN,2022-07-18,25.9565,28.5652,25.3696,25.4348,-0.6522,-2.50%,5934
IMNN,2022-07-19,26.7391,27.7826,25.8457,27.2609,1.8261,+7.18%,4730
IMNN,2022-07-20,27.6522,29.8696,27.6522,28.5652,1.3043,+4.78%,8763
IMNN,2022-07-21,29.7391,29.8043,28.6957,28.9565,0.3913,+1.37%,1778
IMNN,2022-07-22,29.6087,29.7391,27.1304,27.1304,-1.8261,-6.31%,4477
IMNN,2022-07-25,27.1304,27.6522,26.7391,27,-0.1304,-0.48%,2921
IMNN,2022-07-26,27.3913,30.1304,26.9061,29.6087,2.6087,+9.66%,6532
IMNN,2022-07-27,29.3478,30,27.2609,28.3043,-1.3044,-4.41%,6716
IMNN,2022-07-28,28.5652,29.2122,27.3913,28.1739,-0.1304,-0.46%,5052
IMNN,2022-07-29,27.913,28.9565,27.913,28.4348,0.2609,+0.93%,1525
IMNN,2022-08-01,27.7826,28.6957,27.3913,28.0435,-0.3913,-1.38%,858
IMNN,2022-08-02,27.2609,29.4261,27.1304,28.4348,0.3913,+1.40%,4569
IMNN,2022-08-03,28.8613,30.6522,28.8613,29.3478,0.913,+3.21%,4630
IMNN,2022-08-04,29.6087,34.8261,29.4457,33.1304,3.7826,+12.89%,36623
IMNN,2022-08-05,32.3478,35.0857,30.913,33.1304,0,0.00%,15532
IMNN,2022-08-08,33.2609,34.5652,32.6087,33.5217,0.3913,+1.18%,8464
IMNN,2022-08-09,34.8261,34.8261,32.3478,32.6087,-0.913,-2.72%,4554
IMNN,2022-08-10,33.5217,33.6509,32.2174,32.5435,-0.0652,-0.20%,2660
IMNN,2022-08-11,34.3043,34.4348,32.61,34.3043,1.7608,+5.41%,8602
IMNN,2022-08-12,34.0435,34.4348,33.1304,33.6522,-0.6521,-1.90%,4607
IMNN,2022-08-15,34.1739,34.4178,32.8696,33.1304,-0.5218,-1.55%,3266
IMNN,2022-08-16,33.6522,33.913,31.5822,32.6087,-0.5217,-1.57%,5566
IMNN,2022-08-17,33.2609,33.2609,31.4348,32.087,-0.5217,-1.60%,4354
IMNN,2022-08-18,31.9565,32.2174,30.9496,31.5522,-0.5348,-1.67%,1863
IMNN,2022-08-19,31.3043,31.3265,29.6739,29.7391,-1.8131,-5.75%,4730
IMNN,2022-08-22,29.4783,30.7826,29.4783,30.2609,0.5218,+1.75%,5228
IMNN,2022-08-23,30.6522,31.1739,30,30.913,0.6521,+2.15%,2591
IMNN,2022-08-24,31.3043,31.9565,30.2609,31.5587,0.6457,+2.09%,4377
IMNN,2022-08-25,31.9565,31.9565,31.1739,31.6957,0.137,+0.43%,2246
IMNN,2022-08-26,32.4783,33.3913,29.4783,29.6074,-2.0883,-6.59%,5305
IMNN,2022-08-29,29.3478,30.2739,28.9565,29.3478,-0.2596,-0.88%,2054
IMNN,2022-08-30,29.8696,30.1291,28.6957,29.2174,-0.1304,-0.44%,2269
IMNN,2022-08-31,30.1304,30.3913,27.7826,27.7826,-1.4348,-4.91%,2668
IMNN,2022-09-01,27.2609,28.6957,25.8261,27.2543,-0.5283,-1.90%,7168
IMNN,2022-09-02,26.4783,27.2609,26.4783,26.6739,-0.5804,-2.13%,904
IMNN,2022-09-06,26.7391,26.7391,24.913,25.4361,-1.2378,-4.64%,2361
IMNN,2022-09-07,25.1739,28.3043,25.1739,27.3913,1.9552,+7.69%,7130
IMNN,2022-09-08,27.3913,28.0435,26.8696,27.9991,0.6078,+2.22%,1702
IMNN,2022-09-09,28.5652,28.6957,27.4565,28.6957,0.6966,+2.49%,2852
IMNN,2022-09-12,29.087,29.8604,28.6957,28.9565,0.2608,+0.91%,2514
IMNN,2022-09-13,29.2174,29.9817,27,27.3913,-1.5652,-5.41%,2806
IMNN,2022-09-14,27.3913,27.7826,26.3478,27,-0.3913,-1.43%,1587
IMNN,2022-09-15,26.7391,29.8696,26.3478,27.1304,0.1304,+0.48%,2545
IMNN,2022-09-16,26.4783,27.5217,26.3478,26.6087,-0.5217,-1.92%,1288
IMNN,2022-09-19,26.2174,26.3478,25.1739,25.5652,-1.0435,-3.92%,3511
IMNN,2022-09-20,25.5652,26.0857,25.1557,25.5652,0,0.00%,5205
IMNN,2022-09-21,25.5652,25.9565,22.8261,23.8696,-1.6956,-6.63%,4822
IMNN,2022-09-22,24.3913,24.3913,22.5652,22.8261,-1.0435,-4.37%,2683
IMNN,2022-09-23,22.3043,22.3043,20.2174,20.8696,-1.9565,-8.57%,3641
IMNN,2022-09-26,21.1304,21.6483,20.087,21,0.1304,+0.62%,2629
IMNN,2022-09-27,21.3913,21.8804,20.6087,21.6522,0.6522,+3.11%,1970
IMNN,2022-09-28,21.913,22.6957,20.6087,22.1739,0.5217,+2.41%,3158
IMNN,2022-09-29,23.2174,23.2174,21.3913,21.913,-0.2609,-1.18%,2438
IMNN,2022-09-30,21.7826,22.3043,21.7826,21.913,0,0.00%,1487
IMNN,2022-10-03,22.4348,22.4348,21.5217,21.913,0,0.00%,2951
IMNN,2022-10-04,21.6522,22.4348,20.8696,21.7174,-0.1956,-0.89%,1939
IMNN,2022-10-05,21.913,22.8261,21.7826,22.6957,0.9783,+4.50%,2683
IMNN,2022-10-06,21.1304,22.5652,20.3478,21.913,-0.7827,-3.45%,1150
IMNN,2022-10-07,20.6087,21.8817,20.3478,20.8578,-1.0552,-4.82%,851
IMNN,2022-10-10,20.3478,21.2609,20.2174,20.6087,-0.2491,-1.19%,1142
IMNN,2022-10-11,20.4783,21.0496,19.8274,20.087,-0.5217,-2.53%,2675
IMNN,2022-10-12,20.2174,20.3478,19.6957,19.6957,-0.3913,-1.95%,2675
IMNN,2022-10-13,20.2174,23.3478,18.077,19.5652,-0.1305,-0.66%,38877
IMNN,2022-10-14,19.5652,19.6957,18.6522,19.5652,0,0.00%,3695
IMNN,2022-10-17,19.3043,20.6087,19.1335,20.4783,0.9131,+4.67%,1740
IMNN,2022-10-18,21.1304,21.2609,20.3478,20.3478,-0.1305,-0.64%,4163
IMNN,2022-10-19,20.3478,20.6087,19.7217,19.9565,-0.3913,-1.92%,1426
IMNN,2022-10-20,19.4348,19.6957,19.0565,19.3043,-0.6522,-3.27%,720
IMNN,2022-10-21,19.5,19.9591,18.9783,19.8261,0.5218,+2.70%,1180
IMNN,2022-10-24,20.3478,20.3478,19.4348,19.8261,0,0.00%,805
IMNN,2022-10-25,19.3043,20.7391,19.1739,19.5652,-0.2609,-1.32%,6256
IMNN,2022-10-26,20.0217,20.4783,20.0217,20.3478,0.7826,+4.00%,789
IMNN,2022-10-27,20.4783,20.6087,18.913,19.4348,-0.913,-4.49%,2829
IMNN,2022-10-28,19.8261,19.8261,19.1752,19.4348,0,0.00%,1318
IMNN,2022-10-31,19.4348,19.8261,19.4348,19.6957,0.2609,+1.34%,1418
IMNN,2022-11-01,19.697,20.3922,19.1739,19.5652,-0.1305,-0.66%,2307
IMNN,2022-11-02,19.5652,20.3478,19.2065,19.4348,-0.1304,-0.67%,1280
IMNN,2022-11-03,19.1739,19.8261,19.1739,19.8261,0.3913,+2.01%,828
IMNN,2022-11-04,19.5652,20.2174,19.4348,20.2174,0.3913,+1.97%,1349
IMNN,2022-11-07,20.6087,21.2374,19.8261,20.6087,0.3913,+1.94%,19948
IMNN,2022-11-08,21,21,19.9565,19.9565,-0.6522,-3.16%,874
IMNN,2022-11-09,19.8261,20.087,18.913,19.1635,-0.793,-3.97%,4676
IMNN,2022-11-10,20.4783,20.4783,19.3683,19.9552,0.7917,+4.13%,2123
IMNN,2022-11-11,19.6957,20.2174,19.5652,19.9565,0.0013,+0.01%,1050
IMNN,2022-11-14,19.9565,19.9565,18.7226,19.1387,-0.8178,-4.10%,2231
IMNN,2022-11-15,20.087,20.087,18.6522,19.3043,0.1656,+0.87%,1073
IMNN,2022-11-16,18.913,19.6774,18.7826,19.5652,0.2609,+1.35%,2108
IMNN,2022-11-17,18.913,19.4348,18.6522,19.3043,-0.2609,-1.33%,1150
IMNN,2022-11-18,19.5652,19.5652,18.6522,19.0148,-0.2895,-1.50%,1288
IMNN,2022-11-21,18.9991,18.9991,18.5217,18.6522,-0.3626,-1.91%,2438
IMNN,2022-11-22,18.5217,19.0435,18.2609,18.913,0.2608,+1.40%,2254
IMNN,2022-11-23,18.913,19.0435,18.7826,18.7826,-0.1304,-0.69%,1188
IMNN,2022-11-25,18.6522,19.1739,18.4435,18.9143,0.1317,+0.70%,682
IMNN,2022-11-28,18.5687,19.0004,18.3913,18.6913,-0.223,-1.18%,705
IMNN,2022-11-29,18.6522,18.7826,18.2609,18.3913,-0.3,-1.61%,1932
IMNN,2022-11-30,18.2609,19.4348,17.6087,18.5217,0.1304,+0.71%,11262
IMNN,2022-12-01,18,19.0265,18,18.2609,-0.2608,-1.41%,1702
IMNN,2022-12-02,18,19.4348,18,19.1739,0.913,+5.00%,3434
IMNN,2022-12-05,19.9565,19.9565,18.7774,19.3043,0.1304,+0.68%,3143
IMNN,2022-12-06,19.3043,19.3043,18.7826,19.1739,-0.1304,-0.68%,751
IMNN,2022-12-07,18.913,19.1087,18.3913,18.5217,-0.6522,-3.40%,1065
IMNN,2022-12-08,18.2609,18.9678,18,18,-0.5217,-2.82%,1564
IMNN,2022-12-09,18.3913,18.913,18.3913,18.3913,0.3913,+2.17%,1173
IMNN,2022-12-12,18.5217,18.6522,18.2609,18.3913,0,0.00%,421
IMNN,2022-12-13,18.3913,18.5217,18.1304,18.2609,-0.1304,-0.71%,1127
IMNN,2022-12-14,18.1304,19.0435,17.7391,17.7391,-0.5218,-2.86%,5888
IMNN,2022-12-15,17.6087,18.2609,17.6087,18,0.2609,+1.47%,2392
IMNN,2022-12-16,17.087,18.1957,16.9565,18,0,0.00%,3680
IMNN,2022-12-19,17.7391,17.8696,16.6957,16.9565,-1.0435,-5.80%,2162
IMNN,2022-12-20,16.6957,17.3478,16.5652,16.9565,0,0.00%,1970
IMNN,2022-12-21,17.3478,19.3043,17.0152,18.913,1.9565,+11.54%,4393
IMNN,2022-12-22,20.087,20.087,18,18,-0.913,-4.83%,4377
IMNN,2022-12-23,17.7391,18.2609,17.2174,17.3022,-0.6978,-3.88%,3243
IMNN,2022-12-27,17.3478,18.1304,17.087,17.087,-0.2152,-1.24%,1226
IMNN,2022-12-28,16.4348,17.6087,16.4348,17.087,0,0.00%,4094
IMNN,2022-12-29,16.6957,18,16.6957,17.9348,0.8478,+4.96%,4216
IMNN,2022-12-30,16.8261,18,16.8261,17.6087,-0.3261,-1.82%,3381
IMNN,2023-01-03,17.3478,19.9552,17.3478,19.5574,1.9487,+11.07%,6923
IMNN,2023-01-04,19.5652,22.4348,19.5652,21.7174,2.16,+11.04%,7935
IMNN,2023-01-05,22.0435,22.0435,18.913,21,-0.7174,-3.30%,5267
IMNN,2023-01-06,21.3913,21.7826,20.6087,20.8696,-0.1304,-0.62%,7306
IMNN,2023-01-09,20.8696,21.39,20.2174,20.8135,-0.0561,-0.27%,1380
IMNN,2023-01-10,20.3478,21.2609,20.3478,20.6635,-0.15,-0.72%,5964
IMNN,2023-01-11,21,21.1304,19.6957,20.2174,-0.4461,-2.16%,5895
IMNN,2023-01-12,19.9565,21,19.9565,20.4783,0.2609,+1.29%,9069
IMNN,2023-01-13,19.9565,21.4904,19.9565,20.8696,0.3913,+1.91%,8402
IMNN,2023-01-17,21.2609,21.7813,20.8057,21.2609,0.3913,+1.87%,7567
IMNN,2023-01-18,21.913,21.913,19.5652,20.2174,-1.0435,-4.91%,6417
IMNN,2023-01-19,20.4783,20.4783,19.3043,19.6161,-0.6013,-2.97%,1502
IMNN,2023-01-20,19.9565,20.2174,19.3461,19.6957,0.0796,+0.41%,1334
IMNN,2023-01-23,20.087,20.4783,19.6643,19.8261,0.1304,+0.66%,3373
IMNN,2023-01-24,19.6957,20.2174,18.913,19.9565,0.1304,+0.66%,3703
IMNN,2023-01-25,19.9565,20.2174,19.6957,19.9565,0,0.00%,3603
IMNN,2023-01-26,19.8261,20.9987,19.5,19.5652,-0.3913,-1.96%,2008
IMNN,2023-01-27,19.4348,20.8696,19.4348,20.3478,0.7826,+4.00%,8142
IMNN,2023-01-30,21.2609,21.2609,19.6957,19.8261,-0.5217,-2.56%,8563
IMNN,2023-01-31,19.8261,21,19.8261,20.6087,0.7826,+3.95%,9284
IMNN,2023-02-01,20.8696,21.5217,20.3478,20.8696,0.2609,+1.27%,4002
IMNN,2023-02-02,20.7391,21.5217,20.6087,20.8696,0,0.00%,7176
IMNN,2023-02-03,21.3913,21.5204,20.7391,20.8696,0,0.00%,4669
IMNN,2023-02-06,20.8696,21.5217,20.8696,21.2609,0.3913,+1.87%,2752
IMNN,2023-02-07,21,22.303,20.4796,20.7391,-0.5218,-2.45%,26020
IMNN,2023-02-08,20.6087,21.5217,20.6087,20.8696,0.1305,+0.63%,8571
IMNN,2023-02-09,20.8696,21.5178,20.4783,20.4783,-0.3913,-1.87%,2376
IMNN,2023-02-10,20.4783,20.4861,19.3043,19.787,-0.6913,-3.38%,5113
IMNN,2023-02-13,19.5652,20.477,19.3043,19.9565,0.1695,+0.86%,4224
IMNN,2023-02-14,19.5652,20.087,19.4348,19.5652,-0.3913,-1.96%,5543
IMNN,2023-02-15,20.4783,20.4783,19.5652,19.8261,0.2609,+1.33%,1395
IMNN,2023-02-16,19.9565,20.477,19.5652,19.5652,-0.2609,-1.32%,2108
IMNN,2023-02-17,19.5652,20.7378,19.5652,19.5652,0,0.00%,958
IMNN,2023-02-21,19.5652,19.8039,18.3913,18.6522,-0.913,-4.67%,4285
IMNN,2023-02-22,19.5652,19.5652,18.3913,18.913,0.2608,+1.40%,1617
IMNN,2023-02-23,18.913,19.8261,18.6522,18.913,0,0.00%,935
IMNN,2023-02-24,18.6522,18.913,18.5217,18.6522,-0.2608,-1.38%,6210
IMNN,2023-02-27,18.6522,19.9552,18.1304,18.5217,-0.1305,-0.70%,2514
IMNN,2023-02-28,18.2609,19.1739,17.8696,18.5217,0,0.00%,2698
IMNN,2023-03-01,18,18.913,17.6087,18.1304,-0.3913,-2.11%,6317
IMNN,2023-03-02,19.5652,21.2452,18.913,19.5652,1.4348,+7.91%,63924
IMNN,2023-03-03,20.087,20.2226,18.913,19.3043,-0.2609,-1.33%,10549
IMNN,2023-03-06,20.087,20.087,18.5204,18.7826,-0.5217,-2.70%,7360
IMNN,2023-03-07,19.0435,19.5652,18.2609,18.2609,-0.5217,-2.78%,5918
IMNN,2023-03-08,18.7826,18.9743,18.1304,18.2609,0,0.00%,5159
IMNN,2023-03-09,19.0435,19.1739,17.7391,17.8696,-0.3913,-2.14%,3273
IMNN,2023-03-10,18.1304,18.7826,17.3478,17.8696,0,0.00%,5428
IMNN,2023-03-13,17.7391,18.3339,17.3478,17.8696,0,0.00%,3181
IMNN,2023-03-14,18.0874,18.6509,18,18,0.1304,+0.73%,1487
IMNN,2023-03-15,17.7391,18.2596,17.6087,17.8696,-0.1304,-0.72%,1142
IMNN,2023-03-16,18,18.913,17.6087,18.2609,0.3913,+2.19%,8065
IMNN,2023-03-17,17.8696,17.8696,16.8261,17.2174,-1.0435,-5.71%,2323
IMNN,2023-03-20,17.087,18.2609,16.9565,17.2174,0,0.00%,5811
IMNN,2023-03-21,18,18.5217,17.2174,17.3478,0.1304,+0.76%,5596
IMNN,2023-03-22,17.3478,17.8487,17.3478,17.3478,0,0.00%,1211
IMNN,2023-03-23,17.3491,17.9791,17.087,17.3478,0,0.00%,1870
IMNN,2023-03-24,16.9565,17.8696,16.8261,17.2174,-0.1304,-0.75%,1985
IMNN,2023-03-27,17.6087,18,16.9565,17.6087,0.3913,+2.27%,5251
IMNN,2023-03-28,18,18,17.2174,17.3478,-0.2609,-1.48%,467
IMNN,2023-03-29,17.087,18,16.9565,16.9565,-0.3913,-2.26%,3273
IMNN,2023-03-30,16.9565,17.8683,16.3278,16.5652,-0.3913,-2.31%,5389
IMNN,2023-03-31,16.9565,17.0857,16.0435,16.1739,-0.3913,-2.36%,4232
IMNN,2023-04-03,16.3043,16.5652,15.7826,16.1739,0,0.00%,2024
IMNN,2023-04-04,15.913,16.5639,15.6522,15.913,-0.2609,-1.61%,4117
IMNN,2023-04-05,15.6522,15.913,14.3478,15.1304,-0.7826,-4.92%,4531
IMNN,2023-04-06,15.1304,15.3913,14.4783,14.8696,-0.2608,-1.72%,1993
IMNN,2023-04-10,14.6087,15.3913,14.087,14.2174,-0.6522,-4.39%,4477
IMNN,2023-04-11,14.8696,15,13.8261,14.2174,0,0.00%,2384
IMNN,2023-04-12,14.2174,15.3913,13.9565,14.087,-0.1304,-0.92%,5443
IMNN,2023-04-13,13.8261,15.2609,13.8261,14.7391,0.6521,+4.63%,6601
IMNN,2023-04-14,14.4783,14.9348,14.4783,14.6087,-0.1304,-0.88%,1502
IMNN,2023-04-17,14.6087,15.3913,14.6087,15.1304,0.5217,+3.57%,2031
IMNN,2023-04-18,15.6522,15.7826,15.2609,15.2609,0.1305,+0.86%,3864
IMNN,2023-04-19,16.1739,17.7391,14.8696,17.7065,2.4456,+16.03%,5190
IMNN,2023-04-20,18,18.39,16.0435,16.4348,-1.2717,-7.18%,2453
IMNN,2023-04-21,16.6957,16.9565,15.913,16.3043,-0.1305,-0.79%,1173
IMNN,2023-04-24,16.9565,16.9565,15.3913,15.3913,-0.913,-5.60%,1364
IMNN,2023-04-25,15.1304,15.5217,14.6087,15,-0.3913,-2.54%,1280
IMNN,2023-04-26,14.9922,16.1726,14.7391,14.9348,-0.0652,-0.43%,1249
IMNN,2023-04-27,15.1304,15.2609,14.6087,15,0.0652,+0.44%,276
IMNN,2023-04-28,15.2609,17.8696,15.0822,17.1404,2.1404,+14.27%,5742
IMNN,2023-05-01,17.087,17.3478,16.5652,16.9565,-0.1839,-1.07%,805
IMNN,2023-05-02,17.2174,17.2174,16.3043,16.3109,-0.6456,-3.81%,1142
IMNN,2023-05-03,16.3043,17.4783,16.3043,16.4348,0.1239,+0.76%,720
IMNN,2023-05-04,16.6957,16.9174,16.4348,16.8261,0.3913,+2.38%,506
IMNN,2023-05-05,16.6957,18.1304,16.6957,18,1.1739,+6.98%,4101
IMNN,2023-05-08,18.6522,18.6522,17.3478,18.1304,0.1304,+0.72%,1012
IMNN,2023-05-09,18.3913,19.4348,18.2609,19.0435,0.9131,+5.04%,2959
IMNN,2023-05-10,19.4348,19.5652,17.2826,17.6087,-1.4348,-7.53%,3503
IMNN,2023-05-11,17.6087,18,16.6957,16.6957,-0.913,-5.18%,2185
IMNN,2023-05-12,17.087,18.1304,17.087,17.087,0.3913,+2.34%,1525
IMNN,2023-05-15,18.1304,18.3913,17.2174,17.5526,0.4656,+2.72%,1717
IMNN,2023-05-16,17.3478,17.9387,16.3043,16.4348,-1.1178,-6.37%,2123
IMNN,2023-05-17,16.4348,17.8696,16.3383,17.2174,0.7826,+4.76%,3963
IMNN,2023-05-18,17.087,18.1304,17.0465,17.8696,0.6522,+3.79%,3894
IMNN,2023-05-19,17.7391,18.2609,17.6087,17.6087,-0.2609,-1.46%,2200
IMNN,2023-05-22,17.3478,19.4348,17.3478,18.2609,0.6522,+3.70%,1341
IMNN,2023-05-23,18.3913,18.3913,17.4783,17.6087,-0.6522,-3.57%,1180
IMNN,2023-05-24,17.6087,17.8422,16.6957,16.8913,-0.7174,-4.07%,3074
IMNN,2023-05-25,16.8261,16.8378,15.3913,15.3913,-1.5,-8.88%,3266
IMNN,2023-05-26,15.6522,16.6957,15.6522,16.1739,0.7826,+5.08%,1932
IMNN,2023-05-30,17.7391,17.7391,16.3057,16.5626,0.3887,+2.40%,1249
IMNN,2023-05-31,16.813,16.8378,15.3913,15.3913,-1.1713,-7.07%,3764
IMNN,2023-06-01,15.913,16.5639,15.2609,15.2609,-0.1304,-0.85%,4071
IMNN,2023-06-02,15.7826,16.3043,15.523,16.3043,1.0434,+6.84%,828
IMNN,2023-06-05,16.3043,16.7583,16.0435,16.6957,0.3914,+2.40%,966
IMNN,2023-06-06,16.4348,16.9565,15.5217,16.1739,-0.5218,-3.13%,1955
IMNN,2023-06-07,16.1739,16.8261,16.1739,16.5652,0.3913,+2.42%,621
IMNN,2023-06-08,16.5652,17.3478,16.3043,16.9578,0.3926,+2.37%,2139
IMNN,2023-06-09,16.3043,20.2174,16.3043,18.2609,1.3031,+7.68%,13485
IMNN,2023-06-12,19.0435,20.2174,18.3913,19.3043,1.0434,+5.71%,6187
IMNN,2023-06-13,18.913,19.5652,18.3913,18.913,-0.3913,-2.03%,6072
IMNN,2023-06-14,18.3913,19.1739,17.087,17.087,-1.826,-9.65%,3304
IMNN,2023-06-15,18.1304,18.7826,16.9565,16.9565,-0.1305,-0.76%,2392
IMNN,2023-06-16,17.4783,18.6522,16.5652,16.5652,-0.3913,-2.31%,2744
IMNN,2023-06-20,16.6957,18.2609,16.6957,17.087,0.5218,+3.15%,2468
IMNN,2023-06-21,16.5652,17.5826,16.5652,16.8261,-0.2609,-1.53%,1280
IMNN,2023-06-22,16.9565,17.6087,16.9565,17.2174,0.3913,+2.33%,1004
IMNN,2023-06-23,16.6957,17.2174,16.5652,16.5652,-0.6522,-3.79%,2192
IMNN,2023-06-26,17.087,17.6087,16.3043,16.6957,0.1305,+0.79%,2261
IMNN,2023-06-27,17.2174,17.6087,16.4048,16.8261,0.1304,+0.78%,1058
IMNN,2023-06-28,16.4348,17.3478,16.4348,16.4348,-0.3913,-2.33%,1134
IMNN,2023-06-29,16.6957,16.9565,16.3043,16.5652,0.1304,+0.79%,2246
IMNN,2023-06-30,16.3043,16.9565,16.3043,16.8261,0.2609,+1.57%,1119
IMNN,2023-07-03,16.7165,17.8043,16.7165,17.6087,0.7826,+4.65%,1571
IMNN,2023-07-05,18,18,16.9565,17.2174,-0.3913,-2.22%,820
IMNN,2023-07-06,16.8261,16.9813,16.5652,16.8261,-0.3913,-2.27%,835
IMNN,2023-07-07,17.3478,17.6087,16.7609,16.9565,0.1304,+0.77%,1234
IMNN,2023-07-10,16.8261,17.6087,16.6957,16.6957,-0.2608,-1.54%,2261
IMNN,2023-07-11,16.8261,17.3478,16.697,16.8261,0.1304,+0.78%,2162
IMNN,2023-07-12,17.0165,17.2174,16.4152,16.4348,-0.3913,-2.33%,5566
IMNN,2023-07-13,16.4348,16.9565,16.3043,16.4348,0,0.00%,2093
IMNN,2023-07-14,16.6957,16.6957,16.3043,16.5652,0.1304,+0.79%,973
IMNN,2023-07-17,16.5652,16.6957,16.0448,16.5652,0,0.00%,2284
IMNN,2023-07-18,16.0435,16.3696,16.0435,16.3696,-0.1956,-1.18%,1610
IMNN,2023-07-19,16.1739,16.8261,16.1739,16.5652,0.1956,+1.19%,1525
IMNN,2023-07-20,16.1739,16.6957,16.1739,16.6957,0.1305,+0.79%,1203
IMNN,2023-07-21,16.4348,16.8261,16.0435,16.0435,-0.6522,-3.91%,1341
IMNN,2023-07-24,16.0435,16.9565,16.0435,16.8261,0.7826,+4.88%,3672
IMNN,2023-07-25,16.5652,16.6109,16.3043,16.5652,-0.2609,-1.55%,897
IMNN,2023-07-26,16.6957,16.6957,16.5652,16.6957,0.1305,+0.79%,605
IMNN,2023-07-27,16.4348,16.9565,16.4348,16.5652,-0.1305,-0.78%,1349
IMNN,2023-07-28,16.5652,16.7609,16.5652,16.6957,0.1305,+0.79%,1755
IMNN,2023-07-31,16.5652,16.6957,16.4348,16.4348,-0.2609,-1.56%,1226
IMNN,2023-08-01,16.5652,16.8261,16.4348,16.5652,0.1304,+0.79%,1234
IMNN,2023-08-02,16.5509,16.5665,16.4348,16.5652,0,0.00%,1341
IMNN,2023-08-03,16.4348,16.8261,16.4348,16.4348,-0.1304,-0.79%,812
IMNN,2023-08-04,16.4348,16.8261,16.0435,16.0435,-0.3913,-2.38%,1878
IMNN,2023-08-07,16.5652,16.9552,16.1739,16.1739,0.1304,+0.81%,2721
IMNN,2023-08-08,16.6957,16.6957,16.1739,16.4348,0.2609,+1.61%,1518
IMNN,2023-08-09,16.5652,16.6957,16.3043,16.3043,-0.1305,-0.79%,2353
IMNN,2023-08-10,16.1739,16.5,15.6522,15.7826,-0.5217,-3.20%,1855
IMNN,2023-08-11,15.6522,16.1739,15.1304,15.1304,-0.6522,-4.13%,3066
IMNN,2023-08-14,15.6522,15.913,15.0013,15.3913,0.2609,+1.72%,2123
IMNN,2023-08-15,15.7826,16.0435,15.3913,15.3913,0,0.00%,2415
IMNN,2023-08-16,15.913,15.913,15.3913,15.3913,0,0.00%,1456
IMNN,2023-08-17,15.3913,15.4565,14.6087,14.8696,-0.5217,-3.39%,3243
IMNN,2023-08-18,15.2609,15.2609,14.5226,14.8696,0,0.00%,736
IMNN,2023-08-21,14.6087,15.1304,14.6087,14.6087,-0.2609,-1.75%,1012
IMNN,2023-08-22,14.3478,14.7378,14.087,14.6087,0,0.00%,958
IMNN,2023-08-23,14.8696,15,14.087,14.6087,0,0.00%,1464
IMNN,2023-08-24,14.6087,14.7404,14.087,14.4783,-0.1304,-0.89%,460
IMNN,2023-08-25,14.4783,16.1739,14.2826,15.7826,1.3043,+9.01%,8418
IMNN,2023-08-28,16.3043,16.6957,15.913,16.1739,0.3913,+2.48%,3273
IMNN,2023-08-29,15.6535,16.6957,15.6535,16.5157,0.3418,+2.11%,1717
IMNN,2023-08-30,16.0435,16.6957,15.917,16.5443,0.0286,+0.17%,682
IMNN,2023-08-31,16.1739,16.8261,16.1739,16.3043,-0.24,-1.45%,935
IMNN,2023-09-01,16.0435,16.6957,15.913,15.913,-0.3913,-2.40%,1311
IMNN,2023-09-05,15.7826,16.3043,15.3913,15.6522,-0.2608,-1.64%,1211
IMNN,2023-09-06,15.6522,16.3043,15.6522,15.913,0.2608,+1.67%,544
IMNN,2023-09-07,16.3043,16.3043,14.8696,15,-0.913,-5.74%,1671
IMNN,2023-09-08,15.4839,15.4839,14.6087,14.6087,-0.3913,-2.61%,766
IMNN,2023-09-11,14.6087,15.3913,14.4783,14.6087,0,0.00%,1226
IMNN,2023-09-12,15,15.2609,14.8696,14.8696,0.2609,+1.79%,406
IMNN,2023-09-13,14.7391,15.3887,14.6087,14.7391,-0.1305,-0.88%,2583
IMNN,2023-09-14,14.7391,15.2609,14.7391,14.8696,0.1305,+0.89%,1349
IMNN,2023-09-15,14.6087,15.3913,14.6087,15.3913,0.5217,+3.51%,5067
IMNN,2023-09-18,15.5217,15.5217,14.7391,15.2609,-0.1304,-0.85%,352
IMNN,2023-09-19,14.8696,15.3913,14.3478,14.6087,-0.6522,-4.27%,950
IMNN,2023-09-20,14.4783,14.9348,13.9565,14.2174,-0.3913,-2.68%,1648
IMNN,2023-09-21,14.3478,14.3765,13.5652,13.9565,-0.2609,-1.84%,1771
IMNN,2023-09-22,13.6957,14.2161,13.6957,13.6957,-0.2608,-1.87%,628
IMNN,2023-09-25,13.5652,14.087,13.4348,13.4348,-0.2609,-1.90%,736
IMNN,2023-09-26,13.453,13.9565,13.3043,13.5417,0.1069,+0.80%,912
IMNN,2023-09-27,13.6943,13.6943,13.3043,13.3043,-0.2374,-1.75%,736
IMNN,2023-09-28,12.913,13.0435,11.8696,12.3913,-0.913,-6.86%,13892
IMNN,2023-09-29,12.3913,13.0435,12.3913,12.8139,0.4226,+3.41%,736
IMNN,2023-10-02,12.5217,13.6957,12.4957,13.5652,0.7513,+5.86%,2208
IMNN,2023-10-03,13.6957,13.8261,13.1752,13.4348,-0.1304,-0.96%,966
IMNN,2023-10-04,13.1739,13.3043,12.8491,13.0435,-0.3913,-2.91%,774
IMNN,2023-10-05,13.0435,13.8261,13.0435,13.5652,0.5217,+4.00%,889
IMNN,2023-10-06,13.5652,13.5652,13.1739,13.3043,-0.2609,-1.92%,291
IMNN,2023-10-09,12.8478,13.3043,12.8478,13.1739,-0.1304,-0.98%,260
IMNN,2023-10-10,12.913,13.3043,12.6522,13.1739,0,0.00%,835
IMNN,2023-10-11,12.913,13.4335,12.4017,12.7826,-0.3913,-2.97%,552
IMNN,2023-10-12,14.4783,14.4783,12.7174,13.4348,0.6522,+5.10%,1502
IMNN,2023-10-13,13.3043,13.3043,12.7826,12.7826,-0.6522,-4.85%,966
IMNN,2023-10-16,12.6522,13.6957,12.6522,12.7826,0,0.00%,1502
IMNN,2023-10-17,12.3913,13.5652,12.3913,13.0396,0.257,+2.01%,1349
IMNN,2023-10-18,12.9117,13.2391,12.8022,13.1739,0.1343,+1.03%,682
IMNN,2023-10-19,13.1739,13.1739,12.793,12.9209,-0.253,-1.92%,1265
IMNN,2023-10-20,12.7826,13.0435,12.1304,12.1304,-0.7905,-6.12%,1909
IMNN,2023-10-23,12.913,13.5652,12.3913,13.0435,0.9131,+7.53%,4630
IMNN,2023-10-24,12.913,13.4335,12.913,13.0435,0,0.00%,1694
IMNN,2023-10-25,13.0435,13.0435,12.8909,12.9483,-0.0952,-0.73%,927
IMNN,2023-10-26,12.8909,13.1739,12.7826,13.1739,0.2256,+1.74%,5060
IMNN,2023-10-27,12.913,13.0435,12.2609,12.913,-0.2609,-1.98%,851
IMNN,2023-10-30,13.0422,13.1739,12.463,13.0435,0.1305,+1.01%,728
IMNN,2023-10-31,12.6522,13.3043,12.2609,12.913,-0.1305,-1.00%,927
IMNN,2023-11-01,12.7004,12.7004,12.2961,12.7004,-0.2126,-1.65%,214
IMNN,2023-11-02,12.2609,13.0122,12,13.0122,0.3118,+2.46%,1502
IMNN,2023-11-03,12.3913,13.8261,12.3913,13.4348,0.4226,+3.25%,2775
IMNN,2023-11-06,13.3043,15.2609,13.0435,14.2174,0.7826,+5.83%,3726
IMNN,2023-11-07,14.087,14.8696,13.8274,14.3478,0.1304,+0.92%,904
IMNN,2023-11-08,14.4783,15,11.7391,13.0435,-1.3043,-9.09%,2729
IMNN,2023-11-09,13.8261,14.2239,12.7826,12.7826,-0.2609,-2.00%,797
IMNN,2023-11-10,13.1739,13.3043,12,12.3913,-0.3913,-3.06%,1487
IMNN,2023-11-13,12.1304,13.0422,12.1304,12.8504,0.4591,+3.71%,1993
IMNN,2023-11-14,12.4357,12.7826,11.7704,12.3913,-0.4591,-3.57%,3519
IMNN,2023-11-15,12.6522,12.913,12.643,12.6443,0.253,+2.04%,644
IMNN,2023-11-16,12.6443,12.6443,12.0417,12.2126,-0.4317,-3.41%,743
IMNN,2023-11-17,12,12.5296,11.7391,12.4565,0.2439,+2.00%,1502
IMNN,2023-11-20,12.3913,12.4565,12.0183,12.1343,-0.3222,-2.59%,1035
IMNN,2023-11-21,12,12.2596,11.6087,11.6883,-0.446,-3.68%,2077
IMNN,2023-11-22,11.7391,12,11.61,11.61,-0.0783,-0.67%,536
IMNN,2023-11-24,11.6087,12.3913,11.3478,11.4783,-0.1317,-1.13%,2039
IMNN,2023-11-27,11.0191,12.9117,11.0191,12.2739,0.7956,+6.93%,2974
IMNN,2023-11-28,12.5217,12.6522,12.2609,12.2609,-0.013,-0.11%,1104
IMNN,2023-11-29,12,12.45,11.8696,11.8696,-0.3913,-3.19%,2591
IMNN,2023-11-30,12.0326,12.1943,11.7391,11.7391,-0.1305,-1.10%,3020
IMNN,2023-12-01,11.4783,12.913,11.4783,12.3287,0.5896,+5.02%,2001
IMNN,2023-12-04,12.1304,12.3287,11.6087,11.6087,-0.72,-5.84%,2093
IMNN,2023-12-05,11.6087,12.1304,11.2487,11.6087,0,0.00%,1433
IMNN,2023-12-06,11.7391,11.8696,11.2891,11.3478,-0.2609,-2.25%,2384
IMNN,2023-12-07,11.113,11.5161,11.113,11.4783,0.1305,+1.15%,1456
IMNN,2023-12-08,11.2187,11.6087,10.9565,10.9696,-0.5087,-4.43%,3013
IMNN,2023-12-11,10.9565,11.7391,10.9565,11.3478,0.3782,+3.45%,1104
IMNN,2023-12-12,11.1326,11.4783,11.087,11.087,-0.2608,-2.30%,1257
IMNN,2023-12-13,11.087,11.6087,10.9565,11.3478,0.2608,+2.35%,1372
IMNN,2023-12-14,11.6087,11.9935,11.087,11.7978,0.45,+3.97%,1548
IMNN,2023-12-15,11.6087,12.3522,11.087,12.0652,0.2674,+2.27%,2790
IMNN,2023-12-18,11.6087,12.1304,11.6087,12,-0.0652,-0.54%,3733
IMNN,2023-12-19,12.1852,12.1852,11.1587,11.957,-0.043,-0.36%,2200
IMNN,2023-12-20,11.4783,11.5435,10.3043,10.4348,-1.5222,-12.73%,7536
IMNN,2023-12-21,10.6957,10.8183,9.1304,9.917,-0.5178,-4.96%,8211
IMNN,2023-12-22,10.2665,10.2665,9.377,9.7043,-0.2127,-2.14%,5918
IMNN,2023-12-26,9.2609,10.0174,9.2609,9.4304,-0.2739,-2.82%,8985
IMNN,2023-12-27,9.3913,10.1739,9.1343,9.5413,0.1109,+1.18%,22616
IMNN,2023-12-28,9.4591,9.7943,8.5696,8.5696,-0.9717,-10.18%,17487
IMNN,2023-12-29,8.28,9.39,8.28,8.8696,0.3,+3.50%,15318
IMNN,2024-01-02,9.1826,9.5739,8.8696,8.8709,0.0013,+0.01%,4339
IMNN,2024-01-03,8.49,9.3822,8.49,9.0261,0.1552,+1.75%,2231
IMNN,2024-01-04,9.0261,9.1304,8.8043,9.1291,0.103,+1.14%,2913
IMNN,2024-01-05,9.0261,9.3652,8.8043,9.0626,-0.0665,-0.73%,874
IMNN,2024-01-08,8.8043,8.9739,8.6087,8.6739,-0.3887,-4.29%,4216
IMNN,2024-01-09,8.7652,9.2074,8.6739,8.7391,0.0652,+0.75%,2093
IMNN,2024-01-10,8.7391,9.2074,8.6087,8.6739,-0.0652,-0.75%,536
IMNN,2024-01-11,8.7391,8.9204,8.6804,8.687,0.0131,+0.15%,582
IMNN,2024-01-12,8.6739,9.0978,8.6739,8.687,0,0.00%,927
IMNN,2024-01-16,8.687,9.0561,8.6087,8.6087,-0.0783,-0.90%,6877
IMNN,2024-01-17,8.987,8.987,8.3635,8.3739,-0.2348,-2.73%,5888
IMNN,2024-01-18,8.087,8.3478,7.5652,7.697,-0.6769,-8.08%,4354
IMNN,2024-01-19,7.5652,7.9565,7.4348,7.4348,-0.2622,-3.41%,5566
IMNN,2024-01-22,7.2796,7.5039,6.6665,6.913,-0.5218,-7.02%,6946
IMNN,2024-01-23,6.913,7.6957,6.7174,7.6957,0.7827,+11.32%,2123
IMNN,2024-01-24,7.3083,7.6957,6.8491,7.0735,-0.6222,-8.09%,7160
IMNN,2024-01-25,6.913,7.6957,6.913,7.3043,0.2308,+3.26%,782
IMNN,2024-01-26,7.3187,7.6957,6.9522,7.3135,0.0092,+0.13%,1855
IMNN,2024-01-29,7.5652,7.6657,7.11,7.4348,0.1213,+1.66%,4193
IMNN,2024-01-30,7.5587,7.5652,6.7174,6.7539,-0.6809,-9.16%,16598
IMNN,2024-01-31,6.7174,7.5652,6.5348,6.7304,-0.0235,-0.35%,9897
IMNN,2024-02-01,6.7826,7.5652,6.7826,7.3043,0.5739,+8.53%,5182
IMNN,2024-02-02,7.4048,7.5391,6.6965,7.1739,-0.1304,-1.79%,1487
IMNN,2024-02-05,7.4387,7.4387,6.7826,6.7891,-0.3848,-5.36%,2522
IMNN,2024-02-06,6.7826,7.5652,6.7826,7.4348,0.6457,+9.51%,5972
IMNN,2024-02-07,7.1739,7.5652,6.913,7.1739,-0.2609,-3.51%,1004
IMNN,2024-02-08,7.1739,7.1739,6.6522,6.6522,-0.5217,-7.27%,5236
IMNN,2024-02-09,6.913,6.913,6.7396,6.75,0.0978,+1.47%,920
IMNN,2024-02-12,6.6522,6.7252,6.2609,6.4304,-0.3196,-4.73%,10741
IMNN,2024-02-13,6.5217,6.5217,6.2765,6.3913,-0.0391,-0.61%,2353
IMNN,2024-02-14,6.5217,7.1739,6.2609,6.9117,0.5204,+8.14%,6785
IMNN,2024-02-15,7.067,7.067,6.6548,6.913,0.0013,+0.02%,4048
IMNN,2024-02-16,6.913,6.9978,6.7826,6.7826,-0.1304,-1.89%,2675
IMNN,2024-02-20,6.7826,7.5652,6.6522,7.5,0.7174,+10.58%,4301
IMNN,2024-02-21,7.5,7.5261,6.7839,7.0109,-0.4891,-6.52%,3971
IMNN,2024-02-22,7.1322,7.5235,6.913,7.3774,0.3665,+5.23%,1495
IMNN,2024-02-23,7.4348,7.6826,7.307,7.6826,0.3052,+4.14%,3166
IMNN,2024-02-26,7.6957,8.1013,7.3957,7.9578,0.2752,+3.58%,6585
IMNN,2024-02-27,8.2826,9.3913,7.6043,9.2609,1.3031,+16.38%,12374
IMNN,2024-02-28,10.0435,16.4335,9.913,12.7826,3.5217,+38.03%,317913
IMNN,2024-02-29,11.8696,15.6522,11.4783,14.8696,2.087,+16.33%,72457
IMNN,2024-03-01,15.3913,15.3913,12.8648,12.913,-1.9566,-13.16%,23605
IMNN,2024-03-04,14.3478,14.6087,12.4226,12.7174,-0.1956,-1.51%,14175
IMNN,2024-03-05,12.6522,13.0435,11.5317,11.8617,-0.8557,-6.73%,11707
IMNN,2024-03-06,11.7391,12.8687,11.4796,12.8243,0.9626,+8.12%,5198
IMNN,2024-03-07,12.8348,13.1739,11.9361,12.7826,-0.0417,-0.33%,3779
IMNN,2024-03-08,12.6574,13.0435,12.2883,13.0422,0.2596,+2.03%,2530
IMNN,2024-03-11,13.0435,13.0448,12.1357,12.9026,-0.1396,-1.07%,1709
IMNN,2024-03-12,12.2739,12.3913,11.7796,12.1304,-0.7722,-5.98%,3825
IMNN,2024-03-13,11.8696,12.2596,10.5835,11.3609,-0.7695,-6.34%,2875
IMNN,2024-03-14,10.9565,11.087,10.4348,10.4348,-0.9261,-8.15%,2913
IMNN,2024-03-15,10.7087,11.3465,10.4935,11.2174,0.7826,+7.50%,2698
IMNN,2024-03-18,11.0296,11.4626,10.0096,10.7609,-0.4565,-4.07%,4922
IMNN,2024-03-19,10.5652,10.5652,10.1739,10.513,-0.2479,-2.30%,2031
IMNN,2024-03-20,9.9561,10.5652,9.9248,10.1739,-0.3391,-3.23%,2660
IMNN,2024-03-21,10.6826,11.4783,10.1739,10.8274,0.6535,+6.42%,943
IMNN,2024-03-22,10.1739,11.5148,10.1739,11.4783,0.6509,+6.01%,2353
IMNN,2024-03-25,11.1261,11.7378,11.1261,11.7378,0.2595,+2.26%,3143
IMNN,2024-03-26,12.1304,15.3913,12,15.2491,3.5113,+29.91%,27584
IMNN,2024-03-27,16.0435,18.5217,14.4783,18.2609,3.0118,+19.75%,49496
IMNN,2024-03-28,19.8261,26.087,18.2726,21.3913,3.1304,+17.14%,96147
IMNN,2024-04-01,21.7826,25.4348,20.8696,25.1739,3.7826,+17.68%,33028
IMNN,2024-04-02,19.4348,23.3478,19.3043,22.8261,-2.3478,-9.33%,121831
IMNN,2024-04-03,23.2174,23.3478,17.2174,18.1304,-4.6957,-20.57%,21275
IMNN,2024-04-04,18.7826,19.9826,17.3478,18.1304,0,0.00%,10350
IMNN,2024-04-05,18.7826,21.5217,18.5217,21.2609,3.1305,+17.27%,13631
IMNN,2024-04-08,21,21.2713,18.913,19.4087,-1.8522,-8.71%,5481
IMNN,2024-04-09,19.6957,20.7391,19.3043,20.2174,0.8087,+4.17%,3948
IMNN,2024-04-10,19.6957,20.7287,18.5217,18.913,-1.3044,-6.45%,14099
IMNN,2024-04-11,19.4348,20.2174,18.7826,20.087,1.174,+6.21%,5067
IMNN,2024-04-12,19.1739,20.8696,19.1739,20.7391,0.6521,+3.25%,12197
IMNN,2024-04-15,20.7391,20.8696,18.523,19.1739,-1.5652,-7.55%,9690
IMNN,2024-04-16,19.0435,19.0435,17.6087,17.8696,-1.3043,-6.80%,7275
IMNN,2024-04-17,17.7391,17.7391,14.6087,14.8696,-3.,-16.79%,11469
IMNN,2024-04-18,15,17.6087,13.5652,14.6739,-0.1957,-1.32%,15701
IMNN,2024-04-19,14.2174,15.3913,14.2174,15.2609,0.587,+4.00%,7291
IMNN,2024-04-22,15.7826,16.6957,15.1487,16.5652,1.3043,+8.55%,5060
IMNN,2024-04-23,16.6957,18.1304,16.4348,17.3478,0.7826,+4.72%,3917
IMNN,2024-04-24,17.2174,17.85,16.6957,16.9565,-0.3913,-2.26%,2484
IMNN,2024-04-25,16.4348,18.7826,16.4348,18.7826,1.8261,+10.77%,5320
IMNN,2024-04-26,18.913,19.2443,18.0013,18.7826,0,0.00%,3779
IMNN,2024-04-29,18.7826,19.3043,17.3478,17.6713,-1.1113,-5.92%,4906
IMNN,2024-04-30,17.3478,17.8696,16.6957,17.087,-0.5843,-3.31%,2100
IMNN,2024-05-01,16.9565,17.4783,16.4348,17.087,0,0.00%,2691
IMNN,2024-05-02,16.8261,17.2174,16.8261,17.087,0,0.00%,1648
IMNN,2024-05-03,16.8261,18.1304,16.4165,17.3478,0.2608,+1.53%,4186
IMNN,2024-05-06,17.3478,17.6374,16.8261,17.087,-0.2608,-1.50%,2169
IMNN,2024-05-07,16.8261,17.7939,16.5665,16.6957,-0.3913,-2.29%,2016
IMNN,2024-05-08,16.7596,19.9565,16.7596,19.5652,2.8695,+17.19%,6578
IMNN,2024-05-09,19.9565,20.4783,18.913,19.6957,0.1305,+0.67%,4132
IMNN,2024-05-10,19.8261,19.8261,17.9609,18,-1.6957,-8.61%,3312
IMNN,2024-05-13,18.5217,19.5652,16.8261,19.3043,1.3043,+7.25%,2116
IMNN,2024-05-14,20.087,20.087,16.6957,17.5435,-1.7608,-9.12%,4738
IMNN,2024-05-15,17.3478,19.5652,17.3217,18.3913,0.8478,+4.83%,2315
IMNN,2024-05-16,18.2609,18.913,17.8709,18.2609,-0.1304,-0.71%,1357
IMNN,2024-05-17,18.7826,18.9117,18.1304,18.2609,0,0.00%,1249
IMNN,2024-05-20,18.2609,19.1739,17.6087,17.8696,-0.3913,-2.14%,3235
IMNN,2024-05-21,18.2609,19.0435,18.2609,18.5217,0.6521,+3.65%,1042
IMNN,2024-05-22,18.6522,18.7826,18.2609,18.5217,0,0.00%,881
IMNN,2024-05-23,18.3913,20.087,18.2609,18.913,0.3913,+2.11%,5244
IMNN,2024-05-24,19.4348,20.4678,19.0461,19.6957,0.7827,+4.14%,3588
IMNN,2024-05-28,19.5652,20.087,18.2609,19.1739,-0.5218,-2.65%,2875
IMNN,2024-05-29,18.6522,19.3043,18.6522,19.3043,0.1304,+0.68%,437
IMNN,2024-05-30,19.3043,19.5652,18.5896,19.0435,-0.2608,-1.35%,1633
IMNN,2024-05-31,19.0435,19.3043,18.6522,18.7826,-0.2609,-1.37%,1004
IMNN,2024-06-03,18.6522,18.8622,18.0652,18.6522,-0.1304,-0.69%,1686
IMNN,2024-06-04,17.8696,18,17.087,17.3478,-1.3044,-6.99%,743
IMNN,2024-06-05,18.1304,18.1304,17.3478,17.413,0.0652,+0.38%,1817
IMNN,2024-06-06,17.4783,17.4783,17.087,17.2174,-0.1956,-1.12%,636
IMNN,2024-06-07,17.087,17.1522,15,16.5652,-0.6522,-3.79%,4653
IMNN,2024-06-10,16.6957,16.6957,15,15,-1.5652,-9.45%,1909
IMNN,2024-06-11,15.3913,16.6957,14.567,16.6957,1.6957,+11.30%,2054
IMNN,2024-06-12,16.5652,16.6304,15.6522,15.913,-0.7827,-4.69%,1272
IMNN,2024-06-13,15.913,15.913,15.2596,15.587,-0.326,-2.05%,881
IMNN,2024-06-14,15.2609,15.5217,14.3491,14.6087,-0.9783,-6.28%,1096
IMNN,2024-06-17,15.2609,15.2609,14.2174,14.2174,-0.3913,-2.68%,2959
IMNN,2024-06-18,14.3478,15,13.8261,13.9565,-0.2609,-1.84%,1180
IMNN,2024-06-20,13.6957,14.2826,13.6957,13.8261,-0.1304,-0.93%,1257
IMNN,2024-06-21,13.8261,14.6087,13.4348,14.6087,0.7826,+5.66%,3128
IMNN,2024-06-24,14.8696,15.1174,13.6957,13.9565,-0.6522,-4.46%,4216
IMNN,2024-06-25,14.087,14.8317,14.087,14.2826,0.3261,+2.34%,797
IMNN,2024-06-26,14.8696,15,14.4783,14.4783,0.1957,+1.37%,375
IMNN,2024-06-27,14.8696,15,14.3648,14.7391,0.2608,+1.80%,1042
IMNN,2024-06-28,14.7391,15.6522,14.7391,15.1304,0.3913,+2.65%,1633
IMNN,2024-07-01,16.1739,16.6696,14.8917,16.4348,1.3044,+8.62%,1993
IMNN,2024-07-02,16.3043,17.2996,16.1739,16.1739,-0.2609,-1.59%,1648
IMNN,2024-07-03,16.0422,16.0422,15.3913,15.8478,-0.3261,-2.02%,268
IMNN,2024-07-05,15.5217,19.0409,15.463,17.7391,1.8913,+11.93%,8847
IMNN,2024-07-08,18.2609,18.2609,16.3043,17.6087,-0.1304,-0.74%,1924
IMNN,2024-07-09,17.2174,17.6739,17.2174,17.4783,-0.1304,-0.74%,628
IMNN,2024-07-10,17.4783,17.8696,17.2839,17.4783,0,0.00%,1732
IMNN,2024-07-11,17.7391,19.0435,17.7391,18.6522,1.1739,+6.72%,1809
IMNN,2024-07-12,18.913,18.913,18.2622,18.6522,0,0.00%,1840
IMNN,2024-07-15,18.6522,18.913,17.91,18.7813,0.1291,+0.69%,1556
IMNN,2024-07-16,18.2609,18.4983,18.2609,18.3913,-0.39,-2.08%,1464
IMNN,2024-07-17,18.2609,19.9565,18.2609,18.913,0.5217,+2.84%,7206
IMNN,2024-07-18,18.913,18.913,18.3913,18.7239,-0.1891,-1.00%,812
IMNN,2024-07-19,18.5217,19.0435,16.3043,16.3043,-2.4196,-12.92%,4753
IMNN,2024-07-22,17.087,18.2609,16.5652,18,1.6957,+10.40%,6524
IMNN,2024-07-23,18,18,16.3043,16.3043,-1.6957,-9.42%,6639
IMNN,2024-07-24,15.913,18.7826,15.6522,15.7709,-0.5334,-3.27%,5006
IMNN,2024-07-25,15.6522,15.7813,15,15.2609,-0.51,-3.23%,6900
IMNN,2024-07-26,15.5217,15.5217,14.3478,15,-0.2609,-1.71%,9890
IMNN,2024-07-29,14.8696,15.6522,14.8696,15.5217,0.5217,+3.48%,611056
IMNN,2024-07-30,43.8261,47.6087,35.4783,43.3043,27.7826,+178.99%,10828108
IMNN,2024-07-31,22.5652,24.1304,15.913,17.6087,-25.6956,-59.34%,1246331
IMNN,2024-08-01,18.7826,19.0435,16.3043,17.4783,-0.1304,-0.74%,273776
IMNN,2024-08-02,15.3913,16.3526,14.2174,14.7391,-2.7392,-15.67%,152168
IMNN,2024-08-05,14.4783,16.6957,13.4348,15.913,1.1739,+7.96%,130770
IMNN,2024-08-06,15.913,16.0435,14.6087,15.1304,-0.7826,-4.92%,64285
IMNN,2024-08-07,14.7391,15.1304,13.4348,13.9565,-1.1739,-7.76%,47035
IMNN,2024-08-08,13.8261,15,13.4348,14.6087,0.6522,+4.67%,37666
IMNN,2024-08-09,14.4783,14.9883,13.9565,14.2174,-0.3913,-2.68%,20891
IMNN,2024-08-12,14.3478,14.4783,13.8274,14.087,-0.1304,-0.92%,17587
IMNN,2024-08-13,13.9565,14.6087,13.6957,14.087,0,0.00%,19634
IMNN,2024-08-14,13.8261,14.4757,12.0861,12.4748,-1.6122,-11.44%,92498
IMNN,2024-08-15,12.5217,14.2174,12.1304,13.0435,0.5687,+4.56%,28619
IMNN,2024-08-16,14.4783,15,13.0435,14.8696,1.8261,+14.00%,64522
IMNN,2024-08-19,16.5652,18.1304,15.1304,15.7826,0.913,+6.14%,356170
IMNN,2024-08-20,15.3913,16.3043,14.8696,16.1739,0.3913,+2.48%,75033
IMNN,2024-08-21,15.913,17.3478,15.6522,17.2174,1.0435,+6.45%,54517
IMNN,2024-08-22,17.2174,18.1304,16.1739,16.2391,-0.9783,-5.68%,31471
IMNN,2024-08-23,16.4348,17.2161,15.7826,16.4348,0.1957,+1.21%,35642
IMNN,2024-08-26,16.4348,16.4348,15.5217,15.913,-0.5218,-3.17%,35228
IMNN,2024-08-27,15.913,16.3043,15,15.1304,-0.7826,-4.92%,18032
IMNN,2024-08-28,14.8696,15.7696,14.6087,14.8696,-0.2608,-1.72%,20025
IMNN,2024-08-29,14.8696,15.2609,14.2174,14.2174,-0.6522,-4.39%,24525
IMNN,2024-08-30,14.6087,15.2609,14.3478,15,0.7826,+5.50%,25537
IMNN,2024-09-03,15,15.1304,14.6087,14.7391,-0.2609,-1.74%,10334
IMNN,2024-09-04,14.6087,14.7391,13.5652,13.6957,-1.0434,-7.08%,23337
IMNN,2024-09-05,13.8261,14.087,13.3043,13.4348,-0.2609,-1.90%,13317
IMNN,2024-09-06,13.3043,13.9565,12.913,13.5652,0.1304,+0.97%,28627
IMNN,2024-09-09,13.4348,14.3478,13.3043,13.9565,0.3913,+2.88%,13416
IMNN,2024-09-10,14.2174,15,13.6957,14.3478,0.3913,+2.80%,20370
IMNN,2024-09-11,14.3478,14.7391,14.2826,14.413,0.0652,+0.45%,16989
IMNN,2024-09-12,14.4783,14.4796,14.087,14.2174,-0.1956,-1.36%,6999
IMNN,2024-09-13,14.3478,14.3478,13.4348,13.5652,-0.6522,-4.59%,15126
IMNN,2024-09-16,13.5652,14.3478,13.4348,14.087,0.5218,+3.85%,12274
IMNN,2024-09-17,14.087,15,13.8261,14.8696,0.7826,+5.56%,22800
IMNN,2024-09-18,15,15.7826,14.3478,14.8696,0,0.00%,48062
IMNN,2024-09-19,14.8696,15.1304,13.7609,13.9565,-0.9131,-6.14%,22555
IMNN,2024-09-20,13.9565,13.9565,12.4017,13.4348,-0.5217,-3.74%,39169
IMNN,2024-09-23,13.9565,13.9565,13.4348,13.4348,0,0.00%,15663
IMNN,2024-09-24,13.5652,13.5652,12.913,13.4348,0,0.00%,16345
IMNN,2024-09-25,13.3043,13.6957,12.913,13.1739,-0.2609,-1.94%,23506
IMNN,2024-09-26,13.1739,13.6957,13.1739,13.1739,0,0.00%,18522
IMNN,2024-09-27,13.1739,13.6957,13.1739,13.5652,0.3913,+2.97%,16199
IMNN,2024-09-30,13.1739,13.9565,13.1739,13.8261,0.2609,+1.92%,15034
IMNN,2024-10-01,13.6957,13.9565,13.3043,13.8261,0,0.00%,13593
IMNN,2024-10-02,13.8261,13.9565,13.0409,13.0409,-0.7852,-5.68%,23736
IMNN,2024-10-03,12.913,13.5652,12.913,13.1739,0.133,+1.02%,8487
IMNN,2024-10-04,13.1739,14.087,13.1739,14.087,0.9131,+6.93%,18959
IMNN,2024-10-07,13.9565,13.9565,13.1739,13.3043,-0.7827,-5.56%,11829
IMNN,2024-10-08,13.3043,13.4348,13.0435,13.0435,-0.2608,-1.96%,9200
IMNN,2024-10-09,13.0435,13.3043,13.0435,13.2391,0.1956,+1.50%,4216
IMNN,2024-10-10,13.0435,13.3696,13.0435,13.1739,-0.0652,-0.49%,4600
IMNN,2024-10-11,13.3043,13.4348,13.0435,13.3043,0.1304,+0.99%,3381
IMNN,2024-10-14,13.4348,13.6957,13.1739,13.4348,0.1305,+0.98%,7697
IMNN,2024-10-15,13.6957,13.6957,12.7826,12.9939,-0.4409,-3.28%,23935
IMNN,2024-10-16,13.1739,13.1739,12.5217,13.0422,0.0483,+0.37%,15992
IMNN,2024-10-17,13.0435,13.0435,12.3913,12.7657,-0.2765,-2.12%,17012
IMNN,2024-10-18,12.6404,13.0304,12.6404,12.8543,0.0886,+0.69%,4531
IMNN,2024-10-21,13.3043,13.3043,12.4383,12.9457,0.0914,+0.71%,18331
IMNN,2024-10-22,12.913,12.9587,12.5296,12.6548,-0.2909,-2.25%,4715
IMNN,2024-10-23,12.6548,12.7135,12.2948,12.3026,-0.3522,-2.78%,8471
IMNN,2024-10-24,12.3913,12.3913,11.8696,12,-0.3026,-2.46%,15739
IMNN,2024-10-25,12.0665,12.1826,12,12.0978,0.0978,+0.82%,2990
IMNN,2024-10-28,12.2596,12.6352,12.0013,12.6,0.5022,+4.15%,10196
IMNN,2024-10-29,12.6522,12.7239,12.2622,12.5087,-0.0913,-0.72%,10840
IMNN,2024-10-30,12.6522,12.7017,12.2035,12.5204,0.0117,+0.09%,15026
IMNN,2024-10-31,12.4565,12.6522,12.0522,12.1304,-0.39,-3.11%,5865
IMNN,2024-11-01,12.5217,12.5217,12.133,12.3913,0.2609,+2.15%,6509
IMNN,2024-11-04,12.1474,12.7826,12.1474,12.7813,0.39,+3.15%,6884
IMNN,2024-11-05,12.6522,13.3043,12.5217,12.7865,0.0052,+0.04%,16790
IMNN,2024-11-06,12.917,12.9926,12.223,12.223,-0.5635,-4.41%,13025
IMNN,2024-11-07,12.2609,14.087,10.0448,10.7152,-1.5078,-12.34%,58489
IMNN,2024-11-08,10.6474,11.0217,10.3043,10.4335,-0.2817,-2.63%,22264
IMNN,2024-11-11,10.8261,10.8261,10.0435,10.8091,0.3756,+3.60%,17487
IMNN,2024-11-12,10.8261,10.9565,9.9391,10.1126,-0.6965,-6.44%,35075
IMNN,2024-11-13,10.4217,10.8261,9.2752,9.7396,-0.373,-3.69%,22195
IMNN,2024-11-14,10.1739,10.2496,9.18,9.7565,0.0169,+0.17%,12696
IMNN,2024-11-15,9.913,9.93,8.6987,9.3991,-0.3574,-3.66%,12619
IMNN,2024-11-18,9.6274,9.6274,8.8774,9.0757,-0.3234,-3.44%,7107
IMNN,2024-11-19,9.1304,9.1422,8.747,9.013,-0.0627,-0.69%,8004
IMNN,2024-11-20,9,9.0639,8.4783,8.9217,-0.0913,-1.01%,18852
IMNN,2024-11-21,8.6543,9.1122,8.3478,9.0391,0.1174,+1.32%,18177
IMNN,2024-11-22,9,10.8261,9,10.5913,1.5522,+17.17%,22747
IMNN,2024-11-25,10.9565,11.2878,10.0435,10.6057,0.0144,+0.14%,34303
IMNN,2024-11-26,11.0048,11.2174,10.4622,10.8117,0.206,+1.94%,13646
IMNN,2024-11-27,10.8913,11.3478,10.7609,11.1652,0.3535,+3.27%,10557
IMNN,2024-11-29,11.1848,11.3087,10.8509,10.9957,-0.1695,-1.52%,4032
IMNN,2024-12-02,11.4783,11.4783,11.0087,11.2878,0.2921,+2.66%,14068
IMNN,2024-12-03,11.2174,11.4783,10.8261,11.1404,-0.1474,-1.31%,12519
IMNN,2024-12-04,11.2174,11.4783,10.6983,11.1548,0.0144,+0.13%,6532
IMNN,2024-12-05,11.1548,11.1783,10.877,11.0857,-0.0691,-0.62%,5359
IMNN,2024-12-06,11.023,11.3478,10.8274,10.9839,-0.1018,-0.92%,7758
IMNN,2024-12-09,11.2826,11.2826,10.8417,11.2174,0.2335,+2.13%,4661
IMNN,2024-12-10,11.087,12.0052,10.9578,11.7261,0.5087,+4.53%,52486
IMNN,2024-12-11,11.4613,11.6609,10.47,10.9591,-0.767,-6.54%,25560
IMNN,2024-12-12,11.2174,11.2696,10.9565,11.083,0.1239,+1.13%,10028
IMNN,2024-12-13,11.0217,11.087,10.7504,11.0152,-0.0678,-0.61%,9453
IMNN,2024-12-16,10.9565,11.0739,10.4674,10.9565,-0.0587,-0.53%,8448
IMNN,2024-12-17,10.8261,11.4209,10.6957,11.3113,0.3548,+3.24%,10357
IMNN,2024-12-18,11.3478,11.3478,10.6957,10.8326,-0.4787,-4.23%,4416
IMNN,2024-12-19,10.9291,11.55,10.5652,11.1417,0.3091,+2.85%,269368
IMNN,2024-12-20,11.6296,11.6296,10.5287,10.8261,-0.3156,-2.83%,79472
IMNN,2024-12-23,10.5235,10.663,9.9248,10.3135,-0.5126,-4.73%,29677
IMNN,2024-12-24,10.4348,10.663,10.2913,10.6304,0.3169,+3.07%,12841
IMNN,2024-12-26,10.4035,10.6304,10.1739,10.3043,-0.3261,-3.07%,15509
IMNN,2024-12-27,10.1739,10.5652,10.0591,10.3435,0.0392,+0.38%,11661
IMNN,2024-12-30,10.4348,10.8222,10.1791,10.7609,0.4174,+4.04%,20838
IMNN,2024-12-31,10.7439,12.5661,10.7348,12.3913,1.6304,+15.15%,45532
IMNN,2025-01-02,12.2609,13.9565,12,13.6957,1.3044,+10.53%,49672
IMNN,2025-01-03,13.6957,14.087,12.5922,13.3043,-0.3914,-2.86%,28834
IMNN,2025-01-06,13.3043,13.6957,12.7043,12.8243,-0.48,-3.61%,21183
IMNN,2025-01-07,12.5217,12.913,12.1996,12.78,-0.0443,-0.35%,9721
IMNN,2025-01-08,12.913,12.9378,11.6309,11.863,-0.917,-7.18%,15471
IMNN,2025-01-10,11.8357,12.39,10.993,11.7378,-0.1252,-1.06%,7827
IMNN,2025-01-13,12,12.3809,11.7391,11.9491,0.2113,+1.80%,10649
IMNN,2025-01-14,12.1343,12.1343,11.4274,11.6543,-0.2948,-2.47%,3358
IMNN,2025-01-15,11.8696,11.8696,11.3883,11.6074,-0.0469,-0.40%,7153
IMNN,2025-01-16,11.6087,11.8696,11.4013,11.713,0.1056,+0.91%,2767
IMNN,2025-01-17,11.5226,11.9243,11.3739,11.91,0.197,+1.68%,6501
IMNN,2025-01-21,11.8696,11.8787,11.4522,11.6935,-0.2165,-1.82%,6271
IMNN,2025-01-22,11.6087,11.8539,11.1887,11.6113,-0.0822,-0.70%,9376
IMNN,2025-01-23,11.7391,12.7826,11.7391,12.4891,0.8778,+7.56%,13439
IMNN,2025-01-24,13.1739,13.3043,12.2074,12.4917,0.0026,+0.02%,25606
IMNN,2025-01-27,12.7539,12.9117,11.8722,12.2191,-0.2726,-2.18%,5497
IMNN,2025-01-28,12.3913,12.587,11.5017,11.9165,-0.3026,-2.48%,18147
IMNN,2025-01-29,12.3913,12.4891,11.3452,11.747,-0.1695,-1.42%,8885
IMNN,2025-01-30,11.7822,12.1487,11.7391,11.8735,0.1265,+1.08%,2384
IMNN,2025-01-31,11.8696,12.0013,11.5213,11.5435,-0.33,-2.78%,4508
IMNN,2025-02-03,11.2174,11.8735,11.2174,11.3478,-0.1957,-1.70%,7751
IMNN,2025-02-04,11.3478,12.6522,11.3478,11.7261,0.3783,+3.33%,11783
IMNN,2025-02-05,11.7391,12.2609,11.3491,12.1304,0.4043,+3.45%,9246
IMNN,2025-02-06,11.7391,12.1304,11.5096,11.73,-0.4004,-3.30%,8686
IMNN,2025-02-07,11.6087,11.9217,11.3635,11.713,-0.017,-0.14%,8594
IMNN,2025-02-10,11.7391,12,11.6087,11.6217,-0.0913,-0.78%,6271
IMNN,2025-02-11,11.4783,11.8174,11.413,11.6074,-0.0143,-0.12%,4638
IMNN,2025-02-12,11.7391,11.8043,11.2826,11.6074,0,0.00%,3825
IMNN,2025-02-13,11.7391,11.9348,11.3478,11.7391,0.1317,+1.13%,3749
IMNN,2025-02-14,11.7391,12.1539,11.4522,11.7391,0,0.00%,6432
IMNN,2025-02-18,11.6178,11.8696,11.1065,11.2435,-0.4956,-4.22%,4377
IMNN,2025-02-19,11.087,11.7978,10.5652,11.5435,0.3,+2.67%,68977
IMNN,2025-02-20,11.2174,11.9987,11.2174,11.3739,-0.1696,-1.47%,11760
IMNN,2025-02-21,11.6087,12,11.3909,11.987,0.6131,+5.39%,6371
IMNN,2025-02-24,11.8696,11.8696,11.113,11.2409,-0.7461,-6.22%,8264
IMNN,2025-02-25,11.3478,11.4783,10.1739,10.8391,-0.4018,-3.57%,18614
IMNN,2025-02-26,10.757,10.9565,10.1817,10.4948,-0.3443,-3.18%,16590
IMNN,2025-02-27,10.5652,10.9891,10.1739,10.5652,0.0704,+0.67%,19090
IMNN,2025-02-28,10.5652,11.8696,10.3043,11.6178,1.0526,+9.96%,17411
IMNN,2025-03-03,12.0652,12.3183,11.2291,11.3948,-0.223,-1.92%,9138
IMNN,2025-03-04,11.087,11.3283,11.0217,11.0217,-0.3731,-3.27%,3296
IMNN,2025-03-05,11.3478,11.7391,11.3413,11.4783,0.4566,+4.14%,2024
IMNN,2025-03-06,11.4783,11.7378,11.413,11.6087,0.1304,+1.14%,1855
IMNN,2025-03-07,11.6087,11.9739,11.4783,11.8043,0.1956,+1.68%,2813
IMNN,2025-03-10,11.7183,12.1304,11.5239,11.6087,-0.1956,-1.66%,2844
IMNN,2025-03-11,11.8761,11.8761,11.2187,11.7391,0.1304,+1.12%,3565
IMNN,2025-03-12,11.7391,11.7391,11.3478,11.5174,-0.2217,-1.89%,10135
IMNN,2025-03-13,11.6087,11.7391,11.087,11.447,-0.0704,-0.61%,10296
IMNN,2025-03-14,11.4457,11.4457,11.087,11.2839,-0.1631,-1.42%,5221
IMNN,2025-03-17,11.113,12.1304,11.113,11.6087,0.3248,+2.88%,12780
IMNN,2025-03-18,11.2226,11.6087,11.2226,11.3491,-0.2596,-2.24%,713
IMNN,2025-03-19,11.3478,12.673,11.113,12.0939,0.7448,+6.56%,15808
IMNN,2025-03-20,11.8696,12.6522,11.8696,12.4422,0.3483,+2.88%,3534
IMNN,2025-03-21,12.5217,12.6261,11.7391,12.3913,-0.0509,-0.41%,1318
IMNN,2025-03-24,12.3913,14.087,12.1304,13.8913,1.5,+12.11%,22655
IMNN,2025-03-25,15,15.0104,12.6587,13.0422,-0.8491,-6.11%,28228
IMNN,2025-03-26,13.0435,13.6957,13.0422,13.5652,0.523,+4.01%,9621
IMNN,2025-03-27,13.6957,15.3913,13.6957,14.8696,1.3044,+9.62%,27094
IMNN,2025-03-28,15.1304,15.1304,13.8913,14.2174,-0.6522,-4.39%,12021
IMNN,2025-03-31,13.9565,13.9565,13.1739,13.6957,-0.5217,-3.67%,8517
IMNN,2025-04-01,13.8261,13.9565,13.6957,13.7609,0.0652,+0.48%,5221
IMNN,2025-04-02,14.2174,14.3478,13.4348,13.6957,-0.0652,-0.47%,6907
IMNN,2025-04-03,13.3043,13.5652,13.0435,13.0435,-0.6522,-4.76%,5834
IMNN,2025-04-04,12.7826,12.7826,11.9087,12.523,-0.5205,-3.99%,18791
IMNN,2025-04-07,10.9565,11.3478,10.1739,10.7804,-1.7426,-13.92%,22693
IMNN,2025-04-08,11.2043,11.2043,10.5652,10.5652,-0.2152,-2.00%,7981
IMNN,2025-04-09,10.4348,11.4783,9.9143,11.3478,0.7826,+7.41%,16820
IMNN,2025-04-10,11.3674,11.5696,10.6957,11.2174,-0.1304,-1.15%,6010
IMNN,2025-04-11,11.0217,11.237,10.8261,11.087,-0.1304,-1.16%,4929
IMNN,2025-04-14,11.3478,11.6087,11.2174,11.3478,0.2608,+2.35%,4615
IMNN,2025-04-15,11.3426,11.4783,11.2174,11.4535,0.1057,+0.93%,2783
IMNN,2025-04-16,11.2174,11.7391,11.2174,11.233,-0.2205,-1.93%,2300
IMNN,2025-04-17,11.16,11.6087,10.65,11.6087,0.3757,+3.34%,5819
IMNN,2025-04-21,11.4783,12.7826,11.087,11.5891,-0.0196,-0.17%,4101
IMNN,2025-04-22,11.4783,11.7391,11.3478,11.3739,-0.2152,-1.86%,2921
IMNN,2025-04-23,11.5565,11.8422,11.2174,11.4339,0.06,+0.53%,4025
IMNN,2025-04-24,11.087,11.6896,10.8522,11.6896,0.2557,+2.24%,2407
IMNN,2025-04-25,11.7391,11.7391,11.3478,11.4457,-0.2439,-2.09%,2185
IMNN,2025-04-28,11.2174,11.3348,11.0883,11.2174,-0.2283,-1.99%,1203
IMNN,2025-04-29,11.2174,11.7339,10.847,11.4978,0.2804,+2.50%,3733
IMNN,2025-04-30,11.2174,11.4,10.6957,10.9565,-0.5413,-4.71%,6532
IMNN,2025-05-01,10.8261,11.2174,10.8261,10.9565,0,0.00%,4186
IMNN,2025-05-02,10.9565,11.087,10.6957,10.92,-0.0365,-0.33%,6470
IMNN,2025-05-05,11.4652,11.4652,10.8261,11.0739,0.1539,+1.41%,6723
IMNN,2025-05-06,11.087,11.4783,10.6957,10.8261,-0.2478,-2.24%,8203
IMNN,2025-05-07,10.5652,10.6957,10.3043,10.6943,-0.1318,-1.22%,9997
IMNN,2025-05-08,10.8391,10.9565,10.6983,10.8913,0.197,+1.84%,3971
IMNN,2025-05-09,10.4348,10.8339,10.3696,10.4348,-0.4565,-4.19%,12190
IMNN,2025-05-12,11.4783,11.4783,10.4348,10.6422,0.2074,+1.99%,4876
IMNN,2025-05-13,9.6652,14.0857,8.6087,10.4348,-0.2074,-1.95%,124890
IMNN,2025-05-14,10.4361,10.5991,7.8274,7.9943,-2.4405,-23.39%,118825
IMNN,2025-05-15,7.877,8.1509,7.3043,7.3252,-0.6691,-8.37%,61916
IMNN,2025-05-16,7.3043,9.1304,6,6.3117,-1.0135,-13.84%,154475
IMNN,2025-05-19,6.5217,6.587,6.0978,6.1317,-0.18,-2.85%,44735
IMNN,2025-05-20,6.1304,6.2609,5.6087,5.7717,-0.36,-5.87%,36033
IMNN,2025-05-21,5.6217,5.8448,5.1926,5.207,-0.5647,-9.78%,34354
IMNN,2025-05-22,5.4796,7.6957,4.8261,5.4196,0.2126,+4.08%,1577470
IMNN,2025-05-23,16.5652,18.1304,12.6522,15.1304,9.7108,+179.18%,31707768
IMNN,2025-05-27,11.2174,31.3043,11.087,29.6087,14.4783,+95.69%,7590904
IMNN,2025-05-28,24.7826,28.3043,18.7826,19.8261,-9.7826,-33.04%,1800156
IMNN,2025-05-29,23.2174,29.087,20.8696,25.9565,6.1304,+30.92%,1862877
IMNN,2025-05-30,27.2609,37.8261,26.7391,32.4783,6.5218,+25.13%,2537935
IMNN,2025-06-02,36.2609,41.2174,28.4478,32.7391,0.2608,+0.80%,1467093
IMNN,2025-06-03,31.3043,35.7391,24.913,24.913,-7.8261,-23.90%,659640
IMNN,2025-06-04,23.6087,26.087,21.5217,22.1739,-2.7391,-10.99%,391751
IMNN,2025-06-05,20.6087,21.2609,18.2609,18.2609,-3.913,-17.65%,283114
IMNN,2025-06-06,19.3043,21.3913,17.7391,19.0435,0.7826,+4.29%,354100
IMNN,2025-06-09,18.2609,18.7565,17.2174,17.3478,-1.6957,-8.90%,153118
IMNN,2025-06-10,17.2174,27.6522,16.5652,21.1304,3.7826,+21.80%,920567
IMNN,2025-06-11,21.5217,22.4348,20.3478,21.6522,0.5218,+2.47%,200981
IMNN,2025-06-12,21.6522,21.7826,19.6957,21.1304,-0.5218,-2.41%,113006
IMNN,2025-06-13,20.3478,20.4783,18.2609,18.6522,-2.4782,-11.73%,120796
IMNN,2025-06-16,17.3478,17.4783,14.6087,14.8696,-3.7826,-20.28%,272856
IMNN,2025-06-17,15.1304,15.3913,14.4783,14.7391,-0.1305,-0.88%,91133
IMNN,2025-06-18,12.2609,13.3043,12.1304,13.0435,-1.6956,-11.50%,303883
IMNN,2025-06-20,13.0435,13.4348,12.6522,13.3043,0.2608,+2.00%,101046
IMNN,2025-06-23,12.913,13.1739,12.0235,12.0235,-1.2808,-9.63%,110492
IMNN,2025-06-24,12,12.4696,11.087,11.5774,-0.4461,-3.71%,73147
IMNN,2025-06-25,11.6739,11.8683,10.4348,10.9004,-0.677,-5.85%,77985
IMNN,2025-06-26,10.5665,10.9643,10.1739,10.4165,-0.4839,-4.44%,76996
IMNN,2025-06-27,10.6943,10.6943,9.5217,9.6522,-0.7643,-7.34%,66554
IMNN,2025-06-30,9.913,11.1913,9.1057,10.4348,0.7826,+8.11%,136160
IMNN,2025-07-01,10.4348,10.4361,9.87,10.1896,-0.2452,-2.35%,59087
IMNN,2025-07-02,10.4348,10.6696,10.0448,10.4348,0.2452,+2.41%,54049
IMNN,2025-07-03,10.4348,10.6943,10.0604,10.3057,-0.1291,-1.24%,36355
IMNN,2025-07-07,10.0435,10.1739,9.2609,9.5217,-0.784,-7.61%,78315
IMNN,2025-07-08,9.2609,9.913,9.2322,9.5139,-0.0078,-0.08%,34415
IMNN,2025-07-09,9.3913,9.5609,9.1996,9.2609,-0.253,-2.66%,62000
IMNN,2025-07-10,9.1957,9.3913,8.3087,8.4783,-0.7826,-8.45%,90114
IMNN,2025-07-11,8.6087,8.7391,7.8261,7.8926,-0.5857,-6.91%,78169
IMNN,2025-07-14,7.8261,7.8913,6.7174,6.7826,-1.11,-14.06%,183271
IMNN,2025-07-15,6.5217,6.99,6.3522,6.9365,0.1539,+2.27%,295603
IMNN,2025-07-16,7.1087,7.1739,6.2935,6.4343,-0.5022,-7.24%,129842
IMNN,2025-07-17,6.5217,10.3957,6.5217,7.8691,1.4348,+22.30%,3870064
IMNN,2025-07-18,7.7687,7.9174,7.067,7.2,-0.6691,-8.50%,235435
IMNN,2025-07-21,7.4361,7.86,7.187,7.3043,0.1043,+1.45%,139242
IMNN,2025-07-22,7.0448,8.1339,7.0448,8.1339,0.8296,+11.36%,163905
IMNN,2025-07-23,7.2391,7.7987,6.4839,6.8491,-1.2848,-15.80%,359842
IMNN,2025-07-24,7.0174,7.0239,6.5217,6.5622,-0.2869,-4.19%,166980
IMNN,2025-07-25,6.6522,6.6578,5.6609,6.087,-0.4752,-7.24%,328900
IMNN,2025-07-28,6.4435,7.0435,6.1758,6.2696,0.1826,+3.00%,297965
IMNN,2025-07-29,6.3652,6.8435,6.2886,6.8261,0.5565,+8.88%,94875
IMNN,2025-07-30,7.3652,7.9826,6.3391,6.6174,-0.2087,-3.06%,2767130
IMNN,2025-07-31,6.5478,7.4696,6.5437,7.2087,0.5913,+8.94%,383755
IMNN,2025-08-01,7.087,7.562,6.9652,7.3913,0.1826,+2.53%,123509
IMNN,2025-08-04,7.3913,8.1913,7.3913,8,0.6087,+8.24%,113159
IMNN,2025-08-05,7.6609,7.9304,7.1566,7.6174,-0.3826,-4.78%,153870
IMNN,2025-08-06,7.6783,7.7498,7.0348,7.1435,-0.4739,-6.22%,100625
IMNN,2025-08-07,7.33,7.5499,6.45,6.95,-0.1935,-2.71%,213100
IMNN,2025-08-08,7.28,7.28,6.8588,7.18,0.23,+3.31%,57000
IMNN,2025-08-11,7.12,7.21,6.85,7.08,-0.1,-1.39%,34500
IMNN,2025-08-12,6.89,7.19,6.65,6.84,-0.24,-3.39%,74800
IMNN,2025-08-13,6.84,7.2138,6.7,6.7,-0.14,-2.05%,95600
IMNN,2025-08-14,6.71,6.988,6.4233,6.6,-0.1,-1.49%,64100
IMNN,2025-08-15,6.45,6.75,6.4,6.4,-0.2,-3.03%,36300
IMNN,2025-08-18,6.53,6.7417,6.4,6.48,0.08,+1.25%,70900
IMNN,2025-08-19,6.56,6.69,6.295,6.31,-0.17,-2.62%,65400
IMNN,2025-08-20,6.39,6.52,6.171,6.49,0.18,+2.85%,70400
IMNN,2025-08-21,6.46,6.57,6.28,6.57,0.08,+1.23%,14100
IMNN,2025-08-22,6.6,6.96,6.4812,6.5,-0.07,-1.07%,100500
IMNN,2025-08-25,6.5,6.55,6.2701,6.35,-0.15,-2.31%,68900
IMNN,2025-08-26,6.31,6.42,6.0701,6.24,-0.11,-1.73%,60700
IMNN,2025-08-27,6.18,6.3893,5.85,6.06,-0.18,-2.88%,81500
IMNN,2025-08-28,6.21,6.3519,5.975,6.03,-0.03,-0.50%,102500
IMNN,2025-08-29,6.01,6.14,5.885,5.93,-0.1,-1.66%,40100
IMNN,2025-09-02,5.95,6.04,5.825,5.85,-0.08,-1.35%,37200
IMNN,2025-09-03,5.87,5.97,5.7,5.73,-0.12,-2.05%,50600
IMNN,2025-09-04,5.73,5.85,5.5,5.72,-0.01,-0.17%,34700
IMNN,2025-09-05,5.62,5.89,5.52,5.755,0.035,+0.61%,34900
IMNN,2025-09-08,5.79,5.975,5.61,5.82,0.065,+1.13%,28900
IMNN,2025-09-09,5.8,6.025,5.68,5.82,0,0.00%,26800
IMNN,2025-09-10,5.71,5.8,5.53,5.6,-0.22,-3.78%,52000
IMNN,2025-09-11,5.54,5.89,5.54,5.65,0.05,+0.89%,92300
IMNN,2025-09-12,5.8,5.8438,5.72,5.75,0.1,+1.77%,45000
IMNN,2025-09-15,5.72,5.85,5.55,5.58,-0.17,-2.96%,40300
IMNN,2025-09-16,5.66,5.705,5.3462,5.42,-0.16,-2.87%,61600
IMNN,2025-09-17,5.42,5.525,4.975,5.04,-0.38,-7.01%,104800
IMNN,2025-09-18,5.12,5.5,5.1,5.1,0.06,+1.19%,96700
IMNN,2025-09-19,5.11,5.244,4.7,4.98,-0.12,-2.35%,448600
IMNN,2025-09-22,5.3,5.6445,5,5.15,0.17,+3.41%,1209500
IMNN,2025-09-23,5.22,5.44,5.11,5.11,-0.04,-0.78%,224000
IMNN,2025-09-24,5.08,5.3,5.02,5.13,0.02,+0.39%,87200
IMNN,2025-09-25,5.04,5.32,5.04,5.19,0.06,+1.17%,60200
IMNN,2025-09-26,5.2,5.23,5.1202,5.18,-0.01,-0.19%,32900
IMNN,2025-09-29,5.33,5.35,5.1688,5.18,0,0.00%,95200
IMNN,2025-09-30,5.17,5.2313,5.03,5.13,-0.05,-0.97%,39800
IMNN,2025-10-01,5.16,5.3,5.09,5.25,0.12,+2.34%,43400
IMNN,2025-10-02,5.26,5.44,5.21,5.44,0.19,+3.62%,57800
IMNN,2025-10-03,5.4,5.55,5.25,5.37,-0.07,-1.29%,86200
IMNN,2025-10-06,5.39,5.39,5.0365,5.23,-0.14,-2.61%,116800
IMNN,2025-10-07,5.16,5.385,5.04,5.33,0.1,+1.91%,82200
IMNN,2025-10-08,5.33,5.4,5.1249,5.33,0,0.00%,49400
IMNN,2025-10-09,5.3,5.3784,5.135,5.2,-0.13,-2.44%,46200
IMNN,2025-10-10,5.28,5.39,5,5.06,-0.14,-2.69%,89700
IMNN,2025-10-13,5.13,5.13,4.9105,5.02,-0.04,-0.79%,63700
IMNN,2025-10-14,5.02,5.15,4.995,5.1,0.08,+1.59%,169900
IMNN,2025-10-15,5.11,5.135,4.6,4.8,-0.3,-5.88%,206900
IMNN,2025-10-16,4.91,5.29,4.91,5.06,0.26,+5.42%,99900
IMNN,2025-10-17,5.1,5.246,4.86,5.09,0.03,+0.59%,80200
IMNN,2025-10-20,5.09,5.18,4.82,5.02,-0.07,-1.38%,100300
IMNN,2025-10-21,5.02,5.2,4.9401,5.055,0.035,+0.70%,110200
IMNN,2025-10-22,5.03,5.1,4.66,4.7,-0.355,-7.02%,90300
IMNN,2025-10-23,4.8,5.0312,4.7123,4.91,0.21,+4.47%,66300
IMNN,2025-10-24,4.91,4.925,4.7726,4.85,-0.06,-1.22%,52400
IMNN,2025-10-27,4.86,4.89,4.6101,4.72,-0.13,-2.68%,42400
IMNN,2025-10-28,4.77,4.8991,4.6,4.7,-0.02,-0.42%,50700
IMNN,2025-10-29,4.7,4.7955,4.45,4.56,-0.14,-2.98%,52800
IMNN,2025-10-30,4.66,4.79,4.44,4.49,-0.07,-1.54%,55800
IMNN,2025-10-31,4.56,4.67,4.5103,4.55,0.06,+1.34%,38200
IMNN,2025-11-03,4.6,4.6,4.33,4.39,-0.16,-3.52%,34300
IMNN,2025-11-04,4.19,4.19,3.84,3.855,-0.535,-12.19%,200600
IMNN,2025-11-05,3.92,4.03,3.9,4,0.145,+3.76%,59300
IMNN,2025-11-06,4.05,4.05,3.9,3.96,-0.04,-1.00%,37200
IMNN,2025-11-07,3.98,4.05,3.8749,4,0.04,+1.01%,54600
IMNN,2025-11-10,4.07,4.25,3.7,3.75,-0.25,-6.25%,132500
IMNN,2025-11-11,3.74,3.932,3.64,3.85,0.1,+2.67%,55900
IMNN,2025-11-12,3.84,4.04,3.82,3.95,0.1,+2.60%,35500
IMNN,2025-11-13,3.87,4.29,3.86,4.16,0.21,+5.32%,92800
IMNN,2025-11-14,3.91,4.38,3.91,4.22,0.06,+1.44%,47500
IMNN,2025-11-17,4.19,4.21,3.86,3.99,-0.23,-5.45%,40800
IMNN,2025-11-18,3.86,4.15,3.8425,4.09,0.1,+2.51%,29200
IMNN,2025-11-19,4.08,4.09,3.76,3.78,-0.31,-7.58%,39600
IMNN,2025-11-20,3.82,4,3.65,3.69,-0.09,-2.38%,29200
IMNN,2025-11-21,3.72,3.79,3.56,3.64,-0.05,-1.36%,34900
IMNN,2025-11-24,3.65,3.8652,3.65,3.75,0.11,+3.02%,14400
IMNN,2025-11-25,3.72,3.886,3.6506,3.8,0.05,+1.33%,11300
IMNN,2025-11-26,3.87,3.97,3.77,3.86,0.06,+1.58%,37300
IMNN,2025-11-28,3.9,4.12,3.9,4.12,0.26,+6.74%,22600
IMNN,2025-12-01,4.08,4.0899,3.9246,3.93,-0.19,-4.61%,16800
IMNN,2025-12-02,3.94,4,3.8701,3.91,-0.02,-0.51%,34500
IMNN,2025-12-03,3.9,4.002,3.9,3.955,0.045,+1.15%,11800
IMNN,2025-12-04,3.9,4.0799,3.9,4,0.045,+1.14%,58500
IMNN,2025-12-05,3.99,4.0851,3.9,3.9,-0.1,-2.50%,10700
IMNN,2025-12-08,3.9,4.01,3.83,3.9,0,0.00%,34800
IMNN,2025-12-09,3.87,4,3.8488,3.97,0.07,+1.79%,24900
IMNN,2025-12-10,3.93,4.35,3.9,4.18,0.21,+5.29%,118700
IMNN,2025-12-11,4.24,4.28,4.1,4.13,-0.05,-1.20%,28600
IMNN,2025-12-12,4.13,4.25,4.12,4.15,0.02,+0.48%,24500
IMNN,2025-12-15,4.2,4.2,3.97,3.97,-0.18,-4.34%,76300
IMNN,2025-12-16,3.9896,3.99,3.8009,3.88,-0.09,-2.27%,25400
IMNN,2025-12-17,3.83,3.9999,3.83,3.87,-0.01,-0.26%,15800
IMNN,2025-12-18,3.83,3.9475,3.79,3.79,-0.08,-2.07%,32200
IMNN,2025-12-19,3.87,3.89,3.75,3.75,-0.04,-1.06%,40400
IMNN,2025-12-22,3.8,3.8399,3.68,3.73,-0.02,-0.53%,45900
IMNN,2025-12-23,3.7,3.73,3.5502,3.59,-0.14,-3.75%,26500
IMNN,2025-12-24,3.6,3.7099,3.14,3.31,-0.28,-7.80%,88100
IMNN,2025-12-26,3.28,3.5,3.145,3.15,-0.16,-4.83%,66200
IMNN,2025-12-29,3.12,4,2.99,3.63,0.48,+15.24%,299900
IMNN,2025-12-30,3.5,3.6488,3.24,3.48,-0.15,-4.13%,231600
IMNN,2025-12-31,3.47,3.83,3.46,3.81,0.33,+9.48%,99900
IMNN,2026-01-02,3.81,4,3.762,3.95,0.14,+3.67%,83600
IMNN,2026-01-05,4,4.1999,3.9,3.95,0,0.00%,75300
IMNN,2026-01-06,3.93,4.14,3.84,3.95,0,0.00%,65800
IMNN,2026-01-07,3.97,4.04,3.82,3.92,-0.03,-0.76%,37200
IMNN,2026-01-08,3.85,3.9925,3.82,3.86,-0.06,-1.53%,36100
IMNN,2026-01-09,3.89,3.99,3.675,3.69,-0.17,-4.40%,43800
IMNN,2026-01-12,3.71,3.825,3.55,3.56,-0.13,-3.52%,45800
IMNN,2026-01-13,3.59,3.8,3.5113,3.8,0.24,+6.74%,80800
IMNN,2026-01-14,3.73,3.88,3.56,3.65,-0.15,-3.95%,93300
IMNN,2026-01-15,3.58,3.625,3.38,3.47,-0.18,-4.93%,65100
IMNN,2026-01-16,3.5,3.5999,3.4,3.57,0.1,+2.88%,40500
IMNN,2026-01-20,3.5,3.5599,3.39,3.46,-0.11,-3.08%,20900
IMNN,2026-01-21,3.45,3.535,3.42,3.48,0.02,+0.58%,24500
IMNN,2026-01-22,3.5,3.767,3.5,3.52,0.04,+1.15%,26600
IMNN,2026-01-23,3.63,3.7122,3.5,3.63,0.11,+3.13%,15100
IMNN,2026-01-26,3.69,3.8,3.59,3.72,0.09,+2.48%,32600
IMNN,2026-01-27,3.68,3.8905,3.6,3.64,-0.08,-2.15%,32300
IMNN,2026-01-28,3.58,3.62,3.4,3.4,-0.24,-6.59%,32200
IMNN,2026-01-29,3.4,3.49,3.28,3.31,-0.09,-2.65%,25300
IMNN,2026-01-30,3.29,3.4754,3.29,3.32,0.01,+0.30%,20500
IMNN,2026-02-02,3.33,3.36,3.155,3.18,-0.14,-4.22%,47500
IMNN,2026-02-03,3.18,3.3023,3.05,3.18,0,0.00%,70500
IMNN,2026-02-04,3.21,3.21,3.05,3.12,-0.06,-1.89%,35200
IMNN,2026-02-05,3.13,3.21,3.06,3.07,-0.05,-1.60%,47000
IMNN,2026-02-06,3.03,3.36,3.03,3.27,0.2,+6.51%,72400
IMNN,2026-02-09,3.37,3.51,3.23,3.24,-0.03,-0.92%,29900
IMNN,2026-02-10,3.42,3.62,3.3765,3.46,0.22,+6.79%,59900
IMNN,2026-02-11,3.49,3.59,3.255,3.42,-0.04,-1.16%,51400
IMNN,2026-02-12,3.42,3.5399,3.25,3.27,-0.15,-4.39%,24500
IMNN,2026-02-13,3.396,3.425,3.21,3.25,-0.02,-0.61%,17100
IMNN,2026-02-17,3.25,3.38,3.2,3.25,0,0.00%,32800
IMNN,2026-02-18,3.21,3.33,3.21,3.22,-0.03,-0.92%,12900
IMNN,2026-02-19,3.21,3.35,3.14,3.26,0.04,+1.24%,22900
IMNN,2026-02-20,3.285,3.3219,3.21,3.22,-0.04,-1.23%,13300
IMNN,2026-02-23,3.41,3.41,3.15,3.19,-0.03,-0.93%,30300
IMNN,2026-02-24,3.31,3.33,3.14,3.14,-0.05,-1.57%,24100
IMNN,2026-02-25,3.19,3.33,3.1,3.16,0.02,+0.64%,36400
IMNN,2026-02-26,3.11,3.35,3.11,3.16,0,0.00%,21700
IMNN,2026-02-27,3.15,3.2675,3.15,3.25,0.09,+2.85%,11200
IMNN,2026-03-02,3.2,3.29,3.06,3.29,0.04,+1.23%,22200
IMNN,2026-03-03,3.13,3.31,3.13,3.26,-0.03,-0.91%,6600
IMNN,2026-03-04,3.2601,3.59,3.2601,3.46,0.2,+6.13%,15200
IMNN,2026-03-05,3.56,3.58,3.32,3.34,-0.12,-3.47%,19800
IMNN,2026-03-06,3.34,3.5528,3.15,3.24,-0.1,-2.99%,19441
IMNN,2026-03-09,3.18,3.3,3.12,3.12,-0.12,-3.70%,11300
IMNN,2026-03-10,3.17,3.27,3.01,3.09,-0.03,-0.96%,16900
IMNN,2026-03-11,3.11,3.25,3.09,3.11,0.02,+0.65%,13000
IMNN,2026-03-12,3.11,3.21,3.02,3.14,0.03,+0.96%,20300
IMNN,2026-03-13,3.16,3.2375,2.99,2.99,-0.15,-4.78%,22500
IMNN,2026-03-16,3.13,3.2259,3,3.02,0.03,+1.00%,29100
IMNN,2026-03-17,3.01,3.18,2.96,3,-0.02,-0.66%,26000
IMNN,2026-03-18,2.99,3.1139,2.86,2.97,-0.03,-1.00%,32400
IMNN,2026-03-19,3,3,2.9,2.95,-0.02,-0.67%,23200
IMNN,2026-03-20,2.89,3.08,2.87,2.87,-0.08,-2.71%,50600
IMNN,2026-03-23,2.89,3.0276,2.87,2.98,0.11,+3.83%,32900
IMNN,2026-03-24,2.94,2.9999,2.835,2.94,-0.04,-1.34%,33100
IMNN,2026-03-25,2.6,2.93,2.52,2.78,-0.16,-5.44%,3513800
IMNN,2026-03-26,2.8,2.98,2.65,2.71,-0.07,-2.52%,103900
IMNN,2026-03-27,2.8,2.917,2.64,2.72,0.01,+0.37%,78500
IMNN,2026-03-30,2.8,2.9,2.6204,2.88,0.16,+5.88%,33300
IMNN,2026-03-31,2.9,2.94,2.6976,2.94,0.06,+2.08%,69500
IMNN,2026-04-01,2.91,3.01,2.88,2.99,0.05,+1.70%,19600
IMNN,2026-04-02,2.93,3.24,2.85,3.22,0.23,+7.69%,37600
IMNN,2026-04-06,3.19,3.22,3.03,3.14,-0.08,-2.48%,29300
IMNN,2026-04-07,3.1,3.2,3.03,3.12,-0.02,-0.64%,26900
IMNN,2026-04-08,3.12,3.18,3.05,3.13,0.01,+0.32%,25300
IMNN,2026-04-09,3.15,3.21,3,3.06,-0.07,-2.24%,80800
IMNN,2026-04-10,3.03,3.095,2.92,2.92,-0.14,-4.58%,12600
IMNN,2026-04-13,3,3.04,2.9,2.96,0.04,+1.37%,17700
IMNN,2026-04-14,3,3.2,3,3.1,0.14,+4.73%,42700
IMNN,2026-04-15,3.05,3.19,3.0401,3.15,0.05,+1.61%,54800
IMNN,2026-04-16,3.18,3.24,3,3.1,-0.05,-1.59%,33000
IMNN,2026-04-17,3.16,3.2,3.04,3.1,0,0.00%,54300
IMNN,2026-04-20,3.19,3.19,3.06,3.1,0,0.00%,24400
IMNN,2026-04-21,3.15,3.15,3.02,3.02,-0.08,-2.58%,24200
IMNN,2026-04-22,3.03,3.1455,2.95,3,-0.02,-0.66%,36200
IMNN,2026-04-23,3,3,2.81,2.86,-0.14,-4.67%,30300
IMNN,2026-04-24,2.87,2.9,2.74,2.79,-0.07,-2.45%,19800
IMOS,2014-12-31,23.36,23.76,23.05,23.32,20.53,+735.84%,224500
IMOS,2015-01-02,23.74,23.84,23.45,23.79,0.47,+2.02%,232600
IMOS,2015-01-05,23.6,23.79,23.39,23.41,-0.38,-1.60%,114500
IMOS,2015-01-06,23.34,23.47,23,23.12,-0.29,-1.24%,134100
IMOS,2015-01-07,23.25,23.5,22.98,23.37,0.25,+1.08%,224500
IMOS,2015-01-08,23.45,23.92,23.4,23.65,0.28,+1.20%,206600
IMOS,2015-01-09,23.67,23.91,23.15,23.6,-0.05,-0.21%,247300
IMOS,2015-01-12,23.48,23.92,23.25,23.52,-0.08,-0.34%,180200
IMOS,2015-01-13,23.61,23.86,23.03,23.3,-0.22,-0.94%,178900
IMOS,2015-01-14,23.07,24.03,23.07,23.71,0.41,+1.76%,211200
IMOS,2015-01-15,23.89,24.12,23.46,23.46,-0.25,-1.05%,106000
IMOS,2015-01-16,23.47,23.8,22.89,23.06,-0.4,-1.71%,96900
IMOS,2015-01-20,23.05,23.63,23.03,23.29,0.23,+1.00%,134300
IMOS,2015-01-21,23.35,23.63,23.08,23.3,0.01,+0.04%,105800
IMOS,2015-01-22,23.28,23.6,23.03,23.44,0.14,+0.60%,69900
IMOS,2015-01-23,23.45,23.97,23.15,23.23,-0.21,-0.90%,160700
IMOS,2015-01-26,23.45,24.05,23.22,23.91,0.68,+2.93%,178400
IMOS,2015-01-27,24.26,24.64,23.88,24.18,0.27,+1.13%,174200
IMOS,2015-01-28,24.44,24.46,23.75,23.9,-0.28,-1.16%,116100
IMOS,2015-01-29,23.85,24.08,23.66,23.96,0.06,+0.25%,108300
IMOS,2015-01-30,23.87,24.03,23.34,23.47,-0.49,-2.05%,204000
IMOS,2015-02-02,23.58,24.1,23.3,24.06,0.59,+2.51%,154400
IMOS,2015-02-03,24.25,25.22,24.23,24.98,0.92,+3.82%,271700
IMOS,2015-02-04,25,25.3,24.69,24.99,0.01,+0.04%,196100
IMOS,2015-02-05,25,25,24.34,24.5,-0.49,-1.96%,132400
IMOS,2015-02-06,24.56,24.58,24,24.12,-0.38,-1.55%,147700
IMOS,2015-02-09,24,24.24,23.54,23.62,-0.5,-2.07%,101000
IMOS,2015-02-10,23.81,23.96,23.43,23.78,0.16,+0.68%,112900
IMOS,2015-02-11,23.7,24.14,23.64,23.93,0.15,+0.63%,38600
IMOS,2015-02-12,24.12,24.12,23.72,23.96,0.03,+0.13%,92700
IMOS,2015-02-13,23.95,24.28,23.84,23.95,-0.01,-0.04%,43000
IMOS,2015-02-17,23.78,23.95,23.49,23.51,-0.44,-1.84%,60300
IMOS,2015-02-18,23.51,23.76,23.28,23.39,-0.12,-0.51%,40200
IMOS,2015-02-19,23.01,23.79,23.01,23.51,0.12,+0.51%,58400
IMOS,2015-02-20,23.58,23.84,23.21,23.65,0.14,+0.60%,73700
IMOS,2015-02-23,23.58,23.66,23.3,23.38,-0.27,-1.14%,81800
IMOS,2015-02-24,23.45,23.74,23.15,23.25,-0.13,-0.56%,206100
IMOS,2015-02-25,23.3,23.34,23.12,23.14,-0.11,-0.47%,108400
IMOS,2015-02-26,23.12,23.84,23.11,23.74,0.6,+2.59%,67100
IMOS,2015-02-27,23.5,23.77,23.19,23.42,-0.32,-1.35%,61900
IMOS,2015-03-02,23.36,23.75,23.34,23.55,0.13,+0.56%,98700
IMOS,2015-03-03,23.7,23.7,23.23,23.48,-0.07,-0.30%,162800
IMOS,2015-03-04,23.44,23.69,23.25,23.42,-0.06,-0.26%,106200
IMOS,2015-03-05,23.31,23.72,23.31,23.55,0.13,+0.56%,82700
IMOS,2015-03-06,23.5,23.85,23.24,23.28,-0.27,-1.15%,146600
IMOS,2015-03-09,23.41,23.44,23.13,23.21,-0.07,-0.30%,55500
IMOS,2015-03-10,23.13,23.23,22.65,22.68,-0.53,-2.28%,138100
IMOS,2015-03-11,22.69,22.75,22.24,22.4,-0.28,-1.23%,138600
IMOS,2015-03-12,22.05,22.58,21.29,21.57,-0.83,-3.71%,324900
IMOS,2015-03-13,22.06,23.95,22.03,23.71,2.14,+9.92%,457900
IMOS,2015-03-16,23.69,24.1,23.51,23.84,0.13,+0.55%,167600
IMOS,2015-03-17,23.53,23.76,22.67,23.03,-0.81,-3.40%,179000
IMOS,2015-03-18,23.01,23.63,23,23.58,0.55,+2.39%,233300
IMOS,2015-03-19,23.45,23.78,23.4,23.59,0.01,+0.04%,312900
IMOS,2015-03-20,23.71,23.71,23.27,23.42,-0.17,-0.72%,187300
IMOS,2015-03-23,23.49,24.07,23.38,23.63,0.21,+0.90%,277000
IMOS,2015-03-24,23.66,24.68,23.65,24.49,0.86,+3.64%,293700
IMOS,2015-03-25,24.5,24.53,23.43,23.61,-0.88,-3.59%,298900
IMOS,2015-03-26,23.41,23.88,23.08,23.76,0.15,+0.64%,164700
IMOS,2015-03-27,23.93,24.24,23.64,24.17,0.41,+1.73%,172000
IMOS,2015-03-30,23.17,24.34,23.17,24.26,0.09,+0.37%,237800
IMOS,2015-03-31,24.09,24.67,23.9,24.66,0.4,+1.65%,324100
IMOS,2015-04-01,24.46,24.69,23.77,24.3,-0.36,-1.46%,195200
IMOS,2015-04-02,24.48,24.66,24,24.17,-0.13,-0.53%,81600
IMOS,2015-04-06,23.97,24.37,23.76,24.13,-0.04,-0.17%,72100
IMOS,2015-04-07,23.99,24.58,23.92,24.51,0.38,+1.57%,141400
IMOS,2015-04-08,24.51,25,24.5,24.81,0.3,+1.22%,308000
IMOS,2015-04-09,24.8,24.99,23.77,24.41,-0.4,-1.61%,241600
IMOS,2015-04-10,24.4,24.94,24.26,24.45,0.04,+0.16%,128200
IMOS,2015-04-13,24.46,24.81,24.25,24.33,-0.12,-0.49%,88100
IMOS,2015-04-14,24.43,24.43,23.95,23.99,-0.34,-1.40%,84400
IMOS,2015-04-15,23.96,24.33,23.94,24.17,0.18,+0.75%,86100
IMOS,2015-04-16,24.26,24.3,23.9,24.06,-0.11,-0.46%,67300
IMOS,2015-04-17,23.88,23.88,23.46,23.77,-0.29,-1.21%,93200
IMOS,2015-04-20,23.81,23.99,23.43,23.55,-0.22,-0.93%,102400
IMOS,2015-04-21,23.58,23.73,23.37,23.53,-0.02,-0.08%,85400
IMOS,2015-04-22,23.56,24.04,23.45,24,0.47,+2.00%,155500
IMOS,2015-04-23,23.82,24.15,23.64,24.06,0.06,+0.25%,37000
IMOS,2015-04-24,23.9,24.24,23.8,23.96,-0.1,-0.42%,159900
IMOS,2015-04-27,24.11,24.36,23.55,23.74,-0.22,-0.92%,113400
IMOS,2015-04-28,24.01,24.01,23.29,23.51,-0.23,-0.97%,92000
IMOS,2015-04-29,23.33,23.65,23.33,23.44,-0.07,-0.30%,83500
IMOS,2015-04-30,23.4,23.62,22.98,23.1,-0.34,-1.45%,94900
IMOS,2015-05-01,23.22,23.95,23.12,23.58,0.48,+2.08%,74100
IMOS,2015-05-04,23.65,23.89,23.41,23.45,-0.13,-0.55%,44800
IMOS,2015-05-05,23.61,23.61,22.82,23.04,-0.41,-1.75%,82600
IMOS,2015-05-06,23.09,23.29,22.81,23.07,0.03,+0.13%,87900
IMOS,2015-05-07,23.08,23.34,22.97,23.3,0.23,+1.00%,48100
IMOS,2015-05-08,23.43,23.49,22.67,22.75,-0.55,-2.36%,109000
IMOS,2015-05-11,22.7,23.57,22.69,23.56,0.81,+3.56%,213400
IMOS,2015-05-12,23,23.48,22,22.78,-0.78,-3.31%,478000
IMOS,2015-05-13,22.82,23.23,22.7,23.03,0.25,+1.10%,95700
IMOS,2015-05-14,23.08,23.69,22.78,23.51,0.48,+2.08%,221400
IMOS,2015-05-15,23.53,23.57,23.2,23.48,-0.03,-0.13%,101400
IMOS,2015-05-18,23.39,23.39,23,23.13,-0.35,-1.49%,118500
IMOS,2015-05-19,23.36,23.82,23.3,23.45,0.32,+1.38%,106700
IMOS,2015-05-20,23.41,23.67,23.21,23.38,-0.07,-0.30%,93700
IMOS,2015-05-21,23.34,23.44,22.98,23.11,-0.27,-1.15%,94200
IMOS,2015-05-22,23,23.33,22.88,22.88,-0.23,-1.00%,95200
IMOS,2015-05-26,22.79,23.28,22.79,23.03,0.15,+0.66%,121200
IMOS,2015-05-27,23.1,23.34,22.82,23.23,0.2,+0.87%,206400
IMOS,2015-05-28,23.11,23.4,23.09,23.29,0.06,+0.26%,67000
IMOS,2015-05-29,23.25,23.45,23.03,23.22,-0.07,-0.30%,61600
IMOS,2015-06-01,23.36,23.5,23.15,23.43,0.21,+0.90%,93900
IMOS,2015-06-02,23.32,23.49,22.87,23.03,-0.4,-1.71%,162600
IMOS,2015-06-03,23.2,23.5,23.2,23.47,0.44,+1.91%,107000
IMOS,2015-06-04,23.35,23.35,23.04,23.11,-0.36,-1.53%,103800
IMOS,2015-06-05,22.9,23.16,22.72,22.81,-0.3,-1.30%,130200
IMOS,2015-06-08,22.76,22.91,22.54,22.81,0,0.00%,90400
IMOS,2015-06-09,22.53,22.59,22.17,22.47,-0.34,-1.49%,85200
IMOS,2015-06-10,22.53,22.86,22.45,22.75,0.28,+1.25%,103800
IMOS,2015-06-11,22.79,23.25,22.73,22.85,0.1,+0.44%,71900
IMOS,2015-06-12,22.73,22.89,22.57,22.67,-0.18,-0.79%,91500
IMOS,2015-06-15,22.51,22.55,22.02,22.31,-0.36,-1.59%,117200
IMOS,2015-06-16,22.16,23.18,22.12,23.16,0.85,+3.81%,168400
IMOS,2015-06-17,23.12,23.12,22.5,22.57,-0.59,-2.55%,89600
IMOS,2015-06-18,22.63,23.12,22.46,23.05,0.48,+2.13%,187200
IMOS,2015-06-19,23.07,23.07,22.49,22.68,-0.37,-1.61%,120400
IMOS,2015-06-22,22.79,23.48,22.6,23.31,0.63,+2.78%,167600
IMOS,2015-06-23,23.5,23.5,22.93,23.13,-0.18,-0.77%,105900
IMOS,2015-06-24,23.11,23.42,23.11,23.28,0.15,+0.65%,88000
IMOS,2015-06-25,23.23,23.23,22.56,22.64,-0.64,-2.75%,118900
IMOS,2015-06-26,22.41,22.76,21.89,22.17,-0.47,-2.08%,149300
IMOS,2015-06-29,21.96,22.09,21.06,21.11,-1.06,-4.78%,175300
IMOS,2015-06-30,21.35,21.89,21.1,21.84,0.73,+3.46%,281500
IMOS,2015-07-01,21.84,22.22,21.8,22,0.16,+0.73%,155800
IMOS,2015-07-02,22,22.06,21.54,21.71,-0.29,-1.32%,66500
IMOS,2015-07-06,21.42,21.65,20.94,21.07,-0.64,-2.95%,136200
IMOS,2015-07-07,21,21.04,19.89,20.74,-0.33,-1.57%,205400
IMOS,2015-07-08,20.39,21.38,20.22,21.02,0.28,+1.35%,183200
IMOS,2015-07-09,21.24,21.41,19.96,20.16,-0.86,-4.09%,166600
IMOS,2015-07-10,20.25,20.53,20.01,20.19,0.03,+0.15%,105600
IMOS,2015-07-13,20.51,20.63,20.03,20.28,0.09,+0.45%,86700
IMOS,2015-07-14,20.64,23.08,20.51,21.4,1.12,+5.52%,369300
IMOS,2015-07-15,21.4,21.41,19.73,19.97,-1.43,-6.68%,339300
IMOS,2015-07-16,20.04,20.49,19.76,20.2,0.23,+1.15%,137800
IMOS,2015-07-17,20.25,20.25,19.4,19.44,-0.76,-3.76%,140200
IMOS,2015-07-20,19.4,19.43,18.51,18.92,-0.52,-2.67%,386100
IMOS,2015-07-21,18.88,19.2,18.43,18.45,-0.47,-2.48%,187900
IMOS,2015-07-22,18.3,18.3,17.51,17.7,-0.75,-4.07%,383200
IMOS,2015-07-23,17.71,18.81,17.47,17.5,-0.2,-1.13%,338800
IMOS,2015-07-24,17.59,17.59,16.9,16.94,-0.56,-3.20%,262800
IMOS,2015-07-27,16.94,17,16.12,16.25,-0.69,-4.07%,317000
IMOS,2015-07-28,16.35,16.58,16.02,16.15,-0.1,-0.62%,341800
IMOS,2015-07-29,15.01,17.21,14.89,16.92,0.77,+4.77%,674000
IMOS,2015-07-30,16.71,17.06,16.33,16.39,-0.53,-3.13%,227900
IMOS,2015-07-31,16.45,16.65,16.31,16.46,0.07,+0.43%,138000
IMOS,2015-08-03,16.52,16.73,16.02,16.18,-0.28,-1.70%,206500
IMOS,2015-08-04,16.18,16.33,15.56,15.91,-0.27,-1.67%,163800
IMOS,2015-08-05,16,16.5,16,16.07,0.16,+1.01%,103100
IMOS,2015-08-06,16.04,16.06,15.41,15.69,-0.38,-2.36%,203400
IMOS,2015-08-07,15.6,16.41,15.59,16.25,0.56,+3.57%,264300
IMOS,2015-08-10,16.53,17.97,16.48,17.38,1.13,+6.95%,339400
IMOS,2015-08-11,16.63,17.41,15.63,16.41,-0.97,-5.58%,338900
IMOS,2015-08-12,16.28,16.58,15.86,15.91,-0.5,-3.05%,194700
IMOS,2015-08-13,15.9,16.01,15.51,15.62,-0.29,-1.82%,166400
IMOS,2015-08-14,15.56,16.11,15.42,16,0.38,+2.43%,154500
IMOS,2015-08-17,15.91,17.3,15.91,16.63,0.63,+3.94%,229500
IMOS,2015-08-18,16.59,16.63,15.65,15.77,-0.86,-5.17%,232600
IMOS,2015-08-19,15.74,15.74,15.29,15.41,-0.36,-2.28%,244400
IMOS,2015-08-20,15.29,15.59,15.14,15.39,-0.02,-0.13%,276000
IMOS,2015-08-21,15.24,16.35,15.24,16.05,0.66,+4.29%,360400
IMOS,2015-08-24,15.2,16.84,15.13,16.1,0.05,+0.31%,319800
IMOS,2015-08-25,16.2,16.79,16,16.03,-0.07,-0.43%,337400
IMOS,2015-08-26,16.44,16.75,16.13,16.63,0.6,+3.74%,319000
IMOS,2015-08-27,16.85,17.31,16.66,17.12,0.49,+2.95%,396800
IMOS,2015-08-28,17.07,18.74,17.07,18.56,1.44,+8.41%,289300
IMOS,2015-08-31,18.37,18.78,18.03,18.59,0.03,+0.16%,291300
IMOS,2015-09-01,18.02,18.92,18.02,18.74,0.15,+0.81%,294100
IMOS,2015-09-02,18.96,19.12,18.55,18.91,0.17,+0.91%,296700
IMOS,2015-09-03,19,19.5,18.86,19.17,0.26,+1.37%,310400
IMOS,2015-09-04,18.93,19.73,18.93,19.19,0.02,+0.10%,234400
IMOS,2015-09-08,19.61,19.87,19.2,19.48,0.29,+1.51%,311800
IMOS,2015-09-09,19.58,19.8,18.88,19.33,-0.15,-0.77%,342400
IMOS,2015-09-10,19.18,19.6,19.02,19.29,-0.04,-0.21%,179200
IMOS,2015-09-11,19.14,19.44,18.7,19.03,-0.26,-1.35%,181100
IMOS,2015-09-14,19.09,19.31,18.93,19.05,0.02,+0.11%,118200
IMOS,2015-09-15,19.07,19.24,18.61,18.67,-0.38,-1.99%,183200
IMOS,2015-09-16,18.73,19.38,18.69,19.3,0.63,+3.37%,228800
IMOS,2015-09-17,19.16,19.38,18.95,19.13,-0.17,-0.88%,162000
IMOS,2015-09-18,18.92,19.15,18.51,18.66,-0.47,-2.46%,168600
IMOS,2015-09-21,18.72,18.72,18.06,18.19,-0.47,-2.52%,122000
IMOS,2015-09-22,17.7,17.8,17.17,17.35,-0.84,-4.62%,175800
IMOS,2015-09-23,17.5,17.68,17.4,17.52,0.17,+0.98%,83000
IMOS,2015-09-24,17.2,17.35,16.9,17.12,-0.4,-2.28%,118900
IMOS,2015-09-25,17.29,17.29,16.52,16.94,-0.18,-1.05%,137800
IMOS,2015-09-28,16.82,17.03,16.25,16.26,-0.68,-4.01%,88100
IMOS,2015-09-29,16.18,16.36,15.76,16.18,-0.08,-0.49%,161700
IMOS,2015-09-30,16.39,16.97,16.36,16.42,0.24,+1.48%,194200
IMOS,2015-10-01,16.5,16.53,15.39,16.05,-0.37,-2.25%,264200
IMOS,2015-10-02,15.92,16.7,15.87,16.7,0.65,+4.05%,175000
IMOS,2015-10-05,16.81,17.2,16.64,16.86,0.16,+0.96%,153700
IMOS,2015-10-06,16.89,17.1,16.21,16.99,0.13,+0.77%,118600
IMOS,2015-10-07,16.98,17.31,16.75,17.04,0.05,+0.29%,114000
IMOS,2015-10-08,16.84,17.1,16.13,17.02,-0.02,-0.12%,150500
IMOS,2015-10-09,17.03,17.12,16.55,16.68,-0.34,-2.00%,95400
IMOS,2015-10-12,16.73,16.98,16.36,16.89,0.21,+1.26%,99800
IMOS,2015-10-13,16.86,17.09,16.63,16.79,-0.1,-0.59%,69000
IMOS,2015-10-14,16.77,17.66,16.77,17.52,0.73,+4.35%,136600
IMOS,2015-10-15,17.6,17.92,17.33,17.62,0.1,+0.57%,95100
IMOS,2015-10-16,17.95,17.95,17.5,17.56,-0.06,-0.34%,50300
IMOS,2015-10-19,17.45,17.72,17.36,17.6,0.04,+0.23%,65700
IMOS,2015-10-20,17.5,17.85,17.38,17.71,0.11,+0.63%,130600
IMOS,2015-10-21,17.8,18.03,17.42,17.7,-0.01,-0.06%,93800
IMOS,2015-10-22,17.78,18.44,17.78,18,0.3,+1.69%,129500
IMOS,2015-10-23,18.24,18.44,18.06,18.2,0.2,+1.11%,101700
IMOS,2015-10-26,18.11,18.18,17.39,17.44,-0.76,-4.18%,113000
IMOS,2015-10-27,17.25,17.81,17.25,17.59,0.15,+0.86%,98100
IMOS,2015-10-28,17.62,18.02,17.52,17.94,0.35,+1.99%,80800
IMOS,2015-10-29,17.8,17.94,17.35,17.38,-0.56,-3.12%,129700
IMOS,2015-10-30,17.43,17.79,17.43,17.73,0.35,+2.01%,116500
IMOS,2015-11-02,17.7,18.05,17.61,17.69,-0.04,-0.23%,112100
IMOS,2015-11-03,18.06,19.44,18.06,19.32,1.63,+9.21%,180500
IMOS,2015-11-04,19.28,19.47,18.8,18.92,-0.4,-2.07%,116000
IMOS,2015-11-05,18.92,19.09,18.51,18.56,-0.36,-1.90%,64800
IMOS,2015-11-06,18.53,19.32,17,19,0.44,+2.37%,138200
IMOS,2015-11-09,18.99,18.99,18.39,18.63,-0.37,-1.95%,90000
IMOS,2015-11-10,18.58,18.72,18.22,18.26,-0.37,-1.99%,84100
IMOS,2015-11-11,18.25,18.59,18.24,18.38,0.12,+0.66%,75200
IMOS,2015-11-12,18.31,18.52,17.96,18.09,-0.29,-1.58%,90700
IMOS,2015-11-13,17.78,18.62,17.08,17.32,-0.77,-4.26%,271300
IMOS,2015-11-16,17.28,17.8,17.08,17.78,0.46,+2.66%,65800
IMOS,2015-11-17,16.8,18.65,16.49,18.43,0.65,+3.66%,165800
IMOS,2015-11-18,18.4,18.83,18.31,18.67,0.24,+1.30%,143100
IMOS,2015-11-19,18.56,18.74,18.41,18.61,-0.06,-0.32%,88200
IMOS,2015-11-20,18.46,19.08,18.3,19.03,0.42,+2.26%,144700
IMOS,2015-11-23,19.02,19.46,18.8,19.15,0.12,+0.63%,149500
IMOS,2015-11-24,19.24,20.3,19.08,19.84,0.69,+3.60%,210700
IMOS,2015-11-25,19.9,20.02,19.2,19.24,-0.6,-3.02%,171500
IMOS,2015-11-27,19.32,19.44,19.13,19.18,-0.06,-0.31%,23300
IMOS,2015-11-30,19.3,19.38,19.05,19.31,0.13,+0.68%,67600
IMOS,2015-12-01,19.55,19.63,19.3,19.54,0.23,+1.19%,94400
IMOS,2015-12-02,19.58,19.82,19.37,19.52,-0.02,-0.10%,102100
IMOS,2015-12-03,19.64,19.85,19.46,19.68,0.16,+0.82%,88400
IMOS,2015-12-04,19.65,19.83,19.51,19.67,-0.01,-0.05%,45400
IMOS,2015-12-07,19.81,19.81,18.81,18.84,-0.83,-4.22%,122500
IMOS,2015-12-08,18.88,19.2,18.6,18.86,0.02,+0.11%,84600
IMOS,2015-12-09,19,19.04,18.56,18.78,-0.08,-0.42%,78800
IMOS,2015-12-10,18.63,18.93,18.32,18.65,-0.13,-0.69%,95400
IMOS,2015-12-11,19.85,20,19.05,19.48,0.83,+4.45%,231400
IMOS,2015-12-14,19.55,19.8,19.04,19.39,-0.09,-0.46%,160900
IMOS,2015-12-15,19.36,19.38,19.05,19.18,-0.21,-1.08%,442100
IMOS,2015-12-16,19.1,19.38,18.81,19.13,-0.05,-0.26%,63400
IMOS,2015-12-17,19.13,19.3,18.5,18.78,-0.35,-1.83%,120000
IMOS,2015-12-18,18.77,18.81,18.41,18.58,-0.2,-1.06%,84000
IMOS,2015-12-21,18.5,19.18,18.36,19.11,0.53,+2.85%,89400
IMOS,2015-12-22,19.22,19.69,18.95,19.54,0.43,+2.25%,78700
IMOS,2015-12-23,19.49,20.19,19.33,19.84,0.3,+1.54%,127400
IMOS,2015-12-24,19.79,20.73,19.79,20.64,0.8,+4.03%,136900
IMOS,2015-12-28,20.64,20.64,19.72,20.32,-0.32,-1.55%,131800
IMOS,2015-12-29,20.32,20.78,20.01,20.05,-0.27,-1.33%,101000
IMOS,2015-12-30,20.1,20.17,19.79,19.89,-0.16,-0.80%,59800
IMOS,2015-12-31,19.79,20.18,19.71,19.8,-0.09,-0.45%,92800
IMOS,2016-01-04,19.52,19.52,18.63,18.72,-1.08,-5.45%,110900
IMOS,2016-01-05,18.62,18.72,18.14,18.21,-0.51,-2.72%,125600
IMOS,2016-01-06,18,18.08,17.33,17.57,-0.64,-3.51%,112600
IMOS,2016-01-07,17.11,18.15,16.87,18.01,0.44,+2.50%,234500
IMOS,2016-01-08,18.2,18.89,17.74,17.79,-0.22,-1.22%,241300
IMOS,2016-01-11,18.05,18.2,17.51,17.66,-0.13,-0.73%,159200
IMOS,2016-01-12,17.9,18.15,17.85,18.08,0.42,+2.38%,214600
IMOS,2016-01-13,18.16,18.57,17.61,17.66,-0.42,-2.32%,215100
IMOS,2016-01-14,17.7,18.03,16.91,17.85,0.19,+1.08%,117300
IMOS,2016-01-15,17.9,17.9,16.68,16.9,-0.95,-5.32%,126600
IMOS,2016-01-19,17.31,17.83,16.75,16.93,0.03,+0.18%,154000
IMOS,2016-01-20,17,18.27,16.74,18.15,1.22,+7.21%,368100
IMOS,2016-01-21,18.5,18.92,17.2,18,-0.15,-0.83%,299200
IMOS,2016-01-22,18.1,18.36,17.35,17.78,-0.22,-1.22%,399100
IMOS,2016-01-25,17.85,18.01,16.11,17.9,0.12,+0.67%,120800
IMOS,2016-01-26,17.84,18.15,17.3,18.05,0.15,+0.84%,197800
IMOS,2016-01-27,17.91,18.12,16.78,17.93,-0.12,-0.66%,204400
IMOS,2016-01-28,18.07,18.27,17.9,18,0.07,+0.39%,247300
IMOS,2016-01-29,18,18.3,16.91,18,0,0.00%,485300
IMOS,2016-02-01,17.96,18.05,17.73,17.98,-0.02,-0.11%,175500
IMOS,2016-02-02,17.84,17.98,17.41,17.62,-0.36,-2.00%,136500
IMOS,2016-02-03,17.68,17.96,17.41,17.85,0.23,+1.31%,174900
IMOS,2016-02-04,17.8,18.05,17.56,18,0.15,+0.84%,205600
IMOS,2016-02-05,17.96,17.99,17.64,17.66,-0.34,-1.89%,162900
IMOS,2016-02-08,17.38,17.5,16.6,16.84,-0.82,-4.64%,166000
IMOS,2016-02-09,16.73,16.96,16.19,16.21,-0.63,-3.74%,162200
IMOS,2016-02-10,16.33,16.64,15.91,16.15,-0.06,-0.37%,174600
IMOS,2016-02-11,16.02,16.69,15.72,15.95,-0.2,-1.24%,166500
IMOS,2016-02-12,15.86,16.17,14.35,14.49,-1.46,-9.15%,673200
IMOS,2016-02-16,14.65,17.39,14.65,17.03,2.54,+17.53%,453000
IMOS,2016-02-17,17.04,17.39,16.44,17.23,0.2,+1.17%,337700
IMOS,2016-02-18,17.22,17.47,16.65,17.31,0.08,+0.46%,221400
IMOS,2016-02-19,17.22,17.43,16.98,17.28,-0.03,-0.17%,191200
IMOS,2016-02-22,17.34,17.58,17.2,17.25,-0.03,-0.17%,130900
IMOS,2016-02-23,17.16,17.32,16.94,16.96,-0.29,-1.68%,64300
IMOS,2016-02-24,16.76,17.39,16.54,17.33,0.37,+2.18%,70600
IMOS,2016-02-25,17.25,17.42,17.13,17.25,-0.08,-0.46%,30800
IMOS,2016-02-26,17.29,17.51,17.12,17.15,-0.1,-0.58%,48300
IMOS,2016-02-29,17.21,17.52,17.18,17.28,0.13,+0.76%,120000
IMOS,2016-03-01,17.4,17.95,17.22,17.77,0.49,+2.84%,178900
IMOS,2016-03-02,17.81,18,17.59,17.8,0.03,+0.17%,35500
IMOS,2016-03-03,17.71,18.08,17.68,17.93,0.13,+0.73%,63400
IMOS,2016-03-04,17.93,18.1,17.84,17.93,0,0.00%,83500
IMOS,2016-03-07,17.88,18.14,17.82,17.95,0.02,+0.11%,136500
IMOS,2016-03-08,17.89,18.13,17.65,17.89,-0.06,-0.33%,63800
IMOS,2016-03-09,17.79,18,17.62,17.82,-0.07,-0.39%,57200
IMOS,2016-03-10,17.99,18.18,17.36,17.48,-0.34,-1.91%,161900
IMOS,2016-03-11,16,17.61,16,17.37,-0.11,-0.63%,124700
IMOS,2016-03-14,17.35,17.48,16.93,17.19,-0.18,-1.04%,106000
IMOS,2016-03-15,17.19,17.3,16.82,16.92,-0.27,-1.57%,125300
IMOS,2016-03-16,16.77,17.13,16.69,17.04,0.12,+0.71%,93600
IMOS,2016-03-17,16.55,17.3,16.55,17.21,0.17,+1.00%,154000
IMOS,2016-03-18,17.3,17.6,17.25,17.47,0.26,+1.51%,72100
IMOS,2016-03-21,17.38,17.51,17.16,17.24,-0.23,-1.32%,67100
IMOS,2016-03-22,16.71,16.95,16.6,16.7,-0.54,-3.13%,388000
IMOS,2016-03-23,16.77,17.35,16.69,16.91,0.21,+1.26%,89700
IMOS,2016-03-24,16.76,17.09,16.5,17.03,0.12,+0.71%,46800
IMOS,2016-03-28,17.04,17.22,16.82,17.15,0.12,+0.70%,56900
IMOS,2016-03-29,17.05,17.37,16.95,17.35,0.2,+1.17%,132900
IMOS,2016-03-30,17.5,17.91,17.26,17.48,0.13,+0.75%,162100
IMOS,2016-03-31,17.5,17.74,17.34,17.38,-0.1,-0.57%,55900
IMOS,2016-04-01,17.26,17.65,17.26,17.55,0.17,+0.98%,79700
IMOS,2016-04-04,17.48,17.61,17.34,17.51,-0.04,-0.23%,60000
IMOS,2016-04-05,17.45,17.62,17.25,17.45,-0.06,-0.34%,118800
IMOS,2016-04-06,17.52,17.67,17.31,17.53,0.08,+0.46%,36700
IMOS,2016-04-07,17.5,17.75,17.43,17.59,0.06,+0.34%,66800
IMOS,2016-04-08,17.58,18.09,17.54,18.02,0.43,+2.44%,171000
IMOS,2016-04-11,18.08,18.3,17.94,17.94,-0.08,-0.44%,41500
IMOS,2016-04-12,17.9,18.01,17.29,17.51,-0.43,-2.40%,37800
IMOS,2016-04-13,17.64,17.87,17.59,17.6,0.09,+0.51%,37800
IMOS,2016-04-14,17.54,17.64,17.27,17.49,-0.11,-0.63%,44600
IMOS,2016-04-15,17.5,17.55,17.37,17.5,0.01,+0.06%,32000
IMOS,2016-04-18,17.56,17.59,17.45,17.5,0,0.00%,97800
IMOS,2016-04-19,17.51,17.75,17.35,17.41,-0.09,-0.51%,68700
IMOS,2016-04-20,17.41,17.41,17.09,17.33,-0.08,-0.46%,83600
IMOS,2016-04-21,17.27,17.56,17.27,17.48,0.15,+0.87%,32300
IMOS,2016-04-22,17.49,17.92,17.49,17.78,0.3,+1.72%,85300
IMOS,2016-04-25,17.82,17.97,17.73,17.91,0.13,+0.73%,93900
IMOS,2016-04-26,17.98,18.5,17.72,17.72,-0.19,-1.06%,79000
IMOS,2016-04-27,17.81,18.24,17.72,17.73,0.01,+0.06%,25500
IMOS,2016-04-28,17.71,17.71,17.25,17.32,-0.41,-2.31%,65300
IMOS,2016-04-29,17.35,17.35,16.78,16.82,-0.5,-2.89%,67000
IMOS,2016-05-02,16.87,17.06,16.78,17.02,0.2,+1.19%,52100
IMOS,2016-05-03,16.93,17.38,16.9,17.3,0.28,+1.65%,84800
IMOS,2016-05-04,17.21,17.68,17.21,17.39,0.09,+0.52%,59000
IMOS,2016-05-05,17.46,17.47,16.97,17.05,-0.34,-1.96%,134700
IMOS,2016-05-06,17.25,17.47,16.95,17.28,0.23,+1.35%,96300
IMOS,2016-05-09,17.35,17.42,17.05,17.19,-0.09,-0.52%,91900
IMOS,2016-05-10,17.14,17.36,16.87,17.14,-0.05,-0.29%,143500
IMOS,2016-05-11,17.09,17.19,16.98,17.06,-0.08,-0.47%,83700
IMOS,2016-05-12,17.05,17.38,16.74,16.93,-0.13,-0.76%,79400
IMOS,2016-05-13,16.34,17.68,16.34,17.16,0.23,+1.36%,167500
IMOS,2016-05-16,17.27,17.57,17.21,17.29,0.13,+0.76%,89600
IMOS,2016-05-17,17.27,17.4,17.18,17.4,0.11,+0.64%,83700
IMOS,2016-05-18,17.35,17.8,17.35,17.6,0.2,+1.15%,120700
IMOS,2016-05-19,17.49,17.67,17.15,17.3,-0.3,-1.70%,123000
IMOS,2016-05-20,17.33,17.78,17.33,17.72,0.42,+2.43%,89700
IMOS,2016-05-23,17.83,18.06,17.83,17.94,0.22,+1.24%,91600
IMOS,2016-05-24,17.94,18.1,17.91,18.07,0.13,+0.72%,151400
IMOS,2016-05-25,18.1,18.37,18,18.21,0.14,+0.77%,63300
IMOS,2016-05-26,18.27,18.75,18.27,18.65,0.44,+2.42%,103500
IMOS,2016-05-27,18.61,19,18.61,18.95,0.3,+1.61%,26300
IMOS,2016-05-31,18.96,19.26,18.5,18.87,-0.08,-0.42%,98300
IMOS,2016-06-01,18.77,18.99,18.77,18.88,0.01,+0.05%,43900
IMOS,2016-06-02,18.81,19.12,18.78,18.94,0.06,+0.32%,54000
IMOS,2016-06-03,18.81,19.12,18.81,18.97,0.03,+0.16%,36900
IMOS,2016-06-06,18.93,19.07,18.89,18.92,-0.05,-0.26%,78000
IMOS,2016-06-07,19.01,19.05,18.81,18.92,0,0.00%,94700
IMOS,2016-06-08,18.79,18.95,18.51,18.62,-0.3,-1.59%,39900
IMOS,2016-06-09,18.62,18.64,18.25,18.27,-0.35,-1.88%,40800
IMOS,2016-06-10,18.09,18.28,17.1,17.3,-0.97,-5.31%,240900
IMOS,2016-06-13,17.34,17.65,17.26,17.52,0.22,+1.27%,32700
IMOS,2016-06-14,17.48,18.05,17.48,17.98,0.46,+2.63%,45700
IMOS,2016-06-15,18.08,18.08,17.61,17.96,-0.02,-0.11%,40800
IMOS,2016-06-16,17.95,18.26,17.82,18.19,0.23,+1.28%,75300
IMOS,2016-06-17,18.03,18.35,17.99,18.33,0.14,+0.77%,41500
IMOS,2016-06-20,18.4,18.42,18.08,18.18,-0.15,-0.82%,53400
IMOS,2016-06-21,18.24,18.27,18,18.23,0.05,+0.28%,125100
IMOS,2016-06-22,18.21,19.37,18.21,19.07,0.84,+4.61%,182000
IMOS,2016-06-23,19.07,19.16,18.76,18.83,-0.24,-1.26%,76100
IMOS,2016-06-24,18.43,18.99,18,18.2,-0.63,-3.35%,40200
IMOS,2016-06-27,18.07,18.36,17.86,17.93,-0.27,-1.48%,102200
IMOS,2016-06-28,18.05,18.33,17.97,18.29,0.36,+2.01%,52800
IMOS,2016-06-29,18.5,18.55,18.38,18.38,0.09,+0.49%,25000
IMOS,2016-06-30,18.52,18.55,18.01,18.11,-0.27,-1.47%,88600
IMOS,2016-07-01,18.07,18.47,17.94,17.99,-0.12,-0.66%,52600
IMOS,2016-07-05,17.96,18.34,17.79,17.85,-0.14,-0.78%,60900
IMOS,2016-07-06,17.73,17.99,17.59,17.74,-0.11,-0.62%,60000
IMOS,2016-07-07,17.56,17.92,17.5,17.7,-0.04,-0.23%,91300
IMOS,2016-07-08,17.77,17.83,17.5,17.72,0.02,+0.11%,61900
IMOS,2016-07-11,17.7,17.72,17.46,17.46,-0.26,-1.47%,65300
IMOS,2016-07-12,17.52,17.52,17.15,17.18,-0.28,-1.60%,105800
IMOS,2016-07-13,17.28,17.33,17.02,17.09,-0.09,-0.52%,89200
IMOS,2016-07-14,17.16,17.34,17.11,17.26,0.17,+0.99%,105700
IMOS,2016-07-15,17.33,17.73,17.02,17.29,0.03,+0.17%,75400
IMOS,2016-07-18,17.4,17.73,17.28,17.53,0.24,+1.39%,126000
IMOS,2016-07-19,17.5,17.61,17.32,17.33,-0.2,-1.14%,54500
IMOS,2016-07-20,17.33,17.5,17.2,17.35,0.02,+0.12%,146900
IMOS,2016-07-21,17.4,17.46,17.22,17.25,-0.1,-0.58%,35600
IMOS,2016-07-22,17.22,17.42,17.05,17.36,0.11,+0.64%,74300
IMOS,2016-07-25,17.4,17.74,17.25,17.31,-0.05,-0.29%,66900
IMOS,2016-07-26,17.31,17.59,17.31,17.52,0.21,+1.21%,221100
IMOS,2016-07-27,17.57,17.68,17.45,17.54,0.02,+0.11%,194300
IMOS,2016-07-28,17.58,17.61,17.42,17.5,-0.04,-0.23%,47700
IMOS,2016-07-29,17.52,17.73,17.33,17.36,-0.14,-0.80%,34000
IMOS,2016-08-01,17.43,17.56,17.1,17.1,-0.26,-1.50%,89700
IMOS,2016-08-02,17.12,17.19,16.98,17.07,-0.03,-0.18%,86400
IMOS,2016-08-03,17.17,17.33,17.04,17.21,0.14,+0.82%,107100
IMOS,2016-08-04,17.2,17.4,17.15,17.24,0.03,+0.17%,128100
IMOS,2016-08-05,17.36,17.8,17.33,17.44,0.2,+1.16%,118700
IMOS,2016-08-08,17.41,17.64,17.4,17.52,0.08,+0.46%,117800
IMOS,2016-08-09,17.48,17.8,17.48,17.57,0.05,+0.29%,169900
IMOS,2016-08-10,17.64,18.25,17.4,18.19,0.62,+3.53%,331500
IMOS,2016-08-11,17.84,19.2,17.84,19.15,0.96,+5.28%,131200
IMOS,2016-08-12,19.24,19.7,19.24,19.62,0.47,+2.45%,232300
IMOS,2016-08-15,19.6,19.6,19.45,19.55,-0.07,-0.36%,169900
IMOS,2016-08-16,19.44,19.5,19.31,19.38,-0.17,-0.87%,122700
IMOS,2016-08-17,19.23,19.58,19.23,19.5,0.12,+0.62%,118600
IMOS,2016-08-18,19.49,19.71,19.42,19.65,0.15,+0.77%,69400
IMOS,2016-08-19,19.6,19.94,19.57,19.93,0.28,+1.42%,82800
IMOS,2016-08-22,19.98,19.98,19.72,19.73,-0.2,-1.00%,111200
IMOS,2016-08-23,19.8,19.88,19.73,19.79,0.06,+0.30%,59400
IMOS,2016-08-24,19.86,19.86,19.58,19.61,-0.18,-0.91%,108100
IMOS,2016-08-25,19.71,19.89,19.58,19.68,0.07,+0.36%,45100
IMOS,2016-08-26,19.7,19.87,19.64,19.77,0.09,+0.46%,42700
IMOS,2016-08-29,19.77,19.8,19.61,19.64,-0.13,-0.66%,66400
IMOS,2016-08-30,19.63,19.75,19.46,19.59,-0.05,-0.25%,57800
IMOS,2016-08-31,19.49,19.64,19.49,19.55,-0.04,-0.20%,50900
IMOS,2016-09-01,19.48,19.74,19.48,19.6,0.05,+0.26%,75400
IMOS,2016-09-02,19.59,19.75,19.5,19.58,-0.02,-0.10%,61200
IMOS,2016-09-06,19.58,19.69,19.47,19.53,-0.05,-0.26%,111400
IMOS,2016-09-07,19.5,19.86,19.5,19.86,0.33,+1.69%,190200
IMOS,2016-09-08,19.76,20.06,19.76,20.03,0.17,+0.86%,70500
IMOS,2016-09-09,19.9,20.09,19.78,19.98,-0.05,-0.25%,91200
IMOS,2016-09-12,19.79,20.04,19.77,19.99,0.01,+0.05%,58700
IMOS,2016-09-13,19.84,19.96,19.68,19.78,-0.21,-1.05%,67000
IMOS,2016-09-14,19.48,19.94,19.48,19.92,0.14,+0.71%,75500
IMOS,2016-09-15,19.98,19.98,19.7,19.84,-0.08,-0.40%,58800
IMOS,2016-09-16,19.79,19.97,19.58,19.85,0.01,+0.05%,58000
IMOS,2016-09-19,19.9,20.08,19.72,19.86,0.01,+0.05%,155800
IMOS,2016-09-20,19.85,19.98,19.81,19.9,0.04,+0.20%,78500
IMOS,2016-09-21,19.96,20.35,19.95,20.23,0.33,+1.66%,182400
IMOS,2016-09-22,20.37,20.4,19.95,20.22,-0.01,-0.05%,72300
IMOS,2016-09-23,20.23,20.29,20.12,20.19,-0.03,-0.15%,52400
IMOS,2016-09-26,20.1,20.19,19.91,19.95,-0.24,-1.19%,152700
IMOS,2016-09-27,19.95,20.21,19.77,19.86,-0.09,-0.45%,146000
IMOS,2016-09-28,19.86,19.98,19.6,19.85,-0.01,-0.05%,124300
IMOS,2016-09-29,19.85,19.9,19.67,19.83,-0.02,-0.10%,55500
IMOS,2016-09-30,19.8,19.9,19.73,19.8,-0.03,-0.15%,67400
IMOS,2016-10-03,19.79,19.79,19.55,19.61,-0.19,-0.96%,83600
IMOS,2016-10-04,19.66,19.9,19.64,19.76,0.15,+0.76%,80300
IMOS,2016-10-05,19.73,19.88,19.65,19.78,0.02,+0.10%,64100
IMOS,2016-10-06,19.83,19.92,19.47,19.69,-0.09,-0.46%,157700
IMOS,2016-10-07,19.6,19.75,19.44,19.7,0.01,+0.05%,123400
IMOS,2016-10-10,19.9,19.92,19.45,19.84,0.14,+0.71%,188400
IMOS,2016-10-11,19.8,19.8,19.32,19.4,-0.44,-2.22%,81300
IMOS,2016-10-12,19.4,19.72,19.27,19.63,0.23,+1.19%,55400
IMOS,2016-10-13,19.48,19.56,19.15,19.54,-0.09,-0.46%,55200
IMOS,2016-10-14,19.5,19.71,19.33,19.48,-0.06,-0.31%,46000
IMOS,2016-10-17,19.55,19.58,19.4,19.4,-0.08,-0.41%,45500
IMOS,2016-10-18,19.5,19.55,19.45,19.55,0.15,+0.77%,76300
IMOS,2016-10-19,19.4,19.7,19.4,19.7,0.15,+0.77%,119900
IMOS,2016-10-20,19.85,19.95,19.6,19.85,0.15,+0.76%,241400
IMOS,2016-10-21,19.75,19.75,19.05,19.35,-0.5,-2.52%,183900
IMOS,2016-10-24,19.45,19.7,19.25,19.5,0.15,+0.78%,258900
IMOS,2016-10-25,19.4,19.5,19.35,19.45,-0.05,-0.26%,81900
IMOS,2016-10-26,19.4,19.5,19.05,19.05,-0.4,-2.06%,200600
IMOS,2016-10-27,19.1,19.2,18.7,18.8,-0.25,-1.31%,204500
IMOS,2016-10-28,18.9,19.35,18.7,19.1,0.3,+1.60%,293100
IMOS,2016-11-01,18,18,16.35,16.4,-2.7,-14.14%,107500
IMOS,2016-11-02,16.32,16.6,16.16,16.33,-0.07,-0.43%,140700
IMOS,2016-11-03,16.17,16.2,15.35,15.4,-0.93,-5.70%,188500
IMOS,2016-11-04,15.45,15.8,15.05,15.33,-0.07,-0.45%,137200
IMOS,2016-11-07,15.5,15.63,15,15.27,-0.06,-0.39%,204300
IMOS,2016-11-08,15.19,15.19,14.76,14.87,-0.4,-2.62%,99900
IMOS,2016-11-09,14.68,14.68,14.26,14.3,-0.57,-3.83%,151900
IMOS,2016-11-10,14,15.25,14,14.8,0.5,+3.50%,237100
IMOS,2016-11-11,15.15,15.84,15.15,15.65,0.85,+5.74%,173300
IMOS,2016-11-14,15.65,16.01,15.5,15.66,0.01,+0.06%,93500
IMOS,2016-11-15,15.5,15.65,14.65,15.4,-0.26,-1.66%,91800
IMOS,2016-11-16,15.31,15.37,15,15.31,-0.09,-0.58%,59700
IMOS,2016-11-17,15.39,15.55,15.11,15.33,0.02,+0.13%,56400
IMOS,2016-11-18,15.41,16.15,15.41,16,0.67,+4.37%,100700
IMOS,2016-11-21,16,16.69,16,16.55,0.55,+3.44%,102800
IMOS,2016-11-22,16.6,16.64,16.25,16.42,-0.13,-0.79%,109500
IMOS,2016-11-23,16.5,16.6,16.45,16.53,0.11,+0.67%,152900
IMOS,2016-11-25,15.45,16.5,15.38,16.05,-0.48,-2.90%,95400
IMOS,2016-11-28,15.99,16.08,15.95,16.01,-0.04,-0.25%,97100
IMOS,2016-11-29,16.16,16.37,16.08,16.12,0.11,+0.69%,207900
IMOS,2016-11-30,15.89,16.25,15.7,15.81,-0.31,-1.92%,63900
IMOS,2016-12-01,15.97,16.32,15.94,16.3,0.49,+3.10%,169600
IMOS,2016-12-02,16.2,16.3,15.91,16.23,-0.07,-0.43%,97200
IMOS,2016-12-05,16.16,16.16,15.75,15.8,-0.43,-2.65%,34600
IMOS,2016-12-06,15.84,15.88,15.39,15.44,-0.36,-2.28%,67400
IMOS,2016-12-07,15.41,15.53,15.17,15.36,-0.08,-0.52%,97500
IMOS,2016-12-08,15.36,15.49,14.9,15.31,-0.05,-0.33%,71100
IMOS,2016-12-09,15.5,15.95,15.14,15.39,0.08,+0.52%,27900
IMOS,2016-12-12,15.29,15.29,14.96,15.09,-0.3,-1.95%,76300
IMOS,2016-12-13,15.02,15.2,14.81,14.95,-0.14,-0.93%,90100
IMOS,2016-12-14,14.9,15.02,14.59,14.65,-0.3,-2.01%,82400
IMOS,2016-12-15,14.64,14.75,14.5,14.54,-0.11,-0.75%,124900
IMOS,2016-12-16,14.56,14.62,14.11,14.39,-0.15,-1.03%,128600
IMOS,2016-12-19,14.2,14.39,14.2,14.39,0,0.00%,112600
IMOS,2016-12-20,14.29,14.39,14.23,14.3,-0.09,-0.63%,50700
IMOS,2016-12-21,14.25,14.38,14.22,14.31,0.01,+0.07%,50700
IMOS,2016-12-22,14.37,14.84,14.35,14.45,0.14,+0.98%,128700
IMOS,2016-12-23,14.66,14.66,14.26,14.38,-0.07,-0.48%,95200
IMOS,2016-12-27,14.33,14.56,14.33,14.46,0.08,+0.56%,37700
IMOS,2016-12-28,14.5,14.51,14.24,14.33,-0.13,-0.90%,51500
IMOS,2016-12-29,14.26,14.4,13.95,14.03,-0.3,-2.09%,103800
IMOS,2016-12-30,14.1,14.23,13.94,14.11,0.08,+0.57%,37800
IMOS,2017-01-03,14.5,15.4,14.5,14.88,0.77,+5.46%,280400
IMOS,2017-01-04,14.8,14.99,14.5,14.69,-0.19,-1.28%,195300
IMOS,2017-01-05,14.9,15.18,14.86,15.08,0.39,+2.65%,260500
IMOS,2017-01-06,15.18,15.79,15.18,15.78,0.7,+4.64%,195300
IMOS,2017-01-09,15.8,15.85,15.64,15.83,0.05,+0.32%,129300
IMOS,2017-01-10,15.5,15.7,15.11,15.55,-0.28,-1.77%,69100
IMOS,2017-01-11,15.67,16.15,15.63,16.1,0.55,+3.54%,271500
IMOS,2017-01-12,16,16.2,15.83,15.94,-0.16,-0.99%,257200
IMOS,2017-01-13,15.89,15.95,15.71,15.84,-0.1,-0.63%,272200
IMOS,2017-01-17,15.83,15.83,15.5,15.54,-0.3,-1.89%,92100
IMOS,2017-01-18,15.65,15.71,15.52,15.64,0.1,+0.64%,107900
IMOS,2017-01-19,15.65,15.74,15.44,15.53,-0.11,-0.70%,121100
IMOS,2017-01-20,15.61,15.8,15.61,15.78,0.25,+1.61%,74600
IMOS,2017-01-23,15.84,15.89,15.67,15.84,0.06,+0.38%,134700
IMOS,2017-01-24,15.8,15.8,15.57,15.6,-0.24,-1.52%,105200
IMOS,2017-01-25,15.6,15.75,15.58,15.67,0.07,+0.45%,148700
IMOS,2017-01-26,15.7,15.7,15.47,15.58,-0.09,-0.57%,31700
IMOS,2017-01-27,15.56,15.56,15.5,15.54,-0.04,-0.26%,32500
IMOS,2017-01-30,15.55,15.55,15.29,15.31,-0.23,-1.48%,50700
IMOS,2017-01-31,15.25,15.64,15.24,15.39,0.08,+0.52%,45400
IMOS,2017-02-01,15.56,15.6,15.4,15.6,0.21,+1.36%,73200
IMOS,2017-02-02,15.6,15.77,15.59,15.73,0.13,+0.83%,171900
IMOS,2017-02-03,15.74,16,15.72,15.93,0.2,+1.27%,337300
IMOS,2017-02-06,15.85,15.97,15.72,15.93,0,0.00%,122100
IMOS,2017-02-07,15.9,15.93,15.76,15.8,-0.13,-0.82%,196000
IMOS,2017-02-08,15.76,15.84,15.59,15.74,-0.06,-0.38%,89500
IMOS,2017-02-09,15.74,15.83,15.65,15.83,0.09,+0.57%,127400
IMOS,2017-02-10,15.75,15.93,15.65,15.7,-0.13,-0.82%,279900
IMOS,2017-02-13,15.74,15.74,15.65,15.72,0.02,+0.13%,76400
IMOS,2017-02-14,15.62,15.65,15.38,15.41,-0.31,-1.97%,143900
IMOS,2017-02-15,15.35,15.67,15.35,15.64,0.23,+1.49%,102100
IMOS,2017-02-16,15.58,15.86,15.58,15.78,0.14,+0.90%,115700
IMOS,2017-02-17,15.91,16.15,15.84,16.08,0.3,+1.90%,290200
IMOS,2017-02-21,16.08,16.13,16.02,16.04,-0.04,-0.25%,238700
IMOS,2017-02-22,16,16.08,15.92,16.07,0.03,+0.19%,171500
IMOS,2017-02-23,16.01,16.08,15.97,16.03,-0.04,-0.25%,154200
IMOS,2017-02-24,15.96,16.03,15.8,15.94,-0.09,-0.56%,115400
IMOS,2017-02-27,15.94,15.98,15.71,15.73,-0.21,-1.32%,182600
IMOS,2017-02-28,15.69,15.73,15.52,15.61,-0.12,-0.76%,109000
IMOS,2017-03-01,15.6,15.73,15.58,15.64,0.03,+0.19%,173400
IMOS,2017-03-02,15.65,15.76,15.5,15.52,-0.12,-0.77%,71100
IMOS,2017-03-03,15.49,15.67,15.25,15.6,0.08,+0.52%,100900
IMOS,2017-03-06,15.64,15.69,15.43,15.63,0.03,+0.19%,138100
IMOS,2017-03-07,15.53,15.74,15.47,15.69,0.06,+0.38%,149400
IMOS,2017-03-08,15.62,15.96,15.59,15.8,0.11,+0.70%,89500
IMOS,2017-03-09,16.01,16.15,15.48,16.01,0.21,+1.33%,309000
IMOS,2017-03-10,16,16.01,15.85,15.9,-0.11,-0.69%,169300
IMOS,2017-03-13,15.89,16,15.76,15.84,-0.06,-0.38%,290100
IMOS,2017-03-14,15.77,15.98,15.72,15.93,0.09,+0.57%,315500
IMOS,2017-03-15,15.9,15.97,15.71,15.96,0.03,+0.19%,251000
IMOS,2017-03-16,15.93,15.99,15.86,15.89,-0.07,-0.44%,218200
IMOS,2017-03-17,16.9,17.25,16.8,16.9,1.01,+6.36%,1274600
IMOS,2017-03-20,16.85,17.12,16.85,17.07,0.17,+1.01%,519200
IMOS,2017-03-21,17.05,17.05,16.56,16.59,-0.48,-2.81%,254700
IMOS,2017-03-22,16.75,16.92,16.72,16.86,0.27,+1.63%,295300
IMOS,2017-03-23,16.88,17,16.83,16.9,0.04,+0.24%,246900
IMOS,2017-03-24,16.9,17.04,16.84,16.94,0.04,+0.24%,291300
IMOS,2017-03-27,16.85,17.34,16.85,17.26,0.32,+1.89%,455200
IMOS,2017-03-28,17.36,17.56,17.23,17.53,0.27,+1.56%,295300
IMOS,2017-03-29,17.99,17.99,17.78,17.95,0.42,+2.40%,376200
IMOS,2017-03-30,17.9,18,17.9,17.99,0.04,+0.22%,350300
IMOS,2017-03-31,17.92,17.92,17.63,17.75,-0.24,-1.33%,227000
IMOS,2017-04-03,17.7,17.74,17.56,17.64,-0.11,-0.62%,135400
IMOS,2017-04-04,17.61,17.69,17.6,17.67,0.03,+0.17%,84500
IMOS,2017-04-05,17.7,17.83,17.67,17.68,0.01,+0.06%,229300
IMOS,2017-04-06,17.5,17.5,17.28,17.41,-0.27,-1.53%,103600
IMOS,2017-04-07,17.5,17.7,17.5,17.62,0.21,+1.21%,367300
IMOS,2017-04-10,17.66,17.8,17.6,17.62,0,0.00%,415300
IMOS,2017-04-11,17.52,17.52,17.13,17.21,-0.41,-2.33%,254600
IMOS,2017-04-12,17.13,17.41,17.13,17.26,0.05,+0.29%,236900
IMOS,2017-04-13,17.25,17.49,17.25,17.35,0.09,+0.52%,263400
IMOS,2017-04-17,16.95,16.96,16.72,16.92,-0.43,-2.48%,142200
IMOS,2017-04-18,16.92,17.1,16.92,17.09,0.17,+1.00%,193600
IMOS,2017-04-19,17.19,17.19,16.9,16.97,-0.12,-0.70%,64600
IMOS,2017-04-20,17.01,17.01,16.85,16.99,0.02,+0.12%,45700
IMOS,2017-04-21,16.96,16.96,16.79,16.84,-0.15,-0.88%,46500
IMOS,2017-04-24,17.17,17.2,17.13,17.18,0.34,+2.02%,231400
IMOS,2017-04-25,17.23,17.48,17.21,17.47,0.29,+1.69%,185200
IMOS,2017-04-26,17.6,17.81,17.6,17.72,0.25,+1.43%,225900
IMOS,2017-04-27,17.7,17.81,17.66,17.71,-0.01,-0.06%,126700
IMOS,2017-04-28,17.69,17.69,17.38,17.44,-0.27,-1.52%,38400
IMOS,2017-05-01,17.41,17.5,17.37,17.46,0.02,+0.11%,48600
IMOS,2017-05-02,17.41,17.53,17.36,17.43,-0.03,-0.17%,93900
IMOS,2017-05-03,17.36,17.38,17.26,17.37,-0.06,-0.34%,52000
IMOS,2017-05-04,17.37,17.45,17.35,17.45,0.08,+0.46%,52700
IMOS,2017-05-05,17.45,17.76,17.45,17.75,0.3,+1.72%,63400
IMOS,2017-05-08,17.73,17.86,17.73,17.86,0.11,+0.62%,36700
IMOS,2017-05-09,17.95,18.13,17.86,18.08,0.22,+1.23%,67400
IMOS,2017-05-10,18.1,18.13,17.97,18.01,-0.07,-0.39%,90200
IMOS,2017-05-11,18.03,18.08,17.92,18,-0.01,-0.06%,41700
IMOS,2017-05-12,18.05,18.46,18.05,18.43,0.43,+2.39%,107200
IMOS,2017-05-15,18.47,18.5,18.35,18.47,0.04,+0.22%,26800
IMOS,2017-05-16,18.47,18.47,18.12,18.31,-0.16,-0.87%,30700
IMOS,2017-05-17,18.24,18.47,18.24,18.29,-0.02,-0.11%,63100
IMOS,2017-05-18,18.29,18.51,18.29,18.51,0.22,+1.20%,71400
IMOS,2017-05-19,18.55,18.66,18.48,18.56,0.05,+0.27%,50500
IMOS,2017-05-22,18.87,19.23,18.87,19.2,0.64,+3.45%,117200
IMOS,2017-05-23,19.65,19.94,19.65,19.81,0.61,+3.18%,181200
IMOS,2017-05-24,19.92,20.19,19.92,20.15,0.34,+1.72%,172900
IMOS,2017-05-25,20,20,19.72,19.94,-0.21,-1.04%,46800
IMOS,2017-05-26,19.99,20.12,19.94,20.04,0.1,+0.50%,67000
IMOS,2017-05-30,19.97,20.14,19.95,20.07,0.03,+0.15%,65000
IMOS,2017-05-31,20.18,20.28,20.17,20.19,0.12,+0.60%,102400
IMOS,2017-06-01,20.38,20.79,20.38,20.77,0.58,+2.87%,227300
IMOS,2017-06-02,20.7,20.75,20.46,20.72,-0.05,-0.24%,464100
IMOS,2017-06-05,20.76,20.76,20.37,20.46,-0.26,-1.25%,70200
IMOS,2017-06-06,20.32,20.32,20.02,20.12,-0.34,-1.66%,125200
IMOS,2017-06-07,20.49,20.84,20.49,20.59,0.47,+2.34%,118000
IMOS,2017-06-08,21.02,21.43,21.02,21.41,0.82,+3.98%,308500
IMOS,2017-06-09,21.57,21.99,21.06,21.27,-0.14,-0.65%,238500
IMOS,2017-06-12,21.63,21.98,21.5,21.87,0.6,+2.82%,222700
IMOS,2017-06-13,21.1,21.15,20.8,20.91,-0.96,-4.39%,125100
IMOS,2017-06-14,20.88,20.9,20.31,20.46,-0.45,-2.15%,228900
IMOS,2017-06-15,20.9,21.16,20.83,20.95,0.49,+2.39%,286100
IMOS,2017-06-16,21.06,21.21,20.85,21.01,0.06,+0.29%,279400
IMOS,2017-06-19,20.95,20.95,20.72,20.82,-0.19,-0.90%,165000
IMOS,2017-06-20,20.7,20.7,20.32,20.4,-0.42,-2.02%,99200
IMOS,2017-06-21,20.45,20.55,20.45,20.54,0.14,+0.69%,123900
IMOS,2017-06-22,20.55,20.6,20.45,20.53,-0.01,-0.05%,53100
IMOS,2017-06-23,20.47,20.57,20.14,20.3,-0.23,-1.12%,59600
IMOS,2017-06-26,20.35,20.5,20.26,20.32,0.02,+0.10%,29900
IMOS,2017-06-27,20.3,20.43,20.16,20.2,-0.12,-0.59%,54100
IMOS,2017-06-28,20.17,20.17,19.83,20.06,-0.14,-0.69%,69000
IMOS,2017-06-29,20.03,20.03,19.63,19.67,-0.39,-1.94%,40000
IMOS,2017-06-30,19.75,19.82,19.58,19.77,0.1,+0.51%,83900
IMOS,2017-07-03,20,20.39,19.82,20.24,0.47,+2.38%,122800
IMOS,2017-07-05,20.1,20.14,19.95,20.09,-0.15,-0.74%,75000
IMOS,2017-07-06,20.1,20.13,19.9,20,-0.09,-0.45%,67600
IMOS,2017-07-07,20,20.12,19.91,20.05,0.05,+0.25%,25500
IMOS,2017-07-10,19.88,19.88,19.53,19.8,-0.25,-1.25%,44900
IMOS,2017-07-11,19.49,19.49,19.24,19.35,-0.45,-2.27%,42300
IMOS,2017-07-12,19.82,20,19.82,19.94,0.59,+3.05%,161700
IMOS,2017-07-13,20.03,20.17,19.97,20.11,0.17,+0.85%,65300
IMOS,2017-07-14,20.16,20.45,20.16,20.43,0.32,+1.59%,60400
IMOS,2017-07-17,20.4,20.4,20.07,20.13,-0.3,-1.47%,82700
IMOS,2017-07-18,20.14,20.33,20.14,20.19,0.06,+0.30%,58900
IMOS,2017-07-19,20.22,20.3,20.07,20.18,-0.01,-0.05%,114400
IMOS,2017-07-20,19.93,19.93,19.75,19.81,-0.37,-1.83%,67400
IMOS,2017-07-21,19.82,19.82,19.61,19.74,-0.07,-0.35%,45100
IMOS,2017-07-24,20,20.185,20,20.15,0.41,+2.08%,111600
IMOS,2017-07-25,20.14,20.18,20,20.01,-0.14,-0.69%,58300
IMOS,2017-07-26,19.95,19.95,19.8,19.89,-0.12,-0.60%,48700
IMOS,2017-07-27,19.95,20.09,19.84,19.9,0.01,+0.05%,33700
IMOS,2017-07-28,19.8,19.82,19.64,19.68,-0.22,-1.11%,46900
IMOS,2017-07-31,19.6,19.75,19.42,19.44,-0.24,-1.22%,32900
IMOS,2017-08-01,19.6,19.71,19.44,19.52,0.08,+0.41%,128200
IMOS,2017-08-02,19.31,19.31,18.96,19.01,-0.51,-2.61%,50000
IMOS,2017-08-03,19.15,19.215,19.02,19.04,0.03,+0.16%,67500
IMOS,2017-08-04,19.06,19.09,19,19.05,0.01,+0.05%,56300
IMOS,2017-08-07,19,19.03,18.815,18.97,-0.08,-0.42%,48800
IMOS,2017-08-08,19.5,19.5,19.05,19.31,0.34,+1.79%,86300
IMOS,2017-08-09,19.2,19.24,18.98,19.06,-0.25,-1.29%,58300
IMOS,2017-08-10,18,18,15.82,17.44,-1.62,-8.50%,103100
IMOS,2017-08-11,17.57,18.32,17.57,17.99,0.55,+3.15%,191200
IMOS,2017-08-14,17.53,17.53,17.04,17.05,-0.94,-5.23%,146800
IMOS,2017-08-15,17,17,16.86,16.86,-0.19,-1.11%,63200
IMOS,2017-08-16,16.87,16.95,16.63,16.76,-0.1,-0.59%,123800
IMOS,2017-08-17,16.95,17.145,16.61,16.62,-0.14,-0.84%,191100
IMOS,2017-08-18,16.63,16.94,16.63,16.86,0.24,+1.44%,54600
IMOS,2017-08-21,16.92,16.92,16.68,16.75,-0.11,-0.65%,74400
IMOS,2017-08-22,16.94,17.16,16.94,17.11,0.36,+2.15%,38500
IMOS,2017-08-23,16.99,16.99,16.93,16.98,-0.13,-0.76%,35300
IMOS,2017-08-24,17.03,17.15,17,17.02,0.04,+0.24%,43800
IMOS,2017-08-25,17.14,17.2,17.11,17.18,0.16,+0.94%,42100
IMOS,2017-08-28,17.18,17.295,17.12,17.19,0.01,+0.06%,29600
IMOS,2017-08-29,17.02,17.09,16.92,16.98,-0.21,-1.22%,83400
IMOS,2017-08-30,17.77,18.08,17.77,18.02,1.04,+6.12%,98600
IMOS,2017-08-31,18.04,18.26,18.04,18.15,0.13,+0.72%,58200
IMOS,2017-09-01,18.16,18.3,18.1,18.14,-0.01,-0.06%,57000
IMOS,2017-09-05,18.59,18.79,18.43,18.66,0.52,+2.87%,272100
IMOS,2017-09-06,18.88,19.11,18.85,19.06,0.4,+2.14%,155800
IMOS,2017-09-07,18.86,18.86,18.46,18.51,-0.55,-2.89%,72400
IMOS,2017-09-08,18.41,18.59,18.275,18.37,-0.14,-0.76%,121300
IMOS,2017-09-11,18.49,18.66,18.39,18.62,0.25,+1.36%,51000
IMOS,2017-09-12,18.79,18.99,18.79,18.94,0.32,+1.72%,80900
IMOS,2017-09-13,18.9,18.97,18.85,18.93,-0.01,-0.05%,38500
IMOS,2017-09-14,18.91,18.92,18.76,18.78,-0.15,-0.79%,30900
IMOS,2017-09-15,18.66,18.82,18.53,18.63,-0.15,-0.80%,53700
IMOS,2017-09-18,18.71,18.79,18.65,18.79,0.16,+0.86%,68700
IMOS,2017-09-19,18.75,18.89,18.73,18.75,-0.04,-0.21%,38900
IMOS,2017-09-20,18.79,18.96,18.71,18.87,0.12,+0.64%,49200
IMOS,2017-09-21,18.95,19.18,18.95,19.05,0.18,+0.95%,63200
IMOS,2017-09-22,18.95,19.03,18.91,18.95,-0.1,-0.52%,17700
IMOS,2017-09-25,19.27,19.47,19.21,19.24,0.29,+1.53%,102900
IMOS,2017-09-26,19.43,19.61,19.34,19.42,0.18,+0.94%,190500
IMOS,2017-09-27,19.42,19.59,19.37,19.45,0.03,+0.15%,135200
IMOS,2017-09-28,19.42,19.43,19.31,19.33,-0.12,-0.62%,63600
IMOS,2017-09-29,19.32,19.37,19.27,19.32,-0.01,-0.05%,30100
IMOS,2017-10-02,19.41,19.8,19.41,19.79,0.47,+2.43%,219400
IMOS,2017-10-03,19.78,19.795,19.67,19.73,-0.06,-0.30%,91100
IMOS,2017-10-04,19.72,19.72,19.53,19.62,-0.11,-0.56%,110000
IMOS,2017-10-05,19.78,19.96,19.78,19.85,0.23,+1.17%,165400
IMOS,2017-10-06,21.75,21.9,21.2,21.26,1.41,+7.10%,495900
IMOS,2017-10-09,21.26,21.35,21.25,21.29,0.03,+0.14%,117100
IMOS,2017-10-10,21.46,21.5,21.255,21.33,0.04,+0.19%,228700
IMOS,2017-10-11,21.32,21.73,21.32,21.65,0.32,+1.50%,290700
IMOS,2017-10-12,21.5,21.54,21.26,21.47,-0.18,-0.83%,119800
IMOS,2017-10-13,21.5,21.64,21.45,21.61,0.14,+0.65%,220500
IMOS,2017-10-16,21.27,21.27,20.92,20.95,-0.66,-3.05%,112100
IMOS,2017-10-17,20.72,20.72,20.48,20.55,-0.4,-1.91%,153800
IMOS,2017-10-18,20.58,20.65,20.21,20.54,-0.01,-0.05%,110200
IMOS,2017-10-19,20.52,20.66,20.46,20.63,0.09,+0.44%,82300
IMOS,2017-10-20,20.67,20.67,20.49,20.6,-0.03,-0.15%,76000
IMOS,2017-10-23,20.66,20.79,20.55,20.78,0.18,+0.87%,145800
IMOS,2017-10-24,20.7,20.7,20.53,20.56,-0.22,-1.06%,67700
IMOS,2017-10-25,20.74,20.86,20.68,20.79,0.23,+1.12%,192500
IMOS,2017-10-26,20.85,21.05,20.85,21.02,0.23,+1.11%,305700
IMOS,2017-10-27,19.8,19.98,19.76,19.79,-1.23,-5.85%,162800
IMOS,2017-10-30,19.77,19.77,19.64,19.67,-0.12,-0.61%,34500
IMOS,2017-10-31,19.74,20.01,19.74,20,0.33,+1.68%,32000
IMOS,2017-11-01,19.97,20.07,19.7,19.8,-0.2,-1.00%,78900
IMOS,2017-11-02,20,20.26,19.95,20.13,0.33,+1.67%,241200
IMOS,2017-11-03,20.49,20.75,20.47,20.7,0.57,+2.83%,127900
IMOS,2017-11-06,20.35,20.38,20.19,20.29,-0.41,-1.98%,80600
IMOS,2017-11-07,20.25,20.28,19.7,19.82,-0.47,-2.32%,139700
IMOS,2017-11-08,19.83,20.08,19.74,19.77,-0.05,-0.25%,148500
IMOS,2017-11-09,19.2,19.2,17.18,17.82,-1.95,-9.86%,365500
IMOS,2017-11-10,18.17,18.73,18.17,18.58,0.76,+4.26%,138100
IMOS,2017-11-13,18.2,18.2,17.68,17.7,-0.88,-4.74%,127300
IMOS,2017-11-14,17.89,18.1,17.89,17.95,0.25,+1.41%,103800
IMOS,2017-11-15,18.38,18.53,18.32,18.38,0.43,+2.40%,141600
IMOS,2017-11-16,18.47,18.55,18.35,18.5,0.12,+0.65%,106500
IMOS,2017-11-17,18.5,18.5,18.2,18.37,-0.13,-0.70%,89900
IMOS,2017-11-20,18.3,18.3,17.99,18.06,-0.31,-1.69%,41600
IMOS,2017-11-21,18.16,18.32,18.06,18.29,0.23,+1.27%,102800
IMOS,2017-11-22,18.28,18.37,18.1,18.11,-0.18,-0.98%,61600
IMOS,2017-11-24,18.2,18.53,18.2,18.44,0.33,+1.82%,28500
IMOS,2017-11-27,18.45,18.6,18.43,18.45,0.01,+0.05%,97100
IMOS,2017-11-28,18.45,18.45,18.27,18.35,-0.1,-0.54%,55100
IMOS,2017-11-29,18.25,18.37,18.03,18.08,-0.27,-1.47%,43100
IMOS,2017-11-30,18.07,18.13,17.97,18.05,-0.03,-0.17%,85100
IMOS,2017-12-01,18.32,18.69,18.32,18.48,0.43,+2.38%,157500
IMOS,2017-12-04,18.62,18.64,18.35,18.43,-0.05,-0.27%,101600
IMOS,2017-12-05,18.44,18.615,18.4,18.44,0.01,+0.05%,142700
IMOS,2017-12-06,18.2,18.2,17.77,17.8,-0.64,-3.47%,123900
IMOS,2017-12-07,17.79,17.81,17.51,17.71,-0.09,-0.51%,49100
IMOS,2017-12-08,17.83,18.12,17.83,18,0.29,+1.64%,123300
IMOS,2017-12-11,18.23,18.55,18.23,18.54,0.54,+3.00%,93600
IMOS,2017-12-12,18.27,18.28,17.97,18.01,-0.53,-2.86%,28300
IMOS,2017-12-13,18.02,18.06,17.88,17.91,-0.1,-0.56%,37800
IMOS,2017-12-14,17.9,17.9,17.68,17.71,-0.2,-1.12%,56200
IMOS,2017-12-15,17.66,17.9,17.48,17.8,0.09,+0.51%,96000
IMOS,2017-12-18,17.75,17.8,17.54,17.58,-0.22,-1.24%,81900
IMOS,2017-12-19,17.53,17.65,17.45,17.51,-0.07,-0.40%,47200
IMOS,2017-12-20,17.52,17.74,17.52,17.68,0.17,+0.97%,56600
IMOS,2017-12-21,17.73,17.79,17.59,17.66,-0.02,-0.11%,49400
IMOS,2017-12-22,17.65,17.69,17.55,17.55,-0.11,-0.62%,21300
IMOS,2017-12-26,17.45,17.45,17.2,17.25,-0.3,-1.71%,33100
IMOS,2017-12-27,17.28,17.4,17.22,17.27,0.02,+0.12%,42300
IMOS,2017-12-28,17.55,17.75,17.55,17.73,0.46,+2.66%,74100
IMOS,2017-12-29,17.79,17.84,17.63,17.65,-0.08,-0.45%,71100
IMOS,2018-01-02,17.68,17.8,17.68,17.74,0.09,+0.51%,43400
IMOS,2018-01-03,17.95,17.95,17.7,17.88,0.14,+0.79%,92000
IMOS,2018-01-04,18.02,18.26,18.02,18.26,0.38,+2.13%,70000
IMOS,2018-01-05,18.24,18.33,18.15,18.23,-0.03,-0.16%,25400
IMOS,2018-01-08,18.22,18.27,18.1,18.15,-0.08,-0.44%,24500
IMOS,2018-01-09,18.15,18.15,17.4,17.6,-0.55,-3.03%,72800
IMOS,2018-01-10,17.44,17.54,17.35,17.48,-0.12,-0.68%,54400
IMOS,2018-01-11,17.45,17.69,17.38,17.66,0.18,+1.03%,53800
IMOS,2018-01-12,17.53,17.75,17.52,17.62,-0.04,-0.23%,82600
IMOS,2018-01-16,18.37,18.43,18.18,18.27,0.65,+3.69%,102100
IMOS,2018-01-17,18.25,18.39,18.15,18.35,0.08,+0.44%,64700
IMOS,2018-01-18,18.36,18.36,18.17,18.21,-0.14,-0.76%,22200
IMOS,2018-01-19,18.2,18.35,18.2,18.25,0.04,+0.22%,34400
IMOS,2018-01-22,18.23,18.285,18.13,18.18,-0.07,-0.38%,42600
IMOS,2018-01-23,18.24,18.31,18.18,18.25,0.07,+0.39%,18300
IMOS,2018-01-24,18.24,18.4,18.1,18.21,-0.04,-0.22%,58600
IMOS,2018-01-25,18.35,18.41,18.13,18.24,0.03,+0.16%,67300
IMOS,2018-01-26,18.23,18.4,18.14,18.34,0.1,+0.55%,44300
IMOS,2018-01-29,18.34,18.34,18.125,18.28,-0.06,-0.33%,15800
IMOS,2018-01-30,18.25,18.25,18.09,18.22,-0.06,-0.33%,23900
IMOS,2018-01-31,18.2,18.2,18.03,18.14,-0.08,-0.44%,35200
IMOS,2018-02-01,18.12,18.2,18.03,18.1,-0.04,-0.22%,12100
IMOS,2018-02-02,17.95,18,17.7,17.7,-0.4,-2.21%,44200
IMOS,2018-02-05,17.66,17.79,17.02,17.16,-0.54,-3.05%,99600
IMOS,2018-02-06,16.25,16.72,16.24,16.66,-0.5,-2.91%,73600
IMOS,2018-02-07,16.64,16.94,16.6,16.7,0.04,+0.24%,68800
IMOS,2018-02-08,16.63,16.77,16.36,16.36,-0.34,-2.04%,52700
IMOS,2018-02-09,16.51,16.53,16.025,16.45,0.09,+0.55%,72800
IMOS,2018-02-12,16.4,16.42,16.1,16.25,-0.2,-1.22%,34400
IMOS,2018-02-13,16.27,16.36,16.1,16.28,0.03,+0.18%,14600
IMOS,2018-02-14,16.36,16.65,16.18,16.55,0.27,+1.66%,104400
IMOS,2018-02-15,16.54,16.79,16.54,16.75,0.2,+1.21%,25900
IMOS,2018-02-16,16.75,16.92,16.64,16.68,-0.07,-0.42%,22200
IMOS,2018-02-20,16.58,16.84,16.5,16.69,0.01,+0.06%,35300
IMOS,2018-02-21,16.72,17,16.71,16.72,0.03,+0.18%,16900
IMOS,2018-02-22,16.8,17.03,16.8,16.95,0.23,+1.38%,23700
IMOS,2018-02-23,17.08,17.4,17.08,17.39,0.44,+2.60%,18000
IMOS,2018-02-26,17.42,17.56,17.18,17.38,-0.01,-0.06%,34100
IMOS,2018-02-27,17.39,17.39,17.18,17.18,-0.2,-1.15%,9500
IMOS,2018-02-28,17.19,17.295,17.03,17.13,-0.05,-0.29%,16800
IMOS,2018-03-01,17.34,17.6,17.32,17.43,0.3,+1.75%,25500
IMOS,2018-03-02,17.42,17.6,17.33,17.48,0.05,+0.29%,40000
IMOS,2018-03-05,17.49,17.49,17.3,17.47,-0.01,-0.06%,27300
IMOS,2018-03-06,17.38,17.465,17.23,17.35,-0.12,-0.69%,40700
IMOS,2018-03-07,17.26,17.47,17.26,17.41,0.06,+0.35%,27400
IMOS,2018-03-08,17.45,17.6,17.45,17.58,0.17,+0.98%,51900
IMOS,2018-03-09,17.5,18.035,17.45,17.99,0.41,+2.33%,101800
IMOS,2018-03-12,18.07,18.205,17.99,18.03,0.04,+0.22%,159300
IMOS,2018-03-13,18.04,18.04,17.74,17.76,-0.27,-1.50%,72900
IMOS,2018-03-14,17.79,17.93,17.7,17.8,0.04,+0.23%,87600
IMOS,2018-03-15,17.83,18.12,17.82,17.92,0.12,+0.67%,140000
IMOS,2018-03-16,17.62,17.62,17.28,17.46,-0.46,-2.57%,89800
IMOS,2018-03-19,17.24,17.24,16.69,16.88,-0.58,-3.32%,145700
IMOS,2018-03-20,16.9,16.98,16.79,16.93,0.05,+0.30%,47900
IMOS,2018-03-21,16.89,16.89,16.73,16.8,-0.13,-0.77%,56000
IMOS,2018-03-22,16.58,16.61,16.23,16.25,-0.55,-3.27%,36500
IMOS,2018-03-23,16.22,16.265,16.05,16.05,-0.2,-1.23%,60000
IMOS,2018-03-26,16.2,16.26,16.01,16.26,0.21,+1.31%,45100
IMOS,2018-03-27,16.33,16.33,15.64,15.7,-0.56,-3.44%,59000
IMOS,2018-03-28,15.71,16.02,15.71,15.85,0.15,+0.96%,62600
IMOS,2018-03-29,15.84,15.85,15.63,15.85,0,0.00%,66400
IMOS,2018-04-02,16.01,16.13,15.66,15.87,0.02,+0.13%,149300
IMOS,2018-04-03,15.92,16.23,15.92,16.13,0.26,+1.64%,119900
IMOS,2018-04-04,15.87,16.04,15.74,16.01,-0.12,-0.74%,48100
IMOS,2018-04-05,16.04,16.2,15.81,15.98,-0.03,-0.19%,49300
IMOS,2018-04-06,15.93,16.03,15.78,15.83,-0.15,-0.94%,34800
IMOS,2018-04-09,15.91,15.97,15.64,15.65,-0.18,-1.14%,83100
IMOS,2018-04-10,15.76,16.13,15.76,16.06,0.41,+2.62%,65300
IMOS,2018-04-11,16.02,16.17,15.88,16.08,0.02,+0.12%,80000
IMOS,2018-04-12,16.04,16.04,15.83,15.87,-0.21,-1.31%,30900
IMOS,2018-04-13,15.85,15.85,15.55,15.6,-0.27,-1.70%,28200
IMOS,2018-04-16,15.6,15.6,15.41,15.44,-0.16,-1.03%,23200
IMOS,2018-04-17,15.45,15.46,15.38,15.41,-0.03,-0.19%,46600
IMOS,2018-04-18,15.38,15.38,15.03,15.13,-0.28,-1.82%,145100
IMOS,2018-04-19,15.03,15.16,14.82,14.9,-0.23,-1.52%,113600
IMOS,2018-04-20,14.81,14.92,14.72,14.75,-0.15,-1.01%,270000
IMOS,2018-04-23,14.8,14.88,14.68,14.75,0,0.00%,61200
IMOS,2018-04-24,14.22,14.22,13.88,13.92,-0.83,-5.63%,300700
IMOS,2018-04-25,13.85,13.85,13.59,13.64,-0.28,-2.01%,130500
IMOS,2018-04-26,13.65,13.71,13.62,13.65,0.01,+0.07%,89500
IMOS,2018-04-27,13.74,13.78,13.49,13.5,-0.15,-1.10%,293500
IMOS,2018-04-30,13.7,13.88,13.7,13.77,0.27,+2.00%,86800
IMOS,2018-05-01,13.68,13.88,13.61,13.79,0.02,+0.15%,111000
IMOS,2018-05-02,13.95,14.11,13.93,14.07,0.28,+2.03%,178900
IMOS,2018-05-03,14.02,14.12,13.77,13.93,-0.14,-1.00%,111400
IMOS,2018-05-04,13.93,14.23,13.93,14.2,0.27,+1.94%,108500
IMOS,2018-05-07,13.93,13.93,13.68,13.71,-0.49,-3.45%,84500
IMOS,2018-05-08,14.63,14.75,14.47,14.61,0.9,+6.56%,234700
IMOS,2018-05-09,14.66,14.83,14.66,14.8,0.19,+1.30%,297000
IMOS,2018-05-10,14.69,14.69,14.2,14.38,-0.42,-2.84%,55100
IMOS,2018-05-11,14.48,14.58,14.42,14.45,0.07,+0.49%,79000
IMOS,2018-05-14,14.42,14.44,14.29,14.34,-0.11,-0.76%,42800
IMOS,2018-05-15,14.13,14.16,13.87,13.99,-0.35,-2.44%,73600
IMOS,2018-05-16,13.98,14.08,13.94,14,0.01,+0.07%,65300
IMOS,2018-05-17,13.88,13.88,13.66,13.76,-0.24,-1.71%,96400
IMOS,2018-05-18,13.75,13.81,13.61,13.62,-0.14,-1.02%,48400
IMOS,2018-05-21,14.39,14.57,14.3,14.38,0.76,+5.58%,159200
IMOS,2018-05-22,14.43,14.53,14.17,14.22,-0.16,-1.11%,131200
IMOS,2018-05-23,14.12,14.12,14.03,14.09,-0.13,-0.91%,29800
IMOS,2018-05-24,14.29,14.39,14.17,14.33,0.24,+1.70%,65000
IMOS,2018-05-25,14.32,14.47,14.32,14.4,0.07,+0.49%,66700
IMOS,2018-05-29,14.42,14.47,14.37,14.44,0.04,+0.28%,125100
IMOS,2018-05-30,14.54,14.64,14.45,14.58,0.14,+0.97%,49100
IMOS,2018-05-31,14.63,14.68,14.36,14.45,-0.13,-0.89%,54900
IMOS,2018-06-01,14.5,14.63,14.49,14.63,0.18,+1.25%,31900
IMOS,2018-06-04,14.66,14.735,14.6,14.62,-0.01,-0.07%,21400
IMOS,2018-06-05,14.72,14.87,14.69,14.79,0.17,+1.16%,47100
IMOS,2018-06-06,14.89,15.17,14.89,15.14,0.35,+2.37%,61200
IMOS,2018-06-07,15.14,15.24,15.09,15.14,0,0.00%,33100
IMOS,2018-06-08,15.11,15.19,15.04,15.13,-0.01,-0.07%,67500
IMOS,2018-06-11,15.11,15.29,15.11,15.22,0.09,+0.59%,76900
IMOS,2018-06-12,15.23,15.41,15.225,15.39,0.17,+1.12%,21800
IMOS,2018-06-13,15.38,15.38,15.16,15.2,-0.19,-1.23%,19100
IMOS,2018-06-14,15.15,15.15,14.93,14.98,-0.22,-1.45%,19600
IMOS,2018-06-15,15.1,15.46,15.07,15.25,0.27,+1.80%,41400
IMOS,2018-06-18,15.17,15.17,14.99,15.16,-0.09,-0.59%,19900
IMOS,2018-06-19,14.99,14.99,14.72,14.84,-0.32,-2.11%,17900
IMOS,2018-06-20,14.77,14.77,14.22,14.51,-0.33,-2.22%,114900
IMOS,2018-06-21,14.6,14.96,14.6,14.89,0.38,+2.62%,61400
IMOS,2018-06-22,15.75,16.08,15.74,16.03,1.14,+7.66%,83900
IMOS,2018-06-25,15.38,15.46,15.28,15.34,-0.69,-4.30%,29200
IMOS,2018-06-26,15.85,15.85,15.62,15.74,0.4,+2.61%,26000
IMOS,2018-06-27,15.5,15.5,14.92,14.96,-0.78,-4.96%,39300
IMOS,2018-06-28,14.92,15.01,14.86,14.99,0.03,+0.20%,19900
IMOS,2018-06-29,14.99,15.19,14.99,15.13,0.14,+0.93%,25300
IMOS,2018-07-02,15.08,15.08,14.86,14.94,-0.19,-1.26%,20200
IMOS,2018-07-03,14.86,14.92,14.72,14.73,-0.21,-1.41%,7700
IMOS,2018-07-05,14.16,14.28,14.01,14.26,-0.47,-3.19%,39200
IMOS,2018-07-06,14.12,14.18,13.99,14.1,-0.16,-1.12%,24600
IMOS,2018-07-09,14.15,14.44,14.15,14.38,0.28,+1.99%,16800
IMOS,2018-07-10,14.37,14.6,14.34,14.55,0.17,+1.18%,53600
IMOS,2018-07-11,14.43,14.43,14.16,14.2,-0.35,-2.41%,63500
IMOS,2018-07-12,14.43,14.76,14.43,14.57,0.37,+2.61%,61400
IMOS,2018-07-13,14.57,14.64,14.51,14.53,-0.04,-0.27%,28300
IMOS,2018-07-16,14.6,14.6,14.39,14.51,-0.02,-0.14%,17900
IMOS,2018-07-17,14.51,14.73,14.51,14.72,0.21,+1.45%,23100
IMOS,2018-07-18,14.66,14.77,14.65,14.75,0.03,+0.20%,6500
IMOS,2018-07-19,14.76,14.91,14.72,14.82,0.07,+0.47%,10000
IMOS,2018-07-20,14.75,14.82,14.69,14.77,-0.05,-0.34%,9300
IMOS,2018-07-23,14.6,14.6,14.32,14.39,-0.38,-2.57%,25700
IMOS,2018-07-24,14.65,14.65,14.48,14.51,0.12,+0.83%,13200
IMOS,2018-07-25,14.62,14.62,14.4,14.45,-0.06,-0.41%,17200
IMOS,2018-07-26,14.4,14.62,14.4,14.59,0.14,+0.97%,13500
IMOS,2018-07-27,14.57,14.66,14.49,14.54,-0.05,-0.34%,10200
IMOS,2018-07-30,14.5,14.52,14.36,14.4,-0.14,-0.96%,4100
IMOS,2018-07-31,14.57,14.62,14.52,14.54,0.14,+0.97%,12600
IMOS,2018-08-01,14.54,14.88,14.51,14.67,0.13,+0.89%,42000
IMOS,2018-08-02,14.6,14.66,14.48,14.61,-0.06,-0.41%,21100
IMOS,2018-08-03,14.86,14.9,14.77,14.9,0.29,+1.98%,12000
IMOS,2018-08-06,14.94,15.08,14.91,15.07,0.17,+1.14%,4500
IMOS,2018-08-07,15.1,15.46,15.1,15.38,0.31,+2.06%,10000
IMOS,2018-08-08,15.38,15.38,15.21,15.3,-0.08,-0.52%,12700
IMOS,2018-08-09,15.34,15.34,14.805,15.05,-0.25,-1.63%,19700
IMOS,2018-08-10,14.8,14.8,14.62,14.62,-0.43,-2.86%,18700
IMOS,2018-08-13,14.21,14.44,14.21,14.22,-0.4,-2.74%,37100
IMOS,2018-08-14,14.24,14.37,14.2,14.3,0.08,+0.56%,39400
IMOS,2018-08-15,14.06,14.09,13.74,13.9,-0.4,-2.80%,31200
IMOS,2018-08-16,13.84,13.98,13.84,13.9,0,0.00%,13600
IMOS,2018-08-17,13.74,13.77,13.49,13.58,-0.32,-2.30%,50300
IMOS,2018-08-20,13.5,13.64,13.48,13.55,-0.03,-0.22%,36900
IMOS,2018-08-21,13.55,13.75,13.55,13.74,0.19,+1.40%,47700
IMOS,2018-08-22,13.7,13.85,13.64,13.8,0.06,+0.44%,18300
IMOS,2018-08-23,13.81,13.81,13.64,13.7,-0.1,-0.72%,10400
IMOS,2018-08-24,13.76,13.82,13.665,13.72,0.02,+0.15%,21000
IMOS,2018-08-27,13.74,13.94,13.7,13.91,0.19,+1.38%,23800
IMOS,2018-08-28,13.89,13.91,13.8,13.86,-0.05,-0.36%,8300
IMOS,2018-08-29,13.89,13.92,13.72,13.795,-0.065,-0.47%,21500
IMOS,2018-08-30,13.71,13.76,13.53,13.65,-0.145,-1.05%,13900
IMOS,2018-08-31,13.69,13.74,13.62,13.74,0.09,+0.66%,4300
IMOS,2018-09-04,13.65,13.69,13.48,13.66,-0.08,-0.58%,17600
IMOS,2018-09-05,13.62,13.63,13.49,13.5,-0.16,-1.17%,7800
IMOS,2018-09-06,13.77,13.93,13.34,13.5,0,0.00%,101600
IMOS,2018-09-07,13.42,13.47,13.42,13.44,-0.06,-0.44%,17500
IMOS,2018-09-10,13.41,13.43,13.2,13.37,-0.07,-0.52%,25800
IMOS,2018-09-11,13.37,13.37,13.13,13.16,-0.21,-1.57%,49800
IMOS,2018-09-12,13.12,13.12,12.69,12.74,-0.42,-3.19%,111100
IMOS,2018-09-13,12.75,13.03,12.75,12.93,0.19,+1.49%,41500
IMOS,2018-09-14,13,13.28,13,13.25,0.32,+2.47%,28200
IMOS,2018-09-17,13.91,14.3,13.91,14.17,0.92,+6.94%,46100
IMOS,2018-09-18,14.39,14.77,14.39,14.64,0.47,+3.32%,51100
IMOS,2018-09-19,14.55,14.75,14.55,14.73,0.09,+0.61%,13900
IMOS,2018-09-20,14.73,14.82,14.73,14.81,0.08,+0.54%,19700
IMOS,2018-09-21,14.85,15.28,14.85,15.13,0.32,+2.16%,34200
IMOS,2018-09-24,15.12,15.14,14.95,15.12,-0.01,-0.07%,7400
IMOS,2018-09-25,15.3,15.48,15.29,15.43,0.31,+2.05%,25100
IMOS,2018-09-26,15.37,15.37,15.17,15.3,-0.13,-0.84%,1600
IMOS,2018-09-27,15.29,15.35,15.16,15.3,0,0.00%,6500
IMOS,2018-09-28,15.29,15.38,15.28,15.33,0.03,+0.20%,7100
IMOS,2018-10-01,15.35,15.46,15.35,15.35,0.02,+0.13%,5200
IMOS,2018-10-02,15.35,15.36,15.26,15.32,-0.03,-0.20%,5200
IMOS,2018-10-03,15.5,15.7,15.5,15.565,0.245,+1.60%,14700
IMOS,2018-10-04,15.33,15.5,15.27,15.35,-0.215,-1.38%,7700
IMOS,2018-10-05,14.73,14.85,14.39,14.56,-0.79,-5.15%,11700
IMOS,2018-10-08,14.63,14.9,14.63,14.8,0.24,+1.65%,15000
IMOS,2018-10-09,14.95,15.09,14.94,15.04,0.24,+1.62%,8600
IMOS,2018-10-10,15.1,15.1,14.77,14.83,-0.21,-1.40%,13500
IMOS,2018-10-11,14.55,14.62,14.33,14.51,-0.32,-2.16%,17700
IMOS,2018-10-12,14.93,15.16,14.93,15.1,0.59,+4.07%,23100
IMOS,2018-10-15,15.04,15.27,15.04,15.23,0.13,+0.86%,9300
IMOS,2018-10-16,14.91,15.19,14.91,15.12,-0.11,-0.72%,20800
IMOS,2018-10-17,15.19,15.33,15.05,15.1,-0.02,-0.13%,21300
IMOS,2018-10-18,14.515,14.623,14.13,14.25,-0.85,-5.63%,26000
IMOS,2018-10-19,14.38,14.38,13.94,13.94,-0.31,-2.18%,10500
IMOS,2018-10-22,13.93,14.23,13.93,14.06,0.12,+0.86%,3900
IMOS,2018-10-23,13.92,14.29,13.78,14.29,0.23,+1.64%,18900
IMOS,2018-10-24,14.3,14.3,13.78,14.02,-0.27,-1.89%,2400
IMOS,2018-10-25,13.97,14.41,13.82,14.22,0.2,+1.43%,5000
IMOS,2018-10-26,14,14,13.75,13.97,-0.25,-1.76%,16500
IMOS,2018-10-29,13.9,13.9,13.13,13.38,-0.59,-4.22%,24400
IMOS,2018-10-30,12.62,12.76,12.26,12.26,-1.12,-8.37%,71200
IMOS,2018-10-31,12.6,13.24,12.6,13.09,0.83,+6.77%,44300
IMOS,2018-11-01,13.71,14.59,13.71,14.49,1.4,+10.70%,51900
IMOS,2018-11-02,15.91,16.38,15.91,16,1.51,+10.42%,4700
IMOS,2018-11-05,15.8,16.32,12.81,15.96,-0.04,-0.25%,32100
IMOS,2018-11-06,15.96,16.49,15.96,16.49,0.53,+3.32%,37300
IMOS,2018-11-07,16,16.6,16,16.6,0.11,+0.67%,16000
IMOS,2018-11-08,16.61,17.105,15.72,16.78,0.18,+1.08%,40000
IMOS,2018-11-09,16.97,16.97,16.62,16.62,-0.16,-0.95%,6200
IMOS,2018-11-12,16.89,17.18,16.76,16.98,0.36,+2.17%,22600
IMOS,2018-11-13,17.16,17.5,17.16,17.39,0.41,+2.41%,26100
IMOS,2018-11-14,17.54,17.54,17.03,17.1,-0.29,-1.67%,2100
IMOS,2018-11-15,16.98,17.5,16.98,17.5,0.4,+2.34%,11700
IMOS,2018-11-16,17.2,17.2,16.937,17.005,-0.495,-2.83%,3000
IMOS,2018-11-19,16.98,17.2,16.98,17.13,0.125,+0.74%,8000
IMOS,2018-11-20,16.95,17.17,16.91,17.11,-0.02,-0.12%,9900
IMOS,2018-11-21,17.3,17.46,17.3,17.45,0.34,+1.99%,6900
IMOS,2018-11-23,16.68,16.68,16.57,16.57,-0.88,-5.04%,8800
IMOS,2018-11-26,16.59,16.69,16.54,16.57,0,0.00%,5800
IMOS,2018-11-27,17.04,17.28,17.04,17.23,0.66,+3.98%,12300
IMOS,2018-11-28,17.2,17.45,17.13,17.45,0.22,+1.28%,3100
IMOS,2018-11-29,17.32,17.4,17.25,17.4,-0.05,-0.29%,15300
IMOS,2018-11-30,17.5,17.65,17.38,17.59,0.19,+1.09%,17800
IMOS,2018-12-03,17.85,18.41,17.85,18.2,0.61,+3.47%,14200
IMOS,2018-12-04,16.515,18.158,16.515,17.97,-0.23,-1.26%,9300
IMOS,2018-12-06,16.3,17.89,16.3,17.71,-0.26,-1.45%,16000
IMOS,2018-12-07,17.51,17.63,17.14,17.17,-0.54,-3.05%,34600
IMOS,2018-12-10,17.12,17.34,16.71,16.83,-0.34,-1.98%,30700
IMOS,2018-12-11,17.58,17.84,17.48,17.59,0.76,+4.52%,37800
IMOS,2018-12-12,18.02,18.3,17.96,18.27,0.68,+3.87%,30600
IMOS,2018-12-13,18.17,18.17,17.74,17.74,-0.53,-2.90%,108500
IMOS,2018-12-14,17.36,17.5,17.2,17.27,-0.47,-2.65%,153800
IMOS,2018-12-17,16.92,17.06,16.75,16.77,-0.5,-2.90%,87900
IMOS,2018-12-18,16.93,16.95,16.81,16.9,0.13,+0.78%,97000
IMOS,2018-12-19,16.91,17.12,16.65,16.79,-0.11,-0.65%,70800
IMOS,2018-12-20,16.68,16.71,16.16,16.39,-0.4,-2.38%,144900
IMOS,2018-12-21,16.64,16.7,16.52,16.62,0.23,+1.40%,109100
IMOS,2018-12-24,16.45,16.81,16.45,16.55,-0.07,-0.42%,8200
IMOS,2018-12-26,16.5,16.5,16.12,16.45,-0.1,-0.60%,13300
IMOS,2018-12-27,16.5,16.5,16.27,16.38,-0.07,-0.43%,8100
IMOS,2018-12-28,16.64,17.21,16.64,16.92,0.54,+3.30%,50900
IMOS,2018-12-31,16.93,17.02,16.69,16.84,-0.08,-0.47%,19200
IMOS,2019-01-02,16.7,17.08,16.7,17.03,0.19,+1.13%,2200
IMOS,2019-01-03,16.77,16.77,16.48,16.52,-0.51,-2.99%,5500
IMOS,2019-01-04,16.4,16.48,16.23,16.33,-0.19,-1.15%,15700
IMOS,2019-01-07,16.14,16.15,15.9,16.1,-0.23,-1.41%,22700
IMOS,2019-01-08,16.11,16.21,16.11,16.18,0.08,+0.50%,23700
IMOS,2019-01-09,16.18,16.4,16.18,16.22,0.04,+0.25%,10400
IMOS,2019-01-10,15.72,15.87,15.7,15.8,-0.42,-2.59%,7900
IMOS,2019-01-11,15.87,16.04,15.86,16.03,0.23,+1.46%,10000
IMOS,2019-01-14,15.91,15.98,15.78,15.91,-0.12,-0.75%,12000
IMOS,2019-01-15,15.98,16.11,15.96,16.05,0.14,+0.88%,24100
IMOS,2019-01-16,15.95,16.35,15.95,16.16,0.11,+0.69%,12400
IMOS,2019-01-17,16.09,16.2,16.05,16.2,0.04,+0.25%,11900
IMOS,2019-01-18,16.19,16.43,16.19,16.43,0.23,+1.42%,6900
IMOS,2019-01-22,16.15,16.18,15.98,16.09,-0.34,-2.07%,12400
IMOS,2019-01-23,16.18,16.3,16.18,16.25,0.16,+0.99%,11500
IMOS,2019-01-24,16.4,16.63,16.4,16.55,0.3,+1.85%,13400
IMOS,2019-01-25,16.69,16.74,16.65,16.73,0.18,+1.09%,5500
IMOS,2019-01-28,16.62,16.62,16.5,16.51,-0.22,-1.32%,9500
IMOS,2019-01-29,16.5,16.5,16.38,16.38,-0.13,-0.79%,15600
IMOS,2019-01-30,16.19,16.41,16.19,16.3,-0.08,-0.49%,14800
IMOS,2019-01-31,16.37,16.63,16.37,16.61,0.31,+1.90%,16400
IMOS,2019-02-01,16.53,16.715,16.37,16.37,-0.24,-1.44%,15400
IMOS,2019-02-04,16.3,16.68,16.3,16.48,0.11,+0.67%,6300
IMOS,2019-02-05,16.54,16.67,16.51,16.64,0.16,+0.97%,10200
IMOS,2019-02-06,16.69,16.74,16.63,16.71,0.07,+0.42%,8000
IMOS,2019-02-07,16.62,16.62,16.49,16.49,-0.22,-1.32%,1800
IMOS,2019-02-08,16.48,16.52,16.46,16.52,0.03,+0.18%,4000
IMOS,2019-02-11,16.36,16.48,16.335,16.4,-0.12,-0.73%,5000
IMOS,2019-02-12,16.56,16.65,16.51,16.65,0.25,+1.52%,9000
IMOS,2019-02-13,16.7,16.73,16.66,16.66,0.01,+0.06%,2600
IMOS,2019-02-14,16.6,16.74,16.6,16.71,0.05,+0.30%,28500
IMOS,2019-02-15,16.8,16.98,16.72,16.79,0.08,+0.48%,28300
IMOS,2019-02-19,16.79,16.88,16.74,16.87,0.08,+0.48%,24400
IMOS,2019-02-20,16.78,16.78,16.685,16.7,-0.17,-1.01%,15800
IMOS,2019-02-21,16.46,16.46,16.3,16.33,-0.37,-2.22%,21900
IMOS,2019-02-22,16.49,16.6,16.49,16.6,0.27,+1.65%,27200
IMOS,2019-02-25,16.78,16.9,16.75,16.75,0.15,+0.90%,10700
IMOS,2019-02-26,16.74,16.76,16.655,16.75,0,0.00%,8700
IMOS,2019-02-27,16.68,16.7,16.55,16.67,-0.08,-0.48%,19000
IMOS,2019-02-28,16.54,16.6,16.51,16.58,-0.09,-0.54%,5500
IMOS,2019-03-01,16.65,16.68,16.6,16.64,0.06,+0.36%,6400
IMOS,2019-03-04,16.79,16.97,16.79,16.97,0.33,+1.98%,16400
IMOS,2019-03-05,16.83,16.93,16.83,16.87,-0.1,-0.59%,12600
IMOS,2019-03-06,16.855,16.87,16.7602,16.78,-0.09,-0.53%,14700
IMOS,2019-03-07,16.96,17.25,16.6679,16.86,0.08,+0.48%,22400
IMOS,2019-03-08,15.98,16.34,15.7015,15.86,-1.,-5.93%,11000
IMOS,2019-03-11,16.2593,16.2593,15.96,16.02,0.16,+1.01%,11900
IMOS,2019-03-12,15.75,15.96,15.63,15.71,-0.31,-1.94%,5000
IMOS,2019-03-13,15.7,16.36,15.625,15.7,-0.01,-0.06%,5800
IMOS,2019-03-14,15.665,15.665,15.33,15.425,-0.275,-1.75%,28000
IMOS,2019-03-15,15.5,15.86,15.29,15.55,0.125,+0.81%,33000
IMOS,2019-03-18,15.84,15.85,15.72,15.79,0.24,+1.54%,24300
IMOS,2019-03-19,16.275,16.275,16.17,16.24,0.45,+2.85%,5500
IMOS,2019-03-20,16.85,17.1,16.85,17.06,0.82,+5.05%,27600
IMOS,2019-03-21,17.24,17.57,17.24,17.57,0.51,+2.99%,27600
IMOS,2019-03-22,17.49,17.49,16.92,16.92,-0.65,-3.70%,14300
IMOS,2019-03-25,17.36,17.37,17.19,17.29,0.37,+2.19%,21500
IMOS,2019-03-26,17.3,17.3,17.03,17.09,-0.2,-1.16%,3600
IMOS,2019-03-27,16.94,17.05,16.82,16.82,-0.27,-1.58%,2800
IMOS,2019-03-28,16.78,16.84,16.74,16.74,-0.08,-0.48%,3800
IMOS,2019-03-29,16.83,17.02,16.83,16.88,0.14,+0.84%,2100
IMOS,2019-04-01,17.25,17.32,17.21,17.31,0.43,+2.55%,43900
IMOS,2019-04-02,17.26,17.26,17.12,17.21,-0.1,-0.58%,4300
IMOS,2019-04-03,17.5,17.62,17.478,17.5729,0.3629,+2.11%,36700
IMOS,2019-04-04,17.65,17.65,17.54,17.575,0.0021,+0.01%,7200
IMOS,2019-04-05,17.58,17.69,16.61,17.69,0.115,+0.65%,8100
IMOS,2019-04-08,17.57,18.08,17.57,18.005,0.315,+1.78%,30300
IMOS,2019-04-09,18.46,18.65,18.46,18.59,0.585,+3.25%,27100
IMOS,2019-04-10,18.88,18.99,18.84,18.89,0.3,+1.61%,15400
IMOS,2019-04-11,18.48,18.48,18.2834,18.3,-0.59,-3.12%,15500
IMOS,2019-04-12,17.9,17.9,17.8,17.89,-0.41,-2.24%,13100
IMOS,2019-04-15,18.1,18.1,17.95,17.96,0.07,+0.39%,7100
IMOS,2019-04-16,17.99,18.05,17.9337,17.96,0,0.00%,9800
IMOS,2019-04-17,17.93,17.93,17.78,17.92,-0.04,-0.22%,1300
IMOS,2019-04-18,17.75,17.75,17.41,17.41,-0.51,-2.85%,7700
IMOS,2019-04-22,17.58,17.66,17.533,17.66,0.25,+1.44%,4700
IMOS,2019-04-23,17.58,17.85,17.58,17.84,0.18,+1.02%,1700
IMOS,2019-04-24,17.6,17.6,17.48,17.48,-0.36,-2.02%,5700
IMOS,2019-04-25,17.59,17.69,17.3996,17.43,-0.05,-0.29%,7800
IMOS,2019-04-26,17.36,17.49,17.35,17.4,-0.03,-0.17%,32900
IMOS,2019-04-29,17.31,17.35,17.15,17.15,-0.25,-1.44%,1600
IMOS,2019-04-30,17.3,17.31,17.21,17.31,0.16,+0.93%,900
IMOS,2019-05-01,17.3,17.33,17.15,17.15,-0.16,-0.92%,7000
IMOS,2019-05-02,17.26,17.49,17.26,17.36,0.21,+1.22%,26400
IMOS,2019-05-03,17.51,17.63,17.51,17.63,0.27,+1.56%,3100
IMOS,2019-05-06,16.82,17.06,16.82,16.93,-0.7,-3.97%,17000
IMOS,2019-05-07,17.2734,17.46,16.946,16.946,0.016,+0.09%,14800
IMOS,2019-05-08,16.9243,17.03,16.9243,17.03,0.084,+0.50%,4100
IMOS,2019-05-09,16.69,16.77,16.33,16.62,-0.41,-2.41%,33600
IMOS,2019-05-10,16.67,16.78,16.482,16.74,0.12,+0.72%,9100
IMOS,2019-05-13,16.23,16.23,15.86,15.86,-0.88,-5.26%,13500
IMOS,2019-05-14,16.01,16.66,16.01,16.56,0.7,+4.41%,48500
IMOS,2019-05-15,16.62,16.9,16.62,16.875,0.315,+1.90%,6900
IMOS,2019-05-16,16.68,16.92,16.6525,16.76,-0.115,-0.68%,28500
IMOS,2019-05-17,15.86,16.04,15.72,15.72,-1.04,-6.21%,43100
IMOS,2019-05-20,15.43,15.4399,15.22,15.35,-0.37,-2.35%,16400
IMOS,2019-05-21,15.41,15.5,15.34,15.34,-0.01,-0.07%,7000
IMOS,2019-05-22,15.34,15.83,15.34,15.48,0.14,+0.91%,14500
IMOS,2019-05-23,15.25,15.25,14.66,14.89,-0.59,-3.81%,7100
IMOS,2019-05-24,14.91,15.07,14.53,14.83,-0.06,-0.40%,7800
IMOS,2019-05-28,14.65,14.65,14.03,14.09,-0.74,-4.99%,34100
IMOS,2019-05-29,14,14.16,13.9212,14.11,0.02,+0.14%,11100
IMOS,2019-05-30,14.11,14.39,14.11,14.35,0.24,+1.70%,17000
IMOS,2019-05-31,14.43,14.71,14.43,14.62,0.27,+1.88%,10900
IMOS,2019-06-03,14.84,14.8616,14.74,14.75,0.13,+0.89%,13200
IMOS,2019-06-04,14.81,15.24,14.78,15.23,0.48,+3.25%,9900
IMOS,2019-06-05,15.35,15.57,15.19,15.26,0.03,+0.20%,15900
IMOS,2019-06-06,14.75,14.98,14.75,14.83,-0.43,-2.82%,14400
IMOS,2019-06-07,14.95,15.03,14.89,14.89,0.06,+0.40%,16100
IMOS,2019-06-10,15.01,15.33,15.01,15.03,0.14,+0.94%,1600
IMOS,2019-06-11,15.2,15.2,15.07,15.12,0.09,+0.60%,23200
IMOS,2019-06-12,15.1,15.18,14.99,14.99,-0.13,-0.86%,16200
IMOS,2019-06-13,15.11,15.11,14.91,14.91,-0.08,-0.53%,5800
IMOS,2019-06-14,14.97,14.98,14.37,14.94,0.03,+0.20%,3600
IMOS,2019-06-17,14.8,15.06,14.74,14.78,-0.16,-1.07%,7200
IMOS,2019-06-18,14.83,15.26,14.83,15.24,0.46,+3.11%,7300
IMOS,2019-06-19,15.39,15.39,15,15.25,0.01,+0.07%,25100
IMOS,2019-06-20,15.58,15.6,15.28,15.37,0.12,+0.79%,29100
IMOS,2019-06-21,15.39,15.555,15.28,15.47,0.1,+0.65%,36400
IMOS,2019-06-24,15.54,15.65,15.45,15.45,-0.02,-0.13%,6900
IMOS,2019-06-25,15.36,15.78,15.14,15.14,-0.31,-2.01%,5600
IMOS,2019-06-26,15.49,15.71,15.24,15.3,0.16,+1.06%,30000
IMOS,2019-06-27,15.47,15.7,15.47,15.63,0.33,+2.16%,8400
IMOS,2019-06-28,15.54,15.58,15.3523,15.38,-0.25,-1.60%,14400
IMOS,2019-07-01,15.79,15.98,15.59,15.71,0.33,+2.15%,9800
IMOS,2019-07-02,15.78,15.82,15.73,15.8,0.09,+0.57%,3000
IMOS,2019-07-03,15.69,15.7058,15.67,15.67,-0.13,-0.82%,5000
IMOS,2019-07-05,15.44,15.595,15.44,15.48,-0.19,-1.21%,18800
IMOS,2019-07-08,15.5,16.05,15.5,15.82,0.34,+2.20%,16700
IMOS,2019-07-09,15.82,15.89,15.795,15.85,0.03,+0.19%,17900
IMOS,2019-07-10,16.01,16.15,15.87,15.92,0.07,+0.44%,14500
IMOS,2019-07-11,16.26,16.38,16.19,16.29,0.37,+2.32%,7500
IMOS,2019-07-12,16.3,16.3,16,16.25,-0.04,-0.25%,30300
IMOS,2019-07-15,16.25,16.36,16.0919,16.24,-0.01,-0.06%,11100
IMOS,2019-07-16,16.27,16.44,16.26,16.41,0.17,+1.05%,28300
IMOS,2019-07-17,16.4,16.64,16.4,16.61,0.2,+1.22%,22600
IMOS,2019-07-18,16.62,16.75,16.44,16.7316,0.1216,+0.73%,41100
IMOS,2019-07-19,17,17,16.687,16.72,-0.0116,-0.07%,12100
IMOS,2019-07-22,17.05,17.11,16.99,17.1,0.38,+2.27%,12700
IMOS,2019-07-23,17.18,17.36,17.18,17.36,0.26,+1.52%,6400
IMOS,2019-07-24,17.61,17.94,16.73,17.93,0.57,+3.28%,42400
IMOS,2019-07-25,17.99,18.03,17.9229,18,0.07,+0.39%,10000
IMOS,2019-07-26,18.06,18.1,18.04,18.1,0.1,+0.56%,12300
IMOS,2019-07-29,18.22,18.42,18.22,18.4,0.3,+1.66%,11900
IMOS,2019-07-30,18.26,18.26,17.91,18.19,-0.21,-1.14%,14200
IMOS,2019-07-31,18.33,18.3652,18.06,18.2,0.01,+0.05%,29900
IMOS,2019-08-01,18.25,18.4,18.14,18.19,-0.01,-0.05%,29000
IMOS,2019-08-02,17.72,17.85,17.3,17.8,-0.39,-2.14%,46000
IMOS,2019-08-05,17.64,18.0907,17.64,17.855,0.055,+0.31%,35300
IMOS,2019-08-06,18.48,18.48,17.87,18.25,0.395,+2.21%,63100
IMOS,2019-08-07,17.54,17.87,17.4267,17.68,-0.57,-3.12%,28900
IMOS,2019-08-08,18.03,18.5,17.76,18.455,0.775,+4.38%,80100
IMOS,2019-08-09,18.43,18.45,17.2882,18.43,-0.025,-0.14%,29400
IMOS,2019-08-12,19.48,19.77,19.48,19.59,1.16,+6.29%,31200
IMOS,2019-08-13,18.64,19.03,18.64,18.87,-0.72,-3.68%,58600
IMOS,2019-08-14,18.34,18.41,17.9,18.06,-0.81,-4.29%,57600
IMOS,2019-08-15,18.35,18.79,18.35,18.64,0.58,+3.21%,40900
IMOS,2019-08-16,18.88,19,18.83,18.92,0.28,+1.50%,25300
IMOS,2019-08-19,19.01,19.19,18.95,19.13,0.21,+1.11%,32200
IMOS,2019-08-20,19.28,19.42,19.23,19.33,0.2,+1.05%,31300
IMOS,2019-08-21,19.44,19.54,19.32,19.45,0.12,+0.62%,20700
IMOS,2019-08-22,19.482,19.482,19.285,19.37,-0.08,-0.41%,10700
IMOS,2019-08-23,19.2,19.2,18.7,18.83,-0.54,-2.79%,11100
IMOS,2019-08-26,19.23,19.3,19.01,19.28,0.45,+2.39%,20400
IMOS,2019-08-27,19.47,19.5,19.33,19.49,0.21,+1.09%,30500
IMOS,2019-08-28,19.1,19.29,19.05,19.2,-0.29,-1.49%,13300
IMOS,2019-08-29,19.42,19.72,19.42,19.56,0.36,+1.88%,16400
IMOS,2019-08-30,19.56,19.67,19.45,19.48,-0.08,-0.41%,10700
IMOS,2019-09-03,19.5,19.93,19.5,19.9,0.42,+2.16%,82000
IMOS,2019-09-04,19.99,20.6,19.99,20.6,0.7,+3.52%,59000
IMOS,2019-09-05,20.55,20.8,20.55,20.64,0.04,+0.19%,17700
IMOS,2019-09-06,21,21.18,20.66,21.08,0.44,+2.13%,48800
IMOS,2019-09-09,20.96,20.99,20.38,20.48,-0.6,-2.85%,100000
IMOS,2019-09-10,20.55,20.66,20.44,20.66,0.18,+0.88%,27300
IMOS,2019-09-11,21.22,21.59,21.05,21.58,0.92,+4.45%,49700
IMOS,2019-09-12,21.79,21.92,21.6,21.83,0.25,+1.16%,21700
IMOS,2019-09-13,21.855,21.855,21.737,21.81,-0.02,-0.09%,11400
IMOS,2019-09-16,21.75,21.75,21.26,21.26,-0.55,-2.52%,23400
IMOS,2019-09-17,21.33,21.34,21.1,21.34,0.08,+0.38%,27400
IMOS,2019-09-18,21.33,21.3389,21.12,21.29,-0.05,-0.23%,13200
IMOS,2019-09-19,21.19,21.32,21.12,21.15,-0.14,-0.66%,9900
IMOS,2019-09-20,21.31,21.34,21.15,21.24,0.09,+0.43%,14800
IMOS,2019-09-23,21.21,21.39,21.21,21.28,0.04,+0.19%,14400
IMOS,2019-09-24,21.2,21.2,20.93,21.08,-0.2,-0.94%,16900
IMOS,2019-09-25,21.0546,21.43,21.0546,21.42,0.34,+1.61%,13600
IMOS,2019-09-26,21.59,21.59,21.35,21.35,-0.07,-0.33%,4900
IMOS,2019-09-27,20.45,20.45,20.03,20.11,-1.24,-5.81%,24600
IMOS,2019-09-30,20.22,20.3,20.183,20.29,0.18,+0.90%,10500
IMOS,2019-10-01,21.05,21.05,20.78,20.87,0.58,+2.86%,12800
IMOS,2019-10-02,20.89,20.92,20.71,20.85,-0.02,-0.10%,13100
IMOS,2019-10-03,20.7,20.92,20.63,20.91,0.06,+0.29%,10000
IMOS,2019-10-04,20.81,20.88,20.75,20.84,-0.07,-0.33%,7700
IMOS,2019-10-07,20.85,20.88,20.75,20.8,-0.04,-0.19%,7600
IMOS,2019-10-08,20.77,20.94,20.68,20.72,-0.08,-0.38%,12500
IMOS,2019-10-09,20.82,20.89,19.76,20.57,-0.15,-0.72%,50700
IMOS,2019-10-10,20.55,20.9,20.5,20.5,-0.07,-0.34%,7200
IMOS,2019-10-11,20.63,20.92,20.51,20.87,0.37,+1.80%,27800
IMOS,2019-10-14,20.86,20.86,20.68,20.78,-0.09,-0.43%,7300
IMOS,2019-10-15,20.39,20.39,19.84,20.03,-0.75,-3.61%,15500
IMOS,2019-10-16,20,20.06,19.94,20.05,0.02,+0.10%,6300
IMOS,2019-10-17,20.48,20.48,20.36,20.44,0.39,+1.95%,10600
IMOS,2019-10-18,20.59,20.66,20.36,20.42,-0.02,-0.10%,20900
IMOS,2019-10-21,20.4,20.4,20.21,20.31,-0.11,-0.54%,5700
IMOS,2019-10-22,19.91,20.19,19.91,20.01,-0.3,-1.48%,8500
IMOS,2019-10-23,20.52,20.57,20.39,20.5,0.49,+2.45%,6300
IMOS,2019-10-24,20.62,20.84,20.58,20.76,0.26,+1.27%,10000
IMOS,2019-10-25,20.45,20.53,20.39,20.4,-0.36,-1.73%,3600
IMOS,2019-10-28,20.16,20.23,20.1101,20.17,-0.23,-1.13%,9500
IMOS,2019-10-29,20.06,20.06,19.84,19.85,-0.32,-1.59%,28100
IMOS,2019-10-30,19.97,20.14,19.97,20.07,0.22,+1.11%,5000
IMOS,2019-10-31,19.87,19.87,19.54,19.64,-0.43,-2.14%,16800
IMOS,2019-11-01,20.05,20.09,19.9502,20.01,0.37,+1.88%,6100
IMOS,2019-11-04,20.22,20.4099,20.18,20.38,0.37,+1.85%,3800
IMOS,2019-11-05,20.15,20.33,19.97,20.03,-0.35,-1.72%,19700
IMOS,2019-11-06,20.31,20.38,20.15,20.26,0.23,+1.15%,22600
IMOS,2019-11-07,21.74,22.2,21.72,22,1.74,+8.59%,65900
IMOS,2019-11-08,23.42,23.445,23.21,23.22,1.22,+5.55%,58700
IMOS,2019-11-11,23.26,23.53,23.26,23.4,0.18,+0.78%,45600
IMOS,2019-11-12,24.68,24.83,24.5,24.73,1.33,+5.68%,73600
IMOS,2019-11-13,24.52,24.77,24.4931,24.71,-0.02,-0.08%,39000
IMOS,2019-11-14,24.01,24.03,23.76,23.92,-0.79,-3.20%,8500
IMOS,2019-11-15,23.81,23.9,23.52,23.56,-0.36,-1.51%,13100
IMOS,2019-11-18,23.9,24.04,23.84,23.89,0.33,+1.40%,13400
IMOS,2019-11-19,24.05,24.3401,23.93,23.96,0.07,+0.29%,13100
IMOS,2019-11-20,23.95,24.17,23.9422,24.04,0.08,+0.33%,16700
IMOS,2019-11-21,23.66,23.66,23.07,23.08,-0.96,-3.99%,42700
IMOS,2019-11-22,22.85,22.97,22.73,22.76,-0.32,-1.39%,12600
IMOS,2019-11-25,23,23.395,23,23.39,0.63,+2.77%,10200
IMOS,2019-11-26,23.3,23.34,23.15,23.32,-0.07,-0.30%,8200
IMOS,2019-11-27,23.13,23.23,23,23,-0.32,-1.37%,7800
IMOS,2019-11-29,22.46,22.46,22.23,22.29,-0.71,-3.09%,7600
IMOS,2019-12-02,22.17,22.253,21.9842,22.07,-0.22,-0.99%,13600
IMOS,2019-12-03,22.13,22.22,22.07,22.15,0.08,+0.36%,4300
IMOS,2019-12-04,22.74,22.99,22.74,22.94,0.79,+3.57%,9900
IMOS,2019-12-05,22.98,23.08,22.9,22.94,0,0.00%,15700
IMOS,2019-12-06,23.01,23.01,22.82,22.93,-0.01,-0.04%,5900
IMOS,2019-12-09,23.07,23.07,22.75,22.75,-0.18,-0.78%,4700
IMOS,2019-12-10,23.2262,23.2499,22.78,22.825,0.075,+0.33%,4500
IMOS,2019-12-11,23.1,23.22,23.07,23.22,0.395,+1.73%,16600
IMOS,2019-12-12,23.41,23.9,23.41,23.9,0.68,+2.93%,29000
IMOS,2019-12-13,23.75,23.75,22.99,23.2,-0.7,-2.93%,8700
IMOS,2019-12-16,23.4,23.6,23.39,23.39,0.19,+0.82%,13100
IMOS,2019-12-17,23.87,23.885,23.796,23.87,0.48,+2.05%,14100
IMOS,2019-12-18,23.67,23.8,23.55,23.55,-0.32,-1.34%,5600
IMOS,2019-12-19,23.43,23.59,23.35,23.38,-0.17,-0.72%,9300
IMOS,2019-12-20,23.3685,23.5,23.3685,23.41,0.03,+0.13%,15100
IMOS,2019-12-23,23.37,23.37,23.24,23.24,-0.17,-0.73%,5600
IMOS,2019-12-24,22.97,22.97,22.5265,22.92,-0.32,-1.38%,8600
IMOS,2019-12-26,22.88,22.89,22.79,22.81,-0.11,-0.48%,3800
IMOS,2019-12-27,23,23.3,23,23.24,0.43,+1.89%,8200
IMOS,2019-12-30,23.31,23.31,23.01,23.07,-0.17,-0.73%,11900
IMOS,2019-12-31,22.89,22.89,22.5,22.61,-0.46,-1.99%,49500
IMOS,2020-01-02,22.98,23.22,22.94,23.22,0.61,+2.70%,5500
IMOS,2020-01-03,22.67,22.74,22.54,22.54,-0.68,-2.93%,4200
IMOS,2020-01-06,22.13,22.15,22,22.05,-0.49,-2.17%,10200
IMOS,2020-01-07,21.61,21.91,21.5048,21.88,-0.17,-0.77%,17300
IMOS,2020-01-08,21.9,23.3,21.9,22.9,1.02,+4.66%,25700
IMOS,2020-01-09,22.87,22.95,22.7627,22.88,-0.02,-0.09%,17000
IMOS,2020-01-10,22.72,22.72,22.51,22.51,-0.37,-1.62%,2800
IMOS,2020-01-13,22.76,22.85,22.66,22.78,0.27,+1.20%,5600
IMOS,2020-01-14,22.72,22.8,22.69,22.76,-0.02,-0.09%,13300
IMOS,2020-01-15,22.7,22.7,22.54,22.63,-0.13,-0.57%,3100
IMOS,2020-01-16,22.65,22.66,22.45,22.45,-0.18,-0.80%,4500
IMOS,2020-01-17,22.45,22.63,22.45,22.62,0.17,+0.76%,4600
IMOS,2020-01-21,22.29,22.29,21.9039,22,-0.62,-2.74%,9200
IMOS,2020-01-22,22.13,22.22,22.02,22.11,0.11,+0.50%,4100
IMOS,2020-01-23,21.99,22,21.8483,21.88,-0.23,-1.04%,6000
IMOS,2020-01-24,21.93,21.95,21.73,21.73,-0.15,-0.69%,2600
IMOS,2020-01-27,21.3825,21.3825,21.12,21.18,-0.55,-2.53%,8300
IMOS,2020-01-28,21.39,21.47,21.32,21.47,0.29,+1.37%,2600
IMOS,2020-01-29,21.6,21.67,21.41,21.67,0.2,+0.93%,8100
IMOS,2020-01-30,20.17,20.17,19.56,19.9,-1.77,-8.17%,18500
IMOS,2020-01-31,19.95,19.95,19.35,19.45,-0.45,-2.26%,11000
IMOS,2020-02-03,19.05,19.1335,18.765,18.96,-0.49,-2.52%,19000
IMOS,2020-02-04,19.29,19.73,19.29,19.73,0.77,+4.06%,10100
IMOS,2020-02-05,19.85,19.93,19.75,19.75,0.02,+0.10%,6000
IMOS,2020-02-06,20.11,20.215,20.035,20.14,0.39,+1.97%,8900
IMOS,2020-02-07,19.71,19.75,19.62,19.68,-0.46,-2.28%,4300
IMOS,2020-02-10,19.79,20.1373,19.79,19.9165,0.2365,+1.20%,4600
IMOS,2020-02-11,20.3,20.48,20.3,20.43,0.5135,+2.58%,19200
IMOS,2020-02-12,20.59,20.75,20.57,20.74,0.31,+1.52%,26000
IMOS,2020-02-13,20.4026,20.54,20.381,20.54,-0.2,-0.96%,1200
IMOS,2020-02-14,20.63,20.66,20.51,20.565,0.025,+0.12%,4600
IMOS,2020-02-18,20.65,20.6898,20.5406,20.655,0.09,+0.44%,6500
IMOS,2020-02-19,20.75,20.75,20.5651,20.68,0.025,+0.12%,4900
IMOS,2020-02-20,20.61,20.61,20.31,20.4,-0.28,-1.35%,4300
IMOS,2020-02-21,20.48,20.48,20.11,20.34,-0.06,-0.29%,23500
IMOS,2020-02-24,20.13,20.186,20,20.13,-0.21,-1.03%,35000
IMOS,2020-02-25,20.15,20.17,19.75,19.75,-0.38,-1.89%,18900
IMOS,2020-02-26,20.07,20.1697,19.88,20,0.25,+1.27%,15800
IMOS,2020-02-27,19.48,19.48,19.16,19.16,-0.84,-4.20%,11100
IMOS,2020-02-28,18.8,19.25,18.61,19.25,0.09,+0.47%,12100
IMOS,2020-03-02,19.51,19.64,19.31,19.5644,0.3144,+1.63%,6000
IMOS,2020-03-03,20.17,20.17,19.8,19.96,0.3956,+2.02%,14900
IMOS,2020-03-04,19.83,19.85,19.64,19.85,-0.11,-0.55%,8900
IMOS,2020-03-05,19.85,19.93,19.64,19.71,-0.14,-0.71%,18500
IMOS,2020-03-06,20.09,20.09,19.79,20,0.29,+1.47%,38300
IMOS,2020-03-09,19.5,20.15,19.5,19.79,-0.21,-1.05%,16600
IMOS,2020-03-10,21.09,21.64,20.85,21.61,1.82,+9.20%,48800
IMOS,2020-03-11,20.04,20.04,19.4259,19.51,-2.1,-9.72%,21700
IMOS,2020-03-12,18.21,18.21,17.5,17.5,-2.01,-10.30%,20400
IMOS,2020-03-13,18.42,18.42,17.33,17.81,0.31,+1.77%,14200
IMOS,2020-03-16,16.4,16.66,16.02,16.1,-1.71,-9.60%,19900
IMOS,2020-03-17,16.18,16.8,16.16,16.67,0.57,+3.54%,25500
IMOS,2020-03-18,15.97,16.15,15,15.75,-0.92,-5.52%,40600
IMOS,2020-03-19,15.5,16.085,15.18,15.42,-0.33,-2.10%,23900
IMOS,2020-03-20,16.39,16.8,15.81,15.9,0.48,+3.11%,52200
IMOS,2020-03-23,15.95,16.13,15.72,16.07,0.17,+1.07%,30000
IMOS,2020-03-24,17.15,17.63,16.7,17.47,1.4,+8.71%,25100
IMOS,2020-03-25,17.2,17.93,17.06,17.71,0.24,+1.37%,29200
IMOS,2020-03-26,17.5,17.82,17.2301,17.82,0.11,+0.62%,9900
IMOS,2020-03-27,16.9,17.09,16.49,16.55,-1.27,-7.13%,16900
IMOS,2020-03-30,17,17.45,17,17.41,0.86,+5.20%,15700
IMOS,2020-03-31,17.41,17.67,17.37,17.49,0.08,+0.46%,15500
IMOS,2020-04-01,17.3,17.36,17.16,17.17,-0.32,-1.83%,10600
IMOS,2020-04-02,17.3,17.55,17.3,17.5,0.33,+1.92%,11300
IMOS,2020-04-03,17.52,17.555,17.07,17.26,-0.24,-1.37%,17700
IMOS,2020-04-06,17.6,17.68,17.37,17.44,0.18,+1.04%,20900
IMOS,2020-04-07,18.45,18.45,17.93,17.94,0.5,+2.87%,19400
IMOS,2020-04-08,18.283,18.67,18.283,18.47,0.53,+2.95%,21700
IMOS,2020-04-09,18.46,19.22,18.11,18.18,-0.29,-1.57%,22800
IMOS,2020-04-13,18.21,18.3787,18.03,18.04,-0.14,-0.77%,41500
IMOS,2020-04-14,18.58,18.64,18.32,18.36,0.32,+1.77%,67300
IMOS,2020-04-15,18.9,19.0169,18.8,18.91,0.55,+3.00%,43100
IMOS,2020-04-16,19.17,19.3,18.91,19.19,0.28,+1.48%,15800
IMOS,2020-04-17,18.91,19.07,18.82,19,-0.19,-0.99%,10100
IMOS,2020-04-20,19.18,19.37,19.1,19.24,0.24,+1.26%,6900
IMOS,2020-04-21,18.54,18.7,18.43,18.44,-0.8,-4.16%,15500
IMOS,2020-04-22,18.94,19.04,18.9021,19.01,0.57,+3.09%,6800
IMOS,2020-04-23,18.76,18.9191,18.75,18.76,-0.25,-1.32%,7200
IMOS,2020-04-24,19.2,19.2,18.9201,19.04,0.28,+1.49%,10300
IMOS,2020-04-27,19.6,20.09,19.5,20.09,1.05,+5.51%,29100
IMOS,2020-04-28,19.95,20.0304,19.49,19.49,-0.6,-2.99%,6200
IMOS,2020-04-29,19.96,20.01,19.88,20.01,0.52,+2.67%,4600
IMOS,2020-04-30,20.11,20.1999,19.9401,19.97,-0.04,-0.20%,7700
IMOS,2020-05-01,19.8,19.8,19.51,19.6,-0.37,-1.85%,9100
IMOS,2020-05-04,20.6,20.74,20.25,20.63,1.03,+5.26%,17400
IMOS,2020-05-05,20.53,21.04,20.53,20.85,0.22,+1.07%,24500
IMOS,2020-05-06,21.7,21.8,21.13,21.2,0.35,+1.68%,25500
IMOS,2020-05-07,20.8,20.97,19.0349,20.89,-0.31,-1.46%,19100
IMOS,2020-05-08,21.09,21.52,20.81,21.52,0.63,+3.02%,18400
IMOS,2020-05-11,21.27,21.6,21.27,21.56,0.04,+0.19%,11900
IMOS,2020-05-12,21.47,21.47,21.26,21.32,-0.24,-1.11%,9200
IMOS,2020-05-13,21.41,21.5,21.08,21.16,-0.16,-0.75%,16700
IMOS,2020-05-14,20.52,20.7699,20.3,20.61,-0.55,-2.60%,8100
IMOS,2020-05-15,20.24,20.4999,20.17,20.18,-0.43,-2.09%,7100
IMOS,2020-05-18,20.24,20.57,20.2138,20.25,0.07,+0.35%,11300
IMOS,2020-05-19,20.17,20.25,19.95,19.95,-0.3,-1.48%,6100
IMOS,2020-05-20,20.54,20.6,20.27,20.38,0.43,+2.16%,3600
IMOS,2020-05-21,20.65,21,20.6,20.795,0.415,+2.04%,7300
IMOS,2020-05-22,20.54,20.54,20.2338,20.345,-0.45,-2.16%,7100
IMOS,2020-05-26,20.53,21.04,20.25,20.25,-0.095,-0.47%,10100
IMOS,2020-05-27,20.61,20.77,20.33,20.77,0.52,+2.57%,6600
IMOS,2020-05-28,20.3,20.7,20.26,20.27,-0.5,-2.41%,11700
IMOS,2020-05-29,20.4,20.4,20.14,20.36,0.09,+0.44%,3000
IMOS,2020-06-01,21,21.19,20.736,20.89,0.53,+2.60%,12400
IMOS,2020-06-02,21.29,22.48,21.29,22.45,1.56,+7.47%,35100
IMOS,2020-06-03,21.93,22.2131,21.1905,22.2131,-0.2369,-1.06%,8100
IMOS,2020-06-04,21.67,21.83,21.25,21.26,-0.9531,-4.29%,20200
IMOS,2020-06-05,22.6735,22.6735,21.85,22.24,0.98,+4.61%,3900
IMOS,2020-06-08,22.28,22.43,21.76,21.93,-0.31,-1.39%,2700
IMOS,2020-06-09,21.77,21.84,21.5,21.61,-0.32,-1.46%,11900
IMOS,2020-06-10,22.2899,22.2899,21.68,21.9,0.29,+1.34%,17200
IMOS,2020-06-11,22.04,22.04,21.5,21.54,-0.36,-1.64%,10500
IMOS,2020-06-12,22.09,22.09,21.6,21.81,0.27,+1.25%,8500
IMOS,2020-06-15,21.56,22.4,21.56,22.24,0.43,+1.97%,6900
IMOS,2020-06-16,22.63,22.7,22.15,22.16,-0.08,-0.36%,9600
IMOS,2020-06-17,22.21,22.4,22.1201,22.18,0.02,+0.09%,15700
IMOS,2020-06-18,22.25,22.78,22.215,22.75,0.57,+2.57%,32200
IMOS,2020-06-19,22.79,23.2,22.79,22.9,0.15,+0.66%,19300
IMOS,2020-06-22,22.69,22.85,22.59,22.66,-0.24,-1.05%,16400
IMOS,2020-06-23,22.61,22.72,22.51,22.61,-0.05,-0.22%,17600
IMOS,2020-06-24,22.28,22.36,22.07,22.2,-0.41,-1.81%,7700
IMOS,2020-06-25,22.18,22.2999,22.06,22.185,-0.015,-0.07%,12700
IMOS,2020-06-26,22.24,22.24,21.92,22.18,-0.005,-0.02%,9700
IMOS,2020-06-29,22.48,22.48,22.25,22.44,0.26,+1.17%,9500
IMOS,2020-06-30,22.4787,22.75,22.4201,22.67,0.23,+1.02%,22300
IMOS,2020-07-01,21.48,21.52,20.9833,21.32,-1.35,-5.96%,16600
IMOS,2020-07-02,21.54,22.08,21.4911,21.7667,0.4467,+2.10%,19200
IMOS,2020-07-06,22.35,22.75,22.35,22.68,0.9133,+4.20%,18200
IMOS,2020-07-07,22.75,22.75,22.4,22.4,-0.28,-1.23%,8900
IMOS,2020-07-08,22.43,22.5,22.07,22.22,-0.18,-0.80%,11100
IMOS,2020-07-09,22.11,22.18,21.84,22.09,-0.13,-0.59%,5800
IMOS,2020-07-10,21.93,22.22,21.85,22.06,-0.03,-0.14%,12900
IMOS,2020-07-13,22.04,22.25,21.6,21.65,-0.41,-1.86%,15900
IMOS,2020-07-14,21.55,21.75,21.42,21.65,0,0.00%,10700
IMOS,2020-07-15,21.52,21.7699,21.45,21.58,-0.07,-0.32%,6200
IMOS,2020-07-16,21.49,21.62,21.22,21.5,-0.08,-0.37%,18400
IMOS,2020-07-17,21.4174,21.4174,21,21,-0.5,-2.33%,6800
IMOS,2020-07-20,21.12,21.38,21.055,21.38,0.38,+1.81%,11900
IMOS,2020-07-21,21.595,21.65,21.4194,21.59,0.21,+0.98%,10300
IMOS,2020-07-22,21.84,21.95,21.76,21.94,0.35,+1.62%,11600
IMOS,2020-07-23,21.9,21.9,21.32,21.32,-0.62,-2.83%,11700
IMOS,2020-07-24,21.4,21.4,21.09,21.15,-0.17,-0.80%,9900
IMOS,2020-07-27,21.4,21.52,21.2607,21.52,0.37,+1.75%,14600
IMOS,2020-07-28,21.35,21.35,20.55,20.56,-0.96,-4.46%,23100
IMOS,2020-07-29,21.31,21.41,21.0606,21.36,0.8,+3.89%,29900
IMOS,2020-07-30,21.41,21.9,21.41,21.88,0.52,+2.43%,18700
IMOS,2020-07-31,21.9,21.9,21.52,21.79,-0.09,-0.41%,7900
IMOS,2020-08-03,21.88,22,21.88,21.92,0.13,+0.60%,14100
IMOS,2020-08-04,22,22,21.84,21.87,-0.05,-0.23%,10700
IMOS,2020-08-05,22.1,22.21,22.1,22.17,0.3,+1.37%,18500
IMOS,2020-08-06,22.04,22.08,21.68,21.85,-0.32,-1.44%,19600
IMOS,2020-08-07,21.65,21.75,21.54,21.73,-0.12,-0.55%,25100
IMOS,2020-08-10,22.17,22.43,21.98,22.23,0.5,+2.30%,23300
IMOS,2020-08-11,22,22,21.01,21.15,-1.08,-4.86%,30400
IMOS,2020-08-12,21.84,22.1093,21.8,21.96,0.81,+3.83%,15700
IMOS,2020-08-13,21.9,21.9,21.33,21.69,-0.27,-1.23%,18900
IMOS,2020-08-14,21.68,21.6823,21.4801,21.68,-0.01,-0.05%,6900
IMOS,2020-08-17,21.75,22,21.7,21.93,0.25,+1.15%,16100
IMOS,2020-08-18,21.55,21.655,21.35,21.35,-0.58,-2.64%,20400
IMOS,2020-08-19,21.01,21.03,20.52,20.52,-0.83,-3.89%,21700
IMOS,2020-08-20,19.98,19.98,19.75,19.75,-0.77,-3.75%,18900
IMOS,2020-08-21,19.8,19.82,19.7,19.75,0,0.00%,10700
IMOS,2020-08-24,19.91,19.96,19.75,19.75,0,0.00%,8200
IMOS,2020-08-25,20.15,20.19,19.9369,19.95,0.2,+1.01%,6800
IMOS,2020-08-26,20.1,20.1956,19.95,20.06,0.11,+0.55%,5900
IMOS,2020-08-27,19.9465,19.9499,19.85,19.89,-0.17,-0.85%,7300
IMOS,2020-08-28,19.76,19.83,19.67,19.71,-0.18,-0.90%,8900
IMOS,2020-08-31,19.47,19.585,19.3,19.34,-0.37,-1.88%,7600
IMOS,2020-09-01,19.45,19.76,19.45,19.58,0.24,+1.24%,6400
IMOS,2020-09-02,19.71,19.91,19.7,19.91,0.33,+1.69%,7500
IMOS,2020-09-03,19.69,19.69,19.5,19.6,-0.31,-1.56%,9700
IMOS,2020-09-04,19.67,19.72,19.41,19.63,0.03,+0.15%,6400
IMOS,2020-09-08,19.6,19.67,19.33,19.52,-0.11,-0.56%,6000
IMOS,2020-09-09,19.73,19.73,19.15,19.15,-0.37,-1.90%,15100
IMOS,2020-09-10,19.37,19.37,19.05,19.12,-0.03,-0.16%,6200
IMOS,2020-09-11,19.11,19.36,19.11,19.2174,0.0974,+0.51%,14900
IMOS,2020-09-14,19.56,20,19.53,19.53,0.3126,+1.63%,15600
IMOS,2020-09-15,19.89,20.1,19.85,20.08,0.55,+2.82%,15600
IMOS,2020-09-16,19.83,20.04,19.83,19.83,-0.25,-1.25%,5800
IMOS,2020-09-17,20.09,20.36,19.97,20.28,0.45,+2.27%,10800
IMOS,2020-09-18,20.43,20.43,20.145,20.17,-0.11,-0.54%,8600
IMOS,2020-09-21,19.98,20.14,19.83,20.04,-0.13,-0.64%,5100
IMOS,2020-09-22,19.98,19.99,19.59,19.83,-0.21,-1.05%,4900
IMOS,2020-09-23,19.51,19.51,19.12,19.12,-0.71,-3.58%,13100
IMOS,2020-09-24,18.95,19.15,18.71,18.845,-0.275,-1.44%,8400
IMOS,2020-09-25,18.35,18.5899,18.2,18.53,-0.315,-1.67%,13500
IMOS,2020-09-28,19.07,19.2754,19.07,19.1,0.57,+3.08%,6400
IMOS,2020-09-29,18.47,19.24,18.47,19.03,-0.07,-0.37%,10600
IMOS,2020-09-30,19.39,19.39,19.22,19.26,0.23,+1.21%,11200
IMOS,2020-10-01,19.54,19.72,19.37,19.55,0.29,+1.51%,15200
IMOS,2020-10-02,19.3701,19.67,19.2774,19.297,-0.253,-1.29%,2800
IMOS,2020-10-05,19.37,19.68,19.37,19.51,0.213,+1.10%,3600
IMOS,2020-10-06,19.64,19.9,19.6201,19.744,0.234,+1.20%,8400
IMOS,2020-10-07,19.82,20,19.82,19.925,0.181,+0.92%,13200
IMOS,2020-10-08,20.14,20.3,19.83,19.85,-0.075,-0.38%,10800
IMOS,2020-10-09,20.34,20.44,19.51,19.51,-0.34,-1.71%,6900
IMOS,2020-10-12,20.2,20.26,19.85,19.86,0.35,+1.79%,15500
IMOS,2020-10-13,19.7785,19.8883,19.71,19.88,0.02,+0.10%,6300
IMOS,2020-10-14,20.11,20.11,19.955,19.955,0.075,+0.38%,6200
IMOS,2020-10-15,19.9,20.08,19.82,20.02,0.065,+0.33%,6700
IMOS,2020-10-16,19.86,20,19.82,19.94,-0.08,-0.40%,5300
IMOS,2020-10-19,19.76,19.88,19.36,19.6,-0.34,-1.71%,5500
IMOS,2020-10-20,20.1,20.18,20.1,20.12,0.52,+2.65%,3200
IMOS,2020-10-21,20.0001,20.0151,19.92,20.0151,-0.1049,-0.52%,1100
IMOS,2020-10-22,19.965,20.375,19.965,20.32,0.3049,+1.52%,6000
IMOS,2020-10-23,20.14,20.335,20,20.335,0.015,+0.07%,5300
IMOS,2020-10-26,20.08,20.08,19.8111,20.08,-0.255,-1.25%,8600
IMOS,2020-10-27,19.76,19.845,19.7,19.76,-0.32,-1.59%,13200
IMOS,2020-10-28,19.5435,19.81,19.5419,19.81,0.05,+0.25%,2400
IMOS,2020-10-29,19.47,19.77,19.47,19.77,-0.04,-0.20%,7800
IMOS,2020-10-30,19.59,19.64,19.43,19.56,-0.21,-1.06%,5900
IMOS,2020-11-02,19.53,19.59,19.34,19.36,-0.2,-1.02%,6400
IMOS,2020-11-03,19.77,20.04,19.58,20.01,0.65,+3.36%,7100
IMOS,2020-11-04,19.93,20.15,19.59,19.63,-0.38,-1.90%,6600
IMOS,2020-11-05,19.91,19.94,19.6,19.81,0.18,+0.92%,18300
IMOS,2020-11-06,19.7,19.8722,19.56,19.56,-0.25,-1.26%,20100
IMOS,2020-11-09,19.9,20.22,19.46,19.6,0.04,+0.20%,33200
IMOS,2020-11-10,20.49,20.49,19,19.15,-0.45,-2.30%,24800
IMOS,2020-11-11,19.83,20.0001,19.5,19.8,0.65,+3.39%,157200
IMOS,2020-11-12,19.8,19.94,19.6,19.79,-0.01,-0.05%,68700
IMOS,2020-11-13,19.99,20.5,19.89,20.5,0.71,+3.59%,24000
IMOS,2020-11-16,20.57,21.12,20.57,21.1,0.6,+2.93%,20100
IMOS,2020-11-17,20.97,21.05,20.84,21.03,-0.07,-0.33%,7900
IMOS,2020-11-18,21.22,21.3514,21.12,21.34,0.31,+1.47%,5100
IMOS,2020-11-19,21.16,21.16,20.9,21.12,-0.22,-1.03%,5200
IMOS,2020-11-20,21.1,21.19,21,21.01,-0.11,-0.52%,4400
IMOS,2020-11-23,21.985,22.195,21.5,22.15,1.14,+5.43%,22300
IMOS,2020-11-24,21.95,22.1663,21.65,22.05,-0.1,-0.45%,16800
IMOS,2020-11-25,21.61,21.65,21.18,21.62,-0.43,-1.95%,19800
IMOS,2020-11-27,21.54,21.79,21.07,21.7763,0.1563,+0.72%,8400
IMOS,2020-11-30,21.96,22.16,21.88,22.03,0.2537,+1.17%,21300
IMOS,2020-12-01,21.785,22.42,21.785,22.32,0.29,+1.32%,26200
IMOS,2020-12-02,22.01,22.33,22.01,22.33,0.01,+0.04%,3700
IMOS,2020-12-03,22.89,23.24,22.89,23.24,0.91,+4.08%,16500
IMOS,2020-12-04,24.31,25,24.31,24.95,1.71,+7.36%,32500
IMOS,2020-12-07,25.01,25.49,25.01,25.45,0.5,+2.00%,53100
IMOS,2020-12-08,25.26,25.43,25.26,25.34,-0.11,-0.43%,26500
IMOS,2020-12-09,25.59,25.98,25.51,25.63,0.29,+1.14%,28100
IMOS,2020-12-10,25.51,25.86,25.47,25.62,-0.01,-0.04%,15900
IMOS,2020-12-11,25.79,26.07,25.61,25.85,0.23,+0.90%,19500
IMOS,2020-12-14,25.73,25.89,25.72,25.89,0.04,+0.15%,16900
IMOS,2020-12-15,24.7,24.74,24.345,24.51,-1.38,-5.33%,14900
IMOS,2020-12-16,24.39,24.45,24.28,24.4,-0.11,-0.45%,13200
IMOS,2020-12-17,24.57,24.6699,24.4978,24.6,0.2,+0.82%,22000
IMOS,2020-12-18,24.48,24.48,24.33,24.35,-0.25,-1.02%,13100
IMOS,2020-12-21,24.08,24.0802,23.88,24.01,-0.34,-1.40%,14400
IMOS,2020-12-22,23.62,23.69,23.54,23.58,-0.43,-1.79%,11000
IMOS,2020-12-23,23.67,23.68,23.6,23.6,0.02,+0.08%,3400
IMOS,2020-12-24,23.96,24,23.9,24,0.4,+1.69%,7700
IMOS,2020-12-28,24.22,24.26,24.17,24.2,0.2,+0.83%,20400
IMOS,2020-12-29,24.48,24.67,24.4401,24.65,0.45,+1.86%,20300
IMOS,2020-12-30,24.59,24.69,24.54,24.61,-0.04,-0.16%,13000
IMOS,2020-12-31,24.35,24.36,24.2,24.35,-0.26,-1.06%,5000
IMOS,2021-01-04,24.53,24.72,24.365,24.42,0.07,+0.29%,9300
IMOS,2021-01-05,24.61,24.93,24.61,24.93,0.51,+2.09%,8900
IMOS,2021-01-06,24.48,24.55,24.1052,24.46,-0.47,-1.89%,4800
IMOS,2021-01-07,24.88,25.4,24.88,25.4,0.94,+3.84%,18300
IMOS,2021-01-08,25.75,26,25.63,25.63,0.23,+0.91%,22500
IMOS,2021-01-11,25.7,25.81,25.56,25.71,0.08,+0.31%,8000
IMOS,2021-01-12,25.84,25.8478,25.6,25.6,-0.11,-0.43%,5700
IMOS,2021-01-13,25.9,25.99,25.78,25.92,0.32,+1.25%,8700
IMOS,2021-01-14,26,26.47,25.99,26.27,0.35,+1.35%,37300
IMOS,2021-01-15,25.89,25.89,25.26,25.28,-0.99,-3.77%,9600
IMOS,2021-01-19,26.57,26.6109,26.28,26.61,1.33,+5.26%,7600
IMOS,2021-01-20,25.68,25.9874,25.51,25.51,-1.1,-4.13%,15300
IMOS,2021-01-21,26.45,26.6,26.3,26.52,1.01,+3.96%,14300
IMOS,2021-01-22,26.5,26.51,26.36,26.505,-0.015,-0.06%,4000
IMOS,2021-01-25,26.38,26.38,25.735,25.735,-0.77,-2.91%,14000
IMOS,2021-01-26,25.49,25.49,25,25.04,-0.695,-2.70%,11200
IMOS,2021-01-27,25.02,25.18,24.83,24.9386,-0.1014,-0.40%,8100
IMOS,2021-01-28,24.75,24.81,24.605,24.81,-0.1286,-0.52%,5900
IMOS,2021-01-29,24.36,24.36,24.135,24.2093,-0.6007,-2.42%,16600
IMOS,2021-02-01,24.5,24.5,24.1501,24.49,0.2807,+1.16%,7700
IMOS,2021-02-02,24.9,25.1,24.9,24.92,0.43,+1.76%,8900
IMOS,2021-02-03,24.86,24.9899,24.52,24.52,-0.4,-1.61%,2800
IMOS,2021-02-04,24.41,25,24.4001,25,0.48,+1.96%,6700
IMOS,2021-02-05,24.97,24.97,24.65,24.824,-0.176,-0.70%,3700
IMOS,2021-02-08,24.75,25.3,24.61,25.21,0.386,+1.55%,9800
IMOS,2021-02-09,26.17,26.5,25.6688,26.07,0.86,+3.41%,23100
IMOS,2021-02-10,26.23,26.435,25.694,26.0521,-0.0179,-0.07%,9100
IMOS,2021-02-11,25.43,26.4,25.35,25.94,-0.1121,-0.43%,6300
IMOS,2021-02-12,25.8,26.5,25.41,26.29,0.35,+1.35%,10900
IMOS,2021-02-16,26.82,26.93,26.21,26.79,0.5,+1.90%,14200
IMOS,2021-02-17,26.4,26.5,25.4685,25.72,-1.07,-3.99%,25900
IMOS,2021-02-18,26.36,26.36,25.8851,26.11,0.39,+1.52%,12200
IMOS,2021-02-19,26.8,26.8,26.56,26.8,0.69,+2.64%,32300
IMOS,2021-02-22,26.8,26.81,26.48,26.68,-0.12,-0.45%,7100
IMOS,2021-02-23,26.04,26.33,25.9318,26.08,-0.6,-2.25%,11300
IMOS,2021-02-24,26.39,26.95,26.26,26.88,0.8,+3.07%,12100
IMOS,2021-02-25,27.73,27.81,27.02,27.04,0.16,+0.60%,16300
IMOS,2021-02-26,26.9,27.18,26.45,26.66,-0.38,-1.41%,16000
IMOS,2021-03-01,27.13,27.3,27.1,27.23,0.57,+2.14%,5400
IMOS,2021-03-02,26.84,27,26.8,26.98,-0.25,-0.92%,2900
IMOS,2021-03-03,26.97,26.97,26.75,26.9,-0.08,-0.30%,6500
IMOS,2021-03-04,26.6324,26.6324,26.06,26.3872,-0.5128,-1.91%,14800
IMOS,2021-03-05,26.2,26.76,26.13,26.76,0.3728,+1.41%,19100
IMOS,2021-03-08,26.03,26.21,25.75,25.9,-0.86,-3.21%,28800
IMOS,2021-03-09,26.05,26.5,25.91,26.05,0.15,+0.58%,12600
IMOS,2021-03-10,26.14,26.69,25.7,25.96,-0.09,-0.35%,12700
IMOS,2021-03-11,26.29,26.3,26,26.25,0.29,+1.12%,7800
IMOS,2021-03-12,26.32,26.4799,26.21,26.31,0.06,+0.23%,5000
IMOS,2021-03-15,26.89,27.3,26.5,27.3,0.99,+3.76%,22000
IMOS,2021-03-16,27.68,27.71,27.32,27.71,0.41,+1.50%,29700
IMOS,2021-03-17,28.2,29.17,28.2,29.17,1.46,+5.27%,40900
IMOS,2021-03-18,30.61,30.9853,30.3,30.71,1.54,+5.28%,31900
IMOS,2021-03-19,30.84,30.9219,30.25,30.8,0.09,+0.29%,52800
IMOS,2021-03-22,30.62,30.62,29.95,30.41,-0.39,-1.27%,14500
IMOS,2021-03-23,30.7,30.8,30.55,30.7,0.29,+0.95%,14000
IMOS,2021-03-24,30.13,30.48,30.02,30.06,-0.64,-2.08%,18200
IMOS,2021-03-25,30.1,30.1785,29.88,30.15,0.09,+0.30%,15700
IMOS,2021-03-26,30.84,31.18,30.84,31.18,1.03,+3.42%,28300
IMOS,2021-03-29,31.2,31.2,30.5931,30.92,-0.26,-0.83%,8600
IMOS,2021-03-30,31.41,31.42,31.07,31.2,0.28,+0.91%,6600
IMOS,2021-03-31,31.02,31.6699,31.02,31.5981,0.3981,+1.28%,8100
IMOS,2021-04-01,31.3,31.69,31.2101,31.65,0.0519,+0.16%,18300
IMOS,2021-04-05,31.64,32.17,31.64,32.02,0.37,+1.17%,23900
IMOS,2021-04-06,32.22,32.22,31.8298,32.05,0.03,+0.09%,11500
IMOS,2021-04-07,32.2416,32.2416,31.8,31.91,-0.14,-0.44%,7100
IMOS,2021-04-08,33.01,33.7,33.01,33.7,1.79,+5.61%,55500
IMOS,2021-04-09,34.48,36.31,33.9166,34.78,1.08,+3.20%,86900
IMOS,2021-04-12,33.78,33.78,32.6,33.02,-1.76,-5.06%,54400
IMOS,2021-04-13,32.74,32.74,31.9,32,-1.02,-3.09%,28600
IMOS,2021-04-14,31.8,31.9,31.5,31.5,-0.5,-1.56%,18600
IMOS,2021-04-15,31.97,32.35,31.88,32.08,0.58,+1.84%,18800
IMOS,2021-04-16,32.93,33.23,32.8,33.12,1.04,+3.24%,30100
IMOS,2021-04-19,33.06,33.266,32.76,32.76,-0.36,-1.09%,20400
IMOS,2021-04-20,33.44,33.8899,33.42,33.84,1.08,+3.30%,57600
IMOS,2021-04-21,34.92,35.67,34.77,35.65,1.81,+5.35%,67800
IMOS,2021-04-22,34.41,34.92,33.36,33.45,-2.2,-6.17%,59000
IMOS,2021-04-23,33.9,34.72,33.9,34.7,1.25,+3.74%,34700
IMOS,2021-04-26,35.12,35.71,35.08,35.62,0.92,+2.65%,34400
IMOS,2021-04-27,35.63,35.63,35.14,35.21,-0.41,-1.15%,18500
IMOS,2021-04-28,35.84,36.2745,35.8101,36.24,1.03,+2.93%,41700
IMOS,2021-04-29,34.99,34.99,34.21,34.58,-1.66,-4.58%,39100
IMOS,2021-04-30,34.48,34.48,34,34.05,-0.53,-1.53%,22700
IMOS,2021-05-03,33.61,33.61,32.92,33.14,-0.91,-2.67%,19200
IMOS,2021-05-04,32.5,32.65,31.61,32.02,-1.12,-3.38%,43300
IMOS,2021-05-05,31.66,32.01,31.55,31.78,-0.24,-0.75%,21300
IMOS,2021-05-06,31.78,31.98,31.65,31.84,0.06,+0.19%,19500
IMOS,2021-05-07,32.75,33.2965,32.43,33.04,1.2,+3.77%,40200
IMOS,2021-05-10,32.94,32.94,32.12,32.12,-0.92,-2.78%,27500
IMOS,2021-05-11,31.46,31.51,30.15,30.63,-1.49,-4.64%,41300
IMOS,2021-05-12,30,30.0004,28.59,28.91,-1.72,-5.62%,66500
IMOS,2021-05-13,29.9,30.6299,29.9,30.51,1.6,+5.53%,31200
IMOS,2021-05-14,30.45,30.6199,30.3,30.5,-0.01,-0.03%,15900
IMOS,2021-05-17,28.64,28.73,28.1948,28.59,-1.91,-6.26%,29100
IMOS,2021-05-18,29.83,30.43,29.83,30.23,1.64,+5.74%,40100
IMOS,2021-05-19,29.86,30.5,29.46,30.3,0.07,+0.23%,14600
IMOS,2021-05-20,30.09,30.2,29.5,30.03,-0.27,-0.89%,5700
IMOS,2021-05-21,30.27,30.27,30.12,30.19,0.16,+0.53%,9100
IMOS,2021-05-24,30.48,30.99,30.48,30.99,0.8,+2.65%,13600
IMOS,2021-05-25,31.93,32.56,31.83,32,1.01,+3.26%,15900
IMOS,2021-05-26,31.79,31.99,31.3505,31.55,-0.45,-1.41%,13900
IMOS,2021-05-27,31.81,32.2773,31.81,32.1,0.55,+1.74%,12900
IMOS,2021-05-28,32.16,32.46,32.04,32.24,0.14,+0.44%,23000
IMOS,2021-06-01,32.88,32.99,32.641,32.85,0.61,+1.89%,13400
IMOS,2021-06-02,33.59,33.86,33.54,33.86,1.01,+3.07%,27500
IMOS,2021-06-03,33.35,33.7537,33.11,33.42,-0.44,-1.30%,9900
IMOS,2021-06-04,33.01,33.12,32.72,33.11,-0.31,-0.93%,10700
IMOS,2021-06-07,33.35,33.49,33.215,33.49,0.38,+1.15%,22300
IMOS,2021-06-08,34.82,35,34.52,34.7,1.21,+3.61%,26400
IMOS,2021-06-09,34.43,34.4499,34.11,34.25,-0.45,-1.30%,12600
IMOS,2021-06-10,34.54,34.54,34.0507,34.25,0,0.00%,15500
IMOS,2021-06-11,34.36,34.45,34.24,34.43,0.18,+0.53%,10100
IMOS,2021-06-14,34.45,35.0299,34.2458,34.83,0.4,+1.16%,12500
IMOS,2021-06-15,34.84,34.9,34.6,34.65,-0.18,-0.52%,20500
IMOS,2021-06-16,34.85,34.85,34.42,34.53,-0.12,-0.35%,11300
IMOS,2021-06-17,35.01,35.52,35.01,35.43,0.9,+2.61%,21900
IMOS,2021-06-18,34.35,34.56,33.97,33.97,-1.46,-4.12%,19100
IMOS,2021-06-21,33.91,33.91,33.6,33.75,-0.22,-0.65%,12700
IMOS,2021-06-22,33.92,33.92,33.1,33.39,-0.36,-1.07%,18400
IMOS,2021-06-23,33.62,34.34,33.62,34.01,0.62,+1.86%,10400
IMOS,2021-06-24,34.22,34.49,34.0901,34.49,0.48,+1.41%,13900
IMOS,2021-06-25,34.44,34.44,33.8,33.95,-0.54,-1.57%,9700
IMOS,2021-06-28,34.33,34.37,34.03,34.37,0.42,+1.24%,9900
IMOS,2021-06-29,33.9,33.92,33.7,33.91,-0.46,-1.34%,12600
IMOS,2021-06-30,34.08,34.1184,33.8,33.985,0.075,+0.22%,14200
IMOS,2021-07-01,34.4,34.5,34.12,34.5,0.515,+1.52%,12100
IMOS,2021-07-02,34.4,34.5,34.12,34.49,-0.01,-0.03%,16900
IMOS,2021-07-06,34.89,34.89,34.41,34.74,0.25,+0.72%,14800
IMOS,2021-07-07,36.36,36.48,36.04,36.25,1.51,+4.35%,42600
IMOS,2021-07-08,35.45,35.8,35.16,35.73,-0.52,-1.43%,12900
IMOS,2021-07-09,36,36.1,35.4,36.03,0.3,+0.84%,9200
IMOS,2021-07-12,36.38,36.85,36.3,36.85,0.82,+2.28%,28900
IMOS,2021-07-13,36.94,36.94,36.6,36.83,-0.02,-0.05%,5000
IMOS,2021-07-14,37.29,37.56,37.0001,37.54,0.71,+1.93%,21300
IMOS,2021-07-15,38.54,38.54,38.01,38.13,0.59,+1.57%,26400
IMOS,2021-07-16,38.99,39,38.5,38.7,0.57,+1.49%,49000
IMOS,2021-07-19,37.34,37.779,37.2,37.6,-1.1,-2.84%,27700
IMOS,2021-07-20,35.77,36.55,35.23,36.45,-1.15,-3.06%,35100
IMOS,2021-07-21,36.88,37.65,36.846,37.5,1.05,+2.88%,27700
IMOS,2021-07-22,37.21,37.21,36.79,36.88,-0.62,-1.65%,30000
IMOS,2021-07-23,36.45,36.6262,36.194,36.55,-0.33,-0.89%,14200
IMOS,2021-07-26,36.92,38.08,36.92,37.95,1.4,+3.83%,21600
IMOS,2021-07-27,37.25,37.25,36.41,36.78,-1.17,-3.08%,28100
IMOS,2021-07-28,36.47,37.43,36.47,37.25,0.47,+1.28%,29700
IMOS,2021-07-29,37.15,37.81,37.15,37.69,0.44,+1.18%,42300
IMOS,2021-07-30,38.35,38.5,38.01,38.43,0.74,+1.96%,36400
IMOS,2021-08-02,38.5,38.64,38.18,38.24,-0.19,-0.49%,40100
IMOS,2021-08-03,39.73,40.3799,39.72,40.19,1.95,+5.10%,58900
IMOS,2021-08-04,40.66,40.94,40.16,40.67,0.48,+1.19%,70800
IMOS,2021-08-05,41.95,42.4099,41.88,42.31,1.64,+4.03%,62400
IMOS,2021-08-06,40.16,40.4899,39.7,40.09,-2.22,-5.25%,37800
IMOS,2021-08-09,39.4,39.57,38.61,39.57,-0.52,-1.30%,64400
IMOS,2021-08-10,39.38,42.83,37.8,40.22,0.65,+1.64%,93000
IMOS,2021-08-11,39.55,41.69,39.18,41.55,1.33,+3.31%,135900
IMOS,2021-08-12,41.66,41.7,40.82,41.45,-0.1,-0.24%,58900
IMOS,2021-08-13,41,41.21,40.52,40.9,-0.55,-1.33%,21600
IMOS,2021-08-16,39.65,39.65,38.95,39.19,-1.71,-4.18%,61800
IMOS,2021-08-17,37.7,37.7,36.81,37.11,-2.08,-5.31%,75000
IMOS,2021-08-18,38.93,40,38.93,39.24,2.13,+5.74%,39900
IMOS,2021-08-19,38.59,39.7,38.26,39.445,0.205,+0.52%,84400
IMOS,2021-08-20,38.93,39.2,38.57,38.9,-0.545,-1.38%,47500
IMOS,2021-08-23,39.77,40.42,39.77,40.29,1.39,+3.57%,26100
IMOS,2021-08-24,40.09,40.09,39.72,39.86,-0.43,-1.07%,17700
IMOS,2021-08-25,39.85,40.4099,39.85,40.14,0.28,+0.70%,25000
IMOS,2021-08-26,40.47,40.94,40.38,40.74,0.6,+1.49%,18800
IMOS,2021-08-27,40.79,41.4341,40.72,41.14,0.4,+0.98%,24500
IMOS,2021-08-30,41.46,42.26,41.46,42.06,0.92,+2.24%,47000
IMOS,2021-08-31,42.28,42.75,42.07,42.57,0.51,+1.21%,31700
IMOS,2021-09-01,42.92,43.7089,42.92,43.47,0.9,+2.11%,40000
IMOS,2021-09-02,42.35,42.35,41.6,41.96,-1.51,-3.47%,47700
IMOS,2021-09-03,43.63,44.72,43.59,44.4,2.44,+5.82%,65000
IMOS,2021-09-07,41.76,41.7952,40.8,41.17,-3.23,-7.27%,67500
IMOS,2021-09-08,39.62,39.62,38.5,38.91,-2.26,-5.49%,69400
IMOS,2021-09-09,40,40.51,39.86,40.22,1.31,+3.37%,50200
IMOS,2021-09-10,41.06,41.95,41.06,41.315,1.095,+2.72%,34500
IMOS,2021-09-13,41.19,41.19,40.1001,40.52,-0.795,-1.92%,36300
IMOS,2021-09-14,40.35,40.52,39.6601,39.83,-0.69,-1.70%,25900
IMOS,2021-09-15,39.69,40.32,39.65,40.3,0.47,+1.18%,36600
IMOS,2021-09-16,39.18,39.24,38.73,39.11,-1.19,-2.95%,39600
IMOS,2021-09-17,38.89,38.995,38.53,38.7,-0.41,-1.05%,29400
IMOS,2021-09-20,38,38.53,37.99,38.34,-0.36,-0.93%,66200
IMOS,2021-09-21,38.6,38.65,37.82,38.1,-0.24,-0.63%,39600
IMOS,2021-09-22,38.12,38.74,38.07,38.5,0.4,+1.05%,31800
IMOS,2021-09-23,38.01,38.17,37.78,37.95,-0.55,-1.43%,40800
IMOS,2021-09-24,38.09,38.18,37.88,37.93,-0.02,-0.05%,40500
IMOS,2021-09-27,37.7,37.78,37.37,37.49,-0.44,-1.16%,26800
IMOS,2021-09-28,36.82,36.82,35.7,35.7,-1.79,-4.77%,37700
IMOS,2021-09-29,34.56,34.6218,34.12,34.12,-1.58,-4.43%,66900
IMOS,2021-09-30,34.28,34.67,34.23,34.23,0.11,+0.32%,41915
IMOS,2021-10-01,33.25,33.86,33.1558,33.53,-0.7,-2.04%,48200
IMOS,2021-10-04,32.77,32.77,32.0001,32.11,-1.42,-4.24%,59600
IMOS,2021-10-05,32.96,33.7538,32.96,33.4,1.29,+4.02%,36800
IMOS,2021-10-06,32.6,32.82,32.2401,32.48,-0.92,-2.75%,47100
IMOS,2021-10-07,33.03,33.73,32.98,33.09,0.61,+1.88%,35702
IMOS,2021-10-08,32.51,32.51,32.05,32.27,-0.82,-2.48%,21500
IMOS,2021-10-11,32.27,32.73,32.02,32.44,0.17,+0.53%,23900
IMOS,2021-10-12,32.32,32.36,31.44,31.47,-0.97,-2.99%,66000
IMOS,2021-10-13,31.15,31.15,30.66,30.75,-0.72,-2.29%,52100
IMOS,2021-10-14,31.8,31.8,31.39,31.39,0.64,+2.08%,23500
IMOS,2021-10-15,32.4,32.46,32.06,32.29,0.9,+2.87%,42215
IMOS,2021-10-18,32,32,31.62,31.77,-0.52,-1.61%,30500
IMOS,2021-10-19,32.81,33.3999,32.63,33.34,1.57,+4.94%,34400
IMOS,2021-10-20,33.13,33.13,32.71,32.71,-0.63,-1.89%,35601
IMOS,2021-10-21,32.45,32.5642,32.32,32.4,-0.31,-0.95%,18500
IMOS,2021-10-22,32.54,32.79,32.2,32.3,-0.1,-0.31%,24200
IMOS,2021-10-25,32.64,32.97,32.59,32.8,0.5,+1.55%,21300
IMOS,2021-10-26,32.89,33.04,32.69,32.72,-0.08,-0.24%,24200
IMOS,2021-10-27,32.82,33.5,32.82,33.16,0.44,+1.34%,25500
IMOS,2021-10-28,33.65,34.33,33.65,34.07,0.91,+2.74%,30500
IMOS,2021-10-29,33.5,33.53,33.11,33.27,-0.8,-2.35%,28600
IMOS,2021-11-01,33.52,33.81,33.52,33.8,0.53,+1.59%,16700
IMOS,2021-11-02,33.07,33.13,32.8,32.81,-0.99,-2.93%,22900
IMOS,2021-11-03,33.12,33.52,33,33.52,0.71,+2.16%,18100
IMOS,2021-11-04,33.7,33.87,33.3,33.72,0.2,+0.60%,24100
IMOS,2021-11-05,34,34.2008,33.715,33.85,0.13,+0.39%,29100
IMOS,2021-11-08,34.63,35.48,34.63,35.29,1.44,+4.25%,38400
IMOS,2021-11-09,33.98,33.98,33.41,33.5,-1.79,-5.07%,34900
IMOS,2021-11-10,33.13,33.16,32.53,32.64,-0.86,-2.57%,24800
IMOS,2021-11-11,32.93,33.15,32.69,32.72,0.08,+0.25%,19100
IMOS,2021-11-12,32.99,33.1657,32.78,32.86,0.14,+0.43%,10700
IMOS,2021-11-15,34,34,33.245,33.71,0.85,+2.59%,51460
IMOS,2021-11-16,33.55,33.55,32.74,33.17,-0.54,-1.60%,47000
IMOS,2021-11-17,34.37,34.8421,34.37,34.66,1.49,+4.49%,38600
IMOS,2021-11-18,34.85,34.91,34.465,34.7,0.04,+0.12%,40900
IMOS,2021-11-19,34.06,34.0816,33.89,33.89,-0.81,-2.33%,21100
IMOS,2021-11-22,34.05,34.29,33.77,33.86,-0.03,-0.09%,17700
IMOS,2021-11-23,33.24,33.36,32.86,33.01,-0.85,-2.51%,120200
IMOS,2021-11-24,33.19,33.6264,33.08,33.56,0.55,+1.67%,23013
IMOS,2021-11-26,32.84,32.91,31.7625,31.83,-1.73,-5.15%,22600
IMOS,2021-11-29,32.17,32.25,31.77,32.2,0.37,+1.16%,30700
IMOS,2021-11-30,32.8,33.2299,32.44,32.85,0.65,+2.02%,36100
IMOS,2021-12-01,33.23,33.75,32.9938,33.1,0.25,+0.76%,20200
IMOS,2021-12-02,32.91,33.08,32.5,32.89,-0.21,-0.63%,26000
IMOS,2021-12-03,33.43,33.56,32.94,33.28,0.39,+1.19%,21300
IMOS,2021-12-06,33.64,33.9499,33.3974,33.8,0.52,+1.56%,24100
IMOS,2021-12-07,33.97,34.35,33.96,34.09,0.29,+0.86%,23600
IMOS,2021-12-08,34.07,34.21,33.8,33.91,-0.18,-0.53%,18200
IMOS,2021-12-09,33.55,33.62,32.91,32.97,-0.94,-2.77%,23800
IMOS,2021-12-10,33.48,33.56,33.06,33.4,0.43,+1.30%,15800
IMOS,2021-12-13,33.4,33.4,32.65,32.74,-0.66,-1.98%,12400
IMOS,2021-12-14,32.34,32.42,31.826,32.1495,-0.5905,-1.80%,22400
IMOS,2021-12-15,32.32,32.93,32.32,32.86,0.7105,+2.21%,24400
IMOS,2021-12-16,33.14,33.53,32.5,32.69,-0.17,-0.52%,29200
IMOS,2021-12-17,32.91,33.2199,32.79,32.98,0.29,+0.89%,19600
IMOS,2021-12-20,33,33.16,32.67,33.04,0.06,+0.18%,34300
IMOS,2021-12-21,33.71,34.26,33.63,34.26,1.22,+3.69%,21400
IMOS,2021-12-22,34.27,34.82,34.17,34.68,0.42,+1.23%,20800
IMOS,2021-12-23,34.8,34.97,34.57,34.65,-0.03,-0.09%,12700
IMOS,2021-12-27,34.98,35.73,34.97,35.73,1.08,+3.12%,30800
IMOS,2021-12-28,35.18,35.3,34.842,35.06,-0.67,-1.88%,22700
IMOS,2021-12-29,35.06,35.3,35.03,35.28,0.22,+0.63%,13100
IMOS,2021-12-30,35.28,35.35,35.0384,35.19,-0.09,-0.26%,11300
IMOS,2021-12-31,35.2,35.31,34.99,35.13,-0.06,-0.17%,9300
IMOS,2022-01-03,34.87,34.97,34.4908,34.93,-0.2,-0.57%,28400
IMOS,2022-01-04,35,35,34.32,34.7,-0.23,-0.66%,19000
IMOS,2022-01-05,34.85,35.06,34.15,34.19,-0.51,-1.47%,19700
IMOS,2022-01-06,34.81,35.04,34.59,34.77,0.58,+1.70%,16900
IMOS,2022-01-07,34.12,34.12,33.34,33.64,-1.13,-3.25%,23200
IMOS,2022-01-10,33.69,33.69,32.76,33.26,-0.38,-1.13%,18300
IMOS,2022-01-11,33.67,34.29,33.67,34.24,0.98,+2.95%,17700
IMOS,2022-01-12,34.47,35.77,34.47,35.77,1.53,+4.47%,97000
IMOS,2022-01-13,36.91,37.1915,36.6,36.78,1.01,+2.82%,54900
IMOS,2022-01-14,35.6,35.88,35.49,35.85,-0.93,-2.53%,25500
IMOS,2022-01-18,35.26,35.26,34.79,34.95,-0.9,-2.51%,26100
IMOS,2022-01-19,34.64,34.78,34.13,34.3,-0.65,-1.86%,30600
IMOS,2022-01-20,34.29,35,34.08,34.16,-0.14,-0.41%,45600
IMOS,2022-01-21,33.76,34.46,33.43,33.65,-0.51,-1.49%,59400
IMOS,2022-01-24,33.24,33.5,32.2801,33.46,-0.19,-0.56%,37400
IMOS,2022-01-25,32.5,32.85,32.24,32.44,-1.02,-3.05%,40600
IMOS,2022-01-26,33.02,33.24,32.43,32.62,0.18,+0.55%,22100
IMOS,2022-01-27,32.6,32.7963,31.3,31.3,-1.32,-4.05%,25500
IMOS,2022-01-28,31.16,31.3987,30.2187,31.26,-0.04,-0.13%,20500
IMOS,2022-01-31,31.97,33.24,31.97,33.21,1.95,+6.24%,28300
IMOS,2022-02-01,33.24,33.48,32.79,33.4,0.19,+0.57%,26700
IMOS,2022-02-02,33.7,33.7855,33.414,33.78,0.38,+1.14%,6600
IMOS,2022-02-03,33.26,33.4011,32.95,33.02,-0.76,-2.25%,15400
IMOS,2022-02-04,33.075,33.34,32.7673,33.22,0.2,+0.61%,9000
IMOS,2022-02-07,33.08,33.15,32.76,32.89,-0.33,-0.99%,11500
IMOS,2022-02-08,33,33.81,33,33.8,0.91,+2.77%,16600
IMOS,2022-02-09,34.01,34.45,33.78,34.28,0.48,+1.42%,20000
IMOS,2022-02-10,34.19,35.155,34.19,34.23,-0.05,-0.15%,24300
IMOS,2022-02-11,34.29,34.47,33.19,33.21,-1.02,-2.98%,13200
IMOS,2022-02-14,33.15,33.41,32.67,33.05,-0.16,-0.48%,21200
IMOS,2022-02-15,33.3,33.83,33.3,33.64,0.59,+1.79%,7600
IMOS,2022-02-16,33.46,33.92,33.46,33.92,0.28,+0.83%,6500
IMOS,2022-02-17,34.48,34.59,34.09,34.09,0.17,+0.50%,10700
IMOS,2022-02-18,34.59,34.87,34.21,34.51,0.42,+1.23%,11500
IMOS,2022-02-22,34.36,34.6292,34.08,34.39,-0.12,-0.35%,27400
IMOS,2022-02-23,34.82,34.82,33.88,34.14,-0.25,-0.73%,23500
IMOS,2022-02-24,33,33.91,31.5,33.5,-0.64,-1.87%,29200
IMOS,2022-02-25,37.26,37.76,36.7,37.75,4.25,+12.69%,45500
IMOS,2022-02-28,37.01,37.64,36.94,37.43,-0.32,-0.85%,22500
IMOS,2022-03-01,36.85,36.85,35.7533,36.05,-1.38,-3.69%,24700
IMOS,2022-03-02,36.4,36.91,36.3681,36.8,0.75,+2.08%,13800
IMOS,2022-03-03,36.87,37.41,36.56,36.7,-0.1,-0.27%,17300
IMOS,2022-03-04,36.54,36.65,35.8,36.1,-0.6,-1.63%,22200
IMOS,2022-03-07,35.73,35.73,34.45,34.57,-1.53,-4.24%,25400
IMOS,2022-03-08,35.13,35.78,34.83,35.2,0.63,+1.82%,29100
IMOS,2022-03-09,35.98,36.55,35.98,36.47,1.27,+3.61%,18400
IMOS,2022-03-10,35.64,35.86,35.33,35.8,-0.67,-1.84%,11600
IMOS,2022-03-11,36.33,36.33,35.7,35.71,-0.09,-0.25%,23300
IMOS,2022-03-14,36.12,36.27,35.5,35.52,-0.19,-0.53%,21700
IMOS,2022-03-15,35.29,35.9,35.01,35.9,0.38,+1.07%,21000
IMOS,2022-03-16,35.8,36.27,35.345,36.21,0.31,+0.86%,17700
IMOS,2022-03-17,36.29,36.8,36.17,36.71,0.5,+1.38%,28900
IMOS,2022-03-18,36.67,36.8754,36.45,36.75,0.04,+0.11%,18000
IMOS,2022-03-21,36.93,36.93,36.25,36.41,-0.34,-0.93%,15300
IMOS,2022-03-22,36.74,36.8,36.5,36.66,0.25,+0.69%,19000
IMOS,2022-03-23,36.13,36.265,35.9,35.95,-0.71,-1.94%,12500
IMOS,2022-03-24,36.09,36.64,36.09,36.64,0.69,+1.92%,10200
IMOS,2022-03-25,36.47,36.49,35.81,36.08,-0.56,-1.53%,6800
IMOS,2022-03-28,36.08,36.1,35.6958,36,-0.08,-0.22%,8000
IMOS,2022-03-29,36.24,36.37,35.85,36.36,0.36,+1.00%,7000
IMOS,2022-03-30,36.09,36.257,35.65,35.65,-0.71,-1.95%,10900
IMOS,2022-03-31,35.69,35.8016,35.46,35.53,-0.12,-0.34%,5800
IMOS,2022-04-01,35.68,35.68,34.82,35.22,-0.31,-0.87%,9800
IMOS,2022-04-04,35.13,35.63,35.13,35.18,-0.04,-0.11%,11500
IMOS,2022-04-05,35.09,35.24,34.52,34.57,-0.61,-1.73%,9100
IMOS,2022-04-06,34.55,35.09,34.55,34.95,0.38,+1.10%,21400
IMOS,2022-04-07,34.56,34.56,34.12,34.12,-0.83,-2.37%,8200
IMOS,2022-04-08,34.35,34.46,33.23,33.315,-0.805,-2.36%,27400
IMOS,2022-04-11,33.06,33.29,32.88,33.25,-0.065,-0.20%,18600
IMOS,2022-04-12,33.17,33.2399,32.48,32.75,-0.5,-1.50%,23600
IMOS,2022-04-13,32.9,33.39,32.9,33.24,0.49,+1.50%,17000
IMOS,2022-04-14,33.22,33.22,32.5143,32.61,-0.63,-1.90%,15400
IMOS,2022-04-18,32.75,33.2399,32.6478,32.81,0.2,+0.61%,10500
IMOS,2022-04-19,33.23,33.4686,33.23,33.35,0.54,+1.65%,13800
IMOS,2022-04-20,33.09,33.21,32.92,33.05,-0.3,-0.90%,15500
IMOS,2022-04-21,33.35,33.5108,32.6,32.75,-0.3,-0.91%,19400
IMOS,2022-04-22,33,33,32.69,32.75,0,0.00%,17400
IMOS,2022-04-25,32.21,32.625,31.9,32.3373,-0.4127,-1.26%,19700
IMOS,2022-04-26,31.73,31.73,31.04,31.1,-1.2373,-3.83%,17600
IMOS,2022-04-27,31.5,31.7,31.25,31.33,0.23,+0.74%,18900
IMOS,2022-04-28,31.54,32.19,31.295,31.94,0.61,+1.95%,27600
IMOS,2022-04-29,31.68,31.71,31.17,31.17,-0.77,-2.41%,21400
IMOS,2022-05-02,31.33,31.36,30.49,31.01,-0.16,-0.51%,41600
IMOS,2022-05-03,31.73,31.92,31.57,31.9,0.89,+2.87%,35000
IMOS,2022-05-04,31.73,32.8612,31.51,32.66,0.76,+2.38%,38900
IMOS,2022-05-05,31.55,34.009,31.55,33.38,0.72,+2.20%,24100
IMOS,2022-05-06,32.85,32.85,32.01,32.37,-1.01,-3.03%,25100
IMOS,2022-05-09,31.75,31.8,30.43,30.605,-1.765,-5.45%,29500
IMOS,2022-05-10,31.36,31.37,30.8,31.17,0.565,+1.85%,21000
IMOS,2022-05-11,30.72,31.05,30.51,30.65,-0.52,-1.67%,21900
IMOS,2022-05-12,30.38,30.62,30.1,30.44,-0.21,-0.69%,15800
IMOS,2022-05-13,30.87,31.4,30.87,31.28,0.84,+2.76%,16500
IMOS,2022-05-16,31.59,31.6,31.2308,31.37,0.09,+0.29%,15300
IMOS,2022-05-17,32.23,32.45,32.02,32.31,0.94,+3.00%,11700
IMOS,2022-05-18,32.17,32.17,31.6,31.6,-0.71,-2.20%,18700
IMOS,2022-05-19,32.3,32.7561,32.2,32.59,0.99,+3.13%,14600
IMOS,2022-05-20,32.69,32.69,31.94,32.39,-0.2,-0.61%,9200
IMOS,2022-05-23,32.29,32.67,32.29,32.61,0.22,+0.68%,9100
IMOS,2022-05-24,32.17,32.17,31.7801,32.06,-0.55,-1.69%,13300
IMOS,2022-05-25,32.15,32.6516,32.15,32.47,0.41,+1.28%,28200
IMOS,2022-05-26,32.6,33.13,32.6,33.13,0.66,+2.03%,12300
IMOS,2022-05-27,33.41,33.62,33.33,33.5,0.37,+1.12%,12000
IMOS,2022-05-31,34,34.2899,33.29,33.91,0.41,+1.22%,54900
IMOS,2022-06-01,34.45,34.45,33.75,33.96,0.05,+0.15%,24400
IMOS,2022-06-02,34.14,34.87,33.97,34.78,0.82,+2.41%,27100
IMOS,2022-06-03,34.41,34.4948,34.11,34.48,-0.3,-0.86%,14600
IMOS,2022-06-06,34.7,34.89,34.05,34.28,-0.2,-0.58%,25700
IMOS,2022-06-07,34.21,34.74,34.1723,34.74,0.46,+1.34%,15700
IMOS,2022-06-08,34.39,34.44,33.93,34.1,-0.64,-1.84%,14900
IMOS,2022-06-09,34.05,34.28,33.8,33.92,-0.18,-0.53%,22500
IMOS,2022-06-10,33.06,34.4174,33.06,33.67,-0.25,-0.74%,19800
IMOS,2022-06-13,33.22,33.27,32.601,32.605,-1.065,-3.16%,33300
IMOS,2022-06-14,33.12,33.19,32.75,33.03,0.425,+1.30%,17400
IMOS,2022-06-15,33.41,34.05,33.3007,33.79,0.76,+2.30%,18500
IMOS,2022-06-16,32.18,32.36,31.97,32.18,-1.61,-4.76%,30400
IMOS,2022-06-17,32.32,32.57,31.93,32.39,0.21,+0.65%,30600
IMOS,2022-06-21,32.42,32.85,32.4101,32.53,0.14,+0.43%,30800
IMOS,2022-06-22,31.67,32.225,31.22,31.98,-0.55,-1.69%,21000
IMOS,2022-06-23,31.17,31.35,30.22,30.77,-1.21,-3.78%,44400
IMOS,2022-06-24,30.87,31.695,30.8682,31.47,0.7,+2.27%,37119
IMOS,2022-06-27,31.62,32.42,31.52,32.16,0.69,+2.19%,95500
IMOS,2022-06-28,32.16,32.16,30.66,30.82,-1.34,-4.17%,195800
IMOS,2022-06-29,27.5,27.555,26.01,26.42,-4.4,-14.28%,76100
IMOS,2022-06-30,25.29,25.67,24.81,24.98,-1.44,-5.45%,106546
IMOS,2022-07-01,24.12,24.2436,23.65,23.84,-1.14,-4.56%,62101
IMOS,2022-07-05,23.27,23.27,22.5326,22.88,-0.96,-4.03%,74300
IMOS,2022-07-06,22.63,22.65,22.34,22.42,-0.46,-2.01%,55000
IMOS,2022-07-07,22.79,23.66,22.79,23.44,1.02,+4.55%,26100
IMOS,2022-07-08,23.55,24.34,23.42,24.14,0.7,+2.99%,31101
IMOS,2022-07-11,22.93,22.98,22.61,22.67,-1.47,-6.09%,49000
IMOS,2022-07-12,22.14,22.15,21.3842,21.76,-0.91,-4.01%,71200
IMOS,2022-07-13,21.76,22.49,21.76,22.36,0.6,+2.76%,39200
IMOS,2022-07-14,22.09,22.62,22,22.3,-0.06,-0.27%,32600
IMOS,2022-07-15,22.72,23.035,22.62,22.8,0.5,+2.24%,29900
IMOS,2022-07-18,23.21,23.54,23.01,23.12,0.32,+1.40%,43300
IMOS,2022-07-19,23.65,23.9,23.59,23.82,0.7,+3.03%,34600
IMOS,2022-07-20,23.73,24.2,23.65,24.11,0.29,+1.22%,22100
IMOS,2022-07-21,24.35,24.66,24.26,24.6,0.49,+2.03%,46000
IMOS,2022-07-22,24.46,24.46,23.69,23.82,-0.78,-3.17%,30300
IMOS,2022-07-25,23.62,23.97,23.6,23.78,-0.04,-0.17%,55200
IMOS,2022-07-26,23.5,23.5,23.26,23.3,-0.48,-2.02%,25100
IMOS,2022-07-27,23.63,24.0298,23.58,23.88,0.58,+2.49%,31000
IMOS,2022-07-28,24.05,24.05,23.55,24,0.12,+0.50%,41000
IMOS,2022-07-29,23.71,24.02,23.65,23.99,-0.01,-0.04%,29600
IMOS,2022-08-01,23.99,24.9791,23.42,23.58,-0.41,-1.71%,52906
IMOS,2022-08-02,23.13,23.15,22.73,22.8,-0.78,-3.31%,39700
IMOS,2022-08-03,22.8,23.265,22.65,23,0.2,+0.88%,56900
IMOS,2022-08-04,23.22,24.46,23.14,24.11,1.11,+4.83%,35300
IMOS,2022-08-05,23.54,23.63,23.33,23.39,-0.72,-2.99%,51000
IMOS,2022-08-08,23.41,23.8,23.05,23.23,-0.16,-0.68%,109200
IMOS,2022-08-09,23.21,23.32,22.05,22.58,-0.65,-2.80%,150100
IMOS,2022-08-10,22.71,23.4,22.7,23.3,0.72,+3.19%,29800
IMOS,2022-08-11,23.66,23.96,23.56,23.7,0.4,+1.72%,33900
IMOS,2022-08-12,24.04,24.41,24.04,24.41,0.71,+3.00%,31100
IMOS,2022-08-15,24.4,24.465,24.18,24.33,-0.08,-0.33%,21600
IMOS,2022-08-16,24.19,24.19,23.76,23.96,-0.37,-1.52%,72500
IMOS,2022-08-17,23.9,24.09,23.77,24,0.04,+0.17%,35100
IMOS,2022-08-18,24.04,24.42,24.01,24.25,0.25,+1.04%,43400
IMOS,2022-08-19,24.25,24.49,24.24,24.44,0.19,+0.78%,28200
IMOS,2022-08-22,24.15,24.19,23.98,24.06,-0.38,-1.55%,32200
IMOS,2022-08-23,23.91,24.19,23.9,24.09,0.03,+0.12%,42900
IMOS,2022-08-24,23.91,23.91,23.71,23.72,-0.37,-1.54%,18100
IMOS,2022-08-25,23.92,24.34,23.85,24.33,0.61,+2.57%,19900
IMOS,2022-08-26,24.47,24.47,23.77,23.77,-0.56,-2.30%,29500
IMOS,2022-08-29,23.51,23.755,23.43,23.63,-0.14,-0.59%,30300
IMOS,2022-08-30,23.74,23.74,23.1201,23.23,-0.4,-1.69%,53200
IMOS,2022-08-31,23.22,23.32,23.07,23.17,-0.06,-0.26%,41700
IMOS,2022-09-01,22.81,22.9,22.52,22.85,-0.32,-1.38%,42800
IMOS,2022-09-02,22.73,22.73,22.159,22.25,-0.6,-2.63%,36900
IMOS,2022-09-06,21.87,21.91,21.27,21.35,-0.9,-4.04%,65700
IMOS,2022-09-07,21.2,21.53,21.17,21.49,0.14,+0.66%,39500
IMOS,2022-09-08,21.65,22.5,21.465,22.14,0.65,+3.02%,52000
IMOS,2022-09-09,22.39,22.61,21.99,22.17,0.03,+0.14%,29400
IMOS,2022-09-12,22.11,22.11,21.7,21.76,-0.41,-1.85%,41600
IMOS,2022-09-13,21.37,21.5,20.96,21.01,-0.75,-3.45%,36300
IMOS,2022-09-14,21.15,21.23,20.95,21.15,0.14,+0.67%,32500
IMOS,2022-09-15,20.93,21.24,20.8361,20.95,-0.2,-0.95%,40600
IMOS,2022-09-16,20.87,20.95,20.72,20.88,-0.07,-0.33%,39500
IMOS,2022-09-19,20.62,20.9,20.6,20.86,-0.02,-0.10%,49300
IMOS,2022-09-20,20.75,20.75,20.45,20.59,-0.27,-1.29%,42200
IMOS,2022-09-21,20.47,20.71,20.29,20.33,-0.26,-1.26%,52800
IMOS,2022-09-22,20.21,20.21,19.8872,19.99,-0.34,-1.67%,47700
IMOS,2022-09-23,19.8,19.8,19.37,19.56,-0.43,-2.15%,45910
IMOS,2022-09-26,19.01,19.01,18.46,18.55,-1.01,-5.16%,41600
IMOS,2022-09-27,18.92,19.13,18.8,19.01,0.46,+2.48%,55400
IMOS,2022-09-28,18.64,18.79,18.41,18.66,-0.35,-1.84%,40700
IMOS,2022-09-29,18.56,18.63,18.18,18.4,-0.26,-1.39%,55200
IMOS,2022-09-30,18.6,18.85,18.5,18.53,0.13,+0.71%,33000
IMOS,2022-10-03,18.66,18.92,18.61,18.88,0.35,+1.89%,38000
IMOS,2022-10-04,19.3,19.55,19.3,19.53,0.65,+3.44%,30200
IMOS,2022-10-05,19.41,19.725,19.31,19.61,0.08,+0.41%,67700
IMOS,2022-10-06,19.65,19.65,19.3,19.34,-0.27,-1.38%,28600
IMOS,2022-10-07,19.09,19.5932,18.46,18.64,-0.7,-3.62%,34600
IMOS,2022-10-10,18.54,18.54,18.02,18.11,-0.53,-2.84%,42100
IMOS,2022-10-11,18.23,18.41,18.02,18.21,0.1,+0.55%,37600
IMOS,2022-10-12,18.22,18.35,18.19,18.21,0,0.00%,20300
IMOS,2022-10-13,17.68,18.46,17.5,18.36,0.15,+0.82%,53900
IMOS,2022-10-14,18.49,18.49,17.82,17.86,-0.5,-2.72%,43300
IMOS,2022-10-17,18.72,18.8295,18.44,18.56,0.7,+3.92%,34280
IMOS,2022-10-18,19.18,19.26,18.61,18.86,0.3,+1.62%,33910
IMOS,2022-10-19,19.63,19.98,19.51,19.75,0.89,+4.72%,60900
IMOS,2022-10-20,19.87,20.4,19.7,19.84,0.09,+0.46%,61300
IMOS,2022-10-21,19.73,20.05,19.59,20.05,0.21,+1.06%,36800
IMOS,2022-10-24,19.73,19.73,19.2297,19.4,-0.65,-3.24%,46500
IMOS,2022-10-25,19.33,19.53,19.22,19.44,0.04,+0.21%,32800
IMOS,2022-10-26,19.31,19.65,19.2006,19.44,0,0.00%,55200
IMOS,2022-10-27,19.67,20.01,19.65,19.78,0.34,+1.75%,48000
IMOS,2022-10-28,19.73,20.225,19.71,19.98,0.2,+1.01%,32300
IMOS,2022-10-31,19.9,19.9,19.54,19.76,-0.22,-1.10%,67700
IMOS,2022-11-01,19.92,20.18,19.7,19.9,0.14,+0.71%,47500
IMOS,2022-11-02,20.04,20.42,19.85,19.87,-0.03,-0.15%,47200
IMOS,2022-11-03,19.76,20.38,19.5,20.01,0.14,+0.70%,25300
IMOS,2022-11-04,20.05,20.22,19.93,20.17,0.16,+0.80%,31300
IMOS,2022-11-07,20.01,20.28,19.82,20.07,-0.1,-0.50%,99100
IMOS,2022-11-08,20.29,20.475,20.19,20.26,0.19,+0.95%,40800
IMOS,2022-11-09,20.17,20.34,20.07,20.07,-0.19,-0.94%,34500
IMOS,2022-11-10,20.56,21.65,20.56,21.63,1.56,+7.77%,59401
IMOS,2022-11-11,21.48,21.48,21.02,21.29,-0.34,-1.57%,27900
IMOS,2022-11-14,21.23,21.23,20.9,20.9,-0.39,-1.83%,33300
IMOS,2022-11-15,21.49,21.68,21.45,21.49,0.59,+2.82%,31800
IMOS,2022-11-16,21.44,21.57,21.41,21.46,-0.03,-0.14%,19400
IMOS,2022-11-17,21.45,21.93,21.45,21.89,0.43,+2.00%,20700
IMOS,2022-11-18,21.93,21.95,21.74,21.87,-0.02,-0.09%,17100
IMOS,2022-11-21,21.48,21.48,21.32,21.41,-0.46,-2.10%,14200
IMOS,2022-11-22,21.36,21.39,21.25,21.35,-0.06,-0.28%,12200
IMOS,2022-11-23,21.22,21.6,21.22,21.41,0.06,+0.28%,18500
IMOS,2022-11-25,21.42,21.69,21.42,21.55,0.14,+0.65%,5000
IMOS,2022-11-28,21.42,21.48,21.0405,21.19,-0.36,-1.67%,28400
IMOS,2022-11-29,21.28,21.47,21.2,21.24,0.05,+0.24%,24400
IMOS,2022-11-30,21.54,22.3,21.53,22.3,1.06,+4.99%,40400
IMOS,2022-12-01,22.37,22.37,22.12,22.21,-0.09,-0.40%,16200
IMOS,2022-12-02,22.06,22.3838,22.06,22.34,0.13,+0.59%,19300
IMOS,2022-12-05,22.5,22.73,22.44,22.55,0.21,+0.94%,29300
IMOS,2022-12-06,22.5,22.5,21.78,21.97,-0.58,-2.57%,23200
IMOS,2022-12-07,21.78,21.91,21.7,21.82,-0.15,-0.68%,26100
IMOS,2022-12-08,21.73,22.08,21.73,21.95,0.13,+0.60%,17900
IMOS,2022-12-09,21.93,21.93,21.3674,21.6,-0.35,-1.59%,17300
IMOS,2022-12-12,21.65,21.69,21.42,21.69,0.09,+0.42%,26900
IMOS,2022-12-13,22.14,22.27,21.4434,21.61,-0.08,-0.37%,27600
IMOS,2022-12-14,21.7,21.78,21.34,21.52,-0.09,-0.42%,26700
IMOS,2022-12-15,21.23,21.295,21.02,21.08,-0.44,-2.04%,20900
IMOS,2022-12-16,21.02,21.2868,21.02,21.21,0.13,+0.62%,19900
IMOS,2022-12-19,21.52,21.58,21.26,21.38,0.17,+0.80%,23900
IMOS,2022-12-20,21.09,21.2461,20.99,21.17,-0.21,-0.98%,52900
IMOS,2022-12-21,20.97,21.38,20.94,21.28,0.11,+0.52%,27400
IMOS,2022-12-22,21.17,21.17,20.87,20.99,-0.29,-1.36%,34600
IMOS,2022-12-23,21.25,21.48,21.18,21.43,0.44,+2.10%,16900
IMOS,2022-12-27,21.28,21.35,21.19,21.25,-0.18,-0.84%,18100
IMOS,2022-12-28,21.14,21.21,20.51,20.66,-0.59,-2.78%,31500
IMOS,2022-12-29,20.97,21.34,20.97,21.3,0.64,+3.10%,29600
IMOS,2022-12-30,21.41,21.55,21.26,21.43,0.13,+0.61%,25100
IMOS,2023-01-03,21.61,21.8875,21.345,21.46,0.03,+0.14%,42300
IMOS,2023-01-04,21.6,21.71,21.09,21.41,-0.05,-0.23%,48600
IMOS,2023-01-05,21.31,21.33,20.95,21.06,-0.35,-1.63%,50700
IMOS,2023-01-06,21.34,21.89,21.34,21.85,0.79,+3.75%,27500
IMOS,2023-01-09,22.15,22.44,22.06,22.4,0.55,+2.52%,47300
IMOS,2023-01-10,22.23,22.4,22.1201,22.31,-0.09,-0.40%,16100
IMOS,2023-01-11,22.16,22.42,22.15,22.39,0.08,+0.36%,32700
IMOS,2023-01-12,21.91,22.34,21.84,22.21,-0.18,-0.80%,36400
IMOS,2023-01-13,21.89,22.0266,21.8,21.82,-0.39,-1.76%,31700
IMOS,2023-01-17,22.22,22.4,22.05,22.4,0.58,+2.66%,29100
IMOS,2023-01-18,22.42,22.6399,22.335,22.34,-0.06,-0.27%,14700
IMOS,2023-01-19,22.28,22.56,22.21,22.49,0.15,+0.67%,24200
IMOS,2023-01-20,22.49,22.82,22.49,22.62,0.13,+0.58%,17200
IMOS,2023-01-23,22.87,23.31,22.865,23.11,0.49,+2.17%,16000
IMOS,2023-01-24,22.98,23.23,22.98,23.23,0.12,+0.52%,11800
IMOS,2023-01-25,23.1,23.27,23.01,23.27,0.04,+0.17%,13100
IMOS,2023-01-26,23.5,23.5,23.27,23.49,0.22,+0.95%,11500
IMOS,2023-01-27,23.44,23.44,23.1922,23.29,-0.2,-0.85%,12600
IMOS,2023-01-30,23.08,23.08,22.57,22.57,-0.72,-3.09%,19600
IMOS,2023-01-31,22.88,23.12,22.82,23.08,0.51,+2.26%,27600
IMOS,2023-02-01,23.14,23.9676,23.14,23.81,0.73,+3.16%,27900
IMOS,2023-02-02,24.15,24.4282,24.0712,24.24,0.43,+1.81%,18700
IMOS,2023-02-03,24.24,24.425,24.12,24.25,0.01,+0.04%,20300
IMOS,2023-02-06,23.74,23.74,23.24,23.49,-0.76,-3.13%,21500
IMOS,2023-02-07,23.46,23.89,23.46,23.89,0.4,+1.70%,14900
IMOS,2023-02-08,23.86,23.86,23.67,23.74,-0.15,-0.63%,18600
IMOS,2023-02-09,23.99,24.1,23.88,23.97,0.23,+0.97%,16900
IMOS,2023-02-10,23.65,23.8,23.55,23.69,-0.28,-1.17%,16300
IMOS,2023-02-13,23.6,23.67,23.42,23.58,-0.11,-0.46%,26200
IMOS,2023-02-14,23.56,23.8347,23.4,23.68,0.1,+0.42%,17100
IMOS,2023-02-15,23.38,23.4799,23.2,23.44,-0.24,-1.01%,18500
IMOS,2023-02-16,23.37,23.59,23.33,23.38,-0.06,-0.26%,12600
IMOS,2023-02-17,23.38,23.43,23.34,23.43,0.05,+0.21%,9700
IMOS,2023-02-21,23.83,23.84,23.35,23.4,-0.03,-0.13%,25500
IMOS,2023-02-22,23.73,23.8806,23.63,23.72,0.32,+1.37%,32200
IMOS,2023-02-23,24.03,24.1908,23.65,24.13,0.41,+1.73%,19300
IMOS,2023-02-24,23.48,23.51,23.33,23.5,-0.63,-2.61%,14700
IMOS,2023-02-27,23.45,23.84,23.43,23.49,-0.01,-0.04%,12200
IMOS,2023-02-28,23.34,23.73,23.34,23.53,0.04,+0.17%,17500
IMOS,2023-03-01,23.42,23.73,23.4,23.5,-0.03,-0.13%,13000
IMOS,2023-03-02,23.4,23.72,23.4,23.64,0.14,+0.60%,16900
IMOS,2023-03-03,23.87,24.09,23.79,24.05,0.41,+1.73%,19300
IMOS,2023-03-06,23.95,24.1,23.39,23.68,-0.37,-1.54%,54300
IMOS,2023-03-07,24.16,24.195,23.86,23.98,0.3,+1.27%,23700
IMOS,2023-03-08,24.12,24.495,24.05,24.49,0.51,+2.13%,16800
IMOS,2023-03-09,24.2,24.38,23.85,23.96,-0.53,-2.16%,17400
IMOS,2023-03-10,24.09,24.09,23.615,23.81,-0.15,-0.63%,16100
IMOS,2023-03-13,23.77,23.99,23.63,23.9,0.09,+0.38%,16800
IMOS,2023-03-14,23.92,23.99,23.66,23.81,-0.09,-0.38%,12900
IMOS,2023-03-15,23.25,23.44,23.11,23.34,-0.47,-1.97%,22900
IMOS,2023-03-16,23.18,23.52,23.0165,23.52,0.18,+0.77%,13500
IMOS,2023-03-17,23.36,23.55,23.295,23.33,-0.19,-0.81%,17200
IMOS,2023-03-20,23.41,23.95,23.41,23.91,0.58,+2.49%,19200
IMOS,2023-03-21,24.07,24.185,23.95,24.09,0.18,+0.75%,10400
IMOS,2023-03-22,24.1,24.39,24.04,24.19,0.1,+0.42%,9800
IMOS,2023-03-23,24.06,24.448,23.97,24.2,0.01,+0.04%,10700
IMOS,2023-03-24,24.12,24.16,23.87,24.06,-0.14,-0.58%,9700
IMOS,2023-03-27,23.97,24.13,23.925,24.11,0.05,+0.21%,12300
IMOS,2023-03-28,24.07,24.08,23.95,24.03,-0.08,-0.33%,11200
IMOS,2023-03-29,24.17,24.4,24.17,24.4,0.37,+1.54%,9200
IMOS,2023-03-30,24.55,24.65,24.49,24.55,0.15,+0.61%,11200
IMOS,2023-03-31,24.9,25.16,24.9,25.11,0.56,+2.28%,14300
IMOS,2023-04-03,25.1,25.1889,24.91,25.08,-0.03,-0.12%,14400
IMOS,2023-04-04,25.01,25.1999,24.77,24.895,-0.185,-0.74%,12200
IMOS,2023-04-05,24.84,24.9,24.42,24.63,-0.265,-1.06%,19900
IMOS,2023-04-06,25.31,25.49,25.16,25.44,0.81,+3.29%,11600
IMOS,2023-04-10,24.91,24.91,24.5,24.7,-0.74,-2.91%,16100
IMOS,2023-04-11,24.75,25.4799,24.75,25.37,0.67,+2.71%,19400
IMOS,2023-04-12,25.48,25.5081,25.28,25.38,0.01,+0.04%,16400
IMOS,2023-04-13,25.25,25.36,25.14,25.24,-0.14,-0.55%,24900
IMOS,2023-04-14,25.24,25.34,24.98,25.13,-0.11,-0.44%,21200
IMOS,2023-04-17,25.16,25.3,24.97,25.26,0.13,+0.52%,16100
IMOS,2023-04-18,25.32,25.33,25.09,25.14,-0.12,-0.48%,18500
IMOS,2023-04-19,25.05,25.05,24.59,24.86,-0.28,-1.11%,15200
IMOS,2023-04-20,24.61,24.83,24.61,24.7,-0.16,-0.64%,8400
IMOS,2023-04-21,24.43,24.43,24.15,24.28,-0.42,-1.70%,10300
IMOS,2023-04-24,24.16,24.48,24.0417,24.12,-0.16,-0.66%,17700
IMOS,2023-04-25,23.77,23.77,23.43,23.485,-0.635,-2.63%,20500
IMOS,2023-04-26,23.68,23.785,23.57,23.64,0.155,+0.66%,15600
IMOS,2023-04-27,23.51,23.78,23.46,23.78,0.14,+0.59%,7700
IMOS,2023-04-28,23.87,24.05,23.87,23.94,0.16,+0.67%,10100
IMOS,2023-05-01,24.02,24.0213,23.9,24.02,0.08,+0.33%,4600
IMOS,2023-05-02,23.96,24.02,23.88,23.94,-0.08,-0.33%,9100
IMOS,2023-05-03,24.2,24.46,24.1667,24.25,0.31,+1.29%,18900
IMOS,2023-05-04,24.25,24.98,23.13,23.5,-0.75,-3.09%,8600
IMOS,2023-05-05,24.76,25,24.6,24.99,1.49,+6.34%,14800
IMOS,2023-05-08,25.12,25.36,25.06,25.16,0.17,+0.68%,12200
IMOS,2023-05-09,24.8,24.8,24.63,24.76,-0.4,-1.59%,5400
IMOS,2023-05-10,24.66,25.04,24.66,24.97,0.21,+0.85%,9000
IMOS,2023-05-11,24.78,24.78,24.29,24.46,-0.51,-2.04%,8200
IMOS,2023-05-12,24.47,24.47,24.295,24.295,-0.165,-0.67%,8000
IMOS,2023-05-15,24.5375,24.64,24.44,24.595,0.3,+1.23%,5700
IMOS,2023-05-16,24.24,24.59,24.24,24.5,-0.095,-0.39%,4900
IMOS,2023-05-17,24.93,25.15,24.81,25.1,0.6,+2.45%,19600
IMOS,2023-05-18,25.06,25.13,24.81,24.81,-0.29,-1.16%,7400
IMOS,2023-05-19,24.92,25,24.6,24.845,0.035,+0.14%,22100
IMOS,2023-05-22,24.95,25.0222,24.8,24.885,0.04,+0.16%,7800
IMOS,2023-05-23,24.73,24.835,24.59,24.695,-0.19,-0.76%,7900
IMOS,2023-05-24,24.55,24.57,24.4,24.56,-0.135,-0.55%,12000
IMOS,2023-05-25,24.96,25.13,24.88,25.06,0.5,+2.04%,10100
IMOS,2023-05-26,25.49,26.01,25.49,25.97,0.91,+3.63%,23500
IMOS,2023-05-30,25.71,25.72,25.3114,25.51,-0.46,-1.77%,9400
IMOS,2023-05-31,25.61,25.7,25.4,25.58,0.07,+0.27%,8900
IMOS,2023-06-01,25.93,26.32,25.93,26.22,0.64,+2.50%,10800
IMOS,2023-06-02,26.27,26.27,26.04,26.04,-0.18,-0.69%,7400
IMOS,2023-06-05,26.34,26.34,26.04,26.25,0.21,+0.81%,10200
IMOS,2023-06-06,26.28,26.44,26.1,26.43,0.18,+0.69%,5400
IMOS,2023-06-07,26.51,26.5681,26.35,26.44,0.01,+0.04%,9000
IMOS,2023-06-08,26.46,27.2399,26.27,26.57,0.13,+0.49%,13000
IMOS,2023-06-09,26.24,26.3,25.89,26.14,-0.43,-1.62%,11100
IMOS,2023-06-12,26.19,26.44,26.19,26.35,0.21,+0.80%,14400
IMOS,2023-06-13,26.33,26.35,26.03,26.1,-0.25,-0.95%,38000
IMOS,2023-06-14,25.75,25.8101,25.525,25.7,-0.4,-1.53%,47300
IMOS,2023-06-15,25.43,25.7,25.43,25.7,0,0.00%,29400
IMOS,2023-06-16,25.86,26.06,25.8,25.84,0.14,+0.54%,25500
IMOS,2023-06-20,25.98,25.98,25.54,25.65,-0.19,-0.74%,31900
IMOS,2023-06-21,25.79,25.91,25.675,25.74,0.09,+0.35%,14000
IMOS,2023-06-22,25.64,25.96,25.5104,25.84,0.1,+0.39%,19300
IMOS,2023-06-23,25.53,25.6573,25.2501,25.405,-0.435,-1.68%,12800
IMOS,2023-06-26,25.87,26.19,25.7452,25.82,0.415,+1.63%,37100
IMOS,2023-06-27,25.67,25.95,25.61,25.88,0.06,+0.23%,31300
IMOS,2023-06-28,25.71,26.23,25.61,25.96,0.08,+0.31%,139700
IMOS,2023-06-29,24.04,24.415,23.46,23.69,-2.27,-8.74%,65600
IMOS,2023-06-30,23.83,23.89,23.69,23.69,0,0.00%,32800
IMOS,2023-07-03,23.22,23.3143,23.01,23.13,-0.56,-2.36%,26500
IMOS,2023-07-05,23.17,23.26,22.92,23.02,-0.11,-0.48%,55600
IMOS,2023-07-06,23.02,23.03,22.6908,22.99,-0.03,-0.13%,24900
IMOS,2023-07-07,22.55,22.86,22.55,22.69,-0.3,-1.30%,35002
IMOS,2023-07-10,22.19,22.42,21.81,21.88,-0.81,-3.57%,31003
IMOS,2023-07-11,22.47,22.63,22.17,22.34,0.46,+2.10%,36100
IMOS,2023-07-12,22.28,22.36,22.28,22.33,-0.01,-0.04%,37400
IMOS,2023-07-13,22.24,22.58,22.22,22.45,0.12,+0.54%,68400
IMOS,2023-07-14,22.79,23.155,22.79,22.89,0.44,+1.96%,33600
IMOS,2023-07-17,23,23.25,23,23.17,0.28,+1.22%,21100
IMOS,2023-07-18,23.25,23.39,23.22,23.37,0.2,+0.86%,21600
IMOS,2023-07-19,23.41,23.41,23.23,23.3,-0.07,-0.30%,22400
IMOS,2023-07-20,22.93,23.06,22.63,22.74,-0.56,-2.40%,13000
IMOS,2023-07-21,23.01,23.08,22.91,22.93,0.19,+0.84%,17600
IMOS,2023-07-24,22.83,22.83,22.61,22.66,-0.27,-1.18%,31000
IMOS,2023-07-25,22.67,22.8,22.53,22.62,-0.04,-0.18%,14300
IMOS,2023-07-26,22.48,22.5,22.19,22.5,-0.12,-0.53%,23200
IMOS,2023-07-27,22.78,22.988,22.58,22.64,0.14,+0.62%,11000
IMOS,2023-07-28,23.11,23.265,23.0201,23.14,0.5,+2.21%,14800
IMOS,2023-07-31,23,23,22.77,22.94,-0.2,-0.86%,16600
IMOS,2023-08-01,22.81,22.81,22.55,22.64,-0.3,-1.31%,9900
IMOS,2023-08-02,22.52,22.63,22.39,22.4,-0.24,-1.06%,18000
IMOS,2023-08-03,22.27,22.3724,21.58,21.62,-0.78,-3.48%,17380
IMOS,2023-08-04,22.95,22.99,22.28,22.5,0.88,+4.07%,26040
IMOS,2023-08-07,23.3,23.5,23.26,23.47,0.97,+4.31%,24400
IMOS,2023-08-08,23.06,23.35,22.91,23.19,-0.28,-1.19%,20100
IMOS,2023-08-09,23.19,23.29,22.76,22.96,-0.23,-0.99%,61700
IMOS,2023-08-10,22.99,23.22,22.99,23.2,0.24,+1.05%,18700
IMOS,2023-08-11,23.09,23.15,22.93,22.93,-0.27,-1.16%,18700
IMOS,2023-08-14,22.58,22.91,22.54,22.82,-0.11,-0.48%,24100
IMOS,2023-08-15,22.53,22.66,22.47,22.49,-0.33,-1.45%,26600
IMOS,2023-08-16,22.22,22.43,22.1859,22.28,-0.21,-0.93%,36500
IMOS,2023-08-17,22.47,22.47,22.15,22.17,-0.11,-0.49%,16500
IMOS,2023-08-18,22.59,22.7,22.46,22.59,0.42,+1.89%,17200
IMOS,2023-08-21,22.81,22.9815,22.8,22.84,0.25,+1.11%,14400
IMOS,2023-08-22,22.7,22.7672,22.6,22.64,-0.2,-0.88%,15000
IMOS,2023-08-23,23.08,23.2175,22.92,23.18,0.54,+2.39%,17700
IMOS,2023-08-24,23.15,23.15,22.78,22.78,-0.4,-1.73%,14100
IMOS,2023-08-25,23.16,23.28,23.005,23.21,0.43,+1.89%,16200
IMOS,2023-08-28,23.69,23.755,23.59,23.72,0.51,+2.20%,16100
IMOS,2023-08-29,23.5,23.71,23.33,23.66,-0.06,-0.25%,12600
IMOS,2023-08-30,23.66,23.74,23.5,23.65,-0.01,-0.04%,8200
IMOS,2023-08-31,23.9,23.98,23.687,23.81,0.16,+0.68%,15000
IMOS,2023-09-01,23.99,24,23.9,23.93,0.12,+0.50%,8300
IMOS,2023-09-05,24.11,24.35,23.97,24.27,0.34,+1.42%,21900
IMOS,2023-09-06,24.88,24.93,24.53,24.75,0.48,+1.98%,28500
IMOS,2023-09-07,24.83,25.02,24.79,24.97,0.22,+0.89%,16500
IMOS,2023-09-08,24.48,24.72,24.48,24.72,-0.25,-1.00%,11900
IMOS,2023-09-11,24.2,24.46,24.2,24.44,-0.28,-1.13%,11200
IMOS,2023-09-12,24.62,24.7899,24.53,24.65,0.21,+0.86%,10900
IMOS,2023-09-13,24.29,24.3999,24.21,24.375,-0.275,-1.12%,11200
IMOS,2023-09-14,24.38,24.6,24.23,24.51,0.135,+0.55%,14800
IMOS,2023-09-15,24.53,24.53,24.16,24.31,-0.2,-0.82%,15700
IMOS,2023-09-18,24.58,24.6899,24.4,24.52,0.21,+0.86%,23400
IMOS,2023-09-19,24.26,24.31,24.14,24.31,-0.21,-0.86%,11200
IMOS,2023-09-20,24.27,24.38,24.18,24.19,-0.12,-0.49%,14100
IMOS,2023-09-21,23.58,23.71,23.41,23.57,-0.62,-2.56%,10300
IMOS,2023-09-22,23.82,23.82,23.62,23.73,0.16,+0.68%,8300
IMOS,2023-09-25,23.63,23.84,23.63,23.77,0.04,+0.17%,7200
IMOS,2023-09-26,23.13,23.19,23.01,23.12,-0.65,-2.73%,12600
IMOS,2023-09-27,23.17,23.36,23.05,23.19,0.07,+0.30%,18400
IMOS,2023-09-28,23.04,23.34,22.93,23.34,0.15,+0.65%,12300
IMOS,2023-09-29,23.3,23.34,23.05,23.05,-0.29,-1.24%,9700
IMOS,2023-10-02,23.23,23.24,22.9572,23.11,0.06,+0.26%,13200
IMOS,2023-10-03,23.17,23.36,23.11,23.19,0.08,+0.35%,8100
IMOS,2023-10-04,23.18,23.28,23.07,23.26,0.07,+0.30%,7500
IMOS,2023-10-05,23.4,23.43,23.21,23.33,0.07,+0.30%,7900
IMOS,2023-10-06,23.48,23.48,22.25,23.15,-0.18,-0.77%,13300
IMOS,2023-10-09,22.7,23.32,22.7,23.04,-0.11,-0.48%,7200
IMOS,2023-10-10,23.23,23.565,22.41,23.05,0.01,+0.04%,25600
IMOS,2023-10-11,23.12,23.77,23.12,23.77,0.72,+3.12%,22400
IMOS,2023-10-12,23.79,23.79,23.39,23.59,-0.18,-0.76%,8600
IMOS,2023-10-13,23.98,24,23.66,23.8,0.21,+0.89%,18000
IMOS,2023-10-16,23.62,23.96,23.61,23.86,0.06,+0.25%,24900
IMOS,2023-10-17,23.79,24.11,23.79,24.11,0.25,+1.05%,12200
IMOS,2023-10-18,24.26,24.3,24.08,24.13,0.02,+0.08%,12900
IMOS,2023-10-19,24.13,24.25,24.0076,24.13,0,0.00%,8300
IMOS,2023-10-20,24.3,24.47,24.09,24.25,0.12,+0.50%,17400
IMOS,2023-10-23,24.75,25.39,24.75,25.3,1.05,+4.33%,33600
IMOS,2023-10-24,25.67,25.98,25.67,25.9,0.6,+2.37%,16600
IMOS,2023-10-25,25.67,25.83,25.53,25.63,-0.27,-1.04%,11700
IMOS,2023-10-26,25.46,25.5599,25.26,25.41,-0.22,-0.86%,14700
IMOS,2023-10-27,25.02,25.085,24.89,24.94,-0.47,-1.85%,8600
IMOS,2023-10-30,24.98,25.04,24.82,25.04,0.1,+0.40%,25600
IMOS,2023-10-31,25.12,25.13,24.96,25,-0.04,-0.16%,18400
IMOS,2023-11-01,25.3,25.36,25.025,25.36,0.36,+1.44%,24100
IMOS,2023-11-02,25.83,25.83,25.25,25.25,-0.11,-0.43%,18500
IMOS,2023-11-03,23.23,23.73,23.23,23.73,-1.52,-6.02%,19200
IMOS,2023-11-06,23.27,23.99,23.2501,23.49,-0.24,-1.01%,30000
IMOS,2023-11-07,22.93,23.26,22.93,23.26,-0.23,-0.98%,12100
IMOS,2023-11-08,23.15,23.23,22.98,23.06,-0.2,-0.86%,7300
IMOS,2023-11-09,23,24.0238,22.9601,23.22,0.16,+0.69%,7500
IMOS,2023-11-10,23.33,23.57,23.33,23.49,0.27,+1.16%,14600
IMOS,2023-11-13,23.55,23.635,23.34,23.61,0.12,+0.51%,9200
IMOS,2023-11-14,23.69,23.84,23.63,23.84,0.23,+0.97%,27700
IMOS,2023-11-15,23.97,24.05,23.83,23.99,0.15,+0.63%,21400
IMOS,2023-11-16,23.9,24.05,23.875,24.04,0.05,+0.21%,8100
IMOS,2023-11-17,24.28,24.28,24.082,24.19,0.15,+0.62%,11100
IMOS,2023-11-20,24.61,24.68,24.58,24.64,0.45,+1.86%,10300
IMOS,2023-11-21,24.94,25.03,24.71,24.94,0.3,+1.22%,14400
IMOS,2023-11-22,25.15,25.15,24.89,25.03,0.09,+0.36%,9900
IMOS,2023-11-24,24.72,24.76,24.5808,24.75,-0.28,-1.12%,2800
IMOS,2023-11-27,24.88,24.96,24.86,24.95,0.2,+0.81%,4500
IMOS,2023-11-28,25.25,25.48,25.19,25.46,0.51,+2.04%,22000
IMOS,2023-11-29,25.61,25.73,25.52,25.69,0.23,+0.90%,6300
IMOS,2023-11-30,25.85,25.85,25.7001,25.81,0.12,+0.47%,8000
IMOS,2023-12-01,25.91,26.16,25.91,26.09,0.28,+1.08%,6200
IMOS,2023-12-04,26.38,26.4999,26.31,26.44,0.35,+1.34%,10600
IMOS,2023-12-05,26.3,26.46,26.29,26.46,0.02,+0.08%,6000
IMOS,2023-12-06,26.28,26.32,26.13,26.23,-0.23,-0.87%,6200
IMOS,2023-12-07,26.38,26.39,26.14,26.36,0.13,+0.50%,10200
IMOS,2023-12-08,26.8,26.8,25.36,26.5,0.14,+0.53%,10800
IMOS,2023-12-11,26.52,26.72,26.12,26.61,0.11,+0.42%,11900
IMOS,2023-12-12,26.51,26.8,26.49,26.8,0.19,+0.71%,7800
IMOS,2023-12-13,27.08,27.42,26.6801,27.42,0.62,+2.31%,13600
IMOS,2023-12-14,27.4,27.64,27.4,27.63,0.21,+0.77%,8400
IMOS,2023-12-15,27.31,27.5018,27.2101,27.32,-0.31,-1.12%,2700
IMOS,2023-12-18,27.5,27.6,27.43,27.6,0.28,+1.02%,5700
IMOS,2023-12-19,27.5,27.5,27.1409,27.26,-0.34,-1.23%,5700
IMOS,2023-12-20,27.04,27.0686,26.53,26.53,-0.73,-2.68%,14600
IMOS,2023-12-21,26.9,27.09,26.5583,27.09,0.56,+2.11%,8300
IMOS,2023-12-22,27.06,27.185,26.92,27.08,-0.01,-0.04%,11600
IMOS,2023-12-26,27.48,27.645,27.33,27.635,0.555,+2.05%,18100
IMOS,2023-12-27,27.76,27.9743,27.76,27.95,0.315,+1.14%,25900
IMOS,2023-12-28,27.7,27.89,27.7,27.84,-0.11,-0.39%,5300
IMOS,2023-12-29,27.41,27.6004,27.21,27.21,-0.63,-2.26%,20800
IMOS,2024-01-02,26.86,27.04,26.72,26.85,-0.36,-1.32%,5300
IMOS,2024-01-03,26.76,26.82,26.65,26.67,-0.18,-0.67%,2400
IMOS,2024-01-04,26.82,27,26.7,26.76,0.09,+0.34%,4600
IMOS,2024-01-05,26.62,26.7199,26.5,26.64,-0.12,-0.45%,3900
IMOS,2024-01-08,26.47,26.74,26.29,26.74,0.1,+0.38%,12000
IMOS,2024-01-09,26.55,26.5711,26.2901,26.37,-0.37,-1.38%,4600
IMOS,2024-01-10,26.55,26.75,26.11,26.13,-0.24,-0.91%,13000
IMOS,2024-01-11,27.73,27.84,27.4,27.53,1.4,+5.36%,32700
IMOS,2024-01-12,27.26,27.36,27.15,27.36,-0.17,-0.62%,3900
IMOS,2024-01-16,27.04,27.1,26.9525,27.01,-0.35,-1.28%,7500
IMOS,2024-01-17,27.01,27.05,26.8101,26.92,-0.09,-0.33%,4000
IMOS,2024-01-18,27.13,27.29,26.94,27.18,0.26,+0.97%,2200
IMOS,2024-01-19,27.63,27.67,27.5,27.6,0.42,+1.55%,8000
IMOS,2024-01-22,27.73,27.87,27.68,27.68,0.08,+0.29%,10300
IMOS,2024-01-23,27.22,27.5,27.22,27.42,-0.26,-0.94%,5400
IMOS,2024-01-24,27.55,27.65,27.44,27.44,0.02,+0.07%,4500
IMOS,2024-01-25,27.3,27.38,27.15,27.3,-0.14,-0.51%,5200
IMOS,2024-01-26,27.17,27.22,27.0403,27.18,-0.12,-0.44%,3600
IMOS,2024-01-29,27.01,27.17,26.76,27.06,-0.12,-0.44%,11100
IMOS,2024-01-30,27.23,27.2599,27.0801,27.15,0.09,+0.33%,8200
IMOS,2024-01-31,27.25,27.3,26.86,26.88,-0.27,-0.99%,4000
IMOS,2024-02-01,26.84,26.9663,26.75,26.92,0.04,+0.15%,3500
IMOS,2024-02-02,26.54,26.62,26.25,26.5,-0.42,-1.56%,7200
IMOS,2024-02-05,26.29,26.4499,26.19,26.44,-0.06,-0.23%,6900
IMOS,2024-02-06,26.49,26.5,26.25,26.29,-0.15,-0.57%,5000
IMOS,2024-02-07,26.38,26.95,26.34,26.74,0.45,+1.71%,6100
IMOS,2024-02-08,27.03,28.6,26.55,28.2,1.46,+5.46%,88400
IMOS,2024-02-09,29,31.11,28.1,29.66,1.46,+5.18%,188800
IMOS,2024-02-12,30.36,30.75,29.7149,29.88,0.22,+0.74%,107200
IMOS,2024-02-13,29.8,29.91,28.855,29.04,-0.84,-2.81%,55300
IMOS,2024-02-14,29.28,29.85,28.88,28.94,-0.1,-0.34%,53400
IMOS,2024-02-15,28.41,29.0299,28.2601,28.27,-0.67,-2.32%,42200
IMOS,2024-02-16,28,28.2,27.95,28,-0.27,-0.96%,30900
IMOS,2024-02-20,28.1,28.1,27.68,27.89,-0.11,-0.39%,25100
IMOS,2024-02-21,27.85,27.85,27.5262,27.63,-0.26,-0.93%,17400
IMOS,2024-02-22,28.43,29.3,28.1314,28.92,1.29,+4.67%,42800
IMOS,2024-02-23,28.34,28.34,27.5,27.57,-1.35,-4.67%,43500
IMOS,2024-02-26,27.73,28.07,27.57,27.84,0.27,+0.98%,43500
IMOS,2024-02-27,27.96,28.1168,27.84,27.9,0.06,+0.22%,20400
IMOS,2024-02-28,28,28,27.73,27.79,-0.11,-0.39%,16700
IMOS,2024-02-29,28.03,28.26,28,28.09,0.3,+1.08%,39100
IMOS,2024-03-01,28.16,28.59,27.89,28.47,0.38,+1.35%,56600
IMOS,2024-03-04,28.99,29.25,28.7969,28.98,0.51,+1.79%,48000
IMOS,2024-03-05,28.89,28.89,28.42,28.58,-0.4,-1.38%,22800
IMOS,2024-03-06,29.21,29.69,29.21,29.61,1.03,+3.60%,39700
IMOS,2024-03-07,29.92,30,29.67,29.97,0.36,+1.22%,46700
IMOS,2024-03-08,29.92,29.946,29.2601,29.89,-0.08,-0.27%,42100
IMOS,2024-03-11,29.74,30.09,29.74,30.05,0.16,+0.54%,25600
IMOS,2024-03-12,30.57,30.86,30.34,30.76,0.71,+2.36%,27500
IMOS,2024-03-13,30.93,30.98,30.61,30.76,0,0.00%,33700
IMOS,2024-03-14,30.36,30.36,29.77,30.11,-0.65,-2.11%,25900
IMOS,2024-03-15,30.03,30.2199,30.01,30.11,0,0.00%,8000
IMOS,2024-03-18,30.21,30.73,30.21,30.62,0.51,+1.69%,18300
IMOS,2024-03-19,31,31.11,30.87,31.08,0.46,+1.50%,21900
IMOS,2024-03-20,31.11,31.53,31.07,31.42,0.34,+1.09%,24900
IMOS,2024-03-21,31.91,32.19,31.83,32.09,0.67,+2.13%,28600
IMOS,2024-03-22,31.8,31.93,31.7501,31.88,-0.21,-0.65%,23700
IMOS,2024-03-25,31.5,31.5,31.2644,31.41,-0.47,-1.47%,12500
IMOS,2024-03-26,30.54,30.54,30.0996,30.24,-1.17,-3.72%,18400
IMOS,2024-03-27,31.18,31.33,30.8,31.22,0.98,+3.24%,14900
IMOS,2024-03-28,31.46,31.6,31.36,31.45,0.23,+0.74%,16100
IMOS,2024-04-01,30.78,30.94,30.47,30.71,-0.74,-2.35%,18200
IMOS,2024-04-02,30.56,30.6958,30.39,30.51,-0.2,-0.65%,7200
IMOS,2024-04-03,30.6,30.8,30.53,30.64,0.13,+0.43%,8400
IMOS,2024-04-04,30.85,31.46,30.38,30.64,0,0.00%,42900
IMOS,2024-04-05,30.69,30.8,30.465,30.58,-0.06,-0.20%,9900
IMOS,2024-04-08,30.19,30.72,30.13,30.39,-0.19,-0.62%,16900
IMOS,2024-04-09,30.5,30.65,30.1682,30.46,0.07,+0.23%,7500
IMOS,2024-04-10,30.17,31.095,30.0579,30.94,0.48,+1.58%,6500
IMOS,2024-04-11,30.42,30.42,30.17,30.24,-0.7,-2.26%,9000
IMOS,2024-04-12,30.05,30.05,29.77,29.85,-0.39,-1.29%,12000
IMOS,2024-04-15,29.7,29.7,29.09,29.13,-0.72,-2.41%,11200
IMOS,2024-04-16,28.66,28.8,28.5101,28.78,-0.35,-1.20%,15700
IMOS,2024-04-17,29.08,29.09,28.85,28.88,0.1,+0.35%,10100
IMOS,2024-04-18,28.65,28.65,28.29,28.48,-0.4,-1.39%,6100
IMOS,2024-04-19,28,28.1799,27.555,27.81,-0.67,-2.35%,19800
IMOS,2024-04-22,27.28,27.9184,27.28,27.88,0.07,+0.25%,16400
IMOS,2024-04-23,28,28.27,27.97,28.09,0.21,+0.75%,8400
IMOS,2024-04-24,28.68,28.7,28.28,28.4,0.31,+1.10%,16900
IMOS,2024-04-25,27.93,28.34,27.93,28.34,-0.06,-0.21%,11700
IMOS,2024-04-26,28.43,28.61,28.42,28.43,0.09,+0.32%,9600
IMOS,2024-04-29,28.58,28.777,28.57,28.67,0.24,+0.84%,7100
IMOS,2024-04-30,27.94,28.33,27.66,27.89,-0.78,-2.72%,9300
IMOS,2024-05-01,27.89,28.22,27.64,27.85,-0.04,-0.14%,10600
IMOS,2024-05-02,28.02,28.59,28.02,28.59,0.74,+2.66%,9000
IMOS,2024-05-03,28.16,28.52,28.14,28.21,-0.38,-1.33%,12100
IMOS,2024-05-06,28.03,28.19,27.92,28.19,-0.02,-0.07%,9600
IMOS,2024-05-07,28.06,28.18,27.8442,28.04,-0.15,-0.53%,4500
IMOS,2024-05-08,27.92,28.0599,27.6977,28,-0.04,-0.14%,6900
IMOS,2024-05-09,27.46,28.3439,27,28.03,0.03,+0.11%,10700
IMOS,2024-05-10,27.01,27.385,24.5,25.74,-2.29,-8.17%,62200
IMOS,2024-05-13,25.74,26.3485,25.15,25.96,0.22,+0.85%,28000
IMOS,2024-05-14,26.11,26.6899,26.11,26.43,0.47,+1.81%,21700
IMOS,2024-05-15,26.6,27.06,26.59,27.06,0.63,+2.38%,7700
IMOS,2024-05-16,26.88,27.205,26.0101,26.63,-0.43,-1.59%,17000
IMOS,2024-05-17,26.55,26.7249,26.495,26.7,0.07,+0.26%,9600
IMOS,2024-05-20,26.8,27.06,26.62,26.72,0.02,+0.07%,17100
IMOS,2024-05-21,27.36,27.519,27.24,27.36,0.64,+2.40%,12800
IMOS,2024-05-22,28.01,28.22,27.89,28.03,0.67,+2.45%,11200
IMOS,2024-05-23,27.31,27.5,27.2,27.3,-0.73,-2.60%,11900
IMOS,2024-05-24,27.26,27.52,27.26,27.49,0.19,+0.70%,5300
IMOS,2024-05-28,27.53,27.923,27.5,27.6,0.11,+0.40%,15100
IMOS,2024-05-29,27.72,27.87,27.6,27.6,0,0.00%,15100
IMOS,2024-05-30,27.75,27.96,27.35,27.35,-0.25,-0.91%,16500
IMOS,2024-05-31,27,27.21,26.82,27.21,-0.14,-0.51%,18400
IMOS,2024-06-03,27.25,27.3,26.96,26.96,-0.25,-0.92%,11600
IMOS,2024-06-04,26.88,26.97,26.68,26.97,0.01,+0.04%,16200
IMOS,2024-06-05,26.87,27.42,26.8601,27.4,0.43,+1.59%,14900
IMOS,2024-06-06,26.92,26.92,26.7115,26.91,-0.49,-1.79%,9400
IMOS,2024-06-07,27.21,27.43,25.6,25.6,-1.31,-4.87%,13700
IMOS,2024-06-10,26.47,26.64,25.5001,26.42,0.82,+3.20%,10300
IMOS,2024-06-11,26.54,26.755,26.49,26.66,0.24,+0.91%,12200
IMOS,2024-06-12,26.94,27.2568,26.8601,27.07,0.41,+1.54%,10200
IMOS,2024-06-13,27.11,27.25,26.9653,27.15,0.08,+0.30%,8600
IMOS,2024-06-14,27.38,27.48,26.95,27.48,0.33,+1.22%,8300
IMOS,2024-06-17,27.19,27.67,27.19,27.63,0.15,+0.55%,13900
IMOS,2024-06-18,27.49,27.55,27.335,27.52,-0.11,-0.40%,12700
IMOS,2024-06-20,27.53,27.8,27.34,27.5,-0.02,-0.07%,16700
IMOS,2024-06-21,27.8,27.8,27.56,27.56,0.06,+0.22%,14000
IMOS,2024-06-24,27.45,27.51,27.36,27.46,-0.1,-0.36%,17200
IMOS,2024-06-25,27.5,27.5,27.38,27.43,-0.03,-0.11%,10100
IMOS,2024-06-26,27.49,27.49,27.23,27.26,-0.17,-0.62%,22000
IMOS,2024-06-27,26.09,26.18,25.94,26.06,-1.2,-4.40%,11200
IMOS,2024-06-28,26.05,26.3459,26.05,26.11,0.05,+0.19%,11700
IMOS,2024-07-01,25.89,25.98,25.75,25.93,-0.18,-0.69%,10100
IMOS,2024-07-02,25.83,25.98,25.81,25.94,0.01,+0.04%,12100
IMOS,2024-07-03,26,26.36,26,26.32,0.38,+1.46%,7200
IMOS,2024-07-05,26.43,26.59,26.36,26.49,0.17,+0.65%,6200
IMOS,2024-07-08,26.66,26.81,26.6194,26.64,0.15,+0.57%,9300
IMOS,2024-07-09,26.14,26.14,25.88,25.91,-0.73,-2.74%,18500
IMOS,2024-07-10,26.58,26.91,26.29,26.55,0.64,+2.47%,13100
IMOS,2024-07-11,26.82,26.82,26.5,26.63,0.08,+0.30%,11400
IMOS,2024-07-12,26.56,26.8499,26.56,26.83,0.2,+0.75%,11800
IMOS,2024-07-15,26.56,26.56,26,26.03,-0.8,-2.98%,27000
IMOS,2024-07-16,26.33,26.5,26.26,26.5,0.47,+1.81%,7600
IMOS,2024-07-17,26.12,26.1284,25.81,25.93,-0.57,-2.15%,8900
IMOS,2024-07-18,25.91,26.0699,25.59,25.8,-0.13,-0.50%,20300
IMOS,2024-07-19,25.35,25.35,25.14,25.15,-0.65,-2.52%,14500
IMOS,2024-07-22,24.55,24.86,24.55,24.79,-0.36,-1.43%,25000
IMOS,2024-07-23,24.79,25.03,24.79,24.89,0.1,+0.40%,14100
IMOS,2024-07-24,24.84,24.88,24.42,24.42,-0.47,-1.89%,11600
IMOS,2024-07-25,24.52,24.52,24.19,24.29,-0.13,-0.53%,23800
IMOS,2024-07-26,24.49,24.72,24.485,24.655,0.365,+1.50%,18200
IMOS,2024-07-29,24.37,24.7,22.46,23.79,-0.865,-3.51%,39700
IMOS,2024-07-30,23.85,24.11,23.64,23.8,0.01,+0.04%,27900
IMOS,2024-07-31,23.95,24.06,23.72,24,0.2,+0.84%,21400
IMOS,2024-08-01,24.27,24.4099,23.94,24.09,0.09,+0.38%,20300
IMOS,2024-08-02,22.74,23.56,22.71,23.48,-0.61,-2.53%,33600
IMOS,2024-08-05,21.8,22.22,21.77,21.91,-1.57,-6.69%,58700
IMOS,2024-08-06,21.97,22.1,21.83,21.89,-0.02,-0.09%,35200
IMOS,2024-08-07,22.96,23.05,22.3401,22.57,0.68,+3.11%,21400
IMOS,2024-08-08,22.61,22.9399,22.61,22.92,0.35,+1.55%,22300
IMOS,2024-08-09,22.32,23.1102,22.32,22.68,-0.24,-1.05%,17100
IMOS,2024-08-12,23.56,23.65,22.6,23.59,0.91,+4.01%,41100
IMOS,2024-08-13,24.06,24.1999,23.59,24.12,0.53,+2.25%,15000
IMOS,2024-08-14,23.44,23.59,23.09,23.47,-0.65,-2.69%,10100
IMOS,2024-08-15,23.26,23.34,23.2,23.3,-0.17,-0.72%,23900
IMOS,2024-08-16,23.02,23.115,22.98,23.07,-0.23,-0.99%,17300
IMOS,2024-08-19,23.03,23.29,22.5141,23.24,0.17,+0.74%,17300
IMOS,2024-08-20,23.24,23.3,23.09,23.16,-0.08,-0.34%,15900
IMOS,2024-08-21,23.21,23.33,23.06,23.12,-0.04,-0.17%,21300
IMOS,2024-08-22,23.29,23.29,23.02,23.06,-0.06,-0.26%,19200
IMOS,2024-08-23,23.11,23.42,23.11,23.31,0.25,+1.08%,9200
IMOS,2024-08-26,23.4,23.4299,23.26,23.32,0.01,+0.04%,15600
IMOS,2024-08-27,23.24,23.47,23.22,23.38,0.06,+0.26%,16800
IMOS,2024-08-28,23.27,23.38,23.06,23.17,-0.21,-0.90%,9100
IMOS,2024-08-29,23.29,23.535,23.29,23.43,0.26,+1.12%,16300
IMOS,2024-08-30,23.69,23.73,23.57,23.65,0.22,+0.94%,11400
IMOS,2024-09-03,23.43,23.43,22.82,22.82,-0.83,-3.51%,26700
IMOS,2024-09-04,22.5,22.61,22.2739,22.44,-0.38,-1.67%,32900
IMOS,2024-09-05,22.39,22.4199,22.18,22.27,-0.17,-0.76%,34500
IMOS,2024-09-06,22.45,22.45,21.75,21.89,-0.38,-1.71%,34400
IMOS,2024-09-09,22.32,22.51,22.29,22.41,0.52,+2.38%,19700
IMOS,2024-09-10,22.17,22.17,21.465,21.65,-0.76,-3.39%,18700
IMOS,2024-09-11,22.22,22.4,21.915,22.33,0.68,+3.14%,27700
IMOS,2024-09-12,22.34,22.43,22.195,22.38,0.05,+0.22%,13800
IMOS,2024-09-13,22.72,22.92,22.72,22.8,0.42,+1.88%,19500
IMOS,2024-09-16,23.01,23.01,22.83,22.95,0.15,+0.66%,11800
IMOS,2024-09-17,23.12,23.12,22.88,22.98,0.03,+0.13%,12000
IMOS,2024-09-18,22.87,22.98,22.6,22.81,-0.17,-0.74%,13800
IMOS,2024-09-19,22.97,23.1199,22.93,23.05,0.24,+1.05%,10900
IMOS,2024-09-20,22.9,22.94,22.8146,22.89,-0.16,-0.69%,11700
IMOS,2024-09-23,22.89,22.94,22.87,22.91,0.02,+0.09%,11300
IMOS,2024-09-24,22.97,23.035,22.91,22.93,0.02,+0.09%,8600
IMOS,2024-09-25,23.1,23.14,22.94,22.965,0.035,+0.15%,16200
IMOS,2024-09-26,23.2,23.4017,23.18,23.39,0.425,+1.85%,16600
IMOS,2024-09-27,23.57,23.85,23.51,23.66,0.27,+1.15%,21300
IMOS,2024-09-30,23.58,23.58,23.3,23.4,-0.26,-1.10%,9900
IMOS,2024-10-01,23.37,23.37,23.01,23.26,-0.14,-0.60%,15400
IMOS,2024-10-02,23.2,23.3399,23.08,23.18,-0.08,-0.34%,16900
IMOS,2024-10-03,23,23.25,23,23.25,0.07,+0.30%,13200
IMOS,2024-10-04,23.13,23.2,23,23.12,-0.13,-0.56%,8500
IMOS,2024-10-07,23.34,23.452,23.28,23.375,0.255,+1.10%,11000
IMOS,2024-10-08,23.25,23.25,23.105,23.2,-0.175,-0.75%,7000
IMOS,2024-10-09,23.19,23.19,22.75,22.93,-0.27,-1.16%,6600
IMOS,2024-10-10,22.38,23.04,22.1,22.97,0.04,+0.17%,13000
IMOS,2024-10-11,22.62,22.65,22.54,22.65,-0.32,-1.39%,8200
IMOS,2024-10-14,22.4,22.59,22.4,22.48,-0.17,-0.75%,17600
IMOS,2024-10-15,22.3,22.3536,21.9,22.04,-0.44,-1.96%,18200
IMOS,2024-10-16,22.58,22.74,22.55,22.74,0.7,+3.18%,19800
IMOS,2024-10-17,22.77,22.79,22.591,22.64,-0.1,-0.44%,9800
IMOS,2024-10-18,22.6,22.6,22.46,22.51,-0.13,-0.57%,9100
IMOS,2024-10-21,22.58,22.66,22.44,22.64,0.13,+0.58%,23200
IMOS,2024-10-22,22.59,22.64,22.56,22.57,-0.07,-0.31%,11400
IMOS,2024-10-23,22.49,22.53,22.28,22.51,-0.06,-0.27%,14600
IMOS,2024-10-24,22.33,22.33,22.11,22.31,-0.2,-0.89%,11100
IMOS,2024-10-25,22.48,22.5699,22.34,22.34,0.03,+0.13%,15200
IMOS,2024-10-28,22.22,22.25,22.13,22.19,-0.15,-0.67%,16100
IMOS,2024-10-29,21.89,21.9601,21.81,21.96,-0.23,-1.04%,10400
IMOS,2024-10-30,22.03,22.0373,21.69,21.79,-0.17,-0.77%,12700
IMOS,2024-10-31,21.73,21.775,21.58,21.69,-0.1,-0.46%,26500
IMOS,2024-11-01,22.22,22.4758,22.19,22.36,0.67,+3.09%,20800
IMOS,2024-11-04,22.35,22.3999,22.155,22.2,-0.16,-0.72%,16300
IMOS,2024-11-05,22.16,22.35,22.16,22.35,0.15,+0.68%,10300
IMOS,2024-11-06,21.19,21.5197,20.3794,21.32,-1.03,-4.61%,18900
IMOS,2024-11-07,21.62,21.76,21.6,21.61,0.29,+1.36%,17300
IMOS,2024-11-08,21,21.02,20.58,20.72,-0.89,-4.12%,32200
IMOS,2024-11-11,20.44,20.44,20.24,20.44,-0.28,-1.35%,44100
IMOS,2024-11-12,20.1,20.15,19.925,20.11,-0.33,-1.61%,25400
IMOS,2024-11-13,19.46,19.58,19.27,19.3,-0.81,-4.03%,33500
IMOS,2024-11-14,19.49,19.51,19.31,19.36,0.06,+0.31%,39400
IMOS,2024-11-15,19.62,19.62,19.48,19.52,0.16,+0.83%,24200
IMOS,2024-11-18,19.5,19.61,19.19,19.53,0.01,+0.05%,45400
IMOS,2024-11-19,19.54,19.73,19.5,19.73,0.2,+1.02%,47700
IMOS,2024-11-20,19.5,19.5,19.19,19.31,-0.42,-2.13%,41700
IMOS,2024-11-21,19.5,19.51,19.39,19.4,0.09,+0.47%,48300
IMOS,2024-11-22,19.5,19.62,19.48,19.58,0.18,+0.93%,23500
IMOS,2024-11-25,19.77,19.925,19.72,19.92,0.34,+1.74%,19483
IMOS,2024-11-26,19.96,20.03,19.92,19.98,0.06,+0.30%,23190
IMOS,2024-11-27,19.74,19.74,19.31,19.48,-0.5,-2.50%,19400
IMOS,2024-11-29,19.55,19.6675,19.49,19.62,0.14,+0.72%,3500
IMOS,2024-12-02,19.74,19.9,19.7354,19.9,0.28,+1.43%,22300
IMOS,2024-12-03,19.62,19.66,19.43,19.58,-0.32,-1.61%,16800
IMOS,2024-12-04,19.65,19.732,19.6,19.73,0.15,+0.77%,18500
IMOS,2024-12-05,19.73,19.83,19.58,19.74,0.01,+0.05%,19600
IMOS,2024-12-06,19.63,19.72,19.55,19.66,-0.08,-0.41%,27400
IMOS,2024-12-09,19.42,19.5,19.1701,19.4,-0.26,-1.32%,52600
IMOS,2024-12-10,19.18,19.3868,19.1,19.3,-0.1,-0.52%,34500
IMOS,2024-12-11,19.2,19.4,19.11,19.24,-0.06,-0.31%,27000
IMOS,2024-12-12,19.11,19.19,18.74,18.84,-0.4,-2.08%,32200
IMOS,2024-12-13,18.73,18.83,18.51,18.7,-0.14,-0.74%,37000
IMOS,2024-12-16,18.5,18.595,18.2,18.38,-0.32,-1.71%,29000
IMOS,2024-12-17,18.44,18.44,18.24,18.35,-0.03,-0.16%,27000
IMOS,2024-12-18,19.15,19.22,18.81,18.97,0.62,+3.38%,44900
IMOS,2024-12-19,18.83,18.91,18.63,18.73,-0.24,-1.27%,28500
IMOS,2024-12-20,18.91,19.3,18.64,19.11,0.38,+2.03%,27600
IMOS,2024-12-23,19.1,19.4899,19.0364,19.13,0.02,+0.10%,47100
IMOS,2024-12-24,19.29,19.29,19.0381,19.21,0.08,+0.42%,7300
IMOS,2024-12-26,19.37,19.49,19.1645,19.39,0.18,+0.94%,22400
IMOS,2024-12-27,19.2,19.22,18.928,19.1,-0.29,-1.50%,21300
IMOS,2024-12-30,18.91,18.91,18.65,18.82,-0.28,-1.47%,27400
IMOS,2024-12-31,18.81,18.95,18.77,18.83,0.01,+0.05%,22400
IMOS,2025-01-02,18.8,18.875,18.63,18.82,-0.01,-0.05%,13400
IMOS,2025-01-03,18.63,18.9,18.6137,18.84,0.02,+0.11%,26500
IMOS,2025-01-06,18.85,18.955,18.53,18.78,-0.06,-0.32%,23300
IMOS,2025-01-07,18.83,18.965,18.65,18.75,-0.03,-0.16%,26700
IMOS,2025-01-08,18.75,18.92,18.5,18.68,-0.07,-0.37%,14500
IMOS,2025-01-10,18.4,18.55,18.11,18.13,-0.55,-2.94%,22700
IMOS,2025-01-13,17.85,18.155,17.7001,17.71,-0.42,-2.32%,23400
IMOS,2025-01-14,18.02,18.6,17.88,18.28,0.57,+3.22%,25500
IMOS,2025-01-15,18.33,18.5,18.17,18.37,0.09,+0.49%,34300
IMOS,2025-01-16,18.3,18.3599,18.1788,18.18,-0.19,-1.03%,8900
IMOS,2025-01-17,18.4,18.6,18.24,18.24,0.06,+0.33%,11500
IMOS,2025-01-21,19,19.4499,18.71,18.72,0.48,+2.63%,46500
IMOS,2025-01-22,19.63,20.84,19.32,20.78,2.06,+11.00%,32200
IMOS,2025-01-23,20.6,20.95,20.03,20.72,-0.06,-0.29%,21200
IMOS,2025-01-24,20.91,21,20.04,20.54,-0.18,-0.87%,55300
IMOS,2025-01-27,20.48,20.48,19.52,19.97,-0.57,-2.78%,16800
IMOS,2025-01-28,19.98,20.49,19.79,20.35,0.38,+1.90%,38300
IMOS,2025-01-29,20.49,20.53,19.88,20.43,0.08,+0.39%,29400
IMOS,2025-01-30,20.4,21.0175,20.01,20.63,0.2,+0.98%,28800
IMOS,2025-01-31,20.81,20.81,19.6701,19.86,-0.77,-3.73%,18100
IMOS,2025-02-03,19.45,19.45,18.96,19,-0.86,-4.33%,26400
IMOS,2025-02-04,18.76,19.28,18.6819,19.02,0.02,+0.11%,18800
IMOS,2025-02-05,18.99,19.33,18.76,19.2,0.18,+0.95%,29900
IMOS,2025-02-06,19.24,19.24,18.81,19.02,-0.18,-0.94%,38500
IMOS,2025-02-07,19.3,19.48,19.17,19.32,0.3,+1.58%,35000
IMOS,2025-02-10,19.5,19.89,19.33,19.8,0.48,+2.48%,12600
IMOS,2025-02-11,19.8,19.89,19.6,19.89,0.09,+0.45%,12300
IMOS,2025-02-12,19.56,19.91,19.5,19.61,-0.28,-1.41%,11900
IMOS,2025-02-13,19.92,20.525,19.7,20.33,0.72,+3.67%,23900
IMOS,2025-02-14,20.3,20.73,19.86,20.52,0.19,+0.93%,26300
IMOS,2025-02-18,20.23,20.8,20.2,20.25,-0.27,-1.32%,21200
IMOS,2025-02-19,20.71,20.88,20.63,20.71,0.46,+2.27%,10500
IMOS,2025-02-20,21.1499,21.1499,20.71,20.92,0.21,+1.01%,25000
IMOS,2025-02-21,20.82,20.83,20.26,20.5,-0.42,-2.01%,24200
IMOS,2025-02-24,20.41,20.7499,20.1,20.57,0.07,+0.34%,20200
IMOS,2025-02-25,20.57,20.8,19.39,19.71,-0.86,-4.18%,18200
IMOS,2025-02-26,19.53,19.65,18.85,18.89,-0.82,-4.16%,23600
IMOS,2025-02-27,19.19,19.2,18.34,18.49,-0.4,-2.12%,26100
IMOS,2025-02-28,18.7,18.87,18.16,18.59,0.1,+0.54%,21300
IMOS,2025-03-03,18.6,18.63,17.9,18.2,-0.39,-2.10%,22100
IMOS,2025-03-04,18.34,18.71,18,18.3,0.1,+0.55%,16300
IMOS,2025-03-05,18.27,18.7272,18.25,18.65,0.35,+1.91%,17500
IMOS,2025-03-06,18.51,18.55,18.21,18.53,-0.12,-0.64%,26800
IMOS,2025-03-07,18.53,18.756,18.21,18.7,0.17,+0.92%,14700
IMOS,2025-03-10,18.07,18.49,17.78,17.78,-0.92,-4.92%,10900
IMOS,2025-03-11,18.01,18.2,17.41,17.48,-0.3,-1.69%,43600
IMOS,2025-03-12,17.95,18.59,17.9,18.5,1.02,+5.84%,47600
IMOS,2025-03-13,18.49,18.645,17.77,18.18,-0.32,-1.73%,27800
IMOS,2025-03-14,18.67,18.67,18.3135,18.32,0.14,+0.77%,16700
IMOS,2025-03-17,18.6,18.96,18.36,18.63,0.31,+1.69%,21000
IMOS,2025-03-18,18.61,18.68,18.36,18.66,0.03,+0.16%,21000
IMOS,2025-03-19,18.76,18.8,18.41,18.8,0.14,+0.75%,23900
IMOS,2025-03-20,18.63,18.8,18.52,18.68,-0.12,-0.64%,11900
IMOS,2025-03-21,18.325,18.61,18.2441,18.49,-0.19,-1.02%,10500
IMOS,2025-03-24,18.36,18.6,17.97,18.46,-0.03,-0.16%,30300
IMOS,2025-03-25,18.23,18.23,17.6,18.08,-0.38,-2.06%,12100
IMOS,2025-03-26,18.35,18.375,18.2,18.34,0.26,+1.44%,23700
IMOS,2025-03-27,18.25,18.45,17.6,18.08,-0.26,-1.42%,22100
IMOS,2025-03-28,17.83,17.83,17.45,17.64,-0.44,-2.43%,24600
IMOS,2025-03-31,17.39,17.4,16.4077,16.84,-0.8,-4.54%,42200
IMOS,2025-04-01,16.74,17.26,16.5,16.88,0.04,+0.24%,77000
IMOS,2025-04-02,16.79,17.45,16.78,17.05,0.17,+1.01%,41600
IMOS,2025-04-03,16.65,16.65,16.5,16.58,-0.47,-2.76%,26400
IMOS,2025-04-04,16.25,16.875,15.22,15.22,-1.36,-8.20%,42500
IMOS,2025-04-07,13.8,15.3761,13.8,14.31,-0.91,-5.98%,33400
IMOS,2025-04-08,14.49,14.77,13.51,13.75,-0.56,-3.91%,50200
IMOS,2025-04-09,13.36,14.51,12.7827,14.45,0.7,+5.09%,38400
IMOS,2025-04-10,14.26,14.5184,13.524,13.71,-0.74,-5.12%,29800
IMOS,2025-04-11,15.19,15.52,14.3801,15.39,1.68,+12.25%,56500
IMOS,2025-04-14,15.72,15.9,15.4,15.66,0.27,+1.75%,46200
IMOS,2025-04-15,15.97,16.25,15.65,16.07,0.41,+2.62%,33700
IMOS,2025-04-16,15.61,15.79,15.21,15.74,-0.33,-2.05%,29800
IMOS,2025-04-17,15.74,15.829,15.62,15.74,0,0.00%,25900
IMOS,2025-04-21,15.48,15.48,14.99,15.09,-0.65,-4.13%,31000
IMOS,2025-04-22,15.19,15.72,15,15.27,0.18,+1.19%,50700
IMOS,2025-04-23,15.72,16.23,15.62,15.82,0.55,+3.60%,16800
IMOS,2025-04-24,15.83,16.17,15.6339,16,0.18,+1.14%,21100
IMOS,2025-04-25,16.1,16.28,15.84,16.09,0.09,+0.56%,21400
IMOS,2025-04-28,16.5,16.5,16.045,16.37,0.28,+1.74%,37100
IMOS,2025-04-29,16.67,17,16.3,16.83,0.46,+2.81%,62900
IMOS,2025-04-30,16.51,17.08,16.24,16.51,-0.32,-1.90%,48300
IMOS,2025-05-01,16.82,17.5425,16.61,17.12,0.61,+3.69%,52100
IMOS,2025-05-02,17.4,18.07,17.36,17.78,0.66,+3.86%,51900
IMOS,2025-05-05,17.67,18.21,17.59,17.84,0.06,+0.34%,29200
IMOS,2025-05-06,17.51,17.575,17.31,17.31,-0.53,-2.97%,23500
IMOS,2025-05-07,17.3564,17.875,17.07,17.08,-0.23,-1.33%,21400
IMOS,2025-05-08,17.48,17.99,17.38,17.38,0.3,+1.76%,27300
IMOS,2025-05-09,17.6215,17.921,17.03,17.64,0.26,+1.50%,35800
IMOS,2025-05-12,17.91,18.35,17.57,18.31,0.67,+3.80%,47200
IMOS,2025-05-13,18.41,18.79,17.84,18.16,-0.15,-0.82%,21100
IMOS,2025-05-14,18.03,18.94,17.8,18.79,0.63,+3.47%,22600
IMOS,2025-05-15,18.55,19.26,18.55,19,0.21,+1.12%,7900
IMOS,2025-05-16,19.03,19.41,18.76,19.21,0.21,+1.11%,21600
IMOS,2025-05-19,18.68,19.0337,18.68,18.79,-0.42,-2.19%,18200
IMOS,2025-05-20,19.2999,19.2999,18.33,18.88,0.09,+0.48%,25500
IMOS,2025-05-21,18.94,19.08,18.385,18.54,-0.34,-1.80%,21500
IMOS,2025-05-22,18.85,19.816,18.77,18.77,0.23,+1.24%,33100
IMOS,2025-05-23,18.77,18.94,18.61,18.92,0.15,+0.80%,10200
IMOS,2025-05-27,18.74,19.19,18.01,18.91,-0.01,-0.05%,12700
IMOS,2025-05-28,19,19.35,18.92,18.93,0.02,+0.11%,10400
IMOS,2025-05-29,19.06,19.17,18.77,18.86,-0.07,-0.37%,16000
IMOS,2025-05-30,19.36,19.36,18.25,18.78,-0.08,-0.42%,11100
IMOS,2025-06-02,18.53,18.76,18.13,18.5,-0.28,-1.49%,26300
IMOS,2025-06-03,18.6,19.035,18.54,18.54,0.04,+0.22%,12300
IMOS,2025-06-04,18.58,19.14,18.54,18.55,0.01,+0.05%,11000
IMOS,2025-06-05,19.37,19.37,18.953,19.15,0.6,+3.23%,10200
IMOS,2025-06-06,19.55,19.9579,19.5,19.64,0.49,+2.56%,18000
IMOS,2025-06-09,19.2746,19.93,19.2746,19.77,0.13,+0.66%,9200
IMOS,2025-06-10,19.8,20.33,19.79,19.95,0.18,+0.91%,8000
IMOS,2025-06-11,20.0935,20.5947,20.012,20.05,0.1,+0.50%,8300
IMOS,2025-06-12,19.42,20.01,19.42,19.8,-0.25,-1.25%,11600
IMOS,2025-06-13,19.8,19.8,19.25,19.25,-0.55,-2.78%,9700
IMOS,2025-06-16,19.35,20,19.35,19.61,0.36,+1.87%,24500
IMOS,2025-06-17,19.72,19.72,19.31,19.31,-0.3,-1.53%,15200
IMOS,2025-06-18,19.5,19.78,19.14,19.51,0.2,+1.04%,12700
IMOS,2025-06-20,19.5,19.5,18.568,18.59,-0.92,-4.72%,17200
IMOS,2025-06-23,18.8,19.2066,18.59,18.64,0.05,+0.27%,12700
IMOS,2025-06-24,18.99,19.42,18.7601,19.35,0.71,+3.81%,25600
IMOS,2025-06-25,19.37,19.5999,19.16,19.2,-0.15,-0.78%,18810
IMOS,2025-06-26,19.25,20.25,19.25,19.5,0.3,+1.56%,100900
IMOS,2025-06-27,18.65,18.9616,17.97,18.51,-0.99,-5.08%,67200
IMOS,2025-06-30,18.4,18.4881,17.67,18.11,-0.4,-2.16%,48000
IMOS,2025-07-01,17.79,18.16,17.79,18.12,0.01,+0.06%,33400
IMOS,2025-07-02,18.28,18.8899,18.21,18.69,0.57,+3.15%,13100
IMOS,2025-07-03,19.01,19.2,18.85,18.95,0.26,+1.39%,26600
IMOS,2025-07-07,18.5,18.6835,18.015,18.19,-0.76,-4.01%,34700
IMOS,2025-07-08,18.22,18.465,18.17,18.4,0.21,+1.15%,11400
IMOS,2025-07-09,18.59,18.7187,18.4345,18.63,0.23,+1.25%,12400
IMOS,2025-07-10,18.76,18.97,18.36,18.67,0.04,+0.21%,14400
IMOS,2025-07-11,18.08,18.5,18.08,18.31,-0.36,-1.93%,11400
IMOS,2025-07-14,17.83,17.9592,17.71,17.72,-0.59,-3.22%,13200
IMOS,2025-07-15,17.75,17.75,17.41,17.41,-0.31,-1.75%,12000
IMOS,2025-07-16,18.2,18.22,17.7,18.036,0.626,+3.60%,27500
IMOS,2025-07-17,18.4,18.78,18.3035,18.5,0.464,+2.57%,20100
IMOS,2025-07-18,18.51,18.51,18.06,18.12,-0.38,-2.05%,14600
IMOS,2025-07-21,18.23,18.41,18.12,18.21,0.09,+0.50%,13700
IMOS,2025-07-22,17.7,17.79,17.35,17.69,-0.52,-2.86%,17000
IMOS,2025-07-23,17.85,18.32,17.8,18.23,0.54,+3.05%,23000
IMOS,2025-07-24,18.31,18.31,18.06,18.21,-0.02,-0.11%,7200
IMOS,2025-07-25,17.91,18.1495,17.81,17.81,-0.4,-2.20%,15300
IMOS,2025-07-28,17.85,17.85,17.12,17.49,-0.32,-1.80%,46500
IMOS,2025-07-29,17.84,17.84,17.37,17.38,-0.11,-0.63%,9100
IMOS,2025-07-30,17.48,17.5,16.87,16.87,-0.51,-2.93%,17800
IMOS,2025-07-31,17.06,17.14,16.69,16.96,0.09,+0.53%,37000
IMOS,2025-08-01,16.97,17.15,16.68,16.87,-0.09,-0.53%,43800
IMOS,2025-08-04,16.95,17.57,16.95,17.43,0.56,+3.32%,24900
IMOS,2025-08-05,17.2,17.52,17.2,17.44,0.01,+0.06%,21100
IMOS,2025-08-06,17.36,17.5,17.143,17.46,0.02,+0.11%,21800
IMOS,2025-08-07,17.63,17.8986,17.52,17.88,0.42,+2.41%,13400
IMOS,2025-08-08,17.71,18,17.62,17.98,0.1,+0.56%,12800
IMOS,2025-08-11,17.72,17.94,17.6728,17.78,-0.2,-1.11%,8400
IMOS,2025-08-12,17.54,17.75,17.5,17.52,-0.26,-1.46%,19700
IMOS,2025-08-13,16.94,17.01,16.646,16.65,-0.87,-4.97%,14600
IMOS,2025-08-14,16.5,16.53,16.32,16.4,-0.25,-1.50%,15800
IMOS,2025-08-15,16.46,16.46,16.0101,16.03,-0.37,-2.26%,17600
IMOS,2025-08-18,16.03,16.17,15.9,15.94,-0.09,-0.56%,15400
IMOS,2025-08-19,15.56,15.56,15.09,15.09,-0.85,-5.33%,14700
IMOS,2025-08-20,15.35,15.5999,15.06,15.16,0.07,+0.46%,13300
IMOS,2025-08-21,15.19,15.385,15.09,15.25,0.09,+0.59%,28800
IMOS,2025-08-22,15.62,16.01,15.341,15.785,0.535,+3.51%,14800
IMOS,2025-08-25,15.55,15.79,15.28,15.36,-0.425,-2.69%,18300
IMOS,2025-08-26,15.41,15.59,15.3,15.46,0.1,+0.65%,20200
IMOS,2025-08-27,15.71,15.96,15.67,15.805,0.345,+2.23%,13700
IMOS,2025-08-28,15.98,16.0418,15.82,16.02,0.215,+1.36%,10500
IMOS,2025-08-29,16,16,15.65,15.715,-0.305,-1.90%,7900
IMOS,2025-09-02,15.71,15.97,15.1501,15.19,-0.525,-3.34%,17600
IMOS,2025-09-03,16.48,16.9,16.33,16.9,1.71,+11.26%,48200
IMOS,2025-09-04,16.97,17.15,16.85,17.05,0.15,+0.89%,23500
IMOS,2025-09-05,17.21,17.53,17.21,17.5,0.45,+2.64%,24300
IMOS,2025-09-08,17.77,18,17.7,17.9,0.4,+2.29%,17500
IMOS,2025-09-09,17.95,18,17.79,17.8324,-0.0676,-0.38%,10000
IMOS,2025-09-10,17.82,17.9546,17.77,17.77,-0.0624,-0.35%,6300
IMOS,2025-09-11,17.75,17.75,17.55,17.73,-0.04,-0.23%,8400
IMOS,2025-09-12,17.61,17.81,17.53,17.72,-0.01,-0.06%,8100
IMOS,2025-09-15,18,18.335,18,18.32,0.6,+3.39%,17400
IMOS,2025-09-16,18.35,18.66,18.35,18.66,0.34,+1.86%,15400
IMOS,2025-09-17,18.34,18.6,18.3015,18.6,-0.06,-0.32%,7200
IMOS,2025-09-18,18.8,19.42,18.8,19.36,0.76,+4.09%,32600
IMOS,2025-09-19,19.32,19.5084,19.295,19.38,0.02,+0.10%,19300
IMOS,2025-09-22,19.4,19.6652,19.4,19.665,0.285,+1.47%,8800
IMOS,2025-09-23,19.9,20.1,19.8988,19.98,0.315,+1.60%,18000
IMOS,2025-09-24,19.98,19.98,19.77,19.91,-0.07,-0.35%,6600
IMOS,2025-09-25,19.54,19.6,19.43,19.58,-0.33,-1.66%,12100
IMOS,2025-09-26,19.14,19.14,18.69,18.86,-0.72,-3.68%,10800
IMOS,2025-09-29,19.29,19.29,18.9401,19.05,0.19,+1.01%,6500
IMOS,2025-09-30,19.15,19.3127,19.11,19.11,0.06,+0.31%,9400
IMOS,2025-10-01,19.25,19.57,19.145,19.34,0.23,+1.20%,7500
IMOS,2025-10-02,20.15,20.79,20.15,20.55,1.21,+6.26%,24900
IMOS,2025-10-03,20.24,20.5,19.92,20.15,-0.4,-1.95%,9700
IMOS,2025-10-06,20.14,20.17,19.91,20.11,-0.04,-0.20%,7800
IMOS,2025-10-07,20,20.32,20,20.01,-0.1,-0.50%,11300
IMOS,2025-10-08,20.17,20.2,19.94,20.16,0.15,+0.75%,5200
IMOS,2025-10-09,20.48,21.18,20.3,20.89,0.73,+3.62%,47700
IMOS,2025-10-10,20.89,20.89,19.83,19.85,-1.04,-4.98%,8700
IMOS,2025-10-13,19.8,19.82,19.48,19.48,-0.37,-1.86%,3100
IMOS,2025-10-14,19.48,19.48,19.2401,19.29,-0.19,-0.98%,6100
IMOS,2025-10-15,19.9,19.99,19.37,19.625,0.335,+1.74%,2600
IMOS,2025-10-16,20,20,19.8,19.84,0.215,+1.10%,2700
IMOS,2025-10-17,20.05,20.3799,20.05,20.32,0.48,+2.42%,5800
IMOS,2025-10-20,20.5,21.39,20.5,21.16,0.84,+4.13%,8100
IMOS,2025-10-21,20.9,20.9,20.43,20.565,-0.595,-2.81%,2600
IMOS,2025-10-22,20.4,20.58,20.2,20.35,-0.215,-1.05%,4400
IMOS,2025-10-23,20.08,20.505,20.08,20.4275,0.0775,+0.38%,2800
IMOS,2025-10-24,20.51,20.6379,20.05,20.4801,0.0526,+0.26%,3000
IMOS,2025-10-27,21.33,21.7,21.33,21.41,0.9299,+4.54%,25800
IMOS,2025-10-28,22.12,23.3203,22.12,23.29,1.88,+8.78%,32800
IMOS,2025-10-29,22.78,22.78,21.8,21.93,-1.36,-5.84%,7500
IMOS,2025-10-30,21.8,21.8,21.4,21.41,-0.52,-2.37%,26900
IMOS,2025-10-31,21.12,21.2,21,21.2,-0.21,-0.98%,14300
IMOS,2025-11-03,21.65,22.4,21.65,21.92,0.72,+3.40%,7000
IMOS,2025-11-04,21.13,21.6,20.77,21.09,-0.83,-3.79%,9500
IMOS,2025-11-05,20.45,21.62,20.45,21.62,0.53,+2.51%,13800
IMOS,2025-11-06,22.02,22.09,21.94,21.94,0.32,+1.48%,6800
IMOS,2025-11-07,21.8713,21.9099,21.4,21.9099,-0.0301,-0.14%,2600
IMOS,2025-11-10,22.15,22.48,21.9295,22.48,0.5701,+2.60%,10100
IMOS,2025-11-11,23.78,23.78,22.0001,22.1,-0.38,-1.69%,22000
IMOS,2025-11-12,24.51,25.8678,23.89,25.76,3.66,+16.56%,89900
IMOS,2025-11-13,27.55,28.0957,27.55,27.89,2.13,+8.27%,29500
IMOS,2025-11-14,29.4,30.9813,29.4,30.82,2.93,+10.51%,74600
IMOS,2025-11-17,30.2,30.2,27.81,28.55,-2.27,-7.37%,47500
IMOS,2025-11-18,28.8,29.9199,28.8,29.5,0.95,+3.33%,26300
IMOS,2025-11-19,29.4,29.94,29.4,29.79,0.29,+0.98%,17300
IMOS,2025-11-20,29.86,30,29.08,29.08,-0.71,-2.38%,13800
IMOS,2025-11-21,28.92,28.92,28.13,28.2,-0.88,-3.03%,13600
IMOS,2025-11-24,28.14,28.27,27.2,27.47,-0.73,-2.59%,41200
IMOS,2025-11-25,27.78,28.09,27.72,27.915,0.445,+1.62%,11400
IMOS,2025-11-26,27.03,27.35,26.58,27.05,-0.865,-3.10%,19800
IMOS,2025-11-28,26.86,27.33,26.86,27.33,0.28,+1.04%,5200
IMOS,2025-12-01,27.08,27.322,25.27,26.97,-0.36,-1.32%,17200
IMOS,2025-12-02,27.4,28.3599,27.4,28.03,1.06,+3.93%,17500
IMOS,2025-12-03,27.79,28.1495,27.79,28.07,0.04,+0.14%,5900
IMOS,2025-12-04,27.55,28.0905,27.55,27.77,-0.3,-1.07%,8300
IMOS,2025-12-05,28,28,27.85,27.97,0.2,+0.72%,8100
IMOS,2025-12-08,28.5,29.37,28.5,29.11,1.14,+4.08%,42800
IMOS,2025-12-09,30,30.15,29.8,29.93,0.82,+2.82%,11800
IMOS,2025-12-10,29.5,29.5,28.6316,29.16,-0.77,-2.57%,4200
IMOS,2025-12-11,29.13,29.7599,29.01,29.46,0.3,+1.03%,12200
IMOS,2025-12-12,29.49,30,28.9,28.9,-0.56,-1.90%,28200
IMOS,2025-12-15,28.6,28.67,28.2769,28.29,-0.61,-2.11%,26700
IMOS,2025-12-16,28.2,28.24,27.5,27.57,-0.72,-2.55%,5800
IMOS,2025-12-17,28,28.28,27.74,27.75,0.18,+0.65%,3300
IMOS,2025-12-18,28.13,28.72,28.12,28.19,0.44,+1.59%,4400
IMOS,2025-12-19,28.17,28.2486,27.91,27.92,-0.27,-0.96%,3300
IMOS,2025-12-22,28.8,29.12,28.4,28.4,0.48,+1.72%,10300
IMOS,2025-12-23,28.36,28.64,28.2,28.52,0.12,+0.42%,9400
IMOS,2025-12-24,28.71,28.89,28.59,28.59,0.07,+0.25%,3900
IMOS,2025-12-26,29.9,30.49,29.9,30.27,1.68,+5.88%,15500
IMOS,2025-12-29,29.99,29.99,29.13,29.7,-0.57,-1.88%,5100
IMOS,2025-12-30,30.3,30.65,30.01,30.46,0.76,+2.56%,9300
IMOS,2025-12-31,29.99,30.015,29.31,29.63,-0.83,-2.72%,4600
IMOS,2026-01-02,30.3,30.56,30.3,30.535,0.905,+3.05%,15900
IMOS,2026-01-05,29.7,30.4542,29.7,30.14,-0.395,-1.29%,17800
IMOS,2026-01-06,31.8,32.5075,31.8,32.21,2.07,+6.87%,51800
IMOS,2026-01-07,32.69,33.6972,32.69,33.57,1.36,+4.22%,29600
IMOS,2026-01-08,33.39,33.8799,33.0767,33.24,-0.33,-0.98%,7700
IMOS,2026-01-09,36.15,36.6,35,36.6,3.36,+10.11%,61000
IMOS,2026-01-12,36.85,37.78,36.85,37.78,1.18,+3.22%,57400
IMOS,2026-01-13,37.75,37.89,37.01,37.01,-0.77,-2.04%,23800
IMOS,2026-01-14,37.73,38.1,37.05,38.05,1.04,+2.81%,104200
IMOS,2026-01-15,39.09,39.94,38.85,39.43,1.38,+3.63%,39500
IMOS,2026-01-16,42.42,43.1577,41.7401,42.57,3.14,+7.96%,71800
IMOS,2026-01-20,44.57,45.4339,44.5,44.66,2.09,+4.91%,65100
IMOS,2026-01-21,43.14,43.14,41.6123,42.53,-2.13,-4.77%,100600
IMOS,2026-01-22,42.46,42.46,41.51,41.8,-0.73,-1.72%,34900
IMOS,2026-01-23,41.81,41.94,41.35,41.94,0.14,+0.33%,18700
IMOS,2026-01-26,41.81,42.6,41.69,42.185,0.245,+0.58%,19600
IMOS,2026-01-27,42.24,42.92,42.19,42.92,0.735,+1.74%,18400
IMOS,2026-01-28,42.7,42.79,41.5128,41.7,-1.22,-2.84%,26200
IMOS,2026-01-29,40.46,40.46,38.2951,38.8,-2.9,-6.95%,56300
IMOS,2026-01-30,38.19,38.37,37.08,37.13,-1.67,-4.30%,45700
IMOS,2026-02-02,36.58,37.1,33.25,36.64,-0.49,-1.32%,39600
IMOS,2026-02-03,35.78,35.8453,34.56,35.2,-1.44,-3.93%,22000
IMOS,2026-02-04,34.74,35.25,34.148,34.55,-0.65,-1.85%,31200
IMOS,2026-02-05,33.64,33.97,33.14,33.32,-1.23,-3.56%,46700
IMOS,2026-02-06,33.11,33.8671,33.11,33.56,0.24,+0.72%,60700
IMOS,2026-02-09,33.68,34.25,33.61,34.13,0.57,+1.70%,19800
IMOS,2026-02-10,33.91,35.725,33.7601,35.1,0.97,+2.84%,51600
IMOS,2026-02-11,34.8,35.4999,34.5,35.21,0.11,+0.31%,22700
IMOS,2026-02-12,35.62,35.91,34.918,35.47,0.26,+0.74%,44700
IMOS,2026-02-13,35.77,35.9,34.9802,35.34,-0.13,-0.37%,20100
IMOS,2026-02-17,34.85,35.099,33.8754,34.47,-0.87,-2.46%,29500
IMOS,2026-02-18,34.58,35.31,34.12,34.14,-0.33,-0.96%,21300
IMOS,2026-02-19,33.89,33.93,30.63,33.42,-0.72,-2.11%,121700
IMOS,2026-02-20,33.17,34.5,33.17,34.2,0.78,+2.33%,20100
IMOS,2026-02-23,34.5,35.6099,34.5,35.07,0.87,+2.54%,35700
IMOS,2026-02-24,37.06,40.4,36.89,39.98,4.91,+14.00%,86700
IMOS,2026-02-25,41,43.2,41,42.28,2.3,+5.75%,44500
IMOS,2026-02-26,43.7,45.04,42.6617,44.8,2.52,+5.96%,80200
IMOS,2026-02-27,44.13,44.99,43.64,44.93,0.13,+0.29%,22800
IMOS,2026-03-02,43.58,43.915,42.3601,43.25,-1.68,-3.74%,32700
IMOS,2026-03-03,40.3,40.3,37.0201,38.25,-5.,-11.56%,74600
IMOS,2026-03-04,37.95,37.95,37,37.65,-0.6,-1.57%,26500
IMOS,2026-03-05,38.31,38.955,38.2,38.61,0.96,+2.55%,24800
IMOS,2026-03-06,37.65,38.49,36.98,36.99,-1.62,-4.20%,25900
IMOS,2026-03-09,36.95,38.35,36.02,38.09,1.1,+2.97%,51500
IMOS,2026-03-10,38.93,39.3899,38.11,38.95,0.86,+2.26%,62100
IMOS,2026-03-11,39.61,40.1,38.97,39.82,0.87,+2.23%,28000
IMOS,2026-03-12,38.86,38.89,37.79,38.08,-1.74,-4.37%,90100
IMOS,2026-03-13,38.5,38.62,37.425,37.73,-0.35,-0.92%,42100
IMOS,2026-03-16,38.34,39.79,38.34,39.75,2.02,+5.35%,34800
IMOS,2026-03-17,40.26,41.25,40.18,40.93,1.18,+2.97%,36400
IMOS,2026-03-18,40.37,41.5,39.76,40.03,-0.9,-2.20%,66000
IMOS,2026-03-19,39.75,40.54,39.125,40.54,0.51,+1.27%,15300
IMOS,2026-03-20,40.25,40.25,38.23,38.23,-2.31,-5.70%,42300
IMOS,2026-03-23,37.88,39.25,37.4821,39.05,0.82,+2.14%,110100
IMOS,2026-03-24,36.81,37.8,35.77,37.76,-1.29,-3.30%,105300
IMOS,2026-03-25,38.8,38.8,37.49,38.07,0.31,+0.82%,58900
IMOS,2026-03-26,37.49,37.49,36.28,36.32,-1.75,-4.60%,36100
IMOS,2026-03-27,35.65,36.035,35,35.82,-0.5,-1.38%,49400
IMOS,2026-03-30,35.98,38.1,34.95,35.22,-0.6,-1.68%,55700
IMOS,2026-03-31,35.22,35.99,34.2,35.78,0.56,+1.59%,56500
IMOS,2026-04-01,36.25,36.9206,34.8,35.9,0.12,+0.34%,46500
IMOS,2026-04-02,35.09,37.73,34.88,36.71,0.81,+2.26%,117700
IMOS,2026-04-06,36.71,37.03,36.41,36.57,-0.14,-0.38%,34100
IMOS,2026-04-07,36.36,36.36,35.4746,36,-0.57,-1.56%,20800
IMOS,2026-04-08,38.16,39.51,38.16,38.98,2.98,+8.28%,37300
IMOS,2026-04-09,38.56,39.22,38.358,39.18,0.2,+0.51%,55100
IMOS,2026-04-10,40.13,41.135,39.87,40.91,1.73,+4.42%,54100
IMOS,2026-04-13,40.3,41.01,40.02,40.91,0,0.00%,30400
IMOS,2026-04-14,41.38,41.5,40.405,41.05,0.14,+0.34%,41600
IMOS,2026-04-15,41.6,43.1799,41.6,43.08,2.03,+4.95%,39200
IMOS,2026-04-16,45.68,49.8899,45.67,49.17,6.09,+14.14%,154000
IMOS,2026-04-17,48.29,48.8999,45.5201,47.09,-2.08,-4.23%,127500
IMOS,2026-04-20,46.02,46.02,43.3,43.49,-3.6,-7.64%,112600
IMOS,2026-04-21,46.65,47.9999,45.38,45.92,2.43,+5.59%,60100
IMOS,2026-04-22,49.1,51.08,49.1,50.74,4.82,+10.50%,105800
IMOS,2026-04-23,46.1,46.73,45.025,45.77,-4.97,-9.80%,111300
IMOS,2026-04-24,45.89,46.11,45.03,45.61,-0.16,-0.35%,93100
IMPP,2021-12-06,6,124.5,6,112.5,66.89,+146.66%,15993
IMPP,2021-12-07,91.5,107.7,63.3015,71.1,-41.4,-36.80%,20833
IMPP,2021-12-08,67.5,68.7,46.95,48.3,-22.8,-32.07%,19586
IMPP,2021-12-09,48.15,48.4305,39.015,40.65,-7.65,-15.84%,11040
IMPP,2021-12-10,41.25,44.7,37.5,40.2,-0.45,-1.11%,7193
IMPP,2021-12-13,39.75,39.8835,34.8,38.4,-1.8,-4.48%,2980
IMPP,2021-12-14,36.3,37.5,32.4,34.65,-3.75,-9.77%,5006
IMPP,2021-12-15,33.9,34.2,28.692,31.2,-3.45,-9.96%,5293
IMPP,2021-12-16,30.75,33.75,30.75,32.25,1.05,+3.37%,2733
IMPP,2021-12-17,32.2515,35.9985,32.25,33.9915,1.7415,+5.40%,2006
IMPP,2021-12-20,33.45,33.75,31.65,33.15,-0.8415,-2.48%,593
IMPP,2021-12-21,34.098,34.1325,30.675,31.8,-1.35,-4.07%,2486
IMPP,2021-12-22,30.6,32.4,30.6,31.3275,-0.4725,-1.49%,1093
IMPP,2021-12-23,30.75,32.55,30.75,31.65,0.3225,+1.03%,906
IMPP,2021-12-27,33.3,33.3,30,30.3,-1.35,-4.27%,786
IMPP,2021-12-28,33.9,33.9,30.9,31.8,1.5,+4.95%,713
IMPP,2021-12-29,32.85,32.85,30.45,30.9,-0.9,-2.83%,560
IMPP,2021-12-30,30.249,31.992,30.249,30.75,-0.15,-0.49%,580
IMPP,2021-12-31,31.05,34.0485,28.65,32.1,1.35,+4.39%,2180
IMPP,2022-01-03,30.75,43.2,30.204,39,6.9,+21.50%,37913
IMPP,2022-01-04,37.5,40.9725,34.38,34.5,-4.5,-11.54%,5886
IMPP,2022-01-05,38.5455,38.5455,30.3,31.05,-3.45,-10.00%,3006
IMPP,2022-01-06,32.25,34.5,30.75,32.4,1.35,+4.35%,1146
IMPP,2022-01-07,34.05,34.5,31.05,31.8,-0.6,-1.85%,780
IMPP,2022-01-10,33.9,33.9,28.8,30.3,-1.5,-4.72%,2486
IMPP,2022-01-11,32.25,32.7105,28.95,31.935,1.635,+5.40%,2106
IMPP,2022-01-12,30.5565,33.7485,29.55,30,-1.935,-6.06%,2160
IMPP,2022-01-13,29.7,30.75,29.4,30.603,0.603,+2.01%,686
IMPP,2022-01-14,30.15,30.15,28.5,29.1,-1.503,-4.91%,1260
IMPP,2022-01-18,29.1,31.35,28.5,31.35,2.25,+7.73%,820
IMPP,2022-01-19,30.45,30.45,27.15,28.5,-2.85,-9.09%,546
IMPP,2022-01-20,28.65,29.25,27.75,27.75,-0.75,-2.63%,733
IMPP,2022-01-21,23.4,25.5,21,22.5,-5.25,-18.92%,5686
IMPP,2022-01-24,21.3,22.5,20.25,20.7,-1.8,-8.00%,5513
IMPP,2022-01-25,20.7,21.375,20.4,20.4,-0.3,-1.45%,1546
IMPP,2022-01-26,20.4,21,19.5,19.5,-0.9,-4.41%,1593
IMPP,2022-01-27,21.9,35.4,16.05,17.4,-2.1,-10.77%,499546
IMPP,2022-01-28,33.45,51.75,31.95,32.7,15.3,+87.93%,7012553
IMPP,2022-01-31,15.75,16.2,14.2875,14.7,-18.,-55.05%,1991046
IMPP,2022-02-01,14.625,14.625,13.5015,14.022,-0.678,-4.61%,412126
IMPP,2022-02-02,14.175,14.175,12.45,12.75,-1.272,-9.07%,238093
IMPP,2022-02-03,11.952,12.45,11.28,11.7,-1.05,-8.24%,207800
IMPP,2022-02-04,11.85,12.75,10.995,11.4,-0.3,-2.56%,252526
IMPP,2022-02-07,11.3835,11.9925,10.5315,10.8765,-0.5235,-4.59%,151980
IMPP,2022-02-08,10.65,10.6515,9.753,9.912,-0.9645,-8.87%,136006
IMPP,2022-02-09,9.4635,10.425,9.3,9.894,-0.018,-0.18%,145413
IMPP,2022-02-10,10.05,10.05,9.48,9.6015,-0.2925,-2.96%,83493
IMPP,2022-02-11,9.6,9.825,8.8575,9.3,-0.3015,-3.14%,115720
IMPP,2022-02-14,9.45,9.5025,8.715,9.114,-0.186,-2.00%,71340
IMPP,2022-02-15,9.1185,9.465,8.7825,9.063,-0.051,-0.56%,49420
IMPP,2022-02-16,9,9.2175,8.25,8.625,-0.438,-4.83%,66046
IMPP,2022-02-17,8.55,8.9985,7.782,7.875,-0.75,-8.70%,72626
IMPP,2022-02-18,7.947,7.95,7.2165,7.359,-0.516,-6.55%,74200
IMPP,2022-02-22,10.2885,12.8535,9.465,12,4.641,+63.07%,7606266
IMPP,2022-02-23,15.45,19.35,14.7015,16.95,4.95,+41.25%,10865953
IMPP,2022-02-24,25.2,26.25,18.9,23.55,6.6,+38.94%,6922246
IMPP,2022-02-25,22.05,33.6,20.7,31.5,7.95,+33.76%,8852673
IMPP,2022-02-28,35.1,42.3,32.25,35.55,4.05,+12.86%,7139152
IMPP,2022-03-01,33.45,33.75,21.75,22.2,-13.35,-37.55%,2823366
IMPP,2022-03-02,27.15,32.55,27,30.9,8.7,+39.19%,6015586
IMPP,2022-03-03,36.15,39,29.4,33,2.1,+6.80%,7609506
IMPP,2022-03-04,33,51.6,32.1,50.7,17.7,+53.64%,9880279
IMPP,2022-03-07,70.2,126,65.25,112.5,61.8,+121.89%,14844740
IMPP,2022-03-08,136.95,145.5,55.65,63.75,-48.75,-43.33%,6924287
IMPP,2022-03-09,67.65,88.95,64.8,75.9,12.15,+19.06%,5844720
IMPP,2022-03-10,86.25,92.85,70.95,74.85,-1.05,-1.38%,3523493
IMPP,2022-03-11,65.85,66.45,53.25,54.15,-20.7,-27.66%,1486623
IMPP,2022-03-14,47.85,61.35,45.15,51.6,-2.55,-4.71%,1603093
IMPP,2022-03-15,48,51,39.15,40.95,-10.65,-20.64%,1380246
IMPP,2022-03-16,41.7,46.5,30.15,30.6,-10.35,-25.27%,2241100
IMPP,2022-03-17,36.45,42,33.75,34.875,4.275,+13.97%,4661073
IMPP,2022-03-18,40.95,42.45,33.75,35.55,0.675,+1.94%,2675893
IMPP,2022-03-21,21.75,23.4,21.6,22.5,-13.05,-36.71%,6465120
IMPP,2022-03-22,23.7,24.15,21.6,22.95,0.45,+2.00%,2704440
IMPP,2022-03-23,23.4,31.65,22.5,31.5,8.55,+37.25%,7768580
IMPP,2022-03-24,29.85,34.35,26.7,26.85,-4.65,-14.76%,6524360
IMPP,2022-03-25,25.05,28.65,23.7,25.8,-1.05,-3.91%,4352713
IMPP,2022-03-28,23.85,25.2,22.65,25.2,-0.6,-2.33%,2218026
IMPP,2022-03-29,22.65,23.7,21.6,23.1,-2.1,-8.33%,1995319
IMPP,2022-03-30,25.65,27,23.4,24,0.9,+3.90%,3469219
IMPP,2022-03-31,22.95,23.25,21.75,21.75,-2.25,-9.38%,1633126
IMPP,2022-04-01,21.3,21.6,19.65,19.8,-1.95,-8.97%,1758113
IMPP,2022-04-04,20.55,22.35,20.4,21.75,1.95,+9.85%,1805566
IMPP,2022-04-05,21.3,21.6,20.25,20.4,-1.35,-6.21%,1011206
IMPP,2022-04-06,20.4,21.3,19.35,19.65,-0.75,-3.68%,1277880
IMPP,2022-04-07,19.35,19.95,17.85,18.15,-1.5,-7.63%,1204820
IMPP,2022-04-08,17.55,19.8,16.95,18.9,0.75,+4.13%,1220766
IMPP,2022-04-11,17.4,17.85,16.65,16.95,-1.95,-10.32%,641213
IMPP,2022-04-12,18.6,21.75,18.15,18.6,1.65,+9.73%,3191646
IMPP,2022-04-13,19.05,19.95,17.7,19.2,0.6,+3.23%,1292146
IMPP,2022-04-14,18.6,23.55,17.7,21.9,2.7,+14.06%,4033147
IMPP,2022-04-18,20.7,22.95,19.8,20.4,-1.5,-6.85%,3000520
IMPP,2022-04-19,19.5,19.65,18.15,18.75,-1.65,-8.09%,1282160
IMPP,2022-04-20,18.75,19.95,18.3,18.6,-0.15,-0.80%,896820
IMPP,2022-04-21,18.75,19.5,16.5,16.65,-1.95,-10.48%,1664580
IMPP,2022-04-22,16.05,16.8,15.45,16.05,-0.6,-3.60%,767653
IMPP,2022-04-25,15,15.45,13.965,14.6715,-1.3785,-8.59%,926666
IMPP,2022-04-26,15.3,16.35,15,15,0.3285,+2.24%,987826
IMPP,2022-04-27,15,15,14.25,14.3325,-0.6675,-4.45%,496180
IMPP,2022-04-28,14.3625,15.45,13.53,15.15,0.8175,+5.70%,833453
IMPP,2022-04-29,15.3,15.9,14.25,14.4,-0.75,-4.95%,685373
IMPP,2022-05-02,13.56,14.064,12.924,13.197,-1.203,-8.35%,587626
IMPP,2022-05-03,13.05,14.385,12.975,13.5015,0.3045,+2.31%,522893
IMPP,2022-05-04,14.55,15.9,14.4,15.6,2.0985,+15.54%,1635006
IMPP,2022-05-05,15.15,15.45,13.575,13.6515,-1.9485,-12.49%,1090180
IMPP,2022-05-06,14.1,14.4135,13.1265,13.3515,-0.3,-2.20%,524846
IMPP,2022-05-09,13.0095,13.125,11.5125,11.8575,-1.494,-11.19%,529266
IMPP,2022-05-10,11.55,12.2055,10.5,10.635,-1.2225,-10.31%,518846
IMPP,2022-05-11,10.8,12,10.2045,10.3125,-0.3225,-3.03%,763120
IMPP,2022-05-12,9.795,10.4115,9.3735,10.017,-0.2955,-2.87%,503973
IMPP,2022-05-13,10.35,10.905,9.87,10.0215,0.0045,+0.04%,896300
IMPP,2022-05-16,10.2,13.35,9.9,11.475,1.4535,+14.50%,2599906
IMPP,2022-05-17,6.459,8.07,6.432,7.5075,-3.9675,-34.58%,10866547
IMPP,2022-05-18,7.65,7.71,6.753,6.96,-0.5475,-7.29%,2893726
IMPP,2022-05-19,6.78,7.1235,6.4515,6.8295,-0.1305,-1.88%,2235713
IMPP,2022-05-20,6.8265,6.915,6.3,6.393,-0.4365,-6.39%,2225540
IMPP,2022-05-23,6.4575,6.75,5.85,6.357,-0.036,-0.56%,2116106
IMPP,2022-05-24,6.15,6.207,5.706,5.775,-0.582,-9.16%,1396806
IMPP,2022-05-25,6,6,5.7,5.769,-0.006,-0.10%,1055840
IMPP,2022-05-26,5.904,6.33,5.7,5.94,0.171,+2.96%,2183786
IMPP,2022-05-27,6.2175,8.4,5.952,8.22,2.28,+38.38%,7788540
IMPP,2022-05-31,9.4935,9.6,7.3515,7.7265,-0.4935,-6.00%,8694800
IMPP,2022-06-01,7.5795,8.1,7.125,7.302,-0.4245,-5.49%,3303633
IMPP,2022-06-02,7.2,8.0835,7.1175,7.845,0.543,+7.44%,3429173
IMPP,2022-06-03,7.65,8.475,7.35,8.376,0.531,+6.77%,3408706
IMPP,2022-06-06,8.277,8.9175,7.953,8.085,-0.291,-3.47%,2694306
IMPP,2022-06-07,7.95,9.2265,7.755,8.85,0.765,+9.46%,5465466
IMPP,2022-06-08,9.585,13.2,9.1875,11.25,2.4,+27.12%,17176540
IMPP,2022-06-09,11.7705,14.55,11.4,12.3,1.05,+9.33%,15609781
IMPP,2022-06-10,11.8335,13.725,11.55,13.23,0.93,+7.56%,9040860
IMPP,2022-06-13,11.1,13.035,10.3425,11.805,-1.425,-10.77%,11419926
IMPP,2022-06-14,12.228,12.975,9.1605,9.3405,-2.4645,-20.88%,9083460
IMPP,2022-06-15,9.009,9.0375,7.755,8.1615,-1.179,-12.62%,5584720
IMPP,2022-06-16,7.8,8.925,7.05,8.175,0.0135,+0.17%,5657286
IMPP,2022-06-17,8.94,8.946,7.8765,8.19,0.015,+0.18%,2821353
IMPP,2022-06-21,8.2995,8.7,8.04,8.25,0.06,+0.73%,2179606
IMPP,2022-06-22,7.5,7.95,7.5,7.677,-0.573,-6.95%,2447126
IMPP,2022-06-23,7.5,7.65,7.2,7.38,-0.297,-3.87%,1730700
IMPP,2022-06-24,7.29,8.22,7.29,7.68,0.3,+4.07%,2632253
IMPP,2022-06-27,7.95,8.3175,7.62,7.8,0.12,+1.56%,2116546
IMPP,2022-06-28,7.9995,8.01,7.455,7.467,-0.333,-4.27%,1628600
IMPP,2022-06-29,7.515,7.5555,6.903,7.05,-0.417,-5.58%,1275986
IMPP,2022-06-30,6.615,6.8985,6.3,6.3015,-0.7485,-10.62%,1550820
IMPP,2022-07-01,6.675,6.6975,6.3,6.5025,0.201,+3.19%,724633
IMPP,2022-07-05,6.4095,6.4095,6.027,6.099,-0.4035,-6.21%,920060
IMPP,2022-07-06,6.09,6.27,5.9265,6.1665,0.0675,+1.11%,786573
IMPP,2022-07-07,6.33,6.951,6.1695,6.609,0.4425,+7.18%,1447593
IMPP,2022-07-08,6.693,6.693,6.39,6.45,-0.159,-2.41%,806360
IMPP,2022-07-11,6.2385,6.345,6.0285,6.147,-0.303,-4.70%,616800
IMPP,2022-07-12,6.2535,6.324,6.045,6.1125,-0.0345,-0.56%,786246
IMPP,2022-07-13,6,6.255,5.94,6.141,0.0285,+0.47%,632300
IMPP,2022-07-14,6,6.1185,5.9025,5.97,-0.171,-2.78%,527600
IMPP,2022-07-15,6.0375,6.1395,5.925,6.03,0.06,+1.01%,386386
IMPP,2022-07-18,6.15,6.402,6.0285,6.0705,0.0405,+0.67%,859159
IMPP,2022-07-19,6.105,6.75,6.0465,6.57,0.4995,+8.23%,2048453
IMPP,2022-07-20,6.45,6.5805,6.3105,6.375,-0.195,-2.97%,764620
IMPP,2022-07-21,6.153,6.273,6.0765,6.1305,-0.2445,-3.84%,473533
IMPP,2022-07-22,6.0975,6.123,5.85,5.8575,-0.273,-4.45%,650533
IMPP,2022-07-25,5.8275,6.6225,5.8215,6.4125,0.555,+9.48%,1356480
IMPP,2022-07-26,6.6,7.788,6.519,7.35,0.9375,+14.62%,3447766
IMPP,2022-07-27,8.703,8.85,6.39,6.6,-0.75,-10.20%,4954406
IMPP,2022-07-28,6.3195,6.495,6.072,6.2325,-0.3675,-5.57%,1487986
IMPP,2022-07-29,6.225,6.5955,6.132,6.3,0.0675,+1.08%,1385886
IMPP,2022-08-01,6.1305,6.1305,5.97,6.003,-0.297,-4.71%,925079
IMPP,2022-08-02,5.955,6,5.814,5.865,-0.138,-2.30%,1207533
IMPP,2022-08-03,5.9025,6.045,5.85,5.886,0.021,+0.36%,890246
IMPP,2022-08-04,5.85,5.9625,5.775,5.805,-0.081,-1.38%,933646
IMPP,2022-08-05,5.7075,5.817,5.625,5.727,-0.078,-1.34%,800120
IMPP,2022-08-08,5.8455,5.9955,5.7,5.763,0.036,+0.63%,584153
IMPP,2022-08-09,5.73,5.7315,5.4,5.46,-0.303,-5.26%,868080
IMPP,2022-08-10,5.55,5.595,5.4315,5.5545,0.0945,+1.73%,575313
IMPP,2022-08-11,5.574,5.805,5.5545,5.6595,0.105,+1.89%,888426
IMPP,2022-08-12,5.5785,5.658,5.4,5.532,-0.1275,-2.25%,721946
IMPP,2022-08-15,5.4675,5.55,5.4,5.4855,-0.0465,-0.84%,455553
IMPP,2022-08-16,5.4225,5.4675,5.25,5.3025,-0.183,-3.34%,656706
IMPP,2022-08-17,5.2575,5.619,5.13,5.4375,0.135,+2.55%,1092860
IMPP,2022-08-18,5.4,6.396,5.4,5.9985,0.561,+10.32%,3449346
IMPP,2022-08-19,5.766,5.8485,5.52,5.6145,-0.384,-6.40%,1014920
IMPP,2022-08-22,5.4825,5.775,5.2875,5.4315,-0.183,-3.26%,949560
IMPP,2022-08-23,5.64,6.405,5.625,6,0.5685,+10.47%,3246366
IMPP,2022-08-24,6.3735,6.6,5.808,6.249,0.249,+4.15%,1998486
IMPP,2022-08-25,6.1275,6.2235,5.8725,5.9115,-0.3375,-5.40%,782200
IMPP,2022-08-26,5.7,5.9655,5.625,5.835,-0.0765,-1.29%,839813
IMPP,2022-08-29,5.8395,6.132,5.76,5.9865,0.1515,+2.60%,1016373
IMPP,2022-08-30,5.88,5.88,5.55,5.5845,-0.402,-6.72%,718240
IMPP,2022-08-31,5.601,5.7345,5.481,5.5125,-0.072,-1.29%,650186
IMPP,2022-09-01,5.4825,5.511,5.217,5.2905,-0.222,-4.03%,555633
IMPP,2022-09-02,5.4,5.745,5.262,5.598,0.3075,+5.81%,622153
IMPP,2022-09-06,5.6685,5.6685,5.4,5.505,-0.093,-1.66%,396446
IMPP,2022-09-07,5.4,5.5485,5.2875,5.4135,-0.0915,-1.66%,426660
IMPP,2022-09-08,5.2965,5.52,5.2965,5.4015,-0.012,-0.22%,385613
IMPP,2022-09-09,5.55,5.55,5.4105,5.4195,0.018,+0.33%,389420
IMPP,2022-09-12,5.5185,5.694,5.475,5.55,0.1305,+2.41%,337060
IMPP,2022-09-13,5.475,5.667,5.3985,5.4405,-0.1095,-1.97%,338720
IMPP,2022-09-14,5.505,5.67,5.4405,5.49,0.0495,+0.91%,504973
IMPP,2022-09-15,5.55,5.55,5.2965,5.382,-0.108,-1.97%,451233
IMPP,2022-09-16,5.4,5.4,5.265,5.2785,-0.1035,-1.92%,286273
IMPP,2022-09-19,5.2095,5.2515,5.1015,5.1075,-0.171,-3.24%,336793
IMPP,2022-09-20,5.0625,5.085,4.803,4.983,-0.1245,-2.44%,384046
IMPP,2022-09-21,4.95,5.0505,4.65,4.68,-0.303,-6.08%,480446
IMPP,2022-09-22,4.689,4.701,4.2915,4.338,-0.342,-7.31%,590946
IMPP,2022-09-23,4.1175,4.1175,3.9,4.0065,-0.3315,-7.64%,464800
IMPP,2022-09-26,3.9,4.5,3.9,4.476,0.4695,+11.72%,395760
IMPP,2022-09-27,4.5945,4.725,4.4805,4.548,0.072,+1.61%,274566
IMPP,2022-09-28,4.5,4.8,4.5,4.77,0.222,+4.88%,248606
IMPP,2022-09-29,4.65,4.7685,4.5075,4.6845,-0.0855,-1.79%,287960
IMPP,2022-09-30,4.6725,4.9065,4.5885,4.875,0.1905,+4.07%,171860
IMPP,2022-10-03,5.025,5.3235,4.9845,5.127,0.252,+5.17%,559800
IMPP,2022-10-04,5.361,6.5685,5.25,5.895,0.768,+14.98%,1726913
IMPP,2022-10-05,6.3135,6.69,5.718,6.06,0.165,+2.80%,1393046
IMPP,2022-10-06,6.15,6.2325,5.424,5.925,-0.135,-2.23%,501000
IMPP,2022-10-07,5.775,6.3,5.775,6.1155,0.1905,+3.22%,727013
IMPP,2022-10-10,6.012,6.3,5.6265,5.79,-0.3255,-5.32%,346873
IMPP,2022-10-11,5.685,5.685,5.304,5.55,-0.24,-4.15%,312513
IMPP,2022-10-12,5.37,5.55,5.25,5.424,-0.126,-2.27%,233100
IMPP,2022-10-13,5.1,5.838,4.9905,5.685,0.261,+4.81%,362580
IMPP,2022-10-14,5.559,5.7,5.4015,5.679,-0.006,-0.11%,169500
IMPP,2022-10-17,5.55,5.775,5.493,5.6415,-0.0375,-0.66%,177186
IMPP,2022-10-18,5.691,5.73,5.535,5.6505,0.009,+0.16%,166520
IMPP,2022-10-19,5.55,5.634,5.265,5.454,-0.1965,-3.48%,274533
IMPP,2022-10-20,5.535,5.7885,5.412,5.673,0.219,+4.02%,250119
IMPP,2022-10-21,5.85,6.6,5.715,6.555,0.882,+15.55%,1208020
IMPP,2022-10-24,6.963,7.332,6.0225,6.72,0.165,+2.52%,2245226
IMPP,2022-10-25,6.5025,6.75,6.1695,6.24,-0.48,-7.14%,795813
IMPP,2022-10-26,5.832,6.504,5.832,6.204,-0.036,-0.58%,636206
IMPP,2022-10-27,6.201,6.675,6.15,6.219,0.015,+0.24%,469786
IMPP,2022-10-28,6.045,6.375,6.0165,6.084,-0.135,-2.17%,251600
IMPP,2022-10-31,5.8815,6.285,5.8815,6.0915,0.0075,+0.12%,282873
IMPP,2022-11-01,6.15,6.225,5.79,5.895,-0.1965,-3.23%,441953
IMPP,2022-11-02,6,6.582,5.85,6.252,0.357,+6.06%,559733
IMPP,2022-11-03,6.1935,6.4455,6.075,6.294,0.042,+0.67%,292473
IMPP,2022-11-04,6.45,6.54,6.075,6.1695,-0.1245,-1.98%,332460
IMPP,2022-11-07,6.225,6.66,6.03,6.5835,0.414,+6.71%,635666
IMPP,2022-11-08,6.6,7.224,6.363,6.4515,-0.132,-2.01%,679526
IMPP,2022-11-09,6.399,6.432,5.8845,6,-0.4515,-7.00%,460806
IMPP,2022-11-10,6.2475,6.489,6.0765,6.375,0.375,+6.25%,225213
IMPP,2022-11-11,6.375,6.675,6.375,6.495,0.12,+1.88%,259079
IMPP,2022-11-14,6.45,6.453,6.1875,6.1875,-0.3075,-4.73%,308526
IMPP,2022-11-15,6.201,6.57,6,6.3,0.1125,+1.82%,391546
IMPP,2022-11-16,6.318,6.318,6.1305,6.2025,-0.0975,-1.55%,159686
IMPP,2022-11-17,6.15,6.15,5.466,5.73,-0.4725,-7.62%,450426
IMPP,2022-11-18,5.5665,5.73,5.475,5.5875,-0.1425,-2.49%,194406
IMPP,2022-11-21,5.475,5.58,5.115,5.2845,-0.303,-5.42%,474240
IMPP,2022-11-22,5.442,5.6235,5.25,5.361,0.0765,+1.45%,220133
IMPP,2022-11-23,5.2755,5.517,5.175,5.403,0.042,+0.78%,153820
IMPP,2022-11-25,5.5635,5.5635,5.295,5.4315,0.0285,+0.53%,96493
IMPP,2022-11-28,5.379,5.4,5.175,5.238,-0.1935,-3.56%,226486
IMPP,2022-11-29,5.25,5.37,5.1,5.1015,-0.1365,-2.61%,187353
IMPP,2022-11-30,5.1495,5.685,4.9665,5.3445,0.243,+4.76%,470666
IMPP,2022-12-01,5.4,5.52,5.217,5.217,-0.1275,-2.39%,210620
IMPP,2022-12-02,5.25,5.3655,5.118,5.328,0.111,+2.13%,134726
IMPP,2022-12-05,5.4,5.403,4.8,5.082,-0.246,-4.62%,228773
IMPP,2022-12-06,5.1,5.13,4.824,4.875,-0.207,-4.07%,160653
IMPP,2022-12-07,4.893,5.2485,4.875,5.0325,0.1575,+3.23%,217193
IMPP,2022-12-08,5.142,5.142,4.5,4.7265,-0.306,-6.08%,180553
IMPP,2022-12-09,4.8,4.9335,4.77,4.8615,0.135,+2.86%,109306
IMPP,2022-12-12,4.8975,4.941,4.6515,4.7205,-0.141,-2.90%,134306
IMPP,2022-12-13,4.8,4.95,4.524,4.5615,-0.159,-3.37%,177466
IMPP,2022-12-14,4.566,4.6005,4.35,4.4355,-0.126,-2.76%,166006
IMPP,2022-12-15,4.428,4.5,4.284,4.284,-0.1515,-3.42%,187333
IMPP,2022-12-16,4.5,4.98,4.2,4.422,0.138,+3.22%,240120
IMPP,2022-12-19,4.4325,4.452,4.068,4.2615,-0.1605,-3.63%,217300
IMPP,2022-12-20,4.3545,4.3545,4.0845,4.1805,-0.081,-1.90%,124473
IMPP,2022-12-21,4.2,4.5,4.185,4.35,0.1695,+4.05%,160866
IMPP,2022-12-22,4.2,4.35,4.05,4.194,-0.156,-3.59%,189066
IMPP,2022-12-23,4.1625,4.35,4.02,4.116,-0.078,-1.86%,168546
IMPP,2022-12-27,4.05,4.122,3.75,3.8235,-0.2925,-7.11%,307720
IMPP,2022-12-28,3.9,4.05,3.474,3.738,-0.0855,-2.24%,326800
IMPP,2022-12-29,3.675,3.675,3.4575,3.63,-0.108,-2.89%,467286
IMPP,2022-12-30,3.63,3.75,3.5475,3.6165,-0.0135,-0.37%,307686
IMPP,2023-01-03,3.675,3.75,3.525,3.6,-0.0165,-0.46%,215833
IMPP,2023-01-04,3.669,3.672,3.4845,3.6315,0.0315,+0.88%,270273
IMPP,2023-01-05,3.63,3.7155,3.57,3.66,0.0285,+0.78%,276506
IMPP,2023-01-06,3.69,3.69,3.489,3.66,0,0.00%,263893
IMPP,2023-01-09,3.7365,4.05,3.705,3.87,0.21,+5.74%,448186
IMPP,2023-01-10,4.164,4.2,3.795,3.99,0.12,+3.10%,243546
IMPP,2023-01-11,3.963,4.0485,3.87,3.951,-0.039,-0.98%,260800
IMPP,2023-01-12,3.993,4.2045,3.8295,4.005,0.054,+1.37%,395760
IMPP,2023-01-13,4.062,4.1985,3.945,4.02,0.015,+0.37%,328893
IMPP,2023-01-17,4.098,4.4385,4.05,4.32,0.3,+7.46%,486066
IMPP,2023-01-18,4.5075,4.5405,4.164,4.185,-0.135,-3.13%,383166
IMPP,2023-01-19,4.1625,4.1625,3.9,4.0485,-0.1365,-3.26%,303740
IMPP,2023-01-20,4.095,4.2285,3.9825,4.2075,0.159,+3.93%,322046
IMPP,2023-01-23,4.245,4.647,4.233,4.35,0.1425,+3.39%,483940
IMPP,2023-01-24,4.29,4.4985,4.182,4.2,-0.15,-3.45%,260966
IMPP,2023-01-25,4.17,4.1985,4.032,4.077,-0.123,-2.93%,216053
IMPP,2023-01-26,4.2,4.275,4.05,4.1475,0.0705,+1.73%,262246
IMPP,2023-01-27,4.1445,4.2075,4.065,4.1235,-0.024,-0.58%,190480
IMPP,2023-01-30,4.125,4.1265,3.9825,4.0035,-0.12,-2.91%,188820
IMPP,2023-01-31,3.9,3.9975,3.81,3.9015,-0.102,-2.55%,279386
IMPP,2023-02-01,3.8625,3.915,3.825,3.8565,-0.045,-1.15%,264413
IMPP,2023-02-02,3.885,3.8955,3.552,3.7815,-0.075,-1.94%,470413
IMPP,2023-02-03,3.7875,3.8685,3.6975,3.7065,-0.075,-1.98%,296040
IMPP,2023-02-06,3.8325,3.9,3.7125,3.75,0.0435,+1.17%,362140
IMPP,2023-02-07,3.699,3.8235,3.6015,3.675,-0.075,-2.00%,286726
IMPP,2023-02-08,3.6885,4.2735,3.678,4.08,0.405,+11.02%,811153
IMPP,2023-02-09,4.05,4.1475,3.72,3.7275,-0.3525,-8.64%,252493
IMPP,2023-02-10,3.855,3.96,3.6,3.921,0.1935,+5.19%,417860
IMPP,2023-02-13,3.87,5.3625,3.87,5.3625,1.4415,+36.76%,1942093
IMPP,2023-02-14,4.824,5.6175,4.8,5.3295,-0.033,-0.62%,1097266
IMPP,2023-02-15,5.7135,5.7135,3.582,4.11,-1.2195,-22.88%,2592606
IMPP,2023-02-16,4.0335,4.05,3.75,3.78,-0.33,-8.03%,1071500
IMPP,2023-02-17,3.75,3.7935,3.6,3.6225,-0.1575,-4.17%,761186
IMPP,2023-02-21,3.6,3.6585,3.1515,3.309,-0.3135,-8.65%,948673
IMPP,2023-02-22,3.252,3.6,3.1875,3.24,-0.069,-2.09%,467200
IMPP,2023-02-23,3.2895,3.3,3.0495,3.1455,-0.0945,-2.92%,460239
IMPP,2023-02-24,3.1935,3.2085,3.048,3.0855,-0.06,-1.91%,413133
IMPP,2023-02-27,3.1275,3.234,2.925,3,-0.0855,-2.77%,519240
IMPP,2023-02-28,3,3.0525,2.9415,2.9865,-0.0135,-0.45%,333846
IMPP,2023-03-01,3,3.0135,2.94,2.979,-0.0075,-0.25%,345526
IMPP,2023-03-02,2.9415,2.9835,2.85,2.9415,-0.0375,-1.26%,464286
IMPP,2023-03-03,2.94,3.12,2.8875,3,0.0585,+1.99%,544573
IMPP,2023-03-06,3,3.15,2.85,2.8575,-0.1425,-4.75%,424753
IMPP,2023-03-07,2.877,2.9235,2.76,2.8215,-0.036,-1.26%,314213
IMPP,2023-03-08,2.8485,2.8875,2.706,2.754,-0.0675,-2.39%,539626
IMPP,2023-03-09,2.823,2.8455,2.6325,2.643,-0.111,-4.03%,284400
IMPP,2023-03-10,2.6385,2.6445,2.37,2.55,-0.093,-3.52%,581922
IMPP,2023-03-13,2.4765,2.55,2.325,2.4975,-0.0525,-2.06%,749200
IMPP,2023-03-14,2.76,3.006,2.433,2.535,0.0375,+1.50%,1411866
IMPP,2023-03-15,2.4615,2.4915,2.325,2.3895,-0.1455,-5.74%,509486
IMPP,2023-03-16,2.346,2.439,2.265,2.4195,0.03,+1.26%,291740
IMPP,2023-03-17,2.433,2.6235,2.364,2.4,-0.0195,-0.81%,273340
IMPP,2023-03-20,2.2665,2.4,2.256,2.397,-0.003,-0.13%,220333
IMPP,2023-03-21,2.4075,2.616,2.4075,2.55,0.153,+6.38%,209886
IMPP,2023-03-22,2.61,2.8155,2.5605,2.6475,0.0975,+3.82%,357446
IMPP,2023-03-23,2.646,2.6985,2.445,2.472,-0.1755,-6.63%,215973
IMPP,2023-03-24,2.4705,2.562,2.4,2.55,0.078,+3.16%,162060
IMPP,2023-03-27,2.8335,3.6225,2.58,3.1395,0.5895,+23.12%,3982173
IMPP,2023-03-28,3.09,3.399,2.7945,2.9265,-0.213,-6.78%,1333666
IMPP,2023-03-29,3,3.057,2.8125,2.904,-0.0225,-0.77%,616846
IMPP,2023-03-30,2.865,2.8875,2.73,2.754,-0.15,-5.17%,505793
IMPP,2023-03-31,2.85,2.913,2.715,2.904,0.15,+5.45%,439680
IMPP,2023-04-03,3.399,3.5985,3.045,3.0975,0.1935,+6.66%,3473993
IMPP,2023-04-04,3.057,3.1425,2.8875,3.021,-0.0765,-2.47%,856853
IMPP,2023-04-05,2.961,3.0765,2.8665,2.94,-0.081,-2.68%,381393
IMPP,2023-04-06,2.8965,3.285,2.85,3.165,0.225,+7.65%,637013
IMPP,2023-04-10,3.222,3.225,3.024,3.1575,-0.0075,-0.24%,260386
IMPP,2023-04-11,3.18,3.42,3.177,3.234,0.0765,+2.42%,641586
IMPP,2023-04-12,3.255,3.435,3.15,3.363,0.129,+3.99%,541013
IMPP,2023-04-13,3.483,3.6,3,3.27,-0.093,-2.77%,675473
IMPP,2023-04-14,3.2565,3.294,2.8485,2.898,-0.372,-11.38%,1001320
IMPP,2023-04-17,2.9925,2.9925,2.85,2.9085,0.0105,+0.36%,337706
IMPP,2023-04-18,2.85,3.081,2.85,3.0555,0.147,+5.05%,323780
IMPP,2023-04-19,2.9955,3.03,2.895,2.928,-0.1275,-4.17%,254599
IMPP,2023-04-20,2.928,2.985,2.8875,2.9325,0.0045,+0.15%,170286
IMPP,2023-04-21,2.931,2.9985,2.8725,2.991,0.0585,+1.99%,169953
IMPP,2023-04-24,3.084,3.084,2.883,2.9925,0.0015,+0.05%,152540
IMPP,2023-04-25,2.9175,3,2.88,2.985,-0.0075,-0.25%,259380
IMPP,2023-04-26,2.55,2.787,2.325,2.5155,-0.4695,-15.73%,1153413
IMPP,2023-04-27,2.4375,2.6655,2.4375,2.5215,0.006,+0.24%,427760
IMPP,2023-04-28,2.47,2.69,2.36,2.65,0.1285,+5.10%,768500
IMPP,2023-05-01,2.6,2.63,2.47,2.56,-0.09,-3.40%,443500
IMPP,2023-05-02,2.45,2.4687,2.21,2.23,-0.33,-12.89%,828300
IMPP,2023-05-03,2.21,2.3,2.15,2.15,-0.08,-3.59%,423100
IMPP,2023-05-04,2.2,2.26,2.08,2.14,-0.01,-0.47%,564700
IMPP,2023-05-05,2.16,2.4999,2.16,2.4,0.26,+12.15%,837700
IMPP,2023-05-08,3.01,3.38,2.83,3.12,0.72,+30.00%,10630600
IMPP,2023-05-09,3.03,3.12,2.8,2.99,-0.13,-4.17%,1221300
IMPP,2023-05-10,3.01,3.57,2.99,3.47,0.48,+16.05%,2195900
IMPP,2023-05-11,3.49,3.59,3.15,3.15,-0.32,-9.22%,1285700
IMPP,2023-05-12,3.16,3.52,3.15,3.42,0.27,+8.57%,686000
IMPP,2023-05-15,3.39,3.52,3.27,3.48,0.06,+1.75%,589000
IMPP,2023-05-16,3.47,3.85,3.38,3.82,0.34,+9.77%,1403800
IMPP,2023-05-17,3.9,3.9497,3.62,3.7,-0.12,-3.14%,1076600
IMPP,2023-05-18,3.7,3.7387,3.5,3.53,-0.17,-4.59%,721100
IMPP,2023-05-19,3.54,3.65,3.39,3.46,-0.07,-1.98%,565000
IMPP,2023-05-22,3.47,3.96,3.46,3.85,0.39,+11.27%,921200
IMPP,2023-05-23,3.86,3.91,3.66,3.73,-0.12,-3.12%,431900
IMPP,2023-05-24,3.74,3.7751,3.57,3.69,-0.04,-1.07%,356400
IMPP,2023-05-25,3.65,3.68,3.32,3.45,-0.24,-6.50%,502600
IMPP,2023-05-26,3.5,3.55,3.4319,3.5,0.05,+1.45%,281400
IMPP,2023-05-30,3.5,3.55,3.33,3.39,-0.11,-3.14%,367200
IMPP,2023-05-31,3.31,3.43,3.25,3.35,-0.04,-1.18%,316600
IMPP,2023-06-01,3.33,3.56,3.32,3.46,0.11,+3.28%,276700
IMPP,2023-06-02,3.48,3.79,3.462,3.7,0.24,+6.94%,442100
IMPP,2023-06-05,3.76,3.9399,3.52,3.58,-0.12,-3.24%,608300
IMPP,2023-06-06,3.5,3.84,3.46,3.84,0.26,+7.26%,361000
IMPP,2023-06-07,3.84,4.08,3.79,4,0.16,+4.17%,834700
IMPP,2023-06-08,3.96,4.0588,3.83,3.96,-0.04,-1.00%,422500
IMPP,2023-06-09,3.88,4.1,3.88,4.06,0.1,+2.53%,432700
IMPP,2023-06-12,4.01,4.2895,3.86,4.27,0.21,+5.17%,558900
IMPP,2023-06-13,4.4,4.5,4.32,4.38,0.11,+2.58%,480600
IMPP,2023-06-14,4.41,4.43,3.82,3.98,-0.4,-9.13%,728200
IMPP,2023-06-15,3.95,4.27,3.9302,4.24,0.26,+6.53%,466600
IMPP,2023-06-16,4.29,4.525,4.16,4.32,0.08,+1.89%,748800
IMPP,2023-06-20,4.23,4.34,4.05,4.32,0,0.00%,352100
IMPP,2023-06-21,4.2,4.44,4.14,4.35,0.03,+0.69%,415800
IMPP,2023-06-22,3.78,3.8999,3.6042,3.85,-0.5,-11.49%,515300
IMPP,2023-06-23,3.8,3.8257,3.2709,3.315,-0.535,-13.90%,1083100
IMPP,2023-06-26,3.35,3.35,3.1,3.21,-0.105,-3.17%,409300
IMPP,2023-06-27,3.21,3.2601,2.94,3.13,-0.08,-2.49%,663000
IMPP,2023-06-28,3.12,3.1897,2.9841,3.16,0.03,+0.96%,542300
IMPP,2023-06-29,3.1,3.15,2.88,2.9,-0.26,-8.23%,590600
IMPP,2023-06-30,2.94,3.17,2.9,3.08,0.18,+6.21%,454000
IMPP,2023-07-03,3.14,3.35,3.13,3.3,0.22,+7.14%,236700
IMPP,2023-07-05,3.24,3.368,3.21,3.29,-0.01,-0.30%,271600
IMPP,2023-07-06,3.22,3.24,3,3.06,-0.23,-6.99%,357100
IMPP,2023-07-07,3.08,3.3,2.68,2.87,-0.19,-6.21%,1571500
IMPP,2023-07-10,2.97,3.06,2.91,2.94,0.07,+2.44%,472300
IMPP,2023-07-11,2.97,3.14,2.88,3.09,0.15,+5.10%,669600
IMPP,2023-07-12,3.15,3.15,2.97,3.05,-0.04,-1.29%,397800
IMPP,2023-07-13,3.07,3.17,3.01,3.06,0.01,+0.33%,445500
IMPP,2023-07-14,3.06,3.08,2.87,2.97,-0.09,-2.94%,421700
IMPP,2023-07-17,2.9,2.97,2.665,2.72,-0.25,-8.42%,1033300
IMPP,2023-07-18,2.78,2.8,2.61,2.655,-0.065,-2.39%,533600
IMPP,2023-07-19,2.64,2.81,2.63,2.72,0.065,+2.45%,680600
IMPP,2023-07-20,2.74,2.87,2.69,2.71,-0.01,-0.37%,544800
IMPP,2023-07-21,2.75,2.76,2.69,2.72,0.01,+0.37%,264800
IMPP,2023-07-24,2.71,2.7499,2.64,2.72,0,0.00%,433100
IMPP,2023-07-25,2.68,2.77,2.67,2.71,-0.01,-0.37%,540000
IMPP,2023-07-26,2.65,2.7428,2.65,2.71,0,0.00%,211200
IMPP,2023-07-27,2.74,2.78,2.64,2.65,-0.06,-2.21%,363700
IMPP,2023-07-28,2.67,2.7,2.591,2.7,0.05,+1.89%,355200
IMPP,2023-07-31,2.73,2.89,2.69,2.83,0.13,+4.81%,543100
IMPP,2023-08-01,2.78,2.885,2.74,2.87,0.04,+1.41%,316700
IMPP,2023-08-02,2.87,2.87,2.78,2.82,-0.05,-1.74%,211800
IMPP,2023-08-03,2.81,2.87,2.74,2.82,0,0.00%,191800
IMPP,2023-08-04,2.82,2.95,2.82,2.84,0.02,+0.71%,566900
IMPP,2023-08-07,2.84,2.87,2.7505,2.82,-0.02,-0.70%,370300
IMPP,2023-08-08,2.85,3.145,2.81,3.05,0.23,+8.16%,942800
IMPP,2023-08-09,3.09,3.17,3,3.04,-0.01,-0.33%,641600
IMPP,2023-08-10,3.23,3.28,2.53,2.535,-0.505,-16.61%,1924100
IMPP,2023-08-11,1.9,1.9,1.53,1.63,-0.905,-35.70%,6747600
IMPP,2023-08-14,1.66,1.72,1.46,1.52,-0.11,-6.75%,2364200
IMPP,2023-08-15,1.5,1.516,1.36,1.4,-0.12,-7.89%,1474500
IMPP,2023-08-16,1.43,1.43,1.338,1.36,-0.04,-2.86%,1028000
IMPP,2023-08-17,1.37,1.39,1.18,1.21,-0.15,-11.03%,2722000
IMPP,2023-08-18,1.18,1.33,1.18,1.32,0.11,+9.09%,1660500
IMPP,2023-08-21,1.38,1.388,1.26,1.3,-0.02,-1.52%,1802600
IMPP,2023-08-22,1.31,1.325,1.22,1.26,-0.04,-3.08%,590800
IMPP,2023-08-23,1.26,1.34,1.23,1.33,0.07,+5.56%,459400
IMPP,2023-08-24,1.33,1.34,1.28,1.29,-0.04,-3.01%,329600
IMPP,2023-08-25,1.28,1.33,1.27,1.3,0.01,+0.78%,267000
IMPP,2023-08-28,1.3,1.33,1.29,1.32,0.02,+1.54%,392600
IMPP,2023-08-29,1.3,1.37,1.28,1.35,0.03,+2.27%,421800
IMPP,2023-08-30,1.35,1.42,1.34,1.35,0,0.00%,572700
IMPP,2023-08-31,1.37,1.38,1.33,1.35,0,0.00%,408400
IMPP,2023-09-01,1.39,1.51,1.37,1.47,0.12,+8.89%,1451800
IMPP,2023-09-05,1.52,1.555,1.42,1.44,-0.03,-2.04%,1226500
IMPP,2023-09-06,1.41,1.43,1.36,1.37,-0.07,-4.86%,426900
IMPP,2023-09-07,1.51,1.51,1.3,1.43,0.06,+4.38%,2542000
IMPP,2023-09-08,1.46,1.48,1.4,1.44,0.01,+0.70%,655400
IMPP,2023-09-11,1.42,1.43,1.33,1.36,-0.08,-5.56%,771300
IMPP,2023-09-12,1.36,1.425,1.335,1.39,0.03,+2.21%,837400
IMPP,2023-09-13,1.4,1.4,1.31,1.34,-0.05,-3.60%,850500
IMPP,2023-09-14,1.36,1.395,1.35,1.36,0.02,+1.49%,499900
IMPP,2023-09-15,1.39,1.39,1.33,1.37,0.01,+0.74%,347900
IMPP,2023-09-18,1.37,1.4,1.35,1.36,-0.01,-0.73%,407300
IMPP,2023-09-19,1.4,1.46,1.3701,1.46,0.1,+7.35%,857700
IMPP,2023-09-20,1.46,1.52,1.43,1.47,0.01,+0.68%,729500
IMPP,2023-09-21,1.48,1.56,1.44,1.48,0.01,+0.68%,1331800
IMPP,2023-09-22,1.49,1.53,1.48,1.51,0.03,+2.03%,362900
IMPP,2023-09-25,1.51,1.5239,1.44,1.5,-0.01,-0.66%,611700
IMPP,2023-09-26,1.46,1.59,1.45,1.53,0.03,+2.00%,727500
IMPP,2023-09-27,1.54,1.61,1.5,1.51,-0.02,-1.31%,1084100
IMPP,2023-09-28,1.55,1.57,1.5,1.54,0.03,+1.99%,851700
IMPP,2023-09-29,1.58,1.59,1.52,1.58,0.04,+2.60%,672100
IMPP,2023-10-02,1.58,1.66,1.54,1.64,0.06,+3.80%,1023200
IMPP,2023-10-03,1.64,1.67,1.5901,1.67,0.03,+1.83%,443400
IMPP,2023-10-04,1.65,1.65,1.55,1.63,-0.04,-2.40%,730500
IMPP,2023-10-05,1.6,1.69,1.58,1.66,0.03,+1.84%,548800
IMPP,2023-10-06,1.67,1.695,1.62,1.65,-0.01,-0.60%,558800
IMPP,2023-10-09,1.68,1.85,1.66,1.84,0.19,+11.52%,2522900
IMPP,2023-10-10,1.85,1.87,1.73,1.82,-0.02,-1.09%,1455400
IMPP,2023-10-11,1.81,1.86,1.775,1.81,-0.01,-0.55%,1125700
IMPP,2023-10-12,1.79,1.83,1.72,1.8,-0.01,-0.55%,871300
IMPP,2023-10-13,1.81,1.86,1.78,1.86,0.06,+3.33%,966800
IMPP,2023-10-16,1.9,1.95,1.83,1.92,0.06,+3.23%,904300
IMPP,2023-10-17,1.95,1.95,1.86,1.88,-0.04,-2.08%,835500
IMPP,2023-10-18,1.89,1.94,1.81,1.86,-0.02,-1.06%,1007900
IMPP,2023-10-19,1.84,1.84,1.57,1.59,-0.27,-14.52%,1672300
IMPP,2023-10-20,1.6,1.77,1.6,1.72,0.13,+8.18%,812100
IMPP,2023-10-23,1.72,1.7493,1.54,1.61,-0.11,-6.40%,886400
IMPP,2023-10-24,1.62,1.63,1.54,1.6,-0.01,-0.62%,713100
IMPP,2023-10-25,1.6,1.7,1.46,1.59,-0.01,-0.63%,1369200
IMPP,2023-10-26,1.59,1.64,1.55,1.63,0.04,+2.52%,441700
IMPP,2023-10-27,1.63,1.66,1.57,1.58,-0.05,-3.07%,351200
IMPP,2023-10-30,1.6,1.6299,1.55,1.6,0.02,+1.27%,602200
IMPP,2023-10-31,1.61,1.6999,1.61,1.67,0.07,+4.38%,676000
IMPP,2023-11-01,1.67,1.7,1.6499,1.69,0.02,+1.20%,212100
IMPP,2023-11-02,1.68,1.75,1.6799,1.72,0.03,+1.78%,360700
IMPP,2023-11-03,1.7,1.76,1.7,1.73,0.01,+0.58%,417900
IMPP,2023-11-06,1.74,1.74,1.5901,1.63,-0.1,-5.78%,1483800
IMPP,2023-11-07,1.61,1.65,1.49,1.61,-0.02,-1.23%,478600
IMPP,2023-11-08,1.58,1.65,1.5625,1.62,0.01,+0.62%,330700
IMPP,2023-11-09,1.62,1.68,1.59,1.6,-0.02,-1.23%,291900
IMPP,2023-11-10,1.62,1.7,1.6,1.66,0.06,+3.75%,485700
IMPP,2023-11-13,1.66,1.72,1.64,1.64,-0.02,-1.20%,329600
IMPP,2023-11-14,1.65,1.675,1.61,1.64,0,0.00%,339800
IMPP,2023-11-15,1.63,1.68,1.5,1.53,-0.11,-6.71%,1007700
IMPP,2023-11-16,1.54,1.62,1.52,1.57,0.04,+2.61%,569600
IMPP,2023-11-17,1.57,1.59,1.55,1.56,-0.01,-0.64%,183800
IMPP,2023-11-20,1.57,1.61,1.5,1.51,-0.05,-3.21%,573800
IMPP,2023-11-21,1.54,1.54,1.44,1.49,-0.02,-1.32%,607200
IMPP,2023-11-22,1.49,1.5899,1.44,1.57,0.08,+5.37%,341100
IMPP,2023-11-24,1.59,1.6669,1.5684,1.59,0.02,+1.27%,289000
IMPP,2023-11-27,1.62,1.67,1.5872,1.65,0.06,+3.77%,447600
IMPP,2023-11-28,1.63,1.66,1.58,1.61,-0.04,-2.42%,298100
IMPP,2023-11-29,1.6,1.68,1.6,1.66,0.05,+3.11%,354300
IMPP,2023-11-30,1.68,1.73,1.64,1.66,0,0.00%,537500
IMPP,2023-12-01,1.67,1.75,1.6401,1.72,0.06,+3.61%,496600
IMPP,2023-12-04,1.73,1.79,1.71,1.72,0,0.00%,496600
IMPP,2023-12-05,1.72,1.8,1.715,1.75,0.03,+1.74%,224800
IMPP,2023-12-06,1.77,1.8,1.71,1.74,-0.01,-0.57%,504800
IMPP,2023-12-07,1.76,1.82,1.73,1.78,0.04,+2.30%,384800
IMPP,2023-12-08,1.79,1.88,1.78,1.84,0.06,+3.37%,473400
IMPP,2023-12-11,1.81,1.86,1.78,1.84,0,0.00%,580800
IMPP,2023-12-12,1.92,2.1,1.88,2.04,0.2,+10.87%,1410800
IMPP,2023-12-13,2.05,2.22,1.97,2.17,0.13,+6.37%,1074500
IMPP,2023-12-14,2.14,2.23,2.1008,2.14,-0.03,-1.38%,924400
IMPP,2023-12-15,2.17,2.2,2.07,2.14,0,0.00%,481100
IMPP,2023-12-18,2.26,2.47,2.18,2.33,0.19,+8.88%,1699300
IMPP,2023-12-19,2.37,2.38,2.165,2.24,-0.09,-3.86%,769400
IMPP,2023-12-20,2.23,2.56,2.215,2.4,0.16,+7.14%,1301200
IMPP,2023-12-21,2.47,2.56,2.41,2.49,0.09,+3.75%,957200
IMPP,2023-12-22,2.62,2.9102,2.56,2.81,0.32,+12.85%,1706300
IMPP,2023-12-26,2.85,2.93,2.72,2.86,0.05,+1.78%,989800
IMPP,2023-12-27,2.9,2.9,2.705,2.79,-0.07,-2.45%,621300
IMPP,2023-12-28,2.79,2.88,2.69,2.69,-0.1,-3.58%,485100
IMPP,2023-12-29,2.7,2.7,2.505,2.64,-0.05,-1.86%,1153500
IMPP,2024-01-02,2.64,2.95,2.615,2.74,0.1,+3.79%,1113000
IMPP,2024-01-03,2.7,3.02,2.62,2.82,0.08,+2.92%,1087600
IMPP,2024-01-04,2.85,3.01,2.765,2.89,0.07,+2.48%,727400
IMPP,2024-01-05,2.94,3.019,2.83,2.86,-0.03,-1.04%,644600
IMPP,2024-01-08,2.82,2.935,2.73,2.9,0.04,+1.40%,692000
IMPP,2024-01-09,3.01,3.255,3.01,3.13,0.23,+7.93%,1153000
IMPP,2024-01-10,3.13,3.13,2.92,3,-0.13,-4.15%,644300
IMPP,2024-01-11,3,3.06,2.94,2.97,-0.03,-1.00%,438500
IMPP,2024-01-12,3.05,3.2393,2.95,2.96,-0.01,-0.34%,720100
IMPP,2024-01-16,3.04,3.09,2.8,3.02,0.06,+2.03%,744700
IMPP,2024-01-17,3.02,3.12,3.005,3.05,0.03,+0.99%,579900
IMPP,2024-01-18,3.03,3.35,3.03,3.33,0.28,+9.18%,1381300
IMPP,2024-01-19,3.28,3.32,3.0997,3.18,-0.15,-4.50%,565400
IMPP,2024-01-22,3.17,3.29,3.07,3.22,0.04,+1.26%,700800
IMPP,2024-01-23,3.2,3.26,3.1397,3.2,-0.02,-0.62%,310800
IMPP,2024-01-24,3.24,3.595,3.24,3.57,0.37,+11.56%,1181400
IMPP,2024-01-25,3.55,3.61,3.38,3.41,-0.16,-4.48%,970000
IMPP,2024-01-26,3.53,3.56,3.3,3.37,-0.04,-1.17%,697000
IMPP,2024-01-29,3.34,3.46,3.295,3.37,0,0.00%,532600
IMPP,2024-01-30,3.4,3.49,3.31,3.46,0.09,+2.67%,695000
IMPP,2024-01-31,3.39,3.49,3.33,3.4,-0.06,-1.73%,455700
IMPP,2024-02-01,3.41,3.57,3.14,3.32,-0.08,-2.35%,1106700
IMPP,2024-02-02,3.34,3.34,2.97,3.045,-0.275,-8.28%,1004600
IMPP,2024-02-05,3.02,3.1215,3.01,3.03,-0.015,-0.49%,416900
IMPP,2024-02-06,3.02,3.32,2.98,3.15,0.12,+3.96%,605300
IMPP,2024-02-07,3.16,3.16,2.965,3.03,-0.12,-3.81%,517400
IMPP,2024-02-08,3.03,3.06,2.96,2.99,-0.04,-1.32%,316900
IMPP,2024-02-09,3.01,3.09,2.95,3.09,0.1,+3.34%,237800
IMPP,2024-02-12,3.1,3.3067,3.06,3.26,0.17,+5.50%,382800
IMPP,2024-02-13,3.18,3.19,3.0835,3.14,-0.12,-3.68%,534400
IMPP,2024-02-14,3.23,3.32,3.165,3.19,0.05,+1.59%,345100
IMPP,2024-02-15,3.22,3.3,3.19,3.25,0.06,+1.88%,214500
IMPP,2024-02-16,3.21,3.31,3.15,3.22,-0.03,-0.92%,422100
IMPP,2024-02-20,3.22,3.22,3.015,3.05,-0.17,-5.28%,552100
IMPP,2024-02-21,3.06,3.1,2.949,3.01,-0.04,-1.31%,307500
IMPP,2024-02-22,2.99,3.03,2.86,2.87,-0.14,-4.65%,434800
IMPP,2024-02-23,2.84,2.95,2.82,2.87,0,0.00%,400000
IMPP,2024-02-26,2.88,3.13,2.87,3.06,0.19,+6.62%,478200
IMPP,2024-02-27,3.11,3.15,3.04,3.09,0.03,+0.98%,515300
IMPP,2024-02-28,3.07,3.241,3.06,3.19,0.1,+3.24%,489300
IMPP,2024-02-29,3.23,3.33,3.11,3.13,-0.06,-1.88%,345000
IMPP,2024-03-01,3.12,3.155,3.01,3.03,-0.1,-3.19%,398400
IMPP,2024-03-04,3.09,3.098,2.92,3.01,-0.02,-0.66%,488500
IMPP,2024-03-05,2.96,3.04,2.915,2.94,-0.07,-2.33%,266300
IMPP,2024-03-06,2.91,3.01,2.78,2.99,0.05,+1.70%,499600
IMPP,2024-03-07,3.01,3.15,2.9714,3.14,0.15,+5.02%,883800
IMPP,2024-03-08,3.15,3.238,3.08,3.1,-0.04,-1.27%,290900
IMPP,2024-03-11,3.09,3.125,3.06,3.1,0,0.00%,137300
IMPP,2024-03-12,3.07,3.2,3.06,3.16,0.06,+1.94%,392700
IMPP,2024-03-13,3.19,3.44,3.18,3.4,0.24,+7.59%,767600
IMPP,2024-03-14,3.4,3.4,3.02,3.18,-0.22,-6.47%,621100
IMPP,2024-03-15,3.21,3.23,3.08,3.09,-0.09,-2.83%,332500
IMPP,2024-03-18,3.05,3.09,2.99,3,-0.09,-2.91%,275900
IMPP,2024-03-19,3,3.1099,2.98,3.03,0.03,+1.00%,291600
IMPP,2024-03-20,3.02,3.15,2.992,3.11,0.08,+2.64%,193300
IMPP,2024-03-21,3.1,3.155,3.08,3.14,0.03,+0.96%,202700
IMPP,2024-03-22,3.13,3.13,3.0799,3.1,-0.04,-1.27%,91400
IMPP,2024-03-25,3.12,3.15,2.99,3.03,-0.07,-2.26%,351300
IMPP,2024-03-26,3.04,3.05,2.99,3,-0.03,-0.99%,135700
IMPP,2024-03-27,3.01,3.145,2.98,3.1,0.1,+3.33%,248900
IMPP,2024-03-28,3.07,3.2,3.07,3.13,0.03,+0.97%,327700
IMPP,2024-04-01,3.22,3.31,3.14,3.23,0.1,+3.19%,580100
IMPP,2024-04-02,3.22,3.49,3.22,3.46,0.23,+7.12%,790100
IMPP,2024-04-03,3.5,3.56,3.37,3.41,-0.05,-1.45%,586900
IMPP,2024-04-04,3.46,3.46,3.2299,3.28,-0.13,-3.81%,429400
IMPP,2024-04-05,3.31,3.7,3.305,3.68,0.4,+12.20%,1278600
IMPP,2024-04-08,3.75,4.06,3.615,3.63,-0.05,-1.36%,2018500
IMPP,2024-04-09,3.66,3.73,3.38,3.4,-0.23,-6.34%,798800
IMPP,2024-04-10,3.32,3.6,3.32,3.56,0.16,+4.71%,498200
IMPP,2024-04-11,3.65,3.78,3.6164,3.75,0.19,+5.34%,637300
IMPP,2024-04-12,3.88,4.08,3.51,3.6,-0.15,-4.00%,3014900
IMPP,2024-04-15,3.57,3.68,3.32,3.39,-0.21,-5.83%,1091500
IMPP,2024-04-16,3.33,3.36,3.17,3.32,-0.07,-2.06%,771800
IMPP,2024-04-17,3.39,3.39,3.255,3.27,-0.05,-1.51%,289800
IMPP,2024-04-18,3.27,3.355,3.19,3.2,-0.07,-2.14%,308800
IMPP,2024-04-19,3.25,3.45,3.25,3.36,0.16,+5.00%,549700
IMPP,2024-04-22,3.32,3.33,3.24,3.25,-0.11,-3.27%,322400
IMPP,2024-04-23,3.24,3.32,3.22,3.29,0.04,+1.23%,285900
IMPP,2024-04-24,3.3,3.43,3.23,3.43,0.14,+4.26%,406100
IMPP,2024-04-25,3.31,3.5,3.28,3.46,0.03,+0.87%,494700
IMPP,2024-04-26,3.46,3.58,3.4257,3.57,0.11,+3.18%,281500
IMPP,2024-04-29,3.53,3.75,3.53,3.74,0.17,+4.76%,424600
IMPP,2024-04-30,3.69,3.7401,3.62,3.69,-0.05,-1.34%,385300
IMPP,2024-05-01,3.68,3.735,3.56,3.585,-0.105,-2.85%,338500
IMPP,2024-05-02,3.59,3.64,3.54,3.61,0.025,+0.70%,130400
IMPP,2024-05-03,3.58,3.655,3.51,3.51,-0.1,-2.77%,193500
IMPP,2024-05-06,3.55,3.65,3.5202,3.57,0.06,+1.71%,221900
IMPP,2024-05-07,3.58,3.59,3.4,3.56,-0.01,-0.28%,195500
IMPP,2024-05-08,3.58,3.68,3.56,3.62,0.06,+1.69%,153400
IMPP,2024-05-09,3.61,3.74,3.61,3.69,0.07,+1.93%,259400
IMPP,2024-05-10,3.69,3.77,3.662,3.7,0.01,+0.27%,208200
IMPP,2024-05-13,3.71,3.89,3.61,3.66,-0.04,-1.08%,450900
IMPP,2024-05-14,3.72,3.8,3.61,3.64,-0.02,-0.55%,336800
IMPP,2024-05-15,3.64,3.685,3.575,3.59,-0.05,-1.37%,395000
IMPP,2024-05-16,3.83,4.015,3.68,3.93,0.34,+9.47%,1493100
IMPP,2024-05-17,3.96,4.25,3.92,4.01,0.08,+2.04%,1096100
IMPP,2024-05-20,4.19,4.24,3.95,4.02,0.01,+0.25%,949900
IMPP,2024-05-21,4.04,4.235,3.985,4.19,0.17,+4.23%,1057400
IMPP,2024-05-22,4.17,4.385,4.1,4.35,0.16,+3.82%,1063400
IMPP,2024-05-23,4.42,4.59,4.03,4.11,-0.24,-5.52%,1627600
IMPP,2024-05-24,4.12,4.28,4.055,4.28,0.17,+4.14%,719000
IMPP,2024-05-28,4.28,4.3899,4.27,4.37,0.09,+2.10%,168500
IMPP,2024-05-29,4.33,4.34,4.18,4.3,-0.07,-1.60%,223800
IMPP,2024-05-30,4.29,4.3,4.12,4.14,-0.16,-3.72%,411200
IMPP,2024-05-31,4.14,4.2,4.035,4.11,-0.03,-0.72%,220300
IMPP,2024-06-03,4.11,4.26,4.04,4.18,0.07,+1.70%,542400
IMPP,2024-06-04,4.17,4.17,4.05,4.08,-0.1,-2.39%,245400
IMPP,2024-06-05,4.09,4.105,3.755,3.88,-0.2,-4.90%,522300
IMPP,2024-06-06,3.87,3.8706,3.74,3.76,-0.12,-3.09%,248600
IMPP,2024-06-07,3.76,3.83,3.66,3.68,-0.08,-2.13%,374100
IMPP,2024-06-10,3.68,3.83,3.6403,3.81,0.13,+3.53%,408100
IMPP,2024-06-11,3.95,3.95,3.735,3.85,0.04,+1.05%,318200
IMPP,2024-06-12,3.88,3.88,3.6911,3.74,-0.11,-2.86%,261400
IMPP,2024-06-13,3.67,3.86,3.57,3.74,0,0.00%,304900
IMPP,2024-06-14,3.72,3.76,3.49,3.5,-0.24,-6.42%,391400
IMPP,2024-06-17,3.5,3.56,3.45,3.5,0,0.00%,183300
IMPP,2024-06-18,3.52,3.69,3.4001,3.45,-0.05,-1.43%,329900
IMPP,2024-06-20,3.47,3.595,3.4551,3.53,0.08,+2.32%,311300
IMPP,2024-06-21,3.53,3.72,3.51,3.72,0.19,+5.38%,335000
IMPP,2024-06-24,3.75,3.83,3.72,3.78,0.06,+1.61%,224800
IMPP,2024-06-25,3.83,3.9,3.79,3.865,0.085,+2.25%,129400
IMPP,2024-06-26,3.88,3.93,3.8376,3.91,0.045,+1.16%,202100
IMPP,2024-06-27,3.92,3.9485,3.795,3.82,-0.09,-2.30%,159600
IMPP,2024-06-28,3.83,3.9338,3.8,3.88,0.06,+1.57%,169800
IMPP,2024-07-01,3.88,3.9299,3.75,3.79,-0.09,-2.32%,145000
IMPP,2024-07-02,3.73,3.79,3.73,3.75,-0.04,-1.06%,101600
IMPP,2024-07-03,3.76,3.8,3.7324,3.795,0.045,+1.20%,79600
IMPP,2024-07-05,3.78,3.78,3.65,3.72,-0.075,-1.98%,254600
IMPP,2024-07-08,3.67,3.74,3.64,3.72,0,0.00%,180700
IMPP,2024-07-09,3.74,3.74,3.6001,3.69,-0.03,-0.81%,251900
IMPP,2024-07-10,3.68,3.7,3.6301,3.65,-0.04,-1.08%,188600
IMPP,2024-07-11,3.65,3.68,3.62,3.63,-0.02,-0.55%,224100
IMPP,2024-07-12,3.64,3.66,3.6,3.63,0,0.00%,104200
IMPP,2024-07-15,3.63,3.8781,3.61,3.83,0.2,+5.51%,241600
IMPP,2024-07-16,3.87,3.96,3.83,3.92,0.09,+2.35%,198200
IMPP,2024-07-17,3.91,3.9699,3.82,3.87,-0.05,-1.28%,109500
IMPP,2024-07-18,3.9,4.05,3.9,4,0.13,+3.36%,320100
IMPP,2024-07-19,3.99,4.17,3.8548,4.07,0.07,+1.75%,429600
IMPP,2024-07-22,4.01,4.35,3.96,4.27,0.2,+4.91%,499500
IMPP,2024-07-23,4.27,4.3,4.16,4.25,-0.02,-0.47%,352900
IMPP,2024-07-24,4.25,4.25,3.97,4.08,-0.17,-4.00%,425200
IMPP,2024-07-25,4.01,4.19,4,4.18,0.1,+2.45%,218100
IMPP,2024-07-26,4.17,4.25,4.16,4.2,0.02,+0.48%,179800
IMPP,2024-07-29,4.11,4.15,4.03,4.03,-0.17,-4.05%,195400
IMPP,2024-07-30,4.04,4.0619,3.93,3.96,-0.07,-1.74%,128200
IMPP,2024-07-31,3.95,3.99,3.86,3.98,0.02,+0.51%,179900
IMPP,2024-08-01,3.97,4.0023,3.84,3.89,-0.09,-2.26%,276800
IMPP,2024-08-02,3.76,3.79,3.6,3.74,-0.15,-3.86%,290500
IMPP,2024-08-05,3.4,3.69,3.225,3.67,-0.07,-1.87%,465700
IMPP,2024-08-06,3.63,3.75,3.5301,3.66,-0.01,-0.27%,154200
IMPP,2024-08-07,3.72,3.83,3.63,3.81,0.15,+4.10%,177900
IMPP,2024-08-08,3.87,3.87,3.7,3.76,-0.05,-1.31%,184700
IMPP,2024-08-09,3.75,3.84,3.7,3.8,0.04,+1.06%,78100
IMPP,2024-08-12,3.82,3.92,3.72,3.89,0.09,+2.37%,268900
IMPP,2024-08-13,3.93,3.93,3.77,3.86,-0.03,-0.77%,127500
IMPP,2024-08-14,3.8,3.92,3.76,3.77,-0.09,-2.33%,97900
IMPP,2024-08-15,3.81,3.85,3.68,3.7,-0.07,-1.86%,163900
IMPP,2024-08-16,3.67,3.8,3.64,3.755,0.055,+1.49%,93300
IMPP,2024-08-19,3.78,3.8066,3.63,3.65,-0.105,-2.80%,167000
IMPP,2024-08-20,3.67,3.7,3.54,3.62,-0.03,-0.82%,208300
IMPP,2024-08-21,3.63,3.77,3.63,3.7,0.08,+2.21%,110300
IMPP,2024-08-22,3.71,3.78,3.65,3.77,0.07,+1.89%,134500
IMPP,2024-08-23,3.79,3.93,3.78,3.92,0.15,+3.98%,207100
IMPP,2024-08-26,3.93,4.07,3.9,4.06,0.14,+3.57%,400400
IMPP,2024-08-27,4.1,4.23,3.982,4.13,0.07,+1.72%,722500
IMPP,2024-08-28,4.15,4.15,3.98,4.04,-0.09,-2.18%,268500
IMPP,2024-08-29,4.06,4.29,4.03,4.29,0.25,+6.19%,558500
IMPP,2024-08-30,4.3,4.49,4.26,4.42,0.13,+3.03%,655800
IMPP,2024-09-03,4.42,4.474,4.21,4.33,-0.09,-2.04%,487400
IMPP,2024-09-04,4.3,4.4099,4.29,4.29,-0.04,-0.92%,212300
IMPP,2024-09-05,4.27,4.31,4.1802,4.28,-0.01,-0.23%,126000
IMPP,2024-09-06,4.28,4.3,4.1,4.19,-0.09,-2.10%,228100
IMPP,2024-09-09,4.21,4.34,4.09,4.28,0.09,+2.15%,204500
IMPP,2024-09-10,4.23,4.23,4.01,4.14,-0.14,-3.27%,241400
IMPP,2024-09-11,4.19,4.19,4.1,4.145,0.005,+0.12%,85400
IMPP,2024-09-12,4.16,4.185,4.095,4.1,-0.045,-1.09%,114500
IMPP,2024-09-13,4.07,4.2299,4.07,4.15,0.05,+1.22%,137000
IMPP,2024-09-16,4.25,4.2899,3.96,4.07,-0.08,-1.93%,239400
IMPP,2024-09-17,4.06,4.0607,3.99,3.99,-0.08,-1.97%,138000
IMPP,2024-09-18,4,4.07,3.92,3.93,-0.06,-1.50%,128900
IMPP,2024-09-19,3.95,4.1084,3.9301,4.07,0.14,+3.56%,180100
IMPP,2024-09-20,4.07,4.09,4.01,4.08,0.01,+0.25%,110800
IMPP,2024-09-23,4,4,3.79,3.89,-0.19,-4.66%,696600
IMPP,2024-09-24,3.95,4.03,3.91,3.995,0.105,+2.70%,266000
IMPP,2024-09-25,4.02,4.05,3.98,4.02,0.025,+0.63%,90200
IMPP,2024-09-26,3.99,4,3.8,3.95,-0.07,-1.74%,411100
IMPP,2024-09-27,3.98,4.06,3.94,4,0.05,+1.27%,146100
IMPP,2024-09-30,4.04,4.15,4.01,4.15,0.15,+3.75%,347600
IMPP,2024-10-01,4.15,4.29,4.1043,4.21,0.06,+1.45%,701300
IMPP,2024-10-02,4.21,4.36,4.21,4.335,0.125,+2.97%,289900
IMPP,2024-10-03,4.348,4.55,4.131,4.18,-0.155,-3.58%,530900
IMPP,2024-10-04,4.1,4.2,3.98,4.02,-0.16,-3.83%,305800
IMPP,2024-10-07,4.07,4.07,3.9,3.96,-0.06,-1.49%,250100
IMPP,2024-10-08,3.95,3.9699,3.9,3.95,-0.01,-0.25%,152700
IMPP,2024-10-09,3.93,3.96,3.86,3.9,-0.05,-1.27%,173600
IMPP,2024-10-10,3.9,3.969,3.88,3.91,0.01,+0.26%,179800
IMPP,2024-10-11,3.9,4.02,3.9,3.98,0.07,+1.79%,142000
IMPP,2024-10-14,3.96,3.99,3.89,3.9,-0.08,-2.01%,169200
IMPP,2024-10-15,3.92,3.92,3.74,3.79,-0.11,-2.82%,344800
IMPP,2024-10-16,3.79,3.82,3.71,3.74,-0.05,-1.32%,171400
IMPP,2024-10-17,3.76,3.7705,3.7,3.77,0.03,+0.80%,119000
IMPP,2024-10-18,3.81,3.81,3.71,3.76,-0.01,-0.27%,239500
IMPP,2024-10-21,3.76,3.83,3.7,3.77,0.01,+0.27%,223500
IMPP,2024-10-22,3.76,3.7799,3.71,3.75,-0.02,-0.53%,142900
IMPP,2024-10-23,3.77,3.77,3.68,3.7,-0.05,-1.33%,195300
IMPP,2024-10-24,3.67,3.72,3.665,3.68,-0.02,-0.54%,116100
IMPP,2024-10-25,3.66,3.8,3.66,3.69,0.01,+0.27%,166200
IMPP,2024-10-28,3.67,3.72,3.65,3.66,-0.03,-0.81%,199600
IMPP,2024-10-29,3.64,3.71,3.6,3.71,0.05,+1.37%,127600
IMPP,2024-10-30,3.69,3.72,3.67,3.71,0,0.00%,120900
IMPP,2024-10-31,3.7,3.7,3.62,3.67,-0.04,-1.08%,133700
IMPP,2024-11-01,3.72,3.73,3.62,3.64,-0.03,-0.82%,147500
IMPP,2024-11-04,3.62,3.66,3.61,3.61,-0.03,-0.82%,119900
IMPP,2024-11-05,3.6,3.66,3.6,3.6,-0.01,-0.28%,87400
IMPP,2024-11-06,3.65,3.75,3.61,3.66,0.06,+1.67%,141100
IMPP,2024-11-07,3.66,3.79,3.64,3.66,0,0.00%,110400
IMPP,2024-11-08,3.64,3.67,3.556,3.59,-0.07,-1.91%,145600
IMPP,2024-11-11,3.55,3.61,3.5394,3.55,-0.04,-1.11%,164200
IMPP,2024-11-12,3.52,3.57,3.46,3.49,-0.06,-1.69%,153100
IMPP,2024-11-13,3.49,3.52,3.42,3.48,-0.01,-0.29%,173800
IMPP,2024-11-14,3.52,3.56,3.47,3.51,0.03,+0.86%,104900
IMPP,2024-11-15,3.48,3.55,3.4637,3.48,-0.03,-0.85%,210300
IMPP,2024-11-18,3.49,3.5,3.45,3.47,-0.01,-0.29%,118200
IMPP,2024-11-19,3.45,3.5,3.29,3.46,-0.01,-0.29%,445500
IMPP,2024-11-20,3.34,3.47,3.34,3.45,-0.01,-0.29%,270900
IMPP,2024-11-21,3.44,3.47,3.39,3.4,-0.05,-1.45%,107900
IMPP,2024-11-22,3.38,3.4,3.36,3.37,-0.03,-0.88%,155800
IMPP,2024-11-25,3.37,3.4,3.25,3.29,-0.08,-2.37%,245985
IMPP,2024-11-26,3.29,3.3545,3.17,3.225,-0.065,-1.98%,181726
IMPP,2024-11-27,3.22,3.2692,3.165,3.2,-0.025,-0.78%,223000
IMPP,2024-11-29,3.18,3.25,3.17,3.18,-0.02,-0.63%,249800
IMPP,2024-12-02,3.26,3.26,2.94,3.03,-0.15,-4.72%,887200
IMPP,2024-12-03,3.06,3.13,2.98,2.99,-0.04,-1.32%,278900
IMPP,2024-12-04,3,3.07,2.945,2.97,-0.02,-0.67%,384200
IMPP,2024-12-05,2.99,3,2.905,2.96,-0.01,-0.34%,315400
IMPP,2024-12-06,2.94,2.9618,2.87,2.89,-0.07,-2.36%,240800
IMPP,2024-12-09,2.89,2.99,2.8,2.9,0.01,+0.35%,271500
IMPP,2024-12-10,2.94,2.9699,2.86,2.9,0,0.00%,167900
IMPP,2024-12-11,2.89,2.92,2.85,2.88,-0.02,-0.69%,264000
IMPP,2024-12-12,2.88,2.945,2.86,2.91,0.03,+1.04%,124200
IMPP,2024-12-13,2.93,2.97,2.89,2.96,0.05,+1.72%,115400
IMPP,2024-12-16,2.98,3.015,2.865,2.87,-0.09,-3.04%,311800
IMPP,2024-12-17,2.88,2.89,2.82,2.88,0.01,+0.35%,264300
IMPP,2024-12-18,2.83,2.92,2.77,2.78,-0.1,-3.47%,249000
IMPP,2024-12-19,2.78,2.8071,2.7203,2.76,-0.02,-0.72%,235500
IMPP,2024-12-20,2.76,2.855,2.74,2.84,0.08,+2.90%,206200
IMPP,2024-12-23,2.84,2.9,2.78,2.88,0.04,+1.41%,157000
IMPP,2024-12-24,2.9,2.9,2.83,2.84,-0.04,-1.39%,235300
IMPP,2024-12-26,2.84,2.89,2.8,2.85,0.01,+0.35%,196900
IMPP,2024-12-27,2.85,2.91,2.835,2.9,0.05,+1.75%,143600
IMPP,2024-12-30,2.9,3.16,2.87,3.07,0.17,+5.86%,440600
IMPP,2024-12-31,3.04,3.06,2.95,3.01,-0.06,-1.95%,229600
IMPP,2025-01-02,3.02,3.3199,3.02,3.31,0.3,+9.97%,293400
IMPP,2025-01-03,3.31,3.325,3.19,3.26,-0.05,-1.51%,282900
IMPP,2025-01-06,3.3,3.3,3.1,3.15,-0.11,-3.37%,218700
IMPP,2025-01-07,3.15,3.38,3.08,3.38,0.23,+7.30%,252000
IMPP,2025-01-08,3.4,3.4,3.11,3.2,-0.18,-5.33%,217800
IMPP,2025-01-10,3.21,3.36,3.15,3.3,0.1,+3.13%,298000
IMPP,2025-01-13,3.27,3.47,3.2523,3.37,0.07,+2.12%,355800
IMPP,2025-01-14,3.37,3.47,3.3,3.34,-0.03,-0.89%,187800
IMPP,2025-01-15,3.35,3.4,3.29,3.35,0.01,+0.30%,312600
IMPP,2025-01-16,3.35,3.35,3.0301,3.08,-0.27,-8.06%,405500
IMPP,2025-01-17,3.1,3.12,2.965,2.97,-0.11,-3.57%,684500
IMPP,2025-01-21,3.05,3.0991,2.88,2.94,-0.03,-1.01%,1203100
IMPP,2025-01-22,2.99,3,2.9,2.925,-0.015,-0.51%,207900
IMPP,2025-01-23,2.93,2.93,2.8808,2.9,-0.025,-0.85%,164200
IMPP,2025-01-24,2.9,2.915,2.8399,2.85,-0.05,-1.72%,279800
IMPP,2025-01-27,2.86,2.87,2.77,2.8,-0.05,-1.75%,264400
IMPP,2025-01-28,2.82,2.82,2.72,2.73,-0.07,-2.50%,287700
IMPP,2025-01-29,2.73,2.81,2.725,2.76,0.03,+1.10%,199800
IMPP,2025-01-30,2.76,2.92,2.76,2.88,0.12,+4.35%,244900
IMPP,2025-01-31,2.86,2.975,2.8301,2.94,0.06,+2.08%,252000
IMPP,2025-02-03,2.97,2.97,2.8548,2.91,-0.03,-1.02%,219100
IMPP,2025-02-04,2.93,3.05,2.91,3.03,0.12,+4.12%,175100
IMPP,2025-02-05,2.91,3,2.91,2.99,-0.04,-1.32%,210100
IMPP,2025-02-06,3,3,2.9,2.99,0,0.00%,132400
IMPP,2025-02-07,2.98,2.98,2.9,2.94,-0.05,-1.67%,252600
IMPP,2025-02-10,2.92,3.015,2.915,2.95,0.01,+0.34%,184400
IMPP,2025-02-11,2.96,3.05,2.95,2.99,0.04,+1.36%,242800
IMPP,2025-02-12,2.97,3.0151,2.9,2.94,-0.05,-1.67%,280600
IMPP,2025-02-13,2.72,2.89,2.55,2.84,-0.1,-3.40%,382200
IMPP,2025-02-14,2.84,2.86,2.76,2.79,-0.05,-1.76%,152000
IMPP,2025-02-18,2.81,2.86,2.75,2.79,0,0.00%,234600
IMPP,2025-02-19,2.77,2.91,2.77,2.82,0.03,+1.08%,241900
IMPP,2025-02-20,2.79,2.83,2.75,2.78,-0.04,-1.42%,120200
IMPP,2025-02-21,2.76,2.81,2.73,2.73,-0.05,-1.80%,184000
IMPP,2025-02-24,2.77,2.775,2.58,2.6,-0.13,-4.76%,409100
IMPP,2025-02-25,2.62,2.66,2.51,2.58,-0.02,-0.77%,170700
IMPP,2025-02-26,2.57,2.63,2.53,2.53,-0.05,-1.94%,214700
IMPP,2025-02-27,2.56,2.56,2.46,2.51,-0.02,-0.79%,147400
IMPP,2025-02-28,2.51,2.55,2.44,2.5,-0.01,-0.40%,193900
IMPP,2025-03-03,2.5,2.57,2.4,2.45,-0.05,-2.00%,244600
IMPP,2025-03-04,2.39,2.44,2.37,2.41,-0.04,-1.63%,175600
IMPP,2025-03-05,2.4,2.43,2.35,2.38,-0.03,-1.24%,179200
IMPP,2025-03-06,2.38,2.41,2.34,2.38,0,0.00%,139000
IMPP,2025-03-07,2.38,2.442,2.36,2.39,0.01,+0.42%,96412
IMPP,2025-03-10,2.4,2.41,2.23,2.32,-0.07,-2.93%,190000
IMPP,2025-03-11,2.26,2.385,2.235,2.36,0.04,+1.72%,227400
IMPP,2025-03-12,2.38,2.52,2.3748,2.47,0.11,+4.66%,158900
IMPP,2025-03-13,2.48,2.484,2.28,2.4,-0.07,-2.83%,325900
IMPP,2025-03-14,2.4,2.49,2.4,2.46,0.06,+2.50%,88200
IMPP,2025-03-17,2.45,2.511,2.45,2.5,0.04,+1.63%,200300
IMPP,2025-03-18,2.55,2.55,2.48,2.49,-0.01,-0.40%,97300
IMPP,2025-03-19,2.46,2.57,2.46,2.55,0.06,+2.41%,132000
IMPP,2025-03-20,2.54,2.6,2.53,2.59,0.04,+1.57%,84300
IMPP,2025-03-21,2.53,2.5949,2.53,2.55,-0.04,-1.54%,34000
IMPP,2025-03-24,2.56,2.595,2.5,2.55,0,0.00%,85000
IMPP,2025-03-25,2.54,2.58,2.54,2.57,0.02,+0.78%,33700
IMPP,2025-03-26,2.57,2.59,2.5,2.52,-0.05,-1.95%,135600
IMPP,2025-03-27,2.51,2.59,2.51,2.55,0.03,+1.19%,116700
IMPP,2025-03-28,2.56,2.59,2.435,2.48,-0.07,-2.75%,218200
IMPP,2025-03-31,2.48,2.49,2.35,2.45,-0.03,-1.21%,126000
IMPP,2025-04-01,2.45,2.46,2.42,2.448,-0.002,-0.08%,33100
IMPP,2025-04-02,2.44,2.49,2.42,2.44,-0.008,-0.33%,53000
IMPP,2025-04-03,2.37,2.39,2.285,2.32,-0.12,-4.92%,314100
IMPP,2025-04-04,2.25,2.4,2.14,2.27,-0.05,-2.16%,563800
IMPP,2025-04-07,2.16,2.3,2.12,2.24,-0.03,-1.32%,270600
IMPP,2025-04-08,2.36,2.36,2.1806,2.22,-0.02,-0.89%,194700
IMPP,2025-04-09,2.18,2.46,2.15,2.37,0.15,+6.76%,384800
IMPP,2025-04-10,2.37,2.41,2.29,2.36,-0.01,-0.42%,80300
IMPP,2025-04-11,2.43,2.4391,2.2801,2.33,-0.03,-1.27%,82300
IMPP,2025-04-14,2.36,2.43,2.28,2.34,0.01,+0.43%,80000
IMPP,2025-04-15,2.36,2.39,2.32,2.37,0.03,+1.28%,99600
IMPP,2025-04-16,2.43,2.45,2.36,2.4,0.03,+1.27%,124100
IMPP,2025-04-17,2.4,2.46,2.3933,2.46,0.06,+2.50%,51500
IMPP,2025-04-21,2.46,2.57,2.442,2.54,0.08,+3.25%,130200
IMPP,2025-04-22,2.54,2.78,2.54,2.59,0.05,+1.97%,156400
IMPP,2025-04-23,2.63,2.66,2.58,2.62,0.03,+1.16%,65100
IMPP,2025-04-24,2.62,2.635,2.55,2.6,-0.02,-0.76%,61100
IMPP,2025-04-25,2.6,2.645,2.5594,2.62,0.02,+0.77%,62700
IMPP,2025-04-28,2.62,2.64,2.56,2.61,-0.01,-0.38%,42600
IMPP,2025-04-29,2.6,2.6101,2.56,2.57,-0.04,-1.53%,66600
IMPP,2025-04-30,2.54,2.56,2.49,2.55,-0.02,-0.78%,51700
IMPP,2025-05-01,2.52,2.57,2.45,2.5,-0.05,-1.96%,70600
IMPP,2025-05-02,2.51,2.58,2.5,2.56,0.06,+2.40%,64200
IMPP,2025-05-05,2.59,2.665,2.5411,2.66,0.1,+3.91%,161100
IMPP,2025-05-06,2.65,2.69,2.56,2.605,-0.055,-2.07%,75600
IMPP,2025-05-07,2.63,2.7,2.56,2.63,0.025,+0.96%,47800
IMPP,2025-05-08,2.66,2.745,2.645,2.71,0.08,+3.04%,105700
IMPP,2025-05-09,2.71,2.805,2.7,2.74,0.03,+1.11%,137600
IMPP,2025-05-12,2.8,2.8,2.645,2.65,-0.09,-3.28%,157400
IMPP,2025-05-13,2.65,2.72,2.57,2.66,0.01,+0.38%,99200
IMPP,2025-05-14,2.61,2.71,2.54,2.57,-0.09,-3.38%,160000
IMPP,2025-05-15,2.55,2.58,2.5084,2.56,-0.01,-0.39%,48900
IMPP,2025-05-16,2.53,2.58,2.5,2.51,-0.05,-1.95%,84500
IMPP,2025-05-19,2.51,2.5799,2.49,2.5,-0.01,-0.40%,68900
IMPP,2025-05-20,2.53,2.57,2.51,2.54,0.04,+1.60%,55300
IMPP,2025-05-21,2.55,2.56,2.4801,2.54,0,0.00%,127500
IMPP,2025-05-22,2.56,2.56,2.45,2.48,-0.06,-2.36%,127200
IMPP,2025-05-23,2.56,2.94,2.52,2.78,0.3,+12.10%,717100
IMPP,2025-05-27,2.8,2.85,2.7106,2.84,0.06,+2.16%,210700
IMPP,2025-05-28,2.84,2.87,2.83,2.85,0.01,+0.35%,81400
IMPP,2025-05-29,2.88,2.92,2.72,2.84,-0.01,-0.35%,123900
IMPP,2025-05-30,2.84,3,2.76,2.86,0.02,+0.70%,170500
IMPP,2025-06-02,2.92,2.93,2.7303,2.8,-0.06,-2.10%,195100
IMPP,2025-06-03,2.75,3.065,2.75,3.03,0.23,+8.21%,333400
IMPP,2025-06-04,3.04,3.12,2.97,3.02,-0.01,-0.33%,233600
IMPP,2025-06-05,3.01,3.1897,2.97,3.12,0.1,+3.31%,268600
IMPP,2025-06-06,3.13,3.16,3.0185,3.02,-0.1,-3.21%,204500
IMPP,2025-06-09,3.09,3.16,3.08,3.09,0.07,+2.32%,159500
IMPP,2025-06-10,3.1,3.1232,3.0046,3.02,-0.07,-2.27%,120700
IMPP,2025-06-11,3.02,3.12,2.96,3.09,0.07,+2.32%,278300
IMPP,2025-06-12,3.09,3.2382,3.07,3.23,0.14,+4.53%,498300
IMPP,2025-06-13,3.68,3.7899,3.09,3.37,0.14,+4.33%,2165600
IMPP,2025-06-16,3.32,3.46,3.19,3.4,0.03,+0.89%,597500
IMPP,2025-06-17,3.38,3.67,3.37,3.56,0.16,+4.71%,591600
IMPP,2025-06-18,3.58,3.64,3.41,3.57,0.01,+0.28%,324000
IMPP,2025-06-20,3.6,3.6,3.35,3.42,-0.15,-4.20%,253800
IMPP,2025-06-23,3.53,3.68,3.33,3.37,-0.05,-1.46%,670200
IMPP,2025-06-24,3.09,3.39,3.08,3.2,-0.17,-5.04%,431400
IMPP,2025-06-25,3.18,3.24,3.14,3.15,-0.05,-1.56%,148400
IMPP,2025-06-26,3.18,3.2,3.03,3.08,-0.07,-2.22%,360100
IMPP,2025-06-27,3.08,3.1696,3.04,3.1,0.02,+0.65%,123000
IMPP,2025-06-30,3.12,3.15,3.05,3.08,-0.02,-0.65%,117800
IMPP,2025-07-01,3.07,3.16,3.05,3.06,-0.02,-0.65%,118500
IMPP,2025-07-02,3.06,3.11,3.02,3.08,0.02,+0.65%,148400
IMPP,2025-07-03,3.08,3.14,3.06,3.1,0.02,+0.65%,74700
IMPP,2025-07-07,3.09,3.09,2.98,2.98,-0.12,-3.87%,172300
IMPP,2025-07-08,2.98,3.08,2.98,3.07,0.09,+3.02%,130800
IMPP,2025-07-09,3.07,3.1499,3.0668,3.11,0.04,+1.30%,98500
IMPP,2025-07-10,3.08,3.15,3.045,3.14,0.03,+0.96%,198900
IMPP,2025-07-11,3.14,3.32,3.14,3.22,0.08,+2.55%,306700
IMPP,2025-07-14,3.22,3.25,3.12,3.19,-0.03,-0.93%,102400
IMPP,2025-07-15,3.21,3.21,3.13,3.19,0,0.00%,55200
IMPP,2025-07-16,3.17,3.24,3.15,3.2,0.01,+0.31%,77100
IMPP,2025-07-17,3.19,3.25,3.1274,3.23,0.03,+0.94%,87900
IMPP,2025-07-18,3.2,3.2553,3.2,3.21,-0.02,-0.62%,105400
IMPP,2025-07-21,3.21,3.21,3.0938,3.12,-0.09,-2.80%,91500
IMPP,2025-07-22,3.13,3.22,3.102,3.2,0.08,+2.56%,63100
IMPP,2025-07-23,3.23,3.26,3.19,3.26,0.06,+1.88%,72400
IMPP,2025-07-24,3.24,3.29,2.99,3.09,-0.17,-5.21%,402600
IMPP,2025-07-25,3.09,3.17,3.02,3.14,0.05,+1.62%,85700
IMPP,2025-07-28,3.15,3.17,3.12,3.16,0.02,+0.64%,40700
IMPP,2025-07-29,3.17,3.17,3.0744,3.15,-0.01,-0.32%,72900
IMPP,2025-07-30,3.15,3.18,3.05,3.1,-0.05,-1.59%,119100
IMPP,2025-07-31,3.06,3.1133,3.0208,3.07,-0.03,-0.97%,55800
IMPP,2025-08-01,2.99,3.1,2.92,3,-0.07,-2.28%,212500
IMPP,2025-08-04,2.99,3.23,2.98,3.16,0.16,+5.33%,207000
IMPP,2025-08-05,3.3,3.3,3.08,3.22,0.06,+1.90%,237900
IMPP,2025-08-06,3.19,3.23,3.12,3.17,-0.05,-1.55%,107300
IMPP,2025-08-07,3.19,3.21,3.06,3.09,-0.08,-2.52%,119200
IMPP,2025-08-08,3.08,3.13,3,3.01,-0.08,-2.59%,111700
IMPP,2025-08-11,3.02,3.29,2.96,2.99,-0.02,-0.66%,177900
IMPP,2025-08-12,2.99,3.02,2.96,3.02,0.03,+1.00%,115200
IMPP,2025-08-13,3.03,3.05,2.98,3,-0.02,-0.66%,149300
IMPP,2025-08-14,3.01,3.06,2.96,2.99,-0.01,-0.33%,102900
IMPP,2025-08-15,3,3.02,2.9,2.97,-0.02,-0.67%,110600
IMPP,2025-08-18,2.98,3.02,2.92,3.02,0.05,+1.68%,110600
IMPP,2025-08-19,3.01,3.05,3,3.01,-0.01,-0.33%,59100
IMPP,2025-08-20,3,3.05,3,3.04,0.03,+1.00%,64600
IMPP,2025-08-21,3.03,3.14,3.0036,3.14,0.1,+3.29%,107700
IMPP,2025-08-22,3.15,3.2,3.089,3.18,0.04,+1.27%,101700
IMPP,2025-08-25,3.18,3.27,3.1715,3.2,0.02,+0.63%,128500
IMPP,2025-08-26,3.19,3.3,3.15,3.28,0.08,+2.50%,140900
IMPP,2025-08-27,3.35,3.35,3.23,3.3,0.02,+0.61%,204300
IMPP,2025-08-28,3.32,3.35,3.27,3.33,0.03,+0.91%,68200
IMPP,2025-08-29,3.4,3.5,3.37,3.43,0.1,+3.00%,358000
IMPP,2025-09-02,3.41,3.41,3.2,3.37,-0.06,-1.75%,133900
IMPP,2025-09-03,3.35,3.3799,3.27,3.33,-0.04,-1.19%,91100
IMPP,2025-09-04,3.37,3.46,3.3001,3.46,0.13,+3.90%,254900
IMPP,2025-09-05,3.8,3.8,3.4,3.53,0.07,+2.02%,718800
IMPP,2025-09-08,3.53,3.89,3.48,3.77,0.24,+6.80%,664400
IMPP,2025-09-09,3.73,3.8562,3.7201,3.74,-0.03,-0.80%,264400
IMPP,2025-09-10,3.76,4,3.76,4,0.26,+6.95%,1477700
IMPP,2025-09-11,4.07,4.16,3.9001,4.08,0.08,+2.00%,826400
IMPP,2025-09-12,4.08,4.7499,4.057,4.47,0.39,+9.56%,1260300
IMPP,2025-09-15,4.54,4.7472,4.425,4.71,0.24,+5.37%,749900
IMPP,2025-09-16,4.71,4.765,4.58,4.59,-0.12,-2.55%,415900
IMPP,2025-09-17,4.55,4.6183,4.435,4.5,-0.09,-1.96%,419400
IMPP,2025-09-18,4.49,4.65,4.43,4.63,0.13,+2.89%,368900
IMPP,2025-09-19,4.63,4.74,4.475,4.61,-0.02,-0.43%,382900
IMPP,2025-09-22,4.5,4.63,4.28,4.55,-0.06,-1.30%,339100
IMPP,2025-09-23,4.47,4.64,4.46,4.56,0.01,+0.22%,251200
IMPP,2025-09-24,4.55,5.08,4.55,4.92,0.36,+7.89%,815500
IMPP,2025-09-25,4.93,5.25,4.9,5.1,0.18,+3.66%,683300
IMPP,2025-09-26,5.1,5.21,4.92,5,-0.1,-1.96%,447600
IMPP,2025-09-29,4.98,5.05,4.58,4.74,-0.26,-5.20%,611000
IMPP,2025-09-30,4.68,4.9136,4.6382,4.78,0.04,+0.84%,274900
IMPP,2025-10-01,4.72,5.03,4.72,4.98,0.2,+4.18%,337900
IMPP,2025-10-02,5.03,5.045,4.83,4.89,-0.09,-1.81%,214000
IMPP,2025-10-03,4.88,4.9,4.66,4.77,-0.12,-2.45%,352800
IMPP,2025-10-06,4.77,4.78,4.54,4.71,-0.06,-1.26%,341300
IMPP,2025-10-07,4.74,4.89,4.68,4.75,0.04,+0.85%,204300
IMPP,2025-10-08,4.75,4.9,4.7,4.79,0.04,+0.84%,227400
IMPP,2025-10-09,4.78,4.89,4.7036,4.74,-0.05,-1.04%,197000
IMPP,2025-10-10,4.76,4.86,4.2714,4.37,-0.37,-7.81%,562500
IMPP,2025-10-13,4.43,4.69,4.43,4.52,0.15,+3.43%,264600
IMPP,2025-10-14,4.48,4.6099,4.4516,4.56,0.04,+0.88%,149000
IMPP,2025-10-15,4.55,4.79,4.54,4.62,0.06,+1.32%,177400
IMPP,2025-10-16,4.59,4.79,4.54,4.55,-0.07,-1.52%,148100
IMPP,2025-10-17,4.53,4.602,4.36,4.39,-0.16,-3.52%,192400
IMPP,2025-10-20,4.45,5.555,4.44,5.33,0.94,+21.41%,2720100
IMPP,2025-10-21,5.33,5.33,5.01,5.05,-0.28,-5.25%,672100
IMPP,2025-10-22,5.29,5.29,4.95,5.09,0.04,+0.79%,1290000
IMPP,2025-10-23,5.3,5.78,5.06,5.27,0.18,+3.54%,1782500
IMPP,2025-10-24,5.31,5.43,5.08,5.09,-0.18,-3.42%,521100
IMPP,2025-10-27,5.14,5.339,5.08,5.24,0.15,+2.95%,407900
IMPP,2025-10-28,5.25,5.49,5.22,5.34,0.1,+1.91%,363900
IMPP,2025-10-29,5.28,5.45,5.18,5.37,0.03,+0.56%,303900
IMPP,2025-10-30,5.37,5.44,5.2,5.22,-0.15,-2.79%,257800
IMPP,2025-10-31,5.27,5.59,5.21,5.51,0.29,+5.56%,302000
IMPP,2025-11-03,5.54,5.75,5.35,5.62,0.11,+2.00%,476800
IMPP,2025-11-04,5.58,5.61,5.4,5.51,-0.11,-1.96%,307800
IMPP,2025-11-05,5.53,5.88,5.52,5.73,0.22,+3.99%,566300
IMPP,2025-11-06,5.82,5.98,5.59,5.61,-0.12,-2.09%,437100
IMPP,2025-11-07,5.53,5.7128,5.32,5.38,-0.23,-4.10%,370900
IMPP,2025-11-10,5.58,6.07,5.5,5.92,0.54,+10.04%,816800
IMPP,2025-11-11,5.94,6.3,5.92,6.12,0.2,+3.38%,821100
IMPP,2025-11-12,6.23,6.26,6,6.14,0.02,+0.33%,658100
IMPP,2025-11-13,6.13,6.4,5.83,5.93,-0.21,-3.42%,768300
IMPP,2025-11-14,5.78,5.94,5.52,5.84,-0.09,-1.52%,554000
IMPP,2025-11-17,5.98,6.11,5.86,6.1,0.26,+4.45%,511200
IMPP,2025-11-18,6.06,6.4,5.97,6.23,0.13,+2.13%,765600
IMPP,2025-11-19,6.17,6.34,6.05,6.28,0.05,+0.80%,497200
IMPP,2025-11-20,6.41,6.57,5.74,5.79,-0.49,-7.80%,1093800
IMPP,2025-11-21,5.77,5.89,5.44,5.67,-0.12,-2.07%,492900
IMPP,2025-11-24,6.13,6.4858,5.845,6.35,0.68,+11.99%,954500
IMPP,2025-11-25,6.45,6.49,5.94,6.26,-0.09,-1.42%,857100
IMPP,2025-11-26,6.34,6.34,5.87,6,-0.26,-4.15%,1017300
IMPP,2025-11-28,5.42,5.43,4.52,4.69,-1.31,-21.83%,3708700
IMPP,2025-12-01,4.69,4.79,4.46,4.58,-0.11,-2.35%,2200900
IMPP,2025-12-02,4.48,4.54,4.02,4.18,-0.4,-8.73%,2440700
IMPP,2025-12-03,4.2,4.4282,4.195,4.33,0.15,+3.59%,856700
IMPP,2025-12-04,4.41,4.69,4.34,4.6,0.27,+6.24%,1081100
IMPP,2025-12-05,4.58,4.7,4.5,4.57,-0.03,-0.65%,558000
IMPP,2025-12-08,4.57,4.7907,4.55,4.66,0.09,+1.97%,837100
IMPP,2025-12-09,4.66,4.81,4.65,4.8,0.14,+3.00%,638100
IMPP,2025-12-10,4.74,4.74,4.29,4.48,-0.32,-6.67%,1149500
IMPP,2025-12-11,4.4,4.41,4.04,4.26,-0.22,-4.91%,1299500
IMPP,2025-12-12,4.2,4.49,4.08,4.22,-0.04,-0.94%,1678700
IMPP,2025-12-15,4.22,4.22,4.06,4.11,-0.11,-2.61%,601300
IMPP,2025-12-16,4.11,4.205,3.97,3.99,-0.12,-2.92%,587800
IMPP,2025-12-17,4.04,4.08,3.94,3.99,0,0.00%,819000
IMPP,2025-12-18,3.97,4.01,3.78,3.8,-0.19,-4.76%,884700
IMPP,2025-12-19,3.69,3.87,3.67,3.83,0.03,+0.79%,954600
IMPP,2025-12-22,3.82,3.96,3.7301,3.84,0.01,+0.26%,733800
IMPP,2025-12-23,3.8,3.83,3.7,3.79,-0.05,-1.30%,462100
IMPP,2025-12-24,3.77,3.84,3.7,3.76,-0.03,-0.79%,298300
IMPP,2025-12-26,3.75,3.79,3.6227,3.72,-0.04,-1.06%,688700
IMPP,2025-12-29,3.65,3.69,3.5801,3.63,-0.09,-2.42%,641000
IMPP,2025-12-30,3.59,3.65,3.5,3.6,-0.03,-0.83%,498100
IMPP,2025-12-31,3.6,3.67,3.575,3.62,0.02,+0.56%,303400
IMPP,2026-01-02,3.71,3.77,3.56,3.65,0.03,+0.83%,400600
IMPP,2026-01-05,3.7,3.77,3.61,3.74,0.09,+2.47%,690000
IMPP,2026-01-06,3.79,3.88,3.71,3.77,0.03,+0.80%,713600
IMPP,2026-01-07,3.76,3.77,3.6318,3.73,-0.04,-1.06%,447000
IMPP,2026-01-08,3.75,3.85,3.69,3.75,0.02,+0.54%,579100
IMPP,2026-01-09,3.77,3.8,3.7223,3.77,0.02,+0.53%,345100
IMPP,2026-01-12,3.74,3.95,3.69,3.82,0.05,+1.33%,577100
IMPP,2026-01-13,3.85,3.97,3.85,3.88,0.06,+1.57%,401600
IMPP,2026-01-14,4,4.1,3.92,3.98,0.1,+2.58%,936200
IMPP,2026-01-15,3.97,3.97,3.8,3.88,-0.1,-2.51%,417400
IMPP,2026-01-16,3.89,3.92,3.7,3.7,-0.18,-4.64%,410400
IMPP,2026-01-20,3.75,3.7696,3.555,3.71,0.01,+0.27%,756500
IMPP,2026-01-21,3.71,3.77,3.5546,3.64,-0.07,-1.89%,480000
IMPP,2026-01-22,3.66,3.67,3.57,3.61,-0.03,-0.82%,466200
IMPP,2026-01-23,3.59,3.675,3.515,3.6,-0.01,-0.28%,579300
IMPP,2026-01-26,3.41,3.53,3.23,3.35,-0.25,-6.94%,2380000
IMPP,2026-01-27,3.34,3.48,3.33,3.47,0.12,+3.58%,1066200
IMPP,2026-01-28,3.5,3.54,3.4001,3.51,0.04,+1.15%,637400
IMPP,2026-01-29,3.58,3.59,3.435,3.46,-0.05,-1.42%,715100
IMPP,2026-01-30,3.46,3.57,3.42,3.53,0.07,+2.02%,754200
IMPP,2026-02-02,3.53,3.59,3.46,3.5,-0.03,-0.85%,464000
IMPP,2026-02-03,3.48,3.525,3.43,3.49,-0.01,-0.29%,426700
IMPP,2026-02-04,3.45,3.45,3.25,3.32,-0.17,-4.87%,691600
IMPP,2026-02-05,3.28,3.3084,3.16,3.22,-0.1,-3.01%,444000
IMPP,2026-02-06,3.15,3.395,3.15,3.33,0.11,+3.42%,374100
IMPP,2026-02-09,3.52,3.97,3.52,3.68,0.35,+10.51%,2040900
IMPP,2026-02-10,3.68,3.725,3.615,3.65,-0.03,-0.82%,403400
IMPP,2026-02-11,3.71,3.78,3.62,3.75,0.1,+2.74%,881200
IMPP,2026-02-12,3.76,3.76,3.59,3.63,-0.12,-3.20%,475000
IMPP,2026-02-13,3.61,3.72,3.57,3.68,0.05,+1.38%,215900
IMPP,2026-02-17,3.62,3.62,3.47,3.59,-0.09,-2.45%,478100
IMPP,2026-02-18,3.55,3.815,3.54,3.78,0.19,+5.29%,397600
IMPP,2026-02-19,3.77,3.965,3.68,3.94,0.16,+4.23%,548100
IMPP,2026-02-20,3.9,3.98,3.77,3.97,0.03,+0.76%,379200
IMPP,2026-02-23,3.93,4.03,3.88,3.95,-0.02,-0.50%,360300
IMPP,2026-02-24,3.95,4.35,3.9,4.3,0.35,+8.86%,1023100
IMPP,2026-02-25,4.3,4.3,4.04,4.11,-0.19,-4.42%,348100
IMPP,2026-02-26,4.11,4.29,3.96,4.28,0.17,+4.14%,499200
IMPP,2026-02-27,4.28,4.29,4.1702,4.25,-0.03,-0.70%,308200
IMPP,2026-03-02,4.61,4.9,4.28,4.4,0.15,+3.53%,2248000
IMPP,2026-03-03,4.4,4.4,4.0699,4.1,-0.3,-6.82%,1746900
IMPP,2026-03-04,4.09,4.21,3.88,4.14,0.04,+0.98%,849500
IMPP,2026-03-05,4.09,4.25,3.96,4.175,0.035,+0.85%,769000
IMPP,2026-03-06,4.38,4.7399,4.2,4.53,0.355,+8.50%,3177520
IMPP,2026-03-09,4.56,4.94,4.25,4.83,0.3,+6.62%,2278700
IMPP,2026-03-10,4.65,4.715,4.48,4.53,-0.3,-6.21%,1210600
IMPP,2026-03-11,4.47,4.81,4.38,4.8,0.27,+5.96%,888500
IMPP,2026-03-12,4.755,4.79,4.61,4.66,-0.14,-2.92%,461500
IMPP,2026-03-13,4.66,4.66,4.46,4.62,-0.04,-0.86%,672200
IMPP,2026-03-16,4.6,4.82,4.58,4.67,0.05,+1.08%,583300
IMPP,2026-03-17,4.68,4.7948,4.6,4.66,-0.01,-0.21%,544800
IMPP,2026-03-18,4.57,4.635,4.32,4.61,-0.05,-1.07%,936300
IMPP,2026-03-19,4.59,4.69,4.5,4.58,-0.03,-0.65%,447700
IMPP,2026-03-20,4.59,4.6142,4.33,4.36,-0.22,-4.80%,572700
IMPP,2026-03-23,4.3,4.52,4.1201,4.46,0.1,+2.29%,786400
IMPP,2026-03-24,4.46,4.53,4.35,4.49,0.03,+0.67%,739700
IMPP,2026-03-25,4.49,4.52,4.325,4.42,-0.07,-1.56%,510800
IMPP,2026-03-26,4.4,4.525,4.33,4.43,0.01,+0.23%,535400
IMPP,2026-03-27,4.47,4.56,4.4,4.54,0.11,+2.48%,462500
IMPP,2026-03-30,4.45,4.54,4.37,4.4,-0.14,-3.08%,647300
IMPP,2026-03-31,4.39,4.4655,4.22,4.28,-0.12,-2.73%,838500
IMPP,2026-04-01,4.22,4.35,4.21,4.31,0.03,+0.70%,499900
IMPP,2026-04-02,4.27,4.5399,4.16,4.51,0.2,+4.64%,619500
IMPP,2026-04-06,4.48,4.65,4.34,4.42,-0.09,-2.00%,592600
IMPP,2026-04-07,4.41,4.44,4.255,4.29,-0.13,-2.94%,547300
IMPP,2026-04-08,4.23,4.36,4.06,4.3,0.01,+0.23%,822400
IMPP,2026-04-09,4.36,4.3885,4.24,4.29,-0.01,-0.23%,461200
IMPP,2026-04-10,4.3,4.3,4.19,4.25,-0.04,-0.93%,379100
IMPP,2026-04-13,4.28,4.42,4.25,4.37,0.12,+2.82%,506400
IMPP,2026-04-14,4.3,4.39,4.235,4.27,-0.1,-2.29%,540100
IMPP,2026-04-15,4.26,4.34,4.24,4.3,0.03,+0.70%,520700
IMPP,2026-04-16,4.28,4.38,4.26,4.37,0.07,+1.63%,379800
IMPP,2026-04-17,4.38,4.44,4.23,4.25,-0.12,-2.75%,608000
IMPP,2026-04-20,4.26,4.33,4.1,4.22,-0.03,-0.71%,418800
IMPP,2026-04-21,4.25,4.305,4.22,4.26,0.04,+0.95%,473400
IMPP,2026-04-22,4.29,4.39,4.225,4.39,0.13,+3.05%,457900
IMPP,2026-04-23,4.4,4.515,4.325,4.5,0.11,+2.51%,552600
IMPP,2026-04-24,4.48,4.67,4.41,4.64,0.14,+3.11%,520400
IMRN,2021-09-23,4.52,4.7,4,4.15,-0.49,-10.56%,340700
IMRN,2021-09-24,4.69,5.2,4.11,4.55,0.4,+9.64%,1792700
IMRN,2021-09-27,4.56,4.7,4.0511,4.35,-0.2,-4.40%,126600
IMRN,2021-09-28,4.16,4.43,4.14,4.3,-0.05,-1.15%,42500
IMRN,2021-09-29,4.12,4.3,3.91,4.04,-0.26,-6.05%,58600
IMRN,2021-09-30,4,4.1,3.91,3.97,-0.07,-1.73%,32000
IMRN,2021-10-01,4,4.4778,4,4.15,0.18,+4.53%,67500
IMRN,2021-10-04,4.25,4.25,3.97,4,-0.15,-3.61%,25200
IMRN,2021-10-05,4.05,4.1,3.49,3.82,-0.18,-4.50%,40500
IMRN,2021-10-06,3.71,3.78,3.4,3.45,-0.37,-9.69%,101700
IMRN,2021-10-07,3.66,3.66,3.5,3.52,0.07,+2.03%,37200
IMRN,2021-10-08,3.62,3.88,3.61,3.77,0.25,+7.10%,475500
IMRN,2021-10-11,3.62,3.85,3.62,3.79,0.02,+0.53%,27700
IMRN,2021-10-12,3.75,3.7887,3.68,3.75,-0.04,-1.06%,65200
IMRN,2021-10-13,3.69,3.7999,3.69,3.7,-0.05,-1.33%,9900
IMRN,2021-10-14,3.73,3.8,3.64,3.64,-0.06,-1.62%,75300
IMRN,2021-10-15,3.64,3.7,3.55,3.56,-0.08,-2.20%,18700
IMRN,2021-10-18,3.62,3.62,3.55,3.55,-0.01,-0.28%,20700
IMRN,2021-10-19,3.58,3.7486,3.55,3.71,0.16,+4.51%,19000
IMRN,2021-10-20,3.6,3.73,3.57,3.6,-0.11,-2.96%,16000
IMRN,2021-10-21,3.65,3.73,3.6,3.61,0.01,+0.28%,17100
IMRN,2021-10-22,3.56,3.6323,3.55,3.55,-0.06,-1.66%,16300
IMRN,2021-10-25,3.52,3.738,3.51,3.57,0.02,+0.56%,27300
IMRN,2021-10-26,3.6,4,3.53,3.79,0.22,+6.16%,57600
IMRN,2021-10-27,3.78,3.8999,3.7001,3.8899,0.0999,+2.64%,26100
IMRN,2021-10-28,3.79,3.86,3.75,3.76,-0.1299,-3.34%,17900
IMRN,2021-10-29,3.71,3.79,3.5701,3.67,-0.09,-2.39%,27800
IMRN,2021-11-01,3.59,3.85,3.59,3.85,0.18,+4.90%,28100
IMRN,2021-11-02,3.7,3.8,3.7,3.75,-0.1,-2.60%,16100
IMRN,2021-11-03,3.68,3.9499,3.68,3.73,-0.02,-0.53%,53400
IMRN,2021-11-04,3.74,4.1238,3.74,3.81,0.08,+2.14%,107400
IMRN,2021-11-05,3.72,3.94,3.55,3.5801,-0.2299,-6.03%,60400
IMRN,2021-11-08,3.6,3.7896,3.5938,3.68,0.0999,+2.79%,21000
IMRN,2021-11-09,3.69,3.75,3.6343,3.6997,0.0197,+0.54%,10700
IMRN,2021-11-10,3.7,3.89,3.6309,3.79,0.0903,+2.44%,29400
IMRN,2021-11-11,3.64,3.7599,3.33,3.52,-0.27,-7.12%,83300
IMRN,2021-11-12,3.4535,3.65,3.4535,3.63,0.11,+3.13%,12400
IMRN,2021-11-15,3.61,3.7,3.6,3.69,0.06,+1.65%,15700
IMRN,2021-11-16,3.6834,3.7319,3.6,3.69,0,0.00%,6500
IMRN,2021-11-17,3.58,3.63,3.515,3.63,-0.06,-1.63%,10300
IMRN,2021-11-18,3.51,3.58,3.43,3.43,-0.2,-5.51%,13300
IMRN,2021-11-19,3.44,3.47,3.41,3.44,0.01,+0.29%,12000
IMRN,2021-11-22,3.44,3.515,3.2,3.315,-0.125,-3.63%,28800
IMRN,2021-11-23,3.25,3.3368,3.25,3.3,-0.015,-0.45%,25400
IMRN,2021-11-24,3.28,3.29,3.2,3.24,-0.06,-1.82%,10100
IMRN,2021-11-26,3.2,3.45,3.15,3.4,0.16,+4.94%,17600
IMRN,2021-11-29,3.42,3.42,3.3399,3.4,0,0.00%,5000
IMRN,2021-11-30,3.32,3.34,3.2,3.24,-0.16,-4.71%,12400
IMRN,2021-12-01,3.16,3.1859,3.06,3.13,-0.11,-3.40%,14800
IMRN,2021-12-02,3.06,3.14,3.05,3.13,0,0.00%,12800
IMRN,2021-12-03,3.01,3.09,2.995,3.045,-0.085,-2.72%,10500
IMRN,2021-12-06,3,3.015,2.9001,2.94,-0.105,-3.45%,7400
IMRN,2021-12-07,2.88,2.95,2.88,2.9401,0.0001,0.00%,24600
IMRN,2021-12-08,2.9,3.1799,2.8912,3.12,0.1799,+6.12%,28500
IMRN,2021-12-09,3.13,3.165,3.09,3.165,0.045,+1.44%,3300
IMRN,2021-12-10,3.08,3.08,2.97,3.0002,-0.1648,-5.21%,15300
IMRN,2021-12-13,2.96,3.1399,2.86,2.86,-0.1402,-4.67%,19500
IMRN,2021-12-14,2.8002,2.97,2.8,2.8434,-0.0166,-0.58%,11500
IMRN,2021-12-15,2.9,2.9,2.8,2.82,-0.0234,-0.82%,7400
IMRN,2021-12-16,2.83,2.83,2.75,2.82,0,0.00%,28200
IMRN,2021-12-17,2.8,3.1,2.8,2.97,0.15,+5.32%,46200
IMRN,2021-12-20,2.84,2.96,2.8,2.88,-0.09,-3.03%,22400
IMRN,2021-12-21,2.8601,2.96,2.8401,2.863,-0.017,-0.59%,28800
IMRN,2021-12-22,2.8309,2.99,2.8171,2.915,0.052,+1.82%,15400
IMRN,2021-12-23,3.04,3.04,2.8506,2.9,-0.015,-0.51%,14900
IMRN,2021-12-27,2.82,2.82,2.56,2.65,-0.25,-8.62%,39800
IMRN,2021-12-28,2.65,2.6813,2.32,2.37,-0.28,-10.57%,57900
IMRN,2021-12-29,2.7,2.7,2.356,2.45,0.08,+3.38%,56200
IMRN,2021-12-30,2.5,2.62,2.45,2.5767,0.1267,+5.17%,52100
IMRN,2021-12-31,2.615,2.615,2.45,2.5,-0.0767,-2.98%,39600
IMRN,2022-01-03,2.52,2.74,2.51,2.61,0.11,+4.40%,11600
IMRN,2022-01-04,2.624,2.78,2.624,2.7,0.09,+3.45%,3800
IMRN,2022-01-05,2.76,3.41,2.71,2.93,0.23,+8.52%,979300
IMRN,2022-01-06,2.82,2.84,2.37,2.66,-0.27,-9.22%,143900
IMRN,2022-01-07,2.63,2.72,2.5,2.6104,-0.0496,-1.86%,33800
IMRN,2022-01-10,2.56,2.57,2.5,2.5519,-0.0585,-2.24%,27900
IMRN,2022-01-11,2.5201,2.71,2.5201,2.62,0.0681,+2.67%,57700
IMRN,2022-01-12,4.05,4.06,3.47,3.83,1.21,+46.18%,46552300
IMRN,2022-01-13,3.6,3.6784,3.34,3.52,-0.31,-8.09%,1820600
IMRN,2022-01-14,3.48,3.5,3.21,3.39,-0.13,-3.69%,485400
IMRN,2022-01-18,3.2,4.4,3.2,4.23,0.84,+24.78%,5557400
IMRN,2022-01-19,4.05,4.0593,3.72,3.84,-0.39,-9.22%,474100
IMRN,2022-01-20,3.88,4.3,3.56,3.59,-0.25,-6.51%,364600
IMRN,2022-01-21,3.5,3.6249,3.35,3.52,-0.07,-1.95%,176200
IMRN,2022-01-24,3.45,3.75,3.39,3.6,0.08,+2.27%,540500
IMRN,2022-01-25,3.61,3.76,3.36,3.71,0.11,+3.06%,434800
IMRN,2022-01-26,3.58,3.8,3.58,3.69,-0.02,-0.54%,68400
IMRN,2022-01-27,3.6,3.79,3.46,3.49,-0.2,-5.42%,274700
IMRN,2022-01-28,3.49,4.2,3.46,3.9,0.41,+11.75%,430500
IMRN,2022-01-31,3.79,4.2,3.79,4.12,0.22,+5.64%,178300
IMRN,2022-02-01,4.12,4.265,3.97,4.17,0.05,+1.21%,83300
IMRN,2022-02-02,4.05,4.15,3.72,3.79,-0.38,-9.11%,69900
IMRN,2022-02-03,3.82,3.9,3.77,3.78,-0.01,-0.26%,17900
IMRN,2022-02-04,3.76,4.0602,3.7036,3.76,-0.02,-0.53%,81100
IMRN,2022-02-07,3.81,3.92,3.39,3.51,-0.25,-6.65%,104100
IMRN,2022-02-08,3.545,3.545,3.36,3.4,-0.11,-3.13%,52600
IMRN,2022-02-09,3.36,3.69,3.36,3.46,0.06,+1.76%,46100
IMRN,2022-02-10,3.41,3.49,3.3,3.35,-0.11,-3.18%,33000
IMRN,2022-02-11,3.37,3.44,3.265,3.27,-0.08,-2.39%,49200
IMRN,2022-02-14,3.27,3.31,3.12,3.13,-0.14,-4.28%,23300
IMRN,2022-02-15,3.14,3.2942,3.1378,3.16,0.03,+0.96%,7500
IMRN,2022-02-16,3.16,3.25,3.15,3.21,0.05,+1.58%,13500
IMRN,2022-02-17,3.26,3.26,3.05,3.19,-0.02,-0.62%,120500
IMRN,2022-02-18,3.11,3.4,3.11,3.16,-0.03,-0.94%,44900
IMRN,2022-02-22,3.11,3.11,2.88,2.9092,-0.2508,-7.94%,33000
IMRN,2022-02-23,2.96,3.1101,2.83,2.93,0.0208,+0.71%,17900
IMRN,2022-02-24,2.78,2.96,2.78,2.89,-0.04,-1.37%,53800
IMRN,2022-02-25,2.91,3.1,2.75,2.98,0.09,+3.11%,62200
IMRN,2022-02-28,2.9,3.1,2.79,2.9,-0.08,-2.68%,40300
IMRN,2022-03-01,2.87,3.125,2.75,2.94,0.04,+1.38%,24800
IMRN,2022-03-02,2.91,3.07,2.76,3,0.06,+2.04%,19800
IMRN,2022-03-03,2.84,2.94,2.84,2.9201,-0.0799,-2.66%,1300
IMRN,2022-03-04,2.96,2.99,2.85,2.85,-0.0701,-2.40%,3300
IMRN,2022-03-07,2.85,2.88,2.71,2.71,-0.14,-4.91%,11100
IMRN,2022-03-08,2.9,2.9899,2.55,2.7,-0.01,-0.37%,39600
IMRN,2022-03-09,2.7,2.9099,2.7,2.9,0.2,+7.41%,12900
IMRN,2022-03-10,2.8301,2.9499,2.8301,2.89,-0.01,-0.34%,11100
IMRN,2022-03-11,2.84,2.88,2.72,2.88,-0.01,-0.35%,8500
IMRN,2022-03-14,2.69,2.9,2.69,2.88,0,0.00%,4800
IMRN,2022-03-15,2.79,2.88,2.7503,2.88,0,0.00%,4800
IMRN,2022-03-16,2.91,3,2.8145,2.9,0.02,+0.69%,2800
IMRN,2022-03-17,3.1,3.12,2.992,3.06,0.16,+5.52%,33900
IMRN,2022-03-18,3.16,3.35,3.06,3.13,0.07,+2.29%,28400
IMRN,2022-03-21,3.14,3.21,3.008,3.05,-0.08,-2.56%,15500
IMRN,2022-03-22,3.17,3.3,3.12,3.15,0.1,+3.28%,6000
IMRN,2022-03-23,3.21,3.28,3.11,3.21,0.06,+1.90%,5400
IMRN,2022-03-24,3.26,3.33,3.1801,3.31,0.1,+3.12%,5000
IMRN,2022-03-25,3.26,3.28,3.19,3.27,-0.04,-1.21%,2700
IMRN,2022-03-28,3.3,3.36,3.0724,3.29,0.02,+0.61%,5500
IMRN,2022-03-29,3.24,3.24,3.137,3.24,-0.05,-1.52%,2000
IMRN,2022-03-30,3.22,3.3,3.1916,3.29,0.05,+1.54%,5800
IMRN,2022-03-31,3.16,3.3899,3.16,3.36,0.07,+2.13%,6500
IMRN,2022-04-01,3.32,3.32,3.17,3.29,-0.07,-2.08%,5500
IMRN,2022-04-04,3.32,3.44,3.23,3.23,-0.06,-1.82%,3800
IMRN,2022-04-05,3.33,3.36,3.24,3.27,0.04,+1.24%,4400
IMRN,2022-04-06,3.19,3.23,3.19,3.2,-0.07,-2.14%,4600
IMRN,2022-04-07,3.16,3.16,2.96,3.08,-0.12,-3.75%,33800
IMRN,2022-04-08,2.9128,3.05,2.9128,3.05,-0.03,-0.97%,5400
IMRN,2022-04-11,3.05,3.21,3,3.21,0.16,+5.25%,2800
IMRN,2022-04-12,3.13,3.15,3.04,3.05,-0.16,-4.98%,4300
IMRN,2022-04-13,3,3.115,2.99,3.06,0.01,+0.33%,3800
IMRN,2022-04-14,3.06,3.06,2.9007,2.96,-0.1,-3.27%,9100
IMRN,2022-04-18,2.72,2.95,2.72,2.95,-0.01,-0.34%,4900
IMRN,2022-04-19,3.09,3.3,2.923,3.09,0.14,+4.75%,10300
IMRN,2022-04-20,3.21,3.21,3.0001,3.1,0.01,+0.32%,9400
IMRN,2022-04-21,3.2,3.2,3.1,3.16,0.06,+1.94%,1900
IMRN,2022-04-22,3.28,3.28,3.056,3.09,-0.07,-2.22%,2200
IMRN,2022-04-25,3.01,3.045,3,3.045,-0.045,-1.46%,3000
IMRN,2022-04-26,3.04,3.08,3,3.08,0.035,+1.15%,3900
IMRN,2022-04-27,3.1,3.24,3.1,3.24,0.16,+5.19%,7900
IMRN,2022-04-28,3.0524,3.2045,3.0524,3.1,-0.14,-4.32%,1900
IMRN,2022-04-29,3.1,3.2598,3.05,3.11,0.01,+0.32%,12400
IMRN,2022-05-02,2.93,3.02,2.82,2.98,-0.13,-4.18%,22800
IMRN,2022-05-03,2.97,3.2454,2.9,3.1267,0.1467,+4.92%,4600
IMRN,2022-05-04,3.07,3.07,2.8824,2.8824,-0.2443,-7.81%,1100
IMRN,2022-05-05,3.18,3.18,2.9,2.9,0.0176,+0.61%,3900
IMRN,2022-05-06,2.82,3.0467,2.8,2.8125,-0.0875,-3.02%,5800
IMRN,2022-05-09,2.81,2.81,2.75,2.79,-0.0225,-0.80%,13900
IMRN,2022-05-10,2.5101,2.9,2.5101,2.65,-0.14,-5.02%,4000
IMRN,2022-05-11,2.65,2.84,2.65,2.69,0.04,+1.51%,10600
IMRN,2022-05-12,2.65,2.9,2.65,2.9,0.21,+7.81%,4200
IMRN,2022-05-13,2.78,2.9097,2.6699,2.75,-0.15,-5.17%,4500
IMRN,2022-05-16,2.75,2.75,2.6723,2.6723,-0.0777,-2.83%,1300
IMRN,2022-05-17,2.77,2.78,2.67,2.73,0.0577,+2.16%,13400
IMRN,2022-05-18,2.72,2.94,2.7,2.73,0,0.00%,10600
IMRN,2022-05-19,2.6244,2.6244,2.6244,2.6244,-0.1056,-3.87%,500
IMRN,2022-05-20,2.88,2.88,2.62,2.78,0.1556,+5.93%,4500
IMRN,2022-05-23,2.8532,2.86,2.79,2.825,0.045,+1.62%,4000
IMRN,2022-05-24,2.65,2.79,2.6,2.74,-0.085,-3.01%,3800
IMRN,2022-05-25,2.6153,2.75,2.6153,2.75,0.01,+0.36%,1500
IMRN,2022-05-26,2.75,2.75,2.65,2.7,-0.05,-1.82%,4100
IMRN,2022-05-27,2.7,2.8,2.7,2.8,0.1,+3.70%,7800
IMRN,2022-05-31,2.64,2.9999,2.62,2.84,0.04,+1.43%,10300
IMRN,2022-06-01,2.78,2.83,2.6901,2.83,-0.01,-0.35%,1300
IMRN,2022-06-02,2.82,2.98,2.82,2.98,0.15,+5.30%,1500
IMRN,2022-06-03,2.89,2.89,2.62,2.88,-0.1,-3.36%,1400
IMRN,2022-06-06,2.88,2.9,2.81,2.9,0.02,+0.69%,2000
IMRN,2022-06-07,2.88,2.92,2.72,2.92,0.02,+0.69%,2800
IMRN,2022-06-08,2.7479,2.92,2.7479,2.92,0,0.00%,1200
IMRN,2022-06-09,2.9,2.901,2.75,2.75,-0.17,-5.82%,900
IMRN,2022-06-10,2.77,2.77,2.5301,2.7239,-0.0261,-0.95%,6100
IMRN,2022-06-13,2.72,2.72,2.65,2.65,-0.0739,-2.71%,5200
IMRN,2022-06-14,2.5,2.545,2.5,2.545,-0.105,-3.96%,3300
IMRN,2022-06-15,2.5,2.7,2.4,2.7,0.155,+6.09%,14100
IMRN,2022-06-16,2.48,2.68,2.38,2.4,-0.3,-11.11%,2600
IMRN,2022-06-17,2.4,2.66,2.355,2.66,0.26,+10.83%,2500
IMRN,2022-06-21,2.36,2.6651,2.36,2.6651,0.0051,+0.19%,3700
IMRN,2022-06-22,2.53,2.585,2.365,2.365,-0.3001,-11.26%,4400
IMRN,2022-06-23,2.43,2.7,2.36,2.51,0.145,+6.13%,4700
IMRN,2022-06-24,2.47,2.95,2.44,2.6,0.09,+3.59%,4500
IMRN,2022-06-27,2.36,2.5999,2.36,2.492,-0.108,-4.15%,12100
IMRN,2022-06-28,2.495,2.55,2.4579,2.47,-0.022,-0.88%,1900
IMRN,2022-06-29,2.39,2.5499,2.31,2.3993,-0.0707,-2.86%,9200
IMRN,2022-06-30,2.29,2.5,2.0599,2.14,-0.2593,-10.81%,13500
IMRN,2022-07-01,2.1,2.55,2.0001,2.25,0.11,+5.14%,9800
IMRN,2022-07-05,2.26,2.3199,2.13,2.3199,0.0699,+3.11%,3000
IMRN,2022-07-06,2.22,2.3162,2.15,2.2099,-0.11,-4.74%,20600
IMRN,2022-07-07,2.31,2.8499,2.31,2.58,0.3701,+16.75%,28600
IMRN,2022-07-08,2.38,2.51,2.38,2.5,-0.08,-3.10%,5000
IMRN,2022-07-11,2.7,2.7,2.37,2.38,-0.12,-4.80%,4900
IMRN,2022-07-12,2.36,2.4669,2.3401,2.355,-0.025,-1.05%,8000
IMRN,2022-07-13,2.48,2.5,2.4162,2.43,0.075,+3.18%,2200
IMRN,2022-07-14,2.47,2.52,2.3388,2.39,-0.04,-1.65%,2400
IMRN,2022-07-15,2.45,2.4899,2.435,2.435,0.045,+1.88%,1200
IMRN,2022-07-18,2.39,2.5878,2.39,2.5878,0.1528,+6.28%,1000
IMRN,2022-07-19,2.41,2.53,2.41,2.53,-0.0578,-2.23%,900
IMRN,2022-07-20,2.51,2.63,2.49,2.6,0.07,+2.77%,4900
IMRN,2022-07-21,2.5,2.59,2.5,2.51,-0.09,-3.46%,1600
IMRN,2022-07-22,2.51,2.51,2.51,2.51,0,0.00%,300
IMRN,2022-07-26,2.39,2.39,2.34,2.38,-0.13,-5.18%,1200
IMRN,2022-07-27,2.44,2.44,2.39,2.3973,0.0173,+0.73%,500
IMRN,2022-07-28,2.33,2.3799,2.33,2.3799,-0.0174,-0.73%,800
IMRN,2022-07-29,2.36,2.4,2.3333,2.3477,-0.0322,-1.35%,3200
IMRN,2022-08-01,2.35,2.48,2.28,2.28,-0.0677,-2.88%,2900
IMRN,2022-08-02,2.42,2.42,2.31,2.32,0.04,+1.75%,700
IMRN,2022-08-03,2.42,2.4579,2.41,2.45,0.13,+5.60%,1400
IMRN,2022-08-04,2.51,2.51,2.46,2.4698,0.0198,+0.81%,1300
IMRN,2022-08-05,2.47,2.8,2.31,2.48,0.0102,+0.41%,42300
IMRN,2022-08-08,2.57,2.59,2.3,2.4,-0.08,-3.23%,8300
IMRN,2022-08-09,2.58,2.58,2.49,2.49,0.09,+3.75%,1700
IMRN,2022-08-10,2.51,2.72,2.51,2.71,0.22,+8.84%,800
IMRN,2022-08-11,2.67,2.69,2.57,2.57,-0.14,-5.17%,4700
IMRN,2022-08-12,2.62,2.76,2.6,2.6,0.03,+1.17%,1000
IMRN,2022-08-15,2.6,2.85,2.49,2.75,0.15,+5.77%,41100
IMRN,2022-08-16,2.54,2.77,2.54,2.75,0,0.00%,6300
IMRN,2022-08-17,2.57,2.73,2.55,2.6779,-0.0721,-2.62%,10200
IMRN,2022-08-18,2.57,2.67,2.57,2.62,-0.0579,-2.16%,3300
IMRN,2022-08-19,2.58,2.69,2.58,2.69,0.07,+2.67%,700
IMRN,2022-08-22,2.55,2.73,2.55,2.61,-0.08,-2.97%,2800
IMRN,2022-08-24,2.68,2.68,2.55,2.55,-0.06,-2.30%,500
IMRN,2022-08-25,2.4944,2.585,2.42,2.585,0.035,+1.37%,2900
IMRN,2022-08-26,2.4674,2.6988,2.44,2.444,-0.141,-5.45%,900
IMRN,2022-08-29,2.44,2.7374,2.44,2.555,0.111,+4.54%,1300
IMRN,2022-08-30,2.49,2.505,2.45,2.505,-0.05,-1.96%,1000
IMRN,2022-08-31,2.475,2.5704,2.475,2.5704,0.0654,+2.61%,1700
IMRN,2022-09-01,2.52,2.56,2.4085,2.54,-0.0304,-1.18%,1100
IMRN,2022-09-02,2.475,2.55,2.475,2.48,-0.06,-2.36%,800
IMRN,2022-09-06,2.4151,2.4151,2.4151,2.4151,-0.0649,-2.62%,1300
IMRN,2022-09-07,2.3727,2.4602,2.3,2.44,0.0249,+1.03%,3100
IMRN,2022-09-08,2.35,2.429,2.3,2.3501,-0.0899,-3.68%,3000
IMRN,2022-09-09,2.3599,2.415,2.35,2.415,0.0649,+2.76%,2700
IMRN,2022-09-12,2.39,2.4199,2.37,2.4199,0.0049,+0.20%,6400
IMRN,2022-09-13,2.3202,2.355,2.3,2.3,-0.1199,-4.95%,1900
IMRN,2022-09-14,2.3,2.3001,2.3,2.3,0,0.00%,1400
IMRN,2022-09-15,2.22,2.22,2.2,2.2127,-0.0873,-3.80%,1600
IMRN,2022-09-16,2.24,2.3069,2.24,2.3069,0.0942,+4.26%,400
IMRN,2022-09-19,2.17,2.305,2.17,2.305,-0.0019,-0.08%,700
IMRN,2022-09-20,2.26,2.26,2.2401,2.2401,-0.0649,-2.82%,800
IMRN,2022-09-21,2.31,2.31,2.1594,2.16,-0.0801,-3.58%,1700
IMRN,2022-09-22,2.17,2.19,2.17,2.19,0.03,+1.39%,1000
IMRN,2022-09-23,2.15,2.26,2.15,2.22,0.03,+1.37%,1700
IMRN,2022-09-26,2.234,2.234,2.234,2.234,0.014,+0.63%,500
IMRN,2022-09-27,2.25,2.2501,2.23,2.23,-0.004,-0.18%,1900
IMRN,2022-09-28,2.22,2.22,2.22,2.22,-0.01,-0.45%,500
IMRN,2022-09-29,2.13,2.1758,2.13,2.1758,-0.0442,-1.99%,1400
IMRN,2022-09-30,2.1,2.1,2,2.0699,-0.1059,-4.87%,9900
IMRN,2022-10-03,1.963,2,1.94,1.985,-0.0849,-4.10%,14800
IMRN,2022-10-04,2.11,2.2367,2.11,2.23,0.245,+12.34%,2100
IMRN,2022-10-05,1.94,2.1327,1.94,2.025,-0.205,-9.19%,4300
IMRN,2022-10-06,2.05,2.0507,1.9501,1.9501,-0.0749,-3.70%,1300
IMRN,2022-10-07,2.01,2.1093,2.01,2.0299,0.0798,+4.09%,1000
IMRN,2022-10-10,2,2.07,1.94,2.002,-0.0279,-1.37%,1900
IMRN,2022-10-11,2,2.045,1.96,2,-0.002,-0.10%,1800
IMRN,2022-10-12,1.99,1.99,1.98,1.98,-0.02,-1.00%,2200
IMRN,2022-10-13,2,2.1277,2,2.0838,0.1038,+5.24%,2600
IMRN,2022-10-14,2.04,2.04,2.04,2.04,-0.0438,-2.10%,500
IMRN,2022-10-17,2.05,2.05,2.05,2.05,0.01,+0.49%,600
IMRN,2022-10-18,1.948,2.0999,1.9454,2.06,0.01,+0.49%,1800
IMRN,2022-10-20,2.04,2.06,1.95,1.95,-0.11,-5.34%,1700
IMRN,2022-10-21,2.03,2.03,1.6899,1.835,-0.115,-5.90%,5100
IMRN,2022-10-24,2,2,1.9,1.91,0.075,+4.09%,8500
IMRN,2022-10-25,1.86,1.9825,1.86,1.92,0.01,+0.52%,11500
IMRN,2022-10-26,1.91,1.92,1.9,1.92,0,0.00%,4700
IMRN,2022-10-28,1.88,2.0594,1.88,1.97,0.05,+2.60%,1800
IMRN,2022-10-31,1.87,1.95,1.76,1.95,-0.02,-1.02%,800
IMRN,2022-11-01,2.0692,2.0699,1.8208,2.04,0.09,+4.62%,2700
IMRN,2022-11-03,1.85,1.9735,1.8,1.9735,-0.0665,-3.26%,6400
IMRN,2022-11-04,1.95,1.96,1.8001,1.8158,-0.1577,-7.99%,3900
IMRN,2022-11-07,1.88,1.955,1.8,1.955,0.1392,+7.67%,1700
IMRN,2022-11-08,1.95,1.95,1.91,1.91,-0.045,-2.30%,900
IMRN,2022-11-09,1.8175,1.9565,1.81,1.83,-0.08,-4.19%,9000
IMRN,2022-11-10,1.86,1.86,1.86,1.86,0.03,+1.64%,800
IMRN,2022-11-11,1.92,1.92,1.83,1.88,0.02,+1.08%,3300
IMRN,2022-11-14,1.88,2.082,1.86,1.87,-0.01,-0.53%,900
IMRN,2022-11-15,1.87,2.01,1.87,2.01,0.14,+7.49%,1300
IMRN,2022-11-16,2.0075,2.03,2,2.0015,-0.0085,-0.42%,3700
IMRN,2022-11-17,2.0042,2.025,2,2.025,0.0235,+1.17%,6500
IMRN,2022-11-18,1.9,1.9,1.9,1.9,-0.125,-6.17%,400
IMRN,2022-11-22,1.98,1.98,1.8501,1.8501,-0.0499,-2.63%,400
IMRN,2022-11-23,1.91,1.95,1.91,1.95,0.0999,+5.40%,2100
IMRN,2022-11-25,2.05,2.055,1.96,1.97,0.02,+1.03%,2000
IMRN,2022-11-28,1.97,2.06,1.96,1.9697,-0.0003,-0.02%,2400
IMRN,2022-11-29,2,2.08,1.98,2,0.0303,+1.54%,1100
IMRN,2022-11-30,1.9892,2.09,1.966,2.09,0.09,+4.50%,2100
IMRN,2022-12-01,2.02,2.1,2,2,-0.09,-4.31%,10300
IMRN,2022-12-02,2.04,2.1,2.02,2.02,0.02,+1.00%,1400
IMRN,2022-12-05,2.16,2.275,2.1001,2.16,0.14,+6.93%,9000
IMRN,2022-12-06,2.235,2.235,2.15,2.15,-0.01,-0.46%,2000
IMRN,2022-12-07,2.19,2.1901,1.88,2.02,-0.13,-6.05%,31300
IMRN,2022-12-08,1.91,2.0375,1.91,2.036,0.016,+0.79%,1300
IMRN,2022-12-13,2.23,2.23,2.02,2.13,0.094,+4.62%,1000
IMRN,2022-12-14,2.12,2.12,2.1169,2.1169,-0.0131,-0.62%,600
IMRN,2022-12-15,2.02,2.02,1.9473,1.9473,-0.1696,-8.01%,1500
IMRN,2022-12-16,1.96,1.98,1.96,1.98,0.0327,+1.68%,3900
IMRN,2022-12-19,2.39,2.39,1.9201,2.02,0.04,+2.02%,26100
IMRN,2022-12-20,2.0069,2.0499,1.8,1.8,-0.22,-10.89%,1300
IMRN,2022-12-21,1.9372,1.9372,1.9372,1.9372,0.1372,+7.62%,1600
IMRN,2022-12-22,1.73,1.7501,1.39,1.61,-0.3272,-16.89%,148100
IMRN,2022-12-23,2.29,2.85,1.86,1.91,0.3,+18.63%,18712900
IMRN,2022-12-27,1.84,2.69,1.79,2.32,0.41,+21.47%,1341700
IMRN,2022-12-28,2.25,2.74,2.19,2.55,0.23,+9.91%,450600
IMRN,2022-12-29,2.61,2.69,2.35,2.35,-0.2,-7.84%,207400
IMRN,2022-12-30,2.28,2.2801,1.9924,2.08,-0.27,-11.49%,71500
IMRN,2023-01-03,2.08,2.25,2.08,2.19,0.11,+5.29%,26800
IMRN,2023-01-04,2.19,2.3065,2.1,2.1583,-0.0317,-1.45%,26300
IMRN,2023-01-05,2.12,2.19,2.01,2.06,-0.0983,-4.55%,19600
IMRN,2023-01-06,2.1,2.1,1.91,1.95,-0.11,-5.34%,17400
IMRN,2023-01-09,1.98,2.16,1.96,2.02,0.07,+3.59%,39700
IMRN,2023-01-10,2.08,2.15,2.05,2.12,0.1,+4.95%,22900
IMRN,2023-01-11,2.09,2.21,2.0292,2.15,0.03,+1.42%,8200
IMRN,2023-01-12,2.15,2.15,2.05,2.085,-0.065,-3.02%,1700
IMRN,2023-01-13,2.03,2.22,2,2,-0.085,-4.08%,21700
IMRN,2023-01-17,2.22,2.22,2.05,2.0712,0.0712,+3.56%,20900
IMRN,2023-01-18,2.07,2.15,2.01,2.11,0.0388,+1.87%,5000
IMRN,2023-01-19,2.1401,2.26,2.12,2.125,0.015,+0.71%,18100
IMRN,2023-01-20,2.0601,2.23,2.0601,2.1201,-0.0049,-0.23%,5100
IMRN,2023-01-23,2.32,2.34,2.1602,2.19,0.0699,+3.30%,8700
IMRN,2023-01-24,2.14,2.225,2.1,2.15,-0.04,-1.83%,3500
IMRN,2023-01-25,2.18,2.3,2.11,2.225,0.075,+3.49%,89500
IMRN,2023-01-26,2.17,2.2502,2.11,2.12,-0.105,-4.72%,33300
IMRN,2023-01-27,2.2,2.26,2.1269,2.26,0.14,+6.60%,8200
IMRN,2023-01-30,2.13,2.35,2.09,2.0981,-0.1619,-7.16%,111000
IMRN,2023-01-31,2.18,2.34,2,2.29,0.1919,+9.15%,77300
IMRN,2023-02-01,2.2,2.2,2.0328,2.1,-0.19,-8.30%,12000
IMRN,2023-02-02,2.12,2.22,2.1,2.1,0,0.00%,1000
IMRN,2023-02-03,2.19,2.19,2.0601,2.0798,-0.0202,-0.96%,2500
IMRN,2023-02-06,2.09,2.21,2.08,2.08,0.0002,+0.01%,5700
IMRN,2023-02-07,2.03,2.07,2.0006,2.0079,-0.0721,-3.47%,8200
IMRN,2023-02-08,2.1,2.1289,2,2.0108,0.0029,+0.14%,13200
IMRN,2023-02-09,2.07,2.14,1.985,2.005,-0.0058,-0.29%,12000
IMRN,2023-02-10,2.05,2.0565,1.96,1.98,-0.025,-1.25%,9500
IMRN,2023-02-13,1.96,1.98,1.85,1.9648,-0.0152,-0.77%,14600
IMRN,2023-02-14,2.06,2.08,1.9804,2.0076,0.0428,+2.18%,11400
IMRN,2023-02-15,2.02,2.02,2,2.0002,-0.0074,-0.37%,3000
IMRN,2023-02-16,2.1,2.1,2.1,2.1,0.0998,+4.99%,200
IMRN,2023-02-17,2.1,2.1,2.01,2.05,-0.05,-2.38%,2600
IMRN,2023-02-21,2.1849,2.1849,2,2,-0.05,-2.44%,1600
IMRN,2023-02-22,2,2.02,1.928,1.97,-0.03,-1.50%,8400
IMRN,2023-02-23,1.99,2.01,1.99,2.01,0.04,+2.03%,300
IMRN,2023-02-24,2.0301,2.04,2,2.025,0.015,+0.75%,5200
IMRN,2023-02-27,1.87,2.02,1.86,2.02,-0.005,-0.25%,4600
IMRN,2023-02-28,1.7801,1.975,1.7801,1.9599,-0.0601,-2.98%,5800
IMRN,2023-03-01,1.9927,1.9927,1.9927,1.9927,0.0328,+1.67%,500
IMRN,2023-03-02,1.9379,2.01,1.9307,1.965,-0.0277,-1.39%,800
IMRN,2023-03-03,2.02,2.02,1.7601,1.975,0.01,+0.51%,6200
IMRN,2023-03-06,1.91,1.98,1.9038,1.9038,-0.0712,-3.61%,3000
IMRN,2023-03-07,2.01,2.0399,1.911,2.0381,0.1343,+7.05%,4900
IMRN,2023-03-08,2.0399,2.0399,1.8023,1.982,-0.0561,-2.75%,1100
IMRN,2023-03-09,1.97,1.97,1.85,1.9,-0.082,-4.14%,8600
IMRN,2023-03-10,1.935,1.935,1.8096,1.8096,-0.0904,-4.76%,1000
IMRN,2023-03-13,1.97,2.03,1.845,1.87,0.0604,+3.34%,2200
IMRN,2023-03-14,1.82,1.89,1.8055,1.89,0.02,+1.07%,3600
IMRN,2023-03-15,1.93,1.93,1.84,1.87,-0.02,-1.06%,2400
IMRN,2023-03-16,1.95,1.9584,1.7501,1.9584,0.0884,+4.73%,3000
IMRN,2023-03-17,1.8199,1.895,1.816,1.8899,-0.0685,-3.50%,10100
IMRN,2023-03-20,1.77,1.8856,1.77,1.8856,-0.0043,-0.23%,5500
IMRN,2023-03-21,1.8,1.91,1.8,1.91,0.0244,+1.29%,2000
IMRN,2023-03-22,1.9474,1.9474,1.9474,1.9474,0.0374,+1.96%,1000
IMRN,2023-03-23,1.85,1.85,1.85,1.85,-0.0974,-5.00%,400
IMRN,2023-03-24,1.91,1.91,1.91,1.91,0.06,+3.24%,200
IMRN,2023-03-27,1.7132,1.88,1.7132,1.8152,-0.0948,-4.96%,2700
IMRN,2023-03-28,1.71,2.14,1.71,2.14,0.3248,+17.89%,4801
IMRN,2023-03-29,2,2,1.82,1.85,-0.29,-13.55%,3200
IMRN,2023-03-30,1.8927,1.8927,1.73,1.835,-0.015,-0.81%,2700
IMRN,2023-03-31,1.98,1.98,1.77,1.875,0.04,+2.18%,9400
IMRN,2023-04-03,2.0428,2.0428,1.87,1.87,-0.005,-0.27%,2300
IMRN,2023-04-04,1.925,2,1.925,2,0.13,+6.95%,200
IMRN,2023-04-05,1.81,1.9,1.755,1.9,-0.1,-5.00%,1600
IMRN,2023-04-06,1.9384,2.39,1.8101,1.9341,0.0341,+1.79%,24100
IMRN,2023-04-10,1.79,2.1214,1.79,1.93,-0.0041,-0.21%,3200
IMRN,2023-04-11,1.87,2.0499,1.87,1.9648,0.0348,+1.80%,3000
IMRN,2023-04-12,2.04,2.04,2.04,2.04,0.0752,+3.83%,400
IMRN,2023-04-13,2.1,2.14,2.015,2.06,0.02,+0.98%,6900
IMRN,2023-04-14,1.92,2.1131,1.9,2.0952,0.0352,+1.71%,5800
IMRN,2023-04-17,1.89,2.03,1.89,1.98,-0.1152,-5.50%,4000
IMRN,2023-04-18,1.89,2.2199,1.89,2.2199,0.2399,+12.12%,6200
IMRN,2023-04-19,2.07,2.07,1.9834,1.9834,-0.2365,-10.65%,8600
IMRN,2023-04-20,2.04,2.27,2.04,2.12,0.1366,+6.89%,2700
IMRN,2023-04-21,2.04,2.15,2.0385,2.1,-0.02,-0.94%,1000
IMRN,2023-04-24,2.03,2.311,2.03,2.15,0.05,+2.38%,20400
IMRN,2023-04-25,2.33,2.33,1.95,2.13,-0.02,-0.93%,17000
IMRN,2023-04-26,2.26,2.26,1.9158,1.9158,-0.2142,-10.06%,6200
IMRN,2023-04-27,2.23,2.23,1.93,2.21,0.2942,+15.36%,5500
IMRN,2023-04-28,1.9902,2.13,1.9902,2.12,-0.09,-4.07%,1912
IMRN,2023-05-01,2.03,2.11,2.03,2.11,-0.01,-0.47%,1500
IMRN,2023-05-02,2.01,2.1,1.8,1.904,-0.206,-9.76%,13000
IMRN,2023-05-03,2.1,2.1003,1.84,2.0656,0.1616,+8.49%,7300
IMRN,2023-05-04,2.06,2.06,1.89,1.92,-0.1456,-7.05%,1500
IMRN,2023-05-05,1.99,2,1.57,1.87,-0.05,-2.60%,8800
IMRN,2023-05-08,2.95,3.21,2.35,2.68,0.81,+43.32%,21380000
IMRN,2023-05-09,2.5,2.8236,2.4,2.59,-0.09,-3.36%,461400
IMRN,2023-05-10,2.66,2.7,2.5356,2.63,0.04,+1.54%,154700
IMRN,2023-05-11,2.63,2.6345,2.4,2.5,-0.13,-4.94%,56200
IMRN,2023-05-12,2.37,2.49,2.11,2.22,-0.28,-11.20%,93400
IMRN,2023-05-15,2.26,2.32,2.15,2.24,0.02,+0.90%,28800
IMRN,2023-05-16,2.24,2.47,2.1606,2.37,0.13,+5.80%,35300
IMRN,2023-05-17,2.39,2.39,2.2,2.29,-0.08,-3.38%,8800
IMRN,2023-05-18,2.29,2.29,2.0613,2.23,-0.06,-2.62%,12100
IMRN,2023-05-19,2.11,2.1926,2.07,2.07,-0.16,-7.17%,22700
IMRN,2023-05-22,2.19,2.19,1.94,2.03,-0.04,-1.93%,21300
IMRN,2023-05-23,1.9401,2.001,1.88,1.93,-0.1,-4.93%,12700
IMRN,2023-05-24,1.88,1.9815,1.88,1.89,-0.04,-2.07%,17100
IMRN,2023-05-25,1.88,1.95,1.88,1.88,-0.01,-0.53%,38600
IMRN,2023-05-26,1.85,2.05,1.85,1.9501,0.0701,+3.73%,22200
IMRN,2023-05-30,2.04,2.04,1.9001,1.97,0.0199,+1.02%,15300
IMRN,2023-05-31,2.04,2.1,2,2.1,0.13,+6.60%,1100
IMRN,2023-06-01,2.04,2.07,1.95,1.995,-0.105,-5.00%,10600
IMRN,2023-06-02,1.91,2.1,1.87,1.91,-0.085,-4.26%,12500
IMRN,2023-06-05,2.2,2.2,2.02,2.03,0.12,+6.28%,5400
IMRN,2023-06-06,2.04,2.1,1.96,1.99,-0.04,-1.97%,7100
IMRN,2023-06-07,1.9,2,1.9,1.9785,-0.0115,-0.58%,28000
IMRN,2023-06-08,1.92,2.05,1.86,1.98,0.0015,+0.08%,20400
IMRN,2023-06-09,1.96,1.96,1.85,1.86,-0.12,-6.06%,31400
IMRN,2023-06-12,1.87,2.03,1.87,1.87,0.01,+0.54%,28500
IMRN,2023-06-13,1.966,2.02,1.966,2.01,0.14,+7.49%,2500
IMRN,2023-06-14,2.03,2.04,2.01,2.04,0.03,+1.49%,3400
IMRN,2023-06-15,1.96,2.1,1.95,2.03,-0.01,-0.49%,7200
IMRN,2023-06-16,1.87,2.04,1.86,2,-0.03,-1.48%,30000
IMRN,2023-06-20,1.9799,1.9799,1.9107,1.95,-0.05,-2.50%,2100
IMRN,2023-06-21,1.91,2.1,1.91,2.055,0.105,+5.38%,5800
IMRN,2023-06-22,2.04,2.04,1.9288,2.04,-0.015,-0.73%,5500
IMRN,2023-06-23,2.09,2.09,1.9401,1.9401,-0.0999,-4.90%,2600
IMRN,2023-06-26,1.94,2,1.93,1.99,0.0499,+2.57%,2900
IMRN,2023-06-27,1.9,2.07,1.9,1.98,-0.01,-0.50%,12100
IMRN,2023-06-28,1.97,1.9799,1.92,1.9345,-0.0455,-2.30%,5400
IMRN,2023-06-29,1.93,2.04,1.9001,1.9001,-0.0344,-1.78%,8900
IMRN,2023-06-30,2.01,2.05,1.938,2.02,0.1199,+6.31%,3900
IMRN,2023-07-03,2.05,2.05,1.86,1.95,-0.07,-3.47%,11000
IMRN,2023-07-05,2.05,2.21,2.05,2.095,0.145,+7.44%,23700
IMRN,2023-07-06,2.05,2.15,2.0342,2.11,0.015,+0.72%,7600
IMRN,2023-07-07,2.088,2.17,1.9801,1.9906,-0.1194,-5.66%,7000
IMRN,2023-07-10,2.08,2.08,1.95,2.035,0.0444,+2.23%,3000
IMRN,2023-07-11,2.05,2.09,2.006,2.09,0.055,+2.70%,2800
IMRN,2023-07-12,2.05,2.09,2.02,2.02,-0.07,-3.35%,1402
IMRN,2023-07-13,2,2.13,1.93,1.96,-0.06,-2.97%,22600
IMRN,2023-07-14,2.08,2.09,2.0508,2.0513,0.0913,+4.66%,1900
IMRN,2023-07-17,2,2.0399,1.93,1.93,-0.1213,-5.91%,9100
IMRN,2023-07-18,1.9703,2.07,1.95,1.9699,0.0399,+2.07%,7300
IMRN,2023-07-19,1.98,2.0632,1.98,2,0.0301,+1.53%,1400
IMRN,2023-07-20,1.99,2.06,1.93,1.995,-0.005,-0.25%,4600
IMRN,2023-07-21,1.96,2.07,1.96,2.04,0.045,+2.26%,1300
IMRN,2023-07-24,1.94,2.03,1.93,2.013,-0.027,-1.32%,4650
IMRN,2023-07-25,1.94,2.06,1.94,2.02,0.007,+0.35%,1900
IMRN,2023-07-26,1.94,2.0686,1.94,2.02,0,0.00%,3800
IMRN,2023-07-27,1.95,1.99,1.94,1.94,-0.08,-3.96%,1900
IMRN,2023-07-28,1.94,2,1.94,2,0.06,+3.09%,4500
IMRN,2023-07-31,1.95,2,1.94,2,0,0.00%,5600
IMRN,2023-08-01,2,2,1.94,1.94,-0.06,-3.00%,6400
IMRN,2023-08-02,1.99,1.99,1.9,1.9699,0.0299,+1.54%,3900
IMRN,2023-08-03,1.88,2.01,1.88,1.955,-0.0149,-0.76%,12900
IMRN,2023-08-04,1.92,1.9423,1.92,1.9423,-0.0127,-0.65%,1600
IMRN,2023-08-07,1.86,2,1.86,1.88,-0.0623,-3.21%,1700
IMRN,2023-08-08,1.9,1.99,1.86,1.87,-0.01,-0.53%,2400
IMRN,2023-08-09,1.99,2.08,1.89,2.07,0.2,+10.70%,12800
IMRN,2023-08-10,1.95,1.99,1.94,1.94,-0.13,-6.28%,1200
IMRN,2023-08-11,1.96,2,1.93,1.93,-0.01,-0.52%,1900
IMRN,2023-08-14,1.94,2,1.94,1.9934,0.0634,+3.28%,3600
IMRN,2023-08-15,1.89,1.99,1.89,1.96,-0.0334,-1.68%,1400
IMRN,2023-08-16,1.95,2,1.93,2,0.04,+2.04%,1600
IMRN,2023-08-17,2,2,1.892,1.94,-0.06,-3.00%,1200
IMRN,2023-08-18,1.95,2.09,1.8701,1.94,0,0.00%,2300
IMRN,2023-08-21,1.93,1.9999,1.86,1.9999,0.0599,+3.09%,4700
IMRN,2023-08-22,1.95,2.0699,1.87,1.965,-0.0349,-1.75%,1700
IMRN,2023-08-23,2.03,2.03,1.87,2.01,0.045,+2.29%,1700
IMRN,2023-08-24,1.98,1.99,1.9,1.9,-0.11,-5.47%,1200
IMRN,2023-08-25,1.92,2.06,1.92,1.9278,0.0278,+1.46%,1400
IMRN,2023-08-28,1.99,1.99,1.88,1.925,-0.0028,-0.15%,1300
IMRN,2023-08-29,1.88,2.05,1.87,2.0499,0.1249,+6.49%,1400
IMRN,2023-08-30,1.9,2.03,1.9,2.02,-0.0299,-1.46%,600
IMRN,2023-08-31,1.89,2.03,1.66,1.8601,-0.1599,-7.92%,21000
IMRN,2023-09-01,1.95,2.0299,1.85,1.86,-0.0001,-0.01%,2700
IMRN,2023-09-05,1.8998,1.9999,1.85,1.9999,0.1399,+7.52%,4000
IMRN,2023-09-06,1.89,1.98,1.85,1.98,-0.0199,-1.00%,1300
IMRN,2023-09-07,1.9,1.96,1.74,1.9199,-0.0601,-3.04%,1800
IMRN,2023-09-08,1.79,2,1.79,2,0.0801,+4.17%,9300
IMRN,2023-09-11,1.92,1.98,1.7501,1.95,-0.05,-2.50%,5000
IMRN,2023-09-12,1.87,1.94,1.7301,1.94,-0.01,-0.51%,2220
IMRN,2023-09-13,1.86,2.0188,1.86,2.0099,0.0699,+3.60%,8700
IMRN,2023-09-14,1.92,1.99,1.92,1.97,-0.0399,-1.99%,4400
IMRN,2023-09-15,1.95,2.02,1.9389,1.9389,-0.0311,-1.58%,4900
IMRN,2023-09-18,1.9518,2.01,1.9518,2,0.0611,+3.15%,5300
IMRN,2023-09-19,1.97,2.03,1.97,1.9999,-0.0001,-0.01%,2100
IMRN,2023-09-20,2,2,1.99,1.99,-0.0099,-0.50%,400
IMRN,2023-09-21,1.92,1.95,1.91,1.95,-0.04,-2.01%,3400
IMRN,2023-09-22,1.9201,1.93,1.9201,1.93,-0.02,-1.03%,1100
IMRN,2023-09-25,1.91,1.9589,1.91,1.9589,0.0289,+1.50%,3200
IMRN,2023-09-26,2.03,2.03,1.92,1.9899,0.031,+1.58%,1500
IMRN,2023-09-27,1.97,1.97,1.9296,1.97,-0.0199,-1.00%,900
IMRN,2023-09-28,1.97,2,1.92,1.92,-0.05,-2.54%,900
IMRN,2023-09-29,1.99,1.99,1.93,1.98,0.06,+3.13%,500
IMRN,2023-10-02,1.98,1.98,1.87,1.8701,-0.1099,-5.55%,4300
IMRN,2023-10-03,1.99,1.99,1.88,1.8987,0.0286,+1.53%,1900
IMRN,2023-10-04,1.91,1.91,1.81,1.88,-0.0187,-0.98%,2500
IMRN,2023-10-05,1.845,1.845,1.74,1.74,-0.14,-7.45%,2400
IMRN,2023-10-06,1.88,1.88,1.79,1.88,0.14,+8.05%,2000
IMRN,2023-10-09,1.83,1.88,1.79,1.79,-0.09,-4.79%,600
IMRN,2023-10-10,1.83,1.85,1.83,1.85,0.06,+3.35%,1600
IMRN,2023-10-11,1.9,1.95,1.7,1.88,0.03,+1.62%,17100
IMRN,2023-10-12,1.88,1.88,1.76,1.81,-0.07,-3.72%,9300
IMRN,2023-10-13,1.88,1.89,1.88,1.88,0.07,+3.87%,600
IMRN,2023-10-16,1.87,1.88,1.6569,1.8368,-0.0432,-2.30%,4600
IMRN,2023-10-17,1.75,1.9,1.75,1.9,0.0632,+3.44%,4400
IMRN,2023-10-18,1.85,1.895,1.85,1.895,-0.005,-0.26%,600
IMRN,2023-10-19,1.7646,1.7646,1.7,1.73,-0.165,-8.71%,5900
IMRN,2023-10-20,1.6501,1.89,1.6501,1.72,-0.01,-0.58%,4600
IMRN,2023-10-23,1.69,1.76,1.65,1.7,-0.02,-1.16%,5000
IMRN,2023-10-24,1.71,1.8459,1.71,1.72,0.02,+1.18%,1500
IMRN,2023-10-25,1.81,1.83,1.72,1.72,0,0.00%,1600
IMRN,2023-10-26,1.72,1.72,1.66,1.71,-0.01,-0.58%,3100
IMRN,2023-10-27,1.66,1.6991,1.65,1.65,-0.06,-3.51%,2100
IMRN,2023-10-30,1.55,1.6944,1.51,1.6944,0.0444,+2.69%,3900
IMRN,2023-10-31,1.5913,1.71,1.5913,1.71,0.0156,+0.92%,600
IMRN,2023-11-01,1.51,1.68,1.51,1.61,-0.1,-5.85%,900
IMRN,2023-11-02,1.6,1.725,1.6,1.6501,0.0401,+2.49%,4500
IMRN,2023-11-03,1.52,1.8299,1.52,1.67,0.0199,+1.21%,1800
IMRN,2023-11-06,1.66,1.66,1.66,1.66,-0.01,-0.60%,800
IMRN,2023-11-07,1.82,1.82,1.6072,1.71,0.05,+3.01%,2300
IMRN,2023-11-08,1.77,1.77,1.7001,1.7001,-0.0099,-0.58%,700
IMRN,2023-11-09,1.66,1.66,1.481,1.481,-0.2191,-12.89%,1300
IMRN,2023-11-10,1.53,1.6,1.53,1.6,0.119,+8.04%,700
IMRN,2023-11-13,1.7,1.77,1.7,1.7,0.1,+6.25%,4600
IMRN,2023-11-14,1.77,1.89,1.77,1.89,0.19,+11.18%,4600
IMRN,2023-11-15,1.8001,1.8001,1.8,1.8001,-0.0899,-4.76%,1800
IMRN,2023-11-16,1.8,1.91,1.8,1.81,0.0099,+0.55%,2400
IMRN,2023-11-17,1.9,1.9,1.82,1.82,0.01,+0.55%,3200
IMRN,2023-11-20,1.8216,1.8216,1.82,1.82,0,0.00%,700
IMRN,2023-11-21,1.8201,1.8956,1.82,1.8956,0.0756,+4.15%,1000
IMRN,2023-11-22,1.8,1.8,1.8,1.8,-0.0956,-5.04%,700
IMRN,2023-11-24,1.85,1.85,1.85,1.85,0.05,+2.78%,100
IMRN,2023-11-27,1.85,1.95,1.85,1.93,0.08,+4.32%,3100
IMRN,2023-11-28,1.95,2.09,1.95,2.04,0.11,+5.70%,8100
IMRN,2023-11-29,2.04,2.04,2,2.02,-0.02,-0.98%,9400
IMRN,2023-11-30,2.09,2.15,2.08,2.12,0.1,+4.95%,8200
IMRN,2023-12-01,2.12,2.12,2.05,2.05,-0.07,-3.30%,4800
IMRN,2023-12-04,2.12,2.12,2.05,2.0666,0.0166,+0.81%,4100
IMRN,2023-12-05,2.05,2.075,2.05,2.07,0.0034,+0.16%,1400
IMRN,2023-12-06,2.05,2.1,2.05,2.1,0.03,+1.45%,1200
IMRN,2023-12-07,2.06,2.0799,2.05,2.07,-0.03,-1.43%,1400
IMRN,2023-12-08,2.05,2.06,2.05,2.06,-0.01,-0.48%,3300
IMRN,2023-12-11,2.07,2.07,1.99,2.0413,-0.0187,-0.91%,2600
IMRN,2023-12-12,1.98,1.9801,1.98,1.9801,-0.0612,-3.00%,500
IMRN,2023-12-13,1.97,1.975,1.95,1.9501,-0.03,-1.52%,2400
IMRN,2023-12-14,2,2,1.79,1.81,-0.1401,-7.18%,3300
IMRN,2023-12-15,1.9998,1.9998,1.93,1.93,0.12,+6.63%,900
IMRN,2023-12-18,2,2.06,1.8426,1.94,0.01,+0.52%,6400
IMRN,2023-12-19,1.87,1.9,1.86,1.9,-0.04,-2.06%,1800
IMRN,2023-12-20,1.91,1.91,1.9,1.9,0,0.00%,900
IMRN,2023-12-21,1.93,1.95,1.93,1.95,0.05,+2.63%,3300
IMRN,2023-12-22,2.005,2.005,1.9101,1.95,0,0.00%,2700
IMRN,2023-12-26,1.93,1.9991,1.92,1.93,-0.02,-1.03%,4000
IMRN,2023-12-27,1.92,2.01,1.92,1.95,0.02,+1.04%,1700
IMRN,2023-12-28,1.92,1.92,1.6601,1.8501,-0.0999,-5.12%,2700
IMRN,2023-12-29,1.9,2.0053,1.875,1.875,0.0249,+1.35%,3400
IMRN,2024-01-02,1.9,1.9878,1.9,1.9,0.025,+1.33%,2600
IMRN,2024-01-04,1.9,1.95,1.9,1.9,0,0.00%,1900
IMRN,2024-01-05,1.9,1.909,1.9,1.909,0.009,+0.47%,1600
IMRN,2024-01-08,1.9888,1.9888,1.9888,1.9888,0.0798,+4.18%,300
IMRN,2024-01-10,1.9482,1.9482,1.9149,1.9149,-0.0739,-3.72%,500
IMRN,2024-01-11,1.85,1.96,1.85,1.96,0.0451,+2.36%,4600
IMRN,2024-01-16,1.9507,1.9507,1.83,1.895,-0.065,-3.32%,1800
IMRN,2024-01-17,1.8213,1.89,1.8213,1.89,-0.005,-0.26%,500
IMRN,2024-01-18,1.8467,1.8467,1.82,1.82,-0.07,-3.70%,400
IMRN,2024-01-19,1.8261,1.8401,1.7999,1.8,-0.02,-1.10%,4700
IMRN,2024-01-22,1.8,1.95,1.8,1.82,0.02,+1.11%,12800
IMRN,2024-01-24,1.88,1.93,1.855,1.855,0.035,+1.92%,500
IMRN,2024-01-25,1.88,1.88,1.85,1.85,-0.005,-0.27%,500
IMRN,2024-01-26,1.85,1.85,1.85,1.85,0,0.00%,300
IMRN,2024-01-29,1.82,1.83,1.82,1.82,-0.03,-1.62%,800
IMRN,2024-01-30,1.8521,1.8521,1.8521,1.8521,0.0321,+1.76%,600
IMRN,2024-01-31,1.868,1.868,1.868,1.868,0.0159,+0.86%,200
IMRN,2024-02-01,1.8,1.88,1.59,1.8101,-0.0579,-3.10%,14800
IMRN,2024-02-02,1.8414,1.8414,1.75,1.7501,-0.06,-3.31%,4200
IMRN,2024-02-05,1.75,1.79,1.75,1.75,-0.0001,-0.01%,11600
IMRN,2024-02-06,1.76,1.76,1.76,1.76,0.01,+0.57%,600
IMRN,2024-02-07,1.78,1.79,1.78,1.79,0.03,+1.70%,1300
IMRN,2024-02-08,1.7601,1.77,1.7601,1.77,-0.02,-1.12%,500
IMRN,2024-02-09,1.76,1.81,1.76,1.78,0.01,+0.56%,9100
IMRN,2024-02-12,1.82,1.82,1.78,1.8135,0.0335,+1.88%,4500
IMRN,2024-02-13,1.88,1.9,1.88,1.9,0.0865,+4.77%,16200
IMRN,2024-02-14,1.8016,1.85,1.8016,1.81,-0.09,-4.74%,1000
IMRN,2024-02-15,1.8098,1.8098,1.8098,1.8098,-0.0002,-0.01%,300
IMRN,2024-02-16,1.8101,1.8326,1.8101,1.8326,0.0228,+1.26%,1500
IMRN,2024-02-20,1.82,1.82,1.795,1.8001,-0.0325,-1.77%,17900
IMRN,2024-02-21,1.8,1.83,1.75,1.7501,-0.05,-2.78%,22900
IMRN,2024-02-22,1.75,1.802,1.75,1.802,0.0519,+2.97%,20900
IMRN,2024-02-23,1.795,1.8176,1.76,1.76,-0.042,-2.33%,12700
IMRN,2024-02-26,1.72,1.823,1.72,1.823,0.063,+3.58%,7700
IMRN,2024-02-28,1.7201,1.77,1.718,1.73,-0.093,-5.10%,9600
IMRN,2024-02-29,1.73,1.73,1.7,1.72,-0.01,-0.58%,6700
IMRN,2024-03-01,1.67,1.7499,1.67,1.7199,-0.0001,-0.01%,5500
IMRN,2024-03-04,1.7,1.74,1.65,1.6501,-0.0698,-4.06%,5500
IMRN,2024-03-07,3.37,5.96,2.82,4.55,2.8999,+175.74%,53777800
IMRN,2024-03-08,3.5,3.85,3.27,3.8,-0.75,-16.48%,1401765
IMRN,2024-03-11,3.83,3.83,3,3.15,-0.65,-17.11%,412000
IMRN,2024-03-12,3.01,3.136,2.75,2.99,-0.16,-5.08%,194400
IMRN,2024-03-13,2.9,2.92,2.402,2.82,-0.17,-5.69%,144000
IMRN,2024-03-14,2.73,2.8475,2.54,2.82,0,0.00%,76000
IMRN,2024-03-15,2.61,2.99,2.61,2.87,0.05,+1.77%,89500
IMRN,2024-03-18,2.75,2.8869,2.72,2.7401,-0.1299,-4.53%,36600
IMRN,2024-03-19,2.76,2.7694,2.51,2.66,-0.0801,-2.92%,39700
IMRN,2024-03-20,2.65,2.71,2.52,2.6,-0.06,-2.26%,38000
IMRN,2024-03-21,2.57,2.66,2.56,2.56,-0.04,-1.54%,26300
IMRN,2024-03-22,2.53,2.64,2.52,2.57,0.01,+0.39%,22600
IMRN,2024-03-25,2.6,2.7789,2.6,2.6101,0.0401,+1.56%,33300
IMRN,2024-03-26,2.63,2.8,2.63,2.7606,0.1505,+5.77%,32100
IMRN,2024-03-27,2.77,2.8,2.6801,2.78,0.0194,+0.70%,17800
IMRN,2024-03-28,2.74,2.7406,2.58,2.63,-0.15,-5.40%,29700
IMRN,2024-04-01,2.55,2.68,2.55,2.61,-0.02,-0.76%,30400
IMRN,2024-04-02,2.75,2.786,2.65,2.7,0.09,+3.45%,31500
IMRN,2024-04-03,2.73,2.79,2.67,2.71,0.01,+0.37%,10900
IMRN,2024-04-04,2.68,2.69,2.63,2.66,-0.05,-1.85%,8400
IMRN,2024-04-05,2.62,2.6801,2.61,2.645,-0.015,-0.56%,11900
IMRN,2024-04-08,2.65,2.8,2.65,2.72,0.075,+2.84%,21200
IMRN,2024-04-09,2.795,2.89,2.7,2.755,0.035,+1.29%,51800
IMRN,2024-04-10,2.95,3.09,2.82,2.99,0.235,+8.53%,92300
IMRN,2024-04-11,2.88,2.89,2.8001,2.8514,-0.1386,-4.64%,11100
IMRN,2024-04-12,2.82,2.83,2.65,2.65,-0.2014,-7.06%,12000
IMRN,2024-04-15,2.74,2.74,2.57,2.59,-0.06,-2.26%,8100
IMRN,2024-04-16,2.5,2.58,2.1502,2.4,-0.19,-7.34%,51000
IMRN,2024-04-17,2.4,2.42,2.4,2.41,0.01,+0.42%,1300
IMRN,2024-04-18,2.45,2.47,2.42,2.45,0.04,+1.66%,9600
IMRN,2024-04-19,2.42,2.525,2.27,2.31,-0.14,-5.71%,26200
IMRN,2024-04-22,2.4,2.65,2.4,2.6015,0.2915,+12.62%,15400
IMRN,2024-04-23,2.57,2.57,2.46,2.46,-0.1415,-5.44%,1800
IMRN,2024-04-24,2.51,2.52,2.43,2.49,0.03,+1.22%,1200
IMRN,2024-04-25,2.42,2.43,2.37,2.43,-0.06,-2.41%,3400
IMRN,2024-04-26,2.58,2.65,2.51,2.64,0.21,+8.64%,9300
IMRN,2024-04-29,2.56,2.6271,2.41,2.5218,-0.1182,-4.48%,10900
IMRN,2024-04-30,2.42,2.5099,2.22,2.22,-0.3018,-11.97%,5900
IMRN,2024-05-01,2.32,2.48,2.32,2.48,0.26,+11.71%,9600
IMRN,2024-05-02,2.53,2.55,2.53,2.54,0.06,+2.42%,4600
IMRN,2024-05-03,2.54,2.54,2.4815,2.52,-0.02,-0.79%,5200
IMRN,2024-05-06,2.535,2.56,2.5,2.525,0.005,+0.20%,8800
IMRN,2024-05-07,2.62,2.62,2.5,2.51,-0.015,-0.59%,4900
IMRN,2024-05-08,2.46,2.5027,2.46,2.5027,-0.0073,-0.29%,1300
IMRN,2024-05-09,2.48,2.48,2.36,2.415,-0.0877,-3.50%,1900
IMRN,2024-05-10,2.36,2.435,2.36,2.38,-0.035,-1.45%,2300
IMRN,2024-05-13,2.42,2.42,2.32,2.3867,0.0067,+0.28%,6600
IMRN,2024-05-14,2.39,2.39,2.26,2.339,-0.0477,-2.00%,6300
IMRN,2024-05-15,2.32,2.3281,2.25,2.31,-0.029,-1.24%,18700
IMRN,2024-05-16,2.32,2.32,2.26,2.3,-0.01,-0.43%,3400
IMRN,2024-05-17,2.31,2.32,2.31,2.32,0.02,+0.87%,600
IMRN,2024-05-20,2.27,2.34,2.265,2.32,0,0.00%,4900
IMRN,2024-05-21,2.23,2.3307,2.23,2.3307,0.0107,+0.46%,4500
IMRN,2024-05-22,2.36,2.36,2.3,2.3,-0.0307,-1.32%,3500
IMRN,2024-05-23,2.26,2.315,2.26,2.3127,0.0127,+0.55%,1200
IMRN,2024-05-24,2.25,2.3,2.205,2.25,-0.0627,-2.71%,8700
IMRN,2024-05-28,2.3,2.3479,2.3,2.3313,0.0813,+3.61%,2400
IMRN,2024-05-29,2.3,2.34,2.3,2.34,0.0087,+0.37%,5200
IMRN,2024-05-30,2.32,2.38,2.32,2.32,-0.02,-0.85%,3400
IMRN,2024-05-31,2.32,2.38,2.32,2.36,0.04,+1.72%,7200
IMRN,2024-06-03,2.3001,2.335,2.3,2.3,-0.06,-2.54%,1100
IMRN,2024-06-04,2.26,2.3,2.2513,2.3,0,0.00%,1000
IMRN,2024-06-05,2.3,2.35,2.3,2.35,0.05,+2.17%,2600
IMRN,2024-06-06,2.31,2.3145,2.2736,2.3,-0.05,-2.13%,6000
IMRN,2024-06-07,2.25,2.3,2.225,2.23,-0.07,-3.04%,10500
IMRN,2024-06-10,2.22,2.3,2.22,2.26,0.03,+1.35%,6200
IMRN,2024-06-12,2.18,2.24,2.18,2.24,-0.02,-0.88%,3700
IMRN,2024-06-13,2.18,2.2399,2.18,2.2399,-0.0001,0.00%,3700
IMRN,2024-06-14,2.18,2.23,2.16,2.17,-0.0699,-3.12%,4800
IMRN,2024-06-17,2.19,2.22,2.1,2.1,-0.07,-3.23%,7700
IMRN,2024-06-18,2.11,2.175,2.1,2.12,0.02,+0.95%,2800
IMRN,2024-06-20,2.1101,2.1878,2.1101,2.15,0.03,+1.42%,3400
IMRN,2024-06-21,2.11,2.2399,2.1,2.12,-0.03,-1.40%,15100
IMRN,2024-06-24,2.21,2.56,2.15,2.5,0.38,+17.92%,33900
IMRN,2024-06-25,2.43,2.54,2.43,2.5,0,0.00%,11800
IMRN,2024-06-26,2.5001,2.53,2.5001,2.52,0.02,+0.80%,1700
IMRN,2024-06-27,2.545,2.5507,2.4978,2.4978,-0.0222,-0.88%,5800
IMRN,2024-06-28,2.47,2.4918,2.4,2.42,-0.0778,-3.11%,6800
IMRN,2024-07-01,2.4,2.4,2.0501,2.2595,-0.1605,-6.63%,14600
IMRN,2024-07-02,2.24,2.24,2.12,2.161,-0.0985,-4.36%,2800
IMRN,2024-07-03,2.09,2.1982,1.9607,2.02,-0.141,-6.52%,18700
IMRN,2024-07-05,2.06,2.1839,1.93,2.01,-0.01,-0.50%,17900
IMRN,2024-07-08,2.245,2.245,2.04,2.105,0.095,+4.73%,1900
IMRN,2024-07-09,2.365,2.365,2.1345,2.25,0.145,+6.89%,800
IMRN,2024-07-10,2.0999,2.0999,2.02,2.03,-0.22,-9.78%,3600
IMRN,2024-07-11,2.12,2.35,2.12,2.2929,0.2629,+12.95%,4000
IMRN,2024-07-12,2.34,2.34,2.28,2.28,-0.0129,-0.56%,400
IMRN,2024-07-15,2.4,2.55,2.3101,2.425,0.145,+6.36%,13600
IMRN,2024-07-16,2.36,2.7299,2.36,2.68,0.255,+10.52%,63600
IMRN,2024-07-17,2.56,2.7,2.52,2.63,-0.05,-1.87%,8600
IMRN,2024-07-18,2.73,2.73,2.5,2.7,0.07,+2.66%,9600
IMRN,2024-07-19,2.64,2.64,2.62,2.64,-0.06,-2.22%,700
IMRN,2024-07-22,2.47,2.58,2.47,2.47,-0.17,-6.44%,6200
IMRN,2024-07-23,2.35,2.5797,2.32,2.5797,0.1097,+4.44%,2900
IMRN,2024-07-24,2.55,2.55,2.55,2.55,-0.0297,-1.15%,1700
IMRN,2024-07-25,2.02,2.4,2.02,2.285,-0.265,-10.39%,6600
IMRN,2024-07-26,2.3101,2.472,2.31,2.445,0.16,+7.00%,7100
IMRN,2024-07-29,2.35,2.438,2.346,2.39,-0.055,-2.25%,1900
IMRN,2024-07-30,2.48,2.57,2.45,2.5,0.11,+4.60%,4400
IMRN,2024-07-31,2.53,2.6,2.48,2.6,0.1,+4.00%,5900
IMRN,2024-08-01,2.6,2.69,2.5,2.5,-0.1,-3.85%,10700
IMRN,2024-08-02,2.5,2.64,2.5,2.52,0.02,+0.80%,4700
IMRN,2024-08-05,2.46,2.46,2.3,2.35,-0.17,-6.75%,5700
IMRN,2024-08-06,2.35,2.52,2.347,2.37,0.02,+0.85%,3800
IMRN,2024-08-07,2.37,2.41,2.32,2.41,0.04,+1.69%,2000
IMRN,2024-08-08,2.405,2.5,2.4025,2.5,0.09,+3.73%,1000
IMRN,2024-08-09,2.5,2.525,2.5,2.525,0.025,+1.00%,1400
IMRN,2024-08-12,2.61,2.64,2.5036,2.51,-0.015,-0.59%,1500
IMRN,2024-08-13,2.51,2.607,2.5,2.545,0.035,+1.39%,7100
IMRN,2024-08-14,2.52,2.52,2.41,2.41,-0.135,-5.30%,2100
IMRN,2024-08-15,2.53,2.53,2.4,2.5,0.09,+3.73%,9400
IMRN,2024-08-16,2.5,2.54,2.45,2.54,0.04,+1.60%,17200
IMRN,2024-08-19,2.63,2.63,2.45,2.4801,-0.0599,-2.36%,2100
IMRN,2024-08-20,2.55,2.68,2.55,2.68,0.1999,+8.06%,3200
IMRN,2024-08-21,2.6952,2.7422,2.6778,2.72,0.04,+1.49%,1800
IMRN,2024-08-22,2.718,2.78,2.718,2.77,0.05,+1.84%,3000
IMRN,2024-08-23,2.7,2.75,2.6501,2.69,-0.08,-2.89%,1900
IMRN,2024-08-26,2.745,2.745,2.745,2.745,0.055,+2.04%,300
IMRN,2024-08-27,2.65,2.7,2.65,2.65,-0.095,-3.46%,1500
IMRN,2024-08-28,2.65,2.7,2.65,2.66,0.01,+0.38%,1300
IMRN,2024-08-29,2.68,2.73,2.65,2.66,0,0.00%,4100
IMRN,2024-08-30,2.71,2.84,2.65,2.67,0.01,+0.38%,3900
IMRN,2024-09-03,2.75,2.7747,2.58,2.664,-0.006,-0.22%,1700
IMRN,2024-09-04,2.46,2.87,2.46,2.66,-0.004,-0.15%,3000
IMRN,2024-09-05,2.61,2.74,2.42,2.61,-0.05,-1.88%,6800
IMRN,2024-09-06,2.47,2.74,2.47,2.58,-0.03,-1.15%,4300
IMRN,2024-09-09,2.5,2.68,2.5,2.58,0,0.00%,2900
IMRN,2024-09-10,2.61,2.7099,2.54,2.645,0.065,+2.52%,5500
IMRN,2024-09-11,2.6538,2.8014,2.5899,2.68,0.035,+1.32%,6700
IMRN,2024-09-12,2.76,2.76,2.5624,2.6864,0.0064,+0.24%,3200
IMRN,2024-09-13,2.71,2.71,2.52,2.69,0.0036,+0.13%,8100
IMRN,2024-09-16,2.67,2.7,2.5343,2.68,-0.01,-0.37%,6800
IMRN,2024-09-17,2.55,2.74,2.55,2.6264,-0.0536,-2.00%,6000
IMRN,2024-09-18,2.58,2.675,2.52,2.605,-0.0214,-0.81%,11000
IMRN,2024-09-19,2.5551,2.6,2.5551,2.6,-0.005,-0.19%,1400
IMRN,2024-09-20,2.51,2.51,2.51,2.51,-0.09,-3.46%,500
IMRN,2024-09-23,2.6,2.665,2.475,2.475,-0.035,-1.39%,10900
IMRN,2024-09-24,2.79,2.8,2.6699,2.77,0.295,+11.92%,12000
IMRN,2024-09-25,2.6505,2.82,2.6505,2.805,0.035,+1.26%,2400
IMRN,2024-09-26,2.66,2.84,2.66,2.74,-0.065,-2.32%,10200
IMRN,2024-09-27,2.84,2.84,2.71,2.71,-0.03,-1.09%,1800
IMRN,2024-09-30,2.66,2.7412,2.66,2.72,0.01,+0.37%,2500
IMRN,2024-10-01,2.71,2.867,2.6653,2.795,0.075,+2.76%,14100
IMRN,2024-10-02,2.72,2.745,2.6637,2.7377,-0.0573,-2.05%,1600
IMRN,2024-10-04,2.69,2.69,2.59,2.69,-0.0477,-1.74%,5200
IMRN,2024-10-07,2.59,2.59,2.21,2.32,-0.37,-13.75%,19900
IMRN,2024-10-08,2.22,2.4383,2.21,2.2991,-0.0209,-0.90%,7100
IMRN,2024-10-09,2.22,2.32,2.2,2.21,-0.0891,-3.88%,4500
IMRN,2024-10-10,2.52,2.73,2.12,2.23,0.02,+0.90%,15700
IMRN,2024-10-11,2.25,2.25,2.05,2.2,-0.03,-1.35%,9000
IMRN,2024-10-14,2.02,2.2199,2.02,2.2199,0.0199,+0.90%,2500
IMRN,2024-10-15,2.12,2.275,1.8,1.87,-0.3499,-15.76%,57100
IMRN,2024-10-16,2,2.05,1.95,2.01,0.14,+7.49%,22500
IMRN,2024-10-17,2.02,2.0375,1.96,1.97,-0.04,-1.99%,29700
IMRN,2024-10-18,2.02,2.02,1.9,1.91,-0.06,-3.05%,4300
IMRN,2024-10-21,1.94,2.05,1.94,1.96,0.05,+2.62%,5400
IMRN,2024-10-22,2.001,2.0019,1.97,2.0019,0.0419,+2.14%,3100
IMRN,2024-10-23,1.98,2.0028,1.94,1.95,-0.0519,-2.59%,1200
IMRN,2024-10-24,1.99,1.99,1.93,1.93,-0.02,-1.03%,18600
IMRN,2024-10-25,1.95,1.95,1.9108,1.942,0.012,+0.62%,1600
IMRN,2024-10-28,1.92,2.0399,1.92,1.93,-0.012,-0.62%,1200
IMRN,2024-10-29,1.96,2,1.91,1.92,-0.01,-0.52%,4700
IMRN,2024-10-30,1.96,1.97,1.92,1.92,0,0.00%,2500
IMRN,2024-10-31,1.92,1.9388,1.92,1.92,0,0.00%,1100
IMRN,2024-11-01,1.92,2.11,1.92,1.9518,0.0318,+1.66%,22700
IMRN,2024-11-04,1.9921,2.105,1.92,2,0.0482,+2.47%,15400
IMRN,2024-11-05,2.09,2.11,1.95,1.95,-0.05,-2.50%,7800
IMRN,2024-11-06,1.97,1.97,1.88,1.9,-0.05,-2.56%,4400
IMRN,2024-11-07,1.99,1.99,1.88,1.88,-0.02,-1.05%,3500
IMRN,2024-11-08,1.89,1.915,1.82,1.82,-0.06,-3.19%,8300
IMRN,2024-11-11,1.78,1.8387,1.78,1.8387,0.0187,+1.03%,4800
IMRN,2024-11-12,1.8,1.8394,1.75,1.8394,0.0007,+0.04%,1700
IMRN,2024-11-13,1.7334,1.99,1.7334,1.98,0.1406,+7.64%,8500
IMRN,2024-11-14,1.93,1.93,1.87,1.93,-0.05,-2.53%,4800
IMRN,2024-11-15,1.9,2,1.81,1.81,-0.12,-6.22%,1600
IMRN,2024-11-18,2,2,1.84,1.84,0.03,+1.66%,9700
IMRN,2024-11-19,1.8,1.95,1.8,1.8,-0.04,-2.17%,2800
IMRN,2024-11-20,1.88,1.9374,1.8,1.8885,0.0885,+4.92%,2300
IMRN,2024-11-21,1.9,1.96,1.82,1.9091,0.0206,+1.09%,8200
IMRN,2024-11-22,1.86,1.91,1.8001,1.8799,-0.0292,-1.53%,4500
IMRN,2024-11-25,1.81,1.88,1.81,1.88,0.0001,+0.01%,2003
IMRN,2024-11-26,1.855,1.945,1.855,1.905,0.025,+1.33%,3365
IMRN,2024-11-27,1.87,1.9899,1.87,1.8901,-0.0149,-0.78%,7200
IMRN,2024-11-29,1.89,1.9066,1.89,1.9066,0.0165,+0.87%,1000
IMRN,2024-12-02,1.8,2.01,1.8,1.97,0.0634,+3.33%,6400
IMRN,2024-12-03,1.98,2,1.77,1.94,-0.03,-1.52%,6500
IMRN,2024-12-04,1.91,2.16,1.9065,2.047,0.107,+5.52%,9400
IMRN,2024-12-05,2.11,2.1362,1.93,2.02,-0.027,-1.32%,8500
IMRN,2024-12-06,1.99,2.0284,1.99,2,-0.02,-0.99%,2400
IMRN,2024-12-09,1.94,1.985,1.93,1.97,-0.03,-1.50%,2500
IMRN,2024-12-10,2.07,2.41,2,2.0137,0.0437,+2.22%,22000
IMRN,2024-12-11,2.28,2.28,1.96,2.24,0.2263,+11.24%,18900
IMRN,2024-12-12,2.0611,2.1999,2.0611,2.1999,-0.0401,-1.79%,2500
IMRN,2024-12-13,2.1,2.1253,2.1,2.1253,-0.0746,-3.39%,500
IMRN,2024-12-16,2.13,2.225,2.0501,2.1,-0.0253,-1.19%,3500
IMRN,2024-12-17,2.15,2.16,2.08,2.15,0.05,+2.38%,6100
IMRN,2024-12-18,2.1,2.15,2.01,2.01,-0.14,-6.51%,5800
IMRN,2024-12-19,2.0115,2.0428,1.9587,1.995,-0.015,-0.75%,2100
IMRN,2024-12-20,1.97,2.015,1.86,1.96,-0.035,-1.75%,4400
IMRN,2024-12-23,1.935,1.9854,1.88,1.9854,0.0254,+1.30%,1100
IMRN,2024-12-24,1.94,1.94,1.94,1.94,-0.0454,-2.29%,200
IMRN,2024-12-26,1.96,2.0848,1.89,2.01,0.07,+3.61%,1800
IMRN,2024-12-27,2.01,2.01,1.9,1.9,-0.11,-5.47%,900
IMRN,2024-12-30,1.91,2,1.91,1.9999,0.0999,+5.26%,2600
IMRN,2024-12-31,2,2,1.7,1.7,-0.2999,-15.00%,21100
IMRN,2025-01-02,1.71,1.99,1.7012,1.7758,0.0758,+4.46%,2300
IMRN,2025-01-03,1.78,1.91,1.78,1.91,0.1342,+7.56%,1100
IMRN,2025-01-06,1.93,2.22,1.89,2.0496,0.1396,+7.31%,20700
IMRN,2025-01-07,2.05,2.483,2.01,2.1964,0.1468,+7.16%,116400
IMRN,2025-01-08,2.12,2.23,2.0286,2.03,-0.1664,-7.58%,10100
IMRN,2025-01-10,2.01,2.0299,1.95,1.95,-0.08,-3.94%,3900
IMRN,2025-01-13,1.95,2,1.95,1.97,0.02,+1.03%,3100
IMRN,2025-01-14,2.2,2.2,1.86,2,0.03,+1.52%,178400
IMRN,2025-01-15,2,2.13,1.8513,2.08,0.08,+4.00%,12300
IMRN,2025-01-16,1.95,2.08,1.9,1.98,-0.1,-4.81%,3100
IMRN,2025-01-17,2.25,2.28,2.12,2.15,0.17,+8.59%,40400
IMRN,2025-01-21,2.03,2.3391,1.9619,2.3391,0.1891,+8.80%,40700
IMRN,2025-01-22,2.33,2.33,2.1308,2.16,-0.1791,-7.66%,7600
IMRN,2025-01-23,2.1,2.3,2.05,2.05,-0.11,-5.09%,5800
IMRN,2025-01-24,2.12,2.12,2,2,-0.05,-2.44%,8000
IMRN,2025-01-27,2,2.15,1.95,1.95,-0.05,-2.50%,10600
IMRN,2025-01-28,2.2,2.32,2,2.1,0.15,+7.69%,17400
IMRN,2025-01-29,2.02,2.135,2,2.01,-0.09,-4.29%,4600
IMRN,2025-01-30,2.065,2.176,2,2.16,0.15,+7.46%,8200
IMRN,2025-01-31,2.148,2.15,1.98,2.042,-0.118,-5.46%,7700
IMRN,2025-02-03,1.98,2.15,1.96,1.98,-0.062,-3.04%,4900
IMRN,2025-02-04,2,2.1,1.99,2.1,0.12,+6.06%,2500
IMRN,2025-02-05,1.9883,2.04,1.9883,2.04,-0.06,-2.86%,600
IMRN,2025-02-06,1.99,2.14,1.99,2.01,-0.03,-1.47%,2800
IMRN,2025-02-07,2.01,2.03,1.96,1.96,-0.05,-2.49%,700
IMRN,2025-02-10,1.993,2.0101,1.993,2.0101,0.0501,+2.56%,1100
IMRN,2025-02-11,2.0806,2.0806,2,2,-0.0101,-0.50%,1600
IMRN,2025-02-12,1.97,1.9887,1.97,1.98,-0.02,-1.00%,1700
IMRN,2025-02-13,1.9747,2.025,1.9747,2.0198,0.0398,+2.01%,1900
IMRN,2025-02-14,2.068,2.068,2.035,2.035,0.0152,+0.75%,3400
IMRN,2025-02-18,1.99,1.9937,1.99,1.9937,-0.0413,-2.03%,600
IMRN,2025-02-19,1.97,2.0541,1.96,1.96,-0.0337,-1.69%,7400
IMRN,2025-02-20,2.03,2.03,1.89,1.89,-0.07,-3.57%,5200
IMRN,2025-02-21,2.0337,2.0337,1.9,1.9,0.01,+0.53%,2200
IMRN,2025-02-24,1.92,1.955,1.8565,1.8565,-0.0435,-2.29%,7100
IMRN,2025-02-25,1.93,1.98,1.87,1.98,0.1235,+6.65%,1000
IMRN,2025-02-26,1.955,2.0089,1.9142,1.955,-0.025,-1.26%,3200
IMRN,2025-02-27,1.92,1.92,1.905,1.91,-0.045,-2.30%,1300
IMRN,2025-02-28,1.9244,1.9244,1.9,1.9,-0.01,-0.52%,800
IMRN,2025-03-03,1.84,1.93,1.71,1.865,-0.035,-1.84%,4500
IMRN,2025-03-04,1.73,1.795,1.7171,1.756,-0.109,-5.84%,10600
IMRN,2025-03-05,1.9899,1.9899,1.8,1.9,0.144,+8.20%,1300
IMRN,2025-03-06,1.72,1.7612,1.72,1.7612,-0.1388,-7.31%,700
IMRN,2025-03-10,1.98,2.07,1.7542,1.78,0.0188,+1.07%,3700
IMRN,2025-03-11,1.79,1.9062,1.78,1.78,0,0.00%,4900
IMRN,2025-03-12,1.82,1.8879,1.76,1.831,0.051,+2.87%,3400
IMRN,2025-03-13,1.93,1.99,1.76,1.8161,-0.0149,-0.81%,4000
IMRN,2025-03-14,1.811,1.8481,1.7972,1.82,0.0039,+0.21%,2200
IMRN,2025-03-17,1.82,1.82,1.71,1.819,-0.001,-0.05%,4800
IMRN,2025-03-18,1.81,1.8124,1.7101,1.77,-0.049,-2.69%,1900
IMRN,2025-03-19,1.72,1.95,1.72,1.7925,0.0225,+1.27%,15600
IMRN,2025-03-20,1.8,1.94,1.78,1.81,0.0175,+0.98%,15100
IMRN,2025-03-21,1.95,1.95,1.75,1.78,-0.03,-1.66%,13500
IMRN,2025-03-24,1.73,1.85,1.73,1.8,0.02,+1.12%,4500
IMRN,2025-03-25,1.8,1.8,1.8,1.8,0,0.00%,200
IMRN,2025-03-27,1.8,1.8,1.8,1.8,0,0.00%,300
IMRN,2025-03-28,1.84,2.1,1.76,1.85,0.05,+2.78%,167500
IMRN,2025-03-31,1.85,1.89,1.7591,1.8,-0.05,-2.70%,4100
IMRN,2025-04-01,1.75,2.09,1.75,1.75,-0.05,-2.78%,26000
IMRN,2025-04-02,1.77,1.96,1.75,1.75,0,0.00%,3500
IMRN,2025-04-03,1.98,1.98,1.73,1.8,0.05,+2.86%,39500
IMRN,2025-04-04,1.75,1.78,1.7,1.78,-0.02,-1.11%,5600
IMRN,2025-04-07,1.66,1.8299,1.66,1.73,-0.05,-2.81%,3900
IMRN,2025-04-08,1.83,1.85,1.7,1.72,-0.01,-0.58%,4400
IMRN,2025-04-09,1.65,1.7,1.61,1.7,-0.02,-1.16%,5800
IMRN,2025-04-10,1.62,1.98,1.61,1.65,-0.05,-2.94%,25900
IMRN,2025-04-11,1.67,1.8899,1.6001,1.7,0.05,+3.03%,41000
IMRN,2025-04-14,1.78,1.9,1.6304,1.821,0.121,+7.12%,46900
IMRN,2025-04-15,1.81,1.88,1.6301,1.73,-0.091,-5.00%,66600
IMRN,2025-04-16,1.73,1.73,1.6729,1.71,-0.02,-1.16%,4300
IMRN,2025-04-17,1.8929,1.8929,1.8929,1.8929,0.1829,+10.70%,1500
IMRN,2025-04-21,1.9116,1.9116,1.64,1.6723,-0.2206,-11.65%,2700
IMRN,2025-04-22,1.7768,1.7768,1.72,1.73,0.0577,+3.45%,3400
IMRN,2025-04-23,1.79,1.79,1.7,1.7178,-0.0122,-0.71%,4500
IMRN,2025-04-24,1.8625,1.8625,1.7205,1.7205,0.0027,+0.16%,2900
IMRN,2025-04-25,1.72,1.89,1.72,1.7927,0.0722,+4.20%,1900
IMRN,2025-04-28,1.85,1.91,1.8,1.8,0.0073,+0.41%,1000
IMRN,2025-04-29,1.8,1.99,1.73,1.8651,0.0651,+3.62%,61400
IMRN,2025-04-30,1.87,1.98,1.8,1.88,0.0149,+0.80%,36600
IMRN,2025-05-01,1.86,1.88,1.8114,1.8115,-0.0685,-3.64%,5000
IMRN,2025-05-02,1.85,2.02,1.84,1.92,0.1085,+5.99%,30500
IMRN,2025-05-06,1.82,2.04,1.82,1.95,0.03,+1.56%,7400
IMRN,2025-05-07,1.91,1.91,1.85,1.86,-0.09,-4.62%,800
IMRN,2025-05-08,1.87,1.9937,1.87,1.95,0.09,+4.84%,1300
IMRN,2025-05-09,1.95,1.95,1.91,1.91,-0.04,-2.05%,800
IMRN,2025-05-12,1.93,2.1005,1.92,1.99,0.08,+4.19%,32200
IMRN,2025-05-13,1.98,2.13,1.8672,1.91,-0.08,-4.02%,33700
IMRN,2025-05-14,1.91,1.9624,1.9,1.9,-0.01,-0.52%,2000
IMRN,2025-05-15,1.89,1.8989,1.5,1.7061,-0.1939,-10.21%,26600
IMRN,2025-05-16,1.7501,1.8158,1.71,1.71,0.0039,+0.23%,2600
IMRN,2025-05-19,1.67,1.7646,1.6,1.6016,-0.1084,-6.34%,13500
IMRN,2025-05-20,1.68,1.68,1.58,1.61,0.0084,+0.52%,13400
IMRN,2025-05-21,1.688,1.72,1.596,1.65,0.04,+2.48%,32800
IMRN,2025-05-22,1.635,1.92,1.5713,1.83,0.18,+10.91%,400200
IMRN,2025-05-23,1.85,1.8899,1.7701,1.8899,0.0599,+3.27%,75700
IMRN,2025-05-27,1.93,1.94,1.8409,1.93,0.0401,+2.12%,78900
IMRN,2025-05-28,1.92,1.94,1.75,1.81,-0.12,-6.22%,83000
IMRN,2025-05-29,1.89,1.9,1.76,1.83,0.02,+1.10%,28300
IMRN,2025-05-30,1.63,1.95,1.63,1.7709,-0.0591,-3.23%,122500
IMRN,2025-06-02,1.92,1.94,1.74,1.76,-0.0109,-0.62%,55600
IMRN,2025-06-03,1.76,1.8682,1.71,1.76,0,0.00%,15800
IMRN,2025-06-04,1.89,1.89,1.71,1.76,0,0.00%,22900
IMRN,2025-06-05,1.75,1.79,1.6901,1.7,-0.06,-3.41%,16400
IMRN,2025-06-06,1.8,1.8099,1.7001,1.7001,0.0001,+0.01%,12900
IMRN,2025-06-09,1.72,1.76,1.68,1.69,-0.0101,-0.59%,14100
IMRN,2025-06-10,1.79,1.79,1.7,1.75,0.06,+3.55%,14000
IMRN,2025-06-11,1.71,1.8,1.69,1.7695,0.0195,+1.11%,5600
IMRN,2025-06-12,1.83,1.83,1.7501,1.7501,-0.0194,-1.10%,11200
IMRN,2025-06-13,1.75,1.7723,1.7206,1.73,-0.0201,-1.15%,7000
IMRN,2025-06-16,1.75,1.78,1.7,1.78,0.05,+2.89%,8300
IMRN,2025-06-17,1.79,1.79,1.68,1.74,-0.04,-2.25%,7100
IMRN,2025-06-18,1.7002,1.79,1.7002,1.72,-0.02,-1.15%,8600
IMRN,2025-06-20,1.75,1.85,1.75,1.84,0.12,+6.98%,48000
IMRN,2025-06-23,1.77,1.85,1.75,1.8346,-0.0054,-0.29%,21300
IMRN,2025-06-24,1.84,1.94,1.81,1.86,0.0254,+1.38%,65700
IMRN,2025-06-25,1.91,1.9144,1.83,1.87,0.01,+0.54%,21700
IMRN,2025-06-26,1.85,1.891,1.8172,1.88,0.01,+0.53%,24900
IMRN,2025-06-27,1.86,1.875,1.8402,1.85,-0.03,-1.60%,4700
IMRN,2025-06-30,1.83,1.96,1.7,1.74,-0.11,-5.95%,114500
IMRN,2025-07-01,1.78,1.78,1.56,1.7,-0.04,-2.30%,62500
IMRN,2025-07-02,1.67,1.723,1.646,1.7,0,0.00%,8000
IMRN,2025-07-03,1.75,1.8099,1.75,1.775,0.075,+4.41%,15600
IMRN,2025-07-07,1.76,1.77,1.6671,1.73,-0.045,-2.54%,6100
IMRN,2025-07-08,1.72,1.7805,1.72,1.75,0.02,+1.16%,11400
IMRN,2025-07-09,1.7599,1.77,1.7243,1.75,0,0.00%,9600
IMRN,2025-07-10,1.75,1.775,1.7212,1.765,0.015,+0.86%,7600
IMRN,2025-07-11,1.77,1.78,1.7,1.74,-0.025,-1.42%,18400
IMRN,2025-07-14,1.89,1.89,1.7701,1.84,0.1,+5.75%,31600
IMRN,2025-07-15,1.82,1.9518,1.8011,1.87,0.03,+1.63%,55700
IMRN,2025-07-16,1.95,1.9501,1.84,1.87,0,0.00%,42100
IMRN,2025-07-17,1.9,1.94,1.74,1.89,0.02,+1.07%,11615800
IMRN,2025-07-18,1.74,1.78,1.71,1.71,-0.18,-9.52%,368000
IMRN,2025-07-21,1.74,1.74,1.63,1.68,-0.03,-1.75%,215000
IMRN,2025-07-22,1.62,1.74,1.6,1.7,0.02,+1.19%,184700
IMRN,2025-07-23,1.67,1.8,1.65,1.75,0.05,+2.94%,198700
IMRN,2025-07-24,1.75,1.78,1.72,1.74,-0.01,-0.57%,78800
IMRN,2025-07-25,1.75,1.75,1.68,1.72,-0.02,-1.15%,73600
IMRN,2025-07-28,1.7,1.7264,1.62,1.67,-0.05,-2.91%,118600
IMRN,2025-07-29,1.65,1.74,1.6306,1.66,-0.01,-0.60%,67500
IMRN,2025-07-30,1.66,1.73,1.64,1.67,0.01,+0.60%,76700
IMRN,2025-07-31,1.62,1.67,1.62,1.62,-0.05,-2.99%,55900
IMRN,2025-08-01,1.62,1.66,1.57,1.65,0.03,+1.85%,64400
IMRN,2025-08-04,1.66,1.7,1.6401,1.68,0.03,+1.82%,37600
IMRN,2025-08-05,1.7,1.71,1.66,1.67,-0.01,-0.60%,14100
IMRN,2025-08-06,1.66,1.68,1.64,1.64,-0.03,-1.80%,24000
IMRN,2025-08-07,1.66,1.66,1.62,1.62,-0.02,-1.22%,29900
IMRN,2025-08-08,1.64,1.71,1.62,1.71,0.09,+5.56%,28500
IMRN,2025-08-11,1.65,1.7,1.64,1.66,-0.05,-2.92%,28700
IMRN,2025-08-12,1.65,1.76,1.64,1.71,0.05,+3.01%,72600
IMRN,2025-08-13,1.66,1.79,1.62,1.73,0.02,+1.17%,146400
IMRN,2025-08-14,1.66,1.8377,1.66,1.82,0.09,+5.20%,75600
IMRN,2025-08-15,1.78,1.8145,1.75,1.81,-0.01,-0.55%,50300
IMRN,2025-08-18,1.82,1.93,1.79,1.88,0.07,+3.87%,132400
IMRN,2025-08-19,1.85,1.8706,1.7111,1.76,-0.12,-6.38%,65200
IMRN,2025-08-20,1.7743,1.7998,1.62,1.72,-0.04,-2.27%,79900
IMRN,2025-08-21,1.79,1.87,1.7242,1.83,0.11,+6.40%,77800
IMRN,2025-08-22,1.86,1.88,1.75,1.78,-0.05,-2.73%,63500
IMRN,2025-08-25,1.8,1.8298,1.7569,1.805,0.025,+1.40%,17900
IMRN,2025-08-26,1.78,1.7994,1.7306,1.75,-0.055,-3.05%,24800
IMRN,2025-08-27,1.78,1.79,1.7501,1.775,0.025,+1.43%,14400
IMRN,2025-08-28,1.7601,1.85,1.7601,1.82,0.045,+2.54%,32900
IMRN,2025-08-29,1.82,1.838,1.77,1.83,0.01,+0.55%,59100
IMRN,2025-09-02,1.84,1.84,1.79,1.825,-0.005,-0.27%,42600
IMRN,2025-09-03,1.84,1.87,1.815,1.86,0.035,+1.92%,32400
IMRN,2025-09-04,1.81,1.89,1.79,1.89,0.03,+1.61%,49900
IMRN,2025-09-05,1.87,1.89,1.79,1.858,-0.032,-1.69%,11300
IMRN,2025-09-08,1.84,1.9,1.8201,1.88,0.022,+1.18%,39200
IMRN,2025-09-09,1.82,1.86,1.8,1.8,-0.08,-4.26%,41200
IMRN,2025-09-10,1.84,1.93,1.8344,1.92,0.12,+6.67%,66900
IMRN,2025-09-11,1.91,1.92,1.86,1.91,-0.01,-0.52%,17600
IMRN,2025-09-12,1.92,1.94,1.875,1.93,0.02,+1.05%,42300
IMRN,2025-09-15,1.88,1.9299,1.84,1.86,-0.07,-3.63%,49600
IMRN,2025-09-16,1.8651,1.9126,1.82,1.83,-0.03,-1.61%,95700
IMRN,2025-09-17,1.83,1.91,1.8,1.8,-0.03,-1.64%,37900
IMRN,2025-09-18,1.81,1.8999,1.8001,1.81,0.01,+0.56%,55100
IMRN,2025-09-19,1.89,1.91,1.88,1.9,0.09,+4.97%,43500
IMRN,2025-09-22,1.85,1.94,1.85,1.94,0.04,+2.11%,40300
IMRN,2025-09-23,1.89,1.93,1.87,1.89,-0.05,-2.58%,46700
IMRN,2025-09-24,1.89,1.9299,1.87,1.92,0.03,+1.59%,13200
IMRN,2025-09-25,1.91,1.93,1.82,1.93,0.01,+0.52%,37800
IMRN,2025-09-26,1.9,1.95,1.88,1.935,0.005,+0.26%,30600
IMRN,2025-09-29,1.89,1.94,1.89,1.9206,-0.0144,-0.74%,8500
IMRN,2025-09-30,1.87,1.9389,1.87,1.9,-0.0206,-1.07%,22600
IMRN,2025-10-01,1.9,1.91,1.87,1.91,0.01,+0.53%,16500
IMRN,2025-10-02,1.99,2.1,1.9732,2.0601,0.1501,+7.86%,311600
IMRN,2025-10-03,2.16,2.167,2.05,2.15,0.0899,+4.36%,135300
IMRN,2025-10-06,2.09,2.24,2.0501,2.24,0.09,+4.19%,188500
IMRN,2025-10-07,2.27,2.275,2.17,2.21,-0.03,-1.34%,147700
IMRN,2025-10-08,2.25,2.3,2.15,2.27,0.06,+2.71%,143900
IMRN,2025-10-09,2.28,2.28,2.12,2.14,-0.13,-5.73%,79500
IMRN,2025-10-10,2.12,2.2,2.02,2.07,-0.07,-3.27%,45700
IMRN,2025-10-13,2.11,2.19,2.0201,2.08,0.01,+0.48%,52700
IMRN,2025-10-14,2.11,2.11,1.98,2.05,-0.03,-1.44%,57900
IMRN,2025-10-15,2.0799,2.178,2.0349,2.178,0.128,+6.24%,158600
IMRN,2025-10-16,2.23,2.39,2.1601,2.2,0.022,+1.01%,202900
IMRN,2025-10-17,2.15,2.215,2.12,2.21,0.01,+0.45%,47600
IMRN,2025-10-20,2.26,2.35,2.187,2.35,0.14,+6.33%,84000
IMRN,2025-10-21,2.35,2.35,2.26,2.265,-0.085,-3.62%,49300
IMRN,2025-10-22,2.2,2.22,2.06,2.09,-0.175,-7.73%,56700
IMRN,2025-10-23,2.25,2.25,2.11,2.16,0.07,+3.35%,45100
IMRN,2025-10-24,2.21,2.21,2.1211,2.15,-0.01,-0.46%,31100
IMRN,2025-10-27,2.15,2.24,2.0899,2.2,0.05,+2.33%,44200
IMRN,2025-10-28,2.15,2.2099,2.13,2.2,0,0.00%,17200
IMRN,2025-10-29,2.17,2.1798,2.1,2.1,-0.1,-4.55%,25300
IMRN,2025-10-30,2.11,2.13,2.01,2.02,-0.08,-3.81%,65600
IMRN,2025-10-31,1.96,1.96,1.8,1.9,-0.12,-5.94%,334300
IMRN,2025-11-03,1.9,2,1.9,2,0.1,+5.26%,31300
IMRN,2025-11-04,1.93,1.9723,1.58,1.73,-0.27,-13.50%,178600
IMRN,2025-11-05,1.55,1.59,1.42,1.51,-0.22,-12.72%,6226300
IMRN,2025-11-06,1.51,1.66,1.46,1.66,0.15,+9.93%,170400
IMRN,2025-11-07,1.54,1.66,1.4901,1.64,-0.02,-1.20%,125600
IMRN,2025-11-10,1.59,1.67,1.5697,1.61,-0.03,-1.83%,82900
IMRN,2025-11-11,1.62,1.65,1.5434,1.62,0.01,+0.62%,96900
IMRN,2025-11-12,1.6,1.65,1.5601,1.61,-0.01,-0.62%,42600
IMRN,2025-11-13,1.56,1.63,1.56,1.56,-0.05,-3.11%,36200
IMRN,2025-11-14,1.56,1.6,1.56,1.58,0.02,+1.28%,31500
IMRN,2025-11-17,1.59,1.62,1.55,1.56,-0.02,-1.27%,44400
IMRN,2025-11-18,1.55,1.6,1.54,1.56,0,0.00%,34200
IMRN,2025-11-19,1.49,1.6,1.47,1.53,-0.03,-1.92%,45900
IMRN,2025-11-20,1.555,1.62,1.55,1.62,0.09,+5.88%,97700
IMRN,2025-11-21,1.6,1.69,1.58,1.68,0.06,+3.70%,36600
IMRN,2025-11-24,1.65,1.68,1.5801,1.67,-0.01,-0.60%,51200
IMRN,2025-11-25,1.66,1.77,1.614,1.74,0.07,+4.19%,29500
IMRN,2025-11-26,1.71,1.77,1.6962,1.75,0.01,+0.57%,20600
IMRN,2025-11-28,1.69,1.76,1.63,1.71,-0.04,-2.29%,7900
IMRN,2025-12-01,1.67,1.76,1.66,1.73,0.02,+1.17%,28100
IMRN,2025-12-02,1.7302,1.74,1.69,1.74,0.01,+0.58%,12900
IMRN,2025-12-03,1.77,1.78,1.46,1.55,-0.19,-10.92%,22850600
IMRN,2025-12-04,1.5,1.62,1.45,1.56,0.01,+0.65%,618200
IMRN,2025-12-05,1.54,1.54,1.43,1.51,-0.05,-3.21%,279300
IMRN,2025-12-08,1.53,1.53,1.42,1.47,-0.04,-2.65%,235100
IMRN,2025-12-09,1.46,1.53,1.46,1.51,0.04,+2.72%,557400
IMRN,2025-12-10,1.05,1.19,1.05,1.12,-0.39,-25.83%,478700
IMRN,2025-12-11,1.06,1.1,1,1.05,-0.07,-6.25%,252500
IMRN,2025-12-12,1.06,1.0794,1.01,1.02,-0.03,-2.86%,52900
IMRN,2025-12-15,1.03,1.03,0.9701,0.9702,-0.0498,-4.88%,91200
IMRN,2025-12-16,0.9696,0.9696,0.9149,0.9621,-0.0081,-0.83%,79600
IMRN,2025-12-17,0.94,0.9599,0.92,0.9417,-0.0204,-2.12%,52300
IMRN,2025-12-18,0.91,0.9507,0.91,0.944,0.0023,+0.24%,29000
IMRN,2025-12-19,0.939,0.944,0.92,0.936,-0.008,-0.85%,35900
IMRN,2025-12-22,0.9332,0.9675,0.9332,0.943,0.007,+0.75%,17000
IMRN,2025-12-23,0.92,0.94,0.909,0.9133,-0.0297,-3.15%,36100
IMRN,2025-12-24,0.9133,0.9335,0.8809,0.8809,-0.0324,-3.55%,19400
IMRN,2025-12-26,0.88,0.9469,0.88,0.885,0.0041,+0.47%,43400
IMRN,2025-12-29,0.88,0.9005,0.8401,0.8411,-0.0439,-4.96%,27900
IMRN,2025-12-30,0.8304,0.8395,0.6765,0.751,-0.0901,-10.71%,151500
IMRN,2025-12-31,0.751,0.78,0.7401,0.7625,0.0115,+1.53%,85000
IMRN,2026-01-02,0.7667,0.8059,0.7625,0.795,0.0325,+4.26%,27700
IMRN,2026-01-05,0.82,0.85,0.82,0.82,0.025,+3.14%,33700
IMRN,2026-01-06,0.869,0.869,0.82,0.83,0.01,+1.22%,11700
IMRN,2026-01-07,0.9,0.9052,0.8545,0.86,0.03,+3.61%,46200
IMRN,2026-01-08,0.88,0.88,0.8025,0.82,-0.04,-4.65%,10500
IMRN,2026-01-09,0.85,0.88,0.85,0.8523,0.0323,+3.94%,19900
IMRN,2026-01-12,0.86,1.08,0.83,0.976,0.1237,+14.51%,298100
IMRN,2026-01-13,1.08,1.22,1.06,1.2,0.224,+22.95%,566100
IMRN,2026-01-14,1.25,1.25,1.0123,1.03,-0.17,-14.17%,123200
IMRN,2026-01-15,1.04,1.07,1.01,1.07,0.04,+3.88%,56200
IMRN,2026-01-16,1.05,1.13,1.05,1.06,-0.01,-0.93%,54100
IMRN,2026-01-20,1.03,1.06,0.977,0.977,-0.083,-7.83%,73000
IMRN,2026-01-21,0.95,1.0499,0.93,0.983,0.006,+0.61%,27900
IMRN,2026-01-22,1.02,1.05,0.984,0.997,0.014,+1.42%,26400
IMRN,2026-01-23,1.03,1.0318,0.984,0.984,-0.013,-1.30%,16300
IMRN,2026-01-26,0.99,1.0099,0.941,0.9722,-0.0118,-1.20%,40200
IMRN,2026-01-27,1,1,0.9342,0.9522,-0.02,-2.06%,19200
IMRN,2026-01-28,0.97,0.97,0.931,0.9697,0.0175,+1.84%,27300
IMRN,2026-01-29,0.9678,0.968,0.9116,0.9116,-0.0581,-5.99%,18200
IMRN,2026-01-30,0.91,0.93,0.885,0.93,0.0184,+2.02%,30000
IMRN,2026-02-02,0.92,0.92,0.8968,0.901,-0.029,-3.12%,14000
IMRN,2026-02-03,0.92,0.92,0.8361,0.8414,-0.0596,-6.61%,31600
IMRN,2026-02-04,0.871,0.871,0.8,0.8125,-0.0289,-3.43%,26100
IMRN,2026-02-05,0.8205,0.8205,0.78,0.78,-0.0325,-4.00%,13500
IMRN,2026-02-06,0.839,0.84,0.796,0.8058,0.0258,+3.31%,25800
IMRN,2026-02-09,0.8039,0.8058,0.7321,0.7539,-0.0519,-6.44%,22600
IMRN,2026-02-10,0.78,0.8165,0.7537,0.7537,-0.0002,-0.03%,33100
IMRN,2026-02-11,0.74,0.7959,0.725,0.726,-0.0277,-3.68%,30600
IMRN,2026-02-12,0.75,0.7625,0.6801,0.7034,-0.0226,-3.11%,18100
IMRN,2026-02-13,0.76,0.8049,0.735,0.7352,0.0318,+4.52%,14600
IMRN,2026-02-17,0.735,0.745,0.7035,0.7035,-0.0317,-4.31%,20300
IMRN,2026-02-18,0.749,0.749,0.72,0.72,0.0165,+2.35%,39500
IMRN,2026-02-19,0.7201,0.7744,0.7201,0.722,0.002,+0.28%,8900
IMRN,2026-02-20,0.73,0.8099,0.69,0.7216,-0.0004,-0.06%,7100
IMRN,2026-02-23,0.75,0.8002,0.73,0.76,0.0384,+5.32%,13400
IMRN,2026-02-24,0.7872,0.79,0.725,0.725,-0.035,-4.61%,6700
IMRN,2026-02-25,0.776,0.8493,0.733,0.8493,0.1243,+17.14%,48800
IMRN,2026-02-26,0.8494,0.8494,0.82,0.8397,-0.0096,-1.13%,11600
IMRN,2026-02-27,0.8114,0.8114,0.761,0.77,-0.0697,-8.30%,12600
IMRN,2026-03-02,0.732,0.76,0.7301,0.7552,-0.0148,-1.92%,11100
IMRN,2026-03-03,0.7345,0.7551,0.7248,0.74,-0.0152,-2.01%,3400
IMRN,2026-03-04,0.776,0.776,0.7034,0.7463,0.0063,+0.85%,25500
IMRN,2026-03-05,0.735,0.88,0.735,0.78,0.0337,+4.52%,88900
IMRN,2026-03-06,0.75,0.885,0.75,0.88,0.1,+12.82%,50212
IMRN,2026-03-09,0.8385,0.8757,0.7862,0.8349,-0.0451,-5.13%,33900
IMRN,2026-03-10,0.8807,0.8807,0.8579,0.867,0.0321,+3.84%,2900
IMRN,2026-03-11,0.8679,0.8943,0.8101,0.82,-0.047,-5.42%,24700
IMRN,2026-03-12,0.8001,0.8799,0.8,0.81,-0.01,-1.22%,36700
IMRN,2026-03-13,0.8225,0.8649,0.783,0.783,-0.027,-3.33%,7800
IMRN,2026-03-16,0.78,0.814,0.7579,0.7912,0.0082,+1.05%,37100
IMRN,2026-03-17,0.7562,0.7674,0.72,0.7501,-0.0411,-5.19%,39700
IMRN,2026-03-18,0.7384,0.7384,0.7091,0.711,-0.0391,-5.21%,13500
IMRN,2026-03-19,0.7248,0.7248,0.709,0.709,-0.002,-0.28%,11300
IMRN,2026-03-20,0.7031,0.7118,0.703,0.703,-0.006,-0.85%,6100
IMRN,2026-03-23,0.7,0.7001,0.7,0.7,-0.003,-0.43%,10700
IMRN,2026-03-24,0.728,0.78,0.7,0.78,0.08,+11.43%,18900
IMRN,2026-03-25,0.8089,0.8089,0.76,0.7705,-0.0095,-1.22%,8900
IMRN,2026-03-26,0.824,0.824,0.7595,0.7595,-0.011,-1.43%,19800
IMRN,2026-03-27,0.7981,0.81,0.78,0.805,0.0455,+5.99%,14500
IMRN,2026-03-30,0.8875,0.8875,0.7572,0.7754,-0.0296,-3.68%,22100
IMRN,2026-03-31,0.775,0.8293,0.7231,0.7748,-0.0006,-0.08%,29300
IMRN,2026-04-01,0.8325,0.8325,0.7306,0.807,0.0322,+4.16%,5600
IMRN,2026-04-02,0.77,0.84,0.77,0.801,-0.006,-0.74%,17700
IMRN,2026-04-06,0.8,0.82,0.77,0.817,0.016,+2.00%,7200
IMRN,2026-04-07,0.801,0.816,0.7818,0.7933,-0.0237,-2.90%,6000
IMRN,2026-04-08,0.7707,0.8192,0.77,0.8,0.0067,+0.84%,32700
IMRN,2026-04-09,0.767,0.8099,0.767,0.8,0,0.00%,61100
IMRN,2026-04-10,0.7823,0.793,0.7761,0.793,-0.007,-0.88%,4100
IMRN,2026-04-13,0.78,0.79,0.77,0.7865,-0.0065,-0.82%,5500
IMRN,2026-04-14,0.7701,0.894,0.7701,0.85,0.0635,+8.07%,24200
IMRN,2026-04-15,0.83,0.85,0.7913,0.825,-0.025,-2.94%,41800
IMRN,2026-04-16,0.82,0.8498,0.77,0.845,0.02,+2.42%,53600
IMRN,2026-04-17,0.849,1,0.8475,0.9578,0.1128,+13.35%,207700
IMRN,2026-04-20,0.98,0.9818,0.9201,0.9579,0.0001,+0.01%,29200
IMRN,2026-04-21,0.96,0.96,0.9,0.9268,-0.0311,-3.25%,11000
IMRN,2026-04-22,0.9241,0.9499,0.8585,0.8778,-0.049,-5.29%,51000
IMRN,2026-04-23,0.8644,0.9,0.8628,0.8813,0.0035,+0.40%,13300
IMRN,2026-04-24,0.9101,0.9101,0.8411,0.8935,0.0122,+1.38%,14500
IMRX,2021-07-30,19.5,20,16.06,17.59,16.6965,"+1,868.66%",942000
IMRX,2021-08-02,17.65,18.48,17,17,-0.59,-3.35%,183000
IMRX,2021-08-03,17,20.35,17,19.17,2.17,+12.76%,160900
IMRX,2021-08-04,18.91,24.0773,18.62,22.58,3.41,+17.79%,242700
IMRX,2021-08-05,23.03,27.59,21.7716,26.97,4.39,+19.44%,216600
IMRX,2021-08-06,27.52,33.99,26.9,28.23,1.26,+4.67%,171200
IMRX,2021-08-09,28.87,31.45,28.87,29.64,1.41,+4.99%,74600
IMRX,2021-08-10,29.9,31.18,28.71,30.24,0.6,+2.02%,108100
IMRX,2021-08-11,30.61,30.61,28,29.51,-0.73,-2.41%,65800
IMRX,2021-08-12,29.05,30.634,27.36,28.18,-1.33,-4.51%,52400
IMRX,2021-08-13,27.65,29.07,27.5,28.62,0.44,+1.56%,51500
IMRX,2021-08-16,28.6,30.2,28.0327,29.95,1.33,+4.65%,31300
IMRX,2021-08-17,30.01,32,29.4,30.11,0.16,+0.53%,26900
IMRX,2021-08-18,29.62,32.26,29.58,31.51,1.4,+4.65%,76000
IMRX,2021-08-19,30.75,31.4,30.0928,30.52,-0.99,-3.14%,57100
IMRX,2021-08-20,30.17,30.835,28.1543,30.43,-0.09,-0.29%,81800
IMRX,2021-08-23,30.13,30.59,28.35,29.43,-1.,-3.29%,104500
IMRX,2021-08-24,29.34,31.4385,28.21,28.57,-0.86,-2.92%,82800
IMRX,2021-08-25,29.39,29.39,27.74,28.64,0.07,+0.25%,55300
IMRX,2021-08-26,28,28.54,27.2746,28.24,-0.4,-1.40%,97900
IMRX,2021-08-27,27.77,28.5,26.38,26.64,-1.6,-5.67%,95600
IMRX,2021-08-30,26.67,28.16,25.75,26.35,-0.29,-1.09%,119100
IMRX,2021-08-31,26.02,26.86,23.59,24.47,-1.88,-7.13%,162800
IMRX,2021-09-01,24.81,26.945,23.62,26.05,1.58,+6.46%,127000
IMRX,2021-09-02,26,26.41,24.82,25.73,-0.32,-1.23%,107500
IMRX,2021-09-03,25.36,30.24,24.92,28.31,2.58,+10.03%,188000
IMRX,2021-09-07,28.29,28.63,25.145,25.36,-2.95,-10.42%,150300
IMRX,2021-09-08,25.5,25.5,23.82,23.84,-1.52,-5.99%,103700
IMRX,2021-09-09,23.84,25.47,23.34,24.27,0.43,+1.80%,158900
IMRX,2021-09-10,24.11,24.19,20.31,20.75,-3.52,-14.50%,134400
IMRX,2021-09-13,20.5,23.84,20.315,23.39,2.64,+12.72%,256600
IMRX,2021-09-14,23.43,28.4768,22.47,25.87,2.48,+10.60%,360300
IMRX,2021-09-15,26.07,29.79,26.01,29.29,3.42,+13.22%,222800
IMRX,2021-09-16,28.35,29.6,27.21,29.19,-0.1,-0.34%,197300
IMRX,2021-09-17,29.15,30.42,28.3,28.48,-0.71,-2.43%,1259100
IMRX,2021-09-20,28.12,28.2282,22.34,25.27,-3.21,-11.27%,289200
IMRX,2021-09-21,25.14,27.41,23.456,27.28,2.01,+7.95%,165900
IMRX,2021-09-22,27.5,27.6,24.9,25.37,-1.91,-7.00%,67800
IMRX,2021-09-23,25.71,26.85,24.6922,26.7,1.33,+5.24%,22200
IMRX,2021-09-24,26.74,27.63,25.7108,27.49,0.79,+2.96%,23800
IMRX,2021-09-27,26.99,33.25,26.99,32.84,5.35,+19.46%,130200
IMRX,2021-09-28,32.1,32.24,29.3,29.67,-3.17,-9.65%,78200
IMRX,2021-09-29,29.75,29.75,28.03,28.04,-1.63,-5.49%,17200
IMRX,2021-09-30,28.44,28.44,25,26.55,-1.49,-5.31%,116000
IMRX,2021-10-01,26.65,29.115,25.02,28.9,2.35,+8.85%,63700
IMRX,2021-10-04,28.56,29.71,27.15,28.3,-0.6,-2.08%,63100
IMRX,2021-10-05,28.07,29.49,27.63,29.4,1.1,+3.89%,59700
IMRX,2021-10-06,28.55,29.41,27.68,29.11,-0.29,-0.99%,68400
IMRX,2021-10-07,29.5,29.83,27.77,29.71,0.6,+2.06%,82600
IMRX,2021-10-08,29.17,29.17,27.68,27.71,-2.,-6.73%,13300
IMRX,2021-10-11,28.01,28.01,22.1301,22.6,-5.11,-18.44%,163100
IMRX,2021-10-12,23.49,23.64,21.36,21.72,-0.88,-3.89%,136300
IMRX,2021-10-13,21.6,23.35,21.05,23.02,1.3,+5.99%,74000
IMRX,2021-10-14,22.95,24.88,22.8701,24.01,0.99,+4.30%,79100
IMRX,2021-10-15,24.15,25.11,23.11,24.86,0.85,+3.54%,31900
IMRX,2021-10-18,24.15,24.55,23.455,23.68,-1.18,-4.75%,41600
IMRX,2021-10-19,23.81,25.26,23.81,24.91,1.23,+5.19%,20900
IMRX,2021-10-20,25.01,26,24.39,25.69,0.78,+3.13%,33700
IMRX,2021-10-21,25.62,26.25,25.43,26.12,0.43,+1.67%,26500
IMRX,2021-10-22,25.93,26.96,25.165,25.85,-0.27,-1.03%,40700
IMRX,2021-10-25,26.11,27.16,24.22,24.54,-1.31,-5.07%,32200
IMRX,2021-10-26,24.94,26.09,24,25.99,1.45,+5.91%,46400
IMRX,2021-10-27,25.99,27,25.23,26.89,0.9,+3.46%,43500
IMRX,2021-10-28,26.48,28,26.48,27.13,0.24,+0.89%,54100
IMRX,2021-10-29,27.76,27.83,26.7,27.1,-0.03,-0.11%,37200
IMRX,2021-11-01,27.73,28.99,26.34,26.84,-0.26,-0.96%,53100
IMRX,2021-11-02,26.98,29.35,26.38,28.97,2.13,+7.94%,56100
IMRX,2021-11-03,28.85,29.95,28.73,29.64,0.67,+2.31%,30300
IMRX,2021-11-04,29.94,31.3,28.885,30.28,0.64,+2.16%,33500
IMRX,2021-11-05,30.82,30.9099,28.98,29.86,-0.42,-1.39%,46500
IMRX,2021-11-08,29.88,31.885,29.27,31.02,1.16,+3.88%,75900
IMRX,2021-11-09,30.57,31.245,28.76,29.95,-1.07,-3.45%,67200
IMRX,2021-11-10,29.95,30.03,27.27,29.35,-0.6,-2.00%,76200
IMRX,2021-11-11,29.67,30.47,28.5,29.14,-0.21,-0.72%,43800
IMRX,2021-11-12,29.6,30.06,27.71,27.87,-1.27,-4.36%,30900
IMRX,2021-11-15,28.28,28.28,27.18,27.51,-0.36,-1.29%,34100
IMRX,2021-11-16,27.78,27.98,26.595,27.65,0.14,+0.51%,36100
IMRX,2021-11-17,26.92,26.92,26.12,26.49,-1.16,-4.20%,22700
IMRX,2021-11-18,28.35,28.35,25.04,26.1,-0.39,-1.47%,34200
IMRX,2021-11-19,25.56,27.76,23.66,24.86,-1.24,-4.75%,52100
IMRX,2021-11-22,25.22,26.91,22.47,22.5,-2.36,-9.49%,49800
IMRX,2021-11-23,22.45,23.53,21.23,23.4,0.9,+4.00%,41400
IMRX,2021-11-24,22.87,24.1513,22.66,24.03,0.63,+2.69%,23800
IMRX,2021-11-26,22.95,23.55,22.025,22.54,-1.49,-6.20%,16900
IMRX,2021-11-29,22.85,24.6,22.85,24.5,1.96,+8.70%,25000
IMRX,2021-11-30,24.56,24.75,21.68,22.63,-1.87,-7.63%,49900
IMRX,2021-12-01,23.2,24.08,20,20.11,-2.52,-11.14%,86900
IMRX,2021-12-02,20.01,20.59,19.5272,20.39,0.28,+1.39%,39600
IMRX,2021-12-03,20.78,20.78,18.66,19.37,-1.02,-5.00%,27800
IMRX,2021-12-06,19.81,23.26,18.05,20.97,1.6,+8.26%,112700
IMRX,2021-12-07,21.41,22.06,20.37,20.58,-0.39,-1.86%,44000
IMRX,2021-12-08,20.55,22.82,20.55,22.65,2.07,+10.06%,33300
IMRX,2021-12-09,21.28,23.97,21.03,21.87,-0.78,-3.44%,104700
IMRX,2021-12-10,22.01,22.81,20.965,21.64,-0.23,-1.05%,48200
IMRX,2021-12-13,21.33,23.245,20.195,20.9,-0.74,-3.42%,52600
IMRX,2021-12-14,20.69,22.13,19.875,21.47,0.57,+2.73%,68200
IMRX,2021-12-15,22.28,22.5295,20.06,21.33,-0.14,-0.65%,74100
IMRX,2021-12-16,21.88,22.8,20.85,21.91,0.58,+2.72%,34100
IMRX,2021-12-17,21.97,22.315,20.72,21.28,-0.63,-2.88%,249800
IMRX,2021-12-20,20.73,21.51,19.93,20.99,-0.29,-1.36%,101600
IMRX,2021-12-21,21.25,22.59,20.77,22.49,1.5,+7.15%,34600
IMRX,2021-12-22,21.75,23.67,21.75,23.03,0.54,+2.40%,42200
IMRX,2021-12-23,23.29,23.29,19.08,20.5,-2.53,-10.99%,545100
IMRX,2021-12-27,20.53,20.53,17.58,18.3,-2.2,-10.73%,96200
IMRX,2021-12-28,18.31,18.99,16.47,16.68,-1.62,-8.85%,129500
IMRX,2021-12-29,16.39,17.105,16.07,16.44,-0.24,-1.44%,48100
IMRX,2021-12-30,16.64,17.16,15.74,16.12,-0.32,-1.95%,59000
IMRX,2021-12-31,16.1,16.9,15.8,16.17,0.05,+0.31%,36900
IMRX,2022-01-03,16.92,17.23,15.8,16.99,0.82,+5.07%,54300
IMRX,2022-01-04,17.36,17.36,15.25,15.51,-1.48,-8.71%,38900
IMRX,2022-01-05,15.46,15.98,15.18,15.48,-0.03,-0.19%,75000
IMRX,2022-01-06,15.39,15.6926,13.93,14.14,-1.34,-8.66%,49300
IMRX,2022-01-07,14.85,16.2,14.85,15.47,1.33,+9.41%,115100
IMRX,2022-01-10,14.8842,15.3922,13.65,14.06,-1.41,-9.11%,56000
IMRX,2022-01-11,14.09,15.15,13.72,14.74,0.68,+4.84%,28300
IMRX,2022-01-12,14.71,14.71,13.26,13.41,-1.33,-9.02%,61900
IMRX,2022-01-13,13.51,14.85,13.2901,13.82,0.41,+3.06%,72500
IMRX,2022-01-14,13.46,13.6,12.23,13,-0.82,-5.93%,117900
IMRX,2022-01-18,13.11,13.61,12.33,12.4,-0.6,-4.62%,40700
IMRX,2022-01-19,12.23,13.29,11.03,12.32,-0.08,-0.65%,115800
IMRX,2022-01-20,13.41,13.5585,12.295,12.48,0.16,+1.30%,36800
IMRX,2022-01-21,12.1,12.77,11.85,12.06,-0.42,-3.37%,69700
IMRX,2022-01-24,11.75,12.48,10.75,12.22,0.16,+1.33%,44000
IMRX,2022-01-25,11.87,12.52,11,12.27,0.05,+0.41%,26300
IMRX,2022-01-26,12.37,12.56,11.39,11.5,-0.77,-6.28%,52000
IMRX,2022-01-27,11.5,11.76,10.41,10.61,-0.89,-7.74%,59300
IMRX,2022-01-28,10.45,10.5,9.89,10,-0.61,-5.75%,306200
IMRX,2022-01-31,9.99,10.46,9.78,10,0,0.00%,237200
IMRX,2022-02-01,10,10.49,9.53,10.32,0.32,+3.20%,269700
IMRX,2022-02-02,10.43,10.43,9.35,9.75,-0.57,-5.52%,133600
IMRX,2022-02-03,9.4,10.39,9.3,9.45,-0.3,-3.08%,96100
IMRX,2022-02-04,9.22,10.1,9.22,9.8,0.35,+3.70%,121100
IMRX,2022-02-07,9.72,10.05,9.06,10,0.2,+2.04%,100600
IMRX,2022-02-08,9.95,10.25,9.33,9.98,-0.02,-0.20%,210800
IMRX,2022-02-09,9.99,10.6,9.59,10.45,0.47,+4.71%,309500
IMRX,2022-02-10,10.19,10.33,9.51,9.66,-0.79,-7.56%,109500
IMRX,2022-02-11,9.7,10.01,9.19,9.5,-0.16,-1.66%,77200
IMRX,2022-02-14,9.46,9.46,8.63,8.76,-0.74,-7.79%,113700
IMRX,2022-02-15,8.97,9.74,8.62,9.58,0.82,+9.36%,187400
IMRX,2022-02-16,9.5,9.58,9.09,9.37,-0.21,-2.19%,63500
IMRX,2022-02-17,9.22,9.38,8.59,8.84,-0.53,-5.66%,81100
IMRX,2022-02-18,9.05,9.05,7.94,8.33,-0.51,-5.77%,164100
IMRX,2022-02-22,8.34,8.54,7.935,8.19,-0.14,-1.68%,118000
IMRX,2022-02-23,8.29,8.29,7.31,7.32,-0.87,-10.62%,130100
IMRX,2022-02-24,6.93,7.72,6.61,7.72,0.4,+5.46%,191600
IMRX,2022-02-25,7.82,8.02,7.5,7.85,0.13,+1.68%,125300
IMRX,2022-02-28,7.74,7.95,7.28,7.47,-0.38,-4.84%,118300
IMRX,2022-03-01,7.6,8.045,6.88,7.02,-0.45,-6.02%,151000
IMRX,2022-03-02,7.07,7.45,6.8,7.34,0.32,+4.56%,103900
IMRX,2022-03-03,7.41,7.52,6.59,6.81,-0.53,-7.22%,105700
IMRX,2022-03-04,6.74,6.8899,6.51,6.63,-0.18,-2.64%,71200
IMRX,2022-03-07,6.66,6.93,6.5,6.58,-0.05,-0.75%,96700
IMRX,2022-03-08,6.61,7.1,6.32,6.75,0.17,+2.58%,87500
IMRX,2022-03-09,6.84,7.155,6.8,7,0.25,+3.70%,146800
IMRX,2022-03-10,6.8,7.04,6.44,6.94,-0.06,-0.86%,197400
IMRX,2022-03-11,6.95,7.51,6.37,6.49,-0.45,-6.48%,118000
IMRX,2022-03-14,6.56,7.07,6.56,6.75,0.26,+4.01%,297400
IMRX,2022-03-15,6.72,6.905,6.27,6.56,-0.19,-2.81%,172300
IMRX,2022-03-16,6.96,7.215,6.49,6.9,0.34,+5.18%,333900
IMRX,2022-03-17,6.89,7.208,6.73,7,0.1,+1.45%,290300
IMRX,2022-03-18,6.97,7.59,6.94,7,0,0.00%,1388200
IMRX,2022-03-21,7.12,7.36,6.72,7.26,0.26,+3.71%,292100
IMRX,2022-03-22,7.22,8.1,7.02,7.99,0.73,+10.06%,274200
IMRX,2022-03-23,8.15,8.2,7.53,7.64,-0.35,-4.38%,201500
IMRX,2022-03-24,7.77,8,7.58,7.89,0.25,+3.27%,245700
IMRX,2022-03-25,7.93,8,7.2325,7.25,-0.64,-8.11%,327900
IMRX,2022-03-28,7.19,7.35,6.54,6.82,-0.43,-5.93%,205300
IMRX,2022-03-29,6.87,7.01,6.61,6.79,-0.03,-0.44%,116100
IMRX,2022-03-30,6.83,7.09,6.74,6.81,0.02,+0.29%,155100
IMRX,2022-03-31,6.79,6.79,6.31,6.47,-0.34,-4.99%,143600
IMRX,2022-04-01,7.12,7.48,6.66,7.44,0.97,+14.99%,159500
IMRX,2022-04-04,7.44,7.84,7.42,7.81,0.37,+4.97%,116000
IMRX,2022-04-05,7.74,7.9226,7.25,7.28,-0.53,-6.79%,109500
IMRX,2022-04-06,7.2,7.27,6.93,7.07,-0.21,-2.88%,122000
IMRX,2022-04-07,7.07,7.45,6.97,7.43,0.36,+5.09%,162100
IMRX,2022-04-08,7.45,7.45,7.04,7.07,-0.36,-4.85%,104400
IMRX,2022-04-11,6.92,7.13,6.76,6.88,-0.19,-2.69%,172000
IMRX,2022-04-12,6.93,7.035,6,6.1,-0.78,-11.34%,199900
IMRX,2022-04-13,6.1,6.49,5.98,6.42,0.32,+5.25%,111500
IMRX,2022-04-14,6.45,6.87,6.195,6.39,-0.03,-0.47%,160600
IMRX,2022-04-18,6.4,6.6849,5.89,6.2,-0.19,-2.97%,177100
IMRX,2022-04-19,6.41,6.81,6.27,6.62,0.42,+6.77%,140100
IMRX,2022-04-20,6.66,6.69,6.26,6.56,-0.06,-0.91%,102000
IMRX,2022-04-21,6.62,7.23,5.96,6.07,-0.49,-7.47%,127200
IMRX,2022-04-22,6,6,5.63,5.89,-0.18,-2.97%,142000
IMRX,2022-04-25,5.78,6.065,5.71,5.95,0.06,+1.02%,133300
IMRX,2022-04-26,5.81,5.81,5.41,5.57,-0.38,-6.39%,120100
IMRX,2022-04-27,5.54,6.11,5.255,5.35,-0.22,-3.95%,115800
IMRX,2022-04-28,5.38,5.47,5.05,5.44,0.09,+1.68%,100500
IMRX,2022-04-29,5.37,5.59,4.89,4.97,-0.47,-8.64%,121000
IMRX,2022-05-02,4.93,5.42,4.89,5.4,0.43,+8.65%,120200
IMRX,2022-05-03,5.39,5.57,5.305,5.54,0.14,+2.59%,99500
IMRX,2022-05-04,5.53,5.78,4.97,5.74,0.2,+3.61%,141200
IMRX,2022-05-05,5.62,5.72,5.205,5.26,-0.48,-8.36%,78300
IMRX,2022-05-06,5.19,5.33,4.73,4.91,-0.35,-6.65%,94100
IMRX,2022-05-09,4.8,4.825,4.105,4.29,-0.62,-12.63%,198100
IMRX,2022-05-10,4.35,5.185,4.26,4.89,0.6,+13.99%,129700
IMRX,2022-05-11,4.96,5.01,4.3,4.42,-0.47,-9.61%,78100
IMRX,2022-05-12,4.42,5.09,4.34,5.05,0.63,+14.25%,233100
IMRX,2022-05-13,5.09,5.5,4.88,5.03,-0.02,-0.40%,125900
IMRX,2022-05-16,5,5.19,4.57,4.69,-0.34,-6.76%,73000
IMRX,2022-05-17,4.88,5.135,4.67,5.06,0.37,+7.89%,80200
IMRX,2022-05-18,4.94,5.165,4.67,4.7,-0.36,-7.11%,51500
IMRX,2022-05-19,4.66,4.815,4.38,4.45,-0.25,-5.32%,56048
IMRX,2022-05-20,4.57,4.57,4.16,4.37,-0.08,-1.80%,108800
IMRX,2022-05-23,4.5,4.52,4.23,4.4,0.03,+0.69%,51100
IMRX,2022-05-24,4.29,4.29,3.988,4.13,-0.27,-6.14%,73600
IMRX,2022-05-25,4.13,4.13,3.74,3.89,-0.24,-5.81%,100300
IMRX,2022-05-26,3.92,4.4967,3.75,4.33,0.44,+11.31%,113800
IMRX,2022-05-27,4.32,4.68,4.07,4.62,0.29,+6.70%,39300
IMRX,2022-05-31,4.58,4.64,4.37,4.48,-0.14,-3.03%,45200
IMRX,2022-06-01,4.49,4.49,3.85,3.97,-0.51,-11.38%,102000
IMRX,2022-06-02,3.93,4.28,3.82,4.17,0.2,+5.04%,54500
IMRX,2022-06-03,4.15,4.81,4.1,4.75,0.58,+13.91%,89900
IMRX,2022-06-06,4.9,4.975,4.28,4.41,-0.34,-7.16%,124000
IMRX,2022-06-07,4.35,5.43,4.215,5.18,0.77,+17.46%,124000
IMRX,2022-06-08,5.38,6.09,5,5.84,0.66,+12.74%,107100
IMRX,2022-06-09,5.81,6.71,5.15,6.43,0.59,+10.10%,109100
IMRX,2022-06-10,6.25,6.25,4.61,4.95,-1.48,-23.02%,136800
IMRX,2022-06-13,4.7,4.82,4.47,4.68,-0.27,-5.45%,69300
IMRX,2022-06-14,4.72,4.77,4.415,4.56,-0.12,-2.56%,39500
IMRX,2022-06-15,4.73,4.87,4.5,4.87,0.31,+6.80%,75900
IMRX,2022-06-16,4.61,4.66,4.25,4.38,-0.49,-10.06%,87100
IMRX,2022-06-17,4.42,4.87,4.37,4.6,0.22,+5.02%,94700
IMRX,2022-06-21,4.78,4.88,4.4,4.63,0.03,+0.65%,108400
IMRX,2022-06-22,4.57,5.39,4.57,4.75,0.12,+2.59%,125200
IMRX,2022-06-23,4.75,5.3,4.75,5.12,0.37,+7.79%,120300
IMRX,2022-06-24,5.18,5.18,4.13,4.52,-0.6,-11.72%,1961200
IMRX,2022-06-27,4.54,5.17,4.305,5.1,0.58,+12.83%,94800
IMRX,2022-06-28,5.07,5.3499,4.94,5.06,-0.04,-0.78%,43200
IMRX,2022-06-29,4.71,5.2,4.71,5.2,0.14,+2.77%,33600
IMRX,2022-06-30,5.05,5.75,4.79,5.41,0.21,+4.04%,46500
IMRX,2022-07-01,5.4,5.5,4.53,5,-0.41,-7.58%,38600
IMRX,2022-07-05,4.7551,5.1,4.7551,5,0,0.00%,21400
IMRX,2022-07-06,5.11,5.73,5.11,5.29,0.29,+5.80%,85800
IMRX,2022-07-07,5.41,5.74,5.41,5.65,0.36,+6.81%,48400
IMRX,2022-07-08,5.87,7.3,5.62,7.28,1.63,+28.85%,138800
IMRX,2022-07-11,7.31,7.31,6.54,7.01,-0.27,-3.71%,70900
IMRX,2022-07-12,6.98,7.1623,6.6608,6.87,-0.14,-2.00%,30800
IMRX,2022-07-13,6.63,6.995,5.92,6.86,-0.01,-0.15%,23900
IMRX,2022-07-14,6.78,7.79,6.685,7.56,0.7,+10.20%,71700
IMRX,2022-07-15,7.68,7.68,7.01,7.26,-0.3,-3.97%,44600
IMRX,2022-07-18,7.31,7.76,6.66,7.38,0.12,+1.65%,64300
IMRX,2022-07-19,7.5,7.7,7.09,7.69,0.31,+4.20%,26500
IMRX,2022-07-20,7.69,7.8,6.92,7.57,-0.12,-1.56%,34100
IMRX,2022-07-21,7.69,7.72,7.28,7.43,-0.14,-1.85%,30700
IMRX,2022-07-22,7.37,7.431,6.63,7.13,-0.3,-4.04%,25100
IMRX,2022-07-25,7.1,7.2,6.69,7.14,0.01,+0.14%,21700
IMRX,2022-07-26,7.16,7.16,6.62,6.8,-0.34,-4.76%,7600
IMRX,2022-07-27,6.99,7.19,5.97,6.2,-0.6,-8.82%,47200
IMRX,2022-07-28,6.0245,6.49,6.0245,6.43,0.23,+3.71%,12700
IMRX,2022-07-29,6.5,6.54,6.0905,6.52,0.09,+1.40%,9000
IMRX,2022-08-01,6.44,6.58,6.26,6.47,-0.05,-0.77%,13600
IMRX,2022-08-02,6.39,6.39,5.92,5.98,-0.49,-7.57%,13000
IMRX,2022-08-03,6.13,6.98,6.13,6.85,0.87,+14.55%,28200
IMRX,2022-08-04,6.77,6.77,5.91,6.27,-0.58,-8.47%,25100
IMRX,2022-08-05,6.3,6.8,6.12,6.4,0.13,+2.07%,31900
IMRX,2022-08-08,6.45,7.21,6.45,7.12,0.72,+11.25%,15200
IMRX,2022-08-09,6.98,7.07,6.71,6.71,-0.41,-5.76%,14600
IMRX,2022-08-10,7.02,7.527,6.285,6.66,-0.05,-0.75%,15500
IMRX,2022-08-11,7,7,6.0253,6.33,-0.33,-4.95%,27500
IMRX,2022-08-12,6.24,6.7178,5.87,5.94,-0.39,-6.16%,10300
IMRX,2022-08-15,5.96,6.74,5.96,6.61,0.67,+11.28%,5600
IMRX,2022-08-16,6.65,7.35,6.55,7.26,0.65,+9.83%,17400
IMRX,2022-08-17,7.49,7.49,6.9271,7.12,-0.14,-1.93%,9100
IMRX,2022-08-18,7.08,7.09,6.9,7,-0.12,-1.69%,6600
IMRX,2022-08-19,6.72,7.09,6.4509,6.69,-0.31,-4.43%,9600
IMRX,2022-08-22,6.69,6.69,5.82,6.02,-0.67,-10.01%,18500
IMRX,2022-08-23,6.28,6.43,6.0402,6.33,0.31,+5.15%,6200
IMRX,2022-08-24,6.33,6.8,6.33,6.8,0.47,+7.42%,5000
IMRX,2022-08-25,6.89,6.91,6.14,6.3,-0.5,-7.35%,22100
IMRX,2022-08-26,6.63,6.83,5.89,6.03,-0.27,-4.29%,14700
IMRX,2022-08-29,5.91,6.3499,5.78,6,-0.03,-0.50%,6400
IMRX,2022-08-30,6.17,6.18,5.36,5.58,-0.42,-7.00%,16100
IMRX,2022-08-31,5.59,5.81,5.15,5.58,0,0.00%,41800
IMRX,2022-09-01,5.12,6.95,5.12,6.95,1.37,+24.55%,37206
IMRX,2022-09-02,6.6,7.44,6.46,7.44,0.49,+7.05%,27500
IMRX,2022-09-06,7.68,9.31,7.33,8.27,0.83,+11.16%,114200
IMRX,2022-09-07,8.07,8.41,7.86,8.13,-0.14,-1.69%,24300
IMRX,2022-09-08,8.3,8.89,8.12,8.68,0.55,+6.77%,19300
IMRX,2022-09-09,8.73,9.05,8.275,8.87,0.19,+2.19%,30700
IMRX,2022-09-12,8.85,10,8.57,9.83,0.96,+10.82%,52400
IMRX,2022-09-13,9.51,12,9.0686,12,2.17,+22.08%,74000
IMRX,2022-09-14,12.71,13.47,11.9471,12.3,0.3,+2.50%,105800
IMRX,2022-09-15,12.19,12.49,11.35,11.99,-0.31,-2.52%,63000
IMRX,2022-09-16,12.23,12.91,12,12.28,0.29,+2.42%,341500
IMRX,2022-09-19,12.06,13.38,12.06,12.85,0.57,+4.64%,50200
IMRX,2022-09-20,12.34,12.58,12.05,12.49,-0.36,-2.80%,35200
IMRX,2022-09-21,12.736,12.736,11.9,12.12,-0.37,-2.96%,36700
IMRX,2022-09-22,11.53,11.69,10.22,10.54,-1.58,-13.04%,54500
IMRX,2022-09-23,10.15,10.61,9.83,10.25,-0.29,-2.75%,25800
IMRX,2022-09-26,10.145,10.9,10.145,10.59,0.34,+3.32%,27200
IMRX,2022-09-27,10.88,11.25,10.55,10.6,0.01,+0.09%,40200
IMRX,2022-09-28,10.66,12.69,10.63,12.45,1.85,+17.45%,19300
IMRX,2022-09-29,12.4,13.3359,11.735,13.12,0.67,+5.38%,62000
IMRX,2022-09-30,13.77,16.1671,12.8453,14.32,1.2,+9.15%,241209
IMRX,2022-10-03,13.47,15.66,12.78,14.96,0.64,+4.47%,67700
IMRX,2022-10-04,15.7,15.8199,14.205,15,0.04,+0.27%,64500
IMRX,2022-10-05,14.54,14.7989,12.9,14.13,-0.87,-5.80%,52400
IMRX,2022-10-06,14.21,14.3996,12.6,12.98,-1.15,-8.14%,95100
IMRX,2022-10-07,13.05,13.565,12.0802,12.85,-0.13,-1.00%,73100
IMRX,2022-10-10,13.45,14.0242,12.74,13.6,0.75,+5.84%,58000
IMRX,2022-10-11,13.63,13.63,12.1566,12.78,-0.82,-6.03%,72600
IMRX,2022-10-12,12.77,13.68,12.01,12.67,-0.11,-0.86%,42800
IMRX,2022-10-13,12.34,13.725,11.07,13,0.33,+2.60%,67800
IMRX,2022-10-14,12.61,13.53,12.3,12.86,-0.14,-1.08%,56400
IMRX,2022-10-17,12.51,13.465,11.905,13.16,0.3,+2.33%,51300
IMRX,2022-10-18,12.61,13.48,12.315,13.17,0.01,+0.08%,86700
IMRX,2022-10-19,13.33,14.1999,12.56,13.14,-0.03,-0.23%,114500
IMRX,2022-10-20,13.37,13.5,12.5537,13.03,-0.11,-0.84%,85200
IMRX,2022-10-21,13.09,13.5749,12.41,12.97,-0.06,-0.46%,23600
IMRX,2022-10-24,13.14,13.96,12.565,13.04,0.07,+0.54%,30700
IMRX,2022-10-25,13,13.27,12.6,13.27,0.23,+1.76%,34400
IMRX,2022-10-26,13.28,13.97,13.23,13.44,0.17,+1.28%,46700
IMRX,2022-10-27,13.51,13.6,12.84,13.13,-0.31,-2.31%,40700
IMRX,2022-10-28,13.2,13.985,12.1601,13.5,0.37,+2.82%,38500
IMRX,2022-10-31,13.7,14,13.0101,13.85,0.35,+2.59%,28300
IMRX,2022-11-01,14,14,13.42,13.95,0.1,+0.72%,41000
IMRX,2022-11-02,14.01,14.01,12.94,13.13,-0.82,-5.88%,37100
IMRX,2022-11-03,12.64,12.97,11.1001,11.45,-1.68,-12.80%,83900
IMRX,2022-11-04,11.4,11.4,9.9901,10.32,-1.13,-9.87%,50300
IMRX,2022-11-07,10.48,10.51,9.66,9.92,-0.4,-3.88%,32000
IMRX,2022-11-08,10.07,10.256,8.98,9.1,-0.82,-8.27%,33500
IMRX,2022-11-09,9.21,9.38,8.56,8.65,-0.45,-4.95%,19000
IMRX,2022-11-10,9.08,9.87,8.35,8.65,0,0.00%,45400
IMRX,2022-11-11,8.7,8.7,7.09,7.57,-1.08,-12.49%,71900
IMRX,2022-11-14,7.66,8,7.26,7.48,-0.09,-1.19%,30200
IMRX,2022-11-15,7.51,7.855,7.13,7.24,-0.24,-3.21%,57800
IMRX,2022-11-16,7.18,7.84,6.65,6.88,-0.36,-4.97%,92000
IMRX,2022-11-17,6.82,7.4499,6.41,6.72,-0.16,-2.33%,37800
IMRX,2022-11-18,6.775,7.1675,6.775,7,0.28,+4.17%,16500
IMRX,2022-11-21,7.07,7.26,6.43,6.5,-0.5,-7.14%,27500
IMRX,2022-11-22,6.64,7.1,6.31,6.5,0,0.00%,25800
IMRX,2022-11-23,6.6,6.6,6.21,6.33,-0.17,-2.62%,19200
IMRX,2022-11-25,6.45,6.57,6.34,6.57,0.24,+3.79%,6900
IMRX,2022-11-28,6.68,6.81,6.34,6.63,0.06,+0.91%,15900
IMRX,2022-11-29,6.51,6.6,6.165,6.37,-0.26,-3.92%,15500
IMRX,2022-11-30,6.45,6.91,6.12,6.49,0.12,+1.88%,55000
IMRX,2022-12-01,6.25,7.09,6.22,6.46,-0.03,-0.46%,53400
IMRX,2022-12-02,6.27,6.41,5.75,5.93,-0.53,-8.20%,42800
IMRX,2022-12-05,5.85,6.38,5.5451,6.11,0.18,+3.04%,28200
IMRX,2022-12-06,6.32,6.32,5.31,5.67,-0.44,-7.20%,47500
IMRX,2022-12-07,5.8249,5.8249,5.52,5.6,-0.07,-1.23%,8400
IMRX,2022-12-08,5.55,5.6798,5.23,5.43,-0.17,-3.04%,24300
IMRX,2022-12-09,5.36,5.61,5,5.18,-0.25,-4.60%,79500
IMRX,2022-12-12,5.08,5.2,4.7,5.1,-0.08,-1.54%,86500
IMRX,2022-12-13,5.16,5.45,4.57,5,-0.1,-1.96%,116500
IMRX,2022-12-14,4.95,5.1325,4.8,4.89,-0.11,-2.20%,51900
IMRX,2022-12-15,4.83,5.5,4.57,4.57,-0.32,-6.54%,42500
IMRX,2022-12-16,4.49,4.66,4.15,4.19,-0.38,-8.32%,78200
IMRX,2022-12-19,4.41,4.64,4.05,4.24,0.05,+1.19%,20200
IMRX,2022-12-20,4.37,4.76,4.275,4.42,0.18,+4.25%,39100
IMRX,2022-12-21,4.42,4.71,3.87,4.09,-0.33,-7.47%,102600
IMRX,2022-12-22,3.91,4.43,3.8801,4.36,0.27,+6.60%,65200
IMRX,2022-12-23,4.71,4.9899,4.16,4.37,0.01,+0.23%,33300
IMRX,2022-12-27,4.29,4.46,4.1,4.17,-0.2,-4.58%,18100
IMRX,2022-12-28,4.1,4.4,4.04,4.37,0.2,+4.80%,25400
IMRX,2022-12-29,4.23,5,4.095,4.96,0.59,+13.50%,51100
IMRX,2022-12-30,4.77,4.88,4.35,4.85,-0.11,-2.22%,51100
IMRX,2023-01-03,4.83,4.83,3.89,4.01,-0.84,-17.32%,66200
IMRX,2023-01-04,3.95,4.2501,3.95,4.01,0,0.00%,20300
IMRX,2023-01-05,3.96,4.145,3.9,3.97,-0.04,-1.00%,25100
IMRX,2023-01-06,3.91,4.0785,3.91,3.94,-0.03,-0.76%,15000
IMRX,2023-01-09,3.95,4.42,3.95,4.42,0.48,+12.18%,30300
IMRX,2023-01-10,4.36,4.6634,4.34,4.48,0.06,+1.36%,33400
IMRX,2023-01-11,4.41,4.52,4.18,4.5,0.02,+0.45%,7900
IMRX,2023-01-12,4.51,4.85,4.48,4.82,0.32,+7.11%,21700
IMRX,2023-01-13,4.75,4.75,4.4,4.43,-0.39,-8.09%,29600
IMRX,2023-01-17,4.43,4.43,4.18,4.23,-0.2,-4.51%,27700
IMRX,2023-01-18,4.2,4.2801,4,4.05,-0.18,-4.26%,19100
IMRX,2023-01-19,3.97,4.08,3.915,4.08,0.03,+0.74%,37700
IMRX,2023-01-20,4.33,4.345,4,4.34,0.26,+6.37%,23600
IMRX,2023-01-23,4.4,4.4,4.14,4.18,-0.16,-3.69%,14700
IMRX,2023-01-24,4.14,4.41,4.14,4.28,0.1,+2.39%,20100
IMRX,2023-01-25,4.46,4.64,4.27,4.61,0.33,+7.71%,101200
IMRX,2023-01-26,4.59,4.7,4.26,4.41,-0.2,-4.34%,69200
IMRX,2023-01-27,4.39,4.7,4.31,4.45,0.04,+0.91%,33400
IMRX,2023-01-30,4.5,4.51,4.31,4.35,-0.1,-2.25%,4300
IMRX,2023-01-31,4.4407,4.4407,4.13,4.19,-0.16,-3.68%,11900
IMRX,2023-02-01,4.14,4.2675,4.0505,4.17,-0.02,-0.48%,31600
IMRX,2023-02-02,4.19,4.2,4.05,4.18,0.01,+0.24%,50400
IMRX,2023-02-03,4.25,4.25,3.9,3.97,-0.21,-5.02%,61500
IMRX,2023-02-06,4.26,4.26,3.87,3.88,-0.09,-2.27%,33700
IMRX,2023-02-07,3.99,4.09,3.84,4.09,0.21,+5.41%,114500
IMRX,2023-02-08,4.2,4.2,3.82,3.93,-0.16,-3.91%,219900
IMRX,2023-02-09,3.9186,3.9867,3.8,3.81,-0.12,-3.05%,58500
IMRX,2023-02-10,3.83,3.9431,3.7,3.78,-0.03,-0.79%,15300
IMRX,2023-02-13,3.76,3.93,3.74,3.93,0.15,+3.97%,12800
IMRX,2023-02-14,3.93,4,3.8,3.89,-0.04,-1.02%,6600
IMRX,2023-02-15,3.98,4.25,3.91,4.25,0.36,+9.25%,32600
IMRX,2023-02-16,4.2,4.33,4.17,4.33,0.08,+1.88%,13700
IMRX,2023-02-17,4.25,4.656,4.2,4.59,0.26,+6.00%,13200
IMRX,2023-02-21,4.55,4.9,4.54,4.69,0.1,+2.18%,21200
IMRX,2023-02-22,4.9,5.28,4.6107,5.12,0.43,+9.17%,28200
IMRX,2023-02-23,5.15,5.7499,5.0022,5.27,0.15,+2.93%,37600
IMRX,2023-02-24,5.3,5.3,4.51,4.69,-0.58,-11.01%,24200
IMRX,2023-02-27,4.7,5.09,4.7,4.8,0.11,+2.35%,25800
IMRX,2023-02-28,4.82,5.1458,4.7,4.89,0.09,+1.88%,7300
IMRX,2023-03-01,5.21,5.73,4.99,5.1,0.21,+4.29%,10200
IMRX,2023-03-02,5.18,5.18,4.63,5.01,-0.09,-1.76%,12300
IMRX,2023-03-03,4.93,5.15,4.8925,5.09,0.08,+1.60%,26000
IMRX,2023-03-06,5.11,5.28,4.97,5.19,0.1,+1.96%,26200
IMRX,2023-03-07,5.03,5.66,4.7387,5.51,0.32,+6.17%,25000
IMRX,2023-03-08,5.58,6.945,5.58,6.77,1.26,+22.87%,97300
IMRX,2023-03-09,7.08,8.25,6.36,7.14,0.37,+5.47%,98300
IMRX,2023-03-10,7.01,7.55,6.51,7.53,0.39,+5.46%,60200
IMRX,2023-03-13,7.44,8.2332,7.4042,8,0.47,+6.24%,82400
IMRX,2023-03-14,8.25,8.69,7.66,8.45,0.45,+5.63%,80300
IMRX,2023-03-15,8.35,8.7,7.45,7.77,-0.68,-8.05%,66900
IMRX,2023-03-16,7.67,7.88,7.01,7.88,0.11,+1.42%,32900
IMRX,2023-03-17,7.82,8.07,7.54,8.07,0.19,+2.41%,29100
IMRX,2023-03-20,8.19,8.25,7.325,7.86,-0.21,-2.60%,17500
IMRX,2023-03-21,7.87,9,7.42,8.76,0.9,+11.45%,31200
IMRX,2023-03-22,8.85,10.3,8.56,10.24,1.48,+16.89%,168600
IMRX,2023-03-23,10.36,11.08,10.12,10.38,0.14,+1.37%,121400
IMRX,2023-03-24,10.71,10.71,9.83,10.37,-0.01,-0.10%,79600
IMRX,2023-03-27,10.23,10.555,9.99,10.13,-0.24,-2.31%,67800
IMRX,2023-03-28,10.33,10.69,9.3,9.38,-0.75,-7.40%,50000
IMRX,2023-03-29,9.48,10.1,9.48,9.72,0.34,+3.62%,58900
IMRX,2023-03-30,9.77,10.1399,9.61,9.96,0.24,+2.47%,26000
IMRX,2023-03-31,9.86,10.455,9.08,9.71,-0.25,-2.51%,43000
IMRX,2023-04-03,9.59,9.72,9.0899,9.24,-0.47,-4.84%,65700
IMRX,2023-04-04,9.28,9.67,8.24,8.27,-0.97,-10.50%,58200
IMRX,2023-04-05,8.24,8.75,8.0031,8.36,0.09,+1.09%,45400
IMRX,2023-04-06,8.35,10.7078,8.18,9.78,1.42,+16.99%,68400
IMRX,2023-04-10,9.95,12.2,9.505,11.59,1.81,+18.51%,125000
IMRX,2023-04-11,11.8,12.49,11.6573,12.26,0.67,+5.78%,104600
IMRX,2023-04-12,12.24,12.8,11.07,12.46,0.2,+1.63%,65000
IMRX,2023-04-13,12.45,12.995,12,12.35,-0.11,-0.88%,75500
IMRX,2023-04-14,12.35,12.81,11.9,12.58,0.23,+1.86%,63400
IMRX,2023-04-17,12.48,12.87,12,12.19,-0.39,-3.10%,59100
IMRX,2023-04-18,11.44,13.76,10.79,13.36,1.17,+9.60%,198200
IMRX,2023-04-19,14.19,14.29,12.51,12.93,-0.43,-3.22%,178700
IMRX,2023-04-20,12.76,13.205,11,11.81,-1.12,-8.66%,65800
IMRX,2023-04-21,11.85,12.23,11.375,11.43,-0.38,-3.22%,49500
IMRX,2023-04-24,11.37,11.95,11.195,11.52,0.09,+0.79%,57200
IMRX,2023-04-25,11.41,12.1509,9.82,10.14,-1.38,-11.98%,70300
IMRX,2023-04-26,10.3,11.36,10.05,11.01,0.87,+8.58%,81800
IMRX,2023-04-27,11.12,11.8471,10.22,10.6,-0.41,-3.72%,70600
IMRX,2023-04-28,10.51,11.34,10.51,10.98,0.38,+3.58%,54000
IMRX,2023-05-01,11.01,11.3,10.4,10.45,-0.53,-4.83%,44400
IMRX,2023-05-02,10.45,10.65,8.67,8.94,-1.51,-14.45%,102000
IMRX,2023-05-03,8.9,9.8,8.8,8.8,-0.14,-1.57%,97500
IMRX,2023-05-04,8.68,8.71,7.68,8.03,-0.77,-8.75%,102300
IMRX,2023-05-05,8.17,8.8,7.79,7.98,-0.05,-0.62%,171400
IMRX,2023-05-08,8,8,7.01,7.24,-0.74,-9.27%,81000
IMRX,2023-05-09,7.29,8.09,7.29,7.815,0.575,+7.94%,40300
IMRX,2023-05-10,7.8,7.8,7.115,7.2,-0.615,-7.87%,38800
IMRX,2023-05-11,7.23,7.62,7.073,7.43,0.23,+3.19%,19200
IMRX,2023-05-12,7.49,8.19,7.42,7.78,0.35,+4.71%,29400
IMRX,2023-05-15,7.92,8.5,7.83,7.98,0.2,+2.57%,68100
IMRX,2023-05-16,8.01,8.9,7.57,8.41,0.43,+5.39%,70700
IMRX,2023-05-17,8.5,8.88,8.5,8.66,0.25,+2.97%,38200
IMRX,2023-05-18,8.51,9.02,8.365,8.95,0.29,+3.35%,48500
IMRX,2023-05-19,9.02,10.155,9.01,9.7,0.75,+8.38%,75900
IMRX,2023-05-22,9.7,9.77,8.13,8.2,-1.5,-15.46%,86600
IMRX,2023-05-23,8.14,8.47,6.845,6.97,-1.23,-15.00%,121600
IMRX,2023-05-24,6.83,6.9908,6.02,6.5,-0.47,-6.74%,99600
IMRX,2023-05-25,6.64,7.1,6.14,6.53,0.03,+0.46%,44100
IMRX,2023-05-26,6.51,6.88,6.09,6.485,-0.045,-0.69%,75900
IMRX,2023-05-30,6.5,7.15,6.5,6.93,0.445,+6.86%,68100
IMRX,2023-05-31,7.18,7.8,6.89,7.75,0.82,+11.83%,133800
IMRX,2023-06-01,7.68,9.42,7.68,9.42,1.67,+21.55%,105500
IMRX,2023-06-02,9.38,9.52,8.45,8.75,-0.67,-7.11%,81700
IMRX,2023-06-05,8.8,9.405,8.45,8.51,-0.24,-2.74%,125900
IMRX,2023-06-06,8.36,9.64,8.29,9.25,0.74,+8.70%,62100
IMRX,2023-06-07,9.25,10.06,8.61,10,0.75,+8.11%,75800
IMRX,2023-06-08,10.03,10.5,9.65,10.26,0.26,+2.60%,102200
IMRX,2023-06-09,10.39,10.84,9.75,9.9,-0.36,-3.51%,63100
IMRX,2023-06-12,9.81,10.77,9.43,9.89,-0.01,-0.10%,56200
IMRX,2023-06-13,9.81,10.43,9.38,9.55,-0.34,-3.44%,51600
IMRX,2023-06-14,9.58,10.16,9.29,9.32,-0.23,-2.41%,82500
IMRX,2023-06-15,9.61,10.56,9.36,9.85,0.53,+5.69%,64000
IMRX,2023-06-16,10.22,11.38,8.8,11.21,1.36,+13.81%,327900
IMRX,2023-06-20,11.17,11.92,10.57,11.42,0.21,+1.87%,178700
IMRX,2023-06-21,11.26,11.92,11.02,11.16,-0.26,-2.28%,117800
IMRX,2023-06-22,11.2,11.81,11.095,11.29,0.13,+1.16%,96800
IMRX,2023-06-23,11.07,11.525,9.86,10.28,-1.01,-8.95%,2276700
IMRX,2023-06-26,10.53,10.53,8.72,9.47,-0.81,-7.88%,222600
IMRX,2023-06-27,9.47,10.05,8.9,9.55,0.08,+0.84%,159100
IMRX,2023-06-28,9.33,9.96,9.19,9.79,0.24,+2.51%,74200
IMRX,2023-06-29,9.64,9.78,9.21,9.58,-0.21,-2.15%,52100
IMRX,2023-06-30,9.55,10.28,9.55,10.14,0.56,+5.85%,168500
IMRX,2023-07-03,10.12,10.38,9.57,9.73,-0.41,-4.04%,35800
IMRX,2023-07-05,9.78,10.46,9.4,9.99,0.26,+2.67%,89300
IMRX,2023-07-06,10.05,10.4,9.6,9.91,-0.08,-0.80%,92000
IMRX,2023-07-07,9.91,10.155,9.65,9.89,-0.02,-0.20%,41600
IMRX,2023-07-10,9.86,10.39,9.86,10.15,0.26,+2.63%,64900
IMRX,2023-07-11,10.16,10.16,9.72,9.92,-0.23,-2.27%,81300
IMRX,2023-07-12,10.08,10.08,9.02,9.27,-0.65,-6.55%,53900
IMRX,2023-07-13,9.33,9.71,9.1,9.48,0.21,+2.27%,33500
IMRX,2023-07-14,9.44,10.11,9.035,9.9,0.42,+4.43%,42800
IMRX,2023-07-17,10.07,10.34,9.081,9.96,0.06,+0.61%,62700
IMRX,2023-07-18,9.93,10.765,9.93,10.13,0.17,+1.71%,53300
IMRX,2023-07-19,10.08,10.375,9.45,9.63,-0.5,-4.94%,64500
IMRX,2023-07-20,9.76,10.355,9.3,10.21,0.58,+6.02%,52600
IMRX,2023-07-21,10.34,11.0599,10.08,10.16,-0.05,-0.49%,125100
IMRX,2023-07-24,10.18,10.3,9.75,10.24,0.08,+0.79%,45100
IMRX,2023-07-25,10.22,10.8399,9.56,9.81,-0.43,-4.20%,52200
IMRX,2023-07-26,9.78,9.9,9.1,9.28,-0.53,-5.40%,79400
IMRX,2023-07-27,9.36,9.5,9.15,9.38,0.1,+1.08%,42000
IMRX,2023-07-28,9.45,10.45,9.45,10.13,0.75,+8.00%,82000
IMRX,2023-07-31,10.2,10.88,10.14,10.16,0.03,+0.30%,69600
IMRX,2023-08-01,10.19,10.91,10.09,10.64,0.48,+4.72%,77200
IMRX,2023-08-02,10.61,10.99,9.76,10.68,0.04,+0.38%,53900
IMRX,2023-08-03,10.66,10.95,10.11,10.25,-0.43,-4.03%,48400
IMRX,2023-08-04,10.28,10.88,10.21,10.44,0.19,+1.85%,60700
IMRX,2023-08-07,10.44,10.49,9.4,9.82,-0.62,-5.94%,47100
IMRX,2023-08-08,9.83,10.47,9.83,10,0.18,+1.83%,46200
IMRX,2023-08-09,10.08,10.47,9.92,10,0,0.00%,51300
IMRX,2023-08-10,10.36,10.36,9.93,10,0,0.00%,25800
IMRX,2023-08-11,9.78,10.45,9.78,10.15,0.15,+1.50%,34800
IMRX,2023-08-14,10.05,10.325,9.57,9.65,-0.5,-4.93%,39700
IMRX,2023-08-15,9.66,9.66,8.75,9.39,-0.26,-2.69%,63500
IMRX,2023-08-16,9.25,9.6817,8.56,8.67,-0.72,-7.67%,55400
IMRX,2023-08-17,8.51,9.18,8.46,8.81,0.14,+1.61%,44600
IMRX,2023-08-18,8.72,9.535,8.72,8.96,0.15,+1.70%,29100
IMRX,2023-08-21,8.97,10.0699,8.79,9.81,0.85,+9.49%,72900
IMRX,2023-08-22,9.9,10.12,9.47,9.59,-0.22,-2.24%,40700
IMRX,2023-08-23,9.79,10.25,9.6,10,0.41,+4.28%,32100
IMRX,2023-08-24,9.92,10.09,9.5,9.67,-0.33,-3.30%,30000
IMRX,2023-08-25,9.75,9.79,9.1401,9.44,-0.23,-2.38%,14800
IMRX,2023-08-28,9.655,9.655,9.01,9.12,-0.32,-3.39%,19000
IMRX,2023-08-29,9.2,9.38,9.03,9.15,0.03,+0.33%,29600
IMRX,2023-08-30,9.27,9.29,9.06,9.15,0,0.00%,22600
IMRX,2023-08-31,9.19,9.33,8.88,9.01,-0.14,-1.53%,69300
IMRX,2023-09-01,9.01,9.355,8.83,9,-0.01,-0.11%,38200
IMRX,2023-09-05,9.07,9.14,8.53,8.73,-0.27,-3.00%,65000
IMRX,2023-09-06,8.63,8.93,8.18,8.85,0.12,+1.37%,66900
IMRX,2023-09-07,8.88,8.94,8.14,8.39,-0.46,-5.20%,60200
IMRX,2023-09-08,8.54,8.54,7.88,8,-0.39,-4.65%,39600
IMRX,2023-09-11,8.02,8.32,7.535,7.82,-0.18,-2.25%,40800
IMRX,2023-09-12,7.77,8.04,7.54,7.73,-0.09,-1.15%,48300
IMRX,2023-09-13,7.91,7.91,7.06,7.21,-0.52,-6.73%,50000
IMRX,2023-09-14,7.22,7.72,6.84,7.66,0.45,+6.24%,72000
IMRX,2023-09-15,7.65,8.29,7.46,8.05,0.39,+5.09%,289700
IMRX,2023-09-18,8.07,8.205,7.74,7.93,-0.12,-1.49%,29800
IMRX,2023-09-19,7.93,8.16,7.71,7.91,-0.02,-0.25%,17900
IMRX,2023-09-20,7.78,7.965,7.72,7.89,-0.02,-0.25%,11500
IMRX,2023-09-21,7.85,7.995,7.31,7.73,-0.16,-2.03%,43500
IMRX,2023-09-22,7.7,7.975,7.42,7.67,-0.06,-0.78%,33200
IMRX,2023-09-25,7.775,7.8,7.455,7.48,-0.19,-2.48%,21000
IMRX,2023-09-26,7.38,7.945,7.38,7.7,0.22,+2.94%,23900
IMRX,2023-09-27,7.99,8.275,7.82,8.18,0.48,+6.23%,46900
IMRX,2023-09-28,8.29,9,7.76,7.83,-0.35,-4.28%,27300
IMRX,2023-09-29,7.81,7.825,7.6,7.68,-0.15,-1.92%,21400
IMRX,2023-10-02,7.68,7.9,7.01,7.08,-0.6,-7.81%,51000
IMRX,2023-10-03,7.04,7.38,6.74,7.19,0.11,+1.55%,44000
IMRX,2023-10-04,7.4,7.53,7.12,7.12,-0.07,-0.97%,36600
IMRX,2023-10-05,7.13,7.5168,6.98,7.46,0.34,+4.78%,43100
IMRX,2023-10-06,7.36,7.77,7.01,7.26,-0.2,-2.68%,33600
IMRX,2023-10-09,7.24,7.4,6.9501,7.06,-0.2,-2.75%,18200
IMRX,2023-10-10,7.16,7.61,7.16,7.47,0.41,+5.81%,64300
IMRX,2023-10-11,7.47,7.55,6.52,6.69,-0.78,-10.44%,55800
IMRX,2023-10-12,6.69,6.69,6.24,6.245,-0.445,-6.65%,48600
IMRX,2023-10-13,6.2,6.235,5.91,6,-0.245,-3.92%,57100
IMRX,2023-10-16,6,6.25,5.88,6.02,0.02,+0.33%,82000
IMRX,2023-10-17,6.12,6.31,5.7,6.04,0.02,+0.33%,76400
IMRX,2023-10-18,5.94,6.255,5.75,6,-0.04,-0.66%,60600
IMRX,2023-10-19,5.82,6.45,5.77,6,0,0.00%,63400
IMRX,2023-10-20,6,6.04,5.79,5.88,-0.12,-2.00%,26400
IMRX,2023-10-23,5.8391,6.295,5.51,5.68,-0.2,-3.40%,33300
IMRX,2023-10-24,5.71,5.94,5.4,5.49,-0.19,-3.35%,32500
IMRX,2023-10-25,5.47,5.7525,5.46,5.51,0.02,+0.36%,32000
IMRX,2023-10-26,5.71,6.03,5.26,5.36,-0.15,-2.72%,26200
IMRX,2023-10-27,5.36,5.645,4.94,5,-0.36,-6.72%,61400
IMRX,2023-10-30,5.15,6.05,4.81,5.96,0.96,+19.20%,77700
IMRX,2023-10-31,5.89,7.205,5.89,7.03,1.07,+17.95%,54300
IMRX,2023-11-01,7.05,7.15,6.33,6.48,-0.55,-7.82%,52900
IMRX,2023-11-02,6.63,6.98,5.97,6,-0.48,-7.41%,46700
IMRX,2023-11-03,6.19,6.3,5.89,6,0,0.00%,52100
IMRX,2023-11-06,5.91,6.24,5.8,6,0,0.00%,99200
IMRX,2023-11-07,5.9,6.17,5.67,6,0,0.00%,29500
IMRX,2023-11-08,5.91,6.06,5.715,5.9,-0.1,-1.67%,21600
IMRX,2023-11-09,5.78,5.86,5.2,5.2,-0.7,-11.86%,58400
IMRX,2023-11-10,5.33,5.59,4.85,5.185,-0.015,-0.29%,147800
IMRX,2023-11-13,4.99,5.3,4.65,4.84,-0.345,-6.65%,87400
IMRX,2023-11-14,5.09,5.47,4.56,5.265,0.425,+8.78%,233800
IMRX,2023-11-15,5.22,5.4999,5.171,5.28,0.015,+0.28%,55100
IMRX,2023-11-16,5.1,5.57,4.96,5.14,-0.14,-2.65%,124400
IMRX,2023-11-17,5.18,5.68,5.05,5.6,0.46,+8.95%,88100
IMRX,2023-11-20,5.66,5.785,5.41,5.58,-0.02,-0.36%,38700
IMRX,2023-11-21,5.57,7.225,5.3423,7,1.42,+25.45%,140900
IMRX,2023-11-22,7,7.6,6.855,7.46,0.46,+6.57%,74700
IMRX,2023-11-24,7.54,7.985,7.42,7.7,0.24,+3.22%,25500
IMRX,2023-11-27,7.72,8,7.328,7.89,0.19,+2.47%,43300
IMRX,2023-11-28,7.95,7.95,7.0539,7.21,-0.68,-8.62%,36900
IMRX,2023-11-29,7.12,7.5027,6.46,6.57,-0.64,-8.88%,42700
IMRX,2023-11-30,6.55,6.7699,6.12,6.56,-0.01,-0.15%,36600
IMRX,2023-12-01,6.84,8.33,6.7601,8.27,1.71,+26.07%,75000
IMRX,2023-12-04,8.27,8.89,8.16,8.28,0.01,+0.12%,54500
IMRX,2023-12-05,8.35,8.79,8.12,8.44,0.16,+1.93%,60600
IMRX,2023-12-06,8.65,8.8,8.08,8.25,-0.19,-2.25%,63100
IMRX,2023-12-07,8.25,8.48,8,8.17,-0.08,-0.97%,57500
IMRX,2023-12-08,7.95,8.115,7.2501,7.37,-0.8,-9.79%,71500
IMRX,2023-12-11,7.4,7.53,6.815,7.03,-0.34,-4.61%,100000
IMRX,2023-12-12,7.43,7.43,6.51,6.53,-0.5,-7.11%,60400
IMRX,2023-12-13,6.52,6.81,6.48,6.81,0.28,+4.29%,86100
IMRX,2023-12-14,7.02,7.745,6.8,7.73,0.92,+13.51%,55100
IMRX,2023-12-15,7.83,8.41,7.83,8,0.27,+3.49%,292300
IMRX,2023-12-18,7.96,8.01,7.77,7.93,-0.07,-0.88%,23900
IMRX,2023-12-19,8.02,8.02,7.67,7.78,-0.15,-1.89%,53000
IMRX,2023-12-20,7.8,8.07,6.65,6.7,-1.08,-13.88%,140700
IMRX,2023-12-21,6.83,7.25,6.61,6.98,0.28,+4.18%,52300
IMRX,2023-12-22,7.07,7.08,6.89,7,0.02,+0.29%,84200
IMRX,2023-12-26,7.11,7.5,6.8717,7.48,0.48,+6.86%,53500
IMRX,2023-12-27,7.4,7.795,7.21,7.4,-0.08,-1.07%,85100
IMRX,2023-12-28,7.46,7.92,7.4105,7.8,0.4,+5.41%,79300
IMRX,2023-12-29,7.88,7.88,7.331,7.35,-0.45,-5.77%,41900
IMRX,2024-01-02,7.4,7.5649,7.28,7.32,-0.03,-0.41%,58200
IMRX,2024-01-03,7.35,7.45,6.35,6.56,-0.76,-10.38%,59600
IMRX,2024-01-04,6.72,6.82,6.34,6.77,0.21,+3.20%,57000
IMRX,2024-01-05,6.75,6.76,6.37,6.52,-0.25,-3.69%,55300
IMRX,2024-01-08,6.55,6.87,6.43,6.71,0.19,+2.91%,29700
IMRX,2024-01-09,6.56,6.74,6.5313,6.71,0,0.00%,27800
IMRX,2024-01-10,6.7,6.78,6.45,6.49,-0.22,-3.28%,26500
IMRX,2024-01-11,6.46,6.64,6.13,6.23,-0.26,-4.01%,57900
IMRX,2024-01-12,6.32,6.72,6.1,6.6,0.37,+5.94%,25200
IMRX,2024-01-16,6.59,6.72,5.73,5.76,-0.84,-12.73%,75200
IMRX,2024-01-17,5.77,5.894,5.56,5.77,0.01,+0.17%,43000
IMRX,2024-01-18,5.76,5.91,5.732,5.81,0.04,+0.69%,37500
IMRX,2024-01-19,5.84,5.9339,5.6,5.91,0.1,+1.72%,182800
IMRX,2024-01-22,6,6.435,5.91,6.02,0.11,+1.86%,23500
IMRX,2024-01-23,6.18,6.18,5.76,5.86,-0.16,-2.66%,14800
IMRX,2024-01-24,6.01,6.11,5.86,6.02,0.16,+2.73%,24800
IMRX,2024-01-25,6.16,6.27,5.98,6.2,0.18,+2.99%,23800
IMRX,2024-01-26,6.27,6.48,6.13,6.16,-0.04,-0.65%,25000
IMRX,2024-01-29,6.21,6.52,6.1,6.45,0.29,+4.71%,40300
IMRX,2024-01-30,6.44,6.86,6.4014,6.66,0.21,+3.26%,48700
IMRX,2024-01-31,6.7,6.73,5.79,5.87,-0.79,-11.86%,34200
IMRX,2024-02-01,5.98,6.01,5.57,5.745,-0.125,-2.13%,69800
IMRX,2024-02-02,5.62,6,5.24,5.65,-0.095,-1.65%,33700
IMRX,2024-02-05,5.52,5.7,5.4306,5.52,-0.13,-2.30%,41600
IMRX,2024-02-06,5.48,5.9429,5.48,5.7,0.18,+3.26%,15400
IMRX,2024-02-07,5.77,6.215,5.77,5.98,0.28,+4.91%,29100
IMRX,2024-02-08,6.08,6.1917,5.94,6.09,0.11,+1.84%,18800
IMRX,2024-02-09,6.13,6.78,5.87,6.61,0.52,+8.54%,38200
IMRX,2024-02-12,6.61,6.9,6.565,6.65,0.04,+0.61%,71300
IMRX,2024-02-13,6.43,6.636,5.935,6,-0.65,-9.77%,137700
IMRX,2024-02-14,6.13,6.75,6.13,6.48,0.48,+8.00%,78700
IMRX,2024-02-15,6.51,6.7,6.2915,6.7,0.22,+3.40%,34600
IMRX,2024-02-16,6.69,6.9262,6.55,6.6,-0.1,-1.49%,42500
IMRX,2024-02-20,7.06,7.26,6.53,6.76,0.16,+2.42%,88200
IMRX,2024-02-21,6.83,6.85,6.53,6.58,-0.18,-2.66%,39900
IMRX,2024-02-22,6.54,6.67,6.3,6.42,-0.16,-2.43%,22800
IMRX,2024-02-23,6.47,6.5,6.32,6.46,0.04,+0.62%,52000
IMRX,2024-02-26,6.49,6.5,6.2,6.39,-0.07,-1.08%,37000
IMRX,2024-02-27,6.4,6.52,6.225,6.43,0.04,+0.63%,35800
IMRX,2024-02-28,6.33,6.5673,6.33,6.35,-0.08,-1.24%,15300
IMRX,2024-02-29,6.5,6.5,6.09,6.2,-0.15,-2.36%,43600
IMRX,2024-03-01,6.08,6.33,6.08,6.15,-0.05,-0.81%,77600
IMRX,2024-03-04,7.68,7.68,6.065,6.15,0,0.00%,238900
IMRX,2024-03-05,6.35,6.5,6.05,6.2,0.05,+0.81%,137200
IMRX,2024-03-06,6.33,6.72,6.23,6.4,0.2,+3.23%,214100
IMRX,2024-03-07,6.49,6.71,6.295,6.68,0.28,+4.38%,118100
IMRX,2024-03-08,6.78,6.78,6.51,6.56,-0.12,-1.80%,46300
IMRX,2024-03-11,6.6,6.65,5.9,5.935,-0.625,-9.53%,158400
IMRX,2024-03-12,5.97,6.2099,5.85,5.855,-0.08,-1.35%,68100
IMRX,2024-03-13,5.83,6.0001,5.71,5.88,0.025,+0.43%,41700
IMRX,2024-03-14,4.64,5.0093,2.8,2.9,-2.98,-50.68%,6278000
IMRX,2024-03-15,2.82,2.9,1.9,1.91,-0.99,-34.14%,3651800
IMRX,2024-03-18,1.96,3.24,1.96,2.56,0.65,+34.03%,13811900
IMRX,2024-03-19,2.56,2.96,2.5,2.57,0.01,+0.39%,1578700
IMRX,2024-03-20,2.79,2.99,2.72,2.78,0.21,+8.17%,1456900
IMRX,2024-03-21,2.79,2.8675,2.57,2.73,-0.05,-1.80%,967700
IMRX,2024-03-22,2.55,2.71,2.45,2.55,-0.18,-6.59%,707300
IMRX,2024-03-25,2.67,2.67,2.5,2.53,-0.02,-0.78%,480200
IMRX,2024-03-26,2.52,2.61,2.35,2.39,-0.14,-5.53%,622600
IMRX,2024-03-27,2.42,2.48,2.26,2.43,0.04,+1.67%,705200
IMRX,2024-03-28,2.42,2.97,2.4,2.89,0.46,+18.93%,962800
IMRX,2024-04-01,2.83,3.15,2.75,2.75,-0.14,-4.84%,1458200
IMRX,2024-04-02,2.72,2.74,2.46,2.5,-0.25,-9.09%,558900
IMRX,2024-04-03,2.49,2.6,2.36,2.4,-0.1,-4.00%,449700
IMRX,2024-04-04,2.45,2.52,2.2761,2.35,-0.05,-2.08%,466600
IMRX,2024-04-05,2.34,2.36,2.17,2.19,-0.16,-6.81%,531900
IMRX,2024-04-08,2.2,2.31,2,2.12,-0.07,-3.20%,749700
IMRX,2024-04-09,2.12,2.22,2.05,2.19,0.07,+3.30%,396600
IMRX,2024-04-10,2.08,2.165,1.9752,2.01,-0.18,-8.22%,1289500
IMRX,2024-04-11,2.05,2.11,1.93,2.08,0.07,+3.48%,720000
IMRX,2024-04-12,2.08,2.14,2.03,2.1,0.02,+0.96%,257600
IMRX,2024-04-15,2.07,2.08,1.89,1.915,-0.185,-8.81%,857100
IMRX,2024-04-16,1.89,1.96,1.75,1.84,-0.075,-3.92%,689900
IMRX,2024-04-17,1.87,1.97,1.82,1.86,0.02,+1.09%,295300
IMRX,2024-04-18,1.89,1.89,1.76,1.77,-0.09,-4.84%,178100
IMRX,2024-04-19,1.79,1.82,1.56,1.8,0.03,+1.69%,515600
IMRX,2024-04-22,1.77,1.79,1.69,1.72,-0.08,-4.44%,331200
IMRX,2024-04-23,1.71,1.73,1.6,1.63,-0.09,-5.23%,330800
IMRX,2024-04-24,1.61,1.65,1.47,1.5,-0.13,-7.98%,471300
IMRX,2024-04-25,1.53,1.5428,1.4,1.43,-0.07,-4.67%,382300
IMRX,2024-04-26,1.43,1.51,1.43,1.47,0.04,+2.80%,295700
IMRX,2024-04-29,1.49,1.53,1.38,1.48,0.01,+0.68%,596700
IMRX,2024-04-30,1.49,1.58,1.39,1.42,-0.06,-4.05%,573200
IMRX,2024-05-01,1.46,1.6,1.38,1.53,0.11,+7.75%,954100
IMRX,2024-05-02,1.55,1.63,1.51,1.56,0.03,+1.96%,313000
IMRX,2024-05-03,1.73,1.73,1.6,1.64,0.08,+5.13%,340500
IMRX,2024-05-06,1.64,1.7783,1.58,1.65,0.01,+0.61%,319000
IMRX,2024-05-07,1.66,1.66,1.52,1.56,-0.09,-5.45%,268500
IMRX,2024-05-08,1.55,1.72,1.53,1.63,0.07,+4.49%,258500
IMRX,2024-05-09,1.63,1.63,1.52,1.56,-0.07,-4.29%,177400
IMRX,2024-05-10,1.59,1.59,1.4,1.45,-0.11,-7.05%,252200
IMRX,2024-05-13,1.45,1.6,1.45,1.59,0.14,+9.66%,174300
IMRX,2024-05-14,1.59,1.63,1.56,1.6,0.01,+0.63%,136000
IMRX,2024-05-15,1.63,1.6394,1.54,1.57,-0.03,-1.88%,106300
IMRX,2024-05-16,1.56,1.6384,1.5,1.54,-0.03,-1.91%,129300
IMRX,2024-05-17,1.57,1.57,1.46,1.47,-0.07,-4.55%,184000
IMRX,2024-05-20,1.47,1.55,1.45,1.47,0,0.00%,95700
IMRX,2024-05-21,1.49,1.55,1.46,1.54,0.07,+4.76%,100700
IMRX,2024-05-22,1.55,1.59,1.45,1.55,0.01,+0.65%,297000
IMRX,2024-05-23,1.55,1.55,1.41,1.42,-0.13,-8.39%,170300
IMRX,2024-05-24,1.44,1.45,1.36,1.39,-0.03,-2.11%,183400
IMRX,2024-05-28,1.44,1.5,1.35,1.44,0.05,+3.60%,242100
IMRX,2024-05-29,1.44,1.5,1.37,1.45,0.01,+0.69%,196000
IMRX,2024-05-30,1.5,1.5243,1.38,1.38,-0.07,-4.83%,156600
IMRX,2024-05-31,1.39,1.44,1.34,1.39,0.01,+0.72%,159000
IMRX,2024-06-03,1.42,1.42,1.35,1.38,-0.01,-0.72%,137200
IMRX,2024-06-04,1.35,1.38,1.32,1.34,-0.04,-2.90%,348500
IMRX,2024-06-05,1.35,1.4,1.33,1.38,0.04,+2.99%,123800
IMRX,2024-06-06,1.37,1.42,1.35,1.41,0.03,+2.17%,100600
IMRX,2024-06-07,1.39,1.4,1.32,1.37,-0.04,-2.84%,147200
IMRX,2024-06-10,1.36,1.5,1.3,1.49,0.12,+8.76%,327000
IMRX,2024-06-11,1.46,2.01,1.4116,1.69,0.2,+13.42%,768000
IMRX,2024-06-12,1.74,1.7932,1.5,1.54,-0.15,-8.88%,249300
IMRX,2024-06-13,1.57,1.73,1.56,1.69,0.15,+9.74%,250600
IMRX,2024-06-14,1.65,1.67,1.475,1.51,-0.18,-10.65%,242900
IMRX,2024-06-17,1.49,1.65,1.49,1.535,0.025,+1.66%,415200
IMRX,2024-06-18,1.54,1.55,1.43,1.48,-0.055,-3.58%,158100
IMRX,2024-06-20,1.49,1.5,1.38,1.41,-0.07,-4.73%,141400
IMRX,2024-06-21,1.38,1.455,1.38,1.43,0.02,+1.42%,147700
IMRX,2024-06-24,1.43,1.55,1.43,1.49,0.06,+4.20%,132900
IMRX,2024-06-25,1.49,1.49,1.38,1.43,-0.06,-4.03%,263400
IMRX,2024-06-26,1.41,1.44,1.36,1.38,-0.05,-3.50%,161500
IMRX,2024-06-27,1.39,1.435,1.32,1.43,0.05,+3.62%,177800
IMRX,2024-06-28,1.44,1.44,1.28,1.28,-0.15,-10.49%,2510600
IMRX,2024-07-01,1.34,1.34,1.17,1.17,-0.11,-8.59%,354100
IMRX,2024-07-02,1.18,1.19,1.05,1.09,-0.08,-6.84%,594600
IMRX,2024-07-03,1.1,1.19,1.09,1.13,0.04,+3.67%,112000
IMRX,2024-07-05,1.11,1.13,1.06,1.09,-0.04,-3.54%,143000
IMRX,2024-07-08,1.11,1.17,1.1,1.12,0.03,+2.75%,146600
IMRX,2024-07-09,1.11,1.14,1.09,1.11,-0.01,-0.89%,66500
IMRX,2024-07-10,1.14,1.35,1.1399,1.34,0.23,+20.72%,279000
IMRX,2024-07-11,1.35,1.3989,1.18,1.31,-0.03,-2.24%,297900
IMRX,2024-07-12,1.33,1.33,1.2101,1.24,-0.07,-5.34%,195700
IMRX,2024-07-15,1.24,1.2554,1.2,1.22,-0.02,-1.61%,76700
IMRX,2024-07-16,1.24,1.29,1.19,1.25,0.03,+2.46%,248600
IMRX,2024-07-17,1.21,1.26,1.12,1.17,-0.08,-6.40%,188900
IMRX,2024-07-18,1.18,1.24,1.13,1.14,-0.03,-2.56%,72000
IMRX,2024-07-19,1.14,1.16,1.1,1.11,-0.03,-2.63%,64400
IMRX,2024-07-22,1.12,1.24,1.12,1.2,0.09,+8.11%,78000
IMRX,2024-07-23,1.19,1.2,1.124,1.19,-0.01,-0.83%,80400
IMRX,2024-07-24,1.19,1.2,1.14,1.15,-0.04,-3.36%,38200
IMRX,2024-07-25,1.16,1.24,1.15,1.23,0.08,+6.96%,77300
IMRX,2024-07-26,1.24,1.2999,1.2,1.24,0.01,+0.81%,65100
IMRX,2024-07-29,1.26,1.33,1.25,1.28,0.04,+3.23%,192200
IMRX,2024-07-30,1.27,1.29,1.11,1.13,-0.15,-11.72%,131400
IMRX,2024-07-31,1.15,1.1784,1.13,1.13,0,0.00%,6827500
IMRX,2024-08-01,1.55,1.77,1.29,1.35,0.22,+19.47%,67234600
IMRX,2024-08-02,1.32,1.46,1.18,1.33,-0.02,-1.48%,2849800
IMRX,2024-08-05,1.12,1.35,1.1,1.22,-0.11,-8.27%,1231300
IMRX,2024-08-06,1.26,1.37,1.19,1.24,0.02,+1.64%,2307800
IMRX,2024-08-07,1.19,1.3099,1.1,1.14,-0.1,-8.06%,850800
IMRX,2024-08-08,1.13,1.19,1.09,1.12,-0.02,-1.75%,511600
IMRX,2024-08-09,1.09,1.1399,1.07,1.09,-0.03,-2.68%,582500
IMRX,2024-08-12,1.08,1.16,1.07,1.14,0.05,+4.59%,502200
IMRX,2024-08-13,1.12,1.19,1.12,1.14,0,0.00%,379800
IMRX,2024-08-14,1.1,1.15,1.065,1.08,-0.06,-5.26%,453400
IMRX,2024-08-15,1.07,1.11,1.06,1.08,0,0.00%,494500
IMRX,2024-08-16,1.07,1.08,1,1.03,-0.05,-4.63%,635600
IMRX,2024-08-19,1.05,1.14,1.01,1.08,0.05,+4.85%,1074300
IMRX,2024-08-20,1.07,1.08,1.01,1.07,-0.01,-0.93%,430300
IMRX,2024-08-21,1.06,1.13,1.05,1.12,0.05,+4.67%,264900
IMRX,2024-08-22,1.13,1.13,1.04,1.05,-0.07,-6.25%,225300
IMRX,2024-08-23,1.06,1.0799,1.01,1.07,0.02,+1.90%,167000
IMRX,2024-08-26,1.07,1.17,1.06,1.17,0.1,+9.35%,454400
IMRX,2024-08-27,1.17,1.17,1.1,1.13,-0.04,-3.42%,325800
IMRX,2024-08-28,1.11,1.1691,1.1,1.13,0,0.00%,251100
IMRX,2024-08-29,1.12,1.175,1.12,1.16,0.03,+2.65%,171800
IMRX,2024-08-30,1.15,1.16,1.11,1.11,-0.05,-4.31%,264500
IMRX,2024-09-03,1.18,1.27,1.18,1.21,0.1,+9.01%,1658600
IMRX,2024-09-04,1.17,1.33,1.16,1.25,0.04,+3.31%,914800
IMRX,2024-09-05,1.26,1.29,1.15,1.19,-0.06,-4.80%,689700
IMRX,2024-09-06,1.18,1.2203,1.15,1.18,-0.01,-0.84%,379600
IMRX,2024-09-09,1.17,1.19,1.12,1.16,-0.02,-1.69%,419400
IMRX,2024-09-10,1.16,1.22,1.14,1.195,0.035,+3.02%,297600
IMRX,2024-09-11,1.18,1.29,1.18,1.29,0.095,+7.95%,448000
IMRX,2024-09-12,1.33,1.49,1.3,1.43,0.14,+10.85%,12694700
IMRX,2024-09-13,2.09,2.58,1.84,2.02,0.59,+41.26%,136724900
IMRX,2024-09-16,2.03,3.83,1.82,2.87,0.85,+42.08%,65955000
IMRX,2024-09-17,2.74,3.35,2.63,2.78,-0.09,-3.14%,36314500
IMRX,2024-09-18,2.64,2.68,2.28,2.28,-0.5,-17.99%,4523000
IMRX,2024-09-19,2.43,2.64,2.275,2.42,0.14,+6.14%,4122300
IMRX,2024-09-20,2.36,3.51,2.36,3.21,0.79,+32.64%,25146900
IMRX,2024-09-23,3.15,3.35,2.85,2.87,-0.34,-10.59%,4494300
IMRX,2024-09-24,2.87,3.2,2.66,2.92,0.05,+1.74%,2460900
IMRX,2024-09-25,3.01,3.3087,2.79,2.94,0.02,+0.68%,4252000
IMRX,2024-09-26,2.96,3.0697,2.61,2.61,-0.33,-11.22%,2961800
IMRX,2024-09-27,2.61,2.81,2.45,2.66,0.05,+1.92%,1559000
IMRX,2024-09-30,2.61,2.7,2.445,2.49,-0.17,-6.39%,1184800
IMRX,2024-10-01,2.51,2.5199,2.2,2.32,-0.17,-6.83%,1390800
IMRX,2024-10-02,2.26,2.49,2.2006,2.43,0.11,+4.74%,789000
IMRX,2024-10-03,2.36,2.48,2.3201,2.37,-0.06,-2.47%,420100
IMRX,2024-10-04,2.37,2.7,2.37,2.47,0.1,+4.22%,1144400
IMRX,2024-10-07,2.5,2.6,2.37,2.45,-0.02,-0.81%,548800
IMRX,2024-10-08,2.47,2.55,2.3012,2.39,-0.06,-2.45%,701300
IMRX,2024-10-09,2.38,2.39,2.11,2.19,-0.2,-8.37%,821000
IMRX,2024-10-10,2.16,2.235,2.1001,2.22,0.03,+1.37%,356700
IMRX,2024-10-11,2.22,2.2597,2.12,2.19,-0.03,-1.35%,424500
IMRX,2024-10-14,2.17,2.1998,1.9,2,-0.19,-8.68%,942600
IMRX,2024-10-15,2.45,2.51,2.15,2.31,0.31,+15.50%,25792600
IMRX,2024-10-16,2.31,2.34,2.1,2.22,-0.09,-3.90%,1849500
IMRX,2024-10-17,2.12,2.1701,2.078,2.09,-0.13,-5.86%,854800
IMRX,2024-10-18,2.06,2.246,2.05,2.24,0.15,+7.18%,916600
IMRX,2024-10-21,2.2,2.209,2.08,2.16,-0.08,-3.57%,348900
IMRX,2024-10-22,2.12,2.21,2.05,2.2,0.04,+1.85%,340900
IMRX,2024-10-23,2.21,2.21,2.09,2.16,-0.04,-1.82%,363000
IMRX,2024-10-24,2.16,2.2096,2.0702,2.15,-0.01,-0.46%,458500
IMRX,2024-10-25,2.13,2.16,2.01,2.01,-0.14,-6.51%,395500
IMRX,2024-10-28,2.01,2.16,2.01,2.14,0.13,+6.47%,255100
IMRX,2024-10-29,2.16,2.16,1.97,1.98,-0.16,-7.48%,340400
IMRX,2024-10-30,2,2.0007,1.92,1.92,-0.06,-3.03%,321600
IMRX,2024-10-31,1.9,1.93,1.81,1.86,-0.06,-3.13%,284300
IMRX,2024-11-01,1.88,1.949,1.841,1.87,0.01,+0.54%,152600
IMRX,2024-11-04,1.84,1.91,1.83,1.86,-0.01,-0.53%,183900
IMRX,2024-11-05,1.86,1.98,1.86,1.96,0.1,+5.38%,183900
IMRX,2024-11-06,2,2.02,1.89,1.92,-0.04,-2.04%,226100
IMRX,2024-11-07,1.92,1.9899,1.9,1.93,0.01,+0.52%,247000
IMRX,2024-11-08,1.95,1.95,1.8,1.9,-0.03,-1.55%,239000
IMRX,2024-11-11,1.84,1.9699,1.83,1.9,0,0.00%,240200
IMRX,2024-11-12,1.9,1.9,1.8,1.83,-0.07,-3.68%,229800
IMRX,2024-11-13,1.83,1.86,1.6825,1.71,-0.12,-6.56%,300700
IMRX,2024-11-14,1.86,2.17,1.85,1.94,0.23,+13.45%,1486900
IMRX,2024-11-15,1.88,1.9,1.75,1.8,-0.14,-7.22%,380100
IMRX,2024-11-18,1.82,1.87,1.76,1.8,0,0.00%,218600
IMRX,2024-11-19,1.79,2.12,1.79,2.04,0.24,+13.33%,511600
IMRX,2024-11-20,2.04,2.09,1.98,2.04,0,0.00%,176100
IMRX,2024-11-21,2.03,2.23,2.03,2.11,0.07,+3.43%,478900
IMRX,2024-11-22,2.16,2.25,2.0606,2.1,-0.01,-0.47%,342000
IMRX,2024-11-25,2.06,2.1605,2.04,2.08,-0.02,-0.95%,286995
IMRX,2024-11-26,2.09,2.11,2.03,2.05,-0.03,-1.44%,90379
IMRX,2024-11-27,2.06,2.1595,2.04,2.13,0.08,+3.90%,154200
IMRX,2024-11-29,2.16,2.22,2.02,2.09,-0.04,-1.88%,400700
IMRX,2024-12-02,2.09,2.19,2.04,2.1,0.01,+0.48%,222400
IMRX,2024-12-03,2.05,2.11,1.98,2.08,-0.02,-0.95%,423300
IMRX,2024-12-04,2.08,2.33,2.06,2.29,0.21,+10.10%,755100
IMRX,2024-12-05,2.34,2.34,2.1001,2.14,-0.15,-6.55%,416300
IMRX,2024-12-06,2.14,2.22,2.11,2.18,0.04,+1.87%,252900
IMRX,2024-12-09,2.23,2.23,2.07,2.14,-0.04,-1.83%,225100
IMRX,2024-12-10,2.13,2.1996,2.06,2.17,0.03,+1.40%,188300
IMRX,2024-12-11,2.14,2.18,2.1008,2.14,-0.03,-1.38%,108200
IMRX,2024-12-12,2.07,2.3,1.96,1.97,-0.17,-7.94%,8052500
IMRX,2024-12-13,1.85,1.88,1.52,1.635,-0.335,-17.01%,1843400
IMRX,2024-12-16,1.63,1.8,1.6,1.73,0.095,+5.81%,550700
IMRX,2024-12-17,1.88,1.93,1.71,1.73,0,0.00%,945900
IMRX,2024-12-18,1.71,1.81,1.61,1.62,-0.11,-6.36%,529800
IMRX,2024-12-19,1.6,1.86,1.56,1.84,0.22,+13.58%,509900
IMRX,2024-12-20,1.79,2.08,1.79,2,0.16,+8.70%,680000
IMRX,2024-12-23,2.04,2.24,1.96,2.2,0.2,+10.00%,629500
IMRX,2024-12-24,2.21,2.28,2.13,2.25,0.05,+2.27%,338500
IMRX,2024-12-26,2.25,2.3,2.1625,2.18,-0.07,-3.11%,306800
IMRX,2024-12-27,2.2,2.39,2.14,2.33,0.15,+6.88%,345700
IMRX,2024-12-30,2.33,2.35,2.1834,2.25,-0.08,-3.43%,324100
IMRX,2024-12-31,2.26,2.29,2.13,2.2,-0.05,-2.22%,348200
IMRX,2025-01-02,2.2,2.3,2.15,2.21,0.01,+0.45%,264500
IMRX,2025-01-03,2.22,2.37,2.18,2.34,0.13,+5.88%,416400
IMRX,2025-01-06,2.4,2.6,2.36,2.36,0.02,+0.85%,711800
IMRX,2025-01-07,3.74,3.8,2.31,2.36,0,0.00%,80920300
IMRX,2025-01-08,2.14,2.2599,1.9,2,-0.36,-15.25%,4881100
IMRX,2025-01-10,2.03,2.18,1.91,2.07,0.07,+3.50%,1599100
IMRX,2025-01-13,2.04,2.08,1.93,2.01,-0.06,-2.90%,1530400
IMRX,2025-01-14,2.07,2.07,1.95,1.95,-0.06,-2.99%,846400
IMRX,2025-01-15,1.95,2.04,1.86,1.9,-0.05,-2.56%,1368700
IMRX,2025-01-16,1.92,1.99,1.84,1.96,0.06,+3.16%,815800
IMRX,2025-01-17,2,2.09,1.9342,2.02,0.06,+3.06%,680000
IMRX,2025-01-21,2.07,2.16,1.99,2.12,0.1,+4.95%,508500
IMRX,2025-01-22,2.1,2.14,2.05,2.11,-0.01,-0.47%,490300
IMRX,2025-01-23,2.1,2.175,2.06,2.15,0.04,+1.90%,377500
IMRX,2025-01-24,2.12,2.2,2.0208,2.06,-0.09,-4.19%,383500
IMRX,2025-01-27,2.02,2.08,1.9,1.9,-0.16,-7.77%,469300
IMRX,2025-01-28,1.9,1.96,1.87,1.92,0.02,+1.05%,268400
IMRX,2025-01-29,1.97,2.0153,1.8926,1.91,-0.01,-0.52%,191000
IMRX,2025-01-30,1.94,2.01,1.9,1.94,0.03,+1.57%,365300
IMRX,2025-01-31,1.96,2.03,1.9,1.94,0,0.00%,254400
IMRX,2025-02-03,1.89,1.95,1.85,1.88,-0.06,-3.09%,366000
IMRX,2025-02-04,1.91,1.95,1.865,1.95,0.07,+3.72%,168500
IMRX,2025-02-05,1.94,2,1.885,1.91,-0.04,-2.05%,453100
IMRX,2025-02-06,1.97,2.1,1.94,1.99,0.08,+4.19%,764600
IMRX,2025-02-07,2,2.02,1.88,1.9,-0.09,-4.52%,407300
IMRX,2025-02-10,1.92,1.92,1.83,1.86,-0.04,-2.11%,374600
IMRX,2025-02-11,1.84,1.86,1.8,1.8,-0.06,-3.23%,202000
IMRX,2025-02-12,1.79,1.84,1.7806,1.82,0.02,+1.11%,188100
IMRX,2025-02-13,1.83,1.89,1.82,1.86,0.04,+2.20%,230300
IMRX,2025-02-14,1.9,1.92,1.85,1.86,0,0.00%,169900
IMRX,2025-02-18,1.84,1.89,1.8,1.84,-0.02,-1.08%,179200
IMRX,2025-02-19,1.81,1.84,1.77,1.77,-0.07,-3.80%,266000
IMRX,2025-02-20,1.76,1.77,1.7,1.71,-0.06,-3.39%,242600
IMRX,2025-02-21,1.71,1.82,1.7,1.76,0.05,+2.92%,452800
IMRX,2025-02-24,1.78,1.78,1.67,1.69,-0.07,-3.98%,211600
IMRX,2025-02-25,1.69,1.6999,1.6235,1.65,-0.04,-2.37%,225200
IMRX,2025-02-26,1.65,1.71,1.65,1.68,0.03,+1.82%,97700
IMRX,2025-02-27,1.71,1.74,1.66,1.67,-0.01,-0.60%,132100
IMRX,2025-02-28,1.65,1.6891,1.6201,1.65,-0.02,-1.20%,191300
IMRX,2025-03-03,1.68,1.68,1.42,1.48,-0.17,-10.30%,560600
IMRX,2025-03-04,1.48,1.503,1.4,1.48,0,0.00%,246500
IMRX,2025-03-05,1.48,1.51,1.46,1.5,0.02,+1.35%,123900
IMRX,2025-03-06,1.46,1.55,1.46,1.51,0.01,+0.67%,154000
IMRX,2025-03-07,1.53,1.5801,1.51,1.52,0.01,+0.66%,181601
IMRX,2025-03-10,1.52,1.56,1.45,1.46,-0.06,-3.95%,191800
IMRX,2025-03-11,1.47,1.5,1.42,1.5,0.04,+2.74%,168100
IMRX,2025-03-12,1.52,1.5455,1.48,1.52,0.02,+1.33%,98300
IMRX,2025-03-13,1.51,1.57,1.48,1.54,0.02,+1.32%,145200
IMRX,2025-03-14,1.57,1.66,1.56,1.6,0.06,+3.90%,180700
IMRX,2025-03-17,1.63,1.69,1.63,1.68,0.08,+5.00%,128100
IMRX,2025-03-18,1.65,1.7,1.632,1.68,0,0.00%,98600
IMRX,2025-03-19,1.71,1.71,1.63,1.68,0,0.00%,169600
IMRX,2025-03-20,1.67,1.68,1.6206,1.65,-0.03,-1.79%,100700
IMRX,2025-03-21,1.52,1.91,1.5153,1.8,0.15,+9.09%,726100
IMRX,2025-03-24,1.8,1.8898,1.7101,1.74,-0.06,-3.33%,180000
IMRX,2025-03-25,1.72,1.72,1.65,1.69,-0.05,-2.87%,113800
IMRX,2025-03-26,1.69,1.7006,1.6,1.64,-0.05,-2.96%,116400
IMRX,2025-03-27,1.67,1.685,1.6101,1.66,0.02,+1.22%,94100
IMRX,2025-03-28,1.64,1.67,1.595,1.64,-0.02,-1.20%,85300
IMRX,2025-03-31,1.61,1.6598,1.52,1.52,-0.12,-7.32%,172600
IMRX,2025-04-01,1.54,1.6199,1.495,1.5,-0.02,-1.32%,175700
IMRX,2025-04-02,1.54,1.61,1.51,1.56,0.06,+4.00%,89800
IMRX,2025-04-03,1.5,1.55,1.48,1.51,-0.05,-3.21%,86400
IMRX,2025-04-04,1.47,1.4954,1.4,1.41,-0.1,-6.62%,154300
IMRX,2025-04-07,1.38,1.45,1.31,1.35,-0.06,-4.26%,119200
IMRX,2025-04-08,1.41,1.41,1.23,1.25,-0.1,-7.41%,160600
IMRX,2025-04-09,1.24,1.31,1.13,1.29,0.04,+3.20%,419100
IMRX,2025-04-10,1.28,1.28,1.21,1.24,-0.05,-3.88%,152500
IMRX,2025-04-11,1.23,1.3351,1.23,1.29,0.05,+4.03%,140800
IMRX,2025-04-14,1.32,1.38,1.25,1.3,0.01,+0.78%,215400
IMRX,2025-04-15,1.28,1.3793,1.28,1.29,-0.01,-0.77%,78500
IMRX,2025-04-16,1.26,1.3,1.23,1.25,-0.04,-3.10%,65300
IMRX,2025-04-17,1.3,1.3032,1.24,1.27,0.02,+1.60%,62000
IMRX,2025-04-21,1.29,1.39,1.255,1.38,0.11,+8.66%,120600
IMRX,2025-04-22,1.36,1.39,1.27,1.38,0,0.00%,107900
IMRX,2025-04-23,1.4,1.45,1.4,1.41,0.03,+2.17%,54300
IMRX,2025-04-24,1.43,1.485,1.42,1.46,0.05,+3.55%,77200
IMRX,2025-04-25,1.47,1.4896,1.4295,1.45,-0.01,-0.68%,47200
IMRX,2025-04-28,1.45,1.51,1.4099,1.45,0,0.00%,91200
IMRX,2025-04-29,1.45,1.5,1.43,1.47,0.02,+1.38%,84500
IMRX,2025-04-30,1.44,1.47,1.17,1.19,-0.28,-19.05%,707000
IMRX,2025-05-01,1.23,1.3,1.21,1.29,0.1,+8.40%,256400
IMRX,2025-05-02,1.32,1.32,1.2101,1.24,-0.05,-3.88%,188900
IMRX,2025-05-05,1.25,1.2508,1.2301,1.25,0.01,+0.81%,135200
IMRX,2025-05-06,1.27,1.2999,1.19,1.19,-0.06,-4.80%,193100
IMRX,2025-05-07,1.24,1.2408,1.1,1.1,-0.09,-7.56%,322500
IMRX,2025-05-08,1.13,1.22,1.12,1.19,0.09,+8.18%,356200
IMRX,2025-05-09,1.2,1.23,1.11,1.14,-0.05,-4.20%,223900
IMRX,2025-05-12,1.17,1.22,1.1,1.19,0.05,+4.39%,369800
IMRX,2025-05-13,1.21,1.28,1.175,1.28,0.09,+7.56%,290800
IMRX,2025-05-14,1.26,1.3045,1.2201,1.26,-0.02,-1.56%,149100
IMRX,2025-05-15,1.27,1.285,1.24,1.285,0.025,+1.98%,92600
IMRX,2025-05-16,1.29,1.5279,1.29,1.44,0.155,+12.06%,631700
IMRX,2025-05-19,1.45,1.65,1.43,1.52,0.08,+5.56%,342700
IMRX,2025-05-20,1.55,1.57,1.4813,1.57,0.05,+3.29%,204900
IMRX,2025-05-21,1.54,1.54,1.44,1.48,-0.09,-5.73%,192100
IMRX,2025-05-22,1.5,1.5112,1.4,1.45,-0.03,-2.03%,117800
IMRX,2025-05-23,1.45,1.58,1.42,1.54,0.09,+6.21%,227400
IMRX,2025-05-27,1.56,1.67,1.56,1.64,0.1,+6.49%,130700
IMRX,2025-05-28,1.69,1.84,1.62,1.8,0.16,+9.76%,299200
IMRX,2025-05-29,1.82,1.85,1.58,1.695,-0.105,-5.83%,294900
IMRX,2025-05-30,1.73,1.73,1.63,1.71,0.015,+0.88%,130300
IMRX,2025-06-02,1.7,1.89,1.68,1.87,0.16,+9.36%,255100
IMRX,2025-06-03,1.85,2.02,1.8001,1.96,0.09,+4.81%,437400
IMRX,2025-06-04,2,2,1.86,1.96,0,0.00%,184900
IMRX,2025-06-05,2.01,2.065,1.9,2.05,0.09,+4.59%,379000
IMRX,2025-06-06,2.02,2.405,2.0137,2.13,0.08,+3.90%,748000
IMRX,2025-06-09,2.18,2.2297,2.06,2.17,0.04,+1.88%,360400
IMRX,2025-06-10,2.2,2.24,2.12,2.17,0,0.00%,291400
IMRX,2025-06-11,2.16,2.16,2,2.12,-0.05,-2.30%,326100
IMRX,2025-06-12,2.1,2.1,1.91,1.96,-0.16,-7.55%,296300
IMRX,2025-06-13,1.96,2.02,1.86,1.9,-0.06,-3.06%,176700
IMRX,2025-06-16,2.1,2.4,2.1,2.37,0.47,+24.74%,1640600
IMRX,2025-06-17,2.56,2.6,1.66,1.82,-0.55,-23.21%,22550500
IMRX,2025-06-18,2.07,2.9699,2.06,2.77,0.95,+52.20%,13723600
IMRX,2025-06-20,2.95,3.09,2.4,2.56,-0.21,-7.58%,4730100
IMRX,2025-06-23,2.52,2.55,2.29,2.44,-0.12,-4.69%,1398400
IMRX,2025-06-24,2.55,3,2.48,2.94,0.5,+20.49%,1997000
IMRX,2025-06-25,2.88,3.24,2.87,3.02,0.08,+2.72%,2295400
IMRX,2025-06-26,3.09,3.2,2.92,3.19,0.17,+5.63%,1252000
IMRX,2025-06-27,3.22,3.8734,3.14,3.53,0.34,+10.66%,2758500
IMRX,2025-06-30,3.57,3.63,3.2,3.37,-0.16,-4.53%,1029900
IMRX,2025-07-01,3.32,3.565,3.22,3.44,0.07,+2.08%,827600
IMRX,2025-07-02,3.46,3.69,3.45,3.59,0.15,+4.36%,708000
IMRX,2025-07-03,3.69,3.72,3.31,3.45,-0.14,-3.90%,908500
IMRX,2025-07-07,3.5,4.1698,3.43,4.05,0.6,+17.39%,2075700
IMRX,2025-07-08,4.11,4.15,3.9211,4,-0.05,-1.23%,752300
IMRX,2025-07-09,4.06,4.6,4.01,4.45,0.45,+11.25%,1989800
IMRX,2025-07-10,4.49,4.59,4.18,4.33,-0.12,-2.70%,907500
IMRX,2025-07-11,4.28,4.515,4.14,4.42,0.09,+2.08%,806400
IMRX,2025-07-14,4.47,4.55,3.95,4.17,-0.25,-5.66%,1055900
IMRX,2025-07-15,4.19,4.3,4.11,4.18,0.01,+0.24%,572600
IMRX,2025-07-16,4.07,4.17,3.82,3.96,-0.22,-5.26%,637700
IMRX,2025-07-17,4.01,4.32,3.95,4.3,0.34,+8.59%,686500
IMRX,2025-07-18,4.33,4.33,4.08,4.13,-0.17,-3.95%,317500
IMRX,2025-07-21,4.23,4.35,4.042,4.24,0.11,+2.66%,477700
IMRX,2025-07-22,4.24,4.24,3.95,4.22,-0.02,-0.47%,360300
IMRX,2025-07-23,4.28,4.6892,4.08,4.1,-0.12,-2.84%,979000
IMRX,2025-07-24,4.12,4.25,4,4,-0.1,-2.44%,393200
IMRX,2025-07-25,4.05,4.18,3.96,4.06,0.06,+1.50%,212000
IMRX,2025-07-28,4,4.035,3.75,3.91,-0.15,-3.69%,405500
IMRX,2025-07-29,3.97,3.97,3.61,3.68,-0.23,-5.88%,520700
IMRX,2025-07-30,3.66,3.74,3.42,3.63,-0.05,-1.36%,232600
IMRX,2025-07-31,3.61,3.6701,3.43,3.44,-0.19,-5.23%,260200
IMRX,2025-08-01,3.3,3.5163,3.28,3.37,-0.07,-2.03%,271500
IMRX,2025-08-04,3.26,3.45,3.25,3.43,0.06,+1.78%,266900
IMRX,2025-08-05,3.38,3.58,3.37,3.57,0.14,+4.08%,228800
IMRX,2025-08-06,3.6,3.6175,3.41,3.52,-0.05,-1.40%,129900
IMRX,2025-08-07,3.52,3.57,3.41,3.51,-0.01,-0.28%,199100
IMRX,2025-08-08,3.52,3.5274,3.24,3.25,-0.26,-7.41%,347200
IMRX,2025-08-11,3.25,3.425,3.21,3.21,-0.04,-1.23%,298000
IMRX,2025-08-12,3.24,3.25,3.035,3.25,0.04,+1.25%,447500
IMRX,2025-08-13,3.22,3.285,3.1008,3.22,-0.03,-0.92%,212900
IMRX,2025-08-14,3.18,3.18,2.9,3.04,-0.18,-5.59%,596400
IMRX,2025-08-15,3,3.81,3,3.76,0.72,+23.68%,843500
IMRX,2025-08-18,3.8,3.95,3.45,3.5,-0.26,-6.91%,606400
IMRX,2025-08-19,3.58,3.6492,3.32,3.35,-0.15,-4.29%,258800
IMRX,2025-08-20,3.35,3.46,3.25,3.43,0.08,+2.39%,165600
IMRX,2025-08-21,3.71,4.7,3.7,4.63,1.2,+34.99%,6459600
IMRX,2025-08-22,4.68,4.98,4.5022,4.89,0.26,+5.62%,1268800
IMRX,2025-08-25,4.79,6.13,4.7,5.95,1.06,+21.68%,2620400
IMRX,2025-08-26,6,6.14,5.78,5.92,-0.03,-0.50%,647100
IMRX,2025-08-27,5.75,6.18,5.13,5.19,-0.73,-12.33%,841000
IMRX,2025-08-28,5.1,5.653,5.05,5.6,0.41,+7.90%,639300
IMRX,2025-08-29,5.62,5.76,5.47,5.75,0.15,+2.68%,376300
IMRX,2025-09-02,5.64,6.35,5.5801,5.99,0.24,+4.17%,879500
IMRX,2025-09-03,5.87,5.8821,5.165,5.37,-0.62,-10.35%,850600
IMRX,2025-09-04,5.47,5.53,5.305,5.46,0.09,+1.68%,452100
IMRX,2025-09-05,5.48,5.6179,5.17,5.51,0.05,+0.92%,594000
IMRX,2025-09-08,5.53,6.05,5.465,5.95,0.44,+7.99%,837400
IMRX,2025-09-09,6,7.16,5.97,7.05,1.1,+18.49%,1667500
IMRX,2025-09-10,7.99,9.37,7.5,8.14,1.09,+15.46%,3329600
IMRX,2025-09-11,7.67,8.45,7.65,8.21,0.07,+0.86%,930800
IMRX,2025-09-12,8.07,8.5899,7.97,8.49,0.28,+3.41%,858800
IMRX,2025-09-15,8.62,8.8491,7.82,7.86,-0.63,-7.42%,704200
IMRX,2025-09-16,8.11,8.7099,7.94,8.31,0.45,+5.73%,596200
IMRX,2025-09-17,8.2,8.5,7.98,8.07,-0.24,-2.89%,510100
IMRX,2025-09-18,8.16,9.05,8.16,9.01,0.94,+11.65%,529700
IMRX,2025-09-19,9.16,9.34,8.9,9.26,0.25,+2.77%,578100
IMRX,2025-09-22,9.25,10.08,8.7,8.73,-0.53,-5.72%,1417900
IMRX,2025-09-23,9.4,9.65,8.4,8.59,-0.14,-1.60%,1951300
IMRX,2025-09-24,8.64,9.4766,8.61,9.23,0.64,+7.45%,7945500
IMRX,2025-09-25,9.59,9.6,7.25,8,-1.23,-13.33%,21027000
IMRX,2025-09-26,8.18,8.29,7.5201,8.08,0.08,+1.00%,6008900
IMRX,2025-09-29,8.03,8.05,6.415,6.75,-1.33,-16.46%,6085100
IMRX,2025-09-30,6.94,7.125,6.36,7,0.25,+3.70%,3608900
IMRX,2025-10-01,6.97,7.05,6.3,6.36,-0.64,-9.14%,3701700
IMRX,2025-10-02,6.64,6.99,6.46,6.53,0.17,+2.67%,2935900
IMRX,2025-10-03,6.6,6.95,6.02,6.05,-0.48,-7.35%,3545400
IMRX,2025-10-06,6.14,6.6,6.08,6.28,0.23,+3.80%,2272500
IMRX,2025-10-07,6.47,6.4899,6.06,6.11,-0.17,-2.71%,1757400
IMRX,2025-10-08,6.24,6.54,6.1259,6.5,0.39,+6.38%,2299500
IMRX,2025-10-09,6.64,6.6499,6.16,6.24,-0.26,-4.00%,1550600
IMRX,2025-10-10,6.27,6.42,6.03,6.13,-0.11,-1.76%,1853000
IMRX,2025-10-13,6.11,6.2,5.81,6.14,0.01,+0.16%,1793000
IMRX,2025-10-14,6.08,6.37,5.92,5.96,-0.18,-2.93%,1129500
IMRX,2025-10-15,5.98,6.32,5.805,6.16,0.2,+3.36%,1621600
IMRX,2025-10-16,6.1,6.27,5.52,5.54,-0.62,-10.06%,1649500
IMRX,2025-10-17,5.53,5.65,5.355,5.58,0.04,+0.72%,1276600
IMRX,2025-10-20,5.58,5.8,5.445,5.61,0.03,+0.54%,1000800
IMRX,2025-10-21,5.55,5.915,5.45,5.85,0.24,+4.28%,1084200
IMRX,2025-10-22,5.78,5.84,5.23,5.35,-0.5,-8.55%,1433400
IMRX,2025-10-23,5.36,5.67,5.32,5.63,0.28,+5.23%,875600
IMRX,2025-10-24,5.74,6.19,5.65,6.04,0.41,+7.28%,1080000
IMRX,2025-10-27,6.04,6.44,5.92,6.3,0.26,+4.30%,1112100
IMRX,2025-10-28,6.34,6.545,6.1325,6.49,0.19,+3.02%,939000
IMRX,2025-10-29,6.59,6.59,6.18,6.25,-0.24,-3.70%,751600
IMRX,2025-10-30,6.12,6.68,6.1,6.41,0.16,+2.56%,965200
IMRX,2025-10-31,6.55,7.05,6.5,6.87,0.46,+7.18%,1738300
IMRX,2025-11-03,6.75,7.15,6.51,6.56,-0.31,-4.51%,1223800
IMRX,2025-11-04,6.21,6.73,6.15,6.38,-0.18,-2.74%,1028200
IMRX,2025-11-05,6.38,6.58,6.27,6.41,0.03,+0.47%,684500
IMRX,2025-11-06,6.44,6.8,6.26,6.62,0.21,+3.28%,1187000
IMRX,2025-11-07,6.5,6.95,5.98,6.89,0.27,+4.08%,2032000
IMRX,2025-11-10,7,7.15,6.62,6.91,0.02,+0.29%,1499300
IMRX,2025-11-11,6.86,6.9323,6.53,6.74,-0.17,-2.46%,1384900
IMRX,2025-11-12,6.83,6.9492,6.4723,6.62,-0.12,-1.78%,810800
IMRX,2025-11-13,6.82,7.57,6.318,6.45,-0.17,-2.57%,3303100
IMRX,2025-11-14,6.2,6.66,6.0002,6.35,-0.1,-1.55%,1305800
IMRX,2025-11-17,6.39,7.045,6.2809,6.92,0.57,+8.98%,1087200
IMRX,2025-11-18,6.87,7.28,6.66,7.15,0.23,+3.32%,1267200
IMRX,2025-11-19,7.08,7.5,7.03,7.17,0.02,+0.28%,777700
IMRX,2025-11-20,7.31,7.42,6.955,6.99,-0.18,-2.51%,941000
IMRX,2025-11-21,6.95,7.45,6.62,7.3,0.31,+4.43%,1044000
IMRX,2025-11-24,7.35,7.56,7.2,7.49,0.19,+2.60%,1205300
IMRX,2025-11-25,7.5,7.62,7.21,7.44,-0.05,-0.67%,493400
IMRX,2025-11-26,7.47,7.53,7.3239,7.51,0.07,+0.94%,496600
IMRX,2025-11-28,7.41,7.76,7.37,7.66,0.15,+2.00%,682600
IMRX,2025-12-01,7.58,7.58,6.94,7.09,-0.57,-7.44%,847900
IMRX,2025-12-02,7.06,7.205,6.69,6.69,-0.4,-5.64%,836800
IMRX,2025-12-03,6.71,6.78,6.4225,6.74,0.05,+0.75%,585400
IMRX,2025-12-04,6.76,6.8055,6.6,6.69,-0.05,-0.74%,589500
IMRX,2025-12-05,6.63,6.705,6.35,6.4,-0.29,-4.33%,742500
IMRX,2025-12-08,6.4,6.725,6.38,6.52,0.12,+1.88%,799500
IMRX,2025-12-09,6.46,6.5785,6.2,6.24,-0.28,-4.29%,663000
IMRX,2025-12-10,6.21,6.21,5.93,6.16,-0.08,-1.28%,994000
IMRX,2025-12-11,6.09,6.54,6.03,6.2,0.04,+0.65%,822600
IMRX,2025-12-12,6.21,6.41,6.07,6.08,-0.12,-1.94%,550800
IMRX,2025-12-15,6.19,6.19,5.73,5.78,-0.3,-4.93%,1243700
IMRX,2025-12-16,5.74,5.9476,5.62,5.74,-0.04,-0.69%,766100
IMRX,2025-12-17,5.72,5.79,5.45,5.5,-0.24,-4.18%,1228900
IMRX,2025-12-18,5.53,5.95,5.53,5.67,0.17,+3.09%,1146300
IMRX,2025-12-19,5.68,5.93,5.58,5.65,-0.02,-0.35%,6182100
IMRX,2025-12-22,5.66,5.975,5.4615,5.91,0.26,+4.60%,1474800
IMRX,2025-12-23,5.96,6.71,5.93,6.39,0.48,+8.12%,2486600
IMRX,2025-12-24,6.5,6.97,6.2,6.81,0.42,+6.57%,1464800
IMRX,2025-12-26,6.835,6.87,6.57,6.73,-0.08,-1.17%,1300600
IMRX,2025-12-29,6.69,6.77,6.485,6.66,-0.07,-1.04%,1103300
IMRX,2025-12-30,6.67,6.98,6.56,6.73,0.07,+1.05%,1433800
IMRX,2025-12-31,6.66,6.72,6.48,6.58,-0.15,-2.23%,1168300
IMRX,2026-01-02,6.6,6.715,6.46,6.62,0.04,+0.61%,927500
IMRX,2026-01-05,6.78,6.83,6.26,6.61,-0.01,-0.15%,1454400
IMRX,2026-01-06,6.68,6.75,6.38,6.72,0.11,+1.66%,1681400
IMRX,2026-01-07,6.82,8.48,6.77,8.33,1.61,+23.96%,7877600
IMRX,2026-01-08,5.87,6.08,4.56,4.73,-3.6,-43.22%,17566300
IMRX,2026-01-09,4.68,4.92,4.2,4.655,-0.075,-1.59%,4934800
IMRX,2026-01-12,4.6,4.61,4.15,4.22,-0.435,-9.34%,4418100
IMRX,2026-01-13,4.23,4.2904,4.04,4.135,-0.085,-2.01%,2567700
IMRX,2026-01-14,4.22,4.49,4.1609,4.43,0.295,+7.13%,2259800
IMRX,2026-01-15,4.46,4.74,4.38,4.64,0.21,+4.74%,2403800
IMRX,2026-01-16,4.62,4.82,4.57,4.58,-0.06,-1.29%,1572800
IMRX,2026-01-20,4.5,4.95,4.35,4.78,0.2,+4.37%,1753000
IMRX,2026-01-21,4.75,4.85,4.6,4.85,0.07,+1.46%,1611000
IMRX,2026-01-22,4.9,5.37,4.77,5.34,0.49,+10.10%,2077300
IMRX,2026-01-23,5.29,5.55,5.06,5.36,0.02,+0.37%,1916100
IMRX,2026-01-26,5.31,5.39,5.095,5.22,-0.14,-2.61%,1058300
IMRX,2026-01-27,5.17,5.29,5.06,5.23,0.01,+0.19%,967500
IMRX,2026-01-28,5.31,5.31,4.97,5,-0.23,-4.40%,1252300
IMRX,2026-01-29,4.98,5.15,4.815,4.87,-0.13,-2.60%,892700
IMRX,2026-01-30,4.83,5.05,4.62,4.63,-0.24,-4.93%,1046900
IMRX,2026-02-02,4.62,4.89,4.49,4.82,0.19,+4.10%,1116100
IMRX,2026-02-03,4.84,5.02,4.67,4.91,0.09,+1.87%,1195100
IMRX,2026-02-04,4.9,4.9,4.6,4.74,-0.17,-3.46%,1105500
IMRX,2026-02-05,4.67,4.85,4.505,4.52,-0.22,-4.64%,1269500
IMRX,2026-02-06,4.62,5.0199,4.6,4.93,0.41,+9.07%,1576700
IMRX,2026-02-09,4.93,4.9751,4.72,4.95,0.02,+0.41%,890700
IMRX,2026-02-10,4.97,5.24,4.89,5.02,0.07,+1.41%,965100
IMRX,2026-02-11,5.08,5.1,4.86,5.05,0.03,+0.60%,554900
IMRX,2026-02-12,5.04,5.145,4.9,4.96,-0.09,-1.78%,479600
IMRX,2026-02-13,4.94,5.05,4.88,4.93,-0.03,-0.60%,477800
IMRX,2026-02-17,4.89,5.18,4.85,5.12,0.19,+3.85%,578400
IMRX,2026-02-18,5.06,5.2,5.02,5.03,-0.09,-1.76%,408400
IMRX,2026-02-19,5,5.27,4.91,5.25,0.22,+4.37%,587700
IMRX,2026-02-20,5.25,5.2875,4.93,5,-0.25,-4.76%,689700
IMRX,2026-02-23,5,5.16,4.93,4.96,-0.04,-0.80%,620300
IMRX,2026-02-24,4.92,5.11,4.92,5.1,0.14,+2.82%,655400
IMRX,2026-02-25,5.1,5.3,5.1,5.24,0.14,+2.75%,542400
IMRX,2026-02-26,5.21,5.21,4.94,4.99,-0.25,-4.77%,674800
IMRX,2026-02-27,4.95,5.1,4.94,4.99,0,0.00%,812900
IMRX,2026-03-02,4.85,5.1,4.8363,5,0.01,+0.20%,777000
IMRX,2026-03-03,4.88,5.21,4.87,4.95,-0.05,-1.00%,1028700
IMRX,2026-03-04,4.98,5.19,4.92,5.17,0.22,+4.44%,710700
IMRX,2026-03-05,5.1,5.12,4.88,4.98,-0.19,-3.68%,943000
IMRX,2026-03-06,4.85,5.39,4.83,5.33,0.35,+7.03%,970000
IMRX,2026-03-09,5.22,5.67,5.165,5.62,0.29,+5.44%,1037300
IMRX,2026-03-10,5.64,5.82,5.61,5.62,0,0.00%,593900
IMRX,2026-03-11,5.53,5.77,5.52,5.65,0.03,+0.53%,521200
IMRX,2026-03-12,5.66,5.7,5.39,5.45,-0.2,-3.54%,595100
IMRX,2026-03-13,5.47,5.52,4.92,5.05,-0.4,-7.34%,1518900
IMRX,2026-03-16,5.05,5.11,4.905,4.96,-0.09,-1.78%,931700
IMRX,2026-03-17,4.92,4.954,4.7,4.8,-0.16,-3.23%,1554300
IMRX,2026-03-18,4.82,4.86,4.67,4.78,-0.02,-0.42%,1208300
IMRX,2026-03-19,4.7,4.91,4.67,4.86,0.08,+1.67%,1108600
IMRX,2026-03-20,4.81,5.03,4.755,5.02,0.16,+3.29%,7292700
IMRX,2026-03-23,5.02,5.165,4.8,5.12,0.1,+1.99%,709800
IMRX,2026-03-24,5.06,5.27,4.9921,5.23,0.11,+2.15%,582800
IMRX,2026-03-25,5.28,5.5,5.27,5.32,0.09,+1.72%,545500
IMRX,2026-03-26,5.27,5.53,5.185,5.22,-0.1,-1.88%,458300
IMRX,2026-03-27,5.18,5.2057,4.93,4.96,-0.26,-4.98%,453800
IMRX,2026-03-30,4.99,5.06,4.85,4.88,-0.08,-1.61%,581000
IMRX,2026-03-31,4.96,5.275,4.93,5.27,0.39,+7.99%,545300
IMRX,2026-04-01,5.32,5.525,5.2481,5.33,0.06,+1.14%,532200
IMRX,2026-04-02,5.19,5.59,5.19,5.45,0.12,+2.25%,597400
IMRX,2026-04-06,5.47,5.58,5.32,5.4,-0.05,-0.92%,656300
IMRX,2026-04-07,5.36,5.3675,5.18,5.23,-0.17,-3.15%,934800
IMRX,2026-04-08,5.4,5.544,5.32,5.5,0.27,+5.16%,518400
IMRX,2026-04-09,5.42,5.68,5.38,5.66,0.16,+2.91%,876100
IMRX,2026-04-10,5.63,5.77,5.445,5.52,-0.14,-2.47%,573700
IMRX,2026-04-13,5.52,5.85,5.47,5.7,0.18,+3.26%,779000
IMRX,2026-04-14,5.77,5.83,5.39,5.41,-0.29,-5.09%,997600
IMRX,2026-04-15,5.44,5.75,5.2513,5.75,0.34,+6.28%,894500
IMRX,2026-04-16,5.75,5.755,5.43,5.57,-0.18,-3.13%,1045700
IMRX,2026-04-17,5.73,5.86,5.5,5.56,-0.01,-0.18%,823100
IMRX,2026-04-20,5.635,5.68,5.2775,5.53,-0.03,-0.54%,712500
IMRX,2026-04-21,5.54,5.715,5.47,5.55,0.02,+0.36%,735700
IMRX,2026-04-22,5.59,5.915,5.51,5.89,0.34,+6.13%,902500
IMRX,2026-04-23,5.89,6.15,5.795,6.13,0.24,+4.07%,932000
IMRX,2026-04-24,6.17,6.22,5.815,6.04,-0.09,-1.47%,748000
IMSR,2024-10-10,9.99,10.07,9.9,9.97,3.93,+65.07%,1422000
IMSR,2024-10-11,9.96,9.97,9.96,9.96,-0.01,-0.10%,252200
IMSR,2024-10-14,9.9686,9.9686,9.9686,9.9686,0.0086,+0.09%,300
IMSR,2024-10-15,9.96,9.97,9.9598,9.965,-0.0036,-0.04%,733600
IMSR,2024-10-16,9.96,9.97,9.96,9.96,-0.005,-0.05%,54000
IMSR,2024-10-17,9.97,9.97,9.96,9.97,0.01,+0.10%,249700
IMSR,2024-10-18,9.96,9.97,9.96,9.97,0,0.00%,745000
IMSR,2024-10-21,9.96,9.97,9.96,9.97,0,0.00%,859700
IMSR,2024-10-22,9.97,9.99,9.96,9.97,0,0.00%,485700
IMSR,2024-10-23,9.97,9.98,9.97,9.975,0.005,+0.05%,865500
IMSR,2024-10-24,9.985,9.985,9.97,9.97,-0.005,-0.05%,11000
IMSR,2024-10-25,9.99,9.99,9.97,9.97,0,0.00%,59100
IMSR,2024-10-28,9.98,9.98,9.98,9.98,0.01,+0.10%,300
IMSR,2024-10-29,9.98,10.01,9.97,10.01,0.03,+0.30%,164500
IMSR,2024-10-30,9.98,10,9.98,10,-0.01,-0.10%,490200
IMSR,2024-10-31,10,10,9.98,9.98,-0.02,-0.20%,1500
IMSR,2024-11-01,10,10,9.99,9.99,0.01,+0.10%,4100
IMSR,2024-11-04,10.455,10.455,9.99,9.99,0,0.00%,19600
IMSR,2024-11-05,10.25,10.25,9.98,9.98,-0.01,-0.10%,122900
IMSR,2024-11-06,10.005,10.005,10,10,0.02,+0.20%,482100
IMSR,2024-11-07,10.01,10.01,10,10.01,0.01,+0.10%,1300
IMSR,2024-11-08,9.99,10,9.99,10,-0.01,-0.10%,2600
IMSR,2024-11-11,10,10.01,10,10.01,0.01,+0.10%,11600
IMSR,2024-11-12,10,10,9.99,10,-0.01,-0.10%,18600
IMSR,2024-11-13,10,10.01,10,10.01,0.01,+0.10%,126700
IMSR,2024-11-14,10.005,10.01,10.005,10.01,0,0.00%,3900
IMSR,2024-11-15,10.01,10.01,10.01,10.01,0,0.00%,2200
IMSR,2024-11-19,10.01,10.01,9.99,9.99,-0.02,-0.20%,88800
IMSR,2024-11-20,10.0033,10.0038,10,10,0.01,+0.10%,1700
IMSR,2024-11-21,10,10,10,10,0,0.00%,200
IMSR,2024-11-22,9.99,10,9.99,10,0,0.00%,300
IMSR,2024-11-25,9.99,10.0035,9.99,10,0,0.00%,1510
IMSR,2024-11-26,10,10,10,10,0,0.00%,208
IMSR,2024-11-27,10.0005,10.0123,10.0005,10.01,0.01,+0.10%,77100
IMSR,2024-11-29,10.01,10.0151,10.01,10.01,0,0.00%,5300
IMSR,2024-12-02,10.1221,10.48,9.9949,9.9999,-0.0101,-0.10%,15500
IMSR,2024-12-03,10,10.05,9.9998,10,0.0001,0.00%,54700
IMSR,2024-12-05,10,10.02,9.99,10.01,0.01,+0.10%,32300
IMSR,2024-12-06,10.01,10.01,10.01,10.01,0,0.00%,120400
IMSR,2024-12-09,10,10.01,10,10.01,0,0.00%,2600
IMSR,2024-12-11,10.01,10.02,10,10.02,0.01,+0.10%,21300
IMSR,2024-12-12,10.01,10.01,10.01,10.01,-0.01,-0.10%,400
IMSR,2024-12-16,10.01,10.01,10.01,10.01,0,0.00%,200
IMSR,2024-12-17,10.01,10.05,10,10.05,0.04,+0.40%,13100
IMSR,2024-12-18,10.01,10.01,10.01,10.01,-0.04,-0.40%,225100
IMSR,2024-12-19,10.07,10.07,10.01,10.02,0.01,+0.10%,2100
IMSR,2024-12-20,10.02,10.0377,10.01,10.0292,0.0092,+0.09%,203900
IMSR,2024-12-23,10.01,10.02,10,10.02,-0.0092,-0.09%,70400
IMSR,2024-12-24,10.01,10.01,10.01,10.01,-0.01,-0.10%,100
IMSR,2024-12-26,10.01,10.01,10.01,10.01,0,0.00%,100
IMSR,2024-12-27,10.02,10.0276,10.01,10.0276,0.0176,+0.18%,3500
IMSR,2024-12-30,10.01,10.01,10.01,10.01,-0.0176,-0.18%,600
IMSR,2024-12-31,10.02,10.03,10.02,10.02,0.01,+0.10%,9000
IMSR,2025-01-02,10.02,10.03,10.02,10.03,0.01,+0.10%,60700
IMSR,2025-01-03,10.02,10.03,10.02,10.03,0,0.00%,200
IMSR,2025-01-06,10.02,10.02,10.02,10.02,-0.01,-0.10%,2200
IMSR,2025-01-07,10.02,10.03,10.02,10.03,0.01,+0.10%,2900
IMSR,2025-01-08,10.03,10.03,10.03,10.03,0,0.00%,22600
IMSR,2025-01-10,10.03,10.03,10.03,10.03,0,0.00%,300
IMSR,2025-01-14,10.04,10.05,10.0399,10.05,0.02,+0.20%,17200
IMSR,2025-01-16,10.04,10.06,10.04,10.05,0,0.00%,3900
IMSR,2025-01-17,10.0489,10.0489,10.0489,10.0489,-0.0011,-0.01%,400
IMSR,2025-01-22,10.04,10.05,10.04,10.05,0.0011,+0.01%,36200
IMSR,2025-01-23,10.25,10.2501,10.25,10.25,0.2,+1.99%,500
IMSR,2025-01-24,10.12,10.12,10.05,10.1,-0.15,-1.46%,14700
IMSR,2025-01-27,10.08,10.08,10.05,10.05,-0.05,-0.50%,800
IMSR,2025-01-28,10.06,10.06,10.06,10.06,0.01,+0.10%,2600
IMSR,2025-01-29,10.0601,10.0601,10.0601,10.0601,0.0001,0.00%,1000
IMSR,2025-01-30,10.0624,10.0624,10.0624,10.0624,0.0023,+0.02%,1100
IMSR,2025-01-31,10.07,10.0799,10.07,10.0799,0.0175,+0.17%,1200
IMSR,2025-02-03,10.0952,10.0952,10.08,10.08,0.0001,0.00%,1200
IMSR,2025-02-04,10.08,10.08,10.08,10.08,0,0.00%,100
IMSR,2025-02-06,10.08,10.08,10.08,10.08,0,0.00%,700
IMSR,2025-02-07,10.09,10.09,10.07,10.0889,0.0089,+0.09%,11200
IMSR,2025-02-10,10.09,10.11,10.08,10.11,0.0211,+0.21%,1300
IMSR,2025-02-11,10.08,10.11,10.08,10.08,-0.03,-0.30%,3300
IMSR,2025-02-12,10.09,10.11,10.0879,10.1,0.02,+0.20%,51500
IMSR,2025-02-13,10.1001,10.101,10.1,10.1,0,0.00%,2200
IMSR,2025-02-14,10.1,10.1051,10.1,10.1008,0.0008,+0.01%,1900
IMSR,2025-02-18,10.1808,10.1808,10.1002,10.1171,0.0163,+0.16%,1300
IMSR,2025-02-19,10.12,10.12,10.11,10.12,0.0029,+0.03%,1600
IMSR,2025-02-20,10.12,10.12,10.11,10.11,-0.01,-0.10%,14700
IMSR,2025-02-21,10.132,10.2008,10.11,10.11,0,0.00%,78400
IMSR,2025-02-24,10.11,10.115,10.11,10.115,0.005,+0.05%,2200
IMSR,2025-02-25,10.11,10.15,10.11,10.13,0.015,+0.15%,12000
IMSR,2025-02-26,10.13,10.13,10.13,10.13,0,0.00%,100
IMSR,2025-02-28,10.11,10.15,10.11,10.14,0.01,+0.10%,10400
IMSR,2025-03-03,10.14,10.14,10.14,10.14,0,0.00%,100
IMSR,2025-03-04,10.14,10.14,10.12,10.12,-0.02,-0.20%,2300
IMSR,2025-03-05,10.15,10.15,10.14,10.15,0.03,+0.30%,600
IMSR,2025-03-06,10.15,10.16,10.15,10.16,0.01,+0.10%,4100
IMSR,2025-03-07,10.175,10.175,10.14,10.16,0,0.00%,39300
IMSR,2025-03-10,10.21,10.21,10.14,10.14,-0.02,-0.20%,3100
IMSR,2025-03-11,10.16,10.16,10.15,10.15,0.01,+0.10%,1000
IMSR,2025-03-12,10.2,10.2,10.19,10.2,0.05,+0.49%,3200
IMSR,2025-03-14,10.16,10.16,10.15,10.15,-0.05,-0.49%,800
IMSR,2025-03-17,10.14,10.14,10.14,10.14,-0.01,-0.10%,800
IMSR,2025-03-18,10.14,10.14,10.13,10.13,-0.01,-0.10%,2400
IMSR,2025-03-19,10.2,10.2,10.2,10.2,0.07,+0.69%,1100
IMSR,2025-03-24,10.16,10.16,10.16,10.16,-0.04,-0.39%,100
IMSR,2025-03-25,10.13,10.14,10.12,10.14,-0.02,-0.20%,1400
IMSR,2025-03-26,10.69,10.95,10.54,10.8,0.66,+6.51%,6221200
IMSR,2025-03-27,10.9,10.9,10.56,10.7,-0.1,-0.93%,501200
IMSR,2025-03-28,10.59,10.6992,10.53,10.59,-0.11,-1.03%,107800
IMSR,2025-03-31,10.71,10.71,10.52,10.52,-0.07,-0.66%,22600
IMSR,2025-04-01,10.77,10.77,10.55,10.553,0.033,+0.31%,88700
IMSR,2025-04-02,10.74,10.75,10.59,10.6,0.047,+0.45%,53300
IMSR,2025-04-03,10.5,10.55,10.4,10.5,-0.1,-0.94%,21100
IMSR,2025-04-04,10.61,10.6135,10.49,10.605,0.105,+1.00%,8900
IMSR,2025-04-07,10.4136,10.6,10.4136,10.6,-0.005,-0.05%,138400
IMSR,2025-04-08,10.5,10.6,10.495,10.6,0,0.00%,30500
IMSR,2025-04-09,10.4724,10.6,10.4724,10.6,0,0.00%,48400
IMSR,2025-04-10,10.58,10.65,10.5031,10.6,0,0.00%,62200
IMSR,2025-04-11,10.68,10.75,10.6,10.74,0.14,+1.32%,78100
IMSR,2025-04-14,10.68,10.75,10.68,10.74,0,0.00%,391400
IMSR,2025-04-15,10.74,10.75,10.7,10.75,0.01,+0.09%,92500
IMSR,2025-04-16,10.6996,10.72,10.6996,10.715,-0.035,-0.33%,88600
IMSR,2025-04-17,10.6707,10.74,10.6707,10.72,0.005,+0.05%,600
IMSR,2025-04-22,10.765,10.765,10.6,10.7,-0.02,-0.19%,6400
IMSR,2025-04-23,10.91,10.94,10.56,10.75,0.05,+0.47%,164500
IMSR,2025-04-24,10.7,10.9,10.68,10.83,0.08,+0.74%,799600
IMSR,2025-04-25,10.85,11.0985,10.8,10.95,0.12,+1.11%,113000
IMSR,2025-04-28,11.19,11.19,10.81,10.83,-0.12,-1.10%,239300
IMSR,2025-04-29,10.968,10.968,10.7,10.85,0.02,+0.18%,62000
IMSR,2025-04-30,10.75,10.98,10.5749,10.9,0.05,+0.46%,36800
IMSR,2025-05-01,10.88,10.99,10.74,10.85,-0.05,-0.46%,99500
IMSR,2025-05-02,10.85,10.85,10.7597,10.825,-0.025,-0.23%,167100
IMSR,2025-05-05,10.85,10.9,10.84,10.89,0.065,+0.60%,2600
IMSR,2025-05-06,10.89,10.99,10.715,10.83,-0.06,-0.55%,136400
IMSR,2025-05-07,10.7416,10.95,10.7402,10.88,0.05,+0.46%,66400
IMSR,2025-05-08,10.9,10.95,10.75,10.85,-0.03,-0.28%,30600
IMSR,2025-05-09,10.8363,10.925,10.7916,10.9,0.05,+0.46%,137200
IMSR,2025-05-12,10.96,10.96,10.8301,10.915,0.015,+0.14%,67600
IMSR,2025-05-13,10.92,11.24,10.84,10.9,-0.015,-0.14%,401100
IMSR,2025-05-14,10.99,11.2,10.99,11.06,0.16,+1.47%,376900
IMSR,2025-05-15,11.1,11.1,10.71,10.99,-0.07,-0.63%,4900
IMSR,2025-05-16,11.09,11.11,10.9,10.95,-0.04,-0.36%,285800
IMSR,2025-05-19,11.04,11.04,10.7404,10.975,0.025,+0.23%,26000
IMSR,2025-05-20,11,11,10.73,10.87,-0.105,-0.96%,83100
IMSR,2025-05-21,10.87,10.9211,10.7614,10.91,0.04,+0.37%,41300
IMSR,2025-05-22,10.88,10.95,10.835,10.94,0.03,+0.27%,140400
IMSR,2025-05-23,11.59,12,11.32,11.75,0.81,+7.40%,4761400
IMSR,2025-05-27,11.89,11.9,11.5,11.85,0.1,+0.85%,868800
IMSR,2025-05-28,12,12,11.55,11.895,0.045,+0.38%,582400
IMSR,2025-05-29,11.86,11.95,11.65,11.81,-0.085,-0.71%,294600
IMSR,2025-05-30,11.83,11.95,11.61,11.7,-0.11,-0.93%,596100
IMSR,2025-06-02,11.93,11.93,11.71,11.78,0.08,+0.68%,560100
IMSR,2025-06-03,11.85,12.24,11.6379,11.83,0.05,+0.42%,1329800
IMSR,2025-06-04,11.85,11.99,11.6,11.68,-0.15,-1.27%,151600
IMSR,2025-06-05,11.84,11.84,11.36,11.5,-0.18,-1.54%,292400
IMSR,2025-06-06,11.45,11.55,11.31,11.445,-0.055,-0.48%,788900
IMSR,2025-06-09,11.5,11.7,11.31,11.49,0.045,+0.39%,263100
IMSR,2025-06-10,11.65,11.82,11.26,11.285,-0.205,-1.78%,370900
IMSR,2025-06-11,11.3,11.89,11.26,11.85,0.565,+5.01%,1444500
IMSR,2025-06-12,12.01,12.19,11.81,11.9,0.05,+0.42%,710400
IMSR,2025-06-13,11.86,11.9,11.6,11.7,-0.2,-1.68%,238100
IMSR,2025-06-16,11.62,12,11.61,11.8,0.1,+0.85%,432700
IMSR,2025-06-17,11.69,11.78,11.56,11.65,-0.15,-1.27%,149700
IMSR,2025-06-18,11.5,11.8,11.5,11.61,-0.04,-0.34%,177700
IMSR,2025-06-20,11.65,11.65,11.3206,11.65,0.04,+0.34%,537400
IMSR,2025-06-23,11.7,11.72,11.26,11.36,-0.29,-2.49%,344300
IMSR,2025-06-24,11.35,11.58,11.31,11.55,0.19,+1.67%,763300
IMSR,2025-06-25,11.6,11.64,10.9901,11.18,-0.37,-3.20%,1460500
IMSR,2025-06-26,11.4,11.4,11.18,11.2,0.02,+0.18%,334700
IMSR,2025-06-27,11.25,11.39,11.18,11.19,-0.01,-0.09%,233000
IMSR,2025-06-30,11.25,11.27,11.1,11.1,-0.09,-0.80%,578400
IMSR,2025-07-01,11.11,11.38,11.1,11.11,0.01,+0.09%,92500
IMSR,2025-07-02,11.1,11.1828,11.1,11.11,0,0.00%,157000
IMSR,2025-07-03,11.11,11.12,11.09,11.095,-0.015,-0.14%,50600
IMSR,2025-07-07,11.21,11.2332,10.9914,11.1,0.005,+0.05%,279600
IMSR,2025-07-08,11.09,11.13,10.72,10.9,-0.2,-1.80%,426400
IMSR,2025-07-09,10.9,10.95,10.87,10.9,0,0.00%,82100
IMSR,2025-07-10,10.91,10.935,10.825,10.88,-0.02,-0.18%,78100
IMSR,2025-07-11,10.79,10.97,10.76,10.95,0.07,+0.64%,93500
IMSR,2025-07-14,11.06,11.205,10.93,11.14,0.19,+1.74%,281900
IMSR,2025-07-15,11.19,11.26,11.13,11.17,0.03,+0.27%,94200
IMSR,2025-07-16,11.34,11.49,11.03,11.16,-0.01,-0.09%,318500
IMSR,2025-07-17,11.28,11.325,11.15,11.2,0.04,+0.36%,306300
IMSR,2025-07-18,11.25,11.2597,11.01,11.06,-0.14,-1.25%,293400
IMSR,2025-07-21,11.26,11.3899,10.915,10.96,-0.1,-0.90%,190500
IMSR,2025-07-22,10.95,11.0547,10.95,11,0.04,+0.36%,102700
IMSR,2025-07-23,10.98,11.16,10.98,11.08,0.08,+0.73%,145000
IMSR,2025-07-24,11.15,11.33,11,11.19,0.11,+0.99%,484400
IMSR,2025-07-25,11.1,11.1752,10.96,11.08,-0.11,-0.98%,292600
IMSR,2025-07-28,11.1,11.3,11.02,11.05,-0.03,-0.27%,95400
IMSR,2025-07-29,11.01,11.08,10.9449,11,-0.05,-0.45%,674200
IMSR,2025-07-30,11,11.05,10.9372,11,0,0.00%,107800
IMSR,2025-07-31,11,11,10.92,10.945,-0.055,-0.50%,333700
IMSR,2025-08-01,10.81,10.88,10.75,10.81,-0.135,-1.23%,311300
IMSR,2025-08-04,10.8,10.96,10.79,10.95,0.14,+1.30%,420100
IMSR,2025-08-05,10.9,11.05,10.88,10.97,0.02,+0.18%,276300
IMSR,2025-08-06,11.0383,11.0383,10.8706,10.94,-0.03,-0.27%,328400
IMSR,2025-08-07,10.95,11,10.92,10.96,0.02,+0.18%,146400
IMSR,2025-08-08,11,11,10.85,10.88,-0.08,-0.73%,41500
IMSR,2025-08-11,10.9,10.9394,10.75,10.85,-0.03,-0.28%,169100
IMSR,2025-08-12,10.89,12,10.82,11.65,0.8,+7.37%,6136700
IMSR,2025-08-13,11.99,12.01,11.53,11.72,0.07,+0.60%,1167000
IMSR,2025-08-14,11.7,11.7,11.38,11.57,-0.15,-1.28%,440400
IMSR,2025-08-15,11.59,11.59,11.4601,11.51,-0.06,-0.52%,250900
IMSR,2025-08-18,11.52,11.98,11.45,11.77,0.26,+2.26%,742800
IMSR,2025-08-19,11.72,11.73,11.35,11.47,-0.3,-2.55%,419400
IMSR,2025-08-20,11.51,11.54,11.28,11.46,-0.01,-0.09%,201800
IMSR,2025-08-21,11.59,11.68,11.34,11.36,-0.1,-0.87%,134300
IMSR,2025-08-22,11.47,11.61,11.36,11.47,0.11,+0.97%,367400
IMSR,2025-08-25,11.49,11.75,11.43,11.66,0.19,+1.66%,334400
IMSR,2025-08-26,11.73,11.75,11.51,11.6,-0.06,-0.51%,312700
IMSR,2025-08-27,11.6,11.76,11.6,11.7,0.1,+0.86%,268800
IMSR,2025-08-28,11.68,11.865,11.64,11.77,0.07,+0.60%,1022600
IMSR,2025-08-29,11.77,11.81,11.61,11.7,-0.07,-0.59%,177400
IMSR,2025-09-02,11.68,11.698,11.4935,11.5,-0.2,-1.71%,250000
IMSR,2025-09-03,11.48,11.6882,11.46,11.51,0.01,+0.09%,233800
IMSR,2025-09-04,11.61,11.66,11.48,11.5,-0.01,-0.09%,155400
IMSR,2025-09-05,11.52,11.65,11.37,11.6,0.1,+0.87%,183600
IMSR,2025-09-08,11.51,11.72,11.51,11.54,-0.06,-0.52%,322600
IMSR,2025-09-09,11.59,11.61,11.51,11.51,-0.03,-0.26%,173500
IMSR,2025-09-10,11.75,11.89,11.6,11.71,0.2,+1.74%,704400
IMSR,2025-09-11,11.71,11.86,11.71,11.85,0.14,+1.20%,485700
IMSR,2025-09-12,11.9,12.295,11.825,12.065,0.215,+1.81%,1216500
IMSR,2025-09-15,12.29,12.4,12.15,12.305,0.24,+1.99%,1575600
IMSR,2025-09-16,12.42,12.78,12.34,12.58,0.275,+2.23%,1410800
IMSR,2025-09-17,12.73,12.89,12.57,12.7,0.12,+0.95%,721500
IMSR,2025-09-18,12.75,12.97,12.64,12.8,0.1,+0.79%,1204500
IMSR,2025-09-19,12.9,13.88,12.88,13.5,0.7,+5.47%,2416600
IMSR,2025-09-22,13.84,13.95,13.6001,13.94,0.44,+3.26%,1659200
IMSR,2025-09-23,15.29,16.48,14.52,15.78,1.84,+13.20%,7431200
IMSR,2025-09-24,16.59,18.07,15.78,17.62,1.84,+11.66%,4658900
IMSR,2025-09-25,16.5,17.7394,15.75,15.79,-1.83,-10.39%,3504500
IMSR,2025-09-26,16.21,16.89,15.11,15.81,0.02,+0.13%,2131700
IMSR,2025-09-29,16.6,16.6511,15.16,15.28,-0.53,-3.35%,1724200
IMSR,2025-09-30,15.24,16.75,15.13,16.41,1.13,+7.40%,3515800
IMSR,2025-10-01,16.75,16.92,15.83,16.06,-0.35,-2.13%,1834900
IMSR,2025-10-02,16.3,17.6,15.9201,16.88,0.82,+5.11%,2244100
IMSR,2025-10-03,17.01,18.18,16.9,17.16,0.28,+1.66%,2102900
IMSR,2025-10-06,18.75,18.8,17.61,17.87,0.71,+4.14%,2290200
IMSR,2025-10-07,18.1,19.5999,16.44,17.39,-0.48,-2.69%,2813300
IMSR,2025-10-08,17.72,18.25,17,17.09,-0.3,-1.73%,1361000
IMSR,2025-10-09,17.55,18.62,17.15,18.07,0.98,+5.73%,1395500
IMSR,2025-10-10,18.49,20.55,18,18.86,0.79,+4.37%,3535600
IMSR,2025-10-13,21.69,21.97,20.4,21,2.14,+11.35%,2946800
IMSR,2025-10-14,21.54,26,20.59,24.98,3.98,+18.95%,4629400
IMSR,2025-10-15,29.95,31.5,24.0614,27.1,2.12,+8.49%,11776900
IMSR,2025-10-16,29.52,29.95,23,23.26,-3.84,-14.17%,6108300
IMSR,2025-10-17,23.28,26.52,22.05,25.92,2.66,+11.44%,5009900
IMSR,2025-10-20,27.02,27.1584,21.11,22.69,-3.23,-12.46%,6037900
IMSR,2025-10-21,22.83,23.6,18.86,19.19,-3.5,-15.43%,5254600
IMSR,2025-10-22,17.43,18,16.01,17.42,-1.77,-9.22%,5378200
IMSR,2025-10-23,17.1,19.5,17.1,19.05,1.63,+9.36%,2430500
IMSR,2025-10-24,19.605,20.6,18.51,20.3,1.25,+6.56%,1777900
IMSR,2025-10-27,21.47,21.6,17.85,17.885,-2.415,-11.90%,2290700
IMSR,2025-10-28,18.21,19.1,17.33,18.04,0.155,+0.87%,1554600
IMSR,2025-10-29,19.6,21,18,19.1,1.06,+5.88%,2121400
IMSR,2025-10-30,18.7,18.7899,16.05,16.46,-2.64,-13.82%,2811700
IMSR,2025-10-31,16.46,17.3986,15.75,17,0.54,+3.28%,1656400
IMSR,2025-11-03,15.88,16.38,14.91,15.45,-1.55,-9.12%,1945700
IMSR,2025-11-04,14,14.75,13.55,13.66,-1.79,-11.59%,2234000
IMSR,2025-11-05,14.51,16,14.48,15.53,1.87,+13.69%,2348100
IMSR,2025-11-06,15.02,15.49,13.58,13.7,-1.83,-11.78%,1588400
IMSR,2025-11-07,13.06,14.0599,12.82,13.91,0.21,+1.53%,1941900
IMSR,2025-11-10,14.26,14.2852,13.2501,13.73,-0.18,-1.29%,1340000
IMSR,2025-11-11,13.49,13.75,12.81,13.44,-0.29,-2.11%,860100
IMSR,2025-11-12,13.35,14.28,12.85,13.48,0.04,+0.30%,1316900
IMSR,2025-11-13,12.9,13.3071,11.88,12,-1.48,-10.98%,1818700
IMSR,2025-11-14,11.32,12.7,10.9,12.07,0.07,+0.58%,2702300
IMSR,2025-11-17,11.42,12,10.8919,11.6,-0.47,-3.89%,1543700
IMSR,2025-11-18,11.35,12.29,11.06,11.85,0.25,+2.16%,1206100
IMSR,2025-11-19,11.97,12.18,11.05,11.18,-0.67,-5.65%,1404600
IMSR,2025-11-20,11.3,11.9,10.03,10.17,-1.01,-9.03%,1844800
IMSR,2025-11-21,10.02,10.1099,9.21,9.62,-0.55,-5.41%,2203400
IMSR,2025-11-24,9.54,9.79,8.6509,8.81,-0.81,-8.42%,2619200
IMSR,2025-11-25,8.56,8.83,7.52,8.46,-0.35,-3.97%,3200000
IMSR,2025-11-26,8.52,9.29,7.66,9.09,0.63,+7.45%,2527100
IMSR,2025-11-28,9.25,9.91,9.24,9.44,0.35,+3.85%,1576300
IMSR,2025-12-01,9.05,9.13,8.48,8.72,-0.72,-7.63%,1234300
IMSR,2025-12-02,8.98,9.5,8.88,9.23,0.51,+5.85%,1402400
IMSR,2025-12-03,9.04,9.725,8.5,9.6,0.37,+4.01%,1793000
IMSR,2025-12-04,9.51,11.04,9.4,10.79,1.19,+12.40%,2255300
IMSR,2025-12-05,10.5,10.5,9.13,9.31,-1.48,-13.72%,1863800
IMSR,2025-12-08,9.54,9.76,9.26,9.405,0.095,+1.02%,1267200
IMSR,2025-12-09,9.26,9.5288,8.9,9.38,-0.025,-0.27%,1367800
IMSR,2025-12-10,9.2,9.485,8.72,9.2,-0.18,-1.92%,1136600
IMSR,2025-12-11,9.1,9.75,8.71,9.59,0.39,+4.24%,1233000
IMSR,2025-12-12,9.57,10.07,8.79,8.82,-0.77,-8.03%,1229300
IMSR,2025-12-15,8.84,8.84,7.92,8.24,-0.58,-6.58%,1816300
IMSR,2025-12-16,8.06,8.5,7.95,8.11,-0.13,-1.58%,1077900
IMSR,2025-12-17,8.13,8.3531,7.05,7.09,-1.02,-12.58%,2713100
IMSR,2025-12-18,7.26,7.6228,7.24,7.46,0.37,+5.22%,1610300
IMSR,2025-12-19,7.75,8.03,7.59,7.74,0.28,+3.75%,5816400
IMSR,2025-12-22,7.71,8.055,7.36,7.49,-0.25,-3.23%,1238900
IMSR,2025-12-23,7.34,7.4,6.885,7.04,-0.45,-6.01%,1738100
IMSR,2025-12-24,7,7.1,6.825,7.04,0,0.00%,773100
IMSR,2025-12-26,7,7,6.51,6.86,-0.18,-2.56%,1669200
IMSR,2025-12-29,6.67,6.89,6.25,6.28,-0.58,-8.45%,1675500
IMSR,2025-12-30,6.25,6.38,5.95,6.12,-0.16,-2.55%,2188200
IMSR,2025-12-31,6.05,6.3,5.97,6.11,-0.01,-0.16%,1513000
IMSR,2026-01-02,6.28,6.53,6.14,6.53,0.42,+6.87%,1325000
IMSR,2026-01-05,6.66,7.09,6.54,6.99,0.46,+7.04%,1977500
IMSR,2026-01-06,8.64,9.2599,8.16,9.11,2.12,+30.33%,21887700
IMSR,2026-01-07,9,9.5,8.51,8.57,-0.54,-5.93%,4962500
IMSR,2026-01-08,8.3,8.65,8.09,8.39,-0.18,-2.10%,2489000
IMSR,2026-01-09,9.34,9.73,8.6,9.37,0.98,+11.68%,5351900
IMSR,2026-01-12,9.48,11.4,9.09,11.16,1.79,+19.10%,7284400
IMSR,2026-01-13,11.62,12.2599,10.68,10.77,-0.39,-3.49%,6922400
IMSR,2026-01-14,10.63,11.7,10.31,10.5,-0.27,-2.51%,4349500
IMSR,2026-01-15,10.6,11.99,10.5108,11.38,0.88,+8.38%,3816900
IMSR,2026-01-16,11.3,12.4514,11.3,11.69,0.31,+2.72%,3186500
IMSR,2026-01-20,11,11.3,10.4,10.43,-1.26,-10.78%,3487600
IMSR,2026-01-21,11.16,11.8375,9.865,10.64,0.21,+2.01%,4823200
IMSR,2026-01-22,11.8,13.525,11.6808,13.27,2.63,+24.72%,9704200
IMSR,2026-01-23,12.74,13.06,11.94,12.4,-0.87,-6.56%,4924600
IMSR,2026-01-26,12.31,12.4166,10.44,10.49,-1.91,-15.40%,5013500
IMSR,2026-01-27,10.46,10.6,9.802,10.435,-0.055,-0.52%,3546000
IMSR,2026-01-28,10.5,10.82,9.98,10.41,-0.025,-0.24%,3222600
IMSR,2026-01-29,10.93,11.24,9.105,9.245,-1.165,-11.19%,4905000
IMSR,2026-01-30,9,9.57,8.84,9.11,-0.135,-1.46%,2716600
IMSR,2026-02-02,9.05,9.49,8.6,8.82,-0.29,-3.18%,2335300
IMSR,2026-02-03,8.9,9.2212,8.38,8.93,0.11,+1.25%,2213900
IMSR,2026-02-04,8.8,8.81,7.65,7.99,-0.94,-10.53%,3026800
IMSR,2026-02-05,7.53,7.8,7.19,7.4,-0.59,-7.38%,2121600
IMSR,2026-02-06,7.7,8.35,7.5,8.31,0.91,+12.30%,2119500
IMSR,2026-02-09,8.33,8.48,7.97,8.21,-0.1,-1.20%,1748500
IMSR,2026-02-10,8.02,8.14,7.7,7.8,-0.41,-4.99%,1576300
IMSR,2026-02-11,7.88,8.0298,7.03,7.41,-0.39,-5.00%,1675200
IMSR,2026-02-12,7.53,7.63,6.85,6.91,-0.5,-6.75%,2396200
IMSR,2026-02-13,6.94,7.32,6.76,7.04,0.13,+1.88%,1239300
IMSR,2026-02-17,6.96,7.12,6.742,6.94,-0.1,-1.42%,1200600
IMSR,2026-02-18,6.94,7.24,6.8,6.86,-0.08,-1.15%,1207200
IMSR,2026-02-19,6.85,6.9,6.52,6.85,-0.01,-0.15%,1440100
IMSR,2026-02-20,6.66,6.84,6.28,6.33,-0.52,-7.59%,1486700
IMSR,2026-02-23,6.13,6.32,6.01,6.11,-0.22,-3.48%,1228000
IMSR,2026-02-24,6.03,6.6,6.02,6.57,0.46,+7.53%,1501200
IMSR,2026-02-25,6.73,7.44,6.59,7.11,0.54,+8.22%,2315800
IMSR,2026-02-26,7.14,7.59,6.8835,7.52,0.41,+5.77%,1777900
IMSR,2026-02-27,7.19,7.31,6.7721,6.9,-0.62,-8.24%,1725500
IMSR,2026-03-02,6.49,7.155,6.41,7.02,0.12,+1.74%,1573200
IMSR,2026-03-03,6.6,6.7,6.13,6.595,-0.425,-6.05%,1548500
IMSR,2026-03-04,6.82,7.1,6.555,7.06,0.465,+7.05%,1214200
IMSR,2026-03-05,7,7.19,6.5,6.75,-0.31,-4.39%,1315700
IMSR,2026-03-06,6.5,7.09,6.43,6.49,-0.26,-3.85%,1058102
IMSR,2026-03-09,6.29,6.8,6.16,6.72,0.23,+3.54%,1264400
IMSR,2026-03-10,6.75,7.0964,6.73,6.85,0.13,+1.93%,1102500
IMSR,2026-03-11,6.8,7.09,6.7,6.92,0.07,+1.02%,916800
IMSR,2026-03-12,6.74,6.8948,6.505,6.67,-0.25,-3.61%,1052300
IMSR,2026-03-13,6.8,6.89,6.41,6.47,-0.2,-3.00%,788400
IMSR,2026-03-16,6.6,6.642,6.37,6.46,-0.01,-0.15%,1085000
IMSR,2026-03-17,6.51,6.69,6.39,6.58,0.12,+1.86%,1057300
IMSR,2026-03-18,6.43,6.49,6.28,6.41,-0.17,-2.58%,916700
IMSR,2026-03-19,6.2,6.25,5.7703,6.12,-0.29,-4.52%,1959400
IMSR,2026-03-20,6.09,6.2286,5.905,6.12,0,0.00%,6634500
IMSR,2026-03-23,6.06,6.4,5.92,6.33,0.21,+3.43%,1301200
IMSR,2026-03-24,6.25,6.41,6.0501,6.35,0.02,+0.32%,805000
IMSR,2026-03-25,6.5,6.8493,6.48,6.82,0.47,+7.40%,1419400
IMSR,2026-03-26,6.68,6.85,6.45,6.45,-0.37,-5.43%,1276800
IMSR,2026-03-27,6.35,6.4,5.97,6.01,-0.44,-6.82%,1279300
IMSR,2026-03-30,6.06,6.11,5.33,5.53,-0.48,-7.99%,2798800
IMSR,2026-03-31,5.61,6.06,5.5,6.005,0.475,+8.59%,1714000
IMSR,2026-04-01,6.06,6.36,6.05,6.14,0.135,+2.25%,1177200
IMSR,2026-04-02,5.85,6.4,5.83,6.24,0.1,+1.63%,1245200
IMSR,2026-04-06,6.2,6.3,6.15,6.22,-0.02,-0.32%,778400
IMSR,2026-04-07,6.15,6.175,5.76,5.95,-0.27,-4.34%,1225400
IMSR,2026-04-08,6.33,6.45,6.03,6.175,0.225,+3.78%,1884400
IMSR,2026-04-09,6.1,6.275,5.91,6.24,0.065,+1.05%,1608400
IMSR,2026-04-10,6.3,6.42,6.1524,6.34,0.1,+1.60%,1175300
IMSR,2026-04-13,6.29,6.65,6.1065,6.59,0.25,+3.94%,1086100
IMSR,2026-04-14,7,7.25,6.83,7.05,0.46,+6.98%,2153700
IMSR,2026-04-15,7.2,7.59,7.065,7.16,0.11,+1.56%,2987400
IMSR,2026-04-16,7.37,7.39,6.89,7.09,-0.07,-0.98%,1992600
IMSR,2026-04-17,7.3,8.15,7.12,7.605,0.515,+7.26%,5154400
IMSR,2026-04-20,7.45,7.93,7.27,7.62,0.015,+0.20%,3127600
IMSR,2026-04-21,7.67,7.83,7.065,7.09,-0.53,-6.96%,2952700
IMSR,2026-04-22,7.32,8.3,7.302,8.28,1.19,+16.78%,3373900
IMSR,2026-04-23,8.58,8.9399,7.43,7.74,-0.54,-6.52%,4485900
IMSR,2026-04-24,7.87,8.23,7.25,7.795,0.055,+0.71%,3679400
IMTE,2017-08-11,60,60,60,60,52.205,+669.72%,20
IMTE,2017-08-14,64,65,64,65,5,+8.33%,40
IMTE,2017-08-15,67,67,67,67,2,+3.08%,150
IMTE,2017-08-16,67.5,67.5,67.5,67.5,0.5,+0.75%,80
IMTE,2017-08-17,67.5,67.5,67.5,67.5,0,0.00%,90
IMTE,2017-08-18,68.5,68.5,68.5,68.5,1,+1.48%,50
IMTE,2017-08-21,69.5,69.5,69.5,69.5,1,+1.46%,70
IMTE,2017-08-22,70,70,70,70,0.5,+0.72%,40
IMTE,2017-08-24,70,70,70,70,0,0.00%,50
IMTE,2017-08-25,71,71,71,71,1,+1.43%,100
IMTE,2017-08-28,72,72,72,72,1,+1.41%,130
IMTE,2017-08-29,72,72,72,72,0,0.00%,30
IMTE,2017-08-30,72,72,72,72,0,0.00%,30
IMTE,2017-09-01,73.5,73.5,73.5,73.5,1.5,+2.08%,50
IMTE,2017-09-05,73.5,73.5,73.5,73.5,0,0.00%,30
IMTE,2017-09-06,73.5,73.5,73.5,73.5,0,0.00%,30
IMTE,2017-09-07,75,75,75,75,1.5,+2.04%,20
IMTE,2017-09-08,75,75,75,75,0,0.00%,50
IMTE,2017-09-12,76.5,76.5,76.5,76.5,1.5,+2.00%,80
IMTE,2017-09-14,77.5,77.5,77.5,77.5,1,+1.31%,110
IMTE,2017-09-15,80.3,80.3,75,75,-2.5,-3.23%,250
IMTE,2017-09-20,73.4,79,73.4,79,4,+5.33%,50
IMTE,2017-09-21,79.5,79.5,79.5,79.5,0.5,+0.63%,50
IMTE,2017-09-26,75,75,75,75,-4.5,-5.66%,20
IMTE,2017-10-04,75,75,75,75,0,0.00%,110
IMTE,2017-10-06,71.2,71.2,71.2,71.2,-3.8,-5.07%,10
IMTE,2017-11-22,80.5,100,80.5,100,28.8,+40.45%,680
IMTE,2017-11-24,96,100,80.6,81.3,-18.7,-18.70%,520
IMTE,2017-11-28,72,72,70,70,-11.3,-13.90%,50
IMTE,2017-11-29,70,70,60,60,-10.,-14.29%,270
IMTE,2017-12-01,62.5,62.5,62.5,62.5,2.5,+4.17%,50
IMTE,2017-12-05,68.6,68.6,68.6,68.6,6.1,+9.76%,10
IMTE,2017-12-06,72.4,72.4,70,70,1.4,+2.04%,120
IMTE,2017-12-07,70,71.5,68,70,0,0.00%,430
IMTE,2017-12-11,63,63,63,63,-7.,-10.00%,20
IMTE,2017-12-14,56,62.5,56,62.5,-0.5,-0.79%,50
IMTE,2017-12-21,56.3,56.3,56.3,56.3,-6.2,-9.92%,10
IMTE,2017-12-29,56.3,56.3,56.3,56.3,0,0.00%,100
IMTE,2018-01-02,56,56,56,56,-0.3,-0.53%,30
IMTE,2018-01-04,50.4,52.6,50.4,52.6,-3.4,-6.07%,50
IMTE,2018-01-08,57,57,55,55,2.4,+4.56%,110
IMTE,2018-01-09,56,59.5,56,56,1,+1.82%,300
IMTE,2018-01-10,56.5,59.9,56.5,59.9,3.9,+6.96%,70
IMTE,2018-01-11,55.3,62.5,55.3,58.6,-1.3,-2.17%,320
IMTE,2018-01-16,57.9,57.9,57.9,57.9,-0.7,-1.19%,20
IMTE,2018-01-17,58,58,58,58,0.1,+0.17%,10
IMTE,2018-01-23,56.5,56.5,56,56,-2.,-3.45%,40
IMTE,2018-01-24,56,56,56,56,0,0.00%,10
IMTE,2018-01-31,54.9,60,54.9,60,4,+7.14%,20
IMTE,2018-02-05,54.2,54.2,52.7,52.7,-7.3,-12.17%,20
IMTE,2018-02-08,48,50,48,50,-2.7,-5.12%,100
IMTE,2018-02-09,50.4,50.4,50,50,0,0.00%,40
IMTE,2018-02-13,50.1,50.1,50,50,0,0.00%,30
IMTE,2018-02-20,44.2,47.1,44.2,44.3,-5.7,-11.40%,200
IMTE,2018-02-21,40.7,40.7,40.3,40.3,-4.,-9.03%,110
IMTE,2018-02-23,42.4,42.4,42.4,42.4,2.1,+5.21%,80
IMTE,2018-03-02,40,40,40,40,-2.4,-5.66%,100
IMTE,2018-03-05,43.9,43.9,43.9,43.9,3.9,+9.75%,80
IMTE,2018-03-08,49,49,48.7,48.7,4.8,+10.93%,120
IMTE,2018-03-12,41.2,41.2,40.3,40.3,-8.4,-17.25%,210
IMTE,2018-03-13,41.2,41.2,33.4,34.8,-5.5,-13.65%,150
IMTE,2018-03-14,38.2,38.2,38.2,38.2,3.4,+9.77%,20
IMTE,2018-03-15,40.1,40.1,32.2,33.8,-4.4,-11.52%,90
IMTE,2018-03-29,31.9,31.9,31.9,31.9,-1.9,-5.62%,30
IMTE,2018-04-02,32.2,32.2,32.2,32.2,0.3,+0.94%,10
IMTE,2018-04-05,31,31,31,31,-1.2,-3.73%,10
IMTE,2018-04-06,31.2,31.2,30,30,-1.,-3.23%,340
IMTE,2018-04-23,24.6,24.6,24.2,24.2,-5.8,-19.33%,360
IMTE,2018-04-24,23,23,22.5,22.5,-1.7,-7.02%,100
IMTE,2018-04-25,22.3,22.4,20.3,21.4,-1.1,-4.89%,380
IMTE,2018-04-26,20,20,19,20,-1.4,-6.54%,80
IMTE,2018-04-27,22.4,22.4,18.5,18.5,-1.5,-7.50%,40
IMTE,2018-04-30,20,20,20,20,1.5,+8.11%,10
IMTE,2018-05-02,23.9,412.6,22.9,219.5,199.5,+997.50%,218869
IMTE,2018-05-03,322.5,440,300.1,321.1,101.6,+46.29%,85870
IMTE,2018-05-04,220,280,170.2,201.1,-120.,-37.37%,49930
IMTE,2018-05-07,190,221.3,161.7,168.2,-32.9,-16.36%,24370
IMTE,2018-05-08,187.9,198.7,160.1,185,16.8,+9.99%,28840
IMTE,2018-05-09,171.1,180.9,166.5,166.5,-18.5,-10.00%,10940
IMTE,2018-05-10,167.8,170,105.4,111.8,-54.7,-32.85%,22960
IMTE,2018-05-11,122.5,130.6,112.4,115.8,4,+3.58%,15940
IMTE,2018-05-14,118.9,217,114.4,189.5,73.7,+63.64%,128280
IMTE,2018-05-15,212.9,215,157.1,169.5,-20.,-10.55%,30170
IMTE,2018-05-16,151.5,173.9,151.5,163,-6.5,-3.83%,9150
IMTE,2018-05-17,162.5,168.65,146.6,146.6,-16.4,-10.06%,6300
IMTE,2018-05-18,146.6,156.3,143,143.5,-3.1,-2.11%,4550
IMTE,2018-05-21,152.9,155,140.1,155,11.5,+8.01%,3720
IMTE,2018-05-22,163,163.8,146.5,150.4,-4.6,-2.97%,7240
IMTE,2018-05-23,150.4,159.9,135.6,145.1,-5.3,-3.52%,8090
IMTE,2018-05-24,146.15,158.12,145.6,151,5.9,+4.07%,4770
IMTE,2018-05-25,151.1,151.1,147.3,148.8,-2.2,-1.46%,3080
IMTE,2018-05-29,142.6,154.2,142.6,145.5,-3.3,-2.22%,2570
IMTE,2018-05-30,147.8,153.1,146,149,3.5,+2.41%,960
IMTE,2018-05-31,150.5,162.59,150,154.05,5.05,+3.39%,1690
IMTE,2018-06-01,151.6,155.6,147.3,151.5,-2.55,-1.66%,1690
IMTE,2018-06-04,150,152,145.9,148.6,-2.9,-1.91%,1290
IMTE,2018-06-05,147.6,149.4,141.2,145.9,-2.7,-1.82%,1080
IMTE,2018-06-06,151.5,207.7,150.79,180.25,34.35,+23.54%,28640
IMTE,2018-06-07,182.1,197.7,173,181.5,1.25,+0.69%,7400
IMTE,2018-06-08,176.8,184.9,171.2,173.9,-7.6,-4.19%,5450
IMTE,2018-06-11,171.7,186.25,171.7,179.8,5.9,+3.39%,2620
IMTE,2018-06-12,182,186.2,160,177.95,-1.85,-1.03%,2880
IMTE,2018-06-13,180,189.5,178.51,182.05,4.1,+2.30%,1830
IMTE,2018-06-14,184.8,194.5,181.1,188.6,6.55,+3.60%,1620
IMTE,2018-06-15,188.5,192.5,182.8,189.8,1.2,+0.64%,730
IMTE,2018-06-18,189.15,192,182.81,189,-0.8,-0.42%,1290
IMTE,2018-06-19,186.5,192,175.7,190,1,+0.53%,2500
IMTE,2018-06-20,186.7,191.9,181,191.9,1.9,+1.00%,1030
IMTE,2018-06-21,195,195.7,180.05,186.4,-5.5,-2.87%,840
IMTE,2018-06-22,181.5,190.5,181.5,187.9,1.5,+0.80%,630
IMTE,2018-06-25,180.5,195,180.5,183,-4.9,-2.61%,1140
IMTE,2018-06-26,180,183.35,163.8,168.2,-14.8,-8.09%,1340
IMTE,2018-06-27,170.9,187,170.9,175,6.8,+4.04%,300
IMTE,2018-06-28,168.3,182.8,147.5,173.5,-1.5,-0.86%,930
IMTE,2018-06-29,166.4,176,166.4,173.6,0.1,+0.06%,950
IMTE,2018-07-02,171.1,172.8,167.2,170,-3.6,-2.07%,320
IMTE,2018-07-03,165.6,170,165.5,166,-4.,-2.35%,150
IMTE,2018-07-05,148,164.55,148,156,-10.,-6.02%,940
IMTE,2018-07-06,156.5,158.8,154.7,155.1,-0.9,-0.58%,350
IMTE,2018-07-09,151.4,151.4,145.5,147.4,-7.7,-4.96%,590
IMTE,2018-07-10,148.5,149.4,148.5,149.4,2,+1.36%,150
IMTE,2018-07-11,147.3,151.1,146.5,151.1,1.7,+1.14%,160
IMTE,2018-07-12,151.1,154.8,144.8,154.8,3.7,+2.45%,150
IMTE,2018-07-13,147.1,154.4,145,145.9,-8.9,-5.75%,190
IMTE,2018-07-16,144,144,130.4,136.4,-9.5,-6.51%,770
IMTE,2018-07-17,132,145,130.1,144.8,8.4,+6.16%,500
IMTE,2018-07-18,134.95,142,134.95,138,-6.8,-4.70%,1400
IMTE,2018-07-19,138,180.4,135.6,138.1,0.1,+0.07%,5210
IMTE,2018-07-20,140,141.4,136,136.1,-2.,-1.45%,1270
IMTE,2018-07-23,136.6,139.4,130,136.1,0,0.00%,1130
IMTE,2018-07-24,135,136,115.2,120.1,-16.,-11.76%,920
IMTE,2018-07-25,121.6,123.85,116.83,123.85,3.75,+3.12%,380
IMTE,2018-07-26,124.8,124.8,124.8,124.8,0.95,+0.77%,70
IMTE,2018-07-27,112.5,123.7,112.5,115.1,-9.7,-7.77%,310
IMTE,2018-07-30,112.43,115,102.65,107.5,-7.6,-6.60%,610
IMTE,2018-07-31,102.5,114,97.4,110.3,2.8,+2.60%,1020
IMTE,2018-08-01,101.2,112,101.2,101.4,-8.9,-8.07%,260
IMTE,2018-08-02,115,115.5,110,110,8.6,+8.48%,1400
IMTE,2018-08-03,115,118.63,112,115.85,5.85,+5.32%,130
IMTE,2018-08-06,139.6,140,120.6,131.8,15.95,+13.77%,600
IMTE,2018-08-07,138.3,138.3,133,135.6,3.8,+2.88%,150
IMTE,2018-08-08,135.2,135.2,135.1,135.1,-0.5,-0.37%,40
IMTE,2018-08-09,135.1,139,119.9,125.4,-9.7,-7.18%,910
IMTE,2018-08-10,131.6,137.7,115.7,115.7,-9.7,-7.74%,180
IMTE,2018-08-13,127.2,127.2,112.1,112.1,-3.6,-3.11%,180
IMTE,2018-08-14,138.3,138.3,112.3,127.7,15.6,+13.92%,150
IMTE,2018-08-15,121.5,128.1,111.4,128.1,0.4,+0.31%,80
IMTE,2018-08-16,119.1,122.61,108.35,122.6,-5.5,-4.29%,380
IMTE,2018-08-20,128.7,134.4,110.1,124.5,1.9,+1.55%,550
IMTE,2018-08-22,111.5,129,111.5,120.3,-4.2,-3.37%,200
IMTE,2018-08-23,121.8,129.8,121.8,121.8,1.5,+1.25%,70
IMTE,2018-08-24,123,123.4,123,123.4,1.6,+1.31%,50
IMTE,2018-08-27,111,119.5,111,119.5,-3.9,-3.16%,80
IMTE,2018-08-28,123.3,123.3,115.1,115.1,-4.4,-3.68%,410
IMTE,2018-08-29,120.72,132.8,119.75,127.27,12.17,+10.57%,680
IMTE,2018-08-30,117,124,117,119,-8.27,-6.50%,210
IMTE,2018-08-31,119.7,119.9,116,116,-3.,-2.52%,810
IMTE,2018-09-04,119.8,119.8,112.5,116.3,0.3,+0.26%,370
IMTE,2018-09-05,112.5,116.1,112.5,116.1,-0.2,-0.17%,40
IMTE,2018-09-06,117.93,117.93,112.5,115.45,-0.65,-0.56%,50
IMTE,2018-09-07,112.5,112.5,112.5,112.5,-2.95,-2.56%,50
IMTE,2018-09-10,114.5,117.1,112.5,112.5,0,0.00%,210
IMTE,2018-09-11,112.5,112.5,96,106.1,-6.4,-5.69%,410
IMTE,2018-09-12,106.8,107.6,106.8,107.6,1.5,+1.41%,150
IMTE,2018-09-13,107.4,107.4,100.5,104.2,-3.4,-3.16%,90
IMTE,2018-09-14,110.8,110.8,108.45,108.45,4.25,+4.08%,20
IMTE,2018-09-17,105,114.5,97,99.8,-8.65,-7.98%,180
IMTE,2018-09-18,109.25,116.2,103.75,103.75,3.95,+3.96%,240
IMTE,2018-09-19,109.7,114.8,102,104.9,1.15,+1.11%,320
IMTE,2018-09-20,103.7,104.6,103.5,104,-0.9,-0.86%,80
IMTE,2018-09-21,100,109.5,98.9,102,-2.,-1.92%,610
IMTE,2018-09-24,106.95,106.95,83.8,101.7,-0.3,-0.29%,750
IMTE,2018-09-25,100,100,100,100,-1.7,-1.67%,10
IMTE,2018-09-27,90.2,91.7,90.1,90.9,-9.1,-9.10%,140
IMTE,2018-09-28,87.7,90.2,87.7,90,-0.9,-0.99%,70
IMTE,2018-10-01,81,87.2,65.5,79.3,-10.7,-11.89%,730
IMTE,2018-10-02,81.5,130,75,88.3,9,+11.35%,3520
IMTE,2018-10-03,97.5,97.5,80.5,83.7,-4.6,-5.21%,970
IMTE,2018-10-04,86.9,91.2,69.5,71.1,-12.6,-15.05%,470
IMTE,2018-10-05,70.2,79.6,70,74.8,3.7,+5.20%,980
IMTE,2018-10-08,80.1,80.1,70.7,77.3,2.5,+3.34%,110
IMTE,2018-10-09,80,80,68.5,71.5,-5.8,-7.50%,1280
IMTE,2018-10-10,75,83,65.2,69.05,-2.45,-3.43%,1280
IMTE,2018-10-11,67.2,72.5,67.2,69.5,0.45,+0.65%,360
IMTE,2018-10-12,71.5,79.45,68,70,0.5,+0.72%,540
IMTE,2018-10-15,73.2,73.2,67.2,67.2,-2.8,-4.00%,130
IMTE,2018-10-17,70.4,118.2,69.7,96.4,29.2,+43.45%,8650
IMTE,2018-10-18,92.5,117.5,86,89.1,-7.3,-7.57%,3020
IMTE,2018-10-19,89.9,89.9,76,77.3,-11.8,-13.24%,610
IMTE,2018-10-22,73,77,66.9,67,-10.3,-13.32%,1480
IMTE,2018-10-23,65,69.8,65,66.7,-0.3,-0.45%,1290
IMTE,2018-10-24,65.2,68,65,66.1,-0.6,-0.90%,730
IMTE,2018-10-25,71.4,71.4,69.2,69.2,3.1,+4.69%,60
IMTE,2018-10-26,65,77.65,65,65.5,-3.7,-5.35%,2340
IMTE,2018-10-29,67.8,67.8,65,66.25,0.75,+1.15%,220
IMTE,2018-10-30,67.1,74.5,67.1,67.1,0.85,+1.28%,40
IMTE,2018-10-31,68.7,69.5,55,57.9,-9.2,-13.71%,2090
IMTE,2018-11-01,57.7,65.3,55,58.5,0.6,+1.04%,2220
IMTE,2018-11-02,59.7,65.2,57.3,57.3,-1.2,-2.05%,730
IMTE,2018-11-05,58.4,61,55,57.5,0.2,+0.35%,820
IMTE,2018-11-06,64.63,78.3,57.85,65.7,8.2,+14.26%,5770
IMTE,2018-11-07,74,74,63,67.9,2.2,+3.35%,740
IMTE,2018-11-08,64.3,67.2,63.9,65.5,-2.4,-3.53%,280
IMTE,2018-11-09,64.2,71,64.2,70.1,4.6,+7.02%,100
IMTE,2018-11-12,70.5,70.5,63.5,64.5,-5.6,-7.99%,150
IMTE,2018-11-13,67.7,67.7,64.7,65.7,1.2,+1.86%,120
IMTE,2018-11-15,59.5,59.5,59.5,59.5,-6.2,-9.44%,10
IMTE,2018-11-16,59.5,70.6,59.5,59.5,0,0.00%,280
IMTE,2018-11-19,60.3,64.2,60.3,60.6,1.1,+1.85%,330
IMTE,2018-11-20,64.5,64.5,54.2,54.2,-6.4,-10.56%,590
IMTE,2018-11-21,59.6,75,57.5,60.4,6.2,+11.44%,1300
IMTE,2018-11-23,60.2,62,60.1,62,1.6,+2.65%,90
IMTE,2018-11-26,61,61.3,52.1,58,-4.,-6.45%,320
IMTE,2018-11-27,54,57.4,54,56.5,-1.5,-2.59%,400
IMTE,2018-11-28,55.4,56.6,55.4,56.6,0.1,+0.18%,70
IMTE,2018-11-29,59.2,60,59.2,59.3,2.7,+4.77%,90
IMTE,2018-12-03,58.5,60,57,57,-2.3,-3.88%,160
IMTE,2018-12-04,59.8,65.1,59.7,59.7,2.7,+4.74%,360
IMTE,2018-12-06,58.5,59,58.5,59,-0.7,-1.17%,80
IMTE,2018-12-07,55.7,57,52,55.1,-3.9,-6.61%,270
IMTE,2018-12-11,66.8,66.8,52.2,56,0.9,+1.63%,330
IMTE,2018-12-13,56,56,56,56,0,0.00%,30
IMTE,2018-12-14,51.7,51.7,51.2,51.7,-4.3,-7.68%,60
IMTE,2018-12-17,51.5,51.5,45.5,48.5,-3.2,-6.19%,220
IMTE,2018-12-18,50,50,40.1,49,0.5,+1.03%,490
IMTE,2018-12-19,53.5,54,46.5,46.5,-2.5,-5.10%,250
IMTE,2018-12-20,46.8,48.1,44.2,47.4,0.9,+1.94%,230
IMTE,2018-12-21,45,45,44,44,-3.4,-7.17%,220
IMTE,2018-12-24,44,44.2,44,44,0,0.00%,60
IMTE,2018-12-26,44,59.3,44,59.3,15.3,+34.77%,1030
IMTE,2018-12-27,66.3,66.3,50.5,51.1,-8.2,-13.83%,780
IMTE,2018-12-28,50.8,60.8,50.5,54.3,3.2,+6.26%,400
IMTE,2018-12-31,59.7,64.6,48.2,64.6,10.3,+18.97%,950
IMTE,2019-01-02,63.8,70,60.4,70,5.4,+8.36%,440
IMTE,2019-01-03,64.8,96.4,64.8,84,14,+20.00%,1170
IMTE,2019-01-04,72.3,92,72.3,79.8,-4.2,-5.00%,830
IMTE,2019-01-07,79.8,84.7,72.5,73,-6.8,-8.52%,630
IMTE,2019-01-08,73.8,77.5,70.1,75,2,+2.74%,300
IMTE,2019-01-09,74,94.6,66.1,70.35,-4.65,-6.20%,3150
IMTE,2019-01-10,77.3,82.3,64,65.1,-5.25,-7.46%,700
IMTE,2019-01-11,65.4,66.6,63.5,65.7,0.6,+0.92%,330
IMTE,2019-01-14,63.7,63.7,56,58.6,-7.1,-10.81%,300
IMTE,2019-01-15,58.7,64,55.5,61,2.4,+4.10%,690
IMTE,2019-01-16,59,84.1,53.1,75.4,14.4,+23.61%,4590
IMTE,2019-01-17,72.5,75,70,70.1,-5.3,-7.03%,590
IMTE,2019-01-18,70.1,70.1,65,69.8,-0.3,-0.43%,200
IMTE,2019-01-22,69.6,69.7,62.6,69.7,-0.1,-0.14%,70
IMTE,2019-01-23,68.5,68.5,62.9,63.2,-6.5,-9.33%,150
IMTE,2019-01-24,66,66,57.6,61.05,-2.15,-3.40%,590
IMTE,2019-01-25,61.1,67.7,61.1,66.2,5.15,+8.44%,150
IMTE,2019-01-28,66,74.8,66,67.9,1.7,+2.57%,6880
IMTE,2019-01-29,66,70.35,65.3,65.3,-2.6,-3.83%,520
IMTE,2019-01-30,62.1,68.4,62.1,66.9,1.6,+2.45%,150
IMTE,2019-01-31,65.2,66.5,59.2,61.2,-5.7,-8.52%,390
IMTE,2019-02-01,65,138.9,64.4,84,22.8,+37.25%,39860
IMTE,2019-02-04,83.4,119.9,80.9,83.1,-0.9,-1.07%,21190
IMTE,2019-02-05,82.5,100,82.5,100,16.9,+20.34%,3410
IMTE,2019-02-06,97.2,99,83,85,-15.,-15.00%,1650
IMTE,2019-02-07,85,92.5,85,89.5,4.5,+5.29%,1010
IMTE,2019-02-08,84.4,90.9,75,87.7,-1.8,-2.01%,1540
IMTE,2019-02-11,87.3,87.3,75,77.1,-10.6,-12.09%,1160
IMTE,2019-02-12,78.6,79,70.5,73,-4.1,-5.32%,1460
IMTE,2019-02-13,68,76.5,68,68.3,-4.7,-6.44%,940
IMTE,2019-02-14,68.3,73.6,65,70,1.7,+2.49%,1390
IMTE,2019-02-15,69.4,73.6,69.4,71.1,1.1,+1.57%,720
IMTE,2019-02-19,71.1,73.5,67,70.6,-0.5,-0.70%,890
IMTE,2019-02-20,66.5,75.1,66.5,68.8,-1.8,-2.55%,300
IMTE,2019-02-21,69.6,76,69.4,74.1,5.3,+7.70%,2100
IMTE,2019-02-22,72,76,70.5,70.5,-3.6,-4.86%,650
IMTE,2019-02-25,78.4,90,67.8,87.7,17.2,+24.40%,2170
IMTE,2019-02-26,80,83.4,78.1,83.4,-4.3,-4.90%,500
IMTE,2019-02-27,85.2,86.5,78.4,81,-2.4,-2.88%,2420
IMTE,2019-02-28,80.8,87.5,78,84,3,+3.70%,2710
IMTE,2019-03-01,82.2,86.5,81.1,84,0,0.00%,550
IMTE,2019-03-04,81,104.6,81,87.4,3.4,+4.05%,4310
IMTE,2019-03-05,89.201,98.1,84.192,86.6,-0.8,-0.92%,770
IMTE,2019-03-06,89.2,92.3,79,80.9,-5.7,-6.58%,1680
IMTE,2019-03-07,83.2,85,73.35,80.2,-0.7,-0.87%,810
IMTE,2019-03-08,80,80.1,72.3,79.9,-0.3,-0.37%,1080
IMTE,2019-03-11,76.542,87.3,74.355,82.8,2.9,+3.63%,1000
IMTE,2019-03-12,80.3,90,75.375,89.5,6.7,+8.09%,1000
IMTE,2019-03-13,89,96.5,85.169,88,-1.5,-1.68%,2060
IMTE,2019-03-14,88,92.971,85.201,88,0,0.00%,1240
IMTE,2019-03-15,88,98.9,85,95,7,+7.95%,1190
IMTE,2019-03-18,95.5,95.5,89.4,94.8,-0.2,-0.21%,570
IMTE,2019-03-19,92,97.9,89.066,90.1,-4.7,-4.96%,470
IMTE,2019-03-20,85.713,93.4,85.713,90.425,0.325,+0.36%,540
IMTE,2019-03-21,91.614,91.614,77,84.5,-5.925,-6.55%,1590
IMTE,2019-03-22,83.9,87.832,80.401,87.832,3.332,+3.94%,1010
IMTE,2019-03-25,87.6,87.8,80.024,86.8,-1.032,-1.17%,1810
IMTE,2019-03-26,84,100,78.823,89.5,2.7,+3.11%,8450
IMTE,2019-03-27,91,180,85.461,124,34.5,+38.55%,171450
IMTE,2019-03-28,132,175,110.3,134,10,+8.06%,122810
IMTE,2019-03-29,138.1,152.498,120,129.9,-4.1,-3.06%,19510
IMTE,2019-04-01,125.2,130,115.1,123.5,-6.4,-4.93%,6820
IMTE,2019-04-02,121,124.9,101.8,110,-13.5,-10.93%,8280
IMTE,2019-04-03,110,120,102.505,113.2,3.2,+2.91%,3160
IMTE,2019-04-04,111.2,118,107,108.8,-4.4,-3.89%,2320
IMTE,2019-04-05,110,130,110,122,13.2,+12.13%,6990
IMTE,2019-04-08,117.3,128.826,115.832,120,-2.,-1.64%,2870
IMTE,2019-04-09,118.2,120.75,116.223,118.3,-1.7,-1.42%,1070
IMTE,2019-04-10,121.9,125.85,118.7,125,6.7,+5.66%,2530
IMTE,2019-04-11,123.1,131,118.849,125.7,0.7,+0.56%,1640
IMTE,2019-04-12,125.7,136.97,117.66,133.7,8,+6.36%,2990
IMTE,2019-04-15,131.4,133.739,126.5,130,-3.7,-2.77%,1470
IMTE,2019-04-16,126.2,139.8,120.687,129.536,-0.464,-0.36%,2020
IMTE,2019-04-17,131.057,137.5,126.352,137.5,7.964,+6.15%,2780
IMTE,2019-04-18,135.4,152.5,131.511,145.2,7.7,+5.60%,5060
IMTE,2019-04-22,141.7,146.825,138.738,144.682,-0.518,-0.36%,2540
IMTE,2019-04-23,143.5,152.5,140.3,151,6.318,+4.37%,1710
IMTE,2019-04-24,146.8,154.9,142.548,151.8,0.8,+0.53%,1420
IMTE,2019-04-25,155.072,155.072,142.76,145.8,-6.,-3.95%,2670
IMTE,2019-04-26,145,146.54,131.301,137,-8.8,-6.04%,2160
IMTE,2019-04-29,132.3,135.4,126.5,131,-6.,-4.38%,2080
IMTE,2019-04-30,130.4,138.209,119.8,121,-10.,-7.63%,1520
IMTE,2019-05-01,120.2,128.557,117.001,120.4,-0.6,-0.50%,1010
IMTE,2019-05-02,135,135,116.9,120.6,0.2,+0.17%,250
IMTE,2019-05-03,117.5,117.5,106,115,-5.6,-4.64%,650
IMTE,2019-05-06,116.7,120.3,111.085,111.085,-3.915,-3.40%,210
IMTE,2019-05-07,106.2,113.861,106,106,-5.085,-4.58%,990
IMTE,2019-05-08,105,110.2,105,107.5,1.5,+1.42%,650
IMTE,2019-05-09,107.1,109.7,90.601,93,-14.5,-13.49%,1050
IMTE,2019-05-10,95.475,106.2,95.475,98,5,+5.38%,350
IMTE,2019-05-13,103.7,103.7,87,87,-11.,-11.22%,910
IMTE,2019-05-14,89.1,90.6,82.3,83.7,-3.3,-3.79%,3340
IMTE,2019-05-15,80,83.1,75.538,80.4,-3.3,-3.94%,2250
IMTE,2019-05-16,82.4,90.166,78.1,82.2,1.8,+2.24%,2790
IMTE,2019-05-17,80,81.2,75.1,75.2,-7.,-8.52%,550
IMTE,2019-05-20,77.7,81.6,76.5,79.6,4.4,+5.85%,240
IMTE,2019-05-21,79.3,79.3,75.6,75.6,-4.,-5.03%,50
IMTE,2019-05-22,75.001,79,75.001,75.301,-0.299,-0.40%,310
IMTE,2019-05-23,75.3,82.8,73.9,76.5,1.199,+1.59%,780
IMTE,2019-05-24,76.809,76.809,76.5,76.5,0,0.00%,100
IMTE,2019-05-28,81.8,81.8,75,75,-1.5,-1.96%,530
IMTE,2019-05-29,75.55,79.439,74.29,79.439,4.439,+5.92%,130
IMTE,2019-05-30,77.2,79.053,74.598,78.1,-1.339,-1.69%,1380
IMTE,2019-05-31,81.154,81.154,73,75.2,-2.9,-3.71%,550
IMTE,2019-06-03,83,83,76.8,79.8,4.6,+6.12%,390
IMTE,2019-06-04,77.9,81.899,77.5,81.467,1.667,+2.09%,170
IMTE,2019-06-05,80,81.899,74.4,78.5,-2.967,-3.64%,1830
IMTE,2019-06-06,77.5,80.1,74.544,80.1,1.6,+2.04%,230
IMTE,2019-06-07,79.624,88.59,78.288,79,-1.1,-1.37%,590
IMTE,2019-06-10,84,84,76.047,80.507,1.507,+1.91%,440
IMTE,2019-06-11,83.5,88,79.5,79.5,-1.007,-1.25%,480
IMTE,2019-06-12,84,85,80.1,85,5.5,+6.92%,450
IMTE,2019-06-13,85.1,85.1,84.8,84.8,-0.2,-0.24%,40
IMTE,2019-06-14,85.2,85.2,80.4,84.6,-0.2,-0.24%,230
IMTE,2019-06-17,82.3,88.509,77.219,87.898,3.298,+3.90%,230
IMTE,2019-06-18,87.68,99.3,85.682,91.4,3.502,+3.98%,670
IMTE,2019-06-19,91.5,91.5,91.5,91.5,0.1,+0.11%,20
IMTE,2019-06-20,89,94,89,93.2,1.7,+1.86%,110
IMTE,2019-06-25,94.4,114.8,92.8,100.32,7.12,+7.64%,3700
IMTE,2019-06-26,104.1,113,91.5,95,-5.32,-5.30%,1020
IMTE,2019-06-27,86.001,96.1,86.001,93.5,-1.5,-1.58%,160
IMTE,2019-06-28,91.5,95.4,84,86.75,-6.75,-7.22%,980
IMTE,2019-07-01,102.6,102.6,87.5,90.5,3.75,+4.32%,690
IMTE,2019-07-02,92.3,94.935,91.9,94.935,4.435,+4.90%,60
IMTE,2019-07-03,90.253,90.253,88.5,88.5,-6.435,-6.78%,60
IMTE,2019-07-05,88.5,89.8,81.5,85.4,-3.1,-3.50%,2810
IMTE,2019-07-08,84.4,84.5,80.124,83.352,-2.048,-2.40%,340
IMTE,2019-07-09,81.101,84.718,77.6,84.718,1.366,+1.64%,770
IMTE,2019-07-10,81.4,87.775,79.964,82.7,-2.018,-2.38%,80
IMTE,2019-07-11,79.716,79.716,79.1,79.1,-3.6,-4.35%,60
IMTE,2019-07-12,81,82,76.667,80.2,1.1,+1.39%,190
IMTE,2019-07-15,75.602,79,75.602,78.722,-1.478,-1.84%,90
IMTE,2019-07-16,76.5,77.852,75.7,75.7,-3.022,-3.84%,490
IMTE,2019-07-17,77,81.971,77,79.866,4.166,+5.50%,130
IMTE,2019-07-18,75.07,81.8,75.07,79.225,-0.641,-0.80%,290
IMTE,2019-07-19,81.325,81.325,77.174,77.174,-2.051,-2.59%,70
IMTE,2019-07-22,75.5,75.6,75,75.6,-1.574,-2.04%,140
IMTE,2019-07-23,77,79.95,75,75.124,-0.476,-0.63%,160
IMTE,2019-07-24,75,79.099,75,75,-0.124,-0.17%,470
IMTE,2019-07-25,77,77,75.375,76,1,+1.33%,40
IMTE,2019-07-26,75.5,75.5,63.51,71.665,-4.335,-5.70%,130
IMTE,2019-07-29,70.9,75.6,70.9,75.6,3.935,+5.49%,50
IMTE,2019-07-30,71.7,75.5,71.7,75.5,-0.1,-0.13%,60
IMTE,2019-07-31,72.6,75.451,72.6,75.451,-0.049,-0.06%,40
IMTE,2019-08-01,71.3,74,69.4,70.1,-5.351,-7.09%,1080
IMTE,2019-08-02,71.4,72.4,65,68,-2.1,-3.00%,330
IMTE,2019-08-05,73.7,73.7,66.008,66.008,-1.992,-2.93%,210
IMTE,2019-08-06,67.1,71.3,67.1,70.1,4.092,+6.20%,360
IMTE,2019-08-07,69,71.559,66.675,67.3,-2.8,-3.99%,780
IMTE,2019-08-08,68.3,69,65.273,66.159,-1.141,-1.70%,220
IMTE,2019-08-09,68.03,71,65.753,65.753,-0.406,-0.61%,170
IMTE,2019-08-12,69.939,69.939,65.001,68.912,3.159,+4.80%,90
IMTE,2019-08-13,67.9,67.9,67.9,67.9,-1.012,-1.47%,50
IMTE,2019-08-14,67,69.714,66.494,66.494,-1.406,-2.07%,60
IMTE,2019-08-15,70.307,70.307,66.138,70,3.506,+5.27%,100
IMTE,2019-08-16,70.789,80.431,70.773,80.431,10.431,+14.90%,750
IMTE,2019-08-19,81.674,83,70.6,81.35,0.919,+1.14%,370
IMTE,2019-08-20,81.5,84.9,77.2,84.9,3.55,+4.36%,80
IMTE,2019-08-21,87.4,87.6,80.2,84.75,-0.15,-0.18%,190
IMTE,2019-08-22,75,82.225,75,81.624,-3.126,-3.69%,50
IMTE,2019-08-23,84.7,84.7,84.7,84.7,3.076,+3.77%,10
IMTE,2019-08-26,81.894,87,81.894,87,2.3,+2.72%,30
IMTE,2019-08-27,83.8,83.8,73.948,79.85,-7.15,-8.22%,210
IMTE,2019-08-28,84.8,88.4,80,86.3,6.45,+8.08%,210
IMTE,2019-08-29,78.893,80.968,78.893,80.968,-5.332,-6.18%,320
IMTE,2019-08-30,76.812,80,73.466,79,-1.968,-2.43%,180
IMTE,2019-09-03,75.2,80.549,75.2,80.549,1.549,+1.96%,60
IMTE,2019-09-05,79,85.426,77.101,85.426,4.877,+6.05%,180
IMTE,2019-09-06,86,86,73.4,78.05,-7.376,-8.63%,260
IMTE,2019-09-09,77.304,78.018,75.1,75.1,-2.95,-3.78%,180
IMTE,2019-09-10,78.25,78.25,71.569,75.698,0.598,+0.80%,60
IMTE,2019-09-11,81,81,75.9,77.632,1.934,+2.55%,30
IMTE,2019-09-12,84.4,84.4,72.1,80,2.368,+3.05%,160
IMTE,2019-09-16,71.462,71.462,71.462,71.462,-8.538,-10.67%,60
IMTE,2019-09-17,75.416,75.416,71.9,71.9,0.438,+0.61%,40
IMTE,2019-09-18,75.601,75.601,71.6,73.74,1.84,+2.56%,130
IMTE,2019-09-19,75.071,75.071,71.128,74,0.26,+0.35%,50
IMTE,2019-09-20,66.6,77.2,66.6,74,0,0.00%,100
IMTE,2019-09-24,73.47,73.47,73.431,73.431,-0.569,-0.77%,50
IMTE,2019-09-25,72.5,72.5,72.5,72.5,-0.931,-1.27%,10
IMTE,2019-09-26,74.598,74.598,69.3,71.3,-1.2,-1.66%,760
IMTE,2019-09-27,74.2,74.2,70.877,73.5,2.2,+3.09%,170
IMTE,2019-09-30,66.7,72,66.7,68.35,-5.15,-7.01%,770
IMTE,2019-10-01,68,69.2,68,69.2,0.85,+1.24%,120
IMTE,2019-10-02,67,67.1,66.6,66.7,-2.5,-3.61%,120
IMTE,2019-10-03,65.001,66.6,65,65.946,-0.754,-1.13%,780
IMTE,2019-10-04,65.8,66.136,65.8,66.136,0.19,+0.29%,140
IMTE,2019-10-07,68,72.822,68,72.405,6.269,+9.48%,630
IMTE,2019-10-08,73,73,73,73,0.595,+0.82%,10
IMTE,2019-10-09,74,75,71.084,72.162,-0.838,-1.15%,50
IMTE,2019-10-10,71.964,73.8,69.624,73.8,1.638,+2.27%,50
IMTE,2019-10-11,72.8,73,69.928,72,-1.8,-2.44%,180
IMTE,2019-10-14,71.204,73,68.304,73,1,+1.39%,460
IMTE,2019-10-15,68.75,72.299,68.75,71,-2.,-2.74%,110
IMTE,2019-10-16,68.7,70.9,67,70,-1.,-1.41%,70
IMTE,2019-10-17,67.1,72.3,66.504,72.001,2.001,+2.86%,340
IMTE,2019-10-18,70,72.635,70,70.1,-1.901,-2.64%,80
IMTE,2019-10-21,68.1,70.5,68.1,70.5,0.4,+0.57%,70
IMTE,2019-10-22,72,72,72,72,1.5,+2.13%,10
IMTE,2019-10-23,71.8,71.8,71.8,71.8,-0.2,-0.28%,110
IMTE,2019-10-24,69,72,67.271,68.5,-3.3,-4.60%,210
IMTE,2019-10-25,68.6,72.5,68.5,69.427,0.927,+1.35%,140
IMTE,2019-10-28,69.138,69.4,68.968,69.4,-0.027,-0.04%,110
IMTE,2019-10-29,70.351,70.351,70.351,70.351,0.951,+1.37%,10
IMTE,2019-10-30,69.418,69.749,69.418,69.749,-0.602,-0.86%,40
IMTE,2019-10-31,68,71,67.35,71,1.251,+1.79%,960
IMTE,2019-11-01,68.6,70.4,68.1,68.894,-2.106,-2.97%,70
IMTE,2019-11-04,71.467,71.467,71.467,71.467,2.573,+3.73%,10
IMTE,2019-11-05,70.1,71.834,70.1,71.834,0.367,+0.51%,100
IMTE,2019-11-06,68.17,71.411,68.17,71.411,-0.423,-0.59%,70
IMTE,2019-11-07,65.575,71,65.575,70.6,-0.811,-1.14%,150
IMTE,2019-11-11,67.648,69.004,66.57,69.004,-1.596,-2.26%,90
IMTE,2019-11-12,71.422,71.422,68,68,-1.004,-1.45%,110
IMTE,2019-11-13,68.988,68.988,68.01,68.95,0.95,+1.40%,110
IMTE,2019-11-14,68,69.596,65,69.596,0.646,+0.94%,400
IMTE,2019-11-15,69,69.4,65,67.5,-2.096,-3.01%,640
IMTE,2019-11-19,62.3,65,61.84,64.984,-2.516,-3.73%,120
IMTE,2019-11-20,64.6,65.8,54.4,65.8,0.816,+1.26%,2310
IMTE,2019-11-21,65.8,83,65.8,81.927,16.127,+24.51%,1480
IMTE,2019-11-22,82,87.1,73.003,81.8,-0.127,-0.16%,560
IMTE,2019-11-26,72,78.8,72,77.264,-4.536,-5.55%,330
IMTE,2019-12-04,70.2,77.139,70,77.139,-0.125,-0.16%,360
IMTE,2019-12-06,71.513,77.5,71.513,75.549,-1.59,-2.06%,610
IMTE,2019-12-09,70.001,72.4,68.82,72.4,-3.149,-4.17%,150
IMTE,2019-12-10,71.5,75.7,70,75.7,3.3,+4.56%,120
IMTE,2019-12-11,70.1,75,68,74.088,-1.612,-2.13%,410
IMTE,2019-12-12,71.932,77.1,71.932,77.1,3.012,+4.07%,80
IMTE,2019-12-16,65,75,65,74.2,-2.9,-3.76%,470
IMTE,2019-12-17,76.6,76.6,76.6,76.6,2.4,+3.23%,10
IMTE,2019-12-18,70,70,70,70,-6.6,-8.62%,40
IMTE,2019-12-19,76.457,76.793,70,75.865,5.865,+8.38%,140
IMTE,2019-12-20,67.694,76.477,67.694,76.477,0.612,+0.81%,110
IMTE,2019-12-23,77,101.5,75,98.437,21.96,+28.71%,3690
IMTE,2019-12-24,100,118.185,90.5,94,-4.437,-4.51%,2550
IMTE,2019-12-26,99.7,108.899,87.3,89.9,-4.1,-4.36%,800
IMTE,2019-12-27,89.9,89.9,85,86.389,-3.511,-3.91%,450
IMTE,2019-12-30,87,97.94,85,94.9,8.511,+9.85%,430
IMTE,2019-12-31,91.8,91.8,88.031,91.8,-3.1,-3.27%,160
IMTE,2020-01-02,89.9,94.813,85.3,93.558,1.758,+1.92%,80
IMTE,2020-01-03,91.1,91.2,91.1,91.2,-2.358,-2.52%,50
IMTE,2020-01-06,83.8,91.91,81.062,91.094,-0.106,-0.12%,320
IMTE,2020-01-07,87,87.9,82.5,86.7,-4.394,-4.82%,640
IMTE,2020-01-08,82.6,93.4,82.6,84.8,-1.9,-2.19%,3050
IMTE,2020-01-09,83.3,92.253,83.3,90.94,6.14,+7.24%,240
IMTE,2020-01-10,90.7,92.975,84,90,-0.94,-1.03%,2000
IMTE,2020-01-13,86.1,90.67,86,89.37,-0.63,-0.70%,250
IMTE,2020-01-14,90,95.966,89.252,92.36,2.99,+3.35%,550
IMTE,2020-01-15,88.8,98,87.6,96.522,4.162,+4.51%,670
IMTE,2020-01-16,98.569,98.977,85.501,89.85,-6.672,-6.91%,2350
IMTE,2020-01-17,96.5,96.5,87.101,91.95,2.1,+2.34%,510
IMTE,2020-01-21,91.75,91.755,87.148,87.3,-4.65,-5.06%,160
IMTE,2020-01-22,88.8,90.3,85.425,87.772,0.472,+0.54%,1000
IMTE,2020-01-23,91.555,91.555,86.631,87.772,0,0.00%,130
IMTE,2020-01-24,85.5,85.9,77.224,79.474,-8.298,-9.45%,720
IMTE,2020-01-27,78.187,83.179,78.187,83.168,3.694,+4.65%,140
IMTE,2020-01-28,83.83,83.83,83.83,83.83,0.662,+0.80%,10
IMTE,2020-01-30,78.7,84.745,78.7,84.745,0.915,+1.09%,50
IMTE,2020-02-03,80,81.023,75,79.955,-4.79,-5.65%,390
IMTE,2020-02-04,79.157,82.434,72.2,74.465,-5.49,-6.87%,520
IMTE,2020-02-05,76.58,81.585,75,77.2,2.735,+3.67%,190
IMTE,2020-02-07,75.9,84.971,75.5,79.5,2.3,+2.98%,1110
IMTE,2020-02-10,82.581,82.581,75.517,78.535,-0.965,-1.21%,570
IMTE,2020-02-11,78,79.962,78,79.962,1.427,+1.82%,20
IMTE,2020-02-12,75.066,78.277,74.5,78.277,-1.685,-2.11%,130
IMTE,2020-02-13,73.8,78.075,72.5,76.8,-1.477,-1.89%,1170
IMTE,2020-02-14,72,74.8,66,66,-10.8,-14.06%,1620
IMTE,2020-02-18,65,67.5,61,62.005,-3.995,-6.05%,870
IMTE,2020-02-19,62.956,66.061,62.001,64,1.995,+3.22%,170
IMTE,2020-02-20,65,65.166,64.844,65.166,1.166,+1.82%,70
IMTE,2020-02-21,66.072,66.072,64,64.665,-0.501,-0.77%,30
IMTE,2020-02-24,55.8,63,55.8,62.74,-1.925,-2.98%,230
IMTE,2020-02-25,56.2,66.7,52.668,61,-1.74,-2.77%,1050
IMTE,2020-02-26,57.986,66.9,56.09,59.08,-1.92,-3.15%,860
IMTE,2020-02-27,56,56,48.5,51.45,-7.63,-12.91%,1510
IMTE,2020-02-28,49.9,52.97,48.401,50.796,-0.654,-1.27%,1250
IMTE,2020-03-02,47.7,52.4,47.7,50.174,-0.622,-1.22%,210
IMTE,2020-03-03,54.9,54.9,48.5,50.4,0.226,+0.45%,320
IMTE,2020-03-04,52.3,52.689,50.611,51.766,1.366,+2.71%,450
IMTE,2020-03-05,49.182,50.317,46.545,48.5,-3.266,-6.31%,370
IMTE,2020-03-06,47.4,49.3,44.72,48.67,0.17,+0.35%,360
IMTE,2020-03-09,40.5,47.5,40.1,43.603,-5.067,-10.41%,710
IMTE,2020-03-10,37.8,49.145,37.8,44.527,0.924,+2.12%,560
IMTE,2020-03-11,44.4,44.645,36.6,41.5,-3.027,-6.80%,1470
IMTE,2020-03-12,29.9,43.5,29.9,35.7,-5.8,-13.98%,400
IMTE,2020-03-13,41.4,41.4,33.1,38.428,2.728,+7.64%,470
IMTE,2020-03-16,37.5,38.57,32.126,34.4,-4.028,-10.48%,500
IMTE,2020-03-17,37.9,37.9,33.826,33.826,-0.574,-1.67%,130
IMTE,2020-03-18,35.6,35.6,29.3,31,-2.826,-8.35%,180
IMTE,2020-03-19,31.5,32.1,26.4,31.4,0.4,+1.29%,5830
IMTE,2020-03-20,31.4,31.4,26.5,26.9,-4.5,-14.33%,820
IMTE,2020-03-23,26.5,30.899,26.5,29.5,2.6,+9.67%,1440
IMTE,2020-03-24,29.6,30.587,26,28.921,-0.579,-1.96%,2140
IMTE,2020-03-25,31,35.088,28.172,31.6,2.679,+9.26%,1780
IMTE,2020-03-26,31.9,31.9,28.6,28.6,-3.,-9.49%,980
IMTE,2020-03-27,28.6,34.5,26,33,4.4,+15.38%,4930
IMTE,2020-03-30,31.2,34.7,28.7,29.7,-3.3,-10.00%,610
IMTE,2020-03-31,31.5,38,28.766,31.641,1.941,+6.54%,3550
IMTE,2020-04-01,31,32.9,30,30,-1.641,-5.19%,900
IMTE,2020-04-02,32.1,37,28.8,35.236,5.236,+17.45%,1350
IMTE,2020-04-03,33.1,36.7,30.7,36.7,1.464,+4.15%,840
IMTE,2020-04-06,37.5,37.894,33.5,35.8,-0.9,-2.45%,580
IMTE,2020-04-07,34.6,35,31,32.75,-3.05,-8.52%,1650
IMTE,2020-04-08,34.9,34.9,33.2,33.8,1.05,+3.21%,170
IMTE,2020-04-09,35.5,35.5,32.6,33.5,-0.3,-0.89%,230
IMTE,2020-04-13,35.5,35.5,31.5,35,1.5,+4.48%,240
IMTE,2020-04-14,33.005,35.1,33.005,34.2,-0.8,-2.29%,1040
IMTE,2020-04-15,34,35.4,32,35.1,0.9,+2.63%,250
IMTE,2020-04-16,34.799,35.2,33.562,35.2,0.1,+0.28%,190
IMTE,2020-04-17,34,36.3,33.5,34.9,-0.3,-0.85%,510
IMTE,2020-04-20,34,35.2,33.7,35,0.1,+0.29%,240
IMTE,2020-04-21,35,45.4,30.502,45.4,10.4,+29.71%,10070
IMTE,2020-04-22,44.5,52.4,37.5,39.472,-5.928,-13.06%,7800
IMTE,2020-04-23,43.3,43.3,34,38.295,-1.177,-2.98%,1000
IMTE,2020-04-24,37.5,38.949,34.087,34.5,-3.795,-9.91%,1130
IMTE,2020-04-27,34.7,38.6,33.101,34.3,-0.2,-0.58%,1720
IMTE,2020-04-28,34.2,36.7,31.202,33.338,-0.962,-2.80%,1330
IMTE,2020-04-29,32.9,36.7,32.9,33.3,-0.038,-0.11%,2210
IMTE,2020-04-30,35,35,31.3,33.4,0.1,+0.30%,400
IMTE,2020-05-01,33,33,31.104,31.201,-2.199,-6.58%,470
IMTE,2020-05-04,32.702,33.632,29.3,31.4,0.199,+0.64%,2350
IMTE,2020-05-05,32.4,37,30.973,36.1,4.7,+14.97%,10840
IMTE,2020-05-06,36.1,42,31,33.5,-2.6,-7.20%,14570
IMTE,2020-05-07,30.2,37.8,30,33.4,-0.1,-0.30%,5250
IMTE,2020-05-08,32.5,35,32.5,34,0.6,+1.80%,1010
IMTE,2020-05-11,33.8,34.1,31.3,32.75,-1.25,-3.68%,1230
IMTE,2020-05-12,33.35,34.099,31.5,31.533,-1.217,-3.72%,580
IMTE,2020-05-13,32.4,38.9,30.4,33.85,2.317,+7.35%,17210
IMTE,2020-05-14,37.3,39.2,33.003,35.1,1.25,+3.69%,9150
IMTE,2020-05-15,34.5,35,31.208,32.1,-3.,-8.55%,5960
IMTE,2020-05-18,33.9,36.3,32,35.25,3.15,+9.81%,3690
IMTE,2020-05-19,32.8,35.4,32.6,33.9,-1.35,-3.83%,2900
IMTE,2020-05-20,34.001,36,34.001,35.2,1.3,+3.83%,3750
IMTE,2020-05-21,35.1,36.5,30.9,34.1,-1.1,-3.13%,3130
IMTE,2020-05-22,33,34.9,32.1,33.61,-0.49,-1.44%,1000
IMTE,2020-05-26,33.7,35.7,33,35.7,2.09,+6.22%,2930
IMTE,2020-05-27,35.3,39.6,33.8,37.55,1.85,+5.18%,9020
IMTE,2020-05-28,38,43.7,35.977,37.1,-0.45,-1.20%,11390
IMTE,2020-05-29,37.2,37.2,35.5,36,-1.1,-2.96%,930
IMTE,2020-06-01,35.75,41.5,35.604,36.5,0.5,+1.39%,5690
IMTE,2020-06-02,38.1,38.4,34.4,35,-1.5,-4.11%,14280
IMTE,2020-06-03,35,37.2,32.3,35.9,0.9,+2.57%,24890
IMTE,2020-06-04,37.5,44,36,39.4,3.5,+9.75%,39330
IMTE,2020-06-05,38.5,38.5,33,34.8,-4.6,-11.68%,19070
IMTE,2020-06-08,34.8,37,34.301,35.1,0.3,+0.86%,5400
IMTE,2020-06-09,34.2,36.7,34.2,35.7,0.6,+1.71%,3750
IMTE,2020-06-10,35.3,44,35.3,38,2.3,+6.44%,36480
IMTE,2020-06-11,40.6,41,34.6,34.8,-3.2,-8.42%,17630
IMTE,2020-06-12,35.8,40.9,35,38.594,3.794,+10.90%,11970
IMTE,2020-06-15,40,46.8,36,41.4,2.806,+7.27%,36430
IMTE,2020-06-16,40.6,45.3,38.9,44,2.6,+6.28%,68000
IMTE,2020-06-17,80,133.1,52.8,55,11,+25.00%,457540
IMTE,2020-06-18,51,61.3,48.3,59.5,4.5,+8.18%,46070
IMTE,2020-06-19,55.3,57.55,47.8,52.5,-7.,-11.76%,20720
IMTE,2020-06-22,49.2,52.4,47.6,48.8,-3.7,-7.05%,7440
IMTE,2020-06-23,47.7,49.5,45.6,46.3,-2.5,-5.12%,8940
IMTE,2020-06-24,45.4,45.6,38.7,39,-7.3,-15.77%,11330
IMTE,2020-06-25,39.1,43.8,39.1,43.4,4.4,+11.28%,8410
IMTE,2020-06-26,43,43.1,37,38.5,-4.9,-11.29%,6660
IMTE,2020-06-29,38,39.999,33,35,-3.5,-9.09%,9550
IMTE,2020-06-30,34.5,38.499,33.8,36.9,1.9,+5.43%,9280
IMTE,2020-07-01,36,38,34.8,37.2,0.3,+0.81%,4760
IMTE,2020-07-02,36.7,40,35.7,37.6,0.4,+1.08%,5330
IMTE,2020-07-06,37,38.599,36.1,37.6,0,0.00%,4720
IMTE,2020-07-07,36.7,38.8,36.7,38.2,0.6,+1.60%,1680
IMTE,2020-07-08,37.5,38.4,36.6,38.3,0.1,+0.26%,2540
IMTE,2020-07-09,37.4,38.9,36.7,37.6,-0.7,-1.83%,1520
IMTE,2020-07-10,38.5,38.5,35.3,36.1,-1.5,-3.99%,2290
IMTE,2020-07-13,36.2,37.799,33.795,34.7,-1.4,-3.88%,3520
IMTE,2020-07-14,33.9,35.1,33.9,34.7,0,0.00%,1260
IMTE,2020-07-15,34.7,36.1,34,35.4,0.7,+2.02%,1820
IMTE,2020-07-16,34.5,42.3,34.5,37.6,2.2,+6.21%,21880
IMTE,2020-07-17,36.8,38.39,35.7,36.4,-1.2,-3.19%,2630
IMTE,2020-07-20,36.2,38.5,35.659,36.3,-0.1,-0.27%,2570
IMTE,2020-07-21,36.4,36.8,35.2,35.5,-0.8,-2.20%,1700
IMTE,2020-07-22,35.1,38.5,35.002,37.7,2.2,+6.20%,3500
IMTE,2020-07-23,38.5,38.5,35.5,36,-1.7,-4.51%,2410
IMTE,2020-07-24,37.7,37.7,34,35.2,-0.8,-2.22%,2060
IMTE,2020-07-27,35.1,37.8,35.1,35.3,0.1,+0.28%,1260
IMTE,2020-07-28,35.1,36.1,35.1,35.2,-0.1,-0.28%,610
IMTE,2020-07-29,36.899,36.899,34.9,35.1,-0.1,-0.28%,1020
IMTE,2020-07-30,36.2,38.5,35.1,35.9,0.8,+2.28%,5790
IMTE,2020-07-31,35.5,36.1,34.1,34.9,-1.,-2.79%,2870
IMTE,2020-08-03,35.488,36.799,34.589,34.9,0,0.00%,850
IMTE,2020-08-04,35.9,38.2,35.9,36.8,1.9,+5.44%,4350
IMTE,2020-08-05,37.8,38.8,36.7,38.691,1.891,+5.14%,2680
IMTE,2020-08-06,38.1,47.998,37.8,46.401,7.71,+19.93%,29080
IMTE,2020-08-07,45,48.1,39.1,40.1,-6.301,-13.58%,14350
IMTE,2020-08-10,40.6,43.7,39.1,40.1,0,0.00%,3270
IMTE,2020-08-11,41.4,41.4,38.3,38.3,-1.8,-4.49%,6450
IMTE,2020-08-12,39.4,41.75,38.3,41.4,3.1,+8.09%,4840
IMTE,2020-08-13,41.8,42.6,38.1,38.1,-3.3,-7.97%,3820
IMTE,2020-08-14,40.5,40.5,36.1,37.3,-0.8,-2.10%,2290
IMTE,2020-08-17,38,39,36.501,37.8,0.5,+1.34%,1280
IMTE,2020-08-18,37,38,36,36.7,-1.1,-2.91%,2030
IMTE,2020-08-19,36.7,36.9,35.2,35.2,-1.5,-4.09%,1300
IMTE,2020-08-20,35.3,36.8,35,35.2,0,0.00%,1740
IMTE,2020-08-21,35.9,36.1,35.1,35.3,0.1,+0.28%,1180
IMTE,2020-08-24,36.3,36.3,33.064,33.5,-1.8,-5.10%,2910
IMTE,2020-08-25,32.9,34.861,32.9,33.6,0.1,+0.30%,890
IMTE,2020-08-26,34.3,35,32.801,35,1.4,+4.17%,570
IMTE,2020-08-27,33.9,36.7,33.021,36.1,1.1,+3.14%,4250
IMTE,2020-08-28,36.9,36.9,34.3,34.6,-1.5,-4.16%,930
IMTE,2020-08-31,33.7,36.2,33.7,34.7,0.1,+0.29%,1000
IMTE,2020-09-01,35.2,41.6,33.9,39,4.3,+12.39%,10720
IMTE,2020-09-02,40.3,40.35,37.2,39.8,0.8,+2.05%,1750
IMTE,2020-09-03,37.9,40,37,39.9,0.1,+0.25%,2370
IMTE,2020-09-04,38.5,39.1,34.3,38.8,-1.1,-2.76%,1550
IMTE,2020-09-08,38.1,38.6,36.1,36.1,-2.7,-6.96%,1960
IMTE,2020-09-09,36.9,38.7,36.2,36.4,0.3,+0.83%,1990
IMTE,2020-09-10,36.8,37.5,36,36.5,0.1,+0.27%,1530
IMTE,2020-09-11,36.75,36.76,35.24,36.5,0,0.00%,260
IMTE,2020-09-14,36.2,37,36,36.7,0.2,+0.55%,930
IMTE,2020-09-15,37.5,38,36.7,36.7,0,0.00%,990
IMTE,2020-09-16,37.2,38.443,36.65,37.464,0.764,+2.08%,1440
IMTE,2020-09-17,36.9,40.5,36.85,37.5,0.036,+0.10%,4700
IMTE,2020-09-18,37.045,40.465,37.001,39.4,1.9,+5.07%,3120
IMTE,2020-09-21,39.8,41.368,38,38,-1.4,-3.55%,2000
IMTE,2020-09-22,39.7,39.7,39,39.5,1.5,+3.95%,350
IMTE,2020-09-23,38.9,41.58,35.6,36,-3.5,-8.86%,3450
IMTE,2020-09-24,35.7,38.6,35.4,37.8,1.8,+5.00%,1860
IMTE,2020-09-25,37.5,39.6,37.5,38,0.2,+0.53%,630
IMTE,2020-09-28,39.3,39.3,37.5,37.553,-0.447,-1.18%,1640
IMTE,2020-09-29,37.6,37.7,35.7,36.1,-1.453,-3.87%,2610
IMTE,2020-09-30,36.3,40.4,36.2,37.6,1.5,+4.16%,7220
IMTE,2020-10-01,39.8,40.1,37,37.3,-0.3,-0.80%,1630
IMTE,2020-10-02,37.2,39.1,36,37.4,0.1,+0.27%,2760
IMTE,2020-10-05,37,38.3,37,38.2,0.8,+2.14%,670
IMTE,2020-10-06,37.5,39.9,37.4,39.9,1.7,+4.45%,550
IMTE,2020-10-07,38.5,48.8,37.55,42,2.1,+5.26%,46340
IMTE,2020-10-08,41.7,42.799,37,38.2,-3.8,-9.05%,5180
IMTE,2020-10-09,38.2,39.7,37.81,38.4,0.2,+0.52%,980
IMTE,2020-10-12,37.7,42,37.5,38.47,0.07,+0.18%,5130
IMTE,2020-10-13,38.3,39.2,37.73,38.5,0.03,+0.08%,580
IMTE,2020-10-14,38.5,39.95,37.9,37.9,-0.6,-1.56%,550
IMTE,2020-10-15,37.7,39.5,37.386,38.3,0.4,+1.06%,2040
IMTE,2020-10-16,40.2,47,39.2,45.5,7.2,+18.80%,47030
IMTE,2020-10-19,43.1,45.8,40.1,40.1,-5.4,-11.87%,13060
IMTE,2020-10-20,40.1,44.2,39.3,39.3,-0.8,-2.00%,6030
IMTE,2020-10-21,41,41.473,39.7,40.1,0.8,+2.04%,1790
IMTE,2020-10-22,40.9,45.699,40.799,44.5,4.4,+10.97%,7300
IMTE,2020-10-23,43.7,48.25,41.4,48.25,3.75,+8.43%,26920
IMTE,2020-10-26,46,46.3,41.63,44.2,-4.05,-8.39%,14920
IMTE,2020-10-27,43,44.121,40.3,41.2,-3.,-6.79%,4850
IMTE,2020-10-28,42.4,42.4,37.8,39.7,-1.5,-3.64%,6820
IMTE,2020-10-29,39.3,40.75,37.915,39.9,0.2,+0.50%,3200
IMTE,2020-10-30,38.5,39.6,38,38.1,-1.8,-4.51%,950
IMTE,2020-11-02,38.7,39.6,37.9,38.8,0.7,+1.84%,1890
IMTE,2020-11-03,39.5,41,39,40,1.2,+3.09%,1530
IMTE,2020-11-04,40,41.5,40,41.4,1.4,+3.50%,1700
IMTE,2020-11-05,41.4,47.257,39.8,46.1,4.7,+11.35%,18580
IMTE,2020-11-06,41.9,46.45,40.8,41.9,-4.2,-9.11%,4490
IMTE,2020-11-09,41.9,43,40.4,40.4,-1.5,-3.58%,2280
IMTE,2020-11-10,40.901,44.096,40.901,42,1.6,+3.96%,4160
IMTE,2020-11-11,45,45,42.3,42.95,0.95,+2.26%,600
IMTE,2020-11-12,42.6,44.15,40.9,42.9,-0.05,-0.12%,1430
IMTE,2020-11-13,42.3,42.33,41.3,41.5,-1.4,-3.26%,1300
IMTE,2020-11-16,43.7,43.7,41.955,42.9,1.4,+3.37%,2560
IMTE,2020-11-17,43.7,43.887,41.76,42.2,-0.7,-1.63%,1020
IMTE,2020-11-18,42.6,44,42,43,0.8,+1.90%,3330
IMTE,2020-11-19,43,46.894,43,43.9,0.9,+2.09%,12540
IMTE,2020-11-20,43.5,56.491,43.5,50.7,6.8,+15.49%,71970
IMTE,2020-11-23,49,49.25,44.8,46.7,-4.,-7.89%,10050
IMTE,2020-11-24,45.9,48.633,45.236,46.6,-0.1,-0.21%,5280
IMTE,2020-11-25,45.7,48.9,43.5,45.5,-1.1,-2.36%,10730
IMTE,2020-11-27,45.5,46,43.2,43.7,-1.8,-3.96%,3790
IMTE,2020-11-30,46,46.1,43.6,46,2.3,+5.26%,3150
IMTE,2020-12-01,44.8,45.8,44.2,44.9,-1.1,-2.39%,3860
IMTE,2020-12-02,44.1,44.1,41.8,42.3,-2.6,-5.79%,3220
IMTE,2020-12-03,42.7,43,41.7,41.7,-0.6,-1.42%,1210
IMTE,2020-12-04,43.5,43.8,41.8,41.9,0.2,+0.48%,1310
IMTE,2020-12-07,42.1,43.05,41.3,42.3,0.4,+0.95%,1590
IMTE,2020-12-08,42.134,44.899,41.507,43.4,1.1,+2.60%,28600
IMTE,2020-12-09,44,44.1,41.6,41.8,-1.6,-3.69%,10350
IMTE,2020-12-10,41.5,42.5,41.4,42,0.2,+0.48%,3320
IMTE,2020-12-11,43,43,41.3,41.5,-0.5,-1.19%,2150
IMTE,2020-12-14,42,42.5,39.9,40,-1.5,-3.61%,6060
IMTE,2020-12-15,40.5,40.5,38.2,39.7,-0.3,-0.75%,3320
IMTE,2020-12-16,38.7,39.6,38.509,39,-0.7,-1.76%,870
IMTE,2020-12-17,40.2,43.8,39.05,39.1,0.1,+0.26%,36490
IMTE,2020-12-18,40.3,41.09,39.5,40.5,1.4,+3.58%,3570
IMTE,2020-12-21,40,43,39.2,41,0.5,+1.23%,16000
IMTE,2020-12-22,41.5,41.5,40.1,40.4,-0.6,-1.46%,4530
IMTE,2020-12-23,41.4,42,39.9,40.4,0,0.00%,7380
IMTE,2020-12-24,40.2,40.532,39,39.6,-0.8,-1.98%,1510
IMTE,2020-12-28,39.5,46.5,38,39.5,-0.1,-0.25%,51550
IMTE,2020-12-29,56.3,69,40,44.1,4.6,+11.65%,533080
IMTE,2020-12-30,41.7,43.8,38,41.5,-2.6,-5.90%,55960
IMTE,2020-12-31,40.9,42.4,38.6,39,-2.5,-6.02%,54889
IMTE,2021-01-04,38.9,41.9,35.9,36.7,-2.3,-5.90%,20600
IMTE,2021-01-05,36.3,38.365,36.3,37.5,0.8,+2.18%,7780
IMTE,2021-01-06,37.6,41.8,37.5,38.3,0.8,+2.13%,60020
IMTE,2021-01-07,38.1,49.3,38.1,44.9,6.6,+17.23%,225700
IMTE,2021-01-08,41.1,45.699,39.2,42.9,-2.,-4.45%,69890
IMTE,2021-01-11,41.5,44.3,40.701,41.8,-1.1,-2.56%,35490
IMTE,2021-01-12,42.4,43.81,41.3,41.4,-0.4,-0.96%,29440
IMTE,2021-01-13,41.9,43.2,41.6,41.9,0.5,+1.21%,13710
IMTE,2021-01-14,42.3,45.6,42.1,42.5,0.6,+1.43%,42190
IMTE,2021-01-15,42.5,42.5,40.5,40.5,-2.,-4.71%,16920
IMTE,2021-01-19,41.2,42.2,40.9,42,1.5,+3.70%,6920
IMTE,2021-01-20,41.7,42.115,39.4,40.1,-1.9,-4.52%,11410
IMTE,2021-01-21,40.2,41.914,40.101,40.7,0.6,+1.50%,5890
IMTE,2021-01-22,41,42.8,40.137,42,1.3,+3.19%,17300
IMTE,2021-01-25,41.4,42.7,40.5,41.2,-0.8,-1.90%,11670
IMTE,2021-01-26,41.5,46,41.5,43.4,2.2,+5.34%,56089
IMTE,2021-01-27,42.3,49.096,41.1,43.5,0.1,+0.23%,65110
IMTE,2021-01-28,43.9,55,42.2,45.8,2.3,+5.29%,115050
IMTE,2021-01-29,46.3,53.599,42,51.1,5.3,+11.57%,105610
IMTE,2021-02-01,68.4,89,56.1,59.6,8.5,+16.63%,1646440
IMTE,2021-02-02,52.4,53.5,46.5,52.3,-7.3,-12.25%,94350
IMTE,2021-02-03,50.9,58.1,48.2,50.2,-2.1,-4.02%,120320
IMTE,2021-02-04,52,53.5,49.418,50.7,0.5,+1.00%,30720
IMTE,2021-02-05,50.5,52.319,49.8,50.6,-0.1,-0.20%,33980
IMTE,2021-02-08,50.2,53.5,49,52.9,2.3,+4.55%,31790
IMTE,2021-02-09,52.9,54.3,51.013,53.3,0.4,+0.76%,20400
IMTE,2021-02-10,53.3,55.8,49.7,52,-1.3,-2.44%,33240
IMTE,2021-02-11,52.8,53.7,50.4,50.7,-1.3,-2.50%,8730
IMTE,2021-02-12,51.5,53.9,50.55,52.1,1.4,+2.76%,26900
IMTE,2021-02-16,54,57,53.3,55.8,3.7,+7.10%,18210
IMTE,2021-02-17,56.1,63.236,56,61.2,5.4,+9.68%,68400
IMTE,2021-02-18,57.9,59.4,53.5,53.5,-7.7,-12.58%,35840
IMTE,2021-02-19,55.2,58.8,53.9,55.2,1.7,+3.18%,5640
IMTE,2021-02-22,54.9,57.6,54,54.8,-0.4,-0.72%,23360
IMTE,2021-02-23,51.5,52.4,45.9,45.9,-8.9,-16.24%,25660
IMTE,2021-02-24,47,50.57,47,48.3,2.4,+5.23%,10070
IMTE,2021-02-25,47.1,48.2,43.4,44.3,-4.,-8.28%,9420
IMTE,2021-02-26,44.5,46.4,43,43.8,-0.5,-1.13%,5640
IMTE,2021-03-01,45.3,47.893,44.7,46.9,3.1,+7.08%,3720
IMTE,2021-03-02,46.9,49.2,46.547,46.6,-0.3,-0.64%,16670
IMTE,2021-03-03,47.5,47.5,43.9,44.1,-2.5,-5.36%,4340
IMTE,2021-03-04,43.1,45.479,38.8,39,-5.1,-11.56%,10380
IMTE,2021-03-05,40.5,40.5,37,38.6,-0.4,-1.03%,6540
IMTE,2021-03-08,38.8,43.8,38.8,40.1,1.5,+3.89%,6270
IMTE,2021-03-09,42.2,42.8,41,41.2,1.1,+2.74%,2140
IMTE,2021-03-10,42,44.5,41.4,43.8,2.6,+6.31%,3740
IMTE,2021-03-11,43.6,48.499,43.6,47.4,3.6,+8.22%,35580
IMTE,2021-03-12,47.1,47.4,45.703,46.3,-1.1,-2.32%,3010
IMTE,2021-03-15,46.3,64.8,46.1,55.8,9.5,+20.52%,156320
IMTE,2021-03-16,54,54.8,46.05,46.7,-9.1,-16.31%,62409
IMTE,2021-03-17,45.4,95.9,43.8,84,37.3,+79.87%,2711700
IMTE,2021-03-18,80.6,89.4,61.1,65.1,-18.9,-22.50%,895780
IMTE,2021-03-19,68.4,83.3,65,73.7,8.6,+13.21%,377210
IMTE,2021-03-22,68,101.223,58.5,92.5,18.8,+25.51%,1933580
IMTE,2021-03-23,88,106.7,69,73,-19.5,-21.08%,1520110
IMTE,2021-03-24,74.4,81.8,67.4,69.6,-3.4,-4.66%,274760
IMTE,2021-03-25,63.1,70,63,65.9,-3.7,-5.32%,155890
IMTE,2021-03-26,65.6,67.6,56.2,59.3,-6.6,-10.02%,122940
IMTE,2021-03-29,57.6,60.5,54.076,55,-4.3,-7.25%,73640
IMTE,2021-03-30,55,58.4,52.8,55.4,0.4,+0.73%,77570
IMTE,2021-03-31,56.2,61.5,55.3,56.1,0.7,+1.26%,61880
IMTE,2021-04-01,57,67.5,55.4,59.1,3,+5.35%,232570
IMTE,2021-04-05,59.1,63.5,54.7,56.8,-2.3,-3.89%,183270
IMTE,2021-04-06,57.3,58.4,55.5,56.7,-0.1,-0.18%,70560
IMTE,2021-04-07,55,62.3,54,56.3,-0.4,-0.71%,262390
IMTE,2021-04-08,55.4,58.2,54.5,55.5,-0.8,-1.42%,40140
IMTE,2021-04-09,56,57.8,55,55,-0.5,-0.90%,41230
IMTE,2021-04-12,55.7,56,48.2,48.2,-6.8,-12.36%,57540
IMTE,2021-04-13,48.1,49.9,46.1,47,-1.2,-2.49%,41830
IMTE,2021-04-14,45.9,51.3,45.5,47.9,0.9,+1.91%,55480
IMTE,2021-04-15,48,51.289,47,50,2.1,+4.38%,34230
IMTE,2021-04-16,49.3,50,47.3,47.9,-2.1,-4.20%,28830
IMTE,2021-04-19,47.4,48.1,45,46.8,-1.1,-2.30%,36520
IMTE,2021-04-20,46.4,49.5,40.6,42.3,-4.5,-9.62%,100520
IMTE,2021-04-21,42.2,44.5,42,44.1,1.8,+4.26%,20370
IMTE,2021-04-22,44.5,48.7,42.535,43.1,-1.,-2.27%,77200
IMTE,2021-04-23,45.8,51,43.3,46.6,3.5,+8.12%,63060
IMTE,2021-04-26,46.8,49.4,45.1,47.5,0.9,+1.93%,33160
IMTE,2021-04-27,48.2,48.5,46.5,47.2,-0.3,-0.63%,11010
IMTE,2021-04-28,46.4,47.7,46.3,47.1,-0.1,-0.21%,8690
IMTE,2021-04-29,48,48.6,45.6,46.2,-0.9,-1.91%,35120
IMTE,2021-04-30,45.5,46.8,43.5,43.8,-2.4,-5.19%,17630
IMTE,2021-05-03,44.2,44.605,42.5,43.2,-0.6,-1.37%,14070
IMTE,2021-05-04,43.3,43.9,41.6,42.5,-0.7,-1.62%,11530
IMTE,2021-05-05,42.5,45.7,41.9,43.5,1,+2.35%,19740
IMTE,2021-05-06,43.6,52,42.217,48.7,5.2,+11.95%,196250
IMTE,2021-05-07,47.3,47.9,43.301,43.7,-5.,-10.27%,40710
IMTE,2021-05-10,42.9,43.416,39.6,39.6,-4.1,-9.38%,47270
IMTE,2021-05-11,38,39.9,36.301,38.5,-1.1,-2.78%,31340
IMTE,2021-05-12,38.4,39.05,35.1,35.6,-2.9,-7.53%,19830
IMTE,2021-05-13,36.8,37,33.05,33.8,-1.8,-5.06%,12980
IMTE,2021-05-14,34.9,37.3,33.7,36,2.2,+6.51%,21560
IMTE,2021-05-17,35.5,37.9,35.5,37.5,1.5,+4.17%,4060
IMTE,2021-05-18,37.6,38.929,36.201,37.2,-0.3,-0.80%,16490
IMTE,2021-05-19,36,36.5,34.78,36.4,-0.8,-2.15%,6650
IMTE,2021-05-20,36.2,37.8,35.188,37.5,1.1,+3.02%,13380
IMTE,2021-05-21,37.7,39.3,37,39,1.5,+4.00%,17270
IMTE,2021-05-24,39,40.1,37.2,38.6,-0.4,-1.03%,15620
IMTE,2021-05-25,38.4,41.4,38.2,39.6,1,+2.59%,31580
IMTE,2021-05-26,40.8,42.38,39.6,41.4,1.8,+4.55%,42780
IMTE,2021-05-27,41.1,42.7,40,40.1,-1.3,-3.14%,21460
IMTE,2021-05-28,40.1,41.6,38.7,40.3,0.2,+0.50%,27220
IMTE,2021-06-01,40.3,47,38.5,44,3.7,+9.18%,68850
IMTE,2021-06-02,43.4,44.2,40.8,43,-1.,-2.27%,33010
IMTE,2021-06-03,41.5,44.8,41.101,41.3,-1.7,-3.95%,19260
IMTE,2021-06-04,41.3,57.5,41.3,48,6.7,+16.22%,529290
IMTE,2021-06-07,47.6,52.6,45.7,48.5,0.5,+1.04%,86120
IMTE,2021-06-08,48.5,49.899,46.8,48.6,0.1,+0.21%,38700
IMTE,2021-06-09,49,56.099,47.3,49,0.4,+0.82%,209290
IMTE,2021-06-10,48.9,52,48,48.4,-0.6,-1.22%,33890
IMTE,2021-06-11,48.4,50.2,46,46.5,-1.9,-3.93%,60520
IMTE,2021-06-14,46.5,49,46,48.3,1.8,+3.87%,24940
IMTE,2021-06-15,48.1,48.1,45.5,45.5,-2.8,-5.80%,10190
IMTE,2021-06-16,45.5,47,43.8,45,-0.5,-1.10%,21070
IMTE,2021-06-17,45,46,43,43.8,-1.2,-2.67%,18950
IMTE,2021-06-18,43,43.9,42,42.4,-1.4,-3.20%,7300
IMTE,2021-06-21,42.5,43.4,41.5,41.5,-0.9,-2.12%,11010
IMTE,2021-06-22,42,43.288,41.5,42.1,0.6,+1.45%,5280
IMTE,2021-06-23,41.6,45,41.6,43.6,1.5,+3.56%,10380
IMTE,2021-06-24,44.6,45,43.801,44.7,1.1,+2.52%,2900
IMTE,2021-06-25,44.8,45.8,44.5,44.8,0.1,+0.22%,5130
IMTE,2021-06-28,44.2,47.5,43.3,43.9,-0.9,-2.01%,7180
IMTE,2021-06-29,43.7,47.242,43.5,44.7,0.8,+1.82%,47040
IMTE,2021-06-30,45.7,50.9,45,49.2,4.5,+10.07%,114790
IMTE,2021-07-01,49.7,50,43.4,44.5,-4.7,-9.55%,52650
IMTE,2021-07-02,44.5,44.749,40.6,40.7,-3.8,-8.54%,29130
IMTE,2021-07-06,40.4,41.1,34.225,37.8,-2.9,-7.13%,56729
IMTE,2021-07-07,38.6,39.5,36.4,37,-0.8,-2.12%,8780
IMTE,2021-07-08,35.4,41.5,35,36.2,-0.8,-2.16%,56800
IMTE,2021-07-09,36.6,50.5,36.5,40.4,4.2,+11.60%,885930
IMTE,2021-07-12,39.7,52.799,39.461,50.4,10,+24.75%,1666960
IMTE,2021-07-13,47.4,66,40.5,44.1,-6.3,-12.50%,2099620
IMTE,2021-07-14,42,43.629,37,37.9,-6.2,-14.06%,117110
IMTE,2021-07-15,38.7,42.995,37.5,39.9,2,+5.28%,86660
IMTE,2021-07-16,39.2,40.665,37.6,37.7,-2.2,-5.51%,32670
IMTE,2021-07-19,38,38.8,36.8,38.3,0.6,+1.59%,19610
IMTE,2021-07-20,39.8,39.8,38.1,39.5,1.2,+3.13%,16190
IMTE,2021-07-21,39,41.6,38.858,40.9,1.4,+3.54%,40860
IMTE,2021-07-22,42,42,39.1,39.3,-1.6,-3.91%,17900
IMTE,2021-07-23,40.8,40.8,38,38.4,-0.9,-2.29%,21230
IMTE,2021-07-26,38.8,40.6,38,39.9,1.5,+3.91%,47930
IMTE,2021-07-27,38.6,39.9,38.291,39,-0.9,-2.26%,15610
IMTE,2021-07-28,39,40.1,39,40,1,+2.56%,10470
IMTE,2021-07-29,39.9,40.4,39.152,39.9,-0.1,-0.25%,6630
IMTE,2021-07-30,39.4,41.2,39.4,40.7,0.8,+2.01%,15780
IMTE,2021-08-02,40.9,51.7,40.2,42.7,2,+4.91%,543840
IMTE,2021-08-03,41.4,41.9,38.1,38.6,-4.1,-9.60%,50950
IMTE,2021-08-04,38.6,40.3,38.6,39,0.4,+1.04%,18910
IMTE,2021-08-05,39.9,40.7,39.5,40.5,1.5,+3.85%,10670
IMTE,2021-08-06,40.8,41.5,40,40.4,-0.1,-0.25%,16760
IMTE,2021-08-09,40.5,42.199,40.1,41.3,0.9,+2.23%,14470
IMTE,2021-08-10,41.5,42.2,40.1,42,0.7,+1.69%,17230
IMTE,2021-08-11,42.6,42.6,40.7,41.5,-0.5,-1.19%,7130
IMTE,2021-08-12,42.1,42.4,41.1,41.9,0.4,+0.96%,4920
IMTE,2021-08-13,42.5,44,41,41.3,-0.6,-1.43%,14460
IMTE,2021-08-16,41.5,41.85,39.6,40.1,-1.2,-2.91%,9180
IMTE,2021-08-17,40.1,41.65,39.5,40.5,0.4,+1.00%,33190
IMTE,2021-08-18,40.2,41.9,40.16,41.3,0.8,+1.98%,9690
IMTE,2021-08-19,40.6,40.7,38.3,38.5,-2.8,-6.78%,29900
IMTE,2021-08-20,39,40.8,39,40.6,2.1,+5.45%,8380
IMTE,2021-08-23,40.7,43,39.9,42,1.4,+3.45%,21610
IMTE,2021-08-24,41.7,44.6,41.6,43.3,1.3,+3.10%,42230
IMTE,2021-08-25,42.9,45.4,42.8,44.5,1.2,+2.77%,26650
IMTE,2021-08-26,44.8,47.3,43,46,1.5,+3.37%,33220
IMTE,2021-08-27,45.9,49.2,45.7,48.3,2.3,+5.00%,34480
IMTE,2021-08-30,48.1,49.6,48,48.8,0.5,+1.04%,9980
IMTE,2021-08-31,48.6,49.7,47,49.5,0.7,+1.43%,11610
IMTE,2021-09-01,49.8,50.9,49.1,49.2,-0.3,-0.61%,20770
IMTE,2021-09-02,49.7,52.8,49.7,51.1,1.9,+3.86%,12290
IMTE,2021-09-03,50.6,51.8,50.3,51.4,0.3,+0.59%,5690
IMTE,2021-09-07,51.3,52.9,51.3,52.1,0.7,+1.36%,8250
IMTE,2021-09-08,52.1,53,50.7,52.5,0.4,+0.77%,21550
IMTE,2021-09-09,52.4,53.3,51.808,52.3,-0.2,-0.38%,10550
IMTE,2021-09-10,53,54.7,52.7,54.2,1.9,+3.63%,9370
IMTE,2021-09-13,54.3,56.4,53.801,55.2,1,+1.85%,13320
IMTE,2021-09-14,55.6,55.842,48.2,48.7,-6.5,-11.78%,19220
IMTE,2021-09-15,48.7,49.674,47.5,48.9,0.2,+0.41%,3240
IMTE,2021-09-16,47.9,48.5,46.8,48.5,-0.4,-0.82%,8470
IMTE,2021-09-17,48.1,49.6,48.1,48.9,0.4,+0.82%,4020
IMTE,2021-09-20,47,48.85,47,48.3,-0.6,-1.23%,2740
IMTE,2021-09-21,48.3,48.3,47.1,47.1,-1.2,-2.48%,3260
IMTE,2021-09-22,48,48.9,47.5,48.9,1.8,+3.82%,5190
IMTE,2021-09-23,48.28,48.8,48.117,48.6,-0.3,-0.61%,440
IMTE,2021-09-24,48.7,49.899,48.4,49.3,0.7,+1.44%,1560
IMTE,2021-09-27,49.2,50,49.2,50,0.7,+1.42%,3560
IMTE,2021-09-28,49.6,49.8,48.7,48.9,-1.1,-2.20%,2630
IMTE,2021-09-29,48.9,49,47,47,-1.9,-3.89%,2830
IMTE,2021-09-30,47.1,48.3,46.338,47,0,0.00%,1600
IMTE,2021-10-01,47.2,48.8,47.1,47.6,0.6,+1.28%,1600
IMTE,2021-10-04,47.6,48.4,47,47.3,-0.3,-0.63%,1770
IMTE,2021-10-05,47.4,47.85,45.056,45.1,-2.2,-4.65%,1590
IMTE,2021-10-06,45.1,45.499,42.3,43.4,-1.7,-3.77%,7910
IMTE,2021-10-07,43.4,44,42.101,43.3,-0.1,-0.23%,1100
IMTE,2021-10-08,43.9,50.8,42.8,46.1,2.8,+6.47%,15290
IMTE,2021-10-11,45,48.5,44.9,47.2,1.1,+2.39%,4470
IMTE,2021-10-12,45,50.8,43,49.1,1.9,+4.03%,20660
IMTE,2021-10-13,46.1,51.773,46.1,49.7,0.6,+1.22%,8220
IMTE,2021-10-14,47.7,52,47.6,49.9,0.2,+0.40%,16140
IMTE,2021-10-15,48.2,51.2,48.2,50,0.1,+0.20%,5890
IMTE,2021-10-18,48.3,50.5,48.3,49.6,-0.4,-0.80%,10270
IMTE,2021-10-19,49.1,50.9,49,49.8,0.2,+0.40%,17160
IMTE,2021-10-20,49.4,50.5,49.4,50,0.2,+0.40%,15470
IMTE,2021-10-21,49.4,52,49.4,50.4,0.4,+0.80%,28730
IMTE,2021-10-22,49.9,59,49.1,50.7,0.3,+0.60%,95070
IMTE,2021-10-25,50.3,50.7,49.9,50.5,-0.2,-0.39%,9090
IMTE,2021-10-26,50.8,52.9,50,52.3,1.8,+3.56%,5920
IMTE,2021-10-27,53.5,53.846,51.291,52.6,0.3,+0.57%,12090
IMTE,2021-10-28,53.4,53.6,51.7,52.4,-0.2,-0.38%,4480
IMTE,2021-10-29,51.5,51.9,50.8,51.1,-1.3,-2.48%,2940
IMTE,2021-11-01,51.6,52.8,50.61,52.4,1.3,+2.54%,3650
IMTE,2021-11-02,52,53.4,51,51,-1.4,-2.67%,3310
IMTE,2021-11-03,51,52.5,51,52.3,1.3,+2.55%,1200
IMTE,2021-11-04,52.9,53.2,51.7,51.7,-0.6,-1.15%,3350
IMTE,2021-11-05,51.7,52.141,50.8,51,-0.7,-1.35%,3200
IMTE,2021-11-08,51.1,52.451,50.009,50.9,-0.1,-0.20%,6370
IMTE,2021-11-09,51.2,51.9,50.2,50.6,-0.3,-0.59%,15430
IMTE,2021-11-10,50.5,51.5,50.5,51.4,0.8,+1.58%,4670
IMTE,2021-11-11,51.2,51.5,50.8,51.4,0,0.00%,5950
IMTE,2021-11-12,51,51.6,50.9,51.6,0.2,+0.39%,2820
IMTE,2021-11-15,52.1,52.1,50.7,50.7,-0.9,-1.74%,10860
IMTE,2021-11-16,50.9,51.789,50.8,51.5,0.8,+1.58%,7260
IMTE,2021-11-17,51,54.1,50.9,53.5,2,+3.88%,5900
IMTE,2021-11-18,53.3,53.5,52,52.1,-1.4,-2.62%,3310
IMTE,2021-11-19,51.6,52.7,51.6,52.5,0.4,+0.77%,1810
IMTE,2021-11-22,52.1,54.5,51.6,53.7,1.2,+2.29%,6860
IMTE,2021-11-23,53.3,54.128,52.505,53.3,-0.4,-0.74%,5490
IMTE,2021-11-24,53.6,53.79,52.8,53.4,0.1,+0.19%,1820
IMTE,2021-11-26,52.4,53.197,50.9,51.9,-1.5,-2.81%,8610
IMTE,2021-11-29,52,52,51.4,51.6,-0.3,-0.58%,1790
IMTE,2021-11-30,51,51.6,50.5,51.1,-0.5,-0.97%,5530
IMTE,2021-12-01,50.9,51.8,49,49,-2.1,-4.11%,8350
IMTE,2021-12-02,49,49.6,47.701,49,0,0.00%,6730
IMTE,2021-12-03,49.4,49.8,48.7,49.8,0.8,+1.63%,4110
IMTE,2021-12-06,49.9,50.1,49.2,49.5,-0.3,-0.60%,2530
IMTE,2021-12-07,49.407,49.75,48.4,48.6,-0.9,-1.82%,21290
IMTE,2021-12-08,48.8,49.8,48.6,49.1,0.5,+1.03%,4400
IMTE,2021-12-09,49.4,49.5,47,47,-2.1,-4.28%,1830
IMTE,2021-12-10,47,47,45.601,46.65,-0.35,-0.74%,420
IMTE,2021-12-13,46,46.5,44.9,44.9,-1.75,-3.75%,710
IMTE,2021-12-14,45,45.79,44.1,44.1,-0.8,-1.78%,1960
IMTE,2021-12-15,45.3,45.3,43.5,45.1,1,+2.27%,3110
IMTE,2021-12-16,45.9,45.9,42.7,42.8,-2.3,-5.10%,1360
IMTE,2021-12-17,43.5,45,43.4,44.9,2.1,+4.91%,1830
IMTE,2021-12-20,44.2,44.2,43,43,-1.9,-4.23%,850
IMTE,2021-12-21,44,44.745,43.4,44.2,1.2,+2.79%,620
IMTE,2021-12-22,45.3,45.3,43,43.8,-0.4,-0.90%,1330
IMTE,2021-12-23,43.5,44.7,42.9,42.9,-0.9,-2.05%,1640
IMTE,2021-12-27,50,53.6,44.5,45.8,2.9,+6.76%,20490
IMTE,2021-12-28,45.4,47.5,44.6,46,0.2,+0.44%,1480
IMTE,2021-12-29,46.35,46.35,43.5,45.1,-0.9,-1.96%,1560
IMTE,2021-12-30,44.7,75.8,44.7,50.6,5.5,+12.20%,4012250
IMTE,2021-12-31,47.2,48.4,44,44.7,-5.9,-11.66%,210980
IMTE,2022-01-03,44.1,45.5,42.8,44,-0.7,-1.57%,54680
IMTE,2022-01-04,44,45,43.1,44.6,0.6,+1.36%,36590
IMTE,2022-01-05,44.5,45.8,43.4,45.1,0.5,+1.12%,30310
IMTE,2022-01-06,44.2,48.982,44.2,48.7,3.6,+7.98%,37420
IMTE,2022-01-07,48.3,51,48,50.4,1.7,+3.49%,14040
IMTE,2022-01-10,51,54.8,50.1,54.8,4.4,+8.73%,26320
IMTE,2022-01-11,53.9,61.5,53.3,60.8,6,+10.95%,49400
IMTE,2022-01-12,60.2,70.886,59.9,69.2,8.4,+13.82%,77700
IMTE,2022-01-13,69.6,73.899,66.9,73.2,4,+5.78%,59609
IMTE,2022-01-14,71.3,88.7,68.4,87.7,14.5,+19.81%,199620
IMTE,2022-01-18,87.7,105.5,79.2,105.2,17.5,+19.95%,385030
IMTE,2022-01-19,100.9,116.8,90.3,114.1,8.9,+8.46%,599290
IMTE,2022-01-20,108.6,119.9,101.5,118.3,4.2,+3.68%,402420
IMTE,2022-01-21,113.8,123.207,105.6,120.6,2.3,+1.94%,220549
IMTE,2022-01-24,116.4,122.4,80.2,106,-14.6,-12.11%,362430
IMTE,2022-01-25,95.9,103.9,80.7,82.9,-23.1,-21.79%,126150
IMTE,2022-01-26,84.2,87,77.4,78,-4.9,-5.91%,46890
IMTE,2022-01-27,78.9,79.6,72.5,73.4,-4.6,-5.90%,21220
IMTE,2022-01-28,72.5,79.2,63.707,75,1.6,+2.18%,190720
IMTE,2022-01-31,73.5,74.5,67.8,69.7,-5.3,-7.07%,55620
IMTE,2022-02-01,71.5,76.2,69.7,73.8,4.1,+5.88%,78970
IMTE,2022-02-02,71.6,73.9,67.61,68.5,-5.3,-7.18%,27860
IMTE,2022-02-03,70.5,71.591,67.4,68,-0.5,-0.73%,3630
IMTE,2022-02-04,69.6,72.7,61.2,62,-6.,-8.82%,41570
IMTE,2022-02-07,62.2,69.7,61.6,63.6,1.6,+2.58%,17460
IMTE,2022-02-08,64.7,66.6,62.4,65.1,1.5,+2.36%,16430
IMTE,2022-02-09,67.1,69.5,64.76,66.5,1.4,+2.15%,10380
IMTE,2022-02-10,68,71.3,65.701,68.4,1.9,+2.86%,14880
IMTE,2022-02-11,68.5,71,63.2,65.5,-2.9,-4.24%,9070
IMTE,2022-02-14,64.5,66.8,61.8,62.8,-2.7,-4.12%,7820
IMTE,2022-02-15,63.9,76.8,59.506,60.9,-1.9,-3.03%,558600
IMTE,2022-02-16,58.1,73.7,56,58.4,-2.5,-4.11%,261010
IMTE,2022-02-17,56.5,57.6,54,55.7,-2.7,-4.62%,10770
IMTE,2022-02-18,55,58,53.6,57.1,1.4,+2.51%,17000
IMTE,2022-02-22,56.7,59.3,55.101,57.5,0.4,+0.70%,7460
IMTE,2022-02-23,57.9,58.6,56.65,56.7,-0.8,-1.39%,2450
IMTE,2022-02-24,54.6,56.253,53,54.5,-2.2,-3.88%,3840
IMTE,2022-02-25,55,59.6,53.6,57.2,2.7,+4.95%,11790
IMTE,2022-02-28,56.4,58.9,55.1,56.1,-1.1,-1.92%,7830
IMTE,2022-03-01,56,57,54.8,55.5,-0.6,-1.07%,2270
IMTE,2022-03-02,57.5,57.9,55.7,57.9,2.4,+4.32%,3560
IMTE,2022-03-03,59.7,61.3,58,59.8,1.9,+3.28%,6490
IMTE,2022-03-04,58.5,63.1,58.5,62,2.2,+3.68%,12870
IMTE,2022-03-07,63.7,64.2,48.8,62.4,0.4,+0.65%,89320
IMTE,2022-03-08,63.2,71.4,60.633,70,7.6,+12.18%,9680
IMTE,2022-03-09,70.4,81.801,70.4,80.1,10.1,+14.43%,11700
IMTE,2022-03-10,78.5,97.899,78.5,93.8,13.7,+17.10%,13670
IMTE,2022-03-11,91.9,97.6,72,83.2,-10.6,-11.30%,50210
IMTE,2022-03-14,82.1,89.9,79.9,87.7,4.5,+5.41%,16340
IMTE,2022-03-15,85.9,96.9,82.32,96.8,9.1,+10.38%,10800
IMTE,2022-03-16,96.5,108.9,95.1,108,11.2,+11.57%,18390
IMTE,2022-03-17,105.6,105.9,60.5,97,-11.,-10.19%,224830
IMTE,2022-03-18,91.8,104.8,88,102,5,+5.15%,13700
IMTE,2022-03-21,100,113.5,98.743,112.5,10.5,+10.29%,12770
IMTE,2022-03-22,113,118.27,104.4,109.7,-2.8,-2.49%,23400
IMTE,2022-03-23,109,118.399,106.9,114.8,5.1,+4.65%,6470
IMTE,2022-03-24,115.1,131,113.5,128.8,14,+12.20%,73590
IMTE,2022-03-25,128.1,174.599,126,157.1,28.3,+21.97%,96380
IMTE,2022-03-28,160.3,173.1,154.4,171.7,14.6,+9.29%,20190
IMTE,2022-03-29,170.7,198.7,166.1,196,24.3,+14.15%,22942
IMTE,2022-03-30,197.9,237.2,193.3,225.1,29.1,+14.85%,47810
IMTE,2022-03-31,222.5,332.899,170.001,311.4,86.3,+38.34%,344150
IMTE,2022-04-01,286,384.78,260,335,23.6,+7.58%,286480
IMTE,2022-04-04,300.1,339.8,281.6,319.9,-15.1,-4.51%,98920
IMTE,2022-04-05,288.6,301.1,253.1,261.2,-58.7,-18.35%,36150
IMTE,2022-04-06,253.2,260.5,202.6,205.2,-56.,-21.44%,61169
IMTE,2022-04-07,214,240.552,125.8,131.1,-74.1,-36.11%,430720
IMTE,2022-04-08,132.7,139,79.3,81.8,-49.3,-37.60%,217290
IMTE,2022-04-11,82.3,92.4,68,69.5,-12.3,-15.04%,272140
IMTE,2022-04-12,72.9,74.7,57.6,60.2,-9.3,-13.38%,137360
IMTE,2022-04-13,61.6,66.1,50.301,51.5,-8.7,-14.45%,300890
IMTE,2022-04-14,58.3,58.7,44.7,45.5,-6.,-11.65%,371390
IMTE,2022-04-18,47.1,52.7,44.4,45,-0.5,-1.10%,387890
IMTE,2022-04-19,45.5,50.4,42.5,43.9,-1.1,-2.44%,290430
IMTE,2022-04-20,43.6,45.391,39.6,44.4,0.5,+1.14%,183800
IMTE,2022-04-21,42.8,48.7,42.2,43.7,-0.7,-1.58%,155280
IMTE,2022-04-22,43,45.4,41.5,41.8,-1.9,-4.35%,64369
IMTE,2022-04-25,41.2,43.1,40,40.5,-1.3,-3.11%,38720
IMTE,2022-04-26,41.9,41.9,39,40.5,0,0.00%,60150
IMTE,2022-04-27,39.8,43.8,39.8,41.4,0.9,+2.22%,60060
IMTE,2022-04-28,41.1,50.9,40.95,44.3,2.9,+7.00%,489490
IMTE,2022-04-29,44,44.3,40.2,40.5,-3.8,-8.58%,96310
IMTE,2022-05-02,40.4,42,40.4,41.6,1.1,+2.72%,56750
IMTE,2022-05-03,41,43.3,40.7,42.9,1.3,+3.13%,30880
IMTE,2022-05-04,43.9,45.7,42.102,45.6,2.7,+6.29%,35140
IMTE,2022-05-05,44.4,45.5,42.716,44.5,-1.1,-2.41%,26410
IMTE,2022-05-06,44,44.6,42.2,43.3,-1.2,-2.70%,28570
IMTE,2022-05-09,43,45.798,41.6,45.3,2,+4.62%,40610
IMTE,2022-05-10,45.3,48.29,44,46.8,1.5,+3.31%,45910
IMTE,2022-05-11,47.1,52.7,45.7,49.6,2.8,+5.98%,78680
IMTE,2022-05-12,50,51.4,46.601,51,1.4,+2.82%,32800
IMTE,2022-05-13,50.5,54.21,48.8,53.1,2.1,+4.12%,39870
IMTE,2022-05-16,52,57,51.69,52.8,-0.3,-0.56%,39410
IMTE,2022-05-17,52.8,54.9,51.2,54.3,1.5,+2.84%,26560
IMTE,2022-05-18,54.5,57.7,53.3,56,1.7,+3.13%,29970
IMTE,2022-05-19,55,56.8,53.3,56.4,0.4,+0.71%,36320
IMTE,2022-05-20,56.3,57.7,51.3,55.4,-1.,-1.77%,50070
IMTE,2022-05-23,56,61.5,55.301,57.9,2.5,+4.51%,54580
IMTE,2022-05-24,58.4,67,56.2,65.1,7.2,+12.44%,39380
IMTE,2022-05-25,64.8,76.6,63.6,72.8,7.7,+11.83%,110579
IMTE,2022-05-26,72.8,81.5,72.4,81.2,8.4,+11.54%,77540
IMTE,2022-05-27,80.1,92.2,64.2,90,8.8,+10.84%,205860
IMTE,2022-05-31,87,93.4,70.225,86.6,-3.4,-3.78%,179130
IMTE,2022-06-01,88.9,94.6,76.5,80.2,-6.4,-7.39%,201130
IMTE,2022-06-02,78.2,100.1,77.9,99.2,19,+23.69%,130040
IMTE,2022-06-03,99.2,122.2,97.5,121.9,22.7,+22.88%,163560
IMTE,2022-06-06,121,131.003,94.206,122.8,0.9,+0.74%,443250
IMTE,2022-06-07,114.4,118.39,108.2,112.3,-10.5,-8.55%,89810
IMTE,2022-06-08,109.5,131.1,36,36.5,-75.8,-67.50%,2066680
IMTE,2022-06-09,36.4,37.5,25.7,26.5,-10.,-27.40%,1038260
IMTE,2022-06-10,24.2,32.2,23.5,29,2.5,+9.43%,1340450
IMTE,2022-06-13,26.5,27.83,23.5,24.2,-4.8,-16.55%,214050
IMTE,2022-06-14,24.2,25.9,23.2,23.8,-0.4,-1.65%,159630
IMTE,2022-06-15,23.7,24.699,21.6,24.2,0.4,+1.68%,177150
IMTE,2022-06-16,23.4,26.5,23,26.2,2,+8.26%,163510
IMTE,2022-06-17,25.2,27.6,25.2,27.2,1,+3.82%,78220
IMTE,2022-06-21,28.1,34.4,28.1,32,4.8,+17.65%,243800
IMTE,2022-06-22,32.1,34.9,29.5,30.3,-1.7,-5.31%,184850
IMTE,2022-06-23,30.5,30.9,25.001,26.3,-4.,-13.20%,161930
IMTE,2022-06-24,27.1,28.7,26.9,27.5,1.2,+4.56%,66950
IMTE,2022-06-27,28.3,29.4,27.7,28.9,1.4,+5.09%,39370
IMTE,2022-06-28,29,30.799,28.5,28.9,0,0.00%,87960
IMTE,2022-06-29,29.1,37,29.1,36,7.1,+24.57%,1420380
IMTE,2022-06-30,35.5,40,33.1,38.6,2.6,+7.22%,269760
IMTE,2022-07-01,38.2,39.6,36.9,39.3,0.7,+1.81%,61630
IMTE,2022-07-05,42.3,45.699,40.456,45.2,5.9,+15.01%,186620
IMTE,2022-07-06,45.8,52.6,45.2,52.3,7.1,+15.71%,183670
IMTE,2022-07-07,52.3,55.5,21,24.1,-28.2,-53.92%,1955200
IMTE,2022-07-08,22.9,24.7,22.5,23.2,-0.9,-3.73%,288370
IMTE,2022-07-11,23.2,23.3,21.4,21.7,-1.5,-6.47%,195240
IMTE,2022-07-12,21.3,22.4,21.2,22,0.3,+1.38%,139810
IMTE,2022-07-13,21.2,24.2,21.2,23.4,1.4,+6.36%,215660
IMTE,2022-07-14,23,23.7,21.65,21.8,-1.6,-6.84%,114780
IMTE,2022-07-15,21.9,22.6,21.399,22.3,0.5,+2.29%,76850
IMTE,2022-07-18,22.4,22.9,21.701,22,-0.3,-1.35%,95530
IMTE,2022-07-19,22,22.703,21.6,22,0,0.00%,85710
IMTE,2022-07-20,22,22.4,21.1,21.2,-0.8,-3.64%,99750
IMTE,2022-07-21,21.3,21.3,19.2,19.8,-1.4,-6.60%,128230
IMTE,2022-07-22,19.7,19.701,17.1,17.4,-2.4,-12.12%,146270
IMTE,2022-07-25,17.5,17.5,15.3,15.9,-1.5,-8.62%,143360
IMTE,2022-07-26,15.5,16.199,14.4,14.8,-1.1,-6.92%,93660
IMTE,2022-07-27,14.8,15.4,13.1,14.6,-0.2,-1.35%,247870
IMTE,2022-07-28,14.6,15.65,14.6,15.2,0.6,+4.11%,105950
IMTE,2022-07-29,15.9,16.4,14.7,14.8,-0.4,-2.63%,126250
IMTE,2022-08-01,14.6,14.7,13.6,14,-0.8,-5.41%,73090
IMTE,2022-08-02,14.1,18.4,14,17.2,3.2,+22.86%,311510
IMTE,2022-08-03,17,17.6,15.4,16.6,-0.6,-3.49%,200380
IMTE,2022-08-04,16.9,19.8,16.8,17.9,1.3,+7.83%,204990
IMTE,2022-08-05,17.9,18.5,16.6,17.3,-0.6,-3.35%,150840
IMTE,2022-08-08,17.7,19.5,17.2,18.3,1,+5.78%,213890
IMTE,2022-08-09,18.6,19.7,16.75,17.2,-1.1,-6.01%,169100
IMTE,2022-08-10,17.1,18,16.85,17.3,0.1,+0.58%,47560
IMTE,2022-08-11,16.7,17.8,16.1,16.2,-1.1,-6.36%,68270
IMTE,2022-08-12,16.5,16.6,16,16,-0.2,-1.23%,34960
IMTE,2022-08-15,16,16.6,15.2,16,0,0.00%,71380
IMTE,2022-08-16,16.1,17.3,15.9,16.7,0.7,+4.38%,66450
IMTE,2022-08-17,16.5,16.668,15.1,15.3,-1.4,-8.38%,55100
IMTE,2022-08-18,15.3,15.9,15.1,15.2,-0.1,-0.65%,27120
IMTE,2022-08-19,15.3,15.5,14.344,14.5,-0.7,-4.61%,35890
IMTE,2022-08-22,14.2,14.5,13.6,13.6,-0.9,-6.21%,32030
IMTE,2022-08-23,13.6,14.2,13.5,13.7,0.1,+0.74%,22150
IMTE,2022-08-24,13.8,14.6,13.7,14.1,0.4,+2.92%,25240
IMTE,2022-08-25,14,14.492,13.984,14.4,0.3,+2.13%,14590
IMTE,2022-08-26,14.6,14.8,13.3,13.4,-1.,-6.94%,31290
IMTE,2022-08-29,13.5,14.628,13.273,14.4,1,+7.46%,41630
IMTE,2022-08-30,14.4,14.4,13.6,13.6,-0.8,-5.56%,15530
IMTE,2022-08-31,13.9,14.4,13.735,14,0.4,+2.94%,22090
IMTE,2022-09-01,13.8,14.15,13.5,13.5,-0.5,-3.57%,9930
IMTE,2022-09-02,13.5,13.57,12.897,13.3,-0.2,-1.48%,30780
IMTE,2022-09-06,13.2,13.4,12.405,12.6,-0.7,-5.26%,32700
IMTE,2022-09-07,12.5,13.4,12.5,13.3,0.7,+5.56%,14940
IMTE,2022-09-08,13,13.3,12.7,12.85,-0.45,-3.38%,12730
IMTE,2022-09-09,13,13.6,12.987,13.05,0.2,+1.56%,14020
IMTE,2022-09-12,13.2,13.5,13.1,13.5,0.45,+3.45%,13220
IMTE,2022-09-13,13.2,13.35,12.6,12.6,-0.9,-6.67%,20700
IMTE,2022-09-14,12.9,14,12.7,14,1.4,+11.11%,118210
IMTE,2022-09-15,14.3,14.6,13.6,14.6,0.6,+4.29%,55600
IMTE,2022-09-16,14.2,20.8,14.114,17.5,2.9,+19.86%,1913049
IMTE,2022-09-19,16.1,19.1,14.301,19.1,1.6,+9.14%,183120
IMTE,2022-09-20,18,20.799,9.5,10.3,-8.8,-46.07%,830240
IMTE,2022-09-21,11.4,11.6,7.103,7.257,-3.043,-29.54%,716720
IMTE,2022-09-22,7.2,7.3,5.563,6.439,-0.818,-11.27%,237950
IMTE,2022-09-23,6.5,7.8,6.5,6.8,0.361,+5.61%,176650
IMTE,2022-09-26,6.606,7.29,6.5,6.999,0.199,+2.93%,44630
IMTE,2022-09-27,6.802,7.299,6.717,6.891,-0.108,-1.54%,47990
IMTE,2022-09-28,6.9,7.1,6.503,7.055,0.164,+2.38%,27870
IMTE,2022-09-29,6.795,7.08,6.7,6.897,-0.158,-2.24%,25290
IMTE,2022-09-30,6.69,7,6.111,6.327,-0.57,-8.26%,57100
IMTE,2022-10-03,6.436,6.825,6.231,6.713,0.386,+6.10%,31590
IMTE,2022-10-04,6.857,6.989,6.7,6.76,0.047,+0.70%,16050
IMTE,2022-10-05,6.755,7.45,6.755,7.4,0.64,+9.47%,87760
IMTE,2022-10-06,7.3,7.4,7.104,7.25,-0.15,-2.03%,21710
IMTE,2022-10-07,7.182,7.4,6.9,6.992,-0.258,-3.56%,13570
IMTE,2022-10-10,6.983,7.276,6.399,6.861,-0.131,-1.87%,19060
IMTE,2022-10-11,6.8,6.952,6.3,6.405,-0.456,-6.65%,15130
IMTE,2022-10-12,6.7,6.7,6.35,6.4,-0.005,-0.08%,11130
IMTE,2022-10-13,6.1,6.6,6.006,6.474,0.074,+1.16%,39600
IMTE,2022-10-14,6.7,6.8,6.499,6.6,0.126,+1.95%,38170
IMTE,2022-10-17,6.693,6.958,6.533,6.721,0.121,+1.83%,25430
IMTE,2022-10-18,6.9,6.922,6.7,6.853,0.132,+1.96%,11380
IMTE,2022-10-19,6.997,6.997,6.701,6.8,-0.053,-0.77%,15700
IMTE,2022-10-20,6.699,6.899,6.6,6.681,-0.119,-1.75%,18440
IMTE,2022-10-21,6.8,7,6.6,6.95,0.269,+4.03%,7450
IMTE,2022-10-24,6.902,6.902,6.454,6.796,-0.154,-2.22%,16660
IMTE,2022-10-25,6.8,6.99,6.498,6.83,0.034,+0.50%,14890
IMTE,2022-10-26,6.625,6.88,6.625,6.767,-0.063,-0.92%,7270
IMTE,2022-10-27,6.843,6.979,6.5,6.799,0.032,+0.47%,16500
IMTE,2022-10-28,6.504,6.86,6.4,6.577,-0.222,-3.27%,17060
IMTE,2022-10-31,6.7,7.2,6.511,7.2,0.623,+9.47%,24750
IMTE,2022-11-01,7,7.2,6.8,7.05,-0.15,-2.08%,8420
IMTE,2022-11-02,7,7.082,6.6,6.651,-0.399,-5.66%,6240
IMTE,2022-11-03,6.7,7,6.65,6.65,-0.001,-0.02%,8980
IMTE,2022-11-04,6.7,6.88,6.1,6.55,-0.1,-1.50%,12850
IMTE,2022-11-07,6.55,6.8,6.4,6.498,-0.052,-0.79%,15260
IMTE,2022-11-08,6.4,6.53,6.2,6.53,0.032,+0.49%,7930
IMTE,2022-11-09,6.334,6.593,6.111,6.15,-0.38,-5.82%,8070
IMTE,2022-11-10,6.2,6.4,6.015,6.288,0.138,+2.24%,13020
IMTE,2022-11-11,6.288,6.499,6.102,6.29,0.002,+0.03%,10400
IMTE,2022-11-14,6.5,6.7,6.29,6.65,0.36,+5.72%,22380
IMTE,2022-11-15,6.7,6.8,6.6,6.725,0.075,+1.13%,10330
IMTE,2022-11-16,6.726,6.802,6.7,6.725,0,0.00%,8230
IMTE,2022-11-17,6.8,6.8,6.4,6.5,-0.225,-3.35%,8630
IMTE,2022-11-18,6.501,6.599,6.21,6.39,-0.11,-1.69%,7950
IMTE,2022-11-21,6.334,6.499,6.3,6.494,0.104,+1.63%,2820
IMTE,2022-11-22,6.301,6.398,6.115,6.3,-0.194,-2.99%,10000
IMTE,2022-11-23,6.295,6.39,6.15,6.39,0.09,+1.43%,3470
IMTE,2022-11-25,6.389,6.6,6.31,6.6,0.21,+3.29%,4100
IMTE,2022-11-28,6.6,6.8,6.246,6.6,0,0.00%,9680
IMTE,2022-11-29,6.504,6.808,6.4,6.65,0.05,+0.76%,5250
IMTE,2022-11-30,6.5,6.7,6.306,6.651,0.001,+0.02%,7240
IMTE,2022-12-01,6.5,6.7,6.346,6.48,-0.171,-2.57%,11470
IMTE,2022-12-02,6.306,6.6,6.306,6.6,0.12,+1.85%,2370
IMTE,2022-12-05,6.4,6.44,6.3,6.4,-0.2,-3.03%,6790
IMTE,2022-12-06,6.369,6.369,6.25,6.35,-0.05,-0.78%,3770
IMTE,2022-12-07,6.3,6.55,6.115,6.3,-0.05,-0.79%,6620
IMTE,2022-12-08,6.35,6.35,6.21,6.35,0.05,+0.79%,5150
IMTE,2022-12-09,6.6,6.6,6.2,6.3,-0.05,-0.79%,13200
IMTE,2022-12-12,6.6,6.6,6.2,6.599,0.299,+4.75%,34840
IMTE,2022-12-13,6.6,7.498,6.301,7.199,0.6,+9.09%,73920
IMTE,2022-12-14,7.281,7.455,6.701,6.979,-0.22,-3.06%,20000
IMTE,2022-12-15,6.8,8.363,6.8,8.2,1.221,+17.50%,183170
IMTE,2022-12-16,8.1,8.2,7,7.3,-0.9,-10.98%,60769
IMTE,2022-12-19,7.6,7.6,6.788,7.249,-0.051,-0.70%,24070
IMTE,2022-12-20,7,7.1,5.737,6.6,-0.649,-8.95%,41130
IMTE,2022-12-21,6.44,6.666,6.44,6.625,0.025,+0.38%,3560
IMTE,2022-12-22,6.5,6.972,6.4,6.6,-0.025,-0.38%,30150
IMTE,2022-12-23,6.7,6.972,6.416,6.85,0.25,+3.79%,32600
IMTE,2022-12-27,6.85,7.648,6.85,7.28,0.43,+6.28%,46490
IMTE,2022-12-28,7.2,7.3,7.1,7.152,-0.128,-1.76%,8890
IMTE,2022-12-29,7.3,7.5,7.1,7.218,0.066,+0.92%,14850
IMTE,2022-12-30,7.24,7.254,6.4,6.876,-0.342,-4.74%,13300
IMTE,2023-01-03,7.1,8.2,7.002,8.1,1.224,+17.80%,44590
IMTE,2023-01-04,8,8,7.7,7.89,-0.21,-2.59%,5190
IMTE,2023-01-05,7.9,8.05,7.42,7.69,-0.2,-2.53%,13550
IMTE,2023-01-06,7.693,7.88,6.9,7.455,-0.235,-3.06%,11440
IMTE,2023-01-09,7.27,7.5,7.036,7.422,-0.033,-0.44%,7200
IMTE,2023-01-10,7.4,8,7.4,7.8,0.378,+5.09%,10540
IMTE,2023-01-11,7.6,8.6,7.6,8.35,0.55,+7.05%,28220
IMTE,2023-01-12,8.5,8.95,7.701,8.563,0.213,+2.55%,11720
IMTE,2023-01-13,8.888,8.888,8.1,8.25,-0.313,-3.66%,15920
IMTE,2023-01-17,8.1,8.499,8,8.237,-0.013,-0.16%,6230
IMTE,2023-01-18,8.002,8.9,8,8.463,0.226,+2.74%,9390
IMTE,2023-01-19,8.379,8.466,8.187,8.2,-0.263,-3.11%,4930
IMTE,2023-01-20,8.2,8.6,8.2,8.239,0.039,+0.48%,5760
IMTE,2023-01-23,8.6,8.6,8.25,8.5,0.261,+3.17%,4560
IMTE,2023-01-24,8.478,8.55,8.3,8.3,-0.2,-2.35%,3920
IMTE,2023-01-25,8.2,8.3,6.66,7.4,-0.9,-10.84%,34940
IMTE,2023-01-26,7.4,7.8,7.4,7.558,0.158,+2.14%,6660
IMTE,2023-01-27,7.331,7.899,7.331,7.475,-0.083,-1.10%,5950
IMTE,2023-01-30,7.7,8.2,7.5,7.6,0.125,+1.67%,7080
IMTE,2023-01-31,7.6,8.132,7.416,7.762,0.162,+2.13%,24480
IMTE,2023-02-01,8,8.997,7.95,8.2,0.438,+5.64%,38960
IMTE,2023-02-02,8.55,8.554,8,8.2,0,0.00%,9260
IMTE,2023-02-03,8.1,8.249,8,8.2,0,0.00%,5960
IMTE,2023-02-06,8.2,8.3,7.9,7.998,-0.202,-2.46%,8630
IMTE,2023-02-07,8.1,8.3,7.9,8.1,0.102,+1.28%,9450
IMTE,2023-02-08,8.1,8.248,7.8,7.925,-0.175,-2.16%,10130
IMTE,2023-02-09,8.248,8.248,7.9,7.95,0.025,+0.32%,4760
IMTE,2023-02-10,7.813,8,7.308,7.86,-0.09,-1.13%,20510
IMTE,2023-02-13,7.5,7.9,7.4,7.684,-0.176,-2.24%,6400
IMTE,2023-02-14,7.684,7.684,7.2,7.228,-0.456,-5.93%,11850
IMTE,2023-02-15,6.99,7.5,6.99,7.2,-0.028,-0.39%,5110
IMTE,2023-02-16,7.575,7.575,6.945,7.073,-0.127,-1.76%,6640
IMTE,2023-02-17,6.95,7.1,6.6,6.611,-0.462,-6.53%,18290
IMTE,2023-02-21,6.7,6.7,6,6.101,-0.51,-7.71%,22920
IMTE,2023-02-22,6.188,6.576,5.423,5.524,-0.577,-9.46%,58489
IMTE,2023-02-23,5.52,5.61,5.3,5.401,-0.123,-2.23%,18800
IMTE,2023-02-24,5.6,5.7,5.225,5.25,-0.151,-2.80%,27660
IMTE,2023-02-27,5.3,5.4,5.201,5.201,-0.049,-0.93%,12320
IMTE,2023-02-28,5.339,5.6,5.1,5.15,-0.051,-0.98%,21010
IMTE,2023-03-01,5.1,5.3,5,5.002,-0.148,-2.87%,23460
IMTE,2023-03-02,5.1,5.3,4.911,5.052,0.05,+1.00%,20410
IMTE,2023-03-03,5.053,5.15,4.9,5.001,-0.051,-1.01%,17350
IMTE,2023-03-06,5.02,5.3,5.02,5.263,0.262,+5.24%,5830
IMTE,2023-03-07,5.399,5.399,5.201,5.201,-0.062,-1.18%,6630
IMTE,2023-03-08,5.2,5.201,5.15,5.2,-0.001,-0.02%,3320
IMTE,2023-03-09,5.201,5.379,5.201,5.211,0.011,+0.21%,2110
IMTE,2023-03-10,5.052,5.186,5.025,5.185,-0.026,-0.50%,2540
IMTE,2023-03-13,5.1,5.12,4.62,4.83,-0.355,-6.85%,11930
IMTE,2023-03-14,4.833,5.09,4.833,5.047,0.217,+4.49%,2880
IMTE,2023-03-15,5,5.199,4.724,5.099,0.052,+1.03%,2960
IMTE,2023-03-16,5.1,5.199,4.725,5.167,0.068,+1.33%,3140
IMTE,2023-03-17,5.1,5.167,4.81,4.947,-0.22,-4.26%,13360
IMTE,2023-03-20,4.993,5.167,4.851,4.982,0.035,+0.71%,1920
IMTE,2023-03-21,4.999,4.999,4.812,4.913,-0.069,-1.38%,2540
IMTE,2023-03-22,4.871,5,4.815,4.832,-0.081,-1.65%,4200
IMTE,2023-03-23,4.858,5.1,4.82,4.821,-0.011,-0.23%,1430
IMTE,2023-03-24,4.854,4.9,4.811,4.853,0.032,+0.66%,2040
IMTE,2023-03-27,4.801,4.813,4.724,4.728,-0.125,-2.58%,6280
IMTE,2023-03-28,4.8,4.8,4.651,4.651,-0.077,-1.63%,2730
IMTE,2023-03-29,4.696,4.964,4.651,4.81,0.159,+3.42%,11340
IMTE,2023-03-30,4.53,4.965,4.5,4.6,-0.21,-4.37%,10090
IMTE,2023-03-31,4.6,4.67,4.55,4.55,-0.05,-1.09%,2030
IMTE,2023-04-03,4.5,4.65,4.5,4.508,-0.042,-0.92%,4530
IMTE,2023-04-04,4.5,4.58,4.5,4.51,0.002,+0.04%,3380
IMTE,2023-04-05,4.6,4.699,4.056,4.1,-0.41,-9.09%,12460
IMTE,2023-04-06,4.1,4.3,3.801,3.812,-0.288,-7.02%,13390
IMTE,2023-04-10,3.9,4.189,3.9,3.9,0.088,+2.31%,7320
IMTE,2023-04-11,3.9,4,3.9,4,0.1,+2.56%,2790
IMTE,2023-04-12,4.05,4.1,3.823,3.943,-0.057,-1.43%,2740
IMTE,2023-04-13,3.943,4,3.85,3.993,0.05,+1.27%,4980
IMTE,2023-04-14,4,4,3.7,3.7,-0.293,-7.34%,10640
IMTE,2023-04-17,3.6,3.701,3.51,3.674,-0.026,-0.70%,13200
IMTE,2023-04-18,3.5,3.8,3.5,3.7,0.026,+0.71%,6280
IMTE,2023-04-19,3.65,3.749,3.512,3.613,-0.087,-2.35%,11940
IMTE,2023-04-20,3.5,3.675,3.5,3.501,-0.112,-3.10%,7590
IMTE,2023-04-21,3.521,3.75,3.501,3.627,0.126,+3.60%,9330
IMTE,2023-04-24,3.648,3.725,3.6,3.662,0.035,+0.96%,5690
IMTE,2023-04-25,3.682,3.682,3.55,3.569,-0.093,-2.54%,3930
IMTE,2023-04-26,3.551,3.635,3.551,3.551,-0.018,-0.50%,660
IMTE,2023-04-27,3.502,3.61,3.3,3.352,-0.199,-5.60%,5710
IMTE,2023-04-28,3.4,4.5,3.4,3.956,0.604,+18.02%,45980
IMTE,2023-05-01,4.2,4.4,3.6,4.1,0.144,+3.64%,126210
IMTE,2023-05-02,4.1,4.7,3.69,3.9,-0.2,-4.88%,52850
IMTE,2023-05-03,3.8,4.195,3.722,3.999,0.099,+2.54%,9060
IMTE,2023-05-04,4.199,4.2,3.923,4,0.001,+0.03%,73780
IMTE,2023-05-05,4.515,5,4.15,4.4,0.4,+10.00%,100910
IMTE,2023-05-08,4.4,4.75,4.304,4.633,0.233,+5.30%,16390
IMTE,2023-05-09,4.699,6,4.699,5.55,0.917,+19.79%,117330
IMTE,2023-05-10,5.45,5.45,5.212,5.345,-0.205,-3.69%,13800
IMTE,2023-05-11,5.2,5.4,5.05,5.4,0.055,+1.03%,12490
IMTE,2023-05-12,5.4,5.801,5.38,5.698,0.298,+5.52%,9900
IMTE,2023-05-15,5.699,6.1,5.699,6,0.302,+5.30%,12830
IMTE,2023-05-16,6.3,6.4,6,6,0,0.00%,15230
IMTE,2023-05-17,6.36,6.36,5.502,5.503,-0.497,-8.28%,11550
IMTE,2023-05-18,5.397,5.424,5,5.4,-0.103,-1.87%,8550
IMTE,2023-05-19,5,6,4.8,5.403,0.003,+0.06%,14320
IMTE,2023-05-22,5.441,5.676,5.2,5.421,0.018,+0.33%,7870
IMTE,2023-05-23,5.122,5.927,5.122,5.624,0.203,+3.74%,8750
IMTE,2023-05-24,5.6,5.9,5.5,5.813,0.189,+3.36%,4320
IMTE,2023-05-25,5.6,5.6,5.4,5.425,-0.388,-6.67%,6070
IMTE,2023-05-26,5.425,5.425,4.8,5.14,-0.285,-5.25%,12640
IMTE,2023-05-30,5.1,5.1,5,5.1,-0.04,-0.78%,3830
IMTE,2023-05-31,4.8,5.2,4.701,5.06,-0.04,-0.78%,8730
IMTE,2023-06-01,4.958,5,4.8,4.999,-0.061,-1.21%,4940
IMTE,2023-06-02,5.001,5.299,4.951,5.298,0.299,+5.98%,5550
IMTE,2023-06-05,5.144,5.5,5.131,5.299,0.001,+0.02%,4300
IMTE,2023-06-06,5.13,5.289,5.002,5.158,-0.141,-2.66%,3370
IMTE,2023-06-07,5.458,5.458,5.11,5.142,-0.016,-0.31%,1280
IMTE,2023-06-08,5.378,5.378,5.1,5.1,-0.042,-0.82%,2230
IMTE,2023-06-09,5.1,5.11,4.85,5.023,-0.077,-1.51%,5310
IMTE,2023-06-12,5,5.22,4.9,5.219,0.196,+3.90%,14110
IMTE,2023-06-13,5.14,5.295,5.002,5.288,0.069,+1.32%,2830
IMTE,2023-06-14,5.1,5.15,5,5.113,-0.175,-3.31%,10420
IMTE,2023-06-15,5.051,5.298,5.05,5.135,0.022,+0.43%,7290
IMTE,2023-06-16,5,5,4.4,4.541,-0.594,-11.57%,26810
IMTE,2023-06-20,4.725,4.726,3.9,3.9,-0.641,-14.12%,55150
IMTE,2023-06-21,4.1,4.106,3.601,3.616,-0.284,-7.28%,19530
IMTE,2023-06-22,3.7,3.872,3.001,3.3,-0.316,-8.74%,85760
IMTE,2023-06-23,3.2,3.4,3,3.155,-0.145,-4.39%,57500
IMTE,2023-06-26,3.5,3.599,3.3,3.3,0.145,+4.60%,13690
IMTE,2023-06-27,3.3,3.499,3.3,3.4,0.1,+3.03%,6100
IMTE,2023-06-28,3.4,3.7,3.4,3.655,0.255,+7.50%,14210
IMTE,2023-06-29,3.67,3.8,3.55,3.666,0.011,+0.30%,10510
IMTE,2023-06-30,3.702,3.75,3.5,3.552,-0.114,-3.11%,6460
IMTE,2023-07-03,3.7,3.7,3.424,3.527,-0.025,-0.70%,1450
IMTE,2023-07-05,3.52,3.75,3.487,3.676,0.149,+4.22%,5520
IMTE,2023-07-06,3.51,3.698,3.51,3.602,-0.074,-2.01%,1090
IMTE,2023-07-07,3.6,3.699,3.6,3.623,0.021,+0.58%,1720
IMTE,2023-07-10,3.624,3.781,3.624,3.66,0.037,+1.02%,5550
IMTE,2023-07-11,3.7,3.9,3.7,3.89,0.23,+6.28%,4640
IMTE,2023-07-12,3.92,3.92,3.03,3.11,-0.78,-20.05%,70510
IMTE,2023-07-13,3.2,3.209,2.87,3.11,0,0.00%,67750
IMTE,2023-07-14,3.15,3.155,2.85,2.894,-0.216,-6.95%,58070
IMTE,2023-07-17,2.9,2.935,2.7,2.71,-0.184,-6.36%,51340
IMTE,2023-07-18,2.7,2.7,2.3,2.328,-0.382,-14.10%,57729
IMTE,2023-07-19,2.4,2.8,2.386,2.69,0.362,+15.55%,56260
IMTE,2023-07-20,2.656,2.7,2.47,2.542,-0.148,-5.50%,42010
IMTE,2023-07-21,2.628,2.774,2.494,2.501,-0.041,-1.61%,11350
IMTE,2023-07-24,2.5,2.599,2.47,2.542,0.041,+1.64%,3220
IMTE,2023-07-25,2.676,2.676,2.566,2.638,0.096,+3.78%,10900
IMTE,2023-07-26,2.684,3.4,2.636,2.9,0.262,+9.93%,98330
IMTE,2023-07-27,2.9,2.927,2.748,2.75,-0.15,-5.17%,13510
IMTE,2023-07-28,2.7,3.02,2.511,2.74,-0.01,-0.36%,80890
IMTE,2023-07-31,2.8,3,2.581,2.77,0.03,+1.09%,14090
IMTE,2023-08-01,2.94,2.979,2.75,2.852,0.082,+2.96%,7700
IMTE,2023-08-02,2.899,3.1,2.85,2.996,0.144,+5.05%,14910
IMTE,2023-08-03,3,3.099,2.9,2.913,-0.083,-2.77%,3090
IMTE,2023-08-04,2.95,3.1,2.9,3.024,0.111,+3.81%,1530
IMTE,2023-08-07,3.1,3.399,3,3.106,0.082,+2.71%,28470
IMTE,2023-08-08,3.188,3.225,2.975,2.975,-0.131,-4.22%,13350
IMTE,2023-08-09,2.9,3.14,2.8,2.945,-0.03,-1.01%,5240
IMTE,2023-08-10,2.877,2.95,2.877,2.94,-0.005,-0.17%,1590
IMTE,2023-08-11,2.93,2.98,2.75,2.872,-0.068,-2.31%,6960
IMTE,2023-08-14,3.1,3.1,2.832,2.832,-0.04,-1.39%,4900
IMTE,2023-08-15,3.09,3.1,2.81,2.853,0.021,+0.74%,1610
IMTE,2023-08-16,2.75,2.999,2.75,2.751,-0.102,-3.58%,2110
IMTE,2023-08-17,2.787,2.999,2.775,2.826,0.075,+2.73%,2140
IMTE,2023-08-18,2.99,2.99,2.8,2.818,-0.008,-0.28%,2000
IMTE,2023-08-21,2.8,3.1,2.8,2.946,0.128,+4.54%,4250
IMTE,2023-08-22,2.851,3.05,2.85,2.863,-0.083,-2.82%,5440
IMTE,2023-08-23,2.85,2.9,2.8,2.899,0.036,+1.26%,2080
IMTE,2023-08-24,2.849,2.898,2.8,2.801,-0.098,-3.38%,2350
IMTE,2023-08-25,2.941,2.969,2.75,2.766,-0.035,-1.25%,1530
IMTE,2023-08-28,2.652,2.75,2.652,2.71,-0.056,-2.02%,2100
IMTE,2023-08-29,2.7,2.75,2.672,2.75,0.04,+1.48%,2540
IMTE,2023-08-30,2.7,2.8,2.65,2.79,0.04,+1.45%,2820
IMTE,2023-08-31,2.796,2.8,2.669,2.715,-0.075,-2.69%,2310
IMTE,2023-09-01,2.705,2.752,2.705,2.71,-0.005,-0.18%,1580
IMTE,2023-09-05,2.7,2.79,2.67,2.68,-0.03,-1.11%,3340
IMTE,2023-09-06,2.6,2.6,2.52,2.577,-0.103,-3.84%,2040
IMTE,2023-09-07,2.52,2.597,2.5,2.501,-0.076,-2.95%,9530
IMTE,2023-09-08,2.626,2.626,2.5,2.5,-0.001,-0.04%,9260
IMTE,2023-09-11,2.5,2.5,2.303,2.384,-0.116,-4.64%,4650
IMTE,2023-09-12,2.41,2.448,2.275,2.332,-0.052,-2.18%,6260
IMTE,2023-09-13,2.4,2.6,2.4,2.451,0.119,+5.10%,6530
IMTE,2023-09-14,2.4,2.449,2.201,2.379,-0.072,-2.94%,8700
IMTE,2023-09-15,2.3,2.349,2.274,2.3,-0.079,-3.32%,2900
IMTE,2023-09-18,2.226,2.3,2.111,2.267,-0.033,-1.43%,5030
IMTE,2023-09-19,2.38,2.38,2.151,2.235,-0.032,-1.41%,4060
IMTE,2023-09-20,2.5,2.5,2.201,2.319,0.084,+3.76%,6850
IMTE,2023-09-21,2.301,2.325,2.221,2.25,-0.069,-2.98%,6010
IMTE,2023-09-22,2.299,2.299,2.22,2.222,-0.028,-1.24%,3650
IMTE,2023-09-25,2.222,2.4,2.222,2.318,0.096,+4.32%,3180
IMTE,2023-09-26,2.28,2.368,2.111,2.204,-0.114,-4.92%,25880
IMTE,2023-09-27,2.25,2.27,2,2.09,-0.114,-5.17%,9060
IMTE,2023-09-28,1.933,2.3,1.9,2.1,0.01,+0.48%,9840
IMTE,2023-09-29,2,2.098,1.8,1.901,-0.199,-9.48%,3810
IMTE,2023-10-02,2.6,2.6,1.9,1.91,0.009,+0.47%,15020
IMTE,2023-10-03,1.995,1.999,1.8,1.8,-0.11,-5.76%,5090
IMTE,2023-10-04,1.92,1.92,1.849,1.85,0.05,+2.78%,1570
IMTE,2023-10-05,1.8,1.935,1.8,1.935,0.085,+4.59%,13490
IMTE,2023-10-06,1.99,2,1.802,1.973,0.038,+1.96%,20160
IMTE,2023-10-09,1.974,1.974,1.85,1.85,-0.123,-6.23%,2020
IMTE,2023-10-10,1.851,2.095,1.851,1.979,0.129,+6.97%,5420
IMTE,2023-10-11,1.929,2,1.875,1.901,-0.078,-3.94%,24180
IMTE,2023-10-12,1.953,2.019,1.876,1.958,0.057,+3.00%,9890
IMTE,2023-10-13,1.89,2,1.889,1.902,-0.056,-2.86%,6410
IMTE,2023-10-16,2.1,2.1,1.877,1.88,-0.022,-1.16%,10940
IMTE,2023-10-17,1.78,1.79,1.33,1.33,-0.55,-29.26%,178500
IMTE,2023-10-18,1.4,1.48,1.32,1.32,-0.01,-0.75%,64100
IMTE,2023-10-19,1.32,1.35,1.02,1.33,0.01,+0.76%,61600
IMTE,2023-10-20,1.33,1.37,1.32,1.34,0.01,+0.75%,8100
IMTE,2023-10-23,1.34,1.74,1.34,1.61,0.27,+20.15%,126200
IMTE,2023-10-24,1.63,1.92,1.63,1.63,0.02,+1.24%,64800
IMTE,2023-10-25,1.67,1.725,1.61,1.62,-0.01,-0.61%,15400
IMTE,2023-10-26,1.62,2.012,1.62,1.91,0.29,+17.90%,58300
IMTE,2023-10-27,2.1,2.7679,2.1,2.47,0.56,+29.32%,305100
IMTE,2023-10-30,2.67,2.7,2.212,2.56,0.09,+3.64%,55200
IMTE,2023-10-31,2.64,2.64,2.3,2.51,-0.05,-1.95%,10800
IMTE,2023-11-01,2.64,2.66,2.45,2.47,-0.04,-1.59%,10400
IMTE,2023-11-02,2.5,2.8099,2.5,2.7,0.23,+9.31%,30300
IMTE,2023-11-03,2.71,3.24,2.69,3.24,0.54,+20.00%,36100
IMTE,2023-11-06,3.3,3.65,3.2683,3.58,0.34,+10.49%,27600
IMTE,2023-11-07,3.73,4.12,3.73,4,0.42,+11.73%,56400
IMTE,2023-11-08,4.06,4.38,4.01,4.24,0.24,+6.00%,26100
IMTE,2023-11-09,4.33,4.57,3.11,3.58,-0.66,-15.57%,79000
IMTE,2023-11-10,3.45,3.5272,2.78,2.96,-0.62,-17.32%,72800
IMTE,2023-11-13,3.1342,3.1658,2.96,3.0182,0.0582,+1.97%,8100
IMTE,2023-11-14,3,3.11,2.65,2.7,-0.3182,-10.54%,22700
IMTE,2023-11-15,2.85,2.95,2.74,2.95,0.25,+9.26%,12600
IMTE,2023-11-16,2.89,2.919,2.84,2.84,-0.11,-3.73%,4400
IMTE,2023-11-17,2.81,2.81,2.7,2.78,-0.06,-2.11%,12000
IMTE,2023-11-20,2.67,2.7284,2.61,2.705,-0.075,-2.70%,6900
IMTE,2023-11-21,2.7,2.7,2.56,2.62,-0.085,-3.14%,11800
IMTE,2023-11-22,2.63,2.6902,2.5516,2.6902,0.0702,+2.68%,10000
IMTE,2023-11-24,2.69,2.69,2.5,2.56,-0.1302,-4.84%,4900
IMTE,2023-11-27,2.6,2.735,2.58,2.68,0.12,+4.69%,7000
IMTE,2023-11-28,2.65,2.88,2.64,2.79,0.11,+4.10%,3700
IMTE,2023-11-29,2.9,3.32,2.88,3.01,0.22,+7.89%,13800
IMTE,2023-11-30,2.93,2.93,2.87,2.9,-0.11,-3.65%,4100
IMTE,2023-12-01,2.87,2.95,2.852,2.95,0.05,+1.72%,2100
IMTE,2023-12-04,2.96,3.1314,2.9,3.05,0.1,+3.39%,2000
IMTE,2023-12-05,3.15,3.15,2.97,3.01,-0.04,-1.31%,2600
IMTE,2023-12-06,2.98,3.15,2.98,3.15,0.14,+4.65%,5700
IMTE,2023-12-07,3.1,3.1,2.94,2.99,-0.16,-5.08%,2700
IMTE,2023-12-08,2.99,2.99,2.9,2.9,-0.09,-3.01%,1700
IMTE,2023-12-11,2.97,3.12,2.82,2.82,-0.08,-2.76%,9300
IMTE,2023-12-12,2.8141,3.01,2.8141,2.98,0.16,+5.67%,4500
IMTE,2023-12-13,2.82,2.93,2.7,2.93,-0.05,-1.68%,9000
IMTE,2023-12-14,2.83,2.91,2.71,2.82,-0.11,-3.75%,3100
IMTE,2023-12-15,2.95,2.95,2.76,2.85,0.03,+1.06%,4400
IMTE,2023-12-18,2.78,2.79,2.745,2.77,-0.08,-2.81%,2900
IMTE,2023-12-19,2.75,2.79,2.48,2.655,-0.115,-4.15%,23300
IMTE,2023-12-20,2.6,2.696,2.56,2.6,-0.055,-2.07%,6900
IMTE,2023-12-21,2.59,2.75,2.5,2.69,0.09,+3.46%,7800
IMTE,2023-12-22,2.71,2.71,2.49,2.61,-0.08,-2.97%,17300
IMTE,2023-12-26,2.6,2.82,2.495,2.62,0.01,+0.38%,18900
IMTE,2023-12-27,2.55,2.7999,2.53,2.68,0.06,+2.29%,13500
IMTE,2023-12-28,2.64,2.73,2.49,2.57,-0.11,-4.10%,17800
IMTE,2023-12-29,2.64,2.9,2.53,2.71,0.14,+5.45%,29000
IMTE,2024-01-02,2.84,2.9,2.55,2.66,-0.05,-1.85%,21100
IMTE,2024-01-03,2.71,2.88,2.66,2.72,0.06,+2.26%,16800
IMTE,2024-01-04,2.8787,2.9999,2.75,2.97,0.25,+9.19%,17400
IMTE,2024-01-05,2.98,3.04,2.76,2.92,-0.05,-1.68%,10300
IMTE,2024-01-08,3,3,2.9092,3,0.08,+2.74%,8300
IMTE,2024-01-09,2.9947,3.2958,2.9699,3.13,0.13,+4.33%,11600
IMTE,2024-01-10,3.15,3.6,3.1497,3.26,0.13,+4.15%,9600
IMTE,2024-01-11,3.38,3.49,3.02,3.03,-0.23,-7.06%,8400
IMTE,2024-01-12,3.08,3.224,2.6601,2.6601,-0.3699,-12.21%,9800
IMTE,2024-01-16,2.73,2.88,2.73,2.82,0.1599,+6.01%,3600
IMTE,2024-01-17,2.81,2.92,2.8,2.8,-0.02,-0.71%,6000
IMTE,2024-01-18,2.8,2.9,2.8,2.81,0.01,+0.36%,2500
IMTE,2024-01-19,2.8,2.8,2.72,2.72,-0.09,-3.20%,7400
IMTE,2024-01-22,2.64,2.7113,2.64,2.65,-0.07,-2.57%,3900
IMTE,2024-01-23,2.65,2.69,2.65,2.69,0.04,+1.51%,1500
IMTE,2024-01-24,2.68,2.7057,2.66,2.66,-0.03,-1.12%,2300
IMTE,2024-01-25,2.68,2.78,2.67,2.77,0.11,+4.14%,5500
IMTE,2024-01-26,2.7619,2.7619,2.66,2.66,-0.11,-3.97%,1300
IMTE,2024-01-29,2.66,2.75,2.62,2.64,-0.02,-0.75%,8700
IMTE,2024-01-30,2.64,2.64,2.51,2.51,-0.13,-4.92%,2700
IMTE,2024-01-31,2.55,2.76,2.46,2.64,0.13,+5.18%,6000
IMTE,2024-02-01,2.46,2.51,2.46,2.51,-0.13,-4.92%,3100
IMTE,2024-02-02,2.55,2.57,2.46,2.46,-0.05,-1.99%,2900
IMTE,2024-02-05,2.62,2.75,2.5,2.5,0.04,+1.63%,1700
IMTE,2024-02-06,2.56,2.56,2.4648,2.51,0.01,+0.40%,4800
IMTE,2024-02-07,2.56,2.56,2.46,2.47,-0.04,-1.59%,3900
IMTE,2024-02-08,2.525,2.525,2.43,2.43,-0.04,-1.62%,4400
IMTE,2024-02-09,2.44,2.49,2.4,2.49,0.06,+2.47%,2900
IMTE,2024-02-12,2.46,2.54,2.35,2.53,0.04,+1.61%,15600
IMTE,2024-02-13,2.51,2.5201,2.35,2.49,-0.04,-1.58%,17600
IMTE,2024-02-14,2.52,2.52,2.4202,2.5,0.01,+0.40%,7100
IMTE,2024-02-15,2.4947,2.89,2.4756,2.77,0.27,+10.80%,51700
IMTE,2024-02-16,2.83,2.93,2.61,2.91,0.14,+5.05%,39800
IMTE,2024-02-20,3.16,3.46,2.81,2.82,-0.09,-3.09%,52300
IMTE,2024-02-21,2.82,3.0518,2.5,2.72,-0.1,-3.55%,40100
IMTE,2024-02-22,2.64,2.69,2.39,2.45,-0.27,-9.93%,8300
IMTE,2024-02-23,2.5,2.6013,2.5,2.51,0.06,+2.45%,2100
IMTE,2024-02-26,2.51,2.5953,2.509,2.5946,0.0846,+3.37%,4100
IMTE,2024-02-27,2.55,2.6105,2.55,2.6105,0.0159,+0.61%,3600
IMTE,2024-02-28,2.64,2.645,2.57,2.57,-0.0405,-1.55%,2700
IMTE,2024-02-29,2.64,2.64,2.55,2.56,-0.01,-0.39%,3400
IMTE,2024-03-01,2.55,2.615,2.53,2.55,-0.01,-0.39%,3100
IMTE,2024-03-04,2.5,2.55,2.5,2.5,-0.05,-1.96%,5000
IMTE,2024-03-05,2.48,2.5442,2.46,2.46,-0.04,-1.60%,6400
IMTE,2024-03-06,2.58,2.595,2.5,2.5001,0.0401,+1.63%,19500
IMTE,2024-03-07,2.51,2.51,2.5,2.5,-0.0001,0.00%,700
IMTE,2024-03-08,2.575,2.59,2.5001,2.59,0.09,+3.60%,2800
IMTE,2024-03-11,2.62,2.62,2.464,2.464,-0.126,-4.86%,3200
IMTE,2024-03-12,2.5,2.58,2.5,2.58,0.116,+4.71%,1800
IMTE,2024-03-13,2.5,2.5,2.5,2.5,-0.08,-3.10%,500
IMTE,2024-03-14,2.56,2.56,2.5,2.51,0.01,+0.40%,1800
IMTE,2024-03-15,2.6,2.6,2.6,2.6,0.09,+3.59%,800
IMTE,2024-03-18,2.67,2.67,2.5182,2.52,-0.08,-3.08%,600
IMTE,2024-03-19,2.52,2.55,2.45,2.55,0.03,+1.19%,6300
IMTE,2024-03-20,2.42,2.49,2.42,2.42,-0.13,-5.10%,1700
IMTE,2024-03-21,2.4219,2.4219,2.4,2.4,-0.02,-0.83%,1300
IMTE,2024-03-22,2.39,2.48,2.39,2.41,0.01,+0.42%,3600
IMTE,2024-03-25,2.45,2.5,2.4,2.5,0.09,+3.73%,3700
IMTE,2024-03-26,2.4,2.44,2.3,2.31,-0.19,-7.60%,8800
IMTE,2024-03-27,2.35,2.35,2.07,2.34,0.03,+1.30%,2700
IMTE,2024-03-28,2.29,2.31,2.29,2.31,-0.03,-1.28%,4100
IMTE,2024-04-02,2.2,2.35,2.15,2.29,-0.02,-0.87%,7300
IMTE,2024-04-03,2.291,2.291,2.26,2.2601,-0.0299,-1.31%,3900
IMTE,2024-04-04,2.25,2.25,2.25,2.25,-0.0101,-0.45%,500
IMTE,2024-04-05,2.25,2.26,2.15,2.15,-0.1,-4.44%,700
IMTE,2024-04-08,2.3813,2.3813,2,2.1317,-0.0183,-0.85%,6000
IMTE,2024-04-09,2.15,2.34,2.1,2.1001,-0.0316,-1.48%,1900
IMTE,2024-04-10,2.225,2.225,2.11,2.11,0.0099,+0.47%,700
IMTE,2024-04-11,2.1,2.1,2,2,-0.11,-5.21%,1900
IMTE,2024-04-12,2.05,2.05,2.0001,2.0499,0.0499,+2.50%,2500
IMTE,2024-04-16,2.0875,2.12,2,2.0239,-0.026,-1.27%,1100
IMTE,2024-04-17,2.1414,2.2862,2.1414,2.15,0.1261,+6.23%,700
IMTE,2024-04-18,2,2,1.85,1.9001,-0.2499,-11.62%,3400
IMTE,2024-04-19,1.93,1.9599,1.48,1.56,-0.3401,-17.90%,10000
IMTE,2024-04-22,1.6,2.09,1.6,1.87,0.31,+19.87%,5900
IMTE,2024-04-23,1.88,1.88,1.6361,1.78,-0.09,-4.81%,1700
IMTE,2024-04-24,1.82,2.03,1.8,1.975,0.195,+10.96%,7100
IMTE,2024-04-25,2.08,2.09,2.08,2.08,0.105,+5.32%,2600
IMTE,2024-04-26,2,2.39,2,2.39,0.31,+14.90%,23200
IMTE,2024-04-29,2.32,2.7,2.24,2.59,0.2,+8.37%,30300
IMTE,2024-04-30,2.35,3.3799,2.35,3.267,0.677,+26.14%,259000
IMTE,2024-05-01,3.32,3.44,2.8,3.3286,0.0616,+1.89%,174900
IMTE,2024-05-02,3.24,3.24,2.92,3.01,-0.3186,-9.57%,86000
IMTE,2024-05-03,3.27,3.6,3.014,3.09,0.08,+2.66%,215400
IMTE,2024-05-06,3.48,3.84,3.05,3.17,0.08,+2.59%,451100
IMTE,2024-05-07,3,3.0712,2.285,2.41,-0.76,-23.97%,128100
IMTE,2024-05-08,2.3,2.56,1.84,2.48,0.07,+2.90%,93800
IMTE,2024-05-09,2.35,2.5944,2.35,2.44,-0.04,-1.61%,13400
IMTE,2024-05-10,2.4,2.43,2.0749,2.2,-0.24,-9.84%,12600
IMTE,2024-05-13,2.15,2.2,2.08,2.08,-0.12,-5.45%,18400
IMTE,2024-05-14,2.08,2.1283,2.0011,2.0208,-0.0592,-2.85%,17000
IMTE,2024-05-15,2.03,2.1617,2.03,2.03,0.0092,+0.46%,7100
IMTE,2024-05-16,2.13,2.1332,2,2.02,-0.01,-0.49%,9000
IMTE,2024-05-17,2.0001,2.0403,1.85,1.9947,-0.0253,-1.25%,32200
IMTE,2024-05-20,1.93,1.96,1.87,1.94,-0.0547,-2.74%,9300
IMTE,2024-05-21,2.02,2.14,1.9,2.09,0.15,+7.73%,7700
IMTE,2024-05-22,2.01,2.16,2,2.16,0.07,+3.35%,10300
IMTE,2024-05-23,2.06,2.11,1.99,2.07,-0.09,-4.17%,3000
IMTE,2024-05-24,2,2.0731,2,2,-0.07,-3.38%,6600
IMTE,2024-05-28,2.05,2.05,1.95,1.98,-0.02,-1.00%,1100
IMTE,2024-05-29,1.95,2,1.95,2,0.02,+1.01%,1400
IMTE,2024-05-30,2.04,2.0465,2.035,2.0465,0.0465,+2.33%,400
IMTE,2024-05-31,1.96,1.9866,1.88,1.88,-0.1665,-8.14%,3500
IMTE,2024-06-03,1.89,1.895,1.89,1.895,0.015,+0.80%,500
IMTE,2024-06-04,1.9649,1.9649,1.82,1.9499,0.0549,+2.90%,5300
IMTE,2024-06-05,1.9555,1.9555,1.82,1.84,-0.1099,-5.64%,3800
IMTE,2024-06-06,1.8458,1.8458,1.54,1.7,-0.14,-7.61%,9800
IMTE,2024-06-07,1.8,1.81,1.65,1.7499,0.0499,+2.94%,5400
IMTE,2024-06-10,1.65,1.65,1.55,1.62,-0.1299,-7.42%,8600
IMTE,2024-06-12,1.72,1.72,1.6374,1.68,0.06,+3.70%,3300
IMTE,2024-06-13,1.73,1.73,1.61,1.61,-0.07,-4.17%,2100
IMTE,2024-06-14,1.7,1.76,1.64,1.64,0.03,+1.86%,2600
IMTE,2024-06-17,1.67,1.69,1.6044,1.68,0.04,+2.44%,6800
IMTE,2024-06-18,1.64,1.75,1.64,1.65,-0.03,-1.79%,4700
IMTE,2024-06-20,1.7,1.7,1.63,1.66,0.01,+0.61%,5800
IMTE,2024-06-21,1.67,1.78,1.6401,1.6701,0.0101,+0.61%,5600
IMTE,2024-06-24,1.68,2.105,1.67,1.89,0.2199,+13.17%,16400
IMTE,2024-06-25,1.88,2.24,1.7866,2.0641,0.1741,+9.21%,18900
IMTE,2024-06-26,2.1,2.3,1.92,1.93,-0.1341,-6.50%,9300
IMTE,2024-06-27,1.94,2.1,1.86,2.0296,0.0996,+5.16%,9200
IMTE,2024-06-28,2.06,2.06,1.99,1.99,-0.0396,-1.95%,300
IMTE,2024-07-01,1.99,1.99,1.91,1.965,-0.025,-1.26%,1500
IMTE,2024-07-02,1.8825,1.8825,1.86,1.86,-0.105,-5.34%,500
IMTE,2024-07-03,1.82,1.96,1.8101,1.82,-0.04,-2.15%,1500
IMTE,2024-07-05,1.8443,1.93,1.8443,1.93,0.11,+6.04%,700
IMTE,2024-07-08,1.882,1.882,1.75,1.78,-0.15,-7.77%,3900
IMTE,2024-07-09,1.855,1.855,1.72,1.7438,-0.0362,-2.03%,3800
IMTE,2024-07-10,1.7,1.73,1.65,1.71,-0.0338,-1.94%,5400
IMTE,2024-07-11,1.61,1.7711,1.5899,1.59,-0.12,-7.02%,12000
IMTE,2024-07-12,1.53,1.77,1.53,1.67,0.08,+5.03%,8700
IMTE,2024-07-15,1.7,1.86,1.7,1.71,0.04,+2.40%,7800
IMTE,2024-07-16,1.71,1.8,1.6799,1.8,0.09,+5.26%,8600
IMTE,2024-07-17,1.78,2.05,1.77,1.885,0.085,+4.72%,33700
IMTE,2024-07-18,1.89,1.95,1.75,1.79,-0.095,-5.04%,7700
IMTE,2024-07-19,1.82,1.86,1.81,1.86,0.07,+3.91%,2300
IMTE,2024-07-22,1.78,1.85,1.75,1.85,-0.01,-0.54%,3000
IMTE,2024-07-23,1.8016,1.816,1.7,1.75,-0.1,-5.41%,4300
IMTE,2024-07-24,1.75,1.75,1.61,1.62,-0.13,-7.43%,5100
IMTE,2024-07-25,1.64,1.64,1.6297,1.63,0.01,+0.62%,4100
IMTE,2024-07-26,1.72,1.7857,1.72,1.7857,0.1557,+9.55%,2100
IMTE,2024-07-29,1.71,1.74,1.7,1.71,-0.0757,-4.24%,1300
IMTE,2024-07-30,1.71,1.75,1.71,1.71,0,0.00%,6500
IMTE,2024-08-01,1.7,1.7285,1.7,1.7,-0.01,-0.58%,1400
IMTE,2024-08-02,1.69,1.705,1.6012,1.66,-0.04,-2.35%,6100
IMTE,2024-08-05,1.55,1.5701,1.4417,1.51,-0.15,-9.04%,5000
IMTE,2024-08-06,1.5,1.5,1.5,1.5,-0.01,-0.66%,600
IMTE,2024-08-07,1.57,1.57,1.5,1.5,0,0.00%,3100
IMTE,2024-08-08,1.54,1.65,1.54,1.56,0.06,+4.00%,3000
IMTE,2024-08-09,1.5,1.57,1.4,1.4,-0.16,-10.26%,3400
IMTE,2024-08-12,1.472,1.472,1.4,1.43,0.03,+2.14%,1700
IMTE,2024-08-13,1.4,1.46,1.4,1.4,-0.03,-2.10%,1300
IMTE,2024-08-14,1.45,1.476,1.41,1.476,0.076,+5.43%,600
IMTE,2024-08-15,1.41,1.5,1.41,1.4301,-0.0459,-3.11%,2600
IMTE,2024-08-16,1.4899,1.4899,1.42,1.42,-0.0101,-0.71%,1500
IMTE,2024-08-19,1.42,1.4883,1.4,1.46,0.04,+2.82%,1700
IMTE,2024-08-20,1.46,1.46,1.46,1.46,0,0.00%,900
IMTE,2024-08-21,1.49,1.4999,1.48,1.48,0.02,+1.37%,1500
IMTE,2024-08-22,1.57,1.57,1.52,1.52,0.04,+2.70%,1100
IMTE,2024-08-23,1.51,1.51,1.47,1.47,-0.05,-3.29%,1300
IMTE,2024-08-26,1.73,1.73,1.57,1.66,0.19,+12.93%,7100
IMTE,2024-08-27,1.67,1.67,1.311,1.44,-0.22,-13.25%,10800
IMTE,2024-08-28,1.485,1.485,1.44,1.45,0.01,+0.69%,800
IMTE,2024-08-30,1.45,1.45,1.45,1.45,0,0.00%,500
IMTE,2024-09-04,1.3865,1.3865,1.3865,1.3865,-0.0635,-4.38%,400
IMTE,2024-09-05,1.385,1.385,1.385,1.385,-0.0015,-0.11%,600
IMTE,2024-09-06,1.44,1.44,1.37,1.4,0.015,+1.08%,1500
IMTE,2024-09-09,1.35,1.455,1.35,1.455,0.055,+3.93%,500
IMTE,2024-09-10,1.39,1.39,1.39,1.39,-0.065,-4.47%,700
IMTE,2024-09-11,1.38,1.4299,1.35,1.4299,0.0399,+2.87%,1300
IMTE,2024-09-12,1.4,1.4212,1.25,1.3699,-0.06,-4.20%,5000
IMTE,2024-09-13,1.35,1.35,1.28,1.35,-0.0199,-1.45%,1200
IMTE,2024-09-16,1.49,1.49,1.39,1.405,0.055,+4.07%,2700
IMTE,2024-09-17,1.4384,1.4384,1.31,1.31,-0.095,-6.76%,7300
IMTE,2024-09-18,1.4842,1.52,1.2651,1.27,-0.04,-3.05%,14500
IMTE,2024-09-19,1.39,1.39,1.2501,1.3403,0.0703,+5.54%,2700
IMTE,2024-09-23,1.26,1.26,1.25,1.25,-0.0903,-6.74%,1100
IMTE,2024-09-24,1.25,1.2664,1.1009,1.2664,0.0164,+1.31%,4300
IMTE,2024-09-25,1.2,1.2,1.19,1.2,-0.0664,-5.24%,3200
IMTE,2024-09-26,1.25,1.27,1.24,1.24,0.04,+3.33%,3100
IMTE,2024-09-27,1.24,1.2401,1.2,1.2401,0.0001,+0.01%,1600
IMTE,2024-09-30,1.22,1.36,1.22,1.23,-0.0101,-0.81%,14100
IMTE,2024-10-01,1.23,1.25,1.17,1.18,-0.05,-4.07%,4100
IMTE,2024-10-03,1.18,1.2523,1.15,1.2523,0.0723,+6.13%,3300
IMTE,2024-10-04,1.24,1.24,1.21,1.22,-0.0323,-2.58%,900
IMTE,2024-10-07,1.21,1.3755,1.2092,1.3755,0.1555,+12.75%,8200
IMTE,2024-10-08,1.29,1.29,1.21,1.22,-0.1555,-11.30%,3000
IMTE,2024-10-09,1.22,1.22,1.21,1.21,-0.01,-0.82%,700
IMTE,2024-10-10,1.19,1.3804,1.19,1.24,0.03,+2.48%,900
IMTE,2024-10-11,1.1738,1.2399,1.1738,1.2399,-0.0001,-0.01%,2600
IMTE,2024-10-14,1.24,1.24,1.23,1.23,-0.0099,-0.80%,400
IMTE,2024-10-15,1.2199,1.2199,1.06,1.1,-0.13,-10.57%,18500
IMTE,2024-10-16,1.06,1.2025,1.06,1.1999,0.0999,+9.08%,3900
IMTE,2024-10-17,1.24,1.27,1.18,1.18,-0.0199,-1.66%,4900
IMTE,2024-10-18,1.26,1.32,1.23,1.23,0.05,+4.24%,3700
IMTE,2024-10-21,1.28,1.28,1.23,1.23,0,0.00%,2600
IMTE,2024-10-22,1.24,1.24,1.18,1.2,-0.03,-2.44%,4200
IMTE,2024-10-23,1.13,1.23,1.13,1.23,0.03,+2.50%,3200
IMTE,2024-10-24,1.29,1.6486,1.16,1.54,0.31,+25.20%,259600
IMTE,2024-10-25,1.64,1.7799,1.56,1.68,0.14,+9.09%,77100
IMTE,2024-10-28,1.8,1.87,1.6503,1.81,0.13,+7.74%,76800
IMTE,2024-10-29,1.89,2.45,1.8301,1.98,0.17,+9.39%,613400
IMTE,2024-10-30,2.18,2.36,1.9001,2.08,0.1,+5.05%,374300
IMTE,2024-10-31,1.89,2,1.5,1.7293,-0.3507,-16.86%,177400
IMTE,2024-11-01,1.59,1.705,1.5,1.51,-0.2193,-12.68%,27400
IMTE,2024-11-04,1.45,1.4868,1.35,1.42,-0.09,-5.96%,19900
IMTE,2024-11-05,1.44,1.44,1.25,1.3801,-0.0399,-2.81%,22000
IMTE,2024-11-06,1.39,1.5689,1.2501,1.46,0.0799,+5.79%,60800
IMTE,2024-11-07,1.57,1.9,1.4501,1.46,0,0.00%,48900
IMTE,2024-11-08,1.53,1.69,1.38,1.38,-0.08,-5.48%,38300
IMTE,2024-11-11,1.35,1.355,1.31,1.33,-0.05,-3.62%,10300
IMTE,2024-11-12,1.3,1.345,1.2757,1.28,-0.05,-3.76%,16400
IMTE,2024-11-13,1.27,1.2725,1.22,1.2595,-0.0205,-1.60%,7500
IMTE,2024-11-14,1.18,1.28,1.1501,1.16,-0.0995,-7.90%,16800
IMTE,2024-11-15,1.21,1.21,1.15,1.21,0.05,+4.31%,12500
IMTE,2024-11-18,1.2,1.2391,1.16,1.2295,0.0195,+1.61%,4100
IMTE,2024-11-19,1.195,1.2092,1.16,1.17,-0.0595,-4.84%,4100
IMTE,2024-11-20,1.23,1.27,1.153,1.1958,0.0258,+2.21%,11400
IMTE,2024-11-21,1.13,1.2199,1.13,1.203,0.0072,+0.60%,8300
IMTE,2024-11-22,1.2,1.2234,1.16,1.21,0.007,+0.58%,4700
IMTE,2024-11-25,1.26,1.26,1.16,1.16,-0.05,-4.13%,6348
IMTE,2024-11-26,1.22,1.2428,1.1601,1.18,0.02,+1.72%,18121
IMTE,2024-11-27,1.3,1.5348,1.17,1.27,0.09,+7.63%,62000
IMTE,2024-11-29,1.21,1.25,1.2,1.21,-0.06,-4.72%,12000
IMTE,2024-12-02,1.21,1.4122,1.21,1.325,0.115,+9.50%,23800
IMTE,2024-12-03,1.49,1.57,1.21,1.54,0.215,+16.23%,153700
IMTE,2024-12-04,1.43,1.6,1.3,1.43,-0.11,-7.14%,73800
IMTE,2024-12-05,1.4,1.4412,1.3327,1.43,0,0.00%,11700
IMTE,2024-12-06,1.39,1.391,1.36,1.39,-0.04,-2.80%,3600
IMTE,2024-12-09,1.41,1.41,1.3,1.31,-0.08,-5.76%,5900
IMTE,2024-12-10,1.3,1.31,1.26,1.31,0,0.00%,3500
IMTE,2024-12-11,1.26,1.29,1.24,1.25,-0.06,-4.58%,11500
IMTE,2024-12-12,1.26,1.2919,1.22,1.245,-0.005,-0.40%,6800
IMTE,2024-12-13,1.26,1.2926,1.22,1.25,0.005,+0.40%,8600
IMTE,2024-12-16,1.22,1.25,1.212,1.22,-0.03,-2.40%,8000
IMTE,2024-12-17,1.25,1.26,1.21,1.22,0,0.00%,3800
IMTE,2024-12-18,1.2,1.54,1.19,1.21,-0.01,-0.82%,55500
IMTE,2024-12-19,1.25,1.32,1.2,1.245,0.035,+2.89%,13800
IMTE,2024-12-20,1.24,1.3127,1.23,1.24,-0.005,-0.40%,5800
IMTE,2024-12-23,1.31,1.31,1.22,1.22,-0.02,-1.61%,2000
IMTE,2024-12-24,1.2589,1.33,1.2357,1.2357,0.0157,+1.29%,2900
IMTE,2024-12-26,1.35,1.4199,1.2408,1.32,0.0843,+6.82%,18800
IMTE,2024-12-27,1.29,1.35,1.28,1.28,-0.04,-3.03%,10600
IMTE,2024-12-30,1.22,1.26,1.1815,1.2,-0.08,-6.25%,114200
IMTE,2024-12-31,1.21,1.3094,1.21,1.25,0.05,+4.17%,12100
IMTE,2025-01-02,1.26,1.35,1.22,1.26,0.01,+0.80%,34600
IMTE,2025-01-03,1.3,1.4,1.29,1.37,0.11,+8.73%,18400
IMTE,2025-01-06,1.37,1.46,1.31,1.32,-0.05,-3.65%,20300
IMTE,2025-01-07,1.35,1.3501,1.27,1.29,-0.03,-2.27%,10400
IMTE,2025-01-08,1.3,1.32,1.22,1.26,-0.03,-2.33%,9300
IMTE,2025-01-10,1.26,1.285,1.25,1.265,0.005,+0.40%,12000
IMTE,2025-01-13,1.29,1.36,1.28,1.35,0.085,+6.72%,19000
IMTE,2025-01-14,1.32,1.33,1.26,1.3,-0.05,-3.70%,9900
IMTE,2025-01-15,1.3,1.3,1.23,1.2799,-0.0201,-1.55%,7100
IMTE,2025-01-16,1.25,1.26,1.22,1.25,-0.0299,-2.34%,4800
IMTE,2025-01-17,1.3,1.3,1.25,1.2851,0.0351,+2.81%,7200
IMTE,2025-01-21,1.23,1.3199,1.23,1.3167,0.0316,+2.46%,11700
IMTE,2025-01-22,1.36,1.46,1.332,1.43,0.1133,+8.60%,28100
IMTE,2025-01-23,1.4,1.6,1.4,1.5272,0.0972,+6.80%,29400
IMTE,2025-01-24,1.59,1.63,1.53,1.53,0.0028,+0.18%,19200
IMTE,2025-01-27,1.46,1.6,1.3,1.358,-0.172,-11.24%,12700
IMTE,2025-01-28,1.25,1.4,1.25,1.3,-0.058,-4.27%,9000
IMTE,2025-01-29,1.2918,1.3,1.2918,1.3,0,0.00%,1800
IMTE,2025-01-30,1.27,1.27,1.261,1.261,-0.039,-3.00%,1900
IMTE,2025-01-31,1.28,1.28,1.26,1.26,-0.001,-0.08%,2100
IMTE,2025-02-03,1.21,1.26,1.2,1.2286,-0.0314,-2.49%,11200
IMTE,2025-02-04,1.18,1.321,1.18,1.26,0.0314,+2.56%,7400
IMTE,2025-02-05,1.17,1.48,1.17,1.3,0.04,+3.17%,15700
IMTE,2025-02-06,1.3,1.3472,1.23,1.33,0.03,+2.31%,13100
IMTE,2025-02-07,1.2929,1.2929,1.2929,1.2929,-0.0371,-2.79%,400
IMTE,2025-02-10,1.27,1.29,1.25,1.27,-0.0229,-1.77%,4300
IMTE,2025-02-11,1.26,1.26,1.25,1.25,-0.02,-1.57%,1600
IMTE,2025-02-12,1.33,1.33,1.24,1.242,-0.008,-0.64%,2800
IMTE,2025-02-13,1.2644,1.275,1.26,1.275,0.033,+2.66%,2800
IMTE,2025-02-14,1.2561,1.2561,1.2561,1.2561,-0.0189,-1.48%,400
IMTE,2025-02-18,1.26,1.3,1.22,1.23,-0.0261,-2.08%,11800
IMTE,2025-02-19,1.21,1.28,1.21,1.2361,0.0061,+0.50%,900
IMTE,2025-02-20,1.3,1.3,1.28,1.28,0.0439,+3.55%,1700
IMTE,2025-02-21,1.245,1.28,1.2101,1.2635,-0.0165,-1.29%,6500
IMTE,2025-02-24,1.266,1.266,1.23,1.23,-0.0335,-2.65%,1100
IMTE,2025-02-25,1.22,1.25,1.11,1.228,-0.002,-0.16%,17200
IMTE,2025-02-26,1.14,1.2,1.14,1.16,-0.068,-5.54%,3900
IMTE,2025-02-27,1.16,1.2099,1.16,1.18,0.02,+1.72%,5400
IMTE,2025-02-28,1.19,1.21,1.19,1.21,0.03,+2.54%,2800
IMTE,2025-03-03,1.22,1.2293,1.15,1.15,-0.06,-4.96%,2300
IMTE,2025-03-04,1.15,1.17,1.1,1.1,-0.05,-4.35%,8800
IMTE,2025-03-05,1.1,1.19,1.1,1.13,0.03,+2.73%,8100
IMTE,2025-03-06,1.2,1.2,1.14,1.14,0.01,+0.88%,2800
IMTE,2025-03-07,1.1,1.18,1.1,1.18,0.04,+3.51%,4300
IMTE,2025-03-10,1.11,1.15,1.05,1.11,-0.07,-5.93%,10400
IMTE,2025-03-11,1.099,1.099,1.01,1.03,-0.08,-7.21%,7100
IMTE,2025-03-12,1.03,1.0558,1.03,1.055,0.025,+2.43%,1500
IMTE,2025-03-13,1.03,1.1035,1.0201,1.09,0.035,+3.32%,2400
IMTE,2025-03-14,1.04,1.04,1.04,1.04,-0.05,-4.59%,2600
IMTE,2025-03-17,1.03,1.0688,1.01,1.0399,-0.0001,-0.01%,10200
IMTE,2025-03-18,1.11,1.11,1,1.01,-0.0299,-2.88%,12700
IMTE,2025-03-19,1,1.01,0.98,1.01,0,0.00%,10800
IMTE,2025-03-20,0.9346,1.01,0.9246,0.94,-0.07,-6.93%,9300
IMTE,2025-03-21,0.9323,0.9398,0.5101,0.5399,-0.4001,-42.56%,1403400
IMTE,2025-03-24,1.26,2.23,1.03,2.1,1.5601,+288.96%,108144300
IMTE,2025-03-25,1.55,2,1.44,1.89,-0.21,-10.00%,4934000
IMTE,2025-03-26,1.85,3.17,1.67,1.93,0.04,+2.12%,14445100
IMTE,2025-03-27,1.9,2.5399,1.85,1.86,-0.07,-3.63%,1204400
IMTE,2025-03-28,1.85,1.9694,1.63,1.72,-0.14,-7.53%,242500
IMTE,2025-03-31,1.61,1.67,1.47,1.63,-0.09,-5.23%,154600
IMTE,2025-04-01,1.64,1.82,1.64,1.67,0.04,+2.45%,174100
IMTE,2025-04-02,1.62,1.76,1.6,1.63,-0.04,-2.40%,70200
IMTE,2025-04-03,1.58,1.58,1.4,1.46,-0.17,-10.43%,91900
IMTE,2025-04-04,1.43,1.6495,1.4016,1.56,0.1,+6.85%,71900
IMTE,2025-04-07,1.47,1.7899,1.44,1.64,0.08,+5.13%,49100
IMTE,2025-04-08,1.65,1.78,1.45,1.505,-0.135,-8.23%,121200
IMTE,2025-04-09,1.59,1.67,1.4,1.47,-0.035,-2.33%,83800
IMTE,2025-04-10,1.45,1.55,1.41,1.43,-0.04,-2.72%,39800
IMTE,2025-04-11,1.4,1.419,1.29,1.3892,-0.0408,-2.85%,66400
IMTE,2025-04-14,1.33,1.4,1.3,1.31,-0.0792,-5.70%,19500
IMTE,2025-04-15,1.31,1.352,1.3,1.34,0.03,+2.29%,24300
IMTE,2025-04-16,1.3,1.31,1.2003,1.23,-0.11,-8.21%,49200
IMTE,2025-04-17,1.22,1.285,1.215,1.26,0.03,+2.44%,7100
IMTE,2025-04-21,1.23,1.24,1.22,1.23,-0.03,-2.38%,9100
IMTE,2025-04-22,1.23,1.26,1.2,1.2262,-0.0038,-0.31%,10500
IMTE,2025-04-23,1.24,1.3,1.24,1.25,0.0238,+1.94%,6400
IMTE,2025-04-24,1.29,1.2981,1.21,1.2981,0.0481,+3.85%,36600
IMTE,2025-04-25,1.29,1.29,1.25,1.25,-0.0481,-3.71%,2600
IMTE,2025-04-28,1.2464,1.2567,1.21,1.21,-0.04,-3.20%,11800
IMTE,2025-04-29,1.21,1.27,1.21,1.22,0.01,+0.83%,3200
IMTE,2025-04-30,1.24,1.25,1.18,1.18,-0.04,-3.28%,6900
IMTE,2025-05-01,1.2,1.22,1.18,1.21,0.03,+2.54%,12500
IMTE,2025-05-02,1.22,1.22,1.19,1.21,0,0.00%,5200
IMTE,2025-05-05,1.15,1.2544,1.15,1.2,-0.01,-0.83%,9700
IMTE,2025-05-06,1.24,1.24,1.18,1.19,-0.01,-0.83%,7900
IMTE,2025-05-07,1.18,1.24,1.18,1.19,0,0.00%,4700
IMTE,2025-05-08,1.19,1.19,1.12,1.16,-0.03,-2.52%,16900
IMTE,2025-05-09,1.17,1.206,1.17,1.17,0.01,+0.86%,1700
IMTE,2025-05-12,1.17,1.24,1.17,1.205,0.035,+2.99%,13300
IMTE,2025-05-13,1.21,1.2599,1.1,1.25,0.045,+3.73%,62700
IMTE,2025-05-14,1.22,1.25,1.22,1.25,0,0.00%,5100
IMTE,2025-05-15,1.17,1.25,1.16,1.23,-0.02,-1.60%,21100
IMTE,2025-05-16,1.25,1.25,1.17,1.18,-0.05,-4.07%,4900
IMTE,2025-05-19,1.2,1.25,1.1976,1.25,0.07,+5.93%,3800
IMTE,2025-05-20,1.19,1.25,1.19,1.23,-0.02,-1.60%,8200
IMTE,2025-05-21,1.19,1.25,1.19,1.22,-0.01,-0.81%,4000
IMTE,2025-05-22,1.22,1.25,1.2,1.25,0.03,+2.46%,8900
IMTE,2025-05-23,1.21,1.22,1.18,1.195,-0.055,-4.40%,16800
IMTE,2025-05-27,1.18,1.19,1.15,1.15,-0.045,-3.77%,9500
IMTE,2025-05-28,1.16,1.16,1.1322,1.15,0,0.00%,3400
IMTE,2025-05-29,1.16,1.16,1.134,1.134,-0.016,-1.39%,5200
IMTE,2025-05-30,1.13,1.135,1.1,1.106,-0.028,-2.47%,5000
IMTE,2025-06-02,1.05,1.135,1.05,1.1,-0.006,-0.54%,2200
IMTE,2025-06-03,1.11,1.12,1.08,1.08,-0.02,-1.82%,11800
IMTE,2025-06-04,1.09,1.128,1.08,1.08,0,0.00%,6400
IMTE,2025-06-05,1.115,1.1179,1.1148,1.1148,0.0348,+3.22%,2200
IMTE,2025-06-06,1.11,1.12,1.095,1.12,0.0052,+0.47%,1300
IMTE,2025-06-09,1.12,1.16,1.12,1.15,0.03,+2.68%,1200
IMTE,2025-06-10,1.13,1.13,1.1,1.11,-0.04,-3.48%,6200
IMTE,2025-06-11,1.12,1.12,1.0702,1.1,-0.01,-0.90%,8300
IMTE,2025-06-12,1.09,1.09,1.07,1.09,-0.01,-0.91%,2700
IMTE,2025-06-13,1.07,1.08,1.07,1.07,-0.02,-1.83%,6400
IMTE,2025-06-16,1.065,1.11,1.065,1.105,0.035,+3.27%,4600
IMTE,2025-06-17,1.1,1.1,1.08,1.08,-0.025,-2.26%,7400
IMTE,2025-06-18,1.089,1.089,1.05,1.089,0.009,+0.83%,3400
IMTE,2025-06-20,1.02,1.065,0.8645,1.03,-0.059,-5.42%,46700
IMTE,2025-06-23,1,1,0.93,0.9899,-0.0401,-3.89%,8500
IMTE,2025-06-24,0.96,1.0213,0.9488,0.9985,0.0086,+0.87%,31400
IMTE,2025-06-25,1.01,1.02,0.9609,1.02,0.0215,+2.15%,22300
IMTE,2025-06-26,1.03,1.0311,0.9743,0.9887,-0.0313,-3.07%,12800
IMTE,2025-06-27,0.98,0.99,0.9401,0.9675,-0.0212,-2.14%,19600
IMTE,2025-06-30,0.95,0.9855,0.7434,0.98,0.0125,+1.29%,860600
IMTE,2025-07-01,0.91,1.01,0.8851,1,0.02,+2.04%,87500
IMTE,2025-07-02,1.01,1.1928,0.9801,1.08,0.08,+8.00%,182400
IMTE,2025-07-03,1.08,1.085,1.01,1.04,-0.04,-3.70%,21000
IMTE,2025-07-07,1.08,1.12,1.0006,1.1192,0.0792,+7.62%,39800
IMTE,2025-07-08,1.1,1.12,1.0401,1.07,-0.0492,-4.40%,14700
IMTE,2025-07-09,1.05,1.12,1.04,1.04,-0.03,-2.80%,23900
IMTE,2025-07-10,1.05,1.13,1.03,1.0662,0.0262,+2.52%,69900
IMTE,2025-07-11,1.05,1.11,1.03,1.085,0.0188,+1.76%,57700
IMTE,2025-07-14,1.051,1.2599,1.03,1.08,-0.005,-0.46%,103000
IMTE,2025-07-15,1.0442,1.25,1.0442,1.12,0.04,+3.70%,177100
IMTE,2025-07-16,1.1,1.21,1.08,1.11,-0.01,-0.89%,240600
IMTE,2025-07-17,1.1,1.1899,1.0415,1.15,0.04,+3.60%,162100
IMTE,2025-07-18,1.24,1.4157,1.1101,1.38,0.23,+20.00%,296000
IMTE,2025-07-21,1.36,1.45,1.2801,1.44,0.06,+4.35%,410100
IMTE,2025-07-22,1.44,1.54,1.35,1.38,-0.06,-4.17%,356400
IMTE,2025-07-23,1.32,1.4,1.26,1.26,-0.12,-8.70%,63300
IMTE,2025-07-24,1.26,1.27,1.1901,1.26,0,0.00%,36600
IMTE,2025-07-25,1.26,1.26,1.13,1.15,-0.11,-8.73%,70600
IMTE,2025-07-28,1.07,1.13,1.0255,1.08,-0.07,-6.09%,60100
IMTE,2025-07-29,1.08,1.12,1,1.03,-0.05,-4.63%,73100
IMTE,2025-07-30,1.03,1.08,1.03,1.03,0,0.00%,4000
IMTE,2025-07-31,1.08,1.2,1.03,1.07,0.04,+3.88%,232300
IMTE,2025-08-01,1.04,1.07,0.96,1.005,-0.065,-6.07%,16000
IMTE,2025-08-04,1,1.026,0.9538,0.9902,-0.0148,-1.47%,33100
IMTE,2025-08-05,0.92,1.02,0.92,1.02,0.0298,+3.01%,6300
IMTE,2025-08-06,1.02,1.0945,1.02,1.0456,0.0256,+2.51%,6900
IMTE,2025-08-07,1.05,1.05,1,1,-0.0456,-4.36%,2000
IMTE,2025-08-08,0.99,1.045,0.99,0.9998,-0.0002,-0.02%,4600
IMTE,2025-08-11,1.03,1.0791,0.9775,1.01,0.0102,+1.02%,14600
IMTE,2025-08-12,1.01,1.03,0.96,0.9721,-0.0379,-3.75%,4700
IMTE,2025-08-13,0.97,0.99,0.96,0.96,-0.0121,-1.24%,7500
IMTE,2025-08-14,1.01,1.02,0.95,0.95,-0.01,-1.04%,13300
IMTE,2025-08-15,0.95,1.02,0.95,0.951,0.001,+0.11%,15000
IMTE,2025-08-18,0.9799,0.98,0.955,0.9655,0.0145,+1.52%,5800
IMTE,2025-08-19,0.95,0.97,0.95,0.95,-0.0155,-1.61%,13400
IMTE,2025-08-20,0.95,0.96,0.95,0.9501,0.0001,+0.01%,10900
IMTE,2025-08-21,0.96,1.02,0.95,1.02,0.0699,+7.36%,14900
IMTE,2025-08-22,0.98,1.02,0.9502,0.982,-0.038,-3.73%,14700
IMTE,2025-08-25,0.95,0.9756,0.95,0.95,-0.032,-3.26%,11600
IMTE,2025-08-26,0.96,0.972,0.95,0.95,0,0.00%,19600
IMTE,2025-08-27,0.95,0.995,0.95,0.96,0.01,+1.05%,15400
IMTE,2025-08-28,0.96,0.995,0.87,0.88,-0.08,-8.33%,34900
IMTE,2025-08-29,0.89,0.9,0.88,0.88,0,0.00%,10400
IMTE,2025-09-02,0.88,1,0.842,0.8943,0.0143,+1.63%,416000
IMTE,2025-09-03,0.94,1.02,0.9102,1.02,0.1257,+14.06%,131100
IMTE,2025-09-04,0.99,1.04,0.96,0.9615,-0.0585,-5.74%,73500
IMTE,2025-09-05,0.9752,1.01,0.9105,0.929,-0.0325,-3.38%,20900
IMTE,2025-09-08,0.9069,0.9954,0.8851,0.9,-0.029,-3.12%,215900
IMTE,2025-09-09,0.9,0.96,0.87,0.93,0.03,+3.33%,71600
IMTE,2025-09-10,0.8812,1.15,0.8812,1.07,0.14,+15.05%,206900
IMTE,2025-09-11,1.08,1.1994,1.0201,1.14,0.07,+6.54%,104100
IMTE,2025-09-12,1.22,1.2446,1.1001,1.175,0.035,+3.07%,114600
IMTE,2025-09-15,1.17,1.17,1.08,1.08,-0.095,-8.09%,50400
IMTE,2025-09-16,1.16,1.22,0.933,1.08,0,0.00%,21051500
IMTE,2025-09-17,1.01,1.08,0.9901,1.06,-0.02,-1.85%,264800
IMTE,2025-09-18,1.09,1.16,1,1.11,0.05,+4.72%,158000
IMTE,2025-09-19,1.1,1.38,1.1,1.22,0.11,+9.91%,388000
IMTE,2025-09-22,1.22,1.22,1.13,1.13,-0.09,-7.38%,61600
IMTE,2025-09-23,1.13,1.15,1.1,1.14,0.01,+0.88%,62400
IMTE,2025-09-24,1.18,1.2175,1.08,1.08,-0.06,-5.26%,24600
IMTE,2025-09-25,1.07,1.11,1.05,1.09,0.01,+0.93%,26600
IMTE,2025-09-26,1.08,1.1001,1.02,1.04,-0.05,-4.59%,17500
IMTE,2025-09-29,1.11,1.11,0.98,1.02,-0.02,-1.92%,32600
IMTE,2025-09-30,1.02,1.02,0.9601,0.9957,-0.0243,-2.38%,32100
IMTE,2025-10-01,0.98,1.29,0.9651,1.24,0.2443,+24.54%,855500
IMTE,2025-10-02,1.25,1.25,1.1,1.13,-0.11,-8.87%,142900
IMTE,2025-10-03,1.11,1.17,1.11,1.12,-0.01,-0.88%,27200
IMTE,2025-10-06,1.14,1.14,1.11,1.14,0.02,+1.79%,24000
IMTE,2025-10-07,1.18,1.18,1.09,1.1,-0.04,-3.51%,16700
IMTE,2025-10-08,1.12,1.2,1.085,1.16,0.06,+5.45%,151800
IMTE,2025-10-09,1.09,1.135,1.09,1.115,-0.045,-3.88%,30700
IMTE,2025-10-10,1.12,1.12,1.04,1.04,-0.075,-6.73%,12900
IMTE,2025-10-13,1.07,1.075,1.034,1.04,0,0.00%,15800
IMTE,2025-10-14,1.04,1.08,1.03,1.05,0.01,+0.96%,45400
IMTE,2025-10-15,1.06,1.0699,1.01,1.04,-0.01,-0.95%,44900
IMTE,2025-10-16,1.05,1.06,0.995,1,-0.04,-3.85%,36600
IMTE,2025-10-17,1,1,0.9701,0.982,-0.018,-1.80%,25800
IMTE,2025-10-20,0.97,1.02,0.9659,1.02,0.038,+3.87%,14900
IMTE,2025-10-21,1.02,1.02,0.989,0.9898,-0.0302,-2.96%,12100
IMTE,2025-10-22,0.98,1,0.96,0.9604,-0.0294,-2.97%,14400
IMTE,2025-10-23,0.97,0.97,0.9281,0.9449,-0.0155,-1.61%,56700
IMTE,2025-10-24,0.93,0.9686,0.8603,0.919,-0.0259,-2.74%,107300
IMTE,2025-10-27,0.95,0.98,0.88,0.98,0.061,+6.64%,165600
IMTE,2025-10-28,0.9923,1.05,0.9542,1.03,0.05,+5.10%,59000
IMTE,2025-10-29,1,1.05,0.9493,0.9493,-0.0807,-7.83%,90900
IMTE,2025-10-30,0.95,0.9599,0.8703,0.915,-0.0343,-3.61%,59500
IMTE,2025-10-31,0.9,1.01,0.76,0.865,-0.05,-5.46%,83100
IMTE,2025-11-03,0.87,0.87,0.8244,0.86,-0.005,-0.58%,20400
IMTE,2025-11-04,0.804,0.85,0.79,0.8084,-0.0516,-6.00%,10700
IMTE,2025-11-05,0.82,0.89,0.78,0.875,0.0666,+8.24%,201100
IMTE,2025-11-06,0.8301,0.8849,0.7905,0.8682,-0.0068,-0.78%,59000
IMTE,2025-11-07,0.8311,0.8311,0.6107,0.7323,-0.1359,-15.65%,171100
IMTE,2025-11-10,1.01,1.34,0.911,1.05,0.3177,+43.38%,76210800
IMTE,2025-11-11,0.92,0.926,0.81,0.8378,-0.2122,-20.21%,1065600
IMTE,2025-11-12,0.817,0.9037,0.81,0.88,0.0422,+5.04%,385700
IMTE,2025-11-13,0.82,0.955,0.78,0.9181,0.0381,+4.33%,313600
IMTE,2025-11-14,0.8989,0.914,0.8607,0.8702,-0.0479,-5.22%,57400
IMTE,2025-11-17,0.81,0.8413,0.8016,0.8171,-0.0531,-6.10%,99800
IMTE,2025-11-18,0.78,0.845,0.775,0.845,0.0279,+3.41%,74600
IMTE,2025-11-19,0.8,0.92,0.77,0.8919,0.0469,+5.55%,197700
IMTE,2025-11-20,0.9,0.91,0.8321,0.87,-0.0219,-2.46%,103800
IMTE,2025-11-21,0.8674,0.8674,0.7411,0.8196,-0.0504,-5.79%,83000
IMTE,2025-11-24,0.7713,0.7854,0.7,0.7442,-0.0754,-9.20%,112000
IMTE,2025-11-25,0.74,0.7442,0.6713,0.7093,-0.0349,-4.69%,72000
IMTE,2025-11-26,0.69,0.7,0.67,0.6932,-0.0161,-2.27%,90400
IMTE,2025-11-28,0.7,0.722,0.69,0.708,0.0148,+2.14%,32300
IMTE,2025-12-01,0.71,0.7854,0.66,0.6981,-0.0099,-1.40%,867100
IMTE,2025-12-02,0.6949,0.7444,0.665,0.7399,0.0418,+5.99%,128000
IMTE,2025-12-03,0.7104,0.7367,0.7001,0.7229,-0.017,-2.30%,54100
IMTE,2025-12-04,0.72,0.76,0.7,0.7381,0.0152,+2.10%,96500
IMTE,2025-12-05,0.716,0.77,0.716,0.759,0.0209,+2.83%,52600
IMTE,2025-12-08,0.7406,0.799,0.7406,0.799,0.04,+5.27%,83200
IMTE,2025-12-09,0.8,0.867,0.76,0.8588,0.0598,+7.48%,145800
IMTE,2025-12-10,0.8251,0.84,0.7513,0.8187,-0.0401,-4.67%,46100
IMTE,2025-12-11,0.76,0.8187,0.76,0.8187,0,0.00%,27300
IMTE,2025-12-12,0.78,0.7994,0.75,0.7569,-0.0618,-7.55%,55500
IMTE,2025-12-15,0.79,0.79,0.684,0.7383,-0.0186,-2.46%,49500
IMTE,2025-12-16,0.68,0.7035,0.6266,0.6884,-0.0499,-6.76%,73900
IMTE,2025-12-17,0.6677,0.6763,0.6101,0.645,-0.0434,-6.30%,46900
IMTE,2025-12-18,0.6329,0.6399,0.61,0.6374,-0.0076,-1.18%,24700
IMTE,2025-12-19,0.608,0.6799,0.605,0.673,0.0356,+5.59%,44300
IMTE,2025-12-22,0.66,0.673,0.615,0.673,0,0.00%,39700
IMTE,2025-12-23,0.66,0.66,0.625,0.65,-0.023,-3.42%,4500
IMTE,2025-12-24,0.625,0.6374,0.6033,0.6374,-0.0126,-1.94%,36100
IMTE,2025-12-26,0.63,0.6331,0.5901,0.614,-0.0234,-3.67%,17000
IMTE,2025-12-29,0.6145,0.65,0.5753,0.599,-0.015,-2.44%,29000
IMTE,2025-12-30,0.5988,0.6199,0.5765,0.5943,-0.0047,-0.78%,24800
IMTE,2025-12-31,0.58,0.625,0.58,0.601,0.0067,+1.13%,16400
IMTE,2026-01-02,0.59,0.65,0.59,0.6052,0.0042,+0.70%,3100
IMTE,2026-01-05,0.605,0.605,0.572,0.58,-0.0252,-4.16%,19200
IMTE,2026-01-06,0.5705,0.61,0.5,0.539,-0.041,-7.07%,71400
IMTE,2026-01-07,0.52,0.5382,0.501,0.5246,-0.0144,-2.67%,33000
IMTE,2026-01-08,0.53,0.54,0.51,0.54,0.0154,+2.94%,16300
IMTE,2026-01-09,0.55,0.59,0.55,0.589,0.049,+9.07%,35100
IMTE,2026-01-12,0.51,0.6,0.51,0.5875,-0.0015,-0.25%,20700
IMTE,2026-01-13,0.5577,0.62,0.5577,0.6075,0.02,+3.40%,18800
IMTE,2026-01-14,0.59,0.6199,0.5449,0.5922,-0.0153,-2.52%,16700
IMTE,2026-01-15,0.61,0.61,0.566,0.58,-0.0122,-2.06%,30600
IMTE,2026-01-16,0.58,0.75,0.5301,0.6571,0.0771,+13.29%,292000
IMTE,2026-01-20,0.7086,0.7086,0.6301,0.7072,0.0501,+7.62%,33586500
IMTE,2026-01-21,1.06,1.07,0.77,0.9177,0.2105,+29.77%,26323900
IMTE,2026-01-22,0.886,0.9,0.7267,0.8278,-0.0899,-9.80%,892600
IMTE,2026-01-23,0.733,1.1,0.7264,0.9629,0.1351,+16.32%,637000
IMTE,2026-01-26,0.83,0.94,0.7805,0.9021,-0.0608,-6.31%,150000
IMTE,2026-01-27,0.8773,1,0.843,0.95,0.0479,+5.31%,181600
IMTE,2026-01-28,0.9473,0.99,0.8701,0.9148,-0.0352,-3.71%,103900
IMTE,2026-01-29,0.89,1.05,0.8874,0.9826,0.0678,+7.41%,265200
IMTE,2026-01-30,1,1,0.82,0.8513,-0.1313,-13.36%,120200
IMTE,2026-02-02,0.8258,0.8959,0.732,0.732,-0.1193,-14.01%,34700
IMTE,2026-02-03,0.7208,0.7585,0.72,0.7232,-0.0088,-1.20%,23400
IMTE,2026-02-04,0.7232,0.7499,0.6817,0.6973,-0.0259,-3.58%,43500
IMTE,2026-02-05,0.675,0.695,0.643,0.643,-0.0543,-7.79%,43400
IMTE,2026-02-06,0.643,0.69,0.63,0.6347,-0.0083,-1.29%,32000
IMTE,2026-02-09,0.6668,0.67,0.601,0.62,-0.0147,-2.32%,16100
IMTE,2026-02-10,0.6301,0.645,0.5881,0.5882,-0.0318,-5.13%,21900
IMTE,2026-02-11,0.59,0.6239,0.5882,0.6076,0.0194,+3.30%,15900
IMTE,2026-02-12,0.59,0.668,0.5803,0.621,0.0134,+2.21%,26100
IMTE,2026-02-13,0.6,0.7212,0.58,0.699,0.078,+12.56%,65900
IMTE,2026-02-17,0.67,0.7677,0.58,0.709,0.01,+1.43%,251300
IMTE,2026-02-18,0.7279,0.77,0.661,0.696,-0.013,-1.83%,158900
IMTE,2026-02-19,0.689,0.689,0.589,0.6501,-0.0459,-6.59%,133200
IMTE,2026-02-20,0.6412,0.72,0.6244,0.6997,0.0496,+7.63%,33300
IMTE,2026-02-23,0.7,0.7202,0.5785,0.6099,-0.0898,-12.83%,158900
IMTE,2026-02-24,0.6038,0.6038,0.55,0.5802,-0.0297,-4.87%,26200
IMTE,2026-02-25,0.6072,0.6199,0.5701,0.5791,-0.0011,-0.19%,9000
IMTE,2026-02-26,0.5766,0.6693,0.55,0.6595,0.0804,+13.88%,10805100
IMTE,2026-02-27,0.629,0.645,0.525,0.5649,-0.0946,-14.34%,674500
IMTE,2026-03-02,0.5164,0.6599,0.5,0.6599,0.095,+16.82%,512200
IMTE,2026-03-03,0.6467,0.6899,0.52,0.6177,-0.0422,-6.39%,145800
IMTE,2026-03-04,0.6053,0.6053,0.5601,0.6,-0.0177,-2.87%,43700
IMTE,2026-03-05,0.5777,0.5999,0.53,0.5961,-0.0039,-0.65%,51700
IMTE,2026-03-06,0.54,0.6585,0.54,0.6228,0.0267,+4.48%,40000
IMTE,2026-03-09,0.57,0.6108,0.5384,0.61,-0.0128,-2.06%,244400
IMTE,2026-03-10,0.5978,0.6268,0.58,0.624,0.014,+2.30%,14800
IMTE,2026-03-11,0.624,0.624,0.5,0.5907,-0.0333,-5.34%,76300
IMTE,2026-03-12,0.59,0.6116,0.565,0.6116,0.0209,+3.54%,14600
IMTE,2026-03-13,0.5604,0.61,0.54,0.6025,-0.0091,-1.49%,17400
IMTE,2026-03-16,0.57,0.63,0.56,0.63,0.0275,+4.56%,47500
IMTE,2026-03-17,0.6,0.63,0.5306,0.6273,-0.0027,-0.43%,57200
IMTE,2026-03-18,0.5753,0.615,0.5621,0.615,-0.0123,-1.96%,9900
IMTE,2026-03-19,0.5789,0.5999,0.531,0.595,-0.02,-3.25%,20300
IMTE,2026-03-20,0.5404,0.5949,0.5404,0.584,-0.011,-1.85%,6500
IMTE,2026-03-23,0.554,0.63,0.55,0.63,0.046,+7.88%,32400
IMTE,2026-03-24,0.62,0.63,0.5804,0.6166,-0.0134,-2.13%,9000
IMTE,2026-03-25,0.59,0.61,0.575,0.6049,-0.0117,-1.90%,26100
IMTE,2026-03-26,0.61,0.67,0.58,0.6441,0.0392,+6.48%,146500
IMTE,2026-03-27,0.5897,0.62,0.58,0.59,-0.0541,-8.40%,29500
IMTE,2026-03-30,0.604,0.604,0.577,0.6024,0.0124,+2.10%,17000
IMTE,2026-03-31,0.5839,0.589,0.54,0.589,-0.0134,-2.22%,17400
IMTE,2026-04-01,0.5865,0.589,0.56,0.589,0,0.00%,1400
IMTE,2026-04-02,0.562,0.5945,0.5487,0.5492,-0.0398,-6.76%,6400
IMTE,2026-04-06,0.589,0.589,0.55,0.56,0.0108,+1.97%,7400
IMTE,2026-04-07,0.5656,0.58,0.552,0.5776,0.0176,+3.14%,19000
IMTE,2026-04-08,0.5599,0.587,0.552,0.587,0.0094,+1.63%,10000
IMTE,2026-04-09,0.5641,0.76,0.5521,0.7249,0.1379,+23.49%,235300
IMTE,2026-04-10,0.73,0.7349,0.65,0.7,-0.0249,-3.43%,63200
IMTE,2026-04-13,0.709,0.709,0.666,0.6992,-0.0008,-0.11%,20700
IMTE,2026-04-14,0.7199,0.72,0.64,0.6842,-0.015,-2.15%,40800
IMTE,2026-04-15,0.6696,0.72,0.6336,0.707,0.0228,+3.33%,111400
IMTE,2026-04-16,0.7131,0.7131,0.65,0.6832,-0.0238,-3.37%,30300
IMTE,2026-04-17,0.6404,0.69,0.6404,0.689,0.0058,+0.85%,34700
IMTE,2026-04-20,0.6684,0.68,0.6413,0.68,-0.009,-1.31%,4000
IMTE,2026-04-21,0.6492,0.68,0.6451,0.68,0,0.00%,10900
IMTE,2026-04-22,0.54,0.6116,0.5003,0.5304,-0.1496,-22.00%,196700
IMTE,2026-04-23,0.5316,0.544,0.51,0.51,-0.0204,-3.85%,18400
IMTE,2026-04-24,0.5201,0.544,0.51,0.5175,0.0075,+1.47%,19000
IMTX,2018-12-12,9.8,9.8,9.5,9.6,9.0825,"+1,755.07%",1600
IMTX,2018-12-17,9.6,9.75,9.6,9.75,0.15,+1.56%,25100
IMTX,2018-12-18,9.615,9.615,9.615,9.615,-0.135,-1.38%,100
IMTX,2018-12-20,9.5,9.6,9.5,9.6,-0.015,-0.16%,29000
IMTX,2018-12-21,9.6,9.68,9.6,9.68,0.08,+0.83%,25100
IMTX,2018-12-31,9.8,9.8,9.8,9.8,0.12,+1.24%,100
IMTX,2019-01-15,9.79,9.8,9.74,9.8,0,0.00%,500
IMTX,2019-01-18,9.8,9.8,9.8,9.8,0,0.00%,900
IMTX,2019-02-07,9.8,9.8,9.8,9.8,0,0.00%,300
IMTX,2019-02-11,9.8,9.8,9.8,9.8,0,0.00%,4700
IMTX,2019-02-19,9.85,9.85,9.8,9.8,0,0.00%,1200
IMTX,2019-02-20,9.75,9.82,9.71,9.75,-0.05,-0.51%,606500
IMTX,2019-02-25,9.75,9.75,9.75,9.75,0,0.00%,25000
IMTX,2019-02-27,9.82,9.82,9.82,9.82,0.07,+0.72%,100
IMTX,2019-02-28,9.75,9.75,9.75,9.75,-0.07,-0.71%,85000
IMTX,2019-03-12,9.77,9.77,9.77,9.77,0.02,+0.21%,300
IMTX,2019-03-22,9.81,9.81,9.81,9.81,0.04,+0.41%,1800
IMTX,2019-03-26,9.81,9.84,9.81,9.84,0.03,+0.31%,200
IMTX,2019-03-27,9.845,9.845,9.805,9.81,-0.03,-0.30%,2500
IMTX,2019-03-28,9.83,9.83,9.83,9.83,0.02,+0.20%,300
IMTX,2019-04-01,9.84,9.84,9.84,9.84,0.01,+0.10%,102500
IMTX,2019-04-05,9.84,9.85,9.84,9.85,0.01,+0.10%,51600
IMTX,2019-04-08,9.81,9.81,9.81,9.81,-0.04,-0.41%,100
IMTX,2019-04-12,9.84,9.86,9.78,9.86,0.05,+0.51%,50800
IMTX,2019-04-17,9.84,9.84,9.84,9.84,-0.02,-0.20%,1700
IMTX,2019-04-24,9.87,9.87,9.864,9.864,0.024,+0.24%,2000
IMTX,2019-04-25,9.9,9.9,9.9,9.9,0.036,+0.36%,100
IMTX,2019-04-29,9.85,9.85,9.85,9.85,-0.05,-0.51%,1000
IMTX,2019-04-30,9.83,9.83,9.83,9.83,-0.02,-0.20%,300
IMTX,2019-05-01,9.85,9.86,9.85,9.86,0.03,+0.31%,3200
IMTX,2019-05-02,9.88,9.88,9.88,9.88,0.02,+0.20%,500
IMTX,2019-05-03,9.85,9.92,9.85,9.92,0.04,+0.40%,101200
IMTX,2019-05-07,9.9072,9.9072,9.9072,9.9072,-0.0128,-0.13%,100
IMTX,2019-05-09,9.92,9.92,9.92,9.92,0.0128,+0.13%,5000
IMTX,2019-05-14,9.92,9.92,9.92,9.92,0,0.00%,5000
IMTX,2019-05-15,9.9696,9.9696,9.9696,9.9696,0.0496,+0.50%,100
IMTX,2019-05-16,10.02,10.02,10,10,0.0304,+0.30%,1100
IMTX,2019-05-17,9.94,9.94,9.94,9.94,-0.06,-0.60%,400
IMTX,2019-05-20,9.94,9.94,9.94,9.94,0,0.00%,300
IMTX,2019-05-21,9.94,9.94,9.92,9.92,-0.02,-0.20%,100300
IMTX,2019-05-23,9.94,9.94,9.94,9.94,0.02,+0.20%,3000
IMTX,2019-05-24,9.97,9.97,9.97,9.97,0.03,+0.30%,30000
IMTX,2019-05-30,9.97,9.97,9.97,9.97,0,0.00%,400
IMTX,2019-05-31,9.95,9.95,9.94,9.94,-0.03,-0.30%,3600
IMTX,2019-06-03,9.92,9.96,9.92,9.92,-0.02,-0.20%,9600
IMTX,2019-06-04,9.96,10,9.96,10,0.08,+0.81%,310400
IMTX,2019-06-05,10,10,9.96,9.96,-0.04,-0.40%,1400
IMTX,2019-06-06,10,10,10,10,0.04,+0.40%,3200
IMTX,2019-06-07,10,10,10,10,0,0.00%,23500
IMTX,2019-06-10,10,10,10,10,0,0.00%,100
IMTX,2019-06-11,10,10,9.96,9.97,-0.03,-0.30%,102600
IMTX,2019-06-12,9.97,9.97,9.96,9.96,-0.01,-0.10%,74400
IMTX,2019-06-13,10,10,10,10,0.04,+0.40%,3000
IMTX,2019-06-14,10,10,10,10,0,0.00%,1000
IMTX,2019-06-21,9.97,9.97,9.97,9.97,-0.03,-0.30%,65000
IMTX,2019-06-24,10.01,10.01,10.01,10.01,0.04,+0.40%,200
IMTX,2019-06-25,10.01,10.01,10.01,10.01,0,0.00%,200
IMTX,2019-06-26,10.01,10.01,9.99,9.99,-0.02,-0.20%,2200
IMTX,2019-06-27,10.01,10.01,10.01,10.01,0.02,+0.20%,100
IMTX,2019-06-28,10.01,10.04,10.01,10.01,0,0.00%,500
IMTX,2019-07-01,9.98,9.98,9.98,9.98,-0.03,-0.30%,600
IMTX,2019-07-02,10.04,10.04,10.04,10.04,0.06,+0.60%,100
IMTX,2019-07-03,10.04,10.2675,10.04,10.17,0.13,+1.29%,2800
IMTX,2019-07-05,10.13,10.13,10.13,10.13,-0.04,-0.39%,200
IMTX,2019-07-08,10.11,10.11,10.08,10.08,-0.05,-0.49%,300
IMTX,2019-07-09,10.08,10.08,10.08,10.08,0,0.00%,200
IMTX,2019-07-10,10,10,10,10,-0.08,-0.79%,300
IMTX,2019-07-11,10.02,10.02,10.02,10.02,0.02,+0.20%,500
IMTX,2019-07-16,9.98,9.99,9.98,9.99,-0.03,-0.30%,3700
IMTX,2019-07-17,10.09,10.09,9.98,9.98,-0.01,-0.10%,4500
IMTX,2019-07-18,9.99,9.99,9.99,9.99,0.01,+0.10%,3200
IMTX,2019-07-19,9.99,9.99,9.99,9.99,0,0.00%,1000
IMTX,2019-07-22,10.05,10.05,10.05,10.05,0.06,+0.60%,100
IMTX,2019-07-24,9.99,9.99,9.99,9.99,-0.06,-0.60%,100
IMTX,2019-08-02,10.02,10.02,10.02,10.02,0.03,+0.30%,200
IMTX,2019-08-06,10.02,10.02,10.02,10.02,0,0.00%,100
IMTX,2019-08-09,10.06,10.14,10.06,10.12,0.1,+1.00%,120900
IMTX,2019-08-13,10.16,10.16,10.16,10.16,0.04,+0.40%,1000
IMTX,2019-08-15,10.18,10.18,10.18,10.18,0.02,+0.20%,2900
IMTX,2019-08-19,10.19,10.19,10.19,10.19,0.01,+0.10%,15000
IMTX,2019-08-21,10.19,10.19,10.19,10.19,0,0.00%,22200
IMTX,2019-08-26,10.18,10.19,10.17,10.17,-0.02,-0.20%,2100
IMTX,2019-08-29,10.19,10.19,10.19,10.19,0.02,+0.20%,9100
IMTX,2019-09-06,10.19,10.19,10.19,10.19,0,0.00%,15800
IMTX,2019-09-10,10.17,10.17,10.17,10.17,-0.02,-0.20%,100
IMTX,2019-09-11,10.19,10.2,10.19,10.2,0.03,+0.29%,125200
IMTX,2019-09-12,10.2,10.2,10.2,10.2,0,0.00%,200
IMTX,2019-09-13,10.2,10.2,10.2,10.2,0,0.00%,1000
IMTX,2019-09-16,10.21,10.21,10.21,10.21,0.01,+0.10%,1000
IMTX,2019-09-18,10.2,10.2,10.2,10.2,-0.01,-0.10%,100
IMTX,2019-09-20,10.2,10.2,10.2,10.2,0,0.00%,1400
IMTX,2019-09-23,10.2,10.25,10.2,10.25,0.05,+0.49%,27200
IMTX,2019-09-24,10.2,10.25,10.2,10.25,0,0.00%,1500
IMTX,2019-09-25,10.25,10.25,10.25,10.25,0,0.00%,1000
IMTX,2019-09-26,10.26,10.26,10.25,10.25,0,0.00%,700
IMTX,2019-09-30,10.27,10.31,10.27,10.31,0.06,+0.59%,26400
IMTX,2019-10-01,10.27,10.27,10.27,10.27,-0.04,-0.39%,100
IMTX,2019-10-02,10.28,10.28,10.27,10.27,0,0.00%,700
IMTX,2019-10-04,10.25,10.25,10.22,10.22,-0.05,-0.49%,600
IMTX,2019-10-07,10.21,10.2203,10.1995,10.2203,0.0003,0.00%,2700
IMTX,2019-10-08,10.26,10.27,10.26,10.27,0.0497,+0.49%,1800
IMTX,2019-10-15,10.23,10.23,10.23,10.23,-0.04,-0.39%,500
IMTX,2019-10-16,10.23,10.23,10.2,10.23,0,0.00%,700
IMTX,2019-10-17,10.24,10.24,10.24,10.24,0.01,+0.10%,200
IMTX,2019-10-18,10.1601,10.1601,10.1601,10.1601,-0.0799,-0.78%,2000
IMTX,2019-10-21,11.16,11.16,10.18,10.18,0.0199,+0.20%,1900
IMTX,2019-10-23,10.22,10.22,10.201,10.22,0.04,+0.39%,600
IMTX,2019-10-24,10.21,10.21,10.21,10.21,-0.01,-0.10%,200
IMTX,2019-10-25,10.24,10.24,10.24,10.24,0.03,+0.29%,300
IMTX,2019-10-28,10.35,10.35,10.27,10.27,0.03,+0.29%,400
IMTX,2019-10-29,10.25,10.25,10.25,10.25,-0.02,-0.19%,200
IMTX,2019-10-31,10.26,10.26,10.2,10.2,-0.05,-0.49%,3600
IMTX,2019-11-01,10.27,10.27,10.27,10.27,0.07,+0.69%,1200
IMTX,2019-11-06,10.28,10.28,10.28,10.28,0.01,+0.10%,200
IMTX,2019-11-07,10.27,10.27,10.27,10.27,-0.01,-0.10%,300
IMTX,2019-11-08,10.25,10.25,10.25,10.25,-0.02,-0.19%,200
IMTX,2019-11-14,10.26,10.26,10.26,10.26,0.01,+0.10%,1000
IMTX,2019-11-19,10.3,10.3,10.3,10.3,0.04,+0.39%,400
IMTX,2019-11-25,10.33,10.33,10.2,10.2,-0.1,-0.97%,403500
IMTX,2019-11-27,10.29,10.29,10.29,10.29,0.09,+0.88%,200
IMTX,2019-11-29,10.31,10.33,10.31,10.33,0.04,+0.39%,700
IMTX,2019-12-02,10.31,10.31,10.28,10.2997,-0.0303,-0.29%,1500
IMTX,2019-12-03,10.31,10.84,10.31,10.84,0.5403,+5.25%,11800
IMTX,2019-12-04,10.32,10.58,10.32,10.58,-0.26,-2.40%,1000
IMTX,2019-12-05,10.46,10.46,10.4,10.4,-0.18,-1.70%,600
IMTX,2019-12-06,10.32,10.32,10.315,10.315,-0.085,-0.82%,8100
IMTX,2019-12-17,10.32,10.32,10.32,10.32,0.005,+0.05%,9100
IMTX,2019-12-18,10.34,10.34,10.34,10.34,0.02,+0.19%,1100
IMTX,2019-12-19,10.35,10.35,10.35,10.35,0.01,+0.10%,207000
IMTX,2019-12-20,10.4,10.45,10.4,10.45,0.1,+0.97%,6500
IMTX,2019-12-24,10.4,10.4,10.4,10.4,-0.05,-0.48%,200
IMTX,2019-12-26,10.4,10.4,10.4,10.4,0,0.00%,40000
IMTX,2019-12-27,10.41,10.44,10.39,10.4,0,0.00%,25200
IMTX,2020-01-03,10.62,10.62,10.5965,10.618,0.218,+2.10%,2100
IMTX,2020-01-08,10.509,10.5699,10.509,10.5699,-0.0481,-0.45%,1500
IMTX,2020-01-09,10.56,10.58,10.56,10.57,0.0001,0.00%,9700
IMTX,2020-01-10,10.58,10.58,10.58,10.58,0.01,+0.09%,3000
IMTX,2020-01-14,10.55,10.55,10.55,10.55,-0.03,-0.28%,5000
IMTX,2020-01-16,10.6,10.6,10.6,10.6,0.05,+0.47%,1000
IMTX,2020-01-17,10.58,10.61,10.58,10.6,0,0.00%,4800
IMTX,2020-01-21,10.6914,10.6914,10.6,10.6,0,0.00%,149900
IMTX,2020-01-22,10.675,10.675,10.675,10.675,0.075,+0.71%,100
IMTX,2020-01-23,10.6,10.61,10.6,10.6,-0.075,-0.70%,191900
IMTX,2020-01-24,10.6852,10.6852,10.61,10.61,0.01,+0.09%,35000
IMTX,2020-01-27,10.5,10.5807,10.5,10.5782,-0.0318,-0.30%,3000
IMTX,2020-01-28,10.526,10.6,10.526,10.6,0.0218,+0.21%,2000
IMTX,2020-01-29,10.5,10.5,10.413,10.413,-0.187,-1.76%,2000
IMTX,2020-01-30,10.6,10.69,10.6,10.69,0.277,+2.66%,1200
IMTX,2020-01-31,10.6992,10.7,10.6988,10.6988,0.0088,+0.08%,1600
IMTX,2020-02-03,10.6292,10.6292,10.6292,10.6292,-0.0696,-0.65%,1000
IMTX,2020-02-04,10.5745,10.7,10.4525,10.5058,-0.1234,-1.16%,4700
IMTX,2020-02-05,10.6048,10.7,10.6048,10.7,0.1942,+1.85%,10100
IMTX,2020-02-06,10.7,10.7,10.69,10.7,0,0.00%,2500
IMTX,2020-02-11,11.5473,11.5473,10.576,10.6,-0.1,-0.93%,6200
IMTX,2020-02-13,10.77,10.78,10.77,10.78,0.18,+1.70%,1200
IMTX,2020-02-14,10.65,10.79,10.65,10.79,0.01,+0.09%,50500
IMTX,2020-02-19,10.6534,10.84,10.6534,10.84,0.05,+0.46%,27100
IMTX,2020-02-20,10.85,10.85,10.823,10.85,0.01,+0.09%,8600
IMTX,2020-02-21,10.86,10.86,10.84,10.84,-0.01,-0.09%,20400
IMTX,2020-02-24,10.84,10.84,10.84,10.84,0,0.00%,500
IMTX,2020-02-25,10.6,10.82,10.5501,10.7862,-0.0538,-0.50%,8200
IMTX,2020-02-26,10.76,10.76,10.76,10.76,-0.0262,-0.24%,500
IMTX,2020-02-28,10.75,10.75,10.68,10.68,-0.08,-0.74%,2600
IMTX,2020-03-03,10.75,10.75,10.5878,10.5878,-0.0922,-0.86%,5000
IMTX,2020-03-11,10.56,10.57,10.51,10.51,-0.0778,-0.73%,12000
IMTX,2020-03-12,10.49,10.5,10.25,10.25,-0.26,-2.47%,7300
IMTX,2020-03-13,10.25,10.25,10.2,10.2,-0.05,-0.49%,179300
IMTX,2020-03-16,9.8412,9.8412,9.8412,9.8412,-0.3588,-3.52%,63300
IMTX,2020-03-17,10.58,10.58,10.15,10.25,0.4088,+4.15%,213800
IMTX,2020-03-18,10.15,10.26,10.09,10.1399,-0.1101,-1.07%,59900
IMTX,2020-03-19,10.15,10.15,10.1,10.15,0.0101,+0.10%,177700
IMTX,2020-03-20,10.2,10.2,10.2,10.2,0.05,+0.49%,200
IMTX,2020-03-23,10.2,10.2,9.9,9.99,-0.21,-2.06%,197500
IMTX,2020-03-24,10.08,10.08,10.08,10.08,0.09,+0.90%,28700
IMTX,2020-03-25,10.07,10.16,10.0201,10.16,0.08,+0.79%,1900
IMTX,2020-03-26,10.16,10.23,10.16,10.23,0.07,+0.69%,37600
IMTX,2020-03-27,10.34,10.35,10.2311,10.25,0.02,+0.20%,15400
IMTX,2020-03-30,10.3,10.3,10.3,10.3,0.05,+0.49%,800
IMTX,2020-03-31,10.2,10.2,10.18,10.1801,-0.1199,-1.16%,76500
IMTX,2020-04-01,10.2,10.25,10.1201,10.25,0.0699,+0.69%,181400
IMTX,2020-04-03,10.15,10.35,10.15,10.35,0.1,+0.98%,10100
IMTX,2020-04-06,10.255,10.35,10.255,10.35,0,0.00%,1400
IMTX,2020-04-07,10.35,10.35,10.35,10.35,0,0.00%,400
IMTX,2020-04-09,10.35,10.4,10.3,10.4,0.05,+0.48%,279400
IMTX,2020-04-13,10.41,10.41,10.35,10.4,0,0.00%,23200
IMTX,2020-04-16,10.3,10.3,10.3,10.3,-0.1,-0.96%,50000
IMTX,2020-04-17,10.3,11.0411,10.3,10.44,0.14,+1.36%,187400
IMTX,2020-04-20,10.48,10.8128,10.48,10.52,0.08,+0.77%,448900
IMTX,2020-04-21,10.551,10.551,10.551,10.551,0.031,+0.29%,100
IMTX,2020-04-22,10.62,10.65,10.57,10.6,0.049,+0.46%,132600
IMTX,2020-04-27,11.5,11.51,10.53,10.53,-0.07,-0.66%,18700
IMTX,2020-04-28,10.5,10.69,10.5,10.61,0.08,+0.76%,115300
IMTX,2020-04-29,11,11.01,10.68,10.74,0.13,+1.23%,140600
IMTX,2020-04-30,10.67,10.75,10.67,10.67,-0.07,-0.65%,56400
IMTX,2020-05-01,10.75,10.75,10.75,10.75,0.08,+0.75%,100
IMTX,2020-05-04,10.94,10.94,10.63,10.7,-0.05,-0.47%,8200
IMTX,2020-05-05,10.7,10.75,10.7,10.7,0,0.00%,78700
IMTX,2020-05-06,10.6,10.69,10.57,10.57,-0.13,-1.21%,181400
IMTX,2020-05-07,10.7,10.8,10.69,10.74,0.17,+1.61%,105100
IMTX,2020-05-08,10.7,10.76,10.56,10.74,0,0.00%,627800
IMTX,2020-05-11,10.7,10.7,10.6,10.7,-0.04,-0.37%,14500
IMTX,2020-05-12,10.7,10.7,10.55,10.6,-0.1,-0.93%,189100
IMTX,2020-05-13,10.69,10.75,10.57,10.605,0.005,+0.05%,281800
IMTX,2020-05-14,10.72,10.89,10.56,10.89,0.285,+2.69%,679300
IMTX,2020-05-15,10.87,10.98,10.75,10.78,-0.11,-1.01%,47400
IMTX,2020-05-18,11.09,11.09,10.72,10.81,0.03,+0.28%,26300
IMTX,2020-05-19,10.85,10.95,10.8001,10.9,0.09,+0.83%,374800
IMTX,2020-05-20,10.94,11.13,10.87,10.91,0.01,+0.09%,165100
IMTX,2020-05-21,11.39,11.39,10.92,11,0.09,+0.82%,218300
IMTX,2020-05-22,11.13,11.14,10.9198,10.99,-0.01,-0.09%,96800
IMTX,2020-05-26,11.51,11.51,10.975,11,0.01,+0.09%,52000
IMTX,2020-05-27,11.01,11.05,10.95,10.95,-0.05,-0.45%,180800
IMTX,2020-05-28,11.05,11.05,10.9653,11,0.05,+0.46%,28500
IMTX,2020-05-29,11.05,13.74,11.04,13.4,2.4,+21.82%,934200
IMTX,2020-06-01,12.9,14.4,12.9,14,0.6,+4.48%,631400
IMTX,2020-06-02,14,14.35,13.6,13.99,-0.01,-0.07%,349700
IMTX,2020-06-03,14,14.4,13.55,14.3,0.31,+2.22%,603600
IMTX,2020-06-04,14.3,14.3,13.0001,13.55,-0.75,-5.24%,244800
IMTX,2020-06-05,14.27,14.5,13.63,13.86,0.31,+2.29%,593100
IMTX,2020-06-08,14.15,14.49,13.71,14.19,0.33,+2.38%,126100
IMTX,2020-06-09,14.35,14.5,14.1001,14.4,0.21,+1.48%,382400
IMTX,2020-06-10,14.45,14.9499,14.14,14.4,0,0.00%,309800
IMTX,2020-06-11,14.34,14.34,12.68,13.49,-0.91,-6.32%,356000
IMTX,2020-06-12,13.99,13.99,12.67,13.4,-0.09,-0.67%,125900
IMTX,2020-06-15,13.05,13.49,12.75,12.99,-0.41,-3.06%,141900
IMTX,2020-06-16,13,14.4,12.9001,13.75,0.76,+5.85%,744900
IMTX,2020-06-17,14.25,14.6,13.89,14.16,0.41,+2.98%,504400
IMTX,2020-06-18,14.5,14.6,13.83,14.05,-0.11,-0.78%,272500
IMTX,2020-06-19,14.24,15.7608,14,15.46,1.41,+10.04%,974800
IMTX,2020-06-22,15.84,17.48,15.51,17,1.54,+9.96%,887300
IMTX,2020-06-23,17.1,17.44,15.8,16.8,-0.2,-1.18%,613900
IMTX,2020-06-24,16.54,16.54,14.7,15.55,-1.25,-7.44%,332800
IMTX,2020-06-25,15.39,16.122,15.35,15.87,0.32,+2.06%,103700
IMTX,2020-06-26,16.59,16.77,16.05,16.77,0.9,+5.67%,326600
IMTX,2020-06-29,17.25,17.42,15.79,16.02,-0.75,-4.47%,417900
IMTX,2020-06-30,16.65,16.65,14.7,15.74,-0.28,-1.75%,335500
IMTX,2020-07-01,15.37,15.37,14.715,15.15,-0.59,-3.75%,287700
IMTX,2020-07-02,15.75,16.5,14.62,15.05,-0.1,-0.66%,95800
IMTX,2020-07-06,17.25,17.25,14.02,14.4,-0.65,-4.32%,391800
IMTX,2020-07-07,14.9,14.9,13.11,14.45,0.05,+0.35%,359900
IMTX,2020-07-08,15,15,13.27,13.5,-0.95,-6.57%,328900
IMTX,2020-07-09,13.26,13.96,12.25,13.41,-0.09,-0.67%,454500
IMTX,2020-07-10,13.41,13.65,11.1,12.65,-0.76,-5.67%,798700
IMTX,2020-07-13,12.67,12.7,11.57,11.58,-1.07,-8.46%,334500
IMTX,2020-07-14,11.6,11.92,11.25,11.3,-0.28,-2.42%,329200
IMTX,2020-07-15,11.73,11.9,10.85,11.23,-0.07,-0.62%,509500
IMTX,2020-07-16,11.25,11.49,11.01,11.07,-0.16,-1.42%,265100
IMTX,2020-07-17,11.2,11.33,10.21,10.46,-0.61,-5.51%,515200
IMTX,2020-07-20,11,11.0998,10.52,10.84,0.38,+3.63%,338200
IMTX,2020-07-21,11.1,11.3,10.55,10.59,-0.25,-2.31%,380500
IMTX,2020-07-22,10.7,10.86,10.3,10.73,0.14,+1.32%,251400
IMTX,2020-07-23,10.73,11.8,10.73,11.24,0.51,+4.75%,549200
IMTX,2020-07-24,11.27,11.68,10.39,10.57,-0.67,-5.96%,439100
IMTX,2020-07-27,10.95,11.06,9.51,10.12,-0.45,-4.26%,560200
IMTX,2020-07-28,10.2,10.69,9.9,10,-0.12,-1.19%,193300
IMTX,2020-07-29,10.23,11,9.98,10.59,0.59,+5.90%,467000
IMTX,2020-07-30,10.8,11.33,10.63,11.1,0.51,+4.82%,272400
IMTX,2020-07-31,11.21,11.5,10.81,11.35,0.25,+2.25%,240800
IMTX,2020-08-03,11.29,11.67,11.08,11.59,0.24,+2.11%,335700
IMTX,2020-08-04,11.5,11.63,11.01,11.2,-0.39,-3.36%,162600
IMTX,2020-08-05,11.23,11.415,10.8,11.01,-0.19,-1.70%,187700
IMTX,2020-08-06,11.12,11.32,10.9,11.06,0.05,+0.45%,72700
IMTX,2020-08-07,11.07,11.34,10.57,11.06,0,0.00%,172800
IMTX,2020-08-10,11.14,11.19,10.8008,10.99,-0.07,-0.63%,231800
IMTX,2020-08-11,11.07,11.125,10.485,10.61,-0.38,-3.46%,202200
IMTX,2020-08-12,10.54,10.8,10.4,10.65,0.04,+0.38%,224000
IMTX,2020-08-13,10.58,10.7872,10.14,10.37,-0.28,-2.63%,128700
IMTX,2020-08-14,10.1,10.32,9.74,9.95,-0.42,-4.05%,679800
IMTX,2020-08-17,10.05,10.29,9.87,9.95,0,0.00%,202400
IMTX,2020-08-18,10.15,10.15,9.65,9.7,-0.25,-2.51%,302800
IMTX,2020-08-19,9.62,9.99,9.56,9.92,0.22,+2.27%,300100
IMTX,2020-08-20,9.92,10.17,9.78,9.91,-0.01,-0.10%,216600
IMTX,2020-08-21,9.915,10.0999,9.835,9.86,-0.05,-0.50%,44600
IMTX,2020-08-24,10,10.09,9.8301,10.05,0.19,+1.93%,73900
IMTX,2020-08-25,10.11,10.17,9.92,10.07,0.02,+0.20%,104800
IMTX,2020-08-26,10.19,10.24,9.93,10.2,0.13,+1.29%,130900
IMTX,2020-08-27,10.17,10.42,9.57,9.65,-0.55,-5.39%,183500
IMTX,2020-08-28,9.65,9.8475,9.54,9.68,0.03,+0.31%,95000
IMTX,2020-08-31,9.7,9.73,9.15,9.38,-0.3,-3.10%,208200
IMTX,2020-09-01,9.32,9.5,9.05,9.19,-0.19,-2.03%,103700
IMTX,2020-09-02,9.13,9.5,9.05,9.25,0.06,+0.65%,207500
IMTX,2020-09-03,9.24,9.4,8.8001,8.9,-0.35,-3.78%,249000
IMTX,2020-09-04,9.08,9.47,8.775,9.4,0.5,+5.62%,258900
IMTX,2020-09-08,9.26,9.27,8.665,8.73,-0.67,-7.13%,192800
IMTX,2020-09-09,8.88,9.1,8.82,8.98,0.25,+2.86%,158300
IMTX,2020-09-10,9.05,9.315,8.9,9.15,0.17,+1.89%,129400
IMTX,2020-09-11,9.25,9.34,9.02,9.12,-0.03,-0.33%,62300
IMTX,2020-09-14,9.26,9.36,9.01,9.16,0.04,+0.44%,93700
IMTX,2020-09-15,9.22,9.47,8.91,8.98,-0.18,-1.97%,112100
IMTX,2020-09-16,8.94,9.19,8.86,8.92,-0.06,-0.67%,147400
IMTX,2020-09-17,8.84,9.09,8.75,8.82,-0.1,-1.12%,84800
IMTX,2020-09-18,8.84,9.41,8.84,9.19,0.37,+4.20%,264900
IMTX,2020-09-21,9.15,9.38,8.8975,9.14,-0.05,-0.54%,134900
IMTX,2020-09-22,9.51,9.9246,9.22,9.24,0.1,+1.09%,249600
IMTX,2020-09-23,9.35,9.43,9.045,9.26,0.02,+0.22%,194600
IMTX,2020-09-24,9.28,9.47,9.12,9.26,0,0.00%,178700
IMTX,2020-09-25,9.47,10.49,9.4,10.13,0.87,+9.40%,165500
IMTX,2020-09-28,10.27,10.355,9.69,9.82,-0.31,-3.06%,165100
IMTX,2020-09-29,9.61,10.57,9.53,10.55,0.73,+7.43%,188500
IMTX,2020-09-30,10.55,11.14,10.25,10.61,0.06,+0.57%,318100
IMTX,2020-10-01,10.98,11.73,10.86,11.37,0.76,+7.16%,594400
IMTX,2020-10-02,11.34,11.47,10.75,10.78,-0.59,-5.19%,314400
IMTX,2020-10-05,10.77,11.3,10.74,10.88,0.1,+0.93%,135100
IMTX,2020-10-06,10.83,11.32,10.83,11.15,0.27,+2.48%,134900
IMTX,2020-10-07,11.17,11.33,11.01,11.1,-0.05,-0.45%,140400
IMTX,2020-10-08,11.81,11.9,11.2,11.35,0.25,+2.25%,212800
IMTX,2020-10-09,11.64,11.78,11.37,11.73,0.38,+3.35%,161200
IMTX,2020-10-12,12.3,12.58,11.81,12.05,0.32,+2.73%,336800
IMTX,2020-10-13,12.25,12.48,11.38,11.71,-0.34,-2.82%,180800
IMTX,2020-10-14,11.68,11.735,11.1,11.36,-0.35,-2.99%,264700
IMTX,2020-10-15,11.36,11.45,11.2,11.38,0.02,+0.18%,40500
IMTX,2020-10-16,11.58,11.88,11.3,11.37,-0.01,-0.09%,132400
IMTX,2020-10-19,11.4,11.69,11.24,11.57,0.2,+1.76%,118800
IMTX,2020-10-20,11.52,11.7,11.29,11.38,-0.19,-1.64%,132300
IMTX,2020-10-21,11.45,11.54,11.11,11.3,-0.08,-0.70%,282400
IMTX,2020-10-22,11.3,11.565,11.06,11.19,-0.11,-0.97%,145600
IMTX,2020-10-23,11.24,11.44,11.11,11.28,0.09,+0.80%,68300
IMTX,2020-10-26,11.26,11.5,11.06,11.19,-0.09,-0.80%,168800
IMTX,2020-10-27,11.2,11.26,11,11.08,-0.11,-0.98%,114400
IMTX,2020-10-28,11.01,11.03,10.8,10.96,-0.12,-1.08%,72900
IMTX,2020-10-29,11.05,11.05,10.8,10.82,-0.14,-1.28%,81000
IMTX,2020-10-30,10.75,10.75,10.23,10.38,-0.44,-4.07%,142800
IMTX,2020-11-02,10.2,10.475,9.79,10.05,-0.33,-3.18%,159600
IMTX,2020-11-03,10.16,10.25,9.8735,9.96,-0.09,-0.90%,108600
IMTX,2020-11-04,9.95,9.98,9.865,9.98,0.02,+0.20%,206400
IMTX,2020-11-05,9.99,10.73,9.99,10.04,0.06,+0.60%,210800
IMTX,2020-11-06,10.03,10.07,9.86,9.92,-0.12,-1.20%,153500
IMTX,2020-11-09,10.12,10.17,9.87,9.9,-0.02,-0.20%,84200
IMTX,2020-11-10,9.82,10.285,9.82,10,0.1,+1.01%,105700
IMTX,2020-11-11,9.99,10.33,9.99,10.1,0.1,+1.00%,47100
IMTX,2020-11-12,10.36,10.42,10.01,10.09,-0.01,-0.10%,96000
IMTX,2020-11-13,10.08,10.3,9.865,9.95,-0.14,-1.39%,37900
IMTX,2020-11-16,10.06,10.57,10.02,10.5,0.55,+5.53%,219700
IMTX,2020-11-17,10.54,10.72,10.38,10.49,-0.01,-0.10%,83900
IMTX,2020-11-18,10.57,10.57,10.22,10.27,-0.22,-2.10%,59800
IMTX,2020-11-19,10.28,10.5,10.233,10.46,0.19,+1.85%,51300
IMTX,2020-11-20,10.8,10.8,10.2,10.5,0.04,+0.38%,132500
IMTX,2020-11-23,10.55,11.06,10.55,10.69,0.19,+1.81%,121400
IMTX,2020-11-24,10.78,10.78,10.25,10.25,-0.44,-4.12%,75700
IMTX,2020-11-25,10.29,10.45,10.24,10.26,0.01,+0.10%,55800
IMTX,2020-11-27,10.26,10.4124,10.26,10.28,0.02,+0.19%,19700
IMTX,2020-11-30,10.8,10.8,10.1,10.16,-0.12,-1.17%,69400
IMTX,2020-12-01,10.26,10.51,9.88,9.89,-0.27,-2.66%,75300
IMTX,2020-12-02,9.9,10.19,9.88,9.98,0.09,+0.91%,142100
IMTX,2020-12-03,10.05,10.99,10.04,10.79,0.81,+8.12%,312100
IMTX,2020-12-04,10.72,10.85,10.4929,10.77,-0.02,-0.19%,131100
IMTX,2020-12-07,10.69,11.1,10.65,10.76,-0.01,-0.09%,185700
IMTX,2020-12-08,10.76,10.89,10.2,10.35,-0.41,-3.81%,133700
IMTX,2020-12-09,10.26,10.48,9.95,10.04,-0.31,-3.00%,104300
IMTX,2020-12-10,9.96,10.17,9.875,9.97,-0.07,-0.70%,54100
IMTX,2020-12-11,9.97,10.16,9.85,9.94,-0.03,-0.30%,69700
IMTX,2020-12-14,10,10.06,9.61,9.67,-0.27,-2.72%,153000
IMTX,2020-12-15,9.7,10.28,9.58,10.28,0.61,+6.31%,196700
IMTX,2020-12-16,10.28,10.28,9.86,9.9,-0.38,-3.70%,140500
IMTX,2020-12-17,9.91,10,9.64,9.68,-0.22,-2.22%,115800
IMTX,2020-12-18,9.73,10.11,9.73,10.07,0.39,+4.03%,71600
IMTX,2020-12-21,10.06,10.17,9.81,10.11,0.04,+0.40%,81400
IMTX,2020-12-22,10.17,10.17,9.88,9.91,-0.2,-1.98%,62800
IMTX,2020-12-23,9.95,10.08,9.83,9.93,0.02,+0.20%,102800
IMTX,2020-12-24,9.98,10.07,9.88,9.99,0.06,+0.60%,43800
IMTX,2020-12-28,9.99,10.03,9.75,9.89,-0.1,-1.00%,96100
IMTX,2020-12-29,9.99,9.99,9.61,9.99,0.1,+1.01%,126000
IMTX,2020-12-30,9.99,11.05,9.86,10.99,1,+10.01%,142300
IMTX,2020-12-31,10.98,10.98,10.53,10.79,-0.2,-1.82%,83500
IMTX,2021-01-04,10.93,11.09,10.75,11,0.21,+1.95%,63900
IMTX,2021-01-05,11.02,11.05,10.8,10.97,-0.03,-0.27%,74600
IMTX,2021-01-06,10.85,11.35,10.8,10.8,-0.17,-1.55%,153100
IMTX,2021-01-07,10.95,11.33,10.88,10.93,0.13,+1.20%,95300
IMTX,2021-01-08,10.95,11.1,10.85,11,0.07,+0.64%,155800
IMTX,2021-01-11,11,11,10.515,10.52,-0.48,-4.36%,71600
IMTX,2021-01-12,10.69,10.95,10.57,10.95,0.43,+4.09%,46500
IMTX,2021-01-13,10.95,10.98,10.8,10.91,-0.04,-0.37%,63100
IMTX,2021-01-14,11.02,11.45,10.8987,11.42,0.51,+4.67%,170000
IMTX,2021-01-15,11.22,11.61,11.1,11.38,-0.04,-0.35%,159400
IMTX,2021-01-19,11.43,11.681,11.13,11.56,0.18,+1.58%,124700
IMTX,2021-01-20,11.51,11.73,11.2701,11.67,0.11,+0.95%,142300
IMTX,2021-01-21,11.54,11.68,11.01,11.15,-0.52,-4.46%,90200
IMTX,2021-01-22,11.15,11.39,10.9,11.18,0.03,+0.27%,81300
IMTX,2021-01-25,11.12,11.24,10.85,11.17,-0.01,-0.09%,99900
IMTX,2021-01-26,11.13,11.2,10.77,10.87,-0.3,-2.69%,91800
IMTX,2021-01-27,10.58,10.84,10.28,10.34,-0.53,-4.88%,525900
IMTX,2021-01-28,10.25,10.69,10.25,10.3,-0.04,-0.39%,177400
IMTX,2021-01-29,10.31,10.98,10.16,10.63,0.33,+3.20%,125300
IMTX,2021-02-01,10.67,10.82,10.59,10.76,0.13,+1.22%,139100
IMTX,2021-02-02,10.7,10.93,10.7,10.77,0.01,+0.09%,55500
IMTX,2021-02-03,10.86,11.08,10.75,10.91,0.14,+1.30%,149800
IMTX,2021-02-04,10.96,11.01,10.6001,10.86,-0.05,-0.46%,98400
IMTX,2021-02-05,10.93,11.05,10.7,11.05,0.19,+1.75%,119500
IMTX,2021-02-08,11.1,11.61,11.02,11.49,0.44,+3.98%,169700
IMTX,2021-02-09,11.53,11.68,11.31,11.56,0.07,+0.61%,89800
IMTX,2021-02-10,11.67,11.69,11.2101,11.3,-0.26,-2.25%,89000
IMTX,2021-02-11,11.3,11.6999,11.3,11.44,0.14,+1.24%,73600
IMTX,2021-02-12,11.31,11.55,11.12,11.13,-0.31,-2.71%,51300
IMTX,2021-02-16,11.2001,11.68,11.2001,11.5,0.37,+3.32%,80500
IMTX,2021-02-17,11.68,11.7,11.2798,11.61,0.11,+0.96%,68600
IMTX,2021-02-18,11.61,11.64,11.03,11.08,-0.53,-4.57%,72600
IMTX,2021-02-19,11.09,11.58,11,11.14,0.06,+0.54%,82700
IMTX,2021-02-22,11.33,11.41,10.9,11.02,-0.12,-1.08%,85700
IMTX,2021-02-23,10.7,11.11,10.43,10.79,-0.23,-2.09%,188500
IMTX,2021-02-24,10.97,11.3761,10.86,10.9,0.11,+1.02%,125000
IMTX,2021-02-25,11,11.48,10.9,10.97,0.07,+0.64%,125800
IMTX,2021-02-26,10.6,10.99,10.47,10.79,-0.18,-1.64%,1025600
IMTX,2021-03-01,10.88,11.39,10.8,11.21,0.42,+3.89%,105200
IMTX,2021-03-02,11.28,11.4,10.9301,11.25,0.04,+0.36%,80800
IMTX,2021-03-03,11.33,11.43,10.69,10.69,-0.56,-4.98%,99400
IMTX,2021-03-04,10.65,11.12,10.3,10.36,-0.33,-3.09%,204700
IMTX,2021-03-05,10.37,10.74,10.3001,10.37,0.01,+0.10%,243300
IMTX,2021-03-08,10.33,10.7599,10.12,10.24,-0.13,-1.25%,105000
IMTX,2021-03-09,10.29,10.65,10.25,10.46,0.22,+2.15%,119300
IMTX,2021-03-10,10.5,10.8,10.36,10.75,0.29,+2.77%,168100
IMTX,2021-03-11,10.96,11.27,10.81,10.94,0.19,+1.77%,81500
IMTX,2021-03-12,10.95,11.21,10.61,10.95,0.01,+0.09%,80800
IMTX,2021-03-15,11.02,11.5999,10.8,11.5,0.55,+5.02%,186000
IMTX,2021-03-16,11.63,11.65,11.39,11.63,0.13,+1.13%,140100
IMTX,2021-03-17,15.5,18.42,14.03,14.6,2.97,+25.54%,39183700
IMTX,2021-03-18,14.12,15.04,13.7201,14.11,-0.49,-3.36%,1171600
IMTX,2021-03-19,14.37,15.59,14.11,14.19,0.08,+0.57%,671100
IMTX,2021-03-22,14.3,14.75,13.55,13.68,-0.51,-3.59%,233500
IMTX,2021-03-23,13.64,13.7638,12.68,12.81,-0.87,-6.36%,429100
IMTX,2021-03-24,12.8,13.06,12.44,12.54,-0.27,-2.11%,261600
IMTX,2021-03-25,12.5,12.77,12.22,12.71,0.17,+1.36%,164900
IMTX,2021-03-26,12.7,12.8181,12.05,12.32,-0.39,-3.07%,298600
IMTX,2021-03-29,12.26,12.57,11.8,11.83,-0.49,-3.98%,290800
IMTX,2021-03-30,11.91,12.32,11.68,11.68,-0.15,-1.27%,231000
IMTX,2021-03-31,11.76,11.985,11.16,11.21,-0.47,-4.02%,262400
IMTX,2021-04-01,11.55,12,11.4212,11.64,0.43,+3.84%,320700
IMTX,2021-04-05,11.81,12.23,11.69,12.13,0.49,+4.21%,141300
IMTX,2021-04-06,12.12,12.42,11.66,11.66,-0.47,-3.87%,214500
IMTX,2021-04-07,11.61,11.85,11.43,11.53,-0.13,-1.11%,118500
IMTX,2021-04-08,11.67,12,11.5,11.9,0.37,+3.21%,146300
IMTX,2021-04-09,11.93,11.99,11.59,11.68,-0.22,-1.85%,51400
IMTX,2021-04-12,11.69,11.99,11.44,11.59,-0.09,-0.77%,131900
IMTX,2021-04-13,11.62,11.68,11.14,11.3,-0.29,-2.50%,145700
IMTX,2021-04-14,11.31,12.15,11.11,12.07,0.77,+6.81%,221400
IMTX,2021-04-15,12.19,12.96,12.19,12.66,0.59,+4.89%,237300
IMTX,2021-04-16,12.76,12.76,11.99,12.03,-0.63,-4.98%,154000
IMTX,2021-04-19,12.32,12.34,11.83,12.07,0.04,+0.33%,97900
IMTX,2021-04-20,11.99,12.2,11.84,12,-0.07,-0.58%,69900
IMTX,2021-04-21,11.94,12.31,11.8,12.18,0.18,+1.50%,70300
IMTX,2021-04-22,12.19,12.79,12.03,12.56,0.38,+3.12%,128500
IMTX,2021-04-23,12.63,12.96,12.56,12.77,0.21,+1.67%,150600
IMTX,2021-04-26,12.9,13.2,12.62,12.81,0.04,+0.31%,152600
IMTX,2021-04-27,13.11,13.15,12.6,12.73,-0.08,-0.62%,182200
IMTX,2021-04-28,12.76,13.06,12.42,12.65,-0.08,-0.63%,135000
IMTX,2021-04-29,12.67,12.8,12.43,12.53,-0.12,-0.95%,157500
IMTX,2021-04-30,12.54,12.75,12.19,12.22,-0.31,-2.47%,262300
IMTX,2021-05-03,12.34,12.72,12.25,12.45,0.23,+1.88%,218900
IMTX,2021-05-04,12.5,12.7833,11.83,11.99,-0.46,-3.69%,166400
IMTX,2021-05-05,12.11,12.25,11.755,11.83,-0.16,-1.33%,197000
IMTX,2021-05-06,11.85,11.94,11.33,11.53,-0.3,-2.54%,196900
IMTX,2021-05-07,11.51,11.87,11.35,11.52,-0.01,-0.09%,68600
IMTX,2021-05-10,11.53,11.66,10.69,10.73,-0.79,-6.86%,264000
IMTX,2021-05-11,10.9,11.3,10.61,10.71,-0.02,-0.19%,191300
IMTX,2021-05-12,10.73,10.85,10.515,10.59,-0.12,-1.12%,120200
IMTX,2021-05-13,10.76,10.89,10.36,10.43,-0.16,-1.51%,112800
IMTX,2021-05-14,10.53,10.84,10.53,10.72,0.29,+2.78%,191100
IMTX,2021-05-17,10.77,11.21,10.77,11,0.28,+2.61%,81100
IMTX,2021-05-18,11.19,11.23,10.8,10.83,-0.17,-1.55%,74300
IMTX,2021-05-19,10.75,10.94,10.45,10.7,-0.13,-1.20%,146000
IMTX,2021-05-20,10.71,11.13,10.71,11,0.3,+2.80%,90000
IMTX,2021-05-21,11,11.4,11,11.3,0.3,+2.73%,103700
IMTX,2021-05-24,11.35,11.48,11.21,11.22,-0.08,-0.71%,72900
IMTX,2021-05-25,11.31,11.43,11.14,11.21,-0.01,-0.09%,108400
IMTX,2021-05-26,11.2,11.47,11.2,11.45,0.24,+2.14%,137300
IMTX,2021-05-27,11.49,11.5,11.16,11.22,-0.23,-2.01%,53800
IMTX,2021-05-28,11.18,11.49,11.12,11.23,0.01,+0.09%,113200
IMTX,2021-06-01,11.25,11.47,10.91,10.92,-0.31,-2.76%,88800
IMTX,2021-06-02,10.95,11.62,10.95,11.62,0.7,+6.41%,238000
IMTX,2021-06-03,11.45,11.74,11.435,11.68,0.06,+0.52%,117500
IMTX,2021-06-04,11.79,12.098,11.38,12.01,0.33,+2.83%,154800
IMTX,2021-06-07,11.87,12.32,11.73,12.14,0.13,+1.08%,218600
IMTX,2021-06-08,12.28,12.46,12.03,12.17,0.03,+0.25%,74300
IMTX,2021-06-09,12.3,12.55,12.17,12.34,0.17,+1.40%,82600
IMTX,2021-06-10,12.32,12.52,11.95,12.43,0.09,+0.73%,44600
IMTX,2021-06-11,12.42,12.55,12.25,12.26,-0.17,-1.37%,39200
IMTX,2021-06-14,12.27,12.425,12.13,12.19,-0.07,-0.57%,84000
IMTX,2021-06-15,12.25,12.3,11.75,11.79,-0.4,-3.28%,99300
IMTX,2021-06-16,11.79,12.03,11.675,11.81,0.02,+0.17%,82200
IMTX,2021-06-17,11.73,12.06,11.73,12.05,0.24,+2.03%,42300
IMTX,2021-06-18,11.85,12.08,11.56,11.8,-0.25,-2.07%,139200
IMTX,2021-06-21,11.615,11.8865,11.6,11.78,-0.02,-0.17%,48000
IMTX,2021-06-22,11.73,11.9599,11.5306,11.6,-0.18,-1.53%,48300
IMTX,2021-06-23,11.57,11.82,11.39,11.69,0.09,+0.78%,83200
IMTX,2021-06-24,11.7,11.983,11.33,11.62,-0.07,-0.60%,67900
IMTX,2021-06-25,11.57,12,11.4,11.9,0.28,+2.41%,52900
IMTX,2021-06-28,11.99,12.15,11.53,11.86,-0.04,-0.34%,67200
IMTX,2021-06-29,11.89,12.2177,11.72,11.93,0.07,+0.59%,59600
IMTX,2021-06-30,11.98,11.98,11.42,11.61,-0.32,-2.68%,97100
IMTX,2021-07-01,11.6,11.82,11.491,11.73,0.12,+1.03%,47500
IMTX,2021-07-02,11.7,11.89,11.54,11.81,0.08,+0.68%,40700
IMTX,2021-07-06,11.86,11.87,11.64,11.79,-0.02,-0.17%,56800
IMTX,2021-07-07,11.87,11.87,11.6,11.83,0.04,+0.34%,65700
IMTX,2021-07-08,11.74,11.86,11.56,11.84,0.01,+0.08%,50200
IMTX,2021-07-09,11.87,12.52,11.67,12.34,0.5,+4.22%,138500
IMTX,2021-07-12,12.13,12.4807,12.01,12.04,-0.3,-2.43%,31000
IMTX,2021-07-13,12,12.39,11.98,12.3,0.26,+2.16%,51100
IMTX,2021-07-14,12.42,12.42,11.88,12.09,-0.21,-1.71%,57500
IMTX,2021-07-15,12.03,12.09,11.82,11.92,-0.17,-1.41%,87600
IMTX,2021-07-16,12.08,12.45,11.95,12.04,0.12,+1.01%,67800
IMTX,2021-07-19,11.78,12.23,11.75,11.99,-0.05,-0.42%,140600
IMTX,2021-07-20,12.06,12.15,11.85,12.1,0.11,+0.92%,119700
IMTX,2021-07-21,12.15,12.21,11.85,12.18,0.08,+0.66%,51800
IMTX,2021-07-22,12.31,12.75,12.18,12.56,0.38,+3.12%,74100
IMTX,2021-07-23,12.54,12.73,12.065,12.21,-0.35,-2.79%,31000
IMTX,2021-07-26,12.15,12.5,12.11,12.12,-0.09,-0.74%,109600
IMTX,2021-07-27,12.12,12.27,11.8,12.05,-0.07,-0.58%,97300
IMTX,2021-07-28,12.02,12.41,11.7709,12.31,0.26,+2.16%,56900
IMTX,2021-07-29,12.29,12.29,12.0201,12.17,-0.14,-1.14%,34500
IMTX,2021-07-30,12.18,12.5,12.0629,12.21,0.04,+0.33%,192100
IMTX,2021-08-02,12.05,12.35,11.74,11.93,-0.28,-2.29%,209800
IMTX,2021-08-03,11.91,12.2,11.84,12,0.07,+0.59%,134700
IMTX,2021-08-04,12,12.215,11.84,11.87,-0.13,-1.08%,57800
IMTX,2021-08-05,11.84,12.23,11.8,12.03,0.16,+1.35%,25000
IMTX,2021-08-06,12,12.1,11.74,11.95,-0.08,-0.67%,38700
IMTX,2021-08-09,11.88,12.49,11.75,12.06,0.11,+0.92%,61400
IMTX,2021-08-10,12.06,12.35,11.76,12.31,0.25,+2.07%,68000
IMTX,2021-08-11,12.35,12.64,11.6101,11.97,-0.34,-2.76%,457600
IMTX,2021-08-12,11.82,12.21,11.6702,12.08,0.11,+0.92%,138000
IMTX,2021-08-13,12.03,12.2372,11.9,12,-0.08,-0.66%,142100
IMTX,2021-08-16,12,12.03,11.6,11.8,-0.2,-1.67%,148500
IMTX,2021-08-17,11.74,12.2,11.74,12.14,0.34,+2.88%,78100
IMTX,2021-08-18,12.14,12.24,11.9,12.17,0.03,+0.25%,98900
IMTX,2021-08-19,12.06,12.19,11.68,11.69,-0.48,-3.94%,125700
IMTX,2021-08-20,11.65,11.95,11.35,11.58,-0.11,-0.94%,50700
IMTX,2021-08-23,11.59,11.92,11.35,11.91,0.33,+2.85%,256800
IMTX,2021-08-24,11.92,12.21,11.4,11.99,0.08,+0.67%,135400
IMTX,2021-08-25,11.98,12.1,11.76,12.04,0.05,+0.42%,68700
IMTX,2021-08-26,12.01,12.39,12,12.27,0.23,+1.91%,56600
IMTX,2021-08-27,12.34,12.34,12.01,12.06,-0.21,-1.71%,63800
IMTX,2021-08-30,12.09,12.75,12.03,12.63,0.57,+4.73%,285900
IMTX,2021-08-31,12.66,13.45,12.62,13.28,0.65,+5.15%,156100
IMTX,2021-09-01,13.21,13.76,12.93,13.67,0.39,+2.94%,208000
IMTX,2021-09-02,13.75,13.825,13.4,13.55,-0.12,-0.88%,67000
IMTX,2021-09-03,13.7,13.8793,13.2833,13.45,-0.1,-0.74%,43800
IMTX,2021-09-07,13.5,14.75,13.5,14.68,1.23,+9.14%,371600
IMTX,2021-09-08,14.8,15.4675,14.49,15.12,0.44,+3.00%,271400
IMTX,2021-09-09,15.23,15.47,15.055,15.46,0.34,+2.25%,202500
IMTX,2021-09-10,15.56,16.3,14.4567,14.8,-0.66,-4.27%,411900
IMTX,2021-09-13,14.78,14.92,14.0401,14.8,0,0.00%,109700
IMTX,2021-09-14,14.88,15,14.42,14.56,-0.24,-1.62%,52800
IMTX,2021-09-15,14.62,14.95,14.45,14.63,0.07,+0.48%,52700
IMTX,2021-09-16,14.57,14.65,14.31,14.47,-0.16,-1.09%,39200
IMTX,2021-09-17,14.46,14.65,14.26,14.64,0.17,+1.17%,70100
IMTX,2021-09-20,14.45,14.54,13.25,13.61,-1.03,-7.04%,197900
IMTX,2021-09-21,13.75,15.0188,13.51,14.37,0.76,+5.58%,224600
IMTX,2021-09-22,14.43,14.515,13.82,13.9,-0.47,-3.27%,38500
IMTX,2021-09-23,13.73,14.4,13.61,13.66,-0.24,-1.73%,78600
IMTX,2021-09-24,13.61,13.89,13.05,13.15,-0.51,-3.73%,73200
IMTX,2021-09-27,13.21,13.77,12.91,13.28,0.13,+0.99%,206500
IMTX,2021-09-28,13.22,14.09,12.81,12.92,-0.36,-2.71%,143100
IMTX,2021-09-29,12.97,13.2,12.72,12.75,-0.17,-1.32%,84700
IMTX,2021-09-30,12.7,13.15,12.66,13,0.25,+1.96%,76500
IMTX,2021-10-01,12.93,13.25,12.83,13.22,0.22,+1.69%,57800
IMTX,2021-10-04,13.1,13.48,12.88,12.95,-0.27,-2.04%,82800
IMTX,2021-10-05,12.95,13.3,12.9,13,0.05,+0.39%,65700
IMTX,2021-10-06,12.92,13.82,12.8,13.66,0.66,+5.08%,175200
IMTX,2021-10-07,13.72,13.746,12.88,13.14,-0.52,-3.81%,164100
IMTX,2021-10-08,13.15,13.57,12.71,13.4,0.26,+1.98%,263800
IMTX,2021-10-11,13.48,13.62,13.36,13.38,-0.02,-0.15%,33600
IMTX,2021-10-12,13.47,13.9,13.3,13.55,0.17,+1.27%,147100
IMTX,2021-10-13,13.5,14.3,13.24,13.85,0.3,+2.21%,201400
IMTX,2021-10-14,14.03,14.442,13.85,14.16,0.31,+2.24%,194900
IMTX,2021-10-15,14,14.35,13.33,13.85,-0.31,-2.19%,89500
IMTX,2021-10-18,13.55,13.81,13.25,13.39,-0.46,-3.32%,64300
IMTX,2021-10-19,13.57,13.57,13.19,13.24,-0.15,-1.12%,41400
IMTX,2021-10-20,13.32,13.32,12.5,13.23,-0.01,-0.08%,166300
IMTX,2021-10-21,13.26,13.82,13.26,13.42,0.19,+1.44%,82700
IMTX,2021-10-22,13.32,13.32,12.71,13,-0.42,-3.13%,85500
IMTX,2021-10-25,12.82,13.2,12.76,12.99,-0.01,-0.08%,50300
IMTX,2021-10-26,13.09,13.41,12.93,13.32,0.33,+2.54%,39700
IMTX,2021-10-27,13.25,13.59,13.1401,13.45,0.13,+0.98%,60800
IMTX,2021-10-28,13.45,13.625,13.2,13.55,0.1,+0.74%,51300
IMTX,2021-10-29,13.53,14.44,13.53,14.33,0.78,+5.76%,324300
IMTX,2021-11-01,14.61,14.9,14.32,14.38,0.05,+0.35%,203200
IMTX,2021-11-02,14.44,14.57,13.75,13.76,-0.62,-4.31%,133100
IMTX,2021-11-03,13.77,14.12,13.04,13.18,-0.58,-4.22%,154100
IMTX,2021-11-04,13.26,13.75,12.71,12.82,-0.36,-2.73%,196100
IMTX,2021-11-05,14.09,14.09,12.2617,12.5,-0.32,-2.50%,521500
IMTX,2021-11-08,12.51,12.8819,12.24,12.57,0.07,+0.56%,175100
IMTX,2021-11-09,12.57,12.83,10.25,10.82,-1.75,-13.92%,1909300
IMTX,2021-11-10,10.81,11.32,10.8,11.05,0.23,+2.13%,613100
IMTX,2021-11-11,10.99,11.6,10.94,11.54,0.49,+4.43%,217600
IMTX,2021-11-12,11.71,11.83,11.27,11.68,0.14,+1.21%,130700
IMTX,2021-11-15,11.68,11.9899,11.38,11.93,0.25,+2.14%,141300
IMTX,2021-11-16,11.85,12.52,11.7,12.19,0.26,+2.18%,337600
IMTX,2021-11-17,12.25,12.5,11.93,12.25,0.06,+0.49%,122100
IMTX,2021-11-18,12.32,12.42,12.015,12.17,-0.08,-0.65%,115600
IMTX,2021-11-19,12.18,12.32,11.82,11.89,-0.28,-2.30%,122900
IMTX,2021-11-22,12.075,12.075,11.76,11.88,-0.01,-0.08%,108000
IMTX,2021-11-23,11.82,11.91,11.16,11.44,-0.44,-3.70%,185300
IMTX,2021-11-24,11.28,11.79,11.23,11.68,0.24,+2.10%,79000
IMTX,2021-11-26,11.42,11.4452,10.84,11.22,-0.46,-3.94%,43700
IMTX,2021-11-29,11.16,11.52,11.16,11.3,0.08,+0.71%,82500
IMTX,2021-11-30,11.26,11.66,11.0914,11.37,0.07,+0.62%,56000
IMTX,2021-12-01,11.37,11.84,11.08,11.21,-0.16,-1.41%,110000
IMTX,2021-12-02,11.29,11.55,11.2,11.35,0.14,+1.25%,54900
IMTX,2021-12-03,11.41,11.62,10.87,10.87,-0.48,-4.23%,206600
IMTX,2021-12-06,11.1,11.11,10.47,10.83,-0.04,-0.37%,167100
IMTX,2021-12-07,10.96,11.88,10.91,11.43,0.6,+5.54%,127200
IMTX,2021-12-08,11.34,11.65,11.25,11.59,0.16,+1.40%,80500
IMTX,2021-12-09,11.59,11.74,10.93,11,-0.59,-5.09%,111000
IMTX,2021-12-10,11.2,11.6664,10.82,10.89,-0.11,-1.00%,61700
IMTX,2021-12-13,11.28,11.28,10.76,10.81,-0.08,-0.73%,101100
IMTX,2021-12-14,11.32,12,10.82,11.77,0.96,+8.88%,917200
IMTX,2021-12-15,11.93,12.62,11.78,12.43,0.66,+5.61%,270800
IMTX,2021-12-16,12.71,12.77,11.95,12.14,-0.29,-2.33%,111600
IMTX,2021-12-17,12.14,12.62,12.04,12.29,0.15,+1.24%,168400
IMTX,2021-12-20,12.32,12.88,12.245,12.83,0.54,+4.39%,185000
IMTX,2021-12-21,12.72,13.08,12.63,12.72,-0.11,-0.86%,94100
IMTX,2021-12-22,12.84,13.19,12.62,12.93,0.21,+1.65%,95600
IMTX,2021-12-23,12.86,14,12.85,12.96,0.03,+0.23%,168800
IMTX,2021-12-27,12.92,13.11,12.63,12.78,-0.18,-1.39%,41900
IMTX,2021-12-28,12.68,12.9,12.57,12.59,-0.19,-1.49%,61600
IMTX,2021-12-29,12.51,12.7836,12.16,12.49,-0.1,-0.79%,148400
IMTX,2021-12-30,12.61,12.98,12.61,12.79,0.3,+2.40%,38500
IMTX,2021-12-31,12.71,13.54,12.71,13.44,0.65,+5.08%,231800
IMTX,2022-01-03,13.33,13.33,12.5,12.85,-0.59,-4.39%,72700
IMTX,2022-01-04,12.98,13.09,12.185,12.41,-0.44,-3.42%,105000
IMTX,2022-01-05,12.4,12.88,12.15,12.28,-0.13,-1.05%,59500
IMTX,2022-01-06,12.44,12.49,12.15,12.21,-0.07,-0.57%,61400
IMTX,2022-01-07,12.35,12.7,11.821,11.98,-0.23,-1.88%,88100
IMTX,2022-01-10,12.15,12.43,11.3801,12.16,0.18,+1.50%,124800
IMTX,2022-01-11,12.16,12.68,11.725,12.14,-0.02,-0.16%,105200
IMTX,2022-01-12,12.1,12.62,11.675,11.98,-0.16,-1.32%,109700
IMTX,2022-01-13,12.08,12.3,11.51,11.82,-0.16,-1.34%,99400
IMTX,2022-01-14,11.78,12.06,11.54,11.87,0.05,+0.42%,177200
IMTX,2022-01-18,11.99,11.99,11.275,11.53,-0.34,-2.86%,110300
IMTX,2022-01-19,11.79,11.8,10.97,11.24,-0.29,-2.52%,122600
IMTX,2022-01-20,11.19,11.43,10.515,10.54,-0.7,-6.23%,191800
IMTX,2022-01-21,10.62,10.99,10.4,10.5,-0.04,-0.38%,166600
IMTX,2022-01-24,10.31,10.31,9.69,10.05,-0.45,-4.29%,191800
IMTX,2022-01-25,9.94,10.3,9.53,9.97,-0.08,-0.80%,138100
IMTX,2022-01-26,10,10.45,9.72,9.8,-0.17,-1.71%,116300
IMTX,2022-01-27,9.93,10.26,9.46,9.53,-0.27,-2.76%,202500
IMTX,2022-01-28,9.59,9.715,9.05,9.53,0,0.00%,74100
IMTX,2022-01-31,9.59,10.44,9.59,10.09,0.56,+5.88%,89300
IMTX,2022-02-01,10.19,10.23,9.86,9.89,-0.2,-1.98%,73200
IMTX,2022-02-02,10.07,10.07,9.15,9.47,-0.42,-4.25%,139600
IMTX,2022-02-03,9.27,9.37,9.13,9.28,-0.19,-2.01%,125500
IMTX,2022-02-04,9.38,9.399,9.17,9.31,0.03,+0.32%,142100
IMTX,2022-02-07,9.23,9.69,9.23,9.57,0.26,+2.79%,162100
IMTX,2022-02-08,9.52,9.645,9.255,9.6,0.03,+0.31%,87000
IMTX,2022-02-09,9.57,9.89,9.39,9.56,-0.04,-0.42%,107500
IMTX,2022-02-10,9.66,9.66,9.24,9.29,-0.27,-2.82%,200100
IMTX,2022-02-11,9.22,9.56,9.14,9.2,-0.09,-0.97%,105900
IMTX,2022-02-14,9.23,9.37,8.85,8.87,-0.33,-3.59%,99400
IMTX,2022-02-15,8.98,9.35,8.98,9.13,0.26,+2.93%,139600
IMTX,2022-02-16,9.26,9.38,8.8,9.14,0.01,+0.11%,110900
IMTX,2022-02-17,9.02,9.12,8.66,8.76,-0.38,-4.16%,116800
IMTX,2022-02-18,8.81,8.85,8.565,8.63,-0.13,-1.48%,80100
IMTX,2022-02-22,8.54,8.84,8.2,8.3,-0.33,-3.82%,126100
IMTX,2022-02-23,8.26,8.845,8,8.17,-0.13,-1.57%,121800
IMTX,2022-02-24,7.83,8.38,7.83,8.38,0.21,+2.57%,62400
IMTX,2022-02-25,8.34,8.6,8.01,8.17,-0.21,-2.51%,127600
IMTX,2022-02-28,8.13,8.23,7.9,8,-0.17,-2.08%,56600
IMTX,2022-03-01,7.99,8.22,7.86,7.91,-0.09,-1.13%,64300
IMTX,2022-03-02,7.99,8.01,7.73,7.75,-0.16,-2.02%,41500
IMTX,2022-03-03,7.81,7.81,7.52,7.61,-0.14,-1.81%,64900
IMTX,2022-03-04,7.56,7.56,6.85,7.13,-0.48,-6.31%,158200
IMTX,2022-03-07,7.2,7.41,7.06,7.24,0.11,+1.54%,37700
IMTX,2022-03-08,7.24,7.38,6.9,7.19,-0.05,-0.69%,82800
IMTX,2022-03-09,7.54,7.54,7.2,7.31,0.12,+1.67%,112600
IMTX,2022-03-10,7.35,7.38,7.09,7.16,-0.15,-2.05%,114200
IMTX,2022-03-11,7.28,7.59,6.9,7.08,-0.08,-1.12%,139300
IMTX,2022-03-14,7.29,7.29,6.63,6.64,-0.44,-6.21%,95500
IMTX,2022-03-15,6.83,6.9,6.56,6.76,0.12,+1.81%,120000
IMTX,2022-03-16,6.82,7.18,6.48,6.8,0.04,+0.59%,508400
IMTX,2022-03-17,6.84,7.39,6.7,7.19,0.39,+5.74%,119700
IMTX,2022-03-18,7.39,7.48,7.04,7.22,0.03,+0.42%,65000
IMTX,2022-03-21,7.01,7.45,6.86,6.86,-0.36,-4.99%,38900
IMTX,2022-03-22,7.03,7.55,6.91,7.4,0.54,+7.87%,75300
IMTX,2022-03-23,7.44,8.0856,7.44,7.53,0.13,+1.76%,331400
IMTX,2022-03-24,7.62,7.86,7.43,7.53,0,0.00%,84800
IMTX,2022-03-25,7.62,7.75,7.3301,7.48,-0.05,-0.66%,82600
IMTX,2022-03-28,7.55,7.9,7.44,7.6,0.12,+1.60%,82400
IMTX,2022-03-29,7.6,8.18,7.6,8.15,0.55,+7.24%,185000
IMTX,2022-03-30,8.28,8.42,8.02,8.23,0.08,+0.98%,80200
IMTX,2022-03-31,8.3,8.3,7.94,7.99,-0.24,-2.92%,36900
IMTX,2022-04-01,7.94,8.38,7.929,8.32,0.33,+4.13%,44300
IMTX,2022-04-04,8.38,9.2797,8.2,9,0.68,+8.17%,2100700
IMTX,2022-04-05,8.96,9.3,8.9302,9.23,0.23,+2.56%,97700
IMTX,2022-04-06,9.15,9.34,8.845,8.97,-0.26,-2.82%,66400
IMTX,2022-04-07,8.865,9.26,8.865,9.07,0.1,+1.11%,37500
IMTX,2022-04-08,9.05,9.6,9.01,9.37,0.3,+3.31%,237300
IMTX,2022-04-11,9.4,9.4,8.65,9.1,-0.27,-2.88%,218900
IMTX,2022-04-12,9.13,9.35,8.6401,8.97,-0.13,-1.43%,81100
IMTX,2022-04-13,8.92,9.23,8.77,9.01,0.04,+0.45%,159700
IMTX,2022-04-14,8.98,9.09,8.72,8.72,-0.29,-3.22%,151000
IMTX,2022-04-18,8.81,8.84,8.34,8.56,-0.16,-1.83%,248400
IMTX,2022-04-19,8.49,8.72,8.31,8.38,-0.18,-2.10%,84300
IMTX,2022-04-20,8.51,8.59,8.24,8.4,0.02,+0.24%,75100
IMTX,2022-04-21,8.49,8.71,8.17,8.24,-0.16,-1.90%,161600
IMTX,2022-04-22,8.15,8.32,7.895,7.91,-0.33,-4.00%,68100
IMTX,2022-04-25,7.89,8.255,7.89,8.17,0.26,+3.29%,76100
IMTX,2022-04-26,8.21,8.45,7.64,8.04,-0.13,-1.59%,52200
IMTX,2022-04-27,8.02,8.2,7.7,7.88,-0.16,-1.99%,80400
IMTX,2022-04-28,7.92,8.19,7.47,7.94,0.06,+0.76%,117400
IMTX,2022-04-29,7.93,8.07,7.68,7.77,-0.17,-2.14%,49700
IMTX,2022-05-02,7.8,8.145,7.55,7.87,0.1,+1.29%,97200
IMTX,2022-05-03,7.86,8.395,7.55,7.9,0.03,+0.38%,106300
IMTX,2022-05-04,7.88,8.09,7.48,7.96,0.06,+0.76%,96000
IMTX,2022-05-05,7.81,8.26,7.55,7.72,-0.24,-3.02%,129200
IMTX,2022-05-06,7.75,8.07,7.28,7.47,-0.25,-3.24%,98200
IMTX,2022-05-09,7.32,7.66,6.63,6.67,-0.8,-10.71%,215900
IMTX,2022-05-10,6.82,7.635,6.57,6.87,0.2,+3.00%,129600
IMTX,2022-05-11,6.88,6.94,5.94,6,-0.87,-12.66%,286000
IMTX,2022-05-12,5.98,6.41,5.75,6.32,0.32,+5.33%,741100
IMTX,2022-05-13,6.43,7.015,6.35,6.88,0.56,+8.86%,133100
IMTX,2022-05-16,6.77,6.86,6.32,6.36,-0.52,-7.56%,208000
IMTX,2022-05-17,6.45,6.635,6.31,6.35,-0.01,-0.16%,99700
IMTX,2022-05-18,6.42,6.65,5.85,6.17,-0.18,-2.83%,145300
IMTX,2022-05-19,6.1,6.7,6.04,6.61,0.44,+7.13%,139300
IMTX,2022-05-20,6.75,7.11,6.68,7.06,0.45,+6.81%,127000
IMTX,2022-05-23,6.65,7.32,6.65,7.2,0.14,+1.98%,173300
IMTX,2022-05-24,6.92,7.05,6.78,6.95,-0.25,-3.47%,30524
IMTX,2022-05-25,7.03,7.72,6.9,7.13,0.18,+2.59%,87300
IMTX,2022-05-26,7.28,7.66,7.08,7.46,0.33,+4.63%,240300
IMTX,2022-05-27,7.48,7.57,7.24,7.3,-0.16,-2.14%,64300
IMTX,2022-05-31,7.25,7.53,6.79,7.27,-0.03,-0.41%,381100
IMTX,2022-06-01,7.74,7.74,7.2001,7.55,0.28,+3.85%,123926
IMTX,2022-06-02,7.85,8.07,7.31,7.79,0.24,+3.18%,351200
IMTX,2022-06-03,8.05,8.36,7.73,7.99,0.2,+2.57%,206702
IMTX,2022-06-06,7.99,8.62,7.83,8.24,0.25,+3.13%,279500
IMTX,2022-06-07,8.15,8.53,8.11,8.35,0.11,+1.33%,117700
IMTX,2022-06-08,8.21,8.55,7.91,8.44,0.09,+1.08%,151400
IMTX,2022-06-09,8.39,8.59,8.1,8.16,-0.28,-3.32%,70700
IMTX,2022-06-10,8.06,8.13,7.58,7.97,-0.19,-2.33%,116700
IMTX,2022-06-13,7.9,7.945,7.46,7.8,-0.17,-2.13%,208200
IMTX,2022-06-14,7.84,8.09,7.7,7.94,0.14,+1.79%,148900
IMTX,2022-06-15,7.93,8.27,7.73,8.21,0.27,+3.40%,131900
IMTX,2022-06-16,7.94,8.17,7.88,7.99,-0.22,-2.68%,87400
IMTX,2022-06-17,8.18,8.38,7.885,7.89,-0.1,-1.25%,605100
IMTX,2022-06-21,8.05,8.3,8.0049,8.05,0.16,+2.03%,54000
IMTX,2022-06-22,7.91,8.305,7.58,7.91,-0.14,-1.74%,83100
IMTX,2022-06-23,8.1,8.16,7.9,8.15,0.24,+3.03%,56700
IMTX,2022-06-24,8.1,8.579,7.77,8.57,0.42,+5.15%,516300
IMTX,2022-06-27,8.65,9.01,8.57,8.85,0.28,+3.27%,127500
IMTX,2022-06-28,8.85,9.1275,8.35,8.56,-0.29,-3.28%,58000
IMTX,2022-06-29,8.49,8.92,8.31,8.76,0.2,+2.34%,56800
IMTX,2022-06-30,8.53,8.94,8.4,8.71,-0.05,-0.57%,55400
IMTX,2022-07-01,8.69,9,8.61,8.91,0.2,+2.30%,36300
IMTX,2022-07-05,8.61,9.11,8.61,8.96,0.05,+0.56%,101600
IMTX,2022-07-06,9.11,9.22,8.83,9.09,0.13,+1.45%,110100
IMTX,2022-07-07,9.19,9.305,9.01,9.2,0.11,+1.21%,101500
IMTX,2022-07-08,9.15,9.3199,9.05,9.08,-0.12,-1.30%,79400
IMTX,2022-07-11,9.02,9.05,8.63,8.63,-0.45,-4.96%,44000
IMTX,2022-07-12,8.63,8.77,8.27,8.73,0.1,+1.16%,70200
IMTX,2022-07-13,8.53,8.915,8.35,8.7,-0.03,-0.34%,68700
IMTX,2022-07-14,8.55,8.66,8.03,8.54,-0.16,-1.84%,239500
IMTX,2022-07-15,8.6,8.83,8.43,8.62,0.08,+0.94%,24800
IMTX,2022-07-18,8.69,8.78,7.9,8.02,-0.6,-6.96%,56500
IMTX,2022-07-19,8.73,9.6599,8.43,9.46,1.44,+17.96%,812500
IMTX,2022-07-20,9.97,10.0449,9.25,9.68,0.22,+2.33%,1025800
IMTX,2022-07-21,9.85,10.34,9.54,10.28,0.6,+6.20%,444600
IMTX,2022-07-22,10.15,10.6612,10.1376,10.26,-0.02,-0.19%,301300
IMTX,2022-07-25,10.74,10.8,10.4,10.6,0.34,+3.31%,324000
IMTX,2022-07-26,10.64,11.56,10.57,11.24,0.64,+6.04%,400900
IMTX,2022-07-27,11.3,11.53,11.08,11.33,0.09,+0.80%,195800
IMTX,2022-07-28,11.37,11.45,11.0185,11.2,-0.13,-1.15%,259500
IMTX,2022-07-29,11.29,11.38,11.05,11.1,-0.1,-0.89%,188900
IMTX,2022-08-01,11.25,11.64,11.14,11.36,0.26,+2.34%,193300
IMTX,2022-08-02,11.41,11.69,11.15,11.36,0,0.00%,209900
IMTX,2022-08-03,11.92,11.92,11.4,11.49,0.13,+1.14%,279200
IMTX,2022-08-04,11.69,12.72,11.65,12.65,1.16,+10.10%,285300
IMTX,2022-08-05,12.7,13.27,12.2,12.45,-0.2,-1.58%,391800
IMTX,2022-08-08,12.95,13.33,12.505,12.89,0.44,+3.53%,408700
IMTX,2022-08-09,12.6,12.725,12.3101,12.43,-0.46,-3.57%,226500
IMTX,2022-08-10,12.53,12.858,11.8749,11.99,-0.44,-3.54%,194700
IMTX,2022-08-11,11.84,11.95,11.3308,11.43,-0.56,-4.67%,224300
IMTX,2022-08-12,11.58,11.74,11.38,11.71,0.28,+2.45%,415200
IMTX,2022-08-15,11.71,11.85,11.52,11.7,-0.01,-0.09%,252700
IMTX,2022-08-16,11.72,11.81,11.41,11.66,-0.04,-0.34%,339200
IMTX,2022-08-17,11.53,12.0783,11.18,11.28,-0.38,-3.26%,176800
IMTX,2022-08-18,11.19,11.48,10.9,11.44,0.16,+1.42%,231800
IMTX,2022-08-19,11.3,11.46,11.1,11.3,-0.14,-1.22%,134400
IMTX,2022-08-22,11.14,11.4177,11.06,11.4,0.1,+0.88%,161900
IMTX,2022-08-23,11.38,11.95,11.38,11.84,0.44,+3.86%,173300
IMTX,2022-08-24,11.84,12.44,11.84,12.34,0.5,+4.22%,221900
IMTX,2022-08-25,12.35,12.6,12.045,12.44,0.1,+0.81%,175700
IMTX,2022-08-26,12.42,13,12.164,12.32,-0.12,-0.96%,236000
IMTX,2022-08-29,12.1,12.5602,12,12.5,0.18,+1.46%,136500
IMTX,2022-08-30,12.47,12.54,12.19,12.49,-0.01,-0.08%,367600
IMTX,2022-08-31,12.37,12.8441,12.311,12.76,0.27,+2.16%,393300
IMTX,2022-09-01,12.91,12.99,11.94,12.22,-0.54,-4.23%,628000
IMTX,2022-09-02,12.31,12.74,12.09,12.3,0.08,+0.65%,776900
IMTX,2022-09-06,12.54,13.14,12.2208,12.76,0.46,+3.74%,643600
IMTX,2022-09-07,12.63,13.18,12.63,12.99,0.23,+1.80%,215600
IMTX,2022-09-08,12.91,13.23,12.5,13.06,0.07,+0.54%,179100
IMTX,2022-09-09,13.28,13.6,12.81,12.85,-0.21,-1.61%,476100
IMTX,2022-09-12,12.94,13.03,10.81,10.9,-1.95,-15.18%,510300
IMTX,2022-09-13,10.82,11.06,10.51,10.8,-0.1,-0.92%,311700
IMTX,2022-09-14,10.67,10.8,10.5,10.59,-0.21,-1.94%,168300
IMTX,2022-09-15,10.55,10.98,10.48,10.82,0.23,+2.17%,155200
IMTX,2022-09-16,10.61,10.79,10.32,10.36,-0.46,-4.25%,172200
IMTX,2022-09-19,10.32,10.43,9.2,9.54,-0.82,-7.92%,634500
IMTX,2022-09-20,9.4,9.57,9.33,9.43,-0.11,-1.15%,178200
IMTX,2022-09-21,9.31,9.4,8.855,8.97,-0.46,-4.88%,203700
IMTX,2022-09-22,8.82,9.07,8.71,9.05,0.08,+0.89%,215200
IMTX,2022-09-23,8.93,9.1,8.76,9.05,0,0.00%,187000
IMTX,2022-09-26,8.76,9.38,8.76,9.21,0.16,+1.77%,131600
IMTX,2022-09-27,9.3,9.65,9.26,9.5,0.29,+3.15%,141400
IMTX,2022-09-28,9.4,9.58,9.29,9.49,-0.01,-0.11%,173900
IMTX,2022-09-29,9.29,9.76,9.2,9.74,0.25,+2.63%,119100
IMTX,2022-09-30,9.8,10.17,9.555,10,0.26,+2.67%,223800
IMTX,2022-10-03,10.14,10.36,9.89,10.12,0.12,+1.20%,229900
IMTX,2022-10-04,10.17,10.415,10.04,10.38,0.26,+2.57%,115300
IMTX,2022-10-05,10.36,10.51,10.22,10.42,0.04,+0.39%,54300
IMTX,2022-10-06,10.38,10.48,10.29,10.38,-0.04,-0.38%,23700
IMTX,2022-10-07,10.23,10.385,10.041,10.09,-0.29,-2.79%,53800
IMTX,2022-10-10,11.58,11.58,10.65,11.26,1.17,+11.60%,1290000
IMTX,2022-10-11,11.2,11.38,10.9,11.09,-0.17,-1.51%,481300
IMTX,2022-10-12,11.09,11.29,10.89,11.28,0.19,+1.71%,251300
IMTX,2022-10-13,11,11.35,10.87,11.29,0.01,+0.09%,178800
IMTX,2022-10-14,11.33,11.43,11.05,11.09,-0.2,-1.77%,121800
IMTX,2022-10-17,11.25,11.39,11.07,11.2,0.11,+0.99%,87000
IMTX,2022-10-18,11.41,11.41,10.73,10.78,-0.42,-3.75%,98000
IMTX,2022-10-19,10.63,11.025,10.45,10.54,-0.24,-2.23%,93600
IMTX,2022-10-20,10.56,10.77,10.5,10.57,0.03,+0.28%,76600
IMTX,2022-10-21,10.57,10.76,10.42,10.62,0.05,+0.47%,108000
IMTX,2022-10-24,10.66,10.88,10.4293,10.86,0.24,+2.26%,61400
IMTX,2022-10-25,10.74,11.55,10.74,11.39,0.53,+4.88%,331400
IMTX,2022-10-26,11.52,11.52,11.29,11.39,0,0.00%,103100
IMTX,2022-10-27,11.44,11.49,11.18,11.23,-0.16,-1.40%,71100
IMTX,2022-10-28,11.29,11.7,11.17,11.58,0.35,+3.12%,184200
IMTX,2022-10-31,11.55,11.55,11.29,11.3,-0.28,-2.42%,54100
IMTX,2022-11-01,11.36,12.16,11.34,11.58,0.28,+2.48%,248700
IMTX,2022-11-02,11.51,11.68,10.59,10.64,-0.94,-8.12%,200700
IMTX,2022-11-03,10.32,11,10.32,10.66,0.02,+0.19%,95500
IMTX,2022-11-04,10.56,10.77,10.41,10.49,-0.17,-1.59%,54600
IMTX,2022-11-07,10.52,10.71,10.42,10.44,-0.05,-0.48%,68700
IMTX,2022-11-08,10.49,11.07,10.4,10.67,0.23,+2.20%,147600
IMTX,2022-11-09,10.56,11.17,10.42,10.44,-0.23,-2.16%,59400
IMTX,2022-11-10,10.62,10.81,10.45,10.77,0.33,+3.16%,77500
IMTX,2022-11-11,10.77,10.93,10.41,10.46,-0.31,-2.88%,70600
IMTX,2022-11-14,10.44,11.23,10.4,10.79,0.33,+3.15%,369300
IMTX,2022-11-15,10.94,11.03,10.35,10.61,-0.18,-1.67%,102400
IMTX,2022-11-16,10.62,11.29,10.29,10.31,-0.3,-2.83%,97400
IMTX,2022-11-17,10.2,10.2999,9.9,10.26,-0.05,-0.48%,135700
IMTX,2022-11-18,10.23,10.68,10.02,10.55,0.29,+2.83%,198900
IMTX,2022-11-21,10.7,10.7,9.9,9.94,-0.61,-5.78%,96300
IMTX,2022-11-22,9.95,10.05,9.72,9.9,-0.04,-0.40%,186400
IMTX,2022-11-23,9.92,10.42,9.84,9.94,0.04,+0.40%,90400
IMTX,2022-11-25,9.97,10.21,9.8,10.08,0.14,+1.41%,35900
IMTX,2022-11-28,10.23,10.4,10,10.15,0.07,+0.69%,64300
IMTX,2022-11-29,10.21,10.3,10.03,10.17,0.02,+0.20%,73000
IMTX,2022-11-30,10.25,10.59,10.095,10.54,0.37,+3.64%,123000
IMTX,2022-12-01,10.68,11.19,10.6,11.19,0.65,+6.17%,186000
IMTX,2022-12-02,11.1,11.31,10.91,11.26,0.07,+0.63%,106405
IMTX,2022-12-05,11.3,11.35,10.82,11.13,-0.13,-1.15%,175200
IMTX,2022-12-06,11.15,11.15,10.67,10.86,-0.27,-2.43%,175200
IMTX,2022-12-07,10.86,11.14,10.7107,11.07,0.21,+1.93%,125900
IMTX,2022-12-08,11.1,11.45,11.1,11.36,0.29,+2.62%,207100
IMTX,2022-12-09,11.36,11.36,10.38,10.44,-0.92,-8.10%,131700
IMTX,2022-12-12,10.48,10.62,10.25,10.44,0,0.00%,79200
IMTX,2022-12-13,10.58,10.8,9.69,9.75,-0.69,-6.61%,126900
IMTX,2022-12-14,9.74,9.8,9.42,9.66,-0.09,-0.92%,199100
IMTX,2022-12-15,9.47,9.605,9,9.31,-0.35,-3.62%,265000
IMTX,2022-12-16,9.3,9.5785,8.76,9.06,-0.25,-2.69%,179500
IMTX,2022-12-19,8.97,9.32,8.8387,9.01,-0.05,-0.55%,131100
IMTX,2022-12-20,8.97,9.17,8.615,9.04,0.03,+0.33%,311600
IMTX,2022-12-21,9.05,9.32,8.895,9.05,0.01,+0.11%,218500
IMTX,2022-12-22,9.14,9.14,8.61,8.75,-0.3,-3.31%,254500
IMTX,2022-12-23,8.7,8.7,8.31,8.51,-0.24,-2.74%,174400
IMTX,2022-12-27,8.64,8.695,8.03,8.05,-0.46,-5.41%,133100
IMTX,2022-12-28,7.97,8.19,7.7801,8.11,0.06,+0.75%,134700
IMTX,2022-12-29,8.2,8.735,8.2,8.7,0.59,+7.27%,234800
IMTX,2022-12-30,8.8,9.0199,8.545,8.71,0.01,+0.11%,264317
IMTX,2023-01-03,8.72,9.48,8.53,8.57,-0.14,-1.61%,267600
IMTX,2023-01-04,8.6,8.98,8.51,8.93,0.36,+4.20%,152200
IMTX,2023-01-05,8.83,9.1,8.75,9,0.07,+0.78%,62200
IMTX,2023-01-06,9.04,9.48,8.94,9.44,0.44,+4.89%,108100
IMTX,2023-01-09,9.47,9.47,8.58,8.62,-0.82,-8.69%,163001
IMTX,2023-01-10,8.55,8.91,8.42,8.47,-0.15,-1.74%,107704
IMTX,2023-01-11,8.5,8.69,8.355,8.6,0.13,+1.53%,131700
IMTX,2023-01-12,8.6,8.69,8.39,8.5,-0.1,-1.16%,133800
IMTX,2023-01-13,8.5,8.9,8.4169,8.8,0.3,+3.53%,234600
IMTX,2023-01-17,8.8,8.8,8.31,8.37,-0.43,-4.89%,161630
IMTX,2023-01-18,8.42,8.6033,8.2,8.36,-0.01,-0.12%,454800
IMTX,2023-01-19,8.39,8.76,8.23,8.53,0.17,+2.03%,440500
IMTX,2023-01-20,8.5,8.71,8.38,8.71,0.18,+2.11%,197700
IMTX,2023-01-23,8.72,8.75,8.29,8.31,-0.4,-4.59%,215200
IMTX,2023-01-24,8.32,8.45,8.12,8.29,-0.02,-0.24%,389608
IMTX,2023-01-25,8.23,8.345,7.97,8.2,-0.09,-1.09%,556300
IMTX,2023-01-26,8.17,8.325,7.66,7.81,-0.39,-4.76%,212400
IMTX,2023-01-27,7.74,8,7.695,7.92,0.11,+1.41%,167000
IMTX,2023-01-30,7.93,8.627,7.82,7.84,-0.08,-1.01%,166700
IMTX,2023-01-31,7.77,8.18,7.7193,8.11,0.27,+3.44%,279200
IMTX,2023-02-01,8.11,8.44,7.9289,8.31,0.2,+2.47%,209500
IMTX,2023-02-02,8.37,8.65,8.26,8.58,0.27,+3.25%,414600
IMTX,2023-02-03,8.45,8.62,8.32,8.34,-0.24,-2.80%,218300
IMTX,2023-02-06,8.36,8.805,8.35,8.7,0.36,+4.32%,124800
IMTX,2023-02-07,8.7,8.82,8.55,8.74,0.04,+0.46%,218500
IMTX,2023-02-08,8.75,8.78,8.45,8.58,-0.16,-1.83%,153400
IMTX,2023-02-09,8.67,8.785,8.27,8.4,-0.18,-2.10%,287000
IMTX,2023-02-10,8.32,8.41,8.13,8.27,-0.13,-1.55%,146600
IMTX,2023-02-13,8.31,8.64,8.145,8.3,0.03,+0.36%,112500
IMTX,2023-02-14,8.21,8.41,8.06,8.19,-0.11,-1.33%,80300
IMTX,2023-02-15,8.14,8.14,7.87,7.97,-0.22,-2.69%,199000
IMTX,2023-02-16,8.06,8.25,7.765,8.1,0.13,+1.63%,252500
IMTX,2023-02-17,8.08,8.79,8.08,8.78,0.68,+8.40%,315700
IMTX,2023-02-21,8.56,8.93,8.43,8.88,0.1,+1.14%,197700
IMTX,2023-02-22,8.89,9.05,8.63,8.75,-0.13,-1.46%,253200
IMTX,2023-02-23,8.78,9,8.62,8.8,0.05,+0.57%,293000
IMTX,2023-02-24,8.68,8.68,8.405,8.63,-0.17,-1.93%,147200
IMTX,2023-02-27,8.63,8.76,8.31,8.68,0.05,+0.58%,87300
IMTX,2023-02-28,8.63,8.65,8.19,8.47,-0.21,-2.42%,193200
IMTX,2023-03-01,8.48,8.92,8.44,8.82,0.35,+4.13%,170100
IMTX,2023-03-02,8.78,8.83,8.55,8.75,-0.07,-0.79%,137300
IMTX,2023-03-03,8.76,8.76,8.51,8.59,-0.16,-1.83%,47800
IMTX,2023-03-06,8.57,8.57,8.28,8.4,-0.19,-2.21%,119800
IMTX,2023-03-07,8.39,8.49,8.0737,8.17,-0.23,-2.74%,142300
IMTX,2023-03-08,8.16,8.39,7.89,8.11,-0.06,-0.73%,136900
IMTX,2023-03-09,8.12,8.26,7.72,7.89,-0.22,-2.71%,117700
IMTX,2023-03-10,7.86,7.89,7.53,7.67,-0.22,-2.79%,211200
IMTX,2023-03-13,7.54,7.99,7.54,7.68,0.01,+0.13%,116500
IMTX,2023-03-14,7.84,8.1199,7.68,8.05,0.37,+4.82%,212100
IMTX,2023-03-15,7.92,8,7.53,7.65,-0.4,-4.97%,232900
IMTX,2023-03-16,7.57,7.895,7.46,7.74,0.09,+1.18%,634600
IMTX,2023-03-17,7.71,7.73,7.43,7.6,-0.14,-1.81%,259600
IMTX,2023-03-20,7.52,7.65,7.36,7.38,-0.22,-2.89%,149300
IMTX,2023-03-21,7.37,7.44,7.275,7.32,-0.06,-0.81%,127200
IMTX,2023-03-22,7.28,7.31,6.99,7,-0.32,-4.37%,192400
IMTX,2023-03-23,7.09,7.09,6.7,6.74,-0.26,-3.71%,297500
IMTX,2023-03-24,7.09,7.09,6.17,6.74,0,0.00%,669100
IMTX,2023-03-27,6.73,7.255,6.6,7.15,0.41,+6.08%,784400
IMTX,2023-03-28,7.15,7.865,7.1,7.59,0.44,+6.15%,295100
IMTX,2023-03-29,7.51,7.73,7.41,7.53,-0.06,-0.79%,226300
IMTX,2023-03-30,7.55,7.7,7.15,7.18,-0.35,-4.65%,259500
IMTX,2023-03-31,7.51,7.575,6.87,6.9,-0.28,-3.90%,361000
IMTX,2023-04-03,6.95,7.06,6.81,6.89,-0.01,-0.14%,353800
IMTX,2023-04-04,6.97,7.04,6.5,6.69,-0.2,-2.90%,453100
IMTX,2023-04-05,6.63,6.72,6.435,6.45,-0.24,-3.59%,219500
IMTX,2023-04-06,6.44,6.61,6.3501,6.44,-0.01,-0.16%,223200
IMTX,2023-04-10,6.37,6.37,5.9601,6.06,-0.38,-5.90%,517500
IMTX,2023-04-11,6.04,6.31,6,6.16,0.1,+1.65%,469800
IMTX,2023-04-12,6.31,6.31,5.9,5.92,-0.24,-3.90%,355800
IMTX,2023-04-13,5.92,6.44,5.92,6.32,0.4,+6.76%,1368600
IMTX,2023-04-14,6.27,6.49,6.21,6.23,-0.09,-1.42%,240100
IMTX,2023-04-17,6.36,6.93,6.31,6.71,0.48,+7.70%,228700
IMTX,2023-04-18,6.82,7.04,6.65,6.92,0.21,+3.13%,303700
IMTX,2023-04-19,6.86,7.25,6.8098,7.2,0.28,+4.05%,234600
IMTX,2023-04-20,7.15,7.4725,7.15,7.17,-0.03,-0.42%,238100
IMTX,2023-04-21,7.24,7.45,7.0301,7.44,0.27,+3.77%,220700
IMTX,2023-04-24,7.46,7.55,7.32,7.35,-0.09,-1.21%,255900
IMTX,2023-04-25,7.35,7.47,6.75,6.86,-0.49,-6.67%,238800
IMTX,2023-04-26,6.97,7.21,6.55,6.6,-0.26,-3.79%,210300
IMTX,2023-04-27,6.61,6.86,6.46,6.84,0.24,+3.64%,275100
IMTX,2023-04-28,6.8,7.37,6.8,7.15,0.31,+4.53%,177800
IMTX,2023-05-01,7.24,7.485,6.91,7.32,0.17,+2.38%,272000
IMTX,2023-05-02,9.91,9.98,7.77,9.33,2.01,+27.46%,4916700
IMTX,2023-05-03,9.35,9.82,9.2,9.59,0.26,+2.79%,1073800
IMTX,2023-05-04,9.8,9.87,9.44,9.68,0.09,+0.94%,277600
IMTX,2023-05-05,9.69,10.11,9.55,10.1,0.42,+4.34%,512500
IMTX,2023-05-08,10.26,10.35,9.54,9.83,-0.27,-2.67%,298200
IMTX,2023-05-09,9.73,10.04,9.5001,9.69,-0.14,-1.42%,141300
IMTX,2023-05-10,9.77,9.91,9.31,9.87,0.18,+1.86%,258600
IMTX,2023-05-11,9.9,10,9.38,9.47,-0.4,-4.05%,209100
IMTX,2023-05-12,9.5,10.01,9.46,9.96,0.49,+5.17%,444500
IMTX,2023-05-15,10,10.17,9.87,10.04,0.08,+0.80%,325900
IMTX,2023-05-16,9.82,10.06,9.36,9.835,-0.205,-2.04%,436800
IMTX,2023-05-17,9.95,10,9.57,9.97,0.135,+1.37%,259500
IMTX,2023-05-18,9.89,10.12,9.511,9.68,-0.29,-2.91%,329700
IMTX,2023-05-19,9.68,9.93,9.31,9.77,0.09,+0.93%,305400
IMTX,2023-05-22,9.77,10.0499,9.7,9.99,0.22,+2.25%,177200
IMTX,2023-05-23,9.98,10.1,9.72,9.8,-0.19,-1.90%,210700
IMTX,2023-05-24,9.75,9.83,9.5,9.73,-0.07,-0.71%,184500
IMTX,2023-05-25,9.73,9.73,9.25,9.45,-0.28,-2.88%,326600
IMTX,2023-05-26,9.46,9.93,9.171,9.85,0.4,+4.23%,212300
IMTX,2023-05-30,9.84,10.1,9.59,9.76,-0.09,-0.91%,225200
IMTX,2023-05-31,9.76,9.9402,9.65,9.87,0.11,+1.13%,107400
IMTX,2023-06-01,9.87,10.14,9.6538,10.12,0.25,+2.53%,1991400
IMTX,2023-06-02,10.16,10.3,9.93,10.18,0.06,+0.59%,473800
IMTX,2023-06-05,10.21,10.34,9.95,10.28,0.1,+0.98%,313700
IMTX,2023-06-06,10.29,10.72,10.15,10.59,0.31,+3.02%,476500
IMTX,2023-06-07,10.7,10.76,10.09,10.09,-0.5,-4.72%,378900
IMTX,2023-06-08,10.23,10.85,9.93,10.79,0.7,+6.94%,565800
IMTX,2023-06-09,10.85,11.3337,10.835,11.23,0.44,+4.08%,496500
IMTX,2023-06-12,11.27,11.45,11.0884,11.29,0.06,+0.53%,635300
IMTX,2023-06-13,11.33,12.14,11.3274,12.03,0.74,+6.55%,441300
IMTX,2023-06-14,12.03,12.24,11.785,11.965,-0.065,-0.54%,582600
IMTX,2023-06-15,11.84,11.99,11.45,11.83,-0.135,-1.13%,695100
IMTX,2023-06-16,11.9,12.77,11.8,12.72,0.89,+7.52%,2786900
IMTX,2023-06-20,12.66,13.03,12.405,12.69,-0.03,-0.24%,915400
IMTX,2023-06-21,12.62,12.7252,12.08,12.39,-0.3,-2.36%,609100
IMTX,2023-06-22,12.25,12.425,11.76,11.79,-0.6,-4.84%,359600
IMTX,2023-06-23,11.76,11.89,11.41,11.64,-0.15,-1.27%,151500
IMTX,2023-06-26,11.56,11.75,11.125,11.2,-0.44,-3.78%,318800
IMTX,2023-06-27,11,11.465,10.9,11.41,0.21,+1.88%,236500
IMTX,2023-06-28,11.42,11.485,11.19,11.38,-0.03,-0.26%,160400
IMTX,2023-06-29,11.35,11.86,11.15,11.61,0.23,+2.02%,326000
IMTX,2023-06-30,11.75,11.82,11.38,11.54,-0.07,-0.60%,327900
IMTX,2023-07-03,11.52,12.04,11.2236,11.6,0.06,+0.52%,233300
IMTX,2023-07-05,11.65,11.69,11.06,11.47,-0.13,-1.12%,293300
IMTX,2023-07-06,11.39,11.81,11.17,11.72,0.25,+2.18%,408500
IMTX,2023-07-07,11.77,11.92,11.03,11.54,-0.18,-1.54%,325400
IMTX,2023-07-10,11.55,11.97,11.44,11.86,0.32,+2.77%,198000
IMTX,2023-07-11,11.86,12.1,11.4475,11.56,-0.3,-2.53%,241000
IMTX,2023-07-12,11.72,11.76,11.18,11.23,-0.33,-2.85%,97500
IMTX,2023-07-13,11.29,11.575,11.11,11.14,-0.09,-0.80%,219900
IMTX,2023-07-14,11.14,11.39,10.67,11.25,0.11,+0.99%,411600
IMTX,2023-07-17,11.29,11.5886,11.18,11.31,0.06,+0.53%,199900
IMTX,2023-07-18,11.29,12.02,11.24,11.92,0.61,+5.39%,235400
IMTX,2023-07-19,11.92,12.3,11.79,12.15,0.23,+1.93%,340700
IMTX,2023-07-20,12.01,12.2139,11.67,11.87,-0.28,-2.30%,132800
IMTX,2023-07-21,11.9,12.01,11.57,11.88,0.01,+0.08%,120600
IMTX,2023-07-24,12.41,12.69,12.02,12.19,0.31,+2.61%,746000
IMTX,2023-07-25,12.2,12.85,12.2,12.45,0.26,+2.13%,779000
IMTX,2023-07-26,12.45,12.45,11.83,11.91,-0.54,-4.34%,385400
IMTX,2023-07-27,11.91,11.91,11.3,11.45,-0.46,-3.86%,392600
IMTX,2023-07-28,11.56,12.195,11.42,12.13,0.68,+5.94%,409600
IMTX,2023-07-31,12.19,12.19,11.6,11.91,-0.22,-1.81%,409500
IMTX,2023-08-01,11.85,12.83,11.59,12.62,0.71,+5.96%,1651200
IMTX,2023-08-02,12.61,12.82,12.32,12.61,-0.01,-0.08%,437100
IMTX,2023-08-03,12.48,12.84,12.36,12.62,0.01,+0.08%,1198500
IMTX,2023-08-04,12.61,12.74,12.04,12.22,-0.4,-3.17%,198300
IMTX,2023-08-07,12.17,12.17,11.67,11.77,-0.45,-3.68%,153400
IMTX,2023-08-08,11.58,12.05,11.53,11.84,0.07,+0.59%,243900
IMTX,2023-08-09,11.81,12.15,11.66,11.99,0.15,+1.27%,149300
IMTX,2023-08-10,11.77,12.335,11.77,12.02,0.03,+0.25%,127500
IMTX,2023-08-11,12.03,12.1866,11.52,12.12,0.1,+0.83%,130600
IMTX,2023-08-14,12.02,12.2795,11.84,12.155,0.035,+0.29%,130200
IMTX,2023-08-15,12.13,12.33,11.72,11.72,-0.435,-3.58%,191900
IMTX,2023-08-16,11.71,12.29,11.17,11.38,-0.34,-2.90%,300400
IMTX,2023-08-17,11,11.655,10.6,11.6,0.22,+1.93%,334400
IMTX,2023-08-18,11.54,12.23,11.52,12.21,0.61,+5.26%,311400
IMTX,2023-08-21,12.3,12.58,12.13,12.46,0.25,+2.05%,284100
IMTX,2023-08-22,12.46,12.78,12.07,12.48,0.02,+0.16%,324600
IMTX,2023-08-23,12.57,12.66,12.19,12.35,-0.13,-1.04%,152200
IMTX,2023-08-24,12.37,12.37,11.5201,12.23,-0.12,-0.97%,110000
IMTX,2023-08-25,12.28,12.5176,12.06,12.25,0.02,+0.16%,116200
IMTX,2023-08-28,12.28,12.37,11.87,12.14,-0.11,-0.90%,115600
IMTX,2023-08-29,12.1,12.25,11.93,11.96,-0.18,-1.48%,188400
IMTX,2023-08-30,12.01,12.05,11.65,12,0.04,+0.33%,596100
IMTX,2023-08-31,12.06,12.2,11.2,11.84,-0.16,-1.33%,134400
IMTX,2023-09-01,11.89,12.61,11.89,12.24,0.4,+3.38%,336000
IMTX,2023-09-05,12.11,12.65,11.9025,12.24,0,0.00%,371000
IMTX,2023-09-06,12.22,12.48,11.93,12.32,0.08,+0.65%,235900
IMTX,2023-09-07,12.28,12.63,11.89,12.54,0.22,+1.79%,178200
IMTX,2023-09-08,12.57,12.704,12.07,12.18,-0.36,-2.87%,138300
IMTX,2023-09-11,13,13.14,12.185,12.44,0.26,+2.13%,453500
IMTX,2023-09-12,12.68,12.77,12.08,12.38,-0.06,-0.48%,270500
IMTX,2023-09-13,12.41,12.46,11.735,11.87,-0.51,-4.12%,542900
IMTX,2023-09-14,11.9,12.2599,11.83,12.12,0.25,+2.11%,498700
IMTX,2023-09-15,12.12,12.38,12,12.19,0.07,+0.58%,356300
IMTX,2023-09-18,12.25,12.34,11.8,12.09,-0.1,-0.82%,515800
IMTX,2023-09-19,12.05,12.39,11.82,12.37,0.28,+2.32%,262500
IMTX,2023-09-20,12.38,12.52,12.04,12.08,-0.29,-2.34%,286000
IMTX,2023-09-21,11.99,12.015,11.695,11.85,-0.23,-1.90%,220300
IMTX,2023-09-22,11.91,11.92,11.61,11.71,-0.14,-1.18%,317700
IMTX,2023-09-25,11.67,11.67,11.11,11.14,-0.57,-4.87%,448900
IMTX,2023-09-26,10.99,11.37,10.97,11.16,0.02,+0.18%,418500
IMTX,2023-09-27,11.22,11.64,11.07,11.22,0.06,+0.54%,402300
IMTX,2023-09-28,11.23,11.365,10.985,11.01,-0.21,-1.87%,539900
IMTX,2023-09-29,11.06,11.64,11.02,11.58,0.57,+5.18%,570300
IMTX,2023-10-02,11.61,11.64,10.76,10.79,-0.79,-6.82%,350400
IMTX,2023-10-03,10.78,11.09,10.34,10.39,-0.4,-3.71%,540100
IMTX,2023-10-04,10.37,10.44,9.588,9.66,-0.73,-7.03%,437400
IMTX,2023-10-05,9.61,10,9.57,9.72,0.06,+0.62%,626300
IMTX,2023-10-06,9.61,10.1,9.61,9.98,0.26,+2.67%,398800
IMTX,2023-10-09,9.82,9.98,9.56,9.91,-0.07,-0.70%,504700
IMTX,2023-10-10,9.95,10.18,9.81,9.85,-0.06,-0.61%,505900
IMTX,2023-10-11,9.83,9.9068,9.45,9.58,-0.27,-2.74%,322300
IMTX,2023-10-12,9.52,9.52,9.2,9.25,-0.33,-3.44%,256400
IMTX,2023-10-13,9.21,9.8,9.13,9.8,0.55,+5.95%,238100
IMTX,2023-10-16,9.76,10.005,9.67,9.87,0.07,+0.71%,270000
IMTX,2023-10-17,9.84,10.17,9.62,9.99,0.12,+1.22%,478700
IMTX,2023-10-18,9.97,10.04,9.06,9.21,-0.78,-7.81%,442800
IMTX,2023-10-19,9.2,9.2,8.69,8.72,-0.49,-5.32%,487400
IMTX,2023-10-20,8.76,8.87,8.56,8.72,0,0.00%,224800
IMTX,2023-10-23,8.62,8.655,7.88,7.9,-0.82,-9.40%,473500
IMTX,2023-10-24,7.89,8.22,7.62,8.03,0.13,+1.65%,754700
IMTX,2023-10-25,7.98,8.22,7.93,8.15,0.12,+1.49%,714300
IMTX,2023-10-26,8.17,8.31,7.8,7.8,-0.35,-4.29%,884700
IMTX,2023-10-27,7.76,7.86,7.2722,7.55,-0.25,-3.21%,645400
IMTX,2023-10-30,7.49,7.705,7.3,7.36,-0.19,-2.52%,408500
IMTX,2023-10-31,7.32,7.75,7.15,7.65,0.29,+3.94%,443200
IMTX,2023-11-01,7.63,7.9,7.605,7.8,0.15,+1.96%,401900
IMTX,2023-11-02,8.02,8.2,7.8,8.18,0.38,+4.87%,748000
IMTX,2023-11-03,8.33,9.61,8.25,9.61,1.43,+17.48%,1179200
IMTX,2023-11-06,9.81,10.08,9.46,9.63,0.02,+0.21%,774800
IMTX,2023-11-07,9.57,10.255,9.55,9.95,0.32,+3.32%,1290800
IMTX,2023-11-08,10.06,10.27,8.97,9.56,-0.39,-3.92%,1274900
IMTX,2023-11-09,9.61,9.61,8.43,9.06,-0.5,-5.23%,721800
IMTX,2023-11-10,9.06,9.45,8.8003,9.42,0.36,+3.97%,532800
IMTX,2023-11-13,9.28,9.58,9.1,9.56,0.14,+1.49%,426700
IMTX,2023-11-14,9.6,10.2,9.56,9.7,0.14,+1.46%,408000
IMTX,2023-11-15,9.67,9.9,8.9,8.93,-0.77,-7.94%,292700
IMTX,2023-11-16,8.9,9.04,8.36,8.5,-0.43,-4.82%,501500
IMTX,2023-11-17,8.58,8.8,8.52,8.68,0.18,+2.12%,341600
IMTX,2023-11-20,8.7,8.85,8.5775,8.59,-0.09,-1.04%,698900
IMTX,2023-11-21,8.56,8.69,7.98,8.03,-0.56,-6.52%,1187600
IMTX,2023-11-22,8.03,8.36,8,8.19,0.16,+1.99%,348600
IMTX,2023-11-24,8.2,8.55,8.13,8.43,0.24,+2.93%,181500
IMTX,2023-11-27,8.4,8.44,8.165,8.32,-0.11,-1.30%,184000
IMTX,2023-11-28,8.28,8.45,8.15,8.4,0.08,+0.96%,122700
IMTX,2023-11-29,8.42,8.8,8.41,8.6,0.2,+2.38%,387250
IMTX,2023-11-30,8.74,8.9,8.6,8.84,0.24,+2.79%,451900
IMTX,2023-12-01,8.76,9.125,8.65,9.01,0.17,+1.92%,573100
IMTX,2023-12-04,9.03,9.3,8.95,9.19,0.18,+2.00%,204200
IMTX,2023-12-05,9.11,9.22,8.81,9.06,-0.13,-1.41%,165200
IMTX,2023-12-06,9.14,9.365,9.03,9.07,0.01,+0.11%,175300
IMTX,2023-12-07,9.05,9.34,8.895,9.19,0.12,+1.32%,702500
IMTX,2023-12-08,9.25,9.35,8.96,9.25,0.06,+0.65%,261300
IMTX,2023-12-11,9.24,9.33,8.93,9.24,-0.01,-0.11%,364600
IMTX,2023-12-12,9.3,9.56,8.81,9.52,0.28,+3.03%,271300
IMTX,2023-12-13,9.54,9.88,9.24,9.87,0.35,+3.68%,558400
IMTX,2023-12-14,10,10.07,9.45,9.8,-0.07,-0.71%,1335700
IMTX,2023-12-15,9.78,9.9,9.6,9.81,0.01,+0.10%,467700
IMTX,2023-12-18,9.78,10.14,9.61,9.94,0.13,+1.33%,617100
IMTX,2023-12-19,9.99,10.12,9.73,9.74,-0.2,-2.01%,235700
IMTX,2023-12-20,9.68,9.69,9.16,9.17,-0.57,-5.85%,516400
IMTX,2023-12-21,9.13,9.68,9.13,9.64,0.47,+5.13%,261300
IMTX,2023-12-22,9.79,10.13,9.675,9.9,0.26,+2.70%,192000
IMTX,2023-12-26,9.98,10.57,9.89,10.49,0.59,+5.96%,496100
IMTX,2023-12-27,10.54,10.91,10.34,10.89,0.4,+3.81%,550900
IMTX,2023-12-28,10.89,11.18,10.76,10.8,-0.09,-0.83%,230100
IMTX,2023-12-29,10.75,10.86,10.34,10.53,-0.27,-2.50%,315400
IMTX,2024-01-02,10.46,10.8987,10.32,10.72,0.19,+1.80%,222500
IMTX,2024-01-03,10.59,11.1,10.21,10.235,-0.485,-4.52%,236400
IMTX,2024-01-04,10.3,10.85,10.29,10.72,0.485,+4.74%,163400
IMTX,2024-01-05,10.62,10.74,10.24,10.42,-0.3,-2.80%,189300
IMTX,2024-01-08,10.37,10.92,10.21,10.84,0.42,+4.03%,164300
IMTX,2024-01-09,10.7,12.31,10.67,12.17,1.33,+12.27%,1848600
IMTX,2024-01-10,12.18,12.58,11.86,12.04,-0.13,-1.07%,667600
IMTX,2024-01-11,11.92,12.39,11.68,12.14,0.1,+0.83%,835900
IMTX,2024-01-12,12.32,12.71,12.0375,12.55,0.41,+3.38%,1013700
IMTX,2024-01-16,12.34,12.35,11.81,12.09,-0.46,-3.67%,616000
IMTX,2024-01-17,11.91,11.94,11.091,11.2,-0.89,-7.36%,228300
IMTX,2024-01-18,11.6,11.67,10.99,11.34,0.14,+1.25%,2467900
IMTX,2024-01-19,11.36,11.63,11.25,11.45,0.11,+0.97%,701900
IMTX,2024-01-22,11.43,11.95,11.2701,11.82,0.37,+3.23%,772200
IMTX,2024-01-23,11.85,11.87,11.44,11.6,-0.22,-1.86%,303500
IMTX,2024-01-24,11.61,12,11.48,11.64,0.04,+0.34%,669600
IMTX,2024-01-25,11.65,11.9,11.46,11.73,0.09,+0.77%,303600
IMTX,2024-01-26,11.74,12,11.2,11.68,-0.05,-0.43%,268500
IMTX,2024-01-29,11.68,11.86,11.41,11.63,-0.05,-0.43%,982900
IMTX,2024-01-30,11.58,11.58,11,11.2,-0.43,-3.70%,538600
IMTX,2024-01-31,11.17,11.57,11.13,11.36,0.16,+1.43%,277800
IMTX,2024-02-01,11.44,11.49,11.265,11.35,-0.01,-0.09%,520500
IMTX,2024-02-02,11.3,11.36,11.22,11.29,-0.06,-0.53%,402400
IMTX,2024-02-05,11.24,11.37,11.1,11.33,0.04,+0.35%,219700
IMTX,2024-02-06,11.25,11.664,11.205,11.48,0.15,+1.32%,443500
IMTX,2024-02-07,11.42,11.42,11.08,11.15,-0.33,-2.87%,326300
IMTX,2024-02-08,11.15,11.31,11.09,11.3,0.15,+1.35%,420100
IMTX,2024-02-09,11.35,11.45,11.07,11.39,0.09,+0.80%,314600
IMTX,2024-02-12,11.4,11.58,11.26,11.49,0.1,+0.88%,209100
IMTX,2024-02-13,11.11,11.32,10.89,11.3,-0.19,-1.65%,432000
IMTX,2024-02-14,11.31,11.38,11.04,11.19,-0.11,-0.97%,323000
IMTX,2024-02-15,11.2,11.52,10.9,11.49,0.3,+2.68%,441300
IMTX,2024-02-16,11.44,11.78,11.17,11.67,0.18,+1.57%,838900
IMTX,2024-02-20,11.5,12.08,11.35,11.37,-0.3,-2.57%,330800
IMTX,2024-02-21,11.32,12.01,11.14,12.01,0.64,+5.63%,467200
IMTX,2024-02-22,12.06,12.13,11.8,12.06,0.05,+0.42%,469000
IMTX,2024-02-23,12.01,12.52,11.92,12.22,0.16,+1.33%,325000
IMTX,2024-02-26,12.2,12.58,12.0669,12.35,0.13,+1.06%,278600
IMTX,2024-02-27,12.47,12.8,12.46,12.56,0.21,+1.70%,416500
IMTX,2024-02-28,12.43,12.63,12.03,12.44,-0.12,-0.96%,162500
IMTX,2024-02-29,12.5,12.75,12.3584,12.51,0.07,+0.56%,250400
IMTX,2024-03-01,12.5,13.16,12.5,12.94,0.43,+3.44%,542900
IMTX,2024-03-04,13.05,13.05,12.4416,12.51,-0.43,-3.32%,331700
IMTX,2024-03-05,12.36,12.73,12.085,12.17,-0.34,-2.72%,564700
IMTX,2024-03-06,12.18,12.325,12.18,12.31,0.14,+1.15%,152800
IMTX,2024-03-07,12.31,12.5,12.05,12.08,-0.23,-1.87%,447200
IMTX,2024-03-08,12.2,12.55,12.17,12.27,0.19,+1.57%,1093400
IMTX,2024-03-11,12.3,12.5,12.04,12.25,-0.02,-0.16%,416500
IMTX,2024-03-12,12.25,12.62,11.95,12,-0.25,-2.04%,632400
IMTX,2024-03-13,11.99,12.15,11.69,11.9,-0.1,-0.83%,340900
IMTX,2024-03-14,11.88,12.08,11.53,12,0.1,+0.84%,472500
IMTX,2024-03-15,11.95,12.14,11.85,12.01,0.01,+0.08%,186900
IMTX,2024-03-18,12.01,12.09,11.76,11.83,-0.18,-1.50%,511900
IMTX,2024-03-19,11.78,12.34,11.58,11.66,-0.17,-1.44%,980300
IMTX,2024-03-20,11.73,12.47,11.46,12.05,0.39,+3.34%,337800
IMTX,2024-03-21,10.55,12.31,10.2523,11.34,-0.71,-5.89%,945800
IMTX,2024-03-22,11.42,11.5,11.14,11.26,-0.08,-0.71%,541600
IMTX,2024-03-25,11.25,11.585,11.24,11.31,0.05,+0.44%,738700
IMTX,2024-03-26,11.37,11.58,11.29,11.37,0.06,+0.53%,347300
IMTX,2024-03-27,11.39,11.69,10.96,11.1,-0.27,-2.37%,914300
IMTX,2024-03-28,11.12,11.2182,10.455,10.51,-0.59,-5.32%,1062600
IMTX,2024-04-01,10.52,11.21,10.35,11.05,0.54,+5.14%,594100
IMTX,2024-04-02,10.93,10.93,10.64,10.73,-0.32,-2.90%,329000
IMTX,2024-04-03,10.73,10.815,10.47,10.54,-0.19,-1.77%,257300
IMTX,2024-04-04,10.6,11.06,10.47,10.71,0.17,+1.61%,387600
IMTX,2024-04-05,10.69,10.87,10.54,10.58,-0.13,-1.21%,150300
IMTX,2024-04-08,10.54,10.9,10.4801,10.74,0.16,+1.51%,260300
IMTX,2024-04-09,10.77,11.08,10.59,11.04,0.3,+2.79%,234300
IMTX,2024-04-10,10.83,11.24,10.54,11,-0.04,-0.36%,284100
IMTX,2024-04-11,11.02,11.055,10.64,10.84,-0.16,-1.45%,424900
IMTX,2024-04-12,10.84,10.96,10.5,10.61,-0.23,-2.12%,266100
IMTX,2024-04-15,10.57,10.765,10.292,10.4,-0.21,-1.98%,424300
IMTX,2024-04-16,10.39,10.41,10.25,10.38,-0.02,-0.19%,217900
IMTX,2024-04-17,10.43,10.65,10.19,10.23,-0.15,-1.45%,484800
IMTX,2024-04-18,10.27,10.7,10.04,10.26,0.03,+0.29%,435800
IMTX,2024-04-19,10.18,10.53,10.12,10.21,-0.05,-0.49%,182100
IMTX,2024-04-22,10.25,10.43,10.08,10.19,-0.02,-0.20%,201600
IMTX,2024-04-23,10.25,10.6,10.25,10.42,0.23,+2.26%,383900
IMTX,2024-04-24,10.42,10.61,10.125,10.15,-0.27,-2.59%,221400
IMTX,2024-04-25,10.01,10.036,9.67,9.78,-0.37,-3.65%,685100
IMTX,2024-04-26,9.84,10.05,9.77,10.01,0.23,+2.35%,297000
IMTX,2024-04-29,10.11,10.259,9.95,9.98,-0.03,-0.30%,249900
IMTX,2024-04-30,9.91,10.24,9.8,9.93,-0.05,-0.50%,292800
IMTX,2024-05-01,9.97,11.03,9.87,10.81,0.88,+8.86%,643700
IMTX,2024-05-02,10.88,11.16,10.73,10.89,0.08,+0.74%,334600
IMTX,2024-05-03,11.08,11.18,10.74,10.77,-0.12,-1.10%,251400
IMTX,2024-05-06,10.81,10.885,10.64,10.74,-0.03,-0.28%,179800
IMTX,2024-05-07,10.73,10.855,10.64,10.72,-0.02,-0.19%,181200
IMTX,2024-05-08,10.71,10.79,10.53,10.63,-0.09,-0.84%,183200
IMTX,2024-05-09,10.59,10.75,10.56,10.64,0.01,+0.09%,440800
IMTX,2024-05-10,10.65,11.16,10.61,10.83,0.19,+1.79%,794200
IMTX,2024-05-13,10.84,11.119,10.75,11,0.17,+1.57%,703800
IMTX,2024-05-14,11.98,12.55,11.52,11.6,0.6,+5.45%,1802500
IMTX,2024-05-15,11.67,11.93,10.87,11.08,-0.52,-4.48%,1116700
IMTX,2024-05-16,11.22,11.38,10.79,10.81,-0.27,-2.44%,525300
IMTX,2024-05-17,10.78,10.96,10.59,10.96,0.15,+1.39%,288100
IMTX,2024-05-20,10.96,11.05,10.635,10.94,-0.02,-0.18%,534700
IMTX,2024-05-21,10.95,11.14,10.59,10.63,-0.31,-2.83%,221800
IMTX,2024-05-22,10.52,10.7,10.295,10.34,-0.29,-2.73%,687900
IMTX,2024-05-23,10.3,10.35,9.79,9.82,-0.52,-5.03%,638600
IMTX,2024-05-24,9.85,11.83,9.82,11.7,1.88,+19.14%,2174400
IMTX,2024-05-28,11.48,11.9,11.32,11.67,-0.03,-0.26%,1355400
IMTX,2024-05-29,11.62,11.85,11.42,11.55,-0.12,-1.03%,560500
IMTX,2024-05-30,11.62,11.93,11.26,11.28,-0.27,-2.34%,495100
IMTX,2024-05-31,11.29,11.455,10.81,11.03,-0.25,-2.22%,702300
IMTX,2024-06-03,11.14,12.28,10.97,12.13,1.1,+9.97%,1027700
IMTX,2024-06-04,12.11,12.48,11.96,12.42,0.29,+2.39%,927000
IMTX,2024-06-05,12.5,13.6,12.2909,13.44,1.02,+8.21%,986500
IMTX,2024-06-06,13.33,13.77,13.1,13.49,0.05,+0.37%,576500
IMTX,2024-06-07,13.51,13.7,13.15,13.16,-0.33,-2.45%,445400
IMTX,2024-06-10,13.11,13.2,12.75,12.88,-0.28,-2.13%,1509100
IMTX,2024-06-11,12.77,13.61,12.61,13.26,0.38,+2.95%,579400
IMTX,2024-06-12,13.53,13.69,12.9,13.12,-0.14,-1.06%,517700
IMTX,2024-06-13,13.12,13.22,12.83,12.95,-0.17,-1.30%,392500
IMTX,2024-06-14,12.87,13.365,12.647,13.02,0.07,+0.54%,166700
IMTX,2024-06-17,13,13.23,12.73,13.01,-0.01,-0.08%,375900
IMTX,2024-06-18,12.9,13.12,12.51,12.58,-0.43,-3.31%,407200
IMTX,2024-06-20,12.4,12.74,12.29,12.43,-0.15,-1.19%,456000
IMTX,2024-06-21,12.55,12.665,12.15,12.37,-0.06,-0.48%,422600
IMTX,2024-06-24,12.42,12.53,12.17,12.2,-0.17,-1.37%,165200
IMTX,2024-06-25,12.17,12.231,11.93,12,-0.2,-1.64%,274900
IMTX,2024-06-26,11.93,11.94,11.71,11.82,-0.18,-1.50%,134200
IMTX,2024-06-27,11.88,11.94,11.72,11.79,-0.03,-0.25%,229200
IMTX,2024-06-28,11.75,12.27,11.33,11.62,-0.17,-1.44%,459700
IMTX,2024-07-01,11.61,12.21,11.55,12,0.38,+3.27%,450900
IMTX,2024-07-02,11.95,12.05,11.66,12.02,0.02,+0.17%,339600
IMTX,2024-07-03,12.04,12.07,11.76,11.82,-0.2,-1.66%,80400
IMTX,2024-07-05,11.73,11.78,11.5,11.74,-0.08,-0.68%,143800
IMTX,2024-07-08,11.82,12.1,11.635,11.85,0.11,+0.94%,165400
IMTX,2024-07-09,11.85,12.3175,11.52,12.25,0.4,+3.38%,471000
IMTX,2024-07-10,12.33,12.5,11.91,12.1,-0.15,-1.22%,683600
IMTX,2024-07-11,12.23,12.44,11.9601,12.24,0.14,+1.16%,223500
IMTX,2024-07-12,12.38,13.02,12.17,12.7,0.46,+3.76%,512600
IMTX,2024-07-15,12.83,12.89,12.56,12.56,-0.14,-1.10%,156500
IMTX,2024-07-16,12.62,12.79,12.49,12.55,-0.01,-0.08%,107400
IMTX,2024-07-17,12.55,12.62,12.27,12.29,-0.26,-2.07%,239400
IMTX,2024-07-18,12.32,12.555,12.14,12.325,0.035,+0.28%,270800
IMTX,2024-07-19,12.37,12.68,12.33,12.52,0.195,+1.58%,177200
IMTX,2024-07-22,12.59,12.6699,12.26,12.35,-0.17,-1.36%,109800
IMTX,2024-07-23,12.31,12.98,12.155,12.92,0.57,+4.62%,733300
IMTX,2024-07-24,12.86,13,12.28,12.38,-0.54,-4.18%,349700
IMTX,2024-07-25,12.32,12.81,12.21,12.39,0.01,+0.08%,367400
IMTX,2024-07-26,12.61,12.61,12.26,12.3,-0.09,-0.73%,308200
IMTX,2024-07-29,12.34,12.34,11.88,12.08,-0.22,-1.79%,170000
IMTX,2024-07-30,12.12,12.22,11.79,11.88,-0.2,-1.66%,217800
IMTX,2024-07-31,12.04,12.04,11.52,12.02,0.14,+1.18%,185300
IMTX,2024-08-01,12,12.105,11.7,11.81,-0.21,-1.75%,491700
IMTX,2024-08-02,11.59,11.71,11.42,11.61,-0.2,-1.69%,223900
IMTX,2024-08-05,11.13,11.615,11,11.35,-0.26,-2.24%,238400
IMTX,2024-08-06,11.44,11.53,11.16,11.21,-0.14,-1.23%,117700
IMTX,2024-08-07,11.35,11.41,11.05,11.06,-0.15,-1.34%,180400
IMTX,2024-08-08,11.11,11.47,11.05,11.4,0.34,+3.07%,204400
IMTX,2024-08-09,11.47,11.56,11.25,11.53,0.13,+1.14%,137400
IMTX,2024-08-12,11.57,11.67,11.3,11.37,-0.16,-1.39%,205800
IMTX,2024-08-13,11.38,11.69,11.26,11.51,0.14,+1.23%,291300
IMTX,2024-08-14,11.52,11.79,11.34,11.71,0.2,+1.74%,300200
IMTX,2024-08-15,11.95,11.95,11.46,11.5,-0.21,-1.79%,223500
IMTX,2024-08-16,11.51,11.71,11.37,11.51,0.01,+0.09%,175000
IMTX,2024-08-19,11.58,11.85,11.3,11.79,0.28,+2.43%,494600
IMTX,2024-08-20,11.64,11.9,11.45,11.75,-0.04,-0.34%,244000
IMTX,2024-08-21,11.71,11.78,11.47,11.54,-0.21,-1.79%,236700
IMTX,2024-08-22,11.51,11.51,11.09,11.21,-0.33,-2.86%,630400
IMTX,2024-08-23,11.3,11.36,11.08,11.21,0,0.00%,145500
IMTX,2024-08-26,11.21,11.62,11.18,11.49,0.28,+2.50%,233000
IMTX,2024-08-27,11.49,11.55,10.92,10.93,-0.56,-4.87%,279900
IMTX,2024-08-28,10.93,11.105,10.87,10.97,0.04,+0.37%,481800
IMTX,2024-08-29,11.06,11.13,10.91,11.08,0.11,+1.00%,178200
IMTX,2024-08-30,11.1,11.155,11,11.09,0.01,+0.09%,95300
IMTX,2024-09-03,11.08,11.13,10.83,11.05,-0.04,-0.36%,497100
IMTX,2024-09-04,11.02,11.5,10.94,11.24,0.19,+1.72%,508600
IMTX,2024-09-05,11.26,11.52,11.02,11.43,0.19,+1.69%,670100
IMTX,2024-09-06,11.49,11.78,11.205,11.73,0.3,+2.62%,537400
IMTX,2024-09-09,11.77,12.54,11.74,12.18,0.45,+3.84%,536900
IMTX,2024-09-10,12.18,12.2476,11.88,11.93,-0.25,-2.05%,281800
IMTX,2024-09-11,11.88,12.085,11.69,11.69,-0.24,-2.01%,285100
IMTX,2024-09-12,11.8,12.5,11.71,12.46,0.77,+6.59%,576600
IMTX,2024-09-13,12.57,12.86,12.53,12.68,0.22,+1.77%,299600
IMTX,2024-09-16,12.67,13.09,12.43,12.73,0.05,+0.39%,1104800
IMTX,2024-09-17,12.76,12.94,12.16,12.17,-0.56,-4.40%,806800
IMTX,2024-09-18,12.19,12.565,12.06,12.19,0.02,+0.16%,257500
IMTX,2024-09-19,12.34,12.505,12.09,12.16,-0.03,-0.25%,179200
IMTX,2024-09-20,12.13,12.19,11.91,12.08,-0.08,-0.66%,151700
IMTX,2024-09-23,12.17,12.17,11.7,11.77,-0.31,-2.57%,474700
IMTX,2024-09-24,11.84,11.96,11.37,11.68,-0.09,-0.76%,329100
IMTX,2024-09-25,11.7,11.85,11.51,11.8,0.12,+1.03%,298100
IMTX,2024-09-26,11.85,11.97,11.67,11.73,-0.07,-0.59%,155400
IMTX,2024-09-27,11.75,11.84,11.67,11.73,0,0.00%,71400
IMTX,2024-09-30,11.73,11.83,11.34,11.41,-0.32,-2.73%,346200
IMTX,2024-10-01,11.34,11.34,11.1,11.21,-0.2,-1.75%,228100
IMTX,2024-10-02,11.21,11.27,10.501,10.52,-0.69,-6.16%,411700
IMTX,2024-10-03,10.44,10.505,10.13,10.35,-0.17,-1.62%,481500
IMTX,2024-10-04,10.48,10.92,10.46,10.86,0.51,+4.93%,264100
IMTX,2024-10-07,11.36,11.4,10.81,10.93,0.07,+0.64%,295700
IMTX,2024-10-08,10.98,11.11,10.77,10.97,0.04,+0.37%,223800
IMTX,2024-10-09,10.98,11.2,10.81,11.07,0.1,+0.91%,163700
IMTX,2024-10-10,10.33,10.75,9.25,9.345,-1.725,-15.58%,2387000
IMTX,2024-10-11,9.3,9.41,9.19,9.34,-0.005,-0.05%,4711800
IMTX,2024-10-14,9.35,9.4601,9.16,9.295,-0.045,-0.48%,2238100
IMTX,2024-10-15,9.24,9.66,9.22,9.49,0.195,+2.10%,774300
IMTX,2024-10-16,9.52,9.57,9.32,9.45,-0.04,-0.42%,767700
IMTX,2024-10-17,9.41,9.59,9.18,9.55,0.1,+1.06%,716800
IMTX,2024-10-18,9.59,9.95,9.565,9.88,0.33,+3.46%,444700
IMTX,2024-10-21,9.89,9.9,9.52,9.62,-0.26,-2.63%,304900
IMTX,2024-10-22,9.58,9.68,9.5,9.54,-0.08,-0.83%,147900
IMTX,2024-10-23,9.52,9.52,9.28,9.36,-0.18,-1.89%,205300
IMTX,2024-10-24,9.39,9.56,9.34,9.53,0.17,+1.82%,1485900
IMTX,2024-10-25,9.57,9.83,9.21,9.26,-0.27,-2.83%,520300
IMTX,2024-10-28,9.25,9.53,9.25,9.28,0.02,+0.22%,271100
IMTX,2024-10-29,9.29,9.415,9.2,9.36,0.08,+0.86%,373200
IMTX,2024-10-30,9.32,9.37,9.21,9.23,-0.13,-1.39%,166100
IMTX,2024-10-31,9.21,9.21,8.962,9.1,-0.13,-1.41%,399100
IMTX,2024-11-01,9.15,9.44,9.15,9.33,0.23,+2.53%,280800
IMTX,2024-11-04,9.33,9.485,9.24,9.35,0.02,+0.21%,292300
IMTX,2024-11-05,9.31,9.4,9.06,9.36,0.01,+0.11%,275900
IMTX,2024-11-06,9.39,9.39,9.135,9.19,-0.17,-1.82%,174800
IMTX,2024-11-07,9.19,9.36,9.16,9.25,0.06,+0.65%,273400
IMTX,2024-11-08,9.21,9.35,9.06,9.25,0,0.00%,646600
IMTX,2024-11-11,9.26,9.26,8.84,9.04,-0.21,-2.27%,505800
IMTX,2024-11-12,8.96,8.96,8.39,8.48,-0.56,-6.19%,552800
IMTX,2024-11-13,8.56,8.78,8.41,8.57,0.09,+1.06%,1114200
IMTX,2024-11-14,8.49,8.81,8.32,8.53,-0.04,-0.47%,839100
IMTX,2024-11-15,8.53,8.67,7.94,8.17,-0.36,-4.22%,1172600
IMTX,2024-11-18,8.45,8.57,7.8,7.82,-0.35,-4.28%,1187400
IMTX,2024-11-19,7.8,7.93,7.65,7.81,-0.01,-0.13%,940500
IMTX,2024-11-20,7.79,7.89,7.46,7.8,-0.01,-0.13%,696300
IMTX,2024-11-21,7.8,8.04,7.58,7.58,-0.22,-2.82%,780500
IMTX,2024-11-22,7.59,7.77,7.48,7.59,0.01,+0.13%,541100
IMTX,2024-11-25,7.71,7.91,7.58,7.59,0,0.00%,605564
IMTX,2024-11-26,7.68,7.93,7.475,7.8,0.21,+2.77%,710677
IMTX,2024-11-27,7.8,7.94,7.64,7.91,0.11,+1.41%,432600
IMTX,2024-11-29,7.88,8.36,7.86,8.32,0.41,+5.18%,272300
IMTX,2024-12-02,8.31,8.52,8.255,8.32,0,0.00%,808100
IMTX,2024-12-03,8.31,8.31,8.005,8.06,-0.26,-3.13%,300300
IMTX,2024-12-04,8.04,8.09,7.93,7.97,-0.09,-1.12%,235200
IMTX,2024-12-05,7.94,8.1058,7.62,7.68,-0.29,-3.64%,330800
IMTX,2024-12-06,7.7,7.935,7.6808,7.85,0.17,+2.21%,408100
IMTX,2024-12-09,7.89,7.98,7.76,7.78,-0.07,-0.89%,412900
IMTX,2024-12-10,7.78,7.78,7.52,7.55,-0.23,-2.96%,402400
IMTX,2024-12-11,7.5,7.6328,7.27,7.52,-0.03,-0.40%,625700
IMTX,2024-12-12,7.65,7.73,7.38,7.41,-0.11,-1.46%,717500
IMTX,2024-12-13,7.37,7.37,6.99,7.21,-0.2,-2.70%,683300
IMTX,2024-12-16,7.16,7.39,7.1,7.27,0.06,+0.83%,449200
IMTX,2024-12-17,7.25,7.395,7.16,7.18,-0.09,-1.24%,313300
IMTX,2024-12-18,7.17,7.28,6.72,6.73,-0.45,-6.27%,783300
IMTX,2024-12-19,6.74,6.99,6.68,6.88,0.15,+2.23%,704700
IMTX,2024-12-20,6.81,7.2,6.79,6.85,-0.03,-0.44%,593500
IMTX,2024-12-23,6.84,7.1,6.75,7.07,0.22,+3.21%,383400
IMTX,2024-12-24,7.07,7.19,7,7.1,0.03,+0.42%,181800
IMTX,2024-12-26,7.04,7.2,6.91,7.06,-0.04,-0.56%,354200
IMTX,2024-12-27,7,7.33,6.9709,7.13,0.07,+0.99%,360400
IMTX,2024-12-30,7.06,7.1,6.87,6.9,-0.23,-3.23%,5235500
IMTX,2024-12-31,6.91,7.12,6.87,7.11,0.21,+3.04%,830900
IMTX,2025-01-02,7.17,7.69,7.06,7.42,0.31,+4.36%,759000
IMTX,2025-01-03,7.49,7.54,7,7.17,-0.25,-3.37%,1323100
IMTX,2025-01-06,7.18,7.345,7.08,7.28,0.11,+1.53%,1203500
IMTX,2025-01-07,7.35,7.42,6.97,7.04,-0.24,-3.30%,1240100
IMTX,2025-01-08,7.03,7.16,6.935,6.97,-0.07,-0.99%,1332800
IMTX,2025-01-10,6.91,7.025,6.39,6.43,-0.54,-7.75%,607400
IMTX,2025-01-13,6.5,6.5,6.03,6.25,-0.18,-2.80%,551700
IMTX,2025-01-14,6.25,6.398,5.95,5.97,-0.28,-4.48%,572200
IMTX,2025-01-15,6.01,6.32,5.73,5.75,-0.22,-3.69%,695400
IMTX,2025-01-16,5.76,5.7959,5.29,5.34,-0.41,-7.13%,1002300
IMTX,2025-01-17,5.49,5.49,5.28,5.35,0.01,+0.19%,1060700
IMTX,2025-01-21,5.5,5.535,5.34,5.4,0.05,+0.93%,1662500
IMTX,2025-01-22,5.39,5.53,5.274,5.45,0.05,+0.93%,1336900
IMTX,2025-01-23,5.39,5.57,5.29,5.57,0.12,+2.20%,1760600
IMTX,2025-01-24,5.59,5.76,5.58,5.6,0.03,+0.54%,1440500
IMTX,2025-01-27,5.63,5.875,5.45,5.51,-0.09,-1.61%,1611300
IMTX,2025-01-28,5.55,5.58,5.32,5.34,-0.17,-3.09%,1494200
IMTX,2025-01-29,5.32,5.425,5.27,5.33,-0.01,-0.19%,1302500
IMTX,2025-01-30,5.35,5.53,5.28,5.4,0.07,+1.31%,2195200
IMTX,2025-01-31,5.42,5.57,5.365,5.47,0.07,+1.30%,2146400
IMTX,2025-02-03,5.36,5.4,5.195,5.27,-0.2,-3.66%,1416900
IMTX,2025-02-04,5.3,5.43,5.2,5.42,0.15,+2.85%,1977600
IMTX,2025-02-05,5.42,5.82,5.37,5.81,0.39,+7.20%,514800
IMTX,2025-02-06,5.8,5.8,5.54,5.65,-0.16,-2.75%,610800
IMTX,2025-02-07,5.64,5.64,5.355,5.4,-0.25,-4.42%,451400
IMTX,2025-02-10,5.41,5.41,5.17,5.27,-0.13,-2.41%,470300
IMTX,2025-02-11,5.2,5.2,4.88,4.95,-0.32,-6.07%,1536700
IMTX,2025-02-12,4.91,5.14,4.85,5.07,0.12,+2.42%,658700
IMTX,2025-02-13,5.09,5.12,4.9,5.09,0.02,+0.39%,1425400
IMTX,2025-02-14,5.11,5.25,5.03,5.05,-0.04,-0.79%,600400
IMTX,2025-02-18,5.08,5.21,4.83,4.84,-0.21,-4.16%,703600
IMTX,2025-02-19,4.85,5.005,4.72,4.77,-0.07,-1.45%,716100
IMTX,2025-02-20,4.77,4.83,4.51,4.6,-0.17,-3.56%,1167800
IMTX,2025-02-21,4.64,4.6874,4.48,4.6,0,0.00%,1735200
IMTX,2025-02-24,4.59,4.7133,4.46,4.65,0.05,+1.09%,2393800
IMTX,2025-02-25,4.65,4.695,4.365,4.38,-0.27,-5.81%,450100
IMTX,2025-02-26,4.34,4.37,4.21,4.25,-0.13,-2.97%,467800
IMTX,2025-02-27,4.22,4.411,4.22,4.38,0.13,+3.06%,883200
IMTX,2025-02-28,4.32,4.48,4.27,4.38,0,0.00%,378400
IMTX,2025-03-03,4.4,4.41,4.18,4.18,-0.2,-4.57%,420400
IMTX,2025-03-04,4.18,4.385,4.06,4.34,0.16,+3.83%,681200
IMTX,2025-03-05,4.37,4.81,4.37,4.8,0.46,+10.60%,918300
IMTX,2025-03-06,4.76,4.82,4.64,4.8,0,0.00%,339200
IMTX,2025-03-07,4.78,4.8,4.62,4.66,-0.14,-2.92%,233801
IMTX,2025-03-10,4.6,4.65,4.43,4.5,-0.16,-3.43%,333000
IMTX,2025-03-11,4.5,4.525,4.37,4.45,-0.05,-1.11%,469200
IMTX,2025-03-12,4.48,4.62,4.4295,4.55,0.1,+2.25%,198700
IMTX,2025-03-13,4.54,4.63,4.39,4.52,-0.03,-0.66%,442700
IMTX,2025-03-14,4.49,4.62,4.46,4.55,0.03,+0.66%,393300
IMTX,2025-03-17,4.58,5.01,4.58,4.98,0.43,+9.45%,681300
IMTX,2025-03-18,5.01,5.135,4.87,5.11,0.13,+2.61%,627400
IMTX,2025-03-19,5.1,5.38,4.8613,5.37,0.26,+5.09%,793700
IMTX,2025-03-20,5.39,5.63,5.2,5.3,-0.07,-1.30%,2115100
IMTX,2025-03-21,5.32,5.32,4.855,5,-0.3,-5.66%,516800
IMTX,2025-03-24,5.04,5.18,4.93,5,0,0.00%,357900
IMTX,2025-03-25,4.98,5.115,4.68,4.68,-0.32,-6.40%,314300
IMTX,2025-03-26,4.63,4.675,4.46,4.53,-0.15,-3.21%,2604400
IMTX,2025-03-27,4.82,5.21,4.64,4.71,0.18,+3.97%,836300
IMTX,2025-03-28,4.68,4.9795,4.55,4.63,-0.08,-1.70%,574400
IMTX,2025-03-31,4.54,4.58,4.35,4.51,-0.12,-2.59%,494800
IMTX,2025-04-01,4.44,4.44,3.88,4,-0.51,-11.31%,2068000
IMTX,2025-04-02,3.94,4.25,3.88,4.17,0.17,+4.25%,755500
IMTX,2025-04-03,4.18,4.26,3.83,3.84,-0.33,-7.91%,736600
IMTX,2025-04-04,3.8,3.86,3.39,3.5,-0.34,-8.85%,1530700
IMTX,2025-04-07,3.3,3.74,3.3,3.68,0.18,+5.14%,1512400
IMTX,2025-04-08,3.83,3.88,3.45,3.52,-0.16,-4.35%,1186100
IMTX,2025-04-09,3.46,4.11,3.45,4.04,0.52,+14.77%,920200
IMTX,2025-04-10,3.94,4.18,3.74,3.97,-0.07,-1.73%,863400
IMTX,2025-04-11,3.95,4.16,3.85,4.14,0.17,+4.28%,451300
IMTX,2025-04-14,4.48,4.48,4.14,4.23,0.09,+2.17%,318400
IMTX,2025-04-15,4.22,4.395,4.15,4.37,0.14,+3.31%,379400
IMTX,2025-04-16,4.32,4.33,4.03,4.11,-0.26,-5.95%,362800
IMTX,2025-04-17,4.11,4.275,4.05,4.26,0.15,+3.65%,205100
IMTX,2025-04-21,4.21,4.39,4.165,4.24,-0.02,-0.47%,388200
IMTX,2025-04-22,4.3,4.38,4.16,4.32,0.08,+1.89%,398100
IMTX,2025-04-23,4.46,4.68,4.38,4.51,0.19,+4.40%,530600
IMTX,2025-04-24,4.4,4.69,4.4,4.67,0.16,+3.55%,256200
IMTX,2025-04-25,4.71,4.7932,4.5,4.52,-0.15,-3.21%,328700
IMTX,2025-04-28,4.53,4.8,4.53,4.77,0.25,+5.53%,398700
IMTX,2025-04-29,4.75,4.9,4.69,4.87,0.1,+2.10%,314100
IMTX,2025-04-30,4.78,5.04,4.68,5,0.13,+2.67%,349300
IMTX,2025-05-01,4.9,5.06,4.78,5.01,0.01,+0.20%,371900
IMTX,2025-05-02,5.09,5.41,5.06,5.23,0.22,+4.39%,699000
IMTX,2025-05-05,5.2,5.29,5.1,5.1,-0.13,-2.49%,386000
IMTX,2025-05-06,5.17,5.24,4.58,4.59,-0.51,-10.00%,571700
IMTX,2025-05-07,4.61,4.71,3.94,4.39,-0.2,-4.36%,796800
IMTX,2025-05-08,4.4,4.4347,4.06,4.34,-0.05,-1.14%,474000
IMTX,2025-05-09,4.34,4.56,4.21,4.24,-0.1,-2.30%,556400
IMTX,2025-05-12,4.37,4.83,4.37,4.56,0.32,+7.55%,708500
IMTX,2025-05-13,4.54,4.54,4.15,4.34,-0.22,-4.82%,591600
IMTX,2025-05-14,4.37,4.58,4.3,4.56,0.22,+5.07%,794300
IMTX,2025-05-15,4.59,4.79,4.4775,4.69,0.13,+2.85%,794100
IMTX,2025-05-16,4.76,4.82,4.62,4.74,0.05,+1.07%,605300
IMTX,2025-05-19,4.66,5.35,4.625,5.29,0.55,+11.60%,1108900
IMTX,2025-05-20,5.26,5.42,4.9,5.4,0.11,+2.08%,862100
IMTX,2025-05-21,5.32,5.46,5,5.12,-0.28,-5.19%,816900
IMTX,2025-05-22,5.1,5.235,5.02,5.2,0.08,+1.56%,445100
IMTX,2025-05-23,5.1,5.2,5.08,5.11,-0.09,-1.73%,375000
IMTX,2025-05-27,5.19,5.31,4.93,4.93,-0.18,-3.52%,611200
IMTX,2025-05-28,5.02,5.255,4.97,5.14,0.21,+4.26%,301700
IMTX,2025-05-29,5.14,5.47,5.05,5.44,0.3,+5.84%,446400
IMTX,2025-05-30,5.42,5.61,5.18,5.39,-0.05,-0.92%,581800
IMTX,2025-06-02,5.5,6.33,5.46,6.01,0.62,+11.50%,1733700
IMTX,2025-06-03,6.05,6.09,5.8,5.88,-0.13,-2.16%,934200
IMTX,2025-06-04,6.02,6.16,5.6505,5.75,-0.13,-2.21%,552500
IMTX,2025-06-05,5.75,5.82,5.6301,5.78,0.03,+0.52%,303100
IMTX,2025-06-06,5.84,6.23,5.84,5.97,0.19,+3.29%,677600
IMTX,2025-06-09,6.04,6.1656,5.665,6,0.03,+0.50%,737600
IMTX,2025-06-10,5.97,6.16,5.83,5.94,-0.06,-1.00%,494100
IMTX,2025-06-11,5.99,6.31,5.89,5.96,0.02,+0.34%,2324600
IMTX,2025-06-12,5.99,6.24,5.92,6.14,0.18,+3.02%,894400
IMTX,2025-06-13,6.09,6.1733,6,6.12,-0.02,-0.33%,536200
IMTX,2025-06-16,6.2,6.2,5.895,6.1,-0.02,-0.33%,433400
IMTX,2025-06-17,6.06,6.38,6.05,6.14,0.04,+0.66%,1406100
IMTX,2025-06-18,6.13,6.25,5.8477,5.85,-0.29,-4.72%,589500
IMTX,2025-06-20,5.95,5.965,5.56,5.61,-0.24,-4.10%,709400
IMTX,2025-06-23,5.55,5.56,5.31,5.42,-0.19,-3.39%,1165600
IMTX,2025-06-24,5.49,5.6,5.29,5.44,0.02,+0.37%,1435200
IMTX,2025-06-25,5.42,5.53,5.31,5.46,0.02,+0.37%,679700
IMTX,2025-06-26,5.46,5.64,5.37,5.59,0.13,+2.38%,805700
IMTX,2025-06-27,5.56,5.71,5.42,5.43,-0.16,-2.86%,563200
IMTX,2025-06-30,5.43,5.4899,5.23,5.38,-0.05,-0.92%,837800
IMTX,2025-07-01,5.38,5.64,5.2701,5.54,0.16,+2.97%,436200
IMTX,2025-07-02,5.56,5.82,5.51,5.59,0.05,+0.90%,319200
IMTX,2025-07-03,5.7,5.79,5.61,5.71,0.12,+2.15%,174100
IMTX,2025-07-07,5.66,5.67,5.5,5.535,-0.175,-3.06%,393500
IMTX,2025-07-08,5.57,5.79,5.5655,5.62,0.085,+1.54%,385900
IMTX,2025-07-09,5.67,6,5.67,5.9,0.28,+4.98%,508100
IMTX,2025-07-10,5.93,6.17,5.72,6,0.1,+1.69%,823600
IMTX,2025-07-11,5.95,6.14,5.9,5.97,-0.03,-0.50%,480000
IMTX,2025-07-14,5.94,6.15,5.9279,6.11,0.14,+2.35%,184400
IMTX,2025-07-15,6.15,6.21,5.93,5.96,-0.15,-2.45%,217300
IMTX,2025-07-16,6,6.19,6,6.13,0.17,+2.85%,528300
IMTX,2025-07-17,6.09,6.34,6.09,6.21,0.08,+1.31%,312700
IMTX,2025-07-18,6.28,6.38,5.98,6,-0.21,-3.38%,187800
IMTX,2025-07-21,6.05,6.17,5.7,5.85,-0.15,-2.50%,207600
IMTX,2025-07-22,5.85,5.98,5.72,5.94,0.09,+1.54%,368200
IMTX,2025-07-23,6.03,6.565,5.95,6.45,0.51,+8.59%,542800
IMTX,2025-07-24,6.45,6.505,6.17,6.45,0,0.00%,330000
IMTX,2025-07-25,6.48,6.56,6.2305,6.56,0.11,+1.71%,310600
IMTX,2025-07-28,6.57,6.74,6.52,6.67,0.11,+1.68%,392800
IMTX,2025-07-29,6.66,6.7,6.44,6.63,-0.04,-0.60%,529600
IMTX,2025-07-30,6.7,6.8025,6.63,6.68,0.05,+0.75%,371900
IMTX,2025-07-31,6.68,6.75,6.3,6.45,-0.23,-3.44%,547100
IMTX,2025-08-01,6.33,6.57,6.29,6.48,0.03,+0.47%,386200
IMTX,2025-08-04,6.51,6.61,6.4,6.61,0.13,+2.01%,268000
IMTX,2025-08-05,6.6,6.66,6.51,6.65,0.04,+0.61%,243000
IMTX,2025-08-06,6.62,6.62,6.19,6.34,-0.31,-4.66%,352300
IMTX,2025-08-07,6.32,6.36,6.21,6.32,-0.02,-0.32%,329800
IMTX,2025-08-08,6.36,6.47,6.17,6.18,-0.14,-2.22%,189900
IMTX,2025-08-11,6.11,6.48,6.05,6.34,0.16,+2.59%,289100
IMTX,2025-08-12,6.31,6.48,6.31,6.42,0.08,+1.26%,198000
IMTX,2025-08-13,6,6.5,5.555,6.1,-0.32,-4.98%,3642400
IMTX,2025-08-14,6.11,6.14,5.6801,5.9,-0.2,-3.28%,791300
IMTX,2025-08-15,5.99,6.39,5.95,6.33,0.43,+7.29%,462000
IMTX,2025-08-18,6.36,6.4725,6.02,6.21,-0.12,-1.90%,1268100
IMTX,2025-08-19,6.17,6.1799,5.59,5.59,-0.62,-9.98%,545000
IMTX,2025-08-20,5.59,5.63,5.42,5.6,0.01,+0.18%,371700
IMTX,2025-08-21,5.59,5.67,5.5201,5.63,0.03,+0.54%,186900
IMTX,2025-08-22,5.63,5.7926,5.6,5.69,0.06,+1.07%,302200
IMTX,2025-08-25,5.69,5.69,5.22,5.23,-0.46,-8.08%,828200
IMTX,2025-08-26,5.26,5.405,5.155,5.35,0.12,+2.29%,973700
IMTX,2025-08-27,5.31,5.56,5.26,5.4,0.05,+0.93%,610300
IMTX,2025-08-28,5.52,5.52,5.24,5.28,-0.12,-2.22%,324800
IMTX,2025-08-29,5.25,5.28,5.05,5.09,-0.19,-3.60%,2563500
IMTX,2025-09-02,5.13,5.57,5.05,5.34,0.25,+4.91%,1614700
IMTX,2025-09-03,5.36,5.64,5.36,5.45,0.11,+2.06%,548900
IMTX,2025-09-04,5.37,5.73,5.29,5.72,0.27,+4.95%,756600
IMTX,2025-09-05,5.74,6.27,5.74,6.26,0.54,+9.44%,3222600
IMTX,2025-09-08,6.25,6.25,5.71,5.81,-0.45,-7.19%,574500
IMTX,2025-09-09,5.81,5.83,5.68,5.79,-0.02,-0.34%,295100
IMTX,2025-09-10,5.84,6.01,5.75,5.81,0.02,+0.35%,371100
IMTX,2025-09-11,5.79,6,5.79,5.92,0.11,+1.89%,330200
IMTX,2025-09-12,5.89,6,5.75,5.82,-0.1,-1.69%,699400
IMTX,2025-09-15,5.84,5.91,5.69,5.7,-0.12,-2.06%,932000
IMTX,2025-09-16,5.73,6,5.67,6,0.3,+5.26%,867100
IMTX,2025-09-17,6.06,6.08,5.915,6.03,0.03,+0.50%,535800
IMTX,2025-09-18,6.2,6.76,6.18,6.61,0.58,+9.62%,505100
IMTX,2025-09-19,6.62,6.73,6.48,6.7,0.09,+1.36%,1371700
IMTX,2025-09-22,6.75,6.905,6.545,6.85,0.15,+2.24%,410600
IMTX,2025-09-23,6.94,7.145,6.86,7.12,0.27,+3.94%,521900
IMTX,2025-09-24,7.14,7.42,7.099,7.33,0.21,+2.95%,302700
IMTX,2025-09-25,7.23,7.25,6.9,7.05,-0.28,-3.82%,452500
IMTX,2025-09-26,7.1,7.71,7.1,7.7,0.65,+9.22%,571100
IMTX,2025-09-29,7.82,8.085,7.73,7.91,0.21,+2.73%,1073400
IMTX,2025-09-30,7.88,8.61,7.85,8.52,0.61,+7.71%,1349100
IMTX,2025-10-01,8.58,9.2476,8.52,9,0.48,+5.63%,1374700
IMTX,2025-10-02,9,9.11,8.58,8.73,-0.27,-3.00%,2011700
IMTX,2025-10-03,8.72,9.42,8.59,9.4,0.67,+7.67%,1397600
IMTX,2025-10-06,9.32,9.54,9.18,9.39,-0.01,-0.11%,1121700
IMTX,2025-10-07,9.41,9.47,9.0975,9.41,0.02,+0.21%,1257900
IMTX,2025-10-08,9.4,10.415,9.315,10.37,0.96,+10.20%,2317400
IMTX,2025-10-09,10.38,10.94,10.08,10.9,0.53,+5.11%,2283800
IMTX,2025-10-10,10.95,10.95,10.2,10.36,-0.54,-4.95%,1220000
IMTX,2025-10-13,10.5,10.74,10.06,10.09,-0.27,-2.61%,1155500
IMTX,2025-10-14,9.9,10.4,9.81,10.17,0.08,+0.79%,579900
IMTX,2025-10-15,10.19,10.93,10.19,10.83,0.66,+6.49%,802000
IMTX,2025-10-16,11,11.25,10.09,10.2,-0.63,-5.82%,1124400
IMTX,2025-10-17,9.98,10.15,9.717,9.87,-0.33,-3.24%,650100
IMTX,2025-10-20,10,11,9.91,10.96,1.09,+11.04%,1369800
IMTX,2025-10-21,10.8,11.07,10.5,10.53,-0.43,-3.92%,570800
IMTX,2025-10-22,10.5,10.6,9.98,10.13,-0.4,-3.80%,381800
IMTX,2025-10-23,10.18,10.33,10.08,10.18,0.05,+0.49%,907700
IMTX,2025-10-24,10.29,10.44,10.15,10.18,0,0.00%,280000
IMTX,2025-10-27,10.35,10.87,10.275,10.58,0.4,+3.93%,483600
IMTX,2025-10-28,10.55,10.72,10.25,10.36,-0.22,-2.08%,360600
IMTX,2025-10-29,10.5,10.6699,10.245,10.34,-0.02,-0.19%,565600
IMTX,2025-10-30,10.3,10.6999,10.21,10.42,0.08,+0.77%,593800
IMTX,2025-10-31,10.41,10.63,10.0601,10.19,-0.23,-2.21%,582100
IMTX,2025-11-03,10.02,10.34,9.5,9.68,-0.51,-5.00%,802600
IMTX,2025-11-04,9.46,9.635,9.07,9.25,-0.43,-4.44%,689600
IMTX,2025-11-05,9.26,9.4,8.86,8.94,-0.31,-3.35%,901100
IMTX,2025-11-06,8.94,9.28,8.72,9.23,0.29,+3.24%,442100
IMTX,2025-11-07,9.04,9.08,8.69,9.05,-0.18,-1.95%,355800
IMTX,2025-11-10,9.24,9.35,9.01,9.03,-0.02,-0.22%,494200
IMTX,2025-11-11,8.98,9.36,8.92,9.19,0.16,+1.77%,476300
IMTX,2025-11-12,9.27,10.86,9.23,10.67,1.48,+16.10%,1452500
IMTX,2025-11-13,10.62,10.64,9.87,9.98,-0.69,-6.47%,867300
IMTX,2025-11-14,9.75,10.53,9.71,10.2,0.22,+2.20%,538600
IMTX,2025-11-17,10.28,10.28,9.35,9.47,-0.73,-7.16%,555000
IMTX,2025-11-18,9.41,10.35,9.14,10.32,0.85,+8.98%,732000
IMTX,2025-11-19,10.44,10.65,10.125,10.33,0.01,+0.10%,597700
IMTX,2025-11-20,10.45,10.9,10.08,10.1,-0.23,-2.23%,434100
IMTX,2025-11-21,10.08,10.41,9.8447,10.2,0.1,+0.99%,494900
IMTX,2025-11-24,10.22,10.9,10.04,10.6,0.4,+3.92%,626000
IMTX,2025-11-25,10.56,11,10.45,10.97,0.37,+3.49%,550000
IMTX,2025-11-26,10.98,10.98,10.49,10.61,-0.36,-3.28%,641900
IMTX,2025-11-28,10.62,11,10.33,10.69,0.08,+0.75%,757900
IMTX,2025-12-01,10.49,10.59,10.17,10.26,-0.43,-4.02%,438000
IMTX,2025-12-02,10.24,10.5,9.88,9.89,-0.37,-3.61%,408000
IMTX,2025-12-03,9.89,10.52,9.76,10.34,0.45,+4.55%,258800
IMTX,2025-12-04,10.33,12.41,9.98,11.87,1.53,+14.80%,1016400
IMTX,2025-12-05,10.96,10.96,9.91,10.18,-1.69,-14.24%,1649400
IMTX,2025-12-08,10.18,10.5,9.75,10.28,0.1,+0.98%,637000
IMTX,2025-12-09,10.23,10.4156,9.98,10.08,-0.2,-1.95%,274300
IMTX,2025-12-10,10.12,10.3,9.89,10.06,-0.02,-0.20%,536200
IMTX,2025-12-11,9.89,10.13,9.8601,10.04,-0.02,-0.20%,639300
IMTX,2025-12-12,10.12,10.2197,9.88,10.04,0,0.00%,238400
IMTX,2025-12-15,10.11,10.31,9.85,9.98,-0.06,-0.60%,686800
IMTX,2025-12-16,9.89,10.23,9.89,10.09,0.11,+1.10%,452300
IMTX,2025-12-17,10.08,10.24,9.87,9.92,-0.17,-1.68%,700800
IMTX,2025-12-18,9.99,10.19,9.52,9.57,-0.35,-3.53%,444800
IMTX,2025-12-19,9.57,10.36,9.57,10.27,0.7,+7.31%,1019700
IMTX,2025-12-22,10.28,10.53,10.05,10.35,0.08,+0.78%,451500
IMTX,2025-12-23,10.25,10.33,9.96,10.22,-0.13,-1.26%,361500
IMTX,2025-12-24,10.22,10.5,10.215,10.37,0.15,+1.47%,150900
IMTX,2025-12-26,10.32,10.47,10.2,10.22,-0.15,-1.45%,162000
IMTX,2025-12-29,10.14,10.21,9.89,10.13,-0.09,-0.88%,183800
IMTX,2025-12-30,10.11,10.175,9.9,10.07,-0.06,-0.59%,238800
IMTX,2025-12-31,10.09,10.52,10.005,10.5,0.43,+4.27%,510800
IMTX,2026-01-02,10.51,10.9,10.36,10.45,-0.05,-0.48%,810300
IMTX,2026-01-05,10.45,10.566,9.13,9.75,-0.7,-6.70%,603000
IMTX,2026-01-06,9.75,9.93,9.56,9.6,-0.15,-1.54%,286200
IMTX,2026-01-07,9.69,10.19,9.57,9.84,0.24,+2.50%,517800
IMTX,2026-01-08,9.8,9.8,9.21,9.32,-0.52,-5.28%,412900
IMTX,2026-01-09,9.41,9.5,9.12,9.17,-0.15,-1.61%,412400
IMTX,2026-01-12,9.14,9.356,8.905,9.16,-0.01,-0.11%,346300
IMTX,2026-01-13,9.21,9.45,9.05,9.38,0.22,+2.40%,300400
IMTX,2026-01-14,9.4,9.94,9.34,9.83,0.45,+4.80%,377400
IMTX,2026-01-15,9.89,10.205,9.83,9.92,0.09,+0.92%,311500
IMTX,2026-01-16,9.94,10.14,9.56,9.83,-0.09,-0.91%,454200
IMTX,2026-01-20,9.64,10.14,9.55,9.87,0.04,+0.41%,284500
IMTX,2026-01-21,9.86,10.12,9.72,9.98,0.11,+1.11%,267000
IMTX,2026-01-22,10.06,10.355,9.99,10.15,0.17,+1.70%,372800
IMTX,2026-01-23,10.1,10.14,9.76,9.91,-0.24,-2.36%,285000
IMTX,2026-01-26,9.83,9.87,9.37,9.73,-0.18,-1.82%,276600
IMTX,2026-01-27,9.71,10.07,9.68,9.99,0.26,+2.67%,206100
IMTX,2026-01-28,10.02,10.1,9.58,9.7,-0.29,-2.90%,249400
IMTX,2026-01-29,9.68,9.815,9.32,9.38,-0.32,-3.30%,371700
IMTX,2026-01-30,9.55,9.83,9.44,9.55,0.17,+1.81%,571400
IMTX,2026-02-02,9.46,10.1,9.38,9.99,0.44,+4.61%,434500
IMTX,2026-02-03,10.06,10.55,9.7,9.95,-0.04,-0.40%,368100
IMTX,2026-02-04,10,10,9.15,9.34,-0.61,-6.13%,211300
IMTX,2026-02-05,9.29,9.5,8.55,8.57,-0.77,-8.24%,426200
IMTX,2026-02-06,8.86,9.75,8.71,9.63,1.06,+12.37%,485100
IMTX,2026-02-09,9.64,10.355,9.425,10.3,0.67,+6.96%,561000
IMTX,2026-02-10,10.33,10.49,9.86,9.93,-0.37,-3.59%,904000
IMTX,2026-02-11,10.16,10.29,9.65,10.25,0.32,+3.22%,337300
IMTX,2026-02-12,10.31,10.42,9.63,9.9,-0.35,-3.41%,222900
IMTX,2026-02-13,9.97,10.25,9.78,9.84,-0.06,-0.61%,182600
IMTX,2026-02-17,9.75,9.96,9.67,9.93,0.09,+0.91%,279800
IMTX,2026-02-18,9.88,10.24,9.8,9.95,0.02,+0.20%,511300
IMTX,2026-02-19,10.05,10.325,9.75,10.3,0.35,+3.52%,332000
IMTX,2026-02-20,10.09,10.41,9.71,10.06,-0.24,-2.33%,395600
IMTX,2026-02-23,10.05,10.27,9.66,9.9,-0.16,-1.59%,276800
IMTX,2026-02-24,9.97,10.5,9.925,10.23,0.33,+3.33%,506000
IMTX,2026-02-25,10.29,10.5,10.05,10.29,0.06,+0.59%,266000
IMTX,2026-02-26,10.21,10.21,9.78,10.13,-0.16,-1.55%,396200
IMTX,2026-02-27,10.01,10.44,9.995,10.34,0.21,+2.07%,390100
IMTX,2026-03-02,10.09,10.46,9.94,9.99,-0.35,-3.38%,539000
IMTX,2026-03-03,9.68,10.2175,9.39,9.84,-0.15,-1.50%,332000
IMTX,2026-03-04,9.95,10.31,9.56,10.18,0.34,+3.46%,414900
IMTX,2026-03-05,10.35,10.35,9.98,10.15,-0.03,-0.29%,237200
IMTX,2026-03-06,9.96,10.22,9.74,9.86,-0.29,-2.86%,223900
IMTX,2026-03-09,9.7,10.255,9.7,10,0.14,+1.42%,493700
IMTX,2026-03-10,9.53,10.625,9.53,10.5,0.5,+5.00%,918200
IMTX,2026-03-11,10.4,10.6,9.96,10.03,-0.47,-4.48%,4275600
IMTX,2026-03-12,9.84,10.08,9.22,9.41,-0.62,-6.18%,384900
IMTX,2026-03-13,9.52,9.83,9.13,9.24,-0.17,-1.81%,259400
IMTX,2026-03-16,9.44,10.29,9.385,9.81,0.57,+6.17%,813100
IMTX,2026-03-17,9.77,9.9806,9.63,9.83,0.02,+0.20%,170500
IMTX,2026-03-18,9.83,9.98,9.51,9.68,-0.15,-1.53%,275200
IMTX,2026-03-19,9.36,9.76,9.36,9.71,0.03,+0.31%,584200
IMTX,2026-03-20,9.75,9.85,9.33,9.43,-0.28,-2.88%,224300
IMTX,2026-03-23,9.61,9.69,9.2,9.51,0.08,+0.85%,438200
IMTX,2026-03-24,9.44,9.52,9.13,9.2,-0.31,-3.26%,981200
IMTX,2026-03-25,9.34,10,9.34,9.74,0.54,+5.87%,807600
IMTX,2026-03-26,9.61,10.025,9.61,9.77,0.03,+0.31%,335600
IMTX,2026-03-27,9.69,9.82,9.3,9.37,-0.4,-4.09%,313100
IMTX,2026-03-30,9.41,9.485,9.24,9.3,-0.07,-0.75%,186900
IMTX,2026-03-31,9.58,9.94,9.57,9.84,0.54,+5.81%,190000
IMTX,2026-04-01,9.96,10.43,9.66,10.01,0.17,+1.73%,303300
IMTX,2026-04-02,9.78,10.655,9.78,10.35,0.34,+3.40%,440000
IMTX,2026-04-06,10.42,10.64,10.21,10.31,-0.04,-0.39%,368500
IMTX,2026-04-07,10.21,10.36,9.92,10.25,-0.06,-0.58%,294300
IMTX,2026-04-08,10.7,10.82,10.22,10.53,0.28,+2.73%,406600
IMTX,2026-04-09,10.45,10.8,10.45,10.66,0.13,+1.23%,356700
IMTX,2026-04-10,10.73,10.73,10.35,10.43,-0.23,-2.16%,203500
IMTX,2026-04-13,10.43,10.9,10.42,10.87,0.44,+4.22%,311800
IMTX,2026-04-14,10.87,11.0999,10.74,10.95,0.08,+0.74%,247500
IMTX,2026-04-15,10.89,11.1,10.81,11,0.05,+0.46%,322100
IMTX,2026-04-16,10.92,10.97,10.575,10.87,-0.13,-1.18%,160800
IMTX,2026-04-17,11.1,11.3,11.0004,11.17,0.3,+2.76%,358200
IMTX,2026-04-20,11.09,11.29,10.8,11.25,0.08,+0.72%,288900
IMTX,2026-04-21,11.25,11.285,10.965,11.18,-0.07,-0.62%,282200
IMTX,2026-04-22,11.3,11.3,11.11,11.26,0.08,+0.72%,180600
IMTX,2026-04-23,11.27,11.3,10.97,11.15,-0.11,-0.98%,364900
IMTX,2026-04-24,11.15,11.44,10.88,11.35,0.2,+1.79%,246600
"Downloaded from Barchart.com as of 04-25-2026 08:09am CDT"
